accident_id,datetime,annee,mois,jour,heure,minute,departement,commune_insee,adresse,latitude,longitude,luminosite,agglomeration,intersection,meteo,collision,nb_vehicules,nb_usagers,nb_indemnes,nb_tues,nb_blesses_hosp,nb_blesses_legers,age_cond_1,age_cond_2,veh_type_cond_1,veh_type_cond_2,lum_code,agg_code,int_code,atm_code,col_code
201600000270,0016-10-08 19:30:00,16,10,8,19,30,620,318,Avenue de Rombly,50.51914,1.65263,Nuit avec éclairage allumé,En agglomération,Hors intersection,Normale,Deux véhicules - côté,,,,,,,,,,,5,2,1,1,3.0
201600000271,0016-10-31 14:30:00,16,10,31,14,30,620,318,76 bd de l imperatrice,50.51284,1.63617,Plein jour,En agglomération,Hors intersection,Normale,Autre collision,,,,,,,,,,,1,2,1,1,6.0
201600000272,0016-01-31 16:45:00,16,1,31,16,45,620,661,,50.38209,1.9864,Plein jour,En agglomération,Hors intersection,Pluie légère,Deux véhicules - frontale,,,,,,,,,,,1,2,1,2,1.0
201600000273,0016-05-29 14:00:00,16,5,29,14,0,620,552,rue de widance,50.40231,1.95488,Plein jour,En agglomération,Hors intersection,Normale,Autre collision,,,,,,,,,,,1,2,1,1,6.0
201600000274,0016-02-01 14:30:00,16,2,1,14,30,620,14,,50.63854,2.3724,Plein jour,Hors agglomération,Hors intersection,Vent fort / tempête,Deux véhicules - frontale,,,,,,,,,,,1,1,1,6,1.0
201600000275,0016-03-04 08:45:00,16,3,4,8,45,620,721,1753 rue de Warnes,50.66079,2.35111,Plein jour,En agglomération,Hors intersection,Normale,Autre collision,,,,,,,,,,,1,2,1,1,6.0
201600000276,0016-04-26 20:30:00,16,4,26,20,30,620,543,,50.63352,2.33458,Plein jour,Hors agglomération,Hors intersection,Normale,Autre collision,,,,,,,,,,,1,1,1,1,6.0
201600000277,0016-05-29 17:15:00,16,5,29,17,15,620,14,rue de l'industrie,50.63946,2.41387,Plein jour,En agglomération,Hors intersection,Normale,Deux véhicules - arrière,,,,,,,,,,,1,2,1,1,2.0
201600000278,0016-05-27 18:00:00,16,5,27,18,0,620,14,12 rue principale,50.64055,2.37936,Plein jour,En agglomération,Hors intersection,Normale,Deux véhicules - arrière,,,,,,,,,,,1,2,1,1,2.0
201600000279,0016-10-31 06:00:00,16,10,31,6,0,620,684,CD943,50.69175,2.36163,Nuit avec éclairage allumé,En agglomération,Hors intersection,Brouillard / fumée,Autre collision,,,,,,,,,,,5,2,1,5,6.0
201600000280,0016-12-13 17:30:00,16,12,13,17,30,620,288,,50.67508,2.26861,Nuit sans éclairage public,Hors agglomération,Hors intersection,Normale,Deux véhicules - frontale,,,,,,,,,,,3,1,1,1,1.0
201600000281,0016-12-15 18:45:00,16,12,15,18,45,620,14,boulevard clémenceau,50.64271,2.39789,Nuit avec éclairage allumé,En agglomération,Hors intersection,Normale,Autre collision,,,,,,,,,,,5,2,1,1,6.0
201600000282,0016-07-18 15:15:00,16,7,18,15,15,620,55,rue de licques,50.78184,1.9887,Plein jour,En agglomération,Hors intersection,Normale,Autre collision,,,,,,,,,,,1,2,1,1,6.0
201600000283,0016-01-14 11:00:00,16,1,14,11,0,620,645,avenue Paul MACHY,50.98005,2.05705,Plein jour,En agglomération,Intersection en X,Normale,Deux véhicules - côté,,,,,,,,,,,1,2,2,1,3.0
201600000284,0016-02-13 15:30:00,16,2,13,15,30,620,57,595 rue georges mauffait,50.87464,2.08359,Plein jour,En agglomération,Hors intersection,Pluie légère,Autre collision,,,,,,,,,,,1,2,1,2,6.0
201600000285,0016-02-23 10:00:00,16,2,23,10,0,620,756,,50.9045,2.13449,Plein jour,Hors agglomération,Intersection en X,Normale,Deux véhicules - côté,,,,,,,,,,,1,1,2,1,3.0
201600000286,0016-11-03 10:30:00,16,11,3,10,30,620,598,rue du communal,50.84352,2.11443,Plein jour,En agglomération,Hors intersection,Normale,Deux véhicules - arrière,,,,,,,,,,,1,2,1,1,2.0
201600000287,0016-11-16 13:30:00,16,11,16,13,30,620,614,,50.83753,2.01821,Plein jour,Hors agglomération,Hors intersection,Normale,Deux véhicules - côté,,,,,,,,,,,1,1,1,1,3.0
201600000288,0016-12-27 18:30:00,16,12,27,18,30,620,393,480 avenue des jonquille,50.91155,1.99296,Nuit sans éclairage public,En agglomération,Hors intersection,Temps couvert,Deux véhicules - frontale,,,,,,,,,,,3,2,1,8,1.0
201600000289,0016-05-16 06:00:00,16,5,16,6,0,620,304,rue basse boulogne,50.58827,2.24959,Crépuscule ou aube,En agglomération,Hors intersection,Normale,Autre collision,,,,,,,,,,,2,2,1,1,6.0
201600000290,0016-09-11 09:30:00,16,9,11,9,30,620,569,,50.64576,2.11773,Plein jour,Hors agglomération,Hors intersection,Normale,Autre collision,,,,,,,,,,,1,1,1,1,6.0
201600000291,0016-07-10 17:15:00,16,7,10,17,15,620,803,,50.72698,1.91392,Plein jour,Hors agglomération,Hors intersection,Normale,Trois véhicules et plus - collisions multiples,,,,,,,,,,,1,1,1,1,5.0
201600000292,0016-01-10 14:15:00,16,1,10,14,15,620,767,4 reu de sains à FIEFS,,,Plein jour,En agglomération,Hors intersection,Autre,Autre collision,,,,,,,,,,,1,2,1,9,6.0
201600000293,0016-03-19 12:15:00,16,3,19,12,15,620,767,rue de la calandre,50.38339,2.3335,Plein jour,En agglomération,Hors intersection,Normale,Deux véhicules - côté,,,,,,,,,,,1,2,1,1,3.0
201600000294,0016-04-04 01:45:00,16,4,4,1,45,620,451,36 rue d'Aire,50.47815,2.27237,Nuit sans éclairage public,En agglomération,Hors intersection,Pluie forte,Autre collision,,,,,,,,,,,3,2,1,3,6.0
201600000295,0016-04-13 16:45:00,16,4,13,16,45,620,367,,50.38327,2.32433,Plein jour,Hors agglomération,Hors intersection,Normale,Deux véhicules - arrière,,,,,,,,,,,1,1,1,1,2.0
201600000296,0016-04-16 02:00:00,16,4,16,2,0,620,767,Place Ml LECLERC CD941,50.38117,2.33574,Nuit avec éclairage allumé,En agglomération,Hors intersection,Normale,Deux véhicules - frontale,,,,,,,,,,,5,2,1,1,1.0
201600000297,0016-04-15 21:15:00,16,4,15,21,15,620,333,,50.5045,2.31179,Nuit sans éclairage public,Hors agglomération,Hors intersection,Pluie légère,Deux véhicules - frontale,,,,,,,,,,,3,1,1,2,1.0
201600000298,0016-04-17 11:15:00,16,4,17,11,15,620,269,,50.42827,2.43873,Plein jour,Hors agglomération,Hors intersection,Normale,Deux véhicules - côté,,,,,,,,,,,1,1,1,1,3.0
201600000299,0016-06-06 17:00:00,16,6,6,17,0,620,767,place louis lebel,50.38178,2.33586,Plein jour,En agglomération,Hors intersection,Normale,Autre collision,,,,,,,,,,,1,2,1,1,6.0
201600000300,0016-07-08 12:30:00,16,7,8,12,30,620,138,D 104 PR 25 + 400,50.43041,2.17241,Plein jour,En agglomération,Hors intersection,Normale,Deux véhicules - côté,,,,,,,,,,,1,2,1,1,3.0
201600000301,0016-07-29 13:00:00,16,7,29,13,0,620,717,RD8,50.36494,2.38799,Plein jour,En agglomération,Hors intersection,Normale,Deux véhicules - frontale,,,,,,,,,,,1,2,1,1,1.0
201600000302,0016-09-10 10:45:00,16,9,10,10,45,620,835,,50.43903,2.37041,Plein jour,Hors agglomération,Hors intersection,Normale,Autre collision,,,,,,,,,,,1,1,1,1,6.0
201600000303,0016-09-13 20:00:00,16,9,13,20,0,620,450,,50.4379,2.31791,Crépuscule ou aube,Hors agglomération,Hors intersection,Normale,Deux véhicules - frontale,,,,,,,,,,,2,1,1,1,1.0
201600000304,0016-09-14 18:30:00,16,9,14,18,30,620,519,88 rue de Laires,50.51755,2.22933,Plein jour,En agglomération,Intersection en T,Normale,Deux véhicules - frontale,,,,,,,,,,,1,2,3,1,1.0
201600000305,0016-09-18 16:00:00,16,9,18,16,0,620,514,,50.738,2.615,Plein jour,Hors agglomération,Hors intersection,Pluie légère,Trois véhicules et plus - collisions multiples,,,,,,,,,,,1,1,1,2,5.0
201600000306,0016-09-29 21:45:00,16,9,29,21,45,620,686,,50.37609,2.30046,Nuit sans éclairage public,Hors agglomération,Hors intersection,Pluie légère,Autre collision,,,,,,,,,,,3,1,1,2,6.0
201600000307,0016-11-01 18:15:00,16,11,1,18,15,620,260,,50.38686,2.24794,Crépuscule ou aube,Hors agglomération,Hors intersection,Normale,Deux véhicules - côté,,,,,,,,,,,2,1,1,1,3.0
201600000308,0016-11-04 13:00:00,16,11,4,13,0,620,767,,50.37949,2.34032,Plein jour,Hors agglomération,Hors intersection,Normale,Deux véhicules - côté,,,,,,,,,,,1,1,1,1,3.0
201600000309,0016-12-12 12:00:00,16,12,12,12,0,620,835,,50.423,2.386,Plein jour,Hors agglomération,Hors intersection,Normale,Deux véhicules - côté,,,,,,,,,,,1,1,1,1,3.0
201600000310,0016-12-24 09:00:00,16,12,24,9,0,620,835,,50.44347,2.37785,Plein jour,Hors agglomération,Hors intersection,Normale,Sans collision,,,,,,,,,,,1,1,1,1,7.0
201600000311,0016-02-27 16:15:00,16,2,27,16,15,620,385,,50.25907,2.4907,Plein jour,Hors agglomération,Hors intersection,Normale,Sans collision,,,,,,,,,,,1,1,1,1,7.0
201600000312,0016-02-29 07:00:00,16,2,29,7,0,620,316,,50.27036,2.40308,Plein jour,Hors agglomération,Hors intersection,Autre,Autre collision,,,,,,,,,,,1,1,1,9,6.0
201600000313,0016-07-10 19:00:00,16,7,10,19,0,620,785,,50.36528,2.55533,Plein jour,Hors agglomération,Hors intersection,Normale,Autre collision,,,,,,,,,,,1,1,1,1,6.0
201600000314,0016-07-31 08:45:00,16,7,31,8,45,620,198,,50.38909,2.62265,Plein jour,Hors agglomération,Intersection en X,Normale,Deux véhicules - frontale,,,,,,,,,,,1,1,2,1,1.0
201600000315,0016-09-05 07:15:00,16,9,5,7,15,620,802,,50.2298,2.36257,Plein jour,Hors agglomération,Hors intersection,Pluie légère,Sans collision,,,,,,,,,,,1,1,1,2,7.0
201600000316,0016-11-14 06:30:00,16,11,14,6,30,620,536,,50.43199,2.50779,Nuit sans éclairage public,Hors agglomération,Hors intersection,Brouillard / fumée,Autre collision,,,,,,,,,,,3,1,1,5,6.0
201600000317,0016-11-28 09:15:00,16,11,28,9,15,620,61,,50.35155,2.45045,Plein jour,Hors agglomération,Hors intersection,Normale,Deux véhicules - frontale,,,,,,,,,,,1,1,1,1,1.0
201600000318,0016-12-02 19:30:00,16,12,2,19,30,620,784,rue de faune,50.20516,2.53364,Nuit avec éclairage allumé,En agglomération,Hors intersection,Temps couvert,Deux véhicules - côté,,,,,,,,,,,5,2,1,8,3.0
201600000319,0016-12-29 00:45:00,16,12,29,0,45,620,630,,50.28724,2.53958,Nuit sans éclairage public,Hors agglomération,Hors intersection,Brouillard / fumée,Autre collision,,,,,,,,,,,3,1,1,5,6.0
201600000320,0016-04-16 14:45:00,16,4,16,14,45,620,415,,50.33273,2.63768,Plein jour,Hors agglomération,Hors intersection,Normale,Autre collision,,,,,,,,,,,1,1,1,1,6.0
201600000321,0016-07-10 18:00:00,16,7,10,18,0,620,45,,50.34508,2.58257,Plein jour,Hors agglomération,Hors intersection,Normale,Autre collision,,,,,,,,,,,1,1,1,1,6.0
201600000322,0016-07-09 14:30:00,16,7,9,14,30,620,695,rue principale,50.26369,2.36958,Plein jour,En agglomération,Hors intersection,Normale,Autre collision,,,,,,,,,,,1,2,1,1,6.0
201600000323,0016-09-27 17:00:00,16,9,27,17,0,800,732,"95, Rte du TREPORT",49.89177,1.71651,Plein jour,En agglomération,Hors intersection,Normale,Deux véhicules - côté,,,,,,,,,,,1,2,1,1,3.0
201600000324,0016-09-29 14:15:00,16,9,29,14,15,800,554,23 ter GENERAL LECLERC,49.88409,2.01978,Plein jour,En agglomération,Hors intersection,Normale,Autre collision,,,,,,,,,,,1,2,1,1,6.0
201600000325,0016-05-13 18:00:00,16,5,13,18,0,800,798,RD 113,50.00521,2.3371,Plein jour,Hors agglomération,Hors intersection,Normale,Autre collision,,,,,,,,,,,1,1,1,1,6.0
201600000326,0016-08-31 16:30:00,16,8,31,16,30,800,385,RD 40,50.12513,1.80144,Plein jour,Hors agglomération,Hors intersection,Normale,Deux véhicules - frontale,,,,,,,,,,,1,1,1,1,1.0
201600000327,0016-02-23 21:30:00,16,2,23,21,30,800,110,RD 940,50.17462,1.68118,Nuit sans éclairage public,Hors agglomération,Hors intersection,Brouillard / fumée,Autre collision,,,,,,,,,,,3,1,1,5,6.0
201600000328,0016-04-12 16:30:00,16,4,12,16,30,800,618,RD 940,50.17968,1.58727,Plein jour,Hors agglomération,Hors intersection,Normale,Deux véhicules - frontale,,,,,,,,,,,1,1,1,1,1.0
201600000329,0016-06-25 15:00:00,16,6,25,15,0,800,287,VC N°6,50.15432,1.60979,Plein jour,En agglomération,Intersection en X,Normale,Deux véhicules - côté,,,,,,,,,,,1,2,2,1,3.0
201600000330,0016-08-02 12:30:00,16,8,2,12,30,800,721,VC (rue des canadiens),50.17586,1.62009,Plein jour,Hors agglomération,Passage à niveau,Pluie légère,Deux véhicules - côté,,,,,,,,,,,1,1,8,2,3.0
201600000331,0016-10-29 09:15:00,16,10,29,9,15,800,110,CH DE HALAGE,50.1722,1.65806,Plein jour,Hors agglomération,Hors intersection,Temps couvert,Deux véhicules - frontale,,,,,,,,,,,1,1,1,8,1.0
201600000332,0016-08-27 14:00:00,16,8,27,14,0,800,776,CARR RD47/VC306,50.05199,2.53259,Plein jour,En agglomération,Hors intersection,Normale,Deux véhicules - côté,,,,,,,,,,,1,2,1,1,3.0
201600000333,0016-07-03 23:00:00,16,7,3,23,0,800,711,RUE DU GENERAL LECLERC,50.0416,2.11683,Nuit avec éclairage allumé,En agglomération,Hors intersection,Normale,Autre collision,,,,,,,,,,,5,2,1,1,6.0
201600000334,0016-01-08 09:00:00,16,1,8,9,0,800,523,Route de bray,49.98335,2.67334,Plein jour,En agglomération,Hors intersection,Normale,Autre collision,,,,,,,,,,,1,2,1,1,6.0
201600000335,0016-01-14 08:15:00,16,1,14,8,15,800,523,Rte de BRAY-SUR-SOMME,49.98436,2.67231,Nuit avec éclairage allumé,En agglomération,Hors intersection,Pluie forte,Autre collision,,,,,,,,,,,5,2,1,3,6.0
201600000336,0016-01-22 18:15:00,16,1,22,18,15,800,16,120 AV GENERAL FAIDHERBE,50.00676,2.66285,Nuit avec éclairage allumé,En agglomération,Hors intersection,Pluie légère,Deux véhicules - côté,,,,,,,,,,,5,2,1,2,3.0
201600000337,0016-02-26 19:45:00,16,2,26,19,45,800,16,"55, Av Général Leclerc",50.00097,2.64145,Nuit avec éclairage allumé,En agglomération,Hors intersection,Normale,Sans collision,,,,,,,,,,,5,2,1,1,7.0
201600000338,0016-03-16 17:15:00,16,3,16,17,15,800,16,RUE Aristide BRIAND,50.00333,2.63998,Plein jour,En agglomération,Hors intersection,Normale,Deux véhicules - côté,,,,,,,,,,,1,2,1,1,3.0
201600000339,0016-04-19 12:30:00,16,4,19,12,30,800,540,RD 50,50.04205,2.65794,Plein jour,Hors agglomération,Hors intersection,Normale,Autre collision,,,,,,,,,,,1,1,1,1,6.0
201600000340,0016-05-11 12:00:00,16,5,11,12,0,800,16,av du général faidherbe,50.00603,2.66139,Plein jour,En agglomération,Hors intersection,Normale,Deux véhicules - côté,,,,,,,,,,,1,2,1,1,3.0
201600000341,0016-05-24 14:15:00,16,5,24,14,15,800,16,85 AV DE LA REPUBLIQUE,50.0043,2.65699,Plein jour,En agglomération,Hors intersection,Normale,Autre collision,,,,,,,,,,,1,2,1,1,6.0
201600000342,0016-05-25 23:00:00,16,5,25,23,0,800,523,route de bray,49.99323,2.65726,Nuit avec éclairage allumé,En agglomération,Giratoire,Normale,Deux véhicules - côté,,,,,,,,,,,5,2,6,1,3.0
201600000343,0016-06-10 19:00:00,16,6,10,19,0,800,384,D151,50.06687,2.69867,Crépuscule ou aube,Hors agglomération,Hors intersection,Normale,Autre collision,,,,,,,,,,,2,1,1,1,6.0
201600000344,0016-08-28 11:45:00,16,8,28,11,45,800,47,RD 151,50.03458,2.66614,Plein jour,Hors agglomération,Hors intersection,Normale,Deux véhicules - côté,,,,,,,,,,,1,1,1,1,3.0
201600000345,0016-10-14 17:45:00,16,10,14,17,45,800,366,route de Pozières,50.01007,2.71405,Plein jour,Hors agglomération,Hors intersection,Pluie légère,Sans collision,,,,,,,,,,,1,1,1,2,7.0
201600000346,0016-12-31 20:30:00,16,12,31,20,30,800,547,D91,49.99964,2.59458,Nuit sans éclairage public,Hors agglomération,Hors intersection,Brouillard / fumée,Autre collision,,,,,,,,,,,3,1,1,5,6.0
201600000347,0016-02-13 05:30:00,16,2,13,5,30,20,80,,,,Nuit sans éclairage public,Hors agglomération,Hors intersection,Normale,Autre collision,,,,,,,,,,,3,1,1,1,6.0
201600000348,0016-02-19 16:45:00,16,2,19,16,45,20,128,rue Fontaine minérale,49.52477,3.66483,Plein jour,En agglomération,Hors intersection,Normale,Deux véhicules - arrière,,,,,,,,,,,1,2,1,1,2.0
201600000349,0016-03-08 04:45:00,16,3,8,4,45,20,468,,,,Nuit sans éclairage public,Hors agglomération,Intersection en T,Pluie légère,Deux véhicules - côté,,,,,,,,,,,3,1,3,2,3.0
201600000350,0016-07-15 13:15:00,16,7,15,13,15,20,128,,,,Plein jour,Hors agglomération,Hors intersection,Normale,Deux véhicules - frontale,,,,,,,,,,,1,1,1,1,1.0
201600000351,0016-09-06 10:45:00,16,9,6,10,45,20,238,,,,Plein jour,Hors agglomération,Hors intersection,Pluie légère,Deux véhicules - frontale,,,,,,,,,,,1,1,1,2,1.0
201600000352,0016-10-23 20:45:00,16,10,23,20,45,20,787,,,,Nuit sans éclairage public,Hors agglomération,Intersection en X,Pluie forte,Trois véhicules et plus - collisions multiples,,,,,,,,,,,3,1,2,3,5.0
201600000353,0016-10-30 17:45:00,16,10,30,17,45,20,827,,,,Crépuscule ou aube,Hors agglomération,Intersection en X,Normale,Deux véhicules - côté,,,,,,,,,,,2,1,2,1,3.0
201600000354,0016-02-05 07:30:00,16,2,5,7,30,20,173,RD 338,,,Crépuscule ou aube,En agglomération,Intersection en X,Pluie légère,Deux véhicules - côté,,,,,,,,,,,2,2,2,2,3.0
201600000355,0016-10-09 15:45:00,16,10,9,15,45,20,262,,,,Plein jour,Hors agglomération,Hors intersection,Normale,Autre collision,,,,,,,,,,,1,1,1,1,6.0
201600000356,0016-12-10 21:00:00,16,12,10,21,0,20,788,"D35 - ""Les étangs""",,,Nuit sans éclairage public,Hors agglomération,Hors intersection,Temps couvert,Autre collision,,,,,,,,,,,3,1,1,8,6.0
201600000357,0016-12-28 14:30:00,16,12,28,14,30,20,56,rue du village,,,Plein jour,En agglomération,Hors intersection,Normale,Autre collision,,,,,,,,,,,1,2,1,1,6.0
201600000358,0016-12-27 11:45:00,16,12,27,11,45,20,820,25 rue victor hugo,,,Plein jour,En agglomération,Hors intersection,Normale,Autre collision,,,,,,,,,,,1,2,1,1,6.0
201600000359,0016-07-01 18:15:00,16,7,1,18,15,20,582,,,,Plein jour,Hors agglomération,Intersection en X,Normale,Deux véhicules - côté,,,,,,,,,,,1,1,2,1,3.0
201600000360,0016-10-08 14:15:00,16,10,8,14,15,20,531,,,,Plein jour,Hors agglomération,Hors intersection,Normale,Deux véhicules - côté,,,,,,,,,,,1,1,1,1,3.0
201600000361,0016-11-23 09:30:00,16,11,23,9,30,20,453,,,,Plein jour,En agglomération,Intersection en X,Normale,Deux véhicules - côté,,,,,,,,,,,1,2,2,1,3.0
201600000362,0016-02-15 12:45:00,16,2,15,12,45,20,111,,49.51246,3.43,Plein jour,Hors agglomération,Hors intersection,Normale,Deux véhicules - frontale,,,,,,,,,,,1,1,1,1,1.0
201600000363,0016-02-19 18:45:00,16,2,19,18,45,20,602,Rue du 7° BCA,49.4893,3.44609,Nuit avec éclairage allumé,En agglomération,Hors intersection,Normale,Autre collision,,,,,,,,,,,5,2,1,1,6.0
201600000364,0016-02-26 06:45:00,16,2,26,6,45,20,159,,,,Nuit sans éclairage public,Hors agglomération,Hors intersection,Normale,Autre collision,,,,,,,,,,,3,1,1,1,6.0
201600000365,0016-12-04 20:45:00,16,12,4,20,45,20,309,,,,Nuit sans éclairage public,Hors agglomération,Hors intersection,Normale,Deux véhicules - frontale,,,,,,,,,,,3,1,1,1,1.0
201600000366,0016-01-03 01:00:00,16,1,3,1,0,20,290,,,,Nuit sans éclairage public,Hors agglomération,Hors intersection,Pluie forte,Deux véhicules - côté,,,,,,,,,,,3,1,1,3,3.0
201600000367,0016-02-27 12:15:00,16,2,27,12,15,20,280,,,,Plein jour,Hors agglomération,Hors intersection,Normale,Deux véhicules - frontale,,,,,,,,,,,1,1,1,1,1.0
201600000368,0016-04-26 08:45:00,16,4,26,8,45,20,290,,,,Plein jour,Hors agglomération,Hors intersection,Normale,Deux véhicules - frontale,,,,,,,,,,,1,1,1,1,1.0
201600000369,0016-06-25 19:45:00,16,6,25,19,45,20,290,,,,Plein jour,Hors agglomération,Hors intersection,Normale,Trois véhicules et plus - collisions multiples,,,,,,,,,,,1,1,1,1,5.0
201600000370,0016-07-18 12:00:00,16,7,18,12,0,20,209,,,,Plein jour,Hors agglomération,Intersection en T,Normale,Deux véhicules - côté,,,,,,,,,,,1,1,3,1,3.0
201600000371,0016-11-03 19:15:00,16,11,3,19,15,20,458,,,,Nuit avec éclairage non allumé,Hors agglomération,Hors intersection,Temps couvert,Deux véhicules - frontale,,,,,,,,,,,4,1,1,8,1.0
201600000372,0016-11-11 18:15:00,16,11,11,18,15,20,554,,,,Nuit sans éclairage public,Hors agglomération,Hors intersection,Pluie légère,Deux véhicules - frontale,,,,,,,,,,,3,1,1,2,1.0
201600000373,0016-11-16 13:30:00,16,11,16,13,30,20,213,,,,Plein jour,Hors agglomération,Hors intersection,Normale,Deux véhicules - frontale,,,,,,,,,,,1,1,1,1,1.0
201600000374,0016-07-25 00:45:00,16,7,25,0,45,20,505,,,,Nuit sans éclairage public,Hors agglomération,Hors intersection,Normale,Autre collision,,,,,,,,,,,3,1,1,1,6.0
201600000375,0016-10-03 15:00:00,16,10,3,15,0,20,186,,,,Plein jour,Hors agglomération,Hors intersection,Normale,Sans collision,,,,,,,,,,,1,1,1,1,7.0
201600000376,0016-10-08 08:00:00,16,10,8,8,0,20,221,,,,Plein jour,Hors agglomération,Hors intersection,Normale,Autre collision,,,,,,,,,,,1,1,1,1,6.0
201600000377,0016-01-28 19:30:00,16,1,28,19,30,20,744,,,,Nuit sans éclairage public,Hors agglomération,Intersection en X,Normale,Deux véhicules - côté,,,,,,,,,,,3,1,2,1,3.0
201600000378,0016-05-15 11:45:00,16,5,15,11,45,20,449,,,,Plein jour,En agglomération,Intersection en T,Normale,Deux véhicules - frontale,,,,,,,,,,,1,2,3,1,1.0
201600000379,0016-06-12 00:01:00,16,6,12,0,1,20,543,,,,Nuit avec éclairage non allumé,Hors agglomération,Hors intersection,Normale,Autre collision,,,,,,,,,,,4,1,1,1,6.0
201600000380,0016-06-15 22:45:00,16,6,15,22,45,20,585,,,,Nuit sans éclairage public,Hors agglomération,Hors intersection,Pluie légère,Sans collision,,,,,,,,,,,3,1,1,2,7.0
201600000381,0016-11-17 18:30:00,16,11,17,18,30,20,305,rue jules lefebvre,49.19971,3.51393,Plein jour,En agglomération,Intersection en T,Normale,Autre collision,,,,,,,,,,,1,2,3,1,6.0
201600000382,0016-03-11 04:15:00,16,3,11,4,15,20,303,,,,Nuit sans éclairage public,Hors agglomération,Intersection en T,Normale,Deux véhicules - côté,,,,,,,,,,,3,1,3,1,3.0
201600000383,0016-04-20 07:30:00,16,4,20,7,30,20,397,,,,Crépuscule ou aube,Hors agglomération,Passage à niveau,Temps éblouissant,Deux véhicules - côté,,,,,,,,,,,2,1,8,7,3.0
201600000384,0016-04-21 17:30:00,16,4,21,17,30,20,359,,,,Plein jour,Hors agglomération,Hors intersection,Normale,Deux véhicules - côté,,,,,,,,,,,1,1,1,1,3.0
201600000385,0016-07-03 11:15:00,16,7,3,11,15,20,614,,,,Plein jour,Hors agglomération,Hors intersection,Normale,Sans collision,,,,,,,,,,,1,1,1,1,7.0
201600000386,0016-03-03 17:00:00,16,3,3,17,0,20,95,Rue de Saint-Quentin,49.98223,3.45277,Plein jour,En agglomération,Intersection en T,Pluie légère,Deux véhicules - frontale,,,,,,,,,,,1,2,3,2,1.0
201600000387,0016-03-26 10:30:00,16,3,26,10,30,20,95,,,,Plein jour,Hors agglomération,Hors intersection,Normale,Deux véhicules - frontale,,,,,,,,,,,1,1,1,1,1.0
201600000388,0016-06-19 05:30:00,16,6,19,5,30,20,293,,,,Crépuscule ou aube,Hors agglomération,Hors intersection,Normale,Autre collision,,,,,,,,,,,2,1,1,1,6.0
201600000389,0016-09-23 23:45:00,16,9,23,23,45,20,370,,49.96356,3.18734,Nuit avec éclairage allumé,En agglomération,Hors intersection,Normale,Autre collision,,,,,,,,,,,5,2,1,1,6.0
201600000390,0016-01-16 10:00:00,16,1,16,10,0,20,483,rue de sery les mezieres,,,Plein jour,En agglomération,Hors intersection,Autre,Autre collision,,,,,,,,,,,1,2,1,9,6.0
201600000391,0016-01-22 07:45:00,16,1,22,7,45,20,648,,,,Crépuscule ou aube,Hors agglomération,Hors intersection,Autre,Sans collision,,,,,,,,,,,2,1,1,9,7.0
201600000392,0016-01-25 13:45:00,16,1,25,13,45,20,287,,,,Plein jour,Hors agglomération,Hors intersection,Normale,Deux véhicules - arrière,,,,,,,,,,,1,1,1,1,2.0
201600000393,0016-06-09 17:45:00,16,6,9,17,45,20,639,,,,Plein jour,Hors agglomération,Intersection en X,Normale,Deux véhicules - côté,,,,,,,,,,,1,1,2,1,3.0
201600000394,0016-08-29 23:45:00,16,8,29,23,45,20,756,,,,Nuit avec éclairage non allumé,Hors agglomération,Intersection en T,Normale,Deux véhicules - frontale,,,,,,,,,,,4,1,3,1,1.0
201600000395,0016-09-15 07:15:00,16,9,15,7,15,20,287,,,,Crépuscule ou aube,Hors agglomération,Hors intersection,Normale,Autre collision,,,,,,,,,,,2,1,1,1,6.0
201600000396,0016-09-23 03:45:00,16,9,23,3,45,20,648,,,,Nuit sans éclairage public,Hors agglomération,Hors intersection,Normale,Autre collision,,,,,,,,,,,3,1,1,1,6.0
201600000397,0016-10-29 01:15:00,16,10,29,1,15,20,721,,,,Nuit sans éclairage public,Hors agglomération,Hors intersection,Normale,Autre collision,,,,,,,,,,,3,1,1,1,6.0
201600000398,0016-12-25 01:00:00,16,12,25,1,0,20,639,,,,Nuit sans éclairage public,Hors agglomération,Hors intersection,Pluie légère,Autre collision,,,,,,,,,,,3,1,1,2,6.0
201600000399,0016-05-21 16:45:00,16,5,21,16,45,20,770,,,,Plein jour,Hors agglomération,Intersection en X,Normale,Deux véhicules - côté,,,,,,,,,,,1,1,2,1,3.0
201600000400,0016-10-12 09:30:00,16,10,12,9,30,20,770,,,,Plein jour,Hors agglomération,Hors intersection,Brouillard / fumée,Deux véhicules - arrière,,,,,,,,,,,1,1,1,5,2.0
201600000401,0016-11-04 15:15:00,16,11,4,15,15,20,131,,,,Plein jour,Hors agglomération,Hors intersection,Normale,Deux véhicules - frontale,,,,,,,,,,,1,1,1,1,1.0