accident_id,datetime,annee,mois,jour,heure,minute,departement,commune_insee,adresse,latitude,longitude,luminosite,agglomeration,intersection,meteo,collision,nb_vehicules,nb_usagers,nb_indemnes,nb_tues,nb_blesses_hosp,nb_blesses_legers,age_cond_1,age_cond_2,veh_type_cond_1,veh_type_cond_2,lum_code,agg_code,int_code,atm_code,col_code
201600000662,0016-04-03 17:45:00,16,4,3,17,45,760,758,,49.61307,0.78127,Plein jour,Hors agglomération,Intersection en X,Normale,Deux véhicules - arrière,,,,,,,,,,,1,1,2,1,2.0
201600000663,0016-07-17 10:30:00,16,7,17,10,30,760,55,,49.64416,0.73368,Plein jour,Hors agglomération,Hors intersection,Normale,Deux véhicules - côté,,,,,,,,,,,1,1,1,1,3.0
201600000664,0016-08-22 15:30:00,16,8,22,15,30,760,758,"31, R DES VICTOIRES",49.61801,0.75264,Plein jour,En agglomération,Intersection en T,Normale,Deux véhicules - côté,,,,,,,,,,,1,2,3,1,3.0
201600000665,0016-10-16 15:15:00,16,10,16,15,15,760,718,RD 6015,49.61517,0.68899,Plein jour,Hors agglomération,Hors intersection,Pluie légère,Deux véhicules - frontale,,,,,,,,,,,1,1,1,2,1.0
201600000666,0016-10-28 14:50:00,16,10,28,14,50,760,758,BD COMMANDANT SERGE BICH,49.60517,0.76204,Plein jour,Hors agglomération,Hors intersection,Normale,Trois véhicules et plus - collisions multiples,,,,,,,,,,,1,1,1,1,5.0
201600000667,0016-07-09 23:00:00,16,7,9,23,0,760,495,"46, RTE DE SAINTE AUSTRE",49.5885,0.96663,Nuit avec éclairage allumé,En agglomération,Hors intersection,Normale,Deux véhicules - côté,,,,,,,,,,,5,2,1,1,3.0
201600000668,0016-07-16 03:15:00,16,7,16,3,15,760,385,,49.61963,0.90284,Nuit sans éclairage public,Hors agglomération,Hors intersection,Normale,Autre collision,,,,,,,,,,,3,1,1,1,6.0
201600000669,0016-01-03 11:00:00,16,1,3,11,0,760,566,,49.59466,0.9753,Plein jour,Hors agglomération,Hors intersection,Pluie légère,Autre collision,,,,,,,,,,,1,1,1,2,6.0
201600000670,0016-01-31 18:00:00,16,1,31,18,0,760,495,,49.57951,0.95404,Nuit sans éclairage public,Hors agglomération,Hors intersection,Pluie légère,Deux véhicules - frontale,,,,,,,,,,,3,1,1,2,1.0
201600000671,0016-01-31 11:15:00,16,1,31,11,15,760,495,R DES ACACIAC,49.56403,0.95337,Plein jour,En agglomération,Hors intersection,Pluie légère,Deux véhicules - frontale,,,,,,,,,,,1,2,1,2,1.0
201600000672,0016-03-05 16:30:00,16,3,5,16,30,760,203,,49.60265,0.85573,Plein jour,Hors agglomération,Hors intersection,Normale,Deux véhicules - côté,,,,,,,,,,,1,1,1,1,3.0
201600000673,0016-07-10 13:00:00,16,7,10,13,0,760,135,,49.58021,0.89265,Plein jour,Hors agglomération,Hors intersection,Normale,Trois véhicules et plus - en chaîne,,,,,,,,,,,1,1,1,1,4.0
201600000674,0016-08-27 17:15:00,16,8,27,17,15,760,135,,49.56886,0.91393,Plein jour,Hors agglomération,Hors intersection,Normale,Deux véhicules - arrière,,,,,,,,,,,1,1,1,1,2.0
201600000675,0016-10-02 18:15:00,16,10,2,18,15,760,234,,49.62776,0.96847,Plein jour,Hors agglomération,Hors intersection,Normale,Autre collision,,,,,,,,,,,1,1,1,1,6.0
201600000676,0016-12-01 07:35:00,16,12,1,7,35,760,433,,49.58687,0.88164,Crépuscule ou aube,Hors agglomération,Intersection en T,Normale,Trois véhicules et plus - collisions multiples,,,,,,,,,,,2,1,3,1,5.0
201600000677,0016-12-08 17:10:00,16,12,8,17,10,760,444,,49.58689,0.80073,Crépuscule ou aube,Hors agglomération,Hors intersection,Normale,Autre collision,,,,,,,,,,,2,1,1,1,6.0
201600000678,0016-12-12 08:15:00,16,12,12,8,15,760,57,R AUGUSTE BADIN,49.53751,0.94127,Crépuscule ou aube,En agglomération,Hors intersection,Normale,Deux véhicules - côté,,,,,,,,,,,2,2,1,1,3.0
201600000679,0016-01-16 15:00:00,16,1,16,15,0,760,642,,49.82368,0.88018,Plein jour,Hors agglomération,Hors intersection,Normale,Autre collision,,,,,,,,,,,1,1,1,1,6.0
201600000680,0016-05-23 17:30:00,16,5,23,17,30,760,189,,49.80514,0.70871,Plein jour,En agglomération,Hors intersection,Normale,Deux véhicules - frontale,,,,,,,,,,,1,2,1,1,1.0
201600000681,0016-01-31 08:45:00,16,1,31,8,45,760,663,,49.77924,0.53182,Plein jour,Hors agglomération,Hors intersection,Pluie légère,Autre collision,,,,,,,,,,,1,1,1,2,6.0
201600000682,0016-02-12 07:30:00,16,2,12,7,30,760,719,,49.73208,0.51465,Nuit sans éclairage public,Hors agglomération,Hors intersection,Pluie légère,Autre collision,,,,,,,,,,,3,1,1,2,6.0
201600000683,0016-03-23 17:00:00,16,3,23,17,0,760,685,,49.75725,0.51625,Plein jour,Hors agglomération,Intersection en X,Normale,Deux véhicules - côté,,,,,,,,,,,1,1,2,1,3.0
201600000684,0016-05-21 13:45:00,16,5,21,13,45,760,706,,49.6996,0.40732,Plein jour,Hors agglomération,Intersection en X,Normale,Deux véhicules - côté,,,,,,,,,,,1,1,2,1,3.0
201600000685,0016-09-24 11:15:00,16,9,24,11,15,760,195,,49.78091,0.56512,Plein jour,Hors agglomération,Hors intersection,Normale,Sans collision,,,,,,,,,,,1,1,1,1,7.0
201600000686,0016-09-20 06:45:00,16,9,20,6,45,760,91,,49.71466,0.60423,Nuit sans éclairage public,Hors agglomération,Hors intersection,Normale,Deux véhicules - frontale,,,,,,,,,,,3,1,1,1,1.0
201600000687,0016-05-02 07:45:00,16,5,2,7,45,270,684,RD 67,49.08885,1.28885,Plein jour,En agglomération,Hors intersection,Normale,Deux véhicules - arrière,,,,,,,,,,,1,2,1,1,2.0
201600000688,0016-11-18 13:45:00,16,11,18,13,45,270,634,,48.90115,1.17226,Plein jour,Hors agglomération,Hors intersection,Normale,Autre collision,,,,,,,,,,,1,1,1,1,6.0
201600000689,0016-01-13 07:30:00,16,1,13,7,30,270,165,RD 830,48.95261,0.95125,Nuit sans éclairage public,En agglomération,Intersection en X,Pluie légère,Sans collision,,,,,,,,,,,3,2,2,2,7.0
201600000690,0016-01-13 17:45:00,16,1,13,17,45,270,20,,48.99949,1.10799,Nuit sans éclairage public,En agglomération,Hors intersection,Normale,Deux véhicules - frontale,,,,,,,,,,,3,2,1,1,1.0
201600000691,0016-04-01 15:00:00,16,4,1,15,0,270,20,41 B rue du Moussel,48.99446,1.07753,Plein jour,En agglomération,Hors intersection,Normale,Deux véhicules - frontale,,,,,,,,,,,1,2,1,1,1.0
201600000692,0016-06-11 18:30:00,16,6,11,18,30,270,165,rue des fontenelles,48.97287,0.95262,Plein jour,En agglomération,Intersection en X,Normale,Deux véhicules - arrière,,,,,,,,,,,1,2,2,1,2.0
201600000693,0016-06-13 17:45:00,16,6,13,17,45,270,165,,48.95986,0.92666,Plein jour,Hors agglomération,Hors intersection,Normale,Deux véhicules - frontale,,,,,,,,,,,1,1,1,1,1.0
201600000694,0016-07-15 21:00:00,16,7,15,21,0,270,165,,48.96412,0.90699,Plein jour,Hors agglomération,Hors intersection,Normale,Autre collision,,,,,,,,,,,1,1,1,1,6.0
201600000695,0016-08-22 12:45:00,16,8,22,12,45,270,602,Rue du General De Gaulle,49.00917,1.094,Plein jour,En agglomération,Hors intersection,Normale,Deux véhicules - arrière,,,,,,,,,,,1,2,1,1,2.0
201600000696,0016-09-01 08:15:00,16,9,1,8,15,270,161,,49.0558,1.02447,Plein jour,Hors agglomération,Hors intersection,Normale,Sans collision,,,,,,,,,,,1,1,1,1,7.0
201600000697,0016-09-10 13:00:00,16,9,10,13,0,270,20,,48.98797,1.05816,Plein jour,Hors agglomération,Hors intersection,Normale,Deux véhicules - frontale,,,,,,,,,,,1,1,1,1,1.0
201600000698,0016-12-05 12:30:00,16,12,5,12,30,270,618,,48.96476,0.8582,Crépuscule ou aube,Hors agglomération,Hors intersection,Temps couvert,Deux véhicules - côté,,,,,,,,,,,2,1,1,8,3.0
201600000699,0016-03-12 16:15:00,16,3,12,16,15,270,17,,48.99283,1.15602,Plein jour,Hors agglomération,Hors intersection,Normale,Deux véhicules - côté,,,,,,,,,,,1,1,1,1,3.0
201600000700,0016-03-13 18:15:00,16,3,13,18,15,270,306,,48.97703,1.15854,Plein jour,Hors agglomération,Hors intersection,Normale,Sans collision,,,,,,,,,,,1,1,1,1,7.0
201600000701,0016-04-10 05:15:00,16,4,10,5,15,270,183,,48.9069,1.37832,Nuit sans éclairage public,Hors agglomération,Hors intersection,Normale,Autre collision,,,,,,,,,,,3,1,1,1,6.0
201600000702,0016-05-05 21:45:00,16,5,5,21,45,270,183,Allée des promenades,48.89922,1.39307,Nuit avec éclairage allumé,En agglomération,Hors intersection,Normale,Deux véhicules - côté,,,,,,,,,,,5,2,1,1,3.0
201600000703,0016-06-26 15:30:00,16,6,26,15,30,270,421,,48.91072,1.30543,Plein jour,Hors agglomération,Hors intersection,Normale,Sans collision,,,,,,,,,,,1,1,1,1,7.0
201600000704,0016-07-13 18:30:00,16,7,13,18,30,270,306,route de saint andre,48.99177,1.18533,Plein jour,Hors agglomération,Intersection en T,Normale,Deux véhicules - côté,,,,,,,,,,,1,1,3,1,3.0
201600000705,0016-07-15 14:30:00,16,7,15,14,30,270,301,,48.93516,1.16505,Plein jour,Hors agglomération,Hors intersection,Normale,Deux véhicules - côté,,,,,,,,,,,1,1,1,1,3.0
201600000706,0016-10-04 09:00:00,16,10,4,9,0,270,278,,48.91801,1.4042,Plein jour,Hors agglomération,Hors intersection,Normale,Deux véhicules - côté,,,,,,,,,,,1,1,1,1,3.0
201600000707,0016-10-08 04:30:00,16,10,8,4,30,270,183,RD163/RD551,48.8906,1.40325,Nuit avec éclairage allumé,En agglomération,Intersection en Y,Normale,Autre collision,,,,,,,,,,,5,2,4,1,6.0
201600000708,0016-09-27 08:30:00,16,9,27,8,30,270,183,04 rue d'Ezy,48.89721,1.40638,Plein jour,En agglomération,Hors intersection,Normale,Autre collision,,,,,,,,,,,1,2,1,1,6.0
201600000709,0016-10-13 05:15:00,16,10,13,5,15,270,183,,48.90677,1.37901,Nuit sans éclairage public,Hors agglomération,Hors intersection,Normale,Autre collision,,,,,,,,,,,3,1,1,1,6.0
201600000710,0016-12-22 22:45:00,16,12,22,22,45,270,177,,48.87239,1.2569,Nuit sans éclairage public,Hors agglomération,Hors intersection,Brouillard / fumée,Autre collision,,,,,,,,,,,3,1,1,5,6.0
201600000711,0016-07-18 17:45:00,16,7,18,17,45,270,166,,48.82818,0.98403,Plein jour,Hors agglomération,Intersection en X,Normale,Deux véhicules - côté,,,,,,,,,,,1,1,2,1,3.0
201600000712,0016-08-12 07:15:00,16,8,12,7,15,270,2,,48.77464,1.10551,Plein jour,Hors agglomération,Intersection en X,Normale,Deux véhicules - côté,,,,,,,,,,,1,1,2,1,3.0
201600000713,0016-08-30 17:45:00,16,8,30,17,45,270,416,,48.81734,1.12946,Plein jour,Hors agglomération,Hors intersection,Normale,Deux véhicules - côté,,,,,,,,,,,1,1,1,1,3.0
201600000714,0016-09-13 18:00:00,16,9,13,18,0,270,491,,48.8299,1.01848,Plein jour,Hors agglomération,Hors intersection,Temps éblouissant,Deux véhicules - frontale,,,,,,,,,,,1,1,1,7,1.0
201600000715,0016-12-02 09:00:00,16,12,2,9,0,270,543,,48.78313,1.35294,Plein jour,Hors agglomération,Hors intersection,Normale,Autre collision,,,,,,,,,,,1,1,1,1,6.0
201600000716,0016-04-24 07:30:00,16,4,24,7,30,270,123,,49.01195,1.31348,Plein jour,Hors agglomération,Intersection en X,Normale,Deux véhicules - côté,,,,,,,,,,,1,1,2,1,3.0
201600000717,0016-05-30 16:15:00,16,5,30,16,15,270,4,,49.00919,1.4153,Plein jour,Hors agglomération,Intersection en T,Normale,Deux véhicules - côté,,,,,,,,,,,1,1,3,1,3.0
201600000718,0016-06-14 14:45:00,16,6,14,14,45,270,448,,49.01232,1.30131,Plein jour,Hors agglomération,Hors intersection,Pluie légère,Deux véhicules - frontale,,,,,,,,,,,1,1,1,2,1.0
201600000719,0016-06-30 18:30:00,16,6,30,18,30,270,119,,48.93578,1.45556,Plein jour,Hors agglomération,Hors intersection,Normale,Deux véhicules - frontale,,,,,,,,,,,1,1,1,1,1.0
201600000720,0016-07-13 08:00:00,16,7,13,8,0,270,123,,49.0005,1.31082,Plein jour,Hors agglomération,Hors intersection,Normale,Deux véhicules - frontale,,,,,,,,,,,1,1,1,1,1.0
201600000721,0016-08-09 21:30:00,16,8,9,21,30,270,410,,49.01323,1.27074,Crépuscule ou aube,Hors agglomération,Intersection en X,Normale,Deux véhicules - côté,,,,,,,,,,,2,1,2,1,3.0
201600000722,0016-10-21 17:30:00,16,10,21,17,30,270,397,rue des hannebaux,49.03043,1.36719,Plein jour,En agglomération,Hors intersection,Pluie légère,Deux véhicules - frontale,,,,,,,,,,,1,2,1,2,1.0
201600000723,0016-11-06 14:45:00,16,11,6,14,45,270,76,9 rue des Moulins,48.96527,1.33495,Plein jour,En agglomération,Hors intersection,Normale,Autre collision,,,,,,,,,,,1,2,1,1,6.0
201600000724,0016-12-21 16:00:00,16,12,21,16,0,270,114,RUE ALFRED DE VIGNY,48.95992,1.41752,Plein jour,En agglomération,Passage à niveau,Normale,Deux véhicules - côté,,,,,,,,,,,1,2,8,1,3.0
201600000725,0016-12-23 18:00:00,16,12,23,18,0,270,448,rue des Coteaux de Pacy,49.01996,1.39238,Nuit avec éclairage allumé,En agglomération,Intersection en X,Normale,Deux véhicules - côté,,,,,,,,,,,5,2,2,1,3.0
201600000726,0016-06-03 23:00:00,16,6,3,23,0,270,17,,48.99284,1.156,Nuit avec éclairage allumé,Hors agglomération,Hors intersection,Normale,Deux véhicules - côté,,,,,,,,,,,5,1,1,1,3.0
201600000727,0016-06-20 07:15:00,16,6,20,7,15,270,421,,48.91072,1.30543,Crépuscule ou aube,Hors agglomération,Hors intersection,Pluie légère,Autre collision,,,,,,,,,,,2,1,1,2,6.0
201600000728,0016-04-09 15:15:00,16,4,9,15,15,270,96,,48.87848,0.67328,Plein jour,Hors agglomération,Intersection en T,Pluie légère,Sans collision,,,,,,,,,,,1,1,3,2,7.0
201600000729,0016-06-24 09:15:00,16,6,24,9,15,270,573,route de conde,48.81513,0.94283,Plein jour,Hors agglomération,Intersection en T,Normale,Deux véhicules - côté,,,,,,,,,,,1,1,3,1,3.0
201600000730,0016-07-08 08:45:00,16,7,8,8,45,270,159,,48.7626,0.913,Plein jour,Hors agglomération,Intersection en X,Normale,Deux véhicules - côté,,,,,,,,,,,1,1,2,1,3.0
201600000731,0016-08-30 15:00:00,16,8,30,15,0,270,565,,48.89912,0.85153,Plein jour,Hors agglomération,Hors intersection,Normale,Sans collision,,,,,,,,,,,1,1,1,1,7.0
201600000732,0016-12-02 07:15:00,16,12,2,7,15,270,303,,48.88609,0.85037,Crépuscule ou aube,Hors agglomération,Hors intersection,Brouillard / fumée,Sans collision,,,,,,,,,,,2,1,1,5,7.0
201600000733,0016-12-17 16:15:00,16,12,17,16,15,270,565,,48.89555,0.85295,Plein jour,Hors agglomération,Hors intersection,Normale,Autre collision,,,,,,,,,,,1,1,1,1,6.0
201600000734,0016-12-25 18:00:00,16,12,25,18,0,270,431,,,,Nuit avec éclairage allumé,En agglomération,Intersection en Y,Pluie légère,Deux véhicules - côté,,,,,,,,,,,5,2,4,2,3.0
201600000735,0016-01-07 19:00:00,16,1,7,19,0,270,473,,49.17522,1.39104,Nuit sans éclairage public,Hors agglomération,Hors intersection,Temps couvert,Deux véhicules - côté,,,,,,,,,,,3,1,1,8,3.0
201600000736,0016-04-24 07:15:00,16,4,24,7,15,270,16,,49.05326,1.17735,Plein jour,Hors agglomération,Intersection en X,Normale,Deux véhicules - côté,,,,,,,,,,,1,1,2,1,3.0
201600000737,0016-05-28 22:45:00,16,5,28,22,45,270,58,,49.22688,1.34834,Nuit sans éclairage public,Hors agglomération,Intersection en X,Normale,Deux véhicules - côté,,,,,,,,,,,3,1,2,1,3.0
201600000738,0016-06-25 17:45:00,16,6,25,17,45,270,16,,49.25505,1.45447,Plein jour,Hors agglomération,Hors intersection,Normale,Sans collision,,,,,,,,,,,1,1,1,1,7.0
201600000739,0016-07-09 17:15:00,16,7,9,17,15,270,16,avenue de la republique,49.24333,1.40482,Plein jour,Hors agglomération,Autre intersection,Normale,Autre collision,,,,,,,,,,,1,1,9,1,6.0
201600000740,0016-08-22 23:30:00,16,8,22,23,30,270,175,,48.81734,1.12946,Nuit sans éclairage public,Hors agglomération,Hors intersection,Normale,Sans collision,,,,,,,,,,,3,1,1,1,7.0
201600000741,0016-08-29 18:00:00,16,8,29,18,0,270,16,50 avenue de la Républiq,49.24481,1.40917,Plein jour,En agglomération,Autre intersection,Normale,Autre collision,,,,,,,,,,,1,2,9,1,6.0
201600000742,0016-09-07 18:15:00,16,9,7,18,15,270,16,avenue de la republique,49.24367,1.40393,Plein jour,En agglomération,Hors intersection,Normale,Deux véhicules - côté,,,,,,,,,,,1,2,1,1,3.0
201600000743,0016-10-03 18:30:00,16,10,3,18,30,270,16,RUE GENERAL DE GAULE,49.24713,1.42398,Plein jour,En agglomération,Hors intersection,Normale,Trois véhicules et plus - en chaîne,,,,,,,,,,,1,2,1,1,4.0
201600000744,0016-11-15 07:45:00,16,11,15,7,45,270,16,RD316,49.24839,1.42701,Crépuscule ou aube,En agglomération,Hors intersection,Pluie légère,Deux véhicules - frontale,,,,,,,,,,,2,2,1,2,1.0
201600000745,0016-12-31 17:30:00,16,12,31,17,30,270,16,,49.24877,1.45984,Nuit avec éclairage allumé,Hors agglomération,Hors intersection,Normale,Deux véhicules - frontale,,,,,,,,,,,5,1,1,1,1.0
201600000746,0016-01-31 18:15:00,16,1,31,18,15,270,644,,49.15227,1.53238,Nuit sans éclairage public,Hors agglomération,Hors intersection,Pluie forte,Deux véhicules - côté,,,,,,,,,,,3,1,1,3,3.0
201600000747,0016-02-26 16:30:00,16,2,26,16,30,270,540,,49.08497,1.59213,Plein jour,Hors agglomération,Hors intersection,Normale,Autre collision,,,,,,,,,,,1,1,1,1,6.0
201600000748,0016-06-17 18:30:00,16,6,17,18,30,270,72,,49.10365,1.56845,Plein jour,Hors agglomération,Hors intersection,Normale,Deux véhicules - arrière,,,,,,,,,,,1,1,1,1,2.0
201600000749,0016-06-27 08:00:00,16,6,27,8,0,270,213,,49.15649,1.57097,Plein jour,Hors agglomération,Hors intersection,Normale,Autre collision,,,,,,,,,,,1,1,1,1,6.0
201600000750,0016-02-01 01:30:00,16,2,1,1,30,270,104,,49.38648,1.30714,Nuit avec éclairage allumé,En agglomération,Autre intersection,Normale,Autre collision,,,,,,,,,,,5,2,9,1,6.0
201600000751,0016-02-23 07:30:00,16,2,23,7,30,270,493,430 avenue de la gare,49.32757,1.24945,Crépuscule ou aube,Hors agglomération,Hors intersection,Normale,Autre collision,,,,,,,,,,,2,1,1,1,6.0
201600000752,0016-03-23 13:30:00,16,3,23,13,30,270,672,,49.46055,1.38678,Plein jour,Hors agglomération,Hors intersection,Normale,Autre collision,,,,,,,,,,,1,1,1,1,6.0
201600000753,0016-03-30 16:15:00,16,3,30,16,15,270,454,,49.43057,1.37363,Plein jour,Hors agglomération,Hors intersection,Pluie légère,Deux véhicules - frontale,,,,,,,,,,,1,1,1,2,1.0
201600000754,0016-04-27 11:15:00,16,4,27,11,15,270,274,,49.33802,1.39369,Plein jour,Hors agglomération,Hors intersection,Pluie forte,Deux véhicules - frontale,,,,,,,,,,,1,1,1,3,1.0
201600000755,0016-05-19 17:00:00,16,5,19,17,0,270,151,,49.38127,1.37167,Plein jour,Hors agglomération,Autre intersection,Normale,Autre collision,,,,,,,,,,,1,1,9,1,6.0
201600000756,0016-06-26 17:45:00,16,6,26,17,45,270,246,,49.35425,1.35756,Plein jour,Hors agglomération,Hors intersection,Normale,Autre collision,,,,,,,,,,,1,1,1,1,6.0
201600000757,0016-07-07 13:00:00,16,7,7,13,0,270,104,26 ROUTE DE PARIS,49.38659,1.30665,Plein jour,En agglomération,Hors intersection,Normale,Deux véhicules - côté,,,,,,,,,,,1,2,1,1,3.0
201600000758,0016-07-06 21:00:00,16,7,6,21,0,270,151,,49.38651,1.37603,Plein jour,Hors agglomération,Hors intersection,Normale,Autre collision,,,,,,,,,,,1,1,1,1,6.0
201600000759,0016-07-30 00:30:00,16,7,30,0,30,270,104,10 route de Paris,49.38709,1.30507,Nuit avec éclairage allumé,En agglomération,Hors intersection,Normale,Autre collision,,,,,,,,,,,5,2,1,1,6.0
201600000760,0016-08-07 16:15:00,16,8,7,16,15,270,377,,49.38263,1.51867,Plein jour,Hors agglomération,Hors intersection,Normale,Deux véhicules - arrière,,,,,,,,,,,1,1,1,1,2.0
201600000761,0016-09-09 16:45:00,16,9,9,16,45,270,493,,49.33915,1.26005,Plein jour,Hors agglomération,Hors intersection,Temps éblouissant,Deux véhicules - arrière,,,,,,,,,,,1,1,1,7,2.0
201600000762,0016-09-21 10:45:00,16,9,21,10,45,270,664,route des callouettes,49.43778,1.49794,Plein jour,Hors agglomération,Hors intersection,Normale,Autre collision,,,,,,,,,,,1,1,1,1,6.0
201600000763,0016-09-25 01:30:00,16,9,25,1,30,270,488,,49.3803,1.32106,Nuit sans éclairage public,Hors agglomération,Hors intersection,Normale,Sans collision,,,,,,,,,,,3,1,1,1,7.0
201600000764,0016-10-17 08:30:00,16,10,17,8,30,270,407,,49.30876,1.45874,Crépuscule ou aube,Hors agglomération,Hors intersection,Pluie légère,Deux véhicules - côté,,,,,,,,,,,2,1,1,2,3.0
201600000765,0016-11-11 07:00:00,16,11,11,7,0,270,453,Départementale 1,49.3987,1.37033,Nuit avec éclairage allumé,En agglomération,Hors intersection,Normale,Autre collision,,,,,,,,,,,5,2,1,1,6.0
201600000766,0016-11-23 04:30:00,16,11,23,4,30,270,470,,49.32658,1.2918,Nuit sans éclairage public,Hors agglomération,Hors intersection,Pluie légère,Deux véhicules - côté,,,,,,,,,,,3,1,1,2,3.0
201600000767,0016-12-14 08:30:00,16,12,14,8,30,270,470,81 grande rue,49.33322,1.27639,Plein jour,En agglomération,Hors intersection,Normale,Deux véhicules - frontale,,,,,,,,,,,1,2,1,1,1.0
201600000768,0016-12-16 20:45:00,16,12,16,20,45,270,454,rue du mesnil,49.43416,1.36312,Nuit sans éclairage public,Hors agglomération,Hors intersection,Brouillard / fumée,Deux véhicules - frontale,,,,,,,,,,,3,1,1,5,1.0
201600000769,0016-02-02 01:15:00,16,2,2,1,15,270,426,,49.28102,1.74798,Nuit sans éclairage public,Hors agglomération,Hors intersection,Temps couvert,Autre collision,,,,,,,,,,,3,1,1,8,6.0
201600000770,0016-05-16 20:00:00,16,5,16,20,0,270,304,,49.22454,1.68802,Plein jour,En agglomération,Hors intersection,Normale,Sans collision,,,,,,,,,,,1,2,1,1,7.0
201600000771,0016-08-05 12:45:00,16,8,5,12,45,270,617,D 316,49.31374,1.5085,Plein jour,En agglomération,Autre intersection,Normale,Deux véhicules - côté,,,,,,,,,,,1,2,9,1,3.0
201600000772,0016-08-27 15:15:00,16,8,27,15,15,270,204,rue St Aubin,49.32654,1.59203,Plein jour,En agglomération,Hors intersection,Normale,Autre collision,,,,,,,,,,,1,2,1,1,6.0
201600000773,0016-10-29 22:45:00,16,10,29,22,45,270,284,Rue de Dieppe,49.28446,1.78259,Nuit avec éclairage allumé,En agglomération,Hors intersection,Normale,Autre collision,,,,,,,,,,,5,2,1,1,6.0
201600000774,0016-12-08 23:50:00,16,12,8,23,50,270,567,,49.27542,1.58111,Nuit sans éclairage public,Hors agglomération,Hors intersection,Normale,Autre collision,,,,,,,,,,,3,1,1,1,6.0
201600000775,0016-01-13 14:00:00,16,1,13,14,0,270,516,,49.04709,0.59523,Plein jour,Hors agglomération,Intersection en X,Normale,Deux véhicules - côté,,,,,,,,,,,1,1,2,1,3.0
201600000776,0016-11-18 18:00:00,16,11,18,18,0,270,398,cote de l'eglise,49.09995,0.62374,Plein jour,En agglomération,Hors intersection,Neige / grêle,Sans collision,,,,,,,,,,,1,2,1,4,7.0
201600000777,0016-11-30 06:45:00,16,11,30,6,45,270,138,,48.9923,0.56993,Nuit sans éclairage public,Hors agglomération,Hors intersection,Normale,Sans collision,,,,,,,,,,,3,1,1,1,7.0
201600000778,0016-02-27 02:45:00,16,2,27,2,45,270,74,,49.5485,0.66873,Nuit sans éclairage public,Hors agglomération,Hors intersection,Normale,Autre collision,,,,,,,,,,,3,1,1,1,6.0
201600000779,0016-03-26 00:01:00,16,3,26,0,1,270,210,2 rue du pont de l'eure,49.1313,0.84609,Nuit avec éclairage allumé,En agglomération,Hors intersection,Normale,Autre collision,,,,,,,,,,,5,2,1,1,6.0
201600000780,0016-12-14 14:30:00,16,12,14,14,30,270,116,,49.16358,0.7253,Plein jour,Hors agglomération,Hors intersection,Normale,Autre collision,,,,,,,,,,,1,1,1,1,6.0
201600000781,0016-01-14 08:00:00,16,1,14,8,0,270,3,RD 164,,,Nuit avec éclairage allumé,En agglomération,Intersection en X,Pluie forte,Deux véhicules - frontale,,,,,,,,,,,5,2,2,3,1.0
201600000782,0016-01-22 19:30:00,16,1,22,19,30,270,31,,49.27285,1.20286,Nuit sans éclairage public,Hors agglomération,Intersection en X,Normale,Deux véhicules - côté,,,,,,,,,,,3,1,2,1,3.0
201600000783,0016-02-13 18:00:00,16,2,13,18,0,270,439,,49.07588,1.1664,Crépuscule ou aube,Hors agglomération,Hors intersection,Pluie forte,Sans collision,,,,,,,,,,,2,1,1,3,7.0
201600000784,0016-02-14 17:15:00,16,2,14,17,15,270,342,,49.12089,1.08212,Plein jour,Hors agglomération,Intersection en X,Normale,Deux véhicules - côté,,,,,,,,,,,1,1,2,1,3.0
201600000785,0016-04-21 07:45:00,16,4,21,7,45,270,375,rue du Clos Maurer,49.20956,1.11226,Plein jour,En agglomération,Hors intersection,Temps éblouissant,Deux véhicules - côté,,,,,,,,,,,1,2,1,7,3.0
201600000786,0016-06-03 15:45:00,16,6,3,15,45,270,439,,49.05964,1.16686,Plein jour,En agglomération,Autre intersection,Normale,Autre collision,,,,,,,,,,,1,2,9,1,6.0
201600000787,0016-08-13 11:00:00,16,8,13,11,0,270,598,,49.2188,1.21576,Plein jour,Hors agglomération,Hors intersection,Normale,Deux véhicules - côté,,,,,,,,,,,1,1,1,1,3.0
201600000788,0016-08-15 17:00:00,16,8,15,17,0,270,14,Route de Louviers - D61,49.14929,1.15391,Plein jour,En agglomération,Intersection en T,Normale,Deux véhicules - côté,,,,,,,,,,,1,2,3,1,3.0
201600000789,0016-09-08 17:00:00,16,9,8,17,0,270,624,,49.19058,1.09866,Plein jour,Hors agglomération,Hors intersection,Normale,Trois véhicules et plus - collisions multiples,,,,,,,,,,,1,1,1,1,5.0
201600000790,0016-10-13 10:45:00,16,10,13,10,45,270,401,,,,Plein jour,Hors agglomération,Intersection en X,Normale,Deux véhicules - côté,,,,,,,,,,,1,1,2,1,3.0