accident_id,datetime,annee,mois,jour,heure,minute,departement,commune_insee,adresse,latitude,longitude,luminosite,agglomeration,intersection,meteo,collision,nb_vehicules,nb_usagers,nb_indemnes,nb_tues,nb_blesses_hosp,nb_blesses_legers,age_cond_1,age_cond_2,veh_type_cond_1,veh_type_cond_2,lum_code,agg_code,int_code,atm_code,col_code
201600000791,0016-11-14 17:30:00,16,11,14,17,30,270,3,,49.17306,1.20007,Plein jour,Hors agglomération,Hors intersection,Normale,Autre collision,,,,,,,,,,,1,1,1,1,6.0
201600000792,0016-10-03 14:00:00,16,10,3,14,0,270,230,,48.86673,1.38943,Plein jour,Hors agglomération,Hors intersection,Normale,Autre collision,,,,,,,,,,,1,1,1,1,6.0
201600000793,0016-01-10 01:45:00,16,1,10,1,45,270,249,,49.1826,1.25751,Nuit sans éclairage public,Hors agglomération,Intersection en X,Normale,Deux véhicules - côté,,,,,,,,,,,3,1,2,1,3.0
201600000794,0016-01-14 12:15:00,16,1,14,12,15,270,25,,49.1083,1.29509,Plein jour,Hors agglomération,Hors intersection,Temps couvert,Deux véhicules - frontale,,,,,,,,,,,1,1,1,8,1.0
201600000795,0016-04-11 10:45:00,16,4,11,10,45,270,489,,49.07176,1.22184,Plein jour,Hors agglomération,Intersection en X,Normale,Deux véhicules - côté,,,,,,,,,,,1,1,2,1,3.0
201600000796,0016-05-03 17:15:00,16,5,3,17,15,270,25,Rue Yves Montand,49.08885,1.28885,Plein jour,En agglomération,Intersection en T,Normale,Deux véhicules - côté,,,,,,,,,,,1,2,3,1,3.0
201600000797,0016-05-05 22:15:00,16,5,5,22,15,270,517,,49.12021,1.31004,Nuit sans éclairage public,Hors agglomération,Intersection en Y,Normale,Deux véhicules - frontale,,,,,,,,,,,3,1,4,1,1.0
201600000798,0016-06-04 04:30:00,16,6,4,4,30,270,275,,49.15404,1.36358,Crépuscule ou aube,Hors agglomération,Intersection en X,Normale,Deux véhicules - côté,,,,,,,,,,,2,1,2,1,3.0
201600000799,0016-07-25 14:30:00,16,7,25,14,30,270,517,,49.14119,1.34934,Plein jour,Hors agglomération,Hors intersection,Temps couvert,Sans collision,,,,,,,,,,,1,1,1,8,7.0
201600000800,0016-10-08 11:30:00,16,10,8,11,30,270,517,,49.12855,1.31135,Plein jour,Hors agglomération,Autre intersection,Normale,Deux véhicules - frontale,,,,,,,,,,,1,1,9,1,1.0
201600000801,0016-11-15 20:30:00,16,11,15,20,30,270,611,,49.08606,1.26467,Nuit sans éclairage public,Hors agglomération,Hors intersection,Normale,Deux véhicules - frontale,,,,,,,,,,,3,1,1,1,1.0
201600000802,0016-12-10 08:15:00,16,12,10,8,15,270,275,,49.15773,1.34687,Plein jour,Hors agglomération,Intersection en T,Normale,Deux véhicules - côté,,,,,,,,,,,1,1,3,1,3.0
201600000803,0016-01-11 20:00:00,16,1,11,20,0,270,188,,49.29974,1.0806,Nuit avec éclairage allumé,Hors agglomération,Hors intersection,Pluie légère,Deux véhicules - côté,,,,,,,,,,,5,1,1,2,3.0
201600000804,0016-02-26 18:45:00,16,2,26,18,45,270,365,,49.29407,1.20033,Nuit sans éclairage public,Hors agglomération,Hors intersection,Normale,Deux véhicules - frontale,,,,,,,,,,,3,1,1,1,1.0
201600000805,0016-04-03 16:30:00,16,4,3,16,30,270,365,,49.29793,1.20833,Plein jour,Hors agglomération,Hors intersection,Normale,Autre collision,,,,,,,,,,,1,1,1,1,6.0
201600000806,0016-05-06 17:15:00,16,5,6,17,15,270,188,,49.29904,1.0786,Plein jour,Hors agglomération,Intersection en X,Normale,Deux véhicules - frontale,,,,,,,,,,,1,1,2,1,1.0
201600000807,0016-07-27 07:30:00,16,7,27,7,30,270,648,,49.25158,1.10357,Plein jour,Hors agglomération,Hors intersection,Normale,Sans collision,,,,,,,,,,,1,1,1,1,7.0
201600000808,0016-08-16 18:30:00,16,8,16,18,30,270,412,,49.23869,1.11898,Plein jour,Hors agglomération,Intersection en Y,Normale,Deux véhicules - côté,,,,,,,,,,,1,1,4,1,3.0
201600000809,0016-10-11 18:45:00,16,10,11,18,45,270,469,avenue DELATTRE Tassigny,49.30388,1.15943,Plein jour,En agglomération,Hors intersection,Normale,Autre collision,,,,,,,,,,,1,2,1,1,6.0
201600000810,0016-11-09 01:45:00,16,11,9,1,45,270,322,,49.2423,1.04924,Nuit sans éclairage public,Hors agglomération,Hors intersection,Pluie légère,Autre collision,,,,,,,,,,,3,1,1,2,6.0
201600000811,0016-11-23 16:45:00,16,11,23,16,45,270,365,,49.28943,1.2001,Crépuscule ou aube,Hors agglomération,Hors intersection,Temps couvert,Autre collision,,,,,,,,,,,2,1,1,8,6.0
201600000812,0016-12-16 09:30:00,16,12,16,9,30,270,386,boulevard de la Seine,49.31073,1.20074,Crépuscule ou aube,En agglomération,Intersection en T,Normale,Autre collision,,,,,,,,,,,2,2,3,1,6.0
201600000813,0016-01-14 07:15:00,16,1,14,7,15,270,282,,49.04176,1.08042,Nuit sans éclairage public,Hors agglomération,Hors intersection,Pluie forte,Deux véhicules - frontale,,,,,,,,,,,3,1,1,3,1.0
201600000814,0016-01-31 12:45:00,16,1,31,12,45,270,534,,49.24222,1.04904,Plein jour,Hors agglomération,Autre intersection,Pluie légère,Autre collision,,,,,,,,,,,1,1,9,2,6.0
201600000815,0016-02-07 15:00:00,16,2,7,15,0,270,700,,49.21903,1.03623,Plein jour,En agglomération,Intersection en X,Normale,Deux véhicules - côté,,,,,,,,,,,1,2,2,1,3.0
201600000816,0016-03-30 11:15:00,16,3,30,11,15,270,261,D840/D81,49.2187,0.94345,Plein jour,En agglomération,Giratoire,Normale,Autre collision,,,,,,,,,,,1,2,6,1,6.0
201600000817,0016-06-15 18:00:00,16,6,15,18,0,270,654,rue des maronniers,49.21363,0.89244,Plein jour,Hors agglomération,Hors intersection,Temps couvert,Deux véhicules - frontale,,,,,,,,,,,1,1,1,8,1.0
201600000818,0016-07-05 08:15:00,16,7,5,8,15,270,55,,49.11269,1.04166,Plein jour,Hors agglomération,Intersection en X,Normale,Autre collision,,,,,,,,,,,1,1,2,1,6.0
201600000819,0016-07-16 00:15:00,16,7,16,0,15,270,616,,49.26665,0.9828,Nuit sans éclairage public,Hors agglomération,Hors intersection,Normale,Trois véhicules et plus - collisions multiples,,,,,,,,,,,3,1,1,1,5.0
201600000820,0016-08-08 19:00:00,16,8,8,19,0,270,579,CD840,49.23714,0.9553,Plein jour,En agglomération,Hors intersection,Normale,Deux véhicules - frontale,,,,,,,,,,,1,2,1,1,1.0
201600000821,0016-08-18 20:30:00,16,8,18,20,30,270,192,,49.13563,0.93575,Plein jour,Hors agglomération,Hors intersection,Normale,Sans collision,,,,,,,,,,,1,1,1,1,7.0
201600000822,0016-09-15 08:30:00,16,9,15,8,30,270,344,,49.24475,0.82694,Plein jour,Hors agglomération,Hors intersection,Normale,Deux véhicules - frontale,,,,,,,,,,,1,1,1,1,1.0
201600000823,0016-11-01 04:00:00,16,11,1,4,0,270,389,route de Louviers,49.14833,0.96762,Nuit sans éclairage public,En agglomération,Autre intersection,Brouillard / fumée,Autre collision,,,,,,,,,,,3,2,9,5,6.0
201600000824,0016-11-19 21:45:00,16,11,19,21,45,270,658,,49.10896,0.90956,Nuit sans éclairage public,Hors agglomération,Hors intersection,Vent fort / tempête,Autre collision,,,,,,,,,,,3,1,1,6,6.0
201600000825,0016-02-01 11:45:00,16,2,1,11,45,270,260,602 route de l'estuaire,49.40475,0.42059,Plein jour,Hors agglomération,Hors intersection,Normale,Autre collision,,,,,,,,,,,1,1,1,1,6.0
201600000826,0016-02-12 23:45:00,16,2,12,23,45,270,65,,49.31695,0.34582,Nuit sans éclairage public,Hors agglomération,Hors intersection,Normale,Autre collision,,,,,,,,,,,3,1,1,1,6.0
201600000827,0016-04-15 10:00:00,16,4,15,10,0,270,467,Rue du Maquis SURCOUF,49.34763,0.52289,Plein jour,En agglomération,Hors intersection,Normale,Autre collision,,,,,,,,,,,1,2,1,1,6.0
201600000828,0016-05-10 09:45:00,16,5,10,9,45,270,655,,49.3291,0.53037,Plein jour,Hors agglomération,Hors intersection,Normale,Deux véhicules - frontale,,,,,,,,,,,1,1,1,1,1.0
201600000829,0016-05-25 16:45:00,16,5,25,16,45,270,467,avenue de l'Europe,49.35035,0.53026,Plein jour,En agglomération,Intersection en X,Normale,Deux véhicules - côté,,,,,,,,,,,1,2,2,1,3.0
201600000830,0016-07-07 13:00:00,16,7,7,13,0,270,65,,49.32634,0.34466,Plein jour,Hors agglomération,Hors intersection,Normale,Autre collision,,,,,,,,,,,1,1,1,1,6.0
201600000831,0016-07-17 22:00:00,16,7,17,22,0,270,656,route vallée de la masse,49.35917,0.47784,Crépuscule ou aube,En agglomération,Intersection en T,Normale,Autre collision,,,,,,,,,,,2,2,3,1,6.0
201600000832,0016-07-27 23:00:00,16,7,27,23,0,270,549,,49.33471,0.52713,Nuit sans éclairage public,Hors agglomération,Hors intersection,Pluie légère,Sans collision,,,,,,,,,,,3,1,1,2,7.0
201600000833,0016-09-17 16:00:00,16,9,17,16,0,270,174,,49.33332,0.60327,Plein jour,Hors agglomération,Hors intersection,Pluie légère,Autre collision,,,,,,,,,,,1,1,1,2,6.0
201600000834,0016-11-07 08:00:00,16,11,7,8,0,270,656,32 route de la Vallée,49.35854,0.47933,Plein jour,En agglomération,Hors intersection,Pluie légère,Trois véhicules et plus - collisions multiples,,,,,,,,,,,1,2,1,2,5.0
201600000835,0016-11-20 10:45:00,16,11,20,10,45,270,467,66 rue du maquis surcouf,49.34902,0.52103,Plein jour,En agglomération,Intersection en X,Normale,Deux véhicules - côté,,,,,,,,,,,1,2,2,1,3.0
201600000836,0016-11-22 17:15:00,16,11,22,17,15,270,467,rue du Maquis Surcouf,49.34751,0.52148,Crépuscule ou aube,En agglomération,Intersection en X,Normale,Autre collision,,,,,,,,,,,2,2,2,1,6.0
201600000837,0016-11-26 11:30:00,16,11,26,11,30,270,655,,49.33854,0.51149,Plein jour,Hors agglomération,Hors intersection,Normale,Deux véhicules - côté,,,,,,,,,,,1,1,1,1,3.0
201600000838,0016-02-13 12:30:00,16,2,13,12,30,270,580,,49.23993,1.19897,Plein jour,Hors agglomération,Hors intersection,Pluie forte,Deux véhicules - arrière,,,,,,,,,,,1,1,1,3,2.0
201600000839,0016-06-12 02:00:00,16,6,12,2,0,270,244,,49.32424,0.74989,Nuit sans éclairage public,Hors agglomération,Hors intersection,Pluie légère,Autre collision,,,,,,,,,,,3,1,1,2,6.0
201600000840,0016-07-31 12:00:00,16,7,31,12,0,270,102,rue Denize,49.35623,0.76539,Plein jour,En agglomération,Hors intersection,Normale,Deux véhicules - frontale,,,,,,,,,,,1,2,1,1,1.0
201600000841,0016-09-27 17:30:00,16,9,27,17,30,270,227,60 route de bourneville,49.38254,0.66492,Plein jour,En agglomération,Hors intersection,Normale,Autre collision,,,,,,,,,,,1,2,1,1,6.0
201600000842,0016-10-01 15:15:00,16,10,1,15,15,270,133,CD 93,49.37118,0.91589,Plein jour,En agglomération,Hors intersection,Normale,Autre collision,,,,,,,,,,,1,2,1,1,6.0
201600000843,0016-07-14 23:15:00,16,7,14,23,15,270,367,rue des hauts vents,49.24346,0.49743,Nuit sans éclairage public,Hors agglomération,Hors intersection,Normale,Autre collision,,,,,,,,,,,3,1,1,1,6.0
201600000844,0016-12-27 14:45:00,16,12,27,14,45,270,538,,49.26903,0.56583,Plein jour,Hors agglomération,Intersection en X,Normale,Deux véhicules - côté,,,,,,,,,,,1,1,2,1,3.0
201600000845,0016-01-20 19:00:00,16,1,20,19,0,350,47,,48.0014,-1.74096,Nuit sans éclairage public,Hors agglomération,Hors intersection,Normale,Autre collision,,,,,,,,,,,3,1,1,1,6.0
201600000846,0016-04-23 16:45:00,16,4,23,16,45,350,66,,,,Plein jour,Hors agglomération,Hors intersection,Temps couvert,Trois véhicules et plus - collisions multiples,,,,,,,,,,,1,1,1,8,5.0
201600000847,0016-06-07 23:15:00,16,6,7,23,15,350,47,,48.01262,-1.74551,Nuit sans éclairage public,Hors agglomération,Hors intersection,Normale,Autre collision,,,,,,,,,,,3,1,1,1,6.0
201600000848,0016-09-14 11:30:00,16,9,14,11,30,350,47,,48.04975,-1.74841,Plein jour,Hors agglomération,Hors intersection,Normale,Autre collision,,,,,,,,,,,1,1,1,1,6.0
201600000849,0016-10-06 19:10:00,16,10,6,19,10,350,47,D44 au niveau du terrain,48.02714,-1.73048,Plein jour,En agglomération,Hors intersection,Normale,Trois véhicules et plus - collisions multiples,,,,,,,,,,,1,2,1,1,5.0
201600000850,0016-03-18 09:30:00,16,3,18,9,30,350,177,,48.21855,-1.74809,Plein jour,Hors agglomération,Intersection en T,Normale,Deux véhicules - côté,,,,,,,,,,,1,1,3,1,3.0
201600000851,0016-04-22 21:45:00,16,4,22,21,45,350,233,le grand bois,48.35792,-1.81851,Nuit avec éclairage allumé,En agglomération,Hors intersection,Normale,Deux véhicules - frontale,,,,,,,,,,,5,2,1,1,1.0
201600000852,0016-04-30 20:00:00,16,4,30,20,0,350,79,rue de rennes,48.20962,-1.63009,Plein jour,En agglomération,Intersection en T,Normale,Deux véhicules - côté,,,,,,,,,,,1,2,3,1,3.0
201600000853,0016-05-11 16:00:00,16,5,11,16,0,350,296,lieu dit la ratulais,48.26775,-1.65075,Plein jour,En agglomération,Hors intersection,Normale,Sans collision,,,,,,,,,,,1,2,1,1,7.0
201600000854,0016-08-18 17:30:00,16,8,18,17,30,350,107,28 avenue de l'illet,48.2585,-1.51566,Plein jour,En agglomération,Hors intersection,Normale,Deux véhicules - côté,,,,,,,,,,,1,2,1,1,3.0
201600000855,0016-09-03 20:00:00,16,9,3,20,0,350,315,ROUTE DE LA CHESNAIE,48.2188,-1.58114,Plein jour,En agglomération,Hors intersection,Normale,Deux véhicules - côté,,,,,,,,,,,1,2,1,1,3.0
201600000856,0016-09-26 21:30:00,16,9,26,21,30,350,154,,48.2161,-1.39203,Nuit sans éclairage public,Hors agglomération,Hors intersection,Normale,Sans collision,,,,,,,,,,,3,1,1,1,7.0
201600000857,0016-09-26 17:30:00,16,9,26,17,30,350,1,rue du fort de la motte,48.1337,-1.53266,Plein jour,En agglomération,Hors intersection,Normale,Deux véhicules - frontale,,,,,,,,,,,1,2,1,1,1.0
201600000858,0016-11-01 14:00:00,16,11,1,14,0,350,154,"La Bruyère des Roches, D",48.22479,-1.39339,Plein jour,Hors agglomération,Hors intersection,Normale,Deux véhicules - frontale,,,,,,,,,,,1,1,1,1,1.0
201600000859,0016-02-28 08:00:00,16,2,28,8,0,350,184,,48.22326,-2.11254,Plein jour,Hors agglomération,Hors intersection,Normale,Autre collision,,,,,,,,,,,1,1,1,1,6.0
201600000860,0016-05-29 19:00:00,16,5,29,19,0,350,26,23 ALLEE CLOS DE LA GRAN,48.11094,-2.12558,Plein jour,En agglomération,Hors intersection,Normale,Autre collision,,,,,,,,,,,1,2,1,1,6.0
201600000861,0016-07-12 11:45:00,16,7,12,11,45,350,297,PLACE DE LA MAIRIE,48.18926,-2.1918,Plein jour,En agglomération,Place,Normale,Autre collision,,,,,,,,,,,1,2,7,1,6.0
201600000862,0016-08-03 19:15:00,16,8,3,19,15,350,302,,48.1815,-2.15752,Plein jour,Hors agglomération,Hors intersection,Normale,Deux véhicules - arrière,,,,,,,,,,,1,1,1,1,2.0
201600000863,0016-08-14 17:30:00,16,8,14,17,30,350,143,,48.22605,-2.02346,Plein jour,Hors agglomération,Hors intersection,Normale,Autre collision,,,,,,,,,,,1,1,1,1,6.0
201600000864,0016-08-24 13:45:00,16,8,24,13,45,350,297,106 rue de merdrignac,48.18894,-2.20539,Plein jour,En agglomération,Hors intersection,Normale,Deux véhicules - côté,,,,,,,,,,,1,2,1,1,3.0
201600000865,0016-09-16 18:00:00,16,9,16,18,0,350,184,,48.20617,-2.0388,Plein jour,Hors agglomération,Hors intersection,Normale,Deux véhicules - arrière,,,,,,,,,,,1,1,1,1,2.0
201600000866,0016-09-30 07:45:00,16,9,30,7,45,350,27,,48.16803,-2.05409,Plein jour,Hors agglomération,Intersection en X,Normale,Trois véhicules et plus - collisions multiples,,,,,,,,,,,1,1,2,1,5.0
201600000867,0016-02-27 18:15:00,16,2,27,18,15,350,187,,48.0516,-1.97424,Crépuscule ou aube,Hors agglomération,Hors intersection,Normale,Deux véhicules - frontale,,,,,,,,,,,2,1,1,1,1.0
201600000868,0016-03-04 13:00:00,16,3,4,13,0,350,188,bld de la duchesse anne,48.14547,-1.96853,Plein jour,En agglomération,Hors intersection,Normale,Deux véhicules - côté,,,,,,,,,,,1,2,1,1,3.0
201600000869,0016-03-11 15:15:00,16,3,11,15,15,350,133,,48.15479,-2.01547,Plein jour,Hors agglomération,Hors intersection,Temps éblouissant,Deux véhicules - frontale,,,,,,,,,,,1,1,1,7,1.0
201600000870,0016-03-16 16:45:00,16,3,16,16,45,350,223,,47.99596,-2.07911,Plein jour,Hors agglomération,Hors intersection,Vent fort / tempête,Deux véhicules - arrière,,,,,,,,,,,1,1,1,6,2.0
201600000871,0016-04-19 14:00:00,16,4,19,14,0,350,133,RUE DE MONTAUBAN,48.13245,-2.0362,Plein jour,En agglomération,Intersection en X,Normale,Deux véhicules - frontale,,,,,,,,,,,1,2,2,1,1.0
201600000872,0016-05-06 01:00:00,16,5,6,1,0,350,227,,48.17716,-1.92325,Nuit sans éclairage public,Hors agglomération,Hors intersection,Normale,Autre collision,,,,,,,,,,,3,1,1,1,6.0
201600000873,0016-05-31 18:00:00,16,5,31,18,0,350,188,rue de la Nouaye,48.14161,-1.96389,Plein jour,En agglomération,Giratoire,Normale,Deux véhicules - frontale,,,,,,,,,,,1,2,6,1,1.0
201600000874,0016-07-20 16:15:00,16,7,20,16,15,350,331,,48.11248,-1.93068,Plein jour,Hors agglomération,Hors intersection,Normale,Deux véhicules - frontale,,,,,,,,,,,1,1,1,1,1.0
201600000875,0016-09-16 07:45:00,16,9,16,7,45,350,227,,48.17682,-1.92317,Crépuscule ou aube,Hors agglomération,Hors intersection,Pluie légère,Deux véhicules - côté,,,,,,,,,,,2,1,1,2,3.0
201600000876,0016-01-15 07:15:00,16,1,15,7,15,350,196,,48.10161,-1.84009,Nuit sans éclairage public,Hors agglomération,Hors intersection,Autre,Autre collision,,,,,,,,,,,3,1,1,9,6.0
201600000877,0016-01-19 17:45:00,16,1,19,17,45,350,240,,48.09624,-1.75978,Nuit sans éclairage public,Hors agglomération,Hors intersection,Normale,Deux véhicules - arrière,,,,,,,,,,,3,1,1,1,2.0
201600000878,0016-03-11 23:00:00,16,3,11,23,0,350,76,,48.06034,-1.77571,Nuit avec éclairage non allumé,Hors agglomération,Giratoire,Normale,Sans collision,,,,,,,,,,,4,1,6,1,7.0
201600000879,0016-04-20 15:45:00,16,4,20,15,45,350,196,RUE DES GENETS,48.08003,-1.84118,Plein jour,En agglomération,Hors intersection,Normale,Deux véhicules - côté,,,,,,,,,,,1,2,1,1,3.0
201600000880,0016-05-04 15:15:00,16,5,4,15,15,350,37,,48.05135,-1.85337,Plein jour,Hors agglomération,Intersection en X,Normale,Deux véhicules - frontale,,,,,,,,,,,1,1,2,1,1.0
201600000881,0016-08-17 08:30:00,16,8,17,8,30,350,240,Rond-Point du chëne Vert,48.09248,-1.78044,Plein jour,En agglomération,Giratoire,Temps éblouissant,Deux véhicules - côté,,,,,,,,,,,1,2,6,7,3.0
201600000882,0016-10-07 15:15:00,16,10,7,15,15,350,240,Lieudit Le Moulin d'Apig,48.09512,-1.76174,Plein jour,Hors agglomération,Hors intersection,Normale,Sans collision,,,,,,,,,,,1,1,1,1,7.0
201600000883,0016-10-18 07:45:00,16,10,18,7,45,350,76,les grands chapelais,48.07129,-1.76551,Plein jour,Hors agglomération,Hors intersection,Brouillard / fumée,Deux véhicules - côté,,,,,,,,,,,1,1,1,5,3.0
201600000884,0016-11-23 22:30:00,16,11,23,22,30,350,76,LE PETIT BAS MEE,48.08169,-1.79032,Nuit sans éclairage public,Hors agglomération,Hors intersection,Temps couvert,Deux véhicules - arrière,,,,,,,,,,,3,1,1,8,2.0
201600000885,0016-12-06 17:10:00,16,12,6,17,10,350,196,Avenue de Lorient,48.07095,-1.85217,Crépuscule ou aube,En agglomération,Intersection en T,Autre,Sans collision,,,,,,,,,,,2,2,3,9,7.0
201600000886,0016-04-13 18:00:00,16,4,13,18,0,350,142,18 avenue Victor Hugo,48.417,-1.15209,Plein jour,En agglomération,Autre intersection,Pluie forte,Autre collision,,,,,,,,,,,1,2,9,3,6.0
201600000887,0016-07-18 09:45:00,16,7,18,9,45,350,18,,48.43754,-1.10444,Plein jour,Hors agglomération,Hors intersection,Normale,Deux véhicules - frontale,,,,,,,,,,,1,1,1,1,1.0
201600000888,0016-08-12 11:00:00,16,8,12,11,0,350,138,La Parcherie,48.37867,-1.1501,Plein jour,Hors agglomération,Intersection en T,Temps éblouissant,Deux véhicules - frontale,,,,,,,,,,,1,1,3,7,1.0
201600000889,0016-01-18 12:45:00,16,1,18,12,45,350,355,,48.34163,-1.52106,Plein jour,Hors agglomération,Hors intersection,Pluie légère,Autre collision,,,,,,,,,,,1,1,1,2,6.0
201600000890,0016-05-25 19:45:00,16,5,25,19,45,350,326,,48.33158,-1.53034,Plein jour,Hors agglomération,Hors intersection,Normale,Deux véhicules - arrière,,,,,,,,,,,1,1,1,1,2.0
201600000891,0016-06-18 11:00:00,16,6,18,11,0,350,355,,48.34615,-1.49409,Plein jour,Hors agglomération,Hors intersection,Normale,Sans collision,,,,,,,,,,,1,1,1,1,7.0
201600000892,0016-06-27 09:15:00,16,6,27,9,15,350,282,,48.27779,-1.35503,Plein jour,Hors agglomération,Hors intersection,Pluie légère,Trois véhicules et plus - collisions multiples,,,,,,,,,,,1,1,1,2,5.0
201600000893,0016-08-13 18:15:00,16,8,13,18,15,350,178,La Polka,48.28696,-1.43407,Plein jour,Hors agglomération,Hors intersection,Temps éblouissant,Deux véhicules - arrière,,,,,,,,,,,1,1,1,7,2.0
201600000894,0016-01-16 01:15:00,16,1,16,1,15,350,83,,48.45463,-1.397,Nuit sans éclairage public,Hors agglomération,Hors intersection,Neige / grêle,Sans collision,,,,,,,,,,,3,1,1,4,7.0
201600000895,0016-04-24 01:30:00,16,4,24,1,30,350,341,,48.42168,-1.41252,Nuit sans éclairage public,Hors agglomération,Hors intersection,Normale,Sans collision,,,,,,,,,,,3,1,1,1,7.0
201600000896,0016-05-28 07:30:00,16,5,28,7,30,350,257,1 rue chateaubriand,48.41086,-1.36649,Plein jour,En agglomération,Intersection en X,Temps couvert,Autre collision,,,,,,,,,,,1,2,2,8,6.0
201600000897,0016-06-09 09:00:00,16,6,9,9,0,350,267,,,,Plein jour,Hors agglomération,Hors intersection,Normale,Sans collision,,,,,,,,,,,1,1,1,1,7.0
201600000898,0016-07-25 07:15:00,16,7,25,7,15,350,303,,48.46894,-1.44364,Plein jour,Hors agglomération,Hors intersection,Temps couvert,Autre collision,,,,,,,,,,,1,1,1,8,6.0
201600000899,0016-09-09 09:15:00,16,9,9,9,15,350,257,,48.39884,-1.37221,Plein jour,Hors agglomération,Giratoire,Temps éblouissant,Deux véhicules - côté,,,,,,,,,,,1,1,6,7,3.0
201600000900,0016-01-24 20:15:00,16,1,24,20,15,350,236,,47.66763,-2.091,Nuit sans éclairage public,Hors agglomération,Hors intersection,Normale,Deux véhicules - frontale,,,,,,,,,,,3,1,1,1,1.0
201600000901,0016-01-23 22:30:00,16,1,23,22,30,350,236,RUE DU TRIBUNAL,47.6518,-2.08139,Nuit avec éclairage allumé,En agglomération,Hors intersection,Pluie légère,Autre collision,,,,,,,,,,,5,2,1,2,6.0
201600000902,0016-02-08 16:00:00,16,2,8,16,0,350,236,rue de la barre,47.65749,-2.08435,Plein jour,En agglomération,Giratoire,Normale,Deux véhicules - côté,,,,,,,,,,,1,2,6,1,3.0
201600000903,0016-04-12 10:15:00,16,4,12,10,15,350,13,PLACE NOMINOÊ,47.7048,-2.07084,Plein jour,En agglomération,Intersection en T,Temps éblouissant,Deux véhicules - côté,,,,,,,,,,,1,2,3,7,3.0
201600000904,0016-06-27 16:00:00,16,6,27,16,0,350,236,9 rue de Cotard,47.66771,-2.06348,Plein jour,En agglomération,Intersection en X,Normale,Deux véhicules - côté,,,,,,,,,,,1,2,2,1,3.0
201600000905,0016-08-13 15:15:00,16,8,13,15,15,350,13,,47.70657,-2.05423,Plein jour,Hors agglomération,Intersection en X,Normale,Deux véhicules - côté,,,,,,,,,,,1,1,2,1,3.0
201600000906,0016-09-08 11:45:00,16,9,8,11,45,350,13,,47.70939,-2.08854,Plein jour,Hors agglomération,Hors intersection,Normale,Deux véhicules - frontale,,,,,,,,,,,1,1,1,1,1.0
201600000907,0016-10-27 17:15:00,16,10,27,17,15,350,236,rue des douves,47.65064,-2.08609,Plein jour,En agglomération,Hors intersection,Normale,Autre collision,,,,,,,,,,,1,2,1,1,6.0
201600000908,0016-11-11 21:50:00,16,11,11,21,50,350,13,le pissot,47.68355,-2.08648,Nuit sans éclairage public,Hors agglomération,Hors intersection,Normale,Autre collision,,,,,,,,,,,3,1,1,1,6.0
201600000909,0016-12-08 23:30:00,16,12,8,23,30,350,64,Sert,47.70241,-1.92349,Nuit sans éclairage public,Hors agglomération,Hors intersection,Normale,Autre collision,,,,,,,,,,,3,1,1,1,6.0
201600000910,0016-12-26 20:58:00,16,12,26,20,58,350,236,"route de vannes, zone de",47.63815,-2.09372,Nuit sans éclairage public,En agglomération,Hors intersection,Normale,Autre collision,,,,,,,,,,,3,2,1,1,6.0
201600000911,0016-02-27 11:15:00,16,2,27,11,15,350,231,,47.89819,-1.70181,Plein jour,Hors agglomération,Intersection en X,Normale,Deux véhicules - côté,,,,,,,,,,,1,1,2,1,3.0
201600000912,0016-04-25 20:30:00,16,4,25,20,30,350,321,,47.91557,-1.58885,Crépuscule ou aube,En agglomération,Intersection en X,Normale,Deux véhicules - côté,,,,,,,,,,,2,2,2,1,3.0
201600000913,0016-05-04 13:30:00,16,5,4,13,30,350,221,,47.87801,-1.77752,Plein jour,Hors agglomération,Hors intersection,Normale,Sans collision,,,,,,,,,,,1,1,1,1,7.0
201600000914,0016-05-11 00:45:00,16,5,11,0,45,350,106,,47.84356,-1.58927,Nuit sans éclairage public,Hors agglomération,Hors intersection,Normale,Autre collision,,,,,,,,,,,3,1,1,1,6.0
201600000915,0016-06-08 01:15:00,16,6,8,1,15,350,33,,47.92726,-1.67368,Nuit sans éclairage public,Hors agglomération,Hors intersection,Normale,Sans collision,,,,,,,,,,,3,1,1,1,7.0
201600000916,0016-06-16 19:15:00,16,6,16,19,15,350,12,,47.86812,-1.65772,Plein jour,Hors agglomération,Hors intersection,Normale,Deux véhicules - frontale,,,,,,,,,,,1,1,1,1,1.0
201600000917,0016-07-26 17:30:00,16,7,26,17,30,350,145,La Nouette du Bot,47.75044,-1.89803,Plein jour,Hors agglomération,Hors intersection,Normale,Autre collision,,,,,,,,,,,1,1,1,1,6.0
201600000918,0016-02-03 06:30:00,16,2,3,6,30,350,149,,47.97721,-1.8379,Nuit sans éclairage public,Hors agglomération,Hors intersection,Normale,Sans collision,,,,,,,,,,,3,1,1,1,7.0