accident_id,datetime,annee,mois,jour,heure,minute,departement,commune_insee,adresse,latitude,longitude,luminosite,agglomeration,intersection,meteo,collision,nb_vehicules,nb_usagers,nb_indemnes,nb_tues,nb_blesses_hosp,nb_blesses_legers,age_cond_1,age_cond_2,veh_type_cond_1,veh_type_cond_2,lum_code,agg_code,int_code,atm_code,col_code
201600001299,0016-02-16 13:30:00,16,2,16,13,30,560,136,,,,Plein jour,Hors agglomération,Hors intersection,Normale,Sans collision,,,,,,,,,,,1,1,1,1,7.0
201600001300,0016-06-02 16:45:00,16,6,2,16,45,560,20,,47.77987,-2.46044,Plein jour,Hors agglomération,Hors intersection,Normale,Deux véhicules - côté,,,,,,,,,,,1,1,1,1,3.0
201600001301,0016-07-28 10:00:00,16,7,28,10,0,560,226,,,,Plein jour,Hors agglomération,Hors intersection,Normale,Autre collision,,,,,,,,,,,1,1,1,1,6.0
201600001302,0016-08-26 16:15:00,16,8,26,16,15,560,180,,,,Plein jour,Hors agglomération,Hors intersection,Normale,Deux véhicules - frontale,,,,,,,,,,,1,1,1,1,1.0
201600001303,0016-09-18 10:45:00,16,9,18,10,45,560,191,,47.85455,-2.24501,Plein jour,Hors agglomération,Hors intersection,Normale,Autre collision,,,,,,,,,,,1,1,1,1,6.0
201600001304,0016-10-13 13:30:00,16,10,13,13,30,560,75,Place de la libération,47.90426,-2.11839,Plein jour,En agglomération,Intersection en T,Normale,Deux véhicules - côté,,,,,,,,,,,1,2,3,1,3.0
201600001305,0016-11-17 08:30:00,16,11,17,8,30,560,12,,47.96931,-2.18146,Nuit sans éclairage public,Hors agglomération,Intersection en X,Normale,Deux véhicules - côté,,,,,,,,,,,3,1,2,1,3.0
201600001306,0016-11-19 14:15:00,16,11,19,14,15,560,20,,47.78457,-2.45628,Plein jour,Hors agglomération,Hors intersection,Normale,Autre collision,,,,,,,,,,,1,1,1,1,6.0
201600001307,0016-12-16 11:00:00,16,12,16,11,0,560,44,,47.74204,-2.11575,Plein jour,Hors agglomération,Intersection en T,Temps éblouissant,Deux véhicules - côté,,,,,,,,,,,1,1,3,7,3.0
201600001308,0016-05-04 17:00:00,16,5,4,17,0,560,222,,47.84682,-2.72203,Plein jour,Hors agglomération,Giratoire,Normale,Deux véhicules - frontale,,,,,,,,,,,1,1,6,1,1.0
201600001309,0016-05-15 11:00:00,16,5,15,11,0,560,222,RUE DES GENETS,47.84414,-2.72453,Plein jour,En agglomération,Hors intersection,Normale,Autre collision,,,,,,,,,,,1,2,1,1,6.0
201600001310,0016-06-06 17:00:00,16,6,6,17,0,560,172,,,,Plein jour,Hors agglomération,Intersection en X,Pluie forte,Deux véhicules - côté,,,,,,,,,,,1,1,2,3,3.0
201600001311,0016-06-25 11:15:00,16,6,25,11,15,560,236,,47.8947,-2.50441,Plein jour,Hors agglomération,Hors intersection,Normale,Deux véhicules - frontale,,,,,,,,,,,1,1,1,1,1.0
201600001312,0016-06-28 14:45:00,16,6,28,14,45,560,47,,,,Plein jour,Hors agglomération,Hors intersection,Normale,Autre collision,,,,,,,,,,,1,1,1,1,6.0
201600001313,0016-07-12 18:45:00,16,7,12,18,45,560,91,,,,Plein jour,En agglomération,Hors intersection,Normale,Deux véhicules - côté,,,,,,,,,,,1,2,1,1,3.0
201600001314,0016-07-24 00:01:00,16,7,24,0,1,560,102,,47.98802,-2.59013,Nuit sans éclairage public,Hors agglomération,Hors intersection,Normale,Deux véhicules - arrière,,,,,,,,,,,3,1,1,1,2.0
201600001315,0016-08-07 16:30:00,16,8,7,16,30,560,91,79 rue glatinier,47.9527,-2.55335,Plein jour,En agglomération,Hors intersection,Normale,Autre collision,,,,,,,,,,,1,2,1,1,6.0
201600001316,0016-09-04 14:45:00,16,9,4,14,45,560,172,,47.81541,-2.6518,Crépuscule ou aube,Hors agglomération,Hors intersection,Normale,Autre collision,,,,,,,,,,,2,1,1,1,6.0
201600001317,0016-11-06 15:30:00,16,11,6,15,30,560,59,,48.03855,-2.64536,Plein jour,Hors agglomération,Hors intersection,Pluie forte,Sans collision,,,,,,,,,,,1,1,1,3,7.0
201600001318,0016-11-04 19:45:00,16,11,4,19,45,560,82,,47.9753,-2.46405,Nuit sans éclairage public,Hors agglomération,Hors intersection,Pluie légère,Sans collision,,,,,,,,,,,3,1,1,2,7.0
201600001319,0016-04-02 09:30:00,16,4,2,9,30,560,113,,,,Plein jour,Hors agglomération,Hors intersection,Normale,Deux véhicules - côté,,,,,,,,,,,1,1,1,1,3.0
201600001320,0016-04-09 10:30:00,16,4,9,10,30,560,237,,48.02303,-2.93189,Plein jour,Hors agglomération,Intersection en X,Normale,Deux véhicules - côté,,,,,,,,,,,1,1,2,1,3.0
201600001321,0016-06-19 15:45:00,16,6,19,15,45,560,163,,48.0766,-3.33164,Plein jour,Hors agglomération,Hors intersection,Normale,Autre collision,,,,,,,,,,,1,1,1,1,6.0
201600001322,0016-06-29 00:15:00,16,6,29,0,15,560,237,,48.02701,-2.92027,Nuit avec éclairage non allumé,Hors agglomération,Hors intersection,Normale,Autre collision,,,,,,,,,,,4,1,1,1,6.0
201600001323,0016-08-25 16:00:00,16,8,25,16,0,560,151,,,,Plein jour,Hors agglomération,Hors intersection,Normale,Deux véhicules - arrière,,,,,,,,,,,1,1,1,1,2.0
201600001324,0016-08-26 18:45:00,16,8,26,18,45,560,110,,,,Plein jour,Hors agglomération,Hors intersection,Normale,Trois véhicules et plus - collisions multiples,,,,,,,,,,,1,1,1,1,5.0
201600001325,0016-09-03 16:30:00,16,9,3,16,30,560,237,,,,Plein jour,Hors agglomération,Hors intersection,Normale,Deux véhicules - arrière,,,,,,,,,,,1,1,1,1,2.0
201600001326,0016-11-05 17:45:00,16,11,5,17,45,560,41,Rue Théodore Huet,48.12236,-3.06614,Plein jour,En agglomération,Hors intersection,Normale,Deux véhicules - côté,,,,,,,,,,,1,2,1,1,3.0
201600001327,0016-11-22 18:15:00,16,11,22,18,15,560,125,,48.07241,-3.0235,Nuit sans éclairage public,Hors agglomération,Hors intersection,Normale,Autre collision,,,,,,,,,,,3,1,1,1,6.0
201600001328,0016-11-24 22:00:00,16,11,24,22,0,560,264,,48.00831,-3.31769,Nuit sans éclairage public,Hors agglomération,Hors intersection,Pluie légère,Autre collision,,,,,,,,,,,3,1,1,2,6.0
201600001329,0016-01-16 10:00:00,16,1,16,10,0,560,141,,,,Plein jour,Hors agglomération,Hors intersection,Normale,Deux véhicules - frontale,,,,,,,,,,,1,1,1,1,1.0
201600001330,0016-03-19 17:00:00,16,3,19,17,0,560,144,,48.00079,-2.8674,Plein jour,Hors agglomération,Hors intersection,Normale,Autre collision,,,,,,,,,,,1,1,1,1,6.0
201600001331,0016-05-04 13:15:00,16,5,4,13,15,560,74,,,,Plein jour,Hors agglomération,Hors intersection,Normale,Sans collision,,,,,,,,,,,1,1,1,1,7.0
201600001332,0016-06-25 15:30:00,16,6,25,15,30,560,140,,,,Plein jour,Hors agglomération,Hors intersection,Normale,Autre collision,,,,,,,,,,,1,1,1,1,6.0
201600001333,0016-07-16 10:00:00,16,7,16,10,0,560,174,,,,Plein jour,Hors agglomération,Hors intersection,Normale,Deux véhicules - côté,,,,,,,,,,,1,1,1,1,3.0
201600001334,0016-08-21 00:45:00,16,8,21,0,45,560,192,,47.93726,-2.88755,Nuit sans éclairage public,Hors agglomération,Hors intersection,Normale,Autre collision,,,,,,,,,,,3,1,1,1,6.0
201600001335,0016-10-04 10:45:00,16,10,4,10,45,560,10,,47.87745,-3.03041,Plein jour,Hors agglomération,Hors intersection,Normale,Deux véhicules - frontale,,,,,,,,,,,1,1,1,1,1.0
201600001336,0016-10-20 21:45:00,16,10,20,21,45,560,10,,48.06373,-2.94302,Nuit sans éclairage public,Hors agglomération,Hors intersection,Normale,Autre collision,,,,,,,,,,,3,1,1,1,6.0
201600001337,0016-11-08 10:15:00,16,11,8,10,15,560,142,,47.89616,-2.89701,Plein jour,Hors agglomération,Hors intersection,Normale,Deux véhicules - côté,,,,,,,,,,,1,1,1,1,3.0
201600001338,0016-12-05 08:15:00,16,12,5,8,15,560,141,,47.8649,-2.85135,Crépuscule ou aube,Hors agglomération,Hors intersection,Normale,Deux véhicules - côté,,,,,,,,,,,2,1,1,1,3.0
201600001339,0016-12-09 19:00:00,16,12,9,19,0,560,140,,47.95737,-2.78025,Nuit sans éclairage public,Hors agglomération,Hors intersection,Brouillard / fumée,Sans collision,,,,,,,,,,,3,1,1,5,7.0
201600001340,0016-01-16 22:50:00,16,1,16,22,50,560,201,,,,Nuit sans éclairage public,Hors agglomération,Hors intersection,Normale,Deux véhicules - frontale,,,,,,,,,,,3,1,1,1,1.0
201600001341,0016-05-14 20:15:00,16,5,14,20,15,560,201,rue de l'école,48.09034,-3.56177,Plein jour,En agglomération,Hors intersection,Normale,Trois véhicules et plus - collisions multiples,,,,,,,,,,,1,2,1,1,5.0
201600001342,0016-09-26 15:30:00,16,9,26,15,30,560,66,73 rue de pont ar len,48.13317,-3.59533,Plein jour,En agglomération,Hors intersection,Normale,Deux véhicules - frontale,,,,,,,,,,,1,2,1,1,1.0
201600001343,0016-01-05 08:00:00,16,1,5,8,0,140,76,,49.2257,-0.29993,Nuit sans éclairage public,Hors agglomération,Hors intersection,Normale,Deux véhicules - arrière,,,,,,,,,,,3,1,1,1,2.0
201600001344,0016-10-19 20:00:00,16,10,19,20,0,140,310,,,,Nuit sans éclairage public,Hors agglomération,Hors intersection,Normale,Trois véhicules et plus - collisions multiples,,,,,,,,,,,3,1,1,1,5.0
201600001345,0016-11-17 22:15:00,16,11,17,22,15,140,160,,,,Nuit sans éclairage public,Hors agglomération,Hors intersection,Normale,Trois véhicules et plus - collisions multiples,,,,,,,,,,,3,1,1,1,5.0
201600001346,0016-11-18 14:00:00,16,11,18,14,0,140,145,,49.0471,-0.28248,Plein jour,Hors agglomération,Hors intersection,Neige / grêle,Trois véhicules et plus - collisions multiples,,,,,,,,,,,1,1,1,4,5.0
201600001347,0016-12-19 10:15:00,16,12,19,10,15,140,310,,,,Plein jour,Hors agglomération,Hors intersection,Normale,Autre collision,,,,,,,,,,,1,1,1,1,6.0
201600001348,0016-03-12 12:15:00,16,3,12,12,15,140,76,,49.2322,-0.29104,Plein jour,Hors agglomération,Hors intersection,Normale,Autre collision,,,,,,,,,,,1,1,1,1,6.0
201600001349,0016-01-08 21:30:00,16,1,8,21,30,140,365,RD514,49.3132,-0.34028,Nuit avec éclairage non allumé,En agglomération,Hors intersection,Pluie forte,Deux véhicules - côté,,,,,,,,,,,4,2,1,3,3.0
201600001350,0016-01-13 12:00:00,16,1,13,12,0,140,384,,49.3076,-0.35902,Plein jour,En agglomération,Hors intersection,Normale,Autre collision,,,,,,,,,,,1,2,1,1,6.0
201600001351,0016-01-17 04:00:00,16,1,17,4,0,140,66,CD514,49.3317,-0.43106,Nuit sans éclairage public,En agglomération,Hors intersection,Normale,Autre collision,,,,,,,,,,,3,2,1,1,6.0
201600001352,0016-07-28 17:35:00,16,7,28,17,35,140,384,RUE DE L'EGLISE,49.3097,-0.35658,Plein jour,En agglomération,Intersection en T,Normale,Deux véhicules - frontale,,,,,,,,,,,1,2,3,1,1.0
201600001353,0016-09-13 05:30:00,16,9,13,5,30,140,228,,49.28,-0.378,Nuit sans éclairage public,Hors agglomération,Giratoire,Normale,Sans collision,,,,,,,,,,,3,1,6,1,7.0
201600001354,0016-10-02 09:50:00,16,10,2,9,50,140,66,RUE DU GÉNÉRAL DE GAULLE,49.3319,-0.40584,Plein jour,En agglomération,Intersection en X,Normale,Deux véhicules - côté,,,,,,,,,,,1,2,2,1,3.0
201600001355,0016-11-05 11:00:00,16,11,5,11,0,140,562,AVENUE DU GÉNÉRAL KOENIG,49.3278,-0.39646,Plein jour,En agglomération,Giratoire,Normale,Autre collision,,,,,,,,,,,1,2,6,1,6.0
201600001356,0016-11-13 12:45:00,16,11,13,12,45,140,758,,,,Plein jour,Hors agglomération,Hors intersection,Normale,Deux véhicules - frontale,,,,,,,,,,,1,1,1,1,1.0
201600001357,0016-11-22 07:30:00,16,11,22,7,30,140,170,LES BLANCROTTES,49.2587,-0.40686,Nuit sans éclairage public,Hors agglomération,Hors intersection,Normale,Sans collision,,,,,,,,,,,3,1,1,1,7.0
201600001358,0016-01-04 19:30:00,16,1,4,19,30,140,254,,49.1415,-0.41933,Nuit sans éclairage public,Hors agglomération,Hors intersection,Normale,Deux véhicules - frontale,,,,,,,,,,,3,1,1,1,1.0
201600001359,0016-01-10 07:00:00,16,1,10,7,0,140,42,LE BON REPOS RD8,49.1183,-0.47744,Crépuscule ou aube,Hors agglomération,Hors intersection,Normale,Autre collision,,,,,,,,,,,2,1,1,1,6.0
201600001360,0016-02-05 23:30:00,16,2,5,23,30,140,543,ROUTE DE LA SABLONNIÈRE,49.1971,-0.47244,Nuit sans éclairage public,En agglomération,Hors intersection,Normale,Autre collision,,,,,,,,,,,3,2,1,1,6.0
201600001361,0016-04-27 09:45:00,16,4,27,9,45,140,738,164 RUE GÉNÉRAL LECLERC,49.1523,-0.46241,Plein jour,En agglomération,Giratoire,Temps éblouissant,Autre collision,,,,,,,,,,,1,2,6,7,6.0
201600001362,0016-08-11 13:45:00,16,8,11,13,45,140,738,,49.1564,-0.4477,Plein jour,En agglomération,Hors intersection,Normale,Deux véhicules - côté,,,,,,,,,,,1,2,1,1,3.0
201600001363,0016-09-12 10:30:00,16,9,12,10,30,140,592,,,,Plein jour,Hors agglomération,Intersection en T,Normale,Deux véhicules - frontale,,,,,,,,,,,1,1,3,1,1.0
201600001364,0016-12-09 05:30:00,16,12,9,5,30,140,257,,,,Nuit sans éclairage public,Hors agglomération,Hors intersection,Normale,Sans collision,,,,,,,,,,,3,1,1,1,7.0
201600001365,0016-03-31 19:30:00,16,3,31,19,30,140,268,,49.0501,-0.1704,Crépuscule ou aube,Hors agglomération,Hors intersection,Normale,Sans collision,,,,,,,,,,,2,1,1,1,7.0
201600001366,0016-04-08 14:15:00,16,4,8,14,15,140,546,,49.0059,-0.18144,Plein jour,Hors agglomération,Hors intersection,Normale,Deux véhicules - arrière,,,,,,,,,,,1,1,1,1,2.0
201600001367,0016-04-29 08:45:00,16,4,29,8,45,140,20,RUE ST PATRICE,49.1241,-0.16792,Plein jour,En agglomération,Hors intersection,Pluie forte,Autre collision,,,,,,,,,,,1,2,1,3,6.0
201600001368,0016-05-10 17:45:00,16,5,10,17,45,140,92,RD89/RD225A(LA HOGUE),49.1168,-0.2721,Plein jour,En agglomération,Intersection en T,Normale,Deux véhicules - côté,,,,,,,,,,,1,2,3,1,3.0
201600001369,0016-06-09 12:30:00,16,6,9,12,30,140,603,,49.0286,-0.36749,Plein jour,Hors agglomération,Intersection en Y,Normale,Deux véhicules - frontale,,,,,,,,,,,1,1,4,1,1.0
201600001370,0016-06-24 21:45:00,16,6,24,21,45,140,149,RUE ANDRÉ LEMAITRE,49.0884,-0.11782,Plein jour,En agglomération,Hors intersection,Normale,Deux véhicules - frontale,,,,,,,,,,,1,2,1,1,1.0
201600001371,0016-08-04 19:45:00,16,8,4,19,45,140,456,,49.1029,-0.16355,Plein jour,Hors agglomération,Intersection en T,Normale,Deux véhicules - arrière,,,,,,,,,,,1,1,3,1,2.0
201600001372,0016-09-13 16:45:00,16,9,13,16,45,140,20,Rue du Maréchal Joffre,,,Plein jour,En agglomération,Hors intersection,Normale,Deux véhicules - côté,,,,,,,,,,,1,2,1,1,3.0
201600001373,0016-10-11 18:00:00,16,10,11,18,0,140,57,,,,Plein jour,Hors agglomération,Hors intersection,Normale,Deux véhicules - côté,,,,,,,,,,,1,1,1,1,3.0
201600001374,0016-10-30 15:30:00,16,10,30,15,30,140,456,RUE RAMBRANT BUGATTI,49.1186,-0.18776,Plein jour,En agglomération,Hors intersection,Normale,Sans collision,,,,,,,,,,,1,2,1,1,7.0
201600001375,0016-11-06 02:00:00,16,11,6,2,0,140,97,RUE DES TEMPLIERS,49.0233,-0.2614,Nuit avec éclairage non allumé,En agglomération,Hors intersection,Normale,Autre collision,,,,,,,,,,,4,2,1,1,6.0
201600001376,0016-12-10 12:00:00,16,12,10,12,0,140,74,,49.096,-0.212,Plein jour,Hors agglomération,Hors intersection,Normale,Sans collision,,,,,,,,,,,1,1,1,1,7.0
201600001377,0016-04-06 12:45:00,16,4,6,12,45,140,68,,49.246,-0.35419,Plein jour,Hors agglomération,Intersection en X,Pluie légère,Deux véhicules - côté,,,,,,,,,,,1,1,2,2,3.0
201600001378,0016-04-16 05:30:00,16,4,16,5,30,140,76,,49.2287,-0.29429,Nuit avec éclairage allumé,Hors agglomération,Hors intersection,Normale,Deux véhicules - arrière,,,,,,,,,,,5,1,1,1,2.0
201600001379,0016-06-22 10:45:00,16,6,22,10,45,140,166,,49.2908,-0.28139,Plein jour,En agglomération,Hors intersection,Normale,Autre collision,,,,,,,,,,,1,2,1,1,6.0
201600001380,0016-08-19 14:00:00,16,8,19,14,0,140,325,,49.2843,-0.31449,Plein jour,En agglomération,Intersection en T,Normale,Deux véhicules - côté,,,,,,,,,,,1,2,3,1,3.0
201600001381,0016-09-25 13:30:00,16,9,25,13,30,140,488,,,,Plein jour,Hors agglomération,Hors intersection,Normale,Autre collision,,,,,,,,,,,1,1,1,1,6.0
201600001382,0016-11-15 17:15:00,16,11,15,17,15,140,68,RUE D'OUTREVAL,49.2351,-0.32845,Crépuscule ou aube,En agglomération,Hors intersection,Pluie légère,Deux véhicules - côté,,,,,,,,,,,2,2,1,2,3.0
201600001383,0016-02-06 18:30:00,16,2,6,18,30,140,353,,49.0837,-0.55066,Nuit sans éclairage public,Hors agglomération,Hors intersection,Vent fort / tempête,Autre collision,,,,,,,,,,,3,1,1,6,6.0
201600001384,0016-04-30 10:45:00,16,4,30,10,45,140,143,RTE DE ST LO,49.0891,-0.81716,Plein jour,En agglomération,Intersection en T,Normale,Deux véhicules - côté,,,,,,,,,,,1,2,3,1,3.0
201600001385,0016-06-05 15:45:00,16,6,5,15,45,140,734,,49.1502,-0.61996,Plein jour,Hors agglomération,Hors intersection,Normale,Deux véhicules - frontale,,,,,,,,,,,1,1,1,1,1.0
201600001386,0016-06-30 17:45:00,16,6,30,17,45,140,143,,,,Plein jour,Hors agglomération,Hors intersection,Normale,Deux véhicules - frontale,,,,,,,,,,,1,1,1,1,1.0
201600001387,0016-07-05 08:00:00,16,7,5,8,0,140,353,LE PONT DE LANDES (LIEUD,49.0768,-0.55732,Plein jour,Hors agglomération,Hors intersection,Pluie légère,Deux véhicules - frontale,,,,,,,,,,,1,1,1,2,1.0
201600001388,0016-07-19 16:30:00,16,7,19,16,30,140,373,LE DOUET BANNEVILLE,49.0978,-0.56786,Plein jour,Hors agglomération,Hors intersection,Normale,Deux véhicules - frontale,,,,,,,,,,,1,1,1,1,1.0
201600001389,0016-08-23 15:45:00,16,8,23,15,45,140,232,D82,49.2237,-0.61361,Plein jour,En agglomération,Hors intersection,Normale,Deux véhicules - frontale,,,,,,,,,,,1,2,1,1,1.0
201600001390,0016-08-28 20:30:00,16,8,28,20,30,140,336,ROUTE DE CAUMONT,49.1522,-0.65173,Plein jour,En agglomération,Hors intersection,Normale,Autre collision,,,,,,,,,,,1,2,1,1,6.0
201600001391,0016-09-08 17:30:00,16,9,8,17,30,140,702,,49.112,-0.593,Plein jour,Hors agglomération,Hors intersection,Normale,Deux véhicules - côté,,,,,,,,,,,1,1,1,1,3.0
201600001392,0016-10-08 16:45:00,16,10,8,16,45,140,120,LIEU-DIT MONDANT,49.0775,-0.78694,Plein jour,Hors agglomération,Hors intersection,Normale,Sans collision,,,,,,,,,,,1,1,1,1,7.0
201600001393,0016-01-01 09:20:00,16,1,1,9,20,140,712,,49.1904,-0.1965,Plein jour,Hors agglomération,Hors intersection,Normale,Autre collision,,,,,,,,,,,1,1,1,1,6.0
201600001394,0016-01-05 19:45:00,16,1,5,19,45,140,9,,49.2558,-0.24039,Nuit sans éclairage public,Hors agglomération,Hors intersection,Normale,Autre collision,,,,,,,,,,,3,1,1,1,6.0
201600001395,0016-02-06 21:30:00,16,2,6,21,30,140,712,,49.1887,-0.17832,Nuit sans éclairage public,Hors agglomération,Hors intersection,Pluie légère,Deux véhicules - frontale,,,,,,,,,,,3,1,1,2,1.0
201600001396,0016-05-25 22:00:00,16,5,25,22,0,140,530,RUE MOTTEN,49.2359,-0.25677,Nuit sans éclairage public,En agglomération,Hors intersection,Normale,Sans collision,,,,,,,,,,,3,2,1,1,7.0
201600001397,0016-07-16 18:15:00,16,7,16,18,15,140,530,,49.2362,-0.2381,Plein jour,Hors agglomération,Intersection en X,Normale,Deux véhicules - côté,,,,,,,,,,,1,1,2,1,3.0
201600001398,0016-10-20 19:42:00,16,10,20,19,42,140,666,,49.1829,-0.22347,Nuit sans éclairage public,En agglomération,Hors intersection,Normale,Sans collision,,,,,,,,,,,3,2,1,1,7.0
201600001399,0016-10-29 10:45:00,16,10,29,10,45,140,9,10 RUE DE CABOURG,49.2475,-0.24799,Plein jour,Hors agglomération,Hors intersection,Normale,Deux véhicules - côté,,,,,,,,,,,1,1,1,1,3.0
201600001400,0016-12-17 19:30:00,16,12,17,19,30,140,9,,,,Nuit sans éclairage public,Hors agglomération,Hors intersection,Brouillard / fumée,Deux véhicules - frontale,,,,,,,,,,,3,1,1,5,1.0
201600001401,0016-01-07 10:30:00,16,1,7,10,30,140,732,,49.3089,-0.70075,Plein jour,Hors agglomération,Hors intersection,Vent fort / tempête,Deux véhicules - frontale,,,,,,,,,,,1,1,1,6,1.0
201600001402,0016-05-03 17:30:00,16,5,3,17,30,140,47,RUE DE LA CROIX TOY,,,Plein jour,En agglomération,Hors intersection,Temps éblouissant,Autre collision,,,,,,,,,,,1,2,1,7,6.0
201600001403,0016-04-28 21:40:00,16,4,28,21,40,140,47,,49.273,-0.68924,Nuit avec éclairage allumé,En agglomération,Giratoire,Normale,Deux véhicules - arrière,,,,,,,,,,,5,2,6,1,2.0
201600001404,0016-06-09 20:15:00,16,6,9,20,15,140,346,,49.1911,-0.68942,Plein jour,Hors agglomération,Hors intersection,Normale,Deux véhicules - frontale,,,,,,,,,,,1,1,1,1,1.0
201600001405,0016-06-27 14:45:00,16,6,27,14,45,140,47,RUE DU DR MICHEL,,,Plein jour,En agglomération,Hors intersection,Normale,Deux véhicules - arrière,,,,,,,,,,,1,2,1,1,2.0
201600001406,0016-07-04 18:30:00,16,7,4,18,30,140,728,,49.2842,-0.72724,Plein jour,Hors agglomération,Hors intersection,Normale,Autre collision,,,,,,,,,,,1,1,1,1,6.0
201600001407,0016-09-04 15:45:00,16,9,4,15,45,140,529,,49.269,-0.758,Plein jour,Hors agglomération,Hors intersection,Normale,Deux véhicules - arrière,,,,,,,,,,,1,1,1,1,2.0
201600001408,0016-12-31 06:45:00,16,12,31,6,45,140,480,,49.336,-1.072,Nuit sans éclairage public,Hors agglomération,Hors intersection,Autre,Sans collision,,,,,,,,,,,3,1,1,9,7.0
201600001409,0016-01-10 00:01:00,16,1,10,0,1,140,614,,49.2306,-0.96996,Nuit sans éclairage public,Hors agglomération,Hors intersection,Pluie légère,Autre collision,,,,,,,,,,,3,1,1,2,6.0
201600001410,0016-01-21 08:00:00,16,1,21,8,0,140,700,,49.3021,-0.80051,Crépuscule ou aube,Hors agglomération,Intersection en X,Normale,Deux véhicules - côté,,,,,,,,,,,2,1,2,1,3.0
201600001411,0016-01-13 14:00:00,16,1,13,14,0,140,370,RUE DE BAYEUX,49.2429,-0.87187,Plein jour,En agglomération,Hors intersection,Normale,Autre collision,,,,,,,,,,,1,2,1,1,6.0
201600001412,0016-03-18 18:45:00,16,3,18,18,45,140,370,,49.2268,-0.87633,Crépuscule ou aube,En agglomération,Autre intersection,Normale,Sans collision,,,,,,,,,,,2,2,9,1,7.0
201600001413,0016-04-16 19:30:00,16,4,16,19,30,140,622,,49.23,-0.95793,Plein jour,Hors agglomération,Hors intersection,Temps éblouissant,Autre collision,,,,,,,,,,,1,1,1,7,6.0
201600001414,0016-05-24 09:00:00,16,5,24,9,0,140,50,LE BOURG,49.1624,-0.86814,Plein jour,En agglomération,Hors intersection,Normale,Deux véhicules - côté,,,,,,,,,,,1,2,1,1,3.0
201600001415,0016-05-24 21:45:00,16,5,24,21,45,140,272,LE NID À OIES (CARREFOUR,49.2691,-0.96981,Plein jour,Hors agglomération,Intersection en X,Normale,Deux véhicules - côté,,,,,,,,,,,1,1,2,1,3.0
201600001416,0016-06-09 17:00:00,16,6,9,17,0,140,369,L'ÉGLISE,,,Plein jour,En agglomération,Hors intersection,Normale,Deux véhicules - côté,,,,,,,,,,,1,2,1,1,3.0
201600001417,0016-08-04 12:15:00,16,8,4,12,15,140,370,PLACE DES PETITS COCHONS,,,Plein jour,En agglomération,Place,Normale,Autre collision,,,,,,,,,,,1,2,7,1,6.0
201600001418,0016-08-12 16:30:00,16,8,12,16,30,140,312,RUE HAUTE VOIE,49.3864,-1.04801,Plein jour,En agglomération,Intersection en X,Normale,Autre collision,,,,,,,,,,,1,2,2,1,6.0
201600001419,0016-08-25 10:00:00,16,8,25,10,0,140,342,,,,Plein jour,Hors agglomération,Hors intersection,Normale,Autre collision,,,,,,,,,,,1,1,1,1,6.0
201600001420,0016-09-01 09:45:00,16,9,1,9,45,140,714,,49.23,-0.816,Plein jour,Hors agglomération,Intersection en X,Normale,Deux véhicules - côté,,,,,,,,,,,1,1,2,1,3.0
201600001421,0016-10-01 20:45:00,16,10,1,20,45,140,643,LE MONT TIRLY,49.2172,-0.75832,Nuit sans éclairage public,Hors agglomération,Hors intersection,Pluie légère,Trois véhicules et plus - collisions multiples,,,,,,,,,,,3,1,1,2,5.0
201600001422,0016-10-19 16:30:00,16,10,19,16,30,140,342,RUE DE LITTRY,49.3154,-1.10107,Plein jour,En agglomération,Hors intersection,Normale,Autre collision,,,,,,,,,,,1,2,1,1,6.0
201600001423,0016-11-04 07:30:00,16,11,4,7,30,140,370,RD 15,49.2426,-0.87309,Nuit avec éclairage allumé,En agglomération,Hors intersection,Normale,Autre collision,,,,,,,,,,,5,2,1,1,6.0
201600001424,0016-12-06 17:00:00,16,12,6,17,0,140,716,,49.194,-0.721,Plein jour,Hors agglomération,Hors intersection,Normale,Deux véhicules - frontale,,,,,,,,,,,1,1,1,1,1.0
201600001425,0016-12-09 20:45:00,16,12,9,20,45,140,312,,,,Nuit sans éclairage public,Hors agglomération,Hors intersection,Normale,Autre collision,,,,,,,,,,,3,1,1,1,6.0
201600001426,0016-12-06 09:30:00,16,12,6,9,30,140,705,,,,Crépuscule ou aube,Hors agglomération,Hors intersection,Normale,Autre collision,,,,,,,,,,,2,1,1,1,6.0
201600001427,0016-12-11 17:45:00,16,12,11,17,45,140,370,,49.265,-0.915,Nuit sans éclairage public,Hors agglomération,Hors intersection,Brouillard / fumée,Sans collision,,,,,,,,,,,3,1,1,5,7.0
201600001428,0016-02-03 14:15:00,16,2,3,14,15,140,720,,48.9519,-0.27046,Plein jour,Hors agglomération,Hors intersection,Normale,Sans collision,,,,,,,,,,,1,1,1,1,7.0
201600001429,0016-09-01 10:00:00,16,9,1,10,0,140,737,,,,Plein jour,Hors agglomération,Hors intersection,Normale,Deux véhicules - côté,,,,,,,,,,,1,1,1,1,3.0
201600001430,0016-09-21 15:15:00,16,9,21,15,15,140,258,L ATTACHE,,,Plein jour,En agglomération,Hors intersection,Normale,Deux véhicules - frontale,,,,,,,,,,,1,2,1,1,1.0
201600001431,0016-09-23 06:45:00,16,9,23,6,45,140,258,,,,Crépuscule ou aube,Hors agglomération,Hors intersection,Brouillard / fumée,Autre collision,,,,,,,,,,,2,1,1,5,6.0