accident_id,datetime,annee,mois,jour,heure,minute,departement,commune_insee,adresse,latitude,longitude,luminosite,agglomeration,intersection,meteo,collision,nb_vehicules,nb_usagers,nb_indemnes,nb_tues,nb_blesses_hosp,nb_blesses_legers,age_cond_1,age_cond_2,veh_type_cond_1,veh_type_cond_2,lum_code,agg_code,int_code,atm_code,col_code
201600001432,0016-11-09 18:15:00,16,11,9,18,15,140,258,RUE DU CHAMPS ST GEORGES,48.8899,-0.19079,Nuit avec éclairage allumé,En agglomération,Hors intersection,Pluie légère,Autre collision,,,,,,,,,,,5,2,1,2,6.0
201600001433,0016-11-14 21:30:00,16,11,14,21,30,140,258,ROND POINT DE L'ATTACHE,48.9068,-0.20616,Nuit avec éclairage allumé,En agglomération,Giratoire,Pluie légère,Sans collision,,,,,,,,,,,5,2,6,2,7.0
201600001434,0016-11-17 08:00:00,16,11,17,8,0,140,244,,48.9016,-0.17307,Plein jour,Hors agglomération,Hors intersection,Normale,Deux véhicules - côté,,,,,,,,,,,1,1,1,1,3.0
201600001435,0016-12-06 19:00:00,16,12,6,19,0,140,258,Bd fontaine couverte,,,Nuit avec éclairage allumé,En agglomération,Hors intersection,Normale,Autre collision,,,,,,,,,,,5,2,1,1,6.0
201600001436,0016-12-31 04:00:00,16,12,31,4,0,140,244,,,,Nuit sans éclairage public,Hors agglomération,Hors intersection,Autre,Autre collision,,,,,,,,,,,3,1,1,9,6.0
201600001437,0016-08-30 14:15:00,16,8,30,14,15,140,251,,48.9671,-0.43446,Plein jour,Hors agglomération,Hors intersection,Normale,Autre collision,,,,,,,,,,,1,1,1,1,6.0
201600001438,0016-01-13 11:45:00,16,1,13,11,45,140,713,,49.0558,-0.4887,Plein jour,Hors agglomération,Hors intersection,Temps couvert,Sans collision,,,,,,,,,,,1,1,1,8,7.0
201600001439,0016-01-30 17:30:00,16,1,30,17,30,140,656,,48.9398,-0.50399,Crépuscule ou aube,En agglomération,Hors intersection,Pluie légère,Deux véhicules - frontale,,,,,,,,,,,2,2,1,2,1.0
201600001440,0016-02-06 02:00:00,16,2,6,2,0,140,764,,48.8719,-0.41355,Nuit avec éclairage allumé,En agglomération,Hors intersection,Normale,Autre collision,,,,,,,,,,,5,2,1,1,6.0
201600001441,0016-11-06 17:00:00,16,11,6,17,0,140,150,,,,Crépuscule ou aube,Hors agglomération,Hors intersection,Normale,Deux véhicules - côté,,,,,,,,,,,2,1,1,1,3.0
201600001442,0016-11-07 08:15:00,16,11,7,8,15,140,531,,48.8581,-0.35905,Plein jour,Hors agglomération,Hors intersection,Temps couvert,Autre collision,,,,,,,,,,,1,1,1,8,6.0
201600001443,0016-11-11 08:45:00,16,11,11,8,45,140,207,LA MOISSONNIÈRE,49.0137,-0.44509,Plein jour,En agglomération,Hors intersection,Normale,Deux véhicules - frontale,,,,,,,,,,,1,2,1,1,1.0
201600001444,0016-11-06 00:01:00,16,11,6,0,1,140,703,,,,Nuit sans éclairage public,Hors agglomération,Hors intersection,Pluie légère,Sans collision,,,,,,,,,,,3,1,1,2,7.0
201600001445,0016-04-04 07:15:00,16,4,4,7,15,140,764,,,,Crépuscule ou aube,Hors agglomération,Hors intersection,Normale,Deux véhicules - frontale,,,,,,,,,,,2,1,1,1,1.0
201600001446,0016-12-11 13:00:00,16,12,11,13,0,140,251,,,,Plein jour,Hors agglomération,Hors intersection,Temps couvert,Autre collision,,,,,,,,,,,1,1,1,8,6.0
201600001447,0016-06-10 17:00:00,16,6,10,17,0,140,531,,48.8582,-0.359,Plein jour,Hors agglomération,Hors intersection,Normale,Sans collision,,,,,,,,,,,1,1,1,1,7.0
201600001448,0016-07-06 18:00:00,16,7,6,18,0,140,656,RUE DE L'ORNE,,,Plein jour,En agglomération,Hors intersection,Normale,Sans collision,,,,,,,,,,,1,2,1,1,7.0
201600001449,0016-02-22 13:15:00,16,2,22,13,15,140,654,RUE DE FALAISE,49.0168,-0.03475,Plein jour,En agglomération,Hors intersection,Normale,Autre collision,,,,,,,,,,,1,2,1,1,6.0
201600001450,0016-02-24 19:30:00,16,2,24,19,30,140,648,LA BOSQUETTERIE,49.1359,0.16164,Nuit sans éclairage public,Hors agglomération,Hors intersection,Normale,Autre collision,,,,,,,,,,,3,1,1,1,6.0
201600001451,0016-03-13 10:45:00,16,3,13,10,45,140,425,,49.0846,0.10847,Plein jour,Hors agglomération,Intersection en X,Normale,Deux véhicules - frontale,,,,,,,,,,,1,1,2,1,1.0
201600001452,0016-03-12 17:00:00,16,3,12,17,0,140,337,,49.1287,0.10662,Plein jour,Hors agglomération,Hors intersection,Normale,Sans collision,,,,,,,,,,,1,1,1,1,7.0
201600001453,0016-04-13 18:30:00,16,4,13,18,30,140,749,LE MESNIL,49.0564,-0.13339,Plein jour,Hors agglomération,Intersection en Y,Temps éblouissant,Deux véhicules - frontale,,,,,,,,,,,1,1,4,7,1.0
201600001454,0016-04-19 16:45:00,16,4,19,16,45,140,648,,49.131,0.14816,Plein jour,Hors agglomération,Hors intersection,Normale,Sans collision,,,,,,,,,,,1,1,1,1,7.0
201600001455,0016-06-26 19:00:00,16,6,26,19,0,140,331,,49.0267,-0.02923,Plein jour,Hors agglomération,Intersection en T,Normale,Deux véhicules - côté,,,,,,,,,,,1,1,3,1,3.0
201600001456,0016-07-22 16:45:00,16,7,22,16,45,140,749,,49.0725,-0.13336,Plein jour,Hors agglomération,Hors intersection,Normale,Deux véhicules - frontale,,,,,,,,,,,1,1,1,1,1.0
201600001457,0016-08-02 18:15:00,16,8,2,18,15,140,362,,49.0797,0.15479,Plein jour,Hors agglomération,Intersection en X,Normale,Deux véhicules - côté,,,,,,,,,,,1,1,2,1,3.0
201600001458,0016-08-22 17:00:00,16,8,22,17,0,140,431,RUE EUGENE LERITEAU,49.0746,-0.07262,Plein jour,En agglomération,Intersection en X,Normale,Deux véhicules - côté,,,,,,,,,,,1,2,2,1,3.0
201600001459,0016-09-08 17:30:00,16,9,8,17,30,140,431,,,,Plein jour,Hors agglomération,Hors intersection,Normale,Deux véhicules - côté,,,,,,,,,,,1,1,1,1,3.0
201600001460,0016-09-10 16:00:00,16,9,10,16,0,140,422,,,,Plein jour,Hors agglomération,Hors intersection,Normale,Autre collision,,,,,,,,,,,1,1,1,1,6.0
201600001461,0016-10-21 18:30:00,16,10,21,18,30,140,331,LA MARTELLERIE,49.0193,-0.00485,Crépuscule ou aube,Hors agglomération,Hors intersection,Pluie légère,Autre collision,,,,,,,,,,,2,1,1,2,6.0
201600001462,0016-11-15 18:15:00,16,11,15,18,15,140,431,AVENUE JEAN JAURÈS,49.0743,-0.06843,Nuit avec éclairage allumé,En agglomération,Hors intersection,Pluie légère,Sans collision,,,,,,,,,,,5,2,1,2,7.0
201600001463,0016-10-16 05:15:00,16,10,16,5,15,140,735,,,,Nuit sans éclairage public,Hors agglomération,Hors intersection,Vent fort / tempête,Autre collision,,,,,,,,,,,3,1,1,6,6.0
201600001464,0016-12-04 17:00:00,16,12,4,17,0,140,425,,49.099,0.121,Nuit sans éclairage public,Hors agglomération,Hors intersection,Normale,Autre collision,,,,,,,,,,,3,1,1,1,6.0
201600001465,0016-01-31 00:10:00,16,1,31,0,10,140,371,66 RUE MARCEL GAMBIER,49.0049,0.14723,Nuit avec éclairage allumé,En agglomération,Hors intersection,Pluie légère,Autre collision,,,,,,,,,,,5,2,1,2,6.0
201600001466,0016-02-09 09:45:00,16,2,9,9,45,140,326,,49.1779,0.29736,Plein jour,Hors agglomération,Hors intersection,Pluie forte,Autre collision,,,,,,,,,,,1,1,1,3,6.0
201600001467,0016-05-29 20:15:00,16,5,29,20,15,140,460,,49.2014,0.31987,Plein jour,Hors agglomération,Hors intersection,Normale,Autre collision,,,,,,,,,,,1,1,1,1,6.0
201600001468,0016-06-02 10:00:00,16,6,2,10,0,140,429,,48.9918,0.31778,Plein jour,Hors agglomération,Hors intersection,Temps couvert,Deux véhicules - frontale,,,,,,,,,,,1,1,1,8,1.0
201600001469,0016-06-30 12:30:00,16,6,30,12,30,140,504,,49.2078,0.33928,Plein jour,Hors agglomération,Intersection en X,Temps couvert,Deux véhicules - côté,,,,,,,,,,,1,1,2,8,3.0
201600001470,0016-08-28 04:00:00,16,8,28,4,0,140,193,,49.1206,0.33525,Nuit sans éclairage public,Hors agglomération,Hors intersection,Normale,Autre collision,,,,,,,,,,,3,1,1,1,6.0
201600001471,0016-09-04 05:30:00,16,9,4,5,30,140,270,,49.149,0.304,Nuit sans éclairage public,Hors agglomération,Hors intersection,Autre,Sans collision,,,,,,,,,,,3,1,1,9,7.0
201600001472,0016-09-10 17:00:00,16,9,10,17,0,140,460,,49.19,0.301,Plein jour,Hors agglomération,Hors intersection,Normale,Deux véhicules - côté,,,,,,,,,,,1,1,1,1,3.0
201600001473,0016-10-26 13:30:00,16,10,26,13,30,140,582,,49.0672,0.18595,Plein jour,Hors agglomération,Hors intersection,Normale,Deux véhicules - arrière,,,,,,,,,,,1,1,1,1,2.0
201600001474,0016-12-22 18:30:00,16,12,22,18,30,140,504,,49.21,0.333,Nuit sans éclairage public,Hors agglomération,Hors intersection,Normale,Deux véhicules - arrière,,,,,,,,,,,3,1,1,1,2.0
201600001475,0016-11-09 13:00:00,16,11,9,13,0,140,431,LE BOIS MAUGER,49.0797,0.15479,Plein jour,Hors agglomération,Intersection en X,Temps couvert,Deux véhicules - côté,,,,,,,,,,,1,1,2,8,3.0
201600001476,0016-01-13 03:45:00,16,1,13,3,45,140,86,D677,49.3242,0.12467,Nuit sans éclairage public,Hors agglomération,Hors intersection,Vent fort / tempête,Autre collision,,,,,,,,,,,3,1,1,6,6.0
201600001477,0016-04-13 10:00:00,16,4,13,10,0,140,269,,49.248,0.235,Plein jour,Hors agglomération,Hors intersection,Normale,Deux véhicules - frontale,,,,,,,,,,,1,1,1,1,1.0
201600001478,0016-06-25 00:15:00,16,6,25,0,15,140,593,,49.2375,0.15879,Nuit sans éclairage public,Hors agglomération,Hors intersection,Normale,Autre collision,,,,,,,,,,,3,1,1,1,6.0
201600001479,0016-07-17 01:30:00,16,7,17,1,30,140,514,RUE DE VAUCELLES,49.2832,0.18049,Nuit avec éclairage allumé,En agglomération,Intersection en X,Normale,Deux véhicules - côté,,,,,,,,,,,5,2,2,1,3.0
201600001480,0016-08-07 19:15:00,16,8,7,19,15,140,578,,,,Plein jour,Hors agglomération,Hors intersection,Normale,Trois véhicules et plus - collisions multiples,,,,,,,,,,,1,1,1,1,5.0
201600001481,0016-08-21 10:00:00,16,8,21,10,0,140,77,ROUTE DU BREVEDENT,,,Plein jour,En agglomération,Hors intersection,Normale,Autre collision,,,,,,,,,,,1,2,1,1,6.0
201600001482,0016-11-14 07:15:00,16,11,14,7,15,140,185,,49.3054,0.18454,Nuit sans éclairage public,Hors agglomération,Hors intersection,Normale,Sans collision,,,,,,,,,,,3,1,1,1,7.0
201600001483,0016-11-15 18:15:00,16,11,15,18,15,140,578,,49.3433,0.20212,Nuit sans éclairage public,Hors agglomération,Hors intersection,Pluie légère,Deux véhicules - côté,,,,,,,,,,,3,1,1,2,3.0
201600001484,0016-04-15 11:30:00,16,4,15,11,30,140,723,,49.2351,0.09681,Plein jour,Hors agglomération,Intersection en X,Normale,Deux véhicules - côté,,,,,,,,,,,1,1,2,1,3.0
201600001485,0016-05-16 09:00:00,16,5,16,9,0,140,227,,49.2742,-0.01896,Plein jour,Hors agglomération,Hors intersection,Normale,Trois véhicules et plus - collisions multiples,,,,,,,,,,,1,1,1,1,5.0
201600001486,0016-06-03 15:15:00,16,6,3,15,15,140,541,,49.1709,0.0781,Plein jour,Hors agglomération,Intersection en T,Normale,Deux véhicules - frontale,,,,,,,,,,,1,1,3,1,1.0
201600001487,0016-08-16 08:30:00,16,8,16,8,30,140,203,,49.2308,-0.08695,Plein jour,Hors agglomération,Intersection en T,Temps éblouissant,Deux véhicules - frontale,,,,,,,,,,,1,1,3,7,1.0
201600001488,0016-09-26 21:15:00,16,9,26,21,15,140,541,,,,Nuit sans éclairage public,Hors agglomération,Hors intersection,Normale,Autre collision,,,,,,,,,,,3,1,1,1,6.0
201600001489,0016-10-19 20:00:00,16,10,19,20,0,140,398,,49.195,0.18763,Nuit sans éclairage public,Hors agglomération,Hors intersection,Pluie légère,Autre collision,,,,,,,,,,,3,1,1,2,6.0
201600001490,0016-10-29 15:15:00,16,10,29,15,15,140,494,,49.2717,-0.10376,Plein jour,Hors agglomération,Intersection en T,Normale,Deux véhicules - côté,,,,,,,,,,,1,1,3,1,3.0
201600001491,0016-11-30 14:50:00,16,11,30,14,50,140,524,,49.2249,-0.06608,Plein jour,Hors agglomération,Hors intersection,Temps éblouissant,Deux véhicules - côté,,,,,,,,,,,1,1,1,7,3.0
201600001492,0016-01-17 11:20:00,16,1,17,11,20,140,584,8 ROUTE DE SOURDEVAL,48.8013,-0.89298,Plein jour,En agglomération,Intersection en T,Normale,Deux véhicules - arrière,,,,,,,,,,,1,2,3,1,2.0
201600001493,0016-02-03 18:00:00,16,2,3,18,0,140,671,,48.8541,-1.03824,Crépuscule ou aube,Hors agglomération,Hors intersection,Normale,Autre collision,,,,,,,,,,,2,1,1,1,6.0
201600001494,0016-02-14 05:30:00,16,2,14,5,30,140,187,RUE DE LA MAIRIE,48.8726,-0.91406,Nuit sans éclairage public,En agglomération,Hors intersection,Pluie légère,Autre collision,,,,,,,,,,,3,2,1,2,6.0
201600001495,0016-03-22 22:30:00,16,3,22,22,30,140,513,,48.9612,-1.04665,Nuit sans éclairage public,Hors agglomération,Hors intersection,Normale,Deux véhicules - frontale,,,,,,,,,,,3,1,1,1,1.0
201600001496,0016-05-18 14:00:00,16,5,18,14,0,140,762,4 RUE EMILE DESVAUX,48.8373,-0.8853,Plein jour,En agglomération,Hors intersection,Pluie forte,Autre collision,,,,,,,,,,,1,2,1,3,6.0
201600001497,0016-07-10 08:30:00,16,7,10,8,30,140,762,4 RUE EMILE CHENEL,,,Plein jour,En agglomération,Hors intersection,Normale,Deux véhicules - arrière,,,,,,,,,,,1,2,1,1,2.0
201600001498,0016-08-09 15:30:00,16,8,9,15,30,140,187,,,,Plein jour,Hors agglomération,Hors intersection,Normale,Deux véhicules - frontale,,,,,,,,,,,1,1,1,1,1.0
201600001499,0016-08-20 10:00:00,16,8,20,10,0,140,762,RUE DU GÉNÉRAL LECLERC,,,Plein jour,En agglomération,Hors intersection,Normale,Autre collision,,,,,,,,,,,1,2,1,1,6.0
201600001500,0016-09-16 14:15:00,16,9,16,14,15,140,417,,,,Plein jour,Hors agglomération,Hors intersection,Normale,Deux véhicules - côté,,,,,,,,,,,1,1,1,1,3.0
201600001501,0016-11-10 07:00:00,16,11,10,7,0,140,584,,,,Crépuscule ou aube,Hors agglomération,Hors intersection,Pluie légère,Deux véhicules - frontale,,,,,,,,,,,2,1,1,2,1.0
201600001502,0016-11-09 14:45:00,16,11,9,14,45,140,417,LA RENAUDIÈRE,48.8521,-0.97192,Plein jour,Hors agglomération,Hors intersection,Pluie légère,Deux véhicules - frontale,,,,,,,,,,,1,1,1,2,1.0
201600001503,0016-12-10 04:00:00,16,12,10,4,0,140,545,,,,Nuit avec éclairage non allumé,Hors agglomération,Hors intersection,Normale,Autre collision,,,,,,,,,,,4,1,1,1,6.0
201600001504,0016-12-14 13:15:00,16,12,14,13,15,140,417,,46.0,-0.016,Plein jour,Hors agglomération,Intersection en T,Normale,Deux véhicules - côté,,,,,,,,,,,1,1,3,1,3.0
201600001505,0016-12-31 14:15:00,16,12,31,14,15,140,579,,,,Plein jour,Hors agglomération,Hors intersection,Autre,Autre collision,,,,,,,,,,,1,1,1,9,6.0
201600001506,0016-01-11 10:45:00,16,1,11,10,45,140,508,,48.9666,-0.6137,Plein jour,Hors agglomération,Hors intersection,Pluie légère,Autre collision,,,,,,,,,,,1,1,1,2,6.0
201600001507,0016-03-12 14:45:00,16,3,12,14,45,140,443,LA PAILLOLE,48.9681,-0.70563,Plein jour,Hors agglomération,Hors intersection,Normale,Sans collision,,,,,,,,,,,1,1,1,1,7.0
201600001508,0016-05-25 11:15:00,16,5,25,11,15,140,412,LA FÊTERIE (LIEU-DIT),49.0504,-0.59458,Plein jour,Hors agglomération,Hors intersection,Normale,Autre collision,,,,,,,,,,,1,1,1,1,6.0
201600001509,0016-07-15 07:30:00,16,7,15,7,30,140,52,LE BOURG,48.9139,-0.8248,Crépuscule ou aube,En agglomération,Intersection en X,Brouillard / fumée,Deux véhicules - côté,,,,,,,,,,,2,2,2,5,3.0
201600001510,0016-09-03 11:45:00,16,9,3,11,45,140,412,le hamelet,,,Plein jour,En agglomération,Hors intersection,Normale,Autre collision,,,,,,,,,,,1,2,1,1,6.0
201600001511,0016-10-20 16:45:00,16,10,20,16,45,140,27,LIEU-DIT LE MOULIN,49.0278,-0.63329,Plein jour,Hors agglomération,Hors intersection,Pluie légère,Sans collision,,,,,,,,,,,1,1,1,2,7.0
201600001512,0016-04-11 15:45:00,16,4,11,15,45,140,174,RUE DE LA PETITE VITESSE,48.8405,-0.55573,Plein jour,En agglomération,Hors intersection,Pluie légère,Autre collision,,,,,,,,,,,1,2,1,2,6.0
201600001513,0016-04-30 14:30:00,16,4,30,14,30,140,174,RUE JULES GERMAIN,48.8482,-0.54949,Plein jour,En agglomération,Hors intersection,Normale,Deux véhicules - côté,,,,,,,,,,,1,2,1,1,3.0
201600001514,0016-05-28 12:30:00,16,5,28,12,30,140,572,,48.873,-0.48761,Plein jour,Hors agglomération,Hors intersection,Normale,Sans collision,,,,,,,,,,,1,1,1,1,7.0
201600001515,0016-09-03 17:45:00,16,9,3,17,45,140,585,,,,Plein jour,Hors agglomération,Hors intersection,Normale,Deux véhicules - côté,,,,,,,,,,,1,1,1,1,3.0
201600001516,0016-09-04 15:45:00,16,9,4,15,45,140,756,,,,Plein jour,Hors agglomération,Hors intersection,Normale,Autre collision,,,,,,,,,,,1,1,1,1,6.0
201600001517,0016-09-23 13:15:00,16,9,23,13,15,140,174,4 rue vaubaillon,,,Plein jour,En agglomération,Hors intersection,Normale,Deux véhicules - côté,,,,,,,,,,,1,2,1,1,3.0
201600001518,0016-11-11 20:45:00,16,11,11,20,45,140,253,D55,48.8988,-0.73772,Nuit avec éclairage allumé,En agglomération,Hors intersection,Normale,Deux véhicules - côté,,,,,,,,,,,5,2,1,1,3.0
201600001519,0016-11-18 11:30:00,16,11,18,11,30,140,442,,,,Plein jour,Hors agglomération,Hors intersection,Vent fort / tempête,Deux véhicules - arrière,,,,,,,,,,,1,1,1,6,2.0
201600001520,0016-11-23 12:15:00,16,11,23,12,15,140,174,RUE SAINT JACQUES,48.8533,-0.54572,Plein jour,En agglomération,Intersection en T,Normale,Trois véhicules et plus - collisions multiples,,,,,,,,,,,1,2,3,1,5.0
201600001521,0016-06-01 18:45:00,16,6,1,18,45,500,538,,49.1229,-1.02077,Plein jour,Hors agglomération,Hors intersection,Pluie légère,Trois véhicules et plus - collisions multiples,,,,,,,,,,,1,1,1,2,5.0
201600001522,0016-01-07 16:00:00,16,1,7,16,0,500,485,RUE DE LA 101È AIRBORNE,49.3038,-1.24903,Plein jour,En agglomération,Hors intersection,Normale,Sans collision,,,,,,,,,,,1,2,1,1,7.0
201600001523,0016-01-28 07:30:00,16,1,28,7,30,500,107,BANVILLE,49.308,-1.18008,Nuit sans éclairage public,Hors agglomération,Intersection en X,Normale,Deux véhicules - côté,,,,,,,,,,,3,1,2,1,3.0
201600001524,0016-08-18 17:45:00,16,8,18,17,45,500,564,,49.2099,-1.36117,Plein jour,Hors agglomération,Intersection en T,Temps éblouissant,Deux véhicules - arrière,,,,,,,,,,,1,1,3,7,2.0
201600001525,0016-12-28 11:45:00,16,12,28,11,45,500,99,BOULEVARD DU COTENTIN,49.3016,-1.25727,Plein jour,En agglomération,Hors intersection,Temps éblouissant,Autre collision,,,,,,,,,,,1,2,1,7,6.0
201600001526,0016-01-10 18:30:00,16,1,10,18,30,500,431,LA BARRE,49.1744,-1.25833,Nuit avec éclairage allumé,Hors agglomération,Intersection en X,Normale,Deux véhicules - côté,,,,,,,,,,,5,1,2,1,3.0
201600001527,0016-01-13 18:15:00,16,1,13,18,15,500,352,VILLAGE POTIER,49.1419,-1.23459,Nuit sans éclairage public,Hors agglomération,Hors intersection,Normale,Trois véhicules et plus - collisions multiples,,,,,,,,,,,3,1,1,1,5.0
201600001528,0016-01-22 15:30:00,16,1,22,15,30,500,106,LE ROCHER,49.184,-1.14558,Plein jour,Hors agglomération,Intersection en X,Pluie légère,Trois véhicules et plus - collisions multiples,,,,,,,,,,,1,1,2,2,5.0
201600001529,0016-04-01 07:45:00,16,4,1,7,45,500,409,RUE DE LA LIBERATION,49.1657,-1.1316,Plein jour,En agglomération,Hors intersection,Normale,Deux véhicules - frontale,,,,,,,,,,,1,2,1,1,1.0
201600001530,0016-04-07 08:30:00,16,4,7,8,30,500,46,LA CROIX ROUGE,49.1375,-0.96591,Plein jour,Hors agglomération,Hors intersection,Neige / grêle,Deux véhicules - côté,,,,,,,,,,,1,1,1,4,3.0
201600001531,0016-07-05 13:45:00,16,7,5,13,45,500,239,LE CLOS DES RONCES,49.1035,-1.15233,Plein jour,Hors agglomération,Intersection en T,Normale,Deux véhicules - arrière,,,,,,,,,,,1,1,3,1,2.0
201600001532,0016-10-09 18:30:00,16,10,9,18,30,500,491,LE MESNIL,49.1968,-1.00564,Plein jour,Hors agglomération,Hors intersection,Normale,Deux véhicules - frontale,,,,,,,,,,,1,1,1,1,1.0
201600001533,0016-10-19 17:15:00,16,10,19,17,15,500,161,LA VALLEE,49.2314,-1.12952,Plein jour,Hors agglomération,Hors intersection,Normale,Deux véhicules - frontale,,,,,,,,,,,1,1,1,1,1.0
201600001534,0016-11-18 21:55:00,16,11,18,21,55,500,239,LES TEURSES,49.1194,-1.15589,Nuit sans éclairage public,Hors agglomération,Hors intersection,Neige / grêle,Sans collision,,,,,,,,,,,3,1,1,4,7.0
201600001535,0016-12-08 20:30:00,16,12,8,20,30,500,356,VILLAGE FORS,49.1803,-1.09976,Nuit sans éclairage public,Hors agglomération,Hors intersection,Normale,Autre collision,,,,,,,,,,,3,1,1,1,6.0
201600001536,0016-12-18 18:00:00,16,12,18,18,0,500,356,LA PROVENCE,49.2092,-1.03008,Nuit sans éclairage public,Hors agglomération,Intersection en T,Brouillard / fumée,Deux véhicules - côté,,,,,,,,,,,3,1,3,5,3.0
201600001537,0016-03-13 19:30:00,16,3,13,19,30,500,363,LE BOSQ LAMBERT,49.009,-1.15103,Crépuscule ou aube,Hors agglomération,Hors intersection,Normale,Sans collision,,,,,,,,,,,2,1,1,1,7.0
201600001538,0016-06-05 07:15:00,16,6,5,7,15,500,159,LE CALENGE,49.0387,-1.23031,Plein jour,Hors agglomération,Hors intersection,Normale,Deux véhicules - frontale,,,,,,,,,,,1,1,1,1,1.0
201600001539,0016-06-12 11:45:00,16,6,12,11,45,500,393,LE PASSELAIS,48.9485,-1.17125,Plein jour,Hors agglomération,Hors intersection,Temps couvert,Sans collision,,,,,,,,,,,1,1,1,8,7.0
201600001540,0016-09-15 09:45:00,16,9,15,9,45,500,214,L'ANTILLERE,48.9271,-1.11547,Plein jour,Hors agglomération,Hors intersection,Pluie légère,Sans collision,,,,,,,,,,,1,1,1,2,7.0
201600001541,0016-10-18 17:30:00,16,10,18,17,30,500,95,FERME SAINT GILLES,49.0869,-1.17944,Plein jour,Hors agglomération,Hors intersection,Normale,Trois véhicules et plus - collisions multiples,,,,,,,,,,,1,1,1,1,5.0
201600001542,0016-01-12 08:55:00,16,1,12,8,55,940,54,AV DE L'UNION,48.7298,2.37109,Plein jour,Hors agglomération,Hors intersection,Pluie légère,Autre collision,,,,,,,,,,,1,1,1,2,6.0
201600001543,0016-08-07 11:30:00,16,8,7,11,30,500,224,LE COLOMBIER,49.001,-0.9098,Plein jour,Hors agglomération,Hors intersection,Normale,Autre collision,,,,,,,,,,,1,1,1,1,6.0
201600001544,0016-09-09 19:30:00,16,9,9,19,30,500,224,LE SAUSSEY,48.9842,-0.9546,Plein jour,Hors agglomération,Hors intersection,Normale,Deux véhicules - côté,,,,,,,,,,,1,1,1,1,3.0
201600001545,0016-10-19 07:30:00,16,10,19,7,30,500,441,CARREFOUR AUX BOEUFS,49.099,-0.92432,Crépuscule ou aube,Hors agglomération,Hors intersection,Normale,Sans collision,,,,,,,,,,,2,1,1,1,7.0
201600001546,0016-02-15 12:30:00,16,2,15,12,30,940,54,AV DU SUD,48.7295,2.37131,Plein jour,Hors agglomération,Hors intersection,Normale,Autre collision,,,,,,,,,,,1,1,1,1,6.0
201600001547,0016-03-06 13:40:00,16,3,6,13,40,940,54,AV DE L'OUEST,48.7288,2.35951,Plein jour,Hors agglomération,Hors intersection,Normale,Autre collision,,,,,,,,,,,1,1,1,1,6.0
201600001548,0016-11-03 20:00:00,16,11,3,20,0,500,261,LE VILLAGE MOUFFET,49.0971,-0.92448,Nuit sans éclairage public,Hors agglomération,Hors intersection,Normale,Sans collision,,,,,,,,,,,3,1,1,1,7.0
201600001549,0016-04-13 08:20:00,16,4,13,8,20,940,54,R MARCEL ALBERT,48.7442,2.36503,Plein jour,Hors agglomération,Hors intersection,Temps couvert,Deux véhicules - côté,,,,,,,,,,,1,1,1,8,3.0
201600001550,0016-05-08 09:30:00,16,5,8,9,30,940,54,DEVAUX/AMSTERDAM,48.7391,2.36966,Plein jour,Hors agglomération,Intersection en X,Normale,Deux véhicules - côté,,,,,,,,,,,1,1,2,1,3.0
201600001551,0016-05-24 14:30:00,16,5,24,14,30,940,54,AV DE PARIS A106,48.7307,2.3691,Plein jour,Hors agglomération,Hors intersection,Normale,Deux véhicules - arrière,,,,,,,,,,,1,1,1,1,2.0
201600001552,0016-06-08 08:00:00,16,6,8,8,0,940,54,R DU FRET/R DE LA SOIE,48.7346,2.37177,Plein jour,Hors agglomération,Intersection en T,Normale,Trois véhicules et plus - en chaîne,,,,,,,,,,,1,1,3,1,4.0
201600001553,0016-06-09 14:15:00,16,6,9,14,15,940,54,R D'AMSTERDAM,48.7391,2.36756,Plein jour,Hors agglomération,Hors intersection,Normale,Autre collision,,,,,,,,,,,1,1,1,1,6.0
201600001554,0016-06-22 04:45:00,16,6,22,4,45,940,54,AV DU SUD,48.7291,2.36708,Nuit avec éclairage allumé,Hors agglomération,Hors intersection,Normale,Deux véhicules - arrière,,,,,,,,,,,5,1,1,1,2.0
201600001555,0016-06-25 09:00:00,16,6,25,9,0,940,54,R DE LA SOIE,48.7351,2.37414,Plein jour,Hors agglomération,Hors intersection,Normale,Deux véhicules - côté,,,,,,,,,,,1,1,1,1,3.0
201600001556,0016-08-07 08:00:00,16,8,7,8,0,940,54,PARKING STATION AVIA,48.7323,2.36574,Plein jour,Hors agglomération,Hors intersection,Normale,Autre collision,,,,,,,,,,,1,1,1,1,6.0
201600001557,0016-07-16 21:30:00,16,7,16,21,30,940,54,AV L'UNION/AV L'UNION,48.7301,2.36315,Nuit avec éclairage non allumé,Hors agglomération,Giratoire,Normale,Deux véhicules - arrière,,,,,,,,,,,4,1,6,1,2.0
201600001558,0016-07-22 16:15:00,16,7,22,16,15,940,54,AV OUEST,48.7294,2.36926,Plein jour,Hors agglomération,Hors intersection,Normale,Trois véhicules et plus - en chaîne,,,,,,,,,,,1,1,1,1,4.0
201600001559,0016-09-05 15:00:00,16,9,5,15,0,940,54,R D'AMSTERDAM,48.7391,2.36722,Plein jour,Hors agglomération,Hors intersection,Temps couvert,Autre collision,,,,,,,,,,,1,1,1,8,6.0