accident_id,datetime,annee,mois,jour,heure,minute,departement,commune_insee,adresse,latitude,longitude,luminosite,agglomeration,intersection,meteo,collision,nb_vehicules,nb_usagers,nb_indemnes,nb_tues,nb_blesses_hosp,nb_blesses_legers,age_cond_1,age_cond_2,veh_type_cond_1,veh_type_cond_2,lum_code,agg_code,int_code,atm_code,col_code
201600001932,0016-07-25 15:00:00,16,7,25,15,0,440,6,,47.42877,-2.39274,Plein jour,Hors agglomération,Hors intersection,Normale,Deux véhicules - côté,,,,,,,,,,,1,1,1,1,3.0
201600001933,0016-08-02 18:00:00,16,8,2,18,0,440,69,faubourg ste anne,47.33058,-2.42945,Plein jour,Hors agglomération,Hors intersection,Normale,Deux véhicules - côté,,,,,,,,,,,1,1,1,1,3.0
201600001934,0016-08-02 18:45:00,16,8,2,18,45,440,69,avenue de la brière,47.33045,-2.42415,Plein jour,Hors agglomération,Giratoire,Normale,Deux véhicules - frontale,,,,,,,,,,,1,1,6,1,1.0
201600001935,0016-08-05 12:15:00,16,8,5,12,15,440,69,echangeur kerhaut,47.30774,-2.38869,Plein jour,Hors agglomération,Hors intersection,Normale,Trois véhicules et plus - collisions multiples,,,,,,,,,,,1,1,1,1,5.0
201600001936,0016-08-07 16:15:00,16,8,7,16,15,440,175,le nezyl,47.3716,-2.32755,Plein jour,Hors agglomération,Hors intersection,Normale,Deux véhicules - côté,,,,,,,,,,,1,1,1,1,3.0
201600001937,0016-08-15 11:30:00,16,8,15,11,30,440,125,bd du Gal de Gaule,47.38013,-2.5382,Plein jour,En agglomération,Hors intersection,Normale,Deux véhicules - frontale,,,,,,,,,,,1,2,1,1,1.0
201600001938,0016-08-24 09:15:00,16,8,24,9,15,440,49,rue du traict,47.29203,-2.50921,Plein jour,En agglomération,Autre intersection,Normale,Autre collision,,,,,,,,,,,1,2,9,1,6.0
201600001939,0016-08-16 12:00:00,16,8,16,12,0,440,10,route de la gauvelle,47.26734,-2.45408,Plein jour,Hors agglomération,Hors intersection,Normale,Deux véhicules - côté,,,,,,,,,,,1,1,1,1,3.0
201600001940,0016-09-26 18:00:00,16,9,26,18,0,440,175,les quatres routes,47.35948,-2.37459,Plein jour,Hors agglomération,Intersection en X,Normale,Deux véhicules - côté,,,,,,,,,,,1,1,2,1,3.0
201600001941,0016-02-21 19:15:00,16,2,21,19,15,440,210,rue des grimaudières,47.31116,-2.21048,Nuit sans éclairage public,En agglomération,Hors intersection,Normale,Deux véhicules - arrière,,,,,,,,,,,3,2,1,1,2.0
201600001942,0016-03-05 16:00:00,16,3,5,16,0,440,52,la mornais,47.333,-2.025,Plein jour,Hors agglomération,Hors intersection,Normale,Deux véhicules - côté,,,,,,,,,,,1,1,1,1,3.0
201600001943,0016-03-25 15:45:00,16,3,25,15,45,440,168,rue du Pintré,47.36661,-2.18891,Plein jour,En agglomération,Hors intersection,Normale,Sans collision,,,,,,,,,,,1,2,1,1,7.0
201600001944,0016-08-24 02:30:00,16,8,24,2,30,440,103,avenue hubert bouyer,47.33048,-2.13974,Nuit avec éclairage non allumé,En agglomération,Hors intersection,Normale,Autre collision,,,,,,,,,,,4,2,1,1,6.0
201600001945,0016-08-25 17:00:00,16,8,25,17,0,440,103,bd grandes rivières,47.32008,-2.11456,Plein jour,Hors agglomération,Hors intersection,Normale,Autre collision,,,,,,,,,,,1,1,1,1,6.0
201600001946,0016-10-04 18:25:00,16,10,4,18,25,440,52,lieu dit LA SENCIE,47.34442,-2.08026,Plein jour,Hors agglomération,Hors intersection,Normale,Autre collision,,,,,,,,,,,1,1,1,1,6.0
201600001947,0016-11-05 03:35:00,16,11,5,3,35,440,168,11 jean moulin,47.36476,-2.18784,Nuit sans éclairage public,Hors agglomération,Hors intersection,Normale,Autre collision,,,,,,,,,,,3,1,1,1,6.0
201600001948,0016-03-30 16:30:00,16,3,30,16,30,440,139,le pont aux meuniers,47.45295,-1.94005,Plein jour,Hors agglomération,Hors intersection,Pluie légère,Sans collision,,,,,,,,,,,1,1,1,2,7.0
201600001949,0016-06-29 17:45:00,16,6,29,17,45,440,189,CREVY,47.4502,-2.19502,Plein jour,En agglomération,Hors intersection,Temps éblouissant,Sans collision,,,,,,,,,,,1,2,1,7,7.0
201600001950,0016-07-15 09:00:00,16,7,15,9,0,440,129,route de crossac,47.43404,-2.09904,Plein jour,En agglomération,Giratoire,Normale,Deux véhicules - côté,,,,,,,,,,,1,2,6,1,3.0
201600001951,0016-08-01 15:00:00,16,8,1,15,0,440,196,le chesneau,47.55214,-2.06506,Plein jour,Hors agglomération,Hors intersection,Normale,Trois véhicules et plus - collisions multiples,,,,,,,,,,,1,1,1,1,5.0
201600001952,0016-08-16 19:15:00,16,8,16,19,15,440,129,place du marché,47.442,-2.096,Plein jour,En agglomération,Hors intersection,Normale,Autre collision,,,,,,,,,,,1,2,1,1,6.0
201600001953,0016-03-13 09:15:00,16,3,13,9,15,440,217,la billiais deniau,47.30073,-1.75405,Plein jour,Hors agglomération,Hors intersection,Normale,Autre collision,,,,,,,,,,,1,1,1,1,6.0
201600001954,0016-07-17 14:30:00,16,7,17,14,30,440,158,la soudenais,47.29415,-1.75929,Plein jour,Hors agglomération,Hors intersection,Normale,Sans collision,,,,,,,,,,,1,1,1,1,7.0
201600001955,0016-06-11 06:00:00,16,6,11,6,0,440,25,,47.41071,-1.92007,Crépuscule ou aube,Hors agglomération,Hors intersection,Normale,Autre collision,,,,,,,,,,,2,1,1,1,6.0
201600001956,0016-11-25 18:50:00,16,11,25,18,50,440,195,,47.36079,-1.8982,Nuit sans éclairage public,Hors agglomération,Hors intersection,Temps couvert,Autre collision,,,,,,,,,,,3,1,1,8,6.0
201600001957,0016-06-28 16:00:00,16,6,28,16,0,490,278,chemin des Noëls,47.41905,-0.57884,Plein jour,En agglomération,Hors intersection,Normale,Deux véhicules - frontale,,,,,,,,,,,1,2,1,1,1.0
201600001958,0016-07-13 11:15:00,16,7,13,11,15,490,214,10 rue espéranto,47.52925,-0.60472,Plein jour,En agglomération,Hors intersection,Normale,Autre collision,,,,,,,,,,,1,2,1,1,6.0
201600001959,0016-07-15 12:00:00,16,7,15,12,0,490,35,RUE DES FRERES GASNIER,47.41485,-0.61629,Plein jour,En agglomération,Hors intersection,Normale,Deux véhicules - frontale,,,,,,,,,,,1,2,1,1,1.0
201600001960,0016-08-01 21:00:00,16,8,1,21,0,490,278,Route du hutreau,47.43661,-0.55367,Plein jour,Hors agglomération,Hors intersection,Normale,Autre collision,,,,,,,,,,,1,1,1,1,6.0
201600001961,0016-06-23 17:45:00,16,6,23,17,45,490,194,route de St Mathurin,47.4536,-0.27693,Plein jour,Hors agglomération,Hors intersection,Normale,Autre collision,,,,,,,,,,,1,1,1,1,6.0
201600001962,0016-07-01 07:00:00,16,7,1,7,0,490,194,La Pommeraie,47.46564,-0.29517,Plein jour,Hors agglomération,Hors intersection,Normale,Deux véhicules - frontale,,,,,,,,,,,1,1,1,1,1.0
201600001963,0016-07-07 13:30:00,16,7,7,13,30,490,194,La Motte Fauveau,47.43247,-0.29723,Plein jour,Hors agglomération,Hors intersection,Normale,Sans collision,,,,,,,,,,,1,1,1,1,7.0
201600001964,0016-07-23 20:30:00,16,7,23,20,30,490,139,"Rue David D'Angers,",47.50283,-0.24475,Plein jour,En agglomération,Hors intersection,Normale,Deux véhicules - côté,,,,,,,,,,,1,2,1,1,3.0
201600001965,0016-09-09 17:45:00,16,9,9,17,45,490,21,,47.44156,-0.18773,Plein jour,Hors agglomération,Intersection en X,Normale,Deux véhicules - arrière,,,,,,,,,,,1,1,2,1,2.0
201600001966,0016-09-21 15:30:00,16,9,21,15,30,490,194,,47.45462,-0.27788,Plein jour,Hors agglomération,Hors intersection,Normale,Autre collision,,,,,,,,,,,1,1,1,1,6.0
201600001967,0016-10-20 04:45:00,16,10,20,4,45,490,201,,47.41278,-0.25487,Nuit sans éclairage public,Hors agglomération,Hors intersection,Normale,Autre collision,,,,,,,,,,,3,1,1,1,6.0
201600001968,0016-12-20 16:45:00,16,12,20,16,45,490,138,Les Guinebauld,47.48568,-0.20847,Plein jour,Hors agglomération,Hors intersection,Normale,Sans collision,,,,,,,,,,,1,1,1,1,7.0
201600001969,0016-12-26 17:45:00,16,12,26,17,45,490,147,Les Planches,47.45601,-0.2294,Nuit sans éclairage public,Hors agglomération,Hors intersection,Normale,Deux véhicules - frontale,,,,,,,,,,,3,1,1,1,1.0
201600001970,0016-03-09 15:15:00,16,3,9,15,15,490,134,rue Albert Lebrun,47.294,-0.52197,Plein jour,En agglomération,Hors intersection,Pluie légère,Deux véhicules - côté,,,,,,,,,,,1,2,1,2,3.0
201600001971,0016-03-10 17:15:00,16,3,10,17,15,490,363,,47.34751,-0.47004,Plein jour,Hors agglomération,Hors intersection,Normale,Autre collision,,,,,,,,,,,1,1,1,1,6.0
201600001972,0016-03-15 13:15:00,16,3,15,13,15,490,50,rue louis moron,47.35363,-0.44807,Plein jour,En agglomération,Hors intersection,Normale,Deux véhicules - frontale,,,,,,,,,,,1,2,1,1,1.0
201600001973,0016-04-01 22:30:00,16,4,1,22,30,490,222,,47.33927,-0.58447,Nuit sans éclairage public,Hors agglomération,Hors intersection,Normale,Autre collision,,,,,,,,,,,3,1,1,1,6.0
201600001974,0016-05-06 23:15:00,16,5,6,23,15,490,223,,47.3892,-0.52589,Nuit sans éclairage public,Hors agglomération,Hors intersection,Normale,Autre collision,,,,,,,,,,,3,1,1,1,6.0
201600001975,0016-06-06 09:45:00,16,6,6,9,45,490,86,Millé,47.25764,-0.44635,Plein jour,Hors agglomération,Hors intersection,Normale,Deux véhicules - côté,,,,,,,,,,,1,1,1,1,3.0
201600001976,0016-07-12 13:00:00,16,7,12,13,0,490,153,Le Gué Robert,47.21684,-0.58239,Plein jour,Hors agglomération,Hors intersection,Pluie forte,Autre collision,,,,,,,,,,,1,1,1,3,6.0
201600001977,0016-08-01 19:45:00,16,8,1,19,45,490,50,,47.3434,-0.437,Plein jour,Hors agglomération,Giratoire,Normale,Deux véhicules - côté,,,,,,,,,,,1,1,6,1,3.0
201600001978,0016-08-06 09:15:00,16,8,6,9,15,490,223,,47.39156,-0.52575,Nuit sans éclairage public,Hors agglomération,Hors intersection,Pluie légère,Sans collision,,,,,,,,,,,3,1,1,2,7.0
201600001979,0016-08-28 19:15:00,16,8,28,19,15,490,50,La riauté,47.32823,-0.44098,Plein jour,Hors agglomération,Hors intersection,Normale,Deux véhicules - frontale,,,,,,,,,,,1,1,1,1,1.0
201600001980,0016-10-07 10:00:00,16,10,7,10,0,490,167,Le bois planté,47.38509,-0.48536,Plein jour,Hors agglomération,Hors intersection,Normale,Autre collision,,,,,,,,,,,1,1,1,1,6.0
201600001981,0016-10-22 15:30:00,16,10,22,15,30,490,71,L'esperance,47.27028,-0.67099,Plein jour,Hors agglomération,Hors intersection,Temps éblouissant,Deux véhicules - arrière,,,,,,,,,,,1,1,1,7,2.0
201600001982,0016-05-27 23:45:00,16,5,27,23,45,490,196,Rue de la Mairie,47.51962,-0.672,Nuit sans éclairage public,En agglomération,Hors intersection,Pluie légère,Autre collision,,,,,,,,,,,3,2,1,2,6.0
201600001983,0016-06-12 08:15:00,16,6,12,8,15,490,377,,47.52575,-0.42739,Plein jour,Hors agglomération,Giratoire,Normale,Autre collision,,,,,,,,,,,1,1,6,1,6.0
201600001984,0016-09-18 10:30:00,16,9,18,10,30,490,19,rue Piere Chanteloup,47.49935,-0.31882,Plein jour,En agglomération,Hors intersection,Temps éblouissant,Autre collision,,,,,,,,,,,1,2,1,7,6.0
201600001985,0016-03-20 17:15:00,16,3,20,17,15,490,63,rue nationale,47.35253,-0.7628,Plein jour,En agglomération,Intersection en X,Normale,Deux véhicules - côté,,,,,,,,,,,1,2,2,1,3.0
201600001986,0016-04-16 19:15:00,16,4,16,19,15,490,160,,47.416,-0.9011,Crépuscule ou aube,Hors agglomération,Hors intersection,Normale,Deux véhicules - arrière,,,,,,,,,,,2,1,1,1,2.0
201600001987,0016-04-03 14:15:00,16,4,3,14,15,490,163,21 rue de la mairie,47.55653,-0.2315,Plein jour,En agglomération,Hors intersection,Normale,Deux véhicules - côté,,,,,,,,,,,1,2,1,1,3.0
201600001988,0016-06-14 17:45:00,16,6,14,17,45,490,127,,47.63321,-0.24889,Plein jour,Hors agglomération,Intersection en X,Normale,Deux véhicules - côté,,,,,,,,,,,1,1,2,1,3.0
201600001989,0016-08-01 19:15:00,16,8,1,19,15,490,333,rue Nationale,47.57922,-0.351,Plein jour,En agglomération,Intersection en X,Normale,Deux véhicules - frontale,,,,,,,,,,,1,2,2,1,1.0
201600001990,0016-08-30 13:45:00,16,8,30,13,45,490,333,Pont Herbault,47.57065,-0.34718,Plein jour,Hors agglomération,Intersection en X,Normale,Deux véhicules - côté,,,,,,,,,,,1,1,2,1,3.0
201600001991,0016-12-24 13:00:00,16,12,24,13,0,490,188,,47.56795,-0.3274,Plein jour,Hors agglomération,Giratoire,Normale,Sans collision,,,,,,,,,,,1,1,6,1,7.0
201600001992,0016-07-19 19:30:00,16,7,19,19,30,490,151,,47.20171,-1.12296,Plein jour,Hors agglomération,Hors intersection,Normale,Deux véhicules - côté,,,,,,,,,,,1,1,1,1,3.0
201600001993,0016-01-12 17:15:00,16,1,12,17,15,490,225,,47.27073,-0.76809,Crépuscule ou aube,Hors agglomération,Hors intersection,Normale,Deux véhicules - frontale,,,,,,,,,,,2,1,1,1,1.0
201600001994,0016-04-14 17:00:00,16,4,14,17,0,490,300,,47.25168,-0.77829,Plein jour,Hors agglomération,Hors intersection,Normale,Sans collision,,,,,,,,,,,1,1,1,1,7.0
201600001995,0016-05-28 13:00:00,16,5,28,13,0,490,92,63 av du G de Gaulle,47.21427,-0.72202,Plein jour,En agglomération,Hors intersection,Normale,Deux véhicules - côté,,,,,,,,,,,1,2,1,1,3.0
201600001996,0016-05-30 17:30:00,16,5,30,17,30,490,268,rue nationale,47.28972,-0.84814,Plein jour,En agglomération,Hors intersection,Normale,Deux véhicules - arrière,,,,,,,,,,,1,2,1,1,2.0
201600001997,0016-06-04 06:00:00,16,6,4,6,0,490,225,,47.28121,-0.78227,Crépuscule ou aube,Hors agglomération,Intersection en X,Normale,Deux véhicules - côté,,,,,,,,,,,2,1,2,1,3.0
201600001998,0016-08-06 16:15:00,16,8,6,16,15,490,111,Le Breil,47.16942,-0.65817,Plein jour,Hors agglomération,Hors intersection,Normale,Deux véhicules - arrière,,,,,,,,,,,1,1,1,1,2.0
201600001999,0016-07-30 13:00:00,16,7,30,13,0,490,355,,47.11564,-0.80298,Plein jour,Hors agglomération,Hors intersection,Normale,Autre collision,,,,,,,,,,,1,1,1,1,6.0
201600002000,0016-09-14 17:15:00,16,9,14,17,15,490,92,La Lisardière,47.24143,-0.76333,Plein jour,Hors agglomération,Hors intersection,Normale,Autre collision,,,,,,,,,,,1,1,1,1,6.0
201600002001,0016-10-06 08:00:00,16,10,6,8,0,490,92,La haute Lande,47.1992,-0.71945,Plein jour,Hors agglomération,Hors intersection,Normale,Deux véhicules - frontale,,,,,,,,,,,1,1,1,1,1.0
201600002002,0016-10-12 16:00:00,16,10,12,16,0,490,355,,47.13441,-0.77654,Plein jour,Hors agglomération,Hors intersection,Normale,Autre collision,,,,,,,,,,,1,1,1,1,6.0
201600002003,0016-10-31 13:30:00,16,10,31,13,30,490,92,av du Général De Gaulle,47.20763,-0.72449,Plein jour,En agglomération,Hors intersection,Normale,Autre collision,,,,,,,,,,,1,2,1,1,6.0
201600002004,0016-11-18 21:00:00,16,11,18,21,0,490,343,Le bois Girard,46.9947,-0.83631,Nuit sans éclairage public,Hors agglomération,Hors intersection,Pluie forte,Sans collision,,,,,,,,,,,3,1,1,3,7.0
201600002005,0016-11-20 02:00:00,16,11,20,2,0,490,74,Le pineau,47.18966,-0.79484,Nuit sans éclairage public,Hors agglomération,Hors intersection,Vent fort / tempête,Sans collision,,,,,,,,,,,3,1,1,6,7.0
201600002006,0016-01-14 15:45:00,16,1,14,15,45,490,258,,47.13145,-1.08324,Plein jour,Hors agglomération,Intersection en X,Normale,Deux véhicules - côté,,,,,,,,,,,1,1,2,1,3.0
201600002007,0016-02-08 13:00:00,16,2,8,13,0,490,27,,47.1551,-0.93307,Plein jour,Hors agglomération,Hors intersection,Vent fort / tempête,Autre collision,,,,,,,,,,,1,1,1,6,6.0
201600002008,0016-03-06 07:45:00,16,3,6,7,45,490,301,,47.1337,-0.96874,Plein jour,Hors agglomération,Hors intersection,Normale,Deux véhicules - frontale,,,,,,,,,,,1,1,1,1,1.0
201600002009,0016-05-03 19:00:00,16,5,3,19,0,490,285,31 rue de bretagne,47.12307,-1.13132,Plein jour,En agglomération,Hors intersection,Normale,Autre collision,,,,,,,,,,,1,2,1,1,6.0
201600002010,0016-06-08 18:15:00,16,6,8,18,15,490,193,La Caltière,47.11128,-0.86566,Plein jour,Hors agglomération,Intersection en T,Normale,Deux véhicules - côté,,,,,,,,,,,1,1,3,1,3.0
201600002011,0016-06-25 16:15:00,16,6,25,16,15,490,301,LA COURBIERE,47.11886,-0.97377,Plein jour,En agglomération,Hors intersection,Normale,Deux véhicules - arrière,,,,,,,,,,,1,2,1,1,2.0
201600002012,0016-07-11 19:15:00,16,7,11,19,15,490,285,rue Saint Lazare,47.10378,-1.129,Plein jour,En agglomération,Hors intersection,Normale,Deux véhicules - frontale,,,,,,,,,,,1,2,1,1,1.0
201600002013,0016-07-22 01:00:00,16,7,22,1,0,490,332,,47.06579,-0.93002,Nuit sans éclairage public,Hors agglomération,Hors intersection,Normale,Trois véhicules et plus - collisions multiples,,,,,,,,,,,3,1,1,1,5.0
201600002014,0016-07-21 11:30:00,16,7,21,11,30,490,269,,47.0072,-0.93615,Plein jour,Hors agglomération,Hors intersection,Normale,Autre collision,,,,,,,,,,,1,1,1,1,6.0
201600002015,0016-08-21 17:00:00,16,8,21,17,0,490,258,Le chemin des pêcheurs,47.10416,-1.06719,Plein jour,Hors agglomération,Hors intersection,Normale,Autre collision,,,,,,,,,,,1,1,1,1,6.0
201600002016,0016-09-04 11:15:00,16,9,4,11,15,490,193,La Caltière,47.11481,-0.87345,Plein jour,Hors agglomération,Hors intersection,Normale,Sans collision,,,,,,,,,,,1,1,1,1,7.0
201600002017,0016-10-01 09:45:00,16,10,1,9,45,490,299,Rue de la Vendée,47.09054,-0.90967,Plein jour,En agglomération,Hors intersection,Pluie légère,Deux véhicules - côté,,,,,,,,,,,1,2,1,2,3.0
201600002018,0016-10-08 20:30:00,16,10,8,20,30,490,332,,47.06769,-0.95748,Nuit sans éclairage public,Hors agglomération,Hors intersection,Normale,Sans collision,,,,,,,,,,,3,1,1,1,7.0
201600002019,0016-10-12 08:15:00,16,10,12,8,15,490,301,43 rue de Vendée,47.1219,-0.99324,Plein jour,En agglomération,Hors intersection,Normale,Autre collision,,,,,,,,,,,1,2,1,1,6.0
201600002020,0016-10-14 13:15:00,16,10,14,13,15,490,193,,47.1503,-0.91069,Plein jour,Hors agglomération,Hors intersection,Normale,Sans collision,,,,,,,,,,,1,1,1,1,7.0
201600002021,0016-11-16 11:30:00,16,11,16,11,30,490,206,Rue louis Monnier,47.09715,-1.12569,Plein jour,En agglomération,Hors intersection,Normale,Autre collision,,,,,,,,,,,1,2,1,1,6.0
201600002022,0016-12-03 07:45:00,16,12,3,7,45,490,99,La Petite Châtaigneraie,47.04335,-0.93614,Nuit sans éclairage public,Hors agglomération,Hors intersection,Normale,Autre collision,,,,,,,,,,,3,1,1,1,6.0
201600002023,0016-12-05 21:30:00,16,12,5,21,30,490,193,Le Petit Millet,47.14121,-0.84861,Nuit sans éclairage public,Hors agglomération,Hors intersection,Pluie légère,Sans collision,,,,,,,,,,,3,1,1,2,7.0
201600002024,0016-12-09 17:30:00,16,12,9,17,30,490,301,,47.1139,-0.99356,Nuit avec éclairage allumé,Hors agglomération,Giratoire,Normale,Autre collision,,,,,,,,,,,5,1,6,1,6.0
201600002025,0016-12-11 16:15:00,16,12,11,16,15,490,258,,47.11877,-1.07697,Plein jour,Hors agglomération,Hors intersection,Pluie légère,Sans collision,,,,,,,,,,,1,1,1,2,7.0
201600002026,0016-01-23 19:15:00,16,1,23,19,15,490,83,La Farinière,47.29559,-0.97209,Nuit sans éclairage public,Hors agglomération,Hors intersection,Pluie légère,Deux véhicules - frontale,,,,,,,,,,,3,1,1,2,1.0
201600002027,0016-02-02 07:45:00,16,2,2,7,45,490,276,La Nigaudière,47.37083,-0.97434,Crépuscule ou aube,Hors agglomération,Hors intersection,Pluie légère,Sans collision,,,,,,,,,,,2,1,1,2,7.0
201600002028,0016-03-06 16:15:00,16,3,6,16,15,490,276,Place de la févrière,47.36068,-1.01608,Plein jour,En agglomération,Hors intersection,Normale,Autre collision,,,,,,,,,,,1,2,1,1,6.0
201600002029,0016-04-25 07:30:00,16,4,25,7,30,490,126,La Nigaudière,47.34401,-1.204,Crépuscule ou aube,En agglomération,Hors intersection,Temps éblouissant,Deux véhicules - côté,,,,,,,,,,,2,2,1,7,3.0
201600002030,0016-05-06 20:15:00,16,5,6,20,15,490,276,avenue de l'Europe,47.36067,-1.00984,Plein jour,En agglomération,Intersection en T,Normale,Deux véhicules - côté,,,,,,,,,,,1,2,3,1,3.0
201600002031,0016-05-16 01:30:00,16,5,16,1,30,490,172,rue d'anjou,47.26685,-1.23811,Nuit avec éclairage non allumé,En agglomération,Hors intersection,Normale,Autre collision,,,,,,,,,,,4,2,1,1,6.0
201600002032,0016-05-21 08:45:00,16,5,21,8,45,490,316,14 rue de bretagne,47.27293,-1.08023,Plein jour,En agglomération,Hors intersection,Normale,Deux véhicules - arrière,,,,,,,,,,,1,2,1,1,2.0
201600002033,0016-06-25 01:45:00,16,6,25,1,45,490,177,rue d'anjou,47.34464,-1.16285,Nuit avec éclairage allumé,En agglomération,Hors intersection,Normale,Autre collision,,,,,,,,,,,5,2,1,1,6.0
201600002034,0016-08-28 18:15:00,16,8,28,18,15,490,69,La Patache,47.33879,-1.25576,Plein jour,Hors agglomération,Hors intersection,Normale,Autre collision,,,,,,,,,,,1,1,1,1,6.0
201600002035,0016-09-03 14:30:00,16,9,3,14,30,490,83,La Grognière,47.28086,-1.00108,Plein jour,Hors agglomération,Hors intersection,Normale,Sans collision,,,,,,,,,,,1,1,1,1,7.0
201600002036,0016-09-17 17:00:00,16,9,17,17,0,490,126,Le Mésangeau,47.31426,-1.19301,Plein jour,Hors agglomération,Hors intersection,Normale,Trois véhicules et plus - collisions multiples,,,,,,,,,,,1,1,1,1,5.0
201600002037,0016-10-03 21:45:00,16,10,3,21,45,490,177,les augers,47.3658,-1.12888,Nuit sans éclairage public,Hors agglomération,Hors intersection,Normale,Deux véhicules - frontale,,,,,,,,,,,3,1,1,1,1.0
201600002038,0016-10-08 13:00:00,16,10,8,13,0,490,137,La Gaudinière,47.20254,-1.04464,Plein jour,Hors agglomération,Hors intersection,Normale,Sans collision,,,,,,,,,,,1,1,1,1,7.0
201600002039,0016-11-23 18:15:00,16,11,23,18,15,490,276,RUE DE BRETAGNE,47.36359,-1.01477,Nuit avec éclairage allumé,En agglomération,Hors intersection,Normale,Autre collision,,,,,,,,,,,5,2,1,1,6.0
201600002040,0016-11-26 11:45:00,16,11,26,11,45,490,69,38 RUE ST LAZARE,47.33612,-1.25819,Plein jour,En agglomération,Hors intersection,Normale,Autre collision,,,,,,,,,,,1,2,1,1,6.0
201600002041,0016-11-28 07:45:00,16,11,28,7,45,490,83,,47.26939,-1.01344,Crépuscule ou aube,Hors agglomération,Intersection en T,Normale,Deux véhicules - côté,,,,,,,,,,,2,1,3,1,3.0
201600002042,0016-10-27 07:30:00,16,10,27,7,30,490,137,43 rue de l'EVre,47.2213,-1.03798,Nuit avec éclairage allumé,En agglomération,Hors intersection,Normale,Sans collision,,,,,,,,,,,5,2,1,1,7.0
201600002043,0016-12-03 15:00:00,16,12,3,15,0,490,313,La Bellière,47.25265,-1.01833,Plein jour,Hors agglomération,Hors intersection,Normale,Sans collision,,,,,,,,,,,1,1,1,1,7.0
201600002044,0016-12-05 00:45:00,16,12,5,0,45,490,172,La Savaterie,47.27767,-1.21222,Nuit sans éclairage public,Hors agglomération,Hors intersection,Normale,Sans collision,,,,,,,,,,,3,1,1,1,7.0
201600002045,0016-12-29 14:45:00,16,12,29,14,45,490,190,La lande pivin,47.35536,-1.05265,Plein jour,Hors agglomération,Intersection en X,Normale,Deux véhicules - côté,,,,,,,,,,,1,1,2,1,3.0
201600002046,0016-09-13 09:00:00,16,9,13,9,0,490,190,Les Brosses,47.35493,-1.04893,Plein jour,Hors agglomération,Hors intersection,Pluie forte,Sans collision,,,,,,,,,,,1,1,1,3,7.0
201600002047,0016-04-13 11:45:00,16,4,13,11,45,490,352,VC2,47.03561,-0.75131,Plein jour,Hors agglomération,Hors intersection,Normale,Sans collision,,,,,,,,,,,1,1,1,1,7.0
201600002048,0016-04-20 12:45:00,16,4,20,12,45,490,192,,47.01533,-0.74417,Plein jour,Hors agglomération,Intersection en X,Normale,Deux véhicules - côté,,,,,,,,,,,1,1,2,1,3.0
201600002049,0016-04-23 15:45:00,16,4,23,15,45,490,355,La gare,47.1352,-0.8126,Plein jour,Hors agglomération,Intersection en X,Normale,Deux véhicules - frontale,,,,,,,,,,,1,1,2,1,1.0
201600002050,0016-07-14 05:00:00,16,7,14,5,0,490,192,Route de cholet,47.01438,-0.76276,Crépuscule ou aube,En agglomération,Hors intersection,Normale,Deux véhicules - frontale,,,,,,,,,,,2,2,1,1,1.0
201600002051,0016-08-23 07:00:00,16,8,23,7,0,490,352,rue auguste cheron,47.05381,-0.76432,Plein jour,En agglomération,Hors intersection,Normale,Deux véhicules - frontale,,,,,,,,,,,1,2,1,1,1.0
201600002052,0016-11-25 13:15:00,16,11,25,13,15,490,371,,47.1227,-0.68655,Plein jour,Hors agglomération,Hors intersection,Normale,Autre collision,,,,,,,,,,,1,1,1,1,6.0
201600002053,0016-01-04 01:15:00,16,1,4,1,15,490,368,La bourguillonnière,47.40373,0.05725,Plein jour,Hors agglomération,Hors intersection,Normale,Autre collision,,,,,,,,,,,1,1,1,1,6.0
201600002054,0016-01-30 05:00:00,16,1,30,5,0,490,372,,47.52156,-0.12645,Nuit sans éclairage public,Hors agglomération,Hors intersection,Pluie légère,Autre collision,,,,,,,,,,,3,1,1,2,6.0
201600002055,0016-02-18 14:15:00,16,2,18,14,15,490,101,La lande barbot,47.65074,-0.07259,Plein jour,Hors agglomération,Hors intersection,Normale,Trois véhicules et plus - collisions multiples,,,,,,,,,,,1,1,1,1,5.0
201600002056,0016-03-17 18:30:00,16,3,17,18,30,490,368,,47.39089,0.04268,Plein jour,Hors agglomération,Hors intersection,Normale,Autre collision,,,,,,,,,,,1,1,1,1,6.0
201600002057,0016-08-04 17:00:00,16,8,4,17,0,490,150,,47.55257,0.06962,Plein jour,Hors agglomération,Intersection en X,Normale,Deux véhicules - côté,,,,,,,,,,,1,1,2,1,3.0
201600002058,0016-09-25 20:15:00,16,9,25,20,15,490,143,,47.62701,-0.13759,Nuit sans éclairage public,Hors agglomération,Hors intersection,Normale,Sans collision,,,,,,,,,,,3,1,1,1,7.0