accident_id,datetime,annee,mois,jour,heure,minute,departement,commune_insee,adresse,latitude,longitude,luminosite,agglomeration,intersection,meteo,collision,nb_vehicules,nb_usagers,nb_indemnes,nb_tues,nb_blesses_hosp,nb_blesses_legers,age_cond_1,age_cond_2,veh_type_cond_1,veh_type_cond_2,lum_code,agg_code,int_code,atm_code,col_code
201600002059,0016-10-18 00:30:00,16,10,18,0,30,490,228,La promenade,47.51585,0.07618,Nuit sans éclairage public,Hors agglomération,Hors intersection,Normale,Sans collision,,,,,,,,,,,3,1,1,1,7.0
201600002060,0016-11-10 16:15:00,16,11,10,16,15,490,128,,47.55032,-0.15413,Plein jour,Hors agglomération,Hors intersection,Normale,Deux véhicules - arrière,,,,,,,,,,,1,1,1,1,2.0
201600002061,0016-12-10 16:30:00,16,12,10,16,30,490,197,La Grande Besnardière,47.53015,0.17807,Plein jour,Hors agglomération,Hors intersection,Normale,Autre collision,,,,,,,,,,,1,1,1,1,6.0
201600002062,0016-01-24 17:15:00,16,1,24,17,15,490,356,le coq hardi,47.15012,-0.47691,Plein jour,Hors agglomération,Intersection en X,Normale,Deux véhicules - côté,,,,,,,,,,,1,1,2,1,3.0
201600002063,0016-03-04 07:45:00,16,3,4,7,45,490,211,,47.15403,-0.52236,Crépuscule ou aube,Hors agglomération,Hors intersection,Pluie forte,Deux véhicules - côté,,,,,,,,,,,2,1,1,3,3.0
201600002064,0016-03-06 13:15:00,16,3,6,13,15,490,240,33 RUE DU COMMERCE,47.06895,-0.63372,Plein jour,En agglomération,Hors intersection,Normale,Deux véhicules - côté,,,,,,,,,,,1,2,1,1,3.0
201600002065,0016-03-09 19:45:00,16,3,9,19,45,490,211,,47.16837,-0.51508,Nuit sans éclairage public,Hors agglomération,Hors intersection,Pluie forte,Autre collision,,,,,,,,,,,3,1,1,3,6.0
201600002066,0016-04-08 12:30:00,16,4,8,12,30,490,211,Belle arrivée,47.19829,-0.51935,Plein jour,Hors agglomération,Hors intersection,Temps couvert,Deux véhicules - côté,,,,,,,,,,,1,1,1,8,3.0
201600002067,0016-05-01 20:30:00,16,5,1,20,30,490,232,,47.1266,-0.3816,Plein jour,Hors agglomération,Hors intersection,Temps éblouissant,Deux véhicules - frontale,,,,,,,,,,,1,1,1,7,1.0
201600002068,0016-06-18 11:00:00,16,6,18,11,0,490,182,,47.22181,-0.33206,Plein jour,Hors agglomération,Intersection en X,Normale,Deux véhicules - côté,,,,,,,,,,,1,1,2,1,3.0
201600002069,0016-10-26 17:15:00,16,10,26,17,15,490,191,MALIGNE,47.23251,-0.40362,Plein jour,Hors agglomération,Intersection en X,Normale,Deux véhicules - côté,,,,,,,,,,,1,1,2,1,3.0
201600002070,0016-12-11 19:15:00,16,12,11,19,15,490,373,,47.13767,-0.55219,Nuit sans éclairage public,Hors agglomération,Hors intersection,Pluie légère,Trois véhicules et plus - en chaîne,,,,,,,,,,,3,1,1,2,4.0
201600002071,0016-12-16 18:00:00,16,12,16,18,0,490,141,,47.21283,-0.25088,Nuit sans éclairage public,Hors agglomération,Hors intersection,Normale,Deux véhicules - frontale,,,,,,,,,,,3,1,1,1,1.0
201600002072,0016-01-01 18:00:00,16,1,1,18,0,490,224,Les Patures,47.31037,-0.02749,Nuit sans éclairage public,Hors agglomération,Hors intersection,Normale,Autre collision,,,,,,,,,,,3,1,1,1,6.0
201600002073,0016-01-09 09:45:00,16,1,9,9,45,490,378,Route de Senneçon,47.33771,-0.08865,Plein jour,Hors agglomération,Hors intersection,Temps éblouissant,Deux véhicules - côté,,,,,,,,,,,1,1,1,7,3.0
201600002074,0016-02-20 23:45:00,16,2,20,23,45,490,30,La sablonnière,47.36077,-0.0893,Nuit sans éclairage public,Hors agglomération,Hors intersection,Pluie légère,Autre collision,,,,,,,,,,,3,1,1,2,6.0
201600002075,0016-04-10 18:00:00,16,4,10,18,0,490,116,,47.47174,-0.06919,Plein jour,Hors agglomération,Intersection en Y,Normale,Deux véhicules - côté,,,,,,,,,,,1,1,4,1,3.0
201600002076,0016-06-04 14:00:00,16,6,4,14,0,490,94,40 Rue des Bateliers,47.30867,-0.15348,Plein jour,En agglomération,Hors intersection,Normale,Autre collision,,,,,,,,,,,1,2,1,1,6.0
201600002077,0016-07-31 19:00:00,16,7,31,19,0,490,180,,47.37229,-0.14283,Plein jour,Hors agglomération,Hors intersection,Normale,Deux véhicules - frontale,,,,,,,,,,,1,1,1,1,1.0
201600002078,0016-08-26 03:15:00,16,8,26,3,15,490,279,10 chemin des Ruaux,47.35296,-0.27514,Nuit avec éclairage non allumé,En agglomération,Hors intersection,Normale,Autre collision,,,,,,,,,,,4,2,1,1,6.0
201600002079,0016-08-27 23:30:00,16,8,27,23,30,490,41,La chaussée,47.28604,0.05892,Nuit sans éclairage public,Hors agglomération,Hors intersection,Normale,Deux véhicules - arrière,,,,,,,,,,,3,1,1,1,2.0
201600002080,0016-08-30 20:00:00,16,8,30,20,0,490,149,Route du Thoureil,47.34662,-0.23858,Plein jour,Hors agglomération,Hors intersection,Normale,Deux véhicules - frontale,,,,,,,,,,,1,1,1,1,1.0
201600002081,0016-09-09 18:45:00,16,9,9,18,45,490,272,Rue des sables,47.34268,-0.19819,Plein jour,Hors agglomération,Hors intersection,Normale,Autre collision,,,,,,,,,,,1,1,1,1,6.0
201600002082,0016-09-15 12:15:00,16,9,15,12,15,490,41,04 rue diane de Méridor,47.30123,0.0629,Plein jour,En agglomération,Hors intersection,Pluie légère,Deux véhicules - côté,,,,,,,,,,,1,2,1,2,3.0
201600002083,0016-09-18 18:00:00,16,9,18,18,0,490,180,Athée,47.39313,-0.10356,Plein jour,Hors agglomération,Hors intersection,Normale,Deux véhicules - frontale,,,,,,,,,,,1,1,1,1,1.0
201600002084,0016-10-09 17:00:00,16,10,9,17,0,490,311,La Chartrie,47.38795,-0.06167,Plein jour,Hors agglomération,Hors intersection,Normale,Deux véhicules - arrière,,,,,,,,,,,1,1,1,1,2.0
201600002085,0016-10-24 07:45:00,16,10,24,7,45,490,311,,47.38482,-0.07697,Nuit sans éclairage public,Hors agglomération,Intersection en T,Brouillard / fumée,Deux véhicules - côté,,,,,,,,,,,3,1,3,5,3.0
201600002086,0016-11-29 19:45:00,16,11,29,19,45,490,180,Rue Michel Couet,47.38712,-0.11575,Nuit avec éclairage allumé,En agglomération,Hors intersection,Normale,Autre collision,,,,,,,,,,,5,2,1,1,6.0
201600002087,0016-12-02 20:15:00,16,12,2,20,15,490,378,La ronde,47.30485,-0.03615,Nuit sans éclairage public,Hors agglomération,Giratoire,Normale,Autre collision,,,,,,,,,,,3,1,6,1,6.0
201600002088,0016-12-09 07:15:00,16,12,9,7,15,490,180,La Pioterie,47.3685,-0.14607,Nuit sans éclairage public,Hors agglomération,Hors intersection,Brouillard / fumée,Deux véhicules - frontale,,,,,,,,,,,3,1,1,5,1.0
201600002089,0016-12-24 08:30:00,16,12,24,8,30,490,261,,47.35365,-0.23659,Plein jour,Hors agglomération,Hors intersection,Temps couvert,Deux véhicules - frontale,,,,,,,,,,,1,1,1,8,1.0
201600002090,0016-12-30 16:45:00,16,12,30,16,45,490,2,Route d'Allonnes,47.28631,0.05796,Plein jour,Hors agglomération,Hors intersection,Normale,Autre collision,,,,,,,,,,,1,1,1,1,6.0
201600002091,0016-04-30 14:15:00,16,4,30,14,15,490,302,,47.13069,-0.29151,Plein jour,Hors agglomération,Hors intersection,Normale,Sans collision,,,,,,,,,,,1,1,1,1,7.0
201600002092,0016-08-20 17:00:00,16,8,20,17,0,490,140,,47.19702,0.00021,Plein jour,Hors agglomération,Hors intersection,Normale,Autre collision,,,,,,,,,,,1,1,1,1,6.0
201600002093,0016-11-22 14:00:00,16,11,22,14,0,490,219,22 quai ALexandre Dumas,47.21446,0.06683,Plein jour,En agglomération,Hors intersection,Pluie légère,Deux véhicules - frontale,,,,,,,,,,,1,2,1,2,1.0
201600002094,0016-12-10 16:15:00,16,12,10,16,15,490,215,220 boulevard pasteur,47.13902,-0.15522,Plein jour,En agglomération,Hors intersection,Normale,Deux véhicules - côté,,,,,,,,,,,1,2,1,1,3.0
201600002095,0016-01-29 07:45:00,16,1,29,7,45,490,331,rue gustave eiffel,47.69764,-0.8644,Crépuscule ou aube,En agglomération,Hors intersection,Normale,Deux véhicules - côté,,,,,,,,,,,2,2,1,1,3.0
201600002096,0016-02-07 06:00:00,16,2,7,6,0,490,8,Les roches,47.57325,-1.01965,Nuit sans éclairage public,Hors agglomération,Hors intersection,Normale,Autre collision,,,,,,,,,,,3,1,1,1,6.0
201600002097,0016-02-13 14:00:00,16,2,13,14,0,490,61,,47.60234,-1.03428,Plein jour,Hors agglomération,Hors intersection,Vent fort / tempête,Deux véhicules - frontale,,,,,,,,,,,1,1,1,6,1.0
201600002098,0016-02-17 19:30:00,16,2,17,19,30,490,184,le petit rossignol,47.69515,-0.76631,Nuit sans éclairage public,Hors agglomération,Hors intersection,Normale,Deux véhicules - frontale,,,,,,,,,,,3,1,1,1,1.0
201600002099,0016-04-18 18:00:00,16,4,18,18,0,490,331,"7, bd Léon Mauduit",47.68913,-0.87931,Plein jour,En agglomération,Intersection en T,Normale,Deux véhicules - côté,,,,,,,,,,,1,2,3,1,3.0
201600002100,0016-08-14 19:30:00,16,8,14,19,30,490,54,Place du marché,47.5604,-1.03796,Plein jour,En agglomération,Intersection en X,Normale,Deux véhicules - côté,,,,,,,,,,,1,2,2,1,3.0
201600002101,0016-10-12 15:05:00,16,10,12,15,5,490,36,Place de l'église,47.74202,-0.96735,Plein jour,En agglomération,Intersection en X,Normale,Deux véhicules - côté,,,,,,,,,,,1,2,2,1,3.0
201600002102,0016-12-02 13:30:00,16,12,2,13,30,490,61,,47.62626,-1.10304,Plein jour,Hors agglomération,Intersection en X,Normale,Deux véhicules - côté,,,,,,,,,,,1,1,2,1,3.0
201600002103,0016-12-18 07:30:00,16,12,18,7,30,490,103,,47.70881,-1.00156,Nuit sans éclairage public,Hors agglomération,Hors intersection,Brouillard / fumée,Deux véhicules - côté,,,,,,,,,,,3,1,1,5,3.0
201600002104,0016-12-20 18:30:00,16,12,20,18,30,490,277,Rue du Pont de La Verzée,47.67594,-0.88319,Nuit avec éclairage allumé,En agglomération,Intersection en T,Normale,Deux véhicules - côté,,,,,,,,,,,5,2,3,1,3.0
201600002105,0016-03-04 19:00:00,16,3,4,19,0,490,176,rue des près des roches,47.62255,-0.71997,Nuit avec éclairage allumé,En agglomération,Hors intersection,Temps couvert,Deux véhicules - frontale,,,,,,,,,,,5,2,1,8,1.0
201600002106,0016-04-09 16:00:00,16,4,9,16,0,490,176,,47.63581,-0.72336,Plein jour,Hors agglomération,Giratoire,Temps couvert,Sans collision,,,,,,,,,,,1,1,6,8,7.0
201600002107,0016-05-21 12:00:00,16,5,21,12,0,490,5,,47.66942,-0.78255,Plein jour,Hors agglomération,Hors intersection,Normale,Autre collision,,,,,,,,,,,1,1,1,1,6.0
201600002108,0016-06-25 18:15:00,16,6,25,18,15,490,298,Chemin des fouquetteries,47.47098,-0.70629,Plein jour,Hors agglomération,Hors intersection,Normale,Sans collision,,,,,,,,,,,1,1,1,1,7.0
201600002109,0016-07-12 08:30:00,16,7,12,8,30,490,376,rue du moulin,47.46299,-0.89203,Plein jour,En agglomération,Place,Normale,Deux véhicules - côté,,,,,,,,,,,1,2,7,1,3.0
201600002110,0016-07-14 19:00:00,16,7,14,19,0,490,249,,47.56739,-0.797,Plein jour,Hors agglomération,Hors intersection,Normale,Sans collision,,,,,,,,,,,1,1,1,1,7.0
201600002111,0016-10-07 19:30:00,16,10,7,19,30,490,271,,47.51218,-0.72546,Crépuscule ou aube,Hors agglomération,Hors intersection,Normale,Deux véhicules - côté,,,,,,,,,,,2,1,1,1,3.0
201600002112,0016-11-11 08:00:00,16,11,11,8,0,490,183,,47.51744,-0.86706,Plein jour,Hors agglomération,Hors intersection,Normale,Autre collision,,,,,,,,,,,1,1,1,1,6.0
201600002113,0016-12-10 22:30:00,16,12,10,22,30,490,298,Le Morisson,47.47933,-0.71864,Nuit sans éclairage public,Hors agglomération,Hors intersection,Brouillard / fumée,Autre collision,,,,,,,,,,,3,1,1,5,6.0
201600002114,0016-02-07 07:15:00,16,2,7,7,15,490,135,,47.61012,-0.58559,Crépuscule ou aube,Hors agglomération,Hors intersection,Normale,Deux véhicules - frontale,,,,,,,,,,,2,1,1,1,1.0
201600002115,0016-02-12 15:00:00,16,2,12,15,0,490,132,,47.65742,-0.44868,Plein jour,Hors agglomération,Hors intersection,Pluie légère,Autre collision,,,,,,,,,,,1,1,1,2,6.0
201600002116,0016-02-17 12:45:00,16,2,17,12,45,490,135,Le point du jour,47.60654,-0.61667,Plein jour,Hors agglomération,Hors intersection,Normale,Autre collision,,,,,,,,,,,1,1,1,1,6.0
201600002117,0016-03-29 11:00:00,16,3,29,11,0,490,170,,47.66311,-0.5351,Plein jour,Hors agglomération,Hors intersection,Normale,Autre collision,,,,,,,,,,,1,1,1,1,6.0
201600002118,0016-07-06 11:45:00,16,7,6,11,45,490,90,Haute folie,47.62678,-0.51083,Plein jour,Hors agglomération,Hors intersection,Normale,Deux véhicules - frontale,,,,,,,,,,,1,1,1,1,1.0
201600002119,0016-08-18 13:00:00,16,8,18,13,0,490,80,Parking SUPER U,47.68281,-0.50063,Plein jour,En agglomération,Hors intersection,Normale,Deux véhicules - côté,,,,,,,,,,,1,2,1,1,3.0
201600002120,0016-10-06 10:00:00,16,10,6,10,0,490,105,Mon idée,47.72193,-0.51389,Plein jour,Hors agglomération,Hors intersection,Normale,Deux véhicules - frontale,,,,,,,,,,,1,1,1,1,1.0
201600002121,0016-11-02 19:45:00,16,11,2,19,45,490,135,La Lande,47.56248,-0.58539,Nuit sans éclairage public,Hors agglomération,Intersection en X,Normale,Deux véhicules - côté,,,,,,,,,,,3,1,2,1,3.0
201600002122,0016-11-17 08:45:00,16,11,17,8,45,490,337,6 route de Gadifaix,47.5746,-0.44044,Plein jour,Hors agglomération,Hors intersection,Pluie légère,Autre collision,,,,,,,,,,,1,1,1,2,6.0
201600002123,0016-12-02 08:45:00,16,12,2,8,45,490,339,4 route d'Angers,47.58452,-0.55369,Plein jour,Hors agglomération,Hors intersection,Brouillard / fumée,Sans collision,,,,,,,,,,,1,1,1,5,7.0
201600002124,0016-12-07 09:00:00,16,12,7,9,0,490,189,,47.72709,-0.60474,Crépuscule ou aube,Hors agglomération,Hors intersection,Brouillard / fumée,Sans collision,,,,,,,,,,,2,1,1,5,7.0
201600002125,0016-12-10 06:00:00,16,12,10,6,0,490,335,Le Douai,47.74769,-0.5734,Nuit sans éclairage public,Hors agglomération,Hors intersection,Brouillard / fumée,Sans collision,,,,,,,,,,,3,1,1,5,7.0
201600002126,0016-09-22 17:30:00,16,9,22,17,30,530,168,rue d'anjou,47.98617,-0.78239,Plein jour,En agglomération,Hors intersection,Normale,Autre collision,,,,,,,,,,,1,2,1,1,6.0
201600002127,0016-10-07 21:00:00,16,10,7,21,0,530,82,,47.98081,-0.86417,Nuit sans éclairage public,Hors agglomération,Hors intersection,Normale,Deux véhicules - arrière,,,,,,,,,,,3,1,1,1,2.0
201600002128,0016-10-29 00:30:00,16,10,29,0,30,530,1,rue de bretagne,48.02493,-0.87186,Nuit sans éclairage public,En agglomération,Hors intersection,Normale,Sans collision,,,,,,,,,,,3,2,1,1,7.0
201600002129,0016-05-05 11:00:00,16,5,5,11,0,530,220,,48.03686,-0.53846,Plein jour,Hors agglomération,Hors intersection,Normale,Sans collision,,,,,,,,,,,1,1,1,1,7.0
201600002130,0016-06-10 15:15:00,16,6,10,15,15,530,49,,48.15426,-0.63642,Plein jour,Hors agglomération,Hors intersection,Normale,Deux véhicules - côté,,,,,,,,,,,1,1,1,1,3.0
201600002131,0016-09-12 15:45:00,16,9,12,15,45,530,141,,48.06654,-0.65218,Plein jour,Hors agglomération,Hors intersection,Normale,Deux véhicules - côté,,,,,,,,,,,1,1,1,1,3.0
201600002132,0016-09-13 19:00:00,16,9,13,19,0,530,152,,47.9525,-0.57094,Plein jour,Hors agglomération,Hors intersection,Normale,Sans collision,,,,,,,,,,,1,1,1,1,7.0
201600002133,0016-09-25 12:00:00,16,9,25,12,0,530,25,,48.02382,-0.60949,Plein jour,Hors agglomération,Hors intersection,Normale,Deux véhicules - frontale,,,,,,,,,,,1,1,1,1,1.0
201600002134,0016-09-27 11:15:00,16,9,27,11,15,530,152,Parking SUPER U,47.95512,-0.56003,Plein jour,En agglomération,Hors intersection,Normale,Autre collision,,,,,,,,,,,1,2,1,1,6.0
201600002135,0016-11-02 07:45:00,16,11,2,7,45,530,67,,47.97118,-0.45824,Plein jour,Hors agglomération,Hors intersection,Brouillard / fumée,Trois véhicules et plus - collisions multiples,,,,,,,,,,,1,1,1,5,5.0
201600002136,0016-02-09 14:45:00,16,2,9,14,45,530,59,Rue de Normandie,48.09952,-0.52065,Plein jour,En agglomération,Hors intersection,Normale,Autre collision,,,,,,,,,,,1,2,1,1,6.0
201600002137,0016-05-22 07:30:00,16,5,22,7,30,530,97,,48.15329,-0.39474,Plein jour,En agglomération,Hors intersection,Pluie légère,Autre collision,,,,,,,,,,,1,2,1,2,6.0
201600002138,0016-07-18 20:00:00,16,7,18,20,0,530,10,,48.15549,-0.3385,Plein jour,Hors agglomération,Hors intersection,Temps éblouissant,Deux véhicules - côté,,,,,,,,,,,1,1,1,7,3.0
201600002139,0016-07-22 20:00:00,16,7,22,20,0,530,97,rue de chammes,48.1504,-0.39587,Plein jour,En agglomération,Hors intersection,Normale,Autre collision,,,,,,,,,,,1,2,1,1,6.0
201600002140,0016-09-10 15:45:00,16,9,10,15,45,530,255,,48.10243,-0.37813,Plein jour,Hors agglomération,Intersection en T,Normale,Trois véhicules et plus - collisions multiples,,,,,,,,,,,1,1,3,1,5.0
201600002141,0016-09-13 21:15:00,16,9,13,21,15,530,276,rue G et L Bidard,48.13641,-0.29167,Nuit avec éclairage allumé,En agglomération,Hors intersection,Normale,Deux véhicules - frontale,,,,,,,,,,,5,2,1,1,1.0
201600002142,0016-10-21 17:00:00,16,10,21,17,0,530,265,3 rue de sainte-suzanne,48.09584,-0.2708,Plein jour,En agglomération,Hors intersection,Normale,Deux véhicules - frontale,,,,,,,,,,,1,2,1,1,1.0
201600002143,0016-12-28 22:30:00,16,12,28,22,30,530,59,,48.09144,-0.52895,Nuit sans éclairage public,Hors agglomération,Hors intersection,Normale,Deux véhicules - frontale,,,,,,,,,,,3,1,1,1,1.0
201600002144,0016-02-04 18:15:00,16,2,4,18,15,530,62,place andré Counord,47.82844,-0.69806,Nuit avec éclairage allumé,En agglomération,Hors intersection,Normale,Autre collision,,,,,,,,,,,5,2,1,1,6.0
201600002145,0016-02-25 16:15:00,16,2,25,16,15,530,14,,47.84215,-0.65091,Plein jour,Hors agglomération,Hors intersection,Normale,Deux véhicules - arrière,,,,,,,,,,,1,1,1,1,2.0
201600002146,0016-02-26 21:15:00,16,2,26,21,15,530,37,,47.87095,-0.38535,Nuit sans éclairage public,Hors agglomération,Hors intersection,Normale,Deux véhicules - frontale,,,,,,,,,,,3,1,1,1,1.0
201600002147,0016-03-01 15:15:00,16,3,1,15,15,530,62,,47.85457,-0.76443,Plein jour,Hors agglomération,Hors intersection,Pluie forte,Sans collision,,,,,,,,,,,1,1,1,3,7.0
201600002148,0016-03-01 21:45:00,16,3,1,21,45,530,14,RN162,47.84329,-0.69738,Nuit sans éclairage public,En agglomération,Hors intersection,Normale,Autre collision,,,,,,,,,,,3,2,1,1,6.0
201600002149,0016-04-21 17:00:00,16,4,21,17,0,530,46,,47.93574,-0.50624,Plein jour,Hors agglomération,Hors intersection,Pluie légère,Sans collision,,,,,,,,,,,1,1,1,2,7.0
201600002150,0016-05-04 12:30:00,16,5,4,12,30,530,66,,47.78121,-0.7709,Plein jour,Hors agglomération,Intersection en X,Normale,Deux véhicules - côté,,,,,,,,,,,1,1,2,1,3.0
201600002151,0016-05-08 14:00:00,16,5,8,14,0,530,78,,47.80715,-0.63816,Plein jour,Hors agglomération,Hors intersection,Normale,Autre collision,,,,,,,,,,,1,1,1,1,6.0
201600002152,0016-06-07 15:45:00,16,6,7,15,45,530,104,Division LECLERC,47.85396,-0.60807,Plein jour,En agglomération,Hors intersection,Normale,Autre collision,,,,,,,,,,,1,2,1,1,6.0
201600002153,0016-06-26 04:30:00,16,6,26,4,30,530,62,,47.82964,-0.7332,Crépuscule ou aube,Hors agglomération,Hors intersection,Normale,Autre collision,,,,,,,,,,,2,1,1,1,6.0
201600002154,0016-07-05 14:30:00,16,7,5,14,30,530,62,route de loigne sur maye,47.83715,-0.72037,Plein jour,En agglomération,Intersection en T,Normale,Deux véhicules - côté,,,,,,,,,,,1,2,3,1,3.0
201600002155,0016-07-16 14:45:00,16,7,16,14,45,530,14,avenue georges pompidou,47.8244,-0.69033,Plein jour,En agglomération,Hors intersection,Normale,Deux véhicules - côté,,,,,,,,,,,1,2,1,1,3.0
201600002156,0016-07-18 09:15:00,16,7,18,9,15,530,62,RUE DE LA LIBERATION,47.83619,-0.72805,Plein jour,En agglomération,Hors intersection,Normale,Deux véhicules - côté,,,,,,,,,,,1,2,1,1,3.0
201600002157,0016-07-31 13:15:00,16,7,31,13,15,530,117,,47.91126,-0.73017,Plein jour,Hors agglomération,Hors intersection,Normale,Sans collision,,,,,,,,,,,1,1,1,1,7.0
201600002158,0016-08-20 12:15:00,16,8,20,12,15,530,29,,47.80805,-0.56114,Plein jour,Hors agglomération,Hors intersection,Normale,Sans collision,,,,,,,,,,,1,1,1,1,7.0
201600002159,0016-09-01 09:15:00,16,9,1,9,15,530,46,,47.92568,-0.48687,Plein jour,Hors agglomération,Intersection en X,Normale,Deux véhicules - côté,,,,,,,,,,,1,1,2,1,3.0
201600002160,0016-09-13 23:30:00,16,9,13,23,30,530,14,,47.79951,-0.65351,Nuit sans éclairage public,Hors agglomération,Hors intersection,Vent fort / tempête,Autre collision,,,,,,,,,,,3,1,1,6,6.0
201600002161,0016-10-05 17:45:00,16,10,5,17,45,530,4,,47.81329,-0.80988,Plein jour,Hors agglomération,Hors intersection,Normale,Deux véhicules - arrière,,,,,,,,,,,1,1,1,1,2.0
201600002162,0016-10-18 08:45:00,16,10,18,8,45,530,62,boulevard Bonneau,47.82942,-0.7113,Plein jour,En agglomération,Hors intersection,Temps couvert,Autre collision,,,,,,,,,,,1,2,1,8,6.0
201600002163,0016-11-20 00:45:00,16,11,20,0,45,530,150,,47.78382,-0.67658,Nuit sans éclairage public,Hors agglomération,Hors intersection,Vent fort / tempête,Autre collision,,,,,,,,,,,3,1,1,6,6.0
201600002164,0016-11-22 01:15:00,16,11,22,1,15,530,62,,47.81549,-0.72839,Nuit sans éclairage public,Hors agglomération,Hors intersection,Normale,Autre collision,,,,,,,,,,,3,1,1,1,6.0
201600002165,0016-12-01 15:30:00,16,12,1,15,30,530,206,,47.92685,-0.58275,Plein jour,Hors agglomération,Hors intersection,Normale,Sans collision,,,,,,,,,,,1,1,1,1,7.0
201600002166,0016-12-11 00:01:00,16,12,11,0,1,530,63,,47.81812,-0.59811,Nuit sans éclairage public,Hors agglomération,Hors intersection,Brouillard / fumée,Autre collision,,,,,,,,,,,3,1,1,5,6.0
201600002167,0016-12-16 06:45:00,16,12,16,6,45,530,4,,47.81278,-0.81243,Crépuscule ou aube,Hors agglomération,Hors intersection,Brouillard / fumée,Autre collision,,,,,,,,,,,2,1,1,5,6.0
201600002168,0016-12-29 12:45:00,16,12,29,12,45,530,37,,47.87091,-0.38541,Plein jour,Hors agglomération,Autre intersection,Normale,Deux véhicules - arrière,,,,,,,,,,,1,1,9,1,2.0
201600002169,0016-02-06 18:15:00,16,2,6,18,15,530,135,,47.91622,-1.00124,Nuit sans éclairage public,Hors agglomération,Intersection en X,Vent fort / tempête,Deux véhicules - côté,,,,,,,,,,,3,1,2,6,3.0
201600002170,0016-02-25 08:15:00,16,2,25,8,15,530,77,,47.90973,-0.92583,Plein jour,Hors agglomération,Hors intersection,Normale,Deux véhicules - frontale,,,,,,,,,,,1,1,1,1,1.0
201600002171,0016-03-07 18:00:00,16,3,7,18,0,530,77,,47.93009,-0.91776,Plein jour,Hors agglomération,Hors intersection,Normale,Sans collision,,,,,,,,,,,1,1,1,1,7.0
201600002172,0016-06-05 00:45:00,16,6,5,0,45,530,84,,47.85341,-0.94121,Nuit sans éclairage public,Hors agglomération,Hors intersection,Normale,Sans collision,,,,,,,,,,,3,1,1,1,7.0
201600002173,0016-06-24 15:00:00,16,6,24,15,0,530,77,,47.92018,-0.92143,Plein jour,Hors agglomération,Hors intersection,Normale,Deux véhicules - côté,,,,,,,,,,,1,1,1,1,3.0
201600002174,0016-07-11 17:30:00,16,7,11,17,30,530,258,,47.84663,-1.05891,Plein jour,Hors agglomération,Hors intersection,Normale,Sans collision,,,,,,,,,,,1,1,1,1,7.0
201600002175,0016-12-02 19:15:00,16,12,2,19,15,530,191,,47.90582,-1.10373,Nuit sans éclairage public,Hors agglomération,Hors intersection,Brouillard / fumée,Autre collision,,,,,,,,,,,3,1,1,5,6.0
201600002176,0016-12-05 08:30:00,16,12,5,8,30,530,84,route departementale 771,47.84504,-0.96455,Plein jour,En agglomération,Giratoire,Normale,Deux véhicules - côté,,,,,,,,,,,1,2,6,1,3.0
201600002177,0016-12-18 07:00:00,16,12,18,7,0,530,58,,47.89578,-0.92923,Nuit sans éclairage public,Hors agglomération,Hors intersection,Brouillard / fumée,Deux véhicules - côté,,,,,,,,,,,3,1,1,5,3.0
201600002178,0016-02-29 16:00:00,16,2,29,16,0,530,147,rue duguesclin,48.30852,-0.62265,Plein jour,En agglomération,Hors intersection,Temps éblouissant,Autre collision,,,,,,,,,,,1,2,1,7,6.0
201600002179,0016-04-29 18:00:00,16,4,29,18,0,530,147,,48.28338,-0.61587,Plein jour,En agglomération,Hors intersection,Normale,Deux véhicules - arrière,,,,,,,,,,,1,2,1,1,2.0
201600002180,0016-05-24 16:30:00,16,5,24,16,30,530,8,,48.3101,-0.54104,Plein jour,Hors agglomération,Intersection en T,Normale,Deux véhicules - côté,,,,,,,,,,,1,1,3,1,3.0
201600002181,0016-08-20 13:00:00,16,8,20,13,0,530,8,,48.29334,-0.59123,Plein jour,Hors agglomération,Hors intersection,Normale,Trois véhicules et plus - collisions multiples,,,,,,,,,,,1,1,1,1,5.0
201600002182,0016-08-20 07:45:00,16,8,20,7,45,530,8,,48.33753,-0.54051,Crépuscule ou aube,Hors agglomération,Hors intersection,Normale,Deux véhicules - arrière,,,,,,,,,,,2,1,1,1,2.0
201600002183,0016-09-10 11:00:00,16,9,10,11,0,530,147,ZI Huilerie,48.28559,-0.62272,Plein jour,En agglomération,Giratoire,Normale,Deux véhicules - côté,,,,,,,,,,,1,2,6,1,3.0
201600002184,0016-10-06 08:15:00,16,10,6,8,15,530,72,,48.2385,-0.6332,Plein jour,Hors agglomération,Hors intersection,Normale,Sans collision,,,,,,,,,,,1,1,1,1,7.0
201600002185,0016-10-11 10:30:00,16,10,11,10,30,530,147,carrefour jean jaures,48.29823,-0.61489,Plein jour,En agglomération,Giratoire,Temps éblouissant,Deux véhicules - côté,,,,,,,,,,,1,2,6,7,3.0