accident_id,datetime,annee,mois,jour,heure,minute,departement,commune_insee,adresse,latitude,longitude,luminosite,agglomeration,intersection,meteo,collision,nb_vehicules,nb_usagers,nb_indemnes,nb_tues,nb_blesses_hosp,nb_blesses_legers,age_cond_1,age_cond_2,veh_type_cond_1,veh_type_cond_2,lum_code,agg_code,int_code,atm_code,col_code
201600002186,0016-01-23 17:15:00,16,1,23,17,15,530,96,,48.29701,-0.94031,Plein jour,En agglomération,Hors intersection,Normale,Autre collision,,,,,,,,,,,1,2,1,1,6.0
201600002187,0016-05-08 06:00:00,16,5,8,6,0,530,64,,48.32801,-0.71874,Nuit sans éclairage public,Hors agglomération,Hors intersection,Normale,Autre collision,,,,,,,,,,,3,1,1,1,6.0
201600002188,0016-06-09 07:45:00,16,6,9,7,45,530,107,RUE DU DOUANIER ROUSSEAU,48.41108,-0.80231,Plein jour,En agglomération,Hors intersection,Normale,Deux véhicules - frontale,,,,,,,,,,,1,2,1,1,1.0
201600002189,0016-07-01 20:00:00,16,7,1,20,0,530,245,,48.42737,-0.28982,Plein jour,Hors agglomération,Hors intersection,Pluie légère,Autre collision,,,,,,,,,,,1,1,1,2,6.0
201600002190,0016-07-05 10:45:00,16,7,5,10,45,530,111,,48.37064,-0.60707,Plein jour,Hors agglomération,Hors intersection,Normale,Deux véhicules - frontale,,,,,,,,,,,1,1,1,1,1.0
201600002191,0016-07-07 11:15:00,16,7,7,11,15,530,96,Rue de Saint denis,48.29948,-0.92757,Plein jour,En agglomération,Hors intersection,Normale,Sans collision,,,,,,,,,,,1,2,1,1,7.0
201600002192,0016-07-10 20:30:00,16,7,10,20,30,530,177,,48.31344,-1.05682,Plein jour,Hors agglomération,Hors intersection,Normale,Trois véhicules et plus - en chaîne,,,,,,,,,,,1,1,1,1,4.0
201600002193,0016-09-07 19:00:00,16,9,7,19,0,530,96,6 rue gambetta,48.29701,-0.94031,Plein jour,En agglomération,Hors intersection,Temps éblouissant,Autre collision,,,,,,,,,,,1,2,1,7,6.0
201600002194,0016-09-06 20:15:00,16,9,6,20,15,530,96,route de Laval,48.2932,-0.92927,Plein jour,En agglomération,Hors intersection,Normale,Sans collision,,,,,,,,,,,1,2,1,1,7.0
201600002195,0016-11-09 18:15:00,16,11,9,18,15,530,131,,48.44495,-0.80473,Nuit sans éclairage public,Hors agglomération,Hors intersection,Pluie forte,Autre collision,,,,,,,,,,,3,1,1,3,6.0
201600002196,0016-11-28 08:00:00,16,11,28,8,0,530,213,,48.42244,-1.06261,Plein jour,Hors agglomération,Hors intersection,Normale,Sans collision,,,,,,,,,,,1,1,1,1,7.0
201600002197,0016-04-26 16:00:00,16,4,26,16,0,530,144,,48.31183,-0.48147,Plein jour,Hors agglomération,Hors intersection,Pluie forte,Sans collision,,,,,,,,,,,1,1,1,3,7.0
201600002198,0016-06-05 01:00:00,16,6,5,1,0,530,127,,48.46361,-0.45184,Nuit sans éclairage public,Hors agglomération,Hors intersection,Normale,Sans collision,,,,,,,,,,,3,1,1,1,7.0
201600002199,0016-10-06 13:15:00,16,10,6,13,15,530,230,,48.49922,-0.41429,Plein jour,Hors agglomération,Hors intersection,Normale,Sans collision,,,,,,,,,,,1,1,1,1,7.0
201600002200,0016-06-09 16:45:00,16,6,9,16,45,530,236,,48.2946,-0.17069,Plein jour,Hors agglomération,Hors intersection,Normale,Deux véhicules - côté,,,,,,,,,,,1,1,1,1,3.0
201600002201,0016-10-25 20:00:00,16,10,25,20,0,530,208,,48.43467,-0.2627,Nuit sans éclairage public,Hors agglomération,Hors intersection,Normale,Deux véhicules - frontale,,,,,,,,,,,3,1,1,1,1.0
201600002202,0016-02-04 11:55:00,16,2,4,11,55,10,283,"40, MICHELET (RUE DU 40/",46.26032,5.65289,Plein jour,En agglomération,Hors intersection,Normale,Autre collision,,,,,,,,,,,1,2,1,1,6.0
201600002203,0016-02-20 18:26:00,16,2,20,18,26,10,14,CD 31,,,Nuit sans éclairage public,Hors agglomération,Hors intersection,Normale,Sans collision,,,,,,,,,,,3,1,1,1,7.0
201600002204,0016-03-03 06:40:00,16,3,3,6,40,10,283,"1, OYONNAX (ROUTE D')",,,Nuit avec éclairage allumé,En agglomération,Hors intersection,Neige / grêle,Deux véhicules - côté,,,,,,,,,,,5,2,1,4,3.0
201600002205,0016-04-08 14:25:00,16,4,8,14,25,10,283,"12, ECHALLON (VIEILLE RU",46.25881,5.66171,Plein jour,En agglomération,Hors intersection,Pluie légère,Autre collision,,,,,,,,,,,1,2,1,2,6.0
201600002206,0016-05-20 17:45:00,16,5,20,17,45,10,283,,46.24508,5.70369,Plein jour,Hors agglomération,Hors intersection,Normale,Trois véhicules et plus - collisions multiples,,,,,,,,,,,1,1,1,1,5.0
201600002207,0016-06-15 04:15:00,16,6,15,4,15,10,283,"8, VAUGELAS (RUE PAS DE",46.26644,5.65716,Nuit avec éclairage allumé,En agglomération,Intersection en T,Normale,Deux véhicules - côté,,,,,,,,,,,5,2,3,1,3.0
201600002208,0016-07-18 16:15:00,16,7,18,16,15,10,283,"19, GAGARINE",46.2444,5.6452,Plein jour,En agglomération,Hors intersection,Normale,Autre collision,,,,,,,,,,,1,2,1,1,6.0
201600002209,0016-07-24 11:25:00,16,7,24,11,25,10,283,C.D. 13,46.25286,5.68719,Plein jour,Hors agglomération,Hors intersection,Normale,Autre collision,,,,,,,,,,,1,1,1,1,6.0
201600002210,0016-08-18 21:55:00,16,8,18,21,55,10,31,"63b, FORGE  DE Nø     A",46.25285,5.63659,Nuit avec éclairage allumé,En agglomération,Intersection en T,Normale,Deux véhicules - frontale,,,,,,,,,,,5,2,3,1,1.0
201600002211,0016-10-11 12:15:00,16,10,11,12,15,10,14,CD 31,46.29041,5.6555,Plein jour,Hors agglomération,Hors intersection,Normale,Autre collision,,,,,,,,,,,1,1,1,1,6.0
201600002212,0016-11-03 18:10:00,16,11,3,18,10,10,283,"27, HUGO (VICTOR)",,,Nuit avec éclairage allumé,En agglomération,Hors intersection,Normale,Autre collision,,,,,,,,,,,5,2,1,1,6.0
201600002213,0016-11-30 17:30:00,16,11,30,17,30,10,283,"10, CLEMENCEAU (RUE G. D",46.25579,5.65132,Crépuscule ou aube,En agglomération,Hors intersection,Normale,Autre collision,,,,,,,,,,,2,2,1,1,6.0
201600002214,0016-01-15 17:15:00,16,1,15,17,15,720,178,rue du Val de Loir,47.945,0.568,Crépuscule ou aube,En agglomération,Hors intersection,Normale,Deux véhicules - frontale,,,,,,,,,,,2,2,1,1,1.0
201600002215,0016-04-21 07:15:00,16,4,21,7,15,720,64,,47.865,0.745,Crépuscule ou aube,Hors agglomération,Hors intersection,Normale,Autre collision,,,,,,,,,,,2,1,1,1,6.0
201600002216,0016-05-21 15:30:00,16,5,21,15,30,720,35,,47.847,0.726,Plein jour,Hors agglomération,Hors intersection,Pluie forte,Sans collision,,,,,,,,,,,1,1,1,3,7.0
201600002217,0016-07-01 12:15:00,16,7,1,12,15,720,269,2 avenue de kirchdorf,,,Plein jour,En agglomération,Hors intersection,Normale,Autre collision,,,,,,,,,,,1,2,1,1,6.0
201600002218,0016-09-16 13:45:00,16,9,16,13,45,720,303,,48.014,0.596,Plein jour,Hors agglomération,Hors intersection,Pluie forte,Autre collision,,,,,,,,,,,1,1,1,3,6.0
201600002219,0016-11-25 18:45:00,16,11,25,18,45,720,204,,,,Crépuscule ou aube,Hors agglomération,Hors intersection,Normale,Deux véhicules - côté,,,,,,,,,,,2,1,1,1,3.0
201600002220,0016-06-18 12:15:00,16,6,18,12,15,720,334,Carrefour RD5 et RD 105,48.196,-0.128,Plein jour,En agglomération,Hors intersection,Normale,Deux véhicules - côté,,,,,,,,,,,1,2,1,1,3.0
201600002221,0016-01-22 08:45:00,16,1,22,8,45,720,386,,48.021,0.284,Plein jour,Hors agglomération,Hors intersection,Pluie légère,Deux véhicules - frontale,,,,,,,,,,,1,1,1,2,1.0
201600002222,0016-02-29 21:00:00,16,2,29,21,0,720,90,,48.077,0.485,Nuit avec éclairage allumé,Hors agglomération,Hors intersection,Normale,Autre collision,,,,,,,,,,,5,1,1,1,6.0
201600002223,0016-03-04 14:45:00,16,3,4,14,45,720,331,VOIE DE LA LIBERTE,,,Plein jour,En agglomération,Hors intersection,Pluie forte,Deux véhicules - côté,,,,,,,,,,,1,2,1,3,3.0
201600002224,0016-04-17 18:45:00,16,4,17,18,45,720,172,,48.097,0.6,Plein jour,Hors agglomération,Intersection en Y,Normale,Deux véhicules - côté,,,,,,,,,,,1,1,4,1,3.0
201600002225,0016-05-17 19:00:00,16,5,17,19,0,720,300,,48.029,0.358,Plein jour,Hors agglomération,Hors intersection,Normale,Autre collision,,,,,,,,,,,1,1,1,1,6.0
201600002226,0016-05-25 23:00:00,16,5,25,23,0,720,172,,48.087,0.62,Nuit sans éclairage public,Hors agglomération,Hors intersection,Normale,Autre collision,,,,,,,,,,,3,1,1,1,6.0
201600002227,0016-07-05 07:45:00,16,7,5,7,45,720,345,lieu dit La vigne,47.98,0.463,Plein jour,En agglomération,Hors intersection,Normale,Autre collision,,,,,,,,,,,1,2,1,1,6.0
201600002228,0016-06-07 13:30:00,16,6,7,13,30,720,386,,,,Plein jour,Hors agglomération,Giratoire,Normale,Sans collision,,,,,,,,,,,1,1,6,1,7.0
201600002229,0016-07-21 13:45:00,16,7,21,13,45,720,386,,48.007,0.287,Plein jour,Hors agglomération,Hors intersection,Normale,Deux véhicules - frontale,,,,,,,,,,,1,1,1,1,1.0
201600002230,0016-07-20 07:45:00,16,7,20,7,45,720,224,,48.03,0.489,Plein jour,Hors agglomération,Hors intersection,Normale,Autre collision,,,,,,,,,,,1,1,1,1,6.0
201600002231,0016-07-25 13:45:00,16,7,25,13,45,720,271,,48.138,0.438,Plein jour,Hors agglomération,Hors intersection,Normale,Sans collision,,,,,,,,,,,1,1,1,1,7.0
201600002232,0016-07-23 18:15:00,16,7,23,18,15,720,363,place du général leclerc,48.119,0.524,Plein jour,En agglomération,Hors intersection,Normale,Sans collision,,,,,,,,,,,1,2,1,1,7.0
201600002233,0016-08-19 17:00:00,16,8,19,17,0,720,224,lieu dit la route,,,Plein jour,En agglomération,Hors intersection,Normale,Autre collision,,,,,,,,,,,1,2,1,1,6.0
201600002234,0016-08-22 19:00:00,16,8,22,19,0,720,54,,48.009,0.368,Plein jour,Hors agglomération,Hors intersection,Normale,Trois véhicules et plus - collisions multiples,,,,,,,,,,,1,1,1,1,5.0
201600002235,0016-09-27 19:30:00,16,9,27,19,30,720,358,,,,Nuit sans éclairage public,Hors agglomération,Hors intersection,Normale,Sans collision,,,,,,,,,,,3,1,1,1,7.0
201600002236,0016-10-07 14:00:00,16,10,7,14,0,720,300,LA GRILLE DU PARC,,,Plein jour,En agglomération,Hors intersection,Normale,Deux véhicules - frontale,,,,,,,,,,,1,2,1,1,1.0
201600002237,0016-10-23 02:30:00,16,10,23,2,30,720,358,,,,Nuit sans éclairage public,Hors agglomération,Hors intersection,Normale,Deux véhicules - frontale,,,,,,,,,,,3,1,1,1,1.0
201600002238,0016-11-09 17:15:00,16,11,9,17,15,720,165,Rue de MONTFORT,48.078,0.42,Nuit avec éclairage allumé,En agglomération,Hors intersection,Pluie légère,Deux véhicules - côté,,,,,,,,,,,5,2,1,2,3.0
201600002239,0016-11-15 17:15:00,16,11,15,17,15,720,300,,48.037,0.38,Plein jour,Hors agglomération,Hors intersection,Pluie légère,Deux véhicules - frontale,,,,,,,,,,,1,1,1,2,1.0
201600002240,0016-11-11 23:30:00,16,11,11,23,30,720,363,,48.133,0.539,Nuit sans éclairage public,Hors agglomération,Hors intersection,Pluie légère,Autre collision,,,,,,,,,,,3,1,1,2,6.0
201600002241,0016-12-09 16:45:00,16,12,9,16,45,720,90,,48.047,0.462,Plein jour,Hors agglomération,Hors intersection,Normale,Trois véhicules et plus - collisions multiples,,,,,,,,,,,1,1,1,1,5.0
201600002242,0016-12-16 19:15:00,16,12,16,19,15,720,358,,48.056,0.519,Nuit sans éclairage public,Hors agglomération,Hors intersection,Normale,Deux véhicules - frontale,,,,,,,,,,,3,1,1,1,1.0
201600002243,0016-12-18 14:15:00,16,12,18,14,15,720,122,,48.078,0.54,Plein jour,Hors agglomération,Hors intersection,Brouillard / fumée,Deux véhicules - frontale,,,,,,,,,,,1,1,1,5,1.0
201600002244,0016-01-21 16:30:00,16,1,21,16,30,720,217,,,,Plein jour,Hors agglomération,Hors intersection,Normale,Sans collision,,,,,,,,,,,1,1,1,1,7.0
201600002245,0016-03-03 08:15:00,16,3,3,8,15,720,150,,,,Plein jour,Hors agglomération,Hors intersection,Normale,Trois véhicules et plus - collisions multiples,,,,,,,,,,,1,1,1,1,5.0
201600002246,0016-05-24 21:00:00,16,5,24,21,0,720,310,,,,Plein jour,Hors agglomération,Giratoire,Normale,Deux véhicules - côté,,,,,,,,,,,1,1,6,1,3.0
201600002247,0016-06-12 04:00:00,16,6,12,4,0,720,329,,,,Nuit sans éclairage public,Hors agglomération,Hors intersection,Temps couvert,Deux véhicules - frontale,,,,,,,,,,,3,1,1,8,1.0
201600002248,0016-07-06 08:00:00,16,7,6,8,0,720,217,,,,Plein jour,Hors agglomération,Hors intersection,Normale,Trois véhicules et plus - en chaîne,,,,,,,,,,,1,1,1,1,4.0
201600002249,0016-07-12 18:15:00,16,7,12,18,15,720,328,,,,Plein jour,Hors agglomération,Hors intersection,Pluie légère,Trois véhicules et plus - collisions multiples,,,,,,,,,,,1,1,1,2,5.0
201600002250,0016-12-07 17:15:00,16,12,7,17,15,720,329,alphonse lavallée,,,Crépuscule ou aube,En agglomération,Giratoire,Normale,Deux véhicules - côté,,,,,,,,,,,2,2,6,1,3.0
201600002251,0016-02-29 08:15:00,16,2,29,8,15,720,247,,,,Plein jour,Hors agglomération,Hors intersection,Normale,Deux véhicules - frontale,,,,,,,,,,,1,1,1,1,1.0
201600002252,0016-05-03 12:00:00,16,5,3,12,0,720,168,2 rue malouin,,,Plein jour,En agglomération,Hors intersection,Normale,Autre collision,,,,,,,,,,,1,2,1,1,6.0
201600002253,0016-05-08 15:15:00,16,5,8,15,15,720,344,,,,Plein jour,Hors agglomération,Hors intersection,Normale,Trois véhicules et plus - collisions multiples,,,,,,,,,,,1,1,1,1,5.0
201600002254,0016-05-18 19:15:00,16,5,18,19,15,720,346,,,,Plein jour,Hors agglomération,Hors intersection,Normale,Trois véhicules et plus - collisions multiples,,,,,,,,,,,1,1,1,1,5.0
201600002255,0016-05-27 18:15:00,16,5,27,18,15,720,381,18 route de louplande,47.935,0.068,Plein jour,En agglomération,Hors intersection,Normale,Deux véhicules - côté,,,,,,,,,,,1,2,1,1,3.0
201600002256,0016-07-26 14:00:00,16,7,26,14,0,720,257,,48.009,0.157,Plein jour,Hors agglomération,Intersection en X,Normale,Deux véhicules - côté,,,,,,,,,,,1,1,2,1,3.0
201600002257,0016-08-16 10:00:00,16,8,16,10,0,720,253,,,,Plein jour,Hors agglomération,Giratoire,Normale,Deux véhicules - côté,,,,,,,,,,,1,1,6,1,3.0
201600002258,0016-08-30 07:15:00,16,8,30,7,15,720,253,,,,Crépuscule ou aube,Hors agglomération,Hors intersection,Normale,Deux véhicules - côté,,,,,,,,,,,2,1,1,1,3.0
201600002259,0016-09-09 22:30:00,16,9,9,22,30,720,344,,,,Nuit sans éclairage public,Hors agglomération,Autre intersection,Normale,Autre collision,,,,,,,,,,,3,1,9,1,6.0
201600002260,0016-12-09 09:00:00,16,12,9,9,0,720,96,,,,Nuit sans éclairage public,Hors agglomération,Hors intersection,Brouillard / fumée,Autre collision,,,,,,,,,,,3,1,1,5,6.0
201600002261,0016-01-19 18:00:00,16,1,19,18,0,720,154,boulevard du québec,,,Plein jour,En agglomération,Hors intersection,Normale,Autre collision,,,,,,,,,,,1,2,1,1,6.0
201600002262,0016-05-17 13:30:00,16,5,17,13,30,720,154,,,,Plein jour,Hors agglomération,Hors intersection,Normale,Deux véhicules - côté,,,,,,,,,,,1,1,1,1,3.0
201600002263,0016-07-02 01:00:00,16,7,2,1,0,720,154,,47.69,-0.063,Nuit sans éclairage public,Hors agglomération,Hors intersection,Normale,Deux véhicules - côté,,,,,,,,,,,3,1,1,1,3.0
201600002264,0016-07-17 00:15:00,16,7,17,0,15,720,154,,47.698,-0.112,Nuit sans éclairage public,Hors agglomération,Hors intersection,Normale,Deux véhicules - arrière,,,,,,,,,,,3,1,1,1,2.0
201600002265,0016-07-24 15:15:00,16,7,24,15,15,720,25,Rue d'Anjou,47.692,-0.172,Plein jour,En agglomération,Hors intersection,Temps éblouissant,Autre collision,,,,,,,,,,,1,2,1,7,6.0
201600002266,0016-10-19 14:15:00,16,10,19,14,15,720,154,allée des girouettes,47.701,-0.072,Plein jour,En agglomération,Hors intersection,Normale,Deux véhicules - frontale,,,,,,,,,,,1,2,1,1,1.0
201600002267,0016-10-11 18:15:00,16,10,11,18,15,720,143,,,,Plein jour,Hors agglomération,Hors intersection,Normale,Autre collision,,,,,,,,,,,1,1,1,1,6.0
201600002268,0016-10-26 22:00:00,16,10,26,22,0,720,221,,47.673,0.399,Nuit sans éclairage public,Hors agglomération,Hors intersection,Normale,Sans collision,,,,,,,,,,,3,1,1,1,7.0
201600002269,0016-12-21 06:30:00,16,12,21,6,30,720,143,,,,Nuit sans éclairage public,Hors agglomération,Hors intersection,Normale,Autre collision,,,,,,,,,,,3,1,1,1,6.0
201600002270,0016-11-23 18:15:00,16,11,23,18,15,720,228,,47.845,-0.231,Nuit sans éclairage public,Hors agglomération,Hors intersection,Pluie légère,Deux véhicules - côté,,,,,,,,,,,3,1,1,2,3.0
201600002271,0016-01-04 16:15:00,16,1,4,16,15,720,50,,47.98,-0.224,Plein jour,Hors agglomération,Hors intersection,Normale,Deux véhicules - frontale,,,,,,,,,,,1,1,1,1,1.0
201600002272,0016-01-18 11:30:00,16,1,18,11,30,720,22,,47.779,-0.21,Plein jour,Hors agglomération,Hors intersection,Pluie légère,Autre collision,,,,,,,,,,,1,1,1,2,6.0
201600002273,0016-02-15 19:45:00,16,2,15,19,45,720,223,carrefour 309 et D41,,,Nuit avec éclairage allumé,En agglomération,Hors intersection,Normale,Deux véhicules - frontale,,,,,,,,,,,5,2,1,1,1.0
201600002274,0016-03-08 19:30:00,16,3,8,19,30,720,50,,47.988,-0.226,Nuit sans éclairage public,Hors agglomération,Hors intersection,Normale,Trois véhicules et plus - collisions multiples,,,,,,,,,,,3,1,1,1,5.0
201600002275,0016-04-20 10:00:00,16,4,20,10,0,720,228,,47.824,-0.202,Plein jour,Hors agglomération,Hors intersection,Normale,Deux véhicules - côté,,,,,,,,,,,1,1,1,1,3.0
201600002276,0016-06-13 14:00:00,16,6,13,14,0,720,22,,47.775,-0.141,Plein jour,Hors agglomération,Hors intersection,Normale,Deux véhicules - frontale,,,,,,,,,,,1,1,1,1,1.0
201600002277,0016-06-26 17:45:00,16,6,26,17,45,720,50,,47.986,-0.209,Plein jour,Hors agglomération,Hors intersection,Normale,Sans collision,,,,,,,,,,,1,1,1,1,7.0
201600002278,0016-08-12 08:00:00,16,8,12,8,0,720,223,56 rue du Maréchal Foch,47.871,-0.098,Plein jour,En agglomération,Hors intersection,Normale,Autre collision,,,,,,,,,,,1,2,1,1,6.0
201600002279,0016-08-12 20:45:00,16,8,12,20,45,720,22,,,,Plein jour,Hors agglomération,Hors intersection,Normale,Deux véhicules - frontale,,,,,,,,,,,1,1,1,1,1.0
201600002280,0016-09-02 11:45:00,16,9,2,11,45,720,179,rue Victor HUGO,47.817,-0.08,Plein jour,En agglomération,Hors intersection,Normale,Deux véhicules - arrière,,,,,,,,,,,1,2,1,1,2.0
201600002281,0016-11-11 03:15:00,16,11,11,3,15,720,228,LIEU DIT CREVE-COEUR,47.844,-0.238,Nuit sans éclairage public,Hors agglomération,Hors intersection,Normale,Autre collision,,,,,,,,,,,3,1,1,1,6.0
201600002282,0016-11-14 07:45:00,16,11,14,7,45,720,239,,,,Plein jour,Hors agglomération,Hors intersection,Normale,Deux véhicules - côté,,,,,,,,,,,1,1,1,1,3.0
201600002283,0016-11-17 18:30:00,16,11,17,18,30,720,44,,47.741,-0.053,Nuit sans éclairage public,Hors agglomération,Hors intersection,Temps couvert,Deux véhicules - frontale,,,,,,,,,,,3,1,1,8,1.0
201600002284,0016-11-22 15:30:00,16,11,22,15,30,720,307,,,,Plein jour,Hors agglomération,Hors intersection,Normale,Autre collision,,,,,,,,,,,1,1,1,1,6.0
201600002285,0016-11-23 15:45:00,16,11,23,15,45,720,179,,47.799,-0.088,Plein jour,Hors agglomération,Hors intersection,Normale,Sans collision,,,,,,,,,,,1,1,1,1,7.0
201600002286,0016-01-08 18:30:00,16,1,8,18,30,720,51,,,,Nuit sans éclairage public,Hors agglomération,Hors intersection,Normale,Deux véhicules - arrière,,,,,,,,,,,3,1,1,1,2.0
201600002287,0016-01-29 15:30:00,16,1,29,15,30,720,117,,,,Plein jour,Hors agglomération,Hors intersection,Normale,Deux véhicules - frontale,,,,,,,,,,,1,1,1,1,1.0
201600002288,0016-03-29 08:45:00,16,3,29,8,45,720,117,,,,Plein jour,Hors agglomération,Hors intersection,Autre,Deux véhicules - côté,,,,,,,,,,,1,1,1,9,3.0
201600002289,0016-04-13 19:45:00,16,4,13,19,45,720,252,,,,Plein jour,Hors agglomération,Hors intersection,Normale,Sans collision,,,,,,,,,,,1,1,1,1,7.0
201600002290,0016-04-16 07:00:00,16,4,16,7,0,720,135,,,,Crépuscule ou aube,Hors agglomération,Hors intersection,Normale,Autre collision,,,,,,,,,,,2,1,1,1,6.0
201600002291,0016-05-21 14:00:00,16,5,21,14,0,720,13,,,,Plein jour,Hors agglomération,Hors intersection,Normale,Sans collision,,,,,,,,,,,1,1,1,1,7.0
201600002292,0016-06-05 18:30:00,16,6,5,18,30,720,176,,,,Plein jour,En agglomération,Hors intersection,Normale,Deux véhicules - arrière,,,,,,,,,,,1,2,1,1,2.0
201600002293,0016-06-22 07:45:00,16,6,22,7,45,720,191,,,,Plein jour,Hors agglomération,Hors intersection,Normale,Deux véhicules - frontale,,,,,,,,,,,1,1,1,1,1.0
201600002294,0016-07-08 01:15:00,16,7,8,1,15,720,175,,,,Nuit sans éclairage public,Hors agglomération,Hors intersection,Normale,Autre collision,,,,,,,,,,,3,1,1,1,6.0
201600002295,0016-07-11 15:30:00,16,7,11,15,30,720,51,,,,Plein jour,Hors agglomération,Hors intersection,Normale,Deux véhicules - arrière,,,,,,,,,,,1,1,1,1,2.0
201600002296,0016-07-08 09:00:00,16,7,8,9,0,720,175,,,,Plein jour,Hors agglomération,Hors intersection,Normale,Deux véhicules - côté,,,,,,,,,,,1,1,1,1,3.0
201600002297,0016-08-01 15:30:00,16,8,1,15,30,720,51,,,,Plein jour,Hors agglomération,Intersection en X,Normale,Deux véhicules - côté,,,,,,,,,,,1,1,2,1,3.0
201600002298,0016-08-14 17:30:00,16,8,14,17,30,720,51,,,,Plein jour,Hors agglomération,Hors intersection,Normale,Deux véhicules - frontale,,,,,,,,,,,1,1,1,1,1.0
201600002299,0016-08-26 15:00:00,16,8,26,15,0,720,283,,,,Plein jour,Hors agglomération,Hors intersection,Normale,Deux véhicules - arrière,,,,,,,,,,,1,1,1,1,2.0
201600002300,0016-02-11 19:00:00,16,2,11,19,0,720,264,,,,Crépuscule ou aube,Hors agglomération,Hors intersection,Normale,Autre collision,,,,,,,,,,,2,1,1,1,6.0
201600002301,0016-03-10 10:00:00,16,3,10,10,0,720,264,48 rue du maine,,,Plein jour,En agglomération,Hors intersection,Normale,Autre collision,,,,,,,,,,,1,2,1,1,6.0
201600002302,0016-03-11 16:45:00,16,3,11,16,45,720,151,,,,Plein jour,Hors agglomération,Hors intersection,Normale,Deux véhicules - frontale,,,,,,,,,,,1,1,1,1,1.0
201600002303,0016-07-07 20:45:00,16,7,7,20,45,720,244,rue saint pierre,,,Plein jour,En agglomération,Hors intersection,Normale,Deux véhicules - frontale,,,,,,,,,,,1,2,1,1,1.0
201600002304,0016-08-05 17:00:00,16,8,5,17,0,720,264,113 rue saint nicolas,,,Plein jour,En agglomération,Hors intersection,Normale,Deux véhicules - côté,,,,,,,,,,,1,2,1,1,3.0
201600002305,0016-11-22 18:30:00,16,11,22,18,30,720,244,,,,Nuit sans éclairage public,Hors agglomération,Hors intersection,Normale,Deux véhicules - côté,,,,,,,,,,,3,1,1,1,3.0
201600002306,0016-01-15 22:30:00,16,1,15,22,30,720,104,,,,Nuit sans éclairage public,Hors agglomération,Hors intersection,Normale,Autre collision,,,,,,,,,,,3,1,1,1,6.0
201600002307,0016-05-05 07:15:00,16,5,5,7,15,720,39,,,,Plein jour,Hors agglomération,Hors intersection,Normale,Deux véhicules - côté,,,,,,,,,,,1,1,1,1,3.0
201600002308,0016-05-16 04:45:00,16,5,16,4,45,720,112,,,,Nuit sans éclairage public,Hors agglomération,Hors intersection,Normale,Autre collision,,,,,,,,,,,3,1,1,1,6.0
201600002309,0016-07-01 16:15:00,16,7,1,16,15,720,220,,,,Plein jour,Hors agglomération,Hors intersection,Normale,Deux véhicules - côté,,,,,,,,,,,1,1,1,1,3.0
201600002310,0016-07-17 16:15:00,16,7,17,16,15,720,317,,,,Plein jour,Hors agglomération,Hors intersection,Normale,Autre collision,,,,,,,,,,,1,1,1,1,6.0
201600002311,0016-08-23 08:00:00,16,8,23,8,0,720,148,,,,Plein jour,Hors agglomération,Intersection en Y,Normale,Deux véhicules - arrière,,,,,,,,,,,1,1,4,1,2.0
201600002312,0016-08-30 09:30:00,16,8,30,9,30,720,39,,,,Plein jour,Hors agglomération,Hors intersection,Normale,Deux véhicules - frontale,,,,,,,,,,,1,1,1,1,1.0
201600002313,0016-08-27 10:00:00,16,8,27,10,0,720,276,,,,Plein jour,Hors agglomération,Hors intersection,Normale,Deux véhicules - frontale,,,,,,,,,,,1,1,1,1,1.0
201600002314,0016-09-22 20:15:00,16,9,22,20,15,720,180,rue Coru,,,Plein jour,En agglomération,Hors intersection,Normale,Sans collision,,,,,,,,,,,1,2,1,1,7.0
201600002315,0016-09-30 19:30:00,16,9,30,19,30,720,295,,,,Crépuscule ou aube,Hors agglomération,Hors intersection,Normale,Deux véhicules - frontale,,,,,,,,,,,2,1,1,1,1.0
201600002316,0016-10-31 09:00:00,16,10,31,9,0,720,276,,,,Plein jour,Hors agglomération,Hors intersection,Normale,Trois véhicules et plus - en chaîne,,,,,,,,,,,1,1,1,1,4.0
201600002317,0016-10-31 16:45:00,16,10,31,16,45,720,112,"34, rue du saosnois",,,Plein jour,En agglomération,Autre intersection,Normale,Autre collision,,,,,,,,,,,1,2,9,1,6.0
201600002318,0016-11-11 15:45:00,16,11,11,15,45,720,104,,,,Plein jour,Hors agglomération,Hors intersection,Normale,Autre collision,,,,,,,,,,,1,1,1,1,6.0
201600002319,0016-11-14 18:45:00,16,11,14,18,45,720,39,43 avenue du 08 mai 1945,,,Nuit avec éclairage allumé,En agglomération,Hors intersection,Normale,Deux véhicules - côté,,,,,,,,,,,5,2,1,1,3.0
201600002320,0016-11-24 13:15:00,16,11,24,13,15,720,180,Rue Ernest Renan,,,Plein jour,En agglomération,Hors intersection,Normale,Sans collision,,,,,,,,,,,1,2,1,1,7.0
201600002321,0016-11-23 17:45:00,16,11,23,17,45,720,313,,,,Nuit sans éclairage public,Hors agglomération,Intersection en X,Temps couvert,Deux véhicules - côté,,,,,,,,,,,3,1,2,8,3.0