accident_id,datetime,annee,mois,jour,heure,minute,departement,commune_insee,adresse,latitude,longitude,luminosite,agglomeration,intersection,meteo,collision,nb_vehicules,nb_usagers,nb_indemnes,nb_tues,nb_blesses_hosp,nb_blesses_legers,age_cond_1,age_cond_2,veh_type_cond_1,veh_type_cond_2,lum_code,agg_code,int_code,atm_code,col_code
201600002322,0016-12-01 09:45:00,16,12,1,9,45,720,354,rue du parc,,,Plein jour,En agglomération,Hors intersection,Normale,Autre collision,,,,,,,,,,,1,2,1,1,6.0
201600002323,0016-12-02 15:30:00,16,12,2,15,30,720,180,rue Eugène Dubouillon,,,Plein jour,En agglomération,Hors intersection,Normale,Deux véhicules - arrière,,,,,,,,,,,1,2,1,1,2.0
201600002324,0016-12-02 18:45:00,16,12,2,18,45,720,295,,,,Nuit sans éclairage public,Hors agglomération,Hors intersection,Normale,Deux véhicules - côté,,,,,,,,,,,3,1,1,1,3.0
201600002325,0016-09-07 08:45:00,16,9,7,8,45,720,39,,,,Plein jour,Hors agglomération,Hors intersection,Normale,Deux véhicules - arrière,,,,,,,,,,,1,1,1,1,2.0
201600002326,0016-09-25 17:00:00,16,9,25,17,0,720,132,Av du Gle de Gaulle,,,Plein jour,En agglomération,Hors intersection,Normale,Deux véhicules - côté,,,,,,,,,,,1,2,1,1,3.0
201600002327,0016-11-04 10:00:00,16,11,4,10,0,720,132,rue des Calots,,,Plein jour,En agglomération,Hors intersection,Pluie légère,Trois véhicules et plus - collisions multiples,,,,,,,,,,,1,2,1,2,5.0
201600002328,0016-11-12 14:00:00,16,11,12,14,0,720,132,88 avenue de verdun,,,Plein jour,En agglomération,Autre intersection,Temps couvert,Autre collision,,,,,,,,,,,1,2,9,8,6.0
201600002329,0016-01-30 23:45:00,16,1,30,23,45,720,82,,,,Nuit sans éclairage public,Hors agglomération,Hors intersection,Pluie légère,Deux véhicules - arrière,,,,,,,,,,,3,1,1,2,2.0
201600002330,0016-02-13 16:15:00,16,2,13,16,15,720,137,,,,Plein jour,Hors agglomération,Intersection en X,Pluie légère,Deux véhicules - côté,,,,,,,,,,,1,1,2,2,3.0
201600002331,0016-02-23 18:00:00,16,2,23,18,0,720,308,rue de roselet,,,Plein jour,En agglomération,Autre intersection,Normale,Trois véhicules et plus - collisions multiples,,,,,,,,,,,1,2,9,1,5.0
201600002332,0016-03-26 09:30:00,16,3,26,9,30,720,137,,,,Plein jour,Hors agglomération,Hors intersection,Normale,Autre collision,,,,,,,,,,,1,1,1,1,6.0
201600002333,0016-04-15 21:45:00,16,4,15,21,45,720,186,,,,Nuit sans éclairage public,Hors agglomération,Hors intersection,Normale,Deux véhicules - côté,,,,,,,,,,,3,1,1,1,3.0
201600002334,0016-05-09 15:15:00,16,5,9,15,15,720,254,,,,Plein jour,Hors agglomération,Hors intersection,Normale,Deux véhicules - frontale,,,,,,,,,,,1,1,1,1,1.0
201600002335,0016-06-06 08:00:00,16,6,6,8,0,720,29,7 rue henri de Navarre,,,Plein jour,En agglomération,Hors intersection,Normale,Deux véhicules - côté,,,,,,,,,,,1,2,1,1,3.0
201600002336,0016-12-01 23:15:00,16,12,1,23,15,720,152,,,,Nuit sans éclairage public,Hors agglomération,Hors intersection,Brouillard / fumée,Autre collision,,,,,,,,,,,3,1,1,5,6.0
201600002337,0016-12-22 10:15:00,16,12,22,10,15,720,138,7 ave Charles De Gaulle,,,Plein jour,En agglomération,Hors intersection,Normale,Sans collision,,,,,,,,,,,1,2,1,1,7.0
201600002338,0016-12-30 19:45:00,16,12,30,19,45,720,305,,,,Nuit avec éclairage allumé,Hors agglomération,Giratoire,Brouillard / fumée,Autre collision,,,,,,,,,,,5,1,6,5,6.0
201600002339,0016-05-09 15:15:00,16,5,9,15,15,850,288,LA MICHELIERE,46.47121,-1.64927,Plein jour,Hors agglomération,Hors intersection,Normale,Deux véhicules - frontale,,,,,,,,,,,1,1,1,1,1.0
201600002340,0016-05-13 08:15:00,16,5,13,8,15,850,52,,46.61269,-1.62895,Plein jour,Hors agglomération,Hors intersection,Normale,Deux véhicules - frontale,,,,,,,,,,,1,1,1,1,1.0
201600002341,0016-04-06 12:30:00,16,4,6,12,30,850,46,,46.66347,-1.28082,Plein jour,Hors agglomération,Hors intersection,Normale,Deux véhicules - arrière,,,,,,,,,,,1,1,1,1,2.0
201600002342,0016-06-22 19:30:00,16,6,22,19,30,850,73,LA FRISE,46.50407,-1.19782,Plein jour,Hors agglomération,Hors intersection,Normale,Deux véhicules - frontale,,,,,,,,,,,1,1,1,1,1.0
201600002343,0016-07-22 11:15:00,16,7,22,11,15,850,213,PIED DORE,46.58535,-1.35346,Plein jour,Hors agglomération,Hors intersection,Normale,Deux véhicules - frontale,,,,,,,,,,,1,1,1,1,1.0
201600002344,0016-09-13 18:30:00,16,9,13,18,30,850,46,PONT DE LA GOURDINE,46.61903,-1.30876,Plein jour,Hors agglomération,Hors intersection,Pluie légère,Autre collision,,,,,,,,,,,1,1,1,2,6.0
201600002345,0016-10-22 13:15:00,16,10,22,13,15,850,8,,46.627,-1.44146,Plein jour,Hors agglomération,Hors intersection,Normale,Deux véhicules - arrière,,,,,,,,,,,1,1,1,1,2.0
201600002346,0016-11-02 12:00:00,16,11,2,12,0,850,69,,46.65433,-1.50255,Plein jour,Hors agglomération,Hors intersection,Normale,Deux véhicules - côté,,,,,,,,,,,1,1,1,1,3.0
201600002347,0016-03-10 07:00:00,16,3,10,7,0,850,165,10 rue Nationale,46.79592,-1.12744,Nuit avec éclairage allumé,En agglomération,Hors intersection,Pluie légère,Deux véhicules - côté,,,,,,,,,,,5,2,1,2,3.0
201600002348,0016-03-20 17:15:00,16,3,20,17,15,850,220,MONTSIRON,46.73095,-1.04611,Plein jour,Hors agglomération,Intersection en X,Normale,Deux véhicules - côté,,,,,,,,,,,1,1,2,1,3.0
201600002349,0016-06-19 15:45:00,16,6,19,15,45,850,89,Les Guéronières,46.72667,-1.31542,Plein jour,Hors agglomération,Hors intersection,Normale,Deux véhicules - côté,,,,,,,,,,,1,1,1,1,3.0
201600002350,0016-06-22 16:30:00,16,6,22,16,30,850,276,Les Garnaudières du Haut,46.73265,-1.08092,Plein jour,Hors agglomération,Hors intersection,Normale,Deux véhicules - frontale,,,,,,,,,,,1,1,1,1,1.0
201600002351,0016-07-02 20:00:00,16,7,2,20,0,850,246,LE CHENE ROND,46.71067,-1.18489,Plein jour,Hors agglomération,Hors intersection,Normale,Autre collision,,,,,,,,,,,1,1,1,1,6.0
201600002352,0016-08-22 19:00:00,16,8,22,19,0,850,212,Les Lombardières,46.79774,-1.17269,Plein jour,Hors agglomération,Hors intersection,Normale,Deux véhicules - côté,,,,,,,,,,,1,1,1,1,3.0
201600002353,0016-09-23 06:45:00,16,9,23,6,45,850,51,LA MADELEINERIE,46.70452,-1.06194,Crépuscule ou aube,Hors agglomération,Hors intersection,Brouillard / fumée,Deux véhicules - frontale,,,,,,,,,,,2,1,1,5,1.0
201600002354,0016-12-02 15:45:00,16,12,2,15,45,850,51,,46.6724,-1.08428,Plein jour,Hors agglomération,Hors intersection,Temps éblouissant,Deux véhicules - frontale,,,,,,,,,,,1,1,1,7,1.0
201600002355,0016-12-16 17:45:00,16,12,16,17,45,850,51,GIRATOIRE DE PUYBELLIARD,46.7046,-1.03628,Crépuscule ou aube,Hors agglomération,Giratoire,Normale,Deux véhicules - frontale,,,,,,,,,,,2,1,6,1,1.0
201600002356,0016-02-06 01:15:00,16,2,6,1,15,850,17,LAUBEPINE,46.90509,-1.09882,Nuit sans éclairage public,Hors agglomération,Hors intersection,Normale,Autre collision,,,,,,,,,,,3,1,1,1,6.0
201600002357,0016-02-07 14:00:00,16,2,7,14,0,850,153,,46.80826,-1.0267,Plein jour,Hors agglomération,Hors intersection,Normale,Autre collision,,,,,,,,,,,1,1,1,1,6.0
201600002358,0016-02-04 20:00:00,16,2,4,20,0,850,38,Rue Lattre de Tassigny,46.88901,-1.32145,Nuit avec éclairage allumé,En agglomération,Hors intersection,Pluie légère,Deux véhicules - côté,,,,,,,,,,,5,2,1,2,3.0
201600002359,0016-02-27 05:15:00,16,2,27,5,15,850,301,13 RUE DU VIEUX CHÂTEAU,46.82679,-1.12463,Nuit sans éclairage public,En agglomération,Autre intersection,Normale,Autre collision,,,,,,,,,,,3,2,9,1,6.0
201600002360,0016-03-03 20:45:00,16,3,3,20,45,850,109,rond point du bignon,46.87146,-1.02745,Nuit avec éclairage allumé,En agglomération,Giratoire,Pluie forte,Deux véhicules - côté,,,,,,,,,,,5,2,6,3,3.0
201600002361,0016-03-29 18:00:00,16,3,29,18,0,850,38,,46.85872,-1.30683,Plein jour,Hors agglomération,Hors intersection,Pluie légère,Sans collision,,,,,,,,,,,1,1,1,2,7.0
201600002362,0016-04-27 07:05:00,16,4,27,7,5,850,38,La Guère,46.88742,-1.31076,Crépuscule ou aube,Hors agglomération,Hors intersection,Normale,Deux véhicules - côté,,,,,,,,,,,2,1,1,1,3.0
201600002363,0016-05-05 12:15:00,16,5,5,12,15,850,82,LA BAUFRE,46.87471,-0.87465,Plein jour,Hors agglomération,Hors intersection,Normale,Autre collision,,,,,,,,,,,1,1,1,1,6.0
201600002364,0016-07-20 19:00:00,16,7,20,19,0,850,215,CROIX RAMBAUD,46.87104,-1.15611,Plein jour,Hors agglomération,Hors intersection,Normale,Deux véhicules - frontale,,,,,,,,,,,1,1,1,1,1.0
201600002365,0016-10-29 12:30:00,16,10,29,12,30,850,109,,46.8251,-1.01252,Plein jour,Hors agglomération,Hors intersection,Normale,Trois véhicules et plus - collisions multiples,,,,,,,,,,,1,1,1,1,5.0
201600002366,0016-10-29 19:00:00,16,10,29,19,0,850,82,L'Aufraire,46.87825,-0.88568,Nuit sans éclairage public,Hors agglomération,Hors intersection,Normale,Sans collision,,,,,,,,,,,3,1,1,1,7.0
201600002367,0016-12-05 09:15:00,16,12,5,9,15,850,109,AVENUE DE LA MAINE,46.87484,-1.02475,Plein jour,En agglomération,Giratoire,Normale,Autre collision,,,,,,,,,,,1,2,6,1,6.0
201600002368,0016-12-06 12:15:00,16,12,6,12,15,850,109,RUE NATIONALE,46.87046,-1.01072,Plein jour,En agglomération,Hors intersection,Normale,Deux véhicules - côté,,,,,,,,,,,1,2,1,1,3.0
201600002369,0016-12-24 18:15:00,16,12,24,18,15,850,215,,46.88338,-1.14237,Nuit sans éclairage public,Hors agglomération,Hors intersection,Pluie légère,Sans collision,,,,,,,,,,,3,1,1,2,7.0
201600002370,0016-02-06 00:01:00,16,2,6,0,1,850,39,RUE SAINT ELOI,47.00905,-1.19446,Nuit sans éclairage public,Hors agglomération,Hors intersection,Normale,Deux véhicules - frontale,,,,,,,,,,,3,1,1,1,1.0
201600002371,0016-02-29 13:45:00,16,2,29,13,45,850,107,LA CARRIERE,46.95538,-1.22578,Plein jour,Hors agglomération,Hors intersection,Normale,Deux véhicules - côté,,,,,,,,,,,1,1,1,1,3.0
201600002372,0016-03-08 18:45:00,16,3,8,18,45,850,146,BD V. ANSQUER-RUE 8 MAI,46.97021,-1.30752,Plein jour,En agglomération,Giratoire,Normale,Deux véhicules - côté,,,,,,,,,,,1,2,6,1,3.0
201600002373,0016-04-08 10:45:00,16,4,8,10,45,850,295,9 rue Ferdi. Jauffrineau,46.98485,-1.23072,Plein jour,En agglomération,Autre intersection,Normale,Autre collision,,,,,,,,,,,1,2,9,1,6.0
201600002374,0016-04-17 00:30:00,16,4,17,0,30,850,217,,46.96508,-1.30461,Nuit sans éclairage public,Hors agglomération,Hors intersection,Normale,Sans collision,,,,,,,,,,,3,1,1,1,7.0
201600002375,0016-05-04 17:40:00,16,5,4,17,40,850,190,LA PLITIERE,46.95598,-1.46763,Plein jour,Hors agglomération,Intersection en T,Normale,Deux véhicules - côté,,,,,,,,,,,1,1,3,1,3.0
201600002376,0016-06-05 17:15:00,16,6,5,17,15,850,217,La Migeonnière,46.95064,-1.29706,Plein jour,En agglomération,Hors intersection,Normale,Deux véhicules - frontale,,,,,,,,,,,1,2,1,1,1.0
201600002377,0016-06-21 14:45:00,16,6,21,14,45,850,197,LES ARCIS,46.91626,-1.41466,Plein jour,Hors agglomération,Hors intersection,Normale,Sans collision,,,,,,,,,,,1,1,1,1,7.0
201600002378,0016-07-18 20:00:00,16,7,18,20,0,850,21,LEMERIERE,47.05247,-1.2824,Crépuscule ou aube,Hors agglomération,Hors intersection,Normale,Deux véhicules - côté,,,,,,,,,,,2,1,1,1,3.0
201600002379,0016-07-22 07:45:00,16,7,22,7,45,850,217,RUE DES GRANDS MOULINS,46.93889,-1.27995,Plein jour,En agglomération,Hors intersection,Normale,Deux véhicules - côté,,,,,,,,,,,1,2,1,1,3.0
201600002380,0016-07-27 23:15:00,16,7,27,23,15,850,76,LA VIOLETTE,47.05719,-1.23473,Nuit avec éclairage non allumé,Hors agglomération,Hors intersection,Normale,Sans collision,,,,,,,,,,,4,1,1,1,7.0
201600002381,0016-08-05 18:15:00,16,8,5,18,15,850,224,,47.02131,-1.33734,Plein jour,Hors agglomération,Hors intersection,Temps éblouissant,Trois véhicules et plus - collisions multiples,,,,,,,,,,,1,1,1,7,5.0
201600002382,0016-08-22 14:00:00,16,8,22,14,0,850,108,LA TUILERIE,46.8979,-1.38462,Plein jour,Hors agglomération,Hors intersection,Normale,Autre collision,,,,,,,,,,,1,1,1,1,6.0
201600002383,0016-08-28 20:30:00,16,8,28,20,30,850,21,,47.03753,-1.26624,Plein jour,Hors agglomération,Hors intersection,Normale,Deux véhicules - côté,,,,,,,,,,,1,1,1,1,3.0
201600002384,0016-09-08 07:00:00,16,9,8,7,0,850,190,,46.92275,-1.53331,Crépuscule ou aube,Hors agglomération,Hors intersection,Normale,Deux véhicules - frontale,,,,,,,,,,,2,1,1,1,1.0
201600002385,0016-09-30 06:45:00,16,9,30,6,45,850,108,Maréchal de Tassigny,46.90864,-1.37665,Nuit avec éclairage allumé,En agglomération,Hors intersection,Normale,Deux véhicules - côté,,,,,,,,,,,5,2,1,1,3.0
201600002386,0016-10-06 10:15:00,16,10,6,10,15,850,76,La Pénissière Douillard,47.04425,-1.25053,Plein jour,Hors agglomération,Hors intersection,Normale,Trois véhicules et plus - collisions multiples,,,,,,,,,,,1,1,1,1,5.0
201600002387,0016-10-10 18:00:00,16,10,10,18,0,850,272,La Gendellière,46.89751,-1.40389,Plein jour,Hors agglomération,Hors intersection,Normale,Sans collision,,,,,,,,,,,1,1,1,1,7.0
201600002388,0016-12-15 19:15:00,16,12,15,19,15,850,217,,46.92347,-1.25252,Nuit sans éclairage public,Hors agglomération,Autre intersection,Brouillard / fumée,Deux véhicules - arrière,,,,,,,,,,,3,1,9,5,2.0
201600002389,0016-08-03 18:00:00,16,8,3,18,0,850,302,LA MAISON NEUVE,46.95609,-0.97756,Plein jour,Hors agglomération,Hors intersection,Normale,Trois véhicules et plus - collisions multiples,,,,,,,,,,,1,1,1,1,5.0
201600002390,0016-10-01 14:15:00,16,10,1,14,15,850,240,VC du Poupet,46.92304,-0.87522,Plein jour,Hors agglomération,Hors intersection,Pluie légère,Sans collision,,,,,,,,,,,1,1,1,2,7.0
201600002391,0016-10-03 12:15:00,16,10,3,12,15,850,119,La Fourcherie,46.9932,-1.12505,Plein jour,Hors agglomération,Hors intersection,Normale,Deux véhicules - côté,,,,,,,,,,,1,1,1,1,3.0
201600002392,0016-01-14 16:30:00,16,1,14,16,30,850,178,La Retellière,46.75028,-1.53905,Crépuscule ou aube,Hors agglomération,Hors intersection,Normale,Deux véhicules - côté,,,,,,,,,,,2,1,1,1,3.0
201600002393,0016-01-26 07:00:00,16,1,26,7,0,850,19,LE CHAMP DU BOIS,46.79835,-1.43734,Nuit avec éclairage allumé,En agglomération,Hors intersection,Brouillard / fumée,Deux véhicules - côté,,,,,,,,,,,5,2,1,5,3.0
201600002394,0016-02-11 10:30:00,16,2,11,10,30,850,3,PLACE DE L'EGLISE,46.7395,-1.60855,Plein jour,En agglomération,Place,Temps éblouissant,Autre collision,,,,,,,,,,,1,2,7,7,6.0
201600002395,0016-02-28 22:15:00,16,2,28,22,15,850,19,,46.77093,-1.42984,Nuit sans éclairage public,Hors agglomération,Hors intersection,Normale,Deux véhicules - arrière,,,,,,,,,,,3,1,1,1,2.0
201600002396,0016-03-21 08:30:00,16,3,21,8,30,850,178,2 RUE DU SEJOUR,46.74346,-1.43457,Plein jour,Hors agglomération,Hors intersection,Normale,Deux véhicules - côté,,,,,,,,,,,1,1,1,1,3.0
201600002397,0016-03-25 11:30:00,16,3,25,11,30,850,3,D948,46.73691,-1.61949,Plein jour,En agglomération,Autre intersection,Normale,Deux véhicules - côté,,,,,,,,,,,1,2,9,1,3.0
201600002398,0016-04-10 04:50:00,16,4,10,4,50,850,3,,46.73275,-1.60908,Nuit sans éclairage public,Hors agglomération,Hors intersection,Normale,Autre collision,,,,,,,,,,,3,1,1,1,6.0
201600002399,0016-04-24 15:45:00,16,4,24,15,45,850,300,7 rue du Stade,46.60013,-0.6685,Plein jour,En agglomération,Hors intersection,Normale,Sans collision,,,,,,,,,,,1,2,1,1,7.0
201600002400,0016-05-03 10:00:00,16,5,3,10,0,850,3,LA CHARRIE,46.7226,-1.64194,Plein jour,Hors agglomération,Autre intersection,Normale,Deux véhicules - côté,,,,,,,,,,,1,1,9,1,3.0
201600002401,0016-06-13 14:45:00,16,6,13,14,45,850,178,LE BEIGNON JAUFFRIT,46.76393,-1.4718,Plein jour,Hors agglomération,Hors intersection,Pluie forte,Autre collision,,,,,,,,,,,1,1,1,3,6.0
201600002402,0016-08-09 09:00:00,16,8,9,9,0,850,3,Giratoire de la gare,46.73825,-1.60375,Plein jour,En agglomération,Giratoire,Temps éblouissant,Deux véhicules - frontale,,,,,,,,,,,1,2,6,7,1.0
201600002403,0016-08-29 00:25:00,16,8,29,0,25,850,129,,46.83735,-1.48811,Nuit sans éclairage public,Hors agglomération,Hors intersection,Normale,Autre collision,,,,,,,,,,,3,1,1,1,6.0
201600002404,0016-09-08 16:45:00,16,9,8,16,45,850,19,,46.77226,-1.40919,Plein jour,Hors agglomération,Hors intersection,Normale,Deux véhicules - frontale,,,,,,,,,,,1,1,1,1,1.0
201600002405,0016-09-09 09:15:00,16,9,9,9,15,850,300,La Babinière,46.69886,-1.5714,Crépuscule ou aube,Hors agglomération,Hors intersection,Temps éblouissant,Deux véhicules - frontale,,,,,,,,,,,2,1,1,7,1.0
201600002406,0016-09-20 20:15:00,16,9,20,20,15,850,300,LES TESSONNIERES,46.68312,-1.58369,Crépuscule ou aube,Hors agglomération,Hors intersection,Normale,Trois véhicules et plus - collisions multiples,,,,,,,,,,,2,1,1,1,5.0
201600002407,0016-10-06 18:45:00,16,10,6,18,45,850,3,Route de Martinet,46.70155,-1.65737,Plein jour,Hors agglomération,Intersection en X,Normale,Deux véhicules - côté,,,,,,,,,,,1,1,2,1,3.0
201600002408,0016-10-13 17:00:00,16,10,13,17,0,850,300,La Guilmandière,46.68231,-1.49881,Plein jour,Hors agglomération,Hors intersection,Normale,Deux véhicules - côté,,,,,,,,,,,1,1,1,1,3.0
201600002409,0016-11-08 15:30:00,16,11,8,15,30,850,3,121 route du poiré,46.74032,-1.59187,Plein jour,En agglomération,Hors intersection,Normale,Autre collision,,,,,,,,,,,1,2,1,1,6.0
201600002410,0016-12-25 19:00:00,16,12,25,19,0,850,19,LES BROSSES,46.79678,-1.4446,Nuit sans éclairage public,Hors agglomération,Giratoire,Normale,Autre collision,,,,,,,,,,,3,1,6,1,6.0
201600002411,0016-12-27 13:15:00,16,12,27,13,15,850,155,RUE CLAIR BOCAGE,46.70602,-1.43017,Plein jour,En agglomération,Hors intersection,Normale,Autre collision,,,,,,,,,,,1,2,1,1,6.0
201600002412,0016-05-05 18:00:00,16,5,5,18,0,850,126,LA TETE NOIRE,46.47106,-0.85616,Plein jour,En agglomération,Hors intersection,Normale,Autre collision,,,,,,,,,,,1,2,1,1,6.0
201600002413,0016-07-22 15:45:00,16,7,22,15,45,850,92,,46.4505,-0.81563,Plein jour,Hors agglomération,Hors intersection,Temps éblouissant,Deux véhicules - frontale,,,,,,,,,,,1,1,1,7,1.0
201600002414,0016-10-10 07:00:00,16,10,10,7,0,850,299,,46.39313,-0.87294,Nuit sans éclairage public,Hors agglomération,Hors intersection,Normale,Deux véhicules - côté,,,,,,,,,,,3,1,1,1,3.0
201600002415,0016-12-24 02:30:00,16,12,24,2,30,850,92,22 RUE DE GENEVE,46.47077,-0.80188,Nuit avec éclairage allumé,En agglomération,Hors intersection,Normale,Autre collision,,,,,,,,,,,5,2,1,1,6.0
201600002416,0016-12-29 19:45:00,16,12,29,19,45,850,92,111 RUE DE LA REPUBLIQUE,46.4631,-0.79681,Nuit avec éclairage allumé,En agglomération,Hors intersection,Normale,Deux véhicules - côté,,,,,,,,,,,5,2,1,1,3.0
201600002417,0016-04-13 13:45:00,16,4,13,13,45,850,128,rue du pont gentilz,46.45189,-1.16647,Plein jour,En agglomération,Hors intersection,Normale,Deux véhicules - frontale,,,,,,,,,,,1,2,1,1,1.0
201600002418,0016-05-13 15:30:00,16,5,13,15,30,850,255,LES PRISES DES CORSIVES,46.3235,-1.23418,Plein jour,Hors agglomération,Hors intersection,Normale,Sans collision,,,,,,,,,,,1,1,1,1,7.0
201600002419,0016-05-16 05:30:00,16,5,16,5,30,850,255,2 RUE DU BEAU MANTEAU,46.34859,-1.26078,Crépuscule ou aube,En agglomération,Hors intersection,Normale,Autre collision,,,,,,,,,,,2,2,1,1,6.0
201600002420,0016-07-02 16:00:00,16,7,2,16,0,850,128,BASSES CHAUMES,,,Plein jour,Hors agglomération,Hors intersection,Normale,Deux véhicules - frontale,,,,,,,,,,,1,1,1,1,1.0
201600002421,0016-07-08 12:15:00,16,7,8,12,15,850,216,LES QUATRE CHEMINS,46.46554,-1.10821,Plein jour,Hors agglomération,Hors intersection,Normale,Deux véhicules - arrière,,,,,,,,,,,1,1,1,1,2.0
201600002422,0016-08-11 17:10:00,16,8,11,17,10,850,104,Le Clos Vieux,46.39238,-1.34894,Plein jour,Hors agglomération,Hors intersection,Normale,Autre collision,,,,,,,,,,,1,1,1,1,6.0
201600002423,0016-10-04 11:45:00,16,10,4,11,45,850,128,55 Av M.De Lattre Tas.,46.45582,-1.15779,Plein jour,En agglomération,Hors intersection,Normale,Autre collision,,,,,,,,,,,1,2,1,1,6.0
201600002424,0016-12-19 06:45:00,16,12,19,6,45,850,185,LA RENARDIERE,46.39228,-1.07228,Nuit sans éclairage public,Hors agglomération,Hors intersection,Normale,Sans collision,,,,,,,,,,,3,1,1,1,7.0
201600002425,0016-08-07 08:30:00,16,8,7,8,30,850,168,,46.41341,-0.68234,Plein jour,En agglomération,Hors intersection,Normale,Sans collision,,,,,,,,,,,1,2,1,1,7.0
201600002426,0016-09-06 17:15:00,16,9,6,17,15,850,143,Les Coutres,46.53459,-0.71184,Plein jour,Hors agglomération,Hors intersection,Normale,Autre collision,,,,,,,,,,,1,1,1,1,6.0
201600002427,0016-10-16 12:45:00,16,10,16,12,45,850,92,,46.44232,-0.78423,Plein jour,Hors agglomération,Hors intersection,Normale,Sans collision,,,,,,,,,,,1,1,1,1,7.0
201600002428,0016-11-21 13:45:00,16,11,21,13,45,850,94,LA PIBOLIERE,46.50831,-0.70028,Plein jour,Hors agglomération,Hors intersection,Normale,Deux véhicules - frontale,,,,,,,,,,,1,1,1,1,1.0
201600002429,0016-11-25 10:30:00,16,11,25,10,30,850,265,,46.4025,-0.72273,Plein jour,Hors agglomération,Hors intersection,Pluie légère,Deux véhicules - côté,,,,,,,,,,,1,1,1,2,3.0
201600002430,0016-12-17 01:15:00,16,12,17,1,15,850,28,GUINEFOLLE,46.39862,-0.70701,Nuit sans éclairage public,Hors agglomération,Hors intersection,Normale,Autre collision,,,,,,,,,,,3,1,1,1,6.0
201600002431,0016-03-10 14:00:00,16,3,10,14,0,850,14,,46.67809,-0.91555,Plein jour,Hors agglomération,Intersection en X,Normale,Deux véhicules - côté,,,,,,,,,,,1,1,2,1,3.0
201600002432,0016-03-31 21:45:00,16,3,31,21,45,850,254,AVENUE DE LA SEVRE,46.7943,-0.7317,Nuit avec éclairage allumé,En agglomération,Hors intersection,Normale,Deux véhicules - frontale,,,,,,,,,,,5,2,1,1,1.0
201600002433,0016-04-02 20:45:00,16,4,2,20,45,850,229, lHermenardière,46.60013,-0.6685,Nuit sans éclairage public,Hors agglomération,Hors intersection,Normale,Deux véhicules - frontale,,,,,,,,,,,3,1,1,1,1.0
201600002434,0016-05-04 18:30:00,16,5,4,18,30,850,289,LA MORELIERE,46.66452,-0.74538,Plein jour,Hors agglomération,Hors intersection,Normale,Deux véhicules - frontale,,,,,,,,,,,1,1,1,1,1.0
201600002435,0016-06-17 21:45:00,16,6,17,21,45,850,145,Le Bois Tiffrais,46.75139,-0.91529,Crépuscule ou aube,Hors agglomération,Hors intersection,Normale,Deux véhicules - côté,,,,,,,,,,,2,1,1,1,3.0
201600002436,0016-06-27 18:00:00,16,6,27,18,0,850,182,20 rue Joachim ROUAULT,46.77945,-0.83977,Plein jour,En agglomération,Hors intersection,Normale,Deux véhicules - frontale,,,,,,,,,,,1,2,1,1,1.0
201600002437,0016-07-01 21:30:00,16,7,1,21,30,850,37,LA COUSSAIE,46.64363,-0.68104,Crépuscule ou aube,Hors agglomération,Hors intersection,Pluie légère,Sans collision,,,,,,,,,,,2,1,1,2,7.0
201600002438,0016-07-27 20:00:00,16,7,27,20,0,850,182,,46.77355,-0.84693,Plein jour,Hors agglomération,Hors intersection,Normale,Deux véhicules - côté,,,,,,,,,,,1,1,1,1,3.0
201600002439,0016-08-03 23:15:00,16,8,3,23,15,850,37,Rue Georges Clémenceau,46.65169,-0.68882,Nuit sans éclairage public,En agglomération,Hors intersection,Normale,Deux véhicules - frontale,,,,,,,,,,,3,2,1,1,1.0
201600002440,0016-09-05 09:50:00,16,9,5,9,50,850,41,Rue du Noyer,46.59188,-0.81566,Plein jour,En agglomération,Hors intersection,Normale,Autre collision,,,,,,,,,,,1,2,1,1,6.0
201600002441,0016-09-16 10:30:00,16,9,16,10,30,850,252,La Vallée,46.65002,-0.77641,Plein jour,Hors agglomération,Hors intersection,Pluie légère,Sans collision,,,,,,,,,,,1,1,1,2,7.0
201600002442,0016-10-02 14:00:00,16,10,2,14,0,850,67,La Taponnière,46.58002,-0.7954,Plein jour,Hors agglomération,Hors intersection,Normale,Deux véhicules - côté,,,,,,,,,,,1,1,1,1,3.0
201600002443,0016-10-30 20:00:00,16,10,30,20,0,850,5,La Belocière,46.61408,-0.75613,Nuit sans éclairage public,Hors agglomération,Hors intersection,Normale,Sans collision,,,,,,,,,,,3,1,1,1,7.0
201600002444,0016-12-02 23:45:00,16,12,2,23,45,850,14,LES GOURAUDERIES,46.67986,-0.97205,Nuit sans éclairage public,Hors agglomération,Hors intersection,Normale,Autre collision,,,,,,,,,,,3,1,1,1,6.0
201600002445,0016-03-25 22:10:00,16,3,25,22,10,850,237,LA PORTE AGUMIERE,46.57606,-0.91808,Nuit sans éclairage public,Hors agglomération,Hors intersection,Temps couvert,Autre collision,,,,,,,,,,,3,1,1,8,6.0
201600002446,0016-08-17 19:30:00,16,8,17,19,30,850,188,Casserolle,46.57893,-1.04809,Plein jour,Hors agglomération,Hors intersection,Normale,Deux véhicules - frontale,,,,,,,,,,,1,1,1,1,1.0