accident_id,datetime,annee,mois,jour,heure,minute,departement,commune_insee,adresse,latitude,longitude,luminosite,agglomeration,intersection,meteo,collision,nb_vehicules,nb_usagers,nb_indemnes,nb_tues,nb_blesses_hosp,nb_blesses_legers,age_cond_1,age_cond_2,veh_type_cond_1,veh_type_cond_2,lum_code,agg_code,int_code,atm_code,col_code
201600002697,0016-10-30 18:00:00,16,10,30,18,0,330,322,1052 ALL DES BRUYERES,44.97533,-0.63917,Nuit sans éclairage public,En agglomération,Hors intersection,Normale,Autre collision,,,,,,,,,,,3,2,1,1,6.0
201600002698,0016-12-23 19:15:00,16,12,23,19,15,330,322,ALL BALZAC/ALL ST SEURIN,44.96524,-0.66809,Nuit sans éclairage public,Hors agglomération,Intersection en X,Pluie légère,Deux véhicules - côté,,,,,,,,,,,3,1,2,2,3.0
201600002699,0016-07-26 15:15:00,16,7,26,15,15,330,314,RD205,45.21023,-0.7697,Plein jour,Hors agglomération,Hors intersection,Normale,Autre collision,,,,,,,,,,,1,1,1,1,6.0
201600002700,0016-08-31 13:00:00,16,8,31,13,0,330,424,ch La Borée,45.14325,-0.81394,Plein jour,Hors agglomération,Intersection en T,Normale,Deux véhicules - côté,,,,,,,,,,,1,1,3,1,3.0
201600002701,0016-10-04 21:00:00,16,10,4,21,0,330,424,RD1215,45.11576,-0.80843,Nuit sans éclairage public,Hors agglomération,Hors intersection,Normale,Deux véhicules - arrière,,,,,,,,,,,3,1,1,1,2.0
201600002702,0016-11-05 18:45:00,16,11,5,18,45,330,125,RD1215,45.20876,-0.86509,Nuit sans éclairage public,Hors agglomération,Hors intersection,Normale,Autre collision,,,,,,,,,,,3,1,1,1,6.0
201600002703,0016-01-12 17:30:00,16,1,12,17,30,330,208,D103E1 Ch de Tousquiron,45.40063,-0.97519,Crépuscule ou aube,Hors agglomération,Hors intersection,Pluie légère,Deux véhicules - frontale,,,,,,,,,,,2,1,1,2,1.0
201600002704,0016-05-26 17:30:00,16,5,26,17,30,330,538,D201,45.37956,-0.91656,Plein jour,Hors agglomération,Hors intersection,Normale,Sans collision,,,,,,,,,,,1,1,1,1,7.0
201600002705,0016-07-27 05:45:00,16,7,27,5,45,330,514,PASSE DE LACLOTTE,45.4886,-1.1366,Nuit sans éclairage public,En agglomération,Hors intersection,Normale,Sans collision,,,,,,,,,,,3,2,1,1,7.0
201600002706,0016-07-31 11:45:00,16,7,31,11,45,330,541,Carrefour D1215-D1E4.,45.41531,-1.03506,Plein jour,Hors agglomération,Intersection en X,Normale,Deux véhicules - côté,,,,,,,,,,,1,1,2,1,3.0
201600002707,0016-08-31 13:45:00,16,8,31,13,45,330,208,Rte de Vensac,45.40849,-0.99891,Plein jour,Hors agglomération,Hors intersection,Normale,Sans collision,,,,,,,,,,,1,1,1,1,7.0
201600002708,0016-10-08 19:45:00,16,10,8,19,45,330,348,chemin de la cave,,,Nuit avec éclairage allumé,En agglomération,Hors intersection,Normale,Autre collision,,,,,,,,,,,5,2,1,1,6.0
201600002709,0016-11-22 13:30:00,16,11,22,13,30,330,348,RD1215 / RD1E4,45.37899,-1.02594,Plein jour,Hors agglomération,Intersection en X,Normale,Deux véhicules - côté,,,,,,,,,,,1,1,2,1,3.0
201600002710,0016-03-18 09:30:00,16,3,18,9,30,330,539,D2089,44.88062,-0.30423,Plein jour,Hors agglomération,Hors intersection,Pluie légère,Deux véhicules - frontale,,,,,,,,,,,1,1,1,2,1.0
201600002711,0016-03-29 20:00:00,16,3,29,20,0,330,243,23 AVENUE DE LA ROUDET,44.92992,-0.24034,Plein jour,En agglomération,Giratoire,Pluie légère,Deux véhicules - côté,,,,,,,,,,,1,2,6,2,3.0
201600002712,0016-04-08 16:45:00,16,4,8,16,45,330,243,AVENUE GEORGES POMPIDOU,44.93543,-0.23628,Plein jour,En agglomération,Intersection en X,Normale,Deux véhicules - côté,,,,,,,,,,,1,2,2,1,3.0
201600002713,0016-04-13 14:00:00,16,4,13,14,0,330,243,R.Président Carnot,44.91608,-0.24645,Plein jour,En agglomération,Intersection en X,Normale,Deux véhicules - côté,,,,,,,,,,,1,2,2,1,3.0
201600002714,0016-05-29 01:30:00,16,5,29,1,30,330,328,,,,Nuit sans éclairage public,Hors agglomération,Hors intersection,Normale,Autre collision,,,,,,,,,,,3,1,1,1,6.0
201600002715,0016-06-13 12:30:00,16,6,13,12,30,330,243,130 avenue G Pompidou,,,Plein jour,En agglomération,Hors intersection,Normale,Deux véhicules - arrière,,,,,,,,,,,1,2,1,1,2.0
201600002716,0016-08-10 12:45:00,16,8,10,12,45,330,243,38 avenue de verdun,44.90948,-0.23693,Plein jour,En agglomération,Hors intersection,Normale,Autre collision,,,,,,,,,,,1,2,1,1,6.0
201600002717,0016-08-19 20:00:00,16,8,19,20,0,330,539,RD242 E2 / RUE DU PORT,44.9091,-0.3206,Plein jour,En agglomération,Intersection en T,Normale,Deux véhicules - frontale,,,,,,,,,,,1,2,3,1,1.0
201600002718,0016-09-09 04:45:00,16,9,9,4,45,330,243,16 av. de la Ballastiere,44.94215,-0.23403,Nuit avec éclairage allumé,En agglomération,Hors intersection,Normale,Deux véhicules - côté,,,,,,,,,,,5,2,1,1,3.0
201600002719,0016-10-04 08:45:00,16,10,4,8,45,330,539,RD20,44.87113,-0.30597,Plein jour,Hors agglomération,Hors intersection,Normale,Sans collision,,,,,,,,,,,1,1,1,1,7.0
201600002720,0016-11-25 20:00:00,16,11,25,20,0,330,243,Carrefour D244 D1089,44.92208,-0.22476,Nuit avec éclairage allumé,En agglomération,Intersection en X,Normale,Deux véhicules - frontale,,,,,,,,,,,5,2,2,1,1.0
201600002721,0016-01-18 08:45:00,16,1,18,8,45,330,296,D17,44.82392,-0.04286,Plein jour,Hors agglomération,Hors intersection,Pluie légère,Autre collision,,,,,,,,,,,1,1,1,2,6.0
201600002722,0016-03-07 20:15:00,16,3,7,20,15,330,466,RD 121,44.81547,-0.29686,Nuit sans éclairage public,Hors agglomération,Hors intersection,Normale,Autre collision,,,,,,,,,,,3,1,1,1,6.0
201600002723,0016-03-09 18:00:00,16,3,9,18,0,330,194,,,,Plein jour,Hors agglomération,Hors intersection,Normale,Deux véhicules - frontale,,,,,,,,,,,1,1,1,1,1.0
201600002724,0016-04-01 09:15:00,16,4,1,9,15,330,350,Inters D670 D670E6,44.76692,-0.11409,Plein jour,Hors agglomération,Intersection en X,Normale,Autre collision,,,,,,,,,,,1,1,2,1,6.0
201600002725,0016-04-06 09:30:00,16,4,6,9,30,330,194,,,,Plein jour,Hors agglomération,Intersection en X,Normale,Deux véhicules - côté,,,,,,,,,,,1,1,2,1,3.0
201600002726,0016-04-06 18:15:00,16,4,6,18,15,330,466,PERINOT,44.83065,-0.29189,Plein jour,En agglomération,Hors intersection,Normale,Deux véhicules - frontale,,,,,,,,,,,1,2,1,1,1.0
201600002727,0016-04-24 20:15:00,16,4,24,20,15,330,86,D121 - LD Contrai,44.80138,-0.30289,Plein jour,Hors agglomération,Intersection en T,Normale,Deux véhicules - côté,,,,,,,,,,,1,1,3,1,3.0
201600002728,0016-05-19 16:15:00,16,5,19,16,15,330,298,RD18,44.84287,-0.21654,Plein jour,En agglomération,Hors intersection,Normale,Deux véhicules - arrière,,,,,,,,,,,1,2,1,1,2.0
201600002729,0016-07-11 18:30:00,16,7,11,18,30,330,460,RD119E2 / Rte VERNEUIL,44.83268,-0.0532,Plein jour,Hors agglomération,Intersection en X,Normale,Deux véhicules - côté,,,,,,,,,,,1,1,2,1,3.0
201600002730,0016-08-04 17:30:00,16,8,4,17,30,330,421,RD 18,44.81549,-0.14639,Plein jour,Hors agglomération,Hors intersection,Pluie légère,Deux véhicules - côté,,,,,,,,,,,1,1,1,2,3.0
201600002731,0016-09-03 14:45:00,16,9,3,14,45,330,298,RD18 LD GENNEQUIN,44.83488,-0.20961,Plein jour,Hors agglomération,Intersection en Y,Normale,Deux véhicules - frontale,,,,,,,,,,,1,1,4,1,1.0
201600002732,0016-09-28 16:30:00,16,9,28,16,30,330,196,RD128 / VC Jacquet,44.79981,-0.20697,Plein jour,Hors agglomération,Intersection en X,Normale,Deux véhicules - côté,,,,,,,,,,,1,1,2,1,3.0
201600002733,0016-10-28 17:45:00,16,10,28,17,45,330,194,lieu dit Payorgue,44.82734,-0.19633,Plein jour,En agglomération,Hors intersection,Normale,Deux véhicules - frontale,,,,,,,,,,,1,2,1,1,1.0
201600002734,0016-11-29 19:30:00,16,11,29,19,30,330,257,,,,Nuit sans éclairage public,Hors agglomération,Hors intersection,Normale,Autre collision,,,,,,,,,,,3,1,1,1,6.0
201600002735,0016-02-11 07:30:00,16,2,11,7,30,330,437,,,,Crépuscule ou aube,Hors agglomération,Hors intersection,Pluie légère,Deux véhicules - frontale,,,,,,,,,,,2,1,1,2,1.0
201600002736,0016-08-08 19:45:00,16,8,8,19,45,330,437,17 avenue de l'europe,44.85445,-0.05438,Plein jour,En agglomération,Hors intersection,Temps éblouissant,Deux véhicules - côté,,,,,,,,,,,1,2,1,7,3.0
201600002737,0016-10-06 18:30:00,16,10,6,18,30,330,14,Inter D22E2-R.GRAVIERES,44.97084,0.15901,Plein jour,En agglomération,Intersection en X,Normale,Deux véhicules - côté,,,,,,,,,,,1,2,2,1,3.0
201600002738,0016-12-19 11:30:00,16,12,19,11,30,330,394,,,,Plein jour,Hors agglomération,Hors intersection,Normale,Deux véhicules - arrière,,,,,,,,,,,1,1,1,1,2.0
201600002739,0016-01-04 09:30:00,16,1,4,9,30,330,447,21 Cr Gal de Gaulle,45.01592,-0.05747,Plein jour,En agglomération,Hors intersection,Pluie forte,Deux véhicules - frontale,,,,,,,,,,,1,2,1,3,1.0
201600002740,0016-01-20 08:00:00,16,1,20,8,0,330,138,20 rue Gambetta,45.04195,-0.13028,Nuit avec éclairage allumé,En agglomération,Hors intersection,Pluie légère,Autre collision,,,,,,,,,,,5,2,1,2,6.0
201600002741,0016-01-29 14:30:00,16,1,29,14,30,330,138,4 AVENUE DE L EUROPE,,,Plein jour,En agglomération,Hors intersection,Normale,Deux véhicules - côté,,,,,,,,,,,1,2,1,1,3.0
201600002742,0016-03-18 06:30:00,16,3,18,6,30,330,478,26 cours republique,,,Nuit avec éclairage allumé,En agglomération,Hors intersection,Pluie légère,Deux véhicules - côté,,,,,,,,,,,5,2,1,2,3.0
201600002743,0016-04-11 17:45:00,16,4,11,17,45,330,138,,,,Plein jour,Hors agglomération,Hors intersection,Normale,Sans collision,,,,,,,,,,,1,1,1,1,7.0
201600002744,0016-06-11 19:30:00,16,6,11,19,30,330,138,R.Vaillant et RD674E4,45.0448,-0.12233,Plein jour,En agglomération,Intersection en T,Normale,Autre collision,,,,,,,,,,,1,2,3,1,6.0
201600002745,0016-07-09 15:45:00,16,7,9,15,45,330,385,RD21,45.07813,-0.0092,Plein jour,Hors agglomération,Hors intersection,Normale,Autre collision,,,,,,,,,,,1,1,1,1,6.0
201600002746,0016-07-25 16:15:00,16,7,25,16,15,330,138,82 RUE PIERRE BROSSOLETT,45.03649,-0.13593,Plein jour,En agglomération,Hors intersection,Normale,Autre collision,,,,,,,,,,,1,2,1,1,6.0
201600002747,0016-09-18 20:00:00,16,9,18,20,0,330,138,20 COUPERIE,45.02379,-0.11857,Crépuscule ou aube,En agglomération,Hors intersection,Normale,Sans collision,,,,,,,,,,,2,2,1,1,7.0
201600002748,0016-12-24 01:00:00,16,12,24,1,0,330,1,1 LA CATHELONNE,,,Nuit sans éclairage public,En agglomération,Hors intersection,Temps couvert,Autre collision,,,,,,,,,,,3,2,1,8,6.0
201600002749,0016-01-21 08:45:00,16,1,21,8,45,330,393,Inters D1089 D22E2,44.96478,-0.17248,Plein jour,Hors agglomération,Intersection en X,Normale,Deux véhicules - côté,,,,,,,,,,,1,1,2,1,3.0
201600002750,0016-03-20 18:15:00,16,3,20,18,15,330,362,,45.036,-0.188,Plein jour,Hors agglomération,Hors intersection,Normale,Autre collision,,,,,,,,,,,1,1,1,1,6.0
201600002751,0016-06-20 18:00:00,16,6,20,18,0,330,387,,,,Plein jour,Hors agglomération,Hors intersection,Normale,Sans collision,,,,,,,,,,,1,1,1,1,7.0
201600002752,0016-09-09 20:30:00,16,9,9,20,30,330,387,Carref D10 - D133E10,45.03123,-0.28425,Plein jour,En agglomération,Intersection en T,Normale,Deux véhicules - frontale,,,,,,,,,,,1,2,3,1,1.0
201600002753,0016-10-25 15:00:00,16,10,25,15,0,330,218,RD133,45.07294,-0.15367,Plein jour,Hors agglomération,Hors intersection,Pluie légère,Deux véhicules - frontale,,,,,,,,,,,1,1,1,2,1.0
201600002754,0016-12-04 04:45:00,16,12,4,4,45,330,218,,,,Nuit sans éclairage public,Hors agglomération,Hors intersection,Normale,Sans collision,,,,,,,,,,,3,1,1,1,7.0
201600002755,0016-06-11 19:30:00,16,6,11,19,30,330,319,RUE DE L'EGLISE,44.82085,0.08155,Plein jour,En agglomération,Hors intersection,Normale,Autre collision,,,,,,,,,,,1,2,1,1,6.0
201600002756,0016-06-23 12:15:00,16,6,23,12,15,330,319,RD130 E6,,,Plein jour,Hors agglomération,Intersection en T,Normale,Deux véhicules - côté,,,,,,,,,,,1,1,3,1,3.0
201600002757,0016-07-08 17:45:00,16,7,8,17,45,330,242,RD 672,44.78236,0.17514,Plein jour,Hors agglomération,Hors intersection,Normale,Deux véhicules - côté,,,,,,,,,,,1,1,1,1,3.0
201600002758,0016-04-29 18:15:00,16,4,29,18,15,330,259,avenue Jean JaurÃ¿s,,,Plein jour,En agglomération,Hors intersection,Normale,Deux véhicules - côté,,,,,,,,,,,1,2,1,1,3.0
201600002759,0016-05-06 20:45:00,16,5,6,20,45,330,174,,44.928,-0.262,Plein jour,Hors agglomération,Hors intersection,Normale,Trois véhicules et plus - en chaîne,,,,,,,,,,,1,1,1,1,4.0
201600002760,0016-07-29 19:15:00,16,7,29,19,15,330,407,D10,,,Plein jour,Hors agglomération,Hors intersection,Normale,Sans collision,,,,,,,,,,,1,1,1,1,7.0
201600002761,0016-08-09 18:00:00,16,8,9,18,0,330,295,RD 246,45.00024,-0.35487,Plein jour,Hors agglomération,Hors intersection,Normale,Deux véhicules - côté,,,,,,,,,,,1,1,1,1,3.0
201600002762,0016-08-15 14:30:00,16,8,15,14,30,330,407,RD 10,45.01435,-0.34897,Plein jour,Hors agglomération,Hors intersection,Normale,Sans collision,,,,,,,,,,,1,1,1,1,7.0
201600002763,0016-09-25 12:15:00,16,9,25,12,15,330,219,AVENUE DU FRONSADAIS,,,Plein jour,En agglomération,Hors intersection,Normale,Deux véhicules - arrière,,,,,,,,,,,1,2,1,1,2.0
201600002764,0016-12-03 18:30:00,16,12,3,18,30,330,451,RD670,,,Nuit avec éclairage allumé,Hors agglomération,Hors intersection,Normale,Autre collision,,,,,,,,,,,5,1,1,1,6.0
201600002765,0016-08-06 17:45:00,16,8,6,17,45,240,26,LES BORDES,45.1921,0.82212,Plein jour,Hors agglomération,Hors intersection,Normale,Deux véhicules - arrière,,,,,,,,,,,1,1,1,1,2.0
201600002766,0016-09-24 02:45:00,16,9,24,2,45,240,115,VERGINAS,45.2753,0.65732,Nuit sans éclairage public,Hors agglomération,Hors intersection,Normale,Autre collision,,,,,,,,,,,3,1,1,1,6.0
201600002767,0016-11-09 18:45:00,16,11,9,18,45,240,94,LES QUATRE ROUTES,45.0698,0.69067,Nuit sans éclairage public,Hors agglomération,Intersection en X,Pluie légère,Deux véhicules - côté,,,,,,,,,,,3,1,2,2,3.0
201600002768,0016-04-13 08:15:00,16,4,13,8,15,240,474,CHARTREAU,45.4058,0.65736,Plein jour,Hors agglomération,Hors intersection,Normale,Autre collision,,,,,,,,,,,1,1,1,1,6.0
201600002769,0016-04-18 17:45:00,16,4,18,17,45,240,2,AVENUE DE LA BEAURONNE,45.2914,0.75,Plein jour,En agglomération,Hors intersection,Normale,Autre collision,,,,,,,,,,,1,2,1,1,6.0
201600002770,0016-05-06 09:45:00,16,5,6,9,45,240,64,LA COTE,45.3549,0.63953,Plein jour,Hors agglomération,Hors intersection,Normale,Sans collision,,,,,,,,,,,1,1,1,1,7.0
201600002771,0016-05-30 18:45:00,16,5,30,18,45,240,253,,45.4705,0.43256,Plein jour,Hors agglomération,Hors intersection,Pluie légère,Autre collision,,,,,,,,,,,1,1,1,2,6.0
201600002772,0016-06-21 16:45:00,16,6,21,16,45,240,96,ROUTE DE VILLARS,45.3908,0.69689,Plein jour,En agglomération,Hors intersection,Normale,Autre collision,,,,,,,,,,,1,2,1,1,6.0
201600002773,0016-07-02 13:00:00,16,7,2,13,0,240,235,CHEZ L'ABBÉ,45.394,0.5039,Plein jour,Hors agglomération,Hors intersection,Normale,Sans collision,,,,,,,,,,,1,1,1,1,7.0
201600002774,0016-08-13 11:30:00,16,8,13,11,30,240,2,,45.2972,0.74578,Plein jour,Hors agglomération,Hors intersection,Normale,Sans collision,,,,,,,,,,,1,1,1,1,7.0
201600002775,0016-09-16 18:15:00,16,9,16,18,15,240,79,,45.4206,0.64841,Plein jour,Hors agglomération,Hors intersection,Pluie légère,Deux véhicules - côté,,,,,,,,,,,1,1,1,2,3.0
201600002776,0016-10-16 06:30:00,16,10,16,6,30,240,111,CHAMPREDON,45.4299,0.63945,Nuit sans éclairage public,Hors agglomération,Hors intersection,Normale,Sans collision,,,,,,,,,,,3,1,1,1,7.0
201600002777,0016-12-15 05:45:00,16,12,15,5,45,240,129,,45.3642,0.71745,Nuit sans éclairage public,Hors agglomération,Intersection en T,Normale,Deux véhicules - côté,,,,,,,,,,,3,1,3,1,3.0
201600002778,0016-12-14 19:15:00,16,12,14,19,15,240,2,POULIQUET,45.2721,0.74922,Nuit sans éclairage public,Hors agglomération,Hors intersection,Normale,Sans collision,,,,,,,,,,,3,1,1,1,7.0
201600002779,0016-01-09 23:30:00,16,1,9,23,30,240,309,LE BUT,45.0726,0.44235,Nuit sans éclairage public,Hors agglomération,Hors intersection,Pluie forte,Deux véhicules - côté,,,,,,,,,,,3,1,1,3,3.0
201600002780,0016-01-25 07:00:00,16,1,25,7,0,240,350,AVENUE PASTEUR,45.1615,0.61065,Nuit avec éclairage allumé,En agglomération,Intersection en T,Normale,Deux véhicules - côté,,,,,,,,,,,5,2,3,1,3.0
201600002781,0016-04-18 18:15:00,16,4,18,18,15,240,442,11 RUE DE PLANEZE,45.1068,0.46799,Plein jour,En agglomération,Hors intersection,Normale,Deux véhicules - frontale,,,,,,,,,,,1,2,1,1,1.0
201600002782,0016-09-01 12:15:00,16,9,1,12,15,240,350,,45.1662,0.60018,Plein jour,En agglomération,Passage à niveau,Normale,Deux véhicules - côté,,,,,,,,,,,1,2,8,1,3.0
201600002783,0016-10-09 16:15:00,16,10,9,16,15,240,442,LA LANDE,45.1083,0.50273,Plein jour,Hors agglomération,Hors intersection,Normale,Deux véhicules - côté,,,,,,,,,,,1,1,1,1,3.0
201600002784,0016-10-24 18:15:00,16,10,24,18,15,240,236,GRAVELLE,45.1727,0.59241,Crépuscule ou aube,En agglomération,Hors intersection,Pluie légère,Sans collision,,,,,,,,,,,2,2,1,2,7.0
201600002785,0016-10-28 16:45:00,16,10,28,16,45,240,32,,45.0918,0.3399,Plein jour,Hors agglomération,Hors intersection,Temps éblouissant,Autre collision,,,,,,,,,,,1,1,1,7,6.0
201600002786,0016-11-20 21:30:00,16,11,20,21,30,240,139,,45.1294,0.65354,Nuit sans éclairage public,Hors agglomération,Hors intersection,Pluie légère,Autre collision,,,,,,,,,,,3,1,1,2,6.0
201600002787,0016-12-18 10:45:00,16,12,18,10,45,240,256,ANTONIAC,45.1788,0.62057,Plein jour,Hors agglomération,Hors intersection,Normale,Deux véhicules - arrière,,,,,,,,,,,1,1,1,1,2.0
201600002788,0016-01-10 16:15:00,16,1,10,16,15,240,25,CHABANETTAS,45.0913,1.03086,Plein jour,Hors agglomération,Hors intersection,Temps couvert,Deux véhicules - frontale,,,,,,,,,,,1,1,1,8,1.0
201600002789,0016-01-19 17:00:00,16,1,19,17,0,240,137,LE CHATEAU DE GLANE,45.3318,0.95217,Plein jour,Hors agglomération,Hors intersection,Normale,Autre collision,,,,,,,,,,,1,1,1,1,6.0
201600002790,0016-05-20 09:45:00,16,5,20,9,45,240,473,,45.1923,1.06039,Plein jour,Hors agglomération,Hors intersection,Normale,Sans collision,,,,,,,,,,,1,1,1,1,7.0
201600002791,0016-07-25 16:30:00,16,7,25,16,30,240,4,LES TUILIÈRES,45.1349,1.03563,Plein jour,Hors agglomération,Hors intersection,Normale,Deux véhicules - frontale,,,,,,,,,,,1,1,1,1,1.0
201600002792,0016-08-03 15:30:00,16,8,3,15,30,240,540,LE BOURG,45.3061,0.87335,Plein jour,En agglomération,Intersection en X,Normale,Deux véhicules - côté,,,,,,,,,,,1,2,2,1,3.0
201600002793,0016-12-12 18:45:00,16,12,12,18,45,240,11,ALLÉE DES PLATANES,45.2128,0.83744,Nuit sans éclairage public,Hors agglomération,Hors intersection,Normale,Deux véhicules - côté,,,,,,,,,,,3,1,1,1,3.0
201600002794,0016-03-27 12:15:00,16,3,27,12,15,240,413,LA FONTAINE DU SANGLIER,44.9064,0.36131,Plein jour,Hors agglomération,Hors intersection,Temps couvert,Autre collision,,,,,,,,,,,1,1,1,8,6.0
201600002795,0016-09-10 17:45:00,16,9,10,17,45,240,487,ROUTE DU FLEIX,44.8585,0.35177,Plein jour,Hors agglomération,Hors intersection,Normale,Trois véhicules et plus - collisions multiples,,,,,,,,,,,1,1,1,1,5.0
201600002796,0016-10-10 17:30:00,16,10,10,17,30,240,222,RUE DU COMMANDANT PINSON,44.8533,0.38933,Plein jour,Hors agglomération,Intersection en T,Normale,Deux véhicules - côté,,,,,,,,,,,1,1,3,1,3.0
201600002797,0016-11-23 07:15:00,16,11,23,7,15,240,182,MONCAZEAU,44.8879,0.22345,Nuit sans éclairage public,Hors agglomération,Hors intersection,Normale,Deux véhicules - frontale,,,,,,,,,,,3,1,1,1,1.0
201600002798,0016-12-02 07:45:00,16,12,2,7,45,240,499,ROUTE DE PÉRIGUEUX,44.8852,0.54307,Crépuscule ou aube,Hors agglomération,Hors intersection,Normale,Deux véhicules - frontale,,,,,,,,,,,2,1,1,1,1.0
201600002799,0016-12-27 15:00:00,16,12,27,15,0,240,77,MAISON NEUVE,44.9538,0.58339,Plein jour,Hors agglomération,Hors intersection,Normale,Trois véhicules et plus - collisions multiples,,,,,,,,,,,1,1,1,1,5.0
201600002800,0016-07-12 10:30:00,16,7,12,10,30,240,68,CARREFOUR D51E-D29,44.8521,0.91063,Plein jour,En agglomération,Intersection en X,Temps couvert,Deux véhicules - côté,,,,,,,,,,,1,2,2,8,3.0
201600002801,0016-09-16 08:45:00,16,9,16,8,45,240,273,PLACE DE LA BASTIDE,44.812,0.82373,Plein jour,En agglomération,Place,Normale,Autre collision,,,,,,,,,,,1,2,7,1,6.0
201600002802,0016-12-06 10:15:00,16,12,6,10,15,240,68,,44.8257,0.88823,Plein jour,Hors agglomération,Hors intersection,Normale,Autre collision,,,,,,,,,,,1,1,1,1,6.0
201600002803,0016-05-13 13:30:00,16,5,13,13,30,240,231,LA GRANDE BORIE DU LAC,44.7019,0.83922,Plein jour,Hors agglomération,Hors intersection,Normale,Autre collision,,,,,,,,,,,1,1,1,1,6.0
201600002804,0016-06-11 02:15:00,16,6,11,2,15,240,231,LAC DE VERONE,44.6962,0.88386,Nuit sans éclairage public,Hors agglomération,Hors intersection,Normale,Autre collision,,,,,,,,,,,3,1,1,1,6.0
201600002805,0016-05-14 00:30:00,16,5,14,0,30,240,68,LA PLACELLE,44.8627,0.82919,Nuit sans éclairage public,Hors agglomération,Hors intersection,Normale,Autre collision,,,,,,,,,,,3,1,1,1,6.0
201600002806,0016-08-26 22:30:00,16,8,26,22,30,240,566,AVENUE DE CAHORS,44.8341,0.70279,Nuit avec éclairage allumé,En agglomération,Hors intersection,Normale,Deux véhicules - arrière,,,,,,,,,,,5,2,1,1,2.0
201600002807,0016-06-13 16:00:00,16,6,13,16,0,240,181,MAISON NEUVE,44.754,0.43408,Plein jour,Hors agglomération,Intersection en X,Normale,Deux véhicules - frontale,,,,,,,,,,,1,1,2,1,1.0
201600002808,0016-08-21 18:45:00,16,8,21,18,45,240,532,JEAN BLANC BAS,44.6906,0.41947,Plein jour,Hors agglomération,Hors intersection,Normale,Sans collision,,,,,,,,,,,1,1,1,1,7.0
201600002809,0016-07-03 19:45:00,16,7,3,19,45,240,335,CALON,44.8953,0.19907,Plein jour,Hors agglomération,Hors intersection,Normale,Deux véhicules - frontale,,,,,,,,,,,1,1,1,1,1.0
201600002810,0016-07-11 12:30:00,16,7,11,12,30,240,461,LES PLACES,44.915,0.18671,Plein jour,Hors agglomération,Hors intersection,Normale,Deux véhicules - frontale,,,,,,,,,,,1,1,1,1,1.0
201600002811,0016-09-11 19:45:00,16,9,11,19,45,240,584,PUYGRENIER,44.9486,0.03291,Plein jour,Hors agglomération,Hors intersection,Temps éblouissant,Deux véhicules - frontale,,,,,,,,,,,1,1,1,7,1.0
201600002812,0016-12-24 11:45:00,16,12,24,11,45,240,415,LA FON DU BAS,44.9439,0.1827,Plein jour,Hors agglomération,Hors intersection,Pluie légère,Deux véhicules - frontale,,,,,,,,,,,1,1,1,2,1.0
201600002813,0016-01-12 13:30:00,16,1,12,13,30,240,479,LE COUVENT,45.4907,0.74725,Plein jour,En agglomération,Intersection en T,Pluie légère,Deux véhicules - côté,,,,,,,,,,,1,2,3,2,3.0
201600002814,0016-01-13 05:30:00,16,1,13,5,30,240,451,MASSONEAU,45.5091,0.65337,Nuit sans éclairage public,Hors agglomération,Hors intersection,Autre,Autre collision,,,,,,,,,,,3,1,1,9,6.0
201600002815,0016-11-06 14:30:00,16,11,6,14,30,240,328,LE PECHER,45.6106,0.66888,Plein jour,Hors agglomération,Hors intersection,Normale,Sans collision,,,,,,,,,,,1,1,1,1,7.0
201600002816,0016-11-16 18:45:00,16,11,16,18,45,240,528,BORD,45.5196,0.69777,Nuit sans éclairage public,Hors agglomération,Hors intersection,Normale,Deux véhicules - frontale,,,,,,,,,,,3,1,1,1,1.0
201600002817,0016-12-16 03:15:00,16,12,16,3,15,240,548,LE BUISSON,45.5777,0.5453,Nuit sans éclairage public,Hors agglomération,Hors intersection,Autre,Autre collision,,,,,,,,,,,3,1,1,9,6.0
201600002818,0016-01-06 18:00:00,16,1,6,18,0,240,551,RUE PIERRE BOUILLON,45.4151,0.9173,Nuit avec éclairage allumé,En agglomération,Intersection en Y,Pluie légère,Deux véhicules - côté,,,,,,,,,,,5,2,4,2,3.0
201600002819,0016-06-09 18:45:00,16,6,9,18,45,240,218,LES MEYNIAS,45.4979,1.09281,Plein jour,Hors agglomération,Hors intersection,Normale,Deux véhicules - frontale,,,,,,,,,,,1,1,1,1,1.0
201600002820,0016-07-03 00:01:00,16,7,3,0,1,240,95,MAISON ROUGE,45.4899,0.94415,Nuit sans éclairage public,Hors agglomération,Hors intersection,Normale,Autre collision,,,,,,,,,,,3,1,1,1,6.0
201600002821,0016-07-23 10:30:00,16,7,23,10,30,240,9,REZONZAC,45.3514,1.12514,Plein jour,Hors agglomération,Hors intersection,Normale,Autre collision,,,,,,,,,,,1,1,1,1,6.0
201600002822,0016-09-14 16:15:00,16,9,14,16,15,240,133,LE MEYGNAUD,45.5659,0.97544,Plein jour,Hors agglomération,Hors intersection,Pluie forte,Autre collision,,,,,,,,,,,1,1,1,3,6.0
201600002823,0016-09-30 14:45:00,16,9,30,14,45,240,320,ETANG DES CHEVRES,45.4399,1.21212,Plein jour,Hors agglomération,Hors intersection,Normale,Autre collision,,,,,,,,,,,1,1,1,1,6.0