accident_id,datetime,annee,mois,jour,heure,minute,departement,commune_insee,adresse,latitude,longitude,luminosite,agglomeration,intersection,meteo,collision,nb_vehicules,nb_usagers,nb_indemnes,nb_tues,nb_blesses_hosp,nb_blesses_legers,age_cond_1,age_cond_2,veh_type_cond_1,veh_type_cond_2,lum_code,agg_code,int_code,atm_code,col_code
201600002824,0016-02-03 21:30:00,16,2,3,21,30,240,529,LES REVEILLES,45.194,0.45892,Nuit sans éclairage public,Hors agglomération,Hors intersection,Normale,Autre collision,,,,,,,,,,,3,1,1,1,6.0
201600002825,0016-07-06 18:15:00,16,7,6,18,15,240,352,RUE ANDRÉ CHEMINADE,45.2538,0.34931,Plein jour,En agglomération,Hors intersection,Temps éblouissant,Deux véhicules - côté,,,,,,,,,,,1,2,1,7,3.0
201600002826,0016-07-18 19:00:00,16,7,18,19,0,240,564,JAVERDHAT,45.1968,0.27191,Plein jour,Hors agglomération,Hors intersection,Normale,Deux véhicules - frontale,,,,,,,,,,,1,1,1,1,1.0
201600002827,0016-07-12 15:30:00,16,7,12,15,30,240,352,PLACE NATIONALE,45.2468,0.34009,Plein jour,En agglomération,Place,Normale,Autre collision,,,,,,,,,,,1,2,7,1,6.0
201600002828,0016-07-30 19:00:00,16,7,30,19,0,240,119,,45.3938,0.38529,Plein jour,Hors agglomération,Intersection en X,Normale,Deux véhicules - côté,,,,,,,,,,,1,1,2,1,3.0
201600002829,0016-08-07 17:45:00,16,8,7,17,45,240,352,GAYET,45.2338,0.31764,Plein jour,Hors agglomération,Hors intersection,Normale,Sans collision,,,,,,,,,,,1,1,1,1,7.0
201600002830,0016-08-28 21:30:00,16,8,28,21,30,240,455,,45.1998,0.36723,Nuit sans éclairage public,Hors agglomération,Intersection en X,Normale,Deux véhicules - côté,,,,,,,,,,,3,1,2,1,3.0
201600002831,0016-09-16 11:45:00,16,9,16,11,45,240,553,BOULEVARD CHARLES ROBY,45.2564,0.50402,Plein jour,En agglomération,Hors intersection,Temps couvert,Autre collision,,,,,,,,,,,1,2,1,8,6.0
201600002832,0016-10-31 13:30:00,16,10,31,13,30,240,352,LAVERGNE,45.243,0.37094,Plein jour,Hors agglomération,Hors intersection,Normale,Autre collision,,,,,,,,,,,1,1,1,1,6.0
201600002833,0016-10-31 16:15:00,16,10,31,16,15,240,460,,45.2552,0.41401,Plein jour,Hors agglomération,Hors intersection,Normale,Deux véhicules - frontale,,,,,,,,,,,1,1,1,1,1.0
201600002834,0016-12-27 14:45:00,16,12,27,14,45,240,38,,45.3034,0.36127,Plein jour,Hors agglomération,Hors intersection,Normale,Trois véhicules et plus - collisions multiples,,,,,,,,,,,1,1,1,1,5.0
201600002835,0016-01-29 18:45:00,16,1,29,18,45,240,543,LE BOURG,45.0515,0.39455,Nuit avec éclairage allumé,En agglomération,Hors intersection,Normale,Autre collision,,,,,,,,,,,5,2,1,1,6.0
201600002836,0016-02-12 07:45:00,16,2,12,7,45,240,294,D6089,45.0098,0.16316,Nuit avec éclairage allumé,En agglomération,Intersection en T,Pluie forte,Trois véhicules et plus - collisions multiples,,,,,,,,,,,5,2,3,3,5.0
201600002837,0016-03-02 10:00:00,16,3,2,10,0,240,449,18 AVENUE JEAN MOULIN,45.0093,0.16504,Plein jour,En agglomération,Hors intersection,Normale,Autre collision,,,,,,,,,,,1,2,1,1,6.0
201600002838,0016-05-23 13:00:00,16,5,23,13,0,240,543,CHABROL,45.0413,0.38085,Plein jour,Hors agglomération,Hors intersection,Pluie légère,Trois véhicules et plus - collisions multiples,,,,,,,,,,,1,1,1,2,5.0
201600002839,0016-08-03 10:20:00,16,8,3,10,20,240,294,RUE THIERS,45.0099,0.16032,Plein jour,En agglomération,Hors intersection,Normale,Autre collision,,,,,,,,,,,1,2,1,1,6.0
201600002840,0016-08-04 17:00:00,16,8,4,17,0,240,294,,45.0441,0.15467,Plein jour,Hors agglomération,Hors intersection,Pluie légère,Deux véhicules - frontale,,,,,,,,,,,1,1,1,2,1.0
201600002841,0016-08-23 20:30:00,16,8,23,20,30,240,462,LES JAUNIES,44.9974,0.35612,Plein jour,Hors agglomération,Hors intersection,Temps éblouissant,Deux véhicules - frontale,,,,,,,,,,,1,1,1,7,1.0
201600002842,0016-08-24 17:45:00,16,8,24,17,45,240,462,RUE DE LA PAIX,45.034,0.32876,Plein jour,Hors agglomération,Hors intersection,Normale,Deux véhicules - côté,,,,,,,,,,,1,1,1,1,3.0
201600002843,0016-09-13 10:45:00,16,9,13,10,45,240,449,EYBRARD,44.9983,0.23399,Plein jour,Hors agglomération,Hors intersection,Normale,Deux véhicules - côté,,,,,,,,,,,1,1,1,1,3.0
201600002844,0016-03-08 15:00:00,16,3,8,15,0,240,294,LA CROIX DE PIERRE,45.0131,0.11686,Plein jour,Hors agglomération,Intersection en X,Normale,Deux véhicules - frontale,,,,,,,,,,,1,1,2,1,1.0
201600002845,0016-05-31 12:45:00,16,5,31,12,45,240,264,,45.014,0.10568,Plein jour,Hors agglomération,Intersection en T,Normale,Deux véhicules - frontale,,,,,,,,,,,1,1,3,1,1.0
201600002846,0016-01-17 12:15:00,16,1,17,12,15,240,354,BELLEFOND,45.1405,-0.00221,Plein jour,Hors agglomération,Hors intersection,Normale,Deux véhicules - frontale,,,,,,,,,,,1,1,1,1,1.0
201600002847,0016-01-25 14:30:00,16,1,25,14,30,240,343,LA MARMISSE,45.1681,0.08313,Plein jour,Hors agglomération,Hors intersection,Normale,Sans collision,,,,,,,,,,,1,1,1,1,7.0
201600002848,0016-03-05 05:45:00,16,3,5,5,45,240,82,LA PLANE,44.8576,1.25562,Nuit sans éclairage public,Hors agglomération,Hors intersection,Pluie légère,Sans collision,,,,,,,,,,,3,1,1,2,7.0
201600002849,0016-07-02 11:45:00,16,7,2,11,45,240,255,LE PON DE CAUSSADE,44.9291,1.14118,Plein jour,Hors agglomération,Hors intersection,Normale,Deux véhicules - frontale,,,,,,,,,,,1,1,1,1,1.0
201600002850,0016-07-30 17:45:00,16,7,30,17,45,240,82,LA PLANE,44.8589,1.2516,Plein jour,Hors agglomération,Intersection en T,Normale,Deux véhicules - côté,,,,,,,,,,,1,1,3,1,3.0
201600002851,0016-08-06 17:45:00,16,8,6,17,45,240,392,LE GRAND BOIS,44.9642,1.26624,Plein jour,Hors agglomération,Hors intersection,Normale,Deux véhicules - frontale,,,,,,,,,,,1,1,1,1,1.0
201600002852,0016-02-20 15:15:00,16,2,20,15,15,240,172,LES COMBARELLES,44.9449,1.05302,Plein jour,Hors agglomération,Intersection en T,Normale,Deux véhicules - côté,,,,,,,,,,,1,1,3,1,3.0
201600002853,0016-05-21 16:00:00,16,5,21,16,0,240,142,LA PLANQUETTE,44.8317,0.98063,Plein jour,Hors agglomération,Intersection en T,Normale,Deux véhicules - frontale,,,,,,,,,,,1,1,3,1,1.0
201600002854,0016-07-09 10:00:00,16,7,9,10,0,240,67,RUE DE PARIS,44.9195,0.92666,Plein jour,En agglomération,Hors intersection,Normale,Sans collision,,,,,,,,,,,1,2,1,1,7.0
201600002855,0016-07-26 11:15:00,16,7,26,11,15,240,172,,44.9271,1.07902,Plein jour,Hors agglomération,Hors intersection,Normale,Deux véhicules - côté,,,,,,,,,,,1,1,1,1,3.0
201600002856,0016-09-02 15:30:00,16,9,2,15,30,240,552,LA REBEYROLIE,45.0268,1.09885,Plein jour,Hors agglomération,Hors intersection,Normale,Deux véhicules - frontale,,,,,,,,,,,1,1,1,1,1.0
201600002857,0016-10-17 12:15:00,16,10,17,12,15,240,404,LA MARTERIE,45.0001,0.8809,Plein jour,Hors agglomération,Hors intersection,Normale,Trois véhicules et plus - collisions multiples,,,,,,,,,,,1,1,1,1,5.0
201600002858,0016-11-18 19:00:00,16,11,18,19,0,240,356,,45.0618,0.94531,Nuit sans éclairage public,Hors agglomération,Hors intersection,Pluie légère,Deux véhicules - frontale,,,,,,,,,,,3,1,1,2,1.0
201600002859,0016-12-03 19:45:00,16,12,3,19,45,240,443,CHEZ VIGIER,45.0328,1.06914,Nuit sans éclairage public,Hors agglomération,Hors intersection,Normale,Deux véhicules - frontale,,,,,,,,,,,3,1,1,1,1.0
201600002860,0016-01-06 09:45:00,16,1,6,9,45,400,312,,43.54414,-1.49939,Plein jour,Hors agglomération,Hors intersection,Pluie légère,Deux véhicules - côté,,,,,,,,,,,1,1,1,2,3.0
201600002861,0016-01-08 12:15:00,16,1,8,12,15,400,162,,43.95889,-0.4052,Plein jour,Hors agglomération,Hors intersection,Normale,Deux véhicules - frontale,,,,,,,,,,,1,1,1,1,1.0
201600002862,0016-02-06 10:45:00,16,2,6,10,45,400,105,,44.04306,-0.64252,Plein jour,Hors agglomération,Hors intersection,Normale,Sans collision,,,,,,,,,,,1,1,1,1,7.0
201600002863,0016-02-19 09:00:00,16,2,19,9,0,400,320,,43.92404,-0.55731,Plein jour,Hors agglomération,Hors intersection,Normale,Deux véhicules - frontale,,,,,,,,,,,1,1,1,1,1.0
201600002864,0016-03-27 15:15:00,16,3,27,15,15,400,164,,44.10998,-0.32491,Plein jour,Hors agglomération,Hors intersection,Normale,Sans collision,,,,,,,,,,,1,1,1,1,7.0
201600002865,0016-04-23 15:15:00,16,4,23,15,15,400,56,,44.02487,-0.52533,Plein jour,Hors agglomération,Hors intersection,Pluie forte,Deux véhicules - frontale,,,,,,,,,,,1,1,1,3,1.0
201600002866,0016-05-25 12:00:00,16,5,25,12,0,400,164,,44.1285,0.28965,Plein jour,Hors agglomération,Hors intersection,Normale,Autre collision,,,,,,,,,,,1,1,1,1,6.0
201600002867,0016-06-19 14:00:00,16,6,19,14,0,400,111,,43.96826,-0.59541,Plein jour,Hors agglomération,Hors intersection,Normale,Deux véhicules - frontale,,,,,,,,,,,1,1,1,1,1.0
201600002868,0016-06-22 18:15:00,16,6,22,18,15,400,274,,43.92119,-0.62691,Plein jour,Hors agglomération,Hors intersection,Normale,Deux véhicules - frontale,,,,,,,,,,,1,1,1,1,1.0
201600002869,0016-01-09 21:30:00,16,1,9,21,30,400,309,,43.79484,-0.7345,Nuit sans éclairage public,Hors agglomération,Hors intersection,Normale,Autre collision,,,,,,,,,,,3,1,1,1,6.0
201600002870,0016-01-09 12:00:00,16,1,9,12,0,400,48,,43.89631,-1.00431,Plein jour,Hors agglomération,Hors intersection,Normale,Autre collision,,,,,,,,,,,1,1,1,1,6.0
201600002871,0016-03-04 04:40:00,16,3,4,4,40,400,243,,43.88868,-0.88011,Nuit sans éclairage public,Hors agglomération,Hors intersection,Pluie légère,Sans collision,,,,,,,,,,,3,1,1,2,7.0
201600002872,0016-07-12 11:50:00,16,7,12,11,50,400,67,,43.8573,-0.81017,Plein jour,Hors agglomération,Hors intersection,Normale,Autre collision,,,,,,,,,,,1,1,1,1,6.0
201600002873,0016-09-14 16:45:00,16,9,14,16,45,400,68,,43.76111,-0.87782,Plein jour,Hors agglomération,Hors intersection,Normale,Autre collision,,,,,,,,,,,1,1,1,1,6.0
201600002874,0016-02-06 15:30:00,16,2,6,15,30,400,283,,43.73826,-1.01643,Plein jour,Hors agglomération,Giratoire,Normale,Deux véhicules - côté,,,,,,,,,,,1,1,6,1,3.0
201600002875,0016-03-21 17:15:00,16,3,21,17,15,400,314,,43.65564,-1.10002,Plein jour,Hors agglomération,Hors intersection,Normale,Autre collision,,,,,,,,,,,1,1,1,1,6.0
201600002876,0016-04-09 03:15:00,16,4,9,3,15,400,125,,43.65476,-1.09992,Nuit sans éclairage public,Hors agglomération,Hors intersection,Pluie forte,Autre collision,,,,,,,,,,,3,1,1,3,6.0
201600002877,0016-06-24 21:30:00,16,6,24,21,30,400,277,,43.66105,-1.04049,Crépuscule ou aube,Hors agglomération,Hors intersection,Pluie légère,Deux véhicules - frontale,,,,,,,,,,,2,1,1,2,1.0
201600002878,0016-07-12 11:30:00,16,7,12,11,30,400,244,,43.70427,-1.17564,Plein jour,Hors agglomération,Hors intersection,Temps couvert,Trois véhicules et plus - en chaîne,,,,,,,,,,,1,1,1,8,4.0
201600002879,0016-08-07 16:30:00,16,8,7,16,30,400,283,,43.7495,-1.00702,Plein jour,Hors agglomération,Giratoire,Normale,Sans collision,,,,,,,,,,,1,1,6,1,7.0
201600002880,0016-10-28 14:40:00,16,10,28,14,40,400,294,"20, route de l' Église d",43.68639,-0.98203,Plein jour,Hors agglomération,Intersection en X,Normale,Deux véhicules - arrière,,,,,,,,,,,1,1,2,1,2.0
201600002881,0016-11-13 10:35:00,16,11,13,10,35,400,202,197 ROUTE DES PYRENEES,43.69274,-1.00953,Plein jour,En agglomération,Hors intersection,Normale,Deux véhicules - côté,,,,,,,,,,,1,2,1,1,3.0
201600002882,0016-05-07 06:00:00,16,5,7,6,0,400,65,quai du bouret,43.65425,-1.43087,Crépuscule ou aube,En agglomération,Hors intersection,Normale,Sans collision,,,,,,,,,,,2,2,1,1,7.0
201600002883,0016-07-02 13:30:00,16,7,2,13,30,400,65,,43.61987,-1.43388,Plein jour,Hors agglomération,Hors intersection,Normale,Deux véhicules - côté,,,,,,,,,,,1,1,1,1,3.0
201600002884,0016-07-08 23:00:00,16,7,8,23,0,400,133,avenue de l'océan,43.59222,-1.44896,Nuit avec éclairage allumé,En agglomération,Hors intersection,Normale,Sans collision,,,,,,,,,,,5,2,1,1,7.0
201600002885,0016-07-16 04:45:00,16,7,16,4,45,400,36,,43.64314,-1.33986,Nuit sans éclairage public,Hors agglomération,Hors intersection,Normale,Deux véhicules - arrière,,,,,,,,,,,3,1,1,1,2.0
201600002886,0016-07-18 18:50:00,16,7,18,18,50,400,133,RD 810,43.58936,-1.42818,Plein jour,En agglomération,Hors intersection,Normale,Deux véhicules - côté,,,,,,,,,,,1,2,1,1,3.0
201600002887,0016-08-21 13:30:00,16,8,21,13,30,400,133,2 allée saintonge,43.59984,-1.46462,Plein jour,En agglomération,Hors intersection,Normale,Autre collision,,,,,,,,,,,1,2,1,1,6.0
201600002888,0016-08-24 05:00:00,16,8,24,5,0,400,36,,43.6418,-1.34258,Nuit avec éclairage allumé,Hors agglomération,Hors intersection,Normale,Deux véhicules - frontale,,,,,,,,,,,5,1,1,1,1.0
201600002889,0016-01-13 14:30:00,16,1,13,14,30,400,150,260 route de la nasse,43.87156,-1.31926,Plein jour,En agglomération,Hors intersection,Normale,Deux véhicules - côté,,,,,,,,,,,1,2,1,1,3.0
201600002890,0016-02-27 11:15:00,16,2,27,11,15,400,326,,43.95775,-1.26939,Plein jour,Hors agglomération,Hors intersection,Pluie forte,Deux véhicules - côté,,,,,,,,,,,1,1,1,3,3.0
201600002891,0016-05-19 06:30:00,16,5,19,6,30,400,311,,43.84585,-1.06947,Crépuscule ou aube,Hors agglomération,Hors intersection,Normale,Autre collision,,,,,,,,,,,2,1,1,1,6.0
201600002892,0016-09-07 07:45:00,16,9,7,7,45,400,322,,44.03676,-1.222,Crépuscule ou aube,Hors agglomération,Hors intersection,Normale,Autre collision,,,,,,,,,,,2,1,1,1,6.0
201600002893,0016-03-21 14:55:00,16,3,21,14,55,400,308,,43.68502,-0.90279,Plein jour,Hors agglomération,Hors intersection,Normale,Deux véhicules - côté,,,,,,,,,,,1,1,1,1,3.0
201600002894,0016-04-25 10:45:00,16,4,25,10,45,400,249,,43.68923,-0.73819,Plein jour,Hors agglomération,Hors intersection,Normale,Autre collision,,,,,,,,,,,1,1,1,1,6.0
201600002895,0016-06-03 15:30:00,16,6,3,15,30,400,126,,43.70479,-0.89871,Plein jour,Hors agglomération,Intersection en T,Temps éblouissant,Deux véhicules - côté,,,,,,,,,,,1,1,3,7,3.0
201600002896,0016-08-21 18:45:00,16,8,21,18,45,400,2,,43.59984,-1.46462,Plein jour,Hors agglomération,Intersection en X,Normale,Deux véhicules - côté,,,,,,,,,,,1,1,2,1,3.0
201600002897,0016-01-15 20:15:00,16,1,15,20,15,400,118,,43.53747,-0.93189,Nuit sans éclairage public,Hors agglomération,Hors intersection,Pluie légère,Deux véhicules - côté,,,,,,,,,,,3,1,1,2,3.0
201600002898,0016-01-26 12:00:00,16,1,26,12,0,400,212,RD817,43.55891,-1.15051,Plein jour,En agglomération,Hors intersection,Temps éblouissant,Deux véhicules - côté,,,,,,,,,,,1,2,1,7,3.0
201600002899,0016-03-26 13:15:00,16,3,26,13,15,400,212,,43.59199,-1.14685,Plein jour,Hors agglomération,Hors intersection,Normale,Deux véhicules - frontale,,,,,,,,,,,1,1,1,1,1.0
201600002900,0016-04-02 16:45:00,16,4,2,16,45,400,306,,43.533,-1.06711,Plein jour,Hors agglomération,Hors intersection,Normale,Deux véhicules - frontale,,,,,,,,,,,1,1,1,1,1.0
201600002901,0016-05-31 09:15:00,16,5,31,9,15,400,316,,43.5769,-0.82615,Plein jour,Hors agglomération,Hors intersection,Normale,Deux véhicules - frontale,,,,,,,,,,,1,1,1,1,1.0
201600002902,0016-06-08 08:15:00,16,6,8,8,15,400,34,,43.59143,-1.14675,Plein jour,Hors agglomération,Intersection en T,Normale,Deux véhicules - côté,,,,,,,,,,,1,1,3,1,3.0
201600002903,0016-06-15 18:00:00,16,6,15,18,0,400,120,,43.54075,-1.14183,Plein jour,Hors agglomération,Hors intersection,Pluie forte,Autre collision,,,,,,,,,,,1,1,1,3,6.0
201600002904,0016-07-10 20:00:00,16,7,10,20,0,400,211,,43.61393,-1.18001,Plein jour,Hors agglomération,Intersection en T,Normale,Deux véhicules - côté,,,,,,,,,,,1,1,3,1,3.0
201600002905,0016-09-29 18:45:00,16,9,29,18,45,400,95,,43.59873,-0.91418,Plein jour,Hors agglomération,Hors intersection,Normale,Deux véhicules - côté,,,,,,,,,,,1,1,1,1,3.0
201600002906,0016-01-05 08:30:00,16,1,5,8,30,400,291,,43.67687,-1.34279,Crépuscule ou aube,Hors agglomération,Hors intersection,Pluie légère,Deux véhicules - frontale,,,,,,,,,,,2,1,1,2,1.0
201600002907,0016-03-21 18:30:00,16,3,21,18,30,400,168,,43.78257,-1.20845,Crépuscule ou aube,Hors agglomération,Intersection en T,Temps éblouissant,Deux véhicules - frontale,,,,,,,,,,,2,1,3,7,1.0
201600002908,0016-03-27 19:00:00,16,3,27,19,0,400,284,285  route de bayonne,43.65665,-1.31332,Plein jour,En agglomération,Hors intersection,Normale,Deux véhicules - côté,,,,,,,,,,,1,2,1,1,3.0
201600002909,0016-04-26 14:15:00,16,4,26,14,15,400,168,,43.79741,-1.23526,Plein jour,Hors agglomération,Hors intersection,Normale,Autre collision,,,,,,,,,,,1,1,1,1,6.0
201600002910,0016-07-06 17:00:00,16,7,6,17,0,400,187,D652,43.84795,-1.35803,Plein jour,En agglomération,Intersection en X,Normale,Deux véhicules - côté,,,,,,,,,,,1,2,2,1,3.0
201600002911,0016-08-28 21:45:00,16,8,28,21,45,400,317,avenue de la poste,43.69008,-1.33324,Nuit avec éclairage allumé,En agglomération,Hors intersection,Pluie légère,Deux véhicules - côté,,,,,,,,,,,5,2,1,2,3.0
201600002912,0016-01-15 19:30:00,16,1,15,19,30,400,312,blv jacques duclos rd810,43.53354,-1.46089,Nuit avec éclairage allumé,En agglomération,Hors intersection,Pluie forte,Deux véhicules - frontale,,,,,,,,,,,5,2,1,3,1.0
201600002913,0016-03-28 14:45:00,16,3,28,14,45,400,209,,43.58091,-1.45666,Plein jour,Hors agglomération,Hors intersection,Normale,Deux véhicules - frontale,,,,,,,,,,,1,1,1,1,1.0
201600002914,0016-03-30 07:45:00,16,3,30,7,45,400,312,RD 810,43.5299,-1.4622,Plein jour,En agglomération,Hors intersection,Normale,Deux véhicules - côté,,,,,,,,,,,1,2,1,1,3.0
201600002915,0016-05-13 08:45:00,16,5,13,8,45,400,312,RD810 TARNOS,43.52988,-1.46221,Plein jour,En agglomération,Hors intersection,Normale,Deux véhicules - côté,,,,,,,,,,,1,2,1,1,3.0
201600002916,0016-07-12 07:15:00,16,7,12,7,15,400,312,boulevard de la yayi,43.55072,-1.46027,Crépuscule ou aube,En agglomération,Hors intersection,Pluie légère,Autre collision,,,,,,,,,,,2,2,1,2,6.0
201600002917,0016-07-15 00:30:00,16,7,15,0,30,400,268,,43.53653,-1.2652,Nuit sans éclairage public,Hors agglomération,Hors intersection,Normale,Autre collision,,,,,,,,,,,3,1,1,1,6.0
201600002918,0016-07-18 18:35:00,16,7,18,18,35,400,312,,43.55547,-1.45515,Plein jour,Hors agglomération,Hors intersection,Normale,Deux véhicules - côté,,,,,,,,,,,1,1,1,1,3.0
201600002919,0016-07-27 17:10:00,16,7,27,17,10,400,273,,43.52924,-1.38917,Plein jour,En agglomération,Hors intersection,Normale,Deux véhicules - frontale,,,,,,,,,,,1,2,1,1,1.0
201600002920,0016-08-13 08:50:00,16,8,13,8,50,400,312,36 avenue Lénine,43.54311,-1.46944,Plein jour,En agglomération,Hors intersection,Normale,Deux véhicules - arrière,,,,,,,,,,,1,2,1,1,2.0
201600002921,0016-08-25 20:30:00,16,8,25,20,30,400,273,11 avenue d'Aquitaine,43.54196,-1.38991,Crépuscule ou aube,En agglomération,Hors intersection,Normale,Deux véhicules - frontale,,,,,,,,,,,2,2,1,1,1.0
201600002922,0016-01-05 18:10:00,16,1,5,18,10,400,46,av du maréchal lyauté,44.39286,-1.16433,Nuit avec éclairage allumé,En agglomération,Hors intersection,Pluie forte,Autre collision,,,,,,,,,,,5,2,1,3,6.0
201600002923,0016-03-09 17:45:00,16,3,9,17,45,400,46,avenue du marais,44.398,-1.16609,Plein jour,En agglomération,Hors intersection,Normale,Autre collision,,,,,,,,,,,1,2,1,1,6.0
201600002924,0016-05-11 11:45:00,16,5,11,11,45,400,46,,44.42633,-1.16812,Plein jour,Hors agglomération,Intersection en X,Normale,Deux véhicules - frontale,,,,,,,,,,,1,1,2,1,1.0
201600002925,0016-06-27 10:15:00,16,6,27,10,15,400,46,,44.45505,-1.20065,Plein jour,Hors agglomération,Hors intersection,Normale,Autre collision,,,,,,,,,,,1,1,1,1,6.0
201600002926,0016-07-09 04:45:00,16,7,9,4,45,400,217,,44.3911,-1.07529,Nuit sans éclairage public,Hors agglomération,Hors intersection,Normale,Sans collision,,,,,,,,,,,3,1,1,1,7.0
201600002927,0016-07-29 04:45:00,16,7,29,4,45,400,46,,44.37007,-1.11692,Crépuscule ou aube,Hors agglomération,Hors intersection,Normale,Sans collision,,,,,,,,,,,2,1,1,1,7.0
201600002928,0016-07-31 20:15:00,16,7,31,20,15,400,46,,44.43057,-1.22423,Plein jour,Hors agglomération,Hors intersection,Normale,Autre collision,,,,,,,,,,,1,1,1,1,6.0
201600002929,0016-09-28 16:15:00,16,9,28,16,15,400,287,,44.50566,-1.06143,Plein jour,Hors agglomération,Hors intersection,Normale,Autre collision,,,,,,,,,,,1,1,1,1,6.0
201600002930,0016-06-02 20:00:00,16,6,2,20,0,400,302,,44.0454,-0.99368,Plein jour,Hors agglomération,Hors intersection,Normale,Deux véhicules - frontale,,,,,,,,,,,1,1,1,1,1.0
201600002931,0016-08-15 12:40:00,16,8,15,12,40,400,163,,44.25738,-0.99117,Plein jour,Hors agglomération,Hors intersection,Normale,Autre collision,,,,,,,,,,,1,1,1,1,6.0
201600002932,0016-09-23 10:00:00,16,9,23,10,0,400,303,,44.10539,-0.90122,Plein jour,Hors agglomération,Hors intersection,Normale,Sans collision,,,,,,,,,,,1,1,1,1,7.0
201600002933,0016-09-28 13:00:00,16,9,28,13,0,400,163,,44.19265,-0.97739,Plein jour,Hors agglomération,Hors intersection,Normale,Autre collision,,,,,,,,,,,1,1,1,1,6.0
201600002934,0016-05-06 08:45:00,16,5,6,8,45,400,307,562 rue de la gare,44.32543,-0.57476,Plein jour,En agglomération,Hors intersection,Normale,Autre collision,,,,,,,,,,,1,2,1,1,6.0
201600002935,0016-06-07 11:30:00,16,6,7,11,30,400,200,190 route de bordeaux,44.3606,-0.76214,Plein jour,En agglomération,Hors intersection,Normale,Deux véhicules - frontale,,,,,,,,,,,1,2,1,1,1.0
201600002936,0016-08-06 19:15:00,16,8,6,19,15,400,60,,43.6418,-1.34258,Plein jour,Hors agglomération,Hors intersection,Normale,Sans collision,,,,,,,,,,,1,1,1,1,7.0
201600002937,0016-08-12 14:30:00,16,8,12,14,30,400,295,,44.3507,-0.85709,Plein jour,Hors agglomération,Hors intersection,Normale,Autre collision,,,,,,,,,,,1,1,1,1,6.0
201600002938,0016-08-28 02:45:00,16,8,28,2,45,400,227,,44.32932,-0.77791,Nuit sans éclairage public,Hors agglomération,Hors intersection,Normale,Deux véhicules - arrière,,,,,,,,,,,3,1,1,1,2.0
201600002939,0016-09-02 15:15:00,16,9,2,15,15,400,200,,44.3667,-0.77076,Plein jour,Hors agglomération,Hors intersection,Normale,Sans collision,,,,,,,,,,,1,1,1,1,7.0
201600002940,0016-03-03 18:15:00,16,3,3,18,15,400,229,,44.24993,-1.11703,Nuit avec éclairage non allumé,Hors agglomération,Hors intersection,Pluie légère,Deux véhicules - frontale,,,,,,,,,,,4,1,1,2,1.0
201600002941,0016-06-26 02:30:00,16,6,26,2,30,400,184,,44.50058,-1.05859,Nuit sans éclairage public,Hors agglomération,Hors intersection,Normale,Autre collision,,,,,,,,,,,3,1,1,1,6.0
201600002942,0016-07-06 17:15:00,16,7,6,17,15,400,229,,44.24447,-1.1365,Plein jour,Hors agglomération,Intersection en T,Normale,Deux véhicules - frontale,,,,,,,,,,,1,1,3,1,1.0
201600002943,0016-09-20 10:00:00,16,9,20,10,0,400,184,avenue de la gare,44.12009,-1.28173,Plein jour,En agglomération,Hors intersection,Temps éblouissant,Autre collision,,,,,,,,,,,1,2,1,7,6.0
201600002944,0016-04-15 15:30:00,16,4,15,15,30,400,26,,43.77045,-0.55822,Plein jour,Hors agglomération,Hors intersection,Normale,Deux véhicules - arrière,,,,,,,,,,,1,1,1,1,2.0
201600002945,0016-09-15 15:15:00,16,9,15,15,15,400,282,RUE DU CASTELLET,43.75575,-0.57061,Plein jour,En agglomération,Giratoire,Normale,Deux véhicules - côté,,,,,,,,,,,1,2,6,1,3.0
201600002946,0016-01-13 14:45:00,16,1,13,14,45,400,275,,43.78718,-0.45459,Plein jour,Hors agglomération,Hors intersection,Normale,Sans collision,,,,,,,,,,,1,1,1,1,7.0
201600002947,0016-03-07 17:45:00,16,3,7,17,45,400,55,,43.83994,-0.47271,Plein jour,Hors agglomération,Hors intersection,Normale,Deux véhicules - frontale,,,,,,,,,,,1,1,1,1,1.0
201600002948,0016-05-11 10:45:00,16,5,11,10,45,400,80,route des pyrenees,43.76061,-0.31658,Plein jour,En agglomération,Hors intersection,Normale,Autre collision,,,,,,,,,,,1,2,1,1,6.0
201600002949,0016-05-22 11:45:00,16,5,22,11,45,400,145,,43.76748,-0.41788,Plein jour,Hors agglomération,Hors intersection,Pluie légère,Deux véhicules - frontale,,,,,,,,,,,1,1,1,2,1.0
201600002950,0016-07-31 02:00:00,16,7,31,2,0,400,49,avenue des Pyrénées,43.77343,-0.36165,Nuit avec éclairage allumé,En agglomération,Hors intersection,Normale,Autre collision,,,,,,,,,,,5,2,1,1,6.0
201600002951,0016-09-08 18:45:00,16,9,8,18,45,400,82,,43.7187,-0.39031,Plein jour,Hors agglomération,Hors intersection,Normale,Autre collision,,,,,,,,,,,1,1,1,1,6.0
201600002952,0016-09-26 08:15:00,16,9,26,8,15,400,282,,43.78167,-0.56356,Plein jour,Hors agglomération,Hors intersection,Normale,Autre collision,,,,,,,,,,,1,1,1,1,6.0