accident_id,datetime,annee,mois,jour,heure,minute,departement,commune_insee,adresse,latitude,longitude,luminosite,agglomeration,intersection,meteo,collision,nb_vehicules,nb_usagers,nb_indemnes,nb_tues,nb_blesses_hosp,nb_blesses_legers,age_cond_1,age_cond_2,veh_type_cond_1,veh_type_cond_2,lum_code,agg_code,int_code,atm_code,col_code
201600003079,0016-04-16 11:00:00,16,4,16,11,0,640,234,RD 946,43.52118,-0.47919,Plein jour,Hors agglomération,Hors intersection,Normale,Trois véhicules et plus - collisions multiples,,,,,,,,,,,1,1,1,1,5.0
201600003080,0016-04-22 19:45:00,16,4,22,19,45,640,70,RD 39,43.43559,-0.31351,Plein jour,Hors agglomération,Hors intersection,Normale,Sans collision,,,,,,,,,,,1,1,1,1,7.0
201600003081,0016-06-21 07:30:00,16,6,21,7,30,640,560,RD 40,43.46425,-0.38678,Crépuscule ou aube,Hors agglomération,Hors intersection,Normale,Deux véhicules - côté,,,,,,,,,,,2,1,1,1,3.0
201600003082,0016-09-13 10:00:00,16,9,13,10,0,640,523,RD 42,43.45574,-0.26597,Plein jour,Hors agglomération,Hors intersection,Normale,Deux véhicules - frontale,,,,,,,,,,,1,1,1,1,1.0
201600003083,0016-09-23 18:00:00,16,9,23,18,0,640,415,RD 206,43.3954,-0.3234,Plein jour,Hors agglomération,Hors intersection,Normale,Deux véhicules - arrière,,,,,,,,,,,1,1,1,1,2.0
201600003084,0016-09-24 18:45:00,16,9,24,18,45,640,180,RD 16,43.55876,-0.23494,Plein jour,Hors agglomération,Hors intersection,Normale,Autre collision,,,,,,,,,,,1,1,1,1,6.0
201600003085,0016-11-02 14:30:00,16,11,2,14,30,640,70,,43.44489,-0.3246,Plein jour,Hors agglomération,Hors intersection,Normale,Autre collision,,,,,,,,,,,1,1,1,1,6.0
201600003086,0016-11-05 15:00:00,16,11,5,15,0,640,63,PARKING CARREFOUR CONTAC,43.53634,-0.41027,Plein jour,En agglomération,Autre intersection,Normale,Autre collision,,,,,,,,,,,1,2,9,1,6.0
201600003087,0016-02-28 10:45:00,16,2,28,10,45,640,407,,43.4852,-1.44102,Plein jour,Hors agglomération,Hors intersection,Temps couvert,Deux véhicules - côté,,,,,,,,,,,1,1,1,8,3.0
201600003088,0016-06-30 18:00:00,16,6,30,18,0,640,407,RD 936,43.4625,-1.40643,Plein jour,Hors agglomération,Hors intersection,Normale,Deux véhicules - frontale,,,,,,,,,,,1,1,1,1,1.0
201600003089,0016-10-18 15:30:00,16,10,18,15,30,640,100,CHEMIN DE MENDIBISTA,43.43321,-1.5076,Plein jour,Hors agglomération,Hors intersection,Normale,Deux véhicules - côté,,,,,,,,,,,1,1,1,1,3.0
201600003090,0016-01-08 19:00:00,16,1,8,19,0,640,161,RD 19,43.50938,-1.11174,Nuit sans éclairage public,Hors agglomération,Hors intersection,Pluie légère,Trois véhicules et plus - collisions multiples,,,,,,,,,,,3,1,1,2,5.0
201600003091,0016-06-14 12:15:00,16,6,14,12,15,640,256,RD 21,43.43469,-1.32255,Plein jour,Hors agglomération,Hors intersection,Normale,Deux véhicules - frontale,,,,,,,,,,,1,1,1,1,1.0
201600003092,0016-08-09 14:30:00,16,8,9,14,30,640,250,RD 261,,,Plein jour,Hors agglomération,Hors intersection,Normale,Deux véhicules - côté,,,,,,,,,,,1,1,1,1,3.0
201600003093,0016-08-26 16:30:00,16,8,26,16,30,640,256,RD 22,43.37904,-1.34142,Plein jour,Hors agglomération,Hors intersection,Normale,Deux véhicules - frontale,,,,,,,,,,,1,1,1,1,1.0
201600003094,0016-08-28 19:00:00,16,8,28,19,0,640,476,RD 251,43.32655,-1.21086,Plein jour,En agglomération,Hors intersection,Normale,Deux véhicules - côté,,,,,,,,,,,1,2,1,1,3.0
201600003095,0016-02-14 12:15:00,16,2,14,12,15,640,527,RD 88,43.3536,-1.47347,Plein jour,Hors agglomération,Hors intersection,Vent fort / tempête,Deux véhicules - frontale,,,,,,,,,,,1,1,1,6,1.0
201600003096,0016-02-24 08:45:00,16,2,24,8,45,640,65,RUE ERNEST FOURNEAU,43.3466,-1.62223,Plein jour,En agglomération,Hors intersection,Normale,Deux véhicules - côté,,,,,,,,,,,1,2,1,1,3.0
201600003097,0016-02-28 03:30:00,16,2,28,3,30,640,65,,43.3621,-1.63675,Nuit avec éclairage allumé,Hors agglomération,Intersection en X,Pluie légère,Deux véhicules - côté,,,,,,,,,,,5,1,2,2,3.0
201600003098,0016-04-06 17:00:00,16,4,6,17,0,640,495,RD 3,43.34544,-1.55189,Plein jour,Hors agglomération,Hors intersection,Normale,Autre collision,,,,,,,,,,,1,1,1,1,6.0
201600003099,0016-05-04 09:45:00,16,5,4,9,45,640,504,CHEMIN DE GALZAGORRI,43.29997,-1.5688,Plein jour,Hors agglomération,Hors intersection,Normale,Deux véhicules - côté,,,,,,,,,,,1,1,1,1,3.0
201600003100,0016-08-20 17:30:00,16,8,20,17,30,640,9,RD 855,43.40261,-1.5747,Plein jour,En agglomération,Hors intersection,Normale,Deux véhicules - côté,,,,,,,,,,,1,2,1,1,3.0
201600003101,0016-09-02 17:45:00,16,9,2,17,45,640,495,,43.31772,-0.30275,Plein jour,Hors agglomération,Hors intersection,Normale,Deux véhicules - côté,,,,,,,,,,,1,1,1,1,3.0
201600003102,0016-09-13 17:15:00,16,9,13,17,15,640,9,CHEMIN LARRE LUZEA,43.41581,-1.575,Plein jour,Hors agglomération,Hors intersection,Pluie forte,Trois véhicules et plus - collisions multiples,,,,,,,,,,,1,1,1,3,5.0
201600003103,0016-10-08 16:00:00,16,10,8,16,0,640,9,RD 655,43.41547,-1.57491,Plein jour,Hors agglomération,Hors intersection,Normale,Deux véhicules - frontale,,,,,,,,,,,1,1,1,1,1.0
201600003104,0016-12-07 10:30:00,16,12,7,10,30,640,504,CHEMIN DE L'USINE,43.305,-1.566,Plein jour,Hors agglomération,Hors intersection,Normale,Deux véhicules - frontale,,,,,,,,,,,1,1,1,1,1.0
201600003105,0016-12-18 14:45:00,16,12,18,14,45,640,495,RUE CHARLES CAMI,43.348,-1.526,Plein jour,En agglomération,Hors intersection,Normale,Deux véhicules - côté,,,,,,,,,,,1,2,1,1,3.0
201600003106,0016-02-06 14:30:00,16,2,6,14,30,640,558,CHEMIN DE HARIAGARAYA,43.4329,-1.43882,Plein jour,En agglomération,Hors intersection,Normale,Autre collision,,,,,,,,,,,1,2,1,1,6.0
201600003107,0016-03-14 19:15:00,16,3,14,19,15,640,255,CHEMIN ARTOENIA,43.38,-1.422,Crépuscule ou aube,En agglomération,Hors intersection,Normale,Deux véhicules - côté,,,,,,,,,,,2,2,1,1,3.0
201600003108,0016-04-23 23:45:00,16,4,23,23,45,640,38,ROUTE D'ARCANGUES,43.44013,-1.51941,Nuit sans éclairage public,En agglomération,Hors intersection,Normale,Deux véhicules - frontale,,,,,,,,,,,3,2,1,1,1.0
201600003109,0016-05-13 06:00:00,16,5,13,6,0,640,547,RD 932,43.40973,-1.46964,Nuit sans éclairage public,Hors agglomération,Hors intersection,Pluie légère,Deux véhicules - arrière,,,,,,,,,,,3,1,1,2,2.0
201600003110,0016-06-05 11:30:00,16,6,5,11,30,640,213,CD 918 BORDACHARRIA,43.34779,-1.43743,Plein jour,En agglomération,Hors intersection,Normale,Deux véhicules - frontale,,,,,,,,,,,1,2,1,1,1.0
201600003111,0016-06-12 06:30:00,16,6,12,6,30,640,38,RD3,43.43183,-1.5136,Plein jour,Hors agglomération,Hors intersection,Normale,Autre collision,,,,,,,,,,,1,1,1,1,6.0
201600003112,0016-06-21 09:00:00,16,6,21,9,0,640,547,CD255,43.4319,-1.5512,Plein jour,En agglomération,Hors intersection,Temps éblouissant,Deux véhicules - côté,,,,,,,,,,,1,2,1,7,3.0
201600003113,0016-06-25 17:00:00,16,6,25,17,0,640,100,RD 3,43.445,-1.51654,Plein jour,Hors agglomération,Hors intersection,Normale,Deux véhicules - frontale,,,,,,,,,,,1,1,1,1,1.0
201600003114,0016-09-06 02:00:00,16,9,6,2,0,640,213,KAMINOKO PATARA,43.3419,-1.44218,Nuit avec éclairage allumé,En agglomération,Hors intersection,Normale,Sans collision,,,,,,,,,,,5,2,1,1,7.0
201600003115,0016-09-29 12:15:00,16,9,29,12,15,640,279,,43.31661,-1.40355,Plein jour,Hors agglomération,Hors intersection,Normale,Deux véhicules - frontale,,,,,,,,,,,1,1,1,1,1.0
201600003116,0016-10-23 14:45:00,16,10,23,14,45,640,317,RD 918,43.35514,-1.42131,Plein jour,Hors agglomération,Hors intersection,Normale,Sans collision,,,,,,,,,,,1,1,1,1,7.0
201600003117,0016-10-29 12:15:00,16,10,29,12,15,640,547,,43.342,-1.574,Plein jour,Hors agglomération,Hors intersection,Normale,Deux véhicules - côté,,,,,,,,,,,1,1,1,1,3.0
201600003118,0016-11-08 16:30:00,16,11,8,16,30,640,547,RD 932,43.41625,-1.47869,Plein jour,Hors agglomération,Hors intersection,Pluie légère,Deux véhicules - frontale,,,,,,,,,,,1,1,1,2,1.0
201600003119,0016-12-19 18:00:00,16,12,19,18,0,640,527,RD 918,43.34071,-1.47301,Nuit avec éclairage allumé,En agglomération,Giratoire,Pluie légère,Deux véhicules - côté,,,,,,,,,,,5,2,6,2,3.0
201600003120,0016-12-28 16:15:00,16,12,28,16,15,640,160,RD10 allée de Neubourg,43.36,-1.396,Plein jour,En agglomération,Intersection en T,Normale,Deux véhicules - côté,,,,,,,,,,,1,2,3,1,3.0
201600003121,0016-05-22 20:30:00,16,5,22,20,30,640,303,RD 918,43.10512,-0.85455,Plein jour,Hors agglomération,Hors intersection,Pluie forte,Autre collision,,,,,,,,,,,1,1,1,3,6.0
201600003122,0016-07-16 20:45:00,16,7,16,20,45,640,371,RD 918,43.21121,-0.89456,Plein jour,En agglomération,Hors intersection,Normale,Autre collision,,,,,,,,,,,1,2,1,1,6.0
201600003123,0016-02-10 13:15:00,16,2,10,13,15,640,538,RD 933,43.1502,-1.25337,Plein jour,Hors agglomération,Hors intersection,Pluie forte,Sans collision,,,,,,,,,,,1,1,1,3,7.0
201600003124,0016-02-13 12:30:00,16,2,13,12,30,640,297,CD 933,43.1922,-1.1651,Plein jour,En agglomération,Hors intersection,Temps éblouissant,Deux véhicules - côté,,,,,,,,,,,1,2,1,7,3.0
201600003125,0016-08-26 16:30:00,16,8,26,16,30,640,477,RD 949,43.18259,-1.38915,Plein jour,Hors agglomération,Hors intersection,Normale,Deux véhicules - côté,,,,,,,,,,,1,1,1,1,3.0
201600003126,0016-09-17 11:30:00,16,9,17,11,30,640,66,RD 918,43.18753,-1.25252,Plein jour,Hors agglomération,Hors intersection,Pluie légère,Deux véhicules - côté,,,,,,,,,,,1,1,1,2,3.0
201600003127,0016-10-27 07:30:00,16,10,27,7,30,640,477,RD 948,43.17983,-1.33968,Nuit avec éclairage allumé,En agglomération,Hors intersection,Normale,Autre collision,,,,,,,,,,,5,2,1,1,6.0
201600003128,0016-11-20 12:45:00,16,11,20,12,45,640,66,RD 15,43.16817,-1.26088,Plein jour,En agglomération,Hors intersection,Normale,Autre collision,,,,,,,,,,,1,2,1,1,6.0
201600003129,0016-02-02 12:15:00,16,2,2,12,15,640,436,,43.2103,-1.28023,Plein jour,Hors agglomération,Hors intersection,Temps couvert,Deux véhicules - frontale,,,,,,,,,,,1,1,1,8,1.0
201600003130,0016-03-17 09:00:00,16,3,17,9,0,640,368,,43.393,-1.097,Plein jour,Hors agglomération,Hors intersection,Normale,Deux véhicules - frontale,,,,,,,,,,,1,1,1,1,1.0
201600003131,0016-03-26 12:30:00,16,3,26,12,30,640,493,BOUL SAINT MADELEINE,43.32693,-1.03542,Plein jour,Hors agglomération,Hors intersection,Normale,Trois véhicules et plus - collisions multiples,,,,,,,,,,,1,1,1,1,5.0
201600003132,0016-04-13 21:15:00,16,4,13,21,15,640,285,RD 933,43.25063,-1.06345,Nuit sans éclairage public,Hors agglomération,Hors intersection,Normale,Deux véhicules - frontale,,,,,,,,,,,3,1,1,1,1.0
201600003133,0016-07-21 16:00:00,16,7,21,16,0,640,425,RD 123,43.39423,-1.16629,Plein jour,Hors agglomération,Hors intersection,Normale,Sans collision,,,,,,,,,,,1,1,1,1,7.0
201600003134,0016-07-29 18:45:00,16,7,29,18,45,640,51,RD 11,43.42884,-1.10208,Plein jour,Hors agglomération,Hors intersection,Normale,Sans collision,,,,,,,,,,,1,1,1,1,7.0
201600003135,0016-08-06 10:30:00,16,8,6,10,30,640,436,RD 918,43.23211,-1.29928,Plein jour,En agglomération,Hors intersection,Normale,Deux véhicules - arrière,,,,,,,,,,,1,2,1,1,2.0
201600003136,0016-12-30 10:30:00,16,12,30,10,30,640,539,RD 933,43.27611,-1.02601,Plein jour,Hors agglomération,Hors intersection,Normale,Sans collision,,,,,,,,,,,1,1,1,1,7.0
201600003137,0016-05-20 19:15:00,16,5,20,19,15,640,422,AVENUE DU 19 MARS 1962,43.17995,-0.64003,Plein jour,En agglomération,Hors intersection,Normale,Deux véhicules - côté,,,,,,,,,,,1,2,1,1,3.0
201600003138,0016-06-08 16:15:00,16,6,8,16,15,640,64,RN 134,43.12214,-0.61352,Plein jour,En agglomération,Hors intersection,Normale,Deux véhicules - côté,,,,,,,,,,,1,2,1,1,3.0
201600003139,0016-07-17 09:15:00,16,7,17,9,15,640,409,RD 936,43.23428,-0.66731,Plein jour,Hors agglomération,Hors intersection,Normale,Trois véhicules et plus - collisions multiples,,,,,,,,,,,1,1,1,1,5.0
201600003140,0016-08-27 22:00:00,16,8,27,22,0,640,422,RUE DALMAIS,43.19095,-0.60686,Crépuscule ou aube,En agglomération,Hors intersection,Normale,Autre collision,,,,,,,,,,,2,2,1,1,6.0
201600003141,0016-10-02 11:30:00,16,10,2,11,30,640,422,CHEMIN DU GABARN,43.18342,-0.58024,Plein jour,Hors agglomération,Hors intersection,Normale,Autre collision,,,,,,,,,,,1,1,1,1,6.0
201600003142,0016-12-15 16:15:00,16,12,15,16,15,640,252,avenue d'aspe,43.171,-0.603,Plein jour,En agglomération,Hors intersection,Normale,Autre collision,,,,,,,,,,,1,2,1,1,6.0
201600003143,0016-07-03 16:15:00,16,7,3,16,15,640,136,LIEU DIT BEZIAT,42.87625,-0.5767,Plein jour,Hors agglomération,Hors intersection,Normale,Sans collision,,,,,,,,,,,1,1,1,1,7.0
201600003144,0016-12-21 17:00:00,16,12,21,17,0,640,136,RN 134,42.91552,-0.57497,Plein jour,Hors agglomération,Hors intersection,Normale,Autre collision,,,,,,,,,,,1,1,1,1,6.0
201600003145,0016-06-12 17:30:00,16,6,12,17,30,640,320,RD 934,43.01164,-0.42277,Plein jour,Hors agglomération,Hors intersection,Normale,Trois véhicules et plus - collisions multiples,,,,,,,,,,,1,1,1,1,5.0
201600003146,0016-08-05 23:00:00,16,8,5,23,0,640,529,RD 936,43.31271,-0.76798,Nuit sans éclairage public,Hors agglomération,Hors intersection,Normale,Sans collision,,,,,,,,,,,3,1,1,1,7.0
201600003147,0016-02-08 12:45:00,16,2,8,12,45,640,312,,43.4472,-0.82991,Plein jour,Hors agglomération,Hors intersection,Normale,Autre collision,,,,,,,,,,,1,1,1,1,6.0
201600003148,0016-04-18 16:45:00,16,4,18,16,45,640,135,RD 46,43.53667,-0.78519,Plein jour,Hors agglomération,Hors intersection,Normale,Autre collision,,,,,,,,,,,1,1,1,1,6.0
201600003149,0016-07-01 00:15:00,16,7,1,0,15,640,430,234 RUE PIERRE BEREGOVOY,43.48075,-0.75436,Nuit avec éclairage allumé,En agglomération,Hors intersection,Normale,Sans collision,,,,,,,,,,,5,2,1,1,7.0
201600003150,0016-08-12 15:30:00,16,8,12,15,30,640,286,RD 947,43.45313,-0.77459,Plein jour,En agglomération,Hors intersection,Normale,Deux véhicules - frontale,,,,,,,,,,,1,2,1,1,1.0
201600003151,0016-08-23 11:15:00,16,8,23,11,15,640,430,PLACE BROSSERS,43.48838,-0.77253,Plein jour,En agglomération,Hors intersection,Normale,Autre collision,,,,,,,,,,,1,2,1,1,6.0
201600003152,0016-12-05 17:15:00,16,12,5,17,15,640,430,1 ROUTE DE BAYONNE,43.48986,-0.78919,Crépuscule ou aube,En agglomération,Hors intersection,Normale,Deux véhicules - arrière,,,,,,,,,,,2,2,1,1,2.0
201600003153,0016-02-03 12:15:00,16,2,3,12,15,640,83,,43.3911,-0.96821,Plein jour,Hors agglomération,Hors intersection,Pluie légère,Deux véhicules - côté,,,,,,,,,,,1,1,1,2,3.0
201600003154,0016-08-28 01:30:00,16,8,28,1,30,640,96,RD 936,43.3844,-0.89931,Nuit sans éclairage public,Hors agglomération,Hors intersection,Normale,Autre collision,,,,,,,,,,,3,1,1,1,6.0
201600003155,0016-04-14 18:15:00,16,4,14,18,15,860,62,D20,,,Plein jour,En agglomération,Autre intersection,Pluie légère,Deux véhicules - côté,,,,,,,,,,,1,2,9,2,3.0
201600003156,0016-05-22 02:30:00,16,5,22,2,30,860,222,,,,Nuit sans éclairage public,Hors agglomération,Hors intersection,Temps couvert,Autre collision,,,,,,,,,,,3,1,1,8,6.0
201600003157,0016-09-02 12:30:00,16,9,2,12,30,860,62,RD910,,,Plein jour,En agglomération,Hors intersection,Normale,Deux véhicules - arrière,,,,,,,,,,,1,2,1,1,2.0
201600003158,0016-09-14 22:00:00,16,9,14,22,0,860,115,62 AVENUE DE BORDEAUX,46.67802,0.37902,Nuit avec éclairage allumé,En agglomération,Hors intersection,Pluie légère,Autre collision,,,,,,,,,,,5,2,1,2,6.0
201600003159,0016-12-27 15:15:00,16,12,27,15,15,860,222,,,,Plein jour,Hors agglomération,Hors intersection,Normale,Deux véhicules - côté,,,,,,,,,,,1,1,1,1,3.0
201600003160,0016-03-16 08:00:00,16,3,16,8,0,860,45,,,,Plein jour,Hors agglomération,Hors intersection,Normale,Deux véhicules - frontale,,,,,,,,,,,1,1,1,1,1.0
201600003161,0016-07-20 08:45:00,16,7,20,8,45,860,53,,46.734,0.187,Plein jour,Hors agglomération,Hors intersection,Temps couvert,Trois véhicules et plus - collisions multiples,,,,,,,,,,,1,1,1,8,5.0
201600003162,0016-10-30 20:30:00,16,10,30,20,30,860,89,,,,Nuit sans éclairage public,Hors agglomération,Hors intersection,Normale,Sans collision,,,,,,,,,,,3,1,1,1,7.0
201600003163,0016-11-17 13:30:00,16,11,17,13,30,860,160,,,,Plein jour,Hors agglomération,Hors intersection,Pluie légère,Sans collision,,,,,,,,,,,1,1,1,2,7.0
201600003164,0016-11-28 14:45:00,16,11,28,14,45,860,30,,,,Plein jour,Hors agglomération,Hors intersection,Normale,Autre collision,,,,,,,,,,,1,1,1,1,6.0
201600003165,0016-12-09 18:45:00,16,12,9,18,45,860,177,ROUTE DE CLAN,,,Nuit avec éclairage allumé,En agglomération,Giratoire,Normale,Deux véhicules - côté,,,,,,,,,,,5,2,6,1,3.0
201600003166,0016-12-14 18:15:00,16,12,14,18,15,860,281,36 route de poitiers,46.7287,0.30371,Nuit sans éclairage public,En agglomération,Hors intersection,Normale,Deux véhicules - côté,,,,,,,,,,,3,2,1,1,3.0
201600003167,0016-02-23 07:45:00,16,2,23,7,45,860,94,,,,Plein jour,Hors agglomération,Hors intersection,Pluie légère,Autre collision,,,,,,,,,,,1,1,1,2,6.0
201600003168,0016-03-06 10:30:00,16,3,6,10,30,860,290,rue des bosquets,46.4554,0.3688,Plein jour,En agglomération,Hors intersection,Normale,Deux véhicules - côté,,,,,,,,,,,1,2,1,1,3.0
201600003169,0016-03-27 09:00:00,16,3,27,9,0,860,105,VC 3 ROUTE DE CHIRE,46.4339,0.42925,Plein jour,Hors agglomération,Hors intersection,Normale,Autre collision,,,,,,,,,,,1,1,1,1,6.0
201600003170,0016-04-15 07:15:00,16,4,15,7,15,860,103,,,,Crépuscule ou aube,Hors agglomération,Hors intersection,Temps couvert,Autre collision,,,,,,,,,,,2,1,1,8,6.0
201600003171,0016-05-16 20:30:00,16,5,16,20,30,860,290,11 chemin du bois vert,46.4531,0.3675,Plein jour,En agglomération,Hors intersection,Normale,Autre collision,,,,,,,,,,,1,2,1,1,6.0
201600003172,0016-06-20 10:15:00,16,6,20,10,15,860,10,,,,Plein jour,Hors agglomération,Hors intersection,Normale,Autre collision,,,,,,,,,,,1,1,1,1,6.0
201600003173,0016-07-07 18:00:00,16,7,7,18,0,860,38,19 route de la Viguerie,46.3559,0.46338,Plein jour,En agglomération,Hors intersection,Normale,Deux véhicules - arrière,,,,,,,,,,,1,2,1,1,2.0
201600003174,0016-07-21 06:45:00,16,7,21,6,45,860,263,RTE DE LA BERTANDINIERE,46.5233,0.3796,Plein jour,Hors agglomération,Hors intersection,Normale,Deux véhicules - frontale,,,,,,,,,,,1,1,1,1,1.0
201600003175,0016-09-12 07:45:00,16,9,12,7,45,860,248,,,,Plein jour,Hors agglomération,Hors intersection,Normale,Deux véhicules - frontale,,,,,,,,,,,1,1,1,1,1.0
201600003176,0016-06-06 16:30:00,16,6,6,16,30,860,293,bretelle sortie Sud,,,Plein jour,En agglomération,Hors intersection,Normale,Sans collision,,,,,,,,,,,1,2,1,1,7.0
201600003177,0016-06-29 09:45:00,16,6,29,9,45,860,278,,,,Plein jour,Hors agglomération,Hors intersection,Normale,Deux véhicules - côté,,,,,,,,,,,1,1,1,1,3.0
201600003178,0016-08-04 23:45:00,16,8,4,23,45,860,244,route de la croix,,,Nuit sans éclairage public,En agglomération,Hors intersection,Normale,Autre collision,,,,,,,,,,,3,2,1,1,6.0
201600003179,0016-12-24 01:15:00,16,12,24,1,15,860,39,RUE GENERAL RIVAUD,,,Nuit avec éclairage non allumé,En agglomération,Autre intersection,Pluie légère,Autre collision,,,,,,,,,,,4,2,9,2,6.0
201600003180,0016-12-30 11:15:00,16,12,30,11,15,860,50,,,,Crépuscule ou aube,Hors agglomération,Hors intersection,Autre,Sans collision,,,,,,,,,,,2,1,1,9,7.0
201600003181,0016-02-27 16:30:00,16,2,27,16,30,860,297,,46.558,0.261,Plein jour,Hors agglomération,Hors intersection,Normale,Autre collision,,,,,,,,,,,1,1,1,1,6.0
201600003182,0016-04-07 17:30:00,16,4,7,17,30,860,100,,,,Plein jour,Hors agglomération,Hors intersection,Normale,Trois véhicules et plus - en chaîne,,,,,,,,,,,1,1,1,1,4.0
201600003183,0016-08-17 20:00:00,16,8,17,20,0,860,142,7 rue de l'huilerie,46.676,0.094,Plein jour,En agglomération,Hors intersection,Normale,Deux véhicules - frontale,,,,,,,,,,,1,2,1,1,1.0
201600003184,0016-09-04 06:45:00,16,9,4,6,45,860,17,ROUTE DE PARTHENAY,,,Crépuscule ou aube,En agglomération,Hors intersection,Normale,Deux véhicules - frontale,,,,,,,,,,,2,2,1,1,1.0
201600003185,0016-04-29 18:00:00,16,4,29,18,0,860,174,Rue Romain Rolland,46.7607,0.4795,Plein jour,En agglomération,Intersection en X,Normale,Deux véhicules - frontale,,,,,,,,,,,1,2,2,1,1.0
201600003186,0016-05-04 15:15:00,16,5,4,15,15,860,197,,,,Plein jour,Hors agglomération,Intersection en X,Normale,Deux véhicules - côté,,,,,,,,,,,1,1,2,1,3.0
201600003187,0016-06-21 23:00:00,16,6,21,23,0,860,137,,,,Nuit sans éclairage public,Hors agglomération,Hors intersection,Normale,Sans collision,,,,,,,,,,,3,1,1,1,7.0
201600003188,0016-07-09 18:45:00,16,7,9,18,45,860,196,CARREFOUR RD55/RD347,,,Plein jour,En agglomération,Hors intersection,Temps éblouissant,Trois véhicules et plus - collisions multiples,,,,,,,,,,,1,2,1,7,5.0
201600003189,0016-08-24 14:00:00,16,8,24,14,0,860,18,,,,Plein jour,Hors agglomération,Hors intersection,Normale,Sans collision,,,,,,,,,,,1,1,1,1,7.0
201600003190,0016-09-03 01:15:00,16,9,3,1,15,860,137,25 boulevard du 8 mai 45,47.00896,0.08318,Nuit avec éclairage non allumé,En agglomération,Hors intersection,Normale,Autre collision,,,,,,,,,,,4,2,1,1,6.0
201600003191,0016-10-27 15:45:00,16,10,27,15,45,860,44,,,,Plein jour,Hors agglomération,Hors intersection,Normale,Autre collision,,,,,,,,,,,1,1,1,1,6.0
201600003192,0016-10-03 15:15:00,16,10,3,15,15,860,90,,,,Plein jour,Hors agglomération,Hors intersection,Normale,Sans collision,,,,,,,,,,,1,1,1,1,7.0
201600003193,0016-11-06 03:15:00,16,11,6,3,15,860,229,,,,Nuit sans éclairage public,Hors agglomération,Hors intersection,Autre,Sans collision,,,,,,,,,,,3,1,1,9,7.0
201600003194,0016-11-20 13:30:00,16,11,20,13,30,860,137,,,,Plein jour,Hors agglomération,Hors intersection,Temps couvert,Sans collision,,,,,,,,,,,1,1,1,8,7.0
201600003195,0016-07-21 19:00:00,16,7,21,19,0,860,258,,,,Plein jour,Hors agglomération,Hors intersection,Normale,Sans collision,,,,,,,,,,,1,1,1,1,7.0
201600003196,0016-07-25 18:45:00,16,7,25,18,45,860,174,rue ambroise croizat,46.7732,0.4826,Plein jour,En agglomération,Hors intersection,Normale,Deux véhicules - côté,,,,,,,,,,,1,2,1,1,3.0
201600003197,0016-08-01 10:45:00,16,8,1,10,45,860,258,,,,Plein jour,Hors agglomération,Hors intersection,Normale,Deux véhicules - côté,,,,,,,,,,,1,1,1,1,3.0
201600003198,0016-07-20 12:15:00,16,7,20,12,15,860,111,,,,Plein jour,Hors agglomération,Autre intersection,Autre,Deux véhicules - côté,,,,,,,,,,,1,1,9,9,3.0
201600003199,0016-07-25 10:00:00,16,7,25,10,0,860,186,,,,Plein jour,Hors agglomération,Hors intersection,Normale,Deux véhicules - frontale,,,,,,,,,,,1,1,1,1,1.0
201600003200,0016-08-21 22:45:00,16,8,21,22,45,860,130,LES SOUCHONS,46.89121,0.67739,Nuit sans éclairage public,Hors agglomération,Hors intersection,Normale,Deux véhicules - côté,,,,,,,,,,,3,1,1,1,3.0
201600003201,0016-09-26 17:15:00,16,9,26,17,15,860,92,,,,Plein jour,Hors agglomération,Hors intersection,Normale,Deux véhicules - arrière,,,,,,,,,,,1,1,1,1,2.0
201600003202,0016-04-09 14:00:00,16,4,9,14,0,860,288,LE BREUIL,46.735,0.802,Plein jour,Hors agglomération,Hors intersection,Pluie légère,Deux véhicules - frontale,,,,,,,,,,,1,1,1,2,1.0
201600003203,0016-06-26 19:00:00,16,6,26,19,0,860,245,,,,Plein jour,Hors agglomération,Hors intersection,Normale,Trois véhicules et plus - en chaîne,,,,,,,,,,,1,1,1,1,4.0
201600003204,0016-11-06 18:45:00,16,11,6,18,45,860,207,rue Pierre Denis Roussea,46.78699,0.81114,Nuit avec éclairage allumé,En agglomération,Hors intersection,Normale,Autre collision,,,,,,,,,,,5,2,1,1,6.0
201600003205,0016-11-17 10:15:00,16,11,17,10,15,860,14,,,,Plein jour,Hors agglomération,Hors intersection,Autre,Deux véhicules - arrière,,,,,,,,,,,1,1,1,9,2.0
201600003206,0016-11-26 19:00:00,16,11,26,19,0,860,14,,,,Nuit sans éclairage public,Hors agglomération,Hors intersection,Normale,Autre collision,,,,,,,,,,,3,1,1,1,6.0
201600003207,0016-06-24 17:15:00,16,6,24,17,15,860,85,LA GIRAUDIERE,46.8534,0.2219,Plein jour,Hors agglomération,Hors intersection,Normale,Sans collision,,,,,,,,,,,1,1,1,1,7.0
201600003208,0016-12-16 23:45:00,16,12,16,23,45,860,75,rue de la petite couture,46.81455,0.16544,Nuit sans éclairage public,En agglomération,Hors intersection,Brouillard / fumée,Autre collision,,,,,,,,,,,3,2,1,5,6.0