accident_id,datetime,annee,mois,jour,heure,minute,departement,commune_insee,adresse,latitude,longitude,luminosite,agglomeration,intersection,meteo,collision,nb_vehicules,nb_usagers,nb_indemnes,nb_tues,nb_blesses_hosp,nb_blesses_legers,age_cond_1,age_cond_2,veh_type_cond_1,veh_type_cond_2,lum_code,agg_code,int_code,atm_code,col_code
201600003339,0016-04-24 19:45:00,16,4,24,19,45,170,197,Rue de la Frémigère,45.43586,-0.43634,Plein jour,En agglomération,Hors intersection,Pluie légère,Deux véhicules - frontale,,,,,,,,,,,1,2,1,2,1.0
201600003340,0016-07-15 12:00:00,16,7,15,12,0,170,468,,45.34185,-0.34139,Plein jour,Hors agglomération,Hors intersection,Normale,Sans collision,,,,,,,,,,,1,1,1,1,7.0
201600003341,0016-07-26 14:45:00,16,7,26,14,45,170,197,32 rue saint gervais,45.44511,-0.43619,Plein jour,En agglomération,Hors intersection,Normale,Deux véhicules - côté,,,,,,,,,,,1,2,1,1,3.0
201600003342,0016-11-03 11:15:00,16,11,3,11,15,170,197,12 avenue Gambetta,45.44449,-0.43876,Plein jour,En agglomération,Hors intersection,Normale,Autre collision,,,,,,,,,,,1,2,1,1,6.0
201600003343,0016-12-28 17:00:00,16,12,28,17,0,170,339,,45.47117,-0.43488,Plein jour,Hors agglomération,Hors intersection,Normale,Deux véhicules - arrière,,,,,,,,,,,1,1,1,1,2.0
201600003344,0016-01-13 18:45:00,16,1,13,18,45,170,187,,45.45662,-0.5114,Nuit sans éclairage public,Hors agglomération,Hors intersection,Pluie légère,Deux véhicules - côté,,,,,,,,,,,3,1,1,2,3.0
201600003345,0016-01-25 10:45:00,16,1,25,10,45,170,325,,45.4385,-0.70276,Plein jour,Hors agglomération,Hors intersection,Normale,Deux véhicules - frontale,,,,,,,,,,,1,1,1,1,1.0
201600003346,0016-02-09 14:30:00,16,2,9,14,30,170,317,,45.43833,-0.67308,Plein jour,Hors agglomération,Hors intersection,Normale,Sans collision,,,,,,,,,,,1,1,1,1,7.0
201600003347,0016-09-27 10:15:00,16,9,27,10,15,170,111,,45.47273,-0.5471,Plein jour,Hors agglomération,Intersection en X,Normale,Deux véhicules - frontale,,,,,,,,,,,1,1,2,1,1.0
201600003348,0016-12-22 17:30:00,16,12,22,17,30,170,331,75 avenue de saintes,45.48971,-0.56602,Nuit avec éclairage allumé,En agglomération,Intersection en X,Pluie forte,Deux véhicules - côté,,,,,,,,,,,5,2,2,3,3.0
201600003349,0016-06-25 20:00:00,16,6,25,20,0,170,99,,45.26708,-0.34409,Crépuscule ou aube,Hors agglomération,Intersection en T,Normale,Deux véhicules - côté,,,,,,,,,,,2,1,3,1,3.0
201600003350,0016-06-29 20:30:00,16,6,29,20,30,170,454,,45.35795,-0.43137,Plein jour,Hors agglomération,Hors intersection,Normale,Deux véhicules - arrière,,,,,,,,,,,1,1,1,1,2.0
201600003351,0016-09-05 16:30:00,16,9,5,16,30,170,240,avenue sulz am neckar,45.28152,-0.39479,Plein jour,En agglomération,Hors intersection,Normale,Autre collision,,,,,,,,,,,1,2,1,1,6.0
201600003352,0016-09-24 14:15:00,16,9,24,14,15,170,454,,45.36104,-0.43224,Plein jour,Hors agglomération,Hors intersection,Normale,Deux véhicules - frontale,,,,,,,,,,,1,1,1,1,1.0
201600003353,0016-02-05 17:30:00,16,2,5,17,30,170,241,RUE DE LA FONTAINE,45.22034,-0.17956,Plein jour,En agglomération,Hors intersection,Normale,Deux véhicules - frontale,,,,,,,,,,,1,2,1,1,1.0
201600003354,0016-03-11 12:45:00,16,3,11,12,45,170,365,,45.23547,-0.1966,Plein jour,Hors agglomération,Hors intersection,Normale,Deux véhicules - frontale,,,,,,,,,,,1,1,1,1,1.0
201600003355,0016-04-24 16:45:00,16,4,24,16,45,170,241,,45.19545,-0.16254,Plein jour,Hors agglomération,Hors intersection,Normale,Autre collision,,,,,,,,,,,1,1,1,1,6.0
201600003356,0016-08-09 18:00:00,16,8,9,18,0,170,309,Place de la victoire,45.15782,-0.01127,Plein jour,En agglomération,Place,Normale,Autre collision,,,,,,,,,,,1,2,7,1,6.0
201600003357,0016-08-10 10:00:00,16,8,10,10,0,170,77,,45.14205,-0.21224,Plein jour,Hors agglomération,Intersection en X,Normale,Deux véhicules - côté,,,,,,,,,,,1,1,2,1,3.0
201600003358,0016-08-26 15:45:00,16,8,26,15,45,170,365,,45.22955,-0.19416,Plein jour,Hors agglomération,Intersection en T,Normale,Deux véhicules - côté,,,,,,,,,,,1,1,3,1,3.0
201600003359,0016-08-04 17:00:00,16,8,4,17,0,170,309,rue Georges Clemenceau,45.15724,-0.0042,Plein jour,En agglomération,Autre intersection,Pluie légère,Autre collision,,,,,,,,,,,1,2,9,2,6.0
201600003360,0016-10-08 19:30:00,16,10,8,19,30,170,365,,45.2236,-0.20358,Nuit sans éclairage public,Hors agglomération,Intersection en X,Normale,Deux véhicules - arrière,,,,,,,,,,,3,1,2,1,2.0
201600003361,0016-01-14 09:00:00,16,1,14,9,0,170,185,,45.74017,-0.98316,Plein jour,Hors agglomération,Hors intersection,Pluie légère,Deux véhicules - frontale,,,,,,,,,,,1,1,1,2,1.0
201600003362,0016-02-10 16:30:00,16,2,10,16,30,170,219,,45.84004,-1.08999,Plein jour,Hors agglomération,Hors intersection,Normale,Sans collision,,,,,,,,,,,1,1,1,1,7.0
201600003363,0016-03-16 10:45:00,16,3,16,10,45,170,351,,45.8228,-1.06953,Plein jour,Hors agglomération,Hors intersection,Normale,Deux véhicules - frontale,,,,,,,,,,,1,1,1,1,1.0
201600003364,0016-03-26 17:30:00,16,3,26,17,30,170,189,,45.85148,-1.05323,Plein jour,Hors agglomération,Hors intersection,Normale,Autre collision,,,,,,,,,,,1,1,1,1,6.0
201600003365,0016-08-06 15:15:00,16,8,6,15,15,170,58,,45.84553,-1.12838,Plein jour,Hors agglomération,Hors intersection,Normale,Deux véhicules - frontale,,,,,,,,,,,1,1,1,1,1.0
201600003366,0016-08-23 17:30:00,16,8,23,17,30,170,219,,45.80604,-1.13199,Plein jour,Hors agglomération,Hors intersection,Normale,Trois véhicules et plus - collisions multiples,,,,,,,,,,,1,1,1,1,5.0
201600003367,0016-10-15 09:15:00,16,10,15,9,15,170,219,16 avenue du Maréchal Le,45.82057,-1.09947,Plein jour,En agglomération,Hors intersection,Normale,Deux véhicules - côté,,,,,,,,,,,1,2,1,1,3.0
201600003368,0016-11-02 20:30:00,16,11,2,20,30,170,219,RD 728,45.82663,-1.09267,Nuit sans éclairage public,En agglomération,Intersection en T,Normale,Deux véhicules - côté,,,,,,,,,,,3,2,3,1,3.0
201600003369,0016-10-30 19:00:00,16,10,30,19,0,170,351,,45.82126,-1.08435,Nuit sans éclairage public,Hors agglomération,Hors intersection,Normale,Deux véhicules - frontale,,,,,,,,,,,3,1,1,1,1.0
201600003370,0016-09-25 21:15:00,16,9,25,21,15,170,140,,45.9026,-1.25233,Nuit avec éclairage allumé,Hors agglomération,Giratoire,Normale,Deux véhicules - frontale,,,,,,,,,,,5,1,6,1,1.0
201600003371,0016-03-17 23:45:00,16,3,17,23,45,170,308,,45.84639,-0.95281,Nuit sans éclairage public,Hors agglomération,Hors intersection,Pluie légère,Autre collision,,,,,,,,,,,3,1,1,2,6.0
201600003372,0016-04-11 22:00:00,16,4,11,22,0,170,484,Route des Claires,45.93076,-1.07258,Nuit sans éclairage public,Hors agglomération,Hors intersection,Normale,Autre collision,,,,,,,,,,,3,1,1,1,6.0
201600003373,0016-06-10 15:30:00,16,6,10,15,30,170,308,d733e2,45.87139,-0.96009,Plein jour,En agglomération,Intersection en X,Pluie légère,Deux véhicules - côté,,,,,,,,,,,1,2,2,2,3.0
201600003374,0016-07-15 17:45:00,16,7,15,17,45,170,308,,45.93183,-1.03306,Plein jour,Hors agglomération,Intersection en X,Normale,Deux véhicules - côté,,,,,,,,,,,1,1,2,1,3.0
201600003375,0016-09-17 19:00:00,16,9,17,19,0,170,83,,45.86025,-0.91358,Plein jour,Hors agglomération,Intersection en X,Normale,Deux véhicules - frontale,,,,,,,,,,,1,1,2,1,1.0
201600003376,0016-10-30 19:00:00,16,10,30,19,0,170,429,,45.91596,-0.99459,Crépuscule ou aube,Hors agglomération,Hors intersection,Normale,Trois véhicules et plus - collisions multiples,,,,,,,,,,,2,1,1,1,5.0
201600003377,0016-02-07 10:45:00,16,2,7,10,45,170,385,,45.92268,-1.29935,Plein jour,Hors agglomération,Hors intersection,Normale,Deux véhicules - frontale,,,,,,,,,,,1,1,1,1,1.0
201600003378,0016-04-22 15:15:00,16,4,22,15,15,170,385,,45.92744,-1.28432,Plein jour,Hors agglomération,Intersection en X,Normale,Deux véhicules - frontale,,,,,,,,,,,1,1,2,1,1.0
201600003379,0016-06-22 09:15:00,16,6,22,9,15,170,385,Route de Mouleron,45.92269,-1.29934,Plein jour,Hors agglomération,Intersection en X,Normale,Deux véhicules - côté,,,,,,,,,,,1,1,2,1,3.0
201600003380,0016-06-28 20:00:00,16,6,28,20,0,170,385,100 rue de la république,45.94483,-1.30518,Plein jour,En agglomération,Hors intersection,Normale,Sans collision,,,,,,,,,,,1,2,1,1,7.0
201600003381,0016-08-07 17:30:00,16,8,7,17,30,170,486,,45.99815,-1.36465,Plein jour,Hors agglomération,Hors intersection,Normale,Deux véhicules - frontale,,,,,,,,,,,1,1,1,1,1.0
201600003382,0016-08-11 07:00:00,16,8,11,7,0,170,337,,45.97436,-1.30174,Crépuscule ou aube,Hors agglomération,Hors intersection,Normale,Sans collision,,,,,,,,,,,2,1,1,1,7.0
201600003383,0016-09-01 06:15:00,16,9,1,6,15,170,385,,45.96228,-1.32151,Nuit sans éclairage public,Hors agglomération,Intersection en X,Brouillard / fumée,Deux véhicules - frontale,,,,,,,,,,,3,1,2,5,1.0
201600003384,0016-09-06 14:00:00,16,9,6,14,0,170,93,,45.86566,-1.20066,Plein jour,Hors agglomération,Intersection en T,Normale,Deux véhicules - côté,,,,,,,,,,,1,1,3,1,3.0
201600003385,0016-10-29 10:30:00,16,10,29,10,30,170,385,,45.95768,-1.33891,Plein jour,Hors agglomération,Hors intersection,Normale,Deux véhicules - frontale,,,,,,,,,,,1,1,1,1,1.0
201600003386,0016-01-13 19:00:00,16,1,13,19,0,170,452,92 AV GENERAL DE GAULLE,45.78274,-1.15614,Nuit sans éclairage public,En agglomération,Hors intersection,Normale,Autre collision,,,,,,,,,,,3,2,1,1,6.0
201600003387,0016-04-14 23:00:00,16,4,14,23,0,170,409,route departemental 733,45.66133,-1.01768,Nuit avec éclairage allumé,En agglomération,Giratoire,Pluie légère,Sans collision,,,,,,,,,,,5,2,6,2,7.0
201600003388,0016-05-01 03:00:00,16,5,1,3,0,170,79,RD 14,45.71436,-1.06763,Nuit sans éclairage public,Hors agglomération,Intersection en T,Normale,Deux véhicules - côté,,,,,,,,,,,3,1,3,1,3.0
201600003389,0016-05-01 13:30:00,16,5,1,13,30,170,225,avenue de la palmyre,45.71515,-1.15543,Plein jour,En agglomération,Hors intersection,Normale,Deux véhicules - côté,,,,,,,,,,,1,2,1,1,3.0
201600003390,0016-05-14 18:30:00,16,5,14,18,30,170,311,,45.69968,-1.11242,Plein jour,Hors agglomération,Hors intersection,Normale,Sans collision,,,,,,,,,,,1,1,1,1,7.0
201600003391,0016-05-28 17:15:00,16,5,28,17,15,170,452,,45.72278,-1.22738,Plein jour,Hors agglomération,Hors intersection,Pluie légère,Autre collision,,,,,,,,,,,1,1,1,2,6.0
201600003392,0016-05-29 15:45:00,16,5,29,15,45,170,155,,45.71774,-1.10546,Plein jour,Hors agglomération,Hors intersection,Normale,Autre collision,,,,,,,,,,,1,1,1,1,6.0
201600003393,0016-07-19 12:00:00,16,7,19,12,0,170,21,rue des justices,45.75421,-1.14051,Plein jour,En agglomération,Intersection en X,Normale,Deux véhicules - arrière,,,,,,,,,,,1,2,2,1,2.0
201600003394,0016-08-03 21:00:00,16,8,3,21,0,170,21,AVENUE DE LA PRESQU'ILE,45.73731,-1.10827,Crépuscule ou aube,En agglomération,Intersection à plus de 4 branches,Normale,Deux véhicules - côté,,,,,,,,,,,2,2,5,1,3.0
201600003395,0016-10-29 16:30:00,16,10,29,16,30,170,452,,45.79085,-1.18282,Plein jour,Hors agglomération,Hors intersection,Normale,Deux véhicules - frontale,,,,,,,,,,,1,1,1,1,1.0
201600003396,0016-11-30 15:45:00,16,11,30,15,45,170,64,rue du centre,45.69064,-1.05489,Plein jour,En agglomération,Hors intersection,Normale,Deux véhicules - côté,,,,,,,,,,,1,2,1,1,3.0
201600003397,0016-12-09 05:15:00,16,12,9,5,15,170,64,,45.70996,-1.06439,Nuit sans éclairage public,Hors agglomération,Hors intersection,Normale,Autre collision,,,,,,,,,,,3,1,1,1,6.0
201600003398,0016-04-07 22:15:00,16,4,7,22,15,170,320,,45.95917,-0.79898,Nuit sans éclairage public,Hors agglomération,Hors intersection,Normale,Sans collision,,,,,,,,,,,3,1,1,1,7.0
201600003399,0016-04-17 17:15:00,16,4,17,17,15,170,353,,45.99996,-1.0262,Plein jour,Hors agglomération,Hors intersection,Normale,Autre collision,,,,,,,,,,,1,1,1,1,6.0
201600003400,0016-12-03 18:30:00,16,12,3,18,30,170,320,,45.96069,-0.78066,Nuit sans éclairage public,Hors agglomération,Intersection en X,Normale,Deux véhicules - arrière,,,,,,,,,,,3,1,2,1,2.0
201600003401,0016-12-17 18:15:00,16,12,17,18,15,170,216,40 GRAND RUE,45.96114,-0.82304,Nuit avec éclairage allumé,En agglomération,Hors intersection,Normale,Autre collision,,,,,,,,,,,5,2,1,1,6.0
201600003402,0016-12-29 17:15:00,16,12,29,17,15,170,75,,45.9317,-0.85475,Plein jour,Hors agglomération,Hors intersection,Normale,Sans collision,,,,,,,,,,,1,1,1,1,7.0
201600003403,0016-02-01 11:25:00,16,2,1,11,25,170,434,RD 939   BIS,46.11318,-0.76173,Plein jour,En agglomération,Hors intersection,Pluie légère,Deux véhicules - côté,,,,,,,,,,,1,2,1,2,3.0
201600003404,0016-03-18 14:15:00,16,3,18,14,15,170,338,,46.15198,-0.71269,Plein jour,Hors agglomération,Hors intersection,Normale,Trois véhicules et plus - collisions multiples,,,,,,,,,,,1,1,1,1,5.0
201600003405,0016-05-16 21:15:00,16,5,16,21,15,170,203,,46.07176,-0.90176,Nuit sans éclairage public,Hors agglomération,Hors intersection,Normale,Sans collision,,,,,,,,,,,3,1,1,1,7.0
201600003406,0016-08-10 01:30:00,16,8,10,1,30,170,340,Les Ances,46.06552,-0.79416,Nuit avec éclairage non allumé,En agglomération,Hors intersection,Normale,Deux véhicules - côté,,,,,,,,,,,4,2,1,1,3.0
201600003407,0016-08-26 10:45:00,16,8,26,10,45,170,57,,46.14361,-0.85646,Plein jour,Hors agglomération,Intersection en X,Normale,Deux véhicules - côté,,,,,,,,,,,1,1,2,1,3.0
201600003408,0016-09-06 22:15:00,16,9,6,22,15,170,359,,46.09785,-0.72832,Nuit sans éclairage public,Hors agglomération,Hors intersection,Normale,Autre collision,,,,,,,,,,,3,1,1,1,6.0
201600003409,0016-09-09 18:15:00,16,9,9,18,15,170,394,,46.12156,-0.6587,Plein jour,Hors agglomération,Autre intersection,Normale,Deux véhicules - arrière,,,,,,,,,,,1,1,9,1,2.0
201600003410,0016-10-10 15:30:00,16,10,10,15,30,170,434,12 rue jean philippe RAM,46.11025,-0.74029,Plein jour,En agglomération,Giratoire,Pluie légère,Autre collision,,,,,,,,,,,1,2,6,2,6.0
201600003411,0016-10-22 02:15:00,16,10,22,2,15,170,434,Rue faubourg st gilles,46.10224,-0.73846,Nuit avec éclairage allumé,En agglomération,Hors intersection,Normale,Autre collision,,,,,,,,,,,5,2,1,1,6.0
201600003412,0016-01-01 20:00:00,16,1,1,20,0,170,275,,45.71987,-0.73878,Nuit sans éclairage public,Hors agglomération,Hors intersection,Temps couvert,Deux véhicules - frontale,,,,,,,,,,,3,1,1,8,1.0
201600003413,0016-01-28 08:30:00,16,1,28,8,30,170,336,,45.77415,-0.72429,Plein jour,Hors agglomération,Hors intersection,Normale,Deux véhicules - côté,,,,,,,,,,,1,1,1,1,3.0
201600003414,0016-02-15 08:45:00,16,2,15,8,45,170,128,,45.70114,-0.54921,Plein jour,Hors agglomération,Hors intersection,Temps éblouissant,Autre collision,,,,,,,,,,,1,1,1,7,6.0
201600003415,0016-03-14 12:15:00,16,3,14,12,15,170,164,,45.77366,-0.56855,Plein jour,Hors agglomération,Hors intersection,Normale,Deux véhicules - frontale,,,,,,,,,,,1,1,1,1,1.0
201600003416,0016-03-18 14:15:00,16,3,18,14,15,170,86,,45.71603,-0.55285,Plein jour,Hors agglomération,Hors intersection,Normale,Deux véhicules - arrière,,,,,,,,,,,1,1,1,1,2.0
201600003417,0016-03-27 07:00:00,16,3,27,7,0,170,415,,45.7321,-0.60727,Crépuscule ou aube,Hors agglomération,Hors intersection,Pluie légère,Autre collision,,,,,,,,,,,2,1,1,2,6.0
201600003418,0016-04-25 17:45:00,16,4,25,17,45,170,336,,45.76744,-0.71253,Plein jour,Hors agglomération,Intersection en X,Normale,Deux véhicules - côté,,,,,,,,,,,1,1,2,1,3.0
201600003419,0016-06-23 01:00:00,16,6,23,1,0,170,191,,45.6406,-0.57976,Nuit sans éclairage public,Hors agglomération,Intersection en X,Normale,Deux véhicules - côté,,,,,,,,,,,3,1,2,1,3.0
201600003420,0016-06-26 15:00:00,16,6,26,15,0,170,336,,45.78162,-0.70809,Plein jour,Hors agglomération,Hors intersection,Normale,Deux véhicules - frontale,,,,,,,,,,,1,1,1,1,1.0
201600003421,0016-08-25 16:00:00,16,8,25,16,0,170,336,,45.76706,-0.66744,Plein jour,Hors agglomération,Hors intersection,Normale,Deux véhicules - frontale,,,,,,,,,,,1,1,1,1,1.0
201600003422,0016-12-07 17:15:00,16,12,7,17,15,170,86,,45.74552,-0.57333,Crépuscule ou aube,Hors agglomération,Intersection en X,Normale,Deux véhicules - frontale,,,,,,,,,,,2,1,2,1,1.0
201600003423,0016-12-29 18:30:00,16,12,29,18,30,170,395,,45.71856,-0.49485,Nuit sans éclairage public,Hors agglomération,Intersection en X,Brouillard / fumée,Trois véhicules et plus - collisions multiples,,,,,,,,,,,3,1,2,5,5.0
201600003424,0016-02-03 16:15:00,16,2,3,16,15,170,404,,45.61354,-0.66349,Plein jour,Hors agglomération,Hors intersection,Normale,Autre collision,,,,,,,,,,,1,1,1,1,6.0
201600003425,0016-02-03 20:45:00,16,2,3,20,45,170,15,Allée des Tournesols,45.55477,-0.86037,Nuit avec éclairage allumé,En agglomération,Hors intersection,Normale,Autre collision,,,,,,,,,,,5,2,1,1,6.0
201600003426,0016-02-18 18:45:00,16,2,18,18,45,170,131,,45.57926,-0.79344,Crépuscule ou aube,Hors agglomération,Intersection en X,Normale,Deux véhicules - côté,,,,,,,,,,,2,1,2,1,3.0
201600003427,0016-03-02 11:30:00,16,3,2,11,30,170,183,,45.61398,-0.83279,Plein jour,Hors agglomération,Hors intersection,Pluie légère,Deux véhicules - frontale,,,,,,,,,,,1,1,1,2,1.0
201600003428,0016-07-24 19:30:00,16,7,24,19,30,170,230,boulevard de la forêt,45.56288,-0.96735,Plein jour,En agglomération,Hors intersection,Normale,Autre collision,,,,,,,,,,,1,2,1,1,6.0
201600003429,0016-08-13 14:00:00,16,8,13,14,0,170,425,,45.59794,-0.95653,Plein jour,Hors agglomération,Hors intersection,Normale,Sans collision,,,,,,,,,,,1,1,1,1,7.0
201600003430,0016-09-24 20:30:00,16,9,24,20,30,170,230,boulevard des marais,45.56508,-0.95677,Nuit avec éclairage allumé,En agglomération,Intersection en X,Normale,Deux véhicules - côté,,,,,,,,,,,5,2,2,1,3.0
201600003431,0016-10-07 18:00:00,16,10,7,18,0,170,469,,45.59635,-0.62282,Plein jour,Hors agglomération,Intersection en X,Normale,Deux véhicules - côté,,,,,,,,,,,1,1,2,1,3.0
201600003432,0016-11-02 18:00:00,16,11,2,18,0,170,196,,45.57084,-0.64773,Nuit sans éclairage public,Hors agglomération,Intersection en T,Normale,Deux véhicules - côté,,,,,,,,,,,3,1,3,1,3.0
201600003433,0016-11-26 18:00:00,16,11,26,18,0,170,133,6 rue du Jardin Public,45.59644,-0.71233,Nuit avec éclairage allumé,En agglomération,Hors intersection,Normale,Autre collision,,,,,,,,,,,5,2,1,1,6.0
201600003434,0016-05-21 16:00:00,16,5,21,16,0,170,418,rue la petite campagne,45.67206,-0.43075,Plein jour,En agglomération,Hors intersection,Normale,Deux véhicules - frontale,,,,,,,,,,,1,2,1,1,1.0
201600003435,0016-06-20 19:00:00,16,6,20,19,0,170,242,,45.64938,-0.52544,Plein jour,Hors agglomération,Hors intersection,Normale,Sans collision,,,,,,,,,,,1,1,1,1,7.0
201600003436,0016-07-09 10:15:00,16,7,9,10,15,170,283,LES ROCHES D249,45.5627,-0.54163,Plein jour,En agglomération,Intersection en T,Normale,Deux véhicules - côté,,,,,,,,,,,1,2,3,1,3.0
201600003437,0016-07-12 08:30:00,16,7,12,8,30,170,242,,45.64865,-0.50304,Plein jour,Hors agglomération,Place,Normale,Autre collision,,,,,,,,,,,1,1,7,1,6.0
201600003438,0016-10-01 14:00:00,16,10,1,14,0,170,354,,45.61681,-0.56513,Plein jour,Hors agglomération,Intersection en T,Normale,Deux véhicules - côté,,,,,,,,,,,1,1,3,1,3.0
201600003439,0016-11-03 11:00:00,16,11,3,11,0,170,283,,45.56919,-0.5444,Plein jour,Hors agglomération,Passage à niveau,Normale,Deux véhicules - côté,,,,,,,,,,,1,1,8,1,3.0
201600003440,0016-01-06 10:45:00,16,1,6,10,45,170,330,,45.786,-0.883,Plein jour,Hors agglomération,Hors intersection,Pluie légère,Deux véhicules - côté,,,,,,,,,,,1,1,1,2,3.0
201600003441,0016-04-14 10:15:00,16,4,14,10,15,170,120,,45.73219,-0.81697,Plein jour,Hors agglomération,Intersection en Y,Normale,Deux véhicules - côté,,,,,,,,,,,1,1,4,1,3.0
201600003442,0016-06-10 12:00:00,16,6,10,12,0,170,330,,45.78135,-0.88395,Plein jour,Hors agglomération,Hors intersection,Normale,Deux véhicules - frontale,,,,,,,,,,,1,1,1,1,1.0
201600003443,0016-06-29 22:45:00,16,6,29,22,45,170,455,rue du pont,45.88276,-0.81508,Nuit avec éclairage allumé,En agglomération,Intersection en T,Normale,Autre collision,,,,,,,,,,,5,2,3,1,6.0
201600003444,0016-07-23 16:30:00,16,7,23,16,30,170,171,,45.854,-0.78051,Plein jour,Hors agglomération,Hors intersection,Normale,Deux véhicules - côté,,,,,,,,,,,1,1,1,1,3.0
201600003445,0016-10-16 04:45:00,16,10,16,4,45,170,262,,45.74157,-0.73356,Nuit sans éclairage public,Hors agglomération,Hors intersection,Normale,Autre collision,,,,,,,,,,,3,1,1,1,6.0
201600003446,0016-05-20 15:00:00,16,5,20,15,0,170,421,Route de l'Eguille,45.67736,-0.94927,Plein jour,En agglomération,Intersection en T,Normale,Deux véhicules - côté,,,,,,,,,,,1,2,3,1,3.0
201600003447,0016-06-14 17:30:00,16,6,14,17,30,170,228,,45.64866,-0.95626,Plein jour,Hors agglomération,Hors intersection,Normale,Deux véhicules - frontale,,,,,,,,,,,1,1,1,1,1.0
201600003448,0016-07-10 10:45:00,16,7,10,10,45,170,232,,45.662,-0.84201,Plein jour,Hors agglomération,Intersection en X,Normale,Deux véhicules - côté,,,,,,,,,,,1,1,2,1,3.0
201600003449,0016-09-06 03:30:00,16,9,6,3,30,170,393,,45.66601,-0.8883,Nuit sans éclairage public,Hors agglomération,Autre intersection,Normale,Sans collision,,,,,,,,,,,3,1,9,1,7.0
201600003450,0016-09-19 16:15:00,16,9,19,16,15,170,421,rue pierre de campet,45.67442,-0.92629,Plein jour,En agglomération,Hors intersection,Normale,Autre collision,,,,,,,,,,,1,2,1,1,6.0
201600003451,0016-10-26 08:15:00,16,10,26,8,15,170,307,,45.70208,-0.92384,Crépuscule ou aube,Hors agglomération,Hors intersection,Normale,Deux véhicules - frontale,,,,,,,,,,,2,1,1,1,1.0
201600003452,0016-12-01 16:15:00,16,12,1,16,15,170,228,route de Royan,45.6408,-0.96867,Plein jour,En agglomération,Hors intersection,Normale,Autre collision,,,,,,,,,,,1,2,1,1,6.0
201600003453,0016-02-08 07:15:00,16,2,8,7,15,170,347,rue élysée loustalot,45.9471,-0.52466,Crépuscule ou aube,En agglomération,Hors intersection,Normale,Autre collision,,,,,,,,,,,2,2,1,1,6.0
201600003454,0016-03-05 01:30:00,16,3,5,1,30,170,226,,45.9359,-0.53532,Nuit avec éclairage allumé,Hors agglomération,Hors intersection,Pluie légère,Autre collision,,,,,,,,,,,5,1,1,2,6.0
201600003455,0016-03-20 13:00:00,16,3,20,13,0,170,465,,45.95794,-0.54214,Plein jour,Hors agglomération,Hors intersection,Normale,Deux véhicules - côté,,,,,,,,,,,1,1,1,1,3.0
201600003456,0016-04-07 08:00:00,16,4,7,8,0,170,12,,46.00528,-0.71249,Plein jour,Hors agglomération,Intersection en X,Normale,Deux véhicules - côté,,,,,,,,,,,1,1,2,1,3.0
201600003457,0016-05-14 17:15:00,16,5,14,17,15,170,277,,46.00721,-0.51027,Plein jour,Hors agglomération,Hors intersection,Normale,Sans collision,,,,,,,,,,,1,1,1,1,7.0
201600003458,0016-05-25 20:15:00,16,5,25,20,15,170,53,,45.88759,-0.77733,Plein jour,Hors agglomération,Hors intersection,Temps éblouissant,Deux véhicules - frontale,,,,,,,,,,,1,1,1,7,1.0
201600003459,0016-09-11 08:45:00,16,9,11,8,45,170,347,,45.94226,-0.48969,Plein jour,Hors agglomération,Hors intersection,Normale,Deux véhicules - frontale,,,,,,,,,,,1,1,1,1,1.0
201600003460,0016-09-15 18:30:00,16,9,15,18,30,170,150,,45.97621,-0.43336,Plein jour,Hors agglomération,Hors intersection,Normale,Deux véhicules - côté,,,,,,,,,,,1,1,1,1,3.0
201600003461,0016-11-05 16:00:00,16,11,5,16,0,170,347,,45.93639,-0.52379,Plein jour,Hors agglomération,Hors intersection,Normale,Deux véhicules - frontale,,,,,,,,,,,1,1,1,1,1.0
201600003462,0016-11-12 15:15:00,16,11,12,15,15,170,459,,45.93067,-0.47139,Plein jour,Hors agglomération,Hors intersection,Pluie légère,Sans collision,,,,,,,,,,,1,1,1,2,7.0
201600003463,0016-12-04 09:30:00,16,12,4,9,30,170,181,,45.86903,-0.60356,Plein jour,Hors agglomération,Intersection en X,Normale,Deux véhicules - côté,,,,,,,,,,,1,1,2,1,3.0
201600003464,0016-12-11 20:00:00,16,12,11,20,0,170,436,,45.84672,-0.65596,Nuit sans éclairage public,Hors agglomération,Hors intersection,Pluie légère,Autre collision,,,,,,,,,,,3,1,1,2,6.0
201600003465,0016-03-03 09:00:00,16,3,3,9,0,170,211,,46.05441,-0.50969,Plein jour,Hors agglomération,Hors intersection,Normale,Deux véhicules - frontale,,,,,,,,,,,1,1,1,1,1.0
201600003466,0016-03-13 14:30:00,16,3,13,14,30,170,383,Rue de l'Abbaye,45.93958,-0.39099,Plein jour,En agglomération,Hors intersection,Normale,Sans collision,,,,,,,,,,,1,2,1,1,7.0