accident_id,datetime,annee,mois,jour,heure,minute,departement,commune_insee,adresse,latitude,longitude,luminosite,agglomeration,intersection,meteo,collision,nb_vehicules,nb_usagers,nb_indemnes,nb_tues,nb_blesses_hosp,nb_blesses_legers,age_cond_1,age_cond_2,veh_type_cond_1,veh_type_cond_2,lum_code,agg_code,int_code,atm_code,col_code
201600003467,0016-12-06 15:00:00,16,12,6,15,0,170,367,,45.92398,-0.34008,Plein jour,Hors agglomération,Intersection en X,Normale,Deux véhicules - côté,,,,,,,,,,,1,1,2,1,3.0
201600003468,0016-01-09 14:45:00,16,1,9,14,45,170,224,,45.84597,-0.30963,Plein jour,Hors agglomération,Hors intersection,Normale,Autre collision,,,,,,,,,,,1,1,1,1,6.0
201600003469,0016-02-18 15:00:00,16,2,18,15,0,170,147,,45.83388,-0.49315,Plein jour,Hors agglomération,Intersection en X,Pluie légère,Trois véhicules et plus - collisions multiples,,,,,,,,,,,1,1,2,2,5.0
201600003470,0016-07-03 16:30:00,16,7,3,16,30,170,188,,45.87282,-0.25987,Plein jour,Hors agglomération,Intersection en X,Normale,Deux véhicules - côté,,,,,,,,,,,1,1,2,1,3.0
201600003471,0016-11-06 10:30:00,16,11,6,10,30,170,451,D131E2,45.90243,-0.26685,Plein jour,En agglomération,Hors intersection,Normale,Deux véhicules - arrière,,,,,,,,,,,1,2,1,1,2.0
201600003472,0016-12-10 11:45:00,16,12,10,11,45,170,70,87 avenue de Cognac,45.82024,-0.47843,Plein jour,En agglomération,Hors intersection,Normale,Autre collision,,,,,,,,,,,1,2,1,1,6.0
201600003473,0016-12-10 11:30:00,16,12,10,11,30,170,188,9 rue de la ferronerie,45.86719,-0.25878,Plein jour,En agglomération,Hors intersection,Normale,Autre collision,,,,,,,,,,,1,2,1,1,6.0
201600003474,0016-12-14 16:15:00,16,12,14,16,15,170,427,,45.8689,-0.19487,Plein jour,Hors agglomération,Hors intersection,Normale,Deux véhicules - frontale,,,,,,,,,,,1,1,1,1,1.0
201600003475,0016-12-08 20:00:00,16,12,8,20,0,170,22,,45.90698,-0.52393,Nuit sans éclairage public,Hors agglomération,Hors intersection,Normale,Deux véhicules - arrière,,,,,,,,,,,3,1,1,1,2.0
201600003476,0016-10-29 11:58:00,16,10,29,11,58,790,66,,46.4739,-0.3627,Plein jour,Hors agglomération,Intersection en Y,Normale,Deux véhicules - côté,,,,,,,,,,,1,1,4,1,3.0
201600003477,0016-07-12 19:00:00,16,7,12,19,0,790,48,154 AVENUE DE PARIS,46.36729,-0.29253,Plein jour,En agglomération,Hors intersection,Normale,Deux véhicules - frontale,,,,,,,,,,,1,2,1,1,1.0
201600003478,0016-07-12 19:15:00,16,7,12,19,15,790,316,ROUTE DE L'ATLANTIQUE,46.42207,-0.10687,Plein jour,Hors agglomération,Intersection en Y,Normale,Deux véhicules - côté,,,,,,,,,,,1,1,4,1,3.0
201600003479,0016-08-09 12:00:00,16,8,9,12,0,790,270,rond point de la medaill,46.41499,-0.20106,Plein jour,En agglomération,Giratoire,Normale,Autre collision,,,,,,,,,,,1,2,6,1,6.0
201600003480,0016-08-21 03:45:00,16,8,21,3,45,790,302,"LD ""SAUGE""",46.43912,-0.20172,Nuit sans éclairage public,Hors agglomération,Hors intersection,Normale,Autre collision,,,,,,,,,,,3,1,1,1,6.0
201600003481,0016-09-05 13:00:00,16,9,5,13,0,790,48,,46.34839,-0.35083,Plein jour,Hors agglomération,Hors intersection,Normale,Trois véhicules et plus - collisions multiples,,,,,,,,,,,1,1,1,1,5.0
201600003482,0016-09-28 22:30:00,16,9,28,22,30,790,48,"LD ""KADORE""",46.39069,-0.25939,Nuit avec éclairage allumé,Hors agglomération,Hors intersection,Normale,Autre collision,,,,,,,,,,,5,1,1,1,6.0
201600003483,0016-12-18 18:05:00,16,12,18,18,5,790,48,ROUTE DE TRESSAUVE,46.35832,-0.29706,Nuit avec éclairage non allumé,En agglomération,Hors intersection,Brouillard / fumée,Autre collision,,,,,,,,,,,4,2,1,5,6.0
201600003484,0016-01-30 18:45:00,16,1,30,18,45,790,49,,46.79719,-0.51517,Nuit sans éclairage public,Hors agglomération,Hors intersection,Pluie légère,Deux véhicules - arrière,,,,,,,,,,,3,1,1,2,2.0
201600003485,0016-03-04 03:30:00,16,3,4,3,30,790,49,,46.85854,-0.50753,Nuit sans éclairage public,Hors agglomération,Hors intersection,Pluie forte,Autre collision,,,,,,,,,,,3,1,1,3,6.0
201600003486,0016-04-22 05:45:00,16,4,22,5,45,790,38,ROUTE DE CLESSE,46.76559,-0.43099,Crépuscule ou aube,Hors agglomération,Hors intersection,Pluie légère,Sans collision,,,,,,,,,,,2,1,1,2,7.0
201600003487,0016-05-01 15:15:00,16,5,1,15,15,790,49,8 IMPASSE DE LA VERSENNE,46.83058,-0.48918,Plein jour,En agglomération,Hors intersection,Normale,Autre collision,,,,,,,,,,,1,2,1,1,6.0
201600003488,0016-08-18 15:00:00,16,8,18,15,0,790,88,,46.81812,-0.40402,Plein jour,Hors agglomération,Intersection en T,Normale,Deux véhicules - arrière,,,,,,,,,,,1,1,3,1,2.0
201600003489,0016-09-23 15:15:00,16,9,23,15,15,790,88,"LD ""LA TOUPETIERE""",46.82263,-0.28325,Plein jour,Hors agglomération,Hors intersection,Normale,Autre collision,,,,,,,,,,,1,1,1,1,6.0
201600003490,0016-12-18 19:15:00,16,12,18,19,15,790,49,,46.83992,-0.46413,Nuit sans éclairage public,Hors agglomération,Hors intersection,Brouillard / fumée,Trois véhicules et plus - en chaîne,,,,,,,,,,,3,1,1,5,4.0
201600003491,0016-06-19 03:45:00,16,6,19,3,45,790,50,,46.86638,-0.61052,Nuit sans éclairage public,Hors agglomération,Hors intersection,Normale,Sans collision,,,,,,,,,,,3,1,1,1,7.0
201600003492,0016-07-03 17:30:00,16,7,3,17,30,790,53,,46.9921,-0.44697,Plein jour,Hors agglomération,Hors intersection,Normale,Autre collision,,,,,,,,,,,1,1,1,1,6.0
201600003493,0016-07-23 17:15:00,16,7,23,17,15,790,267,,46.50716,-0.23191,Plein jour,Hors agglomération,Hors intersection,Normale,Deux véhicules - côté,,,,,,,,,,,1,1,1,1,3.0
201600003494,0016-02-22 07:15:00,16,2,22,7,15,870,177,,45.8085,1.09399,Crépuscule ou aube,Hors agglomération,Hors intersection,Brouillard / fumée,Autre collision,,,,,,,,,,,2,1,1,5,6.0
201600003495,0016-03-18 13:45:00,16,3,18,13,45,870,202,,45.8823,1.09699,Plein jour,Hors agglomération,Hors intersection,Normale,Deux véhicules - côté,,,,,,,,,,,1,1,1,1,3.0
201600003496,0016-03-18 18:15:00,16,3,18,18,15,870,38,,45.9021,1.25234,Plein jour,Hors agglomération,Intersection en T,Normale,Deux véhicules - frontale,,,,,,,,,,,1,1,3,1,1.0
201600003497,0016-04-03 06:30:00,16,4,3,6,30,870,107,,45.9364,1.18658,Crépuscule ou aube,Hors agglomération,Intersection en X,Normale,Deux véhicules - côté,,,,,,,,,,,2,1,2,1,3.0
201600003498,0016-05-05 16:30:00,16,5,5,16,30,870,202,,45.8921,1.05699,Plein jour,Hors agglomération,Hors intersection,Normale,Deux véhicules - frontale,,,,,,,,,,,1,1,1,1,1.0
201600003499,0016-05-05 14:15:00,16,5,5,14,15,870,107,,45.9272,1.19674,Plein jour,Hors agglomération,Hors intersection,Normale,Trois véhicules et plus - collisions multiples,,,,,,,,,,,1,1,1,1,5.0
201600003500,0016-06-03 17:15:00,16,6,3,17,15,870,107,,45.917,1.196,Plein jour,Hors agglomération,Hors intersection,Normale,Autre collision,,,,,,,,,,,1,1,1,1,6.0
201600003501,0016-07-14 17:15:00,16,7,14,17,15,870,1,,45.7469,1.11126,Plein jour,Hors agglomération,Intersection en X,Normale,Deux véhicules - côté,,,,,,,,,,,1,1,2,1,3.0
201600003502,0016-07-25 13:30:00,16,7,25,13,30,870,202,,45.9028,1.09987,Plein jour,Hors agglomération,Intersection en X,Normale,Deux véhicules - côté,,,,,,,,,,,1,1,2,1,3.0
201600003503,0016-08-04 10:45:00,16,8,4,10,45,870,1,,45.7856,1.11125,Plein jour,Hors agglomération,Hors intersection,Normale,Trois véhicules et plus - collisions multiples,,,,,,,,,,,1,1,1,1,5.0
201600003504,0016-09-22 15:30:00,16,9,22,15,30,870,85,,45.8381,1.18831,Plein jour,Hors agglomération,Hors intersection,Normale,Autre collision,,,,,,,,,,,1,1,1,1,6.0
201600003505,0016-10-04 07:45:00,16,10,4,7,45,870,152,,45.9598,1.17041,Crépuscule ou aube,Hors agglomération,Intersection en T,Normale,Deux véhicules - côté,,,,,,,,,,,2,1,3,1,3.0
201600003506,0016-12-04 20:00:00,16,12,4,20,0,870,152,16 RUE DU STADE,45.9582,1.20577,Nuit avec éclairage allumé,En agglomération,Hors intersection,Normale,Sans collision,,,,,,,,,,,5,2,1,1,7.0
201600003507,0016-01-14 07:15:00,16,1,14,7,15,870,157,,45.9887,1.47454,Nuit sans éclairage public,Hors agglomération,Hors intersection,Pluie légère,Deux véhicules - côté,,,,,,,,,,,3,1,1,2,3.0
201600003508,0016-02-10 10:15:00,16,2,10,10,15,870,20,,45.9562,1.31886,Plein jour,Hors agglomération,Hors intersection,Normale,Deux véhicules - frontale,,,,,,,,,,,1,1,1,1,1.0
201600003509,0016-06-02 07:00:00,16,6,2,7,0,870,125,,45.9038,1.32413,Plein jour,Hors agglomération,Hors intersection,Pluie légère,Deux véhicules - frontale,,,,,,,,,,,1,1,1,2,1.0
201600003510,0016-07-09 04:45:00,16,7,9,4,45,870,2,,45.9644,1.41304,Nuit avec éclairage non allumé,Hors agglomération,Hors intersection,Normale,Deux véhicules - frontale,,,,,,,,,,,4,1,1,1,1.0
201600003511,0016-05-04 21:15:00,16,5,4,21,15,870,40,CHATEANUEUF LA FORET,45.7126,1.60353,Plein jour,En agglomération,Hors intersection,Normale,Autre collision,,,,,,,,,,,1,2,1,1,6.0
201600003512,0016-05-10 19:45:00,16,5,10,19,45,870,105,,45.7525,1.59571,Plein jour,Hors agglomération,Hors intersection,Normale,Autre collision,,,,,,,,,,,1,1,1,1,6.0
201600003513,0016-08-08 23:45:00,16,8,8,23,45,870,104,,45.7164,1.80743,Nuit sans éclairage public,Hors agglomération,Hors intersection,Normale,Autre collision,,,,,,,,,,,3,1,1,1,6.0
201600003514,0016-08-30 04:15:00,16,8,30,4,15,870,40,VAUX,45.6956,1.58371,Nuit sans éclairage public,Hors agglomération,Hors intersection,Normale,Sans collision,,,,,,,,,,,3,1,1,1,7.0
201600003515,0016-09-09 06:30:00,16,9,9,6,30,870,117,,45.809,1.81365,Nuit sans éclairage public,Hors agglomération,Hors intersection,Normale,Autre collision,,,,,,,,,,,3,1,1,1,6.0
201600003516,0016-10-12 11:15:00,16,10,12,11,15,870,107,,45.9272,1.19673,Plein jour,Hors agglomération,Intersection en T,Normale,Trois véhicules et plus - collisions multiples,,,,,,,,,,,1,1,3,1,5.0
201600003517,0016-02-01 07:45:00,16,2,1,7,45,870,161,AVENUE DU CHAMP DE MARS,45.8373,1.49146,Crépuscule ou aube,En agglomération,Hors intersection,Pluie légère,Autre collision,,,,,,,,,,,2,2,1,2,6.0
201600003518,0016-03-06 01:45:00,16,3,6,1,45,870,129,,45.8487,1.4287,Nuit avec éclairage allumé,En agglomération,Hors intersection,Pluie légère,Autre collision,,,,,,,,,,,5,2,1,2,6.0
201600003519,0016-06-03 11:45:00,16,6,3,11,45,870,167,,45.9169,1.45101,Plein jour,Hors agglomération,Hors intersection,Temps couvert,Deux véhicules - frontale,,,,,,,,,,,1,1,1,8,1.0
201600003520,0016-08-27 22:00:00,16,8,27,22,0,870,161,,45.846,1.45787,Nuit avec éclairage allumé,Hors agglomération,Hors intersection,Normale,Autre collision,,,,,,,,,,,5,1,1,1,6.0
201600003521,0016-02-04 10:30:00,16,2,4,10,30,870,31,,45.5567,1.12523,Plein jour,Hors agglomération,Hors intersection,Normale,Autre collision,,,,,,,,,,,1,1,1,1,6.0
201600003522,0016-03-07 13:45:00,16,3,7,13,45,870,187,,45.52,1.17164,Plein jour,Hors agglomération,Hors intersection,Normale,Deux véhicules - frontale,,,,,,,,,,,1,1,1,1,1.0
201600003523,0016-05-18 16:00:00,16,5,18,16,0,870,187,63 E REGIMENT,,,Plein jour,En agglomération,Hors intersection,Normale,Autre collision,,,,,,,,,,,1,2,1,1,6.0
201600003524,0016-05-29 14:45:00,16,5,29,14,45,870,82,,45.5574,1.09075,Plein jour,Hors agglomération,Hors intersection,Pluie légère,Deux véhicules - frontale,,,,,,,,,,,1,1,1,2,1.0
201600003525,0016-06-07 23:30:00,16,6,7,23,30,870,112,,45.6599,1.03255,Nuit sans éclairage public,Hors agglomération,Hors intersection,Normale,Autre collision,,,,,,,,,,,3,1,1,1,6.0
201600003526,0016-06-19 16:00:00,16,6,19,16,0,870,187,AVENUE CHARLES DE GAULLE,45.5223,1.20914,Plein jour,En agglomération,Hors intersection,Normale,Autre collision,,,,,,,,,,,1,2,1,1,6.0
201600003527,0016-07-06 22:00:00,16,7,6,22,0,870,187,AVENUE GUTENBERG N° 14,45.5139,1.20561,Nuit avec éclairage allumé,En agglomération,Hors intersection,Normale,Autre collision,,,,,,,,,,,5,2,1,1,6.0
201600003528,0016-08-10 12:00:00,16,8,10,12,0,870,77,,45.6545,1.22322,Plein jour,Hors agglomération,Autre intersection,Normale,Deux véhicules - arrière,,,,,,,,,,,1,1,9,1,2.0
201600003529,0016-12-01 05:30:00,16,12,1,5,30,870,187,,45.5274,1.20985,Nuit sans éclairage public,Hors agglomération,Hors intersection,Normale,Deux véhicules - frontale,,,,,,,,,,,3,1,1,1,1.0
201600003530,0016-05-28 15:30:00,16,5,28,15,30,870,109,,46.2209,1.01706,Plein jour,Hors agglomération,Hors intersection,Pluie légère,Autre collision,,,,,,,,,,,1,1,1,2,6.0
201600003531,0016-08-15 11:45:00,16,8,15,11,45,870,116,,46.1462,1.06777,Plein jour,Hors agglomération,Hors intersection,Normale,Deux véhicules - frontale,,,,,,,,,,,1,1,1,1,1.0
201600003532,0016-09-15 12:45:00,16,9,15,12,45,870,11,7 AVENUE JEAN JAURES,46.1222,1.04848,Plein jour,En agglomération,Place,Normale,Sans collision,,,,,,,,,,,1,2,7,1,7.0
201600003533,0016-01-24 16:00:00,16,1,24,16,0,870,197,LE CLUZEAUD,,,Plein jour,Hors agglomération,Hors intersection,Normale,Autre collision,,,,,,,,,,,1,1,1,1,6.0
201600003534,0016-11-11 05:15:00,16,11,11,5,15,870,121,,46.1452,1.20547,Nuit sans éclairage public,Hors agglomération,Hors intersection,Pluie légère,Autre collision,,,,,,,,,,,3,1,1,2,6.0
201600003535,0016-12-05 14:45:00,16,12,5,14,45,870,14,AVENUE DE LA LIBÉRATION,46.1065,1.3666,Plein jour,En agglomération,Intersection en T,Normale,Deux véhicules - côté,,,,,,,,,,,1,2,3,1,3.0
201600003536,0016-03-22 17:15:00,16,3,22,17,15,870,41,,46.1677,1.26102,Plein jour,Hors agglomération,Hors intersection,Normale,Autre collision,,,,,,,,,,,1,1,1,1,6.0
201600003537,0016-10-25 17:15:00,16,10,25,17,15,870,160,,46.2833,1.2527,Plein jour,Hors agglomération,Hors intersection,Normale,Deux véhicules - frontale,,,,,,,,,,,1,1,1,1,1.0
201600003538,0016-12-17 15:30:00,16,12,17,15,30,870,6,,46.331,1.10636,Plein jour,Hors agglomération,Hors intersection,Normale,Deux véhicules - arrière,,,,,,,,,,,1,1,1,1,2.0
201600003539,0016-01-23 09:30:00,16,1,23,9,30,870,185,,,,Plein jour,Hors agglomération,Hors intersection,Pluie légère,Sans collision,,,,,,,,,,,1,1,1,2,7.0
201600003540,0016-03-04 14:15:00,16,3,4,14,15,870,154,BOULEVARD CACHIN,45.8865,0.90425,Plein jour,En agglomération,Hors intersection,Pluie forte,Deux véhicules - côté,,,,,,,,,,,1,2,1,3,3.0
201600003541,0016-04-19 11:15:00,16,4,19,11,15,870,131,AVENUE JEAN MOULIN,45.873,0.82998,Plein jour,En agglomération,Intersection en T,Normale,Deux véhicules - côté,,,,,,,,,,,1,2,3,1,3.0
201600003542,0016-08-06 20:15:00,16,8,6,20,15,870,154,AVENUE ORADOUR SUR GLANE,45.8946,0.91074,Plein jour,En agglomération,Hors intersection,Normale,Autre collision,,,,,,,,,,,1,2,1,1,6.0
201600003543,0016-08-17 22:00:00,16,8,17,22,0,870,154,,45.9,0.85817,Nuit sans éclairage public,Hors agglomération,Hors intersection,Normale,Autre collision,,,,,,,,,,,3,1,1,1,6.0
201600003544,0016-10-03 19:15:00,16,10,3,19,15,870,126,,45.8326,0.85716,Plein jour,Hors agglomération,Hors intersection,Normale,Autre collision,,,,,,,,,,,1,1,1,1,6.0
201600003545,0016-03-11 17:45:00,16,3,11,17,45,870,189,,45.7363,0.70485,Plein jour,Hors agglomération,Hors intersection,Normale,Autre collision,,,,,,,,,,,1,1,1,1,6.0
201600003546,0016-03-25 03:30:00,16,3,25,3,30,870,191,,45.7819,1.10423,Nuit sans éclairage public,Hors agglomération,Hors intersection,Normale,Autre collision,,,,,,,,,,,3,1,1,1,6.0
201600003547,0016-05-17 04:00:00,16,5,17,4,0,870,191,,45.7747,1.0872,Nuit sans éclairage public,Hors agglomération,Hors intersection,Normale,Autre collision,,,,,,,,,,,3,1,1,1,6.0
201600003548,0016-11-30 07:00:00,16,11,30,7,0,870,27,,45.6318,1.01135,Nuit sans éclairage public,Hors agglomération,Hors intersection,Normale,Deux véhicules - frontale,,,,,,,,,,,3,1,1,1,1.0
201600003549,0016-01-07 10:45:00,16,1,7,10,45,190,146,,,,Plein jour,Hors agglomération,Hors intersection,Pluie forte,Deux véhicules - frontale,,,,,,,,,,,1,1,1,3,1.0
201600003550,0016-04-02 15:30:00,16,4,2,15,30,190,203,,45.24,1.738,Plein jour,Hors agglomération,Hors intersection,Normale,Deux véhicules - frontale,,,,,,,,,,,1,1,1,1,1.0
201600003551,0016-04-10 21:15:00,16,4,10,21,15,190,211,,,,Nuit sans éclairage public,Hors agglomération,Hors intersection,Normale,Sans collision,,,,,,,,,,,3,1,1,1,7.0
201600003552,0016-08-22 12:00:00,16,8,22,12,0,190,203,,45.365,1.28,Plein jour,Hors agglomération,Hors intersection,Normale,Trois véhicules et plus - collisions multiples,,,,,,,,,,,1,1,1,1,5.0
201600003553,0016-09-16 18:15:00,16,9,16,18,15,190,101,,,,Plein jour,Hors agglomération,Hors intersection,Pluie légère,Deux véhicules - frontale,,,,,,,,,,,1,1,1,2,1.0
201600003554,0016-10-15 19:30:00,16,10,15,19,30,190,140,,45.089,1.9,Nuit sans éclairage public,Hors agglomération,Hors intersection,Normale,Autre collision,,,,,,,,,,,3,1,1,1,6.0
201600003555,0016-03-31 17:15:00,16,3,31,17,15,190,181,,45.424,1.888,Plein jour,Hors agglomération,Hors intersection,Temps couvert,Deux véhicules - côté,,,,,,,,,,,1,1,1,8,3.0
201600003556,0016-04-23 18:00:00,16,4,23,18,0,190,145,,45.37,2.07799,Plein jour,Hors agglomération,Hors intersection,Pluie légère,Autre collision,,,,,,,,,,,1,1,1,2,6.0
201600003557,0016-07-28 17:15:00,16,7,28,17,15,190,62,,45.373,1.855,Plein jour,Hors agglomération,Hors intersection,Normale,Autre collision,,,,,,,,,,,1,1,1,1,6.0
201600003558,0016-07-22 22:45:00,16,7,22,22,45,190,125,,45.276,1.996,Nuit sans éclairage public,Hors agglomération,Hors intersection,Normale,Sans collision,,,,,,,,,,,3,1,1,1,7.0
201600003559,0016-07-23 17:15:00,16,7,23,17,15,190,231,,45.265,1.998,Plein jour,Hors agglomération,Hors intersection,Normale,Autre collision,,,,,,,,,,,1,1,1,1,6.0
201600003560,0016-02-21 07:00:00,16,2,21,7,0,190,213,,45.386,1.672,Crépuscule ou aube,Hors agglomération,Hors intersection,Brouillard / fumée,Deux véhicules - frontale,,,,,,,,,,,2,1,1,5,1.0
201600003561,0016-08-14 12:00:00,16,8,14,12,0,190,76,,45.419,1.59,Plein jour,Hors agglomération,Hors intersection,Normale,Sans collision,,,,,,,,,,,1,1,1,1,7.0
201600003562,0016-08-29 18:15:00,16,8,29,18,15,190,1,,45.529,1.787,Plein jour,Hors agglomération,Hors intersection,Normale,Deux véhicules - frontale,,,,,,,,,,,1,1,1,1,1.0
201600003563,0016-01-09 12:45:00,16,1,9,12,45,190,123,,,,Plein jour,Hors agglomération,Hors intersection,Pluie légère,Deux véhicules - frontale,,,,,,,,,,,1,1,1,2,1.0
201600003564,0016-02-04 20:15:00,16,2,4,20,15,190,63,,45.105,1.584,Nuit sans éclairage public,Hors agglomération,Hors intersection,Pluie légère,Deux véhicules - côté,,,,,,,,,,,3,1,1,2,3.0
201600003565,0016-02-15 15:45:00,16,2,15,15,45,190,107,,45.102,1.394,Plein jour,Hors agglomération,Hors intersection,Neige / grêle,Deux véhicules - frontale,,,,,,,,,,,1,1,1,4,1.0
201600003566,0016-02-21 20:00:00,16,2,21,20,0,190,123,rue pasteur,,,Nuit avec éclairage allumé,En agglomération,Hors intersection,Normale,Autre collision,,,,,,,,,,,5,2,1,1,6.0
201600003567,0016-08-18 20:00:00,16,8,18,20,0,190,43,,45.154,1.638,Plein jour,Hors agglomération,Hors intersection,Normale,Autre collision,,,,,,,,,,,1,1,1,1,6.0
201600003568,0016-09-14 08:00:00,16,9,14,8,0,190,93,,,,Plein jour,Hors agglomération,Hors intersection,Pluie légère,Autre collision,,,,,,,,,,,1,1,1,2,6.0
201600003569,0016-11-02 13:45:00,16,11,2,13,45,190,63,,45.147,1.578,Plein jour,Hors agglomération,Hors intersection,Normale,Autre collision,,,,,,,,,,,1,1,1,1,6.0
201600003570,0016-05-10 18:30:00,16,5,10,18,30,190,23,,45.139,1.768,Plein jour,Hors agglomération,Hors intersection,Normale,Sans collision,,,,,,,,,,,1,1,1,1,7.0
201600003571,0016-11-18 17:00:00,16,11,18,17,0,190,119,,45.072,1.79,Crépuscule ou aube,Hors agglomération,Hors intersection,Normale,Autre collision,,,,,,,,,,,2,1,1,1,6.0
201600003572,0016-01-12 13:30:00,16,1,12,13,30,190,5,,45.246,1.419,Plein jour,Hors agglomération,Hors intersection,Neige / grêle,Deux véhicules - frontale,,,,,,,,,,,1,1,1,4,1.0
201600003573,0016-04-27 09:30:00,16,4,27,9,30,190,72,,45.187,1.497,Plein jour,Hors agglomération,Hors intersection,Normale,Sans collision,,,,,,,,,,,1,1,1,1,7.0
201600003574,0016-05-19 13:15:00,16,5,19,13,15,190,72,,45.24,1.501,Plein jour,Hors agglomération,Hors intersection,Normale,Autre collision,,,,,,,,,,,1,1,1,1,6.0
201600003575,0016-09-10 20:00:00,16,9,10,20,0,190,246,,,,Plein jour,Hors agglomération,Hors intersection,Normale,Deux véhicules - côté,,,,,,,,,,,1,1,1,1,3.0
201600003576,0016-09-14 20:00:00,16,9,14,20,0,190,202,,,,Nuit sans éclairage public,Hors agglomération,Hors intersection,Pluie forte,Sans collision,,,,,,,,,,,3,1,1,3,7.0
201600003577,0016-01-14 00:15:00,16,1,14,0,15,190,154,,45.336,1.459,Nuit sans éclairage public,Hors agglomération,Hors intersection,Normale,Autre collision,,,,,,,,,,,3,1,1,1,6.0
201600003578,0016-08-09 10:30:00,16,8,9,10,30,190,121,,45.456,1.448,Plein jour,Hors agglomération,Hors intersection,Normale,Deux véhicules - frontale,,,,,,,,,,,1,1,1,1,1.0
201600003579,0016-09-19 14:00:00,16,9,19,14,0,190,121,,,,Plein jour,Hors agglomération,Hors intersection,Normale,Deux véhicules - frontale,,,,,,,,,,,1,1,1,1,1.0
201600003580,0016-08-21 00:45:00,16,8,21,0,45,190,153,,45.27,1.407,Nuit avec éclairage allumé,En agglomération,Hors intersection,Normale,Deux véhicules - frontale,,,,,,,,,,,5,2,1,1,1.0
201600003581,0016-08-30 05:45:00,16,8,30,5,45,190,35,,45.319,1.316,Nuit sans éclairage public,Hors agglomération,Hors intersection,Normale,Sans collision,,,,,,,,,,,3,1,1,1,7.0
201600003582,0016-09-01 07:30:00,16,9,1,7,30,190,187,,45.301,1.374,Plein jour,Hors agglomération,Hors intersection,Normale,Autre collision,,,,,,,,,,,1,1,1,1,6.0
201600003583,0016-08-02 17:30:00,16,8,2,17,30,190,64,,,,Plein jour,Hors agglomération,Hors intersection,Normale,Sans collision,,,,,,,,,,,1,1,1,1,7.0
201600003584,0016-05-07 10:30:00,16,5,7,10,30,190,28,,,,Plein jour,Hors agglomération,Hors intersection,Normale,Sans collision,,,,,,,,,,,1,1,1,1,7.0
201600003585,0016-06-08 19:30:00,16,6,8,19,30,190,175,,,,Plein jour,Hors agglomération,Hors intersection,Normale,Autre collision,,,,,,,,,,,1,1,1,1,6.0
201600003586,0016-01-02 10:00:00,16,1,2,10,0,190,74,,45.669,1.807,Plein jour,Hors agglomération,Hors intersection,Pluie légère,Autre collision,,,,,,,,,,,1,1,1,2,6.0
201600003587,0016-06-23 05:00:00,16,6,23,5,0,190,8,,,,Nuit sans éclairage public,Hors agglomération,Hors intersection,Normale,Autre collision,,,,,,,,,,,3,1,1,1,6.0
201600003588,0016-08-07 02:00:00,16,8,7,2,0,190,136,,45.521,2.146,Nuit sans éclairage public,Hors agglomération,Hors intersection,Normale,Autre collision,,,,,,,,,,,3,1,1,1,6.0
201600003589,0016-12-10 09:30:00,16,12,10,9,30,190,33,,45.596,1.931,Plein jour,En agglomération,Hors intersection,Normale,Autre collision,,,,,,,,,,,1,2,1,1,6.0
201600003590,0016-06-21 23:00:00,16,6,21,23,0,230,44,route de la Marche,46.3563,1.77494,Nuit avec éclairage non allumé,En agglomération,Hors intersection,Normale,Deux véhicules - côté,,,,,,,,,,,4,2,1,1,3.0
201600003591,0016-07-13 11:30:00,16,7,13,11,30,230,41,,46.40654,2.01657,Plein jour,Hors agglomération,Hors intersection,Normale,Sans collision,,,,,,,,,,,1,1,1,1,7.0
201600003592,0016-05-15 19:45:00,16,5,15,19,45,230,57,,46.25138,2.04118,Plein jour,Hors agglomération,Hors intersection,Normale,Autre collision,,,,,,,,,,,1,1,1,1,6.0
201600003593,0016-06-26 17:15:00,16,6,26,17,15,230,203,,46.13285,2.46192,Plein jour,Hors agglomération,Hors intersection,Normale,Autre collision,,,,,,,,,,,1,1,1,1,6.0
201600003594,0016-09-05 13:45:00,16,9,5,13,45,230,93,,,,Plein jour,Hors agglomération,Hors intersection,Normale,Deux véhicules - frontale,,,,,,,,,,,1,1,1,1,1.0
201600003595,0016-02-24 16:00:00,16,2,24,16,0,230,177,,46.29258,1.52767,Plein jour,Hors agglomération,Hors intersection,Pluie légère,Autre collision,,,,,,,,,,,1,1,1,2,6.0
201600003596,0016-03-15 17:30:00,16,3,15,17,30,230,177,,46.27489,1.46897,Plein jour,Hors agglomération,Hors intersection,Temps éblouissant,Deux véhicules - arrière,,,,,,,,,,,1,1,1,7,2.0
201600003597,0016-05-06 20:15:00,16,5,6,20,15,230,235,,46.2034,1.54362,Crépuscule ou aube,Hors agglomération,Hors intersection,Normale,Autre collision,,,,,,,,,,,2,1,1,1,6.0
201600003598,0016-06-23 07:45:00,16,6,23,7,45,230,95,,46.16825,1.69158,Plein jour,Hors agglomération,Hors intersection,Normale,Deux véhicules - côté,,,,,,,,,,,1,1,1,1,3.0
201600003599,0016-06-25 11:30:00,16,6,25,11,30,230,207,,46.2693,1.56164,Plein jour,Hors agglomération,Hors intersection,Normale,Deux véhicules - frontale,,,,,,,,,,,1,1,1,1,1.0