accident_id,datetime,annee,mois,jour,heure,minute,departement,commune_insee,adresse,latitude,longitude,luminosite,agglomeration,intersection,meteo,collision,nb_vehicules,nb_usagers,nb_indemnes,nb_tues,nb_blesses_hosp,nb_blesses_legers,age_cond_1,age_cond_2,veh_type_cond_1,veh_type_cond_2,lum_code,agg_code,int_code,atm_code,col_code
201600003731,0016-03-25 18:45:00,16,3,25,18,45,310,396,ave françois mitterrand,43.35908,1.63599,Plein jour,Hors agglomération,Autre intersection,Normale,Deux véhicules - côté,,,,,,,,,,,1,1,9,1,3.0
201600003732,0016-03-29 19:00:00,16,3,29,19,0,310,100,avenue de pamiers,43.31525,1.62284,Plein jour,Hors agglomération,Hors intersection,Normale,Autre collision,,,,,,,,,,,1,1,1,1,6.0
201600003733,0016-04-09 05:45:00,16,4,9,5,45,310,576,,,,Nuit sans éclairage public,Hors agglomération,Hors intersection,Temps couvert,Autre collision,,,,,,,,,,,3,1,1,8,6.0
201600003734,0016-06-05 16:45:00,16,6,5,16,45,310,451,route de toulouse,,,Plein jour,En agglomération,Giratoire,Normale,Deux véhicules - côté,,,,,,,,,,,1,2,6,1,3.0
201600003735,0016-06-06 13:45:00,16,6,6,13,45,310,589,,43.4393,1.65181,Plein jour,Hors agglomération,Hors intersection,Normale,Autre collision,,,,,,,,,,,1,1,1,1,6.0
201600003736,0016-07-20 13:15:00,16,7,20,13,15,310,37,petchabou,43.37475,1.76045,Plein jour,Hors agglomération,Intersection en T,Normale,Trois véhicules et plus - collisions multiples,,,,,,,,,,,1,1,3,1,5.0
201600003737,0016-08-12 18:15:00,16,8,12,18,15,310,210,ave lauragais/république,43.39073,1.68409,Plein jour,Hors agglomération,Intersection en T,Temps éblouissant,Deux véhicules - frontale,,,,,,,,,,,1,1,3,7,1.0
201600003738,0016-08-19 10:15:00,16,8,19,10,15,310,37,,43.3826,1.74147,Plein jour,Hors agglomération,Hors intersection,Normale,Deux véhicules - arrière,,,,,,,,,,,1,1,1,1,2.0
201600003739,0016-09-22 08:00:00,16,9,22,8,0,310,100,,,,Plein jour,Hors agglomération,Hors intersection,Normale,Autre collision,,,,,,,,,,,1,1,1,1,6.0
201600003740,0016-09-18 11:00:00,16,9,18,11,0,310,99,,,,Plein jour,Hors agglomération,Hors intersection,Normale,Autre collision,,,,,,,,,,,1,1,1,1,6.0
201600003741,0016-08-06 11:15:00,16,8,6,11,15,310,478,,43.45518,1.8969,Plein jour,Hors agglomération,Hors intersection,Normale,Deux véhicules - frontale,,,,,,,,,,,1,1,1,1,1.0
201600003742,0016-03-18 16:45:00,16,3,18,16,45,310,240,D19/CH DE LA LYRGUE,43.41818,1.50054,Plein jour,Hors agglomération,Intersection en X,Normale,Deux véhicules - côté,,,,,,,,,,,1,1,2,1,3.0
201600003743,0016-06-22 19:00:00,16,6,22,19,0,310,384,,43.4774,1.57775,Plein jour,Hors agglomération,Intersection en X,Normale,Deux véhicules - côté,,,,,,,,,,,1,1,2,1,3.0
201600003744,0016-10-29 12:50:00,16,10,29,12,50,310,381,"Lieu dit ""la pradelle""",43.45889,1.57577,Plein jour,En agglomération,Intersection en T,Temps éblouissant,Trois véhicules et plus - en chaîne,,,,,,,,,,,1,2,3,7,4.0
201600003745,0016-11-10 13:20:00,16,11,10,13,20,310,4,route de ticaille,43.44273,1.59997,Plein jour,En agglomération,Hors intersection,Pluie légère,Autre collision,,,,,,,,,,,1,2,1,2,6.0
201600003746,0016-12-05 18:20:00,16,12,5,18,20,310,381,CD16,43.47376,1.58224,Nuit sans éclairage public,Hors agglomération,Hors intersection,Normale,Autre collision,,,,,,,,,,,3,1,1,1,6.0
201600003747,0016-01-08 18:30:00,16,1,8,18,30,310,451,CHEMIN LASSERRE,43.48506,2.02821,Nuit sans éclairage public,Hors agglomération,Intersection en X,Normale,Deux véhicules - côté,,,,,,,,,,,3,1,2,1,3.0
201600003748,0016-05-30 18:15:00,16,5,30,18,15,310,478,,43.4462,1.9444,Plein jour,Hors agglomération,Hors intersection,Normale,Deux véhicules - frontale,,,,,,,,,,,1,1,1,1,1.0
201600003749,0016-07-24 16:15:00,16,7,24,16,15,310,451,"27, Rte de CASTRES",43.4667,2.00965,Plein jour,En agglomération,Hors intersection,Normale,Autre collision,,,,,,,,,,,1,2,1,1,6.0
201600003750,0016-08-27 07:45:00,16,8,27,7,45,310,478,,,,Plein jour,Hors agglomération,Hors intersection,Normale,Autre collision,,,,,,,,,,,1,1,1,1,6.0
201600003751,0016-09-29 21:00:00,16,9,29,21,0,310,478,,43.4284,1.95084,Nuit sans éclairage public,Hors agglomération,Hors intersection,Normale,Sans collision,,,,,,,,,,,3,1,1,1,7.0
201600003752,0016-05-06 10:00:00,16,5,6,10,0,90,82,,43.00412,1.35508,Plein jour,Hors agglomération,Hors intersection,Normale,Trois véhicules et plus - collisions multiples,,,,,,,,,,,1,1,1,1,5.0
201600003753,0016-05-21 04:45:00,16,5,21,4,45,90,82,,43.01072,1.36737,Nuit sans éclairage public,Hors agglomération,Hors intersection,Normale,Sans collision,,,,,,,,,,,3,1,1,1,7.0
201600003754,0016-06-02 08:30:00,16,6,2,8,30,90,42,,43.01765,1.38926,Crépuscule ou aube,Hors agglomération,Hors intersection,Pluie légère,Sans collision,,,,,,,,,,,2,1,1,2,7.0
201600003755,0016-08-13 07:30:00,16,8,13,7,30,90,99,,42.98803,1.55841,Plein jour,Hors agglomération,Hors intersection,Normale,Deux véhicules - frontale,,,,,,,,,,,1,1,1,1,1.0
201600003756,0016-10-13 12:00:00,16,10,13,12,0,90,130,voie communale,42.94641,1.56346,Plein jour,En agglomération,Hors intersection,Normale,Sans collision,,,,,,,,,,,1,2,1,1,7.0
201600003757,0016-10-18 10:30:00,16,10,18,10,30,90,293,,42.96386,1.5482,Plein jour,Hors agglomération,Hors intersection,Temps couvert,Sans collision,,,,,,,,,,,1,1,1,8,7.0
201600003758,0016-10-28 11:00:00,16,10,28,11,0,90,108,,42.99045,1.25156,Plein jour,Hors agglomération,Hors intersection,Normale,Autre collision,,,,,,,,,,,1,1,1,1,6.0
201600003759,0016-11-26 16:00:00,16,11,26,16,0,90,293,,42.97265,1.5221,Plein jour,Hors agglomération,Hors intersection,Normale,Deux véhicules - frontale,,,,,,,,,,,1,1,1,1,1.0
201600003760,0016-12-08 17:15:00,16,12,8,17,15,90,82,,42.99629,1.30898,Crépuscule ou aube,Hors agglomération,Hors intersection,Normale,Deux véhicules - côté,,,,,,,,,,,2,1,1,1,3.0
201600003761,0016-12-22 18:30:00,16,12,22,18,30,90,130,le village,42.94679,1.56473,Nuit avec éclairage allumé,En agglomération,Hors intersection,Pluie légère,Sans collision,,,,,,,,,,,5,2,1,2,7.0
201600003762,0016-01-21 13:30:00,16,1,21,13,30,90,157,,42.96748,1.86571,Plein jour,En agglomération,Hors intersection,Normale,Deux véhicules - côté,,,,,,,,,,,1,2,1,1,3.0
201600003763,0016-03-19 22:45:00,16,3,19,22,45,90,106,,42.94801,1.85937,Nuit sans éclairage public,Hors agglomération,Hors intersection,Normale,Deux véhicules - côté,,,,,,,,,,,3,1,1,1,3.0
201600003764,0016-04-21 15:15:00,16,4,21,15,15,90,168,,42.99001,1.7926,Plein jour,Hors agglomération,Hors intersection,Pluie légère,Autre collision,,,,,,,,,,,1,1,1,2,6.0
201600003765,0016-07-16 17:00:00,16,7,16,17,0,90,160,Avenue du 11 novembre D6,42.94238,1.85621,Plein jour,En agglomération,Hors intersection,Normale,Trois véhicules et plus - collisions multiples,,,,,,,,,,,1,2,1,1,5.0
201600003766,0016-11-02 12:00:00,16,11,2,12,0,90,160,,42.93163,1.85148,Plein jour,Hors agglomération,Hors intersection,Normale,Deux véhicules - arrière,,,,,,,,,,,1,1,1,1,2.0
201600003767,0016-12-06 09:00:00,16,12,6,9,0,90,80,,42.96747,1.77178,Plein jour,Hors agglomération,Hors intersection,Normale,Autre collision,,,,,,,,,,,1,1,1,1,6.0
201600003768,0016-02-25 09:45:00,16,2,25,9,45,90,188,,42.88311,1.62294,Plein jour,Hors agglomération,Hors intersection,Pluie légère,Deux véhicules - frontale,,,,,,,,,,,1,1,1,2,1.0
201600003769,0016-04-04 19:00:00,16,4,4,19,0,90,217,route du montcalm,42.808,1.59017,Plein jour,En agglomération,Hors intersection,Normale,Autre collision,,,,,,,,,,,1,2,1,1,6.0
201600003770,0016-07-18 17:30:00,16,7,18,17,30,90,15,,42.86047,1.59877,Plein jour,Hors agglomération,Hors intersection,Normale,Autre collision,,,,,,,,,,,1,1,1,1,6.0
201600003771,0016-06-19 07:45:00,16,6,19,7,45,90,306,,42.8627,1.6051,Plein jour,Hors agglomération,Hors intersection,Normale,Autre collision,,,,,,,,,,,1,1,1,1,6.0
201600003772,0016-08-03 00:15:00,16,8,3,0,15,90,334,,42.76687,1.50216,Nuit sans éclairage public,Hors agglomération,Hors intersection,Normale,Sans collision,,,,,,,,,,,3,1,1,1,7.0
201600003773,0016-09-16 15:00:00,16,9,16,15,0,90,188,,42.90109,1.63531,Plein jour,Hors agglomération,Hors intersection,Normale,Autre collision,,,,,,,,,,,1,1,1,1,6.0
201600003774,0016-09-17 23:45:00,16,9,17,23,45,90,188,,42.88412,1.6236,Nuit sans éclairage public,Hors agglomération,Hors intersection,Pluie légère,Sans collision,,,,,,,,,,,3,1,1,2,7.0
201600003775,0016-11-19 18:15:00,16,11,19,18,15,90,16,,42.84612,1.65101,Crépuscule ou aube,Hors agglomération,Hors intersection,Normale,Sans collision,,,,,,,,,,,2,1,1,1,7.0
201600003776,0016-02-20 03:45:00,16,2,20,3,45,90,324,,43.04532,1.6424,Nuit sans éclairage public,Hors agglomération,Hors intersection,Normale,Sans collision,,,,,,,,,,,3,1,1,1,7.0
201600003777,0016-04-16 09:00:00,16,4,16,9,0,90,332,Rue de la halte,43.08114,1.63377,Plein jour,En agglomération,Hors intersection,Normale,Deux véhicules - côté,,,,,,,,,,,1,2,1,1,3.0
201600003778,0016-04-20 19:30:00,16,4,20,19,30,90,339,,43.2353,1.57551,Crépuscule ou aube,Hors agglomération,Hors intersection,Normale,Sans collision,,,,,,,,,,,2,1,1,1,7.0
201600003779,0016-09-06 12:15:00,16,9,6,12,15,90,265,rue du 14 juillet,43.7543,1.62756,Plein jour,En agglomération,Hors intersection,Normale,Deux véhicules - frontale,,,,,,,,,,,1,2,1,1,1.0
201600003780,0016-10-10 17:45:00,16,10,10,17,45,90,60,place de l'abreuvoir,43.16424,1.60009,Plein jour,En agglomération,Place,Normale,Autre collision,,,,,,,,,,,1,2,7,1,6.0
201600003781,0016-12-15 08:30:00,16,12,15,8,30,90,60,,43.16895,1.60274,Plein jour,Hors agglomération,Hors intersection,Normale,Autre collision,,,,,,,,,,,1,1,1,1,6.0
201600003782,0016-01-06 18:00:00,16,1,6,18,0,90,123,,43.17611,1.25352,Nuit sans éclairage public,Hors agglomération,Hors intersection,Normale,Deux véhicules - frontale,,,,,,,,,,,3,1,1,1,1.0
201600003783,0016-03-19 06:30:00,16,3,19,6,30,90,277,,42.9486,1.85925,Crépuscule ou aube,Hors agglomération,Hors intersection,Normale,Autre collision,,,,,,,,,,,2,1,1,1,6.0
201600003784,0016-05-11 23:00:00,16,5,11,23,0,90,224,lieu dit la gare,43.10615,1.44028,Nuit sans éclairage public,En agglomération,Hors intersection,Normale,Autre collision,,,,,,,,,,,3,2,1,1,6.0
201600003785,0016-08-03 11:00:00,16,8,3,11,0,90,167,,43.25438,1.37039,Plein jour,Hors agglomération,Hors intersection,Normale,Sans collision,,,,,,,,,,,1,1,1,1,7.0
201600003786,0016-10-22 10:30:00,16,10,22,10,30,90,167,,43.26295,1.34694,Plein jour,Hors agglomération,Hors intersection,Vent fort / tempête,Sans collision,,,,,,,,,,,1,1,1,6,7.0
201600003787,0016-11-10 18:15:00,16,11,10,18,15,90,342,,43.2096,1.38266,Crépuscule ou aube,Hors agglomération,Hors intersection,Normale,Deux véhicules - côté,,,,,,,,,,,2,1,1,1,3.0
201600003788,0016-12-31 16:00:00,16,12,31,16,0,90,151,,43.12221,1.44149,Plein jour,Hors agglomération,Hors intersection,Normale,Deux véhicules - arrière,,,,,,,,,,,1,1,1,1,2.0
201600003789,0016-01-03 00:01:00,16,1,3,0,1,90,185,,43.24319,1.66726,Nuit sans éclairage public,Hors agglomération,Hors intersection,Normale,Autre collision,,,,,,,,,,,3,1,1,1,6.0
201600003790,0016-04-07 12:00:00,16,4,7,12,0,90,185,,43.25139,1.67782,Plein jour,Hors agglomération,Hors intersection,Normale,Autre collision,,,,,,,,,,,1,1,1,1,6.0
201600003791,0016-04-13 11:15:00,16,4,13,11,15,90,282,intersection D927 / D27,43.237,1.57,Plein jour,En agglomération,Intersection en T,Normale,Deux véhicules - côté,,,,,,,,,,,1,2,3,1,3.0
201600003792,0016-04-22 19:45:00,16,4,22,19,45,90,331,,43.18763,1.61107,Plein jour,Hors agglomération,Intersection en T,Normale,Deux véhicules - côté,,,,,,,,,,,1,1,3,1,3.0
201600003793,0016-05-14 01:30:00,16,5,14,1,30,90,199,,43.21178,1.65031,Nuit sans éclairage public,Hors agglomération,Hors intersection,Pluie légère,Autre collision,,,,,,,,,,,3,1,1,2,6.0
201600003794,0016-05-26 04:15:00,16,5,26,4,15,90,282,,43.20377,1.60912,Nuit sans éclairage public,Hors agglomération,Giratoire,Normale,Autre collision,,,,,,,,,,,3,1,6,1,6.0
201600003795,0016-06-25 09:00:00,16,6,25,9,0,90,185,,43.22399,1.6425,Plein jour,Hors agglomération,Hors intersection,Normale,Sans collision,,,,,,,,,,,1,1,1,1,7.0
201600003796,0016-07-24 02:15:00,16,7,24,2,15,90,331,,43.1801,1.61191,Nuit sans éclairage public,Hors agglomération,Hors intersection,Normale,Autre collision,,,,,,,,,,,3,1,1,1,6.0
201600003797,0016-08-05 10:30:00,16,8,5,10,30,90,185,,43.25259,1.67563,Plein jour,Hors agglomération,Hors intersection,Normale,Autre collision,,,,,,,,,,,1,1,1,1,6.0
201600003798,0016-08-07 10:15:00,16,8,7,10,15,90,282,,43.23982,1.62082,Plein jour,Hors agglomération,Hors intersection,Normale,Sans collision,,,,,,,,,,,1,1,1,1,7.0
201600003799,0016-08-06 10:45:00,16,8,6,10,45,90,282,,43.21401,1.60774,Plein jour,Hors agglomération,Hors intersection,Normale,Deux véhicules - frontale,,,,,,,,,,,1,1,1,1,1.0
201600003800,0016-08-29 07:00:00,16,8,29,7,0,90,76,,43.26127,1.55875,Crépuscule ou aube,Hors agglomération,Hors intersection,Normale,Deux véhicules - frontale,,,,,,,,,,,2,1,1,1,1.0
201600003801,0016-12-12 00:30:00,16,12,12,0,30,90,282,,42.253,1.56525,Nuit avec éclairage allumé,Hors agglomération,Giratoire,Normale,Sans collision,,,,,,,,,,,5,1,6,1,7.0
201600003802,0016-01-25 05:15:00,16,1,25,5,15,90,214,"Luzenac, CD 618",42.95452,1.08033,Nuit avec éclairage allumé,En agglomération,Hors intersection,Normale,Autre collision,,,,,,,,,,,5,2,1,1,6.0
201600003803,0016-03-03 08:30:00,16,3,3,8,30,90,261,,42.96785,1.16912,Plein jour,Hors agglomération,Hors intersection,Pluie forte,Deux véhicules - côté,,,,,,,,,,,1,1,1,3,3.0
201600003804,0016-04-14 13:00:00,16,4,14,13,0,90,261,,,,Plein jour,Hors agglomération,Intersection en T,Normale,Deux véhicules - côté,,,,,,,,,,,1,1,3,1,3.0
201600003805,0016-06-20 17:45:00,16,6,20,17,45,90,268,route du Miguet,42.99784,1.13861,Plein jour,En agglomération,Hors intersection,Normale,Deux véhicules - arrière,,,,,,,,,,,1,2,1,1,2.0
201600003806,0016-10-01 14:00:00,16,10,1,14,0,90,198,RD627-RD515,43.06865,1.19325,Plein jour,En agglomération,Hors intersection,Normale,Deux véhicules - arrière,,,,,,,,,,,1,2,1,1,2.0
201600003807,0016-10-20 18:30:00,16,10,20,18,30,90,113,,42.83225,1.29713,Plein jour,Hors agglomération,Hors intersection,Pluie légère,Sans collision,,,,,,,,,,,1,1,1,2,7.0
201600003808,0016-01-01 11:15:00,16,1,1,11,15,90,86,,43.03342,1.07756,Plein jour,Hors agglomération,Hors intersection,Normale,Deux véhicules - côté,,,,,,,,,,,1,1,1,1,3.0
201600003809,0016-04-28 20:30:00,16,4,28,20,30,90,190,,43.09531,1.19863,Plein jour,Hors agglomération,Hors intersection,Normale,Autre collision,,,,,,,,,,,1,1,1,1,6.0
201600003810,0016-05-09 15:15:00,16,5,9,15,15,90,257,,43.11812,1.17143,Plein jour,Hors agglomération,Hors intersection,Normale,Deux véhicules - frontale,,,,,,,,,,,1,1,1,1,1.0
201600003811,0016-10-03 20:45:00,16,10,3,20,45,90,86,,43.02942,1.08534,Nuit avec éclairage allumé,Hors agglomération,Hors intersection,Normale,Deux véhicules - frontale,,,,,,,,,,,5,1,1,1,1.0
201600003812,0016-09-30 17:15:00,16,9,30,17,15,90,190,,43.08954,1.20802,Plein jour,Hors agglomération,Hors intersection,Temps éblouissant,Deux véhicules - arrière,,,,,,,,,,,1,1,1,7,2.0
201600003813,0016-11-01 15:00:00,16,11,1,15,0,90,235,,43.03621,0.99734,Plein jour,Hors agglomération,Intersection en T,Normale,Deux véhicules - côté,,,,,,,,,,,1,1,3,1,3.0
201600003814,0016-03-02 10:08:00,16,3,2,10,8,20,168,"1, COUTELLIER (QUAI)",49.04099,3.40378,Plein jour,En agglomération,Intersection en T,Normale,Deux véhicules - côté,,,,,,,,,,,1,2,3,1,3.0
201600003815,0016-06-07 07:45:00,16,6,7,7,45,20,168,"1, BLANCHARD (AVENUE DE)",49.05923,3.38266,Plein jour,En agglomération,Hors intersection,Normale,Autre collision,,,,,,,,,,,1,2,1,1,6.0
201600003816,0016-06-28 23:03:00,16,6,28,23,3,20,168,D1003,49.05216,3.36266,Nuit sans éclairage public,Hors agglomération,Hors intersection,Normale,Sans collision,,,,,,,,,,,3,1,1,1,7.0
201600003817,0016-09-29 12:50:00,16,9,29,12,50,20,168,,,,Plein jour,Hors agglomération,Hors intersection,Normale,Deux véhicules - côté,,,,,,,,,,,1,1,1,1,3.0
201600003818,0016-09-02 11:38:00,16,9,2,11,38,20,168,ETATS UNIS (PLACE DES),49.04455,3.40111,Plein jour,En agglomération,Place,Normale,Autre collision,,,,,,,,,,,1,2,7,1,6.0
201600003819,0016-01-09 14:21:00,16,1,9,14,21,120,24,RD 994 - PR 37+300,44.4012,2.33031,Plein jour,Hors agglomération,Hors intersection,Normale,Deux véhicules - frontale,,,,,,,,,,,1,1,1,1,1.0
201600003820,0016-07-14 15:25:00,16,7,14,15,25,120,157,PLAINE DE GAGES,44.3918,2.68969,Plein jour,Hors agglomération,Hors intersection,Normale,Deux véhicules - côté,,,,,,,,,,,1,1,1,1,3.0
201600003821,0016-01-12 10:25:00,16,1,12,10,25,120,90,LA CROIX DU SAUVAGE,44.3802,2.45216,Plein jour,Hors agglomération,Intersection en X,Pluie forte,Deux véhicules - côté,,,,,,,,,,,1,1,2,3,3.0
201600003822,0016-06-14 09:20:00,16,6,14,9,20,120,102,RD 62 - ESPESSERGUES,44.2885,2.60537,Plein jour,Hors agglomération,Intersection en T,Pluie légère,Deux véhicules - côté,,,,,,,,,,,1,1,3,2,3.0
201600003823,0016-07-14 13:45:00,16,7,14,13,45,120,262,INT RD 542  ET VC 11,44.2509,2.3078,Plein jour,Hors agglomération,Intersection en X,Temps couvert,Deux véhicules - côté,,,,,,,,,,,1,1,2,8,3.0
201600003824,0016-08-16 00:30:00,16,8,16,0,30,120,56,LES CROUZETS,44.2509,2.44072,Nuit sans éclairage public,Hors agglomération,Hors intersection,Normale,Autre collision,,,,,,,,,,,3,1,1,1,6.0
201600003825,0016-08-24 19:00:00,16,8,24,19,0,120,264,RD 240 - PR 2+000,44.4174,2.5733,Plein jour,Hors agglomération,Intersection en X,Temps éblouissant,Trois véhicules et plus - collisions multiples,,,,,,,,,,,1,1,2,7,5.0
201600003826,0016-10-27 21:40:00,16,10,27,21,40,120,68,POTEAU DE COLOMBIES,44.3209,2.33681,Nuit sans éclairage public,Hors agglomération,Hors intersection,Normale,Sans collision,,,,,,,,,,,3,1,1,1,7.0
201600003827,0016-10-30 08:45:00,16,10,30,8,45,120,133,,44.29612,2.57411,Plein jour,Hors agglomération,Hors intersection,Normale,Autre collision,,,,,,,,,,,1,1,1,1,6.0
201600003828,0016-11-05 01:30:00,16,11,5,1,30,120,56,RD 507 - LE FIEU,44.259,2.44133,Nuit sans éclairage public,Hors agglomération,Hors intersection,Pluie légère,Autre collision,,,,,,,,,,,3,1,1,2,6.0
201600003829,0016-02-09 08:10:00,16,2,9,8,10,120,43,MALECAMP - RTE DU TRIOU,44.2758,2.55925,Crépuscule ou aube,Hors agglomération,Hors intersection,Pluie légère,Sans collision,,,,,,,,,,,2,1,1,2,7.0
201600003830,0016-03-26 15:25:00,16,3,26,15,25,120,43,RN 88 - PR 61+260,44.2864,2.50254,Plein jour,Hors agglomération,Intersection en X,Normale,Deux véhicules - côté,,,,,,,,,,,1,1,2,1,3.0
201600003831,0016-05-17 11:00:00,16,5,17,11,0,120,267,VC - RD 902  PR 26+400,44.1133,2.53244,Plein jour,En agglomération,Hors intersection,Normale,Sans collision,,,,,,,,,,,1,2,1,1,7.0
201600003832,0016-07-23 05:10:00,16,7,23,5,10,120,57,MERGALS,44.1884,2.5293,Nuit sans éclairage public,Hors agglomération,Hors intersection,Normale,Autre collision,,,,,,,,,,,3,1,1,1,6.0
201600003833,0016-08-04 11:00:00,16,8,4,11,0,120,43,LES MOLINIERES,44.2857,2.5174,Plein jour,Hors agglomération,Hors intersection,Normale,Trois véhicules et plus - collisions multiples,,,,,,,,,,,1,1,1,1,5.0
201600003834,0016-09-09 14:25:00,16,9,9,14,25,120,73,RD 641 - PR 5+550,44.2228,2.58854,Plein jour,Hors agglomération,Hors intersection,Normale,Deux véhicules - frontale,,,,,,,,,,,1,1,1,1,1.0
201600003835,0016-02-01 18:30:00,16,2,1,18,30,120,8,LA BARTHE GRANDE,44.4264,2.22179,Crépuscule ou aube,Hors agglomération,Hors intersection,Pluie légère,Deux véhicules - arrière,,,,,,,,,,,2,1,1,2,2.0
201600003836,0016-03-15 15:00:00,16,3,15,15,0,120,142,LES FARGUETTES-D994 39+8,44.4009,2.35716,Plein jour,Hors agglomération,Hors intersection,Normale,Trois véhicules et plus - collisions multiples,,,,,,,,,,,1,1,1,1,5.0
201600003837,0016-03-27 01:20:00,16,3,27,1,20,120,114,LES CAZELLES,44.636,2.35739,Nuit avec éclairage allumé,En agglomération,Hors intersection,Temps couvert,Autre collision,,,,,,,,,,,5,2,1,8,6.0
201600003838,0016-05-22 16:50:00,16,5,22,16,50,120,8,LA SECADE,44.4265,2.22547,Plein jour,Hors agglomération,Hors intersection,Pluie forte,Deux véhicules - frontale,,,,,,,,,,,1,1,1,3,1.0
201600003839,0016-05-26 16:36:00,16,5,26,16,36,120,76,ESTAMPES,44.6272,2.37532,Plein jour,Hors agglomération,Hors intersection,Normale,Autre collision,,,,,,,,,,,1,1,1,1,6.0
201600003840,0016-06-21 22:55:00,16,6,21,22,55,120,199,ANCIENNE ROUTE DE RODEZ,44.4073,2.30918,Nuit sans éclairage public,Hors agglomération,Hors intersection,Normale,Deux véhicules - frontale,,,,,,,,,,,3,1,1,1,1.0
201600003841,0016-08-03 11:45:00,16,8,3,11,45,120,264,TINDOUL DE LA VAYSSIÈRE,44.4377,2.58032,Plein jour,Hors agglomération,Hors intersection,Normale,Trois véhicules et plus - collisions multiples,,,,,,,,,,,1,1,1,1,5.0
201600003842,0016-08-06 18:15:00,16,8,6,18,15,120,199,LE BATUT,44.4248,2.29211,Plein jour,Hors agglomération,Hors intersection,Normale,Trois véhicules et plus - collisions multiples,,,,,,,,,,,1,1,1,1,5.0
201600003843,0016-08-13 10:45:00,16,8,13,10,45,120,254,CADOUL RD 901 - PR 36+10,44.4185,2.53749,Plein jour,Hors agglomération,Hors intersection,Normale,Deux véhicules - côté,,,,,,,,,,,1,1,1,1,3.0
201600003844,0016-10-24 20:30:00,16,10,24,20,30,120,288,RD 840 - PR 15+180,44.4329,2.44251,Nuit sans éclairage public,Hors agglomération,Hors intersection,Temps couvert,Autre collision,,,,,,,,,,,3,1,1,8,6.0
201600003845,0016-01-08 16:30:00,16,1,8,16,30,120,121,BEL AIR,44.4326,2.19301,Plein jour,Hors agglomération,Hors intersection,Temps couvert,Deux véhicules - côté,,,,,,,,,,,1,1,1,8,3.0
201600003846,0016-03-18 10:00:00,16,3,18,10,0,120,101,RD 963 - PR 6+600,44.6111,2.25101,Plein jour,Hors agglomération,Hors intersection,Normale,Trois véhicules et plus - collisions multiples,,,,,,,,,,,1,1,1,1,5.0
201600003847,0016-04-18 12:05:00,16,4,18,12,5,120,101,RD 963 - PR 6+400,44.6114,2.25346,Plein jour,Hors agglomération,Hors intersection,Normale,Autre collision,,,,,,,,,,,1,1,1,1,6.0
201600003848,0016-08-17 15:00:00,16,8,17,15,0,120,290,CAVAGNAC,44.4377,2.19597,Plein jour,Hors agglomération,Hors intersection,Normale,Deux véhicules - arrière,,,,,,,,,,,1,1,1,1,2.0
201600003849,0016-01-10 04:00:00,16,1,10,4,0,120,79,LA BOISSONNADE,44.5325,2.73678,Nuit sans éclairage public,Hors agglomération,Hors intersection,Pluie forte,Autre collision,,,,,,,,,,,3,1,1,3,6.0
201600003850,0016-01-14 09:35:00,16,1,14,9,35,120,172,RD 920 - PR 26+000,44.5759,2.64981,Plein jour,Hors agglomération,Hors intersection,Pluie légère,Autre collision,,,,,,,,,,,1,1,1,2,6.0
201600003851,0016-08-10 07:15:00,16,8,10,7,15,120,33,RD 988 - PR 48+500,44.4465,2.69705,Crépuscule ou aube,Hors agglomération,Hors intersection,Temps éblouissant,Deux véhicules - arrière,,,,,,,,,,,2,1,1,7,2.0
201600003852,0016-08-31 08:30:00,16,8,31,8,30,120,131,PRAT LONG,44.3758,2.65227,Plein jour,Hors agglomération,Hors intersection,Normale,Deux véhicules - frontale,,,,,,,,,,,1,1,1,1,1.0
201600003853,0016-12-30 06:00:00,16,12,30,6,0,120,33,,44.44588,2.69257,Nuit sans éclairage public,Hors agglomération,Hors intersection,Autre,Deux véhicules - frontale,,,,,,,,,,,3,1,1,9,1.0
201600003854,0016-07-30 10:10:00,16,7,30,10,10,120,156,RD 921 - PR 12+500,44.6028,2.79642,Plein jour,Hors agglomération,Hors intersection,Pluie légère,Deux véhicules - frontale,,,,,,,,,,,1,1,1,2,1.0
201600003855,0016-08-18 18:45:00,16,8,18,18,45,120,156,LES QUATRE ROUTES,44.6516,2.79238,Plein jour,Hors agglomération,Intersection en X,Normale,Deux véhicules - côté,,,,,,,,,,,1,1,2,1,3.0
201600003856,0016-11-26 14:05:00,16,11,26,14,5,120,117,LA BORIE DU LINGER,44.7741,2.86625,Plein jour,Hors agglomération,Hors intersection,Normale,Autre collision,,,,,,,,,,,1,1,1,1,6.0
201600003857,0016-05-21 17:55:00,16,5,21,17,55,120,36,LES MAZIALS,44.8333,2.70112,Plein jour,Hors agglomération,Hors intersection,Normale,Sans collision,,,,,,,,,,,1,1,1,1,7.0
201600003858,0016-11-26 15:45:00,16,11,26,15,45,120,226,,44.75135,2.61837,Plein jour,Hors agglomération,Hors intersection,Normale,Autre collision,,,,,,,,,,,1,1,1,1,6.0
201600003859,0016-01-07 19:35:00,16,1,7,19,35,120,204,RD 991 - PR 17+200,44.1114,3.25125,Nuit sans éclairage public,Hors agglomération,Hors intersection,Pluie légère,Sans collision,,,,,,,,,,,3,1,1,2,7.0