accident_id,datetime,annee,mois,jour,heure,minute,departement,commune_insee,adresse,latitude,longitude,luminosite,agglomeration,intersection,meteo,collision,nb_vehicules,nb_usagers,nb_indemnes,nb_tues,nb_blesses_hosp,nb_blesses_legers,age_cond_1,age_cond_2,veh_type_cond_1,veh_type_cond_2,lum_code,agg_code,int_code,atm_code,col_code
201600003860,0016-03-08 18:15:00,16,3,8,18,15,120,200,RD 907 - PR 6+000,44.1904,3.1404,Crépuscule ou aube,Hors agglomération,Hors intersection,Temps couvert,Deux véhicules - côté,,,,,,,,,,,2,1,1,8,3.0
201600003861,0016-05-10 16:45:00,16,5,10,16,45,120,260,,43.96985,3.3905,Plein jour,Hors agglomération,Hors intersection,Normale,Deux véhicules - frontale,,,,,,,,,,,1,1,1,1,1.0
201600003862,0016-06-25 01:10:00,16,6,25,1,10,120,145,RD 809 - PR 58+200,44.0555,3.12684,Nuit sans éclairage public,Hors agglomération,Hors intersection,Autre,Autre collision,,,,,,,,,,,3,1,1,9,6.0
201600003863,0016-07-03 19:15:00,16,7,3,19,15,120,82,RD 7 - PR 49+600,43.9482,3.28295,Plein jour,Hors agglomération,Hors intersection,Normale,Autre collision,,,,,,,,,,,1,1,1,1,6.0
201600003864,0016-07-04 20:40:00,16,7,4,20,40,120,260,LES PLANQUETTES,43.9768,3.36527,Crépuscule ou aube,Hors agglomération,Hors intersection,Normale,Autre collision,,,,,,,,,,,2,1,1,1,6.0
201600003865,0016-07-11 10:15:00,16,7,11,10,15,120,160,RUSTES,44.2011,3.17526,Plein jour,Hors agglomération,Hors intersection,Pluie forte,Autre collision,,,,,,,,,,,1,1,1,3,6.0
201600003866,0016-07-27 16:55:00,16,7,27,16,55,120,212,LE MOULIN D'OLIVIER,43.8983,3.10715,Plein jour,Hors agglomération,Hors intersection,Normale,Autre collision,,,,,,,,,,,1,1,1,1,6.0
201600003867,0016-07-30 16:15:00,16,7,30,16,15,120,225,RUE DU MENASCLE,44.0647,2.98769,Plein jour,En agglomération,Hors intersection,Normale,Autre collision,,,,,,,,,,,1,2,1,1,6.0
201600003868,0016-08-10 11:25:00,16,8,10,11,25,120,200,ROUTE DE MILLAU,44.1863,3.12874,Plein jour,En agglomération,Hors intersection,Normale,Deux véhicules - frontale,,,,,,,,,,,1,2,1,1,1.0
201600003869,0016-08-20 14:00:00,16,8,20,14,0,120,200,QUEZAGUET,44.179,3.1243,Plein jour,Hors agglomération,Hors intersection,Pluie forte,Deux véhicules - frontale,,,,,,,,,,,1,1,1,3,1.0
201600003870,0016-10-14 11:56:00,16,10,14,11,56,120,225,RD 992 - PR 6+350,44.0794,3.00646,Plein jour,Hors agglomération,Hors intersection,Pluie légère,Deux véhicules - frontale,,,,,,,,,,,1,1,1,2,1.0
201600003871,0016-03-25 20:30:00,16,3,25,20,30,120,299,,44.0624,2.71505,Crépuscule ou aube,Hors agglomération,Hors intersection,Normale,Autre collision,,,,,,,,,,,2,1,1,1,6.0
201600003872,0016-04-03 00:35:00,16,4,3,0,35,120,253,RD 993 - PR 17+750,44.1618,2.82137,Nuit sans éclairage public,Hors agglomération,Hors intersection,Pluie forte,Autre collision,,,,,,,,,,,3,1,1,3,6.0
201600003873,0016-05-13 19:00:00,16,5,13,19,0,120,238,RD 911 - PR 22+700,44.2396,2.96482,Crépuscule ou aube,Hors agglomération,Hors intersection,Pluie légère,Deux véhicules - frontale,,,,,,,,,,,2,1,1,2,1.0
201600003874,0016-06-12 18:50:00,16,6,12,18,50,120,213,RD 30 - PR 22+000,44.1757,2.99661,Plein jour,Hors agglomération,Intersection en T,Normale,Deux véhicules - côté,,,,,,,,,,,1,1,3,1,3.0
201600003875,0016-08-10 14:10:00,16,8,10,14,10,120,266,RD 911 - VIAROUGE,44.2425,2.85764,Plein jour,Hors agglomération,Hors intersection,Normale,Sans collision,,,,,,,,,,,1,1,1,1,7.0
201600003876,0016-08-06 17:00:00,16,8,6,17,0,120,62,RD 96 - PR 9+200,44.1112,2.936,Plein jour,Hors agglomération,Hors intersection,Normale,Sans collision,,,,,,,,,,,1,1,1,1,7.0
201600003877,0016-12-08 14:00:00,16,12,8,14,0,120,291,RD 809 - PR 31+000,44.206,3.08564,Plein jour,Hors agglomération,Hors intersection,Normale,Sans collision,,,,,,,,,,,1,1,1,1,7.0
201600003878,0016-12-18 13:00:00,16,12,18,13,0,120,238,LA GLENE,44.2013,3.01557,Plein jour,Hors agglomération,Hors intersection,Temps éblouissant,Autre collision,,,,,,,,,,,1,1,1,7,6.0
201600003879,0016-09-27 12:05:00,16,9,27,12,5,120,196,BESSODES LE VIEUX,44.3484,2.99311,Plein jour,Hors agglomération,Hors intersection,Normale,Deux véhicules - arrière,,,,,,,,,,,1,1,1,1,2.0
201600003880,0016-03-21 15:50:00,16,3,21,15,50,120,208,LE VERN,43.9559,2.86023,Plein jour,Hors agglomération,Hors intersection,Normale,Sans collision,,,,,,,,,,,1,1,1,1,7.0
201600003881,0016-04-01 16:00:00,16,4,1,16,0,120,208,,43.91607,2.90112,Plein jour,Hors agglomération,Hors intersection,Pluie légère,Deux véhicules - frontale,,,,,,,,,,,1,1,1,2,1.0
201600003882,0016-04-16 08:45:00,16,4,16,8,45,120,208,CARREFOUR DOUZE ÉTOILES,43.9514,2.89519,Plein jour,En agglomération,Intersection en X,Normale,Deux véhicules - côté,,,,,,,,,,,1,2,2,1,3.0
201600003883,0016-04-28 14:42:00,16,4,28,14,42,120,286,RD 999 - SALMANAC,43.9203,2.82368,Plein jour,Hors agglomération,Hors intersection,Normale,Autre collision,,,,,,,,,,,1,1,1,1,6.0
201600003884,0016-07-26 11:15:00,16,7,26,11,15,120,232,LE BOURG ST JEAN D'ALCAS,43.9274,3.0099,Plein jour,En agglomération,Hors intersection,Normale,Autre collision,,,,,,,,,,,1,2,1,1,6.0
201600003885,0016-07-27 07:30:00,16,7,27,7,30,120,243,BLAYAC - RD 999 44+300,44.0139,2.99137,Crépuscule ou aube,Hors agglomération,Hors intersection,Normale,Deux véhicules - côté,,,,,,,,,,,2,1,1,1,3.0
201600003886,0016-07-30 14:25:00,16,7,30,14,25,120,208,ROUTE DE BOURNAC,43.958,2.8504,Plein jour,Hors agglomération,Hors intersection,Normale,Deux véhicules - côté,,,,,,,,,,,1,1,1,1,3.0
201600003887,0016-08-07 11:00:00,16,8,7,11,0,120,203,,43.96266,2.94972,Plein jour,Hors agglomération,Hors intersection,Normale,Deux véhicules - frontale,,,,,,,,,,,1,1,1,1,1.0
201600003888,0016-08-26 18:30:00,16,8,26,18,30,120,244,RD 993 - PR 42+500,44.0392,2.91521,Plein jour,Hors agglomération,Hors intersection,Autre,Sans collision,,,,,,,,,,,1,1,1,9,7.0
201600003889,0016-11-25 13:40:00,16,11,25,13,40,120,243,RD 3 - PR 17+300,44.0043,2.9589,Plein jour,Hors agglomération,Hors intersection,Pluie légère,Autre collision,,,,,,,,,,,1,1,1,2,6.0
201600003890,0016-05-14 16:30:00,16,5,14,16,30,120,147,CENOMES - RD 902,43.8152,3.0545,Plein jour,Hors agglomération,Hors intersection,Normale,Deux véhicules - frontale,,,,,,,,,,,1,1,1,1,1.0
201600003891,0016-05-24 06:15:00,16,5,24,6,15,380,372,,,,Plein jour,Hors agglomération,Hors intersection,Temps couvert,Deux véhicules - frontale,,,,,,,,,,,1,1,1,8,1.0
201600003892,0016-11-29 13:00:00,16,11,29,13,0,120,300,RD 911 - PR 111+800,44.3652,1.9714,Plein jour,Hors agglomération,Hors intersection,Normale,Deux véhicules - frontale,,,,,,,,,,,1,1,1,1,1.0
201600003893,0016-01-23 11:50:00,16,1,23,11,50,120,263,,44.345,2.0434,Plein jour,Hors agglomération,Hors intersection,Temps couvert,Deux véhicules - frontale,,,,,,,,,,,1,1,1,8,1.0
201600003894,0016-01-29 16:25:00,16,1,29,16,25,120,300,RUE EMILE BOREL,44.3569,2.03287,Plein jour,En agglomération,Hors intersection,Normale,Deux véhicules - côté,,,,,,,,,,,1,2,1,1,3.0
201600003895,0016-12-25 17:00:00,16,12,25,17,0,120,300,BD CHARLES DE GAULE,,,Crépuscule ou aube,En agglomération,Hors intersection,Temps couvert,Deux véhicules - côté,,,,,,,,,,,2,2,1,8,3.0
201600003896,0016-04-22 09:45:00,16,4,22,9,45,120,287,TIBOURRE,44.3133,1.896,Plein jour,Hors agglomération,Hors intersection,Normale,Autre collision,,,,,,,,,,,1,1,1,1,6.0
201600003897,0016-05-05 14:00:00,16,5,5,14,0,120,300,ROUTE DE VEZIS,44.3484,2.05478,Plein jour,En agglomération,Hors intersection,Normale,Autre collision,,,,,,,,,,,1,2,1,1,6.0
201600003898,0016-05-13 15:30:00,16,5,13,15,30,120,300,RD 1 - PR 54+200,44.3811,2.02925,Plein jour,Hors agglomération,Hors intersection,Temps couvert,Deux véhicules - frontale,,,,,,,,,,,1,1,1,8,1.0
201600003899,0016-06-10 09:00:00,16,6,10,9,0,120,159,,44.3249,2.09566,Plein jour,Hors agglomération,Hors intersection,Normale,Deux véhicules - côté,,,,,,,,,,,1,1,1,1,3.0
201600003900,0016-06-12 05:30:00,16,6,12,5,30,120,136,,44.39725,2.0777,Crépuscule ou aube,Hors agglomération,Hors intersection,Normale,Sans collision,,,,,,,,,,,2,1,1,1,7.0
201600003901,0016-07-03 19:30:00,16,7,3,19,30,120,136,RD 1 - PR 45+450,44.4168,2.10119,Plein jour,Hors agglomération,Hors intersection,Normale,Autre collision,,,,,,,,,,,1,1,1,1,6.0
201600003902,0016-07-08 18:30:00,16,7,8,18,30,120,263,RD 911 - PR 110+500,44.3591,1.98922,Plein jour,Hors agglomération,Hors intersection,Temps éblouissant,Deux véhicules - côté,,,,,,,,,,,1,1,1,7,3.0
201600003903,0016-08-21 22:00:00,16,8,21,22,0,120,136,,44.42133,2.11392,Nuit sans éclairage public,Hors agglomération,Hors intersection,Normale,Autre collision,,,,,,,,,,,3,1,1,1,6.0
201600003904,0016-11-10 09:45:00,16,11,10,9,45,120,300,RD 911 - PR 103+500,44.3441,2.04338,Plein jour,Hors agglomération,Hors intersection,Pluie légère,Autre collision,,,,,,,,,,,1,1,1,2,6.0
201600003905,0016-01-08 11:05:00,16,1,8,11,5,120,242,COTE DES TAILLADE,44.3925,2.05367,Plein jour,Hors agglomération,Hors intersection,Temps couvert,Deux véhicules - côté,,,,,,,,,,,1,1,1,8,3.0
201600003906,0016-03-20 22:00:00,16,3,20,22,0,120,217,D146 ROUTE DE MARIN,44.3993,1.97252,Nuit sans éclairage public,Hors agglomération,Hors intersection,Normale,Autre collision,,,,,,,,,,,3,1,1,1,6.0
201600003907,0016-04-14 07:30:00,16,4,14,7,30,120,301,LA TEULIERES,44.4905,2.0284,Plein jour,Hors agglomération,Hors intersection,Normale,Deux véhicules - côté,,,,,,,,,,,1,1,1,1,3.0
201600003908,0016-06-02 17:50:00,16,6,2,17,50,120,272,RD 994 - PR 3+940,44.5643,2.10038,Plein jour,Hors agglomération,Hors intersection,Pluie légère,Deux véhicules - côté,,,,,,,,,,,1,1,1,2,3.0
201600003909,0016-06-11 19:30:00,16,6,11,19,30,120,217,GOUZOU,44.4146,1.96968,Plein jour,Hors agglomération,Intersection en T,Temps couvert,Deux véhicules - frontale,,,,,,,,,,,1,1,3,8,1.0
201600003910,0016-08-23 12:30:00,16,8,23,12,30,120,104,RD 922 - PR 52+000,44.5134,2.02873,Plein jour,Hors agglomération,Hors intersection,Normale,Deux véhicules - arrière,,,,,,,,,,,1,1,1,1,2.0
201600003911,0016-12-28 16:05:00,16,12,28,16,5,120,258,LA CROIX DE LA FABOULIE,44.2051,2.21125,Plein jour,Hors agglomération,Intersection en T,Temps éblouissant,Deux véhicules - côté,,,,,,,,,,,1,1,3,7,3.0
201600003912,0016-04-18 14:45:00,16,4,18,14,45,320,300,,43.5512,0.61034,Plein jour,Hors agglomération,Hors intersection,Normale,Deux véhicules - arrière,,,,,,,,,,,1,1,1,1,2.0
201600003913,0016-08-20 09:15:00,16,8,20,9,15,320,200,,43.5869,0.54619,Plein jour,Hors agglomération,Hors intersection,Pluie légère,Deux véhicules - côté,,,,,,,,,,,1,1,1,2,3.0
201600003914,0016-10-25 19:15:00,16,10,25,19,15,320,200,,43.5831,0.54111,Nuit sans éclairage public,Hors agglomération,Hors intersection,Normale,Autre collision,,,,,,,,,,,3,1,1,1,6.0
201600003915,0016-11-15 17:45:00,16,11,15,17,45,320,91,,43.7011,0.51525,Crépuscule ou aube,Hors agglomération,Hors intersection,Normale,Trois véhicules et plus - collisions multiples,,,,,,,,,,,2,1,1,1,5.0
201600003916,0016-12-16 11:45:00,16,12,16,11,45,320,282,,43.6531,0.66493,Plein jour,Hors agglomération,Hors intersection,Normale,Deux véhicules - côté,,,,,,,,,,,1,1,1,1,3.0
201600003917,0016-12-17 22:00:00,16,12,17,22,0,320,279,,43.6862,0.69396,Nuit sans éclairage public,Hors agglomération,Hors intersection,Normale,Autre collision,,,,,,,,,,,3,1,1,1,6.0
201600003918,0016-02-26 00:30:00,16,2,26,0,30,320,173,,43.7602,0.88376,Nuit avec éclairage non allumé,Hors agglomération,Hors intersection,Normale,Sans collision,,,,,,,,,,,4,1,1,1,7.0
201600003919,0016-05-01 14:45:00,16,5,1,14,45,320,2,,43.6842,0.81406,Plein jour,Hors agglomération,Hors intersection,Normale,Sans collision,,,,,,,,,,,1,1,1,1,7.0
201600003920,0016-05-24 09:45:00,16,5,24,9,45,320,147,BOULEVARD DU NORD,43.6262,0.87871,Plein jour,En agglomération,Intersection en T,Normale,Deux véhicules - côté,,,,,,,,,,,1,2,3,1,3.0
201600003921,0016-05-30 14:00:00,16,5,30,14,0,320,147,,43.6312,0.86701,Plein jour,En agglomération,Hors intersection,Pluie légère,Autre collision,,,,,,,,,,,1,2,1,2,6.0
201600003922,0016-06-20 20:30:00,16,6,20,20,30,320,148,,43.6141,0.93949,Plein jour,Hors agglomération,Hors intersection,Normale,Autre collision,,,,,,,,,,,1,1,1,1,6.0
201600003923,0016-06-27 17:15:00,16,6,27,17,15,320,249,,43.7305,0.89555,Plein jour,Hors agglomération,Hors intersection,Temps éblouissant,Deux véhicules - frontale,,,,,,,,,,,1,1,1,7,1.0
201600003924,0016-07-01 14:00:00,16,7,1,14,0,320,237,,43.6475,0.72047,Plein jour,Hors agglomération,Hors intersection,Normale,Autre collision,,,,,,,,,,,1,1,1,1,6.0
201600003925,0016-07-11 16:00:00,16,7,11,16,0,320,148,,43.6172,0.92674,Plein jour,Hors agglomération,Hors intersection,Normale,Trois véhicules et plus - collisions multiples,,,,,,,,,,,1,1,1,1,5.0
201600003926,0016-07-27 08:15:00,16,7,27,8,15,320,173,,43.7499,0.88342,Plein jour,Hors agglomération,Hors intersection,Normale,Deux véhicules - frontale,,,,,,,,,,,1,1,1,1,1.0
201600003927,0016-08-21 08:00:00,16,8,21,8,0,320,436,,43.8162,0.90659,Crépuscule ou aube,Hors agglomération,Hors intersection,Brouillard / fumée,Deux véhicules - frontale,,,,,,,,,,,2,1,1,5,1.0
201600003928,0016-01-27 21:00:00,16,1,27,21,0,320,121,,43.5604,1.01384,Nuit sans éclairage public,Hors agglomération,Hors intersection,Brouillard / fumée,Autre collision,,,,,,,,,,,3,1,1,5,6.0
201600003929,0016-02-26 13:00:00,16,2,26,13,0,320,160,,43.6191,1.04075,Plein jour,Hors agglomération,Hors intersection,Normale,Deux véhicules - côté,,,,,,,,,,,1,1,1,1,3.0
201600003930,0016-04-03 16:30:00,16,4,3,16,30,320,106,ROUTE DE SAINT CRICQ,43.7177,0.9822,Plein jour,En agglomération,Hors intersection,Normale,Sans collision,,,,,,,,,,,1,2,1,1,7.0
201600003931,0016-05-01 07:15:00,16,5,1,7,15,320,334,,43.582,1.18766,Crépuscule ou aube,Hors agglomération,Hors intersection,Normale,Autre collision,,,,,,,,,,,2,1,1,1,6.0
201600003932,0016-05-16 14:30:00,16,5,16,14,30,320,334,391 CHEMIN DE SAINT JACQ,43.5913,1.14474,Plein jour,Hors agglomération,Hors intersection,Normale,Deux véhicules - frontale,,,,,,,,,,,1,1,1,1,1.0
201600003933,0016-06-21 19:00:00,16,6,21,19,0,320,160,,43.6362,1.04357,Plein jour,Hors agglomération,Hors intersection,Normale,Deux véhicules - frontale,,,,,,,,,,,1,1,1,1,1.0
201600003934,0016-07-28 19:15:00,16,7,28,19,15,320,38,,43.6348,1.00637,Plein jour,Hors agglomération,Intersection en T,Normale,Deux véhicules - arrière,,,,,,,,,,,1,1,3,1,2.0
201600003935,0016-08-10 16:15:00,16,8,10,16,15,320,160,,43.6107,1.076,Plein jour,En agglomération,Hors intersection,Normale,Sans collision,,,,,,,,,,,1,2,1,1,7.0
201600003936,0016-08-23 22:00:00,16,8,23,22,0,320,160,,43.5964,1.11019,Nuit sans éclairage public,Hors agglomération,Hors intersection,Normale,Sans collision,,,,,,,,,,,3,1,1,1,7.0
201600003937,0016-10-31 15:15:00,16,10,31,15,15,320,160,,43.6379,1.10332,Plein jour,Hors agglomération,Hors intersection,Normale,Sans collision,,,,,,,,,,,1,1,1,1,7.0
201600003938,0016-12-22 19:45:00,16,12,22,19,45,320,377,,43.7303,0.9043,Nuit sans éclairage public,Hors agglomération,Hors intersection,Pluie légère,Autre collision,,,,,,,,,,,3,1,1,2,6.0
201600003939,0016-04-10 11:30:00,16,4,10,11,30,320,418,,43.4427,0.85515,Plein jour,Hors agglomération,Hors intersection,Normale,Autre collision,,,,,,,,,,,1,1,1,1,6.0
201600003940,0016-04-15 07:45:00,16,4,15,7,45,320,418,,43.4488,0.87024,Plein jour,Hors agglomération,Hors intersection,Normale,Deux véhicules - frontale,,,,,,,,,,,1,1,1,1,1.0
201600003941,0016-06-18 14:00:00,16,6,18,14,0,320,141,,43.4004,0.72875,Plein jour,Hors agglomération,Hors intersection,Normale,Autre collision,,,,,,,,,,,1,1,1,1,6.0
201600003942,0016-07-29 20:15:00,16,7,29,20,15,320,374,,43.4887,0.75186,Plein jour,Hors agglomération,Intersection en X,Normale,Deux véhicules - frontale,,,,,,,,,,,1,1,2,1,1.0
201600003943,0016-10-22 15:00:00,16,10,22,15,0,320,153,,43.5607,0.64785,Plein jour,Hors agglomération,Hors intersection,Normale,Deux véhicules - frontale,,,,,,,,,,,1,1,1,1,1.0
201600003944,0016-05-08 22:00:00,16,5,8,22,0,320,204,,43.7765,0.54698,Nuit sans éclairage public,Hors agglomération,Hors intersection,Normale,Autre collision,,,,,,,,,,,3,1,1,1,6.0
201600003945,0016-07-12 17:15:00,16,7,12,17,15,320,301,,43.7116,0.43778,Plein jour,Hors agglomération,Hors intersection,Pluie légère,Deux véhicules - frontale,,,,,,,,,,,1,1,1,2,1.0
201600003946,0016-07-28 20:30:00,16,7,28,20,30,320,462,,43.7571,0.23298,Plein jour,Hors agglomération,Intersection en X,Normale,Deux véhicules - côté,,,,,,,,,,,1,1,2,1,3.0
201600003947,0016-08-10 19:30:00,16,8,10,19,30,320,71,,43.7096,0.32398,Plein jour,Hors agglomération,Hors intersection,Normale,Autre collision,,,,,,,,,,,1,1,1,1,6.0
201600003948,0016-09-19 00:15:00,16,9,19,0,15,320,162,,43.7825,0.45555,Nuit sans éclairage public,Hors agglomération,Hors intersection,Normale,Autre collision,,,,,,,,,,,3,1,1,1,6.0
201600003949,0016-11-07 06:00:00,16,11,7,6,0,320,54,,43.7039,0.44847,Nuit sans éclairage public,Hors agglomération,Hors intersection,Normale,Autre collision,,,,,,,,,,,3,1,1,1,6.0
201600003950,0016-11-29 12:15:00,16,11,29,12,15,320,65,,43.6534,0.40415,Plein jour,Hors agglomération,Hors intersection,Normale,Autre collision,,,,,,,,,,,1,1,1,1,6.0
201600003951,0016-12-16 14:30:00,16,12,16,14,30,320,251,,43.7448,0.54544,Plein jour,Hors agglomération,Hors intersection,Normale,Autre collision,,,,,,,,,,,1,1,1,1,6.0
201600003952,0016-04-17 22:30:00,16,4,17,22,30,320,83,D930,43.8022,0.43371,Nuit avec éclairage allumé,En agglomération,Hors intersection,Normale,Autre collision,,,,,,,,,,,5,2,1,1,6.0
201600003953,0016-07-23 18:15:00,16,7,23,18,15,320,292,D931,43.9046,0.2976,Plein jour,En agglomération,Intersection en T,Normale,Deux véhicules - côté,,,,,,,,,,,1,2,3,1,3.0
201600003954,0016-07-27 06:30:00,16,7,27,6,30,320,196,,43.8341,0.43674,Crépuscule ou aube,Hors agglomération,Hors intersection,Normale,Autre collision,,,,,,,,,,,2,1,1,1,6.0
201600003955,0016-07-30 07:30:00,16,7,30,7,30,320,107,,43.9719,0.40495,Plein jour,Hors agglomération,Hors intersection,Normale,Sans collision,,,,,,,,,,,1,1,1,1,7.0
201600003956,0016-10-08 01:45:00,16,10,8,1,45,320,194,,43.9346,0.3067,Nuit sans éclairage public,Hors agglomération,Hors intersection,Normale,Autre collision,,,,,,,,,,,3,1,1,1,6.0
201600003957,0016-11-06 15:00:00,16,11,6,15,0,320,290,,43.9708,0.22214,Plein jour,Hors agglomération,Hors intersection,Temps éblouissant,Autre collision,,,,,,,,,,,1,1,1,7,6.0
201600003958,0016-11-28 10:30:00,16,11,28,10,30,320,143,,44.0085,0.43792,Plein jour,Hors agglomération,Hors intersection,Normale,Sans collision,,,,,,,,,,,1,1,1,1,7.0
201600003959,0016-12-05 08:30:00,16,12,5,8,30,320,351,,43.8492,0.28903,Plein jour,Hors agglomération,Hors intersection,Normale,Autre collision,,,,,,,,,,,1,1,1,1,6.0
201600003960,0016-12-17 16:45:00,16,12,17,16,45,320,107,,43.9695,0.40177,Plein jour,Hors agglomération,Hors intersection,Normale,Trois véhicules et plus - collisions multiples,,,,,,,,,,,1,1,1,1,5.0
201600003961,0016-02-16 16:15:00,16,2,16,16,15,320,96,,43.9566,-0.02135,Plein jour,Hors agglomération,Intersection en X,Normale,Deux véhicules - côté,,,,,,,,,,,1,1,2,1,3.0
201600003962,0016-04-15 11:30:00,16,4,15,11,30,320,274,,43.8187,-0.13908,Plein jour,Hors agglomération,Intersection en T,Normale,Deux véhicules - côté,,,,,,,,,,,1,1,3,1,3.0
201600003963,0016-05-04 08:00:00,16,5,4,8,0,320,246,,43.8549,-0.1315,Plein jour,Hors agglomération,Intersection en T,Normale,Deux véhicules - arrière,,,,,,,,,,,1,1,3,1,2.0
201600003964,0016-05-22 16:45:00,16,5,22,16,45,320,264,,43.903,-0.08516,Plein jour,Hors agglomération,Hors intersection,Vent fort / tempête,Autre collision,,,,,,,,,,,1,1,1,6,6.0
201600003965,0016-07-15 05:00:00,16,7,15,5,0,320,64,,43.8886,0.14662,Nuit sans éclairage public,Hors agglomération,Hors intersection,Normale,Autre collision,,,,,,,,,,,3,1,1,1,6.0
201600003966,0016-09-27 17:15:00,16,9,27,17,15,320,96,,43.93,-0.07179,Plein jour,Hors agglomération,Hors intersection,Normale,Deux véhicules - frontale,,,,,,,,,,,1,1,1,1,1.0
201600003967,0016-10-06 22:30:00,16,10,6,22,30,320,79,,43.9709,0.14095,Nuit sans éclairage public,Hors agglomération,Hors intersection,Normale,Autre collision,,,,,,,,,,,3,1,1,1,6.0
201600003968,0016-10-11 11:15:00,16,10,11,11,15,320,340,,43.8752,0.03383,Plein jour,Hors agglomération,Hors intersection,Normale,Autre collision,,,,,,,,,,,1,1,1,1,6.0
201600003969,0016-10-17 07:30:00,16,10,17,7,30,320,211,,43.8657,-0.06858,Nuit sans éclairage public,Hors agglomération,Hors intersection,Normale,Deux véhicules - arrière,,,,,,,,,,,3,1,1,1,2.0
201600003970,0016-10-24 10:30:00,16,10,24,10,30,320,119,,43.8356,0.15154,Plein jour,Hors agglomération,Intersection en Y,Normale,Deux véhicules - côté,,,,,,,,,,,1,1,4,1,3.0
201600003971,0016-12-03 16:15:00,16,12,3,16,15,320,246,,43.8425,-0.11532,Plein jour,Hors agglomération,Hors intersection,Temps éblouissant,Deux véhicules - frontale,,,,,,,,,,,1,1,1,7,1.0
201600003972,0016-12-16 12:30:00,16,12,16,12,30,320,227,,43.7949,0.07887,Plein jour,Hors agglomération,Hors intersection,Normale,Deux véhicules - côté,,,,,,,,,,,1,1,1,1,3.0
201600003973,0016-01-19 11:45:00,16,1,19,11,45,320,253,,43.9919,0.72502,Plein jour,Hors agglomération,Hors intersection,Normale,Sans collision,,,,,,,,,,,1,1,1,1,7.0
201600003974,0016-02-15 17:00:00,16,2,15,17,0,320,208,,43.9619,0.65888,Plein jour,Hors agglomération,Hors intersection,Normale,Autre collision,,,,,,,,,,,1,1,1,1,6.0
201600003975,0016-02-19 08:00:00,16,2,19,8,0,320,320,,43.9427,0.75622,Crépuscule ou aube,Hors agglomération,Hors intersection,Brouillard / fumée,Autre collision,,,,,,,,,,,2,1,1,5,6.0
201600003976,0016-04-15 18:00:00,16,4,15,18,0,320,68,,43.8282,0.77395,Plein jour,Hors agglomération,Hors intersection,Normale,Deux véhicules - frontale,,,,,,,,,,,1,1,1,1,1.0
201600003977,0016-05-30 17:00:00,16,5,30,17,0,320,132,44 RUE VICTOR HUGO,43.8515,0.65956,Plein jour,En agglomération,Hors intersection,Normale,Deux véhicules - arrière,,,,,,,,,,,1,2,1,1,2.0
201600003978,0016-07-02 11:30:00,16,7,2,11,30,320,208,,43.9537,0.65104,Plein jour,Hors agglomération,Intersection en T,Normale,Deux véhicules - côté,,,,,,,,,,,1,1,3,1,3.0
201600003979,0016-07-25 18:15:00,16,7,25,18,15,320,286,,43.8051,0.64294,Plein jour,Hors agglomération,Hors intersection,Normale,Deux véhicules - frontale,,,,,,,,,,,1,1,1,1,1.0
201600003980,0016-08-22 14:15:00,16,8,22,14,15,320,208,,43.9337,0.5974,Plein jour,Hors agglomération,Hors intersection,Normale,Deux véhicules - côté,,,,,,,,,,,1,1,1,1,3.0
201600003981,0016-08-25 19:00:00,16,8,25,19,0,320,132,BD DANNEZ,43.8473,0.66101,Plein jour,En agglomération,Hors intersection,Normale,Deux véhicules - frontale,,,,,,,,,,,1,2,1,1,1.0
201600003982,0016-09-04 00:30:00,16,9,4,0,30,320,253,,43.9937,0.75467,Nuit sans éclairage public,Hors agglomération,Hors intersection,Normale,Sans collision,,,,,,,,,,,3,1,1,1,7.0
201600003983,0016-09-21 16:15:00,16,9,21,16,15,320,395,,43.9974,0.68329,Plein jour,Hors agglomération,Intersection en X,Normale,Deux véhicules - côté,,,,,,,,,,,1,1,2,1,3.0
201600003984,0016-11-03 17:45:00,16,11,3,17,45,320,314,,43.9881,0.8116,Nuit sans éclairage public,Hors agglomération,Intersection en X,Normale,Deux véhicules - côté,,,,,,,,,,,3,1,2,1,3.0
201600003985,0016-12-24 10:30:00,16,12,24,10,30,320,132,PLACE DE LA RÉPUBLIQUE,43.8495,0.66303,Plein jour,En agglomération,Place,Normale,Autre collision,,,,,,,,,,,1,2,7,1,6.0
201600003986,0016-12-25 01:15:00,16,12,25,1,15,320,132,,43.86,0.68309,Nuit sans éclairage public,Hors agglomération,Hors intersection,Pluie légère,Autre collision,,,,,,,,,,,3,1,1,2,6.0
201600003987,0016-01-28 03:45:00,16,1,28,3,45,320,413,,43.3624,0.69782,Nuit sans éclairage public,Hors agglomération,Hors intersection,Brouillard / fumée,Autre collision,,,,,,,,,,,3,1,1,5,6.0
201600003988,0016-04-02 18:00:00,16,4,2,18,0,320,215,,43.4915,0.52291,Plein jour,Hors agglomération,Hors intersection,Normale,Sans collision,,,,,,,,,,,1,1,1,1,7.0
201600003989,0016-04-21 17:15:00,16,4,21,17,15,320,67,,43.3514,0.59633,Plein jour,Hors agglomération,Intersection en X,Pluie légère,Deux véhicules - côté,,,,,,,,,,,1,1,2,2,3.0