accident_id,datetime,annee,mois,jour,heure,minute,departement,commune_insee,adresse,latitude,longitude,luminosite,agglomeration,intersection,meteo,collision,nb_vehicules,nb_usagers,nb_indemnes,nb_tues,nb_blesses_hosp,nb_blesses_legers,age_cond_1,age_cond_2,veh_type_cond_1,veh_type_cond_2,lum_code,agg_code,int_code,atm_code,col_code
201600003990,0016-05-31 18:00:00,16,5,31,18,0,320,45,RIBERE,43.464,0.41176,Plein jour,En agglomération,Hors intersection,Normale,Autre collision,,,,,,,,,,,1,2,1,1,6.0
201600003991,0016-06-16 18:45:00,16,6,16,18,45,320,260,,43.3797,0.71264,Plein jour,Hors agglomération,Intersection en X,Normale,Deux véhicules - côté,,,,,,,,,,,1,1,2,1,3.0
201600003992,0016-07-30 21:15:00,16,7,30,21,15,320,252,,43.4551,0.30089,Crépuscule ou aube,Hors agglomération,Intersection en X,Normale,Deux véhicules - côté,,,,,,,,,,,2,1,2,1,3.0
201600003993,0016-08-05 12:00:00,16,8,5,12,0,320,254,,43.5402,0.45458,Plein jour,Hors agglomération,Intersection en X,Normale,Deux véhicules - côté,,,,,,,,,,,1,1,2,1,3.0
201600003994,0016-08-17 17:45:00,16,8,17,17,45,320,252,,43.411,0.3075,Plein jour,Hors agglomération,Hors intersection,Normale,Autre collision,,,,,,,,,,,1,1,1,1,6.0
201600003995,0016-08-25 11:15:00,16,8,25,11,15,320,116,,43.3471,0.4191,Plein jour,Hors agglomération,Hors intersection,Normale,Deux véhicules - frontale,,,,,,,,,,,1,1,1,1,1.0
201600003996,0016-08-28 15:00:00,16,8,28,15,0,320,122,,43.4291,0.55949,Plein jour,Hors agglomération,Hors intersection,Normale,Autre collision,,,,,,,,,,,1,1,1,1,6.0
201600003997,0016-10-15 11:00:00,16,10,15,11,0,320,181,ROUTE NATIONALE,43.4201,0.25748,Plein jour,En agglomération,Hors intersection,Normale,Deux véhicules - arrière,,,,,,,,,,,1,2,1,1,2.0
201600003998,0016-10-31 19:45:00,16,10,31,19,45,320,438,,43.4678,0.66893,Nuit sans éclairage public,Hors agglomération,Hors intersection,Normale,Autre collision,,,,,,,,,,,3,1,1,1,6.0
201600003999,0016-09-15 17:15:00,16,9,15,17,15,320,8,,43.513,0.09454,Plein jour,Hors agglomération,Intersection en X,Normale,Deux véhicules - côté,,,,,,,,,,,1,1,2,1,3.0
201600004000,0016-09-20 17:15:00,16,9,20,17,15,320,285,,43.5539,0.32776,Plein jour,Hors agglomération,Hors intersection,Normale,Autre collision,,,,,,,,,,,1,1,1,1,6.0
201600004001,0016-10-02 11:45:00,16,10,2,11,45,320,285,,43.5509,0.36348,Plein jour,Hors agglomération,Hors intersection,Normale,Autre collision,,,,,,,,,,,1,1,1,1,6.0
201600004002,0016-10-02 10:15:00,16,10,2,10,15,320,109,,43.6306,0.12379,Plein jour,Hors agglomération,Hors intersection,Normale,Sans collision,,,,,,,,,,,1,1,1,1,7.0
201600004003,0016-10-09 18:30:00,16,10,9,18,30,320,440,,43.6296,-0.00015,Plein jour,Hors agglomération,Intersection en X,Normale,Deux véhicules - côté,,,,,,,,,,,1,1,2,1,3.0
201600004004,0016-11-23 18:15:00,16,11,23,18,15,320,330,,43.5998,-0.01059,Nuit sans éclairage public,Hors agglomération,Hors intersection,Pluie forte,Deux véhicules - frontale,,,,,,,,,,,3,1,1,3,1.0
201600004005,0016-02-27 09:30:00,16,2,27,9,30,320,273,,43.4999,0.23394,Plein jour,Hors agglomération,Intersection en X,Pluie forte,Deux véhicules - côté,,,,,,,,,,,1,1,2,3,3.0
201600004006,0016-04-06 17:15:00,16,4,6,17,15,320,296,AVENUE DU MIDOUR,43.7597,-0.03172,Plein jour,En agglomération,Hors intersection,Normale,Autre collision,,,,,,,,,,,1,2,1,1,6.0
201600004007,0016-05-07 15:15:00,16,5,7,15,15,320,369,,43.7882,0.00029,Plein jour,Hors agglomération,Hors intersection,Normale,Deux véhicules - côté,,,,,,,,,,,1,1,1,1,3.0
201600004008,0016-05-22 22:00:00,16,5,22,22,0,320,369,,43.7938,0.02973,Nuit sans éclairage public,Hors agglomération,Intersection en Y,Pluie légère,Deux véhicules - côté,,,,,,,,,,,3,1,4,2,3.0
201600004009,0016-06-18 02:00:00,16,6,18,2,0,320,5,,43.7277,-0.03618,Nuit avec éclairage non allumé,Hors agglomération,Hors intersection,Pluie légère,Sans collision,,,,,,,,,,,4,1,1,2,7.0
201600004010,0016-08-27 18:30:00,16,8,27,18,30,320,202,,43.789,-0.10773,Plein jour,Hors agglomération,Hors intersection,Normale,Sans collision,,,,,,,,,,,1,1,1,1,7.0
201600004011,0016-10-10 20:45:00,16,10,10,20,45,320,27,,43.6977,-0.23884,Nuit sans éclairage public,Hors agglomération,Hors intersection,Normale,Autre collision,,,,,,,,,,,3,1,1,1,6.0
201600004012,0016-10-23 12:00:00,16,10,23,12,0,320,291,,43.7961,-0.14833,Plein jour,Hors agglomération,Hors intersection,Normale,Deux véhicules - frontale,,,,,,,,,,,1,1,1,1,1.0
201600004013,0016-11-20 17:30:00,16,11,20,17,30,320,460,,43.7317,-0.16529,Crépuscule ou aube,Hors agglomération,Hors intersection,Pluie légère,Deux véhicules - frontale,,,,,,,,,,,2,1,1,2,1.0
201600004014,0016-11-29 16:30:00,16,11,29,16,30,320,191,,43.7501,-0.10169,Plein jour,Hors agglomération,Hors intersection,Normale,Deux véhicules - côté,,,,,,,,,,,1,1,1,1,3.0
201600004015,0016-12-22 12:30:00,16,12,22,12,30,320,170,,43.6252,-0.13989,Plein jour,Hors agglomération,Hors intersection,Pluie légère,Deux véhicules - frontale,,,,,,,,,,,1,1,1,2,1.0
201600004016,0016-02-23 14:00:00,16,2,23,14,0,460,202,,44.3051,1.51055,Plein jour,Hors agglomération,Hors intersection,Pluie légère,Autre collision,,,,,,,,,,,1,1,1,2,6.0
201600004017,0016-05-19 10:45:00,16,5,19,10,45,460,137,,44.39467,1.36745,Plein jour,Hors agglomération,Hors intersection,Normale,Deux véhicules - côté,,,,,,,,,,,1,1,1,1,3.0
201600004018,0016-05-23 15:15:00,16,5,23,15,15,460,109,,44.33224,1.50169,Plein jour,Hors agglomération,Hors intersection,Vent fort / tempête,Deux véhicules - arrière,,,,,,,,,,,1,1,1,6,2.0
201600004019,0016-11-24 20:30:00,16,11,24,20,30,460,109,,44.31428,1.51154,Nuit sans éclairage public,Hors agglomération,Hors intersection,Autre,Deux véhicules - arrière,,,,,,,,,,,3,1,1,9,2.0
201600004020,0016-02-11 16:15:00,16,2,11,16,15,460,137,,,,Plein jour,Hors agglomération,Hors intersection,Pluie forte,Autre collision,,,,,,,,,,,1,1,1,3,6.0
201600004021,0016-03-04 01:00:00,16,3,4,1,0,460,197,,,,Nuit avec éclairage non allumé,Hors agglomération,Hors intersection,Pluie forte,Autre collision,,,,,,,,,,,4,1,1,3,6.0
201600004022,0016-03-05 15:15:00,16,3,5,15,15,460,197,,,,Plein jour,Hors agglomération,Giratoire,Pluie légère,Autre collision,,,,,,,,,,,1,1,6,2,6.0
201600004023,0016-03-11 15:30:00,16,3,11,15,30,460,137,,,,Plein jour,Hors agglomération,Hors intersection,Normale,Deux véhicules - frontale,,,,,,,,,,,1,1,1,1,1.0
201600004024,0016-04-09 08:00:00,16,4,9,8,0,460,201,,44.34383,1.20904,Plein jour,Hors agglomération,Intersection en X,Normale,Trois véhicules et plus - collisions multiples,,,,,,,,,,,1,1,2,1,5.0
201600004025,0016-05-16 10:15:00,16,5,16,10,15,460,10,,44.41995,1.56263,Plein jour,Hors agglomération,Intersection en X,Normale,Deux véhicules - côté,,,,,,,,,,,1,1,2,1,3.0
201600004026,0016-05-21 18:30:00,16,5,21,18,30,460,148,,44.35199,1.40528,Plein jour,Hors agglomération,Hors intersection,Normale,Deux véhicules - frontale,,,,,,,,,,,1,1,1,1,1.0
201600004027,0016-08-06 12:30:00,16,8,6,12,30,460,10,,44.41994,1.5627,Plein jour,Hors agglomération,Intersection en X,Normale,Trois véhicules et plus - collisions multiples,,,,,,,,,,,1,1,2,1,5.0
201600004028,0016-10-04 18:30:00,16,10,4,18,30,460,105,,44.38643,1.5168,Plein jour,Hors agglomération,Hors intersection,Normale,Sans collision,,,,,,,,,,,1,1,1,1,7.0
201600004029,0016-10-17 20:15:00,16,10,17,20,15,460,63,,44.2672,1.35879,Nuit sans éclairage public,Hors agglomération,Hors intersection,Normale,Autre collision,,,,,,,,,,,3,1,1,1,6.0
201600004030,0016-10-24 17:30:00,16,10,24,17,30,460,13,,44.34604,1.66553,Plein jour,Hors agglomération,Hors intersection,Pluie légère,Deux véhicules - frontale,,,,,,,,,,,1,1,1,2,1.0
201600004031,0016-10-27 12:15:00,16,10,27,12,15,460,137,,44.40227,1.38426,Plein jour,Hors agglomération,Hors intersection,Normale,Deux véhicules - frontale,,,,,,,,,,,1,1,1,1,1.0
201600004032,0016-10-27 18:00:00,16,10,27,18,0,460,14,,44.38871,1.22265,Plein jour,Hors agglomération,Hors intersection,Temps éblouissant,Deux véhicules - frontale,,,,,,,,,,,1,1,1,7,1.0
201600004033,0016-12-21 13:45:00,16,12,21,13,45,460,201,,,,Plein jour,Hors agglomération,Hors intersection,Normale,Autre collision,,,,,,,,,,,1,1,1,1,6.0
201600004034,0016-01-01 01:45:00,16,1,1,1,45,460,307,,44.4905,1.04154,Nuit sans éclairage public,Hors agglomération,Hors intersection,Brouillard / fumée,Deux véhicules - frontale,,,,,,,,,,,3,1,1,5,1.0
201600004035,0016-02-25 13:30:00,16,2,25,13,30,460,136,,44.52505,1.28399,Plein jour,Hors agglomération,Intersection en T,Pluie légère,Deux véhicules - côté,,,,,,,,,,,1,1,3,2,3.0
201600004036,0016-02-26 15:00:00,16,2,26,15,0,460,322,,44.40709,1.35165,Plein jour,Hors agglomération,Hors intersection,Normale,Autre collision,,,,,,,,,,,1,1,1,1,6.0
201600004037,0016-02-28 05:15:00,16,2,28,5,15,460,136,,,,Nuit sans éclairage public,Hors agglomération,Hors intersection,Pluie légère,Autre collision,,,,,,,,,,,3,1,1,2,6.0
201600004038,0016-04-02 11:00:00,16,4,2,11,0,460,322,,,,Plein jour,Hors agglomération,Hors intersection,Normale,Deux véhicules - arrière,,,,,,,,,,,1,1,1,1,2.0
201600004039,0016-05-27 10:00:00,16,5,27,10,0,460,89,,44.50858,1.10196,Plein jour,Hors agglomération,Hors intersection,Normale,Deux véhicules - côté,,,,,,,,,,,1,1,1,1,3.0
201600004040,0016-05-29 02:45:00,16,5,29,2,45,460,46,,,,Nuit avec éclairage allumé,En agglomération,Hors intersection,Pluie forte,Autre collision,,,,,,,,,,,5,2,1,3,6.0
201600004041,0016-06-12 19:15:00,16,6,12,19,15,460,307,,,,Plein jour,Hors agglomération,Hors intersection,Pluie légère,Autre collision,,,,,,,,,,,1,1,1,2,6.0
201600004042,0016-06-22 17:15:00,16,6,22,17,15,460,225,"lieu dit ""Berlingous""",44.50337,1.17564,Plein jour,En agglomération,Hors intersection,Normale,Autre collision,,,,,,,,,,,1,2,1,1,6.0
201600004043,0016-08-10 16:15:00,16,8,10,16,15,460,142,,44.47892,1.0929,Plein jour,Hors agglomération,Intersection en X,Normale,Deux véhicules - côté,,,,,,,,,,,1,1,2,1,3.0
201600004044,0016-08-14 09:45:00,16,8,14,9,45,460,301,,44.41773,1.25487,Plein jour,En agglomération,Hors intersection,Normale,Autre collision,,,,,,,,,,,1,2,1,1,6.0
201600004045,0016-08-20 10:45:00,16,8,20,10,45,460,5,,44.48221,1.1946,Plein jour,Hors agglomération,Hors intersection,Pluie légère,Deux véhicules - frontale,,,,,,,,,,,1,1,1,2,1.0
201600004046,0016-09-16 09:15:00,16,9,16,9,15,460,231,,44.43199,1.05372,Plein jour,Hors agglomération,Hors intersection,Normale,Deux véhicules - frontale,,,,,,,,,,,1,1,1,1,1.0
201600004047,0016-10-15 22:30:00,16,10,15,22,30,460,300,,,,Nuit sans éclairage public,Hors agglomération,Hors intersection,Normale,Autre collision,,,,,,,,,,,3,1,1,1,6.0
201600004048,0016-01-12 16:15:00,16,1,12,16,15,460,102,,44.58404,1.99172,Plein jour,Hors agglomération,Hors intersection,Neige / grêle,Autre collision,,,,,,,,,,,1,1,1,4,6.0
201600004049,0016-02-07 08:30:00,16,2,7,8,30,460,102,,,,Nuit avec éclairage allumé,Hors agglomération,Hors intersection,Pluie légère,Autre collision,,,,,,,,,,,5,1,1,2,6.0
201600004050,0016-05-27 17:30:00,16,5,27,17,30,460,102,boulevard Pasteur,44.60936,2.02571,Plein jour,En agglomération,Hors intersection,Normale,Deux véhicules - côté,,,,,,,,,,,1,2,1,1,3.0
201600004051,0016-08-30 19:45:00,16,8,30,19,45,460,102,lieu dit ''le castelet'',,,Plein jour,En agglomération,Hors intersection,Normale,Sans collision,,,,,,,,,,,1,2,1,1,7.0
201600004052,0016-10-13 10:45:00,16,10,13,10,45,460,102,18 rue Fernand Pezet,,,Plein jour,En agglomération,Autre intersection,Normale,Autre collision,,,,,,,,,,,1,2,9,1,6.0
201600004053,0016-10-22 11:30:00,16,10,22,11,30,460,102,15 Av. G. Pompidou,44.60647,2.02457,Plein jour,En agglomération,Hors intersection,Normale,Autre collision,,,,,,,,,,,1,2,1,1,6.0
201600004054,0016-12-17 17:30:00,16,12,17,17,30,460,55,,44.59392,2.06153,Crépuscule ou aube,Hors agglomération,Hors intersection,Normale,Deux véhicules - côté,,,,,,,,,,,2,1,1,1,3.0
201600004055,0016-02-12 11:30:00,16,2,12,11,30,460,21,,44.57611,1.93623,Plein jour,Hors agglomération,Intersection en X,Pluie forte,Deux véhicules - frontale,,,,,,,,,,,1,1,2,3,1.0
201600004056,0016-07-18 12:00:00,16,7,18,12,0,460,2,,44.76057,1.80684,Plein jour,Hors agglomération,Intersection en X,Normale,Deux véhicules - côté,,,,,,,,,,,1,1,2,1,3.0
201600004057,0016-08-22 23:30:00,16,8,22,23,30,460,176,,,,Nuit sans éclairage public,Hors agglomération,Giratoire,Normale,Sans collision,,,,,,,,,,,3,1,6,1,7.0
201600004058,0016-01-18 21:45:00,16,1,18,21,45,460,251,avenue Victor Hugo,44.85647,1.89334,Nuit avec éclairage allumé,En agglomération,Hors intersection,Pluie légère,Autre collision,,,,,,,,,,,5,2,1,2,6.0
201600004059,0016-02-19 08:15:00,16,2,19,8,15,460,339,,,,Plein jour,Hors agglomération,Hors intersection,Normale,Trois véhicules et plus - collisions multiples,,,,,,,,,,,1,1,1,1,5.0
201600004060,0016-04-23 11:45:00,16,4,23,11,45,460,29,rue de la gare,44.92705,1.8448,Plein jour,En agglomération,Hors intersection,Normale,Deux véhicules - côté,,,,,,,,,,,1,2,1,1,3.0
201600004061,0016-05-15 11:15:00,16,5,15,11,15,460,160,,44.7897,2.11044,Plein jour,Hors agglomération,Hors intersection,Normale,Sans collision,,,,,,,,,,,1,1,1,1,7.0
201600004062,0016-06-02 09:30:00,16,6,2,9,30,460,24,,44.88453,1.86518,Plein jour,Hors agglomération,Hors intersection,Normale,Deux véhicules - frontale,,,,,,,,,,,1,1,1,1,1.0
201600004063,0016-08-18 08:30:00,16,8,18,8,30,460,284,,,,Plein jour,Hors agglomération,Hors intersection,Normale,Deux véhicules - côté,,,,,,,,,,,1,1,1,1,3.0
201600004064,0016-09-22 13:45:00,16,9,22,13,45,460,117,,44.9385,1.85531,Plein jour,Hors agglomération,Hors intersection,Normale,Deux véhicules - frontale,,,,,,,,,,,1,1,1,1,1.0
201600004065,0016-01-23 15:15:00,16,1,23,15,15,460,127,Route de Fumel - RD 673,44.73159,1.37469,Plein jour,En agglomération,Hors intersection,Normale,Autre collision,,,,,,,,,,,1,2,1,1,6.0
201600004066,0016-03-05 19:15:00,16,3,5,19,15,460,297,,,,Nuit sans éclairage public,Hors agglomération,Hors intersection,Pluie légère,Deux véhicules - frontale,,,,,,,,,,,3,1,1,2,1.0
201600004067,0016-04-25 02:45:00,16,4,25,2,45,460,216,,44.75477,1.33436,Nuit sans éclairage public,Hors agglomération,Hors intersection,Normale,Autre collision,,,,,,,,,,,3,1,1,1,6.0
201600004068,0016-05-20 12:00:00,16,5,20,12,0,460,334,,44.72947,1.37538,Plein jour,Hors agglomération,Hors intersection,Temps éblouissant,Sans collision,,,,,,,,,,,1,1,1,7,7.0
201600004069,0016-06-17 16:15:00,16,6,17,16,15,460,178,,,,Plein jour,Hors agglomération,Hors intersection,Pluie légère,Sans collision,,,,,,,,,,,1,1,1,2,7.0
201600004070,0016-07-19 15:00:00,16,7,19,15,0,460,178,C2,44.81642,1.46309,Plein jour,En agglomération,Hors intersection,Normale,Deux véhicules - frontale,,,,,,,,,,,1,2,1,1,1.0
201600004071,0016-07-20 15:15:00,16,7,20,15,15,460,127,,44.76084,1.41092,Plein jour,Hors agglomération,Intersection en X,Normale,Deux véhicules - côté,,,,,,,,,,,1,1,2,1,3.0
201600004072,0016-10-16 15:30:00,16,10,16,15,30,460,169,,44.71081,1.30456,Plein jour,Hors agglomération,Hors intersection,Normale,Autre collision,,,,,,,,,,,1,1,1,1,6.0
201600004073,0016-07-26 18:15:00,16,7,26,18,15,460,127,D12,44.72943,1.37541,Plein jour,En agglomération,Hors intersection,Normale,Autre collision,,,,,,,,,,,1,2,1,1,6.0
201600004074,0016-07-24 08:00:00,16,7,24,8,0,460,114,,44.59836,1.15239,Plein jour,Hors agglomération,Hors intersection,Normale,Autre collision,,,,,,,,,,,1,1,1,1,6.0
201600004075,0016-07-30 18:45:00,16,7,30,18,45,460,184,,44.64643,1.15987,Plein jour,Hors agglomération,Hors intersection,Normale,Sans collision,,,,,,,,,,,1,1,1,1,7.0
201600004076,0016-09-16 15:00:00,16,9,16,15,0,460,127,,44.71773,1.35777,Plein jour,Hors agglomération,Hors intersection,Pluie forte,Deux véhicules - frontale,,,,,,,,,,,1,1,1,3,1.0
201600004077,0016-09-18 07:00:00,16,9,18,7,0,460,241,,44.80549,1.41007,Crépuscule ou aube,Hors agglomération,Hors intersection,Temps couvert,Autre collision,,,,,,,,,,,2,1,1,8,6.0
201600004078,0016-09-26 12:00:00,16,9,26,12,0,460,66,,44.63944,1.21908,Plein jour,Hors agglomération,Hors intersection,Normale,Deux véhicules - frontale,,,,,,,,,,,1,1,1,1,1.0
201600004079,0016-11-14 10:45:00,16,11,14,10,45,460,127,,,,Plein jour,Hors agglomération,Hors intersection,Normale,Sans collision,,,,,,,,,,,1,1,1,1,7.0
201600004080,0016-12-05 19:45:00,16,12,5,19,45,460,113,,44.62141,1.48972,Nuit sans éclairage public,Hors agglomération,Hors intersection,Normale,Deux véhicules - frontale,,,,,,,,,,,3,1,1,1,1.0
201600004081,0016-12-13 13:45:00,16,12,13,13,45,460,127,boulevard mainiol,44.73708,1.38433,Plein jour,En agglomération,Hors intersection,Normale,Autre collision,,,,,,,,,,,1,2,1,1,6.0
201600004082,0016-12-22 14:45:00,16,12,22,14,45,460,127,,44.71061,1.33118,Plein jour,Hors agglomération,Hors intersection,Pluie légère,Deux véhicules - côté,,,,,,,,,,,1,1,1,2,3.0
201600004083,0016-01-04 20:45:00,16,1,4,20,45,460,18,,44.72379,1.67162,Nuit sans éclairage public,Hors agglomération,Hors intersection,Pluie légère,Trois véhicules et plus - collisions multiples,,,,,,,,,,,3,1,1,2,5.0
201600004084,0016-01-24 23:30:00,16,1,24,23,30,460,128,,,,Nuit sans éclairage public,Hors agglomération,Hors intersection,Normale,Autre collision,,,,,,,,,,,3,1,1,1,6.0
201600004085,0016-06-15 09:45:00,16,6,15,9,45,460,204,,,,Plein jour,Hors agglomération,Hors intersection,Temps couvert,Trois véhicules et plus - collisions multiples,,,,,,,,,,,1,1,1,8,5.0
201600004086,0016-06-22 13:15:00,16,6,22,13,15,460,59,,,,Plein jour,Hors agglomération,Hors intersection,Normale,Autre collision,,,,,,,,,,,1,1,1,1,6.0
201600004087,0016-10-27 17:30:00,16,10,27,17,30,460,128,06 RUE DE LA PAIX,44.77838,1.72477,Plein jour,En agglomération,Hors intersection,Normale,Autre collision,,,,,,,,,,,1,2,1,1,6.0
201600004088,0016-02-06 18:30:00,16,2,6,18,30,460,208,,44.87087,1.64292,Crépuscule ou aube,Hors agglomération,Hors intersection,Normale,Autre collision,,,,,,,,,,,2,1,1,1,6.0
201600004089,0016-03-22 20:30:00,16,3,22,20,30,460,232,,44.98827,1.63394,Nuit sans éclairage public,Hors agglomération,Hors intersection,Normale,Sans collision,,,,,,,,,,,3,1,1,1,7.0
201600004090,0016-06-15 13:45:00,16,6,15,13,45,460,330,,44.94783,1.69133,Plein jour,Hors agglomération,Hors intersection,Normale,Deux véhicules - frontale,,,,,,,,,,,1,1,1,1,1.0
201600004091,0016-07-14 18:00:00,16,7,14,18,0,460,309,60 avenue de Sarlat,44.89377,1.47036,Plein jour,En agglomération,Intersection en T,Normale,Deux véhicules - côté,,,,,,,,,,,1,2,3,1,3.0
201600004092,0016-08-14 15:00:00,16,8,14,15,0,460,145,,44.90676,1.51048,Plein jour,Hors agglomération,Hors intersection,Normale,Deux véhicules - frontale,,,,,,,,,,,1,1,1,1,1.0
201600004093,0016-09-22 11:45:00,16,9,22,11,45,460,309,place de la nau,44.89449,1.47698,Plein jour,En agglomération,Hors intersection,Normale,Autre collision,,,,,,,,,,,1,2,1,1,6.0
201600004094,0016-11-12 17:15:00,16,11,12,17,15,460,330,,44.94705,1.68853,Crépuscule ou aube,Hors agglomération,Hors intersection,Normale,Deux véhicules - frontale,,,,,,,,,,,2,1,1,1,1.0
201600004095,0016-12-22 14:45:00,16,12,22,14,45,460,298,,45.01573,1.61359,Plein jour,Hors agglomération,Hors intersection,Pluie légère,Deux véhicules - côté,,,,,,,,,,,1,1,1,2,3.0
201600004096,0016-12-31 16:15:00,16,12,31,16,15,460,145,,,,Plein jour,Hors agglomération,Hors intersection,Normale,Deux véhicules - frontale,,,,,,,,,,,1,1,1,1,1.0
201600004097,0016-08-29 21:15:00,16,8,29,21,15,460,232,,44.99046,1.65205,Nuit sans éclairage public,Hors agglomération,Hors intersection,Normale,Sans collision,,,,,,,,,,,3,1,1,1,7.0
201600004098,0016-06-06 08:15:00,16,6,6,8,15,650,62,route de toulouse,43.2045,0.12329,Plein jour,En agglomération,Intersection en T,Normale,Deux véhicules - frontale,,,,,,,,,,,1,2,3,1,1.0
201600004099,0016-06-18 06:15:00,16,6,18,6,15,650,292,,43.2491,-0.11428,Crépuscule ou aube,Hors agglomération,Hors intersection,Pluie légère,Autre collision,,,,,,,,,,,2,1,1,2,6.0
201600004100,0016-07-13 20:15:00,16,7,13,20,15,650,108,,43.28949,0.09388,Plein jour,Hors agglomération,Hors intersection,Normale,Autre collision,,,,,,,,,,,1,1,1,1,6.0
201600004101,0016-07-19 14:00:00,16,7,19,14,0,650,221,,43.1359,0.09979,Plein jour,Hors agglomération,Hors intersection,Normale,Autre collision,,,,,,,,,,,1,1,1,1,6.0
201600004102,0016-09-22 17:15:00,16,9,22,17,15,650,340,,43.27855,0.10916,Plein jour,Hors agglomération,Intersection en X,Normale,Deux véhicules - frontale,,,,,,,,,,,1,1,2,1,1.0
201600004103,0016-09-28 17:15:00,16,9,28,17,15,650,280,,43.1355,-0.06962,Plein jour,Hors agglomération,Hors intersection,Normale,Deux véhicules - frontale,,,,,,,,,,,1,1,1,1,1.0
201600004104,0016-11-17 04:45:00,16,11,17,4,45,650,7,,43.2987,0.06807,Nuit sans éclairage public,Hors agglomération,Hors intersection,Normale,Autre collision,,,,,,,,,,,3,1,1,1,6.0
201600004105,0016-04-01 22:15:00,16,4,1,22,15,650,129,,43.3118,0.5233,Nuit sans éclairage public,Hors agglomération,Hors intersection,Normale,Autre collision,,,,,,,,,,,3,1,1,1,6.0
201600004106,0016-04-24 22:30:00,16,4,24,22,30,650,129,rond point Carolle,43.2939,0.51627,Nuit avec éclairage allumé,En agglomération,Giratoire,Normale,Autre collision,,,,,,,,,,,5,2,6,1,6.0
201600004107,0016-08-31 18:45:00,16,8,31,18,45,650,97,,43.1961,0.37431,Plein jour,Hors agglomération,Hors intersection,Normale,Sans collision,,,,,,,,,,,1,1,1,1,7.0
201600004108,0016-09-05 20:15:00,16,9,5,20,15,650,260,,43.321,0.32584,Crépuscule ou aube,Hors agglomération,Hors intersection,Normale,Autre collision,,,,,,,,,,,2,1,1,1,6.0
201600004109,0016-10-13 08:00:00,16,10,13,8,0,650,183,Rue de l'Astarac,43.2283,0.41052,Crépuscule ou aube,En agglomération,Hors intersection,Normale,Autre collision,,,,,,,,,,,2,2,1,1,6.0
201600004110,0016-01-06 18:15:00,16,1,6,18,15,650,161,,43.3313,0.12914,Nuit sans éclairage public,Hors agglomération,Hors intersection,Temps couvert,Autre collision,,,,,,,,,,,3,1,1,8,6.0
201600004111,0016-08-10 11:30:00,16,8,10,11,30,650,222,12 Rue des pyrénées,43.1476,0.16535,Plein jour,En agglomération,Hors intersection,Normale,Autre collision,,,,,,,,,,,1,2,1,1,6.0
201600004112,0016-06-06 16:15:00,16,6,6,16,15,650,304,615 route de Bordeaux,43.4722,0.02636,Plein jour,En agglomération,Hors intersection,Normale,Deux véhicules - arrière,,,,,,,,,,,1,2,1,1,2.0
201600004113,0016-09-04 11:30:00,16,9,4,11,30,650,460,,43.3867,0.07684,Plein jour,Hors agglomération,Intersection en X,Normale,Deux véhicules - côté,,,,,,,,,,,1,1,2,1,3.0
201600004114,0016-03-14 18:30:00,16,3,14,18,30,650,20,,43.099,0.02174,Crépuscule ou aube,Hors agglomération,Hors intersection,Normale,Deux véhicules - côté,,,,,,,,,,,2,1,1,1,3.0
201600004115,0016-03-26 08:45:00,16,3,26,8,45,650,40,,43.065,-0.0432,Plein jour,Hors agglomération,Hors intersection,Normale,Deux véhicules - frontale,,,,,,,,,,,1,1,1,1,1.0
201600004116,0016-04-23 04:15:00,16,4,23,4,15,650,473,,42.9483,-0.06059,Nuit sans éclairage public,Hors agglomération,Hors intersection,Normale,Autre collision,,,,,,,,,,,3,1,1,1,6.0
201600004117,0016-12-08 07:45:00,16,12,8,7,45,650,29,D918 - PK 18.950,42.99457,-0.12329,Crépuscule ou aube,En agglomération,Hors intersection,Normale,Autre collision,,,,,,,,,,,2,2,1,1,6.0
201600004118,0016-12-06 13:00:00,16,12,6,13,0,650,98,,43.0055,-0.08091,Plein jour,Hors agglomération,Hors intersection,Normale,Deux véhicules - frontale,,,,,,,,,,,1,1,1,1,1.0
201600004119,0016-08-05 15:30:00,16,8,5,15,30,650,138,3 avenue du mamelon vert,42.8885,-0.11513,Plein jour,En agglomération,Hors intersection,Normale,Autre collision,,,,,,,,,,,1,2,1,1,6.0
201600004120,0016-07-31 13:00:00,16,7,31,13,0,650,188,,42.7214,-0.04947,Plein jour,Hors agglomération,Hors intersection,Brouillard / fumée,Sans collision,,,,,,,,,,,1,1,1,5,7.0
201600004121,0016-12-27 04:45:00,16,12,27,4,45,650,295,20 avenue de barèges,42.8723,-0.00183,Nuit avec éclairage allumé,En agglomération,Hors intersection,Normale,Autre collision,,,,,,,,,,,5,2,1,1,6.0
201600004122,0016-12-31 03:55:00,16,12,31,3,55,650,295,rue de la forge,42.8724,-0.0051,Nuit avec éclairage allumé,En agglomération,Hors intersection,Normale,Autre collision,,,,,,,,,,,5,2,1,1,6.0