accident_id,datetime,annee,mois,jour,heure,minute,departement,commune_insee,adresse,latitude,longitude,luminosite,agglomeration,intersection,meteo,collision,nb_vehicules,nb_usagers,nb_indemnes,nb_tues,nb_blesses_hosp,nb_blesses_legers,age_cond_1,age_cond_2,veh_type_cond_1,veh_type_cond_2,lum_code,agg_code,int_code,atm_code,col_code
201600004252,0016-01-29 12:30:00,16,1,29,12,30,820,40,,,,Plein jour,Hors agglomération,Hors intersection,Normale,Autre collision,,,,,,,,,,,1,1,1,1,6.0
201600004253,0016-02-05 17:15:00,16,2,5,17,15,820,37,4 avenue edouard Herriot,,,Plein jour,En agglomération,Hors intersection,Temps éblouissant,Autre collision,,,,,,,,,,,1,2,1,7,6.0
201600004254,0016-03-14 04:00:00,16,3,14,4,0,820,110,,,,Nuit sans éclairage public,Hors agglomération,Hors intersection,Normale,Autre collision,,,,,,,,,,,3,1,1,1,6.0
201600004255,0016-03-15 18:15:00,16,3,15,18,15,820,37,44 boulevard Didier Rey,,,Plein jour,En agglomération,Hors intersection,Normale,Autre collision,,,,,,,,,,,1,2,1,1,6.0
201600004256,0016-06-05 17:15:00,16,6,5,17,15,820,37,50 boulevard herriot,,,Plein jour,En agglomération,Hors intersection,Normale,Autre collision,,,,,,,,,,,1,2,1,1,6.0
201600004257,0016-06-13 14:30:00,16,6,13,14,30,820,195,,,,Plein jour,Hors agglomération,Hors intersection,Pluie légère,Autre collision,,,,,,,,,,,1,1,1,2,6.0
201600004258,0016-07-08 08:45:00,16,7,8,8,45,820,37,Route de St Martin,44.14819,1.5742,Plein jour,Hors agglomération,Hors intersection,Normale,Deux véhicules - frontale,,,,,,,,,,,1,1,1,1,1.0
201600004259,0016-07-18 23:45:00,16,7,18,23,45,820,131,,,,Nuit sans éclairage public,Hors agglomération,Hors intersection,Normale,Sans collision,,,,,,,,,,,3,1,1,1,7.0
201600004260,0016-09-26 10:15:00,16,9,26,10,15,820,126,3 ROUTE DU CAUSSE,,,Plein jour,Hors agglomération,Hors intersection,Normale,Deux véhicules - frontale,,,,,,,,,,,1,1,1,1,1.0
201600004261,0016-10-23 23:15:00,16,10,23,23,15,820,159,,,,Nuit sans éclairage public,Hors agglomération,Hors intersection,Normale,Autre collision,,,,,,,,,,,3,1,1,1,6.0
201600004262,0016-11-12 20:30:00,16,11,12,20,30,820,37,Lieu-Dit Teulary,44.19736,1.59303,Nuit sans éclairage public,Hors agglomération,Hors intersection,Pluie légère,Autre collision,,,,,,,,,,,3,1,1,2,6.0
201600004263,0016-11-14 10:45:00,16,11,14,10,45,820,131,,,,Plein jour,Hors agglomération,Hors intersection,Normale,Sans collision,,,,,,,,,,,1,1,1,1,7.0
201600004264,0016-02-18 15:30:00,16,2,18,15,30,820,176,,,,Plein jour,Hors agglomération,Hors intersection,Normale,Sans collision,,,,,,,,,,,1,1,1,1,7.0
201600004265,0016-07-16 23:30:00,16,7,16,23,30,820,134,,,,Nuit sans éclairage public,Hors agglomération,Intersection en X,Normale,Deux véhicules - côté,,,,,,,,,,,3,1,2,1,3.0
201600004266,0016-07-20 12:45:00,16,7,20,12,45,820,132,,,,Plein jour,Hors agglomération,Hors intersection,Normale,Deux véhicules - côté,,,,,,,,,,,1,1,1,1,3.0
201600004267,0016-07-19 08:00:00,16,7,19,8,0,820,161,chemin de bonhomme,,,Plein jour,En agglomération,Giratoire,Normale,Sans collision,,,,,,,,,,,1,2,6,1,7.0
201600004268,0016-07-29 16:30:00,16,7,29,16,30,820,134,,,,Plein jour,Hors agglomération,Hors intersection,Normale,Deux véhicules - côté,,,,,,,,,,,1,1,1,1,3.0
201600004269,0016-08-21 09:30:00,16,8,21,9,30,820,161,,,,Plein jour,Hors agglomération,Hors intersection,Normale,Autre collision,,,,,,,,,,,1,1,1,1,6.0
201600004270,0016-08-29 17:45:00,16,8,29,17,45,820,26,,,,Plein jour,Hors agglomération,Hors intersection,Temps éblouissant,Autre collision,,,,,,,,,,,1,1,1,7,6.0
201600004271,0016-09-15 19:00:00,16,9,15,19,0,820,134,29 rue marcellin viguier,,,Plein jour,En agglomération,Hors intersection,Normale,Autre collision,,,,,,,,,,,1,2,1,1,6.0
201600004272,0016-09-28 17:30:00,16,9,28,17,30,820,66,,,,Plein jour,Hors agglomération,Hors intersection,Normale,Autre collision,,,,,,,,,,,1,1,1,1,6.0
201600004273,0016-10-16 20:15:00,16,10,16,20,15,820,134,,,,Nuit sans éclairage public,Hors agglomération,Hors intersection,Pluie légère,Autre collision,,,,,,,,,,,3,1,1,2,6.0
201600004274,0016-12-31 18:00:00,16,12,31,18,0,820,69,,,,Nuit sans éclairage public,Hors agglomération,Hors intersection,Brouillard / fumée,Autre collision,,,,,,,,,,,3,1,1,5,6.0
201600004275,0016-04-18 13:00:00,16,4,18,13,0,820,147,,,,Plein jour,Hors agglomération,Hors intersection,Normale,Autre collision,,,,,,,,,,,1,1,1,1,6.0
201600004276,0016-04-24 16:15:00,16,4,24,16,15,820,147,,,,Plein jour,Hors agglomération,Hors intersection,Normale,Autre collision,,,,,,,,,,,1,1,1,1,6.0
201600004277,0016-05-15 07:45:00,16,5,15,7,45,820,155,,,,Plein jour,Hors agglomération,Hors intersection,Normale,Autre collision,,,,,,,,,,,1,1,1,1,6.0
201600004278,0016-06-22 16:30:00,16,6,22,16,30,820,137,,,,Plein jour,Hors agglomération,Hors intersection,Normale,Autre collision,,,,,,,,,,,1,1,1,1,6.0
201600004279,0016-07-10 08:15:00,16,7,10,8,15,820,155,,,,Nuit sans éclairage public,Hors agglomération,Hors intersection,Normale,Autre collision,,,,,,,,,,,3,1,1,1,6.0
201600004280,0016-02-21 13:30:00,16,2,21,13,30,820,55,,,,Plein jour,Hors agglomération,Hors intersection,Normale,Sans collision,,,,,,,,,,,1,1,1,1,7.0
201600004281,0016-05-03 07:30:00,16,5,3,7,30,820,180,,43.926,1.01699,Nuit sans éclairage public,Hors agglomération,Hors intersection,Normale,Sans collision,,,,,,,,,,,3,1,1,1,7.0
201600004282,0016-07-20 21:00:00,16,7,20,21,0,820,102,,,,Crépuscule ou aube,Hors agglomération,Hors intersection,Normale,Autre collision,,,,,,,,,,,2,1,1,1,6.0
201600004283,0016-01-15 20:15:00,16,1,15,20,15,820,27,,43.895,1.318,Nuit sans éclairage public,Hors agglomération,Intersection en T,Normale,Deux véhicules - côté,,,,,,,,,,,3,1,3,1,3.0
201600004284,0016-02-24 06:00:00,16,2,24,6,0,820,79,,43.918,1.348,Nuit sans éclairage public,Hors agglomération,Hors intersection,Normale,Autre collision,,,,,,,,,,,3,1,1,1,6.0
201600004285,0016-03-10 09:30:00,16,3,10,9,30,820,79,1130 route de Campsas,43.92,1.351,Plein jour,Hors agglomération,Hors intersection,Normale,Deux véhicules - côté,,,,,,,,,,,1,1,1,1,3.0
201600004286,0016-03-12 18:45:00,16,3,12,18,45,820,79,rues pyrénées et rajol,43.92,1.359,Plein jour,En agglomération,Intersection en T,Normale,Deux véhicules - côté,,,,,,,,,,,1,2,3,1,3.0
201600004287,0016-04-28 08:15:00,16,4,28,8,15,820,79,231 RUE DE LA PAIX,43.923,1.37,Plein jour,Hors agglomération,Hors intersection,Normale,Deux véhicules - côté,,,,,,,,,,,1,1,1,1,3.0
201600004288,0016-05-17 17:15:00,16,5,17,17,15,820,75,RUE FRANCOIS FAGERE,43.83,1.298,Plein jour,En agglomération,Hors intersection,Normale,Autre collision,,,,,,,,,,,1,2,1,1,6.0
201600004289,0016-06-04 23:00:00,16,6,4,23,0,820,48,,,,Nuit sans éclairage public,Hors agglomération,Hors intersection,Normale,Autre collision,,,,,,,,,,,3,1,1,1,6.0
201600004290,0016-07-16 08:15:00,16,7,16,8,15,820,167,route d'Albi,,,Plein jour,En agglomération,Hors intersection,Normale,Deux véhicules - frontale,,,,,,,,,,,1,2,1,1,1.0
201600004291,0016-09-21 21:00:00,16,9,21,21,0,820,75,route de fronton,,,Crépuscule ou aube,En agglomération,Hors intersection,Normale,Autre collision,,,,,,,,,,,2,2,1,1,6.0
201600004292,0016-10-25 20:30:00,16,10,25,20,30,820,79,,,,Nuit sans éclairage public,Hors agglomération,Hors intersection,Normale,Deux véhicules - côté,,,,,,,,,,,3,1,1,1,3.0
201600004293,0016-11-10 10:15:00,16,11,10,10,15,820,79,,,,Plein jour,Hors agglomération,Hors intersection,Normale,Deux véhicules - côté,,,,,,,,,,,1,1,1,1,3.0
201600004294,0016-12-08 17:30:00,16,12,8,17,30,820,75,,43.80969,1.28962,Plein jour,Hors agglomération,Hors intersection,Normale,Deux véhicules - côté,,,,,,,,,,,1,1,1,1,3.0
201600004295,0016-12-19 17:30:00,16,12,19,17,30,820,79,,43.942,1.358,Crépuscule ou aube,Hors agglomération,Hors intersection,Pluie légère,Deux véhicules - côté,,,,,,,,,,,2,1,1,2,3.0
201600004296,0016-12-20 18:30:00,16,12,20,18,30,820,28,,43.856,1.295,Nuit sans éclairage public,Hors agglomération,Hors intersection,Normale,Deux véhicules - frontale,,,,,,,,,,,3,1,1,1,1.0
201600004297,0016-03-06 01:30:00,16,3,6,1,30,820,22,,44.26,0.971,Nuit sans éclairage public,Hors agglomération,Hors intersection,Normale,Autre collision,,,,,,,,,,,3,1,1,1,6.0
201600004298,0016-05-04 07:30:00,16,5,4,7,30,820,117,,44.332,1.014,Plein jour,Hors agglomération,Hors intersection,Normale,Sans collision,,,,,,,,,,,1,1,1,1,7.0
201600004299,0016-06-25 17:00:00,16,6,25,17,0,820,42,,,,Plein jour,Hors agglomération,Hors intersection,Normale,Autre collision,,,,,,,,,,,1,1,1,1,6.0
201600004300,0016-08-28 15:30:00,16,8,28,15,30,820,94,,44.272,1.142,Plein jour,Hors agglomération,Hors intersection,Normale,Deux véhicules - côté,,,,,,,,,,,1,1,1,1,3.0
201600004301,0016-10-05 18:30:00,16,10,5,18,30,820,117,,,,Plein jour,Hors agglomération,Hors intersection,Normale,Autre collision,,,,,,,,,,,1,1,1,1,6.0
201600004302,0016-02-18 18:45:00,16,2,18,18,45,820,12,,,,Nuit sans éclairage public,Hors agglomération,Hors intersection,Normale,Deux véhicules - frontale,,,,,,,,,,,3,1,1,1,1.0
201600004303,0016-04-06 20:00:00,16,4,6,20,0,820,112,19 Avenue du chasselas,,,Crépuscule ou aube,En agglomération,Hors intersection,Normale,Deux véhicules - arrière,,,,,,,,,,,2,2,1,1,2.0
201600004304,0016-05-22 18:30:00,16,5,22,18,30,820,19,,,,Plein jour,Hors agglomération,Hors intersection,Autre,Autre collision,,,,,,,,,,,1,1,1,9,6.0
201600004305,0016-07-16 14:30:00,16,7,16,14,30,820,169,,,,Plein jour,Hors agglomération,Hors intersection,Normale,Deux véhicules - côté,,,,,,,,,,,1,1,1,1,3.0
201600004306,0016-07-25 07:30:00,16,7,25,7,30,820,112,cote des lievres giratoi,44.11633,1.10588,Plein jour,En agglomération,Giratoire,Normale,Deux véhicules - arrière,,,,,,,,,,,1,2,6,1,2.0
201600004307,0016-08-02 17:30:00,16,8,2,17,30,820,96,19 route de choisi,,,Plein jour,En agglomération,Hors intersection,Normale,Autre collision,,,,,,,,,,,1,2,1,1,6.0
201600004308,0016-08-14 13:00:00,16,8,14,13,0,820,127,,,,Plein jour,Hors agglomération,Hors intersection,Normale,Autre collision,,,,,,,,,,,1,1,1,1,6.0
201600004309,0016-08-16 16:45:00,16,8,16,16,45,820,112,Lieu Dit l'espagnette,,,Plein jour,En agglomération,Hors intersection,Normale,Sans collision,,,,,,,,,,,1,2,1,1,7.0
201600004310,0016-08-25 10:45:00,16,8,25,10,45,820,152,,,,Plein jour,Hors agglomération,Hors intersection,Normale,Deux véhicules - arrière,,,,,,,,,,,1,1,1,1,2.0
201600004311,0016-09-02 02:30:00,16,9,2,2,30,820,101,,,,Nuit sans éclairage public,Hors agglomération,Hors intersection,Normale,Autre collision,,,,,,,,,,,3,1,1,1,6.0
201600004312,0016-09-04 01:15:00,16,9,4,1,15,820,86,,,,Nuit sans éclairage public,Hors agglomération,Hors intersection,Normale,Autre collision,,,,,,,,,,,3,1,1,1,6.0
201600004313,0016-09-23 03:00:00,16,9,23,3,0,820,96,,,,Nuit sans éclairage public,Hors agglomération,Hors intersection,Normale,Autre collision,,,,,,,,,,,3,1,1,1,6.0
201600004314,0016-11-02 07:15:00,16,11,2,7,15,820,63,,43.99437,1.0747,Crépuscule ou aube,Hors agglomération,Hors intersection,Brouillard / fumée,Deux véhicules - côté,,,,,,,,,,,2,1,1,5,3.0
201600004315,0016-11-14 13:45:00,16,11,14,13,45,820,112,giratoire RD 118 - RD101,44.10388,1.11333,Plein jour,En agglomération,Giratoire,Normale,Deux véhicules - côté,,,,,,,,,,,1,2,6,1,3.0
201600004316,0016-12-03 14:15:00,16,12,3,14,15,820,112,3053 route de laujol,44.104,1.03699,Plein jour,En agglomération,Hors intersection,Normale,Deux véhicules - côté,,,,,,,,,,,1,2,1,1,3.0
201600004317,0016-03-10 10:15:00,16,3,10,10,15,820,43,,,,Plein jour,Hors agglomération,Hors intersection,Normale,Autre collision,,,,,,,,,,,1,1,1,1,6.0
201600004318,0016-03-14 18:30:00,16,3,14,18,30,820,125,,,,Plein jour,Hors agglomération,Hors intersection,Normale,Deux véhicules - côté,,,,,,,,,,,1,1,1,1,3.0
201600004319,0016-03-26 07:45:00,16,3,26,7,45,820,105,,,,Plein jour,Hors agglomération,Hors intersection,Normale,Sans collision,,,,,,,,,,,1,1,1,1,7.0
201600004320,0016-03-26 09:00:00,16,3,26,9,0,820,178,,,,Plein jour,Hors agglomération,Hors intersection,Normale,Sans collision,,,,,,,,,,,1,1,1,1,7.0
201600004321,0016-04-09 18:30:00,16,4,9,18,30,820,52,faubourg TUTET,,,Plein jour,En agglomération,Hors intersection,Pluie légère,Deux véhicules - côté,,,,,,,,,,,1,2,1,2,3.0
201600004322,0016-04-24 15:15:00,16,4,24,15,15,820,125,,,,Plein jour,Hors agglomération,Hors intersection,Normale,Deux véhicules - côté,,,,,,,,,,,1,1,1,1,3.0
201600004323,0016-08-16 20:00:00,16,8,16,20,0,820,25,,,,Plein jour,Hors agglomération,Hors intersection,Normale,Autre collision,,,,,,,,,,,1,1,1,1,6.0
201600004324,0016-10-09 20:00:00,16,10,9,20,0,820,125,,,,Plein jour,Hors agglomération,Hors intersection,Normale,Autre collision,,,,,,,,,,,1,1,1,1,6.0
201600004325,0016-10-18 09:15:00,16,10,18,9,15,820,25,,43.9407,1.30306,Plein jour,Hors agglomération,Hors intersection,Brouillard / fumée,Deux véhicules - côté,,,,,,,,,,,1,1,1,5,3.0
201600004326,0016-10-23 08:30:00,16,10,23,8,30,820,25,,,,Crépuscule ou aube,Hors agglomération,Hors intersection,Normale,Sans collision,,,,,,,,,,,2,1,1,1,7.0
201600004327,0016-12-14 08:00:00,16,12,14,8,0,820,123,1035 route de Salcevert,43.91649,1.29148,Crépuscule ou aube,Hors agglomération,Hors intersection,Brouillard / fumée,Sans collision,,,,,,,,,,,2,1,1,5,7.0
201600004328,0016-12-27 16:15:00,16,12,27,16,15,820,124,,44.017,1.3,Plein jour,Hors agglomération,Hors intersection,Normale,Deux véhicules - frontale,,,,,,,,,,,1,1,1,1,1.0
201600004329,0016-02-06 21:30:00,16,2,6,21,30,820,141,,,,Nuit sans éclairage public,Hors agglomération,Hors intersection,Normale,Autre collision,,,,,,,,,,,3,1,1,1,6.0
201600004330,0016-06-07 13:30:00,16,6,7,13,30,820,32,,,,Plein jour,Hors agglomération,Hors intersection,Normale,Sans collision,,,,,,,,,,,1,1,1,1,7.0
201600004331,0016-07-06 00:30:00,16,7,6,0,30,820,141,,,,Nuit sans éclairage public,Hors agglomération,Hors intersection,Normale,Sans collision,,,,,,,,,,,3,1,1,1,7.0
201600004332,0016-07-23 09:00:00,16,7,23,9,0,820,72,,,,Plein jour,Hors agglomération,Hors intersection,Normale,Autre collision,,,,,,,,,,,1,1,1,1,6.0
201600004333,0016-08-07 10:15:00,16,8,7,10,15,820,186,avenue Marceau Hamecher,44.09,0.878,Plein jour,En agglomération,Hors intersection,Normale,Autre collision,,,,,,,,,,,1,2,1,1,6.0
201600004334,0016-10-24 22:15:00,16,10,24,22,15,820,72,route de coustalettes,44.12069,0.85959,Nuit avec éclairage allumé,En agglomération,Hors intersection,Pluie légère,Autre collision,,,,,,,,,,,5,2,1,2,6.0
201600004335,0016-10-27 19:45:00,16,10,27,19,45,820,165,,,,Nuit sans éclairage public,Hors agglomération,Hors intersection,Normale,Deux véhicules - frontale,,,,,,,,,,,3,1,1,1,1.0
201600004336,0016-03-15 18:30:00,16,3,15,18,30,690,127,,,,Plein jour,Hors agglomération,Hors intersection,Normale,Autre collision,,,,,,,,,,,1,1,1,1,6.0
201600004337,0016-04-25 16:30:00,16,4,25,16,30,690,72,Chemin du dodin,,,Plein jour,En agglomération,Hors intersection,Normale,Autre collision,,,,,,,,,,,1,2,1,1,6.0
201600004338,0016-08-18 16:30:00,16,8,18,16,30,690,250,,45.82,4.727,Plein jour,Hors agglomération,Hors intersection,Normale,Deux véhicules - côté,,,,,,,,,,,1,1,1,1,3.0
201600004339,0016-11-10 08:25:00,16,11,10,8,25,690,127,Avenue Marcel Mérieux,45.78089,4.70578,Plein jour,En agglomération,Hors intersection,Pluie légère,Autre collision,,,,,,,,,,,1,2,1,2,6.0
201600004340,0016-11-13 19:25:00,16,11,13,19,25,690,72,Route Départementale 489,45.8305,4.74299,Nuit sans éclairage public,Hors agglomération,Hors intersection,Pluie légère,Trois véhicules et plus - en chaîne,,,,,,,,,,,3,1,1,2,4.0
201600004341,0016-11-18 16:00:00,16,11,18,16,0,690,72,"PK 542,80 Route National",45.83164,4.74302,Plein jour,Hors agglomération,Hors intersection,Pluie légère,Trois véhicules et plus - en chaîne,,,,,,,,,,,1,1,1,2,4.0
201600004342,0016-12-08 08:50:00,16,12,8,8,50,690,127,Avenue de Lacroix Laval,45.78168,4.70669,Plein jour,En agglomération,Hors intersection,Normale,Deux véhicules - côté,,,,,,,,,,,1,2,1,1,3.0
201600004343,0016-12-14 10:45:00,16,12,14,10,45,690,72,60 route de la la tour d,45.82447,4.74085,Plein jour,Hors agglomération,Hors intersection,Brouillard / fumée,Sans collision,,,,,,,,,,,1,1,1,5,7.0
201600004344,0016-12-20 18:40:00,16,12,20,18,40,690,244,48 CHEMIN FELIX FINAY DU,45.75729,4.74865,Nuit avec éclairage allumé,En agglomération,Hors intersection,Normale,Deux véhicules - frontale,,,,,,,,,,,5,2,1,1,1.0
201600004345,0016-12-23 07:55:00,16,12,23,7,55,690,72,5 Route du Paisy,45.80563,4.76809,Nuit avec éclairage non allumé,En agglomération,Hors intersection,Normale,Deux véhicules - côté,,,,,,,,,,,4,2,1,1,3.0
201600004346,0016-12-28 12:15:00,16,12,28,12,15,690,72,"RN 6, face au 54",45.81439,4.74667,Plein jour,Hors agglomération,Hors intersection,Normale,Trois véhicules et plus - en chaîne,,,,,,,,,,,1,1,1,1,4.0
201600004347,0016-01-12 07:15:00,16,1,12,7,15,690,117,route nationale 6,,,Nuit avec éclairage allumé,En agglomération,Hors intersection,Normale,Autre collision,,,,,,,,,,,5,2,1,1,6.0
201600004348,0016-01-22 19:00:00,16,1,22,19,0,690,117,90 RD 306,,,Nuit avec éclairage allumé,En agglomération,Hors intersection,Pluie légère,Autre collision,,,,,,,,,,,5,2,1,2,6.0
201600004349,0016-02-03 19:15:00,16,2,3,19,15,690,40,,,,Nuit avec éclairage allumé,Hors agglomération,Hors intersection,Normale,Autre collision,,,,,,,,,,,5,1,1,1,6.0
201600004350,0016-02-10 18:15:00,16,2,10,18,15,690,116,Avenue du gnl DE GAULLE,,,Crépuscule ou aube,En agglomération,Hors intersection,Pluie légère,Autre collision,,,,,,,,,,,2,2,1,2,6.0
201600004351,0016-02-26 16:15:00,16,2,26,16,15,690,55,,,,Plein jour,Hors agglomération,Hors intersection,Normale,Autre collision,,,,,,,,,,,1,1,1,1,6.0
201600004352,0016-03-03 23:00:00,16,3,3,23,0,690,116,AV DU GENERAL DE GAULLE,,,Nuit avec éclairage allumé,En agglomération,Hors intersection,Pluie légère,Deux véhicules - frontale,,,,,,,,,,,5,2,1,2,1.0
201600004353,0016-03-10 07:00:00,16,3,10,7,0,690,59,Route de Lyon,45.862,4.713,Plein jour,En agglomération,Hors intersection,Normale,Deux véhicules - arrière,,,,,,,,,,,1,2,1,1,2.0
201600004354,0016-03-11 17:15:00,16,3,11,17,15,690,194,,45.799,4.804,Plein jour,Hors agglomération,Hors intersection,Normale,Autre collision,,,,,,,,,,,1,1,1,1,6.0
201600004355,0016-03-22 16:45:00,16,3,22,16,45,690,59,route de marcilly,,,Plein jour,En agglomération,Hors intersection,Normale,Autre collision,,,,,,,,,,,1,2,1,1,6.0
201600004356,0016-04-29 16:00:00,16,4,29,16,0,690,40,avenue d'Ecully,,,Plein jour,En agglomération,Hors intersection,Normale,Autre collision,,,,,,,,,,,1,2,1,1,6.0
201600004357,0016-05-19 13:15:00,16,5,19,13,15,690,117,,,,Plein jour,Hors agglomération,Giratoire,Pluie légère,Deux véhicules - côté,,,,,,,,,,,1,1,6,2,3.0
201600004358,0016-05-27 18:15:00,16,5,27,18,15,690,116,,45.838,4.766,Plein jour,Hors agglomération,Hors intersection,Normale,Deux véhicules - côté,,,,,,,,,,,1,1,1,1,3.0
201600004359,0016-07-01 12:00:00,16,7,1,12,0,690,59,,45.861,4.707,Plein jour,Hors agglomération,Hors intersection,Normale,Deux véhicules - arrière,,,,,,,,,,,1,1,1,1,2.0
201600004360,0016-07-18 09:00:00,16,7,18,9,0,690,116,RN 306,,,Plein jour,En agglomération,Hors intersection,Normale,Deux véhicules - côté,,,,,,,,,,,1,2,1,1,3.0
201600004361,0016-07-29 20:00:00,16,7,29,20,0,690,40,8 avenue du Général de G,,,Plein jour,En agglomération,Hors intersection,Normale,Autre collision,,,,,,,,,,,1,2,1,1,6.0
201600004362,0016-08-20 15:45:00,16,8,20,15,45,690,49,,,,Plein jour,Hors agglomération,Hors intersection,Temps couvert,Deux véhicules - côté,,,,,,,,,,,1,1,1,8,3.0
201600004363,0016-09-10 19:00:00,16,9,10,19,0,690,116,,,,Plein jour,Hors agglomération,Hors intersection,Normale,Deux véhicules - frontale,,,,,,,,,,,1,1,1,1,1.0
201600004364,0016-01-22 15:15:00,16,1,22,15,15,690,143,Pont de Neuville RD16,,,Plein jour,En agglomération,Hors intersection,Normale,Deux véhicules - arrière,,,,,,,,,,,1,2,1,1,2.0
201600004365,0016-03-05 19:30:00,16,3,5,19,30,690,143,,,,Nuit avec éclairage allumé,Hors agglomération,Hors intersection,Normale,Autre collision,,,,,,,,,,,5,1,1,1,6.0
201600004366,0016-03-11 15:30:00,16,3,11,15,30,690,233,,,,Plein jour,Hors agglomération,Hors intersection,Normale,Deux véhicules - frontale,,,,,,,,,,,1,1,1,1,1.0
201600004367,0016-04-22 15:15:00,16,4,22,15,15,690,143,montee du parc,,,Plein jour,En agglomération,Hors intersection,Normale,Deux véhicules - frontale,,,,,,,,,,,1,2,1,1,1.0
201600004368,0016-05-09 16:45:00,16,5,9,16,45,690,163,les forgettes,,,Plein jour,En agglomération,Hors intersection,Pluie légère,Deux véhicules - frontale,,,,,,,,,,,1,2,1,2,1.0
201600004369,0016-05-17 17:15:00,16,5,17,17,15,690,233,quai de charezieux,,,Plein jour,En agglomération,Hors intersection,Normale,Deux véhicules - côté,,,,,,,,,,,1,2,1,1,3.0
201600004370,0016-06-02 05:15:00,16,6,2,5,15,690,207,,,,Crépuscule ou aube,Hors agglomération,Giratoire,Normale,Autre collision,,,,,,,,,,,2,1,6,1,6.0
201600004371,0016-06-28 16:30:00,16,6,28,16,30,690,284,,45.894,4.883,Plein jour,Hors agglomération,Hors intersection,Normale,Deux véhicules - frontale,,,,,,,,,,,1,1,1,1,1.0
201600004372,0016-07-05 14:15:00,16,7,5,14,15,690,284,,,,Plein jour,Hors agglomération,Hors intersection,Normale,Deux véhicules - frontale,,,,,,,,,,,1,1,1,1,1.0
201600004373,0016-07-31 07:45:00,16,7,31,7,45,690,278,,,,Plein jour,Hors agglomération,Hors intersection,Normale,Deux véhicules - frontale,,,,,,,,,,,1,1,1,1,1.0
201600004374,0016-10-04 08:20:00,16,10,4,8,20,690,68,quai G?n?ral De Gaulle,45.84694,4.8318,Plein jour,En agglomération,Hors intersection,Normale,Trois véhicules et plus - en chaîne,,,,,,,,,,,1,2,1,1,4.0
201600004375,0016-10-14 07:45:00,16,10,14,7,45,690,3,quai général de Gaulle,45.86588,4.83434,Crépuscule ou aube,En agglomération,Hors intersection,Pluie forte,Deux véhicules - arrière,,,,,,,,,,,2,2,1,3,2.0
201600004376,0016-11-04 16:30:00,16,11,4,16,30,690,143,2 rue bossuet,45.87086,4.84183,Plein jour,En agglomération,Hors intersection,Normale,Autre collision,,,,,,,,,,,1,2,1,1,6.0
201600004377,0016-11-10 05:30:00,16,11,10,5,30,690,3,quai Général de gaulle,45.86588,4.83434,Nuit avec éclairage allumé,En agglomération,Hors intersection,Pluie légère,Trois véhicules et plus - collisions multiples,,,,,,,,,,,5,2,1,2,5.0
201600004378,0016-11-03 18:35:00,16,11,3,18,35,690,278,route de la source,45.91274,4.84928,Nuit sans éclairage public,Hors agglomération,Hors intersection,Normale,Deux véhicules - frontale,,,,,,,,,,,3,1,1,1,1.0
201600004379,0016-11-17 18:15:00,16,11,17,18,15,690,163,RD 51,45.91937,4.75868,Nuit sans éclairage public,Hors agglomération,Hors intersection,Normale,Autre collision,,,,,,,,,,,3,1,1,1,6.0
201600004380,0016-04-29 18:00:00,16,4,29,18,0,690,204,35 chemin de moly,,,Plein jour,En agglomération,Hors intersection,Normale,Sans collision,,,,,,,,,,,1,2,1,1,7.0
201600004381,0016-08-17 09:30:00,16,8,17,9,30,690,287,,45.713,5.056,Plein jour,Hors agglomération,Giratoire,Temps éblouissant,Deux véhicules - côté,,,,,,,,,,,1,1,6,7,3.0
201600004382,0016-08-16 14:30:00,16,8,16,14,30,690,288,avenue Jean MOULIN,45.692,5.047,Plein jour,En agglomération,Hors intersection,Normale,Deux véhicules - côté,,,,,,,,,,,1,2,1,1,3.0
201600004383,0016-10-02 15:30:00,16,10,2,15,30,690,277,RUE DE LA FRATERNITE,,,Plein jour,En agglomération,Hors intersection,Normale,Deux véhicules - frontale,,,,,,,,,,,1,2,1,1,1.0
201600004384,0016-11-07 07:00:00,16,11,7,7,0,690,287,RN6 - face enseigne MACD,45.71049,5.04249,Plein jour,En agglomération,Hors intersection,Normale,Autre collision,,,,,,,,,,,1,2,1,1,6.0
201600004385,0016-12-09 08:15:00,16,12,9,8,15,690,288,Rue Ferdinand Gauthier,45.68303,5.04978,Plein jour,En agglomération,Hors intersection,Normale,Autre collision,,,,,,,,,,,1,2,1,1,6.0
201600004386,0016-12-29 17:35:00,16,12,29,17,35,690,281,route de Lyon,45.64485,4.91013,Crépuscule ou aube,Hors agglomération,Hors intersection,Temps couvert,Deux véhicules - arrière,,,,,,,,,,,2,1,1,8,2.0
201600004387,0016-01-08 12:45:00,16,1,8,12,45,690,273,7 rue Gabriel peri,45.69,4.913,Plein jour,En agglomération,Hors intersection,Normale,Deux véhicules - côté,,,,,,,,,,,1,2,1,1,3.0