accident_id,datetime,annee,mois,jour,heure,minute,departement,commune_insee,adresse,latitude,longitude,luminosite,agglomeration,intersection,meteo,collision,nb_vehicules,nb_usagers,nb_indemnes,nb_tues,nb_blesses_hosp,nb_blesses_legers,age_cond_1,age_cond_2,veh_type_cond_1,veh_type_cond_2,lum_code,agg_code,int_code,atm_code,col_code
201600004521,0016-03-13 15:45:00,16,3,13,15,45,10,273,,,,Plein jour,Hors agglomération,Hors intersection,Normale,Sans collision,,,,,,,,,,,1,1,1,1,7.0
201600004522,0016-06-12 23:00:00,16,6,12,23,0,10,72,,,,Nuit sans éclairage public,Hors agglomération,Hors intersection,Pluie légère,Deux véhicules - côté,,,,,,,,,,,3,1,1,2,3.0
201600004523,0016-06-19 06:00:00,16,6,19,6,0,10,447,,,,Crépuscule ou aube,Hors agglomération,Hors intersection,Normale,Autre collision,,,,,,,,,,,2,1,1,1,6.0
201600004524,0016-07-03 18:30:00,16,7,3,18,30,10,426,01370,46.27,5.36,Plein jour,Hors agglomération,Hors intersection,Normale,Deux véhicules - frontale,,,,,,,,,,,1,1,1,1,1.0
201600004525,0016-08-01 15:30:00,16,8,1,15,30,10,184,,46.15255,5.44418,Plein jour,Hors agglomération,Autre intersection,Normale,Deux véhicules - côté,,,,,,,,,,,1,1,9,1,3.0
201600004526,0016-08-08 15:45:00,16,8,8,15,45,10,350,,46.29517,5.29978,Plein jour,Hors agglomération,Hors intersection,Normale,Deux véhicules - côté,,,,,,,,,,,1,1,1,1,3.0
201600004527,0016-02-14 04:15:00,16,2,14,4,15,10,236,,46.553,5.144,Nuit sans éclairage public,Hors agglomération,Hors intersection,Pluie légère,Autre collision,,,,,,,,,,,3,1,1,2,6.0
201600004528,0016-03-30 17:45:00,16,3,30,17,45,10,24,,,,Plein jour,Hors agglomération,Hors intersection,Normale,Deux véhicules - arrière,,,,,,,,,,,1,1,1,1,2.0
201600004529,0016-05-14 03:00:00,16,5,14,3,0,10,284,,,,Nuit sans éclairage public,Hors agglomération,Hors intersection,Normale,Deux véhicules - arrière,,,,,,,,,,,3,1,1,1,2.0
201600004530,0016-06-22 08:10:00,16,6,22,8,10,10,154,,46.31925,5.19473,Plein jour,Hors agglomération,Hors intersection,Normale,Deux véhicules - frontale,,,,,,,,,,,1,1,1,1,1.0
201600004531,0016-07-17 00:01:00,16,7,17,0,1,10,175,,,,Nuit avec éclairage allumé,Hors agglomération,Hors intersection,Normale,Autre collision,,,,,,,,,,,5,1,1,1,6.0
201600004532,0016-07-17 05:45:00,16,7,17,5,45,10,236,,46.32936,5.06837,Crépuscule ou aube,Hors agglomération,Hors intersection,Normale,Autre collision,,,,,,,,,,,2,1,1,1,6.0
201600004533,0016-08-12 18:45:00,16,8,12,18,45,10,406,,,,Plein jour,Hors agglomération,Intersection en X,Normale,Deux véhicules - côté,,,,,,,,,,,1,1,2,1,3.0
201600004534,0016-08-29 18:00:00,16,8,29,18,0,10,305,Avenue Adrien Thierry,,,Plein jour,En agglomération,Hors intersection,Normale,Deux véhicules - frontale,,,,,,,,,,,1,2,1,1,1.0
201600004535,0016-10-29 15:45:00,16,10,29,15,45,10,163,,,,Plein jour,Hors agglomération,Hors intersection,Normale,Autre collision,,,,,,,,,,,1,1,1,1,6.0
201600004536,0016-11-26 16:15:00,16,11,26,16,15,10,163,,46.367,5.15306,Plein jour,Hors agglomération,Hors intersection,Normale,Autre collision,,,,,,,,,,,1,1,1,1,6.0
201600004537,0016-01-26 07:00:00,16,1,26,7,0,10,68,,,,Nuit sans éclairage public,Hors agglomération,Hors intersection,Autre,Deux véhicules - frontale,,,,,,,,,,,3,1,1,9,1.0
201600004538,0016-02-26 03:00:00,16,2,26,3,0,10,200,,,,Nuit sans éclairage public,Hors agglomération,Hors intersection,Pluie légère,Sans collision,,,,,,,,,,,3,1,1,2,7.0
201600004539,0016-02-27 11:45:00,16,2,27,11,45,10,314,,,,Plein jour,Hors agglomération,Hors intersection,Normale,Autre collision,,,,,,,,,,,1,1,1,1,6.0
201600004540,0016-04-03 15:30:00,16,4,3,15,30,10,151,,,,Plein jour,Hors agglomération,Hors intersection,Pluie légère,Deux véhicules - frontale,,,,,,,,,,,1,1,1,2,1.0
201600004541,0016-04-06 17:30:00,16,4,6,17,30,10,199,,,,Plein jour,Hors agglomération,Hors intersection,Normale,Deux véhicules - frontale,,,,,,,,,,,1,1,1,1,1.0
201600004542,0016-04-24 20:00:00,16,4,24,20,0,10,68,,,,Plein jour,Hors agglomération,Hors intersection,Normale,Autre collision,,,,,,,,,,,1,1,1,1,6.0
201600004543,0016-05-07 01:15:00,16,5,7,1,15,10,200,,46.08806,5.4779,Nuit sans éclairage public,Hors agglomération,Hors intersection,Normale,Autre collision,,,,,,,,,,,3,1,1,1,6.0
201600004544,0016-05-21 15:30:00,16,5,21,15,30,10,363,,46.03878,5.35254,Plein jour,Hors agglomération,Hors intersection,Normale,Deux véhicules - côté,,,,,,,,,,,1,1,1,1,3.0
201600004545,0016-05-28 16:45:00,16,5,28,16,45,10,68,,,,Plein jour,Hors agglomération,Hors intersection,Normale,Autre collision,,,,,,,,,,,1,1,1,1,6.0
201600004546,0016-06-10 17:45:00,16,6,10,17,45,10,56,,,,Plein jour,Hors agglomération,Hors intersection,Normale,Autre collision,,,,,,,,,,,1,1,1,1,6.0
201600004547,0016-06-23 15:30:00,16,6,23,15,30,10,273,,46.09288,5.35699,Plein jour,Hors agglomération,Hors intersection,Normale,Autre collision,,,,,,,,,,,1,1,1,1,6.0
201600004548,0016-06-26 19:30:00,16,6,26,19,30,10,363,,,,Plein jour,Hors agglomération,Hors intersection,Normale,Autre collision,,,,,,,,,,,1,1,1,1,6.0
201600004549,0016-07-03 01:15:00,16,7,3,1,15,10,303,,,,Nuit sans éclairage public,Hors agglomération,Hors intersection,Normale,Trois véhicules et plus - collisions multiples,,,,,,,,,,,3,1,1,1,5.0
201600004550,0016-07-12 01:45:00,16,7,12,1,45,10,303,,,,Nuit sans éclairage public,Hors agglomération,Hors intersection,Normale,Deux véhicules - arrière,,,,,,,,,,,3,1,1,1,2.0
201600004551,0016-07-16 13:00:00,16,7,16,13,0,10,273,,46.07913,5.3765,Plein jour,En agglomération,Intersection en X,Temps éblouissant,Deux véhicules - côté,,,,,,,,,,,1,2,2,7,3.0
201600004552,0016-10-01 14:30:00,16,10,1,14,30,10,199,,,,Plein jour,Hors agglomération,Hors intersection,Pluie légère,Autre collision,,,,,,,,,,,1,1,1,2,6.0
201600004553,0016-10-08 15:15:00,16,10,8,15,15,10,199,,,,Plein jour,Hors agglomération,Hors intersection,Temps couvert,Sans collision,,,,,,,,,,,1,1,1,8,7.0
201600004554,0016-11-24 12:00:00,16,11,24,12,0,10,56,10 chemin du grapillon,,,Plein jour,En agglomération,Hors intersection,Normale,Sans collision,,,,,,,,,,,1,2,1,1,7.0
201600004555,0016-02-29 21:30:00,16,2,29,21,30,10,134,,,,Nuit sans éclairage public,Hors agglomération,Giratoire,Normale,Autre collision,,,,,,,,,,,3,1,6,1,6.0
201600004556,0016-05-11 09:45:00,16,5,11,9,45,10,134,,,,Plein jour,Hors agglomération,Intersection en X,Pluie forte,Deux véhicules - côté,,,,,,,,,,,1,1,2,3,3.0
201600004557,0016-07-07 14:45:00,16,7,7,14,45,10,320,,,,Nuit sans éclairage public,Hors agglomération,Hors intersection,Normale,Deux véhicules - frontale,,,,,,,,,,,3,1,1,1,1.0
201600004558,0016-06-21 16:00:00,16,6,21,16,0,10,343,,,,Plein jour,Hors agglomération,Hors intersection,Normale,Autre collision,,,,,,,,,,,1,1,1,1,6.0
201600004559,0016-09-20 15:45:00,16,9,20,15,45,10,306,avenur des sports,46.26349,4.88608,Plein jour,En agglomération,Autre intersection,Normale,Autre collision,,,,,,,,,,,1,2,9,1,6.0
201600004560,0016-12-10 03:30:00,16,12,10,3,30,10,320,rue de la prairie D68A,,,Nuit sans éclairage public,En agglomération,Hors intersection,Brouillard / fumée,Autre collision,,,,,,,,,,,3,2,1,5,6.0
201600004561,0016-02-05 15:30:00,16,2,5,15,30,10,34,,,,Plein jour,Hors agglomération,Hors intersection,Normale,Deux véhicules - arrière,,,,,,,,,,,1,1,1,1,2.0
201600004562,0016-08-20 16:00:00,16,8,20,16,0,10,239,,,,Plein jour,En agglomération,Hors intersection,Pluie légère,Deux véhicules - frontale,,,,,,,,,,,1,2,1,2,1.0
201600004563,0016-08-27 16:30:00,16,8,27,16,30,10,454,,,,Plein jour,Hors agglomération,Hors intersection,Normale,Autre collision,,,,,,,,,,,1,1,1,1,6.0
201600004564,0016-10-29 18:15:00,16,10,29,18,15,10,34,RD10,,,Plein jour,En agglomération,Hors intersection,Normale,Deux véhicules - frontale,,,,,,,,,,,1,2,1,1,1.0
201600004565,0016-11-01 12:30:00,16,11,1,12,30,10,294,01300,45.69516,5.67634,Plein jour,Hors agglomération,Hors intersection,Normale,Autre collision,,,,,,,,,,,1,1,1,1,6.0
201600004566,0016-11-14 08:45:00,16,11,14,8,45,10,294,,45.70192,5.69932,Plein jour,Hors agglomération,Hors intersection,Temps couvert,Autre collision,,,,,,,,,,,1,1,1,8,6.0
201600004567,0016-11-23 21:30:00,16,11,23,21,30,10,34,,45.768,5.704,Nuit sans éclairage public,Hors agglomération,Hors intersection,Normale,Autre collision,,,,,,,,,,,3,1,1,1,6.0
201600004568,0016-12-15 21:15:00,16,12,15,21,15,10,34,,,,Nuit sans éclairage public,Hors agglomération,Hors intersection,Normale,Deux véhicules - frontale,,,,,,,,,,,3,1,1,1,1.0
201600004569,0016-02-21 17:45:00,16,2,21,17,45,10,4,rue Alexandre Bérard,45.97741,5.34979,Plein jour,En agglomération,Hors intersection,Normale,Deux véhicules - frontale,,,,,,,,,,,1,2,1,1,1.0
201600004570,0016-11-05 11:45:00,16,11,5,11,45,10,345,Rue Pasteur,45.94468,5.33052,Plein jour,En agglomération,Hors intersection,Pluie légère,Deux véhicules - côté,,,,,,,,,,,1,2,1,2,3.0
201600004571,0016-11-17 22:00:00,16,11,17,22,0,10,89,,,,Nuit sans éclairage public,Hors agglomération,Hors intersection,Pluie légère,Deux véhicules - frontale,,,,,,,,,,,3,1,1,2,1.0
201600004572,0016-11-26 10:15:00,16,11,26,10,15,10,4,,,,Plein jour,Hors agglomération,Hors intersection,Normale,Deux véhicules - frontale,,,,,,,,,,,1,1,1,1,1.0
201600004573,0016-12-16 01:00:00,16,12,16,1,0,10,421,,,,Nuit sans éclairage public,Hors agglomération,Hors intersection,Normale,Autre collision,,,,,,,,,,,3,1,1,1,6.0
201600004574,0016-12-26 19:15:00,16,12,26,19,15,10,4,,,,Nuit sans éclairage public,Hors agglomération,Hors intersection,Autre,Autre collision,,,,,,,,,,,3,1,1,9,6.0
201600004575,0016-01-07 20:00:00,16,1,7,20,0,10,66,,,,Nuit sans éclairage public,Hors agglomération,Hors intersection,Normale,Autre collision,,,,,,,,,,,3,1,1,1,6.0
201600004576,0016-01-24 12:00:00,16,1,24,12,0,10,138,,,,Plein jour,Hors agglomération,Hors intersection,Normale,Trois véhicules et plus - collisions multiples,,,,,,,,,,,1,1,1,1,5.0
201600004577,0016-01-29 18:45:00,16,1,29,18,45,10,10,,,,Nuit avec éclairage allumé,Hors agglomération,Intersection en X,Normale,Trois véhicules et plus - collisions multiples,,,,,,,,,,,5,1,2,1,5.0
201600004578,0016-02-26 16:00:00,16,2,26,16,0,10,10,rue du pressoir,,,Plein jour,En agglomération,Intersection en T,Normale,Deux véhicules - frontale,,,,,,,,,,,1,2,3,1,1.0
201600004579,0016-02-26 14:30:00,16,2,26,14,30,10,407,,,,Plein jour,Hors agglomération,Hors intersection,Normale,Sans collision,,,,,,,,,,,1,1,1,1,7.0
201600004580,0016-06-22 16:00:00,16,6,22,16,0,10,138,450 avenue Falconnier,45.84788,5.7869,Plein jour,En agglomération,Hors intersection,Temps éblouissant,Deux véhicules - côté,,,,,,,,,,,1,2,1,7,3.0
201600004581,0016-07-08 08:45:00,16,7,8,8,45,10,415,,,,Plein jour,Hors agglomération,Hors intersection,Normale,Deux véhicules - frontale,,,,,,,,,,,1,1,1,1,1.0
201600004582,0016-07-09 17:15:00,16,7,9,17,15,10,329,,45.83366,5.59117,Plein jour,Hors agglomération,Hors intersection,Normale,Sans collision,,,,,,,,,,,1,1,1,1,7.0
201600004583,0016-07-15 16:30:00,16,7,15,16,30,10,138,,,,Plein jour,Hors agglomération,Hors intersection,Normale,Deux véhicules - frontale,,,,,,,,,,,1,1,1,1,1.0
201600004584,0016-09-18 17:45:00,16,9,18,17,45,10,138,,,,Crépuscule ou aube,Hors agglomération,Hors intersection,Pluie légère,Deux véhicules - côté,,,,,,,,,,,2,1,1,2,3.0
201600004585,0016-09-24 13:30:00,16,9,24,13,30,10,218,,,,Plein jour,Hors agglomération,Hors intersection,Normale,Sans collision,,,,,,,,,,,1,1,1,1,7.0
201600004586,0016-10-31 16:30:00,16,10,31,16,30,10,138,carrefour CD992/CD904,,,Plein jour,En agglomération,Giratoire,Normale,Deux véhicules - côté,,,,,,,,,,,1,2,6,1,3.0
201600004587,0016-12-24 10:00:00,16,12,24,10,0,10,138,,,,Plein jour,Hors agglomération,Hors intersection,Normale,Sans collision,,,,,,,,,,,1,1,1,1,7.0
201600004588,0016-06-21 07:45:00,16,6,21,7,45,10,112,,46.1,5.54,Crépuscule ou aube,Hors agglomération,Hors intersection,Pluie légère,Deux véhicules - frontale,,,,,,,,,,,2,1,1,2,1.0
201600004589,0016-07-30 11:45:00,16,7,30,11,45,10,176,,,,Plein jour,Hors agglomération,Hors intersection,Pluie légère,Sans collision,,,,,,,,,,,1,1,1,2,7.0
201600004590,0016-01-25 13:30:00,16,1,25,13,30,10,396,,,,Plein jour,Hors agglomération,Hors intersection,Normale,Sans collision,,,,,,,,,,,1,1,1,1,7.0
201600004591,0016-02-04 19:15:00,16,2,4,19,15,10,224,,,,Nuit avec éclairage allumé,Hors agglomération,Hors intersection,Pluie légère,Deux véhicules - frontale,,,,,,,,,,,5,1,1,2,1.0
201600004592,0016-02-08 09:30:00,16,2,8,9,30,10,444,,,,Plein jour,Hors agglomération,Hors intersection,Temps couvert,Deux véhicules - frontale,,,,,,,,,,,1,1,1,8,1.0
201600004593,0016-02-20 00:30:00,16,2,20,0,30,10,444,,,,Nuit sans éclairage public,Hors agglomération,Hors intersection,Normale,Deux véhicules - frontale,,,,,,,,,,,3,1,1,1,1.0
201600004594,0016-03-18 19:00:00,16,3,18,19,0,10,396,RD 19 route du Pont,45.85465,5.40905,Nuit avec éclairage allumé,En agglomération,Hors intersection,Normale,Sans collision,,,,,,,,,,,5,2,1,1,7.0
201600004595,0016-06-16 02:15:00,16,6,16,2,15,10,213,,45.91,5.31,Nuit sans éclairage public,Hors agglomération,Hors intersection,Pluie forte,Deux véhicules - côté,,,,,,,,,,,3,1,1,3,3.0
201600004596,0016-07-01 04:45:00,16,7,1,4,45,10,213,,,,Nuit sans éclairage public,Hors agglomération,Hors intersection,Normale,Trois véhicules et plus - collisions multiples,,,,,,,,,,,3,1,1,1,5.0
201600004597,0016-09-02 13:15:00,16,9,2,13,15,10,47,,,,Plein jour,Hors agglomération,Hors intersection,Normale,Trois véhicules et plus - collisions multiples,,,,,,,,,,,1,1,1,1,5.0
201600004598,0016-09-09 07:45:00,16,9,9,7,45,10,213,,,,Plein jour,Hors agglomération,Hors intersection,Normale,Deux véhicules - côté,,,,,,,,,,,1,1,1,1,3.0
201600004599,0016-09-13 05:45:00,16,9,13,5,45,10,390,,45.78351,5.22653,Nuit sans éclairage public,Hors agglomération,Hors intersection,Normale,Deux véhicules - frontale,,,,,,,,,,,3,1,1,1,1.0
201600004600,0016-10-04 15:30:00,16,10,4,15,30,10,8,,,,Plein jour,Hors agglomération,Hors intersection,Normale,Trois véhicules et plus - en chaîne,,,,,,,,,,,1,1,1,1,4.0
201600004601,0016-04-15 18:45:00,16,4,15,18,45,10,269,rue du docteur mercier,,,Plein jour,En agglomération,Hors intersection,Pluie légère,Autre collision,,,,,,,,,,,1,2,1,2,6.0
201600004602,0016-06-04 21:45:00,16,6,4,21,45,10,204,,46.155,5.719,Crépuscule ou aube,Hors agglomération,Hors intersection,Normale,Deux véhicules - frontale,,,,,,,,,,,2,1,1,1,1.0
201600004603,0016-06-10 18:45:00,16,6,10,18,45,10,269,,,,Plein jour,Hors agglomération,Hors intersection,Normale,Deux véhicules - frontale,,,,,,,,,,,1,1,1,1,1.0
201600004604,0016-08-13 20:00:00,16,8,13,20,0,10,87,,46.20538,5.6938,Plein jour,Hors agglomération,Hors intersection,Normale,Deux véhicules - frontale,,,,,,,,,,,1,1,1,1,1.0
201600004605,0016-08-16 09:45:00,16,8,16,9,45,10,265,16 rue du lyonnais,,,Plein jour,En agglomération,Hors intersection,Normale,Autre collision,,,,,,,,,,,1,2,1,1,6.0
201600004606,0016-05-09 08:45:00,16,5,9,8,45,10,33,AVENUE ST EXUPERY,46.11,5.81,Plein jour,En agglomération,Hors intersection,Normale,Autre collision,,,,,,,,,,,1,2,1,1,6.0
201600004607,0016-05-25 19:00:00,16,5,25,19,0,10,33,avenue saint exupery,,,Plein jour,En agglomération,Intersection en T,Normale,Deux véhicules - côté,,,,,,,,,,,1,2,3,1,3.0
201600004608,0016-06-22 10:30:00,16,6,22,10,30,10,33,rue de la perte du rhône,,,Plein jour,En agglomération,Hors intersection,Normale,Autre collision,,,,,,,,,,,1,2,1,1,6.0
201600004609,0016-10-14 03:30:00,16,10,14,3,30,10,44,,,,Nuit sans éclairage public,Hors agglomération,Hors intersection,Pluie forte,Autre collision,,,,,,,,,,,3,1,1,3,6.0
201600004610,0016-01-19 06:30:00,16,1,19,6,30,10,173,,,,Nuit sans éclairage public,Hors agglomération,Hors intersection,Neige / grêle,Deux véhicules - côté,,,,,,,,,,,3,1,1,4,3.0
201600004611,0016-02-16 17:15:00,16,2,16,17,15,10,143,51 rue des bains,,,Plein jour,En agglomération,Hors intersection,Pluie légère,Autre collision,,,,,,,,,,,1,2,1,2,6.0
201600004612,0016-04-29 08:15:00,16,4,29,8,15,10,71,Rue du jura,,,Crépuscule ou aube,En agglomération,Hors intersection,Normale,Deux véhicules - frontale,,,,,,,,,,,2,2,1,1,1.0
201600004613,0016-08-27 13:30:00,16,8,27,13,30,10,143,rue de la combe de l'eau,,,Plein jour,En agglomération,Hors intersection,Normale,Autre collision,,,,,,,,,,,1,2,1,1,6.0
201600004614,0016-03-26 15:15:00,16,3,26,15,15,10,114,,,,Plein jour,Hors agglomération,Hors intersection,Normale,Sans collision,,,,,,,,,,,1,1,1,1,7.0
201600004615,0016-05-31 17:15:00,16,5,31,17,15,10,247,,,,Plein jour,Hors agglomération,Hors intersection,Pluie légère,Deux véhicules - frontale,,,,,,,,,,,1,1,1,2,1.0
201600004616,0016-08-13 16:15:00,16,8,13,16,15,10,247,,,,Plein jour,Hors agglomération,Hors intersection,Normale,Sans collision,,,,,,,,,,,1,1,1,1,7.0
201600004617,0016-01-29 16:00:00,16,1,29,16,0,10,160,rue de versoix,46.2588,6.116,Plein jour,En agglomération,Giratoire,Temps éblouissant,Autre collision,,,,,,,,,,,1,2,6,7,6.0
201600004618,0016-06-19 22:00:00,16,6,19,22,0,10,313,,,,Nuit sans éclairage public,Hors agglomération,Hors intersection,Normale,Autre collision,,,,,,,,,,,3,1,1,1,6.0
201600004619,0016-08-15 22:10:00,16,8,15,22,10,10,435,,46.30346,6.08932,Nuit sans éclairage public,Hors agglomération,Hors intersection,Normale,Sans collision,,,,,,,,,,,3,1,1,1,7.0
201600004620,0016-09-13 21:45:00,16,9,13,21,45,10,281,rue de gex RN5,,,Nuit sans éclairage public,En agglomération,Hors intersection,Normale,Autre collision,,,,,,,,,,,3,2,1,1,6.0
201600004621,0016-10-17 17:30:00,16,10,17,17,30,10,173,Avenue des alpes,,,Plein jour,En agglomération,Hors intersection,Pluie légère,Deux véhicules - côté,,,,,,,,,,,1,2,1,2,3.0
201600004622,0016-11-08 17:30:00,16,11,8,17,30,10,281,,,,Nuit sans éclairage public,En agglomération,Hors intersection,Normale,Deux véhicules - frontale,,,,,,,,,,,3,2,1,1,1.0
201600004623,0016-11-03 14:30:00,16,11,3,14,30,10,160,Avenue du Jura,,,Plein jour,En agglomération,Hors intersection,Normale,Autre collision,,,,,,,,,,,1,2,1,1,6.0
201600004624,0016-01-23 16:30:00,16,1,23,16,30,10,446,248 route de Saint Trivi,,,Plein jour,En agglomération,Hors intersection,Temps éblouissant,Deux véhicules - côté,,,,,,,,,,,1,2,1,7,3.0
201600004625,0016-02-25 21:00:00,16,2,25,21,0,10,250,,,,Nuit sans éclairage public,Hors agglomération,Hors intersection,Normale,Deux véhicules - frontale,,,,,,,,,,,3,1,1,1,1.0
201600004626,0016-03-05 13:30:00,16,3,5,13,30,10,166,52 allée des prairies,,,Plein jour,En agglomération,Hors intersection,Normale,Sans collision,,,,,,,,,,,1,2,1,1,7.0
201600004627,0016-03-30 11:15:00,16,3,30,11,15,10,238,,,,Plein jour,Hors agglomération,Hors intersection,Normale,Deux véhicules - frontale,,,,,,,,,,,1,1,1,1,1.0
201600004628,0016-04-12 13:15:00,16,4,12,13,15,10,322,,,,Plein jour,Hors agglomération,Intersection en T,Normale,Trois véhicules et plus - collisions multiples,,,,,,,,,,,1,1,3,1,5.0
201600004629,0016-04-19 15:15:00,16,4,19,15,15,10,194,rue de la liberté,45.98111,4.76662,Plein jour,En agglomération,Hors intersection,Normale,Autre collision,,,,,,,,,,,1,2,1,1,6.0
201600004630,0016-04-26 13:30:00,16,4,26,13,30,10,75,,46.02235,4.78511,Plein jour,Hors agglomération,Hors intersection,Normale,Deux véhicules - frontale,,,,,,,,,,,1,1,1,1,1.0
201600004631,0016-05-09 08:45:00,16,5,9,8,45,10,318,,45.97123,4.85278,Plein jour,Hors agglomération,Intersection en X,Pluie légère,Deux véhicules - côté,,,,,,,,,,,1,1,2,2,3.0
201600004632,0016-06-11 23:30:00,16,6,11,23,30,10,250,,45.98,4.76,Nuit sans éclairage public,Hors agglomération,Giratoire,Normale,Sans collision,,,,,,,,,,,3,1,6,1,7.0
201600004633,0016-06-19 04:15:00,16,6,19,4,15,10,318,,45.97281,4.86869,Nuit sans éclairage public,En agglomération,Hors intersection,Normale,Autre collision,,,,,,,,,,,3,2,1,1,6.0
201600004634,0016-06-23 11:30:00,16,6,23,11,30,10,427,,,,Plein jour,En agglomération,Hors intersection,Normale,Sans collision,,,,,,,,,,,1,2,1,1,7.0
201600004635,0016-06-24 15:15:00,16,6,24,15,15,10,446,,,,Plein jour,Hors agglomération,Intersection en X,Normale,Deux véhicules - côté,,,,,,,,,,,1,1,2,1,3.0
201600004636,0016-07-02 22:00:00,16,7,2,22,0,10,322,01600,45.93,4.8,Crépuscule ou aube,Hors agglomération,Giratoire,Normale,Autre collision,,,,,,,,,,,2,1,6,1,6.0
201600004637,0016-07-06 09:15:00,16,7,6,9,15,10,30,,46.00104,4.75144,Plein jour,En agglomération,Hors intersection,Normale,Deux véhicules - arrière,,,,,,,,,,,1,2,1,1,2.0
201600004638,0016-09-20 12:15:00,16,9,20,12,15,10,21,,45.97122,4.85276,Plein jour,Hors agglomération,Hors intersection,Normale,Deux véhicules - côté,,,,,,,,,,,1,1,1,1,3.0
201600004639,0016-10-08 10:55:00,16,10,8,10,55,10,238,14 rue Lavoisier,45.90442,4.8203,Plein jour,En agglomération,Autre intersection,Normale,Deux véhicules - frontale,,,,,,,,,,,1,2,9,1,1.0
201600004640,0016-12-07 21:45:00,16,12,7,21,45,10,157,,,,Nuit sans éclairage public,Hors agglomération,Intersection en X,Brouillard / fumée,Deux véhicules - frontale,,,,,,,,,,,3,1,2,5,1.0
201600004641,0016-12-16 08:45:00,16,12,16,8,45,10,75,,,,Plein jour,Hors agglomération,Hors intersection,Normale,Deux véhicules - arrière,,,,,,,,,,,1,1,1,1,2.0
201600004642,0016-01-01 05:00:00,16,1,1,5,0,10,46,Les Allouets,,,Nuit sans éclairage public,En agglomération,Hors intersection,Brouillard / fumée,Deux véhicules - frontale,,,,,,,,,,,3,2,1,5,1.0
201600004643,0016-01-11 17:15:00,16,1,11,17,15,10,93,,,,Crépuscule ou aube,Hors agglomération,Hors intersection,Temps couvert,Autre collision,,,,,,,,,,,2,1,1,8,6.0
201600004644,0016-01-31 06:45:00,16,1,31,6,45,10,457,rue eugène dubois,,,Nuit avec éclairage allumé,En agglomération,Hors intersection,Pluie légère,Sans collision,,,,,,,,,,,5,2,1,2,7.0
201600004645,0016-03-07 17:15:00,16,3,7,17,15,10,355,,,,Plein jour,Hors agglomération,Intersection en X,Pluie légère,Trois véhicules et plus - collisions multiples,,,,,,,,,,,1,1,2,2,5.0
201600004646,0016-05-11 14:30:00,16,5,11,14,30,10,457,,,,Plein jour,Hors agglomération,Hors intersection,Normale,Deux véhicules - frontale,,,,,,,,,,,1,1,1,1,1.0
201600004647,0016-05-14 23:15:00,16,5,14,23,15,10,457,,,,Nuit avec éclairage allumé,Hors agglomération,Hors intersection,Normale,Sans collision,,,,,,,,,,,5,1,1,1,7.0
201600004648,0016-05-22 07:15:00,16,5,22,7,15,10,412,,,,Plein jour,Hors agglomération,Hors intersection,Normale,Deux véhicules - côté,,,,,,,,,,,1,1,1,1,3.0
201600004649,0016-06-19 08:30:00,16,6,19,8,30,10,368,,46.18882,4.95414,Plein jour,Hors agglomération,Hors intersection,Pluie légère,Autre collision,,,,,,,,,,,1,1,1,2,6.0
201600004650,0016-06-24 17:45:00,16,6,24,17,45,10,246,,,,Plein jour,Hors agglomération,Hors intersection,Normale,Autre collision,,,,,,,,,,,1,1,1,1,6.0
201600004651,0016-07-02 22:00:00,16,7,2,22,0,10,93,,,,Nuit sans éclairage public,Hors agglomération,Hors intersection,Normale,Autre collision,,,,,,,,,,,3,1,1,1,6.0
201600004652,0016-07-01 10:00:00,16,7,1,10,0,10,457,,,,Plein jour,Hors agglomération,Hors intersection,Normale,Deux véhicules - côté,,,,,,,,,,,1,1,1,1,3.0
201600004653,0016-07-02 17:30:00,16,7,2,17,30,10,93,,,,Plein jour,Hors agglomération,Giratoire,Normale,Autre collision,,,,,,,,,,,1,1,6,1,6.0
201600004654,0016-08-07 14:45:00,16,8,7,14,45,10,115,,,,Plein jour,Hors agglomération,Hors intersection,Normale,Deux véhicules - côté,,,,,,,,,,,1,1,1,1,3.0
201600004655,0016-08-13 11:45:00,16,8,13,11,45,10,412,,46.16571,4.96323,Plein jour,Hors agglomération,Intersection en X,Normale,Deux véhicules - côté,,,,,,,,,,,1,1,2,1,3.0
201600004656,0016-09-09 09:30:00,16,9,9,9,30,10,246,route de polliat,46.24049,5.06443,Plein jour,En agglomération,Hors intersection,Normale,Deux véhicules - côté,,,,,,,,,,,1,2,1,1,3.0
201600004657,0016-09-25 12:30:00,16,9,25,12,30,10,457,,46.22372,4.98121,Plein jour,Hors agglomération,Hors intersection,Normale,Deux véhicules - côté,,,,,,,,,,,1,1,1,1,3.0
201600004658,0016-10-08 18:00:00,16,10,8,18,0,10,93,,,,Plein jour,Hors agglomération,Hors intersection,Normale,Deux véhicules - frontale,,,,,,,,,,,1,1,1,1,1.0
201600004659,0016-12-04 23:45:00,16,12,4,23,45,10,412,le village,,,Nuit avec éclairage allumé,En agglomération,Hors intersection,Normale,Autre collision,,,,,,,,,,,5,2,1,1,6.0