accident_id,datetime,annee,mois,jour,heure,minute,departement,commune_insee,adresse,latitude,longitude,luminosite,agglomeration,intersection,meteo,collision,nb_vehicules,nb_usagers,nb_indemnes,nb_tues,nb_blesses_hosp,nb_blesses_legers,age_cond_1,age_cond_2,veh_type_cond_1,veh_type_cond_2,lum_code,agg_code,int_code,atm_code,col_code
201600004660,0016-06-17 17:00:00,16,6,17,17,0,10,249,,,,Plein jour,Hors agglomération,Hors intersection,Normale,Deux véhicules - côté,,,,,,,,,,,1,1,1,1,3.0
201600004661,0016-07-08 14:15:00,16,7,8,14,15,10,249,,45.86725,4.91287,Plein jour,Hors agglomération,Hors intersection,Normale,Deux véhicules - arrière,,,,,,,,,,,1,1,1,1,2.0
201600004662,0016-09-30 16:15:00,16,9,30,16,15,10,249,2300 grande rue,45.82678,4.96821,Plein jour,En agglomération,Hors intersection,Normale,Deux véhicules - côté,,,,,,,,,,,1,2,1,1,3.0
201600004663,0016-10-05 15:30:00,16,10,5,15,30,10,249,grande Rue,,,Plein jour,En agglomération,Autre intersection,Normale,Deux véhicules - côté,,,,,,,,,,,1,2,9,1,3.0
201600004664,0016-10-10 15:00:00,16,10,10,15,0,10,275,,45.82527,4.9301,Plein jour,En agglomération,Intersection en X,Normale,Deux véhicules - arrière,,,,,,,,,,,1,2,2,1,2.0
201600004665,0016-01-11 14:15:00,16,1,11,14,15,10,262,Avenue de la gare,45.8481,5.0577,Plein jour,En agglomération,Giratoire,Normale,Autre collision,,,,,,,,,,,1,2,6,1,6.0
201600004666,0016-01-23 14:30:00,16,1,23,14,30,10,297,,,,Plein jour,Hors agglomération,Hors intersection,Normale,Sans collision,,,,,,,,,,,1,1,1,1,7.0
201600004667,0016-01-30 16:00:00,16,1,30,16,0,10,49,RD 1084,,,Plein jour,En agglomération,Hors intersection,Temps couvert,Autre collision,,,,,,,,,,,1,2,1,8,6.0
201600004668,0016-04-08 11:15:00,16,4,8,11,15,10,49,521 route Nationale,,,Plein jour,En agglomération,Hors intersection,Normale,Deux véhicules - côté,,,,,,,,,,,1,2,1,1,3.0
201600004669,0016-05-20 17:45:00,16,5,20,17,45,10,276,,,,Plein jour,Hors agglomération,Hors intersection,Normale,Sans collision,,,,,,,,,,,1,1,1,1,7.0
201600004670,0016-07-29 18:45:00,16,7,29,18,45,10,32,126 chemin du Folu,,,Plein jour,En agglomération,Hors intersection,Temps éblouissant,Autre collision,,,,,,,,,,,1,2,1,7,6.0
201600004671,0016-08-24 19:30:00,16,8,24,19,30,10,27,76 rue de la balme,,,Plein jour,En agglomération,Intersection en T,Normale,Deux véhicules - côté,,,,,,,,,,,1,2,3,1,3.0
201600004672,0016-10-20 18:45:00,16,10,20,18,45,10,32,995 route de geneve,,,Plein jour,En agglomération,Hors intersection,Normale,Deux véhicules - côté,,,,,,,,,,,1,2,1,1,3.0
201600004673,0016-01-24 05:15:00,16,1,24,5,15,10,393,,,,Nuit sans éclairage public,Hors agglomération,Hors intersection,Normale,Sans collision,,,,,,,,,,,3,1,1,1,7.0
201600004674,0016-03-18 04:00:00,16,3,18,4,0,10,443,,,,Nuit sans éclairage public,Hors agglomération,Hors intersection,Normale,Deux véhicules - côté,,,,,,,,,,,3,1,1,1,3.0
201600004675,0016-04-14 12:05:00,16,4,14,12,5,10,45,,,,Plein jour,Hors agglomération,Hors intersection,Normale,Sans collision,,,,,,,,,,,1,1,1,1,7.0
201600004676,0016-05-21 22:45:00,16,5,21,22,45,10,235,,,,Nuit sans éclairage public,Hors agglomération,Hors intersection,Normale,Autre collision,,,,,,,,,,,3,1,1,1,6.0
201600004677,0016-06-18 23:00:00,16,6,18,23,0,10,5,,,,Nuit avec éclairage allumé,En agglomération,Hors intersection,Normale,Deux véhicules - frontale,,,,,,,,,,,5,2,1,1,1.0
201600004678,0016-07-13 03:00:00,16,7,13,3,0,10,371,,45.94632,4.98165,Nuit avec éclairage allumé,Hors agglomération,Hors intersection,Normale,Sans collision,,,,,,,,,,,5,1,1,1,7.0
201600004679,0016-08-08 18:00:00,16,8,8,18,0,10,85,le village,,,Plein jour,En agglomération,Intersection en X,Normale,Deux véhicules - côté,,,,,,,,,,,1,2,2,1,3.0
201600004680,0016-02-07 13:30:00,16,2,7,13,30,10,428,,,,Plein jour,Hors agglomération,Intersection en X,Normale,Deux véhicules - côté,,,,,,,,,,,1,1,2,1,3.0
201600004681,0016-05-27 20:30:00,16,5,27,20,30,10,420,rue de l'église,46.17218,4.80114,Plein jour,En agglomération,Intersection en X,Normale,Deux véhicules - côté,,,,,,,,,,,1,2,2,1,3.0
201600004682,0016-07-24 07:30:00,16,7,24,7,30,10,169,D933,,,Crépuscule ou aube,En agglomération,Hors intersection,Temps éblouissant,Autre collision,,,,,,,,,,,2,2,1,7,6.0
201600004683,0016-07-27 17:45:00,16,7,27,17,45,10,351,,,,Plein jour,Hors agglomération,Hors intersection,Normale,Autre collision,,,,,,,,,,,1,1,1,1,6.0
201600004684,0016-09-01 17:15:00,16,9,1,17,15,10,420,AVENUE DU PORT,46.16615,4.79084,Plein jour,En agglomération,Hors intersection,Normale,Autre collision,,,,,,,,,,,1,2,1,1,6.0
201600004685,0016-09-08 12:00:00,16,9,8,12,0,10,263,62 BIS RUE DE MACON,46.08566,4.75331,Plein jour,En agglomération,Hors intersection,Normale,Deux véhicules - frontale,,,,,,,,,,,1,2,1,1,1.0
201600004686,0016-10-13 18:45:00,16,10,13,18,45,10,169,,,,Nuit avec éclairage allumé,Hors agglomération,Hors intersection,Pluie forte,Autre collision,,,,,,,,,,,5,1,1,3,6.0
201600004687,0016-12-05 13:30:00,16,12,5,13,30,10,420,avenue du port,,,Plein jour,En agglomération,Hors intersection,Brouillard / fumée,Autre collision,,,,,,,,,,,1,2,1,5,6.0
201600004688,0016-12-09 17:40:00,16,12,9,17,40,10,420,09 rue des écoles,46.17492,4.79898,Nuit avec éclairage allumé,En agglomération,Hors intersection,Brouillard / fumée,Autre collision,,,,,,,,,,,5,2,1,5,6.0
201600004689,0016-02-08 11:00:00,16,2,8,11,0,70,122,,,,Plein jour,Hors agglomération,Hors intersection,Normale,Trois véhicules et plus - collisions multiples,,,,,,,,,,,1,1,1,1,5.0
201600004690,0016-03-30 16:45:00,16,3,30,16,45,70,122,champ-dus,,,Plein jour,En agglomération,Hors intersection,Normale,Sans collision,,,,,,,,,,,1,2,1,1,7.0
201600004691,0016-06-07 16:45:00,16,6,7,16,45,70,289,5 rue de luol / PK29+50,,,Plein jour,En agglomération,Hors intersection,Normale,Autre collision,,,,,,,,,,,1,2,1,1,6.0
201600004692,0016-06-13 21:15:00,16,6,13,21,15,70,210,,,,Crépuscule ou aube,Hors agglomération,Hors intersection,Pluie légère,Autre collision,,,,,,,,,,,2,1,1,2,6.0
201600004693,0016-06-21 12:00:00,16,6,21,12,0,70,155,,,,Plein jour,Hors agglomération,Hors intersection,Normale,Autre collision,,,,,,,,,,,1,1,1,1,6.0
201600004694,0016-06-13 11:15:00,16,6,13,11,15,70,139,,,,Plein jour,Hors agglomération,Hors intersection,Normale,Deux véhicules - frontale,,,,,,,,,,,1,1,1,1,1.0
201600004695,0016-06-24 18:30:00,16,6,24,18,30,70,296,ROUTE DE JANICOU,,,Plein jour,En agglomération,Hors intersection,Normale,Deux véhicules - côté,,,,,,,,,,,1,2,1,1,3.0
201600004696,0016-08-11 16:30:00,16,8,11,16,30,70,16,,44.684,4.355,Plein jour,Hors agglomération,Hors intersection,Normale,Autre collision,,,,,,,,,,,1,1,1,1,6.0
201600004697,0016-08-26 15:00:00,16,8,26,15,0,70,230,,44.696,4.474,Plein jour,Hors agglomération,Hors intersection,Normale,Deux véhicules - frontale,,,,,,,,,,,1,1,1,1,1.0
201600004698,0016-08-26 23:30:00,16,8,26,23,30,70,296,,44.589,4.394,Nuit avec éclairage allumé,Hors agglomération,Hors intersection,Normale,Deux véhicules - côté,,,,,,,,,,,5,1,1,1,3.0
201600004699,0016-11-26 09:30:00,16,11,26,9,30,70,230,,44.687,4.464,Plein jour,Hors agglomération,Hors intersection,Normale,Deux véhicules - frontale,,,,,,,,,,,1,1,1,1,1.0
201600004700,0016-02-13 12:30:00,16,2,13,12,30,70,42,,,,Plein jour,Hors agglomération,Hors intersection,Brouillard / fumée,Deux véhicules - frontale,,,,,,,,,,,1,1,1,5,1.0
201600004701,0016-07-15 15:15:00,16,7,15,15,15,70,133,,44.442,4.589,Plein jour,Hors agglomération,Autre intersection,Normale,Deux véhicules - arrière,,,,,,,,,,,1,1,9,1,2.0
201600004702,0016-07-30 19:15:00,16,7,30,19,15,70,42,,,,Plein jour,Hors agglomération,Hors intersection,Normale,Deux véhicules - arrière,,,,,,,,,,,1,1,1,1,2.0
201600004703,0016-08-11 13:45:00,16,8,11,13,45,70,268,,,,Plein jour,Hors agglomération,Hors intersection,Normale,Deux véhicules - côté,,,,,,,,,,,1,1,1,1,3.0
201600004704,0016-05-16 13:30:00,16,5,16,13,30,70,167,,,,Plein jour,Hors agglomération,Hors intersection,Normale,Deux véhicules - côté,,,,,,,,,,,1,1,1,1,3.0
201600004705,0016-07-17 14:15:00,16,7,17,14,15,70,149,,,,Plein jour,Hors agglomération,Hors intersection,Normale,Autre collision,,,,,,,,,,,1,1,1,1,6.0
201600004706,0016-01-05 17:15:00,16,1,5,17,15,70,319,,,,Crépuscule ou aube,Hors agglomération,Hors intersection,Normale,Autre collision,,,,,,,,,,,2,1,1,1,6.0
201600004707,0016-03-18 19:30:00,16,3,18,19,30,70,346,,44.774,4.146,Crépuscule ou aube,Hors agglomération,Hors intersection,Normale,Autre collision,,,,,,,,,,,2,1,1,1,6.0
201600004708,0016-05-04 14:15:00,16,5,4,14,15,70,346,,,,Plein jour,Hors agglomération,Hors intersection,Normale,Deux véhicules - arrière,,,,,,,,,,,1,1,1,1,2.0
201600004709,0016-09-22 14:45:00,16,9,22,14,45,70,319,,,,Plein jour,Hors agglomération,Hors intersection,Normale,Trois véhicules et plus - collisions multiples,,,,,,,,,,,1,1,1,1,5.0
201600004710,0016-10-09 11:30:00,16,10,9,11,30,70,319,12 avenue matteoti,,,Plein jour,En agglomération,Hors intersection,Normale,Autre collision,,,,,,,,,,,1,2,1,1,6.0
201600004711,0016-05-17 08:15:00,16,5,17,8,15,70,341,Faubourg saint jean,,,Plein jour,En agglomération,Hors intersection,Normale,Deux véhicules - frontale,,,,,,,,,,,1,2,1,1,1.0
201600004712,0016-07-31 13:15:00,16,7,31,13,15,70,159,,,,Plein jour,Hors agglomération,Hors intersection,Normale,Autre collision,,,,,,,,,,,1,1,1,1,6.0
201600004713,0016-10-20 10:45:00,16,10,20,10,45,70,273,,,,Plein jour,Hors agglomération,Hors intersection,Normale,Autre collision,,,,,,,,,,,1,1,1,1,6.0
201600004714,0016-12-11 20:15:00,16,12,11,20,15,70,341,,,,Plein jour,Hors agglomération,Hors intersection,Normale,Deux véhicules - frontale,,,,,,,,,,,1,1,1,1,1.0
201600004715,0016-02-05 11:00:00,16,2,5,11,0,70,27,,44.83,4.81,Plein jour,Hors agglomération,Intersection en X,Normale,Deux véhicules - côté,,,,,,,,,,,1,1,2,1,3.0
201600004716,0016-02-21 14:15:00,16,2,21,14,15,70,240,,44.843,4.816,Plein jour,Hors agglomération,Giratoire,Normale,Deux véhicules - côté,,,,,,,,,,,1,1,6,1,3.0
201600004717,0016-03-25 15:00:00,16,3,25,15,0,70,27,Route départementale 21,,,Plein jour,En agglomération,Intersection en T,Normale,Deux véhicules - côté,,,,,,,,,,,1,2,3,1,3.0
201600004718,0016-05-06 16:30:00,16,5,6,16,30,70,237,,,,Plein jour,Hors agglomération,Hors intersection,Normale,Deux véhicules - frontale,,,,,,,,,,,1,1,1,1,1.0
201600004719,0016-05-10 17:45:00,16,5,10,17,45,70,181,route départementale 86,44.741,4.741,Plein jour,En agglomération,Hors intersection,Normale,Deux véhicules - arrière,,,,,,,,,,,1,2,1,1,2.0
201600004720,0016-05-16 08:30:00,16,5,16,8,30,70,349,Avenue Marx Dormoy,,,Plein jour,En agglomération,Hors intersection,Normale,Autre collision,,,,,,,,,,,1,2,1,1,6.0
201600004721,0016-06-02 10:15:00,16,6,2,10,15,70,349,,,,Plein jour,Hors agglomération,Hors intersection,Normale,Deux véhicules - côté,,,,,,,,,,,1,1,1,1,3.0
201600004722,0016-07-09 18:15:00,16,7,9,18,15,70,22,,,,Plein jour,Hors agglomération,Hors intersection,Normale,Deux véhicules - côté,,,,,,,,,,,1,1,1,1,3.0
201600004723,0016-07-22 07:15:00,16,7,22,7,15,70,181,,,,Plein jour,Hors agglomération,Hors intersection,Normale,Deux véhicules - frontale,,,,,,,,,,,1,1,1,1,1.0
201600004724,0016-09-19 10:30:00,16,9,19,10,30,70,261,,44.842,4.749,Plein jour,Hors agglomération,Hors intersection,Normale,Autre collision,,,,,,,,,,,1,1,1,1,6.0
201600004725,0016-10-07 08:45:00,16,10,7,8,45,70,261,cours du temple,44.826,4.764,Plein jour,En agglomération,Hors intersection,Temps éblouissant,Autre collision,,,,,,,,,,,1,2,1,7,6.0
201600004726,0016-10-19 17:00:00,16,10,19,17,0,70,349,,,,Plein jour,Hors agglomération,Hors intersection,Normale,Autre collision,,,,,,,,,,,1,1,1,1,6.0
201600004727,0016-11-10 12:15:00,16,11,10,12,15,70,237,,,,Plein jour,Hors agglomération,Hors intersection,Temps couvert,Deux véhicules - frontale,,,,,,,,,,,1,1,1,8,1.0
201600004728,0016-11-10 18:45:00,16,11,10,18,45,70,90,RD104,,,Nuit avec éclairage allumé,En agglomération,Hors intersection,Pluie légère,Autre collision,,,,,,,,,,,5,2,1,2,6.0
201600004729,0016-12-01 18:00:00,16,12,1,18,0,70,349,avenue Léon Blum,,,Nuit avec éclairage allumé,En agglomération,Hors intersection,Normale,Deux véhicules - frontale,,,,,,,,,,,5,2,1,1,1.0
201600004730,0016-01-11 22:00:00,16,1,11,22,0,70,329,,,,Nuit sans éclairage public,Hors agglomération,Hors intersection,Normale,Autre collision,,,,,,,,,,,3,1,1,1,6.0
201600004731,0016-06-05 01:45:00,16,6,5,1,45,70,117,,,,Nuit sans éclairage public,Hors agglomération,Hors intersection,Autre,Autre collision,,,,,,,,,,,3,1,1,9,6.0
201600004732,0016-10-03 06:45:00,16,10,3,6,45,70,343,,,,Nuit sans éclairage public,Hors agglomération,Hors intersection,Normale,Autre collision,,,,,,,,,,,3,1,1,1,6.0
201600004733,0016-11-10 18:30:00,16,11,10,18,30,70,110,place de la bourgade,,,Nuit avec éclairage allumé,En agglomération,Hors intersection,Normale,Deux véhicules - arrière,,,,,,,,,,,5,2,1,1,2.0
201600004734,0016-11-19 16:00:00,16,11,19,16,0,70,199,,,,Plein jour,Hors agglomération,Hors intersection,Normale,Autre collision,,,,,,,,,,,1,1,1,1,6.0
201600004735,0016-08-15 15:15:00,16,8,15,15,15,70,153,,,,Plein jour,Hors agglomération,Hors intersection,Temps éblouissant,Deux véhicules - frontale,,,,,,,,,,,1,1,1,7,1.0
201600004736,0016-12-29 20:15:00,16,12,29,20,15,70,211,,,,Nuit avec éclairage allumé,Hors agglomération,Hors intersection,Normale,Deux véhicules - frontale,,,,,,,,,,,5,1,1,1,1.0
201600004737,0016-05-25 21:00:00,16,5,25,21,0,70,203,,,,Crépuscule ou aube,Hors agglomération,Hors intersection,Normale,Sans collision,,,,,,,,,,,2,1,1,1,7.0
201600004738,0016-07-12 11:30:00,16,7,12,11,30,70,322,,,,Plein jour,Hors agglomération,Hors intersection,Normale,Deux véhicules - frontale,,,,,,,,,,,1,1,1,1,1.0
201600004739,0016-09-06 06:30:00,16,9,6,6,30,70,127,,,,Nuit avec éclairage allumé,Hors agglomération,Hors intersection,Normale,Autre collision,,,,,,,,,,,5,1,1,1,6.0
201600004740,0016-10-24 10:00:00,16,10,24,10,0,70,156,,,,Nuit sans éclairage public,Hors agglomération,Hors intersection,Pluie forte,Autre collision,,,,,,,,,,,3,1,1,3,6.0
201600004741,0016-12-19 15:30:00,16,12,19,15,30,70,156,,,,Plein jour,Hors agglomération,Hors intersection,Pluie légère,Deux véhicules - côté,,,,,,,,,,,1,1,1,2,3.0
201600004742,0016-04-09 16:30:00,16,4,9,16,30,70,328,,,,Plein jour,Hors agglomération,Hors intersection,Normale,Autre collision,,,,,,,,,,,1,1,1,1,6.0
201600004743,0016-06-16 18:45:00,16,6,16,18,45,70,183,,,,Plein jour,Hors agglomération,Hors intersection,Normale,Deux véhicules - côté,,,,,,,,,,,1,1,1,1,3.0
201600004744,0016-08-10 19:30:00,16,8,10,19,30,70,291,,,,Plein jour,Hors agglomération,Hors intersection,Normale,Deux véhicules - côté,,,,,,,,,,,1,1,1,1,3.0
201600004745,0016-02-13 02:30:00,16,2,13,2,30,70,31,,,,Nuit sans éclairage public,Hors agglomération,Hors intersection,Brouillard / fumée,Autre collision,,,,,,,,,,,3,1,1,5,6.0
201600004746,0016-04-22 19:30:00,16,4,22,19,30,70,211,,,,Plein jour,Hors agglomération,Hors intersection,Normale,Autre collision,,,,,,,,,,,1,1,1,1,6.0
201600004747,0016-05-15 18:30:00,16,5,15,18,30,70,24,,,,Plein jour,Hors agglomération,Hors intersection,Normale,Trois véhicules et plus - collisions multiples,,,,,,,,,,,1,1,1,1,5.0
201600004748,0016-10-30 11:30:00,16,10,30,11,30,70,280,,,,Plein jour,Hors agglomération,Hors intersection,Normale,Sans collision,,,,,,,,,,,1,1,1,1,7.0
201600004749,0016-03-09 07:30:00,16,3,9,7,30,70,324,8 quai charles de gaulle,,,Plein jour,En agglomération,Hors intersection,Normale,Autre collision,,,,,,,,,,,1,2,1,1,6.0
201600004750,0016-05-11 16:00:00,16,5,11,16,0,70,324,7 avenue de la gare,,,Plein jour,En agglomération,Hors intersection,Normale,Sans collision,,,,,,,,,,,1,2,1,1,7.0
201600004751,0016-06-04 07:00:00,16,6,4,7,0,70,345,RD86,,,Plein jour,En agglomération,Hors intersection,Normale,Deux véhicules - frontale,,,,,,,,,,,1,2,1,1,1.0
201600004752,0016-07-07 18:45:00,16,7,7,18,45,70,324,AVENUE DE NIMES,,,Plein jour,En agglomération,Autre intersection,Normale,Autre collision,,,,,,,,,,,1,2,9,1,6.0
201600004753,0016-07-09 19:30:00,16,7,9,19,30,70,324,Avenue du 08 mai 1945,,,Plein jour,En agglomération,Hors intersection,Normale,Autre collision,,,,,,,,,,,1,2,1,1,6.0
201600004754,0016-07-31 19:45:00,16,7,31,19,45,70,15,,,,Plein jour,Hors agglomération,Hors intersection,Temps couvert,Autre collision,,,,,,,,,,,1,1,1,8,6.0
201600004755,0016-08-02 16:00:00,16,8,2,16,0,70,324,rond point de l'Octroi,,,Plein jour,En agglomération,Giratoire,Normale,Deux véhicules - frontale,,,,,,,,,,,1,2,6,1,1.0
201600004756,0016-08-25 09:30:00,16,8,25,9,30,70,324,ROUTE DES CEVENNES,,,Plein jour,En agglomération,Hors intersection,Normale,Autre collision,,,,,,,,,,,1,2,1,1,6.0
201600004757,0016-09-10 11:45:00,16,9,10,11,45,70,217,,,,Plein jour,Hors agglomération,Hors intersection,Temps éblouissant,Autre collision,,,,,,,,,,,1,1,1,7,6.0
201600004758,0016-10-07 18:30:00,16,10,7,18,30,70,245,,,,Plein jour,Hors agglomération,Hors intersection,Normale,Sans collision,,,,,,,,,,,1,1,1,1,7.0
201600004759,0016-10-12 11:45:00,16,10,12,11,45,70,324,33 rue des poulenards,,,Plein jour,En agglomération,Hors intersection,Normale,Deux véhicules - côté,,,,,,,,,,,1,2,1,1,3.0
201600004760,0016-11-28 15:45:00,16,11,28,15,45,70,217,,,,Plein jour,Hors agglomération,Hors intersection,Normale,Sans collision,,,,,,,,,,,1,1,1,1,7.0
201600004761,0016-12-02 18:00:00,16,12,2,18,0,70,15,,,,Nuit sans éclairage public,Hors agglomération,Hors intersection,Normale,Trois véhicules et plus - collisions multiples,,,,,,,,,,,3,1,1,1,5.0
201600004762,0016-03-31 03:30:00,16,3,31,3,30,70,10,chemin de pantu,,,Nuit sans éclairage public,En agglomération,Hors intersection,Normale,Autre collision,,,,,,,,,,,3,2,1,1,6.0
201600004763,0016-11-01 08:30:00,16,11,1,8,30,70,78,D371,,,Plein jour,En agglomération,Giratoire,Normale,Sans collision,,,,,,,,,,,1,2,6,1,7.0
201600004764,0016-12-09 21:15:00,16,12,9,21,15,70,227,,,,Nuit sans éclairage public,Hors agglomération,Hors intersection,Normale,Trois véhicules et plus - collisions multiples,,,,,,,,,,,3,1,1,1,5.0
201600004765,0016-12-15 19:15:00,16,12,15,19,15,70,10,27 AVENUE DE L EUROPE,,,Nuit avec éclairage allumé,En agglomération,Hors intersection,Normale,Trois véhicules et plus - en chaîne,,,,,,,,,,,5,2,1,1,4.0
201600004766,0016-12-26 17:15:00,16,12,26,17,15,70,89,,,,Nuit sans éclairage public,Hors agglomération,Hors intersection,Normale,Sans collision,,,,,,,,,,,3,1,1,1,7.0
201600004767,0016-04-15 18:30:00,16,4,15,18,30,70,12,,,,Crépuscule ou aube,Hors agglomération,Hors intersection,Normale,Autre collision,,,,,,,,,,,2,1,1,1,6.0
201600004768,0016-04-17 10:30:00,16,4,17,10,30,70,204,,,,Plein jour,Hors agglomération,Hors intersection,Pluie légère,Autre collision,,,,,,,,,,,1,1,1,2,6.0
201600004769,0016-05-03 17:30:00,16,5,3,17,30,70,64,Allée des pommiers,,,Plein jour,En agglomération,Hors intersection,Normale,Autre collision,,,,,,,,,,,1,2,1,1,6.0
201600004770,0016-06-22 13:30:00,16,6,22,13,30,70,64,Chemin de LAPRA,,,Plein jour,En agglomération,Giratoire,Normale,Deux véhicules - côté,,,,,,,,,,,1,2,6,1,3.0
201600004771,0016-09-04 16:15:00,16,9,4,16,15,70,64,route d'eyrium,,,Plein jour,En agglomération,Hors intersection,Normale,Autre collision,,,,,,,,,,,1,2,1,1,6.0
201600004772,0016-12-06 15:00:00,16,12,6,15,0,70,150,,,,Plein jour,Hors agglomération,Hors intersection,Normale,Autre collision,,,,,,,,,,,1,1,1,1,6.0
201600004773,0016-12-16 05:45:00,16,12,16,5,45,70,64,,44.885,4.42,Nuit sans éclairage public,Hors agglomération,Hors intersection,Brouillard / fumée,Sans collision,,,,,,,,,,,3,1,1,5,7.0
201600004774,0016-12-18 16:45:00,16,12,18,16,45,70,204,,,,Plein jour,Hors agglomération,Hors intersection,Autre,Sans collision,,,,,,,,,,,1,1,1,9,7.0
201600004775,0016-07-08 09:45:00,16,7,8,9,45,70,35,,,,Plein jour,Hors agglomération,Hors intersection,Normale,Deux véhicules - frontale,,,,,,,,,,,1,1,1,1,1.0
201600004776,0016-08-02 14:00:00,16,8,2,14,0,70,129,,,,Plein jour,Hors agglomération,Hors intersection,Normale,Autre collision,,,,,,,,,,,1,1,1,1,6.0
201600004777,0016-08-19 19:45:00,16,8,19,19,45,70,216,,,,Plein jour,Hors agglomération,Hors intersection,Normale,Sans collision,,,,,,,,,,,1,1,1,1,7.0
201600004778,0016-07-26 15:00:00,16,7,26,15,0,70,301,,,,Plein jour,Hors agglomération,Hors intersection,Normale,Deux véhicules - frontale,,,,,,,,,,,1,1,1,1,1.0
201600004779,0016-09-27 10:30:00,16,9,27,10,30,70,13,,,,Plein jour,Hors agglomération,Hors intersection,Normale,Autre collision,,,,,,,,,,,1,1,1,1,6.0
201600004780,0016-03-30 16:15:00,16,3,30,16,15,70,188,,,,Plein jour,Hors agglomération,Hors intersection,Normale,Deux véhicules - frontale,,,,,,,,,,,1,1,1,1,1.0
201600004781,0016-05-28 16:30:00,16,5,28,16,30,70,124,,,,Plein jour,Hors agglomération,Hors intersection,Normale,Sans collision,,,,,,,,,,,1,1,1,1,7.0
201600004782,0016-06-18 19:45:00,16,6,18,19,45,70,69,,,,Plein jour,Hors agglomération,Hors intersection,Normale,Autre collision,,,,,,,,,,,1,1,1,1,6.0
201600004783,0016-08-02 08:45:00,16,8,2,8,45,70,185,,,,Plein jour,Hors agglomération,Hors intersection,Normale,Sans collision,,,,,,,,,,,1,1,1,1,7.0
201600004784,0016-09-21 16:00:00,16,9,21,16,0,70,309,,,,Plein jour,Hors agglomération,Hors intersection,Normale,Deux véhicules - frontale,,,,,,,,,,,1,1,1,1,1.0
201600004785,0016-01-12 17:15:00,16,1,12,17,15,260,108,QUARTIER DE SALEINE,,,Crépuscule ou aube,Hors agglomération,Giratoire,Normale,Deux véhicules - frontale,,,,,,,,,,,2,1,6,1,1.0
201600004786,0016-01-27 09:45:00,16,1,27,9,45,260,125,SEIGNEURDIEU,,,Plein jour,Hors agglomération,Hors intersection,Normale,Deux véhicules - frontale,,,,,,,,,,,1,1,1,1,1.0
201600004787,0016-06-03 20:30:00,16,6,3,20,30,260,183,PEYROULAND,44.71483,5.08017,Plein jour,Hors agglomération,Hors intersection,Normale,Deux véhicules - frontale,,,,,,,,,,,1,1,1,1,1.0
201600004788,0016-06-12 14:45:00,16,6,12,14,45,260,368,LE GAP,,,Plein jour,Hors agglomération,Hors intersection,Normale,Autre collision,,,,,,,,,,,1,1,1,1,6.0
201600004789,0016-07-21 14:00:00,16,7,21,14,0,260,122,LES ADRETS,,,Plein jour,Hors agglomération,Hors intersection,Normale,Deux véhicules - frontale,,,,,,,,,,,1,1,1,1,1.0
201600004790,0016-07-22 19:15:00,16,7,22,19,15,260,125,PRAVES,,,Plein jour,Hors agglomération,Hors intersection,Normale,Deux véhicules - côté,,,,,,,,,,,1,1,1,1,3.0
201600004791,0016-07-22 13:45:00,16,7,22,13,45,260,240,RACHAT,,,Plein jour,Hors agglomération,Hors intersection,Normale,Sans collision,,,,,,,,,,,1,1,1,1,7.0
201600004792,0016-08-06 12:00:00,16,8,6,12,0,260,368,LES TOURS,,,Plein jour,Hors agglomération,Hors intersection,Normale,Deux véhicules - côté,,,,,,,,,,,1,1,1,1,3.0
201600004793,0016-08-16 16:30:00,16,8,16,16,30,260,122,LES ADRETS,,,Plein jour,Hors agglomération,Hors intersection,Temps éblouissant,Deux véhicules - côté,,,,,,,,,,,1,1,1,7,3.0
201600004794,0016-09-16 18:00:00,16,9,16,18,0,260,258,RD 6,,,Plein jour,Hors agglomération,Hors intersection,Normale,Deux véhicules - frontale,,,,,,,,,,,1,1,1,1,1.0
201600004795,0016-05-05 14:30:00,16,5,5,14,30,260,299,CLEF,,,Plein jour,Hors agglomération,Hors intersection,Normale,Deux véhicules - frontale,,,,,,,,,,,1,1,1,1,1.0
201600004796,0016-06-02 16:30:00,16,6,2,16,30,260,86,LE MAUPAS,,,Plein jour,Hors agglomération,Hors intersection,Temps couvert,Deux véhicules - frontale,,,,,,,,,,,1,1,1,8,1.0
201600004797,0016-08-07 12:00:00,16,8,7,12,0,260,113,MALADERIE,44.73907,5.38736,Plein jour,Hors agglomération,Hors intersection,Normale,Deux véhicules - arrière,,,,,,,,,,,1,1,1,1,2.0
201600004798,0016-08-14 04:15:00,16,8,14,4,15,260,248,LES TACTIERES,,,Nuit sans éclairage public,Hors agglomération,Hors intersection,Normale,Sans collision,,,,,,,,,,,3,1,1,1,7.0
201600004799,0016-09-04 12:45:00,16,9,4,12,45,260,69,RD 518,,,Plein jour,Hors agglomération,Hors intersection,Normale,Deux véhicules - côté,,,,,,,,,,,1,1,1,1,3.0
201600004800,0016-01-15 10:00:00,16,1,15,10,0,260,168,POMMARET,,,Plein jour,Hors agglomération,Hors intersection,Normale,Deux véhicules - frontale,,,,,,,,,,,1,1,1,1,1.0