accident_id,datetime,annee,mois,jour,heure,minute,departement,commune_insee,adresse,latitude,longitude,luminosite,agglomeration,intersection,meteo,collision,nb_vehicules,nb_usagers,nb_indemnes,nb_tues,nb_blesses_hosp,nb_blesses_legers,age_cond_1,age_cond_2,veh_type_cond_1,veh_type_cond_2,lum_code,agg_code,int_code,atm_code,col_code
201600004932,0016-07-09 20:30:00,16,7,9,20,30,380,548,dechetterie fenat,45.08335,5.53134,Crépuscule ou aube,Hors agglomération,Hors intersection,Normale,Sans collision,,,,,,,,,,,2,1,1,1,7.0
201600004933,0016-07-14 03:45:00,16,7,14,3,45,380,548,,,,Plein jour,Hors agglomération,Hors intersection,Normale,Autre collision,,,,,,,,,,,1,1,1,1,6.0
201600004934,0016-08-08 19:45:00,16,8,8,19,45,380,548,lieu dit l'olette,45.14258,5.59413,Plein jour,Hors agglomération,Hors intersection,Normale,Deux véhicules - frontale,,,,,,,,,,,1,1,1,1,1.0
201600004935,0016-10-16 15:30:00,16,10,16,15,30,380,548,Gorges de la bourne,45.08009,5.52182,Plein jour,Hors agglomération,Hors intersection,Normale,Autre collision,,,,,,,,,,,1,1,1,1,6.0
201600004936,0016-12-29 12:00:00,16,12,29,12,0,380,205,,,,Plein jour,Hors agglomération,Hors intersection,Temps éblouissant,Trois véhicules et plus - collisions multiples,,,,,,,,,,,1,1,1,7,5.0
201600004937,0016-01-25 10:18:00,16,1,25,10,18,20,59,77 route de tergnier,49.65806,3.33619,Plein jour,En agglomération,Intersection en T,Normale,Autre collision,,,,,,,,,,,1,2,3,1,6.0
201600004938,0016-12-30 16:10:00,16,12,30,16,10,20,738,RAOUL DAUTRY,49.66438,3.28539,Plein jour,En agglomération,Place,Brouillard / fumée,Autre collision,,,,,,,,,,,1,2,7,5,6.0
201600004939,0016-01-29 09:57:00,16,1,29,9,57,20,59,D1032,,,Plein jour,Hors agglomération,Intersection en X,Temps couvert,Trois véhicules et plus - collisions multiples,,,,,,,,,,,1,1,2,8,5.0
201600004940,0016-01-30 08:05:00,16,1,30,8,5,20,212,D1032,,,Plein jour,Hors agglomération,Hors intersection,Pluie légère,Trois véhicules et plus - collisions multiples,,,,,,,,,,,1,1,1,2,5.0
201600004941,0016-01-27 12:00:00,16,1,27,12,0,20,738,3 avenue du gal de gaull,49.65422,3.29308,Plein jour,En agglomération,Intersection en T,Normale,Autre collision,,,,,,,,,,,1,2,3,1,6.0
201600004942,0016-02-16 12:30:00,16,2,16,12,30,20,59,52 rue de tergnier,49.65863,3.34345,Plein jour,En agglomération,Hors intersection,Normale,Autre collision,,,,,,,,,,,1,2,1,1,6.0
201600004943,0016-06-06 18:00:00,16,6,6,18,0,20,212,"24, CHAUNY(ROUTE DE )",49.64824,3.2729,Plein jour,En agglomération,Autre intersection,Normale,Deux véhicules - côté,,,,,,,,,,,1,2,9,1,3.0
201600004944,0016-06-29 18:40:00,16,6,29,18,40,20,738,"48, BRUNEHAUT (CHAUSSEE)",49.39591,3.16439,Plein jour,En agglomération,Hors intersection,Normale,Autre collision,,,,,,,,,,,1,2,1,1,6.0
201600004945,0016-07-10 19:25:00,16,7,10,19,25,20,165,D 1044,49.64533,3.39491,Plein jour,Hors agglomération,Hors intersection,Normale,Sans collision,,,,,,,,,,,1,1,1,1,7.0
201600004946,0016-07-11 20:45:00,16,7,11,20,45,20,738,"86, JEAN JAURES",49.65695,3.30482,Plein jour,En agglomération,Intersection en X,Normale,Deux véhicules - frontale,,,,,,,,,,,1,2,2,1,1.0
201600004947,0016-08-20 17:45:00,16,8,20,17,45,20,738,rue racine,49.65506,3.28967,Plein jour,En agglomération,Hors intersection,Normale,Autre collision,,,,,,,,,,,1,2,1,1,6.0
201600004948,0016-10-29 09:25:00,16,10,29,9,25,20,738,,49.65318,3.29249,Plein jour,En agglomération,Intersection en T,Normale,Deux véhicules - frontale,,,,,,,,,,,1,2,3,1,1.0
201600004949,0016-11-05 14:59:00,16,11,5,14,59,20,738,"1, PLACE LIONEL LEFEVRE",49.65923,3.29741,Plein jour,En agglomération,Place,Temps éblouissant,Autre collision,,,,,,,,,,,1,2,7,7,6.0
201600004950,0016-11-10 08:20:00,16,11,10,8,20,20,738,36 rue pasteur,49.66957,3.30064,Plein jour,En agglomération,Intersection en T,Pluie légère,Deux véhicules - côté,,,,,,,,,,,1,2,3,2,3.0
201600004951,0016-03-12 17:00:00,16,3,12,17,0,380,565,avenue juin 1940,45.30266,5.62639,Plein jour,En agglomération,Intersection en Y,Normale,Sans collision,,,,,,,,,,,1,2,4,1,7.0
201600004952,0016-04-30 18:00:00,16,4,30,18,0,380,565,Route de lyon,45.30835,5.62162,Plein jour,En agglomération,Giratoire,Pluie légère,Deux véhicules - côté,,,,,,,,,,,1,2,6,2,3.0
201600004953,0016-06-11 14:30:00,16,6,11,14,30,380,565,avenue du juin 1940,,,Plein jour,En agglomération,Hors intersection,Normale,Autre collision,,,,,,,,,,,1,2,1,1,6.0
201600004954,0016-06-14 09:15:00,16,6,14,9,15,380,565,avenue du juin 1940,45.30273,5.62634,Plein jour,Hors agglomération,Hors intersection,Pluie légère,Autre collision,,,,,,,,,,,1,1,1,2,6.0
201600004955,0016-07-03 17:00:00,16,7,3,17,0,380,312,,45.33774,5.66169,Plein jour,Hors agglomération,Hors intersection,Normale,Deux véhicules - frontale,,,,,,,,,,,1,1,1,1,1.0
201600004956,0016-07-09 03:15:00,16,7,9,3,15,380,61,Route de Grenoble,45.32995,5.62101,Nuit avec éclairage non allumé,En agglomération,Hors intersection,Normale,Autre collision,,,,,,,,,,,4,2,1,1,6.0
201600004957,0016-07-28 07:15:00,16,7,28,7,15,380,565,avenue de juin 1940,45.29566,5.6289,Plein jour,En agglomération,Giratoire,Normale,Deux véhicules - côté,,,,,,,,,,,1,2,6,1,3.0
201600004958,0016-02-18 21:45:00,16,2,18,21,45,380,413,,,,Nuit sans éclairage public,Hors agglomération,Hors intersection,Normale,Deux véhicules - frontale,,,,,,,,,,,3,1,1,1,1.0
201600004959,0016-05-06 16:00:00,16,5,6,16,0,380,128,,44.82291,5.95261,Plein jour,Hors agglomération,Hors intersection,Normale,Autre collision,,,,,,,,,,,1,1,1,1,6.0
201600004960,0016-05-06 19:45:00,16,5,6,19,45,380,224,,,,Plein jour,Hors agglomération,Hors intersection,Normale,Autre collision,,,,,,,,,,,1,1,1,1,6.0
201600004961,0016-07-11 19:45:00,16,7,11,19,45,380,266,,,,Plein jour,Hors agglomération,Hors intersection,Normale,Deux véhicules - frontale,,,,,,,,,,,1,1,1,1,1.0
201600004962,0016-09-30 18:15:00,16,9,30,18,15,380,361,,,,Plein jour,Hors agglomération,Hors intersection,Normale,Sans collision,,,,,,,,,,,1,1,1,1,7.0
201600004963,0016-11-11 09:45:00,16,11,11,9,45,380,304,le collet D529,44.9488,5.75787,Plein jour,En agglomération,Intersection en T,Normale,Deux véhicules - frontale,,,,,,,,,,,1,2,3,1,1.0
201600004964,0016-12-10 19:00:00,16,12,10,19,0,380,269,av. dr Tagnard/zone com,44.91015,5.79383,Nuit avec éclairage allumé,En agglomération,Intersection en T,Normale,Deux véhicules - frontale,,,,,,,,,,,5,2,3,1,1.0
201600004965,0016-07-31 09:45:00,16,7,31,9,45,380,424,,44.76873,5.66261,Plein jour,Hors agglomération,Hors intersection,Normale,Autre collision,,,,,,,,,,,1,1,1,1,6.0
201600004966,0016-09-09 23:30:00,16,9,9,23,30,380,321,,,,Nuit sans éclairage public,Hors agglomération,Hors intersection,Normale,Autre collision,,,,,,,,,,,3,1,1,1,6.0
201600004967,0016-09-11 12:45:00,16,9,11,12,45,380,113,quartier de la gare,44.82684,5.60879,Plein jour,En agglomération,Hors intersection,Normale,Sans collision,,,,,,,,,,,1,2,1,1,7.0
201600004968,0016-02-13 11:15:00,16,2,13,11,15,380,562,7 rue casimir Perrier,,,Plein jour,En agglomération,Hors intersection,Normale,Autre collision,,,,,,,,,,,1,2,1,1,6.0
201600004969,0016-05-19 15:45:00,16,5,19,15,45,380,445,,,,Plein jour,Hors agglomération,Hors intersection,Pluie légère,Trois véhicules et plus - collisions multiples,,,,,,,,,,,1,1,1,2,5.0
201600004970,0016-07-01 17:45:00,16,7,1,17,45,380,68,,45.10402,5.71359,Plein jour,Hors agglomération,Hors intersection,Normale,Deux véhicules - arrière,,,,,,,,,,,1,1,1,1,2.0
201600004971,0016-07-12 15:15:00,16,7,12,15,15,380,203,,,,Plein jour,Hors agglomération,Hors intersection,Normale,Deux véhicules - frontale,,,,,,,,,,,1,1,1,1,1.0
201600004972,0016-08-02 17:30:00,16,8,2,17,30,380,364,,45.05362,5.806,Plein jour,Hors agglomération,Hors intersection,Normale,Trois véhicules et plus - collisions multiples,,,,,,,,,,,1,1,1,1,5.0
201600004973,0016-08-23 19:30:00,16,8,23,19,30,380,364,,,,Crépuscule ou aube,Hors agglomération,Hors intersection,Normale,Autre collision,,,,,,,,,,,2,1,1,1,6.0
201600004974,0016-09-05 14:45:00,16,9,5,14,45,380,528,promenade de la mondee,45.10888,5.80718,Plein jour,En agglomération,Hors intersection,Normale,Autre collision,,,,,,,,,,,1,2,1,1,6.0
201600004975,0016-09-28 19:30:00,16,9,28,19,30,380,252,,45.08273,5.74944,Nuit sans éclairage public,Hors agglomération,Hors intersection,Normale,Trois véhicules et plus - collisions multiples,,,,,,,,,,,3,1,1,1,5.0
201600004976,0016-09-30 16:15:00,16,9,30,16,15,380,562,av m. thorez caserne,45.08124,5.77154,Plein jour,En agglomération,Autre intersection,Normale,Autre collision,,,,,,,,,,,1,2,9,1,6.0
201600004977,0016-10-28 19:15:00,16,10,28,19,15,380,562,route maquis oisans,45.05945,5.76704,Nuit avec éclairage allumé,En agglomération,Intersection en X,Normale,Deux véhicules - côté,,,,,,,,,,,5,2,2,1,3.0
201600004978,0016-11-11 18:00:00,16,11,11,18,0,380,478,,,,Nuit sans éclairage public,Hors agglomération,Hors intersection,Pluie forte,Trois véhicules et plus - collisions multiples,,,,,,,,,,,3,1,1,3,5.0
201600004979,0016-11-27 12:00:00,16,11,27,12,0,380,68,,45.124,5.7,Plein jour,Hors agglomération,Hors intersection,Normale,Deux véhicules - arrière,,,,,,,,,,,1,1,1,1,2.0
201600004980,0016-12-09 15:30:00,16,12,9,15,30,380,528,RD 524,,,Plein jour,En agglomération,Hors intersection,Normale,Autre collision,,,,,,,,,,,1,2,1,1,6.0
201600004981,0016-01-03 10:00:00,16,1,3,10,0,380,454,pont de beauvoir,45.12569,5.32928,Plein jour,Hors agglomération,Hors intersection,Temps couvert,Sans collision,,,,,,,,,,,1,1,1,8,7.0
201600004982,0016-01-12 20:15:00,16,1,12,20,15,380,453,,45.09968,5.30848,Nuit sans éclairage public,Hors agglomération,Hors intersection,Normale,Deux véhicules - frontale,,,,,,,,,,,3,1,1,1,1.0
201600004983,0016-01-25 07:45:00,16,1,25,7,45,380,36,,,,Crépuscule ou aube,Hors agglomération,Intersection en T,Normale,Deux véhicules - côté,,,,,,,,,,,2,1,3,1,3.0
201600004984,0016-03-05 22:00:00,16,3,5,22,0,380,416,,,,Nuit sans éclairage public,Hors agglomération,Hors intersection,Normale,Deux véhicules - frontale,,,,,,,,,,,3,1,1,1,1.0
201600004985,0016-03-13 23:15:00,16,3,13,23,15,380,409,D1522 - PK3+900,,,Nuit sans éclairage public,En agglomération,Giratoire,Normale,Autre collision,,,,,,,,,,,3,2,6,1,6.0
201600004986,0016-03-13 17:00:00,16,3,13,17,0,380,453,route des plans,45.1058,5.32896,Plein jour,Hors agglomération,Hors intersection,Normale,Sans collision,,,,,,,,,,,1,1,1,1,7.0
201600004987,0016-03-30 19:00:00,16,3,30,19,0,380,99,,45.20106,5.2911,Plein jour,Hors agglomération,Hors intersection,Normale,Deux véhicules - frontale,,,,,,,,,,,1,1,1,1,1.0
201600004988,0016-08-16 17:45:00,16,8,16,17,45,380,416,38160,45.13348,5.32584,Plein jour,Hors agglomération,Hors intersection,Normale,Deux véhicules - frontale,,,,,,,,,,,1,1,1,1,1.0
201600004989,0016-08-30 07:45:00,16,8,30,7,45,380,95,,,,Plein jour,Hors agglomération,Intersection en X,Normale,Deux véhicules - côté,,,,,,,,,,,1,1,2,1,3.0
201600004990,0016-08-30 09:15:00,16,8,30,9,15,380,416,AVENUE DE CHATTE,45.14978,5.31139,Plein jour,En agglomération,Hors intersection,Temps éblouissant,Autre collision,,,,,,,,,,,1,2,1,7,6.0
201600004991,0016-09-11 14:45:00,16,9,11,14,45,380,359,avenue du 19 mars 1962,,,Plein jour,En agglomération,Hors intersection,Normale,Autre collision,,,,,,,,,,,1,2,1,1,6.0
201600004992,0016-09-26 07:15:00,16,9,26,7,15,380,410,route de romans,45.0757,5.15812,Plein jour,Hors agglomération,Hors intersection,Normale,Deux véhicules - arrière,,,,,,,,,,,1,1,1,1,2.0
201600004993,0016-10-06 10:30:00,16,10,6,10,30,380,95,lieu dit les boudillons,45.13289,5.25484,Plein jour,Hors agglomération,Hors intersection,Normale,Sans collision,,,,,,,,,,,1,1,1,1,7.0
201600004994,0016-10-10 19:10:00,16,10,10,19,10,380,95,les gameux giratoire ZI,45.14383,5.30692,Plein jour,En agglomération,Giratoire,Normale,Deux véhicules - côté,,,,,,,,,,,1,2,6,1,3.0
201600004995,0016-10-19 16:30:00,16,10,19,16,30,380,463,,45.18922,5.345,Plein jour,Hors agglomération,Hors intersection,Normale,Trois véhicules et plus - collisions multiples,,,,,,,,,,,1,1,1,1,5.0
201600004996,0016-11-19 06:30:00,16,11,19,6,30,380,463,route de varacieux,45.18388,5.33912,Nuit sans éclairage public,Hors agglomération,Hors intersection,Normale,Deux véhicules - frontale,,,,,,,,,,,3,1,1,1,1.0
201600004997,0016-11-23 18:15:00,16,11,23,18,15,380,454,route de Grenoble,45.15835,5.33502,Nuit avec éclairage allumé,En agglomération,Giratoire,Normale,Sans collision,,,,,,,,,,,5,2,6,1,7.0
201600004998,0016-11-16 16:15:00,16,11,16,16,15,380,454,A. église /rte beauvoir,45.14117,5.34667,Plein jour,Hors agglomération,Hors intersection,Normale,Deux véhicules - côté,,,,,,,,,,,1,1,1,1,3.0
201600004999,0016-05-04 15:30:00,16,5,4,15,30,380,457,,45.34667,5.24548,Plein jour,Hors agglomération,Hors intersection,Normale,Trois véhicules et plus - collisions multiples,,,,,,,,,,,1,1,1,1,5.0
201600005000,0016-05-13 02:45:00,16,5,13,2,45,380,457,1057 grande rue,,,Nuit avec éclairage allumé,En agglomération,Hors intersection,Pluie légère,Autre collision,,,,,,,,,,,5,2,1,2,6.0
201600005001,0016-06-14 10:15:00,16,6,14,10,15,380,93,int ch de la plaine,45.34313,5.21669,Plein jour,Hors agglomération,Intersection en X,Normale,Deux véhicules - côté,,,,,,,,,,,1,1,2,1,3.0
201600005002,0016-09-23 18:15:00,16,9,23,18,15,380,505,D157,45.326,5.133,Plein jour,En agglomération,Intersection en X,Normale,Deux véhicules - côté,,,,,,,,,,,1,2,2,1,3.0
201600005003,0016-09-28 17:15:00,16,9,28,17,15,380,387,route de cours,45.32311,5.3438,Plein jour,Hors agglomération,Hors intersection,Normale,Deux véhicules - frontale,,,,,,,,,,,1,1,1,1,1.0
201600005004,0016-03-22 10:30:00,16,3,22,10,30,380,517,4 av de la contamine,45.29801,5.4876,Plein jour,En agglomération,Hors intersection,Normale,Autre collision,,,,,,,,,,,1,2,1,1,6.0
201600005005,0016-03-29 08:30:00,16,3,29,8,30,380,275,,45.25553,5.38109,Plein jour,Hors agglomération,Hors intersection,Normale,Autre collision,,,,,,,,,,,1,1,1,1,6.0
201600005006,0016-05-25 16:30:00,16,5,25,16,30,380,338,,,,Plein jour,Hors agglomération,Hors intersection,Normale,Deux véhicules - frontale,,,,,,,,,,,1,1,1,1,1.0
201600005007,0016-06-03 10:00:00,16,6,3,10,0,380,4,,45.23178,5.44313,Plein jour,Hors agglomération,Hors intersection,Normale,Deux véhicules - frontale,,,,,,,,,,,1,1,1,1,1.0
201600005008,0016-08-08 10:45:00,16,8,8,10,45,380,310,248 Rte de létang de M,45.25795,5.46336,Plein jour,Hors agglomération,Hors intersection,Normale,Autre collision,,,,,,,,,,,1,1,1,1,6.0
201600005009,0016-09-06 17:30:00,16,9,6,17,30,380,338,,45.23306,5.49937,Plein jour,Hors agglomération,Hors intersection,Normale,Deux véhicules - arrière,,,,,,,,,,,1,1,1,1,2.0
201600005010,0016-09-22 20:30:00,16,9,22,20,30,380,517,avenue du 11 novembre,,,Nuit avec éclairage allumé,En agglomération,Hors intersection,Normale,Autre collision,,,,,,,,,,,5,2,1,1,6.0
201600005011,0016-09-24 07:00:00,16,9,24,7,0,380,517,avenue st Quentin,45.2902,5.51712,Plein jour,Hors agglomération,Hors intersection,Normale,Trois véhicules et plus - collisions multiples,,,,,,,,,,,1,1,1,1,5.0
201600005012,0016-09-24 18:45:00,16,9,24,18,45,380,33,pont du vezy RD1092,45.19274,5.39064,Plein jour,En agglomération,Autre intersection,Normale,Autre collision,,,,,,,,,,,1,2,9,1,6.0
201600005013,0016-10-05 22:15:00,16,10,5,22,15,380,517,49 route de grenoble,45.31114,5.50447,Nuit avec éclairage allumé,En agglomération,Hors intersection,Normale,Deux véhicules - arrière,,,,,,,,,,,5,2,1,1,2.0
201600005014,0016-02-10 11:45:00,16,2,10,11,45,380,374,,,,Nuit sans éclairage public,Hors agglomération,Hors intersection,Normale,Autre collision,,,,,,,,,,,3,1,1,1,6.0
201600005015,0016-02-05 02:15:00,16,2,5,2,15,380,467,,45.6675,5.33182,Nuit sans éclairage public,Hors agglomération,Hors intersection,Normale,Autre collision,,,,,,,,,,,3,1,1,1,6.0
201600005016,0016-04-16 09:00:00,16,4,16,9,0,380,455,,,,Plein jour,Hors agglomération,Hors intersection,Normale,Autre collision,,,,,,,,,,,1,1,1,1,6.0
201600005017,0016-04-16 19:00:00,16,4,16,19,0,380,91,,,,Plein jour,Hors agglomération,Hors intersection,Normale,Autre collision,,,,,,,,,,,1,1,1,1,6.0
201600005018,0016-07-07 18:45:00,16,7,7,18,45,380,223,,,,Plein jour,Hors agglomération,Hors intersection,Normale,Deux véhicules - frontale,,,,,,,,,,,1,1,1,1,1.0
201600005019,0016-07-17 17:30:00,16,7,17,17,30,380,91,,,,Plein jour,Hors agglomération,Hors intersection,Normale,Autre collision,,,,,,,,,,,1,1,1,1,6.0
201600005020,0016-07-30 11:00:00,16,7,30,11,0,380,348,,,,Plein jour,Hors agglomération,Giratoire,Pluie légère,Deux véhicules - frontale,,,,,,,,,,,1,1,6,2,1.0
201600005021,0016-08-18 06:00:00,16,8,18,6,0,380,455,,,,Nuit avec éclairage allumé,Hors agglomération,Hors intersection,Normale,Deux véhicules - frontale,,,,,,,,,,,5,1,1,1,1.0
201600005022,0016-09-18 15:45:00,16,9,18,15,45,380,467,,,,Plein jour,Hors agglomération,Hors intersection,Pluie légère,Deux véhicules - frontale,,,,,,,,,,,1,1,1,2,1.0
201600005023,0016-09-24 18:45:00,16,9,24,18,45,380,374,,,,Plein jour,Hors agglomération,Hors intersection,Normale,Deux véhicules - côté,,,,,,,,,,,1,1,1,1,3.0
201600005024,0016-10-13 18:45:00,16,10,13,18,45,380,374,65 route de Dolomieu,,,Nuit avec éclairage allumé,En agglomération,Hors intersection,Pluie forte,Autre collision,,,,,,,,,,,5,2,1,3,6.0
201600005025,0016-10-15 02:00:00,16,10,15,2,0,380,374,chemin du moulin,,,Nuit sans éclairage public,En agglomération,Hors intersection,Pluie forte,Autre collision,,,,,,,,,,,3,2,1,3,6.0
201600005026,0016-01-03 19:00:00,16,1,3,19,0,380,67,,45.675,5.164,Nuit sans éclairage public,Hors agglomération,Hors intersection,Normale,Autre collision,,,,,,,,,,,3,1,1,1,6.0
201600005027,0016-01-22 16:15:00,16,1,22,16,15,380,138,,45.72,5.264,Plein jour,Hors agglomération,Hors intersection,Normale,Deux véhicules - frontale,,,,,,,,,,,1,1,1,1,1.0
201600005028,0016-03-24 11:00:00,16,3,24,11,0,380,554,,45.716,5.194,Plein jour,Hors agglomération,Hors intersection,Normale,Trois véhicules et plus - collisions multiples,,,,,,,,,,,1,1,1,1,5.0
201600005029,0016-07-24 17:45:00,16,7,24,17,45,380,294,,,,Plein jour,Hors agglomération,Hors intersection,Normale,Autre collision,,,,,,,,,,,1,1,1,1,6.0
201600005030,0016-08-03 14:00:00,16,8,3,14,0,380,392,,,,Plein jour,Hors agglomération,Hors intersection,Normale,Autre collision,,,,,,,,,,,1,1,1,1,6.0
201600005031,0016-09-17 14:30:00,16,9,17,14,30,380,488,,,,Plein jour,Hors agglomération,Hors intersection,Normale,Autre collision,,,,,,,,,,,1,1,1,1,6.0
201600005032,0016-11-08 10:30:00,16,11,8,10,30,380,294,,,,Plein jour,Hors agglomération,Hors intersection,Pluie légère,Deux véhicules - frontale,,,,,,,,,,,1,1,1,2,1.0
201600005033,0016-12-16 07:30:00,16,12,16,7,30,380,138,,,,Crépuscule ou aube,Hors agglomération,Hors intersection,Normale,Autre collision,,,,,,,,,,,2,1,1,1,6.0
201600005034,0016-08-20 13:45:00,16,8,20,13,45,380,118,,,,Plein jour,Hors agglomération,Hors intersection,Pluie légère,Deux véhicules - frontale,,,,,,,,,,,1,1,1,2,1.0
201600005035,0016-09-17 16:00:00,16,9,17,16,0,380,13,,,,Plein jour,Hors agglomération,Hors intersection,Pluie légère,Deux véhicules - côté,,,,,,,,,,,1,1,1,2,3.0
201600005036,0016-11-06 16:45:00,16,11,6,16,45,380,159,route du joyard,45.43791,5.32699,Plein jour,En agglomération,Hors intersection,Normale,Deux véhicules - côté,,,,,,,,,,,1,2,1,1,3.0
201600005037,0016-12-19 15:30:00,16,12,19,15,30,380,287,Route des plaines,45.42952,5.48184,Plein jour,Hors agglomération,Hors intersection,Brouillard / fumée,Deux véhicules - frontale,,,,,,,,,,,1,1,1,5,1.0
201600005038,0016-12-22 23:15:00,16,12,22,23,15,380,167,,,,Nuit sans éclairage public,En agglomération,Hors intersection,Brouillard / fumée,Autre collision,,,,,,,,,,,3,2,1,5,6.0
201600005039,0016-02-12 20:45:00,16,2,12,20,45,380,83,,,,Nuit sans éclairage public,Hors agglomération,Hors intersection,Pluie légère,Deux véhicules - côté,,,,,,,,,,,3,1,1,2,3.0
201600005040,0016-05-22 06:00:00,16,5,22,6,0,380,54,,,,Crépuscule ou aube,Hors agglomération,Intersection en X,Normale,Deux véhicules - côté,,,,,,,,,,,2,1,2,1,3.0
201600005041,0016-06-23 05:15:00,16,6,23,5,15,380,295,,,,Crépuscule ou aube,Hors agglomération,Hors intersection,Normale,Autre collision,,,,,,,,,,,2,1,1,1,6.0
201600005042,0016-07-29 19:30:00,16,7,29,19,30,380,54,inter ch moulin d'arche,45.77777,5.45053,Plein jour,Hors agglomération,Intersection en Y,Normale,Deux véhicules - frontale,,,,,,,,,,,1,1,4,1,1.0
201600005043,0016-08-06 04:45:00,16,8,6,4,45,380,539,,45.86851,5.37785,Nuit sans éclairage public,Hors agglomération,Hors intersection,Normale,Deux véhicules - frontale,,,,,,,,,,,3,1,1,1,1.0
201600005044,0016-10-17 12:30:00,16,10,17,12,30,380,295,,45.81727,5.34446,Plein jour,Hors agglomération,Hors intersection,Normale,Autre collision,,,,,,,,,,,1,1,1,1,6.0
201600005045,0016-11-14 23:15:00,16,11,14,23,15,380,135,,45.75242,5.40369,Nuit sans éclairage public,Hors agglomération,Hors intersection,Normale,Sans collision,,,,,,,,,,,3,1,1,1,7.0
201600005046,0016-03-13 08:00:00,16,3,13,8,0,380,124,,,,Plein jour,Hors agglomération,Hors intersection,Normale,Deux véhicules - frontale,,,,,,,,,,,1,1,1,1,1.0
201600005047,0016-10-03 11:30:00,16,10,3,11,30,380,465,int r gutenberg,45.67922,5.4957,Plein jour,Hors agglomération,Intersection en T,Normale,Deux véhicules - frontale,,,,,,,,,,,1,1,3,1,1.0
201600005048,0016-03-12 14:45:00,16,3,12,14,45,380,398,CHEMIN DE LA CROZE,,,Plein jour,En agglomération,Hors intersection,Normale,Deux véhicules - frontale,,,,,,,,,,,1,2,1,1,1.0
201600005049,0016-04-05 09:00:00,16,4,5,9,0,380,1,,,,Plein jour,Hors agglomération,Hors intersection,Temps couvert,Deux véhicules - côté,,,,,,,,,,,1,1,1,8,3.0
201600005050,0016-04-26 12:15:00,16,4,26,12,15,380,1,31 rue de la rÃ(c)publiq,,,Plein jour,En agglomération,Hors intersection,Normale,Autre collision,,,,,,,,,,,1,2,1,1,6.0
201600005051,0016-04-25 16:15:00,16,4,25,16,15,380,315,Rue de belley,,,Plein jour,En agglomération,Hors intersection,Normale,Autre collision,,,,,,,,,,,1,2,1,1,6.0
201600005052,0016-06-07 07:00:00,16,6,7,7,0,380,357,Rue du DR SCHWEITZER,,,Plein jour,En agglomération,Hors intersection,Normale,Deux véhicules - frontale,,,,,,,,,,,1,2,1,1,1.0
201600005053,0016-06-10 13:00:00,16,6,10,13,0,380,1,,,,Plein jour,Hors agglomération,Hors intersection,Normale,Deux véhicules - frontale,,,,,,,,,,,1,1,1,1,1.0
201600005054,0016-06-24 17:45:00,16,6,24,17,45,380,1,215 chemin de la bruyÃ¿r,,,Plein jour,En agglomération,Hors intersection,Normale,Deux véhicules - frontale,,,,,,,,,,,1,2,1,1,1.0
201600005055,0016-06-29 14:45:00,16,6,29,14,45,380,104,,,,Plein jour,Hors agglomération,Hors intersection,Normale,Deux véhicules - côté,,,,,,,,,,,1,1,1,1,3.0
201600005056,0016-08-06 18:15:00,16,8,6,18,15,380,398,,,,Plein jour,Hors agglomération,Hors intersection,Normale,Autre collision,,,,,,,,,,,1,1,1,1,6.0
201600005057,0016-08-18 13:45:00,16,8,18,13,45,380,1,82 rue victor hugo,,,Plein jour,En agglomération,Hors intersection,Normale,Deux véhicules - côté,,,,,,,,,,,1,2,1,1,3.0
201600005058,0016-12-14 14:00:00,16,12,14,14,0,380,256,,,,Plein jour,Hors agglomération,Hors intersection,Temps éblouissant,Deux véhicules - frontale,,,,,,,,,,,1,1,1,7,1.0
201600005059,0016-02-07 15:15:00,16,2,7,15,15,380,64,RD1006 - rte de Chambéry,,,Plein jour,En agglomération,Hors intersection,Normale,Deux véhicules - frontale,,,,,,,,,,,1,2,1,1,1.0
201600005060,0016-05-13 15:30:00,16,5,13,15,30,380,509,,45.58,5.461,Plein jour,Hors agglomération,Hors intersection,Pluie légère,Deux véhicules - frontale,,,,,,,,,,,1,1,1,2,1.0
201600005061,0016-05-23 18:00:00,16,5,23,18,0,380,509,20 rue alsace lorraine,45.56323,5.44203,Plein jour,En agglomération,Hors intersection,Pluie légère,Deux véhicules - côté,,,,,,,,,,,1,2,1,2,3.0
201600005062,0016-05-31 13:15:00,16,5,31,13,15,380,341,,,,Plein jour,Hors agglomération,Hors intersection,Pluie légère,Deux véhicules - frontale,,,,,,,,,,,1,1,1,2,1.0
201600005063,0016-06-10 20:45:00,16,6,10,20,45,380,464,route du clos janin,45.5468,5.3878,Plein jour,En agglomération,Hors intersection,Normale,Trois véhicules et plus - collisions multiples,,,,,,,,,,,1,2,1,1,5.0