accident_id,datetime,annee,mois,jour,heure,minute,departement,commune_insee,adresse,latitude,longitude,luminosite,agglomeration,intersection,meteo,collision,nb_vehicules,nb_usagers,nb_indemnes,nb_tues,nb_blesses_hosp,nb_blesses_legers,age_cond_1,age_cond_2,veh_type_cond_1,veh_type_cond_2,lum_code,agg_code,int_code,atm_code,col_code
201600005195,0016-04-23 10:15:00,16,4,23,10,15,420,299,16 RUE DES ERABLES,45.024,4.07046,Plein jour,En agglomération,Autre intersection,Temps couvert,Autre collision,,,,,,,,,,,1,2,9,8,6.0
201600005196,0016-05-02 08:00:00,16,5,2,8,0,420,147,,45.58893,4.08263,Plein jour,Hors agglomération,Hors intersection,Normale,Deux véhicules - frontale,,,,,,,,,,,1,1,1,1,1.0
201600005197,0016-05-20 15:15:00,16,5,20,15,15,420,46,,45.64096,4.05227,Plein jour,Hors agglomération,Hors intersection,Normale,Autre collision,,,,,,,,,,,1,1,1,1,6.0
201600005198,0016-05-27 14:00:00,16,5,27,14,0,420,147,24 avenue thermale,45.59706,4.07125,Plein jour,En agglomération,Hors intersection,Normale,Autre collision,,,,,,,,,,,1,2,1,1,6.0
201600005199,0016-06-04 16:30:00,16,6,4,16,30,420,299,,45.59274,4.1134,Plein jour,Hors agglomération,Hors intersection,Temps couvert,Sans collision,,,,,,,,,,,1,1,1,8,7.0
201600005200,0016-06-07 18:30:00,16,6,7,18,30,420,147,,45.59432,4.08303,Plein jour,Hors agglomération,Giratoire,Normale,Deux véhicules - frontale,,,,,,,,,,,1,1,6,1,1.0
201600005201,0016-06-11 15:55:00,16,6,11,15,55,420,285,,45.56277,4.13389,Plein jour,Hors agglomération,Hors intersection,Normale,Autre collision,,,,,,,,,,,1,1,1,1,6.0
201600005202,0016-06-30 00:30:00,16,6,30,0,30,420,180,,45.58901,4.15406,Nuit sans éclairage public,Hors agglomération,Hors intersection,Normale,Sans collision,,,,,,,,,,,3,1,1,1,7.0
201600005203,0016-07-08 18:15:00,16,7,8,18,15,420,299,,45.61053,4.09501,Plein jour,Hors agglomération,Giratoire,Normale,Deux véhicules - arrière,,,,,,,,,,,1,1,6,1,2.0
201600005204,0016-07-10 00:45:00,16,7,10,0,45,420,299,rue de Lyon,45.6064,4.08165,Nuit avec éclairage allumé,En agglomération,Hors intersection,Normale,Deux véhicules - côté,,,,,,,,,,,5,2,1,1,3.0
201600005205,0016-08-18 10:30:00,16,8,18,10,30,420,147,,45.5843,4.10165,Plein jour,Hors agglomération,Hors intersection,Pluie légère,Deux véhicules - arrière,,,,,,,,,,,1,1,1,2,2.0
201600005206,0016-08-22 14:30:00,16,8,22,14,30,420,46,,45.64616,4.05084,Plein jour,Hors agglomération,Hors intersection,Normale,Deux véhicules - côté,,,,,,,,,,,1,1,1,1,3.0
201600005207,0016-09-01 11:00:00,16,9,1,11,0,420,147,Rue Marc Seguin,45.60248,4.07874,Plein jour,En agglomération,Giratoire,Normale,Deux véhicules - arrière,,,,,,,,,,,1,2,6,1,2.0
201600005208,0016-11-01 14:15:00,16,11,1,14,15,420,285,avenue du Prieuré,45.5541,4.13649,Plein jour,Hors agglomération,Hors intersection,Normale,Deux véhicules - frontale,,,,,,,,,,,1,1,1,1,1.0
201600005209,0016-01-21 11:30:00,16,1,21,11,30,420,304,Avenue Jean MOULIN,45.54066,4.18742,Plein jour,En agglomération,Hors intersection,Normale,Deux véhicules - frontale,,,,,,,,,,,1,2,1,1,1.0
201600005210,0016-02-02 08:00:00,16,2,2,8,0,420,5,rue des bullieux,45.52945,4.27211,Plein jour,En agglomération,Hors intersection,Normale,Deux véhicules - côté,,,,,,,,,,,1,2,1,1,3.0
201600005211,0016-05-12 19:15:00,16,5,12,19,15,420,304,,45.55136,4.16253,Plein jour,Hors agglomération,Hors intersection,Normale,Autre collision,,,,,,,,,,,1,1,1,1,6.0
201600005212,0016-06-20 13:15:00,16,6,20,13,15,420,5,rue lamartine,45.52809,4.26403,Plein jour,En agglomération,Hors intersection,Normale,Autre collision,,,,,,,,,,,1,2,1,1,6.0
201600005213,0016-07-17 17:45:00,16,7,17,17,45,420,211,Avenue de MONTBRISON,45.52816,4.23988,Plein jour,En agglomération,Hors intersection,Normale,Deux véhicules - côté,,,,,,,,,,,1,2,1,1,3.0
201600005214,0016-09-10 00:05:00,16,9,10,0,5,420,75,Chemin de la Croix,45.57301,4.22412,Nuit sans éclairage public,Hors agglomération,Hors intersection,Normale,Autre collision,,,,,,,,,,,3,1,1,1,6.0
201600005215,0016-09-28 18:15:00,16,9,28,18,15,420,211,rue de la becque,45.52857,4.23332,Plein jour,En agglomération,Hors intersection,Normale,Deux véhicules - frontale,,,,,,,,,,,1,2,1,1,1.0
201600005216,0016-09-30 22:30:00,16,9,30,22,30,420,5,av de Montbrison,45.52973,4.25299,Nuit avec éclairage allumé,Hors agglomération,Hors intersection,Normale,Sans collision,,,,,,,,,,,5,1,1,1,7.0
201600005217,0016-10-03 18:30:00,16,10,3,18,30,420,5,,45.52307,4.26781,Crépuscule ou aube,En agglomération,Giratoire,Normale,Autre collision,,,,,,,,,,,2,2,6,1,6.0
201600005218,0016-10-25 19:45:00,16,10,25,19,45,420,75,,45.58804,4.22135,Nuit sans éclairage public,Hors agglomération,Hors intersection,Pluie légère,Autre collision,,,,,,,,,,,3,1,1,2,6.0
201600005219,0016-11-08 16:45:00,16,11,8,16,45,420,75,38 route d'Unias,45.58656,4.22985,Plein jour,Hors agglomération,Hors intersection,Normale,Autre collision,,,,,,,,,,,1,1,1,1,6.0
201600005220,0016-11-12 22:00:00,16,11,12,22,0,420,5,25 av de montbrison,45.52962,4.25427,Nuit avec éclairage allumé,En agglomération,Hors intersection,Normale,Autre collision,,,,,,,,,,,5,2,1,1,6.0
201600005221,0016-01-19 07:45:00,16,1,19,7,45,420,197,RD 1089,45.73866,4.02032,Crépuscule ou aube,En agglomération,Hors intersection,Temps couvert,Deux véhicules - côté,,,,,,,,,,,2,2,1,8,3.0
201600005222,0016-01-24 18:15:00,16,1,24,18,15,420,288,lieu-dit Varennes,45.76416,3.95211,Nuit avec éclairage allumé,Hors agglomération,Hors intersection,Temps couvert,Deux véhicules - frontale,,,,,,,,,,,5,1,1,8,1.0
201600005223,0016-01-26 21:15:00,16,1,26,21,15,420,245,rd1089,45.81556,3.8218,Nuit avec éclairage allumé,En agglomération,Hors intersection,Normale,Deux véhicules - côté,,,,,,,,,,,5,2,1,1,3.0
201600005224,0016-03-29 14:15:00,16,3,29,14,15,420,295,,,,Plein jour,Hors agglomération,Intersection en X,Pluie légère,Deux véhicules - frontale,,,,,,,,,,,1,1,2,2,1.0
201600005225,0016-04-04 07:45:00,16,4,4,7,45,420,295,lieu dit La Rorie,45.85765,3.79504,Crépuscule ou aube,Hors agglomération,Hors intersection,Pluie légère,Deux véhicules - frontale,,,,,,,,,,,2,1,1,2,1.0
201600005226,0016-04-14 10:30:00,16,4,14,10,30,420,134,,45.70667,4.03369,Plein jour,Hors agglomération,Hors intersection,Normale,Autre collision,,,,,,,,,,,1,1,1,1,6.0
201600005227,0016-04-20 10:00:00,16,4,20,10,0,420,221,,45.75435,4.14599,Plein jour,Hors agglomération,Hors intersection,Normale,Autre collision,,,,,,,,,,,1,1,1,1,6.0
201600005228,0016-04-24 03:30:00,16,4,24,3,30,420,159,,45.8237,3.77028,Nuit sans éclairage public,Hors agglomération,Hors intersection,Normale,Autre collision,,,,,,,,,,,3,1,1,1,6.0
201600005229,0016-05-03 07:45:00,16,5,3,7,45,420,313,,45.72232,4.0265,Plein jour,Hors agglomération,Hors intersection,Normale,Deux véhicules - frontale,,,,,,,,,,,1,1,1,1,1.0
201600005230,0016-05-08 05:15:00,16,5,8,5,15,420,197,,45.7304,4.05206,Crépuscule ou aube,Hors agglomération,Hors intersection,Normale,Autre collision,,,,,,,,,,,2,1,1,1,6.0
201600005231,0016-05-08 16:15:00,16,5,8,16,15,420,40,,45.7557,3.75828,Plein jour,Hors agglomération,Hors intersection,Normale,Sans collision,,,,,,,,,,,1,1,1,1,7.0
201600005232,0016-07-15 09:30:00,16,7,15,9,30,420,19,faubourg mollian,45.73909,4.0084,Plein jour,En agglomération,Hors intersection,Normale,Deux véhicules - côté,,,,,,,,,,,1,2,1,1,3.0
201600005233,0016-07-29 07:30:00,16,7,29,7,30,420,313,,45.73086,4.01447,Plein jour,Hors agglomération,Intersection en T,Normale,Deux véhicules - côté,,,,,,,,,,,1,1,3,1,3.0
201600005234,0016-08-04 19:45:00,16,8,4,19,45,420,252,,45.81588,3.87209,Crépuscule ou aube,Hors agglomération,Hors intersection,Pluie forte,Deux véhicules - frontale,,,,,,,,,,,2,1,1,3,1.0
201600005235,0016-08-05 19:00:00,16,8,5,19,0,420,291,,45.8274,3.85591,Plein jour,Hors agglomération,Hors intersection,Normale,Autre collision,,,,,,,,,,,1,1,1,1,6.0
201600005236,0016-08-20 23:00:00,16,8,20,23,0,420,313,,45.72997,4.0263,Nuit sans éclairage public,Hors agglomération,Hors intersection,Normale,Deux véhicules - frontale,,,,,,,,,,,3,1,1,1,1.0
201600005237,0016-09-06 06:45:00,16,9,6,6,45,420,119,lieu-dit Lardy,45.75365,3.97293,Crépuscule ou aube,En agglomération,Hors intersection,Pluie légère,Autre collision,,,,,,,,,,,2,2,1,2,6.0
201600005238,0016-09-18 18:00:00,16,9,18,18,0,420,288,lieu-dit Le Montcel,45.77188,3.99822,Plein jour,Hors agglomération,Hors intersection,Pluie légère,Autre collision,,,,,,,,,,,1,1,1,2,6.0
201600005239,0016-09-21 07:45:00,16,9,21,7,45,420,205,lieu dit le Courreau,45.64254,3.91784,Plein jour,Hors agglomération,Hors intersection,Normale,Deux véhicules - côté,,,,,,,,,,,1,1,1,1,3.0
201600005240,0016-09-21 20:30:00,16,9,21,20,30,420,197,,45.74319,4.01916,Nuit avec éclairage allumé,Hors agglomération,Hors intersection,Normale,Deux véhicules - côté,,,,,,,,,,,5,1,1,1,3.0
201600005241,0016-09-28 15:30:00,16,9,28,15,30,420,219,lieu dit Bel Air,45.73831,4.07595,Plein jour,Hors agglomération,Hors intersection,Normale,Autre collision,,,,,,,,,,,1,1,1,1,6.0
201600005242,0016-10-30 22:00:00,16,10,30,22,0,420,219,,45.73832,4.07393,Nuit sans éclairage public,Hors agglomération,Hors intersection,Normale,Autre collision,,,,,,,,,,,3,1,1,1,6.0
201600005243,0016-10-31 17:30:00,16,10,31,17,30,420,19,route des corbines,45.7515,3.99713,Crépuscule ou aube,En agglomération,Hors intersection,Normale,Autre collision,,,,,,,,,,,2,2,1,1,6.0
201600005244,0016-11-04 15:15:00,16,11,4,15,15,420,30,,45.75284,4.03336,Plein jour,Hors agglomération,Hors intersection,Normale,Deux véhicules - frontale,,,,,,,,,,,1,1,1,1,1.0
201600005245,0016-11-19 06:30:00,16,11,19,6,30,420,9,lieu-dit Le Riou,45.77804,4.03301,Nuit sans éclairage public,Hors agglomération,Hors intersection,Normale,Autre collision,,,,,,,,,,,3,1,1,1,6.0
201600005246,0016-12-03 12:45:00,16,12,3,12,45,420,136,,45.71158,4.03255,Plein jour,Hors agglomération,Hors intersection,Normale,Deux véhicules - frontale,,,,,,,,,,,1,1,1,1,1.0
201600005247,0016-12-04 10:45:00,16,12,4,10,45,420,2,,45.7994,3.94052,Plein jour,Hors agglomération,Hors intersection,Normale,Deux véhicules - côté,,,,,,,,,,,1,1,1,1,3.0
201600005248,0016-12-12 07:45:00,16,12,12,7,45,420,159,,45.80676,3.77807,Plein jour,Hors agglomération,Hors intersection,Normale,Deux véhicules - frontale,,,,,,,,,,,1,1,1,1,1.0
201600005249,0016-12-22 16:15:00,16,12,22,16,15,420,217,,45.78454,3.8916,Crépuscule ou aube,Hors agglomération,Hors intersection,Pluie légère,Autre collision,,,,,,,,,,,2,1,1,2,6.0
201600005250,0016-03-31 14:15:00,16,3,31,14,15,420,94,,45.74159,4.19962,Plein jour,Hors agglomération,Hors intersection,Normale,Autre collision,,,,,,,,,,,1,1,1,1,6.0
201600005251,0016-04-30 08:15:00,16,4,30,8,15,420,297,,45.76531,4.26496,Plein jour,Hors agglomération,Hors intersection,Normale,Deux véhicules - côté,,,,,,,,,,,1,1,1,1,3.0
201600005252,0016-06-07 12:00:00,16,6,7,12,0,420,94,,45.73844,4.26179,Plein jour,Hors agglomération,Hors intersection,Normale,Deux véhicules - côté,,,,,,,,,,,1,1,1,1,3.0
201600005253,0016-06-27 21:30:00,16,6,27,21,30,420,319,,45.7142,4.2969,Crépuscule ou aube,Hors agglomération,Hors intersection,Normale,Autre collision,,,,,,,,,,,2,1,1,1,6.0
201600005254,0016-07-01 04:00:00,16,7,1,4,0,420,165,RD101,45.78015,4.36584,Nuit sans éclairage public,Hors agglomération,Hors intersection,Normale,Autre collision,,,,,,,,,,,3,1,1,1,6.0
201600005255,0016-07-03 14:45:00,16,7,3,14,45,420,94,RD 1082,45.75526,4.21992,Plein jour,En agglomération,Hors intersection,Normale,Sans collision,,,,,,,,,,,1,2,1,1,7.0
201600005256,0016-08-12 10:45:00,16,8,12,10,45,420,202,,45.72857,4.309,Plein jour,Hors agglomération,Hors intersection,Normale,Deux véhicules - frontale,,,,,,,,,,,1,1,1,1,1.0
201600005257,0016-08-29 15:45:00,16,8,29,15,45,420,66,,45.73777,4.17857,Plein jour,Hors agglomération,Hors intersection,Normale,Deux véhicules - frontale,,,,,,,,,,,1,1,1,1,1.0
201600005258,0016-09-06 07:15:00,16,9,6,7,15,420,202,,45.7218,4.3413,Plein jour,Hors agglomération,Hors intersection,Brouillard / fumée,Autre collision,,,,,,,,,,,1,1,1,5,6.0
201600005259,0016-10-01 17:15:00,16,10,1,17,15,420,143,,45.7849,4.1706,Plein jour,Hors agglomération,Hors intersection,Normale,Deux véhicules - arrière,,,,,,,,,,,1,1,1,1,2.0
201600005260,0016-10-10 14:45:00,16,10,10,14,45,420,94,1 bd Hippodrome,45.73929,4.21299,Plein jour,Hors agglomération,Autre intersection,Normale,Deux véhicules - côté,,,,,,,,,,,1,1,9,1,3.0
201600005261,0016-10-26 10:15:00,16,10,26,10,15,420,261,,45.6961,4.36303,Plein jour,Hors agglomération,Hors intersection,Pluie forte,Sans collision,,,,,,,,,,,1,1,1,3,7.0
201600005262,0016-10-26 08:00:00,16,10,26,8,0,420,148,,45.83125,4.32943,Plein jour,Hors agglomération,Hors intersection,Pluie légère,Sans collision,,,,,,,,,,,1,1,1,2,7.0
201600005263,0016-12-06 07:45:00,16,12,6,7,45,420,193,,45.79501,4.27224,Crépuscule ou aube,Hors agglomération,Hors intersection,Autre,Sans collision,,,,,,,,,,,2,1,1,9,7.0
201600005264,0016-12-11 16:15:00,16,12,11,16,15,420,296,,45.74341,4.29866,Plein jour,Hors agglomération,Hors intersection,Pluie légère,Autre collision,,,,,,,,,,,1,1,1,2,6.0
201600005265,0016-01-29 15:15:00,16,1,29,15,15,420,91,,45.41273,4.00788,Plein jour,Hors agglomération,Hors intersection,Normale,Autre collision,,,,,,,,,,,1,1,1,1,6.0
201600005266,0016-02-26 22:00:00,16,2,26,22,0,420,137,,45.52029,4.08028,Nuit sans éclairage public,Hors agglomération,Hors intersection,Normale,Deux véhicules - frontale,,,,,,,,,,,3,1,1,1,1.0
201600005267,0016-03-13 14:45:00,16,3,13,14,45,420,262,,45.4031,4.18248,Plein jour,En agglomération,Hors intersection,Normale,Sans collision,,,,,,,,,,,1,2,1,1,7.0
201600005268,0016-04-15 22:15:00,16,4,15,22,15,420,126,rue du Moulin Gillier,45.47817,4.44323,Nuit sans éclairage public,Hors agglomération,Hors intersection,Normale,Autre collision,,,,,,,,,,,3,1,1,1,6.0
201600005269,0016-05-10 09:15:00,16,5,10,9,15,420,204,,45.41965,4.07103,Plein jour,Hors agglomération,Hors intersection,Normale,Sans collision,,,,,,,,,,,1,1,1,1,7.0
201600005270,0016-06-08 12:30:00,16,6,8,12,30,420,262,,45.40922,4.21488,Plein jour,Hors agglomération,Hors intersection,Normale,Sans collision,,,,,,,,,,,1,1,1,1,7.0
201600005271,0016-07-02 19:45:00,16,7,2,19,45,420,262,,45.38433,4.14069,Plein jour,Hors agglomération,Hors intersection,Normale,Sans collision,,,,,,,,,,,1,1,1,1,7.0
201600005272,0016-07-28 09:00:00,16,7,28,9,0,420,60,,45.48637,4.11031,Plein jour,Hors agglomération,Hors intersection,Normale,Deux véhicules - frontale,,,,,,,,,,,1,1,1,1,1.0
201600005273,0016-08-07 15:30:00,16,8,7,15,30,420,107,,45.52799,4.02057,Plein jour,Hors agglomération,Hors intersection,Normale,Sans collision,,,,,,,,,,,1,1,1,1,7.0
201600005274,0016-08-13 11:45:00,16,8,13,11,45,420,262,,45.41089,4.2178,Plein jour,Hors agglomération,Hors intersection,Normale,Deux véhicules - frontale,,,,,,,,,,,1,1,1,1,1.0
201600005275,0016-08-14 05:00:00,16,8,14,5,0,420,91,,45.41646,4.00625,Nuit sans éclairage public,Hors agglomération,Hors intersection,Normale,Sans collision,,,,,,,,,,,3,1,1,1,7.0
201600005276,0016-08-27 12:00:00,16,8,27,12,0,420,140,,45.45545,4.06316,Plein jour,Hors agglomération,Hors intersection,Normale,Deux véhicules - côté,,,,,,,,,,,1,1,1,1,3.0
201600005277,0016-09-05 19:45:00,16,9,5,19,45,420,262,,45.4092,4.21379,Nuit sans éclairage public,Hors agglomération,Hors intersection,Pluie légère,Autre collision,,,,,,,,,,,3,1,1,2,6.0
201600005278,0016-10-18 13:45:00,16,10,18,13,45,420,301,,45.51289,4.04922,Plein jour,Hors agglomération,Hors intersection,Normale,Deux véhicules - frontale,,,,,,,,,,,1,1,1,1,1.0
201600005279,0016-11-27 07:15:00,16,11,27,7,15,420,266,lieu-dit Peyrepeyre,45.40648,4.11982,Crépuscule ou aube,Hors agglomération,Hors intersection,Temps couvert,Deux véhicules - frontale,,,,,,,,,,,2,1,1,8,1.0
201600005280,0016-12-02 09:45:00,16,12,2,9,45,420,228,,45.56195,4.0937,Plein jour,Hors agglomération,Intersection en X,Brouillard / fumée,Deux véhicules - côté,,,,,,,,,,,1,1,2,5,3.0
201600005281,0016-12-06 09:15:00,16,12,6,9,15,420,262,,45.40644,4.18527,Plein jour,Hors agglomération,Hors intersection,Normale,Deux véhicules - frontale,,,,,,,,,,,1,1,1,1,1.0
201600005282,0016-01-02 17:45:00,16,1,2,17,45,420,59,,45.64118,4.37091,Nuit sans éclairage public,Hors agglomération,Hors intersection,Pluie légère,Deux véhicules - frontale,,,,,,,,,,,3,1,1,2,1.0
201600005283,0016-05-24 18:15:00,16,5,24,18,15,420,81,,45.60297,4.26401,Plein jour,Hors agglomération,Hors intersection,Normale,Autre collision,,,,,,,,,,,1,1,1,1,6.0
201600005284,0016-07-01 13:45:00,16,7,1,13,45,420,216,,45.62484,4.41213,Plein jour,Hors agglomération,Hors intersection,Temps éblouissant,Deux véhicules - côté,,,,,,,,,,,1,1,1,7,3.0
201600005285,0016-07-13 20:45:00,16,7,13,20,45,420,323,avenue d'andrezieux,45.55859,4.28691,Plein jour,En agglomération,Hors intersection,Normale,Sans collision,,,,,,,,,,,1,2,1,1,7.0
201600005286,0016-07-20 18:45:00,16,7,20,18,45,420,222,avenue Antoine Ravel,45.5932,4.31433,Plein jour,En agglomération,Intersection en X,Normale,Deux véhicules - côté,,,,,,,,,,,1,2,2,1,3.0
201600005287,0016-07-19 09:00:00,16,7,19,9,0,420,13,,45.65384,4.29335,Plein jour,Hors agglomération,Hors intersection,Normale,Deux véhicules - côté,,,,,,,,,,,1,1,1,1,3.0
201600005288,0016-07-26 15:15:00,16,7,26,15,15,420,43,,45.58412,4.28312,Plein jour,Hors agglomération,Hors intersection,Normale,Autre collision,,,,,,,,,,,1,1,1,1,6.0
201600005289,0016-08-31 10:30:00,16,8,31,10,30,420,59,,45.63234,4.40947,Plein jour,Hors agglomération,Hors intersection,Normale,Deux véhicules - frontale,,,,,,,,,,,1,1,1,1,1.0
201600005290,0016-09-12 08:15:00,16,9,12,8,15,420,323,49 Avenue Planchet,45.56591,4.29284,Plein jour,En agglomération,Hors intersection,Normale,Deux véhicules - arrière,,,,,,,,,,,1,2,1,1,2.0
201600005291,0016-09-19 08:45:00,16,9,19,8,45,420,185,,45.58762,4.264,Plein jour,Hors agglomération,Hors intersection,Pluie forte,Trois véhicules et plus - collisions multiples,,,,,,,,,,,1,1,1,3,5.0
201600005292,0016-09-28 10:00:00,16,9,28,10,0,420,323,26 ave Irénée Laurent,45.56893,4.2961,Plein jour,En agglomération,Hors intersection,Normale,Autre collision,,,,,,,,,,,1,2,1,1,6.0
201600005293,0016-09-30 19:30:00,16,9,30,19,30,420,59,7 Avenue du 11 Novembre,45.63498,4.39174,Nuit avec éclairage allumé,En agglomération,Hors intersection,Temps couvert,Deux véhicules - côté,,,,,,,,,,,5,2,1,8,3.0
201600005294,0016-10-28 16:45:00,16,10,28,16,45,420,138,les Pierres Blanches,45.64482,4.34247,Plein jour,Hors agglomération,Hors intersection,Normale,Sans collision,,,,,,,,,,,1,1,1,1,7.0
201600005295,0016-12-09 08:45:00,16,12,9,8,45,420,323,AVENUE HENRI PLANCHET,45.56252,4.2897,Plein jour,En agglomération,Hors intersection,Normale,Autre collision,,,,,,,,,,,1,2,1,1,6.0
201600005296,0016-12-13 17:30:00,16,12,13,17,30,420,81,,45.61316,4.26432,Nuit sans éclairage public,Hors agglomération,Hors intersection,Normale,Autre collision,,,,,,,,,,,3,1,1,1,6.0
201600005297,0016-03-21 16:45:00,16,3,21,16,45,420,129,D503,45.36105,4.68287,Plein jour,En agglomération,Hors intersection,Normale,Autre collision,,,,,,,,,,,1,2,1,1,6.0
201600005298,0016-04-03 07:15:00,16,4,3,7,15,420,56,les prairies,45.41287,4.73642,Plein jour,En agglomération,Hors intersection,Normale,Autre collision,,,,,,,,,,,1,2,1,1,6.0
201600005299,0016-06-18 15:00:00,16,6,18,15,0,420,56,,45.4044,4.73689,Plein jour,En agglomération,Hors intersection,Pluie légère,Deux véhicules - frontale,,,,,,,,,,,1,2,1,2,1.0
201600005300,0016-08-14 16:30:00,16,8,14,16,30,420,64,,45.45666,4.68873,Plein jour,Hors agglomération,Hors intersection,Normale,Deux véhicules - côté,,,,,,,,,,,1,1,1,1,3.0
201600005301,0016-09-09 12:15:00,16,9,9,12,15,420,265,route RD 1086,45.44579,4.75256,Plein jour,En agglomération,Hors intersection,Normale,Deux véhicules - frontale,,,,,,,,,,,1,2,1,1,1.0
201600005302,0016-10-23 18:15:00,16,10,23,18,15,420,56,chemin des Vignes,45.42244,4.72495,Crépuscule ou aube,Hors agglomération,Hors intersection,Normale,Deux véhicules - frontale,,,,,,,,,,,2,1,1,1,1.0
201600005303,0016-02-06 14:15:00,16,2,6,14,15,420,239,,45.96433,3.9772,Plein jour,Hors agglomération,Hors intersection,Vent fort / tempête,Sans collision,,,,,,,,,,,1,1,1,6,7.0
201600005304,0016-02-18 15:45:00,16,2,18,15,45,420,338,,46.11977,4.11059,Plein jour,Hors agglomération,Hors intersection,Normale,Deux véhicules - côté,,,,,,,,,,,1,1,1,1,3.0
201600005305,0016-03-22 15:15:00,16,3,22,15,15,420,331,,45.97406,3.96934,Plein jour,Hors agglomération,Hors intersection,Normale,Sans collision,,,,,,,,,,,1,1,1,1,7.0
201600005306,0016-05-28 12:45:00,16,5,28,12,45,420,70,,45.93204,4.03884,Plein jour,Hors agglomération,Hors intersection,Normale,Sans collision,,,,,,,,,,,1,1,1,1,7.0
201600005307,0016-06-04 11:15:00,16,6,4,11,15,420,332,ROUTE DE LA MIRANDOLE,46.00308,4.03664,Plein jour,En agglomération,Hors intersection,Normale,Autre collision,,,,,,,,,,,1,2,1,1,6.0
201600005308,0016-06-10 08:45:00,16,6,10,8,45,420,162,,46.00783,3.96721,Plein jour,Hors agglomération,Hors intersection,Normale,Deux véhicules - frontale,,,,,,,,,,,1,1,1,1,1.0
201600005309,0016-06-17 18:15:00,16,6,17,18,15,420,145,,46.03295,4.22289,Plein jour,Hors agglomération,Hors intersection,Pluie forte,Deux véhicules - frontale,,,,,,,,,,,1,1,1,3,1.0
201600005310,0016-07-16 15:00:00,16,7,16,15,0,420,239,,45.94908,3.97987,Plein jour,Hors agglomération,Hors intersection,Normale,Deux véhicules - côté,,,,,,,,,,,1,1,1,1,3.0
201600005311,0016-08-08 22:15:00,16,8,8,22,15,420,331,,45.9655,3.93575,Nuit sans éclairage public,Hors agglomération,Hors intersection,Normale,Sans collision,,,,,,,,,,,3,1,1,1,7.0
201600005312,0016-08-19 07:15:00,16,8,19,7,15,420,69,rue des ARNAUDS,46.01311,4.07911,Crépuscule ou aube,En agglomération,Hors intersection,Normale,Sans collision,,,,,,,,,,,2,2,1,1,7.0
201600005313,0016-09-16 19:00:00,16,9,16,19,0,420,338,,46.07296,4.11903,Crépuscule ou aube,Hors agglomération,Intersection en X,Normale,Deux véhicules - côté,,,,,,,,,,,2,1,2,1,3.0
201600005314,0016-09-18 11:15:00,16,9,18,11,15,420,294,,46.00673,4.15447,Plein jour,Hors agglomération,Hors intersection,Pluie légère,Sans collision,,,,,,,,,,,1,1,1,2,7.0
201600005315,0016-12-19 08:30:00,16,12,19,8,30,420,331,,45.96774,3.93971,Plein jour,Hors agglomération,Hors intersection,Normale,Deux véhicules - frontale,,,,,,,,,,,1,1,1,1,1.0
201600005316,0016-01-22 15:15:00,16,1,22,15,15,420,154,,45.84458,4.25821,Plein jour,Hors agglomération,Hors intersection,Normale,Autre collision,,,,,,,,,,,1,1,1,1,6.0
201600005317,0016-02-12 16:45:00,16,2,12,16,45,420,293,,46.01929,4.27686,Plein jour,Hors agglomération,Hors intersection,Normale,Sans collision,,,,,,,,,,,1,1,1,1,7.0
201600005318,0016-05-21 13:00:00,16,5,21,13,0,420,334,,45.85139,4.32607,Plein jour,Hors agglomération,Hors intersection,Normale,Sans collision,,,,,,,,,,,1,1,1,1,7.0
201600005319,0016-07-11 13:45:00,16,7,11,13,45,420,11,,45.82504,4.21276,Plein jour,Hors agglomération,Hors intersection,Normale,Autre collision,,,,,,,,,,,1,1,1,1,6.0
201600005320,0016-07-29 15:45:00,16,7,29,15,45,420,289,54 RN7,45.94861,4.2096,Plein jour,En agglomération,Hors intersection,Normale,Autre collision,,,,,,,,,,,1,2,1,1,6.0
201600005321,0016-10-02 03:15:00,16,10,2,3,15,420,289,lieu dit le Picard,45.9455,4.23449,Nuit sans éclairage public,Hors agglomération,Hors intersection,Normale,Deux véhicules - côté,,,,,,,,,,,3,1,1,1,3.0
201600005322,0016-11-21 17:00:00,16,11,21,17,0,420,154,,45.84094,4.23759,Plein jour,Hors agglomération,Hors intersection,Normale,Sans collision,,,,,,,,,,,1,1,1,1,7.0
201600005323,0016-11-23 14:30:00,16,11,23,14,30,420,289,RN7,45.94673,4.21951,Plein jour,En agglomération,Hors intersection,Normale,Deux véhicules - côté,,,,,,,,,,,1,2,1,1,3.0
201600005324,0016-02-04 22:45:00,16,2,4,22,45,420,131,,46.18366,4.24114,Nuit sans éclairage public,Hors agglomération,Hors intersection,Pluie forte,Autre collision,,,,,,,,,,,3,1,1,3,6.0
201600005325,0016-03-05 16:30:00,16,3,5,16,30,420,177,,46.14685,4.13641,Plein jour,Hors agglomération,Hors intersection,Normale,Deux véhicules - frontale,,,,,,,,,,,1,1,1,1,1.0