accident_id,datetime,annee,mois,jour,heure,minute,departement,commune_insee,adresse,latitude,longitude,luminosite,agglomeration,intersection,meteo,collision,nb_vehicules,nb_usagers,nb_indemnes,nb_tues,nb_blesses_hosp,nb_blesses_legers,age_cond_1,age_cond_2,veh_type_cond_1,veh_type_cond_2,lum_code,agg_code,int_code,atm_code,col_code
201600005459,0016-08-06 15:00:00,16,8,6,15,0,740,239,,,,Plein jour,Hors agglomération,Hors intersection,Normale,Deux véhicules - frontale,,,,,,,,,,,1,1,1,1,1.0
201600005460,0016-09-11 17:30:00,16,9,11,17,30,740,136,LIEU DIT LA DUCHE,,,Plein jour,Hors agglomération,Hors intersection,Normale,Sans collision,,,,,,,,,,,1,1,1,1,7.0
201600005461,0016-11-02 18:55:00,16,11,2,18,55,740,79,,,,Nuit sans éclairage public,Hors agglomération,Hors intersection,Normale,Deux véhicules - frontale,,,,,,,,,,,3,1,1,1,1.0
201600005462,0016-11-06 07:15:00,16,11,6,7,15,740,27,LES SALIGNONS,,,Crépuscule ou aube,Hors agglomération,Hors intersection,Pluie légère,Autre collision,,,,,,,,,,,2,1,1,2,6.0
201600005463,0016-11-26 01:30:00,16,11,26,1,30,740,239,,,,Nuit sans éclairage public,Hors agglomération,Hors intersection,Normale,Sans collision,,,,,,,,,,,3,1,1,1,7.0
201600005464,0016-12-21 18:00:00,16,12,21,18,0,740,80,ROUTE DES ARAVIS,,,Nuit sans éclairage public,Hors agglomération,Hors intersection,Temps couvert,Deux véhicules - côté,,,,,,,,,,,3,1,1,8,3.0
201600005465,0016-01-05 07:15:00,16,1,5,7,15,740,42,,,,Nuit sans éclairage public,Hors agglomération,Hors intersection,Pluie légère,Deux véhicules - frontale,,,,,,,,,,,3,1,1,2,1.0
201600005466,0016-02-12 16:15:00,16,2,12,16,15,740,42,Avenue de Genève,,,Plein jour,En agglomération,Hors intersection,Neige / grêle,Autre collision,,,,,,,,,,,1,2,1,4,6.0
201600005467,0016-02-21 16:30:00,16,2,21,16,30,740,42,,,,Plein jour,Hors agglomération,Hors intersection,Normale,Deux véhicules - arrière,,,,,,,,,,,1,1,1,1,2.0
201600005468,0016-02-27 22:30:00,16,2,27,22,30,740,42,avenue d'Aoste,,,Nuit avec éclairage allumé,En agglomération,Hors intersection,Normale,Autre collision,,,,,,,,,,,5,2,1,1,6.0
201600005469,0016-04-06 16:00:00,16,4,6,16,0,740,42,396 AVENUE DE STAUFEN,46.105,6.326,Plein jour,En agglomération,Hors intersection,Normale,Autre collision,,,,,,,,,,,1,2,1,1,6.0
201600005470,0016-04-12 20:30:00,16,4,12,20,30,740,212,,,,Nuit sans éclairage public,Hors agglomération,Hors intersection,Normale,Sans collision,,,,,,,,,,,3,1,1,1,7.0
201600005471,0016-07-16 18:00:00,16,7,16,18,0,740,42,230 BD PIERRE MONOD,,,Plein jour,En agglomération,Intersection en X,Normale,Deux véhicules - côté,,,,,,,,,,,1,2,2,1,3.0
201600005472,0016-08-23 15:30:00,16,8,23,15,30,740,42,,,,Plein jour,Hors agglomération,Hors intersection,Normale,Autre collision,,,,,,,,,,,1,1,1,1,6.0
201600005473,0016-10-01 20:00:00,16,10,1,20,0,740,212,ROUTE DES EVEAUX,,,Nuit sans éclairage public,Hors agglomération,Hors intersection,Pluie légère,Deux véhicules - frontale,,,,,,,,,,,3,1,1,2,1.0
201600005474,0016-10-03 18:15:00,16,10,3,18,15,740,42,5165 AVENUE DE GENEVE,,,Plein jour,En agglomération,Intersection en Y,Normale,Autre collision,,,,,,,,,,,1,2,4,1,6.0
201600005475,0016-11-12 12:30:00,16,11,12,12,30,740,110,,,,Plein jour,En agglomération,Hors intersection,Normale,Deux véhicules - côté,,,,,,,,,,,1,2,1,1,3.0
201600005476,0016-11-16 11:30:00,16,11,16,11,30,740,42,AVENUE DU BUET,46.057,6.431,Plein jour,En agglomération,Hors intersection,Normale,Autre collision,,,,,,,,,,,1,2,1,1,6.0
201600005477,0016-11-18 04:00:00,16,11,18,4,0,740,42,,,,Nuit sans éclairage public,Hors agglomération,Hors intersection,Pluie légère,Autre collision,,,,,,,,,,,3,1,1,2,6.0
201600005478,0016-11-22 14:30:00,16,11,22,14,30,740,42,ROUTE DES SARCELLES,,,Plein jour,Hors agglomération,Giratoire,Normale,Deux véhicules - frontale,,,,,,,,,,,1,1,6,1,1.0
201600005479,0016-12-26 18:15:00,16,12,26,18,15,740,42,,,,Nuit sans éclairage public,Hors agglomération,Hors intersection,Normale,Autre collision,,,,,,,,,,,3,1,1,1,6.0
201600005480,0016-01-23 19:30:00,16,1,23,19,30,740,56,ROUTE DU BOUCHET,,,Plein jour,Hors agglomération,Hors intersection,Normale,Deux véhicules - frontale,,,,,,,,,,,1,1,1,1,1.0
201600005481,0016-02-13 11:45:00,16,2,13,11,45,740,56,,,,Plein jour,En agglomération,Hors intersection,Neige / grêle,Deux véhicules - frontale,,,,,,,,,,,1,2,1,4,1.0
201600005482,0016-07-09 16:00:00,16,7,9,16,0,740,56,ROUTE DES MOTTETS,,,Plein jour,Hors agglomération,Hors intersection,Normale,Deux véhicules - côté,,,,,,,,,,,1,1,1,1,3.0
201600005483,0016-08-07 14:00:00,16,8,7,14,0,740,290,,,,Plein jour,Hors agglomération,Hors intersection,Normale,Deux véhicules - frontale,,,,,,,,,,,1,1,1,1,1.0
201600005484,0016-01-01 18:30:00,16,1,1,18,30,740,83,,45.889,6.624,Nuit sans éclairage public,Hors agglomération,Hors intersection,Normale,Deux véhicules - frontale,,,,,,,,,,,3,1,1,1,1.0
201600005485,0016-04-05 08:30:00,16,4,5,8,30,740,236,ROND POINT DES THERMES,,,Plein jour,En agglomération,Giratoire,Normale,Autre collision,,,,,,,,,,,1,2,6,1,6.0
201600005486,0016-08-02 16:30:00,16,8,2,16,30,740,173,ROUTE EDMOND DE ROTCHILD,,,Plein jour,En agglomération,Hors intersection,Normale,Deux véhicules - frontale,,,,,,,,,,,1,2,1,1,1.0
201600005487,0016-08-09 18:15:00,16,8,9,18,15,740,236,298 AV DU MONT D'ARBOIS,45.888,6.708,Plein jour,En agglomération,Giratoire,Pluie légère,Autre collision,,,,,,,,,,,1,2,6,2,6.0
201600005488,0016-09-15 09:15:00,16,9,15,9,15,740,236,563 AVENUE DE GENEVE,,,Plein jour,En agglomération,Hors intersection,Normale,Autre collision,,,,,,,,,,,1,2,1,1,6.0
201600005489,0016-10-19 15:30:00,16,10,19,15,30,740,236,1880 ROUTE DE MEGEVE,,,Plein jour,Hors agglomération,Hors intersection,Normale,Deux véhicules - côté,,,,,,,,,,,1,1,1,1,3.0
201600005490,0016-01-11 09:00:00,16,1,11,9,0,740,224,RUE DE LA PATIENCE,,,Plein jour,En agglomération,Intersection en X,Pluie légère,Autre collision,,,,,,,,,,,1,2,2,2,6.0
201600005491,0016-02-19 12:15:00,16,2,19,12,15,740,250,36 avenue des Aravis,,,Plein jour,En agglomération,Hors intersection,Normale,Deux véhicules - frontale,,,,,,,,,,,1,2,1,1,1.0
201600005492,0016-04-11 15:00:00,16,4,11,15,0,740,250,186 ROUTE DE TOISINGES,,,Plein jour,En agglomération,Hors intersection,Normale,Deux véhicules - côté,,,,,,,,,,,1,2,1,1,3.0
201600005493,0016-05-13 20:30:00,16,5,13,20,30,740,7,,,,Nuit avec éclairage allumé,Hors agglomération,Hors intersection,Autre,Deux véhicules - frontale,,,,,,,,,,,5,1,1,9,1.0
201600005494,0016-05-15 20:45:00,16,5,15,20,45,740,253,215 ROUTE DE LA FORET,,,Nuit sans éclairage public,En agglomération,Hors intersection,Normale,Autre collision,,,,,,,,,,,3,2,1,1,6.0
201600005495,0016-06-25 20:15:00,16,6,25,20,15,740,224,IMPASSE DES TAMPES,,,Plein jour,En agglomération,Intersection en Y,Normale,Deux véhicules - frontale,,,,,,,,,,,1,2,4,1,1.0
201600005496,0016-07-01 18:30:00,16,7,1,18,30,740,90,CHEMIN DE LA BATHIA,,,Plein jour,Hors agglomération,Intersection en X,Normale,Deux véhicules - côté,,,,,,,,,,,1,1,2,1,3.0
201600005497,0016-08-07 09:45:00,16,8,7,9,45,740,116,,,,Plein jour,Hors agglomération,Hors intersection,Normale,Deux véhicules - frontale,,,,,,,,,,,1,1,1,1,1.0
201600005498,0016-08-26 15:00:00,16,8,26,15,0,740,116,,,,Plein jour,Hors agglomération,Intersection en Y,Normale,Deux véhicules - côté,,,,,,,,,,,1,1,4,1,3.0
201600005499,0016-09-09 17:00:00,16,9,9,17,0,740,90,,,,Plein jour,Hors agglomération,Hors intersection,Normale,Deux véhicules - côté,,,,,,,,,,,1,1,1,1,3.0
201600005500,0016-09-30 18:15:00,16,9,30,18,15,740,224,"990, AV DE LA LIBERATION",,,Plein jour,En agglomération,Place,Normale,Autre collision,,,,,,,,,,,1,2,7,1,6.0
201600005501,0016-09-05 07:20:00,16,9,5,7,20,740,18,,,,Plein jour,Hors agglomération,Intersection en Y,Pluie forte,Deux véhicules - frontale,,,,,,,,,,,1,1,4,3,1.0
201600005502,0016-10-29 15:15:00,16,10,29,15,15,740,116,,,,Plein jour,Hors agglomération,Intersection en X,Normale,Deux véhicules - frontale,,,,,,,,,,,1,1,2,1,1.0
201600005503,0016-11-30 23:30:00,16,11,30,23,30,740,90,LIEU DIT LA MADELEINE,,,Nuit sans éclairage public,Hors agglomération,Intersection en X,Normale,Autre collision,,,,,,,,,,,3,1,2,1,6.0
201600005504,0016-12-14 18:00:00,16,12,14,18,0,740,7,,,,Nuit sans éclairage public,Hors agglomération,Intersection en X,Brouillard / fumée,Deux véhicules - côté,,,,,,,,,,,3,1,2,5,3.0
201600005505,0016-12-30 01:00:00,16,12,30,1,0,740,42,,46.071,6.391,Nuit avec éclairage allumé,Hors agglomération,Giratoire,Normale,Autre collision,,,,,,,,,,,5,1,6,1,6.0
201600005506,0016-02-06 12:45:00,16,2,6,12,45,740,208,1755 ROUTE DE SERVOZ,,,Plein jour,Hors agglomération,Hors intersection,Normale,Deux véhicules - côté,,,,,,,,,,,1,1,1,1,3.0
201600005507,0016-03-12 18:00:00,16,3,12,18,0,740,256,2410 ROUTE DU DORAN,,,Plein jour,Hors agglomération,Hors intersection,Normale,Sans collision,,,,,,,,,,,1,1,1,1,7.0
201600005508,0016-04-28 14:30:00,16,4,28,14,30,740,208,AVENUE DE MARLIOZ,,,Plein jour,En agglomération,Hors intersection,Normale,Deux véhicules - arrière,,,,,,,,,,,1,2,1,1,2.0
201600005509,0016-05-07 19:15:00,16,5,7,19,15,740,208,,,,Plein jour,Hors agglomération,Giratoire,Normale,Trois véhicules et plus - en chaîne,,,,,,,,,,,1,1,6,1,4.0
201600005510,0016-07-02 07:45:00,16,7,2,7,45,740,208,avenue de Marlioz,,,Plein jour,En agglomération,Hors intersection,Pluie légère,Deux véhicules - frontale,,,,,,,,,,,1,2,1,2,1.0
201600005511,0016-07-22 18:45:00,16,7,22,18,45,740,256,AVENUE DU MONT BLANC,,,Plein jour,En agglomération,Intersection en T,Pluie forte,Autre collision,,,,,,,,,,,1,2,3,3,6.0
201600005512,0016-08-25 13:45:00,16,8,25,13,45,740,208,,45.511,6.182,Plein jour,En agglomération,Hors intersection,Normale,Autre collision,,,,,,,,,,,1,2,1,1,6.0
201600005513,0016-08-25 18:30:00,16,8,25,18,30,740,89,1045 ROUTE DE LA JORASSE,,,Plein jour,Hors agglomération,Hors intersection,Normale,Sans collision,,,,,,,,,,,1,1,1,1,7.0
201600005514,0016-08-31 14:15:00,16,8,31,14,15,740,256,ROUTE DE NANT CRY,,,Plein jour,Hors agglomération,Hors intersection,Normale,Deux véhicules - frontale,,,,,,,,,,,1,1,1,1,1.0
201600005515,0016-11-07 15:15:00,16,11,7,15,15,740,256,RUE DES TROIS LACS,,,Plein jour,En agglomération,Hors intersection,Normale,Autre collision,,,,,,,,,,,1,2,1,1,6.0
201600005516,0016-11-19 06:00:00,16,11,19,6,0,740,256,LIEU DIT LE BOIS NOIR,,,Nuit avec éclairage allumé,Hors agglomération,Hors intersection,Pluie forte,Deux véhicules - côté,,,,,,,,,,,5,1,1,3,3.0
201600005517,0016-11-24 18:00:00,16,11,24,18,0,740,103,2542 RTE BERNARD HINAULT,,,Nuit sans éclairage public,Hors agglomération,Hors intersection,Normale,Sans collision,,,,,,,,,,,3,1,1,1,7.0
201600005518,0016-12-23 12:30:00,16,12,23,12,30,740,256,73 ANCIENNE RTE COMBLOUX,,,Plein jour,En agglomération,Hors intersection,Temps éblouissant,Autre collision,,,,,,,,,,,1,2,1,7,6.0
201600005519,0016-01-14 11:45:00,16,1,14,11,45,740,134,PONT DES GETS,,,Plein jour,Hors agglomération,Hors intersection,Neige / grêle,Autre collision,,,,,,,,,,,1,1,1,4,6.0
201600005520,0016-01-29 15:30:00,16,1,29,15,30,740,258,RUE COGNAC JAY,,,Plein jour,En agglomération,Hors intersection,Normale,Sans collision,,,,,,,,,,,1,2,1,1,7.0
201600005521,0016-02-23 16:45:00,16,2,23,16,45,740,134,rd pt de la colombièr,,,Plein jour,En agglomération,Hors intersection,Pluie légère,Autre collision,,,,,,,,,,,1,2,1,2,6.0
201600005522,0016-07-11 01:00:00,16,7,11,1,0,740,134,ROUTE DU ROCHER,,,Nuit avec éclairage allumé,En agglomération,Hors intersection,Normale,Autre collision,,,,,,,,,,,5,2,1,1,6.0
201600005523,0016-07-11 16:00:00,16,7,11,16,0,740,183,CHEMIN HAUTS DE QUICY,,,Plein jour,En agglomération,Hors intersection,Normale,Autre collision,,,,,,,,,,,1,2,1,1,6.0
201600005524,0016-07-28 17:30:00,16,7,28,17,30,740,276,ROUTE D'ANNEMASSE,,,Plein jour,En agglomération,Hors intersection,Normale,Deux véhicules - frontale,,,,,,,,,,,1,2,1,1,1.0
201600005525,0016-08-02 09:30:00,16,8,2,9,30,740,258,,,,Plein jour,Hors agglomération,Hors intersection,Normale,Deux véhicules - frontale,,,,,,,,,,,1,1,1,1,1.0
201600005526,0016-10-28 10:45:00,16,10,28,10,45,740,183,,,,Plein jour,Hors agglomération,Hors intersection,Normale,Deux véhicules - frontale,,,,,,,,,,,1,1,1,1,1.0
201600005527,0016-03-31 11:00:00,16,3,31,11,0,740,243,RUE DES MUGUETS,,,Plein jour,En agglomération,Giratoire,Normale,Autre collision,,,,,,,,,,,1,2,6,1,6.0
201600005528,0016-06-27 13:00:00,16,6,27,13,0,740,243,,46.199,6.754,Plein jour,Hors agglomération,Hors intersection,Normale,Trois véhicules et plus - en chaîne,,,,,,,,,,,1,1,1,1,4.0
201600005529,0016-08-22 13:00:00,16,8,22,13,0,740,44,,,,Plein jour,Hors agglomération,Giratoire,Normale,Deux véhicules - côté,,,,,,,,,,,1,1,6,1,3.0
201600005530,0016-09-18 02:45:00,16,9,18,2,45,740,16,ROUTE DE COLLONGES,,,Nuit avec éclairage non allumé,Hors agglomération,Hors intersection,Pluie légère,Trois véhicules et plus - collisions multiples,,,,,,,,,,,4,1,1,2,5.0
201600005531,0016-10-29 06:00:00,16,10,29,6,0,740,243,ROUTE DE CERVONNEX,,,Nuit sans éclairage public,Hors agglomération,Hors intersection,Normale,Deux véhicules - côté,,,,,,,,,,,3,1,1,1,3.0
201600005532,0016-10-25 18:30:00,16,10,25,18,30,740,243,GIRATOIRE DU CASINO,,,Nuit sans éclairage public,En agglomération,Giratoire,Pluie forte,Autre collision,,,,,,,,,,,3,2,6,3,6.0
201600005533,0016-12-28 19:25:00,16,12,28,19,25,740,82,PASSAGE NIVEAU AV GENEVE,,,Nuit avec éclairage allumé,En agglomération,Passage à niveau,Normale,Deux véhicules - côté,,,,,,,,,,,5,2,8,1,3.0
201600005534,0016-01-10 01:15:00,16,1,10,1,15,740,211,2462 ROUTE D'ARBUSIGNY,,,Nuit avec éclairage allumé,Hors agglomération,Hors intersection,Autre,Deux véhicules - frontale,,,,,,,,,,,5,1,1,9,1.0
201600005535,0016-04-09 03:45:00,16,4,9,3,45,740,220,10 ROUTE DE LA ROCHE,,,Nuit sans éclairage public,En agglomération,Passage à niveau,Normale,Autre collision,,,,,,,,,,,3,2,8,1,6.0
201600005536,0016-05-04 18:45:00,16,5,4,18,45,740,262,,,,Plein jour,Hors agglomération,Hors intersection,Normale,Deux véhicules - arrière,,,,,,,,,,,1,1,1,1,2.0
201600005537,0016-06-10 14:15:00,16,6,10,14,15,740,128,,,,Plein jour,Hors agglomération,Intersection en T,Normale,Trois véhicules et plus - collisions multiples,,,,,,,,,,,1,1,3,1,5.0
201600005538,0016-06-10 15:10:00,16,6,10,15,10,740,220,,,,Plein jour,Hors agglomération,Hors intersection,Normale,Sans collision,,,,,,,,,,,1,1,1,1,7.0
201600005539,0016-07-02 18:15:00,16,7,2,18,15,740,211,,,,Plein jour,Hors agglomération,Giratoire,Normale,Deux véhicules - arrière,,,,,,,,,,,1,1,6,1,2.0
201600005540,0016-08-05 23:45:00,16,8,5,23,45,740,94,,,,Nuit sans éclairage public,Hors agglomération,Giratoire,Normale,Autre collision,,,,,,,,,,,3,1,6,1,6.0
201600005541,0016-09-01 17:30:00,16,9,1,17,30,740,197,,,,Plein jour,Hors agglomération,Hors intersection,Normale,Deux véhicules - arrière,,,,,,,,,,,1,1,1,1,2.0
201600005542,0016-09-11 08:00:00,16,9,11,8,0,740,94,,,,Plein jour,En agglomération,Hors intersection,Normale,Deux véhicules - frontale,,,,,,,,,,,1,2,1,1,1.0
201600005543,0016-10-14 22:45:00,16,10,14,22,45,740,128,,,,Nuit sans éclairage public,Hors agglomération,Hors intersection,Brouillard / fumée,Trois véhicules et plus - collisions multiples,,,,,,,,,,,3,1,1,5,5.0
201600005544,0016-11-05 18:15:00,16,11,5,18,15,740,40,181 AVENUE DU LEMAN,,,Nuit sans éclairage public,En agglomération,Hors intersection,Pluie forte,Deux véhicules - arrière,,,,,,,,,,,3,2,1,3,2.0
201600005545,0016-11-25 07:15:00,16,11,25,7,15,740,197,,,,Crépuscule ou aube,Hors agglomération,Hors intersection,Normale,Trois véhicules et plus - collisions multiples,,,,,,,,,,,2,1,1,1,5.0
201600005546,0016-12-25 12:00:00,16,12,25,12,0,740,94,,46.184,6.302,Plein jour,Hors agglomération,Hors intersection,Normale,Trois véhicules et plus - collisions multiples,,,,,,,,,,,1,1,1,1,5.0
201600005547,0016-01-28 05:50:00,16,1,28,5,50,740,88,,,,Nuit avec éclairage non allumé,En agglomération,Intersection en X,Normale,Deux véhicules - côté,,,,,,,,,,,4,2,2,1,3.0
201600005548,0016-02-12 14:00:00,16,2,12,14,0,740,88,,,,Plein jour,Hors agglomération,Hors intersection,Neige / grêle,Deux véhicules - frontale,,,,,,,,,,,1,1,1,4,1.0
201600005549,0016-08-28 18:15:00,16,8,28,18,15,740,6,ROUTE DES PONTS,,,Plein jour,Hors agglomération,Hors intersection,Normale,Autre collision,,,,,,,,,,,1,1,1,1,6.0
201600005550,0016-09-07 22:15:00,16,9,7,22,15,740,309,ROUTE DE BELLEGARDE,,,Nuit avec éclairage allumé,En agglomération,Intersection en T,Normale,Deux véhicules - côté,,,,,,,,,,,5,2,3,1,3.0
201600005551,0016-09-14 18:30:00,16,9,14,18,30,740,314,ROUTE DE SAINT JULIEN,,,Plein jour,Hors agglomération,Intersection en T,Normale,Deux véhicules - côté,,,,,,,,,,,1,1,3,1,3.0
201600005552,0016-09-18 01:45:00,16,9,18,1,45,740,288,ROUTE DU BIOLLAY,,,Nuit sans éclairage public,Hors agglomération,Hors intersection,Temps couvert,Autre collision,,,,,,,,,,,3,1,1,8,6.0
201600005553,0016-09-18 07:00:00,16,9,18,7,0,740,309,ROUTE DE LA GARE,,,Crépuscule ou aube,En agglomération,Hors intersection,Pluie légère,Trois véhicules et plus - collisions multiples,,,,,,,,,,,2,2,1,2,5.0
201600005554,0016-09-28 12:15:00,16,9,28,12,15,740,96,RUE DU STADE,,,Plein jour,En agglomération,Intersection en X,Temps éblouissant,Deux véhicules - frontale,,,,,,,,,,,1,2,2,7,1.0
201600005555,0016-10-07 07:45:00,16,10,7,7,45,740,228,,,,Crépuscule ou aube,Hors agglomération,Hors intersection,Temps couvert,Trois véhicules et plus - collisions multiples,,,,,,,,,,,2,1,1,8,5.0
201600005556,0016-10-28 06:45:00,16,10,28,6,45,740,9,,,,Crépuscule ou aube,En agglomération,Hors intersection,Normale,Deux véhicules - côté,,,,,,,,,,,2,2,1,1,3.0
201600005557,0016-11-29 21:45:00,16,11,29,21,45,740,96,ROUTE DE CHOSAL - FECHY,,,Nuit sans éclairage public,En agglomération,Hors intersection,Normale,Autre collision,,,,,,,,,,,3,2,1,1,6.0
201600005558,0016-12-08 17:45:00,16,12,8,17,45,740,288,,,,Crépuscule ou aube,Hors agglomération,Hors intersection,Brouillard / fumée,Deux véhicules - côté,,,,,,,,,,,2,1,1,5,3.0
201600005559,0016-04-01 19:00:00,16,4,1,19,0,740,77,,,,Plein jour,Hors agglomération,Intersection en T,Normale,Autre collision,,,,,,,,,,,1,1,3,1,6.0
201600005560,0016-04-27 19:30:00,16,4,27,19,30,740,86,ROUTE DU VILLARD,,,Plein jour,En agglomération,Intersection en X,Normale,Deux véhicules - frontale,,,,,,,,,,,1,2,2,1,1.0
201600005561,0016-05-28 04:15:00,16,5,28,4,15,740,130,CHEMIN DU VOLLAND,,,Nuit sans éclairage public,Hors agglomération,Hors intersection,Temps couvert,Autre collision,,,,,,,,,,,3,1,1,8,6.0
201600005562,0016-06-05 16:30:00,16,6,5,16,30,740,109,,,,Plein jour,Hors agglomération,Hors intersection,Normale,Autre collision,,,,,,,,,,,1,1,1,1,6.0
201600005563,0016-07-18 14:00:00,16,7,18,14,0,740,71,,,,Plein jour,Hors agglomération,Hors intersection,Normale,Trois véhicules et plus - collisions multiples,,,,,,,,,,,1,1,1,1,5.0
201600005564,0016-09-12 19:45:00,16,9,12,19,45,740,131,,,,Crépuscule ou aube,Hors agglomération,Hors intersection,Normale,Autre collision,,,,,,,,,,,2,1,1,1,6.0
201600005565,0016-09-26 12:40:00,16,9,26,12,40,740,109,LIEU DIT D'ARCALOD,,,Plein jour,Hors agglomération,Hors intersection,Normale,Autre collision,,,,,,,,,,,1,1,1,1,6.0
201600005566,0016-09-27 19:30:00,16,9,27,19,30,740,65,ROUTE DES DAINES,,,Crépuscule ou aube,Hors agglomération,Hors intersection,Normale,Sans collision,,,,,,,,,,,2,1,1,1,7.0
201600005567,0016-09-30 22:00:00,16,9,30,22,0,740,65,,,,Nuit sans éclairage public,En agglomération,Hors intersection,Normale,Autre collision,,,,,,,,,,,3,2,1,1,6.0
201600005568,0016-10-02 12:30:00,16,10,2,12,30,740,184,,,,Plein jour,Hors agglomération,Hors intersection,Normale,Autre collision,,,,,,,,,,,1,1,1,1,6.0
201600005569,0016-11-13 17:30:00,16,11,13,17,30,740,29,RUE DE LA CRIE,,,Nuit sans éclairage public,Hors agglomération,Intersection en Y,Pluie légère,Autre collision,,,,,,,,,,,3,1,4,2,6.0
201600005570,0016-02-16 21:15:00,16,2,16,21,15,740,58,11 ROUTE DU RYZ,,,Nuit avec éclairage allumé,En agglomération,Hors intersection,Normale,Autre collision,,,,,,,,,,,5,2,1,1,6.0
201600005571,0016-05-21 12:15:00,16,5,21,12,15,740,308,,,,Plein jour,Hors agglomération,Hors intersection,Normale,Sans collision,,,,,,,,,,,1,1,1,1,7.0
201600005572,0016-07-11 18:50:00,16,7,11,18,50,740,63,COL DE MORGINS,,,Plein jour,Hors agglomération,Hors intersection,Normale,Deux véhicules - frontale,,,,,,,,,,,1,1,1,1,1.0
201600005573,0016-08-11 15:30:00,16,8,11,15,30,740,58,LA PANTHIAZ,,,Plein jour,En agglomération,Hors intersection,Normale,Deux véhicules - côté,,,,,,,,,,,1,2,1,1,3.0
201600005574,0016-09-12 12:00:00,16,9,12,12,0,740,1,,,,Plein jour,Hors agglomération,Hors intersection,Normale,Sans collision,,,,,,,,,,,1,1,1,1,7.0
201600005575,0016-10-05 19:15:00,16,10,5,19,15,740,58,CHAMP BENE,,,Nuit sans éclairage public,Hors agglomération,Hors intersection,Normale,Trois véhicules et plus - collisions multiples,,,,,,,,,,,3,1,1,1,5.0
201600005576,0016-11-10 15:30:00,16,11,10,15,30,740,1,LIEU DIT MELON,,,Plein jour,Hors agglomération,Hors intersection,Pluie légère,Deux véhicules - frontale,,,,,,,,,,,1,1,1,2,1.0
201600005577,0016-02-13 20:00:00,16,2,13,20,0,740,37,Rue de la vallée verte,,,Nuit avec éclairage allumé,En agglomération,Hors intersection,Pluie légère,Trois véhicules et plus - collisions multiples,,,,,,,,,,,5,2,1,2,5.0
201600005578,0016-07-06 12:30:00,16,7,6,12,30,740,32,LA CHEVRERIE,,,Plein jour,Hors agglomération,Hors intersection,Normale,Sans collision,,,,,,,,,,,1,1,1,1,7.0
201600005579,0016-07-08 01:45:00,16,7,8,1,45,740,32,LIEU DIT LE BORGEL,,,Nuit avec éclairage non allumé,En agglomération,Hors intersection,Normale,Autre collision,,,,,,,,,,,4,2,1,1,6.0
201600005580,0016-07-09 13:50:00,16,7,9,13,50,740,222,,,,Plein jour,Hors agglomération,Hors intersection,Normale,Autre collision,,,,,,,,,,,1,1,1,1,6.0
201600005581,0016-07-10 18:00:00,16,7,10,18,0,740,38,,,,Plein jour,Hors agglomération,Hors intersection,Normale,Deux véhicules - frontale,,,,,,,,,,,1,1,1,1,1.0
201600005582,0016-09-10 21:45:00,16,9,10,21,45,740,38,,,,Nuit sans éclairage public,Hors agglomération,Hors intersection,Normale,Autre collision,,,,,,,,,,,3,1,1,1,6.0
201600005583,0016-09-11 07:00:00,16,9,11,7,0,740,38,LIEU DIT LES MOUILLES,,,Crépuscule ou aube,Hors agglomération,Hors intersection,Normale,Deux véhicules - frontale,,,,,,,,,,,2,1,1,1,1.0
201600005584,0016-11-25 10:15:00,16,11,25,10,15,740,38,ROUTE DE PLAINE JOUX,,,Plein jour,En agglomération,Intersection en T,Normale,Autre collision,,,,,,,,,,,1,2,3,1,6.0
201600005585,0016-01-24 21:30:00,16,1,24,21,30,740,249,LA BEUNAZ,,,Nuit avec éclairage allumé,En agglomération,Hors intersection,Pluie légère,Autre collision,,,,,,,,,,,5,2,1,2,6.0
201600005586,0016-04-26 16:00:00,16,4,26,16,0,740,127,,,,Plein jour,Hors agglomération,Hors intersection,Normale,Sans collision,,,,,,,,,,,1,1,1,1,7.0
201600005587,0016-05-14 17:05:00,16,5,14,17,5,740,127,,,,Plein jour,Hors agglomération,Hors intersection,Normale,Trois véhicules et plus - collisions multiples,,,,,,,,,,,1,1,1,1,5.0
201600005588,0016-09-28 06:00:00,16,9,28,6,0,740,218,RUE DU PONT DE DRANSE,,,Nuit avec éclairage allumé,En agglomération,Intersection en Y,Normale,Deux véhicules - frontale,,,,,,,,,,,5,2,4,1,1.0
201600005589,0016-10-26 12:30:00,16,10,26,12,30,740,57,,,,Plein jour,Hors agglomération,Hors intersection,Normale,Deux véhicules - frontale,,,,,,,,,,,1,1,1,1,1.0
201600005590,0016-12-05 19:15:00,16,12,5,19,15,740,146,ROUTE DE LA FRUITIERE,,,Nuit sans éclairage public,Hors agglomération,Hors intersection,Normale,Autre collision,,,,,,,,,,,3,1,1,1,6.0
201600005591,0016-05-22 04:15:00,16,5,22,4,15,630,307,,,,Nuit sans éclairage public,Hors agglomération,Giratoire,Normale,Autre collision,,,,,,,,,,,3,1,6,1,6.0
201600005592,0016-11-03 14:00:00,16,11,3,14,0,630,307,,45.7116,3.0746,Plein jour,Hors agglomération,Intersection en Y,Normale,Deux véhicules - côté,,,,,,,,,,,1,1,4,1,3.0
201600005593,0016-01-22 23:45:00,16,1,22,23,45,630,229,,,,Nuit sans éclairage public,Hors agglomération,Hors intersection,Pluie légère,Autre collision,,,,,,,,,,,3,1,1,2,6.0