accident_id,datetime,annee,mois,jour,heure,minute,departement,commune_insee,adresse,latitude,longitude,luminosite,agglomeration,intersection,meteo,collision,nb_vehicules,nb_usagers,nb_indemnes,nb_tues,nb_blesses_hosp,nb_blesses_legers,age_cond_1,age_cond_2,veh_type_cond_1,veh_type_cond_2,lum_code,agg_code,int_code,atm_code,col_code
201600005594,0016-03-11 09:30:00,16,3,11,9,30,630,40,,,,Plein jour,Hors agglomération,Intersection en Y,Normale,Trois véhicules et plus - en chaîne,,,,,,,,,,,1,1,4,1,4.0
201600005595,0016-04-29 16:30:00,16,4,29,16,30,630,154,,,,Plein jour,Hors agglomération,Hors intersection,Normale,Trois véhicules et plus - collisions multiples,,,,,,,,,,,1,1,1,1,5.0
201600005596,0016-05-05 11:45:00,16,5,5,11,45,630,453,route de Bouzel,,,Plein jour,En agglomération,Hors intersection,Normale,Autre collision,,,,,,,,,,,1,2,1,1,6.0
201600005597,0016-05-27 15:45:00,16,5,27,15,45,630,34,,,,Plein jour,Hors agglomération,Hors intersection,Normale,Deux véhicules - côté,,,,,,,,,,,1,1,1,1,3.0
201600005598,0016-06-06 18:15:00,16,6,6,18,15,630,157,,,,Plein jour,Hors agglomération,Intersection en X,Normale,Deux véhicules - côté,,,,,,,,,,,1,1,2,1,3.0
201600005599,0016-06-15 13:00:00,16,6,15,13,0,630,216,,,,Plein jour,Hors agglomération,Hors intersection,Normale,Deux véhicules - frontale,,,,,,,,,,,1,1,1,1,1.0
201600005600,0016-06-18 18:45:00,16,6,18,18,45,630,226,,,,Plein jour,Hors agglomération,Hors intersection,Normale,Autre collision,,,,,,,,,,,1,1,1,1,6.0
201600005601,0016-06-25 15:45:00,16,6,25,15,45,630,434,,,,Plein jour,Hors agglomération,Hors intersection,Normale,Deux véhicules - frontale,,,,,,,,,,,1,1,1,1,1.0
201600005602,0016-06-27 09:30:00,16,6,27,9,30,630,146,,,,Plein jour,Hors agglomération,Hors intersection,Normale,Autre collision,,,,,,,,,,,1,1,1,1,6.0
201600005603,0016-07-01 12:15:00,16,7,1,12,15,630,273,,45.72633,3.22555,Plein jour,Hors agglomération,Hors intersection,Normale,Sans collision,,,,,,,,,,,1,1,1,1,7.0
201600005604,0016-07-03 16:15:00,16,7,3,16,15,630,146,,,,Plein jour,Hors agglomération,Hors intersection,Normale,Deux véhicules - frontale,,,,,,,,,,,1,1,1,1,1.0
201600005605,0016-07-08 18:15:00,16,7,8,18,15,630,40,,,,Plein jour,Hors agglomération,Hors intersection,Temps éblouissant,Deux véhicules - côté,,,,,,,,,,,1,1,1,7,3.0
201600005606,0016-07-15 20:30:00,16,7,15,20,30,630,229,,,,Plein jour,Hors agglomération,Hors intersection,Normale,Sans collision,,,,,,,,,,,1,1,1,1,7.0
201600005607,0016-08-02 18:30:00,16,8,2,18,30,630,40,10 rue Carnot,45.7237,3.3394,Plein jour,En agglomération,Intersection en X,Normale,Deux véhicules - frontale,,,,,,,,,,,1,2,2,1,1.0
201600005608,0016-09-02 13:45:00,16,9,2,13,45,630,229,,,,Plein jour,Hors agglomération,Hors intersection,Normale,Autre collision,,,,,,,,,,,1,1,1,1,6.0
201600005609,0016-09-09 18:45:00,16,9,9,18,45,630,273,,,,Plein jour,Hors agglomération,Hors intersection,Normale,Deux véhicules - arrière,,,,,,,,,,,1,1,1,1,2.0
201600005610,0016-10-30 16:15:00,16,10,30,16,15,630,146,,,,Plein jour,Hors agglomération,Intersection en X,Brouillard / fumée,Deux véhicules - côté,,,,,,,,,,,1,1,2,5,3.0
201600005611,0016-11-06 20:15:00,16,11,6,20,15,630,334,,,,Nuit sans éclairage public,Hors agglomération,Hors intersection,Neige / grêle,Deux véhicules - frontale,,,,,,,,,,,3,1,1,4,1.0
201600005612,0016-11-26 11:15:00,16,11,26,11,15,630,273,,,,Plein jour,Hors agglomération,Hors intersection,Normale,Trois véhicules et plus - collisions multiples,,,,,,,,,,,1,1,1,1,5.0
201600005613,0016-12-05 08:45:00,16,12,5,8,45,630,368,,,,Plein jour,Hors agglomération,Hors intersection,Normale,Deux véhicules - côté,,,,,,,,,,,1,1,1,1,3.0
201600005614,0016-02-08 12:45:00,16,2,8,12,45,630,426,,,,Plein jour,Hors agglomération,Hors intersection,Pluie forte,Deux véhicules - frontale,,,,,,,,,,,1,1,1,3,1.0
201600005615,0016-05-31 18:00:00,16,5,31,18,0,630,47,,45.598,2.724,Plein jour,Hors agglomération,Hors intersection,Pluie forte,Deux véhicules - frontale,,,,,,,,,,,1,1,1,3,1.0
201600005616,0016-06-03 20:00:00,16,6,3,20,0,630,397,,45.6101,2.6849,Plein jour,Hors agglomération,Hors intersection,Normale,Sans collision,,,,,,,,,,,1,1,1,1,7.0
201600005617,0016-08-12 12:30:00,16,8,12,12,30,630,346,,45.418,2.698,Plein jour,Hors agglomération,Hors intersection,Normale,Deux véhicules - frontale,,,,,,,,,,,1,1,1,1,1.0
201600005618,0016-08-15 12:15:00,16,8,15,12,15,630,47,,45.596,2.729,Plein jour,Hors agglomération,Hors intersection,Normale,Deux véhicules - frontale,,,,,,,,,,,1,1,1,1,1.0
201600005619,0016-11-03 15:30:00,16,11,3,15,30,630,190,,45.532,2.553,Plein jour,Hors agglomération,Hors intersection,Normale,Autre collision,,,,,,,,,,,1,1,1,1,6.0
201600005620,0016-02-01 17:15:00,16,2,1,17,15,630,263,,,,Plein jour,Hors agglomération,Hors intersection,Temps éblouissant,Deux véhicules - côté,,,,,,,,,,,1,1,1,7,3.0
201600005621,0016-02-25 01:30:00,16,2,25,1,30,630,263,,45.789,3.05,Nuit sans éclairage public,Hors agglomération,Hors intersection,Pluie légère,Autre collision,,,,,,,,,,,3,1,1,2,6.0
201600005622,0016-07-02 16:00:00,16,7,2,16,0,630,263,,45.82,3.018,Plein jour,Hors agglomération,Hors intersection,Normale,Sans collision,,,,,,,,,,,1,1,1,1,7.0
201600005623,0016-07-12 17:15:00,16,7,12,17,15,630,254,,,,Plein jour,Hors agglomération,Hors intersection,Normale,Deux véhicules - frontale,,,,,,,,,,,1,1,1,1,1.0
201600005624,0016-07-16 16:30:00,16,7,16,16,30,630,263,,45.761,3.013,Plein jour,Hors agglomération,Hors intersection,Normale,Deux véhicules - frontale,,,,,,,,,,,1,1,1,1,1.0
201600005625,0016-05-18 16:30:00,16,5,18,16,30,630,284,6 chemin de decauville,45.7919,3.2427,Plein jour,En agglomération,Hors intersection,Normale,Deux véhicules - frontale,,,,,,,,,,,1,2,1,1,1.0
201600005626,0016-06-07 17:45:00,16,6,7,17,45,630,284,,45.7993,3.2459,Plein jour,En agglomération,Hors intersection,Normale,Autre collision,,,,,,,,,,,1,2,1,1,6.0
201600005627,0016-10-11 11:15:00,16,10,11,11,15,630,200,RD 54,,,Plein jour,En agglomération,Hors intersection,Normale,Deux véhicules - arrière,,,,,,,,,,,1,2,1,1,2.0
201600005628,0016-10-15 07:45:00,16,10,15,7,45,630,284,,,,Crépuscule ou aube,Hors agglomération,Hors intersection,Normale,Deux véhicules - côté,,,,,,,,,,,2,1,1,1,3.0
201600005629,0016-11-10 17:15:00,16,11,10,17,15,630,284,46 avenue roger coulon,45.79901,3.24337,Nuit avec éclairage allumé,En agglomération,Hors intersection,Normale,Deux véhicules - arrière,,,,,,,,,,,5,2,1,1,2.0
201600005630,0016-11-18 15:30:00,16,11,18,15,30,630,284,77 av du docteur Besserv,45.79901,3.25626,Plein jour,En agglomération,Hors intersection,Normale,Deux véhicules - frontale,,,,,,,,,,,1,2,1,1,1.0
201600005631,0016-02-06 10:00:00,16,2,6,10,0,630,219,,45.8,2.924,Plein jour,Hors agglomération,Hors intersection,Normale,Sans collision,,,,,,,,,,,1,1,1,1,7.0
201600005632,0016-03-18 14:30:00,16,3,18,14,30,630,248,,45.713,2.912,Plein jour,Hors agglomération,Hors intersection,Normale,Deux véhicules - côté,,,,,,,,,,,1,1,1,1,3.0
201600005633,0016-04-03 16:30:00,16,4,3,16,30,630,264,,45.635,2.825,Plein jour,Hors agglomération,Hors intersection,Normale,Sans collision,,,,,,,,,,,1,1,1,1,7.0
201600005634,0016-05-26 10:00:00,16,5,26,10,0,630,370,,45.654,2.664,Plein jour,Hors agglomération,Hors intersection,Normale,Sans collision,,,,,,,,,,,1,1,1,1,7.0
201600005635,0016-06-18 03:45:00,16,6,18,3,45,630,386,,45.737,2.799,Nuit sans éclairage public,Hors agglomération,Hors intersection,Normale,Sans collision,,,,,,,,,,,3,1,1,1,7.0
201600005636,0016-08-25 15:15:00,16,8,25,15,15,630,219,,45.786,2.869,Plein jour,Hors agglomération,Hors intersection,Normale,Deux véhicules - frontale,,,,,,,,,,,1,1,1,1,1.0
201600005637,0016-09-16 19:30:00,16,9,16,19,30,630,248,RD 2089,45.726,2.898,Nuit sans éclairage public,En agglomération,Hors intersection,Pluie forte,Deux véhicules - frontale,,,,,,,,,,,3,2,1,3,1.0
201600005638,0016-10-26 15:15:00,16,10,26,15,15,630,416,,,,Plein jour,Hors agglomération,Hors intersection,Pluie légère,Autre collision,,,,,,,,,,,1,1,1,2,6.0
201600005639,0016-12-05 10:45:00,16,12,5,10,45,630,386,,45.738,2.818,Plein jour,Hors agglomération,Hors intersection,Normale,Sans collision,,,,,,,,,,,1,1,1,1,7.0
201600005640,0016-12-18 10:45:00,16,12,18,10,45,630,257,,45.7277,2.8902,Plein jour,Hors agglomération,Giratoire,Normale,Autre collision,,,,,,,,,,,1,1,6,1,6.0
201600005641,0016-07-28 20:15:00,16,7,28,20,15,630,306,,45.704,3.217,Plein jour,Hors agglomération,Hors intersection,Normale,Deux véhicules - frontale,,,,,,,,,,,1,1,1,1,1.0
201600005642,0016-08-06 05:30:00,16,8,6,5,30,630,214,,45.693,3.193,Crépuscule ou aube,Hors agglomération,Hors intersection,Normale,Autre collision,,,,,,,,,,,2,1,1,1,6.0
201600005643,0016-09-02 08:15:00,16,9,2,8,15,630,472,,45.616,3.265,Plein jour,Hors agglomération,Hors intersection,Normale,Trois véhicules et plus - collisions multiples,,,,,,,,,,,1,1,1,1,5.0
201600005644,0016-09-08 08:00:00,16,9,8,8,0,630,396,,45.665,3.069,Plein jour,Hors agglomération,Intersection en X,Normale,Deux véhicules - frontale,,,,,,,,,,,1,1,2,1,1.0
201600005645,0016-10-20 08:00:00,16,10,20,8,0,630,455,,45.673,3.144,Crépuscule ou aube,Hors agglomération,Autre intersection,Normale,Deux véhicules - côté,,,,,,,,,,,2,1,9,1,3.0
201600005646,0016-11-26 04:45:00,16,11,26,4,45,630,262,,45.714,3.157,Nuit sans éclairage public,Hors agglomération,Hors intersection,Normale,Sans collision,,,,,,,,,,,3,1,1,1,7.0
201600005647,0016-12-12 06:30:00,16,12,12,6,30,630,262,,,,Crépuscule ou aube,Hors agglomération,Giratoire,Brouillard / fumée,Sans collision,,,,,,,,,,,2,1,6,5,7.0
201600005648,0016-02-06 13:30:00,16,2,6,13,30,630,10,49 route de beurrières,45.40938,3.725,Plein jour,En agglomération,Hors intersection,Vent fort / tempête,Autre collision,,,,,,,,,,,1,2,1,6,6.0
201600005649,0016-04-29 11:15:00,16,4,29,11,15,630,10,,45.426,3.727,Plein jour,En agglomération,Hors intersection,Normale,Deux véhicules - frontale,,,,,,,,,,,1,2,1,1,1.0
201600005650,0016-05-23 06:30:00,16,5,23,6,30,630,179,,45.6142,3.7222,Crépuscule ou aube,Hors agglomération,Hors intersection,Pluie légère,Autre collision,,,,,,,,,,,2,1,1,2,6.0
201600005651,0016-08-07 16:15:00,16,8,7,16,15,630,374,,45.531,3.81,Plein jour,Hors agglomération,Hors intersection,Normale,Sans collision,,,,,,,,,,,1,1,1,1,7.0
201600005652,0016-08-12 01:00:00,16,8,12,1,0,630,10,85 route nationale,45.417,3.727,Nuit sans éclairage public,En agglomération,Hors intersection,Normale,Autre collision,,,,,,,,,,,3,2,1,1,6.0
201600005653,0016-08-13 09:00:00,16,8,13,9,0,630,211,,,,Plein jour,Hors agglomération,Hors intersection,Normale,Autre collision,,,,,,,,,,,1,1,1,1,6.0
201600005654,0016-08-15 17:30:00,16,8,15,17,30,630,3,,45.54,3.786,Plein jour,Hors agglomération,Hors intersection,Normale,Sans collision,,,,,,,,,,,1,1,1,1,7.0
201600005655,0016-09-12 10:15:00,16,9,12,10,15,630,10,,45.439,3.725,Plein jour,Hors agglomération,Hors intersection,Normale,Deux véhicules - frontale,,,,,,,,,,,1,1,1,1,1.0
201600005656,0016-09-17 20:15:00,16,9,17,20,15,630,3,avenue Emmanuel Chabrier,45.5464,3.7388,Nuit avec éclairage allumé,En agglomération,Intersection en T,Pluie légère,Deux véhicules - côté,,,,,,,,,,,5,2,3,2,3.0
201600005657,0016-10-08 17:15:00,16,10,8,17,15,630,3,,45.529,3.754,Plein jour,Hors agglomération,Hors intersection,Normale,Autre collision,,,,,,,,,,,1,1,1,1,6.0
201600005658,0016-10-19 12:00:00,16,10,19,12,0,630,319,,45.521,3.94,Plein jour,Hors agglomération,Hors intersection,Pluie légère,Autre collision,,,,,,,,,,,1,1,1,2,6.0
201600005659,0016-12-16 22:00:00,16,12,16,22,0,630,211,1 route d'Arlanc,45.4784,3.7264,Nuit avec éclairage allumé,En agglomération,Hors intersection,Normale,Trois véhicules et plus - en chaîne,,,,,,,,,,,5,2,1,1,4.0
201600005660,0016-03-26 18:30:00,16,3,26,18,30,630,173,,,,Plein jour,Hors agglomération,Hors intersection,Temps éblouissant,Autre collision,,,,,,,,,,,1,1,1,7,6.0
201600005661,0016-04-30 14:30:00,16,4,30,14,30,630,331,,45.514,3.925,Plein jour,Hors agglomération,Hors intersection,Pluie légère,Autre collision,,,,,,,,,,,1,1,1,2,6.0
201600005662,0016-05-28 15:45:00,16,5,28,15,45,630,412,,45.405,3.884,Plein jour,Hors agglomération,Hors intersection,Pluie forte,Sans collision,,,,,,,,,,,1,1,1,3,7.0
201600005663,0016-10-13 14:45:00,16,10,13,14,45,630,139,,45.385,3.759,Plein jour,Hors agglomération,Hors intersection,Pluie forte,Autre collision,,,,,,,,,,,1,1,1,3,6.0
201600005664,0016-08-20 15:00:00,16,8,20,15,0,630,314,,45.585,3.629,Plein jour,Hors agglomération,Hors intersection,Pluie légère,Sans collision,,,,,,,,,,,1,1,1,2,7.0
201600005665,0016-11-06 17:15:00,16,11,6,17,15,630,314,,45.566,3.628,Crépuscule ou aube,Hors agglomération,Hors intersection,Neige / grêle,Autre collision,,,,,,,,,,,2,1,1,4,6.0
201600005666,0016-02-12 07:15:00,16,2,12,7,15,630,178,avenue Jean JAURES,45.54829,3.2573,Crépuscule ou aube,En agglomération,Hors intersection,Normale,Autre collision,,,,,,,,,,,2,2,1,1,6.0
201600005667,0016-04-06 12:15:00,16,4,6,12,15,630,422,Rte des DAUPHINS d'AUVER,,,Plein jour,En agglomération,Hors intersection,Normale,Deux véhicules - frontale,,,,,,,,,,,1,2,1,1,1.0
201600005668,0016-05-07 10:30:00,16,5,7,10,30,630,178,31 rue de Bizaleix,45.5461,3.2364,Plein jour,En agglomération,Hors intersection,Normale,Deux véhicules - côté,,,,,,,,,,,1,2,1,1,3.0
201600005669,0016-05-18 07:45:00,16,5,18,7,45,630,178,bd de la sous préfecture,,,Plein jour,En agglomération,Intersection en Y,Normale,Deux véhicules - côté,,,,,,,,,,,1,2,4,1,3.0
201600005670,0016-05-26 15:15:00,16,5,26,15,15,630,121,,45.6136,3.211,Plein jour,Hors agglomération,Giratoire,Normale,Autre collision,,,,,,,,,,,1,1,6,1,6.0
201600005671,0016-06-01 15:30:00,16,6,1,15,30,630,342,,45.5516,3.0918,Plein jour,Hors agglomération,Hors intersection,Normale,Autre collision,,,,,,,,,,,1,1,1,1,6.0
201600005672,0016-06-05 12:00:00,16,6,5,12,0,630,172,,,,Plein jour,Hors agglomération,Hors intersection,Normale,Sans collision,,,,,,,,,,,1,1,1,1,7.0
201600005673,0016-07-04 23:15:00,16,7,4,23,15,630,466,,45.5096,3.1366,Nuit sans éclairage public,Hors agglomération,Hors intersection,Normale,Autre collision,,,,,,,,,,,3,1,1,1,6.0
201600005674,0016-07-21 15:30:00,16,7,21,15,30,630,380,rue principale,,,Plein jour,En agglomération,Hors intersection,Normale,Deux véhicules - arrière,,,,,,,,,,,1,2,1,1,2.0
201600005675,0016-07-31 09:00:00,16,7,31,9,0,630,452,,,,Plein jour,Hors agglomération,Autre intersection,Pluie légère,Sans collision,,,,,,,,,,,1,1,9,2,7.0
201600005676,0016-08-12 10:00:00,16,8,12,10,0,630,178,74 rue du 8 mai,45.54365,3.23891,Plein jour,En agglomération,Hors intersection,Normale,Autre collision,,,,,,,,,,,1,2,1,1,6.0
201600005677,0016-08-23 20:45:00,16,8,23,20,45,630,234,,,,Nuit sans éclairage public,En agglomération,Hors intersection,Normale,Sans collision,,,,,,,,,,,3,2,1,1,7.0
201600005678,0016-08-26 21:15:00,16,8,26,21,15,630,250,18 route de coudes,,,Nuit avec éclairage allumé,En agglomération,Hors intersection,Normale,Autre collision,,,,,,,,,,,5,2,1,1,6.0
201600005679,0016-09-05 11:30:00,16,9,5,11,30,630,178,boulevard Miterrand,45.5401,3.2542,Plein jour,En agglomération,Intersection en T,Normale,Deux véhicules - côté,,,,,,,,,,,1,2,3,1,3.0
201600005680,0016-11-01 18:45:00,16,11,1,18,45,630,122,,,,Nuit sans éclairage public,Hors agglomération,Hors intersection,Normale,Deux véhicules - frontale,,,,,,,,,,,3,1,1,1,1.0
201600005681,0016-11-01 17:00:00,16,11,1,17,0,630,172,,,,Plein jour,Hors agglomération,Hors intersection,Normale,Sans collision,,,,,,,,,,,1,1,1,1,7.0
201600005682,0016-11-23 18:00:00,16,11,23,18,0,630,160,,,,Nuit sans éclairage public,Hors agglomération,Hors intersection,Normale,Trois véhicules et plus - en chaîne,,,,,,,,,,,3,1,1,1,4.0
201600005683,0016-11-30 13:45:00,16,11,30,13,45,630,73,rue de la combe,45.58491,3.18395,Plein jour,En agglomération,Intersection en T,Normale,Deux véhicules - côté,,,,,,,,,,,1,2,3,1,3.0
201600005684,0016-12-12 12:30:00,16,12,12,12,30,630,411,rue du chateau,45.59033,3.2048,Plein jour,En agglomération,Intersection en Y,Normale,Deux véhicules - frontale,,,,,,,,,,,1,2,4,1,1.0
201600005685,0016-12-20 19:30:00,16,12,20,19,30,630,178,16 boulevard pasteur,45.5471,3.246,Nuit avec éclairage allumé,En agglomération,Hors intersection,Pluie légère,Autre collision,,,,,,,,,,,5,2,1,2,6.0
201600005686,0016-07-03 10:00:00,16,7,3,10,0,630,440,,,,Plein jour,Hors agglomération,Hors intersection,Normale,Autre collision,,,,,,,,,,,1,1,1,1,6.0
201600005687,0016-07-13 16:15:00,16,7,13,16,15,630,247,,,,Plein jour,Hors agglomération,Hors intersection,Normale,Deux véhicules - frontale,,,,,,,,,,,1,1,1,1,1.0
201600005688,0016-08-03 17:15:00,16,8,3,17,15,630,247,,,,Plein jour,Hors agglomération,Hors intersection,Normale,Deux véhicules - côté,,,,,,,,,,,1,1,1,1,3.0
201600005689,0016-08-26 08:45:00,16,8,26,8,45,630,38,rue de la Gazelle,45.5097,2.934,Plein jour,En agglomération,Hors intersection,Normale,Autre collision,,,,,,,,,,,1,2,1,1,6.0
201600005690,0016-08-25 12:45:00,16,8,25,12,45,630,335,,45.5539,3.007,Plein jour,Hors agglomération,Hors intersection,Temps éblouissant,Deux véhicules - frontale,,,,,,,,,,,1,1,1,7,1.0
201600005691,0016-10-17 13:00:00,16,10,17,13,0,630,247,,,,Plein jour,Hors agglomération,Hors intersection,Normale,Deux véhicules - frontale,,,,,,,,,,,1,1,1,1,1.0
201600005692,0016-01-24 13:45:00,16,1,24,13,45,630,31,,45.442,3.275,Plein jour,Hors agglomération,Hors intersection,Normale,Sans collision,,,,,,,,,,,1,1,1,1,7.0
201600005693,0016-02-03 12:00:00,16,2,3,12,0,630,415,32 route de condat,45.5518,3.3809,Plein jour,En agglomération,Hors intersection,Temps couvert,Autre collision,,,,,,,,,,,1,2,1,8,6.0
201600005694,0016-05-16 13:15:00,16,5,16,13,15,630,392,,45.521,3.312,Plein jour,Hors agglomération,Hors intersection,Normale,Deux véhicules - frontale,,,,,,,,,,,1,1,1,1,1.0
201600005695,0016-06-13 17:45:00,16,6,13,17,45,630,375,,45.497,3.317,Plein jour,Hors agglomération,Hors intersection,Pluie légère,Sans collision,,,,,,,,,,,1,1,1,2,7.0
201600005696,0016-09-03 11:30:00,16,9,3,11,30,630,29,,45.486,3.344,Plein jour,Hors agglomération,Hors intersection,Normale,Deux véhicules - frontale,,,,,,,,,,,1,1,1,1,1.0
201600005697,0016-12-16 23:30:00,16,12,16,23,30,630,392,,45.505,3.345,Nuit sans éclairage public,Hors agglomération,Hors intersection,Temps couvert,Deux véhicules - frontale,,,,,,,,,,,3,1,1,8,1.0
201600005698,0016-12-28 16:45:00,16,12,28,16,45,630,50,2 rue des sarralières,45.4138,3.3202,Plein jour,En agglomération,Giratoire,Normale,Autre collision,,,,,,,,,,,1,2,6,1,6.0
201600005699,0016-03-03 19:30:00,16,3,3,19,30,630,209,,45.49,3.221,Nuit sans éclairage public,Hors agglomération,Hors intersection,Pluie légère,Autre collision,,,,,,,,,,,3,1,1,2,6.0
201600005700,0016-08-19 22:00:00,16,8,19,22,0,630,352,22 Route de brioude,45.4566,3.2387,Nuit avec éclairage allumé,En agglomération,Hors intersection,Normale,Autre collision,,,,,,,,,,,5,2,1,1,6.0
201600005701,0016-10-03 18:00:00,16,10,3,18,0,630,7,,45.3698,3.1638,Plein jour,Hors agglomération,Intersection en T,Normale,Deux véhicules - frontale,,,,,,,,,,,1,1,3,1,1.0
201600005702,0016-12-24 10:45:00,16,12,24,10,45,630,352,5 Avenue Antoine Porte,45.4588,3.2382,Plein jour,En agglomération,Hors intersection,Normale,Autre collision,,,,,,,,,,,1,2,1,1,6.0
201600005703,0016-02-10 00:15:00,16,2,10,0,15,630,1,,46.0096,3.1975,Nuit sans éclairage public,Hors agglomération,Giratoire,Temps couvert,Autre collision,,,,,,,,,,,3,1,6,8,6.0
201600005704,0016-03-04 09:00:00,16,3,4,9,0,630,35,,,,Plein jour,Hors agglomération,Autre intersection,Normale,Autre collision,,,,,,,,,,,1,1,9,1,6.0
201600005705,0016-03-16 18:15:00,16,3,16,18,15,630,327,,,,Plein jour,Hors agglomération,Hors intersection,Temps couvert,Deux véhicules - frontale,,,,,,,,,,,1,1,1,8,1.0
201600005706,0016-05-19 12:00:00,16,5,19,12,0,630,181,,,,Plein jour,Hors agglomération,Hors intersection,Normale,Sans collision,,,,,,,,,,,1,1,1,1,7.0
201600005707,0016-06-20 14:00:00,16,6,20,14,0,630,68,7imp ds volcans (rés vol,45.9465,3.1395,Plein jour,En agglomération,Hors intersection,Normale,Autre collision,,,,,,,,,,,1,2,1,1,6.0
201600005708,0016-07-30 23:45:00,16,7,30,23,45,630,143,limite avec 03,,,Nuit sans éclairage public,Hors agglomération,Hors intersection,Temps couvert,Autre collision,,,,,,,,,,,3,1,1,8,6.0
201600005709,0016-08-06 18:30:00,16,8,6,18,30,630,116,,,,Plein jour,Hors agglomération,Hors intersection,Normale,Autre collision,,,,,,,,,,,1,1,1,1,6.0
201600005710,0016-10-01 15:30:00,16,10,1,15,30,630,68,,,,Plein jour,Hors agglomération,Hors intersection,Normale,Sans collision,,,,,,,,,,,1,1,1,1,7.0
201600005711,0016-11-25 09:15:00,16,11,25,9,15,630,12,Rue fontaine de jade -,46.012,3.169,Plein jour,En agglomération,Hors intersection,Normale,Deux véhicules - frontale,,,,,,,,,,,1,2,1,1,1.0
201600005712,0016-10-15 18:15:00,16,10,15,18,15,630,295,place des sports,46.0187,3.3551,Crépuscule ou aube,En agglomération,Hors intersection,Normale,Deux véhicules - côté,,,,,,,,,,,2,2,1,1,3.0
201600005713,0016-10-31 02:00:00,16,10,31,2,0,630,115,,45.864,2.647,Nuit sans éclairage public,Hors agglomération,Hors intersection,Temps couvert,Deux véhicules - côté,,,,,,,,,,,3,1,1,8,3.0
201600005714,0016-11-15 11:00:00,16,11,15,11,0,630,228,,45.912,2.71,Plein jour,Hors agglomération,Hors intersection,Normale,Deux véhicules - frontale,,,,,,,,,,,1,1,1,1,1.0
201600005715,0016-02-28 09:30:00,16,2,28,9,30,630,286,,,,Plein jour,Hors agglomération,Hors intersection,Normale,Autre collision,,,,,,,,,,,1,1,1,1,6.0
201600005716,0016-03-16 08:00:00,16,3,16,8,0,630,390,,46.1084,3.0799,Plein jour,Hors agglomération,Intersection en T,Temps couvert,Deux véhicules - côté,,,,,,,,,,,1,1,3,8,3.0
201600005717,0016-03-18 16:45:00,16,3,18,16,45,630,471,,,,Plein jour,Hors agglomération,Hors intersection,Normale,Deux véhicules - côté,,,,,,,,,,,1,1,1,1,3.0
201600005718,0016-05-21 14:30:00,16,5,21,14,30,630,373,,,,Plein jour,Hors agglomération,Hors intersection,Normale,Deux véhicules - frontale,,,,,,,,,,,1,1,1,1,1.0
201600005719,0016-07-08 17:15:00,16,7,8,17,15,630,187,,,,Plein jour,Hors agglomération,Hors intersection,Normale,Sans collision,,,,,,,,,,,1,1,1,1,7.0
201600005720,0016-09-05 12:45:00,16,9,5,12,45,630,377,,,,Plein jour,Hors agglomération,Hors intersection,Normale,Sans collision,,,,,,,,,,,1,1,1,1,7.0
201600005721,0016-09-17 13:00:00,16,9,17,13,0,630,338,,,,Plein jour,Hors agglomération,Hors intersection,Pluie légère,Trois véhicules et plus - collisions multiples,,,,,,,,,,,1,1,1,2,5.0
201600005722,0016-10-17 14:45:00,16,10,17,14,45,630,281,,,,Plein jour,Hors agglomération,Hors intersection,Pluie légère,Deux véhicules - frontale,,,,,,,,,,,1,1,1,2,1.0
201600005723,0016-03-13 12:15:00,16,3,13,12,15,630,470,,45.852,3.046,Plein jour,Hors agglomération,Hors intersection,Normale,Autre collision,,,,,,,,,,,1,1,1,1,6.0
201600005724,0016-06-09 23:30:00,16,6,9,23,30,630,92,,45.913,2.96,Nuit sans éclairage public,Hors agglomération,Hors intersection,Normale,Sans collision,,,,,,,,,,,3,1,1,1,7.0
201600005725,0016-08-21 15:30:00,16,8,21,15,30,630,470,,45.86,3.019,Plein jour,Hors agglomération,Hors intersection,Normale,Autre collision,,,,,,,,,,,1,1,1,1,6.0
201600005726,0016-01-04 16:45:00,16,1,4,16,45,630,276,route de courpieres,45.8298,3.501,Plein jour,En agglomération,Hors intersection,Normale,Autre collision,,,,,,,,,,,1,2,1,1,6.0
201600005727,0016-01-24 16:00:00,16,1,24,16,0,630,430,11 rue A. Saint Exupéry,45.85669,3.543,Plein jour,En agglomération,Hors intersection,Normale,Autre collision,,,,,,,,,,,1,2,1,1,6.0
201600005728,0016-05-02 13:30:00,16,5,2,13,30,630,276,,,,Plein jour,Hors agglomération,Hors intersection,Normale,Deux véhicules - frontale,,,,,,,,,,,1,1,1,1,1.0
201600005729,0016-06-27 18:15:00,16,6,27,18,15,630,430,avenue pierre guerrin,45.8575,3.5508,Plein jour,En agglomération,Hors intersection,Temps éblouissant,Deux véhicules - côté,,,,,,,,,,,1,2,1,7,3.0