accident_id,datetime,annee,mois,jour,heure,minute,departement,commune_insee,adresse,latitude,longitude,luminosite,agglomeration,intersection,meteo,collision,nb_vehicules,nb_usagers,nb_indemnes,nb_tues,nb_blesses_hosp,nb_blesses_legers,age_cond_1,age_cond_2,veh_type_cond_1,veh_type_cond_2,lum_code,agg_code,int_code,atm_code,col_code
201600005730,0016-07-25 07:45:00,16,7,25,7,45,630,430,AVENUE DES ETATS UNIS,45.85778,3.54178,Plein jour,En agglomération,Hors intersection,Normale,Deux véhicules - frontale,,,,,,,,,,,1,2,1,1,1.0
201600005731,0016-07-31 18:30:00,16,7,31,18,30,630,430,,,,Plein jour,Hors agglomération,Hors intersection,Normale,Deux véhicules - frontale,,,,,,,,,,,1,1,1,1,1.0
201600005732,0016-08-20 18:00:00,16,8,20,18,0,630,430,,45.8673,3.4962,Plein jour,Hors agglomération,Hors intersection,Temps éblouissant,Deux véhicules - frontale,,,,,,,,,,,1,1,1,7,1.0
201600005733,0016-10-05 21:45:00,16,10,5,21,45,630,8,lieu dit la meule,,,Nuit avec éclairage allumé,En agglomération,Hors intersection,Normale,Sans collision,,,,,,,,,,,5,2,1,1,7.0
201600005734,0016-10-14 12:30:00,16,10,14,12,30,630,430,RUE SCHROBENHAUSEN,45.8514,3.5411,Plein jour,En agglomération,Hors intersection,Pluie légère,Autre collision,,,,,,,,,,,1,2,1,2,6.0
201600005735,0016-10-21 23:45:00,16,10,21,23,45,630,393,étang des prades/restau,45.8946,3.598,Nuit avec éclairage allumé,Hors agglomération,Hors intersection,Brouillard / fumée,Autre collision,,,,,,,,,,,5,1,1,5,6.0
201600005736,0016-10-22 20:15:00,16,10,22,20,15,630,151,,,,Nuit sans éclairage public,Hors agglomération,Hors intersection,Normale,Autre collision,,,,,,,,,,,3,1,1,1,6.0
201600005737,0016-12-24 00:30:00,16,12,24,0,30,630,138,,,,Nuit sans éclairage public,Hors agglomération,Hors intersection,Normale,Autre collision,,,,,,,,,,,3,1,1,1,6.0
201600005738,0016-01-11 16:15:00,16,1,11,16,15,630,195,4 route de Culhat,45.83,3.37699,Plein jour,En agglomération,Hors intersection,Pluie forte,Deux véhicules - côté,,,,,,,,,,,1,2,1,3,3.0
201600005739,0016-05-16 16:00:00,16,5,16,16,0,630,16,,,,Plein jour,Hors agglomération,Hors intersection,Normale,Deux véhicules - arrière,,,,,,,,,,,1,1,1,1,2.0
201600005740,0016-09-07 18:15:00,16,9,7,18,15,630,195,rue Henri Pourrat,45.8341,3.3891,Plein jour,En agglomération,Intersection en X,Normale,Deux véhicules - frontale,,,,,,,,,,,1,2,2,1,1.0
201600005741,0016-10-14 17:00:00,16,10,14,17,0,630,195,,,,Plein jour,Hors agglomération,Hors intersection,Pluie légère,Deux véhicules - frontale,,,,,,,,,,,1,1,1,2,1.0
201600005742,0016-10-29 09:15:00,16,10,29,9,15,630,16,,45.75,3.628,Plein jour,Hors agglomération,Hors intersection,Brouillard / fumée,Autre collision,,,,,,,,,,,1,1,1,5,6.0
201600005743,0016-11-10 11:30:00,16,11,10,11,30,630,125,32 Avenue de Thiers,45.7567,3.5386,Plein jour,En agglomération,Hors intersection,Normale,Autre collision,,,,,,,,,,,1,2,1,1,6.0
201600005744,0016-11-14 16:30:00,16,11,14,16,30,630,125,Avenue Pourrat,45.7638,3.54,Plein jour,En agglomération,Hors intersection,Normale,Autre collision,,,,,,,,,,,1,2,1,1,6.0
201600005745,0016-12-12 13:45:00,16,12,12,13,45,630,195,rue jacques salez,45.8277,3.3838,Plein jour,En agglomération,Intersection en X,Normale,Deux véhicules - côté,,,,,,,,,,,1,2,2,1,3.0
201600005746,0016-05-01 11:00:00,16,5,1,11,0,630,291,"Les petits-bardins, d906",45.988,3.485,Plein jour,En agglomération,Hors intersection,Normale,Deux véhicules - frontale,,,,,,,,,,,1,2,1,1,1.0
201600005747,0016-06-16 17:15:00,16,6,16,17,15,630,291,,45.943,3.487,Plein jour,Hors agglomération,Giratoire,Normale,Deux véhicules - arrière,,,,,,,,,,,1,1,6,1,2.0
201600005748,0016-06-19 19:00:00,16,6,19,19,0,630,128,,45.909,3.399,Plein jour,Hors agglomération,Hors intersection,Normale,Autre collision,,,,,,,,,,,1,1,1,1,6.0
201600005749,0016-06-25 15:30:00,16,6,25,15,30,630,102,,45.991,3.558,Plein jour,Hors agglomération,Hors intersection,Normale,Autre collision,,,,,,,,,,,1,1,1,1,6.0
201600005750,0016-06-26 19:45:00,16,6,26,19,45,630,291,,45.987,3.508,Plein jour,Hors agglomération,Hors intersection,Normale,Sans collision,,,,,,,,,,,1,1,1,1,7.0
201600005751,0016-08-30 15:30:00,16,8,30,15,30,630,271,,,,Plein jour,Hors agglomération,Hors intersection,Normale,Autre collision,,,,,,,,,,,1,1,1,1,6.0
201600005752,0016-10-09 20:30:00,16,10,9,20,30,630,271,,,,Nuit sans éclairage public,Hors agglomération,Hors intersection,Normale,Deux véhicules - côté,,,,,,,,,,,3,1,1,1,3.0
201600005753,0016-10-20 08:45:00,16,10,20,8,45,630,128,,45.92,3.375,Plein jour,Hors agglomération,Hors intersection,Normale,Deux véhicules - frontale,,,,,,,,,,,1,1,1,1,1.0
201600005754,0016-11-25 14:45:00,16,11,25,14,45,630,271,,,,Plein jour,Hors agglomération,Hors intersection,Normale,Autre collision,,,,,,,,,,,1,1,1,1,6.0
201600005755,0016-01-15 15:30:00,16,1,15,15,30,30,40,,,,Plein jour,Hors agglomération,Hors intersection,Pluie légère,Deux véhicules - arrière,,,,,,,,,,,1,1,1,2,2.0
201600005756,0016-05-25 09:15:00,16,5,25,9,15,30,316,rn7,,,Plein jour,En agglomération,Hors intersection,Normale,Trois véhicules et plus - collisions multiples,,,,,,,,,,,1,2,1,1,5.0
201600005757,0016-06-29 15:30:00,16,6,29,15,30,30,121,,,,Plein jour,Hors agglomération,Hors intersection,Normale,Autre collision,,,,,,,,,,,1,1,1,1,6.0
201600005758,0016-07-09 07:30:00,16,7,9,7,30,30,316,,,,Plein jour,Hors agglomération,Hors intersection,Normale,Trois véhicules et plus - en chaîne,,,,,,,,,,,1,1,1,1,4.0
201600005759,0016-09-04 05:15:00,16,9,4,5,15,30,316,,,,Nuit sans éclairage public,Hors agglomération,Hors intersection,Normale,Autre collision,,,,,,,,,,,3,1,1,1,6.0
201600005760,0016-10-07 14:30:00,16,10,7,14,30,30,316,,,,Plein jour,Hors agglomération,Hors intersection,Normale,Trois véhicules et plus - collisions multiples,,,,,,,,,,,1,1,1,1,5.0
201600005761,0016-11-04 16:00:00,16,11,4,16,0,30,85,,,,Plein jour,Hors agglomération,Hors intersection,Normale,Deux véhicules - frontale,,,,,,,,,,,1,1,1,1,1.0
201600005762,0016-11-13 07:00:00,16,11,13,7,0,30,316,,,,Crépuscule ou aube,Hors agglomération,Hors intersection,Pluie légère,Sans collision,,,,,,,,,,,2,1,1,2,7.0
201600005763,0016-11-28 10:30:00,16,11,28,10,30,30,9,,46.669,3.136,Plein jour,Hors agglomération,Hors intersection,Normale,Autre collision,,,,,,,,,,,1,1,1,1,6.0
201600005764,0016-05-13 18:00:00,16,5,13,18,0,30,46,,46.458,2.917,Plein jour,Hors agglomération,Hors intersection,Normale,Sans collision,,,,,,,,,,,1,1,1,1,7.0
201600005765,0016-06-09 08:00:00,16,6,9,8,0,30,117,,,,Plein jour,Hors agglomération,Hors intersection,Normale,Deux véhicules - frontale,,,,,,,,,,,1,1,1,1,1.0
201600005766,0016-06-20 18:15:00,16,6,20,18,15,30,36,rue de la paroisse,46.588,3.058,Plein jour,En agglomération,Hors intersection,Normale,Autre collision,,,,,,,,,,,1,2,1,1,6.0
201600005767,0016-11-27 11:30:00,16,11,27,11,30,30,241,,46.688,3.116,Plein jour,Hors agglomération,Hors intersection,Normale,Deux véhicules - frontale,,,,,,,,,,,1,1,1,1,1.0
201600005768,0016-01-11 15:30:00,16,1,11,15,30,30,102,,,,Plein jour,Hors agglomération,Hors intersection,Pluie légère,Deux véhicules - côté,,,,,,,,,,,1,1,1,2,3.0
201600005769,0016-03-23 18:15:00,16,3,23,18,15,30,300,,,,Plein jour,Hors agglomération,Hors intersection,Normale,Autre collision,,,,,,,,,,,1,1,1,1,6.0
201600005770,0016-06-17 09:30:00,16,6,17,9,30,30,102,31 rue Nationale,,,Plein jour,En agglomération,Hors intersection,Normale,Autre collision,,,,,,,,,,,1,2,1,1,6.0
201600005771,0016-08-24 09:15:00,16,8,24,9,15,30,173,,,,Plein jour,Hors agglomération,Hors intersection,Temps éblouissant,Sans collision,,,,,,,,,,,1,1,1,7,7.0
201600005772,0016-08-30 15:30:00,16,8,30,15,30,30,265,,,,Plein jour,Hors agglomération,Hors intersection,Normale,Deux véhicules - côté,,,,,,,,,,,1,1,1,1,3.0
201600005773,0016-03-10 08:45:00,16,3,10,8,45,30,155,N°67 bd Gambetta,,,Plein jour,En agglomération,Hors intersection,Normale,Deux véhicules - frontale,,,,,,,,,,,1,2,1,1,1.0
201600005774,0016-01-06 15:30:00,16,1,6,15,30,30,74,,,,Plein jour,Hors agglomération,Hors intersection,Normale,Deux véhicules - arrière,,,,,,,,,,,1,1,1,1,2.0
201600005775,0016-03-19 17:15:00,16,3,19,17,15,30,76,,,,Plein jour,Hors agglomération,Hors intersection,Normale,Sans collision,,,,,,,,,,,1,1,1,1,7.0
201600005776,0016-05-31 13:30:00,16,5,31,13,30,30,180,,,,Plein jour,Hors agglomération,Intersection en X,Pluie forte,Deux véhicules - côté,,,,,,,,,,,1,1,2,3,3.0
201600005777,0016-06-29 07:45:00,16,6,29,7,45,30,120,,,,Plein jour,Hors agglomération,Hors intersection,Normale,Autre collision,,,,,,,,,,,1,1,1,1,6.0
201600005778,0016-07-25 15:15:00,16,7,25,15,15,30,19,,,,Plein jour,Hors agglomération,Intersection en X,Normale,Deux véhicules - côté,,,,,,,,,,,1,1,2,1,3.0
201600005779,0016-08-19 14:00:00,16,8,19,14,0,30,197,,,,Plein jour,Hors agglomération,Hors intersection,Temps éblouissant,Trois véhicules et plus - collisions multiples,,,,,,,,,,,1,1,1,7,5.0
201600005780,0016-09-12 16:45:00,16,9,12,16,45,30,74,12 route nationale,,,Plein jour,En agglomération,Hors intersection,Temps éblouissant,Autre collision,,,,,,,,,,,1,2,1,7,6.0
201600005781,0016-09-26 16:45:00,16,9,26,16,45,30,74,,,,Plein jour,Hors agglomération,Hors intersection,Normale,Trois véhicules et plus - collisions multiples,,,,,,,,,,,1,1,1,1,5.0
201600005782,0016-10-05 14:15:00,16,10,5,14,15,30,74,route nationale,,,Plein jour,En agglomération,Hors intersection,Normale,Autre collision,,,,,,,,,,,1,2,1,1,6.0
201600005783,0016-02-21 17:45:00,16,2,21,17,45,30,176,,,,Plein jour,Hors agglomération,Intersection en X,Temps éblouissant,Deux véhicules - côté,,,,,,,,,,,1,1,2,7,3.0
201600005784,0016-02-25 10:15:00,16,2,25,10,15,30,83,,,,Plein jour,Hors agglomération,Hors intersection,Pluie légère,Deux véhicules - côté,,,,,,,,,,,1,1,1,2,3.0
201600005785,0016-03-12 11:15:00,16,3,12,11,15,30,267,Départementale 1,,,Plein jour,En agglomération,Hors intersection,Normale,Deux véhicules - côté,,,,,,,,,,,1,2,1,1,3.0
201600005786,0016-04-01 12:15:00,16,4,1,12,15,30,83,,,,Plein jour,Hors agglomération,Hors intersection,Pluie légère,Deux véhicules - frontale,,,,,,,,,,,1,1,1,2,1.0
201600005787,0016-04-28 20:15:00,16,4,28,20,15,30,254,,,,Crépuscule ou aube,Hors agglomération,Hors intersection,Normale,Autre collision,,,,,,,,,,,2,1,1,1,6.0
201600005788,0016-06-05 18:45:00,16,6,5,18,45,30,227,,,,Plein jour,Hors agglomération,Hors intersection,Normale,Autre collision,,,,,,,,,,,1,1,1,1,6.0
201600005789,0016-09-25 09:15:00,16,9,25,9,15,30,267,,46.333,3.286,Plein jour,Hors agglomération,Hors intersection,Normale,Deux véhicules - côté,,,,,,,,,,,1,1,1,1,3.0
201600005790,0016-10-02 05:15:00,16,10,2,5,15,30,227,,,,Nuit sans éclairage public,Hors agglomération,Hors intersection,Normale,Autre collision,,,,,,,,,,,3,1,1,1,6.0
201600005791,0016-11-16 15:45:00,16,11,16,15,45,30,62,,,,Plein jour,Hors agglomération,Hors intersection,Temps couvert,Autre collision,,,,,,,,,,,1,1,1,8,6.0
201600005792,0016-02-17 00:01:00,16,2,17,0,1,30,26,,,,Nuit sans éclairage public,Hors agglomération,Hors intersection,Normale,Autre collision,,,,,,,,,,,3,1,1,1,6.0
201600005793,0016-06-10 09:45:00,16,6,10,9,45,30,73,,,,Plein jour,Hors agglomération,Hors intersection,Normale,Deux véhicules - côté,,,,,,,,,,,1,1,1,1,3.0
201600005794,0016-07-29 20:30:00,16,7,29,20,30,30,69,,,,Plein jour,Hors agglomération,Hors intersection,Normale,Deux véhicules - frontale,,,,,,,,,,,1,1,1,1,1.0
201600005795,0016-09-17 22:30:00,16,9,17,22,30,30,69,,46.467,3.125,Nuit sans éclairage public,Hors agglomération,Hors intersection,Pluie légère,Sans collision,,,,,,,,,,,3,1,1,2,7.0
201600005796,0016-09-25 05:15:00,16,9,25,5,15,30,99,,46.369,3.021,Nuit sans éclairage public,Hors agglomération,Hors intersection,Normale,Deux véhicules - frontale,,,,,,,,,,,3,1,1,1,1.0
201600005797,0016-10-04 23:45:00,16,10,4,23,45,30,162,,,,Nuit sans éclairage public,Hors agglomération,Hors intersection,Normale,Autre collision,,,,,,,,,,,3,1,1,1,6.0
201600005798,0016-10-12 18:30:00,16,10,12,18,30,30,99,,,,Plein jour,Hors agglomération,Autre intersection,Normale,Sans collision,,,,,,,,,,,1,1,9,1,7.0
201600005799,0016-11-01 02:00:00,16,11,1,2,0,30,247,,,,Nuit sans éclairage public,Hors agglomération,Hors intersection,Brouillard / fumée,Autre collision,,,,,,,,,,,3,1,1,5,6.0
201600005800,0016-12-16 13:45:00,16,12,16,13,45,30,287,,46.408,3.167,Plein jour,Hors agglomération,Hors intersection,Normale,Deux véhicules - côté,,,,,,,,,,,1,1,1,1,3.0
201600005801,0016-12-22 23:45:00,16,12,22,23,45,30,92,,46.473,3.167,Nuit sans éclairage public,Hors agglomération,Hors intersection,Brouillard / fumée,Autre collision,,,,,,,,,,,3,1,1,5,6.0
201600005802,0016-02-10 20:00:00,16,2,10,20,0,30,212,,,,Nuit sans éclairage public,Hors agglomération,Hors intersection,Pluie légère,Deux véhicules - frontale,,,,,,,,,,,3,1,1,2,1.0
201600005803,0016-04-28 04:00:00,16,4,28,4,0,30,317,,,,Nuit sans éclairage public,Hors agglomération,Hors intersection,Normale,Sans collision,,,,,,,,,,,3,1,1,1,7.0
201600005804,0016-05-06 16:30:00,16,5,6,16,30,30,279,,46.26,2.554,Plein jour,Hors agglomération,Hors intersection,Normale,Sans collision,,,,,,,,,,,1,1,1,1,7.0
201600005805,0016-07-05 23:15:00,16,7,5,23,15,30,217,,,,Nuit sans éclairage public,Hors agglomération,Hors intersection,Normale,Autre collision,,,,,,,,,,,3,1,1,1,6.0
201600005806,0016-09-10 22:30:00,16,9,10,22,30,30,185,,,,Nuit sans éclairage public,Hors agglomération,Hors intersection,Normale,Deux véhicules - frontale,,,,,,,,,,,3,1,1,1,1.0
201600005807,0016-09-26 15:15:00,16,9,26,15,15,30,212,,,,Plein jour,Hors agglomération,Hors intersection,Normale,Autre collision,,,,,,,,,,,1,1,1,1,6.0
201600005808,0016-10-22 10:15:00,16,10,22,10,15,30,195,Place des Thermes,,,Plein jour,En agglomération,Hors intersection,Normale,Autre collision,,,,,,,,,,,1,2,1,1,6.0
201600005809,0016-02-13 19:30:00,16,2,13,19,30,30,150,,,,Nuit sans éclairage public,Hors agglomération,Intersection à plus de 4 branches,Pluie légère,Deux véhicules - côté,,,,,,,,,,,3,1,5,2,3.0
201600005810,0016-04-06 14:00:00,16,4,6,14,0,30,297,RUE JEAN PETRAIN,,,Plein jour,En agglomération,Hors intersection,Normale,Deux véhicules - frontale,,,,,,,,,,,1,2,1,1,1.0
201600005811,0016-12-07 18:00:00,16,12,7,18,0,30,84,,,,Nuit avec éclairage allumé,En agglomération,Hors intersection,Normale,Deux véhicules - côté,,,,,,,,,,,5,2,1,1,3.0
201600005812,0016-06-11 17:45:00,16,6,11,17,45,30,82,rue du docteur Paul Fabr,,,Plein jour,En agglomération,Hors intersection,Normale,Autre collision,,,,,,,,,,,1,2,1,1,6.0
201600005813,0016-08-15 19:30:00,16,8,15,19,30,30,159,RD37,,,Plein jour,En agglomération,Giratoire,Normale,Autre collision,,,,,,,,,,,1,2,6,1,6.0
201600005814,0016-08-27 11:45:00,16,8,27,11,45,30,7,le bourg,,,Plein jour,En agglomération,Hors intersection,Normale,Autre collision,,,,,,,,,,,1,2,1,1,6.0
201600005815,0016-08-30 15:00:00,16,8,30,15,0,30,7,,,,Plein jour,Hors agglomération,Hors intersection,Temps éblouissant,Deux véhicules - frontale,,,,,,,,,,,1,1,1,7,1.0
201600005816,0016-09-08 13:30:00,16,9,8,13,30,30,129,,46.474,2.382,Plein jour,Hors agglomération,Hors intersection,Normale,Autre collision,,,,,,,,,,,1,1,1,1,6.0
201600005817,0016-06-30 16:30:00,16,6,30,16,30,30,107,,,,Plein jour,Hors agglomération,Hors intersection,Normale,Autre collision,,,,,,,,,,,1,1,1,1,6.0
201600005818,0016-04-23 17:00:00,16,4,23,17,0,30,315,Avenue  félix  mioche,,,Plein jour,En agglomération,Intersection en X,Pluie légère,Deux véhicules - côté,,,,,,,,,,,1,2,2,2,3.0
201600005819,0016-07-19 05:00:00,16,7,19,5,0,30,186,,,,Nuit sans éclairage public,Hors agglomération,Hors intersection,Normale,Deux véhicules - arrière,,,,,,,,,,,3,1,1,1,2.0
201600005820,0016-06-09 17:15:00,16,6,9,17,15,30,306,Rue de quinssat,,,Plein jour,En agglomération,Intersection en X,Normale,Deux véhicules - côté,,,,,,,,,,,1,2,2,1,3.0
201600005821,0016-09-16 07:30:00,16,9,16,7,30,30,110,,,,Crépuscule ou aube,Hors agglomération,Hors intersection,Normale,Autre collision,,,,,,,,,,,2,1,1,1,6.0
201600005822,0016-11-09 10:30:00,16,11,9,10,30,30,157,,,,Plein jour,Hors agglomération,Intersection en T,Pluie légère,Deux véhicules - côté,,,,,,,,,,,1,1,3,2,3.0
201600005823,0016-11-13 18:15:00,16,11,13,18,15,30,236,,,,Nuit sans éclairage public,Hors agglomération,Hors intersection,Pluie légère,Deux véhicules - frontale,,,,,,,,,,,3,1,1,2,1.0
201600005824,0016-12-06 08:30:00,16,12,6,8,30,30,45,Route de la chaux,,,Plein jour,En agglomération,Hors intersection,Autre,Deux véhicules - côté,,,,,,,,,,,1,2,1,9,3.0
201600005825,0016-03-31 09:15:00,16,3,31,9,15,30,118,,,,Plein jour,Hors agglomération,Hors intersection,Normale,Autre collision,,,,,,,,,,,1,1,1,1,6.0
201600005826,0016-04-13 14:15:00,16,4,13,14,15,30,133,,,,Plein jour,Hors agglomération,Hors intersection,Normale,Sans collision,,,,,,,,,,,1,1,1,1,7.0
201600005827,0016-06-02 18:00:00,16,6,2,18,0,30,118,rue andre CAVARD,,,Plein jour,En agglomération,Hors intersection,Pluie légère,Deux véhicules - arrière,,,,,,,,,,,1,2,1,2,2.0
201600005828,0016-06-04 00:45:00,16,6,4,0,45,30,89,,,,Nuit sans éclairage public,Hors agglomération,Hors intersection,Temps couvert,Autre collision,,,,,,,,,,,3,1,1,8,6.0
201600005829,0016-06-29 17:30:00,16,6,29,17,30,30,118,,,,Plein jour,Hors agglomération,Hors intersection,Normale,Sans collision,,,,,,,,,,,1,1,1,1,7.0
201600005830,0016-07-11 10:00:00,16,7,11,10,0,30,107,,,,Plein jour,Hors agglomération,Hors intersection,Autre,Autre collision,,,,,,,,,,,1,1,1,9,6.0
201600005831,0016-08-07 21:30:00,16,8,7,21,30,30,166,,,,Nuit sans éclairage public,Hors agglomération,Hors intersection,Normale,Sans collision,,,,,,,,,,,3,1,1,1,7.0
201600005832,0016-08-23 22:45:00,16,8,23,22,45,30,107,,,,Nuit sans éclairage public,Hors agglomération,Hors intersection,Normale,Deux véhicules - frontale,,,,,,,,,,,3,1,1,1,1.0
201600005833,0016-10-01 14:30:00,16,10,1,14,30,30,268,,,,Plein jour,Hors agglomération,Hors intersection,Normale,Deux véhicules - frontale,,,,,,,,,,,1,1,1,1,1.0
201600005834,0016-11-16 13:00:00,16,11,16,13,0,30,43,,,,Plein jour,Hors agglomération,Hors intersection,Normale,Deux véhicules - frontale,,,,,,,,,,,1,1,1,1,1.0
201600005835,0016-11-17 12:15:00,16,11,17,12,15,30,220,,,,Plein jour,Hors agglomération,Hors intersection,Normale,Deux véhicules - frontale,,,,,,,,,,,1,1,1,1,1.0
201600005836,0016-11-28 19:45:00,16,11,28,19,45,30,182,,,,Nuit avec éclairage allumé,Hors agglomération,Hors intersection,Normale,Deux véhicules - côté,,,,,,,,,,,5,1,1,1,3.0
201600005837,0016-12-16 05:30:00,16,12,16,5,30,30,133,,,,Nuit sans éclairage public,Hors agglomération,Hors intersection,Normale,Deux véhicules - frontale,,,,,,,,,,,3,1,1,1,1.0
201600005838,0016-12-16 18:45:00,16,12,16,18,45,30,118,impasse Jean Moulin,,,Nuit avec éclairage allumé,En agglomération,Hors intersection,Normale,Autre collision,,,,,,,,,,,5,2,1,1,6.0
201600005839,0016-08-22 11:15:00,16,8,22,11,15,30,274,,,,Plein jour,Hors agglomération,Hors intersection,Normale,Sans collision,,,,,,,,,,,1,1,1,1,7.0
201600005840,0016-01-15 18:15:00,16,1,15,18,15,30,226,,,,Nuit sans éclairage public,Hors agglomération,Hors intersection,Normale,Deux véhicules - frontale,,,,,,,,,,,3,1,1,1,1.0
201600005841,0016-02-16 12:00:00,16,2,16,12,0,30,105,,,,Plein jour,Hors agglomération,Hors intersection,Normale,Autre collision,,,,,,,,,,,1,1,1,1,6.0
201600005842,0016-04-28 14:30:00,16,4,28,14,30,30,105,,,,Plein jour,Hors agglomération,Hors intersection,Normale,Deux véhicules - frontale,,,,,,,,,,,1,1,1,1,1.0
201600005843,0016-08-08 18:15:00,16,8,8,18,15,30,257,,,,Plein jour,Hors agglomération,Hors intersection,Normale,Sans collision,,,,,,,,,,,1,1,1,1,7.0
201600005844,0016-10-10 09:15:00,16,10,10,9,15,30,284,la vauvre,,,Plein jour,En agglomération,Hors intersection,Normale,Autre collision,,,,,,,,,,,1,2,1,1,6.0
201600005845,0016-10-31 20:30:00,16,10,31,20,30,30,257,,,,Nuit sans éclairage public,Hors agglomération,Hors intersection,Brouillard / fumée,Autre collision,,,,,,,,,,,3,1,1,5,6.0
201600005846,0016-11-06 17:00:00,16,11,6,17,0,30,138,chez diot,,,Nuit sans éclairage public,En agglomération,Hors intersection,Normale,Autre collision,,,,,,,,,,,3,2,1,1,6.0
201600005847,0016-11-20 16:30:00,16,11,20,16,30,30,250,,,,Plein jour,Hors agglomération,Hors intersection,Normale,Sans collision,,,,,,,,,,,1,1,1,1,7.0
201600005848,0016-11-28 18:00:00,16,11,28,18,0,30,284,,,,Nuit sans éclairage public,Hors agglomération,Hors intersection,Normale,Deux véhicules - arrière,,,,,,,,,,,3,1,1,1,2.0
201600005849,0016-12-01 08:15:00,16,12,1,8,15,30,181,,,,Plein jour,Hors agglomération,Hors intersection,Brouillard / fumée,Sans collision,,,,,,,,,,,1,1,1,5,7.0
201600005850,0016-07-04 10:15:00,16,7,4,10,15,30,131,,46.163,3.645,Plein jour,Hors agglomération,Intersection en X,Normale,Deux véhicules - côté,,,,,,,,,,,1,1,2,1,3.0
201600005851,0016-02-09 07:00:00,16,2,9,7,0,30,215,,,,Plein jour,Hors agglomération,Intersection en X,Autre,Deux véhicules - côté,,,,,,,,,,,1,1,2,9,3.0
201600005852,0016-08-28 18:30:00,16,8,28,18,30,30,298,"74, Avenue de Chazeuil",46.325,3.394,Plein jour,En agglomération,Hors intersection,Normale,Deux véhicules - arrière,,,,,,,,,,,1,2,1,1,2.0
201600005853,0016-12-11 06:45:00,16,12,11,6,45,30,91,,46.254,3.431,Nuit sans éclairage public,Hors agglomération,Hors intersection,Autre,Autre collision,,,,,,,,,,,3,1,1,9,6.0
201600005854,0016-12-27 08:15:00,16,12,27,8,15,30,187,,46.327,3.433,Crépuscule ou aube,Hors agglomération,Hors intersection,Brouillard / fumée,Autre collision,,,,,,,,,,,2,1,1,5,6.0
201600005855,0016-03-05 09:00:00,16,3,5,9,0,150,76,,44.924,2.158,Plein jour,Hors agglomération,Hors intersection,Neige / grêle,Autre collision,,,,,,,,,,,1,1,1,4,6.0
201600005856,0016-04-23 05:00:00,16,4,23,5,0,150,267,,44.937,2.338,Nuit sans éclairage public,Hors agglomération,Hors intersection,Pluie forte,Autre collision,,,,,,,,,,,3,1,1,3,6.0
201600005857,0016-09-15 14:45:00,16,9,15,14,45,150,221,,44.89,2.351,Plein jour,Hors agglomération,Hors intersection,Normale,Deux véhicules - frontale,,,,,,,,,,,1,1,1,1,1.0
201600005858,0016-09-18 15:15:00,16,9,18,15,15,150,221,,44.887,2.336,Plein jour,Hors agglomération,Hors intersection,Pluie légère,Deux véhicules - frontale,,,,,,,,,,,1,1,1,2,1.0
201600005859,0016-10-17 16:15:00,16,10,17,16,15,150,211,,45.012,2.259,Plein jour,Hors agglomération,Hors intersection,Normale,Autre collision,,,,,,,,,,,1,1,1,1,6.0
201600005860,0016-11-26 13:00:00,16,11,26,13,0,150,14,,44.939,2.42,Plein jour,Hors agglomération,Hors intersection,Normale,Deux véhicules - frontale,,,,,,,,,,,1,1,1,1,1.0
201600005861,0016-02-27 21:00:00,16,2,27,21,0,150,122,,44.688,2.185,Nuit sans éclairage public,Hors agglomération,Hors intersection,Pluie légère,Autre collision,,,,,,,,,,,3,1,1,2,6.0
201600005862,0016-04-01 15:00:00,16,4,1,15,0,150,122,place de l'europe,44.717,2.199,Plein jour,En agglomération,Hors intersection,Normale,Deux véhicules - frontale,,,,,,,,,,,1,2,1,1,1.0
201600005863,0016-04-20 16:30:00,16,4,20,16,30,150,184,,,,Plein jour,Hors agglomération,Hors intersection,Vent fort / tempête,Sans collision,,,,,,,,,,,1,1,1,6,7.0
201600005864,0016-05-02 04:00:00,16,5,2,4,0,150,122,,44.685,2.188,Nuit sans éclairage public,Hors agglomération,Hors intersection,Normale,Sans collision,,,,,,,,,,,3,1,1,1,7.0
201600005865,0016-05-05 18:45:00,16,5,5,18,45,150,212,,,,Plein jour,Hors agglomération,Hors intersection,Normale,Deux véhicules - côté,,,,,,,,,,,1,1,1,1,3.0
201600005866,0016-07-17 23:15:00,16,7,17,23,15,150,122,,,,Nuit avec éclairage allumé,Hors agglomération,Giratoire,Normale,Deux véhicules - frontale,,,,,,,,,,,5,1,6,1,1.0
201600005867,0016-12-06 14:30:00,16,12,6,14,30,150,196,,,,Plein jour,Hors agglomération,Hors intersection,Temps éblouissant,Deux véhicules - côté,,,,,,,,,,,1,1,1,7,3.0
201600005868,0016-12-12 10:45:00,16,12,12,10,45,150,30,,,,Plein jour,Hors agglomération,Hors intersection,Brouillard / fumée,Deux véhicules - côté,,,,,,,,,,,1,1,1,5,3.0
201600005869,0016-12-14 14:15:00,16,12,14,14,15,150,122,,,,Plein jour,Hors agglomération,Hors intersection,Temps couvert,Autre collision,,,,,,,,,,,1,1,1,8,6.0