accident_id,datetime,annee,mois,jour,heure,minute,departement,commune_insee,adresse,latitude,longitude,luminosite,agglomeration,intersection,meteo,collision,nb_vehicules,nb_usagers,nb_indemnes,nb_tues,nb_blesses_hosp,nb_blesses_legers,age_cond_1,age_cond_2,veh_type_cond_1,veh_type_cond_2,lum_code,agg_code,int_code,atm_code,col_code
201600006260,0016-05-04 23:45:00,16,5,4,23,45,540,533,27 rue marc raty,49.321,5.923,Nuit avec éclairage allumé,En agglomération,Hors intersection,Normale,Autre collision,,,,,,,,,,,5,2,1,1,6.0
201600006261,0016-05-29 02:45:00,16,5,29,2,45,540,56,,49.425,5.778,Nuit sans éclairage public,Hors agglomération,Hors intersection,Pluie légère,Autre collision,,,,,,,,,,,3,1,1,2,6.0
201600006262,0016-06-04 20:30:00,16,6,4,20,30,540,194,,49.413,5.826,Plein jour,Hors agglomération,Hors intersection,Normale,Autre collision,,,,,,,,,,,1,1,1,1,6.0
201600006263,0016-06-23 20:30:00,16,6,23,20,30,540,536,,49.297,5.897,Plein jour,Hors agglomération,Hors intersection,Normale,Sans collision,,,,,,,,,,,1,1,1,1,7.0
201600006264,0016-07-07 16:45:00,16,7,7,16,45,540,29,9 ROUTE DE SERROUVILLE,49.37,5.891,Plein jour,En agglomération,Hors intersection,Normale,Autre collision,,,,,,,,,,,1,2,1,1,6.0
201600006265,0016-07-13 22:00:00,16,7,13,22,0,540,533,,49.554,5.526,Nuit sans éclairage public,Hors agglomération,Hors intersection,Temps couvert,Autre collision,,,,,,,,,,,3,1,1,8,6.0
201600006266,0016-07-20 16:15:00,16,7,20,16,15,540,69,,49.401,5.922,Plein jour,Hors agglomération,Hors intersection,Normale,Deux véhicules - côté,,,,,,,,,,,1,1,1,1,3.0
201600006267,0016-07-25 19:00:00,16,7,25,19,0,540,282,32 grand rue,49.38882,5.79736,Plein jour,En agglomération,Hors intersection,Normale,Autre collision,,,,,,,,,,,1,2,1,1,6.0
201600006268,0016-08-16 02:15:00,16,8,16,2,15,540,69,,49.4003,5.92452,Nuit sans éclairage public,Hors agglomération,Autre intersection,Normale,Trois véhicules et plus - collisions multiples,,,,,,,,,,,3,1,9,1,5.0
201600006269,0016-10-05 23:30:00,16,10,5,23,30,540,436,,49.34891,5.77209,Nuit sans éclairage public,Hors agglomération,Hors intersection,Normale,Sans collision,,,,,,,,,,,3,1,1,1,7.0
201600006270,0016-10-14 17:45:00,16,10,14,17,45,540,536,RUE LORIS BATIGNANI,49.309,5.908,Plein jour,En agglomération,Hors intersection,Normale,Sans collision,,,,,,,,,,,1,2,1,1,7.0
201600006271,0016-02-18 05:30:00,16,2,18,5,30,540,269,,48.60042,6.38704,Nuit sans éclairage public,Hors agglomération,Hors intersection,Normale,Deux véhicules - arrière,,,,,,,,,,,3,1,1,1,2.0
201600006272,0016-06-18 22:30:00,16,6,18,22,30,540,83,CC de Bonviller à Einvil,48.38295,6.29421,Nuit sans éclairage public,Hors agglomération,Hors intersection,Normale,Autre collision,,,,,,,,,,,3,1,1,1,6.0
201600006273,0016-02-26 21:00:00,16,2,26,21,0,540,359,,48.518,6.407,Nuit sans éclairage public,Hors agglomération,Hors intersection,Normale,Deux véhicules - frontale,,,,,,,,,,,3,1,1,1,1.0
201600006274,0016-12-08 15:45:00,16,12,8,15,45,540,222,,48.483,6.517,Plein jour,Hors agglomération,Hors intersection,Normale,Sans collision,,,,,,,,,,,1,1,1,1,7.0
201600006275,0016-01-10 20:00:00,16,1,10,20,0,540,152,49 rue de la gare,48.567,6.393,Nuit avec éclairage allumé,En agglomération,Hors intersection,Pluie légère,Autre collision,,,,,,,,,,,5,2,1,2,6.0
201600006276,0016-01-24 05:00:00,16,1,24,5,0,540,183,,48.423,6.466,Nuit sans éclairage public,Hors agglomération,Hors intersection,Brouillard / fumée,Autre collision,,,,,,,,,,,3,1,1,5,6.0
201600006277,0016-04-27 11:45:00,16,4,27,11,45,540,449,Lieu-dit a La Guinguette,48.577,6.468,Plein jour,Hors agglomération,Hors intersection,Normale,Autre collision,,,,,,,,,,,1,1,1,1,6.0
201600006278,0016-05-15 03:45:00,16,5,15,3,45,540,359,,48.57,6.354,Nuit sans éclairage public,Hors agglomération,Hors intersection,Normale,Autre collision,,,,,,,,,,,3,1,1,1,6.0
201600006279,0016-08-10 18:00:00,16,8,10,18,0,540,40,rue de la renaissance,48.838,6.486,Plein jour,En agglomération,Hors intersection,Normale,Autre collision,,,,,,,,,,,1,2,1,1,6.0
201600006280,0016-12-10 15:00:00,16,12,10,15,0,540,40,,48.51788,6.90598,Plein jour,Hors agglomération,Hors intersection,Temps éblouissant,Deux véhicules - côté,,,,,,,,,,,1,1,1,7,3.0
201600006281,0016-08-04 20:45:00,16,8,4,20,45,540,377,,,,Crépuscule ou aube,Hors agglomération,Hors intersection,Pluie forte,Deux véhicules - frontale,,,,,,,,,,,2,1,1,3,1.0
201600006282,0016-09-06 07:45:00,16,9,6,7,45,540,377,5 route de Baccarat,48.51307,6.79913,Plein jour,Hors agglomération,Autre intersection,Normale,Deux véhicules - côté,,,,,,,,,,,1,1,9,1,3.0
201600006283,0016-09-30 20:30:00,16,9,30,20,30,540,217,,48.46469,6.7323,Nuit sans éclairage public,Hors agglomération,Hors intersection,Pluie légère,Autre collision,,,,,,,,,,,3,1,1,2,6.0
201600006284,0016-11-14 04:15:00,16,11,14,4,15,540,39,,,,Nuit sans éclairage public,Hors agglomération,Hors intersection,Autre,Autre collision,,,,,,,,,,,3,1,1,9,6.0
201600006285,0016-01-21 22:00:00,16,1,21,22,0,540,105,Lieu-dit Rut de la tonne,48.556,5.839,Nuit sans éclairage public,Hors agglomération,Hors intersection,Neige / grêle,Autre collision,,,,,,,,,,,3,1,1,4,6.0
201600006286,0016-01-28 08:45:00,16,1,28,8,45,540,380,,48.622,5.856,Plein jour,Hors agglomération,Hors intersection,Normale,Deux véhicules - frontale,,,,,,,,,,,1,1,1,1,1.0
201600006287,0016-03-20 11:45:00,16,3,20,11,45,540,102,,48.705,5.855,Plein jour,Hors agglomération,Hors intersection,Normale,Deux véhicules - frontale,,,,,,,,,,,1,1,1,1,1.0
201600006288,0016-04-10 14:15:00,16,4,10,14,15,540,426,,48.646,6.006,Plein jour,Hors agglomération,Hors intersection,Normale,Autre collision,,,,,,,,,,,1,1,1,1,6.0
201600006289,0016-05-27 23:30:00,16,5,27,23,30,540,189,71 rue l'abbé l'enfant,,,Nuit sans éclairage public,En agglomération,Hors intersection,Normale,Autre collision,,,,,,,,,,,3,2,1,1,6.0
201600006290,0016-08-05 11:30:00,16,8,5,11,30,540,162,,48.651,5.837,Plein jour,Hors agglomération,Hors intersection,Normale,Autre collision,,,,,,,,,,,1,1,1,1,6.0
201600006291,0016-09-10 15:15:00,16,9,10,15,15,540,146,,,,Plein jour,Hors agglomération,Hors intersection,Normale,Trois véhicules et plus - collisions multiples,,,,,,,,,,,1,1,1,1,5.0
201600006292,0016-10-19 10:15:00,16,10,19,10,15,540,548,,48.551,5.787,Crépuscule ou aube,Hors agglomération,Hors intersection,Pluie légère,Autre collision,,,,,,,,,,,2,1,1,2,6.0
201600006293,0016-12-05 13:45:00,16,12,5,13,45,540,232,,,,Plein jour,Hors agglomération,Hors intersection,Normale,Autre collision,,,,,,,,,,,1,1,1,1,6.0
201600006294,0016-12-22 19:15:00,16,12,22,19,15,540,327,,,,Nuit sans éclairage public,Hors agglomération,Hors intersection,Normale,Deux véhicules - frontale,,,,,,,,,,,3,1,1,1,1.0
201600006295,0016-01-12 10:15:00,16,1,12,10,15,540,208,,48.74545,5.94723,Plein jour,Hors agglomération,Intersection en X,Pluie légère,Deux véhicules - frontale,,,,,,,,,,,1,1,2,2,1.0
201600006296,0016-10-11 15:15:00,16,10,11,15,15,540,490,,48.77409,6.05395,Plein jour,Hors agglomération,Hors intersection,Normale,Deux véhicules - arrière,,,,,,,,,,,1,1,1,1,2.0
201600006297,0016-03-24 16:00:00,16,3,24,16,0,540,318,Route de Saizerais/av Lo,,5.47318,Plein jour,En agglomération,Hors intersection,Normale,Deux véhicules - arrière,,,,,,,,,,,1,2,1,1,2.0
201600006298,0016-03-29 19:15:00,16,3,29,19,15,540,557,,48.6926,6.05509,Crépuscule ou aube,Hors agglomération,Hors intersection,Normale,Deux véhicules - côté,,,,,,,,,,,2,1,1,1,3.0
201600006299,0016-05-12 08:15:00,16,5,12,8,15,540,463,,48.796,5.969,Plein jour,Hors agglomération,Hors intersection,Temps couvert,Deux véhicules - frontale,,,,,,,,,,,1,1,1,8,1.0
201600006300,0016-05-24 16:00:00,16,5,24,16,0,540,272,,48.75557,5.95499,Plein jour,Hors agglomération,Hors intersection,Normale,Deux véhicules - côté,,,,,,,,,,,1,1,1,1,3.0
201600006301,0016-12-18 18:30:00,16,12,18,18,30,540,7,,48.73462,5.99238,Nuit avec éclairage allumé,Hors agglomération,Hors intersection,Normale,Deux véhicules - frontale,,,,,,,,,,,5,1,1,1,1.0
201600006302,0016-12-30 21:00:00,16,12,30,21,0,540,318,50 Route de Pompey,,,Nuit avec éclairage allumé,En agglomération,Hors intersection,Normale,Autre collision,,,,,,,,,,,5,2,1,1,6.0
201600006303,0016-07-21 01:00:00,16,7,21,1,0,540,318,,48.745,6.068,Nuit avec éclairage allumé,En agglomération,Hors intersection,Temps couvert,Autre collision,,,,,,,,,,,5,2,1,8,6.0
201600006304,0016-08-25 17:00:00,16,8,25,17,0,540,346,,48.75,5.95,Plein jour,Hors agglomération,Hors intersection,Temps éblouissant,Deux véhicules - côté,,,,,,,,,,,1,1,1,7,3.0
201600006305,0016-03-15 06:15:00,16,3,15,6,15,550,369,,48.799,5.21943,Crépuscule ou aube,En agglomération,Hors intersection,Normale,Autre collision,,,,,,,,,,,2,2,1,1,6.0
201600006306,0016-12-26 17:15:00,16,12,26,17,15,550,123,,48.0,,Nuit sans éclairage public,Hors agglomération,Hors intersection,Pluie légère,Deux véhicules - frontale,,,,,,,,,,,3,1,1,2,1.0
201600006307,0016-02-22 19:00:00,16,2,22,19,0,550,291,,48.694,5.35527,Nuit sans éclairage public,Hors agglomération,Hors intersection,Normale,Trois véhicules et plus - en chaîne,,,,,,,,,,,3,1,1,1,4.0
201600006308,0016-03-17 17:15:00,16,3,17,17,15,550,335,,48.63511,5.22486,Plein jour,Hors agglomération,Hors intersection,Normale,Autre collision,,,,,,,,,,,1,1,1,1,6.0
201600006309,0016-04-17 18:30:00,16,4,17,18,30,550,348,,,,Plein jour,Hors agglomération,Hors intersection,Normale,Sans collision,,,,,,,,,,,1,1,1,1,7.0
201600006310,0016-04-20 17:15:00,16,4,20,17,15,550,132,33 rue de Savonnières,48.61012,5.09278,Plein jour,En agglomération,Hors intersection,Normale,Deux véhicules - côté,,,,,,,,,,,1,2,1,1,3.0
201600006311,0016-07-21 16:45:00,16,7,21,16,45,550,291,rue leroux,48.69368,5.31461,Plein jour,En agglomération,Hors intersection,Normale,Trois véhicules et plus - en chaîne,,,,,,,,,,,1,2,1,1,4.0
201600006312,0016-08-23 10:30:00,16,8,23,10,30,550,291,,,,Plein jour,Hors agglomération,Hors intersection,Normale,Trois véhicules et plus - collisions multiples,,,,,,,,,,,1,1,1,1,5.0
201600006313,0016-08-30 22:15:00,16,8,30,22,15,550,132,,,,Nuit sans éclairage public,Hors agglomération,Hors intersection,Normale,Autre collision,,,,,,,,,,,3,1,1,1,6.0
201600006314,0016-10-18 16:00:00,16,10,18,16,0,550,291,Rue de général de Gaulle,,,Plein jour,En agglomération,Hors intersection,Normale,Autre collision,,,,,,,,,,,1,2,1,1,6.0
201600006315,0016-10-09 16:30:00,16,10,9,16,30,550,446,,48.8331,5.30065,Plein jour,Hors agglomération,Hors intersection,Normale,Deux véhicules - frontale,,,,,,,,,,,1,1,1,1,1.0
201600006316,0016-03-04 16:45:00,16,3,4,16,45,550,288,,,,Crépuscule ou aube,Hors agglomération,Hors intersection,Pluie légère,Trois véhicules et plus - collisions multiples,,,,,,,,,,,2,1,1,2,5.0
201600006317,0016-07-04 08:15:00,16,7,4,8,15,550,122,avenue de verdun,48.66,5.811,Plein jour,En agglomération,Intersection en T,Pluie légère,Deux véhicules - côté,,,,,,,,,,,1,2,3,2,3.0
201600006318,0016-07-30 17:45:00,16,7,30,17,45,550,454,,,,Plein jour,Hors agglomération,Hors intersection,Normale,Sans collision,,,,,,,,,,,1,1,1,1,7.0
201600006319,0016-08-12 10:15:00,16,8,12,10,15,550,196,,48.822,5.692,Plein jour,Hors agglomération,Hors intersection,Normale,Deux véhicules - frontale,,,,,,,,,,,1,1,1,1,1.0
201600006320,0016-11-29 14:30:00,16,11,29,14,30,550,122,Place Charles De Gaulle,,,Plein jour,En agglomération,Place,Temps éblouissant,Autre collision,,,,,,,,,,,1,2,7,7,6.0
201600006321,0016-01-08 08:15:00,16,1,8,8,15,550,333,,,,Plein jour,Hors agglomération,Autre intersection,Temps couvert,Sans collision,,,,,,,,,,,1,1,9,8,7.0
201600006322,0016-03-31 14:30:00,16,3,31,14,30,550,463,rue Morguesson,48.8902,5.54074,Plein jour,En agglomération,Hors intersection,Normale,Autre collision,,,,,,,,,,,1,2,1,1,6.0
201600006323,0016-05-16 17:30:00,16,5,16,17,30,550,229,,48.86174,5.5217,Plein jour,Hors agglomération,Intersection en X,Normale,Deux véhicules - côté,,,,,,,,,,,1,1,2,1,3.0
201600006324,0016-08-27 16:45:00,16,8,27,16,45,550,386,,48.94086,5.75091,Plein jour,Hors agglomération,Hors intersection,Normale,Deux véhicules - côté,,,,,,,,,,,1,1,1,1,3.0
201600006325,0016-09-03 00:30:00,16,9,3,0,30,550,386,,48.944,5.755,Nuit sans éclairage public,Hors agglomération,Hors intersection,Normale,Autre collision,,,,,,,,,,,3,1,1,1,6.0
201600006326,0016-01-09 19:30:00,16,1,9,19,30,550,396,rue voie d'échelle,,,Nuit avec éclairage allumé,En agglomération,Hors intersection,Pluie légère,Autre collision,,,,,,,,,,,5,2,1,2,6.0
201600006327,0016-01-25 23:00:00,16,1,25,23,0,550,334,,,,Nuit sans éclairage public,Hors agglomération,Hors intersection,Normale,Autre collision,,,,,,,,,,,3,1,1,1,6.0
201600006328,0016-02-20 08:00:00,16,2,20,8,0,550,472,,48.709,5.507,Plein jour,Hors agglomération,Hors intersection,Pluie forte,Autre collision,,,,,,,,,,,1,1,1,3,6.0
201600006329,0016-06-16 11:00:00,16,6,16,11,0,550,459,,48.611,5.389,Plein jour,Hors agglomération,Hors intersection,Normale,Deux véhicules - côté,,,,,,,,,,,1,1,1,1,3.0
201600006330,0016-10-24 19:30:00,16,10,24,19,30,550,348,,48.538,5.236,Nuit sans éclairage public,Hors agglomération,Hors intersection,Pluie forte,Autre collision,,,,,,,,,,,3,1,1,3,6.0
201600006331,0016-12-23 18:45:00,16,12,23,18,45,550,533,,,,Nuit sans éclairage public,Hors agglomération,Hors intersection,Normale,Deux véhicules - frontale,,,,,,,,,,,3,1,1,1,1.0
201600006332,0016-09-10 15:45:00,16,9,10,15,45,550,145,,49.342,5.4,Plein jour,Hors agglomération,Hors intersection,Normale,Deux véhicules - côté,,,,,,,,,,,1,1,1,1,3.0
201600006333,0016-09-30 11:30:00,16,9,30,11,30,550,324,,,,Plein jour,Hors agglomération,Hors intersection,Pluie légère,Deux véhicules - frontale,,,,,,,,,,,1,1,1,2,1.0
201600006334,0016-04-18 11:45:00,16,4,18,11,45,550,250,,49.55393,5.15268,Plein jour,Hors agglomération,Intersection en Y,Temps éblouissant,Deux véhicules - frontale,,,,,,,,,,,1,1,4,7,1.0
201600006335,0016-01-08 20:30:00,16,1,8,20,30,550,292,4 route nationale,49.35426,5.20086,Nuit avec éclairage allumé,En agglomération,Hors intersection,Normale,Autre collision,,,,,,,,,,,5,2,1,1,6.0
201600006336,0016-07-02 19:00:00,16,7,2,19,0,550,48,09 avenue des tilleuls,,,Plein jour,En agglomération,Hors intersection,Normale,Sans collision,,,,,,,,,,,1,2,1,1,7.0
201600006337,0016-10-28 16:30:00,16,10,28,16,30,550,155,,,,Nuit sans éclairage public,Hors agglomération,Hors intersection,Normale,Sans collision,,,,,,,,,,,3,1,1,1,7.0
201600006338,0016-01-15 15:15:00,16,1,15,15,15,550,363,,49.09742,5.76186,Plein jour,Hors agglomération,Hors intersection,Vent fort / tempête,Deux véhicules - frontale,,,,,,,,,,,1,1,1,6,1.0
201600006339,0016-01-25 15:30:00,16,1,25,15,30,550,153,,49.22168,5.53157,Plein jour,Hors agglomération,Hors intersection,Temps couvert,Sans collision,,,,,,,,,,,1,1,1,8,7.0
201600006340,0016-04-07 15:00:00,16,4,7,15,0,550,465,,49.04077,5.56749,Plein jour,Hors agglomération,Hors intersection,Normale,Sans collision,,,,,,,,,,,1,1,1,1,7.0
201600006341,0016-05-10 13:45:00,16,5,10,13,45,550,2,route nationale,49.19722,5.53636,Plein jour,En agglomération,Hors intersection,Temps couvert,Deux véhicules - frontale,,,,,,,,,,,1,2,1,8,1.0
201600006342,0016-09-13 13:30:00,16,9,13,13,30,550,8,,,,Plein jour,Hors agglomération,Hors intersection,Normale,Sans collision,,,,,,,,,,,1,1,1,1,7.0
201600006343,0016-11-13 01:40:00,16,11,13,1,40,550,2,,49.19991,5.55062,Nuit sans éclairage public,Hors agglomération,Hors intersection,Temps couvert,Autre collision,,,,,,,,,,,3,1,1,8,6.0
201600006344,0016-12-28 17:15:00,16,12,28,17,15,550,535,,,,Nuit sans éclairage public,Hors agglomération,Hors intersection,Normale,Deux véhicules - côté,,,,,,,,,,,3,1,1,1,3.0
201600006345,0016-01-20 16:15:00,16,1,20,16,15,880,160,,48.17496,6.48103,Plein jour,Hors agglomération,Hors intersection,Normale,Deux véhicules - arrière,,,,,,,,,,,1,1,1,1,2.0
201600006346,0016-04-06 16:00:00,16,4,6,16,0,880,160,,48.16897,6.4849,Plein jour,Hors agglomération,Hors intersection,Normale,Autre collision,,,,,,,,,,,1,1,1,1,6.0
201600006347,0016-08-25 12:00:00,16,8,25,12,0,880,273,,48.21361,6.50099,Plein jour,Hors agglomération,Hors intersection,Normale,Deux véhicules - côté,,,,,,,,,,,1,1,1,1,3.0
201600006348,0016-11-01 18:00:00,16,11,1,18,0,880,439,5 route des Vosges,48.17005,6.37163,Nuit avec éclairage allumé,En agglomération,Hors intersection,Normale,Trois véhicules et plus - collisions multiples,,,,,,,,,,,5,2,1,1,5.0
201600006349,0016-11-09 14:15:00,16,11,9,14,15,880,483,RD 41 PK 011.000,48.19065,6.36848,Plein jour,En agglomération,Giratoire,Pluie légère,Deux véhicules - côté,,,,,,,,,,,1,2,6,2,3.0
201600006350,0016-12-04 09:15:00,16,12,4,9,15,880,253,,48.20172,6.49485,Plein jour,Hors agglomération,Intersection en X,Normale,Autre collision,,,,,,,,,,,1,1,2,1,6.0
201600006351,0016-01-06 14:00:00,16,1,6,14,0,880,78,,48.20263,6.7224,Nuit sans éclairage public,Hors agglomération,Hors intersection,Pluie forte,Autre collision,,,,,,,,,,,3,1,1,3,6.0
201600006352,0016-03-07 07:15:00,16,3,7,7,15,880,26,route de SAINT DIE,48.21244,6.56776,Crépuscule ou aube,En agglomération,Hors intersection,Temps couvert,Autre collision,,,,,,,,,,,2,2,1,8,6.0
201600006353,0016-05-02 17:00:00,16,5,2,17,0,880,262,1 route de corcieux,48.1888,6.74706,Plein jour,En agglomération,Hors intersection,Normale,Autre collision,,,,,,,,,,,1,2,1,1,6.0
201600006354,0016-05-16 05:15:00,16,5,16,5,15,880,76,,48.25515,6.72826,Crépuscule ou aube,Hors agglomération,Hors intersection,Pluie légère,Autre collision,,,,,,,,,,,2,1,1,2,6.0
201600006355,0016-06-02 22:00:00,16,6,2,22,0,880,464,,48.10352,6.69612,Nuit sans éclairage public,Hors agglomération,Hors intersection,Pluie légère,Sans collision,,,,,,,,,,,3,1,1,2,7.0
201600006356,0016-08-05 12:00:00,16,8,5,12,0,880,78,Rond poin dame de Bruyer,48.20894,6.72197,Plein jour,En agglomération,Giratoire,Pluie légère,Deux véhicules - côté,,,,,,,,,,,1,2,6,2,3.0
201600006357,0016-10-04 14:15:00,16,10,4,14,15,880,261,Ch. du Tinturon/Elies,48.20001,6.68527,Plein jour,Hors agglomération,Intersection en X,Normale,Deux véhicules - côté,,,,,,,,,,,1,1,2,1,3.0
201600006358,0016-12-20 16:00:00,16,12,20,16,0,880,101,10 RUE DES FUSILLES,48.13719,6.60031,Plein jour,En agglomération,Hors intersection,Normale,Autre collision,,,,,,,,,,,1,2,1,1,6.0
201600006359,0016-01-04 09:15:00,16,1,4,9,15,880,90,,48.35694,6.28914,Plein jour,Hors agglomération,Hors intersection,Normale,Sans collision,,,,,,,,,,,1,1,1,1,7.0
201600006360,0016-06-24 20:15:00,16,6,24,20,15,880,458,,48.39635,6.25558,Crépuscule ou aube,En agglomération,Hors intersection,Normale,Deux véhicules - frontale,,,,,,,,,,,2,2,1,1,1.0
201600006361,0016-09-08 22:00:00,16,9,8,22,0,880,355,,48.34511,6.33939,Nuit avec éclairage allumé,Hors agglomération,Hors intersection,Normale,Autre collision,,,,,,,,,,,5,1,1,1,6.0
201600006362,0016-09-19 20:15:00,16,9,19,20,15,880,90,,48.37627,6.27155,Nuit sans éclairage public,Hors agglomération,Hors intersection,Normale,Sans collision,,,,,,,,,,,3,1,1,1,7.0
201600006363,0016-06-10 16:30:00,16,6,10,16,30,880,65,,48.09308,6.06253,Plein jour,Hors agglomération,Hors intersection,Normale,Deux véhicules - côté,,,,,,,,,,,1,1,1,1,3.0
201600006364,0016-06-12 06:45:00,16,6,12,6,45,880,390,Rue du four,48.14204,5.69711,Crépuscule ou aube,En agglomération,Hors intersection,Pluie légère,Sans collision,,,,,,,,,,,2,2,1,2,7.0
201600006365,0016-06-25 03:15:00,16,6,25,3,15,880,61,,48.0717,5.97188,Nuit sans éclairage public,Hors agglomération,Hors intersection,Pluie forte,Sans collision,,,,,,,,,,,3,1,1,3,7.0
201600006366,0016-06-30 17:15:00,16,6,30,17,15,880,258,"19, rue de Bellune",48.074,5.782,Plein jour,En agglomération,Hors intersection,Normale,Autre collision,,,,,,,,,,,1,2,1,1,6.0
201600006367,0016-07-10 11:45:00,16,7,10,11,45,880,450,,47.98652,5.79536,Plein jour,Hors agglomération,Intersection à plus de 4 branches,Normale,Deux véhicules - côté,,,,,,,,,,,1,1,5,1,3.0
201600006368,0016-08-13 16:15:00,16,8,13,16,15,880,65,rue des Rochottes,48.0999,6.05223,Plein jour,En agglomération,Hors intersection,Normale,Sans collision,,,,,,,,,,,1,2,1,1,7.0
201600006369,0016-09-11 16:30:00,16,9,11,16,30,880,16,,48.07529,6.02066,Plein jour,Hors agglomération,Hors intersection,Normale,Autre collision,,,,,,,,,,,1,1,1,1,6.0
201600006370,0016-09-16 09:15:00,16,9,16,9,15,880,16,,48.07831,6.02527,Plein jour,Hors agglomération,Hors intersection,Pluie légère,Autre collision,,,,,,,,,,,1,1,1,2,6.0
201600006371,0016-09-25 18:30:00,16,9,25,18,30,880,52,,48.1092,6.09194,Plein jour,Hors agglomération,Hors intersection,Normale,Deux véhicules - frontale,,,,,,,,,,,1,1,1,1,1.0
201600006372,0016-11-24 10:00:00,16,11,24,10,0,880,248,,48.03055,5.83021,Plein jour,Hors agglomération,Hors intersection,Brouillard / fumée,Autre collision,,,,,,,,,,,1,1,1,5,6.0
201600006373,0016-12-10 11:15:00,16,12,10,11,15,880,258,Rue de Bellune,48.06896,5.78043,Plein jour,En agglomération,Hors intersection,Temps éblouissant,Autre collision,,,,,,,,,,,1,2,1,7,6.0
201600006374,0016-01-10 05:30:00,16,1,10,5,30,880,21,,48.30414,6.69792,Nuit sans éclairage public,Hors agglomération,Hors intersection,Normale,Autre collision,,,,,,,,,,,3,1,1,1,6.0
201600006375,0016-03-27 12:15:00,16,3,27,12,15,880,367,,48.38279,6.79254,Plein jour,Hors agglomération,Hors intersection,Pluie forte,Sans collision,,,,,,,,,,,1,1,1,3,7.0
201600006376,0016-05-09 08:15:00,16,5,9,8,15,880,521,,48.30453,6.60346,Plein jour,Hors agglomération,Hors intersection,Normale,Trois véhicules et plus - collisions multiples,,,,,,,,,,,1,1,1,1,5.0
201600006377,0016-05-20 14:45:00,16,5,20,14,45,880,367,,48.34029,6.65204,Plein jour,Hors agglomération,Giratoire,Pluie légère,Sans collision,,,,,,,,,,,1,1,6,2,7.0
201600006378,0016-07-26 17:45:00,16,7,26,17,45,880,367,,48.29172,6.58491,Plein jour,Hors agglomération,Hors intersection,Normale,Sans collision,,,,,,,,,,,1,1,1,1,7.0
201600006379,0016-07-31 11:15:00,16,7,31,11,15,880,412,,48.37004,6.78001,Plein jour,Hors agglomération,Hors intersection,Normale,Autre collision,,,,,,,,,,,1,1,1,1,6.0
201600006380,0016-01-03 05:45:00,16,1,3,5,45,880,99,,48.22228,6.28914,Nuit avec éclairage allumé,Hors agglomération,Giratoire,Pluie légère,Sans collision,,,,,,,,,,,5,1,6,2,7.0
201600006381,0016-01-24 18:00:00,16,1,24,18,0,880,342,,48.29683,6.43717,Nuit avec éclairage allumé,En agglomération,Intersection en Y,Temps couvert,Autre collision,,,,,,,,,,,5,2,4,8,6.0
201600006382,0016-02-15 18:00:00,16,2,15,18,0,880,465,,48.26346,6.38911,Nuit sans éclairage public,Hors agglomération,Hors intersection,Pluie légère,Autre collision,,,,,,,,,,,3,1,1,2,6.0
201600006383,0016-02-19 10:45:00,16,2,19,10,45,880,313,,48.34424,6.44573,Nuit sans éclairage public,Hors agglomération,Autre intersection,Pluie légère,Autre collision,,,,,,,,,,,3,1,9,2,6.0
201600006384,0016-02-20 15:15:00,16,2,20,15,15,880,294,37 Rue de Dompaire,48.23947,6.33364,Plein jour,Hors agglomération,Hors intersection,Pluie légère,Sans collision,,,,,,,,,,,1,1,1,2,7.0
201600006385,0016-04-29 07:00:00,16,4,29,7,0,880,465,14 rue de Lorraine,48.25231,6.41862,Plein jour,En agglomération,Hors intersection,Normale,Trois véhicules et plus - collisions multiples,,,,,,,,,,,1,2,1,1,5.0
201600006386,0016-05-10 06:00:00,16,5,10,6,0,880,327,,48.29443,6.3778,Crépuscule ou aube,Hors agglomération,Intersection en T,Pluie légère,Deux véhicules - côté,,,,,,,,,,,2,1,3,2,3.0
201600006387,0016-05-15 08:15:00,16,5,15,8,15,880,190,,48.42936,6.37643,Plein jour,Hors agglomération,Hors intersection,Normale,Deux véhicules - côté,,,,,,,,,,,1,1,1,1,3.0
201600006388,0016-06-30 15:45:00,16,6,30,15,45,880,465,2 place Jules Ferry,48.25246,6.42123,Plein jour,En agglomération,Hors intersection,Normale,Autre collision,,,,,,,,,,,1,2,1,1,6.0
201600006389,0016-07-27 11:15:00,16,7,27,11,15,880,465,93 rue alsace,48.25051,6.42115,Plein jour,En agglomération,Hors intersection,Normale,Deux véhicules - frontale,,,,,,,,,,,1,2,1,1,1.0
201600006390,0016-07-27 14:45:00,16,7,27,14,45,880,465,rond point de la rotonde,48.24602,6.42515,Plein jour,En agglomération,Giratoire,Normale,Deux véhicules - côté,,,,,,,,,,,1,2,6,1,3.0