accident_id,datetime,annee,mois,jour,heure,minute,departement,commune_insee,adresse,latitude,longitude,luminosite,agglomeration,intersection,meteo,collision,nb_vehicules,nb_usagers,nb_indemnes,nb_tues,nb_blesses_hosp,nb_blesses_legers,age_cond_1,age_cond_2,veh_type_cond_1,veh_type_cond_2,lum_code,agg_code,int_code,atm_code,col_code
201600006391,0016-08-02 16:30:00,16,8,2,16,30,880,204,,48.25976,6.46759,Plein jour,Hors agglomération,Hors intersection,Pluie légère,Sans collision,,,,,,,,,,,1,1,1,2,7.0
201600006392,0016-08-21 17:30:00,16,8,21,17,30,880,313,,48.34697,6.46102,Plein jour,Hors agglomération,Hors intersection,Normale,Sans collision,,,,,,,,,,,1,1,1,1,7.0
201600006393,0016-08-23 17:45:00,16,8,23,17,45,880,379,rue de Damas aux Bois,48.36233,6.47129,Plein jour,En agglomération,Hors intersection,Normale,Sans collision,,,,,,,,,,,1,2,1,1,7.0
201600006394,0016-09-01 07:15:00,16,9,1,7,15,880,247,,48.26872,6.38503,Crépuscule ou aube,Hors agglomération,Hors intersection,Normale,Autre collision,,,,,,,,,,,2,1,1,1,6.0
201600006395,0016-10-08 20:00:00,16,10,8,20,0,880,327,,48.32551,6.35799,Nuit sans éclairage public,Hors agglomération,Hors intersection,Normale,Autre collision,,,,,,,,,,,3,1,1,1,6.0
201600006396,0016-10-21 20:00:00,16,10,21,20,0,880,204,,48.24738,6.44335,Nuit sans éclairage public,Hors agglomération,Hors intersection,Temps couvert,Autre collision,,,,,,,,,,,3,1,1,8,6.0
201600006397,0016-11-07 07:30:00,16,11,7,7,30,880,465,,48.25108,6.42197,Plein jour,En agglomération,Hors intersection,Normale,Autre collision,,,,,,,,,,,1,2,1,1,6.0
201600006398,0016-01-15 21:15:00,16,1,15,21,15,880,530,5 rue des cailloux,48.04492,6.40765,Nuit avec éclairage allumé,En agglomération,Hors intersection,Neige / grêle,Autre collision,,,,,,,,,,,5,2,1,4,6.0
201600006399,0016-02-29 07:30:00,16,2,29,7,30,880,235,,48.01797,6.2347,Crépuscule ou aube,Hors agglomération,Hors intersection,Normale,Autre collision,,,,,,,,,,,2,1,1,1,6.0
201600006400,0016-08-06 10:00:00,16,8,6,10,0,880,88,,48.03155,6.32776,Plein jour,Hors agglomération,Hors intersection,Normale,Deux véhicules - frontale,,,,,,,,,,,1,1,1,1,1.0
201600006401,0016-08-25 07:15:00,16,8,25,7,15,880,225,,48.10355,6.51399,Plein jour,Hors agglomération,Hors intersection,Temps éblouissant,Deux véhicules - frontale,,,,,,,,,,,1,1,1,7,1.0
201600006402,0016-11-20 18:00:00,16,11,20,18,0,880,234,13 route de Hautmougey,48.05565,6.24004,Nuit avec éclairage allumé,En agglomération,Intersection en T,Pluie légère,Autre collision,,,,,,,,,,,5,2,3,2,6.0
201600006403,0016-01-06 16:45:00,16,1,6,16,45,880,321,3 RUE 1ERE ARMEE,48.3565,5.69102,Crépuscule ou aube,En agglomération,Hors intersection,Normale,Autre collision,,,,,,,,,,,2,2,1,1,6.0
201600006404,0016-01-18 08:00:00,16,1,18,8,0,880,321,av du général de gaulle,48.35289,5.69274,Crépuscule ou aube,En agglomération,Hors intersection,Normale,Autre collision,,,,,,,,,,,2,2,1,1,6.0
201600006405,0016-03-02 16:30:00,16,3,2,16,30,880,95,,48.31169,5.86124,Plein jour,Hors agglomération,Hors intersection,Normale,Autre collision,,,,,,,,,,,1,1,1,1,6.0
201600006406,0016-03-20 14:00:00,16,3,20,14,0,880,460,,48.39992,5.72968,Plein jour,Hors agglomération,Hors intersection,Normale,Autre collision,,,,,,,,,,,1,1,1,1,6.0
201600006407,0016-03-22 10:00:00,16,3,22,10,0,880,321,Rond point Voilquin,48.35676,5.69205,Plein jour,En agglomération,Hors intersection,Normale,Autre collision,,,,,,,,,,,1,2,1,1,6.0
201600006408,0016-04-10 05:45:00,16,4,10,5,45,880,183,,48.38281,5.67641,Nuit sans éclairage public,Hors agglomération,Hors intersection,Normale,Autre collision,,,,,,,,,,,3,1,1,1,6.0
201600006409,0016-04-20 16:00:00,16,4,20,16,0,880,305,rue du Vair,48.41989,5.70118,Plein jour,En agglomération,Hors intersection,Normale,Deux véhicules - frontale,,,,,,,,,,,1,2,1,1,1.0
201600006410,0016-04-20 17:00:00,16,4,20,17,0,880,232,,48.47444,5.89557,Plein jour,Hors agglomération,Hors intersection,Normale,Trois véhicules et plus - collisions multiples,,,,,,,,,,,1,1,1,1,5.0
201600006411,0016-06-06 16:45:00,16,6,6,16,45,880,118,Grande rue,48.40622,5.68375,Plein jour,En agglomération,Hors intersection,Normale,Deux véhicules - côté,,,,,,,,,,,1,2,1,1,3.0
201600006412,0016-06-27 15:15:00,16,6,27,15,15,880,219,,48.44855,5.67655,Plein jour,En agglomération,Hors intersection,Normale,Autre collision,,,,,,,,,,,1,2,1,1,6.0
201600006413,0016-07-15 17:45:00,16,7,15,17,45,880,321,place albert Voilquin,48.35695,5.69261,Plein jour,En agglomération,Giratoire,Normale,Autre collision,,,,,,,,,,,1,2,6,1,6.0
201600006414,0016-07-20 12:00:00,16,7,20,12,0,880,460,,48.40135,5.71806,Plein jour,Hors agglomération,Hors intersection,Normale,Sans collision,,,,,,,,,,,1,1,1,1,7.0
201600006415,0016-10-31 18:15:00,16,10,31,18,15,880,352,Chevalier de la barre,48.25825,5.67212,Nuit avec éclairage allumé,En agglomération,Hors intersection,Normale,Autre collision,,,,,,,,,,,5,2,1,1,6.0
201600006416,0016-11-16 16:15:00,16,11,16,16,15,880,95,29 Pierre de Coubertin,48.29816,5.84509,Nuit avec éclairage allumé,En agglomération,Hors intersection,Pluie légère,Autre collision,,,,,,,,,,,5,2,1,2,6.0
201600006417,0016-06-01 14:30:00,16,6,1,14,30,880,233,,48.12202,6.2351,Plein jour,Hors agglomération,Intersection en X,Normale,Deux véhicules - frontale,,,,,,,,,,,1,1,2,1,1.0
201600006418,0016-06-14 13:30:00,16,6,14,13,30,880,304,,48.3047,6.15127,Plein jour,Hors agglomération,Hors intersection,Normale,Deux véhicules - côté,,,,,,,,,,,1,1,1,1,3.0
201600006419,0016-06-21 08:15:00,16,6,21,8,15,880,39,29 Avenue Victor Hugo,48.32083,6.0457,Plein jour,En agglomération,Hors intersection,Normale,Deux véhicules - frontale,,,,,,,,,,,1,2,1,1,1.0
201600006420,0016-09-09 10:30:00,16,9,9,10,30,880,304,RUE ABBE GREGOIRE,48.30368,6.13382,Plein jour,En agglomération,Hors intersection,Normale,Autre collision,,,,,,,,,,,1,2,1,1,6.0
201600006421,0016-11-20 21:15:00,16,11,20,21,15,880,357,,48.31921,6.12881,Nuit avec éclairage allumé,En agglomération,Intersection en X,Normale,Deux véhicules - côté,,,,,,,,,,,5,2,2,1,3.0
201600006422,0016-03-28 19:30:00,16,3,28,19,30,880,403,,48.24189,6.07334,Crépuscule ou aube,Hors agglomération,Hors intersection,Pluie forte,Trois véhicules et plus - en chaîne,,,,,,,,,,,2,1,1,3,4.0
201600006423,0016-06-24 18:45:00,16,6,24,18,45,880,79,,48.2078,5.84463,Plein jour,Hors agglomération,Hors intersection,Pluie légère,Trois véhicules et plus - collisions multiples,,,,,,,,,,,1,1,1,2,5.0
201600006424,0016-07-28 18:45:00,16,7,28,18,45,880,30,,48.20302,6.14157,Plein jour,Hors agglomération,Hors intersection,Normale,Autre collision,,,,,,,,,,,1,1,1,1,6.0
201600006425,0016-08-14 17:30:00,16,8,14,17,30,880,403,,48.24092,6.0787,Plein jour,Hors agglomération,Hors intersection,Normale,Autre collision,,,,,,,,,,,1,1,1,1,6.0
201600006426,0016-08-28 09:45:00,16,8,28,9,45,880,516,50 rue division leclerc,48.19832,5.95717,Plein jour,En agglomération,Hors intersection,Normale,Autre collision,,,,,,,,,,,1,2,1,1,6.0
201600006427,0016-10-03 09:00:00,16,10,3,9,0,880,403,,48.24566,6.08521,Plein jour,Hors agglomération,Intersection en T,Temps éblouissant,Deux véhicules - côté,,,,,,,,,,,1,1,3,7,3.0
201600006428,0016-01-31 00:30:00,16,1,31,0,30,880,351,Les Granges de PlombiÃ¿r,47.96661,6.44707,Nuit sans éclairage public,En agglomération,Hors intersection,Pluie forte,Autre collision,,,,,,,,,,,3,2,1,3,6.0
201600006429,0016-03-11 15:30:00,16,3,11,15,30,880,158,rue de l'eglise,48.0928,6.61058,Plein jour,En agglomération,Hors intersection,Normale,Deux véhicules - frontale,,,,,,,,,,,1,2,1,1,1.0
201600006430,0016-08-14 13:15:00,16,8,14,13,15,880,12,,48.13344,6.51931,Plein jour,Hors agglomération,Hors intersection,Normale,Autre collision,,,,,,,,,,,1,1,1,1,6.0
201600006431,0016-08-28 21:45:00,16,8,28,21,45,880,358,RUE DE JARMENIL D159B,48.11035,6.57419,Nuit avec éclairage allumé,En agglomération,Intersection en T,Normale,Deux véhicules - côté,,,,,,,,,,,5,2,3,1,3.0
201600006432,0016-02-04 17:45:00,16,2,4,17,45,880,116,"20, rue de la 3Ã¿me DIA",47.96317,6.83694,Nuit avec éclairage allumé,En agglomération,Hors intersection,Pluie légère,Autre collision,,,,,,,,,,,5,2,1,2,6.0
201600006433,0016-02-12 11:45:00,16,2,12,11,45,880,486,,48.00694,6.71138,Plein jour,Hors agglomération,Giratoire,Normale,Deux véhicules - frontale,,,,,,,,,,,1,1,6,1,1.0
201600006434,0016-04-07 18:45:00,16,4,7,18,45,880,116,20 Route du Ménil,47.94089,6.82954,Plein jour,Hors agglomération,Hors intersection,Normale,Deux véhicules - frontale,,,,,,,,,,,1,1,1,1,1.0
201600006435,0016-04-19 08:15:00,16,4,19,8,15,880,486,,48.02123,6.71071,Plein jour,Hors agglomération,Intersection en T,Temps éblouissant,Deux véhicules - côté,,,,,,,,,,,1,1,3,7,3.0
201600006436,0016-07-18 15:15:00,16,7,18,15,15,880,486,Rue des cailles,47.99978,6.72249,Plein jour,En agglomération,Hors intersection,Normale,Deux véhicules - côté,,,,,,,,,,,1,2,1,1,3.0
201600006437,0016-08-06 14:30:00,16,8,6,14,30,880,75,,48.00967,6.97583,Plein jour,Hors agglomération,Hors intersection,Normale,Sans collision,,,,,,,,,,,1,1,1,1,7.0
201600006438,0016-11-04 21:15:00,16,11,4,21,15,880,447,,47.94864,6.80056,Nuit avec éclairage allumé,Hors agglomération,Hors intersection,Temps couvert,Sans collision,,,,,,,,,,,5,1,1,8,7.0
201600006439,0016-12-02 13:30:00,16,12,2,13,30,880,116,32 RUE DE LA 3EME DIA,47.96223,6.83732,Plein jour,En agglomération,Hors intersection,Temps éblouissant,Autre collision,,,,,,,,,,,1,2,1,7,6.0
201600006440,0016-06-06 13:00:00,16,6,6,13,0,880,408,,47.90969,6.68602,Plein jour,Hors agglomération,Hors intersection,Normale,Deux véhicules - frontale,,,,,,,,,,,1,1,1,1,1.0
201600006441,0016-07-29 01:30:00,16,7,29,1,30,880,468,5 RUE DES LIBERATEURS,47.87686,6.75871,Nuit avec éclairage allumé,En agglomération,Hors intersection,Normale,Autre collision,,,,,,,,,,,5,2,1,1,6.0
201600006442,0016-08-06 03:30:00,16,8,6,3,30,880,408,,47.93624,6.63961,Nuit sans éclairage public,Hors agglomération,Giratoire,Normale,Autre collision,,,,,,,,,,,3,1,6,1,6.0
201600006443,0016-08-31 12:15:00,16,8,31,12,15,880,302,,47.90435,6.77929,Plein jour,En agglomération,Hors intersection,Normale,Sans collision,,,,,,,,,,,1,2,1,1,7.0
201600006444,0016-09-06 12:00:00,16,9,6,12,0,880,468,AVENUE DE LA RESISTANCE,47.87486,6.76216,Plein jour,En agglomération,Intersection en T,Normale,Deux véhicules - côté,,,,,,,,,,,1,2,3,1,3.0
201600006445,0016-10-03 12:30:00,16,10,3,12,30,880,426,,47.85922,6.82428,Plein jour,En agglomération,Intersection en X,Normale,Deux véhicules - côté,,,,,,,,,,,1,2,2,1,3.0
201600006446,0016-11-17 07:30:00,16,11,17,7,30,880,468,RUE JULES FERRY,47.88003,6.76473,Crépuscule ou aube,En agglomération,Hors intersection,Pluie légère,Autre collision,,,,,,,,,,,2,2,1,2,6.0
201600006447,0016-11-26 10:30:00,16,11,26,10,30,880,408,RUE DIEUDONNE THIEBAUT,47.92686,6.65965,Plein jour,En agglomération,Giratoire,Temps éblouissant,Deux véhicules - côté,,,,,,,,,,,1,2,6,7,3.0
201600006448,0016-12-31 10:15:00,16,12,31,10,15,880,468,8 rue de la courbe,47.87935,6.76018,Plein jour,En agglomération,Hors intersection,Normale,Autre collision,,,,,,,,,,,1,2,1,1,6.0
201600006449,0016-10-15 17:00:00,16,10,15,17,0,880,116,route du faing,47.96734,6.83311,Plein jour,En agglomération,Hors intersection,Normale,Deux véhicules - frontale,,,,,,,,,,,1,2,1,1,1.0
201600006450,0016-09-08 12:00:00,16,9,8,12,0,880,182,,48.29119,7.07118,Plein jour,Hors agglomération,Hors intersection,Normale,Deux véhicules - frontale,,,,,,,,,,,1,1,1,1,1.0
201600006451,0016-10-29 15:00:00,16,10,29,15,0,880,445,,48.24857,6.95519,Plein jour,En agglomération,Giratoire,Normale,Autre collision,,,,,,,,,,,1,2,6,1,6.0
201600006452,0016-01-02 22:45:00,16,1,2,22,45,880,218,,48.14133,6.81923,Nuit sans éclairage public,Hors agglomération,Hors intersection,Pluie légère,Sans collision,,,,,,,,,,,3,1,1,2,7.0
201600006453,0016-01-26 16:00:00,16,1,26,16,0,880,244,Vanémont,48.19871,6.86583,Plein jour,Hors agglomération,Hors intersection,Normale,Deux véhicules - frontale,,,,,,,,,,,1,1,1,1,1.0
201600006454,0016-04-15 19:00:00,16,4,15,19,0,880,218,,48.14462,6.80597,Plein jour,Hors agglomération,Hors intersection,Normale,Autre collision,,,,,,,,,,,1,1,1,1,6.0
201600006455,0016-05-07 10:30:00,16,5,7,10,30,880,115,,48.16404,6.9093,Plein jour,Hors agglomération,Hors intersection,Normale,Autre collision,,,,,,,,,,,1,1,1,1,6.0
201600006456,0016-05-08 19:00:00,16,5,8,19,0,880,181,,48.18971,7.01351,Plein jour,Hors agglomération,Hors intersection,Normale,Deux véhicules - frontale,,,,,,,,,,,1,1,1,1,1.0
201600006457,0016-06-18 18:30:00,16,6,18,18,30,880,349,,48.1129,7.0596,Plein jour,Hors agglomération,Hors intersection,Pluie légère,Autre collision,,,,,,,,,,,1,1,1,2,6.0
201600006458,0016-08-08 08:00:00,16,8,8,8,0,880,198,,48.1077,6.90825,Plein jour,Hors agglomération,Hors intersection,Normale,Autre collision,,,,,,,,,,,1,1,1,1,6.0
201600006459,0016-08-07 10:30:00,16,8,7,10,30,880,349,,48.16814,7.05046,Plein jour,Hors agglomération,Hors intersection,Normale,Autre collision,,,,,,,,,,,1,1,1,1,6.0
201600006460,0016-10-19 18:45:00,16,10,19,18,45,880,198,,48.17056,6.92563,Nuit sans éclairage public,Hors agglomération,Hors intersection,Pluie légère,Deux véhicules - frontale,,,,,,,,,,,3,1,1,2,1.0
201600006461,0016-11-05 17:30:00,16,11,5,17,30,880,181,9 route de Saint Dié,48.18423,6.98908,Nuit avec éclairage allumé,En agglomération,Hors intersection,Pluie légère,Autre collision,,,,,,,,,,,5,2,1,2,6.0
201600006462,0016-02-22 15:15:00,16,2,22,15,15,880,196,108 boulevard d'alsace,48.07683,6.88495,Plein jour,En agglomération,Hors intersection,Normale,Autre collision,,,,,,,,,,,1,2,1,1,6.0
201600006463,0016-03-15 06:15:00,16,3,15,6,15,880,196,chemin de la Papinia,48.07393,6.86175,Crépuscule ou aube,En agglomération,Hors intersection,Neige / grêle,Autre collision,,,,,,,,,,,2,2,1,4,6.0
201600006464,0016-04-10 16:00:00,16,4,10,16,0,880,196,,48.07777,6.79611,Plein jour,Hors agglomération,Hors intersection,Normale,Deux véhicules - côté,,,,,,,,,,,1,1,1,1,3.0
201600006465,0016-04-15 22:30:00,16,4,15,22,30,880,470,,48.08496,6.76325,Nuit avec éclairage allumé,Hors agglomération,Hors intersection,Pluie légère,Autre collision,,,,,,,,,,,5,1,1,2,6.0
201600006466,0016-05-26 20:00:00,16,5,26,20,0,880,531,Boulevard de Colmar,48.08333,6.90906,Plein jour,Hors agglomération,Intersection en T,Normale,Deux véhicules - côté,,,,,,,,,,,1,1,3,1,3.0
201600006467,0016-09-09 09:15:00,16,9,9,9,15,880,196,RUE CHARLES DE GAULLE,48.06918,6.83701,Plein jour,En agglomération,Hors intersection,Normale,Deux véhicules - côté,,,,,,,,,,,1,2,1,1,3.0
201600006468,0016-09-24 14:15:00,16,9,24,14,15,880,531,,48.07007,6.95923,Plein jour,Hors agglomération,Hors intersection,Normale,Trois véhicules et plus - collisions multiples,,,,,,,,,,,1,1,1,1,5.0
201600006469,0016-09-29 11:30:00,16,9,29,11,30,880,196,CHEMIN DU TOUR DU LAC,48.06956,6.83747,Plein jour,En agglomération,Intersection en T,Normale,Deux véhicules - frontale,,,,,,,,,,,1,2,3,1,1.0
201600006470,0016-10-22 16:00:00,16,10,22,16,0,880,196,,48.06516,6.85648,Plein jour,Hors agglomération,Hors intersection,Normale,Deux véhicules - frontale,,,,,,,,,,,1,1,1,1,1.0
201600006471,0016-12-18 12:30:00,16,12,18,12,30,880,531,,48.08357,6.93635,Plein jour,Hors agglomération,Hors intersection,Normale,Deux véhicules - côté,,,,,,,,,,,1,1,1,1,3.0
201600006472,0016-12-20 19:30:00,16,12,20,19,30,880,196,45 rue Charles de Gaulle,48.07002,6.87711,Plein jour,En agglomération,Hors intersection,Normale,Deux véhicules - frontale,,,,,,,,,,,1,2,1,1,1.0
201600006473,0016-02-15 18:00:00,16,2,15,18,0,880,372,rue pasteur,48.40492,6.84045,Nuit avec éclairage allumé,En agglomération,Hors intersection,Temps couvert,Deux véhicules - côté,,,,,,,,,,,5,2,1,8,3.0
201600006474,0016-04-23 18:00:00,16,4,23,18,0,880,372,rue charles weill,48.10676,6.84228,Plein jour,En agglomération,Hors intersection,Temps couvert,Autre collision,,,,,,,,,,,1,2,1,8,6.0
201600006475,0016-07-16 10:45:00,16,7,16,10,45,880,372,Avenue du 21Ã¿me BCP,48.40547,6.84699,Plein jour,En agglomération,Hors intersection,Normale,Autre collision,,,,,,,,,,,1,2,1,1,6.0
201600006476,0016-08-07 11:45:00,16,8,7,11,45,880,373,,48.50676,7.10588,Plein jour,Hors agglomération,Hors intersection,Normale,Autre collision,,,,,,,,,,,1,1,1,1,6.0
201600006477,0016-10-02 08:30:00,16,10,2,8,30,880,328,,48.32707,6.85821,Nuit sans éclairage public,Hors agglomération,Hors intersection,Normale,Autre collision,,,,,,,,,,,3,1,1,1,6.0
201600006478,0016-03-08 07:45:00,16,3,8,7,45,670,433,,,,Plein jour,Hors agglomération,Hors intersection,Pluie légère,Deux véhicules - frontale,,,,,,,,,,,1,1,1,2,1.0
201600006479,0016-04-02 11:45:00,16,4,2,11,45,670,28,,,,Plein jour,Hors agglomération,Hors intersection,Normale,Deux véhicules - frontale,,,,,,,,,,,1,1,1,1,1.0
201600006480,0016-04-04 17:15:00,16,4,4,17,15,670,464,,,,Plein jour,Hors agglomération,Hors intersection,Normale,Trois véhicules et plus - collisions multiples,,,,,,,,,,,1,1,1,1,5.0
201600006481,0016-04-19 11:30:00,16,4,19,11,30,670,28,,,,Plein jour,Hors agglomération,Intersection en X,Normale,Deux véhicules - arrière,,,,,,,,,,,1,1,2,1,2.0
201600006482,0016-04-28 10:00:00,16,4,28,10,0,670,146,,,,Plein jour,Hors agglomération,Hors intersection,Normale,Deux véhicules - côté,,,,,,,,,,,1,1,1,1,3.0
201600006483,0016-05-08 11:00:00,16,5,8,11,0,670,233,,,,Plein jour,Hors agglomération,Hors intersection,Normale,Deux véhicules - frontale,,,,,,,,,,,1,1,1,1,1.0
201600006484,0016-05-08 18:30:00,16,5,8,18,30,670,216,rue de benfeld,,,Plein jour,En agglomération,Intersection en T,Normale,Deux véhicules - côté,,,,,,,,,,,1,2,3,1,3.0
201600006485,0016-05-14 08:30:00,16,5,14,8,30,670,28,rond-point de l'EUROPE,,,Plein jour,En agglomération,Giratoire,Normale,Deux véhicules - côté,,,,,,,,,,,1,2,6,1,3.0
201600006486,0016-06-18 11:30:00,16,6,18,11,30,670,28,rue des jardins,,,Plein jour,En agglomération,Hors intersection,Pluie légère,Autre collision,,,,,,,,,,,1,2,1,2,6.0
201600006487,0016-06-18 22:00:00,16,6,18,22,0,670,55,rue de rhinau,,,Nuit avec éclairage allumé,En agglomération,Hors intersection,Normale,Deux véhicules - côté,,,,,,,,,,,5,2,1,1,3.0
201600006488,0016-07-31 17:30:00,16,7,31,17,30,670,216,,48.382,7.514,Plein jour,Hors agglomération,Hors intersection,Normale,Deux véhicules - côté,,,,,,,,,,,1,1,1,1,3.0
201600006489,0016-09-13 11:45:00,16,9,13,11,45,670,55,,,,Plein jour,Hors agglomération,Hors intersection,Normale,Deux véhicules - frontale,,,,,,,,,,,1,1,1,1,1.0
201600006490,0016-09-19 14:00:00,16,9,19,14,0,670,192,,,,Plein jour,Hors agglomération,Hors intersection,Normale,Deux véhicules - côté,,,,,,,,,,,1,1,1,1,3.0
201600006491,0016-10-11 09:15:00,16,10,11,9,15,670,397,,,,Plein jour,Hors agglomération,Hors intersection,Normale,Autre collision,,,,,,,,,,,1,1,1,1,6.0
201600006492,0016-11-08 12:15:00,16,11,8,12,15,670,233,,,,Plein jour,Hors agglomération,Hors intersection,Pluie légère,Autre collision,,,,,,,,,,,1,1,1,2,6.0
201600006493,0016-12-02 19:30:00,16,12,2,19,30,670,285,,,,Nuit sans éclairage public,Hors agglomération,Hors intersection,Normale,Deux véhicules - côté,,,,,,,,,,,3,1,1,1,3.0
201600006494,0016-12-07 10:30:00,16,12,7,10,30,670,464,,,,Nuit sans éclairage public,Hors agglomération,Hors intersection,Brouillard / fumée,Autre collision,,,,,,,,,,,3,1,1,5,6.0
201600006495,0016-12-19 14:30:00,16,12,19,14,30,670,55,place de la mairie,,,Plein jour,En agglomération,Hors intersection,Temps éblouissant,Autre collision,,,,,,,,,,,1,2,1,7,6.0
201600006496,0016-01-12 07:30:00,16,1,12,7,30,670,137,Rue de l'industrie,,,Crépuscule ou aube,En agglomération,Hors intersection,Normale,Deux véhicules - côté,,,,,,,,,,,2,2,1,1,3.0
201600006497,0016-03-07 15:30:00,16,3,7,15,30,670,131,rue de la Brigade Alsace,,,Plein jour,En agglomération,Hors intersection,Normale,Deux véhicules - côté,,,,,,,,,,,1,2,1,1,3.0
201600006498,0016-04-18 10:30:00,16,4,18,10,30,670,131,,,,Plein jour,Hors agglomération,Hors intersection,Pluie légère,Deux véhicules - côté,,,,,,,,,,,1,1,1,2,3.0
201600006499,0016-05-09 15:30:00,16,5,9,15,30,670,131,"PV, ANGLE RUE INDUSTRIE",,,Plein jour,En agglomération,Hors intersection,Normale,Deux véhicules - côté,,,,,,,,,,,1,2,1,1,3.0
201600006500,0016-05-07 13:15:00,16,5,7,13,15,670,137,27 rue de Lyon,,,Plein jour,En agglomération,Hors intersection,Normale,Autre collision,,,,,,,,,,,1,2,1,1,6.0
201600006501,0016-06-18 04:45:00,16,6,18,4,45,670,378,rue du Général Leclerc,,,Nuit avec éclairage allumé,En agglomération,Hors intersection,Normale,Autre collision,,,,,,,,,,,5,2,1,1,6.0
201600006502,0016-07-05 19:00:00,16,7,5,19,0,670,131,rue du tramway parking,,,Plein jour,En agglomération,Hors intersection,Normale,Autre collision,,,,,,,,,,,1,2,1,1,6.0
201600006503,0016-09-29 15:00:00,16,9,29,15,0,670,131,rue des fusiliers marins,,,Plein jour,En agglomération,Hors intersection,Normale,Deux véhicules - côté,,,,,,,,,,,1,2,1,1,3.0
201600006504,0016-10-20 22:00:00,16,10,20,22,0,670,1,,,,Nuit sans éclairage public,Hors agglomération,Hors intersection,Normale,Autre collision,,,,,,,,,,,3,1,1,1,6.0
201600006505,0016-12-08 21:00:00,16,12,8,21,0,670,137,7 rue industrie,,,Nuit avec éclairage allumé,En agglomération,Autre intersection,Normale,Deux véhicules - frontale,,,,,,,,,,,5,2,9,1,1.0
201600006506,0016-01-11 20:30:00,16,1,11,20,30,670,200,,,,Nuit sans éclairage public,Hors agglomération,Hors intersection,Normale,Deux véhicules - arrière,,,,,,,,,,,3,1,1,1,2.0
201600006507,0016-01-29 12:15:00,16,1,29,12,15,670,130,,,,Plein jour,Hors agglomération,Hors intersection,Normale,Deux véhicules - arrière,,,,,,,,,,,1,1,1,1,2.0
201600006508,0016-05-13 08:15:00,16,5,13,8,15,670,130,,,,Plein jour,Hors agglomération,Hors intersection,Pluie légère,Sans collision,,,,,,,,,,,1,1,1,2,7.0
201600006509,0016-06-27 17:30:00,16,6,27,17,30,670,130,rue georges besse,,,Plein jour,En agglomération,Giratoire,Normale,Deux véhicules - côté,,,,,,,,,,,1,2,6,1,3.0
201600006510,0016-06-29 09:45:00,16,6,29,9,45,670,154,,,,Plein jour,Hors agglomération,Hors intersection,Normale,Autre collision,,,,,,,,,,,1,1,1,1,6.0
201600006511,0016-07-19 17:00:00,16,7,19,17,0,670,130,D468,,,Plein jour,En agglomération,Hors intersection,Temps éblouissant,Autre collision,,,,,,,,,,,1,2,1,7,6.0
201600006512,0016-08-12 18:45:00,16,8,12,18,45,670,130,,,,Plein jour,Hors agglomération,Hors intersection,Normale,Deux véhicules - arrière,,,,,,,,,,,1,1,1,1,2.0
201600006513,0016-09-04 16:15:00,16,9,4,16,15,670,130,Rond point D288 et D988,,,Plein jour,En agglomération,Giratoire,Autre,Deux véhicules - côté,,,,,,,,,,,1,2,6,9,3.0
201600006514,0016-11-02 12:15:00,16,11,2,12,15,670,154,,,,Plein jour,Hors agglomération,Hors intersection,Normale,Autre collision,,,,,,,,,,,1,1,1,1,6.0
201600006515,0016-01-22 23:30:00,16,1,22,23,30,670,348,,,,Nuit sans éclairage public,Hors agglomération,Hors intersection,Pluie légère,Autre collision,,,,,,,,,,,3,1,1,2,6.0
201600006516,0016-02-24 15:15:00,16,2,24,15,15,670,348,,,,Plein jour,Hors agglomération,Hors intersection,Normale,Sans collision,,,,,,,,,,,1,1,1,1,7.0
201600006517,0016-07-02 09:00:00,16,7,2,9,0,670,557,,,,Plein jour,Hors agglomération,Hors intersection,Normale,Autre collision,,,,,,,,,,,1,1,1,1,6.0
201600006518,0016-07-02 18:30:00,16,7,2,18,30,670,348,,,,Plein jour,Hors agglomération,Hors intersection,Normale,Deux véhicules - frontale,,,,,,,,,,,1,1,1,1,1.0
201600006519,0016-08-26 16:45:00,16,8,26,16,45,670,223,,,,Plein jour,En agglomération,Hors intersection,Normale,Sans collision,,,,,,,,,,,1,2,1,1,7.0
201600006520,0016-09-13 09:30:00,16,9,13,9,30,670,348,,,,Plein jour,Hors agglomération,Hors intersection,Temps éblouissant,Autre collision,,,,,,,,,,,1,1,1,7,6.0
201600006521,0016-09-28 10:45:00,16,9,28,10,45,670,348,rue marechal juin,,,Plein jour,En agglomération,Hors intersection,Temps éblouissant,Deux véhicules - arrière,,,,,,,,,,,1,2,1,7,2.0
201600006522,0016-10-28 19:15:00,16,10,28,19,15,670,348,BOULEVARD DE L4EUROPE,,,Nuit avec éclairage allumé,En agglomération,Autre intersection,Normale,Autre collision,,,,,,,,,,,5,2,9,1,6.0