accident_id,datetime,annee,mois,jour,heure,minute,departement,commune_insee,adresse,latitude,longitude,luminosite,agglomeration,intersection,meteo,collision,nb_vehicules,nb_usagers,nb_indemnes,nb_tues,nb_blesses_hosp,nb_blesses_legers,age_cond_1,age_cond_2,veh_type_cond_1,veh_type_cond_2,lum_code,agg_code,int_code,atm_code,col_code
201600006523,0016-06-21 07:15:00,16,6,21,7,15,670,331,51 rue principale,,,Plein jour,En agglomération,Hors intersection,Normale,Deux véhicules - côté,,,,,,,,,,,1,2,1,1,3.0
201600006524,0016-09-11 15:45:00,16,9,11,15,45,670,203,,,,Plein jour,Hors agglomération,Hors intersection,Normale,Deux véhicules - frontale,,,,,,,,,,,1,1,1,1,1.0
201600006525,0016-03-19 16:30:00,16,3,19,16,30,670,345,,,,Plein jour,Hors agglomération,Hors intersection,Normale,Deux véhicules - côté,,,,,,,,,,,1,1,1,1,3.0
201600006526,0016-09-25 15:00:00,16,9,25,15,0,670,46,rue du moulin,,,Plein jour,En agglomération,Hors intersection,Normale,Deux véhicules - côté,,,,,,,,,,,1,2,1,1,3.0
201600006527,0016-10-13 17:15:00,16,10,13,17,15,670,46,rue de Rohrwiller,,,Plein jour,En agglomération,Autre intersection,Normale,Deux véhicules - côté,,,,,,,,,,,1,2,9,1,3.0
201600006528,0016-01-05 14:30:00,16,1,5,14,30,670,300,Rue de la Gare,,,Plein jour,En agglomération,Hors intersection,Pluie légère,Autre collision,,,,,,,,,,,1,2,1,2,6.0
201600006529,0016-03-12 15:15:00,16,3,12,15,15,670,300,,,,Plein jour,Hors agglomération,Autre intersection,Normale,Deux véhicules - frontale,,,,,,,,,,,1,1,9,1,1.0
201600006530,0016-03-20 20:30:00,16,3,20,20,30,670,127,"SPV, 14 RUE PRINCIPALE",,,Nuit avec éclairage allumé,En agglomération,Hors intersection,Normale,Autre collision,,,,,,,,,,,5,2,1,1,6.0
201600006531,0016-05-02 10:45:00,16,5,2,10,45,670,98,CD 392,,,Plein jour,En agglomération,Hors intersection,Normale,Autre collision,,,,,,,,,,,1,2,1,1,6.0
201600006532,0016-05-08 10:00:00,16,5,8,10,0,670,98,,,,Plein jour,Hors agglomération,Intersection en T,Normale,Trois véhicules et plus - collisions multiples,,,,,,,,,,,1,1,3,1,5.0
201600006533,0016-05-27 07:30:00,16,5,27,7,30,670,127,D45 - rue de Strasbourg,,,Plein jour,En agglomération,Hors intersection,Normale,Autre collision,,,,,,,,,,,1,2,1,1,6.0
201600006534,0016-06-12 05:30:00,16,6,12,5,30,670,98,,,,Crépuscule ou aube,Hors agglomération,Hors intersection,Pluie légère,Autre collision,,,,,,,,,,,2,1,1,2,6.0
201600006535,0016-06-17 14:30:00,16,6,17,14,30,670,300,Quai des Abattoirs,,,Plein jour,En agglomération,Hors intersection,Temps couvert,Deux véhicules - côté,,,,,,,,,,,1,2,1,8,3.0
201600006536,0016-06-16 12:00:00,16,6,16,12,0,670,300,RD2422,,,Plein jour,En agglomération,Autre intersection,Temps couvert,Deux véhicules - frontale,,,,,,,,,,,1,2,9,8,1.0
201600006537,0016-07-15 00:01:00,16,7,15,0,1,670,300,15 rue de la source,,,Nuit avec éclairage allumé,En agglomération,Hors intersection,Normale,Autre collision,,,,,,,,,,,5,2,1,1,6.0
201600006538,0016-09-02 08:15:00,16,9,2,8,15,670,300,04 route de Mutzig,,,Plein jour,En agglomération,Hors intersection,Normale,Deux véhicules - frontale,,,,,,,,,,,1,2,1,1,1.0
201600006539,0016-09-07 08:45:00,16,9,7,8,45,670,313,route de STRASBOURG,,,Plein jour,En agglomération,Hors intersection,Normale,Autre collision,,,,,,,,,,,1,2,1,1,6.0
201600006540,0016-04-11 15:45:00,16,4,11,15,45,670,299,,,,Plein jour,Hors agglomération,Hors intersection,Normale,Deux véhicules - frontale,,,,,,,,,,,1,1,1,1,1.0
201600006541,0016-04-17 19:00:00,16,4,17,19,0,670,299,,,,Nuit sans éclairage public,Hors agglomération,Hors intersection,Normale,Autre collision,,,,,,,,,,,3,1,1,1,6.0
201600006542,0016-06-21 19:30:00,16,6,21,19,30,670,45,SPV,,,Plein jour,En agglomération,Giratoire,Normale,Deux véhicules - côté,,,,,,,,,,,1,2,6,1,3.0
201600006543,0016-07-20 20:30:00,16,7,20,20,30,670,411,21 rue général Leclerc,,,Plein jour,En agglomération,Hors intersection,Normale,Deux véhicules - frontale,,,,,,,,,,,1,2,1,1,1.0
201600006544,0016-09-22 12:00:00,16,9,22,12,0,670,411,,,,Plein jour,Hors agglomération,Hors intersection,Normale,Deux véhicules - frontale,,,,,,,,,,,1,1,1,1,1.0
201600006545,0016-10-29 19:30:00,16,10,29,19,30,670,329,,,,Nuit sans éclairage public,Hors agglomération,Hors intersection,Normale,Deux véhicules - côté,,,,,,,,,,,3,1,1,1,3.0
201600006546,0016-08-30 16:30:00,16,8,30,16,30,670,436,,,,Plein jour,Hors agglomération,Hors intersection,Normale,Sans collision,,,,,,,,,,,1,1,1,1,7.0
201600006547,0016-03-19 15:30:00,16,3,19,15,30,670,342,,,,Plein jour,Hors agglomération,Hors intersection,Normale,Deux véhicules - frontale,,,,,,,,,,,1,1,1,1,1.0
201600006548,0016-04-22 22:00:00,16,4,22,22,0,670,377,,,,Nuit sans éclairage public,Hors agglomération,Hors intersection,Normale,Autre collision,,,,,,,,,,,3,1,1,1,6.0
201600006549,0016-08-01 18:45:00,16,8,1,18,45,670,543,grand rue,,,Plein jour,En agglomération,Hors intersection,Normale,Deux véhicules - frontale,,,,,,,,,,,1,2,1,1,1.0
201600006550,0016-08-03 15:45:00,16,8,3,15,45,670,414,,,,Plein jour,Hors agglomération,Hors intersection,Normale,Autre collision,,,,,,,,,,,1,1,1,1,6.0
201600006551,0016-08-13 14:45:00,16,8,13,14,45,670,66,,,,Plein jour,Hors agglomération,Hors intersection,Normale,Deux véhicules - arrière,,,,,,,,,,,1,1,1,1,2.0
201600006552,0016-11-05 19:15:00,16,11,5,19,15,670,414,RD1420,,,Nuit avec éclairage allumé,En agglomération,Hors intersection,Pluie légère,Deux véhicules - côté,,,,,,,,,,,5,2,1,2,3.0
201600006553,0016-01-22 22:45:00,16,1,22,22,45,670,520,rue du général de gaulle,,,Nuit avec éclairage allumé,En agglomération,Hors intersection,Pluie légère,Sans collision,,,,,,,,,,,5,2,1,2,7.0
201600006554,0016-03-11 18:00:00,16,3,11,18,0,670,282,ZONE DE L'ELIPSE,,,Plein jour,En agglomération,Hors intersection,Normale,Sans collision,,,,,,,,,,,1,2,1,1,7.0
201600006555,0016-03-27 09:45:00,16,3,27,9,45,670,240,,,,Plein jour,Hors agglomération,Hors intersection,Pluie légère,Deux véhicules - côté,,,,,,,,,,,1,1,1,2,3.0
201600006556,0016-05-09 15:15:00,16,5,9,15,15,670,77,,,,Plein jour,Hors agglomération,Hors intersection,Normale,Sans collision,,,,,,,,,,,1,1,1,1,7.0
201600006557,0016-05-21 14:45:00,16,5,21,14,45,670,122,,,,Plein jour,Hors agglomération,Hors intersection,Normale,Deux véhicules - frontale,,,,,,,,,,,1,1,1,1,1.0
201600006558,0016-07-09 16:00:00,16,7,9,16,0,670,81,,,,Plein jour,Hors agglomération,Hors intersection,Normale,Deux véhicules - côté,,,,,,,,,,,1,1,1,1,3.0
201600006559,0016-07-13 15:00:00,16,7,13,15,0,670,520,,,,Plein jour,Hors agglomération,Hors intersection,Normale,Autre collision,,,,,,,,,,,1,1,1,1,6.0
201600006560,0016-11-08 17:45:00,16,11,8,17,45,670,282,,,,Nuit sans éclairage public,Hors agglomération,Hors intersection,Pluie légère,Trois véhicules et plus - en chaîne,,,,,,,,,,,3,1,1,2,4.0
201600006561,0016-10-03 09:00:00,16,10,3,9,0,670,240,,,,Plein jour,Hors agglomération,Hors intersection,Normale,Deux véhicules - frontale,,,,,,,,,,,1,1,1,1,1.0
201600006562,0016-11-03 15:45:00,16,11,3,15,45,670,61,,,,Crépuscule ou aube,Hors agglomération,Hors intersection,Temps éblouissant,Deux véhicules - côté,,,,,,,,,,,2,1,1,7,3.0
201600006563,0016-12-12 16:30:00,16,12,12,16,30,670,61,,,,Plein jour,Hors agglomération,Hors intersection,Temps couvert,Deux véhicules - frontale,,,,,,,,,,,1,1,1,8,1.0
201600006564,0016-05-14 10:30:00,16,5,14,10,30,670,425,rue de Monswiller,,,Plein jour,En agglomération,Hors intersection,Temps couvert,Deux véhicules - frontale,,,,,,,,,,,1,2,1,8,1.0
201600006565,0016-08-06 05:30:00,16,8,6,5,30,670,478,,,,Crépuscule ou aube,Hors agglomération,Hors intersection,Normale,Deux véhicules - arrière,,,,,,,,,,,2,1,1,1,2.0
201600006566,0016-08-13 22:45:00,16,8,13,22,45,670,553,,,,Nuit sans éclairage public,Hors agglomération,Hors intersection,Normale,Deux véhicules - côté,,,,,,,,,,,3,1,1,1,3.0
201600006567,0016-10-07 12:45:00,16,10,7,12,45,670,302,,,,Plein jour,Hors agglomération,Hors intersection,Normale,Deux véhicules - frontale,,,,,,,,,,,1,1,1,1,1.0
201600006568,0016-10-07 15:45:00,16,10,7,15,45,670,149,,,,Plein jour,Hors agglomération,Hors intersection,Normale,Deux véhicules - frontale,,,,,,,,,,,1,1,1,1,1.0
201600006569,0016-11-23 17:45:00,16,11,23,17,45,670,149,,,,Nuit sans éclairage public,Hors agglomération,Hors intersection,Normale,Deux véhicules - côté,,,,,,,,,,,3,1,1,1,3.0
201600006570,0016-12-14 16:15:00,16,12,14,16,15,670,244,,,,Plein jour,Hors agglomération,Hors intersection,Temps couvert,Deux véhicules - côté,,,,,,,,,,,1,1,1,8,3.0
201600006571,0016-03-24 16:30:00,16,3,24,16,30,670,278,,48.938,7.205,Plein jour,Hors agglomération,Hors intersection,Normale,Sans collision,,,,,,,,,,,1,1,1,1,7.0
201600006572,0016-04-02 06:45:00,16,4,2,6,45,670,509,,,,Crépuscule ou aube,Hors agglomération,Hors intersection,Normale,Deux véhicules - frontale,,,,,,,,,,,2,1,1,1,1.0
201600006573,0016-04-14 18:30:00,16,4,14,18,30,670,156,,48.714,7.757,Plein jour,Hors agglomération,Autre intersection,Normale,Deux véhicules - côté,,,,,,,,,,,1,1,9,1,3.0
201600006574,0016-10-11 20:15:00,16,10,11,20,15,670,230,,48.813,7.827,Nuit sans éclairage public,Hors agglomération,Hors intersection,Normale,Autre collision,,,,,,,,,,,3,1,1,1,6.0
201600006575,0016-11-30 13:15:00,16,11,30,13,15,670,67,Rue de l'Ecole,48.733,7.71,Plein jour,En agglomération,Hors intersection,Normale,Deux véhicules - côté,,,,,,,,,,,1,2,1,1,3.0
201600006576,0016-02-01 11:30:00,16,2,1,11,30,670,452,rue du kirchberg,,,Plein jour,En agglomération,Intersection en T,Temps couvert,Deux véhicules - côté,,,,,,,,,,,1,2,3,8,3.0
201600006577,0016-02-26 14:00:00,16,2,26,14,0,670,214,route des romains,,,Plein jour,En agglomération,Giratoire,Normale,Deux véhicules - frontale,,,,,,,,,,,1,2,6,1,1.0
201600006578,0016-05-17 16:15:00,16,5,17,16,15,670,5,,,,Plein jour,Hors agglomération,Hors intersection,Normale,Deux véhicules - côté,,,,,,,,,,,1,1,1,1,3.0
201600006579,0016-06-05 15:30:00,16,6,5,15,30,670,375,"26, Rue Principale",,,Plein jour,En agglomération,Hors intersection,Normale,Deux véhicules - côté,,,,,,,,,,,1,2,1,1,3.0
201600006580,0016-07-30 14:00:00,16,7,30,14,0,670,153,,,,Plein jour,Hors agglomération,Hors intersection,Normale,Autre collision,,,,,,,,,,,1,1,1,1,6.0
201600006581,0016-09-06 16:45:00,16,9,6,16,45,670,375,,,,Plein jour,Hors agglomération,Hors intersection,Normale,Autre collision,,,,,,,,,,,1,1,1,1,6.0
201600006582,0016-11-01 16:00:00,16,11,1,16,0,670,150,rue de Molsheim,,,Plein jour,En agglomération,Intersection en T,Normale,Trois véhicules et plus - collisions multiples,,,,,,,,,,,1,2,3,1,5.0
201600006583,0016-12-22 06:45:00,16,12,22,6,45,670,214,,,,Nuit sans éclairage public,Hors agglomération,Hors intersection,Brouillard / fumée,Deux véhicules - frontale,,,,,,,,,,,3,1,1,5,1.0
201600006584,0016-01-16 21:45:00,16,1,16,21,45,670,151,,,,Nuit sans éclairage public,Hors agglomération,Hors intersection,Autre,Deux véhicules - frontale,,,,,,,,,,,3,1,1,9,1.0
201600006585,0016-05-26 21:15:00,16,5,26,21,15,670,205,,,,Nuit sans éclairage public,Hors agglomération,Hors intersection,Normale,Autre collision,,,,,,,,,,,3,1,1,1,6.0
201600006586,0016-06-19 09:30:00,16,6,19,9,30,670,519,,,,Plein jour,Hors agglomération,Hors intersection,Normale,Autre collision,,,,,,,,,,,1,1,1,1,6.0
201600006587,0016-07-02 11:30:00,16,7,2,11,30,670,151,RUE LAMARTINE,,,Plein jour,En agglomération,Hors intersection,Temps couvert,Deux véhicules - côté,,,,,,,,,,,1,2,1,8,3.0
201600006588,0016-08-05 08:45:00,16,8,5,8,45,670,519,,,,Plein jour,Hors agglomération,Hors intersection,Normale,Deux véhicules - frontale,,,,,,,,,,,1,1,1,1,1.0
201600006589,0016-04-12 18:15:00,16,4,12,18,15,670,65,rue principale,,,Plein jour,En agglomération,Hors intersection,Pluie légère,Deux véhicules - côté,,,,,,,,,,,1,2,1,2,3.0
201600006590,0016-05-16 20:00:00,16,5,16,20,0,670,350,34 rue Canal,,,Plein jour,En agglomération,Hors intersection,Normale,Sans collision,,,,,,,,,,,1,2,1,1,7.0
201600006591,0016-05-26 19:00:00,16,5,26,19,0,670,118,Avenue du Gal de Gaulle,,,Plein jour,En agglomération,Hors intersection,Normale,Deux véhicules - arrière,,,,,,,,,,,1,2,1,1,2.0
201600006592,0016-08-08 08:15:00,16,8,8,8,15,670,551,Route de Wasselonne,,,Plein jour,En agglomération,Giratoire,Normale,Deux véhicules - frontale,,,,,,,,,,,1,2,6,1,1.0
201600006593,0016-12-16 08:45:00,16,12,16,8,45,670,118,,,,Crépuscule ou aube,Hors agglomération,Hors intersection,Brouillard / fumée,Deux véhicules - frontale,,,,,,,,,,,2,1,1,5,1.0
201600006594,0016-02-08 09:15:00,16,2,8,9,15,670,239,,,,Plein jour,Hors agglomération,Hors intersection,Normale,Trois véhicules et plus - collisions multiples,,,,,,,,,,,1,1,1,1,5.0
201600006595,0016-03-23 16:45:00,16,3,23,16,45,670,115,30 rue de muttersholtz,,,Plein jour,En agglomération,Hors intersection,Normale,Deux véhicules - côté,,,,,,,,,,,1,2,1,1,3.0
201600006596,0016-05-08 11:00:00,16,5,8,11,0,670,63,,,,Plein jour,Hors agglomération,Hors intersection,Normale,Autre collision,,,,,,,,,,,1,1,1,1,6.0
201600006597,0016-05-09 17:15:00,16,5,9,17,15,670,362,,,,Plein jour,Hors agglomération,Hors intersection,Normale,Deux véhicules - côté,,,,,,,,,,,1,1,1,1,3.0
201600006598,0016-06-12 09:15:00,16,6,12,9,15,670,143,,,,Plein jour,Hors agglomération,Intersection en T,Normale,Deux véhicules - côté,,,,,,,,,,,1,1,3,1,3.0
201600006599,0016-08-03 15:30:00,16,8,3,15,30,670,362,,,,Plein jour,Hors agglomération,Hors intersection,Normale,Autre collision,,,,,,,,,,,1,1,1,1,6.0
201600006600,0016-09-18 02:00:00,16,9,18,2,0,670,490,37 RUE DE L'EGLISE,,,Nuit avec éclairage allumé,En agglomération,Hors intersection,Pluie légère,Deux véhicules - frontale,,,,,,,,,,,5,2,1,2,1.0
201600006601,0016-10-05 07:15:00,16,10,5,7,15,670,73,,,,Crépuscule ou aube,Hors agglomération,Hors intersection,Normale,Autre collision,,,,,,,,,,,2,1,1,1,6.0
201600006602,0016-10-31 14:30:00,16,10,31,14,30,670,239,,,,Plein jour,Hors agglomération,Hors intersection,Normale,Deux véhicules - frontale,,,,,,,,,,,1,1,1,1,1.0
201600006603,0016-12-07 17:15:00,16,12,7,17,15,670,426,,,,Crépuscule ou aube,Hors agglomération,Hors intersection,Brouillard / fumée,Autre collision,,,,,,,,,,,2,1,1,5,6.0
201600006604,0016-12-23 12:30:00,16,12,23,12,30,670,493,,,,Plein jour,Hors agglomération,Hors intersection,Normale,Deux véhicules - côté,,,,,,,,,,,1,1,1,1,3.0
201600006605,0016-02-21 16:15:00,16,2,21,16,15,670,125,,,,Plein jour,Hors agglomération,Hors intersection,Normale,Deux véhicules - frontale,,,,,,,,,,,1,1,1,1,1.0
201600006606,0016-04-10 17:30:00,16,4,10,17,30,670,21,,,,Plein jour,Hors agglomération,Hors intersection,Normale,Autre collision,,,,,,,,,,,1,1,1,1,6.0
201600006607,0016-04-24 08:45:00,16,4,24,8,45,670,125,,,,Plein jour,Hors agglomération,Hors intersection,Normale,Deux véhicules - arrière,,,,,,,,,,,1,1,1,1,2.0
201600006608,0016-05-05 18:30:00,16,5,5,18,30,670,295,,,,Plein jour,Hors agglomération,Hors intersection,Normale,Deux véhicules - frontale,,,,,,,,,,,1,1,1,1,1.0
201600006609,0016-05-31 17:00:00,16,5,31,17,0,670,21,,,,Plein jour,Hors agglomération,Place,Normale,Autre collision,,,,,,,,,,,1,1,7,1,6.0
201600006610,0016-06-20 17:30:00,16,6,20,17,30,670,21,,,,Plein jour,Hors agglomération,Hors intersection,Normale,Sans collision,,,,,,,,,,,1,1,1,1,7.0
201600006611,0016-07-09 14:00:00,16,7,9,14,0,670,120,,,,Plein jour,Hors agglomération,Hors intersection,Normale,Deux véhicules - côté,,,,,,,,,,,1,1,1,1,3.0
201600006612,0016-08-10 17:45:00,16,8,10,17,45,670,21,13 rue du Gal Vandenberg,,,Plein jour,En agglomération,Hors intersection,Normale,Deux véhicules - frontale,,,,,,,,,,,1,2,1,1,1.0
201600006613,0016-09-23 16:45:00,16,9,23,16,45,670,21,avenue des vosges,,,Plein jour,En agglomération,Giratoire,Normale,Deux véhicules - côté,,,,,,,,,,,1,2,6,1,3.0
201600006614,0016-09-29 14:30:00,16,9,29,14,30,670,481,D05,,,Plein jour,En agglomération,Hors intersection,Normale,Deux véhicules - côté,,,,,,,,,,,1,2,1,1,3.0
201600006615,0016-02-23 12:15:00,16,2,23,12,15,670,547,,,,Plein jour,Hors agglomération,Hors intersection,Pluie légère,Deux véhicules - côté,,,,,,,,,,,1,1,1,2,3.0
201600006616,0016-03-20 16:30:00,16,3,20,16,30,670,486,rue de Saasenheim,,,Plein jour,En agglomération,Hors intersection,Normale,Deux véhicules - côté,,,,,,,,,,,1,2,1,1,3.0
201600006617,0016-04-25 12:15:00,16,4,25,12,15,670,281,32 rue Foch,,,Plein jour,En agglomération,Hors intersection,Normale,Deux véhicules - arrière,,,,,,,,,,,1,2,1,1,2.0
201600006618,0016-05-04 18:30:00,16,5,4,18,30,670,281,,,,Plein jour,En agglomération,Hors intersection,Normale,Autre collision,,,,,,,,,,,1,2,1,1,6.0
201600006619,0016-05-12 19:30:00,16,5,12,19,30,670,196,,,,Plein jour,Hors agglomération,Hors intersection,Pluie légère,Sans collision,,,,,,,,,,,1,1,1,2,7.0
201600006620,0016-05-18 16:45:00,16,5,18,16,45,670,121,,,,Plein jour,Hors agglomération,Hors intersection,Normale,Sans collision,,,,,,,,,,,1,1,1,1,7.0
201600006621,0016-06-29 21:00:00,16,6,29,21,0,670,19,,,,Plein jour,Hors agglomération,Hors intersection,Normale,Autre collision,,,,,,,,,,,1,1,1,1,6.0
201600006622,0016-07-06 00:15:00,16,7,6,0,15,670,486,,,,Nuit sans éclairage public,Hors agglomération,Hors intersection,Normale,Autre collision,,,,,,,,,,,3,1,1,1,6.0
201600006623,0016-07-17 20:45:00,16,7,17,20,45,670,281,16 rue du Maréchal FOCH,,,Plein jour,En agglomération,Hors intersection,Normale,Deux véhicules - arrière,,,,,,,,,,,1,2,1,1,2.0
201600006624,0016-08-06 17:45:00,16,8,6,17,45,670,281,3 cité de l'étang,,,Plein jour,En agglomération,Autre intersection,Normale,Sans collision,,,,,,,,,,,1,2,9,1,7.0
201600006625,0016-08-07 18:30:00,16,8,7,18,30,670,311,,,,Plein jour,Hors agglomération,Hors intersection,Normale,Autre collision,,,,,,,,,,,1,1,1,1,6.0
201600006626,0016-09-27 16:00:00,16,9,27,16,0,670,196,,,,Plein jour,Hors agglomération,Hors intersection,Normale,Deux véhicules - frontale,,,,,,,,,,,1,1,1,1,1.0
201600006627,0016-09-29 13:15:00,16,9,29,13,15,670,422,,,,Plein jour,Hors agglomération,Hors intersection,Normale,Deux véhicules - frontale,,,,,,,,,,,1,1,1,1,1.0
201600006628,0016-10-06 07:15:00,16,10,6,7,15,670,19,,,,Plein jour,Hors agglomération,Hors intersection,Normale,Autre collision,,,,,,,,,,,1,1,1,1,6.0
201600006629,0016-11-03 07:30:00,16,11,3,7,30,670,281,,,,Crépuscule ou aube,Hors agglomération,Hors intersection,Normale,Sans collision,,,,,,,,,,,2,1,1,1,7.0
201600006630,0016-11-25 22:45:00,16,11,25,22,45,670,196,,,,Nuit sans éclairage public,Hors agglomération,Hors intersection,Normale,Deux véhicules - frontale,,,,,,,,,,,3,1,1,1,1.0
201600006631,0016-12-07 06:45:00,16,12,7,6,45,670,281,15 rue de l'Alma,,,Nuit avec éclairage allumé,En agglomération,Hors intersection,Brouillard / fumée,Autre collision,,,,,,,,,,,5,2,1,5,6.0
201600006632,0016-02-07 21:00:00,16,2,7,21,0,670,351,,,,Nuit sans éclairage public,Hors agglomération,Hors intersection,Autre,Sans collision,,,,,,,,,,,3,1,1,9,7.0
201600006633,0016-04-06 15:30:00,16,4,6,15,30,670,75,,,,Plein jour,Hors agglomération,Hors intersection,Normale,Autre collision,,,,,,,,,,,1,1,1,1,6.0
201600006634,0016-05-07 15:00:00,16,5,7,15,0,670,75,,,,Plein jour,Hors agglomération,Hors intersection,Normale,Sans collision,,,,,,,,,,,1,1,1,1,7.0
201600006635,0016-05-20 15:45:00,16,5,20,15,45,670,400,,,,Plein jour,Hors agglomération,Hors intersection,Normale,Autre collision,,,,,,,,,,,1,1,1,1,6.0
201600006636,0016-05-29 10:45:00,16,5,29,10,45,670,544,,,,Plein jour,Hors agglomération,Hors intersection,Normale,Sans collision,,,,,,,,,,,1,1,1,1,7.0
201600006637,0016-06-30 16:45:00,16,6,30,16,45,670,400,,,,Plein jour,Hors agglomération,Hors intersection,Normale,Deux véhicules - frontale,,,,,,,,,,,1,1,1,1,1.0
201600006638,0016-08-30 18:45:00,16,8,30,18,45,670,544,,,,Plein jour,Hors agglomération,Hors intersection,Normale,Sans collision,,,,,,,,,,,1,1,1,1,7.0
201600006639,0016-10-16 14:30:00,16,10,16,14,30,670,416,rue principale,,,Plein jour,En agglomération,Hors intersection,Normale,Deux véhicules - côté,,,,,,,,,,,1,2,1,1,3.0
201600006640,0016-11-14 05:45:00,16,11,14,5,45,670,544,,,,Nuit sans éclairage public,Hors agglomération,Hors intersection,Normale,Autre collision,,,,,,,,,,,3,1,1,1,6.0
201600006641,0016-12-06 07:45:00,16,12,6,7,45,670,351,,,,Plein jour,Hors agglomération,Hors intersection,Brouillard / fumée,Sans collision,,,,,,,,,,,1,1,1,5,7.0
201600006642,0016-01-13 14:45:00,16,1,13,14,45,670,261,Route du rhin,,,Plein jour,En agglomération,Hors intersection,Pluie légère,Deux véhicules - côté,,,,,,,,,,,1,2,1,2,3.0
201600006643,0016-02-18 23:15:00,16,2,18,23,15,670,327,9 place Notre-dame-du-Ch,48.976,8.098,Nuit sans éclairage public,En agglomération,Hors intersection,Normale,Autre collision,,,,,,,,,,,3,2,1,1,6.0
201600006644,0016-04-29 07:45:00,16,4,29,7,45,670,432,,48.988,8.084,Plein jour,Hors agglomération,Hors intersection,Normale,Autre collision,,,,,,,,,,,1,1,1,1,6.0
201600006645,0016-05-18 14:30:00,16,5,18,14,30,670,330,7 rue de la Gare,,,Plein jour,En agglomération,Hors intersection,Normale,Deux véhicules - frontale,,,,,,,,,,,1,2,1,1,1.0
201600006646,0016-11-17 10:15:00,16,11,17,10,15,670,261,RUE DES PECHEURS,,,Plein jour,En agglomération,Intersection en X,Pluie légère,Deux véhicules - côté,,,,,,,,,,,1,2,2,2,3.0
201600006647,0016-12-30 10:45:00,16,12,30,10,45,670,327,,,,Plein jour,Hors agglomération,Hors intersection,Brouillard / fumée,Sans collision,,,,,,,,,,,1,1,1,5,7.0
201600006648,0016-12-30 20:15:00,16,12,30,20,15,670,261,,,,Nuit sans éclairage public,Hors agglomération,Passage à niveau,Brouillard / fumée,Autre collision,,,,,,,,,,,3,1,8,5,6.0
201600006649,0016-01-08 08:00:00,16,1,8,8,0,670,487,"PV, rue Docteur Deutsch",,,Crépuscule ou aube,En agglomération,Hors intersection,Normale,Autre collision,,,,,,,,,,,2,2,1,1,6.0
201600006650,0016-01-14 18:00:00,16,1,14,18,0,670,474,RUE DU DOCTEUR DEUTSCH,,,Nuit avec éclairage allumé,En agglomération,Hors intersection,Pluie forte,Autre collision,,,,,,,,,,,5,2,1,3,6.0
201600006651,0016-01-22 23:15:00,16,1,22,23,15,670,474,,,,Nuit sans éclairage public,Hors agglomération,Hors intersection,Neige / grêle,Sans collision,,,,,,,,,,,3,1,1,4,7.0
201600006652,0016-03-23 10:30:00,16,3,23,10,30,670,206,,,,Plein jour,Hors agglomération,Hors intersection,Pluie légère,Deux véhicules - frontale,,,,,,,,,,,1,1,1,2,1.0
201600006653,0016-04-18 18:15:00,16,4,18,18,15,670,339,40 rue de l'Herbe,,,Plein jour,En agglomération,Hors intersection,Normale,Autre collision,,,,,,,,,,,1,2,1,1,6.0
201600006654,0016-07-26 14:45:00,16,7,26,14,45,670,487,,,,Plein jour,Hors agglomération,Autre intersection,Normale,Deux véhicules - arrière,,,,,,,,,,,1,1,9,1,2.0
201600006655,0016-08-24 01:30:00,16,8,24,1,30,670,339,,,,Nuit sans éclairage public,Hors agglomération,Hors intersection,Normale,Autre collision,,,,,,,,,,,3,1,1,1,6.0
201600006656,0016-12-10 19:45:00,16,12,10,19,45,670,487,,,,Nuit sans éclairage public,Hors agglomération,Hors intersection,Pluie légère,Sans collision,,,,,,,,,,,3,1,1,2,7.0
201600006657,0016-01-25 09:30:00,16,1,25,9,30,670,110,,,,Plein jour,Hors agglomération,Hors intersection,Temps éblouissant,Deux véhicules - côté,,,,,,,,,,,1,1,1,7,3.0
201600006658,0016-01-13 17:45:00,16,1,13,17,45,670,110,15 route de haguenau,,,Nuit avec éclairage allumé,En agglomération,Hors intersection,Pluie légère,Autre collision,,,,,,,,,,,5,2,1,2,6.0
201600006659,0016-04-23 13:30:00,16,4,23,13,30,670,550,,,,Plein jour,Hors agglomération,Hors intersection,Pluie légère,Deux véhicules - frontale,,,,,,,,,,,1,1,1,2,1.0
201600006660,0016-05-26 15:15:00,16,5,26,15,15,670,334,,,,Plein jour,Hors agglomération,Hors intersection,Normale,Deux véhicules - frontale,,,,,,,,,,,1,1,1,1,1.0
201600006661,0016-06-23 15:30:00,16,6,23,15,30,670,263,,,,Plein jour,Hors agglomération,Hors intersection,Normale,Deux véhicules - frontale,,,,,,,,,,,1,1,1,1,1.0
201600006662,0016-07-17 01:45:00,16,7,17,1,45,670,160,,,,Nuit sans éclairage public,Hors agglomération,Hors intersection,Normale,Autre collision,,,,,,,,,,,3,1,1,1,6.0
201600006663,0016-07-24 21:00:00,16,7,24,21,0,670,550,,,,Nuit avec éclairage allumé,Hors agglomération,Hors intersection,Normale,Autre collision,,,,,,,,,,,5,1,1,1,6.0