accident_id,datetime,annee,mois,jour,heure,minute,departement,commune_insee,adresse,latitude,longitude,luminosite,agglomeration,intersection,meteo,collision,nb_vehicules,nb_usagers,nb_indemnes,nb_tues,nb_blesses_hosp,nb_blesses_legers,age_cond_1,age_cond_2,veh_type_cond_1,veh_type_cond_2,lum_code,agg_code,int_code,atm_code,col_code
201600006664,0016-07-31 23:00:00,16,7,31,23,0,670,550,,,,Nuit sans éclairage public,Hors agglomération,Hors intersection,Normale,Deux véhicules - frontale,,,,,,,,,,,3,1,1,1,1.0
201600006665,0016-08-13 11:15:00,16,8,13,11,15,670,263,,,,Plein jour,Hors agglomération,Hors intersection,Normale,Sans collision,,,,,,,,,,,1,1,1,1,7.0
201600006666,0016-09-25 15:30:00,16,9,25,15,30,670,353,,,,Plein jour,Hors agglomération,Hors intersection,Normale,Autre collision,,,,,,,,,,,1,1,1,1,6.0
201600006667,0016-10-16 15:00:00,16,10,16,15,0,670,550,,,,Plein jour,Hors agglomération,Hors intersection,Normale,Sans collision,,,,,,,,,,,1,1,1,1,7.0
201600006668,0016-03-01 07:30:00,16,3,1,7,30,680,226,rue Sébastopol,48.03999,7.13499,Plein jour,En agglomération,Hors intersection,Normale,Autre collision,,,,,,,,,,,1,2,1,1,6.0
201600006669,0016-01-09 19:45:00,16,1,9,19,45,680,19,,48.09153,7.56678,Nuit sans éclairage public,Hors agglomération,Hors intersection,Normale,Autre collision,,,,,,,,,,,3,1,1,1,6.0
201600006670,0016-01-12 21:30:00,16,1,12,21,30,680,146,,48.12691,7.36656,Nuit avec éclairage allumé,Hors agglomération,Hors intersection,Normale,Autre collision,,,,,,,,,,,5,1,1,1,6.0
201600006671,0016-02-11 02:45:00,16,2,11,2,45,680,227,16 rue principale,48.10207,7.47131,Nuit avec éclairage allumé,En agglomération,Hors intersection,Normale,Autre collision,,,,,,,,,,,5,2,1,1,6.0
201600006672,0016-02-12 17:45:00,16,2,12,17,45,680,146,ZAC Buhllfeld,48.133,7.368,Crépuscule ou aube,En agglomération,Hors intersection,Pluie légère,Autre collision,,,,,,,,,,,2,2,1,2,6.0
201600006673,0016-03-02 12:00:00,16,3,2,12,0,680,295,,48.02741,7.40212,Plein jour,Hors agglomération,Intersection en X,Pluie légère,Deux véhicules - côté,,,,,,,,,,,1,1,2,2,3.0
201600006674,0016-04-18 09:15:00,16,4,18,9,15,680,295,,48.01569,7.3536,Plein jour,Hors agglomération,Hors intersection,Pluie légère,Deux véhicules - frontale,,,,,,,,,,,1,1,1,2,1.0
201600006675,0016-05-01 14:00:00,16,5,1,14,0,680,157,,48.11989,7.47641,Plein jour,En agglomération,Intersection en Y,Normale,Deux véhicules - frontale,,,,,,,,,,,1,2,4,1,1.0
201600006676,0016-05-03 15:15:00,16,5,3,15,15,680,145,GRAND RUE,48.08505,7.39686,Plein jour,En agglomération,Intersection en T,Normale,Deux véhicules - côté,,,,,,,,,,,1,2,3,1,3.0
201600006677,0016-05-04 13:30:00,16,5,4,13,30,680,367,rue des mûriers,48.06315,7.47377,Plein jour,En agglomération,Intersection en T,Normale,Deux véhicules - côté,,,,,,,,,,,1,2,3,1,3.0
201600006678,0016-07-06 17:00:00,16,7,6,17,0,680,7,,48.0514,7.45288,Plein jour,Hors agglomération,Intersection en T,Normale,Deux véhicules - arrière,,,,,,,,,,,1,1,3,1,2.0
201600006679,0016-07-29 17:30:00,16,7,29,17,30,680,145,34 grand'rue,48.08141,7.39172,Plein jour,En agglomération,Hors intersection,Normale,Deux véhicules - arrière,,,,,,,,,,,1,2,1,1,2.0
201600006680,0016-10-23 23:15:00,16,10,23,23,15,680,227,6 rue du rhin,48.10124,7.47955,Nuit avec éclairage allumé,En agglomération,Intersection en T,Normale,Deux véhicules - côté,,,,,,,,,,,5,2,3,1,3.0
201600006681,0016-10-29 20:15:00,16,10,29,20,15,680,331,,48.04777,7.46046,Nuit sans éclairage public,Hors agglomération,Hors intersection,Normale,Autre collision,,,,,,,,,,,3,1,1,1,6.0
201600006682,0016-11-29 03:30:00,16,11,29,3,30,680,367,,48.05772,7.4975,Nuit sans éclairage public,Hors agglomération,Hors intersection,Normale,Sans collision,,,,,,,,,,,3,1,1,1,7.0
201600006683,0016-12-07 06:45:00,16,12,7,6,45,680,367,,48.06553,7.46825,Crépuscule ou aube,Hors agglomération,Hors intersection,Neige / grêle,Deux véhicules - frontale,,,,,,,,,,,2,1,1,4,1.0
201600006684,0016-12-11 06:00:00,16,12,11,6,0,680,38,,48.08806,7.42997,Nuit sans éclairage public,Hors agglomération,Hors intersection,Normale,Sans collision,,,,,,,,,,,3,1,1,1,7.0
201600006685,0016-12-15 07:45:00,16,12,15,7,45,680,143,27 RUE DU GEN DE GAULLE,,,Plein jour,En agglomération,Hors intersection,Brouillard / fumée,Deux véhicules - arrière,,,,,,,,,,,1,2,1,5,2.0
201600006686,0016-12-21 05:15:00,16,12,21,5,15,680,19,,48.09131,7.56576,Nuit sans éclairage public,Hors agglomération,Hors intersection,Normale,Autre collision,,,,,,,,,,,3,1,1,1,6.0
201600006687,0016-12-29 08:30:00,16,12,29,8,30,680,345,,48.09054,7.48885,Plein jour,Hors agglomération,Hors intersection,Neige / grêle,Sans collision,,,,,,,,,,,1,1,1,4,7.0
201600006688,0016-03-26 15:00:00,16,3,26,15,0,680,173,,48.10293,7.18376,Plein jour,Hors agglomération,Hors intersection,Normale,Deux véhicules - côté,,,,,,,,,,,1,1,1,1,3.0
201600006689,0016-06-08 10:45:00,16,6,8,10,45,680,209,21b route du vin,48.15,7.32086,Plein jour,En agglomération,Hors intersection,Temps couvert,Deux véhicules - côté,,,,,,,,,,,1,2,1,8,3.0
201600006690,0016-06-23 08:15:00,16,6,23,8,15,680,162,rue du 18 décembre,,,Plein jour,En agglomération,Hors intersection,Normale,Autre collision,,,,,,,,,,,1,2,1,1,6.0
201600006691,0016-07-08 11:00:00,16,7,8,11,0,680,164,,48.13384,7.29037,Plein jour,Hors agglomération,Intersection en T,Normale,Deux véhicules - côté,,,,,,,,,,,1,1,3,1,3.0
201600006692,0016-07-28 14:00:00,16,7,28,14,0,680,173,,48.08475,7.18606,Plein jour,Hors agglomération,Hors intersection,Normale,Deux véhicules - côté,,,,,,,,,,,1,1,1,1,3.0
201600006693,0016-08-08 15:45:00,16,8,8,15,45,680,5,,48.13448,7.27188,Plein jour,Hors agglomération,Hors intersection,Normale,Deux véhicules - arrière,,,,,,,,,,,1,1,1,1,2.0
201600006694,0016-08-14 10:45:00,16,8,14,10,45,680,5,,48.13209,7.28988,Plein jour,Hors agglomération,Hors intersection,Temps éblouissant,Deux véhicules - côté,,,,,,,,,,,1,1,1,7,3.0
201600006695,0016-09-13 16:30:00,16,9,13,16,30,680,249,,48.1298,7.09174,Plein jour,Hors agglomération,Hors intersection,Normale,Sans collision,,,,,,,,,,,1,1,1,1,7.0
201600006696,0016-10-13 15:00:00,16,10,13,15,0,680,162,,48.14286,7.18192,Plein jour,Hors agglomération,Hors intersection,Normale,Deux véhicules - frontale,,,,,,,,,,,1,1,1,1,1.0
201600006697,0016-11-17 21:30:00,16,11,17,21,30,680,26,,48.13443,7.34122,Nuit sans éclairage public,Hors agglomération,Hors intersection,Normale,Autre collision,,,,,,,,,,,3,1,1,1,6.0
201600006698,0016-03-31 18:15:00,16,3,31,18,15,680,226,Grand'rue,48.04173,7.13311,Plein jour,En agglomération,Hors intersection,Normale,Deux véhicules - côté,,,,,,,,,,,1,2,1,1,3.0
201600006699,0016-04-21 18:45:00,16,4,21,18,45,680,358,,48.00764,7.17485,Plein jour,Hors agglomération,Hors intersection,Normale,Autre collision,,,,,,,,,,,1,1,1,1,6.0
201600006700,0016-06-11 02:45:00,16,6,11,2,45,680,226,rue Tassigny,48.03888,7.14278,Nuit sans éclairage public,En agglomération,Hors intersection,Normale,Autre collision,,,,,,,,,,,3,2,1,1,6.0
201600006701,0016-07-09 21:00:00,16,7,9,21,0,680,226,12 rue des gentianes,48.04022,7.15667,Plein jour,En agglomération,Hors intersection,Normale,Deux véhicules - arrière,,,,,,,,,,,1,2,1,1,2.0
201600006702,0016-06-26 14:45:00,16,6,26,14,45,680,142,rue Principale,48.05803,7.13034,Plein jour,Hors agglomération,Hors intersection,Normale,Sans collision,,,,,,,,,,,1,1,1,1,7.0
201600006703,0016-06-30 12:30:00,16,6,30,12,30,680,204,,48.0059,7.07344,Plein jour,Hors agglomération,Hors intersection,Normale,Autre collision,,,,,,,,,,,1,1,1,1,6.0
201600006704,0016-07-11 19:30:00,16,7,11,19,30,680,329,rue d'Ampfersbach,48.05252,7.09579,Plein jour,En agglomération,Intersection en T,Normale,Deux véhicules - côté,,,,,,,,,,,1,2,3,1,3.0
201600006705,0016-08-23 12:45:00,16,8,23,12,45,680,329,,48.0542,7.10072,Plein jour,En agglomération,Hors intersection,Normale,Autre collision,,,,,,,,,,,1,2,1,1,6.0
201600006706,0016-08-30 12:00:00,16,8,30,12,0,680,226,1 rue André LAMEY,48.04242,7.13562,Plein jour,En agglomération,Intersection en X,Temps éblouissant,Autre collision,,,,,,,,,,,1,2,2,7,6.0
201600006707,0016-11-24 17:50:00,16,11,24,17,50,680,226,GIRATOIRE SUPER U,48.04238,7.1601,Nuit avec éclairage allumé,En agglomération,Giratoire,Normale,Deux véhicules - côté,,,,,,,,,,,5,2,6,1,3.0
201600006708,0016-12-01 15:45:00,16,12,1,15,45,680,226,GRAND RUE 1,48.04116,7.13695,Plein jour,En agglomération,Hors intersection,Normale,Autre collision,,,,,,,,,,,1,2,1,1,6.0
201600006709,0016-06-02 09:00:00,16,6,2,9,0,680,69,,47.98947,7.47868,Plein jour,Hors agglomération,Hors intersection,Pluie légère,Autre collision,,,,,,,,,,,1,1,1,2,6.0
201600006710,0016-06-09 17:15:00,16,6,9,17,15,680,351,,48.00345,7.59349,Plein jour,Hors agglomération,Hors intersection,Normale,Deux véhicules - frontale,,,,,,,,,,,1,1,1,1,1.0
201600006711,0016-06-10 12:15:00,16,6,10,12,15,680,69,,47.96565,7.49361,Plein jour,Hors agglomération,Intersection en T,Normale,Deux véhicules - arrière,,,,,,,,,,,1,1,3,1,2.0
201600006712,0016-10-21 01:45:00,16,10,21,1,45,680,379,,,,Nuit sans éclairage public,Hors agglomération,Hors intersection,Normale,Autre collision,,,,,,,,,,,3,1,1,1,6.0
201600006713,0016-10-31 15:45:00,16,10,31,15,45,680,1,,48.01125,7.55471,Plein jour,Hors agglomération,Giratoire,Normale,Sans collision,,,,,,,,,,,1,1,6,1,7.0
201600006714,0016-11-09 09:15:00,16,11,9,9,15,680,231,,48.01373,7.53321,Plein jour,Hors agglomération,Intersection en X,Normale,Deux véhicules - frontale,,,,,,,,,,,1,1,2,1,1.0
201600006715,0016-11-30 20:30:00,16,11,30,20,30,680,36,,48.05367,7.51588,Nuit sans éclairage public,Hors agglomération,Hors intersection,Normale,Deux véhicules - frontale,,,,,,,,,,,3,1,1,1,1.0
201600006716,0016-12-07 07:45:00,16,12,7,7,45,680,16,,47.93082,7.48874,Plein jour,Hors agglomération,Hors intersection,Brouillard / fumée,Deux véhicules - frontale,,,,,,,,,,,1,1,1,5,1.0
201600006717,0016-12-12 17:45:00,16,12,12,17,45,680,36,,48.05477,7.55692,Nuit sans éclairage public,Hors agglomération,Intersection en Y,Normale,Deux véhicules - côté,,,,,,,,,,,3,1,4,1,3.0
201600006718,0016-02-14 14:30:00,16,2,14,14,30,680,28,,48.20843,7.40545,Plein jour,Hors agglomération,Hors intersection,Temps couvert,Deux véhicules - côté,,,,,,,,,,,1,1,1,8,3.0
201600006719,0016-06-01 08:45:00,16,6,1,8,45,680,28,chemin Weibelsgass,48.20429,7.35398,Plein jour,En agglomération,Intersection en T,Normale,Deux véhicules - frontale,,,,,,,,,,,1,2,3,1,1.0
201600006720,0016-07-03 04:00:00,16,7,3,4,0,680,269,,48.17656,7.34278,Nuit sans éclairage public,Hors agglomération,Hors intersection,Normale,Deux véhicules - frontale,,,,,,,,,,,3,1,1,1,1.0
201600006721,0016-11-26 21:00:00,16,11,26,21,0,680,147,,48.1773,7.32392,Nuit sans éclairage public,Hors agglomération,Hors intersection,Normale,Sans collision,,,,,,,,,,,3,1,1,1,7.0
201600006722,0016-01-08 17:30:00,16,1,8,17,30,680,298,50 rue jean jaurès,48.25206,7.1947,Nuit avec éclairage allumé,En agglomération,Intersection en T,Pluie forte,Autre collision,,,,,,,,,,,5,2,3,3,6.0
201600006723,0016-03-16 07:30:00,16,3,16,7,30,680,185,,48.26906,7.26445,Plein jour,Hors agglomération,Hors intersection,Normale,Trois véhicules et plus - collisions multiples,,,,,,,,,,,1,1,1,1,5.0
201600006724,0016-05-21 08:00:00,16,5,21,8,0,680,298,,48.25153,7.15454,Plein jour,Hors agglomération,Hors intersection,Normale,Sans collision,,,,,,,,,,,1,1,1,1,7.0
201600006725,0016-06-29 17:15:00,16,6,29,17,15,680,294,,48.25586,7.20404,Plein jour,Hors agglomération,Intersection en T,Temps éblouissant,Trois véhicules et plus - collisions multiples,,,,,,,,,,,1,1,3,7,5.0
201600006726,0016-10-22 13:15:00,16,10,22,13,15,680,283,rue des Beaux Champs,48.27981,7.27181,Plein jour,En agglomération,Intersection en X,Normale,Deux véhicules - frontale,,,,,,,,,,,1,2,2,1,1.0
201600006727,0016-11-16 14:00:00,16,11,16,14,0,680,185,,48.26683,7.29955,Plein jour,Hors agglomération,Hors intersection,Pluie légère,Deux véhicules - frontale,,,,,,,,,,,1,1,1,2,1.0
201600006728,0016-12-02 14:15:00,16,12,2,14,15,680,298,,48.25089,7.19177,Plein jour,Hors agglomération,Intersection en T,Normale,Sans collision,,,,,,,,,,,1,1,3,1,7.0
201600006729,0016-01-03 21:30:00,16,1,3,21,30,680,365,,48.05428,7.3105,Nuit sans éclairage public,Hors agglomération,Giratoire,Pluie légère,Sans collision,,,,,,,,,,,3,1,6,2,7.0
201600006730,0016-02-01 08:45:00,16,2,1,8,45,680,338,,48.09466,7.23542,Plein jour,Hors agglomération,Hors intersection,Normale,Autre collision,,,,,,,,,,,1,1,1,1,6.0
201600006731,0016-02-07 11:45:00,16,2,7,11,45,680,155,121 ROUTE DE COLMAR,48.08983,7.31776,Plein jour,En agglomération,Hors intersection,Pluie légère,Sans collision,,,,,,,,,,,1,2,1,2,7.0
201600006732,0016-02-26 18:00:00,16,2,26,18,0,680,365,219 route de Rouffach,48.0545,7.33139,Crépuscule ou aube,En agglomération,Hors intersection,Normale,Autre collision,,,,,,,,,,,2,2,1,1,6.0
201600006733,0016-03-10 22:45:00,16,3,10,22,45,680,78,,48.04955,7.31715,Nuit sans éclairage public,Hors agglomération,Hors intersection,Normale,Autre collision,,,,,,,,,,,3,1,1,1,6.0
201600006734,0016-03-18 17:15:00,16,3,18,17,15,680,374,12 rue Hertzog,48.08629,7.31404,Plein jour,En agglomération,Hors intersection,Normale,Deux véhicules - frontale,,,,,,,,,,,1,2,1,1,1.0
201600006735,0016-03-01 07:45:00,16,3,1,7,45,680,155,2 rte de Turckheim,48.09451,7.30565,Plein jour,En agglomération,Giratoire,Normale,Deux véhicules - côté,,,,,,,,,,,1,2,6,1,3.0
201600006736,0016-07-02 15:00:00,16,7,2,15,0,680,365,,48.06538,7.30899,Plein jour,Hors agglomération,Intersection en Y,Normale,Deux véhicules - côté,,,,,,,,,,,1,1,4,1,3.0
201600006737,0016-09-02 11:45:00,16,9,2,11,45,680,78,,48.03586,7.29633,Plein jour,Hors agglomération,Hors intersection,Normale,Sans collision,,,,,,,,,,,1,1,1,1,7.0
201600006738,0016-09-23 09:30:00,16,9,23,9,30,680,338,route des trois Epis,48.08384,7.25844,Plein jour,En agglomération,Intersection en X,Normale,Deux véhicules - côté,,,,,,,,,,,1,2,2,1,3.0
201600006739,0016-09-27 15:15:00,16,9,27,15,15,680,374,rue herzog logelbach,48.08558,7.31382,Plein jour,En agglomération,Giratoire,Normale,Autre collision,,,,,,,,,,,1,2,6,1,6.0
201600006740,0016-09-25 17:00:00,16,9,25,17,0,680,155,rue de la Hardt,,,Plein jour,Hors agglomération,Hors intersection,Normale,Deux véhicules - arrière,,,,,,,,,,,1,1,1,1,2.0
201600006741,0016-09-29 12:30:00,16,9,29,12,30,680,374,ROND POINT RD1 BIS RD11,48.08435,7.3104,Plein jour,En agglomération,Giratoire,Normale,Sans collision,,,,,,,,,,,1,2,6,1,7.0
201600006742,0016-10-12 17:30:00,16,10,12,17,30,680,374,,,,Plein jour,Hors agglomération,Hors intersection,Normale,Deux véhicules - côté,,,,,,,,,,,1,1,1,1,3.0
201600006743,0016-10-19 17:45:00,16,10,19,17,45,680,155,,48.09172,7.32085,Plein jour,Hors agglomération,Giratoire,Normale,Trois véhicules et plus - en chaîne,,,,,,,,,,,1,1,6,1,4.0
201600006744,0016-10-15 19:00:00,16,10,15,19,0,680,78,,48.04748,7.32222,Nuit sans éclairage public,Hors agglomération,Hors intersection,Normale,Sans collision,,,,,,,,,,,3,1,1,1,7.0
201600006745,0016-10-31 14:45:00,16,10,31,14,45,680,374,,48.08019,7.31191,Plein jour,Hors agglomération,Hors intersection,Normale,Trois véhicules et plus - en chaîne,,,,,,,,,,,1,1,1,1,4.0
201600006746,0016-10-22 20:15:00,16,10,22,20,15,680,155,1 route d'Ammerschwihr,48.0991,7.30247,Nuit avec éclairage allumé,En agglomération,Intersection en T,Normale,Deux véhicules - côté,,,,,,,,,,,5,2,3,1,3.0
201600006747,0016-11-09 11:15:00,16,11,9,11,15,680,155,01 rue des trois epis,48.099,7.306,Plein jour,En agglomération,Hors intersection,Normale,Autre collision,,,,,,,,,,,1,2,1,1,6.0
201600006748,0016-11-19 14:45:00,16,11,19,14,45,680,155,,,,Plein jour,Hors agglomération,Hors intersection,Normale,Autre collision,,,,,,,,,,,1,1,1,1,6.0
201600006749,0016-12-22 08:15:00,16,12,22,8,15,680,374,RD83 - WETTOLSHEIM,,,Plein jour,En agglomération,Hors intersection,Normale,Deux véhicules - arrière,,,,,,,,,,,1,2,1,1,2.0
201600006750,0016-01-04 11:45:00,16,1,4,11,45,680,222,rue du ruisseau,,,Plein jour,En agglomération,Hors intersection,Normale,Autre collision,,,,,,,,,,,1,2,1,1,6.0
201600006751,0016-01-05 19:30:00,16,1,5,19,30,680,187,,47.52783,7.40046,Nuit sans éclairage public,Hors agglomération,Hors intersection,Pluie légère,Deux véhicules - côté,,,,,,,,,,,3,1,1,2,3.0
201600006752,0016-02-17 16:15:00,16,2,17,16,15,680,139,,47.57724,7.2104,Plein jour,Hors agglomération,Hors intersection,Normale,Deux véhicules - frontale,,,,,,,,,,,1,1,1,1,1.0
201600006753,0016-06-24 21:45:00,16,6,24,21,45,680,355,Rue du 19 novembre,47.54798,7.30291,Nuit avec éclairage allumé,En agglomération,Hors intersection,Normale,Sans collision,,,,,,,,,,,5,2,1,1,7.0
201600006754,0016-06-29 16:15:00,16,6,29,16,15,680,4,Rue du troisième Zouave,47.62363,7.24117,Plein jour,En agglomération,Hors intersection,Normale,Sans collision,,,,,,,,,,,1,2,1,1,7.0
201600006755,0016-07-16 10:30:00,16,7,16,10,30,680,187,,47.52187,7.41672,Plein jour,Hors agglomération,Hors intersection,Normale,Deux véhicules - frontale,,,,,,,,,,,1,1,1,1,1.0
201600006756,0016-08-05 13:30:00,16,8,5,13,30,680,138,,47.6064,7.25845,Plein jour,Hors agglomération,Hors intersection,Temps couvert,Autre collision,,,,,,,,,,,1,1,1,8,6.0
201600006757,0016-08-20 13:30:00,16,8,20,13,30,680,377,ROUTE D'ALTKIRCH,47.62374,7.27082,Plein jour,En agglomération,Hors intersection,Normale,Deux véhicules - côté,,,,,,,,,,,1,2,1,1,3.0
201600006758,0016-08-24 18:30:00,16,8,24,18,30,680,148,"D 16, pk 20 + 650",47.60233,7.34257,Plein jour,En agglomération,Intersection en T,Normale,Sans collision,,,,,,,,,,,1,2,3,1,7.0
201600006759,0016-10-18 14:45:00,16,10,18,14,45,680,96,,,,Plein jour,Hors agglomération,Hors intersection,Normale,Deux véhicules - côté,,,,,,,,,,,1,1,1,1,3.0
201600006760,0016-10-25 23:15:00,16,10,25,23,15,680,333,7 rue de Belfort,,,Nuit avec éclairage allumé,En agglomération,Hors intersection,Normale,Autre collision,,,,,,,,,,,5,2,1,1,6.0
201600006761,0016-11-23 16:45:00,16,11,23,16,45,680,377,,47.61559,7.26412,Plein jour,Hors agglomération,Hors intersection,Normale,Sans collision,,,,,,,,,,,1,1,1,1,7.0
201600006762,0016-12-01 14:30:00,16,12,1,14,30,680,17,D 419,,,Plein jour,En agglomération,Hors intersection,Normale,Deux véhicules - côté,,,,,,,,,,,1,2,1,1,3.0
201600006763,0016-02-09 09:45:00,16,2,9,9,45,680,50,,47.65225,7.04684,Plein jour,Hors agglomération,Intersection en X,Normale,Deux véhicules - côté,,,,,,,,,,,1,1,2,1,3.0
201600006764,0016-02-19 08:45:00,16,2,19,8,45,680,86,,47.67774,7.12011,Plein jour,Hors agglomération,Hors intersection,Normale,Autre collision,,,,,,,,,,,1,1,1,1,6.0
201600006765,0016-04-21 10:45:00,16,4,21,10,45,680,215,,47.62446,7.02652,Plein jour,Hors agglomération,Hors intersection,Normale,Sans collision,,,,,,,,,,,1,1,1,1,7.0
201600006766,0016-04-28 01:15:00,16,4,28,1,15,680,152,,47.68342,7.27642,Nuit sans éclairage public,Hors agglomération,Hors intersection,Normale,Autre collision,,,,,,,,,,,3,1,1,1,6.0
201600006767,0016-05-08 02:00:00,16,5,8,2,0,680,127,,47.65664,7.22233,Nuit sans éclairage public,Hors agglomération,Giratoire,Normale,Deux véhicules - côté,,,,,,,,,,,3,1,6,1,3.0
201600006768,0016-05-12 15:30:00,16,5,12,15,30,680,152,,47.67166,7.26696,Plein jour,En agglomération,Passage à niveau,Pluie forte,Autre collision,,,,,,,,,,,1,2,8,3,6.0
201600006769,0016-06-24 11:15:00,16,6,24,11,15,680,68,25 rue de bale,47.63043,7.12174,Plein jour,En agglomération,Hors intersection,Normale,Deux véhicules - arrière,,,,,,,,,,,1,2,1,1,2.0
201600006770,0016-08-03 14:45:00,16,8,3,14,45,680,68,,47.66691,7.22037,Plein jour,Hors agglomération,Hors intersection,Normale,Sans collision,,,,,,,,,,,1,1,1,1,7.0
201600006771,0016-08-18 19:00:00,16,8,18,19,0,680,68,62 rue de bâle,47.63058,7.13453,Plein jour,En agglomération,Hors intersection,Normale,Autre collision,,,,,,,,,,,1,2,1,1,6.0
201600006772,0016-10-02 07:45:00,16,10,2,7,45,680,356,39 grand-rue,47.64043,7.2646,Crépuscule ou aube,En agglomération,Hors intersection,Normale,Autre collision,,,,,,,,,,,2,2,1,1,6.0
201600006773,0016-11-19 18:00:00,16,11,19,18,0,680,125,44 rue principale,47.69561,7.12059,Nuit avec éclairage allumé,En agglomération,Hors intersection,Pluie légère,Sans collision,,,,,,,,,,,5,2,1,2,7.0
201600006774,0016-12-01 12:15:00,16,12,1,12,15,680,127,,47.66635,7.25144,Plein jour,Hors agglomération,Hors intersection,Normale,Autre collision,,,,,,,,,,,1,1,1,1,6.0
201600006775,0016-12-02 18:00:00,16,12,2,18,0,680,81,,,,Nuit sans éclairage public,Hors agglomération,Hors intersection,Normale,Sans collision,,,,,,,,,,,3,1,1,1,7.0
201600006776,0016-12-06 07:15:00,16,12,6,7,15,680,77,70 route de Hegenbach,47.66141,7.18744,Crépuscule ou aube,En agglomération,Hors intersection,Brouillard / fumée,Autre collision,,,,,,,,,,,2,2,1,5,6.0
201600006777,0016-12-06 12:30:00,16,12,6,12,30,680,200,,47.6169,7.08746,Plein jour,Hors agglomération,Hors intersection,Normale,Autre collision,,,,,,,,,,,1,1,1,1,6.0
201600006778,0016-12-15 06:45:00,16,12,15,6,45,680,119,28 rue de Cernay,,,Crépuscule ou aube,En agglomération,Hors intersection,Autre,Deux véhicules - côté,,,,,,,,,,,2,2,1,9,3.0
201600006779,0016-12-30 09:45:00,16,12,30,9,45,680,52,,,,Plein jour,Hors agglomération,Hors intersection,Normale,Deux véhicules - côté,,,,,,,,,,,1,1,1,1,3.0
201600006780,0016-04-02 16:15:00,16,4,2,16,15,680,181,rue du gros verger,47.45039,7.20303,Plein jour,En agglomération,Intersection en T,Normale,Deux véhicules - côté,,,,,,,,,,,1,2,3,1,3.0
201600006781,0016-04-08 16:30:00,16,4,8,16,30,680,347,51 rue de Ferrette,47.49812,7.30669,Plein jour,En agglomération,Hors intersection,Normale,Deux véhicules - côté,,,,,,,,,,,1,2,1,1,3.0
201600006782,0016-06-25 15:00:00,16,6,25,15,0,680,98,"16, rue de Lepuix",47.96283,7.14941,Plein jour,En agglomération,Place,Normale,Autre collision,,,,,,,,,,,1,2,7,1,6.0
201600006783,0016-07-06 09:00:00,16,7,6,9,0,680,306,,47.53562,7.18723,Plein jour,Hors agglomération,Hors intersection,Normale,Autre collision,,,,,,,,,,,1,1,1,1,6.0
201600006784,0016-01-03 05:00:00,16,1,3,5,0,680,258,,47.8334,7.27613,Nuit sans éclairage public,Hors agglomération,Hors intersection,Normale,Autre collision,,,,,,,,,,,3,1,1,1,6.0
201600006785,0016-01-03 17:15:00,16,1,3,17,15,680,242,,47.97608,7.37371,Nuit sans éclairage public,Hors agglomération,Intersection en T,Normale,Deux véhicules - côté,,,,,,,,,,,3,1,3,1,3.0
201600006786,0016-02-08 19:45:00,16,2,8,19,45,680,82,,47.83655,7.34201,Nuit sans éclairage public,Hors agglomération,Hors intersection,Pluie forte,Deux véhicules - arrière,,,,,,,,,,,3,1,1,3,2.0
201600006787,0016-04-20 12:30:00,16,4,20,12,30,680,41,,47.89831,7.53732,Plein jour,Hors agglomération,Hors intersection,Normale,Deux véhicules - côté,,,,,,,,,,,1,1,1,1,3.0
201600006788,0016-04-15 19:30:00,16,4,15,19,30,680,82,D4B,47.86727,7.339,Crépuscule ou aube,En agglomération,Hors intersection,Normale,Deux véhicules - frontale,,,,,,,,,,,2,2,1,1,1.0
201600006789,0016-05-26 08:45:00,16,5,26,8,45,680,266,Intersection RD47-CD201,47.89765,7.35334,Plein jour,En agglomération,Intersection en X,Normale,Deux véhicules - côté,,,,,,,,,,,1,2,2,1,3.0
201600006790,0016-06-25 09:30:00,16,6,25,9,30,680,266,,47.89764,7.35335,Plein jour,Hors agglomération,Intersection en X,Normale,Deux véhicules - frontale,,,,,,,,,,,1,1,2,1,1.0
201600006791,0016-07-01 17:00:00,16,7,1,17,0,680,82,,47.86975,7.36329,Plein jour,Hors agglomération,Hors intersection,Temps éblouissant,Deux véhicules - frontale,,,,,,,,,,,1,1,1,7,1.0
201600006792,0016-07-15 19:45:00,16,7,15,19,45,680,82,,47.87658,7.38947,Plein jour,Hors agglomération,Intersection en T,Normale,Deux véhicules - côté,,,,,,,,,,,1,1,3,1,3.0
201600006793,0016-09-06 23:30:00,16,9,6,23,30,680,82,D2 PK 16,47.86741,7.34976,Nuit avec éclairage allumé,En agglomération,Hors intersection,Normale,Autre collision,,,,,,,,,,,5,2,1,1,6.0
201600006794,0016-09-10 09:00:00,16,9,10,9,0,680,242,,,,Plein jour,Hors agglomération,Hors intersection,Normale,Deux véhicules - arrière,,,,,,,,,,,1,1,1,1,2.0
201600006795,0016-09-12 15:00:00,16,9,12,15,0,680,258,rue d'Ensisheim,47.8406,7.31296,Plein jour,En agglomération,Giratoire,Normale,Deux véhicules - côté,,,,,,,,,,,1,2,6,1,3.0