accident_id,datetime,annee,mois,jour,heure,minute,departement,commune_insee,adresse,latitude,longitude,luminosite,agglomeration,intersection,meteo,collision,nb_vehicules,nb_usagers,nb_indemnes,nb_tues,nb_blesses_hosp,nb_blesses_legers,age_cond_1,age_cond_2,veh_type_cond_1,veh_type_cond_2,lum_code,agg_code,int_code,atm_code,col_code
201600006796,0016-09-15 05:00:00,16,9,15,5,0,680,37,,47.95017,7.41209,Nuit sans éclairage public,Hors agglomération,Hors intersection,Normale,Autre collision,,,,,,,,,,,3,1,1,1,6.0
201600006797,0016-09-27 15:45:00,16,9,27,15,45,680,258,,,,Plein jour,Hors agglomération,Hors intersection,Normale,Deux véhicules - côté,,,,,,,,,,,1,1,1,1,3.0
201600006798,0016-10-03 15:15:00,16,10,3,15,15,680,140,,47.91277,7.46324,Plein jour,Hors agglomération,Hors intersection,Normale,Deux véhicules - frontale,,,,,,,,,,,1,1,1,1,1.0
201600006799,0016-10-06 13:30:00,16,10,6,13,30,680,91,,47.91713,7.56524,Plein jour,Hors agglomération,Intersection en X,Normale,Deux véhicules - côté,,,,,,,,,,,1,1,2,1,3.0
201600006800,0016-10-09 16:30:00,16,10,9,16,30,680,290,,,,Plein jour,Hors agglomération,Hors intersection,Normale,Sans collision,,,,,,,,,,,1,1,1,1,7.0
201600006801,0016-10-05 19:45:00,16,10,5,19,45,680,140,,47.89057,7.41617,Nuit sans éclairage public,Hors agglomération,Hors intersection,Normale,Autre collision,,,,,,,,,,,3,1,1,1,6.0
201600006802,0016-10-14 17:45:00,16,10,14,17,45,680,266,,47.90459,7.40187,Plein jour,Hors agglomération,Intersection en X,Normale,Deux véhicules - côté,,,,,,,,,,,1,1,2,1,3.0
201600006803,0016-10-30 22:45:00,16,10,30,22,45,680,82,,,,Nuit sans éclairage public,Hors agglomération,Giratoire,Brouillard / fumée,Autre collision,,,,,,,,,,,3,1,6,5,6.0
201600006804,0016-10-31 19:15:00,16,10,31,19,15,680,228,,47.92938,7.35973,Nuit sans éclairage public,Hors agglomération,Hors intersection,Brouillard / fumée,Deux véhicules - côté,,,,,,,,,,,3,1,1,5,3.0
201600006805,0016-11-02 22:15:00,16,11,2,22,15,680,242,,47.96492,7.40713,Nuit sans éclairage public,Hors agglomération,Hors intersection,Brouillard / fumée,Sans collision,,,,,,,,,,,3,1,1,5,7.0
201600006806,0016-11-05 12:00:00,16,11,5,12,0,680,41,,,,Plein jour,Hors agglomération,Hors intersection,Pluie légère,Autre collision,,,,,,,,,,,1,1,1,2,6.0
201600006807,0016-11-07 08:15:00,16,11,7,8,15,680,242,,47.97126,7.37319,Plein jour,Hors agglomération,Hors intersection,Pluie forte,Deux véhicules - frontale,,,,,,,,,,,1,1,1,3,1.0
201600006808,0016-11-15 18:45:00,16,11,15,18,45,680,225,,47.85551,7.45144,Nuit sans éclairage public,Hors agglomération,Intersection en Y,Normale,Deux véhicules - arrière,,,,,,,,,,,3,1,4,1,2.0
201600006809,0016-11-19 19:30:00,16,11,19,19,30,680,235,,,,Nuit sans éclairage public,Hors agglomération,Hors intersection,Normale,Deux véhicules - frontale,,,,,,,,,,,3,1,1,1,1.0
201600006810,0016-11-21 17:45:00,16,11,21,17,45,680,225,,,,Nuit sans éclairage public,Hors agglomération,Hors intersection,Pluie légère,Autre collision,,,,,,,,,,,3,1,1,2,6.0
201600006811,0016-12-01 13:45:00,16,12,1,13,45,680,82,place de verdun,,,Plein jour,En agglomération,Giratoire,Normale,Deux véhicules - frontale,,,,,,,,,,,1,2,6,1,1.0
201600006812,0016-12-07 07:15:00,16,12,7,7,15,680,91,,,,Crépuscule ou aube,Hors agglomération,Hors intersection,Brouillard / fumée,Sans collision,,,,,,,,,,,2,1,1,5,7.0
201600006813,0016-12-07 08:45:00,16,12,7,8,45,680,140,,47.88873,7.44413,Plein jour,Hors agglomération,Hors intersection,Normale,Sans collision,,,,,,,,,,,1,1,1,1,7.0
201600006814,0016-12-10 20:00:00,16,12,10,20,0,680,228,,,,Nuit sans éclairage public,Hors agglomération,Hors intersection,Normale,Sans collision,,,,,,,,,,,3,1,1,1,7.0
201600006815,0016-12-15 08:45:00,16,12,15,8,45,680,258,24 rue de Guebwiller,,,Plein jour,En agglomération,Hors intersection,Brouillard / fumée,Sans collision,,,,,,,,,,,1,2,1,5,7.0
201600006816,0016-12-19 05:45:00,16,12,19,5,45,680,82,,,,Nuit sans éclairage public,Hors agglomération,Hors intersection,Normale,Autre collision,,,,,,,,,,,3,1,1,1,6.0
201600006817,0016-12-22 17:00:00,16,12,22,17,0,680,258,Rue d'ensisheim,47.83482,7.3026,Nuit avec éclairage allumé,En agglomération,Intersection en X,Normale,Autre collision,,,,,,,,,,,5,2,2,1,6.0
201600006818,0016-12-28 00:15:00,16,12,28,0,15,680,258,,,,Nuit sans éclairage public,Hors agglomération,Hors intersection,Normale,Sans collision,,,,,,,,,,,3,1,1,1,7.0
201600006819,0016-12-29 07:55:00,16,12,29,7,55,680,242,,47.97908,7.37492,Crépuscule ou aube,Hors agglomération,Hors intersection,Brouillard / fumée,Sans collision,,,,,,,,,,,2,1,1,5,7.0
201600006820,0016-12-29 10:30:00,16,12,29,10,30,680,140,,47.88873,7.44445,Plein jour,Hors agglomération,Hors intersection,Brouillard / fumée,Sans collision,,,,,,,,,,,1,1,1,5,7.0
201600006821,0016-12-31 15:30:00,16,12,31,15,30,680,266,,47.90098,7.33111,Plein jour,Hors agglomération,Hors intersection,Temps couvert,Autre collision,,,,,,,,,,,1,1,1,8,6.0
201600006822,0016-03-06 12:15:00,16,3,6,12,15,680,255,rue de la chapelle,47.9823,7.29125,Plein jour,En agglomération,Intersection en T,Normale,Deux véhicules - côté,,,,,,,,,,,1,2,3,1,3.0
201600006823,0016-03-22 20:00:00,16,3,22,20,0,680,255,,47.9805,7.29413,Nuit sans éclairage public,Hors agglomération,Hors intersection,Normale,Deux véhicules - arrière,,,,,,,,,,,3,1,1,1,2.0
201600006824,0016-05-29 19:15:00,16,5,29,19,15,680,255,rue du Schauenberg,47.98397,7.28587,Crépuscule ou aube,En agglomération,Intersection en T,Pluie légère,Sans collision,,,,,,,,,,,2,2,3,2,7.0
201600006825,0016-06-10 15:00:00,16,6,10,15,0,680,251,,48.00521,7.21383,Plein jour,Hors agglomération,Hors intersection,Normale,Sans collision,,,,,,,,,,,1,1,1,1,7.0
201600006826,0016-07-16 01:45:00,16,7,16,1,45,680,251,,47.97941,7.22664,Nuit sans éclairage public,Hors agglomération,Hors intersection,Temps couvert,Sans collision,,,,,,,,,,,3,1,1,8,7.0
201600006827,0016-08-18 11:00:00,16,8,18,11,0,680,364,,47.94801,7.2462,Plein jour,Hors agglomération,Hors intersection,Normale,Sans collision,,,,,,,,,,,1,1,1,1,7.0
201600006828,0016-09-08 14:30:00,16,9,8,14,30,680,318,,47.96919,7.2149,Plein jour,Hors agglomération,Intersection en T,Normale,Deux véhicules - côté,,,,,,,,,,,1,1,3,1,3.0
201600006829,0016-09-14 17:15:00,16,9,14,17,15,680,123,,,,Plein jour,Hors agglomération,Hors intersection,Normale,Autre collision,,,,,,,,,,,1,1,1,1,6.0
201600006830,0016-09-30 18:45:00,16,9,30,18,45,680,287,,,,Plein jour,Hors agglomération,Hors intersection,Normale,Autre collision,,,,,,,,,,,1,1,1,1,6.0
201600006831,0016-10-07 21:15:00,16,10,7,21,15,680,134,,48.01309,7.30757,Nuit sans éclairage public,Hors agglomération,Hors intersection,Normale,Sans collision,,,,,,,,,,,3,1,1,1,7.0
201600006832,0016-10-08 16:30:00,16,10,8,16,30,680,116,Rue de ROUFFACH,47.93382,7.2934,Plein jour,En agglomération,Hors intersection,Normale,Trois véhicules et plus - collisions multiples,,,,,,,,,,,1,2,1,1,5.0
201600006833,0016-11-04 14:15:00,16,11,4,14,15,680,287,09 rue louis pasteur,47.95997,7.29227,Plein jour,En agglomération,Hors intersection,Normale,Deux véhicules - côté,,,,,,,,,,,1,2,1,1,3.0
201600006834,0016-11-09 18:15:00,16,11,9,18,15,680,287,,47.96078,7.30855,Nuit sans éclairage public,Hors agglomération,Hors intersection,Pluie légère,Deux véhicules - arrière,,,,,,,,,,,3,1,1,2,2.0
201600006835,0016-11-08 12:55:00,16,11,8,12,55,680,116,,,,Plein jour,Hors agglomération,Hors intersection,Normale,Autre collision,,,,,,,,,,,1,1,1,1,6.0
201600006836,0016-11-26 15:30:00,16,11,26,15,30,680,318,26 rue de la vallée,47.95979,7.24148,Plein jour,En agglomération,Hors intersection,Normale,Sans collision,,,,,,,,,,,1,2,1,1,7.0
201600006837,0016-01-05 14:00:00,16,1,5,14,0,680,154,Avenue des rives de l'il,47.77239,7.36102,Plein jour,En agglomération,Hors intersection,Temps couvert,Autre collision,,,,,,,,,,,1,2,1,8,6.0
201600006838,0016-01-06 17:45:00,16,1,6,17,45,680,154,33 RUE DES VOSGES,47.77918,7.33964,Nuit avec éclairage allumé,En agglomération,Hors intersection,Pluie légère,Autre collision,,,,,,,,,,,5,2,1,2,6.0
201600006839,0016-01-06 17:45:00,16,1,6,17,45,680,154,rue de Mulhouse,47.77525,7.34652,Nuit avec éclairage allumé,En agglomération,Hors intersection,Pluie légère,Autre collision,,,,,,,,,,,5,2,1,2,6.0
201600006840,0016-01-20 13:00:00,16,1,20,13,0,680,154,FRIBOURG AVENUE 226,47.76381,7.37531,Plein jour,En agglomération,Intersection en X,Normale,Deux véhicules - côté,,,,,,,,,,,1,2,2,1,3.0
201600006841,0016-06-12 17:45:00,16,6,12,17,45,680,154,rue des jonquilles,47.76358,7.36686,Plein jour,En agglomération,Hors intersection,Normale,Autre collision,,,,,,,,,,,1,2,1,1,6.0
201600006842,0016-10-27 19:00:00,16,10,27,19,0,680,154,3 rue du chateau d'eau,47.79093,7.34773,Nuit avec éclairage allumé,En agglomération,Intersection en X,Normale,Deux véhicules - côté,,,,,,,,,,,5,2,2,1,3.0
201600006843,0016-11-28 06:45:00,16,11,28,6,45,680,154,36 rue de riedisheim,47.76279,7.36304,Nuit sans éclairage public,En agglomération,Intersection en X,Temps couvert,Autre collision,,,,,,,,,,,3,2,2,8,6.0
201600006844,0016-12-06 12:00:00,16,12,6,12,0,680,154,Grand Chemin de Sausheim,47.76023,7.37785,Plein jour,En agglomération,Hors intersection,Brouillard / fumée,Autre collision,,,,,,,,,,,1,2,1,5,6.0
201600006845,0016-12-08 11:00:00,16,12,8,11,0,680,154,avenue de Fribourg,47.76238,7.37304,Plein jour,En agglomération,Hors intersection,Normale,Trois véhicules et plus - en chaîne,,,,,,,,,,,1,2,1,1,4.0
201600006846,0016-12-13 12:45:00,16,12,13,12,45,680,154,81 rue de mulhouse,47.76548,7.34738,Plein jour,En agglomération,Intersection en Y,Normale,Deux véhicules - côté,,,,,,,,,,,1,2,4,1,3.0
201600006847,0016-12-27 09:00:00,16,12,27,9,0,680,154,48 AVENUE DE BELGIQUE,47.76735,7.36802,Plein jour,En agglomération,Hors intersection,Normale,Deux véhicules - côté,,,,,,,,,,,1,2,1,1,3.0
201600006848,0016-12-28 14:00:00,16,12,28,14,0,680,154,RUE DES VOSGES,47.77954,7.34562,Plein jour,En agglomération,Intersection en T,Normale,Deux véhicules - côté,,,,,,,,,,,1,2,3,1,3.0
201600006849,0016-02-19 12:45:00,16,2,19,12,45,680,270,64 RUE PRINCIPALE,47.77958,7.28142,Plein jour,En agglomération,Hors intersection,Pluie légère,Autre collision,,,,,,,,,,,1,2,1,2,6.0
201600006850,0016-05-25 13:45:00,16,5,25,13,45,680,195,4 rue verdi,47.74719,7.28479,Plein jour,En agglomération,Hors intersection,Normale,Autre collision,,,,,,,,,,,1,2,1,1,6.0
201600006851,0016-06-29 20:30:00,16,6,29,20,30,680,195,D20,47.75854,7.29253,Plein jour,En agglomération,Intersection en T,Normale,Deux véhicules - côté,,,,,,,,,,,1,2,3,1,3.0
201600006852,0016-07-05 11:00:00,16,7,5,11,0,680,384,faubourg de mulhouse,47.70227,7.30801,Plein jour,En agglomération,Hors intersection,Normale,Deux véhicules - arrière,,,,,,,,,,,1,2,1,1,2.0
201600006853,0016-07-08 02:00:00,16,7,8,2,0,680,195,,47.76203,7.26363,Nuit sans éclairage public,Hors agglomération,Hors intersection,Normale,Deux véhicules - arrière,,,,,,,,,,,3,1,1,1,2.0
201600006854,0016-02-11 17:45:00,16,2,11,17,45,680,135,rue de Hegenheim,,,Crépuscule ou aube,En agglomération,Hors intersection,Pluie légère,Autre collision,,,,,,,,,,,2,2,1,2,6.0
201600006855,0016-04-22 16:45:00,16,4,22,16,45,680,121,22 avenue de souprosse,47.52525,7.47835,Plein jour,En agglomération,Intersection en T,Normale,Deux véhicules - côté,,,,,,,,,,,1,2,3,1,3.0
201600006856,0016-05-06 12:45:00,16,5,6,12,45,680,286,8 RUE DE KEMBS,47.63793,7.53375,Plein jour,En agglomération,Hors intersection,Normale,Autre collision,,,,,,,,,,,1,2,1,1,6.0
201600006857,0016-05-23 00:30:00,16,5,23,0,30,680,135,rue des tulipes,47.57934,7.53121,Nuit avec éclairage allumé,En agglomération,Intersection en T,Pluie légère,Autre collision,,,,,,,,,,,5,2,3,2,6.0
201600006858,0016-06-24 12:15:00,16,6,24,12,15,680,135,,47.59086,7.54997,Plein jour,Hors agglomération,Intersection en X,Normale,Deux véhicules - frontale,,,,,,,,,,,1,1,2,1,1.0
201600006859,0016-06-25 10:45:00,16,6,25,10,45,680,120,82A rue de hégenheim,47.54003,7.4963,Plein jour,En agglomération,Hors intersection,Normale,Deux véhicules - côté,,,,,,,,,,,1,2,1,1,3.0
201600006860,0016-06-23 09:15:00,16,6,23,9,15,680,182,,47.50178,7.486,Plein jour,Hors agglomération,Hors intersection,Normale,Sans collision,,,,,,,,,,,1,1,1,1,7.0
201600006861,0016-07-12 15:30:00,16,7,12,15,30,680,135,,47.56965,7.49875,Plein jour,Hors agglomération,Hors intersection,Temps couvert,Deux véhicules - frontale,,,,,,,,,,,1,1,1,8,1.0
201600006862,0016-07-18 08:00:00,16,7,18,8,0,680,42,,47.61957,7.48936,Plein jour,Hors agglomération,Hors intersection,Normale,Autre collision,,,,,,,,,,,1,1,1,1,6.0
201600006863,0016-08-04 08:15:00,16,8,4,8,15,680,286,5 rue de village-neuf,47.63651,7.53533,Plein jour,En agglomération,Intersection en T,Normale,Deux véhicules - côté,,,,,,,,,,,1,2,3,1,3.0
201600006864,0016-08-07 11:30:00,16,8,7,11,30,680,94,,47.53686,7.42902,Plein jour,Hors agglomération,Hors intersection,Normale,Sans collision,,,,,,,,,,,1,1,1,1,7.0
201600006865,0016-08-15 19:00:00,16,8,15,19,0,680,135,,47.587,7.521,Plein jour,Hors agglomération,Giratoire,Normale,Deux véhicules - côté,,,,,,,,,,,1,1,6,1,3.0
201600006866,0016-09-29 01:30:00,16,9,29,1,30,680,286,,47.6265,7.55477,Nuit sans éclairage public,Hors agglomération,Hors intersection,Normale,Sans collision,,,,,,,,,,,3,1,1,1,7.0
201600006867,0016-10-08 17:00:00,16,10,8,17,0,680,135,,47.571,7.49,Plein jour,Hors agglomération,Hors intersection,Normale,Trois véhicules et plus - collisions multiples,,,,,,,,,,,1,1,1,1,5.0
201600006868,0016-11-09 18:00:00,16,11,9,18,0,680,135,rue de Folgensbourg,47.578,7.516,Nuit avec éclairage allumé,En agglomération,Hors intersection,Pluie légère,Autre collision,,,,,,,,,,,5,2,1,2,6.0
201600006869,0016-01-19 19:30:00,16,1,19,19,30,680,163,rue du moulin,47.65353,7.50461,Nuit avec éclairage non allumé,En agglomération,Intersection en T,Neige / grêle,Sans collision,,,,,,,,,,,4,2,3,4,7.0
201600006870,0016-09-13 06:00:00,16,9,13,6,0,680,327,,47.62122,7.43168,Plein jour,Hors agglomération,Hors intersection,Normale,Autre collision,,,,,,,,,,,1,1,1,1,6.0
201600006871,0016-11-03 15:30:00,16,11,3,15,30,680,174,,,,Plein jour,Hors agglomération,Hors intersection,Normale,Deux véhicules - côté,,,,,,,,,,,1,1,1,1,3.0
201600006872,0016-11-11 17:45:00,16,11,11,17,45,680,309,,47.66832,7.44115,Nuit avec éclairage allumé,En agglomération,Giratoire,Pluie légère,Autre collision,,,,,,,,,,,5,2,6,2,6.0
201600006873,0016-11-24 18:30:00,16,11,24,18,30,680,163,1 rue de Habsheim,47.6908,7.50285,Nuit avec éclairage allumé,En agglomération,Intersection en X,Brouillard / fumée,Deux véhicules - côté,,,,,,,,,,,5,2,2,5,3.0
201600006874,0016-02-02 18:00:00,16,2,2,18,0,680,334,Rue Humberger,47.81241,7.09583,Nuit avec éclairage allumé,En agglomération,Passage à niveau,Normale,Autre collision,,,,,,,,,,,5,2,8,1,6.0
201600006875,0016-03-19 15:45:00,16,3,19,15,45,680,279,,47.76825,7.09025,Plein jour,Hors agglomération,Hors intersection,Normale,Sans collision,,,,,,,,,,,1,1,1,1,7.0
201600006876,0016-05-14 17:00:00,16,5,14,17,0,680,40,,47.81917,7.06035,Plein jour,Hors agglomération,Hors intersection,Normale,Sans collision,,,,,,,,,,,1,1,1,1,7.0
201600006877,0016-08-14 14:00:00,16,8,14,14,0,680,372,,47.86701,7.12161,Plein jour,Hors agglomération,Hors intersection,Normale,Deux véhicules - côté,,,,,,,,,,,1,1,1,1,3.0
201600006878,0016-08-11 12:30:00,16,8,11,12,30,680,40,rue du rhin,47.82079,7.08229,Plein jour,En agglomération,Intersection en T,Normale,Autre collision,,,,,,,,,,,1,2,3,1,6.0
201600006879,0016-09-05 13:45:00,16,9,5,13,45,680,334,121 rue Kleber,47.79884,7.10398,Plein jour,En agglomération,Hors intersection,Normale,Deux véhicules - côté,,,,,,,,,,,1,2,1,1,3.0
201600006880,0016-09-08 15:30:00,16,9,8,15,30,680,334,RUE GERTHOFFER,47.81128,7.10119,Plein jour,En agglomération,Hors intersection,Normale,Deux véhicules - côté,,,,,,,,,,,1,2,1,1,3.0
201600006881,0016-09-10 19:30:00,16,9,10,19,30,680,106,,47.88959,7.10546,Crépuscule ou aube,Hors agglomération,Hors intersection,Normale,Sans collision,,,,,,,,,,,2,1,1,1,7.0
201600006882,0016-09-16 21:00:00,16,9,16,21,0,680,12,,47.78552,7.14917,Nuit sans éclairage public,Hors agglomération,Hors intersection,Normale,Deux véhicules - arrière,,,,,,,,,,,3,1,1,1,2.0
201600006883,0016-09-24 12:45:00,16,9,24,12,45,680,180,route de thann,47.79396,7.10818,Plein jour,En agglomération,Hors intersection,Normale,Deux véhicules - frontale,,,,,,,,,,,1,2,1,1,1.0
201600006884,0016-10-02 14:15:00,16,10,2,14,15,680,106,,47.88991,7.11455,Plein jour,Hors agglomération,Hors intersection,Normale,Autre collision,,,,,,,,,,,1,1,1,1,6.0
201600006885,0016-10-04 17:55:00,16,10,4,17,55,680,348,Route de Cernay,47.8073,7.1259,Crépuscule ou aube,En agglomération,Hors intersection,Temps éblouissant,Trois véhicules et plus - en chaîne,,,,,,,,,,,2,2,1,7,4.0
201600006886,0016-10-04 18:00:00,16,10,4,18,0,680,348,Route de Cernay,47.80724,7.12469,Crépuscule ou aube,En agglomération,Hors intersection,Temps éblouissant,Deux véhicules - arrière,,,,,,,,,,,2,2,1,7,2.0
201600006887,0016-11-03 09:30:00,16,11,3,9,30,680,279,,47.76861,7.09022,Plein jour,Hors agglomération,Hors intersection,Normale,Autre collision,,,,,,,,,,,1,1,1,1,6.0
201600006888,0016-11-15 03:30:00,16,11,15,3,30,680,372,rue de la Grande Armée,47.85016,7.06347,Nuit avec éclairage allumé,En agglomération,Intersection en T,Normale,Sans collision,,,,,,,,,,,5,2,3,1,7.0
201600006889,0016-12-01 12:15:00,16,12,1,12,15,680,348,BERGER ANDRE RUE,47.80861,7.11636,Plein jour,En agglomération,Hors intersection,Normale,Autre collision,,,,,,,,,,,1,2,1,1,6.0
201600006890,0016-11-30 11:30:00,16,11,30,11,30,680,372,42 rue de la grande armé,47.84165,7.07394,Plein jour,En agglomération,Intersection en T,Normale,Deux véhicules - arrière,,,,,,,,,,,1,2,3,1,2.0
201600006891,0016-12-16 17:15:00,16,12,16,17,15,680,334,Faubourg des Vosges,47.81582,7.08701,Nuit avec éclairage allumé,En agglomération,Giratoire,Brouillard / fumée,Autre collision,,,,,,,,,,,5,2,6,5,6.0
201600006892,0016-12-28 19:00:00,16,12,28,19,0,680,348,route de mulhouse,47.80223,7.13113,Nuit avec éclairage allumé,En agglomération,Hors intersection,Normale,Autre collision,,,,,,,,,,,5,2,1,1,6.0
201600006893,0016-04-10 14:30:00,16,4,10,14,30,680,359,rue de cernay,47.83463,7.18177,Plein jour,En agglomération,Intersection en T,Normale,Deux véhicules - côté,,,,,,,,,,,1,2,3,1,3.0
201600006894,0016-05-18 16:45:00,16,5,18,16,45,680,63,17 avenue montaigne,47.80675,7.18282,Plein jour,En agglomération,Hors intersection,Normale,Deux véhicules - frontale,,,,,,,,,,,1,2,1,1,1.0
201600006895,0016-05-31 08:30:00,16,5,31,8,30,680,63,,47.80263,7.17607,Plein jour,Hors agglomération,Intersection en Y,Pluie légère,Deux véhicules - côté,,,,,,,,,,,1,1,4,2,3.0
201600006896,0016-07-03 10:30:00,16,7,3,10,30,680,63,,47.79213,7.18286,Plein jour,Hors agglomération,Hors intersection,Normale,Autre collision,,,,,,,,,,,1,1,1,1,6.0
201600006897,0016-07-12 16:45:00,16,7,12,16,45,680,63,,47.81406,7.19576,Plein jour,Hors agglomération,Hors intersection,Normale,Deux véhicules - arrière,,,,,,,,,,,1,1,1,1,2.0
201600006898,0016-09-17 14:00:00,16,9,17,14,0,680,63,,47.78813,7.17852,Plein jour,Hors agglomération,Intersection en X,Pluie légère,Deux véhicules - arrière,,,,,,,,,,,1,1,2,2,2.0
201600006899,0016-09-19 20:15:00,16,9,19,20,15,680,63,rue poincaré,,,Nuit avec éclairage allumé,En agglomération,Intersection en T,Autre,Deux véhicules - côté,,,,,,,,,,,5,2,3,9,3.0
201600006900,0016-09-23 17:30:00,16,9,23,17,30,680,63,Faubourg de belfort,47.79575,7.17264,Plein jour,En agglomération,Intersection en T,Normale,Deux véhicules - frontale,,,,,,,,,,,1,2,3,1,1.0
201600006901,0016-10-11 16:45:00,16,10,11,16,45,680,63,Echangeur RD83,47.78901,7.17788,Plein jour,Hors agglomération,Intersection en Y,Pluie légère,Deux véhicules - arrière,,,,,,,,,,,1,1,4,2,2.0
201600006902,0016-10-18 08:45:00,16,10,18,8,45,680,342,,47.83792,7.15095,Plein jour,Hors agglomération,Hors intersection,Normale,Autre collision,,,,,,,,,,,1,1,1,1,6.0
201600006903,0016-10-19 17:30:00,16,10,19,17,30,680,359,,47.84729,7.14319,Plein jour,Hors agglomération,Hors intersection,Normale,Trois véhicules et plus - collisions multiples,,,,,,,,,,,1,1,1,1,5.0
201600006904,0016-10-21 20:15:00,16,10,21,20,15,680,63,,47.79329,7.18411,Nuit sans éclairage public,Hors agglomération,Hors intersection,Normale,Autre collision,,,,,,,,,,,3,1,1,1,6.0
201600006905,0016-10-24 08:00:00,16,10,24,8,0,680,63,,47.79732,7.14972,Crépuscule ou aube,Hors agglomération,Hors intersection,Pluie légère,Trois véhicules et plus - en chaîne,,,,,,,,,,,2,1,1,2,4.0
201600006906,0016-10-27 11:45:00,16,10,27,11,45,680,63,,47.78816,7.18001,Plein jour,Hors agglomération,Hors intersection,Normale,Deux véhicules - arrière,,,,,,,,,,,1,1,1,1,2.0
201600006907,0016-10-31 10:30:00,16,10,31,10,30,680,63,42 Avenue du Général de,47.80064,7.18223,Plein jour,En agglomération,Hors intersection,Normale,Deux véhicules - côté,,,,,,,,,,,1,2,1,1,3.0
201600006908,0016-11-01 23:15:00,16,11,1,23,15,680,322,route départementale 35,47.81132,7.16102,Nuit avec éclairage allumé,En agglomération,Hors intersection,Normale,Autre collision,,,,,,,,,,,5,2,1,1,6.0
201600006909,0016-11-06 07:45:00,16,11,6,7,45,680,63,,47.78824,7.18112,Plein jour,Hors agglomération,Intersection en Y,Pluie légère,Autre collision,,,,,,,,,,,1,1,4,2,6.0
201600006910,0016-11-09 10:00:00,16,11,9,10,0,680,63,,47.79012,7.18074,Plein jour,Hors agglomération,Intersection en Y,Normale,Deux véhicules - arrière,,,,,,,,,,,1,1,4,1,2.0
201600006911,0016-12-02 18:00:00,16,12,2,18,0,680,63,,47.79997,7.1901,Nuit sans éclairage public,Hors agglomération,Hors intersection,Normale,Deux véhicules - arrière,,,,,,,,,,,3,1,1,1,2.0
201600006912,0016-12-13 08:30:00,16,12,13,8,30,680,63,,47.79313,7.18386,Crépuscule ou aube,Hors agglomération,Hors intersection,Brouillard / fumée,Deux véhicules - arrière,,,,,,,,,,,2,1,1,5,2.0
201600006913,0016-12-18 10:30:00,16,12,18,10,30,680,63,,47.84012,7.16621,Plein jour,Hors agglomération,Hors intersection,Brouillard / fumée,Autre collision,,,,,,,,,,,1,1,1,5,6.0
201600006914,0016-03-01 22:00:00,16,3,1,22,0,680,344,,47.88928,6.89949,Nuit sans éclairage public,En agglomération,Hors intersection,Neige / grêle,Deux véhicules - frontale,,,,,,,,,,,3,2,1,4,1.0
201600006915,0016-05-08 12:45:00,16,5,8,12,45,680,213,Rue du 1er Décembre,47.87128,6.97409,Plein jour,En agglomération,Intersection en T,Normale,Deux véhicules - arrière,,,,,,,,,,,1,2,3,1,2.0
201600006916,0016-05-25 14:00:00,16,5,25,14,0,680,247,,47.95055,7.00245,Plein jour,Hors agglomération,Hors intersection,Normale,Autre collision,,,,,,,,,,,1,1,1,1,6.0
201600006917,0016-06-11 12:00:00,16,6,11,12,0,680,102,RD431,47.90492,7.09061,Plein jour,En agglomération,Hors intersection,Normale,Trois véhicules et plus - collisions multiples,,,,,,,,,,,1,2,1,1,5.0
201600006918,0016-07-01 08:45:00,16,7,1,8,45,680,89,03 route de bussang,47.88857,6.99793,Plein jour,En agglomération,Hors intersection,Normale,Trois véhicules et plus - en chaîne,,,,,,,,,,,1,2,1,1,4.0
201600006919,0016-07-16 21:50:00,16,7,16,21,50,680,262,MITZACH RUE DE,47.87784,7.0155,Crépuscule ou aube,En agglomération,Hors intersection,Normale,Autre collision,,,,,,,,,,,2,2,1,1,6.0
201600006920,0016-07-30 08:00:00,16,7,30,8,0,680,89,Route Nationale 66,47.88897,6.99601,Plein jour,En agglomération,Intersection en T,Normale,Deux véhicules - côté,,,,,,,,,,,1,2,3,1,3.0
201600006921,0016-08-26 11:45:00,16,8,26,11,45,680,151,11 Rue des Romains,47.88621,6.99094,Plein jour,En agglomération,Hors intersection,Normale,Autre collision,,,,,,,,,,,1,2,1,1,6.0
201600006922,0016-10-02 17:45:00,16,10,2,17,45,680,370,,47.99798,6.96848,Plein jour,Hors agglomération,Hors intersection,Normale,Autre collision,,,,,,,,,,,1,1,1,1,6.0
201600006923,0016-10-14 13:30:00,16,10,14,13,30,680,292,,47.8782,7.01713,Plein jour,Hors agglomération,Giratoire,Normale,Autre collision,,,,,,,,,,,1,1,6,1,6.0