accident_id,datetime,annee,mois,jour,heure,minute,departement,commune_insee,adresse,latitude,longitude,luminosite,agglomeration,intersection,meteo,collision,nb_vehicules,nb_usagers,nb_indemnes,nb_tues,nb_blesses_hosp,nb_blesses_legers,age_cond_1,age_cond_2,veh_type_cond_1,veh_type_cond_2,lum_code,agg_code,int_code,atm_code,col_code
201600007054,0016-11-27 14:30:00,16,11,27,14,30,100,156,,48.282,3.864,Plein jour,Hors agglomération,Hors intersection,Normale,Autre collision,,,,,,,,,,,1,1,1,1,6.0
201600007055,0016-03-19 08:00:00,16,3,19,8,0,100,209,,48.366,4.31,Plein jour,Hors agglomération,Hors intersection,Normale,Autre collision,,,,,,,,,,,1,1,1,1,6.0
201600007056,0016-06-10 08:00:00,16,6,10,8,0,100,238,,48.24282,4.32965,Plein jour,Hors agglomération,Hors intersection,Normale,Deux véhicules - côté,,,,,,,,,,,1,1,1,1,3.0
201600007057,0016-07-21 16:00:00,16,7,21,16,0,100,375,,48.284,4.19299,Plein jour,Hors agglomération,Hors intersection,Normale,Deux véhicules - frontale,,,,,,,,,,,1,1,1,1,1.0
201600007058,0016-09-17 06:45:00,16,9,17,6,45,100,238,,48.24155,4.37269,Crépuscule ou aube,Hors agglomération,Hors intersection,Pluie légère,Sans collision,,,,,,,,,,,2,1,1,2,7.0
201600007059,0016-03-11 07:30:00,16,3,11,7,30,100,33,,48.22712,4.72291,Crépuscule ou aube,Hors agglomération,Hors intersection,Normale,Deux véhicules - frontale,,,,,,,,,,,2,1,1,1,1.0
201600007060,0016-07-18 16:00:00,16,7,18,16,0,100,48,,48.19253,4.56736,Plein jour,Hors agglomération,Hors intersection,Normale,Deux véhicules - frontale,,,,,,,,,,,1,1,1,1,1.0
201600007061,0016-10-24 10:15:00,16,10,24,10,15,100,250,,48.25787,4.67593,Plein jour,Hors agglomération,Hors intersection,Pluie forte,Autre collision,,,,,,,,,,,1,1,1,3,6.0
201600007062,0016-12-20 13:45:00,16,12,20,13,45,100,250,rue du prieuré,48.258,4.667,Plein jour,En agglomération,Hors intersection,Temps couvert,Deux véhicules - côté,,,,,,,,,,,1,2,1,8,3.0
201600007063,0016-04-13 14:00:00,16,4,13,14,0,100,372,,48.36945,4.69962,Plein jour,Hors agglomération,Hors intersection,Normale,Deux véhicules - côté,,,,,,,,,,,1,1,1,1,3.0
201600007064,0016-07-04 10:15:00,16,7,4,10,15,100,428,,48.332,4.742,Plein jour,Hors agglomération,Hors intersection,Normale,Autre collision,,,,,,,,,,,1,1,1,1,6.0
201600007065,0016-10-12 14:30:00,16,10,12,14,30,100,94,côte des vignes,48.518,4.568,Plein jour,En agglomération,Hors intersection,Normale,Deux véhicules - frontale,,,,,,,,,,,1,2,1,1,1.0
201600007066,0016-12-09 13:30:00,16,12,9,13,30,100,285,,48.42413,4.5371,Plein jour,Hors agglomération,Hors intersection,Normale,Deux véhicules - frontale,,,,,,,,,,,1,1,1,1,1.0
201600007067,0016-01-12 19:15:00,16,1,12,19,15,100,295,,48.08183,4.38412,Nuit sans éclairage public,Hors agglomération,Hors intersection,Normale,Deux véhicules - côté,,,,,,,,,,,3,1,1,1,3.0
201600007068,0016-01-23 05:45:00,16,1,23,5,45,100,261,,47.986,4.498,Nuit sans éclairage public,Hors agglomération,Hors intersection,Normale,Autre collision,,,,,,,,,,,3,1,1,1,6.0
201600007069,0016-04-12 16:30:00,16,4,12,16,30,100,295,,48.079,4.389,Plein jour,Hors agglomération,Intersection en X,Normale,Trois véhicules et plus - collisions multiples,,,,,,,,,,,1,1,2,1,5.0
201600007070,0016-04-29 12:30:00,16,4,29,12,30,100,79,,47.94041,4.25795,Plein jour,En agglomération,Hors intersection,Normale,Deux véhicules - côté,,,,,,,,,,,1,2,1,1,3.0
201600007071,0016-07-02 18:45:00,16,7,2,18,45,100,437,,48.145,4.304,Plein jour,Hors agglomération,Hors intersection,Normale,Autre collision,,,,,,,,,,,1,1,1,1,6.0
201600007072,0016-07-05 11:45:00,16,7,5,11,45,100,68,,48.05431,4.39073,Plein jour,Hors agglomération,Hors intersection,Normale,Deux véhicules - côté,,,,,,,,,,,1,1,1,1,3.0
201600007073,0016-08-05 15:45:00,16,8,5,15,45,100,141,,,,Plein jour,Hors agglomération,Hors intersection,Pluie légère,Sans collision,,,,,,,,,,,1,1,1,2,7.0
201600007074,0016-08-24 17:00:00,16,8,24,17,0,100,213,,48.15954,4.41348,Plein jour,Hors agglomération,Hors intersection,Normale,Deux véhicules - côté,,,,,,,,,,,1,1,1,1,3.0
201600007075,0016-10-06 10:15:00,16,10,6,10,15,100,187,62 grande rue,48.07163,4.4732,Plein jour,En agglomération,Hors intersection,Normale,Autre collision,,,,,,,,,,,1,2,1,1,6.0
201600007076,0016-11-10 10:45:00,16,11,10,10,45,100,317,,48.013,4.33,Plein jour,Hors agglomération,Intersection en X,Temps couvert,Deux véhicules - côté,,,,,,,,,,,1,1,2,8,3.0
201600007077,0016-11-10 20:15:00,16,11,10,20,15,100,158,RD671,48.149,4.264,Nuit avec éclairage allumé,En agglomération,Hors intersection,Pluie forte,Deux véhicules - côté,,,,,,,,,,,5,2,1,3,3.0
201600007078,0016-11-11 20:45:00,16,11,11,20,45,100,437,,48.145,4.298,Nuit avec éclairage allumé,Hors agglomération,Hors intersection,Normale,Trois véhicules et plus - collisions multiples,,,,,,,,,,,5,1,1,1,5.0
201600007079,0016-11-17 23:15:00,16,11,17,23,15,100,34,,,,Nuit sans éclairage public,Hors agglomération,Hors intersection,Pluie légère,Trois véhicules et plus - collisions multiples,,,,,,,,,,,3,1,1,2,5.0
201600007080,0016-12-15 08:45:00,16,12,15,8,45,100,68,,48.054,4.39,Plein jour,Hors agglomération,Intersection en X,Normale,Deux véhicules - frontale,,,,,,,,,,,1,1,2,1,1.0
201600007081,0016-12-28 14:15:00,16,12,28,14,15,100,418,,48.095,4.323,Plein jour,Hors agglomération,Hors intersection,Autre,Autre collision,,,,,,,,,,,1,1,1,9,6.0
201600007082,0016-01-22 07:15:00,16,1,22,7,15,100,259,,48.46488,3.43475,Crépuscule ou aube,Hors agglomération,Hors intersection,Normale,Deux véhicules - frontale,,,,,,,,,,,2,1,1,1,1.0
201600007083,0016-04-10 02:45:00,16,4,10,2,45,100,31,2 grande rue,48.54925,3.57827,Nuit avec éclairage non allumé,En agglomération,Hors intersection,Pluie légère,Autre collision,,,,,,,,,,,4,2,1,2,6.0
201600007084,0016-05-01 17:15:00,16,5,1,17,15,100,106,,48.46179,3.42227,Plein jour,Hors agglomération,Hors intersection,Normale,Autre collision,,,,,,,,,,,1,1,1,1,6.0
201600007085,0016-05-06 08:45:00,16,5,6,8,45,100,20,,48.705,3.943,Plein jour,Hors agglomération,Hors intersection,Normale,Autre collision,,,,,,,,,,,1,1,1,1,6.0
201600007086,0016-06-12 12:00:00,16,6,12,12,0,100,370,,48.3894,3.49011,Plein jour,Hors agglomération,Hors intersection,Normale,Sans collision,,,,,,,,,,,1,1,1,1,7.0
201600007087,0016-09-05 13:00:00,16,9,5,13,0,100,355,,48.51852,3.48298,Plein jour,Hors agglomération,Hors intersection,Pluie légère,Deux véhicules - frontale,,,,,,,,,,,1,1,1,2,1.0
201600007088,0016-09-16 17:15:00,16,9,16,17,15,100,259,,48.47101,3.45597,Plein jour,Hors agglomération,Hors intersection,Temps couvert,Autre collision,,,,,,,,,,,1,1,1,8,6.0
201600007089,0016-10-22 19:45:00,16,10,22,19,45,100,31,,48.551,3.58774,Nuit sans éclairage public,Hors agglomération,Autre intersection,Normale,Autre collision,,,,,,,,,,,3,1,9,1,6.0
201600007090,0016-11-26 18:00:00,16,11,26,18,0,100,298,,,,Crépuscule ou aube,Hors agglomération,Hors intersection,Normale,Deux véhicules - côté,,,,,,,,,,,2,1,1,1,3.0
201600007091,0016-12-01 19:15:00,16,12,1,19,15,100,268,,48.49338,3.51692,Nuit sans éclairage public,Hors agglomération,Autre intersection,Normale,Deux véhicules - frontale,,,,,,,,,,,3,1,9,1,1.0
201600007092,0016-12-05 18:45:00,16,12,5,18,45,100,254,,48.58292,3.49767,Nuit sans éclairage public,Hors agglomération,Hors intersection,Normale,Sans collision,,,,,,,,,,,3,1,1,1,7.0
201600007093,0016-10-16 14:15:00,16,10,16,14,15,100,289,,48.575,3.968,Plein jour,En agglomération,Hors intersection,Normale,Deux véhicules - côté,,,,,,,,,,,1,2,1,1,3.0
201600007094,0016-10-22 19:15:00,16,10,22,19,15,100,234,,48.48436,3.88852,Nuit sans éclairage public,Hors agglomération,Hors intersection,Brouillard / fumée,Deux véhicules - arrière,,,,,,,,,,,3,1,1,5,2.0
201600007095,0016-11-30 08:45:00,16,11,30,8,45,100,323,RD 619,48.51,3.724,Crépuscule ou aube,En agglomération,Hors intersection,Normale,Deux véhicules - arrière,,,,,,,,,,,2,2,1,1,2.0
201600007096,0016-09-14 23:00:00,16,9,14,23,0,520,56,PR,48.07006,4.99758,Nuit sans éclairage public,Hors agglomération,Hors intersection,Normale,Sans collision,,,,,,,,,,,3,1,1,1,7.0
201600007097,0016-10-30 14:00:00,16,10,30,14,0,520,422,,48.02829,5.05954,Plein jour,Hors agglomération,Hors intersection,Normale,Deux véhicules - frontale,,,,,,,,,,,1,1,1,1,1.0
201600007098,0016-11-18 12:15:00,16,11,18,12,15,520,114,,48.01297,4.90589,Plein jour,Hors agglomération,Hors intersection,Pluie légère,Sans collision,,,,,,,,,,,1,1,1,2,7.0
201600007099,0016-01-09 01:30:00,16,1,9,1,30,520,64,,48.1885,5.58377,Nuit sans éclairage public,Hors agglomération,Hors intersection,Brouillard / fumée,Autre collision,,,,,,,,,,,3,1,1,5,6.0
201600007100,0016-02-21 16:00:00,16,2,21,16,0,520,183,,48.20304,5.39826,Plein jour,Hors agglomération,Hors intersection,Normale,Autre collision,,,,,,,,,,,1,1,1,1,6.0
201600007101,0016-11-07 19:45:00,16,11,7,19,45,520,237,RD 202,48.26475,5.62712,Nuit sans éclairage public,En agglomération,Hors intersection,Normale,Autre collision,,,,,,,,,,,3,2,1,1,6.0
201600007102,0016-01-25 16:15:00,16,1,25,16,15,520,353,7 rue des  Dolmens,48.02154,5.33434,Plein jour,En agglomération,Hors intersection,Temps éblouissant,Deux véhicules - arrière,,,,,,,,,,,1,2,1,7,2.0
201600007103,0016-06-12 18:45:00,16,6,12,18,45,520,248,,48.03452,5.4204,Plein jour,Hors agglomération,Hors intersection,Normale,Trois véhicules et plus - collisions multiples,,,,,,,,,,,1,1,1,1,5.0
201600007104,0016-09-10 00:15:00,16,9,10,0,15,520,353,,48.04839,5.35805,Nuit sans éclairage public,Hors agglomération,Hors intersection,Normale,Autre collision,,,,,,,,,,,3,1,1,1,6.0
201600007105,0016-05-21 11:30:00,16,5,21,11,30,520,58,,48.20426,5.14886,Plein jour,Hors agglomération,Hors intersection,Normale,Deux véhicules - frontale,,,,,,,,,,,1,1,1,1,1.0
201600007106,0016-09-03 12:15:00,16,9,3,12,15,520,330,,48.18305,4.86652,Plein jour,Hors agglomération,Hors intersection,Normale,Sans collision,,,,,,,,,,,1,1,1,1,7.0
201600007107,0016-09-09 18:00:00,16,9,9,18,0,520,251,,48.15125,5.08512,Plein jour,Hors agglomération,Hors intersection,Normale,Sans collision,,,,,,,,,,,1,1,1,1,7.0
201600007108,0016-09-24 17:30:00,16,9,24,17,30,520,322,13 rue du haut du tartre,48.19248,5.06944,Plein jour,En agglomération,Hors intersection,Normale,Sans collision,,,,,,,,,,,1,2,1,1,7.0
201600007109,0016-10-10 23:15:00,16,10,10,23,15,520,221,,48.15073,5.0269,Nuit sans éclairage public,Hors agglomération,Hors intersection,Normale,Deux véhicules - frontale,,,,,,,,,,,3,1,1,1,1.0
201600007110,0016-09-28 16:45:00,16,9,28,16,45,520,253,RD 619,48.18168,4.98194,Plein jour,En agglomération,Autre intersection,Normale,Deux véhicules - arrière,,,,,,,,,,,1,2,9,1,2.0
201600007111,0016-10-27 04:30:00,16,10,27,4,30,520,310,,48.27789,5.02558,Nuit sans éclairage public,Hors agglomération,Hors intersection,Brouillard / fumée,Autre collision,,,,,,,,,,,3,1,1,5,6.0
201600007112,0016-10-29 09:15:00,16,10,29,9,15,520,253,,48.18866,4.98822,Plein jour,Hors agglomération,Hors intersection,Normale,Sans collision,,,,,,,,,,,1,1,1,1,7.0
201600007113,0016-02-12 22:00:00,16,2,12,22,0,520,269,,47.85764,5.35774,Nuit sans éclairage public,Hors agglomération,Hors intersection,Pluie légère,Deux véhicules - frontale,,,,,,,,,,,3,1,1,2,1.0
201600007114,0016-02-19 07:30:00,16,2,19,7,30,520,432,,47.94727,5.27962,Plein jour,Hors agglomération,Hors intersection,Normale,Sans collision,,,,,,,,,,,1,1,1,1,7.0
201600007115,0016-04-23 12:15:00,16,4,23,12,15,520,348,,47.93059,5.43108,Plein jour,Hors agglomération,Hors intersection,Pluie légère,Deux véhicules - frontale,,,,,,,,,,,1,1,1,2,1.0
201600007116,0016-05-13 11:15:00,16,5,13,11,15,520,37,,47.91042,5.40122,Plein jour,Hors agglomération,Hors intersection,Normale,Deux véhicules - frontale,,,,,,,,,,,1,1,1,1,1.0
201600007117,0016-06-08 17:00:00,16,6,8,17,0,520,36,,47.82186,5.40048,Plein jour,Hors agglomération,Hors intersection,Normale,Deux véhicules - arrière,,,,,,,,,,,1,1,1,1,2.0
201600007118,0016-07-16 17:15:00,16,7,16,17,15,520,105,89 rue du lac,47.91174,5.38586,Plein jour,Hors agglomération,Hors intersection,Normale,Autre collision,,,,,,,,,,,1,1,1,1,6.0
201600007119,0016-10-28 15:30:00,16,10,28,15,30,520,447,chemin du Moulin,47.88416,5.26472,Plein jour,Hors agglomération,Hors intersection,Normale,Autre collision,,,,,,,,,,,1,1,1,1,6.0
201600007120,0016-05-07 23:45:00,16,5,7,23,45,520,332,Avenue de Bourgogne,48.00124,5.4887,Nuit avec éclairage allumé,En agglomération,Hors intersection,Normale,Autre collision,,,,,,,,,,,5,2,1,1,6.0
201600007121,0016-07-10 17:15:00,16,7,10,17,15,520,208,demandé localisation,47.91847,5.8319,Plein jour,Hors agglomération,Hors intersection,Normale,Autre collision,,,,,,,,,,,1,1,1,1,6.0
201600007122,0016-12-04 16:15:00,16,12,4,16,15,520,60,,47.93969,5.76907,Plein jour,Hors agglomération,Hors intersection,Normale,Sans collision,,,,,,,,,,,1,1,1,1,7.0
201600007123,0016-01-17 14:00:00,16,1,17,14,0,520,119,,47.81752,5.49103,Plein jour,Hors agglomération,Hors intersection,Normale,Deux véhicules - côté,,,,,,,,,,,1,1,1,1,3.0
201600007124,0016-08-06 12:45:00,16,8,6,12,45,520,93,,47.80015,5.4226,Plein jour,Hors agglomération,Hors intersection,Normale,Sans collision,,,,,,,,,,,1,1,1,1,7.0
201600007125,0016-08-19 12:30:00,16,8,19,12,30,520,513,,47.83191,5.72,Plein jour,Hors agglomération,Hors intersection,Normale,Deux véhicules - frontale,,,,,,,,,,,1,1,1,1,1.0
201600007126,0016-04-16 19:00:00,16,4,16,19,0,520,529,,47.73258,5.31159,Plein jour,Hors agglomération,Hors intersection,Normale,Deux véhicules - frontale,,,,,,,,,,,1,1,1,1,1.0
201600007127,0016-06-09 17:15:00,16,6,9,17,15,520,62,,47.79661,5.3157,Plein jour,Hors agglomération,Hors intersection,Normale,Sans collision,,,,,,,,,,,1,1,1,1,7.0
201600007128,0016-07-03 17:00:00,16,7,3,17,0,520,28,,47.84425,5.03299,Plein jour,Hors agglomération,Hors intersection,Normale,Sans collision,,,,,,,,,,,1,1,1,1,7.0
201600007129,0016-09-28 20:30:00,16,9,28,20,30,520,405,Moto cross non homologué,47.68017,5.29201,Nuit avec éclairage allumé,En agglomération,Hors intersection,Normale,Autre collision,,,,,,,,,,,5,2,1,1,6.0
201600007130,0016-10-02 07:30:00,16,10,2,7,30,520,529,perm. valide date faits,47.71648,5.29982,Crépuscule ou aube,Hors agglomération,Hors intersection,Normale,Deux véhicules - frontale,,,,,,,,,,,2,1,1,1,1.0
201600007131,0016-12-05 12:30:00,16,12,5,12,30,520,431,,47.82914,5.14011,Plein jour,Hors agglomération,Hors intersection,Autre,Autre collision,,,,,,,,,,,1,1,1,9,6.0
201600007132,0016-02-05 16:15:00,16,2,5,16,15,520,512,PR27.10 erroné/corrigé,48.46295,5.12978,Plein jour,Hors agglomération,Hors intersection,Temps couvert,Deux véhicules - frontale,,,,,,,,,,,1,1,1,8,1.0
201600007133,0016-02-08 12:15:00,16,2,8,12,15,520,512,,48.46868,5.12688,Plein jour,Hors agglomération,Hors intersection,Pluie forte,Sans collision,,,,,,,,,,,1,1,1,3,7.0
201600007134,0016-03-31 07:15:00,16,3,31,7,15,520,456,,48.37959,5.17398,Crépuscule ou aube,Hors agglomération,Hors intersection,Brouillard / fumée,Deux véhicules - frontale,,,,,,,,,,,2,1,1,5,1.0
201600007135,0016-05-15 18:15:00,16,5,15,18,15,520,118,,48.48203,5.09433,Plein jour,Hors agglomération,Hors intersection,Normale,Sans collision,,,,,,,,,,,1,1,1,1,7.0
201600007136,0016-05-17 08:30:00,16,5,17,8,30,520,250,,48.44835,5.14302,Plein jour,Hors agglomération,Hors intersection,Normale,Autre collision,,,,,,,,,,,1,1,1,1,6.0
201600007137,0016-07-17 06:30:00,16,7,17,6,30,520,230,,48.31849,5.15313,Crépuscule ou aube,Hors agglomération,Hors intersection,Brouillard / fumée,Sans collision,,,,,,,,,,,2,1,1,5,7.0
201600007138,0016-07-23 16:45:00,16,7,23,16,45,520,347,,48.59052,5.08084,Plein jour,Hors agglomération,Hors intersection,Normale,Sans collision,,,,,,,,,,,1,1,1,1,7.0
201600007139,0016-09-14 10:30:00,16,9,14,10,30,520,118,,48.48131,5.12716,Plein jour,Hors agglomération,Hors intersection,Normale,Deux véhicules - côté,,,,,,,,,,,1,1,1,1,3.0
201600007140,0016-09-24 08:00:00,16,9,24,8,0,520,29,36 rue Antoine Labreveux,48.47337,5.13724,Plein jour,En agglomération,Intersection en T,Normale,Deux véhicules - frontale,,,,,,,,,,,1,2,3,1,1.0
201600007141,0016-09-27 16:45:00,16,9,27,16,45,520,442,,48.42042,5.14687,Plein jour,Hors agglomération,Hors intersection,Normale,Deux véhicules - frontale,,,,,,,,,,,1,1,1,1,1.0
201600007142,0016-10-08 17:45:00,16,10,8,17,45,520,194,,48.59196,5.03147,Plein jour,Hors agglomération,Hors intersection,Pluie légère,Deux véhicules - arrière,,,,,,,,,,,1,1,1,2,2.0
201600007143,0016-10-24 19:30:00,16,10,24,19,30,520,484,22 grande rue,48.44652,5.16929,Nuit avec éclairage allumé,En agglomération,Hors intersection,Pluie légère,Autre collision,,,,,,,,,,,5,2,1,2,6.0
201600007144,0016-11-26 15:15:00,16,11,26,15,15,520,440,,48.37246,5.15311,Plein jour,Hors agglomération,Hors intersection,Normale,Sans collision,,,,,,,,,,,1,1,1,1,7.0
201600007145,0016-03-13 18:45:00,16,3,13,18,45,520,149,route nationale,48.41503,4.94046,Crépuscule ou aube,En agglomération,Autre intersection,Normale,Autre collision,,,,,,,,,,,2,2,9,1,6.0
201600007146,0016-08-02 13:15:00,16,8,2,13,15,520,359,,48.36454,4.81815,Plein jour,Hors agglomération,Hors intersection,Pluie légère,Sans collision,,,,,,,,,,,1,1,1,2,7.0
201600007147,0016-08-23 17:45:00,16,8,23,17,45,520,171,CD.2,48.42795,4.96332,Plein jour,En agglomération,Hors intersection,Normale,Deux véhicules - frontale,,,,,,,,,,,1,2,1,1,1.0
201600007148,0016-02-12 12:30:00,16,2,12,12,30,210,555,,47.41984,5.15324,Plein jour,Hors agglomération,Hors intersection,Temps couvert,Deux véhicules - côté,,,,,,,,,,,1,1,1,8,3.0
201600007149,0016-03-25 08:15:00,16,3,25,8,15,210,179,,47.40337,5.11584,Plein jour,Hors agglomération,Intersection en T,Pluie légère,Deux véhicules - côté,,,,,,,,,,,1,1,3,2,3.0
201600007150,0016-08-23 14:15:00,16,8,23,14,15,210,555,,47.39271,5.11688,Plein jour,Hors agglomération,Hors intersection,Normale,Sans collision,,,,,,,,,,,1,1,1,1,7.0
201600007151,0016-09-12 00:15:00,16,9,12,0,15,210,535,Avenue de la gare,47.37021,5.07951,Nuit sans éclairage public,En agglomération,Hors intersection,Normale,Autre collision,,,,,,,,,,,3,2,1,1,6.0
201600007152,0016-11-01 16:20:00,16,11,1,16,20,210,555,D28 - PK 10+668,47.39794,5.13229,Plein jour,Hors agglomération,Hors intersection,Normale,Deux véhicules - arrière,,,,,,,,,,,1,1,1,1,2.0
201600007153,0016-01-06 13:15:00,16,1,6,13,15,210,367,rue de longchamp,47.25044,5.342,Plein jour,En agglomération,Hors intersection,Pluie forte,Deux véhicules - frontale,,,,,,,,,,,1,2,1,3,1.0
201600007154,0016-02-28 15:00:00,16,2,28,15,0,210,38,rue du Colonel REDOUTEY,47.19147,5.39117,Plein jour,En agglomération,Hors intersection,Normale,Autre collision,,,,,,,,,,,1,2,1,1,6.0
201600007155,0016-04-13 13:15:00,16,4,13,13,15,210,38,rue du bief pérou,47.17782,5.40448,Plein jour,En agglomération,Hors intersection,Normale,Autre collision,,,,,,,,,,,1,2,1,1,6.0
201600007156,0016-06-25 09:00:00,16,6,25,9,0,210,371,25 rue bizot,47.13644,5.33976,Plein jour,En agglomération,Hors intersection,Normale,Autre collision,,,,,,,,,,,1,2,1,1,6.0
201600007157,0016-08-13 10:30:00,16,8,13,10,30,210,699,rue des rosiers,47.21184,5.34184,Plein jour,En agglomération,Hors intersection,Normale,Sans collision,,,,,,,,,,,1,2,1,1,7.0
201600007158,0016-08-29 07:15:00,16,8,29,7,15,210,699,,47.20475,5.34574,Crépuscule ou aube,Hors agglomération,Autre intersection,Normale,Deux véhicules - frontale,,,,,,,,,,,2,1,9,1,1.0
201600007159,0016-09-01 16:15:00,16,9,1,16,15,210,639,GRANDE RUE,47.17943,5.35141,Plein jour,En agglomération,Hors intersection,Normale,Deux véhicules - frontale,,,,,,,,,,,1,2,1,1,1.0
201600007160,0016-10-13 19:10:00,16,10,13,19,10,210,38,rue du château,47.19199,5.3843,Nuit avec éclairage allumé,En agglomération,Hors intersection,Pluie légère,Autre collision,,,,,,,,,,,5,2,1,2,6.0
201600007161,0016-10-19 08:00:00,16,10,19,8,0,210,38,1 rue de chevigny,47.19375,5.39393,Crépuscule ou aube,En agglomération,Intersection en T,Normale,Deux véhicules - côté,,,,,,,,,,,2,2,3,1,3.0
201600007162,0016-03-17 14:30:00,16,3,17,14,30,210,352,,47.22373,5.24331,Plein jour,Hors agglomération,Hors intersection,Normale,Deux véhicules - frontale,,,,,,,,,,,1,1,1,1,1.0
201600007163,0016-04-10 04:45:00,16,4,10,4,45,210,370,10 Rue de Fauverney,47.2734,5.17107,Nuit avec éclairage allumé,En agglomération,Hors intersection,Normale,Autre collision,,,,,,,,,,,5,2,1,1,6.0
201600007164,0016-06-05 18:00:00,16,6,5,18,0,210,261,,,,Plein jour,Hors agglomération,Hors intersection,Normale,Sans collision,,,,,,,,,,,1,1,1,1,7.0
201600007165,0016-09-13 18:00:00,16,9,13,18,0,210,106,,47.24533,5.09835,Plein jour,Hors agglomération,Hors intersection,Normale,Deux véhicules - côté,,,,,,,,,,,1,1,1,1,3.0
201600007166,0016-01-29 12:45:00,16,1,29,12,45,210,113,,47.20181,5.02801,Plein jour,Hors agglomération,Hors intersection,Normale,Sans collision,,,,,,,,,,,1,1,1,1,7.0
201600007167,0016-01-29 17:00:00,16,1,29,17,0,210,458,,47.20174,5.08166,Plein jour,Hors agglomération,Hors intersection,Normale,Deux véhicules - arrière,,,,,,,,,,,1,1,1,1,2.0
201600007168,0016-03-17 15:30:00,16,3,17,15,30,210,295,carrefour D31 / D122,47.22596,4.96918,Plein jour,En agglomération,Intersection en T,Normale,Deux véhicules - côté,,,,,,,,,,,1,2,3,1,3.0
201600007169,0016-05-16 14:00:00,16,5,16,14,0,210,295,,47.2249,4.97078,Plein jour,En agglomération,Intersection en X,Normale,Deux véhicules - côté,,,,,,,,,,,1,2,2,1,3.0
201600007170,0016-06-05 19:45:00,16,6,5,19,45,210,390,,47.26639,4.99893,Plein jour,Hors agglomération,Hors intersection,Normale,Sans collision,,,,,,,,,,,1,1,1,1,7.0
201600007171,0016-07-25 23:45:00,16,7,25,23,45,210,442,D974,47.19249,4.96859,Nuit avec éclairage allumé,En agglomération,Hors intersection,Normale,Autre collision,,,,,,,,,,,5,2,1,1,6.0
201600007172,0016-08-08 14:30:00,16,8,8,14,30,210,586,,47.21789,5.06559,Plein jour,Hors agglomération,Hors intersection,Normale,Deux véhicules - côté,,,,,,,,,,,1,1,1,1,3.0
201600007173,0016-08-11 11:45:00,16,8,11,11,45,210,390,D974,47.28218,5.00884,Plein jour,En agglomération,Hors intersection,Normale,Deux véhicules - côté,,,,,,,,,,,1,2,1,1,3.0
201600007174,0016-12-02 10:20:00,16,12,2,10,20,210,132,Départementale 31 - PK 5,47.22446,4.91987,Plein jour,Hors agglomération,Hors intersection,Autre,Autre collision,,,,,,,,,,,1,1,1,9,6.0
201600007175,0016-03-03 14:45:00,16,3,3,14,45,210,496,rue de franche comté,47.30404,5.41966,Plein jour,En agglomération,Hors intersection,Pluie légère,Deux véhicules - frontale,,,,,,,,,,,1,2,1,2,1.0
201600007176,0016-09-13 19:00:00,16,9,13,19,0,210,437,,47.34875,5.37522,Plein jour,Hors agglomération,Intersection en X,Normale,Deux véhicules - côté,,,,,,,,,,,1,1,2,1,3.0
201600007177,0016-01-09 12:00:00,16,1,9,12,0,210,391,,47.44314,5.11808,Plein jour,Hors agglomération,Hors intersection,Pluie légère,Deux véhicules - côté,,,,,,,,,,,1,1,1,2,3.0
201600007178,0016-03-11 19:45:00,16,3,11,19,45,210,421,,47.5589,4.92249,Nuit sans éclairage public,Hors agglomération,Hors intersection,Normale,Autre collision,,,,,,,,,,,3,1,1,1,6.0
201600007179,0016-03-23 03:30:00,16,3,23,3,30,210,599,,47.57158,5.20644,Nuit sans éclairage public,Hors agglomération,Hors intersection,Normale,Deux véhicules - frontale,,,,,,,,,,,3,1,1,1,1.0
201600007180,0016-01-01 14:15:00,16,1,1,14,15,210,37,,46.98874,4.76015,Plein jour,Hors agglomération,Hors intersection,Normale,Autre collision,,,,,,,,,,,1,1,1,1,6.0
201600007181,0016-01-04 15:00:00,16,1,4,15,0,210,412,,46.96899,4.77725,Plein jour,Hors agglomération,Hors intersection,Normale,Deux véhicules - côté,,,,,,,,,,,1,1,1,1,3.0
201600007182,0016-01-22 18:45:00,16,1,22,18,45,210,541,,,,Nuit sans éclairage public,Hors agglomération,Hors intersection,Pluie légère,Deux véhicules - côté,,,,,,,,,,,3,1,1,2,3.0
201600007183,0016-01-25 13:45:00,16,1,25,13,45,210,527,,46.96866,4.69587,Plein jour,Hors agglomération,Hors intersection,Normale,Trois véhicules et plus - collisions multiples,,,,,,,,,,,1,1,1,1,5.0
201600007184,0016-03-14 19:45:00,16,3,14,19,45,210,558,,46.99072,4.87221,Nuit sans éclairage public,Hors agglomération,Hors intersection,Normale,Autre collision,,,,,,,,,,,3,1,1,1,6.0