accident_id,datetime,annee,mois,jour,heure,minute,departement,commune_insee,adresse,latitude,longitude,luminosite,agglomeration,intersection,meteo,collision,nb_vehicules,nb_usagers,nb_indemnes,nb_tues,nb_blesses_hosp,nb_blesses_legers,age_cond_1,age_cond_2,veh_type_cond_1,veh_type_cond_2,lum_code,agg_code,int_code,atm_code,col_code
201600007322,0016-11-15 16:00:00,16,11,15,16,0,710,360,,46.31906,4.77296,Plein jour,Hors agglomération,Hors intersection,Normale,Deux véhicules - arrière,,,,,,,,,,,1,1,1,1,2.0
201600007323,0016-12-26 14:45:00,16,12,26,14,45,710,235,D82 - ROUTE DE MACON,46.35231,4.79356,Plein jour,En agglomération,Hors intersection,Pluie légère,Deux véhicules - arrière,,,,,,,,,,,1,2,1,2,2.0
201600007324,0016-02-05 16:30:00,16,2,5,16,30,710,90,RD 906 Pontanevaux,46.21655,4.77753,Plein jour,En agglomération,Hors intersection,Normale,Trois véhicules et plus - en chaîne,,,,,,,,,,,1,2,1,1,4.0
201600007325,0016-05-02 15:15:00,16,5,2,15,15,710,385,LES CARJOTS,46.24351,4.7352,Plein jour,En agglomération,Hors intersection,Normale,Sans collision,,,,,,,,,,,1,2,1,1,7.0
201600007326,0016-06-19 11:30:00,16,6,19,11,30,710,372,RD 906,,,Plein jour,En agglomération,Hors intersection,Temps couvert,Autre collision,,,,,,,,,,,1,2,1,8,6.0
201600007327,0016-07-10 13:30:00,16,7,10,13,30,710,90,RUE DE LA MAIRIE,46.2123,4.7561,Plein jour,En agglomération,Hors intersection,Normale,Autre collision,,,,,,,,,,,1,2,1,1,6.0
201600007328,0016-08-03 10:30:00,16,8,3,10,30,710,90,RD 95 route de julienas,46.21342,4.75937,Plein jour,En agglomération,Hors intersection,Normale,Deux véhicules - côté,,,,,,,,,,,1,2,1,1,3.0
201600007329,0016-08-29 16:00:00,16,8,29,16,0,710,481,,46.19763,4.76346,Plein jour,Hors agglomération,Hors intersection,Normale,Trois véhicules et plus - en chaîne,,,,,,,,,,,1,1,1,1,4.0
201600007330,0016-10-19 07:30:00,16,10,19,7,30,710,84,bourgneuf,46.2464,4.76219,Nuit avec éclairage allumé,En agglomération,Hors intersection,Normale,Autre collision,,,,,,,,,,,5,2,1,1,6.0
201600007331,0016-04-01 15:15:00,16,4,1,15,15,710,545,les trèves,46.30857,4.6091,Plein jour,En agglomération,Hors intersection,Normale,Sans collision,,,,,,,,,,,1,2,1,1,7.0
201600007332,0016-06-10 09:45:00,16,6,10,9,45,710,495,Route de Montceau,46.5183,4.59036,Plein jour,En agglomération,Hors intersection,Normale,Deux véhicules - frontale,,,,,,,,,,,1,2,1,1,1.0
201600007333,0016-06-24 13:30:00,16,6,24,13,30,710,137,rond point Lucie Aubrac,46.43974,4.65982,Plein jour,En agglomération,Giratoire,Normale,Deux véhicules - côté,,,,,,,,,,,1,2,6,1,3.0
201600007334,0016-08-15 14:15:00,16,8,15,14,15,710,470,,,,Plein jour,Hors agglomération,Hors intersection,Normale,Autre collision,,,,,,,,,,,1,1,1,1,6.0
201600007335,0016-01-28 07:00:00,16,1,28,7,0,710,550,,,,Nuit avec éclairage allumé,Hors agglomération,Hors intersection,Normale,Deux véhicules - côté,,,,,,,,,,,5,1,1,1,3.0
201600007336,0016-04-07 23:30:00,16,4,7,23,30,710,543,,,,Nuit sans éclairage public,Hors agglomération,Hors intersection,Normale,Deux véhicules - frontale,,,,,,,,,,,3,1,1,1,1.0
201600007337,0016-05-28 15:45:00,16,5,28,15,45,710,345,,46.43698,4.82342,Plein jour,Hors agglomération,Hors intersection,Normale,Deux véhicules - côté,,,,,,,,,,,1,1,1,1,3.0
201600007338,0016-06-26 03:45:00,16,6,26,3,45,710,100,,,,Nuit sans éclairage public,Hors agglomération,Hors intersection,Normale,Autre collision,,,,,,,,,,,3,1,1,1,6.0
201600007339,0016-07-10 20:30:00,16,7,10,20,30,710,16,,46.42914,4.74335,Plein jour,Hors agglomération,Hors intersection,Normale,Autre collision,,,,,,,,,,,1,1,1,1,6.0
201600007340,0016-07-20 10:45:00,16,7,20,10,45,710,550,,46.49618,4.8955,Plein jour,Hors agglomération,Hors intersection,Normale,Deux véhicules - côté,,,,,,,,,,,1,1,1,1,3.0
201600007341,0016-11-15 13:30:00,16,11,15,13,30,710,591,,,,Plein jour,Hors agglomération,Giratoire,Normale,Deux véhicules - côté,,,,,,,,,,,1,1,6,1,3.0
201600007342,0016-11-17 18:30:00,16,11,17,18,30,710,248,,46.55645,4.92052,Nuit sans éclairage public,Hors agglomération,Hors intersection,Normale,Deux véhicules - frontale,,,,,,,,,,,3,1,1,1,1.0
201600007343,0016-12-07 17:45:00,16,12,7,17,45,710,543,,46.60061,4.89665,Plein jour,Hors agglomération,Hors intersection,Brouillard / fumée,Deux véhicules - frontale,,,,,,,,,,,1,1,1,5,1.0
201600007344,0016-02-03 13:30:00,16,2,3,13,30,710,266,,47.07328,4.24811,Plein jour,Hors agglomération,Hors intersection,Pluie légère,Autre collision,,,,,,,,,,,1,1,1,2,6.0
201600007345,0016-05-30 17:15:00,16,5,30,17,15,710,14,,,,Crépuscule ou aube,Hors agglomération,Hors intersection,Pluie légère,Autre collision,,,,,,,,,,,2,1,1,2,6.0
201600007346,0016-07-19 20:00:00,16,7,19,20,0,710,10,,46.89884,4.4077,Plein jour,Hors agglomération,Hors intersection,Normale,Deux véhicules - frontale,,,,,,,,,,,1,1,1,1,1.0
201600007347,0016-08-01 10:15:00,16,8,1,10,15,710,14,route d'arnay,46.97068,4.30597,Plein jour,En agglomération,Hors intersection,Normale,Trois véhicules et plus - collisions multiples,,,,,,,,,,,1,2,1,1,5.0
201600007348,0016-09-03 17:45:00,16,9,3,17,45,710,162,22 route de dracy,,,Plein jour,En agglomération,Autre intersection,Temps éblouissant,Deux véhicules - côté,,,,,,,,,,,1,2,9,7,3.0
201600007349,0016-09-29 14:00:00,16,9,29,14,0,710,14,,46.95189,4.29216,Plein jour,Hors agglomération,Hors intersection,Normale,Deux véhicules - frontale,,,,,,,,,,,1,1,1,1,1.0
201600007350,0016-10-25 07:45:00,16,10,25,7,45,710,313,,46.93437,4.21212,Crépuscule ou aube,Hors agglomération,Hors intersection,Brouillard / fumée,Sans collision,,,,,,,,,,,2,1,1,5,7.0
201600007351,0016-08-04 17:00:00,16,8,4,17,0,710,98,,,,Plein jour,Hors agglomération,Hors intersection,Pluie légère,Autre collision,,,,,,,,,,,1,1,1,2,6.0
201600007352,0016-06-14 17:00:00,16,6,14,17,0,710,149,,,,Plein jour,Hors agglomération,Hors intersection,Normale,Deux véhicules - côté,,,,,,,,,,,1,1,1,1,3.0
201600007353,0016-07-02 17:15:00,16,7,2,17,15,710,257,,,,Plein jour,Hors agglomération,Hors intersection,Normale,Deux véhicules - frontale,,,,,,,,,,,1,1,1,1,1.0
201600007354,0016-07-03 12:45:00,16,7,3,12,45,710,73,ROUTE DE SAINT LOUP,46.90429,4.76195,Plein jour,En agglomération,Hors intersection,Normale,Trois véhicules et plus - en chaîne,,,,,,,,,,,1,2,1,1,4.0
201600007355,0016-09-01 08:45:00,16,9,1,8,45,710,73,rue leon saccard,46.90435,4.75486,Plein jour,En agglomération,Hors intersection,Temps éblouissant,Autre collision,,,,,,,,,,,1,2,1,7,6.0
201600007356,0016-09-15 08:30:00,16,9,15,8,30,710,391,,,,Plein jour,Hors agglomération,Hors intersection,Normale,Deux véhicules - frontale,,,,,,,,,,,1,1,1,1,1.0
201600007357,0016-12-03 08:45:00,16,12,3,8,45,710,378,,,,Nuit sans éclairage public,Hors agglomération,Hors intersection,Brouillard / fumée,Deux véhicules - côté,,,,,,,,,,,3,1,1,5,3.0
201600007358,0016-05-21 20:00:00,16,5,21,20,0,710,124,,46.67837,4.70171,Plein jour,Hors agglomération,Intersection en X,Normale,Deux véhicules - côté,,,,,,,,,,,1,1,2,1,3.0
201600007359,0016-06-01 08:30:00,16,6,1,8,30,710,269,route de lyon,46.74862,4.85025,Plein jour,En agglomération,Intersection en X,Normale,Deux véhicules - côté,,,,,,,,,,,1,2,2,1,3.0
201600007360,0016-07-18 13:45:00,16,7,18,13,45,710,374,,46.74313,4.71251,Plein jour,Hors agglomération,Hors intersection,Normale,Deux véhicules - frontale,,,,,,,,,,,1,1,1,1,1.0
201600007361,0016-08-17 23:45:00,16,8,17,23,45,710,426,,,,Nuit sans éclairage public,Hors agglomération,Hors intersection,Normale,Deux véhicules - arrière,,,,,,,,,,,3,1,1,1,2.0
201600007362,0016-10-07 17:15:00,16,10,7,17,15,710,269,ROUTE DE LYON,46.75758,4.84344,Plein jour,En agglomération,Hors intersection,Normale,Deux véhicules - arrière,,,,,,,,,,,1,2,1,1,2.0
201600007363,0016-10-22 14:30:00,16,10,22,14,30,710,277,,,,Plein jour,Hors agglomération,Hors intersection,Normale,Sans collision,,,,,,,,,,,1,1,1,1,7.0
201600007364,0016-02-28 03:15:00,16,2,28,3,15,710,336,,,,Nuit avec éclairage non allumé,En agglomération,Hors intersection,Normale,Autre collision,,,,,,,,,,,4,2,1,1,6.0
201600007365,0016-03-17 07:30:00,16,3,17,7,30,710,215,,,,Plein jour,Hors agglomération,Hors intersection,Brouillard / fumée,Deux véhicules - côté,,,,,,,,,,,1,1,1,5,3.0
201600007366,0016-05-28 10:45:00,16,5,28,10,45,710,398,,,,Plein jour,Hors agglomération,Hors intersection,Temps couvert,Deux véhicules - frontale,,,,,,,,,,,1,1,1,8,1.0
201600007367,0016-06-12 17:45:00,16,6,12,17,45,710,456,245 rue de la madeleine,46.76508,5.05947,Plein jour,En agglomération,Hors intersection,Normale,Deux véhicules - côté,,,,,,,,,,,1,2,1,1,3.0
201600007368,0016-07-03 10:15:00,16,7,3,10,15,710,398,,,,Plein jour,Hors agglomération,Hors intersection,Normale,Deux véhicules - frontale,,,,,,,,,,,1,1,1,1,1.0
201600007369,0016-07-04 15:00:00,16,7,4,15,0,710,420,,,,Plein jour,Hors agglomération,Hors intersection,Normale,Deux véhicules - frontale,,,,,,,,,,,1,1,1,1,1.0
201600007370,0016-07-15 16:15:00,16,7,15,16,15,710,256,,,,Plein jour,Hors agglomération,Hors intersection,Normale,Trois véhicules et plus - en chaîne,,,,,,,,,,,1,1,1,1,4.0
201600007371,0016-08-10 18:45:00,16,8,10,18,45,710,33,route de dole,46.81975,4.96756,Plein jour,En agglomération,Hors intersection,Normale,Deux véhicules - arrière,,,,,,,,,,,1,2,1,1,2.0
201600007372,0016-09-06 17:00:00,16,9,6,17,0,710,189,08 rue de la Rongère,,,Plein jour,En agglomération,Hors intersection,Normale,Deux véhicules - arrière,,,,,,,,,,,1,2,1,1,2.0
201600007373,0016-09-08 19:15:00,16,9,8,19,15,710,398,,,,Plein jour,Hors agglomération,Hors intersection,Normale,Deux véhicules - côté,,,,,,,,,,,1,1,1,1,3.0
201600007374,0016-09-14 15:00:00,16,9,14,15,0,710,329,,,,Plein jour,Hors agglomération,Hors intersection,Normale,Sans collision,,,,,,,,,,,1,1,1,1,7.0
201600007375,0016-09-24 10:00:00,16,9,24,10,0,710,420,,46.67892,4.95498,Plein jour,Hors agglomération,Hors intersection,Normale,Deux véhicules - côté,,,,,,,,,,,1,1,1,1,3.0
201600007376,0016-11-01 04:00:00,16,11,1,4,0,710,420,,46.68864,4.9753,Nuit avec éclairage non allumé,Hors agglomération,Hors intersection,Normale,Sans collision,,,,,,,,,,,4,1,1,1,7.0
201600007377,0016-11-04 00:15:00,16,11,4,0,15,710,189,,46.74197,4.91218,Nuit avec éclairage non allumé,Hors agglomération,Hors intersection,Normale,Autre collision,,,,,,,,,,,4,1,1,1,6.0
201600007378,0016-04-24 10:00:00,16,4,24,10,0,710,444,RD 906,,,Plein jour,En agglomération,Hors intersection,Normale,Deux véhicules - arrière,,,,,,,,,,,1,2,1,1,2.0
201600007379,0016-06-23 17:45:00,16,6,23,17,45,710,555,,46.70002,4.88633,Plein jour,Hors agglomération,Hors intersection,Normale,Deux véhicules - côté,,,,,,,,,,,1,1,1,1,3.0
201600007380,0016-07-05 17:45:00,16,7,5,17,45,710,444,D906,46.72947,4.85759,Plein jour,En agglomération,Hors intersection,Normale,Deux véhicules - côté,,,,,,,,,,,1,2,1,1,3.0
201600007381,0016-09-24 16:45:00,16,9,24,16,45,710,555,,,,Plein jour,Hors agglomération,Hors intersection,Normale,Deux véhicules - arrière,,,,,,,,,,,1,1,1,1,2.0
201600007382,0016-10-08 00:30:00,16,10,8,0,30,710,512,,,,Nuit sans éclairage public,Hors agglomération,Hors intersection,Normale,Sans collision,,,,,,,,,,,3,1,1,1,7.0
201600007383,0016-01-20 10:00:00,16,1,20,10,0,710,106,avenue du 8 juin 1944,,,Plein jour,En agglomération,Hors intersection,Temps couvert,Autre collision,,,,,,,,,,,1,2,1,8,6.0
201600007384,0016-05-23 16:00:00,16,5,23,16,0,710,86,,,,Plein jour,Hors agglomération,Hors intersection,Pluie légère,Deux véhicules - côté,,,,,,,,,,,1,1,1,2,3.0
201600007385,0016-09-02 19:30:00,16,9,2,19,30,710,394,,,,Crépuscule ou aube,Hors agglomération,Hors intersection,Normale,Autre collision,,,,,,,,,,,2,1,1,1,6.0
201600007386,0016-02-26 19:00:00,16,2,26,19,0,710,473,,,,Nuit sans éclairage public,Hors agglomération,Hors intersection,Normale,Deux véhicules - frontale,,,,,,,,,,,3,1,1,1,1.0
201600007387,0016-03-17 08:00:00,16,3,17,8,0,710,110,,,,Plein jour,Hors agglomération,Hors intersection,Normale,Deux véhicules - frontale,,,,,,,,,,,1,1,1,1,1.0
201600007388,0016-06-28 17:15:00,16,6,28,17,15,710,120,,46.20773,4.29981,Plein jour,Hors agglomération,Hors intersection,Normale,Deux véhicules - frontale,,,,,,,,,,,1,1,1,1,1.0
201600007389,0016-12-05 07:45:00,16,12,5,7,45,710,95,,46.2556,4.29937,Crépuscule ou aube,Hors agglomération,Hors intersection,Autre,Trois véhicules et plus - collisions multiples,,,,,,,,,,,2,1,1,9,5.0
201600007390,0016-03-02 11:00:00,16,3,2,11,0,710,325,,,,Plein jour,Hors agglomération,Intersection en T,Pluie légère,Deux véhicules - côté,,,,,,,,,,,1,1,3,2,3.0
201600007391,0016-03-20 00:30:00,16,3,20,0,30,710,176,,46.48023,3.96999,Nuit avec éclairage allumé,Hors agglomération,Hors intersection,Normale,Deux véhicules - frontale,,,,,,,,,,,5,1,1,1,1.0
201600007392,0016-05-06 18:30:00,16,5,6,18,30,710,176,Les Blattiers,46.48736,4.01356,Plein jour,En agglomération,Hors intersection,Normale,Autre collision,,,,,,,,,,,1,2,1,1,6.0
201600007393,0016-08-22 17:30:00,16,8,22,17,30,710,325,,46.49188,3.96253,Plein jour,Hors agglomération,Hors intersection,Temps éblouissant,Deux véhicules - frontale,,,,,,,,,,,1,1,1,7,1.0
201600007394,0016-09-17 21:00:00,16,9,17,21,0,710,176,place de la grève,46.48136,3.97192,Nuit avec éclairage allumé,En agglomération,Intersection en X,Pluie forte,Deux véhicules - côté,,,,,,,,,,,5,2,2,3,3.0
201600007395,0016-09-24 11:00:00,16,9,24,11,0,710,176,2 bis avenue de gaulle,46.4493,4.11814,Plein jour,En agglomération,Hors intersection,Normale,Autre collision,,,,,,,,,,,1,2,1,1,6.0
201600007396,0016-07-30 15:45:00,16,7,30,15,45,710,24,,,,Plein jour,Hors agglomération,Intersection en X,Normale,Deux véhicules - côté,,,,,,,,,,,1,1,2,1,3.0
201600007397,0016-10-23 06:30:00,16,10,23,6,30,710,307,,46.35868,4.03456,Nuit sans éclairage public,Hors agglomération,Hors intersection,Normale,Sans collision,,,,,,,,,,,3,1,1,1,7.0
201600007398,0016-08-27 07:45:00,16,8,27,7,45,710,590,,,,Crépuscule ou aube,Hors agglomération,Hors intersection,Normale,Deux véhicules - frontale,,,,,,,,,,,2,1,1,1,1.0
201600007399,0016-11-12 13:45:00,16,11,12,13,45,710,232,,46.43622,4.1595,Plein jour,Hors agglomération,Hors intersection,Temps couvert,Trois véhicules et plus - collisions multiples,,,,,,,,,,,1,1,1,8,5.0
201600007400,0016-11-29 17:45:00,16,11,29,17,45,710,588,,46.45438,4.05848,Crépuscule ou aube,En agglomération,Hors intersection,Normale,Deux véhicules - côté,,,,,,,,,,,2,2,1,1,3.0
201600007401,0016-12-04 12:15:00,16,12,4,12,15,710,439,Les Mûriers,46.47348,4.09085,Plein jour,En agglomération,Hors intersection,Normale,Autre collision,,,,,,,,,,,1,2,1,1,6.0
201600007402,0016-06-23 14:30:00,16,6,23,14,30,710,442,,,,Plein jour,Hors agglomération,Hors intersection,Normale,Sans collision,,,,,,,,,,,1,1,1,1,7.0
201600007403,0016-06-25 19:30:00,16,6,25,19,30,710,47,rue de la chaumiere,46.61442,3.76404,Plein jour,En agglomération,Hors intersection,Normale,Deux véhicules - frontale,,,,,,,,,,,1,2,1,1,1.0
201600007404,0016-06-29 12:15:00,16,6,29,12,15,710,47,Route de GUEUGNON,46.6221,3.77691,Plein jour,En agglomération,Hors intersection,Normale,Deux véhicules - côté,,,,,,,,,,,1,2,1,1,3.0
201600007405,0016-08-18 12:00:00,16,8,18,12,0,710,227,,46.65821,3.95459,Plein jour,Hors agglomération,Hors intersection,Normale,Autre collision,,,,,,,,,,,1,1,1,1,6.0
201600007406,0016-09-05 09:45:00,16,9,5,9,45,710,152,buzon,46.72339,3.88261,Plein jour,Hors agglomération,Hors intersection,Normale,Deux véhicules - frontale,,,,,,,,,,,1,1,1,1,1.0
201600007407,0016-09-25 21:00:00,16,9,25,21,0,710,280,,46.72939,3.95123,Nuit sans éclairage public,Hors agglomération,Hors intersection,Normale,Sans collision,,,,,,,,,,,3,1,1,1,7.0
201600007408,0016-01-30 05:15:00,16,1,30,5,15,710,370,,46.534,4.0389,Nuit sans éclairage public,Hors agglomération,Hors intersection,Temps couvert,Autre collision,,,,,,,,,,,3,1,1,8,6.0
201600007409,0016-02-21 13:45:00,16,2,21,13,45,710,340,,,,Plein jour,Hors agglomération,Hors intersection,Normale,Trois véhicules et plus - collisions multiples,,,,,,,,,,,1,1,1,1,5.0
201600007410,0016-03-04 17:00:00,16,3,4,17,0,710,370,,,,Plein jour,Hors agglomération,Hors intersection,Pluie forte,Deux véhicules - frontale,,,,,,,,,,,1,1,1,3,1.0
201600007411,0016-06-16 18:00:00,16,6,16,18,0,710,542,4 route de Luzy,46.69727,4.13065,Plein jour,En agglomération,Hors intersection,Normale,Autre collision,,,,,,,,,,,1,2,1,1,6.0
201600007412,0016-11-08 14:30:00,16,11,8,14,30,710,490,,,,Plein jour,Hors agglomération,Hors intersection,Normale,Deux véhicules - frontale,,,,,,,,,,,1,1,1,1,1.0
201600007413,0016-07-01 19:30:00,16,7,1,19,30,710,558,,46.52474,5.24122,Plein jour,Hors agglomération,Hors intersection,Normale,Deux véhicules - côté,,,,,,,,,,,1,1,1,1,3.0
201600007414,0016-10-28 15:00:00,16,10,28,15,0,710,528,,46.62592,5.15152,Plein jour,Hors agglomération,Hors intersection,Temps couvert,Autre collision,,,,,,,,,,,1,1,1,8,6.0
201600007415,0016-11-20 18:45:00,16,11,20,18,45,710,27,404 route de Bourgogne,46.66893,5.38874,Nuit avec éclairage allumé,En agglomération,Hors intersection,Normale,Deux véhicules - côté,,,,,,,,,,,5,2,1,1,3.0
201600007416,0016-12-20 10:15:00,16,12,20,10,15,710,263,rue lucien guillemault,46.62843,5.22086,Plein jour,En agglomération,Hors intersection,Normale,Autre collision,,,,,,,,,,,1,2,1,1,6.0
201600007417,0016-07-21 09:00:00,16,7,21,9,0,710,318,route de Louhans,46.55711,5.16472,Plein jour,En agglomération,Hors intersection,Normale,Autre collision,,,,,,,,,,,1,2,1,1,6.0
201600007418,0016-10-07 19:00:00,16,10,7,19,0,710,244,,46.58282,5.07366,Plein jour,Hors agglomération,Hors intersection,Normale,Autre collision,,,,,,,,,,,1,1,1,1,6.0
201600007419,0016-01-11 15:45:00,16,1,11,15,45,710,396,,,,Plein jour,Hors agglomération,Hors intersection,Vent fort / tempête,Autre collision,,,,,,,,,,,1,1,1,6,6.0
201600007420,0016-02-13 14:30:00,16,2,13,14,30,710,419,,46.73414,5.27084,Plein jour,Hors agglomération,Hors intersection,Pluie légère,Sans collision,,,,,,,,,,,1,1,1,2,7.0
201600007421,0016-03-05 20:15:00,16,3,5,20,15,710,534,,,,Nuit sans éclairage public,Hors agglomération,Hors intersection,Pluie légère,Deux véhicules - côté,,,,,,,,,,,3,1,1,2,3.0
201600007422,0016-04-02 20:15:00,16,4,2,20,15,710,207,6 rue de Neublans,,,Crépuscule ou aube,En agglomération,Hors intersection,Normale,Deux véhicules - frontale,,,,,,,,,,,2,2,1,1,1.0
201600007423,0016-04-10 17:15:00,16,4,10,17,15,710,93,,,,Plein jour,Hors agglomération,Hors intersection,Normale,Autre collision,,,,,,,,,,,1,1,1,1,6.0
201600007424,0016-06-18 09:15:00,16,6,18,9,15,710,173,,,,Plein jour,Hors agglomération,Hors intersection,Normale,Deux véhicules - frontale,,,,,,,,,,,1,1,1,1,1.0
201600007425,0016-10-03 11:45:00,16,10,3,11,45,710,351,,,,Plein jour,Hors agglomération,Hors intersection,Normale,Deux véhicules - frontale,,,,,,,,,,,1,1,1,1,1.0
201600007426,0016-11-22 09:00:00,16,11,22,9,0,710,357,,46.96018,5.24194,Plein jour,Hors agglomération,Hors intersection,Pluie légère,Deux véhicules - côté,,,,,,,,,,,1,1,1,2,3.0
201600007427,0016-12-06 19:15:00,16,12,6,19,15,710,351,RUE DU CHATEAU,46.88312,5.26354,Nuit avec éclairage allumé,En agglomération,Intersection en T,Brouillard / fumée,Sans collision,,,,,,,,,,,5,2,3,5,7.0
201600007428,0016-12-10 07:30:00,16,12,10,7,30,710,357,,,,Crépuscule ou aube,Hors agglomération,Hors intersection,Brouillard / fumée,Trois véhicules et plus - collisions multiples,,,,,,,,,,,2,1,1,5,5.0
201600007429,0016-12-10 02:30:00,16,12,10,2,30,710,295,,,,Nuit sans éclairage public,Hors agglomération,Hors intersection,Brouillard / fumée,Autre collision,,,,,,,,,,,3,1,1,5,6.0
201600007430,0016-12-10 22:45:00,16,12,10,22,45,710,314,62  route de St GERMAIN,46.80636,5.30973,Nuit avec éclairage non allumé,En agglomération,Hors intersection,Brouillard / fumée,Autre collision,,,,,,,,,,,4,2,1,5,6.0
201600007431,0016-09-19 04:00:00,16,9,19,4,0,710,282,,,,Nuit sans éclairage public,Hors agglomération,Hors intersection,Normale,Autre collision,,,,,,,,,,,3,1,1,1,6.0
201600007432,0016-09-23 18:00:00,16,9,23,18,0,710,479,,46.82284,4.42188,Plein jour,Hors agglomération,Hors intersection,Temps éblouissant,Autre collision,,,,,,,,,,,1,1,1,7,6.0
201600007433,0016-10-22 03:00:00,16,10,22,3,0,710,38,,46.73617,4.36342,Nuit sans éclairage public,Hors agglomération,Autre intersection,Brouillard / fumée,Autre collision,,,,,,,,,,,3,1,9,5,6.0
201600007434,0016-12-01 08:00:00,16,12,1,8,0,710,310,avenue de la libération,46.74983,4.4704,Plein jour,En agglomération,Hors intersection,Normale,Autre collision,,,,,,,,,,,1,2,1,1,6.0
201600007435,0016-02-08 13:45:00,16,2,8,13,45,710,417,,46.61397,4.65678,Plein jour,Hors agglomération,Hors intersection,Vent fort / tempête,Deux véhicules - frontale,,,,,,,,,,,1,1,1,6,1.0
201600007436,0016-08-07 19:00:00,16,8,7,19,0,710,455,,46.66446,4.59538,Plein jour,Hors agglomération,Hors intersection,Normale,Deux véhicules - côté,,,,,,,,,,,1,1,1,1,3.0
201600007437,0016-03-11 01:45:00,16,3,11,1,45,890,350,,48.0062,3.15831,Nuit sans éclairage public,Hors agglomération,Hors intersection,Normale,Trois véhicules et plus - en chaîne,,,,,,,,,,,3,1,1,1,4.0
201600007438,0016-03-16 03:30:00,16,3,16,3,30,890,133,,47.99319,3.17772,Nuit sans éclairage public,Hors agglomération,Hors intersection,Normale,Deux véhicules - côté,,,,,,,,,,,3,1,1,1,3.0
201600007439,0016-05-31 03:00:00,16,5,31,3,0,890,313,,47.97582,3.19619,Nuit sans éclairage public,Hors agglomération,Hors intersection,Pluie légère,Sans collision,,,,,,,,,,,3,1,1,2,7.0
201600007440,0016-06-17 08:00:00,16,6,17,8,0,890,384,,47.89888,3.3608,Plein jour,Hors agglomération,Hors intersection,Pluie légère,Autre collision,,,,,,,,,,,1,1,1,2,6.0
201600007441,0016-08-24 08:15:00,16,8,24,8,15,890,388,,47.9486,3.23388,Plein jour,Hors agglomération,Hors intersection,Normale,Deux véhicules - arrière,,,,,,,,,,,1,1,1,1,2.0
201600007442,0016-08-27 06:30:00,16,8,27,6,30,890,53,,47.87558,3.47663,Nuit sans éclairage public,Hors agglomération,Hors intersection,Normale,Sans collision,,,,,,,,,,,3,1,1,1,7.0
201600007443,0016-10-20 01:00:00,16,10,20,1,0,890,384,,47.90325,3.3478,Nuit sans éclairage public,Hors agglomération,Hors intersection,Normale,Trois véhicules et plus - collisions multiples,,,,,,,,,,,3,1,1,1,5.0
201600007444,0016-12-25 00:15:00,16,12,25,0,15,890,388,,47.93535,3.24678,Nuit sans éclairage public,Hors agglomération,Hors intersection,Normale,Deux véhicules - arrière,,,,,,,,,,,3,1,1,1,2.0
201600007445,0016-02-14 17:00:00,16,2,14,17,0,890,404,,48.16391,3.17605,Plein jour,Hors agglomération,Hors intersection,Pluie légère,Trois véhicules et plus - collisions multiples,,,,,,,,,,,1,1,1,2,5.0
201600007446,0016-02-25 23:00:00,16,2,25,23,0,890,136,,48.2631,3.29056,Nuit sans éclairage public,Hors agglomération,Hors intersection,Normale,Deux véhicules - arrière,,,,,,,,,,,3,1,1,1,2.0
201600007447,0016-04-08 08:45:00,16,4,8,8,45,890,124,,48.35338,3.17374,Plein jour,Hors agglomération,Hors intersection,Pluie légère,Autre collision,,,,,,,,,,,1,1,1,2,6.0
201600007448,0016-03-12 09:30:00,16,3,12,9,30,890,291,,48.11569,3.28906,Plein jour,Hors agglomération,Hors intersection,Normale,Deux véhicules - côté,,,,,,,,,,,1,1,1,1,3.0
201600007449,0016-05-22 12:15:00,16,5,22,12,15,890,27,,48.24068,3.59682,Plein jour,Hors agglomération,Hors intersection,Pluie forte,Autre collision,,,,,,,,,,,1,1,1,3,6.0
201600007450,0016-05-30 01:30:00,16,5,30,1,30,890,136,,48.24573,3.26636,Nuit sans éclairage public,Hors agglomération,Hors intersection,Pluie forte,Autre collision,,,,,,,,,,,3,1,1,3,6.0
201600007451,0016-06-13 22:15:00,16,6,13,22,15,890,466,,48.1858,3.18094,Nuit sans éclairage public,Hors agglomération,Hors intersection,Normale,Deux véhicules - arrière,,,,,,,,,,,3,1,1,1,2.0
201600007452,0016-07-19 22:45:00,16,7,19,22,45,890,461,,48.24535,3.55462,Nuit sans éclairage public,Hors agglomération,Hors intersection,Normale,Autre collision,,,,,,,,,,,3,1,1,1,6.0
201600007453,0016-08-04 17:15:00,16,8,4,17,15,890,442,,48.08545,3.13122,Plein jour,Hors agglomération,Hors intersection,Normale,Sans collision,,,,,,,,,,,1,1,1,1,7.0