accident_id,datetime,annee,mois,jour,heure,minute,departement,commune_insee,adresse,latitude,longitude,luminosite,agglomeration,intersection,meteo,collision,nb_vehicules,nb_usagers,nb_indemnes,nb_tues,nb_blesses_hosp,nb_blesses_legers,age_cond_1,age_cond_2,veh_type_cond_1,veh_type_cond_2,lum_code,agg_code,int_code,atm_code,col_code
201600008115,0016-04-02 16:45:00,16,4,2,16,45,40,33,,44.4636,6.26908,Plein jour,Hors agglomération,Hors intersection,Temps couvert,Autre collision,,,,,,,,,,,1,1,1,8,6.0
201600008116,0016-04-07 14:45:00,16,4,7,14,45,40,205,,44.3266,6.39371,Plein jour,Hors agglomération,Hors intersection,Normale,Sans collision,,,,,,,,,,,1,1,1,1,7.0
201600008117,0016-04-10 22:30:00,16,4,10,22,30,40,198,,44.4465,6.33921,Nuit sans éclairage public,Hors agglomération,Hors intersection,Normale,Autre collision,,,,,,,,,,,3,1,1,1,6.0
201600008118,0016-07-01 16:30:00,16,7,1,16,30,40,154,,44.5101,6.3562,Plein jour,Hors agglomération,Hors intersection,Normale,Deux véhicules - arrière,,,,,,,,,,,1,1,1,1,2.0
201600008119,0016-07-02 15:45:00,16,7,2,15,45,40,161,,44.4017,6.50858,Plein jour,Hors agglomération,Hors intersection,Normale,Sans collision,,,,,,,,,,,1,1,1,1,7.0
201600008120,0016-08-14 15:15:00,16,8,14,15,15,40,161,LES CLARIONDS,44.3565,6.48375,Plein jour,Hors agglomération,Hors intersection,Normale,Autre collision,,,,,,,,,,,1,1,1,1,6.0
201600008121,0016-04-10 11:45:00,16,4,10,11,45,40,69,,43.8466,6.54428,Plein jour,Hors agglomération,Hors intersection,Normale,Sans collision,,,,,,,,,,,1,1,1,1,7.0
201600008122,0016-05-16 14:30:00,16,5,16,14,30,40,69,,43.8798,6.55594,Plein jour,Hors agglomération,Hors intersection,Normale,Autre collision,,,,,,,,,,,1,1,1,1,6.0
201600008123,0016-09-24 14:30:00,16,9,24,14,30,40,39,,43.8354,6.48494,Plein jour,Hors agglomération,Hors intersection,Normale,Autre collision,,,,,,,,,,,1,1,1,1,6.0
201600008124,0016-04-29 15:30:00,16,4,29,15,30,40,76,D4202 FACE GENDARMERIE,43.9504,6.81658,Plein jour,En agglomération,Hors intersection,Normale,Autre collision,,,,,,,,,,,1,2,1,1,6.0
201600008125,0016-06-07 08:45:00,16,6,7,8,45,40,76,,43.9271,6.79802,Plein jour,Hors agglomération,Hors intersection,Normale,Sans collision,,,,,,,,,,,1,1,1,1,7.0
201600008126,0016-07-13 23:45:00,16,7,13,23,45,40,8,,43.9654,6.6681,Nuit avec éclairage allumé,En agglomération,Hors intersection,Normale,Autre collision,,,,,,,,,,,5,2,1,1,6.0
201600008127,0016-02-04 22:15:00,16,2,4,22,15,40,219,,44.1071,6.57377,Nuit sans éclairage public,Hors agglomération,Hors intersection,Normale,Sans collision,,,,,,,,,,,3,1,1,1,7.0
201600008128,0016-06-09 11:30:00,16,6,9,11,30,40,61,,44.1836,6.63034,Plein jour,Hors agglomération,Intersection en T,Normale,Deux véhicules - côté,,,,,,,,,,,1,1,3,1,3.0
201600008129,0016-07-02 11:15:00,16,7,2,11,15,40,173,,43.9781,6.50823,Plein jour,Hors agglomération,Hors intersection,Normale,Deux véhicules - frontale,,,,,,,,,,,1,1,1,1,1.0
201600008130,0016-07-16 16:30:00,16,7,16,16,30,40,136,,43.9909,6.53597,Plein jour,Hors agglomération,Hors intersection,Normale,Deux véhicules - frontale,,,,,,,,,,,1,1,1,1,1.0
201600008131,0016-12-21 03:00:00,16,12,21,3,0,40,6,PK 55+300,44.2851,6.57388,Nuit sans éclairage public,En agglomération,Hors intersection,Normale,Sans collision,,,,,,,,,,,3,2,1,1,7.0
201600008132,0016-02-17 11:45:00,16,2,17,11,45,40,81,,43.7421,5.97375,Plein jour,Hors agglomération,Hors intersection,Normale,Autre collision,,,,,,,,,,,1,1,1,1,6.0
201600008133,0016-02-29 12:00:00,16,2,29,12,0,40,144,,43.7941,6.34077,Plein jour,Hors agglomération,Hors intersection,Normale,Sans collision,,,,,,,,,,,1,1,1,1,7.0
201600008134,0016-07-05 12:00:00,16,7,5,12,0,40,189,,43.7775,5.97696,Plein jour,Hors agglomération,Hors intersection,Normale,Autre collision,,,,,,,,,,,1,1,1,1,6.0
201600008135,0016-07-06 15:30:00,16,7,6,15,30,40,144,,43.7803,6.28064,Plein jour,Hors agglomération,Hors intersection,Normale,Sans collision,,,,,,,,,,,1,1,1,1,7.0
201600008136,0016-07-18 10:15:00,16,7,18,10,15,40,172,,43.8465,6.16488,Plein jour,Hors agglomération,Hors intersection,Normale,Deux véhicules - côté,,,,,,,,,,,1,1,1,1,3.0
201600008137,0016-08-25 02:10:00,16,8,25,2,10,40,157,,43.8503,6.14752,Nuit sans éclairage public,Hors agglomération,Hors intersection,Normale,Autre collision,,,,,,,,,,,3,1,1,1,6.0
201600008138,0016-09-06 19:00:00,16,9,6,19,0,40,166,,43.8031,6.11936,Plein jour,Hors agglomération,Hors intersection,Normale,Deux véhicules - frontale,,,,,,,,,,,1,1,1,1,1.0
201600008139,0016-10-01 11:00:00,16,10,1,11,0,40,166,,43.8071,6.11246,Plein jour,Hors agglomération,Hors intersection,Pluie forte,Deux véhicules - frontale,,,,,,,,,,,1,1,1,3,1.0
201600008140,0016-10-03 16:30:00,16,10,3,16,30,40,144,,43.8007,6.25875,Plein jour,Hors agglomération,Hors intersection,Normale,Sans collision,,,,,,,,,,,1,1,1,1,7.0
201600008141,0016-11-01 16:15:00,16,11,1,16,15,40,144,,43.8015,6.25583,Plein jour,Hors agglomération,Hors intersection,Normale,Autre collision,,,,,,,,,,,1,1,1,1,6.0
201600008142,0016-12-14 13:30:00,16,12,14,13,30,40,172,,43.8322,6.14169,Plein jour,Hors agglomération,Hors intersection,Normale,Autre collision,,,,,,,,,,,1,1,1,1,6.0
201600008143,0016-03-06 02:30:00,16,3,6,2,30,40,88,AVENUE DE LA PAIX,43.9522,5.77381,Nuit sans éclairage public,En agglomération,Hors intersection,Normale,Autre collision,,,,,,,,,,,3,2,1,1,6.0
201600008144,0016-03-21 16:30:00,16,3,21,16,30,40,188,,43.9228,5.77737,Plein jour,Hors agglomération,Intersection en T,Normale,Trois véhicules et plus - collisions multiples,,,,,,,,,,,1,1,3,1,5.0
201600008145,0016-04-17 22:15:00,16,4,17,22,15,40,242,,43.8805,5.84875,Nuit sans éclairage public,Hors agglomération,Hors intersection,Normale,Autre collision,,,,,,,,,,,3,1,1,1,6.0
201600008146,0016-05-23 14:00:00,16,5,23,14,0,40,242,,43.8978,5.83508,Plein jour,Hors agglomération,Hors intersection,Normale,Deux véhicules - arrière,,,,,,,,,,,1,1,1,1,2.0
201600008147,0016-06-12 18:30:00,16,6,12,18,30,40,88,,43.9596,5.78081,Plein jour,En agglomération,Hors intersection,Normale,Autre collision,,,,,,,,,,,1,2,1,1,6.0
201600008148,0016-07-18 13:45:00,16,7,18,13,45,40,160,,43.8659,5.68386,Plein jour,Hors agglomération,Hors intersection,Normale,Deux véhicules - frontale,,,,,,,,,,,1,1,1,1,1.0
201600008149,0016-09-01 01:45:00,16,9,1,1,45,40,151,LA GRAND RUE,43.9558,5.83173,Nuit avec éclairage allumé,En agglomération,Hors intersection,Normale,Autre collision,,,,,,,,,,,5,2,1,1,6.0
201600008150,0016-12-20 21:30:00,16,12,20,21,30,40,104,,43.97,5.73416,Nuit sans éclairage public,Hors agglomération,Hors intersection,Normale,Autre collision,,,,,,,,,,,3,1,1,1,6.0
201600008151,0016-12-22 16:00:00,16,12,22,16,0,40,88,14 BD DE LA TOURETTE,43.9588,5.77988,Plein jour,En agglomération,Hors intersection,Normale,Autre collision,,,,,,,,,,,1,2,1,1,6.0
201600008152,0016-06-10 01:15:00,16,6,10,1,15,40,208,,43.9984,5.54564,Nuit sans éclairage public,Hors agglomération,Hors intersection,Normale,Autre collision,,,,,,,,,,,3,1,1,1,6.0
201600008153,0016-07-24 19:45:00,16,7,24,19,45,40,208,,43.9627,5.53073,Plein jour,Hors agglomération,Hors intersection,Pluie légère,Sans collision,,,,,,,,,,,1,1,1,2,7.0
201600008154,0016-08-28 12:15:00,16,8,28,12,15,40,141,,44.0115,5.69963,Plein jour,Hors agglomération,Hors intersection,Normale,Deux véhicules - côté,,,,,,,,,,,1,1,1,1,3.0
201600008155,0016-09-10 11:45:00,16,9,10,11,45,40,132,LE VILLAGE,44.0124,5.60925,Plein jour,En agglomération,Intersection en X,Normale,Deux véhicules - frontale,,,,,,,,,,,1,2,2,1,1.0
201600008156,0016-10-29 15:15:00,16,10,29,15,15,40,163,RD 18 -AVENUE BROCHERY,44.1777,5.56574,Plein jour,En agglomération,Intersection en X,Normale,Deux véhicules - côté,,,,,,,,,,,1,2,2,1,3.0
201600008157,0016-11-02 07:00:00,16,11,2,7,0,40,79,,44.0611,6.02034,Plein jour,Hors agglomération,Hors intersection,Normale,Deux véhicules - frontale,,,,,,,,,,,1,1,1,1,1.0
201600008158,0016-11-25 03:00:00,16,11,25,3,0,40,49,,44.0944,6.00994,Nuit avec éclairage allumé,Hors agglomération,Hors intersection,Pluie forte,Autre collision,,,,,,,,,,,5,1,1,3,6.0
201600008159,0016-04-17 18:30:00,16,4,17,18,30,40,63,,43.7653,5.75828,Plein jour,Hors agglomération,Hors intersection,Normale,Deux véhicules - côté,,,,,,,,,,,1,1,1,1,3.0
201600008160,0016-05-04 18:00:00,16,5,4,18,0,40,63,,43.7608,5.75423,Plein jour,Hors agglomération,Intersection en T,Normale,Deux véhicules - côté,,,,,,,,,,,1,1,3,1,3.0
201600008161,0016-07-01 11:30:00,16,7,1,11,30,40,245,INTER CH ST ROCH,43.8604,5.83552,Plein jour,Hors agglomération,Intersection en T,Normale,Deux véhicules - côté,,,,,,,,,,,1,1,3,1,3.0
201600008162,0016-08-25 02:15:00,16,8,25,2,15,40,63,,43.7544,5.74976,Nuit sans éclairage public,Hors agglomération,Hors intersection,Normale,Autre collision,,,,,,,,,,,3,1,1,1,6.0
201600008163,0016-11-18 17:30:00,16,11,18,17,30,40,152,,43.8006,5.75673,Crépuscule ou aube,Hors agglomération,Hors intersection,Normale,Deux véhicules - frontale,,,,,,,,,,,2,1,1,1,1.0
201600008164,0016-11-28 08:30:00,16,11,28,8,30,40,197,,43.8039,5.77236,Plein jour,Hors agglomération,Hors intersection,Temps éblouissant,Autre collision,,,,,,,,,,,1,1,1,7,6.0
201600008165,0016-12-18 11:30:00,16,12,18,11,30,40,242,,43.8944,5.83774,Plein jour,Hors agglomération,Hors intersection,Autre,Deux véhicules - côté,,,,,,,,,,,1,1,1,9,3.0
201600008166,0016-07-15 10:30:00,16,7,15,10,30,40,75,,44.1642,5.9498,Plein jour,Hors agglomération,Intersection en T,Normale,Deux véhicules - frontale,,,,,,,,,,,1,1,3,1,1.0
201600008167,0016-07-22 08:45:00,16,7,22,8,45,40,123,,44.2516,5.88088,Plein jour,Hors agglomération,Hors intersection,Normale,Autre collision,,,,,,,,,,,1,1,1,1,6.0
201600008168,0016-04-15 14:15:00,16,4,15,14,15,40,231,,44.2613,5.97405,Plein jour,Hors agglomération,Hors intersection,Normale,Sans collision,,,,,,,,,,,1,1,1,1,7.0
201600008169,0016-01-18 21:00:00,16,1,18,21,0,50,53,,44.33956,5.7788,Nuit sans éclairage public,Hors agglomération,Hors intersection,Neige / grêle,Deux véhicules - frontale,,,,,,,,,,,3,1,1,4,1.0
201600008170,0016-04-04 14:45:00,16,4,4,14,45,50,103,,44.26355,5.90424,Plein jour,Hors agglomération,Hors intersection,Normale,Deux véhicules - côté,,,,,,,,,,,1,1,1,1,3.0
201600008171,0016-04-04 13:45:00,16,4,4,13,45,50,53,PK 41 + 265,44.34477,5.77331,Plein jour,En agglomération,Hors intersection,Normale,Autre collision,,,,,,,,,,,1,2,1,1,6.0
201600008172,0016-04-16 14:30:00,16,4,16,14,30,50,34,,44.27696,5.81679,Plein jour,Hors agglomération,Intersection en Y,Normale,Deux véhicules - côté,,,,,,,,,,,1,1,4,1,3.0
201600008173,0016-04-29 00:45:00,16,4,29,0,45,50,118,,44.20559,5.88872,Nuit sans éclairage public,Hors agglomération,Hors intersection,Normale,Autre collision,,,,,,,,,,,3,1,1,1,6.0
201600008174,0016-07-11 12:00:00,16,7,11,12,0,50,70,70 ter avenue de provenc,44.30632,5.83539,Plein jour,En agglomération,Hors intersection,Normale,Deux véhicules - arrière,,,,,,,,,,,1,2,1,1,2.0
201600008175,0016-10-11 10:15:00,16,10,11,10,15,50,172,,44.35282,5.73736,Plein jour,Hors agglomération,Hors intersection,Normale,Sans collision,,,,,,,,,,,1,1,1,1,7.0
201600008176,0016-11-10 07:45:00,16,11,10,7,45,50,173,,44.30674,5.82641,Crépuscule ou aube,Hors agglomération,Hors intersection,Normale,Autre collision,,,,,,,,,,,2,1,1,1,6.0
201600008177,0016-12-30 21:30:00,16,12,30,21,30,50,173,,44.32761,5.86769,Plein jour,Hors agglomération,Hors intersection,Normale,Autre collision,,,,,,,,,,,1,1,1,1,6.0
201600008178,0016-01-09 11:30:00,16,1,9,11,30,50,147,,44.65225,6.1345,Plein jour,Hors agglomération,Intersection en Y,Pluie légère,Deux véhicules - frontale,,,,,,,,,,,1,1,4,2,1.0
201600008179,0016-02-03 13:00:00,16,2,3,13,0,50,25,,44.65112,6.14571,Plein jour,Hors agglomération,Hors intersection,Vent fort / tempête,Autre collision,,,,,,,,,,,1,1,1,6,6.0
201600008180,0016-04-27 11:30:00,16,4,27,11,30,50,56,,44.63254,6.13005,Plein jour,Hors agglomération,Hors intersection,Normale,Autre collision,,,,,,,,,,,1,1,1,1,6.0
201600008181,0016-05-28 13:30:00,16,5,28,13,30,50,104,,44.69068,6.04486,Plein jour,Hors agglomération,Hors intersection,Normale,Sans collision,,,,,,,,,,,1,1,1,1,7.0
201600008182,0016-07-23 10:15:00,16,7,23,10,15,50,132,les Combes,44.68308,6.11207,Plein jour,En agglomération,Hors intersection,Normale,Autre collision,,,,,,,,,,,1,2,1,1,6.0
201600008183,0016-07-24 12:15:00,16,7,24,12,15,50,9,,44.79938,5.97017,Plein jour,Hors agglomération,Hors intersection,Normale,Sans collision,,,,,,,,,,,1,1,1,1,7.0
201600008184,0016-09-04 07:30:00,16,9,4,7,30,50,54,,44.67921,6.06168,Plein jour,Hors agglomération,Hors intersection,Normale,Autre collision,,,,,,,,,,,1,1,1,1,6.0
201600008185,0016-09-11 08:45:00,16,9,11,8,45,50,72,,44.65139,6.08603,Plein jour,Hors agglomération,Hors intersection,Normale,Autre collision,,,,,,,,,,,1,1,1,1,6.0
201600008186,0016-11-27 16:30:00,16,11,27,16,30,50,147,,,,Crépuscule ou aube,Hors agglomération,Hors intersection,Brouillard / fumée,Sans collision,,,,,,,,,,,2,1,1,5,7.0
201600008187,0016-12-15 17:45:00,16,12,15,17,45,50,29,Haute plaine,44.64364,6.17282,Crépuscule ou aube,En agglomération,Hors intersection,Normale,Autre collision,,,,,,,,,,,2,2,1,1,6.0
201600008188,0016-12-22 05:30:00,16,12,22,5,30,50,32,,44.68936,6.26495,Nuit sans éclairage public,Hors agglomération,Hors intersection,Autre,Sans collision,,,,,,,,,,,3,1,1,9,7.0
201600008189,0016-08-25 13:30:00,16,8,25,13,30,50,2,Le village de Agnières,44.69548,5.88236,Plein jour,En agglomération,Hors intersection,Normale,Deux véhicules - côté,,,,,,,,,,,1,2,1,1,3.0
201600008190,0016-11-09 11:00:00,16,11,9,11,0,50,139,,44.66485,5.94481,Plein jour,Hors agglomération,Hors intersection,Neige / grêle,Sans collision,,,,,,,,,,,1,1,1,4,7.0
201600008191,0016-01-25 07:45:00,16,1,25,7,45,50,68,,44.49042,6.07973,Plein jour,Hors agglomération,Hors intersection,Normale,Autre collision,,,,,,,,,,,1,1,1,1,6.0
201600008192,0016-02-25 09:00:00,16,2,25,9,0,50,162,,44.43445,6.02407,Plein jour,Hors agglomération,Hors intersection,Normale,Deux véhicules - frontale,,,,,,,,,,,1,1,1,1,1.0
201600008193,0016-06-04 11:15:00,16,6,4,11,15,50,170,RD 46 PK9+100,44.46409,6.04951,Plein jour,En agglomération,Hors intersection,Normale,Deux véhicules - arrière,,,,,,,,,,,1,2,1,1,2.0
201600008194,0016-07-13 18:15:00,16,7,13,18,15,50,100,,44.52075,6.00969,Plein jour,Hors agglomération,Hors intersection,Temps éblouissant,Trois véhicules et plus - collisions multiples,,,,,,,,,,,1,1,1,7,5.0
201600008195,0016-07-24 03:00:00,16,7,24,3,0,50,68,,44.48591,6.07961,Nuit sans éclairage public,Hors agglomération,Hors intersection,Normale,Sans collision,,,,,,,,,,,3,1,1,1,7.0
201600008196,0016-10-30 16:10:00,16,10,30,16,10,50,68,,44.4898,6.11697,Plein jour,Hors agglomération,Hors intersection,Normale,Trois véhicules et plus - collisions multiples,,,,,,,,,,,1,1,1,1,5.0
201600008197,0016-12-01 17:00:00,16,12,1,17,0,50,170,,44.44842,6.03433,Crépuscule ou aube,Hors agglomération,Hors intersection,Temps éblouissant,Deux véhicules - arrière,,,,,,,,,,,2,1,1,7,2.0
201600008198,0016-12-30 10:00:00,16,12,30,10,0,50,162,,44.42107,6.01715,Plein jour,Hors agglomération,Intersection en T,Normale,Deux véhicules - frontale,,,,,,,,,,,1,1,3,1,1.0
201600008199,0016-07-27 13:15:00,16,7,27,13,15,50,33,,44.36259,5.63285,Plein jour,Hors agglomération,Hors intersection,Normale,Sans collision,,,,,,,,,,,1,1,1,1,7.0
201600008200,0016-09-03 11:45:00,16,9,3,11,45,50,129,,44.37441,5.53221,Plein jour,Hors agglomération,Hors intersection,Normale,Sans collision,,,,,,,,,,,1,1,1,1,7.0
201600008201,0016-01-01 12:00:00,16,1,1,12,0,50,87,,44.57273,5.86037,Plein jour,Hors agglomération,Hors intersection,Normale,Autre collision,,,,,,,,,,,1,1,1,1,6.0
201600008202,0016-01-26 11:30:00,16,1,26,11,30,50,123,,44.56189,5.93531,Plein jour,Hors agglomération,Intersection en T,Normale,Deux véhicules - côté,,,,,,,,,,,1,1,3,1,3.0
201600008203,0016-08-08 17:45:00,16,8,8,17,45,50,123,,44.54637,5.99917,Plein jour,Hors agglomération,Hors intersection,Normale,Trois véhicules et plus - collisions multiples,,,,,,,,,,,1,1,1,1,5.0
201600008204,0016-07-11 07:00:00,16,7,11,7,0,50,6,,44.7586,6.57296,Plein jour,Hors agglomération,Hors intersection,Normale,Sans collision,,,,,,,,,,,1,1,1,1,7.0
201600008205,0016-09-13 08:30:00,16,9,13,8,30,50,6,,44.79567,6.56265,Plein jour,Hors agglomération,Hors intersection,Normale,Autre collision,,,,,,,,,,,1,1,1,1,6.0
201600008206,0016-10-03 15:45:00,16,10,3,15,45,50,6,,44.80672,6.56581,Plein jour,Hors agglomération,Hors intersection,Normale,Autre collision,,,,,,,,,,,1,1,1,1,6.0
201600008207,0016-10-24 16:30:00,16,10,24,16,30,50,6,RN94 AV DE LA LIBERATION,44.79242,6.56217,Plein jour,En agglomération,Hors intersection,Normale,Trois véhicules et plus - collisions multiples,,,,,,,,,,,1,2,1,1,5.0
201600008208,0016-12-11 13:30:00,16,12,11,13,30,50,58,,44.76438,6.56412,Plein jour,Hors agglomération,Hors intersection,Normale,Sans collision,,,,,,,,,,,1,1,1,1,7.0
201600008209,0016-07-30 17:30:00,16,7,30,17,30,50,174,,44.92577,6.67929,Plein jour,Hors agglomération,Hors intersection,Normale,Deux véhicules - frontale,,,,,,,,,,,1,1,1,1,1.0
201600008210,0016-08-08 16:00:00,16,8,8,16,0,50,85,,44.92843,6.71296,Plein jour,En agglomération,Hors intersection,Normale,Deux véhicules - arrière,,,,,,,,,,,1,2,1,1,2.0
201600008211,0016-09-13 14:30:00,16,9,13,14,30,50,79,,44.99706,6.47857,Plein jour,Hors agglomération,Hors intersection,Normale,Autre collision,,,,,,,,,,,1,1,1,1,6.0
201600008212,0016-02-06 20:00:00,16,2,6,20,0,50,12,,44.54692,6.48283,Nuit avec éclairage allumé,Hors agglomération,Hors intersection,Normale,Deux véhicules - côté,,,,,,,,,,,5,1,1,1,3.0
201600008213,0016-03-06 17:45:00,16,3,6,17,45,50,45,,44.53264,6.45434,Crépuscule ou aube,Hors agglomération,Hors intersection,Normale,Deux véhicules - arrière,,,,,,,,,,,2,1,1,1,2.0
201600008214,0016-07-01 01:15:00,16,7,1,1,15,50,45,,44.5366,6.47095,Nuit avec éclairage non allumé,Hors agglomération,Hors intersection,Normale,Autre collision,,,,,,,,,,,4,1,1,1,6.0
201600008215,0016-08-09 09:15:00,16,8,9,9,15,50,108,,44.54325,6.40818,Plein jour,Hors agglomération,Hors intersection,Normale,Deux véhicules - côté,,,,,,,,,,,1,1,1,1,3.0
201600008216,0016-10-18 07:45:00,16,10,18,7,45,50,46,chemin des croix,44.56522,6.49909,Plein jour,En agglomération,Giratoire,Normale,Autre collision,,,,,,,,,,,1,2,6,1,6.0
201600008217,0016-12-10 21:30:00,16,12,10,21,30,50,46,avenue justin gras,44.56253,6.4912,Nuit avec éclairage allumé,En agglomération,Intersection en T,Normale,Deux véhicules - frontale,,,,,,,,,,,5,2,3,1,1.0
201600008218,0016-06-25 10:45:00,16,6,25,10,45,50,38,,44.76887,6.80218,Plein jour,Hors agglomération,Hors intersection,Normale,Sans collision,,,,,,,,,,,1,1,1,1,7.0
201600008219,0016-09-01 12:15:00,16,9,1,12,15,50,157,La ville,44.70048,6.868,Plein jour,En agglomération,Hors intersection,Normale,Autre collision,,,,,,,,,,,1,2,1,1,6.0
201600008220,0016-07-30 18:00:00,16,7,30,18,0,50,106,,44.525,6.359,Plein jour,Hors agglomération,Hors intersection,Normale,Trois véhicules et plus - collisions multiples,,,,,,,,,,,1,1,1,1,5.0
201600008221,0016-11-19 09:30:00,16,11,19,9,30,50,17,,44.56342,6.19662,Plein jour,Hors agglomération,Intersection en X,Normale,Deux véhicules - frontale,,,,,,,,,,,1,1,2,1,1.0
201600008222,0016-12-16 19:30:00,16,12,16,19,30,50,84,,44.55282,6.24464,Nuit sans éclairage public,Hors agglomération,Hors intersection,Normale,Trois véhicules et plus - collisions multiples,,,,,,,,,,,3,1,1,1,5.0
201600008223,0016-03-27 12:45:00,16,3,27,12,45,50,136,Cd138,44.7065,6.60389,Plein jour,Hors agglomération,Passage à niveau,Normale,Deux véhicules - côté,,,,,,,,,,,1,1,8,1,3.0
201600008224,0016-05-11 08:45:00,16,5,11,8,45,50,65,RD 902 A,44.65507,6.65212,Plein jour,En agglomération,Giratoire,Pluie légère,Deux véhicules - frontale,,,,,,,,,,,1,2,6,2,1.0
201600008225,0016-06-05 15:45:00,16,6,5,15,45,50,177,,44.6127,6.68702,Plein jour,Hors agglomération,Hors intersection,Temps couvert,Sans collision,,,,,,,,,,,1,1,1,8,7.0
201600008226,0016-06-10 12:00:00,16,6,10,12,0,50,177,,44.60644,6.06887,Plein jour,Hors agglomération,Hors intersection,Normale,Trois véhicules et plus - collisions multiples,,,,,,,,,,,1,1,1,1,5.0
201600008227,0016-07-09 13:45:00,16,7,9,13,45,50,177,,44.62578,6.68044,Plein jour,Hors agglomération,Hors intersection,Normale,Autre collision,,,,,,,,,,,1,1,1,1,6.0
201600008228,0016-12-29 08:30:00,16,12,29,8,30,50,136,,44.71115,6.60234,Plein jour,Hors agglomération,Hors intersection,Normale,Deux véhicules - côté,,,,,,,,,,,1,1,1,1,3.0
201600008229,0016-05-27 20:30:00,16,5,27,20,30,60,15,,,,Nuit avec éclairage allumé,Hors agglomération,Hors intersection,Normale,Sans collision,,,,,,,,,,,5,1,1,1,7.0
201600008230,0016-07-03 19:30:00,16,7,3,19,30,60,48,,,,Plein jour,Hors agglomération,Hors intersection,Normale,Deux véhicules - frontale,,,,,,,,,,,1,1,1,1,1.0
201600008231,0016-07-22 23:30:00,16,7,22,23,30,60,48,,,,Nuit avec éclairage non allumé,Hors agglomération,Hors intersection,Normale,Deux véhicules - frontale,,,,,,,,,,,4,1,1,1,1.0
201600008232,0016-11-08 07:10:00,16,11,8,7,10,60,48,"507 CR4, la roseyre",43.80896,7.32439,Plein jour,Hors agglomération,Hors intersection,Normale,Deux véhicules - côté,,,,,,,,,,,1,1,1,1,3.0
201600008233,0016-11-25 16:20:00,16,11,25,16,20,60,48,Route de Sclos,43.81692,7.34545,Plein jour,En agglomération,Hors intersection,Normale,Deux véhicules - côté,,,,,,,,,,,1,2,1,1,3.0
201600008234,0016-08-07 14:00:00,16,8,7,14,0,60,77,,,,Plein jour,Hors agglomération,Hors intersection,Normale,Sans collision,,,,,,,,,,,1,1,1,1,7.0
201600008235,0016-08-14 15:15:00,16,8,14,15,15,60,91,SAINT MARTIN DE PEILLE,,,Plein jour,En agglomération,Hors intersection,Normale,Sans collision,,,,,,,,,,,1,2,1,1,7.0
201600008236,0016-10-03 08:45:00,16,10,3,8,45,60,19,880 route de blausasc,,,Plein jour,En agglomération,Hors intersection,Normale,Deux véhicules - frontale,,,,,,,,,,,1,2,1,1,1.0
201600008237,0016-11-28 17:00:00,16,11,28,17,0,60,77,Route de l'authion D2566,43.88367,7.35953,Crépuscule ou aube,En agglomération,Autre intersection,Normale,Deux véhicules - côté,,,,,,,,,,,2,2,9,1,3.0
201600008238,0016-04-06 12:30:00,16,4,6,12,30,60,147,,43.78,7.279,Plein jour,Hors agglomération,Hors intersection,Normale,Autre collision,,,,,,,,,,,1,1,1,1,6.0
201600008239,0016-04-14 09:30:00,16,4,14,9,30,60,75,689 route de la roquette,43.857,7.229,Plein jour,En agglomération,Hors intersection,Normale,Deux véhicules - frontale,,,,,,,,,,,1,2,1,1,1.0
201600008240,0016-10-13 15:50:00,16,10,13,15,50,60,147,580 route d'aspremont,43.79349,7.2669,Plein jour,En agglomération,Hors intersection,Pluie légère,Autre collision,,,,,,,,,,,1,2,1,2,6.0
201600008241,0016-10-11 07:40:00,16,10,11,7,40,60,75,1245 Avenue du Général d,43.85077,7.23631,Plein jour,En agglomération,Intersection en T,Normale,Deux véhicules - frontale,,,,,,,,,,,1,2,3,1,1.0
201600008242,0016-12-08 10:30:00,16,12,8,10,30,60,147,M 19  vers le Pont du Ti,43.76175,7.27947,Plein jour,Hors agglomération,Hors intersection,Normale,Deux véhicules - frontale,,,,,,,,,,,1,1,1,1,1.0
201600008243,0016-03-07 15:30:00,16,3,7,15,30,60,151,,,,Plein jour,Hors agglomération,Hors intersection,Normale,Deux véhicules - frontale,,,,,,,,,,,1,1,1,1,1.0
201600008244,0016-03-19 23:00:00,16,3,19,23,0,60,151,,,,Nuit sans éclairage public,Hors agglomération,Hors intersection,Normale,Sans collision,,,,,,,,,,,3,1,1,1,7.0
201600008245,0016-09-15 10:15:00,16,9,15,10,15,60,151,,,,Plein jour,Hors agglomération,Hors intersection,Normale,Autre collision,,,,,,,,,,,1,1,1,1,6.0
201600008246,0016-04-07 17:45:00,16,4,7,17,45,60,149,M2204 B,,,Plein jour,En agglomération,Hors intersection,Normale,Deux véhicules - frontale,,,,,,,,,,,1,2,1,1,1.0
201600008247,0016-04-07 18:30:00,16,4,7,18,30,60,149,,,,Plein jour,Hors agglomération,Hors intersection,Normale,Trois véhicules et plus - en chaîne,,,,,,,,,,,1,1,1,1,4.0
201600008248,0016-06-20 07:45:00,16,6,20,7,45,60,149,,,,Plein jour,Hors agglomération,Hors intersection,Normale,Autre collision,,,,,,,,,,,1,1,1,1,6.0