accident_id,datetime,annee,mois,jour,heure,minute,departement,commune_insee,adresse,latitude,longitude,luminosite,agglomeration,intersection,meteo,collision,nb_vehicules,nb_usagers,nb_indemnes,nb_tues,nb_blesses_hosp,nb_blesses_legers,age_cond_1,age_cond_2,veh_type_cond_1,veh_type_cond_2,lum_code,agg_code,int_code,atm_code,col_code
201600008388,0016-03-07 08:45:00,16,3,7,8,45,830,23,,,,Plein jour,Hors agglomération,Hors intersection,Normale,Trois véhicules et plus - en chaîne,,,,,,,,,,,1,1,1,1,4.0
201600008389,0016-04-25 13:30:00,16,4,25,13,30,830,23,,,,Plein jour,Hors agglomération,Hors intersection,Normale,Deux véhicules - arrière,,,,,,,,,,,1,1,1,1,2.0
201600008390,0016-05-04 08:30:00,16,5,4,8,30,830,23,,,,Plein jour,Hors agglomération,Hors intersection,Normale,Deux véhicules - arrière,,,,,,,,,,,1,1,1,1,2.0
201600008391,0016-06-12 18:15:00,16,6,12,18,15,830,23,,,,Plein jour,Hors agglomération,Hors intersection,Normale,Deux véhicules - frontale,,,,,,,,,,,1,1,1,1,1.0
201600008392,0016-06-26 21:45:00,16,6,26,21,45,830,143,,,,Crépuscule ou aube,Hors agglomération,Hors intersection,Normale,Deux véhicules - arrière,,,,,,,,,,,2,1,1,1,2.0
201600008393,0016-07-13 11:30:00,16,7,13,11,30,830,30,,,,Plein jour,Hors agglomération,Hors intersection,Normale,Deux véhicules - côté,,,,,,,,,,,1,1,1,1,3.0
201600008394,0016-09-12 21:45:00,16,9,12,21,45,830,23,,,,Nuit sans éclairage public,Hors agglomération,Hors intersection,Normale,Autre collision,,,,,,,,,,,3,1,1,1,6.0
201600008395,0016-09-14 18:00:00,16,9,14,18,0,830,23,"11, rue barbaroux",43.4065,6.06247,Plein jour,En agglomération,Hors intersection,Pluie légère,Autre collision,,,,,,,,,,,1,2,1,2,6.0
201600008396,0016-09-27 22:45:00,16,9,27,22,45,830,23,,,,Nuit sans éclairage public,Hors agglomération,Hors intersection,Normale,Deux véhicules - frontale,,,,,,,,,,,3,1,1,1,1.0
201600008397,0016-09-30 15:45:00,16,9,30,15,45,830,23,,,,Plein jour,Hors agglomération,Hors intersection,Normale,Deux véhicules - frontale,,,,,,,,,,,1,1,1,1,1.0
201600008398,0016-10-01 17:00:00,16,10,1,17,0,830,143,,43.426,6.069,Plein jour,Hors agglomération,Hors intersection,Normale,Deux véhicules - frontale,,,,,,,,,,,1,1,1,1,1.0
201600008399,0016-10-06 17:15:00,16,10,6,17,15,830,23,,43.682,6.135,Plein jour,Hors agglomération,Hors intersection,Normale,Deux véhicules - arrière,,,,,,,,,,,1,1,1,1,2.0
201600008400,0016-11-04 11:00:00,16,11,4,11,0,830,23,,43.67,6.138,Plein jour,Hors agglomération,Hors intersection,Temps éblouissant,Deux véhicules - côté,,,,,,,,,,,1,1,1,7,3.0
201600008401,0016-11-04 12:45:00,16,11,4,12,45,830,143,,,,Plein jour,Hors agglomération,Hors intersection,Normale,Autre collision,,,,,,,,,,,1,1,1,1,6.0
201600008402,0016-11-11 21:45:00,16,11,11,21,45,830,23,,,,Nuit sans éclairage public,Hors agglomération,Intersection en T,Normale,Deux véhicules - côté,,,,,,,,,,,3,1,3,1,3.0
201600008403,0016-11-27 13:15:00,16,11,27,13,15,830,23,,,,Plein jour,Hors agglomération,Hors intersection,Normale,Sans collision,,,,,,,,,,,1,1,1,1,7.0
201600008404,0016-03-09 15:45:00,16,3,9,15,45,830,83,,,,Plein jour,Hors agglomération,Hors intersection,Normale,Deux véhicules - côté,,,,,,,,,,,1,1,1,1,3.0
201600008405,0016-04-10 13:15:00,16,4,10,13,15,830,45,,43.46547,6.11173,Plein jour,Hors agglomération,Hors intersection,Normale,Trois véhicules et plus - en chaîne,,,,,,,,,,,1,1,1,1,4.0
201600008406,0016-06-19 14:00:00,16,6,19,14,0,830,135,,,,Plein jour,Hors agglomération,Hors intersection,Normale,Sans collision,,,,,,,,,,,1,1,1,1,7.0
201600008407,0016-07-23 10:45:00,16,7,23,10,45,830,84,,,,Plein jour,Hors agglomération,Giratoire,Normale,Deux véhicules - frontale,,,,,,,,,,,1,1,6,1,1.0
201600008408,0016-08-01 22:15:00,16,8,1,22,15,830,84,,,,Plein jour,Hors agglomération,Hors intersection,Normale,Deux véhicules - frontale,,,,,,,,,,,1,1,1,1,1.0
201600008409,0016-08-03 11:30:00,16,8,3,11,30,830,46,lieudit le grandtournant,,,Plein jour,En agglomération,Hors intersection,Normale,Sans collision,,,,,,,,,,,1,2,1,1,7.0
201600008410,0016-09-29 11:45:00,16,9,29,11,45,830,135,,,,Plein jour,Hors agglomération,Hors intersection,Normale,Autre collision,,,,,,,,,,,1,1,1,1,6.0
201600008411,0016-10-03 17:30:00,16,10,3,17,30,830,12,Place du 19 mars 1962,43.56048,6.00375,Plein jour,En agglomération,Hors intersection,Normale,Autre collision,,,,,,,,,,,1,2,1,1,6.0
201600008412,0016-09-23 15:15:00,16,9,23,15,15,830,146,,,,Plein jour,Hors agglomération,Hors intersection,Normale,Autre collision,,,,,,,,,,,1,1,1,1,6.0
201600008413,0016-12-14 11:45:00,16,12,14,11,45,830,150,ROUTE DES GORGES,,,Plein jour,En agglomération,Hors intersection,Normale,Deux véhicules - côté,,,,,,,,,,,1,2,1,1,3.0
201600008414,0016-03-10 08:00:00,16,3,10,8,0,830,106,,,,Plein jour,Hors agglomération,Hors intersection,Normale,Deux véhicules - frontale,,,,,,,,,,,1,1,1,1,1.0
201600008415,0016-03-19 14:00:00,16,3,19,14,0,830,77,,,,Plein jour,Hors agglomération,Hors intersection,Normale,Sans collision,,,,,,,,,,,1,1,1,1,7.0
201600008416,0016-03-30 19:00:00,16,3,30,19,0,830,59,,,,Plein jour,Hors agglomération,Hors intersection,Normale,Deux véhicules - frontale,,,,,,,,,,,1,1,1,1,1.0
201600008417,0016-04-19 07:45:00,16,4,19,7,45,830,77,,,,Plein jour,Hors agglomération,Hors intersection,Normale,Deux véhicules - frontale,,,,,,,,,,,1,1,1,1,1.0
201600008418,0016-04-25 15:30:00,16,4,25,15,30,830,77,,,,Plein jour,Hors agglomération,Intersection en X,Normale,Deux véhicules - côté,,,,,,,,,,,1,1,2,1,3.0
201600008419,0016-05-03 19:15:00,16,5,3,19,15,830,59,,,,Plein jour,En agglomération,Hors intersection,Normale,Deux véhicules - côté,,,,,,,,,,,1,2,1,1,3.0
201600008420,0016-05-09 09:15:00,16,5,9,9,15,830,88,,43.30475,6.00614,Plein jour,Hors agglomération,Hors intersection,Normale,Autre collision,,,,,,,,,,,1,1,1,1,6.0
201600008421,0016-05-17 10:45:00,16,5,17,10,45,830,108,,,,Plein jour,Hors agglomération,Hors intersection,Normale,Trois véhicules et plus - collisions multiples,,,,,,,,,,,1,1,1,1,5.0
201600008422,0016-05-25 09:30:00,16,5,25,9,30,830,108,,,,Plein jour,Hors agglomération,Hors intersection,Normale,Deux véhicules - côté,,,,,,,,,,,1,1,1,1,3.0
201600008423,0016-06-28 17:30:00,16,6,28,17,30,830,108,,,,Plein jour,Hors agglomération,Hors intersection,Normale,Sans collision,,,,,,,,,,,1,1,1,1,7.0
201600008424,0016-08-22 23:00:00,16,8,22,23,0,830,108,,,,Nuit sans éclairage public,Hors agglomération,Hors intersection,Normale,Sans collision,,,,,,,,,,,3,1,1,1,7.0
201600008425,0016-10-12 17:30:00,16,10,12,17,30,830,77,700 Route de Naï,43.27759,5.97103,Plein jour,En agglomération,Hors intersection,Normale,Deux véhicules - frontale,,,,,,,,,,,1,2,1,1,1.0
201600008426,0016-01-09 16:15:00,16,1,9,16,15,830,116,,,,Plein jour,Hors agglomération,Hors intersection,Temps couvert,Autre collision,,,,,,,,,,,1,1,1,8,6.0
201600008427,0016-03-02 12:00:00,16,3,2,12,0,830,116,,43.45328,5.85063,Plein jour,Hors agglomération,Autre intersection,Normale,Autre collision,,,,,,,,,,,1,1,9,1,6.0
201600008428,0016-03-28 02:00:00,16,3,28,2,0,830,96,,,,Nuit sans éclairage public,Hors agglomération,Hors intersection,Normale,Autre collision,,,,,,,,,,,3,1,1,1,6.0
201600008429,0016-05-02 07:30:00,16,5,2,7,30,830,140,,43.393,5.907,Plein jour,Hors agglomération,Hors intersection,Normale,Deux véhicules - frontale,,,,,,,,,,,1,1,1,1,1.0
201600008430,0016-05-26 15:30:00,16,5,26,15,30,830,140,,,,Plein jour,Hors agglomération,Hors intersection,Normale,Trois véhicules et plus - collisions multiples,,,,,,,,,,,1,1,1,1,5.0
201600008431,0016-06-04 07:45:00,16,6,4,7,45,830,140,,,,Plein jour,Hors agglomération,Hors intersection,Normale,Deux véhicules - côté,,,,,,,,,,,1,1,1,1,3.0
201600008432,0016-07-11 06:15:00,16,7,11,6,15,830,89,,,,Plein jour,Hors agglomération,Hors intersection,Normale,Autre collision,,,,,,,,,,,1,1,1,1,6.0
201600008433,0016-08-21 06:00:00,16,8,21,6,0,830,97,,,,Plein jour,Hors agglomération,Hors intersection,Normale,Autre collision,,,,,,,,,,,1,1,1,1,6.0
201600008434,0016-08-21 16:45:00,16,8,21,16,45,830,87,,,,Plein jour,Hors agglomération,Hors intersection,Normale,Deux véhicules - côté,,,,,,,,,,,1,1,1,1,3.0
201600008435,0016-10-01 09:00:00,16,10,1,9,0,830,140,,,,Plein jour,Hors agglomération,Hors intersection,Pluie légère,Trois véhicules et plus - collisions multiples,,,,,,,,,,,1,1,1,2,5.0
201600008436,0016-09-09 02:30:00,16,9,9,2,30,830,87,,,,Nuit sans éclairage public,Hors agglomération,Hors intersection,Normale,Autre collision,,,,,,,,,,,3,1,1,1,6.0
201600008437,0016-01-17 10:30:00,16,1,17,10,30,830,107,pk 1200 d7,,,Plein jour,En agglomération,Hors intersection,Normale,Sans collision,,,,,,,,,,,1,2,1,1,7.0
201600008438,0016-02-03 17:30:00,16,2,3,17,30,830,99,rue andré Falco,43.454,6.684,Plein jour,En agglomération,Hors intersection,Normale,Deux véhicules - côté,,,,,,,,,,,1,2,1,1,3.0
201600008439,0016-02-09 11:30:00,16,2,9,11,30,830,99,RDN7 / BVD CNL DESSERT,,,Plein jour,En agglomération,Intersection en X,Normale,Deux véhicules - côté,,,,,,,,,,,1,2,2,1,3.0
201600008440,0016-05-16 15:00:00,16,5,16,15,0,830,107,,,,Plein jour,Hors agglomération,Hors intersection,Normale,Deux véhicules - arrière,,,,,,,,,,,1,1,1,1,2.0
201600008441,0016-05-31 06:45:00,16,5,31,6,45,830,1,,,,Plein jour,Hors agglomération,Hors intersection,Normale,Deux véhicules - frontale,,,,,,,,,,,1,1,1,1,1.0
201600008442,0016-06-02 18:45:00,16,6,2,18,45,830,99,,,,Plein jour,En agglomération,Hors intersection,Normale,Deux véhicules - côté,,,,,,,,,,,1,2,1,1,3.0
201600008443,0016-06-12 17:45:00,16,6,12,17,45,830,107,,43.44893,6.61873,Plein jour,Hors agglomération,Hors intersection,Normale,Sans collision,,,,,,,,,,,1,1,1,1,7.0
201600008444,0016-06-21 13:30:00,16,6,21,13,30,830,107,,,,Plein jour,Hors agglomération,Hors intersection,Normale,Deux véhicules - frontale,,,,,,,,,,,1,1,1,1,1.0
201600008445,0016-06-26 07:15:00,16,6,26,7,15,830,107,,,,Plein jour,Hors agglomération,Hors intersection,Normale,Deux véhicules - frontale,,,,,,,,,,,1,1,1,1,1.0
201600008446,0016-07-10 08:45:00,16,7,10,8,45,830,107,,,,Crépuscule ou aube,Hors agglomération,Hors intersection,Normale,Autre collision,,,,,,,,,,,2,1,1,1,6.0
201600008447,0016-07-11 17:15:00,16,7,11,17,15,830,107,,,,Plein jour,Hors agglomération,Hors intersection,Normale,Deux véhicules - frontale,,,,,,,,,,,1,1,1,1,1.0
201600008448,0016-07-13 12:15:00,16,7,13,12,15,830,107,,,,Plein jour,En agglomération,Hors intersection,Vent fort / tempête,Sans collision,,,,,,,,,,,1,2,1,6,7.0
201600008449,0016-08-03 08:30:00,16,8,3,8,30,830,1,Allée la Grange,43.53671,6.83223,Plein jour,En agglomération,Hors intersection,Normale,Autre collision,,,,,,,,,,,1,2,1,1,6.0
201600008450,0016-08-04 11:30:00,16,8,4,11,30,830,107,,,,Plein jour,Hors agglomération,Giratoire,Normale,Deux véhicules - côté,,,,,,,,,,,1,1,6,1,3.0
201600008451,0016-08-12 18:30:00,16,8,12,18,30,830,107,,,,Plein jour,Hors agglomération,Hors intersection,Normale,Deux véhicules - côté,,,,,,,,,,,1,1,1,1,3.0
201600008452,0016-08-16 00:45:00,16,8,16,0,45,830,107,,,,Plein jour,Hors agglomération,Hors intersection,Normale,Trois véhicules et plus - collisions multiples,,,,,,,,,,,1,1,1,1,5.0
201600008453,0016-09-28 12:00:00,16,9,28,12,0,830,99,,,,Plein jour,Hors agglomération,Hors intersection,Normale,Deux véhicules - côté,,,,,,,,,,,1,1,1,1,3.0
201600008454,0016-10-11 20:30:00,16,10,11,20,30,830,107,,,,Nuit sans éclairage public,Hors agglomération,Hors intersection,Normale,Autre collision,,,,,,,,,,,3,1,1,1,6.0
201600008455,0016-10-05 17:30:00,16,10,5,17,30,830,107,,,,Plein jour,Hors agglomération,Hors intersection,Normale,Deux véhicules - côté,,,,,,,,,,,1,1,1,1,3.0
201600008456,0016-10-16 14:45:00,16,10,16,14,45,830,107,,,,Plein jour,Hors agglomération,Giratoire,Normale,Autre collision,,,,,,,,,,,1,1,6,1,6.0
201600008457,0016-01-05 11:45:00,16,1,5,11,45,830,79,,,,Plein jour,Hors agglomération,Hors intersection,Normale,Deux véhicules - arrière,,,,,,,,,,,1,1,1,1,2.0
201600008458,0016-02-11 21:30:00,16,2,11,21,30,830,63,rue fomorane,43.31496,6.4689,Nuit avec éclairage allumé,En agglomération,Hors intersection,Normale,Autre collision,,,,,,,,,,,5,2,1,1,6.0
201600008459,0016-03-01 22:00:00,16,3,1,22,0,830,68,,,,Nuit avec éclairage allumé,Hors agglomération,Hors intersection,Normale,Autre collision,,,,,,,,,,,5,1,1,1,6.0
201600008460,0016-04-18 07:15:00,16,4,18,7,15,830,42,,43.27094,6.57323,Plein jour,Hors agglomération,Hors intersection,Normale,Autre collision,,,,,,,,,,,1,1,1,1,6.0
201600008461,0016-04-24 18:15:00,16,4,24,18,15,830,68,44 grande rue port grima,43.27447,6.58354,Plein jour,En agglomération,Hors intersection,Normale,Autre collision,,,,,,,,,,,1,2,1,1,6.0
201600008462,0016-04-30 03:45:00,16,4,30,3,45,830,68,,43.28,6.541,Nuit sans éclairage public,Hors agglomération,Hors intersection,Vent fort / tempête,Deux véhicules - arrière,,,,,,,,,,,3,1,1,6,2.0
201600008463,0016-05-06 12:45:00,16,5,6,12,45,830,68,,,,Plein jour,Hors agglomération,Hors intersection,Normale,Deux véhicules - frontale,,,,,,,,,,,1,1,1,1,1.0
201600008464,0016-05-17 20:45:00,16,5,17,20,45,830,68,,43.456,6.849,Crépuscule ou aube,Hors agglomération,Hors intersection,Normale,Trois véhicules et plus - collisions multiples,,,,,,,,,,,2,1,1,1,5.0
201600008465,0016-06-04 20:00:00,16,6,4,20,0,830,68,,43.259,6.551,Plein jour,Hors agglomération,Hors intersection,Normale,Deux véhicules - frontale,,,,,,,,,,,1,1,1,1,1.0
201600008466,0016-07-30 10:15:00,16,7,30,10,15,830,68,,43.449,6.905,Plein jour,Hors agglomération,Hors intersection,Normale,Trois véhicules et plus - collisions multiples,,,,,,,,,,,1,1,1,1,5.0
201600008467,0016-08-25 05:45:00,16,8,25,5,45,830,68,,43.449,6.955,Nuit avec éclairage allumé,Hors agglomération,Hors intersection,Normale,Autre collision,,,,,,,,,,,5,1,1,1,6.0
201600008468,0016-10-28 16:15:00,16,10,28,16,15,830,63,,,,Plein jour,Hors agglomération,Hors intersection,Normale,Deux véhicules - frontale,,,,,,,,,,,1,1,1,1,1.0
201600008469,0016-12-11 15:30:00,16,12,11,15,30,830,68,,,,Plein jour,Hors agglomération,Hors intersection,Temps éblouissant,Deux véhicules - frontale,,,,,,,,,,,1,1,1,7,1.0
201600008470,0016-12-13 14:00:00,16,12,13,14,0,830,68,,,,Plein jour,Hors agglomération,Hors intersection,Normale,Deux véhicules - frontale,,,,,,,,,,,1,1,1,1,1.0
201600008471,0016-12-13 19:00:00,16,12,13,19,0,830,79,,,,Nuit sans éclairage public,Hors agglomération,Hors intersection,Normale,Sans collision,,,,,,,,,,,3,1,1,1,7.0
201600008472,0016-12-17 12:30:00,16,12,17,12,30,830,42,rond point André Pousse,43.25709,6.51949,Plein jour,En agglomération,Giratoire,Normale,Deux véhicules - côté,,,,,,,,,,,1,2,6,1,3.0
201600008473,0016-07-28 19:15:00,16,7,28,19,15,830,86,rue de l'hotel de ville,43.44278,6.63761,Plein jour,En agglomération,Hors intersection,Normale,Autre collision,,,,,,,,,,,1,2,1,1,6.0
201600008474,0016-02-22 08:00:00,16,2,22,8,0,830,115,4 av. de Lattre de Tassi,43.3079,6.63515,Plein jour,En agglomération,Hors intersection,Normale,Autre collision,,,,,,,,,,,1,2,1,1,6.0
201600008475,0016-03-31 13:45:00,16,3,31,13,45,830,115,Route du Plan de la Tour,43.532,6.048,Plein jour,En agglomération,Hors intersection,Normale,Autre collision,,,,,,,,,,,1,2,1,1,6.0
201600008476,0016-05-07 12:45:00,16,5,7,12,45,830,94,,43.3369,6.53815,Plein jour,Hors agglomération,Hors intersection,Normale,Autre collision,,,,,,,,,,,1,1,1,1,6.0
201600008477,0016-05-31 09:30:00,16,5,31,9,30,830,115,avenue 8 mai 45,43.31041,6.63338,Plein jour,En agglomération,Hors intersection,Normale,Autre collision,,,,,,,,,,,1,2,1,1,6.0
201600008478,0016-06-02 08:30:00,16,6,2,8,30,830,94,,,,Plein jour,Hors agglomération,Hors intersection,Normale,Autre collision,,,,,,,,,,,1,1,1,1,6.0
201600008479,0016-07-03 06:00:00,16,7,3,6,0,830,115,,43.33883,6.67763,Nuit sans éclairage public,Hors agglomération,Hors intersection,Normale,Autre collision,,,,,,,,,,,3,1,1,1,6.0
201600008480,0016-07-22 02:45:00,16,7,22,2,45,830,115,Boulevard Jean Moulin,43.303,6.626,Nuit avec éclairage allumé,En agglomération,Hors intersection,Normale,Deux véhicules - frontale,,,,,,,,,,,5,2,1,1,1.0
201600008481,0016-07-29 17:00:00,16,7,29,17,0,830,94,36 route de grimaud,,,Plein jour,En agglomération,Hors intersection,Normale,Deux véhicules - frontale,,,,,,,,,,,1,2,1,1,1.0
201600008482,0016-08-08 07:00:00,16,8,8,7,0,830,115,,,,Plein jour,Hors agglomération,Hors intersection,Normale,Deux véhicules - frontale,,,,,,,,,,,1,1,1,1,1.0
201600008483,0016-10-30 11:30:00,16,10,30,11,30,830,107,,43.343,6.71,Plein jour,Hors agglomération,Hors intersection,Normale,Deux véhicules - frontale,,,,,,,,,,,1,1,1,1,1.0
201600008484,0016-11-07 16:00:00,16,11,7,16,0,830,115,route du plan de la tour,,,Plein jour,En agglomération,Hors intersection,Normale,Autre collision,,,,,,,,,,,1,2,1,1,6.0
201600008485,0016-02-14 21:00:00,16,2,14,21,0,830,101,,43.377,6.021,Nuit sans éclairage public,Hors agglomération,Hors intersection,Normale,Autre collision,,,,,,,,,,,3,1,1,1,6.0
201600008486,0016-03-19 14:15:00,16,3,19,14,15,830,65,,,,Plein jour,Hors agglomération,Hors intersection,Normale,Deux véhicules - arrière,,,,,,,,,,,1,1,1,1,2.0
201600008487,0016-04-15 00:15:00,16,4,15,0,15,830,65,,,,Nuit avec éclairage allumé,Hors agglomération,Hors intersection,Normale,Deux véhicules - frontale,,,,,,,,,,,5,1,1,1,1.0
201600008488,0016-04-20 09:30:00,16,4,20,9,30,830,119,38 avenue Paul Roussel,43.26785,6.63999,Plein jour,En agglomération,Hors intersection,Normale,Deux véhicules - côté,,,,,,,,,,,1,2,1,1,3.0
201600008489,0016-06-01 12:30:00,16,6,1,12,30,830,65,,,,Plein jour,Hors agglomération,Hors intersection,Normale,Deux véhicules - côté,,,,,,,,,,,1,1,1,1,3.0
201600008490,0016-07-06 02:15:00,16,7,6,2,15,830,101,,,,Nuit sans éclairage public,Hors agglomération,Hors intersection,Normale,Autre collision,,,,,,,,,,,3,1,1,1,6.0
201600008491,0016-07-10 11:45:00,16,7,10,11,45,830,101,,43.414,6.078,Plein jour,Hors agglomération,Hors intersection,Normale,Deux véhicules - côté,,,,,,,,,,,1,1,1,1,3.0
201600008492,0016-07-12 18:45:00,16,7,12,18,45,830,119,rd98A,,,Plein jour,En agglomération,Hors intersection,Normale,Deux véhicules - côté,,,,,,,,,,,1,2,1,1,3.0
201600008493,0016-07-13 22:15:00,16,7,13,22,15,830,65,,,,Nuit sans éclairage public,Hors agglomération,Hors intersection,Normale,Deux véhicules - côté,,,,,,,,,,,3,1,1,1,3.0
201600008494,0016-07-31 01:15:00,16,7,31,1,15,830,119,chemin de sainte-anne,43.26061,6.64199,Nuit sans éclairage public,En agglomération,Hors intersection,Normale,Sans collision,,,,,,,,,,,3,2,1,1,7.0
201600008495,0016-08-11 22:45:00,16,8,11,22,45,830,65,,43.26127,6.59623,Nuit avec éclairage allumé,Hors agglomération,Hors intersection,Normale,Deux véhicules - frontale,,,,,,,,,,,5,1,1,1,1.0
201600008496,0016-08-21 01:00:00,16,8,21,1,0,830,101,,,,Nuit sans éclairage public,Hors agglomération,Hors intersection,Normale,Autre collision,,,,,,,,,,,3,1,1,1,6.0
201600008497,0016-08-23 20:00:00,16,8,23,20,0,830,119,,43.258,6.618,Plein jour,Hors agglomération,Hors intersection,Normale,Autre collision,,,,,,,,,,,1,1,1,1,6.0
201600008498,0016-09-21 18:45:00,16,9,21,18,45,830,101,,,,Plein jour,Hors agglomération,Hors intersection,Normale,Autre collision,,,,,,,,,,,1,1,1,1,6.0
201600008499,0016-10-06 15:00:00,16,10,6,15,0,830,119,Boulevard Vasserot,46.269,6.638,Plein jour,En agglomération,Hors intersection,Normale,Autre collision,,,,,,,,,,,1,2,1,1,6.0
201600008500,0016-10-11 16:15:00,16,10,11,16,15,830,65,,43.23942,6.56457,Plein jour,Hors agglomération,Hors intersection,Normale,Sans collision,,,,,,,,,,,1,1,1,1,7.0
201600008501,0016-10-24 11:15:00,16,10,24,11,15,830,65,,,,Plein jour,Hors agglomération,Hors intersection,Normale,Autre collision,,,,,,,,,,,1,1,1,1,6.0
201600008502,0016-10-25 23:45:00,16,10,25,23,45,830,119,,43.241,6.588,Nuit sans éclairage public,Hors agglomération,Hors intersection,Normale,Autre collision,,,,,,,,,,,3,1,1,1,6.0
201600008503,0016-11-15 18:30:00,16,11,15,18,30,830,65,,,,Nuit avec éclairage allumé,Hors agglomération,Hors intersection,Normale,Sans collision,,,,,,,,,,,5,1,1,1,7.0
201600008504,0016-12-04 04:30:00,16,12,4,4,30,830,65,,,,Nuit sans éclairage public,Hors agglomération,Hors intersection,Normale,Autre collision,,,,,,,,,,,3,1,1,1,6.0
201600008505,0016-01-15 10:45:00,16,1,15,10,45,830,53,DN8 CENTRE VILLE,,,Plein jour,En agglomération,Hors intersection,Normale,Deux véhicules - côté,,,,,,,,,,,1,2,1,1,3.0
201600008506,0016-02-16 22:00:00,16,2,16,22,0,830,16,route nationale 8,,,Nuit sans éclairage public,En agglomération,Hors intersection,Normale,Sans collision,,,,,,,,,,,3,2,1,1,7.0
201600008507,0016-04-15 12:15:00,16,4,15,12,15,830,16,,,,Plein jour,Hors agglomération,Autre intersection,Normale,Deux véhicules - frontale,,,,,,,,,,,1,1,9,1,1.0
201600008508,0016-06-05 11:45:00,16,6,5,11,45,830,35,,43.425,5.267,Plein jour,Hors agglomération,Hors intersection,Normale,Autre collision,,,,,,,,,,,1,1,1,1,6.0
201600008509,0016-06-09 06:15:00,16,6,9,6,15,830,35,,,,Plein jour,Hors agglomération,Hors intersection,Normale,Deux véhicules - côté,,,,,,,,,,,1,1,1,1,3.0
201600008510,0016-07-31 21:15:00,16,7,31,21,15,830,35,,,,Nuit avec éclairage non allumé,Hors agglomération,Giratoire,Normale,Sans collision,,,,,,,,,,,4,1,6,1,7.0
201600008511,0016-08-17 18:15:00,16,8,17,18,15,830,53,,,,Plein jour,Hors agglomération,Hors intersection,Normale,Autre collision,,,,,,,,,,,1,1,1,1,6.0
201600008512,0016-09-16 21:30:00,16,9,16,21,30,830,16,,,,Nuit avec éclairage allumé,Hors agglomération,Hors intersection,Normale,Deux véhicules - côté,,,,,,,,,,,5,1,1,1,3.0
201600008513,0016-10-03 15:15:00,16,10,3,15,15,830,35,,43.254,5.717,Plein jour,Hors agglomération,Hors intersection,Normale,Deux véhicules - frontale,,,,,,,,,,,1,1,1,1,1.0
201600008514,0016-10-12 21:15:00,16,10,12,21,15,830,127,,,,Nuit sans éclairage public,Hors agglomération,Hors intersection,Normale,Autre collision,,,,,,,,,,,3,1,1,1,6.0
201600008515,0016-11-27 18:45:00,16,11,27,18,45,830,35,,,,Nuit avec éclairage allumé,Hors agglomération,Intersection en T,Normale,Trois véhicules et plus - collisions multiples,,,,,,,,,,,5,1,3,1,5.0
201600008516,0016-12-04 02:30:00,16,12,4,2,30,830,35,,43.252,5.739,Nuit sans éclairage public,Hors agglomération,Hors intersection,Normale,Autre collision,,,,,,,,,,,3,1,1,1,6.0
201600008517,0016-12-25 13:15:00,16,12,25,13,15,830,16,,43.234,5.803,Plein jour,Hors agglomération,Hors intersection,Normale,Deux véhicules - frontale,,,,,,,,,,,1,1,1,1,1.0
201600008518,0016-01-01 18:00:00,16,1,1,18,0,830,47,,,,Nuit sans éclairage public,Hors agglomération,Hors intersection,Pluie forte,Autre collision,,,,,,,,,,,3,1,1,3,6.0
201600008519,0016-07-15 23:30:00,16,7,15,23,30,830,47,525 voie villeneuve,,,Nuit sans éclairage public,En agglomération,Hors intersection,Normale,Autre collision,,,,,,,,,,,3,2,1,1,6.0
201600008520,0016-09-08 22:15:00,16,9,8,22,15,830,47,,,,Nuit sans éclairage public,Hors agglomération,Hors intersection,Normale,Autre collision,,,,,,,,,,,3,1,1,1,6.0
201600008521,0016-03-04 08:15:00,16,3,4,8,15,830,71,D42 - Route du pellegrin,,,Plein jour,En agglomération,Hors intersection,Normale,Deux véhicules - arrière,,,,,,,,,,,1,2,1,1,2.0
201600008522,0016-06-05 09:15:00,16,6,5,9,15,830,71,route du pellegrin,43.12652,6.2458,Plein jour,En agglomération,Hors intersection,Normale,Deux véhicules - arrière,,,,,,,,,,,1,2,1,1,2.0
201600008523,0016-07-08 21:45:00,16,7,8,21,45,830,71,AV DU GENERAL DE GAULLE,,,Nuit avec éclairage allumé,En agglomération,Hors intersection,Normale,Autre collision,,,,,,,,,,,5,2,1,1,6.0
201600008524,0016-08-20 06:15:00,16,8,20,6,15,830,71,,,,Crépuscule ou aube,Hors agglomération,Giratoire,Normale,Autre collision,,,,,,,,,,,2,1,6,1,6.0
201600008525,0016-09-04 09:00:00,16,9,4,9,0,830,71,boulevard louis bernard,,,Plein jour,En agglomération,Hors intersection,Normale,Deux véhicules - côté,,,,,,,,,,,1,2,1,1,3.0
201600008526,0016-09-29 17:00:00,16,9,29,17,0,830,71,Chemin de la Décelle,43.13851,6.22147,Plein jour,Hors agglomération,Hors intersection,Normale,Deux véhicules - côté,,,,,,,,,,,1,1,1,1,3.0