accident_id,datetime,annee,mois,jour,heure,minute,departement,commune_insee,adresse,latitude,longitude,luminosite,agglomeration,intersection,meteo,collision,nb_vehicules,nb_usagers,nb_indemnes,nb_tues,nb_blesses_hosp,nb_blesses_legers,age_cond_1,age_cond_2,veh_type_cond_1,veh_type_cond_2,lum_code,agg_code,int_code,atm_code,col_code
201600008664,0016-03-05 13:00:00,16,3,5,13,0,340,327,,43.6662,3.94696,Plein jour,Hors agglomération,Hors intersection,Normale,Autre collision,,,,,,,,,,,1,1,1,1,6.0
201600008665,0016-03-18 20:45:00,16,3,18,20,45,340,256,,43.7046,4.02513,Nuit sans éclairage public,Hors agglomération,Hors intersection,Normale,Deux véhicules - côté,,,,,,,,,,,3,1,1,1,3.0
201600008666,0016-03-24 15:30:00,16,3,24,15,30,340,327,CD 65,43.6627,3.97899,Plein jour,En agglomération,Hors intersection,Normale,Trois véhicules et plus - collisions multiples,,,,,,,,,,,1,2,1,1,5.0
201600008667,0016-04-23 16:30:00,16,4,23,16,30,340,58,,43.6908,3.96861,Plein jour,Hors agglomération,Hors intersection,Normale,Deux véhicules - frontale,,,,,,,,,,,1,1,1,1,1.0
201600008668,0016-04-29 22:15:00,16,4,29,22,15,340,22,360 ROUTE IMP?RIALE,43.6612,4.02224,Nuit avec éclairage allumé,En agglomération,Autre intersection,Normale,Deux véhicules - côté,,,,,,,,,,,5,2,9,1,3.0
201600008669,0016-05-21 05:30:00,16,5,21,5,30,340,244,,43.6707,4.05044,Nuit sans éclairage public,Hors agglomération,Hors intersection,Normale,Deux véhicules - frontale,,,,,,,,,,,3,1,1,1,1.0
201600008670,0016-05-25 17:00:00,16,5,25,17,0,340,22,RD613,43.6585,4.01525,Plein jour,En agglomération,Autre intersection,Normale,Autre collision,,,,,,,,,,,1,2,9,1,6.0
201600008671,0016-05-31 09:00:00,16,5,31,9,0,340,256,,43.7009,4.04169,Plein jour,Hors agglomération,Hors intersection,Normale,Deux véhicules - frontale,,,,,,,,,,,1,1,1,1,1.0
201600008672,0016-06-25 20:15:00,16,6,25,20,15,340,58,,43.6882,3.99758,Plein jour,Hors agglomération,Hors intersection,Normale,Deux véhicules - frontale,,,,,,,,,,,1,1,1,1,1.0
201600008673,0016-07-03 15:00:00,16,7,3,15,0,340,327,,43.6594,3.98297,Plein jour,Hors agglomération,Hors intersection,Normale,Sans collision,,,,,,,,,,,1,1,1,1,7.0
201600008674,0016-07-16 09:30:00,16,7,16,9,30,340,327,AVENUE DES BIGOS,43.6535,3.95722,Plein jour,En agglomération,Hors intersection,Normale,Autre collision,,,,,,,,,,,1,2,1,1,6.0
201600008675,0016-08-16 18:30:00,16,8,16,18,30,340,227,,43.7371,4.0496,Plein jour,Hors agglomération,Hors intersection,Normale,Autre collision,,,,,,,,,,,1,1,1,1,6.0
201600008676,0016-08-31 08:45:00,16,8,31,8,45,340,256,,43.69131,4.06178,Plein jour,Hors agglomération,Hors intersection,Normale,Autre collision,,,,,,,,,,,1,1,1,1,6.0
201600008677,0016-09-02 08:45:00,16,9,2,8,45,340,256,,43.7048,4.02506,Plein jour,Hors agglomération,Hors intersection,Normale,Deux véhicules - côté,,,,,,,,,,,1,1,1,1,3.0
201600008678,0016-10-23 06:15:00,16,10,23,6,15,340,22,360 ROUTE IMP?RIALE,43.6613,4.0222,Nuit avec éclairage allumé,En agglomération,Hors intersection,Pluie forte,Deux véhicules - côté,,,,,,,,,,,5,2,1,3,3.0
201600008679,0016-12-09 11:45:00,16,12,9,11,45,340,22,629 route impériale,43.657,4.022,Plein jour,En agglomération,Hors intersection,Normale,Deux véhicules - côté,,,,,,,,,,,1,2,1,1,3.0
201600008680,0016-02-03 16:30:00,16,2,3,16,30,340,344,AVENUE JEAN BENE,43.562,4.08434,Plein jour,En agglomération,Hors intersection,Normale,Deux véhicules - frontale,,,,,,,,,,,1,2,1,1,1.0
201600008681,0016-06-20 17:45:00,16,6,20,17,45,340,344,ALL?E DES OLIVIERS,43.5624,4.07165,Plein jour,En agglomération,Hors intersection,Normale,Deux véhicules - côté,,,,,,,,,,,1,2,1,1,3.0
201600008682,0016-07-01 20:15:00,16,7,1,20,15,340,344,,43.5762,4.09804,Plein jour,Hors agglomération,Hors intersection,Normale,Deux véhicules - côté,,,,,,,,,,,1,1,1,1,3.0
201600008683,0016-07-12 17:00:00,16,7,12,17,0,340,344,AVENUE DU GOLF,43.5689,4.09246,Plein jour,En agglomération,Giratoire,Normale,Deux véhicules - arrière,,,,,,,,,,,1,2,6,1,2.0
201600008684,0016-07-21 22:45:00,16,7,21,22,45,340,344,RUE FR?D?RIC MISTRAL,43.5581,4.08751,Nuit avec éclairage allumé,En agglomération,Hors intersection,Normale,Autre collision,,,,,,,,,,,5,2,1,1,6.0
201600008685,0016-08-15 21:30:00,16,8,15,21,30,340,344,370 AVENUE BOIS COUCHANT,43.5639,4.06791,Nuit avec éclairage allumé,En agglomération,Hors intersection,Normale,Deux véhicules - côté,,,,,,,,,,,5,2,1,1,3.0
201600008686,0016-09-02 13:00:00,16,9,2,13,0,340,344,,43.558,4.088,Plein jour,En agglomération,Hors intersection,Normale,Deux véhicules - côté,,,,,,,,,,,1,2,1,1,3.0
201600008687,0016-09-05 08:15:00,16,9,5,8,15,340,344,,43.5639,4.10067,Plein jour,Hors agglomération,Autre intersection,Normale,Autre collision,,,,,,,,,,,1,1,9,1,6.0
201600008688,0016-10-02 18:30:00,16,10,2,18,30,340,344,,43.56462,4.0499,Plein jour,Hors agglomération,Hors intersection,Temps éblouissant,Deux véhicules - côté,,,,,,,,,,,1,1,1,7,3.0
201600008689,0016-10-18 08:30:00,16,10,18,8,30,340,344,ALL?E DES GOELANDS,43.5643,4.09339,Nuit avec éclairage allumé,En agglomération,Hors intersection,Normale,Autre collision,,,,,,,,,,,5,2,1,1,6.0
201600008690,0016-12-18 14:15:00,16,12,18,14,15,340,344,Avenue de montpellier -,43.559,4.075,Plein jour,En agglomération,Hors intersection,Normale,Deux véhicules - côté,,,,,,,,,,,1,2,1,1,3.0
201600008691,0016-01-13 16:00:00,16,1,13,16,0,340,145,avenue de Mauguio,43.6746,4.12893,Plein jour,En agglomération,Hors intersection,Normale,Autre collision,,,,,,,,,,,1,2,1,1,6.0
201600008692,0016-01-25 07:45:00,16,1,25,7,45,340,145,,43.6504,4.1391,Crépuscule ou aube,Hors agglomération,Autre intersection,Normale,Deux véhicules - arrière,,,,,,,,,,,2,1,9,1,2.0
201600008693,0016-02-07 15:30:00,16,2,7,15,30,340,145,,43.6944,4.13495,Plein jour,Hors agglomération,Hors intersection,Normale,Sans collision,,,,,,,,,,,1,1,1,1,7.0
201600008694,0016-03-19 13:00:00,16,3,19,13,0,340,145,,43.6391,4.13655,Plein jour,Hors agglomération,Hors intersection,Normale,Deux véhicules - frontale,,,,,,,,,,,1,1,1,1,1.0
201600008695,0016-03-26 07:30:00,16,3,26,7,30,340,151,,43.6408,4.13772,Plein jour,Hors agglomération,Hors intersection,Normale,Deux véhicules - côté,,,,,,,,,,,1,1,1,1,3.0
201600008696,0016-04-11 10:00:00,16,4,11,10,0,340,33,,43.75036,4.06749,Plein jour,Hors agglomération,Hors intersection,Normale,Autre collision,,,,,,,,,,,1,1,1,1,6.0
201600008697,0016-06-08 16:45:00,16,6,8,16,45,340,145,,43.669,4.14362,Plein jour,Hors agglomération,Hors intersection,Normale,Trois véhicules et plus - collisions multiples,,,,,,,,,,,1,1,1,1,5.0
201600008698,0016-07-15 13:00:00,16,7,15,13,0,340,321,,43.67458,4.06845,Plein jour,Hors agglomération,Intersection en T,Normale,Deux véhicules - côté,,,,,,,,,,,1,1,3,1,3.0
201600008699,0016-07-31 13:15:00,16,7,31,13,15,340,151,,43.6447,4.13942,Plein jour,Hors agglomération,Hors intersection,Normale,Deux véhicules - côté,,,,,,,,,,,1,1,1,1,3.0
201600008700,0016-08-20 06:45:00,16,8,20,6,45,340,145,186 BD DE LA REPUBLIQUE,43.6775,4.13056,Plein jour,En agglomération,Hors intersection,Normale,Deux véhicules - côté,,,,,,,,,,,1,2,1,1,3.0
201600008701,0016-09-06 13:00:00,16,9,6,13,0,340,272,CD110,43.6519,4.11547,Plein jour,En agglomération,Hors intersection,Normale,Deux véhicules - côté,,,,,,,,,,,1,2,1,1,3.0
201600008702,0016-09-08 12:15:00,16,9,8,12,15,340,296,"97,AVENUE DE MONTPELLIER",43.7628,4.05628,Plein jour,En agglomération,Hors intersection,Normale,Deux véhicules - côté,,,,,,,,,,,1,2,1,1,3.0
201600008703,0016-09-23 12:30:00,16,9,23,12,30,340,151,,43.625,4.125,Plein jour,Hors agglomération,Hors intersection,Normale,Deux véhicules - frontale,,,,,,,,,,,1,1,1,1,1.0
201600008704,0016-11-02 15:30:00,16,11,2,15,30,340,145,,43.6836,4.1529,Plein jour,Hors agglomération,Hors intersection,Normale,Autre collision,,,,,,,,,,,1,1,1,1,6.0
201600008705,0016-11-17 19:30:00,16,11,17,19,30,340,33,,43.7613,4.08821,Nuit sans éclairage public,Hors agglomération,Hors intersection,Normale,Trois véhicules et plus - collisions multiples,,,,,,,,,,,3,1,1,1,5.0
201600008706,0016-12-04 08:45:00,16,12,4,8,45,340,296,,43.74957,4.05849,Plein jour,Hors agglomération,Hors intersection,Temps couvert,Autre collision,,,,,,,,,,,1,1,1,8,6.0
201600008707,0016-12-05 20:30:00,16,12,5,20,30,340,151,,43.6127,4.11113,Crépuscule ou aube,Hors agglomération,Hors intersection,Normale,Deux véhicules - côté,,,,,,,,,,,2,1,1,1,3.0
201600008708,0016-12-08 10:00:00,16,12,8,10,0,340,146,,43.6787,4.09027,Plein jour,Hors agglomération,Hors intersection,Normale,Deux véhicules - arrière,,,,,,,,,,,1,1,1,1,2.0
201600008709,0016-12-26 19:45:00,16,12,26,19,45,340,145,,43.6561,4.13837,Crépuscule ou aube,Hors agglomération,Hors intersection,Normale,Deux véhicules - arrière,,,,,,,,,,,2,1,1,1,2.0
201600008710,0016-12-28 18:30:00,16,12,28,18,30,340,294,,43.70519,4.13186,Nuit sans éclairage public,Hors agglomération,Hors intersection,Normale,Deux véhicules - côté,,,,,,,,,,,3,1,1,1,3.0
201600008711,0016-01-05 08:00:00,16,1,5,8,0,340,154,,43.638,4.03088,Crépuscule ou aube,Hors agglomération,Hors intersection,Normale,Deux véhicules - côté,,,,,,,,,,,2,1,1,1,3.0
201600008712,0016-01-03 20:00:00,16,1,3,20,0,340,154,ROND POINT WILLY BRANT,43.62462,4.00453,Nuit avec éclairage non allumé,En agglomération,Giratoire,Pluie légère,Deux véhicules - côté,,,,,,,,,,,4,2,6,2,3.0
201600008713,0016-01-14 08:45:00,16,1,14,8,45,340,154,,43.6195,3.97735,Plein jour,Hors agglomération,Hors intersection,Normale,Deux véhicules - frontale,,,,,,,,,,,1,1,1,1,1.0
201600008714,0016-03-29 08:30:00,16,3,29,8,30,340,154,,43.60888,4.00263,Plein jour,Hors agglomération,Intersection en X,Normale,Deux véhicules - côté,,,,,,,,,,,1,1,2,1,3.0
201600008715,0016-04-22 17:15:00,16,4,22,17,15,340,154,,43.6169,3.95114,Plein jour,Hors agglomération,Intersection en T,Pluie légère,Deux véhicules - côté,,,,,,,,,,,1,1,3,2,3.0
201600008716,0016-05-16 04:15:00,16,5,16,4,15,340,240,,43.62,3.98185,Nuit sans éclairage public,Hors agglomération,Hors intersection,Normale,Autre collision,,,,,,,,,,,3,1,1,1,6.0
201600008717,0016-05-19 08:30:00,16,5,19,8,30,340,154,,43.61813,3.98499,Plein jour,Hors agglomération,Giratoire,Normale,Autre collision,,,,,,,,,,,1,1,6,1,6.0
201600008718,0016-07-18 11:30:00,16,7,18,11,30,340,154,,43.6158,3.97947,Plein jour,Hors agglomération,Hors intersection,Normale,Trois véhicules et plus - en chaîne,,,,,,,,,,,1,1,1,1,4.0
201600008719,0016-08-12 08:45:00,16,8,12,8,45,340,154,AV. ETIENNE FREDERIC BUI,43.6168,3.99666,Plein jour,En agglomération,Hors intersection,Normale,Deux véhicules - frontale,,,,,,,,,,,1,2,1,1,1.0
201600008720,0016-10-21 16:30:00,16,10,21,16,30,340,154,RD112,43.6378,3.99415,Plein jour,En agglomération,Hors intersection,Normale,Autre collision,,,,,,,,,,,1,2,1,1,6.0
201600008721,0016-11-10 08:15:00,16,11,10,8,15,340,240,,43.6473,3.98616,Plein jour,Hors agglomération,Hors intersection,Normale,Trois véhicules et plus - collisions multiples,,,,,,,,,,,1,1,1,1,5.0
201600008722,0016-12-08 22:30:00,16,12,8,22,30,340,154,,43.591,3.952,Nuit sans éclairage public,Hors agglomération,Hors intersection,Normale,Deux véhicules - côté,,,,,,,,,,,3,1,1,1,3.0
201600008723,0016-03-14 06:30:00,16,3,14,6,30,340,322,,43.791,3.81462,Plein jour,Hors agglomération,Hors intersection,Normale,Autre collision,,,,,,,,,,,1,1,1,1,6.0
201600008724,0016-06-29 12:15:00,16,6,29,12,15,340,242,,43.7809,3.92994,Plein jour,Hors agglomération,Hors intersection,Normale,Autre collision,,,,,,,,,,,1,1,1,1,6.0
201600008725,0016-07-10 02:45:00,16,7,10,2,45,340,297,,43.839,3.907,Nuit sans éclairage public,Hors agglomération,Hors intersection,Normale,Autre collision,,,,,,,,,,,3,1,1,1,6.0
201600008726,0016-07-23 11:30:00,16,7,23,11,30,340,266,,43.7525,3.83925,Plein jour,Hors agglomération,Intersection en X,Normale,Deux véhicules - frontale,,,,,,,,,,,1,1,2,1,1.0
201600008727,0016-08-15 20:45:00,16,8,15,20,45,340,131,,43.74646,3.85996,Plein jour,Hors agglomération,Intersection en T,Normale,Deux véhicules - côté,,,,,,,,,,,1,1,3,1,3.0
201600008728,0016-09-03 20:45:00,16,9,3,20,45,340,276,ST HILAIRE DE BEAUVOIRE,43.75793,4.01348,Crépuscule ou aube,En agglomération,Autre intersection,Normale,Deux véhicules - côté,,,,,,,,,,,2,2,9,1,3.0
201600008729,0016-09-19 17:45:00,16,9,19,17,45,340,66,,43.7579,3.77436,Plein jour,Hors agglomération,Hors intersection,Normale,Trois véhicules et plus - collisions multiples,,,,,,,,,,,1,1,1,1,5.0
201600008730,0016-02-08 13:30:00,16,2,8,13,30,340,28,QUAI ROOSEVELT,43.6146,3.15553,Plein jour,En agglomération,Hors intersection,Normale,Autre collision,,,,,,,,,,,1,2,1,1,6.0
201600008731,0016-04-13 16:00:00,16,4,13,16,0,340,96,,43.5813,3.16755,Plein jour,Hors agglomération,Hors intersection,Normale,Deux véhicules - côté,,,,,,,,,,,1,1,1,1,3.0
201600008732,0016-05-22 15:45:00,16,5,22,15,45,340,96,,43.5469,3.18406,Plein jour,Hors agglomération,Hors intersection,Pluie forte,Deux véhicules - côté,,,,,,,,,,,1,1,1,3,3.0
201600008733,0016-06-05 11:30:00,16,6,5,11,30,340,252,,43.6577,3.10785,Plein jour,Hors agglomération,Hors intersection,Normale,Deux véhicules - côté,,,,,,,,,,,1,1,1,1,3.0
201600008734,0016-06-30 09:45:00,16,6,30,9,45,340,312,,43.6463,3.16818,Plein jour,Hors agglomération,Hors intersection,Normale,Deux véhicules - côté,,,,,,,,,,,1,1,1,1,3.0
201600008735,0016-07-09 23:30:00,16,7,9,23,30,340,252,,43.659,3.11067,Nuit sans éclairage public,Hors agglomération,Hors intersection,Normale,Autre collision,,,,,,,,,,,3,1,1,1,6.0
201600008736,0016-10-09 15:00:00,16,10,9,15,0,340,252,ROUTE DE SAINT GERVAIS,43.6634,3.10466,Plein jour,En agglomération,Hors intersection,Normale,Deux véhicules - frontale,,,,,,,,,,,1,2,1,1,1.0
201600008737,0016-10-16 17:15:00,16,10,16,17,15,340,96,,43.56025,3.19367,Plein jour,Hors agglomération,Hors intersection,Normale,Deux véhicules - frontale,,,,,,,,,,,1,1,1,1,1.0
201600008738,0016-11-15 11:30:00,16,11,15,11,30,340,211,RUE DES POUNTILS,43.5798,3.06359,Plein jour,En agglomération,Hors intersection,Normale,Autre collision,,,,,,,,,,,1,2,1,1,6.0
201600008739,0016-11-24 12:15:00,16,11,24,12,15,340,96,,43.5814,3.16587,Plein jour,Hors agglomération,Hors intersection,Pluie forte,Deux véhicules - côté,,,,,,,,,,,1,1,1,3,3.0
201600008740,0016-11-29 13:00:00,16,11,29,13,0,340,308,,43.6355,3.06947,Plein jour,Hors agglomération,Hors intersection,Brouillard / fumée,Autre collision,,,,,,,,,,,1,1,1,5,6.0
201600008741,0016-02-15 17:00:00,16,2,15,17,0,340,183,,43.2954,3.14136,Crépuscule ou aube,Hors agglomération,Intersection en Y,Normale,Trois véhicules et plus - collisions multiples,,,,,,,,,,,2,1,4,1,5.0
201600008742,0016-03-16 12:45:00,16,3,16,12,45,340,183,BOULEVARD DE CANTOSSELS,43.285,3.12754,Plein jour,En agglomération,Intersection en X,Normale,Deux véhicules - côté,,,,,,,,,,,1,2,2,1,3.0
201600008743,0016-03-25 23:00:00,16,3,25,23,0,340,161,,43.3339,3.12313,Nuit avec éclairage allumé,Hors agglomération,Hors intersection,Normale,Deux véhicules - côté,,,,,,,,,,,5,1,1,1,3.0
201600008744,0016-06-11 15:45:00,16,6,11,15,45,340,225,,43.3605,3.10641,Plein jour,Hors agglomération,Hors intersection,Normale,Autre collision,,,,,,,,,,,1,1,1,1,6.0
201600008745,0016-06-18 00:45:00,16,6,18,0,45,340,52,D37,43.3327,3.02903,Nuit sans éclairage public,En agglomération,Hors intersection,Pluie forte,Autre collision,,,,,,,,,,,3,2,1,3,6.0
201600008746,0016-07-05 18:15:00,16,7,5,18,15,340,135,,43.2617,3.16174,Plein jour,Hors agglomération,Hors intersection,Normale,Autre collision,,,,,,,,,,,1,1,1,1,6.0
201600008747,0016-07-29 10:30:00,16,7,29,10,30,340,183,,43.2854,3.10616,Plein jour,Hors agglomération,Hors intersection,Normale,Trois véhicules et plus - collisions multiples,,,,,,,,,,,1,1,1,1,5.0
201600008748,0016-12-06 16:45:00,16,12,6,16,45,340,52,,43.3177,3.01251,Plein jour,Hors agglomération,Hors intersection,Normale,Deux véhicules - frontale,,,,,,,,,,,1,1,1,1,1.0
201600008749,0016-11-29 17:00:00,16,11,29,17,0,340,170,,43.328,2.97,Crépuscule ou aube,Hors agglomération,Hors intersection,Normale,Autre collision,,,,,,,,,,,2,1,1,1,6.0
201600008750,0016-02-08 10:15:00,16,2,8,10,15,340,310,,43.4105,3.17062,Plein jour,Hors agglomération,Hors intersection,Normale,Deux véhicules - arrière,,,,,,,,,,,1,1,1,1,2.0
201600008751,0016-05-18 15:15:00,16,5,18,15,15,340,70,,43.3987,2.98169,Plein jour,Hors agglomération,Hors intersection,Pluie légère,Deux véhicules - frontale,,,,,,,,,,,1,1,1,2,1.0
201600008752,0016-06-20 09:45:00,16,6,20,9,45,340,70,,43.39816,2.98274,Plein jour,Hors agglomération,Hors intersection,Normale,Autre collision,,,,,,,,,,,1,1,1,1,6.0
201600008753,0016-06-28 10:30:00,16,6,28,10,30,340,62,CHEMIN NEUF,43.5501,3.15543,Plein jour,En agglomération,Hors intersection,Normale,Deux véhicules - côté,,,,,,,,,,,1,2,1,1,3.0
201600008754,0016-07-13 16:00:00,16,7,13,16,0,340,310,,43.4202,3.16113,Plein jour,Hors agglomération,Giratoire,Normale,Autre collision,,,,,,,,,,,1,1,6,1,6.0
201600008755,0016-07-18 12:15:00,16,7,18,12,15,340,100,,43.4589,2.89083,Plein jour,Hors agglomération,Hors intersection,Normale,Deux véhicules - frontale,,,,,,,,,,,1,1,1,1,1.0
201600008756,0016-07-28 20:30:00,16,7,28,20,30,340,178,23 AVENUE DE LA REPUBLIQ,43.436,3.142,Plein jour,En agglomération,Giratoire,Normale,Autre collision,,,,,,,,,,,1,2,6,1,6.0
201600008757,0016-08-19 16:00:00,16,8,19,16,0,340,310,,43.4238,3.15782,Plein jour,Hors agglomération,Hors intersection,Normale,Trois véhicules et plus - en chaîne,,,,,,,,,,,1,1,1,1,4.0
201600008758,0016-11-19 20:45:00,16,11,19,20,45,340,84,,43.3976,3.18818,Nuit sans éclairage public,Hors agglomération,Hors intersection,Normale,Autre collision,,,,,,,,,,,3,1,1,1,6.0
201600008759,0016-11-21 18:30:00,16,11,21,18,30,340,61,,43.459,3.101,Nuit sans éclairage public,Hors agglomération,Hors intersection,Normale,Sans collision,,,,,,,,,,,3,1,1,1,7.0
201600008760,0016-03-27 05:30:00,16,3,27,5,30,340,97,,43.3244,2.60234,Nuit avec éclairage allumé,En agglomération,Hors intersection,Pluie légère,Autre collision,,,,,,,,,,,5,2,1,2,6.0
201600008761,0016-04-04 09:00:00,16,4,4,9,0,340,189,,43.27508,2.74292,Plein jour,Hors agglomération,Hors intersection,Normale,Autre collision,,,,,,,,,,,1,1,1,1,6.0
201600008762,0016-05-30 14:45:00,16,5,30,14,45,340,189,BOULEVARD DU MIDI,43.2813,2.73339,Plein jour,En agglomération,Hors intersection,Normale,Autre collision,,,,,,,,,,,1,2,1,1,6.0
201600008763,0016-05-31 15:30:00,16,5,31,15,30,340,59,,43.3648,2.77574,Plein jour,Hors agglomération,Hors intersection,Normale,Autre collision,,,,,,,,,,,1,1,1,1,6.0
201600008764,0016-11-14 11:15:00,16,11,14,11,15,340,20,,43.3112,2.7413,Plein jour,Hors agglomération,Hors intersection,Normale,Deux véhicules - frontale,,,,,,,,,,,1,1,1,1,1.0
201600008765,0016-07-15 20:00:00,16,7,15,20,0,340,199,,43.4686,3.38247,Plein jour,Hors agglomération,Hors intersection,Normale,Autre collision,,,,,,,,,,,1,1,1,1,6.0
201600008766,0016-08-03 01:00:00,16,8,3,1,0,340,162,,43.496,3.47013,Nuit sans éclairage public,Hors agglomération,Hors intersection,Normale,Autre collision,,,,,,,,,,,3,1,1,1,6.0
201600008767,0016-02-10 20:15:00,16,2,10,20,15,340,162,,43.4611,3.51245,Nuit sans éclairage public,Hors agglomération,Hors intersection,Normale,Deux véhicules - côté,,,,,,,,,,,3,1,1,1,3.0
201600008768,0016-08-07 14:00:00,16,8,7,14,0,340,289,,43.3892,3.41615,Plein jour,Hors agglomération,Hors intersection,Normale,Sans collision,,,,,,,,,,,1,1,1,1,7.0
201600008769,0016-08-09 19:30:00,16,8,9,19,30,340,199,,43.4462,3.41661,Plein jour,En agglomération,Hors intersection,Normale,Autre collision,,,,,,,,,,,1,2,1,1,6.0
201600008770,0016-08-28 15:00:00,16,8,28,15,0,340,162,,43.4873,3.49076,Plein jour,Hors agglomération,Hors intersection,Normale,Autre collision,,,,,,,,,,,1,1,1,1,6.0
201600008771,0016-08-26 15:00:00,16,8,26,15,0,340,162,,43.4736,3.49284,Plein jour,Hors agglomération,Hors intersection,Normale,Deux véhicules - arrière,,,,,,,,,,,1,1,1,1,2.0
201600008772,0016-10-18 15:45:00,16,10,18,15,45,340,199,AVENUE DE PLAISANCE,43.4603,3.41621,Plein jour,En agglomération,Hors intersection,Normale,Deux véhicules - arrière,,,,,,,,,,,1,2,1,1,2.0
201600008773,0016-10-25 15:45:00,16,10,25,15,45,340,199,PLACE DU 14 JUILLET,43.4609,3.42455,Plein jour,En agglomération,Hors intersection,Normale,Autre collision,,,,,,,,,,,1,2,1,1,6.0
201600008774,0016-05-18 10:45:00,16,5,18,10,45,340,17,,43.4749,3.44431,Plein jour,Hors agglomération,Hors intersection,Normale,Deux véhicules - arrière,,,,,,,,,,,1,1,1,1,2.0
201600008775,0016-06-23 18:00:00,16,6,23,18,0,340,103,,43.54,3.40527,Plein jour,Hors agglomération,Hors intersection,Normale,Sans collision,,,,,,,,,,,1,1,1,1,7.0
201600008776,0016-01-28 15:30:00,16,1,28,15,30,340,229,,43.4701,2.7889,Plein jour,Hors agglomération,Hors intersection,Normale,Autre collision,,,,,,,,,,,1,1,1,1,6.0
201600008777,0016-03-12 02:15:00,16,3,12,2,15,340,293,,43.5873,2.63433,Nuit sans éclairage public,Hors agglomération,Hors intersection,Normale,Autre collision,,,,,,,,,,,3,1,1,1,6.0
201600008778,0016-06-06 18:15:00,16,6,6,18,15,340,284,,43.4593,2.75101,Plein jour,Hors agglomération,Hors intersection,Normale,Sans collision,,,,,,,,,,,1,1,1,1,7.0
201600008779,0016-07-17 16:30:00,16,7,17,16,30,340,284,,43.47,2.76683,Plein jour,Hors agglomération,Hors intersection,Normale,Autre collision,,,,,,,,,,,1,1,1,1,6.0
201600008780,0016-07-19 16:30:00,16,7,19,16,30,340,284,,43.473,2.76658,Plein jour,Hors agglomération,Hors intersection,Normale,Deux véhicules - frontale,,,,,,,,,,,1,1,1,1,1.0
201600008781,0016-08-05 20:45:00,16,8,5,20,45,340,293,,43.6,2.70088,Plein jour,Hors agglomération,Hors intersection,Normale,Autre collision,,,,,,,,,,,1,1,1,1,6.0
201600008782,0016-08-21 16:00:00,16,8,21,16,0,340,284,,43.503,2.74881,Plein jour,Hors agglomération,Hors intersection,Normale,Sans collision,,,,,,,,,,,1,1,1,1,7.0
201600008783,0016-09-10 09:45:00,16,9,10,9,45,340,229,,43.4772,2.79174,Plein jour,Hors agglomération,Hors intersection,Normale,Deux véhicules - frontale,,,,,,,,,,,1,1,1,1,1.0
201600008784,0016-11-18 10:00:00,16,11,18,10,0,340,293,VOIE PASTORALE RD14,43.601,2.70516,Plein jour,En agglomération,Hors intersection,Normale,Autre collision,,,,,,,,,,,1,2,1,1,6.0
201600008785,0016-01-21 08:30:00,16,1,21,8,30,340,25,,43.4099,3.24342,Plein jour,En agglomération,Hors intersection,Brouillard / fumée,Autre collision,,,,,,,,,,,1,2,1,5,6.0
201600008786,0016-07-02 18:30:00,16,7,2,18,30,340,94,,43.44,3.259,Plein jour,Hors agglomération,Hors intersection,Normale,Autre collision,,,,,,,,,,,1,1,1,1,6.0
201600008787,0016-07-06 15:00:00,16,7,6,15,0,340,139,,43.411,3.237,Plein jour,Hors agglomération,Hors intersection,Normale,Deux véhicules - arrière,,,,,,,,,,,1,1,1,1,2.0
201600008788,0016-07-07 05:45:00,16,7,7,5,45,340,237,,43.49425,3.33747,Nuit sans éclairage public,Hors agglomération,Hors intersection,Normale,Trois véhicules et plus - collisions multiples,,,,,,,,,,,3,1,1,1,5.0
201600008789,0016-08-05 18:45:00,16,8,5,18,45,340,1,,43.4564,3.30379,Plein jour,Hors agglomération,Hors intersection,Normale,Autre collision,,,,,,,,,,,1,1,1,1,6.0
201600008790,0016-08-17 13:00:00,16,8,17,13,0,340,300,GRAND RUE,43.4252,3.30673,Plein jour,En agglomération,Giratoire,Normale,Sans collision,,,,,,,,,,,1,2,6,1,7.0
201600008791,0016-09-11 02:15:00,16,9,11,2,15,340,237,,43.503,3.325,Nuit sans éclairage public,Hors agglomération,Hors intersection,Normale,Deux véhicules - côté,,,,,,,,,,,3,1,1,1,3.0
201600008792,0016-10-13 10:30:00,16,10,13,10,30,340,139,,43.413,3.238,Plein jour,Hors agglomération,Hors intersection,Pluie forte,Deux véhicules - frontale,,,,,,,,,,,1,1,1,3,1.0
201600008793,0016-10-31 18:00:00,16,10,31,18,0,340,147,AVENUE DE LA GARE,43.4681,3.2263,Crépuscule ou aube,En agglomération,Hors intersection,Normale,Autre collision,,,,,,,,,,,2,2,1,1,6.0
201600008794,0016-10-22 08:15:00,16,10,22,8,15,340,85,RD33,43.4475,3.2802,Plein jour,En agglomération,Hors intersection,Normale,Autre collision,,,,,,,,,,,1,2,1,1,6.0