accident_id,datetime,annee,mois,jour,heure,minute,departement,commune_insee,adresse,latitude,longitude,luminosite,agglomeration,intersection,meteo,collision,nb_vehicules,nb_usagers,nb_indemnes,nb_tues,nb_blesses_hosp,nb_blesses_legers,age_cond_1,age_cond_2,veh_type_cond_1,veh_type_cond_2,lum_code,agg_code,int_code,atm_code,col_code
201600009328,0016-09-23 11:00:00,16,9,23,11,0,202,172,,42.56065,9.31325,Plein jour,Hors agglomération,Hors intersection,Temps éblouissant,Deux véhicules - côté,,,,,,,,,,,1,1,1,7,3.0
201600009329,0016-10-03 11:30:00,16,10,3,11,30,202,298,Parking paySaint Florent,42.67963,9.30181,Plein jour,En agglomération,Hors intersection,Normale,Autre collision,,,,,,,,,,,1,2,1,1,6.0
201600009330,0016-12-30 18:15:00,16,12,30,18,15,202,265,,,,Nuit sans éclairage public,Hors agglomération,Hors intersection,Normale,Deux véhicules - frontale,,,,,,,,,,,3,1,1,1,1.0
201600009331,0016-01-19 07:15:00,16,1,19,7,15,202,150,,,,Crépuscule ou aube,Hors agglomération,Hors intersection,Normale,Autre collision,,,,,,,,,,,2,1,1,1,6.0
201600009332,0016-06-11 10:30:00,16,6,11,10,30,202,150,,,,Plein jour,Hors agglomération,Hors intersection,Normale,Autre collision,,,,,,,,,,,1,1,1,1,6.0
201600009333,0016-08-30 18:45:00,16,8,30,18,45,202,50,,42.981,8.381,Plein jour,Hors agglomération,Hors intersection,Pluie légère,Deux véhicules - frontale,,,,,,,,,,,1,1,1,2,1.0
201600009334,0016-09-14 10:00:00,16,9,14,10,0,202,50,N197,42.5532,8.78969,Plein jour,En agglomération,Hors intersection,Normale,Trois véhicules et plus - collisions multiples,,,,,,,,,,,1,2,1,1,5.0
201600009335,0016-10-16 17:30:00,16,10,16,17,30,202,49,,42.46389,8.75431,Plein jour,Hors agglomération,Hors intersection,Normale,Autre collision,,,,,,,,,,,1,1,1,1,6.0
201600009336,0016-05-10 07:30:00,16,5,10,7,30,202,150,,,,Plein jour,Hors agglomération,Hors intersection,Normale,Deux véhicules - côté,,,,,,,,,,,1,1,1,1,3.0
201600009337,0016-06-14 16:45:00,16,6,14,16,45,202,93,le village,,,Plein jour,En agglomération,Hors intersection,Vent fort / tempête,Sans collision,,,,,,,,,,,1,2,1,6,7.0
201600009338,0016-08-26 13:30:00,16,8,26,13,30,202,134,port de commerce,,,Plein jour,En agglomération,Hors intersection,Normale,Autre collision,,,,,,,,,,,1,2,1,1,6.0
201600009339,0016-11-04 04:00:00,16,11,4,4,0,202,134,ROUTE DE CALVI,,,Nuit avec éclairage allumé,En agglomération,Hors intersection,Normale,Autre collision,,,,,,,,,,,5,2,1,1,6.0
201600009340,0016-11-19 09:15:00,16,11,19,9,15,202,199,,42.64983,9.08965,Plein jour,Hors agglomération,Hors intersection,Normale,Deux véhicules - côté,,,,,,,,,,,1,1,1,1,3.0
201600009341,0016-11-19 16:45:00,16,11,19,16,45,202,296,,,,Plein jour,Hors agglomération,Hors intersection,Normale,Deux véhicules - frontale,,,,,,,,,,,1,1,1,1,1.0
201600009342,0016-11-23 18:15:00,16,11,23,18,15,202,231,,42.59794,8.9031,Nuit sans éclairage public,Hors agglomération,Hors intersection,Normale,Deux véhicules - frontale,,,,,,,,,,,3,1,1,1,1.0
201600009343,0016-11-25 10:30:00,16,11,25,10,30,202,134,Rue des écoles,,,Plein jour,En agglomération,Hors intersection,Normale,Deux véhicules - côté,,,,,,,,,,,1,2,1,1,3.0
201600009344,0016-12-10 17:00:00,16,12,10,17,0,202,168,RD63 virage Mairie,,,Crépuscule ou aube,En agglomération,Hors intersection,Normale,Deux véhicules - frontale,,,,,,,,,,,2,2,1,1,1.0
201600009345,0016-02-26 00:01:00,16,2,26,0,1,202,13,,,,Nuit sans éclairage public,Hors agglomération,Hors intersection,Normale,Autre collision,,,,,,,,,,,3,1,1,1,6.0
201600009346,0016-03-11 12:15:00,16,3,11,12,15,202,96,,,,Plein jour,Hors agglomération,Hors intersection,Normale,Sans collision,,,,,,,,,,,1,1,1,1,7.0
201600009347,0016-03-22 20:15:00,16,3,22,20,15,202,96,,,,Nuit sans éclairage public,Hors agglomération,Hors intersection,Normale,Deux véhicules - côté,,,,,,,,,,,3,1,1,1,3.0
201600009348,0016-04-09 21:00:00,16,4,9,21,0,202,96,PONT DE LA GARE,,,Nuit avec éclairage allumé,En agglomération,Hors intersection,Pluie légère,Autre collision,,,,,,,,,,,5,2,1,2,6.0
201600009349,0016-05-11 11:00:00,16,5,11,11,0,202,96,,,,Plein jour,Hors agglomération,Hors intersection,Temps couvert,Deux véhicules - frontale,,,,,,,,,,,1,1,1,8,1.0
201600009350,0016-05-13 09:45:00,16,5,13,9,45,202,12,,,,Plein jour,Hors agglomération,Hors intersection,Normale,Autre collision,,,,,,,,,,,1,1,1,1,6.0
201600009351,0016-05-25 13:45:00,16,5,25,13,45,202,354,,,,Plein jour,Hors agglomération,Hors intersection,Normale,Trois véhicules et plus - collisions multiples,,,,,,,,,,,1,1,1,1,5.0
201600009352,0016-05-28 13:45:00,16,5,28,13,45,202,96,,,,Plein jour,Hors agglomération,Hors intersection,Normale,Deux véhicules - côté,,,,,,,,,,,1,1,1,1,3.0
201600009353,0016-05-31 08:30:00,16,5,31,8,30,202,218,,,,Plein jour,Hors agglomération,Hors intersection,Normale,Sans collision,,,,,,,,,,,1,1,1,1,7.0
201600009354,0016-06-05 19:15:00,16,6,5,19,15,202,260,parata,42.242,9.173,Plein jour,En agglomération,Hors intersection,Normale,Deux véhicules - côté,,,,,,,,,,,1,2,1,1,3.0
201600009355,0016-06-30 11:30:00,16,6,30,11,30,202,96,avenue du Pdt PIERUCCI,42.30417,9.15124,Plein jour,En agglomération,Hors intersection,Normale,Deux véhicules - arrière,,,,,,,,,,,1,2,1,1,2.0
201600009356,0016-08-20 09:30:00,16,8,20,9,30,202,201,,,,Plein jour,En agglomération,Hors intersection,Normale,Autre collision,,,,,,,,,,,1,2,1,1,6.0
201600009357,0016-09-09 08:45:00,16,9,9,8,45,202,96,,,,Plein jour,Hors agglomération,Hors intersection,Pluie légère,Deux véhicules - côté,,,,,,,,,,,1,1,1,2,3.0
201600009358,0016-09-26 09:30:00,16,9,26,9,30,202,306,Le village,42.32536,9.2208,Plein jour,En agglomération,Hors intersection,Normale,Autre collision,,,,,,,,,,,1,2,1,1,6.0
201600009359,0016-11-14 11:30:00,16,11,14,11,30,202,341,,,,Plein jour,Hors agglomération,Hors intersection,Pluie forte,Autre collision,,,,,,,,,,,1,1,1,3,6.0
201600009360,0016-12-05 15:00:00,16,12,5,15,0,202,96,place padoue,42.30824,9.15063,Plein jour,En agglomération,Hors intersection,Pluie légère,Autre collision,,,,,,,,,,,1,2,1,2,6.0
201600009361,0016-05-08 22:00:00,16,5,8,22,0,202,95,,,,Nuit sans éclairage public,Hors agglomération,Hors intersection,Normale,Sans collision,,,,,,,,,,,3,1,1,1,7.0
201600009362,0016-08-14 06:45:00,16,8,14,6,45,202,73,,42.31819,8.99088,Crépuscule ou aube,Hors agglomération,Hors intersection,Normale,Sans collision,,,,,,,,,,,2,1,1,1,7.0
201600009363,0016-09-10 06:30:00,16,9,10,6,30,202,73,,,,Plein jour,Hors agglomération,Hors intersection,Normale,Sans collision,,,,,,,,,,,1,1,1,1,7.0
201600009364,0016-05-28 03:00:00,16,5,28,3,0,202,337,,,,Nuit sans éclairage public,Hors agglomération,Hors intersection,Normale,Autre collision,,,,,,,,,,,3,1,1,1,6.0
201600009365,0016-06-16 14:00:00,16,6,16,14,0,202,23,,,,Plein jour,Hors agglomération,Hors intersection,Normale,Deux véhicules - frontale,,,,,,,,,,,1,1,1,1,1.0
201600009366,0016-09-07 08:00:00,16,9,7,8,0,202,83,,,,Crépuscule ou aube,Hors agglomération,Hors intersection,Normale,Autre collision,,,,,,,,,,,2,1,1,1,6.0
201600009367,0016-10-27 08:15:00,16,10,27,8,15,202,55,,,,Plein jour,Hors agglomération,Hors intersection,Pluie légère,Deux véhicules - frontale,,,,,,,,,,,1,1,1,2,1.0
201600009368,0016-11-02 16:30:00,16,11,2,16,30,202,193,,,,Nuit sans éclairage public,Hors agglomération,Hors intersection,Normale,Autre collision,,,,,,,,,,,3,1,1,1,6.0
201600009369,0016-12-12 15:00:00,16,12,12,15,0,202,59,,,,Plein jour,Hors agglomération,Hors intersection,Normale,Sans collision,,,,,,,,,,,1,1,1,1,7.0
201600009370,0016-12-27 11:45:00,16,12,27,11,45,202,162,,42.46899,9.11812,Plein jour,Hors agglomération,Hors intersection,Normale,Sans collision,,,,,,,,,,,1,1,1,1,7.0
201600009371,0016-02-07 06:30:00,16,2,7,6,30,202,251,,,,Nuit avec éclairage allumé,Hors agglomération,Hors intersection,Pluie légère,Sans collision,,,,,,,,,,,5,1,1,2,7.0
201600009372,0016-03-14 07:30:00,16,3,14,7,30,202,123,,,,Plein jour,Hors agglomération,Hors intersection,Normale,Deux véhicules - frontale,,,,,,,,,,,1,1,1,1,1.0
201600009373,0016-03-28 17:30:00,16,3,28,17,30,202,251,,,,Plein jour,Hors agglomération,Hors intersection,Normale,Autre collision,,,,,,,,,,,1,1,1,1,6.0
201600009374,0016-07-02 10:45:00,16,7,2,10,45,202,283,,41.90414,9.38965,Plein jour,Hors agglomération,Hors intersection,Normale,Deux véhicules - côté,,,,,,,,,,,1,1,1,1,3.0
201600009375,0016-07-10 17:15:00,16,7,10,17,15,202,149,Lieu dit Caritata,,,Plein jour,En agglomération,Hors intersection,Normale,Sans collision,,,,,,,,,,,1,2,1,1,7.0
201600009376,0016-08-23 20:00:00,16,8,23,20,0,202,123,,,,Nuit sans éclairage public,Hors agglomération,Hors intersection,Normale,Sans collision,,,,,,,,,,,3,1,1,1,7.0
201600009377,0016-09-17 11:30:00,16,9,17,11,30,202,277,,41.973,9.393,Plein jour,Hors agglomération,Hors intersection,Normale,Trois véhicules et plus - collisions multiples,,,,,,,,,,,1,1,1,1,5.0
201600009378,0016-09-20 10:15:00,16,9,20,10,15,202,123,,42.08935,9.39859,Plein jour,Hors agglomération,Intersection en X,Normale,Deux véhicules - côté,,,,,,,,,,,1,1,2,1,3.0
201600009379,0016-11-22 09:00:00,16,11,22,9,0,202,123,avenue du 9 septembre,42.01654,9.40569,Plein jour,En agglomération,Hors intersection,Normale,Deux véhicules - arrière,,,,,,,,,,,1,2,1,1,2.0
201600009380,0016-11-29 19:45:00,16,11,29,19,45,202,283,,,,Nuit sans éclairage public,Hors agglomération,Hors intersection,Normale,Deux véhicules - arrière,,,,,,,,,,,3,1,1,1,2.0
201600009381,0016-12-05 16:00:00,16,12,5,16,0,202,123,,,,Plein jour,Hors agglomération,Hors intersection,Normale,Deux véhicules - arrière,,,,,,,,,,,1,1,1,1,2.0
201600009382,0016-12-17 15:15:00,16,12,17,15,15,202,123,,42.04877,9.42792,Plein jour,Hors agglomération,Hors intersection,Normale,Autre collision,,,,,,,,,,,1,1,1,1,6.0
201600009383,0016-06-02 10:30:00,16,6,2,10,30,202,347,Le village,,,Plein jour,En agglomération,Hors intersection,Normale,Deux véhicules - côté,,,,,,,,,,,1,2,1,1,3.0
201600009384,0016-06-04 09:45:00,16,6,4,9,45,202,9,lieu dit VACCAJA,,,Plein jour,En agglomération,Hors intersection,Normale,Deux véhicules - côté,,,,,,,,,,,1,2,1,1,3.0
201600009385,0016-02-05 07:30:00,16,2,5,7,30,202,87,,,,Plein jour,Hors agglomération,Hors intersection,Normale,Deux véhicules - côté,,,,,,,,,,,1,1,1,1,3.0
201600009386,0016-02-28 14:45:00,16,2,28,14,45,202,303,,,,Plein jour,Hors agglomération,Hors intersection,Pluie forte,Deux véhicules - côté,,,,,,,,,,,1,1,1,3,3.0
201600009387,0016-03-02 21:15:00,16,3,2,21,15,202,307,,,,Nuit avec éclairage allumé,Hors agglomération,Hors intersection,Normale,Deux véhicules - côté,,,,,,,,,,,5,1,1,1,3.0
201600009388,0016-05-05 10:30:00,16,5,5,10,30,202,225,,42.2991,9.44886,Plein jour,En agglomération,Hors intersection,Normale,Autre collision,,,,,,,,,,,1,2,1,1,6.0
201600009389,0016-06-13 15:15:00,16,6,13,15,15,202,311,,,,Plein jour,Hors agglomération,Hors intersection,Normale,Autre collision,,,,,,,,,,,1,1,1,1,6.0
201600009390,0016-07-01 07:15:00,16,7,1,7,15,202,311,,,,Crépuscule ou aube,Hors agglomération,Hors intersection,Normale,Autre collision,,,,,,,,,,,2,1,1,1,6.0
201600009391,0016-07-11 11:00:00,16,7,11,11,0,202,87,,,,Plein jour,Hors agglomération,Hors intersection,Normale,Deux véhicules - côté,,,,,,,,,,,1,1,1,1,3.0
201600009392,0016-08-12 12:00:00,16,8,12,12,0,202,307,rt 10,,,Plein jour,En agglomération,Hors intersection,Normale,Deux véhicules - côté,,,,,,,,,,,1,2,1,1,3.0
201600009393,0016-10-02 14:45:00,16,10,2,14,45,202,307,rt10,,,Plein jour,En agglomération,Hors intersection,Pluie forte,Deux véhicules - frontale,,,,,,,,,,,1,2,1,3,1.0
201600009394,0016-10-25 08:30:00,16,10,25,8,30,202,311,RT10/ rte du stade,42.36264,9.52946,Plein jour,En agglomération,Hors intersection,Pluie légère,Deux véhicules - côté,,,,,,,,,,,1,2,1,2,3.0
201600009395,0016-03-04 04:45:00,16,3,4,4,45,202,252,,,,Nuit sans éclairage public,Hors agglomération,Hors intersection,Normale,Sans collision,,,,,,,,,,,3,1,1,1,7.0
201600009396,0016-03-02 12:45:00,16,3,2,12,45,202,343,,,,Plein jour,Hors agglomération,Hors intersection,Normale,Deux véhicules - arrière,,,,,,,,,,,1,1,1,1,2.0
201600009397,0016-11-01 18:15:00,16,11,1,18,15,202,207,ROUTE DE LA MER,,,Nuit avec éclairage allumé,En agglomération,Hors intersection,Normale,Deux véhicules - côté,,,,,,,,,,,5,2,1,1,3.0
201600009398,0016-11-01 15:15:00,16,11,1,15,15,202,252,,42.44131,9.4545,Plein jour,Hors agglomération,Hors intersection,Normale,Autre collision,,,,,,,,,,,1,1,1,1,6.0
201600009399,0016-12-01 10:15:00,16,12,1,10,15,202,207,,,,Nuit sans éclairage public,Hors agglomération,Hors intersection,Normale,Sans collision,,,,,,,,,,,3,1,1,1,7.0
201600009400,0016-12-01 09:15:00,16,12,1,9,15,202,319,RN 198,,,Plein jour,En agglomération,Hors intersection,Normale,Trois véhicules et plus - en chaîne,,,,,,,,,,,1,2,1,1,4.0
201600009401,0016-12-13 16:15:00,16,12,13,16,15,202,343,,42.48908,9.46281,Plein jour,Hors agglomération,Hors intersection,Normale,Autre collision,,,,,,,,,,,1,1,1,1,6.0
201600009402,0016-01-13 15:49:00,16,1,13,15,49,50,23,"19, PETSCHE (AVENUE MAUR",44.89573,6.63237,Plein jour,En agglomération,Hors intersection,Normale,Autre collision,,,,,,,,,,,1,2,1,1,6.0
201600009403,0016-04-08 08:45:00,16,4,8,8,45,50,23,"14, REPUBLIQUE (AVENUE D",44.89752,6.63725,Plein jour,En agglomération,Hors intersection,Normale,Autre collision,,,,,,,,,,,1,2,1,1,6.0
201600009404,0016-04-15 21:30:00,16,4,15,21,30,50,23,IZOARD (AVENUE DU COL D',44.89366,6.63775,Nuit avec éclairage allumé,En agglomération,Intersection en T,Normale,Deux véhicules - frontale,,,,,,,,,,,5,2,3,1,1.0
201600009405,0016-04-17 17:39:00,16,4,17,17,39,50,23,PROVENCE (AVENUE DE),44.89945,6.63091,Plein jour,En agglomération,Hors intersection,Pluie légère,Deux véhicules - frontale,,,,,,,,,,,1,2,1,2,1.0
201600009406,0016-07-20 22:30:00,16,7,20,22,30,50,23,SAVOIE (AVENUE DE),44.90933,6.62641,Nuit avec éclairage allumé,En agglomération,Intersection en Y,Normale,Deux véhicules - côté,,,,,,,,,,,5,2,4,1,3.0
201600009407,0016-09-18 10:25:00,16,9,18,10,25,50,23,ITALIE (ROUTE D'),44.90389,6.65284,Plein jour,Hors agglomération,Hors intersection,Temps couvert,Autre collision,,,,,,,,,,,1,1,1,8,6.0
201600009408,0016-10-29 17:15:00,16,10,29,17,15,50,23,"19, PETSCHE (AVENUE MAUR",44.89584,6.6327,Plein jour,En agglomération,Hors intersection,Normale,Autre collision,,,,,,,,,,,1,2,1,1,6.0
201600009409,0016-11-05 08:00:00,16,11,5,8,0,50,23,IZOARD (AVENUE DU COL D',44.89318,6.6417,Plein jour,En agglomération,Hors intersection,Temps éblouissant,Sans collision,,,,,,,,,,,1,2,1,7,7.0
201600009410,0016-11-29 11:45:00,16,11,29,11,45,50,23,"25, REPUBLIQUE (AVENUE D",44.89859,6.63997,Plein jour,En agglomération,Hors intersection,Temps éblouissant,Autre collision,,,,,,,,,,,1,2,1,7,6.0
201600009411,0016-12-09 10:40:00,16,12,9,10,40,50,23,DE GAULLE (AVENUE DU GEN,44.89316,6.63372,Plein jour,En agglomération,Passage à niveau,Temps éblouissant,Autre collision,,,,,,,,,,,1,2,8,7,6.0
201600009412,0016-12-21 16:45:00,16,12,21,16,45,50,23,GAP (ROUTE DE   RN94),44.88156,6.62105,Crépuscule ou aube,Hors agglomération,Giratoire,Normale,Deux véhicules - arrière,,,,,,,,,,,2,1,6,1,2.0
201600009413,0016-01-13 19:35:00,16,1,13,19,35,50,61,"3, VILLAROBERT ( RUE DE",44.57025,6.08411,Nuit avec éclairage allumé,En agglomération,Hors intersection,Normale,Deux véhicules - côté,,,,,,,,,,,5,2,1,1,3.0
201600009414,0016-12-27 17:50:00,16,12,27,17,50,50,61,FRANCOIS MITTERAND (AVEN,44.54632,6.06419,Nuit avec éclairage allumé,En agglomération,Intersection en T,Normale,Autre collision,,,,,,,,,,,5,2,3,1,6.0
201600009415,0016-01-18 20:17:00,16,1,18,20,17,50,61,EYSSAGNIERES ( ROUTE DES,44.54102,6.05208,Nuit avec éclairage allumé,En agglomération,Hors intersection,Normale,Deux véhicules - arrière,,,,,,,,,,,5,2,1,1,2.0
201600009416,0016-01-24 01:20:00,16,1,24,1,20,50,61,JEAN JAURES ( AVENUE ),44.55052,6.06933,Nuit avec éclairage allumé,En agglomération,Hors intersection,Normale,Deux véhicules - frontale,,,,,,,,,,,5,2,1,1,1.0
201600009417,0016-01-31 15:35:00,16,1,31,15,35,50,61,RN 85,44.52511,6.04869,Plein jour,Hors agglomération,Hors intersection,Normale,Trois véhicules et plus - collisions multiples,,,,,,,,,,,1,1,1,1,5.0
201600009418,0016-03-30 18:20:00,16,3,30,18,20,50,61,STE MARGUERITE ( ROUTE D,44.539,6.0738,Plein jour,En agglomération,Intersection en Y,Normale,Deux véhicules - côté,,,,,,,,,,,1,2,4,1,3.0
201600009419,0016-03-24 14:48:00,16,3,24,14,48,50,61,CARREFOUR DE L'EUROPE,44.55483,6.07513,Plein jour,En agglomération,Giratoire,Normale,Deux véhicules - arrière,,,,,,,,,,,1,2,6,1,2.0
201600009420,0016-04-01 15:59:00,16,4,1,15,59,50,61,FRANCOIS MITTERAND (AVEN,44.5453,6.06287,Plein jour,En agglomération,Hors intersection,Normale,Autre collision,,,,,,,,,,,1,2,1,1,6.0
201600009421,0016-04-06 22:30:00,16,4,6,22,30,50,61,ROUTE DE TRESCHATEL,44.54796,6.09992,Nuit avec éclairage allumé,Hors agglomération,Hors intersection,Normale,Sans collision,,,,,,,,,,,5,1,1,1,7.0
201600009422,0016-05-11 00:05:00,16,5,11,0,5,50,61,CHAPELLE ( RUE DE LA ),44.55592,6.07162,Nuit avec éclairage allumé,En agglomération,Hors intersection,Normale,Deux véhicules - côté,,,,,,,,,,,5,2,1,1,3.0
201600009423,0016-05-09 17:15:00,16,5,9,17,15,50,61,BELLEVUE (BOULEVARD),44.55952,6.08524,Plein jour,En agglomération,Hors intersection,Normale,Trois véhicules et plus - en chaîne,,,,,,,,,,,1,2,1,1,4.0
201600009424,0016-05-15 06:07:00,16,5,15,6,7,50,61,CHATEAUVIEUX (CHEMIN DE,44.54588,6.06625,Plein jour,En agglomération,Hors intersection,Normale,Deux véhicules - frontale,,,,,,,,,,,1,2,1,1,1.0
201600009425,0016-05-25 14:14:00,16,5,25,14,14,50,61,JARDINS  ( RUE DES ),44.56433,6.08194,Plein jour,En agglomération,Hors intersection,Normale,Autre collision,,,,,,,,,,,1,2,1,1,6.0
201600009426,0016-07-08 16:15:00,16,7,8,16,15,50,61,RN 85,44.58125,6.08177,Plein jour,Hors agglomération,Hors intersection,Normale,Deux véhicules - côté,,,,,,,,,,,1,1,1,1,3.0
201600009427,0016-07-10 18:40:00,16,7,10,18,40,50,61,RN 85,44.58263,6.08233,Plein jour,Hors agglomération,Hors intersection,Normale,Autre collision,,,,,,,,,,,1,1,1,1,6.0
201600009428,0016-07-15 10:55:00,16,7,15,10,55,50,61,MARECHAL FOCH ( AVENUE D,44.56274,6.08588,Plein jour,En agglomération,Hors intersection,Normale,Deux véhicules - côté,,,,,,,,,,,1,2,1,1,3.0
201600009429,0016-07-12 19:39:00,16,7,12,19,39,50,61,BOUTONS D'OR ( RUE DES ),44.54733,6.05919,Plein jour,En agglomération,Autre intersection,Normale,Deux véhicules - côté,,,,,,,,,,,1,2,9,1,3.0
201600009430,0016-07-26 17:50:00,16,7,26,17,50,50,61,"25, JUSTICE ( ROUTE DE",44.5663,6.1048,Plein jour,En agglomération,Hors intersection,Normale,Deux véhicules - frontale,,,,,,,,,,,1,2,1,1,1.0
201600009431,0016-08-07 22:45:00,16,8,7,22,45,50,61,GEORGES POMPIDOU ( BD),44.55987,6.08438,Nuit avec éclairage allumé,En agglomération,Intersection en X,Normale,Deux véhicules - côté,,,,,,,,,,,5,2,2,1,3.0
201600009432,0016-08-08 14:20:00,16,8,8,14,20,50,61,"54, CHABANAS (RUE DE )",44.56494,6.06405,Plein jour,En agglomération,Autre intersection,Normale,Deux véhicules - côté,,,,,,,,,,,1,2,9,1,3.0
201600009433,0016-08-26 12:28:00,16,8,26,12,28,50,61,CARREFOUR DE L'EUROPE,44.55505,6.07484,Plein jour,En agglomération,Giratoire,Normale,Deux véhicules - côté,,,,,,,,,,,1,2,6,1,3.0
201600009434,0016-09-01 19:20:00,16,9,1,19,20,50,61,D994,44.55739,6.0553,Plein jour,Hors agglomération,Giratoire,Normale,Deux véhicules - côté,,,,,,,,,,,1,1,6,1,3.0
201600009435,0016-09-07 16:30:00,16,9,7,16,30,50,61,CD 900B,44.52261,6.05966,Plein jour,Hors agglomération,Intersection en T,Normale,Deux véhicules - côté,,,,,,,,,,,1,1,3,1,3.0
201600009436,0016-09-14 09:30:00,16,9,14,9,30,50,61,PRES ( ROUTE DES ),44.53716,6.07294,Plein jour,En agglomération,Intersection en Y,Normale,Deux véhicules - côté,,,,,,,,,,,1,2,4,1,3.0
201600009437,0016-09-20 15:05:00,16,9,20,15,5,50,61,JEAN JAURES ( AVENUE ),44.54826,6.06651,Plein jour,En agglomération,Hors intersection,Normale,Autre collision,,,,,,,,,,,1,2,1,1,6.0
201600009438,0016-10-12 12:55:00,16,10,12,12,55,50,61,CHABANAS (RUE DE ),44.56296,6.06558,Plein jour,En agglomération,Giratoire,Normale,Deux véhicules - côté,,,,,,,,,,,1,2,6,1,3.0
201600009439,0016-10-24 16:15:00,16,10,24,16,15,50,61,GEORGES POMPIDOU ( BD),44.5552,6.07691,Plein jour,En agglomération,Hors intersection,Normale,Deux véhicules - arrière,,,,,,,,,,,1,2,1,1,2.0
201600009440,0016-10-29 21:40:00,16,10,29,21,40,50,61,REVELLY (PLACE  DU ),44.56119,6.0798,Nuit avec éclairage allumé,En agglomération,Hors intersection,Normale,Autre collision,,,,,,,,,,,5,2,1,1,6.0
201600009441,0016-11-14 14:25:00,16,11,14,14,25,50,61,RN 94,44.57304,6.1086,Plein jour,Hors agglomération,Hors intersection,Normale,Trois véhicules et plus - en chaîne,,,,,,,,,,,1,1,1,1,4.0
201600009442,0016-08-25 14:00:00,16,8,25,14,0,780,531,,,,Plein jour,Hors agglomération,Hors intersection,Normale,Autre collision,,,,,,,,,,,1,1,1,1,6.0
201600009443,0016-10-08 15:45:00,16,10,8,15,45,780,668,,,,Plein jour,Hors agglomération,Hors intersection,Normale,Autre collision,,,,,,,,,,,1,1,1,1,6.0
201600009444,0016-10-19 08:30:00,16,10,19,8,30,780,118,,,,Plein jour,Hors agglomération,Hors intersection,Normale,Deux véhicules - arrière,,,,,,,,,,,1,1,1,1,2.0
201600009445,0016-01-06 17:00:00,16,1,6,17,0,780,89,49 rue Aristide Briand,,,Plein jour,En agglomération,Hors intersection,Temps couvert,Deux véhicules - côté,,,,,,,,,,,1,2,1,8,3.0
201600009446,0016-02-20 01:45:00,16,2,20,1,45,780,503,,,,Nuit sans éclairage public,Hors agglomération,Hors intersection,Pluie légère,Autre collision,,,,,,,,,,,3,1,1,2,6.0
201600009447,0016-02-23 07:15:00,16,2,23,7,15,780,503,RD915,,,Plein jour,En agglomération,Hors intersection,Temps couvert,Deux véhicules - arrière,,,,,,,,,,,1,2,1,8,2.0
201600009448,0016-03-25 07:30:00,16,3,25,7,30,780,89,48 AV DE LA RÉPUBLIQUE,,,Plein jour,En agglomération,Hors intersection,Normale,Autre collision,,,,,,,,,,,1,2,1,1,6.0
201600009449,0016-06-22 16:30:00,16,6,22,16,30,780,255,"45, Route Nationale",,,Plein jour,En agglomération,Hors intersection,Normale,Deux véhicules - frontale,,,,,,,,,,,1,2,1,1,1.0
201600009450,0016-08-21 04:00:00,16,8,21,4,0,780,255,Boutel / Les Plantines,,,Nuit avec éclairage allumé,En agglomération,Hors intersection,Normale,Deux véhicules - frontale,,,,,,,,,,,5,2,1,1,1.0
201600009451,0016-09-21 12:00:00,16,9,21,12,0,780,668,RUE DE BONNIERES,,,Plein jour,En agglomération,Hors intersection,Temps éblouissant,Autre collision,,,,,,,,,,,1,2,1,7,6.0
201600009452,0016-01-22 18:15:00,16,1,22,18,15,780,107,19 r René Dhal,48.949,1.528,Nuit avec éclairage allumé,En agglomération,Hors intersection,Normale,Trois véhicules et plus - en chaîne,,,,,,,,,,,5,2,1,1,4.0
201600009453,0016-01-25 16:30:00,16,1,25,16,30,780,107,8 RUE DU HAMEL,48.949,1.535,Plein jour,En agglomération,Hors intersection,Normale,Autre collision,,,,,,,,,,,1,2,1,1,6.0
201600009454,0016-02-23 20:45:00,16,2,23,20,45,780,346,,48.929,1.603,Nuit sans éclairage public,Hors agglomération,Hors intersection,Normale,Autre collision,,,,,,,,,,,3,1,1,1,6.0
201600009455,0016-06-13 09:00:00,16,6,13,9,0,780,484,,48.96,1.616,Plein jour,Hors agglomération,Hors intersection,Temps couvert,Deux véhicules - frontale,,,,,,,,,,,1,1,1,8,1.0
201600009456,0016-09-09 13:15:00,16,9,9,13,15,780,484,,48.965,1.626,Plein jour,Hors agglomération,Hors intersection,Normale,Autre collision,,,,,,,,,,,1,1,1,1,6.0
201600009457,0016-09-22 18:30:00,16,9,22,18,30,780,346,,48.925,1.582,Plein jour,Hors agglomération,Hors intersection,Normale,Autre collision,,,,,,,,,,,1,1,1,1,6.0
201600009458,0016-10-09 19:45:00,16,10,9,19,45,780,107,,48.965,1.539,Nuit avec éclairage allumé,Hors agglomération,Intersection en X,Normale,Deux véhicules - côté,,,,,,,,,,,5,1,2,1,3.0
201600009459,0016-02-25 14:15:00,16,2,25,14,15,780,567,,49.028,1.639,Plein jour,Hors agglomération,Hors intersection,Brouillard / fumée,Sans collision,,,,,,,,,,,1,1,1,5,7.0
201600009460,0016-03-16 19:00:00,16,3,16,19,0,780,335,,49.029,1.745,Crépuscule ou aube,Hors agglomération,Intersection en T,Normale,Deux véhicules - côté,,,,,,,,,,,2,1,3,1,3.0
201600009461,0016-05-31 15:30:00,16,5,31,15,30,780,246,,49.026,1.74,Plein jour,Hors agglomération,Hors intersection,Pluie forte,Trois véhicules et plus - collisions multiples,,,,,,,,,,,1,1,1,3,5.0