accident_id,datetime,annee,mois,jour,heure,minute,departement,commune_insee,adresse,latitude,longitude,luminosite,agglomeration,intersection,meteo,collision,nb_vehicules,nb_usagers,nb_indemnes,nb_tues,nb_blesses_hosp,nb_blesses_legers,age_cond_1,age_cond_2,veh_type_cond_1,veh_type_cond_2,lum_code,agg_code,int_code,atm_code,col_code
201600009462,0016-11-20 05:00:00,16,11,20,5,0,780,317,,,,Nuit sans éclairage public,Hors agglomération,Hors intersection,Vent fort / tempête,Sans collision,,,,,,,,,,,3,1,1,6,7.0
201600009463,0016-12-30 20:15:00,16,12,30,20,15,780,113,,,,Nuit sans éclairage public,Hors agglomération,Hors intersection,Brouillard / fumée,Autre collision,,,,,,,,,,,3,1,1,5,6.0
201600009464,0016-02-02 13:00:00,16,2,2,13,0,780,206,,,,Plein jour,Hors agglomération,Intersection en X,Pluie légère,Deux véhicules - côté,,,,,,,,,,,1,1,2,2,3.0
201600009465,0016-03-22 07:15:00,16,3,22,7,15,780,206,,,,Plein jour,Hors agglomération,Hors intersection,Normale,Deux véhicules - côté,,,,,,,,,,,1,1,1,1,3.0
201600009466,0016-10-07 16:00:00,16,10,7,16,0,780,140,bout malo/vallee barbe,,,Plein jour,En agglomération,Hors intersection,Normale,Sans collision,,,,,,,,,,,1,2,1,1,7.0
201600009467,0016-01-15 08:30:00,16,1,15,8,30,780,48,,,,Plein jour,Hors agglomération,Hors intersection,Autre,Autre collision,,,,,,,,,,,1,1,1,9,6.0
201600009468,0016-01-31 12:30:00,16,1,31,12,30,780,263,,,,Plein jour,Hors agglomération,Hors intersection,Temps couvert,Autre collision,,,,,,,,,,,1,1,1,8,6.0
201600009469,0016-05-06 08:45:00,16,5,6,8,45,780,310,,48.81,1.592,Plein jour,Hors agglomération,Intersection en T,Normale,Deux véhicules - frontale,,,,,,,,,,,1,1,3,1,1.0
201600009470,0016-07-07 19:45:00,16,7,7,19,45,780,381,avenur de la République,,,Plein jour,En agglomération,Hors intersection,Temps éblouissant,Autre collision,,,,,,,,,,,1,2,1,7,6.0
201600009471,0016-05-08 12:00:00,16,5,8,12,0,780,49,20 rue de maule,,,Plein jour,En agglomération,Hors intersection,Normale,Sans collision,,,,,,,,,,,1,2,1,1,7.0
201600009472,0016-06-10 20:30:00,16,6,10,20,30,780,368,,,,Plein jour,Hors agglomération,Hors intersection,Normale,Deux véhicules - côté,,,,,,,,,,,1,1,1,1,3.0
201600009473,0016-11-18 09:52:00,16,11,18,9,52,780,305,,,,Plein jour,Hors agglomération,Hors intersection,Normale,Deux véhicules - frontale,,,,,,,,,,,1,1,1,1,1.0
201600009474,0016-12-18 18:00:00,16,12,18,18,0,780,415,,,,Nuit sans éclairage public,Hors agglomération,Hors intersection,Pluie légère,Autre collision,,,,,,,,,,,3,1,1,2,6.0
201600009475,0016-09-26 12:30:00,16,9,26,12,30,780,591,,48.897,1.709,Plein jour,Hors agglomération,Hors intersection,Normale,Autre collision,,,,,,,,,,,1,1,1,1,6.0
201600009476,0016-12-18 00:45:00,16,12,18,0,45,780,104,04 places des alliés,48.948,1.719,Nuit avec éclairage allumé,En agglomération,Hors intersection,Normale,Autre collision,,,,,,,,,,,5,2,1,1,6.0
201600009477,0016-01-06 08:00:00,16,1,6,8,0,780,557,route de rambouillet,,,Crépuscule ou aube,En agglomération,Hors intersection,Pluie légère,Autre collision,,,,,,,,,,,2,2,1,2,6.0
201600009478,0016-01-15 15:00:00,16,1,15,15,0,780,209,,,,Plein jour,Hors agglomération,Hors intersection,Pluie forte,Deux véhicules - frontale,,,,,,,,,,,1,1,1,3,1.0
201600009479,0016-02-27 15:45:00,16,2,27,15,45,780,30,,,,Plein jour,Hors agglomération,Hors intersection,Normale,Autre collision,,,,,,,,,,,1,1,1,1,6.0
201600009480,0016-05-03 20:15:00,16,5,3,20,15,780,30,,,,Plein jour,Hors agglomération,Hors intersection,Normale,Deux véhicules - côté,,,,,,,,,,,1,1,1,1,3.0
201600009481,0016-05-12 08:45:00,16,5,12,8,45,780,407,,,,Plein jour,Hors agglomération,Hors intersection,Pluie légère,Deux véhicules - frontale,,,,,,,,,,,1,1,1,2,1.0
201600009482,0016-07-12 11:30:00,16,7,12,11,30,780,517,,,,Plein jour,Hors agglomération,Hors intersection,Normale,Autre collision,,,,,,,,,,,1,1,1,1,6.0
201600009483,0016-07-17 18:15:00,16,7,17,18,15,780,30,,,,Plein jour,Hors agglomération,Hors intersection,Normale,Deux véhicules - arrière,,,,,,,,,,,1,1,1,1,2.0
201600009484,0016-12-06 06:30:00,16,12,6,6,30,780,77,,,,Nuit sans éclairage public,Hors agglomération,Hors intersection,Autre,Autre collision,,,,,,,,,,,3,1,1,9,6.0
201600009485,0016-12-08 23:30:00,16,12,8,23,30,780,30,,,,Nuit sans éclairage public,Hors agglomération,Hors intersection,Normale,Autre collision,,,,,,,,,,,3,1,1,1,6.0
201600009486,0016-03-16 17:15:00,16,3,16,17,15,780,470,26 rue des coudrayes,,,Plein jour,En agglomération,Hors intersection,Normale,Deux véhicules - côté,,,,,,,,,,,1,2,1,1,3.0
201600009487,0016-06-08 15:30:00,16,6,8,15,30,780,9,,,,Plein jour,Hors agglomération,Giratoire,Normale,Sans collision,,,,,,,,,,,1,1,6,1,7.0
201600009488,0016-10-04 08:00:00,16,10,4,8,0,780,3,,48.522,1.865,Crépuscule ou aube,Hors agglomération,Hors intersection,Normale,Sans collision,,,,,,,,,,,2,1,1,1,7.0
201600009489,0016-10-20 15:00:00,16,10,20,15,0,780,470,,48.58,1.773,Plein jour,Hors agglomération,Hors intersection,Pluie légère,Sans collision,,,,,,,,,,,1,1,1,2,7.0
201600009490,0016-11-07 05:30:00,16,11,7,5,30,780,506,,48.518,1.792,Nuit sans éclairage public,Hors agglomération,Giratoire,Temps couvert,Sans collision,,,,,,,,,,,3,1,6,8,7.0
201600009491,0016-11-14 05:00:00,16,11,14,5,0,780,3,,48.519,1.838,Nuit avec éclairage allumé,Hors agglomération,Giratoire,Normale,Autre collision,,,,,,,,,,,5,1,6,1,6.0
201600009492,0016-12-10 20:15:00,16,12,10,20,15,780,3,,,,Nuit sans éclairage public,Hors agglomération,Giratoire,Pluie légère,Autre collision,,,,,,,,,,,3,1,6,2,6.0
201600009493,0016-12-12 06:30:00,16,12,12,6,30,780,470,,48.582,1.794,Crépuscule ou aube,Hors agglomération,Hors intersection,Brouillard / fumée,Deux véhicules - frontale,,,,,,,,,,,2,1,1,5,1.0
201600009494,0016-12-13 17:45:00,16,12,13,17,45,780,3,,,,Nuit sans éclairage public,Hors agglomération,Hors intersection,Normale,Sans collision,,,,,,,,,,,3,1,1,1,7.0
201600009495,0016-03-29 11:15:00,16,3,29,11,15,780,575,1 avenue des buissons,,,Plein jour,En agglomération,Hors intersection,Normale,Autre collision,,,,,,,,,,,1,2,1,1,6.0
201600009496,0016-05-03 20:30:00,16,5,3,20,30,780,575,rue de paris,,,Crépuscule ou aube,En agglomération,Hors intersection,Normale,Deux véhicules - frontale,,,,,,,,,,,2,2,1,1,1.0
201600009497,0016-05-21 17:45:00,16,5,21,17,45,780,128,,,,Plein jour,Hors agglomération,Hors intersection,Normale,Deux véhicules - frontale,,,,,,,,,,,1,1,1,1,1.0
201600009498,0016-05-27 18:45:00,16,5,27,18,45,780,128,,,,Plein jour,Hors agglomération,Hors intersection,Normale,Deux véhicules - frontale,,,,,,,,,,,1,1,1,1,1.0
201600009499,0016-06-25 09:45:00,16,6,25,9,45,780,160,,48.195,2.027,Plein jour,Hors agglomération,Hors intersection,Normale,Deux véhicules - frontale,,,,,,,,,,,1,1,1,1,1.0
201600009500,0016-10-11 17:45:00,16,10,11,17,45,780,575,avenue des buissons,,,Plein jour,En agglomération,Hors intersection,Normale,Sans collision,,,,,,,,,,,1,2,1,1,7.0
201600009501,0016-11-16 07:45:00,16,11,16,7,45,780,160,2bis r de la république,,,Crépuscule ou aube,En agglomération,Hors intersection,Pluie légère,Autre collision,,,,,,,,,,,2,2,1,2,6.0
201600009502,0016-12-22 00:30:00,16,12,22,0,30,780,334,,48.217,1.567,Nuit sans éclairage public,Hors agglomération,Hors intersection,Pluie forte,Autre collision,,,,,,,,,,,3,1,1,3,6.0
201600009503,0016-03-27 18:00:00,16,3,27,18,0,780,398,Rue du coteau,48.756,1.856,Plein jour,En agglomération,Intersection en T,Normale,Deux véhicules - frontale,,,,,,,,,,,1,2,3,1,1.0
201600009504,0016-04-04 17:30:00,16,4,4,17,30,780,398,,,,Plein jour,Hors agglomération,Hors intersection,Normale,Autre collision,,,,,,,,,,,1,1,1,1,6.0
201600009505,0016-05-24 01:30:00,16,5,24,1,30,780,389,,48.806,1.816,Nuit avec éclairage allumé,Hors agglomération,Hors intersection,Normale,Autre collision,,,,,,,,,,,5,1,1,1,6.0
201600009506,0016-09-26 18:15:00,16,9,26,18,15,780,443,,,,Plein jour,Hors agglomération,Hors intersection,Normale,Deux véhicules - côté,,,,,,,,,,,1,1,1,1,3.0
201600009507,0016-11-25 07:45:00,16,11,25,7,45,780,576,,48.77,1.883,Nuit sans éclairage public,Hors agglomération,Hors intersection,Normale,Deux véhicules - côté,,,,,,,,,,,3,1,1,1,3.0
201600009508,0016-12-02 08:15:00,16,12,2,8,15,780,420,14 rue de bretagne,,,Plein jour,En agglomération,Hors intersection,Normale,Deux véhicules - arrière,,,,,,,,,,,1,2,1,1,2.0
201600009509,0016-12-02 18:00:00,16,12,2,18,0,780,389,AVENUE LEON CRETE,,,Nuit avec éclairage non allumé,En agglomération,Hors intersection,Normale,Deux véhicules - arrière,,,,,,,,,,,4,2,1,1,2.0
201600009510,0016-03-18 11:00:00,16,3,18,11,0,780,62,,,,Plein jour,Hors agglomération,Hors intersection,Temps couvert,Autre collision,,,,,,,,,,,1,1,1,8,6.0
201600009511,0016-04-14 16:00:00,16,4,14,16,0,780,321,route du pontel,,,Plein jour,En agglomération,Hors intersection,Pluie légère,Autre collision,,,,,,,,,,,1,2,1,2,6.0
201600009512,0016-04-25 16:15:00,16,4,25,16,15,780,623,,,,Plein jour,Hors agglomération,Hors intersection,Temps couvert,Sans collision,,,,,,,,,,,1,1,1,8,7.0
201600009513,0016-04-27 10:45:00,16,4,27,10,45,780,62,,,,Plein jour,Hors agglomération,Hors intersection,Normale,Autre collision,,,,,,,,,,,1,1,1,1,6.0
201600009514,0016-10-24 22:15:00,16,10,24,22,15,780,321,,,,Nuit sans éclairage public,Hors agglomération,Hors intersection,Pluie légère,Autre collision,,,,,,,,,,,3,1,1,2,6.0
201600009515,0016-11-09 22:15:00,16,11,9,22,15,780,321,,,,Nuit sans éclairage public,Hors agglomération,Hors intersection,Pluie forte,Autre collision,,,,,,,,,,,3,1,1,3,6.0
201600009516,0016-11-17 17:30:00,16,11,17,17,30,780,623,,,,Crépuscule ou aube,Hors agglomération,Hors intersection,Pluie légère,Deux véhicules - frontale,,,,,,,,,,,2,1,1,2,1.0
201600009517,0016-12-16 12:00:00,16,12,16,12,0,780,62,rte n°3 entre Saulx et B,,,Plein jour,Hors agglomération,Hors intersection,Temps couvert,Deux véhicules - frontale,,,,,,,,,,,1,1,1,8,1.0
201600009518,0016-03-10 20:30:00,16,3,10,20,30,780,265,,,,Nuit sans éclairage public,Hors agglomération,Hors intersection,Pluie légère,Sans collision,,,,,,,,,,,3,1,1,2,7.0
201600009519,0016-07-02 17:30:00,16,7,2,17,30,780,616,rue de la mare agrade,,,Plein jour,En agglomération,Autre intersection,Normale,Deux véhicules - côté,,,,,,,,,,,1,2,9,1,3.0
201600009520,0016-08-11 18:00:00,16,8,11,18,0,780,513,,,,Plein jour,Hors agglomération,Hors intersection,Normale,Sans collision,,,,,,,,,,,1,1,1,1,7.0
201600009521,0016-01-07 08:15:00,16,1,7,8,15,780,537,rue de guhermont,,,Nuit avec éclairage allumé,En agglomération,Hors intersection,Pluie légère,Autre collision,,,,,,,,,,,5,2,1,2,6.0
201600009522,0016-03-17 19:00:00,16,3,17,19,0,780,87,D988 x C4,,,Nuit avec éclairage allumé,Hors agglomération,Intersection en X,Autre,Deux véhicules - frontale,,,,,,,,,,,5,1,2,9,1.0
201600009523,0016-06-24 13:30:00,16,6,24,13,30,780,537,53 rue charles de gaulle,,,Plein jour,En agglomération,Hors intersection,Normale,Autre collision,,,,,,,,,,,1,2,1,1,6.0
201600009524,0016-08-31 15:50:00,16,8,31,15,50,780,537,,,,Plein jour,Hors agglomération,Hors intersection,Normale,Autre collision,,,,,,,,,,,1,1,1,1,6.0
201600009525,0016-09-21 08:15:00,16,9,21,8,15,780,522,,,,Plein jour,Hors agglomération,Intersection en X,Normale,Deux véhicules - côté,,,,,,,,,,,1,1,2,1,3.0
201600009526,0016-09-26 18:15:00,16,9,26,18,15,780,537,,,,Plein jour,Hors agglomération,Hors intersection,Normale,Autre collision,,,,,,,,,,,1,1,1,1,6.0
201600009527,0016-10-24 14:30:00,16,10,24,14,30,780,120,,,,Plein jour,Hors agglomération,Hors intersection,Normale,Sans collision,,,,,,,,,,,1,1,1,1,7.0
201600009528,0016-11-16 16:30:00,16,11,16,16,30,780,537,rue de la martinière,,,Crépuscule ou aube,En agglomération,Autre intersection,Pluie légère,Deux véhicules - côté,,,,,,,,,,,2,2,9,2,3.0
201600009529,0016-01-05 17:30:00,16,1,5,17,30,910,386,Route de CHEVANNES,48.5488,2.4383,Nuit avec éclairage allumé,En agglomération,Hors intersection,Temps couvert,Autre collision,,,,,,,,,,,5,2,1,8,6.0
201600009530,0016-02-06 19:45:00,16,2,6,19,45,910,659,Aire de repos A6,48.607,2.44,Nuit sans éclairage public,Hors agglomération,Hors intersection,Normale,Autre collision,,,,,,,,,,,3,1,1,1,6.0
201600009531,0016-06-05 12:30:00,16,6,5,12,30,910,179,Chemin de la justice /N7,48.55766,2.49918,Plein jour,Hors agglomération,Intersection en X,Normale,Deux véhicules - côté,,,,,,,,,,,1,1,2,1,3.0
201600009532,0016-09-21 08:45:00,16,9,21,8,45,910,386,route de chevannes,48.55531,2.43678,Plein jour,En agglomération,Intersection en X,Normale,Deux véhicules - côté,,,,,,,,,,,1,2,2,1,3.0
201600009533,0016-10-01 16:15:00,16,10,1,16,15,910,179,Chemin de Mennecy,48.54789,2.48375,Plein jour,Hors agglomération,Hors intersection,Normale,Deux véhicules - frontale,,,,,,,,,,,1,1,1,1,1.0
201600009534,0016-12-12 15:15:00,16,12,12,15,15,910,659,rue des 44 arpents,48.58825,2.44303,Plein jour,En agglomération,Hors intersection,Normale,Autre collision,,,,,,,,,,,1,2,1,1,6.0
201600009535,0016-01-01 11:00:00,16,1,1,11,0,910,405,RD105,48.413,2.45,Plein jour,Hors agglomération,Hors intersection,Pluie légère,Autre collision,,,,,,,,,,,1,1,1,2,6.0
201600009536,0016-03-02 19:45:00,16,3,2,19,45,910,405,RD 372,48.437,2.473,Plein jour,Hors agglomération,Hors intersection,Pluie légère,Deux véhicules - frontale,,,,,,,,,,,1,1,1,2,1.0
201600009537,0016-07-06 20:45:00,16,7,6,20,45,910,599,RD948,48.488,2.472,Plein jour,Hors agglomération,Hors intersection,Normale,Sans collision,,,,,,,,,,,1,1,1,1,7.0
201600009538,0016-07-06 18:30:00,16,7,6,18,30,910,405,RD948,48.39171,2.46666,Plein jour,Hors agglomération,Hors intersection,Normale,Deux véhicules - côté,,,,,,,,,,,1,1,1,1,3.0
201600009539,0016-12-24 19:30:00,16,12,24,19,30,910,99,RD105,48.42634,2.41171,Nuit sans éclairage public,Hors agglomération,Hors intersection,Pluie légère,Autre collision,,,,,,,,,,,3,1,1,2,6.0
201600009540,0016-03-25 12:00:00,16,3,25,12,0,910,35,RD191,48.44943,1.96966,Plein jour,Hors agglomération,Hors intersection,Normale,Trois véhicules et plus - en chaîne,,,,,,,,,,,1,1,1,1,4.0
201600009541,0016-05-06 14:45:00,16,5,6,14,45,910,284,rue sauvage,48.50282,2.02096,Plein jour,En agglomération,Hors intersection,Temps éblouissant,Autre collision,,,,,,,,,,,1,2,1,7,6.0
201600009542,0016-08-04 10:30:00,16,8,4,10,30,910,98,RD191,48.461,2.06,Plein jour,Hors agglomération,Giratoire,Pluie légère,Sans collision,,,,,,,,,,,1,1,6,2,7.0
201600009543,0016-01-07 08:15:00,16,1,7,8,15,910,226,31 bis avenue d'orleans,48.48688,2.18979,Crépuscule ou aube,En agglomération,Hors intersection,Pluie forte,Autre collision,,,,,,,,,,,2,2,1,3,6.0
201600009544,0016-01-21 08:00:00,16,1,21,8,0,910,226,route de Chamarande,48.50194,2.19994,Crépuscule ou aube,En agglomération,Hors intersection,Brouillard / fumée,Deux véhicules - frontale,,,,,,,,,,,2,2,1,5,1.0
201600009545,0016-06-30 14:00:00,16,6,30,14,0,910,226,RN20,48.4941,2.19958,Plein jour,Hors agglomération,Hors intersection,Normale,Trois véhicules et plus - collisions multiples,,,,,,,,,,,1,1,1,1,5.0
201600009546,0016-07-12 13:30:00,16,7,12,13,30,910,671,RD191,48.46408,2.27154,Plein jour,Hors agglomération,Hors intersection,Normale,Deux véhicules - frontale,,,,,,,,,,,1,1,1,1,1.0
201600009547,0016-07-27 17:30:00,16,7,27,17,30,910,330,rue de la croix de fer,48.52199,2.28784,Plein jour,En agglomération,Hors intersection,Normale,Deux véhicules - arrière,,,,,,,,,,,1,2,1,1,2.0
201600009548,0016-08-11 19:45:00,16,8,11,19,45,910,330,RD 449,48.53257,2.28667,Plein jour,Hors agglomération,Hors intersection,Normale,Trois véhicules et plus - collisions multiples,,,,,,,,,,,1,1,1,1,5.0
201600009549,0016-11-14 00:15:00,16,11,14,0,15,910,226,RN20,48.49172,2.19813,Nuit sans éclairage public,Hors agglomération,Hors intersection,Pluie légère,Autre collision,,,,,,,,,,,3,1,1,2,6.0
201600009550,0016-11-20 14:15:00,16,11,20,14,15,910,95,RD56 / RD99,48.5154,2.29391,Plein jour,Hors agglomération,Intersection en X,Pluie légère,Deux véhicules - côté,,,,,,,,,,,1,1,2,2,3.0
201600009551,0016-12-05 21:15:00,16,12,5,21,15,910,330,rue Louis René Villermé,48.53042,2.29329,Nuit avec éclairage allumé,En agglomération,Hors intersection,Normale,Autre collision,,,,,,,,,,,5,2,1,1,6.0
201600009552,0016-12-08 08:30:00,16,12,8,8,30,910,378,rue de la guerinière,48.53165,2.19115,Plein jour,En agglomération,Hors intersection,Normale,Deux véhicules - côté,,,,,,,,,,,1,2,1,1,3.0
201600009553,0016-12-09 06:45:00,16,12,9,6,45,910,95,RD56,48.51404,2.29337,Nuit sans éclairage public,Hors agglomération,Hors intersection,Normale,Sans collision,,,,,,,,,,,3,1,1,1,7.0
201600009554,0016-12-12 10:30:00,16,12,12,10,30,910,226,avenue de cocatrix,48.50129,2.19848,Plein jour,En agglomération,Hors intersection,Pluie légère,Sans collision,,,,,,,,,,,1,2,1,2,7.0
201600009555,0016-12-16 08:45:00,16,12,16,8,45,910,95,RD99,48.51537,2.29807,Crépuscule ou aube,Hors agglomération,Hors intersection,Brouillard / fumée,Autre collision,,,,,,,,,,,2,1,1,5,6.0
201600009556,0016-01-23 11:09:00,16,1,23,11,9,910,232,rue notre dame,48.48099,2.34631,Plein jour,En agglomération,Hors intersection,Temps couvert,Deux véhicules - côté,,,,,,,,,,,1,2,1,8,3.0
201600009557,0016-08-05 05:15:00,16,8,5,5,15,910,654,RD 83,48.47345,2.42388,Nuit sans éclairage public,Hors agglomération,Hors intersection,Normale,Autre collision,,,,,,,,,,,3,1,1,1,6.0
201600009558,0016-09-03 15:45:00,16,9,3,15,45,910,654,RD83 / RD153,48.47351,2.42255,Plein jour,Hors agglomération,Intersection en X,Normale,Deux véhicules - côté,,,,,,,,,,,1,1,2,1,3.0
201600009559,0016-10-21 07:15:00,16,10,21,7,15,910,232,4 boulevard angot,48.48055,2.34808,Crépuscule ou aube,En agglomération,Autre intersection,Normale,Autre collision,,,,,,,,,,,2,2,9,1,6.0
201600009560,0016-11-17 09:30:00,16,11,17,9,30,910,99,D 153 route de videlle,48.43977,2.37938,Plein jour,En agglomération,Hors intersection,Normale,Autre collision,,,,,,,,,,,1,2,1,1,6.0
201600009561,0016-12-02 13:15:00,16,12,2,13,15,910,232,RD 105,48.47851,2.35381,Plein jour,En agglomération,Hors intersection,Normale,Deux véhicules - frontale,,,,,,,,,,,1,2,1,1,1.0
201600009562,0016-12-03 18:45:00,16,12,3,18,45,910,232,avenue Carnot,48.48696,2.34387,Nuit avec éclairage allumé,En agglomération,Hors intersection,Normale,Deux véhicules - arrière,,,,,,,,,,,5,2,1,1,2.0
201600009563,0016-12-08 08:15:00,16,12,8,8,15,910,293,RD83,48.48029,2.38609,Crépuscule ou aube,Hors agglomération,Hors intersection,Brouillard / fumée,Autre collision,,,,,,,,,,,2,1,1,5,6.0
201600009564,0016-12-09 04:15:00,16,12,9,4,15,910,412,RD87,48.48633,2.41333,Nuit sans éclairage public,Hors agglomération,Hors intersection,Normale,Autre collision,,,,,,,,,,,3,1,1,1,6.0
201600009565,0016-12-18 04:00:00,16,12,18,4,0,910,654,RD83 / RD90,48.47364,2.42535,Nuit sans éclairage public,Hors agglomération,Intersection à plus de 4 branches,Brouillard / fumée,Deux véhicules - côté,,,,,,,,,,,3,1,5,5,3.0
201600009566,0016-02-02 02:00:00,16,2,2,2,0,910,294,RN20,48.372,2.06999,Nuit sans éclairage public,Hors agglomération,Hors intersection,Normale,Deux véhicules - arrière,,,,,,,,,,,3,1,1,1,2.0
201600009567,0016-03-09 19:15:00,16,3,9,19,15,280,294,D838 - PK51+800,48.39837,1.97142,Nuit sans éclairage public,En agglomération,Hors intersection,Temps couvert,Deux véhicules - frontale,,,,,,,,,,,3,2,1,8,1.0
201600009568,0016-04-09 08:45:00,16,4,9,8,45,910,16,rue de Gare/Rue delpech,48.31019,2.00232,Plein jour,En agglomération,Intersection en X,Temps éblouissant,Deux véhicules - côté,,,,,,,,,,,1,2,2,7,3.0
201600009569,0016-08-17 14:30:00,16,8,17,14,30,910,294,RN20,48.358,2.04999,Plein jour,Hors agglomération,Hors intersection,Normale,Autre collision,,,,,,,,,,,1,1,1,1,6.0
201600009570,0016-10-27 17:45:00,16,10,27,17,45,910,1,RD721,48.33989,2.18638,Plein jour,Hors agglomération,Hors intersection,Normale,Deux véhicules - frontale,,,,,,,,,,,1,1,1,1,1.0
201600009571,0016-11-23 13:00:00,16,11,23,13,0,910,390,1 grande rue,48.31,2.061,Plein jour,En agglomération,Hors intersection,Temps couvert,Autre collision,,,,,,,,,,,1,2,1,8,6.0
201600009572,0016-10-10 17:00:00,16,10,10,17,0,910,540,9 rue Lamoignon,48.55366,2.127,Plein jour,En agglomération,Hors intersection,Normale,Deux véhicules - arrière,,,,,,,,,,,1,2,1,1,2.0
201600009573,0016-11-09 16:35:00,16,11,9,16,35,910,81,RD82 / RD836,48.46604,2.07388,Plein jour,Hors agglomération,Intersection en X,Pluie légère,Deux véhicules - côté,,,,,,,,,,,1,1,2,2,3.0
201600009574,0016-12-15 07:45:00,16,12,15,7,45,910,630,RD27,48.5655,2.06095,Crépuscule ou aube,Hors agglomération,Hors intersection,Brouillard / fumée,Trois véhicules et plus - collisions multiples,,,,,,,,,,,2,1,1,5,5.0
201600009575,0016-12-15 15:45:00,16,12,15,15,45,910,568,RD132,48.56871,2.10385,Plein jour,Hors agglomération,Hors intersection,Autre,Autre collision,,,,,,,,,,,1,1,1,9,6.0
201600009576,0016-04-20 01:00:00,16,4,20,1,0,910,661,Av Henri Dunant,,,Nuit avec éclairage allumé,En agglomération,Intersection en T,Normale,Deux véhicules - frontale,,,,,,,,,,,5,2,3,1,1.0
201600009577,0016-12-05 12:45:00,16,12,5,12,45,910,661,avenue de la plesse,48.69714,2.24634,Plein jour,En agglomération,Hors intersection,Normale,Deux véhicules - côté,,,,,,,,,,,1,2,1,1,3.0
201600009578,0016-12-05 14:45:00,16,12,5,14,45,910,661,"23,rue girardot",48.69701,2.22584,Plein jour,En agglomération,Hors intersection,Normale,Autre collision,,,,,,,,,,,1,2,1,1,6.0
201600009579,0016-12-21 19:15:00,16,12,21,19,15,910,661,rue du grand dome,48.6905,2.22729,Nuit sans éclairage public,En agglomération,Hors intersection,Pluie légère,Deux véhicules - frontale,,,,,,,,,,,3,2,1,2,1.0
201600009580,0016-01-05 07:30:00,16,1,5,7,30,910,207,RN20,48.57332,2.23539,Nuit sans éclairage public,Hors agglomération,Hors intersection,Pluie forte,Deux véhicules - arrière,,,,,,,,,,,3,1,1,3,2.0
201600009581,0016-07-11 05:00:00,16,7,11,5,0,910,207,RN20,48.591,2.235,Plein jour,Hors agglomération,Hors intersection,Normale,Autre collision,,,,,,,,,,,1,1,1,1,6.0
201600009582,0016-07-22 11:00:00,16,7,22,11,0,910,207,RN20,48.586,2.235,Plein jour,Hors agglomération,Hors intersection,Normale,Deux véhicules - arrière,,,,,,,,,,,1,1,1,1,2.0
201600009583,0016-11-11 09:15:00,16,11,11,9,15,910,41,RN20,48.57157,2.23459,Plein jour,Hors agglomération,Hors intersection,Normale,Deux véhicules - arrière,,,,,,,,,,,1,1,1,1,2.0
201600009584,0016-11-25 23:30:00,16,11,25,23,30,910,41,zac des marsandes,,,Nuit avec éclairage allumé,En agglomération,Hors intersection,Pluie légère,Deux véhicules - côté,,,,,,,,,,,5,2,1,2,3.0
201600009585,0016-05-06 14:30:00,16,5,6,14,30,910,376,RD8,48.57307,2.29677,Plein jour,Hors agglomération,Hors intersection,Normale,Autre collision,,,,,,,,,,,1,1,1,1,6.0
201600009586,0016-10-05 10:15:00,16,10,5,10,15,910,332,RD117,48.56977,2.33111,Plein jour,Hors agglomération,Hors intersection,Normale,Deux véhicules - frontale,,,,,,,,,,,1,1,1,1,1.0
201600009587,0016-10-14 17:45:00,16,10,14,17,45,910,376,RD19,48.57649,2.2808,Crépuscule ou aube,Hors agglomération,Hors intersection,Pluie forte,Deux véhicules - arrière,,,,,,,,,,,2,1,1,3,2.0
201600009588,0016-10-19 08:00:00,16,10,19,8,0,910,332,RD117,48.56892,2.33312,Crépuscule ou aube,Hors agglomération,Hors intersection,Normale,Trois véhicules et plus - collisions multiples,,,,,,,,,,,2,1,1,1,5.0
201600009589,0016-11-07 08:30:00,16,11,7,8,30,910,376,1 rue de la Place,48.56176,2.29527,Plein jour,En agglomération,Hors intersection,Neige / grêle,Autre collision,,,,,,,,,,,1,2,1,4,6.0
201600009590,0016-12-09 18:15:00,16,12,9,18,15,910,376,impasse de la citadelle,48.56308,2.30533,Nuit avec éclairage allumé,En agglomération,Hors intersection,Normale,Deux véhicules - côté,,,,,,,,,,,5,2,1,1,3.0
201600009591,0016-01-16 08:00:00,16,1,16,8,0,910,411,RD40,48.6723,2.08608,Plein jour,Hors agglomération,Hors intersection,Autre,Deux véhicules - côté,,,,,,,,,,,1,1,1,9,3.0
201600009592,0016-05-23 06:15:00,16,5,23,6,15,910,411,RD838,48.67177,2.06635,Plein jour,Hors agglomération,Hors intersection,Pluie forte,Deux véhicules - côté,,,,,,,,,,,1,1,1,3,3.0