accident_id,datetime,annee,mois,jour,heure,minute,departement,commune_insee,adresse,latitude,longitude,luminosite,agglomeration,intersection,meteo,collision,nb_vehicules,nb_usagers,nb_indemnes,nb_tues,nb_blesses_hosp,nb_blesses_legers,age_cond_1,age_cond_2,veh_type_cond_1,veh_type_cond_2,lum_code,agg_code,int_code,atm_code,col_code
201600009844,0016-02-13 21:45:00,16,2,13,21,45,450,226,RTE SULLY,47.79189,2.25122,Nuit avec éclairage allumé,En agglomération,Hors intersection,Pluie légère,Autre collision,,,,,,,,,,,5,2,1,2,6.0
201600009845,0016-09-28 17:45:00,16,9,28,17,45,450,311,RTE CHATEAUNEUF/RTE JARG,47.83467,2.22499,Plein jour,En agglomération,Intersection en T,Normale,Deux véhicules - côté,,,,,,,,,,,1,2,3,1,3.0
201600009846,0016-11-10 23:15:00,16,11,10,23,15,450,173,,47.85021,2.14674,Nuit sans éclairage public,Hors agglomération,Hors intersection,Pluie légère,Autre collision,,,,,,,,,,,3,1,1,2,6.0
201600009847,0016-11-21 07:45:00,16,11,21,7,45,450,173,32 RTE ORLEANS,47.86144,2.10989,Crépuscule ou aube,En agglomération,Hors intersection,Normale,Deux véhicules - arrière,,,,,,,,,,,2,2,1,1,2.0
201600009848,0016-12-13 23:45:00,16,12,13,23,45,450,335,,,,Nuit sans éclairage public,Hors agglomération,Hors intersection,Normale,Sans collision,,,,,,,,,,,3,1,1,1,7.0
201600009849,0016-03-06 13:00:00,16,3,6,13,0,450,179,D 951/ACCES ZI,47.75288,1.67009,Plein jour,En agglomération,Intersection en T,Normale,Deux véhicules - côté,,,,,,,,,,,1,2,3,1,3.0
201600009850,0016-06-15 09:45:00,16,6,15,9,45,450,59,,,,Plein jour,Hors agglomération,Hors intersection,Normale,Deux véhicules - côté,,,,,,,,,,,1,1,1,1,3.0
201600009851,0016-06-24 14:00:00,16,6,24,14,0,450,203,D 3/RTE AUNAY,47.85682,1.70615,Plein jour,Hors agglomération,Intersection en T,Normale,Deux véhicules - côté,,,,,,,,,,,1,1,3,1,3.0
201600009852,0016-12-02 21:45:00,16,12,2,21,45,450,337,,48.02836,1.55327,Nuit sans éclairage public,Hors agglomération,Hors intersection,Normale,Deux véhicules - côté,,,,,,,,,,,3,1,1,1,3.0
201600009853,0016-02-17 10:00:00,16,2,17,10,0,450,155,D 941/D 951,47.68113,2.63005,Plein jour,En agglomération,Intersection en X,Normale,Autre collision,,,,,,,,,,,1,2,2,1,6.0
201600009854,0016-03-03 18:00:00,16,3,3,18,0,450,155,RDPT D 940,,,Plein jour,En agglomération,Giratoire,Normale,Deux véhicules - côté,,,,,,,,,,,1,2,6,1,3.0
201600009855,0016-06-15 07:30:00,16,6,15,7,30,450,155,,47.69625,2.65053,Plein jour,Hors agglomération,Hors intersection,Pluie légère,Deux véhicules - frontale,,,,,,,,,,,1,1,1,2,1.0
201600009856,0016-06-28 17:30:00,16,6,28,17,30,450,108,,47.62541,2.50301,Plein jour,Hors agglomération,Hors intersection,Normale,Autre collision,,,,,,,,,,,1,1,1,1,6.0
201600009857,0016-07-13 12:30:00,16,7,13,12,30,450,155,,47.71309,2.61416,Plein jour,Hors agglomération,Hors intersection,Temps couvert,Autre collision,,,,,,,,,,,1,1,1,8,6.0
201600009858,0016-07-18 13:45:00,16,7,18,13,45,450,155,,47.69672,2.64992,Plein jour,Hors agglomération,Hors intersection,Normale,Deux véhicules - frontale,,,,,,,,,,,1,1,1,1,1.0
201600009859,0016-07-23 22:45:00,16,7,23,22,45,450,291,LE GRAND VALOT,47.63745,2.63933,Nuit sans éclairage public,Hors agglomération,Hors intersection,Normale,Autre collision,,,,,,,,,,,3,1,1,1,6.0
201600009860,0016-09-15 06:15:00,16,9,15,6,15,450,291,,47.6721,2.64638,Nuit sans éclairage public,Hors agglomération,Hors intersection,Pluie légère,Autre collision,,,,,,,,,,,3,1,1,2,6.0
201600009861,0016-11-13 18:00:00,16,11,13,18,0,450,155,,,,Nuit avec éclairage allumé,Hors agglomération,Intersection en X,Pluie légère,Deux véhicules - côté,,,,,,,,,,,5,1,2,2,3.0
201600009862,0016-11-17 03:30:00,16,11,17,3,30,450,291,,47.67583,2.64193,Nuit sans éclairage public,Hors agglomération,Hors intersection,Pluie légère,Autre collision,,,,,,,,,,,3,1,1,2,6.0
201600009863,0016-11-23 15:00:00,16,11,23,15,0,450,155,R YSER,47.69269,2.63348,Plein jour,En agglomération,Hors intersection,Normale,Autre collision,,,,,,,,,,,1,2,1,1,6.0
201600009864,0016-12-23 17:30:00,16,12,23,17,30,450,108,,47.58339,2.48639,Nuit sans éclairage public,Hors agglomération,Hors intersection,Normale,Deux véhicules - frontale,,,,,,,,,,,3,1,1,1,1.0
201600009865,0016-12-29 20:45:00,16,12,29,20,45,450,108,18 RTE CERDON,47.62522,2.49011,Nuit avec éclairage allumé,En agglomération,Hors intersection,Brouillard / fumée,Autre collision,,,,,,,,,,,5,2,1,5,6.0
201600009866,0016-04-28 07:15:00,16,4,28,7,15,450,87,RTE DE GIEN,47.59527,2.75565,Crépuscule ou aube,En agglomération,Hors intersection,Normale,Deux véhicules - frontale,,,,,,,,,,,2,2,1,1,1.0
201600009867,0016-11-18 07:30:00,16,11,18,7,30,450,53,,47.65405,2.72209,Crépuscule ou aube,Hors agglomération,Hors intersection,Pluie légère,Deux véhicules - côté,,,,,,,,,,,2,1,1,2,3.0
201600009868,0016-11-29 08:00:00,16,11,29,8,0,450,87,,,,Crépuscule ou aube,Hors agglomération,Hors intersection,Normale,Sans collision,,,,,,,,,,,2,1,1,1,7.0
201600009869,0016-01-15 16:00:00,16,1,15,16,0,450,315,D 59/D 320,47.72997,2.34702,Plein jour,Hors agglomération,Intersection en X,Temps éblouissant,Deux véhicules - côté,,,,,,,,,,,1,1,2,7,3.0
201600009870,0016-02-29 07:00:00,16,2,29,7,0,450,51,,47.83596,2.35381,Crépuscule ou aube,Hors agglomération,Hors intersection,Normale,Trois véhicules et plus - collisions multiples,,,,,,,,,,,2,1,1,1,5.0
201600009871,0016-03-12 16:00:00,16,3,12,16,0,450,340,MARCON,47.66257,2.34832,Plein jour,Hors agglomération,Hors intersection,Normale,Autre collision,,,,,,,,,,,1,1,1,1,6.0
201600009872,0016-04-07 09:00:00,16,4,7,9,0,450,268,35 R UE DE VILLEMURLIN,47.73924,2.43666,Plein jour,En agglomération,Hors intersection,Normale,Autre collision,,,,,,,,,,,1,2,1,1,6.0
201600009873,0016-04-11 13:00:00,16,4,11,13,0,450,244,,47.76915,2.44299,Plein jour,Hors agglomération,Hors intersection,Pluie légère,Deux véhicules - frontale,,,,,,,,,,,1,1,1,2,1.0
201600009874,0016-04-12 18:15:00,16,4,12,18,15,450,270,RTE ST AIGNAN,47.82049,2.31872,Plein jour,Hors agglomération,Hors intersection,Normale,Deux véhicules - côté,,,,,,,,,,,1,1,1,1,3.0
201600009875,0016-05-26 02:15:00,16,5,26,2,15,450,122,,47.75724,2.52856,Nuit sans éclairage public,Hors agglomération,Hors intersection,Normale,Autre collision,,,,,,,,,,,3,1,1,1,6.0
201600009876,0016-06-06 07:00:00,16,6,6,7,0,450,340,LE RIDEAU,47.70743,2.3672,Crépuscule ou aube,Hors agglomération,Hors intersection,Brouillard / fumée,Deux véhicules - arrière,,,,,,,,,,,2,1,1,5,2.0
201600009877,0016-06-23 05:30:00,16,6,23,5,30,450,336,,47.73477,2.28246,Plein jour,Hors agglomération,Hors intersection,Brouillard / fumée,Autre collision,,,,,,,,,,,1,1,1,5,6.0
201600009878,0016-07-14 07:30:00,16,7,14,7,30,450,184,,47.72037,2.50775,Plein jour,Hors agglomération,Hors intersection,Normale,Autre collision,,,,,,,,,,,1,1,1,1,6.0
201600009879,0016-07-22 16:30:00,16,7,22,16,30,450,63,,47.63655,2.42022,Plein jour,Hors agglomération,Hors intersection,Normale,Deux véhicules - frontale,,,,,,,,,,,1,1,1,1,1.0
201600009880,0016-07-30 17:15:00,16,7,30,17,15,450,63,,47.63671,2.44837,Plein jour,Hors agglomération,Intersection en X,Temps éblouissant,Deux véhicules - côté,,,,,,,,,,,1,1,2,7,3.0
201600009881,0016-12-03 19:15:00,16,12,3,19,15,450,315,,,,Nuit sans éclairage public,Hors agglomération,Hors intersection,Normale,Sans collision,,,,,,,,,,,3,1,1,1,7.0
201600009882,0016-12-11 06:30:00,16,12,11,6,30,450,63,,47.59741,2.39826,Nuit sans éclairage public,Hors agglomération,Hors intersection,Pluie légère,Autre collision,,,,,,,,,,,3,1,1,2,6.0
201600009883,0016-12-14 19:30:00,16,12,14,19,30,450,164,45 RUE DU VAL,,,Nuit sans éclairage public,En agglomération,Hors intersection,Normale,Deux véhicules - côté,,,,,,,,,,,3,2,1,1,3.0
201600009884,0016-12-21 12:15:00,16,12,21,12,15,450,315,22 R GRAND SULLY,47.76606,2.37431,Plein jour,En agglomération,Hors intersection,Normale,Deux véhicules - arrière,,,,,,,,,,,1,2,1,1,2.0
201600009885,0016-12-31 14:30:00,16,12,31,14,30,450,244,,47.76937,2.44044,Plein jour,Hors agglomération,Hors intersection,Brouillard / fumée,Autre collision,,,,,,,,,,,1,1,1,5,6.0
201600009886,0016-01-28 23:30:00,16,1,28,23,30,450,247,,48.00098,2.67859,Nuit sans éclairage public,Hors agglomération,Hors intersection,Normale,Autre collision,,,,,,,,,,,3,1,1,1,6.0
201600009887,0016-02-01 16:00:00,16,2,1,16,0,450,345,LES BUGES,47.93579,2.67228,Plein jour,Hors agglomération,Hors intersection,Normale,Deux véhicules - frontale,,,,,,,,,,,1,1,1,1,1.0
201600009888,0016-02-05 17:00:00,16,2,5,17,0,450,239,,47.89928,2.61151,Plein jour,Hors agglomération,Hors intersection,Normale,Autre collision,,,,,,,,,,,1,1,1,1,6.0
201600009889,0016-02-06 20:00:00,16,2,6,20,0,450,256,RTE CHEVALLERIE,47.96819,2.56503,Nuit sans éclairage public,Hors agglomération,Hors intersection,Normale,Autre collision,,,,,,,,,,,3,1,1,1,6.0
201600009890,0016-03-28 06:45:00,16,3,28,6,45,450,322,,48.01816,2.88372,Crépuscule ou aube,Hors agglomération,Hors intersection,Pluie légère,Autre collision,,,,,,,,,,,2,1,1,2,6.0
201600009891,0016-06-20 05:30:00,16,6,20,5,30,450,329,LES PLANTES,47.94226,2.99501,Crépuscule ou aube,En agglomération,Hors intersection,Normale,Autre collision,,,,,,,,,,,2,2,1,1,6.0
201600009892,0016-07-07 18:45:00,16,7,7,18,45,450,211,LES JOIGNEAUX,,,Plein jour,Hors agglomération,Intersection en X,Normale,Deux véhicules - côté,,,,,,,,,,,1,1,2,1,3.0
201600009893,0016-07-10 12:15:00,16,7,10,12,15,450,113,D 32/D332,48.05531,2.93712,Plein jour,Hors agglomération,Intersection en X,Normale,Deux véhicules - côté,,,,,,,,,,,1,1,2,1,3.0
201600009894,0016-08-22 20:15:00,16,8,22,20,15,450,275,D 36/MARE AUX TILLEULS,47.96293,2.91191,Plein jour,Hors agglomération,Intersection en T,Normale,Deux véhicules - côté,,,,,,,,,,,1,1,3,1,3.0
201600009895,0016-08-28 18:00:00,16,8,28,18,0,450,129,,,,Plein jour,Hors agglomération,Hors intersection,Normale,Sans collision,,,,,,,,,,,1,1,1,1,7.0
201600009896,0016-10-01 20:00:00,16,10,1,20,0,450,279,20 AV ST THIBAULT,47.95242,2.85305,Nuit avec éclairage allumé,En agglomération,Hors intersection,Normale,Trois véhicules et plus - collisions multiples,,,,,,,,,,,5,2,1,1,5.0
201600009897,0016-10-04 14:30:00,16,10,4,14,30,450,250,,,,Plein jour,Hors agglomération,Hors intersection,Normale,Sans collision,,,,,,,,,,,1,1,1,1,7.0
201600009898,0016-03-06 16:15:00,16,3,6,16,15,450,77,,47.85823,2.85812,Plein jour,Hors agglomération,Hors intersection,Normale,Sans collision,,,,,,,,,,,1,1,1,1,7.0
201600009899,0016-09-29 11:00:00,16,9,29,11,0,450,312,,47.90582,2.73302,Plein jour,Hors agglomération,Intersection en X,Normale,Trois véhicules et plus - collisions multiples,,,,,,,,,,,1,1,2,1,5.0
201600009900,0016-10-10 08:45:00,16,10,10,8,45,450,85,D 37/VC,47.83563,2.84989,Plein jour,Hors agglomération,Intersection en X,Normale,Deux véhicules - côté,,,,,,,,,,,1,1,2,1,3.0
201600009901,0016-12-16 16:30:00,16,12,16,16,30,450,210,,,,Plein jour,En agglomération,Hors intersection,Normale,Autre collision,,,,,,,,,,,1,2,1,1,6.0
201600009902,0016-01-10 16:00:00,16,1,10,16,0,450,343,LES RENARDS,48.03889,2.63634,Plein jour,Hors agglomération,Intersection en X,Pluie légère,Deux véhicules - côté,,,,,,,,,,,1,1,2,2,3.0
201600009903,0016-01-15 17:15:00,16,1,15,17,15,450,61,,48.04408,2.75487,Plein jour,Hors agglomération,Hors intersection,Neige / grêle,Deux véhicules - frontale,,,,,,,,,,,1,1,1,4,1.0
201600009904,0016-01-24 11:45:00,16,1,24,11,45,450,127,R AMPERE/R CAPIOTERIE,48.14149,2.76697,Plein jour,En agglomération,Intersection en X,Normale,Deux véhicules - côté,,,,,,,,,,,1,2,2,1,3.0
201600009905,0016-06-19 00:01:00,16,6,19,0,1,450,158,46 RUE DE LA GARE,48.04864,2.64874,Nuit avec éclairage allumé,En agglomération,Hors intersection,Normale,Autre collision,,,,,,,,,,,5,2,1,1,6.0
201600009906,0016-08-23 19:45:00,16,8,23,19,45,450,206,5 R DES JUIFS,48.04581,2.62463,Plein jour,En agglomération,Hors intersection,Temps éblouissant,Autre collision,,,,,,,,,,,1,2,1,7,6.0
201600009907,0016-11-30 18:45:00,16,11,30,18,45,450,104,R ROBERT PICHON,48.02836,2.72117,Crépuscule ou aube,En agglomération,Hors intersection,Normale,Autre collision,,,,,,,,,,,2,2,1,1,6.0
201600009908,0016-02-29 18:15:00,16,2,29,18,15,450,293,D 2160/R HUILERIE,47.99515,2.61166,Plein jour,Hors agglomération,Intersection en T,Normale,Deux véhicules - côté,,,,,,,,,,,1,1,3,1,3.0
201600009909,0016-08-23 08:30:00,16,8,23,8,30,450,187,,,,Crépuscule ou aube,Hors agglomération,Hors intersection,Temps éblouissant,Autre collision,,,,,,,,,,,2,1,1,7,6.0
201600009910,0016-02-14 03:30:00,16,2,14,3,30,450,157,,48.15305,2.37521,Nuit sans éclairage public,Hors agglomération,Hors intersection,Pluie légère,Autre collision,,,,,,,,,,,3,1,1,2,6.0
201600009911,0016-06-08 07:45:00,16,6,8,7,45,450,137,,48.12658,2.19516,Plein jour,Hors agglomération,Hors intersection,Brouillard / fumée,Deux véhicules - arrière,,,,,,,,,,,1,1,1,5,2.0
201600009912,0016-11-04 21:15:00,16,11,4,21,15,450,50,,,,Nuit sans éclairage public,Hors agglomération,Hors intersection,Normale,Deux véhicules - frontale,,,,,,,,,,,3,1,1,1,1.0
201600009913,0016-12-03 14:45:00,16,12,3,14,45,450,157,,,,Plein jour,Hors agglomération,Hors intersection,Normale,Deux véhicules - côté,,,,,,,,,,,1,1,1,1,3.0
201600009914,0016-12-28 18:00:00,16,12,28,18,0,450,119,,,,Nuit sans éclairage public,Hors agglomération,Hors intersection,Normale,Deux véhicules - frontale,,,,,,,,,,,3,1,1,1,1.0
201600009915,0016-02-06 09:45:00,16,2,6,9,45,450,132,D28,48.10565,2.43725,Plein jour,En agglomération,Hors intersection,Normale,Autre collision,,,,,,,,,,,1,2,1,1,6.0
201600009916,0016-03-24 11:45:00,16,3,24,11,45,450,159,,,,Plein jour,Hors agglomération,Hors intersection,Normale,Autre collision,,,,,,,,,,,1,1,1,1,6.0
201600009917,0016-04-10 07:00:00,16,4,10,7,0,450,35,RTE ORLEANS,48.02677,2.36899,Crépuscule ou aube,Hors agglomération,Hors intersection,Brouillard / fumée,Autre collision,,,,,,,,,,,2,1,1,5,6.0
201600009918,0016-04-17 08:45:00,16,4,17,8,45,450,258,,48.20283,2.48132,Plein jour,Hors agglomération,Hors intersection,Normale,Autre collision,,,,,,,,,,,1,1,1,1,6.0
201600009919,0016-12-21 09:30:00,16,12,21,9,30,450,30,,,,Plein jour,Hors agglomération,Hors intersection,Normale,Deux véhicules - frontale,,,,,,,,,,,1,1,1,1,1.0
201600009920,0016-01-22 08:00:00,16,1,22,8,0,450,236,,48.29629,2.36442,Plein jour,Hors agglomération,Hors intersection,Temps couvert,Sans collision,,,,,,,,,,,1,1,1,8,7.0
201600009921,0016-05-13 15:45:00,16,5,13,15,45,450,191,50 R DE BOIGNEVILLE,48.30001,2.40727,Plein jour,En agglomération,Hors intersection,Normale,Autre collision,,,,,,,,,,,1,2,1,1,6.0
201600009922,0016-09-14 22:25:00,16,9,14,22,25,450,198,,48.21492,2.30077,Nuit sans éclairage public,Hors agglomération,Hors intersection,Pluie forte,Deux véhicules - frontale,,,,,,,,,,,3,1,1,3,1.0
201600009923,0016-04-28 07:45:00,16,4,28,7,45,180,125,,,,Plein jour,Hors agglomération,Hors intersection,Normale,Deux véhicules - côté,,,,,,,,,,,1,1,1,1,3.0
201600009924,0016-06-05 10:45:00,16,6,5,10,45,180,84,,47.4559,2.59789,Plein jour,Hors agglomération,Hors intersection,Pluie légère,Sans collision,,,,,,,,,,,1,1,1,2,7.0
201600009925,0016-08-05 19:15:00,16,8,5,19,15,180,144,,,,Plein jour,Hors agglomération,Hors intersection,Normale,Deux véhicules - frontale,,,,,,,,,,,1,1,1,1,1.0
201600009926,0016-09-03 06:00:00,16,9,3,6,0,180,241,,47.32452,2.82414,Nuit sans éclairage public,Hors agglomération,Hors intersection,Normale,Autre collision,,,,,,,,,,,3,1,1,1,6.0
201600009927,0016-09-24 06:00:00,16,9,24,6,0,180,272,,47.26905,2.72931,Nuit sans éclairage public,Hors agglomération,Hors intersection,Normale,Sans collision,,,,,,,,,,,3,1,1,1,7.0
201600009928,0016-12-11 16:00:00,16,12,11,16,0,180,116,,,,Plein jour,Hors agglomération,Intersection en X,Temps couvert,Deux véhicules - côté,,,,,,,,,,,1,1,2,8,3.0
201600009929,0016-02-13 00:30:00,16,2,13,0,30,180,38,,46.7553,2.45094,Nuit sans éclairage public,Hors agglomération,Hors intersection,Temps couvert,Deux véhicules - côté,,,,,,,,,,,3,1,1,8,3.0
201600009930,0016-06-04 18:00:00,16,6,4,18,0,180,197,Rue Anatole FRANCE,46.72015,2.50011,Plein jour,En agglomération,Intersection en T,Normale,Deux véhicules - côté,,,,,,,,,,,1,2,3,1,3.0
201600009931,0016-07-17 19:00:00,16,7,17,19,0,180,197,,46.71539,2.53091,Plein jour,Hors agglomération,Hors intersection,Normale,Deux véhicules - côté,,,,,,,,,,,1,1,1,1,3.0
201600009932,0016-08-27 23:45:00,16,8,27,23,45,180,38,,,,Nuit avec éclairage allumé,En agglomération,Hors intersection,Normale,Autre collision,,,,,,,,,,,5,2,1,1,6.0
201600009933,0016-08-31 18:00:00,16,8,31,18,0,180,38,rue du pont,46.76713,2.42621,Plein jour,En agglomération,Hors intersection,Normale,Autre collision,,,,,,,,,,,1,2,1,1,6.0
201600009934,0016-11-01 13:15:00,16,11,1,13,15,180,197,,46.72944,2.49638,Plein jour,En agglomération,Giratoire,Normale,Autre collision,,,,,,,,,,,1,2,6,1,6.0
201600009935,0016-10-31 16:30:00,16,10,31,16,30,180,180,,47.03744,2.43956,Plein jour,Hors agglomération,Hors intersection,Normale,Deux véhicules - frontale,,,,,,,,,,,1,1,1,1,1.0
201600009936,0016-05-13 13:00:00,16,5,13,13,0,180,31,D2076/Les bourbonneries,,,Plein jour,Hors agglomération,Intersection en T,Pluie légère,Deux véhicules - côté,,,,,,,,,,,1,1,3,2,3.0
201600009937,0016-06-12 12:00:00,16,6,12,12,0,180,31,route de bourges,46.89824,2.72445,Plein jour,En agglomération,Hors intersection,Normale,Autre collision,,,,,,,,,,,1,2,1,1,6.0
201600009938,0016-07-21 14:30:00,16,7,21,14,30,180,242,,46.84237,2.93649,Plein jour,Hors agglomération,Hors intersection,Normale,Deux véhicules - côté,,,,,,,,,,,1,1,1,1,3.0
201600009939,0016-08-03 07:15:00,16,8,3,7,15,180,155,,,,Crépuscule ou aube,Hors agglomération,Hors intersection,Normale,Autre collision,,,,,,,,,,,2,1,1,1,6.0
201600009940,0016-08-22 16:00:00,16,8,22,16,0,180,175,Grande rue,,,Plein jour,En agglomération,Hors intersection,Normale,Deux véhicules - côté,,,,,,,,,,,1,2,1,1,3.0
201600009941,0016-08-30 10:45:00,16,8,30,10,45,180,108,ruze henri barbusse,,,Plein jour,En agglomération,Hors intersection,Normale,Autre collision,,,,,,,,,,,1,2,1,1,6.0
201600009942,0016-09-07 16:15:00,16,9,7,16,15,180,242,,46.83293,2.95778,Plein jour,Hors agglomération,Hors intersection,Normale,Deux véhicules - arrière,,,,,,,,,,,1,1,1,1,2.0
201600009943,0016-09-19 19:30:00,16,9,19,19,30,180,164,,46.8431,2.98189,Crépuscule ou aube,Hors agglomération,Intersection en X,Normale,Sans collision,,,,,,,,,,,2,1,2,1,7.0
201600009944,0016-11-03 07:15:00,16,11,3,7,15,180,48,,46.92967,2.94821,Crépuscule ou aube,Hors agglomération,Hors intersection,Brouillard / fumée,Autre collision,,,,,,,,,,,2,1,1,5,6.0
201600009945,0016-11-20 04:30:00,16,11,20,4,30,180,160,,47.01028,2.87837,Nuit sans éclairage public,Hors agglomération,Hors intersection,Normale,Autre collision,,,,,,,,,,,3,1,1,1,6.0
201600009946,0016-11-25 08:15:00,16,11,25,8,15,180,242,,46.81158,2.9103,Plein jour,Hors agglomération,Hors intersection,Pluie légère,Sans collision,,,,,,,,,,,1,1,1,2,7.0
201600009947,0016-12-07 08:00:00,16,12,7,8,0,180,160,,,,Crépuscule ou aube,Hors agglomération,Hors intersection,Normale,Deux véhicules - frontale,,,,,,,,,,,2,1,1,1,1.0
201600009948,0016-05-21 11:30:00,16,5,21,11,30,180,290,,47.278,2.206,Plein jour,Hors agglomération,Hors intersection,Normale,Deux véhicules - arrière,,,,,,,,,,,1,1,1,1,2.0
201600009949,0016-04-11 13:30:00,16,4,11,13,30,180,138,,,,Plein jour,Hors agglomération,Intersection en X,Normale,Deux véhicules - côté,,,,,,,,,,,1,1,2,1,3.0
201600009950,0016-02-06 19:00:00,16,2,6,19,0,180,190,,,,Nuit sans éclairage public,Hors agglomération,Hors intersection,Normale,Autre collision,,,,,,,,,,,3,1,1,1,6.0
201600009951,0016-11-24 20:30:00,16,11,24,20,30,180,28,,47.10542,2.30775,Nuit sans éclairage public,Hors agglomération,Hors intersection,Normale,Deux véhicules - frontale,,,,,,,,,,,3,1,1,1,1.0
201600009952,0016-01-15 04:15:00,16,1,15,4,15,180,181,,,,Nuit sans éclairage public,En agglomération,Hors intersection,Autre,Autre collision,,,,,,,,,,,3,2,1,9,6.0
201600009953,0016-02-14 08:00:00,16,2,14,8,0,180,157,,47.04186,2.28238,Crépuscule ou aube,Hors agglomération,Hors intersection,Normale,Autre collision,,,,,,,,,,,2,1,1,1,6.0
201600009954,0016-03-25 02:30:00,16,3,25,2,30,180,55,,,,Nuit sans éclairage public,Hors agglomération,Hors intersection,Normale,Autre collision,,,,,,,,,,,3,1,1,1,6.0
201600009955,0016-05-15 11:15:00,16,5,15,11,15,180,157,,,,Plein jour,Hors agglomération,Hors intersection,Normale,Deux véhicules - arrière,,,,,,,,,,,1,1,1,1,2.0
201600009956,0016-09-09 16:00:00,16,9,9,16,0,180,207,,46.99183,2.24379,Plein jour,Hors agglomération,Hors intersection,Normale,Deux véhicules - arrière,,,,,,,,,,,1,1,1,1,2.0
201600009957,0016-10-23 22:45:00,16,10,23,22,45,180,66,,46.97469,2.2287,Nuit sans éclairage public,Hors agglomération,Hors intersection,Pluie légère,Sans collision,,,,,,,,,,,3,1,1,2,7.0
201600009958,0016-11-02 15:00:00,16,11,2,15,0,180,137,,46.86939,2.17277,Plein jour,Hors agglomération,Hors intersection,Temps couvert,Deux véhicules - frontale,,,,,,,,,,,1,1,1,8,1.0
201600009959,0016-11-28 15:30:00,16,11,28,15,30,180,207,avenue gabriel dordain,46.99251,2.44541,Plein jour,En agglomération,Hors intersection,Temps éblouissant,Autre collision,,,,,,,,,,,1,2,1,7,6.0
201600009960,0016-01-09 15:45:00,16,1,9,15,45,280,100,,48.44085,1.35608,Plein jour,Hors agglomération,Hors intersection,Normale,Deux véhicules - arrière,,,,,,,,,,,1,1,1,1,2.0
201600009961,0016-03-16 17:30:00,16,3,16,17,30,280,337,rue charles de gaulle,48.41864,1.35594,Plein jour,En agglomération,Hors intersection,Normale,Deux véhicules - arrière,,,,,,,,,,,1,2,1,1,2.0
201600009962,0016-04-17 16:30:00,16,4,17,16,30,280,278,,48.46687,1.60155,Plein jour,Hors agglomération,Hors intersection,Normale,Deux véhicules - frontale,,,,,,,,,,,1,1,1,1,1.0
201600009963,0016-04-22 12:30:00,16,4,22,12,30,280,201,6 rue de saussay,48.50884,1.54092,Plein jour,En agglomération,Hors intersection,Pluie légère,Sans collision,,,,,,,,,,,1,2,1,2,7.0
201600009964,0016-05-02 20:00:00,16,5,2,20,0,280,22,RD 939,48.49019,1.38316,Plein jour,Hors agglomération,Hors intersection,Normale,Autre collision,,,,,,,,,,,1,1,1,1,6.0
201600009965,0016-05-08 17:00:00,16,5,8,17,0,280,104,rue Charles Péguy,48.49122,1.59026,Plein jour,Hors agglomération,Hors intersection,Normale,Deux véhicules - frontale,,,,,,,,,,,1,1,1,1,1.0
201600009966,0016-05-11 07:20:00,16,5,11,7,20,280,6,,48.43677,1.42371,Crépuscule ou aube,Hors agglomération,Hors intersection,Brouillard / fumée,Deux véhicules - arrière,,,,,,,,,,,2,1,1,5,2.0
201600009967,0016-06-25 16:45:00,16,6,25,16,45,280,22,,48.47573,1.40821,Plein jour,Hors agglomération,Intersection en T,Temps éblouissant,Deux véhicules - côté,,,,,,,,,,,1,1,3,7,3.0
201600009968,0016-07-10 10:15:00,16,7,10,10,15,280,358,,48.52727,1.56778,Plein jour,Hors agglomération,Hors intersection,Temps éblouissant,Deux véhicules - arrière,,,,,,,,,,,1,1,1,7,2.0
201600009969,0016-08-07 05:30:00,16,8,7,5,30,280,6,,48.43564,1.41492,Crépuscule ou aube,Hors agglomération,Hors intersection,Normale,Deux véhicules - frontale,,,,,,,,,,,2,1,1,1,1.0
201600009970,0016-08-25 12:15:00,16,8,25,12,15,280,358,,48.49502,1.49601,Plein jour,Hors agglomération,Intersection en X,Normale,Deux véhicules - côté,,,,,,,,,,,1,1,2,1,3.0
201600009971,0016-08-27 16:30:00,16,8,27,16,30,280,278,,48.46629,1.59877,Plein jour,Hors agglomération,Hors intersection,Normale,Deux véhicules - frontale,,,,,,,,,,,1,1,1,1,1.0
201600009972,0016-09-08 14:30:00,16,9,8,14,30,280,358,,48.49503,1.49601,Plein jour,Hors agglomération,Intersection en T,Normale,Deux véhicules - côté,,,,,,,,,,,1,1,3,1,3.0
201600009973,0016-09-11 17:15:00,16,9,11,17,15,280,122,23 RUE HAIE AUX CHATS,48.33025,1.51536,Plein jour,En agglomération,Hors intersection,Normale,Autre collision,,,,,,,,,,,1,2,1,1,6.0
201600009974,0016-10-07 00:30:00,16,10,7,0,30,280,358,,,,Nuit sans éclairage public,Hors agglomération,Hors intersection,Normale,Autre collision,,,,,,,,,,,3,1,1,1,6.0