accident_id,datetime,annee,mois,jour,heure,minute,departement,commune_insee,adresse,latitude,longitude,luminosite,agglomeration,intersection,meteo,collision,nb_vehicules,nb_usagers,nb_indemnes,nb_tues,nb_blesses_hosp,nb_blesses_legers,age_cond_1,age_cond_2,veh_type_cond_1,veh_type_cond_2,lum_code,agg_code,int_code,atm_code,col_code
201600010109,0016-09-23 15:30:00,16,9,23,15,30,360,221,,,,Plein jour,Hors agglomération,Hors intersection,Normale,Deux véhicules - frontale,,,,,,,,,,,1,1,1,1,1.0
201600010110,0016-10-04 11:15:00,16,10,4,11,15,360,214,,,,Plein jour,Hors agglomération,Hors intersection,Normale,Deux véhicules - frontale,,,,,,,,,,,1,1,1,1,1.0
201600010111,0016-10-19 14:00:00,16,10,19,14,0,360,46,,,,Plein jour,En agglomération,Hors intersection,Normale,Deux véhicules - côté,,,,,,,,,,,1,2,1,1,3.0
201600010112,0016-11-18 18:00:00,16,11,18,18,0,360,46,LIEU DIT BELLE PLACE,46.5649,1.982,Nuit avec éclairage allumé,En agglomération,Hors intersection,Pluie légère,Trois véhicules et plus - collisions multiples,,,,,,,,,,,5,2,1,2,5.0
201600010113,0016-12-11 05:00:00,16,12,11,5,0,360,143,,,,Nuit sans éclairage public,Hors agglomération,Hors intersection,Normale,Sans collision,,,,,,,,,,,3,1,1,1,7.0
201600010114,0016-02-22 18:45:00,16,2,22,18,45,360,9,,46.7203,1.71594,Nuit sans éclairage public,Hors agglomération,Hors intersection,Pluie légère,Deux véhicules - frontale,,,,,,,,,,,3,1,1,2,1.0
201600010115,0016-03-13 21:00:00,16,3,13,21,0,360,56,,46.5387,1.73832,Nuit sans éclairage public,Hors agglomération,Hors intersection,Normale,Autre collision,,,,,,,,,,,3,1,1,1,6.0
201600010116,0016-09-11 16:45:00,16,9,11,16,45,360,5,RUE VICTOR HUGO,,,Plein jour,En agglomération,Hors intersection,Normale,Deux véhicules - côté,,,,,,,,,,,1,2,1,1,3.0
201600010117,0016-02-25 16:15:00,16,2,25,16,15,360,171,,,,Plein jour,Hors agglomération,Hors intersection,Normale,Autre collision,,,,,,,,,,,1,1,1,1,6.0
201600010118,0016-03-06 08:00:00,16,3,6,8,0,360,190,,46.869,1.892,Plein jour,Hors agglomération,Hors intersection,Normale,Autre collision,,,,,,,,,,,1,1,1,1,6.0
201600010119,0016-03-12 14:15:00,16,3,12,14,15,360,140,27 RUE DE LA GARE,46.8851,1.86183,Plein jour,En agglomération,Hors intersection,Normale,Deux véhicules - frontale,,,,,,,,,,,1,2,1,1,1.0
201600010120,0016-03-28 16:30:00,16,3,28,16,30,360,98,,46.9841,1.93025,Plein jour,Hors agglomération,Hors intersection,Vent fort / tempête,Sans collision,,,,,,,,,,,1,1,1,6,7.0
201600010121,0016-04-27 07:30:00,16,4,27,7,30,360,88,RUE DES ALOUETTES,46.948,1.984,Plein jour,En agglomération,Hors intersection,Normale,Autre collision,,,,,,,,,,,1,2,1,1,6.0
201600010122,0016-08-15 22:45:00,16,8,15,22,45,360,37,,,,Nuit sans éclairage public,Hors agglomération,Hors intersection,Normale,Autre collision,,,,,,,,,,,3,1,1,1,6.0
201600010123,0016-01-11 07:45:00,16,1,11,7,45,370,3,AVENUE DES MONTILS,,,Nuit avec éclairage allumé,En agglomération,Hors intersection,Pluie forte,Sans collision,,,,,,,,,,,5,2,1,3,7.0
201600010124,0016-01-14 12:30:00,16,1,14,12,30,370,3,PONT DU MARECHAL LECLERC,,,Plein jour,En agglomération,Hors intersection,Normale,Deux véhicules - côté,,,,,,,,,,,1,2,1,1,3.0
201600010125,0016-02-16 16:30:00,16,2,16,16,30,370,3,RUE J J ROUSSEAU,,,Plein jour,En agglomération,Hors intersection,Normale,Autre collision,,,,,,,,,,,1,2,1,1,6.0
201600010126,0016-02-22 17:45:00,16,2,22,17,45,370,3,10 ROUTE DE BLOIS,,,Plein jour,En agglomération,Hors intersection,Normale,Autre collision,,,,,,,,,,,1,2,1,1,6.0
201600010127,0016-04-01 16:45:00,16,4,1,16,45,370,185,,47.436,0.983,Plein jour,Hors agglomération,Hors intersection,Normale,Deux véhicules - arrière,,,,,,,,,,,1,1,1,1,2.0
201600010128,0016-04-19 15:45:00,16,4,19,15,45,370,3,BD  ANATOLE FRANCHE,,,Plein jour,En agglomération,Hors intersection,Normale,Deux véhicules - arrière,,,,,,,,,,,1,2,1,1,2.0
201600010129,0016-06-08 15:00:00,16,6,8,15,0,370,185,,47.438,1.014,Plein jour,Hors agglomération,Hors intersection,Normale,Deux véhicules - côté,,,,,,,,,,,1,1,1,1,3.0
201600010130,0016-06-20 15:15:00,16,6,20,15,15,370,3,BOULEVARD SAINT DENIS,,,Plein jour,En agglomération,Hors intersection,Normale,Deux véhicules - côté,,,,,,,,,,,1,2,1,1,3.0
201600010131,0016-05-06 07:00:00,16,5,6,7,0,370,171,LE GROS ORMEAU,,,Crépuscule ou aube,En agglomération,Hors intersection,Normale,Autre collision,,,,,,,,,,,2,2,1,1,6.0
201600010132,0016-06-27 19:00:00,16,6,27,19,0,370,3,,47.419,1.018,Plein jour,Hors agglomération,Giratoire,Normale,Autre collision,,,,,,,,,,,1,1,6,1,6.0
201600010133,0016-07-10 09:15:00,16,7,10,9,15,370,3,ESPLANADE DU MARCHE,,,Plein jour,En agglomération,Hors intersection,Normale,Deux véhicules - côté,,,,,,,,,,,1,2,1,1,3.0
201600010134,0016-08-04 15:15:00,16,8,4,15,15,370,185,,,,Plein jour,Hors agglomération,Hors intersection,Normale,Deux véhicules - côté,,,,,,,,,,,1,1,1,1,3.0
201600010135,0016-09-09 17:15:00,16,9,9,17,15,370,3,AVENUE DE TOURS,47.419,0.97,Plein jour,En agglomération,Hors intersection,Normale,Autre collision,,,,,,,,,,,1,2,1,1,6.0
201600010136,0016-09-22 06:00:00,16,9,22,6,0,370,3,,47.426,1.00499,Nuit avec éclairage allumé,Hors agglomération,Hors intersection,Normale,Deux véhicules - côté,,,,,,,,,,,5,1,1,1,3.0
201600010137,0016-09-08 17:30:00,16,9,8,17,30,370,3,PONT MARECHAL LECLERC,,,Plein jour,En agglomération,Hors intersection,Normale,Autre collision,,,,,,,,,,,1,2,1,1,6.0
201600010138,0016-10-04 16:55:00,16,10,4,16,55,370,161,RUE DU Gal de Gaulle,47.45266,1.08869,Plein jour,Hors agglomération,Hors intersection,Normale,Autre collision,,,,,,,,,,,1,1,1,1,6.0
201600010139,0016-10-20 13:00:00,16,10,20,13,0,370,131,,47.47083,1.02892,Plein jour,Hors agglomération,Intersection en X,Temps couvert,Deux véhicules - côté,,,,,,,,,,,1,1,2,8,3.0
201600010140,0016-10-22 16:10:00,16,10,22,16,10,370,3,20  QUAI DU GL DE GAULLE,47.41182,0.97937,Plein jour,En agglomération,Hors intersection,Normale,Autre collision,,,,,,,,,,,1,2,1,1,6.0
201600010141,0016-10-28 10:00:00,16,10,28,10,0,370,3,BLD SAINT DENIS HOR,47.39449,0.99615,Plein jour,Hors agglomération,Hors intersection,Brouillard / fumée,Deux véhicules - côté,,,,,,,,,,,1,1,1,5,3.0
201600010142,0016-11-05 18:15:00,16,11,5,18,15,370,230,RUE GENTIL,47.46666,0.99445,Nuit avec éclairage allumé,En agglomération,Intersection en T,Pluie légère,Sans collision,,,,,,,,,,,5,2,3,2,7.0
201600010143,0016-11-14 16:50:00,16,11,14,16,50,370,163,,47.44239,0.95437,Plein jour,Hors agglomération,Hors intersection,Normale,Deux véhicules - côté,,,,,,,,,,,1,1,1,1,3.0
201600010144,0016-11-14 17:55:00,16,11,14,17,55,370,131,,47.47078,1.02891,Crépuscule ou aube,Hors agglomération,Intersection en X,Normale,Deux véhicules - côté,,,,,,,,,,,2,1,2,1,3.0
201600010145,0016-12-01 16:45:00,16,12,1,16,45,370,3,AVENUE DES MONTILS,47.40184,0.98048,Plein jour,En agglomération,Hors intersection,Normale,Deux véhicules - frontale,,,,,,,,,,,1,2,1,1,1.0
201600010146,0016-11-20 05:15:00,16,11,20,5,15,370,43,LIEU DIT LES SAUGES,47.46208,1.08197,Nuit sans éclairage public,Hors agglomération,Hors intersection,Pluie légère,Deux véhicules - frontale,,,,,,,,,,,3,1,1,2,1.0
201600010147,0016-06-13 08:15:00,16,6,13,8,15,370,9,CD31,47.531,0.993,Plein jour,En agglomération,Hors intersection,Temps couvert,Trois véhicules et plus - collisions multiples,,,,,,,,,,,1,2,1,8,5.0
201600010148,0016-08-25 17:45:00,16,8,25,17,45,370,243,17 rte grottes prétrifia,,,Plein jour,En agglomération,Hors intersection,Normale,Deux véhicules - frontale,,,,,,,,,,,1,2,1,1,1.0
201600010149,0016-01-01 00:15:00,16,1,1,0,15,370,217,83 QUAI DE LA LOIRE,,,Nuit sans éclairage public,En agglomération,Hors intersection,Temps couvert,Autre collision,,,,,,,,,,,3,2,1,8,6.0
201600010150,0016-04-07 14:45:00,16,4,7,14,45,370,55,,,,Plein jour,Hors agglomération,Hors intersection,Normale,Sans collision,,,,,,,,,,,1,1,1,1,7.0
201600010151,0016-06-24 09:30:00,16,6,24,9,30,370,109,LES GALARDONS,47.427,0.568,Plein jour,Hors agglomération,Intersection en X,Normale,Deux véhicules - côté,,,,,,,,,,,1,1,2,1,3.0
201600010152,0016-07-08 17:00:00,16,7,8,17,0,370,2,,,,Plein jour,Hors agglomération,Hors intersection,Normale,Autre collision,,,,,,,,,,,1,1,1,1,6.0
201600010153,0016-07-14 09:00:00,16,7,14,9,0,370,139,,,,Plein jour,Hors agglomération,Hors intersection,Normale,Autre collision,,,,,,,,,,,1,1,1,1,6.0
201600010154,0016-07-22 19:45:00,16,7,22,19,45,370,81,,47.444,0.345,Plein jour,Hors agglomération,Hors intersection,Normale,Autre collision,,,,,,,,,,,1,1,1,1,6.0
201600010155,0016-08-14 06:00:00,16,8,14,6,0,370,2,,47.442,0.427,Crépuscule ou aube,Hors agglomération,Hors intersection,Normale,Sans collision,,,,,,,,,,,2,1,1,1,7.0
201600010156,0016-09-24 10:45:00,16,9,24,10,45,370,109,LA BUTTE,,,Plein jour,Hors agglomération,Hors intersection,Normale,Trois véhicules et plus - collisions multiples,,,,,,,,,,,1,1,1,1,5.0
201600010157,0016-01-15 22:15:00,16,1,15,22,15,370,245,,47.513,0.595,Nuit sans éclairage public,Hors agglomération,Intersection en X,Normale,Deux véhicules - frontale,,,,,,,,,,,3,1,2,1,1.0
201600010158,0016-06-26 19:30:00,16,6,26,19,30,370,170,LA FROGERIE,47.631,0.576,Plein jour,Hors agglomération,Hors intersection,Normale,Autre collision,,,,,,,,,,,1,1,1,1,6.0
201600010159,0016-09-15 10:00:00,16,9,15,10,0,370,59,,47.463,0.58,Plein jour,Hors agglomération,Hors intersection,Normale,Deux véhicules - frontale,,,,,,,,,,,1,1,1,1,1.0
201600010160,0016-05-29 18:30:00,16,5,29,18,30,370,169,,47.61,0.921,Crépuscule ou aube,Hors agglomération,Hors intersection,Pluie légère,Deux véhicules - frontale,,,,,,,,,,,2,1,1,2,1.0
201600010161,0016-06-17 10:45:00,16,6,17,10,45,370,153,,,,Plein jour,Hors agglomération,Hors intersection,Normale,Deux véhicules - arrière,,,,,,,,,,,1,1,1,1,2.0
201600010162,0016-07-10 03:00:00,16,7,10,3,0,370,9,41 BD DU GAL DE GAULLE,,,Nuit sans éclairage public,En agglomération,Hors intersection,Normale,Autre collision,,,,,,,,,,,3,2,1,1,6.0
201600010163,0016-09-15 18:15:00,16,9,15,18,15,370,281,AVENUE LEON BRULE,47.415,0.799,Plein jour,En agglomération,Hors intersection,Normale,Deux véhicules - côté,,,,,,,,,,,1,2,1,1,3.0
201600010164,0016-09-24 01:30:00,16,9,24,1,30,370,240,,47.606,0.948,Nuit sans éclairage public,Hors agglomération,Hors intersection,Normale,Sans collision,,,,,,,,,,,3,1,1,1,7.0
201600010165,0016-01-06 20:15:00,16,1,6,20,15,370,72,179 ROUTE DE SAUMUR,,,Nuit sans éclairage public,Hors agglomération,Hors intersection,Normale,Autre collision,,,,,,,,,,,3,1,1,1,6.0
201600010166,0016-02-03 17:15:00,16,2,3,17,15,370,242,,47.231,0.118,Plein jour,Hors agglomération,Hors intersection,Normale,Trois véhicules et plus - collisions multiples,,,,,,,,,,,1,1,1,1,5.0
201600010167,0016-02-05 13:15:00,16,2,5,13,15,370,58,7 RUE DE LA PERICHETTE,,,Plein jour,Hors agglomération,Hors intersection,Normale,Deux véhicules - frontale,,,,,,,,,,,1,1,1,1,1.0
201600010168,0016-02-29 02:30:00,16,2,29,2,30,370,31,LIEUDIT POT BLANC,47.316,0.192,Nuit sans éclairage public,Hors agglomération,Hors intersection,Normale,Autre collision,,,,,,,,,,,3,1,1,1,6.0
201600010169,0016-04-08 15:15:00,16,4,8,15,15,370,120,,,,Plein jour,Hors agglomération,Hors intersection,Normale,Deux véhicules - arrière,,,,,,,,,,,1,1,1,1,2.0
201600010170,0016-04-24 10:15:00,16,4,24,10,15,370,248,ROUTE  DE LERNE,,,Plein jour,En agglomération,Hors intersection,Normale,Autre collision,,,,,,,,,,,1,2,1,1,6.0
201600010171,0016-05-26 15:15:00,16,5,26,15,15,370,72,ROUTE DE MARCAY,,,Plein jour,Hors agglomération,Hors intersection,Normale,Deux véhicules - frontale,,,,,,,,,,,1,1,1,1,1.0
201600010172,0016-06-05 15:45:00,16,6,5,15,45,370,210,le bourg,47.224,0.32,Plein jour,En agglomération,Hors intersection,Normale,Deux véhicules - frontale,,,,,,,,,,,1,2,1,1,1.0
201600010173,0016-06-19 12:00:00,16,6,19,12,0,370,72,LES PETITES CROIX,,,Plein jour,Hors agglomération,Intersection en X,Normale,Deux véhicules - frontale,,,,,,,,,,,1,1,2,1,1.0
201600010174,0016-09-02 11:30:00,16,9,2,11,30,370,82,,,,Plein jour,Hors agglomération,Hors intersection,Normale,Deux véhicules - côté,,,,,,,,,,,1,1,1,1,3.0
201600010175,0016-09-14 09:30:00,16,9,14,9,30,370,72,avenue francois mitteran,47.172,0.234,Plein jour,En agglomération,Hors intersection,Normale,Deux véhicules - frontale,,,,,,,,,,,1,2,1,1,1.0
201600010176,0016-09-21 17:45:00,16,9,21,17,45,370,22,rue du parc,,,Plein jour,En agglomération,Hors intersection,Normale,Deux véhicules - arrière,,,,,,,,,,,1,2,1,1,2.0
201600010177,0016-01-26 08:00:00,16,1,26,8,0,370,77,,,,Plein jour,Hors agglomération,Hors intersection,Normale,Sans collision,,,,,,,,,,,1,1,1,1,7.0
201600010178,0016-03-24 13:15:00,16,3,24,13,15,370,123,LA CUEILMINAUT,47.322,0.385,Plein jour,Hors agglomération,Hors intersection,Normale,Trois véhicules et plus - collisions multiples,,,,,,,,,,,1,1,1,1,5.0
201600010179,0016-05-05 17:30:00,16,5,5,17,30,370,123,92  RUE DE NANTES,,,Plein jour,En agglomération,Hors intersection,Normale,Sans collision,,,,,,,,,,,1,2,1,1,7.0
201600010180,0016-05-10 02:45:00,16,5,10,2,45,370,232,101 RUE DOROTHEE DE DINO,47.29,0.302,Nuit sans éclairage public,Hors agglomération,Hors intersection,Normale,Autre collision,,,,,,,,,,,3,1,1,1,6.0
201600010181,0016-06-02 07:15:00,16,6,2,7,15,370,232,,47.29,0.325,Plein jour,Hors agglomération,Hors intersection,Pluie légère,Deux véhicules - frontale,,,,,,,,,,,1,1,1,2,1.0
201600010182,0016-06-19 22:45:00,16,6,19,22,45,370,123,,47.381,0.362,Nuit sans éclairage public,Hors agglomération,Hors intersection,Normale,Autre collision,,,,,,,,,,,3,1,1,1,6.0
201600010183,0016-06-22 12:30:00,16,6,22,12,30,370,14,,,,Plein jour,Hors agglomération,Hors intersection,Pluie forte,Deux véhicules - frontale,,,,,,,,,,,1,1,1,3,1.0
201600010184,0016-01-10 11:30:00,16,1,10,11,30,370,51,,,,Plein jour,Hors agglomération,Hors intersection,Pluie forte,Autre collision,,,,,,,,,,,1,1,1,3,6.0
201600010185,0016-02-04 19:45:00,16,2,4,19,45,370,278,LA CHARBAUDIERE,,,Nuit sans éclairage public,Hors agglomération,Intersection en T,Pluie légère,Deux véhicules - frontale,,,,,,,,,,,3,1,3,2,1.0
201600010186,0016-02-25 17:45:00,16,2,25,17,45,370,256,,,,Plein jour,Hors agglomération,Hors intersection,Normale,Deux véhicules - frontale,,,,,,,,,,,1,1,1,1,1.0
201600010187,0016-04-27 12:15:00,16,4,27,12,15,370,196,,,,Plein jour,Hors agglomération,Hors intersection,Normale,Deux véhicules - côté,,,,,,,,,,,1,1,1,1,3.0
201600010188,0016-05-05 21:45:00,16,5,5,21,45,370,226,,,,Nuit sans éclairage public,Hors agglomération,Hors intersection,Normale,Deux véhicules - frontale,,,,,,,,,,,3,1,1,1,1.0
201600010189,0016-06-09 08:45:00,16,6,9,8,45,370,226,ROUTE DE SEPMES,,,Plein jour,Hors agglomération,Hors intersection,Temps éblouissant,Deux véhicules - frontale,,,,,,,,,,,1,1,1,7,1.0
201600010190,0016-08-15 01:15:00,16,8,15,1,15,370,105,1 RUE GODARD,,,Nuit sans éclairage public,En agglomération,Hors intersection,Normale,Autre collision,,,,,,,,,,,3,2,1,1,6.0
201600010191,0016-08-24 08:15:00,16,8,24,8,15,370,178,,,,Plein jour,Hors agglomération,Hors intersection,Normale,Deux véhicules - frontale,,,,,,,,,,,1,1,1,1,1.0
201600010192,0016-08-30 22:30:00,16,8,30,22,30,370,226,LIEU DIT LA LIBERTE,,,Nuit sans éclairage public,Hors agglomération,Hors intersection,Normale,Autre collision,,,,,,,,,,,3,1,1,1,6.0
201600010193,0016-09-07 13:15:00,16,9,7,13,15,370,216,RUE DE SABLONNEAU,,,Plein jour,Hors agglomération,Hors intersection,Normale,Sans collision,,,,,,,,,,,1,1,1,1,7.0
201600010194,0016-02-18 16:30:00,16,2,18,16,30,370,192,,47.235,0.903,Plein jour,Hors agglomération,Hors intersection,Pluie légère,Deux véhicules - frontale,,,,,,,,,,,1,1,1,2,1.0
201600010195,0016-02-21 20:45:00,16,2,21,20,45,370,127,,47.233,1.093,Nuit sans éclairage public,Hors agglomération,Hors intersection,Normale,Sans collision,,,,,,,,,,,3,1,1,1,7.0
201600010196,0016-05-28 10:15:00,16,5,28,10,15,370,16,LIEU DIT GARENNE,47.2,0.922,Plein jour,Hors agglomération,Hors intersection,Normale,Trois véhicules et plus - collisions multiples,,,,,,,,,,,1,1,1,1,5.0
201600010197,0016-07-19 11:00:00,16,7,19,11,0,370,108,,,,Plein jour,Hors agglomération,Hors intersection,Normale,Deux véhicules - côté,,,,,,,,,,,1,1,1,1,3.0
201600010198,0016-07-25 16:00:00,16,7,25,16,0,370,53,,,,Plein jour,Hors agglomération,Hors intersection,Normale,Deux véhicules - frontale,,,,,,,,,,,1,1,1,1,1.0
201600010199,0016-07-26 19:30:00,16,7,26,19,30,370,53,,,,Plein jour,Hors agglomération,Hors intersection,Normale,Deux véhicules - côté,,,,,,,,,,,1,1,1,1,3.0
201600010200,0016-08-13 09:30:00,16,8,13,9,30,370,157,LIEU DIT LA BOIRE,47.186,1.324,Plein jour,Hors agglomération,Intersection en X,Normale,Deux véhicules - côté,,,,,,,,,,,1,1,2,1,3.0
201600010201,0016-10-02 14:00:00,16,10,2,14,0,370,49,,47.175,0.978,Plein jour,Hors agglomération,Hors intersection,Normale,Sans collision,,,,,,,,,,,1,1,1,1,7.0
201600010202,0016-01-10 17:15:00,16,1,10,17,15,370,28,LIEUDIT  BEAUVAIS,46.787,0.998,Crépuscule ou aube,Hors agglomération,Hors intersection,Pluie forte,Sans collision,,,,,,,,,,,2,1,1,3,7.0
201600010203,0016-04-12 11:15:00,16,4,12,11,15,370,1,Lieudit RIVES,46.945,0.711,Plein jour,Hors agglomération,Hors intersection,Normale,Deux véhicules - côté,,,,,,,,,,,1,1,1,1,3.0
201600010204,0016-05-09 12:00:00,16,5,9,12,0,370,94,LA SERCLERE,47.033,0.765,Plein jour,Hors agglomération,Hors intersection,Normale,Autre collision,,,,,,,,,,,1,1,1,1,6.0
201600010205,0016-05-29 16:45:00,16,5,29,16,45,370,115,LIEU-DIT RIVES,,,Crépuscule ou aube,En agglomération,Hors intersection,Normale,Autre collision,,,,,,,,,,,2,2,1,1,6.0
201600010206,0016-05-27 19:00:00,16,5,27,19,0,370,250,RUE NATIONALE,,,Plein jour,En agglomération,Hors intersection,Normale,Deux véhicules - côté,,,,,,,,,,,1,2,1,1,3.0
201600010207,0016-06-24 05:30:00,16,6,24,5,30,370,85,LE BAS  VAU,47.251,0.886,Crépuscule ou aube,Hors agglomération,Hors intersection,Normale,Deux véhicules - frontale,,,,,,,,,,,2,1,1,1,1.0
201600010208,0016-07-18 20:00:00,16,7,18,20,0,370,250,,47.261,0.718,Plein jour,Hors agglomération,Autre intersection,Temps éblouissant,Sans collision,,,,,,,,,,,1,1,9,7,7.0
201600010209,0016-07-19 20:00:00,16,7,19,20,0,370,211,,,,Plein jour,Hors agglomération,Hors intersection,Normale,Deux véhicules - frontale,,,,,,,,,,,1,1,1,1,1.0
201600010210,0016-07-22 20:15:00,16,7,22,20,15,370,6,LA BAUDINIERE,47.285,0.583,Plein jour,En agglomération,Hors intersection,Normale,Autre collision,,,,,,,,,,,1,2,1,1,6.0
201600010211,0016-08-28 10:15:00,16,8,28,10,15,370,159,rue du val de l'indre,47.282,0.624,Plein jour,En agglomération,Autre intersection,Normale,Deux véhicules - côté,,,,,,,,,,,1,2,9,1,3.0
201600010212,0016-10-03 16:00:00,16,10,3,16,0,370,104,,,,Plein jour,Hors agglomération,Hors intersection,Normale,Deux véhicules - frontale,,,,,,,,,,,1,1,1,1,1.0
201600010213,0016-09-14 09:30:00,16,9,14,9,30,410,67,,47.5193,1.43915,Plein jour,Hors agglomération,Hors intersection,Normale,Trois véhicules et plus - collisions multiples,,,,,,,,,,,1,1,1,1,5.0
201600010214,0016-01-21 14:30:00,16,1,21,14,30,410,252,,47.66235,1.44214,Plein jour,En agglomération,Hors intersection,Temps éblouissant,Deux véhicules - frontale,,,,,,,,,,,1,2,1,7,1.0
201600010215,0016-02-26 17:45:00,16,2,26,17,45,410,252,9 RUE DE LA GARE,47.67719,1.45773,Plein jour,Hors agglomération,Hors intersection,Normale,Deux véhicules - côté,,,,,,,,,,,1,1,1,1,3.0
201600010216,0016-04-27 20:45:00,16,4,27,20,45,410,136,,47.73217,1.50034,Crépuscule ou aube,Hors agglomération,Hors intersection,Normale,Autre collision,,,,,,,,,,,2,1,1,1,6.0
201600010217,0016-04-28 10:45:00,16,4,28,10,45,410,8,,47.73055,1.55581,Plein jour,Hors agglomération,Intersection en X,Normale,Deux véhicules - côté,,,,,,,,,,,1,1,2,1,3.0
201600010218,0016-06-08 16:45:00,16,6,8,16,45,410,71,,47.67491,1.62765,Plein jour,Hors agglomération,Hors intersection,Normale,Sans collision,,,,,,,,,,,1,1,1,1,7.0
201600010219,0016-08-01 09:45:00,16,8,1,9,45,410,136,,47.71804,1.48423,Plein jour,Hors agglomération,Hors intersection,Normale,Sans collision,,,,,,,,,,,1,1,1,1,7.0
201600010220,0016-08-06 13:00:00,16,8,6,13,0,410,136,RD 2152,47.70386,1.51536,Plein jour,En agglomération,Intersection en X,Normale,Deux véhicules - côté,,,,,,,,,,,1,2,2,1,3.0
201600010221,0016-11-04 22:30:00,16,11,4,22,30,410,8,,47.72549,1.57083,Nuit avec éclairage allumé,En agglomération,Hors intersection,Pluie légère,Autre collision,,,,,,,,,,,5,2,1,2,6.0
201600010222,0016-12-12 07:45:00,16,12,12,7,45,410,288,Rue du moulin,47.6625,1.3719,Nuit avec éclairage allumé,En agglomération,Intersection en X,Pluie légère,Autre collision,,,,,,,,,,,5,2,2,2,6.0
201600010223,0016-12-18 05:45:00,16,12,18,5,45,410,220,14 rue nationale,47.68811,1.56394,Nuit avec éclairage allumé,En agglomération,Hors intersection,Brouillard / fumée,Autre collision,,,,,,,,,,,5,2,1,5,6.0
201600010224,0016-04-16 15:00:00,16,4,16,15,0,330,70,D207,,,Plein jour,Hors agglomération,Hors intersection,Pluie légère,Deux véhicules - frontale,,,,,,,,,,,1,1,1,2,1.0
201600010225,0016-08-06 19:45:00,16,8,6,19,45,330,214,V.PENETRANTE NORD,45.00311,-1.18699,Plein jour,En agglomération,Intersection en X,Normale,Autre collision,,,,,,,,,,,1,2,2,1,6.0
201600010226,0016-10-09 17:00:00,16,10,9,17,0,330,528,,,,Plein jour,Hors agglomération,Hors intersection,Normale,Deux véhicules - arrière,,,,,,,,,,,1,1,1,1,2.0
201600010227,0016-10-18 17:45:00,16,10,18,17,45,330,97,,,,Plein jour,Hors agglomération,Hors intersection,Normale,Deux véhicules - frontale,,,,,,,,,,,1,1,1,1,1.0
201600010228,0016-01-04 19:15:00,16,1,4,19,15,290,2,La Croix Rouge,47.88147,-3.48384,Nuit sans éclairage public,Hors agglomération,Hors intersection,Pluie forte,Autre collision,,,,,,,,,,,3,1,1,3,6.0
201600010229,0016-01-15 08:45:00,16,1,15,8,45,290,234,Ty Gueros,47.88055,-3.48867,Crépuscule ou aube,Hors agglomération,Hors intersection,Neige / grêle,Deux véhicules - frontale,,,,,,,,,,,2,1,1,4,1.0
201600010230,0016-02-17 01:30:00,16,2,17,1,30,290,234,Kergamp,47.83537,-3.50182,Nuit sans éclairage public,Hors agglomération,Hors intersection,Normale,Autre collision,,,,,,,,,,,3,1,1,1,6.0
201600010231,0016-02-27 01:45:00,16,2,27,1,45,290,234,,47.84982,-3.51375,Nuit sans éclairage public,Hors agglomération,Hors intersection,Pluie légère,Deux véhicules - frontale,,,,,,,,,,,3,1,1,2,1.0
201600010232,0016-03-30 03:45:00,16,3,30,3,45,290,234,,47.84961,-3.51105,Nuit sans éclairage public,Hors agglomération,Hors intersection,Normale,Sans collision,,,,,,,,,,,3,1,1,1,7.0
201600010233,0016-03-29 16:15:00,16,3,29,16,15,290,233,rue de kerglanchard,47.87649,-3.56073,Plein jour,En agglomération,Hors intersection,Normale,Deux véhicules - frontale,,,,,,,,,,,1,2,1,1,1.0
201600010234,0016-07-17 01:00:00,16,7,17,1,0,290,233,Kergostiou,47.86275,-3.55224,Nuit sans éclairage public,Hors agglomération,Hors intersection,Normale,Autre collision,,,,,,,,,,,3,1,1,1,6.0
201600010235,0016-08-25 18:15:00,16,8,25,18,15,290,2,Le Nivinen,47.89615,-3.44926,Plein jour,Hors agglomération,Hors intersection,Normale,Trois véhicules et plus - collisions multiples,,,,,,,,,,,1,1,1,1,5.0
201600010236,0016-09-11 09:45:00,16,9,11,9,45,290,233,rue du Faouet,47.87776,-3.5442,Plein jour,Hors agglomération,Hors intersection,Normale,Sans collision,,,,,,,,,,,1,1,1,1,7.0
201600010237,0016-09-20 17:45:00,16,9,20,17,45,290,234,Petit KERMEC,47.85533,-3.5135,Plein jour,Hors agglomération,Autre intersection,Normale,Deux véhicules - côté,,,,,,,,,,,1,1,9,1,3.0
201600010238,0016-10-05 08:15:00,16,10,5,8,15,290,297,Beg An Hent,47.88079,-3.53773,Crépuscule ou aube,Hors agglomération,Hors intersection,Temps couvert,Trois véhicules et plus - collisions multiples,,,,,,,,,,,2,1,1,8,5.0
201600010239,0016-11-06 02:45:00,16,11,6,2,45,290,234,Kerganet,47.86303,-3.50656,Nuit sans éclairage public,Hors agglomération,Hors intersection,Normale,Autre collision,,,,,,,,,,,3,1,1,1,6.0
201600010240,0016-12-15 09:00:00,16,12,15,9,0,290,230,Villeneuve Combout ,,,Plein jour,Hors agglomération,Hors intersection,Temps couvert,Autre collision,,,,,,,,,,,1,1,1,8,6.0