accident_id,datetime,annee,mois,jour,heure,minute,departement,commune_insee,adresse,latitude,longitude,luminosite,agglomeration,intersection,meteo,collision,nb_vehicules,nb_usagers,nb_indemnes,nb_tues,nb_blesses_hosp,nb_blesses_legers,age_cond_1,age_cond_2,veh_type_cond_1,veh_type_cond_2,lum_code,agg_code,int_code,atm_code,col_code
201600010734,0016-07-15 14:45:00,16,7,15,14,45,60,69,"90, CANNES (ROUTE DE)  -",43.64041,6.94811,Plein jour,En agglomération,Hors intersection,Normale,Deux véhicules - frontale,,,,,,,,,,,1,2,1,1,1.0
201600010735,0016-07-16 04:50:00,16,7,16,4,50,60,69,"13, DRAGUIGNAN (ROUTE DE",43.64083,6.90898,Nuit avec éclairage allumé,En agglomération,Hors intersection,Normale,Deux véhicules - côté,,,,,,,,,,,5,2,1,1,3.0
201600010736,0016-07-17 16:00:00,16,7,17,16,0,60,69,LIBERATION (AVENUE DE LA,43.68016,6.54429,Plein jour,En agglomération,Hors intersection,Normale,Autre collision,,,,,,,,,,,1,2,1,1,6.0
201600010737,0016-07-22 16:30:00,16,7,22,16,30,60,69,"168, DRAGUIGNAN (ROUTE D",,,Plein jour,En agglomération,Hors intersection,Pluie légère,Autre collision,,,,,,,,,,,1,2,1,2,6.0
201600010738,0016-07-28 19:25:00,16,7,28,19,25,60,69,"X, DEVOLUY AVENUE PIERRE",,,Plein jour,En agglomération,Intersection en X,Normale,Autre collision,,,,,,,,,,,1,2,2,1,6.0
201600010739,0016-07-26 17:50:00,16,7,26,17,50,60,69,"72, MISTRAL (AVENUE ET P",,,Plein jour,En agglomération,Hors intersection,Normale,Deux véhicules - arrière,,,,,,,,,,,1,2,1,1,2.0
201600010740,0016-07-28 10:45:00,16,7,28,10,45,60,69,Pntrante,43.64186,6.93508,Plein jour,Hors agglomération,Hors intersection,Normale,Deux véhicules - arrière,,,,,,,,,,,1,1,1,1,2.0
201600010741,0016-08-02 11:40:00,16,8,2,11,40,60,69,"98, MISTRAL (AVENUE ET P",43.64347,6.9148,Plein jour,En agglomération,Hors intersection,Normale,Deux véhicules - côté,,,,,,,,,,,1,2,1,1,3.0
201600010742,0016-08-05 16:10:00,16,8,5,16,10,60,69,"16, CARNOT (BOULEVARD ET",43.65638,6.92272,Plein jour,En agglomération,Hors intersection,Normale,Deux véhicules - côté,,,,,,,,,,,1,2,1,1,3.0
201600010743,0016-08-06 17:20:00,16,8,6,17,20,60,69,"0, MARCEL PAGNOL (AVENUE",43.64522,6.94072,Plein jour,En agglomération,Hors intersection,Normale,Deux véhicules - côté,,,,,,,,,,,1,2,1,1,3.0
201600010744,0016-08-11 12:15:00,16,8,11,12,15,60,69,"78, ZILLER (AVENUE PIERR",43.67701,6.9471,Plein jour,Hors agglomération,Hors intersection,Normale,Deux véhicules - côté,,,,,,,,,,,1,1,1,1,3.0
201600010745,0016-08-13 11:15:00,16,8,13,11,15,60,69,"116, CANNES (ROUTE DE)",43.6385,6.9503,Plein jour,En agglomération,Hors intersection,Normale,Deux véhicules - côté,,,,,,,,,,,1,2,1,1,3.0
201600010746,0016-08-14 19:30:00,16,8,14,19,30,60,69,"19, MISTRAL (AVENUE ET P",,,Plein jour,En agglomération,Hors intersection,Normale,Sans collision,,,,,,,,,,,1,2,1,1,7.0
201600010747,0016-08-19 12:28:00,16,8,19,12,28,60,69,"14, FRAGONARD (BOULEVARD",43.65719,6.92263,Plein jour,En agglomération,Hors intersection,Normale,Deux véhicules - arrière,,,,,,,,,,,1,2,1,1,2.0
201600010748,0016-08-22 14:15:00,16,8,22,14,15,60,69,"130, MARIGARDE (ROUTE DE",,,Plein jour,En agglomération,Hors intersection,Normale,Trois véhicules et plus - en chaîne,,,,,,,,,,,1,2,1,1,4.0
201600010749,0016-08-23 09:35:00,16,8,23,9,35,60,69,"5, CHENES (CHEMIN DES)",43.64083,6.91191,Plein jour,En agglomération,Hors intersection,Normale,Autre collision,,,,,,,,,,,1,2,1,1,6.0
201600010750,0016-08-23 12:00:00,16,8,23,12,0,60,69,LAC (CHEMIN DU),43.64316,6.95705,Plein jour,En agglomération,Intersection en T,Normale,Deux véhicules - côté,,,,,,,,,,,1,2,3,1,3.0
201600010751,0016-08-26 08:10:00,16,8,26,8,10,60,69,"x, GAMBETTA (BOULEVARD E",43.65911,6.92605,Plein jour,En agglomération,Hors intersection,Normale,Sans collision,,,,,,,,,,,1,2,1,1,7.0
201600010752,0016-08-30 12:45:00,16,8,30,12,45,60,69,"29, DE LATTRE DE TASSIGN",,,Plein jour,Hors agglomération,Hors intersection,Normale,Autre collision,,,,,,,,,,,1,1,1,1,6.0
201600010753,0016-08-30 07:45:00,16,8,30,7,45,60,69,"43, CAPUCINS (CHEMIN ET",,,Plein jour,En agglomération,Hors intersection,Normale,Autre collision,,,,,,,,,,,1,2,1,1,6.0
201600010754,0016-09-01 13:30:00,16,9,1,13,30,60,69,"44, CROISSET (AVENUE FR.",,,Plein jour,En agglomération,Hors intersection,Normale,Sans collision,,,,,,,,,,,1,2,1,1,7.0
201600010755,0016-09-02 10:35:00,16,9,2,10,35,60,69,"128, CANNES (ROUTE DE)",43.63759,6.9509,Plein jour,En agglomération,Hors intersection,Normale,Deux véhicules - frontale,,,,,,,,,,,1,2,1,1,1.0
201600010756,0016-09-03 05:45:00,16,9,3,5,45,60,69,"61, DRAGUIGNAN (ROUTE DE",43.64269,6.90675,Crépuscule ou aube,Hors agglomération,Hors intersection,Normale,Autre collision,,,,,,,,,,,2,1,1,1,6.0
201600010757,0016-09-06 13:10:00,16,9,6,13,10,60,69,"5, SAINTE MARGUERITE (CH",43.643,6.94897,Plein jour,En agglomération,Hors intersection,Normale,Deux véhicules - arrière,,,,,,,,,,,1,2,1,1,2.0
201600010758,0016-09-07 12:10:00,16,9,7,12,10,60,69,"118, CANNES (ROUTE DE)",43.6382,6.95058,Plein jour,Hors agglomération,Hors intersection,Normale,Deux véhicules - arrière,,,,,,,,,,,1,1,1,1,2.0
201600010759,0016-09-07 17:00:00,16,9,7,17,0,60,69,"x, DE GAULLE (AVENUE DU",43.6553,6.91716,Plein jour,En agglomération,Hors intersection,Normale,Deux véhicules - côté,,,,,,,,,,,1,2,1,1,3.0
201600010760,0016-09-08 19:30:00,16,9,8,19,30,60,69,"10, PROVENCE (AVENUE DE)",43.0,6.0,Plein jour,En agglomération,Hors intersection,Normale,Deux véhicules - côté,,,,,,,,,,,1,2,1,1,3.0
201600010761,0016-09-09 23:53:00,16,9,9,23,53,60,69,"x, BELLETRUD (BOULEVARD",,,Nuit avec éclairage allumé,Hors agglomération,Hors intersection,Normale,Autre collision,,,,,,,,,,,5,1,1,1,6.0
201600010762,0016-09-15 12:20:00,16,9,15,12,20,60,69,"56, BASSES RIBES (CHEMIN",,,Plein jour,En agglomération,Hors intersection,Normale,Autre collision,,,,,,,,,,,1,2,1,1,6.0
201600010763,0016-09-15 18:15:00,16,9,15,18,15,60,69,MISTRAL (AVENUE ET PLACE,43.64725,6.91852,Plein jour,En agglomération,Hors intersection,Normale,Deux véhicules - arrière,,,,,,,,,,,1,2,1,1,2.0
201600010764,0016-09-22 08:35:00,16,9,22,8,35,60,69,"49, CHENES (CHEMIN DES)",43.64079,6.91718,Plein jour,En agglomération,Intersection en T,Normale,Deux véhicules - côté,,,,,,,,,,,1,2,3,1,3.0
201600010765,0016-09-23 18:20:00,16,9,23,18,20,60,69,"165, SAINT MATHIEU (ROUT",,,Plein jour,En agglomération,Hors intersection,Normale,Deux véhicules - arrière,,,,,,,,,,,1,2,1,1,2.0
201600010766,0016-09-26 07:30:00,16,9,26,7,30,60,69,"115, PLAN (ROUTE DU) -D3",43.6462,6.9532,Plein jour,En agglomération,Hors intersection,Normale,Deux véhicules - côté,,,,,,,,,,,1,2,1,1,3.0
201600010767,0016-09-29 17:30:00,16,9,29,17,30,60,69,"158, CANNES (ROUTE DE)",,,Plein jour,En agglomération,Hors intersection,Normale,Deux véhicules - côté,,,,,,,,,,,1,2,1,1,3.0
201600010768,0016-09-30 18:30:00,16,9,30,18,30,60,69,"16, CHIRIS (AVENUE, IMPA",,,Crépuscule ou aube,En agglomération,Hors intersection,Normale,Deux véhicules - arrière,,,,,,,,,,,2,2,1,1,2.0
201600010769,0016-10-03 07:10:00,16,10,3,7,10,60,69,"X, MARIGARDE (ROUTE DE L",,,Plein jour,En agglomération,Hors intersection,Normale,Deux véhicules - côté,,,,,,,,,,,1,2,1,1,3.0
201600010770,0016-10-04 12:00:00,16,10,4,12,0,60,69,"x, CAREMIL (AVENUE ETIEN",,,Plein jour,En agglomération,Hors intersection,Normale,Sans collision,,,,,,,,,,,1,2,1,1,7.0
201600010771,0016-10-04 11:50:00,16,10,4,11,50,60,69,"21, ROUQUIER (BOULEVARD",,,Plein jour,En agglomération,Hors intersection,Normale,Autre collision,,,,,,,,,,,1,2,1,1,6.0
201600010772,0016-10-07 10:30:00,16,10,7,10,30,60,69,"21, VICTOR HUGO  (BD)",,,Plein jour,En agglomération,Hors intersection,Normale,Deux véhicules - arrière,,,,,,,,,,,1,2,1,1,2.0
201600010773,0016-10-07 14:25:00,16,10,7,14,25,60,69,"72, DE LATTRE DE TASSIGN",,,Plein jour,En agglomération,Hors intersection,Normale,Deux véhicules - côté,,,,,,,,,,,1,2,1,1,3.0
201600010774,0016-10-09 09:20:00,16,10,9,9,20,60,69,"27, ROUQUIER (BOULEVARD",,,Plein jour,En agglomération,Hors intersection,Normale,Autre collision,,,,,,,,,,,1,2,1,1,6.0
201600010775,0016-10-09 11:05:00,16,10,9,11,5,60,69,"85, LIBERATION (AVENUE D",,,Plein jour,En agglomération,Hors intersection,Normale,Deux véhicules - frontale,,,,,,,,,,,1,2,1,1,1.0
201600010776,0016-10-10 08:15:00,16,10,10,8,15,60,69,"56, CASTORS (CHEMIN DES)",,,Plein jour,En agglomération,Hors intersection,Normale,Deux véhicules - côté,,,,,,,,,,,1,2,1,1,3.0
201600010777,0016-10-10 20:10:00,16,10,10,20,10,60,69,"x, VICTOR HUGO  (BD)",,,Nuit avec éclairage allumé,En agglomération,Hors intersection,Pluie légère,Deux véhicules - arrière,,,,,,,,,,,5,2,1,2,2.0
201600010778,0016-10-11 18:50:00,16,10,11,18,50,60,69,CANNES (ROUTE DE)  -RD 6,43.63852,6.95029,Plein jour,Hors agglomération,Hors intersection,Normale,Deux véhicules - côté,,,,,,,,,,,1,1,1,1,3.0
201600010779,0016-10-19 11:05:00,16,10,19,11,5,60,69,"117, AURIBEAU (ROUTE D')",,,Plein jour,En agglomération,Intersection en T,Normale,Deux véhicules - côté,,,,,,,,,,,1,2,3,1,3.0
201600010780,0016-10-19 13:50:00,16,10,19,13,50,60,69,"44b, SIDI BRAHIM (AVENUE",43.64945,6.93311,Plein jour,En agglomération,Hors intersection,Normale,Deux véhicules - frontale,,,,,,,,,,,1,2,1,1,1.0
201600010781,0016-10-24 08:18:00,16,10,24,8,18,60,69,"96, PLASCASSIER (route d",43.65274,6.9558,Plein jour,Hors agglomération,Hors intersection,Normale,Sans collision,,,,,,,,,,,1,1,1,1,7.0
201600010782,0016-10-24 14:30:00,16,10,24,14,30,60,69,"x, SAINT LAURENT (AVENUE",,,Plein jour,En agglomération,Hors intersection,Normale,Deux véhicules - côté,,,,,,,,,,,1,2,1,1,3.0
201600010783,0016-10-24 18:30:00,16,10,24,18,30,60,69,"25, ROUQUIER (BOULEVARD",43.61,6.94,Nuit avec éclairage allumé,En agglomération,Hors intersection,Normale,Deux véhicules - côté,,,,,,,,,,,5,2,1,1,3.0
201600010784,0016-10-24 20:30:00,16,10,24,20,30,60,69,"51, DE LATTRE DE TASSIGN",43.64789,6.92751,Nuit avec éclairage allumé,En agglomération,Hors intersection,Normale,Deux véhicules - côté,,,,,,,,,,,5,2,1,1,3.0
201600010785,0016-10-25 09:15:00,16,10,25,9,15,60,69,"x, CASTORS (CHEMIN DES)",43.64225,6.93167,Plein jour,En agglomération,Intersection en Y,Pluie légère,Deux véhicules - frontale,,,,,,,,,,,1,2,4,2,1.0
201600010786,0016-10-25 17:45:00,16,10,25,17,45,60,69,"178, DRAGUIGNAN (ROUTE D",43.64417,6.89975,Plein jour,Hors agglomération,Intersection en Y,Pluie légère,Deux véhicules - côté,,,,,,,,,,,1,1,4,2,3.0
201600010787,0016-10-26 13:55:00,16,10,26,13,55,60,69,"76, DE LATTRE DE TASSIGN",43.3484,6.9293,Plein jour,En agglomération,Hors intersection,Normale,Deux véhicules - côté,,,,,,,,,,,1,2,1,1,3.0
201600010788,0016-10-26 16:40:00,16,10,26,16,40,60,69,"16, CASTORS (CHEMIN DES)",,,Plein jour,Hors agglomération,Intersection en T,Normale,Deux véhicules - frontale,,,,,,,,,,,1,1,3,1,1.0
201600010789,0016-10-27 19:20:00,16,10,27,19,20,60,69,"x, VICTORIA (AVENUE ET T",43.66372,6.92758,Nuit avec éclairage allumé,En agglomération,Intersection en T,Normale,Deux véhicules - côté,,,,,,,,,,,5,2,3,1,3.0
201600010790,0016-11-03 07:30:00,16,11,3,7,30,60,69,"24, PROVENCE (AVENUE DE)",43.65519,6.9227,Plein jour,En agglomération,Hors intersection,Normale,Sans collision,,,,,,,,,,,1,2,1,1,7.0
201600010791,0016-11-05 12:45:00,16,11,5,12,45,60,69,"116, PASTEUR (BOULEVARD)",43.71206,7.27884,Plein jour,Hors agglomération,Hors intersection,Brouillard / fumée,Autre collision,,,,,,,,,,,1,1,1,5,6.0
201600010792,0016-11-07 16:00:00,16,11,7,16,0,60,69,"00, SEMARD (AVENUE PIERR",43.65628,6.9267,Plein jour,En agglomération,Hors intersection,Normale,Deux véhicules - frontale,,,,,,,,,,,1,2,1,1,1.0
201600010793,0016-11-10 08:45:00,16,11,10,8,45,60,69,"00, SAINT EXUPERY (AVENU",43.65847,6.92869,Plein jour,En agglomération,Hors intersection,Normale,Sans collision,,,,,,,,,,,1,2,1,1,7.0
201600010794,0016-11-12 06:55:00,16,11,12,6,55,60,69,"178, DRAGUIGNAN (ROUTE D",43.6442,6.89982,Plein jour,En agglomération,Hors intersection,Normale,Deux véhicules - côté,,,,,,,,,,,1,2,1,1,3.0
201600010795,0016-11-18 21:45:00,16,11,18,21,45,60,69,"10, MADELEINE",43.65941,6.9301,Nuit avec éclairage allumé,En agglomération,Hors intersection,Normale,Autre collision,,,,,,,,,,,5,2,1,1,6.0
201600010796,0016-11-23 16:50:00,16,11,23,16,50,60,69,"x, LECLERC (BOULEVARD DU",43.65062,6.92172,Plein jour,En agglomération,Hors intersection,Normale,Autre collision,,,,,,,,,,,1,2,1,1,6.0
201600010797,0016-11-24 19:05:00,16,11,24,19,5,60,69,"X, PEGOMAS (ROUTE DE)",43.63951,6.93642,Nuit sans éclairage public,Hors agglomération,Hors intersection,Pluie forte,Deux véhicules - arrière,,,,,,,,,,,3,1,1,3,2.0
201600010798,0016-11-26 11:15:00,16,11,26,11,15,60,69,"126, CANNES (ROUTE DE)",43.63761,6.95086,Plein jour,En agglomération,Autre intersection,Normale,Deux véhicules - côté,,,,,,,,,,,1,2,9,1,3.0
201600010799,0016-11-26 11:20:00,16,11,26,11,20,60,69,"132, ROUQUIER (BOULEVARD",43.6345,6.93937,Plein jour,En agglomération,Hors intersection,Normale,Deux véhicules - côté,,,,,,,,,,,1,2,1,1,3.0
201600010800,0016-11-29 08:40:00,16,11,29,8,40,60,69,"87, BOURGEOIS (RUE DU DO",43.68197,6.96274,Plein jour,En agglomération,Hors intersection,Normale,Deux véhicules - frontale,,,,,,,,,,,1,2,1,1,1.0
201600010801,0016-11-30 12:12:00,16,11,30,12,12,60,69,"309, CANNES (ROUTE DE)",43.62488,6.96447,Plein jour,Hors agglomération,Hors intersection,Normale,Sans collision,,,,,,,,,,,1,1,1,1,7.0
201600010802,0016-11-30 13:00:00,16,11,30,13,0,60,69,"39, DUVAL (AVENUE MATHIA",43.65126,6.92221,Plein jour,En agglomération,Hors intersection,Normale,Autre collision,,,,,,,,,,,1,2,1,1,6.0
201600010803,0016-12-04 20:10:00,16,12,4,20,10,60,69,"x, RAYBAUD (AVENUE FELIX",43.64079,6.91151,Nuit avec éclairage allumé,En agglomération,Giratoire,Normale,Autre collision,,,,,,,,,,,5,2,6,1,6.0
201600010804,0016-12-05 17:30:00,16,12,5,17,30,60,69,"26, BELLETRUD (BOULEVARD",43.66577,6.89942,Plein jour,Hors agglomération,Hors intersection,Normale,Deux véhicules - arrière,,,,,,,,,,,1,1,1,1,2.0
201600010805,0016-12-06 16:00:00,16,12,6,16,0,60,69,"15, PEGOMAS (ROUTE DE)",43.64408,6.93866,Plein jour,En agglomération,Hors intersection,Normale,Deux véhicules - frontale,,,,,,,,,,,1,2,1,1,1.0
201600010806,0016-12-07 15:45:00,16,12,7,15,45,60,69,"31, SAINT MATHIEU (ROUTE",43.65641,6.93251,Plein jour,En agglomération,Giratoire,Normale,Deux véhicules - frontale,,,,,,,,,,,1,2,6,1,1.0
201600010807,0016-12-09 17:30:00,16,12,9,17,30,60,69,"24, DRAGUIGNAN (ROUTE DE",43.64514,6.89536,Crépuscule ou aube,En agglomération,Hors intersection,Normale,Deux véhicules - arrière,,,,,,,,,,,2,2,1,1,2.0
201600010808,0016-12-10 16:00:00,16,12,10,16,0,60,69,"X, SIDI BRAHIM (AVENUE)",43.64716,6.9401,Plein jour,En agglomération,Hors intersection,Normale,Sans collision,,,,,,,,,,,1,2,1,1,7.0
201600010809,0016-12-10 17:30:00,16,12,10,17,30,60,69,"1, CHENES (CHEMIN DES)",43.64078,6.91079,Nuit avec éclairage allumé,En agglomération,Hors intersection,Normale,Deux véhicules - arrière,,,,,,,,,,,5,2,1,1,2.0
201600010810,0016-12-10 19:15:00,16,12,10,19,15,60,69,"188, DRAGUIGNAN (ROUTE D",43.6442,6.89868,Nuit avec éclairage allumé,En agglomération,Hors intersection,Normale,Trois véhicules et plus - en chaîne,,,,,,,,,,,5,2,1,1,4.0
201600010811,0016-12-13 18:00:00,16,12,13,18,0,60,69,Pntrante,43.63223,6.94682,Nuit sans éclairage public,Hors agglomération,Hors intersection,Normale,Trois véhicules et plus - en chaîne,,,,,,,,,,,3,1,1,1,4.0
201600010812,0016-12-14 09:15:00,16,12,14,9,15,60,69,"X, BELLAUDIERE (SQUARE B",43.65733,6.92391,Plein jour,En agglomération,Giratoire,Normale,Deux véhicules - côté,,,,,,,,,,,1,2,6,1,3.0
201600010813,0016-12-14 13:15:00,16,12,14,13,15,60,69,"06, FOUX (PLACE DE LA)",43.66087,6.92244,Plein jour,En agglomération,Place,Normale,Autre collision,,,,,,,,,,,1,2,7,1,6.0
201600010814,0016-12-14 18:20:00,16,12,14,18,20,60,69,"25, ROUQUIER (BOULEVARD",43.6438,6.94177,Nuit avec éclairage allumé,En agglomération,Hors intersection,Normale,Deux véhicules - côté,,,,,,,,,,,5,2,1,1,3.0
201600010815,0016-12-15 11:30:00,16,12,15,11,30,60,69,"34, SAINT EXUPERY (AVENU",43.6614,6.93221,Plein jour,En agglomération,Hors intersection,Normale,Deux véhicules - côté,,,,,,,,,,,1,2,1,1,3.0
201600010816,0016-12-17 14:15:00,16,12,17,14,15,60,69,"8, PAOUTE (ROUTE ET TRAV",43.64182,6.95717,Plein jour,En agglomération,Hors intersection,Normale,Deux véhicules - arrière,,,,,,,,,,,1,2,1,1,2.0
201600010817,0016-12-19 12:30:00,16,12,19,12,30,60,69,"116, CANNES (ROUTE DE)",43.6382,6.9506,Plein jour,En agglomération,Hors intersection,Normale,Deux véhicules - arrière,,,,,,,,,,,1,2,1,1,2.0
201600010818,0016-12-19 18:00:00,16,12,19,18,0,60,69,"99, POMPIDOU (AVENUE GEO",43.64526,6.94026,Nuit avec éclairage allumé,En agglomération,Giratoire,Pluie légère,Deux véhicules - côté,,,,,,,,,,,5,2,6,2,3.0
201600010819,0016-12-20 16:50:00,16,12,20,16,50,60,69,"178, DRAGUIGNAN (ROUTE D",43.6442,6.89975,Crépuscule ou aube,En agglomération,Hors intersection,Temps couvert,Deux véhicules - arrière,,,,,,,,,,,2,2,1,8,2.0
201600010820,0016-12-21 14:15:00,16,12,21,14,15,60,69,"36, PEGOMAS (ROUTE DE)",43.6423,6.9379,Plein jour,En agglomération,Hors intersection,Normale,Autre collision,,,,,,,,,,,1,2,1,1,6.0
201600010821,0016-12-22 06:05:00,16,12,22,6,5,60,69,"12, CANNES (ROUTE DE)  -",43.6448,6.94155,Nuit avec éclairage allumé,En agglomération,Hors intersection,Normale,Deux véhicules - frontale,,,,,,,,,,,5,2,1,1,1.0
201600010822,0016-12-22 12:50:00,16,12,22,12,50,60,69,"X, POUIRAQUE (TRAVERSE D",43.65098,6.91412,Plein jour,En agglomération,Hors intersection,Normale,Sans collision,,,,,,,,,,,1,2,1,1,7.0
201600010823,0016-12-23 11:10:00,16,12,23,11,10,60,69,COLLET DE SAINT MARC (CH,43.64036,6.96452,Plein jour,En agglomération,Hors intersection,Normale,Deux véhicules - frontale,,,,,,,,,,,1,2,1,1,1.0
201600010824,0016-12-30 10:20:00,16,12,30,10,20,60,69,JUIN (BOULEVARD DU MAREC,43.6602,6.92241,Plein jour,En agglomération,Giratoire,Normale,Deux véhicules - arrière,,,,,,,,,,,1,2,6,1,2.0
201600010825,0016-01-05 07:40:00,16,1,5,7,40,60,83,"01, COTY (COURS RENE, SE",43.7725,7.4911,Nuit avec éclairage non allumé,En agglomération,Hors intersection,Normale,Deux véhicules - côté,,,,,,,,,,,4,2,1,1,3.0
201600010826,0016-01-09 21:00:00,16,1,9,21,0,60,83,"21, TERRES CHAUDES (RUE",43.77669,7.49976,Nuit avec éclairage allumé,En agglomération,Hors intersection,Pluie légère,Sans collision,,,,,,,,,,,5,2,1,2,7.0
201600010827,0016-01-12 11:32:00,16,1,12,11,32,60,104,"131, VERDUN (AVENUE DE,",43.4541,7.2815,Plein jour,En agglomération,Intersection en T,Normale,Deux véhicules - côté,,,,,,,,,,,1,2,3,1,3.0
201600010828,0016-01-12 15:40:00,16,1,12,15,40,60,104,"175, PASTEUR (AVENUE, Nø",43.76238,7.47682,Plein jour,Hors agglomération,Hors intersection,Normale,Autre collision,,,,,,,,,,,1,1,1,1,6.0
201600010829,0016-01-31 00:01:00,16,1,31,0,1,60,104,"8, MONLEON (AVENUE SYLVI",43.75635,7.47895,Nuit avec éclairage allumé,En agglomération,Hors intersection,Normale,Deux véhicules - côté,,,,,,,,,,,5,2,1,1,3.0
201600010830,0016-02-02 22:38:00,16,2,2,22,38,60,104,"112, AZUR (AVENUE DE LA",43.7617,7.45599,Nuit avec éclairage allumé,Hors agglomération,Hors intersection,Normale,Deux véhicules - frontale,,,,,,,,,,,5,1,1,1,1.0
201600010831,0016-02-04 07:25:00,16,2,4,7,25,60,104,"21, CAP MARTIN (PROMENAD",43.77939,7.5075,Crépuscule ou aube,En agglomération,Hors intersection,Normale,Trois véhicules et plus - collisions multiples,,,,,,,,,,,2,2,1,1,5.0
201600010832,0016-02-06 20:30:00,16,2,6,20,30,60,104,".16, VOYAGE (AVENUE NOTR",43.75628,7.44721,Nuit avec éclairage allumé,En agglomération,Hors intersection,Normale,Autre collision,,,,,,,,,,,5,2,1,1,6.0
201600010833,0016-02-01 07:23:00,16,2,1,7,23,60,104,"116, AZUR (AVENUE DE LA",43.7616,7.4565,Nuit avec éclairage allumé,En agglomération,Hors intersection,Normale,Trois véhicules et plus - collisions multiples,,,,,,,,,,,5,2,1,1,5.0
201600010834,0016-02-19 22:40:00,16,2,19,22,40,60,104,"198 Bis, VERDUN (AVENUE",43.76029,7.47787,Nuit avec éclairage allumé,Hors agglomération,Hors intersection,Normale,Autre collision,,,,,,,,,,,5,1,1,1,6.0
201600010835,0016-02-27 19:10:00,16,2,27,19,10,60,83,"65, SOSPEL (AVENUE DE, N",43.78062,7.49384,Nuit avec éclairage allumé,En agglomération,Hors intersection,Normale,Autre collision,,,,,,,,,,,5,2,1,1,6.0
201600010836,0016-02-04 10:35:00,16,2,4,10,35,60,83,"11, FAURE (AVENUE FELIX)",43.77378,7.43335,Plein jour,En agglomération,Intersection en T,Normale,Autre collision,,,,,,,,,,,1,2,3,1,6.0
201600010837,0016-02-28 14:35:00,16,2,28,14,35,60,104,"1, JEAN MOULIN (ROND POI",43.7637,7.4803,Plein jour,En agglomération,Giratoire,Normale,Deux véhicules - côté,,,,,,,,,,,1,2,6,1,3.0
201600010838,0016-03-17 12:10:00,16,3,17,12,10,60,104,"01, HARENG (PLACE DU COM",43.7645,7.48173,Plein jour,En agglomération,Hors intersection,Normale,Autre collision,,,,,,,,,,,1,2,1,1,6.0
201600010839,0016-03-01 17:28:00,16,3,1,17,28,60,104,"47BIS, SCHUMANN (PROMENA",43.76203,7.48465,Plein jour,En agglomération,Intersection en T,Normale,Deux véhicules - côté,,,,,,,,,,,1,2,3,1,3.0
201600010840,0016-03-24 11:20:00,16,3,24,11,20,60,104,"600, SERRET (AVENUE DU)",43.76546,7.44572,Plein jour,En agglomération,Hors intersection,Normale,Deux véhicules - côté,,,,,,,,,,,1,2,1,1,3.0
201600010841,0016-03-29 16:20:00,16,3,29,16,20,60,83,"69, SOLEIL (PROMENADE DU",43.76558,7.48832,Plein jour,En agglomération,Hors intersection,Normale,Autre collision,,,,,,,,,,,1,2,1,1,6.0
201600010842,0016-03-29 08:30:00,16,3,29,8,30,60,104,"01, FRANCE (AVENUE DE)",43.75338,7.44263,Plein jour,En agglomération,Intersection en T,Normale,Deux véhicules - côté,,,,,,,,,,,1,2,3,1,3.0
201600010843,0016-03-30 11:50:00,16,3,30,11,50,60,83,"8, CASTAGNINS (ROUTE DES",43.77882,7.48515,Plein jour,En agglomération,Hors intersection,Normale,Deux véhicules - côté,,,,,,,,,,,1,2,1,1,3.0
201600010844,0016-02-01 11:35:00,16,2,1,11,35,60,83,"01, EDOUARD VII (AVENUE)",43.7716,7.4969,Plein jour,En agglomération,Intersection en T,Normale,Deux véhicules - arrière,,,,,,,,,,,1,2,3,1,2.0
201600010845,0016-04-10 01:20:00,16,4,10,1,20,60,83,"21, ASTRID (PROMENADE RE",43.78516,7.51983,Nuit avec éclairage allumé,En agglomération,Hors intersection,Normale,Deux véhicules - côté,,,,,,,,,,,5,2,1,1,3.0
201600010846,0016-04-18 10:25:00,16,4,18,10,25,60,83,"2, MUNET (RUE DES SOEURS",43.77579,7.48778,Plein jour,En agglomération,Intersection en T,Normale,Autre collision,,,,,,,,,,,1,2,3,1,6.0
201600010847,0016-04-24 04:33:00,16,4,24,4,33,60,83,"100, SOLEIL (PROMENADE D",43.7739,7.4953,Nuit avec éclairage allumé,En agglomération,Hors intersection,Normale,Sans collision,,,,,,,,,,,5,2,1,1,7.0
201600010848,0016-04-26 23:00:00,16,4,26,23,0,60,83,"28, MADONE (AVENUE DE LA",43.7687,7.491,Nuit avec éclairage allumé,En agglomération,Hors intersection,Normale,Sans collision,,,,,,,,,,,5,2,1,1,7.0
201600010849,0016-04-29 22:20:00,16,4,29,22,20,60,104,"59, DOUMER (AVENUE PAUL)",,,Nuit avec éclairage allumé,En agglomération,Hors intersection,Normale,Deux véhicules - côté,,,,,,,,,,,5,2,1,1,3.0
201600010850,0016-03-26 09:15:00,16,3,26,9,15,60,104,"01, PRINCE RAINIER III (",,,Plein jour,En agglomération,Intersection en T,Normale,Deux véhicules - frontale,,,,,,,,,,,1,2,3,1,1.0
201600010851,0016-03-27 10:18:00,16,3,27,10,18,60,83,"69, SOSPEL (AVENUE DE, N",43.7772,7.4941,Plein jour,En agglomération,Hors intersection,Normale,Autre collision,,,,,,,,,,,1,2,1,1,6.0
201600010852,0016-05-03 13:18:00,16,5,3,13,18,60,83,"84, ALLIES (AVENUE DES)",,,Plein jour,En agglomération,Hors intersection,Normale,Autre collision,,,,,,,,,,,1,2,1,1,6.0
201600010853,0016-05-06 08:25:00,16,5,6,8,25,60,83,"15, BONAPARTE (QUAI)",43.7767,7.5081,Plein jour,En agglomération,Hors intersection,Normale,Sans collision,,,,,,,,,,,1,2,1,1,7.0
201600010854,0016-06-12 02:50:00,16,6,12,2,50,60,104,"VERDUN (AVENUE DE, Nø 1",,,Nuit avec éclairage allumé,En agglomération,Hors intersection,Normale,Autre collision,,,,,,,,,,,5,2,1,1,6.0