accident_id,datetime,annee,mois,jour,heure,minute,departement,commune_insee,adresse,latitude,longitude,luminosite,agglomeration,intersection,meteo,collision,nb_vehicules,nb_usagers,nb_indemnes,nb_tues,nb_blesses_hosp,nb_blesses_legers,age_cond_1,age_cond_2,veh_type_cond_1,veh_type_cond_2,lum_code,agg_code,int_code,atm_code,col_code
201600010976,0016-02-25 11:05:00,16,2,25,11,5,60,88,"1, FRANCE (R. DE) A PART",43.69527,7.25607,Plein jour,En agglomération,Intersection en X,Normale,Autre collision,,,,,,,,,,,1,2,2,1,6.0
201600010977,0016-02-25 16:45:00,16,2,25,16,45,60,88,"87, ANGLAIS (DU Nø 45 AU",43.41187,7.14264,Plein jour,En agglomération,Hors intersection,Normale,Autre collision,,,,,,,,,,,1,2,1,1,6.0
201600010978,0016-02-28 13:10:00,16,2,28,13,10,60,88,"2, MONTEL (BD PAUL)",43.67079,7.21134,Plein jour,En agglomération,Hors intersection,Normale,Autre collision,,,,,,,,,,,1,2,1,1,6.0
201600010979,0016-03-01 08:00:00,16,3,1,8,0,60,88,VOIE RAPIDE,43.70562,7.26258,Plein jour,En agglomération,Hors intersection,Normale,Deux véhicules - arrière,,,,,,,,,,,1,2,1,1,2.0
201600010980,0016-03-01 09:00:00,16,3,1,9,0,60,88,"0, ANGLAIS (DU Nø 114 AU",43.68867,7.24076,Plein jour,En agglomération,Hors intersection,Normale,Trois véhicules et plus - en chaîne,,,,,,,,,,,1,2,1,1,4.0
201600010981,0016-03-01 11:00:00,16,3,1,11,0,60,88,"5, ROQUEBILLIERE (R. DE)",43.42177,7.17006,Plein jour,En agglomération,Hors intersection,Normale,Autre collision,,,,,,,,,,,1,2,1,1,6.0
201600010982,0016-03-02 07:50:00,16,3,2,7,50,60,88,"144, TURIN (RTE DE)",43.72043,7.28767,Plein jour,En agglomération,Hors intersection,Normale,Deux véhicules - côté,,,,,,,,,,,1,2,1,1,3.0
201600010983,0016-03-02 19:10:00,16,3,2,19,10,60,88,"12, ROBINI (AV. DR VICTO",,,Nuit avec éclairage allumé,En agglomération,Hors intersection,Normale,Deux véhicules - arrière,,,,,,,,,,,5,2,1,1,2.0
201600010984,0016-03-02 22:00:00,16,3,2,22,0,60,88,"35, PARC IMPERIAL (BD DU",43.70365,7.2521,Nuit avec éclairage allumé,En agglomération,Intersection en T,Normale,Autre collision,,,,,,,,,,,5,2,3,1,6.0
201600010985,0016-03-03 09:00:00,16,3,3,9,0,60,88,"29, LYAUTEY (AV. DU MAL)",43.712,7.28259,Plein jour,En agglomération,Hors intersection,Normale,Autre collision,,,,,,,,,,,1,2,1,1,6.0
201600010986,0016-03-03 14:50:00,16,3,3,14,50,60,88,"69, ROQUEBILLIERE (R. DE",43.70797,7.28707,Plein jour,En agglomération,Giratoire,Normale,Deux véhicules - arrière,,,,,,,,,,,1,2,6,1,2.0
201600010987,0016-03-04 07:50:00,16,3,4,7,50,60,88,"0, PENETRANTE DU PAILLON",43.73229,7.28908,Plein jour,Hors agglomération,Hors intersection,Normale,Deux véhicules - arrière,,,,,,,,,,,1,1,1,1,2.0
201600010988,0016-03-04 17:10:00,16,3,4,17,10,60,88,VOIE RAPIDE,,,Plein jour,En agglomération,Hors intersection,Normale,Deux véhicules - arrière,,,,,,,,,,,1,2,1,1,2.0
201600010989,0016-03-05 21:10:00,16,3,5,21,10,60,88,RD 6202,,,Nuit avec éclairage allumé,En agglomération,Hors intersection,Normale,Deux véhicules - côté,,,,,,,,,,,5,2,1,1,3.0
201600010990,0016-03-08 07:50:00,16,3,8,7,50,60,88,"105, LYAUTEY (AV. DU MAL",43.71773,7.28179,Plein jour,En agglomération,Hors intersection,Normale,Deux véhicules - côté,,,,,,,,,,,1,2,1,1,3.0
201600010991,0016-03-08 06:30:00,16,3,8,6,30,60,88,"132, SAINT-ANTOINE (RTE",43.69678,7.22839,Crépuscule ou aube,En agglomération,Hors intersection,Normale,Deux véhicules - frontale,,,,,,,,,,,2,2,1,1,1.0
201600010992,0016-03-10 13:45:00,16,3,10,13,45,60,88,"01, VILLENEUVE (R. DE)",43.42239,7.1542,Plein jour,En agglomération,Intersection en X,Normale,Deux véhicules - côté,,,,,,,,,,,1,2,2,1,3.0
201600010993,0016-03-11 08:00:00,16,3,11,8,0,60,88,"0, ARSON (RUE)",43.70358,7.28848,Plein jour,En agglomération,Intersection en X,Normale,Trois véhicules et plus - collisions multiples,,,,,,,,,,,1,2,2,1,5.0
201600010994,0016-03-11 08:40:00,16,3,11,8,40,60,88,"77, CORNICHE FLEURIE (AV",43.68671,7.20823,Plein jour,En agglomération,Hors intersection,Normale,Deux véhicules - côté,,,,,,,,,,,1,2,1,1,3.0
201600010995,0016-03-11 16:00:00,16,3,11,16,0,60,88,"73, PASTEUR (BD)",43.71639,7.2807,Plein jour,En agglomération,Hors intersection,Normale,Autre collision,,,,,,,,,,,1,2,1,1,6.0
201600010996,0016-03-11 17:21:00,16,3,11,17,21,60,88,"1, ANGLAIS (DU Nø 1 AU N",43.6949,7.26603,Plein jour,En agglomération,Hors intersection,Normale,Deux véhicules - côté,,,,,,,,,,,1,2,1,1,3.0
201600010997,0016-03-13 21:30:00,16,3,13,21,30,60,88,LAUVETTA (CH. DE LA),43.44443,7.18181,Nuit avec éclairage allumé,Hors agglomération,Hors intersection,Normale,Autre collision,,,,,,,,,,,5,1,1,1,6.0
201600010998,0016-03-13 22:57:00,16,3,13,22,57,60,88,"0, ROUGET-DE-LISLE (R.)",43.70614,7.26721,Nuit avec éclairage allumé,En agglomération,Intersection en X,Normale,Autre collision,,,,,,,,,,,5,2,2,1,6.0
201600010999,0016-03-15 09:20:00,16,3,15,9,20,60,88,"2, CARABACEL (BD)",43.70308,7.27786,Plein jour,En agglomération,Hors intersection,Normale,Deux véhicules - arrière,,,,,,,,,,,1,2,1,1,2.0
201600011000,0016-03-15 09:40:00,16,3,15,9,40,60,88,"1, CLUVIER (RUE)",43.70235,7.25403,Plein jour,En agglomération,Hors intersection,Normale,Deux véhicules - côté,,,,,,,,,,,1,2,1,1,3.0
201600011001,0016-03-16 22:40:00,16,3,16,22,40,60,88,"7, MADELEINE (BD DE LA)",,,Nuit avec éclairage allumé,En agglomération,Hors intersection,Pluie légère,Autre collision,,,,,,,,,,,5,2,1,2,6.0
201600011002,0016-03-17 10:45:00,16,3,17,10,45,60,88,"340, ANGLAIS (DU Nø 265",,,Plein jour,En agglomération,Hors intersection,Normale,Autre collision,,,,,,,,,,,1,2,1,1,6.0
201600011003,0016-03-17 16:05:00,16,3,17,16,5,60,88,"81-83, GROSSO (A PARTIR",43.7005,7.25083,Plein jour,En agglomération,Hors intersection,Normale,Autre collision,,,,,,,,,,,1,2,1,1,6.0
201600011004,0016-03-17 20:22:00,16,3,17,20,22,60,88,"25, THIERS (AV.)",43.70296,7.2595,Nuit avec éclairage allumé,En agglomération,Hors intersection,Normale,Sans collision,,,,,,,,,,,5,2,1,1,7.0
201600011005,0016-03-18 12:05:00,16,3,18,12,5,60,88,GRENOBLE (ROUTE DE),,,Plein jour,En agglomération,Hors intersection,Normale,Deux véhicules - arrière,,,,,,,,,,,1,2,1,1,2.0
201600011006,0016-03-18 22:20:00,16,3,18,22,20,60,159,NAPOLEON III (BOULEVARD),43.42227,7.19104,Nuit avec éclairage allumé,En agglomération,Hors intersection,Normale,Autre collision,,,,,,,,,,,5,2,1,1,6.0
201600011007,0016-03-20 05:30:00,16,3,20,5,30,60,88,ANGLAIS (DU Nø 114 AU Nø,43.69502,7.26592,Nuit avec éclairage allumé,En agglomération,Hors intersection,Normale,Trois véhicules et plus - collisions multiples,,,,,,,,,,,5,2,1,1,5.0
201600011008,0016-03-20 21:43:00,16,3,20,21,43,60,88,VERNIER (R.),43.70736,7.26248,Nuit avec éclairage allumé,En agglomération,Intersection en X,Normale,Deux véhicules - côté,,,,,,,,,,,5,2,2,1,3.0
201600011009,0016-03-21 12:00:00,16,3,21,12,0,60,88,MADELEINE (BD DE LA),,,Plein jour,En agglomération,Hors intersection,Normale,Autre collision,,,,,,,,,,,1,2,1,1,6.0
201600011010,0016-03-21 18:50:00,16,3,21,18,50,60,88,"48, BORNALA (AV. DE LA)",43.69528,7.23634,Plein jour,En agglomération,Hors intersection,Normale,Autre collision,,,,,,,,,,,1,2,1,1,6.0
201600011011,0016-03-23 16:30:00,16,3,23,16,30,60,88,MATISSE (AV. HENRI),43.67423,7.22137,Plein jour,En agglomération,Hors intersection,Normale,Deux véhicules - arrière,,,,,,,,,,,1,2,1,1,2.0
201600011012,0016-03-23 13:00:00,16,3,23,13,0,60,88,"0, GRENOBLE (ROUTE DE)",,,Plein jour,En agglomération,Giratoire,Normale,Deux véhicules - côté,,,,,,,,,,,1,2,6,1,3.0
201600011013,0016-03-23 17:00:00,16,3,23,17,0,60,88,"0, NAPOLEON III (BD)",,,Plein jour,En agglomération,Intersection en T,Temps couvert,Deux véhicules - côté,,,,,,,,,,,1,2,3,8,3.0
201600011014,0016-02-23 17:00:00,16,2,23,17,0,60,88,"0, NAPOLEON III (BD)",43.68446,7.22431,Plein jour,En agglomération,Intersection en T,Temps couvert,Deux véhicules - côté,,,,,,,,,,,1,2,3,8,3.0
201600011015,0016-03-24 17:05:00,16,3,24,17,5,60,159,"25, ALBERT 1ER (AVENUE)",43.70591,7.31023,Plein jour,En agglomération,Hors intersection,Normale,Deux véhicules - arrière,,,,,,,,,,,1,2,1,1,2.0
201600011016,0016-03-25 08:30:00,16,3,25,8,30,60,88,"0, GRENOBLE (ROUTE DE)",43.69666,7.18857,Plein jour,En agglomération,Hors intersection,Normale,Deux véhicules - côté,,,,,,,,,,,1,2,1,1,3.0
201600011017,0016-03-26 05:22:00,16,3,26,5,22,60,88,"281, ANGLAIS (DU Nø 265",43.68065,7.23117,Nuit avec éclairage allumé,En agglomération,Hors intersection,Normale,Autre collision,,,,,,,,,,,5,2,1,1,6.0
201600011018,0016-03-29 07:50:00,16,3,29,7,50,60,88,"0, FRANCE (R. DE) DU Nø",43.69326,7.24994,Plein jour,En agglomération,Intersection en T,Normale,Deux véhicules - côté,,,,,,,,,,,1,2,3,1,3.0
201600011019,0016-03-30 10:30:00,16,3,30,10,30,60,88,RAIBERTI (R.),43.71064,7.26355,Plein jour,En agglomération,Intersection en X,Normale,Autre collision,,,,,,,,,,,1,2,2,1,6.0
201600011020,0016-03-30 18:30:00,16,3,30,18,30,60,88,"1, BORNALA (AV. DE LA)",43.69413,7.23841,Plein jour,En agglomération,Intersection en T,Normale,Deux véhicules - côté,,,,,,,,,,,1,2,3,1,3.0
201600011021,0016-04-01 07:15:00,16,4,1,7,15,60,88,"22, VOIE ROMAINE (AV. DE",43.72879,7.27888,Plein jour,En agglomération,Intersection en X,Pluie légère,Deux véhicules - côté,,,,,,,,,,,1,2,2,2,3.0
201600011022,0016-04-01 22:45:00,16,4,1,22,45,60,88,VERANY (BD J.B.),,,Nuit avec éclairage allumé,En agglomération,Hors intersection,Normale,Autre collision,,,,,,,,,,,5,2,1,1,6.0
201600011023,0016-04-02 03:15:00,16,4,2,3,15,60,88,"50, ANGLAIS (DU Nø 45 AU",43.41371,7.15193,Nuit avec éclairage allumé,En agglomération,Hors intersection,Normale,Trois véhicules et plus - collisions multiples,,,,,,,,,,,5,2,1,1,5.0
201600011024,0016-04-04 17:40:00,16,4,4,17,40,60,88,"33, RIQUIER (BD DE)",43.70428,7.29029,Plein jour,En agglomération,Hors intersection,Pluie légère,Autre collision,,,,,,,,,,,1,2,1,2,6.0
201600011025,0016-04-04 18:45:00,16,4,4,18,45,60,88,"14, GAMBETTA (JUSQU'AU N",43.69593,7.25636,Crépuscule ou aube,En agglomération,Hors intersection,Pluie légère,Deux véhicules - côté,,,,,,,,,,,2,2,1,2,3.0
201600011026,0016-04-06 08:40:00,16,4,6,8,40,60,88,"0, GENIE (CH. DU)",43.44289,7.13342,Plein jour,Hors agglomération,Hors intersection,Normale,Autre collision,,,,,,,,,,,1,1,1,1,6.0
201600011027,0016-04-06 18:30:00,16,4,6,18,30,60,88,"0, TZAREWITCH (BD DU)",43.7028,7.25451,Plein jour,En agglomération,Intersection en X,Normale,Deux véhicules - côté,,,,,,,,,,,1,2,2,1,3.0
201600011028,0016-04-06 20:30:00,16,4,6,20,30,60,88,"4, DEVOLUY (RUE PIERRE)",43.70329,7.27415,Crépuscule ou aube,En agglomération,Intersection en T,Normale,Deux véhicules - côté,,,,,,,,,,,2,2,3,1,3.0
201600011029,0016-04-07 11:00:00,16,4,7,11,0,60,88,"0, FONTAINE DU TEMPLE (P",,,Plein jour,En agglomération,Place,Normale,Autre collision,,,,,,,,,,,1,2,7,1,6.0
201600011030,0016-04-07 18:50:00,16,4,7,18,50,60,88,"0, ARMEE DU RHIN (PLACE)",43.70708,7.28359,Plein jour,En agglomération,Hors intersection,Normale,Autre collision,,,,,,,,,,,1,2,1,1,6.0
201600011031,0016-04-07 16:50:00,16,4,7,16,50,60,88,"0, VOIE RAPIDE",,,Plein jour,En agglomération,Hors intersection,Normale,Trois véhicules et plus - collisions multiples,,,,,,,,,,,1,2,1,1,5.0
201600011032,0016-04-08 22:25:00,16,4,8,22,25,60,88,"03, LIBERTE (R. DE LA)",43.69845,7.2682,Nuit avec éclairage allumé,En agglomération,Hors intersection,Normale,Deux véhicules - arrière,,,,,,,,,,,5,2,1,1,2.0
201600011033,0016-04-09 15:30:00,16,4,9,15,30,60,88,"67, ANGLAIS (DU Nø 45 AU",43.69112,7.24655,Plein jour,En agglomération,Hors intersection,Normale,Deux véhicules - côté,,,,,,,,,,,1,2,1,1,3.0
201600011034,0016-04-10 01:45:00,16,4,10,1,45,60,88,"0, BELLET (AV. DE)",43.41297,7.14404,Nuit avec éclairage allumé,En agglomération,Intersection en T,Normale,Autre collision,,,,,,,,,,,5,2,3,1,6.0
201600011035,0016-04-11 19:45:00,16,4,11,19,45,60,88,MADELEINE (AV. DE LA),43.69845,7.24012,Plein jour,En agglomération,Hors intersection,Normale,Deux véhicules - arrière,,,,,,,,,,,1,2,1,1,2.0
201600011036,0016-04-12 14:00:00,16,4,12,14,0,60,88,"4, MELCHIOR DE VOGUE (R.",43.70047,7.2658,Plein jour,En agglomération,Hors intersection,Normale,Deux véhicules - frontale,,,,,,,,,,,1,2,1,1,1.0
201600011037,0016-04-12 14:25:00,16,4,12,14,25,60,88,"0, ILE-DE-BEAUTE (PL. DE",43.41557,7.17015,Plein jour,En agglomération,Intersection en X,Normale,Deux véhicules - frontale,,,,,,,,,,,1,2,2,1,1.0
201600011038,0016-04-12 17:50:00,16,4,12,17,50,60,88,"0, ARMEE DU RHIN (PLACE)",43.42256,7.16598,Plein jour,En agglomération,Hors intersection,Normale,Deux véhicules - côté,,,,,,,,,,,1,2,1,1,3.0
201600011039,0016-04-13 14:00:00,16,4,13,14,0,60,88,ANGLAIS (DU Nø 114 AU Nø,43.68691,7.23825,Plein jour,En agglomération,Hors intersection,Normale,Deux véhicules - côté,,,,,,,,,,,1,2,1,1,3.0
201600011040,0016-04-15 15:25:00,16,4,15,15,25,60,88,FONTAINE DU TEMPLE (PL.,,,Plein jour,En agglomération,Hors intersection,Normale,Deux véhicules - côté,,,,,,,,,,,1,2,1,1,3.0
201600011041,0016-04-18 08:10:00,16,4,18,8,10,60,88,"211, ANGLAIS (DU N° 114",43.68601,7.23732,Plein jour,En agglomération,Hors intersection,Normale,Trois véhicules et plus - en chaîne,,,,,,,,,,,1,2,1,1,4.0
201600011042,0016-04-18 10:05:00,16,4,18,10,5,60,88,PASCHETTA (PL. DR CH.),43.71681,7.28113,Plein jour,En agglomération,Hors intersection,Normale,Autre collision,,,,,,,,,,,1,2,1,1,6.0
201600011043,0016-04-18 09:30:00,16,4,18,9,30,60,88,"459-461, ANGLAIS (A PART",43.40009,7.12519,Plein jour,En agglomération,Hors intersection,Normale,Trois véhicules et plus - collisions multiples,,,,,,,,,,,1,2,1,1,5.0
201600011044,0016-04-18 11:40:00,16,4,18,11,40,60,88,"0, ROTHSCHILD (R. ADOLPH",,,Plein jour,En agglomération,Hors intersection,Normale,Autre collision,,,,,,,,,,,1,2,1,1,6.0
201600011045,0016-04-18 17:55:00,16,4,18,17,55,60,88,VOIE RAPIDE,,,Plein jour,En agglomération,Hors intersection,Normale,Trois véhicules et plus - en chaîne,,,,,,,,,,,1,2,1,1,4.0
201600011046,0016-04-18 22:15:00,16,4,18,22,15,60,88,"0, MATISSE (AV. HENRI)",43.40293,7.13011,Nuit avec éclairage allumé,Hors agglomération,Hors intersection,Normale,Autre collision,,,,,,,,,,,5,1,1,1,6.0
201600011047,0016-04-19 10:45:00,16,4,19,10,45,60,88,"87, QUAI DES ETATS UNIS",,,Plein jour,En agglomération,Hors intersection,Normale,Trois véhicules et plus - collisions multiples,,,,,,,,,,,1,2,1,1,5.0
201600011048,0016-04-19 16:20:00,16,4,19,16,20,60,88,"87, ETATS UNIS (QUAI DES",43.41425,7.16234,Plein jour,En agglomération,Hors intersection,Normale,Autre collision,,,,,,,,,,,1,2,1,1,6.0
201600011049,0016-04-19 17:50:00,16,4,19,17,50,60,88,"0, MONTEL (BD PAUL)",43.40314,7.12249,Plein jour,En agglomération,Hors intersection,Normale,Deux véhicules - côté,,,,,,,,,,,1,2,1,1,3.0
201600011050,0016-04-20 11:05:00,16,4,20,11,5,60,88,"6, RANCHER (R.)",,,Plein jour,En agglomération,Intersection en T,Normale,Deux véhicules - côté,,,,,,,,,,,1,2,3,1,3.0
201600011051,0016-04-20 20:55:00,16,4,20,20,55,60,88,SEMARD (BD PIERRE),43.43016,7.17296,Nuit avec éclairage allumé,En agglomération,Hors intersection,Normale,Deux véhicules - arrière,,,,,,,,,,,5,2,1,1,2.0
201600011052,0016-04-21 07:30:00,16,4,21,7,30,60,88,JOLY (CORNICHE ANDRE DE),,,Plein jour,En agglomération,Intersection en T,Normale,Deux véhicules - côté,,,,,,,,,,,1,2,3,1,3.0
201600011053,0016-04-21 07:55:00,16,4,21,7,55,60,88,"399, ANGLAIS (A PARTIR D",43.41185,7.1427,Plein jour,En agglomération,Hors intersection,Normale,Deux véhicules - côté,,,,,,,,,,,1,2,1,1,3.0
201600011054,0016-04-22 08:50:00,16,4,22,8,50,60,88,"201, LANTERNE (AV. DE LA",,,Plein jour,En agglomération,Hors intersection,Normale,Deux véhicules - côté,,,,,,,,,,,1,2,1,1,3.0
201600011055,0016-04-22 13:17:00,16,4,22,13,17,60,88,"17, GEORGES V (AV.)",43.42364,7.16019,Plein jour,En agglomération,Hors intersection,Normale,Autre collision,,,,,,,,,,,1,2,1,1,6.0
201600011056,0016-04-22 14:20:00,16,4,22,14,20,60,88,"0, SAINT-JEAN BAPTISTE (",43.42071,7.16415,Plein jour,En agglomération,Intersection en T,Normale,Deux véhicules - côté,,,,,,,,,,,1,2,3,1,3.0
201600011057,0016-04-22 15:50:00,16,4,22,15,50,60,88,"23, ARIANE (BD DE L')",,,Plein jour,En agglomération,Hors intersection,Normale,Autre collision,,,,,,,,,,,1,2,1,1,6.0
201600011058,0016-04-25 22:10:00,16,4,25,22,10,60,88,"0, GAMBETTA (A PARTIR DU",43.42328,7.15216,Nuit avec éclairage allumé,En agglomération,Intersection en X,Normale,Autre collision,,,,,,,,,,,5,2,2,1,6.0
201600011059,0016-04-26 12:30:00,16,4,26,12,30,60,88,"24, COMBATTANTS D'AFN (R",,,Plein jour,En agglomération,Intersection en X,Normale,Autre collision,,,,,,,,,,,1,2,2,1,6.0
201600011060,0016-04-27 07:40:00,16,4,27,7,40,60,88,"1, BINET (RUE ALFRED)",,,Plein jour,En agglomération,Intersection en T,Normale,Deux véhicules - côté,,,,,,,,,,,1,2,3,1,3.0
201600011061,0016-04-27 09:28:00,16,4,27,9,28,60,88,"0, VOIE ROMAINE (AV. DE",43.43245,7.17016,Plein jour,En agglomération,Intersection en T,Normale,Deux véhicules - côté,,,,,,,,,,,1,2,3,1,3.0
201600011062,0016-04-28 16:00:00,16,4,28,16,0,60,88,VALROSE (PETIT CH.),,,Plein jour,En agglomération,Intersection en T,Normale,Deux véhicules - côté,,,,,,,,,,,1,2,3,1,3.0
201600011063,0016-04-29 13:15:00,16,4,29,13,15,60,88,"88, STE-MARGUERITE (AV.)",,,Plein jour,En agglomération,Hors intersection,Normale,Deux véhicules - côté,,,,,,,,,,,1,2,1,1,3.0
201600011064,0016-04-29 23:40:00,16,4,29,23,40,60,88,"176, TURIN (RTE DE)",43.43266,7.17242,Nuit avec éclairage allumé,En agglomération,Hors intersection,Normale,Deux véhicules - côté,,,,,,,,,,,5,2,1,1,3.0
201600011065,0016-05-01 01:35:00,16,5,1,1,35,60,88,GAMBETTA (A PARTIR DU N°,,,Nuit avec éclairage allumé,En agglomération,Hors intersection,Normale,Deux véhicules - côté,,,,,,,,,,,5,2,1,1,3.0
201600011066,0016-05-01 13:50:00,16,5,1,13,50,60,88,"22, BARLA (RUE)",,,Plein jour,En agglomération,Hors intersection,Normale,Deux véhicules - côté,,,,,,,,,,,1,2,1,1,3.0
201600011067,0016-05-02 07:35:00,16,5,2,7,35,60,88,"75, ARIANE (BD DE L')",,,Plein jour,En agglomération,Hors intersection,Normale,Autre collision,,,,,,,,,,,1,2,1,1,6.0
201600011068,0016-05-03 07:50:00,16,5,3,7,50,60,88,"0, CASSIN (BD RENE)",,,Plein jour,En agglomération,Hors intersection,Normale,Deux véhicules - arrière,,,,,,,,,,,1,2,1,1,2.0
201600011069,0016-05-03 12:45:00,16,5,3,12,45,60,88,CIMIEZ (BD) A PARTIR DU,,,Plein jour,En agglomération,Intersection en X,Normale,Autre collision,,,,,,,,,,,1,2,2,1,6.0
201600011070,0016-05-04 09:00:00,16,5,4,9,0,60,88,PASTEUR (BD),,,Plein jour,En agglomération,Intersection en T,Normale,Deux véhicules - frontale,,,,,,,,,,,1,2,3,1,1.0
201600011071,0016-05-04 15:10:00,16,5,4,15,10,60,88,"33 bis, CIMIEZ (BD) A PA",,,Plein jour,En agglomération,Hors intersection,Normale,Autre collision,,,,,,,,,,,1,2,1,1,6.0
201600011072,0016-05-04 16:45:00,16,5,4,16,45,60,88,ANGLAIS (A PARTIR DU N°,,,Plein jour,En agglomération,Hors intersection,Normale,Trois véhicules et plus - en chaîne,,,,,,,,,,,1,2,1,1,4.0
201600011073,0016-05-04 20:58:00,16,5,4,20,58,60,88,RIQUIER (BD DE),,,Nuit avec éclairage allumé,En agglomération,Intersection en T,Normale,Deux véhicules - côté,,,,,,,,,,,5,2,3,1,3.0
201600011074,0016-05-06 02:10:00,16,5,6,2,10,60,88,"75, MONT-ALBAN (AV. DU)",43.42239,7.17533,Nuit avec éclairage non allumé,En agglomération,Hors intersection,Normale,Deux véhicules - côté,,,,,,,,,,,4,2,1,1,3.0
201600011075,0016-05-06 07:45:00,16,5,6,7,45,60,88,"25, GRACE DE MONACO (BD",43.41184,7.18248,Plein jour,En agglomération,Hors intersection,Normale,Deux véhicules - frontale,,,,,,,,,,,1,2,1,1,1.0
201600011076,0016-05-06 12:20:00,16,5,6,12,20,60,88,"106, ARENES DE CIMIEZ (A",,,Plein jour,En agglomération,Hors intersection,Normale,Trois véhicules et plus - collisions multiples,,,,,,,,,,,1,2,1,1,5.0
201600011077,0016-05-06 21:15:00,16,5,6,21,15,60,88,"24, OLIVIERS (CORNICHE D",,,Nuit avec éclairage allumé,Hors agglomération,Hors intersection,Normale,Trois véhicules et plus - collisions multiples,,,,,,,,,,,5,1,1,1,5.0
201600011078,0016-05-08 22:00:00,16,5,8,22,0,60,88,"0, THIERS (AV.)",43.42105,7.15332,Nuit avec éclairage allumé,En agglomération,Hors intersection,Pluie légère,Deux véhicules - côté,,,,,,,,,,,5,2,1,2,3.0
201600011079,0016-05-09 14:30:00,16,5,9,14,30,60,88,"12, FREMONT (AV.)",,,Plein jour,En agglomération,Hors intersection,Normale,Autre collision,,,,,,,,,,,1,2,1,1,6.0
201600011080,0016-05-10 11:00:00,16,5,10,11,0,60,88,"0, ESTIENNE -D'ORVES (AV",43.42033,7.1509,Plein jour,En agglomération,Intersection en X,Normale,Deux véhicules - côté,,,,,,,,,,,1,2,2,1,3.0
201600011081,0016-05-11 08:30:00,16,5,11,8,30,60,88,MADELEINE (BD DE LA),,,Plein jour,En agglomération,Giratoire,Pluie légère,Deux véhicules - côté,,,,,,,,,,,1,2,6,2,3.0
201600011082,0016-05-13 09:07:00,16,5,13,9,7,60,88,"0, GARIBALDI (PL.)",,,Plein jour,En agglomération,Hors intersection,Normale,Autre collision,,,,,,,,,,,1,2,1,1,6.0
201600011083,0016-05-14 12:00:00,16,5,14,12,0,60,88,"66, CYRNOS (AV. ET ESC.)",43.42206,7.18344,Plein jour,En agglomération,Hors intersection,Normale,Deux véhicules - arrière,,,,,,,,,,,1,2,1,1,2.0
201600011084,0016-05-16 16:10:00,16,5,16,16,10,60,88,"68, CARNOT (BD)",,,Plein jour,En agglomération,Hors intersection,Normale,Deux véhicules - arrière,,,,,,,,,,,1,2,1,1,2.0
201600011085,0016-05-17 12:05:00,16,5,17,12,5,60,88,MADONNETTE DE TERRON (CH,,,Plein jour,Hors agglomération,Hors intersection,Normale,Deux véhicules - frontale,,,,,,,,,,,1,1,1,1,1.0
201600011086,0016-05-19 13:25:00,16,5,19,13,25,60,88,"0, GARNIER (BD JOSEPH)",43.42364,7.15391,Plein jour,En agglomération,Intersection en T,Normale,Deux véhicules - frontale,,,,,,,,,,,1,2,3,1,1.0
201600011087,0016-05-19 16:00:00,16,5,19,16,0,60,88,"0, BELLA VISTA (AV.)",43.42444,7.19338,Plein jour,En agglomération,Intersection en T,Normale,Trois véhicules et plus - collisions multiples,,,,,,,,,,,1,2,3,1,5.0
201600011088,0016-05-20 02:00:00,16,5,20,2,0,60,88,"66, BORRIGLIONE (A PARTI",43.43017,7.15412,Nuit avec éclairage allumé,En agglomération,Intersection en T,Normale,Autre collision,,,,,,,,,,,5,2,3,1,6.0
201600011089,0016-05-21 10:59:00,16,5,21,10,59,60,88,"0, CIMIEZ (BD) A PARTIR",43.42561,7.16228,Plein jour,En agglomération,Intersection en T,Normale,Deux véhicules - frontale,,,,,,,,,,,1,2,3,1,1.0
201600011090,0016-05-21 21:45:00,16,5,21,21,45,60,88,"00, THIERS (AV.)",,,Nuit avec éclairage allumé,En agglomération,Hors intersection,Normale,Autre collision,,,,,,,,,,,5,2,1,1,6.0
201600011091,0016-05-21 21:00:00,16,5,21,21,0,60,88,"28, CARLONE (BD)",,,Nuit avec éclairage allumé,En agglomération,Hors intersection,Normale,Autre collision,,,,,,,,,,,5,2,1,1,6.0
201600011092,0016-05-22 18:10:00,16,5,22,18,10,60,88,"0, ANGLAIS (DU N° 265 AU",43.41183,7.14282,Plein jour,En agglomération,Intersection en T,Normale,Deux véhicules - arrière,,,,,,,,,,,1,2,3,1,2.0
201600011093,0016-05-23 15:50:00,16,5,23,15,50,60,88,"27, GAMBETTA (JUSQU'AU N",43.4148,7.15214,Plein jour,En agglomération,Hors intersection,Normale,Autre collision,,,,,,,,,,,1,2,1,1,6.0
201600011094,0016-05-23 17:05:00,16,5,23,17,5,60,88,VOIE RAPIDE,,,Plein jour,Hors agglomération,Hors intersection,Normale,Deux véhicules - arrière,,,,,,,,,,,1,1,1,1,2.0
201600011095,0016-05-23 18:40:00,16,5,23,18,40,60,88,"23, ANGLAIS (DU N° 1 AU",,,Plein jour,En agglomération,Hors intersection,Normale,Autre collision,,,,,,,,,,,1,2,1,1,6.0
201600011096,0016-05-24 16:30:00,16,5,24,16,30,60,88,MIRABEAU (AV.),,,Plein jour,En agglomération,Intersection en T,Normale,Deux véhicules - côté,,,,,,,,,,,1,2,3,1,3.0
201600011097,0016-05-25 09:15:00,16,5,25,9,15,60,88,"25, MEDECIN (AV. JEAN)",43.42111,7.15594,Plein jour,En agglomération,Hors intersection,Normale,Deux véhicules - arrière,,,,,,,,,,,1,2,1,1,2.0
201600011098,0016-05-27 06:40:00,16,5,27,6,40,60,88,"111, MADELEINE (BD DE LA",,,Plein jour,En agglomération,Hors intersection,Normale,Autre collision,,,,,,,,,,,1,2,1,1,6.0
201600011099,0016-05-30 08:30:00,16,5,30,8,30,60,88,"52, MATISSE (AV. HENRI)",,,Plein jour,En agglomération,Hors intersection,Normale,Deux véhicules - côté,,,,,,,,,,,1,2,1,1,3.0