accident_id,datetime,annee,mois,jour,heure,minute,departement,commune_insee,adresse,latitude,longitude,luminosite,agglomeration,intersection,meteo,collision,nb_vehicules,nb_usagers,nb_indemnes,nb_tues,nb_blesses_hosp,nb_blesses_legers,age_cond_1,age_cond_2,veh_type_cond_1,veh_type_cond_2,lum_code,agg_code,int_code,atm_code,col_code
201600011100,0016-05-31 02:50:00,16,5,31,2,50,60,88,"169, FABRON (AV. DE) (A",43.41299,7.12441,Nuit avec éclairage allumé,En agglomération,Hors intersection,Normale,Deux véhicules - frontale,,,,,,,,,,,5,2,1,1,1.0
201600011101,0016-05-31 08:30:00,16,5,31,8,30,60,88,"0, RAY (AV. DU)",43.4331,7.15084,Plein jour,En agglomération,Giratoire,Normale,Autre collision,,,,,,,,,,,1,2,6,1,6.0
201600011102,0016-05-31 09:30:00,16,5,31,9,30,60,88,"0, PENETRANTE DU PAILLON",,,Plein jour,En agglomération,Hors intersection,Normale,Deux véhicules - arrière,,,,,,,,,,,1,2,1,1,2.0
201600011103,0016-05-31 15:45:00,16,5,31,15,45,60,88,"130, MADELEINE (BD DE LA",,,Plein jour,En agglomération,Hors intersection,Normale,Deux véhicules - frontale,,,,,,,,,,,1,2,1,1,1.0
201600011104,0016-06-01 18:10:00,16,6,1,18,10,60,88,"11, ARMEE DES ALPES (BD",43.42247,7.17318,Plein jour,En agglomération,Intersection en T,Normale,Autre collision,,,,,,,,,,,1,2,3,1,6.0
201600011105,0016-06-01 18:10:00,16,6,1,18,10,60,88,"37, MATISSE (AV. HENRI)",43.67474,7.21462,Plein jour,En agglomération,Hors intersection,Normale,Deux véhicules - arrière,,,,,,,,,,,1,2,1,1,2.0
201600011106,0016-06-02 07:55:00,16,6,2,7,55,60,88,"75, DUNANT (AV. HENRI)",43.41466,7.15541,Plein jour,En agglomération,Hors intersection,Normale,Deux véhicules - arrière,,,,,,,,,,,1,2,1,1,2.0
201600011107,0016-06-02 21:10:00,16,6,2,21,10,60,88,"16, ORESTIS (R. DES)",43.70397,7.28715,Nuit avec éclairage allumé,En agglomération,Intersection en X,Pluie légère,Autre collision,,,,,,,,,,,5,2,2,2,6.0
201600011108,0016-06-03 15:50:00,16,6,3,15,50,60,88,"2, CASSIN (BD RENE)",43.6752,7.22712,Plein jour,En agglomération,Intersection en X,Normale,Deux véhicules - côté,,,,,,,,,,,1,2,2,1,3.0
201600011109,0016-06-03 23:00:00,16,6,3,23,0,60,88,"336, TURIN (RTE DE)",,,Nuit avec éclairage allumé,Hors agglomération,Hors intersection,Normale,Autre collision,,,,,,,,,,,5,1,1,1,6.0
201600011110,0016-06-05 00:55:00,16,6,5,0,55,60,88,"16, VERANY (BD J.B.)",43.70904,7.28378,Nuit avec éclairage allumé,En agglomération,Hors intersection,Normale,Deux véhicules - arrière,,,,,,,,,,,5,2,1,1,2.0
201600011111,0016-06-05 21:30:00,16,6,5,21,30,60,88,"51, CESSOLE (BD DE) (JUS",43.71585,7.25364,Nuit avec éclairage allumé,En agglomération,Hors intersection,Normale,Deux véhicules - côté,,,,,,,,,,,5,2,1,1,3.0
201600011112,0016-06-06 08:30:00,16,6,6,8,30,60,88,"92, JOLY (CORNICHE ANDRE",43.70408,7.29929,Plein jour,En agglomération,Hors intersection,Normale,Autre collision,,,,,,,,,,,1,2,1,1,6.0
201600011113,0016-06-06 10:10:00,16,6,6,10,10,60,88,"1, ALLEGRE (AV. JEAN)",43.42288,7.16534,Plein jour,En agglomération,Hors intersection,Normale,Deux véhicules - arrière,,,,,,,,,,,1,2,1,1,2.0
201600011114,0016-06-09 08:00:00,16,6,9,8,0,60,88,"44, MICHEL ANGE (AV.) (A",43.71213,7.25899,Plein jour,En agglomération,Hors intersection,Normale,Sans collision,,,,,,,,,,,1,2,1,1,7.0
201600011115,0016-06-09 11:00:00,16,6,9,11,0,60,88,"0, FAURE (AV. FELIX)",43.41544,7.16283,Plein jour,En agglomération,Intersection en T,Normale,Autre collision,,,,,,,,,,,1,2,3,1,6.0
201600011116,0016-06-09 17:00:00,16,6,9,17,0,60,88,"19, RAY (AV. DU)",43.4331,7.1509,Plein jour,En agglomération,Hors intersection,Normale,Deux véhicules - côté,,,,,,,,,,,1,2,1,1,3.0
201600011117,0016-06-09 18:45:00,16,6,9,18,45,60,88,"10, GIOFFREDO (R.)",43.70229,7.27659,Plein jour,En agglomération,Hors intersection,Pluie forte,Autre collision,,,,,,,,,,,1,2,1,3,6.0
201600011118,0016-06-10 13:20:00,16,6,10,13,20,60,88,"1, GALLIENI (AV.)",43.4224,7.16533,Plein jour,En agglomération,Hors intersection,Normale,Deux véhicules - frontale,,,,,,,,,,,1,2,1,1,1.0
201600011119,0016-06-10 23:57:00,16,6,10,23,57,60,88,MONTEL (BD PAUL),43.67378,7.20837,Nuit sans éclairage public,En agglomération,Intersection en X,Normale,Deux véhicules - côté,,,,,,,,,,,3,2,2,1,3.0
201600011120,0016-06-11 21:00:00,16,6,11,21,0,60,88,"0, ANGLAIS (A PARTIR DU",,,Nuit avec éclairage non allumé,En agglomération,Hors intersection,Normale,Trois véhicules et plus - collisions multiples,,,,,,,,,,,4,2,1,1,5.0
201600011121,0016-06-12 01:00:00,16,6,12,1,0,60,88,SAINT-JEAN BAPTISTE (AV.,43.70165,7.27799,Nuit avec éclairage allumé,En agglomération,Intersection en X,Normale,Deux véhicules - côté,,,,,,,,,,,5,2,2,1,3.0
201600011122,0016-06-14 10:45:00,16,6,14,10,45,60,88,"16, LAMARTINE (R.)",43.42154,7.16019,Plein jour,En agglomération,Passage à niveau,Normale,Deux véhicules - arrière,,,,,,,,,,,1,2,8,1,2.0
201600011123,0016-06-14 11:30:00,16,6,14,11,30,60,88,"32, MONZIE (R. ANATOLE D",43.73699,7.29941,Plein jour,En agglomération,Hors intersection,Normale,Autre collision,,,,,,,,,,,1,2,1,1,6.0
201600011124,0016-06-14 16:00:00,16,6,14,16,0,60,88,"0, SAUVAN (R. HONORE)",43.69317,7.25317,Plein jour,En agglomération,Autre intersection,Normale,Deux véhicules - arrière,,,,,,,,,,,1,2,9,1,2.0
201600011125,0016-06-15 15:10:00,16,6,15,15,10,60,88,"0, VOIE RAPIDE",,,Plein jour,En agglomération,Hors intersection,Pluie légère,Trois véhicules et plus - en chaîne,,,,,,,,,,,1,2,1,2,4.0
201600011126,0016-06-17 09:30:00,16,6,17,9,30,60,88,"1, FOCH (AV. MARECHAL)",43.42134,7.16218,Plein jour,En agglomération,Hors intersection,Normale,Autre collision,,,,,,,,,,,1,2,1,1,6.0
201600011127,0016-06-18 12:00:00,16,6,18,12,0,60,88,"36, SLAMA (RUE MAURICE)",,,Plein jour,En agglomération,Hors intersection,Normale,Deux véhicules - arrière,,,,,,,,,,,1,2,1,1,2.0
201600011128,0016-06-18 16:23:00,16,6,18,16,23,60,88,SAINT-LAMBERT (AV.) (JUS,43.71588,7.26275,Plein jour,En agglomération,Intersection en X,Normale,Deux véhicules - côté,,,,,,,,,,,1,2,2,1,3.0
201600011129,0016-06-20 08:20:00,16,6,20,8,20,60,88,"0, DELFINO (BD GENERAL)",43.4215,7.17196,Plein jour,En agglomération,Intersection en X,Normale,Deux véhicules - côté,,,,,,,,,,,1,2,2,1,3.0
201600011130,0016-06-21 07:30:00,16,6,21,7,30,60,88,"78, PASTEUR (BD)",43.42582,7.16498,Plein jour,En agglomération,Intersection en T,Normale,Deux véhicules - côté,,,,,,,,,,,1,2,3,1,3.0
201600011131,0016-06-21 14:50:00,16,6,21,14,50,60,88,"31, STALINGRAD (BD DE)",43.69719,7.28702,Plein jour,En agglomération,Hors intersection,Normale,Deux véhicules - côté,,,,,,,,,,,1,2,1,1,3.0
201600011132,0016-06-22 17:15:00,16,6,22,17,15,60,88,"41, GAMBETTA (JUSQU'AU N",43.69866,7.2562,Plein jour,En agglomération,Intersection en X,Normale,Deux véhicules - frontale,,,,,,,,,,,1,2,2,1,1.0
201600011133,0016-06-24 05:15:00,16,6,24,5,15,60,88,RD 6202,43.44442,7.10566,Crépuscule ou aube,Hors agglomération,Hors intersection,Normale,Deux véhicules - côté,,,,,,,,,,,2,1,1,1,3.0
201600011134,0016-06-24 14:00:00,16,6,24,14,0,60,88,"113, ANGLAIS (Nø 113)",43.41269,7.14441,Plein jour,En agglomération,Hors intersection,Normale,Deux véhicules - frontale,,,,,,,,,,,1,2,1,1,1.0
201600011135,0016-06-24 16:45:00,16,6,24,16,45,60,88,"81, RAYBAUD JOSEPH",43.73046,7.28269,Plein jour,En agglomération,Hors intersection,Normale,Deux véhicules - frontale,,,,,,,,,,,1,2,1,1,1.0
201600011136,0016-06-25 00:55:00,16,6,25,0,55,60,88,"62, CESSOLE (BD DE) (JUS",43.7153,7.25392,Nuit avec éclairage allumé,En agglomération,Intersection en T,Normale,Deux véhicules - côté,,,,,,,,,,,5,2,3,1,3.0
201600011137,0016-06-26 01:45:00,16,6,26,1,45,60,88,"107, QUAI DES ETATS UNIS",43.41423,7.16307,Nuit avec éclairage allumé,En agglomération,Hors intersection,Normale,Deux véhicules - arrière,,,,,,,,,,,5,2,1,1,2.0
201600011138,0016-06-26 12:45:00,16,6,26,12,45,60,88,"122, CARNOT (BD)",43.41489,7.17194,Plein jour,En agglomération,Hors intersection,Normale,Deux véhicules - côté,,,,,,,,,,,1,2,1,1,3.0
201600011139,0016-06-26 18:00:00,16,6,26,18,0,60,88,CIMIEZ (BD) A PARTIR DU,43.71342,7.27158,Plein jour,En agglomération,Intersection en X,Normale,Deux véhicules - frontale,,,,,,,,,,,1,2,2,1,1.0
201600011140,0016-06-27 14:19:00,16,6,27,14,19,60,88,"54, ARSON (RUE)",43.42128,7.17185,Plein jour,En agglomération,Intersection en X,Normale,Deux véhicules - côté,,,,,,,,,,,1,2,2,1,3.0
201600011141,0016-06-28 12:15:00,16,6,28,12,15,60,88,"33, ARIANE (BD DE L')",,,Plein jour,En agglomération,Hors intersection,Normale,Deux véhicules - arrière,,,,,,,,,,,1,2,1,1,2.0
201600011142,0016-06-28 15:05:00,16,6,28,15,5,60,88,"0, GRINDA (AV. EDOUARD)",43.40206,7.13106,Plein jour,En agglomération,Hors intersection,Normale,Trois véhicules et plus - collisions multiples,,,,,,,,,,,1,2,1,1,5.0
201600011143,0016-06-28 22:50:00,16,6,28,22,50,60,88,"0, CHATEAUNEUF (RUE)",43.42053,7.15204,Nuit avec éclairage allumé,En agglomération,Hors intersection,Normale,Deux véhicules - côté,,,,,,,,,,,5,2,1,1,3.0
201600011144,0016-06-28 19:35:00,16,6,28,19,35,60,88,"43, ANGLAIS (DU Nø 1 AU",43.69377,7.25641,Plein jour,En agglomération,Intersection en T,Normale,Deux véhicules - côté,,,,,,,,,,,1,2,3,1,3.0
201600011145,0016-06-29 17:50:00,16,6,29,17,50,60,88,"0, NAPOLEON III (BD)",43.40523,7.12512,Plein jour,En agglomération,Intersection en X,Normale,Deux véhicules - côté,,,,,,,,,,,1,2,2,1,3.0
201600011146,0016-06-29 19:15:00,16,6,29,19,15,60,88,"144, BELLET (RTE DE)",43.69891,7.23529,Plein jour,En agglomération,Hors intersection,Normale,Autre collision,,,,,,,,,,,1,2,1,1,6.0
201600011147,0016-07-02 02:00:00,16,7,2,2,0,60,88,"37, ANGLAIS (DU Nø 1 AU",,,Nuit avec éclairage allumé,En agglomération,Hors intersection,Normale,Deux véhicules - frontale,,,,,,,,,,,5,2,1,1,1.0
201600011148,0016-07-03 17:20:00,16,7,3,17,20,60,88,"43, ANGLAIS (DU Nø 1 AU",,,Plein jour,En agglomération,Hors intersection,Normale,Autre collision,,,,,,,,,,,1,2,1,1,6.0
201600011149,0016-07-04 15:01:00,16,7,4,15,1,60,88,"69, GORBELLA (BD DE)",,,Plein jour,En agglomération,Hors intersection,Normale,Deux véhicules - côté,,,,,,,,,,,1,2,1,1,3.0
201600011150,0016-07-05 15:15:00,16,7,5,15,15,60,88,"177, CASSIN (BD RENE)",,,Plein jour,En agglomération,Hors intersection,Normale,Deux véhicules - frontale,,,,,,,,,,,1,2,1,1,1.0
201600011151,0016-07-06 09:45:00,16,7,6,9,45,60,88,"5, FERAUD (R. RAYMOND)",43.40538,7.13482,Plein jour,En agglomération,Hors intersection,Normale,Deux véhicules - arrière,,,,,,,,,,,1,2,1,1,2.0
201600011152,0016-07-06 09:40:00,16,7,6,9,40,60,88,"63, GRENOBLE (ROUTE DE)",,,Plein jour,En agglomération,Hors intersection,Normale,Deux véhicules - côté,,,,,,,,,,,1,2,1,1,3.0
201600011153,0016-07-06 21:40:00,16,7,6,21,40,60,159,CONDAMINE (AVENUE DE LA),,,Nuit avec éclairage allumé,Hors agglomération,Hors intersection,Normale,Autre collision,,,,,,,,,,,5,1,1,1,6.0
201600011154,0016-07-07 13:00:00,16,7,7,13,0,60,88,CASSIN (BD RENE),,,Plein jour,En agglomération,Hors intersection,Normale,Deux véhicules - côté,,,,,,,,,,,1,2,1,1,3.0
201600011155,0016-07-08 10:45:00,16,7,8,10,45,60,88,"37, HUGO (BD VICTOR)",,,Plein jour,Hors agglomération,Hors intersection,Normale,Autre collision,,,,,,,,,,,1,1,1,1,6.0
201600011156,0016-07-08 14:00:00,16,7,8,14,0,60,88,"0, LYAUTEY (AV. DU MAL)",,,Plein jour,En agglomération,Intersection en T,Normale,Deux véhicules - arrière,,,,,,,,,,,1,2,3,1,2.0
201600011157,0016-07-08 17:55:00,16,7,8,17,55,60,88,ARIANE (BD DE L'),,,Plein jour,En agglomération,Hors intersection,Normale,Deux véhicules - arrière,,,,,,,,,,,1,2,1,1,2.0
201600011158,0016-07-09 17:15:00,16,7,9,17,15,60,88,"101, CORNICHE FLEURIE (A",,,Plein jour,En agglomération,Hors intersection,Normale,Deux véhicules - côté,,,,,,,,,,,1,2,1,1,3.0
201600011159,0016-07-09 20:15:00,16,7,9,20,15,60,88,"8, BRAILLE (BD LOUIS)",,,Plein jour,En agglomération,Hors intersection,Normale,Deux véhicules - côté,,,,,,,,,,,1,2,1,1,3.0
201600011160,0016-07-09 22:20:00,16,7,9,22,20,60,88,PASTORELLI (R.),,,Nuit avec éclairage allumé,En agglomération,Intersection en X,Normale,Deux véhicules - côté,,,,,,,,,,,5,2,2,1,3.0
201600011161,0016-07-10 02:45:00,16,7,10,2,45,60,88,GRENOBLE (ROUTE DE),,,Nuit avec éclairage allumé,En agglomération,Hors intersection,Normale,Autre collision,,,,,,,,,,,5,2,1,1,6.0
201600011162,0016-07-10 09:45:00,16,7,10,9,45,60,88,"20, VERNIER (R.)",,,Plein jour,En agglomération,Intersection en X,Normale,Deux véhicules - frontale,,,,,,,,,,,1,2,2,1,1.0
201600011163,0016-07-10 12:30:00,16,7,10,12,30,60,88,"292, FABRON (AV. DE) (A",,,Plein jour,En agglomération,Hors intersection,Normale,Deux véhicules - côté,,,,,,,,,,,1,2,1,1,3.0
201600011164,0016-07-10 17:20:00,16,7,10,17,20,60,88,"1, GRACE DE MONACO (BD P",43.42059,7.18246,Plein jour,En agglomération,Hors intersection,Normale,Deux véhicules - côté,,,,,,,,,,,1,2,1,1,3.0
201600011165,0016-07-10 17:28:00,16,7,10,17,28,60,88,"9, BUFFA (RUE DE LA)",43.41484,7.15379,Plein jour,En agglomération,Intersection en X,Normale,Deux véhicules - côté,,,,,,,,,,,1,2,2,1,3.0
201600011166,0016-07-10 19:15:00,16,7,10,19,15,60,88,GAL (R. AUGUSTE),,,Plein jour,En agglomération,Intersection en X,Normale,Deux véhicules - côté,,,,,,,,,,,1,2,2,1,3.0
201600011167,0016-07-11 01:09:00,16,7,11,1,9,60,88,"19, BERLIOZ (RUE)",,,Nuit avec éclairage allumé,En agglomération,Intersection en X,Normale,Deux véhicules - côté,,,,,,,,,,,5,2,2,1,3.0
201600011168,0016-07-11 11:10:00,16,7,11,11,10,60,88,"157, ANGLAIS (DU Nø 114",43.68886,7.24148,Plein jour,En agglomération,Hors intersection,Normale,Trois véhicules et plus - en chaîne,,,,,,,,,,,1,2,1,1,4.0
201600011169,0016-07-11 13:30:00,16,7,11,13,30,60,88,"61, CIMIEZ (BD) A PARTIR",,,Plein jour,En agglomération,Hors intersection,Normale,Deux véhicules - arrière,,,,,,,,,,,1,2,1,1,2.0
201600011170,0016-07-12 05:40:00,16,7,12,5,40,60,88,"329, ANGLAIS (DU Nø 265",,,Crépuscule ou aube,En agglomération,Autre intersection,Normale,Deux véhicules - frontale,,,,,,,,,,,2,2,9,1,1.0
201600011171,0016-07-12 07:11:00,16,7,12,7,11,60,88,VOIE RAPIDE,43.40238,7.13176,Plein jour,En agglomération,Hors intersection,Normale,Deux véhicules - côté,,,,,,,,,,,1,2,1,1,3.0
201600011172,0016-07-12 12:55:00,16,7,12,12,55,60,88,"33, GAMBETTA (JUSQU'AU N",,,Plein jour,En agglomération,Hors intersection,Normale,Deux véhicules - côté,,,,,,,,,,,1,2,1,1,3.0
201600011173,0016-07-15 16:45:00,16,7,15,16,45,60,88,"50, RIQUIER (BD DE)",43.4217,7.17266,Plein jour,En agglomération,Hors intersection,Normale,Autre collision,,,,,,,,,,,1,2,1,1,6.0
201600011174,0016-07-19 09:30:00,16,7,19,9,30,60,88,", TUNNEL DU PAILLON",43.42243,7.16575,Plein jour,En agglomération,Hors intersection,Normale,Deux véhicules - arrière,,,,,,,,,,,1,2,1,1,2.0
201600011175,0016-07-19 11:45:00,16,7,19,11,45,60,88,"37, ARIANE (BD DE L')",,,Plein jour,En agglomération,Intersection en X,Normale,Deux véhicules - frontale,,,,,,,,,,,1,2,2,1,1.0
201600011176,0016-07-20 11:20:00,16,7,20,11,20,60,88,"20, JOFFRE (R. MARECHAL)",,,Plein jour,En agglomération,Intersection en X,Normale,Autre collision,,,,,,,,,,,1,2,2,1,6.0
201600011177,0016-07-21 23:15:00,16,7,21,23,15,60,88,TURIN (RTE DE),,,Nuit avec éclairage allumé,En agglomération,Intersection en X,Normale,Deux véhicules - côté,,,,,,,,,,,5,2,2,1,3.0
201600011178,0016-07-22 05:38:00,16,7,22,5,38,60,159,"713, NAPOLEON III (BOULE",43.7072,7.3174,Crépuscule ou aube,Hors agglomération,Hors intersection,Normale,Autre collision,,,,,,,,,,,2,1,1,1,6.0
201600011179,0016-07-22 23:25:00,16,7,22,23,25,60,88,SAINT-AUGUSTIN (AV. DE),43.40294,7.13243,Nuit avec éclairage allumé,En agglomération,Intersection en T,Normale,Deux véhicules - côté,,,,,,,,,,,5,2,3,1,3.0
201600011180,0016-07-23 22:25:00,16,7,23,22,25,60,88,PASTEUR (BD),43.71467,7.28018,Nuit avec éclairage allumé,En agglomération,Intersection en X,Normale,Deux véhicules - côté,,,,,,,,,,,5,2,2,1,3.0
201600011181,0016-07-24 21:15:00,16,7,24,21,15,60,88,"86, CREMAT (CH. DE)",,,Plein jour,En agglomération,Hors intersection,Normale,Deux véhicules - frontale,,,,,,,,,,,1,2,1,1,1.0
201600011182,0016-07-25 05:25:00,16,7,25,5,25,60,88,"50, ANGLAIS (DU Nø 45 AU",,,Nuit avec éclairage allumé,En agglomération,Hors intersection,Normale,Deux véhicules - arrière,,,,,,,,,,,5,2,1,1,2.0
201600011183,0016-07-28 17:00:00,16,7,28,17,0,60,88,"218, TURIN (RTE DE)",,,Plein jour,En agglomération,Hors intersection,Normale,Autre collision,,,,,,,,,,,1,2,1,1,6.0
201600011184,0016-07-29 02:30:00,16,7,29,2,30,60,88,FORESTIERE (RTE),,,Nuit avec éclairage allumé,Hors agglomération,Hors intersection,Normale,Autre collision,,,,,,,,,,,5,1,1,1,6.0
201600011185,0016-07-29 11:10:00,16,7,29,11,10,60,88,"6, CARABACEL (BD)",,,Plein jour,En agglomération,Intersection en T,Normale,Autre collision,,,,,,,,,,,1,2,3,1,6.0
201600011186,0016-07-29 12:20:00,16,7,29,12,20,60,88,"17, HOTEL DES POSTES (R.",,,Plein jour,En agglomération,Hors intersection,Normale,Autre collision,,,,,,,,,,,1,2,1,1,6.0
201600011187,0016-07-30 14:00:00,16,7,30,14,0,60,88,"20, BLANCON (RUE PIERRE)",,,Plein jour,En agglomération,Intersection en X,Normale,Deux véhicules - côté,,,,,,,,,,,1,2,2,1,3.0
201600011188,0016-08-02 11:30:00,16,8,2,11,30,60,159,"960, BELLAVISTA (AVENUE)",,,Plein jour,Hors agglomération,Hors intersection,Normale,Deux véhicules - côté,,,,,,,,,,,1,1,1,1,3.0
201600011189,0016-08-02 16:30:00,16,8,2,16,30,60,88,"17, GEORGES V (AV.)",,,Plein jour,En agglomération,Intersection en X,Normale,Deux véhicules - frontale,,,,,,,,,,,1,2,2,1,1.0
201600011190,0016-08-03 13:43:00,16,8,3,13,43,60,88,"47, BESSET (AV.) (A PART",,,Plein jour,En agglomération,Hors intersection,Normale,Deux véhicules - côté,,,,,,,,,,,1,2,1,1,3.0
201600011191,0016-08-04 06:45:00,16,8,4,6,45,60,88,ROSSINI (R.),,,Crépuscule ou aube,En agglomération,Intersection en X,Normale,Autre collision,,,,,,,,,,,2,2,2,1,6.0
201600011192,0016-08-04 08:50:00,16,8,4,8,50,60,88,"28, QUAI LUNEL",,,Plein jour,En agglomération,Hors intersection,Normale,Autre collision,,,,,,,,,,,1,2,1,1,6.0
201600011193,0016-08-05 03:01:00,16,8,5,3,1,60,88,SAQUIER (CH. DE),,,Nuit avec éclairage allumé,Hors agglomération,Hors intersection,Normale,Sans collision,,,,,,,,,,,5,1,1,1,7.0
201600011194,0016-08-05 20:10:00,16,8,5,20,10,60,88,"72, BORRIGLIONE (A PARTI",43.42454,7.15412,Plein jour,En agglomération,Hors intersection,Normale,Autre collision,,,,,,,,,,,1,2,1,1,6.0
201600011195,0016-08-06 23:40:00,16,8,6,23,40,60,88,ANGLAIS (DU Nø 1 AU Nø 4,,,Nuit avec éclairage allumé,En agglomération,Hors intersection,Normale,Deux véhicules - arrière,,,,,,,,,,,5,2,1,1,2.0
201600011196,0016-08-07 18:20:00,16,8,7,18,20,60,88,"8, MEYERBEER (RUE ET PAS",43.41336,7.1452,Plein jour,En agglomération,Intersection en X,Normale,Autre collision,,,,,,,,,,,1,2,2,1,6.0
201600011197,0016-08-08 13:55:00,16,8,8,13,55,60,88,"10, SORGENTINO (R.)",,,Plein jour,En agglomération,Hors intersection,Normale,Deux véhicules - côté,,,,,,,,,,,1,2,1,1,3.0
201600011198,0016-08-08 22:55:00,16,8,8,22,55,60,88,"0, ANGLAIS PLAGE(  PARTI",43.41414,7.15474,Nuit avec éclairage allumé,En agglomération,Hors intersection,Normale,Deux véhicules - arrière,,,,,,,,,,,5,2,1,1,2.0
201600011199,0016-08-11 06:30:00,16,8,11,6,30,60,88,"1, CESSOLE (BD DE) (JUSQ",43.42367,7.15215,Crépuscule ou aube,En agglomération,Hors intersection,Normale,Deux véhicules - arrière,,,,,,,,,,,2,2,1,1,2.0
201600011200,0016-08-12 11:10:00,16,8,12,11,10,60,88,"0, ARMEE DES ALPES (BD D",43.42256,7.17326,Plein jour,En agglomération,Intersection en X,Normale,Deux véhicules - côté,,,,,,,,,,,1,2,2,1,3.0
201600011201,0016-08-15 14:00:00,16,8,15,14,0,60,88,"67, RAYNAUD (BD AUGUSTE)",,,Plein jour,En agglomération,Intersection en T,Normale,Deux véhicules - côté,,,,,,,,,,,1,2,3,1,3.0
201600011202,0016-08-15 03:44:00,16,8,15,3,44,60,88,"4/6, SAINT-PIERRE DE FER",,,Nuit avec éclairage allumé,En agglomération,Hors intersection,Normale,Sans collision,,,,,,,,,,,5,2,1,1,7.0
201600011203,0016-08-17 10:45:00,16,8,17,10,45,60,88,"0, LATTRE DE TASSIGNY (E",43.42241,7.16538,Plein jour,En agglomération,Hors intersection,Normale,Deux véhicules - frontale,,,,,,,,,,,1,2,1,1,1.0
201600011204,0016-08-18 17:50:00,16,8,18,17,50,60,88,"0, VOIE RAPIDE",,,Plein jour,En agglomération,Hors intersection,Normale,Trois véhicules et plus - en chaîne,,,,,,,,,,,1,2,1,1,4.0
201600011205,0016-08-19 18:50:00,16,8,19,18,50,60,88,"0, STALINGRAD (BD DE)",,,Plein jour,En agglomération,Intersection en X,Normale,Deux véhicules - côté,,,,,,,,,,,1,2,2,1,3.0
201600011206,0016-08-21 09:15:00,16,8,21,9,15,60,88,"0, VOIE RAPIDE",43.42254,7.15422,Plein jour,En agglomération,Hors intersection,Normale,Deux véhicules - arrière,,,,,,,,,,,1,2,1,1,2.0
201600011207,0016-08-22 12:15:00,16,8,22,12,15,60,88,SAINT-JEAN BAPTISTE (AV.,,,Plein jour,En agglomération,Hors intersection,Normale,Deux véhicules - côté,,,,,,,,,,,1,2,1,1,3.0
201600011208,0016-08-22 13:30:00,16,8,22,13,30,60,88,"0, CHENES BLANCS (CH. DE",43.44084,7.1752,Plein jour,En agglomération,Intersection en T,Normale,Deux véhicules - frontale,,,,,,,,,,,1,2,3,1,1.0
201600011209,0016-08-22 14:40:00,16,8,22,14,40,60,88,CALIFORNIE (AV.) (JUSQU',43.41005,7.13581,Plein jour,En agglomération,Intersection en X,Normale,Deux véhicules - côté,,,,,,,,,,,1,2,2,1,3.0
201600011210,0016-08-22 22:40:00,16,8,22,22,40,60,159,"0, BELLAVISTA (AVENUE)",,,Nuit avec éclairage allumé,Hors agglomération,Intersection en X,Normale,Deux véhicules - côté,,,,,,,,,,,5,1,2,1,3.0
201600011211,0016-08-22 23:40:00,16,8,22,23,40,60,88,"173, OBSERVATOIRE (R. PR",,,Nuit sans éclairage public,Hors agglomération,Hors intersection,Normale,Autre collision,,,,,,,,,,,3,1,1,1,6.0
201600011212,0016-08-23 04:30:00,16,8,23,4,30,60,159,"503, BELLAVISTA (AVENUE)",,,Nuit avec éclairage allumé,En agglomération,Hors intersection,Normale,Deux véhicules - frontale,,,,,,,,,,,5,2,1,1,1.0
201600011213,0016-08-23 12:10:00,16,8,23,12,10,60,88,"340, ANGLAIS (DU Nø 265",,,Plein jour,En agglomération,Hors intersection,Normale,Deux véhicules - arrière,,,,,,,,,,,1,2,1,1,2.0
201600011214,0016-08-24 10:15:00,16,8,24,10,15,60,88,"41, SEMARD (BD PIERRE)",43.43015,7.17251,Plein jour,En agglomération,Hors intersection,Normale,Deux véhicules - côté,,,,,,,,,,,1,2,1,1,3.0
201600011215,0016-08-24 18:10:00,16,8,24,18,10,60,159,BELLAVISTA (AVENUE),,,Plein jour,Hors agglomération,Hors intersection,Normale,Trois véhicules et plus - collisions multiples,,,,,,,,,,,1,1,1,1,5.0
201600011216,0016-08-26 18:00:00,16,8,26,18,0,60,88,"42, SLAMA (RUE MAURICE)",,,Plein jour,En agglomération,Hors intersection,Normale,Trois véhicules et plus - en chaîne,,,,,,,,,,,1,2,1,1,4.0
201600011217,0016-08-26 23:00:00,16,8,26,23,0,60,88,"139, GAIRAUT (AV. DE)",43.73419,7.26145,Nuit avec éclairage allumé,En agglomération,Hors intersection,Normale,Autre collision,,,,,,,,,,,5,2,1,1,6.0
201600011218,0016-08-27 12:15:00,16,8,27,12,15,60,88,"9, PARIS (R. DE)",,,Plein jour,En agglomération,Hors intersection,Normale,Autre collision,,,,,,,,,,,1,2,1,1,6.0
201600011219,0016-08-27 18:30:00,16,8,27,18,30,60,88,TZAREWITCH (BD DU),,,Plein jour,En agglomération,Hors intersection,Normale,Autre collision,,,,,,,,,,,1,2,1,1,6.0
201600011220,0016-08-28 15:30:00,16,8,28,15,30,60,88,"0, CLEMENCEAU (AV. GEORG",,,Plein jour,En agglomération,Intersection en X,Normale,Autre collision,,,,,,,,,,,1,2,2,1,6.0
201600011221,0016-08-29 07:35:00,16,8,29,7,35,60,88,"9, MATISSE (AV. HENRI)",,,Plein jour,En agglomération,Hors intersection,Normale,Deux véhicules - côté,,,,,,,,,,,1,2,1,1,3.0
201600011222,0016-08-31 08:50:00,16,8,31,8,50,60,88,"0, PENETRANTE DU PAILLON",,,Plein jour,En agglomération,Intersection en X,Normale,Deux véhicules - côté,,,,,,,,,,,1,2,2,1,3.0
201600011223,0016-08-31 11:58:00,16,8,31,11,58,60,159,"0, BELLAVISTA (AVENUE)",43.42364,7.19088,Plein jour,Hors agglomération,Hors intersection,Normale,Autre collision,,,,,,,,,,,1,1,1,1,6.0
201600011224,0016-09-01 16:20:00,16,9,1,16,20,60,88,VOIE RAPIDE,,,Plein jour,Hors agglomération,Hors intersection,Normale,Deux véhicules - frontale,,,,,,,,,,,1,1,1,1,1.0