accident_id,datetime,annee,mois,jour,heure,minute,departement,commune_insee,adresse,latitude,longitude,luminosite,agglomeration,intersection,meteo,collision,nb_vehicules,nb_usagers,nb_indemnes,nb_tues,nb_blesses_hosp,nb_blesses_legers,age_cond_1,age_cond_2,veh_type_cond_1,veh_type_cond_2,lum_code,agg_code,int_code,atm_code,col_code
201600011348,0016-12-07 14:05:00,16,12,7,14,5,60,88,GAMBETTA (JUSQU'AU Nø 62,43.70015,7.25611,Plein jour,En agglomération,Hors intersection,Normale,Autre collision,,,,,,,,,,,1,2,1,1,6.0
201600011349,0016-12-07 20:40:00,16,12,7,20,40,60,88,SAINT-LAMBERT (AV.) (A P,43.71579,7.26277,Nuit avec éclairage allumé,Hors agglomération,Hors intersection,Normale,Deux véhicules - frontale,,,,,,,,,,,5,1,1,1,1.0
201600011350,0016-12-08 07:40:00,16,12,8,7,40,60,88,"0, BRANCOLAR (AV.) (A PA",43.71991,7.26639,Plein jour,En agglomération,Hors intersection,Normale,Autre collision,,,,,,,,,,,1,2,1,1,6.0
201600011351,0016-12-08 12:30:00,16,12,8,12,30,60,88,NAPOLEON III (BD),43.67588,7.22068,Plein jour,En agglomération,Intersection en X,Normale,Deux véhicules - côté,,,,,,,,,,,1,2,2,1,3.0
201600011352,0016-12-08 16:00:00,16,12,8,16,0,60,88,"11 BIS, RAYNAUD (BD AUGU",43.71116,7.25893,Plein jour,En agglomération,Intersection en T,Normale,Autre collision,,,,,,,,,,,1,2,3,1,6.0
201600011353,0016-12-08 21:10:00,16,12,8,21,10,60,88,CASSINI (RUE),43.6993,7.28316,Nuit avec éclairage allumé,En agglomération,Intersection en X,Normale,Deux véhicules - côté,,,,,,,,,,,5,2,2,1,3.0
201600011354,0016-12-09 08:30:00,16,12,9,8,30,60,88,"143, ANGLAIS (DU Nø 114",43.68943,7.24296,Plein jour,En agglomération,Hors intersection,Normale,Trois véhicules et plus - collisions multiples,,,,,,,,,,,1,2,1,1,5.0
201600011355,0016-12-10 01:00:00,16,12,10,1,0,60,88,ANGLAIS (A PARTIR DU Nø,43.67861,7.22966,Nuit avec éclairage allumé,En agglomération,Hors intersection,Normale,Deux véhicules - arrière,,,,,,,,,,,5,2,1,1,2.0
201600011356,0016-12-10 08:34:00,16,12,10,8,34,60,88,FAURE (AV. FELIX),43.69839,7.27415,Plein jour,En agglomération,Intersection en X,Normale,Deux véhicules - côté,,,,,,,,,,,1,2,2,1,3.0
201600011357,0016-12-12 10:00:00,16,12,12,10,0,60,88,"0, CASSIN (BD RENE)",43.67501,7.22713,Plein jour,En agglomération,Intersection en X,Normale,Deux véhicules - côté,,,,,,,,,,,1,2,2,1,3.0
201600011358,0016-12-13 12:10:00,16,12,13,12,10,60,88,"0, ST LAMBERT (JUSQU'AU",43.71765,7.26283,Plein jour,En agglomération,Intersection en T,Normale,Deux véhicules - côté,,,,,,,,,,,1,2,3,1,3.0
201600011359,0016-12-15 14:10:00,16,12,15,14,10,60,88,"48, VERANY (BD J.B.)",43.7281,7.27701,Plein jour,En agglomération,Intersection en X,Normale,Deux véhicules - frontale,,,,,,,,,,,1,2,2,1,1.0
201600011360,0016-12-15 17:40:00,16,12,15,17,40,60,88,"0, PENETRANTE DU PAILLON",43.72029,7.28671,Nuit avec éclairage allumé,En agglomération,Hors intersection,Normale,Deux véhicules - arrière,,,,,,,,,,,5,2,1,1,2.0
201600011361,0016-12-17 05:10:00,16,12,17,5,10,60,88,ANGLAIS (DU Nø 265 AU Nø,43.67517,7.22746,Nuit sans éclairage public,En agglomération,Hors intersection,Normale,Deux véhicules - côté,,,,,,,,,,,3,2,1,1,3.0
201600011362,0016-12-17 06:05:00,16,12,17,6,5,60,88,GIOFFREDO (R.),43.70315,7.27716,Nuit avec éclairage allumé,En agglomération,Intersection en T,Normale,Trois véhicules et plus - collisions multiples,,,,,,,,,,,5,2,3,1,5.0
201600011363,0016-12-17 18:00:00,16,12,17,18,0,60,88,"08, avenue Henry DUNANT",43.72078,7.26312,Nuit avec éclairage allumé,En agglomération,Hors intersection,Normale,Autre collision,,,,,,,,,,,5,2,1,1,6.0
201600011364,0016-12-18 17:30:00,16,12,18,17,30,60,88,VOIE RAPIDE,,,Crépuscule ou aube,En agglomération,Hors intersection,Normale,Deux véhicules - côté,,,,,,,,,,,2,2,1,1,3.0
201600011365,0016-12-19 13:15:00,16,12,19,13,15,60,88,"35, DIABLES BLEUS (AV. D",43.70833,7.29142,Plein jour,En agglomération,Hors intersection,Pluie légère,Autre collision,,,,,,,,,,,1,2,1,2,6.0
201600011366,0016-12-19 18:45:00,16,12,19,18,45,60,88,ARENE (AV. PAUL),43.70844,7.25205,Nuit avec éclairage allumé,En agglomération,Hors intersection,Pluie légère,Autre collision,,,,,,,,,,,5,2,1,2,6.0
201600011367,0016-12-18 00:20:00,16,12,18,0,20,60,88,"00, ABATTOIRS (PASS. DES",43.7191,7.28479,Nuit avec éclairage allumé,En agglomération,Hors intersection,Normale,Sans collision,,,,,,,,,,,5,2,1,1,7.0
201600011368,0016-12-19 21:15:00,16,12,19,21,15,60,88,MATISSE (AV. HENRI),43.68796,7.23686,Nuit avec éclairage allumé,En agglomération,Hors intersection,Pluie légère,Autre collision,,,,,,,,,,,5,2,1,2,6.0
201600011369,0016-12-21 14:00:00,16,12,21,14,0,60,88,CENTRAL DU VAR (BD),43.68567,7.1947,Plein jour,Hors agglomération,Intersection en X,Normale,Deux véhicules - côté,,,,,,,,,,,1,1,2,1,3.0
201600011370,0016-12-22 14:15:00,16,12,22,14,15,60,88,"46, SMOLETT (R.)",43.70244,7.28788,Plein jour,En agglomération,Intersection en X,Normale,Autre collision,,,,,,,,,,,1,2,2,1,6.0
201600011371,0016-12-22 23:40:00,16,12,22,23,40,60,88,GAMBETTA (JUSQU'AU Nø 62,43.69524,7.25624,Nuit avec éclairage allumé,En agglomération,Hors intersection,Normale,Deux véhicules - frontale,,,,,,,,,,,5,2,1,1,1.0
201600011372,0016-12-24 01:15:00,16,12,24,1,15,60,88,"FACE 265, ANGLAIS (DU Nø",43.68157,7.23233,Nuit avec éclairage allumé,En agglomération,Hors intersection,Normale,Trois véhicules et plus - collisions multiples,,,,,,,,,,,5,2,1,1,5.0
201600011373,0016-12-24 04:50:00,16,12,24,4,50,60,88,"122, CARNOT (BD)",43.69214,7.2934,Nuit avec éclairage allumé,En agglomération,Hors intersection,Normale,Autre collision,,,,,,,,,,,5,2,1,1,6.0
201600011374,0016-12-25 03:45:00,16,12,25,3,45,60,88,"77, CASSIN (BD RENE)",43.67001,7.22103,Nuit avec éclairage allumé,En agglomération,Hors intersection,Normale,Autre collision,,,,,,,,,,,5,2,1,1,6.0
201600011375,0016-12-26 15:15:00,16,12,26,15,15,60,88,"29, CESSOLE (BD DE) (JUS",43.71267,7.25528,Plein jour,En agglomération,Hors intersection,Normale,Deux véhicules - côté,,,,,,,,,,,1,2,1,1,3.0
201600011376,0016-12-27 20:10:00,16,12,27,20,10,60,88,"63, ARBRE INFERIEUR (AV.",43.71133,7.27888,Nuit avec éclairage allumé,En agglomération,Hors intersection,Normale,Deux véhicules - frontale,,,,,,,,,,,5,2,1,1,1.0
201600011377,0016-12-28 07:41:00,16,12,28,7,41,60,88,"425, CORNIGLION MOLINIER",43.666,7.20823,Nuit avec éclairage allumé,En agglomération,Hors intersection,Normale,Autre collision,,,,,,,,,,,5,2,1,1,6.0
201600011378,0016-12-28 22:50:00,16,12,28,22,50,60,88,"06, PAPACINO (QUAI)",43.69744,7.28367,Nuit avec éclairage allumé,En agglomération,Hors intersection,Normale,Autre collision,,,,,,,,,,,5,2,1,1,6.0
201600011379,0016-12-30 12:20:00,16,12,30,12,20,60,88,"131, SAINT-PIERRE DE FER",43.71099,7.24565,Plein jour,En agglomération,Hors intersection,Normale,Deux véhicules - côté,,,,,,,,,,,1,2,1,1,3.0
201600011380,0016-12-31 17:15:00,16,12,31,17,15,60,88,"0, VEROLA (AV. AUGUSTE)",43.71062,7.192,Plein jour,Hors agglomération,Hors intersection,Normale,Deux véhicules - côté,,,,,,,,,,,1,1,1,1,3.0
201600011381,0016-11-29 07:00:00,16,11,29,7,0,330,99,Inters D936E5 - Calonne,44.80331,-0.48143,Nuit sans éclairage public,En agglomération,Intersection en X,Normale,Deux véhicules - côté,,,,,,,,,,,3,2,2,1,3.0
201600011382,0016-01-01 02:30:00,16,1,1,2,30,580,300,,,,Nuit sans éclairage public,Hors agglomération,Hors intersection,Pluie légère,Deux véhicules - côté,,,,,,,,,,,3,1,1,2,3.0
201600011383,0016-01-02 11:45:00,16,1,2,11,45,580,212,,,,Plein jour,Hors agglomération,Hors intersection,Normale,Sans collision,,,,,,,,,,,1,1,1,1,7.0
201600011384,0016-03-10 08:15:00,16,3,10,8,15,580,207,,,,Plein jour,Hors agglomération,Hors intersection,Autre,Deux véhicules - frontale,,,,,,,,,,,1,1,1,9,1.0
201600011385,0016-04-06 17:00:00,16,4,6,17,0,580,300,route du greux,,,Plein jour,En agglomération,Hors intersection,Normale,Deux véhicules - frontale,,,,,,,,,,,1,2,1,1,1.0
201600011386,0016-04-13 08:15:00,16,4,13,8,15,580,303,jean jacqueq rousseau,,,Plein jour,En agglomération,Giratoire,Normale,Deux véhicules - arrière,,,,,,,,,,,1,2,6,1,2.0
201600011387,0016-07-03 19:15:00,16,7,3,19,15,580,196,,,,Plein jour,Hors agglomération,Hors intersection,Normale,Deux véhicules - côté,,,,,,,,,,,1,1,1,1,3.0
201600011388,0016-07-31 05:00:00,16,7,31,5,0,580,303,,,,Nuit sans éclairage public,Hors agglomération,Hors intersection,Normale,Autre collision,,,,,,,,,,,3,1,1,1,6.0
201600011389,0016-09-24 06:45:00,16,9,24,6,45,580,254,,,,Crépuscule ou aube,Hors agglomération,Hors intersection,Normale,Autre collision,,,,,,,,,,,2,1,1,1,6.0
201600011390,0016-10-05 13:45:00,16,10,5,13,45,580,303,Rue Henri Angelard + rue,,,Plein jour,En agglomération,Hors intersection,Normale,Deux véhicules - frontale,,,,,,,,,,,1,2,1,1,1.0
201600011391,0016-12-05 17:30:00,16,12,5,17,30,580,303,,,,Nuit sans éclairage public,Hors agglomération,Hors intersection,Normale,Deux véhicules - côté,,,,,,,,,,,3,1,1,1,3.0
201600011392,0016-12-14 17:30:00,16,12,14,17,30,580,88,boulevard Beauregard,,,Nuit avec éclairage allumé,En agglomération,Hors intersection,Normale,Autre collision,,,,,,,,,,,5,2,1,1,6.0
201600011393,0016-01-09 17:00:00,16,1,9,17,0,210,515,Boulevard Jean jaurès,47.30597,5.09819,Plein jour,En agglomération,Hors intersection,Normale,Deux véhicules - côté,,,,,,,,,,,1,2,1,1,3.0
201600011394,0016-01-04 12:45:00,16,1,4,12,45,210,171,Route de Bressey,47.30226,5.14085,Plein jour,En agglomération,Hors intersection,Normale,Sans collision,,,,,,,,,,,1,2,1,1,7.0
201600011395,0016-03-15 12:45:00,16,3,15,12,45,210,515,bd de l'université,47.317,5.096,Plein jour,En agglomération,Hors intersection,Normale,Deux véhicules - frontale,,,,,,,,,,,1,2,1,1,1.0
201600011396,0016-07-01 08:00:00,16,7,1,8,0,210,515,Boulevard de l'Europe,47.31764,5.09483,Plein jour,En agglomération,Hors intersection,Normale,Deux véhicules - côté,,,,,,,,,,,1,2,1,1,3.0
201600011397,0016-07-01 16:30:00,16,7,1,16,30,210,515,Avenue du Stade,47.31382,5.11292,Plein jour,En agglomération,Autre intersection,Normale,Autre collision,,,,,,,,,,,1,2,9,1,6.0
201600011398,0016-07-26 19:15:00,16,7,26,19,15,210,605,,47.29301,5.10548,Plein jour,En agglomération,Hors intersection,Normale,Deux véhicules - côté,,,,,,,,,,,1,2,1,1,3.0
201600011399,0016-07-28 12:00:00,16,7,28,12,0,210,515,place Théodore Monot,47.31252,5.11647,Plein jour,En agglomération,Hors intersection,Normale,Autre collision,,,,,,,,,,,1,2,1,1,6.0
201600011400,0016-09-27 07:00:00,16,9,27,7,0,210,515,Rue des Chalands,47.31153,5.10441,Crépuscule ou aube,En agglomération,Hors intersection,Normale,Deux véhicules - côté,,,,,,,,,,,2,2,1,1,3.0
201600011401,0016-05-02 18:30:00,16,5,2,18,30,150,235,,45.001,3.022,Plein jour,Hors agglomération,Hors intersection,Normale,Autre collision,,,,,,,,,,,1,1,1,1,6.0
201600011402,0016-05-20 07:30:00,16,5,20,7,30,150,45,,44.829,2.981,Plein jour,Hors agglomération,Hors intersection,Normale,Autre collision,,,,,,,,,,,1,1,1,1,6.0
201600011403,0016-07-10 05:15:00,16,7,10,5,15,150,152,,44.925,2.87,Nuit avec éclairage non allumé,Hors agglomération,Hors intersection,Normale,Autre collision,,,,,,,,,,,4,1,1,1,6.0
201600011404,0016-07-25 14:45:00,16,7,25,14,45,150,142,,44.903,3.006,Plein jour,Hors agglomération,Hors intersection,Normale,Autre collision,,,,,,,,,,,1,1,1,1,6.0
201600011405,0016-04-06 18:00:00,16,4,6,18,0,130,40,,43.47864,5.5663,Plein jour,Hors agglomération,Hors intersection,Temps éblouissant,Deux véhicules - côté,,,,,,,,,,,1,1,1,7,3.0
201600011406,0016-05-15 07:30:00,16,5,15,7,30,130,40,,,,Plein jour,Hors agglomération,Hors intersection,Normale,Deux véhicules - frontale,,,,,,,,,,,1,1,1,1,1.0
201600011407,0016-05-22 17:30:00,16,5,22,17,30,130,25,,,,Plein jour,Hors agglomération,Hors intersection,Normale,Deux véhicules - côté,,,,,,,,,,,1,1,1,1,3.0
201600011408,0016-06-09 20:30:00,16,6,9,20,30,130,40,,,,Plein jour,Hors agglomération,Hors intersection,Normale,Deux véhicules - frontale,,,,,,,,,,,1,1,1,1,1.0
201600011409,0016-06-26 21:00:00,16,6,26,21,0,130,40,route de gardanne CD6C,43.47794,5.53491,Plein jour,En agglomération,Hors intersection,Normale,Autre collision,,,,,,,,,,,1,2,1,1,6.0
201600011410,0016-07-18 14:00:00,16,7,18,14,0,130,40,,43.481,5.54,Plein jour,Hors agglomération,Hors intersection,Normale,Deux véhicules - frontale,,,,,,,,,,,1,1,1,1,1.0
201600011411,0016-07-24 19:15:00,16,7,24,19,15,130,87,,43.48927,5.62983,Plein jour,Hors agglomération,Hors intersection,Normale,Deux véhicules - frontale,,,,,,,,,,,1,1,1,1,1.0
201600011412,0016-07-28 16:00:00,16,7,28,16,0,130,40,,43.44206,5.55397,Plein jour,Hors agglomération,Hors intersection,Normale,Deux véhicules - frontale,,,,,,,,,,,1,1,1,1,1.0
201600011413,0016-08-24 10:45:00,16,8,24,10,45,130,87,,43.494,5.647,Plein jour,Hors agglomération,Hors intersection,Normale,Trois véhicules et plus - collisions multiples,,,,,,,,,,,1,1,1,1,5.0
201600011414,0016-11-26 17:00:00,16,11,26,17,0,130,25,Hameau de la Geinette,,,Nuit sans éclairage public,Hors agglomération,Hors intersection,Normale,Deux véhicules - frontale,,,,,,,,,,,3,1,1,1,1.0
201600011415,0016-01-18 13:30:00,16,1,18,13,30,470,45,,44.1383,0.39386,Plein jour,Hors agglomération,Hors intersection,Pluie légère,Trois véhicules et plus - collisions multiples,,,,,,,,,,,1,1,1,2,5.0
201600011416,0016-03-14 10:15:00,16,3,14,10,15,470,143,ROQUEMARCEAU,44.184,0.29365,Plein jour,En agglomération,Hors intersection,Normale,Autre collision,,,,,,,,,,,1,2,1,1,6.0
201600011417,0016-03-23 17:30:00,16,3,23,17,30,470,180,LDT REVIGNAN,44.1362,0.46513,Plein jour,Hors agglomération,Hors intersection,Normale,Deux véhicules - frontale,,,,,,,,,,,1,1,1,1,1.0
201600011418,0016-04-19 14:30:00,16,4,19,14,30,470,174,LDT LESCOUT,44.0464,0.36385,Plein jour,Hors agglomération,Hors intersection,Normale,Sans collision,,,,,,,,,,,1,1,1,1,7.0
201600011419,0016-04-22 17:45:00,16,4,22,17,45,470,318,LDT LACROIX,44.2354,0.32221,Plein jour,Hors agglomération,Hors intersection,Normale,Deux véhicules - côté,,,,,,,,,,,1,1,1,1,3.0
201600011420,0016-04-28 07:45:00,16,4,28,7,45,470,318,LDT LAGRANGE,44.1946,0.32838,Plein jour,Hors agglomération,Hors intersection,Normale,Deux véhicules - frontale,,,,,,,,,,,1,1,1,1,1.0
201600011421,0016-06-02 16:45:00,16,6,2,16,45,470,21,LAUSSEIGNAN,44.1768,0.25963,Plein jour,En agglomération,Hors intersection,Normale,Deux véhicules - frontale,,,,,,,,,,,1,2,1,1,1.0
201600011422,0016-07-01 18:00:00,16,7,1,18,0,470,327,LIEU-DIT PEYRICHON,44.196,0.25749,Plein jour,Hors agglomération,Hors intersection,Normale,Autre collision,,,,,,,,,,,1,1,1,1,6.0
201600011423,0016-07-31 13:00:00,16,7,31,13,0,470,195,LIEU-DIT FONTAINE,44.1391,0.29989,Plein jour,Hors agglomération,Hors intersection,Normale,Sans collision,,,,,,,,,,,1,1,1,1,7.0
201600011424,0016-08-01 07:45:00,16,8,1,7,45,470,287,LDT LA BOURDETTE,44.1253,0.46521,Plein jour,Hors agglomération,Hors intersection,Normale,Sans collision,,,,,,,,,,,1,1,1,1,7.0
201600011425,0016-09-16 16:15:00,16,9,16,16,15,470,318,LDT CALEZUN,44.2288,0.32412,Plein jour,Hors agglomération,Intersection en T,Pluie légère,Deux véhicules - côté,,,,,,,,,,,1,1,3,2,3.0
201600011426,0016-12-23 18:30:00,16,12,23,18,30,470,143,ROUTE DE NERAC-D930,44.173,0.29308,Nuit sans éclairage public,En agglomération,Hors intersection,Pluie légère,Autre collision,,,,,,,,,,,3,2,1,2,6.0
201600011427,0016-12-31 11:20:00,16,12,31,11,20,70,19,BOISVIGNAL (AVENUE),44.61387,4.39359,Plein jour,En agglomération,Intersection en T,Normale,Deux véhicules - côté,,,,,,,,,,,1,2,3,1,3.0
201600011428,0016-01-20 20:45:00,16,1,20,20,45,70,231,104 ( ROUTE DEPÄRTEMENTA,,,Nuit sans éclairage public,Hors agglomération,Hors intersection,Normale,Autre collision,,,,,,,,,,,3,1,1,1,6.0
201600011429,0016-01-22 23:40:00,16,1,22,23,40,70,116,RN 102,44.6378,4.37497,Nuit sans éclairage public,Hors agglomération,Hors intersection,Pluie légère,Deux véhicules - frontale,,,,,,,,,,,3,1,1,2,1.0
201600011430,0016-01-27 07:35:00,16,1,27,7,35,70,19,ROQUA(AVE DE),,,Nuit avec éclairage allumé,En agglomération,Intersection en T,Temps couvert,Deux véhicules - frontale,,,,,,,,,,,5,2,3,8,1.0
201600011431,0016-01-28 17:00:00,16,1,28,17,0,70,19,"5, PASTEUR ( BOULEVARD)",,,Crépuscule ou aube,En agglomération,Hors intersection,Normale,Autre collision,,,,,,,,,,,2,2,1,1,6.0
201600011432,0016-02-27 00:55:00,16,2,27,0,55,70,19,"FACE nø 10, CAMILLE LAPR",44.6195,4.39425,Nuit avec éclairage allumé,En agglomération,Intersection en T,Pluie légère,Deux véhicules - côté,,,,,,,,,,,5,2,3,2,3.0
201600011433,0016-02-19 12:20:00,16,2,19,12,20,70,19,"34, MONTELIMAR ( ROUTE D",44.61541,4.40105,Plein jour,En agglomération,Giratoire,Normale,Deux véhicules - côté,,,,,,,,,,,1,2,6,1,3.0
201600011434,0016-02-21 12:15:00,16,2,21,12,15,70,19,"2, PAIX (PLACE DE LA)",,,Plein jour,Hors agglomération,Hors intersection,Normale,Autre collision,,,,,,,,,,,1,1,1,1,6.0
201600011435,0016-03-17 08:03:00,16,3,17,8,3,70,19,"9, VAUCANSON ( RUE )",44.0,4.0,Plein jour,En agglomération,Hors intersection,Normale,Deux véhicules - arrière,,,,,,,,,,,1,2,1,1,2.0
201600011436,0016-03-29 14:00:00,16,3,29,14,0,70,19,"18, DOCTEUR PARGOIRE (RU",44.6188,4.38463,Plein jour,En agglomération,Hors intersection,Normale,Autre collision,,,,,,,,,,,1,2,1,1,6.0
201600011437,0016-04-04 17:20:00,16,4,4,17,20,70,19,COTE DE VILLE RN 102,44.59222,4.42097,Plein jour,Hors agglomération,Hors intersection,Temps couvert,Deux véhicules - côté,,,,,,,,,,,1,1,1,8,3.0
201600011438,0016-04-13 18:00:00,16,4,13,18,0,70,19,RN 102,44.62436,4.38586,Plein jour,Hors agglomération,Hors intersection,Temps couvert,Deux véhicules - frontale,,,,,,,,,,,1,1,1,8,1.0
201600011439,0016-04-11 16:45:00,16,4,11,16,45,70,19,"1, VALS ( ROUTE DE )",44.62097,4.39219,Plein jour,En agglomération,Hors intersection,Normale,Autre collision,,,,,,,,,,,1,2,1,1,6.0
201600011440,0016-04-16 16:50:00,16,4,16,16,50,70,19,"28, ROCHE NOIRE (CHEMIN",44.61702,4.37986,Plein jour,En agglomération,Intersection en X,Normale,Deux véhicules - côté,,,,,,,,,,,1,2,2,1,3.0
201600011441,0016-06-01 17:50:00,16,6,1,17,50,70,325,RD 578 BIS,44.38214,4.23196,Plein jour,Hors agglomération,Hors intersection,Normale,Deux véhicules - côté,,,,,,,,,,,1,1,1,1,3.0
201600011442,0016-06-27 22:00:00,16,6,27,22,0,70,19,"08, JEAN MATHON (FAUBOUR",,,Nuit avec éclairage allumé,En agglomération,Hors intersection,Normale,Autre collision,,,,,,,,,,,5,2,1,1,6.0
201600011443,0016-07-11 17:50:00,16,7,11,17,50,70,19,RN 102,44.62436,4.38588,Plein jour,Hors agglomération,Hors intersection,Normale,Deux véhicules - côté,,,,,,,,,,,1,1,1,1,3.0
201600011444,0016-07-23 17:30:00,16,7,23,17,30,70,19,RN 102,44.63038,4.38038,Plein jour,Hors agglomération,Hors intersection,Normale,Deux véhicules - arrière,,,,,,,,,,,1,1,1,1,2.0
201600011445,0016-10-20 09:10:00,16,10,20,9,10,70,19,"49, BELLANDE (AVENUE DE",44.6093,4.39564,Plein jour,En agglomération,Giratoire,Normale,Deux véhicules - côté,,,,,,,,,,,1,2,6,1,3.0
201600011446,0016-11-05 17:30:00,16,11,5,17,30,70,19,RN 102,44.59229,4.42212,Nuit sans éclairage public,Hors agglomération,Hors intersection,Pluie forte,Deux véhicules - côté,,,,,,,,,,,3,1,1,3,3.0
201600011447,0016-11-11 05:05:00,16,11,11,5,5,70,231,"720, CAVE COOPERATIVE (R",44.59493,4.39041,Nuit sans éclairage public,En agglomération,Hors intersection,Normale,Autre collision,,,,,,,,,,,3,2,1,1,6.0
201600011448,0016-12-10 05:30:00,16,12,10,5,30,70,231,"10, Vieux Stade (Chemin",44.59774,4.37887,Nuit avec éclairage allumé,En agglomération,Hors intersection,Normale,Autre collision,,,,,,,,,,,5,2,1,1,6.0
201600011449,0016-12-15 12:20:00,16,12,15,12,20,70,19,RN 102,44.61255,4.40816,Plein jour,Hors agglomération,Giratoire,Normale,Deux véhicules - arrière,,,,,,,,,,,1,1,6,1,2.0
201600011450,0016-02-04 08:48:00,16,2,4,8,48,70,102,"24, REPUBLIQUE (AV. DE L",44.93241,4.88172,Plein jour,En agglomération,Hors intersection,Normale,Trois véhicules et plus - en chaîne,,,,,,,,,,,1,2,1,1,4.0
201600011451,0016-02-11 11:25:00,16,2,11,11,25,70,70,"184, COLONNEL ROUSSET (A",44.96763,4.85008,Plein jour,En agglomération,Hors intersection,Normale,Deux véhicules - arrière,,,,,,,,,,,1,2,1,1,2.0
201600011452,0016-03-14 23:45:00,16,3,14,23,45,70,281,"0, BEYLESSE (ROND-POINT)",44.94541,4.85244,Nuit avec éclairage allumé,En agglomération,Giratoire,Normale,Autre collision,,,,,,,,,,,5,2,6,1,6.0
201600011453,0016-03-19 20:10:00,16,3,19,20,10,70,102,"0, REPUBLIQUE (AV.DE LA)",,,Nuit avec éclairage allumé,En agglomération,Hors intersection,Normale,Autre collision,,,,,,,,,,,5,2,1,1,6.0
201600011454,0016-03-28 11:05:00,16,3,28,11,5,70,70,"0, GRANGES (VOIE COMMUNA",44.9605,4.85222,Plein jour,En agglomération,Intersection en T,Temps couvert,Trois véhicules et plus - collisions multiples,,,,,,,,,,,1,2,3,8,5.0
201600011455,0016-04-04 08:05:00,16,4,4,8,5,70,102,"0, LYON (AVENUE DE)",44.9333,4.85686,Plein jour,En agglomération,Intersection en T,Normale,Deux véhicules - côté,,,,,,,,,,,1,2,3,1,3.0
201600011456,0016-04-04 15:20:00,16,4,4,15,20,70,316,"0, MONTGOLFIERS (AVENENU",44.89041,4.85033,Plein jour,Hors agglomération,Giratoire,Normale,Autre collision,,,,,,,,,,,1,1,6,1,6.0
201600011457,0016-04-21 17:00:00,16,4,21,17,0,70,102,"1449, REPUBLIQUE (AV. DE",44.93866,4.86511,Plein jour,En agglomération,Hors intersection,Normale,Autre collision,,,,,,,,,,,1,2,1,1,6.0
201600011458,0016-04-25 09:20:00,16,4,25,9,20,70,102,"0, Jean MOULIN (Rue)",44.93844,4.86377,Plein jour,En agglomération,Hors intersection,Normale,Autre collision,,,,,,,,,,,1,2,1,1,6.0
201600011459,0016-05-01 07:40:00,16,5,1,7,40,70,281,C.D. 533 (VERS LE PUY),44.94052,4.83316,Plein jour,Hors agglomération,Hors intersection,Normale,Deux véhicules - frontale,,,,,,,,,,,1,1,1,1,1.0
201600011460,0016-05-20 17:25:00,16,5,20,17,25,70,281,"0, GROSS-UMSTADT (AVENUE",44.94261,4.85969,Plein jour,En agglomération,Hors intersection,Normale,Autre collision,,,,,,,,,,,1,2,1,1,6.0
201600011461,0016-05-21 13:30:00,16,5,21,13,30,70,102,Avenue Georges CLEMENCEA,,,Plein jour,En agglomération,Intersection en T,Normale,Sans collision,,,,,,,,,,,1,2,3,1,7.0
201600011462,0016-07-02 17:20:00,16,7,2,17,20,70,281,HUIT MAI (AVENUE DU),44.94605,4.8493,Plein jour,En agglomération,Hors intersection,Normale,Autre collision,,,,,,,,,,,1,2,1,1,6.0
201600011463,0016-07-13 09:05:00,16,7,13,9,5,70,102,"260, PASCAL (RUE BLAISE)",44.93072,4.86277,Plein jour,En agglomération,Intersection en X,Normale,Deux véhicules - côté,,,,,,,,,,,1,2,2,1,3.0
201600011464,0016-07-13 16:45:00,16,7,13,16,45,70,70,"189, COLONNEL ROUSSET (A",,,Plein jour,En agglomération,Intersection en X,Normale,Deux véhicules - côté,,,,,,,,,,,1,2,2,1,3.0
201600011465,0016-07-14 13:25:00,16,7,14,13,25,70,102,TREMOLETS (Rue des),44.93813,4.86222,Plein jour,En agglomération,Intersection en T,Normale,Deux véhicules - côté,,,,,,,,,,,1,2,3,1,3.0
201600011466,0016-07-29 09:30:00,16,7,29,9,30,70,281,"0, CASSIN (RUE RENE)",44.94905,4.84355,Plein jour,En agglomération,Intersection en T,Normale,Autre collision,,,,,,,,,,,1,2,3,1,6.0
201600011467,0016-07-23 18:50:00,16,7,23,18,50,70,281,GAULLE (AVENUE CHARLES D,,,Plein jour,Hors agglomération,Hors intersection,Normale,Deux véhicules - côté,,,,,,,,,,,1,1,1,1,3.0
201600011468,0016-08-16 09:45:00,16,8,16,9,45,70,102,"1449, REPUBLIQUE (AV. DE",,,Plein jour,En agglomération,Hors intersection,Normale,Deux véhicules - frontale,,,,,,,,,,,1,2,1,1,1.0
201600011469,0016-09-29 16:50:00,16,9,29,16,50,70,102,Jean MOULIN (Rue),,,Plein jour,En agglomération,Hors intersection,Normale,Autre collision,,,,,,,,,,,1,2,1,1,6.0
201600011470,0016-10-13 08:30:00,16,10,13,8,30,70,70,"204, COLONNEL ROUSSET (A",,,Crépuscule ou aube,Hors agglomération,Hors intersection,Pluie légère,Deux véhicules - côté,,,,,,,,,,,2,1,1,2,3.0
201600011471,0016-11-12 11:30:00,16,11,12,11,30,70,281,DUCROS (AV. LOUIS FREDER,,,Plein jour,En agglomération,Hors intersection,Normale,Deux véhicules - arrière,,,,,,,,,,,1,2,1,1,2.0
201600011472,0016-11-12 18:28:00,16,11,12,18,28,70,102,MISTRAL (PONT FREDERIC),,,Nuit avec éclairage allumé,En agglomération,Hors intersection,Normale,Trois véhicules et plus - en chaîne,,,,,,,,,,,5,2,1,1,4.0