accident_id,datetime,annee,mois,jour,heure,minute,departement,commune_insee,adresse,latitude,longitude,luminosite,agglomeration,intersection,meteo,collision,nb_vehicules,nb_usagers,nb_indemnes,nb_tues,nb_blesses_hosp,nb_blesses_legers,age_cond_1,age_cond_2,veh_type_cond_1,veh_type_cond_2,lum_code,agg_code,int_code,atm_code,col_code
201600011473,0016-11-22 14:40:00,16,11,22,14,40,70,102,LONES (PONT DES),,,Plein jour,Hors agglomération,Hors intersection,Pluie légère,Deux véhicules - frontale,,,,,,,,,,,1,1,1,2,1.0
201600011474,0016-11-27 19:30:00,16,11,27,19,30,70,102,"1130, SADI-CARNOT (AV.)",,,Nuit avec éclairage allumé,En agglomération,Giratoire,Normale,Deux véhicules - côté,,,,,,,,,,,5,2,6,1,3.0
201600011475,0016-03-14 09:45:00,16,3,14,9,45,110,202,,42.92001,3.01819,Plein jour,Hors agglomération,Hors intersection,Normale,Deux véhicules - frontale,,,,,,,,,,,1,1,1,1,1.0
201600011476,0016-04-30 19:45:00,16,4,30,19,45,110,202,,42.93622,3.01865,Crépuscule ou aube,Hors agglomération,Hors intersection,Vent fort / tempête,Sans collision,,,,,,,,,,,2,1,1,6,7.0
201600011477,0016-06-05 07:00:00,16,6,5,7,0,110,202,,42.92999,3.01356,Plein jour,Hors agglomération,Hors intersection,Normale,Sans collision,,,,,,,,,,,1,1,1,1,7.0
201600011478,0016-06-29 23:15:00,16,6,29,23,15,110,144,,42.90424,3.00055,Nuit sans éclairage public,Hors agglomération,Hors intersection,Normale,Autre collision,,,,,,,,,,,3,1,1,1,6.0
201600011479,0016-08-21 19:45:00,16,8,21,19,45,110,144,,42.92575,2.99443,Plein jour,Hors agglomération,Hors intersection,Normale,Deux véhicules - frontale,,,,,,,,,,,1,1,1,1,1.0
201600011480,0016-02-19 19:15:00,16,2,19,19,15,570,38,RUE NAPOLEON 1ER,49.48002,5.96139,Nuit avec éclairage allumé,En agglomération,Hors intersection,Temps couvert,Autre collision,,,,,,,,,,,5,2,1,8,6.0
201600011481,0016-05-23 22:30:00,16,5,23,22,30,570,41,,,,Nuit sans éclairage public,Hors agglomération,Hors intersection,Normale,Deux véhicules - côté,,,,,,,,,,,3,1,1,1,3.0
201600011482,0016-05-25 04:30:00,16,5,25,4,30,570,41,,,,Crépuscule ou aube,Hors agglomération,Hors intersection,Normale,Deux véhicules - frontale,,,,,,,,,,,2,1,1,1,1.0
201600011483,0016-05-24 15:00:00,16,5,24,15,0,570,38,,,,Plein jour,Hors agglomération,Hors intersection,Normale,Deux véhicules - côté,,,,,,,,,,,1,1,1,1,3.0
201600011484,0016-05-30 12:30:00,16,5,30,12,30,570,529,D59,,,Plein jour,En agglomération,Hors intersection,Pluie forte,Deux véhicules - frontale,,,,,,,,,,,1,2,1,3,1.0
201600011485,0016-05-31 14:30:00,16,5,31,14,30,570,38,,,,Plein jour,Hors agglomération,Hors intersection,Pluie légère,Deux véhicules - frontale,,,,,,,,,,,1,1,1,2,1.0
201600011486,0016-06-10 17:00:00,16,6,10,17,0,570,38,,,,Plein jour,Hors agglomération,Hors intersection,Normale,Deux véhicules - côté,,,,,,,,,,,1,1,1,1,3.0
201600011487,0016-06-16 05:45:00,16,6,16,5,45,570,498,,49.33356,6.00186,Plein jour,Hors agglomération,Hors intersection,Normale,Autre collision,,,,,,,,,,,1,1,1,1,6.0
201600011488,0016-07-17 10:45:00,16,7,17,10,45,570,498,rue des ecoles,,,Plein jour,En agglomération,Hors intersection,Normale,Deux véhicules - frontale,,,,,,,,,,,1,2,1,1,1.0
201600011489,0016-09-27 17:00:00,16,9,27,17,0,570,38,"55, rue du maréchal Foch",49.47561,5.95788,Plein jour,En agglomération,Hors intersection,Normale,Autre collision,,,,,,,,,,,1,2,1,1,6.0
201600011490,0016-01-19 18:14:00,16,1,19,18,14,70,186,"1, VIVARAIS (BLD.DU)",44.72333,4.60661,Nuit avec éclairage allumé,Hors agglomération,Giratoire,Normale,Deux véhicules - côté,,,,,,,,,,,5,1,6,1,3.0
201600011491,0016-05-14 03:30:00,16,5,14,3,30,70,186,TRAM (CHEMIN DU),,,Nuit sans éclairage public,Hors agglomération,Hors intersection,Normale,Sans collision,,,,,,,,,,,3,1,1,1,7.0
201600011492,0016-05-30 12:35:00,16,5,30,12,35,70,186,", EGLISE (RUE DE L')",,,Plein jour,En agglomération,Intersection en T,Normale,Autre collision,,,,,,,,,,,1,2,3,1,6.0
201600011493,0016-05-21 11:00:00,16,5,21,11,0,70,186,"15, PALAIS (COURS DU)",,,Plein jour,En agglomération,Hors intersection,Normale,Autre collision,,,,,,,,,,,1,2,1,1,6.0
201600011494,0016-06-22 08:10:00,16,6,22,8,10,70,8,D2 ( ROUTE DEPARTEMENTAL,,,Plein jour,Hors agglomération,Hors intersection,Normale,Autre collision,,,,,,,,,,,1,1,1,1,6.0
201600011495,0016-06-23 10:35:00,16,6,23,10,35,70,186,"62, GRADS (CHEMIN DES)",44.43361,4.36494,Plein jour,En agglomération,Hors intersection,Normale,Sans collision,,,,,,,,,,,1,2,1,1,7.0
201600011496,0016-06-26 11:55:00,16,6,26,11,55,70,186,"5, HUGO (PLACE VICTOR)",44.73496,4.59645,Plein jour,En agglomération,Hors intersection,Normale,Autre collision,,,,,,,,,,,1,2,1,1,6.0
201600011497,0016-08-03 17:05:00,16,8,3,17,5,70,186,"36, AUBENAS (ROUTE D')",44.73258,4.58538,Plein jour,En agglomération,Hors intersection,Normale,Deux véhicules - frontale,,,,,,,,,,,1,2,1,1,1.0
201600011498,0016-08-07 18:25:00,16,8,7,18,25,70,186,"2, ESPLANADE (COURS DE L",44.73474,4.59867,Plein jour,En agglomération,Hors intersection,Normale,Deux véhicules - frontale,,,,,,,,,,,1,2,1,1,1.0
201600011499,0016-06-06 19:00:00,16,6,6,19,0,70,186,GRADS (CHEMIN DES),,,Plein jour,Hors agglomération,Intersection en Y,Normale,Deux véhicules - côté,,,,,,,,,,,1,1,4,1,3.0
201600011500,0016-08-20 18:15:00,16,8,20,18,15,70,8,D2 ( ROUTE DEPARTEMENTAL,44.71261,4.63552,Plein jour,Hors agglomération,Hors intersection,Normale,Sans collision,,,,,,,,,,,1,1,1,1,7.0
201600011501,0016-07-12 17:30:00,16,7,12,17,30,70,8,"0, ROSE  ( QUARTIER )",,,Plein jour,Hors agglomération,Hors intersection,Pluie légère,Trois véhicules et plus - en chaîne,,,,,,,,,,,1,1,1,2,4.0
201600011502,0016-11-10 17:40:00,16,11,10,17,40,70,186,"1, PETIT TOURNON (AVENUE",44.7381,4.60156,Nuit avec éclairage allumé,En agglomération,Intersection en Y,Pluie légère,Autre collision,,,,,,,,,,,5,2,4,2,6.0
201600011503,0016-12-12 08:50:00,16,12,12,8,50,70,186,"5, BOURRET (RUE DU DOCTE",44.7322,4.59236,Plein jour,En agglomération,Hors intersection,Normale,Autre collision,,,,,,,,,,,1,2,1,1,6.0
201600011504,0016-12-06 17:50:00,16,12,6,17,50,70,186,"42, MINES (ROUTES DES) A",,,Nuit avec éclairage allumé,En agglomération,Hors intersection,Normale,Autre collision,,,,,,,,,,,5,2,1,1,6.0
201600011505,0016-01-24 18:45:00,16,1,24,18,45,340,134,D5,43.5901,3.80098,Nuit avec éclairage allumé,En agglomération,Intersection en X,Normale,Trois véhicules et plus - collisions multiples,,,,,,,,,,,5,2,2,1,5.0
201600011506,0016-02-04 16:00:00,16,2,4,16,0,340,282,,43.6275,3.68673,Plein jour,Hors agglomération,Hors intersection,Normale,Autre collision,,,,,,,,,,,1,1,1,1,6.0
201600011507,0016-04-29 12:30:00,16,4,29,12,30,340,134,,43.577,3.79501,Plein jour,Hors agglomération,Hors intersection,Normale,Deux véhicules - côté,,,,,,,,,,,1,1,1,1,3.0
201600011508,0016-04-29 16:15:00,16,4,29,16,15,340,163,,43.6813,3.69255,Plein jour,Hors agglomération,Hors intersection,Normale,Sans collision,,,,,,,,,,,1,1,1,1,7.0
201600011509,0016-06-04 17:15:00,16,6,4,17,15,340,123,LES PORTES DU SOLEIL,43.6133,3.80617,Plein jour,En agglomération,Hors intersection,Normale,Autre collision,,,,,,,,,,,1,2,1,1,6.0
201600011510,0016-07-19 08:15:00,16,7,19,8,15,340,202,CD5,43.5846,3.77833,Plein jour,En agglomération,Hors intersection,Normale,Trois véhicules et plus - collisions multiples,,,,,,,,,,,1,2,1,1,5.0
201600011511,0016-08-22 14:45:00,16,8,22,14,45,340,134,,43.5898,3.80042,Plein jour,Hors agglomération,Hors intersection,Normale,Deux véhicules - côté,,,,,,,,,,,1,1,1,1,3.0
201600011512,0016-10-09 02:30:00,16,10,9,2,30,340,123,ROUTE DE SAINT GEORGES,43.61,3.80196,Nuit avec éclairage allumé,En agglomération,Hors intersection,Normale,Deux véhicules - frontale,,,,,,,,,,,5,2,1,1,1.0
201600011513,0016-01-09 16:15:00,16,1,9,16,15,110,397,avenue de gaulle,43.212,2.442,Plein jour,En agglomération,Hors intersection,Normale,Autre collision,,,,,,,,,,,1,2,1,1,6.0
201600011514,0016-02-24 16:00:00,16,2,24,16,0,110,397,29 Route de Béziers,43.20756,2.4533,Plein jour,En agglomération,Hors intersection,Normale,Autre collision,,,,,,,,,,,1,2,1,1,6.0
201600011515,0016-04-02 02:45:00,16,4,2,2,45,110,27,Avenue de Carcassonne,43.186,2.503,Nuit sans éclairage public,En agglomération,Hors intersection,Normale,Autre collision,,,,,,,,,,,3,2,1,1,6.0
201600011516,0016-04-20 14:15:00,16,4,20,14,15,110,146,,43.17486,2.48147,Plein jour,Hors agglomération,Hors intersection,Normale,Sans collision,,,,,,,,,,,1,1,1,1,7.0
201600011517,0016-05-14 08:00:00,16,5,14,8,0,110,257,,43.15056,2.48102,Plein jour,Hors agglomération,Hors intersection,Normale,Autre collision,,,,,,,,,,,1,1,1,1,6.0
201600011518,0016-07-26 17:45:00,16,7,26,17,45,110,68,,43.19663,2.54084,Plein jour,Hors agglomération,Hors intersection,Normale,Deux véhicules - frontale,,,,,,,,,,,1,1,1,1,1.0
201600011519,0016-06-06 11:30:00,16,6,6,11,30,230,77,,45.72429,1.93691,Plein jour,Hors agglomération,Hors intersection,Normale,Deux véhicules - frontale,,,,,,,,,,,1,1,1,1,1.0
201600011520,0016-06-20 14:00:00,16,6,20,14,0,230,77,,45.74557,1.93673,Plein jour,Hors agglomération,Hors intersection,Normale,Deux véhicules - frontale,,,,,,,,,,,1,1,1,1,1.0
201600011521,0016-07-14 17:45:00,16,7,14,17,45,230,140,000000M4591,45.91341,2.19695,Plein jour,En agglomération,Hors intersection,Normale,Autre collision,,,,,,,,,,,1,2,1,1,6.0
201600011522,0016-01-13 07:15:00,16,1,13,7,15,910,249,A10,48.6046,2.07894,Crépuscule ou aube,Hors agglomération,Hors intersection,Normale,Autre collision,,,,,,,,,,,2,1,1,1,6.0
201600011523,0016-01-15 20:15:00,16,1,15,20,15,910,249,A10,48.60458,2.07898,Nuit sans éclairage public,Hors agglomération,Hors intersection,Normale,Autre collision,,,,,,,,,,,3,1,1,1,6.0
201600011524,0016-01-18 23:00:00,16,1,18,23,0,910,17,A10,48.599,2.05788,Nuit sans éclairage public,Hors agglomération,Hors intersection,Normale,Deux véhicules - arrière,,,,,,,,,,,3,1,1,1,2.0
201600011525,0016-01-20 22:30:00,16,1,20,22,30,280,26,,48.31994,1.86317,Nuit sans éclairage public,Hors agglomération,Hors intersection,Normale,Autre collision,,,,,,,,,,,3,1,1,1,6.0
201600011526,0016-02-17 18:15:00,16,2,17,18,15,780,120,,48.638,2.011,Crépuscule ou aube,Hors agglomération,Hors intersection,Normale,Autre collision,,,,,,,,,,,2,1,1,1,6.0
201600011527,0016-03-19 10:15:00,16,3,19,10,15,780,9,,48.455,1.91,Plein jour,Hors agglomération,Hors intersection,Normale,Deux véhicules - arrière,,,,,,,,,,,1,1,1,1,2.0
201600011528,0016-03-30 17:45:00,16,3,30,17,45,780,9,,48.482,1.912,Plein jour,Hors agglomération,Hors intersection,Pluie légère,Deux véhicules - côté,,,,,,,,,,,1,1,1,2,3.0
201600011529,0016-04-24 06:45:00,16,4,24,6,45,910,363,A10,48.64145,2.15566,Crépuscule ou aube,Hors agglomération,Hors intersection,Normale,Autre collision,,,,,,,,,,,2,1,1,1,6.0
201600011530,0016-05-21 19:00:00,16,5,21,19,0,780,537,,,,Plein jour,Hors agglomération,Hors intersection,Pluie légère,Autre collision,,,,,,,,,,,1,1,1,2,6.0
201600011531,0016-05-27 16:15:00,16,5,27,16,15,780,87,,48.629,2.04,Plein jour,Hors agglomération,Hors intersection,Temps éblouissant,Deux véhicules - frontale,,,,,,,,,,,1,1,1,7,1.0
201600011532,0016-05-30 13:45:00,16,5,30,13,45,780,470,,,,Plein jour,Hors agglomération,Hors intersection,Pluie légère,Autre collision,,,,,,,,,,,1,1,1,2,6.0
201600011533,0016-06-01 11:30:00,16,6,1,11,30,780,569,,,,Plein jour,Hors agglomération,Hors intersection,Temps couvert,Autre collision,,,,,,,,,,,1,1,1,8,6.0
201600011534,0016-06-02 05:30:00,16,6,2,5,30,780,522,,,,Crépuscule ou aube,Hors agglomération,Hors intersection,Pluie légère,Autre collision,,,,,,,,,,,2,1,1,2,6.0
201600011535,0016-06-14 14:00:00,16,6,14,14,0,780,601,,48.546,1.882,Plein jour,Hors agglomération,Hors intersection,Normale,Sans collision,,,,,,,,,,,1,1,1,1,7.0
201600011536,0016-06-22 01:45:00,16,6,22,1,45,780,349,,48.586,2.02,Nuit avec éclairage non allumé,Hors agglomération,Hors intersection,Normale,Deux véhicules - arrière,,,,,,,,,,,4,1,1,1,2.0
201600011537,0016-06-28 14:45:00,16,6,28,14,45,910,17,A10,48.59485,2.04857,Plein jour,Hors agglomération,Hors intersection,Normale,Trois véhicules et plus - en chaîne,,,,,,,,,,,1,1,1,1,4.0
201600011538,0016-07-24 08:15:00,16,7,24,8,15,280,92,,48.34193,1.86894,Plein jour,Hors agglomération,Hors intersection,Normale,Sans collision,,,,,,,,,,,1,1,1,1,7.0
201600011539,0016-08-13 20:45:00,16,8,13,20,45,910,319,A10,48.6419,2.15654,Plein jour,Hors agglomération,Hors intersection,Normale,Deux véhicules - arrière,,,,,,,,,,,1,1,1,1,2.0
201600011540,0016-08-19 19:45:00,16,8,19,19,45,780,506,,,,Plein jour,Hors agglomération,Hors intersection,Normale,Deux véhicules - arrière,,,,,,,,,,,1,1,1,1,2.0
201600011541,0016-08-27 02:15:00,16,8,27,2,15,280,169,,48.43709,1.90613,Nuit sans éclairage public,Hors agglomération,Hors intersection,Normale,Autre collision,,,,,,,,,,,3,1,1,1,6.0
201600011542,0016-09-02 19:45:00,16,9,2,19,45,910,319,A10,48.64039,2.15399,Plein jour,Hors agglomération,Hors intersection,Normale,Deux véhicules - arrière,,,,,,,,,,,1,1,1,1,2.0
201600011543,0016-10-06 08:00:00,16,10,6,8,0,280,363,,48.41329,1.89716,Plein jour,Hors agglomération,Hors intersection,Normale,Autre collision,,,,,,,,,,,1,1,1,1,6.0
201600011544,0016-11-11 07:30:00,16,11,11,7,30,780,3,,,,Plein jour,Hors agglomération,Autre intersection,Normale,Autre collision,,,,,,,,,,,1,1,9,1,6.0
201600011545,0016-11-27 13:15:00,16,11,27,13,15,910,111,A10,,,Plein jour,Hors agglomération,Hors intersection,Normale,Deux véhicules - arrière,,,,,,,,,,,1,1,1,1,2.0
201600011546,0016-12-13 11:00:00,16,12,13,11,0,910,363,A10,48.65997,2.18525,Plein jour,Hors agglomération,Hors intersection,Normale,Deux véhicules - arrière,,,,,,,,,,,1,1,1,1,2.0
201600011547,0016-02-23 21:15:00,16,2,23,21,15,510,54,D20,49.28553,4.38172,Nuit sans éclairage public,Hors agglomération,Hors intersection,Normale,Deux véhicules - frontale,,,,,,,,,,,3,1,1,1,1.0
201600011548,0016-03-12 19:30:00,16,3,12,19,30,510,105,A34,49.265,4.08584,Nuit sans éclairage public,Hors agglomération,Hors intersection,Normale,Autre collision,,,,,,,,,,,3,1,1,1,6.0
201600011549,0016-01-29 06:00:00,16,1,29,6,0,690,7,,45.506,4.802,Crépuscule ou aube,Hors agglomération,Hors intersection,Autre,Sans collision,,,,,,,,,,,2,1,1,9,7.0
201600011550,0016-03-01 21:00:00,16,3,1,21,0,690,118,316 montée des pérouzes,,,Nuit avec éclairage allumé,En agglomération,Hors intersection,Normale,Autre collision,,,,,,,,,,,5,2,1,1,6.0
201600011551,0016-03-10 10:30:00,16,3,10,10,30,690,7,,,,Plein jour,Hors agglomération,Intersection en T,Normale,Deux véhicules - côté,,,,,,,,,,,1,1,3,1,3.0
201600011552,0016-04-09 17:00:00,16,4,9,17,0,690,91,,,,Plein jour,Hors agglomération,Hors intersection,Normale,Autre collision,,,,,,,,,,,1,1,1,1,6.0
201600011553,0016-04-28 13:45:00,16,4,28,13,45,690,189,RD 386,,,Plein jour,En agglomération,Hors intersection,Normale,Autre collision,,,,,,,,,,,1,2,1,1,6.0
201600011554,0016-10-09 16:30:00,16,10,9,16,30,690,64,8 rue de la mairie,45.46356,4.76829,Plein jour,En agglomération,Hors intersection,Normale,Autre collision,,,,,,,,,,,1,2,1,1,6.0
201600011555,0016-11-24 14:30:00,16,11,24,14,30,690,80,Route de la croix Régis,45.54207,4.72991,Plein jour,Hors agglomération,Hors intersection,Brouillard / fumée,Autre collision,,,,,,,,,,,1,1,1,5,6.0
201600011556,0016-01-17 01:45:00,16,1,17,1,45,370,50,AVENUE DE LA REPUBLIQUE,,,Nuit avec éclairage allumé,En agglomération,Hors intersection,Autre,Autre collision,,,,,,,,,,,5,2,1,9,6.0
201600011557,0016-02-07 14:15:00,16,2,7,14,15,370,50,AVENUE DE LA REPUBLIQUE,,,Plein jour,En agglomération,Hors intersection,Normale,Deux véhicules - côté,,,,,,,,,,,1,2,1,1,3.0
201600011558,0016-03-27 10:00:00,16,3,27,10,0,370,50,,,,Plein jour,Hors agglomération,Hors intersection,Vent fort / tempête,Deux véhicules - arrière,,,,,,,,,,,1,1,1,6,2.0
201600011559,0016-05-04 21:45:00,16,5,4,21,45,370,50,AVENUE DE LA REPUBLIQUE,,,Nuit avec éclairage allumé,En agglomération,Hors intersection,Normale,Deux véhicules - côté,,,,,,,,,,,5,2,1,1,3.0
201600011560,0016-07-06 14:00:00,16,7,6,14,0,370,18,ROUTE DU GOLF,,,Plein jour,Hors agglomération,Hors intersection,Normale,Autre collision,,,,,,,,,,,1,1,1,1,6.0
201600011561,0016-09-01 07:00:00,16,9,1,7,0,370,18,BD JEAN JAURES,,,Plein jour,En agglomération,Hors intersection,Normale,Deux véhicules - côté,,,,,,,,,,,1,2,1,1,3.0
201600011562,0016-04-06 16:30:00,16,4,6,16,30,290,43,rue de Quimper ,48.3565,-4.2581,Plein jour,En agglomération,Hors intersection,Normale,Deux véhicules - côté,,,,,,,,,,,1,2,1,1,3.0
201600011563,0016-04-19 18:15:00,16,4,19,18,15,290,80,rue émile salaun,48.32868,-4.24168,Plein jour,En agglomération,Hors intersection,Normale,Deux véhicules - arrière,,,,,,,,,,,1,2,1,1,2.0
201600011564,0016-07-17 11:45:00,16,7,17,11,45,290,137,Reunguen,48.35176,-4.27109,Plein jour,Hors agglomération,Hors intersection,Normale,Autre collision,,,,,,,,,,,1,1,1,1,6.0
201600011565,0016-08-28 01:15:00,16,8,28,1,15,290,80,Traon Ar Roz,,,Nuit sans éclairage public,Hors agglomération,Hors intersection,Normale,Autre collision,,,,,,,,,,,3,1,1,1,6.0
201600011566,0016-03-26 19:30:00,16,3,26,19,30,330,229,avenue de la rÃ(c)publiq,,,Plein jour,En agglomération,Intersection en X,Normale,Deux véhicules - arrière,,,,,,,,,,,1,2,2,1,2.0
201600011567,0016-04-19 14:15:00,16,4,19,14,15,330,5,Carref D3 et D3E8,44.73971,-1.09391,Plein jour,En agglomération,Intersection en T,Normale,Sans collision,,,,,,,,,,,1,2,3,1,7.0
201600011568,0016-04-27 03:45:00,16,4,27,3,45,330,229,,,,Nuit sans éclairage public,Hors agglomération,Hors intersection,Normale,Sans collision,,,,,,,,,,,3,1,1,1,7.0
201600011569,0016-05-07 20:30:00,16,5,7,20,30,330,229,D3 et VC de la sabliere,44.7007,-1.02577,Crépuscule ou aube,Hors agglomération,Intersection en T,Normale,Deux véhicules - côté,,,,,,,,,,,2,1,3,1,3.0
201600011570,0016-06-16 16:15:00,16,6,16,16,15,330,5,50 Av des colonies D3E8,44.74458,-1.0852,Plein jour,En agglomération,Hors intersection,Pluie légère,Deux véhicules - côté,,,,,,,,,,,1,2,1,2,3.0
201600011571,0016-06-24 15:45:00,16,6,24,15,45,330,5,D3,44.75617,-1.11409,Plein jour,Hors agglomération,Hors intersection,Normale,Deux véhicules - frontale,,,,,,,,,,,1,1,1,1,1.0
201600011572,0016-08-30 16:45:00,16,8,30,16,45,330,229,,,,Plein jour,Hors agglomération,Hors intersection,Normale,Autre collision,,,,,,,,,,,1,1,1,1,6.0
201600011573,0016-09-03 19:30:00,16,9,3,19,30,330,229,23 AV LIBERATION,44.7033,-1.03692,Plein jour,En agglomération,Hors intersection,Normale,Trois véhicules et plus - en chaîne,,,,,,,,,,,1,2,1,1,4.0
201600011574,0016-09-11 07:00:00,16,9,11,7,0,330,229,13 Route du Temple,44.78681,-0.93568,Crépuscule ou aube,En agglomération,Hors intersection,Normale,Deux véhicules - frontale,,,,,,,,,,,2,2,1,1,1.0
201600011575,0016-10-28 16:45:00,16,10,28,16,45,330,5,40TER Bd REPUBLIQUE,44.73383,-1.08249,Plein jour,En agglomération,Hors intersection,Normale,Deux véhicules - côté,,,,,,,,,,,1,2,1,1,3.0
201600011576,0016-10-31 17:00:00,16,10,31,17,0,330,5,RD1215 / VC,44.74694,-1.08952,Plein jour,En agglomération,Intersection en X,Temps éblouissant,Deux véhicules - frontale,,,,,,,,,,,1,2,2,7,1.0
201600011577,0016-01-07 05:45:00,16,1,7,5,45,600,142,route départementale 118,49.12825,2.53145,Nuit sans éclairage public,En agglomération,Hors intersection,Pluie légère,Autre collision,,,,,,,,,,,3,2,1,2,6.0
201600011578,0016-03-29 16:15:00,16,3,29,16,15,600,482,,49.13576,2.5074,Plein jour,Hors agglomération,Hors intersection,Temps éblouissant,Autre collision,,,,,,,,,,,1,1,1,7,6.0
201600011579,0016-07-28 05:30:00,16,7,28,5,30,600,142,,49.13614,2.53099,Plein jour,Hors agglomération,Hors intersection,Normale,Autre collision,,,,,,,,,,,1,1,1,1,6.0
201600011580,0016-08-22 16:00:00,16,8,22,16,0,600,482,,49.14308,2.54071,Plein jour,Hors agglomération,Hors intersection,Normale,Deux véhicules - frontale,,,,,,,,,,,1,1,1,1,1.0
201600011581,0016-09-09 17:15:00,16,9,9,17,15,600,482,,49.13884,2.49293,Plein jour,Hors agglomération,Hors intersection,Normale,Deux véhicules - côté,,,,,,,,,,,1,1,1,1,3.0
201600011582,0016-10-04 23:30:00,16,10,4,23,30,600,505,,49.17013,2.55959,Nuit sans éclairage public,Hors agglomération,Hors intersection,Normale,Deux véhicules - frontale,,,,,,,,,,,3,1,1,1,1.0
201600011583,0016-11-12 11:30:00,16,11,12,11,30,600,494,,49.09988,2.57636,Crépuscule ou aube,Hors agglomération,Hors intersection,Pluie légère,Deux véhicules - frontale,,,,,,,,,,,2,1,1,2,1.0
201600011584,0016-02-07 14:00:00,16,2,7,14,0,730,257,,45.36686,6.51872,Plein jour,Hors agglomération,Hors intersection,Neige / grêle,Trois véhicules et plus - collisions multiples,,,,,,,,,,,1,1,1,4,5.0
201600011585,0016-03-09 07:15:00,16,3,9,7,15,730,257,Lieu-dit Reberty,,,Plein jour,En agglomération,Hors intersection,Normale,Autre collision,,,,,,,,,,,1,2,1,1,6.0
201600011586,0016-10-09 23:45:00,16,10,9,23,45,510,147,A4,49.02962,4.48579,Nuit sans éclairage public,Hors agglomération,Hors intersection,Normale,Autre collision,,,,,,,,,,,3,1,1,1,6.0
201600011587,0016-10-20 23:15:00,16,10,20,23,15,510,545,A26,48.75911,4.23654,Nuit sans éclairage public,Hors agglomération,Hors intersection,Normale,Deux véhicules - arrière,,,,,,,,,,,3,1,1,1,2.0
201600011588,0016-03-22 09:45:00,16,3,22,9,45,770,69,D637,48.45554,2.61065,Plein jour,Hors agglomération,Hors intersection,Temps éblouissant,Deux véhicules - frontale,,,,,,,,,,,1,1,1,7,1.0
201600011589,0016-04-02 11:15:00,16,4,2,11,15,770,458,A77,48.19395,2.76816,Plein jour,Hors agglomération,Hors intersection,Normale,Deux véhicules - arrière,,,,,,,,,,,1,1,1,1,2.0
201600011590,0016-04-05 03:15:00,16,4,5,3,15,770,370,,,,Nuit sans éclairage public,Hors agglomération,Hors intersection,Normale,Deux véhicules - arrière,,,,,,,,,,,3,1,1,1,2.0
201600011591,0016-03-31 16:30:00,16,3,31,16,30,910,441,A6,48.846,2.507,Plein jour,Hors agglomération,Hors intersection,Pluie légère,Autre collision,,,,,,,,,,,1,1,1,2,6.0
201600011592,0016-05-28 23:30:00,16,5,28,23,30,910,441,A6,48.505,2.506,Nuit sans éclairage public,Hors agglomération,Hors intersection,Pluie forte,Autre collision,,,,,,,,,,,3,1,1,3,6.0
201600011593,0016-06-24 16:15:00,16,6,24,16,15,770,477,A6,,,Plein jour,Hors agglomération,Hors intersection,Normale,Trois véhicules et plus - collisions multiples,,,,,,,,,,,1,1,1,1,5.0
201600011594,0016-08-05 05:30:00,16,8,5,5,30,770,458,,,,Nuit sans éclairage public,Hors agglomération,Hors intersection,Normale,Autre collision,,,,,,,,,,,3,1,1,1,6.0
201600011595,0016-08-24 22:00:00,16,8,24,22,0,770,412,,,,Nuit sans éclairage public,Hors agglomération,Hors intersection,Normale,Trois véhicules et plus - collisions multiples,,,,,,,,,,,3,1,1,1,5.0
201600011596,0016-10-17 13:50:00,16,10,17,13,50,770,412,RN 37 - PR 0.350 - sens,48.47218,2.51185,Plein jour,Hors agglomération,Hors intersection,Temps couvert,Autre collision,,,,,,,,,,,1,1,1,8,6.0
201600011597,0016-10-23 18:00:00,16,10,23,18,0,770,69,Route départementale 637,48.45565,2.60906,Plein jour,Hors agglomération,Hors intersection,Pluie forte,Deux véhicules - frontale,,,,,,,,,,,1,1,1,3,1.0
201600011598,0016-11-14 07:05:00,16,11,14,7,5,770,370,Autoroute A77 PK 0.900,48.22097,2.76807,Plein jour,Hors agglomération,Hors intersection,Normale,Deux véhicules - arrière,,,,,,,,,,,1,1,1,1,2.0
201600011599,0016-11-22 01:00:00,16,11,22,1,0,450,26,,48.11741,2.98081,Nuit sans éclairage public,Hors agglomération,Hors intersection,Normale,Autre collision,,,,,,,,,,,3,1,1,1,6.0
201600011600,0016-11-24 12:25:00,16,11,24,12,25,770,1,Autoroute A6 - sens Pari,48.36679,2.56696,Plein jour,Hors agglomération,Hors intersection,Normale,Deux véhicules - arrière,,,,,,,,,,,1,1,1,1,2.0
201600011601,0016-11-27 13:20:00,16,11,27,13,20,770,71,"Autoroute A6, PK 84+700,",48.1967,2.80816,Plein jour,Hors agglomération,Hors intersection,Normale,Sans collision,,,,,,,,,,,1,1,1,1,7.0
201600011602,0016-12-13 21:25:00,16,12,13,21,25,770,216,autoroute A6,48.30749,2.65861,Nuit sans éclairage public,Hors agglomération,Hors intersection,Normale,Autre collision,,,,,,,,,,,3,1,1,1,6.0
201600011603,0016-12-26 06:00:00,16,12,26,6,0,450,26,,,,Nuit sans éclairage public,Hors agglomération,Hors intersection,Pluie légère,Autre collision,,,,,,,,,,,3,1,1,2,6.0