accident_id,datetime,annee,mois,jour,heure,minute,departement,commune_insee,adresse,latitude,longitude,luminosite,agglomeration,intersection,meteo,collision,nb_vehicules,nb_usagers,nb_indemnes,nb_tues,nb_blesses_hosp,nb_blesses_legers,age_cond_1,age_cond_2,veh_type_cond_1,veh_type_cond_2,lum_code,agg_code,int_code,atm_code,col_code
201600011604,0016-01-02 14:00:00,16,1,2,14,0,620,259,,,,Plein jour,Hors agglomération,Hors intersection,Normale,Autre collision,,,,,,,,,,,1,1,1,1,6.0
201600011605,0016-01-12 06:30:00,16,1,12,6,30,620,259,,,,Nuit sans éclairage public,Hors agglomération,Hors intersection,Pluie légère,Deux véhicules - arrière,,,,,,,,,,,3,1,1,2,2.0
201600011606,0016-02-11 03:30:00,16,2,11,3,30,620,829,,,,Nuit sans éclairage public,Hors agglomération,Hors intersection,Normale,Deux véhicules - frontale,,,,,,,,,,,3,1,1,1,1.0
201600011607,0016-05-31 16:30:00,16,5,31,16,30,620,426,,,,Plein jour,Hors agglomération,Hors intersection,Pluie légère,Autre collision,,,,,,,,,,,1,1,1,2,6.0
201600011608,0016-08-08 10:30:00,16,8,8,10,30,620,829,,,,Plein jour,Hors agglomération,Hors intersection,Pluie forte,Deux véhicules - côté,,,,,,,,,,,1,1,1,3,3.0
201600011609,0016-09-03 06:45:00,16,9,3,6,45,620,476,,,,Crépuscule ou aube,Hors agglomération,Hors intersection,Normale,Deux véhicules - arrière,,,,,,,,,,,2,1,1,1,2.0
201600011610,0016-09-07 13:30:00,16,9,7,13,30,620,259,,,,Plein jour,Hors agglomération,Hors intersection,Normale,Deux véhicules - arrière,,,,,,,,,,,1,1,1,1,2.0
201600011611,0016-09-07 15:00:00,16,9,7,15,0,620,839,,,,Plein jour,Hors agglomération,Hors intersection,Normale,Trois véhicules et plus - en chaîne,,,,,,,,,,,1,1,1,1,4.0
201600011612,0016-10-21 23:15:00,16,10,21,23,15,620,801,RD 57,50.39115,2.7384,Nuit avec éclairage allumé,En agglomération,Hors intersection,Normale,Autre collision,,,,,,,,,,,5,2,1,1,6.0
201600011613,0016-12-01 18:45:00,16,12,1,18,45,620,93,,,,Nuit sans éclairage public,Hors agglomération,Hors intersection,Normale,Autre collision,,,,,,,,,,,3,1,1,1,6.0
201600011614,0016-01-17 16:30:00,16,1,17,16,30,800,204,,,,Plein jour,Hors agglomération,Hors intersection,Normale,Sans collision,,,,,,,,,,,1,1,1,1,7.0
201600011615,0016-01-20 07:00:00,16,1,20,7,0,800,288,,,,Crépuscule ou aube,Hors agglomération,Autre intersection,Temps couvert,Trois véhicules et plus - en chaîne,,,,,,,,,,,2,1,9,8,4.0
201600011616,0016-02-07 15:45:00,16,2,7,15,45,800,428,,,,Plein jour,Hors agglomération,Hors intersection,Normale,Autre collision,,,,,,,,,,,1,1,1,1,6.0
201600011617,0016-03-17 06:30:00,16,3,17,6,30,800,521,,,,Crépuscule ou aube,Hors agglomération,Hors intersection,Normale,Deux véhicules - frontale,,,,,,,,,,,2,1,1,1,1.0
201600011618,0016-04-26 16:00:00,16,4,26,16,0,800,685,AUTOROUTE A1,,,Plein jour,Hors agglomération,Autre intersection,Normale,Deux véhicules - arrière,,,,,,,,,,,1,1,9,1,2.0
201600011619,0016-05-09 07:15:00,16,5,9,7,15,800,467,,,,Crépuscule ou aube,Hors agglomération,Hors intersection,Normale,Autre collision,,,,,,,,,,,2,1,1,1,6.0
201600011620,0016-05-09 13:15:00,16,5,9,13,15,800,313,A1 - 125+000,,,Plein jour,Hors agglomération,Hors intersection,Normale,Deux véhicules - arrière,,,,,,,,,,,1,1,1,1,2.0
201600011621,0016-06-01 11:30:00,16,6,1,11,30,800,342,A29,,,Plein jour,Hors agglomération,Hors intersection,Temps couvert,Deux véhicules - arrière,,,,,,,,,,,1,1,1,8,2.0
201600011622,0016-06-03 16:45:00,16,6,3,16,45,800,551,A29 - 237+300,,,Plein jour,Hors agglomération,Hors intersection,Temps couvert,Autre collision,,,,,,,,,,,1,1,1,8,6.0
201600011623,0016-07-11 18:15:00,16,7,11,18,15,800,417,A29 - 223+750,,,Plein jour,Hors agglomération,Hors intersection,Normale,Autre collision,,,,,,,,,,,1,1,1,1,6.0
201600011624,0016-07-27 03:00:00,16,7,27,3,0,800,204,A1 - 136+900,,,Nuit sans éclairage public,Hors agglomération,Hors intersection,Normale,Trois véhicules et plus - collisions multiples,,,,,,,,,,,3,1,1,1,5.0
201600011625,0016-09-27 17:15:00,16,9,27,17,15,800,741,A29 - 230+300,49.85766,2.78461,Plein jour,Hors agglomération,Hors intersection,Normale,Sans collision,,,,,,,,,,,1,1,1,1,7.0
201600011626,0016-10-02 22:45:00,16,10,2,22,45,800,101,A1 - 93+700,,,Nuit sans éclairage public,Hors agglomération,Hors intersection,Normale,Trois véhicules et plus - collisions multiples,,,,,,,,,,,3,1,1,1,5.0
201600011627,0016-10-12 14:30:00,16,10,12,14,30,800,646,A1 - 110+200,49.79195,2.8038,Plein jour,Hors agglomération,Autre intersection,Normale,Deux véhicules - arrière,,,,,,,,,,,1,1,9,1,2.0
201600011628,0016-11-07 06:28:00,16,11,7,6,28,800,555,A29 -250+0900,49.8313,3.04612,Nuit sans éclairage public,Hors agglomération,Hors intersection,Pluie légère,Deux véhicules - arrière,,,,,,,,,,,3,1,1,2,2.0
201600011629,0016-12-12 03:25:00,16,12,12,3,25,800,2,A1 - 118+000,49.85265,2.83267,Nuit sans éclairage public,Hors agglomération,Hors intersection,Brouillard / fumée,Trois véhicules et plus - en chaîne,,,,,,,,,,,3,1,1,5,4.0
201600011630,0016-01-15 18:45:00,16,1,15,18,45,130,51,,,,Nuit sans éclairage public,Hors agglomération,Hors intersection,Normale,Trois véhicules et plus - en chaîne,,,,,,,,,,,3,1,1,1,4.0
201600011631,0016-03-22 21:30:00,16,3,22,21,30,130,112,,,,Nuit sans éclairage public,Hors agglomération,Hors intersection,Normale,Deux véhicules - arrière,,,,,,,,,,,3,1,1,1,2.0
201600011632,0016-04-04 16:30:00,16,4,4,16,30,130,103,,43.62768,5.1121,Plein jour,Hors agglomération,Hors intersection,Normale,Deux véhicules - arrière,,,,,,,,,,,1,1,1,1,2.0
201600011633,0016-04-07 17:00:00,16,4,7,17,0,130,44,,,,Plein jour,Hors agglomération,Hors intersection,Normale,Deux véhicules - arrière,,,,,,,,,,,1,1,1,1,2.0
201600011634,0016-04-13 09:45:00,16,4,13,9,45,130,105,,43.74201,5.09012,Plein jour,Hors agglomération,Hors intersection,Normale,Deux véhicules - arrière,,,,,,,,,,,1,1,1,1,2.0
201600011635,0016-04-16 11:45:00,16,4,16,11,45,130,118,,,,Plein jour,Hors agglomération,Hors intersection,Normale,Trois véhicules et plus - en chaîne,,,,,,,,,,,1,1,1,1,4.0
201600011636,0016-05-04 07:45:00,16,5,4,7,45,130,37,,,,Plein jour,Hors agglomération,Hors intersection,Normale,Autre collision,,,,,,,,,,,1,1,1,1,6.0
201600011637,0016-05-07 22:30:00,16,5,7,22,30,130,1,,,,Nuit sans éclairage public,Hors agglomération,Hors intersection,Normale,Sans collision,,,,,,,,,,,3,1,1,1,7.0
201600011638,0016-05-24 07:00:00,16,5,24,7,0,130,67,,,,Plein jour,Hors agglomération,Hors intersection,Normale,Sans collision,,,,,,,,,,,1,1,1,1,7.0
201600011639,0016-06-04 12:30:00,16,6,4,12,30,130,76,,,,Plein jour,Hors agglomération,Hors intersection,Normale,Deux véhicules - côté,,,,,,,,,,,1,1,1,1,3.0
201600011640,0016-06-09 23:45:00,16,6,9,23,45,130,67,,,,Nuit sans éclairage public,Hors agglomération,Hors intersection,Normale,Autre collision,,,,,,,,,,,3,1,1,1,6.0
201600011641,0016-06-17 10:15:00,16,6,17,10,15,130,103,,,,Plein jour,Hors agglomération,Hors intersection,Normale,Trois véhicules et plus - en chaîne,,,,,,,,,,,1,1,1,1,4.0
201600011642,0016-06-19 23:30:00,16,6,19,23,30,130,118,,,,Nuit sans éclairage public,Hors agglomération,Hors intersection,Normale,Trois véhicules et plus - en chaîne,,,,,,,,,,,3,1,1,1,4.0
201600011643,0016-06-20 06:15:00,16,6,20,6,15,130,103,,,,Plein jour,Hors agglomération,Hors intersection,Normale,Deux véhicules - arrière,,,,,,,,,,,1,1,1,1,2.0
201600011644,0016-07-09 11:45:00,16,7,9,11,45,130,105,,,,Plein jour,Hors agglomération,Hors intersection,Normale,Deux véhicules - frontale,,,,,,,,,,,1,1,1,1,1.0
201600011645,0016-07-10 11:45:00,16,7,10,11,45,130,76,,43.82,5.023,Plein jour,Hors agglomération,Hors intersection,Normale,Deux véhicules - côté,,,,,,,,,,,1,1,1,1,3.0
201600011646,0016-07-17 09:15:00,16,7,17,9,15,130,103,,43.654,5.101,Plein jour,Hors agglomération,Hors intersection,Normale,Autre collision,,,,,,,,,,,1,1,1,1,6.0
201600011647,0016-08-03 18:00:00,16,8,3,18,0,130,51,,,,Plein jour,Hors agglomération,Hors intersection,Normale,Deux véhicules - côté,,,,,,,,,,,1,1,1,1,3.0
201600011648,0016-08-05 09:15:00,16,8,5,9,15,130,51,,43.597,5.295,Plein jour,Hors agglomération,Autre intersection,Normale,Deux véhicules - arrière,,,,,,,,,,,1,1,9,1,2.0
201600011649,0016-09-17 09:30:00,16,9,17,9,30,130,37,,,,Plein jour,Hors agglomération,Hors intersection,Normale,Sans collision,,,,,,,,,,,1,1,1,1,7.0
201600011650,0016-09-18 12:15:00,16,9,18,12,15,130,1,,,,Plein jour,Hors agglomération,Hors intersection,Normale,Sans collision,,,,,,,,,,,1,1,1,1,7.0
201600011651,0016-09-23 15:30:00,16,9,23,15,30,130,103,,,,Plein jour,Hors agglomération,Hors intersection,Normale,Sans collision,,,,,,,,,,,1,1,1,1,7.0
201600011652,0016-09-27 09:15:00,16,9,27,9,15,130,112,,,,Plein jour,Hors agglomération,Hors intersection,Normale,Deux véhicules - côté,,,,,,,,,,,1,1,1,1,3.0
201600011653,0016-10-27 15:45:00,16,10,27,15,45,130,97,,,,Plein jour,Hors agglomération,Hors intersection,Normale,Deux véhicules - arrière,,,,,,,,,,,1,1,1,1,2.0
201600011654,0016-10-27 18:15:00,16,10,27,18,15,130,103,,,,Plein jour,Hors agglomération,Hors intersection,Normale,Autre collision,,,,,,,,,,,1,1,1,1,6.0
201600011655,0016-11-10 20:30:00,16,11,10,20,30,130,51,,43.588,5.175,Nuit sans éclairage public,Hors agglomération,Hors intersection,Normale,Trois véhicules et plus - collisions multiples,,,,,,,,,,,3,1,1,1,5.0
201600011656,0016-11-19 05:15:00,16,11,19,5,15,130,118,,,,Nuit sans éclairage public,Hors agglomération,Hors intersection,Brouillard / fumée,Deux véhicules - arrière,,,,,,,,,,,3,1,1,5,2.0
201600011657,0016-12-01 00:15:00,16,12,1,0,15,130,105,,,,Nuit sans éclairage public,Hors agglomération,Hors intersection,Normale,Deux véhicules - arrière,,,,,,,,,,,3,1,1,1,2.0
201600011658,0016-12-04 13:15:00,16,12,4,13,15,130,51,A7,,,Plein jour,Hors agglomération,Hors intersection,Normale,Autre collision,,,,,,,,,,,1,1,1,1,6.0
201600011659,0016-11-03 21:15:00,16,11,3,21,15,130,76,,,,Nuit sans éclairage public,Hors agglomération,Hors intersection,Normale,Trois véhicules et plus - en chaîne,,,,,,,,,,,3,1,1,1,4.0
201600011660,0016-12-07 23:15:00,16,12,7,23,15,130,103,,,,Nuit sans éclairage public,Hors agglomération,Hors intersection,Normale,Autre collision,,,,,,,,,,,3,1,1,1,6.0
201600011661,0016-12-09 15:45:00,16,12,9,15,45,130,103,,43.63945,5.02647,Plein jour,Hors agglomération,Hors intersection,Normale,Sans collision,,,,,,,,,,,1,1,1,1,7.0
201600011662,0016-12-12 15:30:00,16,12,12,15,30,130,49,,,,Plein jour,Hors agglomération,Hors intersection,Normale,Deux véhicules - arrière,,,,,,,,,,,1,1,1,1,2.0
201600011663,0016-12-31 19:30:00,16,12,31,19,30,130,81,,43.5071,5.23643,Nuit sans éclairage public,Hors agglomération,Hors intersection,Normale,Autre collision,,,,,,,,,,,3,1,1,1,6.0
201600011664,0016-02-01 01:15:00,16,2,1,1,15,840,87,,,,Nuit sans éclairage public,Hors agglomération,Hors intersection,Normale,Deux véhicules - frontale,,,,,,,,,,,3,1,1,1,1.0
201600011665,0016-05-14 23:45:00,16,5,14,23,45,840,19,,,,Nuit sans éclairage public,Hors agglomération,Hors intersection,Normale,Trois véhicules et plus - collisions multiples,,,,,,,,,,,3,1,1,1,5.0
201600011666,0016-08-15 09:30:00,16,8,15,9,30,840,81,,,,Plein jour,Hors agglomération,Hors intersection,Normale,Autre collision,,,,,,,,,,,1,1,1,1,6.0
201600011667,0016-08-16 14:30:00,16,8,16,14,30,840,19,,,,Plein jour,Hors agglomération,Hors intersection,Normale,Deux véhicules - arrière,,,,,,,,,,,1,1,1,1,2.0
201600011668,0016-09-10 12:00:00,16,9,10,12,0,300,221,,44.06173,4.76615,Plein jour,Hors agglomération,Hors intersection,Normale,Trois véhicules et plus - en chaîne,,,,,,,,,,,1,1,1,1,4.0
201600011669,0016-10-11 17:45:00,16,10,11,17,45,840,91,,,,Plein jour,Hors agglomération,Hors intersection,Normale,Deux véhicules - arrière,,,,,,,,,,,1,1,1,1,2.0
201600011670,0016-01-04 08:15:00,16,1,4,8,15,600,686,,49.20581,2.38867,Plein jour,Hors agglomération,Intersection en T,Normale,Deux véhicules - côté,,,,,,,,,,,1,1,3,1,3.0
201600011671,0016-01-14 19:30:00,16,1,14,19,30,600,686,,49.20769,2.39971,Nuit sans éclairage public,Hors agglomération,Hors intersection,Pluie légère,Deux véhicules - frontale,,,,,,,,,,,3,1,1,2,1.0
201600011672,0016-01-14 12:00:00,16,1,14,12,0,600,74,Grande Rue,49.22248,2.35559,Plein jour,En agglomération,Hors intersection,Normale,Deux véhicules - arrière,,,,,,,,,,,1,2,1,1,2.0
201600011673,0016-02-03 11:00:00,16,2,3,11,0,600,393,,49.26542,2.37238,Plein jour,Hors agglomération,Hors intersection,Temps couvert,Autre collision,,,,,,,,,,,1,1,1,8,6.0
201600011674,0016-03-03 08:00:00,16,3,3,8,0,600,513,Départementale 17,49.20585,2.37449,Plein jour,En agglomération,Hors intersection,Normale,Trois véhicules et plus - en chaîne,,,,,,,,,,,1,2,1,1,4.0
201600011675,0016-05-03 16:15:00,16,5,3,16,15,600,584,,49.21582,2.41708,Plein jour,Hors agglomération,Hors intersection,Normale,Deux véhicules - côté,,,,,,,,,,,1,1,1,1,3.0
201600011676,0016-06-22 18:15:00,16,6,22,18,15,600,651,,49.28443,2.29182,Plein jour,Hors agglomération,Hors intersection,Normale,Deux véhicules - frontale,,,,,,,,,,,1,1,1,1,1.0
201600011677,0016-06-21 20:45:00,16,6,21,20,45,600,584,Rue de la Libération,49.21268,2.40864,Plein jour,En agglomération,Hors intersection,Normale,Deux véhicules - arrière,,,,,,,,,,,1,2,1,1,2.0
201600011678,0016-08-04 01:15:00,16,8,4,1,15,600,513,route de neuilly,49.20071,2.36478,Nuit avec éclairage non allumé,En agglomération,Hors intersection,Normale,Autre collision,,,,,,,,,,,4,2,1,1,6.0
201600011679,0016-08-19 09:15:00,16,8,19,9,15,600,686,9 rue saint exupéry,49.21301,2.40125,Plein jour,En agglomération,Hors intersection,Normale,Autre collision,,,,,,,,,,,1,2,1,1,6.0
201600011680,0016-11-02 15:45:00,16,11,2,15,45,600,686,,49.20861,2.40261,Plein jour,Hors agglomération,Hors intersection,Normale,Trois véhicules et plus - collisions multiples,,,,,,,,,,,1,1,1,1,5.0
201600011681,0016-01-17 17:15:00,16,1,17,17,15,250,381,,47.27495,5.97009,Crépuscule ou aube,Hors agglomération,Hors intersection,Normale,Autre collision,,,,,,,,,,,2,1,1,1,6.0
201600011682,0016-04-16 12:15:00,16,4,16,12,15,250,368,,47.33017,6.13309,Plein jour,Hors agglomération,Autre intersection,Pluie forte,Autre collision,,,,,,,,,,,1,1,9,3,6.0
201600011683,0016-06-23 17:30:00,16,6,23,17,30,250,410,RN 57 PR 020.000,47.22433,6.07623,Plein jour,En agglomération,Autre intersection,Normale,Trois véhicules et plus - collisions multiples,,,,,,,,,,,1,2,9,1,5.0
201600011684,0016-10-01 16:00:00,16,10,1,16,0,250,527,,47.19639,5.80295,Plein jour,Hors agglomération,Hors intersection,Pluie légère,Autre collision,,,,,,,,,,,1,1,1,2,6.0
201600011685,0016-12-12 16:00:00,16,12,12,16,0,250,445,,47.056,5.879,Crépuscule ou aube,Hors agglomération,Hors intersection,Pluie légère,Trois véhicules et plus - collisions multiples,,,,,,,,,,,2,1,1,2,5.0
201600011686,0016-01-30 16:15:00,16,1,30,16,15,760,484,,49.33807,1.0726,Plein jour,Hors agglomération,Hors intersection,Temps couvert,Autre collision,,,,,,,,,,,1,1,1,8,6.0
201600011687,0016-02-01 05:15:00,16,2,1,5,15,760,457,,49.33894,0.95932,Nuit avec éclairage non allumé,Hors agglomération,Hors intersection,Normale,Deux véhicules - côté,,,,,,,,,,,4,1,1,1,3.0
201600011688,0016-04-14 14:45:00,16,4,14,14,45,760,484,,49.33505,1.07737,Plein jour,Hors agglomération,Hors intersection,Normale,Deux véhicules - côté,,,,,,,,,,,1,1,1,1,3.0
201600011689,0016-04-29 16:45:00,16,4,29,16,45,270,497,,49.36967,0.75096,Plein jour,Hors agglomération,Hors intersection,Pluie légère,Deux véhicules - arrière,,,,,,,,,,,1,1,1,2,2.0
201600011690,0016-06-17 14:45:00,16,6,17,14,45,760,484,,49.34587,1.03913,Plein jour,Hors agglomération,Hors intersection,Pluie légère,Deux véhicules - côté,,,,,,,,,,,1,1,1,2,3.0
201600011691,0016-06-28 08:15:00,16,6,28,8,15,760,319,,49.34062,1.02335,Plein jour,Hors agglomération,Hors intersection,Normale,Autre collision,,,,,,,,,,,1,1,1,1,6.0
201600011692,0016-07-09 03:00:00,16,7,9,3,0,760,484,,49.34029,1.06776,Nuit avec éclairage allumé,Hors agglomération,Hors intersection,Normale,Deux véhicules - frontale,,,,,,,,,,,5,1,1,1,1.0
201600011693,0016-07-18 16:00:00,16,7,18,16,0,270,497,,49.36995,0.75647,Plein jour,Hors agglomération,Hors intersection,Normale,Deux véhicules - arrière,,,,,,,,,,,1,1,1,1,2.0
201600011694,0016-08-11 18:30:00,16,8,11,18,30,270,102,,49.36933,0.77148,Plein jour,Hors agglomération,Hors intersection,Normale,Autre collision,,,,,,,,,,,1,1,1,1,6.0
201600011695,0016-08-17 16:45:00,16,8,17,16,45,270,340,,49.36496,0.81542,Plein jour,Hors agglomération,Hors intersection,Normale,Deux véhicules - côté,,,,,,,,,,,1,1,1,1,3.0
201600011696,0016-08-26 19:15:00,16,8,26,19,15,270,107,,49.37924,0.61612,Crépuscule ou aube,Hors agglomération,Hors intersection,Normale,Deux véhicules - arrière,,,,,,,,,,,2,1,1,1,2.0
201600011697,0016-09-05 08:15:00,16,9,5,8,15,760,484,,49.34253,1.03537,Plein jour,Hors agglomération,Hors intersection,Normale,Autre collision,,,,,,,,,,,1,1,1,1,6.0
201600011698,0016-10-24 16:00:00,16,10,24,16,0,760,319,,49.33854,0.98921,Plein jour,Hors agglomération,Hors intersection,Normale,Deux véhicules - arrière,,,,,,,,,,,1,1,1,1,2.0
201600011699,0016-11-19 18:15:00,16,11,19,18,15,760,705,,49.33229,1.08221,Nuit avec éclairage non allumé,Hors agglomération,Hors intersection,Normale,Deux véhicules - arrière,,,,,,,,,,,4,1,1,1,2.0
201600011700,0016-12-16 16:45:00,16,12,16,16,45,270,340,,49.36478,0.8212,Plein jour,Hors agglomération,Hors intersection,Temps couvert,Autre collision,,,,,,,,,,,1,1,1,8,6.0
201600011701,0016-03-22 17:55:00,16,3,22,17,55,780,668,,,,Plein jour,Hors agglomération,Hors intersection,Normale,Autre collision,,,,,,,,,,,1,1,1,1,6.0
201600011702,0016-03-27 15:15:00,16,3,27,15,15,780,89,,,,Plein jour,Hors agglomération,Hors intersection,Normale,Deux véhicules - arrière,,,,,,,,,,,1,1,1,1,2.0
201600011703,0016-04-28 08:30:00,16,4,28,8,30,270,99,,49.07782,1.18723,Plein jour,Hors agglomération,Hors intersection,Normale,Deux véhicules - arrière,,,,,,,,,,,1,1,1,1,2.0
201600011704,0016-05-13 09:00:00,16,5,13,9,0,270,648,,49.27272,1.33149,Plein jour,Hors agglomération,Hors intersection,Normale,Sans collision,,,,,,,,,,,1,1,1,1,7.0
201600011705,0016-07-08 23:00:00,16,7,8,23,0,270,598,,49.21314,1.21802,Nuit sans éclairage public,Hors agglomération,Hors intersection,Normale,Trois véhicules et plus - collisions multiples,,,,,,,,,,,3,1,1,1,5.0
201600011706,0016-08-03 12:15:00,16,8,3,12,15,270,81,,49.01258,1.29175,Plein jour,Hors agglomération,Hors intersection,Normale,Trois véhicules et plus - en chaîne,,,,,,,,,,,1,1,1,1,4.0
201600011707,0016-07-29 09:30:00,16,7,29,9,30,270,701,,49.24982,1.17322,Plein jour,Hors agglomération,Hors intersection,Normale,Deux véhicules - arrière,,,,,,,,,,,1,1,1,1,2.0
201600011708,0016-08-28 10:30:00,16,8,28,10,30,270,188,,49.28882,1.12471,Plein jour,Hors agglomération,Hors intersection,Normale,Autre collision,,,,,,,,,,,1,1,1,1,6.0
201600011709,0016-09-25 07:15:00,16,9,25,7,15,270,701,,49.24769,1.17925,Crépuscule ou aube,Hors agglomération,Hors intersection,Normale,Sans collision,,,,,,,,,,,2,1,1,1,7.0
201600011710,0016-12-23 14:45:00,16,12,23,14,45,270,332,,49.18999,1.23358,Plein jour,Hors agglomération,Hors intersection,Normale,Deux véhicules - côté,,,,,,,,,,,1,1,1,1,3.0
201600011711,0016-12-24 01:45:00,16,12,24,1,45,270,517,,49.11287,1.33599,Nuit sans éclairage public,Hors agglomération,Hors intersection,Pluie légère,Sans collision,,,,,,,,,,,3,1,1,2,7.0
201600011712,0016-01-26 04:15:00,16,1,26,4,15,600,100,,49.2661,2.69087,Nuit sans éclairage public,Hors agglomération,Hors intersection,Temps couvert,Deux véhicules - côté,,,,,,,,,,,3,1,1,8,3.0
201600011713,0016-02-03 03:45:00,16,2,3,3,45,600,369,,49.3555,2.70204,Nuit sans éclairage public,Hors agglomération,Hors intersection,Normale,Deux véhicules - arrière,,,,,,,,,,,3,1,1,1,2.0
201600011714,0016-02-25 22:30:00,16,2,25,22,30,600,541,,49.29923,2.68922,Nuit sans éclairage public,Hors agglomération,Hors intersection,Normale,Deux véhicules - arrière,,,,,,,,,,,3,1,1,1,2.0
201600011715,0016-05-03 02:00:00,16,5,3,2,0,600,149,,49.33968,2.69613,Nuit sans éclairage public,Hors agglomération,Hors intersection,Normale,Deux véhicules - arrière,,,,,,,,,,,3,1,1,1,2.0
201600011716,0016-05-08 06:15:00,16,5,8,6,15,600,149,,49.33602,2.69426,Plein jour,Hors agglomération,Hors intersection,Normale,Autre collision,,,,,,,,,,,1,1,1,1,6.0
201600011717,0016-05-10 00:45:00,16,5,10,0,45,600,138,,49.21576,2.62679,Nuit sans éclairage public,Hors agglomération,Hors intersection,Pluie forte,Deux véhicules - arrière,,,,,,,,,,,3,1,1,3,2.0
201600011718,0016-06-01 14:30:00,16,6,1,14,30,600,558,,49.60077,2.75342,Plein jour,Hors agglomération,Hors intersection,Normale,Deux véhicules - côté,,,,,,,,,,,1,1,1,1,3.0
201600011719,0016-06-06 20:00:00,16,6,6,20,0,600,254,,49.45249,2.69942,Plein jour,Hors agglomération,Hors intersection,Normale,Deux véhicules - côté,,,,,,,,,,,1,1,1,1,3.0
201600011720,0016-06-12 15:45:00,16,6,12,15,45,600,541,,49.30563,2.68504,Plein jour,Hors agglomération,Hors intersection,Pluie forte,Autre collision,,,,,,,,,,,1,1,1,3,6.0
201600011721,0016-06-16 13:30:00,16,6,16,13,30,600,408,,49.47546,2.71113,Plein jour,Hors agglomération,Hors intersection,Normale,Sans collision,,,,,,,,,,,1,1,1,1,7.0
201600011722,0016-07-09 10:00:00,16,7,9,10,0,600,19,,49.51506,2.71978,Plein jour,Hors agglomération,Hors intersection,Normale,Deux véhicules - arrière,,,,,,,,,,,1,1,1,1,2.0
201600011723,0016-07-12 08:45:00,16,7,12,8,45,600,160,,49.61173,2.75535,Plein jour,Hors agglomération,Hors intersection,Normale,Trois véhicules et plus - collisions multiples,,,,,,,,,,,1,1,1,1,5.0
201600011724,0016-07-12 19:45:00,16,7,12,19,45,600,138,,49.21637,2.62825,Plein jour,Hors agglomération,Hors intersection,Normale,Deux véhicules - arrière,,,,,,,,,,,1,1,1,1,2.0
201600011725,0016-07-29 06:30:00,16,7,29,6,30,600,138,,49.2163,2.62811,Plein jour,Hors agglomération,Hors intersection,Normale,Deux véhicules - arrière,,,,,,,,,,,1,1,1,1,2.0
201600011726,0016-08-10 11:00:00,16,8,10,11,0,600,138,,49.21619,2.62801,Plein jour,Hors agglomération,Autre intersection,Normale,Autre collision,,,,,,,,,,,1,1,9,1,6.0
201600011727,0016-08-18 06:00:00,16,8,18,6,0,600,71,,49.57695,2.74314,Nuit sans éclairage public,Hors agglomération,Hors intersection,Pluie légère,Autre collision,,,,,,,,,,,3,1,1,2,6.0
201600011728,0016-08-23 08:15:00,16,8,23,8,15,600,254,,49.45567,2.70113,Plein jour,Hors agglomération,Hors intersection,Normale,Deux véhicules - côté,,,,,,,,,,,1,1,1,1,3.0
201600011729,0016-08-27 03:00:00,16,8,27,3,0,600,254,,49.45628,2.70142,Nuit sans éclairage public,Hors agglomération,Hors intersection,Normale,Deux véhicules - arrière,,,,,,,,,,,3,1,1,1,2.0
201600011730,0016-09-04 22:45:00,16,9,4,22,45,600,329,,49.58415,2.74682,Nuit sans éclairage public,Hors agglomération,Hors intersection,Pluie légère,Deux véhicules - arrière,,,,,,,,,,,3,1,1,2,2.0
201600011731,0016-09-29 21:30:00,16,9,29,21,30,600,24,,49.40928,2.69375,Nuit sans éclairage public,Hors agglomération,Hors intersection,Normale,Deux véhicules - arrière,,,,,,,,,,,3,1,1,1,2.0
201600011732,0016-10-08 07:30:00,16,10,8,7,30,600,408,,49.47614,2.71152,Crépuscule ou aube,Hors agglomération,Hors intersection,Normale,Sans collision,,,,,,,,,,,2,1,1,1,7.0
201600011733,0016-11-03 18:00:00,16,11,3,18,0,600,369,,49.36319,2.70379,Nuit sans éclairage public,Hors agglomération,Autre intersection,Normale,Deux véhicules - arrière,,,,,,,,,,,3,1,9,1,2.0
201600011734,0016-11-08 06:30:00,16,11,8,6,30,600,369,,49.36188,2.70355,Nuit sans éclairage public,Hors agglomération,Hors intersection,Brouillard / fumée,Deux véhicules - arrière,,,,,,,,,,,3,1,1,5,2.0
201600011735,0016-12-13 18:00:00,16,12,13,18,0,600,254,,49.45601,2.70156,Crépuscule ou aube,Hors agglomération,Hors intersection,Normale,Autre collision,,,,,,,,,,,2,1,1,1,6.0
201600011736,0016-12-24 09:30:00,16,12,24,9,30,600,100,,49.24037,2.66549,Plein jour,Hors agglomération,Hors intersection,Normale,Sans collision,,,,,,,,,,,1,1,1,1,7.0