accident_id,datetime,annee,mois,jour,heure,minute,departement,commune_insee,adresse,latitude,longitude,luminosite,agglomeration,intersection,meteo,collision,nb_vehicules,nb_usagers,nb_indemnes,nb_tues,nb_blesses_hosp,nb_blesses_legers,age_cond_1,age_cond_2,veh_type_cond_1,veh_type_cond_2,lum_code,agg_code,int_code,atm_code,col_code
201600011737,0016-05-20 21:30:00,16,5,20,21,30,210,646,,47.39015,4.73326,Nuit sans éclairage public,Hors agglomération,Hors intersection,Normale,Trois véhicules et plus - collisions multiples,,,,,,,,,,,3,1,1,1,5.0
201600011738,0016-05-21 16:45:00,16,5,21,16,45,210,408,,47.39337,5.02719,Plein jour,Hors agglomération,Hors intersection,Normale,Deux véhicules - arrière,,,,,,,,,,,1,1,1,1,2.0
201600011739,0016-06-14 10:00:00,16,6,14,10,0,210,651,,47.41737,4.87837,Plein jour,Hors agglomération,Hors intersection,Pluie légère,Deux véhicules - frontale,,,,,,,,,,,1,1,1,2,1.0
201600011740,0016-01-11 21:45:00,16,1,11,21,45,690,206,,,,Nuit sans éclairage public,Hors agglomération,Hors intersection,Pluie légère,Deux véhicules - arrière,,,,,,,,,,,3,1,1,2,2.0
201600011741,0016-05-10 12:15:00,16,5,10,12,15,690,19,,46.108,4.755,Plein jour,Hors agglomération,Hors intersection,Normale,Autre collision,,,,,,,,,,,1,1,1,1,6.0
201600011742,0016-07-14 12:00:00,16,7,14,12,0,690,264,,,,Plein jour,Hors agglomération,Hors intersection,Normale,Deux véhicules - arrière,,,,,,,,,,,1,1,1,1,2.0
201600011743,0016-08-01 17:45:00,16,8,1,17,45,690,242,,,,Plein jour,Hors agglomération,Hors intersection,Normale,Deux véhicules - arrière,,,,,,,,,,,1,1,1,1,2.0
201600011744,0016-08-14 10:30:00,16,8,14,10,30,690,115,,45.979,4.734,Plein jour,Hors agglomération,Hors intersection,Normale,Deux véhicules - arrière,,,,,,,,,,,1,1,1,1,2.0
201600011745,0016-11-15 12:50:00,16,11,15,12,50,690,115,A6,45.97045,4.72926,Plein jour,Hors agglomération,Hors intersection,Normale,Deux véhicules - arrière,,,,,,,,,,,1,1,1,1,2.0
201600011746,0016-11-18 19:55:00,16,11,18,19,55,690,206,A6,46.05916,4.73622,Nuit sans éclairage public,Hors agglomération,Hors intersection,Pluie légère,Autre collision,,,,,,,,,,,3,1,1,2,6.0
201600011747,0016-12-09 12:25:00,16,12,9,12,25,690,206,PK 416+700 - SENS PARIS,46.05802,4.72136,Plein jour,Hors agglomération,Hors intersection,Brouillard / fumée,Autre collision,,,,,,,,,,,1,1,1,5,6.0
201600011748,0016-01-06 08:15:00,16,1,6,8,15,620,384,,,,Crépuscule ou aube,Hors agglomération,Hors intersection,Temps couvert,Deux véhicules - arrière,,,,,,,,,,,2,1,1,8,2.0
201600011749,0016-02-08 06:30:00,16,2,8,6,30,590,488,Autoroute A2,50.19148,3.19916,Nuit sans éclairage public,Hors agglomération,Hors intersection,Pluie légère,Trois véhicules et plus - collisions multiples,,,,,,,,,,,3,1,1,2,5.0
201600011750,0016-05-14 12:30:00,16,5,14,12,30,590,244,,,,Plein jour,Hors agglomération,Hors intersection,Normale,Deux véhicules - frontale,,,,,,,,,,,1,1,1,1,1.0
201600011751,0016-12-01 18:30:00,16,12,1,18,30,590,47,,,,Nuit sans éclairage public,Hors agglomération,Hors intersection,Normale,Trois véhicules et plus - en chaîne,,,,,,,,,,,3,1,1,1,4.0
201600011752,0016-11-25 15:00:00,16,11,25,15,0,640,405,RUE DU PONT LONG,43.32708,-0.30137,Plein jour,Hors agglomération,Hors intersection,Temps éblouissant,Deux véhicules - côté,,,,,,,,,,,1,1,1,7,3.0
201600011753,0016-08-01 13:30:00,16,8,1,13,30,640,256,RD 21,43.41818,-1.31372,Plein jour,Hors agglomération,Hors intersection,Normale,Deux véhicules - frontale,,,,,,,,,,,1,1,1,1,1.0
201600011754,0016-03-04 23:45:00,16,3,4,23,45,380,276,,,,Nuit avec éclairage allumé,Hors agglomération,Hors intersection,Pluie forte,Autre collision,,,,,,,,,,,5,1,1,3,6.0
201600011755,0016-03-08 09:30:00,16,3,8,9,30,380,348,,,,Plein jour,Hors agglomération,Hors intersection,Temps couvert,Sans collision,,,,,,,,,,,1,1,1,8,7.0
201600011756,0016-05-30 16:00:00,16,5,30,16,0,380,449,RUE DE LUZAIS,,,Plein jour,En agglomération,Hors intersection,Normale,Deux véhicules - côté,,,,,,,,,,,1,2,1,1,3.0
201600011757,0016-07-04 14:00:00,16,7,4,14,0,380,29,,45.56968,5.5528,Plein jour,Hors agglomération,Hors intersection,Normale,Trois véhicules et plus - en chaîne,,,,,,,,,,,1,1,1,1,4.0
201600011758,0016-07-13 16:00:00,16,7,13,16,0,380,288,,45.57818,5.04137,Plein jour,Hors agglomération,Hors intersection,Normale,Trois véhicules et plus - collisions multiples,,,,,,,,,,,1,1,1,1,5.0
201600011759,0016-07-21 08:00:00,16,7,21,8,0,380,276,D1085  PR 3.800,45.55391,5.30601,Plein jour,En agglomération,Hors intersection,Normale,Trois véhicules et plus - collisions multiples,,,,,,,,,,,1,2,1,1,5.0
201600011760,0016-08-01 14:00:00,16,8,1,14,0,380,449,,,,Plein jour,Hors agglomération,Hors intersection,Normale,Deux véhicules - arrière,,,,,,,,,,,1,1,1,1,2.0
201600011761,0016-09-23 20:15:00,16,9,23,20,15,380,29,,,,Nuit sans éclairage public,Hors agglomération,Hors intersection,Normale,Deux véhicules - arrière,,,,,,,,,,,3,1,1,1,2.0
201600011762,0016-09-24 17:00:00,16,9,24,17,0,380,449,,,,Plein jour,Hors agglomération,Hors intersection,Normale,Deux véhicules - frontale,,,,,,,,,,,1,1,1,1,1.0
201600011763,0016-11-05 18:45:00,16,11,5,18,45,380,276,,45.5784,5.3049,Nuit sans éclairage public,Hors agglomération,Hors intersection,Pluie forte,Autre collision,,,,,,,,,,,3,1,1,3,6.0
201600011764,0016-12-08 08:30:00,16,12,8,8,30,380,53,,,,Plein jour,Hors agglomération,Hors intersection,Normale,Deux véhicules - arrière,,,,,,,,,,,1,1,1,1,2.0
201600011765,0016-12-18 18:30:00,16,12,18,18,30,380,64,,,,Nuit sans éclairage public,Hors agglomération,Hors intersection,Normale,Deux véhicules - arrière,,,,,,,,,,,3,1,1,1,2.0
201600011766,0016-12-22 16:15:00,16,12,22,16,15,380,348,,45.59178,5.29577,Plein jour,Hors agglomération,Hors intersection,Normale,Trois véhicules et plus - collisions multiples,,,,,,,,,,,1,1,1,1,5.0
201600011767,0016-05-04 18:45:00,16,5,4,18,45,680,278,39 rue de l'Ile-Napoléon,47.75455,7.40381,Plein jour,En agglomération,Intersection en T,Normale,Deux véhicules - côté,,,,,,,,,,,1,2,3,1,3.0
201600011768,0016-09-11 17:30:00,16,9,11,17,30,680,278,,47.76526,7.42876,Plein jour,Hors agglomération,Hors intersection,Normale,Deux véhicules - arrière,,,,,,,,,,,1,1,1,1,2.0
201600011769,0016-09-05 10:00:00,16,9,5,10,0,680,278,76 rue de mulhouse,47.75389,7.39299,Plein jour,En agglomération,Autre intersection,Pluie forte,Deux véhicules - côté,,,,,,,,,,,1,2,9,3,3.0
201600011770,0016-10-20 13:15:00,16,10,20,13,15,680,278,,,,Plein jour,En agglomération,Hors intersection,Normale,Deux véhicules - côté,,,,,,,,,,,1,2,1,1,3.0
201600011771,0016-11-13 18:30:00,16,11,13,18,30,680,278,rue de l'ile napoléon,,,Nuit avec éclairage allumé,En agglomération,Hors intersection,Pluie légère,Deux véhicules - arrière,,,,,,,,,,,5,2,1,2,2.0
201600011772,0016-11-26 08:30:00,16,11,26,8,30,680,278,68 rue d'HABSHEIM,47.74564,7.41151,Nuit avec éclairage allumé,En agglomération,Hors intersection,Normale,Deux véhicules - côté,,,,,,,,,,,5,2,1,1,3.0
201600011773,0016-12-15 13:45:00,16,12,15,13,45,680,278,rue zumstein,,,Plein jour,En agglomération,Hors intersection,Normale,Autre collision,,,,,,,,,,,1,2,1,1,6.0
201600011774,0016-01-06 14:30:00,16,1,6,14,30,530,15,,48.16668,-0.88542,Plein jour,Hors agglomération,Hors intersection,Normale,Sans collision,,,,,,,,,,,1,1,1,1,7.0
201600011775,0016-03-18 15:00:00,16,3,18,15,0,530,243,,48.14578,-0.94467,Plein jour,Hors agglomération,Hors intersection,Normale,Autre collision,,,,,,,,,,,1,1,1,1,6.0
201600011776,0016-05-04 00:30:00,16,5,4,0,30,530,169,,48.12422,-0.94939,Nuit sans éclairage public,Hors agglomération,Hors intersection,Normale,Autre collision,,,,,,,,,,,3,1,1,1,6.0
201600011777,0016-05-05 01:00:00,16,5,5,1,0,530,39,,48.16418,-0.96866,Nuit sans éclairage public,Hors agglomération,Intersection en Y,Normale,Autre collision,,,,,,,,,,,3,1,4,1,6.0
201600011778,0016-05-10 14:30:00,16,5,10,14,30,530,137,,48.05925,-0.93943,Plein jour,Hors agglomération,Intersection en T,Normale,Deux véhicules - frontale,,,,,,,,,,,1,1,3,1,1.0
201600011779,0016-06-24 19:30:00,16,6,24,19,30,530,225,,48.19685,-0.83936,Plein jour,Hors agglomération,Intersection en X,Normale,Deux véhicules - côté,,,,,,,,,,,1,1,2,1,3.0
201600011780,0016-08-22 19:15:00,16,8,22,19,15,530,209,,48.04329,-1.00294,Plein jour,Hors agglomération,Intersection en X,Normale,Deux véhicules - côté,,,,,,,,,,,1,1,2,1,3.0
201600011781,0016-09-01 16:45:00,16,9,1,16,45,530,247,1 rue de normandie,48.11716,-1.03026,Plein jour,En agglomération,Giratoire,Normale,Deux véhicules - côté,,,,,,,,,,,1,2,6,1,3.0
201600011782,0016-09-07 16:45:00,16,9,7,16,45,530,209,,48.04331,-1.00296,Plein jour,Hors agglomération,Intersection en X,Normale,Deux véhicules - côté,,,,,,,,,,,1,1,2,1,3.0
201600011783,0016-10-27 14:45:00,16,10,27,14,45,530,39,LA BASSE MALTONNIERE,48.16847,-0.97652,Plein jour,En agglomération,Intersection en T,Normale,Autre collision,,,,,,,,,,,1,2,3,1,6.0
201600011784,0016-11-29 19:15:00,16,11,29,19,15,530,5,,48.15726,-0.79274,Nuit sans éclairage public,Hors agglomération,Hors intersection,Normale,Deux véhicules - frontale,,,,,,,,,,,3,1,1,1,1.0
201600011785,0016-01-29 17:30:00,16,1,29,17,30,950,580,RD 16,49.0854,2.5442,Plein jour,Hors agglomération,Hors intersection,Normale,Deux véhicules - frontale,,,,,,,,,,,1,1,1,1,1.0
201600011786,0016-04-11 17:30:00,16,4,11,17,30,950,371,R ROGER SALENGRO,49.0862,2.5065,Plein jour,En agglomération,Hors intersection,Pluie légère,Autre collision,,,,,,,,,,,1,2,1,2,6.0
201600011787,0016-06-15 10:15:00,16,6,15,10,15,950,580,R FONTAINE AUX CHIENS,49.0889,2.5673,Plein jour,En agglomération,Hors intersection,Normale,Deux véhicules - frontale,,,,,,,,,,,1,2,1,1,1.0
201600011788,0016-08-29 01:15:00,16,8,29,1,15,950,250,AV CAMILLE LAVERDURE,49.0961,2.5081,Nuit avec éclairage allumé,En agglomération,Hors intersection,Normale,Deux véhicules - côté,,,,,,,,,,,5,2,1,1,3.0
201600011789,0016-12-24 10:45:00,16,12,24,10,45,950,604,RD 317,49.0969,2.5309,Plein jour,Hors agglomération,Hors intersection,Pluie légère,Deux véhicules - côté,,,,,,,,,,,1,1,1,2,3.0
201600011790,0016-05-23 15:15:00,16,5,23,15,15,170,434,RD.115 PR020.600,46.11364,-0.75745,Plein jour,En agglomération,Autre intersection,Normale,Autre collision,,,,,,,,,,,1,2,9,1,6.0
201600011791,0016-08-10 09:00:00,16,8,10,9,0,170,472,,46.24246,-1.07947,Plein jour,Hors agglomération,Giratoire,Normale,Deux véhicules - côté,,,,,,,,,,,1,1,6,1,3.0
201600011792,0016-10-03 09:00:00,16,10,3,9,0,170,373,,46.15791,-0.98079,Plein jour,Hors agglomération,Hors intersection,Normale,Sans collision,,,,,,,,,,,1,1,1,1,7.0
201600011793,0016-12-31 15:30:00,16,12,31,15,30,170,354,,45.60792,-0.59608,Plein jour,Hors agglomération,Autre intersection,Temps couvert,Deux véhicules - arrière,,,,,,,,,,,1,1,9,8,2.0
201600011794,0016-02-14 15:00:00,16,2,14,15,0,170,181,,45.86623,-0.62208,Plein jour,Hors agglomération,Hors intersection,Pluie légère,Sans collision,,,,,,,,,,,1,1,1,2,7.0
201600011795,0016-04-18 14:30:00,16,4,18,14,30,170,285,,45.82124,-0.65922,Plein jour,Hors agglomération,Hors intersection,Normale,Deux véhicules - frontale,,,,,,,,,,,1,1,1,1,1.0
201600011796,0016-04-19 07:45:00,16,4,19,7,45,170,228,,45.65609,-0.95037,Plein jour,Hors agglomération,Hors intersection,Normale,Trois véhicules et plus - collisions multiples,,,,,,,,,,,1,1,1,1,5.0
201600011797,0016-05-02 15:00:00,16,5,2,15,0,170,220,,45.5096,-0.45507,Plein jour,Hors agglomération,Intersection en T,Normale,Trois véhicules et plus - collisions multiples,,,,,,,,,,,1,1,3,1,5.0
201600011798,0016-05-30 16:30:00,16,5,30,16,30,170,280,,45.84315,-0.71434,Plein jour,Hors agglomération,Hors intersection,Normale,Deux véhicules - arrière,,,,,,,,,,,1,1,1,1,2.0
201600011799,0016-07-04 08:30:00,16,7,4,8,30,170,444,,45.65774,-0.63498,Plein jour,Hors agglomération,Hors intersection,Normale,Sans collision,,,,,,,,,,,1,1,1,1,7.0
201600011800,0016-07-04 07:45:00,16,7,4,7,45,170,244,RD 136 route de gemozac,45.63516,-0.7493,Plein jour,En agglomération,Hors intersection,Normale,Deux véhicules - frontale,,,,,,,,,,,1,2,1,1,1.0
201600011801,0016-07-06 14:30:00,16,7,6,14,30,170,425,,45.59734,-0.89048,Plein jour,Hors agglomération,Hors intersection,Normale,Deux véhicules - frontale,,,,,,,,,,,1,1,1,1,1.0
201600011802,0016-07-12 14:30:00,16,7,12,14,30,170,213,,46.05888,-0.53603,Plein jour,Hors agglomération,Hors intersection,Normale,Deux véhicules - arrière,,,,,,,,,,,1,1,1,1,2.0
201600011803,0016-07-13 07:15:00,16,7,13,7,15,170,157,,45.89035,-0.60875,Plein jour,Hors agglomération,Hors intersection,Normale,Deux véhicules - côté,,,,,,,,,,,1,1,1,1,3.0
201600011804,0016-11-23 07:00:00,16,11,23,7,0,170,307,,45.68473,-0.90556,Nuit avec éclairage allumé,Hors agglomération,Hors intersection,Pluie légère,Deux véhicules - côté,,,,,,,,,,,5,1,1,2,3.0
201600011805,0016-12-07 07:45:00,16,12,7,7,45,170,436,,45.83318,-0.62916,Crépuscule ou aube,Hors agglomération,Hors intersection,Normale,Autre collision,,,,,,,,,,,2,1,1,1,6.0
201600011806,0016-12-31 02:15:00,16,12,31,2,15,170,139,,46.11631,-0.53338,Nuit sans éclairage public,Hors agglomération,Hors intersection,Brouillard / fumée,Deux véhicules - arrière,,,,,,,,,,,3,1,1,5,2.0
201600011807,0016-01-26 17:00:00,16,1,26,17,0,420,283,,45.56165,4.50987,Plein jour,Hors agglomération,Hors intersection,Normale,Deux véhicules - frontale,,,,,,,,,,,1,1,1,1,1.0
201600011808,0016-04-01 18:00:00,16,4,1,18,0,420,271,Route de la Barrolière,45.47148,4.56118,Plein jour,En agglomération,Hors intersection,Normale,Deux véhicules - frontale,,,,,,,,,,,1,2,1,1,1.0
201600011809,0016-02-10 07:30:00,16,2,10,7,30,250,398,,46.97966,6.44235,Crépuscule ou aube,Hors agglomération,Hors intersection,Neige / grêle,Sans collision,,,,,,,,,,,2,1,1,4,7.0
201600011810,0016-04-29 18:15:00,16,4,29,18,15,250,29,,,,Plein jour,Hors agglomération,Hors intersection,Normale,Deux véhicules - côté,,,,,,,,,,,1,1,1,1,3.0
201600011811,0016-11-28 06:45:00,16,11,28,6,45,250,493,,46.86553,6.2001,Nuit sans éclairage public,Hors agglomération,Intersection en T,Normale,Deux véhicules - frontale,,,,,,,,,,,3,1,3,1,1.0
201600011812,0016-04-30 08:45:00,16,4,30,8,45,310,116,rue du pont Fauré  D14 A,43.69336,1.42986,Plein jour,En agglomération,Hors intersection,Normale,Autre collision,,,,,,,,,,,1,2,1,1,6.0
201600011813,0016-06-05 17:30:00,16,6,5,17,30,310,182,route de paris,43.69324,1.40192,Plein jour,Hors agglomération,Hors intersection,Normale,Deux véhicules - frontale,,,,,,,,,,,1,1,1,1,1.0
201600011814,0016-09-11 09:15:00,16,9,11,9,15,310,410,Route de BESSIERES,,,Plein jour,En agglomération,Hors intersection,Normale,Autre collision,,,,,,,,,,,1,2,1,1,6.0
201600011815,0016-02-09 20:15:00,16,2,9,20,15,130,87,,,,Plein jour,Hors agglomération,Hors intersection,Normale,Deux véhicules - frontale,,,,,,,,,,,1,1,1,1,1.0
201600011816,0016-03-23 21:45:00,16,3,23,21,45,830,140,,,,Nuit sans éclairage public,Hors agglomération,Hors intersection,Normale,Deux véhicules - arrière,,,,,,,,,,,3,1,1,1,2.0
201600011817,0016-05-18 15:00:00,16,5,18,15,0,130,87,,,,Plein jour,Hors agglomération,Hors intersection,Normale,Autre collision,,,,,,,,,,,1,1,1,1,6.0
201600011818,0016-07-14 15:00:00,16,7,14,15,0,830,116,,,,Plein jour,Hors agglomération,Hors intersection,Normale,Autre collision,,,,,,,,,,,1,1,1,1,6.0
201600011819,0016-08-02 08:15:00,16,8,2,8,15,130,87,,,,Plein jour,Hors agglomération,Intersection en X,Normale,Autre collision,,,,,,,,,,,1,1,2,1,6.0
201600011820,0016-08-29 14:00:00,16,8,29,14,0,830,116,,,,Plein jour,Hors agglomération,Hors intersection,Normale,Deux véhicules - arrière,,,,,,,,,,,1,1,1,1,2.0
201600011821,0016-11-22 14:15:00,16,11,22,14,15,830,96,,,,Plein jour,Hors agglomération,Hors intersection,Normale,Deux véhicules - arrière,,,,,,,,,,,1,1,1,1,2.0
201600011822,0016-03-05 23:00:00,16,3,5,23,0,740,18,,,,Nuit sans éclairage public,Hors agglomération,Hors intersection,Pluie légère,Deux véhicules - côté,,,,,,,,,,,3,1,1,2,3.0
201600011823,0016-06-03 17:45:00,16,6,3,17,45,740,133,,,,Plein jour,Hors agglomération,Hors intersection,Normale,Deux véhicules - arrière,,,,,,,,,,,1,1,1,1,2.0
201600011824,0016-08-14 14:30:00,16,8,14,14,30,740,133,,,,Plein jour,Hors agglomération,Hors intersection,Normale,Deux véhicules - côté,,,,,,,,,,,1,1,1,1,3.0
201600011825,0016-01-11 18:00:00,16,1,11,18,0,300,145,,43.90336,4.5456,Nuit sans éclairage public,Hors agglomération,Hors intersection,Normale,Trois véhicules et plus - en chaîne,,,,,,,,,,,3,1,1,1,4.0
201600011826,0016-02-20 23:15:00,16,2,20,23,15,340,154,,43.6165,3.94725,Nuit sans éclairage public,Hors agglomération,Hors intersection,Normale,Sans collision,,,,,,,,,,,3,1,1,1,7.0
201600011827,0016-03-15 23:45:00,16,3,15,23,45,340,22,,43.6514,3.98733,Nuit sans éclairage public,Hors agglomération,Autre intersection,Normale,Deux véhicules - arrière,,,,,,,,,,,3,1,9,1,2.0
201600011828,0016-05-02 15:15:00,16,5,2,15,15,300,333,,43.76636,4.26839,Plein jour,Hors agglomération,Hors intersection,Normale,Deux véhicules - arrière,,,,,,,,,,,1,1,1,1,2.0
201600011829,0016-05-05 10:15:00,16,5,5,10,15,300,189,,43.80984,4.34429,Plein jour,Hors agglomération,Hors intersection,Normale,Deux véhicules - arrière,,,,,,,,,,,1,1,1,1,2.0
201600011830,0016-05-21 10:00:00,16,5,21,10,0,300,185,,43.7384,4.19518,Plein jour,Hors agglomération,Hors intersection,Normale,Deux véhicules - arrière,,,,,,,,,,,1,1,1,1,2.0
201600011831,0016-06-12 11:15:00,16,6,12,11,15,340,22,,43.6589,3.99885,Plein jour,Hors agglomération,Hors intersection,Normale,Deux véhicules - arrière,,,,,,,,,,,1,1,1,1,2.0
201600011832,0016-06-14 19:30:00,16,6,14,19,30,300,257,,43.87945,4.46162,Plein jour,Hors agglomération,Hors intersection,Normale,Deux véhicules - côté,,,,,,,,,,,1,1,1,1,3.0
201600011833,0016-06-13 17:45:00,16,6,13,17,45,340,22,,43.6521,3.98912,Plein jour,Hors agglomération,Hors intersection,Normale,Deux véhicules - côté,,,,,,,,,,,1,1,1,1,3.0
201600011834,0016-07-01 19:00:00,16,7,1,19,0,300,189,,43.82633,4.38851,Plein jour,Hors agglomération,Hors intersection,Normale,Deux véhicules - arrière,,,,,,,,,,,1,1,1,1,2.0
201600011835,0016-07-04 16:45:00,16,7,4,16,45,300,117,,43.72439,4.50473,Plein jour,Hors agglomération,Hors intersection,Normale,Deux véhicules - arrière,,,,,,,,,,,1,1,1,1,2.0
201600011836,0016-07-04 18:30:00,16,7,4,18,30,300,169,,43.80069,4.31181,Plein jour,Hors agglomération,Hors intersection,Normale,Deux véhicules - frontale,,,,,,,,,,,1,1,1,1,1.0
201600011837,0016-07-12 07:30:00,16,7,12,7,30,340,22,,43.6758,4.02536,Plein jour,Hors agglomération,Hors intersection,Normale,Trois véhicules et plus - collisions multiples,,,,,,,,,,,1,1,1,1,5.0
201600011838,0016-08-21 09:30:00,16,8,21,9,30,300,39,,43.88819,4.49935,Plein jour,Hors agglomération,Hors intersection,Normale,Autre collision,,,,,,,,,,,1,1,1,1,6.0
201600011839,0016-08-26 02:30:00,16,8,26,2,30,340,340,,43.7171,4.13835,Nuit sans éclairage public,Hors agglomération,Hors intersection,Normale,Deux véhicules - arrière,,,,,,,,,,,3,1,1,1,2.0
201600011840,0016-09-03 14:15:00,16,9,3,14,15,300,156,,43.87351,4.44663,Plein jour,Hors agglomération,Hors intersection,Normale,Deux véhicules - arrière,,,,,,,,,,,1,1,1,1,2.0
201600011841,0016-09-11 06:15:00,16,9,11,6,15,340,256,,43.6849,4.04934,Nuit sans éclairage public,Hors agglomération,Hors intersection,Temps couvert,Deux véhicules - frontale,,,,,,,,,,,3,1,1,8,1.0
201600011842,0016-09-19 12:15:00,16,9,19,12,15,300,34,,43.7271,4.50123,Plein jour,Hors agglomération,Hors intersection,Normale,Autre collision,,,,,,,,,,,1,1,1,1,6.0
201600011843,0016-09-19 16:30:00,16,9,19,16,30,340,240,,43.6442,3.9763,Plein jour,Hors agglomération,Hors intersection,Normale,Deux véhicules - arrière,,,,,,,,,,,1,1,1,1,2.0
201600011844,0016-10-03 08:15:00,16,10,3,8,15,300,189,,43.84393,4.41616,Plein jour,Hors agglomération,Hors intersection,Normale,Deux véhicules - frontale,,,,,,,,,,,1,1,1,1,1.0
201600011845,0016-10-09 06:00:00,16,10,9,6,0,340,240,,43.63,3.96776,Nuit avec éclairage non allumé,Hors agglomération,Hors intersection,Normale,Autre collision,,,,,,,,,,,4,1,1,1,6.0
201600011846,0016-10-11 06:30:00,16,10,11,6,30,340,294,,43.70417,4.11808,Nuit sans éclairage public,Hors agglomération,Hors intersection,Normale,Trois véhicules et plus - en chaîne,,,,,,,,,,,3,1,1,1,4.0
201600011847,0016-10-25 10:15:00,16,10,25,10,15,340,146,,43.6895,4.06283,Plein jour,Hors agglomération,Hors intersection,Autre,Deux véhicules - arrière,,,,,,,,,,,1,1,1,9,2.0
201600011848,0016-10-28 11:00:00,16,10,28,11,0,300,189,,43.8064,4.36404,Plein jour,Hors agglomération,Hors intersection,Normale,Deux véhicules - arrière,,,,,,,,,,,1,1,1,1,2.0
201600011849,0016-10-29 17:30:00,16,10,29,17,30,340,146,,43.6941,4.08228,Plein jour,Hors agglomération,Hors intersection,Normale,Trois véhicules et plus - collisions multiples,,,,,,,,,,,1,1,1,1,5.0
201600011850,0016-11-13 05:30:00,16,11,13,5,30,300,347,,43.75126,4.25487,Nuit sans éclairage public,Hors agglomération,Hors intersection,Normale,Deux véhicules - côté,,,,,,,,,,,3,1,1,1,3.0
201600011851,0016-01-01 07:00:00,16,1,1,7,0,110,262,,43.15749,2.9086,Nuit sans éclairage public,Hors agglomération,Hors intersection,Pluie légère,Sans collision,,,,,,,,,,,3,1,1,2,7.0
201600011852,0016-04-15 21:15:00,16,4,15,21,15,110,441,,43.21282,3.09016,Nuit sans éclairage public,Hors agglomération,Hors intersection,Normale,Autre collision,,,,,,,,,,,3,1,1,1,6.0
201600011853,0016-05-01 16:30:00,16,5,1,16,30,110,379,,43.0295,2.95246,Plein jour,Hors agglomération,Hors intersection,Vent fort / tempête,Autre collision,,,,,,,,,,,1,1,1,6,6.0
201600011854,0016-07-22 22:30:00,16,7,22,22,30,110,145,,43.23653,3.14028,Nuit sans éclairage public,Hors agglomération,Hors intersection,Normale,Deux véhicules - arrière,,,,,,,,,,,3,1,1,1,2.0
201600011855,0016-11-12 17:45:00,16,11,12,17,45,110,322,,42.99729,2.96703,Crépuscule ou aube,Hors agglomération,Hors intersection,Normale,Autre collision,,,,,,,,,,,2,1,1,1,6.0
201600011856,0016-12-28 23:30:00,16,12,28,23,30,110,145,,43.24513,3.15051,Nuit sans éclairage public,Hors agglomération,Hors intersection,Normale,Trois véhicules et plus - collisions multiples,,,,,,,,,,,3,1,1,1,5.0
201600011857,0016-01-02 17:30:00,16,1,2,17,30,370,156,47 QUAI ALBERT BAILLET,47.395,0.842,Nuit avec éclairage allumé,En agglomération,Hors intersection,Pluie légère,Deux véhicules - frontale,,,,,,,,,,,5,2,1,2,1.0
201600011858,0016-01-20 15:30:00,16,1,20,15,30,370,273,AVENUE MARIE CURIE,47.394,0.788,Plein jour,En agglomération,Hors intersection,Temps couvert,Autre collision,,,,,,,,,,,1,2,1,8,6.0
201600011859,0016-01-16 18:45:00,16,1,16,18,45,370,96,,,,Nuit sans éclairage public,Hors agglomération,Hors intersection,Normale,Autre collision,,,,,,,,,,,3,1,1,1,6.0
201600011860,0016-05-04 15:00:00,16,5,4,15,0,370,273,20 RUE FRANCOISE GIROUD,,,Plein jour,En agglomération,Hors intersection,Normale,Autre collision,,,,,,,,,,,1,2,1,1,6.0
201600011861,0016-06-09 15:15:00,16,6,9,15,15,370,273,,47.396,0.771,Plein jour,En agglomération,Hors intersection,Normale,Deux véhicules - côté,,,,,,,,,,,1,2,1,1,3.0
201600011862,0016-06-04 16:45:00,16,6,4,16,45,370,141,,,,Plein jour,Hors agglomération,Hors intersection,Normale,Deux véhicules - frontale,,,,,,,,,,,1,1,1,1,1.0
201600011863,0016-06-14 09:15:00,16,6,14,9,15,370,15,LE GRAIS,,,Plein jour,En agglomération,Hors intersection,Normale,Deux véhicules - côté,,,,,,,,,,,1,2,1,1,3.0
201600011864,0016-06-25 17:15:00,16,6,25,17,15,370,156,AVENUE VICTOR LALOUX,,,Plein jour,En agglomération,Giratoire,Temps éblouissant,Deux véhicules - côté,,,,,,,,,,,1,2,6,7,3.0
201600011865,0016-07-02 19:30:00,16,7,2,19,30,370,75,,,,Plein jour,Hors agglomération,Hors intersection,Normale,Autre collision,,,,,,,,,,,1,1,1,1,6.0
201600011866,0016-07-28 13:45:00,16,7,28,13,45,370,273,,47.392,0.787,Plein jour,Hors agglomération,Hors intersection,Normale,Autre collision,,,,,,,,,,,1,1,1,1,6.0
201600011867,0016-08-09 08:45:00,16,8,9,8,45,370,91,48 RUE DE CHENONCEAUX,,,Plein jour,En agglomération,Hors intersection,Temps éblouissant,Deux véhicules - côté,,,,,,,,,,,1,2,1,7,3.0
201600011868,0016-09-24 17:15:00,16,9,24,17,15,370,27,RUE BUTTEMENT,,,Plein jour,En agglomération,Intersection en X,Normale,Deux véhicules - côté,,,,,,,,,,,1,2,2,1,3.0