accident_id,datetime,annee,mois,jour,heure,minute,departement,commune_insee,adresse,latitude,longitude,luminosite,agglomeration,intersection,meteo,collision,nb_vehicules,nb_usagers,nb_indemnes,nb_tues,nb_blesses_hosp,nb_blesses_legers,age_cond_1,age_cond_2,veh_type_cond_1,veh_type_cond_2,lum_code,agg_code,int_code,atm_code,col_code
201600012397,0016-06-14 16:00:00,16,6,14,16,0,720,7,,,,Plein jour,Hors agglomération,Hors intersection,Pluie légère,Trois véhicules et plus - collisions multiples,,,,,,,,,,,1,1,1,2,5.0
201600012398,0016-06-17 12:45:00,16,6,17,12,45,720,300,,,,Plein jour,Hors agglomération,Hors intersection,Normale,Sans collision,,,,,,,,,,,1,1,1,1,7.0
201600012399,0016-07-03 08:30:00,16,7,3,8,30,720,353,,,,Plein jour,Hors agglomération,Hors intersection,Normale,Sans collision,,,,,,,,,,,1,1,1,1,7.0
201600012400,0016-07-22 13:45:00,16,7,22,13,45,720,80,,,,Plein jour,Hors agglomération,Hors intersection,Normale,Sans collision,,,,,,,,,,,1,1,1,1,7.0
201600012401,0016-09-25 19:00:00,16,9,25,19,0,720,93,,,,Plein jour,Hors agglomération,Hors intersection,Temps couvert,Trois véhicules et plus - en chaîne,,,,,,,,,,,1,1,1,8,4.0
201600012402,0016-10-14 14:00:00,16,10,14,14,0,720,80,,,,Plein jour,Hors agglomération,Hors intersection,Normale,Deux véhicules - côté,,,,,,,,,,,1,1,1,1,3.0
201600012403,0016-11-21 08:45:00,16,11,21,8,45,720,375,,,,Plein jour,Hors agglomération,Hors intersection,Temps couvert,Deux véhicules - côté,,,,,,,,,,,1,1,1,8,3.0
201600012404,0016-12-26 17:45:00,16,12,26,17,45,720,375,,,,Nuit sans éclairage public,Hors agglomération,Hors intersection,Normale,Sans collision,,,,,,,,,,,3,1,1,1,7.0
201600012405,0016-02-15 08:15:00,16,2,15,8,15,890,316,,47.55041,3.96127,Plein jour,Hors agglomération,Hors intersection,Pluie légère,Autre collision,,,,,,,,,,,1,1,1,2,6.0
201600012406,0016-06-26 10:15:00,16,6,26,10,15,890,341,,47.71226,3.77953,Plein jour,Hors agglomération,Hors intersection,Normale,Sans collision,,,,,,,,,,,1,1,1,1,7.0
201600012407,0016-07-17 20:30:00,16,7,17,20,30,890,277,,47.67535,3.86249,Plein jour,Hors agglomération,Hors intersection,Normale,Deux véhicules - arrière,,,,,,,,,,,1,1,1,1,2.0
201600012408,0016-07-24 00:01:00,16,7,24,0,1,890,318,rue de la foret au duc,47.38178,3.99653,Nuit sans éclairage public,En agglomération,Hors intersection,Normale,Autre collision,,,,,,,,,,,3,2,1,1,6.0
201600012409,0016-08-01 15:45:00,16,8,1,15,45,890,208,,47.62439,3.9077,Plein jour,Hors agglomération,Hors intersection,Normale,Autre collision,,,,,,,,,,,1,1,1,1,6.0
201600012410,0016-08-05 12:00:00,16,8,5,12,0,890,277,,47.67012,3.86685,Plein jour,Hors agglomération,Hors intersection,Normale,Sans collision,,,,,,,,,,,1,1,1,1,7.0
201600012411,0016-11-21 04:30:00,16,11,21,4,30,890,109,,47.50459,4.0568,Nuit sans éclairage public,Hors agglomération,Hors intersection,Normale,Deux véhicules - arrière,,,,,,,,,,,3,1,1,1,2.0
201600012412,0016-12-03 21:45:00,16,12,3,21,45,890,208,,47.64557,3.90651,Nuit sans éclairage public,Hors agglomération,Hors intersection,Normale,Autre collision,,,,,,,,,,,3,1,1,1,6.0
201600012413,0016-04-18 08:15:00,16,4,18,8,15,850,129,La Croix de la Moricière,46.85687,-1.52717,Plein jour,Hors agglomération,Hors intersection,Normale,Deux véhicules - côté,,,,,,,,,,,1,1,1,1,3.0
201600012414,0016-10-28 18:30:00,16,10,28,18,30,850,280,St Laurent,46.88895,-1.92651,Crépuscule ou aube,Hors agglomération,Hors intersection,Normale,Deux véhicules - frontale,,,,,,,,,,,2,1,1,1,1.0
201600012415,0016-12-19 17:20:00,16,12,19,17,20,90,122,D17,42.95896,1.58985,Plein jour,Hors agglomération,Hors intersection,Normale,Trois véhicules et plus - collisions multiples,,,,,,,,,,,1,1,1,1,5.0
201600012416,0016-01-20 13:30:00,16,1,20,13,30,90,122,"6, DELPECH (RUE PAUL)",42.96235,1.60566,Plein jour,En agglomération,Hors intersection,Normale,Autre collision,,,,,,,,,,,1,2,1,1,6.0
201600012417,0016-02-03 19:20:00,16,2,3,19,20,90,207,"., RUELLE (LA)",42.93402,1.63407,Nuit avec éclairage allumé,En agglomération,Intersection en T,Normale,Deux véhicules - côté,,,,,,,,,,,5,2,3,1,3.0
201600012418,0016-02-20 11:45:00,16,2,20,11,45,90,122,20 (R.N.) COTE NORD DU T,42.97656,1.62233,Plein jour,Hors agglomération,Hors intersection,Normale,Deux véhicules - arrière,,,,,,,,,,,1,1,1,1,2.0
201600012419,0016-02-10 19:20:00,16,2,10,19,20,90,122,RD 117,42.97188,1.58437,Nuit sans éclairage public,Hors agglomération,Hors intersection,Pluie légère,Sans collision,,,,,,,,,,,3,1,1,2,7.0
201600012420,0016-03-18 07:15:00,16,3,18,7,15,910,617,RN6,48.65875,2.51965,Plein jour,Hors agglomération,Hors intersection,Normale,Deux véhicules - côté,,,,,,,,,,,1,1,1,1,3.0
201600012421,0016-07-12 14:00:00,16,7,12,14,0,910,617,RD33,48.654,2.506,Plein jour,Hors agglomération,Hors intersection,Normale,Deux véhicules - frontale,,,,,,,,,,,1,1,1,1,1.0
201600012422,0016-09-15 19:30:00,16,9,15,19,30,910,573,RD446,48.5889,2.52265,Crépuscule ou aube,Hors agglomération,Hors intersection,Temps éblouissant,Deux véhicules - arrière,,,,,,,,,,,2,1,1,7,2.0
201600012423,0016-10-01 22:45:00,16,10,1,22,45,910,617,RD33,48.64426,2.50364,Nuit sans éclairage public,Hors agglomération,Hors intersection,Normale,Trois véhicules et plus - collisions multiples,,,,,,,,,,,3,1,1,1,5.0
201600012424,0016-11-24 17:00:00,16,11,24,17,0,910,553,carrefour de mauperthuis,,,Nuit sans éclairage public,En agglomération,Giratoire,Normale,Deux véhicules - frontale,,,,,,,,,,,3,2,6,1,1.0
201600012425,0016-08-27 10:45:00,16,8,27,10,45,380,253,tunnel des commeres,45.0277,6.07761,Plein jour,Hors agglomération,Autre intersection,Normale,Trois véhicules et plus - en chaîne,,,,,,,,,,,1,1,9,1,4.0
201600012426,0016-03-12 22:45:00,16,3,12,22,45,90,225,"57, VILLENEUVE ROUTE DE",43.13209,1.6233,Nuit avec éclairage allumé,En agglomération,Hors intersection,Normale,Deux véhicules - frontale,,,,,,,,,,,5,2,1,1,1.0
201600012427,0016-05-30 09:35:00,16,5,30,9,35,90,225,"72, ALSACE LORRAINE BOUL",43.11968,1.61183,Plein jour,En agglomération,Hors intersection,Normale,Autre collision,,,,,,,,,,,1,2,1,1,6.0
201600012428,0016-03-11 19:45:00,16,3,11,19,45,90,225,FOIX AVENUE DE,43.10837,1.61733,Crépuscule ou aube,En agglomération,Hors intersection,Normale,Deux véhicules - côté,,,,,,,,,,,2,2,1,1,3.0
201600012429,0016-06-21 12:15:00,16,6,21,12,15,90,225,BELPECH ROUTE DE,43.11659,1.63205,Plein jour,En agglomération,Intersection en Y,Normale,Deux véhicules - côté,,,,,,,,,,,1,2,4,1,3.0
201600012430,0016-05-18 16:05:00,16,5,18,16,5,90,225,"1, REPUBLIQUE RUE DE LA",43.1161,1.61015,Plein jour,En agglomération,Place,Normale,Autre collision,,,,,,,,,,,1,2,7,1,6.0
201600012431,0016-07-01 16:10:00,16,7,1,16,10,90,225,"0, DELCASSE BOULEVARD",43.11492,1.61447,Plein jour,En agglomération,Hors intersection,Normale,Autre collision,,,,,,,,,,,1,2,1,1,6.0
201600012432,0016-09-04 11:15:00,16,9,4,11,15,90,225,"25, FOIX AVENUE DE",43.10504,1.61972,Plein jour,En agglomération,Hors intersection,Normale,Deux véhicules - frontale,,,,,,,,,,,1,2,1,1,1.0
201600012433,0016-09-23 23:35:00,16,9,23,23,35,90,225,"1, FOULON RUE DU",43.10902,1.61026,Nuit avec éclairage allumé,En agglomération,Hors intersection,Normale,Autre collision,,,,,,,,,,,5,2,1,1,6.0
201600012434,0016-11-13 20:50:00,16,11,13,20,50,90,225,"2, DELCASSE BOULEVARD",43.11545,1.61467,Nuit avec éclairage allumé,En agglomération,Intersection en X,Normale,Autre collision,,,,,,,,,,,5,2,2,1,6.0
201600012435,0016-02-21 03:00:00,16,2,21,3,0,310,35,,43.5394,1.50666,Nuit sans éclairage public,Hors agglomération,Hors intersection,Normale,Autre collision,,,,,,,,,,,3,1,1,1,6.0
201600012436,0016-03-24 17:45:00,16,3,24,17,45,310,374,,,,Plein jour,Hors agglomération,Hors intersection,Normale,Sans collision,,,,,,,,,,,1,1,1,1,7.0
201600012437,0016-03-29 16:15:00,16,3,29,16,15,310,48,ROUTE DE TOULOUSE,43.44909,1.62953,Plein jour,Hors agglomération,Hors intersection,Normale,Deux véhicules - frontale,,,,,,,,,,,1,1,1,1,1.0
201600012438,0016-07-15 06:00:00,16,7,15,6,0,310,429,,43.5066,1.53239,Crépuscule ou aube,Hors agglomération,Hors intersection,Normale,Autre collision,,,,,,,,,,,2,1,1,1,6.0
201600012439,0016-10-04 17:35:00,16,10,4,17,35,310,254,A 61 - gare de péage de,43.54608,1.50014,Plein jour,Hors agglomération,Hors intersection,Normale,Deux véhicules - arrière,,,,,,,,,,,1,1,1,1,2.0
201600012440,0016-10-08 09:30:00,16,10,8,9,30,90,185,,43.22242,1.63789,Plein jour,Hors agglomération,Hors intersection,Normale,Sans collision,,,,,,,,,,,1,1,1,1,7.0
201600012441,0016-10-09 17:25:00,16,10,9,17,25,310,374,Autoroute A66 PK 1+150,43.41679,1.65496,Plein jour,Hors agglomération,Hors intersection,Normale,Sans collision,,,,,,,,,,,1,1,1,1,7.0
201600012442,0016-10-27 09:30:00,16,10,27,9,30,310,478,intersection Rd624 et ch,43.43061,1.95368,Plein jour,Hors agglomération,Intersection en T,Brouillard / fumée,Deux véhicules - côté,,,,,,,,,,,1,1,3,5,3.0
201600012443,0016-11-18 22:23:00,16,11,18,22,23,110,243,autoroute A61,43.34128,1.82763,Nuit sans éclairage public,Hors agglomération,Hors intersection,Normale,Deux véhicules - arrière,,,,,,,,,,,3,1,1,1,2.0
201600012444,0016-06-04 02:15:00,16,6,4,2,15,330,284,,,,Nuit sans éclairage public,Hors agglomération,Hors intersection,Normale,Deux véhicules - arrière,,,,,,,,,,,3,1,1,1,2.0
201600012445,0016-06-06 22:15:00,16,6,6,22,15,330,29,,,,Nuit sans éclairage public,Hors agglomération,Autre intersection,Temps couvert,Deux véhicules - arrière,,,,,,,,,,,3,1,9,8,2.0
201600012446,0016-06-07 02:15:00,16,6,7,2,15,330,284,,,,Nuit sans éclairage public,Hors agglomération,Hors intersection,Temps couvert,Deux véhicules - arrière,,,,,,,,,,,3,1,1,8,2.0
201600012447,0016-06-21 16:15:00,16,6,21,16,15,330,284,,,,Plein jour,Hors agglomération,Hors intersection,Normale,Deux véhicules - arrière,,,,,,,,,,,1,1,1,1,2.0
201600012448,0016-06-21 17:30:00,16,6,21,17,30,330,284,,,,Plein jour,Hors agglomération,Hors intersection,Normale,Trois véhicules et plus - collisions multiples,,,,,,,,,,,1,1,1,1,5.0
201600012449,0016-07-02 19:00:00,16,7,2,19,0,330,199,,,,Plein jour,Hors agglomération,Giratoire,Temps couvert,Sans collision,,,,,,,,,,,1,1,6,8,7.0
201600012450,0016-08-04 11:15:00,16,8,4,11,15,330,527,A660,,,Plein jour,Hors agglomération,Hors intersection,Temps couvert,Deux véhicules - côté,,,,,,,,,,,1,1,1,8,3.0
201600012451,0016-08-31 16:15:00,16,8,31,16,15,330,284,,,,Plein jour,Hors agglomération,Hors intersection,Normale,Trois véhicules et plus - collisions multiples,,,,,,,,,,,1,1,1,1,5.0
201600012452,0016-09-05 19:00:00,16,9,5,19,0,330,284,,,,Plein jour,Hors agglomération,Hors intersection,Normale,Deux véhicules - arrière,,,,,,,,,,,1,1,1,1,2.0
201600012453,0016-01-07 20:15:00,16,1,7,20,15,740,208,,,,Nuit avec éclairage allumé,Hors agglomération,Hors intersection,Pluie forte,Autre collision,,,,,,,,,,,5,1,1,3,6.0
201600012454,0016-02-26 21:30:00,16,2,26,21,30,740,143,,,,Nuit sans éclairage public,Hors agglomération,Intersection en X,Normale,Deux véhicules - frontale,,,,,,,,,,,3,1,2,1,1.0
201600012455,0016-04-28 15:45:00,16,4,28,15,45,460,162,,44.55613,1.59765,Plein jour,Hors agglomération,Hors intersection,Normale,Deux véhicules - frontale,,,,,,,,,,,1,1,1,1,1.0
201600012456,0016-07-02 03:15:00,16,7,2,3,15,460,49,,44.47154,1.77819,Nuit sans éclairage public,Hors agglomération,Hors intersection,Normale,Autre collision,,,,,,,,,,,3,1,1,1,6.0
201600012457,0016-12-10 16:30:00,16,12,10,16,30,460,7,,44.43556,1.51156,Crépuscule ou aube,Hors agglomération,Hors intersection,Normale,Autre collision,,,,,,,,,,,2,1,1,1,6.0
201600012458,0016-01-08 12:00:00,16,1,8,12,0,690,208,,45.842,4.625,Plein jour,Hors agglomération,Autre intersection,Normale,Autre collision,,,,,,,,,,,1,1,9,1,6.0
201600012459,0016-02-14 15:45:00,16,2,14,15,45,690,32,Chemin de boulogne,,,Plein jour,En agglomération,Hors intersection,Normale,Deux véhicules - frontale,,,,,,,,,,,1,2,1,1,1.0
201600012460,0016-03-29 11:45:00,16,3,29,11,45,690,254,,45.944,4.437,Plein jour,Hors agglomération,Hors intersection,Normale,Deux véhicules - frontale,,,,,,,,,,,1,1,1,1,1.0
201600012461,0016-05-31 14:30:00,16,5,31,14,30,690,112,,,,Plein jour,Hors agglomération,Hors intersection,Pluie forte,Autre collision,,,,,,,,,,,1,1,1,3,6.0
201600012462,0016-09-04 16:30:00,16,9,4,16,30,690,50,,,,Plein jour,Hors agglomération,Hors intersection,Normale,Deux véhicules - frontale,,,,,,,,,,,1,1,1,1,1.0
201600012463,0016-09-15 08:30:00,16,9,15,8,30,690,243,,,,Plein jour,Hors agglomération,Hors intersection,Autre,Autre collision,,,,,,,,,,,1,1,1,9,6.0
201600012464,0016-10-14 22:10:00,16,10,14,22,10,690,102,A89 SENS CLERMONT-FERRAN,45.87756,4.39815,Nuit sans éclairage public,Hors agglomération,Hors intersection,Pluie légère,Autre collision,,,,,,,,,,,3,1,1,2,6.0
201600012465,0016-11-09 06:54:00,16,11,9,6,54,690,102,A 89 PK511,45.89033,4.36777,Crépuscule ou aube,Hors agglomération,Hors intersection,Pluie légère,Trois véhicules et plus - collisions multiples,,,,,,,,,,,2,1,1,2,5.0
201600012466,0016-12-06 17:45:00,16,12,6,17,45,690,50,Autoroute A89 PK 532,45.86366,4.63174,Nuit sans éclairage public,Hors agglomération,Hors intersection,Brouillard / fumée,Trois véhicules et plus - en chaîne,,,,,,,,,,,3,1,1,5,4.0
201600012467,0016-12-26 14:05:00,16,12,26,14,5,690,112,Autoroute 89 PK 536.100,45.81268,4.65051,Plein jour,Hors agglomération,Hors intersection,Normale,Autre collision,,,,,,,,,,,1,1,1,1,6.0
201600012468,0016-02-14 17:00:00,16,2,14,17,0,720,166,,,,Crépuscule ou aube,Hors agglomération,Hors intersection,Neige / grêle,Autre collision,,,,,,,,,,,2,1,1,4,6.0
201600012469,0016-03-30 13:00:00,16,3,30,13,0,720,89,,,,Plein jour,Hors agglomération,Hors intersection,Normale,Deux véhicules - frontale,,,,,,,,,,,1,1,1,1,1.0
201600012470,0016-08-10 19:45:00,16,8,10,19,45,720,149,,,,Plein jour,Hors agglomération,Autre intersection,Normale,Deux véhicules - arrière,,,,,,,,,,,1,1,9,1,2.0
201600012471,0016-11-21 18:30:00,16,11,21,18,30,720,149,,,,Plein jour,Hors agglomération,Hors intersection,Temps couvert,Deux véhicules - côté,,,,,,,,,,,1,1,1,8,3.0
201600012472,0016-02-06 05:45:00,16,2,6,5,45,680,297,,47.59144,7.5452,Nuit sans éclairage public,Hors agglomération,Hors intersection,Normale,Autre collision,,,,,,,,,,,3,1,1,1,6.0
201600012473,0016-03-29 09:00:00,16,3,29,9,0,680,300,,47.77389,7.40015,Plein jour,Hors agglomération,Hors intersection,Normale,Sans collision,,,,,,,,,,,1,1,1,1,7.0
201600012474,0016-04-03 13:30:00,16,4,3,13,30,680,300,,47.7894,7.3991,Plein jour,Hors agglomération,Hors intersection,Normale,Autre collision,,,,,,,,,,,1,1,1,1,6.0
201600012475,0016-07-31 20:30:00,16,7,31,20,30,680,103,,47.64498,7.45544,Crépuscule ou aube,Hors agglomération,Hors intersection,Pluie légère,Sans collision,,,,,,,,,,,2,1,1,2,7.0
201600012476,0016-08-12 15:15:00,16,8,12,15,15,680,278,,,,Plein jour,Hors agglomération,Hors intersection,Normale,Autre collision,,,,,,,,,,,1,1,1,1,6.0
201600012477,0016-09-05 17:30:00,16,9,5,17,30,680,300,,,,Plein jour,Hors agglomération,Hors intersection,Normale,Autre collision,,,,,,,,,,,1,1,1,1,6.0
201600012478,0016-09-20 02:30:00,16,9,20,2,30,680,278,,47.74769,7.42053,Nuit sans éclairage public,Hors agglomération,Hors intersection,Normale,Deux véhicules - arrière,,,,,,,,,,,3,1,1,1,2.0
201600012479,0016-09-29 13:15:00,16,9,29,13,15,680,253,,47.48053,7.49409,Plein jour,Hors agglomération,Hors intersection,Normale,Deux véhicules - arrière,,,,,,,,,,,1,1,1,1,2.0
201600012480,0016-10-10 11:30:00,16,10,10,11,30,680,300,Bifurcation A36 vers A35,47.78462,7.40714,Plein jour,En agglomération,Intersection en Y,Normale,Autre collision,,,,,,,,,,,1,2,4,1,6.0
201600012481,0016-11-06 04:15:00,16,11,6,4,15,680,21,,47.6366,7.50012,Nuit avec éclairage non allumé,Hors agglomération,Hors intersection,Normale,Autre collision,,,,,,,,,,,4,1,1,1,6.0
201600012482,0016-12-05 16:15:00,16,12,5,16,15,680,300,,47.78942,7.39906,Plein jour,Hors agglomération,Hors intersection,Normale,Sans collision,,,,,,,,,,,1,1,1,1,7.0
201600012483,0016-12-18 06:15:00,16,12,18,6,15,680,21,,,,Nuit sans éclairage public,Hors agglomération,Hors intersection,Normale,Sans collision,,,,,,,,,,,3,1,1,1,7.0
201600012484,0016-01-12 14:45:00,16,1,12,14,45,530,228,,48.0444,-0.39223,Plein jour,Hors agglomération,Hors intersection,Normale,Autre collision,,,,,,,,,,,1,1,1,1,6.0
201600012485,0016-02-23 13:45:00,16,2,23,13,45,530,49,,48.15479,-0.63917,Plein jour,Hors agglomération,Hors intersection,Normale,Sans collision,,,,,,,,,,,1,1,1,1,7.0
201600012486,0016-04-01 11:15:00,16,4,1,11,15,530,26,,47.99526,-0.98203,Plein jour,Hors agglomération,Hors intersection,Normale,Autre collision,,,,,,,,,,,1,1,1,1,6.0
201600012487,0016-04-09 06:15:00,16,4,9,6,15,530,34,,48.09573,-0.69309,Nuit sans éclairage public,Hors agglomération,Hors intersection,Pluie forte,Autre collision,,,,,,,,,,,3,1,1,3,6.0
201600012488,0016-05-08 06:30:00,16,5,8,6,30,530,7,,48.07605,-0.64557,Crépuscule ou aube,Hors agglomération,Hors intersection,Normale,Deux véhicules - arrière,,,,,,,,,,,2,1,1,1,2.0
201600012489,0016-05-10 13:15:00,16,5,10,13,15,530,267,,48.05163,-0.43359,Plein jour,Hors agglomération,Hors intersection,Normale,Trois véhicules et plus - collisions multiples,,,,,,,,,,,1,1,1,1,5.0
201600012490,0016-07-15 18:00:00,16,7,15,18,0,530,7,,48.07532,-0.61294,Plein jour,Hors agglomération,Hors intersection,Normale,Autre collision,,,,,,,,,,,1,1,1,1,6.0
201600012491,0016-07-23 08:30:00,16,7,23,8,30,530,262,,48.06955,-0.5587,Plein jour,Hors agglomération,Hors intersection,Normale,Autre collision,,,,,,,,,,,1,1,1,1,6.0
201600012492,0016-12-10 11:00:00,16,12,10,11,0,530,1,place de l'eglise,47.78329,-0.62965,Plein jour,En agglomération,Place,Temps couvert,Deux véhicules - côté,,,,,,,,,,,1,2,7,8,3.0
201600012493,0016-01-08 06:30:00,16,1,8,6,30,440,48,,47.37864,-1.26274,Crépuscule ou aube,Hors agglomération,Hors intersection,Normale,Sans collision,,,,,,,,,,,2,1,1,1,7.0
201600012494,0016-01-15 13:30:00,16,1,15,13,30,440,28,,47.34409,-1.36884,Plein jour,Hors agglomération,Hors intersection,Normale,Sans collision,,,,,,,,,,,1,1,1,1,7.0
201600012495,0016-01-27 15:15:00,16,1,27,15,15,440,26,,47.299,-1.43607,Plein jour,Hors agglomération,Hors intersection,Normale,Autre collision,,,,,,,,,,,1,1,1,1,6.0
201600012496,0016-02-01 14:15:00,16,2,1,14,15,440,104,,47.41545,-0.96851,Plein jour,Hors agglomération,Hors intersection,Normale,Autre collision,,,,,,,,,,,1,1,1,1,6.0
201600012497,0016-03-21 19:30:00,16,3,21,19,30,440,3,,47.40033,-1.19746,Nuit sans éclairage public,Hors agglomération,Hors intersection,Normale,Deux véhicules - arrière,,,,,,,,,,,3,1,1,1,2.0
201600012498,0016-06-23 10:45:00,16,6,23,10,45,440,3,,47.40033,-1.19746,Plein jour,Hors agglomération,Hors intersection,Normale,Deux véhicules - arrière,,,,,,,,,,,1,1,1,1,2.0
201600012499,0016-01-11 08:30:00,16,1,11,8,30,470,43,AIRE A62 PR 97.180,44.2497,0.30262,Crépuscule ou aube,Hors agglomération,Hors intersection,Pluie légère,Autre collision,,,,,,,,,,,2,1,1,2,6.0
201600012500,0016-06-04 06:15:00,16,6,4,6,15,470,97,A62,44.2305,0.33235,Crépuscule ou aube,Hors agglomération,Hors intersection,Normale,Deux véhicules - arrière,,,,,,,,,,,2,1,1,1,2.0
201600012501,0016-09-04 16:45:00,16,9,4,16,45,470,41,,44.2133,0.40247,Plein jour,Hors agglomération,Hors intersection,Normale,Sans collision,,,,,,,,,,,1,1,1,1,7.0
201600012502,0016-12-03 16:15:00,16,12,3,16,15,470,78,,44.2794,0.27041,Plein jour,Hors agglomération,Hors intersection,Normale,Sans collision,,,,,,,,,,,1,1,1,1,7.0
201600012503,0016-12-21 18:45:00,16,12,21,18,45,470,267,,44.2724,0.27521,Nuit sans éclairage public,Hors agglomération,Hors intersection,Normale,Trois véhicules et plus - collisions multiples,,,,,,,,,,,3,1,1,1,5.0
201600012504,0016-01-03 12:30:00,16,1,3,12,30,820,125,,,,Plein jour,Hors agglomération,Hors intersection,Normale,Autre collision,,,,,,,,,,,1,1,1,1,6.0
201600012505,0016-01-14 07:45:00,16,1,14,7,45,820,28,,,,Crépuscule ou aube,Hors agglomération,Hors intersection,Pluie légère,Trois véhicules et plus - collisions multiples,,,,,,,,,,,2,1,1,2,5.0
201600012506,0016-03-01 11:30:00,16,3,1,11,30,820,172,,,,Plein jour,Hors agglomération,Giratoire,Normale,Autre collision,,,,,,,,,,,1,1,6,1,6.0
201600012507,0016-03-05 14:00:00,16,3,5,14,0,820,123,,,,Plein jour,Hors agglomération,Hors intersection,Pluie légère,Deux véhicules - frontale,,,,,,,,,,,1,1,1,2,1.0
201600012508,0016-04-14 19:15:00,16,4,14,19,15,310,202,,43.8457,1.32294,Plein jour,Hors agglomération,Hors intersection,Normale,Autre collision,,,,,,,,,,,1,1,1,1,6.0
201600012509,0016-05-04 18:15:00,16,5,4,18,15,820,33,,,,Plein jour,Hors agglomération,Hors intersection,Normale,Deux véhicules - arrière,,,,,,,,,,,1,1,1,1,2.0
201600012510,0016-07-10 19:30:00,16,7,10,19,30,820,33,,,,Plein jour,Hors agglomération,Hors intersection,Normale,Autre collision,,,,,,,,,,,1,1,1,1,6.0
201600012511,0016-09-09 06:00:00,16,9,9,6,0,820,33,,,,Crépuscule ou aube,Hors agglomération,Hors intersection,Normale,Deux véhicules - arrière,,,,,,,,,,,2,1,1,1,2.0
201600012512,0016-09-25 10:00:00,16,9,25,10,0,820,121,,,,Plein jour,Hors agglomération,Hors intersection,Normale,Autre collision,,,,,,,,,,,1,1,1,1,6.0
201600012513,0016-10-02 15:45:00,16,10,2,15,45,820,25,,,,Plein jour,Hors agglomération,Autre intersection,Normale,Deux véhicules - arrière,,,,,,,,,,,1,1,9,1,2.0
201600012514,0016-11-06 14:15:00,16,11,6,14,15,310,202,,,,Plein jour,Hors agglomération,Hors intersection,Brouillard / fumée,Trois véhicules et plus - en chaîne,,,,,,,,,,,1,1,1,5,4.0
201600012515,0016-12-10 13:15:00,16,12,10,13,15,820,149,,,,Plein jour,Hors agglomération,Hors intersection,Brouillard / fumée,Deux véhicules - arrière,,,,,,,,,,,1,1,1,5,2.0
201600012516,0016-12-16 16:00:00,16,12,16,16,0,820,123,,,,Plein jour,Hors agglomération,Hors intersection,Pluie légère,Deux véhicules - arrière,,,,,,,,,,,1,1,1,2,2.0
201600012517,0016-01-16 16:30:00,16,1,16,16,30,201,27,,42.11693,8.92198,Plein jour,Hors agglomération,Hors intersection,Normale,Sans collision,,,,,,,,,,,1,1,1,1,7.0
201600012518,0016-05-24 10:00:00,16,5,24,10,0,201,348,,,,Plein jour,Hors agglomération,Hors intersection,Normale,Deux véhicules - côté,,,,,,,,,,,1,1,1,1,3.0
201600012519,0016-06-08 17:30:00,16,6,8,17,30,201,212,,,,Plein jour,Hors agglomération,Hors intersection,Normale,Trois véhicules et plus - collisions multiples,,,,,,,,,,,1,1,1,1,5.0
201600012520,0016-06-15 20:30:00,16,6,15,20,30,201,48,,,,Crépuscule ou aube,Hors agglomération,Hors intersection,Normale,Deux véhicules - frontale,,,,,,,,,,,2,1,1,1,1.0
201600012521,0016-09-07 10:30:00,16,9,7,10,30,201,266,,,,Plein jour,Hors agglomération,Hors intersection,Normale,Trois véhicules et plus - en chaîne,,,,,,,,,,,1,1,1,1,4.0
201600012522,0016-01-01 14:15:00,16,1,1,14,15,390,150,,47.06949,5.43871,Plein jour,Hors agglomération,Hors intersection,Normale,Autre collision,,,,,,,,,,,1,1,1,1,6.0
201600012523,0016-02-03 18:15:00,16,2,3,18,15,390,233,,47.08679,5.42007,Nuit sans éclairage public,Hors agglomération,Hors intersection,Temps couvert,Trois véhicules et plus - collisions multiples,,,,,,,,,,,3,1,1,8,5.0
201600012524,0016-03-16 17:45:00,16,3,16,17,45,390,448,,46.99657,5.49932,Plein jour,Hors agglomération,Hors intersection,Normale,Autre collision,,,,,,,,,,,1,1,1,1,6.0
201600012525,0016-06-08 07:15:00,16,6,8,7,15,390,252,,47.04134,5.44793,Plein jour,Hors agglomération,Hors intersection,Normale,Deux véhicules - frontale,,,,,,,,,,,1,1,1,1,1.0
201600012526,0016-11-14 17:00:00,16,11,14,17,0,390,219,,47.17124,5.77886,Crépuscule ou aube,Hors agglomération,Hors intersection,Normale,Trois véhicules et plus - collisions multiples,,,,,,,,,,,2,1,1,1,5.0
201600012527,0016-12-13 00:15:00,16,12,13,0,15,390,31,,47.17235,5.66014,Nuit sans éclairage public,Hors agglomération,Hors intersection,Pluie légère,Autre collision,,,,,,,,,,,3,1,1,2,6.0
201600012528,0016-03-26 08:00:00,16,3,26,8,0,380,397,inter av dent de crolles,45.24597,5.83107,Plein jour,En agglomération,Intersection en Y,Normale,Deux véhicules - côté,,,,,,,,,,,1,2,4,1,3.0