accident_id,datetime,annee,mois,jour,heure,minute,departement,commune_insee,adresse,latitude,longitude,luminosite,agglomeration,intersection,meteo,collision,nb_vehicules,nb_usagers,nb_indemnes,nb_tues,nb_blesses_hosp,nb_blesses_legers,age_cond_1,age_cond_2,veh_type_cond_1,veh_type_cond_2,lum_code,agg_code,int_code,atm_code,col_code
201600012793,0016-01-16 11:00:00,16,1,16,11,0,780,474,route blanche,,,Plein jour,En agglomération,Hors intersection,Normale,Deux véhicules - frontale,,,,,,,,,,,1,2,1,1,1.0
201600012794,0016-02-17 17:15:00,16,2,17,17,15,780,192,,,,Plein jour,Hors agglomération,Intersection en X,Normale,Deux véhicules - côté,,,,,,,,,,,1,1,2,1,3.0
201600012795,0016-03-31 17:00:00,16,3,31,17,0,780,591,,,,Plein jour,Hors agglomération,Intersection à plus de 4 branches,Pluie légère,Trois véhicules et plus - collisions multiples,,,,,,,,,,,1,1,5,2,5.0
201600012796,0016-04-30 13:15:00,16,4,30,13,15,780,291,,,,Plein jour,Hors agglomération,Hors intersection,Temps couvert,Trois véhicules et plus - collisions multiples,,,,,,,,,,,1,1,1,8,5.0
201600012797,0016-03-19 10:00:00,16,3,19,10,0,880,430,,48.18802,5.75933,Plein jour,Hors agglomération,Hors intersection,Temps couvert,Deux véhicules - frontale,,,,,,,,,,,1,1,1,8,1.0
201600012798,0016-07-24 15:15:00,16,7,24,15,15,880,430,,48.18636,5.75587,Plein jour,Hors agglomération,Hors intersection,Normale,Deux véhicules - côté,,,,,,,,,,,1,1,1,1,3.0
201600012799,0016-03-14 18:15:00,16,3,14,18,15,380,553,boulevard de villefontai,,,Plein jour,En agglomération,Hors intersection,Normale,Deux véhicules - frontale,,,,,,,,,,,1,2,1,1,1.0
201600012800,0016-04-24 15:45:00,16,4,24,15,45,380,553,,45.60475,5.16371,Plein jour,Hors agglomération,Hors intersection,Normale,Deux véhicules - frontale,,,,,,,,,,,1,1,1,1,1.0
201600012801,0016-08-07 14:00:00,16,8,7,14,0,380,48,,,,Plein jour,Hors agglomération,Hors intersection,Normale,Deux véhicules - côté,,,,,,,,,,,1,1,1,1,3.0
201600012802,0016-08-22 21:15:00,16,8,22,21,15,380,48,,,,Nuit sans éclairage public,Hors agglomération,Hors intersection,Normale,Deux véhicules - frontale,,,,,,,,,,,3,1,1,1,1.0
201600012803,0016-09-13 12:15:00,16,9,13,12,15,380,553,avenue georges bizet,,,Plein jour,En agglomération,Hors intersection,Normale,Deux véhicules - côté,,,,,,,,,,,1,2,1,1,3.0
201600012804,0016-09-19 09:15:00,16,9,19,9,15,380,553,avenue steve BIKO,,,Plein jour,En agglomération,Hors intersection,Pluie forte,Deux véhicules - côté,,,,,,,,,,,1,2,1,3,3.0
201600012805,0016-11-05 19:30:00,16,11,5,19,30,380,553,avenue de la maladiÃ¿re,,,Nuit sans éclairage public,En agglomération,Hors intersection,Pluie forte,Autre collision,,,,,,,,,,,3,2,1,3,6.0
201600012806,0016-11-09 09:15:00,16,11,9,9,15,380,553,Avenue des bois,,,Plein jour,En agglomération,Hors intersection,Pluie forte,Trois véhicules et plus - en chaîne,,,,,,,,,,,1,2,1,3,4.0
201600012807,0016-02-08 12:15:00,16,2,8,12,15,130,113,,,,Plein jour,Hors agglomération,Hors intersection,Normale,Autre collision,,,,,,,,,,,1,1,1,1,6.0
201600012808,0016-02-10 17:15:00,16,2,10,17,15,130,48,,,,Plein jour,Hors agglomération,Hors intersection,Normale,Autre collision,,,,,,,,,,,1,1,1,1,6.0
201600012809,0016-07-04 13:45:00,16,7,4,13,45,130,113,autoroute,,,Plein jour,Hors agglomération,Hors intersection,Normale,Trois véhicules et plus - collisions multiples,,,,,,,,,,,1,1,1,1,5.0
201600012810,0016-07-13 09:45:00,16,7,13,9,45,130,59,,,,Plein jour,Hors agglomération,Hors intersection,Normale,Deux véhicules - arrière,,,,,,,,,,,1,1,1,1,2.0
201600012811,0016-07-17 21:00:00,16,7,17,21,0,130,59,,,,Plein jour,Hors agglomération,Hors intersection,Normale,Autre collision,,,,,,,,,,,1,1,1,1,6.0
201600012812,0016-07-19 17:00:00,16,7,19,17,0,130,74,,,,Plein jour,Hors agglomération,Hors intersection,Normale,Deux véhicules - arrière,,,,,,,,,,,1,1,1,1,2.0
201600012813,0016-09-19 06:00:00,16,9,19,6,0,130,59,,,,Nuit sans éclairage public,Hors agglomération,Hors intersection,Normale,Trois véhicules et plus - collisions multiples,,,,,,,,,,,3,1,1,1,5.0
201600012814,0016-02-12 16:00:00,16,2,12,16,0,180,214,,,,Plein jour,Hors agglomération,Hors intersection,Neige / grêle,Trois véhicules et plus - en chaîne,,,,,,,,,,,1,1,1,4,4.0
201600012815,0016-08-14 08:00:00,16,8,14,8,0,180,138,,,,Plein jour,Hors agglomération,Hors intersection,Normale,Autre collision,,,,,,,,,,,1,1,1,1,6.0
201600012816,0016-08-27 10:00:00,16,8,27,10,0,180,138,,,,Plein jour,Hors agglomération,Hors intersection,Normale,Autre collision,,,,,,,,,,,1,1,1,1,6.0
201600012817,0016-09-07 19:45:00,16,9,7,19,45,180,50,,47.05415,2.3149,Crépuscule ou aube,Hors agglomération,Hors intersection,Normale,Autre collision,,,,,,,,,,,2,1,1,1,6.0
201600012818,0016-02-03 07:30:00,16,2,3,7,30,340,159,AVENUE DE VERDUN,43.509,3.80166,Nuit avec éclairage allumé,En agglomération,Hors intersection,Normale,Deux véhicules - frontale,,,,,,,,,,,5,2,1,1,1.0
201600012819,0016-03-07 06:30:00,16,3,7,6,30,340,337,,43.5262,3.81942,Nuit sans éclairage public,Hors agglomération,Hors intersection,Normale,Deux véhicules - côté,,,,,,,,,,,3,1,1,1,3.0
201600012820,0016-03-12 08:45:00,16,3,12,8,45,340,333,,43.4809,3.77297,Plein jour,Hors agglomération,Hors intersection,Normale,Trois véhicules et plus - en chaîne,,,,,,,,,,,1,1,1,1,4.0
201600012821,0016-08-24 09:15:00,16,8,24,9,15,340,159,31 AVENUE DE VERDUN,43.5055,3.7951,Plein jour,En agglomération,Hors intersection,Normale,Autre collision,,,,,,,,,,,1,2,1,1,6.0
201600012822,0016-09-05 08:30:00,16,9,5,8,30,340,108,,43.4728,3.76948,Plein jour,Hors agglomération,Hors intersection,Normale,Deux véhicules - côté,,,,,,,,,,,1,1,1,1,3.0
201600012823,0016-09-21 10:45:00,16,9,21,10,45,340,337,,43.5464,3.82436,Plein jour,Hors agglomération,Autre intersection,Normale,Deux véhicules - côté,,,,,,,,,,,1,1,9,1,3.0
201600012824,0016-10-15 14:15:00,16,10,15,14,15,340,108,,43.47752,3.77167,Plein jour,Hors agglomération,Intersection en T,Normale,Deux véhicules - côté,,,,,,,,,,,1,1,3,1,3.0
201600012825,0016-12-06 14:15:00,16,12,6,14,15,340,333,,43.4949,3.7953,Plein jour,Hors agglomération,Hors intersection,Normale,Deux véhicules - côté,,,,,,,,,,,1,1,1,1,3.0
201600012826,0016-12-23 09:15:00,16,12,23,9,15,340,333,,43.47451,3.77039,Plein jour,Hors agglomération,Hors intersection,Normale,Deux véhicules - côté,,,,,,,,,,,1,1,1,1,3.0
201600012827,0016-01-12 12:15:00,16,1,12,12,15,10,373,,,,Plein jour,Hors agglomération,Hors intersection,Normale,Trois véhicules et plus - collisions multiples,,,,,,,,,,,1,1,1,1,5.0
201600012828,0016-02-03 17:15:00,16,2,3,17,15,10,237,,,,Crépuscule ou aube,Hors agglomération,Hors intersection,Neige / grêle,Deux véhicules - arrière,,,,,,,,,,,2,1,1,4,2.0
201600012829,0016-06-12 02:30:00,16,6,12,2,30,10,274,,,,Nuit avec éclairage allumé,Hors agglomération,Hors intersection,Normale,Sans collision,,,,,,,,,,,5,1,1,1,7.0
201600012830,0016-11-06 17:45:00,16,11,6,17,45,10,283,,46.26902,5.64671,Nuit sans éclairage public,Hors agglomération,Hors intersection,Pluie légère,Deux véhicules - côté,,,,,,,,,,,3,1,1,2,3.0
201600012831,0016-11-10 17:45:00,16,11,10,17,45,10,14,,46.28172,5.66039,Nuit avec éclairage allumé,Hors agglomération,Hors intersection,Pluie forte,Deux véhicules - frontale,,,,,,,,,,,5,1,1,3,1.0
201600012832,0016-12-18 03:15:00,16,12,18,3,15,10,87,,,,Nuit sans éclairage public,Hors agglomération,Hors intersection,Normale,Deux véhicules - frontale,,,,,,,,,,,3,1,1,1,1.0
201600012833,0016-01-26 10:00:00,16,1,26,10,0,140,535,,49.297,-0.47578,Plein jour,Hors agglomération,Hors intersection,Normale,Autre collision,,,,,,,,,,,1,1,1,1,6.0
201600012834,0016-05-04 08:15:00,16,5,4,8,15,140,685,CARREFOUR D170/D22,49.2443,-0.46041,Plein jour,Hors agglomération,Intersection en T,Normale,Deux véhicules - arrière,,,,,,,,,,,1,1,3,1,2.0
201600012835,0016-06-11 13:45:00,16,6,11,13,45,140,200,,49.2932,-0.54368,Plein jour,Hors agglomération,Intersection en X,Normale,Deux véhicules - côté,,,,,,,,,,,1,1,2,1,3.0
201600012836,0016-07-13 09:45:00,16,7,13,9,45,140,191,ROUTE DE BERNIÈRES,49.3301,-0.44753,Plein jour,En agglomération,Hors intersection,Normale,Deux véhicules - arrière,,,,,,,,,,,1,2,1,1,2.0
201600012837,0016-08-15 17:15:00,16,8,15,17,15,140,535,,,,Plein jour,Hors agglomération,Hors intersection,Normale,Deux véhicules - frontale,,,,,,,,,,,1,1,1,1,1.0
201600012838,0016-08-26 11:45:00,16,8,26,11,45,140,515,RUE DU PHARE,49.3488,-0.75659,Plein jour,En agglomération,Intersection en T,Normale,Autre collision,,,,,,,,,,,1,2,3,1,6.0
201600012839,0016-09-19 22:15:00,16,9,19,22,15,140,49,,49.311,-0.593,Nuit sans éclairage public,Hors agglomération,Hors intersection,Normale,Deux véhicules - côté,,,,,,,,,,,3,1,1,1,3.0
201600012840,0016-01-08 17:00:00,16,1,8,17,0,130,69,Avenue du Général de Ga,43.63044,5.15869,Plein jour,Hors agglomération,Hors intersection,Normale,Deux véhicules - côté,,,,,,,,,,,1,1,1,1,3.0
201600012841,0016-02-11 19:00:00,16,2,11,19,0,130,51,,43.57834,5.14997,Plein jour,Hors agglomération,Hors intersection,Normale,Sans collision,,,,,,,,,,,1,1,1,1,7.0
201600012842,0016-03-31 18:45:00,16,3,31,18,45,130,51,487 Route de Saint-Chama,43.59012,5.11487,Plein jour,Hors agglomération,Hors intersection,Normale,Deux véhicules - côté,,,,,,,,,,,1,1,1,1,3.0
201600012843,0016-05-09 07:30:00,16,5,9,7,30,130,51,,,,Plein jour,Hors agglomération,Hors intersection,Normale,Deux véhicules - côté,,,,,,,,,,,1,1,1,1,3.0
201600012844,0016-05-05 21:30:00,16,5,5,21,30,130,51,,,,Nuit sans éclairage public,Hors agglomération,Hors intersection,Normale,Autre collision,,,,,,,,,,,3,1,1,1,6.0
201600012845,0016-08-05 08:45:00,16,8,5,8,45,130,51,,,,Plein jour,Hors agglomération,Hors intersection,Normale,Trois véhicules et plus - collisions multiples,,,,,,,,,,,1,1,1,1,5.0
201600012846,0016-09-24 18:30:00,16,9,24,18,30,130,51,,,,Crépuscule ou aube,Hors agglomération,Hors intersection,Normale,Deux véhicules - côté,,,,,,,,,,,2,1,1,1,3.0
201600012847,0016-09-30 07:45:00,16,9,30,7,45,130,51,,,,Plein jour,Hors agglomération,Hors intersection,Normale,Trois véhicules et plus - collisions multiples,,,,,,,,,,,1,1,1,1,5.0
201600012848,0016-11-20 06:15:00,16,11,20,6,15,130,51,,43.58732,5.12498,Nuit sans éclairage public,Hors agglomération,Hors intersection,Normale,Deux véhicules - frontale,,,,,,,,,,,3,1,1,1,1.0
201600012849,0016-11-25 15:15:00,16,11,25,15,15,130,9,,43.59217,5.2542,Plein jour,Hors agglomération,Hors intersection,Pluie légère,Deux véhicules - côté,,,,,,,,,,,1,1,1,2,3.0
201600012850,0016-12-16 19:45:00,16,12,16,19,45,130,44,,43.60351,5.06569,Nuit sans éclairage public,Hors agglomération,Hors intersection,Normale,Deux véhicules - côté,,,,,,,,,,,3,1,1,1,3.0
201600012851,0016-12-18 18:45:00,16,12,18,18,45,130,44,,,,Nuit sans éclairage public,Hors agglomération,Hors intersection,Normale,Sans collision,,,,,,,,,,,3,1,1,1,7.0
201600012852,0016-01-28 07:00:00,16,1,28,7,0,30,118,,46.113,3.154,Crépuscule ou aube,Hors agglomération,Hors intersection,Normale,Deux véhicules - arrière,,,,,,,,,,,2,1,1,1,2.0
201600012853,0016-02-18 00:30:00,16,2,18,0,30,30,118,,46.097,3.138,Nuit sans éclairage public,Hors agglomération,Autre intersection,Normale,Deux véhicules - côté,,,,,,,,,,,3,1,9,1,3.0
201600012854,0016-03-09 21:15:00,16,3,9,21,15,30,118,,46.098,3.138,Nuit sans éclairage public,Hors agglomération,Hors intersection,Normale,Deux véhicules - arrière,,,,,,,,,,,3,1,1,1,2.0
201600012855,0016-08-23 16:00:00,16,8,23,16,0,30,186,,46.232,3.1,Plein jour,Hors agglomération,Hors intersection,Normale,Sans collision,,,,,,,,,,,1,1,1,1,7.0
201600012856,0016-09-07 08:00:00,16,9,7,8,0,30,175,,46.237,3.099,Plein jour,Hors agglomération,Autre intersection,Normale,Autre collision,,,,,,,,,,,1,1,9,1,6.0
201600012857,0016-09-08 15:15:00,16,9,8,15,15,30,220,,,,Plein jour,Hors agglomération,Hors intersection,Normale,Sans collision,,,,,,,,,,,1,1,1,1,7.0
201600012858,0016-09-23 23:45:00,16,9,23,23,45,30,75,,46.214,3.098,Nuit sans éclairage public,Hors agglomération,Hors intersection,Normale,Autre collision,,,,,,,,,,,3,1,1,1,6.0
201600012859,0016-09-27 17:15:00,16,9,27,17,15,30,75,,46.238,3.099,Plein jour,Hors agglomération,Hors intersection,Normale,Autre collision,,,,,,,,,,,1,1,1,1,6.0
201600012860,0016-10-11 07:45:00,16,10,11,7,45,30,82,,,,Plein jour,En agglomération,Hors intersection,Normale,Autre collision,,,,,,,,,,,1,2,1,1,6.0
201600012861,0016-11-10 19:45:00,16,11,10,19,45,30,118,,46.117,3.134,Nuit sans éclairage public,Hors agglomération,Hors intersection,Normale,Autre collision,,,,,,,,,,,3,1,1,1,6.0
201600012862,0016-01-20 19:45:00,16,1,20,19,45,630,327,,45.933,3.14,Nuit sans éclairage public,Hors agglomération,Hors intersection,Normale,Deux véhicules - arrière,,,,,,,,,,,3,1,1,1,2.0
201600012863,0016-03-27 16:45:00,16,3,27,16,45,630,113,,,,Plein jour,Hors agglomération,Hors intersection,Normale,Deux véhicules - côté,,,,,,,,,,,1,1,1,1,3.0
201600012864,0016-06-04 16:45:00,16,6,4,16,45,630,82,,46.063,3.115,Plein jour,Hors agglomération,Hors intersection,Normale,Deux véhicules - côté,,,,,,,,,,,1,1,1,1,3.0
201600012865,0016-07-02 11:45:00,16,7,2,11,45,630,113,,45.813,3.154,Plein jour,Hors agglomération,Hors intersection,Normale,Autre collision,,,,,,,,,,,1,1,1,1,6.0
201600012866,0016-08-13 11:00:00,16,8,13,11,0,630,300,,45.891,3.153,Plein jour,Hors agglomération,Hors intersection,Normale,Trois véhicules et plus - en chaîne,,,,,,,,,,,1,1,1,1,4.0
201600012867,0016-05-01 15:15:00,16,5,1,15,15,60,84,,43.61444,6.96146,Plein jour,Hors agglomération,Hors intersection,Normale,Autre collision,,,,,,,,,,,1,1,1,1,6.0
201600012868,0016-05-14 13:00:00,16,5,14,13,0,60,84,"14, avenue de Grasse",,,Plein jour,En agglomération,Hors intersection,Normale,Trois véhicules et plus - collisions multiples,,,,,,,,,,,1,2,1,1,5.0
201600012869,0016-06-20 15:00:00,16,6,20,15,0,60,84,avenue des sources,,,Plein jour,En agglomération,Giratoire,Normale,Autre collision,,,,,,,,,,,1,2,6,1,6.0
201600012870,0016-08-31 19:00:00,16,8,31,19,0,60,84,,,,Plein jour,Hors agglomération,Hors intersection,Normale,Deux véhicules - frontale,,,,,,,,,,,1,1,1,1,1.0
201600012871,0016-11-06 15:28:00,16,11,6,15,28,60,84,route de Pégomas,43.619,6.97106,Plein jour,Hors agglomération,Giratoire,Normale,Deux véhicules - arrière,,,,,,,,,,,1,1,6,1,2.0
201600012872,0016-05-03 12:15:00,16,5,3,12,15,490,18,,47.53259,-0.05998,Plein jour,Hors agglomération,Hors intersection,Normale,Deux véhicules - frontale,,,,,,,,,,,1,1,1,1,1.0
201600012873,0016-05-18 16:15:00,16,5,18,16,15,490,127,,47.63322,-0.2489,Plein jour,Hors agglomération,Intersection en X,Normale,Trois véhicules et plus - collisions multiples,,,,,,,,,,,1,1,2,1,5.0
201600012874,0016-06-17 13:15:00,16,6,17,13,15,490,245,,47.53012,-0.04135,Plein jour,Hors agglomération,Hors intersection,Normale,Deux véhicules - frontale,,,,,,,,,,,1,1,1,1,1.0
201600012875,0016-06-29 10:00:00,16,6,29,10,0,490,110,,47.54215,-0.40078,Plein jour,Hors agglomération,Hors intersection,Normale,Trois véhicules et plus - collisions multiples,,,,,,,,,,,1,1,1,1,5.0
201600012876,0016-08-12 17:10:00,16,8,12,17,10,490,323,,47.50861,-0.44803,Plein jour,Hors agglomération,Hors intersection,Normale,Deux véhicules - arrière,,,,,,,,,,,1,1,1,1,2.0
201600012877,0016-10-24 08:30:00,16,10,24,8,30,490,377,,47.51808,-0.41407,Crépuscule ou aube,Hors agglomération,Hors intersection,Pluie légère,Trois véhicules et plus - en chaîne,,,,,,,,,,,2,1,1,2,4.0
201600012878,0016-10-28 17:15:00,16,10,28,17,15,490,377,,47.51978,-0.42834,Plein jour,Hors agglomération,Hors intersection,Normale,Autre collision,,,,,,,,,,,1,1,1,1,6.0
201600012879,0016-11-22 16:00:00,16,11,22,16,0,490,127,,47.64038,-0.27455,Plein jour,Hors agglomération,Hors intersection,Normale,Deux véhicules - arrière,,,,,,,,,,,1,1,1,1,2.0
201600012880,0016-04-05 11:45:00,16,4,5,11,45,400,209,,43.55586,-1.43206,Plein jour,Hors agglomération,Hors intersection,Pluie légère,Deux véhicules - arrière,,,,,,,,,,,1,1,1,2,2.0
201600012881,0016-07-04 14:45:00,16,7,4,14,45,400,261,,43.71068,-1.22799,Plein jour,Hors agglomération,Hors intersection,Normale,Sans collision,,,,,,,,,,,1,1,1,1,7.0
201600012882,0016-12-24 21:45:00,16,12,24,21,45,400,133,A 63 - PR 160+200,43.59184,-1.41753,Nuit sans éclairage public,Hors agglomération,Hors intersection,Normale,Sans collision,,,,,,,,,,,3,1,1,1,7.0
201600012883,0016-10-14 10:20:00,16,10,14,10,20,400,94,A 63  - PR 086+500,44.1217,-0.98333,Plein jour,Hors agglomération,Hors intersection,Normale,Autre collision,,,,,,,,,,,1,1,1,1,6.0
201600012884,0016-12-17 15:30:00,16,12,17,15,30,400,134,AUTOROUTE A63,44.24719,-0.90539,Plein jour,Hors agglomération,Hors intersection,Temps éblouissant,Deux véhicules - arrière,,,,,,,,,,,1,1,1,7,2.0
201600012885,0016-03-26 22:15:00,16,3,26,22,15,630,93,,46.006,2.988,Nuit sans éclairage public,Hors agglomération,Hors intersection,Normale,Autre collision,,,,,,,,,,,3,1,1,1,6.0
201600012886,0016-04-25 13:45:00,16,4,25,13,45,630,354,,46.023,2.794,Plein jour,Hors agglomération,Hors intersection,Normale,Autre collision,,,,,,,,,,,1,1,1,1,6.0
201600012887,0016-05-05 15:00:00,16,5,5,15,0,630,198,,45.93,3.032,Plein jour,Hors agglomération,Hors intersection,Normale,Deux véhicules - côté,,,,,,,,,,,1,1,1,1,3.0
201600012888,0016-06-03 23:15:00,16,6,3,23,15,630,4,CHEMIN DE LA ROCHE,45.9259,2.8156,Nuit sans éclairage public,En agglomération,Hors intersection,Normale,Autre collision,,,,,,,,,,,3,2,1,1,6.0
201600012889,0016-07-13 00:01:00,16,7,13,0,1,630,349,,,,Nuit sans éclairage public,Hors agglomération,Hors intersection,Normale,Autre collision,,,,,,,,,,,3,1,1,1,6.0
201600012890,0016-07-28 11:15:00,16,7,28,11,15,630,349,rue du levant,45.9387,2.8415,Plein jour,En agglomération,Hors intersection,Normale,Autre collision,,,,,,,,,,,1,2,1,1,6.0
201600012891,0016-08-09 18:30:00,16,8,9,18,30,630,349,CD 19 et CD 419A,,,Plein jour,En agglomération,Intersection en T,Normale,Deux véhicules - côté,,,,,,,,,,,1,2,3,1,3.0
201600012892,0016-11-21 18:21:00,16,11,21,18,21,100,387,MARCELIN BERTHELOT (RUE),48.27638,4.08021,Nuit avec éclairage allumé,En agglomération,Giratoire,Temps couvert,Autre collision,,,,,,,,,,,5,2,6,8,6.0
201600012893,0016-10-13 16:22:00,16,10,13,16,22,100,387,MARGUERITE BOURGEOYS (RU,48.29669,4.08472,Plein jour,En agglomération,Hors intersection,Pluie légère,Sans collision,,,,,,,,,,,1,2,1,2,7.0
201600012894,0016-10-19 16:30:00,16,10,19,16,30,100,60,ROCADE OUEST (RD 610),48.25645,4.10175,Plein jour,Hors agglomération,Hors intersection,Normale,Autre collision,,,,,,,,,,,1,1,1,1,6.0
201600012895,0016-12-15 18:38:00,16,12,15,18,38,100,333,ROCADE OUEST (RD 610),48.27115,4.04893,Nuit sans éclairage public,Hors agglomération,Hors intersection,Normale,Deux véhicules - arrière,,,,,,,,,,,3,1,1,1,2.0
201600012896,0016-12-19 14:29:00,16,12,19,14,29,100,362,LAMARTINE (RUE),48.30137,4.03648,Plein jour,En agglomération,Hors intersection,Normale,Autre collision,,,,,,,,,,,1,2,1,1,6.0
201600012897,0016-12-27 18:55:00,16,12,27,18,55,100,297,"5, JULES GUESDE (RUE)",48.29828,4.11603,Nuit avec éclairage allumé,En agglomération,Hors intersection,Brouillard / fumée,Deux véhicules - arrière,,,,,,,,,,,5,2,1,5,2.0
201600012898,0016-12-24 15:20:00,16,12,24,15,20,100,387,GENDRET DE LA BONDE (RUE,48.30477,4.07022,Plein jour,En agglomération,Intersection en T,Normale,Deux véhicules - côté,,,,,,,,,,,1,2,3,1,3.0
201600012899,0016-01-06 17:57:00,16,1,6,17,57,100,387,"34, VOLTAIRE (RUE)",48.29481,4.06304,Nuit avec éclairage allumé,En agglomération,Hors intersection,Pluie légère,Deux véhicules - côté,,,,,,,,,,,5,2,1,2,3.0
201600012900,0016-08-03 20:25:00,16,8,3,20,25,100,343,MOULIN LE ROI (RUE),48.28121,4.09999,Plein jour,En agglomération,Giratoire,Normale,Autre collision,,,,,,,,,,,1,2,6,1,6.0
201600012901,0016-01-20 14:13:00,16,1,20,14,13,100,333,ROCADE OUEST (RD 610),48.28197,4.03999,Plein jour,Hors agglomération,Hors intersection,Normale,Deux véhicules - frontale,,,,,,,,,,,1,1,1,1,1.0
201600012902,0016-01-08 17:34:00,16,1,8,17,34,100,297,ARISTIDE BRIAND (RUE),48.32536,4.09485,Crépuscule ou aube,En agglomération,Intersection en T,Normale,Deux véhicules - côté,,,,,,,,,,,2,2,3,1,3.0
201600012903,0016-01-22 20:46:00,16,1,22,20,46,100,387,PIERRE BROSSOLETTE (RUE),48.2877,4.07716,Crépuscule ou aube,En agglomération,Intersection en X,Pluie forte,Deux véhicules - côté,,,,,,,,,,,2,2,2,3,3.0
201600012904,0016-01-23 10:08:00,16,1,23,10,8,100,387,"132, CHOMEDEY DE MAISONN",48.31049,4.0673,Plein jour,En agglomération,Hors intersection,Normale,Deux véhicules - arrière,,,,,,,,,,,1,2,1,1,2.0
201600012905,0016-01-26 08:52:00,16,1,26,8,52,100,333,AUXERRE (ROUTE),48.27015,4.05083,Plein jour,En agglomération,Giratoire,Normale,Deux véhicules - arrière,,,,,,,,,,,1,2,6,1,2.0
201600012906,0016-01-22 23:00:00,16,1,22,23,0,100,387,VOULDY (CHAUSSEE DU),48.29434,4.08275,Nuit avec éclairage allumé,En agglomération,Intersection en T,Pluie forte,Deux véhicules - côté,,,,,,,,,,,5,2,3,3,3.0
201600012907,0016-01-25 18:15:00,16,1,25,18,15,100,387,VOULDY (CHAUSSEE DU),48.29466,4.08251,Nuit avec éclairage allumé,En agglomération,Hors intersection,Normale,Deux véhicules - arrière,,,,,,,,,,,5,2,1,1,2.0
201600012908,0016-02-18 10:30:00,16,2,18,10,30,100,362,"47, GENERAL GALLIENI (av",48.29413,4.05766,Plein jour,En agglomération,Hors intersection,Normale,Autre collision,,,,,,,,,,,1,2,1,1,6.0
201600012909,0016-02-22 06:19:00,16,2,22,6,19,100,387,JULES GUESDE (bd),48.28764,4.08094,Nuit avec éclairage allumé,En agglomération,Giratoire,Normale,Deux véhicules - côté,,,,,,,,,,,5,2,6,1,3.0
201600012910,0016-02-22 12:09:00,16,2,22,12,9,100,387,CHARLES DELAUNAY (RUE),48.30282,4.06803,Plein jour,En agglomération,Intersection en X,Normale,Deux véhicules - arrière,,,,,,,,,,,1,2,2,1,2.0
201600012911,0016-02-15 19:45:00,16,2,15,19,45,100,387,"15, PASTEUR (RUE)",48.29941,4.06569,Nuit avec éclairage allumé,En agglomération,Hors intersection,Normale,Autre collision,,,,,,,,,,,5,2,1,1,6.0
201600012912,0016-02-03 15:00:00,16,2,3,15,0,100,387,"33, CLOITRE ST ETIENNE (",48.29591,4.08222,Plein jour,En agglomération,Hors intersection,Normale,Deux véhicules - côté,,,,,,,,,,,1,2,1,1,3.0
201600012913,0016-02-15 19:50:00,16,2,15,19,50,100,81,ROCADE OUEST (RD 610),48.30829,4.02231,Nuit sans éclairage public,En agglomération,Hors intersection,Normale,Deux véhicules - arrière,,,,,,,,,,,3,2,1,1,2.0
201600012914,0016-02-28 15:55:00,16,2,28,15,55,100,387,23 AV P. BROSSOLETTE,48.29116,4.07544,Plein jour,En agglomération,Hors intersection,Normale,Autre collision,,,,,,,,,,,1,2,1,1,6.0
201600012915,0016-02-23 20:25:00,16,2,23,20,25,100,387,GAMBETTA (bd),48.30044,4.07469,Nuit avec éclairage allumé,En agglomération,Hors intersection,Normale,Autre collision,,,,,,,,,,,5,2,1,1,6.0
201600012916,0016-02-24 13:20:00,16,2,24,13,20,100,387,ROBERT SCHUMANN (avenue),48.30659,4.09472,Plein jour,En agglomération,Hors intersection,Normale,Trois véhicules et plus - en chaîne,,,,,,,,,,,1,2,1,1,4.0
201600012917,0016-03-07 18:52:00,16,3,7,18,52,100,81,JEAN MOULIN (RUE),48.30538,4.02777,Nuit avec éclairage allumé,En agglomération,Hors intersection,Pluie légère,Autre collision,,,,,,,,,,,5,2,1,2,6.0
201600012918,0016-03-15 16:23:00,16,3,15,16,23,100,325,GABRIEL DEHEURLES (RUE),48.26342,4.04742,Plein jour,En agglomération,Intersection en T,Normale,Deux véhicules - côté,,,,,,,,,,,1,2,3,1,3.0
201600012919,0016-03-09 12:30:00,16,3,9,12,30,100,387,"30, PIERRE BROSSOLETTE (",48.29147,4.0751,Plein jour,En agglomération,Hors intersection,Normale,Autre collision,,,,,,,,,,,1,2,1,1,6.0
201600012920,0016-03-08 21:23:00,16,3,8,21,23,100,387,"14, RAYMOND POINCARE (RU",48.29522,4.07766,Nuit avec éclairage allumé,En agglomération,Hors intersection,Temps couvert,Autre collision,,,,,,,,,,,5,2,1,8,6.0
201600012921,0016-03-06 20:20:00,16,3,6,20,20,100,81,"140, GENERAL SARRAIL (AV",48.30296,4.02928,Nuit avec éclairage non allumé,Hors agglomération,Hors intersection,Normale,Deux véhicules - frontale,,,,,,,,,,,4,1,1,1,1.0
201600012922,0016-03-29 08:50:00,16,3,29,8,50,100,387,GEORGES POMPIDOU (RUE),48.29138,4.08811,Plein jour,En agglomération,Giratoire,Normale,Autre collision,,,,,,,,,,,1,2,6,1,6.0