accident_id,datetime,annee,mois,jour,heure,minute,departement,commune_insee,adresse,latitude,longitude,luminosite,agglomeration,intersection,meteo,collision,nb_vehicules,nb_usagers,nb_indemnes,nb_tues,nb_blesses_hosp,nb_blesses_legers,age_cond_1,age_cond_2,veh_type_cond_1,veh_type_cond_2,lum_code,agg_code,int_code,atm_code,col_code
201600012923,0016-03-17 10:48:00,16,3,17,10,48,100,387,GOURNAY (RUE DE),48.30079,4.08864,Plein jour,En agglomération,Intersection en T,Normale,Autre collision,,,,,,,,,,,1,2,3,1,6.0
201600012924,0016-03-25 14:14:00,16,3,25,14,14,100,387,"7 Q, MARECHAL DE LATTRE",48.3045,4.09483,Plein jour,En agglomération,Hors intersection,Normale,Autre collision,,,,,,,,,,,1,2,1,1,6.0
201600012925,0016-04-03 10:54:00,16,4,3,10,54,100,387,THENARD (RUE),48.26851,4.08609,Plein jour,En agglomération,Giratoire,Normale,Deux véhicules - côté,,,,,,,,,,,1,2,6,1,3.0
201600012926,0016-04-05 10:55:00,16,4,5,10,55,100,333,"100, AUXERRE (ROUTE)",48.27403,4.05797,Plein jour,En agglomération,Hors intersection,Normale,Autre collision,,,,,,,,,,,1,2,1,1,6.0
201600012927,0016-04-06 17:35:00,16,4,6,17,35,100,387,BLANQUI (RUE),48.30172,4.05154,Plein jour,En agglomération,Hors intersection,Normale,Deux véhicules - côté,,,,,,,,,,,1,2,1,1,3.0
201600012928,0016-04-27 16:27:00,16,4,27,16,27,100,387,PLANCHE DES PRES (RUE),48.29572,4.09618,Plein jour,En agglomération,Intersection en T,Normale,Deux véhicules - côté,,,,,,,,,,,1,2,3,1,3.0
201600012929,0016-03-21 18:30:00,16,3,21,18,30,100,343,"80, GAMBETTA (RUE)",48.27386,4.09243,Plein jour,En agglomération,Hors intersection,Normale,Autre collision,,,,,,,,,,,1,2,1,1,6.0
201600012930,0016-04-16 13:29:00,16,4,16,13,29,100,387,CHOMEDEY DE MAISONNEUVE,48.30805,4.0694,Plein jour,En agglomération,Hors intersection,Normale,Autre collision,,,,,,,,,,,1,2,1,1,6.0
201600012931,0016-04-20 16:40:00,16,4,20,16,40,100,81,DANTON (RUE),48.3208,4.05332,Plein jour,En agglomération,Hors intersection,Normale,Deux véhicules - côté,,,,,,,,,,,1,2,1,1,3.0
201600012932,0016-05-14 16:53:00,16,5,14,16,53,100,343,DIJON (RUE DE),48.2698,4.08741,Plein jour,En agglomération,Hors intersection,Normale,Autre collision,,,,,,,,,,,1,2,1,1,6.0
201600012933,0016-05-24 17:22:00,16,5,24,17,22,100,387,BLANQUI (RUE),48.30342,4.05224,Plein jour,En agglomération,Intersection en X,Normale,Deux véhicules - côté,,,,,,,,,,,1,2,2,1,3.0
201600012934,0016-05-25 14:00:00,16,5,25,14,0,100,387,CHARLES DELAUNAY (RUE),48.30287,4.06794,Plein jour,En agglomération,Hors intersection,Normale,Deux véhicules - côté,,,,,,,,,,,1,2,1,1,3.0
201600012935,0016-05-28 20:03:00,16,5,28,20,3,100,81,"12, PRESIDENT KENNEDY (R",46.18454,4.02364,Plein jour,En agglomération,Hors intersection,Normale,Autre collision,,,,,,,,,,,1,2,1,1,6.0
201600012936,0016-01-16 22:20:00,16,1,16,22,20,100,387,GAMBETTA (RUE),48.29786,4.06726,Plein jour,Hors agglomération,Hors intersection,Normale,Deux véhicules - côté,,,,,,,,,,,1,1,1,1,3.0
201600012937,0016-07-14 18:35:00,16,7,14,18,35,100,387,"2, HAUTS CORTINS (RUE DE",48.31474,4.06808,Plein jour,En agglomération,Hors intersection,Normale,Autre collision,,,,,,,,,,,1,2,1,1,6.0
201600012938,0016-07-01 16:08:00,16,7,1,16,8,100,343,"159, MICHEL BAROIN (RUE)",48.28241,4.0928,Plein jour,En agglomération,Hors intersection,Normale,Deux véhicules - côté,,,,,,,,,,,1,2,1,1,3.0
201600012939,0016-07-01 08:23:00,16,7,1,8,23,100,387,"15, PASTEUR (RUE)",48.29927,4.0658,Plein jour,En agglomération,Hors intersection,Normale,Autre collision,,,,,,,,,,,1,2,1,1,6.0
201600012940,0016-07-30 09:51:00,16,7,30,9,51,100,387,REPUBLIQUE (RUE DE LA ),48.29747,4.07475,Plein jour,En agglomération,Intersection en T,Normale,Autre collision,,,,,,,,,,,1,2,3,1,6.0
201600012941,0016-07-12 13:55:00,16,7,12,13,55,100,387,KLEBER (RUE),,,Plein jour,En agglomération,Hors intersection,Normale,Deux véhicules - côté,,,,,,,,,,,1,2,1,1,3.0
201600012942,0016-07-31 14:16:00,16,7,31,14,16,100,387,QUINZE VINGT (RUE),48.29616,4.07218,Plein jour,En agglomération,Intersection en T,Normale,Deux véhicules - côté,,,,,,,,,,,1,2,3,1,3.0
201600012943,0016-07-28 18:20:00,16,7,28,18,20,100,387,ANATOLE FRANCE (RUE),48.28172,4.07043,Plein jour,En agglomération,Intersection en T,Normale,Autre collision,,,,,,,,,,,1,2,3,1,6.0
201600012944,0016-08-03 15:57:00,16,8,3,15,57,100,387,CHAILLOUET RUE),48.30481,4.08376,Plein jour,En agglomération,Intersection en X,Normale,Deux véhicules - frontale,,,,,,,,,,,1,2,2,1,1.0
201600012945,0016-08-03 16:55:00,16,8,3,16,55,100,81,JEAN MOULIN (RUE),48.30834,4.03571,Plein jour,En agglomération,Intersection en T,Normale,Deux véhicules - côté,,,,,,,,,,,1,2,3,1,3.0
201600012946,0016-08-12 18:30:00,16,8,12,18,30,100,333,ECHENILLY (RUE),48.27969,4.04329,Plein jour,En agglomération,Hors intersection,Normale,Deux véhicules - côté,,,,,,,,,,,1,2,1,1,3.0
201600012947,0016-08-30 10:46:00,16,8,30,10,46,100,325,LOUIS FRANCOIS ARMAND (R,48.26762,4.06787,Plein jour,En agglomération,Intersection en T,Normale,Deux véhicules - côté,,,,,,,,,,,1,2,3,1,3.0
201600012948,0016-08-19 15:05:00,16,8,19,15,5,100,387,GENERAL LECLERC (RUE DU),48.30953,4.054,Plein jour,En agglomération,Intersection en T,Normale,Autre collision,,,,,,,,,,,1,2,3,1,6.0
201600012949,0016-08-19 17:43:00,16,8,19,17,43,100,387,"99, EDOUARD HERRIOT (RUE",48.27242,4.08249,Plein jour,En agglomération,Hors intersection,Normale,Deux véhicules - côté,,,,,,,,,,,1,2,1,1,3.0
201600012950,0016-09-09 18:09:00,16,9,9,18,9,100,387,"42, TURENNE (RUE DE)",48.29377,4.07313,Plein jour,En agglomération,Hors intersection,Normale,Autre collision,,,,,,,,,,,1,2,1,1,6.0
201600012951,0016-09-12 19:39:00,16,9,12,19,39,100,387,GAMBETTA (RUE),48.2998,4.07332,Plein jour,En agglomération,Hors intersection,Normale,Autre collision,,,,,,,,,,,1,2,1,1,6.0
201600012952,0016-09-07 14:53:00,16,9,7,14,53,100,387,GENERAL CHARLES DELESTRA,48.2403,4.07183,Plein jour,En agglomération,Hors intersection,Normale,Autre collision,,,,,,,,,,,1,2,1,1,6.0
201600012953,0016-09-16 13:29:00,16,9,16,13,29,100,387,"16, CHOMEDEY DE MAISONNE",48.30316,4.07381,Plein jour,En agglomération,Hors intersection,Normale,Autre collision,,,,,,,,,,,1,2,1,1,6.0
201600012954,0016-09-27 14:43:00,16,9,27,14,43,100,362,PAUL DOUMER (RUE),48.28976,4.04007,Plein jour,En agglomération,Intersection en T,Normale,Deux véhicules - côté,,,,,,,,,,,1,2,3,1,3.0
201600012955,0016-09-29 10:55:00,16,9,29,10,55,100,387,GEORGES POMPIDOU (RUE),48.28667,4.07756,Plein jour,En agglomération,Intersection en X,Normale,Deux véhicules - arrière,,,,,,,,,,,1,2,2,1,2.0
201600012956,0016-10-07 01:09:00,16,10,7,1,9,100,343,"110, DIJON (RUE DE)",48.27348,4.08516,Nuit avec éclairage allumé,En agglomération,Hors intersection,Normale,Sans collision,,,,,,,,,,,5,2,1,1,7.0
201600012957,0016-10-05 15:00:00,16,10,5,15,0,100,81,ROCADE OUEST (RD 610),48.32937,4.05251,Plein jour,Hors agglomération,Hors intersection,Normale,Deux véhicules - arrière,,,,,,,,,,,1,1,1,1,2.0
201600012958,0016-10-13 18:18:00,16,10,13,18,18,100,343,CHANTECLERC (RUE),48.27,4.08724,Crépuscule ou aube,En agglomération,Intersection en T,Pluie légère,Autre collision,,,,,,,,,,,2,2,3,2,6.0
201600012959,0016-10-11 15:16:00,16,10,11,15,16,100,333,ROCADE OUEST (RD 610),48.28113,4.04024,Plein jour,Hors agglomération,Hors intersection,Normale,Deux véhicules - arrière,,,,,,,,,,,1,1,1,1,2.0
201600012960,0016-10-01 17:41:00,16,10,1,17,41,100,81,GENERAL SARRAIL (AVE),48.30757,4.04324,Plein jour,En agglomération,Hors intersection,Normale,Autre collision,,,,,,,,,,,1,2,1,1,6.0
201600012961,0016-10-24 14:54:00,16,10,24,14,54,100,81,ROCADE OUEST (RD 610),48.32945,4.05196,Plein jour,Hors agglomération,Hors intersection,Pluie légère,Sans collision,,,,,,,,,,,1,1,1,2,7.0
201600012962,0016-10-22 00:01:00,16,10,22,0,1,100,362,GENERAL GALLIENI (RUE DU,48.29374,4.05276,Nuit avec éclairage allumé,En agglomération,Intersection en T,Normale,Deux véhicules - côté,,,,,,,,,,,5,2,3,1,3.0
201600012963,0016-10-18 16:49:00,16,10,18,16,49,100,362,GENERAL LECLERC (RUE DU),48.29104,4.02632,Plein jour,En agglomération,Hors intersection,Normale,Autre collision,,,,,,,,,,,1,2,1,1,6.0
201600012964,0016-10-30 04:22:00,16,10,30,4,22,100,362,"98, GENERAL GALLIENI (RU",48.29378,4.05347,Nuit avec éclairage allumé,En agglomération,Hors intersection,Brouillard / fumée,Deux véhicules - arrière,,,,,,,,,,,5,2,1,5,2.0
201600012965,0016-11-03 07:42:00,16,11,3,7,42,100,387,LOMBARDS (AVENUE),48.26883,4.08452,Plein jour,En agglomération,Intersection en T,Normale,Deux véhicules - côté,,,,,,,,,,,1,2,3,1,3.0
201600012966,0016-11-03 08:55:00,16,11,3,8,55,100,387,NOES (RUE DES),48.29754,4.05877,Plein jour,En agglomération,Hors intersection,Normale,Autre collision,,,,,,,,,,,1,2,1,1,6.0
201600012967,0016-11-05 15:14:00,16,11,5,15,14,100,387,MAROTS (RUE DES),48.30652,4.04887,Plein jour,En agglomération,Intersection en T,Normale,Trois véhicules et plus - collisions multiples,,,,,,,,,,,1,2,3,1,5.0
201600012968,0016-11-18 13:27:00,16,11,18,13,27,100,362,GENERAL GALLIENI (RUE DU,48.29442,4.06064,Plein jour,En agglomération,Hors intersection,Normale,Autre collision,,,,,,,,,,,1,2,1,1,6.0
201600012969,0016-11-05 10:37:00,16,11,5,10,37,100,387,GAMBETTA (RUE),48.29877,4.07036,Plein jour,En agglomération,Intersection en T,Normale,Deux véhicules - côté,,,,,,,,,,,1,2,3,1,3.0
201600012970,0016-11-08 09:40:00,16,11,8,9,40,100,387,"34, GENERAL SAUSSIER (RU",48.29474,4.07382,Plein jour,En agglomération,Hors intersection,Normale,Deux véhicules - côté,,,,,,,,,,,1,2,1,1,3.0
201600012971,0016-11-07 18:40:00,16,11,7,18,40,100,387,MOULINS DE BRULE (RUE),48.30399,4.08089,Nuit avec éclairage allumé,En agglomération,Intersection en T,Normale,Deux véhicules - côté,,,,,,,,,,,5,2,3,1,3.0
201600012972,0016-11-08 10:39:00,16,11,8,10,39,100,387,ST DOMINIQUE (MAIL),48.29486,4.08178,Plein jour,En agglomération,Intersection en X,Normale,Autre collision,,,,,,,,,,,1,2,2,1,6.0
201600012973,0016-12-08 17:35:00,16,12,8,17,35,100,362,"56, GENERAL GALLIENI (RU",48.2941,4.05769,Plein jour,En agglomération,Hors intersection,Normale,Autre collision,,,,,,,,,,,1,2,1,1,6.0
201600012974,0016-12-01 14:44:00,16,12,1,14,44,100,387,REINE BLANCHE (RUE),48.3058,4.06299,Plein jour,En agglomération,Intersection en T,Normale,Deux véhicules - côté,,,,,,,,,,,1,2,3,1,3.0
201600012975,0016-01-27 09:00:00,16,1,27,9,0,670,152,rue du collège,,,Plein jour,En agglomération,Hors intersection,Normale,Autre collision,,,,,,,,,,,1,2,1,1,6.0
201600012976,0016-02-06 06:00:00,16,2,6,6,0,670,152,,,,Nuit avec éclairage allumé,En agglomération,Giratoire,Temps couvert,Sans collision,,,,,,,,,,,5,2,6,8,7.0
201600012977,0016-08-07 23:30:00,16,8,7,23,30,670,49,,,,Nuit sans éclairage public,Hors agglomération,Hors intersection,Normale,Autre collision,,,,,,,,,,,3,1,1,1,6.0
201600012978,0016-08-28 20:15:00,16,8,28,20,15,670,247,,,,Crépuscule ou aube,Hors agglomération,Hors intersection,Temps couvert,Autre collision,,,,,,,,,,,2,1,1,8,6.0
201600012979,0016-09-21 16:00:00,16,9,21,16,0,670,212,Rue de Achenheim,,,Plein jour,En agglomération,Giratoire,Normale,Sans collision,,,,,,,,,,,1,2,6,1,7.0
201600012980,0016-12-19 15:00:00,16,12,19,15,0,670,212,,,,Plein jour,Hors agglomération,Autre intersection,Normale,Autre collision,,,,,,,,,,,1,1,9,1,6.0
201600012981,0016-12-30 06:15:00,16,12,30,6,15,670,124,,,,Nuit avec éclairage allumé,Hors agglomération,Hors intersection,Brouillard / fumée,Sans collision,,,,,,,,,,,5,1,1,5,7.0
201600012982,0016-04-02 15:45:00,16,4,2,15,45,670,389,,,,Plein jour,Hors agglomération,Hors intersection,Normale,Deux véhicules - frontale,,,,,,,,,,,1,1,1,1,1.0
201600012983,0016-09-14 21:30:00,16,9,14,21,30,670,309,,,,Nuit sans éclairage public,Hors agglomération,Hors intersection,Normale,Autre collision,,,,,,,,,,,3,1,1,1,6.0
201600012984,0016-09-24 16:15:00,16,9,24,16,15,670,343,80 rue de saverne,,,Plein jour,En agglomération,Hors intersection,Normale,Deux véhicules - frontale,,,,,,,,,,,1,2,1,1,1.0
201600012985,0016-09-27 18:30:00,16,9,27,18,30,670,389,11 rue du gal de gaulle,,,Plein jour,En agglomération,Autre intersection,Normale,Deux véhicules - frontale,,,,,,,,,,,1,2,9,1,1.0
201600012986,0016-11-07 07:00:00,16,11,7,7,0,670,389,,,,Crépuscule ou aube,Hors agglomération,Autre intersection,Normale,Trois véhicules et plus - en chaîne,,,,,,,,,,,2,1,9,1,4.0
201600012987,0016-11-16 09:15:00,16,11,16,9,15,670,309,RUE DE L'INDUSTRIE,,,Plein jour,En agglomération,Hors intersection,Pluie forte,Deux véhicules - côté,,,,,,,,,,,1,2,1,3,3.0
201600012988,0016-03-03 20:15:00,16,3,3,20,15,60,38,,,,Nuit avec éclairage allumé,Hors agglomération,Hors intersection,Normale,Autre collision,,,,,,,,,,,5,1,1,1,6.0
201600012989,0016-03-12 09:45:00,16,3,12,9,45,60,112,100 route de nice,43.67706,7.01763,Plein jour,En agglomération,Hors intersection,Normale,Deux véhicules - frontale,,,,,,,,,,,1,2,1,1,1.0
201600012990,0016-03-25 07:30:00,16,3,25,7,30,60,148,,,,Plein jour,Hors agglomération,Hors intersection,Normale,Deux véhicules - frontale,,,,,,,,,,,1,1,1,1,1.0
201600012991,0016-04-03 18:15:00,16,4,3,18,15,60,89,,,,Plein jour,Hors agglomération,Intersection en Y,Normale,Deux véhicules - côté,,,,,,,,,,,1,1,4,1,3.0
201600012992,0016-04-13 17:00:00,16,4,13,17,0,60,105,chemin du camouyer,,,Plein jour,En agglomération,Hors intersection,Normale,Deux véhicules - côté,,,,,,,,,,,1,2,1,1,3.0
201600012993,0016-07-27 10:00:00,16,7,27,10,0,60,112,,,,Plein jour,Hors agglomération,Hors intersection,Normale,Deux véhicules - arrière,,,,,,,,,,,1,1,1,1,2.0
201600012994,0016-05-29 20:00:00,16,5,29,20,0,60,148,,,,Plein jour,Hors agglomération,Hors intersection,Normale,Deux véhicules - frontale,,,,,,,,,,,1,1,1,1,1.0
201600012995,0016-01-02 12:30:00,16,1,2,12,30,650,258,,43.0996,0.39352,Plein jour,Hors agglomération,Hors intersection,Pluie forte,Autre collision,,,,,,,,,,,1,1,1,3,6.0
201600012996,0016-03-09 18:00:00,16,3,9,18,0,640,238,A64,43.22972,-0.3758,Crépuscule ou aube,Hors agglomération,Hors intersection,Neige / grêle,Trois véhicules et plus - collisions multiples,,,,,,,,,,,2,1,1,4,5.0
201600012997,0016-08-22 16:15:00,16,8,22,16,15,650,394,,43.0921,0.50932,Plein jour,Hors agglomération,Hors intersection,Normale,Deux véhicules - arrière,,,,,,,,,,,1,1,1,1,2.0
201600012998,0016-12-17 16:30:00,16,12,17,16,30,650,62,,43.2062,0.14382,Plein jour,Hors agglomération,Hors intersection,Normale,Autre collision,,,,,,,,,,,1,1,1,1,6.0
201600012999,0016-02-07 08:00:00,16,2,7,8,0,20,13,,,,Crépuscule ou aube,Hors agglomération,Hors intersection,Temps couvert,Sans collision,,,,,,,,,,,2,1,1,8,7.0
201600013000,0016-10-25 06:30:00,16,10,25,6,30,20,46,,,,Nuit sans éclairage public,Hors agglomération,Hors intersection,Brouillard / fumée,Autre collision,,,,,,,,,,,3,1,1,5,6.0
201600013001,0016-03-05 11:45:00,16,3,5,11,45,380,530,,,,Plein jour,Hors agglomération,Hors intersection,Temps couvert,Deux véhicules - côté,,,,,,,,,,,1,1,1,8,3.0
201600013002,0016-05-10 01:00:00,16,5,10,1,0,380,193,,,,Nuit sans éclairage public,Hors agglomération,Hors intersection,Normale,Autre collision,,,,,,,,,,,3,1,1,1,6.0
201600013003,0016-06-02 08:30:00,16,6,2,8,30,380,530,,,,Plein jour,Hors agglomération,Hors intersection,Normale,Deux véhicules - côté,,,,,,,,,,,1,1,1,1,3.0
201600013004,0016-06-10 18:00:00,16,6,10,18,0,380,530,,,,Plein jour,Hors agglomération,Intersection en X,Normale,Deux véhicules - côté,,,,,,,,,,,1,1,2,1,3.0
201600013005,0016-07-11 00:30:00,16,7,11,0,30,380,193,lieu dit le temple,45.6104,5.21236,Nuit sans éclairage public,Hors agglomération,Hors intersection,Normale,Deux véhicules - frontale,,,,,,,,,,,3,1,1,1,1.0
201600013006,0016-08-26 00:15:00,16,8,26,0,15,380,193,,,,Nuit sans éclairage public,Hors agglomération,Hors intersection,Normale,Autre collision,,,,,,,,,,,3,1,1,1,6.0
201600013007,0016-09-26 20:00:00,16,9,26,20,0,380,352,Route de lyon,45.60459,5.2264,Nuit sans éclairage public,Hors agglomération,Autre intersection,Normale,Deux véhicules - côté,,,,,,,,,,,3,1,9,1,3.0
201600013008,0016-12-18 08:15:00,16,12,18,8,15,380,193,rue de Presle,,,Plein jour,En agglomération,Hors intersection,Brouillard / fumée,Sans collision,,,,,,,,,,,1,2,1,5,7.0
201600013009,0016-12-31 18:15:00,16,12,31,18,15,30,31,,,,Plein jour,Hors agglomération,Hors intersection,Normale,Trois véhicules et plus - collisions multiples,,,,,,,,,,,1,1,1,1,5.0
201600013010,0016-02-13 13:45:00,16,2,13,13,45,30,158,,,,Plein jour,Hors agglomération,Hors intersection,Pluie forte,Autre collision,,,,,,,,,,,1,1,1,3,6.0
201600013011,0016-07-29 00:30:00,16,7,29,0,30,30,97,,,,Nuit sans éclairage public,Hors agglomération,Hors intersection,Normale,Autre collision,,,,,,,,,,,3,1,1,1,6.0
201600013012,0016-09-03 00:30:00,16,9,3,0,30,30,31,,,,Nuit sans éclairage public,Hors agglomération,Hors intersection,Normale,Autre collision,,,,,,,,,,,3,1,1,1,6.0
201600013013,0016-11-29 14:15:00,16,11,29,14,15,30,31,,46.399,2.718,Plein jour,Hors agglomération,Autre intersection,Normale,Autre collision,,,,,,,,,,,1,1,9,1,6.0
201600013014,0016-02-04 11:20:00,16,2,4,11,20,40,91,,44.002,5.92114,Plein jour,Hors agglomération,Hors intersection,Normale,Autre collision,,,,,,,,,,,1,1,1,1,6.0
201600013015,0016-05-23 16:00:00,16,5,23,16,0,40,49,,44.0878,5.9868,Plein jour,Hors agglomération,Hors intersection,Vent fort / tempête,Sans collision,,,,,,,,,,,1,1,1,6,7.0
201600013016,0016-08-23 15:30:00,16,8,23,15,30,40,75,,44.1642,5.95721,Plein jour,Hors agglomération,Hors intersection,Normale,Sans collision,,,,,,,,,,,1,1,1,1,7.0
201600013017,0016-09-26 10:30:00,16,9,26,10,30,40,13,,44.1339,5.97858,Plein jour,Hors agglomération,Hors intersection,Normale,Autre collision,,,,,,,,,,,1,1,1,1,6.0
201600013018,0016-11-12 17:30:00,16,11,12,17,30,40,75,,44.1745,5.95377,Crépuscule ou aube,Hors agglomération,Hors intersection,Normale,Deux véhicules - arrière,,,,,,,,,,,2,1,1,1,2.0
201600013019,0016-11-27 14:30:00,16,11,27,14,30,40,112,,43.831,5.84255,Plein jour,Hors agglomération,Hors intersection,Normale,Autre collision,,,,,,,,,,,1,1,1,1,6.0
201600013020,0016-01-15 11:00:00,16,1,15,11,0,130,113,de la grande begude,43.58796,5.4766,Plein jour,En agglomération,Hors intersection,Normale,Autre collision,,,,,,,,,,,1,2,1,1,6.0
201600013021,0016-04-08 10:00:00,16,4,8,10,0,130,113,Allée du Verdon,,,Plein jour,En agglomération,Hors intersection,Normale,Autre collision,,,,,,,,,,,1,2,1,1,6.0
201600013022,0016-05-20 16:45:00,16,5,20,16,45,130,80,,,,Plein jour,Hors agglomération,Hors intersection,Normale,Deux véhicules - arrière,,,,,,,,,,,1,1,1,1,2.0
201600013023,0016-06-15 08:00:00,16,6,15,8,0,130,80,,43.66128,5.45273,Plein jour,Hors agglomération,Hors intersection,Normale,Deux véhicules - frontale,,,,,,,,,,,1,1,1,1,1.0
201600013024,0016-07-11 16:00:00,16,7,11,16,0,130,113,,43.61075,5.49887,Plein jour,Hors agglomération,Hors intersection,Normale,Deux véhicules - côté,,,,,,,,,,,1,1,1,1,3.0
201600013025,0016-07-20 12:15:00,16,7,20,12,15,130,113,rond-point de la Gare,43.58713,5.47572,Plein jour,En agglomération,Giratoire,Normale,Deux véhicules - côté,,,,,,,,,,,1,2,6,1,3.0
201600013026,0016-08-25 19:00:00,16,8,25,19,0,130,113,,43.60719,5.49449,Plein jour,Hors agglomération,Hors intersection,Normale,Deux véhicules - côté,,,,,,,,,,,1,1,1,1,3.0
201600013027,0016-03-09 22:00:00,16,3,9,22,0,730,183,,,,Nuit sans éclairage public,Hors agglomération,Hors intersection,Normale,Deux véhicules - frontale,,,,,,,,,,,3,1,1,1,1.0
201600013028,0016-06-24 10:00:00,16,6,24,10,0,730,183,,,,Plein jour,Hors agglomération,Hors intersection,Normale,Deux véhicules - côté,,,,,,,,,,,1,1,1,1,3.0
201600013029,0016-10-01 05:45:00,16,10,1,5,45,730,183,,,,Nuit sans éclairage public,Hors agglomération,Hors intersection,Normale,Deux véhicules - arrière,,,,,,,,,,,3,1,1,1,2.0
201600013030,0016-10-24 06:45:00,16,10,24,6,45,730,7,,,,Nuit sans éclairage public,Hors agglomération,Hors intersection,Normale,Trois véhicules et plus - collisions multiples,,,,,,,,,,,3,1,1,1,5.0
201600013031,0016-12-16 12:00:00,16,12,16,12,0,730,118,,,,Plein jour,Hors agglomération,Hors intersection,Normale,Deux véhicules - arrière,,,,,,,,,,,1,1,1,1,2.0
201600013032,0016-12-30 13:00:00,16,12,30,13,0,730,118,,,,Plein jour,Hors agglomération,Hors intersection,Normale,Autre collision,,,,,,,,,,,1,1,1,1,6.0
201600013033,0016-04-09 17:30:00,16,4,9,17,30,380,500,,,,Plein jour,Hors agglomération,Hors intersection,Normale,Deux véhicules - frontale,,,,,,,,,,,1,1,1,1,1.0
201600013034,0016-05-17 09:00:00,16,5,17,9,0,380,33,RD1092,45.19288,5.39094,Plein jour,En agglomération,Hors intersection,Normale,Deux véhicules - frontale,,,,,,,,,,,1,2,1,1,1.0
201600013035,0016-06-14 17:45:00,16,6,14,17,45,260,88,A49,,,Plein jour,Hors agglomération,Hors intersection,Normale,Deux véhicules - frontale,,,,,,,,,,,1,1,1,1,1.0
201600013036,0016-08-13 15:00:00,16,8,13,15,0,380,356,,,,Plein jour,Hors agglomération,Hors intersection,Normale,Autre collision,,,,,,,,,,,1,1,1,1,6.0
201600013037,0016-08-19 23:00:00,16,8,19,23,0,380,410,,45.08505,5.19966,Nuit sans éclairage public,Hors agglomération,Intersection en T,Normale,Deux véhicules - frontale,,,,,,,,,,,3,1,3,1,1.0
201600013038,0016-11-09 18:15:00,16,11,9,18,15,380,450,,45.2661,5.51854,Nuit sans éclairage public,Hors agglomération,Hors intersection,Normale,Deux véhicules - côté,,,,,,,,,,,3,1,1,1,3.0
201600013039,0016-02-15 20:00:00,16,2,15,20,0,350,206,,,,Nuit sans éclairage public,Hors agglomération,Hors intersection,Normale,Deux véhicules - frontale,,,,,,,,,,,3,1,1,1,1.0
201600013040,0016-07-12 17:15:00,16,7,12,17,15,350,32,,,,Plein jour,Hors agglomération,Hors intersection,Pluie légère,Deux véhicules - côté,,,,,,,,,,,1,1,1,2,3.0
201600013041,0016-07-25 06:45:00,16,7,25,6,45,350,352,rue du champ martin,48.05858,-1.61266,Plein jour,En agglomération,Hors intersection,Normale,Sans collision,,,,,,,,,,,1,2,1,1,7.0
201600013042,0016-08-05 02:15:00,16,8,5,2,15,350,352,RD 86 vern sur seiche,,,Nuit avec éclairage non allumé,En agglomération,Hors intersection,Normale,Autre collision,,,,,,,,,,,4,2,1,1,6.0
201600013043,0016-09-08 15:00:00,16,9,8,15,0,350,352,,48.07838,-1.63248,Plein jour,Hors agglomération,Giratoire,Normale,Autre collision,,,,,,,,,,,1,1,6,1,6.0
201600013044,0016-10-25 18:15:00,16,10,25,18,15,350,208,La grimaudière,47.97956,-1.65579,Plein jour,Hors agglomération,Hors intersection,Normale,Deux véhicules - côté,,,,,,,,,,,1,1,1,1,3.0
201600013045,0016-10-31 11:00:00,16,10,31,11,0,350,266,RD 82,48.00795,-1.64071,Plein jour,Hors agglomération,Intersection en T,Normale,Deux véhicules - arrière,,,,,,,,,,,1,1,3,1,2.0
201600013046,0016-12-06 08:15:00,16,12,6,8,15,350,206,D34 rond point super U,48.04419,-1.66557,Plein jour,En agglomération,Giratoire,Temps éblouissant,Autre collision,,,,,,,,,,,1,2,6,7,6.0
201600013047,0016-12-06 08:15:00,16,12,6,8,15,350,266,collège ST Paul / D36,48.01775,-1.66205,Crépuscule ou aube,En agglomération,Autre intersection,Autre,Autre collision,,,,,,,,,,,2,2,9,9,6.0
201600013048,0016-12-18 15:35:00,16,12,18,15,35,350,32,Lieu dit Le PERELLE,47.9945,-1.63252,Plein jour,Hors agglomération,Hors intersection,Brouillard / fumée,Sans collision,,,,,,,,,,,1,1,1,5,7.0
201600013049,0016-02-21 16:30:00,16,2,21,16,30,670,205,,,,Plein jour,Hors agglomération,Hors intersection,Temps couvert,Autre collision,,,,,,,,,,,1,1,1,8,6.0
201600013050,0016-02-29 20:45:00,16,2,29,20,45,670,151,,,,Nuit sans éclairage public,Hors agglomération,Hors intersection,Normale,Deux véhicules - arrière,,,,,,,,,,,3,1,1,1,2.0
201600013051,0016-04-05 19:15:00,16,4,5,19,15,670,506,,,,Nuit sans éclairage public,Hors agglomération,Hors intersection,Pluie légère,Deux véhicules - arrière,,,,,,,,,,,3,1,1,2,2.0
201600013052,0016-04-20 07:15:00,16,4,20,7,15,670,463,,,,Plein jour,Hors agglomération,Hors intersection,Normale,Autre collision,,,,,,,,,,,1,1,1,1,6.0
201600013053,0016-05-25 07:45:00,16,5,25,7,45,670,205,,,,Plein jour,Hors agglomération,Hors intersection,Temps couvert,Deux véhicules - arrière,,,,,,,,,,,1,1,1,8,2.0