accident_id,datetime,annee,mois,jour,heure,minute,departement,commune_insee,adresse,latitude,longitude,luminosite,agglomeration,intersection,meteo,collision,nb_vehicules,nb_usagers,nb_indemnes,nb_tues,nb_blesses_hosp,nb_blesses_legers,age_cond_1,age_cond_2,veh_type_cond_1,veh_type_cond_2,lum_code,agg_code,int_code,atm_code,col_code
201600013054,0016-09-16 07:15:00,16,9,16,7,15,670,151,,,,Crépuscule ou aube,Hors agglomération,Hors intersection,Normale,Sans collision,,,,,,,,,,,2,1,1,1,7.0
201600013055,0016-09-21 18:00:00,16,9,21,18,0,670,237,,,,Plein jour,Hors agglomération,Hors intersection,Normale,Trois véhicules et plus - en chaîne,,,,,,,,,,,1,1,1,1,4.0
201600013056,0016-01-29 17:30:00,16,1,29,17,30,620,397,,50.85686,1.90058,Crépuscule ou aube,Hors agglomération,Hors intersection,Pluie légère,Trois véhicules et plus - collisions multiples,,,,,,,,,,,2,1,1,2,5.0
201600013057,0016-05-31 20:15:00,16,5,31,20,15,620,397,route de calais,50.88213,1.87267,Plein jour,En agglomération,Hors intersection,Normale,Deux véhicules - côté,,,,,,,,,,,1,2,1,1,3.0
201600013058,0016-12-24 23:40:00,16,12,24,23,40,110,69,"65, BARBES BD IMPAIR",43.21009,2.34866,Nuit avec éclairage allumé,En agglomération,Hors intersection,Normale,Autre collision,,,,,,,,,,,5,2,1,1,6.0
201600013059,0016-12-04 21:30:00,16,12,4,21,30,110,69,"6, BERGES DE L'AUDE -AV-",43.20765,2.33765,Nuit avec éclairage allumé,En agglomération,Hors intersection,Normale,Deux véhicules - côté,,,,,,,,,,,5,2,1,1,3.0
201600013060,0016-01-23 23:40:00,16,1,23,23,40,110,69,RD 6113,43.21387,2.38563,Nuit sans éclairage public,Hors agglomération,Hors intersection,Brouillard / fumée,Deux véhicules - frontale,,,,,,,,,,,3,1,1,5,1.0
201600013061,0016-02-02 12:05:00,16,2,2,12,5,110,69,MAGINOT ANDRE -AVENUE-,43.2145,2.37361,Plein jour,En agglomération,Hors intersection,Normale,Autre collision,,,,,,,,,,,1,2,1,1,6.0
201600013062,0016-12-22 16:00:00,16,12,22,16,0,110,69,RD 6113,43.23315,2.35819,Plein jour,Hors agglomération,Hors intersection,Normale,Deux véhicules - arrière,,,,,,,,,,,1,1,1,1,2.0
201600013063,0016-01-23 05:00:00,16,1,23,5,0,110,69,ROCADE SUD RD 6161,43.19791,2.33733,Nuit avec éclairage allumé,Hors agglomération,Hors intersection,Pluie forte,Sans collision,,,,,,,,,,,5,1,1,3,7.0
201600013064,0016-01-27 12:40:00,16,1,27,12,40,110,69,GOUT HENRI -AV. Nø IMPAI,43.21099,2.33868,Plein jour,En agglomération,Hors intersection,Normale,Trois véhicules et plus - en chaîne,,,,,,,,,,,1,2,1,1,4.0
201600013065,0016-01-10 16:28:00,16,1,10,16,28,110,69,PLAINE MAYREVIEILLE,43.20293,2.33421,Plein jour,Hors agglomération,Hors intersection,Normale,Autre collision,,,,,,,,,,,1,1,1,1,6.0
201600013066,0016-02-13 06:00:00,16,2,13,6,0,110,69,"1, GOUT HENRI -AV. Nø IM",43.21057,2.34499,Nuit avec éclairage allumé,En agglomération,Intersection en T,Pluie légère,Deux véhicules - côté,,,,,,,,,,,5,2,3,2,3.0
201600013067,0016-02-22 19:20:00,16,2,22,19,20,110,69,GUIRAUD ALEXANDRE,43.21437,2.36649,Nuit avec éclairage allumé,En agglomération,Hors intersection,Normale,Autre collision,,,,,,,,,,,5,2,1,1,6.0
201600013068,0016-02-19 20:30:00,16,2,19,20,30,110,69,RD 6113,43.22997,2.32627,Nuit sans éclairage public,Hors agglomération,Hors intersection,Normale,Autre collision,,,,,,,,,,,3,1,1,1,6.0
201600013069,0016-03-09 13:57:00,16,3,9,13,57,110,69,ROCADE SUD RD 6161,43.20341,2.37825,Plein jour,Hors agglomération,Hors intersection,Pluie légère,Deux véhicules - côté,,,,,,,,,,,1,1,1,2,3.0
201600013070,0016-03-02 16:45:00,16,3,2,16,45,110,69,RD 6113,43.20479,2.39951,Plein jour,En agglomération,Hors intersection,Pluie légère,Trois véhicules et plus - collisions multiples,,,,,,,,,,,1,2,1,2,5.0
201600013071,0016-03-10 18:45:00,16,3,10,18,45,110,69,MONTREAL -ROUTE DE -,43.21265,2.26685,Plein jour,Hors agglomération,Hors intersection,Normale,Trois véhicules et plus - en chaîne,,,,,,,,,,,1,1,1,1,4.0
201600013072,0016-03-13 11:14:00,16,3,13,11,14,110,69,CORPS EXPEDIT FRANCAIS D,43.21269,2.37179,Plein jour,En agglomération,Hors intersection,Normale,Deux véhicules - côté,,,,,,,,,,,1,2,1,1,3.0
201600013073,0016-03-24 15:15:00,16,3,24,15,15,110,69,"43, BUFFON RUE A PARTIR",43.22248,2.35424,Plein jour,En agglomération,Hors intersection,Normale,Autre collision,,,,,,,,,,,1,2,1,1,6.0
201600013074,0016-03-27 11:10:00,16,3,27,11,10,110,69,LIMOUX - ROUTE DE-,43.19638,2.32238,Plein jour,Hors agglomération,Giratoire,Normale,Deux véhicules - côté,,,,,,,,,,,1,1,6,1,3.0
201600013075,0016-04-11 09:05:00,16,4,11,9,5,110,69,RD 104,43.19136,2.33208,Plein jour,Hors agglomération,Hors intersection,Normale,Deux véhicules - frontale,,,,,,,,,,,1,1,1,1,1.0
201600013076,0016-03-28 19:20:00,16,3,28,19,20,110,69,ROCADE SUD RD 6161,43.20409,2.38644,Crépuscule ou aube,Hors agglomération,Hors intersection,Normale,Deux véhicules - côté,,,,,,,,,,,2,1,1,1,3.0
201600013077,0016-03-21 16:25:00,16,3,21,16,25,110,69,"face au 36, MUSSET ALFRE",43.22209,2.34501,Plein jour,En agglomération,Hors intersection,Normale,Autre collision,,,,,,,,,,,1,2,1,1,6.0
201600013078,0016-04-18 21:10:00,16,4,18,21,10,110,69,LECLERC AV. DU GENERAL P,43.21073,2.36231,Crépuscule ou aube,En agglomération,Hors intersection,Normale,Deux véhicules - côté,,,,,,,,,,,2,2,1,1,3.0
201600013079,0016-04-29 11:22:00,16,4,29,11,22,110,69,LECLERC AV. DU GENERAL P,43.20902,2.3683,Plein jour,En agglomération,Hors intersection,Normale,Autre collision,,,,,,,,,,,1,2,1,1,6.0
201600013080,0016-04-03 12:25:00,16,4,3,12,25,110,69,VERNE JULES -AVENUE-,43.20788,2.33025,Plein jour,En agglomération,Hors intersection,Normale,Autre collision,,,,,,,,,,,1,2,1,1,6.0
201600013081,0016-04-30 15:50:00,16,4,30,15,50,110,69,BERRIAC -ROUTE DE-,43.21025,2.38641,Plein jour,En agglomération,Hors intersection,Normale,Deux véhicules - frontale,,,,,,,,,,,1,2,1,1,1.0
201600013082,0016-05-13 06:45:00,16,5,13,6,45,110,69,RD 6113,43.20472,2.40013,Plein jour,Hors agglomération,Hors intersection,Pluie légère,Sans collision,,,,,,,,,,,1,1,1,2,7.0
201600013083,0016-04-16 18:16:00,16,4,16,18,16,110,69,VILLEMOUSTAUSSOU -ROUTE,43.22838,2.35952,Plein jour,Hors agglomération,Hors intersection,Normale,Trois véhicules et plus - collisions multiples,,,,,,,,,,,1,1,1,1,5.0
201600013084,0016-05-17 10:40:00,16,5,17,10,40,110,69,"5, MARCOU -BD-",43.21081,2.34674,Plein jour,En agglomération,Hors intersection,Normale,Deux véhicules - côté,,,,,,,,,,,1,2,1,1,3.0
201600013085,0016-05-15 14:40:00,16,5,15,14,40,110,69,BOUFFET HENRY,43.20897,2.30852,Plein jour,En agglomération,Hors intersection,Normale,Deux véhicules - côté,,,,,,,,,,,1,2,1,1,3.0
201600013086,0016-05-19 21:45:00,16,5,19,21,45,110,69,IENA -ALLEE D'- Nø IMPAI,43.20906,2.34493,Nuit avec éclairage allumé,En agglomération,Hors intersection,Normale,Deux véhicules - côté,,,,,,,,,,,5,2,1,1,3.0
201600013087,0016-05-02 23:40:00,16,5,2,23,40,110,69,LIMOUX - ROUTE DE-,43.20125,2.32942,Nuit avec éclairage allumé,En agglomération,Hors intersection,Normale,Autre collision,,,,,,,,,,,5,2,1,1,6.0
201600013088,0016-05-15 06:05:00,16,5,15,6,5,110,69,BUNAU VARILLA -AV-,43.21111,2.34172,Nuit avec éclairage allumé,En agglomération,Hors intersection,Normale,Deux véhicules - côté,,,,,,,,,,,5,2,1,1,3.0
201600013089,0016-04-24 17:30:00,16,4,24,17,30,110,69,"21, SARRAUT OMER BD -IMP",43.21642,2.35137,Plein jour,En agglomération,Hors intersection,Normale,Deux véhicules - côté,,,,,,,,,,,1,2,1,1,3.0
201600013090,0016-05-28 14:55:00,16,5,28,14,55,110,69,"1, DESARGUES GERARD",43.20822,2.30578,Plein jour,Hors agglomération,Giratoire,Normale,Deux véhicules - côté,,,,,,,,,,,1,1,6,1,3.0
201600013091,0016-05-12 13:05:00,16,5,12,13,5,110,69,LIMOUX -ROUTE DE - JUSQU,43.20219,2.31478,Plein jour,Hors agglomération,Hors intersection,Normale,Deux véhicules - côté,,,,,,,,,,,1,1,1,1,3.0
201600013092,0016-05-21 13:00:00,16,5,21,13,0,110,69,SARRAUT OMER BD -IMPAIRS,43.21641,2.35325,Plein jour,En agglomération,Hors intersection,Normale,Deux véhicules - arrière,,,,,,,,,,,1,2,1,1,2.0
201600013093,0016-06-13 21:47:00,16,6,13,21,47,110,69,ROOSEVELT -IMPAIRS JUSQU,43.21763,2.34556,Crépuscule ou aube,En agglomération,Hors intersection,Normale,Deux véhicules - côté,,,,,,,,,,,2,2,1,1,3.0
201600013094,0016-06-12 21:30:00,16,6,12,21,30,110,69,MONTREAL -ROUTE DE -,43.21319,2.30743,Plein jour,Hors agglomération,Hors intersection,Normale,Deux véhicules - côté,,,,,,,,,,,1,1,1,1,3.0
201600013095,0016-06-24 02:20:00,16,6,24,2,20,110,69,RD 6113,43.20615,2.39207,Nuit sans éclairage public,En agglomération,Hors intersection,Normale,Deux véhicules - arrière,,,,,,,,,,,3,2,1,1,2.0
201600013096,0016-06-29 10:30:00,16,6,29,10,30,110,69,"4, FARADAY MICHEL",43.21481,2.32838,Plein jour,En agglomération,Hors intersection,Normale,Deux véhicules - côté,,,,,,,,,,,1,2,1,1,3.0
201600013097,0016-06-16 18:00:00,16,6,16,18,0,110,69,ALAIN EMILE,43.20877,2.33199,Plein jour,En agglomération,Hors intersection,Normale,Deux véhicules - frontale,,,,,,,,,,,1,2,1,1,1.0
201600013098,0016-07-01 09:05:00,16,7,1,9,5,110,69,"345, PAPIN DENIS -BD-",43.20769,2.317,Plein jour,Hors agglomération,Hors intersection,Normale,Deux véhicules - côté,,,,,,,,,,,1,1,1,1,3.0
201600013099,0016-07-09 05:10:00,16,7,9,5,10,110,69,RD 118,43.22866,2.37457,Nuit sans éclairage public,Hors agglomération,Hors intersection,Normale,Autre collision,,,,,,,,,,,3,1,1,1,6.0
201600013100,0016-06-24 15:09:00,16,6,24,15,9,110,69,"38, MARTY ANTOINE",43.21641,2.35663,Plein jour,En agglomération,Hors intersection,Normale,Trois véhicules et plus - en chaîne,,,,,,,,,,,1,2,1,1,4.0
201600013101,0016-06-25 21:55:00,16,6,25,21,55,110,69,RD 6113,43.23161,2.32288,Crépuscule ou aube,Hors agglomération,Hors intersection,Normale,Deux véhicules - arrière,,,,,,,,,,,2,1,1,1,2.0
201600013102,0016-07-28 17:02:00,16,7,28,17,2,110,69,"57, BARBES BD IMPAIR",43.21038,2.34944,Plein jour,En agglomération,Hors intersection,Normale,Deux véhicules - côté,,,,,,,,,,,1,2,1,1,3.0
201600013103,0016-07-30 10:10:00,16,7,30,10,10,110,69,"122, ROOSEVELT - PAIRS A",43.22325,2.3361,Plein jour,En agglomération,Hors intersection,Normale,Deux véhicules - côté,,,,,,,,,,,1,2,1,1,3.0
201600013104,0016-07-06 20:55:00,16,7,6,20,55,110,69,LECLERC AV. DU GENERAL P,43.20916,2.3683,Plein jour,En agglomération,Hors intersection,Normale,Autre collision,,,,,,,,,,,1,2,1,1,6.0
201600013105,0016-08-16 12:20:00,16,8,16,12,20,110,69,RD118,43.24021,2.37795,Plein jour,Hors agglomération,Hors intersection,Normale,Deux véhicules - frontale,,,,,,,,,,,1,1,1,1,1.0
201600013106,0016-08-14 06:20:00,16,8,14,6,20,110,69,ANGLAIS -CHEMIN-,43.2015,2.36136,Crépuscule ou aube,Hors agglomération,Hors intersection,Normale,Sans collision,,,,,,,,,,,2,1,1,1,7.0
201600013107,0016-07-26 19:00:00,16,7,26,19,0,110,69,VILLEMOUSTAUSSOU -ROUTE,43.23545,2.3636,Plein jour,Hors agglomération,Hors intersection,Normale,Deux véhicules - côté,,,,,,,,,,,1,1,1,1,3.0
201600013108,0016-07-28 11:18:00,16,7,28,11,18,110,69,POMPIDOU GEORGES -ROND P,43.22637,2.33167,Plein jour,En agglomération,Giratoire,Normale,Deux véhicules - arrière,,,,,,,,,,,1,2,6,1,2.0
201600013109,0016-08-23 18:49:00,16,8,23,18,49,110,69,ROCADE SUD RD 6161,43.20413,2.38311,Plein jour,Hors agglomération,Hors intersection,Normale,Deux véhicules - frontale,,,,,,,,,,,1,1,1,1,1.0
201600013110,0016-08-11 15:15:00,16,8,11,15,15,110,69,"5, LAMOURELLE BERTRAND",43.21526,2.34174,Plein jour,En agglomération,Intersection en T,Normale,Deux véhicules - côté,,,,,,,,,,,1,2,3,1,3.0
201600013111,0016-08-22 20:05:00,16,8,22,20,5,110,69,ROCADE SUD RD 6161,43.2037,2.37989,Plein jour,Hors agglomération,Hors intersection,Normale,Deux véhicules - côté,,,,,,,,,,,1,1,1,1,3.0
201600013112,0016-09-02 16:40:00,16,9,2,16,40,110,69,MONTREAL -ROUTE DE -,43.21132,2.32646,Plein jour,Hors agglomération,Intersection en X,Normale,Deux véhicules - côté,,,,,,,,,,,1,1,2,1,3.0
201600013113,0016-09-09 14:38:00,16,9,9,14,38,110,69,RD 6113,43.22913,2.34036,Plein jour,Hors agglomération,Hors intersection,Normale,Deux véhicules - côté,,,,,,,,,,,1,1,1,1,3.0
201600013114,0016-09-24 10:50:00,16,9,24,10,50,110,69,"1, SOUVENIR FRANCAIS -AV",43.20867,2.38535,Plein jour,En agglomération,Hors intersection,Normale,Autre collision,,,,,,,,,,,1,2,1,1,6.0
201600013115,0016-10-02 04:50:00,16,10,2,4,50,110,69,RD 104,43.19821,2.34858,Nuit sans éclairage public,Hors agglomération,Hors intersection,Normale,Deux véhicules - côté,,,,,,,,,,,3,1,1,1,3.0
201600013116,0016-09-09 02:05:00,16,9,9,2,5,110,69,"1, ARMAGNAC -ANCIEN RUE",43.215,2.35113,Nuit avec éclairage allumé,En agglomération,Hors intersection,Normale,Sans collision,,,,,,,,,,,5,2,1,1,7.0
201600013117,0016-10-04 17:40:00,16,10,4,17,40,110,69,ROCADE SUD RD 6161,43.20337,2.37412,Plein jour,Hors agglomération,Hors intersection,Normale,Deux véhicules - côté,,,,,,,,,,,1,1,1,1,3.0
201600013118,0016-10-07 04:00:00,16,10,7,4,0,110,69,POMPIDOU GEORGES -ROND P,43.22639,2.33157,Nuit avec éclairage allumé,En agglomération,Giratoire,Normale,Autre collision,,,,,,,,,,,5,2,6,1,6.0
201600013119,0016-10-20 12:15:00,16,10,20,12,15,110,69,ROCADE SUD RD 6161,43.20426,2.38689,Plein jour,Hors agglomération,Hors intersection,Normale,Sans collision,,,,,,,,,,,1,1,1,1,7.0
201600013120,0016-10-04 22:55:00,16,10,4,22,55,110,69,DU 24 FEVRIER,43.20886,2.34719,Nuit avec éclairage non allumé,En agglomération,Intersection en T,Normale,Deux véhicules - côté,,,,,,,,,,,4,2,3,1,3.0
201600013121,0016-10-14 19:33:00,16,10,14,19,33,110,69,LECLERC AV. DU GENERAL P,43.20909,2.36869,Nuit avec éclairage allumé,En agglomération,Hors intersection,Pluie forte,Autre collision,,,,,,,,,,,5,2,1,3,6.0
201600013122,0016-10-20 17:15:00,16,10,20,17,15,110,69,RD33,43.21684,2.31605,Plein jour,Hors agglomération,Hors intersection,Normale,Trois véhicules et plus - collisions multiples,,,,,,,,,,,1,1,1,1,5.0
201600013123,0016-10-21 02:00:00,16,10,21,2,0,110,69,"10, DUJARDIN-BEAUMETZ",43.2067,2.36051,Nuit avec éclairage allumé,En agglomération,Hors intersection,Normale,Sans collision,,,,,,,,,,,5,2,1,1,7.0
201600013124,0016-11-15 18:15:00,16,11,15,18,15,110,69,LIMOUX - ROUTE DE-,43.19549,2.32016,Nuit sans éclairage public,En agglomération,Hors intersection,Normale,Trois véhicules et plus - collisions multiples,,,,,,,,,,,3,2,1,1,5.0
201600013125,0016-11-16 10:50:00,16,11,16,10,50,110,69,"02, JUIN MARECHAL",43.21252,2.37167,Plein jour,Hors agglomération,Hors intersection,Normale,Autre collision,,,,,,,,,,,1,1,1,1,6.0
201600013126,0016-12-09 18:08:00,16,12,9,18,8,110,37,D303,43.20926,2.42002,Crépuscule ou aube,Hors agglomération,Hors intersection,Normale,Deux véhicules - frontale,,,,,,,,,,,2,1,1,1,1.0
201600013127,0016-12-17 19:30:00,16,12,17,19,30,110,69,MONTREAL -ROUTE DE -,43.21191,2.31736,Nuit sans éclairage public,Hors agglomération,Hors intersection,Normale,Deux véhicules - arrière,,,,,,,,,,,3,1,1,1,2.0
201600013128,0016-01-28 01:00:00,16,1,28,1,0,310,94,,,,Nuit sans éclairage public,Hors agglomération,Hors intersection,Pluie légère,Autre collision,,,,,,,,,,,3,1,1,2,6.0
201600013129,0016-02-24 17:00:00,16,2,24,17,0,310,44,Intersection RD826/D57,43.59297,1.50534,Plein jour,En agglomération,Giratoire,Normale,Deux véhicules - frontale,,,,,,,,,,,1,2,6,1,1.0
201600013130,0016-03-07 14:00:00,16,3,7,14,0,310,561,route de lavaur,43.63438,1.49244,Plein jour,Hors agglomération,Hors intersection,Normale,Trois véhicules et plus - collisions multiples,,,,,,,,,,,1,1,1,1,5.0
201600013131,0016-03-21 12:45:00,16,3,21,12,45,310,488,,43.65358,1.52314,Plein jour,Hors agglomération,Hors intersection,Normale,Deux véhicules - arrière,,,,,,,,,,,1,1,1,1,2.0
201600013132,0016-05-05 19:15:00,16,5,5,19,15,310,555,RD 2 route de revel,43.57314,1.49295,Plein jour,En agglomération,Hors intersection,Normale,Trois véhicules et plus - collisions multiples,,,,,,,,,,,1,2,1,1,5.0
201600013133,0016-05-07 14:00:00,16,5,7,14,0,310,228,,,,Plein jour,Hors agglomération,Hors intersection,Normale,Deux véhicules - côté,,,,,,,,,,,1,1,1,1,3.0
201600013134,0016-05-11 20:30:00,16,5,11,20,30,310,587,,43.7595,1.40484,Crépuscule ou aube,Hors agglomération,Hors intersection,Normale,Deux véhicules - frontale,,,,,,,,,,,2,1,1,1,1.0
201600013135,0016-05-28 10:00:00,16,5,28,10,0,310,89,,,,Plein jour,Hors agglomération,Hors intersection,Normale,Deux véhicules - côté,,,,,,,,,,,1,1,1,1,3.0
201600013136,0016-09-01 17:15:00,16,9,1,17,15,310,459,,43.7467,1.61344,Plein jour,Hors agglomération,Hors intersection,Normale,Trois véhicules et plus - en chaîne,,,,,,,,,,,1,1,1,1,4.0
201600013137,0016-09-30 00:30:00,16,9,30,0,30,310,358,,,,Nuit sans éclairage public,Hors agglomération,Autre intersection,Normale,Trois véhicules et plus - en chaîne,,,,,,,,,,,3,1,9,1,4.0
201600013138,0016-10-06 21:10:00,16,10,6,21,10,310,118,A62 pk 210.500,43.79922,1.37125,Nuit sans éclairage public,Hors agglomération,Autre intersection,Normale,Deux véhicules - arrière,,,,,,,,,,,3,1,9,1,2.0
201600013139,0016-10-27 08:50:00,16,10,27,8,50,310,467,A62 - PK.221+700,43.67713,1.41589,Plein jour,Hors agglomération,Hors intersection,Brouillard / fumée,Trois véhicules et plus - en chaîne,,,,,,,,,,,1,1,1,5,4.0
201600013140,0016-10-29 12:20:00,16,10,29,12,20,310,117,"RD 888, route d'albi",43.68829,1.54379,Plein jour,Hors agglomération,Hors intersection,Normale,Deux véhicules - côté,,,,,,,,,,,1,1,1,1,3.0
201600013141,0016-11-21 07:05:00,16,11,21,7,5,310,118,A62 PK210+300,43.78094,1.38336,Crépuscule ou aube,Hors agglomération,Hors intersection,Normale,Trois véhicules et plus - en chaîne,,,,,,,,,,,2,1,1,1,4.0
201600013142,0016-12-22 18:00:00,16,12,22,18,0,310,462,A 68 sens ALBI / TOULOUS,,,Nuit sans éclairage public,Hors agglomération,Hors intersection,Pluie forte,Trois véhicules et plus - en chaîne,,,,,,,,,,,3,1,1,3,4.0
201600013143,0016-01-12 06:20:00,16,1,12,6,20,770,306,,,,Nuit sans éclairage public,Hors agglomération,Hors intersection,Temps couvert,Trois véhicules et plus - collisions multiples,,,,,,,,,,,3,1,1,8,5.0
201600013144,0016-06-03 18:30:00,16,6,3,18,30,770,480,,,,Plein jour,Hors agglomération,Hors intersection,Temps couvert,Sans collision,,,,,,,,,,,1,1,1,8,7.0
201600013145,0016-09-11 13:00:00,16,9,11,13,0,770,165,A5,48.48302,2.85737,Plein jour,Hors agglomération,Hors intersection,Normale,Autre collision,,,,,,,,,,,1,1,1,1,6.0
201600013146,0016-01-04 18:20:00,16,1,4,18,20,110,262,CAMELLE (RUE CALIXTE),43.18964,3.01315,Crépuscule ou aube,En agglomération,Hors intersection,Normale,Autre collision,,,,,,,,,,,2,2,1,1,6.0
201600013147,0016-01-08 18:00:00,16,1,8,18,0,110,262,MAYOLLE (BOULEVARD DE LA,43.17676,3.01124,Nuit avec éclairage allumé,En agglomération,Intersection en T,Normale,Deux véhicules - côté,,,,,,,,,,,5,2,3,1,3.0
201600013148,0016-01-12 17:35:00,16,1,12,17,35,110,262,RATACAS (ZI),43.16913,2.983,Plein jour,Hors agglomération,Hors intersection,Normale,Deux véhicules - arrière,,,,,,,,,,,1,1,1,1,2.0
201600013149,0016-01-14 10:45:00,16,1,14,10,45,110,262,JONQUIERES (RUE ET CHEMI,43.16763,2.98203,Plein jour,En agglomération,Intersection en T,Normale,Deux véhicules - côté,,,,,,,,,,,1,2,3,1,3.0
201600013150,0016-12-28 15:55:00,16,12,28,15,55,110,262,CARNOT (AVENUE),43.1919,3.00773,Plein jour,En agglomération,Hors intersection,Normale,Deux véhicules - côté,,,,,,,,,,,1,2,1,1,3.0
201600013151,0016-02-04 19:55:00,16,2,4,19,55,110,262,RD 6009 NARBONNE - PERPI,43.20052,3.01264,Plein jour,En agglomération,Hors intersection,Normale,Deux véhicules - arrière,,,,,,,,,,,1,2,1,1,2.0
201600013152,0016-12-30 12:50:00,16,12,30,12,50,110,262,"27, TASSIGNY (AV. MCHAL",43.18985,3.00898,Plein jour,En agglomération,Hors intersection,Normale,Deux véhicules - côté,,,,,,,,,,,1,2,1,1,3.0
201600013153,0016-12-23 18:00:00,16,12,23,18,0,110,262,RD 6009 NARBONNE - PERPI,43.16818,2.98302,Crépuscule ou aube,Hors agglomération,Hors intersection,Normale,Deux véhicules - arrière,,,,,,,,,,,2,1,1,1,2.0
201600013154,0016-02-12 15:05:00,16,2,12,15,5,110,262,LECLERC (AVENUE DU GENER,43.18022,2.99641,Plein jour,En agglomération,Intersection en T,Pluie légère,Deux véhicules - côté,,,,,,,,,,,1,2,3,2,3.0
201600013155,0016-12-23 16:25:00,16,12,23,16,25,110,262,ESPAGNE (AVENUE D'),43.17426,2.99219,Plein jour,En agglomération,Hors intersection,Normale,Deux véhicules - côté,,,,,,,,,,,1,2,1,1,3.0
201600013156,0016-02-12 16:45:00,16,2,12,16,45,110,262,1848 (BOULEVARD),43.19171,3.01501,Plein jour,En agglomération,Intersection en T,Normale,Deux véhicules - frontale,,,,,,,,,,,1,2,3,1,1.0
201600013157,0016-02-19 15:00:00,16,2,19,15,0,110,262,MILLIAIRE (ROND POINT),43.17997,3.01919,Plein jour,En agglomération,Giratoire,Normale,Deux véhicules - arrière,,,,,,,,,,,1,2,6,1,2.0
201600013158,0016-02-21 17:45:00,16,2,21,17,45,110,262,LECLERC (AVENUE DU GENER,43.17576,2.99352,Crépuscule ou aube,En agglomération,Intersection en T,Normale,Autre collision,,,,,,,,,,,2,2,3,1,6.0
201600013159,0016-03-03 14:24:00,16,3,3,14,24,110,262,ARTS (RUE DES),43.17888,3.00726,Plein jour,En agglomération,Intersection en X,Normale,Deux véhicules - frontale,,,,,,,,,,,1,2,2,1,1.0
201600013160,0016-03-19 03:07:00,16,3,19,3,7,110,262,RD 6009 NARBONNE - PERPI,43.13824,2.97051,Nuit avec éclairage allumé,Hors agglomération,Hors intersection,Normale,Deux véhicules - frontale,,,,,,,,,,,5,1,1,1,1.0
201600013161,0016-03-26 09:55:00,16,3,26,9,55,110,262,"37, FRANCE (AVENUE ANATO",43.18512,2.9935,Plein jour,En agglomération,Hors intersection,Normale,Autre collision,,,,,,,,,,,1,2,1,1,6.0
201600013162,0016-03-16 10:35:00,16,3,16,10,35,110,262,COUPE (AVENUE DE LA),43.15729,2.98046,Plein jour,En agglomération,Hors intersection,Normale,Autre collision,,,,,,,,,,,1,2,1,1,6.0
201600013163,0016-03-18 23:40:00,16,3,18,23,40,110,262,"40, FRANCE (AVENUE ANATO",43.18634,2.99226,Nuit avec éclairage allumé,En agglomération,Intersection en T,Normale,Deux véhicules - côté,,,,,,,,,,,5,2,3,1,3.0
201600013164,0016-10-27 18:30:00,16,10,27,18,30,110,262,HUBERT MOULY (AVENUE),43.17993,3.02296,Crépuscule ou aube,En agglomération,Hors intersection,Normale,Deux véhicules - côté,,,,,,,,,,,2,2,1,1,3.0
201600013165,0016-04-05 17:30:00,16,4,5,17,30,110,262,FABRE (RUE D'EGLANTINE),43.18084,3.00996,Plein jour,En agglomération,Intersection en T,Normale,Autre collision,,,,,,,,,,,1,2,3,1,6.0
201600013166,0016-04-10 10:40:00,16,4,10,10,40,110,262,LACROIX (BOULEVARD DU DO,43.18067,2.99952,Plein jour,En agglomération,Hors intersection,Normale,Autre collision,,,,,,,,,,,1,2,1,1,6.0
201600013167,0016-04-15 07:55:00,16,4,15,7,55,110,262,HIPPOLYTE (RUE DE SAINT),43.16257,2.9773,Plein jour,En agglomération,Intersection en T,Normale,Deux véhicules - arrière,,,,,,,,,,,1,2,3,1,2.0
201600013168,0016-04-15 17:20:00,16,4,15,17,20,110,262,LACROIX (BOULEVARD DU DO,43.18045,3.00123,Plein jour,En agglomération,Intersection en T,Normale,Deux véhicules - frontale,,,,,,,,,,,1,2,3,1,1.0
201600013169,0016-05-05 09:00:00,16,5,5,9,0,110,262,"87, LECLERC (AVENUE DU G",43.17788,2.99489,Plein jour,En agglomération,Hors intersection,Normale,Autre collision,,,,,,,,,,,1,2,1,1,6.0
201600013170,0016-05-12 15:30:00,16,5,12,15,30,110,262,RD 6009 NARBONNE - PERPI,43.20096,3.01763,Plein jour,En agglomération,Hors intersection,Normale,Deux véhicules - frontale,,,,,,,,,,,1,2,1,1,1.0
201600013171,0016-05-12 18:35:00,16,5,12,18,35,110,262,CONCORDE (PONT DE LA),43.18473,3.00017,Plein jour,Hors agglomération,Hors intersection,Normale,Autre collision,,,,,,,,,,,1,1,1,1,6.0
201600013172,0016-05-24 16:30:00,16,5,24,16,30,110,262,LECLERC (AVENUE DU GENER,43.17525,2.9932,Plein jour,En agglomération,Hors intersection,Normale,Deux véhicules - arrière,,,,,,,,,,,1,2,1,1,2.0
201600013173,0016-05-28 08:40:00,16,5,28,8,40,110,262,RD 6009 NARBONNE - PERPI,43.16623,2.98557,Plein jour,En agglomération,Autre intersection,Normale,Deux véhicules - frontale,,,,,,,,,,,1,2,9,1,1.0
201600013174,0016-04-28 13:18:00,16,4,28,13,18,110,262,MAYOLLE (BOULEVARD DE LA,43.175,3.00577,Plein jour,En agglomération,Giratoire,Normale,Deux véhicules - arrière,,,,,,,,,,,1,2,6,1,2.0
201600013175,0016-05-30 21:50:00,16,5,30,21,50,110,262,"7, LORRAINE (QUAI DE)",43.18649,2.99783,Nuit avec éclairage allumé,En agglomération,Hors intersection,Normale,Autre collision,,,,,,,,,,,5,2,1,1,6.0