accident_id,datetime,annee,mois,jour,heure,minute,departement,commune_insee,adresse,latitude,longitude,luminosite,agglomeration,intersection,meteo,collision,nb_vehicules,nb_usagers,nb_indemnes,nb_tues,nb_blesses_hosp,nb_blesses_legers,age_cond_1,age_cond_2,veh_type_cond_1,veh_type_cond_2,lum_code,agg_code,int_code,atm_code,col_code
201600013426,0016-06-23 08:55:00,16,6,23,8,55,130,1,BALTARD VICTOR (RUE),43.48412,5.38289,Plein jour,En agglomération,Giratoire,Normale,Deux véhicules - côté,,,,,,,,,,,1,2,6,1,3.0
201600013427,0016-04-12 15:00:00,16,4,12,15,0,130,1,"28, CELONY (RUE)",43.53013,5.4431,Plein jour,En agglomération,Hors intersection,Normale,Autre collision,,,,,,,,,,,1,2,1,1,6.0
201600013428,0016-06-25 19:15:00,16,6,25,19,15,130,1,"285, PLATRIERES (CH DES)",43.55848,5.42007,Plein jour,En agglomération,Hors intersection,Normale,Deux véhicules - frontale,,,,,,,,,,,1,2,1,1,1.0
201600013429,0016-06-21 20:15:00,16,6,21,20,15,130,1,PASTEUR  AVENUE,43.53341,5.44587,Crépuscule ou aube,Hors agglomération,Hors intersection,Normale,Deux véhicules - côté,,,,,,,,,,,2,1,1,1,3.0
201600013430,0016-06-27 08:15:00,16,6,27,8,15,130,1,"10, EUROPE (AV )",43.52347,5.43712,Plein jour,En agglomération,Giratoire,Normale,Deux véhicules - côté,,,,,,,,,,,1,2,6,1,3.0
201600013431,0016-07-03 12:15:00,16,7,3,12,15,130,1,"? , ST JEROME",,,Plein jour,En agglomération,Hors intersection,Normale,Autre collision,,,,,,,,,,,1,2,1,1,6.0
201600013432,0016-06-27 15:30:00,16,6,27,15,30,130,1,SAINT MITRE (QUARTIER),43.53423,5.42222,Plein jour,Hors agglomération,Hors intersection,Normale,Autre collision,,,,,,,,,,,1,1,1,1,6.0
201600013433,0016-07-04 04:30:00,16,7,4,4,30,130,1,BRESSIER CELESTIN (AV),,,Nuit avec éclairage allumé,En agglomération,Hors intersection,Normale,Sans collision,,,,,,,,,,,5,2,1,1,7.0
201600013434,0016-05-25 14:10:00,16,5,25,14,10,130,1,RODARI HENRI (AV),,,Plein jour,Hors agglomération,Hors intersection,Normale,Deux véhicules - côté,,,,,,,,,,,1,1,1,1,3.0
201600013435,0016-07-08 13:35:00,16,7,8,13,35,130,1,"1615, MILLES (RTE DES)",,,Plein jour,Hors agglomération,Hors intersection,Normale,Deux véhicules - côté,,,,,,,,,,,1,1,1,1,3.0
201600013436,0016-07-08 14:02:00,16,7,8,14,2,130,1,"820, ROGNES (RTE DE)",,,Plein jour,Hors agglomération,Hors intersection,Normale,Autre collision,,,,,,,,,,,1,1,1,1,6.0
201600013437,0016-07-10 05:15:00,16,7,10,5,15,130,1,PREMIERE DIV FRANCAISE L,,,Nuit avec éclairage allumé,Hors agglomération,Hors intersection,Normale,Deux véhicules - arrière,,,,,,,,,,,5,1,1,1,2.0
201600013438,0016-07-25 12:30:00,16,7,25,12,30,130,1,RN 296,,,Plein jour,Hors agglomération,Hors intersection,Normale,Deux véhicules - arrière,,,,,,,,,,,1,1,1,1,2.0
201600013439,0016-08-05 04:00:00,16,8,5,4,0,130,1,RD 7,,,Nuit sans éclairage public,Hors agglomération,Hors intersection,Normale,Autre collision,,,,,,,,,,,3,1,1,1,6.0
201600013440,0016-08-12 14:50:00,16,8,12,14,50,130,1,"1, CALADE (RTE DE LA)",,,Plein jour,Hors agglomération,Intersection en T,Normale,Deux véhicules - frontale,,,,,,,,,,,1,1,3,1,1.0
201600013441,0016-08-17 16:25:00,16,8,17,16,25,130,1,ARAGO FRANCOIS (AV),,,Plein jour,En agglomération,Giratoire,Normale,Deux véhicules - côté,,,,,,,,,,,1,2,6,1,3.0
201600013442,0016-08-17 17:55:00,16,8,17,17,55,130,1,"3975, RD 543 F",,,Plein jour,Hors agglomération,Hors intersection,Normale,Deux véhicules - frontale,,,,,,,,,,,1,1,1,1,1.0
201600013443,0016-09-01 17:20:00,16,9,1,17,20,130,1,LOQUI (ROUTE DE),43.5456,5.39816,Plein jour,Hors agglomération,Hors intersection,Normale,Deux véhicules - arrière,,,,,,,,,,,1,1,1,1,2.0
201600013444,0016-09-09 08:40:00,16,9,9,8,40,130,1,ARC DE MEYRAN (AV),43.51117,5.44468,Plein jour,En agglomération,Hors intersection,Normale,Autre collision,,,,,,,,,,,1,2,1,1,6.0
201600013445,0016-09-09 16:45:00,16,9,9,16,45,130,1,AMPERE  ANDRE (RUE),43.48861,5.3766,Plein jour,En agglomération,Hors intersection,Normale,Deux véhicules - côté,,,,,,,,,,,1,2,1,1,3.0
201600013446,0016-09-05 12:05:00,16,9,5,12,5,130,1,GALICE (RTE DE),43.52778,5.4044,Plein jour,En agglomération,Hors intersection,Normale,Deux véhicules - côté,,,,,,,,,,,1,2,1,1,3.0
201600013447,0016-09-12 07:50:00,16,9,12,7,50,130,1,PARAYRE LIEUTENANT (RUE,43.5011,5.36181,Plein jour,Hors agglomération,Hors intersection,Normale,Deux véhicules - arrière,,,,,,,,,,,1,1,1,1,2.0
201600013448,0016-09-15 13:27:00,16,9,15,13,27,130,1,EGUILLES (ROUTE D'),43.54579,5.39821,Plein jour,Hors agglomération,Passage à niveau,Normale,Deux véhicules - côté,,,,,,,,,,,1,1,8,1,3.0
201600013449,0016-09-19 08:45:00,16,9,19,8,45,130,1,"100, LOQUI (ROUTE DE)",43.50762,5.38511,Plein jour,En agglomération,Hors intersection,Normale,Autre collision,,,,,,,,,,,1,2,1,1,6.0
201600013450,0016-09-02 14:30:00,16,9,2,14,30,130,1,"17, REPUBLIQUE (BD DE LA",43.52773,5.44215,Plein jour,En agglomération,Hors intersection,Normale,Autre collision,,,,,,,,,,,1,2,1,1,6.0
201600013451,0016-09-07 08:30:00,16,9,7,8,30,130,1,RD 543,,,Plein jour,En agglomération,Hors intersection,Normale,Deux véhicules - frontale,,,,,,,,,,,1,2,1,1,1.0
201600013452,0016-09-21 10:50:00,16,9,21,10,50,130,1,GIONO JEAN (AV),,,Plein jour,En agglomération,Hors intersection,Normale,Autre collision,,,,,,,,,,,1,2,1,1,6.0
201600013453,0016-09-21 13:40:00,16,9,21,13,40,130,1,georges COUTTON (rond po,43.50572,5.41169,Plein jour,Hors agglomération,Hors intersection,Normale,Deux véhicules - frontale,,,,,,,,,,,1,1,1,1,1.0
201600013454,0016-09-24 18:45:00,16,9,24,18,45,130,1,"4, BELGES (AV DES)",43.52515,5.44469,Plein jour,En agglomération,Hors intersection,Normale,Autre collision,,,,,,,,,,,1,2,1,1,6.0
201600013455,0016-08-01 15:30:00,16,8,1,15,30,130,1,HAUT DU COURS MIRABEAU (,43.52715,5.45129,Plein jour,Hors agglomération,Hors intersection,Normale,Autre collision,,,,,,,,,,,1,1,1,1,6.0
201600013456,0016-09-30 07:40:00,16,9,30,7,40,130,1,BELLEGARDE (PLACE),43.53209,5.45119,Plein jour,En agglomération,Hors intersection,Normale,Autre collision,,,,,,,,,,,1,2,1,1,6.0
201600013457,0016-10-07 10:10:00,16,10,7,10,10,130,1,BELGES (AV DES),,,Plein jour,En agglomération,Hors intersection,Normale,Autre collision,,,,,,,,,,,1,2,1,1,6.0
201600013458,0016-10-12 07:50:00,16,10,12,7,50,130,1,GARDANNE (ROUTE DE ),43.48134,5.41851,Crépuscule ou aube,Hors agglomération,Hors intersection,Normale,Trois véhicules et plus - collisions multiples,,,,,,,,,,,2,1,1,1,5.0
201600013459,0016-10-27 07:45:00,16,10,27,7,45,130,1,"3735, EGUILLES (ROUTE D'",43.55008,5.39087,Crépuscule ou aube,Hors agglomération,Intersection en T,Normale,Deux véhicules - côté,,,,,,,,,,,2,1,3,1,3.0
201600013460,0016-11-13 05:45:00,16,11,13,5,45,130,1,"2610, RD 7",43.48304,5.41593,Nuit avec éclairage allumé,Hors agglomération,Giratoire,Normale,Sans collision,,,,,,,,,,,5,1,6,1,7.0
201600013461,0016-11-13 18:00:00,16,11,13,18,0,130,1,RD9,43.45952,5.33413,Nuit avec éclairage allumé,Hors agglomération,Hors intersection,Normale,Deux véhicules - arrière,,,,,,,,,,,5,1,1,1,2.0
201600013462,0016-11-15 22:35:00,16,11,15,22,35,130,1,MINIMES (COURS DES),43.52884,5.43774,Nuit avec éclairage allumé,En agglomération,Hors intersection,Normale,Deux véhicules - côté,,,,,,,,,,,5,2,1,1,3.0
201600013463,0016-11-17 18:40:00,16,11,17,18,40,130,1,"1, RN 296",43.55936,5.45144,Nuit sans éclairage public,Hors agglomération,Hors intersection,Normale,Autre collision,,,,,,,,,,,3,1,1,1,6.0
201600013464,0016-11-20 22:20:00,16,11,20,22,20,130,1,"40, GAMBETTA (COURS)",43.52308,5.45569,Nuit avec éclairage allumé,En agglomération,Hors intersection,Normale,Deux véhicules - arrière,,,,,,,,,,,5,2,1,1,2.0
201600013465,0016-11-29 22:30:00,16,11,29,22,30,130,1,"., BONAPARTE NAPOLEON(AV",,,Nuit avec éclairage allumé,En agglomération,Hors intersection,Normale,Trois véhicules et plus - collisions multiples,,,,,,,,,,,5,2,1,1,5.0
201600013466,0016-12-10 17:20:00,16,12,10,17,20,130,1,"51, EUROPE (AV)",43.52488,5.42901,Crépuscule ou aube,En agglomération,Hors intersection,Normale,Deux véhicules - frontale,,,,,,,,,,,2,2,1,1,1.0
201600013467,0016-12-17 11:45:00,16,12,17,11,45,130,1,"1, ANGENOT PAUL (BD DU G",43.50729,5.39323,Plein jour,En agglomération,Hors intersection,Normale,Sans collision,,,,,,,,,,,1,2,1,1,7.0
201600013468,0016-12-21 17:50:00,16,12,21,17,50,130,1,"930, BERRE (ROUTE DE)",43.53665,5.40586,Nuit sans éclairage public,Hors agglomération,Hors intersection,Normale,Trois véhicules et plus - en chaîne,,,,,,,,,,,3,1,1,1,4.0
201600013469,0016-12-22 09:15:00,16,12,22,9,15,130,1,"1, MALACRIDA HENRI (AV)",43.51763,5.46488,Plein jour,En agglomération,Hors intersection,Normale,Autre collision,,,,,,,,,,,1,2,1,1,6.0
201600013470,0016-12-23 10:15:00,16,12,23,10,15,130,1,ROGNES (RTE DE),43.59965,5.36615,Plein jour,Hors agglomération,Hors intersection,Normale,Autre collision,,,,,,,,,,,1,1,1,1,6.0
201600013471,0016-01-01 05:45:00,16,1,1,5,45,130,4,"3394, RTE DE LA CRAU RAP",43.64834,4.69146,Nuit avec éclairage allumé,En agglomération,Hors intersection,Pluie légère,Autre collision,,,,,,,,,,,5,2,1,2,6.0
201600013472,0016-02-02 19:45:00,16,2,2,19,45,130,4,RTE N570 AVIGNON STES MA,43.66383,4.6435,Nuit avec éclairage allumé,En agglomération,Hors intersection,Normale,Deux véhicules - frontale,,,,,,,,,,,5,2,1,1,1.0
201600013473,0016-02-13 00:40:00,16,2,13,0,40,130,4,RN 572 RTE DE ST GILLES,43.67909,4.60719,Nuit avec éclairage allumé,Hors agglomération,Giratoire,Autre,Sans collision,,,,,,,,,,,5,1,6,9,7.0
201600013474,0016-02-18 05:10:00,16,2,18,5,10,130,4,RTE DE LA CRAU RAPHELE,43.64991,4.68107,Nuit sans éclairage public,Hors agglomération,Hors intersection,Normale,Autre collision,,,,,,,,,,,3,1,1,1,6.0
201600013475,0016-02-26 18:30:00,16,2,26,18,30,130,4,RTE N113 MARSEILLE A BOR,43.68444,4.6063,Plein jour,En agglomération,Hors intersection,Normale,Trois véhicules et plus - collisions multiples,,,,,,,,,,,1,2,1,1,5.0
201600013476,0016-03-03 19:40:00,16,3,3,19,40,130,4,CHE DES MINIMES,43.67154,4.64207,Crépuscule ou aube,En agglomération,Intersection en X,Normale,Deux véhicules - côté,,,,,,,,,,,2,2,2,1,3.0
201600013477,0016-03-28 23:45:00,16,3,28,23,45,130,4,BD MARCELIN BERTHELOT,43.67241,4.62948,Nuit avec éclairage allumé,En agglomération,Autre intersection,Normale,Deux véhicules - côté,,,,,,,,,,,5,2,9,1,3.0
201600013478,0016-04-09 18:55:00,16,4,9,18,55,130,4,"28, AV DE LA LIBERATION",43.70377,4.64149,Plein jour,En agglomération,Hors intersection,Normale,Deux véhicules - côté,,,,,,,,,,,1,2,1,1,3.0
201600013479,0016-04-20 19:25:00,16,4,20,19,25,130,4,"01, AV DELATTRE DE TASSI",43.68572,4.63475,Plein jour,En agglomération,Hors intersection,Normale,Autre collision,,,,,,,,,,,1,2,1,1,6.0
201600013480,0016-04-28 14:14:00,16,4,28,14,14,130,4,"0, CHE DES MOINES",43.69879,4.64072,Plein jour,En agglomération,Hors intersection,Normale,Autre collision,,,,,,,,,,,1,2,1,1,6.0
201600013481,0016-05-01 05:40:00,16,5,1,5,40,130,4,? AV DE HONGRIE,,,Nuit avec éclairage allumé,En agglomération,Hors intersection,Normale,Autre collision,,,,,,,,,,,5,2,1,1,6.0
201600013482,0016-05-06 01:50:00,16,5,6,1,50,130,4,RUE PARMENTIER,43.67475,4.627,Nuit avec éclairage allumé,En agglomération,Intersection en T,Normale,Deux véhicules - côté,,,,,,,,,,,5,2,3,1,3.0
201600013483,0016-05-25 16:20:00,16,5,25,16,20,130,4,"14, RUE DU PONT",43.67744,4.62422,Plein jour,En agglomération,Intersection en Y,Normale,Deux véhicules - côté,,,,,,,,,,,1,2,4,1,3.0
201600013484,0016-06-12 19:30:00,16,6,12,19,30,130,4,"1, AV JEAN MONNET BARRIO",43.67454,4.61896,Plein jour,En agglomération,Intersection en Y,Normale,Autre collision,,,,,,,,,,,1,2,4,1,6.0
201600013485,0016-06-12 19:00:00,16,6,12,19,0,130,4,"66, BD GEORGES CLEMENCEA",,,Plein jour,En agglomération,Hors intersection,Normale,Autre collision,,,,,,,,,,,1,2,1,1,6.0
201600013486,0016-06-19 19:55:00,16,6,19,19,55,130,4,RTE N113 MARSEILLE A BOR,43.6791,4.6072,Plein jour,En agglomération,Giratoire,Normale,Sans collision,,,,,,,,,,,1,2,6,1,7.0
201600013487,0016-06-30 15:00:00,16,6,30,15,0,130,4,RN 572 RTE DE ST GILLES,43.68179,4.59832,Plein jour,Hors agglomération,Hors intersection,Normale,Autre collision,,,,,,,,,,,1,1,1,1,6.0
201600013488,0016-07-03 02:20:00,16,7,3,2,20,130,4,"207, RTE D EYGUIERES",,,Nuit sans éclairage public,Hors agglomération,Hors intersection,Normale,Deux véhicules - frontale,,,,,,,,,,,3,1,1,1,1.0
201600013489,0016-07-07 08:50:00,16,7,7,8,50,130,4,"24, AV VICTOR HUGO",43.67476,4.63593,Plein jour,En agglomération,Hors intersection,Normale,Autre collision,,,,,,,,,,,1,2,1,1,6.0
201600013490,0016-07-14 09:00:00,16,7,14,9,0,130,4,RUE CAMARGUE,43.67944,4.6225,Plein jour,En agglomération,Hors intersection,Normale,Autre collision,,,,,,,,,,,1,2,1,1,6.0
201600013491,0016-07-20 12:35:00,16,7,20,12,35,130,4,"88, BD GEORGES CLEMENCEA",43.67412,4.62163,Plein jour,En agglomération,Hors intersection,Temps éblouissant,Autre collision,,,,,,,,,,,1,2,1,7,6.0
201600013492,0016-08-29 09:06:00,16,8,29,9,6,130,4,"2, BD DES LICES",,,Plein jour,En agglomération,Hors intersection,Normale,Autre collision,,,,,,,,,,,1,2,1,1,6.0
201600013493,0016-07-26 15:00:00,16,7,26,15,0,130,4,"24, AV DE HONGRIE",,,Plein jour,En agglomération,Hors intersection,Normale,Deux véhicules - arrière,,,,,,,,,,,1,2,1,1,2.0
201600013494,0016-10-20 11:30:00,16,10,20,11,30,130,4,"116, AV STALINGRAD",43.69133,4.63803,Plein jour,En agglomération,Hors intersection,Normale,Deux véhicules - côté,,,,,,,,,,,1,2,1,1,3.0
201600013495,0016-11-09 11:00:00,16,11,9,11,0,130,4,RUE DE GRILLE,43.67928,4.62897,Plein jour,En agglomération,Intersection en T,Temps couvert,Deux véhicules - côté,,,,,,,,,,,1,2,3,8,3.0
201600013496,0016-11-23 23:20:00,16,11,23,23,20,130,4,"01, BD DES LICES",43.67511,4.63095,Nuit avec éclairage allumé,En agglomération,Autre intersection,Normale,Autre collision,,,,,,,,,,,5,2,9,1,6.0
201600013497,0016-11-26 07:00:00,16,11,26,7,0,130,4,RTE N113 MARSEILLE A BOR,,,Crépuscule ou aube,Hors agglomération,Hors intersection,Normale,Deux véhicules - arrière,,,,,,,,,,,2,1,1,1,2.0
201600013498,0016-01-03 12:45:00,16,1,3,12,45,130,5,RN 8,43.28636,5.58677,Plein jour,En agglomération,Hors intersection,Normale,Deux véhicules - arrière,,,,,,,,,,,1,2,1,1,2.0
201600013499,0016-01-03 18:30:00,16,1,3,18,30,130,5,GARLABAN (AVENUE DU),43.29758,5.57387,Nuit avec éclairage allumé,En agglomération,Intersection en T,Normale,Deux véhicules - arrière,,,,,,,,,,,5,2,3,1,2.0
201600013500,0016-01-06 09:45:00,16,1,6,9,45,130,5,QUARTIER VAUX*CHEMIN DU,43.28564,5.57848,Plein jour,En agglomération,Hors intersection,Pluie légère,Deux véhicules - arrière,,,,,,,,,,,1,2,1,2,2.0
201600013501,0016-01-08 18:00:00,16,1,8,18,0,130,5,GARLABAN (AVENUE DU),43.30053,5.57105,Nuit avec éclairage allumé,En agglomération,Intersection en T,Normale,Deux véhicules - côté,,,,,,,,,,,5,2,3,1,3.0
201600013502,0016-01-09 22:25:00,16,1,9,22,25,130,5,RD8N,43.28035,5.60774,Nuit avec éclairage allumé,Hors agglomération,Hors intersection,Normale,Autre collision,,,,,,,,,,,5,1,1,1,6.0
201600013503,0016-01-11 19:20:00,16,1,11,19,20,130,5,"1635, RN 8",43.2839,5.54212,Nuit avec éclairage allumé,En agglomération,Hors intersection,Temps couvert,Autre collision,,,,,,,,,,,5,2,1,8,6.0
201600013504,0016-01-14 16:00:00,16,1,14,16,0,130,5,PALUDS (AVENUE DES),43.29054,5.59546,Plein jour,En agglomération,Hors intersection,Pluie légère,Autre collision,,,,,,,,,,,1,2,1,2,6.0
201600013505,0016-01-20 12:00:00,16,1,20,12,0,130,5,CD 2 (CAMP MAJOR),43.28842,5.54694,Plein jour,En agglomération,Hors intersection,Normale,Deux véhicules - arrière,,,,,,,,,,,1,2,1,1,2.0
201600013506,0016-01-20 17:40:00,16,1,20,17,40,130,5,RN 8,43.28663,5.58582,Nuit avec éclairage allumé,En agglomération,Hors intersection,Normale,Deux véhicules - frontale,,,,,,,,,,,5,2,1,1,1.0
201600013507,0016-01-22 17:15:00,16,1,22,17,15,130,5,SALENGRO (AVENUE ROGER),,,Plein jour,En agglomération,Hors intersection,Normale,Deux véhicules - côté,,,,,,,,,,,1,2,1,1,3.0
201600013508,0016-01-23 08:20:00,16,1,23,8,20,130,5,"10, VERDUN (AVENUE DE)",43.28814,5.57498,Crépuscule ou aube,En agglomération,Hors intersection,Normale,Sans collision,,,,,,,,,,,2,2,1,1,7.0
201600013509,0016-01-24 18:20:00,16,1,24,18,20,130,5,"1400, LASCOURS (CHEMIN D",43.32818,5.57342,Nuit sans éclairage public,Hors agglomération,Hors intersection,Normale,Deux véhicules - frontale,,,,,,,,,,,3,1,1,1,1.0
201600013510,0016-01-29 11:00:00,16,1,29,11,0,130,5,"0, BAUMONE (AVENUE DE LA",43.29447,5.59487,Plein jour,En agglomération,Hors intersection,Normale,Autre collision,,,,,,,,,,,1,2,1,1,6.0
201600013511,0016-02-03 07:00:00,16,2,3,7,0,130,5,"825, RN 96 (ROUTE NATION",43.30931,5.57659,Nuit avec éclairage allumé,Hors agglomération,Hors intersection,Normale,Deux véhicules - frontale,,,,,,,,,,,5,1,1,1,1.0
201600013512,0016-02-05 09:50:00,16,2,5,9,50,130,5,"160, DIX NEUF MARS 1962",43.28863,5.57046,Plein jour,En agglomération,Hors intersection,Normale,Autre collision,,,,,,,,,,,1,2,1,1,6.0
201600013513,0016-02-06 13:00:00,16,2,6,13,0,130,5,FOCH (COURS MARECHAL),43.29263,5.56744,Plein jour,En agglomération,Hors intersection,Normale,Autre collision,,,,,,,,,,,1,2,1,1,6.0
201600013514,0016-02-08 18:55:00,16,2,8,18,55,130,70,VOLTAIRE (BOULEVARD),43.28269,5.53029,Plein jour,Hors agglomération,Hors intersection,Normale,Deux véhicules - côté,,,,,,,,,,,1,1,1,1,3.0
201600013515,0016-02-11 09:40:00,16,2,11,9,40,130,5,"1, BONNES NOUVELLES (CH.",43.29161,5.59042,Plein jour,En agglomération,Hors intersection,Normale,Autre collision,,,,,,,,,,,1,2,1,1,6.0
201600013516,0016-02-12 21:25:00,16,2,12,21,25,130,5,RN 96 (ROUTE NATIONALE ),43.32578,5.59384,Nuit avec éclairage allumé,Hors agglomération,Hors intersection,Normale,Sans collision,,,,,,,,,,,5,1,1,1,7.0
201600013517,0016-02-16 13:55:00,16,2,16,13,55,130,5,CD 2 (CAMP MAJOR),43.29421,5.55705,Plein jour,En agglomération,Hors intersection,Normale,Autre collision,,,,,,,,,,,1,2,1,1,6.0
201600013518,0016-02-19 15:25:00,16,2,19,15,25,130,5,"123, FLEURIDE (AVENUE DE",43.283,5.60461,Plein jour,En agglomération,Hors intersection,Normale,Autre collision,,,,,,,,,,,1,2,1,1,6.0
201600013519,0016-02-19 15:55:00,16,2,19,15,55,130,5,CONDAMINE (TRAVERSE DE L,43.31992,5.58533,Plein jour,En agglomération,Intersection en T,Normale,Deux véhicules - côté,,,,,,,,,,,1,2,3,1,3.0
201600013520,0016-02-20 10:30:00,16,2,20,10,30,130,5,1330 D8N,43.28445,5.54696,Plein jour,En agglomération,Intersection en T,Normale,Deux véhicules - côté,,,,,,,,,,,1,2,3,1,3.0
201600013521,0016-02-20 18:30:00,16,2,20,18,30,130,5,"965, BEAUDINARD (ROUTE D",43.3047,5.57888,Nuit avec éclairage allumé,Hors agglomération,Hors intersection,Normale,Deux véhicules - frontale,,,,,,,,,,,5,1,1,1,1.0
201600013522,0016-02-26 08:30:00,16,2,26,8,30,130,5,RN 8,43.28391,5.59362,Plein jour,En agglomération,Giratoire,Normale,Deux véhicules - côté,,,,,,,,,,,1,2,6,1,3.0
201600013523,0016-02-28 14:10:00,16,2,28,14,10,130,5,"32, SALENGRO (AVENUE ROG",43.2996,5.56934,Plein jour,En agglomération,Hors intersection,Temps couvert,Autre collision,,,,,,,,,,,1,2,1,8,6.0
201600013524,0016-03-07 10:25:00,16,3,7,10,25,130,5,"0, CAMP DE SARLIER ROUTE",43.29622,5.58356,Plein jour,En agglomération,Giratoire,Normale,Sans collision,,,,,,,,,,,1,2,6,1,7.0
201600013525,0016-03-10 17:30:00,16,3,10,17,30,130,5,SALENGRO (AVENUE ROGER),43.30365,5.57199,Plein jour,En agglomération,Hors intersection,Normale,Autre collision,,,,,,,,,,,1,2,1,1,6.0
201600013526,0016-03-19 20:00:00,16,3,19,20,0,130,5,LAGUNAS (AVENUE SIMON),43.29313,5.56322,Nuit avec éclairage allumé,En agglomération,Hors intersection,Normale,Autre collision,,,,,,,,,,,5,2,1,1,6.0
201600013527,0016-03-22 07:40:00,16,3,22,7,40,130,5,GEMENOS*(ROUTE DE CD2),,,Plein jour,Hors agglomération,Hors intersection,Normale,Autre collision,,,,,,,,,,,1,1,1,1,6.0
201600013528,0016-03-23 06:25:00,16,3,23,6,25,130,5,BOYER (AVENUE ANTIDE*,43.29482,5.56268,Plein jour,En agglomération,Hors intersection,Normale,Autre collision,,,,,,,,,,,1,2,1,1,6.0
201600013529,0016-03-31 08:20:00,16,3,31,8,20,130,5,THUILIERE (CHEMIN DE LA,43.29897,5.53503,Plein jour,En agglomération,Intersection en T,Normale,Autre collision,,,,,,,,,,,1,2,3,1,6.0
201600013530,0016-03-31 09:30:00,16,3,31,9,30,130,5,BAUMONE (AVENUE DE LA ),43.29815,5.59693,Plein jour,Hors agglomération,Hors intersection,Normale,Deux véhicules - côté,,,,,,,,,,,1,1,1,1,3.0
201600013531,0016-04-04 16:40:00,16,4,4,16,40,130,5,VERDUN (AVENUE DE),43.28902,5.57291,Plein jour,En agglomération,Intersection en T,Normale,Deux véhicules - côté,,,,,,,,,,,1,2,3,1,3.0
201600013532,0016-04-08 04:50:00,16,4,8,4,50,130,5,"750, BLANCARD (PROMENADE",43.29729,5.56531,Nuit avec éclairage allumé,En agglomération,Hors intersection,Normale,Deux véhicules - côté,,,,,,,,,,,5,2,1,1,3.0
201600013533,0016-04-08 14:00:00,16,4,8,14,0,130,5,RD 559 A (ROUTE DE LA BE,,,Plein jour,En agglomération,Hors intersection,Normale,Autre collision,,,,,,,,,,,1,2,1,1,6.0
201600013534,0016-04-12 18:02:00,16,4,12,18,2,130,5,REPUBLIQUE (RUE DE LA),43.29112,5.56974,Plein jour,En agglomération,Intersection en T,Normale,Deux véhicules - frontale,,,,,,,,,,,1,2,3,1,1.0
201600013535,0016-04-19 18:40:00,16,4,19,18,40,130,5,"1, NAPOLLON (ROUTE DE)",43.31636,5.58122,Plein jour,En agglomération,Intersection en T,Normale,Autre collision,,,,,,,,,,,1,2,3,1,6.0
201600013536,0016-04-20 20:00:00,16,4,20,20,0,130,5,"11, GAMBETTA (BOULEVARD)",43.28991,5.57325,Plein jour,En agglomération,Intersection en T,Normale,Deux véhicules - côté,,,,,,,,,,,1,2,3,1,3.0
201600013537,0016-04-21 06:45:00,16,4,21,6,45,130,5,DIX NEUF MARS 1962 (AVE,43.28809,5.57182,Plein jour,En agglomération,Intersection en X,Normale,Deux véhicules - côté,,,,,,,,,,,1,2,2,1,3.0
201600013538,0016-04-20 18:30:00,16,4,20,18,30,130,5,"11, VERDUN (AVENUE DE)",43.28885,5.57318,Plein jour,En agglomération,Hors intersection,Normale,Autre collision,,,,,,,,,,,1,2,1,1,6.0
201600013539,0016-04-24 10:05:00,16,4,24,10,5,130,70,"64, VOLTAIRE (BOULEVARD)",43.28179,5.51212,Plein jour,En agglomération,Hors intersection,Normale,Deux véhicules - arrière,,,,,,,,,,,1,2,1,1,2.0
201600013540,0016-04-26 13:00:00,16,4,26,13,0,130,5,"0, GOUMS (AVENUE DES)",,,Plein jour,En agglomération,Hors intersection,Normale,Autre collision,,,,,,,,,,,1,2,1,1,6.0
201600013541,0016-04-29 08:20:00,16,4,29,8,20,130,5,"0, RUISSATEL (CHEMIN DE)",43.30881,5.54616,Plein jour,Hors agglomération,Intersection en T,Normale,Trois véhicules et plus - collisions multiples,,,,,,,,,,,1,1,3,1,5.0
201600013542,0016-05-01 14:15:00,16,5,1,14,15,130,5,".0, EOURES (ROUTE D')",43.30719,5.55128,Plein jour,Hors agglomération,Hors intersection,Normale,Deux véhicules - frontale,,,,,,,,,,,1,1,1,1,1.0
201600013543,0016-04-29 12:20:00,16,4,29,12,20,130,5,CD 2 (CAMP MAJOR),43.28811,5.52413,Plein jour,Hors agglomération,Hors intersection,Normale,Deux véhicules - arrière,,,,,,,,,,,1,1,1,1,2.0
201600013544,0016-05-03 13:00:00,16,5,3,13,0,130,5,"3220, GEMENOS (ROUTE DE",43.29765,5.60756,Plein jour,Hors agglomération,Hors intersection,Normale,Deux véhicules - côté,,,,,,,,,,,1,1,1,1,3.0
201600013545,0016-05-03 18:00:00,16,5,3,18,0,130,5,"0, BARTHELEMY (RUE DU DR",43.29558,5.56822,Plein jour,En agglomération,Intersection en X,Normale,Autre collision,,,,,,,,,,,1,2,2,1,6.0
201600013546,0016-05-05 16:15:00,16,5,5,16,15,130,5,Résidence Khamisis,43.2953,5.54885,Plein jour,Hors agglomération,Hors intersection,Normale,Autre collision,,,,,,,,,,,1,1,1,1,6.0
201600013547,0016-05-06 08:45:00,16,5,6,8,45,130,5,"29, VERDUN (AVENUE DE)",43.2879,5.57803,Plein jour,En agglomération,Hors intersection,Normale,Deux véhicules - côté,,,,,,,,,,,1,2,1,1,3.0
201600013548,0016-05-12 12:20:00,16,5,12,12,20,130,5,RN 96 (ROUTE NATIONALE ),43.32583,5.59444,Plein jour,En agglomération,Hors intersection,Normale,Deux véhicules - frontale,,,,,,,,,,,1,2,1,1,1.0
201600013549,0016-05-18 08:50:00,16,5,18,8,50,130,5,RN 96 (ROUTE NATIONALE ),43.30806,5.5758,Plein jour,En agglomération,Hors intersection,Normale,Autre collision,,,,,,,,,,,1,2,1,1,6.0
201600013550,0016-05-24 16:40:00,16,5,24,16,40,130,5,AVELANEDE (CHEMIN DE***,43.28765,5.58718,Plein jour,En agglomération,Intersection en T,Normale,Deux véhicules - côté,,,,,,,,,,,1,2,3,1,3.0