accident_id,datetime,annee,mois,jour,heure,minute,departement,commune_insee,adresse,latitude,longitude,luminosite,agglomeration,intersection,meteo,collision,nb_vehicules,nb_usagers,nb_indemnes,nb_tues,nb_blesses_hosp,nb_blesses_legers,age_cond_1,age_cond_2,veh_type_cond_1,veh_type_cond_2,lum_code,agg_code,int_code,atm_code,col_code
201600013551,0016-05-30 18:20:00,16,5,30,18,20,130,5,"2801, EOURES (ROUTE D')",43.30881,5.544,Plein jour,Hors agglomération,Hors intersection,Normale,Deux véhicules - frontale,,,,,,,,,,,1,1,1,1,1.0
201600013552,0016-06-04 21:50:00,16,6,4,21,50,130,5,"980, NATIONALE 8",43.28367,5.54069,Nuit avec éclairage allumé,En agglomération,Hors intersection,Normale,Deux véhicules - côté,,,,,,,,,,,5,2,1,1,3.0
201600013553,0016-06-05 12:50:00,16,6,5,12,50,130,5,CD 2 (CAMP MAJOR),43.28806,5.54498,Plein jour,En agglomération,Hors intersection,Normale,Autre collision,,,,,,,,,,,1,2,1,1,6.0
201600013554,0016-06-05 22:35:00,16,6,5,22,35,130,5,45 PLANQUE (CHEMIN DE LA,43.29462,5.57328,Nuit avec éclairage allumé,En agglomération,Hors intersection,Normale,Deux véhicules - frontale,,,,,,,,,,,5,2,1,1,1.0
201600013555,0016-06-06 16:20:00,16,6,6,16,20,130,5,"1, MARIN BLANC (AVENUE D",43.28505,5.59546,Plein jour,En agglomération,Intersection en T,Normale,Deux véhicules - côté,,,,,,,,,,,1,2,3,1,3.0
201600013556,0016-06-13 20:00:00,16,6,13,20,0,130,5,"0, CEINTURE DE CAMPS MAJ",43.29802,5.57928,Plein jour,En agglomération,Hors intersection,Normale,Autre collision,,,,,,,,,,,1,2,1,1,6.0
201600013557,0016-06-23 18:10:00,16,6,23,18,10,130,5,"1124, PALUDS (AVENUE DES",43.29084,5.59472,Plein jour,En agglomération,Hors intersection,Normale,Deux véhicules - côté,,,,,,,,,,,1,2,1,1,3.0
201600013558,0016-06-23 20:35:00,16,6,23,20,35,130,5,"3280, CD 2 (CAMP MAJOR)",43.28808,5.52204,Plein jour,Hors agglomération,Hors intersection,Normale,Deux véhicules - côté,,,,,,,,,,,1,1,1,1,3.0
201600013559,0016-06-26 20:45:00,16,6,26,20,45,130,5,GEMENOS (ROUTE DE CD2),43.29627,5.58282,Plein jour,Hors agglomération,Hors intersection,Normale,Deux véhicules - côté,,,,,,,,,,,1,1,1,1,3.0
201600013560,0016-06-29 12:30:00,16,6,29,12,30,130,70,"281, VOLTAIRE (BOULEVARD",43.28196,5.52569,Plein jour,En agglomération,Hors intersection,Normale,Autre collision,,,,,,,,,,,1,2,1,1,6.0
201600013561,0016-07-02 10:30:00,16,7,2,10,30,130,5,QUARTIER VAUX (CHEMIN DU,43.28081,5.56741,Plein jour,Hors agglomération,Hors intersection,Normale,Deux véhicules - arrière,,,,,,,,,,,1,1,1,1,2.0
201600013562,0016-07-04 08:30:00,16,7,4,8,30,130,5,"596, RN 8",43.285,5.5907,Plein jour,Hors agglomération,Hors intersection,Normale,Deux véhicules - côté,,,,,,,,,,,1,1,1,1,3.0
201600013563,0016-07-05 08:15:00,16,7,5,8,15,130,5,"2060, RN 396 (ROUTE NATI",43.31137,5.60442,Plein jour,Hors agglomération,Hors intersection,Normale,Deux véhicules - arrière,,,,,,,,,,,1,1,1,1,2.0
201600013564,0016-07-06 17:20:00,16,7,6,17,20,130,5,NATIONALE 8,43.28722,5.58323,Plein jour,En agglomération,Hors intersection,Normale,Deux véhicules - arrière,,,,,,,,,,,1,2,1,1,2.0
201600013565,0016-07-09 19:15:00,16,7,9,19,15,130,5,GRAND PIN VERT (CHEMIN D,43.31223,5.56335,Plein jour,Hors agglomération,Intersection en X,Normale,Deux véhicules - côté,,,,,,,,,,,1,1,2,1,3.0
201600013566,0016-07-10 17:45:00,16,7,10,17,45,130,70,"13, ROUSSEAU (BOULEVARD",43.27977,5.51642,Plein jour,En agglomération,Hors intersection,Normale,Autre collision,,,,,,,,,,,1,2,1,1,6.0
201600013567,0016-07-16 21:30:00,16,7,16,21,30,130,5,"1040, QUARTIER VAUX (CHE",43.28223,5.57132,Plein jour,En agglomération,Hors intersection,Normale,Deux véhicules - frontale,,,,,,,,,,,1,2,1,1,1.0
201600013568,0016-07-18 08:11:00,16,7,18,8,11,130,5,"1, RN 96 (ROUTE NATIONAL",43.32306,5.58933,Plein jour,Hors agglomération,Hors intersection,Normale,Trois véhicules et plus - en chaîne,,,,,,,,,,,1,1,1,1,4.0
201600013569,0016-07-28 08:45:00,16,7,28,8,45,130,5,"1, NATIONALE 8 DE PARIS",43.28234,5.60243,Plein jour,En agglomération,Autre intersection,Normale,Deux véhicules - côté,,,,,,,,,,,1,2,9,1,3.0
201600013570,0016-07-31 21:00:00,16,7,31,21,0,130,5,"9, ARC (AVENUE JEANNE D'",43.29521,5.56679,Plein jour,En agglomération,Hors intersection,Normale,Deux véhicules - arrière,,,,,,,,,,,1,2,1,1,2.0
201600013571,0016-08-01 15:20:00,16,8,1,15,20,130,5,"1, GARLABAN (AVENUE DU)",43.3007,5.57063,Plein jour,En agglomération,Hors intersection,Normale,Sans collision,,,,,,,,,,,1,2,1,1,7.0
201600013572,0016-08-04 21:30:00,16,8,4,21,30,130,5,CD 2 (CAMP MAJOR),43.29245,5.5557,Nuit avec éclairage allumé,En agglomération,Intersection en T,Normale,Deux véhicules - frontale,,,,,,,,,,,5,2,3,1,1.0
201600013573,0016-08-05 17:45:00,16,8,5,17,45,130,5,"1124, PALUDS (AVENUE DES",43.2912,5.59404,Plein jour,En agglomération,Autre intersection,Normale,Deux véhicules - côté,,,,,,,,,,,1,2,9,1,3.0
201600013574,0016-08-06 09:35:00,16,8,6,9,35,130,5,"1300, RD 43 C",43.30996,5.59301,Plein jour,Hors agglomération,Hors intersection,Normale,Deux véhicules - arrière,,,,,,,,,,,1,1,1,1,2.0
201600013575,0016-08-02 08:00:00,16,8,2,8,0,130,5,"0, GEMENOS (ROUTE DE CD2",43.29817,5.59691,Plein jour,Hors agglomération,Giratoire,Normale,Deux véhicules - côté,,,,,,,,,,,1,1,6,1,3.0
201600013576,0016-08-08 17:15:00,16,8,8,17,15,130,5,"61, REPUBLIQUE (RUE DE L",43.291,5.56993,Plein jour,En agglomération,Hors intersection,Normale,Autre collision,,,,,,,,,,,1,2,1,1,6.0
201600013577,0016-08-10 17:00:00,16,8,10,17,0,130,5,PAGNOL (AVENUE MARCEL),43.29649,5.5696,Plein jour,En agglomération,Intersection en T,Normale,Deux véhicules - frontale,,,,,,,,,,,1,2,3,1,1.0
201600013578,0016-08-12 09:45:00,16,8,12,9,45,130,5,"0, PAGNOL (AVENUE MARCEL",43.2959,5.5714,Plein jour,En agglomération,Intersection en X,Normale,Deux véhicules - côté,,,,,,,,,,,1,2,2,1,3.0
201600013579,0016-08-13 10:40:00,16,8,13,10,40,130,5,"0, PAGNOL (AVENUE MARCEL",43.29592,5.57145,Plein jour,En agglomération,Intersection en X,Normale,Deux véhicules - côté,,,,,,,,,,,1,2,2,1,3.0
201600013580,0016-08-19 13:30:00,16,8,19,13,30,130,5,1178-1186 D96,43.31267,5.57802,Plein jour,En agglomération,Intersection en T,Normale,Deux véhicules - côté,,,,,,,,,,,1,2,3,1,3.0
201600013581,0016-08-23 12:30:00,16,8,23,12,30,130,5,"35, RD 559 A (ROUTE DE L",43.28761,5.57916,Plein jour,En agglomération,Intersection en Y,Normale,Autre collision,,,,,,,,,,,1,2,4,1,6.0
201600013582,0016-08-25 22:20:00,16,8,25,22,20,130,5,"1, GEMENOS (ROUTE DE CD2",,,Nuit avec éclairage allumé,Hors agglomération,Autre intersection,Normale,Autre collision,,,,,,,,,,,5,1,9,1,6.0
201600013583,0016-09-01 11:00:00,16,9,1,11,0,130,5,"0, GOUMS (AVENUE DES",43.29217,5.56187,Plein jour,En agglomération,Hors intersection,Normale,Autre collision,,,,,,,,,,,1,2,1,1,6.0
201600013584,0016-09-04 18:15:00,16,9,4,18,15,130,5,"0, GARLABAN (AVENUE DU)",43.30057,5.5711,Plein jour,En agglomération,Hors intersection,Normale,Deux véhicules - côté,,,,,,,,,,,1,2,1,1,3.0
201600013585,0016-08-27 11:10:00,16,8,27,11,10,130,5,MERMOZ (RUE JEAN),43.28788,5.57219,Plein jour,En agglomération,Hors intersection,Normale,Autre collision,,,,,,,,,,,1,2,1,1,6.0
201600013586,0016-09-06 08:10:00,16,9,6,8,10,130,5,"1, RN 96 (ROUTE NATIONAL",43.30708,5.57474,Plein jour,En agglomération,Hors intersection,Normale,Deux véhicules - côté,,,,,,,,,,,1,2,1,1,3.0
201600013587,0016-09-12 10:30:00,16,9,12,10,30,130,5,CHEMIN DE L'AVELANEDE,43.28766,5.58714,Plein jour,En agglomération,Intersection en X,Normale,Deux véhicules - côté,,,,,,,,,,,1,2,2,1,3.0
201600013588,0016-09-12 13:30:00,16,9,12,13,30,130,5,"1, REPUBLIQUE (RUE DE LA",43.29643,5.37405,Plein jour,En agglomération,Passage à niveau,Normale,Autre collision,,,,,,,,,,,1,2,8,1,6.0
201600013589,0016-09-27 19:30:00,16,9,27,19,30,130,5,AMITIE (AVENUE DE L'),43.28142,5.55022,Crépuscule ou aube,En agglomération,Hors intersection,Pluie légère,Autre collision,,,,,,,,,,,2,2,1,2,6.0
201600013590,0016-09-28 13:30:00,16,9,28,13,30,130,5,"1, CD 2 (CAMP MAJOR)",43.28711,5.53435,Plein jour,Hors agglomération,Intersection en T,Normale,Deux véhicules - côté,,,,,,,,,,,1,1,3,1,3.0
201600013591,0016-10-10 22:15:00,16,10,10,22,15,130,5,"1, VOLTAIRE (COURS)",43.29439,5.568,Nuit avec éclairage allumé,En agglomération,Hors intersection,Normale,Autre collision,,,,,,,,,,,5,2,1,1,6.0
201600013592,0016-10-13 16:00:00,16,10,13,16,0,130,5,PAIX (AVENUE DE LA ),43.27996,5.55138,Plein jour,En agglomération,Hors intersection,Temps couvert,Deux véhicules - frontale,,,,,,,,,,,1,2,1,8,1.0
201600013593,0016-10-14 12:35:00,16,10,14,12,35,130,5,RN 8,43.28629,5.58733,Plein jour,Hors agglomération,Hors intersection,Pluie légère,Deux véhicules - côté,,,,,,,,,,,1,1,1,2,3.0
201600013594,0016-10-21 18:30:00,16,10,21,18,30,130,5,Z.I. DES PALUDS,43.28193,5.60583,Nuit avec éclairage allumé,En agglomération,Hors intersection,Normale,Deux véhicules - arrière,,,,,,,,,,,5,2,1,1,2.0
201600013595,0016-10-26 19:40:00,16,10,26,19,40,130,70,"1, GARE (BOULEVARD DE LA",43.28193,5.51504,Nuit avec éclairage allumé,En agglomération,Intersection en X,Normale,Deux véhicules - côté,,,,,,,,,,,5,2,2,1,3.0
201600013596,0016-10-28 16:10:00,16,10,28,16,10,130,70,"1, ANTONETTI (AVENUE)",43.28686,5.51433,Plein jour,En agglomération,Hors intersection,Normale,Deux véhicules - frontale,,,,,,,,,,,1,2,1,1,1.0
201600013597,0016-10-29 15:20:00,16,10,29,15,20,130,5,"13, FOCH*(COURS MARECHAL",43.2935,5.56741,Plein jour,En agglomération,Hors intersection,Normale,Autre collision,,,,,,,,,,,1,2,1,1,6.0
201600013598,0016-11-03 08:55:00,16,11,3,8,55,130,5,"1, CD 2 (CAMP MAJOR)",43.28783,5.52122,Plein jour,Hors agglomération,Hors intersection,Normale,Deux véhicules - arrière,,,,,,,,,,,1,1,1,1,2.0
201600013599,0016-11-03 15:40:00,16,11,3,15,40,130,5,"0, DIX NEUF MARS 1962 (A",43.28806,5.5718,Plein jour,En agglomération,Hors intersection,Normale,Deux véhicules - frontale,,,,,,,,,,,1,2,1,1,1.0
201600013600,0016-11-04 19:00:00,16,11,4,19,0,130,5,"0, RN 8",43.28666,5.58583,Nuit avec éclairage allumé,En agglomération,Hors intersection,Normale,Deux véhicules - côté,,,,,,,,,,,5,2,1,1,3.0
201600013601,0016-11-08 11:25:00,16,11,8,11,25,130,70,"7, GARE (BOULEVARD DE LA",43.28244,5.51503,Plein jour,En agglomération,Hors intersection,Normale,Deux véhicules - côté,,,,,,,,,,,1,2,1,1,3.0
201600013602,0016-11-09 18:30:00,16,11,9,18,30,130,5,RD 96 DEPARTEMENTALE,43.30557,5.57291,Nuit avec éclairage allumé,Hors agglomération,Hors intersection,Normale,Deux véhicules - frontale,,,,,,,,,,,5,1,1,1,1.0
201600013603,0016-11-11 17:20:00,16,11,11,17,20,130,5,"0, RN 396 (ROUTE NATIONA",43.31979,5.59441,Crépuscule ou aube,Hors agglomération,Hors intersection,Vent fort / tempête,Autre collision,,,,,,,,,,,2,1,1,6,6.0
201600013604,0016-11-12 18:50:00,16,11,12,18,50,130,5,RD 43 C,43.30512,5.5921,Nuit avec éclairage allumé,En agglomération,Hors intersection,Normale,Autre collision,,,,,,,,,,,5,2,1,1,6.0
201600013605,0016-11-14 09:35:00,16,11,14,9,35,130,5,"22, VERDUN (AVENUE DE)",43.28784,5.58157,Plein jour,En agglomération,Intersection en T,Pluie légère,Deux véhicules - côté,,,,,,,,,,,1,2,3,2,3.0
201600013606,0016-11-17 20:10:00,16,11,17,20,10,130,5,"99, REPUBLIQUE (RUE DE L",43.28941,5.57254,Nuit avec éclairage allumé,En agglomération,Intersection en X,Normale,Deux véhicules - côté,,,,,,,,,,,5,2,2,1,3.0
201600013607,0016-11-19 15:05:00,16,11,19,15,5,130,5,"301, LONGUELANCE (CHEMIN",43.30957,5.57481,Plein jour,En agglomération,Hors intersection,Normale,Deux véhicules - côté,,,,,,,,,,,1,2,1,1,3.0
201600013608,0016-11-23 08:30:00,16,11,23,8,30,130,5,"309, PALUDS (AVENUE DES)",43.28712,5.60153,Plein jour,En agglomération,Hors intersection,Normale,Autre collision,,,,,,,,,,,1,2,1,1,6.0
201600013609,0016-12-02 11:45:00,16,12,2,11,45,130,5,RN 8,43.28632,5.58691,Plein jour,En agglomération,Hors intersection,Normale,Deux véhicules - arrière,,,,,,,,,,,1,2,1,1,2.0
201600013610,0016-12-03 12:54:00,16,12,3,12,54,130,5,"1, GEMENOS (ROUTE DE CD2",43.29474,5.57387,Plein jour,En agglomération,Hors intersection,Normale,Deux véhicules - côté,,,,,,,,,,,1,2,1,1,3.0
201600013611,0016-12-01 12:05:00,16,12,1,12,5,130,70,"78, VOLTAIRE (BOULEVARD)",43.28169,5.515,Plein jour,En agglomération,Intersection en T,Normale,Deux véhicules - côté,,,,,,,,,,,1,2,3,1,3.0
201600013612,0016-12-06 15:30:00,16,12,6,15,30,130,5,SALENGRO (AVENUE ROGER),43.30114,5.57018,Plein jour,En agglomération,Hors intersection,Normale,Autre collision,,,,,,,,,,,1,2,1,1,6.0
201600013613,0016-12-07 16:10:00,16,12,7,16,10,130,5,RN 8,43.2848,5.59206,Plein jour,En agglomération,Hors intersection,Normale,Deux véhicules - côté,,,,,,,,,,,1,2,1,1,3.0
201600013614,0016-12-09 19:30:00,16,12,9,19,30,130,5,NATIONALE 8,43.28436,5.54598,Nuit avec éclairage allumé,En agglomération,Intersection en X,Normale,Deux véhicules - frontale,,,,,,,,,,,5,2,2,1,1.0
201600013615,0016-12-15 19:15:00,16,12,15,19,15,130,5,AUBES (CHEMIN DES),43.29814,5.57582,Nuit avec éclairage allumé,En agglomération,Intersection en T,Pluie légère,Deux véhicules - côté,,,,,,,,,,,5,2,3,2,3.0
201600013616,0016-12-18 15:00:00,16,12,18,15,0,130,5,COMBES (BOULEVARD EMILE),43.28949,5.56739,Plein jour,En agglomération,Hors intersection,Normale,Deux véhicules - côté,,,,,,,,,,,1,2,1,1,3.0
201600013617,0016-12-21 17:25:00,16,12,21,17,25,130,5,"1, GEMENOS (ROUTE DE CD2",43.29472,5.5739,Nuit avec éclairage allumé,En agglomération,Hors intersection,Normale,Deux véhicules - arrière,,,,,,,,,,,5,2,1,1,2.0
201600013618,0016-12-22 15:35:00,16,12,22,15,35,130,5,PAIX (AVENUE DE LA ),43.28462,5.54847,Plein jour,En agglomération,Hors intersection,Normale,Deux véhicules - arrière,,,,,,,,,,,1,2,1,1,2.0
201600013619,0016-12-25 13:00:00,16,12,25,13,0,130,5,SOLLANS (CHEMIN DES),43.30605,5.57283,Plein jour,En agglomération,Intersection en T,Normale,Deux véhicules - côté,,,,,,,,,,,1,2,3,1,3.0
201600013620,0016-12-28 23:00:00,16,12,28,23,0,130,5,,,,Nuit avec éclairage allumé,En agglomération,Hors intersection,Normale,Autre collision,,,,,,,,,,,5,2,1,1,6.0
201600013621,0016-01-07 13:50:00,16,1,7,13,50,130,28,"NS, ROVARCH (AVENUE PIER",43.19202,5.60486,Plein jour,En agglomération,Giratoire,Normale,Deux véhicules - arrière,,,,,,,,,,,1,2,6,1,2.0
201600013622,0016-01-07 17:45:00,16,1,7,17,45,130,28,PUITS DE BRUNET (CHEMIN,43.18726,5.5998,Nuit avec éclairage allumé,En agglomération,Hors intersection,Normale,Autre collision,,,,,,,,,,,5,2,1,1,6.0
201600013623,0016-01-10 13:00:00,16,1,10,13,0,130,28,"63, GASSION (AVENUE*FERN",43.1824,5.60533,Plein jour,En agglomération,Hors intersection,Normale,Deux véhicules - côté,,,,,,,,,,,1,2,1,1,3.0
201600013624,0016-01-12 15:05:00,16,1,12,15,5,130,28,"623, CAMUSSO (AVENUE MAR",43.17906,5.59147,Plein jour,En agglomération,Hors intersection,Normale,Autre collision,,,,,,,,,,,1,2,1,1,6.0
201600013625,0016-01-13 20:45:00,16,1,13,20,45,130,28,"108, AUBANEL (AVENUE THE",43.189,5.62731,Nuit sans éclairage public,En agglomération,Hors intersection,Normale,Deux véhicules - arrière,,,,,,,,,,,3,2,1,1,2.0
201600013626,0016-01-14 07:10:00,16,1,14,7,10,130,28,Rond-point DE LATTRE DE,43.18987,5.60359,Crépuscule ou aube,En agglomération,Giratoire,Pluie légère,Deux véhicules - côté,,,,,,,,,,,2,2,6,2,3.0
201600013627,0016-01-17 18:00:00,16,1,17,18,0,130,28,BODIN (AVENUE EMILE),43.19438,5.59988,Nuit sans éclairage public,En agglomération,Intersection en T,Normale,Deux véhicules - côté,,,,,,,,,,,3,2,3,1,3.0
201600013628,0016-01-20 17:27:00,16,1,20,17,27,130,28,DULAC (AVENUE GUILLAUME),43.18981,5.60906,Plein jour,En agglomération,Intersection en T,Normale,Deux véhicules - côté,,,,,,,,,,,1,2,3,1,3.0
201600013629,0016-01-21 13:10:00,16,1,21,13,10,130,28,"427, MEDITERRANNEE (AVEN",43.19059,5.61379,Plein jour,En agglomération,Hors intersection,Normale,Deux véhicules - côté,,,,,,,,,,,1,2,1,1,3.0
201600013630,0016-01-21 13:30:00,16,1,21,13,30,130,28,RIPERT (AVENUE EMILE),43.1895,5.61676,Plein jour,En agglomération,Intersection en T,Normale,Deux véhicules - frontale,,,,,,,,,,,1,2,3,1,1.0
201600013631,0016-01-27 01:20:00,16,1,27,1,20,130,28,"500, PETIT ROUMAGOUA*(CH",43.19816,5.60751,Nuit avec éclairage allumé,En agglomération,Hors intersection,Normale,Deux véhicules - frontale,,,,,,,,,,,5,2,1,1,1.0
201600013632,0016-01-28 09:20:00,16,1,28,9,20,130,28,RIPERT (AVENUE EMILE),43.19125,5.61775,Plein jour,En agglomération,Hors intersection,Normale,Deux véhicules - arrière,,,,,,,,,,,1,2,1,1,2.0
201600013633,0016-02-01 08:30:00,16,2,1,8,30,130,28,"13, MARINE (AVENUE DE L",43.18121,5.60178,Plein jour,En agglomération,Hors intersection,Normale,Sans collision,,,,,,,,,,,1,2,1,1,7.0
201600013634,0016-02-04 10:30:00,16,2,4,10,30,130,28,"NS, CD 559",43.1824,5.66955,Plein jour,En agglomération,Hors intersection,Normale,Deux véhicules - arrière,,,,,,,,,,,1,2,1,1,2.0
201600013635,0016-02-04 13:30:00,16,2,4,13,30,130,28,"NS, LIOUQUET (CORNICHE D",43.18076,5.67182,Plein jour,Hors agglomération,Intersection en T,Normale,Deux véhicules - côté,,,,,,,,,,,1,1,3,1,3.0
201600013636,0016-02-04 16:20:00,16,2,4,16,20,130,28,SUBILIA (AVENUE ERNEST),43.18302,5.61265,Plein jour,En agglomération,Intersection en X,Normale,Autre collision,,,,,,,,,,,1,2,2,1,6.0
201600013637,0016-02-05 08:40:00,16,2,5,8,40,130,28,"NS, FERRY (AVENUE JULES",43.18376,5.6003,Plein jour,En agglomération,Hors intersection,Normale,Autre collision,,,,,,,,,,,1,2,1,1,6.0
201600013638,0016-02-05 09:13:00,16,2,5,9,13,130,28,1 Bld FRANCE ANATOL,43.17374,5.6104,Plein jour,En agglomération,Hors intersection,Normale,Autre collision,,,,,,,,,,,1,2,1,1,6.0
201600013639,0016-02-06 13:20:00,16,2,6,13,20,130,28,"2152, CD 559 (CHEMIN DEP",43.20243,5.58914,Plein jour,Hors agglomération,Hors intersection,Normale,Deux véhicules - frontale,,,,,,,,,,,1,1,1,1,1.0
201600013640,0016-02-10 10:15:00,16,2,10,10,15,130,28,"1150, ROUMANILLE (AVENUE",43.20114,5.62334,Plein jour,En agglomération,Hors intersection,Temps couvert,Autre collision,,,,,,,,,,,1,2,1,8,6.0
201600013641,0016-02-11 00:15:00,16,2,11,0,15,130,28,"NS, Rond Point DULAC/ROV",43.19253,5.60945,Nuit avec éclairage allumé,En agglomération,Giratoire,Normale,Deux véhicules - côté,,,,,,,,,,,5,2,6,1,3.0
201600013642,0016-02-22 11:00:00,16,2,22,11,0,130,28,"NS, Rond Point DULAC/ROV",43.19246,5.60952,Plein jour,En agglomération,Giratoire,Temps couvert,Deux véhicules - côté,,,,,,,,,,,1,2,6,8,3.0
201600013643,0016-02-23 18:10:00,16,2,23,18,10,130,28,"205, BODIN (AVENUE EMILE",43.18708,5.60627,Nuit sans éclairage public,En agglomération,Hors intersection,Vent fort / tempête,Deux véhicules - côté,,,,,,,,,,,3,2,1,6,3.0
201600013644,0016-02-24 20:07:00,16,2,24,20,7,130,28,"NS, BILLOUX (AVENUE FRAN",43.17875,5.59748,Crépuscule ou aube,En agglomération,Intersection en X,Normale,Deux véhicules - frontale,,,,,,,,,,,2,2,2,1,1.0
201600013645,0016-02-26 10:00:00,16,2,26,10,0,130,28,"85, SAINT JEAN (AVENUE D",43.18886,5.63382,Plein jour,En agglomération,Hors intersection,Normale,Deux véhicules - arrière,,,,,,,,,,,1,2,1,1,2.0
201600013646,0016-02-28 01:30:00,16,2,28,1,30,130,28,FRANCE (BOULEVARD ANATOL,43.17344,5.61084,Nuit avec éclairage allumé,En agglomération,Hors intersection,Pluie forte,Deux véhicules - côté,,,,,,,,,,,5,2,1,3,3.0
201600013647,0016-03-02 08:10:00,16,3,2,8,10,130,28,"53, SAINT JEAN (AVENUE D",43.18886,5.63382,Plein jour,En agglomération,Hors intersection,Normale,Deux véhicules - frontale,,,,,,,,,,,1,2,1,1,1.0
201600013648,0016-03-05 14:10:00,16,3,5,14,10,130,28,"100, PETIT ROUMAGOUA (CH",43.19522,5.61023,Plein jour,Hors agglomération,Hors intersection,Normale,Deux véhicules - côté,,,,,,,,,,,1,1,1,1,3.0
201600013649,0016-03-09 18:30:00,16,3,9,18,30,130,28,"2277, BODIN (AVENUE EMIL",43.20551,5.58736,Plein jour,Hors agglomération,Hors intersection,Normale,Deux véhicules - frontale,,,,,,,,,,,1,1,1,1,1.0
201600013650,0016-03-10 18:00:00,16,3,10,18,0,130,28,"NS, RIPERT (AVENUE EMILE",43.1918,5.61789,Plein jour,En agglomération,Giratoire,Normale,Deux véhicules - arrière,,,,,,,,,,,1,2,6,1,2.0
201600013651,0016-03-13 13:50:00,16,3,13,13,50,130,28,Rond-point DE LATTRE DE,43.18987,5.60359,Plein jour,En agglomération,Giratoire,Temps couvert,Trois véhicules et plus - en chaîne,,,,,,,,,,,1,2,6,8,4.0
201600013652,0016-03-14 11:10:00,16,3,14,11,10,130,28,"54, FONTSAINTE (AVENUE D",43.1895,5.63521,Plein jour,En agglomération,Hors intersection,Normale,Deux véhicules - côté,,,,,,,,,,,1,2,1,1,3.0
201600013653,0016-03-19 14:50:00,16,3,19,14,50,130,28,MULET (PROMENADE FRANCOI,43.1783,5.61129,Plein jour,En agglomération,Hors intersection,Normale,Deux véhicules - arrière,,,,,,,,,,,1,2,1,1,2.0
201600013654,0016-03-23 17:00:00,16,3,23,17,0,130,28,"851, DULAC (AVENUE GUILL",43.1928,5.60945,Plein jour,En agglomération,Hors intersection,Normale,Deux véhicules - côté,,,,,,,,,,,1,2,1,1,3.0
201600013655,0016-03-26 15:40:00,16,3,26,15,40,130,28,MIREILLE (AVENUE),43.18924,5.63457,Plein jour,En agglomération,Intersection en T,Normale,Trois véhicules et plus - en chaîne,,,,,,,,,,,1,2,3,1,4.0
201600013656,0016-04-11 14:30:00,16,4,11,14,30,130,28,"1, FRANCE (BOULEVARD ANA",43.1736,5.61016,Plein jour,En agglomération,Giratoire,Normale,Deux véhicules - côté,,,,,,,,,,,1,2,6,1,3.0
201600013657,0016-04-13 14:20:00,16,4,13,14,20,130,28,SERPOLET (AVENUE DU),43.20246,5.59858,Plein jour,En agglomération,Intersection en T,Normale,Deux véhicules - frontale,,,,,,,,,,,1,2,3,1,1.0
201600013658,0016-04-15 08:35:00,16,4,15,8,35,130,28,CD 559 (CHEMIN DEPARTEME,43.19069,5.64122,Plein jour,En agglomération,Hors intersection,Normale,Deux véhicules - frontale,,,,,,,,,,,1,2,1,1,1.0
201600013659,0016-04-18 19:30:00,16,4,18,19,30,130,28,ROUMANILLE (AVENUE JOSEP,43.20422,5.62645,Plein jour,Hors agglomération,Intersection en T,Normale,Deux véhicules - frontale,,,,,,,,,,,1,1,3,1,1.0
201600013660,0016-04-18 21:30:00,16,4,18,21,30,130,28,Rond-point de la locomot,43.19202,5.60487,Nuit avec éclairage allumé,En agglomération,Giratoire,Normale,Deux véhicules - côté,,,,,,,,,,,5,2,6,1,3.0
201600013661,0016-04-19 16:40:00,16,4,19,16,40,130,28,Rond-point DE LATTRE DE,43.18994,5.60405,Plein jour,Hors agglomération,Giratoire,Normale,Deux véhicules - côté,,,,,,,,,,,1,1,6,1,3.0
201600013662,0016-04-25 12:00:00,16,4,25,12,0,130,28,Rond-point des*messageri,43.17375,5.60595,Plein jour,En agglomération,Giratoire,Normale,Deux véhicules - frontale,,,,,,,,,,,1,2,6,1,1.0
201600013663,0016-04-27 14:30:00,16,4,27,14,30,130,28,CD 559 (CHEMIN DEPARTEME,43.18528,5.6617,Plein jour,Hors agglomération,Intersection en X,Normale,Deux véhicules - arrière,,,,,,,,,,,1,1,2,1,2.0
201600013664,0016-05-04 08:00:00,16,5,4,8,0,130,28,753  ANTIOPE (VOIE ),43.20793,5.60725,Plein jour,En agglomération,Hors intersection,Normale,Deux véhicules - frontale,,,,,,,,,,,1,2,1,1,1.0
201600013665,0016-05-04 18:40:00,16,5,4,18,40,130,28,"483, GASSION (AVENUE FER",43.18098,5.60523,Plein jour,En agglomération,Hors intersection,Normale,Deux véhicules - frontale,,,,,,,,,,,1,2,1,1,1.0
201600013666,0016-05-04 20:00:00,16,5,4,20,0,130,28,DULAC**AVENUE GUILLAUME),43.19069,5.60902,Plein jour,En agglomération,Giratoire,Normale,Deux véhicules - frontale,,,,,,,,,,,1,2,6,1,1.0
201600013667,0016-05-08 15:30:00,16,5,8,15,30,130,28,FONTSAINTE (AVENUE DE),43.19062,5.63854,Plein jour,En agglomération,Hors intersection,Normale,Trois véhicules et plus - en chaîne,,,,,,,,,,,1,2,1,1,4.0
201600013668,0016-05-12 09:50:00,16,5,12,9,50,130,28,SANGNIER (AVENUE MARC),43.17214,5.59886,Plein jour,En agglomération,Intersection en X,Normale,Deux véhicules - côté,,,,,,,,,,,1,2,2,1,3.0
201600013669,0016-05-15 14:45:00,16,5,15,14,45,130,28,"66, DULAC (AVENUE GUILLA",43.18635,5.60802,Plein jour,En agglomération,Intersection en T,Normale,Deux véhicules - frontale,,,,,,,,,,,1,2,3,1,1.0
201600013670,0016-05-16 16:15:00,16,5,16,16,15,130,28,"2182, BODIN (AVENUE EMIL",43.20231,5.58889,Plein jour,Hors agglomération,Hors intersection,Normale,Trois véhicules et plus - collisions multiples,,,,,,,,,,,1,1,1,1,5.0