accident_id,datetime,annee,mois,jour,heure,minute,departement,commune_insee,adresse,latitude,longitude,luminosite,agglomeration,intersection,meteo,collision,nb_vehicules,nb_usagers,nb_indemnes,nb_tues,nb_blesses_hosp,nb_blesses_legers,age_cond_1,age_cond_2,veh_type_cond_1,veh_type_cond_2,lum_code,agg_code,int_code,atm_code,col_code
201600014029,0016-02-02 08:00:00,16,2,2,8,0,130,2,"282, 7 RMENT DE TIRAILLE",43.3383,5.47626,Plein jour,En agglomération,Hors intersection,Normale,Deux véhicules - côté,,,,,,,,,,,1,2,1,1,3.0
201600014030,0016-02-03 08:40:00,16,2,3,8,40,130,55,"50, ROMAIN ROLLAND (BOUL",43.27988,5.42465,Plein jour,En agglomération,Intersection en T,Normale,Deux véhicules - frontale,,,,,,,,,,,1,2,3,1,1.0
201600014031,0016-02-03 17:30:00,16,2,3,17,30,130,55,**ALEX. FLEMING (BOULE,43.31662,5.39695,Plein jour,En agglomération,Hors intersection,Normale,Autre collision,,,,,,,,,,,1,2,1,1,6.0
201600014032,0016-02-04 00:57:00,16,2,4,0,57,130,55,"85, PARADIS (RUE)",43.29053,5.378,Nuit avec éclairage allumé,En agglomération,Intersection en X,Normale,Deux véhicules - côté,,,,,,,,,,,5,2,2,1,3.0
201600014033,0016-02-03 13:30:00,16,2,3,13,30,130,55,"36, GEORGE (RUE)",43.2967,5.3978,Plein jour,En agglomération,Hors intersection,Normale,Deux véhicules - côté,,,,,,,,,,,1,2,1,1,3.0
201600014034,0016-02-04 08:50:00,16,2,4,8,50,130,55,"200, PAUL CLAUDEL (BOULE",43.26804,5.4177,Plein jour,En agglomération,Hors intersection,Normale,Sans collision,,,,,,,,,,,1,2,1,1,7.0
201600014035,0016-02-04 14:10:00,16,2,4,14,10,130,55,ALEX. FLEMING *BOULEVARD,43.31656,5.39677,Plein jour,En agglomération,Hors intersection,Normale,Deux véhicules - arrière,,,,,,,,,,,1,2,1,1,2.0
201600014036,0016-02-04 14:00:00,16,2,4,14,0,130,55,"320, REDON (BOULEVARD DU",43.24539,5.4266,Plein jour,En agglomération,Hors intersection,Normale,Trois véhicules et plus - collisions multiples,,,,,,,,,,,1,2,1,1,5.0
201600014037,0016-02-04 17:30:00,16,2,4,17,30,130,55,"8, BOSPHORE (BOULEVARD D",43.37287,5.36545,Crépuscule ou aube,En agglomération,Hors intersection,Normale,Deux véhicules - côté,,,,,,,,,,,2,2,1,1,3.0
201600014038,0016-02-04 18:00:00,16,2,4,18,0,130,55,"18, REPUBLIQUE (RUE DE L",43.29729,5.37337,Crépuscule ou aube,En agglomération,Hors intersection,Normale,Autre collision,,,,,,,,,,,2,2,1,1,6.0
201600014039,0016-02-03 15:30:00,16,2,3,15,30,130,55,"24, REPUBLIQUE (RUE DE L",43.30099,5.37021,Plein jour,En agglomération,Hors intersection,Normale,Autre collision,,,,,,,,,,,1,2,1,1,6.0
201600014040,0016-01-21 16:30:00,16,1,21,16,30,130,55,"54, CHUTES LAVI (AVENUE)",43.31188,5.39611,Plein jour,En agglomération,Hors intersection,Normale,Deux véhicules - arrière,,,,,,,,,,,1,2,1,1,2.0
201600014041,0016-01-28 19:30:00,16,1,28,19,30,130,55,FRANCIS CHIRAT (PLACE),43.3012,5.36729,Plein jour,En agglomération,Hors intersection,Normale,Autre collision,,,,,,,,,,,1,2,1,1,6.0
201600014042,0016-02-05 07:20:00,16,2,5,7,20,130,55,"38, VERDILLON (RUE)",43.27556,5.42399,Plein jour,En agglomération,Hors intersection,Normale,Deux véhicules - côté,,,,,,,,,,,1,2,1,1,3.0
201600014043,0016-02-05 09:40:00,16,2,5,9,40,130,55,"54, ROUET (RUE DU)",43.28109,5.38936,Plein jour,En agglomération,Intersection en X,Normale,Deux véhicules - côté,,,,,,,,,,,1,2,2,1,3.0
201600014044,0016-02-04 11:45:00,16,2,4,11,45,130,55,"9, FRANOIS MIGNET**AVEN",43.32981,5.42745,Plein jour,En agglomération,Hors intersection,Normale,Autre collision,,,,,,,,,,,1,2,1,1,6.0
201600014045,0016-02-05 11:50:00,16,2,5,11,50,130,55,"325, MAZARGUES (AVENUE D",43.26086,5.39383,Plein jour,En agglomération,Hors intersection,Normale,Deux véhicules - côté,,,,,,,,,,,1,2,1,1,3.0
201600014046,0016-02-05 14:15:00,16,2,5,14,15,130,55,"00, FLORIAN ( ROND POINT",43.28565,5.4254,Plein jour,En agglomération,Hors intersection,Normale,Deux véhicules - côté,,,,,,,,,,,1,2,1,1,3.0
201600014047,0016-02-05 20:10:00,16,2,5,20,10,130,55,ALEX. FLEMING (BOULEVARD,,,Nuit avec éclairage allumé,En agglomération,Hors intersection,Normale,Deux véhicules - côté,,,,,,,,,,,5,2,1,1,3.0
201600014048,0016-02-05 18:10:00,16,2,5,18,10,130,55,"7, GARIBALDI (BOULEVARD)",43.29697,5.38114,Nuit avec éclairage allumé,En agglomération,Hors intersection,Normale,Deux véhicules - frontale,,,,,,,,,,,5,2,1,1,1.0
201600014049,0016-02-06 07:00:00,16,2,6,7,0,130,55,"50, FORTUN CHAILLAN ***",43.3659,5.35725,Nuit sans éclairage public,En agglomération,Hors intersection,Normale,Deux véhicules - frontale,,,,,,,,,,,3,2,1,1,1.0
201600014050,0016-01-13 09:30:00,16,1,13,9,30,130,55,"170, CORNICHE KENNEDY",43.27813,5.35501,Plein jour,En agglomération,Hors intersection,Normale,Deux véhicules - côté,,,,,,,,,,,1,2,1,1,3.0
201600014051,0016-01-07 18:45:00,16,1,7,18,45,130,55,"110, CORDERIE (BOULEVARD",43.29009,5.36776,Crépuscule ou aube,En agglomération,Hors intersection,Normale,Deux véhicules - côté,,,,,,,,,,,2,2,1,1,3.0
201600014052,0016-01-27 11:00:00,16,1,27,11,0,130,55,"24, FRANOISE DUPARC (BO",43.30169,5.40071,Plein jour,En agglomération,Intersection en T,Normale,Deux véhicules - arrière,,,,,,,,,,,1,2,3,1,2.0
201600014053,0016-02-06 16:20:00,16,2,6,16,20,130,55,"30, BARA (BOULEVARD)",43.35157,5.44033,Plein jour,En agglomération,Hors intersection,Normale,Trois véhicules et plus - en chaîne,,,,,,,,,,,1,2,1,1,4.0
201600014054,0016-02-06 21:30:00,16,2,6,21,30,130,55,ROVE (ROUTE DU),43.35808,5.28727,Nuit avec éclairage allumé,Hors agglomération,Intersection en T,Normale,Deux véhicules - côté,,,,,,,,,,,5,1,3,1,3.0
201600014055,0016-02-06 23:20:00,16,2,6,23,20,130,55,"2, PARIS (BOULEVARD DE)",43.30565,5.37259,Nuit avec éclairage allumé,En agglomération,Hors intersection,Pluie légère,Deux véhicules - côté,,,,,,,,,,,5,2,1,2,3.0
201600014056,0016-02-02 11:50:00,16,2,2,11,50,130,55,"141, TIMONE (AVENUE DE L",43.28643,5.40826,Plein jour,En agglomération,Hors intersection,Normale,Deux véhicules - arrière,,,,,,,,,,,1,2,1,1,2.0
201600014057,0016-02-07 14:20:00,16,2,7,14,20,130,55,"1, SAINT JEAN DU DESERT",43.3033,5.43787,Plein jour,En agglomération,Intersection en T,Normale,Deux véhicules - côté,,,,,,,,,,,1,2,3,1,3.0
201600014058,0016-02-07 15:00:00,16,2,7,15,0,130,55,"00, FLORIAN (ROND POINT",43.28567,5.42557,Plein jour,En agglomération,Intersection en T,Normale,Deux véhicules - côté,,,,,,,,,,,1,2,3,1,3.0
201600014059,0016-02-01 18:45:00,16,2,1,18,45,130,55,"76, JEANNE D'ARC (BOULEV",43.29305,5.4052,Nuit avec éclairage allumé,En agglomération,Hors intersection,Normale,Deux véhicules - côté,,,,,,,,,,,5,2,1,1,3.0
201600014060,0016-11-11 18:30:00,16,11,11,18,30,130,55,"6, GAROUTTE (BOULEVARD)",,,Nuit avec éclairage allumé,En agglomération,Hors intersection,Pluie légère,Deux véhicules - côté,,,,,,,,,,,5,2,1,2,3.0
201600014061,0016-02-07 19:45:00,16,2,7,19,45,130,55,"04, FOLLEREAU (BOULEVARD",43.29269,5.44565,Nuit avec éclairage allumé,En agglomération,Hors intersection,Normale,Deux véhicules - côté,,,,,,,,,,,5,2,1,1,3.0
201600014062,0016-02-02 09:00:00,16,2,2,9,0,130,55,DOCTEUR ESCAT (RUE),43.28322,5.38121,Plein jour,En agglomération,Hors intersection,Normale,Deux véhicules - côté,,,,,,,,,,,1,2,1,1,3.0
201600014063,0016-02-07 14:15:00,16,2,7,14,15,130,55,"347, CHATEAU GOMBERT CHE",43.3517,5.43376,Plein jour,En agglomération,Intersection en T,Normale,Deux véhicules - frontale,,,,,,,,,,,1,2,3,1,1.0
201600014064,0016-01-31 14:00:00,16,1,31,14,0,130,55,CORNICHE KENNEDY,43.27724,5.35683,Plein jour,En agglomération,Hors intersection,Normale,Trois véhicules et plus - en chaîne,,,,,,,,,,,1,2,1,1,4.0
201600014065,0016-02-08 12:15:00,16,2,8,12,15,130,55,"00, FLORIAN ( ROND POINT",43.28582,5.42555,Plein jour,En agglomération,Hors intersection,Normale,Deux véhicules - côté,,,,,,,,,,,1,2,1,1,3.0
201600014066,0016-02-05 03:50:00,16,2,5,3,50,130,55,"74, NATIONAL*(BOULEVARD)",43.30581,5.38374,Nuit avec éclairage allumé,En agglomération,Hors intersection,Normale,Autre collision,,,,,,,,,,,5,2,1,1,6.0
201600014067,0016-02-09 00:50:00,16,2,9,0,50,130,55,"19, SAKAKINI (BOULEVARD)",43.29771,5.40095,Nuit avec éclairage allumé,Hors agglomération,Hors intersection,Normale,Deux véhicules - arrière,,,,,,,,,,,5,1,1,1,2.0
201600014068,0016-02-09 11:00:00,16,2,9,11,0,130,55,268 SAINTE MARTHE *CHEMI,43.33347,5.39063,Plein jour,En agglomération,Hors intersection,Normale,Deux véhicules - frontale,,,,,,,,,,,1,2,1,1,1.0
201600014069,0016-02-09 15:30:00,16,2,9,15,30,130,55,"00, BOIS LUZY (AVENUE DE",43.31144,5.42288,Plein jour,En agglomération,Intersection en X,Normale,Deux véhicules - frontale,,,,,,,,,,,1,2,2,1,1.0
201600014070,0016-02-09 20:45:00,16,2,9,20,45,130,55,"26, EMILE ZOLA (RUE)",43.24764,5.40034,Nuit avec éclairage allumé,En agglomération,Hors intersection,Pluie légère,Sans collision,,,,,,,,,,,5,2,1,2,7.0
201600014071,0016-02-10 07:00:00,16,2,10,7,0,130,55,"144, LYON (RUE DE)",43.32804,5.36596,Plein jour,En agglomération,Hors intersection,Normale,Sans collision,,,,,,,,,,,1,2,1,1,7.0
201600014072,0016-02-10 20:10:00,16,2,10,20,10,130,55,"338, MAZARGUES (AVENUE D",43.26016,5.39399,Nuit avec éclairage allumé,Hors agglomération,Hors intersection,Normale,Deux véhicules - côté,,,,,,,,,,,5,1,1,1,3.0
201600014073,0016-02-10 08:10:00,16,2,10,8,10,130,55,"00, SAKAKINI (BOULEVARD)",43.29738,5.40063,Plein jour,En agglomération,Hors intersection,Normale,Deux véhicules - frontale,,,,,,,,,,,1,2,1,1,1.0
201600014074,0016-02-11 12:20:00,16,2,11,12,20,130,55,SALVADOR ALLENDE (RUE),43.33006,5.39672,Plein jour,En agglomération,Hors intersection,Normale,Sans collision,,,,,,,,,,,1,2,1,1,7.0
201600014075,0016-02-11 18:10:00,16,2,11,18,10,130,55,MARCHE D'IN (AVENUE),43.29395,5.38779,Crépuscule ou aube,En agglomération,Hors intersection,Normale,Sans collision,,,,,,,,,,,2,2,1,1,7.0
201600014076,0016-02-11 22:30:00,16,2,11,22,30,130,55,"23, AVIATEUR LE BRIX (RU",43.25927,5.40064,Nuit avec éclairage allumé,En agglomération,Hors intersection,Normale,Deux véhicules - côté,,,,,,,,,,,5,2,1,1,3.0
201600014077,0016-02-12 10:15:00,16,2,12,10,15,130,55,"79, ROMAIN ROLLAND (BOUL",43.27917,5.42289,Plein jour,En agglomération,Hors intersection,Pluie légère,Deux véhicules - côté,,,,,,,,,,,1,2,1,2,3.0
201600014078,0016-02-12 10:30:00,16,2,12,10,30,130,55,"413, MICHELET (BOULEVARD",43.25262,5.40253,Plein jour,En agglomération,Hors intersection,Pluie légère,Autre collision,,,,,,,,,,,1,2,1,2,6.0
201600014079,0016-02-12 11:45:00,16,2,12,11,45,130,55,"000, SALVADOR ALLENDE (R",43.3299,5.40668,Plein jour,En agglomération,Hors intersection,Pluie forte,Autre collision,,,,,,,,,,,1,2,1,3,6.0
201600014080,0016-02-13 11:30:00,16,2,13,11,30,130,55,"55, MORGIOU (CHEMIN DE)",43.24388,5.40598,Plein jour,En agglomération,Hors intersection,Normale,Autre collision,,,,,,,,,,,1,2,1,1,6.0
201600014081,0016-02-13 11:00:00,16,2,13,11,0,130,55,"1, AUPHAN (RUE)",43.31679,5.37571,Plein jour,En agglomération,Hors intersection,Pluie légère,Autre collision,,,,,,,,,,,1,2,1,2,6.0
201600014082,0016-02-12 20:00:00,16,2,12,20,0,130,55,LE CHATELIER,43.34875,5.37145,Nuit avec éclairage non allumé,En agglomération,Hors intersection,Normale,Autre collision,,,,,,,,,,,4,2,1,1,6.0
201600014083,0016-02-13 16:15:00,16,2,13,16,15,130,2,"00, ALLAUCH A PICHAURIS",43.36523,5.54274,Plein jour,En agglomération,Hors intersection,Temps éblouissant,Deux véhicules - côté,,,,,,,,,,,1,2,1,7,3.0
201600014084,0016-02-12 19:25:00,16,2,12,19,25,130,55,"255, MADRAGUE VILLE (RUE",43.33359,5.3584,Crépuscule ou aube,Hors agglomération,Intersection en T,Normale,Autre collision,,,,,,,,,,,2,1,3,1,6.0
201600014085,0016-02-14 03:00:00,16,2,14,3,0,130,55,"208, GIBBES (CHEMIN DE)",43.32696,5.38427,Nuit avec éclairage allumé,En agglomération,Intersection en T,Temps couvert,Deux véhicules - frontale,,,,,,,,,,,5,2,3,8,1.0
201600014086,0016-02-14 05:00:00,16,2,14,5,0,130,55,"1, JEAN PAUL SARTRE (AVE",43.32453,5.42109,Nuit avec éclairage allumé,En agglomération,Hors intersection,Pluie légère,Deux véhicules - côté,,,,,,,,,,,5,2,1,2,3.0
201600014087,0016-02-14 17:50:00,16,2,14,17,50,130,55,"71, LIBERATION (BOULEVAR",43.3009,5.39077,Nuit avec éclairage allumé,En agglomération,Hors intersection,Normale,Deux véhicules - arrière,,,,,,,,,,,5,2,1,1,2.0
201600014088,0016-02-11 10:20:00,16,2,11,10,20,130,55,"540, SAINT PIERRE (RUE)",43.29047,5.42042,Plein jour,Hors agglomération,Hors intersection,Normale,Autre collision,,,,,,,,,,,1,1,1,1,6.0
201600014089,0016-02-14 18:15:00,16,2,14,18,15,130,106,** HAUTE BEDOULE (CHEMI,43.4042,5.35804,Crépuscule ou aube,En agglomération,Hors intersection,Normale,Deux véhicules - côté,,,,,,,,,,,2,2,1,1,3.0
201600014090,0016-02-15 02:20:00,16,2,15,2,20,130,55,"74, CHARTREUX (AVENUE DE",43.30517,5.39919,Nuit avec éclairage allumé,En agglomération,Hors intersection,Normale,Deux véhicules - arrière,,,,,,,,,,,5,2,1,1,2.0
201600014091,0016-01-23 12:30:00,16,1,23,12,30,130,55,"8, FRDRIC MISTRAL (AVE",43.32342,5.44912,Plein jour,En agglomération,Hors intersection,Normale,Autre collision,,,,,,,,,,,1,2,1,1,6.0
201600014092,0016-02-15 22:15:00,16,2,15,22,15,130,55,"35, SAKAKINI *BOULEVARD)",43.2937,5.40153,Nuit avec éclairage allumé,En agglomération,Hors intersection,Normale,Deux véhicules - côté,,,,,,,,,,,5,2,1,1,3.0
201600014093,0016-02-09 19:15:00,16,2,9,19,15,130,55,"397, CORNICHE KENNEDY",43.27071,5.36327,Nuit avec éclairage allumé,En agglomération,Hors intersection,Normale,Trois véhicules et plus - collisions multiples,,,,,,,,,,,5,2,1,1,5.0
201600014094,0016-02-16 08:35:00,16,2,16,8,35,130,75,"134, FREDERIC MISTRAL (A",43.35181,5.47435,Plein jour,En agglomération,Hors intersection,Normale,Autre collision,,,,,,,,,,,1,2,1,1,6.0
201600014095,0016-02-16 12:15:00,16,2,16,12,15,130,55,"00, ORGUES (RUE DES)",43.29988,5.39968,Plein jour,En agglomération,Intersection en X,Normale,Deux véhicules - côté,,,,,,,,,,,1,2,2,1,3.0
201600014096,0016-02-16 15:18:00,16,2,16,15,18,130,55,HENRI BARNIER (BOULEVARD,43.36712,5.34355,Plein jour,En agglomération,Hors intersection,Normale,Sans collision,,,,,,,,,,,1,2,1,1,7.0
201600014097,0016-02-16 16:00:00,16,2,16,16,0,130,55,"21, CAMILLE PELLETAN (AV",43.30343,5.37385,Plein jour,En agglomération,Hors intersection,Normale,Autre collision,,,,,,,,,,,1,2,1,1,6.0
201600014098,0016-02-16 20:00:00,16,2,16,20,0,130,55,"1, (RUE) RAYMONDE MARTIN",43.32791,5.41007,Nuit avec éclairage allumé,En agglomération,Hors intersection,Normale,Autre collision,,,,,,,,,,,5,2,1,1,6.0
201600014099,0016-02-16 21:00:00,16,2,16,21,0,130,55,"280, MICHELET (BOULEVARD",43.2613,5.39744,Nuit avec éclairage allumé,En agglomération,Hors intersection,Normale,Deux véhicules - côté,,,,,,,,,,,5,2,1,1,3.0
201600014100,0016-02-15 16:30:00,16,2,15,16,30,130,55,"23, EDMOND ROSTAND (RUE)",43.28772,5.38059,Plein jour,En agglomération,Intersection en T,Normale,Sans collision,,,,,,,,,,,1,2,3,1,7.0
201600014101,0016-02-17 07:10:00,16,2,17,7,10,130,55,"99, FRDRIC MISTRAL (AV",43.32249,5.45642,Crépuscule ou aube,En agglomération,Hors intersection,Normale,Deux véhicules - côté,,,,,,,,,,,2,2,1,1,3.0
201600014102,0016-02-17 13:30:00,16,2,17,13,30,130,55,"47, FONTAINIEU (CHEMIN D",43.34975,5.37947,Plein jour,En agglomération,Hors intersection,Normale,Sans collision,,,,,,,,,,,1,2,1,1,7.0
201600014103,0016-02-17 16:00:00,16,2,17,16,0,130,55,"104, ALL DE LA GRANDE BA",43.29568,5.43876,Plein jour,En agglomération,Intersection en T,Normale,Autre collision,,,,,,,,,,,1,2,3,1,6.0
201600014104,0016-02-17 19:30:00,16,2,17,19,30,130,55,"155, LIBERATEURS (BOULEV",43.30301,5.45608,Plein jour,En agglomération,Intersection en T,Normale,Deux véhicules - côté,,,,,,,,,,,1,2,3,1,3.0
201600014105,0016-02-17 19:00:00,16,2,17,19,0,130,55,"76, CORDERIE (BOULEVARD",43.29023,5.36878,Nuit sans éclairage public,En agglomération,Hors intersection,Normale,Deux véhicules - frontale,,,,,,,,,,,3,2,1,1,1.0
201600014106,0016-02-17 20:20:00,16,2,17,20,20,130,75,"28, FREDERIC MISTRAL (AV",43.34869,5.46679,Nuit avec éclairage allumé,En agglomération,Hors intersection,Normale,Deux véhicules - frontale,,,,,,,,,,,5,2,1,1,1.0
201600014107,0016-02-18 10:00:00,16,2,18,10,0,130,106,"00, 8 MAI 1945 (AVENUE D",43.39019,5.36264,Plein jour,En agglomération,Intersection en T,Normale,Deux véhicules - côté,,,,,,,,,,,1,2,3,1,3.0
201600014108,0016-02-18 16:30:00,16,2,18,16,30,130,55,GUSTAVES DESPLACES (BOUL,43.30447,5.37859,Plein jour,En agglomération,Place,Normale,Autre collision,,,,,,,,,,,1,2,7,1,6.0
201600014109,0016-02-17 21:15:00,16,2,17,21,15,130,55,"22, (RUE) NEGRESKO",43.26957,5.39003,Nuit avec éclairage allumé,En agglomération,Hors intersection,Normale,Deux véhicules - côté,,,,,,,,,,,5,2,1,1,3.0
201600014110,0016-02-19 10:45:00,16,2,19,10,45,130,55,"121, MAZARGUES (AVENUE D",43.26713,5.38955,Plein jour,En agglomération,Hors intersection,Normale,Deux véhicules - côté,,,,,,,,,,,1,2,1,1,3.0
201600014111,0016-02-03 12:32:00,16,2,3,12,32,130,55,"72, MARCHAL JUIN (BOULE",43.31136,5.40367,Plein jour,En agglomération,Hors intersection,Normale,Sans collision,,,,,,,,,,,1,2,1,1,7.0
201600014112,0016-02-19 18:00:00,16,2,19,18,0,130,55,"00, BD FERDINAND DE LESS",43.32039,5.373,Plein jour,Hors agglomération,Hors intersection,Normale,Autre collision,,,,,,,,,,,1,1,1,1,6.0
201600014113,0016-02-03 09:00:00,16,2,3,9,0,130,55,"39, NOTRE DAME*(BOULEVAR",43.28831,5.37326,Plein jour,En agglomération,Hors intersection,Normale,Deux véhicules - frontale,,,,,,,,,,,1,2,1,1,1.0
201600014114,0016-02-19 17:30:00,16,2,19,17,30,130,55,"48, LE CHATELIER",43.34796,5.3626,Plein jour,En agglomération,Intersection en T,Normale,Deux véhicules - côté,,,,,,,,,,,1,2,3,1,3.0
201600014115,0016-02-20 09:30:00,16,2,20,9,30,130,55,"200, CORNICHE KENNEDY",43.27706,5.35708,Plein jour,En agglomération,Hors intersection,Normale,Trois véhicules et plus - en chaîne,,,,,,,,,,,1,2,1,1,4.0
201600014116,0016-02-20 13:45:00,16,2,20,13,45,130,55,"73, TROIS LUCS (AVENUE",43.31024,5.46366,Plein jour,En agglomération,Hors intersection,Normale,Deux véhicules - côté,,,,,,,,,,,1,2,1,1,3.0
201600014117,0016-02-20 16:10:00,16,2,20,16,10,130,55,"148, LIBERATION (BOULEVA",43.30169,5.39329,Plein jour,En agglomération,Hors intersection,Normale,Autre collision,,,,,,,,,,,1,2,1,1,6.0
201600014118,0016-02-20 21:30:00,16,2,20,21,30,130,55,"00, BASILE BARRELIER (BO",43.33944,5.38938,Nuit avec éclairage allumé,En agglomération,Hors intersection,Normale,Autre collision,,,,,,,,,,,5,2,1,1,6.0
201600014119,0016-02-21 09:40:00,16,2,21,9,40,130,55,"00, COMMANDEUR (TRAVERSE",43.31884,5.46749,Plein jour,En agglomération,Hors intersection,Temps éblouissant,Autre collision,,,,,,,,,,,1,2,1,7,6.0
201600014120,0016-10-20 07:50:00,16,10,20,7,50,130,55,"000, MICHELET (BOULEVARD",43.25509,5.40114,Plein jour,En agglomération,Hors intersection,Normale,Sans collision,,,,,,,,,,,1,2,1,1,7.0
201600014121,0016-02-21 12:30:00,16,2,21,12,30,130,55,"166, CHATEAU GOMBERT CHE",43.34371,5.42169,Plein jour,En agglomération,Hors intersection,Normale,Trois véhicules et plus - collisions multiples,,,,,,,,,,,1,2,1,1,5.0
201600014122,0016-02-21 15:30:00,16,2,21,15,30,130,55,CAP PINEDE (Avenue),43.32834,5.36581,Plein jour,En agglomération,Intersection en T,Normale,Autre collision,,,,,,,,,,,1,2,3,1,6.0
201600014123,0016-02-21 14:15:00,16,2,21,14,15,130,55,"97, OLIVES (AVENUE DES)",43.32753,5.436,Plein jour,En agglomération,Hors intersection,Normale,Deux véhicules - frontale,,,,,,,,,,,1,2,1,1,1.0
201600014124,0016-02-21 19:45:00,16,2,21,19,45,130,55,"00, ARNAVON (AVENUE)",43.33036,5.38091,Nuit avec éclairage allumé,En agglomération,Hors intersection,Normale,Trois véhicules et plus - collisions multiples,,,,,,,,,,,5,2,1,1,5.0
201600014125,0016-02-21 13:45:00,16,2,21,13,45,130,55,"106, CORSE (AVENUE DE LA",43.28935,5.3576,Plein jour,En agglomération,Intersection en X,Normale,Deux véhicules - arrière,,,,,,,,,,,1,2,2,1,2.0
201600014126,0016-02-21 19:00:00,16,2,21,19,0,130,55,"91, POMPIDOU (PROMENADE)",43.26306,5.37408,Plein jour,En agglomération,Hors intersection,Normale,Deux véhicules - côté,,,,,,,,,,,1,2,1,1,3.0
201600014127,0016-02-22 09:50:00,16,2,22,9,50,130,55,"00, CHARLES KADDOUZ (RUE",43.31633,5.43569,Plein jour,En agglomération,Intersection en T,Pluie légère,Deux véhicules - côté,,,,,,,,,,,1,2,3,2,3.0
201600014128,0016-02-22 07:50:00,16,2,22,7,50,130,55,PIERRE DOIZE  (RUE),43.27025,5.42328,Plein jour,En agglomération,Hors intersection,Pluie légère,Deux véhicules - frontale,,,,,,,,,,,1,2,1,2,1.0
201600014129,0016-02-10 12:50:00,16,2,10,12,50,130,55,"159, ROME (RUE DE)",43.28864,5.38235,Plein jour,En agglomération,Intersection en T,Normale,Deux véhicules - côté,,,,,,,,,,,1,2,3,1,3.0
201600014130,0016-02-22 13:30:00,16,2,22,13,30,130,55,CENTRAL (RUE),43.35202,5.43753,Plein jour,En agglomération,Intersection en T,Normale,Deux véhicules - frontale,,,,,,,,,,,1,2,3,1,1.0
201600014131,0016-02-22 12:45:00,16,2,22,12,45,130,55,"30, CARTONNERIE (BOULEVA",43.29166,5.46052,Plein jour,En agglomération,Hors intersection,Temps couvert,Deux véhicules - côté,,,,,,,,,,,1,2,1,8,3.0
201600014132,0016-02-22 15:50:00,16,2,22,15,50,130,55,JEAN PAUL SARTRE (AVENUE,43.32456,5.42112,Plein jour,En agglomération,Hors intersection,Normale,Deux véhicules - côté,,,,,,,,,,,1,2,1,1,3.0
201600014133,0016-02-22 20:15:00,16,2,22,20,15,130,55,"33, FRANOIS MIGNET (AVE",43.33092,5.42786,Nuit avec éclairage allumé,En agglomération,Hors intersection,Normale,Deux véhicules - côté,,,,,,,,,,,5,2,1,1,3.0
201600014134,0016-02-17 12:30:00,16,2,17,12,30,130,55,"02, SAINT ETIENNE (RUE)",43.28554,5.39495,Plein jour,En agglomération,Intersection en T,Normale,Deux véhicules - frontale,,,,,,,,,,,1,2,3,1,1.0
201600014135,0016-02-21 17:30:00,16,2,21,17,30,130,55,"411, PRADO (AVENUE DU)",43.26806,5.38442,Plein jour,En agglomération,Hors intersection,Normale,Trois véhicules et plus - en chaîne,,,,,,,,,,,1,2,1,1,4.0
201600014136,0016-02-23 07:00:00,16,2,23,7,0,130,55,"3, GROGNARDE (AVENUE DE",43.28989,5.43632,Plein jour,En agglomération,Intersection en T,Normale,Autre collision,,,,,,,,,,,1,2,3,1,6.0
201600014137,0016-02-23 07:45:00,16,2,23,7,45,130,55,"105, LIEUTAUD (COURS)",43.2891,5.3841,Plein jour,En agglomération,Intersection en T,Normale,Deux véhicules - côté,,,,,,,,,,,1,2,3,1,3.0
201600014138,0016-02-23 11:45:00,16,2,23,11,45,130,55,"1, BERTHE SYLVA (RUE)",43.32698,5.41937,Plein jour,En agglomération,Hors intersection,Normale,Deux véhicules - arrière,,,,,,,,,,,1,2,1,1,2.0
201600014139,0016-01-29 15:05:00,16,1,29,15,5,130,55,"38, SAINT SEBASTIEN (RUE",43.28443,5.38314,Plein jour,En agglomération,Intersection en X,Normale,Deux véhicules - côté,,,,,,,,,,,1,2,2,1,3.0
201600014140,0016-02-23 13:40:00,16,2,23,13,40,130,55,"136, PAUL CLAUDEL (BOULE",43.26828,5.41357,Plein jour,En agglomération,Hors intersection,Normale,Sans collision,,,,,,,,,,,1,2,1,1,7.0
201600014141,0016-02-22 19:30:00,16,2,22,19,30,130,55,"00, FLORIAN (ROND POINT",43.2857,5.42563,Crépuscule ou aube,En agglomération,Intersection en T,Normale,Deux véhicules - côté,,,,,,,,,,,2,2,3,1,3.0
201600014142,0016-02-23 22:50:00,16,2,23,22,50,130,55,"144, AYGALADES (AVENUE D",43.34336,5.36569,Nuit avec éclairage allumé,En agglomération,Hors intersection,Normale,Sans collision,,,,,,,,,,,5,2,1,1,7.0
201600014143,0016-02-24 07:45:00,16,2,24,7,45,130,55,"00, RABATAU (BOULEVARD)",43.27646,5.3975,Plein jour,En agglomération,Hors intersection,Normale,Deux véhicules - côté,,,,,,,,,,,1,2,1,1,3.0
201600014144,0016-02-15 11:10:00,16,2,15,11,10,130,55,"149, BAILLE (BOULEVARD)",43.28949,5.39653,Plein jour,En agglomération,Hors intersection,Normale,Deux véhicules - arrière,,,,,,,,,,,1,2,1,1,2.0
201600014145,0016-02-24 19:15:00,16,2,24,19,15,130,55,ALEX ANSALDI (RUE),43.33386,5.40226,Nuit avec éclairage allumé,En agglomération,Hors intersection,Normale,Deux véhicules - côté,,,,,,,,,,,5,2,1,1,3.0
201600014146,0016-02-24 19:20:00,16,2,24,19,20,130,55,VALENTINE (ROUTE DE LA),43.29093,5.47302,Nuit avec éclairage allumé,En agglomération,Hors intersection,Normale,Deux véhicules - frontale,,,,,,,,,,,5,2,1,1,1.0
201600014147,0016-02-23 18:45:00,16,2,23,18,45,130,55,"00, LOUIS REGIS (RUE)",43.36311,5.31978,Nuit avec éclairage allumé,En agglomération,Hors intersection,Normale,Deux véhicules - côté,,,,,,,,,,,5,2,1,1,3.0