accident_id,datetime,annee,mois,jour,heure,minute,departement,commune_insee,adresse,latitude,longitude,luminosite,agglomeration,intersection,meteo,collision,nb_vehicules,nb_usagers,nb_indemnes,nb_tues,nb_blesses_hosp,nb_blesses_legers,age_cond_1,age_cond_2,veh_type_cond_1,veh_type_cond_2,lum_code,agg_code,int_code,atm_code,col_code
201600014148,0016-02-25 06:50:00,16,2,25,6,50,130,55,"27, MORETTI (BOULEVARD)",43.32554,5.38044,Crépuscule ou aube,Hors agglomération,Hors intersection,Normale,Deux véhicules - côté,,,,,,,,,,,2,1,1,1,3.0
201600014149,0016-02-07 12:55:00,16,2,7,12,55,130,55,"110, VISTE (AVENUE DE LA",43.35895,5.35764,Plein jour,En agglomération,Hors intersection,Normale,Deux véhicules - côté,,,,,,,,,,,1,2,1,1,3.0
201600014150,0016-02-13 12:40:00,16,2,13,12,40,130,55,JEAN PAUL SARTRE (AVENUE,43.32322,5.41953,Plein jour,En agglomération,Hors intersection,Normale,Trois véhicules et plus - en chaîne,,,,,,,,,,,1,2,1,1,4.0
201600014151,0016-02-19 17:00:00,16,2,19,17,0,130,55,"79, JEANNE D'ARC (BOULEV",43.29328,5.40405,Plein jour,En agglomération,Hors intersection,Normale,Deux véhicules - frontale,,,,,,,,,,,1,2,1,1,1.0
201600014152,0016-02-25 14:00:00,16,2,25,14,0,130,55,"101, MARCHAL DE LATTRE",43.2455,5.41214,Plein jour,En agglomération,Intersection en T,Normale,Trois véhicules et plus - collisions multiples,,,,,,,,,,,1,2,3,1,5.0
201600014153,0016-02-25 14:45:00,16,2,25,14,45,130,55,"23, LAVERAN (BOULEVARD D",43.32604,5.41373,Plein jour,En agglomération,Hors intersection,Normale,Deux véhicules - frontale,,,,,,,,,,,1,2,1,1,1.0
201600014154,0016-02-24 13:00:00,16,2,24,13,0,130,55,"39, LIEUTAUD (COURS)",43.29347,5.3823,Plein jour,En agglomération,Intersection en T,Normale,Deux véhicules - côté,,,,,,,,,,,1,2,3,1,3.0
201600014155,0016-02-25 18:45:00,16,2,25,18,45,130,55,"86, LE CHATELIER",43.34632,5.36611,Crépuscule ou aube,En agglomération,Intersection en X,Normale,Trois véhicules et plus - collisions multiples,,,,,,,,,,,2,2,2,1,5.0
201600014156,0016-02-18 14:30:00,16,2,18,14,30,130,55,"90, JULES ISAAC (RUE)",43.25223,5.40047,Plein jour,En agglomération,Hors intersection,Normale,Deux véhicules - frontale,,,,,,,,,,,1,2,1,1,1.0
201600014157,0016-02-26 09:15:00,16,2,26,9,15,130,55,"4, DUNKERQUE **BOULEVARD",43.30501,5.36719,Plein jour,En agglomération,Hors intersection,Normale,Autre collision,,,,,,,,,,,1,2,1,1,6.0
201600014158,0016-02-18 17:30:00,16,2,18,17,30,130,55,"65, LIEUTAUD (COURS)",43.29069,5.38325,Plein jour,En agglomération,Hors intersection,Normale,Autre collision,,,,,,,,,,,1,2,1,1,6.0
201600014159,0016-02-02 15:25:00,16,2,2,15,25,130,55,"31, JEAN JAURES (PLACE)",43.29521,5.38724,Plein jour,En agglomération,Hors intersection,Normale,Deux véhicules - côté,,,,,,,,,,,1,2,1,1,3.0
201600014160,0016-02-23 07:40:00,16,2,23,7,40,130,55,"24, SCHLOESING (BOULEVAR",43.27568,5.39946,Plein jour,En agglomération,Hors intersection,Normale,Deux véhicules - arrière,,,,,,,,,,,1,2,1,1,2.0
201600014161,0016-02-26 14:00:00,16,2,26,14,0,130,55,"6, CESAR BOY (AVENUE)",43.29682,5.48364,Plein jour,En agglomération,Hors intersection,Normale,Deux véhicules - arrière,,,,,,,,,,,1,2,1,1,2.0
201600014162,0016-02-26 17:00:00,16,2,26,17,0,130,55,"00, TURCAT MERY ALLE (A",43.2804,5.38718,Plein jour,En agglomération,Intersection en X,Normale,Autre collision,,,,,,,,,,,1,2,2,1,6.0
201600014163,0016-02-26 15:30:00,16,2,26,15,30,130,55,"54, LYON (RUE DE)",43.3253,5.36691,Plein jour,En agglomération,Hors intersection,Normale,Deux véhicules - côté,,,,,,,,,,,1,2,1,1,3.0
201600014164,0016-02-26 21:20:00,16,2,26,21,20,130,55,"23, DSIR BIANCO (AVENU",43.28848,5.4253,Nuit avec éclairage allumé,En agglomération,Hors intersection,Pluie légère,Autre collision,,,,,,,,,,,5,2,1,2,6.0
201600014165,0016-02-26 22:40:00,16,2,26,22,40,130,55,"188, RABATAU (BOULEVARD)",43.2815,5.39941,Nuit avec éclairage allumé,En agglomération,Intersection en Y,Pluie légère,Autre collision,,,,,,,,,,,5,2,4,2,6.0
201600014166,0016-02-26 22:50:00,16,2,26,22,50,130,55,"26, ANDRE ZENATTI (AVENU",43.24693,5.38319,Nuit avec éclairage allumé,En agglomération,Hors intersection,Pluie légère,Autre collision,,,,,,,,,,,5,2,1,2,6.0
201600014167,0016-02-26 08:45:00,16,2,26,8,45,130,55,(RUE DE) L'ESCALET,43.35209,5.4158,Plein jour,En agglomération,Intersection en T,Normale,Deux véhicules - côté,,,,,,,,,,,1,2,3,1,3.0
201600014168,0016-02-18 19:22:00,16,2,18,19,22,130,55,"126, CORDERIE (BOULEVARD",43.2899,5.36654,Nuit avec éclairage allumé,En agglomération,Hors intersection,Normale,Autre collision,,,,,,,,,,,5,2,1,1,6.0
201600014169,0016-02-27 11:30:00,16,2,27,11,30,130,55,"69, PASSET (CHEMIN DU)",43.36133,5.33722,Plein jour,En agglomération,Intersection en X,Pluie légère,Deux véhicules - côté,,,,,,,,,,,1,2,2,2,3.0
201600014170,0016-02-26 17:30:00,16,2,26,17,30,130,55,"26, (RUE) RAPHAEL PONSON",43.26564,5.38676,Plein jour,En agglomération,Hors intersection,Normale,Autre collision,,,,,,,,,,,1,2,1,1,6.0
201600014171,0016-02-27 20:40:00,16,2,27,20,40,130,55,"2, LACEPEDE (RUE)",43.30434,5.39751,Nuit avec éclairage allumé,En agglomération,Hors intersection,Pluie forte,Autre collision,,,,,,,,,,,5,2,1,3,6.0
201600014172,0016-02-26 15:15:00,16,2,26,15,15,130,55,"7, GOUFFE (COURS)",43.28663,5.38634,Plein jour,En agglomération,Hors intersection,Normale,Deux véhicules - côté,,,,,,,,,,,1,2,1,1,3.0
201600014173,0016-02-27 17:45:00,16,2,27,17,45,130,55,"18, VALDONNE (AVENUE DE)",43.32444,5.41553,Plein jour,En agglomération,Intersection en T,Pluie légère,Deux véhicules - côté,,,,,,,,,,,1,2,3,2,3.0
201600014174,0016-02-27 19:30:00,16,2,27,19,30,130,55,"353, NATIONAL (BOULEVARD",43.31375,5.37421,Plein jour,En agglomération,Hors intersection,Pluie forte,Sans collision,,,,,,,,,,,1,2,1,3,7.0
201600014175,0016-02-27 21:00:00,16,2,27,21,0,130,55,"260, BAILLE (BOULEVARD)",43.28984,5.39837,Nuit avec éclairage allumé,En agglomération,Hors intersection,Pluie forte,Deux véhicules - arrière,,,,,,,,,,,5,2,1,3,2.0
201600014176,0016-02-28 07:15:00,16,2,28,7,15,130,55,"96, LIBERATION (BOULEVAR",43.3009,5.39084,Nuit avec éclairage allumé,En agglomération,Hors intersection,Pluie forte,Autre collision,,,,,,,,,,,5,2,1,3,6.0
201600014177,0016-02-28 15:20:00,16,2,28,15,20,130,55,"652, LITTORAL (CHEMIN DU",43.35569,5.32765,Plein jour,En agglomération,Hors intersection,Normale,Autre collision,,,,,,,,,,,1,2,1,1,6.0
201600014178,0016-02-28 18:20:00,16,2,28,18,20,130,55,"29, CABOT (BOULEVARD)",43.25963,5.41634,Crépuscule ou aube,En agglomération,Hors intersection,Normale,Autre collision,,,,,,,,,,,2,2,1,1,6.0
201600014179,0016-02-28 21:00:00,16,2,28,21,0,130,55,"00, FLORIAN ( ROND POINT",43.28512,5.4259,Nuit avec éclairage allumé,En agglomération,Intersection en T,Pluie légère,Deux véhicules - côté,,,,,,,,,,,5,2,3,2,3.0
201600014180,0016-02-28 21:15:00,16,2,28,21,15,130,55,"76, LODI (RUE DE)",43.28914,5.38745,Nuit avec éclairage allumé,En agglomération,Intersection en X,Pluie légère,Deux véhicules - côté,,,,,,,,,,,5,2,2,2,3.0
201600014181,0016-02-28 22:30:00,16,2,28,22,30,130,55,"59, MADRAGUE DE MONTREDO",43.23675,5.3627,Nuit avec éclairage allumé,En agglomération,Hors intersection,Pluie légère,Deux véhicules - côté,,,,,,,,,,,5,2,1,2,3.0
201600014182,0016-02-29 11:30:00,16,2,29,11,30,130,55,"10, LIEUTAUD (COURS)",43.29536,5.38169,Plein jour,En agglomération,Hors intersection,Normale,Deux véhicules - frontale,,,,,,,,,,,1,2,1,1,1.0
201600014183,0016-02-29 11:30:00,16,2,29,11,30,130,55,"33, CAPELETTE (AVENUE DE",43.28372,5.40087,Plein jour,En agglomération,Hors intersection,Normale,Deux véhicules - côté,,,,,,,,,,,1,2,1,1,3.0
201600014184,0016-02-29 16:30:00,16,2,29,16,30,130,55,"31, CADE (RUE)",43.33185,5.39205,Plein jour,En agglomération,Hors intersection,Normale,Sans collision,,,,,,,,,,,1,2,1,1,7.0
201600014185,0016-02-29 14:45:00,16,2,29,14,45,130,55,"480, PRADO (AVENUE DU)",43.26662,5.3821,Plein jour,En agglomération,Intersection en T,Normale,Deux véhicules - côté,,,,,,,,,,,1,2,3,1,3.0
201600014186,0016-02-29 17:00:00,16,2,29,17,0,130,55,"28, PADOUANE (BD DE LA )",43.35337,5.36805,Plein jour,En agglomération,Hors intersection,Normale,Trois véhicules et plus - en chaîne,,,,,,,,,,,1,2,1,1,4.0
201600014187,0016-02-29 19:00:00,16,2,29,19,0,130,55,"358, SAINT ANTOINE (AVEN",43.37854,5.35684,Nuit avec éclairage allumé,En agglomération,Hors intersection,Normale,Deux véhicules - arrière,,,,,,,,,,,5,2,1,1,2.0
201600014188,0016-02-29 19:30:00,16,2,29,19,30,130,55,"00, FLORIAN ( ROND POINT",43.28512,5.42589,Nuit avec éclairage allumé,En agglomération,Giratoire,Normale,Deux véhicules - côté,,,,,,,,,,,5,2,6,1,3.0
201600014189,0016-03-01 07:30:00,16,3,1,7,30,130,55,"36, SAINTE MARGUERITE (B",43.26879,5.40354,Plein jour,En agglomération,Hors intersection,Normale,Sans collision,,,,,,,,,,,1,2,1,1,7.0
201600014190,0016-03-01 10:50:00,16,3,1,10,50,130,55,"04, SAINT ANTOINE A SAIN",43.37263,5.35754,Plein jour,En agglomération,Hors intersection,Normale,Trois véhicules et plus - en chaîne,,,,,,,,,,,1,2,1,1,4.0
201600014191,0016-03-01 10:31:00,16,3,1,10,31,130,55,"83, REDON (BOULEVARD DU)",43.2512,5.42205,Plein jour,Hors agglomération,Hors intersection,Normale,Autre collision,,,,,,,,,,,1,1,1,1,6.0
201600014192,0016-03-01 10:40:00,16,3,1,10,40,130,55,"85, FENOUIL (BOULEVARD)",43.3584,5.31946,Plein jour,En agglomération,Hors intersection,Normale,Deux véhicules - côté,,,,,,,,,,,1,2,1,1,3.0
201600014193,0016-02-19 19:20:00,16,2,19,19,20,130,55,"41, AIX (RUE D')",43.30082,5.37522,Nuit avec éclairage allumé,En agglomération,Hors intersection,Normale,Autre collision,,,,,,,,,,,5,2,1,1,6.0
201600014194,0016-03-01 16:15:00,16,3,1,16,15,130,55,"487, JEAN QUEILLAU**RUE)",43.33879,5.38632,Plein jour,Hors agglomération,Hors intersection,Normale,Deux véhicules - côté,,,,,,,,,,,1,1,1,1,3.0
201600014195,0016-02-26 11:00:00,16,2,26,11,0,130,55,"20, (AVENUE DE) CHATEAU",43.33503,5.42064,Plein jour,En agglomération,Hors intersection,Normale,Deux véhicules - côté,,,,,,,,,,,1,2,1,1,3.0
201600014196,0016-03-01 15:35:00,16,3,1,15,35,130,55,"42, MARCHAL FOCH (AVENU",43.30005,5.40066,Plein jour,En agglomération,Hors intersection,Normale,Autre collision,,,,,,,,,,,1,2,1,1,6.0
201600014197,0016-03-01 12:56:00,16,3,1,12,56,130,55,"83, MIREILLE LAUZE (BOUL",43.28314,5.41068,Plein jour,Hors agglomération,Hors intersection,Normale,Autre collision,,,,,,,,,,,1,1,1,1,6.0
201600014198,0016-03-01 21:30:00,16,3,1,21,30,130,55,"138, RUFFI (RUE DE)",43.31573,5.36881,Nuit avec éclairage allumé,En agglomération,Hors intersection,Normale,Autre collision,,,,,,,,,,,5,2,1,1,6.0
201600014199,0016-03-01 08:45:00,16,3,1,8,45,130,55,"157, MICHELET (BOULEVARD",43.26487,5.39561,Plein jour,En agglomération,Hors intersection,Normale,Deux véhicules - côté,,,,,,,,,,,1,2,1,1,3.0
201600014200,0016-03-01 08:45:00,16,3,1,8,45,130,55,"36, COLGATE (TRAVERSE)",43.23436,5.40944,Plein jour,En agglomération,Hors intersection,Normale,Deux véhicules - côté,,,,,,,,,,,1,2,1,1,3.0
201600014201,0016-03-02 10:20:00,16,3,2,10,20,130,55,"58, NEGRESKO (RUE)",43.26913,5.38852,Plein jour,En agglomération,Hors intersection,Normale,Autre collision,,,,,,,,,,,1,2,1,1,6.0
201600014202,0016-03-01 20:00:00,16,3,1,20,0,130,55,"85, CAPELETTE (AVENUE DE",43.28229,5.40308,Nuit avec éclairage allumé,En agglomération,Intersection en T,Normale,Deux véhicules - frontale,,,,,,,,,,,5,2,3,1,1.0
201600014203,0016-03-02 11:35:00,16,3,2,11,35,130,55,"5, VITON (AVENUE)",43.26112,5.40595,Plein jour,En agglomération,Hors intersection,Normale,Deux véhicules - côté,,,,,,,,,,,1,2,1,1,3.0
201600014204,0016-03-01 19:30:00,16,3,1,19,30,130,55,"26, VALBARELLE (BOULEVAR",43.28623,5.44371,Nuit avec éclairage allumé,En agglomération,Hors intersection,Normale,Deux véhicules - côté,,,,,,,,,,,5,2,1,1,3.0
201600014205,0016-02-23 09:05:00,16,2,23,9,5,130,55,"00, JEAN MOULIN (BOULEVA",43.28896,5.40006,Plein jour,En agglomération,Intersection en Y,Normale,Deux véhicules - côté,,,,,,,,,,,1,2,4,1,3.0
201600014206,0016-03-03 08:00:00,16,3,3,8,0,130,55,"12, CORNEILLE (RUE",43.29337,5.37558,Crépuscule ou aube,En agglomération,Hors intersection,Normale,Trois véhicules et plus - collisions multiples,,,,,,,,,,,2,2,1,1,5.0
201600014207,0016-03-01 13:15:00,16,3,1,13,15,130,55,"112, POILUS (AVENUE DES)",43.32417,5.45587,Plein jour,En agglomération,Hors intersection,Normale,Autre collision,,,,,,,,,,,1,2,1,1,6.0
201600014208,0016-02-20 12:00:00,16,2,20,12,0,130,55,"43, OLIVIER (RUE DE L')",43.29463,5.38918,Plein jour,En agglomération,Hors intersection,Normale,Autre collision,,,,,,,,,,,1,2,1,1,6.0
201600014209,0016-02-26 10:40:00,16,2,26,10,40,130,55,"108, LOUBON (RUE)",43.31299,5.38286,Plein jour,En agglomération,Intersection en T,Normale,Autre collision,,,,,,,,,,,1,2,3,1,6.0
201600014210,0016-03-03 20:00:00,16,3,3,20,0,130,55,"218, SAINTE MARGUERITE (",43.2636,5.41069,Nuit avec éclairage allumé,En agglomération,Intersection en T,Normale,Deux véhicules - côté,,,,,,,,,,,5,2,3,1,3.0
201600014211,0016-03-04 15:45:00,16,3,4,15,45,130,55,"44, NEGRESKO (RUE)",43.26932,5.38916,Plein jour,En agglomération,Hors intersection,Normale,Autre collision,,,,,,,,,,,1,2,1,1,6.0
201600014212,0016-03-04 17:50:00,16,3,4,17,50,130,55,"358, SAINT ANTOINE (AVEN",43.37858,5.35685,Plein jour,En agglomération,Hors intersection,Temps couvert,Deux véhicules - côté,,,,,,,,,,,1,2,1,8,3.0
201600014213,0016-03-04 18:20:00,16,3,4,18,20,130,55,SAKAKINI (BOULEVARD),43.29582,5.4002,Plein jour,En agglomération,Intersection en X,Normale,Deux véhicules - côté,,,,,,,,,,,1,2,2,1,3.0
201600014214,0016-03-04 21:15:00,16,3,4,21,15,130,55,"00, FLORIAN ( ROND POINT",43.28576,5.42514,Nuit avec éclairage allumé,En agglomération,Intersection en T,Normale,Deux véhicules - côté,,,,,,,,,,,5,2,3,1,3.0
201600014215,0016-03-04 20:20:00,16,3,4,20,20,130,55,"220, CHARLES KADDOUZ (RU",43.31727,5.43802,Nuit avec éclairage allumé,En agglomération,Hors intersection,Normale,Deux véhicules - côté,,,,,,,,,,,5,2,1,1,3.0
201600014216,0016-03-05 04:00:00,16,3,5,4,0,130,55,"00, RABATAU (BOULEVARD)",43.2804,5.39939,Nuit avec éclairage allumé,En agglomération,Hors intersection,Pluie légère,Autre collision,,,,,,,,,,,5,2,1,2,6.0
201600014217,0016-03-04 15:30:00,16,3,4,15,30,130,55,"4, BAILLE (BOULEVARD)",43.28629,5.38488,Plein jour,En agglomération,Hors intersection,Normale,Deux véhicules - arrière,,,,,,,,,,,1,2,1,1,2.0
201600014218,0016-03-04 16:20:00,16,3,4,16,20,130,55,"245, SAINT MARCEL (BOULE",43.28632,5.46935,Plein jour,En agglomération,Hors intersection,Normale,Autre collision,,,,,,,,,,,1,2,1,1,6.0
201600014219,0016-03-05 05:30:00,16,3,5,5,30,130,55,"00, FRAIS VALLON (AVENUE",43.32515,5.42333,Nuit sans éclairage public,En agglomération,Intersection en X,Pluie forte,Deux véhicules - côté,,,,,,,,,,,3,2,2,3,3.0
201600014220,0016-03-05 12:25:00,16,3,5,12,25,130,55,"103, PARIS (BOULEVARD DE",43.30795,5.37128,Plein jour,En agglomération,Hors intersection,Normale,Trois véhicules et plus - collisions multiples,,,,,,,,,,,1,2,1,1,5.0
201600014221,0016-03-05 21:10:00,16,3,5,21,10,130,55,"07, SEBASTOPOL (PLACE)",43.29967,5.39773,Nuit avec éclairage allumé,En agglomération,Intersection en X,Normale,Deux véhicules - côté,,,,,,,,,,,5,2,2,1,3.0
201600014222,0016-03-05 21:45:00,16,3,5,21,45,130,55,"253, ROMAIN ROLLAND (BOU",43.27374,5.41387,Nuit avec éclairage allumé,En agglomération,Hors intersection,Normale,Deux véhicules - côté,,,,,,,,,,,5,2,1,1,3.0
201600014223,0016-02-15 15:50:00,16,2,15,15,50,130,55,**MORETTI (BOULEVARD),43.32361,5.38664,Plein jour,En agglomération,Hors intersection,Normale,Deux véhicules - côté,,,,,,,,,,,1,2,1,1,3.0
201600014224,0016-02-26 13:25:00,16,2,26,13,25,130,55,"55, SAINT LOUIS (AVENUE",43.34466,5.35937,Plein jour,En agglomération,Hors intersection,Normale,Trois véhicules et plus - en chaîne,,,,,,,,,,,1,2,1,1,4.0
201600014225,0016-03-06 06:45:00,16,3,6,6,45,130,55,"99, AYGALADES (AVENUE DE",43.33584,5.36748,Plein jour,En agglomération,Hors intersection,Normale,Deux véhicules - frontale,,,,,,,,,,,1,2,1,1,1.0
201600014226,0016-03-04 13:30:00,16,3,4,13,30,130,55,"126, LOUBON (RUE)",43.31272,5.38389,Plein jour,En agglomération,Hors intersection,Normale,Deux véhicules - frontale,,,,,,,,,,,1,2,1,1,1.0
201600014227,0016-03-06 09:20:00,16,3,6,9,20,130,55,"121, SAINTE MARTHE (CHEM",43.3252,5.38821,Plein jour,En agglomération,Hors intersection,Normale,Trois véhicules et plus - collisions multiples,,,,,,,,,,,1,2,1,1,5.0
201600014228,0016-03-06 13:30:00,16,3,6,13,30,130,55,"6, JEAN LOMBARD (AVENUE)",43.28956,5.42691,Plein jour,En agglomération,Hors intersection,Normale,Trois véhicules et plus - collisions multiples,,,,,,,,,,,1,2,1,1,5.0
201600014229,0016-03-06 20:30:00,16,3,6,20,30,130,55,"61, ALL DE LA GRANDE BAS",43.2966,5.4383,Nuit avec éclairage allumé,En agglomération,Hors intersection,Normale,Deux véhicules - côté,,,,,,,,,,,5,2,1,1,3.0
201600014230,0016-03-07 00:35:00,16,3,7,0,35,130,55,"00, BERTHE SYLVA (RUE)",43.32693,5.41945,Nuit avec éclairage non allumé,En agglomération,Hors intersection,Normale,Autre collision,,,,,,,,,,,4,2,1,1,6.0
201600014231,0016-03-07 07:10:00,16,3,7,7,10,130,55,"98, CORNICHE KENNEDY",43.28372,5.35005,Plein jour,En agglomération,Hors intersection,Normale,Deux véhicules - côté,,,,,,,,,,,1,2,1,1,3.0
201600014232,0016-03-07 07:30:00,16,3,7,7,30,130,55,"32, GAROUTTE (BOULEVARD)",43.30745,5.41338,Plein jour,En agglomération,Hors intersection,Normale,Deux véhicules - côté,,,,,,,,,,,1,2,1,1,3.0
201600014233,0016-03-03 12:00:00,16,3,3,12,0,130,55,"43, LIEUTAUD (COURS)",43.29406,5.38211,Plein jour,En agglomération,Hors intersection,Normale,Trois véhicules et plus - collisions multiples,,,,,,,,,,,1,2,1,1,5.0
201600014234,0016-03-07 11:30:00,16,3,7,11,30,130,55,"20, FIFI TURIN (RUE)",43.27974,5.41233,Plein jour,En agglomération,Hors intersection,Normale,Sans collision,,,,,,,,,,,1,2,1,1,7.0
201600014235,0016-02-25 19:40:00,16,2,25,19,40,130,55,"146, DE ROUX (BD ET IMPA",43.3071,5.40521,Nuit avec éclairage allumé,En agglomération,Hors intersection,Normale,Deux véhicules - côté,,,,,,,,,,,5,2,1,1,3.0
201600014236,0016-03-07 13:40:00,16,3,7,13,40,130,2,"830, SALVATORE ALLENDE (",43.35198,5.47797,Plein jour,En agglomération,Hors intersection,Normale,Sans collision,,,,,,,,,,,1,2,1,1,7.0
201600014237,0016-03-07 13:30:00,16,3,7,13,30,130,55,"3, SADI CARNOT (PLACE)",43.29934,5.37142,Plein jour,En agglomération,Hors intersection,Normale,Deux véhicules - côté,,,,,,,,,,,1,2,1,1,3.0
201600014238,0016-03-07 13:20:00,16,3,7,13,20,130,55,"98, CHATEAU GOMBERT CHEM",43.34,5.41997,Plein jour,En agglomération,Hors intersection,Normale,Deux véhicules - côté,,,,,,,,,,,1,2,1,1,3.0
201600014239,0016-03-04 10:15:00,16,3,4,10,15,130,55,"118, OLIVES (AVENUE DES)",43.32708,5.43687,Plein jour,En agglomération,Hors intersection,Normale,Deux véhicules - côté,,,,,,,,,,,1,2,1,1,3.0
201600014240,0016-03-08 07:25:00,16,3,8,7,25,130,75,"59, L'ENJOLRAS (AVE DE)",43.33963,5.45508,Plein jour,En agglomération,Intersection en Y,Normale,Deux véhicules - côté,,,,,,,,,,,1,2,4,1,3.0
201600014241,0016-03-08 07:30:00,16,3,8,7,30,130,55,"106, FIFI TURIN (RUE)",43.28333,5.41288,Plein jour,En agglomération,Intersection en T,Normale,Sans collision,,,,,,,,,,,1,2,3,1,7.0
201600014242,0016-02-13 20:45:00,16,2,13,20,45,130,55,"34, CANEBIERE    30 A 68",43.29618,5.37708,Nuit avec éclairage allumé,En agglomération,Hors intersection,Normale,Autre collision,,,,,,,,,,,5,2,1,1,6.0
201600014243,0016-03-08 14:00:00,16,3,8,14,0,130,55,"69, BAILLE (BOULEVARD)",43.28869,5.39403,Plein jour,En agglomération,Hors intersection,Normale,Deux véhicules - côté,,,,,,,,,,,1,2,1,1,3.0
201600014244,0016-03-08 12:30:00,16,3,8,12,30,130,55,"27, DE ROUX (BD ET IMPAS",43.30739,5.40395,Plein jour,En agglomération,Hors intersection,Normale,Deux véhicules - côté,,,,,,,,,,,1,2,1,1,3.0
201600014245,0016-03-08 15:00:00,16,3,8,15,0,130,55,"14, LON GOZLAN (RUE)",43.30546,5.38047,Plein jour,En agglomération,Passage à niveau,Normale,Autre collision,,,,,,,,,,,1,2,8,1,6.0
201600014246,0016-03-07 19:25:00,16,3,7,19,25,130,55,"46, CAPITAINE GEZE (BOUL",43.33064,5.37156,Nuit avec éclairage allumé,En agglomération,Hors intersection,Normale,Deux véhicules - côté,,,,,,,,,,,5,2,1,1,3.0
201600014247,0016-03-08 14:40:00,16,3,8,14,40,130,55,"00, PEYPIN (RUE DE)",43.3256,5.42229,Plein jour,En agglomération,Hors intersection,Normale,Trois véhicules et plus - en chaîne,,,,,,,,,,,1,2,1,1,4.0
201600014248,0016-03-08 18:15:00,16,3,8,18,15,130,55,"107/109, MENDES FRANCE (",43.25779,5.3763,Crépuscule ou aube,En agglomération,Hors intersection,Normale,Deux véhicules - arrière,,,,,,,,,,,2,2,1,1,2.0
201600014249,0016-03-08 18:05:00,16,3,8,18,5,130,55,"00, SCHLOESING (BOULEVAR",43.26933,5.403,Plein jour,En agglomération,Hors intersection,Normale,Deux véhicules - arrière,,,,,,,,,,,1,2,1,1,2.0
201600014250,0016-03-07 16:30:00,16,3,7,16,30,130,55,"47, LIEUTAUD (COURS)",43.2925,5.38262,Plein jour,En agglomération,Intersection en T,Normale,Deux véhicules - côté,,,,,,,,,,,1,2,3,1,3.0
201600014251,0016-02-26 10:45:00,16,2,26,10,45,130,55,"2, PHILIPPON (BOULEVARD)",43.30356,5.39345,Plein jour,En agglomération,Hors intersection,Normale,Sans collision,,,,,,,,,,,1,2,1,1,7.0
201600014252,0016-03-08 09:30:00,16,3,8,9,30,130,55,"218, PARADIS (RUE)",43.28319,5.38111,Plein jour,En agglomération,Intersection en X,Normale,Deux véhicules - côté,,,,,,,,,,,1,2,2,1,3.0
201600014253,0016-02-24 15:15:00,16,2,24,15,15,130,55,"1, BOISSON (BOULEVARD)",43.30324,5.40349,Plein jour,En agglomération,Intersection en T,Normale,Deux véhicules - côté,,,,,,,,,,,1,2,3,1,3.0
201600014254,0016-03-09 10:15:00,16,3,9,10,15,130,55,"148, MAZARGUES (AVENUE D",43.2657,5.39008,Plein jour,En agglomération,Hors intersection,Normale,Autre collision,,,,,,,,,,,1,2,1,1,6.0
201600014255,0016-12-13 15:30:00,16,12,13,15,30,130,55,"30, RIVE NEUVE(QUAI DE)",43.29276,5.36807,Crépuscule ou aube,En agglomération,Hors intersection,Normale,Deux véhicules - côté,,,,,,,,,,,2,2,1,1,3.0
201600014256,0016-03-07 14:30:00,16,3,7,14,30,130,55,"00, CORSE (AVENUE DE LA)",43.28986,5.3663,Plein jour,En agglomération,Intersection en X,Normale,Deux véhicules - côté,,,,,,,,,,,1,2,2,1,3.0
201600014257,0016-03-09 17:00:00,16,3,9,17,0,130,55,"00, CAP PINEDE (Avenue)",43.3415,5.37307,Plein jour,En agglomération,Hors intersection,Normale,Deux véhicules - côté,,,,,,,,,,,1,2,1,1,3.0
201600014258,0016-03-09 22:30:00,16,3,9,22,30,130,55,"85, CAPELETTE (AVENUE DE",43.28228,5.40313,Nuit avec éclairage allumé,En agglomération,Hors intersection,Normale,Autre collision,,,,,,,,,,,5,2,1,1,6.0
201600014259,0016-03-03 06:50:00,16,3,3,6,50,130,55,"1, MALPASSE (AVENUE DE)",43.32166,5.41342,Plein jour,En agglomération,Intersection en T,Normale,Autre collision,,,,,,,,,,,1,2,3,1,6.0
201600014260,0016-03-09 09:00:00,16,3,9,9,0,130,55,"97, FRDRIC MISTRAL (AV",43.2711,5.38495,Plein jour,En agglomération,Hors intersection,Normale,Trois véhicules et plus - en chaîne,,,,,,,,,,,1,2,1,1,4.0
201600014261,0016-03-09 08:00:00,16,3,9,8,0,130,55,"00, SAKAKINI (BOULEVARD)",43.29585,5.40027,Plein jour,En agglomération,Intersection en X,Normale,Autre collision,,,,,,,,,,,1,2,2,1,6.0
201600014262,0016-01-09 14:00:00,16,1,9,14,0,130,55,"99, SAKAKINI**BOULEVARD)",43.29354,5.40153,Plein jour,En agglomération,Intersection en X,Normale,Deux véhicules - arrière,,,,,,,,,,,1,2,2,1,2.0
201600014263,0016-03-09 18:20:00,16,3,9,18,20,130,55,"FACE 39A, POMPIDOU (PROM",43.26565,5.37307,Crépuscule ou aube,En agglomération,Hors intersection,Normale,Deux véhicules - côté,,,,,,,,,,,2,2,1,1,3.0
201600014264,0016-03-10 13:00:00,16,3,10,13,0,130,55,"132, JULES CANTINI (AVEN",43.28065,5.39335,Plein jour,En agglomération,Hors intersection,Normale,Deux véhicules - côté,,,,,,,,,,,1,2,1,1,3.0
201600014265,0016-03-10 16:39:00,16,3,10,16,39,130,55,"125, PRADO (AVENUE DU)",43.28006,5.38737,Plein jour,Hors agglomération,Hors intersection,Normale,Deux véhicules - côté,,,,,,,,,,,1,1,1,1,3.0