accident_id,datetime,annee,mois,jour,heure,minute,departement,commune_insee,adresse,latitude,longitude,luminosite,agglomeration,intersection,meteo,collision,nb_vehicules,nb_usagers,nb_indemnes,nb_tues,nb_blesses_hosp,nb_blesses_legers,age_cond_1,age_cond_2,veh_type_cond_1,veh_type_cond_2,lum_code,agg_code,int_code,atm_code,col_code
201600014266,0016-03-11 13:20:00,16,3,11,13,20,130,55,"41, ALEX ANSALDI (RUE)",43.33351,5.40282,Plein jour,En agglomération,Hors intersection,Normale,Deux véhicules - arrière,,,,,,,,,,,1,2,1,1,2.0
201600014267,0016-03-11 15:02:00,16,3,11,15,2,130,55,"0.530, TUNNEL PRADO SUD",43.27331,5.39238,Plein jour,En agglomération,Hors intersection,Normale,Autre collision,,,,,,,,,,,1,2,1,1,6.0
201600014268,0016-03-11 15:40:00,16,3,11,15,40,130,55,"184, CHAVE (BOULEVARD)",43.29557,5.39648,Plein jour,En agglomération,Hors intersection,Normale,Sans collision,,,,,,,,,,,1,2,1,1,7.0
201600014269,0016-03-11 15:40:00,16,3,11,15,40,130,55,"01, LUCE (BOULEVARD)",43.25839,5.39793,Plein jour,En agglomération,Hors intersection,Temps couvert,Deux véhicules - arrière,,,,,,,,,,,1,2,1,8,2.0
201600014270,0016-03-11 20:20:00,16,3,11,20,20,130,55,"64, CONCORDE (BOULEVARD",43.24822,5.40107,Nuit avec éclairage allumé,En agglomération,Hors intersection,Normale,Trois véhicules et plus - collisions multiples,,,,,,,,,,,5,2,1,1,5.0
201600014271,0016-03-09 02:50:00,16,3,9,2,50,130,55,"12, ATHENES (BOULEVARD D",43.3,5.38072,Nuit avec éclairage allumé,En agglomération,Hors intersection,Normale,Sans collision,,,,,,,,,,,5,2,1,1,7.0
201600014272,0016-03-12 01:20:00,16,3,12,1,20,130,55,"GR213, LA MADRAGUEVIL (C",43.32625,5.36106,Nuit avec éclairage allumé,En agglomération,Intersection en T,Normale,Deux véhicules - frontale,,,,,,,,,,,5,2,3,1,1.0
201600014273,0016-03-11 12:40:00,16,3,11,12,40,130,55,"20, LANCIER (CHEMIN DU)",43.24787,5.39711,Plein jour,En agglomération,Hors intersection,Normale,Autre collision,,,,,,,,,,,1,2,1,1,6.0
201600014274,0016-03-12 13:15:00,16,3,12,13,15,130,55,"00, FLORIAN (AVENUE)",43.28507,5.4258,Plein jour,Hors agglomération,Giratoire,Normale,Deux véhicules - côté,,,,,,,,,,,1,1,6,1,3.0
201600014275,0016-03-11 19:15:00,16,3,11,19,15,130,55,,43.28507,5.4258,Crépuscule ou aube,En agglomération,Giratoire,Normale,Deux véhicules - côté,,,,,,,,,,,2,2,6,1,3.0
201600014276,0016-03-12 14:35:00,16,3,12,14,35,130,55,"28, VALBARELLE (CHEMIN D",43.28243,5.43512,Plein jour,En agglomération,Hors intersection,Normale,Sans collision,,,,,,,,,,,1,2,1,1,7.0
201600014277,0016-03-12 21:30:00,16,3,12,21,30,130,55,CASTELLANE (PLACE),43.28607,5.38392,Nuit avec éclairage allumé,En agglomération,Giratoire,Normale,Deux véhicules - côté,,,,,,,,,,,5,2,6,1,3.0
201600014278,0016-02-10 13:35:00,16,2,10,13,35,130,55,"11, SAINT PIERRE (RUE)",43.29371,5.38749,Plein jour,En agglomération,Intersection en T,Normale,Deux véhicules - frontale,,,,,,,,,,,1,2,3,1,1.0
201600014279,0016-03-13 09:00:00,16,3,13,9,0,130,55,"00, ALEX. FLEMING (BOULE",43.31662,5.39617,Plein jour,En agglomération,Intersection en T,Normale,Deux véhicules - côté,,,,,,,,,,,1,2,3,1,3.0
201600014280,0016-03-13 01:25:00,16,3,13,1,25,130,55,"49, VERTUS (RUE DES)",43.29004,5.39215,Nuit avec éclairage allumé,En agglomération,Hors intersection,Normale,Deux véhicules - côté,,,,,,,,,,,5,2,1,1,3.0
201600014281,0016-03-14 06:56:00,16,3,14,6,56,130,55,"88, SAINTE MARGUERITE (B",43.26823,5.40624,Crépuscule ou aube,En agglomération,Hors intersection,Normale,Deux véhicules - côté,,,,,,,,,,,2,2,1,1,3.0
201600014282,0016-03-14 12:45:00,16,3,14,12,45,130,55,"130, MADRAGUE VILLE (RUE",43.32607,5.36116,Plein jour,En agglomération,Hors intersection,Normale,Autre collision,,,,,,,,,,,1,2,1,1,6.0
201600014283,0016-03-14 15:00:00,16,3,14,15,0,130,55,FRAIS VALLON (AVENUE),43.32532,5.43333,Plein jour,En agglomération,Hors intersection,Normale,Autre collision,,,,,,,,,,,1,2,1,1,6.0
201600014284,0016-03-14 17:30:00,16,3,14,17,30,130,55,"175, SAINTE*MARTHE (AVEN",43.32905,5.38788,Plein jour,En agglomération,Intersection en X,Pluie légère,Deux véhicules - côté,,,,,,,,,,,1,2,2,2,3.0
201600014285,0016-03-14 22:55:00,16,3,14,22,55,130,55,"00, TURCAT MERY ALLE (A",43.28106,5.38938,Nuit avec éclairage allumé,En agglomération,Intersection en T,Normale,Deux véhicules - côté,,,,,,,,,,,5,2,3,1,3.0
201600014286,0016-03-14 23:45:00,16,3,14,23,45,130,55,"44, DUNKERQUE  (BOULEVAR",43.30943,5.36853,Nuit avec éclairage allumé,En agglomération,Hors intersection,Normale,Deux véhicules - côté,,,,,,,,,,,5,2,1,1,3.0
201600014287,0016-03-15 01:00:00,16,3,15,1,0,130,55,"00, FLORIAN ( ROND POINT",43.28584,5.42553,Nuit avec éclairage non allumé,En agglomération,Giratoire,Normale,Deux véhicules - côté,,,,,,,,,,,4,2,6,1,3.0
201600014288,0016-02-25 11:45:00,16,2,25,11,45,130,55,"178, FRANOISE DUPARC (B",43.30938,5.40286,Plein jour,En agglomération,Hors intersection,Normale,Autre collision,,,,,,,,,,,1,2,1,1,6.0
201600014289,0016-03-15 17:30:00,16,3,15,17,30,130,55,"13, GROGNARDE (AVENUE DE",43.29041,5.43621,Plein jour,En agglomération,Hors intersection,Normale,Deux véhicules - côté,,,,,,,,,,,1,2,1,1,3.0
201600014290,0016-03-16 00:30:00,16,3,16,0,30,130,55,"1, MONTREDON (AVENUE DE)",43.24536,5.37309,Nuit avec éclairage allumé,En agglomération,Hors intersection,Normale,Sans collision,,,,,,,,,,,5,2,1,1,7.0
201600014291,0016-03-16 01:50:00,16,3,16,1,50,130,55,"150, ROUET (RUE DU)",43.2782,5.39244,Nuit avec éclairage allumé,En agglomération,Hors intersection,Normale,Deux véhicules - arrière,,,,,,,,,,,5,2,1,1,2.0
201600014292,0016-03-15 10:45:00,16,3,15,10,45,130,55,"237-239, pointe rouge (a",43.24626,5.37382,Plein jour,En agglomération,Hors intersection,Normale,Deux véhicules - côté,,,,,,,,,,,1,2,1,1,3.0
201600014293,0016-03-15 10:45:00,16,3,15,10,45,130,55,"73, VISTE (AVENUE DE LA)",43.357,5.35746,Plein jour,En agglomération,Hors intersection,Normale,Autre collision,,,,,,,,,,,1,2,1,1,6.0
201600014294,0016-03-15 12:35:00,16,3,15,12,35,130,55,"00, EUGENE PIERRE (BOULE",43.2977,5.39057,Plein jour,En agglomération,Intersection en X,Normale,Deux véhicules - côté,,,,,,,,,,,1,2,2,1,3.0
201600014295,0016-03-16 07:20:00,16,3,16,7,20,130,55,"222, SAINT PIERRE (RUE)",43.29269,5.40021,Crépuscule ou aube,En agglomération,Hors intersection,Pluie légère,Deux véhicules - arrière,,,,,,,,,,,2,2,1,2,2.0
201600014296,0016-03-14 18:20:00,16,3,14,18,20,130,55,"08, NEUVE SAINT MARTIN (",43.29878,5.37484,Crépuscule ou aube,En agglomération,Hors intersection,Pluie légère,Deux véhicules - frontale,,,,,,,,,,,2,2,1,2,1.0
201600014297,0016-03-16 09:15:00,16,3,16,9,15,130,55,"131, ENDOUME (RUE D')",43.28624,5.36296,Plein jour,En agglomération,Hors intersection,Pluie légère,Autre collision,,,,,,,,,,,1,2,1,2,6.0
201600014298,0016-03-15 16:35:00,16,3,15,16,35,130,55,"245, MAZARGUES (AVENUE D",43.26351,5.39262,Plein jour,En agglomération,Hors intersection,Normale,Deux véhicules - frontale,,,,,,,,,,,1,2,1,1,1.0
201600014299,0016-03-15 18:50:00,16,3,15,18,50,130,55,"4, VITON (AVENUE)",43.26,5.40749,Crépuscule ou aube,En agglomération,Hors intersection,Normale,Autre collision,,,,,,,,,,,2,2,1,1,6.0
201600014300,0016-03-16 13:40:00,16,3,16,13,40,130,55,"130, CAILLOLS*(AVENUE DE",43.30415,5.43488,Plein jour,En agglomération,Intersection en T,Pluie légère,Deux véhicules - côté,,,,,,,,,,,1,2,3,2,3.0
201600014301,0016-03-12 08:30:00,16,3,12,8,30,130,55,"315, CORNICHE KENNEDY",43.27548,5.35986,Plein jour,En agglomération,Hors intersection,Normale,Deux véhicules - frontale,,,,,,,,,,,1,2,1,1,1.0
201600014302,0016-03-06 10:10:00,16,3,6,10,10,130,55,"00, ROME (RUE DE)",43.29202,5.38027,Plein jour,En agglomération,Intersection en T,Normale,Deux véhicules - côté,,,,,,,,,,,1,2,3,1,3.0
201600014303,0016-03-16 20:10:00,16,3,16,20,10,130,55,ROUET (RUE DU),43.27756,5.39308,Nuit avec éclairage allumé,En agglomération,Intersection en T,Pluie forte,Autre collision,,,,,,,,,,,5,2,3,3,6.0
201600014304,0016-03-16 19:00:00,16,3,16,19,0,130,55,"130, RABATAU (BOULEVARD)",43.27848,5.39921,Nuit avec éclairage allumé,En agglomération,Hors intersection,Pluie légère,Deux véhicules - côté,,,,,,,,,,,5,2,1,2,3.0
201600014305,0016-03-15 15:30:00,16,3,15,15,30,130,55,"93, FRANOISE DUPARC (BO",43.30499,5.40094,Plein jour,En agglomération,Hors intersection,Normale,Autre collision,,,,,,,,,,,1,2,1,1,6.0
201600014306,0016-03-16 14:00:00,16,3,16,14,0,130,55,"20,*BRIFFAUT (RUE)",43.29456,5.3963,Plein jour,En agglomération,Hors intersection,Pluie légère,Autre collision,,,,,,,,,,,1,2,1,2,6.0
201600014307,0016-03-17 14:50:00,16,3,17,14,50,130,55,"15, GAY LUSSAC (BOULEVAR",43.33293,5.37459,Plein jour,En agglomération,Hors intersection,Normale,Deux véhicules - côté,,,,,,,,,,,1,2,1,1,3.0
201600014308,0016-03-17 15:00:00,16,3,17,15,0,130,55,"86, MIREILLE LAUZE (BOUL",43.28284,5.40872,Plein jour,En agglomération,Intersection en T,Normale,Deux véhicules - arrière,,,,,,,,,,,1,2,3,1,2.0
201600014309,0016-03-17 16:30:00,16,3,17,16,30,130,55,"19, SAINT MENET (AVENUE",43.28942,5.49631,Plein jour,En agglomération,Hors intersection,Normale,Deux véhicules - côté,,,,,,,,,,,1,2,1,1,3.0
201600014310,0016-03-17 18:15:00,16,3,17,18,15,130,55,"119, JEANNE D'ARC (BOULE",43.29276,5.40727,Plein jour,En agglomération,Intersection en X,Normale,Deux véhicules - côté,,,,,,,,,,,1,2,2,1,3.0
201600014311,0016-03-16 18:50:00,16,3,16,18,50,130,55,"188, TOULON (AVENUE DE)",43.28488,5.39424,Crépuscule ou aube,En agglomération,Hors intersection,Pluie forte,Deux véhicules - côté,,,,,,,,,,,2,2,1,3,3.0
201600014312,0016-03-17 18:15:00,16,3,17,18,15,130,2,"1, COLLET BLANC (CHEMIN",43.33536,5.47648,Plein jour,En agglomération,Hors intersection,Normale,Autre collision,,,,,,,,,,,1,2,1,1,6.0
201600014313,0016-03-18 07:10:00,16,3,18,7,10,130,55,"39, ROCHES (AVENUE DES)",43.28027,5.36574,Plein jour,En agglomération,Hors intersection,Normale,Autre collision,,,,,,,,,,,1,2,1,1,6.0
201600014314,0016-03-18 08:37:00,16,3,18,8,37,130,55,"27, EUGENE PIERRE (BOULE",43.29777,5.39064,Plein jour,En agglomération,Hors intersection,Normale,Deux véhicules - côté,,,,,,,,,,,1,2,1,1,3.0
201600014315,0016-03-17 18:15:00,16,3,17,18,15,130,55,"57, JEAN COMPADIEU (AVEN",43.32153,5.43255,Nuit avec éclairage allumé,En agglomération,Hors intersection,Normale,Deux véhicules - arrière,,,,,,,,,,,5,2,1,1,2.0
201600014316,0016-03-18 15:00:00,16,3,18,15,0,130,55,"48, FENOUIL (BOULEVARD)",43.36087,5.32026,Plein jour,En agglomération,Hors intersection,Normale,Deux véhicules - côté,,,,,,,,,,,1,2,1,1,3.0
201600014317,0016-03-18 15:00:00,16,3,18,15,0,130,55,"553, SAINT PIERRE (RUE)",43.29047,5.42041,Plein jour,En agglomération,Hors intersection,Normale,Deux véhicules - frontale,,,,,,,,,,,1,2,1,1,1.0
201600014318,0016-03-18 16:30:00,16,3,18,16,30,130,55,"162, COMTESSE (BOULEVARD",43.32055,5.44805,Plein jour,En agglomération,Hors intersection,Normale,Deux véhicules - frontale,,,,,,,,,,,1,2,1,1,1.0
201600014319,0016-03-18 20:45:00,16,3,18,20,45,130,55,"41, ALEX ANSALDI (RUE)",43.3335,5.40282,Nuit avec éclairage allumé,En agglomération,Hors intersection,Normale,Deux véhicules - arrière,,,,,,,,,,,5,2,1,1,2.0
201600014320,0016-03-18 23:10:00,16,3,18,23,10,130,55,"222, SAINT PIERRE (RUE)",43.29271,5.39984,Nuit avec éclairage allumé,En agglomération,Hors intersection,Normale,Deux véhicules - côté,,,,,,,,,,,5,2,1,1,3.0
201600014321,0016-03-18 19:00:00,16,3,18,19,0,130,55,"00, LAFON (RUE)",43.29118,5.38077,Crépuscule ou aube,En agglomération,Intersection en X,Normale,Deux véhicules - côté,,,,,,,,,,,2,2,2,1,3.0
201600014322,0016-03-19 11:35:00,16,3,19,11,35,130,55,"152, FRAIS VALLON (AVENU",43.32541,5.43287,Plein jour,En agglomération,Hors intersection,Normale,Deux véhicules - arrière,,,,,,,,,,,1,2,1,1,2.0
201600014323,0016-03-15 11:50:00,16,3,15,11,50,130,55,"00, FIGONE (AVENUE DE LA",43.30782,5.4371,Plein jour,En agglomération,Hors intersection,Normale,Autre collision,,,,,,,,,,,1,2,1,1,6.0
201600014324,0016-03-16 07:30:00,16,3,16,7,30,130,55,"00, PARIS (BOULEVARD DE)",43.30621,5.37226,Plein jour,En agglomération,Intersection en X,Pluie légère,Deux véhicules - côté,,,,,,,,,,,1,2,2,2,3.0
201600014325,0016-03-19 19:00:00,16,3,19,19,0,130,55,"00, TUNNEL PRADO SUD",43.27729,5.39527,Crépuscule ou aube,En agglomération,Hors intersection,Normale,Autre collision,,,,,,,,,,,2,2,1,1,6.0
201600014326,0016-03-20 01:00:00,16,3,20,1,0,130,55,"00, ODESSA (AVENUE)",,,Nuit sans éclairage public,En agglomération,Hors intersection,Normale,Autre collision,,,,,,,,,,,3,2,1,1,6.0
201600014327,0016-03-20 10:50:00,16,3,20,10,50,130,55,"00, CAPELETTE (AVENUE DE",43.28194,5.40385,Plein jour,En agglomération,Hors intersection,Normale,Deux véhicules - frontale,,,,,,,,,,,1,2,1,1,1.0
201600014328,0016-03-19 13:30:00,16,3,19,13,30,130,55,"69, BONS ENFANT (RUE DES",43.28928,5.38837,Plein jour,En agglomération,Intersection en X,Normale,Deux véhicules - côté,,,,,,,,,,,1,2,2,1,3.0
201600014329,0016-03-20 17:00:00,16,3,20,17,0,130,55,"27, CAPELETTE (AVENUE DE",43.28368,5.40022,Plein jour,En agglomération,Hors intersection,Normale,Deux véhicules - frontale,,,,,,,,,,,1,2,1,1,1.0
201600014330,0016-03-21 07:45:00,16,3,21,7,45,130,55,"431, PARADIS (RUE)",43.27353,5.38519,Plein jour,En agglomération,Hors intersection,Normale,Trois véhicules et plus - en chaîne,,,,,,,,,,,1,2,1,1,4.0
201600014331,0016-03-21 08:40:00,16,3,21,8,40,130,55,"26, FLIX PYAT (RUE)",43.31393,5.37638,Plein jour,En agglomération,Hors intersection,Normale,Sans collision,,,,,,,,,,,1,2,1,1,7.0
201600014332,0016-03-21 12:00:00,16,3,21,12,0,130,55,"30, BONNETERIE (RUE)",43.29776,5.3715,Plein jour,En agglomération,Intersection en T,Normale,Autre collision,,,,,,,,,,,1,2,3,1,6.0
201600014333,0016-03-18 03:00:00,16,3,18,3,0,130,55,"00, VAUDOYER (AVENUE)",43.29688,5.36271,Nuit avec éclairage allumé,En agglomération,Giratoire,Normale,Sans collision,,,,,,,,,,,5,2,6,1,7.0
201600014334,0016-03-21 04:15:00,16,3,21,4,15,130,55,"00, JEAN EUGENE CABASSUD",43.28489,5.41283,Nuit avec éclairage allumé,En agglomération,Hors intersection,Normale,Deux véhicules - côté,,,,,,,,,,,5,2,1,1,3.0
201600014335,0016-03-11 04:20:00,16,3,11,4,20,130,55,"140, NOTRE DAME (RUE)",43.2841,5.3751,Nuit avec éclairage allumé,En agglomération,Hors intersection,Normale,Autre collision,,,,,,,,,,,5,2,1,1,6.0
201600014336,0016-02-25 13:15:00,16,2,25,13,15,130,55,"198,*ROGER SALENGRO (AVE",43.31783,5.36842,Plein jour,En agglomération,Hors intersection,Normale,Sans collision,,,,,,,,,,,1,2,1,1,7.0
201600014337,0016-03-15 08:30:00,16,3,15,8,30,130,55,"162, LIEUTAUD (COURS)",43.28745,5.38494,Plein jour,En agglomération,Hors intersection,Normale,Deux véhicules - côté,,,,,,,,,,,1,2,1,1,3.0
201600014338,0016-03-16 13:00:00,16,3,16,13,0,130,55,"32, SCHLOESING (BOULEVAR",43.27154,5.40172,Plein jour,En agglomération,Hors intersection,Pluie légère,Deux véhicules - arrière,,,,,,,,,,,1,2,1,2,2.0
201600014339,0016-02-15 19:50:00,16,2,15,19,50,130,55,"00, MONNET (ROND-POINT)",43.33251,5.42938,Plein jour,En agglomération,Hors intersection,Normale,Deux véhicules - frontale,,,,,,,,,,,1,2,1,1,1.0
201600014340,0016-03-22 22:00:00,16,3,22,22,0,130,55,ROGER SALENGRO (AVENUE),43.30986,5.37356,Nuit avec éclairage allumé,En agglomération,Intersection en T,Normale,Autre collision,,,,,,,,,,,5,2,3,1,6.0
201600014341,0016-03-22 18:20:00,16,3,22,18,20,130,55,"00, RABATAU (BOULEVARD)",43.27934,5.3993,Crépuscule ou aube,En agglomération,Intersection en X,Normale,Deux véhicules - côté,,,,,,,,,,,2,2,2,1,3.0
201600014342,0016-03-18 08:30:00,16,3,18,8,30,130,55,"117, FLAMMARION (BOULEVA",43.30713,5.3954,Plein jour,En agglomération,Hors intersection,Normale,Autre collision,,,,,,,,,,,1,2,1,1,6.0
201600014343,0016-03-22 19:45:00,16,3,22,19,45,130,55,"00, CAILLOLS (AVENUE DES",43.30381,5.42853,Nuit avec éclairage allumé,En agglomération,Giratoire,Normale,Autre collision,,,,,,,,,,,5,2,6,1,6.0
201600014344,0016-03-23 13:00:00,16,3,23,13,0,130,55,"45, SAINT ANTOINE (AVENU",43.36891,5.35643,Plein jour,En agglomération,Hors intersection,Normale,Autre collision,,,,,,,,,,,1,2,1,1,6.0
201600014345,0016-03-23 12:30:00,16,3,23,12,30,130,55,"366, MAZARGUES (AVENUE D",43.25915,5.39415,Plein jour,En agglomération,Hors intersection,Normale,Trois véhicules et plus - en chaîne,,,,,,,,,,,1,2,1,1,4.0
201600014346,0016-03-23 17:10:00,16,3,23,17,10,130,55,"00, MONTRE (TRAVERSE DE",43.29749,5.47855,Plein jour,En agglomération,Hors intersection,Normale,Deux véhicules - côté,,,,,,,,,,,1,2,1,1,3.0
201600014347,0016-03-23 15:15:00,16,3,23,15,15,130,55,"00, LEON LACHAMP (ROUTE)",43.24575,5.42963,Plein jour,En agglomération,Hors intersection,Normale,Deux véhicules - arrière,,,,,,,,,,,1,2,1,1,2.0
201600014348,0016-03-24 15:35:00,16,3,24,15,35,130,55,"C63, SAINT ANTOINE (AVEN",43.35359,5.37163,Plein jour,En agglomération,Hors intersection,Normale,Autre collision,,,,,,,,,,,1,2,1,1,6.0
201600014349,0016-03-24 18:20:00,16,3,24,18,20,130,55,"79, ROSE (AVENUE DE LA)",43.32649,5.42198,Plein jour,En agglomération,Hors intersection,Normale,Deux véhicules - côté,,,,,,,,,,,1,2,1,1,3.0
201600014350,0016-03-24 01:30:00,16,3,24,1,30,130,55,"119, JEANNE D'ARC (BOULE",43.29276,5.40727,Nuit avec éclairage allumé,En agglomération,Intersection en X,Normale,Deux véhicules - côté,,,,,,,,,,,5,2,2,1,3.0
201600014351,0016-03-24 21:20:00,16,3,24,21,20,130,55,"106, HAMBOURG (BOULEVARD",43.24977,5.38972,Nuit avec éclairage allumé,En agglomération,Hors intersection,Normale,Deux véhicules - côté,,,,,,,,,,,5,2,1,1,3.0
201600014352,0016-03-24 19:10:00,16,3,24,19,10,130,55,"37, pointe rouge (ave)",43.24774,5.37454,Nuit avec éclairage allumé,En agglomération,Hors intersection,Normale,Deux véhicules - côté,,,,,,,,,,,5,2,1,1,3.0
201600014353,0016-03-25 08:12:00,16,3,25,8,12,130,55,"24, GUIBAL (RUE)",43.30628,5.38504,Plein jour,Hors agglomération,Hors intersection,Normale,Autre collision,,,,,,,,,,,1,1,1,1,6.0
201600014354,0016-03-22 08:20:00,16,3,22,8,20,130,55,"00, BAILLE (BOULEVARD)",43.2889,5.39486,Plein jour,En agglomération,Intersection en X,Normale,Autre collision,,,,,,,,,,,1,2,2,1,6.0
201600014355,0016-03-22 10:00:00,16,3,22,10,0,130,55,"229, PRADO (AVENUE DU)",43.27551,5.38993,Plein jour,En agglomération,Hors intersection,Normale,Autre collision,,,,,,,,,,,1,2,1,1,6.0
201600014356,0016-03-25 15:35:00,16,3,25,15,35,130,55,"00, ANDRE ZENATTI (AVENU",43.24583,5.3927,Plein jour,En agglomération,Hors intersection,Normale,Deux véhicules - frontale,,,,,,,,,,,1,2,1,1,1.0
201600014357,0016-03-25 21:45:00,16,3,25,21,45,130,55,"00, SAINT LOUIS (AVENUE",43.34407,5.35944,Plein jour,Hors agglomération,Intersection en T,Normale,Trois véhicules et plus - collisions multiples,,,,,,,,,,,1,1,3,1,5.0
201600014358,0016-03-24 00:09:00,16,3,24,0,9,130,55,"00, JEAN BOUIN (AVENUE)",43.26718,5.40313,Nuit avec éclairage allumé,En agglomération,Hors intersection,Normale,Deux véhicules - côté,,,,,,,,,,,5,2,1,1,3.0
201600014359,0016-03-26 00:30:00,16,3,26,0,30,130,55,"1, BASSINS DE RADOUB (BO",43.32353,5.36109,Nuit avec éclairage non allumé,En agglomération,Hors intersection,Normale,Sans collision,,,,,,,,,,,4,2,1,1,7.0
201600014360,0016-03-26 10:20:00,16,3,26,10,20,130,55,"262, MORGIOU (CHEMIN DE)",43.2329,5.41273,Plein jour,En agglomération,Hors intersection,Normale,Deux véhicules - côté,,,,,,,,,,,1,2,1,1,3.0
201600014361,0016-03-25 14:30:00,16,3,25,14,30,130,55,"5, BOURRELY (CHEMIN DES)",43.37386,5.35661,Plein jour,Hors agglomération,Hors intersection,Normale,Autre collision,,,,,,,,,,,1,1,1,1,6.0
201600014362,0016-02-26 08:15:00,16,2,26,8,15,130,55,"31, PASTEUR (AVENUE)",43.36244,5.31649,Plein jour,En agglomération,Hors intersection,Normale,Trois véhicules et plus - collisions multiples,,,,,,,,,,,1,2,1,1,5.0
201600014363,0016-03-08 13:30:00,16,3,8,13,30,130,55,"00, MARCHAL FOCH (AVENU",43.3006,5.39964,Plein jour,En agglomération,Intersection en T,Normale,Deux véhicules - côté,,,,,,,,,,,1,2,3,1,3.0
201600014364,0016-03-20 17:50:00,16,3,20,17,50,130,55,"79, CORSE (AVENUE DE LA)",43.28887,5.36074,Crépuscule ou aube,Hors agglomération,Intersection en X,Normale,Deux véhicules - côté,,,,,,,,,,,2,1,2,1,3.0
201600014365,0016-03-26 14:50:00,16,3,26,14,50,130,55,"00, ALBERT EINSTEIN (RUE",,,Plein jour,En agglomération,Hors intersection,Normale,Deux véhicules - côté,,,,,,,,,,,1,2,1,1,3.0
201600014366,0016-03-26 15:20:00,16,3,26,15,20,130,55,"25, POMPIDOU (PROMENADE)",43.26636,5.37264,Plein jour,En agglomération,Hors intersection,Normale,Trois véhicules et plus - collisions multiples,,,,,,,,,,,1,2,1,1,5.0
201600014367,0016-03-26 20:00:00,16,3,26,20,0,130,55,"21, POMPIDOU (PROMENADE)",43.26655,5.37258,Nuit avec éclairage allumé,En agglomération,Hors intersection,Normale,Deux véhicules - arrière,,,,,,,,,,,5,2,1,1,2.0
201600014368,0016-03-27 21:30:00,16,3,27,21,30,130,55,"0, MONTRE (TRAVERSE DE L",43.29509,5.4756,Nuit avec éclairage allumé,En agglomération,Hors intersection,Normale,Deux véhicules - frontale,,,,,,,,,,,5,2,1,1,1.0
201600014369,0016-03-27 20:20:00,16,3,27,20,20,130,55,* CAP PINEDE (Avenue),43.32873,5.36583,Nuit sans éclairage public,En agglomération,Hors intersection,Normale,Sans collision,,,,,,,,,,,3,2,1,1,7.0
201600014370,0016-03-23 11:10:00,16,3,23,11,10,130,55,"23, FORGES (RUE DES)",43.27699,5.41064,Plein jour,En agglomération,Hors intersection,Normale,Autre collision,,,,,,,,,,,1,2,1,1,6.0
201600014371,0016-03-27 19:10:00,16,3,27,19,10,130,55,"45, AVIATEUR LE BRIX (RU",43.25992,5.40272,Nuit avec éclairage allumé,En agglomération,Hors intersection,Temps couvert,Deux véhicules - frontale,,,,,,,,,,,5,2,1,8,1.0
201600014372,0016-03-23 08:45:00,16,3,23,8,45,130,55,"00, JEAN MOULIN (BOULEVA",43.29237,5.40089,Plein jour,En agglomération,Intersection en X,Normale,Deux véhicules - arrière,,,,,,,,,,,1,2,2,1,2.0
201600014373,0016-03-24 10:00:00,16,3,24,10,0,130,55,"1023, TURCAT MERY ALLE",43.28074,5.38822,Plein jour,En agglomération,Hors intersection,Normale,Autre collision,,,,,,,,,,,1,2,1,1,6.0
201600014374,0016-03-28 20:20:00,16,3,28,20,20,130,55,"448, PRADO (AVENUE DU)",43.26756,5.38362,Crépuscule ou aube,En agglomération,Hors intersection,Normale,Deux véhicules - côté,,,,,,,,,,,2,2,1,1,3.0
201600014375,0016-03-28 21:15:00,16,3,28,21,15,130,55,"140, VALBARELLE (BOULEVA",43.28818,5.45063,Nuit avec éclairage allumé,En agglomération,Hors intersection,Normale,Deux véhicules - arrière,,,,,,,,,,,5,2,1,1,2.0
201600014376,0016-03-28 16:40:00,16,3,28,16,40,130,55,"17, CASTELLANE (PLACE)",43.28576,5.3841,Plein jour,En agglomération,Hors intersection,Normale,Deux véhicules - côté,,,,,,,,,,,1,2,1,1,3.0
201600014377,0016-03-29 11:45:00,16,3,29,11,45,130,75,"3, L'ENJOLRAS (AVE DE)",43.33709,5.45243,Plein jour,En agglomération,Hors intersection,Normale,Autre collision,,,,,,,,,,,1,2,1,1,6.0
201600014378,0016-03-29 13:40:00,16,3,29,13,40,130,55,"192, REDON (BOULEVARD DU",43.24962,5.42254,Plein jour,En agglomération,Hors intersection,Normale,Deux véhicules - côté,,,,,,,,,,,1,2,1,1,3.0
201600014379,0016-03-29 14:00:00,16,3,29,14,0,130,55,JEAN EUGENE CABASSUD (BO,43.28537,5.4131,Plein jour,En agglomération,Hors intersection,Normale,Deux véhicules - frontale,,,,,,,,,,,1,2,1,1,1.0
201600014380,0016-03-29 15:00:00,16,3,29,15,0,130,55,"00, PRADO (AVENUE DU)",43.26788,5.38414,Plein jour,En agglomération,Hors intersection,Normale,Autre collision,,,,,,,,,,,1,2,1,1,6.0
201600014381,0016-03-29 16:00:00,16,3,29,16,0,130,55,"00, GASSENDI (BOULEVARD)",43.30397,5.42197,Plein jour,En agglomération,Hors intersection,Normale,Deux véhicules - côté,,,,,,,,,,,1,2,1,1,3.0
201600014382,0016-03-29 22:15:00,16,3,29,22,15,130,55,"10, CANEBIERE    2 A 26",43.29549,5.375,Nuit avec éclairage allumé,Hors agglomération,Hors intersection,Normale,Autre collision,,,,,,,,,,,5,1,1,1,6.0
201600014383,0016-03-29 22:00:00,16,3,29,22,0,130,55,"12, BAILLE (BOULEVARD)",43.28637,5.38575,Nuit avec éclairage allumé,En agglomération,Intersection en X,Normale,Trois véhicules et plus - en chaîne,,,,,,,,,,,5,2,2,1,4.0