accident_id,datetime,annee,mois,jour,heure,minute,departement,commune_insee,adresse,latitude,longitude,luminosite,agglomeration,intersection,meteo,collision,nb_vehicules,nb_usagers,nb_indemnes,nb_tues,nb_blesses_hosp,nb_blesses_legers,age_cond_1,age_cond_2,veh_type_cond_1,veh_type_cond_2,lum_code,agg_code,int_code,atm_code,col_code
201600014384,0016-03-30 17:30:00,16,3,30,17,30,130,55,"00, WILLIAM BOOTH (AVENU",43.29487,5.44384,Plein jour,En agglomération,Hors intersection,Normale,Autre collision,,,,,,,,,,,1,2,1,1,6.0
201600014385,0016-03-30 19:00:00,16,3,30,19,0,130,55,GAYE (BOULEVARD DE L,,,Plein jour,En agglomération,Hors intersection,Normale,Autre collision,,,,,,,,,,,1,2,1,1,6.0
201600014386,0016-03-30 21:20:00,16,3,30,21,20,130,55,"78, LON LACHAMP (ROUTE)",43.24794,5.43571,Nuit avec éclairage allumé,En agglomération,Hors intersection,Normale,Deux véhicules - frontale,,,,,,,,,,,5,2,1,1,1.0
201600014387,0016-03-31 02:20:00,16,3,31,2,20,130,55,"18, BRETEUIL (RUE)",43.29189,5.37516,Nuit avec éclairage allumé,En agglomération,Hors intersection,Normale,Autre collision,,,,,,,,,,,5,2,1,1,6.0
201600014388,0016-03-31 08:45:00,16,3,31,8,45,130,55,NICOLAS APPERT (RUE),43.34001,5.41648,Plein jour,En agglomération,Hors intersection,Normale,Autre collision,,,,,,,,,,,1,2,1,1,6.0
201600014389,0016-03-31 10:30:00,16,3,31,10,30,130,55,PLOMBIERES (BOULEVARD DE,43.32027,5.37703,Plein jour,En agglomération,Hors intersection,Normale,Deux véhicules - arrière,,,,,,,,,,,1,2,1,1,2.0
201600014390,0016-03-31 10:45:00,16,3,31,10,45,130,55,"00, WILLIAM BOOTH (AVENU",43.29711,5.4488,Plein jour,En agglomération,Hors intersection,Normale,Autre collision,,,,,,,,,,,1,2,1,1,6.0
201600014391,0016-03-26 15:15:00,16,3,26,15,15,130,55,"36, SAINT SAVOURNIN (RUE",43.29839,5.38786,Plein jour,En agglomération,Hors intersection,Normale,Trois véhicules et plus - en chaîne,,,,,,,,,,,1,2,1,1,4.0
201600014392,0016-02-26 10:30:00,16,2,26,10,30,130,55,"80, CHATEAU PAY (RUE)",43.29221,5.38908,Plein jour,En agglomération,Intersection en X,Normale,Deux véhicules - côté,,,,,,,,,,,1,2,2,1,3.0
201600014393,0016-03-31 12:25:00,16,3,31,12,25,130,55,"116,*JEAN MERMOZ (RUE)",43.27673,5.38719,Plein jour,En agglomération,Hors intersection,Normale,Autre collision,,,,,,,,,,,1,2,1,1,6.0
201600014394,0016-03-31 16:40:00,16,3,31,16,40,130,55,"280, MICHELET*(BOULEVARD",43.25965,5.39882,Plein jour,En agglomération,Hors intersection,Normale,Deux véhicules - côté,,,,,,,,,,,1,2,1,1,3.0
201600014395,0016-03-23 21:35:00,16,3,23,21,35,130,55,"60, LIEUTAUD (COURS)",43.29299,5.38245,Nuit avec éclairage allumé,En agglomération,Hors intersection,Normale,Trois véhicules et plus - en chaîne,,,,,,,,,,,5,2,1,1,4.0
201600014396,0016-04-01 08:30:00,16,4,1,8,30,130,55,"19, AVENUE DE LA JARRE",43.23895,5.40227,Plein jour,Hors agglomération,Hors intersection,Normale,Autre collision,,,,,,,,,,,1,1,1,1,6.0
201600014397,0016-04-01 12:15:00,16,4,1,12,15,130,55,"37, GASTON FLOTTE (RUE)",43.29603,5.42477,Plein jour,En agglomération,Hors intersection,Normale,Trois véhicules et plus - collisions multiples,,,,,,,,,,,1,2,1,1,5.0
201600014398,0016-03-31 13:00:00,16,3,31,13,0,130,55,"99, SAKAKINI (BOULEVARD)",43.29336,5.40163,Plein jour,En agglomération,Hors intersection,Normale,Deux véhicules - arrière,,,,,,,,,,,1,2,1,1,2.0
201600014399,0016-03-31 17:00:00,16,3,31,17,0,130,55,"00, MEISSONNIER (RUE)",43.31288,5.39933,Plein jour,En agglomération,Hors intersection,Normale,Autre collision,,,,,,,,,,,1,2,1,1,6.0
201600014400,0016-04-01 14:00:00,16,4,1,14,0,130,55,"29, PAQUERETTES (AVENUE",43.34488,5.41284,Plein jour,En agglomération,Intersection en T,Pluie légère,Deux véhicules - côté,,,,,,,,,,,1,2,3,2,3.0
201600014401,0016-04-01 15:10:00,16,4,1,15,10,130,55,"83, REDON (BOULEVARD DU)",43.25315,5.42186,Plein jour,En agglomération,Hors intersection,Normale,Autre collision,,,,,,,,,,,1,2,1,1,6.0
201600014402,0016-04-01 15:00:00,16,4,1,15,0,130,55,149**PRADO (AVENUE DU),43.27893,5.38791,Plein jour,En agglomération,Hors intersection,Temps couvert,Deux véhicules - arrière,,,,,,,,,,,1,2,1,8,2.0
201600014403,0016-04-01 14:30:00,16,4,1,14,30,130,55,"32, STANISLAS TORRENTS (",43.28716,5.37857,Plein jour,En agglomération,Hors intersection,Normale,Autre collision,,,,,,,,,,,1,2,1,1,6.0
201600014404,0016-04-01 15:00:00,16,4,1,15,0,130,55,"23, BD MAURICE BOURDET",43.30308,5.37921,Plein jour,En agglomération,Hors intersection,Pluie légère,Autre collision,,,,,,,,,,,1,2,1,2,6.0
201600014405,0016-04-01 21:00:00,16,4,1,21,0,130,55,"91, SAINT JOSEPH (CHEMIN",43.34357,5.38532,Nuit avec éclairage allumé,En agglomération,Intersection en T,Normale,Deux véhicules - côté,,,,,,,,,,,5,2,3,1,3.0
201600014406,0016-04-01 21:30:00,16,4,1,21,30,130,55,"76, MARCHAL FOCH (AVENU",43.29706,5.40475,Nuit avec éclairage allumé,En agglomération,Hors intersection,Normale,Sans collision,,,,,,,,,,,5,2,1,1,7.0
201600014407,0016-04-02 03:45:00,16,4,2,3,45,130,55,"172 BIS, LIBERATION (BOU",43.30206,5.39449,Nuit avec éclairage allumé,En agglomération,Intersection en X,Pluie légère,Deux véhicules - frontale,,,,,,,,,,,5,2,2,2,1.0
201600014408,0016-04-02 08:55:00,16,4,2,8,55,130,55,ROLAND DORGELES (BOULEVA,43.34803,5.37689,Plein jour,En agglomération,Hors intersection,Normale,Deux véhicules - arrière,,,,,,,,,,,1,2,1,1,2.0
201600014409,0016-04-02 15:00:00,16,4,2,15,0,130,55,"00, ANTOINE FORTUNE MARI",43.23877,5.40415,Plein jour,En agglomération,Hors intersection,Pluie légère,Deux véhicules - frontale,,,,,,,,,,,1,2,1,2,1.0
201600014410,0016-04-02 17:30:00,16,4,2,17,30,130,55,154-158 LE CHATELIER,43.34871,5.37157,Plein jour,En agglomération,Hors intersection,Pluie légère,Autre collision,,,,,,,,,,,1,2,1,2,6.0
201600014411,0016-04-02 23:45:00,16,4,2,23,45,130,55,"6, JEAN LOMBARD (AVENUE)",43.28957,5.42689,Nuit avec éclairage allumé,En agglomération,Hors intersection,Normale,Autre collision,,,,,,,,,,,5,2,1,1,6.0
201600014412,0016-04-03 18:00:00,16,4,3,18,0,130,55,"353, LYON (RUE DE)",43.33847,5.36234,Crépuscule ou aube,En agglomération,Intersection en T,Normale,Deux véhicules - arrière,,,,,,,,,,,2,2,3,1,2.0
201600014413,0016-04-03 22:40:00,16,4,3,22,40,130,55,"33, CLOT BEY (AVENUE)",43.26114,5.38734,Nuit avec éclairage allumé,En agglomération,Hors intersection,Pluie légère,Autre collision,,,,,,,,,,,5,2,1,2,6.0
201600014414,0016-04-03 21:20:00,16,4,3,21,20,130,55,"222, CAILLOLS (AVENUE DE",43.3034,5.44197,Nuit avec éclairage allumé,En agglomération,Hors intersection,Pluie légère,Autre collision,,,,,,,,,,,5,2,1,2,6.0
201600014415,0016-04-03 22:10:00,16,4,3,22,10,130,55,VAUDOYER (AVENUE),43.29767,5.36371,Nuit avec éclairage allumé,En agglomération,Hors intersection,Pluie forte,Sans collision,,,,,,,,,,,5,2,1,3,7.0
201600014416,0016-04-03 21:00:00,16,4,3,21,0,130,55,"141, RABATAU (BOULEVARD)",43.27716,5.39855,Nuit avec éclairage allumé,Hors agglomération,Hors intersection,Normale,Deux véhicules - arrière,,,,,,,,,,,5,1,1,1,2.0
201600014417,0016-04-01 12:00:00,16,4,1,12,0,130,55,"00, BELGES (QUAI DES)",43.29479,5.37445,Plein jour,En agglomération,Hors intersection,Temps couvert,Autre collision,,,,,,,,,,,1,2,1,8,6.0
201600014418,0016-04-04 12:30:00,16,4,4,12,30,130,55,"90, LA FOURRAGERE (AVENU",43.29916,5.42843,Plein jour,En agglomération,Intersection en T,Normale,Deux véhicules - côté,,,,,,,,,,,1,2,3,1,3.0
201600014419,0016-04-04 11:05:00,16,4,4,11,5,130,55,"37, HAITI (BOULEVARD D')",43.29732,5.40848,Plein jour,En agglomération,Hors intersection,Normale,Deux véhicules - côté,,,,,,,,,,,1,2,1,1,3.0
201600014420,0016-04-05 15:00:00,16,4,5,15,0,130,55,"147, SAINT MARCEL (BOULE",43.28796,5.46394,Plein jour,En agglomération,Hors intersection,Normale,Autre collision,,,,,,,,,,,1,2,1,1,6.0
201600014421,0016-04-05 17:10:00,16,4,5,17,10,130,55,"00, pointe rouge (ave)",43.2468,5.37386,Plein jour,En agglomération,Intersection en T,Normale,Deux véhicules - côté,,,,,,,,,,,1,2,3,1,3.0
201600014422,0016-04-05 17:20:00,16,4,5,17,20,130,55,"240, SAINT JEAN DU DESER",43.29478,5.43319,Plein jour,En agglomération,Hors intersection,Normale,Deux véhicules - côté,,,,,,,,,,,1,2,1,1,3.0
201600014423,0016-04-05 20:00:00,16,4,5,20,0,130,55,"00, MENARD (PIERRE) (BOU",43.29049,5.4395,Plein jour,En agglomération,Hors intersection,Normale,Deux véhicules - côté,,,,,,,,,,,1,2,1,1,3.0
201600014424,0016-04-06 10:30:00,16,4,6,10,30,130,55,"1, AMARYLLIS (CHEMIN DES",43.31759,5.43913,Plein jour,En agglomération,Hors intersection,Normale,Autre collision,,,,,,,,,,,1,2,1,1,6.0
201600014425,0016-04-06 15:30:00,16,4,6,15,30,130,55,HENRI BARNIER (BOULEVARD,43.36711,5.34355,Plein jour,En agglomération,Hors intersection,Normale,Deux véhicules - arrière,,,,,,,,,,,1,2,1,1,2.0
201600014426,0016-04-06 17:00:00,16,4,6,17,0,130,55,74-76 Route Léon Lachamp,43.24791,5.43569,Plein jour,Hors agglomération,Hors intersection,Normale,Trois véhicules et plus - collisions multiples,,,,,,,,,,,1,1,1,1,5.0
201600014427,0016-04-06 21:37:00,16,4,6,21,37,130,55,"2, NOTRE DAME (BOULEVARD",43.29038,5.37236,Nuit avec éclairage allumé,En agglomération,Hors intersection,Normale,Deux véhicules - frontale,,,,,,,,,,,5,2,1,1,1.0
201600014428,0016-04-06 20:40:00,16,4,6,20,40,130,55,"00, PEINTRES RO (RUE)",43.29657,5.48029,Nuit avec éclairage allumé,Hors agglomération,Hors intersection,Normale,Autre collision,,,,,,,,,,,5,1,1,1,6.0
201600014429,0016-04-07 07:00:00,16,4,7,7,0,130,55,59 Avenue Frédéric Mistr,43.32269,5.45555,Plein jour,En agglomération,Hors intersection,Normale,Deux véhicules - côté,,,,,,,,,,,1,2,1,1,3.0
201600014430,0016-04-07 08:00:00,16,4,7,8,0,130,55,"384, MICHELET (BOULEVARD",43.25518,5.40109,Plein jour,En agglomération,Hors intersection,Normale,Deux véhicules - frontale,,,,,,,,,,,1,2,1,1,1.0
201600014431,0016-04-02 05:30:00,16,4,2,5,30,130,55,"00, RAMPE SAINT MAURICE",43.29032,5.36376,Nuit avec éclairage allumé,En agglomération,Intersection en T,Pluie légère,Sans collision,,,,,,,,,,,5,2,3,2,7.0
201600014432,0016-04-07 13:50:00,16,4,7,13,50,130,55,"27, JULES CANTINI (AVENU",43.28499,5.38542,Plein jour,En agglomération,Hors intersection,Normale,Autre collision,,,,,,,,,,,1,2,1,1,6.0
201600014433,0016-04-06 17:45:00,16,4,6,17,45,130,55,"36, CHANTE PERDRIX (tvse",43.27338,5.43597,Plein jour,En agglomération,Hors intersection,Normale,Deux véhicules - côté,,,,,,,,,,,1,2,1,1,3.0
201600014434,0016-04-07 22:20:00,16,4,7,22,20,130,55,"169, CROIX ROUGE (AVENUE",43.33514,5.44496,Nuit avec éclairage allumé,En agglomération,Hors intersection,Normale,Autre collision,,,,,,,,,,,5,2,1,1,6.0
201600014435,0016-04-07 21:30:00,16,4,7,21,30,130,55,"35, L ARMEE D AFRIQUE (C",43.29043,5.4058,Nuit avec éclairage allumé,En agglomération,Hors intersection,Normale,Deux véhicules - côté,,,,,,,,,,,5,2,1,1,3.0
201600014436,0016-04-08 03:45:00,16,4,8,3,45,130,55,JEAN MOULIN (BOULEVARD),43.29231,5.40099,Nuit avec éclairage allumé,En agglomération,Hors intersection,Normale,Deux véhicules - arrière,,,,,,,,,,,5,2,1,1,2.0
201600014437,0016-04-08 15:45:00,16,4,8,15,45,130,2,"802, ETIENNE CUCCA-CD908",43.36325,5.49572,Plein jour,En agglomération,Hors intersection,Normale,Deux véhicules - côté,,,,,,,,,,,1,2,1,1,3.0
201600014438,0016-04-08 14:15:00,16,4,8,14,15,130,55,"48, PARANGON (TRAVERSE)",43.24337,5.37983,Plein jour,En agglomération,Hors intersection,Normale,Autre collision,,,,,,,,,,,1,2,1,1,6.0
201600014439,0016-04-08 16:45:00,16,4,8,16,45,130,55,SIDI BRAHIM (SQUARE),43.29743,5.39933,Plein jour,En agglomération,Hors intersection,Normale,Sans collision,,,,,,,,,,,1,2,1,1,7.0
201600014440,0016-04-08 16:45:00,16,4,8,16,45,130,55,"92, PRADO (AVENUE DU)",43.28201,5.38594,Plein jour,En agglomération,Intersection en T,Normale,Autre collision,,,,,,,,,,,1,2,3,1,6.0
201600014441,0016-04-08 22:40:00,16,4,8,22,40,130,55,"103, LIEUTAUD (COURS)",43.2892,5.38404,Nuit avec éclairage allumé,En agglomération,Hors intersection,Normale,Deux véhicules - côté,,,,,,,,,,,5,2,1,1,3.0
201600014442,0016-04-08 22:15:00,16,4,8,22,15,130,55,"1, FLORIAN ( ROND POINT)",43.28547,5.42576,Nuit avec éclairage allumé,En agglomération,Hors intersection,Normale,Deux véhicules - côté,,,,,,,,,,,5,2,1,1,3.0
201600014443,0016-04-09 03:50:00,16,4,9,3,50,130,55,"00, JEAN MOULIN*(BOULEVA",43.29118,5.40005,Nuit avec éclairage allumé,Hors agglomération,Hors intersection,Normale,Autre collision,,,,,,,,,,,5,1,1,1,6.0
201600014444,0016-04-09 08:30:00,16,4,9,8,30,130,55,"02, LEDRU ROLLI (BOULEVA",43.34253,5.35968,Plein jour,En agglomération,Place,Normale,Trois véhicules et plus - en chaîne,,,,,,,,,,,1,2,7,1,4.0
201600014445,0016-04-08 17:55:00,16,4,8,17,55,130,55,"43, PASTEUR (AVENUE)",43.28981,5.3593,Plein jour,En agglomération,Intersection en X,Normale,Deux véhicules - frontale,,,,,,,,,,,1,2,2,1,1.0
201600014446,0016-03-29 11:15:00,16,3,29,11,15,130,55,"15, LA FEDERATION (BOULE",43.31119,5.40229,Plein jour,Hors agglomération,Hors intersection,Normale,Autre collision,,,,,,,,,,,1,1,1,1,6.0
201600014447,0016-04-09 22:45:00,16,4,9,22,45,130,55,"75, HORACE BERTIN (RUE)",43.29579,5.39158,Nuit avec éclairage allumé,En agglomération,Intersection en X,Normale,Deux véhicules - côté,,,,,,,,,,,5,2,2,1,3.0
201600014448,0016-04-10 07:15:00,16,4,10,7,15,130,55,"22, CROIX ROUGE (AVENUE)",43.33068,5.43089,Crépuscule ou aube,En agglomération,Hors intersection,Normale,Autre collision,,,,,,,,,,,2,2,1,1,6.0
201600014449,0016-04-10 08:15:00,16,4,10,8,15,130,55,"349BIS, ROMAIN ROLLAND (",43.27208,5.41046,Plein jour,En agglomération,Hors intersection,Normale,Deux véhicules - arrière,,,,,,,,,,,1,2,1,1,2.0
201600014450,0016-03-29 14:30:00,16,3,29,14,30,130,55,"111, CAILLOLS (AVENUE DE",43.30391,5.43309,Plein jour,En agglomération,Hors intersection,Normale,Deux véhicules - côté,,,,,,,,,,,1,2,1,1,3.0
201600014451,0016-04-10 14:10:00,16,4,10,14,10,130,55,"57, JOURDAN (BOULEVARD)",43.33325,5.39798,Plein jour,En agglomération,Hors intersection,Normale,Autre collision,,,,,,,,,,,1,2,1,1,6.0
201600014452,0016-04-10 02:00:00,16,4,10,2,0,130,55,"231, MENDES FRANCE (AVEN",43.24996,5.3753,Nuit avec éclairage allumé,En agglomération,Hors intersection,Normale,Autre collision,,,,,,,,,,,5,2,1,1,6.0
201600014453,0016-04-08 19:30:00,16,4,8,19,30,130,55,"2, GERANIUMS (RUE DES)",43.34145,5.40826,Plein jour,En agglomération,Hors intersection,Normale,Autre collision,,,,,,,,,,,1,2,1,1,6.0
201600014454,0016-04-11 14:20:00,16,4,11,14,20,130,55,"75, ENCO DE BOT (ROUTE)",,,Plein jour,En agglomération,Hors intersection,Normale,Deux véhicules - frontale,,,,,,,,,,,1,2,1,1,1.0
201600014455,0016-04-11 13:10:00,16,4,11,13,10,130,55,"38, CABOT (BOULEVARD)",43.25902,5.41694,Plein jour,En agglomération,Hors intersection,Normale,Autre collision,,,,,,,,,,,1,2,1,1,6.0
201600014456,0016-04-11 23:30:00,16,4,11,23,30,130,55,MAZARGUES (ROND-POIN,43.2508,5.40355,Nuit avec éclairage allumé,En agglomération,Hors intersection,Normale,Deux véhicules - arrière,,,,,,,,,,,5,2,1,1,2.0
201600014457,0016-04-12 08:00:00,16,4,12,8,0,130,55,ALEX ANSALDI (RUE),43.33114,5.4062,Plein jour,En agglomération,Intersection en Y,Normale,Deux véhicules - côté,,,,,,,,,,,1,2,4,1,3.0
201600014458,0016-04-12 09:12:00,16,4,12,9,12,130,55,"387, MICHELET (BOULEVARD",43.25435,5.40159,Plein jour,En agglomération,Hors intersection,Normale,Deux véhicules - côté,,,,,,,,,,,1,2,1,1,3.0
201600014459,0016-04-12 15:00:00,16,4,12,15,0,130,212,"00, GERARD TOULON (RD PT",43.30596,5.47018,Plein jour,En agglomération,Giratoire,Normale,Deux véhicules - côté,,,,,,,,,,,1,2,6,1,3.0
201600014460,0016-04-15 12:00:00,16,4,15,12,0,130,55,"354, POILUS (AVENUE DES)",43.31372,5.46312,Plein jour,En agglomération,Hors intersection,Normale,Trois véhicules et plus - collisions multiples,,,,,,,,,,,1,2,1,1,5.0
201600014461,0016-04-12 18:40:00,16,4,12,18,40,130,55,10 Boulevard Voltaire,43.28319,5.50536,Plein jour,Hors agglomération,Hors intersection,Normale,Deux véhicules - côté,,,,,,,,,,,1,1,1,1,3.0
201600014462,0016-04-13 08:45:00,16,4,13,8,45,130,55,"325, CORNICHE KENNEDY",43.27425,5.36205,Plein jour,En agglomération,Hors intersection,Normale,Deux véhicules - arrière,,,,,,,,,,,1,2,1,1,2.0
201600014463,0016-04-13 11:30:00,16,4,13,11,30,130,55,"51, FRANOIS MIGNET (AVE",43.33153,5.42842,Plein jour,En agglomération,Hors intersection,Normale,Autre collision,,,,,,,,,,,1,2,1,1,6.0
201600014464,0016-04-12 20:00:00,16,4,12,20,0,130,55,DIABLE (TRAVERSE DU),43.30556,5.45016,Plein jour,En agglomération,Hors intersection,Normale,Deux véhicules - frontale,,,,,,,,,,,1,2,1,1,1.0
201600014465,0016-04-12 13:00:00,16,4,12,13,0,130,55,ARENC (QUAI D'),43.31324,5.36629,Plein jour,En agglomération,Intersection en T,Normale,Deux véhicules - côté,,,,,,,,,,,1,2,3,1,3.0
201600014466,0016-04-13 15:00:00,16,4,13,15,0,130,55,"307, ROMAIN ROLLAND (BOU",43.27214,5.41061,Plein jour,En agglomération,Hors intersection,Normale,Trois véhicules et plus - collisions multiples,,,,,,,,,,,1,2,1,1,5.0
201600014467,0016-04-12 15:00:00,16,4,12,15,0,130,55,"16, ALGER (RUE D')",43.28928,5.38837,Plein jour,En agglomération,Intersection en X,Normale,Deux véhicules - côté,,,,,,,,,,,1,2,2,1,3.0
201600014468,0016-04-13 15:40:00,16,4,13,15,40,130,2,"12, JEAN GIONO (AVENUE)",43.33192,5.48569,Plein jour,En agglomération,Hors intersection,Normale,Deux véhicules - frontale,,,,,,,,,,,1,2,1,1,1.0
201600014469,0016-04-14 05:50:00,16,4,14,5,50,130,55,"46, CABOT*(BOULEVARD)",43.25861,5.41725,Nuit avec éclairage allumé,En agglomération,Hors intersection,Normale,Deux véhicules - arrière,,,,,,,,,,,5,2,1,1,2.0
201600014470,0016-04-11 10:40:00,16,4,11,10,40,130,55,"00, CABOT (BOULEVARD)",43.26018,5.41584,Plein jour,En agglomération,Intersection en T,Normale,Deux véhicules - frontale,,,,,,,,,,,1,2,3,1,1.0
201600014471,0016-04-14 15:45:00,16,4,14,15,45,130,55,"32, (RUE) RAPHAEL PONSON",43.26646,5.38824,Plein jour,En agglomération,Hors intersection,Normale,Deux véhicules - frontale,,,,,,,,,,,1,2,1,1,1.0
201600014472,0016-04-09 16:30:00,16,4,9,16,30,130,55,"154, BRETEUIL (RUE)",43.28378,5.37846,Plein jour,En agglomération,Hors intersection,Normale,Deux véhicules - frontale,,,,,,,,,,,1,2,1,1,1.0
201600014473,0016-04-14 19:30:00,16,4,14,19,30,130,55,"00, ROVE (ROUTE DU)",43.35951,5.28617,Plein jour,Hors agglomération,Hors intersection,Normale,Deux véhicules - côté,,,,,,,,,,,1,1,1,1,3.0
201600014474,0016-04-10 04:00:00,16,4,10,4,0,130,55,"33, MARCHAL JUIN (BOULE",43.31148,5.40336,Nuit sans éclairage public,En agglomération,Hors intersection,Normale,Autre collision,,,,,,,,,,,3,2,1,1,6.0
201600014475,0016-04-15 02:00:00,16,4,15,2,0,130,55,"2, BOISERAIE (RUE)",43.29727,5.42183,Nuit avec éclairage allumé,En agglomération,Hors intersection,Normale,Autre collision,,,,,,,,,,,5,2,1,1,6.0
201600014476,0016-04-08 10:30:00,16,4,8,10,30,130,55,"17, SAINT BAZILE (RUE)",43.29965,5.38429,Plein jour,En agglomération,Hors intersection,Normale,Autre collision,,,,,,,,,,,1,2,1,1,6.0
201600014477,0016-04-13 16:45:00,16,4,13,16,45,130,55,"29, VINCENT DELPUECH (BO",43.28299,5.39071,Plein jour,En agglomération,Autre intersection,Normale,Deux véhicules - arrière,,,,,,,,,,,1,2,9,1,2.0
201600014478,0016-04-07 18:00:00,16,4,7,18,0,130,55,"61, PRADO (AVENUE DU)",43.28253,5.38565,Plein jour,En agglomération,Hors intersection,Normale,Deux véhicules - arrière,,,,,,,,,,,1,2,1,1,2.0
201600014479,0016-03-19 19:30:00,16,3,19,19,30,130,55,"45, FOUR A CHAU (RUE)",43.28829,5.35581,Plein jour,En agglomération,Hors intersection,Normale,Sans collision,,,,,,,,,,,1,2,1,1,7.0
201600014480,0016-04-15 16:00:00,16,4,15,16,0,130,55,"134, MICHELET (BOULEVARD",43.2657,5.3949,Plein jour,En agglomération,Hors intersection,Normale,Deux véhicules - arrière,,,,,,,,,,,1,2,1,1,2.0
201600014481,0016-04-16 01:30:00,16,4,16,1,30,130,213,"178, CROIX ROUGE (AVENUE",43.33499,5.4437,Nuit avec éclairage allumé,En agglomération,Hors intersection,Normale,Deux véhicules - côté,,,,,,,,,,,5,2,1,1,3.0
201600014482,0016-04-16 00:10:00,16,4,16,0,10,130,210,"1, JACQUES HEBERT (RUE)",43.28332,5.39337,Nuit avec éclairage allumé,En agglomération,Hors intersection,Normale,Deux véhicules - frontale,,,,,,,,,,,5,2,1,1,1.0
201600014483,0016-04-14 16:10:00,16,4,14,16,10,130,55,"54, DE ROUX (BD ET IMPAS",43.3071,5.4052,Plein jour,En agglomération,Intersection en T,Normale,Deux véhicules - côté,,,,,,,,,,,1,2,3,1,3.0
201600014484,0016-04-14 14:30:00,16,4,14,14,30,130,55,"79, SAINTE CECILE (RUE)",43.28819,5.39519,Plein jour,En agglomération,Intersection en T,Normale,Deux véhicules - côté,,,,,,,,,,,1,2,3,1,3.0
201600014485,0016-03-11 14:45:00,16,3,11,14,45,130,55,"01, DAVIEL (PLACE)",43.29756,5.36919,Plein jour,En agglomération,Hors intersection,Normale,Autre collision,,,,,,,,,,,1,2,1,1,6.0
201600014486,0016-04-16 18:45:00,16,4,16,18,45,130,215,HENRI BARNIER (BOULEVARD,43.36711,5.34355,Plein jour,Hors agglomération,Hors intersection,Normale,Deux véhicules - frontale,,,,,,,,,,,1,1,1,1,1.0
201600014487,0016-04-14 13:30:00,16,4,14,13,30,130,55,"04, SAINTE CECILE (RUE)",43.28671,5.39036,Plein jour,Hors agglomération,Intersection en X,Normale,Deux véhicules - côté,,,,,,,,,,,1,1,2,1,3.0
201600014488,0016-04-15 18:45:00,16,4,15,18,45,130,55,POILUS (AVENUE DES),43.31395,5.46292,Plein jour,En agglomération,Intersection en T,Normale,Deux véhicules - côté,,,,,,,,,,,1,2,3,1,3.0
201600014489,0016-04-17 04:30:00,16,4,17,4,30,130,210,"63, JEAN MOULIN (BOULEVA",43.28536,5.39881,Nuit avec éclairage allumé,En agglomération,Hors intersection,Normale,Deux véhicules - côté,,,,,,,,,,,5,2,1,1,3.0
201600014490,0016-04-14 14:40:00,16,4,14,14,40,130,55,"92, LIEUTAUD (COURS)",43.29122,5.38303,Plein jour,En agglomération,Intersection en T,Normale,Deux véhicules - côté,,,,,,,,,,,1,2,3,1,3.0
201600014491,0016-04-15 19:30:00,16,4,15,19,30,130,55,"11, AMPERE (BOULEVARD)",43.33785,5.37358,Plein jour,En agglomération,Hors intersection,Normale,Deux véhicules - côté,,,,,,,,,,,1,2,1,1,3.0
201600014492,0016-04-16 18:45:00,16,4,16,18,45,130,215,"00, ANCIENS COMBATTANTS",43.37375,5.35504,Plein jour,En agglomération,Intersection en T,Normale,Deux véhicules - côté,,,,,,,,,,,1,2,3,1,3.0
201600014493,0016-04-17 12:15:00,16,4,17,12,15,130,206,"32, PRADO (AVENUE DU)",43.28402,5.3848,Plein jour,En agglomération,Intersection en T,Normale,Deux véhicules - côté,,,,,,,,,,,1,2,3,1,3.0
201600014494,0016-03-30 19:45:00,16,3,30,19,45,130,55,"217, CHAVE (BOULEVARD)",43.29585,5.40039,Crépuscule ou aube,En agglomération,Intersection en X,Normale,Deux véhicules - côté,,,,,,,,,,,2,2,2,1,3.0
201600014495,0016-04-17 14:00:00,16,4,17,14,0,130,207,"263, CORNICHE KENNEDY",43.28084,5.35218,Plein jour,En agglomération,Hors intersection,Normale,Deux véhicules - frontale,,,,,,,,,,,1,2,1,1,1.0
201600014496,0016-04-17 16:10:00,16,4,17,16,10,130,208,"434, PRADO (AVENUE DU)",43.26849,5.38507,Plein jour,En agglomération,Hors intersection,Normale,Deux véhicules - arrière,,,,,,,,,,,1,2,1,1,2.0
201600014497,0016-04-17 19:30:00,16,4,17,19,30,130,210,"179, CAPELETTE (AVENUE D",43.28061,5.40774,Plein jour,En agglomération,Hors intersection,Normale,Deux véhicules - côté,,,,,,,,,,,1,2,1,1,3.0
201600014498,0016-04-18 07:30:00,16,4,18,7,30,130,211,"441 A, MIRELLE LAUZE (BO",43.28763,5.43329,Plein jour,En agglomération,Hors intersection,Normale,Sans collision,,,,,,,,,,,1,2,1,1,7.0
201600014499,0016-04-09 11:00:00,16,4,9,11,0,130,55,"09, ALEX. FLEMING (BOULE",43.31545,5.40187,Plein jour,En agglomération,Hors intersection,Normale,Autre collision,,,,,,,,,,,1,2,1,1,6.0
201600014500,0016-04-08 09:30:00,16,4,8,9,30,130,55,"39, FLAMMARION (BOULEVAR",43.30467,5.39018,Plein jour,En agglomération,Hors intersection,Normale,Autre collision,,,,,,,,,,,1,2,1,1,6.0
201600014501,0016-04-15 11:15:00,16,4,15,11,15,130,55,"315, CORNICHE KENNEDY",43.27173,5.3628,Plein jour,En agglomération,Hors intersection,Normale,Autre collision,,,,,,,,,,,1,2,1,1,6.0
201600014502,0016-03-30 16:00:00,16,3,30,16,0,130,55,"108, LIEUTAUD (COURS)",43.29049,5.38339,Plein jour,En agglomération,Hors intersection,Normale,Autre collision,,,,,,,,,,,1,2,1,1,6.0