accident_id,datetime,annee,mois,jour,heure,minute,departement,commune_insee,adresse,latitude,longitude,luminosite,agglomeration,intersection,meteo,collision,nb_vehicules,nb_usagers,nb_indemnes,nb_tues,nb_blesses_hosp,nb_blesses_legers,age_cond_1,age_cond_2,veh_type_cond_1,veh_type_cond_2,lum_code,agg_code,int_code,atm_code,col_code
201600015103,0016-07-09 17:00:00,16,7,9,17,0,130,55,ARENC (QUAI D'),43.31741,5.36316,Plein jour,En agglomération,Hors intersection,Normale,Deux véhicules - arrière,,,,,,,,,,,1,2,1,1,2.0
201600015104,0016-07-09 04:20:00,16,7,9,4,20,130,55,"172, CANEBIERE    81 A F",43.29886,5.38505,Nuit avec éclairage allumé,En agglomération,Hors intersection,Normale,Deux véhicules - côté,,,,,,,,,,,5,2,1,1,3.0
201600015105,0016-07-10 02:25:00,16,7,10,2,25,130,55,"66, CANEBIERE    **",43.29737,5.38038,Nuit avec éclairage allumé,En agglomération,Hors intersection,Normale,Autre collision,,,,,,,,,,,5,2,1,1,6.0
201600015106,0016-07-09 18:40:00,16,7,9,18,40,130,55,"60, SAINT JEAN DU DESERT",43.29944,5.43662,Plein jour,En agglomération,Hors intersection,Normale,Trois véhicules et plus - collisions multiples,,,,,,,,,,,1,2,1,1,5.0
201600015107,0016-07-06 12:35:00,16,7,6,12,35,130,55,"7, ROSIERS (TRAVERSE DES",43.32179,5.3884,Plein jour,En agglomération,Hors intersection,Normale,Autre collision,,,,,,,,,,,1,2,1,1,6.0
201600015108,0016-07-10 16:50:00,16,7,10,16,50,130,55,"381, MARITIME (TRAVERSE)",43.3374,5.35332,Plein jour,En agglomération,Hors intersection,Normale,Deux véhicules - côté,,,,,,,,,,,1,2,1,1,3.0
201600015109,0016-07-10 21:15:00,16,7,10,21,15,130,55,av.marché national,43.34118,5.377,Nuit avec éclairage allumé,En agglomération,Hors intersection,Normale,Deux véhicules - côté,,,,,,,,,,,5,2,1,1,3.0
201600015110,0016-07-11 07:30:00,16,7,11,7,30,130,55,"00, HENRI MARTINET (ROND",43.29755,5.47948,Plein jour,En agglomération,Hors intersection,Normale,Deux véhicules - arrière,,,,,,,,,,,1,2,1,1,2.0
201600015111,0016-07-11 07:45:00,16,7,11,7,45,130,55,"322, ROMAIN ROLLAND (BOU",43.27177,5.40998,Plein jour,En agglomération,Hors intersection,Normale,Deux véhicules - arrière,,,,,,,,,,,1,2,1,1,2.0
201600015112,0016-07-11 09:50:00,16,7,11,9,50,130,55,"61, JEAN MOULIN (BOULEVA",43.28715,5.40006,Plein jour,En agglomération,Hors intersection,Normale,Deux véhicules - côté,,,,,,,,,,,1,2,1,1,3.0
201600015113,0016-07-11 12:30:00,16,7,11,12,30,130,55,"37, JEAN LOMBARD (AVENUE",43.28909,5.43502,Plein jour,En agglomération,Hors intersection,Normale,Deux véhicules - côté,,,,,,,,,,,1,2,1,1,3.0
201600015114,0016-07-01 08:30:00,16,7,1,8,30,130,55,"97, OLIVES (AVENUE DES",43.32747,5.43618,Plein jour,En agglomération,Hors intersection,Normale,Deux véhicules - côté,,,,,,,,,,,1,2,1,1,3.0
201600015115,0016-07-11 14:00:00,16,7,11,14,0,130,55,"11, BELLE OMBRE (RUE)",43.27017,5.40786,Plein jour,En agglomération,Hors intersection,Normale,Trois véhicules et plus - en chaîne,,,,,,,,,,,1,2,1,1,4.0
201600015116,0016-07-11 22:10:00,16,7,11,22,10,130,55,"66, ROME (RUE DE)",43.29269,5.37989,Nuit avec éclairage allumé,En agglomération,Passage à niveau,Normale,Deux véhicules - côté,,,,,,,,,,,5,2,8,1,3.0
201600015117,0016-07-12 00:50:00,16,7,12,0,50,130,55,"1, SANCTA MARI (PLACE)",43.28623,5.37014,Nuit avec éclairage allumé,En agglomération,Hors intersection,Normale,Sans collision,,,,,,,,,,,5,2,1,1,7.0
201600015118,0016-07-12 02:45:00,16,7,12,2,45,130,55,"10, SAKAKINI (BOULEVARD)",43.29874,5.40069,Nuit avec éclairage allumé,En agglomération,Hors intersection,Normale,Deux véhicules - côté,,,,,,,,,,,5,2,1,1,3.0
201600015119,0016-07-09 18:45:00,16,7,9,18,45,130,55,AVENUE DU GRAND LARG,,,Plein jour,Hors agglomération,Hors intersection,Normale,Deux véhicules - côté,,,,,,,,,,,1,1,1,1,3.0
201600015120,0016-07-12 06:50:00,16,7,12,6,50,130,55,"157, PLOMBIERES (BOULEVA",43.31834,5.37979,Plein jour,En agglomération,Intersection en T,Normale,Deux véhicules - côté,,,,,,,,,,,1,2,3,1,3.0
201600015121,0016-07-12 07:45:00,16,7,12,7,45,130,55,"00, SALVADOR ALLENDE (RU",43.32989,5.40663,Plein jour,En agglomération,Hors intersection,Normale,Sans collision,,,,,,,,,,,1,2,1,1,7.0
201600015122,0016-07-12 11:00:00,16,7,12,11,0,130,55,"393, ROMAIN ROLLAND (BOU",43.27031,5.40681,Plein jour,En agglomération,Intersection en T,Normale,Deux véhicules - côté,,,,,,,,,,,1,2,3,1,3.0
201600015123,0016-07-11 18:40:00,16,7,11,18,40,130,55,"350, MICHELET (BOULEVARD",43.25756,5.39969,Plein jour,En agglomération,Hors intersection,Normale,Deux véhicules - arrière,,,,,,,,,,,1,2,1,1,2.0
201600015124,0016-07-12 18:12:00,16,7,12,18,12,130,55,"17, AVIATEUR LE BRIX*(RU",43.26268,5.40464,Plein jour,En agglomération,Hors intersection,Normale,Deux véhicules - côté,,,,,,,,,,,1,2,1,1,3.0
201600015125,0016-07-13 01:40:00,16,7,13,1,40,130,55,LUMINY (AVENUE DE),43.24369,5.438,Nuit avec éclairage allumé,Hors agglomération,Hors intersection,Normale,Autre collision,,,,,,,,,,,5,1,1,1,6.0
201600015126,0016-07-13 00:30:00,16,7,13,0,30,130,55,"51, MARCHAL DE LATTRE (",43.24772,5.40659,Nuit avec éclairage allumé,En agglomération,Hors intersection,Normale,Autre collision,,,,,,,,,,,5,2,1,1,6.0
201600015127,0016-07-13 10:20:00,16,7,13,10,20,130,55,VALBARELLE (CHEMIN DE LA,43.28212,5.44315,Plein jour,En agglomération,Hors intersection,Normale,Deux véhicules - arrière,,,,,,,,,,,1,2,1,1,2.0
201600015128,0016-07-13 13:30:00,16,7,13,13,30,130,55,"64, VERTUS (RUE DES)",43.2885,5.39245,Plein jour,En agglomération,Intersection en T,Normale,Autre collision,,,,,,,,,,,1,2,3,1,6.0
201600015129,0016-07-13 16:05:00,16,7,13,16,5,130,55,"20, RABATAU (BOULEVARD)",43.27312,5.39239,Plein jour,En agglomération,Hors intersection,Normale,Deux véhicules - arrière,,,,,,,,,,,1,2,1,1,2.0
201600015130,0016-07-13 16:00:00,16,7,13,16,0,130,2,"00, ETIENNE CUCCA-CD908",43.30881,5.54448,Plein jour,Hors agglomération,Hors intersection,Normale,Autre collision,,,,,,,,,,,1,1,1,1,6.0
201600015131,0016-07-13 16:20:00,16,7,13,16,20,130,55,"27, BELGES (QUAI DES)",43.29483,5.37456,Plein jour,En agglomération,Hors intersection,Normale,Autre collision,,,,,,,,,,,1,2,1,1,6.0
201600015132,0016-07-14 00:20:00,16,7,14,0,20,130,55,PERIER (BOULEVARD),43.2778,5.37456,Nuit avec éclairage allumé,En agglomération,Hors intersection,Normale,Autre collision,,,,,,,,,,,5,2,1,1,6.0
201600015133,0016-07-13 12:40:00,16,7,13,12,40,130,55,"4, MONTRE (TRAVERSE DE L",43.29189,5.47316,Plein jour,En agglomération,Hors intersection,Normale,Trois véhicules et plus - en chaîne,,,,,,,,,,,1,2,1,1,4.0
201600015134,0016-07-14 07:55:00,16,7,14,7,55,130,55,"74, CHARTREUX**AVENUE DE",43.30517,5.39916,Plein jour,En agglomération,Hors intersection,Normale,Deux véhicules - arrière,,,,,,,,,,,1,2,1,1,2.0
201600015135,0016-07-13 12:45:00,16,7,13,12,45,130,55,"00, AVIATEUR LE BRIX (RU",43.25977,5.40224,Plein jour,En agglomération,Intersection en T,Normale,Deux véhicules - côté,,,,,,,,,,,1,2,3,1,3.0
201600015136,0016-07-07 12:30:00,16,7,7,12,30,130,55,"00, AUGUSTIN AUBERT (RUE",43.2628,5.40447,Plein jour,En agglomération,Giratoire,Normale,Deux véhicules - côté,,,,,,,,,,,1,2,6,1,3.0
201600015137,0016-07-14 14:00:00,16,7,14,14,0,130,2,"00, PROVENCE (AVENUE DE)",43.32363,5.47958,Plein jour,Hors agglomération,Intersection en T,Normale,Deux véhicules - côté,,,,,,,,,,,1,1,3,1,3.0
201600015138,0016-07-09 11:45:00,16,7,9,11,45,130,55,"0, LIBERATION (BOULEVARD",43.30059,5.38644,Plein jour,En agglomération,Hors intersection,Normale,Deux véhicules - côté,,,,,,,,,,,1,2,1,1,3.0
201600015139,0016-07-01 17:25:00,16,7,1,17,25,130,55,"149, SAINT PIERRE*(RUE)",43.29202,5.39396,Plein jour,En agglomération,Hors intersection,Normale,Autre collision,,,,,,,,,,,1,2,1,1,6.0
201600015140,0016-07-04 07:30:00,16,7,4,7,30,130,55,"00, ALEX. FLEMING (BOULE",43.31543,5.39236,Plein jour,En agglomération,Hors intersection,Normale,Deux véhicules - arrière,,,,,,,,,,,1,2,1,1,2.0
201600015141,0016-07-15 08:30:00,16,7,15,8,30,130,55,"00, EMMANUEL ALLARD (RUE",43.29002,5.44107,Plein jour,En agglomération,Intersection en T,Normale,Autre collision,,,,,,,,,,,1,2,3,1,6.0
201600015142,0016-07-02 16:20:00,16,7,2,16,20,130,55,"317, CORNICHE KENNEDY",43.27732,5.35673,Plein jour,En agglomération,Hors intersection,Normale,Deux véhicules - côté,,,,,,,,,,,1,2,1,1,3.0
201600015143,0016-07-15 14:10:00,16,7,15,14,10,130,55,"108, VALBARELLE (BOULEVA",43.2874,5.4477,Plein jour,En agglomération,Hors intersection,Normale,Autre collision,,,,,,,,,,,1,2,1,1,6.0
201600015144,0016-07-15 14:15:00,16,7,15,14,15,130,55,"215, GIBBES (CHEMIN DE)",43.32881,5.38529,Plein jour,En agglomération,Hors intersection,Normale,Deux véhicules - arrière,,,,,,,,,,,1,2,1,1,2.0
201600015145,0016-07-02 19:30:00,16,7,2,19,30,130,55,"11, POL LAPEYRE (PLACE)",43.29292,5.40954,Plein jour,En agglomération,Hors intersection,Normale,Deux véhicules - arrière,,,,,,,,,,,1,2,1,1,2.0
201600015146,0016-07-14 15:30:00,16,7,14,15,30,130,55,"19, CASTELLANE (PLACE)",43.28588,5.38411,Plein jour,En agglomération,Hors intersection,Normale,Autre collision,,,,,,,,,,,1,2,1,1,6.0
201600015147,0016-07-15 12:10:00,16,7,15,12,10,130,55,"223, ROME (RUE DE)",43.28644,5.38352,Plein jour,En agglomération,Hors intersection,Normale,Autre collision,,,,,,,,,,,1,2,1,1,6.0
201600015148,0016-07-16 11:00:00,16,7,16,11,0,130,55,"102, CHARTREUX (AVENUE D",43.30606,5.39952,Plein jour,En agglomération,Hors intersection,Normale,Autre collision,,,,,,,,,,,1,2,1,1,6.0
201600015149,0016-07-16 21:50:00,16,7,16,21,50,130,55,"00, FLORIAN ( ROND POINT",43.28583,5.42554,Nuit avec éclairage allumé,En agglomération,Giratoire,Normale,Deux véhicules - côté,,,,,,,,,,,5,2,6,1,3.0
201600015150,0016-07-17 06:35:00,16,7,17,6,35,130,55,"265, POILUS (AVENUE DES)",43.31696,5.46062,Plein jour,En agglomération,Hors intersection,Normale,Deux véhicules - arrière,,,,,,,,,,,1,2,1,1,2.0
201600015151,0016-07-17 05:50:00,16,7,17,5,50,130,55,"19, LOCARNO (RUE DE)",43.294,5.39577,Plein jour,En agglomération,Intersection en X,Normale,Deux véhicules - côté,,,,,,,,,,,1,2,2,1,3.0
201600015152,0016-07-17 11:20:00,16,7,17,11,20,130,55,"11, SAUVEUR TOBELEM *RUE",43.28861,5.36555,Plein jour,Hors agglomération,Hors intersection,Normale,Autre collision,,,,,,,,,,,1,1,1,1,6.0
201600015153,0016-07-01 08:30:00,16,7,1,8,30,130,55,"57, MONTOLIVET (AVENUE D",43.30887,5.40461,Plein jour,En agglomération,Hors intersection,Normale,Deux véhicules - côté,,,,,,,,,,,1,2,1,1,3.0
201600015154,0016-07-12 19:20:00,16,7,12,19,20,130,55,"287, CORNICHE KENNEDY",43.37505,5.36107,Plein jour,En agglomération,Hors intersection,Normale,Deux véhicules - côté,,,,,,,,,,,1,2,1,1,3.0
201600015155,0016-07-18 00:06:00,16,7,18,0,6,130,55,"10, BACHAS (RUE DU)",43.31795,5.38954,Nuit avec éclairage allumé,En agglomération,Hors intersection,Normale,Deux véhicules - côté,,,,,,,,,,,5,2,1,1,3.0
201600015156,0016-07-18 01:20:00,16,7,18,1,20,130,55,"52, BRIANCON (BOULEVARD)",43.31987,5.37112,Nuit avec éclairage allumé,En agglomération,Hors intersection,Normale,Autre collision,,,,,,,,,,,5,2,1,1,6.0
201600015157,0016-07-18 07:05:00,16,7,18,7,5,130,55,"669, LITTORAL (CHEMIN DU",43.35809,5.3217,Plein jour,En agglomération,Hors intersection,Normale,Deux véhicules - arrière,,,,,,,,,,,1,2,1,1,2.0
201600015158,0016-07-18 07:30:00,16,7,18,7,30,130,55,"06, PERRIN (BOULEVARD)",43.31802,5.40605,Plein jour,En agglomération,Hors intersection,Normale,Deux véhicules - arrière,,,,,,,,,,,1,2,1,1,2.0
201600015159,0016-07-18 10:45:00,16,7,18,10,45,130,55,"47, CAMOINS**(RUE LES)",43.29697,5.49366,Plein jour,En agglomération,Hors intersection,Normale,Trois véhicules et plus - en chaîne,,,,,,,,,,,1,2,1,1,4.0
201600015160,0016-07-16 18:30:00,16,7,16,18,30,130,55,"40, CONDORCET (RUE)",43.3568,5.34269,Plein jour,En agglomération,Hors intersection,Normale,Autre collision,,,,,,,,,,,1,2,1,1,6.0
201600015161,0016-07-07 15:50:00,16,7,7,15,50,130,55,"64, CORDERIE (BOULEVARD",43.29037,5.36837,Plein jour,En agglomération,Intersection en T,Normale,Deux véhicules - côté,,,,,,,,,,,1,2,3,1,3.0
201600015162,0016-06-30 20:40:00,16,6,30,20,40,130,201,"00, PYTHEAS (RUE)",43.29439,5.37542,Plein jour,En agglomération,Intersection en X,Normale,Deux véhicules - côté,,,,,,,,,,,1,2,2,1,3.0
201600015163,0016-07-18 10:30:00,16,7,18,10,30,130,55,"49, ROGER CHIEUSSE (BOUL",43.36261,5.31748,Plein jour,En agglomération,Hors intersection,Normale,Deux véhicules - frontale,,,,,,,,,,,1,2,1,1,1.0
201600015164,0016-07-18 14:30:00,16,7,18,14,30,130,55,"65, JEAN LOMBARD (AVENUE",43.28909,5.43502,Plein jour,En agglomération,Hors intersection,Normale,Trois véhicules et plus - en chaîne,,,,,,,,,,,1,2,1,1,4.0
201600015165,0016-06-18 16:20:00,16,6,18,16,20,130,201,"11, LIBERTE (BOULEVARD D",43.30081,5.38164,Plein jour,En agglomération,Hors intersection,Pluie légère,Deux véhicules - côté,,,,,,,,,,,1,2,1,2,3.0
201600015166,0016-06-26 23:55:00,16,6,26,23,55,130,55,100 LIEUTAUD (COURS),43.29113,5.38306,Nuit avec éclairage allumé,En agglomération,Hors intersection,Normale,Deux véhicules - frontale,,,,,,,,,,,5,2,1,1,1.0
201600015167,0016-07-18 13:30:00,16,7,18,13,30,130,55,JEAN PAUL SARTRE (AVENUE,43.32129,5.41702,Plein jour,En agglomération,Hors intersection,Normale,Trois véhicules et plus - en chaîne,,,,,,,,,,,1,2,1,1,4.0
201600015168,0016-07-19 05:35:00,16,7,19,5,35,130,55,"00, BASSINS DE RADOUB (B",43.28909,5.43502,Crépuscule ou aube,En agglomération,Hors intersection,Normale,Autre collision,,,,,,,,,,,2,2,1,1,6.0
201600015169,0016-07-05 16:30:00,16,7,5,16,30,130,55,"00, TUNNEL PRADO SUD",43.30348,5.36481,Plein jour,Hors agglomération,Hors intersection,Normale,Sans collision,,,,,,,,,,,1,1,1,1,7.0
201600015170,0016-07-18 20:45:00,16,7,18,20,45,130,55,"05, BONHOMME*(impasse)",43.23522,5.36146,Crépuscule ou aube,En agglomération,Hors intersection,Normale,Autre collision,,,,,,,,,,,2,2,1,1,6.0
201600015171,0016-07-19 14:30:00,16,7,19,14,30,130,55,ROMAIN ROLLAND (BOULEVAR,43.27375,5.41393,Plein jour,En agglomération,Intersection en T,Normale,Deux véhicules - côté,,,,,,,,,,,1,2,3,1,3.0
201600015172,0016-07-19 18:00:00,16,7,19,18,0,130,55,"48, ROUET (RUE DU)",43.28322,5.38689,Plein jour,En agglomération,Hors intersection,Normale,Deux véhicules - côté,,,,,,,,,,,1,2,1,1,3.0
201600015173,0016-07-19 17:00:00,16,7,19,17,0,130,55,"343, CORNICHE KENNEDY",43.272,5.36273,Plein jour,En agglomération,Hors intersection,Normale,Deux véhicules - côté,,,,,,,,,,,1,2,1,1,3.0
201600015174,0016-07-19 18:45:00,16,7,19,18,45,130,55,"69, CHARLES KADDOUZ (RUE",43.31158,5.42871,Plein jour,En agglomération,Hors intersection,Normale,Deux véhicules - côté,,,,,,,,,,,1,2,1,1,3.0
201600015175,0016-07-20 00:54:00,16,7,20,0,54,130,55,"7, MELCHIOR GUINOT (RUE)",43.30928,5.36885,Nuit avec éclairage allumé,En agglomération,Hors intersection,Normale,Deux véhicules - côté,,,,,,,,,,,5,2,1,1,3.0
201600015176,0016-07-20 06:30:00,16,7,20,6,30,130,55,".00, JEAN PAUL SARTRE (A",,,Plein jour,En agglomération,Hors intersection,Normale,Sans collision,,,,,,,,,,,1,2,1,1,7.0
201600015177,0016-07-20 09:15:00,16,7,20,9,15,130,55,"397, MICHELET (BOULEVARD",43.25343,5.40213,Plein jour,En agglomération,Hors intersection,Normale,Autre collision,,,,,,,,,,,1,2,1,1,6.0
201600015178,0016-07-20 17:15:00,16,7,20,17,15,130,55,ALEX. FLEMING (BOULEVARD,43.31581,5.39357,Plein jour,En agglomération,Hors intersection,Normale,Autre collision,,,,,,,,,,,1,2,1,1,6.0
201600015179,0016-07-20 18:10:00,16,7,20,18,10,130,55,"130, FERNANDEL (AVENUE)",43.31132,5.45698,Plein jour,En agglomération,Hors intersection,Normale,Autre collision,,,,,,,,,,,1,2,1,1,6.0
201600015180,0016-07-20 21:50:00,16,7,20,21,50,130,55,"141, HAMBOURG (BOULEVARD",43.24721,5.39325,Nuit avec éclairage allumé,En agglomération,Hors intersection,Normale,Deux véhicules - côté,,,,,,,,,,,5,2,1,1,3.0
201600015181,0016-07-21 14:45:00,16,7,21,14,45,130,55,"00, FENOUIL (BOULEVARD)",43.35801,5.32066,Plein jour,En agglomération,Hors intersection,Normale,Sans collision,,,,,,,,,,,1,2,1,1,7.0
201600015182,0016-07-21 18:00:00,16,7,21,18,0,130,55,"728, LITTORAL (CHEMIN DU",43.3585,5.31863,Plein jour,En agglomération,Hors intersection,Normale,Autre collision,,,,,,,,,,,1,2,1,1,6.0
201600015183,0016-07-21 16:30:00,16,7,21,16,30,130,55,"34, ROGER BRUN (RUE)",43.28614,5.3916,Plein jour,En agglomération,Hors intersection,Normale,Autre collision,,,,,,,,,,,1,2,1,1,6.0
201600015184,0016-07-21 18:15:00,16,7,21,18,15,130,55,"00, MARCEL ACHILLE (BOUL",43.27914,5.42592,Plein jour,En agglomération,Hors intersection,Normale,Deux véhicules - frontale,,,,,,,,,,,1,2,1,1,1.0
201600015185,0016-05-15 22:45:00,16,5,15,22,45,130,55,"249, SAINT PIERRE (RUE)",43.29251,5.40123,Nuit avec éclairage allumé,Hors agglomération,Intersection en X,Normale,Deux véhicules - côté,,,,,,,,,,,5,1,2,1,3.0
201600015186,0016-07-21 21:00:00,16,7,21,21,0,130,55,"138, VISTE (AVENUE DE LA",43.36185,5.35735,Crépuscule ou aube,En agglomération,Hors intersection,Normale,Deux véhicules - frontale,,,,,,,,,,,2,2,1,1,1.0
201600015187,0016-07-21 22:41:00,16,7,21,22,41,130,55,"334, PRADO (AVENUE DU)",43.27078,5.38878,Nuit avec éclairage allumé,En agglomération,Hors intersection,Normale,Deux véhicules - frontale,,,,,,,,,,,5,2,1,1,1.0
201600015188,0016-07-22 01:15:00,16,7,22,1,15,130,55,"37, BUREL*(BOULEVARD)",43.31606,5.3888,Nuit avec éclairage allumé,En agglomération,Hors intersection,Normale,Autre collision,,,,,,,,,,,5,2,1,1,6.0
201600015189,0016-07-15 10:40:00,16,7,15,10,40,130,55,"1, MARSEILLAISES (PLACE",43.30136,5.38014,Plein jour,En agglomération,Intersection en T,Normale,Deux véhicules - arrière,,,,,,,,,,,1,2,3,1,2.0
201600015190,0016-07-20 20:00:00,16,7,20,20,0,130,55,"95, CORSE**AVENUE DE LA)",43.28904,5.35806,Plein jour,En agglomération,Autre intersection,Normale,Trois véhicules et plus - collisions multiples,,,,,,,,,,,1,2,9,1,5.0
201600015191,0016-07-22 08:55:00,16,7,22,8,55,130,55,"1, CERVANTE (alle)",43.23432,5.39784,Plein jour,En agglomération,Hors intersection,Normale,Autre collision,,,,,,,,,,,1,2,1,1,6.0
201600015192,0016-07-22 13:25:00,16,7,22,13,25,130,55,"02, BASSE SAINT (RUE)",43.28415,5.38539,Plein jour,En agglomération,Hors intersection,Normale,Autre collision,,,,,,,,,,,1,2,1,1,6.0
201600015193,0016-07-22 17:30:00,16,7,22,17,30,130,55,"132, ALPHONSE DAUDET (RU",43.32152,5.41108,Plein jour,En agglomération,Hors intersection,Normale,Deux véhicules - côté,,,,,,,,,,,1,2,1,1,3.0
201600015194,0016-07-22 19:30:00,16,7,22,19,30,130,55,"17, SAINT JEAN DU DESERT",43.30155,5.43745,Plein jour,En agglomération,Hors intersection,Normale,Deux véhicules - frontale,,,,,,,,,,,1,2,1,1,1.0
201600015195,0016-07-23 00:01:00,16,7,23,0,1,130,55,"00, CHANTE PERDRIX (tvse",43.27622,5.43177,Nuit avec éclairage allumé,En agglomération,Hors intersection,Normale,Deux véhicules - côté,,,,,,,,,,,5,2,1,1,3.0
201600015196,0016-07-23 09:45:00,16,7,23,9,45,130,55,ROMAIN ROLLAND (BOULEVAR,43.27643,5.42533,Plein jour,En agglomération,Hors intersection,Normale,Autre collision,,,,,,,,,,,1,2,1,1,6.0
201600015197,0016-07-23 12:15:00,16,7,23,12,15,130,55,"19, AMARYLLIS (CHEMIN DE",43.31693,5.43981,Plein jour,En agglomération,Hors intersection,Normale,Deux véhicules - frontale,,,,,,,,,,,1,2,1,1,1.0
201600015198,0016-07-23 12:10:00,16,7,23,12,10,130,55,"142, WILLIAM BOOTH (AVEN",43.29566,5.44836,Plein jour,En agglomération,Hors intersection,Pluie légère,Deux véhicules - frontale,,,,,,,,,,,1,2,1,2,1.0
201600015199,0016-07-23 22:50:00,16,7,23,22,50,130,55,"70, CAMAS (RUE DU)",43.29721,5.39407,Nuit avec éclairage allumé,En agglomération,Intersection en X,Normale,Deux véhicules - côté,,,,,,,,,,,5,2,2,1,3.0
201600015200,0016-07-23 22:30:00,16,7,23,22,30,130,55,"148, MENDES FRANCE (AVEN",43.25389,5.37604,Nuit avec éclairage allumé,En agglomération,Hors intersection,Normale,Deux véhicules - arrière,,,,,,,,,,,5,2,1,1,2.0
201600015201,0016-07-24 07:33:00,16,7,24,7,33,130,55,"1, GRANDE ARMEE (RUE DE",43.30028,5.38418,Plein jour,En agglomération,Hors intersection,Normale,Deux véhicules - côté,,,,,,,,,,,1,2,1,1,3.0
201600015202,0016-07-05 13:00:00,16,7,5,13,0,130,55,"000, PRADO (AVENUE DU)",43.27501,5.38951,Plein jour,En agglomération,Intersection en T,Normale,Deux véhicules - côté,,,,,,,,,,,1,2,3,1,3.0
201600015203,0016-07-24 14:40:00,16,7,24,14,40,130,55,"153, RABATAU (BOULEVARD)",43.28235,5.39946,Plein jour,Hors agglomération,Hors intersection,Normale,Deux véhicules - côté,,,,,,,,,,,1,1,1,1,3.0
201600015204,0016-07-20 02:45:00,16,7,20,2,45,130,55,"9, SAKAKINI (BOULEVARD)",43.29857,5.40103,Nuit avec éclairage allumé,En agglomération,Hors intersection,Normale,Deux véhicules - côté,,,,,,,,,,,5,2,1,1,3.0
201600015205,0016-07-23 17:00:00,16,7,23,17,0,130,55,"40, LIBERTE (BOULEVARD D",43.30139,5.38334,Plein jour,En agglomération,Hors intersection,Normale,Autre collision,,,,,,,,,,,1,2,1,1,6.0
201600015206,0016-07-25 09:40:00,16,7,25,9,40,130,55,"10, HOPKINSON (SQUARE)",43.29783,5.40904,Plein jour,En agglomération,Hors intersection,Normale,Sans collision,,,,,,,,,,,1,2,1,1,7.0
201600015207,0016-07-25 08:30:00,16,7,25,8,30,130,55,"28, PORT**QUAI DU)",43.29634,5.37231,Plein jour,En agglomération,Hors intersection,Normale,Deux véhicules - frontale,,,,,,,,,,,1,2,1,1,1.0
201600015208,0016-07-21 11:30:00,16,7,21,11,30,130,55,"00, SAKAKINI (BOULEVARD)",43.2955,5.4003,Plein jour,En agglomération,Hors intersection,Normale,Deux véhicules - arrière,,,,,,,,,,,1,2,1,1,2.0
201600015209,0016-07-25 16:30:00,16,7,25,16,30,130,55,"358, HENRI BARNIER (BOUL",43.36116,5.34247,Plein jour,En agglomération,Hors intersection,Normale,Autre collision,,,,,,,,,,,1,2,1,1,6.0
201600015210,0016-07-25 17:30:00,16,7,25,17,30,130,55,"126, PONT DE VIVAUX (BOU",43.28158,5.42363,Plein jour,En agglomération,Hors intersection,Normale,Deux véhicules - côté,,,,,,,,,,,1,2,1,1,3.0
201600015211,0016-07-25 18:45:00,16,7,25,18,45,130,55,"33, CLOT BEY (AVENUE)",43.26127,5.3874,Plein jour,En agglomération,Hors intersection,Normale,Deux véhicules - côté,,,,,,,,,,,1,2,1,1,3.0
201600015212,0016-07-24 14:00:00,16,7,24,14,0,130,55,"117, CORNICHE KENNEDY",43.27898,5.35368,Plein jour,En agglomération,Hors intersection,Normale,Deux véhicules - arrière,,,,,,,,,,,1,2,1,1,2.0
201600015213,0016-07-26 08:30:00,16,7,26,8,30,130,55,"44641, JEAN QUEILLAU (RU",43.3349,5.38531,Plein jour,En agglomération,Hors intersection,Normale,Trois véhicules et plus - collisions multiples,,,,,,,,,,,1,2,1,1,5.0
201600015214,0016-07-25 11:10:00,16,7,25,11,10,130,55,"76, LE CHATELIER",43.34662,5.3647,Plein jour,En agglomération,Hors intersection,Normale,Trois véhicules et plus - collisions multiples,,,,,,,,,,,1,2,1,1,5.0
201600015215,0016-07-26 13:00:00,16,7,26,13,0,130,55,"126, MONTAIGNE (RUE)",43.30384,5.41703,Plein jour,En agglomération,Hors intersection,Normale,Deux véhicules - frontale,,,,,,,,,,,1,2,1,1,1.0
201600015216,0016-07-26 16:15:00,16,7,26,16,15,130,55,"224, SAINT LOUIS (AVENUE",43.35109,5.35849,Plein jour,En agglomération,Hors intersection,Normale,Trois véhicules et plus - collisions multiples,,,,,,,,,,,1,2,1,1,5.0
201600015217,0016-07-26 18:00:00,16,7,26,18,0,130,55,"00, BAILLE (BOULEVARD)",43.28987,5.39819,Plein jour,En agglomération,Intersection en T,Normale,Deux véhicules - arrière,,,,,,,,,,,1,2,3,1,2.0
201600015218,0016-07-26 20:25:00,16,7,26,20,25,130,55,"5, RAMPAL (AVENUE)",43.31789,5.44585,Crépuscule ou aube,En agglomération,Hors intersection,Normale,Autre collision,,,,,,,,,,,2,2,1,1,6.0
201600015219,0016-07-26 22:15:00,16,7,26,22,15,130,55,"234, SAINTE MARTHE**AVEN",43.3313,5.38925,Nuit avec éclairage allumé,En agglomération,Hors intersection,Normale,Deux véhicules - côté,,,,,,,,,,,5,2,1,1,3.0
201600015220,0016-07-26 17:50:00,16,7,26,17,50,130,55,"116, BAILLE (BOULEVARD)",43.28789,5.39136,Plein jour,En agglomération,Intersection en X,Normale,Autre collision,,,,,,,,,,,1,2,2,1,6.0
201600015221,0016-07-25 11:30:00,16,7,25,11,30,130,55,"7, DUGOMMIER (BOULEVARD)",43.29808,5.38099,Plein jour,En agglomération,Intersection en T,Normale,Deux véhicules - frontale,,,,,,,,,,,1,2,3,1,1.0