accident_id,datetime,annee,mois,jour,heure,minute,departement,commune_insee,adresse,latitude,longitude,luminosite,agglomeration,intersection,meteo,collision,nb_vehicules,nb_usagers,nb_indemnes,nb_tues,nb_blesses_hosp,nb_blesses_legers,age_cond_1,age_cond_2,veh_type_cond_1,veh_type_cond_2,lum_code,agg_code,int_code,atm_code,col_code
201600015222,0016-07-27 08:30:00,16,7,27,8,30,130,55,"173, LYON (RUE DE)",43.33073,5.365,Plein jour,En agglomération,Giratoire,Normale,Deux véhicules - côté,,,,,,,,,,,1,2,6,1,3.0
201600015223,0016-07-27 14:20:00,16,7,27,14,20,130,55,"67, AYGALADES (AVENUE DE",43.33584,5.3675,Plein jour,En agglomération,Hors intersection,Normale,Autre collision,,,,,,,,,,,1,2,1,1,6.0
201600015224,0016-07-27 14:00:00,16,7,27,14,0,130,55,SCHLOESING (BOULEVARD),43.27022,5.4027,Plein jour,En agglomération,Intersection en T,Normale,Deux véhicules - côté,,,,,,,,,,,1,2,3,1,3.0
201600015225,0016-07-27 16:20:00,16,7,27,16,20,130,55,TILLEULS (BOULEVARD),43.31891,5.40833,Plein jour,En agglomération,Hors intersection,Normale,Deux véhicules - arrière,,,,,,,,,,,1,2,1,1,2.0
201600015226,0016-07-27 17:25:00,16,7,27,17,25,130,55,"6, VALBARELLE (BOULEVARD",43.28597,5.44292,Plein jour,En agglomération,Hors intersection,Normale,Autre collision,,,,,,,,,,,1,2,1,1,6.0
201600015227,0016-07-27 14:45:00,16,7,27,14,45,130,55,"164, SAINTE MARGUERITE (",43.26649,5.40827,Plein jour,En agglomération,Intersection en T,Normale,Deux véhicules - côté,,,,,,,,,,,1,2,3,1,3.0
201600015228,0016-07-27 17:50:00,16,7,27,17,50,130,55,"00, RACATI (rue)",43.30456,5.37605,Plein jour,En agglomération,Intersection en T,Normale,Deux véhicules - côté,,,,,,,,,,,1,2,3,1,3.0
201600015229,0016-07-28 18:30:00,16,7,28,18,30,130,55,"112b, CORDERIE (BOULEVAR",43.29008,5.36762,Plein jour,En agglomération,Hors intersection,Normale,Autre collision,,,,,,,,,,,1,2,1,1,6.0
201600015230,0016-07-28 08:55:00,16,7,28,8,55,130,55,"253, ROMAIN ROLLAND (BOU",43.27371,5.41377,Plein jour,En agglomération,Hors intersection,Normale,Autre collision,,,,,,,,,,,1,2,1,1,6.0
201600015231,0016-07-28 14:40:00,16,7,28,14,40,130,55,"170, CORNICHE KENNEDY",43.28073,5.35227,Plein jour,En agglomération,Hors intersection,Normale,Autre collision,,,,,,,,,,,1,2,1,1,6.0
201600015232,0016-07-28 15:15:00,16,7,28,15,15,130,55,GARE MARITIME QUAI,43.31588,5.36447,Plein jour,Hors agglomération,Hors intersection,Normale,Autre collision,,,,,,,,,,,1,1,1,1,6.0
201600015233,0016-07-27 19:30:00,16,7,27,19,30,130,55,"210, ROMAIN ROLLAND (BOU",43.27444,5.415,Plein jour,En agglomération,Hors intersection,Normale,Autre collision,,,,,,,,,,,1,2,1,1,6.0
201600015234,0016-07-28 20:30:00,16,7,28,20,30,130,55,"00, RACATI (rue)",43.30552,5.37546,Plein jour,En agglomération,Hors intersection,Normale,Autre collision,,,,,,,,,,,1,2,1,1,6.0
201600015235,0016-07-28 20:45:00,16,7,28,20,45,130,2,"110, SALVATORE ALLENDE (",43.35613,5.48547,Plein jour,En agglomération,Hors intersection,Normale,Deux véhicules - arrière,,,,,,,,,,,1,2,1,1,2.0
201600015236,0016-07-29 05:30:00,16,7,29,5,30,130,55,"31, PRADO (AVENUE DU)",43.28402,5.3848,Nuit avec éclairage allumé,En agglomération,Intersection en X,Normale,Deux véhicules - côté,,,,,,,,,,,5,2,2,1,3.0
201600015237,0016-07-28 19:15:00,16,7,28,19,15,130,55,"365, CORNICHE KENNEDY",43.27456,5.36109,Plein jour,Hors agglomération,Hors intersection,Normale,Deux véhicules - arrière,,,,,,,,,,,1,1,1,1,2.0
201600015238,0016-07-07 06:00:00,16,7,7,6,0,130,55,"262, BAILLE (BOULEVARD)",43.28987,5.35872,Plein jour,En agglomération,Hors intersection,Normale,Deux véhicules - côté,,,,,,,,,,,1,2,1,1,3.0
201600015239,0016-07-29 16:10:00,16,7,29,16,10,130,55,"110, MADRAGUE VILLE (RUE",43.32452,5.36244,Plein jour,En agglomération,Hors intersection,Normale,Autre collision,,,,,,,,,,,1,2,1,1,6.0
201600015240,0016-07-29 22:20:00,16,7,29,22,20,130,55,"47 , CABOT (BOUL)",43.25898,5.417,Nuit avec éclairage allumé,En agglomération,Hors intersection,Normale,Deux véhicules - arrière,,,,,,,,,,,5,2,1,1,2.0
201600015241,0016-07-29 22:45:00,16,7,29,22,45,130,55,HAMBOURG (BOULEVARD),43.25017,5.38932,Nuit avec éclairage allumé,En agglomération,Giratoire,Normale,Autre collision,,,,,,,,,,,5,2,6,1,6.0
201600015242,0016-07-30 02:00:00,16,7,30,2,0,130,55,RUFFI (RUE DE),43.30841,5.3733,Nuit avec éclairage allumé,En agglomération,Intersection en X,Normale,Deux véhicules - côté,,,,,,,,,,,5,2,2,1,3.0
201600015243,0016-07-30 04:00:00,16,7,30,4,0,130,55,BONNEFOY (RUE),43.28024,5.40051,Nuit avec éclairage allumé,En agglomération,Hors intersection,Normale,Deux véhicules - côté,,,,,,,,,,,5,2,1,1,3.0
201600015244,0016-07-30 07:00:00,16,7,30,7,0,130,55,"6, LEVERRIER (PLACE)",43.30601,5.39357,Plein jour,En agglomération,Hors intersection,Normale,Deux véhicules - frontale,,,,,,,,,,,1,2,1,1,1.0
201600015245,0016-07-30 21:00:00,16,7,30,21,0,130,55,"68, PROGRES (RUE DU)",43.29481,5.39167,Nuit avec éclairage allumé,En agglomération,Intersection en T,Normale,Deux véhicules - côté,,,,,,,,,,,5,2,3,1,3.0
201600015246,0016-07-30 19:50:00,16,7,30,19,50,130,55,SAINT ANTOINE A SAINT JO,43.37065,5.35993,Plein jour,En agglomération,Intersection en X,Normale,Deux véhicules - côté,,,,,,,,,,,1,2,2,1,3.0
201600015247,0016-07-30 19:10:00,16,7,30,19,10,130,75,"49, PAUL SIRVENT (AVE)",43.34383,5.46543,Plein jour,En agglomération,Hors intersection,Normale,Trois véhicules et plus - en chaîne,,,,,,,,,,,1,2,1,1,4.0
201600015248,0016-06-25 11:45:00,16,6,25,11,45,130,55,"24, ALEX. FLEMING (BOULE",43.31484,5.39044,Plein jour,En agglomération,Hors intersection,Normale,Trois véhicules et plus - en chaîne,,,,,,,,,,,1,2,1,1,4.0
201600015249,0016-07-31 09:40:00,16,7,31,9,40,130,55,"114, FLIX PYAT (RUE)",43.31705,5.37404,Plein jour,En agglomération,Hors intersection,Normale,Autre collision,,,,,,,,,,,1,2,1,1,6.0
201600015250,0016-07-28 11:50:00,16,7,28,11,50,130,55,"5, DUNKERQUE  (BOULEVARD",43.3055,5.36731,Plein jour,En agglomération,Passage à niveau,Normale,Autre collision,,,,,,,,,,,1,2,8,1,6.0
201600015251,0016-07-25 19:00:00,16,7,25,19,0,130,55,"27, PRADO (AVENUE DU)",43.28403,5.38473,Plein jour,En agglomération,Hors intersection,Normale,Deux véhicules - côté,,,,,,,,,,,1,2,1,1,3.0
201600015252,0016-07-31 19:50:00,16,7,31,19,50,130,55,"37-39, CALLELONGUE",43.2564,5.39014,Plein jour,En agglomération,Intersection en T,Normale,Deux véhicules - côté,,,,,,,,,,,1,2,3,1,3.0
201600015253,0016-07-29 16:30:00,16,7,29,16,30,130,55,"80, DE SAINT LOUIS AU RO",43.34968,5.35416,Plein jour,En agglomération,Hors intersection,Normale,Deux véhicules - côté,,,,,,,,,,,1,2,1,1,3.0
201600015254,0016-07-31 06:20:00,16,7,31,6,20,130,55,"8, JOBIN (RUE)",43.31082,5.38901,Plein jour,En agglomération,Intersection en T,Normale,Deux véhicules - côté,,,,,,,,,,,1,2,3,1,3.0
201600015255,0016-07-31 12:48:00,16,7,31,12,48,130,55,"63, FORBIN *RUE DE)",43.30477,5.36761,Plein jour,En agglomération,Hors intersection,Normale,Autre collision,,,,,,,,,,,1,2,1,1,6.0
201600015256,0016-07-28 08:10:00,16,7,28,8,10,130,55,"147, BAILLE (BOULEVARD)",43.28939,5.3965,Plein jour,En agglomération,Hors intersection,Normale,Deux véhicules - côté,,,,,,,,,,,1,2,1,1,3.0
201600015257,0016-08-02 13:00:00,16,8,2,13,0,130,55,"7, ABEILLES (RUE DES)",43.30101,5.38607,Plein jour,En agglomération,Intersection en X,Normale,Deux véhicules - côté,,,,,,,,,,,1,2,2,1,3.0
201600015258,0016-08-02 13:55:00,16,8,2,13,55,130,55,"204, LYON (RUE DE)",43.33028,5.36521,Plein jour,En agglomération,Hors intersection,Normale,Autre collision,,,,,,,,,,,1,2,1,1,6.0
201600015259,0016-08-02 14:10:00,16,8,2,14,10,130,55,"00, TROIS LUCS (PLACE)",43.3125,5.46477,Plein jour,En agglomération,Place,Normale,Trois véhicules et plus - en chaîne,,,,,,,,,,,1,2,7,1,4.0
201600015260,0016-08-02 20:15:00,16,8,2,20,15,130,55,"132, MILLIERE (BOULEVARD",43.28349,5.50062,Crépuscule ou aube,En agglomération,Hors intersection,Normale,Autre collision,,,,,,,,,,,2,2,1,1,6.0
201600015261,0016-08-03 09:10:00,16,8,3,9,10,130,55,"126, SABLIER (BOULEVARD",43.24861,5.38166,Plein jour,En agglomération,Hors intersection,Normale,Autre collision,,,,,,,,,,,1,2,1,1,6.0
201600015262,0016-08-03 17:30:00,16,8,3,17,30,130,55,"00, MONTREDON (AVENUE DE",43.24232,5.36925,Plein jour,En agglomération,Intersection en T,Normale,Deux véhicules - frontale,,,,,,,,,,,1,2,3,1,1.0
201600015263,0016-08-03 14:30:00,16,8,3,14,30,130,55,"103, CHARRAS (RUE)",43.28641,5.35844,Plein jour,En agglomération,Intersection en X,Normale,Deux véhicules - côté,,,,,,,,,,,1,2,2,1,3.0
201600015264,0016-08-02 21:30:00,16,8,2,21,30,130,55,"128, HORACE BERTIN (RUE)",43.2959,5.39368,Nuit avec éclairage allumé,En agglomération,Intersection en X,Normale,Deux véhicules - frontale,,,,,,,,,,,5,2,2,1,1.0
201600015265,0016-08-04 11:10:00,16,8,4,11,10,130,55,"305 A, PRADO (AVENUE DU)",43.27194,5.39055,Plein jour,En agglomération,Hors intersection,Normale,Deux véhicules - côté,,,,,,,,,,,1,2,1,1,3.0
201600015266,0016-08-01 08:00:00,16,8,1,8,0,130,55,"00, PLOMBIERES (BOULEVAR",43.31547,5.39231,Plein jour,En agglomération,Hors intersection,Normale,Deux véhicules - arrière,,,,,,,,,,,1,2,1,1,2.0
201600015267,0016-08-04 13:00:00,16,8,4,13,0,130,55,"00, MENDES FRANCE (AVENU",43.26175,5.37487,Plein jour,Hors agglomération,Hors intersection,Normale,Autre collision,,,,,,,,,,,1,1,1,1,6.0
201600015268,0016-07-24 18:30:00,16,7,24,18,30,130,55,"00, LIEUTAUD (COURS)",,,Plein jour,En agglomération,Hors intersection,Normale,Deux véhicules - côté,,,,,,,,,,,1,2,1,1,3.0
201600015269,0016-08-04 14:30:00,16,8,4,14,30,130,55,"274, LITTORAL (CHEMIN DU",43.35831,5.32637,Plein jour,En agglomération,Hors intersection,Normale,Deux véhicules - arrière,,,,,,,,,,,1,2,1,1,2.0
201600015270,0016-08-04 20:00:00,16,8,4,20,0,130,55,"47, ENDOUME (RUE D')",43.2888,5.36652,Plein jour,En agglomération,Intersection en X,Normale,Deux véhicules - côté,,,,,,,,,,,1,2,2,1,3.0
201600015271,0016-08-05 01:00:00,16,8,5,1,0,130,55,"116, ANDRE ZENATTI (AVEN",43.24561,5.39338,Nuit avec éclairage allumé,En agglomération,Hors intersection,Pluie légère,Deux véhicules - frontale,,,,,,,,,,,5,2,1,2,1.0
201600015272,0016-08-05 10:10:00,16,8,5,10,10,130,55,"310, MADRAGUE VILLE (RUE",43.33606,5.35758,Plein jour,En agglomération,Hors intersection,Normale,Trois véhicules et plus - collisions multiples,,,,,,,,,,,1,2,1,1,5.0
201600015273,0016-07-12 15:30:00,16,7,12,15,30,130,55,"00, MIRABEAU (BOULEVARD)",43.31415,5.36927,Plein jour,En agglomération,Hors intersection,Normale,Deux véhicules - côté,,,,,,,,,,,1,2,1,1,3.0
201600015274,0016-08-05 18:10:00,16,8,5,18,10,130,55,"16, STRASBOURG (PLACE)",43.30647,5.37371,Plein jour,En agglomération,Intersection en X,Normale,Autre collision,,,,,,,,,,,1,2,2,1,6.0
201600015275,0016-08-05 18:00:00,16,8,5,18,0,130,55,PEYSSONNEL (RUE),43.30839,5.37214,Plein jour,En agglomération,Hors intersection,Normale,Autre collision,,,,,,,,,,,1,2,1,1,6.0
201600015276,0016-08-05 21:30:00,16,8,5,21,30,130,55,"1, MADRAGUE VILLE (CHEMI",43.32508,5.36183,Nuit avec éclairage allumé,En agglomération,Hors intersection,Normale,Autre collision,,,,,,,,,,,5,2,1,1,6.0
201600015277,0016-07-29 13:00:00,16,7,29,13,0,130,55,"212, BAILLE*(BOULEVARD)",43.28925,5.39637,Plein jour,En agglomération,Hors intersection,Normale,Deux véhicules - côté,,,,,,,,,,,1,2,1,1,3.0
201600015278,0016-08-06 04:30:00,16,8,6,4,30,130,55,"1, FONDERE (RUE)",43.30182,5.35814,Nuit avec éclairage allumé,En agglomération,Intersection en T,Normale,Sans collision,,,,,,,,,,,5,2,3,1,7.0
201600015279,0016-08-02 10:00:00,16,8,2,10,0,130,55,"00, VOLTAIRE    PAIRS (B",43.30274,5.38457,Plein jour,En agglomération,Intersection en T,Normale,Autre collision,,,,,,,,,,,1,2,3,1,6.0
201600015280,0016-08-03 12:30:00,16,8,3,12,30,130,55,"99, SAKAKINI (BOULEVARD)",43.29335,5.40167,Plein jour,En agglomération,Hors intersection,Normale,Deux véhicules - arrière,,,,,,,,,,,1,2,1,1,2.0
201600015281,0016-08-06 11:50:00,16,8,6,11,50,130,55,"86, TIMONE (AVENUE DE LA",43.28596,5.40424,Plein jour,En agglomération,Place,Normale,Deux véhicules - frontale,,,,,,,,,,,1,2,7,1,1.0
201600015282,0016-08-07 02:00:00,16,8,7,2,0,130,55,"6, SAINT LOUP (BOULEVARD",43.28161,5.42776,Nuit avec éclairage allumé,En agglomération,Hors intersection,Normale,Autre collision,,,,,,,,,,,5,2,1,1,6.0
201600015283,0016-08-07 04:00:00,16,8,7,4,0,130,55,"12, VOLTAIRE    PAIRS (B",43.30208,5.38296,Nuit avec éclairage allumé,En agglomération,Hors intersection,Normale,Deux véhicules - côté,,,,,,,,,,,5,2,1,1,3.0
201600015284,0016-08-07 19:45:00,16,8,7,19,45,130,55,"158, CHARTREUX (AVENUE D",43.30867,5.40037,Plein jour,En agglomération,Intersection en T,Normale,Deux véhicules - côté,,,,,,,,,,,1,2,3,1,3.0
201600015285,0016-08-08 10:20:00,16,8,8,10,20,130,55,"00, RABATAU (BOULEVARD)",43.27269,5.39157,Plein jour,En agglomération,Giratoire,Normale,Autre collision,,,,,,,,,,,1,2,6,1,6.0
201600015286,0016-08-08 12:25:00,16,8,8,12,25,130,55,TILLEULS (BOULEVARD),43.31882,5.40852,Plein jour,En agglomération,Hors intersection,Normale,Deux véhicules - arrière,,,,,,,,,,,1,2,1,1,2.0
201600015287,0016-08-08 15:30:00,16,8,8,15,30,130,55,"79, CANEBIERE     1 A 79",43.29737,5.38039,Plein jour,En agglomération,Hors intersection,Normale,Autre collision,,,,,,,,,,,1,2,1,1,6.0
201600015288,0016-08-08 23:20:00,16,8,8,23,20,130,55,"1, VILLENEUVE (RUE)",43.29923,5.3822,Nuit avec éclairage allumé,En agglomération,Intersection en X,Normale,Autre collision,,,,,,,,,,,5,2,2,1,6.0
201600015289,0016-08-08 21:10:00,16,8,8,21,10,130,55,"66, COMTESSE (BOULEVARD",43.27269,5.39157,Nuit avec éclairage allumé,En agglomération,Intersection en X,Normale,Deux véhicules - côté,,,,,,,,,,,5,2,2,1,3.0
201600015290,0016-08-01 18:45:00,16,8,1,18,45,130,55,"00, SCHLOESING (BOULEVAR",43.31547,5.3992,Plein jour,En agglomération,Hors intersection,Normale,Deux véhicules - arrière,,,,,,,,,,,1,2,1,1,2.0
201600015291,0016-08-09 11:30:00,16,8,9,11,30,130,55,MAZARGUES (AVENUE DE),43.26847,5.38875,Plein jour,En agglomération,Intersection en T,Normale,Deux véhicules - côté,,,,,,,,,,,1,2,3,1,3.0
201600015292,0016-08-09 13:30:00,16,8,9,13,30,130,55,"00, AVENUE RAIMU",43.33125,5.39855,Plein jour,En agglomération,Hors intersection,Normale,Deux véhicules - côté,,,,,,,,,,,1,2,1,1,3.0
201600015293,0016-08-09 13:50:00,16,8,9,13,50,130,55,"84, PRADO (AVENUE DU)",43.2823,5.38541,Plein jour,En agglomération,Hors intersection,Normale,Autre collision,,,,,,,,,,,1,2,1,1,6.0
201600015294,0016-08-09 16:30:00,16,8,9,16,30,130,55,"11, PRADO (AVENUE DU)",43.2847,5.38448,Plein jour,En agglomération,Hors intersection,Normale,Deux véhicules - arrière,,,,,,,,,,,1,2,1,1,2.0
201600015295,0016-08-09 17:00:00,16,8,9,17,0,130,55,"40, ROGER LUCCIONI (RUE",43.27367,5.43358,Plein jour,En agglomération,Hors intersection,Temps couvert,Autre collision,,,,,,,,,,,1,2,1,8,6.0
201600015296,0016-08-09 18:15:00,16,8,9,18,15,130,55,"4, LON GOZLAN (RUE)",43.30448,5.38182,Plein jour,En agglomération,Hors intersection,Normale,Autre collision,,,,,,,,,,,1,2,1,1,6.0
201600015297,0016-08-10 09:00:00,16,8,10,9,0,130,55,"132, VISTE (AVENUE DE LA",43.35993,5.35759,Plein jour,En agglomération,Hors intersection,Normale,Autre collision,,,,,,,,,,,1,2,1,1,6.0
201600015298,0016-08-11 14:45:00,16,8,11,14,45,130,55,"3, LE CHATELIER",43.34774,5.35925,Plein jour,En agglomération,Hors intersection,Normale,Deux véhicules - frontale,,,,,,,,,,,1,2,1,1,1.0
201600015299,0016-08-11 14:30:00,16,8,11,14,30,130,55,"82, RABATAU (BOULEVARD)",43.27593,5.39675,Plein jour,En agglomération,Hors intersection,Normale,Autre collision,,,,,,,,,,,1,2,1,1,6.0
201600015300,0016-08-11 17:00:00,16,8,11,17,0,130,55,"00, REPUBLIQUE (RUE DE L",43.30104,5.37033,Plein jour,En agglomération,Hors intersection,Normale,Deux véhicules - côté,,,,,,,,,,,1,2,1,1,3.0
201600015301,0016-08-11 20:30:00,16,8,11,20,30,130,55,"246, CHARLES KADDOUZ (RU",43.31849,5.43944,Plein jour,En agglomération,Hors intersection,Normale,Deux véhicules - arrière,,,,,,,,,,,1,2,1,1,2.0
201600015302,0016-08-10 18:10:00,16,8,10,18,10,130,55,"337, CORNICHE KENNEDY",43.27349,5.36276,Plein jour,En agglomération,Hors intersection,Brouillard / fumée,Deux véhicules - arrière,,,,,,,,,,,1,2,1,5,2.0
201600015303,0016-08-11 18:30:00,16,8,11,18,30,130,55,"36, CHARLES LIVON (BOULE",43.29229,5.36106,Plein jour,En agglomération,Hors intersection,Normale,Deux véhicules - côté,,,,,,,,,,,1,2,1,1,3.0
201600015304,0016-08-12 09:00:00,16,8,12,9,0,130,55,"00, JEAN MOULIN (BOULEVA",43.29027,5.39981,Plein jour,En agglomération,Intersection en Y,Normale,Deux véhicules - arrière,,,,,,,,,,,1,2,4,1,2.0
201600015305,0016-08-12 10:00:00,16,8,12,10,0,130,55,"111, CAMOINS (AVENUE DES",43.30645,5.51007,Plein jour,En agglomération,Hors intersection,Normale,Deux véhicules - côté,,,,,,,,,,,1,2,1,1,3.0
201600015306,0016-08-12 18:10:00,16,8,12,18,10,130,55,"04, GAVOTTE (RUE DE LA)",43.37216,5.35593,Plein jour,En agglomération,Hors intersection,Normale,Deux véhicules - côté,,,,,,,,,,,1,2,1,1,3.0
201600015307,0016-08-12 19:00:00,16,8,12,19,0,130,55,"242, LYON (RUE DE)",43.33182,5.36464,Plein jour,En agglomération,Hors intersection,Normale,Autre collision,,,,,,,,,,,1,2,1,1,6.0
201600015308,0016-08-13 00:10:00,16,8,13,0,10,130,55,"129, RIVE NEUVE (QUAI DE",43.29314,5.37034,Nuit avec éclairage allumé,En agglomération,Hors intersection,Normale,Deux véhicules - côté,,,,,,,,,,,5,2,1,1,3.0
201600015309,0016-08-13 12:25:00,16,8,13,12,25,130,55,"108, FRANCOISE DUPARC (B",43.30312,5.40065,Plein jour,En agglomération,Hors intersection,Normale,Deux véhicules - arrière,,,,,,,,,,,1,2,1,1,2.0
201600015310,0016-08-08 10:30:00,16,8,8,10,30,130,55,"2, LIBERTE (BOULEVARD DE",43.30068,5.38093,Plein jour,En agglomération,Hors intersection,Normale,Autre collision,,,,,,,,,,,1,2,1,1,6.0
201600015311,0016-08-13 17:00:00,16,8,13,17,0,130,55,"37, JULES CANTINI (AVENU",,,Plein jour,En agglomération,Hors intersection,Normale,Autre collision,,,,,,,,,,,1,2,1,1,6.0
201600015312,0016-08-13 03:10:00,16,8,13,3,10,130,55,"23, CLOT BEY (AVENUE)",43.26152,5.38751,Nuit avec éclairage allumé,En agglomération,Hors intersection,Normale,Autre collision,,,,,,,,,,,5,2,1,1,6.0
201600015313,0016-08-13 21:30:00,16,8,13,21,30,130,55,"6, ALEX ANSALDI (RUE)",43.33564,5.39944,Nuit avec éclairage allumé,En agglomération,Hors intersection,Normale,Deux véhicules - arrière,,,,,,,,,,,5,2,1,1,2.0
201600015314,0016-08-14 02:10:00,16,8,14,2,10,130,55,"347, CORNICHE KENNEDY",,,Nuit avec éclairage allumé,En agglomération,Hors intersection,Normale,Autre collision,,,,,,,,,,,5,2,1,1,6.0
201600015315,0016-08-14 04:30:00,16,8,14,4,30,130,55,"00, GEMY (BOULEVARD)",43.32228,5.4127,Nuit avec éclairage allumé,En agglomération,Intersection en X,Normale,Deux véhicules - côté,,,,,,,,,,,5,2,2,1,3.0
201600015316,0016-08-13 14:15:00,16,8,13,14,15,130,55,"00, PRADO (AVENUE DU)",43.27996,5.38706,Plein jour,En agglomération,Hors intersection,Normale,Deux véhicules - côté,,,,,,,,,,,1,2,1,1,3.0
201600015317,0016-08-14 13:00:00,16,8,14,13,0,130,55,"64, MAZARGUES (AVENUE DE",43.26817,5.38896,Plein jour,En agglomération,Hors intersection,Normale,Sans collision,,,,,,,,,,,1,2,1,1,7.0
201600015318,0016-08-15 06:15:00,16,8,15,6,15,130,55,"1, GNRAL LECLERC (RUE)",43.30452,5.37619,Crépuscule ou aube,En agglomération,Hors intersection,Normale,Deux véhicules - côté,,,,,,,,,,,2,2,1,1,3.0
201600015319,0016-08-14 08:00:00,16,8,14,8,0,130,55,"00, ANTHOINE (RUE D')",43.31645,5.36835,Plein jour,En agglomération,Hors intersection,Normale,Deux véhicules - côté,,,,,,,,,,,1,2,1,1,3.0
201600015320,0016-08-15 11:45:00,16,8,15,11,45,130,55,"11, SCHLOESING (BOULEVAR",43.27338,5.39936,Plein jour,En agglomération,Hors intersection,Normale,Trois véhicules et plus - en chaîne,,,,,,,,,,,1,2,1,1,4.0
201600015321,0016-08-15 01:40:00,16,8,15,1,40,130,55,"102, FRANOISE DUPARC (B",43.3059,5.40096,Nuit avec éclairage allumé,En agglomération,Hors intersection,Normale,Deux véhicules - côté,,,,,,,,,,,5,2,1,1,3.0
201600015322,0016-08-15 23:30:00,16,8,15,23,30,130,55,"182, RABATAU (BOULEVARD)",43.28235,5.39947,Nuit avec éclairage allumé,En agglomération,Hors intersection,Normale,Deux véhicules - frontale,,,,,,,,,,,5,2,1,1,1.0
201600015323,0016-08-15 16:30:00,16,8,15,16,30,130,55,"39, MAURIAC (RUE)",43.27611,5.41732,Plein jour,En agglomération,Hors intersection,Normale,Deux véhicules - frontale,,,,,,,,,,,1,2,1,1,1.0
201600015324,0016-08-11 18:20:00,16,8,11,18,20,130,55,"000, ARENC (QUAI D')",43.31378,5.36802,Plein jour,En agglomération,Autre intersection,Normale,Deux véhicules - côté,,,,,,,,,,,1,2,9,1,3.0
201600015325,0016-08-16 22:00:00,16,8,16,22,0,130,55,ALBERT EINSTEIN (RUE),43.33372,5.43132,Nuit avec éclairage allumé,En agglomération,Hors intersection,Normale,Autre collision,,,,,,,,,,,5,2,1,1,6.0
201600015326,0016-08-16 13:00:00,16,8,16,13,0,130,55,"00, HENRI BARNIER (BOULE",43.36707,5.34353,Plein jour,En agglomération,Hors intersection,Normale,Deux véhicules - frontale,,,,,,,,,,,1,2,1,1,1.0
201600015327,0016-08-17 04:30:00,16,8,17,4,30,130,55,"00, SAINT ANTOINE A SAIN",43.37065,5.35992,Nuit avec éclairage non allumé,Hors agglomération,Hors intersection,Normale,Autre collision,,,,,,,,,,,4,1,1,1,6.0
201600015328,0016-08-17 07:30:00,16,8,17,7,30,130,55,TROIS LUCS (PLACE),43.31252,5.46478,Plein jour,En agglomération,Giratoire,Normale,Deux véhicules - côté,,,,,,,,,,,1,2,6,1,3.0
201600015329,0016-08-17 10:40:00,16,8,17,10,40,130,55,"168, CORNICHE KENNEDY",43.28419,5.34977,Plein jour,En agglomération,Hors intersection,Normale,Trois véhicules et plus - en chaîne,,,,,,,,,,,1,2,1,1,4.0
201600015330,0016-08-13 11:45:00,16,8,13,11,45,130,55,"206, ROSE (AVENUE DE LA)",43.32974,5.42883,Plein jour,En agglomération,Hors intersection,Normale,Deux véhicules - côté,,,,,,,,,,,1,2,1,1,3.0
201600015331,0016-08-12 09:15:00,16,8,12,9,15,130,55,"09, SAKAKINI (BOULEVARD)",43.29505,5.40065,Plein jour,En agglomération,Hors intersection,Normale,Trois véhicules et plus - collisions multiples,,,,,,,,,,,1,2,1,1,5.0
201600015332,0016-08-17 21:20:00,16,8,17,21,20,130,55,"347, CORNICHE KENNEDY",43.27345,5.36268,Nuit avec éclairage allumé,En agglomération,Hors intersection,Normale,Deux véhicules - côté,,,,,,,,,,,5,2,1,1,3.0
201600015333,0016-08-18 00:30:00,16,8,18,0,30,130,55,"3, CAISSERIE (RUE)",43.29739,5.36892,Nuit avec éclairage allumé,En agglomération,Hors intersection,Normale,Sans collision,,,,,,,,,,,5,2,1,1,7.0
201600015334,0016-08-17 23:50:00,16,8,17,23,50,130,55,"260, MORGIOU (CHEMIN DE)",43.2298,5.41471,Nuit avec éclairage allumé,En agglomération,Hors intersection,Normale,Deux véhicules - côté,,,,,,,,,,,5,2,1,1,3.0
201600015335,0016-08-17 18:45:00,16,8,17,18,45,130,55,"359, CORNICHE KENNEDY",43.2735,5.36273,Plein jour,En agglomération,Hors intersection,Normale,Deux véhicules - côté,,,,,,,,,,,1,2,1,1,3.0
201600015336,0016-06-29 12:30:00,16,6,29,12,30,130,55,"283, PRADO (AVENUE DU)",43.27319,5.39126,Plein jour,En agglomération,Autre intersection,Normale,Deux véhicules - arrière,,,,,,,,,,,1,2,9,1,2.0
201600015337,0016-08-05 14:20:00,16,8,5,14,20,130,55,"1, AIX (RUE D')",43.29924,5.37618,Plein jour,En agglomération,Hors intersection,Normale,Deux véhicules - frontale,,,,,,,,,,,1,2,1,1,1.0
201600015338,0016-08-18 16:15:00,16,8,18,16,15,130,55,"54, CORSE (AVENUE DE LA)",43.28903,5.36132,Plein jour,En agglomération,Hors intersection,Normale,Deux véhicules - arrière,,,,,,,,,,,1,2,1,1,2.0
201600015339,0016-08-18 19:50:00,16,8,18,19,50,130,55,"181, LYON (RUE DE)",43.33104,5.36489,Crépuscule ou aube,Hors agglomération,Hors intersection,Normale,Autre collision,,,,,,,,,,,2,1,1,1,6.0
201600015340,0016-08-18 05:30:00,16,8,18,5,30,130,55,"185, HENRI MARTINET (RON",43.29756,5.47948,Nuit avec éclairage allumé,En agglomération,Hors intersection,Normale,Autre collision,,,,,,,,,,,5,2,1,1,6.0
201600015341,0016-08-19 06:45:00,16,8,19,6,45,130,55,"334, POILUS (AVENUE DES)",43.31427,5.4625,Crépuscule ou aube,En agglomération,Hors intersection,Normale,Deux véhicules - arrière,,,,,,,,,,,2,2,1,1,2.0