accident_id,datetime,annee,mois,jour,heure,minute,departement,commune_insee,adresse,latitude,longitude,luminosite,agglomeration,intersection,meteo,collision,nb_vehicules,nb_usagers,nb_indemnes,nb_tues,nb_blesses_hosp,nb_blesses_legers,age_cond_1,age_cond_2,veh_type_cond_1,veh_type_cond_2,lum_code,agg_code,int_code,atm_code,col_code
201600015462,0016-09-07 21:15:00,16,9,7,21,15,130,55,"26, ORGUES (RUE DES)",43.29988,5.39968,Nuit avec éclairage allumé,En agglomération,Intersection en X,Normale,Deux véhicules - côté,,,,,,,,,,,5,2,2,1,3.0
201600015463,0016-09-07 22:30:00,16,9,7,22,30,130,55,"180, LON LACHAMP (ROUTE",43.24925,5.45102,Nuit avec éclairage allumé,En agglomération,Hors intersection,Normale,Deux véhicules - frontale,,,,,,,,,,,5,2,1,1,1.0
201600015464,0016-09-02 05:30:00,16,9,2,5,30,130,55,"0, CASTELLANE (PLACE)",43.28569,5.38368,Nuit avec éclairage allumé,En agglomération,Hors intersection,Normale,Deux véhicules - côté,,,,,,,,,,,5,2,1,1,3.0
201600015465,0016-09-08 09:15:00,16,9,8,9,15,130,55,"176, LYON (RUE DE) *",43.32899,5.36569,Plein jour,En agglomération,Hors intersection,Normale,Sans collision,,,,,,,,,,,1,2,1,1,7.0
201600015466,0016-09-08 10:00:00,16,9,8,10,0,130,55,"00, MAZARGUES (ROND-POIN",43.25074,5.40381,Plein jour,En agglomération,Giratoire,Normale,Trois véhicules et plus - collisions multiples,,,,,,,,,,,1,2,6,1,5.0
201600015467,0016-09-08 10:15:00,16,9,8,10,15,130,55,"00, RODOCANACHI (BOULEVA",43.27457,5.38684,Plein jour,En agglomération,Intersection en X,Normale,Deux véhicules - côté,,,,,,,,,,,1,2,2,1,3.0
201600015468,0016-09-08 12:30:00,16,9,8,12,30,130,55,"420, MAZARGUES (AVENUE D",43.25718,5.39421,Plein jour,En agglomération,Hors intersection,Normale,Autre collision,,,,,,,,,,,1,2,1,1,6.0
201600015469,0016-09-08 14:35:00,16,9,8,14,35,130,55,"185, MAZARGUES (AVENUE D",43.26504,5.39113,Plein jour,Hors agglomération,Hors intersection,Normale,Deux véhicules - côté,,,,,,,,,,,1,1,1,1,3.0
201600015470,0016-09-08 18:20:00,16,9,8,18,20,130,2,"16, 7 RMENT DE TIRAILLEU",43.33842,5.47936,Plein jour,En agglomération,Hors intersection,Normale,Autre collision,,,,,,,,,,,1,2,1,1,6.0
201600015471,0016-09-08 20:15:00,16,9,8,20,15,130,55,"38, PARANGON (TRAVERSE)",43.24419,5.37956,Nuit avec éclairage allumé,En agglomération,Hors intersection,Normale,Autre collision,,,,,,,,,,,5,2,1,1,6.0
201600015472,0016-09-09 00:30:00,16,9,9,0,30,130,55,ROUTE DU ROVE,43.35946,5.28618,Nuit avec éclairage allumé,Hors agglomération,Hors intersection,Normale,Sans collision,,,,,,,,,,,5,1,1,1,7.0
201600015473,0016-09-09 08:35:00,16,9,9,8,35,130,55,"500, CARGO RHIN FIDELI (",43.32738,5.35526,Plein jour,En agglomération,Intersection en T,Normale,Deux véhicules - côté,,,,,,,,,,,1,2,3,1,3.0
201600015474,0016-09-09 08:40:00,16,9,9,8,40,130,55,89 FRAIS VALLON,43.32524,5.43368,Plein jour,En agglomération,Hors intersection,Normale,Deux véhicules - côté,,,,,,,,,,,1,2,1,1,3.0
201600015475,0016-09-05 12:00:00,16,9,5,12,0,130,55,"6, GUSTAVES DESPLACES (B",43.30558,5.38131,Plein jour,En agglomération,Hors intersection,Normale,Autre collision,,,,,,,,,,,1,2,1,1,6.0
201600015476,0016-09-09 10:00:00,16,9,9,10,0,130,55,"73, ANDRE ROUSSIN (AVENU",43.36046,5.3383,Plein jour,En agglomération,Hors intersection,Normale,Trois véhicules et plus - collisions multiples,,,,,,,,,,,1,2,1,1,5.0
201600015477,0016-09-09 13:30:00,16,9,9,13,30,130,55,"143, FELIX PYAT (RUE)",43.31809,5.37476,Plein jour,En agglomération,Hors intersection,Normale,Autre collision,,,,,,,,,,,1,2,1,1,6.0
201600015478,0016-09-06 11:30:00,16,9,6,11,30,130,55,"21, REPUBLIQUE (RUE DE L",43.29791,5.37282,Plein jour,En agglomération,Hors intersection,Normale,Deux véhicules - frontale,,,,,,,,,,,1,2,1,1,1.0
201600015479,0016-09-06 09:00:00,16,9,6,9,0,130,55,"28, CORSE (AVENUE DE LA)",43.28945,5.36404,Plein jour,En agglomération,Hors intersection,Normale,Autre collision,,,,,,,,,,,1,2,1,1,6.0
201600015480,0016-09-09 16:35:00,16,9,9,16,35,130,55,"13, GOUFFE (COURS)",43.28589,5.38782,Plein jour,En agglomération,Intersection en X,Normale,Deux véhicules - côté,,,,,,,,,,,1,2,2,1,3.0
201600015481,0016-09-09 21:30:00,16,9,9,21,30,130,55,"11, DAUMIER (RUE)",43.2786,5.38618,Nuit avec éclairage allumé,En agglomération,Hors intersection,Normale,Deux véhicules - arrière,,,,,,,,,,,5,2,1,1,2.0
201600015482,0016-09-10 00:10:00,16,9,10,0,10,130,55,"24, RABATAU (BOULEVARD)",43.27374,5.39325,Nuit avec éclairage allumé,En agglomération,Hors intersection,Normale,Deux véhicules - côté,,,,,,,,,,,5,2,1,1,3.0
201600015483,0016-09-10 10:45:00,16,9,10,10,45,130,55,"155, MENDES FRANCE",43.2532,5.37594,Plein jour,En agglomération,Hors intersection,Normale,Deux véhicules - arrière,,,,,,,,,,,1,2,1,1,2.0
201600015484,0016-09-06 08:40:00,16,9,6,8,40,130,55,"200, MADRAGUE VILLE  RUE",43.3304,5.35904,Plein jour,En agglomération,Hors intersection,Normale,Deux véhicules - côté,,,,,,,,,,,1,2,1,1,3.0
201600015485,0016-09-10 14:20:00,16,9,10,14,20,130,55,"25, SAINT BARNABE (AVENU",43.30442,5.40897,Plein jour,En agglomération,Hors intersection,Normale,Sans collision,,,,,,,,,,,1,2,1,1,7.0
201600015486,0016-09-10 14:30:00,16,9,10,14,30,130,55,FORT DU SANCTUAIRE (rue),43.28512,5.3725,Plein jour,En agglomération,Hors intersection,Normale,Deux véhicules - frontale,,,,,,,,,,,1,2,1,1,1.0
201600015487,0016-09-10 13:15:00,16,9,10,13,15,130,55,FLORIAN ( ROND POINT*,43.28513,5.42592,Plein jour,En agglomération,Intersection à plus de 4 branches,Normale,Deux véhicules - côté,,,,,,,,,,,1,2,5,1,3.0
201600015488,0016-09-06 12:15:00,16,9,6,12,15,130,55,"56, SAINT JULIEN (AVENUE",43.30522,5.41679,Plein jour,Hors agglomération,Hors intersection,Normale,Deux véhicules - côté,,,,,,,,,,,1,1,1,1,3.0
201600015489,0016-09-06 06:45:00,16,9,6,6,45,130,55,"33, MARCHAL JUIN (BOULE",43.31143,5.40352,Crépuscule ou aube,En agglomération,Hors intersection,Normale,Autre collision,,,,,,,,,,,2,2,1,1,6.0
201600015490,0016-09-11 14:30:00,16,9,11,14,30,130,55,"130, MADRAGUE VILLE CHE*",43.32609,5.36119,Plein jour,En agglomération,Hors intersection,Normale,Autre collision,,,,,,,,,,,1,2,1,1,6.0
201600015491,0016-09-11 14:20:00,16,9,11,14,20,130,55,"2, SAKAKINI BOULEVARD *",43.29947,5.40073,Plein jour,En agglomération,Hors intersection,Normale,Deux véhicules - arrière,,,,,,,,,,,1,2,1,1,2.0
201600015492,0016-08-09 11:30:00,16,8,9,11,30,130,55,"98, PEYSONNEL (RUE)",43.31105,5.36954,Plein jour,Hors agglomération,Intersection en X,Normale,Deux véhicules - côté,,,,,,,,,,,1,1,2,1,3.0
201600015493,0016-09-11 16:25:00,16,9,11,16,25,130,55,"7, GUSTAVE GANAY BOULEVA",43.26617,5.40095,Plein jour,En agglomération,Hors intersection,Normale,Deux véhicules - côté,,,,,,,,,,,1,2,1,1,3.0
201600015494,0016-09-11 21:05:00,16,9,11,21,5,130,2,"688, 7 RMENT DE TIRAILLE",43.33796,5.47114,Nuit avec éclairage allumé,En agglomération,Hors intersection,Normale,Deux véhicules - arrière,,,,,,,,,,,5,2,1,1,2.0
201600015495,0016-09-11 21:50:00,16,9,11,21,50,130,55,"1, BELGES (QUAI DES)",43.29455,5.37449,Nuit avec éclairage allumé,En agglomération,Hors intersection,Normale,Autre collision,,,,,,,,,,,5,2,1,1,6.0
201600015496,0016-07-17 23:30:00,16,7,17,23,30,130,55,"04, RIVE NEUVE (QUAI DE)",43.29399,5.37387,Nuit avec éclairage allumé,En agglomération,Hors intersection,Normale,Autre collision,,,,,,,,,,,5,2,1,1,6.0
201600015497,0016-09-12 00:36:00,16,9,12,0,36,130,55,8 R CARGO RHIN FIDELITY,43.32725,5.35677,Nuit avec éclairage allumé,Hors agglomération,Hors intersection,Normale,Autre collision,,,,,,,,,,,5,1,1,1,6.0
201600015498,0016-09-11 10:30:00,16,9,11,10,30,130,55,"36, LANCIER (CHEMIN DU*",43.24692,5.39611,Plein jour,En agglomération,Hors intersection,Normale,Deux véhicules - côté,,,,,,,,,,,1,2,1,1,3.0
201600015499,0016-09-12 08:30:00,16,9,12,8,30,130,55,"112, SAINT JULIEN (AVENU",43.30644,5.42062,Plein jour,En agglomération,Hors intersection,Normale,Autre collision,,,,,,,,,,,1,2,1,1,6.0
201600015500,0016-09-05 17:00:00,16,9,5,17,0,130,55,"81, PRADO (AVENUE DU)",43.28207,5.38625,Plein jour,En agglomération,Intersection en T,Normale,Autre collision,,,,,,,,,,,1,2,3,1,6.0
201600015501,0016-09-12 15:00:00,16,9,12,15,0,130,55,"11, BOULEVARD DU REDON",43.25463,5.42046,Plein jour,En agglomération,Hors intersection,Normale,Autre collision,,,,,,,,,,,1,2,1,1,6.0
201600015502,0016-09-06 18:38:00,16,9,6,18,38,130,55,"1, MARCHAL JUIN (BOULEV",43.31278,5.40465,Plein jour,En agglomération,Hors intersection,Normale,Deux véhicules - arrière,,,,,,,,,,,1,2,1,1,2.0
201600015503,0016-09-12 23:45:00,16,9,12,23,45,130,55,"286, avenue de CAPELETTE",43.27923,5.41425,Nuit avec éclairage allumé,En agglomération,Hors intersection,Normale,Deux véhicules - arrière,,,,,,,,,,,5,2,1,1,2.0
201600015504,0016-09-11 18:20:00,16,9,11,18,20,130,55,"00, ESTAQUE PLAGE",43.36165,5.30643,Plein jour,En agglomération,Intersection en X,Normale,Deux véhicules - côté,,,,,,,,,,,1,2,2,1,3.0
201600015505,0016-09-12 17:30:00,16,9,12,17,30,130,55,"72, SAINT MENET (MONTEE)",43.28817,5.50329,Plein jour,En agglomération,Hors intersection,Normale,Trois véhicules et plus - collisions multiples,,,,,,,,,,,1,2,1,1,5.0
201600015506,0016-09-13 09:30:00,16,9,13,9,30,130,75,"00, L'ENJOLRAS (AVE DE)",43.33765,5.4528,Plein jour,En agglomération,Intersection en T,Normale,Deux véhicules - côté,,,,,,,,,,,1,2,3,1,3.0
201600015507,0016-09-12 20:18:00,16,9,12,20,18,130,215,"22, SERAPHIN (rue)",43.32943,5.36431,Crépuscule ou aube,En agglomération,Hors intersection,Normale,Deux véhicules - côté,,,,,,,,,,,2,2,1,1,3.0
201600015508,0016-09-13 11:50:00,16,9,13,11,50,130,55,"2, CHEMIN DES  BESSONS",43.33904,5.39241,Plein jour,En agglomération,Intersection en T,Normale,Deux véhicules - côté,,,,,,,,,,,1,2,3,1,3.0
201600015509,0016-09-09 10:00:00,16,9,9,10,0,130,55,CRIMEE (RUE DE),43.30791,5.37959,Plein jour,En agglomération,Intersection en T,Normale,Deux véhicules - côté,,,,,,,,,,,1,2,3,1,3.0
201600015510,0016-09-14 02:15:00,16,9,14,2,15,130,55,"00, HENRI FRENAY (ROND-P",43.2544,5.37639,Nuit avec éclairage allumé,En agglomération,Hors intersection,Normale,Sans collision,,,,,,,,,,,5,2,1,1,7.0
201600015511,0016-09-14 01:10:00,16,9,14,1,10,130,55,122 bd Louis VILLECROZE,43.32226,5.39225,Nuit avec éclairage allumé,Hors agglomération,Hors intersection,Normale,Sans collision,,,,,,,,,,,5,1,1,1,7.0
201600015512,0016-09-07 08:40:00,16,9,7,8,40,130,55,"1, CDT DE SURIAN (RUE) *",43.29036,5.37082,Plein jour,En agglomération,Intersection en X,Normale,Autre collision,,,,,,,,,,,1,2,2,1,6.0
201600015513,0016-08-31 16:30:00,16,8,31,16,30,130,55,"0, PEINTRES ROUX (AVENUE",43.30463,5.47177,Plein jour,En agglomération,Hors intersection,Normale,Trois véhicules et plus - en chaîne,,,,,,,,,,,1,2,1,1,4.0
201600015514,0016-09-08 06:45:00,16,9,8,6,45,130,55,"90, LODI (RUE DE) *",43.28802,5.38842,Plein jour,En agglomération,Hors intersection,Normale,Autre collision,,,,,,,,,,,1,2,1,1,6.0
201600015515,0016-09-14 05:20:00,16,9,14,5,20,130,55,"38, MONTAIGNE (RUE)",43.30436,5.41408,Nuit avec éclairage allumé,En agglomération,Hors intersection,Normale,Deux véhicules - arrière,,,,,,,,,,,5,2,1,1,2.0
201600015516,0016-09-14 08:05:00,16,9,14,8,5,130,55,"265, SAINT LOUIS (AVENUE",43.35251,5.35776,Plein jour,En agglomération,Hors intersection,Normale,Autre collision,,,,,,,,,,,1,2,1,1,6.0
201600015517,0016-09-14 13:10:00,16,9,14,13,10,130,55,BOULEVARD PIERRE DRAMARD,43.3784,5.35814,Plein jour,En agglomération,Hors intersection,Pluie légère,Deux véhicules - frontale,,,,,,,,,,,1,2,1,2,1.0
201600015518,0016-09-14 12:45:00,16,9,14,12,45,130,55,6 BOULEVARD PERRIN,43.31802,5.40609,Plein jour,En agglomération,Hors intersection,Pluie légère,Deux véhicules - arrière,,,,,,,,,,,1,2,1,2,2.0
201600015519,0016-09-13 13:30:00,16,9,13,13,30,130,55,"23, CHAVE (BOULEVARD)",43.29515,5.38881,Plein jour,En agglomération,Hors intersection,Normale,Sans collision,,,,,,,,,,,1,2,1,1,7.0
201600015520,0016-09-14 15:10:00,16,9,14,15,10,130,55,"23, AVENUE DE FUVEAU",43.32789,5.41877,Plein jour,En agglomération,Hors intersection,Pluie légère,Deux véhicules - côté,,,,,,,,,,,1,2,1,2,3.0
201600015521,0016-09-14 16:15:00,16,9,14,16,15,130,55,"43, TROIS FRERES CARASSO",43.30491,5.40009,Plein jour,En agglomération,Hors intersection,Normale,Deux véhicules - côté,,,,,,,,,,,1,2,1,1,3.0
201600015522,0016-09-14 18:20:00,16,9,14,18,20,130,55,MARIE MADELEINEFOURCADE,43.3162,5.40772,Plein jour,En agglomération,Giratoire,Normale,Sans collision,,,,,,,,,,,1,2,6,1,7.0
201600015523,0016-09-15 07:00:00,16,9,15,7,0,130,55,"271, CORNICHE KENNEDY",43.27964,5.35365,Plein jour,En agglomération,Hors intersection,Temps couvert,Sans collision,,,,,,,,,,,1,2,1,8,7.0
201600015524,0016-09-15 07:45:00,16,9,15,7,45,130,55,"55, MARCHAL DE LATTRE (",43.24752,5.40679,Plein jour,En agglomération,Hors intersection,Normale,Autre collision,,,,,,,,,,,1,2,1,1,6.0
201600015525,0016-08-25 10:30:00,16,8,25,10,30,130,55,"23, SAINT JEAN (AVENUE)",43.296,5.36519,Plein jour,En agglomération,Hors intersection,Normale,Autre collision,,,,,,,,,,,1,2,1,1,6.0
201600015526,0016-09-15 16:40:00,16,9,15,16,40,130,55,"638, MAZARGUES (AVENUE D",43.2501,5.39594,Plein jour,En agglomération,Intersection en T,Normale,Deux véhicules - côté,,,,,,,,,,,1,2,3,1,3.0
201600015527,0016-09-15 17:00:00,16,9,15,17,0,130,55,"07, BEZOMBES (BOULEVARD)",43.28849,5.42915,Plein jour,En agglomération,Hors intersection,Normale,Deux véhicules - côté,,,,,,,,,,,1,2,1,1,3.0
201600015528,0016-09-15 01:45:00,16,9,15,1,45,130,55,150-154 BOULEVAR RABATAU,43.28235,5.39945,Nuit avec éclairage allumé,En agglomération,Autre intersection,Normale,Autre collision,,,,,,,,,,,5,2,9,1,6.0
201600015529,0016-09-16 04:45:00,16,9,16,4,45,130,55,"70, AVENUE CLAUDE MONET",43.3265,5.39462,Nuit avec éclairage allumé,En agglomération,Hors intersection,Pluie forte,Autre collision,,,,,,,,,,,5,2,1,3,6.0
201600015530,0016-09-16 08:40:00,16,9,16,8,40,130,55,"83, REDON (BOULEVARD DU)",43.25412,5.421,Plein jour,Hors agglomération,Hors intersection,Normale,Autre collision,,,,,,,,,,,1,1,1,1,6.0
201600015531,0016-09-16 07:50:00,16,9,16,7,50,130,106,"00, NELSON MANDELA (AVEN",43.40917,5.36796,Plein jour,Hors agglomération,Intersection en T,Pluie légère,Deux véhicules - côté,,,,,,,,,,,1,1,3,2,3.0
201600015532,0016-09-16 10:20:00,16,9,16,10,20,130,55,"137, AYGALADES (AVENUE D",43.34243,5.36544,Plein jour,En agglomération,Hors intersection,Normale,Deux véhicules - frontale,,,,,,,,,,,1,2,1,1,1.0
201600015533,0016-09-09 16:40:00,16,9,9,16,40,130,55,"41, RABATAU (BOULEVARD)",43.28328,5.40131,Plein jour,En agglomération,Hors intersection,Normale,Deux véhicules - côté,,,,,,,,,,,1,2,1,1,3.0
201600015534,0016-09-15 19:45:00,16,9,15,19,45,130,55,"84, SAINT JEROME (AVENUE",43.33233,5.41972,Nuit avec éclairage allumé,En agglomération,Hors intersection,Normale,Deux véhicules - arrière,,,,,,,,,,,5,2,1,1,2.0
201600015535,0016-09-16 20:20:00,16,9,16,20,20,130,2,"499, GNRAL DE GAULLE *",43.33962,5.48183,Nuit avec éclairage allumé,En agglomération,Hors intersection,Normale,Autre collision,,,,,,,,,,,5,2,1,1,6.0
201600015536,0016-09-17 00:30:00,16,9,17,0,30,130,55,"52, VALENTINE (ROUTE DE",43.28924,5.46638,Nuit avec éclairage allumé,En agglomération,Hors intersection,Normale,Autre collision,,,,,,,,,,,5,2,1,1,6.0
201600015537,0016-09-16 16:15:00,16,9,16,16,15,130,55,"375, PRADO (AVENUE DU)",43.26934,5.38647,Plein jour,En agglomération,Hors intersection,Normale,Deux véhicules - côté,,,,,,,,,,,1,2,1,1,3.0
201600015538,0016-09-15 15:20:00,16,9,15,15,20,130,55,"240, BAILLE (BOULEVARD)",43.28966,5.39768,Plein jour,En agglomération,Hors intersection,Normale,Deux véhicules - côté,,,,,,,,,,,1,2,1,1,3.0
201600015539,0016-09-17 07:25:00,16,9,17,7,25,130,55,"70, CANEBIERE     70 A F",43.29762,5.38103,Crépuscule ou aube,En agglomération,Intersection en X,Normale,Deux véhicules - côté,,,,,,,,,,,2,2,2,1,3.0
201600015540,0016-09-17 08:30:00,16,9,17,8,30,130,55,"67, CAILLOLS (AVENUE DES",43.3039,5.42868,Plein jour,En agglomération,Hors intersection,Normale,Trois véhicules et plus - en chaîne,,,,,,,,,,,1,2,1,1,4.0
201600015541,0016-09-17 12:00:00,16,9,17,12,0,130,55,"00, FLORIAN (AVENUE)",43.2831,5.42714,Plein jour,En agglomération,Hors intersection,Normale,Sans collision,,,,,,,,,,,1,2,1,1,7.0
201600015542,0016-09-17 17:15:00,16,9,17,17,15,130,55,"44, SAVINE (BOULEVARD DE",43.36667,5.36833,Plein jour,En agglomération,Hors intersection,Normale,Autre collision,,,,,,,,,,,1,2,1,1,6.0
201600015543,0016-09-05 18:15:00,16,9,5,18,15,130,55,"18, CASTELLANE (PLACE)",43.2859,5.38345,Plein jour,En agglomération,Place,Normale,Autre collision,,,,,,,,,,,1,2,7,1,6.0
201600015544,0016-09-12 16:15:00,16,9,12,16,15,130,55,"42, FRANCOISE DUPARC (BO",43.3024,5.40074,Plein jour,En agglomération,Hors intersection,Normale,Autre collision,,,,,,,,,,,1,2,1,1,6.0
201600015545,0016-09-08 11:00:00,16,9,8,11,0,130,55,"49, BELGES (QUAI DES)",43.29415,5.37423,Plein jour,En agglomération,Hors intersection,Normale,Autre collision,,,,,,,,,,,1,2,1,1,6.0
201600015546,0016-09-19 08:15:00,16,9,19,8,15,130,55,"59, SAINT JUST (AVENUE D",43.31605,5.40396,Plein jour,En agglomération,Hors intersection,Normale,Autre collision,,,,,,,,,,,1,2,1,1,6.0
201600015547,0016-09-19 08:05:00,16,9,19,8,5,130,55,"162, TIMONE (AVENUE DE L",43.28661,5.40991,Plein jour,En agglomération,Hors intersection,Normale,Deux véhicules - côté,,,,,,,,,,,1,2,1,1,3.0
201600015548,0016-09-19 08:40:00,16,9,19,8,40,130,55,"00, MARECHAL DE LATTRE (",43.24598,5.41961,Plein jour,En agglomération,Intersection en T,Normale,Deux véhicules - côté,,,,,,,,,,,1,2,3,1,3.0
201600015549,0016-09-19 13:15:00,16,9,19,13,15,130,55,"06, BERNEX (RUE)    IMPA",43.3006,5.38837,Plein jour,En agglomération,Intersection en X,Normale,Deux véhicules - côté,,,,,,,,,,,1,2,2,1,3.0
201600015550,0016-08-20 14:30:00,16,8,20,14,30,130,55,"11, PLOMBIERES (BOULEVAR",43.31494,5.38766,Plein jour,En agglomération,Intersection en T,Normale,Deux véhicules - côté,,,,,,,,,,,1,2,3,1,3.0
201600015551,0016-09-19 18:00:00,16,9,19,18,0,130,55,"77, SAINT ANTOINE (AVENU",43.3699,5.3563,Plein jour,En agglomération,Hors intersection,Normale,Autre collision,,,,,,,,,,,1,2,1,1,6.0
201600015552,0016-09-19 19:45:00,16,9,19,19,45,130,55,"00, ENDOUME (RUE D')",43.28986,5.3663,Crépuscule ou aube,En agglomération,Intersection en X,Normale,Deux véhicules - arrière,,,,,,,,,,,2,2,2,1,2.0
201600015553,0016-08-24 14:30:00,16,8,24,14,30,130,55,"00, HENRI BARBUSSE (RUE)",43.29878,5.37409,Plein jour,En agglomération,Hors intersection,Normale,Deux véhicules - côté,,,,,,,,,,,1,2,1,1,3.0
201600015554,0016-09-20 05:30:00,16,9,20,5,30,130,55,"124, FRANCOISE DUPARC (B",43.30761,5.40181,Nuit avec éclairage allumé,En agglomération,Hors intersection,Normale,Autre collision,,,,,,,,,,,5,2,1,1,6.0
201600015555,0016-09-18 17:30:00,16,9,18,17,30,130,55,"15, PERIER (BOULEVARD)",43.27971,5.38606,Plein jour,En agglomération,Hors intersection,Normale,Deux véhicules - arrière,,,,,,,,,,,1,2,1,1,2.0
201600015556,0016-09-01 11:30:00,16,9,1,11,30,130,55,"83, LIEUTAUD (COURS)",43.28978,5.38376,Plein jour,En agglomération,Hors intersection,Normale,Sans collision,,,,,,,,,,,1,2,1,1,7.0
201600015557,0016-09-20 07:30:00,16,9,20,7,30,130,55,"40, FRANOISE DUPARC (BO",43.30227,5.40076,Plein jour,En agglomération,Hors intersection,Normale,Trois véhicules et plus - collisions multiples,,,,,,,,,,,1,2,1,1,5.0
201600015558,0016-09-20 15:25:00,16,9,20,15,25,130,55,"11, DESAUTEL (AVENUE)",43.25346,5.405,Plein jour,En agglomération,Hors intersection,Normale,Deux véhicules - arrière,,,,,,,,,,,1,2,1,1,2.0
201600015559,0016-09-17 03:05:00,16,9,17,3,5,130,55,"00,RUE DE GRANOUX",43.29873,5.39958,Nuit avec éclairage allumé,En agglomération,Intersection en X,Normale,Deux véhicules - côté,,,,,,,,,,,5,2,2,1,3.0
201600015560,0016-09-20 18:50:00,16,9,20,18,50,130,55,"50, MICHELET (BOULEVARD)",43.26989,5.39256,Plein jour,En agglomération,Hors intersection,Normale,Deux véhicules - côté,,,,,,,,,,,1,2,1,1,3.0
201600015561,0016-09-20 18:25:00,16,9,20,18,25,130,55,"180, LEON LACHAMP (ROUTE",43.24926,5.45103,Plein jour,En agglomération,Hors intersection,Normale,Deux véhicules - frontale,,,,,,,,,,,1,2,1,1,1.0
201600015562,0016-09-21 07:45:00,16,9,21,7,45,130,55,SAINT JOSEPH A SAINT ANT,43.37065,5.35994,Plein jour,En agglomération,Hors intersection,Normale,Deux véhicules - frontale,,,,,,,,,,,1,2,1,1,1.0
201600015563,0016-09-16 16:40:00,16,9,16,16,40,130,55,"249, AYGALADES *AVENUE D",43.35222,5.36548,Plein jour,En agglomération,Hors intersection,Normale,Autre collision,,,,,,,,,,,1,2,1,1,6.0
201600015564,0016-09-21 15:00:00,16,9,21,15,0,130,55,"00, FLORIAN ( ROND POINT",43.28483,5.42409,Plein jour,En agglomération,Intersection à plus de 4 branches,Normale,Deux véhicules - côté,,,,,,,,,,,1,2,5,1,3.0
201600015565,0016-09-21 13:40:00,16,9,21,13,40,130,55,"397, PRADO (AVENUE DU)",43.26932,5.38635,Plein jour,En agglomération,Hors intersection,Normale,Autre collision,,,,,,,,,,,1,2,1,1,6.0
201600015566,0016-09-21 15:50:00,16,9,21,15,50,130,55,"00, ROGER LUCCIONI (RUE",43.2735,5.43283,Plein jour,En agglomération,Giratoire,Normale,Deux véhicules - arrière,,,,,,,,,,,1,2,6,1,2.0
201600015567,0016-09-21 19:00:00,16,9,21,19,0,130,55,"93, HENRI BARNIER (BOULE",43.3723,5.34908,Plein jour,En agglomération,Hors intersection,Normale,Deux véhicules - arrière,,,,,,,,,,,1,2,1,1,2.0
201600015568,0016-09-22 00:10:00,16,9,22,0,10,130,106,"41, D'APT (route)",43.40008,5.36554,Plein jour,Hors agglomération,Hors intersection,Normale,Deux véhicules - frontale,,,,,,,,,,,1,1,1,1,1.0
201600015569,0016-09-21 12:00:00,16,9,21,12,0,130,55,"168, JULES CANTINI (AVEN",43.27974,5.39507,Plein jour,En agglomération,Hors intersection,Normale,Deux véhicules - côté,,,,,,,,,,,1,2,1,1,3.0
201600015570,0016-09-21 10:45:00,16,9,21,10,45,130,55,"21, PRADO (AVENUE DU)",43.28431,5.38467,Plein jour,En agglomération,Hors intersection,Temps éblouissant,Deux véhicules - côté,,,,,,,,,,,1,2,1,7,3.0
201600015571,0016-09-15 19:50:00,16,9,15,19,50,130,55,"10, REPUBLIQUE (RUE DE L",43.29686,5.37372,Plein jour,En agglomération,Intersection en X,Normale,Deux véhicules - côté,,,,,,,,,,,1,2,2,1,3.0
201600015572,0016-09-22 18:30:00,16,9,22,18,30,130,2,"463, PROVENCE AVENUE DE",43.32844,5.48343,Plein jour,En agglomération,Hors intersection,Normale,Deux véhicules - côté,,,,,,,,,,,1,2,1,1,3.0
201600015573,0016-09-22 23:45:00,16,9,22,23,45,130,55,"3, AYGALADES AVENUE DES",43.33052,5.36659,Nuit sans éclairage public,En agglomération,Hors intersection,Normale,Autre collision,,,,,,,,,,,3,2,1,1,6.0
201600015574,0016-09-23 08:20:00,16,9,23,8,20,130,75,"00, PAUL SIRVENT avenue",43.34307,5.46848,Plein jour,En agglomération,Intersection en T,Temps éblouissant,Deux véhicules - côté,,,,,,,,,,,1,2,3,7,3.0
201600015575,0016-09-20 12:15:00,16,9,20,12,15,130,55,"125, PRADO (AVENUE DU)",43.27986,5.38715,Plein jour,En agglomération,Hors intersection,Normale,Deux véhicules - arrière,,,,,,,,,,,1,2,1,1,2.0
201600015576,0016-09-23 17:45:00,16,9,23,17,45,130,55,"00, AVENUE RAIMU",43.33333,5.39886,Plein jour,En agglomération,Intersection en T,Normale,Trois véhicules et plus - collisions multiples,,,,,,,,,,,1,2,3,1,5.0
201600015577,0016-09-23 20:30:00,16,9,23,20,30,130,55,"255, ENDOUME (RUE D')",43.28391,5.35731,Nuit avec éclairage allumé,En agglomération,Intersection en Y,Normale,Deux véhicules - côté,,,,,,,,,,,5,2,4,1,3.0
201600015578,0016-09-23 23:15:00,16,9,23,23,15,130,55,"00, ALEX. FLEMING (BOULE",43.31387,5.40563,Nuit sans éclairage public,En agglomération,Intersection en X,Normale,Trois véhicules et plus - en chaîne,,,,,,,,,,,3,2,2,1,4.0
201600015579,0016-09-21 18:19:00,16,9,21,18,19,130,55,"00, MARCEL SEMBAT (RUE)",43.30161,5.38167,Plein jour,En agglomération,Intersection en X,Normale,Deux véhicules - côté,,,,,,,,,,,1,2,2,1,3.0
201600015580,0016-09-22 13:45:00,16,9,22,13,45,130,55,"00, FRANOISE DUPARC (BO",43.30779,5.40197,Plein jour,Hors agglomération,Hors intersection,Normale,Deux véhicules - arrière,,,,,,,,,,,1,1,1,1,2.0