accident_id,datetime,annee,mois,jour,heure,minute,departement,commune_insee,adresse,latitude,longitude,luminosite,agglomeration,intersection,meteo,collision,nb_vehicules,nb_usagers,nb_indemnes,nb_tues,nb_blesses_hosp,nb_blesses_legers,age_cond_1,age_cond_2,veh_type_cond_1,veh_type_cond_2,lum_code,agg_code,int_code,atm_code,col_code
201600015699,0016-10-08 19:30:00,16,10,8,19,30,130,55,"00, JEAN BOUIN (AVENUE)",43.26868,5.4039,Crépuscule ou aube,En agglomération,Intersection en X,Normale,Sans collision,,,,,,,,,,,2,2,2,1,7.0
201600015700,0016-09-30 09:05:00,16,9,30,9,5,130,55,"8, EMILE POLLAK (RUE)",43.29117,5.37451,Plein jour,En agglomération,Hors intersection,Normale,Autre collision,,,,,,,,,,,1,2,1,1,6.0
201600015701,0016-10-09 12:00:00,16,10,9,12,0,130,55,"118, NOTRE DAME (RUE)",43.28503,5.37465,Plein jour,En agglomération,Hors intersection,Normale,Deux véhicules - arrière,,,,,,,,,,,1,2,1,1,2.0
201600015702,0016-09-30 11:00:00,16,9,30,11,0,130,55,"71, CHARLES LIVON (BOULE",43.29206,5.3595,Plein jour,En agglomération,Hors intersection,Normale,Deux véhicules - arrière,,,,,,,,,,,1,2,1,1,2.0
201600015703,0016-10-03 18:45:00,16,10,3,18,45,130,55,"00, PAUL CODACCIONI (RUE",43.28804,5.36098,Plein jour,En agglomération,Intersection en X,Normale,Autre collision,,,,,,,,,,,1,2,2,1,6.0
201600015704,0016-10-05 07:40:00,16,10,5,7,40,130,55,"18, GARIBALDI (BOULEVARD",43.29662,5.38129,Plein jour,En agglomération,Intersection en T,Normale,Deux véhicules - côté,,,,,,,,,,,1,2,3,1,3.0
201600015705,0016-10-09 14:20:00,16,10,9,14,20,130,55,"175, SAINTE MARTHE (AVEN",43.32881,5.38781,Plein jour,En agglomération,Hors intersection,Normale,Deux véhicules - côté,,,,,,,,,,,1,2,1,1,3.0
201600015706,0016-10-04 17:20:00,16,10,4,17,20,130,55,"106, CORSE (AVENUE DE LA",43.28967,5.35679,Plein jour,En agglomération,Hors intersection,Normale,Deux véhicules - côté,,,,,,,,,,,1,2,1,1,3.0
201600015707,0016-10-09 19:10:00,16,10,9,19,10,130,55,"327, MADRAGUE VILLE (CHE",43.33717,5.35765,Nuit avec éclairage allumé,En agglomération,Hors intersection,Normale,Deux véhicules - frontale,,,,,,,,,,,5,2,1,1,1.0
201600015708,0016-10-09 21:45:00,16,10,9,21,45,130,55,"217, SAINT PIERRE (RUE)",43.29261,5.39889,Nuit avec éclairage allumé,En agglomération,Hors intersection,Normale,Deux véhicules - côté,,,,,,,,,,,5,2,1,1,3.0
201600015709,0016-10-10 00:55:00,16,10,10,0,55,130,55,"00, VILLENEUVE (RUE)",43.30172,5.3825,Nuit avec éclairage allumé,En agglomération,Intersection en X,Normale,Deux véhicules - côté,,,,,,,,,,,5,2,2,1,3.0
201600015710,0016-10-10 01:50:00,16,10,10,1,50,130,55,"32, OLIVES (AVENUE DES)",43.32886,5.43143,Nuit avec éclairage allumé,Hors agglomération,Hors intersection,Normale,Sans collision,,,,,,,,,,,5,1,1,1,7.0
201600015711,0016-10-10 08:30:00,16,10,10,8,30,130,55,"15, LAFAYETTE (RUE)",43.30024,5.38162,Plein jour,En agglomération,Hors intersection,Normale,Deux véhicules - côté,,,,,,,,,,,1,2,1,1,3.0
201600015712,0016-10-10 09:15:00,16,10,10,9,15,130,55,"00, LITTORAL (CHEMIN DU)",43.34775,5.34412,Plein jour,En agglomération,Giratoire,Normale,Deux véhicules - arrière,,,,,,,,,,,1,2,6,1,2.0
201600015713,0016-10-09 20:00:00,16,10,9,20,0,130,55,"00, JEAN TCHORLOU (rd pt",43.295,5.48156,Nuit avec éclairage allumé,En agglomération,Giratoire,Normale,Deux véhicules - côté,,,,,,,,,,,5,2,6,1,3.0
201600015714,0016-09-28 14:30:00,16,9,28,14,30,130,55,"000, SAINT PIERRE (RUE)",43.29198,5.40206,Plein jour,En agglomération,Hors intersection,Normale,Deux véhicules - côté,,,,,,,,,,,1,2,1,1,3.0
201600015715,0016-10-04 16:20:00,16,10,4,16,20,130,55,"140, CANEBIERE    81 A F",43.29857,5.38379,Plein jour,En agglomération,Hors intersection,Normale,Autre collision,,,,,,,,,,,1,2,1,1,6.0
201600015716,0016-10-10 23:40:00,16,10,10,23,40,130,55,"37, CHEMIN DU PASSET",43.3605,5.33425,Nuit avec éclairage allumé,En agglomération,Hors intersection,Normale,Deux véhicules - côté,,,,,,,,,,,5,2,1,1,3.0
201600015717,0016-10-11 06:20:00,16,10,11,6,20,130,55,"555, SAINT PIERRE (RUE)",43.29048,5.42109,Crépuscule ou aube,En agglomération,Hors intersection,Normale,Deux véhicules - côté,,,,,,,,,,,2,2,1,1,3.0
201600015718,0016-10-10 20:00:00,16,10,10,20,0,130,55,"146, LIEUTAUD * COURS",43.28845,5.38441,Nuit avec éclairage allumé,En agglomération,Hors intersection,Normale,Autre collision,,,,,,,,,,,5,2,1,1,6.0
201600015719,0016-10-11 11:45:00,16,10,11,11,45,130,55,"41, CONCORDE (BOULEVARD",43.24912,5.402,Plein jour,En agglomération,Hors intersection,Normale,Deux véhicules - côté,,,,,,,,,,,1,2,1,1,3.0
201600015720,0016-10-11 15:50:00,16,10,11,15,50,130,55,"00, FLORIAN ( ROND POINT",43.28521,5.42607,Plein jour,En agglomération,Giratoire,Normale,Deux véhicules - côté,,,,,,,,,,,1,2,6,1,3.0
201600015721,0016-09-02 22:00:00,16,9,2,22,0,130,55,"154, MADRAGUE VILLE (CHE",43.32768,5.36,Nuit avec éclairage allumé,En agglomération,Hors intersection,Normale,Autre collision,,,,,,,,,,,5,2,1,1,6.0
201600015722,0016-10-12 00:05:00,16,10,12,0,5,130,55,"44-48, PERIER (BOULEVARD",43.2794,5.38443,Nuit sans éclairage public,Hors agglomération,Hors intersection,Normale,Sans collision,,,,,,,,,,,3,1,1,1,7.0
201600015723,0016-10-11 23:20:00,16,10,11,23,20,130,55,"4, ARENC (QUAI D')",43.31268,5.36778,Nuit avec éclairage allumé,En agglomération,Hors intersection,Normale,Autre collision,,,,,,,,,,,5,2,1,1,6.0
201600015724,0016-10-11 11:50:00,16,10,11,11,50,130,55,"321, JEAN QUEILLAU (RUE)",43.33355,5.38544,Plein jour,En agglomération,Hors intersection,Normale,Autre collision,,,,,,,,,,,1,2,1,1,6.0
201600015725,0016-10-06 09:35:00,16,10,6,9,35,130,55,"35, CORSE (AVENUE DE LA)",43.28932,5.36317,Plein jour,En agglomération,Intersection en T,Normale,Deux véhicules - côté,,,,,,,,,,,1,2,3,1,3.0
201600015726,0016-10-11 12:00:00,16,10,11,12,0,130,55,"73, LIEUTAUD (COURS)",43.29009,5.38359,Plein jour,En agglomération,Autre intersection,Normale,Deux véhicules - côté,,,,,,,,,,,1,2,9,1,3.0
201600015727,0016-10-12 07:15:00,16,10,12,7,15,130,55,"36, FAUCHIER (RUE)",43.30398,5.37014,Nuit avec éclairage allumé,En agglomération,Autre intersection,Normale,Autre collision,,,,,,,,,,,5,2,9,1,6.0
201600015728,0016-09-28 18:45:00,16,9,28,18,45,130,55,RUE MELCHIOR GUINOT,43.3105,5.37147,Crépuscule ou aube,En agglomération,Hors intersection,Normale,Autre collision,,,,,,,,,,,2,2,1,1,6.0
201600015729,0016-10-12 08:40:00,16,10,12,8,40,130,55,"00, FLORIAN ( ROND POINT",43.28512,5.4256,Plein jour,En agglomération,Giratoire,Normale,Deux véhicules - côté,,,,,,,,,,,1,2,6,1,3.0
201600015730,0016-10-11 11:00:00,16,10,11,11,0,130,55,"249, PIERRE DOIZE  (RUE)",43.27171,5.42725,Plein jour,En agglomération,Hors intersection,Normale,Deux véhicules - arrière,,,,,,,,,,,1,2,1,1,2.0
201600015731,0016-09-29 13:15:00,16,9,29,13,15,130,55,"52, SAINT SUFFREN (RUE)",43.28732,5.38094,Plein jour,En agglomération,Hors intersection,Normale,Autre collision,,,,,,,,,,,1,2,1,1,6.0
201600015732,0016-10-12 09:50:00,16,10,12,9,50,130,55,"00, SALVADOR ALLENDE (RU",43.32989,5.39446,Plein jour,En agglomération,Hors intersection,Normale,Autre collision,,,,,,,,,,,1,2,1,1,6.0
201600015733,0016-10-12 15:45:00,16,10,12,15,45,130,55,"1, SAINTE MARTHE (AVENUE",43.31811,5.39027,Plein jour,En agglomération,Hors intersection,Normale,Deux véhicules - côté,,,,,,,,,,,1,2,1,1,3.0
201600015734,0016-10-13 09:12:00,16,10,13,9,12,130,55,"140, L ARMEE D AFRIQUE (",43.28824,5.41036,Plein jour,En agglomération,Hors intersection,Normale,Deux véhicules - côté,,,,,,,,,,,1,2,1,1,3.0
201600015735,0016-10-13 07:18:00,16,10,13,7,18,130,55,"32, GAROUTTE (BOULEVARD)",43.30702,5.41324,Crépuscule ou aube,En agglomération,Hors intersection,Pluie légère,Deux véhicules - arrière,,,,,,,,,,,2,2,1,2,2.0
201600015736,0016-10-13 12:30:00,16,10,13,12,30,130,55,"51, FRANOIS MIGNET (AVE",43.33151,5.42841,Plein jour,En agglomération,Hors intersection,Normale,Deux véhicules - côté,,,,,,,,,,,1,2,1,1,3.0
201600015737,0016-10-13 18:20:00,16,10,13,18,20,130,55,"00, SAINTE MARTHE (AVENU",43.33322,5.39047,Crépuscule ou aube,En agglomération,Hors intersection,Normale,Deux véhicules - côté,,,,,,,,,,,2,2,1,1,3.0
201600015738,0016-10-13 20:15:00,16,10,13,20,15,130,55,"93, ROMAIN ROLLAND (BOUL",43.27876,5.42219,Nuit avec éclairage allumé,En agglomération,Hors intersection,Temps couvert,Autre collision,,,,,,,,,,,5,2,1,8,6.0
201600015739,0016-10-01 08:00:00,16,10,1,8,0,130,55,"108, FRANOISE DUPARC (B",43.30628,5.40094,Plein jour,En agglomération,Hors intersection,Pluie légère,Deux véhicules - arrière,,,,,,,,,,,1,2,1,2,2.0
201600015740,0016-10-14 16:10:00,16,10,14,16,10,130,55,"16, JEAN LOMBARD (AVENUE",43.28916,5.42764,Plein jour,En agglomération,Hors intersection,Temps couvert,Deux véhicules - arrière,,,,,,,,,,,1,2,1,8,2.0
201600015741,0016-10-14 14:30:00,16,10,14,14,30,130,55,"81, WILLIAM BOOTH (AVENU",43.29446,5.44266,Plein jour,En agglomération,Hors intersection,Pluie légère,Deux véhicules - frontale,,,,,,,,,,,1,2,1,2,1.0
201600015742,0016-10-14 19:30:00,16,10,14,19,30,130,55,"62, LIEUTAUD (COURS)",43.29276,5.38253,Nuit avec éclairage allumé,En agglomération,Hors intersection,Normale,Trois véhicules et plus - en chaîne,,,,,,,,,,,5,2,1,1,4.0
201600015743,0016-10-16 01:00:00,16,10,16,1,0,130,55,"2, JEAN EUGENE CABASSUD",43.28691,5.4125,Nuit avec éclairage allumé,En agglomération,Intersection en X,Normale,Deux véhicules - côté,,,,,,,,,,,5,2,2,1,3.0
201600015744,0016-10-16 00:10:00,16,10,16,0,10,130,55,"00, LODI (RUE DE)",43.28913,5.38745,Nuit avec éclairage allumé,En agglomération,Intersection en X,Normale,Deux véhicules - côté,,,,,,,,,,,5,2,2,1,3.0
201600015745,0016-10-16 06:45:00,16,10,16,6,45,130,55,"444, NATIONAL BOULEVARD",43.31463,5.37093,Crépuscule ou aube,En agglomération,Hors intersection,Normale,Trois véhicules et plus - collisions multiples,,,,,,,,,,,2,2,1,1,5.0
201600015746,0016-10-15 19:20:00,16,10,15,19,20,130,55,"0000, LEON PAULET (RUE)",43.26926,5.38904,Crépuscule ou aube,En agglomération,Hors intersection,Normale,Autre collision,,,,,,,,,,,2,2,1,1,6.0
201600015747,0016-10-11 11:30:00,16,10,11,11,30,130,55,"91, ROME RUE DE *",43.29204,5.3803,Plein jour,En agglomération,Intersection en X,Normale,Deux véhicules - côté,,,,,,,,,,,1,2,2,1,3.0
201600015748,0016-10-16 23:00:00,16,10,16,23,0,130,55,"476, MIRELLE LAUZE (BOUL",43.28801,5.43414,Nuit avec éclairage allumé,En agglomération,Hors intersection,Normale,Autre collision,,,,,,,,,,,5,2,1,1,6.0
201600015749,0016-10-11 11:05:00,16,10,11,11,5,130,55,"1, CHARLES NEDELEC (BOUL",43.30242,5.37702,Plein jour,En agglomération,Hors intersection,Normale,Autre collision,,,,,,,,,,,1,2,1,1,6.0
201600015750,0016-10-17 08:20:00,16,10,17,8,20,130,55,"29, CHARLES MATTEI (bd)",43.33106,5.39528,Plein jour,En agglomération,Hors intersection,Normale,Autre collision,,,,,,,,,,,1,2,1,1,6.0
201600015751,0016-10-17 13:30:00,16,10,17,13,30,130,55,"0, MARCHAL DE LATTRE (A",43.24656,5.40817,Plein jour,En agglomération,Hors intersection,Normale,Deux véhicules - frontale,,,,,,,,,,,1,2,1,1,1.0
201600015752,0016-09-30 13:00:00,16,9,30,13,0,130,55,"RD POI, ANTOINE SARTORIO",43.36124,5.34491,Plein jour,En agglomération,Hors intersection,Pluie légère,Autre collision,,,,,,,,,,,1,2,1,2,6.0
201600015753,0016-10-17 17:30:00,16,10,17,17,30,130,55,"60, JEAN LOMBARD *AVENUE",43.28891,5.43036,Plein jour,En agglomération,Hors intersection,Pluie forte,Trois véhicules et plus - en chaîne,,,,,,,,,,,1,2,1,3,4.0
201600015754,0016-10-17 19:00:00,16,10,17,19,0,130,55,MAZARGUES (AVENUE DE),43.25249,5.39462,Crépuscule ou aube,En agglomération,Hors intersection,Temps couvert,Deux véhicules - frontale,,,,,,,,,,,2,2,1,8,1.0
201600015755,0016-10-17 11:20:00,16,10,17,11,20,130,55,"295, SAINT ANTOINE (AVEN",43.37665,5.35629,Plein jour,En agglomération,Hors intersection,Normale,Deux véhicules - côté,,,,,,,,,,,1,2,1,1,3.0
201600015756,0016-10-18 08:00:00,16,10,18,8,0,130,55,"9, LAZARET (QUAI DU)",43.30746,5.36595,Crépuscule ou aube,En agglomération,Hors intersection,Normale,Deux véhicules - côté,,,,,,,,,,,2,2,1,1,3.0
201600015757,0016-10-17 18:25:00,16,10,17,18,25,130,2,"00, ETIENNE CUCCA-CD908",43.3658,5.50266,Nuit sans éclairage public,Hors agglomération,Hors intersection,Pluie forte,Sans collision,,,,,,,,,,,3,1,1,3,7.0
201600015758,0016-10-18 14:15:00,16,10,18,14,15,130,55,"13, CADE (RUE)",43.33163,5.39055,Plein jour,En agglomération,Hors intersection,Normale,Deux véhicules - côté,,,,,,,,,,,1,2,1,1,3.0
201600015759,0016-09-03 10:30:00,16,9,3,10,30,130,55,"00, PIERRE PUGET (COURS)",43.2902,5.37371,Plein jour,En agglomération,Intersection en T,Normale,Deux véhicules - côté,,,,,,,,,,,1,2,3,1,3.0
201600015760,0016-10-18 22:00:00,16,10,18,22,0,130,55,"00, FLORIAN ( ROND POINT",43.2831,5.42714,Nuit avec éclairage allumé,Hors agglomération,Hors intersection,Normale,Deux véhicules - frontale,,,,,,,,,,,5,1,1,1,1.0
201600015761,0016-10-07 12:30:00,16,10,7,12,30,130,55,"42, JULES CANTINI AVENUE",43.28377,5.38769,Plein jour,En agglomération,Hors intersection,Normale,Autre collision,,,,,,,,,,,1,2,1,1,6.0
201600015762,0016-10-19 05:30:00,16,10,19,5,30,130,55,"421, MADRAGUE VILLE (RUE",43.34099,5.35217,Nuit avec éclairage allumé,En agglomération,Hors intersection,Normale,Autre collision,,,,,,,,,,,5,2,1,1,6.0
201600015763,0016-10-19 07:47:00,16,10,19,7,47,130,55,"83, PLOMBIERES (BOULEVAR",43.31638,5.38305,Crépuscule ou aube,En agglomération,Hors intersection,Normale,Autre collision,,,,,,,,,,,2,2,1,1,6.0
201600015764,0016-10-07 08:30:00,16,10,7,8,30,130,55,"338, SAINT PIERRE (RUE)",43.29179,5.40791,Plein jour,En agglomération,Hors intersection,Normale,Autre collision,,,,,,,,,,,1,2,1,1,6.0
201600015765,0016-10-19 09:55:00,16,10,19,9,55,130,55,"00, MAZARGUES (ROND-POIN",43.25072,5.40338,Plein jour,En agglomération,Hors intersection,Normale,Deux véhicules - arrière,,,,,,,,,,,1,2,1,1,2.0
201600015766,0016-10-19 09:10:00,16,10,19,9,10,130,55,"126, HAMBOURG (BOULEVARD",43.24902,5.39068,Plein jour,Hors agglomération,Hors intersection,Normale,Autre collision,,,,,,,,,,,1,1,1,1,6.0
201600015767,0016-10-19 13:30:00,16,10,19,13,30,130,55,SAINT THYS (AVENUE),43.28099,5.43891,Plein jour,En agglomération,Hors intersection,Normale,Autre collision,,,,,,,,,,,1,2,1,1,6.0
201600015768,0016-10-15 12:20:00,16,10,15,12,20,130,55,"2, SAKAKINI (BOULEVARD)",43.29993,5.40074,Plein jour,En agglomération,Intersection en X,Normale,Deux véhicules - côté,,,,,,,,,,,1,2,2,1,3.0
201600015769,0016-06-27 18:15:00,16,6,27,18,15,130,55,SAINTE (RUE)         1 A,43.29216,5.37387,Plein jour,En agglomération,Hors intersection,Normale,Deux véhicules - arrière,,,,,,,,,,,1,2,1,1,2.0
201600015770,0016-10-19 23:35:00,16,10,19,23,35,130,55,"14, VILLAGE (RUE DE)",43.28795,5.38345,Nuit avec éclairage allumé,En agglomération,Intersection en X,Normale,Deux véhicules - côté,,,,,,,,,,,5,2,2,1,3.0
201600015771,0016-10-19 11:30:00,16,10,19,11,30,130,55,boulev BOUYALA D'ARNAUD,43.29675,5.44321,Plein jour,En agglomération,Hors intersection,Normale,Deux véhicules - côté,,,,,,,,,,,1,2,1,1,3.0
201600015772,0016-10-20 09:00:00,16,10,20,9,0,130,55,"2, TROIS LUCS A LA VALEN",43.31232,5.46522,Plein jour,En agglomération,Hors intersection,Normale,Autre collision,,,,,,,,,,,1,2,1,1,6.0
201600015773,0016-10-20 09:25:00,16,10,20,9,25,130,55,VAUFREGES (ROUTE DE),43.23726,5.49915,Plein jour,Hors agglomération,Hors intersection,Normale,Trois véhicules et plus - collisions multiples,,,,,,,,,,,1,1,1,1,5.0
201600015774,0016-10-16 11:30:00,16,10,16,11,30,130,55,CORNICHE KENNEDY,43.2796,5.35351,Plein jour,En agglomération,Hors intersection,Normale,Autre collision,,,,,,,,,,,1,2,1,1,6.0
201600015775,0016-10-20 15:00:00,16,10,20,15,0,130,55,"66, ODDO (bd)",43.32778,5.35994,Plein jour,En agglomération,Intersection en T,Normale,Autre collision,,,,,,,,,,,1,2,3,1,6.0
201600015776,0016-10-20 20:00:00,16,10,20,20,0,130,55,"192, MICHELET (BOULEVARD",43.26338,5.39645,Nuit avec éclairage allumé,En agglomération,Hors intersection,Normale,Trois véhicules et plus - en chaîne,,,,,,,,,,,5,2,1,1,4.0
201600015777,0016-10-20 21:30:00,16,10,20,21,30,130,55,"21,  RUE LACEPEDE",43.30504,5.39861,Nuit avec éclairage allumé,En agglomération,Hors intersection,Normale,Deux véhicules - côté,,,,,,,,,,,5,2,1,1,3.0
201600015778,0016-10-16 11:15:00,16,10,16,11,15,130,55,"200, CORNICHE KENNEDY",43.26886,5.3689,Plein jour,En agglomération,Hors intersection,Normale,Autre collision,,,,,,,,,,,1,2,1,1,6.0
201600015779,0016-10-20 17:05:00,16,10,20,17,5,130,55,"66, STRASBOURG (BOULEVAR",43.30929,5.37882,Plein jour,En agglomération,Hors intersection,Normale,Autre collision,,,,,,,,,,,1,2,1,1,6.0
201600015780,0016-10-21 07:40:00,16,10,21,7,40,130,55,"220, L ARMEE D AFRIQUE (",43.2865,5.41603,Plein jour,En agglomération,Hors intersection,Normale,Deux véhicules - côté,,,,,,,,,,,1,2,1,1,3.0
201600015781,0016-10-21 13:10:00,16,10,21,13,10,130,55,"327, MICHELET (BOULEVARD",43.25834,5.39929,Plein jour,En agglomération,Autre intersection,Normale,Deux véhicules - frontale,,,,,,,,,,,1,2,9,1,1.0
201600015782,0016-10-21 15:45:00,16,10,21,15,45,130,55,"87, SAINT JULIEN AVENUE",43.30678,5.42137,Plein jour,En agglomération,Hors intersection,Normale,Deux véhicules - côté,,,,,,,,,,,1,2,1,1,3.0
201600015783,0016-10-21 12:45:00,16,10,21,12,45,130,2,"699, GENERAL LECLERC (AV",43.34537,5.48707,Plein jour,En agglomération,Intersection en T,Normale,Deux véhicules - côté,,,,,,,,,,,1,2,3,1,3.0
201600015784,0016-10-21 16:20:00,16,10,21,16,20,130,55,"9, SAINT ANTOINE (AVENUE",43.36625,5.3568,Plein jour,En agglomération,Hors intersection,Normale,Deux véhicules - côté,,,,,,,,,,,1,2,1,1,3.0
201600015785,0016-10-21 23:00:00,16,10,21,23,0,130,55,"61, CAMILLE PELLETAN AVE",43.30542,5.37315,Nuit avec éclairage allumé,En agglomération,Hors intersection,Normale,Sans collision,,,,,,,,,,,5,2,1,1,7.0
201600015786,0016-10-22 02:10:00,16,10,22,2,10,130,55,"61, CAMILLE PELLETAN (AV",43.30561,5.37321,Nuit avec éclairage allumé,En agglomération,Hors intersection,Normale,Sans collision,,,,,,,,,,,5,2,1,1,7.0
201600015787,0016-10-22 09:00:00,16,10,22,9,0,130,2,"78, 7 RMENT DE TIRAILLEU",43.33826,5.47845,Plein jour,En agglomération,Hors intersection,Normale,Sans collision,,,,,,,,,,,1,2,1,1,7.0
201600015788,0016-10-22 13:00:00,16,10,22,13,0,130,55,"115, CHAVE (BOULEVARD)",43.29544,5.39371,Plein jour,En agglomération,Hors intersection,Normale,Autre collision,,,,,,,,,,,1,2,1,1,6.0
201600015789,0016-10-22 15:45:00,16,10,22,15,45,130,55,"32, SIMON BOLIVAR (BOULE",43.34306,5.37801,Plein jour,En agglomération,Hors intersection,Normale,Autre collision,,,,,,,,,,,1,2,1,1,6.0
201600015790,0016-10-22 16:10:00,16,10,22,16,10,130,55,"135, MADRAGUE VILLE (CHE",43.32657,5.36084,Plein jour,En agglomération,Hors intersection,Pluie légère,Deux véhicules - frontale,,,,,,,,,,,1,2,1,2,1.0
201600015791,0016-10-22 21:40:00,16,10,22,21,40,130,55,"143, FLAMMARION (BOULEVA",43.308,5.39618,Nuit avec éclairage allumé,En agglomération,Hors intersection,Pluie légère,Sans collision,,,,,,,,,,,5,2,1,2,7.0
201600015792,0016-10-23 23:10:00,16,10,23,23,10,130,55,TOULON (AVENUE DE),43.28501,5.38964,Nuit avec éclairage allumé,En agglomération,Intersection en T,Normale,Deux véhicules - côté,,,,,,,,,,,5,2,3,1,3.0
201600015793,0016-10-24 00:06:00,16,10,24,0,6,130,55,"41, PRADO (AVENUE DU)",43.2836,5.3854,Nuit avec éclairage allumé,En agglomération,Hors intersection,Normale,Deux véhicules - côté,,,,,,,,,,,5,2,1,1,3.0
201600015794,0016-10-24 02:50:00,16,10,24,2,50,130,55,"56, RUISSEAU MI (RUE)",43.35092,5.35105,Nuit avec éclairage allumé,En agglomération,Hors intersection,Normale,Autre collision,,,,,,,,,,,5,2,1,1,6.0
201600015795,0016-09-09 19:30:00,16,9,9,19,30,130,55,"1, JEAN PAUL SARTRE (AVE",43.314,5.40607,Crépuscule ou aube,En agglomération,Intersection en X,Normale,Deux véhicules - arrière,,,,,,,,,,,2,2,2,1,2.0
201600015796,0016-10-23 07:10:00,16,10,23,7,10,130,55,"00, OLIVES (AVENUE DES)",43.32908,5.43086,Plein jour,En agglomération,Intersection en T,Pluie légère,Deux véhicules - côté,,,,,,,,,,,1,2,3,2,3.0
201600015797,0016-10-12 10:10:00,16,10,12,10,10,130,55,"142, DANIEL CASANOVA (BO",43.32737,5.37501,Plein jour,En agglomération,Hors intersection,Normale,Autre collision,,,,,,,,,,,1,2,1,1,6.0
201600015798,0016-10-12 07:00:00,16,10,12,7,0,130,55,"38, SAINT JEROME (AVENUE",43.32978,5.41903,Crépuscule ou aube,En agglomération,Hors intersection,Normale,Deux véhicules - côté,,,,,,,,,,,2,2,1,1,3.0
201600015799,0016-10-24 12:00:00,16,10,24,12,0,130,55,CAMOINS (AVENUE DES),43.30647,5.51009,Plein jour,En agglomération,Hors intersection,Normale,Deux véhicules - côté,,,,,,,,,,,1,2,1,1,3.0
201600015800,0016-10-24 12:36:00,16,10,24,12,36,130,55,"00, FLORIAN ( ROND POINT",43.28517,5.42583,Plein jour,En agglomération,Hors intersection,Normale,Deux véhicules - côté,,,,,,,,,,,1,2,1,1,3.0
201600015801,0016-10-20 12:30:00,16,10,20,12,30,130,55,"1, FELIX PYAT (RUE)",43.3128,5.37601,Plein jour,En agglomération,Hors intersection,Normale,Sans collision,,,,,,,,,,,1,2,1,1,7.0
201600015802,0016-10-24 20:00:00,16,10,24,20,0,130,55,QUAI D'ARENC,43.31285,5.36617,Plein jour,En agglomération,Hors intersection,Normale,Deux véhicules - côté,,,,,,,,,,,1,2,1,1,3.0
201600015803,0016-10-25 10:05:00,16,10,25,10,5,130,55,"78, CAMAS (RUE DU)",43.29702,5.39443,Plein jour,En agglomération,Hors intersection,Pluie légère,Deux véhicules - arrière,,,,,,,,,,,1,2,1,2,2.0
201600015804,0016-10-25 13:40:00,16,10,25,13,40,130,55,"15, TURCAT MERY ALLE (A",43.28077,5.38825,Plein jour,En agglomération,Hors intersection,Normale,Deux véhicules - frontale,,,,,,,,,,,1,2,1,1,1.0
201600015805,0016-10-25 16:00:00,16,10,25,16,0,130,55,ROSE (AVENUE DE LA),,,Plein jour,En agglomération,Hors intersection,Normale,Autre collision,,,,,,,,,,,1,2,1,1,6.0
201600015806,0016-10-25 19:45:00,16,10,25,19,45,130,55,"14, MORGIOU (CHEMIN DE)",43.23527,5.41092,Nuit avec éclairage allumé,En agglomération,Hors intersection,Normale,Autre collision,,,,,,,,,,,5,2,1,1,6.0
201600015807,0016-10-25 20:45:00,16,10,25,20,45,130,55,"84, MICHELET (BOULEVARD)",43.25326,5.40217,Nuit avec éclairage allumé,Hors agglomération,Hors intersection,Normale,Deux véhicules - côté,,,,,,,,,,,5,1,1,1,3.0
201600015808,0016-10-25 23:00:00,16,10,25,23,0,130,55,"300, SAINT PIERRE (RUE)",43.29158,5.40599,Nuit avec éclairage allumé,En agglomération,Intersection en T,Normale,Deux véhicules - côté,,,,,,,,,,,5,2,3,1,3.0
201600015809,0016-10-05 13:30:00,16,10,5,13,30,130,55,"27, FRANCOISE DUPARC (BO",43.30163,5.40056,Plein jour,En agglomération,Hors intersection,Normale,Autre collision,,,,,,,,,,,1,2,1,1,6.0
201600015810,0016-10-26 13:45:00,16,10,26,13,45,130,55,"67, ROSE (AVENUE DE LA)",43.32584,5.41988,Plein jour,En agglomération,Hors intersection,Normale,Autre collision,,,,,,,,,,,1,2,1,1,6.0
201600015811,0016-10-26 13:55:00,16,10,26,13,55,130,55,"67, TROIS LUCS A LA VALE",43.30855,5.46956,Plein jour,En agglomération,Hors intersection,Normale,Deux véhicules - côté,,,,,,,,,,,1,2,1,1,3.0
201600015812,0016-10-26 19:15:00,16,10,26,19,15,130,55,"48, STANISLAS TORRENTS (",43.2866,5.37887,Crépuscule ou aube,En agglomération,Hors intersection,Normale,Deux véhicules - arrière,,,,,,,,,,,2,2,1,1,2.0
201600015813,0016-10-04 14:45:00,16,10,4,14,45,130,55,"16, JARDIN ZOOLOGIQUE (B",43.30293,5.397,Plein jour,En agglomération,Autre intersection,Normale,Autre collision,,,,,,,,,,,1,2,9,1,6.0
201600015814,0016-10-27 13:40:00,16,10,27,13,40,130,55,"22, JEAN MOULIN (BOULEVA",43.29066,5.39985,Plein jour,En agglomération,Hors intersection,Normale,Deux véhicules - arrière,,,,,,,,,,,1,2,1,1,2.0
201600015815,0016-10-27 14:10:00,16,10,27,14,10,130,55,"35, MERLAN (AVENUE)",43.33512,5.40748,Plein jour,En agglomération,Intersection en T,Normale,Deux véhicules - côté,,,,,,,,,,,1,2,3,1,3.0
201600015816,0016-10-27 16:30:00,16,10,27,16,30,130,55,"241, NATIONAL (BOULEVARD",43.31066,5.37864,Plein jour,En agglomération,Hors intersection,Normale,Autre collision,,,,,,,,,,,1,2,1,1,6.0
201600015817,0016-10-27 18:00:00,16,10,27,18,0,130,55,"14, ALEX ANSALDI (RUE)",43.33202,5.40419,Plein jour,En agglomération,Hors intersection,Normale,Deux véhicules - frontale,,,,,,,,,,,1,2,1,1,1.0