accident_id,datetime,annee,mois,jour,heure,minute,departement,commune_insee,adresse,latitude,longitude,luminosite,agglomeration,intersection,meteo,collision,nb_vehicules,nb_usagers,nb_indemnes,nb_tues,nb_blesses_hosp,nb_blesses_legers,age_cond_1,age_cond_2,veh_type_cond_1,veh_type_cond_2,lum_code,agg_code,int_code,atm_code,col_code
201600015935,0016-11-11 19:25:00,16,11,11,19,25,130,55,"109, CAPELETTE AVENUE DE",43.28174,5.40433,Nuit avec éclairage allumé,En agglomération,Hors intersection,Normale,Deux véhicules - frontale,,,,,,,,,,,5,2,1,1,1.0
201600015936,0016-11-11 22:10:00,16,11,11,22,10,130,55,"02, VALBARELLE BOULEVARD",43.28586,5.44261,Nuit avec éclairage non allumé,En agglomération,Hors intersection,Normale,Deux véhicules - côté,,,,,,,,,,,4,2,1,1,3.0
201600015937,0016-11-11 22:15:00,16,11,11,22,15,130,55,"31, PRADO (AVENUE DU)",43.28398,5.38505,Nuit avec éclairage allumé,En agglomération,Hors intersection,Normale,Deux véhicules - arrière,,,,,,,,,,,5,2,1,1,2.0
201600015938,0016-11-11 23:14:00,16,11,11,23,14,130,55,"197, LIBERATION (BOULEVA",43.30211,5.39461,Nuit avec éclairage allumé,En agglomération,Autre intersection,Normale,Deux véhicules - frontale,,,,,,,,,,,5,2,9,1,1.0
201600015939,0016-11-12 05:45:00,16,11,12,5,45,130,55,"100, JULES CANTINI (AVEN",43.28156,5.39167,Nuit avec éclairage allumé,En agglomération,Intersection en T,Normale,Deux véhicules - côté,,,,,,,,,,,5,2,3,1,3.0
201600015940,0016-11-12 09:00:00,16,11,12,9,0,130,55,"105, NATIONAL (BOULEVARD",43.30653,5.38298,Plein jour,En agglomération,Intersection en T,Normale,Trois véhicules et plus - en chaîne,,,,,,,,,,,1,2,3,1,4.0
201600015941,0016-11-12 05:30:00,16,11,12,5,30,130,55,"371, ROMAIN ROLLAND (BOU",43.27067,5.40762,Nuit sans éclairage public,En agglomération,Intersection en T,Normale,Deux véhicules - côté,,,,,,,,,,,3,2,3,1,3.0
201600015942,0016-11-12 21:10:00,16,11,12,21,10,130,55,"171, BAILLE BOULEVARD)",43.28987,5.39832,Nuit avec éclairage allumé,En agglomération,Autre intersection,Normale,Deux véhicules - arrière,,,,,,,,,,,5,2,9,1,2.0
201600015943,0016-11-12 20:10:00,16,11,12,20,10,130,55,"200, ALBERT EINSTEIN (RU",43.34035,5.44203,Nuit avec éclairage allumé,En agglomération,Autre intersection,Normale,Deux véhicules - côté,,,,,,,,,,,5,2,9,1,3.0
201600015944,0016-11-12 20:45:00,16,11,12,20,45,130,55,"90, RABATAU (BOULEVARD)",43.27607,5.39849,Nuit avec éclairage allumé,En agglomération,Autre intersection,Normale,Autre collision,,,,,,,,,,,5,2,9,1,6.0
201600015945,0016-11-12 10:50:00,16,11,12,10,50,130,55,"135, SAINT JEAN DU DESER",43.29381,5.40961,Plein jour,En agglomération,Intersection en X,Normale,Deux véhicules - frontale,,,,,,,,,,,1,2,2,1,1.0
201600015946,0016-11-12 20:10:00,16,11,12,20,10,130,55,"12, SAKAKINI (BOULEVARD)",43.29849,5.40058,Nuit avec éclairage allumé,En agglomération,Hors intersection,Normale,Trois véhicules et plus - en chaîne,,,,,,,,,,,5,2,1,1,4.0
201600015947,0016-11-13 13:25:00,16,11,13,13,25,130,55,"00, JEAN LOMBARD (AVENUE",43.28928,5.43793,Plein jour,Hors agglomération,Giratoire,Normale,Deux véhicules - côté,,,,,,,,,,,1,1,6,1,3.0
201600015948,0016-11-13 21:45:00,16,11,13,21,45,130,55,"122, Louis VILLECROZE B",43.32226,5.39225,Nuit avec éclairage allumé,En agglomération,Hors intersection,Normale,Deux véhicules - arrière,,,,,,,,,,,5,2,1,1,2.0
201600015949,0016-11-14 05:45:00,16,11,14,5,45,130,55,"315, CORNICHE KENNEDY",43.27551,5.35977,Nuit avec éclairage allumé,En agglomération,Hors intersection,Normale,Autre collision,,,,,,,,,,,5,2,1,1,6.0
201600015950,0016-10-22 18:00:00,16,10,22,18,0,130,55,"2, CAP PINEDE (Avenue)",43.32781,5.36244,Plein jour,En agglomération,Hors intersection,Normale,Sans collision,,,,,,,,,,,1,2,1,1,7.0
201600015951,0016-11-14 10:00:00,16,11,14,10,0,130,55,"137, PLOMBIERES (BOULEVA",43.31803,5.38021,Plein jour,En agglomération,Hors intersection,Pluie légère,Deux véhicules - arrière,,,,,,,,,,,1,2,1,2,2.0
201600015952,0016-11-14 17:30:00,16,11,14,17,30,130,55,"151, CROIX ROUGE (AVENUE",43.33459,5.44255,Crépuscule ou aube,En agglomération,Hors intersection,Normale,Deux véhicules - frontale,,,,,,,,,,,2,2,1,1,1.0
201600015953,0016-11-15 09:00:00,16,11,15,9,0,130,55,"8, OLIVES (AVENUE DES)",43.32967,5.4298,Plein jour,En agglomération,Hors intersection,Normale,Trois véhicules et plus - collisions multiples,,,,,,,,,,,1,2,1,1,5.0
201600015954,0016-11-15 08:00:00,16,11,15,8,0,130,55,"163, LUMINY (AVENUE DE)",43.23931,5.43758,Plein jour,En agglomération,Hors intersection,Normale,Deux véhicules - arrière,,,,,,,,,,,1,2,1,1,2.0
201600015955,0016-11-15 11:30:00,16,11,15,11,30,130,55,"35, CROIX ROUGE (AVENUE)",43.33114,5.43214,Plein jour,En agglomération,Hors intersection,Normale,Deux véhicules - côté,,,,,,,,,,,1,2,1,1,3.0
201600015956,0016-11-14 17:30:00,16,11,14,17,30,130,55,".00, BERTHE SYLVA (RUE)",43.32638,5.42054,Crépuscule ou aube,En agglomération,Hors intersection,Normale,Deux véhicules - côté,,,,,,,,,,,2,2,1,1,3.0
201600015957,0016-11-15 18:00:00,16,11,15,18,0,130,55,"231, MENDES FRANCE AVENU",43.25,5.37518,Nuit avec éclairage allumé,En agglomération,Passage à niveau,Normale,Autre collision,,,,,,,,,,,5,2,8,1,6.0
201600015958,0016-11-15 12:30:00,16,11,15,12,30,130,55,"00, ARENC (QUAI D')",43.31199,5.36724,Plein jour,Hors agglomération,Hors intersection,Normale,Deux véhicules - arrière,,,,,,,,,,,1,1,1,1,2.0
201600015959,0016-11-15 13:15:00,16,11,15,13,15,130,55,"120, CLOT BEY (AVENUE)",43.25614,5.38241,Plein jour,En agglomération,Hors intersection,Normale,Trois véhicules et plus - collisions multiples,,,,,,,,,,,1,2,1,1,5.0
201600015960,0016-11-15 17:00:00,16,11,15,17,0,130,55,"00, MARENGO (RUE)",43.29069,5.3842,Plein jour,En agglomération,Intersection en X,Normale,Sans collision,,,,,,,,,,,1,2,2,1,7.0
201600015961,0016-11-05 03:30:00,16,11,5,3,30,130,55,"199, SAINTE MARGUERITE (",43.2649,5.40938,Nuit avec éclairage allumé,En agglomération,Intersection en X,Pluie légère,Deux véhicules - côté,,,,,,,,,,,5,2,2,2,3.0
201600015962,0016-11-15 19:10:00,16,11,15,19,10,130,55,"45, LEON GAMBETTA (ALLEE",43.29906,5.38322,Nuit avec éclairage allumé,En agglomération,Hors intersection,Normale,Deux véhicules - arrière,,,,,,,,,,,5,2,1,1,2.0
201600015963,0016-11-15 18:45:00,16,11,15,18,45,130,55,"1, SALVADOR ALLENDE (RUE",43.32993,5.40054,Nuit avec éclairage non allumé,En agglomération,Hors intersection,Normale,Deux véhicules - frontale,,,,,,,,,,,4,2,1,1,1.0
201600015964,0016-11-16 07:35:00,16,11,16,7,35,130,55,150 PONT DE VIVAUX (BOUL,43.28156,5.42567,Plein jour,En agglomération,Intersection en T,Normale,Autre collision,,,,,,,,,,,1,2,3,1,6.0
201600015965,0016-11-16 08:25:00,16,11,16,8,25,130,55,SAINT ANTOINE A SAINT JO,43.37061,5.35999,Plein jour,En agglomération,Hors intersection,Normale,Autre collision,,,,,,,,,,,1,2,1,1,6.0
201600015966,0016-11-13 12:30:00,16,11,13,12,30,130,55,"00, MIREILLE LAUZE (BOUL",43.28482,5.42398,Plein jour,En agglomération,Hors intersection,Normale,Deux véhicules - côté,,,,,,,,,,,1,2,1,1,3.0
201600015967,0016-11-16 13:00:00,16,11,16,13,0,130,55,"25, JEANNE D'ARC BOULEVA",43.29397,5.39987,Plein jour,En agglomération,Hors intersection,Normale,Autre collision,,,,,,,,,,,1,2,1,1,6.0
201600015968,0016-11-16 15:50:00,16,11,16,15,50,130,55,"24, ROGER CHIEUSSE (BOUL",43.36268,5.31738,Plein jour,En agglomération,Hors intersection,Normale,Deux véhicules - frontale,,,,,,,,,,,1,2,1,1,1.0
201600015969,0016-11-16 22:45:00,16,11,16,22,45,130,55,"71, EUGENE PIERRE (BOULE",43.29589,5.39078,Nuit avec éclairage allumé,En agglomération,Intersection en T,Normale,Deux véhicules - côté,,,,,,,,,,,5,2,3,1,3.0
201600015970,0016-11-17 08:40:00,16,11,17,8,40,130,55,"100, OLIVES (AVENUE DES)",43.32756,5.43588,Plein jour,En agglomération,Hors intersection,Normale,Autre collision,,,,,,,,,,,1,2,1,1,6.0
201600015971,0016-11-17 08:00:00,16,11,17,8,0,130,55,"15, SAINT BARNABE (AVENU",43.30435,5.41366,Plein jour,En agglomération,Hors intersection,Normale,Deux véhicules - côté,,,,,,,,,,,1,2,1,1,3.0
201600015972,0016-11-17 06:05:00,16,11,17,6,5,130,55,"72, REPUBLIQUE (RUE DE L",43.30153,5.36994,Crépuscule ou aube,En agglomération,Hors intersection,Normale,Autre collision,,,,,,,,,,,2,2,1,1,6.0
201600015973,0016-11-17 10:45:00,16,11,17,10,45,130,55,"54, PEINTRES RO (RUE)",43.29661,5.48033,Plein jour,En agglomération,Hors intersection,Normale,Trois véhicules et plus - en chaîne,,,,,,,,,,,1,2,1,1,4.0
201600015974,0016-11-04 14:19:00,16,11,4,14,19,130,55,"000, ALEX. FLEMING BOUL",43.31653,5.39699,Plein jour,En agglomération,Hors intersection,Normale,Autre collision,,,,,,,,,,,1,2,1,1,6.0
201600015975,0016-11-12 12:10:00,16,11,12,12,10,130,55,"9, LAZARET (QUAI DU)",43.30677,5.36592,Plein jour,En agglomération,Hors intersection,Normale,Deux véhicules - arrière,,,,,,,,,,,1,2,1,1,2.0
201600015976,0016-11-17 13:20:00,16,11,17,13,20,130,55,HOCHE (RUE),43.31093,5.37718,Plein jour,En agglomération,Hors intersection,Normale,Autre collision,,,,,,,,,,,1,2,1,1,6.0
201600015977,0016-11-07 06:40:00,16,11,7,6,40,130,55,"00, ALEX. FLEMING (BOULE",43.31652,5.39613,Nuit avec éclairage allumé,En agglomération,Hors intersection,Normale,Autre collision,,,,,,,,,,,5,2,1,1,6.0
201600015978,0016-11-17 16:00:00,16,11,17,16,0,130,55,"00, GNRAL FERRIE (PLAC",43.27754,5.39896,Plein jour,En agglomération,Place,Normale,Deux véhicules - côté,,,,,,,,,,,1,2,7,1,3.0
201600015979,0016-11-17 19:50:00,16,11,17,19,50,130,55,"23, CAILLOLS (AVENUE DES",43.30416,5.42407,Nuit avec éclairage allumé,En agglomération,Hors intersection,Normale,Deux véhicules - arrière,,,,,,,,,,,5,2,1,1,2.0
201600015980,0016-11-17 19:50:00,16,11,17,19,50,130,55,"13, WULFRAM PUGET (RUE)",43.27676,5.3818,Nuit avec éclairage allumé,En agglomération,Intersection en X,Normale,Deux véhicules - côté,,,,,,,,,,,5,2,2,1,3.0
201600015981,0016-11-18 00:40:00,16,11,18,0,40,130,55,"1, MENDES FRANCE (AVENUE",43.26156,5.37491,Nuit avec éclairage allumé,En agglomération,Hors intersection,Normale,Autre collision,,,,,,,,,,,5,2,1,1,6.0
201600015982,0016-11-18 11:15:00,16,11,18,11,15,130,55,RUFFI (RUE DE),43.30841,5.3733,Plein jour,En agglomération,Hors intersection,Normale,Deux véhicules - côté,,,,,,,,,,,1,2,1,1,3.0
201600015983,0016-11-18 15:10:00,16,11,18,15,10,130,55,"28, STE MARGUERITE (BLD)",43.26887,5.40326,Plein jour,En agglomération,Hors intersection,Normale,Deux véhicules - côté,,,,,,,,,,,1,2,1,1,3.0
201600015984,0016-11-18 16:00:00,16,11,18,16,0,130,55,"102, DANIEL CASANOVA (BO",43.32525,5.37414,Plein jour,En agglomération,Hors intersection,Normale,Autre collision,,,,,,,,,,,1,2,1,1,6.0
201600015985,0016-11-18 13:00:00,16,11,18,13,0,130,55,"120, AYGALADES (AVENUE D",43.34101,5.3653,Plein jour,En agglomération,Hors intersection,Temps couvert,Sans collision,,,,,,,,,,,1,2,1,8,7.0
201600015986,0016-11-18 16:45:00,16,11,18,16,45,130,55,"285, CHATEAU GOMBERT CHE",43.3488,5.43068,Plein jour,En agglomération,Hors intersection,Temps couvert,Deux véhicules - côté,,,,,,,,,,,1,2,1,8,3.0
201600015987,0016-11-18 20:20:00,16,11,18,20,20,130,55,"193, OLIVES (AVENUE DES)",43.32524,5.44189,Nuit avec éclairage allumé,En agglomération,Hors intersection,Pluie légère,Deux véhicules - côté,,,,,,,,,,,5,2,1,2,3.0
201600015988,0016-11-18 03:45:00,16,11,18,3,45,130,55,"9, ANTOINE BOURDELLE*",43.23487,5.43088,Nuit avec éclairage allumé,En agglomération,Hors intersection,Normale,Sans collision,,,,,,,,,,,5,2,1,1,7.0
201600015989,0016-11-19 02:30:00,16,11,19,2,30,130,55,"83, REDON (BOULEVARD DU",43.25114,5.42497,Nuit avec éclairage allumé,En agglomération,Hors intersection,Normale,Autre collision,,,,,,,,,,,5,2,1,1,6.0
201600015990,0016-11-19 06:00:00,16,11,19,6,0,130,55,"114, PRADO (AVENUE DU)",43.27275,5.39118,Nuit avec éclairage allumé,En agglomération,Hors intersection,Autre,Deux véhicules - côté,,,,,,,,,,,5,2,1,9,3.0
201600015991,0016-11-19 08:50:00,16,11,19,8,50,130,55,"8, PESSAILHAN (BOULEVARD",43.24201,5.41415,Plein jour,En agglomération,Hors intersection,Normale,Deux véhicules - côté,,,,,,,,,,,1,2,1,1,3.0
201600015992,0016-11-19 18:30:00,16,11,19,18,30,130,55,"00, MAURELLE (RUE DE LA)",43.32558,5.43814,Nuit avec éclairage allumé,En agglomération,Hors intersection,Normale,Deux véhicules - côté,,,,,,,,,,,5,2,1,1,3.0
201600015993,0016-11-19 21:20:00,16,11,19,21,20,130,55,"22, SAINT SEBASTIEN RUE",43.28541,5.38255,Nuit avec éclairage allumé,En agglomération,Intersection en X,Normale,Deux véhicules - côté,,,,,,,,,,,5,2,2,1,3.0
201600015994,0016-11-09 19:00:00,16,11,9,19,0,130,55,"21, SAINT SAVOURNIN (RUE",43.29904,5.3882,Nuit sans éclairage public,En agglomération,Hors intersection,Normale,Deux véhicules - arrière,,,,,,,,,,,3,2,1,1,2.0
201600015995,0016-11-17 07:45:00,16,11,17,7,45,130,55,"00, LUCE (BOULEVARD)",43.2581,5.39696,Crépuscule ou aube,En agglomération,Autre intersection,Normale,Deux véhicules - côté,,,,,,,,,,,2,2,9,1,3.0
201600015996,0016-11-20 16:30:00,16,11,20,16,30,130,55,"35, RAYMOND TEISSERE (RU",43.2728,5.39955,Plein jour,En agglomération,Hors intersection,Normale,Deux véhicules - côté,,,,,,,,,,,1,2,1,1,3.0
201600015997,0016-11-20 20:30:00,16,11,20,20,30,130,55,"110, ALEX. FLEMING (BOUL",43.31535,5.40259,Nuit avec éclairage allumé,En agglomération,Hors intersection,Pluie légère,Deux véhicules - arrière,,,,,,,,,,,5,2,1,2,2.0
201600015998,0016-11-20 23:30:00,16,11,20,23,30,130,55,"8, SAINT ANTOINE A SAINT",43.34947,5.37537,Nuit avec éclairage allumé,En agglomération,Hors intersection,Pluie légère,Autre collision,,,,,,,,,,,5,2,1,2,6.0
201600015999,0016-11-21 05:25:00,16,11,21,5,25,130,55,"1, VALETTE (BOULEVARD)",43.32194,5.4109,Nuit avec éclairage allumé,En agglomération,Hors intersection,Pluie légère,Autre collision,,,,,,,,,,,5,2,1,2,6.0
201600016000,0016-11-19 19:15:00,16,11,19,19,15,130,55,"215, SAKAKINI (BOULEVAR",43.29584,5.40017,Nuit avec éclairage allumé,En agglomération,Intersection en X,Normale,Deux véhicules - côté,,,,,,,,,,,5,2,2,1,3.0
201600016001,0016-11-21 10:10:00,16,11,21,10,10,130,55,"1, QUATRE SEPT (PLACE DU",43.28869,5.35974,Plein jour,En agglomération,Hors intersection,Pluie forte,Autre collision,,,,,,,,,,,1,2,1,3,6.0
201600016002,0016-11-17 12:00:00,16,11,17,12,0,130,55,"214, MONTOLIVET (AVENUE",43.31289,5.41233,Plein jour,En agglomération,Intersection en X,Normale,Autre collision,,,,,,,,,,,1,2,2,1,6.0
201600016003,0016-11-20 20:15:00,16,11,20,20,15,130,55,"50, SAINT LOUP (BOULEVAR",43.28465,5.43716,Nuit avec éclairage allumé,En agglomération,Hors intersection,Pluie légère,Deux véhicules - frontale,,,,,,,,,,,5,2,1,2,1.0
201600016004,0016-11-08 13:00:00,16,11,8,13,0,130,55,"170, CORNICHE KENNEDY",43.28078,5.35227,Plein jour,En agglomération,Hors intersection,Normale,Sans collision,,,,,,,,,,,1,2,1,1,7.0
201600016005,0016-11-10 12:20:00,16,11,10,12,20,130,55,"00, JULES CANTINI (AVENU",43.28504,5.38531,Plein jour,En agglomération,Intersection en Y,Normale,Deux véhicules - côté,,,,,,,,,,,1,2,4,1,3.0
201600016006,0016-11-22 04:58:00,16,11,22,4,58,130,55,FRANOISE DUPARC (BOULEV,43.30659,5.40082,Nuit avec éclairage allumé,En agglomération,Hors intersection,Pluie forte,Deux véhicules - arrière,,,,,,,,,,,5,2,1,3,2.0
201600016007,0016-11-22 17:12:00,16,11,22,17,12,130,55,"36, SAINTE MARGUERITE*(B",43.26875,5.40357,Plein jour,Hors agglomération,Hors intersection,Normale,Autre collision,,,,,,,,,,,1,1,1,1,6.0
201600016008,0016-11-22 21:15:00,16,11,22,21,15,130,2,"00, ETIENNE CUCCA-CD908",43.35952,5.49397,Nuit sans éclairage public,Hors agglomération,Hors intersection,Normale,Sans collision,,,,,,,,,,,3,1,1,1,7.0
201600016009,0016-11-22 12:10:00,16,11,22,12,10,130,55,LEON LACHAMP (ROUTE),43.23944,5.46556,Plein jour,Hors agglomération,Hors intersection,Pluie légère,Deux véhicules - frontale,,,,,,,,,,,1,1,1,2,1.0
201600016010,0016-11-21 12:30:00,16,11,21,12,30,130,55,"192, ROSE (AVENUE DE LA)",43.32906,5.42733,Plein jour,En agglomération,Intersection en T,Pluie forte,Deux véhicules - arrière,,,,,,,,,,,1,2,3,3,2.0
201600016011,0016-11-22 08:10:00,16,11,22,8,10,130,55,"00, HAITI (AVENUE D')",43.2979,5.41337,Plein jour,En agglomération,Intersection en T,Pluie forte,Autre collision,,,,,,,,,,,1,2,3,3,6.0
201600016012,0016-11-23 08:15:00,16,11,23,8,15,130,55,"315, ROMAIN ROLLAND (BOU",43.27198,5.4104,Plein jour,En agglomération,Hors intersection,Normale,Trois véhicules et plus - collisions multiples,,,,,,,,,,,1,2,1,1,5.0
201600016013,0016-11-23 09:42:00,16,11,23,9,42,130,55,"9, GAY LUSSAC BOULEVARD",43.3326,5.37458,Plein jour,En agglomération,Hors intersection,Normale,Deux véhicules - côté,,,,,,,,,,,1,2,1,1,3.0
201600016014,0016-11-23 10:45:00,16,11,23,10,45,130,55,"201, GIBBES (CHEMIN DE)",43.32723,5.38442,Plein jour,En agglomération,Hors intersection,Normale,Deux véhicules - côté,,,,,,,,,,,1,2,1,1,3.0
201600016015,0016-11-23 13:10:00,16,11,23,13,10,130,55,"345, PRADO (AVENUE DU)",43.2704,5.38815,Plein jour,En agglomération,Hors intersection,Normale,Sans collision,,,,,,,,,,,1,2,1,1,7.0
201600016016,0016-11-23 16:35:00,16,11,23,16,35,130,55,"83, CAPELETTE (AVENUE DE",43.28235,5.40305,Crépuscule ou aube,En agglomération,Hors intersection,Normale,Deux véhicules - arrière,,,,,,,,,,,2,2,1,1,2.0
201600016017,0016-11-24 12:00:00,16,11,24,12,0,130,55,"161, CHARTREUX (AVENUE D",43.30903,5.40042,Plein jour,En agglomération,Hors intersection,Normale,Deux véhicules - côté,,,,,,,,,,,1,2,1,1,3.0
201600016018,0016-11-24 17:10:00,16,11,24,17,10,130,55,"1, ARGILITE (AVENUE DE L",43.35952,5.34423,Crépuscule ou aube,En agglomération,Hors intersection,Pluie forte,Sans collision,,,,,,,,,,,2,2,1,3,7.0
201600016019,0016-11-25 00:01:00,16,11,25,0,1,130,55,"40, ANDRE ZENATTI (AVENU",43.24676,5.38489,Nuit avec éclairage allumé,En agglomération,Hors intersection,Pluie légère,Autre collision,,,,,,,,,,,5,2,1,2,6.0
201600016020,0016-11-25 14:30:00,16,11,25,14,30,130,75,"79, FRDRIC CHEVILLON (",43.34731,5.46355,Plein jour,En agglomération,Hors intersection,Normale,Autre collision,,,,,,,,,,,1,2,1,1,6.0
201600016021,0016-11-25 19:00:00,16,11,25,19,0,130,55,1-15 VALLON DES TUVES,43.36789,5.36416,Nuit avec éclairage allumé,En agglomération,Passage à niveau,Normale,Autre collision,,,,,,,,,,,5,2,8,1,6.0
201600016022,0016-11-25 18:10:00,16,11,25,18,10,130,55,"19, COLGATE (TRAVERSE)",43.23429,5.4092,Nuit avec éclairage allumé,En agglomération,Hors intersection,Normale,Deux véhicules - arrière,,,,,,,,,,,5,2,1,1,2.0
201600016023,0016-11-25 21:05:00,16,11,25,21,5,130,55,"46, PRADO (AVENUE DU)",43.28351,5.38509,Nuit avec éclairage allumé,En agglomération,Hors intersection,Temps couvert,Autre collision,,,,,,,,,,,5,2,1,8,6.0
201600016024,0016-11-25 21:00:00,16,11,25,21,0,130,55,"00, HUVEAUNE (BOULEVARD",43.27234,5.40628,Nuit avec éclairage allumé,En agglomération,Intersection en T,Pluie forte,Autre collision,,,,,,,,,,,5,2,3,3,6.0
201600016025,0016-11-25 18:06:00,16,11,25,18,6,130,55,"150, PRADO (AVENUE DU)",43.27956,5.38729,Nuit avec éclairage allumé,En agglomération,Hors intersection,Pluie légère,Autre collision,,,,,,,,,,,5,2,1,2,6.0
201600016026,0016-11-21 17:45:00,16,11,21,17,45,130,55,"9, GAY LUSSAC (BOULEVARD",43.33247,5.37459,Nuit avec éclairage allumé,En agglomération,Intersection en T,Pluie forte,Trois véhicules et plus - en chaîne,,,,,,,,,,,5,2,3,3,4.0
201600016027,0016-11-27 02:00:00,16,11,27,2,0,130,55,"10, PONT DE VIVAUX (BOUL",43.27957,5.41759,Nuit avec éclairage allumé,En agglomération,Hors intersection,Normale,Deux véhicules - frontale,,,,,,,,,,,5,2,1,1,1.0
201600016028,0016-11-27 02:10:00,16,11,27,2,10,130,55,SCHLOESING (BOULEVAR,43.27082,5.4022,Nuit avec éclairage allumé,En agglomération,Autre intersection,Normale,Deux véhicules - arrière,,,,,,,,,,,5,2,9,1,2.0
201600016029,0016-11-27 03:30:00,16,11,27,3,30,130,55,"14, RUISSEAU MI (RUE)",43.35118,5.35263,Nuit avec éclairage allumé,En agglomération,Hors intersection,Normale,Autre collision,,,,,,,,,,,5,2,1,1,6.0
201600016030,0016-11-26 15:50:00,16,11,26,15,50,130,55,3-7SCHLOESING (BOULEVARD,43.27724,5.39923,Plein jour,En agglomération,Autre intersection,Normale,Deux véhicules - frontale,,,,,,,,,,,1,2,9,1,1.0
201600016031,0016-11-26 18:55:00,16,11,26,18,55,130,55,"133, SAINT MARCEL (BOULE",43.28813,5.46346,Nuit avec éclairage allumé,En agglomération,Hors intersection,Normale,Deux véhicules - côté,,,,,,,,,,,5,2,1,1,3.0
201600016032,0016-11-27 21:44:00,16,11,27,21,44,130,55,"260, MAZARGUES (AVENUE D",43.26252,5.39315,Nuit avec éclairage allumé,En agglomération,Hors intersection,Normale,Autre collision,,,,,,,,,,,5,2,1,1,6.0
201600016033,0016-11-17 11:57:00,16,11,17,11,57,130,55,"84, LYON (RUE DE)",43.32504,5.36699,Plein jour,En agglomération,Intersection en T,Normale,Deux véhicules - frontale,,,,,,,,,,,1,2,3,1,1.0
201600016034,0016-11-23 12:15:00,16,11,23,12,15,130,55,"72, CAMILLE PELLETAN (AV",43.30554,5.37324,Plein jour,En agglomération,Intersection en T,Normale,Deux véhicules - côté,,,,,,,,,,,1,2,3,1,3.0
201600016035,0016-11-28 07:15:00,16,11,28,7,15,130,55,107 PLOMBIERES (BOULEVAR,43.31727,5.38137,Crépuscule ou aube,En agglomération,Hors intersection,Normale,Deux véhicules - arrière,,,,,,,,,,,2,2,1,1,2.0
201600016036,0016-11-28 12:50:00,16,11,28,12,50,130,55,"103, SAKAKINI (BOULEVARD",43.2931,5.40154,Plein jour,En agglomération,Hors intersection,Normale,Trois véhicules et plus - collisions multiples,,,,,,,,,,,1,2,1,1,5.0
201600016037,0016-11-28 13:30:00,16,11,28,13,30,130,55,"42, ROY D'ESPAGNE (CHEMI",43.24033,5.39713,Plein jour,En agglomération,Hors intersection,Normale,Deux véhicules - arrière,,,,,,,,,,,1,2,1,1,2.0
201600016038,0016-11-04 19:30:00,16,11,4,19,30,130,55,"272, MIREILLE LAUZE BOU",43.28476,5.4211,Plein jour,En agglomération,Hors intersection,Normale,Trois véhicules et plus - collisions multiples,,,,,,,,,,,1,2,1,1,5.0
201600016039,0016-11-28 15:00:00,16,11,28,15,0,130,55,"458, LYON (RUE DE)",43.34149,5.36037,Plein jour,En agglomération,Hors intersection,Normale,Deux véhicules - côté,,,,,,,,,,,1,2,1,1,3.0
201600016040,0016-11-28 18:30:00,16,11,28,18,30,130,55,"441, MICHELET (BOULEVARD",43.25132,5.40327,Nuit avec éclairage allumé,En agglomération,Hors intersection,Normale,Autre collision,,,,,,,,,,,5,2,1,1,6.0
201600016041,0016-11-28 18:30:00,16,11,28,18,30,130,55,"29, ALEX. FLEMING (BOULE",43.31492,5.40338,Nuit avec éclairage allumé,En agglomération,Hors intersection,Normale,Deux véhicules - côté,,,,,,,,,,,5,2,1,1,3.0
201600016042,0016-11-29 07:00:00,16,11,29,7,0,130,55,"00, JEAN PAUL SARTRE (AV",43.3238,5.41985,Plein jour,En agglomération,Hors intersection,Normale,Trois véhicules et plus - en chaîne,,,,,,,,,,,1,2,1,1,4.0
201600016043,0016-11-22 10:10:00,16,11,22,10,10,130,55,"00, ITALIE (RUE D')",43.28883,5.38289,Plein jour,En agglomération,Intersection en X,Pluie légère,Autre collision,,,,,,,,,,,1,2,2,2,6.0
201600016044,0016-11-29 11:10:00,16,11,29,11,10,130,55,"26, ROGER CHIEUSSE (RUE)",43.36282,5.31683,Plein jour,En agglomération,Hors intersection,Normale,Deux véhicules - côté,,,,,,,,,,,1,2,1,1,3.0
201600016045,0016-11-29 12:15:00,16,11,29,12,15,130,55,"274, MIREILLE LAUZE (BOU",43.2848,5.4212,Plein jour,En agglomération,Hors intersection,Normale,Deux véhicules - côté,,,,,,,,,,,1,2,1,1,3.0
201600016046,0016-11-29 18:10:00,16,11,29,18,10,130,55,190 Route Léon Lachamp,43.24898,5.45208,Nuit sans éclairage public,Hors agglomération,Hors intersection,Normale,Trois véhicules et plus - collisions multiples,,,,,,,,,,,3,1,1,1,5.0
201600016047,0016-11-29 19:00:00,16,11,29,19,0,130,106,"70, 8 MAI 1945 (AVENUE D",43.39919,5.3679,Nuit avec éclairage allumé,En agglomération,Hors intersection,Normale,Autre collision,,,,,,,,,,,5,2,1,1,6.0
201600016048,0016-11-28 16:40:00,16,11,28,16,40,130,55,"23, LAVERAN (BOULEVARD D",43.32579,5.41394,Crépuscule ou aube,En agglomération,Hors intersection,Normale,Autre collision,,,,,,,,,,,2,2,1,1,6.0
201600016049,0016-11-30 07:45:00,16,11,30,7,45,130,55,"1, RAMPAL (AVENUE)",43.31788,5.44553,Plein jour,En agglomération,Intersection en X,Normale,Trois véhicules et plus - collisions multiples,,,,,,,,,,,1,2,2,1,5.0