accident_id,datetime,annee,mois,jour,heure,minute,departement,commune_insee,adresse,latitude,longitude,luminosite,agglomeration,intersection,meteo,collision,nb_vehicules,nb_usagers,nb_indemnes,nb_tues,nb_blesses_hosp,nb_blesses_legers,age_cond_1,age_cond_2,veh_type_cond_1,veh_type_cond_2,lum_code,agg_code,int_code,atm_code,col_code
201600016050,0016-11-30 09:00:00,16,11,30,9,0,130,55,"300, SAINTE MARGUERITE",43.26172,5.41438,Crépuscule ou aube,En agglomération,Intersection en T,Normale,Deux véhicules - arrière,,,,,,,,,,,2,2,3,1,2.0
201600016051,0016-11-30 06:34:00,16,11,30,6,34,130,55,"26, MICHELET (BOULEVARD)",43.27099,5.39216,Plein jour,En agglomération,Hors intersection,Normale,Autre collision,,,,,,,,,,,1,2,1,1,6.0
201600016052,0016-11-30 15:00:00,16,11,30,15,0,130,55,"1, CANEBIERE     1 A 79",43.29538,5.37464,Plein jour,En agglomération,Intersection en T,Normale,Trois véhicules et plus - collisions multiples,,,,,,,,,,,1,2,3,1,5.0
201600016053,0016-11-30 12:15:00,16,11,30,12,15,130,55,FLORIAN (AVENUE),43.28208,5.42743,Plein jour,En agglomération,Hors intersection,Normale,Trois véhicules et plus - collisions multiples,,,,,,,,,,,1,2,1,1,5.0
201600016054,0016-11-30 16:10:00,16,11,30,16,10,130,55,"40, MORETTI (BOULEVARD)",43.3252,5.38167,Plein jour,En agglomération,Hors intersection,Normale,Autre collision,,,,,,,,,,,1,2,1,1,6.0
201600016055,0016-11-30 18:00:00,16,11,30,18,0,130,55,DU MARCHE NATI  (AVENUE),43.33785,5.38469,Nuit avec éclairage allumé,En agglomération,Hors intersection,Normale,Deux véhicules - côté,,,,,,,,,,,5,2,1,1,3.0
201600016056,0016-11-30 15:00:00,16,11,30,15,0,130,55,"275, SAINT PIERRE (RUE)",43.29197,5.4027,Plein jour,En agglomération,Hors intersection,Normale,Autre collision,,,,,,,,,,,1,2,1,1,6.0
201600016057,0016-12-01 18:45:00,16,12,1,18,45,130,55,JEAN PAUL SARTRE (AVENUE,43.32584,5.42418,Nuit avec éclairage allumé,En agglomération,Hors intersection,Normale,Deux véhicules - côté,,,,,,,,,,,5,2,1,1,3.0
201600016058,0016-12-01 18:30:00,16,12,1,18,30,130,55,"50, ANDRE ROUSSIN (AVENU",43.35864,5.33802,Nuit avec éclairage allumé,En agglomération,Hors intersection,Normale,Autre collision,,,,,,,,,,,5,2,1,1,6.0
201600016059,0016-12-02 02:05:00,16,12,2,2,5,130,55,"13, place  JEAN JAURES",43.29587,5.38739,Plein jour,Hors agglomération,Hors intersection,Normale,Autre collision,,,,,,,,,,,1,1,1,1,6.0
201600016060,0016-12-01 20:30:00,16,12,1,20,30,130,55,"10, GRIGNAN (RUE)",43.29258,5.37883,Nuit avec éclairage allumé,Hors agglomération,Hors intersection,Normale,Autre collision,,,,,,,,,,,5,1,1,1,6.0
201600016061,0016-11-03 10:00:00,16,11,3,10,0,130,55,"369, MICHELET (BOULEVARD",43.25552,5.40089,Plein jour,En agglomération,Hors intersection,Normale,Sans collision,,,,,,,,,,,1,2,1,1,7.0
201600016062,0016-12-02 12:05:00,16,12,2,12,5,130,55,"228, CAPELETTE (AVENUE D",43.27912,5.41223,Plein jour,En agglomération,Intersection en T,Normale,Deux véhicules - arrière,,,,,,,,,,,1,2,3,1,2.0
201600016063,0016-10-03 20:00:00,16,10,3,20,0,130,55,"143, LIEUTAUD (COURS)",43.28744,5.38494,Nuit avec éclairage allumé,En agglomération,Hors intersection,Normale,Deux véhicules - côté,,,,,,,,,,,5,2,1,1,3.0
201600016064,0016-12-02 14:45:00,16,12,2,14,45,130,55,"256, MAZARGUES (AVENUE D",43.26301,5.39293,Plein jour,En agglomération,Hors intersection,Normale,Deux véhicules - frontale,,,,,,,,,,,1,2,1,1,1.0
201600016065,0016-12-02 18:00:00,16,12,2,18,0,130,55,"319, LYON (RUE DE)",43.33703,5.36284,Nuit avec éclairage allumé,En agglomération,Hors intersection,Normale,Autre collision,,,,,,,,,,,5,2,1,1,6.0
201600016066,0016-12-02 22:15:00,16,12,2,22,15,130,55,"41, CANEBIERE    30 A 68",43.29638,5.37765,Nuit avec éclairage allumé,En agglomération,Intersection en X,Normale,Deux véhicules - côté,,,,,,,,,,,5,2,2,1,3.0
201600016067,0016-12-01 18:20:00,16,12,1,18,20,130,55,"30, CARTONNERIE (BOULEVA",43.29163,5.46062,Nuit avec éclairage allumé,En agglomération,Hors intersection,Normale,Deux véhicules - arrière,,,,,,,,,,,5,2,1,1,2.0
201600016068,0016-12-03 18:05:00,16,12,3,18,5,130,55,"15, REVOLUTION (BOULEVAR",43.31397,5.38459,Nuit avec éclairage allumé,En agglomération,Hors intersection,Normale,Autre collision,,,,,,,,,,,5,2,1,1,6.0
201600016069,0016-12-03 20:25:00,16,12,3,20,25,130,55,"11-17, CHAUVELIN",43.28759,5.39006,Nuit avec éclairage allumé,En agglomération,Intersection en X,Normale,Autre collision,,,,,,,,,,,5,2,2,1,6.0
201600016070,0016-11-26 18:00:00,16,11,26,18,0,130,55,"00, ANATOLE DE LA FORGE",43.34038,5.38694,Nuit avec éclairage allumé,En agglomération,Intersection en Y,Normale,Deux véhicules - frontale,,,,,,,,,,,5,2,4,1,1.0
201600016071,0016-12-04 09:15:00,16,12,4,9,15,130,55,"117, PRADO (AVENUE DU)",43.28042,5.38714,Plein jour,En agglomération,Giratoire,Normale,Deux véhicules - côté,,,,,,,,,,,1,2,6,1,3.0
201600016072,0016-11-17 17:15:00,16,11,17,17,15,130,55,"33, MARECHAL JUIN (BOULE",43.31136,5.40353,Crépuscule ou aube,En agglomération,Hors intersection,Normale,Autre collision,,,,,,,,,,,2,2,1,1,6.0
201600016073,0016-12-05 08:35:00,16,12,5,8,35,130,106,"87, 8 MAI 1945 (AVENUE D",43.38966,5.36227,Plein jour,En agglomération,Hors intersection,Normale,Deux véhicules - côté,,,,,,,,,,,1,2,1,1,3.0
201600016074,0016-12-05 08:05:00,16,12,5,8,5,130,55,"88, RUE  BELLE DE MAI",43.31247,5.38503,Plein jour,En agglomération,Hors intersection,Normale,Autre collision,,,,,,,,,,,1,2,1,1,6.0
201600016075,0016-12-05 18:35:00,16,12,5,18,35,130,55,"132, SORMIOU (CHEMIN DE)",43.23102,5.40071,Nuit avec éclairage allumé,En agglomération,Hors intersection,Normale,Deux véhicules - frontale,,,,,,,,,,,5,2,1,1,1.0
201600016076,0016-12-06 07:40:00,16,12,6,7,40,130,55,"63, ALL DE LA GRANDE BAS",43.29656,5.43819,Plein jour,En agglomération,Intersection en T,Normale,Deux véhicules - côté,,,,,,,,,,,1,2,3,1,3.0
201600016077,0016-12-05 16:05:00,16,12,5,16,5,130,55,"00, SAINTE MARGUERITE (B",43.26872,5.40379,Plein jour,En agglomération,Hors intersection,Normale,Deux véhicules - côté,,,,,,,,,,,1,2,1,1,3.0
201600016078,0016-12-01 19:00:00,16,12,1,19,0,130,55,"67, CAPITAINE GEZE (BOUL",43.33146,5.37573,Nuit avec éclairage allumé,En agglomération,Hors intersection,Normale,Deux véhicules - côté,,,,,,,,,,,5,2,1,1,3.0
201600016079,0016-12-06 17:45:00,16,12,6,17,45,130,55,"77, RUISSEAU MI (RUE)",43.35013,5.34864,Nuit avec éclairage allumé,En agglomération,Hors intersection,Normale,Autre collision,,,,,,,,,,,5,2,1,1,6.0
201600016080,0016-12-06 18:45:00,16,12,6,18,45,130,55,"148, DANIEL CASANOVA (BO",43.32742,5.37503,Nuit avec éclairage allumé,En agglomération,Hors intersection,Normale,Deux véhicules - côté,,,,,,,,,,,5,2,1,1,3.0
201600016081,0016-12-06 10:45:00,16,12,6,10,45,130,55,"00, ALAIN SAVARY (ROND-P",43.24598,5.39517,Plein jour,En agglomération,Hors intersection,Normale,Deux véhicules - côté,,,,,,,,,,,1,2,1,1,3.0
201600016082,0016-12-06 11:00:00,16,12,6,11,0,130,55,"91, PARADIS (RUE)",43.2899,5.37828,Plein jour,En agglomération,Hors intersection,Normale,Sans collision,,,,,,,,,,,1,2,1,1,7.0
201600016083,0016-12-07 09:00:00,16,12,7,9,0,130,75,"56, FRDRIC CHEVILLON (",43.34661,5.46268,Plein jour,En agglomération,Hors intersection,Normale,Trois véhicules et plus - en chaîne,,,,,,,,,,,1,2,1,1,4.0
201600016084,0016-12-07 07:45:00,16,12,7,7,45,130,55,"101, LIBERATEURS (BOULEV",43.29854,5.45911,Plein jour,En agglomération,Hors intersection,Normale,Deux véhicules - frontale,,,,,,,,,,,1,2,1,1,1.0
201600016085,0016-12-07 12:15:00,16,12,7,12,15,130,55,"167, CLOT BEY (AVENUE)",43.25561,5.38228,Plein jour,En agglomération,Hors intersection,Normale,Autre collision,,,,,,,,,,,1,2,1,1,6.0
201600016086,0016-12-07 12:45:00,16,12,7,12,45,130,55,"222, PARIS (BOULEVARD DE",43.31508,5.36734,Plein jour,En agglomération,Hors intersection,Normale,Autre collision,,,,,,,,,,,1,2,1,1,6.0
201600016087,0016-12-07 12:40:00,16,12,7,12,40,130,55,"00, SCHLOESING (BOULEVAR",43.2749,5.3997,Plein jour,En agglomération,Hors intersection,Normale,Deux véhicules - côté,,,,,,,,,,,1,2,1,1,3.0
201600016088,0016-12-07 16:50:00,16,12,7,16,50,130,55,"34, CAPITAINE GEZE (BOUL",43.33025,5.37,Crépuscule ou aube,En agglomération,Hors intersection,Normale,Deux véhicules - côté,,,,,,,,,,,2,2,1,1,3.0
201600016089,0016-12-07 20:30:00,16,12,7,20,30,130,55,"174, VISTE (AVENUE DE LA",43.36458,5.35699,Nuit avec éclairage allumé,En agglomération,Hors intersection,Normale,Trois véhicules et plus - en chaîne,,,,,,,,,,,5,2,1,1,4.0
201600016090,0016-12-03 18:45:00,16,12,3,18,45,130,55,"28, PHILIPPON (BOULEVARD",43.30316,5.39518,Nuit avec éclairage allumé,En agglomération,Intersection en X,Normale,Autre collision,,,,,,,,,,,5,2,2,1,6.0
201600016091,0016-12-05 10:45:00,16,12,5,10,45,130,55,"119, PARADIS (RUE)",43.2886,5.37883,Plein jour,En agglomération,Intersection en X,Normale,Deux véhicules - côté,,,,,,,,,,,1,2,2,1,3.0
201600016092,0016-12-08 18:00:00,16,12,8,18,0,130,55,"00, pointe rouge (ave)",43.24716,5.37393,Nuit avec éclairage allumé,En agglomération,Hors intersection,Normale,Autre collision,,,,,,,,,,,5,2,1,1,6.0
201600016093,0016-12-08 21:35:00,16,12,8,21,35,130,55,"01, ITALIE (RUE D')",43.28624,5.3847,Nuit avec éclairage allumé,En agglomération,Intersection en T,Normale,Sans collision,,,,,,,,,,,5,2,3,1,7.0
201600016094,0016-12-09 07:40:00,16,12,9,7,40,130,55,"46, GUILLERMIN (RUE)",43.33393,5.43203,Plein jour,En agglomération,Hors intersection,Normale,Autre collision,,,,,,,,,,,1,2,1,1,6.0
201600016095,0016-12-09 11:15:00,16,12,9,11,15,130,55,"00, VERDIHAN (rond point",43.28932,5.43816,Plein jour,Hors agglomération,Hors intersection,Normale,Autre collision,,,,,,,,,,,1,1,1,1,6.0
201600016096,0016-12-09 12:00:00,16,12,9,12,0,130,55,"237, PRADO (AVENUE DU)",43.27507,5.38985,Plein jour,En agglomération,Intersection en X,Normale,Autre collision,,,,,,,,,,,1,2,2,1,6.0
201600016097,0016-12-09 15:00:00,16,12,9,15,0,130,55,"7, ODESSA (AVENUE)",43.2429,5.3684,Plein jour,En agglomération,Hors intersection,Normale,Autre collision,,,,,,,,,,,1,2,1,1,6.0
201600016098,0016-12-09 16:30:00,16,12,9,16,30,130,55,"00, RABELAIS (RUE)",43.3601,5.33083,Plein jour,En agglomération,Intersection en T,Normale,Deux véhicules - côté,,,,,,,,,,,1,2,3,1,3.0
201600016099,0016-12-09 16:17:00,16,12,9,16,17,130,55,"77, PIERRE DOIZE  (RUE)",43.27863,5.42819,Plein jour,En agglomération,Hors intersection,Normale,Autre collision,,,,,,,,,,,1,2,1,1,6.0
201600016100,0016-12-09 17:15:00,16,12,9,17,15,130,55,"00, EDOURD CREMIEUX (RUE",43.31714,5.37272,Crépuscule ou aube,En agglomération,Hors intersection,Normale,Autre collision,,,,,,,,,,,2,2,1,1,6.0
201600016101,0016-12-09 15:40:00,16,12,9,15,40,130,55,"90, VINCENT VAN GOGH (RU",43.29946,5.43027,Plein jour,En agglomération,Intersection en Y,Normale,Sans collision,,,,,,,,,,,1,2,4,1,7.0
201600016102,0016-12-09 18:30:00,16,12,9,18,30,130,55,"19, BUTRIS (TRAVERSE DES",43.29974,5.45662,Nuit avec éclairage allumé,En agglomération,Hors intersection,Normale,Sans collision,,,,,,,,,,,5,2,1,1,7.0
201600016103,0016-12-09 19:30:00,16,12,9,19,30,130,55,"276, SAINT LOUP (BOULEVA",43.28576,5.44235,Nuit avec éclairage allumé,En agglomération,Hors intersection,Normale,Autre collision,,,,,,,,,,,5,2,1,1,6.0
201600016104,0016-12-10 00:10:00,16,12,10,0,10,130,55,"59, PAUL CLAUDEL (BOULEV",43.26852,5.40914,Nuit avec éclairage allumé,En agglomération,Intersection en T,Normale,Deux véhicules - côté,,,,,,,,,,,5,2,3,1,3.0
201600016105,0016-11-25 08:30:00,16,11,25,8,30,130,55,"63, LIEUTAUD (COURS)",43.29063,5.38332,Plein jour,En agglomération,Hors intersection,Normale,Deux véhicules - côté,,,,,,,,,,,1,2,1,1,3.0
201600016106,0016-12-10 18:20:00,16,12,10,18,20,130,55,"366, SAINT ANTOINE (AVE",43.37893,5.35698,Nuit avec éclairage allumé,En agglomération,Intersection en X,Normale,Deux véhicules - côté,,,,,,,,,,,5,2,2,1,3.0
201600016107,0016-12-11 00:25:00,16,12,11,0,25,130,55,"00, MARCHE D'IN (AVENUE*",43.33787,5.38471,Nuit avec éclairage allumé,En agglomération,Hors intersection,Normale,Deux véhicules - frontale,,,,,,,,,,,5,2,1,1,1.0
201600016108,0016-12-11 00:53:00,16,12,11,0,53,130,55,"16, MICHELET (BOULEVARD)",43.25479,5.39184,Nuit avec éclairage allumé,En agglomération,Hors intersection,Normale,Deux véhicules - côté,,,,,,,,,,,5,2,1,1,3.0
201600016109,0016-12-10 22:20:00,16,12,10,22,20,130,55,"24, WILLIAM BOOTH (AVENU",43.29342,5.43982,Nuit avec éclairage allumé,En agglomération,Intersection en T,Temps couvert,Sans collision,,,,,,,,,,,5,2,3,8,7.0
201600016110,0016-12-05 16:35:00,16,12,5,16,35,130,55,"20, JEAN MOULIN (BOULEVA",43.29075,5.39987,Plein jour,En agglomération,Hors intersection,Normale,Deux véhicules - côté,,,,,,,,,,,1,2,1,1,3.0
201600016111,0016-12-11 15:55:00,16,12,11,15,55,130,55,PEINTRES ROUX (AVENUE DE,43.30339,5.47335,Plein jour,En agglomération,Giratoire,Normale,Deux véhicules - arrière,,,,,,,,,,,1,2,6,1,2.0
201600016112,0016-12-11 01:45:00,16,12,11,1,45,130,55,"187, LEON LACHAMP (ROUTE",43.24973,5.44574,Nuit avec éclairage allumé,En agglomération,Hors intersection,Normale,Deux véhicules - frontale,,,,,,,,,,,5,2,1,1,1.0
201600016113,0016-12-11 22:20:00,16,12,11,22,20,130,55,"202, CHAVE (BOULEVARD)",43.29562,5.39785,Nuit avec éclairage allumé,En agglomération,Intersection en X,Normale,Deux véhicules - côté,,,,,,,,,,,5,2,2,1,3.0
201600016114,0016-12-12 12:45:00,16,12,12,12,45,130,55,"70, FAUVETTE (BOULEVARD",43.31512,5.43906,Plein jour,En agglomération,Intersection en X,Normale,Deux véhicules - côté,,,,,,,,,,,1,2,2,1,3.0
201600016115,0016-12-09 11:00:00,16,12,9,11,0,130,55,LON GAMBETTA (ALLEE,43.29908,5.38415,Plein jour,En agglomération,Hors intersection,Normale,Autre collision,,,,,,,,,,,1,2,1,1,6.0
201600016116,0016-12-12 15:40:00,16,12,12,15,40,130,55,SAINTE MARTHE AVENUE DE,43.33544,5.39184,Plein jour,En agglomération,Hors intersection,Normale,Autre collision,,,,,,,,,,,1,2,1,1,6.0
201600016117,0016-12-12 15:45:00,16,12,12,15,45,130,55,"48,BD QUEIREL",43.28156,5.43425,Plein jour,En agglomération,Intersection en T,Normale,Deux véhicules - côté,,,,,,,,,,,1,2,3,1,3.0
201600016118,0016-12-12 13:45:00,16,12,12,13,45,130,55,"11, LUMINY (AVENUE DE)",43.24638,5.43599,Plein jour,En agglomération,Hors intersection,Normale,Deux véhicules - côté,,,,,,,,,,,1,2,1,1,3.0
201600016119,0016-12-12 20:30:00,16,12,12,20,30,130,55,"110, BARASSE",43.2854,5.48162,Nuit avec éclairage allumé,En agglomération,Hors intersection,Normale,Autre collision,,,,,,,,,,,5,2,1,1,6.0
201600016120,0016-12-12 21:00:00,16,12,12,21,0,130,55,"33, SAINT BRUNO (RUE)",43.30775,5.40283,Nuit avec éclairage allumé,En agglomération,Hors intersection,Normale,Deux véhicules - côté,,,,,,,,,,,5,2,1,1,3.0
201600016121,0016-12-12 20:50:00,16,12,12,20,50,130,55,"19, CHATEAU GOMBERT CHEM",43.33506,5.42067,Nuit avec éclairage allumé,En agglomération,Hors intersection,Normale,Deux véhicules - frontale,,,,,,,,,,,5,2,1,1,1.0
201600016122,0016-12-12 21:20:00,16,12,12,21,20,130,55,"00, L ARMEE D AFRIQUE (C",43.28978,5.40728,Nuit avec éclairage allumé,En agglomération,Hors intersection,Normale,Deux véhicules - frontale,,,,,,,,,,,5,2,1,1,1.0
201600016123,0016-12-12 12:20:00,16,12,12,12,20,130,55,"52, CHUTES LAVI (AVENUE)",43.31179,5.39607,Plein jour,En agglomération,Hors intersection,Normale,Deux véhicules - arrière,,,,,,,,,,,1,2,1,1,2.0
201600016124,0016-12-13 08:00:00,16,12,13,8,0,130,55,"115, LOUBON (RUE)",43.31275,5.38434,Plein jour,En agglomération,Hors intersection,Normale,Sans collision,,,,,,,,,,,1,2,1,1,7.0
201600016125,0016-12-13 09:30:00,16,12,13,9,30,130,55,"00, RAYMOND TEISSERE (RU",43.27234,5.39978,Plein jour,En agglomération,Intersection en T,Normale,Deux véhicules - côté,,,,,,,,,,,1,2,3,1,3.0
201600016126,0016-12-13 16:55:00,16,12,13,16,55,130,55,"187, NATIONAL (BOULEVARD",43.30917,5.38024,Nuit avec éclairage allumé,En agglomération,Hors intersection,Normale,Autre collision,,,,,,,,,,,5,2,1,1,6.0
201600016127,0016-12-14 08:10:00,16,12,14,8,10,130,55,"15, 24 AVRIL 15 (AVENUE",43.30784,5.42693,Plein jour,Hors agglomération,Hors intersection,Normale,Deux véhicules - côté,,,,,,,,,,,1,1,1,1,3.0
201600016128,0016-12-14 16:40:00,16,12,14,16,40,130,55,AUGUSTIN ROUX (RUE),43.35034,5.36201,Plein jour,En agglomération,Hors intersection,Normale,Deux véhicules - frontale,,,,,,,,,,,1,2,1,1,1.0
201600016129,0016-12-15 07:15:00,16,12,15,7,15,130,55,"142, CHARLES SUSINI (TRA",43.34111,5.41096,Crépuscule ou aube,En agglomération,Hors intersection,Normale,Autre collision,,,,,,,,,,,2,2,1,1,6.0
201600016130,0016-12-15 07:30:00,16,12,15,7,30,130,55,AYGALADES (AVENUE DES),43.33604,5.36748,Crépuscule ou aube,En agglomération,Hors intersection,Normale,Deux véhicules - côté,,,,,,,,,,,2,2,1,1,3.0
201600016131,0016-12-15 11:00:00,16,12,15,11,0,130,55,"4, PONT DE VIVAUX (BOULE",43.27957,5.41729,Plein jour,En agglomération,Hors intersection,Normale,Autre collision,,,,,,,,,,,1,2,1,1,6.0
201600016132,0016-12-15 11:05:00,16,12,15,11,5,130,55,LEON BANCAL (RUE),43.28941,5.48125,Plein jour,En agglomération,Hors intersection,Normale,Autre collision,,,,,,,,,,,1,2,1,1,6.0
201600016133,0016-12-14 18:31:00,16,12,14,18,31,130,55,ALEX. FLEMING (BOULEVARD,43.31567,5.40162,Crépuscule ou aube,En agglomération,Hors intersection,Normale,Deux véhicules - arrière,,,,,,,,,,,2,2,1,1,2.0
201600016134,0016-12-15 13:30:00,16,12,15,13,30,130,55,"140, PONT DE VIVAUX (BOU",43.28163,5.42556,Plein jour,En agglomération,Hors intersection,Normale,Deux véhicules - côté,,,,,,,,,,,1,2,1,1,3.0
201600016135,0016-12-15 16:00:00,16,12,15,16,0,130,55,"92, AIGUILLETTE (RUE DE",43.31637,5.42791,Plein jour,En agglomération,Hors intersection,Normale,Autre collision,,,,,,,,,,,1,2,1,1,6.0
201600016136,0016-12-15 20:20:00,16,12,15,20,20,130,55,"222, CAILLOLS (AVENUE DE",43.30328,5.44235,Nuit avec éclairage allumé,En agglomération,Hors intersection,Pluie légère,Autre collision,,,,,,,,,,,5,2,1,2,6.0
201600016137,0016-12-15 18:30:00,16,12,15,18,30,130,75,"44, PAUL SIRVENT (AVE)",43.34282,5.46923,Nuit avec éclairage allumé,En agglomération,Hors intersection,Normale,Autre collision,,,,,,,,,,,5,2,1,1,6.0
201600016138,0016-12-16 07:45:00,16,12,16,7,45,130,55,"00, POUNCHE (CHEMIN DE L",43.32958,5.45789,Crépuscule ou aube,En agglomération,Intersection en X,Normale,Deux véhicules - frontale,,,,,,,,,,,2,2,2,1,1.0
201600016139,0016-12-16 09:15:00,16,12,16,9,15,130,55,SAINT MARCEL (BOULEV,43.28872,5.45833,Plein jour,En agglomération,Intersection en T,Normale,Deux véhicules - côté,,,,,,,,,,,1,2,3,1,3.0
201600016140,0016-12-16 16:00:00,16,12,16,16,0,130,55,"38, SAINTE MARGUERITE (B",43.26877,5.40365,Plein jour,En agglomération,Hors intersection,Normale,Deux véhicules - arrière,,,,,,,,,,,1,2,1,1,2.0
201600016141,0016-12-16 16:20:00,16,12,16,16,20,130,55,"2, SAINT THYS (AVENUE*",43.28014,5.44181,Plein jour,En agglomération,Hors intersection,Normale,Autre collision,,,,,,,,,,,1,2,1,1,6.0
201600016142,0016-12-16 16:40:00,16,12,16,16,40,130,55,"120, SAINT JEAN DU DESER",43.29571,5.43336,Crépuscule ou aube,En agglomération,Autre intersection,Normale,Autre collision,,,,,,,,,,,2,2,9,1,6.0
201600016143,0016-12-16 18:10:00,16,12,16,18,10,130,55,"112, SAINT JULIEN (AVENU",43.30654,5.42086,Nuit avec éclairage allumé,En agglomération,Hors intersection,Normale,Deux véhicules - côté,,,,,,,,,,,5,2,1,1,3.0
201600016144,0016-12-16 23:45:00,16,12,16,23,45,130,55,"1, CHARLES KADDOUZ (RUE)",43.30854,5.42575,Nuit avec éclairage allumé,En agglomération,Hors intersection,Normale,Deux véhicules - côté,,,,,,,,,,,5,2,1,1,3.0
201600016145,0016-12-17 00:10:00,16,12,17,0,10,130,55,"256, TOULON (AVENUE DE)",43.28342,5.39717,Nuit avec éclairage allumé,En agglomération,Hors intersection,Normale,Autre collision,,,,,,,,,,,5,2,1,1,6.0
201600016146,0016-12-17 19:20:00,16,12,17,19,20,130,55,"00, MIREILLE LAUZE (BOUL",43.28284,5.40872,Nuit avec éclairage allumé,En agglomération,Intersection en T,Normale,Deux véhicules - frontale,,,,,,,,,,,5,2,3,1,1.0
201600016147,0016-12-16 14:20:00,16,12,16,14,20,130,55,"49, JEAN JAURES (PLACE)",43.29415,5.38601,Plein jour,En agglomération,Intersection en T,Normale,Deux véhicules - côté,,,,,,,,,,,1,2,3,1,3.0
201600016148,0016-12-16 13:45:00,16,12,16,13,45,130,55,"88, PARADIS (RUE)",43.28341,5.38102,Plein jour,En agglomération,Hors intersection,Normale,Autre collision,,,,,,,,,,,1,2,1,1,6.0
201600016149,0016-12-18 15:40:00,16,12,18,15,40,130,55,"00, ALBERT EINSTEIN (RUE",43.33512,5.43306,Plein jour,En agglomération,Intersection en X,Normale,Deux véhicules - côté,,,,,,,,,,,1,2,2,1,3.0
201600016150,0016-12-18 19:25:00,16,12,18,19,25,130,55,"71, SAINT LOUP (BOULEVAR",43.28448,5.43675,Nuit avec éclairage allumé,En agglomération,Hors intersection,Normale,Sans collision,,,,,,,,,,,5,2,1,1,7.0
201600016151,0016-12-19 18:30:00,16,12,19,18,30,130,55,JEAN MOULIN (BOULEVARD),43.28443,5.39865,Nuit avec éclairage allumé,En agglomération,Hors intersection,Pluie légère,Autre collision,,,,,,,,,,,5,2,1,2,6.0
201600016152,0016-12-20 01:29:00,16,12,20,1,29,130,55,"198, CHARTREUX (AVENUE D",43.31113,5.401,Nuit avec éclairage allumé,En agglomération,Hors intersection,Temps couvert,Deux véhicules - côté,,,,,,,,,,,5,2,1,8,3.0
201600016153,0016-11-29 08:30:00,16,11,29,8,30,130,55,"236, ENDOUME (RUE D')",43.28372,5.3544,Plein jour,En agglomération,Hors intersection,Normale,Deux véhicules - frontale,,,,,,,,,,,1,2,1,1,1.0
201600016154,0016-12-20 20:35:00,16,12,20,20,35,130,55,"253, SAINT PIERRE (RUE)",43.29233,5.40139,Nuit avec éclairage allumé,En agglomération,Hors intersection,Temps couvert,Trois véhicules et plus - collisions multiples,,,,,,,,,,,5,2,1,8,5.0
201600016155,0016-12-21 12:11:00,16,12,21,12,11,130,55,"00, ANTOINE BLANC (RUE)",43.28434,5.40035,Plein jour,Hors agglomération,Hors intersection,Normale,Deux véhicules - arrière,,,,,,,,,,,1,1,1,1,2.0
201600016156,0016-12-21 13:30:00,16,12,21,13,30,130,55,"21, PIERRE BERANGER (RUE",43.31152,5.44516,Plein jour,En agglomération,Intersection en T,Normale,Autre collision,,,,,,,,,,,1,2,3,1,6.0
201600016157,0016-12-17 11:45:00,16,12,17,11,45,130,55,"00, LAZARET (QUAI DU)",43.31266,5.36673,Plein jour,En agglomération,Hors intersection,Normale,Trois véhicules et plus - en chaîne,,,,,,,,,,,1,2,1,1,4.0
201600016158,0016-12-14 12:30:00,16,12,14,12,30,130,55,"1, CHATEAU GOMBERT CHEMI",43.33917,5.42053,Plein jour,En agglomération,Giratoire,Normale,Deux véhicules - côté,,,,,,,,,,,1,2,6,1,3.0
201600016159,0016-12-22 07:40:00,16,12,22,7,40,130,55,"218, L ARMEE D AFRIQUE (",43.28675,5.41447,Plein jour,En agglomération,Hors intersection,Normale,Deux véhicules - arrière,,,,,,,,,,,1,2,1,1,2.0
201600016160,0016-12-22 14:15:00,16,12,22,14,15,130,55,"15, GOUFFE (COURS)",43.28605,5.38712,Plein jour,En agglomération,Hors intersection,Normale,Autre collision,,,,,,,,,,,1,2,1,1,6.0
201600016161,0016-12-22 19:15:00,16,12,22,19,15,130,55,"97, WILLIAM BOOTH (AVENU",43.29485,5.44381,Nuit avec éclairage allumé,En agglomération,Hors intersection,Normale,Autre collision,,,,,,,,,,,5,2,1,1,6.0
201600016162,0016-12-17 11:15:00,16,12,17,11,15,130,55,"98, CHARLES LIVON (BOULE",43.29186,5.3572,Plein jour,En agglomération,Hors intersection,Normale,Deux véhicules - côté,,,,,,,,,,,1,2,1,1,3.0
201600016163,0016-12-23 06:00:00,16,12,23,6,0,130,55,"24, PRADO AVENUE DU",43.28429,5.38461,Nuit avec éclairage allumé,En agglomération,Autre intersection,Normale,Deux véhicules - arrière,,,,,,,,,,,5,2,9,1,2.0
201600016164,0016-12-23 08:00:00,16,12,23,8,0,130,55,"28, JOBIN (RUE)",43.31018,5.38963,Crépuscule ou aube,En agglomération,Hors intersection,Normale,Deux véhicules - frontale,,,,,,,,,,,2,2,1,1,1.0
201600016165,0016-12-21 20:20:00,16,12,21,20,20,130,55,"00, CORNICHE KENNEDY",43.27804,5.35506,Nuit avec éclairage allumé,En agglomération,Hors intersection,Normale,Autre collision,,,,,,,,,,,5,2,1,1,6.0
201600016166,0016-12-16 14:00:00,16,12,16,14,0,130,55,"30, STANISLAS TORRENTS (",43.28741,5.37842,Plein jour,En agglomération,Hors intersection,Normale,Autre collision,,,,,,,,,,,1,2,1,1,6.0