accident_id,datetime,annee,mois,jour,heure,minute,departement,commune_insee,adresse,latitude,longitude,luminosite,agglomeration,intersection,meteo,collision,nb_vehicules,nb_usagers,nb_indemnes,nb_tues,nb_blesses_hosp,nb_blesses_legers,age_cond_1,age_cond_2,veh_type_cond_1,veh_type_cond_2,lum_code,agg_code,int_code,atm_code,col_code
201600016167,0016-12-23 15:00:00,16,12,23,15,0,130,55,"102, DAMES (BOULEVARD DE",43.30309,5.36665,Plein jour,En agglomération,Intersection en X,Normale,Autre collision,,,,,,,,,,,1,2,2,1,6.0
201600016168,0016-12-23 17:30:00,16,12,23,17,30,130,55,"63, PERIER (BOULEVARD)",43.27914,5.38318,Nuit avec éclairage allumé,En agglomération,Hors intersection,Normale,Deux véhicules - arrière,,,,,,,,,,,5,2,1,1,2.0
201600016169,0016-12-23 18:20:00,16,12,23,18,20,130,55,"74, BARA (BOULEVARD)",43.3495,5.44409,Nuit avec éclairage allumé,En agglomération,Hors intersection,Normale,Deux véhicules - côté,,,,,,,,,,,5,2,1,1,3.0
201600016170,0016-12-24 10:30:00,16,12,24,10,30,130,55,"5, MONUMENT (PLACE DU)",43.30112,5.51051,Plein jour,En agglomération,Intersection en T,Normale,Deux véhicules - frontale,,,,,,,,,,,1,2,3,1,1.0
201600016171,0016-12-21 12:30:00,16,12,21,12,30,130,55,"280, CORNICHE KENNEDY",43.27854,5.35462,Plein jour,En agglomération,Hors intersection,Normale,Deux véhicules - arrière,,,,,,,,,,,1,2,1,1,2.0
201600016172,0016-12-24 14:30:00,16,12,24,14,30,130,55,"232, ROMAIN ROLLAND (BOU",43.27394,5.41416,Plein jour,En agglomération,Hors intersection,Normale,Deux véhicules - côté,,,,,,,,,,,1,2,1,1,3.0
201600016173,0016-12-24 14:00:00,16,12,24,14,0,130,2,"00, ETIENNE CUCCA-CD908",43.36112,5.49387,Plein jour,Hors agglomération,Hors intersection,Normale,Trois véhicules et plus - collisions multiples,,,,,,,,,,,1,1,1,1,5.0
201600016174,0016-12-24 17:20:00,16,12,24,17,20,130,55,"10, REPUBLIQUE (RUE DE L",43.29694,5.37366,Plein jour,En agglomération,Intersection en T,Normale,Deux véhicules - côté,,,,,,,,,,,1,2,3,1,3.0
201600016175,0016-12-23 18:40:00,16,12,23,18,40,130,2,"535, SALVATORE*ALLENDE (",43.35256,5.48178,Nuit avec éclairage allumé,En agglomération,Hors intersection,Normale,Deux véhicules - arrière,,,,,,,,,,,5,2,1,1,2.0
201600016176,0016-12-25 11:10:00,16,12,25,11,10,130,55,"8, CARGO RHIN FIDELI (R",43.32699,5.35668,Plein jour,En agglomération,Hors intersection,Normale,Deux véhicules - côté,,,,,,,,,,,1,2,1,1,3.0
201600016177,0016-12-25 19:00:00,16,12,25,19,0,130,55,"36, FAUCHIER (RUE)",43.30415,5.36973,Nuit avec éclairage allumé,En agglomération,Intersection en T,Normale,Autre collision,,,,,,,,,,,5,2,3,1,6.0
201600016178,0016-12-25 20:00:00,16,12,25,20,0,130,55,"30, PRADO (AVENUE DU)",43.28393,5.38453,Plein jour,Hors agglomération,Hors intersection,Normale,Deux véhicules - arrière,,,,,,,,,,,1,1,1,1,2.0
201600016179,0016-12-26 05:00:00,16,12,26,5,0,130,55,"61, LIBERATEURS (BOULEVA",43.29588,5.46171,Nuit avec éclairage allumé,En agglomération,Hors intersection,Normale,Deux véhicules - frontale,,,,,,,,,,,5,2,1,1,1.0
201600016180,0016-12-26 12:30:00,16,12,26,12,30,130,55,"47, AVIATEUR LE BRIX (RU",43.25993,5.40274,Plein jour,En agglomération,Hors intersection,Normale,Sans collision,,,,,,,,,,,1,2,1,1,7.0
201600016181,0016-12-26 14:55:00,16,12,26,14,55,130,55,"166, CAPELETTE (AVENUE D",43.28044,5.40824,Plein jour,En agglomération,Hors intersection,Normale,Autre collision,,,,,,,,,,,1,2,1,1,6.0
201600016182,0016-12-26 14:45:00,16,12,26,14,45,130,55,"136, TOULON (AVENUE DE)",43.28475,5.39191,Plein jour,En agglomération,Intersection en X,Normale,Trois véhicules et plus - collisions multiples,,,,,,,,,,,1,2,2,1,5.0
201600016183,0016-12-26 19:20:00,16,12,26,19,20,130,55,"00, MARCEL DELPRAT (AVEN",43.33479,5.45384,Plein jour,En agglomération,Autre intersection,Normale,Deux véhicules - côté,,,,,,,,,,,1,2,9,1,3.0
201600016184,0016-12-26 17:30:00,16,12,26,17,30,130,55,"18, CAMOINS (AVENUE DES)",43.30647,5.51009,Nuit avec éclairage allumé,En agglomération,Hors intersection,Normale,Trois véhicules et plus - en chaîne,,,,,,,,,,,5,2,1,1,4.0
201600016185,0016-12-27 00:01:00,16,12,27,0,1,130,55,"38, MERIMEE *",43.32873,5.39969,Nuit avec éclairage allumé,En agglomération,Hors intersection,Normale,Deux véhicules - côté,,,,,,,,,,,5,2,1,1,3.0
201600016186,0016-12-27 04:45:00,16,12,27,4,45,130,55,"492, PARADIS (RUE)",43.27319,5.38534,Nuit avec éclairage allumé,En agglomération,Hors intersection,Normale,Autre collision,,,,,,,,,,,5,2,1,1,6.0
201600016187,0016-12-27 11:20:00,16,12,27,11,20,130,55,108 ALEX. FLEMING,43.31663,5.39698,Plein jour,En agglomération,Hors intersection,Normale,Trois véhicules et plus - en chaîne,,,,,,,,,,,1,2,1,1,4.0
201600016188,0016-12-27 15:00:00,16,12,27,15,0,130,55,"151, MICHELET (BOULEVARD",43.26499,5.39558,Plein jour,En agglomération,Hors intersection,Normale,Deux véhicules - arrière,,,,,,,,,,,1,2,1,1,2.0
201600016189,0016-12-27 15:00:00,16,12,27,15,0,130,55,FARANDOLE IMPASSE),43.32665,5.4233,Plein jour,En agglomération,Hors intersection,Normale,Autre collision,,,,,,,,,,,1,2,1,1,6.0
201600016190,0016-12-27 20:15:00,16,12,27,20,15,130,55,"33, LANCIER*(CHEMIN DU)",43.24672,5.39587,Nuit avec éclairage allumé,En agglomération,Hors intersection,Normale,Sans collision,,,,,,,,,,,5,2,1,1,7.0
201600016191,0016-12-27 21:30:00,16,12,27,21,30,130,55,"39, MARCEL DELPRAT (AVEN",43.33413,5.45522,Nuit avec éclairage allumé,En agglomération,Hors intersection,Normale,Deux véhicules - côté,,,,,,,,,,,5,2,1,1,3.0
201600016192,0016-12-09 13:15:00,16,12,9,13,15,130,55,"00, NAVARIN (RUE)",43.28996,5.38835,Plein jour,En agglomération,Intersection en X,Normale,Deux véhicules - côté,,,,,,,,,,,1,2,2,1,3.0
201600016193,0016-12-27 18:23:00,16,12,27,18,23,130,55,"206, TOULON*(AVENUE DE)",43.28457,5.39538,Nuit avec éclairage allumé,En agglomération,Hors intersection,Normale,Autre collision,,,,,,,,,,,5,2,1,1,6.0
201600016194,0016-12-27 17:00:00,16,12,27,17,0,130,55,"1, ESCADRILLE NORMANDIE",43.33161,5.41018,Plein jour,En agglomération,Intersection en T,Normale,Trois véhicules et plus - collisions multiples,,,,,,,,,,,1,2,3,1,5.0
201600016195,0016-12-09 18:00:00,16,12,9,18,0,130,55,"00, JEAN MOULIN (BOULEVA",43.28895,5.39965,Nuit sans éclairage public,En agglomération,Intersection en T,Normale,Deux véhicules - frontale,,,,,,,,,,,3,2,3,1,1.0
201600016196,0016-12-28 13:00:00,16,12,28,13,0,130,55,"443, MIREILLE LAUZE (BOU",43.28832,5.43495,Plein jour,En agglomération,Hors intersection,Normale,Deux véhicules - côté,,,,,,,,,,,1,2,1,1,3.0
201600016197,0016-12-28 19:40:00,16,12,28,19,40,130,55,"142, MENDES FRANCE (AVE",43.25771,5.37621,Nuit avec éclairage allumé,En agglomération,Hors intersection,Normale,Trois véhicules et plus - collisions multiples,,,,,,,,,,,5,2,1,1,5.0
201600016198,0016-12-23 11:00:00,16,12,23,11,0,130,55,"00, BRETEUIL (RUE)",43.28752,5.37694,Plein jour,En agglomération,Intersection en T,Normale,Autre collision,,,,,,,,,,,1,2,3,1,6.0
201600016199,0016-12-27 11:45:00,16,12,27,11,45,130,55,"7, ROME (PLACE DE) *",43.29139,5.38063,Plein jour,En agglomération,Place,Normale,Autre collision,,,,,,,,,,,1,2,7,1,6.0
201600016200,0016-12-29 05:30:00,16,12,29,5,30,130,55,"178, CROIX ROUGE (AVENUE",43.33506,5.4439,Nuit avec éclairage allumé,En agglomération,Hors intersection,Normale,Autre collision,,,,,,,,,,,5,2,1,1,6.0
201600016201,0016-12-29 10:15:00,16,12,29,10,15,130,55,"4, PONT DE VIVAUX*(BOULE",43.27954,5.41723,Plein jour,En agglomération,Hors intersection,Normale,Deux véhicules - côté,,,,,,,,,,,1,2,1,1,3.0
201600016202,0016-12-17 18:20:00,16,12,17,18,20,130,55,"6, TROIS FRERES (RUE DES",43.29255,5.38403,Plein jour,En agglomération,Hors intersection,Normale,Deux véhicules - côté,,,,,,,,,,,1,2,1,1,3.0
201600016203,0016-12-25 11:10:00,16,12,25,11,10,130,55,"00, CARGO RHIN FIDELI (R",43.32694,5.35654,Plein jour,En agglomération,Autre intersection,Normale,Deux véhicules - côté,,,,,,,,,,,1,2,9,1,3.0
201600016204,0016-12-29 17:20:00,16,12,29,17,20,130,55,"00, MENDES FRANCE*(AVENU",43.25586,5.3766,Crépuscule ou aube,En agglomération,Hors intersection,Normale,Autre collision,,,,,,,,,,,2,2,1,1,6.0
201600016205,0016-12-29 18:35:00,16,12,29,18,35,130,55,"147, BAILLE (BOULEVARD)",43.28875,5.39432,Nuit avec éclairage allumé,En agglomération,Hors intersection,Normale,Deux véhicules - côté,,,,,,,,,,,5,2,1,1,3.0
201600016206,0016-12-29 22:30:00,16,12,29,22,30,130,55,"158, SAINT JEAN*(CHEMIN)",43.29402,5.41169,Nuit avec éclairage allumé,En agglomération,Hors intersection,Normale,Autre collision,,,,,,,,,,,5,2,1,1,6.0
201600016207,0016-12-30 13:30:00,16,12,30,13,30,130,55,"104, ROGER SALENGRO (AVE",43.31374,5.37106,Plein jour,En agglomération,Hors intersection,Normale,Deux véhicules - frontale,,,,,,,,,,,1,2,1,1,1.0
201600016208,0016-12-30 16:20:00,16,12,30,16,20,130,55,"000, ROMAIN ROLLAND (BOU",43.27688,5.41918,Plein jour,En agglomération,Hors intersection,Normale,Deux véhicules - côté,,,,,,,,,,,1,2,1,1,3.0
201600016209,0016-12-30 17:50:00,16,12,30,17,50,130,55,"33, ELLEON (AVENUE)",43.28477,5.44246,Crépuscule ou aube,En agglomération,Intersection en T,Normale,Deux véhicules - frontale,,,,,,,,,,,2,2,3,1,1.0
201600016210,0016-12-31 10:21:00,16,12,31,10,21,130,55,"81, MARCHAL FOCH (AVENU",43.29664,5.40563,Plein jour,En agglomération,Hors intersection,Normale,Autre collision,,,,,,,,,,,1,2,1,1,6.0
201600016211,0016-12-31 12:30:00,16,12,31,12,30,130,55,"192, ROGER SALENGRO (AVE",43.31742,5.36866,Plein jour,En agglomération,Hors intersection,Normale,Autre collision,,,,,,,,,,,1,2,1,1,6.0
201600016212,0016-12-31 16:45:00,16,12,31,16,45,130,55,MIRABEAU (BOULEVARD),43.31377,5.36804,Plein jour,En agglomération,Intersection en T,Normale,Deux véhicules - côté,,,,,,,,,,,1,2,3,1,3.0
201600016213,0016-12-31 18:50:00,16,12,31,18,50,130,55,"198, RABATAU (BOULEVARD)",43.28224,5.39944,Nuit avec éclairage non allumé,En agglomération,Hors intersection,Normale,Deux véhicules - côté,,,,,,,,,,,4,2,1,1,3.0
201600016214,0016-12-31 15:00:00,16,12,31,15,0,130,55,"284, SAINT PIERRE (RUE)",43.29132,5.40488,Plein jour,En agglomération,Hors intersection,Normale,Deux véhicules - frontale,,,,,,,,,,,1,2,1,1,1.0
201600016215,0016-12-16 15:00:00,16,12,16,15,0,130,56,ALLENDE BOULEVARD SALVAD,43.411,5.057,Plein jour,En agglomération,Hors intersection,Normale,Deux véhicules - arrière,,,,,,,,,,,1,2,1,1,2.0
201600016216,0016-12-15 14:05:00,16,12,15,14,5,130,39,RN 268,43.46057,4.83741,Plein jour,Hors agglomération,Hors intersection,Normale,Deux véhicules - frontale,,,,,,,,,,,1,1,1,1,1.0
201600016217,0016-12-23 11:55:00,16,12,23,11,55,130,56,CALMETTE ET GUERIN AVENU,43.39924,5.04812,Plein jour,En agglomération,Hors intersection,Normale,Trois véhicules et plus - en chaîne,,,,,,,,,,,1,2,1,1,4.0
201600016218,0016-12-16 19:21:00,16,12,16,19,21,130,56,GATASSE,43.3662,5.05636,Nuit sans éclairage public,Hors agglomération,Hors intersection,Normale,Deux véhicules - frontale,,,,,,,,,,,3,1,1,1,1.0
201600016219,0016-12-03 18:00:00,16,12,3,18,0,130,26,PAGNOL (bld Marcel),43.38123,5.17403,Nuit avec éclairage allumé,En agglomération,Hors intersection,Normale,Deux véhicules - frontale,,,,,,,,,,,5,2,1,1,1.0
201600016220,0016-09-26 17:20:00,16,9,26,17,20,130,56,KENNEDY AVENUE DU PRESID,,,Plein jour,En agglomération,Hors intersection,Normale,Deux véhicules - frontale,,,,,,,,,,,1,2,1,1,1.0
201600016221,0016-02-07 18:05:00,16,2,7,18,5,130,26,CD 9,43.37872,5.1881,Crépuscule ou aube,Hors agglomération,Hors intersection,Normale,Deux véhicules - frontale,,,,,,,,,,,2,1,1,1,1.0
201600016222,0016-01-10 17:30:00,16,1,10,17,30,130,56,FOURNIER BOULEVARD HELEN,,,Nuit avec éclairage non allumé,En agglomération,Hors intersection,Normale,Deux véhicules - frontale,,,,,,,,,,,4,2,1,1,1.0
201600016223,0016-03-04 12:50:00,16,3,4,12,50,130,56,COLLINE ROUTE DE LA,,,Plein jour,En agglomération,Hors intersection,Normale,Autre collision,,,,,,,,,,,1,2,1,1,6.0
201600016224,0016-01-06 12:15:00,16,1,6,12,15,130,56,MOQUET AVENUE GUY,43.41211,5.02029,Plein jour,En agglomération,Intersection en T,Normale,Deux véhicules - côté,,,,,,,,,,,1,2,3,1,3.0
201600016225,0016-01-31 17:30:00,16,1,31,17,30,130,77,SEMARD PIERRE (bld),,,Plein jour,En agglomération,Hors intersection,Normale,Autre collision,,,,,,,,,,,1,2,1,1,6.0
201600016226,0016-01-06 14:10:00,16,1,6,14,10,130,56,TURCAN FRANCIS,43.41176,5.04387,Plein jour,En agglomération,Hors intersection,Normale,Trois véhicules et plus - en chaîne,,,,,,,,,,,1,2,1,1,4.0
201600016227,0016-01-15 13:34:00,16,1,15,13,34,130,56,DI LORTO AVENUE PAUL,43.39947,5.05862,Plein jour,En agglomération,Intersection en T,Normale,Deux véhicules - frontale,,,,,,,,,,,1,2,3,1,1.0
201600016228,0016-02-05 09:00:00,16,2,5,9,0,130,39,PRES (Rue des),43.4633,4.93899,Plein jour,En agglomération,Hors intersection,Normale,Autre collision,,,,,,,,,,,1,2,1,1,6.0
201600016229,0016-02-17 15:00:00,16,2,17,15,0,130,77,THOREZ MAURICE (avenue),,,Plein jour,En agglomération,Hors intersection,Normale,Trois véhicules et plus - en chaîne,,,,,,,,,,,1,2,1,1,4.0
201600016230,0016-02-25 12:10:00,16,2,25,12,10,130,56,FONT SARADE ALLEE,,,Plein jour,En agglomération,Hors intersection,Normale,Autre collision,,,,,,,,,,,1,2,1,1,6.0
201600016231,0016-02-02 16:06:00,16,2,2,16,6,130,26,FERRY (rue Jules),,,Plein jour,En agglomération,Hors intersection,Normale,Autre collision,,,,,,,,,,,1,2,1,1,6.0
201600016232,0016-02-06 17:55:00,16,2,6,17,55,130,39,SAINT-GERVAIS (Carrefour,43.43291,4.94223,Crépuscule ou aube,Hors agglomération,Hors intersection,Normale,Autre collision,,,,,,,,,,,2,1,1,1,6.0
201600016233,0016-02-14 06:00:00,16,2,14,6,0,130,26,MIRABEAU (avenue),,,Crépuscule ou aube,Hors agglomération,Hors intersection,Normale,Deux véhicules - frontale,,,,,,,,,,,2,1,1,1,1.0
201600016234,0016-03-02 11:45:00,16,3,2,11,45,130,39,MENDES FRANCE PIERRE (Av,43.2754,4.5635,Plein jour,En agglomération,Hors intersection,Normale,Autre collision,,,,,,,,,,,1,2,1,1,6.0
201600016235,0016-03-03 11:15:00,16,3,3,11,15,130,39,ROUTE NATIONALE 568,43.43773,4.94092,Plein jour,Hors agglomération,Hors intersection,Autre,Autre collision,,,,,,,,,,,1,1,1,9,6.0
201600016236,0016-03-05 18:10:00,16,3,5,18,10,130,56,"GAULLE AVENUE,CHARLES DE",,,Plein jour,Hors agglomération,Hors intersection,Normale,Deux véhicules - arrière,,,,,,,,,,,1,1,1,1,2.0
201600016237,0016-03-07 20:15:00,16,3,7,20,15,130,39,RN 268,43.4861,4.88425,Nuit sans éclairage public,Hors agglomération,Hors intersection,Normale,Sans collision,,,,,,,,,,,3,1,1,1,7.0
201600016238,0016-03-17 16:00:00,16,3,17,16,0,130,39,RN 268,43.48206,4.8713,Plein jour,Hors agglomération,Hors intersection,Pluie légère,Deux véhicules - arrière,,,,,,,,,,,1,1,1,2,2.0
201600016239,0016-03-25 20:30:00,16,3,25,20,30,130,56,"KENNEDY AVENUE DU PRES,,",,,Nuit avec éclairage allumé,En agglomération,Hors intersection,Normale,Trois véhicules et plus - collisions multiples,,,,,,,,,,,5,2,1,1,5.0
201600016240,0016-03-31 10:00:00,16,3,31,10,0,130,77,ROUTE NATIONALE 568,43.42182,4.97735,Plein jour,En agglomération,Hors intersection,Normale,Deux véhicules - arrière,,,,,,,,,,,1,2,1,1,2.0
201600016241,0016-06-06 10:34:00,16,6,6,10,34,130,56,RD 49,43.34879,5.05714,Plein jour,Hors agglomération,Hors intersection,Normale,Trois véhicules et plus - collisions multiples,,,,,,,,,,,1,1,1,1,5.0
201600016242,0016-05-28 04:45:00,16,5,28,4,45,130,56,VOIE RAPIDE DE LA COTE B,,,Nuit sans éclairage public,Hors agglomération,Hors intersection,Normale,Deux véhicules - frontale,,,,,,,,,,,3,1,1,1,1.0
201600016243,0016-04-16 06:50:00,16,4,16,6,50,130,56,GENERAL DE GAULLE(Avenue,,,Nuit avec éclairage allumé,En agglomération,Hors intersection,Normale,Autre collision,,,,,,,,,,,5,2,1,1,6.0
201600016244,0016-04-01 14:00:00,16,4,1,14,0,130,56,ROUTE DE SAINT PIERRE,43.38297,5.06523,Plein jour,Hors agglomération,Hors intersection,Pluie légère,Deux véhicules - frontale,,,,,,,,,,,1,1,1,2,1.0
201600016245,0016-04-16 18:30:00,16,4,16,18,30,130,56,RD 49,43.37499,5.06376,Plein jour,Hors agglomération,Hors intersection,Normale,Deux véhicules - frontale,,,,,,,,,,,1,1,1,1,1.0
201600016246,0016-04-19 16:25:00,16,4,19,16,25,130,77,MILLE CLEMENT?(avenue),,,Plein jour,Hors agglomération,Hors intersection,Normale,Deux véhicules - arrière,,,,,,,,,,,1,1,1,1,2.0
201600016247,0016-06-24 12:00:00,16,6,24,12,0,130,77,RN 568,43.41664,4.9822,Plein jour,En agglomération,Hors intersection,Normale,Deux véhicules - arrière,,,,,,,,,,,1,2,1,1,2.0
201600016248,0016-04-25 07:15:00,16,4,25,7,15,130,56,PORT DE BOUC ROUTE DE,,,Crépuscule ou aube,En agglomération,Hors intersection,Normale,Deux véhicules - côté,,,,,,,,,,,2,2,1,1,3.0
201600016249,0016-04-28 17:10:00,16,4,28,17,10,130,77,GROUPE MANOUCHIAN (avenu,,,Crépuscule ou aube,En agglomération,Hors intersection,Normale,Deux véhicules - côté,,,,,,,,,,,2,2,1,1,3.0
201600016250,0016-04-29 12:10:00,16,4,29,12,10,130,56,CARRO (avenue de),43.33391,5.0484,Plein jour,En agglomération,Hors intersection,Normale,Deux véhicules - arrière,,,,,,,,,,,1,2,1,1,2.0
201600016251,0016-04-29 12:50:00,16,4,29,12,50,130,26,RN 568 CLM,43.39113,5.17616,Plein jour,En agglomération,Hors intersection,Normale,Deux véhicules - arrière,,,,,,,,,,,1,2,1,1,2.0
201600016252,0016-05-23 20:00:00,16,5,23,20,0,130,39,RN 568,43.44577,4.93845,Crépuscule ou aube,Hors agglomération,Hors intersection,Normale,Trois véhicules et plus - en chaîne,,,,,,,,,,,2,1,1,1,4.0
201600016253,0016-05-24 07:51:00,16,5,24,7,51,130,39,ROUTE NATIONALE 569,43.47132,4.95064,Crépuscule ou aube,Hors agglomération,Hors intersection,Normale,Deux véhicules - côté,,,,,,,,,,,2,1,1,1,3.0
201600016254,0016-05-28 02:30:00,16,5,28,2,30,130,39,FENOUILLIERE (Rond-point,43.46175,4.91973,Nuit sans éclairage public,Hors agglomération,Hors intersection,Normale,Autre collision,,,,,,,,,,,3,1,1,1,6.0
201600016255,0016-06-01 20:30:00,16,6,1,20,30,130,56,ISTRES ROUTE D',43.37627,5.06454,Crépuscule ou aube,Hors agglomération,Hors intersection,Normale,Deux véhicules - frontale,,,,,,,,,,,2,1,1,1,1.0
201600016256,0016-09-03 20:40:00,16,9,3,20,40,130,26,CD 48 A,43.38037,5.18683,Crépuscule ou aube,En agglomération,Hors intersection,Normale,Autre collision,,,,,,,,,,,2,2,1,1,6.0
201600016257,0016-06-29 15:24:00,16,6,29,15,24,130,56,COLLINE*ROUTE DE LA,43.41993,5.04367,Plein jour,En agglomération,Intersection en T,Normale,Deux véhicules - côté,,,,,,,,,,,1,2,3,1,3.0
201600016258,0016-05-21 13:30:00,16,5,21,13,30,130,39,RN 568**,43.4306,4.94711,Plein jour,Hors agglomération,Hors intersection,Normale,Autre collision,,,,,,,,,,,1,1,1,1,6.0
201600016259,0016-07-03 21:30:00,16,7,3,21,30,130,56,ROSERON,43.425,5.01879,Nuit sans éclairage public,Hors agglomération,Hors intersection,Normale,Deux véhicules - frontale,,,,,,,,,,,3,1,1,1,1.0
201600016260,0016-05-25 17:30:00,16,5,25,17,30,130,77,"4 , PAPIN DENIS (rue)",43.40505,4.98517,Plein jour,En agglomération,Hors intersection,Normale,Autre collision,,,,,,,,,,,1,2,1,1,6.0
201600016261,0016-07-12 07:00:00,16,7,12,7,0,130,77,RN 568,43.42172,4.97753,Crépuscule ou aube,Hors agglomération,Hors intersection,Normale,Deux véhicules - côté,,,,,,,,,,,2,1,1,1,3.0
201600016262,0016-07-23 19:30:00,16,7,23,19,30,130,26,PASTEUR (rue Joseph),43.38486,5.15828,Crépuscule ou aube,En agglomération,Intersection en X,Normale,Deux véhicules - côté,,,,,,,,,,,2,2,2,1,3.0
201600016263,0016-05-25 07:50:00,16,5,25,7,50,130,26,CD 9,43.3868,5.19274,Plein jour,Hors agglomération,Hors intersection,Normale,Deux véhicules - côté,,,,,,,,,,,1,1,1,1,3.0
201600016264,0016-07-25 19:45:00,16,7,25,19,45,130,39,PINS (Alle des),,,Crépuscule ou aube,En agglomération,Hors intersection,Normale,Autre collision,,,,,,,,,,,2,2,1,1,6.0
201600016265,0016-08-01 14:45:00,16,8,1,14,45,130,56,SAUSSET,43.36627,5.08902,Plein jour,En agglomération,Hors intersection,Normale,Deux véhicules - côté,,,,,,,,,,,1,2,1,1,3.0
201600016266,0016-07-06 10:35:00,16,7,6,10,35,130,56,TURCAN FRANCIS,43.41264,5.05074,Plein jour,En agglomération,Intersection en T,Normale,Deux véhicules - côté,,,,,,,,,,,1,2,3,1,3.0
201600016267,0016-07-18 17:10:00,16,7,18,17,10,130,39,CASSIN RENE (avenue),,,Plein jour,En agglomération,Hors intersection,Normale,Autre collision,,,,,,,,,,,1,2,1,1,6.0
201600016268,0016-07-20 11:30:00,16,7,20,11,30,130,56,SAINT MACAIRE (chemin),,,Plein jour,Hors agglomération,Hors intersection,Normale,Deux véhicules - frontale,,,,,,,,,,,1,1,1,1,1.0
201600016269,0016-06-15 10:30:00,16,6,15,10,30,130,56,"5, GRISCELLI (Rue Olivie",43.33928,5.05386,Plein jour,En agglomération,Hors intersection,Normale,Autre collision,,,,,,,,,,,1,2,1,1,6.0
201600016270,0016-06-22 14:40:00,16,6,22,14,40,130,26,CD 9,43.37901,5.18866,Plein jour,Hors agglomération,Hors intersection,Normale,Deux véhicules - arrière,,,,,,,,,,,1,1,1,1,2.0
201600016271,0016-06-21 22:45:00,16,6,21,22,45,130,56,GARE DE LAVERA ROUTE DE,43.39145,5.02639,Nuit avec éclairage allumé,En agglomération,Hors intersection,Normale,Deux véhicules - frontale,,,,,,,,,,,5,2,1,1,1.0
201600016272,0016-06-28 11:59:00,16,6,28,11,59,130,56,LECLERC (Parking*Gnral,43.40331,5.05742,Plein jour,En agglomération,Hors intersection,Normale,Deux véhicules - côté,,,,,,,,,,,1,2,1,1,3.0
201600016273,0016-09-25 02:15:00,16,9,25,2,15,130,39,ROUTE NATIONALE 569,43.46184,4.9206,Nuit avec éclairage non allumé,Hors agglomération,Hors intersection,Normale,Autre collision,,,,,,,,,,,4,1,1,1,6.0
201600016274,0016-08-05 17:15:00,16,8,5,17,15,130,26,RN 568 CLM,43.39181,5.1573,Plein jour,Hors agglomération,Hors intersection,Normale,Deux véhicules - côté,,,,,,,,,,,1,1,1,1,3.0
201600016275,0016-08-14 17:30:00,16,8,14,17,30,130,77,RN 568,43.41369,5.00412,Plein jour,Hors agglomération,Hors intersection,Normale,Deux véhicules - côté,,,,,,,,,,,1,1,1,1,3.0
201600016276,0016-08-14 11:30:00,16,8,14,11,30,130,56,COMBES RUE LEONARD,43.40103,5.0561,Plein jour,En agglomération,Intersection en T,Normale,Autre collision,,,,,,,,,,,1,2,3,1,6.0
201600016277,0016-08-22 19:15:00,16,8,22,19,15,130,56,VAUCLUSIENS,43.33738,5.05074,Plein jour,En agglomération,Hors intersection,Normale,Autre collision,,,,,,,,,,,1,2,1,1,6.0
201600016278,0016-08-22 12:05:00,16,8,22,12,5,130,77,TERMES (Rond Point des),43.42008,5.00193,Plein jour,Hors agglomération,Hors intersection,Normale,Deux véhicules - arrière,,,,,,,,,,,1,1,1,1,2.0
201600016279,0016-08-25 17:00:00,16,8,25,17,0,130,77,"4, SAINT MITRE (route de",43.42686,5.00066,Plein jour,Hors agglomération,Hors intersection,Normale,Deux véhicules - côté,,,,,,,,,,,1,1,1,1,3.0
201600016280,0016-08-15 15:40:00,16,8,15,15,40,130,56,LECLERC (Parking Gnral,43.40332,5.05745,Plein jour,En agglomération,Hors intersection,Normale,Deux véhicules - côté,,,,,,,,,,,1,2,1,1,3.0
201600016281,0016-08-21 04:45:00,16,8,21,4,45,130,39,ROUTE NATIONALE 569,43.46918,4.94195,Nuit sans éclairage public,Hors agglomération,Hors intersection,Normale,Deux véhicules - côté,,,,,,,,,,,3,1,1,1,3.0
201600016282,0016-09-21 09:30:00,16,9,21,9,30,130,56,AVENUE LOUIS SAMMUT,43.40625,5.04887,Plein jour,En agglomération,Hors intersection,Normale,Autre collision,,,,,,,,,,,1,2,1,1,6.0
201600016283,0016-09-03 13:30:00,16,9,3,13,30,130,56,BOULEVARD PAUL MARCEL,43.414,5.037,Plein jour,En agglomération,Intersection en T,Normale,Deux véhicules - frontale,,,,,,,,,,,1,2,3,1,1.0
201600016284,0016-09-08 15:20:00,16,9,8,15,20,130,56,URDY MILOU,43.40384,5.02859,Plein jour,En agglomération,Hors intersection,Normale,Deux véhicules - frontale,,,,,,,,,,,1,2,1,1,1.0
201600016285,0016-09-02 11:45:00,16,9,2,11,45,130,56,,43.39932,5.03971,Plein jour,En agglomération,Hors intersection,Normale,Deux véhicules - côté,,,,,,,,,,,1,2,1,1,3.0
201600016286,0016-09-20 13:00:00,16,9,20,13,0,130,56,VAUCANSON JACQUES DE,43.39631,5.03466,Plein jour,En agglomération,Hors intersection,Normale,Deux véhicules - arrière,,,,,,,,,,,1,2,1,1,2.0
201600016287,0016-10-07 16:30:00,16,10,7,16,30,130,39,ROUTE NATIONALE 569,43.46957,4.93935,Plein jour,Hors agglomération,Hors intersection,Normale,Deux véhicules - côté,,,,,,,,,,,1,1,1,1,3.0
201600016288,0016-10-19 17:50:00,16,10,19,17,50,130,56,BARBOUSSADE CHEMIN DE,43.42585,5.04586,Plein jour,En agglomération,Hors intersection,Normale,Autre collision,,,,,,,,,,,1,2,1,1,6.0