accident_id,datetime,annee,mois,jour,heure,minute,departement,commune_insee,adresse,latitude,longitude,luminosite,agglomeration,intersection,meteo,collision,nb_vehicules,nb_usagers,nb_indemnes,nb_tues,nb_blesses_hosp,nb_blesses_legers,age_cond_1,age_cond_2,veh_type_cond_1,veh_type_cond_2,lum_code,agg_code,int_code,atm_code,col_code
201600016289,0016-10-18 17:25:00,16,10,18,17,25,130,39,CAMILLE PELLETAN (avenue,43.43675,4.9443,Plein jour,En agglomération,Hors intersection,Normale,Deux véhicules - côté,,,,,,,,,,,1,2,1,1,3.0
201600016290,0016-11-24 20:27:00,16,11,24,20,27,130,56,SAINT-ANNE,43.39955,5.06333,Nuit avec éclairage allumé,En agglomération,Hors intersection,Pluie forte,Trois véhicules et plus - collisions multiples,,,,,,,,,,,5,2,1,3,5.0
201600016291,0016-10-08 15:00:00,16,10,8,15,0,130,56,SAUSSET,43.36282,5.09643,Plein jour,Hors agglomération,Hors intersection,Normale,Deux véhicules - frontale,,,,,,,,,,,1,1,1,1,1.0
201600016292,0016-11-17 16:50:00,16,11,17,16,50,130,39,RN*568,43.43052,4.94818,Plein jour,Hors agglomération,Hors intersection,Normale,Trois véhicules et plus - en chaîne,,,,,,,,,,,1,1,1,1,4.0
201600016293,0016-11-14 09:05:00,16,11,14,9,5,130,39,RN 568,43.43055,4.94805,Crépuscule ou aube,Hors agglomération,Hors intersection,Normale,Trois véhicules et plus - en chaîne,,,,,,,,,,,2,1,1,1,4.0
201600016294,0016-12-12 12:00:00,16,12,12,12,0,130,56,ZIEM (Avenue Flix),43.4014,5.04523,Plein jour,En agglomération,Hors intersection,Normale,Trois véhicules et plus - collisions multiples,,,,,,,,,,,1,2,1,1,5.0
201600016295,0016-11-17 23:15:00,16,11,17,23,15,130,39,FOSSETTE (Rond-point de,43.48648,4.88647,Nuit avec éclairage non allumé,Hors agglomération,Hors intersection,Normale,Sans collision,,,,,,,,,,,4,1,1,1,7.0
201600016296,0016-11-26 03:05:00,16,11,26,3,5,130,77,RN 568*,43.42226,4.97768,Nuit avec éclairage allumé,Hors agglomération,Hors intersection,Normale,Autre collision,,,,,,,,,,,5,1,1,1,6.0
201600016297,0016-02-15 09:50:00,16,2,15,9,50,130,103,"211, AVENUE MICHELET",43.64049,5.08496,Plein jour,En agglomération,Hors intersection,Normale,Autre collision,,,,,,,,,,,1,2,1,1,6.0
201600016298,0016-05-04 09:05:00,16,5,4,9,5,130,103,", AVENUE DE LATTRE DE TA",43.64813,5.09242,Plein jour,En agglomération,Passage à niveau,Normale,Autre collision,,,,,,,,,,,1,2,8,1,6.0
201600016299,0016-05-05 16:50:00,16,5,5,16,50,130,103,RTE D' EYGUIERES-RD 17,43.66884,5.0763,Plein jour,Hors agglomération,Intersection en T,Normale,Deux véhicules - arrière,,,,,,,,,,,1,1,3,1,2.0
201600016300,0016-07-29 21:15:00,16,7,29,21,15,130,103,"332, BOULEVARD FOCH-MARE",,,Crépuscule ou aube,En agglomération,Hors intersection,Normale,Autre collision,,,,,,,,,,,2,2,1,1,6.0
201600016301,0016-09-24 17:25:00,16,9,24,17,25,130,103,VIEUX CHEMIN D'ISTRES,43.6356,5.06719,Plein jour,En agglomération,Hors intersection,Normale,Sans collision,,,,,,,,,,,1,2,1,1,7.0
201600016302,0016-10-04 23:45:00,16,10,4,23,45,130,103,AVENUE JUIN - DU 18,43.6283,5.11657,Nuit avec éclairage allumé,En agglomération,Hors intersection,Normale,Deux véhicules - côté,,,,,,,,,,,5,2,1,1,3.0
201600016303,0016-10-05 18:25:00,16,10,5,18,25,130,103,10-34 Rue des Frères J.,43.64145,5.09697,Plein jour,En agglomération,Intersection en T,Normale,Autre collision,,,,,,,,,,,1,2,3,1,6.0
201600016304,0016-10-11 15:20:00,16,10,11,15,20,130,103,BOULEVARD SCHUMAN -ROBER,,,Plein jour,En agglomération,Intersection en T,Normale,Autre collision,,,,,,,,,,,1,2,3,1,6.0
201600016305,0016-10-16 18:30:00,16,10,16,18,30,130,103,RTE DU VAL DE CUECH-RD 1,43.64418,5.11388,Crépuscule ou aube,Hors agglomération,Hors intersection,Temps couvert,Deux véhicules - côté,,,,,,,,,,,2,1,1,8,3.0
201600016306,0016-12-17 04:26:00,16,12,17,4,26,130,103,"1235, AVENUE DE LATTRE D",43.6564,5.08535,Nuit avec éclairage allumé,Hors agglomération,Hors intersection,Normale,Autre collision,,,,,,,,,,,5,1,1,1,6.0
201600016307,0016-12-25 18:45:00,16,12,25,18,45,130,103,"153, ROUTE DE JEAN MOULI",43.65858,5.09724,Nuit sans éclairage public,Hors agglomération,Hors intersection,Normale,Autre collision,,,,,,,,,,,3,1,1,1,6.0
201600016308,0016-01-03 17:50:00,16,1,3,17,50,300,32,TERRE D'ARGENCE AVENUE,43.8151,4.61609,Nuit avec éclairage allumé,En agglomération,Giratoire,Normale,Deux véhicules - côté,,,,,,,,,,,5,2,6,1,3.0
201600016309,0016-01-22 00:30:00,16,1,22,0,30,300,32,ST GILLES ROUTE DE,,,Nuit sans éclairage public,Hors agglomération,Hors intersection,Normale,Sans collision,,,,,,,,,,,3,1,1,1,7.0
201600016310,0016-02-06 10:29:00,16,2,6,10,29,300,32,saint gilles route RD38,,,Plein jour,Hors agglomération,Hors intersection,Normale,Sans collision,,,,,,,,,,,1,1,1,1,7.0
201600016311,0016-02-24 10:00:00,16,2,24,10,0,130,108,RD 570 N ROUTE D ARLES,43.80131,4.66516,Plein jour,En agglomération,Hors intersection,Normale,Autre collision,,,,,,,,,,,1,2,1,1,6.0
201600016312,0016-03-04 11:30:00,16,3,4,11,30,130,108,GUYNEMER GEORGE (AVENUE),43.80883,4.65568,Plein jour,En agglomération,Intersection en T,Normale,Deux véhicules - côté,,,,,,,,,,,1,2,3,1,3.0
201600016313,0016-03-31 07:00:00,16,3,31,7,0,300,32,FOURQUES ROUTE DE,,,Plein jour,Hors agglomération,Hors intersection,Normale,Deux véhicules - arrière,,,,,,,,,,,1,1,1,1,2.0
201600016314,0016-04-25 07:30:00,16,4,25,7,30,300,32,BEAUVOIR CHEMIN DE,,,Plein jour,Hors agglomération,Hors intersection,Normale,Autre collision,,,,,,,,,,,1,1,1,1,6.0
201600016315,0016-04-25 16:10:00,16,4,25,16,10,300,32,RD 90,,,Plein jour,Hors agglomération,Hors intersection,Normale,Trois véhicules et plus - collisions multiples,,,,,,,,,,,1,1,1,1,5.0
201600016316,0016-05-18 16:07:00,16,5,18,16,7,130,108,1877 Route d'Avignon,43.82416,4.69489,Plein jour,Hors agglomération,Intersection en T,Pluie légère,Trois véhicules et plus - collisions multiples,,,,,,,,,,,1,1,3,2,5.0
201600016317,0016-06-12 12:45:00,16,6,12,12,45,130,108,RD 970 ROUTE D'AVIGNON,43.82579,4.6997,Plein jour,Hors agglomération,Hors intersection,Normale,Autre collision,,,,,,,,,,,1,1,1,1,6.0
201600016318,0016-07-06 18:00:00,16,7,6,18,0,300,32,RD 90,,,Plein jour,Hors agglomération,Hors intersection,Normale,Deux véhicules - arrière,,,,,,,,,,,1,1,1,1,2.0
201600016319,0016-06-21 20:00:00,16,6,21,20,0,300,32,MARECHAL JOFFRE AVENUE,,,Plein jour,En agglomération,Hors intersection,Normale,Autre collision,,,,,,,,,,,1,2,1,1,6.0
201600016320,0016-07-15 19:20:00,16,7,15,19,20,130,108,RD 570 N ROUTE D ARLES,43.77554,4.68135,Plein jour,Hors agglomération,Intersection en T,Normale,Trois véhicules et plus - collisions multiples,,,,,,,,,,,1,1,3,1,5.0
201600016321,0016-07-15 19:30:00,16,7,15,19,30,300,32,SAINT GILLES ROUTE DE,43.79283,4.5859,Plein jour,Hors agglomération,Intersection en T,Normale,Deux véhicules - côté,,,,,,,,,,,1,1,3,1,3.0
201600016322,0016-08-25 09:20:00,16,8,25,9,20,130,108,ARISTIDE BRIAND (COURS),,,Plein jour,Hors agglomération,Hors intersection,Normale,Autre collision,,,,,,,,,,,1,1,1,1,6.0
201600016323,0016-08-28 08:00:00,16,8,28,8,0,300,32,SAINT GILLES ROUTE DE,43.78083,4.55112,Crépuscule ou aube,Hors agglomération,Hors intersection,Normale,Sans collision,,,,,,,,,,,2,1,1,1,7.0
201600016324,0016-08-29 08:30:00,16,8,29,8,30,130,108,CD 35 ROUTE DE BOULBON,43.83194,4.6725,Plein jour,Hors agglomération,Hors intersection,Normale,Deux véhicules - côté,,,,,,,,,,,1,1,1,1,3.0
201600016325,0016-09-16 07:30:00,16,9,16,7,30,130,108,GAMBETTA (BOULEVARD),43.80438,4.66279,Plein jour,En agglomération,Intersection en T,Normale,Deux véhicules - côté,,,,,,,,,,,1,2,3,1,3.0
201600016326,0016-10-20 07:50:00,16,10,20,7,50,300,32,saint gilles route RD38,43.79501,4.59477,Plein jour,Hors agglomération,Hors intersection,Normale,Trois véhicules et plus - collisions multiples,,,,,,,,,,,1,1,1,1,5.0
201600016327,0016-11-04 11:00:00,16,11,4,11,0,300,32,FOURQUES ROUTE DE,,,Plein jour,Hors agglomération,Hors intersection,Normale,Deux véhicules - frontale,,,,,,,,,,,1,1,1,1,1.0
201600016328,0016-11-18 18:45:00,16,11,18,18,45,300,32,saint gilles route de,43.80714,4.63646,Nuit avec éclairage allumé,En agglomération,Intersection en T,Pluie légère,Deux véhicules - côté,,,,,,,,,,,5,2,3,2,3.0
201600016329,0016-11-18 09:45:00,16,11,18,9,45,300,32,JEAN MOULIN ( RUE ),,,Plein jour,En agglomération,Hors intersection,Normale,Autre collision,,,,,,,,,,,1,2,1,1,6.0
201600016330,0016-12-04 05:00:00,16,12,4,5,0,300,32,saint gilles route de,43.80779,4.62308,Nuit sans éclairage public,En agglomération,Hors intersection,Normale,Autre collision,,,,,,,,,,,3,2,1,1,6.0
201600016331,0016-12-07 07:45:00,16,12,7,7,45,300,32,saint gilles route de,,,Plein jour,Hors agglomération,Hors intersection,Normale,Deux véhicules - frontale,,,,,,,,,,,1,1,1,1,1.0
201600016332,0016-01-03 08:45:00,16,1,3,8,45,130,117,CHEMIN DEPARTEMENTAL CD,43.43769,5.23523,Plein jour,En agglomération,Hors intersection,Normale,Autre collision,,,,,,,,,,,1,2,1,1,6.0
201600016333,0016-01-05 08:00:00,16,1,5,8,0,130,117,ROUTE NATIONALE 113-L'AN,43.41977,5.27151,Plein jour,En agglomération,Hors intersection,Normale,Deux véhicules - arrière,,,,,,,,,,,1,2,1,1,2.0
201600016334,0016-01-05 09:30:00,16,1,5,9,30,130,117,STADIUM (CD9),43.45149,5.30296,Plein jour,Hors agglomération,Hors intersection,Normale,Autre collision,,,,,,,,,,,1,1,1,1,6.0
201600016335,0016-01-07 09:00:00,16,1,7,9,0,130,117,CHEMIN DEPARTEMENTAL 9 (,43.42867,5.27226,Plein jour,En agglomération,Hors intersection,Pluie légère,Autre collision,,,,,,,,,,,1,2,1,2,6.0
201600016336,0016-01-07 12:20:00,16,1,7,12,20,130,71,CHEMIN DEPARTEMENTAL 6 (,43.41092,5.32653,Plein jour,En agglomération,Hors intersection,Temps couvert,Deux véhicules - côté,,,,,,,,,,,1,2,1,8,3.0
201600016337,0016-01-09 17:00:00,16,1,9,17,0,130,71,RABATTU ( AVENUE ETIENNE,,,Plein jour,En agglomération,Hors intersection,Normale,Autre collision,,,,,,,,,,,1,2,1,1,6.0
201600016338,0016-01-12 13:40:00,16,1,12,13,40,130,71,METRO (MAGASIN) - RN 368,43.40922,5.32478,Plein jour,Hors agglomération,Giratoire,Normale,Deux véhicules - arrière,,,,,,,,,,,1,1,6,1,2.0
201600016339,0016-01-13 09:00:00,16,1,13,9,0,130,19,ROUTE D'APT,43.4796,5.35509,Plein jour,Hors agglomération,Hors intersection,Normale,Trois véhicules et plus - en chaîne,,,,,,,,,,,1,1,1,1,4.0
201600016340,0016-01-14 14:30:00,16,1,14,14,30,130,102,RENE CAILLOUX,43.42324,5.24109,Plein jour,En agglomération,Intersection en T,Pluie légère,Deux véhicules - côté,,,,,,,,,,,1,2,3,2,3.0
201600016341,0016-01-15 20:50:00,16,1,15,20,50,130,71,CD 6,43.41474,5.34988,Nuit avec éclairage allumé,Hors agglomération,Hors intersection,Normale,Deux véhicules - arrière,,,,,,,,,,,5,1,1,1,2.0
201600016342,0016-01-16 19:40:00,16,1,16,19,40,130,117,ROUTE NATIONALE 113 - CA,43.43176,5.25833,Nuit avec éclairage allumé,Hors agglomération,Hors intersection,Normale,Deux véhicules - arrière,,,,,,,,,,,5,1,1,1,2.0
201600016343,0016-01-19 07:50:00,16,1,19,7,50,130,71,MONNET (AVENUE JEAN),,,Plein jour,En agglomération,Hors intersection,Normale,Deux véhicules - arrière,,,,,,,,,,,1,2,1,1,2.0
201600016344,0016-01-21 10:50:00,16,1,21,10,50,130,117,FONT SEGUGNE ( AVENUE DE,43.44985,5.24325,Plein jour,En agglomération,Giratoire,Normale,Deux véhicules - côté,,,,,,,,,,,1,2,6,1,3.0
201600016345,0016-01-22 11:20:00,16,1,22,11,20,130,117,"32, EUROPE ( AVENUE DE L",43.43598,5.24206,Plein jour,En agglomération,Hors intersection,Normale,Deux véhicules - arrière,,,,,,,,,,,1,2,1,1,2.0
201600016346,0016-01-26 15:40:00,16,1,26,15,40,130,117,RHIN DANUBE ( AVENUE ),,,Plein jour,En agglomération,Hors intersection,Normale,Sans collision,,,,,,,,,,,1,2,1,1,7.0
201600016347,0016-01-26 17:35:00,16,1,26,17,35,130,117,LONDRES (AVENUE DE),43.43012,5.23468,Plein jour,En agglomération,Intersection en T,Normale,Deux véhicules - côté,,,,,,,,,,,1,2,3,1,3.0
201600016348,0016-01-27 10:30:00,16,1,27,10,30,130,71,ROUTE NATIONALE 113 - AG,43.41718,5.28852,Plein jour,Hors agglomération,Hors intersection,Normale,Autre collision,,,,,,,,,,,1,1,1,1,6.0
201600016349,0016-01-27 14:00:00,16,1,27,14,0,130,117,AMSTERDAM (RUE D'),43.42462,5.24716,Plein jour,En agglomération,Hors intersection,Normale,Trois véhicules et plus - en chaîne,,,,,,,,,,,1,2,1,1,4.0
201600016350,0016-01-29 06:15:00,16,1,29,6,15,130,71,ROUTE NATIONALE 368 (VIL,,,Nuit sans éclairage public,En agglomération,Hors intersection,Normale,Autre collision,,,,,,,,,,,3,2,1,1,6.0
201600016351,0016-02-01 17:15:00,16,2,1,17,15,130,117,BAOU (QUARTIER DU PONT D,43.45963,5.23283,Plein jour,Hors agglomération,Hors intersection,Normale,Trois véhicules et plus - en chaîne,,,,,,,,,,,1,1,1,1,4.0
201600016352,0016-02-07 08:45:00,16,2,7,8,45,130,117,CD 9 ESTROUBLANS,43.427,5.2532,Plein jour,Hors agglomération,Hors intersection,Pluie forte,Autre collision,,,,,,,,,,,1,1,1,3,6.0
201600016353,0016-02-05 11:15:00,16,2,5,11,15,130,117,SALYENS ( AVENUE DES ),43.44204,5.253,Plein jour,En agglomération,Intersection en T,Normale,Trois véhicules et plus - collisions multiples,,,,,,,,,,,1,2,3,1,5.0
201600016354,0016-02-10 09:10:00,16,2,10,9,10,130,117,LONDRES (AVENUE DE),43.42689,5.23473,Plein jour,En agglomération,Intersection en X,Normale,Deux véhicules - côté,,,,,,,,,,,1,2,2,1,3.0
201600016355,0016-02-08 20:50:00,16,2,8,20,50,130,117,"6, PAGNOL ( BOULEVARD MA",43.42217,5.28676,Nuit avec éclairage allumé,Hors agglomération,Hors intersection,Pluie légère,Sans collision,,,,,,,,,,,5,1,1,2,7.0
201600016356,0016-02-13 15:00:00,16,2,13,15,0,130,117,STADIUM (CD9),43.4435,5.29692,Plein jour,Hors agglomération,Hors intersection,Normale,Autre collision,,,,,,,,,,,1,1,1,1,6.0
201600016357,0016-02-16 14:00:00,16,2,16,14,0,130,117,CHEMIN DEPARTEMENTAL 9 (,43.42498,5.24823,Plein jour,Hors agglomération,Hors intersection,Normale,Deux véhicules - arrière,,,,,,,,,,,1,1,1,1,2.0
201600016358,0016-02-16 19:20:00,16,2,16,19,20,130,117,MARSEILLE ( AVENUE DE ),43.44521,5.25643,Nuit avec éclairage allumé,En agglomération,Hors intersection,Normale,Deux véhicules - frontale,,,,,,,,,,,5,2,1,1,1.0
201600016359,0016-02-17 08:10:00,16,2,17,8,10,130,117,SEDS ( ROUTE DE LA ),,,Plein jour,Hors agglomération,Hors intersection,Normale,Deux véhicules - frontale,,,,,,,,,,,1,1,1,1,1.0
201600016360,0016-02-17 16:30:00,16,2,17,16,30,130,117,ALPILLES (HOTELIA LES...,43.43567,5.25889,Plein jour,En agglomération,Place,Normale,Deux véhicules - arrière,,,,,,,,,,,1,2,7,1,2.0
201600016361,0016-02-19 21:20:00,16,2,19,21,20,130,117,"101, MONNET (AVENUE JEAN",43.42684,5.27807,Nuit avec éclairage allumé,En agglomération,Hors intersection,Normale,Deux véhicules - arrière,,,,,,,,,,,5,2,1,1,2.0
201600016362,0016-02-20 16:50:00,16,2,20,16,50,130,117,PADOVANI ( AVE ),43.43304,5.26298,Plein jour,En agglomération,Hors intersection,Normale,Trois véhicules et plus - en chaîne,,,,,,,,,,,1,2,1,1,4.0
201600016363,0016-02-22 08:50:00,16,2,22,8,50,130,19,ROUTE*D'APT,43.46661,5.35406,Plein jour,En agglomération,Hors intersection,Normale,Deux véhicules - arrière,,,,,,,,,,,1,2,1,1,2.0
201600016364,0016-02-26 18:40:00,16,2,26,18,40,130,117,MONNET ( AVENUE JEAN ),43.42489,5.28243,Crépuscule ou aube,En agglomération,Intersection en T,Normale,Deux véhicules - côté,,,,,,,,,,,2,2,3,1,3.0
201600016365,0016-03-01 13:00:00,16,3,1,13,0,130,117,DROITS DE L'HOMME (AVENU,,,Plein jour,En agglomération,Hors intersection,Normale,Trois véhicules et plus - en chaîne,,,,,,,,,,,1,2,1,1,4.0
201600016366,0016-03-02 12:00:00,16,3,2,12,0,130,117,CD 9 ESTROUBLANS,43.42324,5.24106,Plein jour,Hors agglomération,Intersection en X,Normale,Deux véhicules - côté,,,,,,,,,,,1,1,2,1,3.0
201600016367,0016-03-05 17:30:00,16,3,5,17,30,130,71,COLLET ROUGE ( CHEMIN DU,,,Plein jour,Hors agglomération,Hors intersection,Normale,Deux véhicules - frontale,,,,,,,,,,,1,1,1,1,1.0
201600016368,0016-03-05 11:15:00,16,3,5,11,15,130,19,ROUTE D'APT,43.47213,5.35489,Plein jour,Hors agglomération,Hors intersection,Normale,Trois véhicules et plus - collisions multiples,,,,,,,,,,,1,1,1,1,5.0
201600016369,0016-03-06 17:00:00,16,3,6,17,0,130,19,ROUTE D'APT,43.46408,5.35352,Plein jour,Hors agglomération,Hors intersection,Normale,Deux véhicules - arrière,,,,,,,,,,,1,1,1,1,2.0
201600016370,0016-03-06 23:10:00,16,3,6,23,10,130,71,ROUTE NATIONALE 113 - RE,43.41261,5.30231,Nuit avec éclairage allumé,En agglomération,Hors intersection,Normale,Sans collision,,,,,,,,,,,5,2,1,1,7.0
201600016371,0016-03-04 16:20:00,16,3,4,16,20,130,117,ROUTE NATIONALE 113 - CA,43.4717,5.2305,Plein jour,Hors agglomération,Hors intersection,Normale,Trois véhicules et plus - en chaîne,,,,,,,,,,,1,1,1,1,4.0
201600016372,0016-03-07 07:45:00,16,3,7,7,45,130,117,CHEMIN DEPARTEMENTAL 9 (,43.42751,5.25574,Plein jour,Hors agglomération,Hors intersection,Normale,Trois véhicules et plus - en chaîne,,,,,,,,,,,1,1,1,1,4.0
201600016373,0016-03-07 16:40:00,16,3,7,16,40,130,117,EUROPE (AVENUE DE L'),,,Plein jour,En agglomération,Hors intersection,Normale,Deux véhicules - arrière,,,,,,,,,,,1,2,1,1,2.0
201600016374,0016-03-08 15:20:00,16,3,8,15,20,130,19,CD6,43.42193,5.36774,Plein jour,En agglomération,Hors intersection,Normale,Deux véhicules - côté,,,,,,,,,,,1,2,1,1,3.0
201600016375,0016-03-10 13:50:00,16,3,10,13,50,130,117,ROUTE DEPARTEMENTALE 20,43.44091,5.23348,Plein jour,Hors agglomération,Hors intersection,Normale,Autre collision,,,,,,,,,,,1,1,1,1,6.0
201600016376,0016-03-11 18:30:00,16,3,11,18,30,130,19,CHEMIN DE LA GRANDE CAMP,,,Plein jour,En agglomération,Hors intersection,Normale,Deux véhicules - côté,,,,,,,,,,,1,2,1,1,3.0
201600016377,0016-03-12 03:30:00,16,3,12,3,30,130,19,D60,43.46093,5.37108,Nuit avec éclairage allumé,Hors agglomération,Hors intersection,Normale,Autre collision,,,,,,,,,,,5,1,1,1,6.0
201600016378,0016-03-14 14:50:00,16,3,14,14,50,130,117,ROUTE NATIONALE 113-L'AN,43.41982,5.2714,Plein jour,Hors agglomération,Hors intersection,Normale,Autre collision,,,,,,,,,,,1,1,1,1,6.0
201600016379,0016-03-10 11:00:00,16,3,10,11,0,130,71,TARDY ( BOULEVARD ),43.37792,5.34855,Plein jour,En agglomération,Hors intersection,Normale,Autre collision,,,,,,,,,,,1,2,1,1,6.0
201600016380,0016-03-16 10:30:00,16,3,16,10,30,130,19,D9,43.45472,5.31732,Plein jour,Hors agglomération,Hors intersection,Pluie légère,Autre collision,,,,,,,,,,,1,1,1,2,6.0
201600016381,0016-03-16 11:15:00,16,3,16,11,15,130,117,STADIUM (CD9),43.4435,5.29692,Plein jour,Hors agglomération,Hors intersection,Pluie légère,Sans collision,,,,,,,,,,,1,1,1,2,7.0
201600016382,0016-03-17 07:15:00,16,3,17,7,15,130,117,LONDRES (AVENUE DE),43.42688,5.23473,Crépuscule ou aube,En agglomération,Intersection en X,Normale,Trois véhicules et plus - collisions multiples,,,,,,,,,,,2,2,2,1,5.0
201600016383,0016-03-17 15:10:00,16,3,17,15,10,130,117,RHIN DANUBE ( AVENUE ),,,Plein jour,En agglomération,Hors intersection,Normale,Deux véhicules - arrière,,,,,,,,,,,1,2,1,1,2.0
201600016384,0016-03-19 17:15:00,16,3,19,17,15,130,19,ROUTE D'APT,43.45785,5.3539,Plein jour,Hors agglomération,Hors intersection,Normale,Sans collision,,,,,,,,,,,1,1,1,1,7.0
201600016385,0016-03-20 18:00:00,16,3,20,18,0,130,19,D9,43.45658,5.32208,Crépuscule ou aube,Hors agglomération,Hors intersection,Normale,Sans collision,,,,,,,,,,,2,1,1,1,7.0
201600016386,0016-03-21 11:15:00,16,3,21,11,15,130,117,ROUTE NATIONALE 113 - CA,43.47083,5.23138,Plein jour,Hors agglomération,Giratoire,Normale,Deux véhicules - arrière,,,,,,,,,,,1,1,6,1,2.0
201600016387,0016-03-24 07:00:00,16,3,24,7,0,130,117,LONDRES (AVENUE DE),43.42792,5.23655,Plein jour,En agglomération,Intersection en T,Normale,Deux véhicules - frontale,,,,,,,,,,,1,2,3,1,1.0
201600016388,0016-03-25 10:50:00,16,3,25,10,50,130,117,SALYENS ( AVENUE DES ),,,Plein jour,En agglomération,Hors intersection,Normale,Autre collision,,,,,,,,,,,1,2,1,1,6.0
201600016389,0016-03-26 09:30:00,16,3,26,9,30,130,117,CHEMIN DEPARTEMENTAL CD,43.44325,5.23218,Plein jour,Hors agglomération,Hors intersection,Normale,Trois véhicules et plus - en chaîne,,,,,,,,,,,1,1,1,1,4.0
201600016390,0016-03-26 18:00:00,16,3,26,18,0,130,117,ROUCAS ( CORNICHE DU ),43.46488,5.23625,Plein jour,Hors agglomération,Hors intersection,Normale,Autre collision,,,,,,,,,,,1,1,1,1,6.0
201600016391,0016-03-28 12:52:00,16,3,28,12,52,130,71,VIEILLE ROUTE DE LA GAVO,43.39089,5.34171,Plein jour,En agglomération,Hors intersection,Normale,Autre collision,,,,,,,,,,,1,2,1,1,6.0
201600016392,0016-03-30 15:30:00,16,3,30,15,30,130,117,CD 9 ESTROUBLANS,43.42436,5.24641,Plein jour,En agglomération,Hors intersection,Normale,Deux véhicules - arrière,,,,,,,,,,,1,2,1,1,2.0
201600016393,0016-03-30 14:00:00,16,3,30,14,0,130,71,ROUTE NATIONALE 113 - AG,43.41681,5.29188,Plein jour,Hors agglomération,Hors intersection,Normale,Deux véhicules - côté,,,,,,,,,,,1,1,1,1,3.0
201600016394,0016-04-01 17:00:00,16,4,1,17,0,130,117,PADOVANI ( AVE ),,,Plein jour,En agglomération,Hors intersection,Pluie légère,Autre collision,,,,,,,,,,,1,2,1,2,6.0
201600016395,0016-04-04 15:30:00,16,4,4,15,30,130,117,TOULON GERARD ( RUE ),,,Plein jour,Hors agglomération,Autre intersection,Normale,Deux véhicules - frontale,,,,,,,,,,,1,1,9,1,1.0
201600016396,0016-04-07 06:45:00,16,4,7,6,45,130,71,SAVOISIENNE ( TRAVERSE D,43.38316,5.34658,Nuit avec éclairage allumé,En agglomération,Hors intersection,Normale,Autre collision,,,,,,,,,,,5,2,1,1,6.0
201600016397,0016-04-07 18:00:00,16,4,7,18,0,130,117,RUE DE FONTBLANCHE,43.4233,5.28372,Plein jour,En agglomération,Intersection en X,Normale,Deux véhicules - frontale,,,,,,,,,,,1,2,2,1,1.0
201600016398,0016-04-08 10:00:00,16,4,8,10,0,130,117,GLACIERE ( RUE DE LA ),,,Plein jour,Hors agglomération,Autre intersection,Normale,Deux véhicules - côté,,,,,,,,,,,1,1,9,1,3.0
201600016399,0016-04-08 17:15:00,16,4,8,17,15,130,117,ROUTE NATIONALE 113 - CA,43.42057,5.27035,Plein jour,Hors agglomération,Hors intersection,Normale,Trois véhicules et plus - en chaîne,,,,,,,,,,,1,1,1,1,4.0
201600016400,0016-04-08 21:30:00,16,4,8,21,30,130,71,RD 543,43.41852,5.3665,Nuit sans éclairage public,Hors agglomération,Intersection en X,Normale,Deux véhicules - côté,,,,,,,,,,,3,1,2,1,3.0
201600016401,0016-04-09 09:00:00,16,4,9,9,0,130,117,ROUTE NATIONALE 113-L'AN,43.41958,5.27178,Plein jour,Hors agglomération,Hors intersection,Normale,Sans collision,,,,,,,,,,,1,1,1,1,7.0
201600016402,0016-04-10 06:00:00,16,4,10,6,0,130,71,MONNET (AVENUE JEAN),43.41549,5.29646,Nuit sans éclairage public,En agglomération,Intersection en T,Normale,Deux véhicules - côté,,,,,,,,,,,3,2,3,1,3.0
201600016403,0016-04-11 14:00:00,16,4,11,14,0,130,117,"17, BERLIN (RUE DE)",,,Plein jour,En agglomération,Hors intersection,Normale,Deux véhicules - arrière,,,,,,,,,,,1,2,1,1,2.0
201600016404,0016-04-12 16:55:00,16,4,12,16,55,130,71,MITTERRAND (AVENUE FRANC,43.38033,5.34805,Plein jour,En agglomération,Intersection en T,Normale,Trois véhicules et plus - en chaîne,,,,,,,,,,,1,2,3,1,4.0
201600016405,0016-04-14 15:20:00,16,4,14,15,20,130,117,CHEMIN DEPARTEMENTAL 9 (,43.42324,5.24109,Plein jour,Hors agglomération,Intersection en T,Normale,Deux véhicules - côté,,,,,,,,,,,1,1,3,1,3.0
201600016406,0016-04-16 07:45:00,16,4,16,7,45,130,71,"245, ROUTE NATIONALE 368",43.40851,5.31802,Plein jour,En agglomération,Hors intersection,Normale,Deux véhicules - arrière,,,,,,,,,,,1,2,1,1,2.0
201600016407,0016-04-17 14:50:00,16,4,17,14,50,130,117,GLACIERE ( RUE DE LA ),43.42324,5.24109,Plein jour,En agglomération,Intersection en X,Normale,Deux véhicules - côté,,,,,,,,,,,1,2,2,1,3.0
201600016408,0016-04-20 09:10:00,16,4,20,9,10,130,19,AVENUE DE PROVENCE,43.4598,5.35333,Plein jour,En agglomération,Hors intersection,Normale,Deux véhicules - arrière,,,,,,,,,,,1,2,1,1,2.0
201600016409,0016-04-20 18:00:00,16,4,20,18,0,130,117,LONDRES (AVENUE DE),43.42688,5.23473,Plein jour,En agglomération,Intersection en X,Normale,Deux véhicules - côté,,,,,,,,,,,1,2,2,1,3.0
201600016410,0016-04-21 10:10:00,16,4,21,10,10,130,71,MONNET (AVENUE JEAN),,,Plein jour,En agglomération,Hors intersection,Normale,Autre collision,,,,,,,,,,,1,2,1,1,6.0