accident_id,datetime,annee,mois,jour,heure,minute,departement,commune_insee,adresse,latitude,longitude,luminosite,agglomeration,intersection,meteo,collision,nb_vehicules,nb_usagers,nb_indemnes,nb_tues,nb_blesses_hosp,nb_blesses_legers,age_cond_1,age_cond_2,veh_type_cond_1,veh_type_cond_2,lum_code,agg_code,int_code,atm_code,col_code
201600016411,0016-04-22 18:00:00,16,4,22,18,0,130,71,ROUTE NATIONALE 113 - MO,43.40727,5.32992,Plein jour,Hors agglomération,Hors intersection,Normale,Deux véhicules - côté,,,,,,,,,,,1,1,1,1,3.0
201600016412,0016-04-23 18:00:00,16,4,23,18,0,130,71,"374, VALLOT (PONT DE)",43.4183,5.32108,Plein jour,En agglomération,Hors intersection,Normale,Deux véhicules - frontale,,,,,,,,,,,1,2,1,1,1.0
201600016413,0016-04-26 08:30:00,16,4,26,8,30,130,19,ROUTE D'APT,43.422,5.36768,Plein jour,Hors agglomération,Hors intersection,Normale,Autre collision,,,,,,,,,,,1,1,1,1,6.0
201600016414,0016-04-26 18:15:00,16,4,26,18,15,130,71,ROUTE NATIONALE 113 - RE,43.41292,5.30171,Plein jour,En agglomération,Hors intersection,Normale,Deux véhicules - frontale,,,,,,,,,,,1,2,1,1,1.0
201600016415,0016-04-27 08:25:00,16,4,27,8,25,130,117,RABIN ( AVENUE YITZHAK ),43.45029,5.24558,Plein jour,En agglomération,Giratoire,Normale,Deux véhicules - côté,,,,,,,,,,,1,2,6,1,3.0
201600016416,0016-04-27 12:20:00,16,4,27,12,20,130,117,"32, EUROPE (AVENUE DE L'",43.41585,5.23041,Plein jour,Hors agglomération,Hors intersection,Normale,Deux véhicules - côté,,,,,,,,,,,1,1,1,1,3.0
201600016417,0016-04-27 17:00:00,16,4,27,17,0,130,117,INDOCHINE( ROND POINT),43.44385,5.24593,Plein jour,En agglomération,Hors intersection,Normale,Trois véhicules et plus - collisions multiples,,,,,,,,,,,1,2,1,1,5.0
201600016418,0016-04-27 18:00:00,16,4,27,18,0,130,117,"x, ROUTE NATIONALE 113 -",43.43084,5.25921,Plein jour,En agglomération,Hors intersection,Normale,Deux véhicules - arrière,,,,,,,,,,,1,2,1,1,2.0
201600016419,0016-04-29 23:54:00,16,4,29,23,54,130,71,PENNES AUX PINS ????,,,Nuit avec éclairage allumé,En agglomération,Hors intersection,Normale,Autre collision,,,,,,,,,,,5,2,1,1,6.0
201600016420,0016-05-02 15:40:00,16,5,2,15,40,130,71,"520, CHATEAU (MONTEE DU",43.4126,5.3182,Plein jour,En agglomération,Hors intersection,Normale,Deux véhicules - arrière,,,,,,,,,,,1,2,1,1,2.0
201600016421,0016-05-04 08:30:00,16,5,4,8,30,130,117,CHEMIN DEPARTEMENTAL 9 (,43.42762,5.262,Plein jour,Hors agglomération,Hors intersection,Normale,Autre collision,,,,,,,,,,,1,1,1,1,6.0
201600016422,0016-05-06 22:05:00,16,5,6,22,5,130,71,PENNES AUX PINS ( CHEMIN,43.41433,5.35347,Nuit avec éclairage allumé,Hors agglomération,Giratoire,Normale,Deux véhicules - côté,,,,,,,,,,,5,1,6,1,3.0
201600016423,0016-05-09 18:00:00,16,5,9,18,0,130,117,GLACIERE ( RUE DE LA ),43.42324,5.24108,Plein jour,En agglomération,Intersection en X,Normale,Deux véhicules - côté,,,,,,,,,,,1,2,2,1,3.0
201600016424,0016-05-11 13:50:00,16,5,11,13,50,130,117,PADOVANI ( AVE ),,,Plein jour,En agglomération,Hors intersection,Normale,Deux véhicules - arrière,,,,,,,,,,,1,2,1,1,2.0
201600016425,0016-05-12 08:40:00,16,5,12,8,40,130,117,MONTE CRISTO (ROND POINT,43.47067,5.23169,Plein jour,En agglomération,Hors intersection,Normale,Deux véhicules - côté,,,,,,,,,,,1,2,1,1,3.0
201600016426,0016-05-12 07:50:00,16,5,12,7,50,130,117,PADOVANI ( AVE ),43.43692,5.25662,Plein jour,En agglomération,Intersection en T,Normale,Deux véhicules - côté,,,,,,,,,,,1,2,3,1,3.0
201600016427,0016-05-07 17:30:00,16,5,7,17,30,130,71,ROUTE NATIONALE 368 (VIL,43.40801,5.30883,Plein jour,Hors agglomération,Hors intersection,Normale,Deux véhicules - arrière,,,,,,,,,,,1,1,1,1,2.0
201600016428,0016-05-12 16:10:00,16,5,12,16,10,130,71,ROUTE NATIONALE 368 (PLA,43.40778,5.302,Plein jour,Hors agglomération,Hors intersection,Normale,Deux véhicules - côté,,,,,,,,,,,1,1,1,1,3.0
201600016429,0016-05-14 13:30:00,16,5,14,13,30,130,71,VERSAILLES (ROND POINT D,43.40946,5.32552,Plein jour,En agglomération,Hors intersection,Normale,Deux véhicules - côté,,,,,,,,,,,1,2,1,1,3.0
201600016430,0016-05-17 13:45:00,16,5,17,13,45,130,71,COCA COLA (ROND POINT CH,,,Plein jour,En agglomération,Hors intersection,Normale,Deux véhicules - arrière,,,,,,,,,,,1,2,1,1,2.0
201600016431,0016-05-18 09:00:00,16,5,18,9,0,130,19,ROUTE D'APT,43.47963,5.35526,Plein jour,Hors agglomération,Hors intersection,Normale,Deux véhicules - côté,,,,,,,,,,,1,1,1,1,3.0
201600016432,0016-05-24 07:15:00,16,5,24,7,15,130,71,"90, PTT GAVOTTE (RN 113)",43.38004,5.3497,Plein jour,En agglomération,Hors intersection,Normale,Autre collision,,,,,,,,,,,1,2,1,1,6.0
201600016433,0016-05-26 09:30:00,16,5,26,9,30,130,117,ALTADIS (BD DE L'EUROPE),,,Plein jour,En agglomération,Giratoire,Normale,Trois véhicules et plus - en chaîne,,,,,,,,,,,1,2,6,1,4.0
201600016434,0016-05-27 14:30:00,16,5,27,14,30,130,71,D 543,43.41997,5.36696,Plein jour,En agglomération,Autre intersection,Normale,Autre collision,,,,,,,,,,,1,2,9,1,6.0
201600016435,0016-05-28 15:50:00,16,5,28,15,50,130,117,BEL AIR (RUE),43.42567,5.26973,Plein jour,En agglomération,Giratoire,Normale,Deux véhicules - côté,,,,,,,,,,,1,2,6,1,3.0
201600016436,0016-05-28 22:10:00,16,5,28,22,10,130,71,D543 - (Face mag KHAAN),43.41849,5.36686,Nuit avec éclairage allumé,En agglomération,Hors intersection,Normale,Sans collision,,,,,,,,,,,5,2,1,1,7.0
201600016437,0016-05-31 12:45:00,16,5,31,12,45,130,117,EUROPE ( AVENUE DE L' ),43.42622,5.25048,Plein jour,En agglomération,Giratoire,Normale,Sans collision,,,,,,,,,,,1,2,6,1,7.0
201600016438,0016-06-01 09:15:00,16,6,1,9,15,130,71,VIEILLE ROUTE DE LA GAVO,43.39041,5.34206,Plein jour,En agglomération,Hors intersection,Normale,Autre collision,,,,,,,,,,,1,2,1,1,6.0
201600016439,0016-06-01 20:00:00,16,6,1,20,0,130,19,ROUTE D'APT,43.47849,5.35609,Plein jour,Hors agglomération,Giratoire,Normale,Deux véhicules - côté,,,,,,,,,,,1,1,6,1,3.0
201600016440,0016-06-03 17:00:00,16,6,3,17,0,130,117,"31, BLANCARD ( RUE PIERR",43.43627,5.26028,Plein jour,En agglomération,Hors intersection,Normale,Autre collision,,,,,,,,,,,1,2,1,1,6.0
201600016441,0016-06-04 17:30:00,16,6,4,17,30,130,71,ROUTE NATIONALE 368 (PLA,43.40743,5.29406,Plein jour,Hors agglomération,Hors intersection,Normale,Deux véhicules - côté,,,,,,,,,,,1,1,1,1,3.0
201600016442,0016-06-07 17:50:00,16,6,7,17,50,130,117,ROUTE NATIONALE 113 - LA,43.44307,5.24194,Plein jour,En agglomération,Hors intersection,Normale,Deux véhicules - arrière,,,,,,,,,,,1,2,1,1,2.0
201600016443,0016-06-08 18:45:00,16,6,8,18,45,130,117,"4, SEYSSAUD ( RUE RENE )",43.44459,5.2549,Plein jour,En agglomération,Hors intersection,Normale,Deux véhicules - côté,,,,,,,,,,,1,2,1,1,3.0
201600016444,0016-06-13 14:20:00,16,6,13,14,20,130,117,GLACIERE (RUE DE LA),43.42324,5.24112,Plein jour,Hors agglomération,Intersection en X,Normale,Deux véhicules - côté,,,,,,,,,,,1,1,2,1,3.0
201600016445,0016-06-14 09:00:00,16,6,14,9,0,130,71,Station Service AVIVA,43.41103,5.30971,Plein jour,En agglomération,Hors intersection,Normale,Trois véhicules et plus - en chaîne,,,,,,,,,,,1,2,1,1,4.0
201600016446,0016-06-15 08:20:00,16,6,15,8,20,130,71,"441, RIGONS ( CHEMIN DES",43.41334,5.36808,Plein jour,En agglomération,Hors intersection,Normale,Deux véhicules - frontale,,,,,,,,,,,1,2,1,1,1.0
201600016447,0016-06-14 23:30:00,16,6,14,23,30,130,71,COLLET ROUGE ( CHEMIN DU,43.41159,5.36091,Nuit sans éclairage public,Hors agglomération,Hors intersection,Normale,Deux véhicules - frontale,,,,,,,,,,,3,1,1,1,1.0
201600016448,0016-06-15 19:15:00,16,6,15,19,15,130,19,D9,,,Plein jour,Hors agglomération,Hors intersection,Normale,Deux véhicules - arrière,,,,,,,,,,,1,1,1,1,2.0
201600016449,0016-06-16 12:45:00,16,6,16,12,45,130,117,ROUTE NATIONALE 113 - CA,43.43158,5.25853,Plein jour,En agglomération,Hors intersection,Pluie légère,Sans collision,,,,,,,,,,,1,2,1,2,7.0
201600016450,0016-06-17 06:30:00,16,6,17,6,30,130,117,CD20 E,43.42323,5.24108,Crépuscule ou aube,Hors agglomération,Hors intersection,Normale,Deux véhicules - arrière,,,,,,,,,,,2,1,1,1,2.0
201600016451,0016-06-17 20:50:00,16,6,17,20,50,130,71,"1, ROUTE NATIONALE 113 -",43.3744,5.35444,Plein jour,En agglomération,Autre intersection,Normale,Deux véhicules - frontale,,,,,,,,,,,1,2,9,1,1.0
201600016452,0016-06-19 20:45:00,16,6,19,20,45,130,71,VERSAILLES (ROND POINT D,43.40941,5.32553,Crépuscule ou aube,En agglomération,Giratoire,Normale,Deux véhicules - arrière,,,,,,,,,,,2,2,6,1,2.0
201600016453,0016-06-21 13:50:00,16,6,21,13,50,130,117,CD 9 ESTROUBLANS,43.42324,5.24109,Plein jour,Hors agglomération,Intersection en T,Normale,Deux véhicules - côté,,,,,,,,,,,1,1,3,1,3.0
201600016454,0016-06-22 06:00:00,16,6,22,6,0,130,117,SEDS ( ROUTE DE LA ),43.43204,5.27624,Crépuscule ou aube,En agglomération,Hors intersection,Normale,Sans collision,,,,,,,,,,,2,2,1,1,7.0
201600016455,0016-06-23 07:15:00,16,6,23,7,15,130,117,CD 9 ESTROUBLANS,43.427,5.2532,Plein jour,Hors agglomération,Hors intersection,Normale,Trois véhicules et plus - en chaîne,,,,,,,,,,,1,1,1,1,4.0
201600016456,0016-06-24 08:45:00,16,6,24,8,45,130,71,"5, ROUTE NATIONALE 113 -",43.40164,5.33914,Plein jour,Hors agglomération,Hors intersection,Normale,Autre collision,,,,,,,,,,,1,1,1,1,6.0
201600016457,0016-06-24 17:50:00,16,6,24,17,50,130,71,METRO (MAGASIN) - RN 368,43.40868,5.3196,Plein jour,En agglomération,Hors intersection,Normale,Deux véhicules - côté,,,,,,,,,,,1,2,1,1,3.0
201600016458,0016-06-28 10:30:00,16,6,28,10,30,130,19,RUE DU MOULIN - D543/D98,43.4612,5.35302,Plein jour,En agglomération,Intersection en T,Normale,Autre collision,,,,,,,,,,,1,2,3,1,6.0
201600016459,0016-06-28 16:15:00,16,6,28,16,15,130,19,CD6,43.4217,5.36748,Plein jour,Hors agglomération,Hors intersection,Normale,Deux véhicules - arrière,,,,,,,,,,,1,1,1,1,2.0
201600016460,0016-06-29 17:50:00,16,6,29,17,50,130,71,RD 543,43.41784,5.36714,Plein jour,Hors agglomération,Hors intersection,Normale,Deux véhicules - côté,,,,,,,,,,,1,1,1,1,3.0
201600016461,0016-06-30 17:50:00,16,6,30,17,50,130,117,GUIGOU (BOULEVARD PAUL ),,,Plein jour,En agglomération,Hors intersection,Normale,Deux véhicules - arrière,,,,,,,,,,,1,2,1,1,2.0
201600016462,0016-07-01 08:15:00,16,7,1,8,15,130,71,ROUTE NATIONALE 368 (PLA,43.40775,5.30249,Plein jour,Hors agglomération,Hors intersection,Normale,Deux véhicules - frontale,,,,,,,,,,,1,1,1,1,1.0
201600016463,0016-07-01 16:50:00,16,7,1,16,50,130,117,ROUTE NATIONALE 113 - LA,43.4439,5.24108,Plein jour,Hors agglomération,Intersection en T,Normale,Autre collision,,,,,,,,,,,1,1,3,1,6.0
201600016464,0016-06-30 18:00:00,16,6,30,18,0,130,71,"2057, ROUTE NATIONALE 11",43.41265,5.30227,Plein jour,En agglomération,Hors intersection,Normale,Deux véhicules - côté,,,,,,,,,,,1,2,1,1,3.0
201600016465,0016-07-03 21:30:00,16,7,3,21,30,130,71,"108, VIEILLE ROUTE DE LA",43.39469,5.34033,Crépuscule ou aube,En agglomération,Hors intersection,Normale,Deux véhicules - frontale,,,,,,,,,,,2,2,1,1,1.0
201600016466,0016-07-05 10:45:00,16,7,5,10,45,130,117,RABIN ( AVENUE YITZHAK ),43.44851,5.2465,Plein jour,En agglomération,Intersection en X,Normale,Deux véhicules - côté,,,,,,,,,,,1,2,2,1,3.0
201600016467,0016-07-05 12:20:00,16,7,5,12,20,130,117,EUROPE ( AVENUE DE L' ),43.42092,5.26815,Plein jour,Hors agglomération,Giratoire,Normale,Deux véhicules - arrière,,,,,,,,,,,1,1,6,1,2.0
201600016468,0016-07-05 14:10:00,16,7,5,14,10,130,19,D9,43.45644,5.32649,Plein jour,Hors agglomération,Hors intersection,Normale,Sans collision,,,,,,,,,,,1,1,1,1,7.0
201600016469,0016-07-07 08:30:00,16,7,7,8,30,130,19,ROUTE D'APT,43.46528,5.35367,Plein jour,En agglomération,Giratoire,Normale,Deux véhicules - frontale,,,,,,,,,,,1,2,6,1,1.0
201600016470,0016-07-07 08:20:00,16,7,7,8,20,130,71,ROUTE NATIONALE 368 (VIL,43.408,5.30883,Plein jour,En agglomération,Hors intersection,Normale,Deux véhicules - frontale,,,,,,,,,,,1,2,1,1,1.0
201600016471,0016-07-08 12:50:00,16,7,8,12,50,130,117,"? , PADOVANI",,,Plein jour,En agglomération,Hors intersection,Normale,Deux véhicules - arrière,,,,,,,,,,,1,2,1,1,2.0
201600016472,0016-07-07 16:00:00,16,7,7,16,0,130,71,RIGONS **CHEMIN DES ),43.4138,5.36109,Plein jour,Hors agglomération,Intersection en X,Normale,Deux véhicules - côté,,,,,,,,,,,1,1,2,1,3.0
201600016473,0016-07-09 10:05:00,16,7,9,10,5,130,19,RUE DE FONTAUBE,43.44025,5.37381,Plein jour,En agglomération,Intersection en T,Normale,Deux véhicules - côté,,,,,,,,,,,1,2,3,1,3.0
201600016474,0016-07-11 13:30:00,16,7,11,13,30,130,117,"71, ALTADIS (BD DE L'EUR",43.42309,5.25719,Plein jour,Hors agglomération,Hors intersection,Normale,Deux véhicules - arrière,,,,,,,,,,,1,1,1,1,2.0
201600016475,0016-07-12 17:50:00,16,7,12,17,50,130,19,D9,43.4797,5.35619,Plein jour,Hors agglomération,Hors intersection,Normale,Deux véhicules - arrière,,,,,,,,,,,1,1,1,1,2.0
201600016476,0016-07-13 14:50:00,16,7,13,14,50,130,19,"? ,CHE DE LA GRANDE CAMP",,,Plein jour,Hors agglomération,Giratoire,Normale,Deux véhicules - arrière,,,,,,,,,,,1,1,6,1,2.0
201600016477,0016-07-15 05:15:00,16,7,15,5,15,130,117,PTT SUD AVENUE JEAN MONN,,,Nuit avec éclairage allumé,En agglomération,Hors intersection,Normale,Autre collision,,,,,,,,,,,5,2,1,1,6.0
201600016478,0016-07-18 09:30:00,16,7,18,9,30,130,117,FRANCE ( AVENUE DE ),43.45431,5.23823,Plein jour,En agglomération,Hors intersection,Normale,Deux véhicules - arrière,,,,,,,,,,,1,2,1,1,2.0
201600016479,0016-07-22 18:55:00,16,7,22,18,55,130,19,"7235, AVENUE MARCEL MATT",43.46132,5.37023,Plein jour,Hors agglomération,Hors intersection,Normale,Deux véhicules - frontale,,,,,,,,,,,1,1,1,1,1.0
201600016480,0016-07-24 17:20:00,16,7,24,17,20,130,19,CD6,43.42069,5.36714,Plein jour,Hors agglomération,Hors intersection,Normale,Autre collision,,,,,,,,,,,1,1,1,1,6.0
201600016481,0016-07-26 15:15:00,16,7,26,15,15,130,117,CD 9 ESTROUBLANS,43.42418,5.24529,Plein jour,Hors agglomération,Hors intersection,Normale,Deux véhicules - arrière,,,,,,,,,,,1,1,1,1,2.0
201600016482,0016-07-26 17:30:00,16,7,26,17,30,130,19,D9,43.47659,5.35094,Plein jour,Hors agglomération,Hors intersection,Normale,Trois véhicules et plus - en chaîne,,,,,,,,,,,1,1,1,1,4.0
201600016483,0016-07-27 07:00:00,16,7,27,7,0,130,117,CHEMIN DEPARTEMENTAL 9 (,43.42785,5.26928,Plein jour,Hors agglomération,Hors intersection,Normale,Autre collision,,,,,,,,,,,1,1,1,1,6.0
201600016484,0016-07-27 16:20:00,16,7,27,16,20,130,71,ROUTE NATIONALE 113 - VI,43.4101,5.32424,Plein jour,Hors agglomération,Hors intersection,Normale,Deux véhicules - côté,,,,,,,,,,,1,1,1,1,3.0
201600016485,0016-07-28 19:50:00,16,7,28,19,50,130,71,"89, MITTERRAND (AVENUE F",43.38003,5.34987,Plein jour,En agglomération,Hors intersection,Normale,Autre collision,,,,,,,,,,,1,2,1,1,6.0
201600016486,0016-07-31 03:45:00,16,7,31,3,45,130,19,"00, D9",43.45953,5.33416,Nuit sans éclairage public,Hors agglomération,Hors intersection,Normale,Deux véhicules - frontale,,,,,,,,,,,3,1,1,1,1.0
201600016487,0016-08-01 01:20:00,16,8,1,1,20,130,19,CD6,,,Nuit sans éclairage public,Hors agglomération,Hors intersection,Normale,Sans collision,,,,,,,,,,,3,1,1,1,7.0
201600016488,0016-08-01 10:45:00,16,8,1,10,45,130,117,RABIN ( AVENUE YITZHAK ),,,Plein jour,En agglomération,Intersection en T,Normale,Deux véhicules - côté,,,,,,,,,,,1,2,3,1,3.0
201600016489,0016-08-01 19:30:00,16,8,1,19,30,130,71,"32, VELAUX (CHEMIN)",43.40977,5.35121,Plein jour,En agglomération,Hors intersection,Normale,Trois véhicules et plus - collisions multiples,,,,,,,,,,,1,2,1,1,5.0
201600016490,0016-08-06 11:00:00,16,8,6,11,0,130,71,ROUTE NATIONALE 368 (PLA,,,Plein jour,Hors agglomération,Hors intersection,Normale,Deux véhicules - côté,,,,,,,,,,,1,1,1,1,3.0
201600016491,0016-08-16 17:30:00,16,8,16,17,30,130,117,ROUTE NATIONALE 113-L'AN,,,Plein jour,Hors agglomération,Hors intersection,Normale,Deux véhicules - arrière,,,,,,,,,,,1,1,1,1,2.0
201600016492,0016-08-18 11:00:00,16,8,18,11,0,130,71,COCA COLA (ROND POINT CH,,,Plein jour,En agglomération,Hors intersection,Normale,Sans collision,,,,,,,,,,,1,2,1,1,7.0
201600016493,0016-08-20 16:30:00,16,8,20,16,30,130,19,CD6,,,Plein jour,En agglomération,Hors intersection,Normale,Deux véhicules - côté,,,,,,,,,,,1,2,1,1,3.0
201600016494,0016-08-22 20:15:00,16,8,22,20,15,130,117,CORNICHE (MONTEE DE LA),,,Nuit sans éclairage public,En agglomération,Hors intersection,Normale,Sans collision,,,,,,,,,,,3,2,1,1,7.0
201600016495,0016-08-24 05:45:00,16,8,24,5,45,130,117,COPENHAGUE (RUE DE),,,Crépuscule ou aube,En agglomération,Hors intersection,Normale,Deux véhicules - côté,,,,,,,,,,,2,2,1,1,3.0
201600016496,0016-08-24 17:15:00,16,8,24,17,15,130,19,ROUTE D'APT,43.45097,5.35981,Plein jour,Hors agglomération,Hors intersection,Normale,Trois véhicules et plus - collisions multiples,,,,,,,,,,,1,1,1,1,5.0
201600016497,0016-08-26 23:15:00,16,8,26,23,15,130,117,"1, EUROCOPTER CD 20",,,Nuit sans éclairage public,En agglomération,Hors intersection,Normale,Sans collision,,,,,,,,,,,3,2,1,1,7.0
201600016498,0016-08-27 17:55:00,16,8,27,17,55,130,71,"147, MITTERRAND (AVENUE",,,Plein jour,En agglomération,Hors intersection,Normale,Deux véhicules - arrière,,,,,,,,,,,1,2,1,1,2.0
201600016499,0016-08-29 11:30:00,16,8,29,11,30,130,117,ROUTE NATIONALE 113-L'AN,43.41982,5.27142,Plein jour,Hors agglomération,Hors intersection,Normale,Deux véhicules - arrière,,,,,,,,,,,1,1,1,1,2.0
201600016500,0016-08-30 14:50:00,16,8,30,14,50,130,117,MONNET (AVENUE JEAN),,,Plein jour,En agglomération,Giratoire,Normale,Autre collision,,,,,,,,,,,1,2,6,1,6.0
201600016501,0016-08-30 11:15:00,16,8,30,11,15,130,117,CD 9 ESTROUBLANS,,,Plein jour,Hors agglomération,Hors intersection,Normale,Trois véhicules et plus - en chaîne,,,,,,,,,,,1,1,1,1,4.0
201600016502,0016-08-31 17:00:00,16,8,31,17,0,130,117,POILUS ( ALLEE DES ),,,Plein jour,En agglomération,Intersection en X,Normale,Autre collision,,,,,,,,,,,1,2,2,1,6.0
201600016503,0016-09-07 11:05:00,16,9,7,11,5,130,71,VIEILLE ROUTE DE LA GAVO,,,Plein jour,En agglomération,Hors intersection,Normale,Deux véhicules - côté,,,,,,,,,,,1,2,1,1,3.0
201600016504,0016-09-07 15:05:00,16,9,7,15,5,130,117,ROUTE NATIONALE 113 - CA,43.43173,5.25838,Plein jour,Hors agglomération,Hors intersection,Normale,Autre collision,,,,,,,,,,,1,1,1,1,6.0
201600016505,0016-09-07 17:55:00,16,9,7,17,55,130,117,Départementale 113,,,Plein jour,Hors agglomération,Hors intersection,Normale,Deux véhicules - frontale,,,,,,,,,,,1,1,1,1,1.0
201600016506,0016-09-08 07:40:00,16,9,8,7,40,130,117,ROUTE NATIONALE 113 - CA,43.47494,5.22803,Plein jour,En agglomération,Intersection en Y,Normale,Trois véhicules et plus - en chaîne,,,,,,,,,,,1,2,4,1,4.0
201600016507,0016-09-08 10:30:00,16,9,8,10,30,130,19,D9,,,Plein jour,Hors agglomération,Hors intersection,Normale,Trois véhicules et plus - collisions multiples,,,,,,,,,,,1,1,1,1,5.0
201600016508,0016-09-08 14:45:00,16,9,8,14,45,130,71,RD 543,43.42532,5.36965,Plein jour,Hors agglomération,Hors intersection,Normale,Deux véhicules - frontale,,,,,,,,,,,1,1,1,1,1.0
201600016509,0016-09-09 08:50:00,16,9,9,8,50,130,71,ROUTE NATIONALE 113 - VI,43.41125,5.3125,Plein jour,Hors agglomération,Hors intersection,Normale,Deux véhicules - côté,,,,,,,,,,,1,1,1,1,3.0
201600016510,0016-09-09 14:10:00,16,9,9,14,10,130,117,ROUTE NATIONALE 113-L'AN,43.41839,5.27239,Plein jour,Hors agglomération,Hors intersection,Normale,Deux véhicules - arrière,,,,,,,,,,,1,1,1,1,2.0
201600016511,0016-09-09 18:55:00,16,9,9,18,55,130,117,GLACIERE ( RUE DE LA ),43.42324,5.24108,Plein jour,En agglomération,Intersection en X,Normale,Trois véhicules et plus - collisions multiples,,,,,,,,,,,1,2,2,1,5.0
201600016512,0016-09-09 19:40:00,16,9,9,19,40,130,117,LONDRES (AVENUE DE),,,Crépuscule ou aube,Hors agglomération,Hors intersection,Normale,Deux véhicules - côté,,,,,,,,,,,2,1,1,1,3.0
201600016513,0016-09-10 21:35:00,16,9,10,21,35,130,71,PLAN DE CAMPAGNE (AVE. D,43.41756,5.35941,Nuit avec éclairage allumé,En agglomération,Hors intersection,Normale,Autre collision,,,,,,,,,,,5,2,1,1,6.0
201600016514,0016-09-12 08:00:00,16,9,12,8,0,130,117,"42, ROME  (AVENUE DE)",43.43839,5.24592,Plein jour,En agglomération,Hors intersection,Normale,Deux véhicules - arrière,,,,,,,,,,,1,2,1,1,2.0
201600016515,0016-09-14 09:30:00,16,9,14,9,30,130,117,ROUTE NATIONALE 113-L'AN,43.41857,5.27369,Plein jour,En agglomération,Hors intersection,Normale,Autre collision,,,,,,,,,,,1,2,1,1,6.0
201600016516,0016-09-19 06:30:00,16,9,19,6,30,130,117,LA BASTIDE BLANCHE RN 11,43.42811,5.26949,Crépuscule ou aube,Hors agglomération,Hors intersection,Normale,Trois véhicules et plus - collisions multiples,,,,,,,,,,,2,1,1,1,5.0
201600016517,0016-09-19 16:30:00,16,9,19,16,30,130,71,FERME ( CHEMIN DE LA ),43.40992,5.31144,Plein jour,En agglomération,Hors intersection,Normale,Deux véhicules - frontale,,,,,,,,,,,1,2,1,1,1.0
201600016518,0016-09-20 13:25:00,16,9,20,13,25,130,117,ROUTE DEPARTEMENTALE 20,43.43898,5.23446,Plein jour,Hors agglomération,Hors intersection,Normale,Trois véhicules et plus - en chaîne,,,,,,,,,,,1,1,1,1,4.0
201600016519,0016-09-20 17:00:00,16,9,20,17,0,130,117,PIERRE PLANTEE (ROND POI,43.44616,5.2486,Plein jour,Hors agglomération,Hors intersection,Normale,Autre collision,,,,,,,,,,,1,1,1,1,6.0
201600016520,0016-09-21 14:40:00,16,9,21,14,40,130,117,8 MAI 1945 (AVENUE),43.4237,5.27535,Plein jour,En agglomération,Autre intersection,Normale,Deux véhicules - côté,,,,,,,,,,,1,2,9,1,3.0
201600016521,0016-09-23 18:25:00,16,9,23,18,25,130,117,ROUTE NATIONALE 113 - LA,,,Plein jour,Hors agglomération,Hors intersection,Normale,Autre collision,,,,,,,,,,,1,1,1,1,6.0
201600016522,0016-09-24 15:55:00,16,9,24,15,55,130,71,COLLET ROUGE ( CHEMIN DU,43.41159,5.36091,Plein jour,Hors agglomération,Hors intersection,Normale,Deux véhicules - côté,,,,,,,,,,,1,1,1,1,3.0
201600016523,0016-09-24 16:00:00,16,9,24,16,0,130,71,PAS DE LA MUE ( CHEMIN D,,,Plein jour,En agglomération,Hors intersection,Normale,Deux véhicules - côté,,,,,,,,,,,1,2,1,1,3.0
201600016524,0016-09-24 18:15:00,16,9,24,18,15,130,19,D9,43.45876,5.33259,Plein jour,Hors agglomération,Hors intersection,Normale,Sans collision,,,,,,,,,,,1,1,1,1,7.0
201600016525,0016-09-26 12:50:00,16,9,26,12,50,130,117,STADIUM (CD9*,43.4435,5.29692,Plein jour,Hors agglomération,Hors intersection,Normale,Deux véhicules - côté,,,,,,,,,,,1,1,1,1,3.0
201600016526,0016-09-28 15:30:00,16,9,28,15,30,130,117,"0, CASILE ( BOULEVARD AL",43.44782,5.24265,Plein jour,En agglomération,Hors intersection,Normale,Deux véhicules - arrière,,,,,,,,,,,1,2,1,1,2.0
201600016527,0016-09-30 07:10:00,16,9,30,7,10,130,117,ROUTE NATIONALE 113-L'AN,43.42275,5.26751,Plein jour,Hors agglomération,Hors intersection,Normale,Trois véhicules et plus - en chaîne,,,,,,,,,,,1,1,1,1,4.0
201600016528,0016-09-30 15:15:00,16,9,30,15,15,130,71,GRANDE COLLE ( CHEMIN DE,43.38371,5.34048,Plein jour,Hors agglomération,Hors intersection,Pluie légère,Deux véhicules - côté,,,,,,,,,,,1,1,1,2,3.0
201600016529,0016-09-30 19:20:00,16,9,30,19,20,130,71,VERSAILLES (ROND POINT D,43.40962,5.3255,Crépuscule ou aube,En agglomération,Giratoire,Normale,Deux véhicules - arrière,,,,,,,,,,,2,2,6,1,2.0
201600016530,0016-10-01 14:20:00,16,10,1,14,20,130,19,"0, AVENUE DU PLAN DE CAM",43.41861,5.36119,Plein jour,Hors agglomération,Hors intersection,Normale,Autre collision,,,,,,,,,,,1,1,1,1,6.0
201600016531,0016-10-03 07:00:00,16,10,3,7,0,130,19,D543,43.46145,5.3531,Nuit sans éclairage public,En agglomération,Hors intersection,Normale,Deux véhicules - arrière,,,,,,,,,,,3,2,1,1,2.0
201600016532,0016-10-04 23:35:00,16,10,4,23,35,130,117,"0, CD 9 ESTROUBLANS",43.42471,5.24685,Nuit sans éclairage public,En agglomération,Hors intersection,Normale,Deux véhicules - arrière,,,,,,,,,,,3,2,1,1,2.0
201600016533,0016-10-06 18:50:00,16,10,6,18,50,130,117,CHEMIN DEPARTEMENTAL 9 (,43.4278,5.26774,Crépuscule ou aube,En agglomération,Intersection en Y,Pluie forte,Trois véhicules et plus - en chaîne,,,,,,,,,,,2,2,4,3,4.0
201600016534,0016-10-07 08:15:00,16,10,7,8,15,130,19,"3100, ROUTE DE VIOLESI",43.43922,5.38938,Plein jour,En agglomération,Hors intersection,Brouillard / fumée,Autre collision,,,,,,,,,,,1,2,1,5,6.0