accident_id,datetime,annee,mois,jour,heure,minute,departement,commune_insee,adresse,latitude,longitude,luminosite,agglomeration,intersection,meteo,collision,nb_vehicules,nb_usagers,nb_indemnes,nb_tues,nb_blesses_hosp,nb_blesses_legers,age_cond_1,age_cond_2,veh_type_cond_1,veh_type_cond_2,lum_code,agg_code,int_code,atm_code,col_code
201600016662,0016-12-28 12:30:00,16,12,28,12,30,240,37,POULVERE,44.8048,0.49209,Plein jour,Hors agglomération,Intersection en X,Normale,Deux véhicules - côté,,,,,,,,,,,1,1,2,1,3.0
201600016663,0016-05-13 13:15:00,16,5,13,13,15,680,375,,47.77454,7.22765,Plein jour,Hors agglomération,Giratoire,Pluie légère,Deux véhicules - côté,,,,,,,,,,,1,1,6,2,3.0
201600016664,0016-05-26 16:00:00,16,5,26,16,0,680,375,,47.81544,7.25111,Plein jour,Hors agglomération,Hors intersection,Normale,Deux véhicules - frontale,,,,,,,,,,,1,1,1,1,1.0
201600016665,0016-11-26 15:45:00,16,11,26,15,45,680,321,,47.82957,7.23798,Plein jour,Hors agglomération,Hors intersection,Normale,Deux véhicules - frontale,,,,,,,,,,,1,1,1,1,1.0
201600016666,0016-01-06 18:00:00,16,1,6,18,0,190,73,RUE HENRI DIGNAC,45.409,2.048,Nuit avec éclairage non allumé,En agglomération,Hors intersection,Pluie forte,Autre collision,,,,,,,,,,,4,2,1,3,6.0
201600016667,0016-05-02 12:00:00,16,5,2,12,0,190,85,Av. des papes LIMOUSIN,45.399,2.053,Plein jour,En agglomération,Hors intersection,Normale,Deux véhicules - côté,,,,,,,,,,,1,2,1,1,3.0
201600016668,0016-07-28 17:30:00,16,7,28,17,30,190,123,,45.177,1.621,Plein jour,Hors agglomération,Hors intersection,Normale,Deux véhicules - côté,,,,,,,,,,,1,1,1,1,3.0
201600016669,0016-07-30 18:00:00,16,7,30,18,0,190,227,,45.313,1.675,Plein jour,Hors agglomération,Hors intersection,Normale,Autre collision,,,,,,,,,,,1,1,1,1,6.0
201600016670,0016-09-16 18:45:00,16,9,16,18,45,190,81,,45.351,1.95,Crépuscule ou aube,Hors agglomération,Hors intersection,Pluie forte,Deux véhicules - côté,,,,,,,,,,,2,1,1,3,3.0
201600016671,0016-10-06 21:30:00,16,10,6,21,30,330,452,Ch de Quillot,44.64344,-0.43618,Nuit sans éclairage public,Hors agglomération,Hors intersection,Normale,Autre collision,,,,,,,,,,,3,1,1,1,6.0
201600016672,0016-01-07 11:30:00,16,1,7,11,30,670,512,3 RUE DE L ECOLE,,,Plein jour,En agglomération,Hors intersection,Temps couvert,Sans collision,,,,,,,,,,,1,2,1,8,7.0
201600016673,0016-01-11 18:00:00,16,1,11,18,0,670,388,rue de l'usine,,,Nuit avec éclairage allumé,En agglomération,Hors intersection,Pluie légère,Autre collision,,,,,,,,,,,5,2,1,2,6.0
201600016674,0016-06-09 17:15:00,16,6,9,17,15,670,324,,,,Plein jour,Hors agglomération,Hors intersection,Normale,Autre collision,,,,,,,,,,,1,1,1,1,6.0
201600016675,0016-07-01 11:00:00,16,7,1,11,0,670,388,,,,Plein jour,Hors agglomération,Hors intersection,Normale,Autre collision,,,,,,,,,,,1,1,1,1,6.0
201600016676,0016-07-08 10:30:00,16,7,8,10,30,670,536,8 route d'Obersteinbach,,,Plein jour,En agglomération,Hors intersection,Normale,Sans collision,,,,,,,,,,,1,2,1,1,7.0
201600016677,0016-07-06 19:30:00,16,7,6,19,30,670,388,rue victor hugo,,,Plein jour,En agglomération,Intersection en Y,Normale,Deux véhicules - côté,,,,,,,,,,,1,2,4,1,3.0
201600016678,0016-08-07 17:15:00,16,8,7,17,15,670,324,,,,Plein jour,Hors agglomération,Hors intersection,Normale,Trois véhicules et plus - collisions multiples,,,,,,,,,,,1,1,1,1,5.0
201600016679,0016-09-10 13:15:00,16,9,10,13,15,670,176,,,,Plein jour,Hors agglomération,Hors intersection,Normale,Autre collision,,,,,,,,,,,1,1,1,1,6.0
201600016680,0016-09-18 06:00:00,16,9,18,6,0,670,388,,,,Nuit sans éclairage public,Hors agglomération,Hors intersection,Pluie légère,Autre collision,,,,,,,,,,,3,1,1,2,6.0
201600016681,0016-06-26 03:30:00,16,6,26,3,30,140,648,,49.1172,0.16196,Nuit sans éclairage public,Hors agglomération,Hors intersection,Normale,Autre collision,,,,,,,,,,,3,1,1,1,6.0
201600016682,0016-12-06 11:42:00,16,12,6,11,42,140,301,COLOMBELLES CD Nø 230 (R,49.10968,-0.16588,Plein jour,Hors agglomération,Hors intersection,Normale,Autre collision,,,,,,,,,,,1,1,1,1,6.0
201600016683,0016-01-06 17:44:00,16,1,6,17,44,140,118,"0, ECHANGEUR NØ 4 ( PIER",49.1974,-0.34072,Nuit avec éclairage non allumé,Hors agglomération,Hors intersection,Pluie légère,Sans collision,,,,,,,,,,,4,1,1,2,7.0
201600016684,0016-01-10 14:26:00,16,1,10,14,26,140,118,"0, RESISTANCE (PLACE DE",49.1811,-0.35621,Plein jour,En agglomération,Hors intersection,Normale,Autre collision,,,,,,,,,,,1,2,1,1,6.0
201600016685,0016-01-09 15:45:00,16,1,9,15,45,140,437,ECHANGEUR NØ 01 ( PORTE,49.1722,-0.30694,Plein jour,Hors agglomération,Hors intersection,Normale,Deux véhicules - arrière,,,,,,,,,,,1,1,1,1,2.0
201600016686,0016-01-15 11:00:00,16,1,15,11,0,140,118,"37, CHERON (AVENUE HENRI",49.1731,-0.39379,Plein jour,En agglomération,Intersection en X,Temps couvert,Autre collision,,,,,,,,,,,1,2,2,8,6.0
201600016687,0016-01-19 19:20:00,16,1,19,19,20,140,118,"204, BAYEUX (RUE DE  >=",49.1845,-0.39354,Nuit avec éclairage non allumé,En agglomération,Hors intersection,Normale,Autre collision,,,,,,,,,,,4,2,1,1,6.0
201600016688,0016-02-10 12:05:00,16,2,10,12,5,140,118,"17, LONDE (QUAI DE LA)",49.1835,-0.35424,Plein jour,En agglomération,Intersection en T,Temps éblouissant,Autre collision,,,,,,,,,,,1,2,3,7,6.0
201600016689,0016-02-25 08:00:00,16,2,25,8,0,140,118,"8, PETIT CLOS SAINT MARC",49.211,-0.37318,Plein jour,En agglomération,Hors intersection,Normale,Autre collision,,,,,,,,,,,1,2,1,1,6.0
201600016690,0016-03-08 21:15:00,16,3,8,21,15,140,271,"15, HARCOURT (ROUTE D')",49.1491,-0.37213,Nuit avec éclairage allumé,En agglomération,Hors intersection,Normale,Autre collision,,,,,,,,,,,5,2,1,1,6.0
201600016691,0016-03-06 03:00:00,16,3,6,3,0,140,437,"59, ZOLA (RUE EMILE)",49.173,-0.32251,Nuit avec éclairage allumé,En agglomération,Hors intersection,Pluie légère,Autre collision,,,,,,,,,,,5,2,1,2,6.0
201600016692,0016-03-10 05:10:00,16,3,10,5,10,140,341,ECHANGEUR N°13 (PORTE ES,49.1449,-0.33851,Nuit sans éclairage public,Hors agglomération,Giratoire,Normale,Autre collision,,,,,,,,,,,3,1,6,1,6.0
201600016693,0016-02-16 23:10:00,16,2,16,23,10,140,118,"0, FOSSES SAINT  JULIEN",49.1853,-0.36831,Nuit avec éclairage allumé,En agglomération,Intersection en X,Normale,Autre collision,,,,,,,,,,,5,2,2,1,6.0
201600016694,0016-03-15 18:20:00,16,3,15,18,20,140,118,"50, LEBISEY (RUE DE)",49.1936,-0.35751,Plein jour,En agglomération,Hors intersection,Normale,Deux véhicules - arrière,,,,,,,,,,,1,2,1,1,2.0
201600016695,0016-03-27 05:50:00,16,3,27,5,50,140,118,"27, BERTRAND (BOULEVARD)",49.1804,-0.36864,Nuit avec éclairage allumé,En agglomération,Hors intersection,Normale,Autre collision,,,,,,,,,,,5,2,1,1,6.0
201600016696,0016-03-30 11:38:00,16,3,30,11,38,140,437,"0, RD NØ 513",49.1856,-0.3118,Plein jour,En agglomération,Hors intersection,Normale,Trois véhicules et plus - collisions multiples,,,,,,,,,,,1,2,1,1,5.0
201600016697,0016-03-30 18:25:00,16,3,30,18,25,140,437,"0, RD NØ 613",,,Plein jour,En agglomération,Intersection en X,Pluie forte,Deux véhicules - côté,,,,,,,,,,,1,2,2,3,3.0
201600016698,0016-03-31 07:30:00,16,3,31,7,30,140,181,"0, ECOLES (RUE DES)",49.1578,-0.33643,Crépuscule ou aube,En agglomération,Intersection en X,Pluie légère,Deux véhicules - côté,,,,,,,,,,,2,2,2,2,3.0
201600016699,0016-04-23 11:45:00,16,4,23,11,45,140,118,"95, CHEMIN VERT (RUE DU",49.1936,-0.39447,Plein jour,En agglomération,Hors intersection,Pluie légère,Autre collision,,,,,,,,,,,1,2,1,2,6.0
201600016700,0016-04-18 07:50:00,16,4,18,7,50,140,118,"13, BELLEVUE (RUE DE)",49.1705,-0.39158,Plein jour,En agglomération,Hors intersection,Temps éblouissant,Autre collision,,,,,,,,,,,1,2,1,7,6.0
201600016701,0016-04-28 16:50:00,16,4,28,16,50,140,437,"15, COULOMB (RUE CHARLES",49.1665,-0.31391,Plein jour,En agglomération,Hors intersection,Normale,Autre collision,,,,,,,,,,,1,2,1,1,6.0
201600016702,0016-05-11 17:09:00,16,5,11,17,9,140,137,"0, CAUMONT (ROUTE DE )",49.1839,-0.44727,Plein jour,En agglomération,Hors intersection,Normale,Deux véhicules - côté,,,,,,,,,,,1,2,1,1,3.0
201600016703,0016-05-13 22:10:00,16,5,13,22,10,140,437,PERIPHERIQUE SUD (BD),49.1597,-0.3098,Crépuscule ou aube,Hors agglomération,Hors intersection,Normale,Autre collision,,,,,,,,,,,2,1,1,1,6.0
201600016704,0016-05-14 08:10:00,16,5,14,8,10,140,271,RN814,49.1372,-0.38997,Plein jour,Hors agglomération,Hors intersection,Normale,Autre collision,,,,,,,,,,,1,1,1,1,6.0
201600016705,0016-05-24 14:23:00,16,5,24,14,23,140,118,"58, ALLIES (BOULEVARD DE",49.1844,-0.35799,Plein jour,En agglomération,Hors intersection,Normale,Autre collision,,,,,,,,,,,1,2,1,1,6.0
201600016706,0016-05-25 17:35:00,16,5,25,17,35,140,327,"8, GRANDE DELLE (BOULEVA",49.2069,-0.33797,Plein jour,En agglomération,Hors intersection,Normale,Autre collision,,,,,,,,,,,1,2,1,1,6.0
201600016707,0016-06-03 18:16:00,16,6,3,18,16,140,118,"3, LYAUTEY (BOULEVARD MA",49.1704,-0.35372,Plein jour,En agglomération,Hors intersection,Normale,Deux véhicules - frontale,,,,,,,,,,,1,2,1,1,1.0
201600016708,0016-05-27 23:15:00,16,5,27,23,15,140,118,"80, BASSE (RUE >= 93 IMP",49.1856,-0.35093,Nuit avec éclairage allumé,En agglomération,Hors intersection,Normale,Autre collision,,,,,,,,,,,5,2,1,1,6.0
201600016709,0016-05-31 21:35:00,16,5,31,21,35,140,118,CALIX (VIADUC DE ) CHERB,,,Nuit avec éclairage allumé,Hors agglomération,Hors intersection,Pluie légère,Deux véhicules - arrière,,,,,,,,,,,5,1,1,2,2.0
201600016710,0016-06-23 13:45:00,16,6,23,13,45,140,301,"58, PASTEUR (RUE)",49.176,-0.28064,Plein jour,En agglomération,Hors intersection,Normale,Deux véhicules - frontale,,,,,,,,,,,1,2,1,1,1.0
201600016711,0016-06-29 17:40:00,16,6,29,17,40,140,137,"176, POIRIER (RUE DU )",49.1963,-0.4584,Plein jour,En agglomération,Hors intersection,Normale,Deux véhicules - côté,,,,,,,,,,,1,2,1,1,3.0
201600016712,0016-07-21 18:40:00,16,7,21,18,40,140,118,"139, AUGE (RUE D')",,,Plein jour,En agglomération,Intersection en T,Normale,Autre collision,,,,,,,,,,,1,2,3,1,6.0
201600016713,0016-07-22 19:15:00,16,7,22,19,15,140,118,"47, FALAISE (RUE DE >=14",49.1733,-0.3542,Plein jour,Hors agglomération,Hors intersection,Normale,Trois véhicules et plus - collisions multiples,,,,,,,,,,,1,1,1,1,5.0
201600016714,0016-08-03 19:10:00,16,8,3,19,10,140,118,"12, LAUSANNE (AVENUE DE)",49.1909,-0.36064,Plein jour,En agglomération,Intersection en X,Normale,Deux véhicules - côté,,,,,,,,,,,1,2,2,1,3.0
201600016715,0016-07-29 07:12:00,16,7,29,7,12,140,118,"0, STIRN (PONT ALEXANDRE",49.1802,-0.35008,Plein jour,En agglomération,Giratoire,Temps couvert,Deux véhicules - côté,,,,,,,,,,,1,2,6,8,3.0
201600016716,0016-08-10 17:10:00,16,8,10,17,10,140,118,"0, GUILLOU (BOULEVARD YV",49.1742,-0.37274,Plein jour,En agglomération,Intersection en Y,Normale,Deux véhicules - côté,,,,,,,,,,,1,2,4,1,3.0
201600016717,0016-08-25 19:45:00,16,8,25,19,45,140,327,CD NØ 226 A,49.2141,-0.3293,Plein jour,Hors agglomération,Hors intersection,Normale,Deux véhicules - arrière,,,,,,,,,,,1,1,1,1,2.0
201600016718,0016-09-05 12:10:00,16,9,5,12,10,140,118,"11, MAES (RUE EUGENE)",,,Plein jour,En agglomération,Hors intersection,Normale,Autre collision,,,,,,,,,,,1,2,1,1,6.0
201600016719,0016-09-09 21:55:00,16,9,9,21,55,140,341,FALAISE (ROUTE DE),49.14504,0.3386,Nuit sans éclairage public,Hors agglomération,Giratoire,Normale,Sans collision,,,,,,,,,,,3,1,6,1,7.0
201600016720,0016-09-10 19:50:00,16,9,10,19,50,140,437,MONTALIVET (COURS),49.1822,0.32143,Plein jour,Hors agglomération,Intersection en X,Normale,Deux véhicules - côté,,,,,,,,,,,1,1,2,1,3.0
201600016721,0016-09-11 01:45:00,16,9,11,1,45,140,118,LYAUTEY (BOULEVARD MAREC,49.16817,0.36162,Nuit avec éclairage allumé,En agglomération,Intersection en X,Normale,Deux véhicules - côté,,,,,,,,,,,5,2,2,1,3.0
201600016722,0016-09-11 01:45:00,16,9,11,1,45,140,383,"0, RD 212 B ( RUE FENITO",49.15808,0.37975,Nuit sans éclairage public,Hors agglomération,Hors intersection,Normale,Autre collision,,,,,,,,,,,3,1,1,1,6.0
201600016723,0016-09-20 14:00:00,16,9,20,14,0,140,118,"23, FALAISE (RUE DE  <=9",49.16253,-0.34865,Plein jour,En agglomération,Intersection en X,Normale,Deux véhicules - côté,,,,,,,,,,,1,2,2,1,3.0
201600016724,0016-09-09 14:15:00,16,9,9,14,15,140,327,PERIPHERIQUE (BOULEVARD),49.1207,-0.2138,Plein jour,Hors agglomération,Hors intersection,Normale,Sans collision,,,,,,,,,,,1,1,1,1,7.0
201600016725,0016-10-06 21:05:00,16,10,6,21,5,140,118,RETHEL (BOULEVARD DE),49.1729,-0.33247,Nuit avec éclairage allumé,En agglomération,Hors intersection,Normale,Sans collision,,,,,,,,,,,5,2,1,1,7.0
201600016726,0016-10-08 20:35:00,16,10,8,20,35,140,118,GUILLOU (BOULEVARD YVES),,,Nuit avec éclairage allumé,En agglomération,Intersection en T,Normale,Autre collision,,,,,,,,,,,5,2,3,1,6.0
201600016727,0016-10-12 08:59:00,16,10,12,8,59,140,327,LION CD60 (ROUTE DE),,,Plein jour,En agglomération,Hors intersection,Normale,Autre collision,,,,,,,,,,,1,2,1,1,6.0
201600016728,0016-10-14 16:38:00,16,10,14,16,38,140,118,"00, HAMELIN (QUAI AMIRAL",49.1768,-0.35455,Plein jour,En agglomération,Intersection en X,Normale,Deux véhicules - côté,,,,,,,,,,,1,2,2,1,3.0
201600016729,0016-10-14 18:05:00,16,10,14,18,5,140,242,"0, LEBISEY (RUE DE )",49.2224,-0.36756,Crépuscule ou aube,En agglomération,Intersection en T,Normale,Deux véhicules - côté,,,,,,,,,,,2,2,3,1,3.0
201600016730,0016-10-18 09:15:00,16,10,18,9,15,140,327,"0, HEROUVILLE (BASSIN D'",49.1939,-0.31861,Plein jour,Hors agglomération,Hors intersection,Normale,Autre collision,,,,,,,,,,,1,1,1,1,6.0
201600016731,0016-10-21 20:45:00,16,10,21,20,45,140,301,"00, RD NØ 403",49.1815,-0.29433,Nuit sans éclairage public,Hors agglomération,Hors intersection,Normale,Deux véhicules - arrière,,,,,,,,,,,3,1,1,1,2.0
201600016732,0016-10-22 09:20:00,16,10,22,9,20,140,437,PERIPHERIQUE SUD (BOULEV,49.1456,-0.33964,Plein jour,Hors agglomération,Hors intersection,Normale,Sans collision,,,,,,,,,,,1,1,1,1,7.0
201600016733,0016-11-09 19:30:00,16,11,9,19,30,140,437,"0, EUROPE (AVENUE DE L')",,,Nuit sans éclairage public,En agglomération,Hors intersection,Pluie forte,Autre collision,,,,,,,,,,,3,2,1,3,6.0
201600016734,0016-11-22 13:35:00,16,11,22,13,35,140,118,"85, FALAISE (RUE DE  <=9",49.171,-0.35368,Plein jour,En agglomération,Hors intersection,Normale,Sans collision,,,,,,,,,,,1,2,1,1,7.0
201600016735,0016-11-07 18:40:00,16,11,7,18,40,140,118,"000, AUTHIE (>=NØ 106 PA",49.1926,-0.39357,Nuit avec éclairage non allumé,En agglomération,Hors intersection,Pluie forte,Autre collision,,,,,,,,,,,4,2,1,3,6.0
201600016736,0016-12-06 07:52:00,16,12,6,7,52,140,437,"12, PARIS (ROUTE DE)",,,Nuit sans éclairage public,En agglomération,Giratoire,Normale,Deux véhicules - côté,,,,,,,,,,,3,2,6,1,3.0
201600016737,0016-12-24 23:21:00,16,12,24,23,21,140,101,"71, BRETAGNE (ROUTE DE )",49.16634,0.41411,Nuit avec éclairage allumé,En agglomération,Hors intersection,Normale,Deux véhicules - frontale,,,,,,,,,,,5,2,1,1,1.0
201600016738,0016-12-27 18:05:00,16,12,27,18,5,140,118,"0000, SMITH (RUE HORATIO",,,Nuit avec éclairage allumé,En agglomération,Hors intersection,Normale,Autre collision,,,,,,,,,,,5,2,1,1,6.0
201600016739,0016-01-05 18:45:00,16,1,5,18,45,310,547,,43.50427,1.24828,Nuit sans éclairage public,Hors agglomération,Intersection en X,Normale,Deux véhicules - côté,,,,,,,,,,,3,1,2,1,3.0
201600016740,0016-02-08 17:45:00,16,2,8,17,45,310,454,,,,Crépuscule ou aube,Hors agglomération,Hors intersection,Normale,Deux véhicules - frontale,,,,,,,,,,,2,1,1,1,1.0
201600016741,0016-04-18 18:00:00,16,4,18,18,0,310,454,rte du fousseret,43.38961,1.12879,Plein jour,Hors agglomération,Hors intersection,Normale,Deux véhicules - frontale,,,,,,,,,,,1,1,1,1,1.0
201600016742,0016-05-07 23:00:00,16,5,7,23,0,310,475,INTERSECTION RD 53/RD3,,,Nuit avec éclairage allumé,En agglomération,Intersection en T,Normale,Deux véhicules - côté,,,,,,,,,,,5,2,3,1,3.0
201600016743,0016-01-21 09:10:00,16,1,21,9,10,140,117,GUILLAUME LE CONQUERANT,49.2858,-0.12294,Plein jour,En agglomération,Hors intersection,Normale,Autre collision,,,,,,,,,,,1,2,1,1,6.0
201600016744,0016-02-23 15:20:00,16,2,23,15,20,140,225,GAULLE (RUE DU GAL),49.2849,-0.10796,Plein jour,En agglomération,Hors intersection,Normale,Deux véhicules - côté,,,,,,,,,,,1,2,1,1,3.0
201600016745,0016-04-06 13:50:00,16,4,6,13,50,140,117,DIVETTE (AVENUE DE LA),49.2833,-0.1243,Plein jour,En agglomération,Intersection en X,Normale,Deux véhicules - côté,,,,,,,,,,,1,2,2,1,3.0
201600016746,0016-04-04 10:15:00,16,4,4,10,15,140,225,"2, BRANLY (AVENUE DR)",49.2831,-0.0971,Plein jour,En agglomération,Intersection en X,Normale,Deux véhicules - côté,,,,,,,,,,,1,2,2,1,3.0
201600016747,0016-04-12 09:50:00,16,4,12,9,50,140,117,CAEN (ROUTE DE),49.2754,-0.14969,Plein jour,Hors agglomération,Hors intersection,Normale,Autre collision,,,,,,,,,,,1,1,1,1,6.0
201600016748,0016-06-10 08:20:00,16,6,10,8,20,140,225,LIBERATION (RUE DE LA),49.2875,-0.10591,Plein jour,En agglomération,Giratoire,Normale,Deux véhicules - côté,,,,,,,,,,,1,2,6,1,3.0
201600016749,0016-07-24 21:00:00,16,7,24,21,0,140,338,"0, TROUVILLE (ROUTE DE)",,,Plein jour,Hors agglomération,Hors intersection,Normale,Deux véhicules - arrière,,,,,,,,,,,1,1,1,1,2.0
201600016750,0016-08-05 16:52:00,16,8,5,16,52,140,338,"85, VALLEE (ROUTE DE LA)",,,Plein jour,En agglomération,Hors intersection,Normale,Trois véhicules et plus - collisions multiples,,,,,,,,,,,1,2,1,1,5.0
201600016751,0016-08-13 14:12:00,16,8,13,14,12,140,117,CAEN (ROUTE DE),49.2794,-0.14395,Plein jour,En agglomération,Hors intersection,Normale,Trois véhicules et plus - collisions multiples,,,,,,,,,,,1,2,1,1,5.0
201600016752,0016-08-17 18:55:00,16,8,17,18,55,140,225,"10, GEORGES LANDRY (RUE)",,,Plein jour,En agglomération,Intersection en X,Normale,Deux véhicules - côté,,,,,,,,,,,1,2,2,1,3.0
201600016753,0016-09-27 18:30:00,16,9,27,18,30,140,225,"3, PECHEURS (RUE DES)",,,Plein jour,En agglomération,Intersection en X,Normale,Deux véhicules - frontale,,,,,,,,,,,1,2,2,1,1.0
201600016754,0016-08-07 18:20:00,16,8,7,18,20,140,338,BAINS (RUE DES),49.3018,-0.08134,Plein jour,En agglomération,Hors intersection,Normale,Autre collision,,,,,,,,,,,1,2,1,1,6.0
201600016755,0016-10-06 18:20:00,16,10,6,18,20,140,338,"22, BELGES (BD DES)",,,Plein jour,En agglomération,Hors intersection,Normale,Deux véhicules - côté,,,,,,,,,,,1,2,1,1,3.0
201600016756,0016-10-11 08:50:00,16,10,11,8,50,140,117,"3, GENERAL LECLERC (AVEN",,,Plein jour,En agglomération,Autre intersection,Normale,Deux véhicules - frontale,,,,,,,,,,,1,2,9,1,1.0
201600016757,0016-10-20 20:55:00,16,10,20,20,55,140,225,"24, OCTAVE DODEMAN (RUE)",,,Nuit avec éclairage allumé,En agglomération,Intersection en X,Temps couvert,Deux véhicules - côté,,,,,,,,,,,5,2,2,8,3.0
201600016758,0016-11-09 12:00:00,16,11,9,12,0,140,225,LISIEUX (ROUTE DE),,,Plein jour,Hors agglomération,Hors intersection,Normale,Sans collision,,,,,,,,,,,1,1,1,1,7.0
201600016759,0016-02-06 00:45:00,16,2,6,0,45,300,60,,43.8031,4.39681,Nuit sans éclairage public,Hors agglomération,Hors intersection,Normale,Autre collision,,,,,,,,,,,3,1,1,1,6.0
201600016760,0016-02-13 01:15:00,16,2,13,1,15,300,135,,43.83133,4.57523,Nuit sans éclairage public,Hors agglomération,Hors intersection,Brouillard / fumée,Deux véhicules - frontale,,,,,,,,,,,3,1,1,5,1.0
201600016761,0016-02-25 11:00:00,16,2,25,11,0,300,117,,43.7131,4.60638,Plein jour,Hors agglomération,Hors intersection,Normale,Deux véhicules - frontale,,,,,,,,,,,1,1,1,1,1.0
201600016762,0016-04-04 07:30:00,16,4,4,7,30,300,117,,43.72785,4.5354,Crépuscule ou aube,Hors agglomération,Hors intersection,Normale,Deux véhicules - frontale,,,,,,,,,,,2,1,1,1,1.0
201600016763,0016-04-08 00:30:00,16,4,8,0,30,300,47,,43.78009,4.45329,Nuit sans éclairage public,Hors agglomération,Hors intersection,Normale,Autre collision,,,,,,,,,,,3,1,1,1,6.0
201600016764,0016-05-22 03:45:00,16,5,22,3,45,300,34,,43.74852,4.52061,Nuit sans éclairage public,En agglomération,Hors intersection,Normale,Autre collision,,,,,,,,,,,3,2,1,1,6.0
201600016765,0016-06-04 17:45:00,16,6,4,17,45,300,47,,43.78906,4.43364,Plein jour,Hors agglomération,Giratoire,Normale,Deux véhicules - arrière,,,,,,,,,,,1,1,6,1,2.0
201600016766,0016-07-09 10:15:00,16,7,9,10,15,300,60,,,,Plein jour,Hors agglomération,Hors intersection,Normale,Deux véhicules - côté,,,,,,,,,,,1,1,1,1,3.0
201600016767,0016-09-12 23:15:00,16,9,12,23,15,300,32,,43.82843,4.59114,Nuit sans éclairage public,Hors agglomération,Hors intersection,Normale,Autre collision,,,,,,,,,,,3,1,1,1,6.0
201600016768,0016-09-20 08:00:00,16,9,20,8,0,300,60,,43.79658,4.39229,Plein jour,Hors agglomération,Hors intersection,Normale,Deux véhicules - frontale,,,,,,,,,,,1,1,1,1,1.0
201600016769,0016-11-12 12:30:00,16,11,12,12,30,300,125,,,,Plein jour,Hors agglomération,Hors intersection,Normale,Deux véhicules - côté,,,,,,,,,,,1,1,1,1,3.0
201600016770,0016-11-15 12:15:00,16,11,15,12,15,300,47,CHEMIN DE VAUVERT,43.80449,4.45252,Plein jour,Hors agglomération,Hors intersection,Normale,Deux véhicules - frontale,,,,,,,,,,,1,1,1,1,1.0
201600016771,0016-12-05 18:00:00,16,12,5,18,0,300,34,rue de st gilles,,,Nuit avec éclairage allumé,En agglomération,Hors intersection,Normale,Autre collision,,,,,,,,,,,5,2,1,1,6.0
201600016772,0016-12-09 15:45:00,16,12,9,15,45,300,135,,43.83063,4.58448,Nuit sans éclairage public,Hors agglomération,Hors intersection,Normale,Sans collision,,,,,,,,,,,3,1,1,1,7.0
201600016773,0016-12-24 09:45:00,16,12,24,9,45,300,189,RD42,43.80795,4.37088,Plein jour,En agglomération,Giratoire,Normale,Trois véhicules et plus - en chaîne,,,,,,,,,,,1,2,6,1,4.0
201600016774,0016-06-21 23:30:00,16,6,21,23,30,610,257,,48.5012,-0.38457,Nuit sans éclairage public,En agglomération,Hors intersection,Normale,Autre collision,,,,,,,,,,,3,2,1,1,6.0
201600016775,0016-07-09 16:30:00,16,7,9,16,30,880,487,,47.94008,6.47778,Plein jour,Hors agglomération,Hors intersection,Normale,Deux véhicules - frontale,,,,,,,,,,,1,1,1,1,1.0
201600016776,0016-01-02 16:50:00,16,1,2,16,50,80,218,,49.90352,4.84109,Nuit sans éclairage public,Hors agglomération,Hors intersection,Pluie légère,Deux véhicules - frontale,,,,,,,,,,,3,1,1,2,1.0
201600016777,0016-02-20 19:10:00,16,2,20,19,10,80,328,Rue Chanzy,49.81633,4.74339,Crépuscule ou aube,En agglomération,Hors intersection,Pluie forte,Autre collision,,,,,,,,,,,2,2,1,3,6.0
201600016778,0016-03-11 12:30:00,16,3,11,12,30,80,328,08700,49.83207,4.78732,Plein jour,Hors agglomération,Hors intersection,Normale,Autre collision,,,,,,,,,,,1,1,1,1,6.0
201600016779,0016-06-05 19:30:00,16,6,5,19,30,80,328,131 rue Jean JAURES,49.817,4.75688,Plein jour,En agglomération,Hors intersection,Normale,Autre collision,,,,,,,,,,,1,2,1,1,6.0
201600016780,0016-06-08 11:30:00,16,6,8,11,30,80,328,54 rue Albert POULAIN,49.8176,4.7368,Plein jour,En agglomération,Hors intersection,Normale,Autre collision,,,,,,,,,,,1,2,1,1,6.0
201600016781,0016-06-12 14:15:00,16,6,12,14,15,80,448,,49.94156,4.78316,Plein jour,Hors agglomération,Hors intersection,Normale,Deux véhicules - côté,,,,,,,,,,,1,1,1,1,3.0
201600016782,0016-06-20 15:30:00,16,6,20,15,30,80,328,Rue chanzy,49.81578,4.74315,Plein jour,En agglomération,Hors intersection,Pluie forte,Autre collision,,,,,,,,,,,1,2,1,3,6.0
201600016783,0016-05-28 22:45:00,16,5,28,22,45,80,408,05-07 rue labie,48.86068,4.66161,Nuit avec éclairage allumé,En agglomération,Hors intersection,Normale,Autre collision,,,,,,,,,,,5,2,1,1,6.0
201600016784,0016-06-14 06:00:00,16,6,14,6,0,80,58,,49.77278,4.65318,Crépuscule ou aube,Hors agglomération,Hors intersection,Pluie forte,Autre collision,,,,,,,,,,,2,1,1,3,6.0
201600016785,0016-10-13 08:15:00,16,10,13,8,15,80,449,,49.71454,4.48596,Plein jour,Hors agglomération,Hors intersection,Normale,Deux véhicules - frontale,,,,,,,,,,,1,1,1,1,1.0
201600016786,0016-10-26 08:00:00,16,10,26,8,0,80,361,,49.82895,4.60266,Plein jour,Hors agglomération,Hors intersection,Normale,Autre collision,,,,,,,,,,,1,1,1,1,6.0