accident_id,datetime,annee,mois,jour,heure,minute,departement,commune_insee,adresse,latitude,longitude,luminosite,agglomeration,intersection,meteo,collision,nb_vehicules,nb_usagers,nb_indemnes,nb_tues,nb_blesses_hosp,nb_blesses_legers,age_cond_1,age_cond_2,veh_type_cond_1,veh_type_cond_2,lum_code,agg_code,int_code,atm_code,col_code
201600016787,0016-12-03 15:00:00,16,12,3,15,0,80,212,08150,,,Plein jour,Hors agglomération,Hors intersection,Temps éblouissant,Autre collision,,,,,,,,,,,1,1,1,7,6.0
201600016788,0016-05-05 06:15:00,16,5,5,6,15,80,451,rue des sources,,,Plein jour,En agglomération,Hors intersection,Normale,Autre collision,,,,,,,,,,,1,2,1,1,6.0
201600016789,0016-09-25 16:45:00,16,9,25,16,45,80,84,,49.43141,4.04681,Plein jour,Hors agglomération,Hors intersection,Pluie légère,Deux véhicules - frontale,,,,,,,,,,,1,1,1,2,1.0
201600016790,0016-10-20 17:00:00,16,10,20,17,0,80,84,,49.43034,4.06394,Plein jour,Hors agglomération,Hors intersection,Normale,Deux véhicules - frontale,,,,,,,,,,,1,1,1,1,1.0
201600016791,0016-10-30 15:00:00,16,10,30,15,0,80,4,,49.48007,4.1546,Plein jour,Hors agglomération,Hors intersection,Normale,Deux véhicules - côté,,,,,,,,,,,1,1,1,1,3.0
201600016792,0016-12-20 10:45:00,16,12,20,10,45,80,356,,,,Plein jour,Hors agglomération,Hors intersection,Normale,Autre collision,,,,,,,,,,,1,1,1,1,6.0
201600016793,0016-05-25 18:00:00,16,5,25,18,0,80,324,,49.62774,4.5247,Plein jour,Hors agglomération,Intersection en X,Normale,Deux véhicules - côté,,,,,,,,,,,1,1,2,1,3.0
201600016794,0016-09-14 08:30:00,16,9,14,8,30,80,222,,50.0044,4.6927,Plein jour,Hors agglomération,Passage à niveau,Normale,Deux véhicules - frontale,,,,,,,,,,,1,1,8,1,1.0
201600016795,0016-10-18 19:00:00,16,10,18,19,0,80,363,RUE PAUL BERT,49.94175,4.64125,Nuit avec éclairage allumé,En agglomération,Hors intersection,Pluie légère,Autre collision,,,,,,,,,,,5,2,1,2,6.0
201600016796,0016-11-21 15:15:00,16,11,21,15,15,80,190,place de la république,50.13474,4.82909,Plein jour,En agglomération,Hors intersection,Normale,Autre collision,,,,,,,,,,,1,2,1,1,6.0
201600016797,0016-02-25 21:45:00,16,2,25,21,45,80,373,Place Nicolas Lacaille,49.80751,4.26855,Nuit avec éclairage allumé,En agglomération,Hors intersection,Normale,Autre collision,,,,,,,,,,,5,2,1,1,6.0
201600016798,0016-04-23 05:30:00,16,4,23,5,30,80,318,,49.93865,4.2227,Crépuscule ou aube,Hors agglomération,Hors intersection,Normale,Autre collision,,,,,,,,,,,2,1,1,1,6.0
201600016799,0016-07-21 13:00:00,16,7,21,13,0,80,37,5 rue de la  forge,,,Plein jour,En agglomération,Hors intersection,Normale,Autre collision,,,,,,,,,,,1,2,1,1,6.0
201600016800,0016-09-04 12:30:00,16,9,4,12,30,80,284,,,,Plein jour,Hors agglomération,Hors intersection,Pluie forte,Autre collision,,,,,,,,,,,1,1,1,3,6.0
201600016801,0016-10-08 16:00:00,16,10,8,16,0,80,156,,49.89306,4.40168,Plein jour,Hors agglomération,Hors intersection,Temps éblouissant,Trois véhicules et plus - collisions multiples,,,,,,,,,,,1,1,1,7,5.0
201600016802,0016-11-25 13:00:00,16,11,25,13,0,80,367,,49.90291,4.51728,Plein jour,Hors agglomération,Autre intersection,Temps couvert,Deux véhicules - côté,,,,,,,,,,,1,1,9,8,3.0
201600016803,0016-02-03 12:00:00,16,2,3,12,0,80,90,,49.62921,5.16269,Plein jour,En agglomération,Hors intersection,Temps couvert,Deux véhicules - arrière,,,,,,,,,,,1,2,1,8,2.0
201600016804,0016-02-07 12:00:00,16,2,7,12,0,80,67,avenue de la Croisette,49.62382,5.18803,Plein jour,En agglomération,Hors intersection,Normale,Autre collision,,,,,,,,,,,1,2,1,1,6.0
201600016805,0016-03-20 13:30:00,16,3,20,13,30,80,311,08210,,,Plein jour,Hors agglomération,Hors intersection,Normale,Autre collision,,,,,,,,,,,1,1,1,1,6.0
201600016806,0016-03-31 15:30:00,16,3,31,15,30,80,276,10 avenue de la gare,,,Plein jour,En agglomération,Hors intersection,Pluie légère,Autre collision,,,,,,,,,,,1,2,1,2,6.0
201600016807,0016-04-24 18:15:00,16,4,24,18,15,80,153,,,,Plein jour,Hors agglomération,Hors intersection,Neige / grêle,Deux véhicules - frontale,,,,,,,,,,,1,1,1,4,1.0
201600016808,0016-05-06 18:15:00,16,5,6,18,15,80,267,,,,Plein jour,Hors agglomération,Hors intersection,Normale,Autre collision,,,,,,,,,,,1,1,1,1,6.0
201600016809,0016-06-05 13:30:00,16,6,5,13,30,80,145,,,,Plein jour,Hors agglomération,Hors intersection,Normale,Autre collision,,,,,,,,,,,1,1,1,1,6.0
201600016810,0016-06-22 13:45:00,16,6,22,13,45,80,343,,49.67565,5.06928,Plein jour,Hors agglomération,Intersection en X,Normale,Deux véhicules - arrière,,,,,,,,,,,1,1,2,1,2.0
201600016811,0016-07-04 23:45:00,16,7,4,23,45,80,53,av derniere cartouche,49.68443,4.97188,Nuit avec éclairage allumé,En agglomération,Hors intersection,Normale,Sans collision,,,,,,,,,,,5,2,1,1,7.0
201600016812,0016-07-07 14:00:00,16,7,7,14,0,80,311,,,,Plein jour,Hors agglomération,Hors intersection,Normale,Sans collision,,,,,,,,,,,1,1,1,1,7.0
201600016813,0016-09-02 19:45:00,16,9,2,19,45,80,289,21 route de Messempré,49.67691,5.16002,Plein jour,En agglomération,Hors intersection,Normale,Deux véhicules - côté,,,,,,,,,,,1,2,1,1,3.0
201600016814,0016-10-05 17:45:00,16,10,5,17,45,80,466,,49.61834,5.13118,Plein jour,Hors agglomération,Hors intersection,Normale,Sans collision,,,,,,,,,,,1,1,1,1,7.0
201600016815,0016-10-09 11:00:00,16,10,9,11,0,80,336,,49.65781,5.14057,Plein jour,Hors agglomération,Hors intersection,Normale,Deux véhicules - côté,,,,,,,,,,,1,1,1,1,3.0
201600016816,0016-10-11 08:00:00,16,10,11,8,0,80,55,,49.52444,5.07925,Plein jour,Hors agglomération,Hors intersection,Normale,Deux véhicules - côté,,,,,,,,,,,1,1,1,1,3.0
201600016817,0016-11-09 20:45:00,16,11,9,20,45,80,349,D 17,49.67731,5.16434,Nuit avec éclairage allumé,En agglomération,Giratoire,Pluie légère,Autre collision,,,,,,,,,,,5,2,6,2,6.0
201600016818,0016-11-16 08:00:00,16,11,16,8,0,80,90,10 rue Vauban,49.63298,5.17272,Crépuscule ou aube,En agglomération,Hors intersection,Pluie légère,Autre collision,,,,,,,,,,,2,2,1,2,6.0
201600016819,0016-02-16 18:30:00,16,2,16,18,30,80,191,rue des sabottiers,49.72069,4.98908,Nuit avec éclairage allumé,En agglomération,Hors intersection,Normale,Deux véhicules - côté,,,,,,,,,,,5,2,1,1,3.0
201600016820,0016-04-16 13:30:00,16,4,16,13,30,80,115,Rue de la côte,49.60259,4.86976,Plein jour,En agglomération,Hors intersection,Temps couvert,Deux véhicules - côté,,,,,,,,,,,1,2,1,8,3.0
201600016821,0016-04-27 21:45:00,16,4,27,21,45,80,488,,,,Nuit sans éclairage public,Hors agglomération,Hors intersection,Pluie légère,Sans collision,,,,,,,,,,,3,1,1,2,7.0
201600016822,0016-08-05 00:15:00,16,8,5,0,15,80,72,,49.74595,4.87578,Nuit sans éclairage public,Hors agglomération,Hors intersection,Normale,Autre collision,,,,,,,,,,,3,1,1,1,6.0
201600016823,0016-08-13 16:30:00,16,8,13,16,30,80,491,rue J. Jacques Rousseau,,,Plein jour,En agglomération,Hors intersection,Normale,Autre collision,,,,,,,,,,,1,2,1,1,6.0
201600016824,0016-08-22 19:30:00,16,8,22,19,30,80,235,,49.7619,4.82889,Plein jour,Hors agglomération,Hors intersection,Temps éblouissant,Deux véhicules - frontale,,,,,,,,,,,1,1,1,7,1.0
201600016825,0016-10-22 16:00:00,16,10,22,16,0,80,142,,49.73624,4.88947,Plein jour,Hors agglomération,Hors intersection,Temps couvert,Deux véhicules - côté,,,,,,,,,,,1,1,1,8,3.0
201600016826,0016-10-22 16:45:00,16,10,22,16,45,80,488,chemin de sugny,,,Plein jour,En agglomération,Hors intersection,Normale,Deux véhicules - frontale,,,,,,,,,,,1,2,1,1,1.0
201600016827,0016-11-01 05:30:00,16,11,1,5,30,80,79,,49.67312,4.77162,Nuit sans éclairage public,Hors agglomération,Hors intersection,Brouillard / fumée,Autre collision,,,,,,,,,,,3,1,1,5,6.0
201600016828,0016-04-22 23:15:00,16,4,22,23,15,80,406,,,,Nuit sans éclairage public,Hors agglomération,Hors intersection,Pluie légère,Autre collision,,,,,,,,,,,3,1,1,2,6.0
201600016829,0016-05-23 17:00:00,16,5,23,17,0,80,490,Rue Chanzy,,,Plein jour,En agglomération,Hors intersection,Normale,Deux véhicules - arrière,,,,,,,,,,,1,2,1,1,2.0
201600016830,0016-06-09 08:15:00,16,6,9,8,15,80,455,,49.39093,4.59081,Plein jour,Hors agglomération,Hors intersection,Normale,Deux véhicules - arrière,,,,,,,,,,,1,1,1,1,2.0
201600016831,0016-08-03 15:15:00,16,8,3,15,15,80,151,,49.53934,4.61243,Plein jour,Hors agglomération,Hors intersection,Normale,Trois véhicules et plus - collisions multiples,,,,,,,,,,,1,1,1,1,5.0
201600016832,0016-12-01 21:00:00,16,12,1,21,0,80,296,08250,,,Nuit sans éclairage public,Hors agglomération,Hors intersection,Brouillard / fumée,Sans collision,,,,,,,,,,,3,1,1,5,7.0
201600016833,0016-12-03 17:00:00,16,12,3,17,0,80,296,,,,Plein jour,Hors agglomération,Intersection en X,Normale,Deux véhicules - côté,,,,,,,,,,,1,1,2,1,3.0
201600016834,0016-12-06 18:45:00,16,12,6,18,45,80,390,,,,Nuit sans éclairage public,Hors agglomération,Hors intersection,Normale,Trois véhicules et plus - collisions multiples,,,,,,,,,,,3,1,1,1,5.0
201600016835,0016-12-29 17:30:00,16,12,29,17,30,80,490,,,,Nuit sans éclairage public,Hors agglomération,Hors intersection,Normale,Deux véhicules - frontale,,,,,,,,,,,3,1,1,1,1.0
201600016836,0016-02-13 19:00:00,16,2,13,19,0,80,171,,49.3153,4.96815,Nuit sans éclairage public,Hors agglomération,Hors intersection,Pluie forte,Autre collision,,,,,,,,,,,3,1,1,3,6.0
201600016837,0016-03-21 09:45:00,16,3,21,9,45,80,383,08250,49.33167,4.95354,Plein jour,Hors agglomération,Hors intersection,Normale,Autre collision,,,,,,,,,,,1,1,1,1,6.0
201600016838,0016-03-21 11:00:00,16,3,21,11,0,80,198,08250,49.32172,4.84577,Plein jour,Hors agglomération,Autre intersection,Normale,Autre collision,,,,,,,,,,,1,1,9,1,6.0
201600016839,0016-09-25 15:45:00,16,9,25,15,45,520,93,,47.81876,5.40788,Plein jour,Hors agglomération,Hors intersection,Normale,Sans collision,,,,,,,,,,,1,1,1,1,7.0
201600016840,0016-09-21 21:15:00,16,9,21,21,15,520,93,1 RUE DE LANGRES,47.8076,5.423,Nuit avec éclairage allumé,En agglomération,Hors intersection,Normale,Deux véhicules - arrière,,,,,,,,,,,5,2,1,1,2.0
201600016841,0016-01-04 21:15:00,16,1,4,21,15,140,333,"26, MONTPENSIER (RUE)",,,Nuit avec éclairage allumé,En agglomération,Hors intersection,Normale,Autre collision,,,,,,,,,,,5,2,1,1,6.0
201600016842,0016-01-23 15:50:00,16,1,23,15,50,140,333,", MANUEL (COURS ALBERT)",49.4164,0.23034,Plein jour,En agglomération,Intersection en T,Temps éblouissant,Deux véhicules - côté,,,,,,,,,,,1,2,3,7,3.0
201600016843,0016-03-06 16:40:00,16,3,6,16,40,140,243,CD 579,,,Plein jour,Hors agglomération,Intersection en Y,Normale,Deux véhicules - côté,,,,,,,,,,,1,1,4,1,3.0
201600016844,0016-03-28 15:13:00,16,3,28,15,13,140,333,D513,49.42,0.20467,Plein jour,En agglomération,Hors intersection,Normale,Deux véhicules - frontale,,,,,,,,,,,1,2,1,1,1.0
201600016845,0016-04-04 09:05:00,16,4,4,9,5,140,536,MONTSAINT (CHARRIERE),,,Plein jour,Hors agglomération,Intersection en X,Normale,Deux véhicules - arrière,,,,,,,,,,,1,1,2,1,2.0
201600016846,0016-04-08 21:15:00,16,4,8,21,15,140,333,DUPONT  GRAVE (AVENUE),,,Nuit avec éclairage allumé,Hors agglomération,Intersection en X,Normale,Autre collision,,,,,,,,,,,5,1,2,1,6.0
201600016847,0016-06-07 16:25:00,16,6,7,16,25,140,536,"3, GENNEVILLE (ROUTE DE)",49.4068,0.27354,Plein jour,En agglomération,Intersection en Y,Normale,Deux véhicules - frontale,,,,,,,,,,,1,2,4,1,1.0
201600016848,0016-06-26 19:46:00,16,6,26,19,46,140,333,HAUTS BORDS (AVENUE DES),49.3995,0.24183,Plein jour,Hors agglomération,Hors intersection,Normale,Autre collision,,,,,,,,,,,1,1,1,1,6.0
201600016849,0016-08-06 13:45:00,16,8,6,13,45,140,333,CD513,49.4172,0.19263,Plein jour,Hors agglomération,Hors intersection,Normale,Deux véhicules - côté,,,,,,,,,,,1,1,1,1,3.0
201600016850,0016-08-17 17:15:00,16,8,17,17,15,140,333,"42, CHAUSSEE (RUE DE LA)",49.4186,0.23351,Plein jour,En agglomération,Hors intersection,Normale,Deux véhicules - arrière,,,,,,,,,,,1,2,1,1,2.0
201600016851,0016-08-27 12:04:00,16,8,27,12,4,140,333,"76, SAINT LEONARD (RUE)",49.4173,0.23923,Plein jour,En agglomération,Hors intersection,Normale,Deux véhicules - arrière,,,,,,,,,,,1,2,1,1,2.0
201600016852,0016-08-31 14:45:00,16,8,31,14,45,140,333,"20, SAINT LEONARD (CHARR",49.4171,0.23741,Plein jour,En agglomération,Hors intersection,Normale,Autre collision,,,,,,,,,,,1,2,1,1,6.0
201600016853,0016-09-03 16:00:00,16,9,3,16,0,140,536,QUATRE FRANCS (CARREFOUR,,,Plein jour,En agglomération,Hors intersection,Normale,Deux véhicules - côté,,,,,,,,,,,1,2,1,1,3.0
201600016854,0016-09-15 16:00:00,16,9,15,16,0,140,333,CD513,,,Plein jour,Hors agglomération,Hors intersection,Normale,Deux véhicules - côté,,,,,,,,,,,1,1,1,1,3.0
201600016855,0016-09-17 18:55:00,16,9,17,18,55,140,333,"7, REVEL (RUE JEAN)",,,Crépuscule ou aube,En agglomération,Intersection en T,Normale,Deux véhicules - côté,,,,,,,,,,,2,2,3,1,3.0
201600016856,0016-09-19 17:45:00,16,9,19,17,45,140,333,DUCHESNE (AVENUE DU PRES,,,Plein jour,Hors agglomération,Hors intersection,Normale,Deux véhicules - arrière,,,,,,,,,,,1,1,1,1,2.0
201600016857,0016-10-06 15:45:00,16,10,6,15,45,140,333,"2348, CD513",49.4182,0.19528,Plein jour,Hors agglomération,Hors intersection,Normale,Sans collision,,,,,,,,,,,1,1,1,1,7.0
201600016858,0016-10-25 18:55:00,16,10,25,18,55,140,333,"23, LOGETTES (RUE DES)",49.4211,0.23308,Nuit avec éclairage allumé,En agglomération,Place,Normale,Sans collision,,,,,,,,,,,5,2,7,1,7.0
201600016859,0016-12-01 07:55:00,16,12,1,7,55,140,333,LEPLAY (RUE FREDERIC),,,Crépuscule ou aube,En agglomération,Hors intersection,Normale,Autre collision,,,,,,,,,,,2,2,1,1,6.0
201600016860,0016-12-07 08:15:00,16,12,7,8,15,140,333,CD 579,,,Plein jour,Hors agglomération,Giratoire,Normale,Autre collision,,,,,,,,,,,1,1,6,1,6.0
201600016861,0016-12-14 10:45:00,16,12,14,10,45,140,333,"32, RENOUF (RUE EMILE)",,,Plein jour,En agglomération,Hors intersection,Normale,Deux véhicules - frontale,,,,,,,,,,,1,2,1,1,1.0
201600016862,0016-12-16 16:10:00,16,12,16,16,10,140,536,QUATRE FRANCS (RUE DES),,,Plein jour,En agglomération,Giratoire,Normale,Deux véhicules - arrière,,,,,,,,,,,1,2,6,1,2.0
201600016863,0016-12-17 22:00:00,16,12,17,22,0,140,243,CD 579,,,Nuit sans éclairage public,Hors agglomération,Hors intersection,Brouillard / fumée,Autre collision,,,,,,,,,,,3,1,1,5,6.0
201600016864,0016-12-28 19:35:00,16,12,28,19,35,140,333,GONNEVILLE (CHEMIN DE),,,Nuit avec éclairage allumé,En agglomération,Hors intersection,Autre,Autre collision,,,,,,,,,,,5,2,1,9,6.0
201600016865,0016-01-14 18:45:00,16,1,14,18,45,520,550,,48.50059,4.96056,Nuit sans éclairage public,Hors agglomération,Hors intersection,Neige / grêle,Sans collision,,,,,,,,,,,3,1,1,4,7.0
201600016866,0016-09-21 11:15:00,16,9,21,11,15,480,27,D 901,,,Plein jour,En agglomération,Hors intersection,Normale,Deux véhicules - côté,,,,,,,,,,,1,2,1,1,3.0
201600016867,0016-11-03 17:45:00,16,11,3,17,45,480,189,,,,Plein jour,Hors agglomération,Intersection en X,Normale,Deux véhicules - arrière,,,,,,,,,,,1,1,2,1,2.0
201600016868,0016-08-15 03:15:00,16,8,15,3,15,480,80,,,,Nuit sans éclairage public,Hors agglomération,Hors intersection,Normale,Autre collision,,,,,,,,,,,3,1,1,1,6.0
201600016869,0016-04-04 08:30:00,16,4,4,8,30,480,75,,,,Plein jour,Hors agglomération,Hors intersection,Pluie légère,Deux véhicules - côté,,,,,,,,,,,1,1,1,2,3.0
201600016870,0016-06-26 15:00:00,16,6,26,15,0,480,172,,,,Plein jour,Hors agglomération,Hors intersection,Temps éblouissant,Autre collision,,,,,,,,,,,1,1,1,7,6.0
201600016871,0016-11-13 10:45:00,16,11,13,10,45,480,116,,44.38523,3.82151,Plein jour,Hors agglomération,Hors intersection,Normale,Sans collision,,,,,,,,,,,1,1,1,1,7.0
201600016872,0016-09-19 16:45:00,16,9,19,16,45,480,144,,,,Plein jour,Hors agglomération,Hors intersection,Normale,Autre collision,,,,,,,,,,,1,1,1,1,6.0
201600016873,0016-10-25 11:00:00,16,10,25,11,0,480,19,cd 983,,,Plein jour,En agglomération,Hors intersection,Normale,Autre collision,,,,,,,,,,,1,2,1,1,6.0
201600016874,0016-07-20 11:50:00,16,7,20,11,50,480,154,,,,Plein jour,Hors agglomération,Hors intersection,Normale,Deux véhicules - côté,,,,,,,,,,,1,1,1,1,3.0
201600016875,0016-04-28 15:45:00,16,4,28,15,45,480,99,,,,Plein jour,Hors agglomération,Hors intersection,Normale,Deux véhicules - frontale,,,,,,,,,,,1,1,1,1,1.0
201600016876,0016-05-18 13:00:00,16,5,18,13,0,480,34,,,,Plein jour,Hors agglomération,Hors intersection,Normale,Deux véhicules - côté,,,,,,,,,,,1,1,1,1,3.0
201600016877,0016-05-14 10:30:00,16,5,14,10,30,480,187,,,,Plein jour,Hors agglomération,Intersection en X,Normale,Deux véhicules - frontale,,,,,,,,,,,1,1,2,1,1.0
201600016878,0016-08-09 19:15:00,16,8,9,19,15,480,128,,44.778,3.325,Plein jour,Hors agglomération,Hors intersection,Pluie forte,Autre collision,,,,,,,,,,,1,1,1,3,6.0
201600016879,0016-09-21 17:15:00,16,9,21,17,15,480,140,,44.816,3.292,Plein jour,Hors agglomération,Hors intersection,Normale,Autre collision,,,,,,,,,,,1,1,1,1,6.0
201600016880,0016-01-07 02:15:00,16,1,7,2,15,370,25,LIEUDIT PRES BAYARD,,,Nuit sans éclairage public,Hors agglomération,Hors intersection,Pluie légère,Autre collision,,,,,,,,,,,3,1,1,2,6.0
201600016881,0016-05-12 13:00:00,16,5,12,13,0,370,50,RUE DE  LA PLAINE,,,Plein jour,En agglomération,Hors intersection,Normale,Deux véhicules - côté,,,,,,,,,,,1,2,1,1,3.0
201600016882,0016-09-12 18:30:00,16,9,12,18,30,370,50,RUE  BAD CAMBERG,,,Plein jour,En agglomération,Hors intersection,Normale,Autre collision,,,,,,,,,,,1,2,1,1,6.0
201600016883,0016-10-23 21:30:00,16,10,23,21,30,370,99,D751,47.30412,0.55881,Nuit sans éclairage public,Hors agglomération,Hors intersection,Brouillard / fumée,Sans collision,,,,,,,,,,,3,1,1,5,7.0
201600016884,0016-10-20 20:40:00,16,10,20,20,40,370,18,48 ROUTE DES VALLEES,47.36091,0.61552,Nuit avec éclairage allumé,Hors agglomération,Hors intersection,Normale,Autre collision,,,,,,,,,,,5,1,1,1,6.0
201600016885,0016-11-10 16:05:00,16,11,10,16,5,370,18,ROUTE DES VALLEES,47.36695,0.63739,Plein jour,Hors agglomération,Hors intersection,Pluie légère,Deux véhicules - arrière,,,,,,,,,,,1,1,1,2,2.0
201600016886,0016-12-01 05:00:00,16,12,1,5,0,370,50,AV GRAND SUD CASTORAMA,47.33433,0.70548,Nuit sans éclairage public,En agglomération,Giratoire,Normale,Sans collision,,,,,,,,,,,3,2,6,1,7.0
201600016887,0016-04-24 12:05:00,16,4,24,12,5,370,41,BEL AIR RUE DE LA MAIRIE,,,Plein jour,En agglomération,Hors intersection,Normale,Deux véhicules - côté,,,,,,,,,,,1,2,1,1,3.0
201600016888,0016-10-21 07:20:00,16,10,21,7,20,370,47,LIEU DIT LES OEUFS DURS,47.51594,0.69417,Nuit sans éclairage public,Hors agglomération,Intersection en X,Normale,Trois véhicules et plus - collisions multiples,,,,,,,,,,,3,1,2,1,5.0
201600016889,0016-10-26 12:35:00,16,10,26,12,35,370,152,RUE DE LA BUHARDIERE,47.45057,0.66598,Plein jour,Hors agglomération,Intersection en X,Normale,Deux véhicules - côté,,,,,,,,,,,1,1,2,1,3.0
201600016890,0016-10-28 19:25:00,16,10,28,19,25,370,21,rue du 8 mai 1945,47.57054,0.66556,Nuit avec éclairage allumé,En agglomération,Intersection en X,Normale,Deux véhicules - frontale,,,,,,,,,,,5,2,2,1,1.0
201600016891,0016-10-31 12:00:00,16,10,31,12,0,370,47,LIEU DIT LES OEUFS DURS,47.51594,0.69417,Plein jour,Hors agglomération,Intersection en X,Normale,Deux véhicules - frontale,,,,,,,,,,,1,1,2,1,1.0
201600016892,0016-11-30 21:20:00,16,11,30,21,20,370,149,LA MORINERIE,47.63715,0.6908,Nuit sans éclairage public,Hors agglomération,Hors intersection,Normale,Autre collision,,,,,,,,,,,3,1,1,1,6.0
201600016893,0016-12-06 09:15:00,16,12,6,9,15,370,167,LA CHAPONNERIE,47.54042,0.5806,Plein jour,Hors agglomération,Hors intersection,Normale,Autre collision,,,,,,,,,,,1,1,1,1,6.0
201600016894,0016-12-11 17:33:00,16,12,11,17,33,370,152,ROUTE DE ROUZIER,47.44059,0.67573,Nuit sans éclairage public,Hors agglomération,Hors intersection,Brouillard / fumée,Sans collision,,,,,,,,,,,3,1,1,5,7.0
201600016895,0016-12-24 13:15:00,16,12,24,13,15,370,231,FORGE,47.57402,0.49926,Plein jour,Hors agglomération,Hors intersection,Normale,Deux véhicules - côté,,,,,,,,,,,1,1,1,1,3.0
201600016896,0016-10-25 17:20:00,16,10,25,17,20,370,84,,47.53491,0.36014,Plein jour,Hors agglomération,Hors intersection,Pluie légère,Autre collision,,,,,,,,,,,1,1,1,2,6.0
201600016897,0016-11-08 10:05:00,16,11,8,10,5,370,109,RUE CHANOINE CARLOTI,47.39858,0.59559,Plein jour,En agglomération,Hors intersection,Normale,Sans collision,,,,,,,,,,,1,2,1,1,7.0
201600016898,0016-11-11 10:30:00,16,11,11,10,30,370,182,,47.43708,0.52373,Plein jour,Hors agglomération,Hors intersection,Normale,Autre collision,,,,,,,,,,,1,1,1,1,6.0
201600016899,0016-12-08 07:50:00,16,12,8,7,50,370,109,RD 367 / rue de la limou,47.41541,0.6172,Plein jour,Hors agglomération,Intersection en X,Normale,Deux véhicules - côté,,,,,,,,,,,1,1,2,1,3.0
201600016900,0016-12-15 08:15:00,16,12,15,8,15,370,109,QUAI DE LA GUIGNIERE,47.39212,0.64303,Plein jour,En agglomération,Hors intersection,Normale,Autre collision,,,,,,,,,,,1,2,1,1,6.0
201600016901,0016-12-16 16:40:00,16,12,16,16,40,370,109,MALITOURNE,47.40302,0.60355,Plein jour,Hors agglomération,Hors intersection,Normale,Autre collision,,,,,,,,,,,1,1,1,1,6.0
201600016902,0016-12-23 18:30:00,16,12,23,18,30,370,251,,47.51287,0.38027,Nuit sans éclairage public,Hors agglomération,Hors intersection,Normale,Deux véhicules - côté,,,,,,,,,,,3,1,1,1,3.0
201600016903,0016-04-11 14:45:00,16,4,11,14,45,370,156,Passage à niveau 224,,,Plein jour,En agglomération,Passage à niveau,Normale,Deux véhicules - côté,,,,,,,,,,,1,2,8,1,3.0
201600016904,0016-06-16 17:45:00,16,6,16,17,45,370,91,,,,Plein jour,Hors agglomération,Hors intersection,Normale,Deux véhicules - côté,,,,,,,,,,,1,1,1,1,3.0
201600016905,0016-10-07 21:30:00,16,10,7,21,30,370,156,,47.37879,0.84299,Nuit sans éclairage public,Hors agglomération,Hors intersection,Normale,Deux véhicules - côté,,,,,,,,,,,3,1,1,1,3.0
201600016906,0016-10-29 19:40:00,16,10,29,19,40,370,156,Intersection avenue Gabr,47.38548,0.83048,Nuit avec éclairage allumé,En agglomération,Giratoire,Normale,Deux véhicules - côté,,,,,,,,,,,5,2,6,1,3.0
201600016907,0016-11-16 19:25:00,16,11,16,19,25,370,100,RUE DES ROSIERS,47.27909,1.10931,Nuit avec éclairage allumé,En agglomération,Hors intersection,Pluie forte,Autre collision,,,,,,,,,,,5,2,1,3,6.0
201600016908,0016-11-19 10:40:00,16,11,19,10,40,370,96,,47.3464,0.94306,Plein jour,Hors agglomération,Intersection en T,Normale,Deux véhicules - côté,,,,,,,,,,,1,1,3,1,3.0
201600016909,0016-12-06 10:30:00,16,12,6,10,30,370,225,PLACE MARCEL HABERT,47.3565,0.90986,Plein jour,En agglomération,Place,Normale,Autre collision,,,,,,,,,,,1,2,7,1,6.0
201600016910,0016-12-13 16:55:00,16,12,13,16,55,370,156,,47.36653,0.8471,Plein jour,Hors agglomération,Hors intersection,Normale,Sans collision,,,,,,,,,,,1,1,1,1,7.0
201600016911,0016-02-21 20:00:00,16,2,21,20,0,370,153,RD 910,47.509,0.796,Nuit avec éclairage allumé,En agglomération,Hors intersection,Normale,Trois véhicules et plus - collisions multiples,,,,,,,,,,,5,2,1,1,5.0
201600016912,0016-03-17 18:40:00,16,3,17,18,40,370,153,RUE DU 8 MAI,,,Crépuscule ou aube,En agglomération,Hors intersection,Temps éblouissant,Deux véhicules - arrière,,,,,,,,,,,2,2,1,7,2.0
201600016913,0016-08-20 05:30:00,16,8,20,5,30,370,153,LES  PERREES,,,Nuit sans éclairage public,En agglomération,Hors intersection,Normale,Sans collision,,,,,,,,,,,3,2,1,1,7.0
201600016914,0016-10-24 14:00:00,16,10,24,14,0,370,179,80 RUE MORANE  SAULNIER,47.45229,0.74261,Plein jour,Hors agglomération,Hors intersection,Pluie légère,Autre collision,,,,,,,,,,,1,1,1,2,6.0
201600016915,0016-11-01 12:20:00,16,11,1,12,20,370,281,CHARLES DE GAULLE,47.42382,0.7873,Plein jour,Hors agglomération,Giratoire,Brouillard / fumée,Deux véhicules - frontale,,,,,,,,,,,1,1,6,5,1.0
201600016916,0016-12-11 23:30:00,16,12,11,23,30,370,276,,47.57602,0.89637,Nuit sans éclairage public,Hors agglomération,Hors intersection,Temps couvert,Autre collision,,,,,,,,,,,3,1,1,8,6.0
201600016917,0016-12-29 11:35:00,16,12,29,11,35,140,366,"68, VICTOR HUGO (AVENUE)",49.14434,2.28119,Plein jour,En agglomération,Hors intersection,Normale,Autre collision,,,,,,,,,,,1,2,1,1,6.0