accident_id,datetime,annee,mois,jour,heure,minute,departement,commune_insee,adresse,latitude,longitude,luminosite,agglomeration,intersection,meteo,collision,nb_vehicules,nb_usagers,nb_indemnes,nb_tues,nb_blesses_hosp,nb_blesses_legers,age_cond_1,age_cond_2,veh_type_cond_1,veh_type_cond_2,lum_code,agg_code,int_code,atm_code,col_code
201600017430,0016-04-22 18:15:00,16,4,22,18,15,730,32,,45.63847,6.44326,Plein jour,Hors agglomération,Hors intersection,Normale,Deux véhicules - frontale,,,,,,,,,,,1,1,1,1,1.0
201600017431,0016-05-14 03:15:00,16,5,14,3,15,730,162,,45.60452,6.28025,Nuit sans éclairage public,Hors agglomération,Hors intersection,Brouillard / fumée,Autre collision,,,,,,,,,,,3,1,1,5,6.0
201600017432,0016-05-22 00:01:00,16,5,22,0,1,730,114,Rue du MONT BLANC,45.81858,6.51636,Nuit avec éclairage allumé,En agglomération,Giratoire,Normale,Deux véhicules - côté,,,,,,,,,,,5,2,6,1,3.0
201600017433,0016-05-24 21:00:00,16,5,24,21,0,730,303,avenue pringolliet,45.75316,6.42121,Nuit avec éclairage allumé,En agglomération,Hors intersection,Normale,Deux véhicules - côté,,,,,,,,,,,5,2,1,1,3.0
201600017434,0016-06-22 12:15:00,16,6,22,12,15,730,124,,45.65814,6.35163,Plein jour,Hors agglomération,Intersection en X,Normale,Deux véhicules - frontale,,,,,,,,,,,1,1,2,1,1.0
201600017435,0016-06-27 11:15:00,16,6,27,11,15,730,186,CD 218B lieu dit le Mont,45.80896,6.51871,Plein jour,En agglomération,Hors intersection,Normale,Autre collision,,,,,,,,,,,1,2,1,1,6.0
201600017436,0016-08-08 11:20:00,16,8,8,11,20,730,153,,45.72852,6.43533,Plein jour,Hors agglomération,Hors intersection,Normale,Autre collision,,,,,,,,,,,1,1,1,1,6.0
201600017437,0016-08-26 18:30:00,16,8,26,18,30,730,121,,45.62706,6.32143,Plein jour,Hors agglomération,Hors intersection,Normale,Trois véhicules et plus - en chaîne,,,,,,,,,,,1,1,1,1,4.0
201600017438,0016-10-28 13:45:00,16,10,28,13,45,730,110,RD66,45.61401,6.43509,Plein jour,En agglomération,Hors intersection,Temps éblouissant,Deux véhicules - frontale,,,,,,,,,,,1,2,1,7,1.0
201600017439,0016-06-10 08:30:00,16,6,10,8,30,730,248,avenue du Mont Cenis,45.27311,6.34949,Plein jour,En agglomération,Hors intersection,Normale,Deux véhicules - côté,,,,,,,,,,,1,2,1,1,3.0
201600017440,0016-06-29 11:45:00,16,6,29,11,45,730,248,Place du marché,45.27701,6.34324,Plein jour,En agglomération,Place,Normale,Autre collision,,,,,,,,,,,1,2,7,1,6.0
201600017441,0016-01-24 15:00:00,16,1,24,15,0,730,67,Route de SAINT AVRE,,,Plein jour,En agglomération,Hors intersection,Normale,Autre collision,,,,,,,,,,,1,2,1,1,6.0
201600017442,0016-01-29 14:00:00,16,1,29,14,0,730,19,,45.50756,6.30889,Plein jour,Hors agglomération,Hors intersection,Normale,Deux véhicules - frontale,,,,,,,,,,,1,1,1,1,1.0
201600017443,0016-03-04 23:59:00,16,3,4,23,59,730,7,,45.57812,6.25256,Nuit sans éclairage public,Hors agglomération,Hors intersection,Temps couvert,Autre collision,,,,,,,,,,,3,1,1,8,6.0
201600017444,0016-06-24 14:30:00,16,6,24,14,30,730,74,,45.42057,6.27321,Plein jour,Hors agglomération,Hors intersection,Normale,Deux véhicules - frontale,,,,,,,,,,,1,1,1,1,1.0
201600017445,0016-08-01 11:15:00,16,8,1,11,15,730,212,,45.54438,6.30913,Plein jour,En agglomération,Intersection en T,Normale,Autre collision,,,,,,,,,,,1,2,3,1,6.0
201600017446,0016-01-21 13:15:00,16,1,21,13,15,640,519,RD 834,43.39243,-0.38023,Plein jour,Hors agglomération,Intersection en T,Normale,Deux véhicules - frontale,,,,,,,,,,,1,1,3,1,1.0
201600017447,0016-02-21 16:00:00,16,2,21,16,0,640,511,RD 40,43.4162,-0.36572,Plein jour,Hors agglomération,Hors intersection,Normale,Autre collision,,,,,,,,,,,1,1,1,1,6.0
201600017448,0016-03-01 13:45:00,16,3,1,13,45,640,448,RD 817,43.34252,-0.47047,Plein jour,Hors agglomération,Hors intersection,Normale,Deux véhicules - arrière,,,,,,,,,,,1,1,1,1,2.0
201600017449,0016-06-09 17:00:00,16,6,9,17,0,640,60,RD 2,43.32776,-0.4748,Plein jour,Hors agglomération,Hors intersection,Normale,Deux véhicules - frontale,,,,,,,,,,,1,1,1,1,1.0
201600017450,0016-10-21 17:00:00,16,10,21,17,0,640,37,RUE DES ECOLES,43.32856,-0.50113,Plein jour,En agglomération,Intersection en X,Normale,Deux véhicules - côté,,,,,,,,,,,1,2,2,1,3.0
201600017451,0016-11-17 18:30:00,16,11,17,18,30,640,511,CHEMIN MORLANNE,43.39824,-0.41205,Nuit sans éclairage public,Hors agglomération,Intersection en X,Normale,Deux véhicules - côté,,,,,,,,,,,3,1,2,1,3.0
201600017452,0016-01-12 18:30:00,16,1,12,18,30,640,152,ROUTE DE PAU,43.33956,-0.32503,Nuit sans éclairage public,Hors agglomération,Hors intersection,Pluie légère,Autre collision,,,,,,,,,,,3,1,1,2,6.0
201600017453,0016-03-03 17:15:00,16,3,3,17,15,640,395,CHEMIN DE ST JACQUES,43.43291,-0.0138,Plein jour,En agglomération,Hors intersection,Pluie légère,Deux véhicules - côté,,,,,,,,,,,1,2,1,2,3.0
201600017454,0016-04-09 06:15:00,16,4,9,6,15,640,329,RD 817,43.297,-0.284,Nuit sans éclairage public,Hors agglomération,Hors intersection,Pluie légère,Sans collision,,,,,,,,,,,3,1,1,2,7.0
201600017455,0016-08-23 19:45:00,16,8,23,19,45,640,216,RD 817,43.25817,-0.15181,Plein jour,Hors agglomération,Hors intersection,Temps éblouissant,Trois véhicules et plus - collisions multiples,,,,,,,,,,,1,1,1,7,5.0
201600017456,0016-10-25 18:00:00,16,10,25,18,0,640,309,RD 202,43.36987,-0.05083,Plein jour,Hors agglomération,Intersection en X,Normale,Trois véhicules et plus - collisions multiples,,,,,,,,,,,1,1,2,1,5.0
201600017457,0016-12-11 10:30:00,16,12,11,10,30,640,389,RD 943,43.4129,-0.19676,Plein jour,Hors agglomération,Hors intersection,Normale,Autre collision,,,,,,,,,,,1,1,1,1,6.0
201600017458,0016-05-05 17:15:00,16,5,5,17,15,640,417,RUE GAMBETTA,43.18238,-0.26131,Plein jour,En agglomération,Hors intersection,Normale,Deux véhicules - côté,,,,,,,,,,,1,2,1,1,3.0
201600017459,0016-12-07 04:15:00,16,12,7,4,15,640,141,RD 296,43.5499,-0.31571,Nuit sans éclairage public,En agglomération,Intersection en X,Normale,Deux véhicules - côté,,,,,,,,,,,3,2,2,1,3.0
201600017460,0016-02-11 12:30:00,16,2,11,12,30,640,34,RD 933,43.3465,-0.99696,Plein jour,Hors agglomération,Hors intersection,Autre,Autre collision,,,,,,,,,,,1,1,1,9,6.0
201600017461,0016-10-02 14:15:00,16,10,2,14,15,640,104,RN 134,42.98072,-0.60597,Plein jour,Hors agglomération,Hors intersection,Normale,Autre collision,,,,,,,,,,,1,1,1,1,6.0
201600017462,0016-01-12 18:15:00,16,1,12,18,15,640,535,RD 2,43.35502,-0.53531,Nuit sans éclairage public,Hors agglomération,Hors intersection,Pluie légère,Deux véhicules - frontale,,,,,,,,,,,3,1,1,2,1.0
201600017463,0016-05-08 20:00:00,16,5,8,20,0,640,430,,43.511,-0.817,Plein jour,Hors agglomération,Hors intersection,Normale,Sans collision,,,,,,,,,,,1,1,1,1,7.0
201600017464,0016-08-25 11:00:00,16,8,25,11,0,640,108,RD 430,43.51996,-0.91516,Plein jour,Hors agglomération,Giratoire,Normale,Deux véhicules - côté,,,,,,,,,,,1,1,6,1,3.0
201600017465,0016-09-22 06:30:00,16,9,22,6,30,640,87,RD 817,43.50694,-0.8355,Nuit sans éclairage public,Hors agglomération,Hors intersection,Normale,Deux véhicules - côté,,,,,,,,,,,3,1,1,1,3.0
201600017466,0016-10-15 10:00:00,16,10,15,10,0,640,462,RD 415,43.518,-0.87034,Plein jour,Hors agglomération,Hors intersection,Normale,Deux véhicules - arrière,,,,,,,,,,,1,1,1,1,2.0
201600017467,0016-03-06 15:45:00,16,3,6,15,45,450,20,,47.85534,1.65082,Plein jour,Hors agglomération,Hors intersection,Normale,Autre collision,,,,,,,,,,,1,1,1,1,6.0
201600017468,0016-05-04 17:45:00,16,5,4,17,45,450,98,D951/R BONSHOMMES,47.82575,1.76291,Plein jour,En agglomération,Intersection en T,Normale,Deux véhicules - côté,,,,,,,,,,,1,2,3,1,3.0
201600017469,0016-05-15 18:45:00,16,5,15,18,45,450,264,D 2157/D 3,47.92816,1.70438,Plein jour,Hors agglomération,Intersection en T,Normale,Deux véhicules - arrière,,,,,,,,,,,1,1,3,1,2.0
201600017470,0016-07-06 07:00:00,16,7,6,7,0,450,130,R FRANCIS CARRET/VIGNES,47.79357,1.70888,Plein jour,En agglomération,Intersection en T,Normale,Deux véhicules - côté,,,,,,,,,,,1,2,3,1,3.0
201600017471,0016-11-12 16:15:00,16,11,12,16,15,450,179,,47.78137,1.70468,Plein jour,Hors agglomération,Hors intersection,Pluie légère,Autre collision,,,,,,,,,,,1,1,1,2,6.0
201600017472,0016-12-15 07:00:00,16,12,15,7,0,450,167,,47.91371,1.70018,Nuit sans éclairage public,Hors agglomération,Hors intersection,Autre,Autre collision,,,,,,,,,,,3,1,1,9,6.0
201600017473,0016-12-15 07:45:00,16,12,15,7,45,450,313,,48.06477,1.82017,Nuit sans éclairage public,Hors agglomération,Hors intersection,Normale,Deux véhicules - frontale,,,,,,,,,,,3,1,1,1,1.0
201600017474,0016-02-25 06:45:00,16,2,25,6,45,450,307,18 RUE DU LIMOUSIN,48.06298,2.89475,Nuit avec éclairage allumé,En agglomération,Hors intersection,Brouillard / fumée,Autre collision,,,,,,,,,,,5,2,1,5,6.0
201600017475,0016-06-28 13:15:00,16,6,28,13,15,450,306,,48.01531,2.86409,Plein jour,Hors agglomération,Hors intersection,Normale,Deux véhicules - frontale,,,,,,,,,,,1,1,1,1,1.0
201600017476,0016-09-29 08:30:00,16,9,29,8,30,450,30,RTE MONTARGIS/R ECOLES,48.06925,2.43474,Plein jour,En agglomération,Intersection en X,Normale,Deux véhicules - côté,,,,,,,,,,,1,2,2,1,3.0
201600017477,0016-01-15 18:45:00,16,1,15,18,45,450,95,RONVILLE,48.07006,2.09246,Nuit avec éclairage allumé,Hors agglomération,Hors intersection,Autre,Autre collision,,,,,,,,,,,5,1,1,9,6.0
201600017478,0016-02-20 18:00:00,16,2,20,18,0,450,224,LA RIVE DU BOIS,48.05152,2.05229,Plein jour,Hors agglomération,Hors intersection,Pluie légère,Autre collision,,,,,,,,,,,1,1,1,2,6.0
201600017479,0016-03-05 23:30:00,16,3,5,23,30,450,95,,48.07048,2.11724,Nuit sans éclairage public,Hors agglomération,Hors intersection,Pluie légère,Autre collision,,,,,,,,,,,3,1,1,2,6.0
201600017480,0016-03-12 17:45:00,16,3,12,17,45,450,118,28 R DE D'HUY,48.12162,2.06625,Plein jour,En agglomération,Hors intersection,Normale,Autre collision,,,,,,,,,,,1,2,1,1,6.0
201600017481,0016-08-22 18:30:00,16,8,22,18,30,450,188,,48.03044,2.07601,Plein jour,Hors agglomération,Hors intersection,Normale,Deux véhicules - frontale,,,,,,,,,,,1,1,1,1,1.0
201600017482,0016-12-12 16:00:00,16,12,12,16,0,450,95,,48.07963,2.14282,Plein jour,Hors agglomération,Hors intersection,Normale,Deux véhicules - frontale,,,,,,,,,,,1,1,1,1,1.0
201600017483,0016-12-12 19:45:00,16,12,12,19,45,450,347,,,,Nuit sans éclairage public,Hors agglomération,Hors intersection,Normale,Sans collision,,,,,,,,,,,3,1,1,1,7.0
201600017484,0016-01-10 03:00:00,16,1,10,3,0,600,250,,49.4542,2.03307,Plein jour,Hors agglomération,Hors intersection,Normale,Autre collision,,,,,,,,,,,1,1,1,1,6.0
201600017485,0016-01-29 19:45:00,16,1,29,19,45,600,251,,49.45796,2.21165,Nuit sans éclairage public,Hors agglomération,Hors intersection,Normale,Deux véhicules - frontale,,,,,,,,,,,3,1,1,1,1.0
201600017486,0016-03-03 15:15:00,16,3,3,15,15,600,230,,49.45738,2.25286,Plein jour,Hors agglomération,Hors intersection,Normale,Autre collision,,,,,,,,,,,1,1,1,1,6.0
201600017487,0016-07-25 17:30:00,16,7,25,17,30,600,646,,49.47603,2.05057,Plein jour,Hors agglomération,Hors intersection,Normale,Trois véhicules et plus - collisions multiples,,,,,,,,,,,1,1,1,1,5.0
201600017488,0016-09-30 16:15:00,16,9,30,16,15,600,41,,49.38286,2.22354,Plein jour,En agglomération,Hors intersection,Normale,Deux véhicules - côté,,,,,,,,,,,1,2,1,1,3.0
201600017489,0016-11-07 10:45:00,16,11,7,10,45,600,646,,49.48263,2.03876,Plein jour,Hors agglomération,Hors intersection,Normale,Deux véhicules - côté,,,,,,,,,,,1,1,1,1,3.0
201600017490,0016-11-12 22:00:00,16,11,12,22,0,600,103,rue amiot,49.40365,2.24976,Plein jour,En agglomération,Intersection en T,Pluie légère,Deux véhicules - côté,,,,,,,,,,,1,2,3,2,3.0
201600017491,0016-12-05 12:15:00,16,12,5,12,15,600,103,rue du petit chantilly,49.41011,2.24689,Plein jour,En agglomération,Hors intersection,Normale,Deux véhicules - frontale,,,,,,,,,,,1,2,1,1,1.0
201600017492,0016-12-30 13:45:00,16,12,30,13,45,600,668,,49.5029,2.08683,Plein jour,Hors agglomération,Hors intersection,Brouillard / fumée,Deux véhicules - frontale,,,,,,,,,,,1,1,1,5,1.0
201600017493,0016-03-21 19:30:00,16,3,21,19,30,600,187,,49.44446,1.82214,Plein jour,Hors agglomération,Hors intersection,Normale,Deux véhicules - frontale,,,,,,,,,,,1,1,1,1,1.0
201600017494,0016-06-24 23:00:00,16,6,24,23,0,600,164,,49.41289,1.83981,Crépuscule ou aube,En agglomération,Hors intersection,Normale,Deux véhicules - frontale,,,,,,,,,,,2,2,1,1,1.0
201600017495,0016-06-30 18:15:00,16,6,30,18,15,600,63,,49.34508,2.07311,Plein jour,Hors agglomération,Hors intersection,Normale,Deux véhicules - frontale,,,,,,,,,,,1,1,1,1,1.0
201600017496,0016-07-21 11:30:00,16,7,21,11,30,600,343,43 grande rue,49.39272,1.78545,Plein jour,En agglomération,Hors intersection,Normale,Autre collision,,,,,,,,,,,1,2,1,1,6.0
201600017497,0016-01-12 17:30:00,16,1,12,17,30,600,110,Rue de la briqueterie D7,49.6561,1.82765,Nuit avec éclairage allumé,En agglomération,Hors intersection,Pluie forte,Trois véhicules et plus - collisions multiples,,,,,,,,,,,5,2,1,3,5.0
201600017498,0016-02-02 06:15:00,16,2,2,6,15,600,286,D124,49.66105,1.92556,Nuit avec éclairage allumé,En agglomération,Hors intersection,Normale,Autre collision,,,,,,,,,,,5,2,1,1,6.0
201600017499,0016-02-23 08:30:00,16,2,23,8,30,600,194,,49.70064,1.95949,Plein jour,Hors agglomération,Hors intersection,Normale,Autre collision,,,,,,,,,,,1,1,1,1,6.0
201600017500,0016-05-04 14:30:00,16,5,4,14,30,600,233,,49.65029,1.84787,Plein jour,Hors agglomération,Hors intersection,Normale,Autre collision,,,,,,,,,,,1,1,1,1,6.0
201600017501,0016-03-18 18:15:00,16,3,18,18,15,600,233,,49.64871,1.84652,Plein jour,Hors agglomération,Hors intersection,Normale,Autre collision,,,,,,,,,,,1,1,1,1,6.0
201600017502,0016-04-06 19:30:00,16,4,6,19,30,600,288,,49.55695,1.89172,Plein jour,Hors agglomération,Hors intersection,Normale,Deux véhicules - côté,,,,,,,,,,,1,1,1,1,3.0
201600017503,0016-04-12 14:00:00,16,4,12,14,0,600,605,,49.67336,1.92025,Plein jour,Hors agglomération,Hors intersection,Normale,Deux véhicules - frontale,,,,,,,,,,,1,1,1,1,1.0
201600017504,0016-04-19 21:00:00,16,4,19,21,0,600,304,,49.58539,1.98708,Nuit sans éclairage public,Hors agglomération,Hors intersection,Normale,Sans collision,,,,,,,,,,,3,1,1,1,7.0
201600017505,0016-04-21 09:45:00,16,4,21,9,45,600,691,,49.57966,1.74628,Plein jour,Hors agglomération,Hors intersection,Normale,Deux véhicules - frontale,,,,,,,,,,,1,1,1,1,1.0
201600017506,0016-04-25 15:15:00,16,4,25,15,15,600,180,,49.52442,1.91992,Plein jour,Hors agglomération,Hors intersection,Normale,Autre collision,,,,,,,,,,,1,1,1,1,6.0
201600017507,0016-05-12 22:00:00,16,5,12,22,0,600,387,,49.57337,1.9594,Crépuscule ou aube,Hors agglomération,Hors intersection,Normale,Autre collision,,,,,,,,,,,2,1,1,1,6.0
201600017508,0016-08-02 13:30:00,16,8,2,13,30,600,4,,49.55269,1.98489,Plein jour,Hors agglomération,Hors intersection,Normale,Deux véhicules - frontale,,,,,,,,,,,1,1,1,1,1.0
201600017509,0016-11-06 08:45:00,16,11,6,8,45,600,435,12 RUE RIQUEFOSSE,49.58015,1.87184,Plein jour,En agglomération,Hors intersection,Normale,Autre collision,,,,,,,,,,,1,2,1,1,6.0
201600017510,0016-12-16 18:15:00,16,12,16,18,15,600,354,24 RUE CHANTAL GARZUEL,49.68241,1.99733,Nuit sans éclairage public,En agglomération,Hors intersection,Normale,Autre collision,,,,,,,,,,,3,2,1,1,6.0
201600017511,0016-12-19 20:00:00,16,12,19,20,0,600,122,rue de gournay,49.61516,1.7491,Nuit avec éclairage allumé,En agglomération,Hors intersection,Normale,Deux véhicules - côté,,,,,,,,,,,5,2,1,1,3.0
201600017512,0016-04-19 07:45:00,16,4,19,7,45,600,155,rue du Colombier,49.25868,2.33184,Plein jour,En agglomération,Hors intersection,Normale,Autre collision,,,,,,,,,,,1,2,1,1,6.0
201600017513,0016-09-22 09:45:00,16,9,22,9,45,600,155,rue de la station,49.27105,2.35836,Plein jour,En agglomération,Hors intersection,Normale,Autre collision,,,,,,,,,,,1,2,1,1,6.0
201600017514,0016-10-20 15:30:00,16,10,20,15,30,600,584,D92,49.21663,2.42156,Plein jour,En agglomération,Hors intersection,Normale,Autre collision,,,,,,,,,,,1,2,1,1,6.0
201600017515,0016-11-23 16:30:00,16,11,23,16,30,600,584,,49.2132,2.40938,Plein jour,Hors agglomération,Hors intersection,Normale,Deux véhicules - frontale,,,,,,,,,,,1,1,1,1,1.0
201600017516,0016-12-06 13:45:00,16,12,6,13,45,600,155,,49.26603,2.34697,Plein jour,Hors agglomération,Hors intersection,Autre,Deux véhicules - frontale,,,,,,,,,,,1,1,1,9,1.0
201600017517,0016-07-19 00:30:00,16,7,19,0,30,600,111,,49.63115,2.4605,Nuit sans éclairage public,Hors agglomération,Hors intersection,Normale,Sans collision,,,,,,,,,,,3,1,1,1,7.0
201600017518,0016-10-25 15:15:00,16,10,25,15,15,600,104,62 rue d'amiens,49.63632,2.28961,Plein jour,En agglomération,Hors intersection,Normale,Autre collision,,,,,,,,,,,1,2,1,1,6.0
201600017519,0016-12-13 13:30:00,16,12,13,13,30,600,178,,49.61023,2.1035,Plein jour,Hors agglomération,Hors intersection,Normale,Deux véhicules - frontale,,,,,,,,,,,1,1,1,1,1.0
201600017520,0016-12-13 16:15:00,16,12,13,16,15,600,104,avenue du général frere,49.6323,2.29079,Plein jour,En agglomération,Hors intersection,Normale,Deux véhicules - frontale,,,,,,,,,,,1,2,1,1,1.0
201600017521,0016-12-08 16:30:00,16,12,8,16,30,600,26,,49.56756,2.11837,Crépuscule ou aube,Hors agglomération,Hors intersection,Normale,Deux véhicules - côté,,,,,,,,,,,2,1,1,1,3.0
201600017522,0016-01-21 07:45:00,16,1,21,7,45,600,556,,49.60302,2.52458,Crépuscule ou aube,Hors agglomération,Hors intersection,Autre,Deux véhicules - frontale,,,,,,,,,,,2,1,1,9,1.0
201600017523,0016-01-22 21:00:00,16,1,22,21,0,600,468,,49.50267,2.35528,Nuit sans éclairage public,Hors agglomération,Hors intersection,Brouillard / fumée,Autre collision,,,,,,,,,,,3,1,1,5,6.0
201600017524,0016-03-05 12:15:00,16,3,5,12,15,600,503,,49.58633,2.58037,Plein jour,Hors agglomération,Hors intersection,Autre,Deux véhicules - frontale,,,,,,,,,,,1,1,1,9,1.0
201600017525,0016-03-02 14:30:00,16,3,2,14,30,600,581,rue de Paris,49.50614,2.43388,Plein jour,En agglomération,Hors intersection,Pluie légère,Autre collision,,,,,,,,,,,1,2,1,2,6.0
201600017526,0016-03-29 08:00:00,16,3,29,8,0,600,232,,49.58761,2.49728,Plein jour,Hors agglomération,Intersection en X,Normale,Deux véhicules - côté,,,,,,,,,,,1,1,2,1,3.0
201600017527,0016-06-24 23:00:00,16,6,24,23,0,600,112,,49.55766,2.48183,Nuit sans éclairage public,Hors agglomération,Hors intersection,Normale,Deux véhicules - frontale,,,,,,,,,,,3,1,1,1,1.0
201600017528,0016-07-14 08:15:00,16,7,14,8,15,600,374,,49.54364,2.52799,Plein jour,Hors agglomération,Hors intersection,Normale,Deux véhicules - frontale,,,,,,,,,,,1,1,1,1,1.0
201600017529,0016-10-18 19:45:00,16,10,18,19,45,600,222,Croisement D938 et D9,49.46906,2.26211,Plein jour,Hors agglomération,Intersection en X,Normale,Deux véhicules - côté,,,,,,,,,,,1,1,2,1,3.0
201600017530,0016-10-27 15:15:00,16,10,27,15,15,600,702,rue de plainville,49.60677,2.47872,Plein jour,En agglomération,Hors intersection,Normale,Autre collision,,,,,,,,,,,1,2,1,1,6.0
201600017531,0016-11-15 16:45:00,16,11,15,16,45,600,581,,49.51715,2.42052,Crépuscule ou aube,Hors agglomération,Hors intersection,Pluie légère,Trois véhicules et plus - collisions multiples,,,,,,,,,,,2,1,1,2,5.0
201600017532,0016-01-09 18:45:00,16,1,9,18,45,600,537,,49.5264,2.93882,Plein jour,Hors agglomération,Intersection en T,Normale,Deux véhicules - côté,,,,,,,,,,,1,1,3,1,3.0
201600017533,0016-02-16 14:30:00,16,2,16,14,30,600,64,20 rue Raymond Faroux,49.41364,3.01245,Plein jour,En agglomération,Hors intersection,Normale,Deux véhicules - côté,,,,,,,,,,,1,2,1,1,3.0
201600017534,0016-03-12 18:30:00,16,3,12,18,30,600,119,rue du chateau,49.49865,2.90245,Plein jour,En agglomération,Hors intersection,Normale,Autre collision,,,,,,,,,,,1,2,1,1,6.0
201600017535,0016-03-16 10:15:00,16,3,16,10,15,600,129,,49.52458,3.00248,Plein jour,Hors agglomération,Hors intersection,Normale,Deux véhicules - côté,,,,,,,,,,,1,1,1,1,3.0
201600017536,0016-04-28 22:45:00,16,4,28,22,45,600,534,05 rue de VERDUN,49.41601,2.94235,Nuit avec éclairage allumé,En agglomération,Hors intersection,Normale,Autre collision,,,,,,,,,,,5,2,1,1,6.0
201600017537,0016-06-22 17:00:00,16,6,22,17,0,600,471,BOULEVARD CARNOT,49.57829,2.99476,Plein jour,En agglomération,Giratoire,Normale,Autre collision,,,,,,,,,,,1,2,6,1,6.0
201600017538,0016-06-28 14:15:00,16,6,28,14,15,600,25,,49.40432,3.07001,Plein jour,Hors agglomération,Hors intersection,Normale,Sans collision,,,,,,,,,,,1,1,1,1,7.0
201600017539,0016-08-20 14:45:00,16,8,20,14,45,600,636,Route Départementale 932,49.47736,2.86742,Plein jour,En agglomération,Hors intersection,Normale,Deux véhicules - côté,,,,,,,,,,,1,2,1,1,3.0
201600017540,0016-08-25 15:00:00,16,8,25,15,0,600,151,rue  président roosvelt,49.43109,2.86436,Plein jour,En agglomération,Hors intersection,Normale,Deux véhicules - frontale,,,,,,,,,,,1,2,1,1,1.0
201600017541,0016-10-24 18:15:00,16,10,24,18,15,600,537,zac de la Grérie,49.51725,2.92428,Plein jour,En agglomération,Hors intersection,Temps couvert,Deux véhicules - frontale,,,,,,,,,,,1,2,1,8,1.0
201600017542,0016-11-15 17:30:00,16,11,15,17,30,600,150,,49.54744,2.95807,Plein jour,Hors agglomération,Hors intersection,Pluie légère,Trois véhicules et plus - collisions multiples,,,,,,,,,,,1,1,1,2,5.0
201600017543,0016-12-03 05:45:00,16,12,3,5,45,600,119,rue de bellerive,49.50003,2.9144,Nuit avec éclairage allumé,En agglomération,Hors intersection,Normale,Autre collision,,,,,,,,,,,5,2,1,1,6.0
201600017544,0016-12-08 09:00:00,16,12,8,9,0,600,641,rue de choisy au bac,49.47775,2.99711,Plein jour,En agglomération,Hors intersection,Temps couvert,Autre collision,,,,,,,,,,,1,2,1,8,6.0
201600017545,0016-12-23 10:15:00,16,12,23,10,15,600,188,,49.40412,3.00511,Plein jour,En agglomération,Hors intersection,Normale,Autre collision,,,,,,,,,,,1,2,1,1,6.0
201600017546,0016-01-08 07:15:00,16,1,8,7,15,600,617,,49.62238,2.93156,Nuit sans éclairage public,Hors agglomération,Hors intersection,Normale,Deux véhicules - frontale,,,,,,,,,,,3,1,1,1,1.0
201600017547,0016-01-11 08:30:00,16,1,11,8,30,600,471,rue du tour de ville,49.57294,3.01138,Crépuscule ou aube,En agglomération,Hors intersection,Pluie légère,Autre collision,,,,,,,,,,,2,2,1,2,6.0
201600017548,0016-02-05 01:15:00,16,2,5,1,15,600,471,,49.60272,3.01274,Nuit sans éclairage public,Hors agglomération,Hors intersection,Autre,Autre collision,,,,,,,,,,,3,1,1,9,6.0
201600017549,0016-02-26 10:45:00,16,2,26,10,45,600,474,,49.6994,2.91305,Plein jour,Hors agglomération,Intersection en X,Normale,Deux véhicules - côté,,,,,,,,,,,1,1,2,1,3.0
201600017550,0016-04-10 19:30:00,16,4,10,19,30,600,676,rue de l'ormeau,49.55349,2.93668,Plein jour,En agglomération,Hors intersection,Normale,Deux véhicules - arrière,,,,,,,,,,,1,2,1,1,2.0
201600017551,0016-06-20 10:15:00,16,6,20,10,15,600,507,,49.55213,3.0498,Plein jour,En agglomération,Hors intersection,Pluie légère,Deux véhicules - côté,,,,,,,,,,,1,2,1,2,3.0
201600017552,0016-08-06 13:15:00,16,8,6,13,15,600,471,boulevard carnot,49.57782,2.99804,Plein jour,En agglomération,Intersection en X,Normale,Autre collision,,,,,,,,,,,1,2,2,1,6.0
201600017553,0016-08-21 19:45:00,16,8,21,19,45,600,291,,49.67428,3.02334,Plein jour,Hors agglomération,Hors intersection,Normale,Sans collision,,,,,,,,,,,1,1,1,1,7.0
201600017554,0016-09-20 10:45:00,16,9,20,10,45,600,471,boulevard ernest noel,49.57953,3.00763,Plein jour,En agglomération,Hors intersection,Normale,Deux véhicules - côté,,,,,,,,,,,1,2,1,1,3.0
201600017555,0016-10-04 09:30:00,16,10,4,9,30,600,55,,49.59985,2.96963,Plein jour,Hors agglomération,Intersection en T,Normale,Deux véhicules - côté,,,,,,,,,,,1,1,3,1,3.0
201600017556,0016-10-22 05:30:00,16,10,22,5,30,600,124,,49.63764,2.90569,Crépuscule ou aube,Hors agglomération,Intersection en X,Brouillard / fumée,Deux véhicules - côté,,,,,,,,,,,2,1,2,5,3.0
201600017557,0016-11-08 15:30:00,16,11,8,15,30,600,127,,49.59293,2.80638,Plein jour,Hors agglomération,Hors intersection,Temps couvert,Deux véhicules - frontale,,,,,,,,,,,1,1,1,8,1.0