accident_id,datetime,annee,mois,jour,heure,minute,departement,commune_insee,adresse,latitude,longitude,luminosite,agglomeration,intersection,meteo,collision,nb_vehicules,nb_usagers,nb_indemnes,nb_tues,nb_blesses_hosp,nb_blesses_legers,age_cond_1,age_cond_2,veh_type_cond_1,veh_type_cond_2,lum_code,agg_code,int_code,atm_code,col_code
201600018462,0016-05-31 21:45:00,16,5,31,21,45,340,17,,43.4736,3.45167,Nuit sans éclairage public,Hors agglomération,Hors intersection,Pluie légère,Deux véhicules - frontale,,,,,,,,,,,3,1,1,2,1.0
201600018463,0016-08-12 16:00:00,16,8,12,16,0,860,178,,,,Plein jour,Hors agglomération,Hors intersection,Normale,Autre collision,,,,,,,,,,,1,1,1,1,6.0
201600018464,0016-10-04 08:30:00,16,10,4,8,30,860,209,,,,Plein jour,Hors agglomération,Hors intersection,Normale,Deux véhicules - côté,,,,,,,,,,,1,1,1,1,3.0
201600018465,0016-11-06 13:15:00,16,11,6,13,15,860,178,,,,Plein jour,Hors agglomération,Hors intersection,Normale,Autre collision,,,,,,,,,,,1,1,1,1,6.0
201600018466,0016-11-06 18:00:00,16,11,6,18,0,860,235,,,,Crépuscule ou aube,Hors agglomération,Hors intersection,Normale,Deux véhicules - frontale,,,,,,,,,,,2,1,1,1,1.0
201600018467,0016-01-13 07:45:00,16,1,13,7,45,860,116,,,,Crépuscule ou aube,Hors agglomération,Hors intersection,Normale,Deux véhicules - côté,,,,,,,,,,,2,1,1,1,3.0
201600018468,0016-03-25 22:15:00,16,3,25,22,15,860,139,,,,Nuit sans éclairage public,Hors agglomération,Hors intersection,Pluie légère,Autre collision,,,,,,,,,,,3,1,1,2,6.0
201600018469,0016-07-17 19:00:00,16,7,17,19,0,860,244,LIEU DIT POUZEAU,,,Plein jour,En agglomération,Hors intersection,Temps éblouissant,Deux véhicules - arrière,,,,,,,,,,,1,2,1,7,2.0
201600018470,0016-07-26 18:30:00,16,7,26,18,30,860,116,JARNEZAY,46.4746,0.06,Plein jour,Hors agglomération,Hors intersection,Normale,Sans collision,,,,,,,,,,,1,1,1,1,7.0
201600018471,0016-08-26 18:30:00,16,8,26,18,30,860,116,,,,Plein jour,Hors agglomération,Hors intersection,Normale,Sans collision,,,,,,,,,,,1,1,1,1,7.0
201600018472,0016-08-26 22:40:00,16,8,26,22,40,860,139,,,,Nuit sans éclairage public,Hors agglomération,Autre intersection,Normale,Sans collision,,,,,,,,,,,3,1,9,1,7.0
201600018473,0016-11-10 19:15:00,16,11,10,19,15,860,188,VC  DU D27 A LA N10,46.36921,0.21168,Nuit sans éclairage public,Hors agglomération,Hors intersection,Temps couvert,Sans collision,,,,,,,,,,,3,1,1,8,7.0
201600018474,0016-11-23 18:15:00,16,11,23,18,15,860,113,LA  GALONNIERE,46.50532,0.27977,Nuit sans éclairage public,Hors agglomération,Hors intersection,Pluie légère,Sans collision,,,,,,,,,,,3,1,1,2,7.0
201600018475,0016-07-23 08:30:00,16,7,23,8,30,860,53,,,,Plein jour,Hors agglomération,Intersection en X,Normale,Deux véhicules - côté,,,,,,,,,,,1,1,2,1,3.0
201600018476,0016-07-29 07:45:00,16,7,29,7,45,860,30,,,,Plein jour,Hors agglomération,Hors intersection,Pluie légère,Deux véhicules - frontale,,,,,,,,,,,1,1,1,2,1.0
201600018477,0016-06-05 17:15:00,16,6,5,17,15,860,170,,,,Plein jour,Hors agglomération,Hors intersection,Normale,Deux véhicules - frontale,,,,,,,,,,,1,1,1,1,1.0
201600018478,0016-09-16 16:45:00,16,9,16,16,45,290,189,toul ar rohou,48.38435,-4.37719,Plein jour,En agglomération,Giratoire,Normale,Deux véhicules - côté,,,,,,,,,,,1,2,6,1,3.0
201600018479,0016-12-10 16:00:00,16,12,10,16,0,290,45,Trébéolin,48.37952,-4.29345,Plein jour,Hors agglomération,Hors intersection,Normale,Deux véhicules - frontale,,,,,,,,,,,1,1,1,1,1.0
201600018480,0016-05-04 13:45:00,16,5,4,13,45,410,43,,47.31808,1.49828,Plein jour,Hors agglomération,Hors intersection,Normale,Trois véhicules et plus - collisions multiples,,,,,,,,,,,1,1,1,1,5.0
201600018481,0016-06-10 22:00:00,16,6,10,22,0,410,97,,47.31499,1.67352,Nuit avec éclairage non allumé,Hors agglomération,Hors intersection,Pluie forte,Deux véhicules - arrière,,,,,,,,,,,4,1,1,3,2.0
201600018482,0016-07-01 19:45:00,16,7,1,19,45,410,38,,47.23285,1.77426,Plein jour,Hors agglomération,Hors intersection,Normale,Sans collision,,,,,,,,,,,1,1,1,1,7.0
201600018483,0016-07-01 15:45:00,16,7,1,15,45,410,280,,47.28621,1.76944,Plein jour,Hors agglomération,Intersection en Y,Normale,Deux véhicules - côté,,,,,,,,,,,1,1,4,1,3.0
201600018484,0016-07-05 18:15:00,16,7,5,18,15,410,122,,47.20932,1.87932,Plein jour,Hors agglomération,Hors intersection,Normale,Sans collision,,,,,,,,,,,1,1,1,1,7.0
201600018485,0016-07-10 19:00:00,16,7,10,19,0,410,97,,47.27889,1.70109,Plein jour,Hors agglomération,Hors intersection,Normale,Deux véhicules - côté,,,,,,,,,,,1,1,1,1,3.0
201600018486,0016-07-18 15:30:00,16,7,18,15,30,410,280,rue du Bois de Naulin,47.29897,1.77799,Plein jour,En agglomération,Hors intersection,Normale,Deux véhicules - côté,,,,,,,,,,,1,2,1,1,3.0
201600018487,0016-09-20 07:45:00,16,9,20,7,45,410,185,,47.37729,1.68714,Plein jour,Hors agglomération,Hors intersection,Brouillard / fumée,Deux véhicules - côté,,,,,,,,,,,1,1,1,5,3.0
201600018488,0016-10-01 16:00:00,16,10,1,16,0,410,122,,47.24572,1.87347,Plein jour,Hors agglomération,Hors intersection,Normale,Autre collision,,,,,,,,,,,1,1,1,1,6.0
201600018489,0016-10-28 23:45:00,16,10,28,23,45,410,135,8 rue Pierre Loyau,47.26901,1.86584,Nuit avec éclairage allumé,En agglomération,Intersection en T,Normale,Deux véhicules - côté,,,,,,,,,,,5,2,3,1,3.0
201600018490,0016-11-12 19:00:00,16,11,12,19,0,410,242,25 route de BLOIS,47.28344,1.54184,Nuit avec éclairage allumé,En agglomération,Hors intersection,Pluie forte,Deux véhicules - côté,,,,,,,,,,,5,2,1,3,3.0
201600018491,0016-12-12 11:45:00,16,12,12,11,45,410,185,,47.34155,1.70394,Plein jour,Hors agglomération,Hors intersection,Normale,Autre collision,,,,,,,,,,,1,1,1,1,6.0
201600018492,0016-01-31 18:30:00,16,1,31,18,30,410,170,route de Sambin,47.46152,1.31225,Nuit avec éclairage allumé,En agglomération,Hors intersection,Normale,Deux véhicules - frontale,,,,,,,,,,,5,2,1,1,1.0
201600018493,0016-03-06 12:15:00,16,3,6,12,15,410,198,route d'Orbigny,47.26088,1.33339,Plein jour,Hors agglomération,Intersection en X,Normale,Deux véhicules - côté,,,,,,,,,,,1,1,2,1,3.0
201600018494,0016-04-01 16:15:00,16,4,1,16,15,410,80,,47.3336,1.17266,Plein jour,Hors agglomération,Hors intersection,Normale,Deux véhicules - côté,,,,,,,,,,,1,1,1,1,3.0
201600018495,0016-03-03 09:15:00,16,3,3,9,15,410,198,20 place Wilson,47.26885,1.37184,Plein jour,En agglomération,Hors intersection,Normale,Autre collision,,,,,,,,,,,1,2,1,1,6.0
201600018496,0016-04-27 20:30:00,16,4,27,20,30,410,239,rue de gâtines,47.26017,1.39676,Plein jour,En agglomération,Hors intersection,Normale,Autre collision,,,,,,,,,,,1,2,1,1,6.0
201600018497,0016-05-03 20:15:00,16,5,3,20,15,410,166,,47.39088,1.3901,Plein jour,Hors agglomération,Hors intersection,Normale,Sans collision,,,,,,,,,,,1,1,1,1,7.0
201600018498,0016-05-28 05:45:00,16,5,28,5,45,410,257,,47.39102,1.31431,Crépuscule ou aube,Hors agglomération,Intersection en X,Normale,Deux véhicules - côté,,,,,,,,,,,2,1,2,1,3.0
201600018499,0016-06-18 00:30:00,16,6,18,0,30,410,82,,47.44053,1.37255,Nuit sans éclairage public,Hors agglomération,Hors intersection,Normale,Autre collision,,,,,,,,,,,3,1,1,1,6.0
201600018500,0016-06-25 18:00:00,16,6,25,18,0,410,59,,47.40379,1.41684,Plein jour,Hors agglomération,Hors intersection,Normale,Trois véhicules et plus - collisions multiples,,,,,,,,,,,1,1,1,1,5.0
201600018501,0016-06-28 02:30:00,16,6,28,2,30,410,180,,47.41508,1.20741,Nuit sans éclairage public,Hors agglomération,Hors intersection,Pluie légère,Autre collision,,,,,,,,,,,3,1,1,2,6.0
201600018502,0016-06-30 18:00:00,16,6,30,18,0,410,126,,47.26494,1.32567,Plein jour,Hors agglomération,Hors intersection,Temps éblouissant,Deux véhicules - frontale,,,,,,,,,,,1,1,1,7,1.0
201600018503,0016-07-09 09:15:00,16,7,9,9,15,410,151,14 rue d'amboise,47.34396,1.17144,Plein jour,En agglomération,Hors intersection,Normale,Sans collision,,,,,,,,,,,1,2,1,1,7.0
201600018504,0016-08-13 23:15:00,16,8,13,23,15,410,92,,47.45234,1.33751,Nuit sans éclairage public,Hors agglomération,Hors intersection,Normale,Autre collision,,,,,,,,,,,3,1,1,1,6.0
201600018505,0016-08-23 12:00:00,16,8,23,12,0,410,59,Carrefour des souvenirs,47.41778,1.42825,Plein jour,En agglomération,Hors intersection,Normale,Autre collision,,,,,,,,,,,1,2,1,1,6.0
201600018506,0016-09-19 08:00:00,16,9,19,8,0,410,59,Ave Du Général De Gaulle,47.42773,1.42801,Crépuscule ou aube,En agglomération,Hors intersection,Normale,Deux véhicules - arrière,,,,,,,,,,,2,2,1,1,2.0
201600018507,0016-10-04 09:45:00,16,10,4,9,45,410,51,1 rue etienne denis,47.3359,1.1334,Nuit avec éclairage allumé,En agglomération,Intersection en X,Normale,Deux véhicules - côté,,,,,,,,,,,5,2,2,1,3.0
201600018508,0016-10-09 10:00:00,16,10,9,10,0,410,198,,47.27163,1.37246,Plein jour,En agglomération,Hors intersection,Normale,Autre collision,,,,,,,,,,,1,2,1,1,6.0
201600018509,0016-10-27 07:45:00,16,10,27,7,45,410,198,rue paul boncour,47.27089,1.37529,Crépuscule ou aube,En agglomération,Hors intersection,Brouillard / fumée,Deux véhicules - arrière,,,,,,,,,,,2,2,1,5,2.0
201600018510,0016-11-01 18:45:00,16,11,1,18,45,410,59,,47.4237,1.45751,Nuit sans éclairage public,Hors agglomération,Hors intersection,Brouillard / fumée,Sans collision,,,,,,,,,,,3,1,1,5,7.0
201600018511,0016-11-13 10:30:00,16,11,13,10,30,410,59,,47.41638,1.43177,Plein jour,En agglomération,Intersection en T,Normale,Deux véhicules - côté,,,,,,,,,,,1,2,3,1,3.0
201600018512,0016-12-15 14:45:00,16,12,15,14,45,410,51,,47.37195,1.1116,Plein jour,Hors agglomération,Hors intersection,Normale,Autre collision,,,,,,,,,,,1,1,1,1,6.0
201600018513,0016-12-16 19:15:00,16,12,16,19,15,410,237,,47.39531,1.40932,Nuit sans éclairage public,Hors agglomération,Hors intersection,Normale,Deux véhicules - frontale,,,,,,,,,,,3,1,1,1,1.0
201600018514,0016-12-19 18:30:00,16,12,19,18,30,410,63,,47.24991,1.43229,Nuit sans éclairage public,Hors agglomération,Hors intersection,Normale,Autre collision,,,,,,,,,,,3,1,1,1,6.0
201600018515,0016-12-22 14:30:00,16,12,22,14,30,410,237,,47.39894,1.41648,Plein jour,Hors agglomération,Intersection en X,Pluie légère,Deux véhicules - côté,,,,,,,,,,,1,1,2,2,3.0
201600018516,0016-01-12 10:30:00,16,1,12,10,30,410,232,Avenue de Nançay,47.42023,2.06046,Plein jour,En agglomération,Intersection en T,Temps éblouissant,Deux véhicules - côté,,,,,,,,,,,1,2,3,7,3.0
201600018517,0016-04-21 17:30:00,16,4,21,17,30,410,84,rd 724,47.3866,1.94424,Plein jour,En agglomération,Hors intersection,Normale,Autre collision,,,,,,,,,,,1,2,1,1,6.0
201600018518,0016-05-03 07:00:00,16,5,3,7,0,410,256,,47.30075,2.05838,Plein jour,Hors agglomération,Hors intersection,Normale,Deux véhicules - frontale,,,,,,,,,,,1,1,1,1,1.0
201600018519,0016-05-06 15:00:00,16,5,6,15,0,410,241,,47.38598,1.91809,Plein jour,En agglomération,Hors intersection,Normale,Deux véhicules - côté,,,,,,,,,,,1,2,1,1,3.0
201600018520,0016-05-14 21:30:00,16,5,14,21,30,410,251,,47.65517,2.17575,Nuit sans éclairage public,Hors agglomération,Hors intersection,Normale,Sans collision,,,,,,,,,,,3,1,1,1,7.0
201600018521,0016-06-16 14:00:00,16,6,16,14,0,410,232,rue des Charmes,47.42367,2.05762,Plein jour,En agglomération,Hors intersection,Normale,Autre collision,,,,,,,,,,,1,2,1,1,6.0
201600018522,0016-07-11 14:30:00,16,7,11,14,30,410,159,,47.50456,1.81234,Plein jour,Hors agglomération,Hors intersection,Normale,Deux véhicules - frontale,,,,,,,,,,,1,1,1,1,1.0
201600018523,0016-07-27 11:30:00,16,7,27,11,30,410,125,,47.43513,1.90793,Plein jour,Hors agglomération,Intersection en X,Normale,Deux véhicules - côté,,,,,,,,,,,1,1,2,1,3.0
201600018524,0016-08-09 10:00:00,16,8,9,10,0,410,232,,47.44377,2.06618,Plein jour,Hors agglomération,Hors intersection,Normale,Deux véhicules - côté,,,,,,,,,,,1,1,1,1,3.0
201600018525,0016-08-28 12:45:00,16,8,28,12,45,410,241,104 rue de l'aulne,47.38512,1.91312,Plein jour,En agglomération,Hors intersection,Normale,Sans collision,,,,,,,,,,,1,2,1,1,7.0
201600018526,0016-09-11 17:45:00,16,9,11,17,45,410,161,,47.5877,2.06013,Plein jour,Hors agglomération,Hors intersection,Normale,Sans collision,,,,,,,,,,,1,1,1,1,7.0
201600018527,0016-09-12 12:15:00,16,9,12,12,15,410,241,41 rue de la gare,47.39269,1.92383,Plein jour,En agglomération,Hors intersection,Normale,Deux véhicules - côté,,,,,,,,,,,1,2,1,1,3.0
201600018528,0016-09-28 18:30:00,16,9,28,18,30,410,232,,47.40003,2.05446,Plein jour,Hors agglomération,Hors intersection,Normale,Deux véhicules - frontale,,,,,,,,,,,1,1,1,1,1.0
201600018529,0016-12-23 15:00:00,16,12,23,15,0,410,232,,47.44548,1.99935,Plein jour,Hors agglomération,Hors intersection,Normale,Sans collision,,,,,,,,,,,1,1,1,1,7.0
201600018530,0016-02-19 05:30:00,16,2,19,5,30,410,154,,47.92663,1.25925,Nuit sans éclairage public,Hors agglomération,Hors intersection,Autre,Autre collision,,,,,,,,,,,3,1,1,9,6.0
201600018531,0016-03-18 18:15:00,16,3,18,18,15,410,88,,47.96871,1.16343,Plein jour,Hors agglomération,Hors intersection,Normale,Autre collision,,,,,,,,,,,1,1,1,1,6.0
201600018532,0016-03-30 14:30:00,16,3,30,14,30,410,53,,48.01718,0.87522,Plein jour,Hors agglomération,Hors intersection,Pluie légère,Autre collision,,,,,,,,,,,1,1,1,2,6.0
201600018533,0016-04-04 14:00:00,16,4,4,14,0,410,12,,47.97688,0.8649,Plein jour,Hors agglomération,Hors intersection,Normale,Autre collision,,,,,,,,,,,1,1,1,1,6.0
201600018534,0016-05-03 20:30:00,16,5,3,20,30,410,175,,47.871,1.157,Crépuscule ou aube,Hors agglomération,Hors intersection,Normale,Autre collision,,,,,,,,,,,2,1,1,1,6.0
201600018535,0016-05-29 12:30:00,16,5,29,12,30,410,73,,47.8916,1.05145,Plein jour,Hors agglomération,Hors intersection,Pluie légère,Sans collision,,,,,,,,,,,1,1,1,2,7.0
201600018536,0016-05-29 15:15:00,16,5,29,15,15,410,75,Route de Vendome,48.03901,1.07576,Plein jour,En agglomération,Hors intersection,Pluie légère,Deux véhicules - frontale,,,,,,,,,,,1,2,1,2,1.0
201600018537,0016-06-05 07:45:00,16,6,5,7,45,410,216,,47.96179,1.22033,Plein jour,Hors agglomération,Hors intersection,Normale,Sans collision,,,,,,,,,,,1,1,1,1,7.0
201600018538,0016-10-02 18:15:00,16,10,2,18,15,410,73,,47.87854,1.03855,Plein jour,Hors agglomération,Hors intersection,Normale,Autre collision,,,,,,,,,,,1,1,1,1,6.0
201600018539,0016-07-18 23:00:00,16,7,18,23,0,470,210,,44.2554,0.36195,Nuit sans éclairage public,Hors agglomération,Intersection en T,Normale,Deux véhicules - côté,,,,,,,,,,,3,1,3,1,3.0
201600018540,0016-12-02 21:30:00,16,12,2,21,30,470,38,,44.3462,0.3996,Nuit sans éclairage public,Hors agglomération,Hors intersection,Brouillard / fumée,Sans collision,,,,,,,,,,,3,1,1,5,7.0
201600018541,0016-12-16 09:30:00,16,12,16,9,30,470,213,LDT LA JANOUNE,44.3021,0.47977,Plein jour,Hors agglomération,Hors intersection,Normale,Sans collision,,,,,,,,,,,1,1,1,1,7.0
201600018542,0016-06-15 14:45:00,16,6,15,14,45,470,138,LIEU-DIT LAGASSE,44.2607,0.73603,Plein jour,Hors agglomération,Hors intersection,Normale,Autre collision,,,,,,,,,,,1,1,1,1,6.0
201600018543,0016-12-17 01:15:00,16,12,17,1,15,470,289,RD215 / VC504,44.2513,0.8159,Nuit sans éclairage public,Hors agglomération,Intersection en T,Normale,Sans collision,,,,,,,,,,,3,1,3,1,7.0
201600018544,0016-02-01 12:45:00,16,2,1,12,45,470,317,LDT CLAUDE,44.4625,0.41432,Plein jour,Hors agglomération,Hors intersection,Pluie légère,Autre collision,,,,,,,,,,,1,1,1,2,6.0
201600018545,0016-02-23 16:15:00,16,2,23,16,15,470,253,LDT PÉ DE DIOU,44.4099,0.15398,Plein jour,Hors agglomération,Hors intersection,Pluie légère,Sans collision,,,,,,,,,,,1,1,1,2,7.0
201600018546,0016-06-04 23:30:00,16,6,4,23,30,470,101,LE BOURG,44.4485,0.15869,Nuit sans éclairage public,En agglomération,Hors intersection,Normale,Autre collision,,,,,,,,,,,3,2,1,1,6.0
201600018547,0016-07-21 09:00:00,16,7,21,9,0,470,110,,44.4655,0.30335,Plein jour,Hors agglomération,Hors intersection,Normale,Sans collision,,,,,,,,,,,1,1,1,1,7.0
201600018548,0016-07-31 15:15:00,16,7,31,15,15,470,65,RUE MAUBEC,44.3592,0.37648,Plein jour,En agglomération,Hors intersection,Normale,Autre collision,,,,,,,,,,,1,2,1,1,6.0
201600018549,0016-08-12 20:00:00,16,8,12,20,0,470,310,LDT BEREAU,44.361,0.31956,Plein jour,Hors agglomération,Hors intersection,Temps éblouissant,Sans collision,,,,,,,,,,,1,1,1,7,7.0
201600018550,0016-09-13 17:45:00,16,9,13,17,45,470,310,LDT GILLET,44.3534,0.31993,Plein jour,Hors agglomération,Hors intersection,Normale,Sans collision,,,,,,,,,,,1,1,1,1,7.0
201600018551,0016-05-30 15:30:00,16,5,30,15,30,470,222,LIEU-DIT SENDAT,44.2876,0.13025,Plein jour,Hors agglomération,Hors intersection,Normale,Deux véhicules - frontale,,,,,,,,,,,1,1,1,1,1.0
201600018552,0016-11-23 23:15:00,16,11,23,23,15,470,106,ROUTE DE PÉRIGEUX,44.5012,0.94734,Nuit sans éclairage public,Hors agglomération,Hors intersection,Pluie forte,Autre collision,,,,,,,,,,,3,1,1,3,6.0
201600018553,0016-02-04 14:00:00,16,2,4,14,0,470,49,D225,44.4466,0.61799,Plein jour,En agglomération,Intersection en Y,Normale,Deux véhicules - côté,,,,,,,,,,,1,2,4,1,3.0
201600018554,0016-10-29 18:45:00,16,10,29,18,45,10,110,,,,Crépuscule ou aube,Hors agglomération,Hors intersection,Normale,Deux véhicules - côté,,,,,,,,,,,2,1,1,1,3.0
201600018555,0016-12-31 15:45:00,16,12,31,15,45,120,102,,44.27759,2.60869,Plein jour,Hors agglomération,Hors intersection,Normale,Deux véhicules - arrière,,,,,,,,,,,1,1,1,1,2.0
201600018556,0016-04-01 15:00:00,16,4,1,15,0,120,56,637 AVENUE DE RODEZ,44.2772,2.44456,Plein jour,En agglomération,Hors intersection,Normale,Deux véhicules - frontale,,,,,,,,,,,1,2,1,1,1.0
201600018557,0016-04-16 06:10:00,16,4,16,6,10,120,32,RD 911 - SAINT LOUIS,44.2889,2.41899,Nuit sans éclairage public,Hors agglomération,Hors intersection,Normale,Deux véhicules - frontale,,,,,,,,,,,3,1,1,1,1.0
201600018558,0016-05-15 17:45:00,16,5,15,17,45,120,187,RD 911 - PR 40+600,44.2707,2.78909,Plein jour,Hors agglomération,Hors intersection,Normale,Sans collision,,,,,,,,,,,1,1,1,1,7.0
201600018559,0016-09-20 15:30:00,16,9,20,15,30,120,133,RD 911 - PR 61+500,44.2897,2.57794,Plein jour,Hors agglomération,Hors intersection,Normale,Deux véhicules - côté,,,,,,,,,,,1,1,1,1,3.0
201600018560,0016-10-11 17:15:00,16,10,11,17,15,120,283,RD 536 - PR 5+500,44.2478,2.65292,Plein jour,Hors agglomération,Hors intersection,Normale,Deux véhicules - côté,,,,,,,,,,,1,1,1,1,3.0
201600018561,0016-10-27 18:00:00,16,10,27,18,0,120,133,AVENUE DE RODEZ,44.3162,2.55803,Plein jour,Hors agglomération,Hors intersection,Normale,Deux véhicules - côté,,,,,,,,,,,1,1,1,1,3.0
201600018562,0016-02-19 16:35:00,16,2,19,16,35,120,95,RD 11 - L'ESTRADE,44.4829,2.34429,Plein jour,Hors agglomération,Hors intersection,Normale,Autre collision,,,,,,,,,,,1,1,1,1,6.0
201600018563,0016-06-01 18:15:00,16,6,1,18,15,120,288,RD 840 - PR 16+800,44.445,2.43451,Plein jour,Hors agglomération,Hors intersection,Pluie légère,Deux véhicules - frontale,,,,,,,,,,,1,1,1,2,1.0
201600018564,0016-06-29 08:00:00,16,6,29,8,0,120,254,CADOUL,44.4228,2.53148,Plein jour,Hors agglomération,Intersection en X,Normale,Deux véhicules - côté,,,,,,,,,,,1,1,2,1,3.0
201600018565,0016-06-28 18:20:00,16,6,28,18,20,120,218,LA CARRIERE,44.5515,2.42563,Plein jour,Hors agglomération,Hors intersection,Normale,Deux véhicules - frontale,,,,,,,,,,,1,1,1,1,1.0
201600018566,0016-07-05 17:05:00,16,7,5,17,5,120,138,RD 901 TOUR DE VILLE,44.4741,2.46481,Plein jour,En agglomération,Hors intersection,Normale,Autre collision,,,,,,,,,,,1,2,1,1,6.0
201600018567,0016-11-18 13:40:00,16,11,18,13,40,120,288,RD 840 - PR 16+800,44.4451,2.43446,Plein jour,Hors agglomération,Hors intersection,Pluie légère,Autre collision,,,,,,,,,,,1,1,1,2,6.0
201600018568,0016-04-14 09:00:00,16,4,14,9,0,120,182,INTERSECTION D45-D64,44.4224,2.90481,Plein jour,Hors agglomération,Intersection en T,Normale,Deux véhicules - côté,,,,,,,,,,,1,1,3,1,3.0
201600018569,0016-05-31 13:45:00,16,5,31,13,45,120,160,LES RUSTES,44.2011,3.17531,Plein jour,Hors agglomération,Hors intersection,Pluie légère,Autre collision,,,,,,,,,,,1,1,1,2,6.0
201600018570,0016-06-25 19:30:00,16,6,25,19,30,120,77,RD 7 - PR 36+400,43.9104,3.18433,Plein jour,Hors agglomération,Hors intersection,Normale,Autre collision,,,,,,,,,,,1,1,1,1,6.0
201600018571,0016-07-02 14:25:00,16,7,2,14,25,120,204,RD 991 - PR 12+700,44.1218,3.21154,Plein jour,Hors agglomération,Hors intersection,Normale,Trois véhicules et plus - collisions multiples,,,,,,,,,,,1,1,1,1,5.0
201600018572,0016-08-11 10:10:00,16,8,11,10,10,120,82,RD 7 - PR 50+750,43.9515,3.29608,Plein jour,Hors agglomération,Hors intersection,Normale,Deux véhicules - arrière,,,,,,,,,,,1,1,1,1,2.0
201600018573,0016-04-19 10:55:00,16,4,19,10,55,120,123,RN 88 + PR 3+800,44.3332,3.05023,Plein jour,Hors agglomération,Hors intersection,Normale,Autre collision,,,,,,,,,,,1,1,1,1,6.0
201600018574,0016-05-11 10:30:00,16,5,11,10,30,120,22,RD999 - PR 37-LA GINESTE,44.0159,3.07283,Plein jour,Hors agglomération,Intersection en T,Normale,Deux véhicules - côté,,,,,,,,,,,1,1,3,1,3.0
201600018575,0016-06-09 15:10:00,16,6,9,15,10,120,208,BOULEVARD CARNOT,43.9562,2.8859,Plein jour,En agglomération,Hors intersection,Normale,Sans collision,,,,,,,,,,,1,2,1,1,7.0
201600018576,0016-06-10 17:40:00,16,6,10,17,40,120,243,15 AVENUE DU CRES,44.0122,2.96772,Plein jour,En agglomération,Hors intersection,Normale,Autre collision,,,,,,,,,,,1,2,1,1,6.0
201600018577,0016-06-22 15:00:00,16,6,22,15,0,120,208,57 BOULEVARD DE VERDUN,43.958,2.88328,Plein jour,En agglomération,Hors intersection,Normale,Autre collision,,,,,,,,,,,1,2,1,1,6.0
201600018578,0016-05-23 08:45:00,16,5,23,8,45,120,44,RAMONDENS,43.8361,2.84908,Plein jour,Hors agglomération,Hors intersection,Pluie légère,Autre collision,,,,,,,,,,,1,1,1,2,6.0
201600018579,0016-08-09 17:10:00,16,8,9,17,10,120,248,RD 999 - PR 96+200,43.8906,2.59447,Plein jour,Hors agglomération,Hors intersection,Normale,Autre collision,,,,,,,,,,,1,1,1,1,6.0
201600018580,0016-10-01 17:30:00,16,10,1,17,30,120,154,LA PLAINE,43.8842,2.81806,Plein jour,Hors agglomération,Hors intersection,Normale,Deux véhicules - côté,,,,,,,,,,,1,1,1,1,3.0
201600018581,0016-11-15 16:00:00,16,11,15,16,0,120,154,MOULIN NEUF,44.3027,2.71456,Plein jour,Hors agglomération,Hors intersection,Normale,Autre collision,,,,,,,,,,,1,1,1,1,6.0
201600018582,0016-12-17 02:15:00,16,12,17,2,15,120,44,RD 902 - PR 90+400,43.8077,2.90309,Nuit sans éclairage public,Hors agglomération,Hors intersection,Normale,Autre collision,,,,,,,,,,,3,1,1,1,6.0
201600018583,0016-08-04 18:15:00,16,8,4,18,15,120,217,MARIN,44.4119,1.92533,Plein jour,Hors agglomération,Intersection en X,Pluie légère,Deux véhicules - côté,,,,,,,,,,,1,1,2,2,3.0
201600018584,0016-11-13 13:00:00,16,11,13,13,0,120,257,RD 922 - PR 57+900,44.5505,2.02059,Plein jour,Hors agglomération,Hors intersection,Pluie légère,Autre collision,,,,,,,,,,,1,1,1,2,6.0
201600018585,0016-07-16 13:40:00,16,7,16,13,40,120,135,RD 39 - PR 23+400,44.2362,2.13141,Plein jour,Hors agglomération,Hors intersection,Normale,Deux véhicules - frontale,,,,,,,,,,,1,1,1,1,1.0
201600018586,0016-08-06 11:00:00,16,8,6,11,0,120,167,INTER RD 638 ET RD 239,44.2137,1.99979,Plein jour,Hors agglomération,Intersection en X,Normale,Deux véhicules - côté,,,,,,,,,,,1,1,2,1,3.0
201600018587,0016-12-12 06:48:00,16,12,12,6,48,120,54,RD 911 - PR 90+000,44.309,2.17452,Nuit sans éclairage public,Hors agglomération,Hors intersection,Normale,Autre collision,,,,,,,,,,,3,1,1,1,6.0
201600018588,0016-03-23 12:15:00,16,3,23,12,15,490,345,,47.26964,-0.49416,Plein jour,Hors agglomération,Hors intersection,Normale,Deux véhicules - côté,,,,,,,,,,,1,1,1,1,3.0
201600018589,0016-10-01 17:30:00,16,10,1,17,30,490,292,place ronceray,47.30146,-0.63219,Plein jour,En agglomération,Hors intersection,Normale,Autre collision,,,,,,,,,,,1,2,1,1,6.0
201600018590,0016-10-10 18:15:00,16,10,10,18,15,490,223,rue rabineau,47.39995,-0.5246,Plein jour,En agglomération,Hors intersection,Normale,Deux véhicules - côté,,,,,,,,,,,1,2,1,1,3.0