accident_id,datetime,annee,mois,jour,heure,minute,departement,commune_insee,adresse,latitude,longitude,luminosite,agglomeration,intersection,meteo,collision,nb_vehicules,nb_usagers,nb_indemnes,nb_tues,nb_blesses_hosp,nb_blesses_legers,age_cond_1,age_cond_2,veh_type_cond_1,veh_type_cond_2,lum_code,agg_code,int_code,atm_code,col_code
201600018591,0016-01-24 15:30:00,16,1,24,15,30,490,307,Les chardonnières,47.43617,-0.34326,Plein jour,Hors agglomération,Hors intersection,Normale,Autre collision,,,,,,,,,,,1,1,1,1,6.0
201600018592,0016-02-05 07:30:00,16,2,5,7,30,490,238,,47.51954,-0.43613,Crépuscule ou aube,En agglomération,Intersection en X,Autre,Deux véhicules - côté,,,,,,,,,,,2,2,2,9,3.0
201600018593,0016-02-19 08:15:00,16,2,19,8,15,490,117,,47.41845,-0.43667,Plein jour,En agglomération,Hors intersection,Temps éblouissant,Deux véhicules - frontale,,,,,,,,,,,1,2,1,7,1.0
201600018594,0016-02-24 07:45:00,16,2,24,7,45,490,42,,47.46513,-0.41837,Crépuscule ou aube,Hors agglomération,Hors intersection,Pluie légère,Deux véhicules - côté,,,,,,,,,,,2,1,1,2,3.0
201600018595,0016-04-18 10:30:00,16,4,18,10,30,490,42,Veau doré,47.47641,-0.41348,Plein jour,En agglomération,Hors intersection,Normale,Sans collision,,,,,,,,,,,1,2,1,1,7.0
201600018596,0016-09-22 21:45:00,16,9,22,21,45,490,4,29 b rue du Pigeon d'Or,47.46537,-0.39662,Nuit sans éclairage public,Hors agglomération,Hors intersection,Normale,Autre collision,,,,,,,,,,,3,1,1,1,6.0
201600018597,0016-10-26 14:30:00,16,10,26,14,30,490,377,Levée de Briollay,47.55729,-0.49992,Plein jour,Hors agglomération,Hors intersection,Normale,Deux véhicules - frontale,,,,,,,,,,,1,1,1,1,1.0
201600018598,0016-11-10 04:15:00,16,11,10,4,15,490,326,Le grand clos,47.50152,-0.38976,Nuit sans éclairage public,En agglomération,Hors intersection,Pluie légère,Autre collision,,,,,,,,,,,3,2,1,2,6.0
201600018599,0016-09-21 07:45:00,16,9,21,7,45,490,68,La Haute Parque,47.40342,-0.85295,Crépuscule ou aube,Hors agglomération,Hors intersection,Temps couvert,Deux véhicules - frontale,,,,,,,,,,,2,1,1,8,1.0
201600018600,0016-11-19 11:45:00,16,11,19,11,45,490,283,Le petit Rochefou,47.43118,-0.77098,Plein jour,Hors agglomération,Hors intersection,Normale,Trois véhicules et plus - collisions multiples,,,,,,,,,,,1,1,1,1,5.0
201600018601,0016-12-16 11:00:00,16,12,16,11,0,490,63,pont de la loire,47.35418,-0.76188,Plein jour,En agglomération,Hors intersection,Normale,Deux véhicules - frontale,,,,,,,,,,,1,2,1,1,1.0
201600018602,0016-12-10 14:30:00,16,12,10,14,30,490,296,La bodinière,47.27992,-1.20681,Plein jour,Hors agglomération,Hors intersection,Brouillard / fumée,Deux véhicules - arrière,,,,,,,,,,,1,1,1,5,2.0
201600018603,0016-02-12 14:15:00,16,2,12,14,15,490,18,La Princellière,47.57786,-0.11406,Plein jour,Hors agglomération,Hors intersection,Pluie légère,Autre collision,,,,,,,,,,,1,1,1,2,6.0
201600018604,0016-08-05 18:15:00,16,8,5,18,15,490,370,Clermont,47.2681,-0.19272,Plein jour,Hors agglomération,Hors intersection,Normale,Autre collision,,,,,,,,,,,1,1,1,1,6.0
201600018605,0016-09-04 21:00:00,16,9,4,21,0,490,374,,47.24822,-0.00787,Nuit sans éclairage public,Hors agglomération,Hors intersection,Normale,Autre collision,,,,,,,,,,,3,1,1,1,6.0
201600018606,0016-05-22 11:00:00,16,5,22,11,0,490,9,Rue Gobin,47.08419,-0.13525,Plein jour,Hors agglomération,Intersection en X,Pluie légère,Deux véhicules - côté,,,,,,,,,,,1,1,2,2,3.0
201600018607,0016-07-30 19:30:00,16,7,30,19,30,490,362,Chemin de chaintre,47.23046,-0.05353,Plein jour,Hors agglomération,Intersection en X,Normale,Deux véhicules - côté,,,,,,,,,,,1,1,2,1,3.0
201600018608,0016-09-03 15:00:00,16,9,3,15,0,490,215,,47.15457,-0.14701,Plein jour,Hors agglomération,Hors intersection,Normale,Deux véhicules - côté,,,,,,,,,,,1,1,1,1,3.0
201600018609,0016-02-22 16:45:00,16,2,22,16,45,490,54,Rue du collège,47.55954,-1.03925,Plein jour,En agglomération,Hors intersection,Pluie légère,Deux véhicules - côté,,,,,,,,,,,1,2,1,2,3.0
201600018610,0016-03-18 17:00:00,16,3,18,17,0,490,54,,47.55514,-1.00085,Plein jour,Hors agglomération,Hors intersection,Normale,Sans collision,,,,,,,,,,,1,1,1,1,7.0
201600018611,0016-06-10 14:30:00,16,6,10,14,30,490,331,place de la république,47.68464,-0.87077,Plein jour,En agglomération,Giratoire,Normale,Deux véhicules - côté,,,,,,,,,,,1,2,6,1,3.0
201600018612,0016-07-21 16:30:00,16,7,21,16,30,490,305,La Montguillonnière,47.71984,-0.71643,Plein jour,Hors agglomération,Hors intersection,Normale,Sans collision,,,,,,,,,,,1,1,1,1,7.0
201600018613,0016-08-25 18:30:00,16,8,25,18,30,490,331,rue du champ de foire,47.68284,-0.87826,Plein jour,En agglomération,Hors intersection,Normale,Deux véhicules - arrière,,,,,,,,,,,1,2,1,1,2.0
201600018614,0016-12-08 06:45:00,16,12,8,6,45,490,277,,47.67702,-0.86015,Nuit sans éclairage public,Hors agglomération,Hors intersection,Brouillard / fumée,Deux véhicules - frontale,,,,,,,,,,,3,1,1,5,1.0
201600018615,0016-12-29 20:00:00,16,12,29,20,0,490,14,La Machotière,47.70419,-0.76492,Nuit sans éclairage public,Hors agglomération,Hors intersection,Normale,Sans collision,,,,,,,,,,,3,1,1,1,7.0
201600018616,0016-11-11 13:45:00,16,11,11,13,45,550,350,,48.596,5.633,Plein jour,Hors agglomération,Hors intersection,Normale,Sans collision,,,,,,,,,,,1,1,1,1,7.0
201600018617,0016-03-31 17:15:00,16,3,31,17,15,550,8,,49.24547,5.66801,Plein jour,Hors agglomération,Hors intersection,Temps couvert,Deux véhicules - côté,,,,,,,,,,,1,1,1,8,3.0
201600018618,0016-05-01 08:00:00,16,5,1,8,0,550,57,,49.17777,5.67693,Plein jour,Hors agglomération,Hors intersection,Pluie légère,Deux véhicules - frontale,,,,,,,,,,,1,1,1,2,1.0
201600018619,0016-07-10 20:45:00,16,7,10,20,45,550,237,,49.12106,5.51073,Crépuscule ou aube,Hors agglomération,Hors intersection,Normale,Deux véhicules - frontale,,,,,,,,,,,2,1,1,1,1.0
201600018620,0016-02-25 14:15:00,16,2,25,14,15,610,74,,48.56692,-0.1471,Plein jour,En agglomération,Place,Normale,Autre collision,,,,,,,,,,,1,2,7,1,6.0
201600018621,0016-03-25 19:00:00,16,3,25,19,0,610,433,,48.52628,0.05859,Plein jour,Hors agglomération,Hors intersection,Normale,Deux véhicules - frontale,,,,,,,,,,,1,1,1,1,1.0
201600018622,0016-01-15 07:15:00,16,1,15,7,15,610,479,,48.66273,-0.07886,Nuit sans éclairage public,Hors agglomération,Hors intersection,Neige / grêle,Deux véhicules - frontale,,,,,,,,,,,3,1,1,4,1.0
201600018623,0016-01-31 18:30:00,16,1,31,18,30,610,170,,48.69517,-0.04354,Crépuscule ou aube,Hors agglomération,Intersection en X,Pluie légère,Deux véhicules - côté,,,,,,,,,,,2,1,2,2,3.0
201600018624,0016-09-14 07:30:00,16,9,14,7,30,610,179,,48.74294,-0.24446,Plein jour,Hors agglomération,Hors intersection,Normale,Deux véhicules - frontale,,,,,,,,,,,1,1,1,1,1.0
201600018625,0016-03-27 18:00:00,16,3,27,18,0,610,320,,48.89795,0.31084,Plein jour,Hors agglomération,Hors intersection,Pluie forte,Autre collision,,,,,,,,,,,1,1,1,3,6.0
201600018626,0016-06-25 11:25:00,16,6,25,11,25,610,317,,48.75795,0.34309,Plein jour,Hors agglomération,Hors intersection,Normale,Sans collision,,,,,,,,,,,1,1,1,1,7.0
201600018627,0016-10-31 13:15:00,16,10,31,13,15,610,19,,48.78962,0.22108,Plein jour,Hors agglomération,Intersection en T,Normale,Sans collision,,,,,,,,,,,1,1,3,1,7.0
201600018628,0016-02-10 08:00:00,16,2,10,8,0,610,459,,48.67116,-0.49673,Plein jour,Hors agglomération,Hors intersection,Normale,Deux véhicules - frontale,,,,,,,,,,,1,1,1,1,1.0
201600018629,0016-08-26 16:45:00,16,8,26,16,45,610,201,,48.60007,-0.67014,Plein jour,Hors agglomération,Intersection en T,Normale,Deux véhicules - côté,,,,,,,,,,,1,1,3,1,3.0
201600018630,0016-02-08 17:00:00,16,2,8,17,0,610,377,,48.7165,-0.71003,Plein jour,Hors agglomération,Intersection en T,Pluie légère,Deux véhicules - côté,,,,,,,,,,,1,1,3,2,3.0
201600018631,0016-03-05 04:00:00,16,3,5,4,0,610,30,,48.77135,-0.59779,Nuit sans éclairage public,Hors agglomération,Hors intersection,Normale,Sans collision,,,,,,,,,,,3,1,1,1,7.0
201600018632,0016-11-05 23:56:00,16,11,5,23,56,140,703,,48.9658,-0.32675,Nuit sans éclairage public,Hors agglomération,Hors intersection,Pluie légère,Sans collision,,,,,,,,,,,3,1,1,2,7.0
201600018633,0016-02-19 23:15:00,16,2,19,23,15,610,243,,48.5863,-0.33235,Nuit avec éclairage non allumé,Hors agglomération,Intersection en X,Pluie légère,Deux véhicules - frontale,,,,,,,,,,,4,1,2,2,1.0
201600018634,0016-03-02 03:15:00,16,3,2,3,15,610,35,,48.61709,-0.28103,Nuit sans éclairage public,Hors agglomération,Hors intersection,Pluie légère,Sans collision,,,,,,,,,,,3,1,1,2,7.0
201600018635,0016-11-30 10:30:00,16,11,30,10,30,610,96,,48.52561,-0.48042,Plein jour,Hors agglomération,Hors intersection,Normale,Autre collision,,,,,,,,,,,1,1,1,1,6.0
201600018636,0016-12-26 23:15:00,16,12,26,23,15,610,243,,48.58482,-0.32603,Nuit sans éclairage public,Hors agglomération,Giratoire,Normale,Autre collision,,,,,,,,,,,3,1,6,1,6.0
201600018637,0016-02-13 16:00:00,16,2,13,16,0,610,130,,48.52175,0.49466,Plein jour,Hors agglomération,Hors intersection,Pluie légère,Autre collision,,,,,,,,,,,1,1,1,2,6.0
201600018638,0016-07-19 15:15:00,16,7,19,15,15,610,414,,48.51722,0.52403,Plein jour,Hors agglomération,Hors intersection,Normale,Deux véhicules - frontale,,,,,,,,,,,1,1,1,1,1.0
201600018639,0016-07-02 03:00:00,16,7,2,3,0,610,130,,48.52656,0.49697,Nuit sans éclairage public,Hors agglomération,Hors intersection,Normale,Sans collision,,,,,,,,,,,3,1,1,1,7.0
201600018640,0016-12-13 21:15:00,16,12,13,21,15,610,128,,48.46251,0.6663,Nuit sans éclairage public,Hors agglomération,Hors intersection,Brouillard / fumée,Autre collision,,,,,,,,,,,3,1,1,5,6.0
201600018641,0016-08-07 11:45:00,16,8,7,11,45,610,100,,48.70482,0.61593,Plein jour,Hors agglomération,Intersection en X,Normale,Autre collision,,,,,,,,,,,1,1,2,1,6.0
201600018642,0016-08-31 13:30:00,16,8,31,13,30,610,456,,48.77263,0.66728,Plein jour,Hors agglomération,Hors intersection,Temps éblouissant,Sans collision,,,,,,,,,,,1,1,1,7,7.0
201600018643,0016-10-31 16:00:00,16,10,31,16,0,610,244,,48.67581,0.45217,Plein jour,Hors agglomération,Hors intersection,Normale,Autre collision,,,,,,,,,,,1,1,1,1,6.0
201600018644,0016-11-08 13:45:00,16,11,8,13,45,610,214,,48.76116,0.63425,Plein jour,En agglomération,Giratoire,Normale,Deux véhicules - arrière,,,,,,,,,,,1,2,6,1,2.0
201600018645,0016-01-06 18:15:00,16,1,6,18,15,610,207,,48.31712,0.4919,Nuit sans éclairage public,Hors agglomération,Hors intersection,Pluie légère,Autre collision,,,,,,,,,,,3,1,1,2,6.0
201600018646,0016-05-06 16:45:00,16,5,6,16,45,610,309,,48.36036,0.69746,Plein jour,Hors agglomération,Hors intersection,Normale,Deux véhicules - côté,,,,,,,,,,,1,1,1,1,3.0
201600018647,0016-05-05 08:20:00,16,5,5,8,20,610,426,,48.34548,0.53013,Plein jour,Hors agglomération,Hors intersection,Normale,Sans collision,,,,,,,,,,,1,1,1,1,7.0
201600018648,0016-05-16 18:45:00,16,5,16,18,45,610,99,CD7 - Le Champ Durand,48.31171,0.60825,Plein jour,En agglomération,Hors intersection,Normale,Autre collision,,,,,,,,,,,1,2,1,1,6.0
201600018649,0016-12-13 17:30:00,16,12,13,17,30,610,61,,48.42864,0.85573,Crépuscule ou aube,Hors agglomération,Hors intersection,Brouillard / fumée,Sans collision,,,,,,,,,,,2,1,1,5,7.0
201600018650,0016-12-18 17:00:00,16,12,18,17,0,610,500,,48.60738,0.70511,Plein jour,Hors agglomération,Hors intersection,Brouillard / fumée,Autre collision,,,,,,,,,,,1,1,1,5,6.0
201600018651,0016-01-12 09:30:00,16,1,12,9,30,760,255,AV DES CANADIENS,50.03979,1.4236,Plein jour,En agglomération,Hors intersection,Temps couvert,Deux véhicules - frontale,,,,,,,,,,,1,2,1,8,1.0
201600018652,0016-01-27 16:15:00,16,1,27,16,15,760,255,"2, PL GUILLAUME LE CONQU",50.04836,1.41923,Plein jour,En agglomération,Hors intersection,Pluie légère,Autre collision,,,,,,,,,,,1,2,1,2,6.0
201600018653,0016-02-03 08:15:00,16,2,3,8,15,760,255,"113, RTE DU TREPORT",50.05196,1.40183,Crépuscule ou aube,En agglomération,Hors intersection,Normale,Deux véhicules - côté,,,,,,,,,,,2,2,1,1,3.0
201600018654,0016-02-07 15:15:00,16,2,7,15,15,800,533,route de romval,50.07726,1.4159,Plein jour,En agglomération,Hors intersection,Normale,Sans collision,,,,,,,,,,,1,2,1,1,7.0
201600018655,0016-03-05 17:45:00,16,3,5,17,45,760,638,,50.01532,1.42731,Plein jour,Hors agglomération,Hors intersection,Normale,Deux véhicules - frontale,,,,,,,,,,,1,1,1,1,1.0
201600018656,0016-03-10 18:00:00,16,3,10,18,0,800,533,D1015,50.06091,1.4079,Plein jour,Hors agglomération,Hors intersection,Normale,Deux véhicules - arrière,,,,,,,,,,,1,1,1,1,2.0
201600018657,0016-04-06 12:30:00,16,4,6,12,30,760,711,Avenue Charles Gounod,50.05511,1.38234,Plein jour,En agglomération,Hors intersection,Normale,Deux véhicules - frontale,,,,,,,,,,,1,2,1,1,1.0
201600018658,0016-04-30 12:45:00,16,4,30,12,45,760,255,"62, R DU DOCTEUR BERGONI",50.05295,1.39059,Plein jour,En agglomération,Hors intersection,Normale,Autre collision,,,,,,,,,,,1,2,1,1,6.0
201600018659,0016-05-09 17:00:00,16,5,9,17,0,760,507,,50.04023,1.44463,Plein jour,Hors agglomération,Hors intersection,Normale,Deux véhicules - arrière,,,,,,,,,,,1,1,1,1,2.0
201600018660,0016-05-29 19:30:00,16,5,29,19,30,760,507,,50.03542,1.45544,Plein jour,Hors agglomération,Hors intersection,Normale,Deux véhicules - frontale,,,,,,,,,,,1,1,1,1,1.0
201600018661,0016-06-08 20:45:00,16,6,8,20,45,760,696,,49.99668,1.27969,Plein jour,Hors agglomération,Hors intersection,Normale,Trois véhicules et plus - collisions multiples,,,,,,,,,,,1,1,1,1,5.0
201600018662,0016-06-18 16:15:00,16,6,18,16,15,760,644,,50.00583,1.37194,Plein jour,Hors agglomération,Hors intersection,Normale,Deux véhicules - côté,,,,,,,,,,,1,1,1,1,3.0
201600018663,0016-07-14 18:30:00,16,7,14,18,30,800,533,Avenue P et M CURIE,50.06531,1.39207,Plein jour,En agglomération,Hors intersection,Normale,Autre collision,,,,,,,,,,,1,2,1,1,6.0
201600018664,0016-07-24 19:00:00,16,7,24,19,0,760,711,ROUTE DE DIEPPE,50.04867,1.36664,Plein jour,En agglomération,Hors intersection,Normale,Deux véhicules - arrière,,,,,,,,,,,1,2,1,1,2.0
201600018665,0016-09-13 07:15:00,16,9,13,7,15,760,696,,49.99392,1.27617,Plein jour,Hors agglomération,Hors intersection,Normale,Deux véhicules - frontale,,,,,,,,,,,1,1,1,1,1.0
201600018666,0016-11-10 11:45:00,16,11,10,11,45,760,27,,49.98357,1.28764,Plein jour,Hors agglomération,Hors intersection,Pluie forte,Deux véhicules - frontale,,,,,,,,,,,1,1,1,3,1.0
201600018667,0016-02-28 16:45:00,16,2,28,16,45,760,581,,49.53059,1.33302,Plein jour,Hors agglomération,Intersection en X,Normale,Deux véhicules - côté,,,,,,,,,,,1,1,2,1,3.0
201600018668,0016-05-09 11:30:00,16,5,9,11,30,760,617,AV DE LA HETRAIE,49.48383,1.15267,Plein jour,Hors agglomération,Intersection en T,Normale,Deux véhicules - côté,,,,,,,,,,,1,1,3,1,3.0
201600018669,0016-05-13 17:00:00,16,5,13,17,0,760,571,,49.56867,1.36363,Plein jour,Hors agglomération,Hors intersection,Normale,Deux véhicules - côté,,,,,,,,,,,1,1,1,1,3.0
201600018670,0016-07-19 08:00:00,16,7,19,8,0,760,560,cd7,49.42216,1.1797,Plein jour,En agglomération,Hors intersection,Temps éblouissant,Autre collision,,,,,,,,,,,1,2,1,7,6.0
201600018671,0016-07-30 21:00:00,16,7,30,21,0,760,509,Rd 15 - Impasse épine,49.49136,1.22337,Plein jour,En agglomération,Giratoire,Normale,Deux véhicules - côté,,,,,,,,,,,1,2,6,1,3.0
201600018672,0016-12-31 05:00:00,16,12,31,5,0,630,262,Rue des Percèdes,45.7011,3.1621,Nuit sans éclairage public,En agglomération,Hors intersection,Autre,Autre collision,,,,,,,,,,,3,2,1,9,6.0
201600018673,0016-02-05 18:30:00,16,2,5,18,30,630,455,22 avenue du dr presle,45.6727,3.17168,Nuit avec éclairage allumé,En agglomération,Hors intersection,Normale,Autre collision,,,,,,,,,,,5,2,1,1,6.0
201600018674,0016-03-10 08:15:00,16,3,10,8,15,630,378,,45.668,3.225,Plein jour,Hors agglomération,Hors intersection,Autre,Autre collision,,,,,,,,,,,1,1,1,9,6.0
201600018675,0016-05-28 11:30:00,16,5,28,11,30,630,350,,45.69,3.286,Plein jour,Hors agglomération,Intersection en X,Normale,Deux véhicules - côté,,,,,,,,,,,1,1,2,1,3.0
201600018676,0016-08-18 20:45:00,16,8,18,20,45,630,26,,45.665,3.042,Crépuscule ou aube,Hors agglomération,Hors intersection,Normale,Sans collision,,,,,,,,,,,2,1,1,1,7.0
201600018677,0016-08-18 14:45:00,16,8,18,14,45,630,395,rue côte des chartres,45.641,3.1037,Plein jour,En agglomération,Autre intersection,Normale,Deux véhicules - frontale,,,,,,,,,,,1,2,9,1,1.0
201600018678,0016-05-05 17:30:00,16,5,5,17,30,630,3,D996,45.544,3.764,Plein jour,En agglomération,Hors intersection,Normale,Deux véhicules - arrière,,,,,,,,,,,1,2,1,1,2.0
201600018679,0016-11-05 14:15:00,16,11,5,14,15,630,3,chemin des caires,45.58,3.762,Plein jour,En agglomération,Hors intersection,Pluie légère,Deux véhicules - frontale,,,,,,,,,,,1,2,1,2,1.0
201600018680,0016-01-10 15:15:00,16,1,10,15,15,630,207,Pont de David,,,Plein jour,En agglomération,Hors intersection,Temps couvert,Deux véhicules - frontale,,,,,,,,,,,1,2,1,8,1.0
201600018681,0016-06-01 17:15:00,16,6,1,17,15,630,258,,,,Plein jour,Hors agglomération,Hors intersection,Pluie légère,Deux véhicules - frontale,,,,,,,,,,,1,1,1,2,1.0
201600018682,0016-08-14 19:00:00,16,8,14,19,0,630,23,,45.609,3.512,Plein jour,Hors agglomération,Hors intersection,Normale,Deux véhicules - frontale,,,,,,,,,,,1,1,1,1,1.0
201600018683,0016-09-17 15:00:00,16,9,17,15,0,630,258,,45.683,3.633,Plein jour,Hors agglomération,Hors intersection,Pluie légère,Autre collision,,,,,,,,,,,1,1,1,2,6.0
201600018684,0016-10-30 01:15:00,16,10,30,1,15,630,207,,45.653,3.693,Nuit sans éclairage public,Hors agglomération,Hors intersection,Brouillard / fumée,Autre collision,,,,,,,,,,,3,1,1,5,6.0
201600018685,0016-11-06 23:15:00,16,11,6,23,15,630,86,,45.617,3.622,Nuit sans éclairage public,Hors agglomération,Hors intersection,Neige / grêle,Autre collision,,,,,,,,,,,3,1,1,4,6.0
201600018686,0016-11-17 22:15:00,16,11,17,22,15,630,132,,45.632,3.593,Nuit sans éclairage public,Hors agglomération,Hors intersection,Normale,Autre collision,,,,,,,,,,,3,1,1,1,6.0
201600018687,0016-01-29 16:45:00,16,1,29,16,45,630,54,,,,Plein jour,Hors agglomération,Hors intersection,Normale,Deux véhicules - arrière,,,,,,,,,,,1,1,1,1,2.0
201600018688,0016-02-20 00:15:00,16,2,20,0,15,630,178,route de PERRIER,45.54346,3.2243,Nuit sans éclairage public,En agglomération,Giratoire,Temps couvert,Autre collision,,,,,,,,,,,3,2,6,8,6.0
201600018689,0016-02-22 20:15:00,16,2,22,20,15,630,50,avenue de la coussonnièr,45.4147,3.3196,Nuit avec éclairage allumé,En agglomération,Giratoire,Normale,Deux véhicules - côté,,,,,,,,,,,5,2,6,1,3.0
201600018690,0016-05-26 16:00:00,16,5,26,16,0,630,255,,,,Plein jour,Hors agglomération,Hors intersection,Normale,Sans collision,,,,,,,,,,,1,1,1,1,7.0
201600018691,0016-05-30 13:00:00,16,5,30,13,0,630,352,,45.465,3.254,Plein jour,Hors agglomération,Giratoire,Normale,Autre collision,,,,,,,,,,,1,1,6,1,6.0
201600018692,0016-05-04 18:15:00,16,5,4,18,15,630,397,,45.616,2.677,Plein jour,Hors agglomération,Hors intersection,Normale,Autre collision,,,,,,,,,,,1,1,1,1,6.0
201600018693,0016-07-03 18:00:00,16,7,3,18,0,630,426,,,,Plein jour,Hors agglomération,Intersection en T,Normale,Sans collision,,,,,,,,,,,1,1,3,1,7.0
201600018694,0016-07-09 16:00:00,16,7,9,16,0,630,397,,45.602,2.717,Plein jour,Hors agglomération,Hors intersection,Normale,Sans collision,,,,,,,,,,,1,1,1,1,7.0
201600018695,0016-07-12 18:00:00,16,7,12,18,0,630,47,avenue Delattre de tassi,45.5902,2.7623,Plein jour,En agglomération,Intersection en T,Normale,Deux véhicules - côté,,,,,,,,,,,1,2,3,1,3.0
201600018696,0016-08-08 16:30:00,16,8,8,16,30,630,192,,45.52,2.659,Plein jour,Hors agglomération,Hors intersection,Temps éblouissant,Deux véhicules - frontale,,,,,,,,,,,1,1,1,7,1.0
201600018697,0016-01-25 15:15:00,16,1,25,15,15,630,322,,,,Plein jour,Hors agglomération,Hors intersection,Temps éblouissant,Deux véhicules - frontale,,,,,,,,,,,1,1,1,7,1.0
201600018698,0016-03-20 19:45:00,16,3,20,19,45,630,322,,45.85,3.166,Nuit avec éclairage non allumé,Hors agglomération,Giratoire,Normale,Deux véhicules - frontale,,,,,,,,,,,4,1,6,1,1.0
201600018699,0016-02-07 16:00:00,16,2,7,16,0,630,381,Le bourg,45.8244,2.9119,Plein jour,En agglomération,Giratoire,Temps couvert,Deux véhicules - côté,,,,,,,,,,,1,2,6,8,3.0
201600018700,0016-03-17 18:30:00,16,3,17,18,30,630,285,avenue de Verdun,45.83352,2.85813,Plein jour,En agglomération,Hors intersection,Normale,Deux véhicules - côté,,,,,,,,,,,1,2,1,1,3.0
201600018701,0016-05-02 10:15:00,16,5,2,10,15,630,237,,45.939,2.586,Plein jour,En agglomération,Intersection à plus de 4 branches,Normale,Deux véhicules - côté,,,,,,,,,,,1,2,5,1,3.0
201600018702,0016-06-07 16:30:00,16,6,7,16,30,630,381,,,,Plein jour,Hors agglomération,Hors intersection,Normale,Deux véhicules - frontale,,,,,,,,,,,1,1,1,1,1.0
201600018703,0016-06-10 19:00:00,16,6,10,19,0,630,283,,,,Plein jour,Hors agglomération,Hors intersection,Normale,Deux véhicules - frontale,,,,,,,,,,,1,1,1,1,1.0
201600018704,0016-06-11 16:30:00,16,6,11,16,30,630,228,,45.94,2.697,Plein jour,Hors agglomération,Hors intersection,Normale,Sans collision,,,,,,,,,,,1,1,1,1,7.0
201600018705,0016-10-22 17:15:00,16,10,22,17,15,630,118,,,,Plein jour,Hors agglomération,Hors intersection,Normale,Deux véhicules - frontale,,,,,,,,,,,1,1,1,1,1.0
201600018706,0016-10-24 09:45:00,16,10,24,9,45,630,186,,,,Plein jour,Hors agglomération,Hors intersection,Temps couvert,Deux véhicules - côté,,,,,,,,,,,1,1,1,8,3.0
201600018707,0016-03-26 15:30:00,16,3,26,15,30,630,223,,,,Plein jour,Hors agglomération,Hors intersection,Normale,Deux véhicules - côté,,,,,,,,,,,1,1,1,1,3.0
201600018708,0016-03-30 15:30:00,16,3,30,15,30,630,197,,,,Plein jour,Hors agglomération,Hors intersection,Normale,Autre collision,,,,,,,,,,,1,1,1,1,6.0
201600018709,0016-07-08 09:30:00,16,7,8,9,30,630,338,,46.179,2.8405,Plein jour,Hors agglomération,Intersection en X,Normale,Deux véhicules - côté,,,,,,,,,,,1,1,2,1,3.0
201600018710,0016-09-02 16:15:00,16,9,2,16,15,630,233,,46.1767,2.8102,Plein jour,Hors agglomération,Intersection en T,Normale,Deux véhicules - côté,,,,,,,,,,,1,1,3,1,3.0
201600018711,0016-11-27 08:30:00,16,11,27,8,30,630,243,,,,Plein jour,Hors agglomération,Hors intersection,Normale,Sans collision,,,,,,,,,,,1,1,1,1,7.0
201600018712,0016-12-01 00:15:00,16,12,1,0,15,630,223,,,,Nuit sans éclairage public,Hors agglomération,Hors intersection,Autre,Sans collision,,,,,,,,,,,3,1,1,9,7.0
201600018713,0016-09-10 09:30:00,16,9,10,9,30,630,430,avenue des etats unis,45.8497,3.5372,Plein jour,En agglomération,Hors intersection,Normale,Autre collision,,,,,,,,,,,1,2,1,1,6.0
201600018714,0016-12-15 19:45:00,16,12,15,19,45,630,430,Cognord,45.8879,3.5139,Nuit avec éclairage allumé,En agglomération,Hors intersection,Normale,Autre collision,,,,,,,,,,,5,2,1,1,6.0
201600018715,0016-02-09 17:30:00,16,2,9,17,30,630,249,,,,Plein jour,Hors agglomération,Hors intersection,Vent fort / tempête,Autre collision,,,,,,,,,,,1,1,1,6,6.0
201600018716,0016-02-18 15:00:00,16,2,18,15,0,630,125,av henri pourrat,45.759,3.543,Plein jour,En agglomération,Hors intersection,Normale,Deux véhicules - frontale,,,,,,,,,,,1,2,1,1,1.0
201600018717,0016-03-18 12:00:00,16,3,18,12,0,630,414,,,,Plein jour,Hors agglomération,Hors intersection,Normale,Deux véhicules - arrière,,,,,,,,,,,1,1,1,1,2.0
201600018718,0016-06-20 13:30:00,16,6,20,13,30,630,16,,45.707,3.594,Plein jour,Hors agglomération,Intersection en T,Normale,Deux véhicules - côté,,,,,,,,,,,1,1,3,1,3.0
201600018719,0016-06-29 17:00:00,16,6,29,17,0,630,249,,,,Plein jour,Hors agglomération,Intersection en T,Normale,Deux véhicules - côté,,,,,,,,,,,1,1,3,1,3.0
201600018720,0016-09-07 16:45:00,16,9,7,16,45,630,195,,,,Plein jour,Hors agglomération,Hors intersection,Normale,Deux véhicules - frontale,,,,,,,,,,,1,1,1,1,1.0
201600018721,0016-09-14 15:15:00,16,9,14,15,15,630,249,rd906,45.8,3.523,Plein jour,En agglomération,Hors intersection,Pluie légère,Autre collision,,,,,,,,,,,1,2,1,2,6.0
201600018722,0016-09-21 15:15:00,16,9,21,15,15,630,195,,,,Plein jour,Hors agglomération,Intersection en T,Normale,Deux véhicules - côté,,,,,,,,,,,1,1,3,1,3.0