accident_id,datetime,annee,mois,jour,heure,minute,departement,commune_insee,adresse,latitude,longitude,luminosite,agglomeration,intersection,meteo,collision,nb_vehicules,nb_usagers,nb_indemnes,nb_tues,nb_blesses_hosp,nb_blesses_legers,age_cond_1,age_cond_2,veh_type_cond_1,veh_type_cond_2,lum_code,agg_code,int_code,atm_code,col_code
201600018723,0016-09-24 16:30:00,16,9,24,16,30,630,125,,45.752,3.529,Plein jour,Hors agglomération,Hors intersection,Normale,Autre collision,,,,,,,,,,,1,1,1,1,6.0
201600018724,0016-02-22 10:00:00,16,2,22,10,0,630,210,,45.92,3.358,Plein jour,Hors agglomération,Hors intersection,Brouillard / fumée,Autre collision,,,,,,,,,,,1,1,1,5,6.0
201600018725,0016-03-22 14:15:00,16,3,22,14,15,630,210,,45.928,3.341,Plein jour,Hors agglomération,Hors intersection,Normale,Deux véhicules - côté,,,,,,,,,,,1,1,1,1,3.0
201600018726,0016-05-10 19:45:00,16,5,10,19,45,630,201,,,,Plein jour,Hors agglomération,Hors intersection,Normale,Deux véhicules - côté,,,,,,,,,,,1,1,1,1,3.0
201600018727,0016-04-26 15:30:00,16,4,26,15,30,890,129,,,,Plein jour,Hors agglomération,Hors intersection,Pluie légère,Sans collision,,,,,,,,,,,1,1,1,2,7.0
201600018728,0016-11-23 23:00:00,16,11,23,23,0,890,15,,47.59845,3.76485,Nuit sans éclairage public,Hors agglomération,Hors intersection,Normale,Autre collision,,,,,,,,,,,3,1,1,1,6.0
201600018729,0016-12-05 18:00:00,16,12,5,18,0,890,15,,47.61556,3.75387,Nuit sans éclairage public,Hors agglomération,Hors intersection,Normale,Deux véhicules - arrière,,,,,,,,,,,3,1,1,1,2.0
201600018730,0016-07-10 23:45:00,16,7,10,23,45,890,227,Rue du Carrouge,47.89968,3.75754,Nuit avec éclairage allumé,En agglomération,Hors intersection,Normale,Autre collision,,,,,,,,,,,5,2,1,1,6.0
201600018731,0016-12-21 08:00:00,16,12,21,8,0,890,307,,47.89937,3.71188,Crépuscule ou aube,Hors agglomération,Hors intersection,Normale,Deux véhicules - frontale,,,,,,,,,,,2,1,1,1,1.0
201600018732,0016-03-25 07:00:00,16,3,25,7,0,890,425,,48.05891,3.74617,Crépuscule ou aube,Hors agglomération,Hors intersection,Pluie légère,Autre collision,,,,,,,,,,,2,1,1,2,6.0
201600018733,0016-03-05 16:45:00,16,3,5,16,45,890,419,avenue Aristide briand,47.74151,3.29099,Plein jour,En agglomération,Hors intersection,Pluie légère,Deux véhicules - côté,,,,,,,,,,,1,2,1,2,3.0
201600018734,0016-03-04 13:15:00,16,3,4,13,15,890,217,,47.68045,3.33657,Plein jour,Hors agglomération,Hors intersection,Pluie légère,Deux véhicules - frontale,,,,,,,,,,,1,1,1,2,1.0
201600018735,0016-02-02 19:15:00,16,2,2,19,15,890,25,rue de lyon,47.49163,3.91623,Nuit avec éclairage allumé,En agglomération,Hors intersection,Normale,Deux véhicules - côté,,,,,,,,,,,5,2,1,1,3.0
201600018736,0016-06-20 19:30:00,16,6,20,19,30,890,433,,47.51489,3.81696,Plein jour,Hors agglomération,Hors intersection,Pluie légère,Sans collision,,,,,,,,,,,1,1,1,2,7.0
201600018737,0016-07-09 10:30:00,16,7,9,10,30,890,378,,47.4968,3.96689,Plein jour,Hors agglomération,Intersection à plus de 4 branches,Normale,Deux véhicules - frontale,,,,,,,,,,,1,1,5,1,1.0
201600018738,0016-12-03 18:00:00,16,12,3,18,0,890,306,,47.49191,3.87948,Nuit sans éclairage public,Hors agglomération,Hors intersection,Normale,Deux véhicules - côté,,,,,,,,,,,3,1,1,1,3.0
201600018739,0016-04-24 11:45:00,16,4,24,11,45,890,12,,47.6206,4.04497,Plein jour,Hors agglomération,Hors intersection,Normale,Deux véhicules - frontale,,,,,,,,,,,1,1,1,1,1.0
201600018740,0016-05-01 04:30:00,16,5,1,4,30,890,339,,47.55181,3.96782,Nuit sans éclairage public,Hors agglomération,Hors intersection,Autre,Autre collision,,,,,,,,,,,3,1,1,9,6.0
201600018741,0016-10-05 18:00:00,16,10,5,18,0,890,204,,,,Crépuscule ou aube,Hors agglomération,Hors intersection,Normale,Autre collision,,,,,,,,,,,2,1,1,1,6.0
201600018742,0016-10-18 17:00:00,16,10,18,17,0,890,22,12 rue du bois,47.53781,3.9886,Plein jour,En agglomération,Hors intersection,Temps éblouissant,Deux véhicules - côté,,,,,,,,,,,1,2,1,7,3.0
201600018743,0016-01-30 16:45:00,16,1,30,16,45,890,445,,47.88287,3.86827,Plein jour,Hors agglomération,Hors intersection,Pluie forte,Autre collision,,,,,,,,,,,1,1,1,3,6.0
201600018744,0016-08-08 15:45:00,16,8,8,15,45,890,184,,47.7431,4.17054,Plein jour,Hors agglomération,Hors intersection,Normale,Deux véhicules - arrière,,,,,,,,,,,1,1,1,1,2.0
201600018745,0016-09-29 07:15:00,16,9,29,7,15,890,321,10 rue Naudin,47.7342,4.23172,Crépuscule ou aube,En agglomération,Hors intersection,Normale,Deux véhicules - côté,,,,,,,,,,,2,2,1,1,3.0
201600018746,0016-10-31 15:30:00,16,10,31,15,30,890,418,,47.8491,3.93186,Plein jour,Hors agglomération,Hors intersection,Temps éblouissant,Autre collision,,,,,,,,,,,1,1,1,7,6.0
201600018747,0016-03-17 17:45:00,16,3,17,17,45,890,3,,47.86702,3.34189,Plein jour,Hors agglomération,Hors intersection,Normale,Autre collision,,,,,,,,,,,1,1,1,1,6.0
201600018748,0016-07-09 17:45:00,16,7,9,17,45,890,3,31 Rue de la Mothe,47.87337,3.34376,Plein jour,En agglomération,Hors intersection,Normale,Deux véhicules - frontale,,,,,,,,,,,1,2,1,1,1.0
201600018749,0016-01-05 09:45:00,16,1,5,9,45,890,467,,48.26788,3.08834,Plein jour,Hors agglomération,Hors intersection,Normale,Autre collision,,,,,,,,,,,1,1,1,1,6.0
201600018750,0016-03-04 22:00:00,16,3,4,22,0,890,274,45 Grande Rue,48.2234,3.22173,Nuit avec éclairage allumé,En agglomération,Hors intersection,Normale,Autre collision,,,,,,,,,,,5,2,1,1,6.0
201600018751,0016-08-30 05:30:00,16,8,30,5,30,890,144,23 route de Savigny,48.11527,3.06582,Nuit avec éclairage allumé,En agglomération,Hors intersection,Normale,Autre collision,,,,,,,,,,,5,2,1,1,6.0
201600018752,0016-04-12 15:30:00,16,4,12,15,30,710,469,,46.27661,4.54079,Plein jour,Hors agglomération,Hors intersection,Temps couvert,Deux véhicules - frontale,,,,,,,,,,,1,1,1,8,1.0
201600018753,0016-04-13 14:45:00,16,4,13,14,45,710,134,,,,Plein jour,Hors agglomération,Hors intersection,Temps couvert,Trois véhicules et plus - collisions multiples,,,,,,,,,,,1,1,1,8,5.0
201600018754,0016-05-06 23:00:00,16,5,6,23,0,710,134,,,,Nuit sans éclairage public,Hors agglomération,Hors intersection,Normale,Deux véhicules - frontale,,,,,,,,,,,3,1,1,1,1.0
201600018755,0016-05-31 10:00:00,16,5,31,10,0,710,137,,,,Plein jour,Hors agglomération,Hors intersection,Pluie forte,Sans collision,,,,,,,,,,,1,1,1,3,7.0
201600018756,0016-07-06 14:00:00,16,7,6,14,0,710,137,,46.44059,4.65271,Plein jour,En agglomération,Intersection en X,Temps éblouissant,Deux véhicules - côté,,,,,,,,,,,1,2,2,7,3.0
201600018757,0016-09-20 12:15:00,16,9,20,12,15,710,146,,,,Plein jour,Hors agglomération,Hors intersection,Normale,Deux véhicules - côté,,,,,,,,,,,1,1,1,1,3.0
201600018758,0016-10-01 10:30:00,16,10,1,10,30,710,287,,,,Plein jour,Hors agglomération,Hors intersection,Pluie légère,Deux véhicules - côté,,,,,,,,,,,1,1,1,2,3.0
201600018759,0016-11-04 08:15:00,16,11,4,8,15,710,383,RD 906,46.42734,4.8774,Crépuscule ou aube,En agglomération,Hors intersection,Brouillard / fumée,Trois véhicules et plus - collisions multiples,,,,,,,,,,,2,2,1,5,5.0
201600018760,0016-04-29 14:00:00,16,4,29,14,0,710,14,,46.94256,4.35395,Plein jour,Hors agglomération,Hors intersection,Normale,Sans collision,,,,,,,,,,,1,1,1,1,7.0
201600018761,0016-05-23 08:15:00,16,5,23,8,15,710,14,,46.92149,4.36724,Plein jour,Hors agglomération,Hors intersection,Pluie légère,Sans collision,,,,,,,,,,,1,1,1,2,7.0
201600018762,0016-05-31 21:30:00,16,5,31,21,30,710,493,,,,Crépuscule ou aube,Hors agglomération,Hors intersection,Temps couvert,Sans collision,,,,,,,,,,,2,1,1,8,7.0
201600018763,0016-08-02 07:45:00,16,8,2,7,45,710,527,le bourg,47.04787,4.21869,Plein jour,En agglomération,Hors intersection,Normale,Deux véhicules - arrière,,,,,,,,,,,1,2,1,1,2.0
201600018764,0016-10-04 14:00:00,16,10,4,14,0,710,129,,,,Plein jour,Hors agglomération,Hors intersection,Normale,Deux véhicules - frontale,,,,,,,,,,,1,1,1,1,1.0
201600018765,0016-11-09 18:15:00,16,11,9,18,15,710,15,,,,Nuit sans éclairage public,Hors agglomération,Hors intersection,Pluie légère,Deux véhicules - frontale,,,,,,,,,,,3,1,1,2,1.0
201600018766,0016-12-03 18:30:00,16,12,3,18,30,710,14,avenue Charles de Gaulle,46.95391,4.2953,Nuit avec éclairage allumé,En agglomération,Hors intersection,Autre,Deux véhicules - frontale,,,,,,,,,,,5,2,1,9,1.0
201600018767,0016-01-12 14:15:00,16,1,12,14,15,710,202,,,,Plein jour,Hors agglomération,Hors intersection,Pluie forte,Deux véhicules - frontale,,,,,,,,,,,1,1,1,3,1.0
201600018768,0016-09-25 18:30:00,16,9,25,18,30,710,450,,,,Plein jour,Hors agglomération,Hors intersection,Normale,Sans collision,,,,,,,,,,,1,1,1,1,7.0
201600018769,0016-10-05 15:45:00,16,10,5,15,45,710,73,4 rte de st loup de la s,46.90507,4.76246,Plein jour,En agglomération,Hors intersection,Normale,Autre collision,,,,,,,,,,,1,2,1,1,6.0
201600018770,0016-11-26 23:45:00,16,11,26,23,45,710,369,rue du 06 novembre 1944,46.90625,4.72044,Nuit avec éclairage allumé,En agglomération,Hors intersection,Brouillard / fumée,Sans collision,,,,,,,,,,,5,2,1,5,7.0
201600018771,0016-10-08 21:30:00,16,10,8,21,30,710,159,,46.64309,4.6432,Nuit sans éclairage public,Hors agglomération,Intersection en X,Normale,Deux véhicules - côté,,,,,,,,,,,3,1,2,1,3.0
201600018772,0016-12-09 16:45:00,16,12,9,16,45,710,221,,,,Crépuscule ou aube,Hors agglomération,Hors intersection,Brouillard / fumée,Trois véhicules et plus - collisions multiples,,,,,,,,,,,2,1,1,5,5.0
201600018773,0016-12-24 12:15:00,16,12,24,12,15,710,221,,46.76444,4.73783,Plein jour,Hors agglomération,Hors intersection,Normale,Deux véhicules - côté,,,,,,,,,,,1,1,1,1,3.0
201600018774,0016-03-25 16:00:00,16,3,25,16,0,710,187,,46.76069,4.49719,Plein jour,Hors agglomération,Intersection en X,Pluie légère,Deux véhicules - côté,,,,,,,,,,,1,1,2,2,3.0
201600018775,0016-05-18 15:30:00,16,5,18,15,30,710,310,,,,Plein jour,Hors agglomération,Hors intersection,Normale,Deux véhicules - arrière,,,,,,,,,,,1,1,1,1,2.0
201600018776,0016-06-17 18:15:00,16,6,17,18,15,710,310,,,,Plein jour,Hors agglomération,Hors intersection,Pluie légère,Deux véhicules - frontale,,,,,,,,,,,1,1,1,2,1.0
201600018777,0016-06-30 10:15:00,16,6,30,10,15,710,310,,,,Plein jour,Hors agglomération,Hors intersection,Normale,Deux véhicules - arrière,,,,,,,,,,,1,1,1,1,2.0
201600018778,0016-09-11 06:00:00,16,9,11,6,0,710,310,,,,Nuit sans éclairage public,Hors agglomération,Hors intersection,Normale,Deux véhicules - frontale,,,,,,,,,,,3,1,1,1,1.0
201600018779,0016-06-09 18:30:00,16,6,9,18,30,710,428,Cadollon,,,Plein jour,En agglomération,Intersection en T,Normale,Deux véhicules - côté,,,,,,,,,,,1,2,3,1,3.0
201600018780,0016-02-01 10:30:00,16,2,1,10,30,710,263,,46.64747,5.20437,Plein jour,En agglomération,Hors intersection,Temps couvert,Deux véhicules - arrière,,,,,,,,,,,1,2,1,8,2.0
201600018781,0016-02-04 07:45:00,16,2,4,7,45,710,558,,,,Crépuscule ou aube,Hors agglomération,Hors intersection,Normale,Trois véhicules et plus - collisions multiples,,,,,,,,,,,2,1,1,1,5.0
201600018782,0016-03-18 11:45:00,16,3,18,11,45,710,528,668 route du Bas de Rédy,46.62634,5.20258,Plein jour,En agglomération,Hors intersection,Normale,Deux véhicules - côté,,,,,,,,,,,1,2,1,1,3.0
201600018783,0016-03-02 05:45:00,16,3,2,5,45,710,580,,,,Crépuscule ou aube,Hors agglomération,Hors intersection,Normale,Sans collision,,,,,,,,,,,2,1,1,1,7.0
201600018784,0016-03-18 16:45:00,16,3,18,16,45,710,484,,,,Plein jour,Hors agglomération,Hors intersection,Normale,Trois véhicules et plus - collisions multiples,,,,,,,,,,,1,1,1,1,5.0
201600018785,0016-05-19 08:30:00,16,5,19,8,30,710,303,,,,Plein jour,Hors agglomération,Intersection en X,Normale,Deux véhicules - côté,,,,,,,,,,,1,1,2,1,3.0
201600018786,0016-08-13 16:45:00,16,8,13,16,45,710,380,,,,Plein jour,Hors agglomération,Autre intersection,Normale,Deux véhicules - frontale,,,,,,,,,,,1,1,9,1,1.0
201600018787,0016-08-25 08:45:00,16,8,25,8,45,710,196,,46.65359,5.34371,Plein jour,Hors agglomération,Hors intersection,Normale,Deux véhicules - côté,,,,,,,,,,,1,1,1,1,3.0
201600018788,0016-09-12 12:00:00,16,9,12,12,0,710,263,Rue du port,46.62941,5.21507,Plein jour,En agglomération,Hors intersection,Normale,Autre collision,,,,,,,,,,,1,2,1,1,6.0
201600018789,0016-09-16 19:00:00,16,9,16,19,0,710,300,,,,Plein jour,Hors agglomération,Hors intersection,Normale,Deux véhicules - frontale,,,,,,,,,,,1,1,1,1,1.0
201600018790,0016-10-18 14:30:00,16,10,18,14,30,710,263,390 avenue Fernand Point,46.62398,5.23086,Plein jour,En agglomération,Hors intersection,Normale,Deux véhicules - frontale,,,,,,,,,,,1,2,1,1,1.0
201600018791,0016-11-16 18:00:00,16,11,16,18,0,710,263,Rue de Bram,46.62675,5.21591,Nuit avec éclairage non allumé,En agglomération,Hors intersection,Pluie légère,Autre collision,,,,,,,,,,,4,2,1,2,6.0
201600018792,0016-02-12 14:30:00,16,2,12,14,30,710,158,,,,Plein jour,Hors agglomération,Hors intersection,Normale,Autre collision,,,,,,,,,,,1,1,1,1,6.0
201600018793,0016-03-26 19:30:00,16,3,26,19,30,710,351,,,,Crépuscule ou aube,En agglomération,Hors intersection,Normale,Deux véhicules - côté,,,,,,,,,,,2,2,1,1,3.0
201600018794,0016-01-15 10:30:00,16,1,15,10,30,710,265,,,,Plein jour,Hors agglomération,Hors intersection,Temps couvert,Deux véhicules - arrière,,,,,,,,,,,1,1,1,8,2.0
201600018795,0016-06-22 05:15:00,16,6,22,5,15,710,292,,,,Crépuscule ou aube,Hors agglomération,Hors intersection,Normale,Autre collision,,,,,,,,,,,2,1,1,1,6.0
201600018796,0016-08-25 10:45:00,16,8,25,10,45,710,292,,,,Plein jour,Hors agglomération,Hors intersection,Normale,Deux véhicules - côté,,,,,,,,,,,1,1,1,1,3.0
201600018797,0016-11-22 07:30:00,16,11,22,7,30,710,292,,,,Crépuscule ou aube,Hors agglomération,Hors intersection,Pluie légère,Deux véhicules - arrière,,,,,,,,,,,2,1,1,2,2.0
201600018798,0016-09-17 14:30:00,16,9,17,14,30,320,407,,43.5044,0.8698,Plein jour,Hors agglomération,Hors intersection,Normale,Autre collision,,,,,,,,,,,1,1,1,1,6.0
201600018799,0016-12-28 14:00:00,16,12,28,14,0,320,277,,43.4883,0.8655,Plein jour,Hors agglomération,Intersection en X,Normale,Deux véhicules - côté,,,,,,,,,,,1,1,2,1,3.0
201600018800,0016-12-28 20:00:00,16,12,28,20,0,320,433,,43.4735,0.74275,Nuit sans éclairage public,Hors agglomération,Hors intersection,Normale,Autre collision,,,,,,,,,,,3,1,1,1,6.0
201600018801,0016-08-22 12:00:00,16,8,22,12,0,320,253,,43.9822,0.8029,Plein jour,Hors agglomération,Hors intersection,Normale,Autre collision,,,,,,,,,,,1,1,1,1,6.0
201600018802,0016-01-02 08:45:00,16,1,2,8,45,320,344,RD935,43.6559,-0.07367,Crépuscule ou aube,En agglomération,Giratoire,Pluie légère,Deux véhicules - frontale,,,,,,,,,,,2,2,6,2,1.0
201600018803,0016-05-20 18:30:00,16,5,20,18,30,320,27,,43.6844,-0.16534,Plein jour,Hors agglomération,Hors intersection,Normale,Trois véhicules et plus - collisions multiples,,,,,,,,,,,1,1,1,1,5.0
201600018804,0016-04-18 22:45:00,16,4,18,22,45,810,101,,,,Nuit sans éclairage public,Hors agglomération,Hors intersection,Normale,Autre collision,,,,,,,,,,,3,1,1,1,6.0
201600018805,0016-10-16 16:55:00,16,10,16,16,55,810,319,CD600 - PK 21+700,44.0339,2.00993,Plein jour,Hors agglomération,Hors intersection,Normale,Trois véhicules et plus - collisions multiples,,,,,,,,,,,1,1,1,1,5.0
201600018806,0016-10-06 16:30:00,16,10,6,16,30,810,254,PUECH DE GRISOU,44.0584,2.22669,Plein jour,Hors agglomération,Hors intersection,Normale,Sans collision,,,,,,,,,,,1,1,1,1,7.0
201600018807,0016-08-01 14:30:00,16,8,1,14,30,810,124,,43.728,2.68993,Plein jour,Hors agglomération,Hors intersection,Normale,Autre collision,,,,,,,,,,,1,1,1,1,6.0
201600018808,0016-12-01 14:30:00,16,12,1,14,30,810,271,A 68,43.7529,1.69149,Plein jour,Hors agglomération,Hors intersection,Normale,Deux véhicules - côté,,,,,,,,,,,1,1,1,1,3.0
201600018809,0016-12-13 14:10:00,16,12,13,14,10,810,255,D630,43.738,1.74302,Plein jour,Hors agglomération,Intersection en X,Normale,Deux véhicules - côté,,,,,,,,,,,1,1,2,1,3.0
201600018810,0016-12-21 08:00:00,16,12,21,8,0,810,92,LIEU DIT LA TUILERIE,43.699,1.8728,Plein jour,Hors agglomération,Hors intersection,Normale,Deux véhicules - frontale,,,,,,,,,,,1,1,1,1,1.0
201600018811,0016-12-16 19:45:00,16,12,16,19,45,810,182,D89,43.7199,2.33187,Nuit sans éclairage public,Hors agglomération,Hors intersection,Normale,Autre collision,,,,,,,,,,,3,1,1,1,6.0
201600018812,0016-12-18 00:15:00,16,12,18,0,15,810,256,RD 89 MAREYO,43.6861,2.26873,Nuit sans éclairage public,Hors agglomération,Hors intersection,Normale,Autre collision,,,,,,,,,,,3,1,1,1,6.0
201600018813,0016-02-15 07:30:00,16,2,15,7,30,810,38,,43.8874,1.90664,Crépuscule ou aube,Hors agglomération,Hors intersection,Normale,Autre collision,,,,,,,,,,,2,1,1,1,6.0
201600018814,0016-12-08 22:30:00,16,12,8,22,30,810,197,D 30,44.0144,1.9829,Nuit sans éclairage public,Hors agglomération,Hors intersection,Normale,Autre collision,,,,,,,,,,,3,1,1,1,6.0
201600018815,0016-11-06 18:05:00,16,11,6,18,5,810,38,PLACE DE LA BOUYGUE,43.8652,1.88372,Nuit avec éclairage allumé,En agglomération,Place,Pluie forte,Autre collision,,,,,,,,,,,5,2,7,3,6.0
201600018816,0016-11-25 14:55:00,16,11,25,14,55,810,220,20 PROMENADE DES LICES,43.8226,1.72525,Plein jour,En agglomération,Hors intersection,Temps éblouissant,Autre collision,,,,,,,,,,,1,2,1,7,6.0
201600018817,0016-01-24 16:30:00,16,1,24,16,30,810,311,AV. FRANÇOIS MONTSARRAT,43.5099,2.15859,Plein jour,En agglomération,Hors intersection,Normale,Autre collision,,,,,,,,,,,1,2,1,1,6.0
201600018818,0016-04-09 09:45:00,16,4,9,9,45,810,130,AVENUE DE CASTRES,43.5782,2.27937,Plein jour,En agglomération,Hors intersection,Normale,Deux véhicules - arrière,,,,,,,,,,,1,2,1,1,2.0
201600018819,0016-09-14 07:15:00,16,9,14,7,15,810,325,,43.5531,2.1582,Nuit sans éclairage public,Hors agglomération,Hors intersection,Pluie forte,Deux véhicules - frontale,,,,,,,,,,,3,1,1,3,1.0
201600018820,0016-10-09 15:40:00,16,10,9,15,40,810,81,ROUTE DÉPARTEMENTALE 85,43.4884,2.14082,Plein jour,En agglomération,Intersection en X,Normale,Deux véhicules - côté,,,,,,,,,,,1,2,2,1,3.0
201600018821,0016-11-30 09:15:00,16,11,30,9,15,810,120,33 AVENUE JACQUES SIMON,43.5359,2.26568,Plein jour,En agglomération,Hors intersection,Normale,Autre collision,,,,,,,,,,,1,2,1,1,6.0
201600018822,0016-12-04 08:30:00,16,12,4,8,30,810,160,RD 60 PK 1+200,43.4749,2.20471,Plein jour,Hors agglomération,Hors intersection,Normale,Autre collision,,,,,,,,,,,1,1,1,1,6.0
201600018823,0016-12-06 16:45:00,16,12,6,16,45,810,204,RD 612 - PK 29+900,43.5392,2.35151,Plein jour,Hors agglomération,Hors intersection,Normale,Autre collision,,,,,,,,,,,1,1,1,1,6.0
201600018824,0016-10-04 21:00:00,16,10,4,21,0,690,63,quai de la jonchere,45.80337,4.83955,Nuit avec éclairage allumé,Hors agglomération,Hors intersection,Normale,Autre collision,,,,,,,,,,,5,1,1,1,6.0
201600018825,0016-12-22 01:19:00,16,12,22,1,19,690,63,chemin de rochebozon,45.80453,4.83831,Nuit avec éclairage allumé,En agglomération,Intersection en T,Normale,Autre collision,,,,,,,,,,,5,2,3,1,6.0
201600018826,0016-04-25 13:30:00,16,4,25,13,30,690,135,Le Bourg,,,Plein jour,En agglomération,Hors intersection,Normale,Autre collision,,,,,,,,,,,1,2,1,1,6.0
201600018827,0016-05-01 17:30:00,16,5,1,17,30,690,18,CD337,,,Plein jour,En agglomération,Hors intersection,Pluie légère,Deux véhicules - frontale,,,,,,,,,,,1,2,1,2,1.0
201600018828,0016-11-04 09:45:00,16,11,4,9,45,690,267,Les Vermonts,46.17255,4.65108,Plein jour,Hors agglomération,Hors intersection,Normale,Autre collision,,,,,,,,,,,1,1,1,1,6.0
201600018829,0016-11-22 20:00:00,16,11,22,20,0,690,124,Lieu-dit Les charmilles,46.10823,4.56134,Nuit sans éclairage public,Hors agglomération,Hors intersection,Brouillard / fumée,Sans collision,,,,,,,,,,,3,1,1,5,7.0
201600018830,0016-12-28 10:30:00,16,12,28,10,30,690,162,D337/route de Montmay,46.12958,4.62328,Plein jour,Hors agglomération,Intersection en T,Normale,Deux véhicules - côté,,,,,,,,,,,1,1,3,1,3.0
201600018831,0016-07-28 15:30:00,16,7,28,15,30,690,169,,45.978,4.392,Plein jour,Hors agglomération,Hors intersection,Normale,Sans collision,,,,,,,,,,,1,1,1,1,7.0
201600018832,0016-10-10 17:20:00,16,10,10,17,20,690,66,Route de Chauffailles,46.10629,4.33065,Plein jour,En agglomération,Intersection en Y,Normale,Deux véhicules - frontale,,,,,,,,,,,1,2,4,1,1.0
201600018833,0016-12-08 18:50:00,16,12,8,18,50,690,214,lieu dit chavanis,45.98084,4.32587,Nuit avec éclairage allumé,Hors agglomération,Hors intersection,Normale,Deux véhicules - côté,,,,,,,,,,,5,1,1,1,3.0
201600018834,0016-01-29 17:30:00,16,1,29,17,30,330,363,21 route de Lignan,44.78352,-0.41662,Plein jour,En agglomération,Hors intersection,Normale,Autre collision,,,,,,,,,,,1,2,1,1,6.0
201600018835,0016-07-15 13:45:00,16,7,15,13,45,330,11,Carref D3 Ch de Maridate,44.78416,-1.14342,Plein jour,En agglomération,Intersection en T,Normale,Deux véhicules - côté,,,,,,,,,,,1,2,3,1,3.0
201600018836,0016-03-08 06:15:00,16,3,8,6,15,330,439,RD18,45.12142,-0.42463,Crépuscule ou aube,Hors agglomération,Hors intersection,Normale,Sans collision,,,,,,,,,,,2,1,1,1,7.0
201600018837,0016-03-19 17:45:00,16,3,19,17,45,330,151,Rte du Grand Moulin,45.25467,-0.43643,Plein jour,Hors agglomération,Hors intersection,Normale,Autre collision,,,,,,,,,,,1,1,1,1,6.0
201600018838,0016-03-01 13:45:00,16,3,1,13,45,330,316,,,,Plein jour,Hors agglomération,Hors intersection,Normale,Autre collision,,,,,,,,,,,1,1,1,1,6.0
201600018839,0016-12-17 10:45:00,16,12,17,10,45,330,163,RD11 / RD140,44.77459,-0.24395,Plein jour,Hors agglomération,Intersection en X,Normale,Deux véhicules - côté,,,,,,,,,,,1,1,2,1,3.0
201600018840,0016-01-01 03:20:00,16,1,1,3,20,330,333,RD3,44.9178,-1.07698,Nuit sans éclairage public,Hors agglomération,Hors intersection,Normale,Deux véhicules - frontale,,,,,,,,,,,3,1,1,1,1.0
201600018841,0016-04-24 00:40:00,16,4,24,0,40,330,314,RD 206 / RD104 E3,45.1755,-0.77439,Nuit sans éclairage public,Hors agglomération,Intersection en X,Normale,Deux véhicules - côté,,,,,,,,,,,3,1,2,1,3.0
201600018842,0016-05-30 07:30:00,16,5,30,7,30,330,395,lieu-dit le blanquet,45.23187,-0.7872,Plein jour,En agglomération,Hors intersection,Normale,Sans collision,,,,,,,,,,,1,2,1,1,7.0
201600018843,0016-07-27 18:50:00,16,7,27,18,50,330,424,RD1215 (BUSE B?TON),45.1111,-0.80637,Plein jour,Hors agglomération,Hors intersection,Normale,Autre collision,,,,,,,,,,,1,1,1,1,6.0
201600018844,0016-09-22 06:45:00,16,9,22,6,45,330,424,,45.126,-0.809,Nuit sans éclairage public,Hors agglomération,Hors intersection,Normale,Deux véhicules - arrière,,,,,,,,,,,3,1,1,1,2.0
201600018845,0016-10-10 11:15:00,16,10,10,11,15,330,424,Inters D1215 Ch Fourton,45.17281,-0.83736,Plein jour,Hors agglomération,Hors intersection,Normale,Trois véhicules et plus - collisions multiples,,,,,,,,,,,1,1,1,1,5.0
201600018846,0016-05-07 12:30:00,16,5,7,12,30,330,540,,,,Plein jour,Hors agglomération,Hors intersection,Normale,Deux véhicules - côté,,,,,,,,,,,1,1,1,1,3.0
201600018847,0016-05-24 12:30:00,16,5,24,12,30,330,348,RD 1215,,,Plein jour,Hors agglomération,Hors intersection,Normale,Deux véhicules - frontale,,,,,,,,,,,1,1,1,1,1.0
201600018848,0016-08-15 10:00:00,16,8,15,10,0,330,540,Bd.Gal Leclerc R.Estreme,45.3804,-1.15198,Plein jour,En agglomération,Intersection en X,Normale,Deux véhicules - côté,,,,,,,,,,,1,2,2,1,3.0
201600018849,0016-04-10 13:15:00,16,4,10,13,15,330,86,D121 - LD Contrai,44.80138,-0.30289,Plein jour,Hors agglomération,Intersection en T,Normale,Deux véhicules - côté,,,,,,,,,,,1,1,3,1,3.0
201600018850,0016-09-10 11:00:00,16,9,10,11,0,650,340,,43.28345,0.13414,Plein jour,Hors agglomération,Hors intersection,Normale,Deux véhicules - frontale,,,,,,,,,,,1,1,1,1,1.0
201600018851,0016-06-18 10:30:00,16,6,18,10,30,650,121,,43.3496,0.071,Plein jour,Hors agglomération,Hors intersection,Normale,Deux véhicules - frontale,,,,,,,,,,,1,1,1,1,1.0
201600018852,0016-08-07 14:30:00,16,8,7,14,30,650,137,,43.5175,-0.01243,Plein jour,Hors agglomération,Hors intersection,Normale,Autre collision,,,,,,,,,,,1,1,1,1,6.0
201600018853,0016-12-19 17:30:00,16,12,19,17,30,650,460,Avenue Joseph LAFFITE,43.3734,0.05995,Nuit avec éclairage allumé,En agglomération,Hors intersection,Normale,Sans collision,,,,,,,,,,,5,2,1,1,7.0