accident_id,datetime,annee,mois,jour,heure,minute,departement,commune_insee,adresse,latitude,longitude,luminosite,agglomeration,intersection,meteo,collision,nb_vehicules,nb_usagers,nb_indemnes,nb_tues,nb_blesses_hosp,nb_blesses_legers,age_cond_1,age_cond_2,veh_type_cond_1,veh_type_cond_2,lum_code,agg_code,int_code,atm_code,col_code
201600018854,0016-06-03 14:30:00,16,6,3,14,30,650,334,D13,43.0739,-0.0788,Plein jour,En agglomération,Intersection en Y,Normale,Deux véhicules - frontale,,,,,,,,,,,1,2,4,1,1.0
201600018855,0016-07-26 02:00:00,16,7,26,2,0,650,395,,43.1041,-0.17491,Nuit sans éclairage public,Hors agglomération,Hors intersection,Normale,Autre collision,,,,,,,,,,,3,1,1,1,6.0
201600018856,0016-09-11 00:01:00,16,9,11,0,1,650,218,,43.0109,0.37343,Nuit sans éclairage public,Hors agglomération,Hors intersection,Normale,Deux véhicules - frontale,,,,,,,,,,,3,1,1,1,1.0
201600018857,0016-11-18 16:00:00,16,11,18,16,0,650,258,rd pt medaille militaire,43.12126,0.38325,Plein jour,En agglomération,Giratoire,Pluie légère,Deux véhicules - côté,,,,,,,,,,,1,2,6,2,3.0
201600018858,0016-11-28 17:45:00,16,11,28,17,45,650,258,Intersection D10/D210,43.1144,0.39375,Nuit avec éclairage allumé,En agglomération,Intersection en T,Normale,Deux véhicules - frontale,,,,,,,,,,,5,2,3,1,1.0
201600018859,0016-02-07 19:45:00,16,2,7,19,45,650,75,,42.8562,0.34164,Nuit sans éclairage public,Hors agglomération,Hors intersection,Normale,Sans collision,,,,,,,,,,,3,1,1,1,7.0
201600018860,0016-05-10 15:45:00,16,5,10,15,45,410,49,,47.32913,1.50291,Plein jour,Hors agglomération,Hors intersection,Normale,Autre collision,,,,,,,,,,,1,1,1,1,6.0
201600018861,0016-05-18 08:15:00,16,5,18,8,15,410,16,,47.33715,1.54751,Plein jour,Hors agglomération,Hors intersection,Temps couvert,Deux véhicules - arrière,,,,,,,,,,,1,1,1,8,2.0
201600018862,0016-08-04 06:00:00,16,8,4,6,0,410,49,,47.32786,1.49764,Crépuscule ou aube,Hors agglomération,Hors intersection,Pluie légère,Autre collision,,,,,,,,,,,2,1,1,2,6.0
201600018863,0016-08-14 19:15:00,16,8,14,19,15,410,229,,47.30565,1.35629,Plein jour,Hors agglomération,Autre intersection,Normale,Deux véhicules - côté,,,,,,,,,,,1,1,9,1,3.0
201600018864,0016-08-17 11:15:00,16,8,17,11,15,410,126,,47.29561,1.31361,Plein jour,Hors agglomération,Hors intersection,Normale,Autre collision,,,,,,,,,,,1,1,1,1,6.0
201600018865,0016-12-15 20:30:00,16,12,15,20,30,410,280,,47.32158,1.76713,Nuit sans éclairage public,Hors agglomération,Hors intersection,Normale,Autre collision,,,,,,,,,,,3,1,1,1,6.0
201600018866,0016-02-06 10:15:00,16,2,6,10,15,820,37,,,,Plein jour,Hors agglomération,Hors intersection,Normale,Deux véhicules - côté,,,,,,,,,,,1,1,1,1,3.0
201600018867,0016-08-13 20:00:00,16,8,13,20,0,820,76,,,,Plein jour,Hors agglomération,Intersection à plus de 4 branches,Normale,Deux véhicules - côté,,,,,,,,,,,1,1,5,1,3.0
201600018868,0016-05-12 17:00:00,16,5,12,17,0,820,123,611 route de MONTAUBAN,,,Plein jour,En agglomération,Hors intersection,Normale,Autre collision,,,,,,,,,,,1,2,1,1,6.0
201600018869,0016-02-21 17:45:00,16,2,21,17,45,820,118,,,,Plein jour,Hors agglomération,Hors intersection,Normale,Deux véhicules - côté,,,,,,,,,,,1,1,1,1,3.0
201600018870,0016-03-17 17:15:00,16,3,17,17,15,820,112,3078 ROUTE DES VERGERS,,,Plein jour,En agglomération,Hors intersection,Normale,Autre collision,,,,,,,,,,,1,2,1,1,6.0
201600018871,0016-04-10 15:30:00,16,4,10,15,30,820,112,1555 rue des vergers,,,Plein jour,Hors agglomération,Hors intersection,Normale,Autre collision,,,,,,,,,,,1,1,1,1,6.0
201600018872,0016-11-21 18:00:00,16,11,21,18,0,820,96,,44.04333,1.25566,Nuit sans éclairage public,Hors agglomération,Hors intersection,Pluie légère,Autre collision,,,,,,,,,,,3,1,1,2,6.0
201600018873,0016-01-25 20:00:00,16,1,25,20,0,800,234,"18, RUE DE LA REPUBLIQUE",49.90217,2.45242,Nuit avec éclairage allumé,En agglomération,Hors intersection,Normale,Deux véhicules - côté,,,,,,,,,,,5,2,1,1,3.0
201600018874,0016-03-14 20:45:00,16,3,14,20,45,800,461,Rue du Huit Mai,49.88602,2.38378,Nuit sans éclairage public,En agglomération,Hors intersection,Normale,Autre collision,,,,,,,,,,,3,2,1,1,6.0
201600018875,0016-04-17 03:00:00,16,4,17,3,0,800,411,D 71,49.90384,2.56082,Nuit sans éclairage public,Hors agglomération,Hors intersection,Normale,Autre collision,,,,,,,,,,,3,1,1,1,6.0
201600018876,0016-06-09 17:15:00,16,6,9,17,15,800,212,PL DE L'ENCLOS,49.91014,2.50993,Plein jour,En agglomération,Hors intersection,Normale,Autre collision,,,,,,,,,,,1,2,1,1,6.0
201600018877,0016-08-30 16:30:00,16,8,30,16,30,800,107,RD 1029,49.86897,2.42729,Plein jour,Hors agglomération,Hors intersection,Normale,Trois véhicules et plus - collisions multiples,,,,,,,,,,,1,1,1,1,5.0
201600018878,0016-10-13 21:30:00,16,10,13,21,30,800,212,"3, R Edouard HAUTECOEUR",49.9103,2.50751,Nuit avec éclairage allumé,En agglomération,Hors intersection,Normale,Autre collision,,,,,,,,,,,5,2,1,1,6.0
201600018879,0016-11-25 06:35:00,16,11,25,6,35,800,212,RD1 / RD 23,49.91685,2.51659,Nuit avec éclairage allumé,En agglomération,Intersection en Y,Normale,Deux véhicules - côté,,,,,,,,,,,5,2,4,1,3.0
201600018880,0016-11-30 13:00:00,16,11,30,13,0,800,36,RD 167,49.88744,2.4633,Plein jour,Hors agglomération,Hors intersection,Normale,Sans collision,,,,,,,,,,,1,1,1,1,7.0
201600018881,0016-03-03 16:45:00,16,3,3,16,45,800,13,"4, ROUTE DE OISEMONT",49.96552,1.93506,Plein jour,En agglomération,Hors intersection,Normale,Deux véhicules - arrière,,,,,,,,,,,1,2,1,1,2.0
201600018882,0016-03-30 17:30:00,16,3,30,17,30,800,443,RUE DE MOLLIENS-VIDAME,49.8476,1.9065,Plein jour,En agglomération,Hors intersection,Pluie légère,Deux véhicules - frontale,,,,,,,,,,,1,2,1,2,1.0
201600018883,0016-04-06 08:15:00,16,4,6,8,15,800,606,RUE SADI CARNOT,49.95473,1.76944,Plein jour,En agglomération,Hors intersection,Normale,Deux véhicules - côté,,,,,,,,,,,1,2,1,1,3.0
201600018884,0016-05-19 20:45:00,16,5,19,20,45,800,606,RD 936,49.9577,1.75125,Plein jour,Hors agglomération,Hors intersection,Normale,Autre collision,,,,,,,,,,,1,1,1,1,6.0
201600018885,0016-06-01 19:15:00,16,6,1,19,15,800,165,D211,49.87562,1.95476,Plein jour,Hors agglomération,Hors intersection,Normale,Deux véhicules - frontale,,,,,,,,,,,1,1,1,1,1.0
201600018886,0016-08-09 15:45:00,16,8,9,15,45,800,62,RD 496,49.83137,1.77947,Plein jour,Hors agglomération,Hors intersection,Normale,Deux véhicules - frontale,,,,,,,,,,,1,1,1,1,1.0
201600018887,0016-09-19 16:30:00,16,9,19,16,30,800,606,RD 29,49.95803,1.77574,Plein jour,Hors agglomération,Hors intersection,Normale,Sans collision,,,,,,,,,,,1,1,1,1,7.0
201600018888,0016-12-19 20:20:00,16,12,19,20,20,800,456,RUE GEORGES LECOMPTE,49.80188,1.79502,Nuit sans éclairage public,En agglomération,Hors intersection,Normale,Autre collision,,,,,,,,,,,3,2,1,1,6.0
201600018889,0016-12-20 14:25:00,16,12,20,14,25,800,606,RD25 - 7+500,49.94483,1.75034,Plein jour,Hors agglomération,Hors intersection,Normale,Autre collision,,,,,,,,,,,1,1,1,1,6.0
201600018890,0016-01-07 19:45:00,16,1,7,19,45,800,670,CARR RD1029 / RD51,49.84499,2.14986,Nuit sans éclairage public,Hors agglomération,Intersection en X,Normale,Deux véhicules - côté,,,,,,,,,,,3,1,2,1,3.0
201600018891,0016-03-17 08:15:00,16,3,17,8,15,800,211,20 RUE HENRI DUNANT,49.73854,2.15377,Plein jour,En agglomération,Hors intersection,Normale,Deux véhicules - arrière,,,,,,,,,,,1,2,1,1,2.0
201600018892,0016-05-05 21:30:00,16,5,5,21,30,800,582,23 rue d'en bas,49.81127,2.11218,Nuit avec éclairage allumé,En agglomération,Hors intersection,Normale,Autre collision,,,,,,,,,,,5,2,1,1,6.0
201600018893,0016-06-11 19:15:00,16,6,11,19,15,800,656,D1029 CHAUSSEE THIERS,49.82272,2.08597,Plein jour,En agglomération,Hors intersection,Normale,Sans collision,,,,,,,,,,,1,2,1,1,7.0
201600018894,0016-09-02 19:30:00,16,9,2,19,30,800,577,RD 1029,49.79728,2.03627,Plein jour,Hors agglomération,Hors intersection,Normale,Autre collision,,,,,,,,,,,1,1,1,1,6.0
201600018895,0016-09-07 10:45:00,16,9,7,10,45,800,630,RD 901 (rue Saint Denis),49.77467,1.98312,Plein jour,En agglomération,Hors intersection,Normale,Autre collision,,,,,,,,,,,1,2,1,1,6.0
201600018896,0016-09-13 10:15:00,16,9,13,10,15,800,211,CARR D920/D210,49.73976,2.18086,Plein jour,Hors agglomération,Intersection en X,Normale,Deux véhicules - côté,,,,,,,,,,,1,1,2,1,3.0
201600018897,0016-11-03 14:30:00,16,11,3,14,30,800,98,"5, RUE DE LA MAIRIE",49.80352,1.87747,Plein jour,En agglomération,Hors intersection,Normale,Autre collision,,,,,,,,,,,1,2,1,1,6.0
201600018898,0016-12-07 06:15:00,16,12,7,6,15,800,791,RD 210,49.83645,2.24034,Nuit sans éclairage public,Hors agglomération,Hors intersection,Normale,Deux véhicules - frontale,,,,,,,,,,,3,1,1,1,1.0
201600018899,0016-02-29 00:15:00,16,2,29,0,15,800,639,RN 25,49.94056,2.30836,Nuit sans éclairage public,Hors agglomération,Hors intersection,Normale,Autre collision,,,,,,,,,,,3,1,1,1,6.0
201600018900,0016-02-29 18:45:00,16,2,29,18,45,800,718,,49.94868,2.2124,Crépuscule ou aube,Hors agglomération,Hors intersection,Normale,Deux véhicules - frontale,,,,,,,,,,,2,1,1,1,1.0
201600018901,0016-03-28 20:45:00,16,3,28,20,45,800,187,"D 1001, PR 38+470",49.96396,2.17328,Nuit sans éclairage public,Hors agglomération,Hors intersection,Normale,Deux véhicules - frontale,,,,,,,,,,,3,1,1,1,1.0
201600018902,0016-03-27 17:45:00,16,3,27,17,45,800,718,CARR D97/D12,49.95187,2.2384,Plein jour,Hors agglomération,Intersection en X,Normale,Deux véhicules - frontale,,,,,,,,,,,1,1,2,1,1.0
201600018903,0016-04-18 16:30:00,16,4,18,16,30,800,82,RD 1001,49.97981,2.13375,Plein jour,Hors agglomération,Hors intersection,Normale,Deux véhicules - côté,,,,,,,,,,,1,1,1,1,3.0
201600018904,0016-05-12 01:45:00,16,5,12,1,45,800,650,Giratoire D929/VC,49.93316,2.41158,Nuit sans éclairage public,Hors agglomération,Giratoire,Pluie légère,Autre collision,,,,,,,,,,,3,1,6,2,6.0
201600018905,0016-05-12 09:45:00,16,5,12,9,45,800,738,CARR D936/D95,49.94751,2.08196,Plein jour,Hors agglomération,Intersection en X,Normale,Deux véhicules - côté,,,,,,,,,,,1,1,2,1,3.0
201600018906,0016-07-22 16:30:00,16,7,22,16,30,800,704,RD 919,,,Plein jour,Hors agglomération,Hors intersection,Normale,Sans collision,,,,,,,,,,,1,1,1,1,7.0
201600018907,0016-07-22 15:15:00,16,7,22,15,15,800,722,RD 12,49.96528,2.21295,Plein jour,Hors agglomération,Hors intersection,Normale,Deux véhicules - côté,,,,,,,,,,,1,1,1,1,3.0
201600018908,0016-07-31 11:00:00,16,7,31,11,0,800,316,RD 113,50.01579,2.22757,Plein jour,Hors agglomération,Hors intersection,Normale,Autre collision,,,,,,,,,,,1,1,1,1,6.0
201600018909,0016-08-03 14:15:00,16,8,3,14,15,800,639,RD 933,49.95093,2.27629,Plein jour,Hors agglomération,Hors intersection,Normale,Deux véhicules - frontale,,,,,,,,,,,1,1,1,1,1.0
201600018910,0016-08-04 19:45:00,16,8,4,19,45,800,229,RD 3,49.97453,2.07297,Plein jour,Hors agglomération,Hors intersection,Normale,Deux véhicules - frontale,,,,,,,,,,,1,1,1,1,1.0
201600018911,0016-08-11 16:45:00,16,8,11,16,45,800,207,Rue du Chateau,50.00525,2.48014,Plein jour,En agglomération,Hors intersection,Normale,Deux véhicules - côté,,,,,,,,,,,1,2,1,1,3.0
201600018912,0016-10-19 20:15:00,16,10,19,20,15,800,639,RN 25,49.97975,2.31606,Nuit sans éclairage public,Hors agglomération,Hors intersection,Normale,Autre collision,,,,,,,,,,,3,1,1,1,6.0
201600018913,0016-10-27 14:40:00,16,10,27,14,40,800,782,R GUILBERT/R EPINETTE,49.96315,2.24566,Plein jour,En agglomération,Intersection en T,Normale,Deux véhicules - côté,,,,,,,,,,,1,2,3,1,3.0
201600018914,0016-12-01 18:30:00,16,12,1,18,30,800,639,RN25,49.93109,2.30646,Nuit sans éclairage public,Hors agglomération,Hors intersection,Normale,Autre collision,,,,,,,,,,,3,1,1,1,6.0
201600018915,0016-12-08 14:45:00,16,12,8,14,45,800,24,31 rue du bois Quatorze,49.93686,2.26197,Plein jour,Hors agglomération,Hors intersection,Normale,Deux véhicules - arrière,,,,,,,,,,,1,1,1,1,2.0
201600018916,0016-12-13 18:30:00,16,12,13,18,30,800,798,RD97 - RUE DE LA POSTE,49.99637,2.31845,Nuit avec éclairage allumé,En agglomération,Hors intersection,Normale,Autre collision,,,,,,,,,,,5,2,1,1,6.0
201600018917,0016-12-21 15:00:00,16,12,21,15,0,800,341,RD 936 - 3+380,49.94329,2.09737,Plein jour,Hors agglomération,Hors intersection,Normale,Deux véhicules - frontale,,,,,,,,,,,1,1,1,1,1.0
201600018918,0016-01-23 09:15:00,16,1,23,9,15,800,512,,50.06138,1.8391,Plein jour,Hors agglomération,Hors intersection,Temps couvert,Autre collision,,,,,,,,,,,1,1,1,8,6.0
201600018919,0016-02-03 09:45:00,16,2,3,9,45,800,825,,49.959,1.84869,Plein jour,Hors agglomération,Hors intersection,Normale,Deux véhicules - frontale,,,,,,,,,,,1,1,1,1,1.0
201600018920,0016-02-13 12:45:00,16,2,13,12,45,800,716,,50.12681,1.97555,Plein jour,Hors agglomération,Hors intersection,Pluie légère,Sans collision,,,,,,,,,,,1,1,1,2,7.0
201600018921,0016-05-17 13:45:00,16,5,17,13,45,800,200,RD 112,50.04909,1.92898,Plein jour,Hors agglomération,Hors intersection,Normale,Sans collision,,,,,,,,,,,1,1,1,1,7.0
201600018922,0016-05-25 12:15:00,16,5,25,12,15,800,588,Rue des CROISETTES,50.12905,1.89599,Plein jour,Hors agglomération,Hors intersection,Normale,Deux véhicules - côté,,,,,,,,,,,1,1,1,1,3.0
201600018923,0016-06-05 20:15:00,16,6,5,20,15,800,262,80 Route du val de Somme,50.06736,1.88073,Plein jour,En agglomération,Hors intersection,Normale,Deux véhicules - côté,,,,,,,,,,,1,2,1,1,3.0
201600018924,0016-06-09 16:30:00,16,6,9,16,30,800,546,CARR Rue des ecoles,50.09739,1.72096,Plein jour,En agglomération,Intersection en X,Normale,Deux véhicules - côté,,,,,,,,,,,1,2,2,1,3.0
201600018925,0016-06-10 19:00:00,16,6,10,19,0,800,262,D 901,50.06054,1.89563,Plein jour,Hors agglomération,Hors intersection,Normale,Deux véhicules - frontale,,,,,,,,,,,1,1,1,1,1.0
201600018926,0016-06-14 18:45:00,16,6,14,18,45,800,546,D925,50.09878,1.73166,Plein jour,Hors agglomération,Hors intersection,Pluie légère,Sans collision,,,,,,,,,,,1,1,1,2,7.0
201600018927,0016-07-03 00:30:00,16,7,3,0,30,800,830,RUE DE BUIGNY,50.10043,1.97078,Nuit sans éclairage public,En agglomération,Hors intersection,Normale,Deux véhicules - frontale,,,,,,,,,,,3,2,1,1,1.0
201600018928,0016-07-16 06:15:00,16,7,16,6,15,800,574,RD 1001,50.04272,2.05878,Crépuscule ou aube,Hors agglomération,Hors intersection,Normale,Deux véhicules - côté,,,,,,,,,,,2,1,1,1,3.0
201600018929,0016-07-17 02:00:00,16,7,17,2,0,800,171,"11, RUE VERTE",50.13181,1.88581,Nuit sans éclairage public,En agglomération,Hors intersection,Normale,Autre collision,,,,,,,,,,,3,2,1,1,6.0
201600018930,0016-08-09 12:15:00,16,8,9,12,15,800,155,RD 12,50.11268,2.01755,Plein jour,Hors agglomération,Hors intersection,Normale,Sans collision,,,,,,,,,,,1,1,1,1,7.0
201600018931,0016-08-22 18:45:00,16,8,22,18,45,800,779,RD 1001,50.09339,1.87505,Plein jour,Hors agglomération,Hors intersection,Normale,Deux véhicules - côté,,,,,,,,,,,1,1,1,1,3.0
201600018932,0016-08-30 18:45:00,16,8,30,18,45,800,171,"128, RUE DES PRES",50.12253,1.86793,Plein jour,En agglomération,Hors intersection,Normale,Deux véhicules - arrière,,,,,,,,,,,1,2,1,1,2.0
201600018933,0016-08-31 16:15:00,16,8,31,16,15,800,716,RUE de DOULLENS,50.13566,1.95334,Plein jour,En agglomération,Hors intersection,Normale,Sans collision,,,,,,,,,,,1,2,1,1,7.0
201600018934,0016-08-31 17:30:00,16,8,31,17,30,800,260,RD 928 /VC(r de la gare),50.15168,1.85188,Plein jour,En agglomération,Hors intersection,Normale,Deux véhicules - côté,,,,,,,,,,,1,2,1,1,3.0
201600018935,0016-09-07 09:45:00,16,9,7,9,45,800,635,RD 901,50.05988,1.89704,Plein jour,Hors agglomération,Hors intersection,Normale,Deux véhicules - côté,,,,,,,,,,,1,1,1,1,3.0
201600018936,0016-09-17 20:15:00,16,9,17,20,15,800,163,RD 925,50.106,1.76471,Nuit sans éclairage public,Hors agglomération,Hors intersection,Normale,Deux véhicules - frontale,,,,,,,,,,,3,1,1,1,1.0
201600018937,0016-09-20 12:00:00,16,9,20,12,0,800,328,RD 3,50.02443,1.95799,Plein jour,Hors agglomération,Hors intersection,Normale,Sans collision,,,,,,,,,,,1,1,1,1,7.0
201600018938,0016-10-04 07:10:00,16,10,4,7,10,800,574,RD 1001,50.05017,2.04376,Plein jour,Hors agglomération,Hors intersection,Brouillard / fumée,Deux véhicules - frontale,,,,,,,,,,,1,1,1,5,1.0
201600018939,0016-10-14 13:00:00,16,10,14,13,0,800,385,RD 40,50.12355,1.8052,Plein jour,Hors agglomération,Hors intersection,Normale,Deux véhicules - arrière,,,,,,,,,,,1,1,1,1,2.0
201600018940,0016-10-14 12:45:00,16,10,14,12,45,800,385,D40,50.12815,1.78493,Plein jour,Hors agglomération,Autre intersection,Normale,Deux véhicules - arrière,,,,,,,,,,,1,1,9,1,2.0
201600018941,0016-10-16 17:00:00,16,10,16,17,0,800,260,D928 - Rte Nationale,50.15527,1.85461,Plein jour,En agglomération,Intersection en X,Pluie légère,Deux véhicules - côté,,,,,,,,,,,1,2,2,2,3.0
201600018942,0016-10-18 22:50:00,16,10,18,22,50,800,476,232 RUE DE PARIS,50.04379,1.8971,Nuit avec éclairage allumé,En agglomération,Hors intersection,Normale,Autre collision,,,,,,,,,,,5,2,1,1,6.0
201600018943,0016-10-25 16:30:00,16,10,25,16,30,800,716,RD 925,50.13651,1.95739,Plein jour,Hors agglomération,Intersection en Y,Normale,Deux véhicules - arrière,,,,,,,,,,,1,1,4,1,2.0
201600018944,0016-11-01 16:15:00,16,11,1,16,15,800,9,RD 1001,50.0743,2.00566,Plein jour,Hors agglomération,Hors intersection,Normale,Autre collision,,,,,,,,,,,1,1,1,1,6.0
201600018945,0016-11-04 19:40:00,16,11,4,19,40,800,380,CARR D12 / D108,50.09027,2.06556,Nuit sans éclairage public,Hors agglomération,Intersection en X,Pluie légère,Deux véhicules - côté,,,,,,,,,,,3,1,2,2,3.0
201600018946,0016-11-07 17:02:00,16,11,7,17,2,800,546,RD925,50.09307,1.7097,Nuit avec éclairage allumé,Hors agglomération,Hors intersection,Pluie légère,Trois véhicules et plus - en chaîne,,,,,,,,,,,5,1,1,2,4.0
201600018947,0016-11-12 17:30:00,16,11,12,17,30,800,19,D936,49.9605,1.91106,Nuit sans éclairage public,Hors agglomération,Hors intersection,Pluie légère,Deux véhicules - arrière,,,,,,,,,,,3,1,1,2,2.0
201600018948,0016-11-19 12:20:00,16,11,19,12,20,800,215,CARR D925 / D108,50.14361,2.02834,Plein jour,En agglomération,Intersection en X,Pluie légère,Deux véhicules - côté,,,,,,,,,,,1,2,2,2,3.0
201600018949,0016-12-09 20:55:00,16,12,9,20,55,800,716,RD 32 - 12+800,50.11931,1.95593,Nuit sans éclairage public,Hors agglomération,Hors intersection,Normale,Autre collision,,,,,,,,,,,3,1,1,1,6.0
201600018950,0016-12-29 04:00:00,16,12,29,4,0,800,836,RD22(Rte de Moyenneville,50.09703,1.78191,Nuit sans éclairage public,Hors agglomération,Hors intersection,Autre,Autre collision,,,,,,,,,,,3,1,1,9,6.0
201600018951,0016-02-03 14:45:00,16,2,3,14,45,800,308,RUE EMILE ZOLA,50.05635,1.59882,Plein jour,En agglomération,Intersection en X,Pluie légère,Deux véhicules - côté,,,,,,,,,,,1,2,2,2,3.0
201600018952,0016-02-12 16:30:00,16,2,12,16,30,800,368,"181, rue du Gal Leclerc",50.08436,1.54641,Plein jour,En agglomération,Hors intersection,Temps couvert,Autre collision,,,,,,,,,,,1,2,1,8,6.0
201600018953,0016-02-13 09:15:00,16,2,13,9,15,800,360,RUE ROGER SALENGRO,50.07126,1.57894,Plein jour,En agglomération,Hors intersection,Pluie légère,Autre collision,,,,,,,,,,,1,2,1,2,6.0
201600018954,0016-03-18 09:00:00,16,3,18,9,0,800,827,D2 - rue Kleber,50.06664,1.53836,Plein jour,En agglomération,Intersection en T,Normale,Autre collision,,,,,,,,,,,1,2,3,1,6.0
201600018955,0016-03-18 15:30:00,16,3,18,15,30,800,368,RUE DU 8 MAI 1945,50.08596,1.5548,Plein jour,En agglomération,Hors intersection,Normale,Deux véhicules - arrière,,,,,,,,,,,1,2,1,1,2.0
201600018956,0016-04-01 18:15:00,16,4,1,18,15,800,760,RUE DU CHATEAU - VC 4,49.9875,1.59991,Plein jour,Hors agglomération,Intersection en X,Normale,Deux véhicules - côté,,,,,,,,,,,1,1,2,1,3.0
201600018957,0016-04-25 15:30:00,16,4,25,15,30,800,368,RUE DU GENERAL LECLERC,50.09133,1.55669,Plein jour,En agglomération,Hors intersection,Pluie forte,Sans collision,,,,,,,,,,,1,2,1,3,7.0
201600018958,0016-05-04 18:00:00,16,5,4,18,0,800,360,RD 925,50.07451,1.57915,Plein jour,Hors agglomération,Hors intersection,Normale,Deux véhicules - frontale,,,,,,,,,,,1,1,1,1,1.0
201600018959,0016-06-21 21:15:00,16,6,21,21,15,800,364,12 RUE d'AULT,50.09031,1.47269,Plein jour,En agglomération,Hors intersection,Normale,Deux véhicules - arrière,,,,,,,,,,,1,2,1,1,2.0
201600018960,0016-07-09 16:30:00,16,7,9,16,30,800,834,RD 1925,50.06653,1.52186,Plein jour,Hors agglomération,Hors intersection,Normale,Trois véhicules et plus - en chaîne,,,,,,,,,,,1,1,1,1,4.0
201600018961,0016-07-12 19:15:00,16,7,12,19,15,800,373,RD 223 - Rue de l'Epinoy,49.97735,1.56766,Plein jour,En agglomération,Hors intersection,Normale,Deux véhicules - côté,,,,,,,,,,,1,2,1,1,3.0
201600018962,0016-08-11 11:45:00,16,8,11,11,45,800,63,Rue d' Embreville,50.02097,1.51413,Plein jour,En agglomération,Hors intersection,Temps couvert,Deux véhicules - côté,,,,,,,,,,,1,2,1,8,3.0
201600018963,0016-08-15 09:30:00,16,8,15,9,30,800,368,"15, Rue Isaie Sellier",50.09158,1.55303,Plein jour,En agglomération,Hors intersection,Normale,Deux véhicules - côté,,,,,,,,,,,1,2,1,1,3.0
201600018964,0016-08-18 19:15:00,16,8,18,19,15,800,368,2 rue emile zola,50.0817,1.53957,Plein jour,En agglomération,Hors intersection,Normale,Sans collision,,,,,,,,,,,1,2,1,1,7.0
201600018965,0016-08-24 18:00:00,16,8,24,18,0,800,190,RD 29,50.04976,1.64249,Plein jour,Hors agglomération,Hors intersection,Temps éblouissant,Deux véhicules - côté,,,,,,,,,,,1,1,1,7,3.0
201600018966,0016-08-27 11:30:00,16,8,27,11,30,800,63,RD 1015,50.00776,1.52518,Plein jour,Hors agglomération,Hors intersection,Normale,Deux véhicules - côté,,,,,,,,,,,1,1,1,1,3.0
201600018967,0016-09-22 18:15:00,16,9,22,18,15,800,235,"6, RUE GILBERT FRANCK",50.04276,1.53081,Plein jour,En agglomération,Hors intersection,Normale,Autre collision,,,,,,,,,,,1,2,1,1,6.0
201600018968,0016-09-28 20:30:00,16,9,28,20,30,800,765,RD 22,50.032,1.67336,Nuit sans éclairage public,Hors agglomération,Hors intersection,Normale,Sans collision,,,,,,,,,,,3,1,1,1,7.0
201600018969,0016-10-17 16:50:00,16,10,17,16,50,800,368,place jean jaurès,50.09088,1.5491,Plein jour,En agglomération,Intersection en T,Normale,Deux véhicules - côté,,,,,,,,,,,1,2,3,1,3.0
201600018970,0016-10-20 20:00:00,16,10,20,20,0,800,235,RUE JULES FERRY,50.03958,1.52473,Nuit avec éclairage allumé,En agglomération,Hors intersection,Pluie légère,Autre collision,,,,,,,,,,,5,2,1,2,6.0
201600018971,0016-10-22 11:30:00,16,10,22,11,30,800,765,RD29,50.02346,1.69924,Plein jour,Hors agglomération,Hors intersection,Normale,Deux véhicules - arrière,,,,,,,,,,,1,1,1,1,2.0
201600018972,0016-11-02 14:45:00,16,11,2,14,45,800,368,GIRATOIRE D2 / D925,50.07299,1.54178,Plein jour,Hors agglomération,Giratoire,Normale,Deux véhicules - côté,,,,,,,,,,,1,1,6,1,3.0
201600018973,0016-11-05 15:45:00,16,11,5,15,45,800,368,RUE PAUL VERLAINE,50.09452,1.55982,Plein jour,En agglomération,Intersection en T,Normale,Sans collision,,,,,,,,,,,1,2,3,1,7.0
201600018974,0016-11-27 03:45:00,16,11,27,3,45,800,765,RD29,50.03017,1.68586,Nuit sans éclairage public,Hors agglomération,Hors intersection,Normale,Autre collision,,,,,,,,,,,3,1,1,1,6.0
201600018975,0016-12-11 17:15:00,16,12,11,17,15,800,63,114 Grande rue,50.00956,1.52187,Crépuscule ou aube,En agglomération,Hors intersection,Normale,Autre collision,,,,,,,,,,,2,2,1,1,6.0
201600018976,0016-12-15 07:30:00,16,12,15,7,30,800,126,RD 1015/R Cavee Ramubres,49.93494,1.63996,Crépuscule ou aube,Hors agglomération,Intersection en T,Normale,Deux véhicules - arrière,,,,,,,,,,,2,1,3,1,2.0
201600018977,0016-01-14 14:45:00,16,1,14,14,45,800,228,rue de mayocq,50.23886,1.63069,Plein jour,En agglomération,Hors intersection,Neige / grêle,Deux véhicules - arrière,,,,,,,,,,,1,2,1,4,2.0
201600018978,0016-02-04 08:45:00,16,2,4,8,45,800,327,,50.23056,1.93603,Nuit sans éclairage public,Hors agglomération,Hors intersection,Normale,Deux véhicules - côté,,,,,,,,,,,3,1,1,1,3.0
201600018979,0016-03-12 15:30:00,16,3,12,15,30,800,688,,50.26346,1.68612,Plein jour,Hors agglomération,Hors intersection,Temps éblouissant,Trois véhicules et plus - en chaîne,,,,,,,,,,,1,1,1,7,4.0