accident_id,datetime,annee,mois,jour,heure,minute,departement,commune_insee,adresse,latitude,longitude,luminosite,agglomeration,intersection,meteo,collision,nb_vehicules,nb_usagers,nb_indemnes,nb_tues,nb_blesses_hosp,nb_blesses_legers,age_cond_1,age_cond_2,veh_type_cond_1,veh_type_cond_2,lum_code,agg_code,int_code,atm_code,col_code
201600018980,0016-04-03 15:45:00,16,4,3,15,45,800,633,RD 940,50.20017,1.68759,Plein jour,Hors agglomération,Hors intersection,Normale,Deux véhicules - arrière,,,,,,,,,,,1,1,1,1,2.0
201600018981,0016-04-11 23:00:00,16,4,11,23,0,800,228,rue des Mouettes,50.24643,1.61943,Nuit avec éclairage allumé,En agglomération,Hors intersection,Pluie forte,Autre collision,,,,,,,,,,,5,2,1,3,6.0
201600018982,0016-04-23 18:45:00,16,4,23,18,45,800,590,CARR D928 / VC 1,50.16683,1.86323,Plein jour,Hors agglomération,Intersection en T,Normale,Deux véhicules - frontale,,,,,,,,,,,1,1,3,1,1.0
201600018983,0016-05-06 16:45:00,16,5,6,16,45,800,333,406 avenue de la plage,50.33983,1.56506,Plein jour,En agglomération,Hors intersection,Normale,Deux véhicules - frontale,,,,,,,,,,,1,2,1,1,1.0
201600018984,0016-05-29 19:30:00,16,5,29,19,30,800,600,Rte de SAILLY-FLIBEAUCOU,50.18489,1.7194,Plein jour,Hors agglomération,Hors intersection,Normale,Deux véhicules - frontale,,,,,,,,,,,1,1,1,1,1.0
201600018985,0016-07-04 17:45:00,16,7,4,17,45,800,688,RD 940,50.26912,1.65482,Plein jour,Hors agglomération,Hors intersection,Normale,Deux véhicules - côté,,,,,,,,,,,1,1,1,1,3.0
201600018986,0016-10-30 09:05:00,16,10,30,9,5,800,30,RD938,50.27851,1.73288,Crépuscule ou aube,Hors agglomération,Hors intersection,Brouillard / fumée,Autre collision,,,,,,,,,,,2,1,1,5,6.0
201600018987,0016-11-27 12:45:00,16,11,27,12,45,800,222,RD111,50.24436,1.86649,Plein jour,Hors agglomération,Hors intersection,Normale,Deux véhicules - frontale,,,,,,,,,,,1,1,1,1,1.0
201600018988,0016-11-30 20:10:00,16,11,30,20,10,800,109,RD928,50.26491,1.97915,Nuit sans éclairage public,Hors agglomération,Hors intersection,Normale,Deux véhicules - arrière,,,,,,,,,,,3,1,1,1,2.0
201600018989,0016-01-14 11:30:00,16,1,14,11,30,800,253,,,,Plein jour,Hors agglomération,Hors intersection,Temps couvert,Deux véhicules - frontale,,,,,,,,,,,1,1,1,8,1.0
201600018990,0016-04-18 09:30:00,16,4,18,9,30,800,777,CARR D938/D124,50.09858,2.47732,Plein jour,En agglomération,Intersection en X,Normale,Deux véhicules - côté,,,,,,,,,,,1,2,2,1,3.0
201600018991,0016-05-13 15:20:00,16,5,13,15,20,800,3,Rue Raymond De Wazieres,50.06963,2.53939,Plein jour,En agglomération,Hors intersection,Normale,Deux véhicules - côté,,,,,,,,,,,1,2,1,1,3.0
201600018992,0016-08-22 15:45:00,16,8,22,15,45,800,425,CARR D919/D938,50.04259,2.57047,Plein jour,Hors agglomération,Intersection en X,Normale,Deux véhicules - côté,,,,,,,,,,,1,1,2,1,3.0
201600018993,0016-11-13 13:45:00,16,11,13,13,45,800,253,Boulevard de l'est,50.1545,2.34718,Plein jour,En agglomération,Intersection en X,Pluie légère,Deux véhicules - côté,,,,,,,,,,,1,2,2,2,3.0
201600018994,0016-02-19 21:45:00,16,2,19,21,45,800,241,,50.09917,2.12749,Nuit sans éclairage public,Hors agglomération,Hors intersection,Normale,Sans collision,,,,,,,,,,,3,1,1,1,7.0
201600018995,0016-07-13 13:00:00,16,7,13,13,0,800,795,RD 159 -R du Gal LECLERC,50.04089,2.11521,Plein jour,En agglomération,Hors intersection,Normale,Autre collision,,,,,,,,,,,1,2,1,1,6.0
201600018996,0016-07-31 19:00:00,16,7,31,19,0,800,166,RUE DU CHATEAU,50.05205,2.21363,Plein jour,En agglomération,Hors intersection,Normale,Autre collision,,,,,,,,,,,1,2,1,1,6.0
201600018997,0016-08-08 15:45:00,16,8,8,15,45,800,408,RD49-ferme hotel dieu,50.03591,2.20619,Plein jour,Hors agglomération,Hors intersection,Normale,Deux véhicules - frontale,,,,,,,,,,,1,1,1,1,1.0
201600018998,0016-09-15 19:00:00,16,9,15,19,0,800,408,RD 933,50.04742,2.22105,Plein jour,Hors agglomération,Hors intersection,Pluie légère,Autre collision,,,,,,,,,,,1,1,1,2,6.0
201600018999,0016-10-04 20:45:00,16,10,4,20,45,800,86,2 place Jean Marie Danel,50.13096,2.16171,Nuit avec éclairage allumé,En agglomération,Intersection en X,Normale,Deux véhicules - côté,,,,,,,,,,,5,2,2,1,3.0
201600019000,0016-11-21 13:30:00,16,11,21,13,30,800,205,"7, rue du 11 novembre",50.00988,2.02174,Plein jour,En agglomération,Hors intersection,Pluie légère,Autre collision,,,,,,,,,,,1,2,1,2,6.0
201600019001,0016-12-07 14:50:00,16,12,7,14,50,800,318,RD 112,50.00948,2.10864,Plein jour,Hors agglomération,Hors intersection,Normale,Deux véhicules - arrière,,,,,,,,,,,1,1,1,1,2.0
201600019002,0016-12-13 18:55:00,16,12,13,18,55,800,793,RD12 RUE D'EN BAS,50.00186,2.19645,Crépuscule ou aube,Hors agglomération,Hors intersection,Pluie légère,Autre collision,,,,,,,,,,,2,1,1,2,6.0
201600019003,0016-12-15 18:55:00,16,12,15,18,55,800,123,RD 1001 - 44+900,49.99678,2.10505,Nuit sans éclairage public,Hors agglomération,Hors intersection,Normale,Deux véhicules - frontale,,,,,,,,,,,3,1,1,1,1.0
201600019004,0016-01-29 07:15:00,16,1,29,7,15,800,185,"58, Grande Rue",49.69587,2.86313,Nuit avec éclairage allumé,En agglomération,Hors intersection,Autre,Deux véhicules - frontale,,,,,,,,,,,5,2,1,9,1.0
201600019005,0016-02-02 02:45:00,16,2,2,2,45,800,478,6 RUE DE GUERBIGNY,49.6792,2.65121,Nuit avec éclairage allumé,En agglomération,Hors intersection,Pluie légère,Autre collision,,,,,,,,,,,5,2,1,2,6.0
201600019006,0016-03-06 19:00:00,16,3,6,19,0,800,759,,49.64719,2.75189,Nuit sans éclairage public,Hors agglomération,Intersection en X,Normale,Deux véhicules - côté,,,,,,,,,,,3,1,2,1,3.0
201600019007,0016-05-11 14:15:00,16,5,11,14,15,800,293,CARR D135/D929,49.66865,2.6019,Plein jour,Hors agglomération,Intersection en X,Normale,Deux véhicules - côté,,,,,,,,,,,1,1,2,1,3.0
201600019008,0016-07-05 17:00:00,16,7,5,17,0,800,678,"3, hameau de régibaye",49.60146,2.65706,Plein jour,En agglomération,Hors intersection,Normale,Autre collision,,,,,,,,,,,1,2,1,1,6.0
201600019009,0016-07-12 18:45:00,16,7,12,18,45,800,561,Place de la République,49.64961,2.56898,Plein jour,En agglomération,Hors intersection,Normale,Autre collision,,,,,,,,,,,1,2,1,1,6.0
201600019010,0016-07-30 18:15:00,16,7,30,18,15,800,561,Rte d'Assainvillers,49.64393,2.57481,Plein jour,En agglomération,Hors intersection,Normale,Deux véhicules - frontale,,,,,,,,,,,1,2,1,1,1.0
201600019011,0016-08-16 20:15:00,16,8,16,20,15,800,685,,49.68429,2.79427,Crépuscule ou aube,Hors agglomération,Hors intersection,Normale,Deux véhicules - arrière,,,,,,,,,,,2,1,1,1,2.0
201600019012,0016-09-22 19:30:00,16,9,22,19,30,800,623,RD 4135,49.6255,2.6324,Plein jour,Hors agglomération,Hors intersection,Normale,Autre collision,,,,,,,,,,,1,1,1,1,6.0
201600019013,0016-09-29 08:15:00,16,9,29,8,15,800,176,RD 930,49.71179,2.83392,Plein jour,Hors agglomération,Hors intersection,Normale,Sans collision,,,,,,,,,,,1,1,1,1,7.0
201600019014,0016-10-14 21:45:00,16,10,14,21,45,800,685,"3, Rte de Paris",49.68783,2.78571,Nuit sans éclairage public,En agglomération,Hors intersection,Pluie légère,Autre collision,,,,,,,,,,,3,2,1,2,6.0
201600019015,0016-10-30 11:15:00,16,10,30,11,15,800,232,RD139 / RD34,49.73271,2.75503,Plein jour,Hors agglomération,Intersection en X,Normale,Deux véhicules - côté,,,,,,,,,,,1,1,2,1,3.0
201600019016,0016-12-02 18:25:00,16,12,2,18,25,800,561,4 RTE D'ASSAINVILLERS,49.64407,2.5747,Nuit sans éclairage public,En agglomération,Hors intersection,Brouillard / fumée,Sans collision,,,,,,,,,,,3,2,1,5,7.0
201600019017,0016-12-11 18:50:00,16,12,11,18,50,800,685,D1017-D221,49.68406,2.78948,Nuit sans éclairage public,Hors agglomération,Intersection en X,Normale,Deux véhicules - arrière,,,,,,,,,,,3,1,2,1,2.0
201600019018,0016-12-15 20:20:00,16,12,15,20,20,800,224,...,49.72458,2.91515,Nuit sans éclairage public,Hors agglomération,Hors intersection,Autre,Autre collision,,,,,,,,,,,3,1,1,9,6.0
201600019019,0016-12-16 00:10:00,16,12,16,0,10,800,685,AV DU GENERAL DE GAULLE,49.70982,2.797,Nuit sans éclairage public,En agglomération,Autre intersection,Autre,Deux véhicules - arrière,,,,,,,,,,,3,2,9,9,2.0
201600019020,0016-12-17 18:55:00,16,12,17,18,55,800,561,Rue Parmentier,49.6466,2.56758,Nuit avec éclairage allumé,En agglomération,Intersection en X,Normale,Autre collision,,,,,,,,,,,5,2,2,1,6.0
201600019021,0016-01-13 17:45:00,16,1,13,17,45,800,570,place norbert Malterre,49.7719,2.48309,Nuit sans éclairage public,En agglomération,Hors intersection,Normale,Autre collision,,,,,,,,,,,3,2,1,1,6.0
201600019022,0016-02-29 07:00:00,16,2,29,7,0,800,652,CARR RD 41 / RD 934,49.7695,2.61956,Crépuscule ou aube,Hors agglomération,Intersection en X,Normale,Deux véhicules - côté,,,,,,,,,,,2,1,2,1,3.0
201600019023,0016-03-13 11:30:00,16,3,13,11,30,800,415,20 rue de Plessier,49.75621,2.60143,Plein jour,En agglomération,Hors intersection,Normale,Autre collision,,,,,,,,,,,1,2,1,1,6.0
201600019024,0016-06-22 19:00:00,16,6,22,19,0,800,349,CH DU BOSQUEL,49.71548,2.2309,Plein jour,En agglomération,Hors intersection,Temps couvert,Autre collision,,,,,,,,,,,1,2,1,8,6.0
201600019025,0016-06-26 13:00:00,16,6,26,13,0,800,752,CARR D935/VC,49.81657,2.44453,Plein jour,Hors agglomération,Intersection en X,Normale,Deux véhicules - côté,,,,,,,,,,,1,1,2,1,3.0
201600019026,0016-06-30 17:45:00,16,6,30,17,45,800,545,"VC ""rue de la vallée""",49.79124,2.54808,Plein jour,Hors agglomération,Hors intersection,Normale,Sans collision,,,,,,,,,,,1,1,1,1,7.0
201600019027,0016-08-15 16:45:00,16,8,15,16,45,800,10,D26 - Rue de Louvrechy,49.75562,2.36592,Plein jour,En agglomération,Hors intersection,Normale,Deux véhicules - côté,,,,,,,,,,,1,2,1,1,3.0
201600019028,0016-08-26 15:00:00,16,8,26,15,0,800,452,RD 920,49.75572,2.33022,Plein jour,Hors agglomération,Hors intersection,Normale,Deux véhicules - côté,,,,,,,,,,,1,1,1,1,3.0
201600019029,0016-08-28 03:00:00,16,8,28,3,0,800,668,RD 90,49.78026,2.38304,Nuit sans éclairage public,Hors agglomération,Hors intersection,Normale,Autre collision,,,,,,,,,,,3,1,1,1,6.0
201600019030,0016-09-07 17:45:00,16,9,7,17,45,800,570,RD 54,49.77113,2.5114,Plein jour,Hors agglomération,Hors intersection,Normale,Autre collision,,,,,,,,,,,1,1,1,1,6.0
201600019031,0016-09-24 01:45:00,16,9,24,1,45,800,570,VC hameau Castel-Hailles,49.79241,2.44332,Nuit sans éclairage public,Hors agglomération,Hors intersection,Normale,Autre collision,,,,,,,,,,,3,1,1,1,6.0
201600019032,0016-09-24 16:30:00,16,9,24,16,30,800,94,RD 935,49.81379,2.45294,Plein jour,Hors agglomération,Hors intersection,Normale,Deux véhicules - frontale,,,,,,,,,,,1,1,1,1,1.0
201600019033,0016-09-29 23:30:00,16,9,29,23,30,800,94,RD 934,49.821,2.46885,Nuit sans éclairage public,Hors agglomération,Hors intersection,Pluie légère,Autre collision,,,,,,,,,,,3,1,1,2,6.0
201600019034,0016-10-12 15:45:00,16,10,12,15,45,800,570,RD935,49.79304,2.47163,Plein jour,Hors agglomération,Hors intersection,Normale,Deux véhicules - frontale,,,,,,,,,,,1,1,1,1,1.0
201600019035,0016-11-25 17:50:00,16,11,25,17,50,800,10,RUE LOUIS THUILLIER,49.75799,2.35785,Nuit avec éclairage allumé,En agglomération,Hors intersection,Normale,Trois véhicules et plus - collisions multiples,,,,,,,,,,,5,2,1,1,5.0
201600019036,0016-12-07 13:30:00,16,12,7,13,30,800,570,RD 935 / RD 920,49.77197,2.48843,Plein jour,En agglomération,Intersection en X,Normale,Deux véhicules - côté,,,,,,,,,,,1,2,2,1,3.0
201600019037,0016-12-09 18:00:00,16,12,9,18,0,800,94,RD 476,49.81553,2.46047,Nuit sans éclairage public,Hors agglomération,Intersection en T,Temps couvert,Deux véhicules - côté,,,,,,,,,,,3,1,3,8,3.0
201600019038,0016-12-15 07:28:00,16,12,15,7,28,800,242,RD 934 - 31+800,49.81208,2.50564,Nuit sans éclairage public,Hors agglomération,Hors intersection,Normale,Autre collision,,,,,,,,,,,3,1,1,1,6.0
201600019039,0016-01-08 06:30:00,16,1,8,6,30,800,801,,49.86179,2.88523,Nuit sans éclairage public,Hors agglomération,Hors intersection,Normale,Autre collision,,,,,,,,,,,3,1,1,1,6.0
201600019040,0016-03-11 13:00:00,16,3,11,13,0,800,314,CARR D74 / D197,50.06185,2.8254,Plein jour,Hors agglomération,Intersection en X,Normale,Deux véhicules - côté,,,,,,,,,,,1,1,2,1,3.0
201600019041,0016-05-05 09:30:00,16,5,5,9,30,800,240,CARR D937/Rte de HAM,49.91566,2.96659,Plein jour,Hors agglomération,Intersection en T,Normale,Deux véhicules - côté,,,,,,,,,,,1,1,3,1,3.0
201600019042,0016-08-09 21:15:00,16,8,9,21,15,800,199,RUE D'ALBERT,49.95803,2.88985,Crépuscule ou aube,En agglomération,Hors intersection,Normale,Deux véhicules - frontale,,,,,,,,,,,2,2,1,1,1.0
201600019043,0016-09-17 20:15:00,16,9,17,20,15,800,620,AV CHARLES BOULANGER,49.93389,2.93291,Nuit avec éclairage allumé,En agglomération,Hors intersection,Normale,Deux véhicules - frontale,,,,,,,,,,,5,2,1,1,1.0
201600019044,0016-10-14 16:15:00,16,10,14,16,15,800,294,RN17,49.88524,2.90772,Plein jour,Hors agglomération,Hors intersection,Normale,Deux véhicules - arrière,,,,,,,,,,,1,1,1,1,2.0
201600019045,0016-12-01 13:15:00,16,12,1,13,15,800,620,RD6,49.93529,2.95175,Plein jour,Hors agglomération,Hors intersection,Normale,Sans collision,,,,,,,,,,,1,1,1,1,7.0
201600019046,0016-12-02 07:00:00,16,12,2,7,0,800,141,RD1029,49.87636,2.92154,Nuit sans éclairage public,Hors agglomération,Hors intersection,Temps couvert,Autre collision,,,,,,,,,,,3,1,1,8,6.0
201600019047,0016-12-09 16:50:00,16,12,9,16,50,800,115,D1017,49.96718,2.92222,Crépuscule ou aube,Hors agglomération,Hors intersection,Normale,Deux véhicules - frontale,,,,,,,,,,,2,1,1,1,1.0
201600019048,0016-12-16 16:30:00,16,12,16,16,30,800,601,les phosphatieres D917,49.99283,3.00871,Crépuscule ou aube,Hors agglomération,Autre intersection,Normale,Deux véhicules - frontale,,,,,,,,,,,2,1,9,1,1.0
201600019049,0016-12-19 17:00:00,16,12,19,17,0,800,620,PL du Cdt Louis DAUDRE,49.9291,2.93424,Nuit avec éclairage allumé,En agglomération,Hors intersection,Normale,Autre collision,,,,,,,,,,,5,2,1,1,6.0
201600019050,0016-12-22 16:26:00,16,12,22,16,26,800,141,D1029,49.87641,2.92821,Plein jour,En agglomération,Hors intersection,Pluie légère,Deux véhicules - frontale,,,,,,,,,,,1,2,1,2,1.0
201600019051,0016-12-23 20:40:00,16,12,23,20,40,800,557,chaussée brunehaut,49.87819,3.0471,Nuit sans éclairage public,En agglomération,Hors intersection,Normale,Autre collision,,,,,,,,,,,3,2,1,1,6.0
201600019052,0016-01-06 15:30:00,16,1,6,15,30,800,680,,49.8167,2.7068,Plein jour,Hors agglomération,Hors intersection,Normale,Autre collision,,,,,,,,,,,1,1,1,1,6.0
201600019053,0016-02-10 07:45:00,16,2,10,7,45,800,184,,49.8882,2.59945,Crépuscule ou aube,Hors agglomération,Hors intersection,Pluie légère,Autre collision,,,,,,,,,,,2,1,1,2,6.0
201600019054,0016-02-29 16:45:00,16,2,29,16,45,800,116,CARR RD 329 / RD 934,49.74474,2.67092,Plein jour,Hors agglomération,Intersection en X,Normale,Deux véhicules - côté,,,,,,,,,,,1,1,2,1,3.0
201600019055,0016-04-09 02:30:00,16,4,9,2,30,800,532,RD 71,49.90604,2.69029,Nuit sans éclairage public,Hors agglomération,Hors intersection,Normale,Autre collision,,,,,,,,,,,3,1,1,1,6.0
201600019056,0016-05-06 17:15:00,16,5,6,17,15,800,530,CARR D120/D119,49.9533,2.57332,Plein jour,Hors agglomération,Intersection en T,Normale,Deux véhicules - côté,,,,,,,,,,,1,1,3,1,3.0
201600019057,0016-05-13 15:15:00,16,5,13,15,15,800,184,,49.89906,2.6108,Plein jour,Hors agglomération,Hors intersection,Normale,Sans collision,,,,,,,,,,,1,1,1,1,7.0
201600019058,0016-05-17 16:45:00,16,5,17,16,45,800,789,RD 143,49.83443,2.79034,Plein jour,Hors agglomération,Hors intersection,Normale,Sans collision,,,,,,,,,,,1,1,1,1,7.0
201600019059,0016-05-21 14:45:00,16,5,21,14,45,800,644,RUE DE FRAMERVILLE,49.88346,2.70703,Plein jour,Hors agglomération,Hors intersection,Normale,Deux véhicules - côté,,,,,,,,,,,1,1,1,1,3.0
201600019060,0016-06-12 15:00:00,16,6,12,15,0,800,162,D41,49.80823,2.64623,Plein jour,Hors agglomération,Hors intersection,Pluie légère,Deux véhicules - côté,,,,,,,,,,,1,1,1,2,3.0
201600019061,0016-08-22 18:15:00,16,8,22,18,15,800,530,"RD 120, ""Rte de Corbie""",49.93791,2.52857,Plein jour,Hors agglomération,Hors intersection,Normale,Deux véhicules - arrière,,,,,,,,,,,1,1,1,1,2.0
201600019062,0016-08-23 19:00:00,16,8,23,19,0,800,116,CARR D329/D934,49.74473,2.67095,Plein jour,Hors agglomération,Intersection en X,Normale,Deux véhicules - côté,,,,,,,,,,,1,1,2,1,3.0
201600019063,0016-09-24 17:45:00,16,9,24,17,45,800,617,RD 934,49.73646,2.69762,Plein jour,Hors agglomération,Autre intersection,Normale,Sans collision,,,,,,,,,,,1,1,9,1,7.0
201600019064,0016-10-19 15:00:00,16,10,19,15,0,800,136,D329,49.96302,2.71802,Plein jour,Hors agglomération,Hors intersection,Normale,Deux véhicules - côté,,,,,,,,,,,1,1,1,1,3.0
201600019065,0016-11-18 21:00:00,16,11,18,21,0,800,647,CARR D337/D1017,49.78817,2.83154,Nuit sans éclairage public,Hors agglomération,Intersection en X,Normale,Deux véhicules - côté,,,,,,,,,,,3,1,2,1,3.0
201600019066,0016-11-19 16:35:00,16,11,19,16,35,800,162,23 rue du Val,49.81542,2.64007,Crépuscule ou aube,En agglomération,Hors intersection,Normale,Deux véhicules - côté,,,,,,,,,,,2,2,1,1,3.0
201600019067,0016-11-23 12:30:00,16,11,23,12,30,800,342,"19, GRANDE RUE",49.86187,2.71449,Plein jour,En agglomération,Hors intersection,Normale,Deux véhicules - frontale,,,,,,,,,,,1,2,1,1,1.0
201600019068,0016-12-05 07:35:00,16,12,5,7,35,800,781,D329 Carr MAISON ROUGE,49.83669,2.7095,Crépuscule ou aube,Hors agglomération,Intersection en X,Autre,Deux véhicules - côté,,,,,,,,,,,2,1,2,9,3.0
201600019069,0016-12-07 16:50:00,16,12,7,16,50,800,417,R DE LIHONS /R DEFLANDRE,49.84732,2.67267,Crépuscule ou aube,En agglomération,Intersection en T,Normale,Deux véhicules - côté,,,,,,,,,,,2,2,3,1,3.0
201600019070,0016-12-11 00:45:00,16,12,11,0,45,800,58,RD 1029 / RD 337,49.87216,2.61957,Nuit sans éclairage public,Hors agglomération,Intersection en T,Pluie légère,Deux véhicules - côté,,,,,,,,,,,3,1,3,2,3.0
201600019071,0016-12-14 09:00:00,16,12,14,9,0,800,288,CARR D79/D164,49.86919,2.81685,Plein jour,Hors agglomération,Intersection en X,Normale,Deux véhicules - côté,,,,,,,,,,,1,1,2,1,3.0
201600019072,0016-12-18 18:30:00,16,12,18,18,30,800,524,RD 39 (rue de rosieres),49.807,2.72578,Nuit avec éclairage allumé,En agglomération,Hors intersection,Brouillard / fumée,Sans collision,,,,,,,,,,,5,2,1,5,7.0
201600019073,0016-12-25 17:15:00,16,12,25,17,15,800,530,"14, R MARCEL HEROGUELLE",49.95028,2.56491,Crépuscule ou aube,En agglomération,Hors intersection,Pluie légère,Autre collision,,,,,,,,,,,2,2,1,2,6.0
201600019074,0016-12-28 09:16:00,16,12,28,9,16,800,781,CARR D329 / D337,49.83696,2.70891,Plein jour,Hors agglomération,Intersection en X,Temps éblouissant,Deux véhicules - côté,,,,,,,,,,,1,1,2,7,3.0
201600019075,0016-12-30 09:45:00,16,12,30,9,45,800,743,VC3 CH de CARNOY,49.95624,2.76476,Plein jour,Hors agglomération,Hors intersection,Brouillard / fumée,Sans collision,,,,,,,,,,,1,1,1,5,7.0
201600019076,0016-01-01 04:00:00,16,1,1,4,0,800,605,RD 17,49.76156,3.00881,Nuit avec éclairage allumé,En agglomération,Hors intersection,Normale,Autre collision,,,,,,,,,,,5,2,1,1,6.0
201600019077,0016-01-02 17:30:00,16,1,2,17,30,800,284,,49.7263,3.04078,Nuit sans éclairage public,Hors agglomération,Hors intersection,Pluie forte,Sans collision,,,,,,,,,,,3,1,1,3,7.0
201600019078,0016-04-01 06:30:00,16,4,1,6,30,800,465,RD 930,49.75981,2.94633,Crépuscule ou aube,Hors agglomération,Hors intersection,Normale,Deux véhicules - frontale,,,,,,,,,,,2,1,1,1,1.0
201600019079,0016-04-06 12:15:00,16,4,6,12,15,800,579,"2,Rue de PARIS",49.73901,3.06854,Plein jour,En agglomération,Hors intersection,Normale,Deux véhicules - arrière,,,,,,,,,,,1,2,1,1,2.0
201600019080,0016-04-10 19:30:00,16,4,10,19,30,800,410,RUE DU GENERAL LECLERC,49.74511,3.07426,Plein jour,En agglomération,Hors intersection,Normale,Deux véhicules - arrière,,,,,,,,,,,1,2,1,1,2.0
201600019081,0016-05-06 10:15:00,16,5,6,10,15,800,811,CARR D17/D417,49.75512,3.00595,Plein jour,Hors agglomération,Intersection en X,Temps éblouissant,Deux véhicules - côté,,,,,,,,,,,1,1,2,7,3.0
201600019082,0016-05-21 14:15:00,16,5,21,14,15,800,442,CARR D930 / D241,49.74634,2.96306,Plein jour,Hors agglomération,Intersection en Y,Normale,Deux véhicules - frontale,,,,,,,,,,,1,1,4,1,1.0
201600019083,0016-08-15 10:30:00,16,8,15,10,30,800,585,"RD 930, Rte DE ROUY",49.76123,2.93947,Plein jour,Hors agglomération,Hors intersection,Normale,Trois véhicules et plus - collisions multiples,,,,,,,,,,,1,1,1,1,5.0
201600019084,0016-08-31 19:15:00,16,8,31,19,15,800,410,38 rue de verdun,49.7429,3.08288,Plein jour,En agglomération,Hors intersection,Normale,Autre collision,,,,,,,,,,,1,2,1,1,6.0
201600019085,0016-10-30 19:25:00,16,10,30,19,25,800,585,D930,49.76367,2.89477,Nuit sans éclairage public,Hors agglomération,Hors intersection,Normale,Autre collision,,,,,,,,,,,3,1,1,1,6.0
201600019086,0016-11-04 20:15:00,16,11,4,20,15,800,410,"60, RUE DE NOYON",49.74334,3.0693,Nuit avec éclairage allumé,En agglomération,Hors intersection,Pluie forte,Autre collision,,,,,,,,,,,5,2,1,3,6.0
201600019087,0016-11-18 16:30:00,16,11,18,16,30,800,579,"26, R DE PARIS",49.73775,3.06842,Plein jour,En agglomération,Hors intersection,Normale,Deux véhicules - frontale,,,,,,,,,,,1,2,1,1,1.0
201600019088,0016-11-23 11:15:00,16,11,23,11,15,800,519,D937/D89,49.79223,3.01144,Plein jour,En agglomération,Intersection en X,Normale,Deux véhicules - côté,,,,,,,,,,,1,2,2,1,3.0
201600019089,0016-06-10 19:00:00,16,6,10,19,0,600,50,,49.34274,2.62183,Plein jour,Hors agglomération,Hors intersection,Normale,Deux véhicules - côté,,,,,,,,,,,1,1,1,1,3.0
201600019090,0016-06-11 02:30:00,16,6,11,2,30,600,102,,49.30303,2.53025,Nuit avec éclairage allumé,Hors agglomération,Hors intersection,Normale,Autre collision,,,,,,,,,,,5,1,1,1,6.0
201600019091,0016-06-01 07:45:00,16,6,1,7,45,190,30,,,,Plein jour,Hors agglomération,Hors intersection,Pluie légère,Deux véhicules - arrière,,,,,,,,,,,1,1,1,2,2.0
201600019092,0016-02-07 19:45:00,16,2,7,19,45,202,305,Grisgione,,,Nuit avec éclairage allumé,En agglomération,Hors intersection,Pluie légère,Deux véhicules - frontale,,,,,,,,,,,5,2,1,2,1.0
201600019093,0016-02-06 09:45:00,16,2,6,9,45,202,46,Porticiolo,,,Crépuscule ou aube,En agglomération,Hors intersection,Normale,Deux véhicules - côté,,,,,,,,,,,2,2,1,1,3.0
201600019094,0016-06-20 08:30:00,16,6,20,8,30,202,261,,42.958,9.402,Plein jour,Hors agglomération,Hors intersection,Normale,Deux véhicules - frontale,,,,,,,,,,,1,1,1,1,1.0
201600019095,0016-11-22 09:45:00,16,11,22,9,45,202,46,Porticciolo,42.87048,9.47648,Plein jour,En agglomération,Autre intersection,Normale,Deux véhicules - frontale,,,,,,,,,,,1,2,9,1,1.0
201600019096,0016-05-09 04:30:00,16,5,9,4,30,202,286,,,,Nuit sans éclairage public,Hors agglomération,Hors intersection,Normale,Sans collision,,,,,,,,,,,3,1,1,1,7.0
201600019097,0016-07-10 04:15:00,16,7,10,4,15,202,343,,,,Nuit sans éclairage public,Hors agglomération,Hors intersection,Normale,Autre collision,,,,,,,,,,,3,1,1,1,6.0
201600019098,0016-07-30 18:15:00,16,7,30,18,15,202,319,,,,Plein jour,Hors agglomération,Hors intersection,Normale,Deux véhicules - côté,,,,,,,,,,,1,1,1,1,3.0
201600019099,0016-08-02 14:00:00,16,8,2,14,0,202,125,,42.4447,9.34897,Plein jour,Hors agglomération,Hors intersection,Normale,Deux véhicules - frontale,,,,,,,,,,,1,1,1,1,1.0
201600019100,0016-12-30 22:30:00,16,12,30,22,30,202,252,,42.43377,9.44856,Nuit sans éclairage public,Hors agglomération,Hors intersection,Normale,Autre collision,,,,,,,,,,,3,1,1,1,6.0
201600019101,0016-01-08 06:45:00,16,1,8,6,45,202,49,,42.458,8.765,Crépuscule ou aube,Hors agglomération,Hors intersection,Normale,Autre collision,,,,,,,,,,,2,1,1,1,6.0
201600019102,0016-01-19 00:01:00,16,1,19,0,1,202,150,,,,Nuit sans éclairage public,Hors agglomération,Hors intersection,Pluie légère,Deux véhicules - frontale,,,,,,,,,,,3,1,1,2,1.0
201600019103,0016-05-20 18:45:00,16,5,20,18,45,202,50,route d'Ajaccio,,,Plein jour,En agglomération,Hors intersection,Normale,Deux véhicules - frontale,,,,,,,,,,,1,2,1,1,1.0