accident_id,datetime,annee,mois,jour,heure,minute,departement,commune_insee,adresse,latitude,longitude,luminosite,agglomeration,intersection,meteo,collision,nb_vehicules,nb_usagers,nb_indemnes,nb_tues,nb_blesses_hosp,nb_blesses_legers,age_cond_1,age_cond_2,veh_type_cond_1,veh_type_cond_2,lum_code,agg_code,int_code,atm_code,col_code
201600019233,0016-12-02 21:45:00,16,12,2,21,45,790,286,,46.64702,-0.63986,Nuit sans éclairage public,Hors agglomération,Hors intersection,Temps couvert,Autre collision,,,,,,,,,,,3,1,1,8,6.0
201600019234,0016-12-07 16:15:00,16,12,7,16,15,790,179,,,,Plein jour,Hors agglomération,Intersection en T,Normale,Deux véhicules - côté,,,,,,,,,,,1,1,3,1,3.0
201600019235,0016-12-13 10:45:00,16,12,13,10,45,790,179,2 LIEU-DIT L'EGLAUDIERE,46.74177,-0.56466,Plein jour,Hors agglomération,Intersection en T,Brouillard / fumée,Deux véhicules - côté,,,,,,,,,,,1,1,3,5,3.0
201600019236,0016-12-14 07:00:00,16,12,14,7,0,790,94,Route de Neuvy bouin,,,Nuit avec éclairage allumé,En agglomération,Intersection en T,Normale,Autre collision,,,,,,,,,,,5,2,3,1,6.0
201600019237,0016-12-16 14:45:00,16,12,16,14,45,790,76,21 ROUTE DE BRESSUIRE,46.74789,-0.47605,Plein jour,En agglomération,Intersection en X,Temps éblouissant,Autre collision,,,,,,,,,,,1,2,2,7,6.0
201600019238,0016-12-26 15:30:00,16,12,26,15,30,790,311,RUE DE LA VENDEE,46.60935,-0.42463,Plein jour,En agglomération,Hors intersection,Temps couvert,Sans collision,,,,,,,,,,,1,2,1,8,7.0
201600019239,0016-05-14 14:00:00,16,5,14,14,0,760,152,Intersection CD6 - CD 24,49.57913,1.22984,Plein jour,En agglomération,Intersection en X,Normale,Deux véhicules - côté,,,,,,,,,,,1,2,2,1,3.0
201600019240,0016-12-01 17:15:00,16,12,1,17,15,760,517,rue de la mare aux loups,49.52271,1.16258,Nuit sans éclairage public,Hors agglomération,Hors intersection,Normale,Autre collision,,,,,,,,,,,3,1,1,1,6.0
201600019241,0016-10-14 07:05:00,16,10,14,7,5,760,560,,49.41752,1.21419,Nuit sans éclairage public,Hors agglomération,Hors intersection,Normale,Deux véhicules - frontale,,,,,,,,,,,3,1,1,1,1.0
201600019242,0016-12-01 08:35:00,16,12,1,8,35,760,591,RTE DE GOURNAY,49.45175,1.21028,Crépuscule ou aube,Hors agglomération,Intersection en X,Normale,Deux véhicules - côté,,,,,,,,,,,2,1,2,1,3.0
201600019243,0016-12-09 14:00:00,16,12,9,14,0,760,560,CD 91,49.41124,1.20745,Plein jour,Hors agglomération,Hors intersection,Normale,Autre collision,,,,,,,,,,,1,1,1,1,6.0
201600019244,0016-05-13 04:15:00,16,5,13,4,15,760,133,,49.86762,0.89634,Nuit sans éclairage public,Hors agglomération,Hors intersection,Normale,Sans collision,,,,,,,,,,,3,1,1,1,7.0
201600019245,0016-08-07 14:45:00,16,8,7,14,45,760,697,"767, RTE DE LA MER",49.80776,1.17388,Plein jour,En agglomération,Hors intersection,Normale,Sans collision,,,,,,,,,,,1,2,1,1,7.0
201600019246,0016-10-05 11:40:00,16,10,5,11,40,760,582,D 149,49.85188,1.16333,Plein jour,Hors agglomération,Intersection en Y,Normale,Deux véhicules - côté,,,,,,,,,,,1,1,4,1,3.0
201600019247,0016-10-09 19:30:00,16,10,9,19,30,760,570,,49.78055,1.1035,Nuit sans éclairage public,Hors agglomération,Hors intersection,Normale,Trois véhicules et plus - en chaîne,,,,,,,,,,,3,1,1,1,4.0
201600019248,0016-11-29 21:25:00,16,11,29,21,25,760,482,départementale 327,49.86049,1.02486,Nuit sans éclairage public,Hors agglomération,Hors intersection,Normale,Sans collision,,,,,,,,,,,3,1,1,1,7.0
201600019249,0016-08-13 17:15:00,16,8,13,17,15,760,532,,49.60761,1.26832,Plein jour,Hors agglomération,Hors intersection,Normale,Sans collision,,,,,,,,,,,1,1,1,1,7.0
201600019250,0016-10-21 21:10:00,16,10,21,21,10,760,648,RD 929,49.65865,1.24311,Nuit sans éclairage public,Hors agglomération,Hors intersection,Pluie légère,Autre collision,,,,,,,,,,,3,1,1,2,6.0
201600019251,0016-10-30 12:20:00,16,10,30,12,20,760,96,D353 - RN 27,49.7191,1.06217,Plein jour,Hors agglomération,Intersection en T,Normale,Autre collision,,,,,,,,,,,1,1,3,1,6.0
201600019252,0016-11-15 21:10:00,16,11,15,21,10,760,654,,49.6794,1.00356,Nuit sans éclairage public,Hors agglomération,Hors intersection,Pluie légère,Deux véhicules - côté,,,,,,,,,,,3,1,1,2,3.0
201600019253,0016-12-06 13:15:00,16,12,6,13,15,760,700,Route du Havre - RD 929,49.67893,1.03011,Plein jour,Hors agglomération,Intersection en Y,Normale,Deux véhicules - frontale,,,,,,,,,,,1,1,4,1,1.0
201600019254,0016-12-16 14:00:00,16,12,16,14,0,760,191,,49.72307,1.15026,Plein jour,Hors agglomération,Intersection en Y,Normale,Deux véhicules - côté,,,,,,,,,,,1,1,4,1,3.0
201600019255,0016-02-20 06:45:00,16,2,20,6,45,760,115,,49.59018,0.55439,Crépuscule ou aube,Hors agglomération,Hors intersection,Pluie forte,Deux véhicules - frontale,,,,,,,,,,,2,1,1,3,1.0
201600019256,0016-03-23 08:00:00,16,3,23,8,0,760,258,,49.66076,0.59295,Plein jour,Hors agglomération,Hors intersection,Normale,Deux véhicules - frontale,,,,,,,,,,,1,1,1,1,1.0
201600019257,0016-12-22 13:00:00,16,12,22,13,0,760,592,D982,49.49458,0.47357,Plein jour,Hors agglomération,Hors intersection,Normale,Deux véhicules - côté,,,,,,,,,,,1,1,1,1,3.0
201600019258,0016-01-05 18:45:00,16,1,5,18,45,760,101,,49.91849,1.62113,Nuit sans éclairage public,Hors agglomération,Hors intersection,Temps couvert,Autre collision,,,,,,,,,,,3,1,1,8,6.0
201600019259,0016-09-16 07:45:00,16,9,16,7,45,760,48,,49.47367,1.6628,Plein jour,Hors agglomération,Hors intersection,Pluie légère,Deux véhicules - frontale,,,,,,,,,,,1,1,1,2,1.0
201600019260,0016-10-06 16:00:00,16,10,6,16,0,760,312,rue cantemele,49.48375,1.72786,Plein jour,En agglomération,Hors intersection,Normale,Autre collision,,,,,,,,,,,1,2,1,1,6.0
201600019261,0016-10-22 14:45:00,16,10,22,14,45,760,450,CD916,49.44822,1.66734,Plein jour,Hors agglomération,Intersection en X,Temps éblouissant,Deux véhicules - côté,,,,,,,,,,,1,1,2,7,3.0
201600019262,0016-10-30 15:40:00,16,10,30,15,40,760,260,RN31,49.47852,1.74036,Plein jour,En agglomération,Hors intersection,Normale,Deux véhicules - côté,,,,,,,,,,,1,2,1,1,3.0
201600019263,0016-12-14 17:30:00,16,12,14,17,30,760,614,RTE DE DUCLAIR,49.4476,0.97111,Crépuscule ou aube,Hors agglomération,Hors intersection,Normale,Deux véhicules - frontale,,,,,,,,,,,2,1,1,1,1.0
201600019264,0016-06-05 02:45:00,16,6,5,2,45,760,419,,49.39142,0.90482,Nuit sans éclairage public,Hors agglomération,Hors intersection,Pluie légère,Autre collision,,,,,,,,,,,3,1,1,2,6.0
201600019265,0016-09-07 07:50:00,16,9,7,7,50,760,401,,49.44254,0.78871,Plein jour,Hors agglomération,Hors intersection,Normale,Deux véhicules - frontale,,,,,,,,,,,1,1,1,1,1.0
201600019266,0016-10-05 13:50:00,16,10,5,13,50,760,222,"795, RTE DU DUCLAIR",49.47029,0.85884,Plein jour,En agglomération,Hors intersection,Normale,Deux véhicules - côté,,,,,,,,,,,1,2,1,1,3.0
201600019267,0016-10-10 07:15:00,16,10,10,7,15,760,742,32 route de Norville,49.50274,0.66922,Nuit sans éclairage public,En agglomération,Hors intersection,Brouillard / fumée,Autre collision,,,,,,,,,,,3,2,1,5,6.0
201600019268,0016-10-13 19:00:00,16,10,13,19,0,760,709,"895, R DU MAL FOCH",49.47474,0.81375,Crépuscule ou aube,En agglomération,Hors intersection,Pluie légère,Autre collision,,,,,,,,,,,2,2,1,2,6.0
201600019269,0016-10-11 07:15:00,16,10,11,7,15,760,164,"22, QU GUILBAUD",49.52455,0.72382,Crépuscule ou aube,En agglomération,Hors intersection,Brouillard / fumée,Autre collision,,,,,,,,,,,2,2,1,5,6.0
201600019270,0016-10-19 17:00:00,16,10,19,17,0,760,709,R JEAN HURE,49.48118,0.80226,Plein jour,En agglomération,Hors intersection,Temps couvert,Deux véhicules - frontale,,,,,,,,,,,1,2,1,8,1.0
201600019271,0016-10-28 19:00:00,16,10,28,19,0,760,88,,49.46156,0.90348,Nuit sans éclairage public,Hors agglomération,Intersection en X,Normale,Autre collision,,,,,,,,,,,3,1,2,1,6.0
201600019272,0016-11-04 16:55:00,16,11,4,16,55,760,659,Départementale 490,49.54217,0.75363,Crépuscule ou aube,Hors agglomération,Hors intersection,Pluie forte,Trois véhicules et plus - collisions multiples,,,,,,,,,,,2,1,1,3,5.0
201600019273,0016-11-23 19:15:00,16,11,23,19,15,760,222,"274, AV ANATOLE FRANCE",49.48323,0.88158,Nuit sans éclairage public,En agglomération,Hors intersection,Normale,Autre collision,,,,,,,,,,,3,2,1,1,6.0
201600019274,0016-12-01 19:05:00,16,12,1,19,5,760,419,RD 45,49.39343,0.87628,Nuit sans éclairage public,Hors agglomération,Hors intersection,Temps couvert,Autre collision,,,,,,,,,,,3,1,1,8,6.0
201600019275,0016-12-10 11:40:00,16,12,10,11,40,760,418,RTE DE CAUDEBEC,49.54859,0.72199,Plein jour,Hors agglomération,Hors intersection,Normale,Autre collision,,,,,,,,,,,1,1,1,1,6.0
201600019276,0016-12-11 16:35:00,16,12,11,16,35,760,750,RTE DU HAVRE,49.45923,0.83065,Crépuscule ou aube,Hors agglomération,Intersection en T,Normale,Deux véhicules - frontale,,,,,,,,,,,2,1,3,1,1.0
201600019277,0016-12-25 12:00:00,16,12,25,12,0,760,22,,49.52953,0.63312,Plein jour,Hors agglomération,Intersection en X,Normale,Deux véhicules - côté,,,,,,,,,,,1,1,2,1,3.0
201600019278,0016-05-03 12:30:00,16,5,3,12,30,760,129,,49.7213,0.88536,Plein jour,Hors agglomération,Intersection en X,Normale,Deux véhicules - arrière,,,,,,,,,,,1,1,2,1,2.0
201600019279,0016-07-28 19:45:00,16,7,28,19,45,760,251,,49.7362,0.80989,Plein jour,Hors agglomération,Hors intersection,Pluie légère,Autre collision,,,,,,,,,,,1,1,1,2,6.0
201600019280,0016-10-07 07:55:00,16,10,7,7,55,760,251,rd 89,49.72224,0.81847,Plein jour,Hors agglomération,Hors intersection,Normale,Deux véhicules - frontale,,,,,,,,,,,1,1,1,1,1.0
201600019281,0016-10-31 14:05:00,16,10,31,14,5,760,198,RD 929,49.65669,0.868,Plein jour,Hors agglomération,Giratoire,Normale,Deux véhicules - côté,,,,,,,,,,,1,1,6,1,3.0
201600019282,0016-12-02 23:30:00,16,12,2,23,30,760,693,Route du Havre,49.68236,0.20156,Nuit avec éclairage allumé,En agglomération,Hors intersection,Normale,Autre collision,,,,,,,,,,,5,2,1,1,6.0
201600019283,0016-12-09 18:00:00,16,12,9,18,0,760,693,RTE DE CRIQUETOT L ESNEV,49.69696,0.21946,Nuit sans éclairage public,Hors agglomération,Intersection en T,Normale,Deux véhicules - côté,,,,,,,,,,,3,1,3,1,3.0
201600019284,0016-12-13 07:55:00,16,12,13,7,55,760,143,,49.66627,0.35976,Crépuscule ou aube,Hors agglomération,Hors intersection,Pluie légère,Deux véhicules - frontale,,,,,,,,,,,2,1,1,2,1.0
201600019285,0016-10-31 15:15:00,16,10,31,15,15,760,488,intersection d925 - d271,49.78416,0.60983,Plein jour,Hors agglomération,Intersection en X,Normale,Deux véhicules - côté,,,,,,,,,,,1,1,2,1,3.0
201600019286,0016-11-03 17:30:00,16,11,3,17,30,760,569,Intersection D20 et D70,49.80804,0.75312,Crépuscule ou aube,Hors agglomération,Intersection en X,Normale,Deux véhicules - côté,,,,,,,,,,,2,1,2,1,3.0
201600019287,0016-10-04 07:15:00,16,10,4,7,15,760,587,,49.77469,0.4449,Crépuscule ou aube,Hors agglomération,Intersection en X,Normale,Deux véhicules - côté,,,,,,,,,,,2,1,2,1,3.0
201600019288,0016-11-15 14:55:00,16,11,15,14,55,760,670,RD 925,49.76909,0.42402,Plein jour,Hors agglomération,Hors intersection,Brouillard / fumée,Deux véhicules - côté,,,,,,,,,,,1,1,1,5,3.0
201600019289,0016-12-17 16:40:00,16,12,17,16,40,760,689,,49.70396,0.50495,Crépuscule ou aube,Hors agglomération,Giratoire,Brouillard / fumée,Autre collision,,,,,,,,,,,2,1,6,5,6.0
201600019290,0016-12-25 02:00:00,16,12,25,2,0,760,686,R DES SAULES,49.76338,0.54749,Nuit sans éclairage public,En agglomération,Hors intersection,Normale,Autre collision,,,,,,,,,,,3,2,1,1,6.0
201600019291,0016-12-30 18:20:00,16,12,30,18,20,760,187,route départementale 926,49.72976,0.43446,Nuit sans éclairage public,Hors agglomération,Hors intersection,Brouillard / fumée,Deux véhicules - côté,,,,,,,,,,,3,1,1,5,3.0
201600019292,0016-01-05 08:45:00,16,1,5,8,45,670,276,RUE DE LA PAIX,,,Plein jour,En agglomération,Hors intersection,Pluie légère,Deux véhicules - côté,,,,,,,,,,,1,2,1,2,3.0
201600019293,0016-06-12 01:15:00,16,6,12,1,15,670,414,,,,Nuit sans éclairage public,Hors agglomération,Hors intersection,Normale,Sans collision,,,,,,,,,,,3,1,1,1,7.0
201600019294,0016-06-11 09:45:00,16,6,11,9,45,670,342,,,,Plein jour,Hors agglomération,Hors intersection,Pluie légère,Sans collision,,,,,,,,,,,1,1,1,2,7.0
201600019295,0016-07-03 12:30:00,16,7,3,12,30,670,314,,,,Plein jour,Hors agglomération,Hors intersection,Normale,Autre collision,,,,,,,,,,,1,1,1,1,6.0
201600019296,0016-06-26 21:00:00,16,6,26,21,0,670,165,,,,Crépuscule ou aube,Hors agglomération,Hors intersection,Temps couvert,Sans collision,,,,,,,,,,,2,1,1,8,7.0
201600019297,0016-11-17 09:00:00,16,11,17,9,0,670,377,,,,Plein jour,Hors agglomération,Hors intersection,Temps couvert,Deux véhicules - frontale,,,,,,,,,,,1,1,1,8,1.0
201600019298,0016-02-18 14:15:00,16,2,18,14,15,670,234,64 rue du faubourg,,,Plein jour,En agglomération,Hors intersection,Normale,Autre collision,,,,,,,,,,,1,2,1,1,6.0
201600019299,0016-07-24 09:45:00,16,7,24,9,45,780,591,,48.904,1.672,Plein jour,Hors agglomération,Intersection en X,Normale,Deux véhicules - frontale,,,,,,,,,,,1,1,2,1,1.0
201600019300,0016-09-09 20:15:00,16,9,9,20,15,780,192,,48.913,1.627,Crépuscule ou aube,Hors agglomération,Hors intersection,Normale,Sans collision,,,,,,,,,,,2,1,1,1,7.0
201600019301,0016-01-09 13:50:00,16,1,9,13,50,770,99,D40 X D207A,48.16267,2.70567,Plein jour,Hors agglomération,Intersection en X,Normale,Deux véhicules - côté,,,,,,,,,,,1,1,2,1,3.0
201600019302,0016-10-06 19:10:00,16,10,6,19,10,770,414,Route départementale 204,48.61595,3.29345,Crépuscule ou aube,Hors agglomération,Intersection en T,Normale,Deux véhicules - côté,,,,,,,,,,,2,1,3,1,3.0
201600019303,0016-10-22 09:57:00,16,10,22,9,57,770,109,D231,48.60084,3.21113,Plein jour,Hors agglomération,Hors intersection,Brouillard / fumée,Deux véhicules - frontale,,,,,,,,,,,1,1,1,5,1.0
201600019304,0016-11-16 17:00:00,16,11,16,17,0,770,239,route nationale 4,48.69049,3.14855,Nuit sans éclairage public,Hors agglomération,Intersection en X,Pluie légère,Deux véhicules - arrière,,,,,,,,,,,3,1,2,2,2.0
201600019305,0016-02-22 23:15:00,16,2,22,23,15,770,76,RUE HENRY BRUGEAIL,48.48653,3.25051,Nuit avec éclairage allumé,En agglomération,Hors intersection,Pluie légère,Sans collision,,,,,,,,,,,5,2,1,2,7.0
201600019306,0016-04-24 17:30:00,16,4,24,17,30,770,524,D213 CUTRELLES,48.45834,3.15969,Plein jour,En agglomération,Hors intersection,Pluie forte,Deux véhicules - côté,,,,,,,,,,,1,2,1,3,3.0
201600019307,0016-07-13 16:00:00,16,7,13,16,0,770,208,D1 X CH DES MEUNIERS,48.49122,3.29135,Plein jour,En agglomération,Intersection en X,Normale,Deux véhicules - frontale,,,,,,,,,,,1,2,2,1,1.0
201600019308,0016-07-22 07:45:00,16,7,22,7,45,770,101,D18 X D75 X D101,48.41907,3.09533,Plein jour,En agglomération,Intersection en X,Normale,Deux véhicules - frontale,,,,,,,,,,,1,2,2,1,1.0
201600019309,0016-10-22 22:30:00,16,10,22,22,30,770,509,D107 RTE DE COUTENCON,48.48,3.02448,Nuit sans éclairage public,Hors agglomération,Autre intersection,Brouillard / fumée,Autre collision,,,,,,,,,,,3,1,9,5,6.0
201600019310,0016-12-13 15:30:00,16,12,13,15,30,770,51,RD 412,48.41771,3.23567,Plein jour,En agglomération,Hors intersection,Normale,Deux véhicules - arrière,,,,,,,,,,,1,2,1,1,2.0
201600019311,0016-04-30 12:15:00,16,4,30,12,15,740,120,LIEU DIT PRE MAGNOUX,,,Plein jour,Hors agglomération,Hors intersection,Normale,Deux véhicules - frontale,,,,,,,,,,,1,1,1,1,1.0
201600019312,0016-07-11 14:45:00,16,7,11,14,45,740,299,44 ROUTE D'ANNECY,45.859,6.223,Plein jour,En agglomération,Hors intersection,Normale,Autre collision,,,,,,,,,,,1,2,1,1,6.0
201600019313,0016-06-05 20:55:00,16,6,5,20,55,740,194,,,,Plein jour,Hors agglomération,Hors intersection,Normale,Autre collision,,,,,,,,,,,1,1,1,1,6.0
201600019314,0016-04-09 06:15:00,16,4,9,6,15,740,311,,,,Crépuscule ou aube,Hors agglomération,Hors intersection,Temps couvert,Autre collision,,,,,,,,,,,2,1,1,8,6.0
201600019315,0016-09-08 17:15:00,16,9,8,17,15,740,241,131 RUE DU FAUCIGNY,,,Plein jour,En agglomération,Place,Normale,Autre collision,,,,,,,,,,,1,2,7,1,6.0
201600019316,0016-09-30 07:30:00,16,9,30,7,30,740,240,,,,Crépuscule ou aube,Hors agglomération,Hors intersection,Normale,Autre collision,,,,,,,,,,,2,1,1,1,6.0
201600019317,0016-12-30 13:45:00,16,12,30,13,45,740,311,88 ROUTE DES BRASSES,,,Plein jour,En agglomération,Intersection en Y,Normale,Deux véhicules - frontale,,,,,,,,,,,1,2,4,1,1.0
201600019318,0016-09-24 09:15:00,16,9,24,9,15,740,276,,,,Plein jour,Hors agglomération,Hors intersection,Normale,Sans collision,,,,,,,,,,,1,1,1,1,7.0
201600019319,0016-01-03 11:50:00,16,1,3,11,50,740,128,,,,Plein jour,Hors agglomération,Hors intersection,Normale,Deux véhicules - frontale,,,,,,,,,,,1,1,1,1,1.0
201600019320,0016-01-01 14:00:00,16,1,1,14,0,740,128,,,,Plein jour,Hors agglomération,Hors intersection,Temps couvert,Deux véhicules - frontale,,,,,,,,,,,1,1,1,8,1.0
201600019321,0016-02-25 17:30:00,16,2,25,17,30,740,220,ROUTE D'ESERY,,,Plein jour,Hors agglomération,Hors intersection,Normale,Deux véhicules - côté,,,,,,,,,,,1,1,1,1,3.0
201600019322,0016-05-03 18:00:00,16,5,3,18,0,740,220,ROUTE DE MAGNY,,,Plein jour,En agglomération,Hors intersection,Normale,Sans collision,,,,,,,,,,,1,2,1,1,7.0
201600019323,0016-05-04 23:30:00,16,5,4,23,30,740,94,,,,Nuit sans éclairage public,Hors agglomération,Hors intersection,Normale,Deux véhicules - arrière,,,,,,,,,,,3,1,1,1,2.0
201600019324,0016-05-21 17:15:00,16,5,21,17,15,740,94,1592 ROUTE DE MARTIGNY,,,Plein jour,En agglomération,Intersection en X,Normale,Deux véhicules - côté,,,,,,,,,,,1,2,2,1,3.0
201600019325,0016-06-28 10:15:00,16,6,28,10,15,740,94,ROUTE DE TANINGES,,,Plein jour,En agglomération,Intersection en X,Normale,Deux véhicules - côté,,,,,,,,,,,1,2,2,1,3.0
201600019326,0016-07-08 16:45:00,16,7,8,16,45,740,128,ROUTE DES VALLEES,,,Plein jour,Hors agglomération,Intersection en Y,Normale,Deux véhicules - côté,,,,,,,,,,,1,1,4,1,3.0
201600019327,0016-07-09 00:15:00,16,7,9,0,15,740,229,ROUTE DU CABOUET,,,Nuit sans éclairage public,Hors agglomération,Hors intersection,Normale,Sans collision,,,,,,,,,,,3,1,1,1,7.0
201600019328,0016-07-19 23:45:00,16,7,19,23,45,740,220,ROUTE DE FINDROL,,,Nuit sans éclairage public,En agglomération,Hors intersection,Normale,Deux véhicules - côté,,,,,,,,,,,3,2,1,1,3.0
201600019329,0016-07-20 14:00:00,16,7,20,14,0,740,193,CHEZ BRIARD,,,Plein jour,Hors agglomération,Hors intersection,Normale,Deux véhicules - côté,,,,,,,,,,,1,1,1,1,3.0
201600019330,0016-07-28 07:15:00,16,7,28,7,15,740,220,499 ROUTE DE  SAINT ANGE,,,Plein jour,En agglomération,Giratoire,Normale,Sans collision,,,,,,,,,,,1,2,6,1,7.0
201600019331,0016-08-15 20:30:00,16,8,15,20,30,740,220,,,,Crépuscule ou aube,Hors agglomération,Hors intersection,Normale,Autre collision,,,,,,,,,,,2,1,1,1,6.0
201600019332,0016-09-27 16:15:00,16,9,27,16,15,740,211,CHEMIN DU CRETET,,,Plein jour,En agglomération,Intersection en Y,Normale,Deux véhicules - côté,,,,,,,,,,,1,2,4,1,3.0
201600019333,0016-10-15 12:15:00,16,10,15,12,15,740,94,ROUTE DE THONON,,,Plein jour,Hors agglomération,Intersection en X,Normale,Deux véhicules - frontale,,,,,,,,,,,1,1,2,1,1.0
201600019334,0016-05-06 14:15:00,16,5,6,14,15,740,314,ROUTE DE FARAMAZ,,,Plein jour,En agglomération,Hors intersection,Normale,Deux véhicules - frontale,,,,,,,,,,,1,2,1,1,1.0
201600019335,0016-06-12 11:30:00,16,6,12,11,30,740,245,,,,Plein jour,Hors agglomération,Giratoire,Pluie forte,Deux véhicules - côté,,,,,,,,,,,1,1,6,3,3.0
201600019336,0016-08-18 16:45:00,16,8,18,16,45,740,68,,,,Plein jour,Hors agglomération,Hors intersection,Normale,Autre collision,,,,,,,,,,,1,1,1,1,6.0
201600019337,0016-10-14 11:00:00,16,10,14,11,0,740,131,ROUTE D'AIX LES BAINS,,,Plein jour,Hors agglomération,Hors intersection,Pluie forte,Sans collision,,,,,,,,,,,1,1,1,3,7.0
201600019338,0016-10-14 16:00:00,16,10,14,16,0,740,184,,,,Plein jour,Hors agglomération,Hors intersection,Pluie forte,Trois véhicules et plus - en chaîne,,,,,,,,,,,1,1,1,3,4.0
201600019339,0016-10-20 16:45:00,16,10,20,16,45,740,269,,,,Plein jour,Hors agglomération,Hors intersection,Normale,Deux véhicules - frontale,,,,,,,,,,,1,1,1,1,1.0
201600019340,0016-10-24 15:30:00,16,10,24,15,30,740,77,,,,Plein jour,Hors agglomération,Hors intersection,Normale,Autre collision,,,,,,,,,,,1,1,1,1,6.0
201600019341,0016-11-07 20:15:00,16,11,7,20,15,740,86,LIEU DIT SERRASSON,,,Nuit sans éclairage public,Hors agglomération,Hors intersection,Normale,Trois véhicules et plus - collisions multiples,,,,,,,,,,,3,1,1,1,5.0
201600019342,0016-12-01 18:00:00,16,12,1,18,0,740,291,LIEU DIT LES VORZIERS,,,Nuit sans éclairage public,Hors agglomération,Hors intersection,Normale,Trois véhicules et plus - collisions multiples,,,,,,,,,,,3,1,1,1,5.0
201600019343,0016-01-01 05:30:00,16,1,1,5,30,740,173,,,,Nuit sans éclairage public,Hors agglomération,Hors intersection,Pluie légère,Deux véhicules - frontale,,,,,,,,,,,3,1,1,2,1.0
201600019344,0016-05-08 08:15:00,16,5,8,8,15,740,208,,,,Plein jour,Hors agglomération,Giratoire,Normale,Deux véhicules - côté,,,,,,,,,,,1,1,6,1,3.0
201600019345,0016-06-13 18:15:00,16,6,13,18,15,740,208,980 ROUTE PLATEAU D'ASSY,,,Plein jour,Hors agglomération,Hors intersection,Normale,Deux véhicules - frontale,,,,,,,,,,,1,1,1,1,1.0
201600019346,0016-06-22 17:45:00,16,6,22,17,45,740,208,631 ROUTE DES SOUDANS,,,Plein jour,Hors agglomération,Hors intersection,Normale,Deux véhicules - arrière,,,,,,,,,,,1,1,1,1,2.0
201600019347,0016-08-02 21:15:00,16,8,2,21,15,740,256,ROUTE DE MEGEVE,,,Crépuscule ou aube,Hors agglomération,Intersection en Y,Normale,Sans collision,,,,,,,,,,,2,1,4,1,7.0
201600019348,0016-09-10 10:30:00,16,9,10,10,30,740,256,QUAI DE WARRENS,,,Plein jour,En agglomération,Hors intersection,Normale,Deux véhicules - frontale,,,,,,,,,,,1,2,1,1,1.0
201600019349,0016-11-19 11:45:00,16,11,19,11,45,590,663,,,,Plein jour,Hors agglomération,Hors intersection,Normale,Deux véhicules - frontale,,,,,,,,,,,1,1,1,1,1.0
201600019350,0016-01-07 13:15:00,16,1,7,13,15,590,587,Route dHazebrouck,50.8016,2.5732,Plein jour,Hors agglomération,Hors intersection,Normale,Trois véhicules et plus - collisions multiples,,,,,,,,,,,1,1,1,1,5.0
201600019351,0016-09-18 10:15:00,16,9,18,10,15,590,662,,,,Plein jour,Hors agglomération,Hors intersection,Normale,Deux véhicules - frontale,,,,,,,,,,,1,1,1,1,1.0
201600019352,0016-02-26 20:00:00,16,2,26,20,0,250,258,,47.224,5.926,Nuit sans éclairage public,Hors agglomération,Hors intersection,Normale,Deux véhicules - frontale,,,,,,,,,,,3,1,1,1,1.0
201600019353,0016-04-22 18:00:00,16,4,22,18,0,250,448,,47.278,5.911,Plein jour,Hors agglomération,Intersection en T,Normale,Deux véhicules - côté,,,,,,,,,,,1,1,3,1,3.0
201600019354,0016-04-29 17:30:00,16,4,29,17,30,250,510,,47.28509,5.78993,Plein jour,Hors agglomération,Hors intersection,Normale,Autre collision,,,,,,,,,,,1,1,1,1,6.0
201600019355,0016-08-23 07:00:00,16,8,23,7,0,250,454,,47.25229,5.96261,Plein jour,Hors agglomération,Hors intersection,Normale,Deux véhicules - côté,,,,,,,,,,,1,1,1,1,3.0
201600019356,0016-08-29 20:15:00,16,8,29,20,15,250,258,,47.21564,5.92312,Nuit sans éclairage public,Hors agglomération,Hors intersection,Normale,Autre collision,,,,,,,,,,,3,1,1,1,6.0
201600019357,0016-09-10 23:45:00,16,9,10,23,45,250,467,,47.25491,5.94827,Nuit sans éclairage public,Hors agglomération,Hors intersection,Normale,Deux véhicules - frontale,,,,,,,,,,,3,1,1,1,1.0
201600019358,0016-10-29 14:30:00,16,10,29,14,30,250,482,,47.26852,5.84099,Plein jour,Hors agglomération,Intersection en X,Normale,Deux véhicules - frontale,,,,,,,,,,,1,1,2,1,1.0
201600019359,0016-11-12 17:45:00,16,11,12,17,45,250,258,,47.23001,5.9338,Nuit avec éclairage allumé,En agglomération,Giratoire,Pluie légère,Trois véhicules et plus - collisions multiples,,,,,,,,,,,5,2,6,2,5.0
201600019360,0016-11-14 15:00:00,16,11,14,15,0,250,258,,47.234,5.924,Plein jour,Hors agglomération,Hors intersection,Temps couvert,Autre collision,,,,,,,,,,,1,1,1,8,6.0
201600019361,0016-01-27 00:45:00,16,1,27,0,45,560,158,,,,Nuit sans éclairage public,Hors agglomération,Hors intersection,Pluie légère,Deux véhicules - côté,,,,,,,,,,,3,1,1,2,3.0