accident_id,datetime,annee,mois,jour,heure,minute,departement,commune_insee,adresse,latitude,longitude,luminosite,agglomeration,intersection,meteo,collision,nb_vehicules,nb_usagers,nb_indemnes,nb_tues,nb_blesses_hosp,nb_blesses_legers,age_cond_1,age_cond_2,veh_type_cond_1,veh_type_cond_2,lum_code,agg_code,int_code,atm_code,col_code
201600019362,0016-03-20 17:45:00,16,3,20,17,45,560,164,,47.67783,-2.80832,Plein jour,Hors agglomération,Autre intersection,Normale,Deux véhicules - côté,,,,,,,,,,,1,1,9,1,3.0
201600019363,0016-08-25 18:15:00,16,8,25,18,15,560,164,,,,Plein jour,Hors agglomération,Intersection en T,Normale,Deux véhicules - côté,,,,,,,,,,,1,1,3,1,3.0
201600019364,0016-10-25 21:30:00,16,10,25,21,30,560,164,RUE EDGAR TOUFFREAU,47.66144,-2.80331,Nuit avec éclairage allumé,En agglomération,Hors intersection,Temps couvert,Deux véhicules - côté,,,,,,,,,,,5,2,1,8,3.0
201600019365,0016-06-12 02:45:00,16,6,12,2,45,560,223,,47.64451,-2.11861,Nuit sans éclairage public,Hors agglomération,Hors intersection,Temps couvert,Deux véhicules - frontale,,,,,,,,,,,3,1,1,8,1.0
201600019366,0016-06-14 18:00:00,16,6,14,18,0,560,1,,47.64455,-2.16331,Plein jour,Hors agglomération,Hors intersection,Temps couvert,Deux véhicules - frontale,,,,,,,,,,,1,1,1,8,1.0
201600019367,0016-02-13 15:45:00,16,2,13,15,45,560,155,,47.45612,-2.4703,Plein jour,Hors agglomération,Intersection en X,Normale,Deux véhicules - côté,,,,,,,,,,,1,1,2,1,3.0
201600019368,0016-05-16 15:15:00,16,5,16,15,15,560,30,,47.48846,-2.41256,Plein jour,Hors agglomération,Hors intersection,Normale,Deux véhicules - arrière,,,,,,,,,,,1,1,1,1,2.0
201600019369,0016-12-26 10:15:00,16,12,26,10,15,560,4,,47.53705,-2.39252,Plein jour,Hors agglomération,Hors intersection,Normale,Autre collision,,,,,,,,,,,1,1,1,1,6.0
201600019370,0016-11-20 19:45:00,16,11,20,19,45,560,231,,47.67352,-2.67873,Nuit sans éclairage public,Hors agglomération,Hors intersection,Autre,Trois véhicules et plus - en chaîne,,,,,,,,,,,3,1,1,9,4.0
201600019371,0016-03-19 19:30:00,16,3,19,19,30,560,205,,47.54882,-2.71856,Plein jour,Hors agglomération,Hors intersection,Normale,Deux véhicules - frontale,,,,,,,,,,,1,1,1,1,1.0
201600019372,0016-07-17 14:15:00,16,7,17,14,15,560,205,,,,Plein jour,Hors agglomération,Hors intersection,Normale,Deux véhicules - frontale,,,,,,,,,,,1,1,1,1,1.0
201600019373,0016-07-21 20:00:00,16,7,21,20,0,560,5,"Av Baie d'abraham, Greuh",47.54029,-2.88295,Plein jour,En agglomération,Hors intersection,Normale,Autre collision,,,,,,,,,,,1,2,1,1,6.0
201600019374,0016-08-04 12:45:00,16,8,4,12,45,560,214,ROUTE DE SARZEAU,,,Plein jour,En agglomération,Hors intersection,Normale,Trois véhicules et plus - en chaîne,,,,,,,,,,,1,2,1,1,4.0
201600019375,0016-01-08 08:15:00,16,1,8,8,15,560,34,,,,Nuit sans éclairage public,Hors agglomération,Hors intersection,Temps couvert,Deux véhicules - arrière,,,,,,,,,,,3,1,1,8,2.0
201600019376,0016-02-01 17:30:00,16,2,1,17,30,560,34,Rue Saint Cornély,47.58869,-3.09151,Plein jour,En agglomération,Hors intersection,Normale,Autre collision,,,,,,,,,,,1,2,1,1,6.0
201600019377,0016-02-05 20:00:00,16,2,5,20,0,560,233,,47.59853,-2.98159,Nuit sans éclairage public,Hors agglomération,Hors intersection,Normale,Autre collision,,,,,,,,,,,3,1,1,1,6.0
201600019378,0016-03-22 08:15:00,16,3,22,8,15,560,168,rue du pont neuf,47.59975,-3.11966,Plein jour,En agglomération,Hors intersection,Normale,Deux véhicules - côté,,,,,,,,,,,1,2,1,1,3.0
201600019379,0016-06-20 14:15:00,16,6,20,14,15,560,34,Placette Saint Cornély,47.58419,-3.08199,Plein jour,En agglomération,Hors intersection,Pluie forte,Autre collision,,,,,,,,,,,1,2,1,3,6.0
201600019380,0016-08-18 02:15:00,16,8,18,2,15,560,34,Avenue des Druides,47.57573,-3.07776,Nuit avec éclairage allumé,En agglomération,Hors intersection,Normale,Deux véhicules - côté,,,,,,,,,,,5,2,1,1,3.0
201600019381,0016-08-25 07:15:00,16,8,25,7,15,560,234,avenue de Bretagne,,,Plein jour,En agglomération,Hors intersection,Normale,Deux véhicules - côté,,,,,,,,,,,1,2,1,1,3.0
201600019382,0016-09-04 02:45:00,16,9,4,2,45,560,234,Avenue de Saint Malo,47.56793,-3.13455,Nuit avec éclairage non allumé,En agglomération,Hors intersection,Normale,Deux véhicules - frontale,,,,,,,,,,,4,2,1,1,1.0
201600019383,0016-09-25 11:45:00,16,9,25,11,45,560,234,,,,Plein jour,Hors agglomération,Hors intersection,Normale,Deux véhicules - côté,,,,,,,,,,,1,1,1,1,3.0
201600019384,0016-10-16 14:15:00,16,10,16,14,15,560,34,42 avenue des salines,47.5795,-3.08164,Plein jour,En agglomération,Giratoire,Normale,Deux véhicules - côté,,,,,,,,,,,1,2,6,1,3.0
201600019385,0016-11-14 12:30:00,16,11,14,12,30,560,168,,47.61007,-3.0939,Plein jour,Hors agglomération,Hors intersection,Normale,Deux véhicules - frontale,,,,,,,,,,,1,1,1,1,1.0
201600019386,0016-01-09 15:15:00,16,1,9,15,15,560,36,,,,Plein jour,Hors agglomération,Hors intersection,Pluie légère,Deux véhicules - côté,,,,,,,,,,,1,1,1,2,3.0
201600019387,0016-01-16 09:45:00,16,1,16,9,45,560,179,,47.83597,-3.37857,Plein jour,Hors agglomération,Hors intersection,Temps éblouissant,Autre collision,,,,,,,,,,,1,1,1,7,6.0
201600019388,0016-01-19 18:45:00,16,1,19,18,45,560,78,,47.77682,-3.46766,Nuit sans éclairage public,Hors agglomération,Hors intersection,Pluie forte,Sans collision,,,,,,,,,,,3,1,1,3,7.0
201600019389,0016-01-30 03:15:00,16,1,30,3,15,560,63,,,,Nuit sans éclairage public,Hors agglomération,Hors intersection,Pluie légère,Autre collision,,,,,,,,,,,3,1,1,2,6.0
201600019390,0016-02-05 21:45:00,16,2,5,21,45,560,185,rue jean jaures,47.78652,-3.41588,Nuit avec éclairage allumé,En agglomération,Intersection en X,Normale,Deux véhicules - côté,,,,,,,,,,,5,2,2,1,3.0
201600019391,0016-03-09 10:00:00,16,3,9,10,0,560,78,,,,Plein jour,Hors agglomération,Hors intersection,Pluie légère,Deux véhicules - frontale,,,,,,,,,,,1,1,1,2,1.0
201600019392,0016-03-13 15:15:00,16,3,13,15,15,560,185,,,,Plein jour,Hors agglomération,Hors intersection,Normale,Deux véhicules - frontale,,,,,,,,,,,1,1,1,1,1.0
201600019393,0016-03-15 19:45:00,16,3,15,19,45,560,78,,,,Nuit sans éclairage public,Hors agglomération,Hors intersection,Normale,Sans collision,,,,,,,,,,,3,1,1,1,7.0
201600019394,0016-04-24 09:30:00,16,4,24,9,30,560,166,,47.91674,-3.33243,Plein jour,Hors agglomération,Hors intersection,Normale,Sans collision,,,,,,,,,,,1,1,1,1,7.0
201600019395,0016-05-06 00:30:00,16,5,6,0,30,560,26,,,,Nuit sans éclairage public,Hors agglomération,Hors intersection,Normale,Deux véhicules - frontale,,,,,,,,,,,3,1,1,1,1.0
201600019396,0016-05-07 20:00:00,16,5,7,20,0,560,185,,47.77682,-3.3925,Plein jour,Hors agglomération,Hors intersection,Normale,Autre collision,,,,,,,,,,,1,1,1,1,6.0
201600019397,0016-05-27 20:45:00,16,5,27,20,45,560,166,,47.91037,-3.32565,Crépuscule ou aube,Hors agglomération,Autre intersection,Normale,Autre collision,,,,,,,,,,,2,1,9,1,6.0
201600019398,0016-06-06 18:00:00,16,6,6,18,0,560,185,route de Lorient,,,Plein jour,En agglomération,Hors intersection,Normale,Deux véhicules - côté,,,,,,,,,,,1,2,1,1,3.0
201600019399,0016-06-22 16:15:00,16,6,22,16,15,560,36,,47.79807,-3.3738,Plein jour,Hors agglomération,Hors intersection,Normale,Deux véhicules - côté,,,,,,,,,,,1,1,1,1,3.0
201600019400,0016-09-01 15:00:00,16,9,1,15,0,560,78,,47.74577,-3.5048,Plein jour,Hors agglomération,Hors intersection,Normale,Sans collision,,,,,,,,,,,1,1,1,1,7.0
201600019401,0016-10-25 09:45:00,16,10,25,9,45,560,185,,,,Plein jour,Hors agglomération,Hors intersection,Normale,Deux véhicules - côté,,,,,,,,,,,1,1,1,1,3.0
201600019402,0016-10-29 17:00:00,16,10,29,17,0,560,78,,47.79492,-3.50895,Plein jour,Hors agglomération,Intersection en X,Normale,Deux véhicules - côté,,,,,,,,,,,1,1,2,1,3.0
201600019403,0016-11-18 21:15:00,16,11,18,21,15,560,78,,47.77569,-3.51633,Nuit avec éclairage allumé,Hors agglomération,Giratoire,Pluie légère,Sans collision,,,,,,,,,,,5,1,6,2,7.0
201600019404,0016-11-24 21:30:00,16,11,24,21,30,560,36,,47.80466,-3.36423,Nuit sans éclairage public,Hors agglomération,Hors intersection,Normale,Deux véhicules - frontale,,,,,,,,,,,3,1,1,1,1.0
201600019405,0016-06-05 09:15:00,16,6,5,9,15,560,13,rue du couvent,47.67419,-3.16946,Plein jour,En agglomération,Hors intersection,Normale,Deux véhicules - frontale,,,,,,,,,,,1,2,1,1,1.0
201600019406,0016-07-24 18:00:00,16,7,24,18,0,560,119,,,,Plein jour,Hors agglomération,Hors intersection,Normale,Deux véhicules - arrière,,,,,,,,,,,1,1,1,1,2.0
201600019407,0016-08-04 08:30:00,16,8,4,8,30,560,130,,47.73921,-3.22648,Plein jour,En agglomération,Giratoire,Normale,Autre collision,,,,,,,,,,,1,2,6,1,6.0
201600019408,0016-12-09 19:00:00,16,12,9,19,0,560,193,rue le gloahec,47.71313,-3.31081,Nuit avec éclairage allumé,En agglomération,Hors intersection,Normale,Deux véhicules - frontale,,,,,,,,,,,5,2,1,1,1.0
201600019409,0016-12-21 10:45:00,16,12,21,10,45,560,161,,47.66743,-3.07734,Plein jour,Hors agglomération,Hors intersection,Pluie légère,Deux véhicules - côté,,,,,,,,,,,1,1,1,2,3.0
201600019410,0016-12-21 18:45:00,16,12,21,18,45,560,119,,47.66602,-3.09732,Nuit sans éclairage public,Hors agglomération,Hors intersection,Pluie légère,Deux véhicules - côté,,,,,,,,,,,3,1,1,2,3.0
201600019411,0016-04-25 07:45:00,16,4,25,7,45,560,80,,,,Plein jour,Hors agglomération,Hors intersection,Normale,Deux véhicules - frontale,,,,,,,,,,,1,1,1,1,1.0
201600019412,0016-06-14 10:30:00,16,6,14,10,30,560,122,,,,Plein jour,Hors agglomération,Hors intersection,Normale,Deux véhicules - frontale,,,,,,,,,,,1,1,1,1,1.0
201600019413,0016-03-02 12:30:00,16,3,2,12,30,560,228,,,,Plein jour,Hors agglomération,Hors intersection,Normale,Trois véhicules et plus - collisions multiples,,,,,,,,,,,1,1,1,1,5.0
201600019414,0016-04-08 18:30:00,16,4,8,18,30,560,159,,,,Plein jour,Hors agglomération,Hors intersection,Normale,Autre collision,,,,,,,,,,,1,1,1,1,6.0
201600019415,0016-05-06 01:00:00,16,5,6,1,0,560,180,,,,Nuit sans éclairage public,Hors agglomération,Hors intersection,Normale,Autre collision,,,,,,,,,,,3,1,1,1,6.0
201600019416,0016-07-04 14:45:00,16,7,4,14,45,560,136,,47.89511,-2.18965,Plein jour,Hors agglomération,Hors intersection,Normale,Autre collision,,,,,,,,,,,1,1,1,1,6.0
201600019417,0016-07-07 17:45:00,16,7,7,17,45,560,75,,47.91124,-2.09528,Plein jour,Hors agglomération,Hors intersection,Normale,Deux véhicules - frontale,,,,,,,,,,,1,1,1,1,1.0
201600019418,0016-07-10 12:00:00,16,7,10,12,0,560,75,,47.94453,-2.14459,Plein jour,Hors agglomération,Hors intersection,Normale,Autre collision,,,,,,,,,,,1,1,1,1,6.0
201600019419,0016-07-25 19:30:00,16,7,25,19,30,560,75,,,,Plein jour,Hors agglomération,Intersection en X,Normale,Deux véhicules - côté,,,,,,,,,,,1,1,2,1,3.0
201600019420,0016-10-25 05:30:00,16,10,25,5,30,560,6,,47.93022,-2.24619,Nuit sans éclairage public,Hors agglomération,Hors intersection,Brouillard / fumée,Deux véhicules - arrière,,,,,,,,,,,3,1,1,5,2.0
201600019421,0016-10-26 17:45:00,16,10,26,17,45,560,6,,47.9212,-2.29186,Plein jour,Hors agglomération,Hors intersection,Normale,Deux véhicules - frontale,,,,,,,,,,,1,1,1,1,1.0
201600019422,0016-11-17 17:45:00,16,11,17,17,45,560,124,"7, rue du Fbg Ste Anne",47.80887,-2.38399,Nuit avec éclairage allumé,En agglomération,Hors intersection,Pluie forte,Autre collision,,,,,,,,,,,5,2,1,3,6.0
201600019423,0016-01-11 14:00:00,16,1,11,14,0,560,27,,,,Plein jour,Hors agglomération,Hors intersection,Pluie légère,Trois véhicules et plus - collisions multiples,,,,,,,,,,,1,1,1,2,5.0
201600019424,0016-03-04 17:45:00,16,3,4,17,45,560,236,,,,Plein jour,Hors agglomération,Hors intersection,Neige / grêle,Deux véhicules - frontale,,,,,,,,,,,1,1,1,4,1.0
201600019425,0016-12-14 08:00:00,16,12,14,8,0,560,172,route de saint jean,47.83927,-2.64886,Nuit avec éclairage allumé,En agglomération,Hors intersection,Normale,Autre collision,,,,,,,,,,,5,2,1,1,6.0
201600019426,0016-06-26 09:30:00,16,6,26,9,30,560,141,,,,Plein jour,Hors agglomération,Intersection en X,Normale,Deux véhicules - côté,,,,,,,,,,,1,1,2,1,3.0
201600019427,0016-07-22 19:00:00,16,7,22,19,0,560,74,,,,Plein jour,Hors agglomération,Hors intersection,Temps couvert,Deux véhicules - frontale,,,,,,,,,,,1,1,1,8,1.0
201600019428,0016-10-31 10:15:00,16,10,31,10,15,560,117,rue du fil,47.88718,-2.83648,Plein jour,En agglomération,Hors intersection,Normale,Autre collision,,,,,,,,,,,1,2,1,1,6.0
201600019429,0016-07-10 16:00:00,16,7,10,16,0,560,81,,,,Plein jour,Hors agglomération,Hors intersection,Pluie légère,Deux véhicules - frontale,,,,,,,,,,,1,1,1,2,1.0
201600019430,0016-12-05 16:00:00,16,12,5,16,0,560,57,,48.02651,-3.50032,Plein jour,Hors agglomération,Hors intersection,Normale,Deux véhicules - frontale,,,,,,,,,,,1,1,1,1,1.0
201600019431,0016-05-10 03:30:00,16,5,10,3,30,950,527,AV CHARLES DE GAULLE,48.9989,2.5102,Nuit sans éclairage public,En agglomération,Hors intersection,Pluie légère,Deux véhicules - frontale,,,,,,,,,,,3,2,1,2,1.0
201600019432,0016-11-19 19:15:00,16,11,19,19,15,950,612,RUE DES ECOLES,48.9983,2.4755,Crépuscule ou aube,En agglomération,Hors intersection,Temps couvert,Deux véhicules - côté,,,,,,,,,,,2,2,1,8,3.0
201600019433,0016-12-07 17:00:00,16,12,7,17,0,950,612,RD 317,48.9955,2.4801,Plein jour,Hors agglomération,Hors intersection,Normale,Autre collision,,,,,,,,,,,1,1,1,1,6.0
201600019434,0016-08-15 14:30:00,16,8,15,14,30,190,73,,,,Plein jour,En agglomération,Hors intersection,Normale,Autre collision,,,,,,,,,,,1,2,1,1,6.0
201600019435,0016-08-23 11:30:00,16,8,23,11,30,190,176,,,,Plein jour,Hors agglomération,Hors intersection,Normale,Deux véhicules - frontale,,,,,,,,,,,1,1,1,1,1.0
201600019436,0016-10-24 17:30:00,16,10,24,17,30,190,79,,45.485,1.638,Plein jour,Hors agglomération,Hors intersection,Pluie forte,Autre collision,,,,,,,,,,,1,1,1,3,6.0
201600019437,0016-10-25 13:30:00,16,10,25,13,30,190,269,,45.543,1.801,Plein jour,Hors agglomération,Hors intersection,Pluie légère,Autre collision,,,,,,,,,,,1,1,1,2,6.0
201600019438,0016-12-16 18:30:00,16,12,16,18,30,190,250,,45.506,1.521,Nuit sans éclairage public,Hors agglomération,Hors intersection,Normale,Deux véhicules - frontale,,,,,,,,,,,3,1,1,1,1.0
201600019439,0016-01-06 11:00:00,16,1,6,11,0,190,273,,45.07,1.564,Plein jour,Hors agglomération,Hors intersection,Pluie légère,Autre collision,,,,,,,,,,,1,1,1,2,6.0
201600019440,0016-04-09 23:45:00,16,4,9,23,45,190,7,,,,Nuit sans éclairage public,Hors agglomération,Hors intersection,Normale,Autre collision,,,,,,,,,,,3,1,1,1,6.0
201600019441,0016-08-26 11:00:00,16,8,26,11,0,190,19,AVENUE LOBBE,44.979,1.84,Plein jour,En agglomération,Hors intersection,Normale,Deux véhicules - frontale,,,,,,,,,,,1,2,1,1,1.0
201600019442,0016-12-03 18:00:00,16,12,3,18,0,190,150,,45.077,1.622,Nuit sans éclairage public,Hors agglomération,Hors intersection,Normale,Deux véhicules - frontale,,,,,,,,,,,3,1,1,1,1.0
201600019443,0016-11-21 13:15:00,16,11,21,13,15,190,230,,45.456,1.449,Plein jour,Hors agglomération,Hors intersection,Pluie forte,Autre collision,,,,,,,,,,,1,1,1,3,6.0
201600019444,0016-02-09 17:00:00,16,2,9,17,0,190,153,Place de la république,45.263,1.407,Plein jour,En agglomération,Giratoire,Normale,Autre collision,,,,,,,,,,,1,2,6,1,6.0
201600019445,0016-11-08 17:15:00,16,11,8,17,15,190,153,RD03,,,Plein jour,En agglomération,Hors intersection,Normale,Deux véhicules - frontale,,,,,,,,,,,1,2,1,1,1.0
201600019446,0016-01-09 00:15:00,16,1,9,0,15,560,177,,,,Nuit sans éclairage public,Hors agglomération,Hors intersection,Pluie légère,Sans collision,,,,,,,,,,,3,1,1,2,7.0
201600019447,0016-02-15 16:30:00,16,2,15,16,30,560,94,,,,Plein jour,Hors agglomération,Hors intersection,Normale,Deux véhicules - côté,,,,,,,,,,,1,1,1,1,3.0
201600019448,0016-02-28 15:15:00,16,2,28,15,15,560,90,19 rue lann vihan,47.82967,-3.25637,Plein jour,En agglomération,Hors intersection,Normale,Autre collision,,,,,,,,,,,1,2,1,1,6.0
201600019449,0016-05-17 08:00:00,16,5,17,8,0,560,94,,,,Plein jour,Hors agglomération,Hors intersection,Normale,Autre collision,,,,,,,,,,,1,1,1,1,6.0
201600019450,0016-05-23 14:30:00,16,5,23,14,30,560,101,,,,Plein jour,Hors agglomération,Hors intersection,Normale,Autre collision,,,,,,,,,,,1,1,1,1,6.0
201600019451,0016-06-17 16:45:00,16,6,17,16,45,560,177,rond point Saint Michel,,,Plein jour,En agglomération,Giratoire,Normale,Autre collision,,,,,,,,,,,1,2,6,1,6.0
201600019452,0016-08-24 17:00:00,16,8,24,17,0,560,177,,,,Plein jour,Hors agglomération,Hors intersection,Normale,Autre collision,,,,,,,,,,,1,1,1,1,6.0
201600019453,0016-08-25 23:00:00,16,8,25,23,0,560,21,,,,Nuit sans éclairage public,Hors agglomération,Hors intersection,Normale,Deux véhicules - arrière,,,,,,,,,,,3,1,1,1,2.0
201600019454,0016-08-31 16:30:00,16,8,31,16,30,560,90,,47.86135,-3.29132,Plein jour,Hors agglomération,Hors intersection,Normale,Deux véhicules - côté,,,,,,,,,,,1,1,1,1,3.0
201600019455,0016-09-05 10:00:00,16,9,5,10,0,560,177,,,,Plein jour,Hors agglomération,Hors intersection,Normale,Deux véhicules - frontale,,,,,,,,,,,1,1,1,1,1.0
201600019456,0016-02-02 14:15:00,16,2,2,14,15,590,233,,,,Nuit avec éclairage allumé,Hors agglomération,Hors intersection,Pluie légère,Autre collision,,,,,,,,,,,5,1,1,2,6.0
201600019457,0016-02-16 10:45:00,16,2,16,10,45,590,464,Rue des Bleuets,50.18876,3.60341,Plein jour,En agglomération,Hors intersection,Temps éblouissant,Autre collision,,,,,,,,,,,1,2,1,7,6.0
201600019458,0016-12-24 11:45:00,16,12,24,11,45,590,99,,,,Plein jour,Hors agglomération,Hors intersection,Temps couvert,Deux véhicules - côté,,,,,,,,,,,1,1,1,8,3.0
201600019459,0016-11-06 06:00:00,16,11,6,6,0,590,562,,,,Nuit sans éclairage public,Hors agglomération,Autre intersection,Pluie légère,Autre collision,,,,,,,,,,,3,1,9,2,6.0
201600019460,0016-06-05 19:30:00,16,6,5,19,30,590,604,,,,Plein jour,Hors agglomération,Hors intersection,Normale,Deux véhicules - frontale,,,,,,,,,,,1,1,1,1,1.0
201600019461,0016-03-24 11:30:00,16,3,24,11,30,510,372,N44,48.9054,4.43604,Plein jour,Hors agglomération,Hors intersection,Normale,Deux véhicules - frontale,,,,,,,,,,,1,1,1,1,1.0
201600019462,0016-02-19 13:15:00,16,2,19,13,15,510,627,D9,48.92485,4.02703,Plein jour,Hors agglomération,Hors intersection,Normale,Deux véhicules - arrière,,,,,,,,,,,1,1,1,1,2.0
201600019463,0016-03-19 04:45:00,16,3,19,4,45,510,435,D933,48.91723,4.16202,Nuit sans éclairage public,Hors agglomération,Hors intersection,Normale,Autre collision,,,,,,,,,,,3,1,1,1,6.0
201600019464,0016-11-26 09:30:00,16,11,26,9,30,510,387,D36,48.95295,3.91534,Plein jour,Hors agglomération,Hors intersection,Temps couvert,Autre collision,,,,,,,,,,,1,1,1,8,6.0
201600019465,0016-01-05 19:15:00,16,1,5,19,15,510,381,D951,48.94444,3.8399,Nuit sans éclairage public,Hors agglomération,Hors intersection,Pluie légère,Deux véhicules - frontale,,,,,,,,,,,3,1,1,2,1.0
201600019466,0016-07-31 19:45:00,16,7,31,19,45,510,380,RUE PHILIPPE AMELIN,48.87039,3.5379,Plein jour,En agglomération,Hors intersection,Normale,Autre collision,,,,,,,,,,,1,2,1,1,6.0
201600019467,0016-10-24 11:15:00,16,10,24,11,15,510,380,D933,48.87359,3.57844,Plein jour,Hors agglomération,Hors intersection,Normale,Autre collision,,,,,,,,,,,1,1,1,1,6.0
201600019468,0016-12-01 17:30:00,16,12,1,17,30,510,50,VC,48.84477,3.60866,Nuit sans éclairage public,Hors agglomération,Hors intersection,Normale,Sans collision,,,,,,,,,,,3,1,1,1,7.0
201600019469,0016-06-21 07:15:00,16,6,21,7,15,510,331,D9,49.10418,4.1166,Plein jour,En agglomération,Hors intersection,Pluie légère,Deux véhicules - côté,,,,,,,,,,,1,2,1,2,3.0
201600019470,0016-09-27 13:00:00,16,9,27,13,0,510,28,D9,49.05558,4.053,Plein jour,Hors agglomération,Hors intersection,Normale,Deux véhicules - côté,,,,,,,,,,,1,1,1,1,3.0
201600019471,0016-09-27 05:15:00,16,9,27,5,15,510,576,,49.05694,4.12446,Nuit avec éclairage allumé,Hors agglomération,Hors intersection,Normale,Deux véhicules - arrière,,,,,,,,,,,5,1,1,1,2.0
201600019472,0016-09-29 22:15:00,16,9,29,22,15,510,347,D1,49.04894,4.02163,Nuit avec éclairage allumé,En agglomération,Giratoire,Normale,Autre collision,,,,,,,,,,,5,2,6,1,6.0
201600019473,0016-01-08 09:15:00,16,1,8,9,15,620,170,route de la Colline,,,Plein jour,En agglomération,Hors intersection,Autre,Trois véhicules et plus - collisions multiples,,,,,,,,,,,1,2,1,9,5.0
201600019474,0016-08-20 23:45:00,16,8,20,23,45,620,268,,50.67716,1.80524,Nuit sans éclairage public,Hors agglomération,Hors intersection,Pluie légère,Sans collision,,,,,,,,,,,3,1,1,2,7.0
201600019475,0016-09-30 17:15:00,16,9,30,17,15,620,773,409 rue du Breuil,50.63571,1.74745,Plein jour,En agglomération,Hors intersection,Temps couvert,Autre collision,,,,,,,,,,,1,2,1,8,6.0
201600019476,0016-10-28 15:00:00,16,10,28,15,0,620,268,,50.65837,1.83626,Plein jour,Hors agglomération,Hors intersection,Normale,Autre collision,,,,,,,,,,,1,1,1,1,6.0
201600019477,0016-05-05 12:00:00,16,5,5,12,0,510,370,D63,49.15913,4.87553,Plein jour,Hors agglomération,Hors intersection,Normale,Deux véhicules - frontale,,,,,,,,,,,1,1,1,1,1.0
201600019478,0016-01-11 08:45:00,16,1,11,8,45,910,617,RD33,48.661,2.513,Plein jour,Hors agglomération,Hors intersection,Normale,Deux véhicules - côté,,,,,,,,,,,1,1,1,1,3.0
201600019479,0016-02-09 00:01:00,16,2,9,0,1,910,617,RN6,48.664,2.52,Nuit sans éclairage public,Hors agglomération,Hors intersection,Normale,Deux véhicules - frontale,,,,,,,,,,,3,1,1,1,1.0
201600019480,0016-02-19 17:45:00,16,2,19,17,45,910,573,Rue Vivaldi,48.61307,2.51049,Plein jour,En agglomération,Hors intersection,Normale,Autre collision,,,,,,,,,,,1,2,1,1,6.0
201600019481,0016-05-09 17:15:00,16,5,9,17,15,910,573,Ave du Général de Gaulle,48.62,2.505,Plein jour,En agglomération,Hors intersection,Normale,Deux véhicules - frontale,,,,,,,,,,,1,2,1,1,1.0
201600019482,0016-06-09 08:30:00,16,6,9,8,30,910,617,RN6,48.64591,2.53413,Plein jour,Hors agglomération,Hors intersection,Normale,Deux véhicules - frontale,,,,,,,,,,,1,1,1,1,1.0
201600019483,0016-08-20 15:00:00,16,8,20,15,0,910,573,8 rue victor hugo,48.60631,2.50635,Plein jour,En agglomération,Hors intersection,Normale,Deux véhicules - côté,,,,,,,,,,,1,2,1,1,3.0
201600019484,0016-11-25 18:30:00,16,11,25,18,30,910,600,28 av de la libération,,,Nuit avec éclairage allumé,En agglomération,Hors intersection,Normale,Deux véhicules - frontale,,,,,,,,,,,5,2,1,1,1.0
201600019485,0016-03-17 08:00:00,16,3,17,8,0,910,679,RD36,48.733,2.132,Plein jour,Hors agglomération,Hors intersection,Normale,Trois véhicules et plus - collisions multiples,,,,,,,,,,,1,1,1,1,5.0
201600019486,0016-04-14 18:30:00,16,4,14,18,30,910,679,RD361,48.72904,2.12748,Plein jour,Hors agglomération,Giratoire,Pluie légère,Deux véhicules - côté,,,,,,,,,,,1,1,6,2,3.0
201600019487,0016-05-14 08:30:00,16,5,14,8,30,910,272,av du Général Leclerc,48.70441,2.11629,Plein jour,En agglomération,Hors intersection,Normale,Autre collision,,,,,,,,,,,1,2,1,1,6.0
201600019488,0016-06-12 18:30:00,16,6,12,18,30,910,679,RD36,48.72955,2.12794,Plein jour,En agglomération,Giratoire,Pluie légère,Sans collision,,,,,,,,,,,1,2,6,2,7.0
201600019489,0016-06-15 15:00:00,16,6,15,15,0,910,538,RD128,48.71174,2.15004,Plein jour,Hors agglomération,Hors intersection,Normale,Deux véhicules - frontale,,,,,,,,,,,1,1,1,1,1.0
201600019490,0016-06-28 19:00:00,16,6,28,19,0,910,679,RD36,48.72903,2.13803,Plein jour,Hors agglomération,Hors intersection,Temps éblouissant,Deux véhicules - côté,,,,,,,,,,,1,1,1,7,3.0
201600019491,0016-07-28 08:15:00,16,7,28,8,15,910,272,RD306,48.7048,2.11879,Plein jour,En agglomération,Intersection en X,Normale,Deux véhicules - côté,,,,,,,,,,,1,2,2,1,3.0
201600019492,0016-10-11 16:30:00,16,10,11,16,30,910,272,route de l'abbaye,48.69742,2.12865,Plein jour,En agglomération,Place,Normale,Autre collision,,,,,,,,,,,1,2,7,1,6.0
201600019493,0016-11-10 14:00:00,16,11,10,14,0,910,679,RD36,48.73099,2.11925,Plein jour,Hors agglomération,Hors intersection,Pluie légère,Deux véhicules - frontale,,,,,,,,,,,1,1,1,2,1.0
201600019494,0016-11-30 20:30:00,16,11,30,20,30,910,538,RD128,48.714,2.154,Nuit sans éclairage public,En agglomération,Hors intersection,Normale,Deux véhicules - arrière,,,,,,,,,,,3,2,1,1,2.0