accident_id,datetime,annee,mois,jour,heure,minute,departement,commune_insee,adresse,latitude,longitude,luminosite,agglomeration,intersection,meteo,collision,nb_vehicules,nb_usagers,nb_indemnes,nb_tues,nb_blesses_hosp,nb_blesses_legers,age_cond_1,age_cond_2,veh_type_cond_1,veh_type_cond_2,lum_code,agg_code,int_code,atm_code,col_code
201600019865,0016-06-28 12:11:00,16,6,28,12,11,170,300,"44, NORMANDIN   RUE EMIL",46.14693,-1.14322,Plein jour,En agglomération,Intersection en T,Pluie légère,Deux véhicules - côté,,,,,,,,,,,1,2,3,2,3.0
201600019866,0016-06-28 13:00:00,16,6,28,13,0,170,300,"1, MOTTE ROUGE    PLACE",46.15502,-1.14959,Plein jour,En agglomération,Intersection en X,Pluie légère,Deux véhicules - frontale,,,,,,,,,,,1,2,2,2,1.0
201600019867,0016-06-28 17:33:00,16,6,28,17,33,170,28,112 PK RN137 ROCHEFORT J,46.12085,-1.10936,Plein jour,Hors agglomération,Hors intersection,Normale,Trois véhicules et plus - en chaîne,,,,,,,,,,,1,1,1,1,4.0
201600019868,0016-06-28 23:40:00,16,6,28,23,40,170,291,34 PK RN11 ROCADE NANTES,46.17547,-1.10869,Nuit avec éclairage allumé,Hors agglomération,Hors intersection,Normale,Trois véhicules et plus - collisions multiples,,,,,,,,,,,5,1,1,1,5.0
201600019869,0016-07-01 09:23:00,16,7,1,9,23,170,291,"18, LIBERATION   RUE DE",46.17717,-1.11558,Plein jour,En agglomération,Hors intersection,Normale,Autre collision,,,,,,,,,,,1,2,1,1,6.0
201600019870,0016-07-03 15:30:00,16,7,3,15,30,170,300,"28, NORMANDIN   RUE EMIL",46.14788,-1.14335,Plein jour,En agglomération,Hors intersection,Normale,Autre collision,,,,,,,,,,,1,2,1,1,6.0
201600019871,0016-07-05 16:40:00,16,7,5,16,40,170,291,34 PK RN11 ROCADE NANTES,46.17557,-1.10875,Plein jour,Hors agglomération,Hors intersection,Normale,Trois véhicules et plus - en chaîne,,,,,,,,,,,1,1,1,1,4.0
201600019872,0016-07-05 19:09:00,16,7,5,19,9,170,300,"27, JOFFRE   BOULEVARD (",46.16003,-1.1411,Plein jour,En agglomération,Hors intersection,Normale,Deux véhicules - côté,,,,,,,,,,,1,2,1,1,3.0
201600019873,0016-07-06 08:30:00,16,7,6,8,30,170,200,"07, BOIS D'HURE   RUE DU",46.18987,-1.14492,Plein jour,En agglomération,Hors intersection,Normale,Deux véhicules - côté,,,,,,,,,,,1,2,1,1,3.0
201600019874,0016-07-06 16:25:00,16,7,6,16,25,170,300,"2, DAUPHINE  AVENUE DE L",46.16867,-1.14985,Plein jour,En agglomération,Intersection en T,Normale,Deux véhicules - côté,,,,,,,,,,,1,2,3,1,3.0
201600019875,0016-07-08 10:07:00,16,7,8,10,7,170,300,"69, SAUTEL  BOULEVARD AN",46.16803,-1.1325,Plein jour,En agglomération,Hors intersection,Normale,Deux véhicules - côté,,,,,,,,,,,1,2,1,1,3.0
201600019876,0016-07-14 17:30:00,16,7,14,17,30,170,300,"2, SEMARD   PLACE PIERRE",46.1532,-1.14581,Plein jour,En agglomération,Hors intersection,Normale,Autre collision,,,,,,,,,,,1,2,1,1,6.0
201600019877,0016-07-16 10:32:00,16,7,16,10,32,170,300,09 PK RN237 RE MOULIN JU,46.17182,-1.12082,Plein jour,Hors agglomération,Hors intersection,Normale,Autre collision,,,,,,,,,,,1,1,1,1,6.0
201600019878,0016-07-17 03:00:00,16,7,17,3,0,170,300,"2, SAUTEL  BOULEVARD AND",46.1668,-1.13662,Nuit avec éclairage allumé,En agglomération,Hors intersection,Normale,Autre collision,,,,,,,,,,,5,2,1,1,6.0
201600019879,0016-07-17 04:05:00,16,7,17,4,5,170,291,35 PK RN11 ROCADE NANTES,46.17219,-1.12015,Nuit avec éclairage allumé,Hors agglomération,Hors intersection,Normale,Deux véhicules - arrière,,,,,,,,,,,5,1,1,1,2.0
201600019880,0016-07-17 12:15:00,16,7,17,12,15,170,300,"170, DENFERT-ROCHEREAU",46.16431,-1.20192,Plein jour,En agglomération,Hors intersection,Normale,Trois véhicules et plus - en chaîne,,,,,,,,,,,1,2,1,1,4.0
201600019881,0016-07-18 16:40:00,16,7,18,16,40,170,291,"01, HUIT MAI   RUE DU",46.17762,-1.1135,Plein jour,En agglomération,Hors intersection,Normale,Deux véhicules - côté,,,,,,,,,,,1,2,1,1,3.0
201600019882,0016-07-21 18:35:00,16,7,21,18,35,170,300,GAULLE   AVENUE DU GENER,46.15403,-1.14716,Plein jour,En agglomération,Giratoire,Normale,Autre collision,,,,,,,,,,,1,2,6,1,6.0
201600019883,0016-07-21 18:30:00,16,7,21,18,30,170,274,"10, Route de Belle Croix",46.16854,-1.6452,Plein jour,Hors agglomération,Hors intersection,Normale,Deux véhicules - frontale,,,,,,,,,,,1,1,1,1,1.0
201600019884,0016-07-25 19:45:00,16,7,25,19,45,170,300,"155, ROUX   RUE DE",46.14245,-1.14996,Plein jour,En agglomération,Hors intersection,Normale,Sans collision,,,,,,,,,,,1,2,1,1,7.0
201600019885,0016-07-26 13:11:00,16,7,26,13,11,170,300,"03, CREPEAU   AVENUE MIC",46.14921,-1.15879,Plein jour,En agglomération,Intersection en X,Normale,Deux véhicules - côté,,,,,,,,,,,1,2,2,1,3.0
201600019886,0016-07-26 14:15:00,16,7,26,14,15,170,300,"23, DURAND  QUAI LOUIS",46.1583,-1.14451,Plein jour,En agglomération,Intersection en Y,Normale,Deux véhicules - côté,,,,,,,,,,,1,2,4,1,3.0
201600019887,0016-07-26 14:18:00,16,7,26,14,18,170,300,"12, DELAYANT   RUE",46.16423,-1.1518,Plein jour,En agglomération,Intersection en X,Normale,Deux véhicules - côté,,,,,,,,,,,1,2,2,1,3.0
201600019888,0016-07-30 10:55:00,16,7,30,10,55,170,300,"2, MARILLAC   QUAI",46.1486,-1.16083,Plein jour,En agglomération,Hors intersection,Normale,Deux véhicules - côté,,,,,,,,,,,1,2,1,1,3.0
201600019889,0016-08-01 14:55:00,16,8,1,14,55,170,300,"42, MARILLAC   AVENUE",46.14089,-1.16196,Plein jour,En agglomération,Hors intersection,Normale,Deux véhicules - arrière,,,,,,,,,,,1,2,1,1,2.0
201600019890,0016-08-02 14:15:00,16,8,2,14,15,170,300,35 PK RN11 ROCADE NANTES,46.17221,-1.12012,Plein jour,Hors agglomération,Hors intersection,Normale,Deux véhicules - arrière,,,,,,,,,,,1,1,1,1,2.0
201600019891,0016-08-02 19:45:00,16,8,2,19,45,170,300,"371, GUITON   AVENUE JEA",46.15968,-1.16573,Plein jour,En agglomération,Intersection en X,Normale,Deux véhicules - côté,,,,,,,,,,,1,2,2,1,3.0
201600019892,0016-08-03 11:09:00,16,8,3,11,9,170,200,"1, CLAVIER   AVENUE DU",46.17928,-1.15959,Plein jour,En agglomération,Hors intersection,Normale,Deux véhicules - arrière,,,,,,,,,,,1,2,1,1,2.0
201600019893,0016-08-04 18:40:00,16,8,4,18,40,170,300,"35, BALANDE   RUE GASTON",46.1714,-1.177,Plein jour,En agglomération,Intersection en X,Normale,Deux véhicules - côté,,,,,,,,,,,1,2,2,1,3.0
201600019894,0016-08-09 15:59:00,16,8,9,15,59,170,300,"12, BOIS FLEURI   RUE DU",46.16542,-1.20505,Plein jour,En agglomération,Hors intersection,Normale,Autre collision,,,,,,,,,,,1,2,1,1,6.0
201600019895,0016-08-10 08:00:00,16,8,10,8,0,170,28,114 PK RN137 JUSTICE ROC,46.13729,-1.10345,Plein jour,Hors agglomération,Hors intersection,Normale,Deux véhicules - arrière,,,,,,,,,,,1,1,1,1,2.0
201600019896,0016-08-11 21:55:00,16,8,11,21,55,170,300,"00, LECLERC   AVENUE DU",46.16245,-1.15849,Nuit avec éclairage allumé,En agglomération,Intersection en X,Normale,Deux véhicules - côté,,,,,,,,,,,5,2,2,1,3.0
201600019897,0016-08-22 18:32:00,16,8,22,18,32,170,300,"00, LECLERC   AVENUE DU",46.16272,-1.16147,Plein jour,En agglomération,Intersection en T,Normale,Deux véhicules - côté,,,,,,,,,,,1,2,3,1,3.0
201600019898,0016-08-22 19:51:00,16,8,22,19,51,170,300,"00, COGNEHORS   BOULEVAR",46.16749,-1.14037,Plein jour,En agglomération,Giratoire,Normale,Autre collision,,,,,,,,,,,1,2,6,1,6.0
201600019899,0016-08-24 15:56:00,16,8,24,15,56,170,300,"05, SAUTEL  BOULEVARD AN",46.16684,-1.13614,Plein jour,En agglomération,Hors intersection,Normale,Autre collision,,,,,,,,,,,1,2,1,1,6.0
201600019900,0016-08-27 12:42:00,16,8,27,12,42,170,291,"00, QUATORZE JUILLET   R",46.1746,-1.117,Plein jour,En agglomération,Hors intersection,Normale,Autre collision,,,,,,,,,,,1,2,1,1,6.0
201600019901,0016-08-28 18:47:00,16,8,28,18,47,170,300,"100, MAIL   ALLEE DU",46.15584,-1.17059,Plein jour,En agglomération,Hors intersection,Normale,Autre collision,,,,,,,,,,,1,2,1,1,6.0
201600019902,0016-08-29 12:20:00,16,8,29,12,20,170,300,"00, SAUTEL  BOULEVARD AN",46.16916,-1.12913,Plein jour,En agglomération,Intersection en T,Normale,Deux véhicules - arrière,,,,,,,,,,,1,2,3,1,2.0
201600019903,0016-08-30 11:10:00,16,8,30,11,10,170,28,"62, GRASSET   AVENUE EDM",46.1322,-1.10989,Plein jour,En agglomération,Hors intersection,Normale,Deux véhicules - arrière,,,,,,,,,,,1,2,1,1,2.0
201600019904,0016-08-30 19:08:00,16,8,30,19,8,170,300,"00, RAVEL   RUE MAURICE",46.16365,-1.12533,Plein jour,En agglomération,Hors intersection,Normale,Deux véhicules - côté,,,,,,,,,,,1,2,1,1,3.0
201600019905,0016-08-30 22:15:00,16,8,30,22,15,170,28,"00, LYSIACK   AVENUE DU",46.13814,-1.12939,Nuit avec éclairage allumé,En agglomération,Intersection en T,Normale,Deux véhicules - côté,,,,,,,,,,,5,2,3,1,3.0
201600019906,0016-09-02 09:06:00,16,9,2,9,6,170,300,"00, QUATORZE JUILLET   A",46.15209,-1.12429,Plein jour,En agglomération,Intersection en X,Normale,Autre collision,,,,,,,,,,,1,2,2,1,6.0
201600019907,0016-09-04 15:07:00,16,9,4,15,7,170,300,"00, D 106",46.17707,-1.21169,Plein jour,Hors agglomération,Hors intersection,Normale,Deux véhicules - arrière,,,,,,,,,,,1,1,1,1,2.0
201600019908,0016-09-04 21:50:00,16,9,4,21,50,170,300,"00, BECQUEREL   AVENUE H",46.14734,-1.15527,Nuit avec éclairage allumé,En agglomération,Hors intersection,Normale,Sans collision,,,,,,,,,,,5,2,1,1,7.0
201600019909,0016-09-04 23:00:00,16,9,4,23,0,170,300,"2, CHAUDRIER   RUE",46.16029,-1.15339,Nuit avec éclairage allumé,En agglomération,Hors intersection,Normale,Autre collision,,,,,,,,,,,5,2,1,1,6.0
201600019910,0016-09-06 08:15:00,16,9,6,8,15,170,300,"21, BLANCHARD   RUE JEAN",46.16616,-1.12568,Plein jour,En agglomération,Hors intersection,Normale,Deux véhicules - arrière,,,,,,,,,,,1,2,1,1,2.0
201600019911,0016-09-06 18:10:00,16,9,6,18,10,170,200,"00, HUIT MAI 1945   AVEN",46.1786,-1.15242,Plein jour,En agglomération,Hors intersection,Normale,Sans collision,,,,,,,,,,,1,2,1,1,7.0
201600019912,0016-09-10 17:51:00,16,9,10,17,51,170,300,,46.16251,-1.12129,Plein jour,En agglomération,Autre intersection,Normale,Deux véhicules - côté,,,,,,,,,,,1,2,9,1,3.0
201600019913,0016-09-11 18:24:00,16,9,11,18,24,170,200,"00, D 105",46.19353,-1.14128,Plein jour,Hors agglomération,Hors intersection,Normale,Autre collision,,,,,,,,,,,1,1,1,1,6.0
201600019914,0016-09-15 23:50:00,16,9,15,23,50,170,300,"00, SENAC DE MEILHAN   R",46.15082,-1.15263,Nuit avec éclairage allumé,En agglomération,Hors intersection,Normale,Sans collision,,,,,,,,,,,5,2,1,1,7.0
201600019915,0016-09-15 16:33:00,16,9,15,16,33,170,300,"00, CORSAIRES   AVENUE D",46.1696,-1.16989,Plein jour,En agglomération,Intersection en X,Normale,Deux véhicules - arrière,,,,,,,,,,,1,2,2,1,2.0
201600019916,0016-09-23 16:40:00,16,9,23,16,40,170,300,"00, JOFFRE   BOULEVARD (",46.15312,-1.14629,Plein jour,En agglomération,Intersection en T,Normale,Deux véhicules - côté,,,,,,,,,,,1,2,3,1,3.0
201600019917,0016-09-23 18:22:00,16,9,23,18,22,170,300,"00, 05 PK RN237 MOULIN J",46.17368,-1.17828,Plein jour,Hors agglomération,Hors intersection,Normale,Trois véhicules et plus - en chaîne,,,,,,,,,,,1,1,1,1,4.0
201600019918,0016-09-24 03:45:00,16,9,24,3,45,170,28,"88, GRASSET   AVENUE EDM",46.13165,-1.10447,Nuit avec éclairage allumé,En agglomération,Hors intersection,Normale,Autre collision,,,,,,,,,,,5,2,1,1,6.0
201600019919,0016-09-24 17:00:00,16,9,24,17,0,170,300,"00, REMPARTS   CHEMIN DE",46.16572,-1.15385,Plein jour,En agglomération,Hors intersection,Normale,Sans collision,,,,,,,,,,,1,2,1,1,7.0
201600019920,0016-09-25 00:50:00,16,9,25,0,50,170,300,43 rue Emile Normandin,46.14859,-1.14392,Nuit avec éclairage allumé,En agglomération,Hors intersection,Normale,Deux véhicules - arrière,,,,,,,,,,,5,2,1,1,2.0
201600019921,0016-09-25 14:00:00,16,9,25,14,0,170,300,"00, DENFERT-ROCHEREAU",46.16514,-1.19284,Plein jour,En agglomération,Hors intersection,Normale,Deux véhicules - côté,,,,,,,,,,,1,2,1,1,3.0
201600019922,0016-09-27 21:00:00,16,9,27,21,0,170,300,"38, GRANDES VARENNES   A",46.17139,-1.177,Nuit avec éclairage allumé,En agglomération,Intersection en T,Normale,Deux véhicules - côté,,,,,,,,,,,5,2,3,1,3.0
201600019923,0016-09-28 11:22:00,16,9,28,11,22,170,300,"00, MAIL   ALLEE DU",46.1558,-1.17047,Plein jour,En agglomération,Hors intersection,Normale,Deux véhicules - côté,,,,,,,,,,,1,2,1,1,3.0
201600019924,0016-09-28 23:40:00,16,9,28,23,40,170,300,"71, NORMANDIN   RUE EMIL",46.14778,-1.14331,Nuit avec éclairage allumé,En agglomération,Hors intersection,Normale,Autre collision,,,,,,,,,,,5,2,1,1,6.0
201600019925,0016-09-29 08:51:00,16,9,29,8,51,170,300,"00, BERNIER   AVENUE DU",46.16749,-1.0932,Plein jour,En agglomération,Intersection en X,Normale,Deux véhicules - côté,,,,,,,,,,,1,2,2,1,3.0
201600019926,0016-09-30 13:20:00,16,9,30,13,20,170,300,"7, NOUE   RUE DE LA",46.16029,-1.15572,Plein jour,En agglomération,Hors intersection,Normale,Autre collision,,,,,,,,,,,1,2,1,1,6.0
201600019927,0016-10-02 05:50:00,16,10,2,5,50,170,300,"284, GUITON   AVENUE JEA",46.16144,-1.18352,Crépuscule ou aube,En agglomération,Hors intersection,Normale,Sans collision,,,,,,,,,,,2,2,1,1,7.0
201600019928,0016-10-02 16:20:00,16,10,2,16,20,170,300,"00, PEPINIERE   RUE DE L",46.1615,-1.16392,Plein jour,En agglomération,Intersection en X,Normale,Deux véhicules - côté,,,,,,,,,,,1,2,2,1,3.0
201600019929,0016-10-04 13:45:00,16,10,4,13,45,170,300,SCHWEITZER   RUE DU DOCT,46.15782,-1.14457,Plein jour,En agglomération,Intersection en T,Normale,Deux véhicules - côté,,,,,,,,,,,1,2,3,1,3.0
201600019930,0016-10-05 08:00:00,16,10,5,8,0,170,300,"43, MINAGE   RUE DU",46.16294,-1.15141,Plein jour,En agglomération,Hors intersection,Normale,Autre collision,,,,,,,,,,,1,2,1,1,6.0
201600019931,0016-10-05 17:25:00,16,10,5,17,25,170,300,"108, GRASSET   AVENUE ED",46.16383,-1.1723,Plein jour,En agglomération,Hors intersection,Normale,Deux véhicules - côté,,,,,,,,,,,1,2,1,1,3.0
201600019932,0016-10-06 15:38:00,16,10,6,15,38,170,300,"00, REPUBLIQUE   BOULEVA",46.14104,-1.14127,Plein jour,En agglomération,Intersection en X,Normale,Deux véhicules - frontale,,,,,,,,,,,1,2,2,1,1.0
201600019933,0016-10-06 17:19:00,16,10,6,17,19,170,28,"00, 114 PK RN137 JUSTICE",46.13731,-1.10345,Plein jour,Hors agglomération,Hors intersection,Normale,Autre collision,,,,,,,,,,,1,1,1,1,6.0
201600019934,0016-10-07 17:21:00,16,10,7,17,21,170,291,"00, 118 PK RN137 JUSTICE",46.1716,-1.12071,Plein jour,Hors agglomération,Hors intersection,Normale,Deux véhicules - arrière,,,,,,,,,,,1,1,1,1,2.0
201600019935,0016-10-07 18:19:00,16,10,7,18,19,170,28,112 PK RN137 JUSTICE ROC,46.12086,-1.10935,Plein jour,Hors agglomération,Hors intersection,Normale,Deux véhicules - arrière,,,,,,,,,,,1,1,1,1,2.0
201600019936,0016-10-08 23:00:00,16,10,8,23,0,170,300,"01, LOMBARD   AVENUE MOD",46.16798,-1.19508,Nuit avec éclairage allumé,En agglomération,Hors intersection,Normale,Autre collision,,,,,,,,,,,5,2,1,1,6.0
201600019937,0016-10-11 17:05:00,16,10,11,17,5,170,300,"57, NORMANDIN   RUE EMIL",46.14809,-1.14344,Plein jour,En agglomération,Hors intersection,Normale,Autre collision,,,,,,,,,,,1,2,1,1,6.0
201600019938,0016-10-12 12:00:00,16,10,12,12,0,170,300,"00, COLIGNY   AVENUE",46.16304,-1.0954,Plein jour,En agglomération,Intersection en X,Normale,Autre collision,,,,,,,,,,,1,2,2,1,6.0
201600019939,0016-10-12 18:46:00,16,10,12,18,46,170,300,"00, RAMBAUD   RUE",46.16354,-1.15468,Plein jour,En agglomération,Intersection en X,Normale,Autre collision,,,,,,,,,,,1,2,2,1,6.0
201600019940,0016-10-14 18:15:00,16,10,14,18,15,170,300,Rue Moulin des justices,46.16938,-1.12148,Plein jour,En agglomération,Intersection en T,Normale,Deux véhicules - côté,,,,,,,,,,,1,2,3,1,3.0
201600019941,0016-10-14 23:30:00,16,10,14,23,30,170,200,"00, HUIT MAI 1945   AVEN",46.17821,-1.15326,Nuit avec éclairage allumé,En agglomération,Hors intersection,Normale,Autre collision,,,,,,,,,,,5,2,1,1,6.0
201600019942,0016-10-15 16:30:00,16,10,15,16,30,170,291,"00, D 263",46.17359,-1.11201,Plein jour,Hors agglomération,Giratoire,Normale,Deux véhicules - côté,,,,,,,,,,,1,1,6,1,3.0
201600019943,0016-10-16 03:40:00,16,10,16,3,40,170,300,"85, GRASSET   AVENUE EDM",46.16351,-1.16977,Nuit avec éclairage allumé,En agglomération,Hors intersection,Normale,Autre collision,,,,,,,,,,,5,2,1,1,6.0
201600019944,0016-10-17 09:15:00,16,10,17,9,15,170,300,Bd Aristide Rondeau,46.16134,-1.18303,Plein jour,En agglomération,Giratoire,Normale,Deux véhicules - côté,,,,,,,,,,,1,2,6,1,3.0
201600019945,0016-10-17 17:30:00,16,10,17,17,30,170,300,"00, GAMBETTA   AVENUE",46.16166,-1.14549,Plein jour,En agglomération,Intersection en X,Normale,Deux véhicules - frontale,,,,,,,,,,,1,2,2,1,1.0
201600019946,0016-10-18 18:25:00,16,10,18,18,25,170,300,"00, AMELOT   RUE",46.16048,-1.14838,Plein jour,En agglomération,Hors intersection,Normale,Autre collision,,,,,,,,,,,1,2,1,1,6.0
201600019947,0016-10-20 08:20:00,16,10,20,8,20,170,300,"2, DOMPIERRE   RUE DE",46.16356,-1.13834,Plein jour,En agglomération,Hors intersection,Normale,Autre collision,,,,,,,,,,,1,2,1,1,6.0
201600019948,0016-10-22 17:40:00,16,10,22,17,40,170,274,"1, REPUBLIQUE   ROND-POI",46.15434,-1.11233,Plein jour,Hors agglomération,Giratoire,Normale,Autre collision,,,,,,,,,,,1,1,6,1,6.0
201600019949,0016-10-24 09:35:00,16,10,24,9,35,170,300,06 PK RN237 RE MOULIN JU,46.17105,-1.19055,Plein jour,Hors agglomération,Hors intersection,Pluie légère,Autre collision,,,,,,,,,,,1,1,1,2,6.0
201600019950,0016-10-26 16:30:00,16,10,26,16,30,170,300,"00, FETILLY   AVENUE DE",46.17021,-1.15229,Plein jour,En agglomération,Intersection en Y,Normale,Deux véhicules - côté,,,,,,,,,,,1,2,4,1,3.0
201600019951,0016-10-28 09:00:00,16,10,28,9,0,170,300,LECLERC   AVENUE DU GENE,46.16212,-1.15542,Plein jour,En agglomération,Hors intersection,Normale,Sans collision,,,,,,,,,,,1,2,1,1,7.0
201600019952,0016-11-02 09:20:00,16,11,2,9,20,170,300,"48 bis, GUITON   AVENUE",46.15944,-1.16416,Plein jour,En agglomération,Intersection en X,Normale,Autre collision,,,,,,,,,,,1,2,2,1,6.0
201600019953,0016-11-02 16:53:00,16,11,2,16,53,170,28,"00, 112 PK RN137 ROCHEFO",46.12087,-1.10935,Plein jour,En agglomération,Hors intersection,Normale,Deux véhicules - arrière,,,,,,,,,,,1,2,1,1,2.0
201600019954,0016-11-04 21:00:00,16,11,4,21,0,170,300,"2, LECLERC   AVENUE DU G",46.16248,-1.15867,Nuit avec éclairage allumé,En agglomération,Hors intersection,Pluie légère,Deux véhicules - côté,,,,,,,,,,,5,2,1,2,3.0
201600019955,0016-11-05 17:25:00,16,11,5,17,25,170,300,"07, BOURGET   RUE PAUL",46.17082,-1.18653,Plein jour,En agglomération,Intersection en T,Normale,Deux véhicules - côté,,,,,,,,,,,1,2,3,1,3.0
201600019956,0016-11-05 23:10:00,16,11,5,23,10,170,300,"63, JOFFRE   BOULEVARD (",46.15795,-1.14231,Nuit avec éclairage allumé,En agglomération,Intersection en X,Normale,Deux véhicules - côté,,,,,,,,,,,5,2,2,1,3.0
201600019957,0016-11-06 21:45:00,16,11,6,21,45,170,300,"1, GUITON   AVENUE JEAN",46.1587,-1.1595,Nuit avec éclairage allumé,En agglomération,Intersection en X,Normale,Deux véhicules - frontale,,,,,,,,,,,5,2,2,1,1.0
201600019958,0016-11-06 22:16:00,16,11,6,22,16,170,291,33 PK RN11 NANTES ROCADE,46.17738,-1.10227,Nuit avec éclairage allumé,Hors agglomération,Hors intersection,Normale,Autre collision,,,,,,,,,,,5,1,1,1,6.0
201600019959,0016-11-08 10:15:00,16,11,8,10,15,170,200,"00, 02 PK RN237 RE MOULI",46.18068,-1.14771,Plein jour,Hors agglomération,Intersection en Y,Normale,Trois véhicules et plus - en chaîne,,,,,,,,,,,1,1,4,1,4.0
201600019960,0016-11-09 08:34:00,16,11,9,8,34,170,300,"153, DENFERT-ROCHEREAU",46.1643,-1.20177,Crépuscule ou aube,En agglomération,Intersection en X,Vent fort / tempête,Deux véhicules - côté,,,,,,,,,,,2,2,2,6,3.0
201600019961,0016-11-09 17:13:00,16,11,9,17,13,170,300,"18, HUGUENOTE   RUE DE L",46.14991,-1.15555,Plein jour,En agglomération,Intersection en X,Normale,Deux véhicules - côté,,,,,,,,,,,1,2,2,1,3.0
201600019962,0016-11-13 10:20:00,16,11,13,10,20,170,200,"1, HUIT MAI 1945   AVENU",46.18614,-1.15096,Plein jour,En agglomération,Intersection en X,Normale,Deux véhicules - arrière,,,,,,,,,,,1,2,2,1,2.0
201600019963,0016-11-16 18:06:00,16,11,16,18,6,170,300,"82, CORDELIERS   AVENUE",46.16661,-1.14113,Nuit avec éclairage allumé,En agglomération,Hors intersection,Normale,Autre collision,,,,,,,,,,,5,2,1,1,6.0
201600019964,0016-11-17 18:37:00,16,11,17,18,37,170,300,"2, HUGUENOTE   RUE DE LA",46.15028,-1.15289,Nuit avec éclairage allumé,En agglomération,Hors intersection,Normale,Autre collision,,,,,,,,,,,5,2,1,1,6.0
201600019965,0016-11-18 07:49:00,16,11,18,7,49,170,300,"4, PERIGNY   RUE DE",46.15692,-1.14229,Nuit avec éclairage allumé,En agglomération,Hors intersection,Pluie légère,Autre collision,,,,,,,,,,,5,2,1,2,6.0
201600019966,0016-11-18 07:56:00,16,11,18,7,56,170,300,"2, MONNET   AVENUE JEAN",46.14461,-1.15295,Nuit avec éclairage allumé,En agglomération,Hors intersection,Normale,Deux véhicules - côté,,,,,,,,,,,5,2,1,1,3.0
201600019967,0016-11-18 08:31:00,16,11,18,8,31,170,291,118 PK RN137 JUSTICE ROC,46.17192,-1.12086,Plein jour,Hors agglomération,Hors intersection,Normale,Trois véhicules et plus - en chaîne,,,,,,,,,,,1,1,1,1,4.0
201600019968,0016-11-18 17:49:00,16,11,18,17,49,170,200,"02, VENDOME   RUE DU MOU",46.1782,1.15339,Crépuscule ou aube,En agglomération,Hors intersection,Pluie légère,Deux véhicules - arrière,,,,,,,,,,,2,2,1,2,2.0
201600019969,0016-11-20 23:20:00,16,11,20,23,20,170,300,"92, SAUTEL  BOULEVARD AN",46.16924,-1.12882,Nuit avec éclairage allumé,En agglomération,Hors intersection,Pluie légère,Deux véhicules - côté,,,,,,,,,,,5,2,1,2,3.0
201600019970,0016-11-23 22:35:00,16,11,23,22,35,170,300,"19, MAUBEC   QUAI",46.15881,-1.14979,Nuit avec éclairage allumé,En agglomération,Hors intersection,Pluie légère,Autre collision,,,,,,,,,,,5,2,1,2,6.0
201600019971,0016-11-24 11:16:00,16,11,24,11,16,170,28,114 PK RN137 JUSTICE ROC,46.1373,-1.10347,Plein jour,Hors agglomération,Hors intersection,Pluie légère,Deux véhicules - côté,,,,,,,,,,,1,1,1,2,3.0
201600019972,0016-11-24 18:02:00,16,11,24,18,2,170,300,"100, SALINES  RUE DU PON",46.15666,-1.11865,Nuit avec éclairage allumé,En agglomération,Hors intersection,Normale,Autre collision,,,,,,,,,,,5,2,1,1,6.0
201600019973,0016-11-25 08:55:00,16,11,25,8,55,170,300,"1, TRUFFAUT  RUE FRANCOI",46.14613,-1.15436,Plein jour,En agglomération,Hors intersection,Normale,Deux véhicules - côté,,,,,,,,,,,1,2,1,1,3.0
201600019974,0016-11-27 20:40:00,16,11,27,20,40,170,28,112 PK RN137 JUSTICE ROC,46.12087,-1.10935,Nuit avec éclairage allumé,Hors agglomération,Hors intersection,Normale,Deux véhicules - frontale,,,,,,,,,,,5,1,1,1,1.0
201600019975,0016-11-25 12:30:00,16,11,25,12,30,170,28,"4, GAULLE   AVENUE DU GE",46.13413,-1.12028,Plein jour,Hors agglomération,Hors intersection,Normale,Deux véhicules - côté,,,,,,,,,,,1,1,1,1,3.0
201600019976,0016-11-30 08:10:00,16,11,30,8,10,170,300,"4, ONZE NOVEMBRE 1918",46.17347,-1.15036,Plein jour,En agglomération,Hors intersection,Normale,Deux véhicules - côté,,,,,,,,,,,1,2,1,1,3.0
201600019977,0016-12-01 04:30:00,16,12,1,4,30,170,291,33 PK RN11 ROCADE NANTES,46.17919,-1.09662,Plein jour,Hors agglomération,Hors intersection,Normale,Trois véhicules et plus - collisions multiples,,,,,,,,,,,1,1,1,1,5.0
201600019978,0016-12-03 05:39:00,16,12,3,5,39,170,200,"2, NIEUL SUR MER  ROUTE",46.19596,-1.1566,Nuit sans éclairage public,Hors agglomération,Hors intersection,Autre,Sans collision,,,,,,,,,,,3,1,1,9,7.0
201600019979,0016-12-04 11:05:00,16,12,4,11,5,170,300,"59, LECLERC   AVENUE DU",46.16312,-1.16515,Plein jour,En agglomération,Intersection en X,Normale,Deux véhicules - côté,,,,,,,,,,,1,2,2,1,3.0
201600019980,0016-12-05 15:32:00,16,12,5,15,32,170,291,"22, LIBERATION   RUE DE",46.17737,-1.11595,Plein jour,En agglomération,Hors intersection,Normale,Deux véhicules - arrière,,,,,,,,,,,1,2,1,1,2.0
201600019981,0016-12-07 15:35:00,16,12,7,15,35,170,28,"2, EINSTEIN   RUE",46.12704,-1.09856,Plein jour,En agglomération,Hors intersection,Normale,Autre collision,,,,,,,,,,,1,2,1,1,6.0
201600019982,0016-12-09 09:21:00,16,12,9,9,21,170,200,"10, BOIS D'HURE   RUE DU",46.1895,-1.14297,Plein jour,En agglomération,Intersection en X,Normale,Deux véhicules - côté,,,,,,,,,,,1,2,2,1,3.0