accident_id,datetime,annee,mois,jour,heure,minute,departement,commune_insee,adresse,latitude,longitude,luminosite,agglomeration,intersection,meteo,collision,nb_vehicules,nb_usagers,nb_indemnes,nb_tues,nb_blesses_hosp,nb_blesses_legers,age_cond_1,age_cond_2,veh_type_cond_1,veh_type_cond_2,lum_code,agg_code,int_code,atm_code,col_code
201600020105,0016-01-14 13:40:00,16,1,14,13,40,170,415,GEMOZAC AVENUE DE,45.72289,-0.63993,Plein jour,Hors agglomération,Hors intersection,Normale,Trois véhicules et plus - en chaîne,,,,,,,,,,,1,1,1,1,4.0
201600020106,0016-01-22 15:35:00,16,1,22,15,35,170,415,route nationale 141,45.74573,-0.59351,Plein jour,Hors agglomération,Hors intersection,Normale,Deux véhicules - arrière,,,,,,,,,,,1,1,1,1,2.0
201600020107,0016-01-24 05:00:00,16,1,24,5,0,170,415,"1, SAINTONGE A10 A ROCAD",45.74064,-0.62299,Plein jour,Hors agglomération,Hors intersection,Normale,Deux véhicules - arrière,,,,,,,,,,,1,1,1,1,2.0
201600020108,0016-02-05 13:30:00,16,2,5,13,30,170,415,"42, BERTHELOT RUE MARCEL",45.74391,-0.62071,Plein jour,En agglomération,Intersection en T,Normale,Autre collision,,,,,,,,,,,1,2,3,1,6.0
201600020109,0016-02-05 19:15:00,16,2,5,19,15,170,415,"100, LECLERC COURS DU MA",45.75409,-0.65481,Nuit avec éclairage allumé,En agglomération,Hors intersection,Normale,Deux véhicules - côté,,,,,,,,,,,5,2,1,1,3.0
201600020110,0016-02-18 16:40:00,16,2,18,16,40,170,415,"111, GAMBETTA 74 A 162 E",45.74661,-0.62292,Plein jour,En agglomération,Hors intersection,Normale,Autre collision,,,,,,,,,,,1,2,1,1,6.0
201600020111,0016-02-19 13:33:00,16,2,19,13,33,170,415,"1, BERTHELOT RUE MARCELI",45.74099,-0.6224,Plein jour,En agglomération,Giratoire,Normale,Deux véhicules - frontale,,,,,,,,,,,1,2,6,1,1.0
201600020112,0016-03-04 09:25:00,16,3,4,9,25,170,415,VARZAY ROUTE DE,45.72427,-0.68313,Plein jour,Hors agglomération,Hors intersection,Normale,Deux véhicules - frontale,,,,,,,,,,,1,1,1,1,1.0
201600020113,0016-03-18 16:40:00,16,3,18,16,40,170,415,"03, PARE BOULEVARD AMBRO",45.74791,-0.65868,Plein jour,En agglomération,Giratoire,Normale,Deux véhicules - côté,,,,,,,,,,,1,2,6,1,3.0
201600020114,0016-03-25 16:25:00,16,3,25,16,25,170,415,Route Nationale 150,45.71205,-0.6984,Plein jour,Hors agglomération,Hors intersection,Normale,Deux véhicules - arrière,,,,,,,,,,,1,1,1,1,2.0
201600020115,0016-03-28 18:45:00,16,3,28,18,45,170,415,LECLERC COURS DU MARECHA,45.75185,-0.65036,Crépuscule ou aube,En agglomération,Hors intersection,Normale,Deux véhicules - arrière,,,,,,,,,,,2,2,1,1,2.0
201600020116,0016-04-01 18:35:00,16,4,1,18,35,170,415,"01, LORMONT RUE DE",45.74691,-0.61477,Plein jour,En agglomération,Hors intersection,Normale,Deux véhicules - frontale,,,,,,,,,,,1,2,1,1,1.0
201600020117,0016-04-04 04:00:00,16,4,4,4,0,170,415,"01, NATIONAL 1 A 67 ET 2",45.74703,-0.6305,Nuit avec éclairage allumé,En agglomération,Intersection en X,Normale,Deux véhicules - côté,,,,,,,,,,,5,2,2,1,3.0
201600020118,0016-04-08 18:00:00,16,4,8,18,0,170,415,"39, BOULE RUE DE LA",45.74819,-0.63909,Plein jour,En agglomération,Intersection en X,Normale,Deux véhicules - côté,,,,,,,,,,,1,2,2,1,3.0
201600020119,0016-04-11 19:25:00,16,4,11,19,25,170,415,BRIAND RUE ARISTIDE,45.74563,-0.62041,Crépuscule ou aube,En agglomération,Giratoire,Normale,Deux véhicules - côté,,,,,,,,,,,2,2,6,1,3.0
201600020120,0016-04-13 23:25:00,16,4,13,23,25,170,415,"17, ALLENDE AV. DU PRESI",45.73605,-0.64444,Nuit avec éclairage allumé,En agglomération,Hors intersection,Normale,Autre collision,,,,,,,,,,,5,2,1,1,6.0
201600020121,0016-04-20 14:15:00,16,4,20,14,15,170,415,PONT AMILION PETITE RUE,45.74453,-0.62718,Plein jour,En agglomération,Intersection en X,Normale,Deux véhicules - frontale,,,,,,,,,,,1,2,2,1,1.0
201600020122,0016-04-27 12:50:00,16,4,27,12,50,170,415,LECLERC COURS DU MARECHA,45.75392,-0.65446,Plein jour,En agglomération,Hors intersection,Normale,Deux véhicules - côté,,,,,,,,,,,1,2,1,1,3.0
201600020123,0016-04-29 10:50:00,16,4,29,10,50,170,415,MARNE AVENUE DE LA,45.74638,-0.61848,Plein jour,En agglomération,Intersection en T,Normale,Deux véhicules - côté,,,,,,,,,,,1,2,3,1,3.0
201600020124,0016-05-07 20:00:00,16,5,7,20,0,170,415,"76, PORT D'ENVAUX ROUTE",45.78525,-0.65221,Crépuscule ou aube,Hors agglomération,Hors intersection,Normale,Autre collision,,,,,,,,,,,2,1,1,1,6.0
201600020125,0016-05-12 09:15:00,16,5,12,9,15,170,415,SAINTONGE BLANCHARD A RO,45.74303,-0.66878,Plein jour,Hors agglomération,Intersection en T,Normale,Deux véhicules - frontale,,,,,,,,,,,1,1,3,1,1.0
201600020126,0016-05-19 15:40:00,16,5,19,15,40,170,415,ROCADE SUD,45.73014,-0.62242,Plein jour,Hors agglomération,Hors intersection,Normale,Autre collision,,,,,,,,,,,1,1,1,1,6.0
201600020127,0016-06-01 19:00:00,16,6,1,19,0,170,415,"36, GAMBETTA 2 A 72 ET 5",45.74679,-0.62643,Plein jour,En agglomération,Hors intersection,Normale,Deux véhicules - arrière,,,,,,,,,,,1,2,1,1,2.0
201600020128,0016-06-03 14:25:00,16,6,3,14,25,170,415,"84, LECLERC COURS DU MAR",45.7524,-0.65154,Plein jour,Hors agglomération,Hors intersection,Normale,Trois véhicules et plus - collisions multiples,,,,,,,,,,,1,1,1,1,5.0
201600020129,0016-06-09 15:30:00,16,6,9,15,30,170,415,"139, GENET ROCADE A COTE",45.74984,-0.66671,Plein jour,En agglomération,Hors intersection,Normale,Deux véhicules - arrière,,,,,,,,,,,1,2,1,1,2.0
201600020130,0016-06-24 11:55:00,16,6,24,11,55,170,415,"02, NATIONAL 1 A 67 ET 2",45.74704,-0.63047,Plein jour,En agglomération,Intersection en X,Normale,Deux véhicules - arrière,,,,,,,,,,,1,2,2,1,2.0
201600020131,0016-07-09 16:50:00,16,7,9,16,50,170,415,"40, REVERSEAUX 2 A 46 ET",45.74517,-0.63867,Plein jour,En agglomération,Intersection en T,Normale,Deux véhicules - côté,,,,,,,,,,,1,2,3,1,3.0
201600020132,0016-07-13 07:35:00,16,7,13,7,35,170,415,ALLEE DE LA GUYARDERIE,45.75633,-0.64415,Plein jour,En agglomération,Intersection en T,Normale,Autre collision,,,,,,,,,,,1,2,3,1,6.0
201600020133,0016-07-21 03:15:00,16,7,21,3,15,170,415,Route Nationale 150,45.71204,-0.69851,Nuit sans éclairage public,Hors agglomération,Hors intersection,Normale,Autre collision,,,,,,,,,,,3,1,1,1,6.0
201600020134,0016-07-29 23:35:00,16,7,29,23,35,170,415,"1, SAINTONGE A10 A ROCAD",45.7453,-0.66966,Nuit avec éclairage allumé,Hors agglomération,Intersection en T,Normale,Deux véhicules - côté,,,,,,,,,,,5,1,3,1,3.0
201600020135,0016-08-09 19:25:00,16,8,9,19,25,170,415,"137, GAMBETTA 74 A 162 E",45.74651,-0.62118,Plein jour,En agglomération,Hors intersection,Normale,Autre collision,,,,,,,,,,,1,2,1,1,6.0
201600020136,0016-08-11 11:25:00,16,8,11,11,25,170,415,"12, JEAN RUE DU DOCTEUR",45.73938,-0.61848,Plein jour,En agglomération,Hors intersection,Normale,Deux véhicules - arrière,,,,,,,,,,,1,2,1,1,2.0
201600020137,0016-08-11 12:10:00,16,8,11,12,10,170,415,"135, GAUTIER RUE",45.73995,-0.61969,Plein jour,En agglomération,Hors intersection,Normale,Deux véhicules - arrière,,,,,,,,,,,1,2,1,1,2.0
201600020138,0016-08-13 19:16:00,16,8,13,19,16,170,415,", GAUTIER RUE",45.7417,-0.62385,Plein jour,En agglomération,Hors intersection,Normale,Deux véhicules - côté,,,,,,,,,,,1,2,1,1,3.0
201600020139,0016-07-13 20:05:00,16,7,13,20,5,170,415,ROCADE OUEST,45.73219,-0.6587,Crépuscule ou aube,En agglomération,Autre intersection,Normale,Deux véhicules - arrière,,,,,,,,,,,2,2,9,1,2.0
201600020140,0016-08-14 21:05:00,16,8,14,21,5,170,415,"54, REVERSEAUX 48 A FIN",45.74326,-0.63995,Plein jour,En agglomération,Hors intersection,Normale,Autre collision,,,,,,,,,,,1,2,1,1,6.0
201600020141,0016-08-13 20:00:00,16,8,13,20,0,170,415,"1, SAINTONGE A10 A ROCAD",45.74107,-0.66006,Crépuscule ou aube,Hors agglomération,Autre intersection,Normale,Deux véhicules - arrière,,,,,,,,,,,2,1,9,1,2.0
201600020142,0016-08-17 09:15:00,16,8,17,9,15,170,415,"7, BRIAND AVENUE ARISTID",45.74566,-0.6175,Plein jour,En agglomération,Hors intersection,Normale,Deux véhicules - frontale,,,,,,,,,,,1,2,1,1,1.0
201600020143,0016-08-22 15:30:00,16,8,22,15,30,170,415,"1, HAUT PABAN LIEU DIT",45.70641,-0.64502,Plein jour,Hors agglomération,Hors intersection,Normale,Deux véhicules - frontale,,,,,,,,,,,1,1,1,1,1.0
201600020144,0016-08-26 11:30:00,16,8,26,11,30,170,415,"22, REVERSEAUX 2 A 46 ET",45.74574,-0.63844,Plein jour,En agglomération,Place,Normale,Autre collision,,,,,,,,,,,1,2,7,1,6.0
201600020145,0016-09-02 17:30:00,16,9,2,17,30,170,415,"1, SAINTONGE PONT A RUE",45.74068,-0.6232,Plein jour,En agglomération,Hors intersection,Normale,Deux véhicules - frontale,,,,,,,,,,,1,2,1,1,1.0
201600020146,0016-09-07 18:00:00,16,9,7,18,0,170,415,"31, PEUPLIERS CHEMIN DES",45.73122,-0.62508,Plein jour,En agglomération,Hors intersection,Normale,Autre collision,,,,,,,,,,,1,2,1,1,6.0
201600020147,0016-09-08 14:40:00,16,9,8,14,40,170,415,"12, GATERAT LE PETIT",45.74563,-0.67945,Plein jour,Hors agglomération,Hors intersection,Normale,Autre collision,,,,,,,,,,,1,1,1,1,6.0
201600020148,0016-09-11 19:50:00,16,9,11,19,50,170,415,"40, JEAN RUE DU DOCTEUR",45.73798,-0.61653,Crépuscule ou aube,En agglomération,Intersection en X,Normale,Deux véhicules - frontale,,,,,,,,,,,2,2,2,1,1.0
201600020149,0016-09-15 11:20:00,16,9,15,11,20,170,415,SAINTONGE PONT A RUE GAU,45.74161,-0.63949,Plein jour,En agglomération,Hors intersection,Normale,Autre collision,,,,,,,,,,,1,2,1,1,6.0
201600020150,0016-09-16 15:08:00,16,9,16,15,8,170,415,BRIAND RUE ARISTIDE,45.74553,-0.618,Plein jour,En agglomération,Hors intersection,Normale,Deux véhicules - frontale,,,,,,,,,,,1,2,1,1,1.0
201600020151,0016-10-05 08:50:00,16,10,5,8,50,170,415,GENET 6 A ROCADE OUEST C,45.74911,-0.65911,Plein jour,En agglomération,Giratoire,Normale,Deux véhicules - côté,,,,,,,,,,,1,2,6,1,3.0
201600020152,0016-10-13 18:15:00,16,10,13,18,15,170,415,"30, BRIAND AVENUE ARISTI",45.74589,-0.61688,Crépuscule ou aube,En agglomération,Hors intersection,Normale,Deux véhicules - arrière,,,,,,,,,,,2,2,1,1,2.0
201600020153,0016-11-09 14:53:00,16,11,9,14,53,170,415,"1, PASTEUR RUE",45.74748,-0.63732,Plein jour,En agglomération,Giratoire,Normale,Deux véhicules - arrière,,,,,,,,,,,1,2,6,1,2.0
201600020154,0016-11-21 08:00:00,16,11,21,8,0,170,415,Dpartementale  137,45.75591,-0.65761,Nuit avec éclairage allumé,Hors agglomération,Giratoire,Normale,Trois véhicules et plus - en chaîne,,,,,,,,,,,5,1,6,1,4.0
201600020155,0016-11-26 09:15:00,16,11,26,9,15,170,415,Dpartementale  137,45.72244,-0.63896,Plein jour,Hors agglomération,Hors intersection,Normale,Deux véhicules - frontale,,,,,,,,,,,1,1,1,1,1.0
201600020156,0016-12-01 12:30:00,16,12,1,12,30,170,415,"1, GENET 2 A 64 COURS",45.74828,-0.64682,Plein jour,En agglomération,Intersection en Y,Normale,Deux véhicules - côté,,,,,,,,,,,1,2,4,1,3.0
201600020157,0016-12-05 09:12:00,16,12,5,9,12,170,415,SAINTONGE PONT A RUE GAU,45.44268,-0.37355,Plein jour,En agglomération,Giratoire,Normale,Deux véhicules - côté,,,,,,,,,,,1,2,6,1,3.0
201600020158,0016-12-08 18:00:00,16,12,8,18,0,170,415,"62, BERTHELOT RUE MARCEL",45.74104,-0.62234,Nuit avec éclairage allumé,En agglomération,Giratoire,Normale,Deux véhicules - côté,,,,,,,,,,,5,2,6,1,3.0
201600020159,0016-12-09 08:30:00,16,12,9,8,30,170,415,"5, COTE DE BEAUTE RUE DE",45.74767,-0.669,Plein jour,Hors agglomération,Hors intersection,Normale,Autre collision,,,,,,,,,,,1,1,1,1,6.0
201600020160,0016-12-09 11:00:00,16,12,9,11,0,170,415,"03, EUROPE COURS DE",45.73603,-0.6524,Plein jour,En agglomération,Hors intersection,Normale,Autre collision,,,,,,,,,,,1,2,1,1,6.0
201600020161,0016-12-09 13:25:00,16,12,9,13,25,170,415,ORMEAU DE PIED RUE DE L',45.74319,-0.66456,Plein jour,En agglomération,Hors intersection,Normale,Deux véhicules - côté,,,,,,,,,,,1,2,1,1,3.0
201600020162,0016-12-09 14:39:00,16,12,9,14,39,170,415,"32, ALLENDE AVENUE DU PR",45.7347,-0.64511,Plein jour,En agglomération,Autre intersection,Normale,Deux véhicules - frontale,,,,,,,,,,,1,2,9,1,1.0
201600020163,0016-12-13 08:00:00,16,12,13,8,0,170,415,ROCADE OUEST,45.72503,-0.64179,Crépuscule ou aube,Hors agglomération,Hors intersection,Normale,Trois véhicules et plus - collisions multiples,,,,,,,,,,,2,1,1,1,5.0
201600020164,0016-12-20 17:26:00,16,12,20,17,26,170,415,"01, ROCADE OUEST",45.72416,-0.6392,Plein jour,Hors agglomération,Giratoire,Normale,Trois véhicules et plus - en chaîne,,,,,,,,,,,1,1,6,1,4.0
201600020165,0016-02-14 16:30:00,16,2,14,16,30,370,206,,,,Plein jour,Hors agglomération,Hors intersection,Neige / grêle,Sans collision,,,,,,,,,,,1,1,1,4,7.0
201600020166,0016-07-10 12:45:00,16,7,10,12,45,370,194,,,,Plein jour,Hors agglomération,Hors intersection,Normale,Sans collision,,,,,,,,,,,1,1,1,1,7.0
201600020167,0016-07-19 16:45:00,16,7,19,16,45,370,160,,,,Plein jour,Hors agglomération,Hors intersection,Normale,Deux véhicules - arrière,,,,,,,,,,,1,1,1,1,2.0
201600020168,0016-08-04 14:45:00,16,8,4,14,45,370,160,,,,Plein jour,Hors agglomération,Hors intersection,Normale,Deux véhicules - frontale,,,,,,,,,,,1,1,1,1,1.0
201600020169,0016-08-23 15:45:00,16,8,23,15,45,370,10,,,,Plein jour,Hors agglomération,Hors intersection,Normale,Deux véhicules - arrière,,,,,,,,,,,1,1,1,1,2.0
201600020170,0016-10-27 07:55:00,16,10,27,7,55,370,153,A10 - PK 191 + 400,47.48186,0.79182,Crépuscule ou aube,Hors agglomération,Hors intersection,Pluie légère,Deux véhicules - arrière,,,,,,,,,,,2,1,1,2,2.0
201600020171,0016-10-28 11:40:00,16,10,28,11,40,370,10,,47.52347,0.931,Plein jour,Hors agglomération,Hors intersection,Normale,Autre collision,,,,,,,,,,,1,1,1,1,6.0
201600020172,0016-12-27 11:45:00,16,12,27,11,45,370,160,,47.55598,1.01608,Plein jour,Hors agglomération,Hors intersection,Normale,Deux véhicules - arrière,,,,,,,,,,,1,1,1,1,2.0
201600020173,0016-01-22 19:00:00,16,1,22,19,0,340,270,,43.5691,3.84961,Nuit sans éclairage public,Hors agglomération,Hors intersection,Pluie légère,Autre collision,,,,,,,,,,,3,1,1,2,6.0
201600020174,0016-03-27 06:45:00,16,3,27,6,45,340,95,,43.5335,3.75308,Nuit sans éclairage public,Hors agglomération,Hors intersection,Pluie forte,Deux véhicules - côté,,,,,,,,,,,3,1,1,3,3.0
201600020175,0016-04-25 18:00:00,16,4,25,18,0,340,270,CHEMIN DE BUGAREL,43.5873,3.83766,Plein jour,En agglomération,Hors intersection,Normale,Sans collision,,,,,,,,,,,1,2,1,1,7.0
201600020176,0016-06-16 07:45:00,16,6,16,7,45,340,270,CD 116E,43.5708,3.83694,Plein jour,En agglomération,Hors intersection,Normale,Autre collision,,,,,,,,,,,1,2,1,1,6.0
201600020177,0016-06-24 17:45:00,16,6,24,17,45,340,95,1 CHEMIN DE LA FABRIQUE,43.5508,3.78423,Plein jour,En agglomération,Hors intersection,Normale,Deux véhicules - côté,,,,,,,,,,,1,2,1,1,3.0
201600020178,0016-07-18 13:30:00,16,7,18,13,30,340,270,ALL?E JEAN VILLAR,43.57723,3.82951,Plein jour,En agglomération,Hors intersection,Normale,Deux véhicules - côté,,,,,,,,,,,1,2,1,1,3.0
201600020179,0016-08-06 17:45:00,16,8,6,17,45,340,95,,43.541,3.76529,Plein jour,Hors agglomération,Hors intersection,Normale,Deux véhicules - frontale,,,,,,,,,,,1,1,1,1,1.0
201600020180,0016-08-22 17:15:00,16,8,22,17,15,340,95,,43.5519,3.80018,Plein jour,Hors agglomération,Hors intersection,Normale,Autre collision,,,,,,,,,,,1,1,1,1,6.0
201600020181,0016-10-03 07:45:00,16,10,3,7,45,340,270,,43.561,3.84912,Plein jour,Hors agglomération,Hors intersection,Normale,Trois véhicules et plus - collisions multiples,,,,,,,,,,,1,1,1,1,5.0
201600020182,0016-11-18 08:00:00,16,11,18,8,0,340,95,,43.5594,3.79684,Plein jour,Hors agglomération,Hors intersection,Normale,Deux véhicules - arrière,,,,,,,,,,,1,1,1,1,2.0
201600020183,0016-11-28 04:45:00,16,11,28,4,45,340,270,,43.5613,3.84957,Nuit sans éclairage public,Hors agglomération,Hors intersection,Normale,Autre collision,,,,,,,,,,,3,1,1,1,6.0
201600020184,0016-11-28 06:15:00,16,11,28,6,15,340,172,AVENUE FLAHAULT,43.6239,3.86221,Plein jour,En agglomération,Intersection en X,Normale,Deux véhicules - côté,,,,,,,,,,,1,2,2,1,3.0
201600020185,0016-12-02 15:30:00,16,12,2,15,30,340,95,39 AVENUE GEORGES CLEMEN,43.5468,3.77732,Plein jour,En agglomération,Hors intersection,Normale,Deux véhicules - côté,,,,,,,,,,,1,2,1,1,3.0
201600020186,0016-12-12 19:45:00,16,12,12,19,45,340,95,,43.5614,3.7992,Nuit sans éclairage public,Hors agglomération,Hors intersection,Normale,Trois véhicules et plus - collisions multiples,,,,,,,,,,,3,1,1,1,5.0
201600020187,0016-04-06 09:00:00,16,4,6,9,0,660,21,avenue générale de gaule,42.73243,2.93422,Plein jour,En agglomération,Hors intersection,Normale,Autre collision,,,,,,,,,,,1,2,1,1,6.0
201600020188,0016-09-17 13:00:00,16,9,17,13,0,660,21,,42.73543,2.94189,Plein jour,Hors agglomération,Hors intersection,Normale,Autre collision,,,,,,,,,,,1,1,1,1,6.0
201600020189,0016-01-02 19:45:00,16,1,2,19,45,300,331,,44.12727,4.60075,Nuit sans éclairage public,Hors agglomération,Hors intersection,Normale,Autre collision,,,,,,,,,,,3,1,1,1,6.0
201600020190,0016-01-05 22:15:00,16,1,5,22,15,300,225,,44.16364,4.56501,Nuit sans éclairage public,Hors agglomération,Hors intersection,Normale,Sans collision,,,,,,,,,,,3,1,1,1,7.0
201600020191,0016-01-06 13:00:00,16,1,6,13,0,300,141,RN 580 route de Bagnols,44.09765,4.70111,Plein jour,En agglomération,Hors intersection,Normale,Sans collision,,,,,,,,,,,1,2,1,1,7.0
201600020192,0016-02-13 22:00:00,16,2,13,22,0,300,127,,44.05845,4.57025,Nuit sans éclairage public,Hors agglomération,Hors intersection,Pluie légère,Deux véhicules - frontale,,,,,,,,,,,3,1,1,2,1.0
201600020193,0016-02-15 14:15:00,16,2,15,14,15,300,331,,44.12572,4.6145,Plein jour,Hors agglomération,Hors intersection,Normale,Deux véhicules - arrière,,,,,,,,,,,1,1,1,1,2.0
201600020194,0016-03-17 16:15:00,16,3,17,16,15,300,141,Rue de Boulogne,,,Plein jour,En agglomération,Hors intersection,Normale,Deux véhicules - frontale,,,,,,,,,,,1,2,1,1,1.0
201600020195,0016-03-12 04:15:00,16,3,12,4,15,300,81,,44.13856,4.69374,Nuit sans éclairage public,Hors agglomération,Hors intersection,Normale,Autre collision,,,,,,,,,,,3,1,1,1,6.0
201600020196,0016-04-14 16:30:00,16,4,14,16,30,300,141,RN580,,,Plein jour,En agglomération,Hors intersection,Normale,Deux véhicules - frontale,,,,,,,,,,,1,2,1,1,1.0
201600020197,0016-06-15 05:15:00,16,6,15,5,15,300,92,,44.10025,4.60418,Nuit sans éclairage public,Hors agglomération,Hors intersection,Normale,Autre collision,,,,,,,,,,,3,1,1,1,6.0
201600020198,0016-06-24 13:30:00,16,6,24,13,30,300,76,,44.11009,4.52852,Plein jour,Hors agglomération,Hors intersection,Normale,Deux véhicules - côté,,,,,,,,,,,1,1,1,1,3.0
201600020199,0016-06-29 17:00:00,16,6,29,17,0,300,92,,44.09228,4.59686,Plein jour,Hors agglomération,Hors intersection,Normale,Deux véhicules - arrière,,,,,,,,,,,1,1,1,1,2.0
201600020200,0016-07-26 10:15:00,16,7,26,10,15,300,141,,44.10542,4.65943,Plein jour,Hors agglomération,Hors intersection,Normale,Deux véhicules - côté,,,,,,,,,,,1,1,1,1,3.0
201600020201,0016-08-03 08:30:00,16,8,3,8,30,300,191,,44.13333,4.67512,Plein jour,Hors agglomération,Hors intersection,Normale,Deux véhicules - frontale,,,,,,,,,,,1,1,1,1,1.0
201600020202,0016-09-08 08:15:00,16,9,8,8,15,300,84,,44.13625,4.69792,Plein jour,Hors agglomération,Hors intersection,Normale,Autre collision,,,,,,,,,,,1,1,1,1,6.0
201600020203,0016-09-16 20:15:00,16,9,16,20,15,300,207,,44.05706,4.57049,Nuit sans éclairage public,Hors agglomération,Hors intersection,Normale,Deux véhicules - côté,,,,,,,,,,,3,1,1,1,3.0
201600020204,0016-10-04 14:30:00,16,10,4,14,30,300,141,,44.12379,4.68135,Plein jour,Hors agglomération,Intersection en T,Normale,Deux véhicules - côté,,,,,,,,,,,1,1,3,1,3.0
201600020205,0016-10-31 14:00:00,16,10,31,14,0,300,331,,44.10952,4.57919,Plein jour,Hors agglomération,Intersection en T,Normale,Deux véhicules - côté,,,,,,,,,,,1,1,3,1,3.0
201600020206,0016-11-16 18:30:00,16,11,16,18,30,300,191,,44.13805,4.66692,Nuit sans éclairage public,Hors agglomération,Hors intersection,Normale,Deux véhicules - arrière,,,,,,,,,,,3,1,1,1,2.0
201600020207,0016-11-30 13:30:00,16,11,30,13,30,300,141,,44.11416,4.69018,Plein jour,Hors agglomération,Hors intersection,Normale,Deux véhicules - arrière,,,,,,,,,,,1,1,1,1,2.0
201600020208,0016-11-30 14:00:00,16,11,30,14,0,300,141,route d'Orsan,44.11277,4.67033,Plein jour,En agglomération,Hors intersection,Normale,Deux véhicules - frontale,,,,,,,,,,,1,2,1,1,1.0
201600020209,0016-12-16 16:45:00,16,12,16,16,45,300,81,,44.14547,4.68966,Plein jour,Hors agglomération,Hors intersection,Normale,Autre collision,,,,,,,,,,,1,1,1,1,6.0
201600020210,0016-02-03 15:30:00,16,2,3,15,30,410,149,11 rue Blaise pascal,47.75648,0.86075,Plein jour,En agglomération,Hors intersection,Normale,Autre collision,,,,,,,,,,,1,2,1,1,6.0
201600020211,0016-02-25 15:15:00,16,2,25,15,15,410,131,,47.83319,0.93625,Plein jour,Hors agglomération,Hors intersection,Normale,Autre collision,,,,,,,,,,,1,1,1,1,6.0
201600020212,0016-03-02 10:15:00,16,3,2,10,15,410,238,,47.88481,0.79571,Plein jour,Hors agglomération,Hors intersection,Normale,Trois véhicules et plus - collisions multiples,,,,,,,,,,,1,1,1,1,5.0
201600020213,0016-03-08 23:45:00,16,3,8,23,45,410,294,avenue des rondaises,47.80599,0.99141,Nuit avec éclairage allumé,En agglomération,Hors intersection,Pluie légère,Sans collision,,,,,,,,,,,5,2,1,2,7.0
201600020214,0016-03-10 15:45:00,16,3,10,15,45,410,120,,47.78939,0.93105,Plein jour,Hors agglomération,Hors intersection,Normale,Autre collision,,,,,,,,,,,1,1,1,1,6.0
201600020215,0016-04-05 07:45:00,16,4,5,7,45,410,238,,47.85307,0.89199,Plein jour,Hors agglomération,Hors intersection,Normale,Autre collision,,,,,,,,,,,1,1,1,1,6.0
201600020216,0016-04-07 14:00:00,16,4,7,14,0,410,225,,47.73341,0.83552,Plein jour,Hors agglomération,Hors intersection,Pluie légère,Sans collision,,,,,,,,,,,1,1,1,2,7.0
201600020217,0016-04-24 14:45:00,16,4,24,14,45,410,10,route de galette,47.84823,0.99502,Plein jour,En agglomération,Intersection en T,Pluie légère,Deux véhicules - côté,,,,,,,,,,,1,2,3,2,3.0
201600020218,0016-05-31 07:15:00,16,5,31,7,15,410,98,,47.64102,1.09924,Plein jour,Hors agglomération,Hors intersection,Pluie forte,Autre collision,,,,,,,,,,,1,1,1,3,6.0
201600020219,0016-06-19 12:00:00,16,6,19,12,0,410,7,,47.62571,0.88613,Plein jour,Hors agglomération,Hors intersection,Normale,Autre collision,,,,,,,,,,,1,1,1,1,6.0
201600020220,0016-06-19 17:15:00,16,6,19,17,15,410,255,,47.74874,0.76933,Plein jour,Hors agglomération,Intersection en T,Normale,Deux véhicules - côté,,,,,,,,,,,1,1,3,1,3.0
201600020221,0016-07-27 18:30:00,16,7,27,18,30,410,250,2 route de villée,47.7747,0.74719,Plein jour,En agglomération,Hors intersection,Normale,Deux véhicules - côté,,,,,,,,,,,1,2,1,1,3.0
201600020222,0016-09-07 20:00:00,16,9,7,20,0,410,293,,47.7506,0.98392,Plein jour,Hors agglomération,Hors intersection,Normale,Deux véhicules - frontale,,,,,,,,,,,1,1,1,1,1.0
201600020223,0016-10-04 16:00:00,16,10,4,16,0,410,131,,47.81198,0.95297,Plein jour,Hors agglomération,Hors intersection,Normale,Sans collision,,,,,,,,,,,1,1,1,1,7.0
201600020224,0016-10-06 12:00:00,16,10,6,12,0,410,149,RUE DU DOCTEUR JEULAIN,47.75895,0.87054,Plein jour,En agglomération,Hors intersection,Normale,Deux véhicules - arrière,,,,,,,,,,,1,2,1,1,2.0
201600020225,0016-11-07 17:15:00,16,11,7,17,15,410,192,1 route de VENDOME,47.78571,0.89605,Crépuscule ou aube,En agglomération,Hors intersection,Pluie légère,Deux véhicules - frontale,,,,,,,,,,,2,2,1,2,1.0
201600020226,0016-11-17 20:00:00,16,11,17,20,0,410,1,,47.70528,0.98527,Nuit sans éclairage public,Hors agglomération,Hors intersection,Vent fort / tempête,Sans collision,,,,,,,,,,,3,1,1,6,7.0
201600020227,0016-11-25 18:30:00,16,11,25,18,30,410,294,,47.81185,0.97608,Nuit avec éclairage allumé,Hors agglomération,Hors intersection,Normale,Deux véhicules - frontale,,,,,,,,,,,5,1,1,1,1.0
201600020228,0016-11-30 16:15:00,16,11,30,16,15,410,278,,47.63555,0.94266,Plein jour,Hors agglomération,Hors intersection,Normale,Trois véhicules et plus - collisions multiples,,,,,,,,,,,1,1,1,1,5.0
201600020229,0016-12-06 17:45:00,16,12,6,17,45,410,279,04 rue des écoles,47.7193,0.64864,Nuit avec éclairage allumé,En agglomération,Hors intersection,Normale,Deux véhicules - côté,,,,,,,,,,,5,2,1,1,3.0