accident_id,datetime,annee,mois,jour,heure,minute,departement,commune_insee,adresse,latitude,longitude,luminosite,agglomeration,intersection,meteo,collision,nb_vehicules,nb_usagers,nb_indemnes,nb_tues,nb_blesses_hosp,nb_blesses_legers,age_cond_1,age_cond_2,veh_type_cond_1,veh_type_cond_2,lum_code,agg_code,int_code,atm_code,col_code
201600020858,0016-02-05 17:20:00,16,2,5,17,20,220,278,"68, ROSTAND (EDMOND)",48.51753,-2.73412,Plein jour,En agglomération,Hors intersection,Normale,Deux véhicules - côté,,,,,,,,,,,1,2,1,1,3.0
201600020859,0016-02-09 16:15:00,16,2,9,16,15,220,215,MAUPASSANT (Rue Guy de),48.49456,-2.76432,Plein jour,Hors agglomération,Hors intersection,Pluie légère,Trois véhicules et plus - en chaîne,,,,,,,,,,,1,1,1,2,4.0
201600020860,0016-02-18 17:10:00,16,2,18,17,10,220,278,"0, MERIMEE (PROSPER)",48.49338,-2.76137,Plein jour,Hors agglomération,Giratoire,Normale,Deux véhicules - arrière,,,,,,,,,,,1,1,6,1,2.0
201600020861,0016-01-23 14:35:00,16,1,23,14,35,220,215,RD 222,48.48196,-2.79259,Plein jour,Hors agglomération,Hors intersection,Normale,Sans collision,,,,,,,,,,,1,1,1,1,7.0
201600020862,0016-02-28 17:30:00,16,2,28,17,30,220,215,RD 700,48.49403,-2.76282,Plein jour,Hors agglomération,Giratoire,Normale,Deux véhicules - côté,,,,,,,,,,,1,1,6,1,3.0
201600020863,0016-03-07 14:40:00,16,3,7,14,40,220,360,RD700,48.46538,-2.77855,Plein jour,Hors agglomération,Hors intersection,Normale,Autre collision,,,,,,,,,,,1,1,1,1,6.0
201600020864,0016-02-28 16:50:00,16,2,28,16,50,220,278,"2, VAU-MENO (DU)",48.52155,-2.7833,Plein jour,Hors agglomération,Hors intersection,Normale,Sans collision,,,,,,,,,,,1,1,1,1,7.0
201600020865,0016-03-22 20:13:00,16,3,22,20,13,220,278,CHAPTAL,48.50785,-2.73314,Nuit avec éclairage non allumé,Hors agglomération,Intersection en X,Normale,Trois véhicules et plus - en chaîne,,,,,,,,,,,4,1,2,1,4.0
201600020866,0016-04-06 18:10:00,16,4,6,18,10,220,187,RN12,48.53131,-2.75632,Plein jour,Hors agglomération,Hors intersection,Normale,Deux véhicules - arrière,,,,,,,,,,,1,1,1,1,2.0
201600020867,0016-04-20 08:45:00,16,4,20,8,45,220,278,"1, RIBOT (THEODULE)",48.51732,-2.77837,Plein jour,En agglomération,Intersection en X,Normale,Deux véhicules - frontale,,,,,,,,,,,1,2,2,1,1.0
201600020868,0016-04-15 20:13:00,16,4,15,20,13,220,278,LE BAIL (MAX),48.52541,-2.74052,Plein jour,Hors agglomération,Hors intersection,Normale,Sans collision,,,,,,,,,,,1,1,1,1,7.0
201600020869,0016-04-19 12:15:00,16,4,19,12,15,220,278,GALLOIS (CARREFOUR DES),48.49709,-2.74703,Plein jour,En agglomération,Giratoire,Normale,Deux véhicules - côté,,,,,,,,,,,1,2,6,1,3.0
201600020870,0016-04-22 13:30:00,16,4,22,13,30,220,278,"50, RAHUEL (DOCTEUR)",48.5063,-2.74736,Plein jour,En agglomération,Hors intersection,Normale,Autre collision,,,,,,,,,,,1,2,1,1,6.0
201600020871,0016-03-31 18:30:00,16,3,31,18,30,220,278,"1, COURTELINE",48.5132,-2.78042,Plein jour,En agglomération,Intersection en X,Normale,Deux véhicules - frontale,,,,,,,,,,,1,2,2,1,1.0
201600020872,0016-05-01 01:30:00,16,5,1,1,30,220,215,"37, COTRELLES (RUE DES)",48.50144,-2.81322,Nuit sans éclairage public,Hors agglomération,Hors intersection,Normale,Autre collision,,,,,,,,,,,3,1,1,1,6.0
201600020873,0016-04-28 14:26:00,16,4,28,14,26,220,278,LA FAYETTE,48.51154,-2.74524,Plein jour,En agglomération,Hors intersection,Normale,Trois véhicules et plus - en chaîne,,,,,,,,,,,1,2,1,1,4.0
201600020874,0016-04-28 18:50:00,16,4,28,18,50,220,215,"1, BRETAGNE (AVENUE DE)",48.49386,-2.78139,Plein jour,En agglomération,Intersection en T,Normale,Deux véhicules - côté,,,,,,,,,,,1,2,3,1,3.0
201600020875,0016-05-15 08:30:00,16,5,15,8,30,220,360,"0, PASTEUR (RUE)",48.48834,-2.74235,Plein jour,En agglomération,Giratoire,Temps éblouissant,Deux véhicules - côté,,,,,,,,,,,1,2,6,7,3.0
201600020876,0016-05-25 08:05:00,16,5,25,8,5,220,187,"0, VERDUN (rue de )",48.543,-2.78268,Plein jour,Hors agglomération,Autre intersection,Normale,Deux véhicules - côté,,,,,,,,,,,1,1,9,1,3.0
201600020877,0016-05-28 22:20:00,16,5,28,22,20,220,278,"1.00, BALZAC",48.51421,-2.74747,Nuit avec éclairage non allumé,En agglomération,Intersection en T,Normale,Deux véhicules - arrière,,,,,,,,,,,4,2,3,1,2.0
201600020878,0016-06-06 12:15:00,16,6,6,12,15,220,278,PRIGENT (EDOUARD),48.50884,-2.77212,Plein jour,En agglomération,Giratoire,Normale,Deux véhicules - côté,,,,,,,,,,,1,2,6,1,3.0
201600020879,0016-06-08 18:10:00,16,6,8,18,10,220,278,"0, ANJOU (D')",48.51225,-2.78132,Plein jour,En agglomération,Intersection en X,Normale,Autre collision,,,,,,,,,,,1,2,2,1,6.0
201600020880,0016-06-11 11:25:00,16,6,11,11,25,220,360,"0, VALLEE (RUE DE LA)",48.48178,-2.69326,Plein jour,Hors agglomération,Intersection en Y,Normale,Deux véhicules - arrière,,,,,,,,,,,1,1,4,1,2.0
201600020881,0016-06-15 08:40:00,16,6,15,8,40,220,278,"0, ARMOR (AV. D') COTE I",48.51224,-2.75418,Plein jour,En agglomération,Hors intersection,Normale,Trois véhicules et plus - en chaîne,,,,,,,,,,,1,2,1,1,4.0
201600020882,0016-06-26 17:45:00,16,6,26,17,45,220,187,"0, RD786",48.54527,-2.78684,Plein jour,Hors agglomération,Autre intersection,Normale,Deux véhicules - arrière,,,,,,,,,,,1,1,9,1,2.0
201600020883,0016-07-05 11:40:00,16,7,5,11,40,220,278,"0, ALLENDE (PL. PT SALVA",48.51128,-2.76102,Plein jour,En agglomération,Hors intersection,Normale,Autre collision,,,,,,,,,,,1,2,1,1,6.0
201600020884,0016-07-05 15:50:00,16,7,5,15,50,220,106,LANDES (RUE DES),48.49978,-2.73147,Plein jour,Hors agglomération,Hors intersection,Normale,Sans collision,,,,,,,,,,,1,1,1,1,7.0
201600020885,0016-07-18 19:40:00,16,7,18,19,40,220,278,"7, PLELO (BD DE)",48.5203,-2.75226,Plein jour,En agglomération,Hors intersection,Normale,Deux véhicules - côté,,,,,,,,,,,1,2,1,1,3.0
201600020886,0016-07-24 20:25:00,16,7,24,20,25,220,187,RN12,48.54014,-2.76353,Plein jour,Hors agglomération,Hors intersection,Normale,Deux véhicules - côté,,,,,,,,,,,1,1,1,1,3.0
201600020887,0016-07-22 20:00:00,16,7,22,20,0,220,187,cale de la toupie,48.52908,-2.73137,Plein jour,En agglomération,Hors intersection,Normale,Autre collision,,,,,,,,,,,1,2,1,1,6.0
201600020888,0016-07-26 16:55:00,16,7,26,16,55,220,278,RN12,48.51605,-2.74367,Plein jour,Hors agglomération,Hors intersection,Normale,Sans collision,,,,,,,,,,,1,1,1,1,7.0
201600020889,0016-07-27 17:15:00,16,7,27,17,15,220,106,RN12,48.50112,-2.72836,Plein jour,Hors agglomération,Hors intersection,Normale,Deux véhicules - arrière,,,,,,,,,,,1,1,1,1,2.0
201600020890,0016-07-28 20:10:00,16,7,28,20,10,220,278,"0, TOUR-D'AUVERGNE (BD D",48.51552,-2.77358,Plein jour,En agglomération,Intersection en X,Normale,Deux véhicules - côté,,,,,,,,,,,1,2,2,1,3.0
201600020891,0016-08-02 13:25:00,16,8,2,13,25,220,360,"0, RD700",48.49257,-2.76253,Plein jour,Hors agglomération,Hors intersection,Normale,Trois véhicules et plus - en chaîne,,,,,,,,,,,1,1,1,1,4.0
201600020892,0016-08-06 15:40:00,16,8,6,15,40,220,360,"0, ROND POINT DE BREZILL",48.49305,-2.76238,Plein jour,Hors agglomération,Giratoire,Normale,Deux véhicules - côté,,,,,,,,,,,1,1,6,1,3.0
201600020893,0016-06-26 00:15:00,16,6,26,0,15,220,360,"82, VALLEE (RUE DE LA)",48.47907,-2.70739,Nuit sans éclairage public,En agglomération,Hors intersection,Normale,Autre collision,,,,,,,,,,,3,2,1,1,6.0
201600020894,0016-08-10 08:50:00,16,8,10,8,50,220,278,"0, ABERYSWITH (ROND POIN",48.49822,-2.75194,Plein jour,En agglomération,Giratoire,Normale,Deux véhicules - côté,,,,,,,,,,,1,2,6,1,3.0
201600020895,0016-08-05 16:30:00,16,8,5,16,30,220,360,"0, CREAC'H (RUE DU)",48.46824,-2.76553,Plein jour,En agglomération,Intersection en X,Normale,Deux véhicules - côté,,,,,,,,,,,1,2,2,1,3.0
201600020896,0016-08-09 13:45:00,16,8,9,13,45,220,187,"16, TOURNEMINE (RUE DE)",48.55624,-2.76947,Plein jour,En agglomération,Hors intersection,Normale,Deux véhicules - côté,,,,,,,,,,,1,2,1,1,3.0
201600020897,0016-08-26 18:52:00,16,8,26,18,52,220,187,"1.00, VIADUC (RUE DU)",48.52353,-2.76392,Plein jour,Hors agglomération,Giratoire,Normale,Sans collision,,,,,,,,,,,1,1,6,1,7.0
201600020898,0016-08-31 17:50:00,16,8,31,17,50,220,278,"27, GOUEDIC (DE)",48.51075,-2.75692,Plein jour,En agglomération,Hors intersection,Normale,Deux véhicules - arrière,,,,,,,,,,,1,2,1,1,2.0
201600020899,0016-09-07 15:00:00,16,9,7,15,0,220,106,VERNE (RUE JULES),48.49628,-2.72728,Plein jour,Hors agglomération,Hors intersection,Normale,Autre collision,,,,,,,,,,,1,1,1,1,6.0
201600020900,0016-09-03 11:08:00,16,9,3,11,8,220,360,RD700,48.49251,-2.76261,Plein jour,Hors agglomération,Hors intersection,Normale,Trois véhicules et plus - en chaîne,,,,,,,,,,,1,1,1,1,4.0
201600020901,0016-09-13 00:01:00,16,9,13,0,1,220,106,"1.00, RENNES (RUE DE)",48.49291,-2.709,Nuit avec éclairage non allumé,En agglomération,Hors intersection,Normale,Sans collision,,,,,,,,,,,4,2,1,1,7.0
201600020902,0016-09-12 15:00:00,16,9,12,15,0,220,278,"17, CORNEILLE COTE IMPAI",48.51235,-2.75076,Plein jour,En agglomération,Hors intersection,Normale,Autre collision,,,,,,,,,,,1,2,1,1,6.0
201600020903,0016-09-12 12:00:00,16,9,12,12,0,220,278,GALLOIS (CARREFOUR DES),48.49773,-2.74823,Plein jour,Hors agglomération,Giratoire,Normale,Deux véhicules - côté,,,,,,,,,,,1,1,6,1,3.0
201600020904,0016-07-03 16:20:00,16,7,3,16,20,220,215,"0, BOISILLON (RUE DU)",48.46248,-2.79764,Plein jour,Hors agglomération,Hors intersection,Normale,Deux véhicules - frontale,,,,,,,,,,,1,1,1,1,1.0
201600020905,0016-07-05 18:50:00,16,7,5,18,50,220,278,"0, DU BELLAY (JOACHIM)",48.50025,-2.75115,Plein jour,En agglomération,Intersection en X,Normale,Deux véhicules - côté,,,,,,,,,,,1,2,2,1,3.0
201600020906,0016-09-16 08:05:00,16,9,16,8,5,220,278,"88, FRANCE (ANATOLE)",48.51015,-2.74225,Plein jour,Hors agglomération,Hors intersection,Pluie forte,Deux véhicules - frontale,,,,,,,,,,,1,1,1,3,1.0
201600020907,0016-09-22 18:50:00,16,9,22,18,50,220,106,"58, GREVES (Rue des)",48.49724,-2.68922,Plein jour,Hors agglomération,Intersection en T,Normale,Deux véhicules - arrière,,,,,,,,,,,1,1,3,1,2.0
201600020908,0016-09-21 17:40:00,16,9,21,17,40,220,278,FERRY (JULES),48.5023,-2.76894,Plein jour,Hors agglomération,Intersection en T,Normale,Deux véhicules - côté,,,,,,,,,,,1,1,3,1,3.0
201600020909,0016-09-16 17:30:00,16,9,16,17,30,220,360,ROND POINT DE BREZILLET,48.49325,-2.76163,Plein jour,Hors agglomération,Giratoire,Normale,Deux véhicules - côté,,,,,,,,,,,1,1,6,1,3.0
201600020910,0016-10-01 09:40:00,16,10,1,9,40,220,360,"0, SEGUIN (RUE MARC)",48.4914,-2.72578,Plein jour,En agglomération,Intersection en T,Normale,Deux véhicules - arrière,,,,,,,,,,,1,2,3,1,2.0
201600020911,0016-10-04 21:15:00,16,10,4,21,15,220,278,BECQUEREL (HENRI),48.50021,-2.7512,Nuit avec éclairage allumé,En agglomération,Intersection en X,Normale,Deux véhicules - frontale,,,,,,,,,,,5,2,2,1,1.0
201600020912,0016-10-04 13:40:00,16,10,4,13,40,220,278,"0, RN12",48.50802,-2.7367,Plein jour,Hors agglomération,Hors intersection,Normale,Trois véhicules et plus - en chaîne,,,,,,,,,,,1,1,1,1,4.0
201600020913,0016-10-06 15:10:00,16,10,6,15,10,220,187,"0, VERDUN (rue de )",48.54542,-2.78694,Plein jour,Hors agglomération,Intersection en T,Normale,Deux véhicules - côté,,,,,,,,,,,1,1,3,1,3.0
201600020914,0016-10-01 17:35:00,16,10,1,17,35,220,360,ROND POINT DE BREZILLET,48.49402,-2.7628,Plein jour,Hors agglomération,Giratoire,Normale,Trois véhicules et plus - collisions multiples,,,,,,,,,,,1,1,6,1,5.0
201600020915,0016-09-29 16:05:00,16,9,29,16,5,220,187,"59,rue jj rousseau",48.54145,-2.82515,Plein jour,Hors agglomération,Intersection en T,Normale,Deux véhicules - côté,,,,,,,,,,,1,1,3,1,3.0
201600020916,0016-10-11 10:20:00,16,10,11,10,20,220,187,"23,rue de montesquieu",48.54099,-2.83213,Plein jour,Hors agglomération,Hors intersection,Temps éblouissant,Autre collision,,,,,,,,,,,1,1,1,7,6.0
201600020917,0016-06-24 23:20:00,16,6,24,23,20,220,187,"0, HAUTE RUE ( rue de la",48.54176,-2.83467,Nuit sans éclairage public,Hors agglomération,Intersection en X,Normale,Deux véhicules - côté,,,,,,,,,,,3,1,2,1,3.0
201600020918,0016-10-07 18:40:00,16,10,7,18,40,220,187,"0, RUE DU GENERAL DE GAU",48.54027,-2.77114,Plein jour,En agglomération,Intersection en X,Normale,Deux véhicules - côté,,,,,,,,,,,1,2,2,1,3.0
201600020919,0016-10-07 21:10:00,16,10,7,21,10,220,187,RN12,48.54631,-2.78094,Nuit sans éclairage public,Hors agglomération,Hors intersection,Normale,Autre collision,,,,,,,,,,,3,1,1,1,6.0
201600020920,0016-10-18 19:00:00,16,10,18,19,0,220,278,"0, VILLE JOUHA (BD DE LA",48.509,-2.7832,Plein jour,En agglomération,Hors intersection,Normale,Trois véhicules et plus - collisions multiples,,,,,,,,,,,1,2,1,1,5.0
201600020921,0016-10-26 18:05:00,16,10,26,18,5,220,360,"0, RD700",48.49109,-2.76299,Plein jour,Hors agglomération,Hors intersection,Normale,Deux véhicules - arrière,,,,,,,,,,,1,1,1,1,2.0
201600020922,0016-09-21 16:40:00,16,9,21,16,40,220,278,CLEMENCEAU (BD),48.50966,-2.75976,Plein jour,En agglomération,Hors intersection,Normale,Deux véhicules - arrière,,,,,,,,,,,1,2,1,1,2.0
201600020923,0016-10-20 23:00:00,16,10,20,23,0,220,278,"10, CHRISOSTOME (MIREILL",48.51269,-2.76213,Nuit avec éclairage allumé,En agglomération,Hors intersection,Pluie légère,Autre collision,,,,,,,,,,,5,2,1,2,6.0
201600020924,0016-11-02 18:45:00,16,11,2,18,45,220,106,RN12,48.49858,-2.72533,Nuit avec éclairage allumé,Hors agglomération,Hors intersection,Normale,Deux véhicules - côté,,,,,,,,,,,5,1,1,1,3.0
201600020925,0016-10-29 16:00:00,16,10,29,16,0,220,187,"0, RD786",48.54475,-2.78568,Plein jour,Hors agglomération,Intersection en X,Normale,Trois véhicules et plus - collisions multiples,,,,,,,,,,,1,1,2,1,5.0
201600020926,0016-11-07 18:10:00,16,11,7,18,10,220,187,"0, RN12",48.54467,-2.77216,Crépuscule ou aube,Hors agglomération,Hors intersection,Normale,Trois véhicules et plus - en chaîne,,,,,,,,,,,2,1,1,1,4.0
201600020927,0016-11-08 18:30:00,16,11,8,18,30,220,187,"15, RUE DU COMMERCE",48.53536,-2.77041,Nuit avec éclairage allumé,En agglomération,Hors intersection,Pluie légère,Trois véhicules et plus - en chaîne,,,,,,,,,,,5,2,1,2,4.0
201600020928,0016-10-24 21:05:00,16,10,24,21,5,220,278,FRANCE (ANATOLE),48.50767,-2.74347,Nuit avec éclairage allumé,En agglomération,Intersection en X,Normale,Deux véhicules - frontale,,,,,,,,,,,5,2,2,1,1.0
201600020929,0016-10-29 10:25:00,16,10,29,10,25,220,278,"0, MAROT (CLEMENT)",48.51072,-2.75134,Plein jour,En agglomération,Intersection en X,Normale,Autre collision,,,,,,,,,,,1,2,2,1,6.0
201600020930,0016-11-07 18:40:00,16,11,7,18,40,220,278,"0, CORBIERES (TRISTAN)",48.51556,-2.77358,Plein jour,En agglomération,Intersection en X,Normale,Deux véhicules - côté,,,,,,,,,,,1,2,2,1,3.0
201600020931,0016-11-12 10:00:00,16,11,12,10,0,220,278,CARNOT (BD),48.50633,-2.76573,Plein jour,En agglomération,Intersection en T,Normale,Deux véhicules - arrière,,,,,,,,,,,1,2,3,1,2.0
201600020932,0016-11-11 17:30:00,16,11,11,17,30,220,278,ROCHE-GAUTIER (DE LA),48.49349,-2.7537,Nuit avec éclairage allumé,En agglomération,Intersection en X,Normale,Deux véhicules - côté,,,,,,,,,,,5,2,2,1,3.0
201600020933,0016-11-20 16:00:00,16,11,20,16,0,220,278,HOCHE (BD),48.50522,-2.76967,Plein jour,En agglomération,Intersection en X,Pluie légère,Deux véhicules - côté,,,,,,,,,,,1,2,2,2,3.0
201600020934,0016-11-25 08:10:00,16,11,25,8,10,220,106,"0, BREST (RUE DE)",48.49556,-2.71793,Nuit avec éclairage allumé,En agglomération,Intersection en X,Normale,Deux véhicules - côté,,,,,,,,,,,5,2,2,1,3.0
201600020935,0016-11-11 02:15:00,16,11,11,2,15,220,215,"9 BIS, DOUETS (RUE DES)",48.50791,-2.8138,Nuit sans éclairage public,Hors agglomération,Hors intersection,Pluie légère,Autre collision,,,,,,,,,,,3,1,1,2,6.0
201600020936,0016-11-25 14:30:00,16,11,25,14,30,220,360,ROND POINT DE BREZILLET,48.49405,-2.76184,Plein jour,Hors agglomération,Giratoire,Normale,Deux véhicules - arrière,,,,,,,,,,,1,1,6,1,2.0
201600020937,0016-11-18 12:11:00,16,11,18,12,11,220,360,SAINT-RIVILY (RUE DE),48.48873,-2.76418,Plein jour,Hors agglomération,Giratoire,Normale,Deux véhicules - frontale,,,,,,,,,,,1,1,6,1,1.0
201600020938,0016-11-22 08:00:00,16,11,22,8,0,220,278,"37, LE GOFF (DES TROIS F",48.51745,-2.76579,Crépuscule ou aube,En agglomération,Hors intersection,Normale,Autre collision,,,,,,,,,,,2,2,1,1,6.0
201600020939,0016-12-03 10:15:00,16,12,3,10,15,220,106,"0, JOLIOT CURIE (RUE)",48.49836,-2.72326,Plein jour,En agglomération,Giratoire,Normale,Deux véhicules - côté,,,,,,,,,,,1,2,6,1,3.0
201600020940,0016-12-06 17:15:00,16,12,6,17,15,220,278,"5, GARE (DE LA)",48.5106,-2.76258,Plein jour,En agglomération,Hors intersection,Normale,Autre collision,,,,,,,,,,,1,2,1,1,6.0
201600020941,0016-12-08 08:05:00,16,12,8,8,5,220,360,"0, ROND POINT DE BREZILL",48.49315,-2.76271,Nuit avec éclairage allumé,Hors agglomération,Giratoire,Pluie légère,Autre collision,,,,,,,,,,,5,1,6,2,6.0
201600020942,0016-12-10 12:54:00,16,12,10,12,54,220,278,"15, JOUALLAN",48.51347,-2.7609,Plein jour,En agglomération,Hors intersection,Normale,Autre collision,,,,,,,,,,,1,2,1,1,6.0
201600020943,0016-11-24 17:40:00,16,11,24,17,40,220,187,VERDUN (rue de ),48.5447,-2.78563,Plein jour,Hors agglomération,Intersection en T,Normale,Deux véhicules - côté,,,,,,,,,,,1,1,3,1,3.0
201600020944,0016-11-24 18:45:00,16,11,24,18,45,220,278,"86, CORDERIE (DE LA)",48.51619,-2.77605,Nuit avec éclairage non allumé,En agglomération,Hors intersection,Normale,Autre collision,,,,,,,,,,,4,2,1,1,6.0
201600020945,0016-12-24 17:30:00,16,12,24,17,30,220,187,"0, LEQUIER (Rue Jules)",48.54291,-2.78235,Crépuscule ou aube,Hors agglomération,Hors intersection,Normale,Autre collision,,,,,,,,,,,2,1,1,1,6.0
201600020946,0016-12-07 18:15:00,16,12,7,18,15,220,187,"0, RD786",48.55161,-2.80095,Nuit sans éclairage public,Hors agglomération,Hors intersection,Normale,Deux véhicules - frontale,,,,,,,,,,,3,1,1,1,1.0
201600020947,0016-02-10 10:30:00,16,2,10,10,30,230,96,"36-40, BERRY (AVENUE)",46.17788,1.87717,Plein jour,En agglomération,Hors intersection,Normale,Autre collision,,,,,,,,,,,1,2,1,1,6.0
201600020948,0016-05-24 07:50:00,16,5,24,7,50,230,96,"1, RIBIERE (RUE)",46.16697,1.88564,Crépuscule ou aube,En agglomération,Hors intersection,Temps éblouissant,Deux véhicules - frontale,,,,,,,,,,,2,2,1,7,1.0
201600020949,0016-07-08 13:30:00,16,7,8,13,30,230,96,"17, BONNYAUD (PLACE)",46.1683,1.87165,Plein jour,En agglomération,Hors intersection,Normale,Sans collision,,,,,,,,,,,1,2,1,1,7.0
201600020950,0016-07-25 14:20:00,16,7,25,14,20,230,96,"81, POITOU (AVENUE DU)",46.17707,1.85874,Plein jour,En agglomération,Hors intersection,Normale,Sans collision,,,,,,,,,,,1,2,1,1,7.0
201600020951,0016-07-26 18:25:00,16,7,26,18,25,230,96,"22, GRATEYROLLES (RUE SY",46.17238,1.86763,Plein jour,En agglomération,Intersection en X,Normale,Deux véhicules - côté,,,,,,,,,,,1,2,2,1,3.0
201600020952,0016-09-23 15:00:00,16,9,23,15,0,230,96,"34, D 33",46.14364,1.86637,Plein jour,Hors agglomération,Intersection en X,Normale,Deux véhicules - côté,,,,,,,,,,,1,1,2,1,3.0
201600020953,0016-10-12 13:55:00,16,10,12,13,55,230,96,940 (ROUTE DEPARTEMENTAL,46.18881,1.8957,Plein jour,Hors agglomération,Hors intersection,Normale,Trois véhicules et plus - collisions multiples,,,,,,,,,,,1,1,1,1,5.0
201600020954,0016-03-13 00:55:00,16,3,13,0,55,240,37,AVENUE PASTEUR,44.8617,0.49671,Nuit avec éclairage allumé,En agglomération,Intersection en Y,Normale,Deux véhicules - frontale,,,,,,,,,,,5,2,4,1,1.0
201600020955,0016-03-15 13:45:00,16,3,15,13,45,240,37,BOULEVARD LOUIS PIMONT,44.8432,0.48316,Plein jour,En agglomération,Intersection en X,Normale,Deux véhicules - côté,,,,,,,,,,,1,2,2,1,3.0
201600020956,0016-04-20 14:50:00,16,4,20,14,50,240,37,AVENUE DU GEN DE GAULLE,44.8424,0.46679,Plein jour,En agglomération,Hors intersection,Normale,Deux véhicules - côté,,,,,,,,,,,1,2,1,1,3.0
201600020957,0016-04-18 06:55:00,16,4,18,6,55,240,37,AVENUE MARCEAU FEYRY,44.8643,0.49932,Nuit avec éclairage allumé,En agglomération,Intersection en T,Normale,Autre collision,,,,,,,,,,,5,2,3,1,6.0
201600020958,0016-05-31 10:45:00,16,5,31,10,45,240,37,SAINT-CHRISTOPHE,44.8198,0.50437,Plein jour,Hors agglomération,Hors intersection,Pluie forte,Deux véhicules - frontale,,,,,,,,,,,1,1,1,3,1.0
201600020959,0016-08-03 09:45:00,16,8,3,9,45,240,37,"97, NEUVE RUE D'ARGENSON",44.8528,0.48718,Plein jour,En agglomération,Hors intersection,Normale,Autre collision,,,,,,,,,,,1,2,1,1,6.0
201600020960,0016-08-05 09:00:00,16,8,5,9,0,240,37,"21, BOULEVARD MONTAIGNE",44.8555,0.48527,Plein jour,En agglomération,Hors intersection,Normale,Autre collision,,,,,,,,,,,1,2,1,1,6.0
201600020961,0016-08-11 13:15:00,16,8,11,13,15,240,37,"63, RUE CLAUDE BERNARD",44.8648,0.4716,Plein jour,En agglomération,Hors intersection,Normale,Autre collision,,,,,,,,,,,1,2,1,1,6.0
201600020962,0016-11-03 06:00:00,16,11,3,6,0,240,37,RUE SULLY-PRUDHOMME,44.8606,0.47912,Nuit avec éclairage allumé,En agglomération,Intersection en X,Brouillard / fumée,Autre collision,,,,,,,,,,,5,2,2,5,6.0
201600020963,0016-11-19 16:25:00,16,11,19,16,25,240,37,RUE DE LESPINASSAT,44.8353,0.48671,Plein jour,En agglomération,Intersection en X,Normale,Deux véhicules - côté,,,,,,,,,,,1,2,2,1,3.0
201600020964,0016-12-07 16:45:00,16,12,7,16,45,240,37,D709 (RTE DE MUSSIDAN),44.8635,0.452,Plein jour,Hors agglomération,Hors intersection,Normale,Autre collision,,,,,,,,,,,1,1,1,1,6.0
201600020965,0016-12-13 12:50:00,16,12,13,12,50,240,37,,44.8364,0.49308,Plein jour,En agglomération,Hors intersection,Normale,Autre collision,,,,,,,,,,,1,2,1,1,6.0
201600020966,0016-01-11 08:15:00,16,1,11,8,15,240,322,"75, COURS SAINT GEORGES",45.1771,0.73133,Crépuscule ou aube,En agglomération,Hors intersection,Brouillard / fumée,Autre collision,,,,,,,,,,,2,2,1,5,6.0
201600020967,0016-01-27 20:40:00,16,1,27,20,40,240,557,"95, AVENUE GRANDOU",45.1905,0.74102,Nuit avec éclairage allumé,En agglomération,Intersection en X,Normale,Deux véhicules - côté,,,,,,,,,,,5,2,2,1,3.0
201600020968,0016-02-12 08:02:00,16,2,12,8,2,240,138,"58, AV.GENERAL DE GAULLE",45.1893,0.69662,Crépuscule ou aube,En agglomération,Hors intersection,Pluie forte,Autre collision,,,,,,,,,,,2,2,1,3,6.0
201600020969,0016-02-23 09:10:00,16,2,23,9,10,240,322,AVENUE DAUMESNIL,45.1839,0.72379,Plein jour,En agglomération,Hors intersection,Normale,Autre collision,,,,,,,,,,,1,2,1,1,6.0
201600020970,0016-04-07 08:35:00,16,4,7,8,35,240,53,COURS FENELON,45.1827,0.71892,Plein jour,En agglomération,Intersection en T,Normale,Autre collision,,,,,,,,,,,1,2,3,1,6.0
201600020971,0016-04-10 14:25:00,16,4,10,14,25,240,322,AVENUE GEORGES POMPIDOU,45.1898,0.72409,Plein jour,En agglomération,Intersection en T,Temps éblouissant,Deux véhicules - côté,,,,,,,,,,,1,2,3,7,3.0
201600020972,0016-04-04 08:00:00,16,4,4,8,0,240,256,ROUTE DE RIBERAC,45.1981,0.66118,Plein jour,En agglomération,Hors intersection,Normale,Deux véhicules - arrière,,,,,,,,,,,1,2,1,1,2.0
201600020973,0016-04-30 09:15:00,16,4,30,9,15,240,322,PLACE FRANCHEVILLE,45.1827,0.71892,Plein jour,En agglomération,Intersection en T,Normale,Autre collision,,,,,,,,,,,1,2,3,1,6.0
201600020974,0016-04-30 15:22:00,16,4,30,15,22,240,322,COURS FENELON,45.1822,0.71988,Plein jour,En agglomération,Intersection en T,Pluie légère,Deux véhicules - côté,,,,,,,,,,,1,2,3,2,3.0
201600020975,0016-05-04 12:55:00,16,5,4,12,55,240,322,"56, RUE GUE DE BARNABE",45.1861,0.7385,Plein jour,En agglomération,Intersection en T,Normale,Deux véhicules - côté,,,,,,,,,,,1,2,3,1,3.0
201600020976,0016-07-22 12:15:00,16,7,22,12,15,240,53,"138, ROUTE DE LYON",45.17889,0.7404,Plein jour,Hors agglomération,Hors intersection,Normale,Deux véhicules - côté,,,,,,,,,,,1,1,1,1,3.0
201600020977,0016-09-14 07:30:00,16,9,14,7,30,240,53,"11, PAUL AVENUE MARCEL",45.18325,0.7683,Plein jour,En agglomération,Hors intersection,Normale,Autre collision,,,,,,,,,,,1,2,1,1,6.0
201600020978,0016-10-02 05:35:00,16,10,2,5,35,240,322,"2, RUE PIERRE MAGNE",45.1834,0.7252,Nuit avec éclairage allumé,En agglomération,Intersection en T,Normale,Autre collision,,,,,,,,,,,5,2,3,1,6.0