accident_id,datetime,annee,mois,jour,heure,minute,departement,commune_insee,adresse,latitude,longitude,luminosite,agglomeration,intersection,meteo,collision,nb_vehicules,nb_usagers,nb_indemnes,nb_tues,nb_blesses_hosp,nb_blesses_legers,age_cond_1,age_cond_2,veh_type_cond_1,veh_type_cond_2,lum_code,agg_code,int_code,atm_code,col_code
201600020979,0016-10-06 14:20:00,16,10,6,14,20,240,322,"23, RUE WILSON",45.1841,0.71626,Plein jour,En agglomération,Hors intersection,Normale,Autre collision,,,,,,,,,,,1,2,1,1,6.0
201600020980,0016-10-17 09:55:00,16,10,17,9,55,240,322,"86, RUE VICTOR HUGO",45.1878,0.71921,Plein jour,En agglomération,Autre intersection,Pluie légère,Autre collision,,,,,,,,,,,1,2,9,2,6.0
201600020981,0016-10-10 15:10:00,16,10,10,15,10,240,557,AVENUE MICHEL GRANDOU,45.1889,0.76436,Plein jour,Hors agglomération,Giratoire,Normale,Autre collision,,,,,,,,,,,1,1,6,1,6.0
201600020982,0016-10-26 17:40:00,16,10,26,17,40,240,322,RUE DES THERMES,45.1807,0.71746,Plein jour,En agglomération,Hors intersection,Normale,Autre collision,,,,,,,,,,,1,2,1,1,6.0
201600020983,0016-10-25 17:30:00,16,10,25,17,30,240,102,"152, ROUTE DE RIBERAC",45.1973,0.62947,Plein jour,Hors agglomération,Hors intersection,Normale,Deux véhicules - frontale,,,,,,,,,,,1,1,1,1,1.0
201600020984,0016-10-25 17:30:00,16,10,25,17,30,240,557,"23, AVENUE GRANDOU",45.19,0.73362,Plein jour,En agglomération,Hors intersection,Normale,Deux véhicules - arrière,,,,,,,,,,,1,2,1,1,2.0
201600020985,0016-11-07 19:14:00,16,11,7,19,14,240,322,BOULEVARD PETIT CHANGE,45.18376,0.73359,Nuit avec éclairage allumé,Hors agglomération,Intersection en X,Normale,Deux véhicules - côté,,,,,,,,,,,5,1,2,1,3.0
201600020986,0016-12-01 11:20:00,16,12,1,11,20,240,256,ROUTE DE RIBERAC,45.1979,0.66035,Plein jour,Hors agglomération,Autre intersection,Normale,Trois véhicules et plus - collisions multiples,,,,,,,,,,,1,1,9,1,5.0
201600020987,0016-09-22 12:10:00,16,9,22,12,10,240,322,ROUTE DE LYON,45.1786,0.73868,Plein jour,En agglomération,Intersection en X,Normale,Sans collision,,,,,,,,,,,1,2,2,1,7.0
201600020988,0016-11-05 17:40:00,16,11,5,17,40,240,312,LES FARGES,45.1095,0.69253,Crépuscule ou aube,Hors agglomération,Hors intersection,Normale,Deux véhicules - arrière,,,,,,,,,,,2,1,1,1,2.0
201600020989,0016-12-13 07:15:00,16,12,13,7,15,240,256,AVENUE LOUIS SUDER,45.191,0.66159,Nuit avec éclairage allumé,En agglomération,Giratoire,Normale,Deux véhicules - côté,,,,,,,,,,,5,2,6,1,3.0
201600020990,0016-12-17 10:20:00,16,12,17,10,20,240,557,"102, AVENUE GRANDOU",45.19052,0.74013,Plein jour,Hors agglomération,Hors intersection,Normale,Autre collision,,,,,,,,,,,1,1,1,1,6.0
201600020991,0016-01-06 16:30:00,16,1,6,16,30,250,56,"SANS, FLORE PLACE",47.24527,6.02805,Crépuscule ou aube,En agglomération,Intersection en T,Pluie légère,Autre collision,,,,,,,,,,,2,2,3,2,6.0
201600020992,0016-01-06 18:36:00,16,1,6,18,36,250,56,"SANS, JACQUES   PLACE ST",47.23444,6.02055,Plein jour,En agglomération,Place,Pluie légère,Autre collision,,,,,,,,,,,1,2,7,2,6.0
201600020993,0016-01-07 19:29:00,16,1,7,19,29,250,56,"SANS, STRASBOURG QUAI DE",47.24222,6.02277,Nuit avec éclairage allumé,En agglomération,Hors intersection,Autre,Autre collision,,,,,,,,,,,5,2,1,9,6.0
201600020994,0016-01-07 18:00:00,16,1,7,18,0,250,56,"SANS, KENNEDY  BOULEVARD",47.23444,5.98416,Nuit avec éclairage allumé,En agglomération,Intersection en T,Pluie légère,Deux véhicules - côté,,,,,,,,,,,5,2,3,2,3.0
201600020995,0016-01-08 18:49:00,16,1,8,18,49,250,56,"SANS, CORVEE RUE DE LA",47.2576,6.04202,Nuit avec éclairage allumé,En agglomération,Intersection en T,Pluie légère,Deux véhicules - côté,,,,,,,,,,,5,2,3,2,3.0
201600020996,0016-01-11 06:35:00,16,1,11,6,35,250,56,"sans, KENNEDY  BOULEVARD",47.2328,5.98247,Nuit sans éclairage public,En agglomération,Hors intersection,Pluie forte,Autre collision,,,,,,,,,,,3,2,1,3,6.0
201600020997,0016-01-11 07:55:00,16,1,11,7,55,250,56,"SANS, VOIRIN RUE",47.24286,6.0119,Nuit sans éclairage public,En agglomération,Hors intersection,Pluie forte,Deux véhicules - frontale,,,,,,,,,,,3,2,1,3,1.0
201600020998,0016-01-15 18:12:00,16,1,15,18,12,250,56,"SANS, CHASNOT RUE DU",,,Nuit avec éclairage allumé,En agglomération,Intersection en T,Normale,Autre collision,,,,,,,,,,,5,2,3,1,6.0
201600020999,0016-01-17 22:55:00,16,1,17,22,55,250,56,"SANS, DOLE RUE DE >185 &",47.21916,5.94844,Nuit avec éclairage allumé,En agglomération,Hors intersection,Normale,Autre collision,,,,,,,,,,,5,2,1,1,6.0
201600021000,0016-01-22 05:30:00,16,1,22,5,30,250,56,"SANS, OUEST BOULEVARD",47.21611,5.98713,Nuit sans éclairage public,En agglomération,Hors intersection,Normale,Autre collision,,,,,,,,,,,3,2,1,1,6.0
201600021001,0016-01-25 18:02:00,16,1,25,18,2,250,56,"SANS, JARDINS RUE DES",47.25008,6.03769,Crépuscule ou aube,En agglomération,Hors intersection,Normale,Autre collision,,,,,,,,,,,2,2,1,1,6.0
201600021002,0016-02-03 15:40:00,16,2,3,15,40,250,56,"sans, FAURE AVENUE EDGAR",47.24277,6.01705,Plein jour,Hors agglomération,Autre intersection,Pluie légère,Autre collision,,,,,,,,,,,1,1,9,2,6.0
201600021003,0016-02-04 18:58:00,16,2,4,18,58,250,56,"SANS, GRANGE DU COLLEGE",47.25033,6.0048,Nuit avec éclairage allumé,En agglomération,Hors intersection,Pluie légère,Autre collision,,,,,,,,,,,5,2,1,2,6.0
201600021004,0016-02-11 22:23:00,16,2,11,22,23,250,56,"sans, MONTRAPON AVENUE D",47.14424,6.00849,Nuit avec éclairage allumé,En agglomération,Autre intersection,Autre,Autre collision,,,,,,,,,,,5,2,9,9,6.0
201600021005,0016-02-14 00:57:00,16,2,14,0,57,250,56,"112, CRAS RUE DES",47.25969,6.0404,Nuit avec éclairage allumé,En agglomération,Hors intersection,Normale,Autre collision,,,,,,,,,,,5,2,1,1,6.0
201600021006,0016-02-14 18:24:00,16,2,14,18,24,250,56,"SANS, RN 1057 (CH. EPITA",,,Plein jour,En agglomération,Hors intersection,Normale,Autre collision,,,,,,,,,,,1,2,1,1,6.0
201600021007,0016-02-15 10:00:00,16,2,15,10,0,250,56,"22, LANCHY  RUE NARCISSE",47.25617,6.0285,Plein jour,En agglomération,Hors intersection,Normale,Trois véhicules et plus - en chaîne,,,,,,,,,,,1,2,1,1,4.0
201600021008,0016-02-18 19:09:00,16,2,18,19,9,250,56,"sans, MARIE LOUISE RUE",47.25046,6.03075,Nuit avec éclairage allumé,En agglomération,Hors intersection,Pluie légère,Autre collision,,,,,,,,,,,5,2,1,2,6.0
201600021009,0016-03-05 23:26:00,16,3,5,23,26,250,56,"SANS, MICHEL  AVENUE LOU",,,Nuit avec éclairage allumé,En agglomération,Hors intersection,Pluie légère,Deux véhicules - frontale,,,,,,,,,,,5,2,1,2,1.0
201600021010,0016-03-15 08:06:00,16,3,15,8,6,250,56,"SANS, DOLE RUE DE <82",47.23444,6.01,Plein jour,En agglomération,Hors intersection,Normale,Sans collision,,,,,,,,,,,1,2,1,1,7.0
201600021011,0016-03-21 19:20:00,16,3,21,19,20,250,56,"9, LUXEMBOURG RUE DU",47.22269,5.96669,Crépuscule ou aube,En agglomération,Hors intersection,Normale,Autre collision,,,,,,,,,,,2,2,1,1,6.0
201600021012,0016-03-23 21:00:00,16,3,23,21,0,250,56,"SANS, BLUM BOULEVARD LEO",,,Nuit avec éclairage allumé,En agglomération,Hors intersection,Normale,Deux véhicules - arrière,,,,,,,,,,,5,2,1,1,2.0
201600021013,0016-03-25 13:52:00,16,3,25,13,52,250,56,"SANS, MORRE ROUTE DE",,,Plein jour,Hors agglomération,Hors intersection,Temps couvert,Trois véhicules et plus - collisions multiples,,,,,,,,,,,1,1,1,8,5.0
201600021014,0016-03-26 20:08:00,16,3,26,20,8,250,56,"SANS, BATTANT RUE",47.24232,6.02082,Nuit avec éclairage allumé,En agglomération,Hors intersection,Normale,Autre collision,,,,,,,,,,,5,2,1,1,6.0
201600021015,0016-04-01 10:18:00,16,4,1,10,18,250,56,"sans, DOLE RUE DE <82",47.23058,5.99408,Plein jour,En agglomération,Hors intersection,Normale,Autre collision,,,,,,,,,,,1,2,1,1,6.0
201600021016,0016-04-01 17:00:00,16,4,1,17,0,250,56,"SANS, MAROT RUE CLEMENT",47.21315,5.96423,Plein jour,En agglomération,Hors intersection,Normale,Autre collision,,,,,,,,,,,1,2,1,1,6.0
201600021017,0016-04-08 09:28:00,16,4,8,9,28,250,56,"SANS, KENNEDY  BOULEVARD",47.24311,5.99461,Plein jour,En agglomération,Intersection en X,Normale,Autre collision,,,,,,,,,,,1,2,2,1,6.0
201600021018,0016-04-10 01:54:00,16,4,10,1,54,250,56,"sans, CHAMPS PASSERET IM",47.26185,6.0342,Nuit avec éclairage allumé,En agglomération,Hors intersection,Normale,Autre collision,,,,,,,,,,,5,2,1,1,6.0
201600021019,0016-04-11 11:18:00,16,4,11,11,18,250,56,"SANS, FLEMING BOULEVARD",,,Plein jour,En agglomération,Hors intersection,Normale,Autre collision,,,,,,,,,,,1,2,1,1,6.0
201600021020,0016-04-12 07:08:00,16,4,12,7,8,250,56,"72D, RIVOTTE  FAUBOURG",47.22872,6.03805,Plein jour,En agglomération,Hors intersection,Normale,Autre collision,,,,,,,,,,,1,2,1,1,6.0
201600021021,0016-04-13 23:05:00,16,4,13,23,5,250,56,"1, CHAMPAGNE RUE DE",47.22328,5.97625,Nuit avec éclairage allumé,En agglomération,Hors intersection,Pluie légère,Autre collision,,,,,,,,,,,5,2,1,2,6.0
201600021022,0016-04-24 16:06:00,16,4,24,16,6,250,56,"SANS, MONTARMOTS CHEMIN",47.26038,6.02702,Plein jour,En agglomération,Giratoire,Normale,Deux véhicules - côté,,,,,,,,,,,1,2,6,1,3.0
201600021023,0016-05-01 05:45:00,16,5,1,5,45,250,56,"SANS, PLANCON RUE GABRIE",47.23036,6.01163,Nuit avec éclairage allumé,En agglomération,Hors intersection,Pluie forte,Autre collision,,,,,,,,,,,5,2,1,3,6.0
201600021024,0016-05-02 17:39:00,16,5,2,17,39,250,56,"SANS, DIDEROT BOULEVARD",47.24216,6.03344,Plein jour,En agglomération,Intersection en X,Normale,Deux véhicules - côté,,,,,,,,,,,1,2,2,1,3.0
201600021025,0016-05-06 04:00:00,16,5,6,4,0,250,56,"FACE 76, CRAS RUE DES",47.25741,6.03628,Nuit avec éclairage allumé,En agglomération,Intersection en T,Normale,Deux véhicules - côté,,,,,,,,,,,5,2,3,1,3.0
201600021026,0016-05-07 11:29:00,16,5,7,11,29,250,56,"SANS, GRAY ROUTE DE",47.24496,5.98157,Plein jour,En agglomération,Intersection en X,Normale,Deux véhicules - côté,,,,,,,,,,,1,2,2,1,3.0
201600021027,0016-05-10 17:45:00,16,5,10,17,45,250,56,"SANS, ALLENDE  BOULEVARD",47.22002,5.97638,Plein jour,En agglomération,Hors intersection,Normale,Autre collision,,,,,,,,,,,1,2,1,1,6.0
201600021028,0016-05-14 00:39:00,16,5,14,0,39,250,56,"21, DIDEROT BOULEVARD",47.24583,6.03519,Nuit avec éclairage allumé,En agglomération,Hors intersection,Pluie légère,Autre collision,,,,,,,,,,,5,2,1,2,6.0
201600021029,0016-05-18 18:16:00,16,5,18,18,16,250,56,"sans, CASSIN PLACE RENE",47.21808,5.97027,Plein jour,En agglomération,Hors intersection,Normale,Autre collision,,,,,,,,,,,1,2,1,1,6.0
201600021030,0016-05-20 17:39:00,16,5,20,17,39,250,56,"SANS, MERCIER RUE FRERES",47.24098,6.01821,Plein jour,En agglomération,Intersection en Y,Normale,Autre collision,,,,,,,,,,,1,2,4,1,6.0
201600021031,0016-05-28 04:34:00,16,5,28,4,34,250,56,"sans, DROZ   AVENUE EDOU",47.24147,6.03269,Nuit avec éclairage allumé,En agglomération,Hors intersection,Temps couvert,Autre collision,,,,,,,,,,,5,2,1,8,6.0
201600021032,0016-05-28 04:50:00,16,5,28,4,50,250,56,"SANS, DOLE RUE DE <82",47.23261,6.00216,Nuit avec éclairage allumé,En agglomération,Hors intersection,Normale,Deux véhicules - arrière,,,,,,,,,,,5,2,1,1,2.0
201600021033,0016-06-04 02:44:00,16,6,4,2,44,250,56,"26, MAZAGRAN CHEMIN DE",47.22635,6.03143,Nuit avec éclairage allumé,En agglomération,Hors intersection,Normale,Autre collision,,,,,,,,,,,5,2,1,1,6.0
201600021034,0016-06-06 23:30:00,16,6,6,23,30,250,56,RN 1057 (ROUTE DE GRAY-C,47.24957,5.98417,Nuit avec éclairage allumé,En agglomération,Hors intersection,Normale,Autre collision,,,,,,,,,,,5,2,1,1,6.0
201600021035,0016-06-07 14:00:00,16,6,7,14,0,250,56,"SANS, DOLE RUE DE >82 &",47.22858,5.9867,Plein jour,En agglomération,Hors intersection,Normale,Autre collision,,,,,,,,,,,1,2,1,1,6.0
201600021036,0016-06-07 14:49:00,16,6,7,14,49,250,56,"63, CHOPARD RUE ALEXIS",47.24906,6.03126,Plein jour,En agglomération,Intersection en X,Normale,Autre collision,,,,,,,,,,,1,2,2,1,6.0
201600021037,0016-06-09 19:02:00,16,6,9,19,2,250,56,"SANS, HAUTS DE SAINT CLA",47.26109,6.01605,Plein jour,En agglomération,Hors intersection,Normale,Deux véhicules - arrière,,,,,,,,,,,1,2,1,1,2.0
201600021038,0016-06-17 06:02:00,16,6,17,6,2,250,56,"sans, GARIBALDI RUE",47.13689,6.00932,Plein jour,En agglomération,Hors intersection,Pluie légère,Autre collision,,,,,,,,,,,1,2,1,2,6.0
201600021039,0016-06-18 16:01:00,16,6,18,16,1,250,56,"SANS, DOLE RUE DE >82 &",47.22792,5.98386,Plein jour,En agglomération,Intersection en T,Temps couvert,Deux véhicules - arrière,,,,,,,,,,,1,2,3,8,2.0
201600021040,0016-06-19 17:30:00,16,6,19,17,30,250,56,"SANS, ALLENDE  BOULEVARD",47.22074,5.98003,Plein jour,En agglomération,Giratoire,Normale,Deux véhicules - arrière,,,,,,,,,,,1,2,6,1,2.0
201600021041,0016-06-21 10:42:00,16,6,21,10,42,250,56,"FACE 46, TREY RUE DE > 3",47.25847,6.02299,Plein jour,En agglomération,Hors intersection,Normale,Autre collision,,,,,,,,,,,1,2,1,1,6.0
201600021042,0016-06-21 16:45:00,16,6,21,16,45,250,56,"02, COLOGNE  RUE DE",47.22123,5.9697,Plein jour,En agglomération,Autre intersection,Normale,Autre collision,,,,,,,,,,,1,2,9,1,6.0
201600021043,0016-06-23 16:52:00,16,6,23,16,52,250,56,"9, REIMS  RUE DE",47.22489,5.97694,Plein jour,En agglomération,Hors intersection,Normale,Autre collision,,,,,,,,,,,1,2,1,1,6.0
201600021044,0016-06-24 14:04:00,16,6,24,14,4,250,56,"2, MUGUET  RUE DU",47.26326,6.0481,Plein jour,En agglomération,Hors intersection,Normale,Autre collision,,,,,,,,,,,1,2,1,1,6.0
201600021045,0016-06-26 13:38:00,16,6,26,13,38,250,56,"SANS, TORCOLS CHEMIN DES",,,Plein jour,En agglomération,Hors intersection,Normale,Autre collision,,,,,,,,,,,1,2,1,1,6.0
201600021046,0016-06-29 23:30:00,16,6,29,23,30,250,56,"SANS, KENNEDY  BOULEVARD",47.24199,5.99371,Nuit avec éclairage allumé,En agglomération,Intersection en Y,Pluie légère,Autre collision,,,,,,,,,,,5,2,4,2,6.0
201600021047,0016-07-04 19:08:00,16,7,4,19,8,250,56,"28, CLERC RUE FRANCIS <",47.25569,6.02155,Plein jour,En agglomération,Hors intersection,Normale,Deux véhicules - côté,,,,,,,,,,,1,2,1,1,3.0
201600021048,0016-07-16 02:02:00,16,7,16,2,2,250,56,"9, VOIRIN RUE",47.24247,6.01294,Nuit avec éclairage allumé,En agglomération,Hors intersection,Normale,Autre collision,,,,,,,,,,,5,2,1,1,6.0
201600021049,0016-07-22 07:17:00,16,7,22,7,17,250,56,av. 60ème regiment d'inf,47.24219,6.00897,Plein jour,En agglomération,Autre intersection,Normale,Autre collision,,,,,,,,,,,1,2,9,1,6.0
201600021050,0016-07-23 10:58:00,16,7,23,10,58,250,56,"32, COLARD RUE DOCTEUR",47.2181,6.01359,Plein jour,En agglomération,Hors intersection,Normale,Autre collision,,,,,,,,,,,1,2,1,1,6.0
201600021051,0016-07-27 00:32:00,16,7,27,0,32,250,56,"sans, DOLE RUE DE >200",47.22155,5.95894,Nuit avec éclairage allumé,En agglomération,Hors intersection,Normale,Autre collision,,,,,,,,,,,5,2,1,1,6.0
201600021052,0016-08-06 07:22:00,16,8,6,7,22,250,56,"19, CHAMPAGNE RUE DE",47.2247,5.97473,Plein jour,En agglomération,Hors intersection,Normale,Autre collision,,,,,,,,,,,1,2,1,1,6.0
201600021053,0016-08-25 03:03:00,16,8,25,3,3,250,56,"28, SEPTIEME ARMEE AM. A",47.21708,6.02105,Nuit sans éclairage public,Hors agglomération,Hors intersection,Normale,Autre collision,,,,,,,,,,,3,1,1,1,6.0
201600021054,0016-08-27 15:26:00,16,8,27,15,26,250,56,"SANS, CHAR  RUE RENE",47.21694,5.94858,Plein jour,En agglomération,Hors intersection,Normale,Deux véhicules - côté,,,,,,,,,,,1,2,1,1,3.0
201600021055,0016-08-30 07:19:00,16,8,30,7,19,250,56,"SANS, FAURE AVENUE EDGAR",47.24331,6.01723,Plein jour,En agglomération,Hors intersection,Normale,Sans collision,,,,,,,,,,,1,2,1,1,7.0
201600021056,0016-08-31 20:41:00,16,8,31,20,41,250,56,"sans, KENNEDY  BOULEVARD",47.23448,5.98426,Nuit avec éclairage allumé,En agglomération,Intersection en T,Normale,Deux véhicules - côté,,,,,,,,,,,5,2,3,1,3.0
201600021057,0016-09-09 12:41:00,16,9,9,12,41,250,56,"SANS, GOYA RUE",47.21663,5.98094,Plein jour,En agglomération,Hors intersection,Normale,Autre collision,,,,,,,,,,,1,2,1,1,6.0
201600021058,0016-09-09 19:49:00,16,9,9,19,49,250,56,"6, BAUME VOIES DE LA CIT",47.24984,6.00492,Plein jour,En agglomération,Hors intersection,Normale,Autre collision,,,,,,,,,,,1,2,1,1,6.0
201600021059,0016-09-12 17:27:00,16,9,12,17,27,250,56,"SANS, EDISON RUE THOMAS",47.22983,5.9665,Plein jour,En agglomération,Hors intersection,Normale,Autre collision,,,,,,,,,,,1,2,1,1,6.0
201600021060,0016-09-15 16:13:00,16,9,15,16,13,250,56,"105, BELFORT RUE DE <144",47.25152,6.03487,Plein jour,En agglomération,Hors intersection,Temps couvert,Autre collision,,,,,,,,,,,1,2,1,8,6.0
201600021061,0016-09-16 09:47:00,16,9,16,9,47,250,56,"SANS, GAULLE BOULEVARD C",47.23042,6.0117,Plein jour,En agglomération,Autre intersection,Temps couvert,Deux véhicules - côté,,,,,,,,,,,1,2,9,8,3.0
201600021062,0016-09-16 17:54:00,16,9,16,17,54,250,56,"25, POLYGONE RUE DU",47.23094,6.00928,Plein jour,En agglomération,Hors intersection,Normale,Deux véhicules - frontale,,,,,,,,,,,1,2,1,1,1.0
201600021063,0016-09-24 18:01:00,16,9,24,18,1,250,56,"SANS, CHURCHILL BD WINST",47.24933,6.00264,Plein jour,En agglomération,Intersection en T,Normale,Autre collision,,,,,,,,,,,1,2,3,1,6.0
201600021064,0016-10-02 11:11:00,16,10,2,11,11,250,56,"8, LABBE RUE",47.2395,6.01282,Plein jour,En agglomération,Hors intersection,Normale,Sans collision,,,,,,,,,,,1,2,1,1,7.0
201600021065,0016-10-03 17:24:00,16,10,3,17,24,250,56,"SANS, FOCH AVENUE MARECH",47.24288,6.02468,Plein jour,En agglomération,Hors intersection,Normale,Deux véhicules - arrière,,,,,,,,,,,1,2,1,1,2.0
201600021066,0016-10-06 17:51:00,16,10,6,17,51,250,56,DIDEROT BOULEVARD,47.24471,6.03493,Plein jour,En agglomération,Hors intersection,Normale,Deux véhicules - côté,,,,,,,,,,,1,2,1,1,3.0
201600021067,0016-10-11 12:25:00,16,10,11,12,25,250,56,"SANS, DOLE RUE DE >185 &",47.22536,5.97404,Plein jour,En agglomération,Intersection en T,Normale,Autre collision,,,,,,,,,,,1,2,3,1,6.0
201600021068,0016-10-14 14:10:00,16,10,14,14,10,250,56,"SANS, CHALEZEULE RUE DE",47.24736,6.03895,Plein jour,En agglomération,Hors intersection,Normale,Deux véhicules - frontale,,,,,,,,,,,1,2,1,1,1.0
201600021069,0016-10-15 02:50:00,16,10,15,2,50,250,56,"SANS, KENNEDY  BOULEVARD",47.23436,5.98432,Nuit avec éclairage allumé,En agglomération,Hors intersection,Normale,Autre collision,,,,,,,,,,,5,2,1,1,6.0
201600021070,0016-10-16 04:42:00,16,10,16,4,42,250,56,"SANS, DOLE RUE DE >200",47.21805,5.94456,Nuit avec éclairage allumé,Hors agglomération,Hors intersection,Pluie légère,Autre collision,,,,,,,,,,,5,1,1,2,6.0
201600021071,0016-10-18 17:50:00,16,10,18,17,50,250,56,"sans, FOCH AVENUE MARECH",47.24343,6.02386,Plein jour,En agglomération,Hors intersection,Normale,Autre collision,,,,,,,,,,,1,2,1,1,6.0
201600021072,0016-10-28 18:21:00,16,10,28,18,21,250,56,"SANS, CLEMENCEAU AVENUE",47.23699,6.00309,Plein jour,En agglomération,Hors intersection,Normale,Trois véhicules et plus - collisions multiples,,,,,,,,,,,1,2,1,1,5.0
201600021073,0016-10-30 05:52:00,16,10,30,5,52,250,56,"sans, MAZAGRAN CHEMIN DE",47.23044,6.01705,Nuit avec éclairage allumé,En agglomération,Hors intersection,Normale,Autre collision,,,,,,,,,,,5,2,1,1,6.0
201600021074,0016-11-03 14:27:00,16,11,3,14,27,250,56,"SANS, DOLE RUE DE >200",47.22042,5.95441,Plein jour,En agglomération,Hors intersection,Normale,Autre collision,,,,,,,,,,,1,2,1,1,6.0
201600021075,0016-11-05 18:25:00,16,11,5,18,25,250,56,"SANS, BELFORT RUE DE <14",47.24762,6.02822,Nuit avec éclairage allumé,En agglomération,Hors intersection,Pluie légère,Autre collision,,,,,,,,,,,5,2,1,2,6.0
201600021076,0016-11-07 16:52:00,16,11,7,16,52,250,56,"SANS, VERNOIS CHEMIN DU",47.25459,6.04481,Plein jour,En agglomération,Intersection en T,Normale,Deux véhicules - côté,,,,,,,,,,,1,2,3,1,3.0
201600021077,0016-11-27 02:51:00,16,11,27,2,51,250,56,"sans, TARRAGNOZ FAUBOURG",47.2308,6.02893,Nuit avec éclairage allumé,En agglomération,Hors intersection,Normale,Sans collision,,,,,,,,,,,5,2,1,1,7.0
201600021078,0016-11-26 13:08:00,16,11,26,13,8,250,56,"SANS, DOLE RUE DE >200",47.21858,5.94654,Plein jour,En agglomération,Hors intersection,Normale,Deux véhicules - frontale,,,,,,,,,,,1,2,1,1,1.0
201600021079,0016-11-28 19:33:00,16,11,28,19,33,250,56,"sans, ALLENDE  BOULEVARD",47.22038,5.9779,Nuit avec éclairage allumé,En agglomération,Hors intersection,Normale,Autre collision,,,,,,,,,,,5,2,1,1,6.0
201600021080,0016-12-01 17:30:00,16,12,1,17,30,250,56,"101, BELFORT RUE DE <144",47.25109,6.03445,Plein jour,En agglomération,Hors intersection,Normale,Deux véhicules - arrière,,,,,,,,,,,1,2,1,1,2.0
201600021081,0016-12-09 02:42:00,16,12,9,2,42,250,56,"60, DOLE RUE DE <82",47.23309,6.0039,Nuit avec éclairage allumé,En agglomération,Hors intersection,Normale,Autre collision,,,,,,,,,,,5,2,1,1,6.0
201600021082,0016-12-09 07:55:00,16,12,9,7,55,250,56,"SANS, SAINT AMOUR (SQUAR",47.23962,6.02797,Plein jour,En agglomération,Hors intersection,Autre,Autre collision,,,,,,,,,,,1,2,1,9,6.0
201600021083,0016-12-11 16:13:00,16,12,11,16,13,250,56,"sans, RAMIER  ROUTE FORE",47.29756,6.03458,Plein jour,Hors agglomération,Hors intersection,Normale,Autre collision,,,,,,,,,,,1,1,1,1,6.0
201600021084,0016-12-14 17:49:00,16,12,14,17,49,250,56,"sans, EPITAPHE CHEMIN DE",47.25081,5.99201,Nuit sans éclairage public,En agglomération,Hors intersection,Normale,Autre collision,,,,,,,,,,,3,2,1,1,6.0
201600021085,0016-12-18 09:54:00,16,12,18,9,54,250,56,"53, GRANDE RUE < 59",47.23806,6.02384,Plein jour,En agglomération,Hors intersection,Normale,Autre collision,,,,,,,,,,,1,2,1,1,6.0
201600021086,0016-12-27 18:10:00,16,12,27,18,10,250,56,"SANS, DOLE RUE DE >82 &",47.22875,5.98797,Plein jour,En agglomération,Hors intersection,Normale,Deux véhicules - côté,,,,,,,,,,,1,2,1,1,3.0
201600021087,0016-01-20 19:50:00,16,1,20,19,50,250,31,GRANDE RUE,47.48422,6.83792,Nuit avec éclairage allumé,En agglomération,Hors intersection,Autre,Autre collision,,,,,,,,,,,5,2,1,9,6.0
201600021088,0016-01-04 17:30:00,16,1,4,17,30,250,31,REFROIDIERES (RUE DES),47.46808,6.84779,Nuit sans éclairage public,En agglomération,Hors intersection,Pluie forte,Autre collision,,,,,,,,,,,3,2,1,3,6.0
201600021089,0016-01-26 16:10:00,16,1,26,16,10,250,388,MITTERAND (AVENUE FRANCO,,,Plein jour,En agglomération,Hors intersection,Normale,Autre collision,,,,,,,,,,,1,2,1,1,6.0
201600021090,0016-02-02 17:50:00,16,2,2,17,50,250,539,", AUDINCOURT (RUE D')",47.46787,6.85394,Nuit sans éclairage public,En agglomération,Hors intersection,Pluie légère,Autre collision,,,,,,,,,,,3,2,1,2,6.0
201600021091,0016-02-04 14:01:00,16,2,4,14,1,250,31,"11, SELONCOURT (RUE DE)",47.4792,6.8418,Plein jour,En agglomération,Hors intersection,Pluie légère,Autre collision,,,,,,,,,,,1,2,1,2,6.0
201600021092,0016-02-04 21:22:00,16,2,4,21,22,250,31,"25, GRANDE RUE",47.48452,6.83695,Nuit avec éclairage allumé,En agglomération,Hors intersection,Pluie légère,Trois véhicules et plus - collisions multiples,,,,,,,,,,,5,2,1,2,5.0
201600021093,0016-02-10 12:37:00,16,2,10,12,37,250,388,FOILLET (RUE JACQUES),47.49984,6.82206,Plein jour,Hors agglomération,Hors intersection,Normale,Sans collision,,,,,,,,,,,1,1,1,1,7.0
201600021094,0016-02-23 22:21:00,16,2,23,22,21,250,388,LUDWIGSBURG (AVENUE DE),,,Nuit avec éclairage allumé,En agglomération,Hors intersection,Normale,Autre collision,,,,,,,,,,,5,2,1,1,6.0
201600021095,0016-03-09 18:00:00,16,3,9,18,0,250,31,Pont Franois MITTERAND,47.48216,6.83771,Plein jour,En agglomération,Hors intersection,Normale,Sans collision,,,,,,,,,,,1,2,1,1,7.0
201600021096,0016-03-11 22:52:00,16,3,11,22,52,250,388,"90, DE LATTRE DE TASSIGN",47.50995,6.79418,Nuit avec éclairage allumé,En agglomération,Hors intersection,Normale,Sans collision,,,,,,,,,,,5,2,1,1,7.0
201600021097,0016-03-12 15:20:00,16,3,12,15,20,250,388,PORT (RUE DU),47.50392,6.79295,Plein jour,Hors agglomération,Hors intersection,Normale,Autre collision,,,,,,,,,,,1,1,1,1,6.0
201600021098,0016-03-30 17:10:00,16,3,30,17,10,250,31,Pont Franois MITTERAND,47.48216,6.83771,Plein jour,Hors agglomération,Hors intersection,Normale,Autre collision,,,,,,,,,,,1,1,1,1,6.0