accident_id,datetime,annee,mois,jour,heure,minute,departement,commune_insee,adresse,latitude,longitude,luminosite,agglomeration,intersection,meteo,collision,nb_vehicules,nb_usagers,nb_indemnes,nb_tues,nb_blesses_hosp,nb_blesses_legers,age_cond_1,age_cond_2,veh_type_cond_1,veh_type_cond_2,lum_code,agg_code,int_code,atm_code,col_code
201600021227,0016-04-29 19:15:00,16,4,29,19,15,260,198,ROUTE DU TEIL,44.5539,4.71154,Plein jour,Hors agglomération,Intersection en T,Normale,Deux véhicules - côté,,,,,,,,,,,1,1,3,1,3.0
201600021228,0016-04-27 14:45:00,16,4,27,14,45,260,198,RN7  GREZES POULAMARD,44.54664,4.73189,Plein jour,En agglomération,Hors intersection,Normale,Autre collision,,,,,,,,,,,1,2,1,1,6.0
201600021229,0016-05-20 10:45:00,16,5,20,10,45,260,198,RN7,44.54335,4.73093,Plein jour,Hors agglomération,Hors intersection,Normale,Deux véhicules - côté,,,,,,,,,,,1,1,1,1,3.0
201600021230,0016-05-15 19:30:00,16,5,15,19,30,260,198,BD MARRE DESMARAIS,44.55919,4.74786,Plein jour,En agglomération,Hors intersection,Normale,Deux véhicules - frontale,,,,,,,,,,,1,2,1,1,1.0
201600021231,0016-05-05 19:00:00,16,5,5,19,0,260,198,ROUTE ESPELUCHE,44.54576,4.76164,Plein jour,En agglomération,Intersection en T,Normale,Deux véhicules - côté,,,,,,,,,,,1,2,3,1,3.0
201600021232,0016-05-26 14:20:00,16,5,26,14,20,260,198,8 RUE LEON BLUM,44.56779,4.75379,Plein jour,Hors agglomération,Hors intersection,Normale,Deux véhicules - arrière,,,,,,,,,,,1,1,1,1,2.0
201600021233,0016-06-28 17:40:00,16,6,28,17,40,260,198,LES GREZES,44.54557,4.73154,Plein jour,Hors agglomération,Hors intersection,Normale,Deux véhicules - côté,,,,,,,,,,,1,1,1,1,3.0
201600021234,0016-07-09 02:50:00,16,7,9,2,50,260,198,RUE ANDRE DUCATEZ,44.55799,4.74317,Nuit avec éclairage allumé,En agglomération,Hors intersection,Normale,Deux véhicules - frontale,,,,,,,,,,,5,2,1,1,1.0
201600021235,0016-07-10 10:45:00,16,7,10,10,45,260,198,ROUTE DU TEIL,44.55709,4.72808,Plein jour,En agglomération,Hors intersection,Normale,Deux véhicules - côté,,,,,,,,,,,1,2,1,1,3.0
201600021236,0016-07-06 11:00:00,16,7,6,11,0,260,198,RUE OLIVIER DE SERRES,44.55905,4.74572,Plein jour,En agglomération,Hors intersection,Normale,Autre collision,,,,,,,,,,,1,2,1,1,6.0
201600021237,0016-07-31 06:15:00,16,7,31,6,15,260,198,ROUTE DU TEIL,,,Plein jour,Hors agglomération,Hors intersection,Normale,Deux véhicules - arrière,,,,,,,,,,,1,1,1,1,2.0
201600021238,0016-08-05 17:30:00,16,8,5,17,30,260,5,RTE ALLAN,,,Plein jour,Hors agglomération,Hors intersection,Normale,Trois véhicules et plus - collisions multiples,,,,,,,,,,,1,1,1,1,5.0
201600021239,0016-08-16 13:30:00,16,8,16,13,30,260,198,BOULEVARD DU FUST,,,Plein jour,En agglomération,Hors intersection,Normale,Deux véhicules - côté,,,,,,,,,,,1,2,1,1,3.0
201600021240,0016-06-26 21:10:00,16,6,26,21,10,260,8,RTE DE HOMME  ARMES,,,Plein jour,Hors agglomération,Hors intersection,Normale,Sans collision,,,,,,,,,,,1,1,1,1,7.0
201600021241,0016-09-12 16:40:00,16,9,12,16,40,260,198,ROUTE DU TEIL,44.55448,4.71279,Plein jour,Hors agglomération,Hors intersection,Normale,Deux véhicules - frontale,,,,,,,,,,,1,1,1,1,1.0
201600021242,0016-10-03 11:20:00,16,10,3,11,20,260,198,15 AV JOHN KENNEDY,44.55374,4.74465,Plein jour,En agglomération,Hors intersection,Normale,Autre collision,,,,,,,,,,,1,2,1,1,6.0
201600021243,0016-09-21 11:50:00,16,9,21,11,50,260,198,18 BD DE EUROPE,44.54599,4.75574,Plein jour,En agglomération,Hors intersection,Normale,Autre collision,,,,,,,,,,,1,2,1,1,6.0
201600021244,0016-10-24 19:30:00,16,10,24,19,30,260,198,MONTEE  DU BOUTON DOR,44.55838,4.75526,Nuit sans éclairage public,En agglomération,Hors intersection,Normale,Autre collision,,,,,,,,,,,3,2,1,1,6.0
201600021245,0016-10-26 17:30:00,16,10,26,17,30,260,198,33 AVENUE DU  TEIL,44.5582,4.73991,Plein jour,En agglomération,Intersection en T,Normale,Autre collision,,,,,,,,,,,1,2,3,1,6.0
201600021246,0016-09-04 03:05:00,16,9,4,3,5,260,198,ROUTE DE SAUZET,44.56904,4.78059,Nuit sans éclairage public,Hors agglomération,Hors intersection,Normale,Deux véhicules - côté,,,,,,,,,,,3,1,1,1,3.0
201600021247,0016-09-12 20:00:00,16,9,12,20,0,260,198,FEDERATION DE MONTELIMAR,44.57607,4.73389,Nuit sans éclairage public,Hors agglomération,Hors intersection,Normale,Autre collision,,,,,,,,,,,3,1,1,1,6.0
201600021248,0016-12-06 18:10:00,16,12,6,18,10,260,198,RTE DE MARSEILLE,44.52677,4.74545,Nuit avec éclairage allumé,Hors agglomération,Hors intersection,Normale,Deux véhicules - arrière,,,,,,,,,,,5,1,1,1,2.0
201600021249,0016-01-04 17:40:00,16,1,4,17,40,260,281,AVENUE DU MAQUIS,45.0484,5.0739,Crépuscule ou aube,En agglomération,Hors intersection,Normale,Autre collision,,,,,,,,,,,2,2,1,1,6.0
201600021250,0016-01-04 18:15:00,16,1,4,18,15,260,281,RD 123,45.05592,5.07176,Crépuscule ou aube,En agglomération,Giratoire,Normale,Deux véhicules - arrière,,,,,,,,,,,2,2,6,1,2.0
201600021251,0016-01-06 18:45:00,16,1,6,18,45,260,281,AVENUE GAMBETTA,45.04529,5.05931,Nuit avec éclairage allumé,En agglomération,Hors intersection,Temps couvert,Deux véhicules - côté,,,,,,,,,,,5,2,1,8,3.0
201600021252,0016-01-11 16:40:00,16,1,11,16,40,260,281,BD MARX DORMOY,45.04701,5.05525,Plein jour,En agglomération,Hors intersection,Normale,Deux véhicules - côté,,,,,,,,,,,1,2,1,1,3.0
201600021253,0016-01-12 11:50:00,16,1,12,11,50,260,281,RUE FAUBOURG CLERIEUX,45.0445,5.0412,Plein jour,En agglomération,Giratoire,Normale,Deux véhicules - côté,,,,,,,,,,,1,2,6,1,3.0
201600021254,0016-01-12 13:20:00,16,1,12,13,20,260,281,RUE VICTOR BOIRON,45.04767,5.03865,Plein jour,En agglomération,Hors intersection,Normale,Deux véhicules - côté,,,,,,,,,,,1,2,1,1,3.0
201600021255,0016-01-14 11:07:00,16,1,14,11,7,260,281,BOULEVARD  LIBERATION,45.0467,5.0468,Plein jour,En agglomération,Hors intersection,Pluie légère,Sans collision,,,,,,,,,,,1,2,1,2,7.0
201600021256,0016-01-14 18:30:00,16,1,14,18,30,260,57,ALLEE DU DAUPHINE,45.0176,5.0357,Crépuscule ou aube,En agglomération,Hors intersection,Normale,Deux véhicules - côté,,,,,,,,,,,2,2,1,1,3.0
201600021257,0016-02-01 14:15:00,16,2,1,14,15,260,281,43 AVENUE GAMBETTA,45.04523,5.06075,Plein jour,En agglomération,Hors intersection,Normale,Autre collision,,,,,,,,,,,1,2,1,1,6.0
201600021258,0016-02-13 16:20:00,16,2,13,16,20,260,281,42 PLACE JEAN JAURES,45.04593,5.05161,Plein jour,En agglomération,Hors intersection,Normale,Autre collision,,,,,,,,,,,1,2,1,1,6.0
201600021259,0016-02-14 19:45:00,16,2,14,19,45,260,57,BD ALPES PROVENCE,45.03667,5.05447,Nuit avec éclairage allumé,En agglomération,Intersection en X,Normale,Deux véhicules - frontale,,,,,,,,,,,5,2,2,1,1.0
201600021260,0016-03-14 08:45:00,16,3,14,8,45,260,281,PLACE JAURES JEAN,45.0458,5.0517,Plein jour,En agglomération,Hors intersection,Normale,Autre collision,,,,,,,,,,,1,2,1,1,6.0
201600021261,0016-03-16 20:00:00,16,3,16,20,0,260,281,RUE ADOLPHE FIGUET,45.04356,5.06138,Nuit avec éclairage allumé,En agglomération,Hors intersection,Normale,Trois véhicules et plus - en chaîne,,,,,,,,,,,5,2,1,1,4.0
201600021262,0016-03-19 18:25:00,16,3,19,18,25,260,281,ALLEE DES LAVANDES,45.04656,5.07235,Plein jour,En agglomération,Intersection en X,Normale,Deux véhicules - côté,,,,,,,,,,,1,2,2,1,3.0
201600021263,0016-03-19 18:25:00,16,3,19,18,25,260,57,BD RAPHAELLE LUPIS,45.03934,5.06433,Plein jour,En agglomération,Intersection en T,Normale,Deux véhicules - côté,,,,,,,,,,,1,2,3,1,3.0
201600021264,0016-03-21 17:30:00,16,3,21,17,30,260,57,BD ALPES PROVENCE,45.02808,5.04636,Plein jour,En agglomération,Hors intersection,Normale,Deux véhicules - arrière,,,,,,,,,,,1,2,1,1,2.0
201600021265,0016-03-23 07:25:00,16,3,23,7,25,260,139,1982  RTE DE CHASSES,45.0659,5.0927,Plein jour,Hors agglomération,Hors intersection,Normale,Deux véhicules - côté,,,,,,,,,,,1,1,1,1,3.0
201600021266,0016-03-23 09:05:00,16,3,23,9,5,260,281,RUE CAPITAINE BOZAMBO,45.04499,5.05236,Plein jour,En agglomération,Hors intersection,Normale,Autre collision,,,,,,,,,,,1,2,1,1,6.0
201600021267,0016-03-30 21:25:00,16,3,30,21,25,260,281,RD 532  RTE DE TAIN,45.04787,4.99616,Nuit sans éclairage public,Hors agglomération,Giratoire,Normale,Sans collision,,,,,,,,,,,3,1,6,1,7.0
201600021268,0016-04-07 10:45:00,16,4,7,10,45,260,57,AVENUE ROBERT SCHUMAN,45.03474,5.06763,Plein jour,En agglomération,Intersection en X,Normale,Deux véhicules - côté,,,,,,,,,,,1,2,2,1,3.0
201600021269,0016-04-07 12:05:00,16,4,7,12,5,260,57,AVENUE ROBERT SCHUMAN,45.03389,5.06746,Plein jour,En agglomération,Hors intersection,Normale,Deux véhicules - côté,,,,,,,,,,,1,2,1,1,3.0
201600021270,0016-04-10 12:25:00,16,4,10,12,25,260,281,AVENUE EMILE ZOLA,45.05085,5.05865,Plein jour,En agglomération,Intersection en T,Normale,Deux véhicules - arrière,,,,,,,,,,,1,2,3,1,2.0
201600021271,0016-04-14 16:50:00,16,4,14,16,50,260,281,27 RUE SIMONE ABBAT,45.04669,5.03492,Plein jour,En agglomération,Hors intersection,Normale,Deux véhicules - arrière,,,,,,,,,,,1,2,1,1,2.0
201600021272,0016-04-16 17:45:00,16,4,16,17,45,260,88,RUE JEAN FRANCOIS GALLAN,45.02668,5.07421,Plein jour,Hors agglomération,Intersection en T,Normale,Deux véhicules - arrière,,,,,,,,,,,1,1,3,1,2.0
201600021273,0016-04-20 23:27:00,16,4,20,23,27,260,84,PLAINE DE BEAUREGARD,45.01994,5.03369,Nuit avec éclairage allumé,En agglomération,Giratoire,Normale,Deux véhicules - côté,,,,,,,,,,,5,2,6,1,3.0
201600021274,0016-04-21 15:50:00,16,4,21,15,50,260,281,RUE DE LA PIERROTTE,45.05034,5.05912,Plein jour,En agglomération,Hors intersection,Normale,Deux véhicules - côté,,,,,,,,,,,1,2,1,1,3.0
201600021275,0016-04-29 12:10:00,16,4,29,12,10,260,281,RUE PALESTRO,45.0466,5.05148,Plein jour,En agglomération,Hors intersection,Normale,Trois véhicules et plus - collisions multiples,,,,,,,,,,,1,2,1,1,5.0
201600021276,0016-05-02 12:05:00,16,5,2,12,5,260,57,BD ALPES PROVENCE,45.03242,5.05088,Plein jour,En agglomération,Hors intersection,Normale,Deux véhicules - frontale,,,,,,,,,,,1,2,1,1,1.0
201600021277,0016-05-05 15:25:00,16,5,5,15,25,260,281,BD REGIS GIGNIER,45.04811,5.0646,Plein jour,En agglomération,Intersection en Y,Normale,Deux véhicules - côté,,,,,,,,,,,1,2,4,1,3.0
201600021278,0016-05-11 15:40:00,16,5,11,15,40,260,281,BD REMY ROURE,45.04999,5.03997,Plein jour,En agglomération,Intersection en X,Pluie légère,Trois véhicules et plus - collisions multiples,,,,,,,,,,,1,2,2,2,5.0
201600021279,0016-05-16 00:10:00,16,5,16,0,10,260,281,AVENUE DU MAQUIS,45.04773,5.07225,Nuit avec éclairage allumé,En agglomération,Hors intersection,Normale,Deux véhicules - frontale,,,,,,,,,,,5,2,1,1,1.0
201600021280,0016-05-17 18:30:00,16,5,17,18,30,260,281,ROUTE DE TAIN,45.04384,5.02866,Plein jour,En agglomération,Hors intersection,Normale,Autre collision,,,,,,,,,,,1,2,1,1,6.0
201600021281,0016-05-19 13:30:00,16,5,19,13,30,260,281,AVENUE MARCEL PAUL,45.04934,5.03799,Plein jour,En agglomération,Hors intersection,Normale,Deux véhicules - arrière,,,,,,,,,,,1,2,1,1,2.0
201600021282,0016-05-28 12:05:00,16,5,28,12,5,260,4,ROUTE MONDY,44.98006,5.0311,Plein jour,En agglomération,Hors intersection,Normale,Autre collision,,,,,,,,,,,1,2,1,1,6.0
201600021283,0016-06-01 13:30:00,16,6,1,13,30,260,281,AV JEAN MOULIN,45.05431,5.0488,Plein jour,En agglomération,Hors intersection,Normale,Deux véhicules - côté,,,,,,,,,,,1,2,1,1,3.0
201600021284,0016-06-01 18:55:00,16,6,1,18,55,260,57,PNT LATTRE DE TASSIGNY,45.04054,5.05624,Plein jour,En agglomération,Intersection en T,Pluie légère,Deux véhicules - côté,,,,,,,,,,,1,2,3,2,3.0
201600021285,0016-06-03 16:50:00,16,6,3,16,50,260,281,PONT DES ALLOBROGES,45.04019,5.0837,Plein jour,Hors agglomération,Hors intersection,Normale,Deux véhicules - arrière,,,,,,,,,,,1,1,1,1,2.0
201600021286,0016-06-08 02:52:00,16,6,8,2,52,260,281,AV PIERRE SEMARD,45.04756,5.04976,Nuit avec éclairage allumé,En agglomération,Intersection en X,Normale,Deux véhicules - côté,,,,,,,,,,,5,2,2,1,3.0
201600021287,0016-06-11 11:00:00,16,6,11,11,0,260,281,RUE CLAUDE BERNARD,45.04646,5.09319,Plein jour,En agglomération,Intersection en X,Normale,Deux véhicules - côté,,,,,,,,,,,1,2,2,1,3.0
201600021288,0016-06-22 18:40:00,16,6,22,18,40,260,281,QUAI SAINTE CLAIRE,45.0435,5.04421,Plein jour,En agglomération,Hors intersection,Normale,Autre collision,,,,,,,,,,,1,2,1,1,6.0
201600021289,0016-06-22 20:50:00,16,6,22,20,50,260,218,BD PIERRE MENDES FRANCE,45.05952,5.05821,Crépuscule ou aube,En agglomération,Hors intersection,Normale,Deux véhicules - côté,,,,,,,,,,,2,2,1,1,3.0
201600021290,0016-06-25 17:50:00,16,6,25,17,50,260,281,RUE ANDRE CHENIER,45.05349,5.05606,Plein jour,En agglomération,Giratoire,Normale,Deux véhicules - côté,,,,,,,,,,,1,2,6,1,3.0
201600021291,0016-06-28 19:05:00,16,6,28,19,5,260,281,ROND POINT PAUL DEVAL,45.04566,5.04664,Plein jour,En agglomération,Hors intersection,Normale,Autre collision,,,,,,,,,,,1,2,1,1,6.0
201600021292,0016-06-29 08:30:00,16,6,29,8,30,260,281,RUE BONJOUR,45.04494,5.04826,Plein jour,En agglomération,Hors intersection,Normale,Autre collision,,,,,,,,,,,1,2,1,1,6.0
201600021293,0016-07-01 14:05:00,16,7,1,14,5,260,281,ROUTE DE TAIN,45.04383,5.02157,Plein jour,Hors agglomération,Hors intersection,Normale,Autre collision,,,,,,,,,,,1,1,1,1,6.0
201600021294,0016-07-02 11:00:00,16,7,2,11,0,260,281,AVENUE LOUIS SAILLANT,45.04388,5.03007,Plein jour,Hors agglomération,Hors intersection,Normale,Autre collision,,,,,,,,,,,1,1,1,1,6.0
201600021295,0016-07-07 14:51:00,16,7,7,14,51,260,281,374 ROUTE DE TAIN,45.04347,5.02423,Plein jour,Hors agglomération,Hors intersection,Normale,Trois véhicules et plus - en chaîne,,,,,,,,,,,1,1,1,1,4.0
201600021296,0016-07-12 00:39:00,16,7,12,0,39,260,281,RUE CHARLES MICHELS,45.04702,5.05624,Nuit sans éclairage public,En agglomération,Hors intersection,Normale,Autre collision,,,,,,,,,,,3,2,1,1,6.0
201600021297,0016-07-13 19:05:00,16,7,13,19,5,260,281,PLACE  CARNOT,45.04864,5.04948,Plein jour,En agglomération,Hors intersection,Normale,Trois véhicules et plus - collisions multiples,,,,,,,,,,,1,2,1,1,5.0
201600021298,0016-08-11 11:57:00,16,8,11,11,57,260,281,AV PIERRE SEMARD,45.04756,5.04977,Plein jour,En agglomération,Intersection en X,Normale,Deux véhicules - côté,,,,,,,,,,,1,2,2,1,3.0
201600021299,0016-08-13 12:30:00,16,8,13,12,30,260,281,AV LOUIS  SAILLANT,45.04494,5.03252,Plein jour,En agglomération,Hors intersection,Normale,Deux véhicules - côté,,,,,,,,,,,1,2,1,1,3.0
201600021300,0016-08-15 10:40:00,16,8,15,10,40,260,281,AV DEPORTATION,45.05277,5.09506,Plein jour,En agglomération,Hors intersection,Normale,Autre collision,,,,,,,,,,,1,2,1,1,6.0
201600021301,0016-08-26 07:05:00,16,8,26,7,5,260,281,PONT LATTRE DE TASSIGNY,45.04143,5.05635,Plein jour,En agglomération,Hors intersection,Normale,Deux véhicules - côté,,,,,,,,,,,1,2,1,1,3.0
201600021302,0016-08-26 08:20:00,16,8,26,8,20,260,281,RUE JEAN  PREVOST,45.04732,5.0721,Plein jour,En agglomération,Hors intersection,Normale,Autre collision,,,,,,,,,,,1,2,1,1,6.0
201600021303,0016-09-02 01:35:00,16,9,2,1,35,260,281,PLACE JULES NADI,45.04442,5.05193,Nuit avec éclairage allumé,En agglomération,Hors intersection,Normale,Autre collision,,,,,,,,,,,5,2,1,1,6.0
201600021304,0016-09-12 14:30:00,16,9,12,14,30,260,57,RD 538,45.01361,5.03894,Plein jour,Hors agglomération,Hors intersection,Normale,Deux véhicules - arrière,,,,,,,,,,,1,1,1,1,2.0
201600021305,0016-09-13 10:15:00,16,9,13,10,15,260,281,5 BD GABRIEL PERI,45.04802,5.05352,Plein jour,En agglomération,Hors intersection,Normale,Deux véhicules - côté,,,,,,,,,,,1,2,1,1,3.0
201600021306,0016-09-15 11:30:00,16,9,15,11,30,260,281,RUE NICOLAS  APPERT,45.05426,5.0839,Plein jour,En agglomération,Hors intersection,Normale,Autre collision,,,,,,,,,,,1,2,1,1,6.0
201600021307,0016-09-21 11:21:00,16,9,21,11,21,260,281,AVENUE DUCHESNE,45.04688,5.0439,Plein jour,En agglomération,Hors intersection,Normale,Autre collision,,,,,,,,,,,1,2,1,1,6.0
201600021308,0016-09-28 12:20:00,16,9,28,12,20,260,281,RUE CLAUDE BERNARD,45.04646,5.0932,Plein jour,En agglomération,Intersection en T,Normale,Trois véhicules et plus - collisions multiples,,,,,,,,,,,1,2,3,1,5.0
201600021309,0016-09-29 10:10:00,16,9,29,10,10,260,281,RUE PECHERIE,45.04266,5.04717,Plein jour,En agglomération,Intersection en T,Normale,Deux véhicules - côté,,,,,,,,,,,1,2,3,1,3.0
201600021310,0016-10-05 14:15:00,16,10,5,14,15,260,57,BD ALPES PROVENCE,45.03141,5.04836,Plein jour,En agglomération,Hors intersection,Normale,Deux véhicules - arrière,,,,,,,,,,,1,2,1,1,2.0
201600021311,0016-10-08 15:10:00,16,10,8,15,10,260,281,AV DEPORTATION,45.05091,5.08708,Plein jour,En agglomération,Hors intersection,Normale,Deux véhicules - arrière,,,,,,,,,,,1,2,1,1,2.0
201600021312,0016-10-15 11:30:00,16,10,15,11,30,260,281,PLACE PAULIN PAILHEREY,45.04778,5.05468,Plein jour,En agglomération,Intersection en X,Normale,Deux véhicules - frontale,,,,,,,,,,,1,2,2,1,1.0
201600021313,0016-10-18 16:40:00,16,10,18,16,40,260,281,COURS PIERRE DIDIER,45.04566,5.04874,Plein jour,En agglomération,Hors intersection,Normale,Autre collision,,,,,,,,,,,1,2,1,1,6.0
201600021314,0016-10-21 17:00:00,16,10,21,17,0,260,281,BD PIERRE MENDES FRANCE,45.06092,5.0508,Plein jour,En agglomération,Giratoire,Normale,Deux véhicules - côté,,,,,,,,,,,1,2,6,1,3.0
201600021315,0016-11-07 10:00:00,16,11,7,10,0,260,281,RUE DE LA REPUBLIQUE,45.04595,5.05181,Plein jour,En agglomération,Intersection en X,Normale,Deux véhicules - côté,,,,,,,,,,,1,2,2,1,3.0
201600021316,0016-11-09 08:00:00,16,11,9,8,0,260,281,AVENUE ZOLA EMILE,45.05197,5.06085,Plein jour,En agglomération,Hors intersection,Normale,Deux véhicules - arrière,,,,,,,,,,,1,2,1,1,2.0
201600021317,0016-11-11 11:40:00,16,11,11,11,40,260,281,RD 538  DIRECTION MOURS,45.05966,5.05042,Plein jour,En agglomération,Hors intersection,Normale,Deux véhicules - arrière,,,,,,,,,,,1,2,1,1,2.0
201600021318,0016-11-16 18:25:00,16,11,16,18,25,260,281,PLACE CARNOT,45.04867,5.0495,Nuit avec éclairage allumé,En agglomération,Hors intersection,Normale,Deux véhicules - arrière,,,,,,,,,,,5,2,1,1,2.0
201600021319,0016-11-18 14:30:00,16,11,18,14,30,260,281,RUE DU PUY,45.04423,5.05329,Plein jour,En agglomération,Hors intersection,Normale,Deux véhicules - arrière,,,,,,,,,,,1,2,1,1,2.0
201600021320,0016-11-18 15:05:00,16,11,18,15,5,260,281,RUE PARMENTIER,45.04883,5.06531,Plein jour,En agglomération,Intersection en T,Normale,Deux véhicules - côté,,,,,,,,,,,1,2,3,1,3.0
201600021321,0016-11-20 17:34:00,16,11,20,17,34,260,281,AV JEAN MOULIN,45.05617,5.04934,Plein jour,En agglomération,Hors intersection,Normale,Deux véhicules - côté,,,,,,,,,,,1,2,1,1,3.0
201600021322,0016-11-21 08:32:00,16,11,21,8,32,260,281,AVENUE DU 11 NOVEMBRE,45.04614,5.07504,Plein jour,En agglomération,Hors intersection,Normale,Autre collision,,,,,,,,,,,1,2,1,1,6.0
201600021323,0016-11-26 02:37:00,16,11,26,2,37,260,281,CHEMIN DE MEILLEUX DIR T,45.04783,5.02066,Nuit sans éclairage public,Hors agglomération,Hors intersection,Normale,Sans collision,,,,,,,,,,,3,1,1,1,7.0
201600021324,0016-11-26 10:55:00,16,11,26,10,55,260,281,BD MARX DORMOY,45.04743,5.05497,Plein jour,En agglomération,Hors intersection,Normale,Autre collision,,,,,,,,,,,1,2,1,1,6.0
201600021325,0016-11-25 18:10:00,16,11,25,18,10,260,281,RUE MARIE CURIE,45.04822,5.08544,Plein jour,En agglomération,Giratoire,Normale,Deux véhicules - côté,,,,,,,,,,,1,2,6,1,3.0
201600021326,0016-11-29 14:00:00,16,11,29,14,0,260,281,PASSAGE SUP EVARI GALLOI,45.04761,5.05484,Plein jour,En agglomération,Intersection en X,Normale,Deux véhicules - côté,,,,,,,,,,,1,2,2,1,3.0
201600021327,0016-11-30 12:40:00,16,11,30,12,40,260,57,PLACE DU PRESIDE DOUMER,45.04074,5.04851,Plein jour,En agglomération,Intersection en X,Normale,Deux véhicules - côté,,,,,,,,,,,1,2,2,1,3.0
201600021328,0016-12-05 18:35:00,16,12,5,18,35,260,281,AVENUE DU MAQUIS,45.04716,5.07083,Nuit sans éclairage public,En agglomération,Intersection en T,Normale,Deux véhicules - côté,,,,,,,,,,,3,2,3,1,3.0
201600021329,0016-12-08 17:00:00,16,12,8,17,0,260,57,BD ALPES PROVENCE,45.03423,5.05247,Plein jour,En agglomération,Hors intersection,Normale,Deux véhicules - arrière,,,,,,,,,,,1,2,1,1,2.0
201600021330,0016-12-15 13:00:00,16,12,15,13,0,260,281,AVENUE GAMBETTA,45.04519,5.0618,Plein jour,En agglomération,Giratoire,Normale,Deux véhicules - côté,,,,,,,,,,,1,2,6,1,3.0
201600021331,0016-12-15 17:51:00,16,12,15,17,51,260,281,PLACE MASSENET,45.04219,5.05613,Plein jour,En agglomération,Hors intersection,Normale,Autre collision,,,,,,,,,,,1,2,1,1,6.0
201600021332,0016-12-16 18:40:00,16,12,16,18,40,260,281,RD 532 DIRECTION TAIN,45.0558,5.07166,Nuit sans éclairage public,Hors agglomération,Giratoire,Normale,Trois véhicules et plus - collisions multiples,,,,,,,,,,,3,1,6,1,5.0
201600021333,0016-12-17 09:15:00,16,12,17,9,15,260,281,RUE BRUNO LARAT,45.04956,5.03682,Plein jour,En agglomération,Hors intersection,Normale,Autre collision,,,,,,,,,,,1,2,1,1,6.0
201600021334,0016-12-17 16:45:00,16,12,17,16,45,260,281,AVENUE DES ALLOBROGES,45.05246,5.08456,Plein jour,En agglomération,Hors intersection,Normale,Trois véhicules et plus - en chaîne,,,,,,,,,,,1,2,1,1,4.0
201600021335,0016-12-21 13:45:00,16,12,21,13,45,260,281,ROUTE DES BALMES,45.05672,5.0083,Plein jour,Hors agglomération,Hors intersection,Normale,Deux véhicules - arrière,,,,,,,,,,,1,1,1,1,2.0
201600021336,0016-12-28 14:30:00,16,12,28,14,30,260,281,ROND POINT DEVAL PAUL,45.0456,5.04671,Plein jour,En agglomération,Hors intersection,Normale,Deux véhicules - arrière,,,,,,,,,,,1,2,1,1,2.0
201600021337,0016-12-30 02:40:00,16,12,30,2,40,260,57,BD ALPES PROVENCE,45.03544,5.0535,Nuit sans éclairage public,Hors agglomération,Hors intersection,Normale,Autre collision,,,,,,,,,,,3,1,1,1,6.0
201600021338,0016-12-29 16:30:00,16,12,29,16,30,260,362,RTE DE ROMANS,44.94209,4.91803,Plein jour,En agglomération,Hors intersection,Normale,Autre collision,,,,,,,,,,,1,2,1,1,6.0
201600021339,0016-01-08 16:54:00,16,1,8,16,54,260,58,QUAI SAINT NICOLAS,44.9365,4.8893,Plein jour,En agglomération,Hors intersection,Normale,Deux véhicules - côté,,,,,,,,,,,1,2,1,1,3.0
201600021340,0016-01-11 19:50:00,16,1,11,19,50,260,362,AVENUE DE ROMANS,44.9486,4.9256,Nuit sans éclairage public,Hors agglomération,Hors intersection,Normale,Autre collision,,,,,,,,,,,3,1,1,1,6.0
201600021341,0016-01-14 10:25:00,16,1,14,10,25,260,362,BD GENERAL DE GAULLE,44.9303,4.8943,Plein jour,En agglomération,Hors intersection,Normale,Autre collision,,,,,,,,,,,1,2,1,1,6.0
201600021342,0016-01-14 07:27:00,16,1,14,7,27,260,362,105 AVENUE DE ROMANS,44.93383,4.90404,Nuit avec éclairage allumé,En agglomération,Giratoire,Pluie légère,Deux véhicules - côté,,,,,,,,,,,5,2,6,2,3.0
201600021343,0016-01-30 17:10:00,16,1,30,17,10,260,362,RUE JEAN PERRIN,44.9403,4.9234,Plein jour,En agglomération,Intersection en T,Normale,Deux véhicules - frontale,,,,,,,,,,,1,2,3,1,1.0
201600021344,0016-02-03 13:05:00,16,2,3,13,5,260,58,ROUTE DE PONT ISERE,,,Plein jour,Hors agglomération,Intersection en X,Normale,Deux véhicules - arrière,,,,,,,,,,,1,1,2,1,2.0
201600021345,0016-02-03 16:52:00,16,2,3,16,52,260,362,PLACE DE LA REPUBLIQUE,44.9305,4.8901,Plein jour,En agglomération,Hors intersection,Normale,Autre collision,,,,,,,,,,,1,2,1,1,6.0
201600021346,0016-02-17 05:17:00,16,2,17,5,17,260,362,L A C R A RN 532,,,Nuit avec éclairage non allumé,Hors agglomération,Hors intersection,Normale,Sans collision,,,,,,,,,,,4,1,1,1,7.0
201600021347,0016-02-27 17:00:00,16,2,27,17,0,260,362,RD 534 N,,,Plein jour,Hors agglomération,Hors intersection,Normale,Deux véhicules - frontale,,,,,,,,,,,1,1,1,1,1.0
201600021348,0016-02-16 13:00:00,16,2,16,13,0,260,252,RN 7,,,Plein jour,Hors agglomération,Hors intersection,Normale,Deux véhicules - frontale,,,,,,,,,,,1,1,1,1,1.0
201600021349,0016-02-27 19:17:00,16,2,27,19,17,260,252,114 AV JEAN JAURES,,,Nuit avec éclairage allumé,En agglomération,Hors intersection,Normale,Deux véhicules - arrière,,,,,,,,,,,5,2,1,1,2.0
201600021350,0016-03-03 20:15:00,16,3,3,20,15,260,362,BD ROOSEVELT FRANKLIN,44.91594,4.91124,Nuit avec éclairage allumé,En agglomération,Intersection en X,Normale,Deux véhicules - côté,,,,,,,,,,,5,2,2,1,3.0