accident_id,datetime,annee,mois,jour,heure,minute,departement,commune_insee,adresse,latitude,longitude,luminosite,agglomeration,intersection,meteo,collision,nb_vehicules,nb_usagers,nb_indemnes,nb_tues,nb_blesses_hosp,nb_blesses_legers,age_cond_1,age_cond_2,veh_type_cond_1,veh_type_cond_2,lum_code,agg_code,int_code,atm_code,col_code
201600021351,0016-03-07 10:35:00,16,3,7,10,35,260,362,1 RUE PARMENTIER,44.92695,4.89795,Plein jour,En agglomération,Hors intersection,Normale,Autre collision,,,,,,,,,,,1,2,1,1,6.0
201600021352,0016-03-11 16:40:00,16,3,11,16,40,260,362,ROUTE DE CHABEUIL,44.9254,4.9229,Plein jour,Hors agglomération,Intersection en T,Normale,Deux véhicules - côté,,,,,,,,,,,1,1,3,1,3.0
201600021353,0016-03-31 08:30:00,16,3,31,8,30,260,252,ROND POINT DE MOTTE,44.89356,4.87341,Plein jour,Hors agglomération,Giratoire,Normale,Trois véhicules et plus - en chaîne,,,,,,,,,,,1,1,6,1,4.0
201600021354,0016-04-16 22:30:00,16,4,16,22,30,260,58,RUE ROGER SALENGRO,44.9473,4.9029,Nuit avec éclairage allumé,En agglomération,Intersection en T,Normale,Deux véhicules - côté,,,,,,,,,,,5,2,3,1,3.0
201600021355,0016-04-17 02:50:00,16,4,17,2,50,260,362,AVENUE DE VALENSOLLES,44.91715,4.88148,Nuit avec éclairage allumé,En agglomération,Intersection en X,Normale,Deux véhicules - côté,,,,,,,,,,,5,2,2,1,3.0
201600021356,0016-04-27 13:50:00,16,4,27,13,50,260,58,MONTEE DU LONG,44.96472,4.88703,Plein jour,En agglomération,Hors intersection,Normale,Deux véhicules - arrière,,,,,,,,,,,1,2,1,1,2.0
201600021357,0016-04-26 16:40:00,16,4,26,16,40,260,58,L A C R A  RN7,,,Plein jour,En agglomération,Hors intersection,Normale,Deux véhicules - côté,,,,,,,,,,,1,2,1,1,3.0
201600021358,0016-04-30 01:20:00,16,4,30,1,20,260,362,AVENUE DE ROMANS,44.93467,4.90727,Nuit avec éclairage allumé,En agglomération,Intersection en T,Normale,Deux véhicules - côté,,,,,,,,,,,5,2,3,1,3.0
201600021359,0016-05-04 08:00:00,16,5,4,8,0,260,362,RD 2007 N,,,Plein jour,Hors agglomération,Hors intersection,Normale,Deux véhicules - frontale,,,,,,,,,,,1,1,1,1,1.0
201600021360,0016-05-04 17:05:00,16,5,4,17,5,260,362,AV DOCTEUR SANTY,44.9155,4.90835,Plein jour,En agglomération,Intersection en X,Normale,Autre collision,,,,,,,,,,,1,2,2,1,6.0
201600021361,0016-05-04 07:25:00,16,5,4,7,25,260,362,AVENUE DE ROMANS,44.93388,4.90433,Plein jour,En agglomération,Hors intersection,Normale,Autre collision,,,,,,,,,,,1,2,1,1,6.0
201600021362,0016-05-14 16:49:00,16,5,14,16,49,260,58,RD 2007 N,,,Plein jour,En agglomération,Hors intersection,Normale,Deux véhicules - côté,,,,,,,,,,,1,2,1,1,3.0
201600021363,0016-05-26 08:05:00,16,5,26,8,5,260,362,ROUTE DE CHABEUIL,44.92527,4.92335,Plein jour,En agglomération,Intersection en T,Normale,Deux véhicules - côté,,,,,,,,,,,1,2,3,1,3.0
201600021364,0016-05-26 17:46:00,16,5,26,17,46,260,362,AVENUE DE PROVENCE,,,Plein jour,En agglomération,Hors intersection,Normale,Trois véhicules et plus - collisions multiples,,,,,,,,,,,1,2,1,1,5.0
201600021365,0016-05-30 07:45:00,16,5,30,7,45,260,362,AVENUE DE  VERDUN,44.93794,4.89803,Plein jour,En agglomération,Hors intersection,Normale,Autre collision,,,,,,,,,,,1,2,1,1,6.0
201600021366,0016-05-28 00:05:00,16,5,28,0,5,260,252,RD 269,,,Nuit sans éclairage public,Hors agglomération,Intersection en T,Normale,Trois véhicules et plus - collisions multiples,,,,,,,,,,,3,1,3,1,5.0
201600021367,0016-06-09 17:10:00,16,6,9,17,10,260,362,RUE DE LA  CECILE,44.92228,4.89063,Plein jour,En agglomération,Giratoire,Normale,Autre collision,,,,,,,,,,,1,2,6,1,6.0
201600021368,0016-06-07 17:00:00,16,6,7,17,0,260,58,87 AVENUE MARC URTIN,44.94149,4.89502,Plein jour,En agglomération,Hors intersection,Normale,Deux véhicules - arrière,,,,,,,,,,,1,2,1,1,2.0
201600021369,0016-06-16 10:40:00,16,6,16,10,40,260,4,LACRA RN532,,,Plein jour,Hors agglomération,Hors intersection,Pluie légère,Deux véhicules - côté,,,,,,,,,,,1,1,1,2,3.0
201600021370,0016-06-22 13:45:00,16,6,22,13,45,260,362,RUE BELLE MEUNIERE,44.95025,4.91953,Plein jour,En agglomération,Intersection en X,Normale,Deux véhicules - côté,,,,,,,,,,,1,2,2,1,3.0
201600021371,0016-06-30 19:45:00,16,6,30,19,45,260,362,CHEMIN DE RONDE,44.93191,4.90373,Plein jour,En agglomération,Intersection en T,Normale,Autre collision,,,,,,,,,,,1,2,3,1,6.0
201600021372,0016-06-29 21:15:00,16,6,29,21,15,260,362,ROUTE DE  CHABEUIL,44.92541,4.92292,Crépuscule ou aube,En agglomération,Intersection en T,Normale,Deux véhicules - frontale,,,,,,,,,,,2,2,3,1,1.0
201600021373,0016-07-04 07:05:00,16,7,4,7,5,260,58,RUE HENRI PITOT,44.96137,4.88349,Plein jour,En agglomération,Hors intersection,Normale,Deux véhicules - côté,,,,,,,,,,,1,2,1,1,3.0
201600021374,0016-07-12 17:10:00,16,7,12,17,10,260,362,CHEMIN DE PAILLASSIER,44.89502,4.89931,Plein jour,Hors agglomération,Hors intersection,Normale,Trois véhicules et plus - collisions multiples,,,,,,,,,,,1,1,1,1,5.0
201600021375,0016-07-13 17:13:00,16,7,13,17,13,260,362,RUE CHANTECOURIOL,,,Plein jour,En agglomération,Hors intersection,Normale,Deux véhicules - arrière,,,,,,,,,,,1,2,1,1,2.0
201600021376,0016-07-18 12:05:00,16,7,18,12,5,260,58,ROUTE DE PONT  ISERE,,,Plein jour,Hors agglomération,Hors intersection,Normale,Deux véhicules - arrière,,,,,,,,,,,1,1,1,1,2.0
201600021377,0016-07-16 07:20:00,16,7,16,7,20,260,252,RUE JEAN JAURES,,,Plein jour,En agglomération,Hors intersection,Normale,Deux véhicules - arrière,,,,,,,,,,,1,2,1,1,2.0
201600021378,0016-07-16 12:50:00,16,7,16,12,50,260,252,RN7 DEV PLV,,,Plein jour,Hors agglomération,Hors intersection,Normale,Sans collision,,,,,,,,,,,1,1,1,1,7.0
201600021379,0016-05-04 21:15:00,16,5,4,21,15,260,362,BD WINSTON CHURCHILL,44.93221,4.91841,Nuit avec éclairage allumé,En agglomération,Hors intersection,Normale,Sans collision,,,,,,,,,,,5,2,1,1,7.0
201600021380,0016-06-09 17:15:00,16,6,9,17,15,260,252,RUE LENINE,,,Plein jour,En agglomération,Hors intersection,Normale,Autre collision,,,,,,,,,,,1,2,1,1,6.0
201600021381,0016-08-04 20:35:00,16,8,4,20,35,260,362,L A C R A   R N 7,,,Plein jour,Hors agglomération,Hors intersection,Normale,Autre collision,,,,,,,,,,,1,1,1,1,6.0
201600021382,0016-09-22 13:20:00,16,9,22,13,20,260,313,LES PETITS EYNARDS,,,Plein jour,Hors agglomération,Hors intersection,Normale,Autre collision,,,,,,,,,,,1,1,1,1,6.0
201600021383,0016-09-22 14:10:00,16,9,22,14,10,260,313,L A C R A    R N 532,,,Plein jour,Hors agglomération,Hors intersection,Normale,Trois véhicules et plus - en chaîne,,,,,,,,,,,1,1,1,1,4.0
201600021384,0016-09-27 12:20:00,16,9,27,12,20,260,362,AVENUE DE CHABEUIL,44.92606,4.92029,Plein jour,En agglomération,Hors intersection,Normale,Autre collision,,,,,,,,,,,1,2,1,1,6.0
201600021385,0016-09-28 08:15:00,16,9,28,8,15,260,252,AVENUE RESISTANCE,44.87798,4.8848,Plein jour,En agglomération,Intersection en T,Normale,Deux véhicules - frontale,,,,,,,,,,,1,2,3,1,1.0
201600021386,0016-09-30 00:05:00,16,9,30,0,5,260,58,ROUTE DE PONT D ISERE,,,Nuit sans éclairage public,Hors agglomération,Hors intersection,Normale,Trois véhicules et plus - collisions multiples,,,,,,,,,,,3,1,1,1,5.0
201600021387,0016-10-13 17:00:00,16,10,13,17,0,260,252,7  RUE ANATOLE FRANCE,44.87112,4.87713,Plein jour,En agglomération,Hors intersection,Pluie légère,Autre collision,,,,,,,,,,,1,2,1,2,6.0
201600021388,0016-10-21 17:00:00,16,10,21,17,0,260,58,77 AV MARC URTIN,44.94205,4.89489,Plein jour,En agglomération,Hors intersection,Normale,Autre collision,,,,,,,,,,,1,2,1,1,6.0
201600021389,0016-10-25 20:15:00,16,10,25,20,15,260,362,AV DE CHABEUIL,44.92443,4.92789,Nuit avec éclairage allumé,En agglomération,Intersection en T,Pluie légère,Deux véhicules - côté,,,,,,,,,,,5,2,3,2,3.0
201600021390,0016-10-26 15:30:00,16,10,26,15,30,260,362,AVENUE DE PROVENCE,,,Plein jour,En agglomération,Hors intersection,Normale,Deux véhicules - côté,,,,,,,,,,,1,2,1,1,3.0
201600021391,0016-10-27 11:45:00,16,10,27,11,45,260,362,AV ROLAND GARROS,44.94064,4.93068,Plein jour,En agglomération,Hors intersection,Normale,Deux véhicules - côté,,,,,,,,,,,1,2,1,1,3.0
201600021392,0016-11-08 11:40:00,16,11,8,11,40,260,58,IMPASSE CLOS CHAPON,44.9424,4.903,Plein jour,En agglomération,Hors intersection,Normale,Autre collision,,,,,,,,,,,1,2,1,1,6.0
201600021393,0016-11-12 18:40:00,16,11,12,18,40,260,362,ROUTE DE BEAUVALLON,,,Nuit avec éclairage allumé,Hors agglomération,Hors intersection,Normale,Deux véhicules - côté,,,,,,,,,,,5,1,1,1,3.0
201600021394,0016-11-10 07:38:00,16,11,10,7,38,260,252,RUE CHARLES DE GAULLE,,,Crépuscule ou aube,En agglomération,Intersection en Y,Pluie légère,Deux véhicules - arrière,,,,,,,,,,,2,2,4,2,2.0
201600021395,0016-11-30 11:49:00,16,11,30,11,49,260,362,48 RUE CHARL BAUDELAIRE,44.90964,4.88144,Plein jour,En agglomération,Hors intersection,Normale,Autre collision,,,,,,,,,,,1,2,1,1,6.0
201600021396,0016-12-05 09:25:00,16,12,5,9,25,260,58,21 RUE ILE ADAM,44.94833,4.89341,Plein jour,En agglomération,Hors intersection,Normale,Autre collision,,,,,,,,,,,1,2,1,1,6.0
201600021397,0016-12-12 17:50:00,16,12,12,17,50,260,170,CH FORET AUX  MARTINS,44.91441,4.93402,Nuit sans éclairage public,Hors agglomération,Intersection en X,Normale,Deux véhicules - côté,,,,,,,,,,,3,1,2,1,3.0
201600021398,0016-12-13 18:15:00,16,12,13,18,15,260,58,RTE DES MORLIETTES,44.96424,4.9102,Nuit avec éclairage allumé,Hors agglomération,Hors intersection,Normale,Deux véhicules - frontale,,,,,,,,,,,5,1,1,1,1.0
201600021399,0016-12-17 12:35:00,16,12,17,12,35,260,362,RN 7,,,Plein jour,En agglomération,Hors intersection,Normale,Autre collision,,,,,,,,,,,1,2,1,1,6.0
201600021400,0016-01-21 08:30:00,16,1,21,8,30,840,37,D17 Borne 4,44.04363,4.84822,Plein jour,En agglomération,Hors intersection,Normale,Deux véhicules - côté,,,,,,,,,,,1,2,1,1,3.0
201600021401,0016-05-26 23:30:00,16,5,26,23,30,840,37,,,,Nuit sans éclairage public,Hors agglomération,Hors intersection,Normale,Deux véhicules - frontale,,,,,,,,,,,3,1,1,1,1.0
201600021402,0016-06-28 23:00:00,16,6,28,23,0,840,39,,,,Nuit sans éclairage public,Hors agglomération,Hors intersection,Normale,Sans collision,,,,,,,,,,,3,1,1,1,7.0
201600021403,0016-07-31 19:45:00,16,7,31,19,45,840,27,,,,Plein jour,Hors agglomération,Hors intersection,Normale,Autre collision,,,,,,,,,,,1,1,1,1,6.0
201600021404,0016-09-28 06:30:00,16,9,28,6,30,840,37,,,,Nuit sans éclairage public,Hors agglomération,Hors intersection,Normale,Autre collision,,,,,,,,,,,3,1,1,1,6.0
201600021405,0016-10-02 10:15:00,16,10,2,10,15,840,37,avenue baron le roy- D17,,,Plein jour,En agglomération,Hors intersection,Normale,Deux véhicules - côté,,,,,,,,,,,1,2,1,1,3.0
201600021406,0016-11-06 11:45:00,16,11,6,11,45,840,56,42 av de la Libération,,,Plein jour,En agglomération,Hors intersection,Normale,Autre collision,,,,,,,,,,,1,2,1,1,6.0
201600021407,0016-12-26 17:15:00,16,12,26,17,15,840,56,,,,Nuit sans éclairage public,Hors agglomération,Hors intersection,Normale,Autre collision,,,,,,,,,,,3,1,1,1,6.0
201600021408,0016-02-19 14:30:00,16,2,19,14,30,60,33,,,,Plein jour,Hors agglomération,Hors intersection,Normale,Deux véhicules - côté,,,,,,,,,,,1,1,1,1,3.0
201600021409,0016-05-02 18:00:00,16,5,2,18,0,60,34,RM 6202,,,Plein jour,Hors agglomération,Hors intersection,Normale,Deux véhicules - arrière,,,,,,,,,,,1,1,1,1,2.0
201600021410,0016-06-29 17:45:00,16,6,29,17,45,60,34,,,,Plein jour,Hors agglomération,Hors intersection,Normale,Deux véhicules - frontale,,,,,,,,,,,1,1,1,1,1.0
201600021411,0016-09-13 16:15:00,16,9,13,16,15,60,6,route de Nice PR 14+230,,,Plein jour,En agglomération,Hors intersection,Normale,Autre collision,,,,,,,,,,,1,2,1,1,6.0
201600021412,0016-10-06 07:10:00,16,10,6,7,10,60,109,"M6202, Sortie Rond-Point",43.83309,7.20489,Crépuscule ou aube,Hors agglomération,Hors intersection,Normale,Deux véhicules - frontale,,,,,,,,,,,2,1,1,1,1.0
201600021413,0016-10-07 11:55:00,16,10,7,11,55,60,33,RD6202 bis PK9.8 - PK9.9,43.78511,7.21344,Plein jour,Hors agglomération,Hors intersection,Normale,Trois véhicules et plus - collisions multiples,,,,,,,,,,,1,1,1,1,5.0
201600021414,0016-10-21 00:10:00,16,10,21,0,10,60,46,220 route de la Manda,43.76294,7.21413,Nuit sans éclairage public,Hors agglomération,Hors intersection,Temps couvert,Autre collision,,,,,,,,,,,3,1,1,8,6.0
201600021415,0016-10-30 04:15:00,16,10,30,4,15,60,46,119 corniche Paul Clermo,43.75755,7.23805,Nuit avec éclairage allumé,En agglomération,Hors intersection,Normale,Deux véhicules - frontale,,,,,,,,,,,5,2,1,1,1.0
201600021416,0016-11-03 13:25:00,16,11,3,13,25,60,33,1 ère Avenue,43.77292,7.20983,Plein jour,Hors agglomération,Intersection en T,Normale,Trois véhicules et plus - collisions multiples,,,,,,,,,,,1,1,3,1,5.0
201600021417,0016-12-07 06:50:00,16,12,7,6,50,60,33,1ere avenue,43.79577,7.20334,Crépuscule ou aube,Hors agglomération,Intersection en T,Normale,Deux véhicules - frontale,,,,,,,,,,,2,1,3,1,1.0
201600021418,0016-12-13 08:35:00,16,12,13,8,35,60,64,71 Route de la Baronne,43.76653,7.19786,Plein jour,Hors agglomération,Hors intersection,Normale,Deux véhicules - frontale,,,,,,,,,,,1,1,1,1,1.0
201600021419,0016-12-23 16:30:00,16,12,23,16,30,60,46,251 route de la Manda,43.75808,7.20863,Plein jour,Hors agglomération,Hors intersection,Normale,Deux véhicules - frontale,,,,,,,,,,,1,1,1,1,1.0
201600021420,0016-02-24 11:45:00,16,2,24,11,45,380,362,,,,Plein jour,Hors agglomération,Hors intersection,Pluie légère,Autre collision,,,,,,,,,,,1,1,1,2,6.0
201600021421,0016-07-01 00:30:00,16,7,1,0,30,380,84,lezardieres,45.35103,5.5345,Nuit sans éclairage public,Hors agglomération,Hors intersection,Normale,Sans collision,,,,,,,,,,,3,1,1,1,7.0
201600021422,0016-12-16 08:45:00,16,12,16,8,45,380,84,,45.3424,5.52501,Plein jour,Hors agglomération,Hors intersection,Normale,Deux véhicules - arrière,,,,,,,,,,,1,1,1,1,2.0
201600021423,0016-04-15 10:45:00,16,4,15,10,45,380,194,,45.35552,5.44788,Plein jour,Hors agglomération,Hors intersection,Normale,Deux véhicules - côté,,,,,,,,,,,1,1,1,1,3.0
201600021424,0016-05-05 09:30:00,16,5,5,9,30,380,239,,,,Plein jour,Hors agglomération,Hors intersection,Normale,Deux véhicules - frontale,,,,,,,,,,,1,1,1,1,1.0
201600021425,0016-06-29 20:00:00,16,6,29,20,0,380,332,rue de la Republique,45.33668,5.48332,Plein jour,En agglomération,Giratoire,Normale,Deux véhicules - frontale,,,,,,,,,,,1,2,6,1,1.0
201600021426,0016-07-01 02:30:00,16,7,1,2,30,380,332,ZA les forges,,,Nuit avec éclairage allumé,En agglomération,Hors intersection,Normale,Sans collision,,,,,,,,,,,5,2,1,1,7.0
201600021427,0016-07-02 08:45:00,16,7,2,8,45,380,383,,45.36391,5.66579,Plein jour,Hors agglomération,Hors intersection,Normale,Deux véhicules - frontale,,,,,,,,,,,1,1,1,1,1.0
201600021428,0016-07-31 09:30:00,16,7,31,9,30,380,337,50 avenue Maladiere,45.34931,5.49282,Plein jour,En agglomération,Hors intersection,Normale,Deux véhicules - frontale,,,,,,,,,,,1,2,1,1,1.0
201600021429,0016-09-28 14:30:00,16,9,28,14,30,380,133,829 route de GRENOBLE,45.3565,5.59938,Plein jour,En agglomération,Hors intersection,Normale,Deux véhicules - arrière,,,,,,,,,,,1,2,1,1,2.0
201600021430,0016-11-03 06:45:00,16,11,3,6,45,380,239,781 rue s. Martin,45.33206,5.56632,Crépuscule ou aube,En agglomération,Intersection en X,Normale,Deux véhicules - côté,,,,,,,,,,,2,2,2,1,3.0
201600021431,0016-11-16 07:30:00,16,11,16,7,30,380,239,route de grenoble,45.32605,5.5835,Plein jour,En agglomération,Intersection en T,Normale,Deux véhicules - côté,,,,,,,,,,,1,2,3,1,3.0
201600021432,0016-11-19 11:45:00,16,11,19,11,45,380,270,route de la CouratiÃ¿re,,,Plein jour,En agglomération,Hors intersection,Normale,Deux véhicules - côté,,,,,,,,,,,1,2,1,1,3.0
201600021433,0016-11-21 17:45:00,16,11,21,17,45,380,337,,45.34727,5.51288,Nuit sans éclairage public,Hors agglomération,Hors intersection,Temps couvert,Deux véhicules - côté,,,,,,,,,,,3,1,1,8,3.0
201600021434,0016-11-30 18:30:00,16,11,30,18,30,380,332,,,,Nuit sans éclairage public,Hors agglomération,Hors intersection,Normale,Autre collision,,,,,,,,,,,3,1,1,1,6.0
201600021435,0016-01-23 00:15:00,16,1,23,0,15,690,283,73 rue de la Libération,,,Nuit avec éclairage allumé,En agglomération,Hors intersection,Pluie légère,Autre collision,,,,,,,,,,,5,2,1,2,6.0
201600021436,0016-02-09 17:45:00,16,2,9,17,45,690,283,route d'heyrieux,,,Crépuscule ou aube,En agglomération,Hors intersection,Pluie légère,Deux véhicules - frontale,,,,,,,,,,,2,2,1,2,1.0
201600021437,0016-05-26 08:00:00,16,5,26,8,0,690,283,avenue des Tilleuls,,,Plein jour,En agglomération,Intersection en X,Normale,Deux véhicules - frontale,,,,,,,,,,,1,2,2,1,1.0
201600021438,0016-07-23 12:30:00,16,7,23,12,30,690,283,rue de l'égalité,,,Plein jour,En agglomération,Hors intersection,Normale,Deux véhicules - côté,,,,,,,,,,,1,2,1,1,3.0
201600021439,0016-07-28 11:30:00,16,7,28,11,30,690,283,rue du 8 mai 1945,,,Plein jour,En agglomération,Hors intersection,Normale,Autre collision,,,,,,,,,,,1,2,1,1,6.0
201600021440,0016-09-30 17:30:00,16,9,30,17,30,690,283,Avenue des tilleuls,,,Plein jour,En agglomération,Hors intersection,Normale,Deux véhicules - côté,,,,,,,,,,,1,2,1,1,3.0
201600021441,0016-11-05 08:15:00,16,11,5,8,15,690,283,Rue Joseph Marie Jacquar,45.67771,4.96393,Plein jour,Hors agglomération,Hors intersection,Pluie légère,Deux véhicules - frontale,,,,,,,,,,,1,1,1,2,1.0
201600021442,0016-02-03 22:00:00,16,2,3,22,0,620,20,,50.77715,1.8937,Nuit sans éclairage public,Hors agglomération,Hors intersection,Normale,Sans collision,,,,,,,,,,,3,1,1,1,7.0
201600021443,0016-07-29 15:45:00,16,7,29,15,45,620,397,,50.87919,1.87234,Plein jour,Hors agglomération,Hors intersection,Normale,Autre collision,,,,,,,,,,,1,1,1,1,6.0
201600021444,0016-10-06 19:45:00,16,10,6,19,45,620,167,,50.77883,1.83297,Nuit sans éclairage public,Hors agglomération,Hors intersection,Normale,Autre collision,,,,,,,,,,,3,1,1,1,6.0
201600021445,0016-01-05 11:30:00,16,1,5,11,30,410,252,,47.68673,1.42262,Plein jour,Hors agglomération,Hors intersection,Normale,Sans collision,,,,,,,,,,,1,1,1,1,7.0
201600021446,0016-03-01 11:30:00,16,3,1,11,30,410,136,,47.71573,1.47868,Plein jour,Hors agglomération,Hors intersection,Normale,Autre collision,,,,,,,,,,,1,1,1,1,6.0
201600021447,0016-07-24 08:30:00,16,7,24,8,30,410,91,,47.6166,1.28816,Plein jour,Hors agglomération,Hors intersection,Normale,Sans collision,,,,,,,,,,,1,1,1,1,7.0
201600021448,0016-07-31 06:30:00,16,7,31,6,30,410,252,,47.7092,1.461,Plein jour,Hors agglomération,Hors intersection,Normale,Autre collision,,,,,,,,,,,1,1,1,1,6.0
201600021449,0016-08-25 10:45:00,16,8,25,10,45,410,252,,47.68115,1.4096,Plein jour,Hors agglomération,Hors intersection,Normale,Deux véhicules - côté,,,,,,,,,,,1,1,1,1,3.0
201600021450,0016-09-02 10:30:00,16,9,2,10,30,410,91,,47.61747,1.27327,Plein jour,Hors agglomération,Hors intersection,Normale,Autre collision,,,,,,,,,,,1,1,1,1,6.0
201600021451,0016-10-13 08:30:00,16,10,13,8,30,410,223,,47.61759,1.21685,Plein jour,Hors agglomération,Hors intersection,Normale,Autre collision,,,,,,,,,,,1,1,1,1,6.0
201600021452,0016-11-24 01:00:00,16,11,24,1,0,410,223,,47.61927,1.24677,Nuit sans éclairage public,Hors agglomération,Hors intersection,Normale,Autre collision,,,,,,,,,,,3,1,1,1,6.0
201600021453,0016-11-08 15:28:00,16,11,8,15,28,270,229,"3, CLEMENCEAU (PLACE GEO",49.07713,0.84617,Plein jour,En agglomération,Hors intersection,Normale,Autre collision,,,,,,,,,,,1,2,1,1,6.0
201600021454,0016-12-22 10:30:00,16,12,22,10,30,270,229,184 ORLEANS (RUE D'),48.99965,1.15401,Plein jour,En agglomération,Hors intersection,Normale,Deux véhicules - frontale,,,,,,,,,,,1,2,1,1,1.0
201600021455,0016-01-09 04:55:00,16,1,9,4,55,270,229,"21, CAVEE BOUDIN (RUE DE",49.01663,1.13717,Nuit avec éclairage allumé,En agglomération,Hors intersection,Normale,Autre collision,,,,,,,,,,,5,2,1,1,6.0
201600021456,0016-02-12 16:10:00,16,2,12,16,10,270,229,"0, GAMBETTA (BOULEVARD)",49.01866,1.14337,Plein jour,En agglomération,Intersection en T,Normale,Deux véhicules - côté,,,,,,,,,,,1,2,3,1,3.0
201600021457,0016-02-17 21:10:00,16,2,17,21,10,270,229,"0, CHURCHILL (AVENUE WIN",49.02009,1.15949,Nuit avec éclairage allumé,En agglomération,Intersection en X,Normale,Deux véhicules - frontale,,,,,,,,,,,5,2,2,1,1.0
201600021458,0016-02-29 09:00:00,16,2,29,9,0,270,229,"2, SEMARD (RUE PIERRE)",49.01821,1.15652,Plein jour,En agglomération,Hors intersection,Normale,Deux véhicules - frontale,,,,,,,,,,,1,2,1,1,1.0
201600021459,0016-02-29 15:25:00,16,2,29,15,25,270,299,"33 TER, BRIAND (AVENUE A",49.04082,1.15881,Plein jour,En agglomération,Hors intersection,Normale,Deux véhicules - frontale,,,,,,,,,,,1,2,1,1,1.0
201600021460,0016-03-04 10:25:00,16,3,4,10,25,270,229,FAUVILLE (RUE DE),49.02887,1.18773,Plein jour,En agglomération,Hors intersection,Normale,Deux véhicules - côté,,,,,,,,,,,1,2,1,1,3.0
201600021461,0016-03-15 19:35:00,16,3,15,19,35,270,299,"67, BRIAND (AVENUE ARIST",49.04274,1.1598,Crépuscule ou aube,En agglomération,Hors intersection,Normale,Autre collision,,,,,,,,,,,2,2,1,1,6.0
201600021462,0016-03-25 08:10:00,16,3,25,8,10,270,229,"34, RUGBY (RUE DE)",49.00834,1.15915,Plein jour,En agglomération,Hors intersection,Normale,Autre collision,,,,,,,,,,,1,2,1,1,6.0
201600021463,0016-03-27 00:10:00,16,3,27,0,10,270,299,"31, BRIAND (AVENUE ARIST",49.03977,1.15818,Nuit avec éclairage allumé,En agglomération,Hors intersection,Normale,Deux véhicules - côté,,,,,,,,,,,5,2,1,1,3.0
201600021464,0016-03-30 18:50:00,16,3,30,18,50,270,299,"50, BRIAND (AVENUE ARIST",49.04602,1.1617,Crépuscule ou aube,En agglomération,Intersection en T,Normale,Deux véhicules - arrière,,,,,,,,,,,2,2,3,1,2.0
201600021465,0016-04-04 07:25:00,16,4,4,7,25,270,299,RN 154,49.05326,1.17735,Plein jour,Hors agglomération,Hors intersection,Normale,Deux véhicules - frontale,,,,,,,,,,,1,1,1,1,1.0
201600021466,0016-04-09 06:30:00,16,4,9,6,30,270,229,"46, BERNARD (RUE GEORGES",49.03024,1.15524,Crépuscule ou aube,En agglomération,Hors intersection,Normale,Deux véhicules - frontale,,,,,,,,,,,2,2,1,1,1.0
201600021467,0016-04-19 14:40:00,16,4,19,14,40,270,299,RN 154,49.05691,1.17469,Plein jour,Hors agglomération,Hors intersection,Normale,Deux véhicules - arrière,,,,,,,,,,,1,1,1,1,2.0
201600021468,0016-05-27 17:20:00,16,5,27,17,20,270,229,NATIONALE 13 (ROUTE),49.01712,1.15987,Plein jour,En agglomération,Hors intersection,Normale,Deux véhicules - arrière,,,,,,,,,,,1,2,1,1,2.0
201600021469,0016-06-10 19:35:00,16,6,10,19,35,270,229,"0, NORMANDIE (BOULEVARD",49.02166,1.13761,Plein jour,En agglomération,Intersection en X,Normale,Deux véhicules - côté,,,,,,,,,,,1,2,2,1,3.0
201600021470,0016-06-17 15:10:00,16,6,17,15,10,270,229,voie lakanal,49.00366,1.14847,Plein jour,En agglomération,Intersection en X,Normale,Autre collision,,,,,,,,,,,1,2,2,1,6.0
201600021471,0016-06-24 16:40:00,16,6,24,16,40,270,31,"0, AVIRON (COTE D')",49.05216,1.13421,Plein jour,En agglomération,Intersection en X,Normale,Deux véhicules - côté,,,,,,,,,,,1,2,2,1,3.0
201600021472,0016-06-25 10:55:00,16,6,25,10,55,270,229,"1, NORMANDIE (BOULEVARD",49.01953,1.13895,Plein jour,Hors agglomération,Intersection en X,Normale,Deux véhicules - côté,,,,,,,,,,,1,1,2,1,3.0
201600021473,0016-06-29 20:54:00,16,6,29,20,54,270,229,"20, ROCHETTE (RUE DE LA)",49.02684,1.14086,Plein jour,En agglomération,Hors intersection,Pluie légère,Autre collision,,,,,,,,,,,1,2,1,2,6.0
201600021474,0016-06-30 22:25:00,16,6,30,22,25,270,229,"65, GAMBETTA (BOULEVARD)",49.01921,1.15182,Crépuscule ou aube,En agglomération,Intersection en T,Normale,Deux véhicules - côté,,,,,,,,,,,2,2,3,1,3.0
201600021475,0016-07-06 17:25:00,16,7,6,17,25,270,229,QUATORZE JUILLET (BOULEV,49.01158,1.16808,Plein jour,En agglomération,Intersection en X,Normale,Autre collision,,,,,,,,,,,1,2,2,1,6.0
201600021476,0016-07-09 15:15:00,16,7,9,15,15,270,299,BRIAND (AVENUE ARISTIDE),49.04983,1.16425,Plein jour,En agglomération,Intersection en T,Normale,Deux véhicules - côté,,,,,,,,,,,1,2,3,1,3.0
201600021477,0016-07-11 12:10:00,16,7,11,12,10,270,229,NORMANDIE (BOULEVARD DE),49.01947,1.139,Plein jour,En agglomération,Intersection en X,Normale,Deux véhicules - côté,,,,,,,,,,,1,2,2,1,3.0