accident_id,datetime,annee,mois,jour,heure,minute,departement,commune_insee,adresse,latitude,longitude,luminosite,agglomeration,intersection,meteo,collision,nb_vehicules,nb_usagers,nb_indemnes,nb_tues,nb_blesses_hosp,nb_blesses_legers,age_cond_1,age_cond_2,veh_type_cond_1,veh_type_cond_2,lum_code,agg_code,int_code,atm_code,col_code
201600021478,0016-09-22 16:20:00,16,9,22,16,20,270,229,2 rue jules ferry,49.02884,1.1726,Plein jour,En agglomération,Hors intersection,Normale,Deux véhicules - arrière,,,,,,,,,,,1,2,1,1,2.0
201600021479,0016-10-24 23:25:00,16,10,24,23,25,270,229,"0, VAL ITON (RUE DU)",49.0344,1.14814,Nuit avec éclairage allumé,En agglomération,Hors intersection,Brouillard / fumée,Deux véhicules - frontale,,,,,,,,,,,5,2,1,5,1.0
201600021480,0016-09-27 14:15:00,16,9,27,14,15,270,229,MOULIN (RUE JEAN),49.01405,1.15253,Plein jour,En agglomération,Giratoire,Normale,Deux véhicules - côté,,,,,,,,,,,1,2,6,1,3.0
201600021481,0016-05-18 12:20:00,16,5,18,12,20,270,229,"23, VERNON (RUE DE)",49.03056,1.16024,Plein jour,En agglomération,Hors intersection,Normale,Deux véhicules - arrière,,,,,,,,,,,1,2,1,1,2.0
201600021482,0016-09-25 14:55:00,16,9,25,14,55,270,229,"0, QUATORZE JUILLET (BOU",49.01172,1.16839,Plein jour,En agglomération,Intersection en X,Normale,Deux véhicules - frontale,,,,,,,,,,,1,2,2,1,1.0
201600021483,0016-09-22 14:45:00,16,9,22,14,45,270,229,"17, NORMANDIE (BOULEVARD",49.01868,1.14232,Plein jour,En agglomération,Hors intersection,Normale,Deux véhicules - frontale,,,,,,,,,,,1,2,1,1,1.0
201600021484,0016-09-23 08:10:00,16,9,23,8,10,270,229,"0, LAKANAL (RUE)",49.00253,1.14778,Plein jour,En agglomération,Hors intersection,Normale,Autre collision,,,,,,,,,,,1,2,1,1,6.0
201600021485,0016-10-04 17:25:00,16,10,4,17,25,270,229,"21, CONCHES (ROUTE DE)",49.02265,1.12371,Plein jour,En agglomération,Hors intersection,Normale,Deux véhicules - frontale,,,,,,,,,,,1,2,1,1,1.0
201600021486,0016-10-14 21:40:00,16,10,14,21,40,270,229,ROUX (RUE DU DOCTEUR),49.0253,1.13856,Nuit avec éclairage allumé,En agglomération,Hors intersection,Normale,Sans collision,,,,,,,,,,,5,2,1,1,7.0
201600021487,0016-10-25 14:40:00,16,10,25,14,40,270,229,"02, MOLIERE (RUE)",49.00852,1.15934,Plein jour,En agglomération,Hors intersection,Normale,Autre collision,,,,,,,,,,,1,2,1,1,6.0
201600021488,0016-12-11 02:05:00,16,12,11,2,5,270,229,"1, NATIONALE 13 (ROUTE)",49.0155,1.17948,Nuit avec éclairage non allumé,En agglomération,Hors intersection,Temps couvert,Autre collision,,,,,,,,,,,4,2,1,8,6.0
201600021489,0016-06-28 19:00:00,16,6,28,19,0,350,353,,48.10706,-1.72672,Plein jour,Hors agglomération,Hors intersection,Normale,Deux véhicules - frontale,,,,,,,,,,,1,1,1,1,1.0
201600021490,0016-11-26 20:45:00,16,11,26,20,45,510,559,D977,49.10328,4.50167,Nuit sans éclairage public,Hors agglomération,Hors intersection,Normale,Sans collision,,,,,,,,,,,3,1,1,1,7.0
201600021491,0016-01-16 17:00:00,16,1,16,17,0,270,701,BICHES (ALLEE DES),49.27297,1.20025,Nuit avec éclairage allumé,En agglomération,Hors intersection,Normale,Sans collision,,,,,,,,,,,5,2,1,1,7.0
201600021492,0016-12-10 18:40:00,16,12,10,18,40,270,375,"1, CLEMENCEAU (BOULEVARD",49.20997,1.16709,Nuit avec éclairage allumé,En agglomération,Hors intersection,Normale,Autre collision,,,,,,,,,,,5,2,1,1,6.0
201600021493,0016-12-25 01:45:00,16,12,25,1,45,270,701,"1, CD110",49.25463,1.23702,Nuit sans éclairage public,Hors agglomération,Hors intersection,Normale,Deux véhicules - frontale,,,,,,,,,,,3,1,1,1,1.0
201600021494,0016-01-28 08:45:00,16,1,28,8,45,270,701,DE GAULLE (RUE DU GEN,49.26347,1.21155,Plein jour,En agglomération,Giratoire,Normale,Deux véhicules - côté,,,,,,,,,,,1,2,6,1,3.0
201600021495,0016-02-13 09:30:00,16,2,13,9,30,270,701,RD6015,49.23986,1.19927,Plein jour,Hors agglomération,Hors intersection,Pluie forte,Deux véhicules - frontale,,,,,,,,,,,1,1,1,3,1.0
201600021496,0016-04-23 17:25:00,16,4,23,17,25,270,701,"1.000, RD 313",49.24414,1.201,Plein jour,Hors agglomération,Hors intersection,Normale,Deux véhicules - arrière,,,,,,,,,,,1,1,1,1,2.0
201600021497,0016-04-19 05:20:00,16,4,19,5,20,270,375,"1.000, THOREL (PLACE ERN",49.21513,1.16826,Nuit avec éclairage allumé,En agglomération,Hors intersection,Normale,Deux véhicules - côté,,,,,,,,,,,5,2,1,1,3.0
201600021498,0016-06-16 17:45:00,16,6,16,17,45,270,351,DELAMARE (RUE ABBE),49.24048,1.18836,Plein jour,En agglomération,Hors intersection,Pluie légère,Sans collision,,,,,,,,,,,1,2,1,2,7.0
201600021499,0016-04-10 12:20:00,16,4,10,12,20,270,375,"1.000, HAYE MALHERBE (RO",49.21652,1.11907,Plein jour,Hors agglomération,Hors intersection,Normale,Deux véhicules - côté,,,,,,,,,,,1,1,1,1,3.0
201600021500,0016-07-23 19:55:00,16,7,23,19,55,270,375,"1.000, EVREUX (ROUTE D')",49.19755,1.16891,Plein jour,Hors agglomération,Intersection en T,Normale,Deux véhicules - frontale,,,,,,,,,,,1,1,3,1,1.0
201600021501,0016-10-09 15:25:00,16,10,9,15,25,270,701,"1, FALAISES (ROUTE DES)",49.2593,1.19761,Plein jour,En agglomération,Intersection en X,Normale,Deux véhicules - côté,,,,,,,,,,,1,2,2,1,3.0
201600021502,0016-10-11 16:10:00,16,10,11,16,10,270,701,"3, FALAISES (ROUTE DES)",49.27238,1.2194,Plein jour,En agglomération,Intersection en X,Normale,Deux véhicules - arrière,,,,,,,,,,,1,2,2,1,2.0
201600021503,0016-10-16 06:50:00,16,10,16,6,50,270,375,"1, CHURCHILL (AVENUE WIN",49.22327,1.16741,Nuit avec éclairage allumé,En agglomération,Intersection en X,Normale,Deux véhicules - arrière,,,,,,,,,,,5,2,2,1,2.0
201600021504,0016-04-03 12:45:00,16,4,3,12,45,270,701,"1, VILLAGE (CHAUSSEE DU)",49.26334,1.20794,Plein jour,En agglomération,Intersection en T,Normale,Deux véhicules - arrière,,,,,,,,,,,1,2,3,1,2.0
201600021505,0016-08-14 16:10:00,16,8,14,16,10,270,701,1 avenue des metiers,49.23828,1.1716,Plein jour,En agglomération,Hors intersection,Normale,Sans collision,,,,,,,,,,,1,2,1,1,7.0
201600021506,0016-08-13 17:50:00,16,8,13,17,50,270,701,"1, RD6015",49.23768,1.20237,Plein jour,Hors agglomération,Hors intersection,Normale,Autre collision,,,,,,,,,,,1,1,1,1,6.0
201600021507,0016-08-23 14:15:00,16,8,23,14,15,270,375,bd georges clemenceau,49.21014,1.17057,Plein jour,En agglomération,Hors intersection,Normale,Sans collision,,,,,,,,,,,1,2,1,1,7.0
201600021508,0016-10-14 06:55:00,16,10,14,6,55,270,375,"1, CLEMENCEAU (BOULEVARD",49.21016,1.16905,Nuit avec éclairage allumé,En agglomération,Intersection en T,Normale,Autre collision,,,,,,,,,,,5,2,3,1,6.0
201600021509,0016-06-21 13:10:00,16,6,21,13,10,270,375,"1, CHURCHILL (AVENUE WIN",,,Plein jour,En agglomération,Hors intersection,Pluie légère,Deux véhicules - arrière,,,,,,,,,,,1,2,1,2,2.0
201600021510,0016-09-04 10:45:00,16,9,4,10,45,20,582,,,,Plein jour,Hors agglomération,Hors intersection,Pluie légère,Autre collision,,,,,,,,,,,1,1,1,2,6.0
201600021511,0016-06-21 15:15:00,16,6,21,15,15,380,191,,,,Plein jour,Hors agglomération,Hors intersection,Normale,Autre collision,,,,,,,,,,,1,1,1,1,6.0
201600021512,0016-11-18 01:45:00,16,11,18,1,45,380,474,argentière / sassenage,45.20208,5.67702,Nuit avec éclairage allumé,En agglomération,Intersection en X,Normale,Autre collision,,,,,,,,,,,5,2,2,1,6.0
201600021513,0016-01-18 06:00:00,16,1,18,6,0,140,135,,49.2497,-0.63263,Nuit sans éclairage public,Hors agglomération,Hors intersection,Pluie légère,Deux véhicules - arrière,,,,,,,,,,,3,1,1,2,2.0
201600021514,0016-01-25 15:30:00,16,1,25,15,30,140,568,,49.2222,-0.54803,Plein jour,Hors agglomération,Hors intersection,Normale,Deux véhicules - côté,,,,,,,,,,,1,1,1,1,3.0
201600021515,0016-01-28 07:45:00,16,1,28,7,45,140,124,,49.3417,-0.98626,Plein jour,Hors agglomération,Hors intersection,Normale,Sans collision,,,,,,,,,,,1,1,1,1,7.0
201600021516,0016-05-25 01:20:00,16,5,25,1,20,140,630,,49.2497,-0.66486,Nuit sans éclairage public,Hors agglomération,Hors intersection,Normale,Autre collision,,,,,,,,,,,3,1,1,1,6.0
201600021517,0016-06-14 15:45:00,16,6,14,15,45,140,281,,49.3301,-0.8914,Plein jour,Hors agglomération,Hors intersection,Normale,Autre collision,,,,,,,,,,,1,1,1,1,6.0
201600021518,0016-07-09 20:15:00,16,7,9,20,15,140,663,D613,49.2808,-0.68572,Plein jour,En agglomération,Hors intersection,Normale,Deux véhicules - côté,,,,,,,,,,,1,2,1,1,3.0
201600021519,0016-08-13 22:15:00,16,8,13,22,15,140,609,,49.1995,-0.48286,Nuit sans éclairage public,Hors agglomération,Hors intersection,Normale,Trois véhicules et plus - en chaîne,,,,,,,,,,,3,1,1,1,4.0
201600021520,0016-09-06 17:00:00,16,9,6,17,0,140,543,,,,Plein jour,Hors agglomération,Hors intersection,Normale,Trois véhicules et plus - collisions multiples,,,,,,,,,,,1,1,1,1,5.0
201600021521,0016-12-31 10:30:00,16,12,31,10,30,140,135,,,,Plein jour,Hors agglomération,Hors intersection,Brouillard / fumée,Sans collision,,,,,,,,,,,1,1,1,5,7.0
201600021522,0016-10-16 10:40:00,16,10,16,10,40,60,37,Route départementale 12,43.74194,6.91868,Plein jour,Hors agglomération,Hors intersection,Normale,Deux véhicules - arrière,,,,,,,,,,,1,1,1,1,2.0
201600021523,0016-10-16 15:15:00,16,10,16,15,15,60,130,RD 6085,43.7058,6.82756,Plein jour,Hors agglomération,Hors intersection,Normale,Sans collision,,,,,,,,,,,1,1,1,1,7.0
201600021524,0016-11-06 14:35:00,16,11,6,14,35,60,130,RD 6085 PK 25+100,43.69495,6.85482,Plein jour,Hors agglomération,Hors intersection,Normale,Deux véhicules - frontale,,,,,,,,,,,1,1,1,1,1.0
201600021525,0016-11-18 18:45:00,16,11,18,18,45,60,95,66 avenue de boutiny,43.64237,6.88005,Plein jour,En agglomération,Hors intersection,Normale,Deux véhicules - côté,,,,,,,,,,,1,2,1,1,3.0
201600021526,0016-12-13 20:50:00,16,12,13,20,50,60,118,RD13,43.63533,6.83433,Nuit sans éclairage public,Hors agglomération,Hors intersection,Normale,Autre collision,,,,,,,,,,,3,1,1,1,6.0
201600021527,0016-01-16 10:00:00,16,1,16,10,0,60,95,73 aV docteur BELLETRUD,43.6409,6.86739,Plein jour,En agglomération,Hors intersection,Normale,Autre collision,,,,,,,,,,,1,2,1,1,6.0
201600021528,0016-01-17 09:15:00,16,1,17,9,15,60,118,,,,Plein jour,Hors agglomération,Hors intersection,Normale,Autre collision,,,,,,,,,,,1,1,1,1,6.0
201600021529,0016-02-08 09:00:00,16,2,8,9,0,60,95,03 boulevard BELLETRUD,43.63993,6.87671,Plein jour,En agglomération,Hors intersection,Normale,Autre collision,,,,,,,,,,,1,2,1,1,6.0
201600021530,0016-05-05 11:15:00,16,5,5,11,15,60,37,,,,Plein jour,Hors agglomération,Hors intersection,Normale,Sans collision,,,,,,,,,,,1,1,1,1,7.0
201600021531,0016-05-21 14:15:00,16,5,21,14,15,60,3,,,,Plein jour,Hors agglomération,Hors intersection,Normale,Deux véhicules - côté,,,,,,,,,,,1,1,1,1,3.0
201600021532,0016-05-26 15:15:00,16,5,26,15,15,60,95,23 avenue Belletrud,,,Plein jour,En agglomération,Hors intersection,Normale,Autre collision,,,,,,,,,,,1,2,1,1,6.0
201600021533,0016-05-28 14:30:00,16,5,28,14,30,60,130,,,,Plein jour,Hors agglomération,Hors intersection,Normale,Deux véhicules - frontale,,,,,,,,,,,1,1,1,1,1.0
201600021534,0016-06-27 07:30:00,16,6,27,7,30,60,140,2522 route de Draguignan,,,Plein jour,En agglomération,Hors intersection,Normale,Deux véhicules - frontale,,,,,,,,,,,1,2,1,1,1.0
201600021535,0016-07-15 16:00:00,16,7,15,16,0,60,130,,,,Plein jour,Hors agglomération,Hors intersection,Temps éblouissant,Deux véhicules - côté,,,,,,,,,,,1,1,1,7,3.0
201600021536,0016-08-15 20:15:00,16,8,15,20,15,60,95,83 avenue des termes,,,Crépuscule ou aube,En agglomération,Hors intersection,Normale,Deux véhicules - côté,,,,,,,,,,,2,2,1,1,3.0
201600021537,0016-10-03 09:00:00,16,10,3,9,0,60,118,route de St Vallier,,,Plein jour,En agglomération,Hors intersection,Normale,Deux véhicules - côté,,,,,,,,,,,1,2,1,1,3.0
201600021538,0016-03-31 12:15:00,16,3,31,12,15,390,13,,46.89238,5.73085,Plein jour,Hors agglomération,Hors intersection,Temps couvert,Deux véhicules - frontale,,,,,,,,,,,1,1,1,8,1.0
201600021539,0016-05-30 05:15:00,16,5,30,5,15,390,554,,46.80676,5.91073,Crépuscule ou aube,Hors agglomération,Hors intersection,Pluie forte,Deux véhicules - frontale,,,,,,,,,,,2,1,1,3,1.0
201600021540,0016-12-07 09:15:00,16,12,7,9,15,270,681,"57, SAINT LOUIS (RUE)",49.09105,1.47364,Plein jour,En agglomération,Hors intersection,Normale,Sans collision,,,,,,,,,,,1,2,1,1,7.0
201600021541,0016-02-03 16:45:00,16,2,3,16,45,270,681,"01, MENDES FRANCE (AVENU",49.0905,1.48427,Plein jour,En agglomération,Intersection en T,Normale,Autre collision,,,,,,,,,,,1,2,3,1,6.0
201600021542,0016-03-30 12:00:00,16,3,30,12,0,270,681,ROUEN (AVENUE DE),49.09765,1.47857,Plein jour,En agglomération,Intersection en T,Normale,Autre collision,,,,,,,,,,,1,2,3,1,6.0
201600021543,0016-04-16 04:45:00,16,4,16,4,45,270,588,ROUEN (AVENUE DE),49.12756,1.43371,Nuit avec éclairage non allumé,Hors agglomération,Hors intersection,Normale,Sans collision,,,,,,,,,,,4,1,1,1,7.0
201600021544,0016-07-08 13:10:00,16,7,8,13,10,270,681,"7, BONNARD (RUE PIERRE)",49.10055,1.48705,Plein jour,En agglomération,Hors intersection,Temps éblouissant,Deux véhicules - côté,,,,,,,,,,,1,2,1,7,3.0
201600021545,0016-07-24 03:35:00,16,7,24,3,35,270,681,MAGNY (ROUTE DE),49.09916,1.50495,Nuit sans éclairage public,Hors agglomération,Intersection en X,Normale,Deux véhicules - frontale,,,,,,,,,,,3,1,2,1,1.0
201600021546,0016-05-04 13:05:00,16,5,4,13,5,270,562,INDUSTRIE (RUE DE L'),49.10409,1.45995,Plein jour,En agglomération,Intersection en T,Normale,Deux véhicules - frontale,,,,,,,,,,,1,2,3,1,1.0
201600021547,0016-05-12 07:55:00,16,5,12,7,55,270,681,ARDECHE (AVENUE DE L'),49.08402,1.47813,Plein jour,En agglomération,Intersection en T,Normale,Deux véhicules - côté,,,,,,,,,,,1,2,3,1,3.0
201600021548,0016-06-25 18:45:00,16,6,25,18,45,270,681,VIEUX RENE (PLACE DU),49.09094,1.48445,Plein jour,En agglomération,Place,Normale,Autre collision,,,,,,,,,,,1,2,7,1,6.0
201600021549,0016-09-09 10:25:00,16,9,9,10,25,270,562,"02, ROUEN (ROUTE DE )",49.10193,1.46777,Plein jour,En agglomération,Hors intersection,Normale,Deux véhicules - arrière,,,,,,,,,,,1,2,1,1,2.0
201600021550,0016-10-12 17:20:00,16,10,12,17,20,270,554,"02, MAIRIE (RUE DELA)",49.10886,1.43575,Plein jour,En agglomération,Intersection en Y,Normale,Sans collision,,,,,,,,,,,1,2,4,1,7.0
201600021551,0016-08-03 19:15:00,16,8,3,19,15,170,407,,46.17614,-0.97102,Plein jour,Hors agglomération,Hors intersection,Normale,Sans collision,,,,,,,,,,,1,1,1,1,7.0
201600021552,0016-08-20 19:45:00,16,8,20,19,45,170,153,,46.23945,-1.10876,Plein jour,Hors agglomération,Intersection en X,Normale,Trois véhicules et plus - collisions multiples,,,,,,,,,,,1,1,2,1,5.0
201600021553,0016-11-02 06:45:00,16,11,2,6,45,170,222,,46.23554,-1.12524,Plein jour,Hors agglomération,Intersection en T,Normale,Deux véhicules - côté,,,,,,,,,,,1,1,3,1,3.0
201600021554,0016-11-19 06:15:00,16,11,19,6,15,170,142,,46.17092,-1.07338,Nuit sans éclairage public,Hors agglomération,Hors intersection,Pluie légère,Autre collision,,,,,,,,,,,3,1,1,2,6.0
201600021555,0016-01-19 16:15:00,16,1,19,16,15,250,470,,47.44712,6.61414,Plein jour,Hors agglomération,Hors intersection,Neige / grêle,Deux véhicules - côté,,,,,,,,,,,1,1,1,4,3.0
201600021556,0016-03-03 14:00:00,16,3,3,14,0,250,629,,47.39472,6.43266,Plein jour,Hors agglomération,Hors intersection,Neige / grêle,Autre collision,,,,,,,,,,,1,1,1,4,6.0
201600021557,0016-07-06 19:00:00,16,7,6,19,0,250,97,,47.52915,6.85829,Plein jour,Hors agglomération,Hors intersection,Normale,Trois véhicules et plus - collisions multiples,,,,,,,,,,,1,1,1,1,5.0
201600021558,0016-10-27 00:01:00,16,10,27,0,1,250,230,,47.513,6.841,Nuit avec éclairage allumé,Hors agglomération,Hors intersection,Normale,Deux véhicules - arrière,,,,,,,,,,,5,1,1,1,2.0
201600021559,0016-11-14 04:15:00,16,11,14,4,15,250,156,,47.40726,6.49739,Nuit sans éclairage public,Hors agglomération,Hors intersection,Normale,Deux véhicules - arrière,,,,,,,,,,,3,1,1,1,2.0
201600021560,0016-12-24 20:15:00,16,12,24,20,15,250,214,,47.43705,6.72332,Nuit sans éclairage public,Hors agglomération,Hors intersection,Pluie légère,Deux véhicules - frontale,,,,,,,,,,,3,1,1,2,1.0
201600021561,0016-01-01 22:00:00,16,1,1,22,0,910,665,rue du grand noyer,48.66381,2.27395,Nuit avec éclairage allumé,En agglomération,Intersection en T,Pluie légère,Deux véhicules - frontale,,,,,,,,,,,5,2,3,2,1.0
201600021562,0016-01-12 06:30:00,16,1,12,6,30,910,363,RD35,48.665,2.222,Nuit sans éclairage public,Hors agglomération,Hors intersection,Normale,Deux véhicules - côté,,,,,,,,,,,3,1,1,1,3.0
201600021563,0016-02-10 17:45:00,16,2,10,17,45,910,458,route de montlhery,48.657,2.246,Plein jour,En agglomération,Hors intersection,Normale,Deux véhicules - frontale,,,,,,,,,,,1,2,1,1,1.0
201600021564,0016-04-05 03:45:00,16,4,5,3,45,910,666,RD118,48.68323,2.23652,Nuit sans éclairage public,Hors agglomération,Hors intersection,Normale,Autre collision,,,,,,,,,,,3,1,1,1,6.0
201600021565,0016-03-24 12:00:00,16,3,24,12,0,910,363,rue de montlhéry,48.63982,2.24841,Plein jour,En agglomération,Hors intersection,Normale,Deux véhicules - frontale,,,,,,,,,,,1,2,1,1,1.0
201600021566,0016-04-17 08:00:00,16,4,17,8,0,910,665,RN20,48.669,2.278,Plein jour,Hors agglomération,Hors intersection,Normale,Deux véhicules - arrière,,,,,,,,,,,1,1,1,1,2.0
201600021567,0016-05-17 12:30:00,16,5,17,12,30,910,666,Avenue de l'Océanie,48.68414,2.20515,Plein jour,En agglomération,Hors intersection,Normale,Deux véhicules - arrière,,,,,,,,,,,1,2,1,1,2.0
201600021568,0016-07-13 15:00:00,16,7,13,15,0,910,665,Av de la division Lecler,48.667,2.276,Plein jour,En agglomération,Hors intersection,Normale,Deux véhicules - côté,,,,,,,,,,,1,2,1,1,3.0
201600021569,0016-08-13 17:15:00,16,8,13,17,15,910,363,RD 3,48.64339,2.1881,Plein jour,Hors agglomération,Hors intersection,Normale,Autre collision,,,,,,,,,,,1,1,1,1,6.0
201600021570,0016-07-02 14:45:00,16,7,2,14,45,760,606,,49.7779,1.72812,Plein jour,Hors agglomération,Hors intersection,Normale,Deux véhicules - côté,,,,,,,,,,,1,1,1,1,3.0
201600021571,0016-08-03 09:00:00,16,8,3,9,0,760,244,,49.71464,1.4097,Plein jour,Hors agglomération,Hors intersection,Pluie forte,Autre collision,,,,,,,,,,,1,1,1,3,6.0
201600021572,0016-12-30 21:40:00,16,12,30,21,40,760,278,,49.84379,1.54771,Nuit sans éclairage public,Hors agglomération,Hors intersection,Normale,Deux véhicules - côté,,,,,,,,,,,3,1,1,1,3.0
201600021573,0016-01-05 18:00:00,16,1,5,18,0,870,203,,45.6472,1.40761,Nuit sans éclairage public,Hors agglomération,Hors intersection,Pluie légère,Trois véhicules et plus - collisions multiples,,,,,,,,,,,3,1,1,2,5.0
201600021574,0016-01-11 11:45:00,16,1,11,11,45,870,203,,45.649,1.40583,Plein jour,Hors agglomération,Hors intersection,Neige / grêle,Autre collision,,,,,,,,,,,1,1,1,4,6.0
201600021575,0016-01-26 14:30:00,16,1,26,14,30,870,19,,45.7552,1.33262,Plein jour,Hors agglomération,Hors intersection,Normale,Autre collision,,,,,,,,,,,1,1,1,1,6.0
201600021576,0016-04-04 08:15:00,16,4,4,8,15,870,119,,45.6976,1.36281,Plein jour,Hors agglomération,Hors intersection,Normale,Deux véhicules - arrière,,,,,,,,,,,1,1,1,1,2.0
201600021577,0016-04-05 15:15:00,16,4,5,15,15,870,146,,45.5811,1.47831,Plein jour,Hors agglomération,Hors intersection,Normale,Autre collision,,,,,,,,,,,1,1,1,1,6.0
201600021578,0016-04-18 19:30:00,16,4,18,19,30,870,140,,45.907,0.98038,Crépuscule ou aube,Hors agglomération,Hors intersection,Normale,Autre collision,,,,,,,,,,,2,1,1,1,6.0
201600021579,0016-09-12 13:45:00,16,9,12,13,45,870,127,,45.5788,1.21649,Plein jour,Hors agglomération,Hors intersection,Normale,Deux véhicules - arrière,,,,,,,,,,,1,1,1,1,2.0
201600021580,0016-03-14 08:30:00,16,3,14,8,30,190,31,,45.125,1.488,Plein jour,Hors agglomération,Hors intersection,Normale,Deux véhicules - arrière,,,,,,,,,,,1,1,1,1,2.0
201600021581,0016-05-03 12:45:00,16,5,3,12,45,190,178,,45.254,1.539,Plein jour,Hors agglomération,Hors intersection,Normale,Autre collision,,,,,,,,,,,1,1,1,1,6.0
201600021582,0016-08-16 09:15:00,16,8,16,9,15,190,278,,45.169,1.455,Plein jour,Hors agglomération,Hors intersection,Normale,Sans collision,,,,,,,,,,,1,1,1,1,7.0
201600021583,0016-11-24 18:45:00,16,11,24,18,45,190,129,,,,Nuit sans éclairage public,Hors agglomération,Hors intersection,Normale,Deux véhicules - arrière,,,,,,,,,,,3,1,1,1,2.0
201600021584,0016-07-19 09:30:00,16,7,19,9,30,590,462,,,,Plein jour,Hors agglomération,Hors intersection,Normale,Deux véhicules - côté,,,,,,,,,,,1,1,1,1,3.0
201600021585,0016-09-11 09:30:00,16,9,11,9,30,590,266,,,,Plein jour,Hors agglomération,Hors intersection,Normale,Sans collision,,,,,,,,,,,1,1,1,1,7.0
201600021586,0016-10-06 17:15:00,16,10,6,17,15,590,266,,50.538,2.973,Plein jour,Hors agglomération,Hors intersection,Normale,Trois véhicules et plus - collisions multiples,,,,,,,,,,,1,1,1,1,5.0
201600021587,0016-01-09 10:30:00,16,1,9,10,30,280,220,"24, MAUNOURY (RUE PAUL)",48.42986,1.47723,Plein jour,En agglomération,Hors intersection,Temps couvert,Sans collision,,,,,,,,,,,1,2,1,8,7.0
201600021588,0016-01-21 18:50:00,16,1,21,18,50,280,209,RD 1154,48.48756,1.47053,Nuit sans éclairage public,En agglomération,Hors intersection,Pluie légère,Trois véhicules et plus - en chaîne,,,,,,,,,,,3,2,1,2,4.0
201600021589,0016-02-01 09:15:00,16,2,1,9,15,280,85,"16, SABLONS (AVENUE DES)",48.44472,1.5155,Plein jour,En agglomération,Hors intersection,Normale,Sans collision,,,,,,,,,,,1,2,1,1,7.0
201600021590,0016-01-10 04:50:00,16,1,10,4,50,280,229,"52, GAMBETTA (RUE LEON)",48.45341,1.46644,Nuit avec éclairage allumé,En agglomération,Hors intersection,Autre,Autre collision,,,,,,,,,,,5,2,1,9,6.0
201600021591,0016-02-03 18:00:00,16,2,3,18,0,280,220,"77, MAUNOURY (RUE PAUL)",48.43821,1.48102,Nuit avec éclairage allumé,En agglomération,Intersection en T,Pluie forte,Deux véhicules - frontale,,,,,,,,,,,5,2,3,3,1.0
201600021592,0016-03-17 09:25:00,16,3,17,9,25,280,229,D105,48.45717,1.45954,Plein jour,Hors agglomération,Intersection en X,Normale,Deux véhicules - côté,,,,,,,,,,,1,1,2,1,3.0
201600021593,0016-03-22 12:50:00,16,3,22,12,50,280,85,ORLEANS (AVENUE D'),48.42747,1.51546,Plein jour,Hors agglomération,Giratoire,Normale,Deux véhicules - côté,,,,,,,,,,,1,1,6,1,3.0
201600021594,0016-03-18 18:25:00,16,3,18,18,25,280,218,LECLERC (RUE DU MARECHAL,48.4381,1.47291,Plein jour,En agglomération,Intersection en T,Normale,Deux véhicules - côté,,,,,,,,,,,1,2,3,1,3.0
201600021595,0016-04-12 13:50:00,16,4,12,13,50,280,85,"9, HAYE (RUE DU DOCTEUR",48.44524,1.48142,Plein jour,En agglomération,Hors intersection,Normale,Autre collision,,,,,,,,,,,1,2,1,1,6.0
201600021596,0016-04-25 05:20:00,16,4,25,5,20,280,218,"2, LECLERC (RUE DU MAREC",48.43784,1.47276,Nuit avec éclairage allumé,En agglomération,Hors intersection,Normale,Autre collision,,,,,,,,,,,5,2,1,1,6.0
201600021597,0016-04-13 17:05:00,16,4,13,17,5,280,85,"26, ROSERAIE (ALLEE DE L",48.4582,1.48095,Plein jour,En agglomération,Hors intersection,Normale,Deux véhicules - côté,,,,,,,,,,,1,2,1,1,3.0
201600021598,0016-04-29 07:50:00,16,4,29,7,50,280,85,PARE (RUE AMBROISE),48.44764,1.5209,Plein jour,En agglomération,Intersection en X,Normale,Autre collision,,,,,,,,,,,1,2,2,1,6.0
201600021599,0016-05-07 11:05:00,16,5,7,11,5,280,85,BESNE (RUE DU MEDECIN GE,48.45576,1.51184,Plein jour,Hors agglomération,Giratoire,Normale,Sans collision,,,,,,,,,,,1,1,6,1,7.0
201600021600,0016-05-26 17:15:00,16,5,26,17,15,280,70,VARENNES (RUE DE LA),48.46493,1.51169,Plein jour,En agglomération,Intersection en T,Normale,Deux véhicules - côté,,,,,,,,,,,1,2,3,1,3.0
201600021601,0016-05-16 19:00:00,16,5,16,19,0,280,220,"38, MAUNOURY (RUE PAUL)",48.42887,1.47734,Plein jour,En agglomération,Hors intersection,Normale,Autre collision,,,,,,,,,,,1,2,1,1,6.0
201600021602,0016-06-04 19:25:00,16,6,4,19,25,280,229,"155, RESISTANCE (AVENUE",48.4528,1.45931,Plein jour,En agglomération,Hors intersection,Normale,Deux véhicules - côté,,,,,,,,,,,1,2,1,1,3.0
201600021603,0016-06-14 13:30:00,16,6,14,13,30,280,85,"23, GRAND FAUBOURG (RUE",48.44396,1.48071,Plein jour,En agglomération,Hors intersection,Normale,Autre collision,,,,,,,,,,,1,2,1,1,6.0
201600021604,0016-06-23 13:40:00,16,6,23,13,40,280,85,"42, BRIAND (RUE ARISTIDE",,,Plein jour,En agglomération,Hors intersection,Normale,Autre collision,,,,,,,,,,,1,2,1,1,6.0