accident_id,datetime,annee,mois,jour,heure,minute,departement,commune_insee,adresse,latitude,longitude,luminosite,agglomeration,intersection,meteo,collision,nb_vehicules,nb_usagers,nb_indemnes,nb_tues,nb_blesses_hosp,nb_blesses_legers,age_cond_1,age_cond_2,veh_type_cond_1,veh_type_cond_2,lum_code,agg_code,int_code,atm_code,col_code
201600021733,0016-08-08 02:30:00,16,8,8,2,30,350,152,,48.17316,-1.5683,Nuit sans éclairage public,Hors agglomération,Autre intersection,Normale,Autre collision,,,,,,,,,,,3,1,9,1,6.0
201600021734,0016-08-27 14:30:00,16,8,27,14,30,350,267,,48.40548,-1.31127,Plein jour,Hors agglomération,Hors intersection,Normale,Deux véhicules - côté,,,,,,,,,,,1,1,1,1,3.0
201600021735,0016-12-17 19:10:00,16,12,17,19,10,350,293,Autoroute A 84 PK 121.65,48.29624,-1.3663,Nuit sans éclairage public,Hors agglomération,Hors intersection,Brouillard / fumée,Trois véhicules et plus - en chaîne,,,,,,,,,,,3,1,1,5,4.0
201600021736,0016-12-23 22:30:00,16,12,23,22,30,350,152,autoroute A84,48.20711,-1.52412,Nuit sans éclairage public,Hors agglomération,Hors intersection,Brouillard / fumée,Autre collision,,,,,,,,,,,3,1,1,5,6.0
201600021737,0016-03-05 18:00:00,16,3,5,18,0,10,419,Rue de Fenières,46.223,5.969,Crépuscule ou aube,En agglomération,Intersection en X,Normale,Deux véhicules - côté,,,,,,,,,,,2,2,2,1,3.0
201600021738,0016-08-14 08:45:00,16,8,14,8,45,10,209,,,,Plein jour,Hors agglomération,Hors intersection,Normale,Trois véhicules et plus - collisions multiples,,,,,,,,,,,1,1,1,1,5.0
201600021739,0016-09-09 21:15:00,16,9,9,21,15,10,419,,46.202,5.953,Plein jour,Hors agglomération,Hors intersection,Normale,Deux véhicules - frontale,,,,,,,,,,,1,1,1,1,1.0
201600021740,0016-09-30 08:15:00,16,9,30,8,15,10,354,chemin des vignes,,,Crépuscule ou aube,En agglomération,Hors intersection,Temps éblouissant,Autre collision,,,,,,,,,,,2,2,1,7,6.0
201600021741,0016-12-09 05:30:00,16,12,9,5,30,10,354,,,,Nuit avec éclairage allumé,Hors agglomération,Giratoire,Brouillard / fumée,Deux véhicules - arrière,,,,,,,,,,,5,1,6,5,2.0
201600021742,0016-12-30 19:30:00,16,12,30,19,30,10,288,,46.1034,5.5573,Nuit sans éclairage public,Hors agglomération,Autre intersection,Normale,Autre collision,,,,,,,,,,,3,1,9,1,6.0
201600021743,0016-04-29 15:30:00,16,4,29,15,30,10,354,rue de la faucille,,,Plein jour,En agglomération,Hors intersection,Normale,Deux véhicules - frontale,,,,,,,,,,,1,2,1,1,1.0
201600021744,0016-05-08 12:45:00,16,5,8,12,45,10,143,rue de lausanne,46.36,6.14,Plein jour,En agglomération,Intersection à plus de 4 branches,Normale,Deux véhicules - côté,,,,,,,,,,,1,2,5,1,3.0
201600021745,0016-08-23 17:45:00,16,8,23,17,45,10,419,parking rue pre jacquet,,,Plein jour,En agglomération,Hors intersection,Normale,Deux véhicules - côté,,,,,,,,,,,1,2,1,1,3.0
201600021746,0016-09-01 23:30:00,16,9,1,23,30,10,419,,46.368,5.64,Nuit sans éclairage public,Hors agglomération,Hors intersection,Normale,Autre collision,,,,,,,,,,,3,1,1,1,6.0
201600021747,0016-09-04 01:15:00,16,9,4,1,15,10,209,,,,Nuit avec éclairage allumé,Hors agglomération,Hors intersection,Normale,Autre collision,,,,,,,,,,,5,1,1,1,6.0
201600021748,0016-11-12 13:30:00,16,11,12,13,30,10,360,,,,Plein jour,Hors agglomération,Autre intersection,Normale,Deux véhicules - côté,,,,,,,,,,,1,1,9,1,3.0
201600021749,0016-04-02 12:00:00,16,4,2,12,0,540,314,,49.518,5.692,Plein jour,Hors agglomération,Autre intersection,Normale,Deux véhicules - côté,,,,,,,,,,,1,1,9,1,3.0
201600021750,0016-03-17 14:45:00,16,3,17,14,45,540,314,,49.492,5.708,Plein jour,En agglomération,Hors intersection,Normale,Autre collision,,,,,,,,,,,1,2,1,1,6.0
201600021751,0016-04-06 15:30:00,16,4,6,15,30,540,428,,49.422,5.708,Plein jour,Hors agglomération,Hors intersection,Normale,Deux véhicules - côté,,,,,,,,,,,1,1,1,1,3.0
201600021752,0016-04-25 17:45:00,16,4,25,17,45,540,322,rue de Metz,49.446,5.619,Plein jour,En agglomération,Hors intersection,Pluie légère,Deux véhicules - côté,,,,,,,,,,,1,2,1,2,3.0
201600021753,0016-07-13 22:30:00,16,7,13,22,30,540,314,,,,Nuit sans éclairage public,Hors agglomération,Hors intersection,Pluie légère,Deux véhicules - côté,,,,,,,,,,,3,1,1,2,3.0
201600021754,0016-07-25 06:00:00,16,7,25,6,0,540,314,,49.516,5.725,Crépuscule ou aube,Hors agglomération,Hors intersection,Normale,Deux véhicules - côté,,,,,,,,,,,2,1,1,1,3.0
201600021755,0016-08-25 16:15:00,16,8,25,16,15,540,290,,49.455,5.794,Plein jour,Hors agglomération,Hors intersection,Normale,Deux véhicules - frontale,,,,,,,,,,,1,1,1,1,1.0
201600021756,0016-10-08 11:30:00,16,10,8,11,30,540,590,,49.465,5.61,Plein jour,Hors agglomération,Hors intersection,Normale,Autre collision,,,,,,,,,,,1,1,1,1,6.0
201600021757,0016-10-20 22:30:00,16,10,20,22,30,540,134,,49.461,5.488,Nuit sans éclairage public,Hors agglomération,Hors intersection,Pluie légère,Autre collision,,,,,,,,,,,3,1,1,2,6.0
201600021758,0016-12-22 19:15:00,16,12,22,19,15,540,137,Rue de Longwy,49.491,5.705,Nuit avec éclairage allumé,En agglomération,Hors intersection,Brouillard / fumée,Deux véhicules - frontale,,,,,,,,,,,5,2,1,5,1.0
201600021759,0016-05-08 11:15:00,16,5,8,11,15,670,437,,,,Plein jour,Hors agglomération,Hors intersection,Normale,Deux véhicules - côté,,,,,,,,,,,1,1,1,1,3.0
201600021760,0016-05-21 13:00:00,16,5,21,13,0,670,380,16 rue principale,,,Plein jour,En agglomération,Hors intersection,Normale,Deux véhicules - côté,,,,,,,,,,,1,2,1,1,3.0
201600021761,0016-10-19 16:15:00,16,10,19,16,15,670,437,Rue Saint Nicolas,,,Plein jour,En agglomération,Hors intersection,Normale,Deux véhicules - arrière,,,,,,,,,,,1,2,1,1,2.0
201600021762,0016-12-14 14:00:00,16,12,14,14,0,670,367,,,,Plein jour,Hors agglomération,Hors intersection,Temps éblouissant,Deux véhicules - frontale,,,,,,,,,,,1,1,1,7,1.0
201600021763,0016-06-05 22:45:00,16,6,5,22,45,830,48,RD 559 PK 79+500,,,Nuit sans éclairage public,En agglomération,Hors intersection,Normale,Deux véhicules - frontale,,,,,,,,,,,3,2,1,1,1.0
201600021764,0016-07-17 10:30:00,16,7,17,10,30,830,36,,,,Plein jour,Hors agglomération,Hors intersection,Normale,Deux véhicules - côté,,,,,,,,,,,1,1,1,1,3.0
201600021765,0016-07-31 09:15:00,16,7,31,9,15,830,48,2190 Chemin de Provence,43.19735,6.54922,Nuit sans éclairage public,Hors agglomération,Hors intersection,Normale,Sans collision,,,,,,,,,,,3,1,1,1,7.0
201600021766,0016-08-07 19:45:00,16,8,7,19,45,830,48,RD559 PK79+230,,,Plein jour,En agglomération,Hors intersection,Normale,Deux véhicules - frontale,,,,,,,,,,,1,2,1,1,1.0
201600021767,0016-08-12 04:45:00,16,8,12,4,45,830,48,,43.53388,6.63142,Nuit avec éclairage allumé,Hors agglomération,Hors intersection,Normale,Autre collision,,,,,,,,,,,5,1,1,1,6.0
201600021768,0016-08-17 19:45:00,16,8,17,19,45,830,48,1945 bd de St Raphael,43.20075,6.56379,Plein jour,En agglomération,Hors intersection,Normale,Deux véhicules - frontale,,,,,,,,,,,1,2,1,1,1.0
201600021769,0016-09-15 10:45:00,16,9,15,10,45,830,48,,43.192,6.588,Plein jour,Hors agglomération,Hors intersection,Normale,Deux véhicules - côté,,,,,,,,,,,1,1,1,1,3.0
201600021770,0016-04-10 10:15:00,16,4,10,10,15,670,163,,,,Plein jour,Hors agglomération,Hors intersection,Temps éblouissant,Trois véhicules et plus - collisions multiples,,,,,,,,,,,1,1,1,7,5.0
201600021771,0016-09-29 05:30:00,16,9,29,5,30,670,166,,,,Nuit sans éclairage public,Hors agglomération,Intersection en T,Normale,Deux véhicules - côté,,,,,,,,,,,3,1,3,1,3.0
201600021772,0016-01-24 07:45:00,16,1,24,7,45,350,219,,47.78388,-1.92696,Nuit sans éclairage public,Hors agglomération,Hors intersection,Normale,Sans collision,,,,,,,,,,,3,1,1,1,7.0
201600021773,0016-01-24 18:00:00,16,1,24,18,0,350,129,quai des bateliers,47.8224,-1.82298,Crépuscule ou aube,En agglomération,Hors intersection,Normale,Autre collision,,,,,,,,,,,2,2,1,1,6.0
201600021774,0016-02-06 08:00:00,16,2,6,8,0,350,45,,47.82206,-2.03482,Crépuscule ou aube,Hors agglomération,Hors intersection,Vent fort / tempête,Sans collision,,,,,,,,,,,2,1,1,6,7.0
201600021775,0016-04-13 16:30:00,16,4,13,16,30,350,285,,47.74989,-1.94988,Plein jour,Hors agglomération,Hors intersection,Normale,Deux véhicules - frontale,,,,,,,,,,,1,1,1,1,1.0
201600021776,0016-06-12 07:30:00,16,6,12,7,30,350,45,,47.79562,-2.00793,Plein jour,Hors agglomération,Hors intersection,Pluie légère,Autre collision,,,,,,,,,,,1,1,1,2,6.0
201600021777,0016-07-03 13:00:00,16,7,3,13,0,350,176,La Bas Noyal,47.77945,-1.77997,Plein jour,Hors agglomération,Hors intersection,Normale,Autre collision,,,,,,,,,,,1,1,1,1,6.0
201600021778,0016-07-15 16:00:00,16,7,15,16,0,350,219,,47.81035,-1.94674,Plein jour,En agglomération,Place,Normale,Deux véhicules - frontale,,,,,,,,,,,1,2,7,1,1.0
201600021779,0016-08-23 19:15:00,16,8,23,19,15,350,45,,47.79761,-1.99349,Plein jour,Hors agglomération,Hors intersection,Normale,Trois véhicules et plus - collisions multiples,,,,,,,,,,,1,1,1,1,5.0
201600021780,0016-09-01 20:00:00,16,9,1,20,0,350,168,,47.89669,-2.01229,Plein jour,Hors agglomération,Hors intersection,Normale,Deux véhicules - côté,,,,,,,,,,,1,1,1,1,3.0
201600021781,0016-09-20 20:45:00,16,9,20,20,45,350,289,,47.86727,-1.78958,Nuit sans éclairage public,Hors agglomération,Hors intersection,Normale,Autre collision,,,,,,,,,,,3,1,1,1,6.0
201600021782,0016-10-15 20:45:00,16,10,15,20,45,350,45,bellevue,47.79546,-2.00918,Nuit sans éclairage public,Hors agglomération,Intersection en X,Normale,Deux véhicules - côté,,,,,,,,,,,3,1,2,1,3.0
201600021783,0016-10-28 18:00:00,16,10,28,18,0,350,84,lieu-dit Lorette,47.86594,-2.06139,Plein jour,Hors agglomération,Intersection en X,Normale,Deux véhicules - côté,,,,,,,,,,,1,1,2,1,3.0
201600021784,0016-10-28 23:30:00,16,10,28,23,30,350,160,lieu-dit la pierre droit,47.94668,-2.06738,Nuit sans éclairage public,Hors agglomération,Intersection en X,Normale,Deux véhicules - côté,,,,,,,,,,,3,1,2,1,3.0
201600021785,0016-12-17 17:00:00,16,12,17,17,0,350,125,D178,47.92931,-1.23631,Crépuscule ou aube,En agglomération,Intersection en T,Brouillard / fumée,Deux véhicules - arrière,,,,,,,,,,,2,2,3,5,2.0
201600021786,0016-02-22 19:45:00,16,2,22,19,45,860,100,,,,Nuit sans éclairage public,Hors agglomération,Hors intersection,Temps couvert,Trois véhicules et plus - collisions multiples,,,,,,,,,,,3,1,1,8,5.0
201600021787,0016-11-08 19:00:00,16,11,8,19,0,860,50,,,,Nuit sans éclairage public,Hors agglomération,Hors intersection,Normale,Trois véhicules et plus - collisions multiples,,,,,,,,,,,3,1,1,1,5.0
201600021788,0016-01-02 09:30:00,16,1,2,9,30,210,214,,47.1697,4.69316,Plein jour,Hors agglomération,Hors intersection,Normale,Sans collision,,,,,,,,,,,1,1,1,1,7.0
201600021789,0016-02-03 19:30:00,16,2,3,19,30,210,30,,47.10114,4.72821,Nuit sans éclairage public,Hors agglomération,Hors intersection,Pluie légère,Autre collision,,,,,,,,,,,3,1,1,2,6.0
201600021790,0016-03-14 04:45:00,16,3,14,4,45,210,73,,47.43203,4.31191,Nuit sans éclairage public,Hors agglomération,Hors intersection,Normale,Autre collision,,,,,,,,,,,3,1,1,1,6.0
201600021791,0016-03-16 06:30:00,16,3,16,6,30,210,633,,,,Crépuscule ou aube,Hors agglomération,Hors intersection,Normale,Autre collision,,,,,,,,,,,2,1,1,1,6.0
201600021792,0016-07-06 19:15:00,16,7,6,19,15,210,214,,47.19324,4.66655,Plein jour,Hors agglomération,Hors intersection,Normale,Trois véhicules et plus - en chaîne,,,,,,,,,,,1,1,1,1,4.0
201600021793,0016-07-06 18:30:00,16,7,6,18,30,210,214,,47.19377,4.66604,Plein jour,Hors agglomération,Hors intersection,Normale,Deux véhicules - arrière,,,,,,,,,,,1,1,1,1,2.0
201600021794,0016-07-19 21:30:00,16,7,19,21,30,210,205,,47.44526,4.2931,Plein jour,Hors agglomération,Hors intersection,Normale,Sans collision,,,,,,,,,,,1,1,1,1,7.0
201600021795,0016-08-06 16:30:00,16,8,6,16,30,210,244,,47.31674,4.49523,Plein jour,Hors agglomération,Hors intersection,Normale,Autre collision,,,,,,,,,,,1,1,1,1,6.0
201600021796,0016-08-21 08:30:00,16,8,21,8,30,210,298,,,,Plein jour,Hors agglomération,Hors intersection,Normale,Deux véhicules - arrière,,,,,,,,,,,1,1,1,1,2.0
201600021797,0016-08-23 16:15:00,16,8,23,16,15,210,214,,47.18289,4.67912,Plein jour,Hors agglomération,Hors intersection,Normale,Autre collision,,,,,,,,,,,1,1,1,1,6.0
201600021798,0016-09-17 06:45:00,16,9,17,6,45,210,282,,47.473,4.21222,Nuit sans éclairage public,Hors agglomération,Hors intersection,Pluie forte,Trois véhicules et plus - en chaîne,,,,,,,,,,,3,1,1,3,4.0
201600021799,0016-10-14 11:15:00,16,10,14,11,15,210,87,AUTOROUTE A6 PK 283+950,47.11454,4.70981,Plein jour,Hors agglomération,Hors intersection,Pluie légère,Deux véhicules - arrière,,,,,,,,,,,1,1,1,2,2.0
201600021800,0016-11-13 07:50:00,16,11,13,7,50,210,244,A6 PK 256.000 LYON/PARIS,47.30345,4.50278,Plein jour,Hors agglomération,Autre intersection,Pluie légère,Autre collision,,,,,,,,,,,1,1,9,2,6.0
201600021801,0016-12-11 19:34:00,16,12,11,19,34,210,634,A6 - PK 282+500,47.14822,4.69974,Nuit sans éclairage public,Hors agglomération,Hors intersection,Autre,Autre collision,,,,,,,,,,,3,1,1,9,6.0
201600021802,0016-12-26 12:25:00,16,12,26,12,25,210,676,Autoroute A.6 sens Lyon-,47.46533,4.24221,Plein jour,Hors agglomération,Autre intersection,Temps couvert,Autre collision,,,,,,,,,,,1,1,9,8,6.0
201600021803,0016-09-30 23:00:00,16,9,30,23,0,860,120,,,,Nuit sans éclairage public,Hors agglomération,Hors intersection,Pluie légère,Autre collision,,,,,,,,,,,3,1,1,2,6.0
201600021804,0016-10-23 17:30:00,16,10,23,17,30,860,187,RD 951,46.582,0.777,Plein jour,En agglomération,Intersection en X,Normale,Deux véhicules - côté,,,,,,,,,,,1,2,2,1,3.0
201600021805,0016-09-11 23:45:00,16,9,11,23,45,10,173,,,,Nuit sans éclairage public,Hors agglomération,Hors intersection,Normale,Autre collision,,,,,,,,,,,3,1,1,1,6.0
201600021806,0016-09-28 19:00:00,16,9,28,19,0,10,103,CD984C,,,Nuit avec éclairage allumé,En agglomération,Hors intersection,Normale,Deux véhicules - côté,,,,,,,,,,,5,2,1,1,3.0
201600021807,0016-10-21 06:45:00,16,10,21,6,45,10,173,,,,Nuit sans éclairage public,Hors agglomération,Hors intersection,Pluie légère,Deux véhicules - frontale,,,,,,,,,,,3,1,1,2,1.0
201600021808,0016-06-04 17:00:00,16,6,4,17,0,120,157,RN 88 - PR 31+850,44.4027,2.7408,Plein jour,Hors agglomération,Hors intersection,Normale,Deux véhicules - frontale,,,,,,,,,,,1,1,1,1,1.0
201600021809,0016-09-04 16:30:00,16,9,4,16,30,120,96,RD 920 - PR 6+500,44.51,2.73481,Plein jour,Hors agglomération,Hors intersection,Normale,Deux véhicules - frontale,,,,,,,,,,,1,1,1,1,1.0
201600021810,0016-06-29 07:40:00,16,6,29,7,40,120,43,BARAQUE DE CEIGNAC,44.2813,2.53433,Plein jour,Hors agglomération,Intersection en T,Normale,Autre collision,,,,,,,,,,,1,1,3,1,6.0
201600021811,0016-01-03 02:30:00,16,1,3,2,30,640,61,RD 281,43.39097,-0.57955,Nuit avec éclairage allumé,Hors agglomération,Hors intersection,Normale,Sans collision,,,,,,,,,,,5,1,1,1,7.0
201600021812,0016-05-23 11:00:00,16,5,23,11,0,640,410,,43.37758,-0.60342,Plein jour,Hors agglomération,Giratoire,Normale,Deux véhicules - frontale,,,,,,,,,,,1,1,6,1,1.0
201600021813,0016-12-24 17:00:00,16,12,24,17,0,640,396,RD 817,43.43944,-0.66715,Crépuscule ou aube,Hors agglomération,Intersection en T,Pluie légère,Deux véhicules - frontale,,,,,,,,,,,2,1,3,2,1.0
201600021814,0016-12-23 18:00:00,16,12,23,18,0,680,253,,47.78307,7.50253,Nuit sans éclairage public,Hors agglomération,Giratoire,Brouillard / fumée,Autre collision,,,,,,,,,,,3,1,6,5,6.0
201600021815,0016-06-02 16:30:00,16,6,2,16,30,10,427,rue des lapidaires,45.94481,4.76191,Plein jour,En agglomération,Hors intersection,Pluie légère,Deux véhicules - frontale,,,,,,,,,,,1,2,1,2,1.0
201600021816,0016-12-06 10:30:00,16,12,6,10,30,10,194,rue Jean MONNET,45.98469,4.75681,Plein jour,En agglomération,Giratoire,Normale,Autre collision,,,,,,,,,,,1,2,6,1,6.0
201600021817,0016-12-15 19:00:00,16,12,15,19,0,290,19,EAU BLANCHE (DE 9 ET 14,48.41548,-4.46195,Plein jour,En agglomération,Intersection en X,Normale,Deux véhicules - côté,,,,,,,,,,,1,2,2,1,3.0
201600021818,0016-12-24 14:00:00,16,12,24,14,0,290,19,LE GOFFIC CHARLES,48.39655,-4.4442,Plein jour,En agglomération,Intersection en X,Normale,Deux véhicules - côté,,,,,,,,,,,1,2,2,1,3.0
201600021819,0016-01-05 18:20:00,16,1,5,18,20,290,19,"., LOSCOAT",48.42225,-4.49856,Nuit avec éclairage allumé,En agglomération,Intersection en X,Pluie forte,Deux véhicules - côté,,,,,,,,,,,5,2,2,3,3.0
201600021820,0016-01-06 12:00:00,16,1,6,12,0,290,19,"27, MIRABEAU",48.40821,-4.48668,Plein jour,En agglomération,Hors intersection,Normale,Trois véhicules et plus - en chaîne,,,,,,,,,,,1,2,1,1,4.0
201600021821,0016-01-12 18:35:00,16,1,12,18,35,290,19,"4, KERGONAN (RUE ET IMPA",48.41255,-4.46801,Nuit avec éclairage allumé,En agglomération,Hors intersection,Temps couvert,Deux véhicules - arrière,,,,,,,,,,,5,2,1,8,2.0
201600021822,0016-12-12 09:30:00,16,12,12,9,30,290,19,Rue  du CARPON,48.38999,-4.50353,Crépuscule ou aube,En agglomération,Intersection en T,Pluie légère,Deux véhicules - côté,,,,,,,,,,,2,2,3,2,3.0
201600021823,0016-01-11 08:10:00,16,1,11,8,10,290,19,"., GOUESNOU (DE 1 A 29 E",48.40452,-4.46763,Plein jour,En agglomération,Hors intersection,Normale,Autre collision,,,,,,,,,,,1,2,1,1,6.0
201600021824,0016-01-14 10:00:00,16,1,14,10,0,290,19,"., CLEMENCEAU GEORGES (D",48.39022,-4.48616,Plein jour,En agglomération,Hors intersection,Normale,Deux véhicules - arrière,,,,,,,,,,,1,2,1,1,2.0
201600021825,0016-01-12 11:40:00,16,1,12,11,40,290,19,"14, BEAUMANOIR",48.38716,-4.51396,Plein jour,En agglomération,Intersection en X,Normale,Deux véhicules - côté,,,,,,,,,,,1,2,2,1,3.0
201600021826,0016-12-07 18:20:00,16,12,7,18,20,290,19,"., TARENTE",48.40459,-4.5098,Nuit avec éclairage allumé,En agglomération,Intersection en T,Normale,Deux véhicules - frontale,,,,,,,,,,,5,2,3,1,1.0
201600021827,0016-01-21 16:35:00,16,1,21,16,35,290,19,"10, HUGO VICTOR (DE 1 A",48.39213,-4.48137,Plein jour,En agglomération,Hors intersection,Normale,Autre collision,,,,,,,,,,,1,2,1,1,6.0
201600021828,0016-12-14 11:35:00,16,12,14,11,35,290,19,Rue  ANATOLE FRANCE,48.38176,-4.52584,Plein jour,En agglomération,Hors intersection,Normale,Autre collision,,,,,,,,,,,1,2,1,1,6.0
201600021829,0016-01-18 16:40:00,16,1,18,16,40,290,19,PORTZMOGUER,48.39317,-4.49414,Plein jour,En agglomération,Hors intersection,Normale,Autre collision,,,,,,,,,,,1,2,1,1,6.0
201600021830,0016-01-16 17:15:00,16,1,16,17,15,290,19,"., COLAS ALAIN (PARTIE O",48.39009,-4.43778,Plein jour,En agglomération,Hors intersection,Normale,Sans collision,,,,,,,,,,,1,2,1,1,7.0
201600021831,0016-12-15 16:48:00,16,12,15,16,48,290,19,"80,VICTOR  EUSEN",48.3807,-4.53208,Plein jour,En agglomération,Hors intersection,Normale,Autre collision,,,,,,,,,,,1,2,1,1,6.0
201600021832,0016-01-06 18:42:00,16,1,6,18,42,290,19,"93, MONTAIGNE (DE 39 A 1",48.40364,-4.48057,Nuit avec éclairage allumé,En agglomération,Intersection en X,Pluie forte,Autre collision,,,,,,,,,,,5,2,2,3,6.0
201600021833,0016-01-30 19:30:00,16,1,30,19,30,290,19,HARTELOIRE (PONT),48.39205,-4.50362,Nuit avec éclairage allumé,Hors agglomération,Hors intersection,Normale,Trois véhicules et plus - en chaîne,,,,,,,,,,,5,1,1,1,4.0
201600021834,0016-01-21 19:45:00,16,1,21,19,45,290,19,"., PORTZMOGUER",48.39347,-4.49697,Nuit avec éclairage allumé,En agglomération,Intersection en T,Pluie légère,Deux véhicules - côté,,,,,,,,,,,5,2,3,2,3.0
201600021835,0016-01-28 21:10:00,16,1,28,21,10,290,19,NARVIK,48.38378,-4.48422,Plein jour,En agglomération,Intersection en T,Normale,Deux véhicules - frontale,,,,,,,,,,,1,2,3,1,1.0
201600021836,0016-01-30 18:50:00,16,1,30,18,50,290,19,"., CONSEIL",48.39421,-4.48187,Nuit avec éclairage allumé,En agglomération,Hors intersection,Pluie légère,Autre collision,,,,,,,,,,,5,2,1,2,6.0
201600021837,0016-01-13 09:45:00,16,1,13,9,45,290,19,"43, GALLIENI GENERAL (DE",48.38987,-4.50766,Plein jour,En agglomération,Intersection en T,Normale,Deux véhicules - côté,,,,,,,,,,,1,2,3,1,3.0
201600021838,0016-02-02 16:40:00,16,2,2,16,40,290,19,"96, ROBESPIERRE (96 ET 1",48.40717,-4.48962,Plein jour,En agglomération,Hors intersection,Normale,Autre collision,,,,,,,,,,,1,2,1,1,6.0
201600021839,0016-02-04 12:20:00,16,2,4,12,20,290,19,"2, PROFESSEUR CHRETIEN",48.40356,-4.47108,Plein jour,En agglomération,Hors intersection,Normale,Autre collision,,,,,,,,,,,1,2,1,1,6.0
201600021840,0016-01-30 16:50:00,16,1,30,16,50,290,19,"., ALSACE LORAINE",48.38133,-4.51277,Plein jour,En agglomération,Intersection en T,Pluie légère,Deux véhicules - côté,,,,,,,,,,,1,2,3,2,3.0
201600021841,0016-02-10 16:00:00,16,2,10,16,0,290,19,EUROPE (DE 13 A 15),48.41319,-4.49235,Plein jour,En agglomération,Intersection en T,Normale,Deux véhicules - arrière,,,,,,,,,,,1,2,3,1,2.0
201600021842,0016-02-07 06:35:00,16,2,7,6,35,290,19,PREMIERE DFL (AVENUE),48.378,-4.54456,Nuit avec éclairage allumé,En agglomération,Intersection en X,Pluie légère,Trois véhicules et plus - collisions multiples,,,,,,,,,,,5,2,2,2,5.0
201600021843,0016-01-14 13:45:00,16,1,14,13,45,290,19,"., CUIRASSE BRETAGNE",48.40637,-4.49635,Plein jour,En agglomération,Hors intersection,Normale,Autre collision,,,,,,,,,,,1,2,1,1,6.0
201600021844,0016-01-28 18:40:00,16,1,28,18,40,290,19,LE GORGEU (NøENTRE TAREN,48.40584,-4.50755,Nuit avec éclairage allumé,En agglomération,Hors intersection,Normale,Deux véhicules - arrière,,,,,,,,,,,5,2,1,1,2.0
201600021845,0016-01-10 18:45:00,16,1,10,18,45,290,19,"., EUROPE (DE 58 A 166 E",48.41316,-4.49591,Nuit avec éclairage allumé,En agglomération,Hors intersection,Pluie légère,Deux véhicules - arrière,,,,,,,,,,,5,2,1,2,2.0
201600021846,0016-02-03 09:15:00,16,2,3,9,15,290,19,"., BLUM LEON",48.40549,-4.48465,Plein jour,En agglomération,Hors intersection,Normale,Autre collision,,,,,,,,,,,1,2,1,1,6.0
201600021847,0016-02-10 19:30:00,16,2,10,19,30,290,19,"., PEN AR CH'LEUZ (ROND",48.41499,-4.47893,Nuit avec éclairage allumé,En agglomération,Giratoire,Normale,Deux véhicules - côté,,,,,,,,,,,5,2,6,1,3.0
201600021848,0016-02-10 17:50:00,16,2,10,17,50,290,19,ROND POINT DE KERESSEIS,48.39558,-4.53828,Plein jour,En agglomération,Hors intersection,Pluie légère,Deux véhicules - arrière,,,,,,,,,,,1,2,1,2,2.0
201600021849,0016-02-10 10:00:00,16,2,10,10,0,290,19,MALAKOFF,48.39602,-4.48329,Plein jour,En agglomération,Intersection en T,Normale,Deux véhicules - frontale,,,,,,,,,,,1,2,3,1,1.0
201600021850,0016-02-17 21:30:00,16,2,17,21,30,290,19,COLLET YVES (DE 1 A 27 E,48.38956,-4.48312,Nuit avec éclairage non allumé,En agglomération,Hors intersection,Pluie légère,Autre collision,,,,,,,,,,,4,2,1,2,6.0
201600021851,0016-02-15 09:30:00,16,2,15,9,30,290,19,LE GORGEU (Nø29 (TOTAL)+,48.40031,-4.49849,Plein jour,Hors agglomération,Hors intersection,Normale,Autre collision,,,,,,,,,,,1,1,1,1,6.0
201600021852,0016-02-24 11:15:00,16,2,24,11,15,290,19,SERUSIER PAUL,48.40146,-4.45501,Plein jour,En agglomération,Hors intersection,Pluie légère,Autre collision,,,,,,,,,,,1,2,1,2,6.0
201600021853,0016-02-25 13:20:00,16,2,25,13,20,290,19,"., EUROPE (DE 58 A 166 E",48.41318,-4.49592,Plein jour,En agglomération,Hors intersection,Normale,Trois véhicules et plus - en chaîne,,,,,,,,,,,1,2,1,1,4.0
201600021854,0016-03-04 15:30:00,16,3,4,15,30,290,19,"51, LAMOTTE PICQUET (Nø",48.39543,-4.49206,Plein jour,En agglomération,Hors intersection,Normale,Autre collision,,,,,,,,,,,1,2,1,1,6.0
201600021855,0016-03-10 15:30:00,16,3,10,15,30,290,19,"., KERLOSSOUARN (CHEMIN)",48.44632,-4.49567,Plein jour,En agglomération,Hors intersection,Normale,Deux véhicules - frontale,,,,,,,,,,,1,2,1,1,1.0
201600021856,0016-03-17 07:25:00,16,3,17,7,25,290,19,FRANCAIS LIBRES,48.38278,-4.49185,Plein jour,En agglomération,Giratoire,Normale,Deux véhicules - côté,,,,,,,,,,,1,2,6,1,3.0
201600021857,0016-03-22 08:45:00,16,3,22,8,45,290,19,"49, MOULIN JEAN (DE 11 A",48.39082,-4.49401,Plein jour,En agglomération,Intersection en T,Normale,Autre collision,,,,,,,,,,,1,2,3,1,6.0
201600021858,0016-03-08 07:40:00,16,3,8,7,40,290,19,"., LABBE VINCENT",48.42107,-4.46347,Plein jour,En agglomération,Intersection en T,Normale,Deux véhicules - frontale,,,,,,,,,,,1,2,3,1,1.0