accident_id,datetime,annee,mois,jour,heure,minute,departement,commune_insee,adresse,latitude,longitude,luminosite,agglomeration,intersection,meteo,collision,nb_vehicules,nb_usagers,nb_indemnes,nb_tues,nb_blesses_hosp,nb_blesses_legers,age_cond_1,age_cond_2,veh_type_cond_1,veh_type_cond_2,lum_code,agg_code,int_code,atm_code,col_code
201600021980,0016-03-09 16:45:00,16,3,9,16,45,290,39,PENANGUER ( RUE DE),47.9106,-3.92032,Plein jour,Hors agglomération,Hors intersection,Normale,Autre collision,,,,,,,,,,,1,1,1,1,6.0
201600021981,0016-03-12 07:30:00,16,3,12,7,30,290,39,Colguen,47.90119,-3.91054,Crépuscule ou aube,Hors agglomération,Hors intersection,Normale,Sans collision,,,,,,,,,,,2,1,1,1,7.0
201600021982,0016-03-13 16:50:00,16,3,13,16,50,290,39,"207, TREGUNC ( RUE DE )",47.86154,-3.886,Plein jour,En agglomération,Hors intersection,Normale,Trois véhicules et plus - collisions multiples,,,,,,,,,,,1,2,1,1,5.0
201600021983,0016-03-19 22:25:00,16,3,19,22,25,290,39,PRIMEVERES (RUE DES),47.88426,-3.92844,Nuit avec éclairage allumé,En agglomération,Hors intersection,Normale,Autre collision,,,,,,,,,,,5,2,1,1,6.0
201600021984,0016-03-21 18:45:00,16,3,21,18,45,290,39,TREGUNC ( RUE DE ),47.8632,-3.89564,Plein jour,Hors agglomération,Hors intersection,Normale,Deux véhicules - frontale,,,,,,,,,,,1,1,1,1,1.0
201600021985,0016-04-01 12:24:00,16,4,1,12,24,290,39,MOROS( PONT DU),47.8792,-3.90454,Plein jour,En agglomération,Hors intersection,Normale,Trois véhicules et plus - en chaîne,,,,,,,,,,,1,2,1,1,4.0
201600021986,0016-04-05 21:10:00,16,4,5,21,10,290,39,VILLENEUVE (ROND POINT D,47.89414,-3.91406,Nuit sans éclairage public,En agglomération,Giratoire,Normale,Autre collision,,,,,,,,,,,3,2,6,1,6.0
201600021987,0016-04-07 21:40:00,16,4,7,21,40,290,39,RD 783,47.87415,-3.89833,Nuit avec éclairage allumé,Hors agglomération,Intersection en X,Normale,Deux véhicules - côté,,,,,,,,,,,5,1,2,1,3.0
201600021988,0016-04-08 14:14:00,16,4,8,14,14,290,39,AIGUILLON (QUAI DE L'),47.8732,-3.9172,Plein jour,En agglomération,Hors intersection,Normale,Sans collision,,,,,,,,,,,1,2,1,1,7.0
201600021989,0016-04-21 15:28:00,16,4,21,15,28,290,39,POTEAU VERT ( RUE DU),47.8978,-3.91009,Plein jour,En agglomération,Hors intersection,Normale,Deux véhicules - arrière,,,,,,,,,,,1,2,1,1,2.0
201600021990,0016-04-24 06:10:00,16,4,24,6,10,290,39,"49, CABELLOU ( AVENUE DU",47.85935,-3.89504,Nuit sans éclairage public,En agglomération,Hors intersection,Normale,Autre collision,,,,,,,,,,,3,2,1,1,6.0
201600021991,0016-05-08 11:55:00,16,5,8,11,55,290,39,", ZINS (RUE DU)",47.89171,-3.91758,Plein jour,En agglomération,Hors intersection,Normale,Deux véhicules - côté,,,,,,,,,,,1,2,1,1,3.0
201600021992,0016-05-11 00:05:00,16,5,11,0,5,290,39,Rue de Melgven RD22,47.88117,-3.88386,Nuit sans éclairage public,Hors agglomération,Hors intersection,Normale,Sans collision,,,,,,,,,,,3,1,1,1,7.0
201600021993,0016-05-13 07:25:00,16,5,13,7,25,290,39,"3, MOROS ( RUE DU)",47.87469,-3.90644,Plein jour,En agglomération,Hors intersection,Normale,Deux véhicules - côté,,,,,,,,,,,1,2,1,1,3.0
201600021994,0016-05-13 16:30:00,16,5,13,16,30,290,39,KERIOLET ( RUE DE ),47.88771,-3.91592,Plein jour,En agglomération,Intersection en X,Normale,Deux véhicules - côté,,,,,,,,,,,1,2,2,1,3.0
201600021995,0016-05-23 10:00:00,16,5,23,10,0,290,39,YOURCENAR (RUE MARGUERIT,47.88932,-3.92628,Plein jour,En agglomération,Hors intersection,Normale,Sans collision,,,,,,,,,,,1,2,1,1,7.0
201600021996,0016-05-27 11:55:00,16,5,27,11,55,290,39,TRICHARD (RUE YVES),47.87847,-3.85402,Plein jour,Hors agglomération,Hors intersection,Normale,Autre collision,,,,,,,,,,,1,1,1,1,6.0
201600021997,0016-06-12 03:20:00,16,6,12,3,20,290,39,RD 22,47.87833,-3.88888,Nuit sans éclairage public,Hors agglomération,Hors intersection,Pluie légère,Sans collision,,,,,,,,,,,3,1,1,2,7.0
201600021998,0016-06-28 08:37:00,16,6,28,8,37,290,39,COAT CONQ ( LIEU-DIT),47.92583,-3.89388,Plein jour,Hors agglomération,Hors intersection,Normale,Deux véhicules - côté,,,,,,,,,,,1,1,1,1,3.0
201600021999,0016-07-16 04:55:00,16,7,16,4,55,290,39,RD 783 BEUZEC,47.88125,-3.90969,Nuit sans éclairage public,Hors agglomération,Hors intersection,Normale,Deux véhicules - arrière,,,,,,,,,,,3,1,1,1,2.0
201600022000,0016-07-18 10:05:00,16,7,18,10,5,290,39,D783,47.87314,-3.89796,Plein jour,Hors agglomération,Hors intersection,Normale,Trois véhicules et plus - en chaîne,,,,,,,,,,,1,1,1,1,4.0
201600022001,0016-07-18 16:55:00,16,7,18,16,55,290,39,maison blanche (rond poi,47.88844,-3.91877,Plein jour,En agglomération,Giratoire,Normale,Deux véhicules - côté,,,,,,,,,,,1,2,6,1,3.0
201600022002,0016-07-23 15:30:00,16,7,23,15,30,290,39,RD 783,47.8897,-3.91593,Plein jour,En agglomération,Hors intersection,Normale,Trois véhicules et plus - collisions multiples,,,,,,,,,,,1,2,1,1,5.0
201600022003,0016-08-08 15:45:00,16,8,8,15,45,290,39,KERGUERES (Route de),47.89881,-3.93986,Plein jour,Hors agglomération,Hors intersection,Normale,Autre collision,,,,,,,,,,,1,1,1,1,6.0
201600022004,0016-08-11 17:02:00,16,8,11,17,2,290,39,"42-44, MALAKOFF ( RUE)",47.87453,-3.9215,Plein jour,En agglomération,Autre intersection,Normale,Autre collision,,,,,,,,,,,1,2,9,1,6.0
201600022005,0016-08-12 18:10:00,16,8,12,18,10,290,39,MOROS( PONT DU),47.87941,-3.90497,Plein jour,En agglomération,Hors intersection,Normale,Deux véhicules - arrière,,,,,,,,,,,1,2,1,1,2.0
201600022006,0016-08-15 06:50:00,16,8,15,6,50,290,39,RUE DE  KERSALE,47.90772,-3.90744,Crépuscule ou aube,En agglomération,Hors intersection,Normale,Deux véhicules - côté,,,,,,,,,,,2,2,1,1,3.0
201600022007,0016-08-24 02:50:00,16,8,24,2,50,290,39,JAN (RUE ROBERT),47.87803,-3.92506,Nuit avec éclairage allumé,En agglomération,Hors intersection,Normale,Sans collision,,,,,,,,,,,5,2,1,1,7.0
201600022008,0016-09-06 12:20:00,16,9,6,12,20,290,39,COAT CONQ (ZA),47.92147,-3.90064,Plein jour,Hors agglomération,Hors intersection,Normale,Sans collision,,,,,,,,,,,1,1,1,1,7.0
201600022009,0016-09-08 15:00:00,16,9,8,15,0,290,39,PENEROFF ( QUAI),47.87013,-3.91634,Plein jour,En agglomération,Hors intersection,Normale,Autre collision,,,,,,,,,,,1,2,1,1,6.0
201600022010,0016-09-07 18:33:00,16,9,7,18,33,290,39,Giratoire RD 783,47.88574,-3.91349,Plein jour,En agglomération,Giratoire,Normale,Sans collision,,,,,,,,,,,1,2,6,1,7.0
201600022011,0016-09-19 18:15:00,16,9,19,18,15,290,39,RD 783,47.88574,-3.91349,Plein jour,Hors agglomération,Giratoire,Normale,Deux véhicules - côté,,,,,,,,,,,1,1,6,1,3.0
201600022012,0016-09-22 08:50:00,16,9,22,8,50,290,39,QUIMPER ( RUE DE),47.88915,-3.91775,Plein jour,En agglomération,Hors intersection,Normale,Autre collision,,,,,,,,,,,1,2,1,1,6.0
201600022013,0016-09-22 20:10:00,16,9,22,20,10,290,39,Coar Conq,47.92225,-3.88945,Crépuscule ou aube,Hors agglomération,Hors intersection,Normale,Deux véhicules - arrière,,,,,,,,,,,2,1,1,1,2.0
201600022014,0016-09-29 13:20:00,16,9,29,13,20,290,39,RD 783 BEUZEC,47.89512,-3.91361,Plein jour,En agglomération,Hors intersection,Pluie légère,Deux véhicules - arrière,,,,,,,,,,,1,2,1,2,2.0
201600022015,0016-10-07 08:50:00,16,10,7,8,50,290,39,maison blanche (rond poi,47.88842,-3.91874,Plein jour,En agglomération,Giratoire,Normale,Deux véhicules - côté,,,,,,,,,,,1,2,6,1,3.0
201600022016,0016-10-14 19:00:00,16,10,14,19,0,290,39,TREGUNC ( RUE DE ),47.87331,-3.90514,Plein jour,En agglomération,Hors intersection,Normale,Deux véhicules - arrière,,,,,,,,,,,1,2,1,1,2.0
201600022017,0016-10-16 05:50:00,16,10,16,5,50,290,39,"177, TREGUNC ( RUE DE )",47.8624,-3.89153,Nuit avec éclairage allumé,En agglomération,Hors intersection,Pluie légère,Autre collision,,,,,,,,,,,5,2,1,2,6.0
201600022018,0016-10-18 17:10:00,16,10,18,17,10,290,39,"35, PENANGUER ( RUE DE)",47.90902,-3.91909,Plein jour,Hors agglomération,Hors intersection,Normale,Deux véhicules - arrière,,,,,,,,,,,1,1,1,1,2.0
201600022019,0016-10-23 00:20:00,16,10,23,0,20,290,39,TREGUNC ( RUE DE ),47.86239,-3.8913,Nuit avec éclairage allumé,En agglomération,Hors intersection,Normale,Sans collision,,,,,,,,,,,5,2,1,1,7.0
201600022020,0016-11-20 04:10:00,16,11,20,4,10,290,39,"80, SABLES BLANCS (RUE D",47.88813,-3.93501,Nuit avec éclairage allumé,En agglomération,Hors intersection,Pluie légère,Sans collision,,,,,,,,,,,5,2,1,2,7.0
201600022021,0016-11-28 18:00:00,16,11,28,18,0,290,39,Le Lin,47.88138,-3.91003,Nuit avec éclairage allumé,En agglomération,Hors intersection,Normale,Deux véhicules - frontale,,,,,,,,,,,5,2,1,1,1.0
201600022022,0016-11-28 18:05:00,16,11,28,18,5,290,39,HAIE (CHEMIN DE LA),47.891,-3.88549,Crépuscule ou aube,Hors agglomération,Intersection en T,Normale,Deux véhicules - côté,,,,,,,,,,,2,1,3,1,3.0
201600022023,0016-11-30 19:20:00,16,11,30,19,20,290,39,"142, LANRIEC ( RUE DE )",47.86931,-3.89226,Nuit avec éclairage allumé,En agglomération,Hors intersection,Normale,Autre collision,,,,,,,,,,,5,2,1,1,6.0
201600022024,0016-12-02 07:35:00,16,12,2,7,35,290,39,RD 783,47.87416,-3.89829,Nuit sans éclairage public,Hors agglomération,Intersection en X,Temps couvert,Deux véhicules - frontale,,,,,,,,,,,3,1,2,8,1.0
201600022025,0016-12-02 13:00:00,16,12,2,13,0,290,39,Coat Lano,47.93699,-3.91258,Plein jour,Hors agglomération,Hors intersection,Normale,Sans collision,,,,,,,,,,,1,1,1,1,7.0
201600022026,0016-12-08 12:00:00,16,12,8,12,0,290,39,"19, CARNOT ( QUAI)",47.87492,-3.91581,Plein jour,En agglomération,Hors intersection,Temps couvert,Autre collision,,,,,,,,,,,1,2,1,8,6.0
201600022027,0016-12-13 17:10:00,16,12,13,17,10,290,39,"23, NICOLAS (AVENUE DU D",47.86952,-3.91637,Plein jour,En agglomération,Hors intersection,Normale,Autre collision,,,,,,,,,,,1,2,1,1,6.0
201600022028,0016-12-17 21:57:00,16,12,17,21,57,290,39,STANG BIHAN ( LIEU-DIT),47.89721,-3.94316,Nuit sans éclairage public,Hors agglomération,Hors intersection,Normale,Autre collision,,,,,,,,,,,3,1,1,1,6.0
201600022029,0016-12-26 16:50:00,16,12,26,16,50,290,39,VIDIE ( RUE LUCIEN),47.89074,-3.9174,Plein jour,En agglomération,Hors intersection,Normale,Deux véhicules - frontale,,,,,,,,,,,1,2,1,1,1.0
201600022030,0016-12-26 12:00:00,16,12,26,12,0,290,39,VILLENEUVE (ROND POINT D,47.8946,-3.9142,Plein jour,En agglomération,Giratoire,Normale,Deux véhicules - côté,,,,,,,,,,,1,2,6,1,3.0
201600022031,0016-12-30 18:35:00,16,12,30,18,35,290,39,"35, KERIOLET ( RUE DE )",47.8881,-3.91845,Nuit avec éclairage allumé,En agglomération,Hors intersection,Normale,Autre collision,,,,,,,,,,,5,2,1,1,6.0
201600022032,0016-01-02 08:25:00,16,1,2,8,25,290,151,AIGUILLON (RUE D'),48.57714,-3.82632,Nuit avec éclairage allumé,En agglomération,Hors intersection,Pluie forte,Autre collision,,,,,,,,,,,5,2,1,3,6.0
201600022033,0016-02-23 15:00:00,16,2,23,15,0,290,254,ROUTE NATIONALE 12,48.58963,-3.8486,Plein jour,Hors agglomération,Hors intersection,Normale,Sans collision,,,,,,,,,,,1,1,1,1,7.0
201600022034,0016-03-12 19:35:00,16,3,12,19,35,290,151,"8, AIGUILLON (RUE D')",48.57754,-3.82703,Crépuscule ou aube,En agglomération,Place,Normale,Autre collision,,,,,,,,,,,2,2,7,1,6.0
201600022035,0016-07-21 20:02:00,16,7,21,20,2,290,254,74 ST FRANCOIS,48.60098,-3.84674,Plein jour,Hors agglomération,Hors intersection,Normale,Deux véhicules - côté,,,,,,,,,,,1,1,1,1,3.0
201600022036,0016-07-30 13:30:00,16,7,30,13,30,290,254,"0, SAINT GERMAIN (ROUTE",48.58349,-3.84565,Plein jour,Hors agglomération,Hors intersection,Normale,Autre collision,,,,,,,,,,,1,1,1,1,6.0
201600022037,0016-09-24 20:35:00,16,9,24,20,35,290,151,SAINT-NICOLAS (RAMPE),48.58156,-3.82652,Nuit avec éclairage allumé,En agglomération,Hors intersection,Normale,Autre collision,,,,,,,,,,,5,2,1,1,6.0
201600022038,0016-11-10 08:50:00,16,11,10,8,50,290,254,PLOUVORN (ROUTE DE),48.58205,-3.86922,Plein jour,Hors agglomération,Hors intersection,Pluie légère,Trois véhicules et plus - en chaîne,,,,,,,,,,,1,1,1,2,4.0
201600022039,0016-01-18 13:15:00,16,1,18,13,15,520,349,,48.02209,5.09358,Plein jour,Hors agglomération,Hors intersection,Normale,Autre collision,,,,,,,,,,,1,1,1,1,6.0
201600022040,0016-02-14 08:00:00,16,2,14,8,0,520,114,,48.05575,4.95935,Plein jour,Hors agglomération,Hors intersection,Pluie légère,Autre collision,,,,,,,,,,,1,1,1,2,6.0
201600022041,0016-05-22 18:30:00,16,5,22,18,30,520,14,,47.7723,5.20378,Plein jour,Hors agglomération,Hors intersection,Pluie forte,Sans collision,,,,,,,,,,,1,1,1,3,7.0
201600022042,0016-06-29 07:30:00,16,6,29,7,30,520,27,,47.7222,5.19156,Plein jour,Hors agglomération,Hors intersection,Normale,Deux véhicules - arrière,,,,,,,,,,,1,1,1,1,2.0
201600022043,0016-07-06 16:30:00,16,7,6,16,30,520,27,,47.70818,5.18769,Plein jour,Hors agglomération,Hors intersection,Normale,Autre collision,,,,,,,,,,,1,1,1,1,6.0
201600022044,0016-08-14 04:15:00,16,8,14,4,15,520,189,,47.70546,5.18735,Nuit sans éclairage public,Hors agglomération,Hors intersection,Normale,Sans collision,,,,,,,,,,,3,1,1,1,7.0
201600022045,0016-08-15 23:15:00,16,8,15,23,15,520,59,,47.96747,5.48747,Nuit sans éclairage public,Hors agglomération,Hors intersection,Normale,Trois véhicules et plus - collisions multiples,,,,,,,,,,,3,1,1,1,5.0
201600022046,0016-09-08 07:45:00,16,9,8,7,45,520,432,,47.94759,5.33605,Plein jour,Hors agglomération,Hors intersection,Normale,Deux véhicules - frontale,,,,,,,,,,,1,1,1,1,1.0
201600022047,0016-09-15 14:30:00,16,9,15,14,30,520,399,,,,Plein jour,Hors agglomération,Hors intersection,Normale,Deux véhicules - arrière,,,,,,,,,,,1,1,1,1,2.0
201600022048,0016-10-08 16:45:00,16,10,8,16,45,520,197,,47.78556,5.62171,Plein jour,Hors agglomération,Hors intersection,Temps couvert,Sans collision,,,,,,,,,,,1,1,1,8,7.0
201600022049,0016-10-21 23:00:00,16,10,21,23,0,520,519,,47.68524,5.18093,Nuit sans éclairage public,Hors agglomération,Hors intersection,Normale,Deux véhicules - frontale,,,,,,,,,,,3,1,1,1,1.0
201600022050,0016-01-19 16:15:00,16,1,19,16,15,570,690,,,,Plein jour,En agglomération,Giratoire,Neige / grêle,Autre collision,,,,,,,,,,,1,2,6,4,6.0
201600022051,0016-05-05 05:45:00,16,5,5,5,45,570,428,GN 49.105 6.733,,,Crépuscule ou aube,Hors agglomération,Giratoire,Normale,Autre collision,,,,,,,,,,,2,1,6,1,6.0
201600022052,0016-08-25 07:45:00,16,8,25,7,45,570,690,,49.0771,6.69316,Plein jour,Hors agglomération,Giratoire,Normale,Autre collision,,,,,,,,,,,1,1,6,1,6.0
201600022053,0016-06-16 22:00:00,16,6,16,22,0,760,404,R DU GENERAL DE GAULLE,49.56783,0.25438,Crépuscule ou aube,En agglomération,Intersection en T,Normale,Deux véhicules - frontale,,,,,,,,,,,2,2,3,1,1.0
201600022054,0016-08-05 19:45:00,16,8,5,19,45,760,404,route de branmaze,49.56522,0.25598,Plein jour,En agglomération,Hors intersection,Normale,Deux véhicules - côté,,,,,,,,,,,1,2,1,1,3.0
201600022055,0016-05-18 16:15:00,16,5,18,16,15,760,238,,49.5582,0.23923,Plein jour,Hors agglomération,Hors intersection,Pluie forte,Sans collision,,,,,,,,,,,1,1,1,3,7.0
201600022056,0016-01-16 14:45:00,16,1,16,14,45,410,256,,47.30612,2.0473,Plein jour,Hors agglomération,Hors intersection,Normale,Autre collision,,,,,,,,,,,1,1,1,1,6.0
201600022057,0016-02-20 13:45:00,16,2,20,13,45,410,256,,47.27551,2.04283,Plein jour,Hors agglomération,Hors intersection,Pluie légère,Trois véhicules et plus - en chaîne,,,,,,,,,,,1,1,1,2,4.0
201600022058,0016-03-25 04:45:00,16,3,25,4,45,410,161,,47.58157,1.99535,Nuit avec éclairage allumé,Hors agglomération,Hors intersection,Pluie forte,Deux véhicules - arrière,,,,,,,,,,,5,1,1,3,2.0
201600022059,0016-08-06 05:30:00,16,8,6,5,30,410,232,,47.39846,2.03715,Nuit sans éclairage public,Hors agglomération,Hors intersection,Normale,Deux véhicules - arrière,,,,,,,,,,,3,1,1,1,2.0
201600022060,0016-08-13 06:00:00,16,8,13,6,0,410,256,,47.27907,2.04295,Crépuscule ou aube,Hors agglomération,Hors intersection,Normale,Trois véhicules et plus - en chaîne,,,,,,,,,,,2,1,1,1,4.0
201600022061,0016-08-20 05:00:00,16,8,20,5,0,410,46,,47.66013,1.93159,Nuit sans éclairage public,Hors agglomération,Hors intersection,Normale,Sans collision,,,,,,,,,,,3,1,1,1,7.0
201600022062,0016-08-28 15:15:00,16,8,28,15,15,410,161,,47.545,2.00823,Plein jour,Hors agglomération,Hors intersection,Normale,Autre collision,,,,,,,,,,,1,1,1,1,6.0
201600022063,0016-12-25 17:15:00,16,12,25,17,15,410,46,,47.66744,1.92446,Plein jour,Hors agglomération,Hors intersection,Normale,Deux véhicules - côté,,,,,,,,,,,1,1,1,1,3.0
201600022064,0016-12-29 13:00:00,16,12,29,13,0,410,46,,47.65575,1.93455,Plein jour,Hors agglomération,Hors intersection,Normale,Sans collision,,,,,,,,,,,1,1,1,1,7.0
201600022065,0016-01-05 08:20:00,16,1,5,8,20,290,232,PEN AR STANG RUE,47.9904,-4.1035,Crépuscule ou aube,En agglomération,Intersection en X,Pluie légère,Autre collision,,,,,,,,,,,2,2,2,2,6.0
201600022066,0016-12-31 19:00:00,16,12,31,19,0,290,51,ROUTE DE CORAY,48.02425,-3.98001,Nuit sans éclairage public,Hors agglomération,Intersection en T,Normale,Deux véhicules - côté,,,,,,,,,,,3,1,3,1,3.0
201600022067,0016-12-02 09:20:00,16,12,2,9,20,290,232,MORBIHAN AVENUE DU,47.9785,-4.04816,Plein jour,Hors agglomération,Hors intersection,Autre,Sans collision,,,,,,,,,,,1,1,1,9,7.0
201600022068,0016-01-11 11:26:00,16,1,11,11,26,290,232,"69, Ch QUINQUIS",47.97657,-4.05457,Plein jour,Hors agglomération,Autre intersection,Neige / grêle,Sans collision,,,,,,,,,,,1,1,9,4,7.0
201600022069,0016-01-13 16:45:00,16,1,13,16,45,290,232,"., PRESIDENT ALLENDE BOU",47.99644,-4.0728,Plein jour,En agglomération,Hors intersection,Pluie légère,Deux véhicules - arrière,,,,,,,,,,,1,2,1,2,2.0
201600022070,0016-01-14 16:47:00,16,1,14,16,47,290,232,LUDUGRIS  ROND POINT,47.97939,-4.12251,Plein jour,En agglomération,Hors intersection,Pluie légère,Trois véhicules et plus - en chaîne,,,,,,,,,,,1,2,1,2,4.0
201600022071,0016-01-15 19:15:00,16,1,15,19,15,290,51,Ave Rouillen face école,47.9987,-4.05583,Nuit avec éclairage allumé,En agglomération,Hors intersection,Normale,Autre collision,,,,,,,,,,,5,2,1,1,6.0
201600022072,0016-01-16 16:20:00,16,1,16,16,20,290,232,"34, STANG ZU ALLEE DE",47.9637,-4.08796,Plein jour,Hors agglomération,Hors intersection,Normale,Autre collision,,,,,,,,,,,1,1,1,1,6.0
201600022073,0016-01-16 18:15:00,16,1,16,18,15,290,232,LOC' H ROUTE DU,48.01388,-4.08793,Nuit avec éclairage allumé,En agglomération,Hors intersection,Normale,Deux véhicules - arrière,,,,,,,,,,,5,2,1,1,2.0
201600022074,0016-01-21 12:46:00,16,1,21,12,46,290,232,"., ANQUETIL JACQUES RUE",48.01293,-4.075,Plein jour,En agglomération,Hors intersection,Pluie légère,Deux véhicules - frontale,,,,,,,,,,,1,2,1,2,1.0
201600022075,0016-01-25 19:44:00,16,1,25,19,44,290,232,LOC' H ROUTE DU,48.01402,-4.08781,Crépuscule ou aube,En agglomération,Hors intersection,Normale,Autre collision,,,,,,,,,,,2,2,1,1,6.0
201600022076,0016-01-26 20:40:00,16,1,26,20,40,290,232,Pont CALE SAINT JEAN,47.99214,-4.10819,Nuit avec éclairage allumé,En agglomération,Hors intersection,Normale,Autre collision,,,,,,,,,,,5,2,1,1,6.0
201600022077,0016-01-27 17:07:00,16,1,27,17,7,290,232,"50, QUAI DE L'ODET",47.99263,-4.10867,Plein jour,En agglomération,Intersection en Y,Normale,Autre collision,,,,,,,,,,,1,2,4,1,6.0
201600022078,0016-12-24 16:10:00,16,12,24,16,10,290,232,RUE DU  MOULIN VERT,48.00355,-4.11619,Plein jour,En agglomération,Intersection en T,Normale,Sans collision,,,,,,,,,,,1,2,3,1,7.0
201600022079,0016-01-20 08:30:00,16,1,20,8,30,290,232,"., CNO",48.01851,-4.10738,Plein jour,Hors agglomération,Hors intersection,Normale,Deux véhicules - côté,,,,,,,,,,,1,1,1,1,3.0
201600022080,0016-02-01 13:35:00,16,2,1,13,35,290,232,FRANCE LIBRE,47.99558,-4.12355,Plein jour,En agglomération,Hors intersection,Normale,Autre collision,,,,,,,,,,,1,2,1,1,6.0
201600022081,0016-02-01 17:25:00,16,2,1,17,25,290,232,"., DOUARNENEZ ROUTE DE",47.99873,-4.1162,Plein jour,En agglomération,Hors intersection,Normale,Autre collision,,,,,,,,,,,1,2,1,1,6.0
201600022082,0016-02-02 13:05:00,16,2,2,13,5,290,232,MANOIR RUE DU,48.0056,-4.1102,Plein jour,En agglomération,Intersection en T,Normale,Deux véhicules - côté,,,,,,,,,,,1,2,3,1,3.0
201600022083,0016-02-03 14:00:00,16,2,3,14,0,290,232,"., POULGUINAN BOULEVARD",47.9845,-4.1128,Plein jour,Hors agglomération,Intersection en T,Normale,Deux véhicules - côté,,,,,,,,,,,1,1,3,1,3.0
201600022084,0016-02-03 15:05:00,16,2,3,15,5,290,51,"., ROUTE d'ELLIANT",47.9936,-4.04629,Plein jour,Hors agglomération,Hors intersection,Normale,Deux véhicules - frontale,,,,,,,,,,,1,1,1,1,1.0
201600022085,0016-02-04 07:50:00,16,2,4,7,50,290,232,"., FRERES MAILLET BOULEV",48.00229,-4.09469,Plein jour,En agglomération,Intersection en T,Normale,Deux véhicules - côté,,,,,,,,,,,1,2,3,1,3.0
201600022086,0016-01-24 17:30:00,16,1,24,17,30,290,232,"., SAINT DENIS AVENUE",47.9959,-4.07549,Plein jour,En agglomération,Hors intersection,Normale,Deux véhicules - côté,,,,,,,,,,,1,2,1,1,3.0
201600022087,0016-01-06 17:25:00,16,1,6,17,25,290,232,LIBERATION AVENUE DE LA,47.99391,-4.09171,Nuit avec éclairage allumé,En agglomération,Intersection en Y,Pluie forte,Deux véhicules - côté,,,,,,,,,,,5,2,4,3,3.0
201600022088,0016-02-05 12:50:00,16,2,5,12,50,290,232,"., ODET QUAI DE L'",47.99257,-4.10863,Plein jour,En agglomération,Intersection en T,Normale,Deux véhicules - côté,,,,,,,,,,,1,2,3,1,3.0
201600022089,0016-02-08 12:15:00,16,2,8,12,15,290,232,"., UNIVERSITE RUE DE L'",47.98161,-4.09685,Plein jour,En agglomération,Hors intersection,Normale,Deux véhicules - arrière,,,,,,,,,,,1,2,1,1,2.0
201600022090,0016-02-09 08:37:00,16,2,9,8,37,290,232,"., JACOB MAX PONT",47.9932,-4.10594,Plein jour,En agglomération,Hors intersection,Pluie forte,Autre collision,,,,,,,,,,,1,2,1,3,6.0
201600022091,0016-02-09 23:42:00,16,2,9,23,42,290,232,LE GUENNEC LOUIS BOULEVA,47.9802,-4.0994,Nuit sans éclairage public,Hors agglomération,Hors intersection,Vent fort / tempête,Autre collision,,,,,,,,,,,3,1,1,6,6.0
201600022092,0016-02-11 11:45:00,16,2,11,11,45,290,232,"55, AMIRAL DE KERGUELEN",47.99513,-4.10096,Plein jour,En agglomération,Hors intersection,Normale,Deux véhicules - côté,,,,,,,,,,,1,2,1,1,3.0
201600022093,0016-01-29 17:15:00,16,1,29,17,15,290,232,NOMINOE  ROND POINT,47.97946,-4.07483,Plein jour,En agglomération,Giratoire,Normale,Deux véhicules - côté,,,,,,,,,,,1,2,6,1,3.0
201600022094,0016-02-24 22:24:00,16,2,24,22,24,290,232,KERNEVEZ ROND POINT,47.9994,-4.1478,Nuit sans éclairage public,Hors agglomération,Giratoire,Pluie légère,Autre collision,,,,,,,,,,,3,1,6,2,6.0
201600022095,0016-03-01 16:00:00,16,3,1,16,0,290,232,"., LE GUENNEC LOUIS BOUL",47.98081,-4.10208,Plein jour,En agglomération,Hors intersection,Pluie légère,Trois véhicules et plus - en chaîne,,,,,,,,,,,1,2,1,2,4.0
201600022096,0016-02-13 21:00:00,16,2,13,21,0,290,232,"., LOUIS LE GUENNEC",47.98167,-4.10945,Nuit sans éclairage public,En agglomération,Hors intersection,Pluie légère,Sans collision,,,,,,,,,,,3,2,1,2,7.0
201600022097,0016-03-04 21:59:00,16,3,4,21,59,290,232,"., 19 MARS 1962 RUE DU",47.98771,-4.10934,Nuit avec éclairage allumé,En agglomération,Giratoire,Pluie légère,Autre collision,,,,,,,,,,,5,2,6,2,6.0
201600022098,0016-03-07 16:13:00,16,3,7,16,13,290,232,"., FRANCE BOULEVARD DE",47.98819,-4.12823,Plein jour,En agglomération,Hors intersection,Normale,Sans collision,,,,,,,,,,,1,2,1,1,7.0
201600022099,0016-03-14 07:25:00,16,3,14,7,25,290,232,"8, GUENGAT ROUTE DE",48.00434,-4.11823,Plein jour,En agglomération,Hors intersection,Normale,Autre collision,,,,,,,,,,,1,2,1,1,6.0
201600022100,0016-03-16 12:23:00,16,3,16,12,23,290,232,"., SAINT JULIEN RUE",47.99259,-4.09036,Plein jour,En agglomération,Intersection en Y,Normale,Trois véhicules et plus - collisions multiples,,,,,,,,,,,1,2,4,1,5.0
201600022101,0016-03-25 14:40:00,16,3,25,14,40,290,232,"., FOUR A CHAUX RUE DU",47.97328,-4.11953,Plein jour,Hors agglomération,Intersection en T,Normale,Autre collision,,,,,,,,,,,1,1,3,1,6.0
201600022102,0016-03-25 14:00:00,16,3,25,14,0,290,232,LOC' H ROUTE DU,48.01351,-4.0877,Plein jour,Hors agglomération,Hors intersection,Normale,Autre collision,,,,,,,,,,,1,1,1,1,6.0