accident_id,datetime,annee,mois,jour,heure,minute,departement,commune_insee,adresse,latitude,longitude,luminosite,agglomeration,intersection,meteo,collision,nb_vehicules,nb_usagers,nb_indemnes,nb_tues,nb_blesses_hosp,nb_blesses_legers,age_cond_1,age_cond_2,veh_type_cond_1,veh_type_cond_2,lum_code,agg_code,int_code,atm_code,col_code
201600022224,0016-12-02 07:40:00,16,12,2,7,40,290,232,"., PLOGONNEC ROUTE DE",48.03555,-4.11611,Nuit sans éclairage public,Hors agglomération,Hors intersection,Autre,Sans collision,,,,,,,,,,,3,1,1,9,7.0
201600022225,0016-12-07 13:10:00,16,12,7,13,10,290,232,"., CHATEAU RUE DU",48.01774,-4.11775,Plein jour,Hors agglomération,Giratoire,Normale,Sans collision,,,,,,,,,,,1,1,6,1,7.0
201600022226,0016-12-10 08:40:00,16,12,10,8,40,290,232,"., Pont du Thtre",47.99516,-4.09779,Crépuscule ou aube,En agglomération,Hors intersection,Normale,Autre collision,,,,,,,,,,,2,2,1,1,6.0
201600022227,0016-12-09 08:25:00,16,12,9,8,25,290,232,BENODET ROUTE DE,47.94055,-4.07147,Crépuscule ou aube,Hors agglomération,Hors intersection,Temps couvert,Deux véhicules - arrière,,,,,,,,,,,2,1,1,8,2.0
201600022228,0016-12-17 19:35:00,16,12,17,19,35,290,232,"., AMIRAL DE KERGUELEN B",47.99513,-4.10067,Nuit avec éclairage allumé,En agglomération,Hors intersection,Normale,Autre collision,,,,,,,,,,,5,2,1,1,6.0
201600022229,0016-12-18 18:50:00,16,12,18,18,50,290,232,"., KERUSTUM  ROND POINT",47.97944,-4.09411,Nuit avec éclairage allumé,En agglomération,Hors intersection,Normale,Deux véhicules - côté,,,,,,,,,,,5,2,1,1,3.0
201600022230,0016-12-18 15:50:00,16,12,18,15,50,290,232,"., LEBON PHILIPPE  ROND",47.99478,-4.07325,Plein jour,En agglomération,Giratoire,Normale,Deux véhicules - côté,,,,,,,,,,,1,2,6,1,3.0
201600022231,0016-12-20 13:50:00,16,12,20,13,50,290,232,"., POULGUINAN BOULEVARD",47.98433,-4.11343,Plein jour,En agglomération,Hors intersection,Pluie légère,Deux véhicules - arrière,,,,,,,,,,,1,2,1,2,2.0
201600022232,0016-12-02 06:55:00,16,12,2,6,55,290,232,Rocade 783A,47.98141,-4.07728,Nuit sans éclairage public,Hors agglomération,Hors intersection,Autre,Autre collision,,,,,,,,,,,3,1,1,9,6.0
201600022233,0016-12-13 19:50:00,16,12,13,19,50,290,232,"., TREQUEFFELEC  ROND PO",48.00322,-4.08418,Nuit avec éclairage allumé,En agglomération,Giratoire,Normale,Sans collision,,,,,,,,,,,5,2,6,1,7.0
201600022234,0016-12-15 07:50:00,16,12,15,7,50,290,232,"., JUSTICES CHEMIN DES",47.99177,-4.11885,Nuit avec éclairage allumé,En agglomération,Hors intersection,Normale,Autre collision,,,,,,,,,,,5,2,1,1,6.0
201600022235,0016-12-27 16:15:00,16,12,27,16,15,290,232,"., NAPOLEON III RUE",47.98635,-4.07497,Plein jour,En agglomération,Hors intersection,Normale,Deux véhicules - arrière,,,,,,,,,,,1,2,1,1,2.0
201600022236,0016-09-18 13:45:00,16,9,18,13,45,570,211,,,,Plein jour,Hors agglomération,Hors intersection,Normale,Sans collision,,,,,,,,,,,1,1,1,1,7.0
201600022237,0016-09-24 12:00:00,16,9,24,12,0,540,286,,49.1956,5.86764,Plein jour,Hors agglomération,Hors intersection,Normale,Sans collision,,,,,,,,,,,1,1,1,1,7.0
201600022238,0016-10-01 08:30:00,16,10,1,8,30,570,443,,,,Plein jour,Hors agglomération,Hors intersection,Pluie légère,Autre collision,,,,,,,,,,,1,1,1,2,6.0
201600022239,0016-03-20 06:45:00,16,3,20,6,45,600,395,,49.22723,2.11797,Plein jour,Hors agglomération,Hors intersection,Normale,Deux véhicules - frontale,,,,,,,,,,,1,1,1,1,1.0
201600022240,0016-05-24 19:15:00,16,5,24,19,15,600,395,rue victor hugo,49.2335,2.13341,Plein jour,En agglomération,Hors intersection,Normale,Sans collision,,,,,,,,,,,1,2,1,1,7.0
201600022241,0016-07-06 17:30:00,16,7,6,17,30,600,12,9 rue jean jaures,49.25847,2.16392,Plein jour,En agglomération,Hors intersection,Normale,Deux véhicules - côté,,,,,,,,,,,1,2,1,1,3.0
201600022242,0016-09-08 15:45:00,16,9,8,15,45,600,395,rue de gournay,49.24486,2.12566,Plein jour,En agglomération,Hors intersection,Normale,Deux véhicules - frontale,,,,,,,,,,,1,2,1,1,1.0
201600022243,0016-10-05 20:45:00,16,10,5,20,45,600,395,,49.21321,2.13877,Nuit sans éclairage public,Hors agglomération,Hors intersection,Normale,Deux véhicules - frontale,,,,,,,,,,,3,1,1,1,1.0
201600022244,0016-10-30 14:45:00,16,10,30,14,45,600,88,,49.1937,2.18144,Plein jour,Hors agglomération,Hors intersection,Normale,Deux véhicules - frontale,,,,,,,,,,,1,1,1,1,1.0
201600022245,0016-11-14 10:00:00,16,11,14,10,0,600,395,rue Marcel Coquet,49.21965,2.13894,Plein jour,En agglomération,Hors intersection,Normale,Deux véhicules - côté,,,,,,,,,,,1,2,1,1,3.0
201600022246,0016-11-30 15:00:00,16,11,30,15,0,600,395,rue vaillant radiologue,49.23414,2.1298,Plein jour,En agglomération,Hors intersection,Temps éblouissant,Deux véhicules - frontale,,,,,,,,,,,1,2,1,7,1.0
201600022247,0016-12-18 10:45:00,16,12,18,10,45,600,395,rue marcel coquet,49.2229,2.13743,Plein jour,En agglomération,Hors intersection,Brouillard / fumée,Deux véhicules - côté,,,,,,,,,,,1,2,1,5,3.0
201600022248,0016-10-02 00:15:00,16,10,2,0,15,670,302,34 rue du zornhoff,,,Nuit sans éclairage public,En agglomération,Hors intersection,Normale,Autre collision,,,,,,,,,,,3,2,1,1,6.0
201600022249,0016-11-30 07:35:00,16,11,30,7,35,300,7,SAINT ETIENNE NORD (CHEM,44.13062,4.11324,Plein jour,En agglomération,Intersection en X,Normale,Deux véhicules - côté,,,,,,,,,,,1,2,2,1,3.0
201600022250,0016-11-19 00:15:00,16,11,19,0,15,300,7,"2, SAINT VINCENT (RUE)",44.1236,4.07779,Nuit avec éclairage allumé,En agglomération,Hors intersection,Normale,Autre collision,,,,,,,,,,,5,2,1,1,6.0
201600022251,0016-11-17 11:15:00,16,11,17,11,15,300,243,MOULIN (AVENUE J.),44.06104,4.09028,Plein jour,En agglomération,Intersection en X,Normale,Deux véhicules - côté,,,,,,,,,,,1,2,2,1,3.0
201600022252,0016-12-10 12:30:00,16,12,10,12,30,300,7,"1262, UZES (ROUTE D')",44.10988,4.11174,Plein jour,En agglomération,Hors intersection,Normale,Deux véhicules - côté,,,,,,,,,,,1,2,1,1,3.0
201600022253,0016-11-14 12:00:00,16,11,14,12,0,300,7,CHAPTAL ( QUAI MAX ),44.12604,4.07151,Plein jour,En agglomération,Hors intersection,Normale,Deux véhicules - arrière,,,,,,,,,,,1,2,1,1,2.0
201600022254,0016-12-07 13:15:00,16,12,7,13,15,300,7,UZES (ROUTE D'),44.11172,4.10827,Plein jour,En agglomération,Hors intersection,Normale,Deux véhicules - côté,,,,,,,,,,,1,2,1,1,3.0
201600022255,0016-11-18 12:10:00,16,11,18,12,10,300,7,"62, MOULIN (GRAND' RUE J",44.12137,4.07756,Plein jour,En agglomération,Hors intersection,Normale,Autre collision,,,,,,,,,,,1,2,1,1,6.0
201600022256,0016-12-06 13:15:00,16,12,6,13,15,300,7,"3, ROUPAIN (RUE JEAN)",44.14743,4.0853,Plein jour,En agglomération,Hors intersection,Normale,Autre collision,,,,,,,,,,,1,2,1,1,6.0
201600022257,0016-01-08 10:20:00,16,1,8,10,20,300,7,POMMIERS (RUE DES),44.11597,4.11001,Plein jour,En agglomération,Hors intersection,Normale,Autre collision,,,,,,,,,,,1,2,1,1,6.0
201600022258,0016-12-23 09:00:00,16,12,23,9,0,300,7,MONGE (AVENUE),44.14586,4.10107,Plein jour,En agglomération,Giratoire,Normale,Deux véhicules - côté,,,,,,,,,,,1,2,6,1,3.0
201600022259,0016-01-08 10:55:00,16,1,8,10,55,300,7,STALINGRAD (AVENUE DE),44.12439,4.08499,Plein jour,En agglomération,Hors intersection,Normale,Autre collision,,,,,,,,,,,1,2,1,1,6.0
201600022260,0016-01-08 12:15:00,16,1,8,12,15,300,7,LUMIERES (AVE DES FRERES,44.13997,4.09037,Plein jour,En agglomération,Hors intersection,Normale,Autre collision,,,,,,,,,,,1,2,1,1,6.0
201600022261,0016-01-15 09:40:00,16,1,15,9,40,300,7,SERRES (AVE OLIVIER DE),44.10733,4.09227,Plein jour,En agglomération,Hors intersection,Normale,Autre collision,,,,,,,,,,,1,2,1,1,6.0
201600022262,0016-12-31 02:55:00,16,12,31,2,55,300,7,"21, CARNOT (AVE)",44.12133,4.08338,Nuit avec éclairage allumé,En agglomération,Hors intersection,Normale,Autre collision,,,,,,,,,,,5,2,1,1,6.0
201600022263,0016-01-15 22:35:00,16,1,15,22,35,300,7,BROUZEN (PONT DE),44.13372,4.07833,Nuit avec éclairage allumé,En agglomération,Intersection en X,Normale,Deux véhicules - côté,,,,,,,,,,,5,2,2,1,3.0
201600022264,0016-12-23 16:45:00,16,12,23,16,45,300,7,"945, SPORTS (CHEMIN DES)",44.11345,4.0929,Plein jour,En agglomération,Hors intersection,Normale,Deux véhicules - frontale,,,,,,,,,,,1,2,1,1,1.0
201600022265,0016-01-19 16:30:00,16,1,19,16,30,300,7,STALINGRAD (AVENUE DE),44.12497,4.0883,Plein jour,En agglomération,Intersection en T,Normale,Deux véhicules - côté,,,,,,,,,,,1,2,3,1,3.0
201600022266,0016-12-13 18:50:00,16,12,13,18,50,300,7,MONGE (AVENUE),44.14585,4.10095,Crépuscule ou aube,En agglomération,Giratoire,Normale,Deux véhicules - côté,,,,,,,,,,,2,2,6,1,3.0
201600022267,0016-01-29 13:50:00,16,1,29,13,50,300,7,"7, DEBUSSY (RUE CLAUDE)",44.12466,4.0904,Plein jour,En agglomération,Hors intersection,Normale,Autre collision,,,,,,,,,,,1,2,1,1,6.0
201600022268,0016-12-12 15:40:00,16,12,12,15,40,300,7,"9, VERNE (RUE JULES)",44.13593,4.09962,Plein jour,En agglomération,Hors intersection,Normale,Autre collision,,,,,,,,,,,1,2,1,1,6.0
201600022269,0016-12-15 15:25:00,16,12,15,15,25,300,7,ONZE NOVEMBRE 1918 (QUAI,,,Plein jour,En agglomération,Hors intersection,Normale,Deux véhicules - côté,,,,,,,,,,,1,2,1,1,3.0
201600022270,0016-02-04 13:15:00,16,2,4,13,15,300,7,SAINT MARTIN (ROUTE DE),44.14722,4.08622,Plein jour,En agglomération,Intersection en T,Normale,Deux véhicules - côté,,,,,,,,,,,1,2,3,1,3.0
201600022271,0016-12-31 16:30:00,16,12,31,16,30,300,243,CAMPELLO (AVENUE DE),44.08123,4.07082,Plein jour,En agglomération,Intersection en X,Normale,Deux véhicules - côté,,,,,,,,,,,1,2,2,1,3.0
201600022272,0016-02-15 04:50:00,16,2,15,4,50,300,7,"277, LUQUETTE (CHEMIN DE",44.10301,4.07868,Nuit avec éclairage allumé,En agglomération,Hors intersection,Normale,Autre collision,,,,,,,,,,,5,2,1,1,6.0
201600022273,0016-12-19 16:40:00,16,12,19,16,40,300,7,CLAVIERES (AVE DE),,,Crépuscule ou aube,En agglomération,Intersection en X,Normale,Deux véhicules - côté,,,,,,,,,,,2,2,2,1,3.0
201600022274,0016-02-16 16:30:00,16,2,16,16,30,300,7,DELAUNE (RUE AUGUSTE),44.14573,4.08713,Plein jour,En agglomération,Hors intersection,Normale,Autre collision,,,,,,,,,,,1,2,1,1,6.0
201600022275,0016-12-09 18:26:00,16,12,9,18,26,300,7,HUIT MAI 1945 (QUAI DU),,,Nuit avec éclairage non allumé,En agglomération,Hors intersection,Normale,Autre collision,,,,,,,,,,,4,2,1,1,6.0
201600022276,0016-02-27 20:50:00,16,2,27,20,50,300,7,BILINA (QUAI),44.13001,4.07185,Nuit avec éclairage allumé,En agglomération,Hors intersection,Normale,Autre collision,,,,,,,,,,,5,2,1,1,6.0
201600022277,0016-12-22 15:15:00,16,12,22,15,15,300,7,VIGET (CHEMIN DU),44.1373,4.10545,Plein jour,En agglomération,Intersection en T,Normale,Deux véhicules - arrière,,,,,,,,,,,1,2,3,1,2.0
201600022278,0016-02-13 17:00:00,16,2,13,17,0,300,7,"25, QUINET (RUE EDGAR)",44.12384,4.08348,Plein jour,En agglomération,Hors intersection,Normale,Autre collision,,,,,,,,,,,1,2,1,1,6.0
201600022279,0016-12-29 22:20:00,16,12,29,22,20,300,7,"927, BAGNOLS (ROUTE DE)",44.13039,4.1153,Nuit avec éclairage allumé,En agglomération,Hors intersection,Normale,Deux véhicules - frontale,,,,,,,,,,,5,2,1,1,1.0
201600022280,0016-02-05 08:00:00,16,2,5,8,0,300,7,CARNOT (AVE),44.12143,4.08713,Crépuscule ou aube,En agglomération,Hors intersection,Normale,Autre collision,,,,,,,,,,,2,2,1,1,6.0
201600022281,0016-03-10 10:00:00,16,3,10,10,0,300,7,"277, LUQUETTE (CHEMIN DE",44.10302,4.0787,Plein jour,En agglomération,Hors intersection,Normale,Autre collision,,,,,,,,,,,1,2,1,1,6.0
201600022282,0016-03-04 21:15:00,16,3,4,21,15,300,7,TRESPEAUX (CHEMIN DE),44.11681,4.10959,Nuit avec éclairage non allumé,En agglomération,Intersection en T,Normale,Deux véhicules - côté,,,,,,,,,,,4,2,3,1,3.0
201600022283,0016-03-11 10:50:00,16,3,11,10,50,300,7,"102, ANDUZE (AVE)",44.10858,4.08106,Plein jour,En agglomération,Hors intersection,Normale,Deux véhicules - côté,,,,,,,,,,,1,2,1,1,3.0
201600022284,0016-12-17 10:30:00,16,12,17,10,30,300,243,MOULIN (AVENUE J.),44.08165,4.07777,Plein jour,En agglomération,Giratoire,Normale,Deux véhicules - côté,,,,,,,,,,,1,2,6,1,3.0
201600022285,0016-03-13 03:15:00,16,3,13,3,15,300,7,LARMINAT (AVE),,,Nuit avec éclairage allumé,En agglomération,Hors intersection,Normale,Deux véhicules - frontale,,,,,,,,,,,5,2,1,1,1.0
201600022286,0016-04-06 16:00:00,16,4,6,16,0,300,7,CARNOT (AVE),44.12147,4.08997,Plein jour,En agglomération,Hors intersection,Normale,Deux véhicules - côté,,,,,,,,,,,1,2,1,1,3.0
201600022287,0016-04-01 17:25:00,16,4,1,17,25,300,7,STALINGRAD (AVENUE DE),44.12462,4.08563,Plein jour,En agglomération,Intersection en X,Normale,Deux véhicules - arrière,,,,,,,,,,,1,2,2,1,2.0
201600022288,0016-03-30 14:10:00,16,3,30,14,10,300,7,VIALA (AVE DU COMMANDANT,44.12738,4.08194,Plein jour,En agglomération,Hors intersection,Normale,Autre collision,,,,,,,,,,,1,2,1,1,6.0
201600022289,0016-04-30 05:35:00,16,4,30,5,35,300,7,"27, RIBOT (AVE GASTON)",44.13637,4.08812,Nuit avec éclairage allumé,En agglomération,Hors intersection,Normale,Autre collision,,,,,,,,,,,5,2,1,1,6.0
201600022290,0016-04-02 19:00:00,16,4,2,19,0,300,7,PELET (RUE RAYMOND),44.12447,4.07566,Crépuscule ou aube,En agglomération,Intersection en X,Normale,Autre collision,,,,,,,,,,,2,2,2,1,6.0
201600022291,0016-04-04 16:40:00,16,4,4,16,40,300,7,GAS GARDONNET (CHEMIN DU,44.11021,4.10912,Plein jour,En agglomération,Hors intersection,Normale,Deux véhicules - côté,,,,,,,,,,,1,2,1,1,3.0
201600022292,0016-04-15 17:05:00,16,4,15,17,5,300,7,BEAUTEVILLE (RUE DE),44.1238,4.07924,Plein jour,En agglomération,Intersection en X,Normale,Autre collision,,,,,,,,,,,1,2,2,1,6.0
201600022293,0016-04-08 11:10:00,16,4,8,11,10,300,7,"397, BAGNOLS (ROUTE DE)",44.1305,4.10822,Plein jour,En agglomération,Hors intersection,Normale,Trois véhicules et plus - collisions multiples,,,,,,,,,,,1,2,1,1,5.0
201600022294,0016-06-04 18:00:00,16,6,4,18,0,300,243,"928, MOULIN (AVENUE J.)",44.07555,4.08014,Plein jour,En agglomération,Hors intersection,Normale,Deux véhicules - côté,,,,,,,,,,,1,2,1,1,3.0
201600022295,0016-06-11 15:40:00,16,6,11,15,40,300,7,PELLOUTIER (RUE FERNAND),44.11191,4.08089,Plein jour,En agglomération,Intersection en T,Normale,Deux véhicules - frontale,,,,,,,,,,,1,2,3,1,1.0
201600022296,0016-05-05 17:50:00,16,5,5,17,50,300,7,VIGET (CHEMIN DU),44.13729,4.10489,Plein jour,En agglomération,Intersection en X,Normale,Deux véhicules - côté,,,,,,,,,,,1,2,2,1,3.0
201600022297,0016-05-08 19:30:00,16,5,8,19,30,300,7,DIDEROT (AVENUE),44.13374,4.07824,Plein jour,En agglomération,Intersection en X,Normale,Deux véhicules - côté,,,,,,,,,,,1,2,2,1,3.0
201600022298,0016-06-17 12:25:00,16,6,17,12,25,300,7,DIDEROT (AVENUE),44.13363,4.07829,Plein jour,En agglomération,Intersection en X,Normale,Deux véhicules - frontale,,,,,,,,,,,1,2,2,1,1.0
201600022299,0016-06-23 21:00:00,16,6,23,21,0,300,7,"16, FERREOL (QUAI)",44.12276,4.07195,Plein jour,En agglomération,Hors intersection,Normale,Deux véhicules - frontale,,,,,,,,,,,1,2,1,1,1.0
201600022300,0016-06-19 21:30:00,16,6,19,21,30,300,7,MONGE (AVENUE),44.14944,4.09804,Crépuscule ou aube,Hors agglomération,Hors intersection,Normale,Autre collision,,,,,,,,,,,2,1,1,1,6.0
201600022301,0016-06-17 13:35:00,16,6,17,13,35,300,243,MOULIN (AVENUE J.),44.07918,4.07876,Plein jour,En agglomération,Hors intersection,Normale,Deux véhicules - arrière,,,,,,,,,,,1,2,1,1,2.0
201600022302,0016-06-22 14:40:00,16,6,22,14,40,300,7,SPORTS (CHEMIN DES),44.1176,4.08997,Plein jour,En agglomération,Intersection en X,Normale,Deux véhicules - côté,,,,,,,,,,,1,2,2,1,3.0
201600022303,0016-06-23 09:00:00,16,6,23,9,0,300,7,"533, UZES (ROUTE D')",44.11386,4.10473,Plein jour,Hors agglomération,Hors intersection,Normale,Deux véhicules - côté,,,,,,,,,,,1,1,1,1,3.0
201600022304,0016-06-25 10:05:00,16,6,25,10,5,300,7,"279, NIMES (ROUTE DE)",44.11333,4.09917,Plein jour,Hors agglomération,Hors intersection,Normale,Deux véhicules - frontale,,,,,,,,,,,1,1,1,1,1.0
201600022305,0016-06-14 16:30:00,16,6,14,16,30,300,7,LADRECHT (AVE DE),44.13764,4.08005,Plein jour,En agglomération,Hors intersection,Normale,Autre collision,,,,,,,,,,,1,2,1,1,6.0
201600022306,0016-06-30 17:15:00,16,6,30,17,15,300,7,CASSIN (RUE RENE),44.1117,4.1052,Plein jour,Hors agglomération,Hors intersection,Normale,Deux véhicules - arrière,,,,,,,,,,,1,1,1,1,2.0
201600022307,0016-07-12 13:10:00,16,7,12,13,10,300,7,CASSIN (RUE RENE),44.11188,4.10539,Plein jour,Hors agglomération,Hors intersection,Pluie légère,Trois véhicules et plus - en chaîne,,,,,,,,,,,1,1,1,2,4.0
201600022308,0016-07-04 18:45:00,16,7,4,18,45,300,7,BOISSIER DE SAUVAGE  ( Q,44.12696,4.07555,Plein jour,En agglomération,Hors intersection,Normale,Autre collision,,,,,,,,,,,1,2,1,1,6.0
201600022309,0016-07-28 18:25:00,16,7,28,18,25,300,7,COMBE JULIANE (CHEMIN DE,44.12613,4.09319,Plein jour,En agglomération,Intersection en T,Normale,Deux véhicules - côté,,,,,,,,,,,1,2,3,1,3.0
201600022310,0016-07-30 05:10:00,16,7,30,5,10,300,7,BILINA (QUAI),44.13432,4.07714,Nuit avec éclairage allumé,En agglomération,Intersection en X,Normale,Autre collision,,,,,,,,,,,5,2,2,1,6.0
201600022311,0016-07-31 17:40:00,16,7,31,17,40,300,7,CHAPTAL ( QUAI MAX ),44.12624,4.07158,Plein jour,En agglomération,Hors intersection,Normale,Autre collision,,,,,,,,,,,1,2,1,1,6.0
201600022312,0016-07-31 20:30:00,16,7,31,20,30,300,7,HOTEL DE VILLE (PLACE DE,44.1248,4.07768,Plein jour,En agglomération,Hors intersection,Normale,Autre collision,,,,,,,,,,,1,2,1,1,6.0
201600022313,0016-08-11 23:35:00,16,8,11,23,35,300,7,MARCET (RUE BAPTISTE),44.13171,4.09849,Nuit avec éclairage allumé,En agglomération,Intersection en X,Normale,Deux véhicules - frontale,,,,,,,,,,,5,2,2,1,1.0
201600022314,0016-08-12 20:45:00,16,8,12,20,45,300,7,CROUPILLAC (AVE DE),44.13796,4.10475,Crépuscule ou aube,En agglomération,Hors intersection,Normale,Deux véhicules - côté,,,,,,,,,,,2,2,1,1,3.0
201600022315,0016-08-01 11:05:00,16,8,1,11,5,300,7,ALSACE (ROUTE D'),44.13162,4.08122,Plein jour,En agglomération,Autre intersection,Normale,Sans collision,,,,,,,,,,,1,2,9,1,7.0
201600022316,0016-08-16 18:30:00,16,8,16,18,30,300,7,LARMINAT (AVE),44.12134,4.09204,Plein jour,En agglomération,Giratoire,Normale,Deux véhicules - arrière,,,,,,,,,,,1,2,6,1,2.0
201600022317,0016-09-13 09:15:00,16,9,13,9,15,300,7,"780, SILHOL (MONTEE)",44.12867,4.10175,Plein jour,En agglomération,Hors intersection,Normale,Deux véhicules - côté,,,,,,,,,,,1,2,1,1,3.0
201600022318,0016-09-07 08:35:00,16,9,7,8,35,300,7,BOISSIER DE SAUVAGE  ( Q,44.12714,4.07678,Plein jour,En agglomération,Intersection en T,Normale,Deux véhicules - côté,,,,,,,,,,,1,2,3,1,3.0
201600022319,0016-09-02 12:35:00,16,9,2,12,35,300,7,JARDINS (RUE DES),44.11753,4.08183,Plein jour,En agglomération,Intersection en X,Normale,Deux véhicules - côté,,,,,,,,,,,1,2,2,1,3.0
201600022320,0016-09-26 12:00:00,16,9,26,12,0,300,7,DEBUSSY (RUE CLAUDE),44.12508,4.09029,Plein jour,En agglomération,Intersection en X,Normale,Autre collision,,,,,,,,,,,1,2,2,1,6.0
201600022321,0016-09-20 17:55:00,16,9,20,17,55,300,7,31 bis FAUBOURG AUVERGNE,44.12957,4.07981,Plein jour,En agglomération,Hors intersection,Normale,Deux véhicules - arrière,,,,,,,,,,,1,2,1,1,2.0
201600022322,0016-09-20 18:30:00,16,9,20,18,30,300,7,"10, GUESDE (AVE JULES)",44.11993,4.08178,Plein jour,En agglomération,Hors intersection,Normale,Autre collision,,,,,,,,,,,1,2,1,1,6.0
201600022323,0016-09-24 18:00:00,16,9,24,18,0,300,7,BLUM ( RUE LEON ),44.10879,4.09814,Plein jour,En agglomération,Hors intersection,Normale,Deux véhicules - arrière,,,,,,,,,,,1,2,1,1,2.0
201600022324,0016-09-30 14:35:00,16,9,30,14,35,300,7,JUIN (AVE DU MARECHAL),44.1202,4.10892,Plein jour,En agglomération,Hors intersection,Normale,Deux véhicules - côté,,,,,,,,,,,1,2,1,1,3.0
201600022325,0016-09-16 10:20:00,16,9,16,10,20,300,7,CASSIN (RUE RENE),44.11206,4.10555,Plein jour,En agglomération,Hors intersection,Normale,Deux véhicules - frontale,,,,,,,,,,,1,2,1,1,1.0
201600022326,0016-10-08 22:45:00,16,10,8,22,45,300,243,"158, DE GAULLE (AVENUE)",44.08573,4.07737,Nuit avec éclairage allumé,En agglomération,Hors intersection,Normale,Deux véhicules - côté,,,,,,,,,,,5,2,1,1,3.0
201600022327,0016-10-12 15:25:00,16,10,12,15,25,300,7,PARC DU COLOMBIER,44.12824,4.07977,Plein jour,En agglomération,Hors intersection,Normale,Autre collision,,,,,,,,,,,1,2,1,1,6.0
201600022328,0016-11-23 17:15:00,16,11,23,17,15,300,7,"5, PROMELLES (IMPASSE DE",44.10543,4.08248,Crépuscule ou aube,En agglomération,Hors intersection,Normale,Autre collision,,,,,,,,,,,2,2,1,1,6.0
201600022329,0016-10-19 08:20:00,16,10,19,8,20,300,7,DE LATTRE DE TASSIGNY (A,44.1274,4.07937,Plein jour,En agglomération,Hors intersection,Normale,Autre collision,,,,,,,,,,,1,2,1,1,6.0
201600022330,0016-10-18 19:30:00,16,10,18,19,30,300,243,LEZAN (ROUTE DE),44.08123,4.07087,Plein jour,En agglomération,Intersection en X,Normale,Deux véhicules - côté,,,,,,,,,,,1,2,2,1,3.0
201600022331,0016-10-03 17:10:00,16,10,3,17,10,300,7,"38, STALINGRAD (AVENUE D",44.12528,4.0911,Plein jour,En agglomération,Hors intersection,Temps éblouissant,Autre collision,,,,,,,,,,,1,2,1,7,6.0
201600022332,0016-11-14 12:00:00,16,11,14,12,0,300,7,"24, MERCIER (RUE DU DOCT",44.14601,4.0823,Plein jour,En agglomération,Hors intersection,Normale,Deux véhicules - arrière,,,,,,,,,,,1,2,1,1,2.0
201600022333,0016-11-04 18:15:00,16,11,4,18,15,300,7,"45, STALINGRAD (AVENUE D",44.12506,4.09016,Nuit avec éclairage non allumé,En agglomération,Hors intersection,Pluie légère,Autre collision,,,,,,,,,,,4,2,1,2,6.0
201600022334,0016-11-11 14:30:00,16,11,11,14,30,300,7,JUIN (AVE DU MARECHAL),44.12507,4.10745,Plein jour,En agglomération,Hors intersection,Normale,Deux véhicules - arrière,,,,,,,,,,,1,2,1,1,2.0
201600022335,0016-11-12 23:15:00,16,11,12,23,15,300,7,GAGARINE (AVE YOURI),44.13139,4.09571,Nuit avec éclairage allumé,En agglomération,Giratoire,Normale,Deux véhicules - frontale,,,,,,,,,,,5,2,6,1,1.0
201600022336,0016-01-05 19:00:00,16,1,5,19,0,300,28,"1672, ROUTE DE PONT SAIN",44.18675,4.62222,Nuit sans éclairage public,Hors agglomération,Hors intersection,Normale,Trois véhicules et plus - en chaîne,,,,,,,,,,,3,1,1,1,4.0
201600022337,0016-02-02 10:25:00,16,2,2,10,25,300,28,"21, PAUL LANGEVIN (AVENU",44.16457,4.62168,Plein jour,En agglomération,Hors intersection,Normale,Autre collision,,,,,,,,,,,1,2,1,1,6.0
201600022338,0016-02-09 19:10:00,16,2,9,19,10,300,28,"1, EUROPE (AVENUE DE L')",44.16528,4.61933,Nuit avec éclairage allumé,En agglomération,Intersection en X,Pluie légère,Autre collision,,,,,,,,,,,5,2,2,2,6.0
201600022339,0016-03-05 17:00:00,16,3,5,17,0,300,28,COMPERE MOREL (ROND POIN,44.15819,4.63236,Plein jour,En agglomération,Giratoire,Normale,Deux véhicules - côté,,,,,,,,,,,1,2,6,1,3.0
201600022340,0016-02-21 07:05:00,16,2,21,7,5,300,28,"1, DAUDET (AVENUE ALPHON",44.15667,4.61401,Crépuscule ou aube,En agglomération,Hors intersection,Normale,Autre collision,,,,,,,,,,,2,2,1,1,6.0
201600022341,0016-04-01 10:30:00,16,4,1,10,30,300,28,ROUTE DE NIMES,44.13774,4.61293,Plein jour,Hors agglomération,Intersection en X,Normale,Deux véhicules - côté,,,,,,,,,,,1,1,2,1,3.0
201600022342,0016-02-19 17:00:00,16,2,19,17,0,300,28,"1, DE LATTRE DE TASSIGNY",44.16891,4.61891,Plein jour,En agglomération,Hors intersection,Normale,Autre collision,,,,,,,,,,,1,2,1,1,6.0
201600022343,0016-05-20 11:50:00,16,5,20,11,50,300,28,ROUTE DE SAINT GERVAIS,44.17819,4.61433,Plein jour,En agglomération,Hors intersection,Normale,Deux véhicules - arrière,,,,,,,,,,,1,2,1,1,2.0
201600022344,0016-06-13 15:40:00,16,6,13,15,40,300,28,"18, AURIOL (AVENUE VINCE",44.15573,4.61672,Plein jour,En agglomération,Autre intersection,Normale,Deux véhicules - frontale,,,,,,,,,,,1,2,9,1,1.0
201600022345,0016-06-25 11:10:00,16,6,25,11,10,300,28,"1, JAURES (PLACE JEAN)",44.1653,4.61932,Plein jour,En agglomération,Hors intersection,Normale,Deux véhicules - côté,,,,,,,,,,,1,2,1,1,3.0
201600022346,0016-07-31 01:10:00,16,7,31,1,10,300,28,ALPHONSE DAUDET (AVENUE),44.15903,4.61584,Nuit avec éclairage allumé,En agglomération,Hors intersection,Normale,Deux véhicules - arrière,,,,,,,,,,,5,2,1,1,2.0