accident_id,datetime,annee,mois,jour,heure,minute,departement,commune_insee,adresse,latitude,longitude,luminosite,agglomeration,intersection,meteo,collision,nb_vehicules,nb_usagers,nb_indemnes,nb_tues,nb_blesses_hosp,nb_blesses_legers,age_cond_1,age_cond_2,veh_type_cond_1,veh_type_cond_2,lum_code,agg_code,int_code,atm_code,col_code
201600022470,0016-08-04 16:35:00,16,8,4,16,35,300,189,LIBERTE (AVENUE),43.82278,4.35516,Plein jour,En agglomération,Hors intersection,Normale,Trois véhicules et plus - collisions multiples,,,,,,,,,,,1,2,1,1,5.0
201600022471,0016-08-10 23:05:00,16,8,10,23,5,300,189,KOENING GENERAL PIERRE (,43.85937,4.40086,Nuit avec éclairage allumé,En agglomération,Hors intersection,Normale,Sans collision,,,,,,,,,,,5,2,1,1,7.0
201600022472,0016-07-27 10:50:00,16,7,27,10,50,300,189,MONNET JEAN (COURS),,,Plein jour,Hors agglomération,Hors intersection,Normale,Deux véhicules - frontale,,,,,,,,,,,1,1,1,1,1.0
201600022473,0016-07-29 19:43:00,16,7,29,19,43,300,189,CAPOUCHINE (CHEMIN),43.81812,4.35275,Plein jour,En agglomération,Hors intersection,Normale,Deux véhicules - côté,,,,,,,,,,,1,2,1,1,3.0
201600022474,0016-08-05 15:37:00,16,8,5,15,37,300,189,KENNEDY (AVENUE),43.81537,4.31353,Plein jour,En agglomération,Giratoire,Normale,Deux véhicules - côté,,,,,,,,,,,1,2,6,1,3.0
201600022475,0016-08-06 02:00:00,16,8,6,2,0,300,189,LECLERC GENERAL (AVENUE),43.82735,4.37475,Nuit avec éclairage allumé,En agglomération,Intersection en X,Normale,Deux véhicules - côté,,,,,,,,,,,5,2,2,1,3.0
201600022476,0016-08-20 04:50:00,16,8,20,4,50,300,189,TRIAIRE SERGENT (BOULEVA,43.82671,4.3568,Nuit avec éclairage allumé,En agglomération,Intersection en X,Normale,Deux véhicules - côté,,,,,,,,,,,5,2,2,1,3.0
201600022477,0016-08-31 09:25:00,16,8,31,9,25,300,189,BEAUCAIRE (ROUTE),43.83317,4.42629,Plein jour,En agglomération,Intersection en X,Normale,Deux véhicules - arrière,,,,,,,,,,,1,2,2,1,2.0
201600022478,0016-09-05 07:35:00,16,9,5,7,35,300,189,"2614, MONTPELLIER (ROUTE",43.81141,4.32997,Plein jour,En agglomération,Hors intersection,Normale,Deux véhicules - côté,,,,,,,,,,,1,2,1,1,3.0
201600022479,0016-08-20 16:05:00,16,8,20,16,5,300,189,MONNET JEAN (COURS),43.81623,4.34874,Plein jour,Hors agglomération,Intersection à plus de 4 branches,Normale,Autre collision,,,,,,,,,,,1,1,5,1,6.0
201600022480,0016-08-26 18:40:00,16,8,26,18,40,300,189,COURBESSAC (ROUTE),43.8491,4.39349,Plein jour,Hors agglomération,Hors intersection,Normale,Sans collision,,,,,,,,,,,1,1,1,1,7.0
201600022481,0016-09-05 08:15:00,16,9,5,8,15,300,189,"13, POETES (AVENUE)",43.82167,4.33793,Plein jour,En agglomération,Hors intersection,Normale,Autre collision,,,,,,,,,,,1,2,1,1,6.0
201600022482,0016-08-12 08:55:00,16,8,12,8,55,300,189,AVIGNON (ROUTE),43.84724,4.38962,Plein jour,En agglomération,Intersection en X,Normale,Deux véhicules - côté,,,,,,,,,,,1,2,2,1,3.0
201600022483,0016-09-17 20:40:00,16,9,17,20,40,300,189,PONT DES ILES (CHEMIN),43.83136,4.38722,Nuit avec éclairage allumé,Hors agglomération,Giratoire,Normale,Autre collision,,,,,,,,,,,5,1,6,1,6.0
201600022484,0016-09-16 03:25:00,16,9,16,3,25,300,189,MAISON MATERNELLE,43.84935,4.37385,Nuit sans éclairage public,En agglomération,Intersection en T,Normale,Sans collision,,,,,,,,,,,3,2,3,1,7.0
201600022485,0016-09-01 10:20:00,16,9,1,10,20,300,189,JEAN LAURET,43.80768,4.36548,Plein jour,En agglomération,Giratoire,Normale,Deux véhicules - côté,,,,,,,,,,,1,2,6,1,3.0
201600022486,0016-09-21 16:10:00,16,9,21,16,10,300,189,ANCIENS COMBATTANTS D IN,43.84854,4.31797,Plein jour,En agglomération,Hors intersection,Normale,Deux véhicules - frontale,,,,,,,,,,,1,2,1,1,1.0
201600022487,0016-08-23 23:30:00,16,8,23,23,30,300,189,GAMEL PIERRE (AVENUE),43.82503,4.36198,Nuit avec éclairage allumé,En agglomération,Giratoire,Normale,Deux véhicules - côté,,,,,,,,,,,5,2,6,1,3.0
201600022488,0016-08-29 16:45:00,16,8,29,16,45,300,189,GENERAC (ROUTE),43.78856,4.35187,Plein jour,Hors agglomération,Intersection en T,Normale,Deux véhicules - frontale,,,,,,,,,,,1,1,3,1,1.0
201600022489,0016-09-26 11:30:00,16,9,26,11,30,300,189,JAURES JEAN (BOULEVARD),43.83211,4.35158,Plein jour,En agglomération,Intersection en X,Normale,Deux véhicules - côté,,,,,,,,,,,1,2,2,1,3.0
201600022490,0016-09-17 01:55:00,16,9,17,1,55,300,189,POMPIDOU GEORGES (AV,43.8378,4.34521,Nuit avec éclairage allumé,En agglomération,Intersection en X,Normale,Deux véhicules - côté,,,,,,,,,,,5,2,2,1,3.0
201600022491,0016-10-03 15:55:00,16,10,3,15,55,300,189,TRINTIGNANT MAURICE (AVE,,,Plein jour,En agglomération,Hors intersection,Normale,Deux véhicules - côté,,,,,,,,,,,1,2,1,1,3.0
201600022492,0016-08-21 02:40:00,16,8,21,2,40,300,189,FRANCAIS LIBRES (BD),43.83077,4.32273,Nuit avec éclairage allumé,En agglomération,Intersection en T,Normale,Deux véhicules - côté,,,,,,,,,,,5,2,3,1,3.0
201600022493,0016-09-28 09:05:00,16,9,28,9,5,300,189,"23, POMPIDOU GEORGES (AV",43.83395,4.3484,Plein jour,En agglomération,Hors intersection,Normale,Autre collision,,,,,,,,,,,1,2,1,1,6.0
201600022494,0016-08-18 19:50:00,16,8,18,19,50,300,189,PRESTON (RUE DE),43.83718,4.36591,Crépuscule ou aube,En agglomération,Hors intersection,Normale,Deux véhicules - frontale,,,,,,,,,,,2,2,1,1,1.0
201600022495,0016-10-04 08:30:00,16,10,4,8,30,300,189,GRAND CAMARGUE (RUE),43.82305,4.35489,Plein jour,En agglomération,Intersection en X,Normale,Deux véhicules - côté,,,,,,,,,,,1,2,2,1,3.0
201600022496,0016-09-28 20:40:00,16,9,28,20,40,300,189,MENDES FRANCE PIERRE (AV,43.82737,4.37481,Nuit avec éclairage allumé,En agglomération,Intersection en X,Normale,Deux véhicules - côté,,,,,,,,,,,5,2,2,1,3.0
201600022497,0016-10-04 17:27:00,16,10,4,17,27,300,189,FOREZ (RUE),43.82385,4.36654,Plein jour,En agglomération,Hors intersection,Temps éblouissant,Autre collision,,,,,,,,,,,1,2,1,7,6.0
201600022498,0016-10-15 17:45:00,16,10,15,17,45,300,189,ALLENDE SALVADOR (RUE),43.81923,4.35244,Plein jour,En agglomération,Intersection en T,Normale,Sans collision,,,,,,,,,,,1,2,3,1,7.0
201600022499,0016-09-20 08:50:00,16,9,20,8,50,300,189,"346, BIR HAKEIM (AVENUE)",43.84158,4.38604,Plein jour,En agglomération,Hors intersection,Temps éblouissant,Autre collision,,,,,,,,,,,1,2,1,7,6.0
201600022500,0016-10-08 10:25:00,16,10,8,10,25,300,189,LECLERC GENERAL (AVENUE),43.83065,4.36929,Plein jour,En agglomération,Hors intersection,Normale,Autre collision,,,,,,,,,,,1,2,1,1,6.0
201600022501,0016-10-09 06:20:00,16,10,9,6,20,300,189,"362, KENNEDY (AVENUE)",43.83188,4.34511,Nuit avec éclairage allumé,En agglomération,Hors intersection,Normale,Autre collision,,,,,,,,,,,5,2,1,1,6.0
201600022502,0016-10-07 11:40:00,16,10,7,11,40,300,189,BOEGNER PASTEUR MARC (BO,43.8197,4.33651,Plein jour,En agglomération,Hors intersection,Normale,Deux véhicules - arrière,,,,,,,,,,,1,2,1,1,2.0
201600022503,0016-10-21 12:50:00,16,10,21,12,50,300,189,"88, JAURES JEAN (BOULEVA",43.8276,4.3529,Plein jour,En agglomération,Intersection en T,Normale,Deux véhicules - côté,,,,,,,,,,,1,2,3,1,3.0
201600022504,0016-10-27 07:23:00,16,10,27,7,23,300,189,"71, SAUVE (ROUTE)",43.83686,4.33896,Nuit avec éclairage allumé,En agglomération,Hors intersection,Normale,Trois véhicules et plus - en chaîne,,,,,,,,,,,5,2,1,1,4.0
201600022505,0016-10-27 12:05:00,16,10,27,12,5,300,189,"134, PERE BROTTIER  (RUE",43.81918,4.3471,Plein jour,En agglomération,Hors intersection,Normale,Autre collision,,,,,,,,,,,1,2,1,1,6.0
201600022506,0016-10-29 15:55:00,16,10,29,15,55,300,189,ARNAVIEILLE (RUE),43.82519,4.35222,Plein jour,En agglomération,Hors intersection,Normale,Autre collision,,,,,,,,,,,1,2,1,1,6.0
201600022507,0016-09-11 22:45:00,16,9,11,22,45,300,189,BOEGNER PASTEUR MARC (BO,43.82351,4.32788,Nuit avec éclairage allumé,En agglomération,Intersection en T,Normale,Trois véhicules et plus - en chaîne,,,,,,,,,,,5,2,3,1,4.0
201600022508,0016-09-01 09:20:00,16,9,1,9,20,300,189,FONT DAME (RUE),43.82059,4.35226,Plein jour,En agglomération,Intersection en T,Normale,Deux véhicules - côté,,,,,,,,,,,1,2,3,1,3.0
201600022509,0016-11-06 19:05:00,16,11,6,19,5,300,189,FRANCAIS LIBRES (BD),43.83082,4.32306,Nuit avec éclairage allumé,En agglomération,Intersection en Y,Normale,Deux véhicules - côté,,,,,,,,,,,5,2,4,1,3.0
201600022510,0016-10-18 17:00:00,16,10,18,17,0,300,189,TALABOT (BOULEVARD),43.83846,4.37235,Plein jour,Hors agglomération,Intersection en X,Temps éblouissant,Autre collision,,,,,,,,,,,1,1,2,7,6.0
201600022511,0016-11-08 09:50:00,16,11,8,9,50,300,189,SEVERINE (IMPACE OU PLAC,43.83023,4.35192,Plein jour,En agglomération,Intersection en T,Normale,Deux véhicules - côté,,,,,,,,,,,1,2,3,1,3.0
201600022512,0016-11-21 15:35:00,16,11,21,15,35,300,189,ANCIENS COMBATTANTS D IN,43.87008,4.32273,Plein jour,Hors agglomération,Intersection en T,Pluie forte,Sans collision,,,,,,,,,,,1,1,3,3,7.0
201600022513,0016-11-26 08:35:00,16,11,26,8,35,300,189,"44, LECLERC GENERAL (AVE",43.82901,4.37208,Plein jour,En agglomération,Hors intersection,Normale,Autre collision,,,,,,,,,,,1,2,1,1,6.0
201600022514,0016-11-28 07:40:00,16,11,28,7,40,300,189,MITTERAND FRANCOIS (AVEN,43.82003,4.35806,Crépuscule ou aube,En agglomération,Giratoire,Normale,Deux véhicules - côté,,,,,,,,,,,2,2,6,1,3.0
201600022515,0016-10-22 20:45:00,16,10,22,20,45,300,189,TALABOT (BOULEVARD),43.83693,4.371,Nuit avec éclairage allumé,Hors agglomération,Intersection en X,Normale,Deux véhicules - arrière,,,,,,,,,,,5,1,2,1,2.0
201600022516,0016-10-21 02:55:00,16,10,21,2,55,300,189,MAS DE CHEYLON,43.80171,4.34001,Nuit sans éclairage public,En agglomération,Hors intersection,Normale,Deux véhicules - frontale,,,,,,,,,,,3,2,1,1,1.0
201600022517,0016-10-04 11:50:00,16,10,4,11,50,300,189,BRUXELLES (BOULEVARD),43.83399,4.36201,Plein jour,En agglomération,Hors intersection,Normale,Autre collision,,,,,,,,,,,1,2,1,1,6.0
201600022518,0016-12-03 21:02:00,16,12,3,21,2,300,189,"2049, SAINT GILLES (ROUT",43.80449,4.37297,Nuit avec éclairage allumé,En agglomération,Hors intersection,Pluie légère,Deux véhicules - arrière,,,,,,,,,,,5,2,1,2,2.0
201600022519,0016-12-25 22:07:00,16,12,25,22,7,300,189,SIMON ANDRE (RUE),43.82596,4.35909,Nuit avec éclairage allumé,En agglomération,Hors intersection,Normale,Autre collision,,,,,,,,,,,5,2,1,1,6.0
201600022520,0016-11-07 14:20:00,16,11,7,14,20,300,189,SAINT GILLES (ROUTE),43.81831,4.36618,Plein jour,En agglomération,Intersection en X,Normale,Deux véhicules - côté,,,,,,,,,,,1,2,2,1,3.0
201600022521,0016-10-17 12:37:00,16,10,17,12,37,300,189,MONNET JEAN (COURS),43.81623,4.34874,Plein jour,Hors agglomération,Intersection en X,Normale,Trois véhicules et plus - collisions multiples,,,,,,,,,,,1,1,2,1,5.0
201600022522,0016-10-04 20:11:00,16,10,4,20,11,300,189,BOURDALOUE (RUE),43.83221,4.36077,Nuit avec éclairage allumé,En agglomération,Intersection en T,Normale,Deux véhicules - côté,,,,,,,,,,,5,2,3,1,3.0
201600022523,0016-11-29 00:02:00,16,11,29,0,2,300,189,JAURES JEAN (BOULEVARD),43.83331,4.35125,Nuit avec éclairage allumé,En agglomération,Intersection en X,Normale,Deux véhicules - côté,,,,,,,,,,,5,2,2,1,3.0
201600022524,0016-12-17 16:17:00,16,12,17,16,17,300,189,VICTOR PAUL EMILE  (ROND,43.8178,4.34747,Plein jour,En agglomération,Hors intersection,Normale,Autre collision,,,,,,,,,,,1,2,1,1,6.0
201600022525,0016-12-16 22:45:00,16,12,16,22,45,300,189,SAINT GILLES (ROUTE),43.76891,4.40533,Nuit sans éclairage public,Hors agglomération,Hors intersection,Normale,Deux véhicules - frontale,,,,,,,,,,,3,1,1,1,1.0
201600022526,0016-12-10 19:40:00,16,12,10,19,40,300,189,SAUVE (ROUTE),43.83676,4.33406,Nuit avec éclairage allumé,En agglomération,Intersection en T,Normale,Deux véhicules - côté,,,,,,,,,,,5,2,3,1,3.0
201600022527,0016-11-22 12:01:00,16,11,22,12,1,300,189,GUIZOT (RUE),43.84032,4.35778,Plein jour,En agglomération,Intersection en T,Normale,Deux véhicules - côté,,,,,,,,,,,1,2,3,1,3.0
201600022528,0016-11-30 17:05:00,16,11,30,17,5,300,189,TALABOT (BOULEVARD),43.83694,4.37099,Plein jour,En agglomération,Intersection à plus de 4 branches,Normale,Deux véhicules - frontale,,,,,,,,,,,1,2,5,1,1.0
201600022529,0016-11-05 21:25:00,16,11,5,21,25,300,189,REPUBLIQUE (RUE),43.83035,4.35639,Nuit avec éclairage allumé,En agglomération,Intersection en X,Normale,Deux véhicules - frontale,,,,,,,,,,,5,2,2,1,1.0
201600022530,0016-12-18 06:40:00,16,12,18,6,40,300,189,NEWTON (PROMENADE),43.83069,4.32909,Nuit avec éclairage allumé,Hors agglomération,Hors intersection,Normale,Sans collision,,,,,,,,,,,5,1,1,1,7.0
201600022531,0016-11-13 01:25:00,16,11,13,1,25,300,189,PELLOUTIER FERNAND (RUE),43.83648,4.35301,Nuit avec éclairage allumé,En agglomération,Intersection en X,Normale,Deux véhicules - côté,,,,,,,,,,,5,2,2,1,3.0
201600022532,0016-11-27 07:25:00,16,11,27,7,25,300,189,SAUVE (ROUTE),43.84387,4.30877,Plein jour,Hors agglomération,Giratoire,Normale,Sans collision,,,,,,,,,,,1,1,6,1,7.0
201600022533,0016-12-09 22:25:00,16,12,9,22,25,300,189,SIGAL YVES,43.81455,4.35833,Nuit avec éclairage allumé,En agglomération,Hors intersection,Normale,Deux véhicules - côté,,,,,,,,,,,5,2,1,1,3.0
201600022534,0016-12-23 09:55:00,16,12,23,9,55,300,189,MAS DE CHEYLON,43.80525,4.33644,Plein jour,Hors agglomération,Intersection en X,Normale,Deux véhicules - côté,,,,,,,,,,,1,1,2,1,3.0
201600022535,0016-12-28 12:00:00,16,12,28,12,0,300,189,CANTIER FRANCIS (RUE),43.84365,4.39272,Plein jour,Hors agglomération,Intersection en Y,Normale,Deux véhicules - frontale,,,,,,,,,,,1,1,4,1,1.0
201600022536,0016-12-16 15:40:00,16,12,16,15,40,300,189,ALLENDE SALVADOR (RUE),43.84344,4.39211,Plein jour,En agglomération,Hors intersection,Normale,Deux véhicules - frontale,,,,,,,,,,,1,2,1,1,1.0
201600022537,0016-01-11 08:30:00,16,1,11,8,30,630,1,,46.009,3.212,Plein jour,Hors agglomération,Hors intersection,Temps couvert,Autre collision,,,,,,,,,,,1,1,1,8,6.0
201600022538,0016-02-27 19:00:00,16,2,27,19,0,630,35,,45.974,3.104,Nuit avec éclairage allumé,Hors agglomération,Hors intersection,Temps couvert,Deux véhicules - côté,,,,,,,,,,,5,1,1,8,3.0
201600022539,0016-03-26 12:45:00,16,3,26,12,45,630,181,,46.027,3.103,Plein jour,Hors agglomération,Intersection en X,Normale,Deux véhicules - côté,,,,,,,,,,,1,1,2,1,3.0
201600022540,0016-05-04 10:30:00,16,5,4,10,30,630,13,,45.987,3.183,Plein jour,Hors agglomération,Hors intersection,Normale,Sans collision,,,,,,,,,,,1,1,1,1,7.0
201600022541,0016-07-23 02:15:00,16,7,23,2,15,630,12,,,,Nuit avec éclairage non allumé,Hors agglomération,Hors intersection,Pluie légère,Autre collision,,,,,,,,,,,4,1,1,2,6.0
201600022542,0016-09-11 20:00:00,16,9,11,20,0,630,473,,,,Crépuscule ou aube,En agglomération,Hors intersection,Normale,Deux véhicules - côté,,,,,,,,,,,2,2,1,1,3.0
201600022543,0016-11-11 18:00:00,16,11,11,18,0,630,408,,45.9881,2.8282,Crépuscule ou aube,Hors agglomération,Hors intersection,Normale,Sans collision,,,,,,,,,,,2,1,1,1,7.0
201600022544,0016-06-04 20:45:00,16,6,4,20,45,630,163,,45.7385,2.78787,Plein jour,Hors agglomération,Hors intersection,Normale,Autre collision,,,,,,,,,,,1,1,1,1,6.0
201600022545,0016-06-24 15:00:00,16,6,24,15,0,630,163,"rue des gannes, d134",,,Plein jour,En agglomération,Hors intersection,Normale,Autre collision,,,,,,,,,,,1,2,1,1,6.0
201600022546,0016-07-17 12:45:00,16,7,17,12,45,630,225,,45.62268,2.56327,Plein jour,Hors agglomération,Hors intersection,Normale,Autre collision,,,,,,,,,,,1,1,1,1,6.0
201600022547,0016-09-21 13:15:00,16,9,21,13,15,630,451,,45.671,2.873,Plein jour,Hors agglomération,Hors intersection,Normale,Autre collision,,,,,,,,,,,1,1,1,1,6.0
201600022548,0016-09-26 19:45:00,16,9,26,19,45,630,248,pont des eaux,45.728,2.882,Nuit sans éclairage public,En agglomération,Hors intersection,Normale,Autre collision,,,,,,,,,,,3,2,1,1,6.0
201600022549,0016-10-06 23:45:00,16,10,6,23,45,630,274,,,,Nuit sans éclairage public,Hors agglomération,Hors intersection,Normale,Deux véhicules - frontale,,,,,,,,,,,3,1,1,1,1.0
201600022550,0016-10-13 20:00:00,16,10,13,20,0,630,225,,,,Nuit sans éclairage public,Hors agglomération,Hors intersection,Pluie légère,Sans collision,,,,,,,,,,,3,1,1,2,7.0
201600022551,0016-05-26 18:00:00,16,5,26,18,0,230,245,,46.17201,1.80939,Plein jour,Hors agglomération,Hors intersection,Normale,Deux véhicules - frontale,,,,,,,,,,,1,1,1,1,1.0
201600022552,0016-07-30 15:45:00,16,7,30,15,45,230,245,,46.16812,1.84703,Plein jour,Hors agglomération,Hors intersection,Normale,Trois véhicules et plus - en chaîne,,,,,,,,,,,1,1,1,1,4.0
201600022553,0016-09-10 06:15:00,16,9,10,6,15,230,247,RD 63,46.20473,1.76268,Crépuscule ou aube,En agglomération,Hors intersection,Normale,Autre collision,,,,,,,,,,,2,2,1,1,6.0
201600022554,0016-11-04 17:30:00,16,11,4,17,30,230,262,Coubarteix,46.17302,2.0807,Nuit sans éclairage public,Hors agglomération,Hors intersection,Pluie légère,Deux véhicules - frontale,,,,,,,,,,,3,1,1,2,1.0
201600022555,0016-12-09 15:30:00,16,12,9,15,30,230,245,le maupuy,46.17076,1.83684,Plein jour,Hors agglomération,Hors intersection,Normale,Sans collision,,,,,,,,,,,1,1,1,1,7.0
201600022556,0016-12-01 14:20:00,16,12,1,14,20,230,1,lieu dit Molle rd13,46.06853,2.02911,Plein jour,Hors agglomération,Hors intersection,Autre,Autre collision,,,,,,,,,,,1,1,1,9,6.0
201600022557,0016-06-09 13:00:00,16,6,9,13,0,230,245,,46.18597,1.84104,Plein jour,Hors agglomération,Hors intersection,Normale,Sans collision,,,,,,,,,,,1,1,1,1,7.0
201600022558,0016-07-16 17:00:00,16,7,16,17,0,230,247,,46.20603,1.71503,Plein jour,Hors agglomération,Hors intersection,Normale,Deux véhicules - frontale,,,,,,,,,,,1,1,1,1,1.0
201600022559,0016-07-17 12:30:00,16,7,17,12,30,230,2,,46.1913,1.94263,Plein jour,Hors agglomération,Hors intersection,Normale,Autre collision,,,,,,,,,,,1,1,1,1,6.0
201600022560,0016-01-07 18:15:00,16,1,7,18,15,260,85,RTE DES ILES,44.51406,4.70765,Nuit sans éclairage public,Hors agglomération,Hors intersection,Pluie légère,Autre collision,,,,,,,,,,,3,1,1,2,6.0
201600022561,0016-02-16 11:00:00,16,2,16,11,0,260,324,LONNES,,,Plein jour,Hors agglomération,Hors intersection,Vent fort / tempête,Deux véhicules - côté,,,,,,,,,,,1,1,1,6,3.0
201600022562,0016-02-29 09:30:00,16,2,29,9,30,260,121,BONDONNEAU,,,Plein jour,Hors agglomération,Hors intersection,Normale,Deux véhicules - frontale,,,,,,,,,,,1,1,1,1,1.0
201600022563,0016-03-02 13:15:00,16,3,2,13,15,260,191,A 7,,,Plein jour,Hors agglomération,Hors intersection,Normale,Deux véhicules - arrière,,,,,,,,,,,1,1,1,1,2.0
201600022564,0016-03-17 14:15:00,16,3,17,14,15,260,339,CHEMIN DES CATALINS,44.58773,4.7894,Plein jour,Hors agglomération,Hors intersection,Normale,Trois véhicules et plus - collisions multiples,,,,,,,,,,,1,1,1,1,5.0
201600022565,0016-03-22 02:15:00,16,3,22,2,15,260,339,ROSSAGNANT,,,Nuit sans éclairage public,Hors agglomération,Hors intersection,Normale,Deux véhicules - arrière,,,,,,,,,,,3,1,1,1,2.0
201600022566,0016-03-19 10:30:00,16,3,19,10,30,260,99,RTE DE GRIGNAN,,,Plein jour,Hors agglomération,Hors intersection,Normale,Autre collision,,,,,,,,,,,1,1,1,1,6.0
201600022567,0016-04-24 17:30:00,16,4,24,17,30,260,166,LES DAUMES,,,Plein jour,Hors agglomération,Hors intersection,Normale,Deux véhicules - frontale,,,,,,,,,,,1,1,1,1,1.0
201600022568,0016-05-06 16:15:00,16,5,6,16,15,260,343,LE JABRON,,,Plein jour,Hors agglomération,Intersection en T,Normale,Deux véhicules - côté,,,,,,,,,,,1,1,3,1,3.0
201600022569,0016-05-26 16:45:00,16,5,26,16,45,260,169,ROUCOULE,,,Plein jour,Hors agglomération,Hors intersection,Normale,Deux véhicules - frontale,,,,,,,,,,,1,1,1,1,1.0
201600022570,0016-06-10 22:15:00,16,6,10,22,15,260,169,A7,,,Nuit sans éclairage public,Hors agglomération,Hors intersection,Normale,Trois véhicules et plus - collisions multiples,,,,,,,,,,,3,1,1,1,5.0
201600022571,0016-06-22 18:45:00,16,6,22,18,45,260,31,LA JONCHIERE,,,Plein jour,Hors agglomération,Hors intersection,Normale,Autre collision,,,,,,,,,,,1,1,1,1,6.0
201600022572,0016-06-22 18:30:00,16,6,22,18,30,260,357,VOULEUYE EST,,,Plein jour,Hors agglomération,Hors intersection,Normale,Autre collision,,,,,,,,,,,1,1,1,1,6.0
201600022573,0016-06-19 19:00:00,16,6,19,19,0,260,357,RTE DE NYONS,,,Plein jour,Hors agglomération,Hors intersection,Normale,Deux véhicules - côté,,,,,,,,,,,1,1,1,1,3.0
201600022574,0016-06-25 18:45:00,16,6,25,18,45,260,169,A7,,,Plein jour,Hors agglomération,Hors intersection,Normale,Autre collision,,,,,,,,,,,1,1,1,1,6.0
201600022575,0016-06-28 08:15:00,16,6,28,8,15,260,138,A7,,,Plein jour,Hors agglomération,Hors intersection,Normale,Deux véhicules - arrière,,,,,,,,,,,1,1,1,1,2.0
201600022576,0016-07-06 17:15:00,16,7,6,17,15,260,324,RTE DE SITE DE TRICASTIN,44.33239,4.72845,Plein jour,Hors agglomération,Hors intersection,Normale,Deux véhicules - frontale,,,,,,,,,,,1,1,1,1,1.0
201600022577,0016-07-17 17:15:00,16,7,17,17,15,260,5,LA CHAUSSEE,,,Plein jour,Hors agglomération,Hors intersection,Normale,Sans collision,,,,,,,,,,,1,1,1,1,7.0
201600022578,0016-07-30 20:00:00,16,7,30,20,0,260,339,HOMME ARMES,,,Crépuscule ou aube,Hors agglomération,Hors intersection,Normale,Sans collision,,,,,,,,,,,2,1,1,1,7.0
201600022579,0016-08-26 19:00:00,16,8,26,19,0,260,5,A7,,,Plein jour,Hors agglomération,Autre intersection,Normale,Autre collision,,,,,,,,,,,1,1,9,1,6.0
201600022580,0016-08-27 02:00:00,16,8,27,2,0,260,33,LES BARTRAS,44.33682,4.86981,Nuit sans éclairage public,Hors agglomération,Hors intersection,Normale,Autre collision,,,,,,,,,,,3,1,1,1,6.0
201600022581,0016-08-30 08:00:00,16,8,30,8,0,260,338,LE HAUT PLAN,,,Crépuscule ou aube,Hors agglomération,Hors intersection,Normale,Deux véhicules - frontale,,,,,,,,,,,2,1,1,1,1.0
201600022582,0016-09-09 10:15:00,16,9,9,10,15,260,337,DUZET,,,Plein jour,Hors agglomération,Hors intersection,Normale,Deux véhicules - arrière,,,,,,,,,,,1,1,1,1,2.0
201600022583,0016-09-09 08:30:00,16,9,9,8,30,260,85,PAGNERE,,,Plein jour,Hors agglomération,Intersection en T,Normale,Deux véhicules - côté,,,,,,,,,,,1,1,3,1,3.0
201600022584,0016-09-22 20:30:00,16,9,22,20,30,260,342,CHEMIN DE LA VIERGE,44.34453,4.80932,Nuit sans éclairage public,Hors agglomération,Hors intersection,Normale,Autre collision,,,,,,,,,,,3,1,1,1,6.0
201600022585,0016-09-25 19:30:00,16,9,25,19,30,260,5,LE SASTRE,,,Plein jour,Hors agglomération,Hors intersection,Normale,Autre collision,,,,,,,,,,,1,1,1,1,6.0
201600022586,0016-10-04 11:15:00,16,10,4,11,15,260,357,LE RIEU,,,Plein jour,Hors agglomération,Hors intersection,Normale,Deux véhicules - côté,,,,,,,,,,,1,1,1,1,3.0
201600022587,0016-10-13 20:15:00,16,10,13,20,15,260,116,A7,,,Nuit sans éclairage public,Hors agglomération,Hors intersection,Pluie forte,Autre collision,,,,,,,,,,,3,1,1,3,6.0
201600022588,0016-10-16 07:45:00,16,10,16,7,45,260,353,A7,,,Crépuscule ou aube,Hors agglomération,Hors intersection,Brouillard / fumée,Autre collision,,,,,,,,,,,2,1,1,5,6.0
201600022589,0016-10-13 20:45:00,16,10,13,20,45,260,166,A7,,,Nuit sans éclairage public,Hors agglomération,Hors intersection,Pluie forte,Deux véhicules - arrière,,,,,,,,,,,3,1,1,3,2.0
201600022590,0016-11-02 07:00:00,16,11,2,7,0,260,357,BOMPARET,,,Plein jour,Hors agglomération,Hors intersection,Brouillard / fumée,Autre collision,,,,,,,,,,,1,1,1,5,6.0
201600022591,0016-11-21 06:05:00,16,11,21,6,5,260,106,A7,,,Nuit sans éclairage public,Hors agglomération,Hors intersection,Pluie forte,Autre collision,,,,,,,,,,,3,1,1,3,6.0
201600022592,0016-11-21 16:40:00,16,11,21,16,40,260,357,RD94,,,Crépuscule ou aube,Hors agglomération,Hors intersection,Pluie forte,Trois véhicules et plus - collisions multiples,,,,,,,,,,,2,1,1,3,5.0
201600022593,0016-11-26 05:50:00,16,11,26,5,50,260,339,RN 7 PIZERIA EQUATEUR,,,Nuit sans éclairage public,Hors agglomération,Hors intersection,Normale,Autre collision,,,,,,,,,,,3,1,1,1,6.0
201600022594,0016-11-27 15:35:00,16,11,27,15,35,260,198,CHEMIN DE LA MANCHE,44.56433,4.75375,Plein jour,En agglomération,Hors intersection,Normale,Autre collision,,,,,,,,,,,1,2,1,1,6.0