accident_id,datetime,annee,mois,jour,heure,minute,departement,commune_insee,adresse,latitude,longitude,luminosite,agglomeration,intersection,meteo,collision,nb_vehicules,nb_usagers,nb_indemnes,nb_tues,nb_blesses_hosp,nb_blesses_legers,age_cond_1,age_cond_2,veh_type_cond_1,veh_type_cond_2,lum_code,agg_code,int_code,atm_code,col_code
201600022975,0016-06-28 21:00:00,16,6,28,21,0,310,555,"146, BD PIERRE ET MARIE",,,Plein jour,En agglomération,Hors intersection,Normale,Autre collision,,,,,,,,,,,1,2,1,1,6.0
201600022976,0016-06-28 08:30:00,16,6,28,8,30,310,555,VA007331 A620,,,Plein jour,En agglomération,Hors intersection,Normale,Deux véhicules - arrière,,,,,,,,,,,1,2,1,1,2.0
201600022977,0016-06-29 14:10:00,16,6,29,14,10,310,555,"146, RTE D ALBI",,,Plein jour,En agglomération,Hors intersection,Normale,Deux véhicules - côté,,,,,,,,,,,1,2,1,1,3.0
201600022978,0016-06-29 14:40:00,16,6,29,14,40,310,555,"65, CHE DU RAMELET MOUND",,,Plein jour,En agglomération,Intersection en X,Normale,Deux véhicules - côté,,,,,,,,,,,1,2,2,1,3.0
201600022979,0016-06-30 16:25:00,16,6,30,16,25,310,555,"999, RUE DU PONT SAINT P",,,Plein jour,En agglomération,Intersection en X,Normale,Deux véhicules - côté,,,,,,,,,,,1,2,2,1,3.0
201600022980,0016-07-01 05:45:00,16,7,1,5,45,310,555,"26, RUE DU FAUBOURG BONN",,,Crépuscule ou aube,En agglomération,Hors intersection,Normale,Deux véhicules - côté,,,,,,,,,,,2,2,1,1,3.0
201600022981,0016-07-01 08:45:00,16,7,1,8,45,310,149,"999, 3 COLOMIERS EST (A6",43.611,1.37705,Plein jour,Hors agglomération,Hors intersection,Normale,Deux véhicules - arrière,,,,,,,,,,,1,1,1,1,2.0
201600022982,0016-07-01 12:00:00,16,7,1,12,0,310,555,"8, PERIOLE (RUE DE) DU 2",,,Plein jour,En agglomération,Hors intersection,Normale,Deux véhicules - côté,,,,,,,,,,,1,2,1,1,3.0
201600022983,0016-07-01 14:20:00,16,7,1,14,20,310,555,EISENHOWER (AVENUE DU GE,,,Plein jour,En agglomération,Hors intersection,Temps éblouissant,Deux véhicules - arrière,,,,,,,,,,,1,2,1,7,2.0
201600022984,0016-07-02 16:30:00,16,7,2,16,30,310,555,"999, RTE D AGDE",,,Plein jour,En agglomération,Hors intersection,Normale,Deux véhicules - côté,,,,,,,,,,,1,2,1,1,3.0
201600022985,0016-07-01 17:35:00,16,7,1,17,35,310,555,"999, ROND POINT ETIENNE",,,Plein jour,En agglomération,Hors intersection,Normale,Deux véhicules - côté,,,,,,,,,,,1,2,1,1,3.0
201600022986,0016-07-04 18:00:00,16,7,4,18,0,310,555,"15, CHE COTES DE PECH DA",,,Plein jour,En agglomération,Hors intersection,Normale,Deux véhicules - côté,,,,,,,,,,,1,2,1,1,3.0
201600022987,0016-07-02 20:15:00,16,7,2,20,15,310,555,"217, RTE DE SAINT SIMON",,,Plein jour,En agglomération,Hors intersection,Normale,Deux véhicules - côté,,,,,,,,,,,1,2,1,1,3.0
201600022988,0016-07-05 05:55:00,16,7,5,5,55,310,555,"157, AV DE MURET",,,Crépuscule ou aube,En agglomération,Hors intersection,Pluie légère,Trois véhicules et plus - en chaîne,,,,,,,,,,,2,2,1,2,4.0
201600022989,0016-07-05 19:10:00,16,7,5,19,10,310,555,"343, AV DES ETATS UNIS",,,Plein jour,En agglomération,Hors intersection,Normale,Deux véhicules - côté,,,,,,,,,,,1,2,1,1,3.0
201600022990,0016-07-05 14:00:00,16,7,5,14,0,310,555,"237, AV DE LARDENNE",,,Plein jour,En agglomération,Hors intersection,Normale,Deux véhicules - frontale,,,,,,,,,,,1,2,1,1,1.0
201600022991,0016-07-06 19:53:00,16,7,6,19,53,310,555,"999, AV DU GENERAL EISEN",,,Plein jour,En agglomération,Hors intersection,Normale,Deux véhicules - côté,,,,,,,,,,,1,2,1,1,3.0
201600022992,0016-07-06 20:45:00,16,7,6,20,45,310,555,"29, RTE D AGDE",,,Plein jour,En agglomération,Hors intersection,Normale,Deux véhicules - côté,,,,,,,,,,,1,2,1,1,3.0
201600022993,0016-07-07 11:00:00,16,7,7,11,0,310,555,"146, CHE DU SANG DE SERP",,,Plein jour,En agglomération,Hors intersection,Normale,Deux véhicules - côté,,,,,,,,,,,1,2,1,1,3.0
201600022994,0016-07-07 16:10:00,16,7,7,16,10,310,555,"999, VA007440 LES MINIME",,,Plein jour,En agglomération,Hors intersection,Normale,Sans collision,,,,,,,,,,,1,2,1,1,7.0
201600022995,0016-07-08 03:00:00,16,7,8,3,0,310,555,"999, BOULINGRIN (ROND PO",,,Nuit avec éclairage allumé,En agglomération,Hors intersection,Normale,Deux véhicules - frontale,,,,,,,,,,,5,2,1,1,1.0
201600022996,0016-07-08 08:35:00,16,7,8,8,35,310,149,"999, RN124",,,Plein jour,En agglomération,Hors intersection,Normale,Deux véhicules - arrière,,,,,,,,,,,1,2,1,1,2.0
201600022997,0016-07-08 11:15:00,16,7,8,11,15,310,555,"999, GRANDE RUE NAZARETH",,,Plein jour,En agglomération,Hors intersection,Normale,Autre collision,,,,,,,,,,,1,2,1,1,6.0
201600022998,0016-07-08 08:55:00,16,7,8,8,55,310,555,"208, AV DE CASTRES",,,Plein jour,En agglomération,Hors intersection,Normale,Autre collision,,,,,,,,,,,1,2,1,1,6.0
201600022999,0016-07-08 09:50:00,16,7,8,9,50,310,555,"40, AV JEAN ZAY",,,Plein jour,En agglomération,Hors intersection,Normale,Deux véhicules - côté,,,,,,,,,,,1,2,1,1,3.0
201600023000,0016-07-08 16:00:00,16,7,8,16,0,310,555,"999, VA007331 A620",43.6125,1.41695,Plein jour,Hors agglomération,Hors intersection,Normale,Deux véhicules - arrière,,,,,,,,,,,1,1,1,1,2.0
201600023001,0016-07-10 03:20:00,16,7,10,3,20,310,557,SERMENT DE KOUFRA (RP),43.56978,1.33403,Nuit avec éclairage allumé,En agglomération,Hors intersection,Normale,Autre collision,,,,,,,,,,,5,2,1,1,6.0
201600023002,0016-07-10 19:40:00,16,7,10,19,40,310,555,"999, AV DE LYON",,,Plein jour,En agglomération,Hors intersection,Normale,Deux véhicules - frontale,,,,,,,,,,,1,2,1,1,1.0
201600023003,0016-07-11 10:00:00,16,7,11,10,0,310,555,"999, AV MAURICE HAURIOU",,,Plein jour,En agglomération,Hors intersection,Normale,Autre collision,,,,,,,,,,,1,2,1,1,6.0
201600023004,0016-07-11 20:20:00,16,7,11,20,20,310,555,"4 BIS, RUE ALAIN FOURNIE",,,Plein jour,En agglomération,Hors intersection,Normale,Deux véhicules - frontale,,,,,,,,,,,1,2,1,1,1.0
201600023005,0016-06-21 10:40:00,16,6,21,10,40,310,555,"999, BD DE STRASBOURG",,,Plein jour,En agglomération,Hors intersection,Normale,Deux véhicules - frontale,,,,,,,,,,,1,2,1,1,1.0
201600023006,0016-07-12 17:20:00,16,7,12,17,20,310,555,"999, RUE DE SEBASTOPOL",,,Plein jour,En agglomération,Hors intersection,Normale,Autre collision,,,,,,,,,,,1,2,1,1,6.0
201600023007,0016-07-13 21:40:00,16,7,13,21,40,310,555,VA007331 A620,43.5716,1.47499,Nuit avec éclairage allumé,Hors agglomération,Hors intersection,Normale,Deux véhicules - côté,,,,,,,,,,,5,1,1,1,3.0
201600023008,0016-07-14 21:30:00,16,7,14,21,30,310,555,"999, RTE D AGDE",,,Crépuscule ou aube,En agglomération,Hors intersection,Normale,Trois véhicules et plus - collisions multiples,,,,,,,,,,,2,2,1,1,5.0
201600023009,0016-07-15 14:00:00,16,7,15,14,0,310,555,BD DE LA MEDITERRANEE,,,Plein jour,En agglomération,Hors intersection,Normale,Trois véhicules et plus - collisions multiples,,,,,,,,,,,1,2,1,1,5.0
201600023010,0016-07-16 10:30:00,16,7,16,10,30,310,555,VA007331 A620,,,Plein jour,Hors agglomération,Hors intersection,Normale,Trois véhicules et plus - collisions multiples,,,,,,,,,,,1,1,1,1,5.0
201600023011,0016-07-19 17:15:00,16,7,19,17,15,310,555,"116, GRANDE RUE SAINT MI",,,Plein jour,En agglomération,Intersection en T,Normale,Deux véhicules - côté,,,,,,,,,,,1,2,3,1,3.0
201600023012,0016-07-20 08:00:00,16,7,20,8,0,310,555,"999, BD LASCROSSES",,,Plein jour,En agglomération,Hors intersection,Normale,Deux véhicules - côté,,,,,,,,,,,1,2,1,1,3.0
201600023013,0016-07-20 18:45:00,16,7,20,18,45,310,555,"999, RTE DE SAINT SIMON",,,Plein jour,En agglomération,Hors intersection,Normale,Trois véhicules et plus - collisions multiples,,,,,,,,,,,1,2,1,1,5.0
201600023014,0016-07-21 08:15:00,16,7,21,8,15,310,555,"45, AV FREDERIC ESTEBE",,,Plein jour,En agglomération,Hors intersection,Normale,Deux véhicules - côté,,,,,,,,,,,1,2,1,1,3.0
201600023015,0016-07-21 08:30:00,16,7,21,8,30,310,555,"15, ALL DE BRIENNE",,,Plein jour,En agglomération,Hors intersection,Normale,Deux véhicules - côté,,,,,,,,,,,1,2,1,1,3.0
201600023016,0016-07-21 08:10:00,16,7,21,8,10,310,555,VA008482 A624,,,Plein jour,Hors agglomération,Hors intersection,Normale,Deux véhicules - côté,,,,,,,,,,,1,1,1,1,3.0
201600023017,0016-07-21 19:40:00,16,7,21,19,40,310,555,"999, RTE DE SAINT SIMON",,,Plein jour,En agglomération,Hors intersection,Normale,Deux véhicules - côté,,,,,,,,,,,1,2,1,1,3.0
201600023018,0016-07-22 17:15:00,16,7,22,17,15,310,555,RN124,43.6112,1.37766,Plein jour,Hors agglomération,Hors intersection,Normale,Trois véhicules et plus - en chaîne,,,,,,,,,,,1,1,1,1,4.0
201600023019,0016-07-24 10:20:00,16,7,24,10,20,310,555,"21, LYON (AV DE) DU 1AU",,,Plein jour,En agglomération,Hors intersection,Normale,Deux véhicules - frontale,,,,,,,,,,,1,2,1,1,1.0
201600023020,0016-07-24 19:35:00,16,7,24,19,35,310,555,"999, AV DES ARENES ROMAI",,,Plein jour,En agglomération,Hors intersection,Normale,Deux véhicules - côté,,,,,,,,,,,1,2,1,1,3.0
201600023021,0016-07-23 15:50:00,16,7,23,15,50,310,555,"334, SAINT SIMON (RTE DE",,,Plein jour,En agglomération,Hors intersection,Normale,Deux véhicules - frontale,,,,,,,,,,,1,2,1,1,1.0
201600023022,0016-07-25 11:35:00,16,7,25,11,35,310,555,"21, BD ANDRE NETWILLER",,,Plein jour,En agglomération,Hors intersection,Normale,Deux véhicules - frontale,,,,,,,,,,,1,2,1,1,1.0
201600023023,0016-07-25 07:45:00,16,7,25,7,45,310,555,"43, AV DE GRANDE BRETAGN",,,Plein jour,En agglomération,Hors intersection,Normale,Deux véhicules - arrière,,,,,,,,,,,1,2,1,1,2.0
201600023024,0016-07-25 14:50:00,16,7,25,14,50,310,555,"408, AV DES ETATS UNIS",,,Plein jour,En agglomération,Hors intersection,Normale,Deux véhicules - arrière,,,,,,,,,,,1,2,1,1,2.0
201600023025,0016-07-26 09:45:00,16,7,26,9,45,310,555,VA007473 A62,,,Plein jour,Hors agglomération,Hors intersection,Normale,Deux véhicules - côté,,,,,,,,,,,1,1,1,1,3.0
201600023026,0016-07-26 14:30:00,16,7,26,14,30,310,557,JAURES (AV JEAN),43.58901,1.3611,Plein jour,En agglomération,Giratoire,Normale,Deux véhicules - côté,,,,,,,,,,,1,2,6,1,3.0
201600023027,0016-07-29 06:40:00,16,7,29,6,40,310,149,ADER (AVENUE CLEMEN,43.61525,1.3457,Plein jour,En agglomération,Intersection en T,Normale,Deux véhicules - côté,,,,,,,,,,,1,2,3,1,3.0
201600023028,0016-07-29 13:00:00,16,7,29,13,0,310,555,"119, AV JULES JULIEN",,,Plein jour,En agglomération,Hors intersection,Normale,Autre collision,,,,,,,,,,,1,2,1,1,6.0
201600023029,0016-07-29 14:45:00,16,7,29,14,45,310,555,"46, RTE DE NARBONNE",,,Plein jour,En agglomération,Hors intersection,Normale,Deux véhicules - côté,,,,,,,,,,,1,2,1,1,3.0
201600023030,0016-07-30 10:30:00,16,7,30,10,30,310,557,BD AURIOL/AVE RESISTANCE,43.58548,1.34619,Plein jour,En agglomération,Intersection en T,Normale,Deux véhicules - côté,,,,,,,,,,,1,2,3,1,3.0
201600023031,0016-07-30 11:45:00,16,7,30,11,45,310,555,RD916,,,Plein jour,En agglomération,Hors intersection,Normale,Deux véhicules - frontale,,,,,,,,,,,1,2,1,1,1.0
201600023032,0016-07-29 06:15:00,16,7,29,6,15,310,555,"999, RUE DU POLE",,,Crépuscule ou aube,En agglomération,Intersection en T,Normale,Deux véhicules - côté,,,,,,,,,,,2,2,3,1,3.0
201600023033,0016-08-01 19:55:00,16,8,1,19,55,310,555,"366, RTE DE SAINT SIMON",,,Plein jour,En agglomération,Hors intersection,Normale,Deux véhicules - côté,,,,,,,,,,,1,2,1,1,3.0
201600023034,0016-08-02 11:15:00,16,8,2,11,15,310,149,MITTERAND (ESPLANADE),43.60629,1.33494,Plein jour,En agglomération,Hors intersection,Normale,Deux véhicules - arrière,,,,,,,,,,,1,2,1,1,2.0
201600023035,0016-08-02 08:20:00,16,8,2,8,20,310,555,"999, ALL JEAN JAURES",,,Plein jour,En agglomération,Intersection en X,Normale,Deux véhicules - côté,,,,,,,,,,,1,2,2,1,3.0
201600023036,0016-08-03 11:15:00,16,8,3,11,15,310,555,"4, RUE DE CUGNAUX",,,Plein jour,En agglomération,Hors intersection,Normale,Autre collision,,,,,,,,,,,1,2,1,1,6.0
201600023037,0016-08-03 21:10:00,16,8,3,21,10,310,555,"70, AV LOUIS BAZERQUE",,,Nuit avec éclairage allumé,En agglomération,Hors intersection,Normale,Deux véhicules - arrière,,,,,,,,,,,5,2,1,1,2.0
201600023038,0016-08-04 08:35:00,16,8,4,8,35,310,557,AURIOL (BD VINCENT),43.58798,0.85925,Plein jour,En agglomération,Hors intersection,Normale,Deux véhicules - côté,,,,,,,,,,,1,2,1,1,3.0
201600023039,0016-08-05 18:10:00,16,8,5,18,10,310,555,"19, RTE DE BAYONNE",,,Plein jour,En agglomération,Hors intersection,Normale,Deux véhicules - côté,,,,,,,,,,,1,2,1,1,3.0
201600023040,0016-08-06 19:00:00,16,8,6,19,0,310,555,"300, SEYSSES (RTE DE) DU",,,Plein jour,En agglomération,Hors intersection,Normale,Deux véhicules - côté,,,,,,,,,,,1,2,1,1,3.0
201600023041,0016-08-05 16:10:00,16,8,5,16,10,310,555,"80, RUE DE PERIOLE",43.6171,1.45831,Plein jour,En agglomération,Hors intersection,Normale,Deux véhicules - arrière,,,,,,,,,,,1,2,1,1,2.0
201600023042,0016-08-09 13:25:00,16,8,9,13,25,310,555,"12, BD DE BONREPOS",,,Plein jour,En agglomération,Hors intersection,Normale,Autre collision,,,,,,,,,,,1,2,1,1,6.0
201600023043,0016-08-10 09:25:00,16,8,10,9,25,310,555,"40, BD SILVIO TRENTIN",,,Plein jour,En agglomération,Hors intersection,Normale,Autre collision,,,,,,,,,,,1,2,1,1,6.0
201600023044,0016-08-10 11:05:00,16,8,10,11,5,310,149,"999, NAUROUZE (ALLEE DE)",,,Plein jour,En agglomération,Hors intersection,Normale,Autre collision,,,,,,,,,,,1,2,1,1,6.0
201600023045,0016-08-12 14:45:00,16,8,12,14,45,310,555,"24, AV DE MURET",,,Plein jour,En agglomération,Hors intersection,Normale,Deux véhicules - côté,,,,,,,,,,,1,2,1,1,3.0
201600023046,0016-08-13 19:04:00,16,8,13,19,4,310,557,"263, DOUMERGUE (RUE GAST",43.5885,1.35871,Plein jour,En agglomération,Giratoire,Normale,Trois véhicules et plus - collisions multiples,,,,,,,,,,,1,2,6,1,5.0
201600023047,0016-08-13 20:30:00,16,8,13,20,30,310,555,"999, RTE D ALBI",,,Crépuscule ou aube,En agglomération,Intersection en T,Normale,Deux véhicules - côté,,,,,,,,,,,2,2,3,1,3.0
201600023048,0016-08-17 17:50:00,16,8,17,17,50,310,555,"999, RUE CARAMAN",,,Plein jour,En agglomération,Intersection en X,Normale,Deux véhicules - côté,,,,,,,,,,,1,2,2,1,3.0
201600023049,0016-08-19 08:21:00,16,8,19,8,21,310,149,ALLEE COLOMBE/BD SELERY,43.62184,1.32082,Plein jour,En agglomération,Giratoire,Normale,Deux véhicules - côté,,,,,,,,,,,1,2,6,1,3.0
201600023050,0016-08-18 13:40:00,16,8,18,13,40,310,555,"8, GRANDE RUE SAINT MICH",43.58475,1.44775,Plein jour,En agglomération,Hors intersection,Normale,Deux véhicules - côté,,,,,,,,,,,1,2,1,1,3.0
201600023051,0016-08-19 17:05:00,16,8,19,17,5,310,555,"3, RUE MONTMORENCY",,,Plein jour,En agglomération,Hors intersection,Normale,Autre collision,,,,,,,,,,,1,2,1,1,6.0
201600023052,0016-08-20 09:25:00,16,8,20,9,25,310,555,VA007306 A64,,,Plein jour,Hors agglomération,Hors intersection,Normale,Trois véhicules et plus - collisions multiples,,,,,,,,,,,1,1,1,1,5.0
201600023053,0016-08-20 09:25:00,16,8,20,9,25,310,555,AV D ATLANTA,,,Plein jour,Hors agglomération,Hors intersection,Pluie forte,Deux véhicules - côté,,,,,,,,,,,1,1,1,3,3.0
201600023054,0016-08-22 02:07:00,16,8,22,2,7,310,557,SERMENT DE KOUFRA (RP),43.56979,1.33361,Nuit avec éclairage allumé,En agglomération,Giratoire,Normale,Deux véhicules - frontale,,,,,,,,,,,5,2,6,1,1.0
201600023055,0016-08-22 14:10:00,16,8,22,14,10,310,555,"999, RTE DE SEYSSES",,,Plein jour,En agglomération,Hors intersection,Normale,Deux véhicules - arrière,,,,,,,,,,,1,2,1,1,2.0
201600023056,0016-08-22 15:00:00,16,8,22,15,0,310,555,VA001490 A621,43.6237,1.4064,Plein jour,Hors agglomération,Hors intersection,Normale,Deux véhicules - arrière,,,,,,,,,,,1,1,1,1,2.0
201600023057,0016-08-22 15:25:00,16,8,22,15,25,310,555,"999, BD DE LA MARQUETTE",,,Plein jour,En agglomération,Hors intersection,Normale,Trois véhicules et plus - en chaîne,,,,,,,,,,,1,2,1,1,4.0
201600023058,0016-08-23 07:50:00,16,8,23,7,50,310,555,"999, AV EDOUARD BELIN",,,Plein jour,En agglomération,Hors intersection,Normale,Autre collision,,,,,,,,,,,1,2,1,1,6.0
201600023059,0016-08-23 14:45:00,16,8,23,14,45,310,555,"9, RUE PAULE RAYMONDIS",,,Plein jour,En agglomération,Hors intersection,Normale,Deux véhicules - côté,,,,,,,,,,,1,2,1,1,3.0
201600023060,0016-08-23 18:00:00,16,8,23,18,0,310,555,"22, BD PIERRE PAUL RIQUE",,,Plein jour,En agglomération,Hors intersection,Normale,Deux véhicules - côté,,,,,,,,,,,1,2,1,1,3.0
201600023061,0016-08-24 08:15:00,16,8,24,8,15,310,555,"999, AV DE L URSS",,,Plein jour,En agglomération,Intersection en T,Normale,Deux véhicules - côté,,,,,,,,,,,1,2,3,1,3.0
201600023062,0016-08-24 14:40:00,16,8,24,14,40,310,555,"291, RTE DE SEYSSES",,,Plein jour,En agglomération,Hors intersection,Normale,Deux véhicules - côté,,,,,,,,,,,1,2,1,1,3.0
201600023063,0016-08-25 13:00:00,16,8,25,13,0,310,555,"54, RUE DE REMUSAT",,,Plein jour,En agglomération,Hors intersection,Normale,Autre collision,,,,,,,,,,,1,2,1,1,6.0
201600023064,0016-08-25 19:05:00,16,8,25,19,5,310,555,VA007331 A620,43.6496,1.4217,Plein jour,Hors agglomération,Hors intersection,Normale,Trois véhicules et plus - en chaîne,,,,,,,,,,,1,1,1,1,4.0
201600023065,0016-08-26 14:40:00,16,8,26,14,40,310,69,VERDUN (PL DE),43.62412,1.39294,Plein jour,En agglomération,Hors intersection,Normale,Autre collision,,,,,,,,,,,1,2,1,1,6.0
201600023066,0016-08-27 11:25:00,16,8,27,11,25,310,555,"999, BD D ARCOLE",,,Plein jour,En agglomération,Hors intersection,Normale,Deux véhicules - côté,,,,,,,,,,,1,2,1,1,3.0
201600023067,0016-08-27 22:00:00,16,8,27,22,0,310,555,"173, RTE DE LAUNAGUET",,,Nuit avec éclairage allumé,En agglomération,Hors intersection,Normale,Autre collision,,,,,,,,,,,5,2,1,1,6.0
201600023068,0016-08-27 22:45:00,16,8,27,22,45,310,69,A621 SAINT MICHEL DU TOU,43.6265,1.38432,Nuit avec éclairage allumé,Hors agglomération,Hors intersection,Normale,Deux véhicules - arrière,,,,,,,,,,,5,1,1,1,2.0
201600023069,0016-08-28 07:40:00,16,8,28,7,40,310,555,"999, VA001490 A621",43.6248,1.40907,Plein jour,Hors agglomération,Hors intersection,Normale,Deux véhicules - arrière,,,,,,,,,,,1,1,1,1,2.0
201600023070,0016-08-30 09:05:00,16,8,30,9,5,310,555,"32, BD LASCROSSES",,,Plein jour,En agglomération,Hors intersection,Normale,Deux véhicules - côté,,,,,,,,,,,1,2,1,1,3.0
201600023071,0016-08-30 11:30:00,16,8,30,11,30,310,555,"21, RUE ANTONIN MERCIE",,,Plein jour,En agglomération,Hors intersection,Normale,Autre collision,,,,,,,,,,,1,2,1,1,6.0
201600023072,0016-08-29 17:40:00,16,8,29,17,40,310,69,"999, A621 SAINT MICHEL D",,,Plein jour,Hors agglomération,Hors intersection,Normale,Trois véhicules et plus - en chaîne,,,,,,,,,,,1,1,1,1,4.0
201600023073,0016-08-29 11:35:00,16,8,29,11,35,310,69,TIERS ETAT (CH DU),43.65746,1.3969,Plein jour,En agglomération,Intersection en X,Normale,Deux véhicules - côté,,,,,,,,,,,1,2,2,1,3.0
201600023074,0016-08-30 12:50:00,16,8,30,12,50,310,555,"19, LYON (AV DE) DU 1AU",,,Plein jour,En agglomération,Hors intersection,Normale,Autre collision,,,,,,,,,,,1,2,1,1,6.0
201600023075,0016-08-31 15:30:00,16,8,31,15,30,310,555,VA007331 A620,43.6371,1.42085,Plein jour,Hors agglomération,Hors intersection,Normale,Deux véhicules - arrière,,,,,,,,,,,1,1,1,1,2.0
201600023076,0016-09-01 08:55:00,16,9,1,8,55,310,555,"999, ALL DE GUYENNE",,,Plein jour,En agglomération,Hors intersection,Normale,Autre collision,,,,,,,,,,,1,2,1,1,6.0
201600023077,0016-09-01 18:15:00,16,9,1,18,15,310,149,"999, RN124",43.6066,1.32585,Plein jour,Hors agglomération,Hors intersection,Normale,Deux véhicules - arrière,,,,,,,,,,,1,1,1,1,2.0
201600023078,0016-09-01 22:40:00,16,9,1,22,40,310,555,"999, RUE DES GERANIUMS",,,Nuit avec éclairage allumé,En agglomération,Intersection en T,Normale,Deux véhicules - côté,,,,,,,,,,,5,2,3,1,3.0
201600023079,0016-09-02 01:10:00,16,9,2,1,10,310,555,"79, ALL CHARLES DE FITTE",,,Nuit avec éclairage allumé,En agglomération,Hors intersection,Normale,Deux véhicules - côté,,,,,,,,,,,5,2,1,1,3.0
201600023080,0016-09-01 18:25:00,16,9,1,18,25,310,557,TARBES (ROUTE DE),,,Plein jour,En agglomération,Hors intersection,Normale,Autre collision,,,,,,,,,,,1,2,1,1,6.0
201600023081,0016-09-02 12:40:00,16,9,2,12,40,310,149,"999, ORATOIRE (ALLEE DE",,,Plein jour,En agglomération,Hors intersection,Normale,Deux véhicules - côté,,,,,,,,,,,1,2,1,1,3.0
201600023082,0016-09-02 08:25:00,16,9,2,8,25,310,555,VA007331 A620,,,Plein jour,Hors agglomération,Hors intersection,Normale,Deux véhicules - côté,,,,,,,,,,,1,1,1,1,3.0
201600023083,0016-09-05 07:50:00,16,9,5,7,50,310,555,"999, RUE DU GERS",,,Plein jour,En agglomération,Hors intersection,Normale,Deux véhicules - frontale,,,,,,,,,,,1,2,1,1,1.0
201600023084,0016-09-05 16:40:00,16,9,5,16,40,310,557,D980,,,Plein jour,Hors agglomération,Hors intersection,Normale,Autre collision,,,,,,,,,,,1,1,1,1,6.0
201600023085,0016-09-05 21:45:00,16,9,5,21,45,310,555,VA007553 A61,,,Nuit sans éclairage public,Hors agglomération,Hors intersection,Normale,Trois véhicules et plus - en chaîne,,,,,,,,,,,3,1,1,1,4.0
201600023086,0016-09-05 11:25:00,16,9,5,11,25,310,555,VA007331 A620,,,Plein jour,Hors agglomération,Hors intersection,Normale,Trois véhicules et plus - en chaîne,,,,,,,,,,,1,1,1,1,4.0
201600023087,0016-09-06 08:07:00,16,9,6,8,7,310,555,VA007473 A62,,,Plein jour,Hors agglomération,Hors intersection,Normale,Trois véhicules et plus - en chaîne,,,,,,,,,,,1,1,1,1,4.0
201600023088,0016-09-07 07:58:00,16,9,7,7,58,310,555,"108, AV DE LA GLOIRE",,,Plein jour,En agglomération,Hors intersection,Normale,Autre collision,,,,,,,,,,,1,2,1,1,6.0
201600023089,0016-09-06 07:40:00,16,9,6,7,40,310,149,"999, NAUROUZE (ALLEE DE)",,,Plein jour,En agglomération,Hors intersection,Normale,Trois véhicules et plus - collisions multiples,,,,,,,,,,,1,2,1,1,5.0
201600023090,0016-09-06 13:05:00,16,9,6,13,5,310,149,"999, ingres (auguste)",,,Plein jour,En agglomération,Hors intersection,Normale,Trois véhicules et plus - en chaîne,,,,,,,,,,,1,2,1,1,4.0
201600023091,0016-09-07 08:55:00,16,9,7,8,55,310,555,VA007495 A62,,,Plein jour,Hors agglomération,Hors intersection,Normale,Trois véhicules et plus - en chaîne,,,,,,,,,,,1,1,1,1,4.0
201600023092,0016-09-07 09:30:00,16,9,7,9,30,310,555,"92, AV CAMILLE PUJOL",,,Plein jour,En agglomération,Hors intersection,Normale,Autre collision,,,,,,,,,,,1,2,1,1,6.0
201600023093,0016-09-08 07:15:00,16,9,8,7,15,310,555,"999, ALL JEAN JAURES",,,Plein jour,En agglomération,Hors intersection,Normale,Deux véhicules - côté,,,,,,,,,,,1,2,1,1,3.0
201600023094,0016-09-09 11:10:00,16,9,9,11,10,310,555,"999, Rd Pt Firmin Pons",,,Plein jour,En agglomération,Hors intersection,Normale,Deux véhicules - côté,,,,,,,,,,,1,2,1,1,3.0
201600023095,0016-09-09 13:50:00,16,9,9,13,50,310,149,"17, NASQUE (CHEMIN DE LA",,,Plein jour,En agglomération,Hors intersection,Normale,Deux véhicules - arrière,,,,,,,,,,,1,2,1,1,2.0
201600023096,0016-09-09 12:45:00,16,9,9,12,45,310,555,VA007331 A620,,,Plein jour,Hors agglomération,Hors intersection,Normale,Trois véhicules et plus - en chaîne,,,,,,,,,,,1,1,1,1,4.0
201600023097,0016-09-09 23:33:00,16,9,9,23,33,310,555,"999, AV DE LA GLOIRE",,,Nuit avec éclairage allumé,En agglomération,Intersection en T,Normale,Deux véhicules - côté,,,,,,,,,,,5,2,3,1,3.0
201600023098,0016-09-10 10:45:00,16,9,10,10,45,310,555,"28, RUE DES FRERES LION",,,Plein jour,En agglomération,Hors intersection,Normale,Autre collision,,,,,,,,,,,1,2,1,1,6.0
201600023099,0016-09-03 02:24:00,16,9,3,2,24,310,555,RUE DES CHAMOIS,,,Nuit avec éclairage allumé,En agglomération,Hors intersection,Normale,Autre collision,,,,,,,,,,,5,2,1,1,6.0
201600023100,0016-09-12 13:55:00,16,9,12,13,55,310,555,"16, BD SILVIO TRENTIN",,,Plein jour,En agglomération,Hors intersection,Normale,Autre collision,,,,,,,,,,,1,2,1,1,6.0
201600023101,0016-09-12 10:20:00,16,9,12,10,20,310,555,"311, RTE DE LAUNAGUET",,,Plein jour,En agglomération,Hors intersection,Normale,Autre collision,,,,,,,,,,,1,2,1,1,6.0
201600023102,0016-09-12 11:00:00,16,9,12,11,0,310,149,"999, PYRENEES (ALLEE DES",,,Plein jour,En agglomération,Hors intersection,Normale,Deux véhicules - arrière,,,,,,,,,,,1,2,1,1,2.0
201600023103,0016-09-12 17:05:00,16,9,12,17,5,310,555,"999, BD LASCROSSES",,,Plein jour,En agglomération,Hors intersection,Normale,Deux véhicules - côté,,,,,,,,,,,1,2,1,1,3.0