accident_id,datetime,annee,mois,jour,heure,minute,departement,commune_insee,adresse,latitude,longitude,luminosite,agglomeration,intersection,meteo,collision,nb_vehicules,nb_usagers,nb_indemnes,nb_tues,nb_blesses_hosp,nb_blesses_legers,age_cond_1,age_cond_2,veh_type_cond_1,veh_type_cond_2,lum_code,agg_code,int_code,atm_code,col_code
201600023104,0016-09-12 17:55:00,16,9,12,17,55,310,555,"999, ECHANGEUR SESQUIERE",,,Plein jour,Hors agglomération,Intersection en T,Normale,Deux véhicules - côté,,,,,,,,,,,1,1,3,1,3.0
201600023105,0016-09-10 02:20:00,16,9,10,2,20,310,555,"130, RUE DU FAUBOURG BON",,,Nuit avec éclairage allumé,En agglomération,Hors intersection,Normale,Autre collision,,,,,,,,,,,5,2,1,1,6.0
201600023106,0016-09-13 06:35:00,16,9,13,6,35,310,555,"116, AV CAMILLE PUJOL",,,Plein jour,En agglomération,Intersection en Y,Normale,Deux véhicules - côté,,,,,,,,,,,1,2,4,1,3.0
201600023107,0016-09-13 08:10:00,16,9,13,8,10,310,555,"01, AV DE LARDENNE",43.59343,1.40726,Plein jour,En agglomération,Hors intersection,Normale,Autre collision,,,,,,,,,,,1,2,1,1,6.0
201600023108,0016-09-13 18:30:00,16,9,13,18,30,310,557,"999, GASCOGNE (AV DE)",,,Plein jour,En agglomération,Intersection en X,Normale,Deux véhicules - côté,,,,,,,,,,,1,2,2,1,3.0
201600023109,0016-09-15 11:35:00,16,9,15,11,35,310,555,"209, AV DE CASTRES",,,Plein jour,En agglomération,Hors intersection,Normale,Deux véhicules - côté,,,,,,,,,,,1,2,1,1,3.0
201600023110,0016-09-16 20:00:00,16,9,16,20,0,310,555,AV DE LARDENNE,,,Nuit avec éclairage allumé,En agglomération,Hors intersection,Pluie légère,Deux véhicules - arrière,,,,,,,,,,,5,2,1,2,2.0
201600023111,0016-09-17 04:20:00,16,9,17,4,20,310,555,"999, PONT NEUF",,,Nuit avec éclairage allumé,En agglomération,Hors intersection,Normale,Deux véhicules - arrière,,,,,,,,,,,5,2,1,1,2.0
201600023112,0016-09-17 18:25:00,16,9,17,18,25,310,555,"999, VA007331 A620",,,Plein jour,Hors agglomération,Hors intersection,Normale,Deux véhicules - arrière,,,,,,,,,,,1,1,1,1,2.0
201600023113,0016-09-17 18:00:00,16,9,17,18,0,310,555,"161, AV DES MINIMES",,,Plein jour,En agglomération,Hors intersection,Normale,Deux véhicules - arrière,,,,,,,,,,,1,2,1,1,2.0
201600023114,0016-09-21 08:45:00,16,9,21,8,45,310,555,"16, BD DE STRASBOURG",,,Plein jour,En agglomération,Hors intersection,Normale,Autre collision,,,,,,,,,,,1,2,1,1,6.0
201600023115,0016-09-21 12:40:00,16,9,21,12,40,310,555,"32, RUE DE LA REPUBLIQUE",,,Plein jour,En agglomération,Hors intersection,Normale,Deux véhicules - côté,,,,,,,,,,,1,2,1,1,3.0
201600023116,0016-09-22 14:50:00,16,9,22,14,50,310,555,"153, RUE HENRI DESBALS",43.58231,1.41406,Plein jour,En agglomération,Hors intersection,Normale,Autre collision,,,,,,,,,,,1,2,1,1,6.0
201600023117,0016-09-22 18:55:00,16,9,22,18,55,310,555,"999, RTE DE LAUNAGUET",,,Plein jour,Hors agglomération,Hors intersection,Normale,Deux véhicules - arrière,,,,,,,,,,,1,1,1,1,2.0
201600023118,0016-09-23 17:10:00,16,9,23,17,10,310,555,D980,43.6021,1.36594,Plein jour,Hors agglomération,Hors intersection,Normale,Trois véhicules et plus - en chaîne,,,,,,,,,,,1,1,1,1,4.0
201600023119,0016-09-25 18:40:00,16,9,25,18,40,310,555,"999, AV LUCIEN BAROUX",,,Plein jour,En agglomération,Hors intersection,Normale,Sans collision,,,,,,,,,,,1,2,1,1,7.0
201600023120,0016-09-25 19:50:00,16,9,25,19,50,310,555,"999, ALL FORAIN FRANCOIS",,,Nuit avec éclairage allumé,En agglomération,Intersection en X,Normale,Deux véhicules - arrière,,,,,,,,,,,5,2,2,1,2.0
201600023121,0016-09-24 15:19:00,16,9,24,15,19,310,149,"999, ECHANGEUR ST MARTIN",43.6102,1.38535,Plein jour,Hors agglomération,Hors intersection,Normale,Sans collision,,,,,,,,,,,1,1,1,1,7.0
201600023122,0016-09-25 06:00:00,16,9,25,6,0,310,149,"999, COLLONGUES (RUE ETI",43.60301,1.32908,Nuit avec éclairage non allumé,En agglomération,Hors intersection,Normale,Autre collision,,,,,,,,,,,4,2,1,1,6.0
201600023123,0016-09-22 11:50:00,16,9,22,11,50,310,555,"999, RPT DU DR MAURICE C",,,Plein jour,En agglomération,Hors intersection,Normale,Deux véhicules - côté,,,,,,,,,,,1,2,1,1,3.0
201600023124,0016-09-26 18:05:00,16,9,26,18,5,310,555,"999, AV DE TABAR",43.57433,1.40314,Plein jour,En agglomération,Hors intersection,Normale,Autre collision,,,,,,,,,,,1,2,1,1,6.0
201600023125,0016-09-27 07:15:00,16,9,27,7,15,310,555,"999, RTE DE SEYSSES",43.55811,1.40209,Crépuscule ou aube,Hors agglomération,Intersection en X,Normale,Deux véhicules - côté,,,,,,,,,,,2,1,2,1,3.0
201600023126,0016-09-27 12:20:00,16,9,27,12,20,310,555,"17, ALL CHARLES DE FITTE",43.59421,1.4332,Plein jour,En agglomération,Hors intersection,Normale,Deux véhicules - arrière,,,,,,,,,,,1,2,1,1,2.0
201600023127,0016-09-27 15:40:00,16,9,27,15,40,310,555,"999, RUE DU LANGUEDOC",43.59946,1.44567,Plein jour,En agglomération,Hors intersection,Normale,Deux véhicules - côté,,,,,,,,,,,1,2,1,1,3.0
201600023128,0016-09-27 15:45:00,16,9,27,15,45,310,555,"175, RTE DE LAUNAGUET",,,Plein jour,En agglomération,Hors intersection,Normale,Deux véhicules - côté,,,,,,,,,,,1,2,1,1,3.0
201600023129,0016-09-24 08:20:00,16,9,24,8,20,310,555,"256, RTE DE REVEL",,,Plein jour,En agglomération,Hors intersection,Normale,Deux véhicules - frontale,,,,,,,,,,,1,2,1,1,1.0
201600023130,0016-09-28 15:07:00,16,9,28,15,7,310,555,VA007331 A620,43.6126,1.41701,Plein jour,Hors agglomération,Hors intersection,Normale,Trois véhicules et plus - en chaîne,,,,,,,,,,,1,1,1,1,4.0
201600023131,0016-09-29 08:45:00,16,9,29,8,45,310,149,"999, LOURON (AVENUE DU)",43.60047,1.32259,Plein jour,En agglomération,Hors intersection,Temps éblouissant,Autre collision,,,,,,,,,,,1,2,1,7,6.0
201600023132,0016-09-29 08:45:00,16,9,29,8,45,310,555,"63, RUE DU BEARNAIS",43.61076,1.42609,Plein jour,En agglomération,Hors intersection,Normale,Deux véhicules - côté,,,,,,,,,,,1,2,1,1,3.0
201600023133,0016-09-29 08:20:00,16,9,29,8,20,310,555,"77, BD DE STRASBOURG",,,Plein jour,En agglomération,Hors intersection,Normale,Autre collision,,,,,,,,,,,1,2,1,1,6.0
201600023134,0016-09-29 08:25:00,16,9,29,8,25,310,555,VA007331 A620,,,Plein jour,Hors agglomération,Hors intersection,Normale,Deux véhicules - côté,,,,,,,,,,,1,1,1,1,3.0
201600023135,0016-09-29 09:25:00,16,9,29,9,25,310,555,RUE JEAN GILLES,43.57004,1.402,Plein jour,En agglomération,Hors intersection,Normale,Autre collision,,,,,,,,,,,1,2,1,1,6.0
201600023136,0016-09-29 16:35:00,16,9,29,16,35,310,555,VA007495 A62,43.651,1.42261,Plein jour,Hors agglomération,Hors intersection,Normale,Deux véhicules - arrière,,,,,,,,,,,1,1,1,1,2.0
201600023137,0016-09-30 19:45:00,16,9,30,19,45,310,555,"52, RUE DE LA REPUBLIQUE",43.59827,1.43345,Nuit avec éclairage allumé,En agglomération,Hors intersection,Normale,Autre collision,,,,,,,,,,,5,2,1,1,6.0
201600023138,0016-10-01 13:45:00,16,10,1,13,45,310,69,"18, DE GAULLE (AV DU GEN",43.64051,1.38235,Plein jour,En agglomération,Hors intersection,Normale,Deux véhicules - côté,,,,,,,,,,,1,2,1,1,3.0
201600023139,0016-10-03 13:10:00,16,10,3,13,10,310,555,AV DES ARENES ROMAINES,43.61987,1.39677,Plein jour,En agglomération,Hors intersection,Normale,Deux véhicules - frontale,,,,,,,,,,,1,2,1,1,1.0
201600023140,0016-10-03 17:50:00,16,10,3,17,50,310,555,"23, RUE GEORGES PICOT",43.58852,1.45439,Plein jour,En agglomération,Intersection en X,Normale,Deux véhicules - côté,,,,,,,,,,,1,2,2,1,3.0
201600023141,0016-10-03 18:13:00,16,10,3,18,13,310,555,14 CROIX DAURADE (PERIPH,43.6463,1.46599,Plein jour,Hors agglomération,Hors intersection,Normale,Deux véhicules - côté,,,,,,,,,,,1,1,1,1,3.0
201600023142,0016-10-03 18:30:00,16,10,3,18,30,310,555,"34, AV DE GRANDE BRETAGN",43.59743,1.4211,Plein jour,En agglomération,Hors intersection,Normale,Autre collision,,,,,,,,,,,1,2,1,1,6.0
201600023143,0016-10-04 17:10:00,16,10,4,17,10,310,555,VA007331 A620,43.6211,1.4177,Plein jour,Hors agglomération,Hors intersection,Normale,Autre collision,,,,,,,,,,,1,1,1,1,6.0
201600023144,0016-10-05 07:50:00,16,10,5,7,50,310,555,"999, VA007306 A64",43.56325,1.41826,Plein jour,Hors agglomération,Hors intersection,Normale,Deux véhicules - côté,,,,,,,,,,,1,1,1,1,3.0
201600023145,0016-10-05 13:35:00,16,10,5,13,35,310,555,"999, AV PAUL SEJOURNE",43.60689,1.42823,Plein jour,En agglomération,Intersection en X,Normale,Deux véhicules - côté,,,,,,,,,,,1,2,2,1,3.0
201600023146,0016-10-05 18:35:00,16,10,5,18,35,310,555,"999, VA007331 A620",43.57239,1.45611,Plein jour,Hors agglomération,Hors intersection,Normale,Deux véhicules - côté,,,,,,,,,,,1,1,1,1,3.0
201600023147,0016-10-06 00:15:00,16,10,6,0,15,310,555,VA007553 A61,43.6289,1.47892,Nuit avec éclairage allumé,Hors agglomération,Hors intersection,Normale,Autre collision,,,,,,,,,,,5,1,1,1,6.0
201600023148,0016-10-06 07:10:00,16,10,6,7,10,310,557,"999, DOUMERGUE (IMP GAST",,,Nuit avec éclairage allumé,En agglomération,Intersection en T,Normale,Deux véhicules - côté,,,,,,,,,,,5,2,3,1,3.0
201600023149,0016-10-06 10:20:00,16,10,6,10,20,310,555,"999, BD D ARCOLE",,,Plein jour,En agglomération,Hors intersection,Normale,Deux véhicules - côté,,,,,,,,,,,1,2,1,1,3.0
201600023150,0016-10-06 06:55:00,16,10,6,6,55,310,555,"132, AV DES ETATS UNIS",43.6351,1.43096,Nuit avec éclairage allumé,En agglomération,Hors intersection,Normale,Autre collision,,,,,,,,,,,5,2,1,1,6.0
201600023151,0016-10-06 08:25:00,16,10,6,8,25,310,555,CHE D ESCALLES,,,Plein jour,En agglomération,Hors intersection,Normale,Autre collision,,,,,,,,,,,1,2,1,1,6.0
201600023152,0016-10-06 12:50:00,16,10,6,12,50,310,555,"999, AV DE LYON",43.61422,1.45094,Plein jour,En agglomération,Intersection en X,Normale,Autre collision,,,,,,,,,,,1,2,2,1,6.0
201600023153,0016-10-06 17:00:00,16,10,6,17,0,310,555,"999, RN124",43.609,1.36396,Plein jour,Hors agglomération,Hors intersection,Normale,Trois véhicules et plus - en chaîne,,,,,,,,,,,1,1,1,1,4.0
201600023154,0016-10-06 19:40:00,16,10,6,19,40,310,555,"999, RD916",,,Nuit avec éclairage allumé,Hors agglomération,Hors intersection,Normale,Deux véhicules - côté,,,,,,,,,,,5,1,1,1,3.0
201600023155,0016-10-07 08:30:00,16,10,7,8,30,310,149,"999, GERS (ALLEE DU)",43.6098,1.32486,Plein jour,En agglomération,Hors intersection,Normale,Deux véhicules - frontale,,,,,,,,,,,1,2,1,1,1.0
201600023156,0016-10-07 13:10:00,16,10,7,13,10,310,555,"47, RTE DE SAINT SIMON",43.5631,1.37207,Plein jour,En agglomération,Hors intersection,Normale,Deux véhicules - côté,,,,,,,,,,,1,2,1,1,3.0
201600023157,0016-10-08 11:08:00,16,10,8,11,8,310,555,"16, AV M BOURGES MAUNOUR",,,Plein jour,En agglomération,Hors intersection,Normale,Deux véhicules - frontale,,,,,,,,,,,1,2,1,1,1.0
201600023158,0016-10-08 14:40:00,16,10,8,14,40,310,555,"999, AV PAUL SEJOURNE",,,Plein jour,En agglomération,Intersection en X,Normale,Deux véhicules - frontale,,,,,,,,,,,1,2,2,1,1.0
201600023159,0016-10-08 17:00:00,16,10,8,17,0,310,555,"56, CHE DE GABARDIE",43.63296,1.48203,Plein jour,En agglomération,Hors intersection,Normale,Deux véhicules - côté,,,,,,,,,,,1,2,1,1,3.0
201600023160,0016-10-09 18:00:00,16,10,9,18,0,310,555,"22, BD SILVIO TRENTIN",,,Plein jour,En agglomération,Hors intersection,Normale,Autre collision,,,,,,,,,,,1,2,1,1,6.0
201600023161,0016-10-08 18:00:00,16,10,8,18,0,310,555,"999, PL DE LA PATTE D OI",43.59631,1.42299,Plein jour,En agglomération,Hors intersection,Normale,Deux véhicules - côté,,,,,,,,,,,1,2,1,1,3.0
201600023162,0016-10-10 08:00:00,16,10,10,8,0,310,555,"1, CHE DU RAMELET MOUNDI",43.58271,1.37435,Crépuscule ou aube,En agglomération,Hors intersection,Normale,Deux véhicules - côté,,,,,,,,,,,2,2,1,1,3.0
201600023163,0016-10-10 13:18:00,16,10,10,13,18,310,149,"42, SALVETAT (CHEMIN DE",43.60367,1.30556,Plein jour,En agglomération,Intersection en T,Normale,Deux véhicules - côté,,,,,,,,,,,1,2,3,1,3.0
201600023164,0016-10-11 16:20:00,16,10,11,16,20,310,69,"999, TILLEULS (AV DES)",43.63571,1.38504,Plein jour,Hors agglomération,Hors intersection,Normale,Deux véhicules - côté,,,,,,,,,,,1,1,1,1,3.0
201600023165,0016-10-11 21:40:00,16,10,11,21,40,310,555,"999, CHE RAYNAL",,,Nuit avec éclairage allumé,En agglomération,Intersection en X,Normale,Deux véhicules - côté,,,,,,,,,,,5,2,2,1,3.0
201600023166,0016-10-12 07:20:00,16,10,12,7,20,310,555,VA007495 A62,43.64702,1.44303,Crépuscule ou aube,Hors agglomération,Hors intersection,Normale,Deux véhicules - côté,,,,,,,,,,,2,1,1,1,3.0
201600023167,0016-10-12 08:50:00,16,10,12,8,50,310,555,VA007355 PURPAN A620 Sor,43.60163,1.39869,Plein jour,Hors agglomération,Hors intersection,Normale,Trois véhicules et plus - collisions multiples,,,,,,,,,,,1,1,1,1,5.0
201600023168,0016-10-12 10:30:00,16,10,12,10,30,310,555,VA007331 A620,43.6005,1.39804,Plein jour,Hors agglomération,Hors intersection,Normale,Trois véhicules et plus - collisions multiples,,,,,,,,,,,1,1,1,1,5.0
201600023169,0016-10-12 14:10:00,16,10,12,14,10,310,555,"4, CHE TRICOU",43.61687,1.42254,Plein jour,En agglomération,Hors intersection,Normale,Autre collision,,,,,,,,,,,1,2,1,1,6.0
201600023170,0016-10-12 17:30:00,16,10,12,17,30,310,555,"54, BD DE STRASBOURG",43.60948,1.44505,Plein jour,En agglomération,Hors intersection,Normale,Autre collision,,,,,,,,,,,1,2,1,1,6.0
201600023171,0016-10-12 18:20:00,16,10,12,18,20,310,555,"999, RUE DU FAUBOURG BON",43.61604,1.45314,Plein jour,En agglomération,Intersection en Y,Normale,Deux véhicules - côté,,,,,,,,,,,1,2,4,1,3.0
201600023172,0016-10-14 19:30:00,16,10,14,19,30,310,555,"119, JULIEN (AV JULES) D",43.57883,1.4501,Nuit sans éclairage public,En agglomération,Hors intersection,Pluie légère,Deux véhicules - côté,,,,,,,,,,,3,2,1,2,3.0
201600023173,0016-10-14 20:10:00,16,10,14,20,10,310,555,"999, BD PIERRE ET MARIE",43.626,1.43747,Nuit avec éclairage allumé,En agglomération,Hors intersection,Pluie légère,Deux véhicules - côté,,,,,,,,,,,5,2,1,2,3.0
201600023174,0016-10-15 14:55:00,16,10,15,14,55,310,555,VA007331 A620,43.64375,1.42602,Plein jour,Hors agglomération,Hors intersection,Normale,Deux véhicules - arrière,,,,,,,,,,,1,1,1,1,2.0
201600023175,0016-10-15 17:50:00,16,10,15,17,50,310,555,"999, RUE DU FERETRA",43.57899,1.44342,Plein jour,Hors agglomération,Intersection en T,Normale,Deux véhicules - côté,,,,,,,,,,,1,1,3,1,3.0
201600023176,0016-10-16 18:35:00,16,10,16,18,35,310,555,"999, AV DU GENERAL EISEN",,,Plein jour,En agglomération,Hors intersection,Normale,Deux véhicules - arrière,,,,,,,,,,,1,2,1,1,2.0
201600023177,0016-10-17 07:20:00,16,10,17,7,20,310,555,ECHANGEUR SESQUIERES (A6,43.64777,1.42169,Crépuscule ou aube,Hors agglomération,Hors intersection,Normale,Deux véhicules - côté,,,,,,,,,,,2,1,1,1,3.0
201600023178,0016-10-18 06:52:00,16,10,18,6,52,310,555,VA007331 A620,43.6099,1.41377,Nuit avec éclairage allumé,Hors agglomération,Hors intersection,Normale,Deux véhicules - arrière,,,,,,,,,,,5,1,1,1,2.0
201600023179,0016-10-18 13:20:00,16,10,18,13,20,310,555,"999, VA007331 A620",43.6136,1.41757,Plein jour,Hors agglomération,Hors intersection,Normale,Deux véhicules - arrière,,,,,,,,,,,1,1,1,1,2.0
201600023180,0016-10-18 18:20:00,16,10,18,18,20,310,69,"999, BELLONTE (RD-PT MAU",43.6271,1.38523,Plein jour,En agglomération,Hors intersection,Normale,Deux véhicules - côté,,,,,,,,,,,1,2,1,1,3.0
201600023181,0016-10-19 20:40:00,16,10,19,20,40,310,555,"8, RUE THEODORE OZENNE",43.59683,1.44663,Nuit avec éclairage allumé,En agglomération,Hors intersection,Normale,Deux véhicules - côté,,,,,,,,,,,5,2,1,1,3.0
201600023182,0016-10-20 00:05:00,16,10,20,0,5,310,555,"999, CHE COTES DE PECH D",43.55871,1.44693,Nuit sans éclairage public,Hors agglomération,Hors intersection,Normale,Deux véhicules - frontale,,,,,,,,,,,3,1,1,1,1.0
201600023183,0016-10-20 07:30:00,16,10,20,7,30,310,555,"999, Rd Pt Firmin Pons",43.56904,1.37569,Nuit avec éclairage allumé,Hors agglomération,Giratoire,Normale,Deux véhicules - côté,,,,,,,,,,,5,1,6,1,3.0
201600023184,0016-10-20 08:35:00,16,10,20,8,35,310,555,"999, CHE DU RAMELET MOUN",43.58018,1.36234,Plein jour,En agglomération,Hors intersection,Normale,Deux véhicules - côté,,,,,,,,,,,1,2,1,1,3.0
201600023185,0016-10-20 16:20:00,16,10,20,16,20,310,555,"999, VA008482 A624",43.6107,1.37608,Plein jour,Hors agglomération,Hors intersection,Normale,Deux véhicules - arrière,,,,,,,,,,,1,1,1,1,2.0
201600023186,0016-10-20 18:05:00,16,10,20,18,5,310,555,"999, RUE HENRI DESBALS",43.58324,1.41488,Plein jour,En agglomération,Hors intersection,Normale,Deux véhicules - côté,,,,,,,,,,,1,2,1,1,3.0
201600023187,0016-10-20 18:30:00,16,10,20,18,30,310,555,"310, AV DES ETATS UNIS",43.65373,1.42367,Crépuscule ou aube,En agglomération,Hors intersection,Normale,Deux véhicules - arrière,,,,,,,,,,,2,2,1,1,2.0
201600023188,0016-10-21 16:30:00,16,10,21,16,30,310,555,"1, PL DOMINIQUE MARTIN D",43.59998,1.45344,Plein jour,En agglomération,Hors intersection,Normale,Autre collision,,,,,,,,,,,1,2,1,1,6.0
201600023189,0016-10-21 18:25:00,16,10,21,18,25,310,555,"3, RUE FEDERICO GARCIA L",43.63357,1.42505,Plein jour,En agglomération,Hors intersection,Normale,Deux véhicules - côté,,,,,,,,,,,1,2,1,1,3.0
201600023190,0016-10-22 01:50:00,16,10,22,1,50,310,555,"999, AV JEAN CHAUBET",43.60435,1.47434,Nuit avec éclairage allumé,En agglomération,Intersection en X,Normale,Deux véhicules - côté,,,,,,,,,,,5,2,2,1,3.0
201600023191,0016-10-22 16:50:00,16,10,22,16,50,310,555,"999, RTE D ALBI",43.63563,1.46385,Plein jour,En agglomération,Intersection en T,Normale,Autre collision,,,,,,,,,,,1,2,3,1,6.0
201600023192,0016-10-24 21:50:00,16,10,24,21,50,310,555,RN124,43.6086,1.3717,Nuit avec éclairage allumé,Hors agglomération,Hors intersection,Pluie légère,Deux véhicules - arrière,,,,,,,,,,,5,1,1,2,2.0
201600023193,0016-10-24 16:10:00,16,10,24,16,10,310,555,"999, AV JEAN ZAY",43.6516,1.42608,Plein jour,En agglomération,Intersection en T,Normale,Deux véhicules - côté,,,,,,,,,,,1,2,3,1,3.0
201600023194,0016-10-27 07:00:00,16,10,27,7,0,310,555,VA007473 A62,43.65199,1.42357,Nuit avec éclairage allumé,Hors agglomération,Hors intersection,Pluie légère,Trois véhicules et plus - collisions multiples,,,,,,,,,,,5,1,1,2,5.0
201600023195,0016-10-25 12:20:00,16,10,25,12,20,310,555,"999, PL DU PARLEMENT",43.59432,1.44403,Plein jour,En agglomération,Hors intersection,Normale,Autre collision,,,,,,,,,,,1,2,1,1,6.0
201600023196,0016-10-27 17:30:00,16,10,27,17,30,310,555,"999, Rd Pt Firmin Pons",43.5699,1.37463,Plein jour,En agglomération,Hors intersection,Normale,Deux véhicules - côté,,,,,,,,,,,1,2,1,1,3.0
201600023197,0016-10-28 04:16:00,16,10,28,4,16,310,69,"999, BELLONTE (RD-PT MAU",43.62699,1.3853,Plein jour,En agglomération,Hors intersection,Normale,Autre collision,,,,,,,,,,,1,2,1,1,6.0
201600023198,0016-10-28 15:35:00,16,10,28,15,35,310,555,"999, RUE DU FAUBOURG BON",43.66225,1.45334,Plein jour,En agglomération,Hors intersection,Normale,Deux véhicules - côté,,,,,,,,,,,1,2,1,1,3.0
201600023199,0016-10-30 01:40:00,16,10,30,1,40,310,555,"999, D980",43.60962,1.37187,Nuit sans éclairage public,Hors agglomération,Hors intersection,Normale,Autre collision,,,,,,,,,,,3,1,1,1,6.0
201600023200,0016-10-31 09:55:00,16,10,31,9,55,310,555,"999, BD PIERRE ET MARIE",43.62613,1.43711,Plein jour,En agglomération,Intersection en X,Normale,Deux véhicules - côté,,,,,,,,,,,1,2,2,1,3.0
201600023201,0016-11-01 19:10:00,16,11,1,19,10,310,555,"999, RUE JEAN MERMOZ",43.58285,1.4168,Nuit avec éclairage allumé,En agglomération,Intersection en T,Normale,Deux véhicules - côté,,,,,,,,,,,5,2,3,1,3.0
201600023202,0016-11-01 20:00:00,16,11,1,20,0,310,555,VA007331 A620,43.63371,1.42069,Nuit avec éclairage non allumé,Hors agglomération,Hors intersection,Normale,Trois véhicules et plus - en chaîne,,,,,,,,,,,4,1,1,1,4.0
201600023203,0016-11-02 16:30:00,16,11,2,16,30,310,555,VA007331 A620,43.56915,1.42237,Plein jour,Hors agglomération,Hors intersection,Normale,Trois véhicules et plus - en chaîne,,,,,,,,,,,1,1,1,1,4.0
201600023204,0016-11-02 17:15:00,16,11,2,17,15,310,555,"60, ALL MAURICE SARRAUT",43.5911,1.42107,Plein jour,En agglomération,Hors intersection,Normale,Deux véhicules - côté,,,,,,,,,,,1,2,1,1,3.0
201600023205,0016-11-02 20:20:00,16,11,2,20,20,310,555,CHE DE FENOUILLET,43.6477,1.41405,Nuit avec éclairage allumé,En agglomération,Hors intersection,Normale,Deux véhicules - arrière,,,,,,,,,,,5,2,1,1,2.0
201600023206,0016-11-03 13:45:00,16,11,3,13,45,310,555,"999, BD DE L EMBOUCHURE",43.61272,1.41701,Plein jour,En agglomération,Hors intersection,Normale,Deux véhicules - côté,,,,,,,,,,,1,2,1,1,3.0
201600023207,0016-11-03 15:15:00,16,11,3,15,15,310,555,"999, ROND POINT LEON LAJ",43.5564,1.40615,Plein jour,En agglomération,Hors intersection,Normale,Deux véhicules - frontale,,,,,,,,,,,1,2,1,1,1.0
201600023208,0016-11-03 18:00:00,16,11,3,18,0,310,555,"8, RUE LAMARCK",43.59363,1.44872,Crépuscule ou aube,En agglomération,Hors intersection,Normale,Deux véhicules - côté,,,,,,,,,,,2,2,1,1,3.0
201600023209,0016-11-03 19:00:00,16,11,3,19,0,310,555,"999, ROND POINT MADELEIN",43.60642,1.39593,Nuit avec éclairage allumé,En agglomération,Hors intersection,Normale,Deux véhicules - arrière,,,,,,,,,,,5,2,1,1,2.0
201600023210,0016-11-04 07:20:00,16,11,4,7,20,310,555,"999, NOUADHIBOU (RUE)",43.56566,1.50046,Crépuscule ou aube,En agglomération,Intersection en X,Normale,Deux véhicules - côté,,,,,,,,,,,2,2,2,1,3.0
201600023211,0016-11-04 19:15:00,16,11,4,19,15,310,555,ECHANGEUR SESQUIERES (A6,43.64819,1.42316,Nuit avec éclairage allumé,Hors agglomération,Hors intersection,Normale,Deux véhicules - côté,,,,,,,,,,,5,1,1,1,3.0
201600023212,0016-11-04 19:23:00,16,11,4,19,23,310,555,"999, RUE ELLA MAILLART",43.59772,1.41056,Nuit sans éclairage public,Hors agglomération,Hors intersection,Normale,Deux véhicules - frontale,,,,,,,,,,,3,1,1,1,1.0
201600023213,0016-11-05 02:15:00,16,11,5,2,15,310,555,"999, RUE PIERRE CAZENEUV",43.62242,1.44555,Nuit avec éclairage allumé,En agglomération,Intersection en T,Pluie légère,Deux véhicules - côté,,,,,,,,,,,5,2,3,2,3.0
201600023214,0016-11-05 18:10:00,16,11,5,18,10,310,555,"999, AV JULES JULIEN",43.57375,1.45187,Nuit avec éclairage non allumé,En agglomération,Hors intersection,Pluie légère,Autre collision,,,,,,,,,,,4,2,1,2,6.0
201600023215,0016-11-06 08:30:00,16,11,6,8,30,310,555,AV DES ETATS UNIS,43.64879,1.42522,Plein jour,En agglomération,Hors intersection,Normale,Deux véhicules - frontale,,,,,,,,,,,1,2,1,1,1.0
201600023216,0016-11-07 19:10:00,16,11,7,19,10,310,555,", RD901",43.6203,1.39363,Nuit avec éclairage allumé,Hors agglomération,Hors intersection,Normale,Deux véhicules - arrière,,,,,,,,,,,5,1,1,1,2.0
201600023217,0016-11-07 17:00:00,16,11,7,17,0,310,555,"71, RUE DU FAUBOURG BONN",43.61888,1.45622,Plein jour,En agglomération,Intersection en T,Normale,Deux véhicules - côté,,,,,,,,,,,1,2,3,1,3.0
201600023218,0016-11-08 08:20:00,16,11,8,8,20,310,149,"999, MAROTS (AVENUE DES)",43.60283,1.32618,Plein jour,En agglomération,Hors intersection,Normale,Deux véhicules - frontale,,,,,,,,,,,1,2,1,1,1.0
201600023219,0016-11-08 19:10:00,16,11,8,19,10,310,555,"999, RUE EDOUARD GELIS",43.5754,1.38513,Nuit avec éclairage allumé,En agglomération,Intersection en T,Pluie légère,Deux véhicules - côté,,,,,,,,,,,5,2,3,2,3.0
201600023220,0016-11-08 18:15:00,16,11,8,18,15,310,555,"34, BD DE LA MEDITERRANE",43.58245,1.4629,Nuit avec éclairage allumé,En agglomération,Hors intersection,Normale,Autre collision,,,,,,,,,,,5,2,1,1,6.0
201600023221,0016-11-09 06:25:00,16,11,9,6,25,310,555,"999, RTE DE LAUNAGUET",43.63671,1.43912,Nuit avec éclairage allumé,En agglomération,Hors intersection,Pluie forte,Deux véhicules - arrière,,,,,,,,,,,5,2,1,3,2.0
201600023222,0016-11-09 19:50:00,16,11,9,19,50,310,555,VA007331 A620,43.61876,1.41888,Nuit avec éclairage allumé,Hors agglomération,Hors intersection,Normale,Deux véhicules - arrière,,,,,,,,,,,5,1,1,1,2.0
201600023223,0016-11-10 06:30:00,16,11,10,6,30,310,555,RN124,43.60864,1.36742,Nuit avec éclairage non allumé,Hors agglomération,Hors intersection,Pluie légère,Trois véhicules et plus - en chaîne,,,,,,,,,,,4,1,1,2,4.0