accident_id,datetime,annee,mois,jour,heure,minute,departement,commune_insee,adresse,latitude,longitude,luminosite,agglomeration,intersection,meteo,collision,nb_vehicules,nb_usagers,nb_indemnes,nb_tues,nb_blesses_hosp,nb_blesses_legers,age_cond_1,age_cond_2,veh_type_cond_1,veh_type_cond_2,lum_code,agg_code,int_code,atm_code,col_code
201600023224,0016-11-10 10:50:00,16,11,10,10,50,310,555,VA007553 A61,43.64484,1.46874,Plein jour,Hors agglomération,Hors intersection,Pluie légère,Deux véhicules - côté,,,,,,,,,,,1,1,1,2,3.0
201600023225,0016-11-10 17:08:00,16,11,10,17,8,310,555,"77, RUE LOUIS PLANA",43.61404,1.47596,Plein jour,En agglomération,Hors intersection,Normale,Deux véhicules - frontale,,,,,,,,,,,1,2,1,1,1.0
201600023226,0016-11-12 16:40:00,16,11,12,16,40,310,555,"1, CHE DE LA TERRASSE",43.5781,1.49071,Plein jour,En agglomération,Hors intersection,Normale,Autre collision,,,,,,,,,,,1,2,1,1,6.0
201600023227,0016-11-13 23:35:00,16,11,13,23,35,310,555,"67, AV DE LATTRE DE TASS",43.58327,1.43924,Nuit avec éclairage allumé,En agglomération,Hors intersection,Normale,Deux véhicules - frontale,,,,,,,,,,,5,2,1,1,1.0
201600023228,0016-11-11 13:30:00,16,11,11,13,30,310,555,"999, AV DES ETATS UNIS",43.64746,1.42565,Plein jour,En agglomération,Hors intersection,Normale,Deux véhicules - arrière,,,,,,,,,,,1,2,1,1,2.0
201600023229,0016-11-14 12:45:00,16,11,14,12,45,310,555,RD901,,,Plein jour,Hors agglomération,Hors intersection,Normale,Trois véhicules et plus - collisions multiples,,,,,,,,,,,1,1,1,1,5.0
201600023230,0016-11-14 14:20:00,16,11,14,14,20,310,555,VA007306 A64,43.55846,1.41383,Plein jour,Hors agglomération,Hors intersection,Normale,Trois véhicules et plus - collisions multiples,,,,,,,,,,,1,1,1,1,5.0
201600023231,0016-11-15 07:30:00,16,11,15,7,30,310,555,"72, AV DE RANGUEIL",43.57351,1.4589,Plein jour,En agglomération,Intersection en T,Normale,Deux véhicules - côté,,,,,,,,,,,1,2,3,1,3.0
201600023232,0016-11-15 21:25:00,16,11,15,21,25,310,555,"999, RUE DU PONT GUILHEM",43.60069,1.45606,Nuit avec éclairage allumé,En agglomération,Intersection en T,Normale,Deux véhicules - frontale,,,,,,,,,,,5,2,3,1,1.0
201600023233,0016-11-16 07:50:00,16,11,16,7,50,310,149,"999, ALLENDE (AVENUE SAL",43.60507,1.32236,Crépuscule ou aube,En agglomération,Hors intersection,Normale,Autre collision,,,,,,,,,,,2,2,1,1,6.0
201600023234,0016-11-16 09:05:00,16,11,16,9,5,310,555,VA007331 A620,43.57343,1.45038,Plein jour,Hors agglomération,Hors intersection,Normale,Deux véhicules - arrière,,,,,,,,,,,1,1,1,1,2.0
201600023235,0016-11-16 17:29:00,16,11,16,17,29,310,149,"10, SERRES (AVENUE EDOUA",43.61299,1.35258,Crépuscule ou aube,En agglomération,Hors intersection,Normale,Deux véhicules - côté,,,,,,,,,,,2,2,1,1,3.0
201600023236,0016-11-17 07:45:00,16,11,17,7,45,310,149,"49, GILET (RUE)",43.6103,1.3395,Plein jour,En agglomération,Intersection en X,Normale,Deux véhicules - côté,,,,,,,,,,,1,2,2,1,3.0
201600023237,0016-11-17 12:28:00,16,11,17,12,28,310,555,VA007331 A620,43.61456,1.41835,Plein jour,Hors agglomération,Hors intersection,Normale,Deux véhicules - côté,,,,,,,,,,,1,1,1,1,3.0
201600023238,0016-11-17 22:00:00,16,11,17,22,0,310,555,"158, AV DE LARDENNE",43.59345,1.3908,Nuit avec éclairage allumé,En agglomération,Hors intersection,Normale,Sans collision,,,,,,,,,,,5,2,1,1,7.0
201600023239,0016-11-18 09:40:00,16,11,18,9,40,310,149,"999, SAINT GRANIER (AVEN",43.59727,1.36414,Plein jour,Hors agglomération,Hors intersection,Pluie légère,Deux véhicules - arrière,,,,,,,,,,,1,1,1,2,2.0
201600023240,0016-11-19 15:00:00,16,11,19,15,0,310,69,"999, BRASSENS (AV GEORGE",43.64967,1.37977,Plein jour,En agglomération,Hors intersection,Normale,Trois véhicules et plus - en chaîne,,,,,,,,,,,1,2,1,1,4.0
201600023241,0016-11-20 03:25:00,16,11,20,3,25,310,555,VA007331 A620,43.64459,1.42158,Nuit sans éclairage public,Hors agglomération,Hors intersection,Normale,Autre collision,,,,,,,,,,,3,1,1,1,6.0
201600023242,0016-11-21 17:10:00,16,11,21,17,10,310,555,"999, RUE MARIE CLAIRE DE",43.62674,1.44424,Crépuscule ou aube,En agglomération,Intersection en X,Pluie légère,Deux véhicules - côté,,,,,,,,,,,2,2,2,2,3.0
201600023243,0016-11-17 19:45:00,16,11,17,19,45,310,555,VA001490 A621,43.63127,1.38185,Nuit sans éclairage public,En agglomération,Hors intersection,Normale,Autre collision,,,,,,,,,,,3,2,1,1,6.0
201600023244,0016-11-21 17:15:00,16,11,21,17,15,310,69,"999, FIL D'ARIANE (RD902",43.63821,1.37646,Nuit sans éclairage public,Hors agglomération,Hors intersection,Pluie légère,Deux véhicules - côté,,,,,,,,,,,3,1,1,2,3.0
201600023245,0016-11-21 18:00:00,16,11,21,18,0,310,555,"999, PL EDOUARD BOUILLIE",43.56917,1.39381,Nuit avec éclairage non allumé,En agglomération,Hors intersection,Pluie forte,Autre collision,,,,,,,,,,,4,2,1,3,6.0
201600023246,0016-11-22 17:50:00,16,11,22,17,50,310,555,"999, BD PIERRE ET MARIE",43.62521,1.44105,Crépuscule ou aube,En agglomération,Hors intersection,Normale,Deux véhicules - côté,,,,,,,,,,,2,2,1,1,3.0
201600023247,0016-11-23 09:00:00,16,11,23,9,0,310,555,"24, RUE HENRI EBELOT",43.64118,1.4598,Plein jour,En agglomération,Hors intersection,Normale,Autre collision,,,,,,,,,,,1,2,1,1,6.0
201600023248,0016-11-21 16:10:00,16,11,21,16,10,310,149,"999, RN124",43.60645,1.31086,Crépuscule ou aube,Hors agglomération,Hors intersection,Pluie légère,Deux véhicules - arrière,,,,,,,,,,,2,1,1,2,2.0
201600023249,0016-11-24 13:20:00,16,11,24,13,20,310,555,"8, BD DEODAT DE SEVERAC",43.58668,1.42614,Plein jour,En agglomération,Hors intersection,Normale,Deux véhicules - frontale,,,,,,,,,,,1,2,1,1,1.0
201600023250,0016-11-24 17:15:00,16,11,24,17,15,310,555,"361, AV DES ETATS UNIS",43.6616,1.4164,Crépuscule ou aube,En agglomération,Intersection en T,Normale,Deux véhicules - côté,,,,,,,,,,,2,2,3,1,3.0
201600023251,0016-11-24 19:55:00,16,11,24,19,55,310,555,"66, RTE D AGDE",43.62511,1.47535,Nuit avec éclairage allumé,En agglomération,Hors intersection,Normale,Autre collision,,,,,,,,,,,5,2,1,1,6.0
201600023252,0016-11-25 17:00:00,16,11,25,17,0,310,149,"999, ingres (auguste)",43.59719,1.35029,Plein jour,En agglomération,Hors intersection,Normale,Trois véhicules et plus - en chaîne,,,,,,,,,,,1,2,1,1,4.0
201600023253,0016-11-25 17:55:00,16,11,25,17,55,310,555,"999, AV DE FRONTON",43.63382,1.43846,Nuit avec éclairage allumé,En agglomération,Hors intersection,Normale,Deux véhicules - côté,,,,,,,,,,,5,2,1,1,3.0
201600023254,0016-11-25 18:20:00,16,11,25,18,20,310,555,"120, RTE DE LAUNAGUET",43.63684,1.43912,Nuit avec éclairage allumé,En agglomération,Hors intersection,Normale,Autre collision,,,,,,,,,,,5,2,1,1,6.0
201600023255,0016-11-26 05:45:00,16,11,26,5,45,310,555,VA007306 A64,43.54517,1.4009,Nuit avec éclairage allumé,Hors agglomération,Hors intersection,Brouillard / fumée,Autre collision,,,,,,,,,,,5,1,1,5,6.0
201600023256,0016-11-27 15:52:00,16,11,27,15,52,310,555,"40, RUE HENRI EBELOT",43.63978,1.45999,Plein jour,En agglomération,Hors intersection,Normale,Deux véhicules - frontale,,,,,,,,,,,1,2,1,1,1.0
201600023257,0016-11-26 06:00:00,16,11,26,6,0,310,555,"999, RTE DE LAUNAGUET",43.64852,1.44379,Nuit avec éclairage allumé,En agglomération,Hors intersection,Normale,Deux véhicules - côté,,,,,,,,,,,5,2,1,1,3.0
201600023258,0016-11-28 18:52:00,16,11,28,18,52,310,555,VA008482 A624,43.6087,1.36807,Nuit avec éclairage non allumé,Hors agglomération,Hors intersection,Normale,Deux véhicules - arrière,,,,,,,,,,,4,1,1,1,2.0
201600023259,0016-11-28 20:40:00,16,11,28,20,40,310,149,"999, CORNEBARRIEU (ROUTE",43.62253,1.3337,Nuit avec éclairage allumé,En agglomération,Hors intersection,Normale,Deux véhicules - côté,,,,,,,,,,,5,2,1,1,3.0
201600023260,0016-11-29 18:25:00,16,11,29,18,25,310,555,"999, RUE D ALSACE LORRAI",43.6049,1.44567,Nuit avec éclairage allumé,En agglomération,Intersection en X,Normale,Deux véhicules - frontale,,,,,,,,,,,5,2,2,1,1.0
201600023261,0016-11-30 08:00:00,16,11,30,8,0,310,555,BD LAZARE CARNOT,43.60482,1.4495,Plein jour,En agglomération,Hors intersection,Normale,Deux véhicules - côté,,,,,,,,,,,1,2,1,1,3.0
201600023262,0016-11-30 10:20:00,16,11,30,10,20,310,557,"24, DURANCE (RUE DE LA)",43.57944,1.31947,Plein jour,En agglomération,Hors intersection,Normale,Deux véhicules - frontale,,,,,,,,,,,1,2,1,1,1.0
201600023263,0016-11-30 15:40:00,16,11,30,15,40,310,555,BD PIERRE ET MARIE CURIE,43.62618,1.4371,Plein jour,En agglomération,Hors intersection,Normale,Deux véhicules - côté,,,,,,,,,,,1,2,1,1,3.0
201600023264,0016-12-01 18:25:00,16,12,1,18,25,310,555,"292, RTE DE SEYSSES",43.57329,1.41909,Nuit avec éclairage allumé,En agglomération,Hors intersection,Normale,Deux véhicules - côté,,,,,,,,,,,5,2,1,1,3.0
201600023265,0016-11-30 10:35:00,16,11,30,10,35,310,149,"999, MITTERAND (ESPLANAD",43.60597,1.33495,Plein jour,Hors agglomération,Hors intersection,Normale,Deux véhicules - côté,,,,,,,,,,,1,1,1,1,3.0
201600023266,0016-12-01 13:45:00,16,12,1,13,45,310,555,"33, RUE BERNARD DELICIEU",43.62619,1.42531,Plein jour,En agglomération,Intersection en T,Normale,Deux véhicules - frontale,,,,,,,,,,,1,2,3,1,1.0
201600023267,0016-12-02 16:30:00,16,12,2,16,30,310,555,"6, AV DE L HERS",43.6131,1.47831,Plein jour,En agglomération,Hors intersection,Normale,Autre collision,,,,,,,,,,,1,2,1,1,6.0
201600023268,0016-12-03 00:15:00,16,12,3,0,15,310,555,"58, ALL DE BARCELONE",43.60676,1.43014,Nuit avec éclairage allumé,En agglomération,Hors intersection,Normale,Sans collision,,,,,,,,,,,5,2,1,1,7.0
201600023269,0016-12-03 01:02:00,16,12,3,1,2,310,555,PL DU PONT NEUF,43.59967,1.44058,Nuit avec éclairage allumé,En agglomération,Intersection en X,Normale,Deux véhicules - côté,,,,,,,,,,,5,2,2,1,3.0
201600023270,0016-12-03 23:35:00,16,12,3,23,35,310,555,"999, PL EDOUARD BOUILLIE",43.56715,1.39484,Nuit avec éclairage allumé,En agglomération,Hors intersection,Normale,Deux véhicules - frontale,,,,,,,,,,,5,2,1,1,1.0
201600023271,0016-12-04 18:59:00,16,12,4,18,59,310,555,"999, VA007539 LA ROSERAI",43.6314,1.47832,Nuit avec éclairage allumé,Hors agglomération,Hors intersection,Normale,Deux véhicules - arrière,,,,,,,,,,,5,1,1,1,2.0
201600023272,0016-12-05 17:30:00,16,12,5,17,30,310,555,"78, CHE DES ARGOULETS",43.62193,1.47368,Nuit avec éclairage allumé,En agglomération,Hors intersection,Normale,Autre collision,,,,,,,,,,,5,2,1,1,6.0
201600023273,0016-12-06 08:45:00,16,12,6,8,45,310,149,"999, Maurice Grynfogel (",43.6182,1.33892,Plein jour,En agglomération,Hors intersection,Normale,Deux véhicules - côté,,,,,,,,,,,1,2,1,1,3.0
201600023274,0016-11-30 16:10:00,16,11,30,16,10,310,555,"412, RTE DE SAINT SIMON",43.59096,1.41827,Plein jour,En agglomération,Hors intersection,Normale,Deux véhicules - côté,,,,,,,,,,,1,2,1,1,3.0
201600023275,0016-12-06 12:30:00,16,12,6,12,30,310,555,"94, BD DE LA MARQUETTE",43.61107,1.42077,Plein jour,En agglomération,Hors intersection,Normale,Deux véhicules - côté,,,,,,,,,,,1,2,1,1,3.0
201600023276,0016-12-07 07:30:00,16,12,7,7,30,310,555,VA007306 A64,43.5594,1.41418,Nuit avec éclairage allumé,Hors agglomération,Hors intersection,Normale,Deux véhicules - arrière,,,,,,,,,,,5,1,1,1,2.0
201600023277,0016-12-07 14:40:00,16,12,7,14,40,310,555,VA007473 A62,43.65165,1.42358,Plein jour,Hors agglomération,Hors intersection,Normale,Deux véhicules - arrière,,,,,,,,,,,1,1,1,1,2.0
201600023278,0016-12-07 18:10:00,16,12,7,18,10,310,555,"7, AV M BOURGES MAUNOURY",43.63892,1.45263,Nuit avec éclairage allumé,En agglomération,Hors intersection,Normale,Autre collision,,,,,,,,,,,5,2,1,1,6.0
201600023279,0016-12-06 14:00:00,16,12,6,14,0,310,555,"3, ALL PAUL FEUGA",43.59245,1.44281,Plein jour,En agglomération,Hors intersection,Normale,Deux véhicules - frontale,,,,,,,,,,,1,2,1,1,1.0
201600023280,0016-12-08 15:20:00,16,12,8,15,20,310,555,"999, AV DE REYNERIE",43.57465,1.40505,Plein jour,En agglomération,Hors intersection,Normale,Autre collision,,,,,,,,,,,1,2,1,1,6.0
201600023281,0016-12-08 16:30:00,16,12,8,16,30,310,557,"45, AURIOL (BD VINCENT)",43.58803,1.35373,Plein jour,En agglomération,Hors intersection,Normale,Autre collision,,,,,,,,,,,1,2,1,1,6.0
201600023282,0016-12-04 04:30:00,16,12,4,4,30,310,149,"999, 3 COLOMIERS EST (A6",43.6089,1.35609,Nuit sans éclairage public,Hors agglomération,Hors intersection,Normale,Autre collision,,,,,,,,,,,3,1,1,1,6.0
201600023283,0016-12-09 11:20:00,16,12,9,11,20,310,555,"5, RUE XAVIER DARASSE",43.59102,1.47985,Plein jour,En agglomération,Hors intersection,Normale,Autre collision,,,,,,,,,,,1,2,1,1,6.0
201600023284,0016-12-09 20:15:00,16,12,9,20,15,310,555,"999, VA007418 PONT JUMEA",43.61506,1.41829,Nuit avec éclairage non allumé,Hors agglomération,Hors intersection,Normale,Trois véhicules et plus - en chaîne,,,,,,,,,,,4,1,1,1,4.0
201600023285,0016-12-10 00:01:00,16,12,10,0,1,310,555,"87, ALL JEAN JAURES",43.6068,1.45051,Nuit avec éclairage non allumé,En agglomération,Hors intersection,Normale,Autre collision,,,,,,,,,,,4,2,1,1,6.0
201600023286,0016-12-10 13:10:00,16,12,10,13,10,310,555,"999, CHE DU CHATEAU DE L",43.6053,1.47987,Plein jour,En agglomération,Hors intersection,Normale,Autre collision,,,,,,,,,,,1,2,1,1,6.0
201600023287,0016-12-11 10:10:00,16,12,11,10,10,310,555,"148 bis, BD DE SUISSE",43.62027,1.42422,Plein jour,En agglomération,Hors intersection,Normale,Deux véhicules - côté,,,,,,,,,,,1,2,1,1,3.0
201600023288,0016-12-11 22:15:00,16,12,11,22,15,310,555,"999, RTE DE NARBONNE",43.57372,1.45206,Nuit avec éclairage allumé,En agglomération,Hors intersection,Normale,Deux véhicules - côté,,,,,,,,,,,5,2,1,1,3.0
201600023289,0016-12-09 13:40:00,16,12,9,13,40,310,555,"999, RUE DE KIEV",43.57084,1.4053,Plein jour,En agglomération,Hors intersection,Normale,Deux véhicules - côté,,,,,,,,,,,1,2,1,1,3.0
201600023290,0016-12-12 11:30:00,16,12,12,11,30,310,555,"999, RTE DE BAYONNE",43.61019,1.37273,Plein jour,En agglomération,Hors intersection,Normale,Deux véhicules - côté,,,,,,,,,,,1,2,1,1,3.0
201600023291,0016-12-12 11:50:00,16,12,12,11,50,310,555,"30, AV ANTOINE DE ST EXU",43.5868,1.4626,Plein jour,En agglomération,Hors intersection,Normale,Trois véhicules et plus - collisions multiples,,,,,,,,,,,1,2,1,1,5.0
201600023292,0016-12-14 19:35:00,16,12,14,19,35,310,555,"999, AV EMMANUEL MAIGNAN",43.61682,1.43403,Nuit avec éclairage allumé,En agglomération,Intersection en X,Normale,Deux véhicules - côté,,,,,,,,,,,5,2,2,1,3.0
201600023293,0016-12-14 14:25:00,16,12,14,14,25,310,555,"56, ALL CHARLES DE FITTE",43.59802,1.4308,Plein jour,En agglomération,Hors intersection,Normale,Autre collision,,,,,,,,,,,1,2,1,1,6.0
201600023294,0016-12-15 18:00:00,16,12,15,18,0,310,555,"999, VA007331 A620",43.59719,1.39692,Nuit avec éclairage allumé,Hors agglomération,Hors intersection,Normale,Deux véhicules - côté,,,,,,,,,,,5,1,1,1,3.0
201600023295,0016-12-15 23:45:00,16,12,15,23,45,310,555,"999, AV DES ETATS UNIS",43.65233,1.42446,Nuit sans éclairage public,En agglomération,Hors intersection,Normale,Autre collision,,,,,,,,,,,3,2,1,1,6.0
201600023296,0016-12-18 17:55:00,16,12,18,17,55,310,555,"999, RUE PIERRETTE LOUIN",43.62833,1.45098,Nuit avec éclairage allumé,En agglomération,Hors intersection,Normale,Autre collision,,,,,,,,,,,5,2,1,1,6.0
201600023297,0016-12-18 00:01:00,16,12,18,0,1,310,69,"999, FLAUBERT (RUE GUSTA",43.64831,1.36729,Nuit avec éclairage allumé,Hors agglomération,Hors intersection,Normale,Autre collision,,,,,,,,,,,5,1,1,1,6.0
201600023298,0016-12-19 19:00:00,16,12,19,19,0,310,555,RD901,43.618,1.39412,Nuit sans éclairage public,En agglomération,Hors intersection,Normale,Trois véhicules et plus - en chaîne,,,,,,,,,,,3,2,1,1,4.0
201600023299,0016-12-21 17:00:00,16,12,21,17,0,310,555,"999, PONT GARIGLIANO",43.5839,1.43714,Crépuscule ou aube,En agglomération,Hors intersection,Normale,Autre collision,,,,,,,,,,,2,2,1,1,6.0
201600023300,0016-12-21 14:55:00,16,12,21,14,55,310,555,SEMARD (BD PIERRE),43.61006,1.45737,Plein jour,En agglomération,Hors intersection,Normale,Deux véhicules - côté,,,,,,,,,,,1,2,1,1,3.0
201600023301,0016-12-22 08:20:00,16,12,22,8,20,310,555,VA007331 A620,43.62463,1.41806,Plein jour,Hors agglomération,Hors intersection,Normale,Deux véhicules - frontale,,,,,,,,,,,1,1,1,1,1.0
201600023302,0016-12-22 16:10:00,16,12,22,16,10,310,555,"999, BD DE STRASBOURG",43.60806,1.44632,Plein jour,En agglomération,Hors intersection,Pluie légère,Deux véhicules - côté,,,,,,,,,,,1,2,1,2,3.0
201600023303,0016-12-22 18:25:00,16,12,22,18,25,310,557,"07, AURIOL (BD VINCENT)",43.58524,1.34524,Nuit avec éclairage allumé,En agglomération,Hors intersection,Pluie légère,Autre collision,,,,,,,,,,,5,2,1,2,6.0
201600023304,0016-12-25 19:00:00,16,12,25,19,0,310,555,"999, RTE DE SEYSSES",43.55094,1.39413,Nuit avec éclairage allumé,En agglomération,Hors intersection,Normale,Deux véhicules - côté,,,,,,,,,,,5,2,1,1,3.0
201600023305,0016-12-25 13:30:00,16,12,25,13,30,310,555,"999, PL ANDRE ABBAL",43.57189,1.40113,Plein jour,En agglomération,Hors intersection,Normale,Autre collision,,,,,,,,,,,1,2,1,1,6.0
201600023306,0016-12-28 19:20:00,16,12,28,19,20,310,557,"999, RD PT DES EPOUX MON",43.58994,1.37686,Nuit avec éclairage allumé,En agglomération,Hors intersection,Normale,Deux véhicules - côté,,,,,,,,,,,5,2,1,1,3.0
201600023307,0016-12-29 13:00:00,16,12,29,13,0,310,555,"999, BD DE L EMBOUCHURE",43.61497,1.43298,Plein jour,En agglomération,Hors intersection,Normale,Deux véhicules - arrière,,,,,,,,,,,1,2,1,1,2.0
201600023308,0016-01-03 10:15:00,16,1,3,10,15,680,227,COLMAR ROUTE 22,48.10248,7.46868,Plein jour,En agglomération,Intersection en X,Normale,Deux véhicules - côté,,,,,,,,,,,1,2,2,1,3.0
201600023309,0016-05-22 17:45:00,16,5,22,17,45,680,145,1 GRAND RUE,48.08113,7.38709,Plein jour,En agglomération,Intersection en X,Normale,Deux véhicules - arrière,,,,,,,,,,,1,2,2,1,2.0
201600023310,0016-01-23 12:30:00,16,1,23,12,30,710,270,,,,Plein jour,Hors agglomération,Hors intersection,Normale,Deux véhicules - côté,,,,,,,,,,,1,1,1,1,3.0
201600023311,0016-03-13 15:15:00,16,3,13,15,15,710,305,,,,Plein jour,Hors agglomération,Hors intersection,Normale,Autre collision,,,,,,,,,,,1,1,1,1,6.0
201600023312,0016-04-13 17:00:00,16,4,13,17,0,710,481,,,,Plein jour,Hors agglomération,Hors intersection,Normale,Deux véhicules - arrière,,,,,,,,,,,1,1,1,1,2.0
201600023313,0016-04-16 02:45:00,16,4,16,2,45,710,270,,,,Nuit avec éclairage non allumé,Hors agglomération,Hors intersection,Pluie légère,Deux véhicules - arrière,,,,,,,,,,,4,1,1,2,2.0
201600023314,0016-05-30 12:45:00,16,5,30,12,45,710,270,,,,Plein jour,Hors agglomération,Hors intersection,Temps couvert,Deux véhicules - arrière,,,,,,,,,,,1,1,1,8,2.0
201600023315,0016-07-28 07:00:00,16,7,28,7,0,710,591,,,,Plein jour,Hors agglomération,Hors intersection,Normale,Deux véhicules - arrière,,,,,,,,,,,1,1,1,1,2.0
201600023316,0016-08-02 22:00:00,16,8,2,22,0,710,543,,,,Nuit sans éclairage public,Hors agglomération,Hors intersection,Normale,Autre collision,,,,,,,,,,,3,1,1,1,6.0
201600023317,0016-11-17 18:30:00,16,11,17,18,30,710,576,,,,Nuit sans éclairage public,Hors agglomération,Hors intersection,Pluie légère,Trois véhicules et plus - collisions multiples,,,,,,,,,,,3,1,1,2,5.0
201600023318,0016-11-22 12:00:00,16,11,22,12,0,710,543,,,,Plein jour,Hors agglomération,Hors intersection,Pluie forte,Autre collision,,,,,,,,,,,1,1,1,3,6.0
201600023319,0016-02-11 04:00:00,16,2,11,4,0,880,478,,48.43879,5.86357,Nuit sans éclairage public,Hors agglomération,Hors intersection,Normale,Sans collision,,,,,,,,,,,3,1,1,1,7.0
201600023320,0016-04-01 07:00:00,16,4,1,7,0,880,232,,48.44883,5.86733,Crépuscule ou aube,Hors agglomération,Hors intersection,Normale,Deux véhicules - arrière,,,,,,,,,,,2,1,1,1,2.0
201600023321,0016-06-25 15:30:00,16,6,25,15,30,540,242,,48.604,5.886,Plein jour,Hors agglomération,Hors intersection,Normale,Deux véhicules - côté,,,,,,,,,,,1,1,1,1,3.0
201600023322,0016-08-15 12:30:00,16,8,15,12,30,880,478,,48.42766,5.85992,Plein jour,Hors agglomération,Hors intersection,Normale,Sans collision,,,,,,,,,,,1,1,1,1,7.0
201600023323,0016-01-16 18:45:00,16,1,16,18,45,830,107,,,,Nuit sans éclairage public,Hors agglomération,Autre intersection,Normale,Deux véhicules - arrière,,,,,,,,,,,3,1,9,1,2.0
201600023324,0016-01-24 04:30:00,16,1,24,4,30,830,57,,,,Nuit sans éclairage public,Hors agglomération,Hors intersection,Brouillard / fumée,Trois véhicules et plus - en chaîne,,,,,,,,,,,3,1,1,5,4.0
201600023325,0016-02-22 23:30:00,16,2,22,23,30,830,49,,,,Nuit sans éclairage public,Hors agglomération,Hors intersection,Normale,Autre collision,,,,,,,,,,,3,1,1,1,6.0
201600023326,0016-03-08 07:15:00,16,3,8,7,15,830,73,,,,Plein jour,Hors agglomération,Hors intersection,Normale,Deux véhicules - arrière,,,,,,,,,,,1,1,1,1,2.0
201600023327,0016-03-10 07:45:00,16,3,10,7,45,830,130,,,,Plein jour,Hors agglomération,Hors intersection,Normale,Trois véhicules et plus - en chaîne,,,,,,,,,,,1,1,1,1,4.0
201600023328,0016-03-31 15:30:00,16,3,31,15,30,830,49,,,,Plein jour,Hors agglomération,Hors intersection,Normale,Autre collision,,,,,,,,,,,1,1,1,1,6.0
201600023329,0016-05-13 19:15:00,16,5,13,19,15,830,107,,,,Plein jour,Hors agglomération,Hors intersection,Vent fort / tempête,Deux véhicules - frontale,,,,,,,,,,,1,1,1,6,1.0
201600023330,0016-05-30 02:00:00,16,5,30,2,0,830,99,,,,Nuit sans éclairage public,Hors agglomération,Hors intersection,Vent fort / tempête,Sans collision,,,,,,,,,,,3,1,1,6,7.0
201600023331,0016-06-02 16:30:00,16,6,2,16,30,830,54,,43.15741,6.04567,Plein jour,Hors agglomération,Autre intersection,Normale,Sans collision,,,,,,,,,,,1,1,9,1,7.0
201600023332,0016-06-21 07:15:00,16,6,21,7,15,830,130,,,,Plein jour,Hors agglomération,Hors intersection,Normale,Trois véhicules et plus - collisions multiples,,,,,,,,,,,1,1,1,1,5.0
201600023333,0016-06-27 17:00:00,16,6,27,17,0,830,86,,,,Plein jour,Hors agglomération,Hors intersection,Normale,Trois véhicules et plus - en chaîne,,,,,,,,,,,1,1,1,1,4.0
201600023334,0016-07-24 01:00:00,16,7,24,1,0,830,73,,,,Nuit sans éclairage public,Hors agglomération,Hors intersection,Temps couvert,Deux véhicules - côté,,,,,,,,,,,3,1,1,8,3.0
201600023335,0016-08-02 09:15:00,16,8,2,9,15,830,26,,,,Plein jour,Hors agglomération,Hors intersection,Normale,Autre collision,,,,,,,,,,,1,1,1,1,6.0
201600023336,0016-08-05 16:00:00,16,8,5,16,0,830,33,,,,Plein jour,Hors agglomération,Hors intersection,Normale,Trois véhicules et plus - collisions multiples,,,,,,,,,,,1,1,1,1,5.0
201600023337,0016-08-31 00:30:00,16,8,31,0,30,830,57,,,,Nuit sans éclairage public,Hors agglomération,Hors intersection,Normale,Autre collision,,,,,,,,,,,3,1,1,1,6.0
201600023338,0016-09-09 10:15:00,16,9,9,10,15,830,62,,,,Plein jour,Hors agglomération,Hors intersection,Normale,Trois véhicules et plus - en chaîne,,,,,,,,,,,1,1,1,1,4.0
201600023339,0016-10-18 16:00:00,16,10,18,16,0,830,130,,,,Plein jour,Hors agglomération,Hors intersection,Normale,Deux véhicules - arrière,,,,,,,,,,,1,1,1,1,2.0
201600023340,0016-11-15 15:45:00,16,11,15,15,45,830,130,,,,Plein jour,Hors agglomération,Autre intersection,Normale,Deux véhicules - côté,,,,,,,,,,,1,1,9,1,3.0
201600023341,0016-12-08 08:30:00,16,12,8,8,30,830,54,,,,Plein jour,Hors agglomération,Hors intersection,Normale,Sans collision,,,,,,,,,,,1,1,1,1,7.0
201600023342,0016-01-04 13:30:00,16,1,4,13,30,280,18,,48.20493,0.90236,Plein jour,Hors agglomération,Hors intersection,Temps couvert,Sans collision,,,,,,,,,,,1,1,1,8,7.0
201600023343,0016-02-19 19:00:00,16,2,19,19,0,280,361,,48.51272,1.76995,Nuit sans éclairage public,Hors agglomération,Hors intersection,Normale,Deux véhicules - frontale,,,,,,,,,,,3,1,1,1,1.0
201600023344,0016-03-11 17:45:00,16,3,11,17,45,280,161,,48.24878,1.11826,Plein jour,Hors agglomération,Hors intersection,Normale,Autre collision,,,,,,,,,,,1,1,1,1,6.0
201600023345,0016-03-25 14:26:00,16,3,25,14,26,280,196,,48.28086,1.22383,Plein jour,Hors agglomération,Hors intersection,Normale,Deux véhicules - arrière,,,,,,,,,,,1,1,1,1,2.0
201600023346,0016-03-28 17:21:00,16,3,28,17,21,280,403,,48.37145,1.46484,Plein jour,Hors agglomération,Hors intersection,Normale,Deux véhicules - arrière,,,,,,,,,,,1,1,1,1,2.0