accident_id,datetime,annee,mois,jour,heure,minute,departement,commune_insee,adresse,latitude,longitude,luminosite,agglomeration,intersection,meteo,collision,nb_vehicules,nb_usagers,nb_indemnes,nb_tues,nb_blesses_hosp,nb_blesses_legers,age_cond_1,age_cond_2,veh_type_cond_1,veh_type_cond_2,lum_code,agg_code,int_code,atm_code,col_code
201600023595,0016-01-20 12:40:00,16,1,20,12,40,330,550,AVE BARRET/MAL LECLERC,44.7784,-0.56997,Plein jour,En agglomération,Giratoire,Normale,Trois véhicules et plus - collisions multiples,,,,,,,,,,,1,2,6,1,5.0
201600023596,0016-01-21 22:15:00,16,1,21,22,15,330,63,RUE ROBERT LATEULADE,44.8391,-0.58615,Nuit avec éclairage allumé,En agglomération,Intersection en T,Temps couvert,Deux véhicules - côté,,,,,,,,,,,5,2,3,8,3.0
201600023597,0016-01-18 18:30:00,16,1,18,18,30,330,281,"21, CHEM DU PHARE",44.8526,-0.69339,Nuit avec éclairage non allumé,En agglomération,Hors intersection,Pluie légère,Deux véhicules - arrière,,,,,,,,,,,4,2,1,2,2.0
201600023598,0016-01-15 07:30:00,16,1,15,7,30,330,192,183RTE CANEJAN=>CANEJAN,44.7719,-0.62633,Crépuscule ou aube,En agglomération,Hors intersection,Normale,Autre collision,,,,,,,,,,,2,2,1,1,6.0
201600023599,0016-01-18 07:45:00,16,1,18,7,45,330,69,139 GCLEMENCEAU/ACAPELLE,44.8657,-0.61983,Nuit avec éclairage allumé,En agglomération,Intersection en X,Pluie forte,Autre collision,,,,,,,,,,,5,2,2,3,6.0
201600023600,0016-01-21 12:50:00,16,1,21,12,50,330,63,24 Q.SOUYS,44.8321,-0.54724,Plein jour,En agglomération,Hors intersection,Temps couvert,Deux véhicules - côté,,,,,,,,,,,1,2,1,8,3.0
201600023601,0016-01-19 14:00:00,16,1,19,14,0,330,281,GUTENBERG=>F.MITTERRAND,44.8276,-0.67128,Plein jour,En agglomération,Hors intersection,Pluie forte,Deux véhicules - côté,,,,,,,,,,,1,2,1,3,3.0
201600023602,0016-01-21 23:10:00,16,1,21,23,10,330,39,J.J.BOSC/TANDONNET,44.8172,-0.54672,Nuit avec éclairage allumé,En agglomération,Intersection en X,Normale,Deux véhicules - côté,,,,,,,,,,,5,2,2,1,3.0
201600023603,0016-01-23 04:15:00,16,1,23,4,15,330,63,COTE FLEUVE- 4Q.STECROIX,44.8331,-0.56124,Nuit avec éclairage allumé,En agglomération,Hors intersection,Brouillard / fumée,Deux véhicules - côté,,,,,,,,,,,5,2,1,5,3.0
201600023604,0016-12-12 13:45:00,16,12,12,13,45,330,550,RTE DE TOULOUSE,44.78563,-0.56637,Plein jour,En agglomération,Intersection en X,Normale,Autre collision,,,,,,,,,,,1,2,2,1,6.0
201600023605,0016-01-21 08:00:00,16,1,21,8,0,330,522,PCE PEYDAVANT,44.8017,-0.58523,Crépuscule ou aube,En agglomération,Giratoire,Brouillard / fumée,Deux véhicules - côté,,,,,,,,,,,2,2,6,5,3.0
201600023606,0016-01-21 10:40:00,16,1,21,10,40,330,63,RUE DE LA CROIX BLANCHE,44.84527,-0.59244,Plein jour,En agglomération,Intersection en T,Normale,Deux véhicules - arrière,,,,,,,,,,,1,2,3,1,2.0
201600023607,0016-01-23 06:10:00,16,1,23,6,10,330,119,AVE CARNOT,44.8656,-0.5138,Nuit avec éclairage allumé,En agglomération,Intersection en T,Normale,Deux véhicules - arrière,,,,,,,,,,,5,2,3,1,2.0
201600023608,0016-01-19 17:40:00,16,1,19,17,40,330,39,"142, TOULOUSE (RTE DE)",44.8085,-0.57383,Nuit avec éclairage allumé,En agglomération,Hors intersection,Pluie forte,Autre collision,,,,,,,,,,,5,2,1,3,6.0
201600023609,0016-01-20 22:00:00,16,1,20,22,0,330,281,"106, AVE MARCEL DASSAULT",44.8478,-0.70798,Nuit avec éclairage non allumé,En agglomération,Giratoire,Normale,Autre collision,,,,,,,,,,,4,2,6,1,6.0
201600023610,0016-01-20 14:30:00,16,1,20,14,30,330,162,87R.MOULINEAU/GRAVETTE,44.87,-0.65794,Plein jour,En agglomération,Intersection en Y,Normale,Deux véhicules - côté,,,,,,,,,,,1,2,4,1,3.0
201600023611,0016-01-20 10:05:00,16,1,20,10,5,330,550,RTE DE TOULOUSE,44.77868,-0.56615,Plein jour,En agglomération,Intersection en X,Normale,Deux véhicules - frontale,,,,,,,,,,,1,2,2,1,1.0
201600023612,0016-01-21 14:45:00,16,1,21,14,45,330,200,AVMEDOC-PRXBRTCANTINOLLE,44.8935,-0.66898,Plein jour,Hors agglomération,Hors intersection,Normale,Deux véhicules - arrière,,,,,,,,,,,1,1,1,1,2.0
201600023613,0016-01-12 20:05:00,16,1,12,20,5,330,318,AVE DE BEUTRE/ST EXUPERY,44.8008,-0.67538,Nuit avec éclairage allumé,En agglomération,Intersection en T,Normale,Deux véhicules - côté,,,,,,,,,,,5,2,3,1,3.0
201600023614,0016-01-18 10:00:00,16,1,18,10,0,330,192,ST FR.XAVIER/F.LATASTE,44.7803,-0.60302,Plein jour,En agglomération,Intersection en X,Normale,Deux véhicules - côté,,,,,,,,,,,1,2,2,1,3.0
201600023615,0016-01-22 17:05:00,16,1,22,17,5,330,192,GAL GAULLE / LAURIERS,44.7743,-0.61279,Plein jour,En agglomération,Intersection en X,Pluie forte,Deux véhicules - frontale,,,,,,,,,,,1,2,2,3,1.0
201600023616,0016-01-27 18:45:00,16,1,27,18,45,330,63,A.BOURDELLE/L.SAIGNAT,44.8268,-0.60124,Nuit avec éclairage non allumé,En agglomération,Giratoire,Normale,Deux véhicules - frontale,,,,,,,,,,,4,2,6,1,1.0
201600023617,0016-01-23 23:00:00,16,1,23,23,0,330,162,9R.G.TILLON/H.LANGEVIN,44.8607,-0.65816,Nuit avec éclairage allumé,En agglomération,Intersection en Y,Normale,Deux véhicules - frontale,,,,,,,,,,,5,2,4,1,1.0
201600023618,0016-01-26 18:10:00,16,1,26,18,10,330,63,AVE D'EYSINES/E.ROYER,44.8552,-0.60043,Nuit avec éclairage allumé,En agglomération,Intersection en T,Normale,Deux véhicules - côté,,,,,,,,,,,5,2,3,1,3.0
201600023619,0016-01-28 17:20:00,16,1,28,17,20,330,63,Q.PALUDATE/R.BELCIER,44.8262,-0.54874,Crépuscule ou aube,En agglomération,Intersection en T,Pluie légère,Deux véhicules - arrière,,,,,,,,,,,2,2,3,2,2.0
201600023620,0016-01-28 14:00:00,16,1,28,14,0,330,63,AV E.COUNORD/C.GODARD,44.855,-0.57446,Plein jour,En agglomération,Intersection en X,Normale,Deux véhicules - côté,,,,,,,,,,,1,2,2,1,3.0
201600023621,0016-01-26 15:50:00,16,1,26,15,50,330,281,"36, AVE MARCEL DASSAULT",44.8479,-0.68652,Plein jour,En agglomération,Hors intersection,Normale,Deux véhicules - côté,,,,,,,,,,,1,2,1,1,3.0
201600023622,0016-01-31 23:25:00,16,1,31,23,25,330,318,14BIS ALL J. AURIOL,44.7995,-0.67257,Nuit avec éclairage allumé,En agglomération,Hors intersection,Pluie légère,Autre collision,,,,,,,,,,,5,2,1,2,6.0
201600023623,0016-01-28 23:00:00,16,1,28,23,0,330,63,BD ALBERT 1ER,44.81349,-0.56471,Nuit avec éclairage allumé,En agglomération,Intersection en Y,Normale,Deux véhicules - côté,,,,,,,,,,,5,2,4,1,3.0
201600023624,0016-01-30 23:35:00,16,1,30,23,35,330,63,154 CRS MARNE/MEUNIER,44.8288,-0.56356,Nuit avec éclairage allumé,En agglomération,Intersection en T,Pluie légère,Deux véhicules - arrière,,,,,,,,,,,5,2,3,2,2.0
201600023625,0016-01-30 15:50:00,16,1,30,15,50,330,63,VAILLAN/RACCORDEMENT,44.8646,-0.56377,Plein jour,En agglomération,Intersection en X,Pluie légère,Deux véhicules - côté,,,,,,,,,,,1,2,2,2,3.0
201600023626,0016-01-29 21:40:00,16,1,29,21,40,330,281,LIBERATION / L.BLUM,44.8525,-0.64518,Nuit avec éclairage allumé,En agglomération,Intersection en X,Normale,Deux véhicules - côté,,,,,,,,,,,5,2,2,1,3.0
201600023627,0016-01-26 17:12:00,16,1,26,17,12,330,39,204RTE TOULOUSE/LEYSOTTE,44.8056,-0.5726,Plein jour,En agglomération,Intersection en T,Normale,Deux véhicules - côté,,,,,,,,,,,1,2,3,1,3.0
201600023628,0016-02-02 08:15:00,16,2,2,8,15,330,63,RUE ADRIEN BAYSSELANCE,44.8261,-0.58028,Plein jour,En agglomération,Hors intersection,Normale,Trois véhicules et plus - collisions multiples,,,,,,,,,,,1,2,1,1,5.0
201600023629,0016-01-25 07:35:00,16,1,25,7,35,330,281,R.PRADAS /ALOUETTE,44.8266,-0.66389,Nuit avec éclairage allumé,En agglomération,Intersection en T,Normale,Deux véhicules - côté,,,,,,,,,,,5,2,3,1,3.0
201600023630,0016-02-03 14:30:00,16,2,3,14,30,330,63,RUE BOUQUIERE,44.8367,-0.57065,Plein jour,En agglomération,Intersection en X,Normale,Autre collision,,,,,,,,,,,1,2,2,1,6.0
201600023631,0016-01-29 15:45:00,16,1,29,15,45,330,192,251 CRS GAL DE GAULLE,44.7667,-0.61836,Plein jour,En agglomération,Hors intersection,Normale,Deux véhicules - arrière,,,,,,,,,,,1,2,1,1,2.0
201600023632,0016-01-29 22:26:00,16,1,29,22,26,330,32,Quai Vial Trav Animal,44.9198,-0.54343,Nuit avec éclairage allumé,En agglomération,Giratoire,Normale,Autre collision,,,,,,,,,,,5,2,6,1,6.0
201600023633,0016-02-04 08:45:00,16,2,4,8,45,330,63,D'ARMAGNAC=>CARLEVERNET,44.8218,-0.55315,Plein jour,En agglomération,Hors intersection,Temps éblouissant,Deux véhicules - arrière,,,,,,,,,,,1,2,1,7,2.0
201600023634,0016-01-28 19:00:00,16,1,28,19,0,330,318,BOURGAILH/A630,44.8047,-0.66201,Nuit avec éclairage allumé,En agglomération,Intersection en X,Pluie légère,Deux véhicules - arrière,,,,,,,,,,,5,2,2,2,2.0
201600023635,0016-02-06 03:20:00,16,2,6,3,20,330,63,"6, BD ALBERT 1ER",44.81447,-0.57074,Nuit avec éclairage allumé,En agglomération,Hors intersection,Brouillard / fumée,Autre collision,,,,,,,,,,,5,2,1,5,6.0
201600023636,0016-02-03 13:50:00,16,2,3,13,50,330,281,"9, AVE FRANCOIS MITTERRA",44.82664,-0.6198,Plein jour,En agglomération,Hors intersection,Normale,Trois véhicules et plus - en chaîne,,,,,,,,,,,1,2,1,1,4.0
201600023637,0016-02-06 10:20:00,16,2,6,10,20,330,39,BD ALBERT 1ER/R.L.BLUM,44.8129,-0.56138,Plein jour,En agglomération,Intersection en X,Normale,Deux véhicules - côté,,,,,,,,,,,1,2,2,1,3.0
201600023638,0016-01-28 11:40:00,16,1,28,11,40,330,318,FACE AU 77AV GAL LECLERC,44.7929,-0.67132,Plein jour,En agglomération,Hors intersection,Normale,Deux véhicules - côté,,,,,,,,,,,1,2,1,1,3.0
201600023639,0016-02-07 06:00:00,16,2,7,6,0,330,63,BD DU PRESIDENT WILSON,44.8538,-0.59343,Nuit avec éclairage allumé,En agglomération,Intersection en X,Pluie légère,Deux véhicules - frontale,,,,,,,,,,,5,2,2,2,1.0
201600023640,0016-02-03 17:10:00,16,2,3,17,10,330,281,AVE DES FRERES ROBINSON,44.85016,-0.65579,Plein jour,En agglomération,Hors intersection,Normale,Autre collision,,,,,,,,,,,1,2,1,1,6.0
201600023641,0016-02-07 05:30:00,16,2,7,5,30,330,63,"271, RUE JUDAIQUE",44.8402,-0.59921,Nuit avec éclairage allumé,En agglomération,Intersection en X,Pluie forte,Deux véhicules - arrière,,,,,,,,,,,5,2,2,3,2.0
201600023642,0016-02-07 21:50:00,16,2,7,21,50,330,63,CRS DE VERDUN/CORNAC,44.8515,-0.57398,Nuit avec éclairage allumé,En agglomération,Intersection à plus de 4 branches,Pluie légère,Deux véhicules - côté,,,,,,,,,,,5,2,5,2,3.0
201600023643,0016-02-03 08:40:00,16,2,3,8,40,330,318,22 AV G.EIFFEL=>AV SAIGE,44.7827,-0.64808,Plein jour,En agglomération,Hors intersection,Normale,Autre collision,,,,,,,,,,,1,2,1,1,6.0
201600023644,0016-01-26 08:35:00,16,1,26,8,35,330,281,AVE DE SAINT-MEDARD,44.86222,-0.6451,Plein jour,Hors agglomération,Intersection en T,Pluie légère,Deux véhicules - côté,,,,,,,,,,,1,1,3,2,3.0
201600023645,0016-01-29 18:03:00,16,1,29,18,3,330,162,35 PICOT/MEDOC,44.8842,-0.63427,Plein jour,En agglomération,Intersection en T,Normale,Trois véhicules et plus - collisions multiples,,,,,,,,,,,1,2,3,1,5.0
201600023646,0016-02-06 12:30:00,16,2,6,12,30,330,119,"9, AV.PDT VINCENT AURIOL",44.8556,-0.52095,Plein jour,En agglomération,Intersection en Y,Neige / grêle,Autre collision,,,,,,,,,,,1,2,4,4,6.0
201600023647,0016-02-09 21:02:00,16,2,9,21,2,330,63,"120, RUE DE LA BECHADE",44.8231,-0.60088,Nuit avec éclairage allumé,En agglomération,Giratoire,Pluie légère,Autre collision,,,,,,,,,,,5,2,6,2,6.0
201600023648,0016-02-09 21:15:00,16,2,9,21,15,330,39,Autoroute A631,44.8204,-0.53927,Nuit avec éclairage allumé,Hors agglomération,Hors intersection,Pluie forte,Autre collision,,,,,,,,,,,5,1,1,3,6.0
201600023649,0016-02-02 22:03:00,16,2,2,22,3,330,550,TOULOUSE/G.CLEMENCEAU,44.7817,-0.56595,Nuit avec éclairage allumé,En agglomération,Intersection en X,Pluie forte,Deux véhicules - côté,,,,,,,,,,,5,2,2,3,3.0
201600023650,0016-02-09 07:40:00,16,2,9,7,40,330,522,UNIVERSITE/PREVOST,44.8079,-0.60325,Plein jour,En agglomération,Intersection en T,Normale,Autre collision,,,,,,,,,,,1,2,3,1,6.0
201600023651,0016-02-05 07:15:00,16,2,5,7,15,330,75,AP.GIR-VL.AVENANTPTNEUF,44.8911,-0.58952,Crépuscule ou aube,Hors agglomération,Hors intersection,Normale,Deux véhicules - frontale,,,,,,,,,,,2,1,1,1,1.0
201600023652,0016-02-08 17:40:00,16,2,8,17,40,330,249,"8, RUE LAVERGNE",44.87358,-0.52444,Crépuscule ou aube,En agglomération,Intersection en T,Normale,Deux véhicules - arrière,,,,,,,,,,,2,2,3,1,2.0
201600023653,0016-02-09 07:45:00,16,2,9,7,45,330,281,ENTRE ARGONNE-MITTERRAND,44.8209,-0.68198,Plein jour,Hors agglomération,Hors intersection,Normale,Trois véhicules et plus - collisions multiples,,,,,,,,,,,1,1,1,1,5.0
201600023654,0016-02-11 08:00:00,16,2,11,8,0,330,522,MISSION HTBRION AVT GIR,44.8184,-0.60216,Plein jour,En agglomération,Hors intersection,Pluie forte,Deux véhicules - côté,,,,,,,,,,,1,2,1,3,3.0
201600023655,0016-02-11 08:00:00,16,2,11,8,0,330,63,"17, PCE DE L'EGLISE SAIN",44.8325,-0.61113,Plein jour,En agglomération,Intersection en T,Pluie forte,Deux véhicules - arrière,,,,,,,,,,,1,2,3,3,2.0
201600023656,0016-02-11 08:15:00,16,2,11,8,15,330,63,GR MAURIAN/EMILE GENTIL,44.8309,-0.60469,Plein jour,En agglomération,Intersection en Y,Normale,Autre collision,,,,,,,,,,,1,2,4,1,6.0
201600023657,0016-02-11 18:13:00,16,2,11,18,13,330,63,BD ALBERT1ER/R.PR DAGUIN,44.8129,-0.56138,Nuit avec éclairage allumé,Hors agglomération,Intersection en X,Pluie légère,Deux véhicules - frontale,,,,,,,,,,,5,1,2,2,1.0
201600023658,0016-02-11 21:30:00,16,2,11,21,30,330,63,409 ML LATTRE TASSIGNY,44.859,-0.62925,Nuit avec éclairage allumé,En agglomération,Hors intersection,Pluie légère,Deux véhicules - côté,,,,,,,,,,,5,2,1,2,3.0
201600023659,0016-02-08 11:23:00,16,2,8,11,23,330,550,19 RUE JEAN LECOINTE,44.783,-0.5683,Plein jour,En agglomération,Hors intersection,Normale,Deux véhicules - frontale,,,,,,,,,,,1,2,1,1,1.0
201600023660,0016-02-12 16:10:00,16,2,12,16,10,330,63,PONT SAINT- JEAN,44.83252,-0.55411,Plein jour,En agglomération,Hors intersection,Normale,Deux véhicules - arrière,,,,,,,,,,,1,2,1,1,2.0
201600023661,0016-02-12 09:55:00,16,2,12,9,55,330,63,"158, CRS DE LA MARNE",44.82835,-0.56164,Plein jour,En agglomération,Intersection en T,Pluie légère,Deux véhicules - côté,,,,,,,,,,,1,2,3,2,3.0
201600023662,0016-02-13 18:00:00,16,2,13,18,0,330,63,CRS DUPRE DE SAINT MAUR,44.87451,-0.55366,Plein jour,En agglomération,Intersection en X,Normale,Deux véhicules - frontale,,,,,,,,,,,1,2,2,1,1.0
201600023663,0016-02-14 17:15:00,16,2,14,17,15,330,318,"109, AV GENERAL LECLERC",44.78903,-0.67498,Plein jour,En agglomération,Hors intersection,Pluie légère,Deux véhicules - frontale,,,,,,,,,,,1,2,1,2,1.0
201600023664,0016-02-13 02:50:00,16,2,13,2,50,330,281,AVE MARCEL DASSAULT,44.8439,-0.67355,Nuit avec éclairage allumé,En agglomération,Intersection en X,Normale,Deux véhicules - arrière,,,,,,,,,,,5,2,2,1,2.0
201600023665,0016-02-12 21:15:00,16,2,12,21,15,330,281,P.MENDES-FRANCE/MAL JUIN,44.8156,-0.63422,Nuit avec éclairage allumé,En agglomération,Intersection en T,Pluie légère,Deux véhicules - frontale,,,,,,,,,,,5,2,3,2,1.0
201600023666,0016-02-06 03:30:00,16,2,6,3,30,330,550,RUE FERNAND SOORS,44.764,-0.56577,Nuit avec éclairage allumé,En agglomération,Intersection en T,Brouillard / fumée,Autre collision,,,,,,,,,,,5,2,3,5,6.0
201600023667,0016-02-08 10:10:00,16,2,8,10,10,330,63,B.STUTTENBERG/MEDOC,44.8583,-0.56689,Plein jour,En agglomération,Intersection en X,Pluie légère,Deux véhicules - côté,,,,,,,,,,,1,2,2,2,3.0
201600023668,0016-02-07 17:45:00,16,2,7,17,45,330,192,BD DE MALARTIC,44.7713,-0.59809,Plein jour,En agglomération,Hors intersection,Pluie légère,Deux véhicules - côté,,,,,,,,,,,1,2,1,2,3.0
201600023669,0016-02-05 17:40:00,16,2,5,17,40,330,192,RUE NAUDET,44.79,-0.61263,Plein jour,En agglomération,Hors intersection,Normale,Trois véhicules et plus - en chaîne,,,,,,,,,,,1,2,1,1,4.0
201600023670,0016-02-16 17:20:00,16,2,16,17,20,330,63,ESPRIT-DES-LOIS/CONDE,44.843,-0.57317,Plein jour,En agglomération,Intersection en X,Normale,Deux véhicules - frontale,,,,,,,,,,,1,2,2,1,1.0
201600023671,0016-02-10 13:00:00,16,2,10,13,0,330,75,CH.GAULLE/L.FLEURANCEAU,44.8856,-0.6109,Plein jour,En agglomération,Intersection en X,Pluie légère,Autre collision,,,,,,,,,,,1,2,2,2,6.0
201600023672,0016-02-10 14:35:00,16,2,10,14,35,330,192,"107, CRS GAL GAULLE",44.7762,-0.61121,Plein jour,En agglomération,Hors intersection,Pluie légère,Deux véhicules - côté,,,,,,,,,,,1,2,1,2,3.0
201600023673,0016-02-13 15:45:00,16,2,13,15,45,330,119,"61, AVE JEAN JAURES",44.8556,-0.53462,Plein jour,En agglomération,Hors intersection,Pluie forte,Autre collision,,,,,,,,,,,1,2,1,3,6.0
201600023674,0016-02-17 21:30:00,16,2,17,21,30,330,63,20BDPIERRE1ER=>BD GODARD,44.8547,-0.59274,Nuit avec éclairage allumé,En agglomération,Hors intersection,Normale,Autre collision,,,,,,,,,,,5,2,1,1,6.0
201600023675,0016-02-13 04:00:00,16,2,13,4,0,330,119,"19, AVE JEAN JAURES",44.8534,-0.53819,Nuit avec éclairage allumé,En agglomération,Hors intersection,Pluie forte,Autre collision,,,,,,,,,,,5,2,1,3,6.0
201600023676,0016-01-06 11:40:00,16,1,6,11,40,330,69,"359, AVE DE TIVOLI",44.8723,-0.59959,Plein jour,En agglomération,Hors intersection,Pluie forte,Trois véhicules et plus - en chaîne,,,,,,,,,,,1,2,1,3,4.0
201600023677,0016-02-15 21:15:00,16,2,15,21,15,330,119,R.H.MATISSE/R.8 MAI,44.8523,-0.51386,Nuit avec éclairage allumé,En agglomération,Intersection en Y,Normale,Autre collision,,,,,,,,,,,5,2,4,1,6.0
201600023678,0016-02-10 19:25:00,16,2,10,19,25,330,318,RUE DE FRANCE,44.7925,-0.66725,Nuit avec éclairage allumé,En agglomération,Intersection en X,Normale,Deux véhicules - frontale,,,,,,,,,,,5,2,2,1,1.0
201600023679,0016-02-20 12:30:00,16,2,20,12,30,330,63,54-52 CRS VERDUN,44.8482,-0.57604,Plein jour,En agglomération,Hors intersection,Normale,Deux véhicules - côté,,,,,,,,,,,1,2,1,1,3.0
201600023680,0016-02-22 05:55:00,16,2,22,5,55,330,63,AVE THIERS,44.8493,-0.54486,Nuit avec éclairage allumé,En agglomération,Intersection en T,Normale,Autre collision,,,,,,,,,,,5,2,3,1,6.0
201600023681,0016-02-11 09:35:00,16,2,11,9,35,330,192,R. PR VILLEMIN-ARRET BUS,44.7848,-0.60952,Plein jour,En agglomération,Hors intersection,Normale,Autre collision,,,,,,,,,,,1,2,1,1,6.0
201600023682,0016-02-20 17:45:00,16,2,20,17,45,330,318,134 AVE JEAN JAURES,44.8119,-0.6169,Crépuscule ou aube,En agglomération,Hors intersection,Pluie légère,Autre collision,,,,,,,,,,,2,2,1,2,6.0
201600023683,0016-02-16 09:20:00,16,2,16,9,20,330,522,MAL LECLERC/PR ARNOZAN,44.8073,-0.58872,Plein jour,En agglomération,Giratoire,Normale,Deux véhicules - côté,,,,,,,,,,,1,2,6,1,3.0
201600023684,0016-02-22 15:05:00,16,2,22,15,5,330,63,"233, BD ALFRED DANEY",44.8711,-0.56364,Plein jour,En agglomération,Hors intersection,Normale,Deux véhicules - côté,,,,,,,,,,,1,2,1,1,3.0
201600023685,0016-02-25 01:30:00,16,2,25,1,30,330,63,"269, BD GODARD",44.8655,-0.57692,Nuit avec éclairage allumé,En agglomération,Hors intersection,Pluie légère,Sans collision,,,,,,,,,,,5,2,1,2,7.0
201600023686,0016-02-25 19:27:00,16,2,25,19,27,330,63,Q.ML LYAUTEY=>PLBOURSE,44.8423,-0.56999,Nuit avec éclairage allumé,En agglomération,Hors intersection,Normale,Autre collision,,,,,,,,,,,5,2,1,1,6.0
201600023687,0016-02-17 10:25:00,16,2,17,10,25,330,75,PIETON (PMR=FAUTEUIL),44.8821,-0.61143,Plein jour,En agglomération,Intersection en X,Normale,Autre collision,,,,,,,,,,,1,2,2,1,6.0
201600023688,0016-02-18 15:15:00,16,2,18,15,15,330,39,RUE CALIXTE CAMELLE,44.8077,-0.54763,Plein jour,En agglomération,Intersection en T,Normale,Deux véhicules - côté,,,,,,,,,,,1,2,3,1,3.0
201600023689,0016-02-22 14:30:00,16,2,22,14,30,330,281,AV DE LA MARNE/FONCASTEL,44.8345,-0.63729,Plein jour,En agglomération,Intersection en X,Normale,Autre collision,,,,,,,,,,,1,2,2,1,6.0
201600023690,0016-02-19 08:15:00,16,2,19,8,15,330,318,AV ROGER COHE/AV DE NOES,44.8129,-0.63495,Crépuscule ou aube,En agglomération,Giratoire,Pluie légère,Deux véhicules - côté,,,,,,,,,,,2,2,6,2,3.0
201600023691,0016-02-21 03:30:00,16,2,21,3,30,330,550,CHEM GASTON,44.7741,-0.58443,Nuit avec éclairage allumé,En agglomération,Hors intersection,Pluie légère,Autre collision,,,,,,,,,,,5,2,1,2,6.0
201600023692,0016-02-26 18:10:00,16,2,26,18,10,330,63,RUE BABIN/TH.CABARRUS,44.823,-0.59542,Crépuscule ou aube,En agglomération,Intersection en X,Normale,Deux véhicules - côté,,,,,,,,,,,2,2,2,1,3.0
201600023693,0016-02-22 15:45:00,16,2,22,15,45,330,200,AV DE MAGUDAS/MORANDIERE,44.8583,-0.67766,Plein jour,En agglomération,Giratoire,Normale,Deux véhicules - côté,,,,,,,,,,,1,2,6,1,3.0
201600023694,0016-02-28 21:15:00,16,2,28,21,15,330,63,261BD A.DANEY>PCELATULE,44.8713,-0.56301,Nuit avec éclairage allumé,En agglomération,Hors intersection,Normale,Autre collision,,,,,,,,,,,5,2,1,1,6.0
201600023695,0016-02-27 23:10:00,16,2,27,23,10,330,63,"4, AVE DE VERDUN CAUD",44.85558,-0.61392,Nuit avec éclairage allumé,En agglomération,Hors intersection,Normale,Deux véhicules - arrière,,,,,,,,,,,5,2,1,1,2.0
201600023696,0016-02-27 06:30:00,16,2,27,6,30,330,63,R.JEAN DESCAS/R.DE SAGET,44.8289,-0.5567,Nuit avec éclairage allumé,En agglomération,Intersection en X,Normale,Deux véhicules - côté,,,,,,,,,,,5,2,2,1,3.0
201600023697,0016-02-22 17:15:00,16,2,22,17,15,330,249,AVE DE LA GARDETTE,44.88608,-0.50932,Plein jour,En agglomération,Hors intersection,Normale,Deux véhicules - côté,,,,,,,,,,,1,2,1,1,3.0
201600023698,0016-02-29 13:20:00,16,2,29,13,20,330,63,VELO:DE GARE > CRS YSER,44.8212,-0.56582,Plein jour,En agglomération,Intersection en X,Normale,Deux véhicules - côté,,,,,,,,,,,1,2,2,1,3.0
201600023699,0016-02-29 08:45:00,16,2,29,8,45,330,63,"199, RUE DE SAINT GENES",44.8236,-0.58201,Plein jour,En agglomération,Hors intersection,Normale,Autre collision,,,,,,,,,,,1,2,1,1,6.0
201600023700,0016-02-29 15:35:00,16,2,29,15,35,330,119,RUE JEAN RAYMOND GUYON,44.85271,-0.52783,Plein jour,En agglomération,Giratoire,Normale,Deux véhicules - côté,,,,,,,,,,,1,2,6,1,3.0
201600023701,0016-03-01 18:35:00,16,3,1,18,35,330,63,88 CRX BLANCHE/LYON,44.8453,-0.59248,Crépuscule ou aube,En agglomération,Intersection en T,Normale,Deux véhicules - côté,,,,,,,,,,,2,2,3,1,3.0
201600023702,0016-02-24 22:50:00,16,2,24,22,50,330,522,CRS DE LA LIBERATION,44.8068,-0.59171,Nuit avec éclairage allumé,En agglomération,Intersection en X,Normale,Deux véhicules - côté,,,,,,,,,,,5,2,2,1,3.0
201600023703,0016-02-25 19:20:00,16,2,25,19,20,330,281,R.FARADAY/FR.ARAGO,44.8558,-0.67106,Nuit avec éclairage allumé,En agglomération,Intersection en X,Normale,Deux véhicules - côté,,,,,,,,,,,5,2,2,1,3.0
201600023704,0016-03-01 20:05:00,16,3,1,20,5,330,63,CRS MARNE/CRS L'YSER,44.8298,-0.56805,Nuit avec éclairage allumé,En agglomération,Intersection en X,Normale,Trois véhicules et plus - collisions multiples,,,,,,,,,,,5,2,2,1,5.0
201600023705,0016-03-02 09:15:00,16,3,2,9,15,330,63,"201, BD ALFRED DANEY",44.8692,-0.56805,Plein jour,En agglomération,Hors intersection,Normale,Trois véhicules et plus - en chaîne,,,,,,,,,,,1,2,1,1,4.0
201600023706,0016-03-02 07:30:00,16,3,2,7,30,330,63,BD ALBERT 1ER/ACACIAS,44.8128,-0.56072,Plein jour,En agglomération,Intersection en Y,Pluie forte,Deux véhicules - côté,,,,,,,,,,,1,2,4,3,3.0
201600023707,0016-03-03 08:00:00,16,3,3,8,0,330,63,RUE DE SEGUR/PEREY,44.8247,-0.58496,Plein jour,En agglomération,Intersection en X,Pluie légère,Deux véhicules - côté,,,,,,,,,,,1,2,2,2,3.0
201600023708,0016-02-29 16:40:00,16,2,29,16,40,330,39,RUE ALEXIS LABRO,44.7881,-0.56545,Plein jour,En agglomération,Hors intersection,Normale,Autre collision,,,,,,,,,,,1,2,1,1,6.0
201600023709,0016-03-03 09:20:00,16,3,3,9,20,330,39,BD JEAN-JACQUES BOSC,44.81767,-0.5473,Plein jour,En agglomération,Intersection en T,Pluie légère,Deux véhicules - côté,,,,,,,,,,,1,2,3,2,3.0
201600023710,0016-03-05 01:25:00,16,3,5,1,25,330,63,"165, PESSAC (RUE DE)",44.82793,-0.58503,Nuit avec éclairage allumé,En agglomération,Hors intersection,Pluie légère,Deux véhicules - frontale,,,,,,,,,,,5,2,1,2,1.0
201600023711,0016-03-05 17:15:00,16,3,5,17,15,330,63,R.A.POIRSON/R.RIVIERE,44.8567,-0.58878,Plein jour,En agglomération,Intersection en X,Normale,Sans collision,,,,,,,,,,,1,2,2,1,7.0