accident_id,datetime,annee,mois,jour,heure,minute,departement,commune_insee,adresse,latitude,longitude,luminosite,agglomeration,intersection,meteo,collision,nb_vehicules,nb_usagers,nb_indemnes,nb_tues,nb_blesses_hosp,nb_blesses_legers,age_cond_1,age_cond_2,veh_type_cond_1,veh_type_cond_2,lum_code,agg_code,int_code,atm_code,col_code
201600023833,0016-04-26 17:40:00,16,4,26,17,40,330,162,120 AVE DE L'HIPPODROME,44.8715,-0.63407,Plein jour,En agglomération,Hors intersection,Normale,Deux véhicules - côté,,,,,,,,,,,1,2,1,1,3.0
201600023834,0016-04-25 21:25:00,16,4,25,21,25,330,39,AVE LENINE,44.7979,-0.55294,Nuit avec éclairage allumé,En agglomération,Hors intersection,Normale,Deux véhicules - frontale,,,,,,,,,,,5,2,1,1,1.0
201600023835,0016-04-14 22:50:00,16,4,14,22,50,330,281,AVE DE MAGUDAS,44.85868,-0.67277,Nuit sans éclairage public,Hors agglomération,Giratoire,Pluie légère,Autre collision,,,,,,,,,,,3,1,6,2,6.0
201600023836,0016-04-28 08:30:00,16,4,28,8,30,330,550,RUE VICTOR JARA,44.7906,-0.58473,Plein jour,En agglomération,Hors intersection,Normale,Deux véhicules - frontale,,,,,,,,,,,1,2,1,1,1.0
201600023837,0016-04-30 15:55:00,16,4,30,15,55,330,13,89AV EGLISE ROMANE,44.8578,-0.496,Plein jour,En agglomération,Hors intersection,Normale,Autre collision,,,,,,,,,,,1,2,1,1,6.0
201600023838,0016-05-02 11:40:00,16,5,2,11,40,330,63,MAL JUIN/BELLEVILLE,44.8351,-0.5861,Plein jour,En agglomération,Intersection en X,Normale,Deux véhicules - côté,,,,,,,,,,,1,2,2,1,3.0
201600023839,0016-05-02 17:50:00,16,5,2,17,50,330,63,QUAI DESCHAMPS,44.8344,-0.55168,Plein jour,En agglomération,Hors intersection,Normale,Deux véhicules - côté,,,,,,,,,,,1,2,1,1,3.0
201600023840,0016-05-03 16:05:00,16,5,3,16,5,330,63,Q.PALUDATE/PONT ST JEAN,44.8293,-0.5549,Plein jour,En agglomération,Intersection en T,Normale,Deux véhicules - arrière,,,,,,,,,,,1,2,3,1,2.0
201600023841,0016-05-03 22:30:00,16,5,3,22,30,330,63,RUE ST GENES/SOLFERINO,44.8231,-0.58217,Nuit avec éclairage allumé,En agglomération,Intersection en X,Normale,Deux véhicules - côté,,,,,,,,,,,5,2,2,1,3.0
201600023842,0016-05-03 22:40:00,16,5,3,22,40,330,63,"74, CRS DE L'YSER",44.82692,-0.56926,Nuit avec éclairage allumé,En agglomération,Intersection en X,Normale,Deux véhicules - côté,,,,,,,,,,,5,2,2,1,3.0
201600023843,0016-05-02 19:15:00,16,5,2,19,15,330,281,TRUC/CEPAGES(VIGNOBLES),44.8492,-0.65451,Plein jour,En agglomération,Intersection en T,Normale,Autre collision,,,,,,,,,,,1,2,3,1,6.0
201600023844,0016-05-04 20:50:00,16,5,4,20,50,330,63,STIEESPCH.DEGAULLE/FLEUR,44.8367,-0.58288,Crépuscule ou aube,En agglomération,Intersection en T,Normale,Sans collision,,,,,,,,,,,2,2,3,1,7.0
201600023845,0016-05-04 19:05:00,16,5,4,19,5,330,63,PCE ROHAN/FRERES BONIE,44.8371,-0.57891,Plein jour,En agglomération,Intersection en T,Normale,Deux véhicules - arrière,,,,,,,,,,,1,2,3,1,2.0
201600023846,0016-05-02 17:15:00,16,5,2,17,15,330,281,AVE DE VERDUN,44.8393,-0.63357,Plein jour,En agglomération,Intersection en T,Normale,Deux véhicules - côté,,,,,,,,,,,1,2,3,1,3.0
201600023847,0016-05-03 13:15:00,16,5,3,13,15,330,281,16AVLIBERATION>PL JAURES,44.8437,-0.64557,Plein jour,En agglomération,Intersection en X,Normale,Autre collision,,,,,,,,,,,1,2,2,1,6.0
201600023848,0016-05-02 13:40:00,16,5,2,13,40,330,281,AV G.EIFFEL/A.VOLTA,44.8532,-0.66955,Plein jour,En agglomération,Intersection en X,Normale,Deux véhicules - côté,,,,,,,,,,,1,2,2,1,3.0
201600023849,0016-04-20 09:15:00,16,4,20,9,15,330,162,AV TAILLAN-MEDOC/SEGUIN,44.8832,-0.65506,Plein jour,Hors agglomération,Intersection en X,Normale,Trois véhicules et plus - en chaîne,,,,,,,,,,,1,1,2,1,4.0
201600023850,0016-05-06 16:58:00,16,5,6,16,58,330,63,SALINIERES/TOUR DU PIN,44.83563,-0.56479,Plein jour,En agglomération,Intersection en T,Normale,Deux véhicules - côté,,,,,,,,,,,1,2,3,1,3.0
201600023851,0016-05-06 11:30:00,16,5,6,11,30,330,63,BD DU PRESIDENT WILSON,44.84756,-0.59776,Plein jour,Hors agglomération,Intersection en T,Normale,Deux véhicules - arrière,,,,,,,,,,,1,1,3,1,2.0
201600023852,0016-04-29 15:45:00,16,4,29,15,45,330,550,N.APPERT/JY.COUSTEAU,44.7844,-0.58293,Plein jour,En agglomération,Intersection en X,Normale,Deux véhicules - côté,,,,,,,,,,,1,2,2,1,3.0
201600023853,0016-04-25 10:30:00,16,4,25,10,30,330,39,ML FOCH/BELLEROSE/MURIER,44.8113,-0.54985,Plein jour,En agglomération,Intersection en X,Normale,Deux véhicules - côté,,,,,,,,,,,1,2,2,1,3.0
201600023854,0016-05-03 17:40:00,16,5,3,17,40,330,162,AV ST MEDARD/R.ANTOUNE,44.8634,-0.65707,Plein jour,En agglomération,Intersection en X,Normale,Deux véhicules - côté,,,,,,,,,,,1,2,2,1,3.0
201600023855,0016-05-04 19:07:00,16,5,4,19,7,330,119,22 R.A.BRIAND-PARCPALMER,44.8597,-0.52378,Plein jour,En agglomération,Hors intersection,Normale,Autre collision,,,,,,,,,,,1,2,1,1,6.0
201600023856,0016-05-06 19:46:00,16,5,6,19,46,330,281,AV MAGUDAS/RUE EYSINES,44.8566,-0.65327,Plein jour,Hors agglomération,Intersection en X,Normale,Autre collision,,,,,,,,,,,1,1,2,1,6.0
201600023857,0016-05-10 10:15:00,16,5,10,10,15,330,63,"154, CRS DE LA SOMME",44.8248,-0.5726,Plein jour,En agglomération,Hors intersection,Normale,Autre collision,,,,,,,,,,,1,2,1,1,6.0
201600023858,0016-05-03 16:25:00,16,5,3,16,25,330,167,RD936/R.de Beguey,44.8417,-0.49593,Plein jour,Hors agglomération,Giratoire,Normale,Deux véhicules - arrière,,,,,,,,,,,1,1,6,1,2.0
201600023859,0016-05-11 03:30:00,16,5,11,3,30,330,63,R.F.SOURDIS/MAL JUIN,44.8345,-0.58857,Nuit avec éclairage allumé,En agglomération,Intersection en T,Pluie légère,Sans collision,,,,,,,,,,,5,2,3,2,7.0
201600023860,0016-05-09 08:20:00,16,5,9,8,20,330,281,"03, RUE AUGUSTE RODIN",44.8346,-0.6499,Plein jour,En agglomération,Hors intersection,Pluie légère,Deux véhicules - arrière,,,,,,,,,,,1,2,1,2,2.0
201600023861,0016-05-11 14:25:00,16,5,11,14,25,330,63,"81, RUE MESTRE CAUD",44.84147,-0.61109,Plein jour,En agglomération,Hors intersection,Normale,Autre collision,,,,,,,,,,,1,2,1,1,6.0
201600023862,0016-05-07 16:40:00,16,5,7,16,40,330,318,AVE DU MARECHAL JUIN,44.7941,-0.62897,Plein jour,En agglomération,Hors intersection,Normale,Autre collision,,,,,,,,,,,1,2,1,1,6.0
201600023863,0016-05-06 19:50:00,16,5,6,19,50,330,522,CRS DE LA LIBERATION,44.79546,-0.60399,Plein jour,En agglomération,Intersection en X,Normale,Deux véhicules - côté,,,,,,,,,,,1,2,2,1,3.0
201600023864,0016-05-09 14:50:00,16,5,9,14,50,330,281,L'ARGONNE/AVE R.GARROS,44.8244,-0.68604,Plein jour,En agglomération,Giratoire,Pluie forte,Deux véhicules - côté,,,,,,,,,,,1,2,6,3,3.0
201600023865,0016-05-10 12:40:00,16,5,10,12,40,330,281,AVE PIERRE MENDES FRANCE,44.8338,-0.64075,Plein jour,En agglomération,Hors intersection,Normale,Deux véhicules - côté,,,,,,,,,,,1,2,1,1,3.0
201600023866,0016-05-12 17:25:00,16,5,12,17,25,330,63,15CRS VERDUN/R. HUSTIN,44.8462,-0.57725,Plein jour,En agglomération,Intersection en T,Normale,Autre collision,,,,,,,,,,,1,2,3,1,6.0
201600023867,0016-05-13 02:50:00,16,5,13,2,50,330,63,SICARD/PLMARCHECHARTRONS,44.852,-0.57237,Nuit avec éclairage allumé,En agglomération,Intersection en X,Normale,Autre collision,,,,,,,,,,,5,2,2,1,6.0
201600023868,0016-05-04 18:28:00,16,5,4,18,28,330,522,9AV THOUARS>CENTRE VILLE,44.7954,-0.59239,Plein jour,Hors agglomération,Hors intersection,Normale,Trois véhicules et plus - en chaîne,,,,,,,,,,,1,1,1,1,4.0
201600023869,0016-05-16 23:50:00,16,5,16,23,50,330,63,CRS D'ALBRET/LIBERATION,44.8324,-0.57986,Nuit avec éclairage allumé,En agglomération,Intersection en T,Normale,Autre collision,,,,,,,,,,,5,2,3,1,6.0
201600023870,0016-05-14 17:07:00,16,5,14,17,7,330,63,"197, AVE THIERS",44.84675,-0.54922,Plein jour,Hors agglomération,Intersection en X,Normale,Deux véhicules - côté,,,,,,,,,,,1,1,2,1,3.0
201600023871,0016-05-13 18:45:00,16,5,13,18,45,330,63,R.PERE DIEUZAIDE/M.TETE-,44.8392,-0.58467,Plein jour,En agglomération,Intersection en T,Normale,Autre collision,,,,,,,,,,,1,2,3,1,6.0
201600023872,0016-05-13 08:40:00,16,5,13,8,40,330,63,BD GEORGES POMPIDOU,44.83058,-0.60305,Plein jour,En agglomération,Intersection en X,Normale,Deux véhicules - côté,,,,,,,,,,,1,2,2,1,3.0
201600023873,0016-05-15 16:50:00,16,5,15,16,50,330,318,D1250 Mal De Lattre de T,44.76818,-0.71955,Plein jour,Hors agglomération,Hors intersection,Normale,Deux véhicules - côté,,,,,,,,,,,1,1,1,1,3.0
201600023874,0016-05-11 16:50:00,16,5,11,16,50,330,192,1R MARAIS=>CROIXMONJOUS,44.7741,-0.59867,Plein jour,Hors agglomération,Hors intersection,Normale,Deux véhicules - côté,,,,,,,,,,,1,1,1,1,3.0
201600023875,0016-05-12 08:10:00,16,5,12,8,10,330,75,R.J.CLAUDEVILLE/TH.BLANC,44.8739,-0.57783,Plein jour,En agglomération,Intersection en X,Normale,Autre collision,,,,,,,,,,,1,2,2,1,6.0
201600023876,0016-05-17 11:15:00,16,5,17,11,15,330,63,ALBERT1ER FACE R.AUPERIE,44.8145,-0.57125,Plein jour,En agglomération,Hors intersection,Normale,Deux véhicules - arrière,,,,,,,,,,,1,2,1,1,2.0
201600023877,0016-05-10 17:25:00,16,5,10,17,25,330,63,BD DES FRERES MOGA,44.82399,-0.54357,Plein jour,En agglomération,Intersection en X,Normale,Deux véhicules - frontale,,,,,,,,,,,1,2,2,1,1.0
201600023878,0016-05-13 23:20:00,16,5,13,23,20,330,63,"49, CRS D'ALBRET",44.83648,-0.58101,Nuit avec éclairage non allumé,En agglomération,Intersection en X,Normale,Deux véhicules - côté,,,,,,,,,,,4,2,2,1,3.0
201600023879,0016-05-13 07:40:00,16,5,13,7,40,330,162,Av MEDOC - ECH 7,44.87964,-0.62682,Plein jour,Hors agglomération,Intersection en X,Normale,Deux véhicules - frontale,,,,,,,,,,,1,1,2,1,1.0
201600023880,0016-05-11 19:55:00,16,5,11,19,55,330,167,MOTO:RD936>BDENTRE2MERS,44.8434,-0.50353,Plein jour,Hors agglomération,Giratoire,Normale,Deux véhicules - côté,,,,,,,,,,,1,1,6,1,3.0
201600023881,0016-05-17 13:00:00,16,5,17,13,0,330,63,ESPLANADE D'AUCHAN LAC,44.8789,-0.56555,Plein jour,Hors agglomération,Hors intersection,Normale,Autre collision,,,,,,,,,,,1,1,1,1,6.0
201600023882,0016-05-19 02:20:00,16,5,19,2,20,330,63,"199, CRS DE L'YSER",44.8223,-0.57111,Nuit avec éclairage allumé,En agglomération,Intersection en X,Normale,Autre collision,,,,,,,,,,,5,2,2,1,6.0
201600023883,0016-05-18 15:50:00,16,5,18,15,50,330,63,CRS V.HUGO/R.MENUTS,44.8357,-0.56808,Plein jour,En agglomération,Intersection en T,Normale,Deux véhicules - côté,,,,,,,,,,,1,2,3,1,3.0
201600023884,0016-05-12 08:20:00,16,5,12,8,20,330,281,AVE DE KAOLACK,44.81482,-0.66577,Plein jour,En agglomération,Hors intersection,Normale,Trois véhicules et plus - en chaîne,,,,,,,,,,,1,2,1,1,4.0
201600023885,0016-05-17 10:15:00,16,5,17,10,15,330,167,"42, CHEM DE CORNIER",44.842,-0.51546,Plein jour,En agglomération,Hors intersection,Normale,Autre collision,,,,,,,,,,,1,2,1,1,6.0
201600023886,0016-05-18 18:45:00,16,5,18,18,45,330,63,GAL LARMINAT/PLGAVINIES,44.8333,-0.59483,Plein jour,En agglomération,Intersection en T,Normale,Trois véhicules et plus - en chaîne,,,,,,,,,,,1,2,3,1,4.0
201600023887,0016-05-17 17:40:00,16,5,17,17,40,330,281,"18, RUE DU JARD/IMP JARD",44.8416,-0.63951,Plein jour,En agglomération,Intersection en Y,Normale,Deux véhicules - côté,,,,,,,,,,,1,2,4,1,3.0
201600023888,0016-05-21 12:00:00,16,5,21,12,0,330,63,DR J.VINCENT/PR DARGET,44.8764,-0.55998,Plein jour,En agglomération,Intersection en T,Normale,Deux véhicules - côté,,,,,,,,,,,1,2,3,1,3.0
201600023889,0016-05-20 21:00:00,16,5,20,21,0,330,63,LABARDE ENTREE PSTE MOTO,44.8973,-0.55138,Plein jour,Hors agglomération,Hors intersection,Normale,Autre collision,,,,,,,,,,,1,1,1,1,6.0
201600023890,0016-05-22 08:05:00,16,5,22,8,5,330,281,"302, AVE D'ARES",44.83838,-0.615,Plein jour,En agglomération,Place,Pluie légère,Deux véhicules - frontale,,,,,,,,,,,1,2,7,2,1.0
201600023891,0016-05-20 21:15:00,16,5,20,21,15,330,63,111 BD J.J.BOSC,44.8187,-0.54552,Plein jour,En agglomération,Hors intersection,Normale,Deux véhicules - frontale,,,,,,,,,,,1,2,1,1,1.0
201600023892,0016-05-21 21:40:00,16,5,21,21,40,330,63,59CRS MARTINIQUE/PORTAL,44.8543,-0.57226,Nuit avec éclairage allumé,En agglomération,Intersection en X,Normale,Autre collision,,,,,,,,,,,5,2,2,1,6.0
201600023893,0016-05-21 22:10:00,16,5,21,22,10,330,63,CHBRICAUD/RDPT MARIE FEL,44.8884,-0.56021,Nuit avec éclairage allumé,En agglomération,Giratoire,Pluie forte,Deux véhicules - arrière,,,,,,,,,,,5,2,6,3,2.0
201600023894,0016-05-23 13:30:00,16,5,23,13,30,330,63,CRS DE LA MARNE,44.8285,-0.56205,Plein jour,En agglomération,Intersection en X,Normale,Deux véhicules - frontale,,,,,,,,,,,1,2,2,1,1.0
201600023895,0016-05-17 10:30:00,16,5,17,10,30,330,522,AV THOUARS FACE PISCINE,44.7906,-0.59131,Plein jour,En agglomération,Hors intersection,Normale,Autre collision,,,,,,,,,,,1,2,1,1,6.0
201600023896,0016-05-22 21:25:00,16,5,22,21,25,330,249,AVE CARNOT=>BORDEAUX,44.8629,-0.5302,Crépuscule ou aube,En agglomération,Hors intersection,Pluie forte,Sans collision,,,,,,,,,,,2,2,1,3,7.0
201600023897,0016-05-24 15:50:00,16,5,24,15,50,330,63,"100, BD ALFRED DANEY",44.8682,-0.57039,Plein jour,En agglomération,Intersection en Y,Normale,Deux véhicules - arrière,,,,,,,,,,,1,2,4,1,2.0
201600023898,0016-05-24 08:50:00,16,5,24,8,50,330,63,CRS MAL JUIN/BELLEVILLE,44.8351,-0.5861,Plein jour,En agglomération,Intersection en X,Normale,Deux véhicules - côté,,,,,,,,,,,1,2,2,1,3.0
201600023899,0016-05-24 10:10:00,16,5,24,10,10,330,63,508 MAL LATTRE TASSIGNY,44.8605,-0.63631,Plein jour,En agglomération,Hors intersection,Normale,Deux véhicules - arrière,,,,,,,,,,,1,2,1,1,2.0
201600023900,0016-05-13 11:30:00,16,5,13,11,30,330,63,CRS DE L'YSER/FONFREDE,44.8257,-0.56973,Plein jour,En agglomération,Intersection en Y,Normale,Deux véhicules - côté,,,,,,,,,,,1,2,4,1,3.0
201600023901,0016-05-24 18:30:00,16,5,24,18,30,330,63,R. BEGLES/LAFONTAINE,44.8268,-0.56753,Plein jour,En agglomération,Intersection en X,Normale,Deux véhicules - côté,,,,,,,,,,,1,2,2,1,3.0
201600023902,0016-05-25 13:19:00,16,5,25,13,19,330,281,51 AV MARNE/V.AURIOL,44.8369,-0.6211,Plein jour,En agglomération,Intersection en Y,Normale,Deux véhicules - côté,,,,,,,,,,,1,2,4,1,3.0
201600023903,0016-05-19 12:10:00,16,5,19,12,10,330,39,AV L.LEROUSSEAU/BRUN,44.8078,-0.55522,Plein jour,En agglomération,Intersection en X,Normale,Deux véhicules - côté,,,,,,,,,,,1,2,2,1,3.0
201600023904,0016-05-23 23:00:00,16,5,23,23,0,330,522,MIS. HT BRION/PEYBOUQUEY,44.815,-0.60325,Nuit avec éclairage allumé,En agglomération,Giratoire,Normale,Autre collision,,,,,,,,,,,5,2,6,1,6.0
201600023905,0016-05-21 09:20:00,16,5,21,9,20,330,200,MEDOC/VIGNES BUSSAC,44.8886,-0.67416,Plein jour,En agglomération,Intersection en T,Normale,Deux véhicules - côté,,,,,,,,,,,1,2,3,1,3.0
201600023906,0016-05-21 00:35:00,16,5,21,0,35,330,318,AV G. EIFFEL/BROGLIE.,44.7836,-0.64671,Nuit avec éclairage allumé,En agglomération,Intersection en T,Normale,Deux véhicules - côté,,,,,,,,,,,5,2,3,1,3.0
201600023907,0016-05-25 09:00:00,16,5,25,9,0,330,281,7 AV DE VERDUN=>GALILEE,44.8392,-0.62808,Plein jour,En agglomération,Hors intersection,Normale,Deux véhicules - arrière,,,,,,,,,,,1,2,1,1,2.0
201600023908,0016-05-21 13:05:00,16,5,21,13,5,330,318,AV PEY BERLAND/VOIE TRAM,44.8008,-0.6089,Plein jour,Hors agglomération,Intersection en X,Normale,Deux véhicules - frontale,,,,,,,,,,,1,1,2,1,1.0
201600023909,0016-05-26 08:20:00,16,5,26,8,20,330,63,RUE RIVIERE/RUE MACAU,44.856,-0.58865,Plein jour,En agglomération,Intersection en X,Pluie légère,Deux véhicules - frontale,,,,,,,,,,,1,2,2,2,1.0
201600023910,0016-05-27 11:05:00,16,5,27,11,5,330,69,20R.LAMARTINE/TASSIGNY,44.8636,-0.60646,Plein jour,En agglomération,Giratoire,Normale,Autre collision,,,,,,,,,,,1,2,6,1,6.0
201600023911,0016-05-28 15:20:00,16,5,28,15,20,330,63,"267, CRS DE LA SOMME",44.8199,-0.57237,Plein jour,En agglomération,Hors intersection,Normale,Autre collision,,,,,,,,,,,1,2,1,1,6.0
201600023912,0016-05-24 07:45:00,16,5,24,7,45,330,63,RUE STEHELIN/CEREY,44.8526,-0.62014,Plein jour,En agglomération,Intersection en Y,Normale,Deux véhicules - arrière,,,,,,,,,,,1,2,4,1,2.0
201600023913,0016-05-28 15:35:00,16,5,28,15,35,330,63,BD PDT WILSON / B.ADOUR,44.8384,-0.59919,Plein jour,En agglomération,Intersection en X,Normale,Deux véhicules - côté,,,,,,,,,,,1,2,2,1,3.0
201600023914,0016-05-30 13:20:00,16,5,30,13,20,330,63,RUE MANDRON/RUE COURSE,44.8509,-0.57783,Plein jour,En agglomération,Intersection en X,Normale,Deux véhicules - côté,,,,,,,,,,,1,2,2,1,3.0
201600023915,0016-05-29 09:59:00,16,5,29,9,59,330,249,VLA.ZIGZAGUE,44.8814,-0.53167,Plein jour,En agglomération,Giratoire,Normale,Deux véhicules - frontale,,,,,,,,,,,1,2,6,1,1.0
201600023916,0016-05-31 21:00:00,16,5,31,21,0,330,63,BDAQUITAINE=>FAURE,44.8699,-0.56669,Plein jour,En agglomération,Hors intersection,Normale,Deux véhicules - arrière,,,,,,,,,,,1,2,1,1,2.0
201600023917,0016-06-01 14:35:00,16,6,1,14,35,330,63,Q. CHARTRONS COTE FLEUVE,44.8556,-0.56364,Plein jour,En agglomération,Hors intersection,Pluie légère,Deux véhicules - côté,,,,,,,,,,,1,2,1,2,3.0
201600023918,0016-06-01 08:50:00,16,6,1,8,50,330,63,RUE HENRI IV/R.LALANDE,44.8319,-0.57527,Plein jour,En agglomération,Intersection en X,Pluie légère,Deux véhicules - arrière,,,,,,,,,,,1,2,2,2,2.0
201600023919,0016-06-03 01:00:00,16,6,3,1,0,330,63,"3, RUE FRANTZ SCHRADER",44.8357,-0.60777,Nuit avec éclairage allumé,En agglomération,Hors intersection,Normale,Autre collision,,,,,,,,,,,5,2,1,1,6.0
201600023920,0016-06-02 23:15:00,16,6,2,23,15,330,63,BD PIERRE1ER/LIBERATION,44.8538,-0.59353,Nuit avec éclairage allumé,En agglomération,Intersection en X,Temps couvert,Deux véhicules - côté,,,,,,,,,,,5,2,2,8,3.0
201600023921,0016-06-02 17:00:00,16,6,2,17,0,330,63,"27, PCE DES CAPUCINS",44.83,-0.56763,Plein jour,En agglomération,Hors intersection,Normale,Autre collision,,,,,,,,,,,1,2,1,1,6.0
201600023922,0016-05-30 14:55:00,16,5,30,14,55,330,167,"35, RUE JULES GUESDE",44.8288,-0.5293,Plein jour,En agglomération,Intersection en T,Normale,Deux véhicules - frontale,,,,,,,,,,,1,2,3,1,1.0
201600023923,0016-05-26 09:05:00,16,5,26,9,5,330,281,RUE DE LYON/J.MICHELET,44.8216,-0.61885,Plein jour,En agglomération,Intersection en X,Normale,Deux véhicules - côté,,,,,,,,,,,1,2,2,1,3.0
201600023924,0016-05-22 19:30:00,16,5,22,19,30,330,75,RUE MAUMEY/RUE AUSONE,44.8777,-0.59773,Plein jour,En agglomération,Intersection en T,Pluie légère,Deux véhicules - côté,,,,,,,,,,,1,2,3,2,3.0
201600023925,0016-05-25 12:25:00,16,5,25,12,25,330,281,369VERDUN=>CTRE MERIGNAC,44.8397,-0.638,Plein jour,En agglomération,Intersection en T,Normale,Trois véhicules et plus - en chaîne,,,,,,,,,,,1,2,3,1,4.0
201600023926,0016-06-03 10:20:00,16,6,3,10,20,330,69,BD GODARD,44.85964,-0.58926,Plein jour,En agglomération,Intersection en Y,Normale,Deux véhicules - arrière,,,,,,,,,,,1,2,4,1,2.0
201600023927,0016-06-03 17:45:00,16,6,3,17,45,330,63,42 R.LIBERTE CAUD,44.8405,-0.60063,Plein jour,En agglomération,Hors intersection,Normale,Deux véhicules - côté,,,,,,,,,,,1,2,1,1,3.0
201600023928,0016-06-01 14:30:00,16,6,1,14,30,330,3,GUERLANDES/RD 113,44.9239,-0.53009,Plein jour,Hors agglomération,Giratoire,Normale,Deux véhicules - arrière,,,,,,,,,,,1,1,6,1,2.0
201600023929,0016-05-24 18:53:00,16,5,24,18,53,330,39,RTE TOULOUSE/ALTA MAYA,44.7948,-0.56776,Plein jour,En agglomération,Intersection en X,Normale,Deux véhicules - côté,,,,,,,,,,,1,2,2,1,3.0
201600023930,0016-05-26 16:45:00,16,5,26,16,45,330,162,AV HAILLAN/R. M. DU PORC,44.8845,-0.66081,Plein jour,En agglomération,Intersection en T,Normale,Deux véhicules - arrière,,,,,,,,,,,1,2,3,1,2.0
201600023931,0016-05-27 16:53:00,16,5,27,16,53,330,32,69R.G.CLEMENCEAU AVT GIR,44.9137,-0.51149,Plein jour,En agglomération,Hors intersection,Normale,Autre collision,,,,,,,,,,,1,2,1,1,6.0
201600023932,0016-05-31 08:20:00,16,5,31,8,20,330,281,AP.PAGNEAU>212 ARGONNE,44.8178,-0.70119,Plein jour,En agglomération,Intersection en T,Normale,Trois véhicules et plus - en chaîne,,,,,,,,,,,1,2,3,1,4.0
201600023933,0016-06-02 15:15:00,16,6,2,15,15,330,281,RTE DE PESSAC,44.8318,-0.64107,Plein jour,En agglomération,Hors intersection,Normale,Sans collision,,,,,,,,,,,1,2,1,1,7.0
201600023934,0016-06-02 22:43:00,16,6,2,22,43,330,119,ENTRE2MERS/COTE MONREPOS,44.8438,-0.5299,Nuit avec éclairage allumé,En agglomération,Intersection en X,Normale,Deux véhicules - côté,,,,,,,,,,,5,2,2,1,3.0
201600023935,0016-06-07 19:00:00,16,6,7,19,0,330,63,RUE PELLEPORT,44.82013,-0.56964,Plein jour,En agglomération,Intersection en X,Normale,Deux véhicules - côté,,,,,,,,,,,1,2,2,1,3.0
201600023936,0016-06-07 14:10:00,16,6,7,14,10,330,63,RUE BECK/E.DELACROIX,44.8223,-0.55058,Plein jour,En agglomération,Intersection en T,Normale,Deux véhicules - côté,,,,,,,,,,,1,2,3,1,3.0
201600023937,0016-06-04 21:40:00,16,6,4,21,40,330,281,"12, RUE DE LARTIGUE",44.83381,-0.66371,Plein jour,En agglomération,Hors intersection,Normale,Deux véhicules - frontale,,,,,,,,,,,1,2,1,1,1.0
201600023938,0016-06-04 23:35:00,16,6,4,23,35,330,39,PIETON POUSSE LE PORTAIL,44.8052,-0.55442,Nuit avec éclairage non allumé,En agglomération,Hors intersection,Normale,Autre collision,,,,,,,,,,,4,2,1,1,6.0
201600023939,0016-06-08 18:05:00,16,6,8,18,5,330,63,"50, BD ALBERT 1ER",44.81396,-0.56812,Plein jour,En agglomération,Intersection en Y,Normale,Deux véhicules - arrière,,,,,,,,,,,1,2,4,1,2.0
201600023940,0016-05-31 07:45:00,16,5,31,7,45,330,318,AVE DU BOURGAILH,44.8044,-0.66144,Plein jour,En agglomération,Intersection en X,Normale,Deux véhicules - arrière,,,,,,,,,,,1,2,2,1,2.0
201600023941,0016-06-06 19:30:00,16,6,6,19,30,330,39,"67, RUE DES MURIERS",44.81255,-0.54964,Plein jour,En agglomération,Hors intersection,Normale,Autre collision,,,,,,,,,,,1,2,1,1,6.0
201600023942,0016-06-06 17:00:00,16,6,6,17,0,330,63,BAR PESSAC=>BAR TOULOUSE,44.8213,-0.58298,Plein jour,En agglomération,Hors intersection,Normale,Deux véhicules - arrière,,,,,,,,,,,1,2,1,1,2.0
201600023943,0016-05-13 03:40:00,16,5,13,3,40,330,63,"262, CRS PASTEUR",44.84552,-0.61734,Nuit avec éclairage allumé,En agglomération,Hors intersection,Normale,Sans collision,,,,,,,,,,,5,2,1,1,7.0
201600023944,0016-06-08 08:15:00,16,6,8,8,15,330,522,588CRSLIBERATION>TALENCE,44.7995,-0.59756,Plein jour,En agglomération,Hors intersection,Normale,Deux véhicules - arrière,,,,,,,,,,,1,2,1,1,2.0
201600023945,0016-06-12 01:25:00,16,6,12,1,25,330,63,168 CRS MEDOC/R.GDANFLOU,44.8624,-0.57171,Nuit avec éclairage allumé,En agglomération,Intersection en T,Normale,Deux véhicules - côté,,,,,,,,,,,5,2,3,1,3.0
201600023946,0016-06-11 02:00:00,16,6,11,2,0,330,63,BD JOLIOT-CURIE=>CENON,44.8425,-0.54199,Nuit avec éclairage allumé,En agglomération,Hors intersection,Normale,Autre collision,,,,,,,,,,,5,2,1,1,6.0
201600023947,0016-06-09 10:15:00,16,6,9,10,15,330,13,RN 89,44.86871,-0.50192,Plein jour,En agglomération,Hors intersection,Normale,Deux véhicules - arrière,,,,,,,,,,,1,2,1,1,2.0
201600023948,0016-06-06 16:23:00,16,6,6,16,23,330,39,BELLE ROSE/DJ.REINHARDT,44.8115,-0.55111,Plein jour,En agglomération,Intersection en X,Normale,Deux véhicules - côté,,,,,,,,,,,1,2,2,1,3.0
201600023949,0016-06-08 22:55:00,16,6,8,22,55,330,162,AV MEDOC/BRET ECH7,44.8796,-0.62689,Nuit avec éclairage allumé,Hors agglomération,Intersection en X,Normale,Deux véhicules - côté,,,,,,,,,,,5,1,2,1,3.0
201600023950,0016-06-08 08:15:00,16,6,8,8,15,330,522,R.COL MOLL/R.BOURGES,44.8155,-0.57904,Plein jour,En agglomération,Intersection en X,Normale,Deux véhicules - côté,,,,,,,,,,,1,2,2,1,3.0
201600023951,0016-06-08 08:10:00,16,6,8,8,10,330,162,2 R.COLLEGE TECHNIQUE,44.889,-0.6265,Plein jour,En agglomération,Hors intersection,Normale,Deux véhicules - côté,,,,,,,,,,,1,2,1,1,3.0
201600023952,0016-06-13 16:35:00,16,6,13,16,35,330,63,R.GL LARMINAT/FR.SOURDIS,44.8345,-0.58857,Plein jour,En agglomération,Intersection en X,Pluie légère,Autre collision,,,,,,,,,,,1,2,2,2,6.0
201600023953,0016-06-14 09:00:00,16,6,14,9,0,330,63,AVE THIERS/R. ST EMILION,44.8475,-0.54782,Plein jour,En agglomération,Intersection en X,Normale,Deux véhicules - côté,,,,,,,,,,,1,2,2,1,3.0