accident_id,datetime,annee,mois,jour,heure,minute,departement,commune_insee,adresse,latitude,longitude,luminosite,agglomeration,intersection,meteo,collision,nb_vehicules,nb_usagers,nb_indemnes,nb_tues,nb_blesses_hosp,nb_blesses_legers,age_cond_1,age_cond_2,veh_type_cond_1,veh_type_cond_2,lum_code,agg_code,int_code,atm_code,col_code
201600023954,0016-06-07 08:12:00,16,6,7,8,12,330,281,FR.MITTERRAND/ALOUETTE,44.8189,-0.65869,Plein jour,En agglomération,Giratoire,Normale,Deux véhicules - côté,,,,,,,,,,,1,2,6,1,3.0
201600023955,0016-06-10 19:00:00,16,6,10,19,0,330,281,117MAGUDAS/MOUSSARD/CIGA,44.857,-0.65767,Plein jour,En agglomération,Intersection en X,Normale,Trois véhicules et plus - en chaîne,,,,,,,,,,,1,2,2,1,4.0
201600023956,0016-06-09 09:05:00,16,6,9,9,5,330,39,RUE DURCY,44.79891,-0.54688,Plein jour,En agglomération,Hors intersection,Normale,Autre collision,,,,,,,,,,,1,2,1,1,6.0
201600023957,0016-06-15 05:50:00,16,6,15,5,50,330,167,VOIE PENETR.EST AVT PONT,44.8443,-0.51291,Crépuscule ou aube,En agglomération,Hors intersection,Pluie légère,Autre collision,,,,,,,,,,,2,2,1,2,6.0
201600023958,0016-06-16 06:00:00,16,6,16,6,0,330,63,"24, QUAI RICHELIEU",44.83888,-0.56778,Crépuscule ou aube,En agglomération,Intersection en Y,Temps couvert,Autre collision,,,,,,,,,,,2,2,4,8,6.0
201600023959,0016-06-15 23:20:00,16,6,15,23,20,330,281,M.DASSAULT/R-OUEST-ECH10,44.8436,-0.673,Nuit avec éclairage allumé,En agglomération,Intersection en X,Pluie légère,Deux véhicules - frontale,,,,,,,,,,,5,2,2,2,1.0
201600023960,0016-06-16 11:45:00,16,6,16,11,45,330,63,QUAI DE PALUDATE/SAGET,44.8299,-0.556,Plein jour,En agglomération,Intersection en X,Normale,Deux véhicules - côté,,,,,,,,,,,1,2,2,1,3.0
201600023961,0016-06-17 16:40:00,16,6,17,16,40,330,63,HAKEIM (PCE BIR),44.83663,-0.56543,Plein jour,En agglomération,Intersection en T,Normale,Deux véhicules - côté,,,,,,,,,,,1,2,3,1,3.0
201600023962,0016-06-18 22:10:00,16,6,18,22,10,330,63,276BD PDT WILSON-DISPUTE,44.849,-0.59695,Nuit avec éclairage allumé,En agglomération,Hors intersection,Normale,Autre collision,,,,,,,,,,,5,2,1,1,6.0
201600023963,0016-06-20 08:50:00,16,6,20,8,50,330,63,"5, RUE GALIN",44.8492,-0.54426,Plein jour,En agglomération,Hors intersection,Normale,Deux véhicules - frontale,,,,,,,,,,,1,2,1,1,1.0
201600023964,0016-06-20 21:15:00,16,6,20,21,15,330,63,"01, QUAI DE LA MONNAIE",44.83475,-0.56341,Plein jour,En agglomération,Intersection en T,Normale,Autre collision,,,,,,,,,,,1,2,3,1,6.0
201600023965,0016-06-17 09:00:00,16,6,17,9,0,330,281,70R.JARD/MONTESQUIEU,44.8471,-0.63899,Plein jour,En agglomération,Intersection en Y,Pluie légère,Trois véhicules et plus - collisions multiples,,,,,,,,,,,1,2,4,2,5.0
201600023966,0016-06-20 15:40:00,16,6,20,15,40,330,63,29 BD ANTOINE GAUTIER,44.8351,-0.5989,Plein jour,En agglomération,Hors intersection,Normale,Deux véhicules - côté,,,,,,,,,,,1,2,1,1,3.0
201600023967,0016-06-15 14:20:00,16,6,15,14,20,330,39,RTE DE TOULOUSE,44.7956,-0.56796,Plein jour,En agglomération,Intersection en X,Pluie légère,Deux véhicules - côté,,,,,,,,,,,1,2,2,2,3.0
201600023968,0016-06-16 12:10:00,16,6,16,12,10,330,281,FR.MITTERRAND/J.BRIAUD,44.81786,-0.67167,Plein jour,En agglomération,Giratoire,Normale,Deux véhicules - arrière,,,,,,,,,,,1,2,6,1,2.0
201600023969,0016-06-22 00:35:00,16,6,22,0,35,330,63,60CRSINTENDANCE>GAMBETTA,44.8417,-0.57897,Nuit avec éclairage allumé,En agglomération,Hors intersection,Normale,Sans collision,,,,,,,,,,,5,2,1,1,7.0
201600023970,0016-06-16 16:50:00,16,6,16,16,50,330,522,RUE ROBESPIERRE/PCH ARS,44.8079,-0.57985,Plein jour,En agglomération,Intersection en Y,Pluie légère,Deux véhicules - côté,,,,,,,,,,,1,2,4,2,3.0
201600023971,0016-06-21 22:40:00,16,6,21,22,40,330,63,CRS PASTEUR/CRS V.HUGO,44.8351,-0.57499,Nuit avec éclairage allumé,En agglomération,Intersection en X,Normale,Deux véhicules - côté,,,,,,,,,,,5,2,2,1,3.0
201600023972,0016-06-21 17:15:00,16,6,21,17,15,330,63,BD MLLECLERC>BD AGAUTIER,44.8285,-0.59399,Plein jour,En agglomération,Hors intersection,Normale,Deux véhicules - côté,,,,,,,,,,,1,2,1,1,3.0
201600023973,0016-06-21 10:20:00,16,6,21,10,20,330,63,"46, RUE DEYRIES=>SOMME",44.8261,-0.57347,Plein jour,En agglomération,Hors intersection,Normale,Deux véhicules - arrière,,,,,,,,,,,1,2,1,1,2.0
201600023974,0016-06-15 19:00:00,16,6,15,19,0,330,39,"197, RUE ALEXIS LABRO",44.78794,-0.56564,Plein jour,En agglomération,Hors intersection,Normale,Deux véhicules - frontale,,,,,,,,,,,1,2,1,1,1.0
201600023975,0016-06-17 17:25:00,16,6,17,17,25,330,63,44TROISCONILS=>PLJABRUN,44.8387,-0.57686,Plein jour,En agglomération,Hors intersection,Normale,Autre collision,,,,,,,,,,,1,2,1,1,6.0
201600023976,0016-06-18 16:00:00,16,6,18,16,0,330,281,RUE JACQUES ANQUETIL,44.8309,-0.66027,Plein jour,En agglomération,Hors intersection,Normale,Deux véhicules - côté,,,,,,,,,,,1,2,1,1,3.0
201600023977,0016-06-23 18:50:00,16,6,23,18,50,330,39,322BDJ.JBOSC/ALLPRUNIERS,44.815,-0.5523,Plein jour,En agglomération,Intersection en T,Normale,Deux véhicules - côté,,,,,,,,,,,1,2,3,1,3.0
201600023978,0016-06-23 19:30:00,16,6,23,19,30,330,63,AV NONTRASTE/RDPT TOBEEN,44.8772,-0.56891,Plein jour,En agglomération,Giratoire,Normale,Deux véhicules - arrière,,,,,,,,,,,1,2,6,1,2.0
201600023979,0016-06-23 13:00:00,16,6,23,13,0,330,63,PONT PIERRE=>BIR HAKEIM,44.8381,-0.5633,Plein jour,En agglomération,Hors intersection,Normale,Deux véhicules - côté,,,,,,,,,,,1,2,1,1,3.0
201600023980,0016-06-21 09:00:00,16,6,21,9,0,330,39,RUE DU MARECHAL FOCH,44.81144,-0.54855,Plein jour,En agglomération,Autre intersection,Normale,Autre collision,,,,,,,,,,,1,2,9,1,6.0
201600023981,0016-06-21 08:15:00,16,6,21,8,15,330,318,37AVGL LECLERC/PCASTAING,44.7956,-0.66782,Plein jour,En agglomération,Intersection en T,Normale,Deux véhicules - côté,,,,,,,,,,,1,2,3,1,3.0
201600023982,0016-06-19 19:25:00,16,6,19,19,25,330,13,ROUTE NATIONALE 89,44.8676,-0.49189,Plein jour,Hors agglomération,Hors intersection,Normale,Deux véhicules - arrière,,,,,,,,,,,1,1,1,1,2.0
201600023983,0016-06-24 22:15:00,16,6,24,22,15,330,63,CRS LA MARNE/ST VINCENT,44.8277,-0.55866,Plein jour,En agglomération,Intersection en T,Normale,Deux véhicules - côté,,,,,,,,,,,1,2,3,1,3.0
201600023984,0016-06-24 09:00:00,16,6,24,9,0,330,63,LAT.TASSIGNY/G.LEGLISE,44.857,-0.61992,Plein jour,En agglomération,Intersection en X,Normale,Deux véhicules - côté,,,,,,,,,,,1,2,2,1,3.0
201600023985,0016-06-21 18:30:00,16,6,21,18,30,330,550,RUE FERNAND SOORS.,44.76327,-0.5659,Plein jour,En agglomération,Intersection en Y,Normale,Deux véhicules - arrière,,,,,,,,,,,1,2,4,1,2.0
201600023986,0016-06-24 22:35:00,16,6,24,22,35,330,63,BD PDT WILSON/G.MANDEL.,44.8414,-0.59933,Nuit avec éclairage allumé,En agglomération,Intersection à plus de 4 branches,Normale,Deux véhicules - côté,,,,,,,,,,,5,2,5,1,3.0
201600023987,0016-06-20 21:20:00,16,6,20,21,20,330,318,JEAN JAURES/A.JAUBERT,44.8069,-0.62809,Plein jour,En agglomération,Intersection en X,Normale,Deux véhicules - côté,,,,,,,,,,,1,2,2,1,3.0
201600023988,0016-06-27 23:20:00,16,6,27,23,20,330,39,177V.HUGO/RDPTRESISTANCE,44.8078,-0.56067,Nuit avec éclairage allumé,En agglomération,Giratoire,Normale,Deux véhicules - arrière,,,,,,,,,,,5,2,6,1,2.0
201600023989,0016-06-28 16:40:00,16,6,28,16,40,330,318,R.PERRIN/R.MONGE,44.77908,-0.65977,Plein jour,En agglomération,Intersection en T,Normale,Autre collision,,,,,,,,,,,1,2,3,1,6.0
201600023990,0016-06-27 08:20:00,16,6,27,8,20,330,119,BD A.RICARD/CH.CHAIGNEAU,44.8594,-0.53863,Plein jour,En agglomération,Giratoire,Normale,Deux véhicules - arrière,,,,,,,,,,,1,2,6,1,2.0
201600023991,0016-06-28 19:35:00,16,6,28,19,35,330,63,CRS V.HUGO/R.PILET,44.8356,-0.56854,Plein jour,En agglomération,Intersection en T,Normale,Deux véhicules - côté,,,,,,,,,,,1,2,3,1,3.0
201600023992,0016-06-26 00:10:00,16,6,26,0,10,330,63,101 Rte de Toulouse,44.8112,-0.57389,Nuit avec éclairage allumé,En agglomération,Intersection en T,Normale,Deux véhicules - côté,,,,,,,,,,,5,2,3,1,3.0
201600023993,0016-06-28 08:15:00,16,6,28,8,15,330,281,AVTGIRATOIRE AV R.GARROS,44.8158,-0.68129,Plein jour,En agglomération,Hors intersection,Normale,Deux véhicules - côté,,,,,,,,,,,1,2,1,1,3.0
201600023994,0016-06-30 19:40:00,16,6,30,19,40,330,63,"28, RUE VILARIS/MALBEC",44.8253,-0.56284,Plein jour,En agglomération,Intersection en X,Normale,Deux véhicules - côté,,,,,,,,,,,1,2,2,1,3.0
201600023995,0016-06-29 08:35:00,16,6,29,8,35,330,167,RUE DE LA FONTAINE,44.8449,-0.51326,Plein jour,En agglomération,Hors intersection,Normale,Autre collision,,,,,,,,,,,1,2,1,1,6.0
201600023996,0016-06-23 11:15:00,16,6,23,11,15,330,162,AV MEDOC/BRET NORD-EST,44.8796,-0.62689,Plein jour,Hors agglomération,Intersection en X,Normale,Deux véhicules - côté,,,,,,,,,,,1,1,2,1,3.0
201600023997,0016-07-01 12:55:00,16,7,1,12,55,330,63,CRS SAINT LOUIS,44.85593,-0.57123,Plein jour,En agglomération,Intersection en X,Normale,Trois véhicules et plus - collisions multiples,,,,,,,,,,,1,2,2,1,5.0
201600023998,0016-07-01 16:30:00,16,7,1,16,30,330,75,160 AV CH.DE GAULLE,44.8872,-0.61019,Plein jour,En agglomération,Hors intersection,Normale,Deux véhicules - frontale,,,,,,,,,,,1,2,1,1,1.0
201600023999,0016-07-01 23:20:00,16,7,1,23,20,330,63,BDJOLIOT-CURIE/DESCHAMPS,44.8363,-0.55013,Nuit avec éclairage allumé,En agglomération,Intersection en Y,Temps couvert,Deux véhicules - côté,,,,,,,,,,,5,2,4,8,3.0
201600024000,0016-07-04 08:55:00,16,7,4,8,55,330,63,RD209,44.9043,-0.55436,Plein jour,Hors agglomération,Hors intersection,Normale,Sans collision,,,,,,,,,,,1,1,1,1,7.0
201600024001,0016-07-01 16:50:00,16,7,1,16,50,330,63,RUE JEAN RENAUD DANDICOL,44.83007,-0.59241,Plein jour,En agglomération,Intersection en X,Normale,Deux véhicules - côté,,,,,,,,,,,1,2,2,1,3.0
201600024002,0016-07-02 11:30:00,16,7,2,11,30,330,63,BD PIERRE 1ER/CRX SEGUEY,44.8539,-0.59336,Plein jour,En agglomération,Intersection en T,Pluie légère,Autre collision,,,,,,,,,,,1,2,3,2,6.0
201600024003,0016-07-03 00:10:00,16,7,3,0,10,330,63,AVE THIERS=>CENON,44.8513,-0.54163,Nuit avec éclairage allumé,En agglomération,Hors intersection,Normale,Trois véhicules et plus - en chaîne,,,,,,,,,,,5,2,1,1,4.0
201600024004,0016-07-04 21:20:00,16,7,4,21,20,330,63,CRSVERDUN/TOURAT=>DOUMER,44.8512,-0.5742,Plein jour,En agglomération,Intersection en T,Normale,Deux véhicules - arrière,,,,,,,,,,,1,2,3,1,2.0
201600024005,0016-07-04 20:45:00,16,7,4,20,45,330,63,R. ABBE DE L'EPEE/THIAC,44.8438,-0.58343,Plein jour,En agglomération,Intersection en X,Normale,Deux véhicules - côté,,,,,,,,,,,1,2,2,1,3.0
201600024006,0016-07-05 13:15:00,16,7,5,13,15,330,63,R. SEIGLIERE/R. STE ANNE,44.8254,-0.54898,Plein jour,En agglomération,Intersection en T,Normale,Deux véhicules - côté,,,,,,,,,,,1,2,3,1,3.0
201600024007,0016-07-03 18:00:00,16,7,3,18,0,330,192,"8, RUE DE CHARTREZE",44.7643,-0.62092,Plein jour,En agglomération,Hors intersection,Normale,Deux véhicules - côté,,,,,,,,,,,1,2,1,1,3.0
201600024008,0016-07-05 16:30:00,16,7,5,16,30,330,63,S/PARKING LEROYMERLINLAC,44.8828,-0.56469,Plein jour,En agglomération,Hors intersection,Normale,Deux véhicules - côté,,,,,,,,,,,1,2,1,1,3.0
201600024009,0016-07-06 10:49:00,16,7,6,10,49,330,63,PCE PEY BERLAND,44.838,-0.57715,Plein jour,En agglomération,Hors intersection,Normale,Autre collision,,,,,,,,,,,1,2,1,1,6.0
201600024010,0016-07-06 11:15:00,16,7,6,11,15,330,63,268BD PDTWILSON,44.8488,-0.59716,Plein jour,En agglomération,Hors intersection,Normale,Autre collision,,,,,,,,,,,1,2,1,1,6.0
201600024011,0016-07-02 18:40:00,16,7,2,18,40,330,63,BD G.POMPIDOU/R.BERRUER,44.8325,-0.60233,Plein jour,En agglomération,Intersection en T,Normale,Deux véhicules - côté,,,,,,,,,,,1,2,3,1,3.0
201600024012,0016-07-04 20:55:00,16,7,4,20,55,330,75,"12, RUE LOUIS FLEURANCEA",44.88535,-0.60817,Plein jour,En agglomération,Hors intersection,Normale,Deux véhicules - frontale,,,,,,,,,,,1,2,1,1,1.0
201600024013,0016-07-02 23:55:00,16,7,2,23,55,330,550,"36, AVE GEORGES CLEMENCE",44.78131,-0.56199,Nuit avec éclairage allumé,En agglomération,Hors intersection,Normale,Autre collision,,,,,,,,,,,5,2,1,1,6.0
201600024014,0016-07-04 14:15:00,16,7,4,14,15,330,249,AVE DE LA LIBERATION,44.87254,-0.52035,Plein jour,En agglomération,Giratoire,Normale,Deux véhicules - arrière,,,,,,,,,,,1,2,6,1,2.0
201600024015,0016-07-03 12:05:00,16,7,3,12,5,330,281,"160, AVE DE VERDUN",44.83934,-0.6291,Plein jour,En agglomération,Intersection en T,Normale,Deux véhicules - côté,,,,,,,,,,,1,2,3,1,3.0
201600024016,0016-07-06 15:20:00,16,7,6,15,20,330,63,25ALSALORRAINE>F.MARCEAU,44.8465,-0.60474,Plein jour,En agglomération,Hors intersection,Normale,Autre collision,,,,,,,,,,,1,2,1,1,6.0
201600024017,0016-07-07 17:15:00,16,7,7,17,15,330,63,BONNAC/BRIZARD=>11NOVEMB,44.8383,-0.59068,Plein jour,En agglomération,Intersection en X,Normale,Deux véhicules - arrière,,,,,,,,,,,1,2,2,1,2.0
201600024018,0016-07-10 10:50:00,16,7,10,10,50,330,63,BDJOLIOTCURIE/PONTSTJEAN,44.8363,-0.55013,Plein jour,En agglomération,Intersection en T,Normale,Trois véhicules et plus - collisions multiples,,,,,,,,,,,1,2,3,1,5.0
201600024019,0016-07-06 05:20:00,16,7,6,5,20,330,249,PREVOST/LORCHER/GOURDON,44.8716,-0.50929,Crépuscule ou aube,En agglomération,Intersection en X,Normale,Deux véhicules - côté,,,,,,,,,,,2,2,2,1,3.0
201600024020,0016-07-05 18:05:00,16,7,5,18,5,330,192,Av Ht LEVEQUE-CANEJAN,44.77787,-0.64582,Plein jour,Hors agglomération,Intersection en X,Normale,Deux véhicules - côté,,,,,,,,,,,1,1,2,1,3.0
201600024021,0016-07-06 22:55:00,16,7,6,22,55,330,32,AVE SOMME/M.LUBBERT,44.9055,-0.51737,Plein jour,En agglomération,Giratoire,Normale,Autre collision,,,,,,,,,,,1,2,6,1,6.0
201600024022,0016-07-09 19:45:00,16,7,9,19,45,330,119,FOCH (RUE DU MARECHAL),44.85515,-0.53059,Plein jour,En agglomération,Intersection en X,Normale,Deux véhicules - côté,,,,,,,,,,,1,2,2,1,3.0
201600024023,0016-07-09 11:00:00,16,7,9,11,0,330,13,RN1089=>BORDEAUX,44.8661,-0.48288,Plein jour,Hors agglomération,Hors intersection,Normale,Trois véhicules et plus - en chaîne,,,,,,,,,,,1,1,1,1,4.0
201600024024,0016-07-12 09:55:00,16,7,12,9,55,330,63,FR.SOURDIS/LECOCQ,44.8335,-0.58822,Plein jour,En agglomération,Intersection en X,Normale,Deux véhicules - côté,,,,,,,,,,,1,2,2,1,3.0
201600024025,0016-07-13 07:00:00,16,7,13,7,0,330,63,CRS MEDOC/JARDIN PUBLIC,44.8611,-0.57015,Plein jour,En agglomération,Intersection en X,Normale,Deux véhicules - arrière,,,,,,,,,,,1,2,2,1,2.0
201600024026,0016-07-13 13:30:00,16,7,13,13,30,330,63,ZONE COMMERCIALE-PARKING,44.8828,-0.56456,Plein jour,En agglomération,Hors intersection,Normale,Deux véhicules - côté,,,,,,,,,,,1,2,1,1,3.0
201600024027,0016-07-13 11:45:00,16,7,13,11,45,330,63,RUE POUJEAU CAUD,44.8541,-0.62514,Plein jour,En agglomération,Hors intersection,Normale,Deux véhicules - frontale,,,,,,,,,,,1,2,1,1,1.0
201600024028,0016-07-08 18:10:00,16,7,8,18,10,330,550,RTE DE TOULOUSE,44.78176,-0.56595,Plein jour,En agglomération,Intersection en X,Normale,Deux véhicules - côté,,,,,,,,,,,1,2,2,1,3.0
201600024029,0016-07-04 21:15:00,16,7,4,21,15,330,281,VLZFEUROUGE/MOTOCHUTE,44.8525,-0.64518,Plein jour,En agglomération,Intersection à plus de 4 branches,Normale,Sans collision,,,,,,,,,,,1,2,5,1,7.0
201600024030,0016-07-15 14:40:00,16,7,15,14,40,330,63,Q.DE LA DOUANE/PL BOURSE,44.8411,-0.56946,Plein jour,En agglomération,Intersection en T,Normale,Deux véhicules - côté,,,,,,,,,,,1,2,3,1,3.0
201600024031,0016-07-15 17:10:00,16,7,15,17,10,330,63,VL.A VENANT DE M.NOUAUX,44.8483,-0.59764,Plein jour,En agglomération,Intersection en X,Normale,Autre collision,,,,,,,,,,,1,2,2,1,6.0
201600024032,0016-07-16 18:00:00,16,7,16,18,0,330,522,RUE DE LEYSOTTE,44.80544,-0.57285,Plein jour,En agglomération,Intersection en Y,Normale,Autre collision,,,,,,,,,,,1,2,4,1,6.0
201600024033,0016-07-12 10:30:00,16,7,12,10,30,330,281,S/PARKING=>MONTESQUIEU,44.8462,-0.63344,Plein jour,En agglomération,Hors intersection,Normale,Autre collision,,,,,,,,,,,1,2,1,1,6.0
201600024034,0016-07-12 20:14:00,16,7,12,20,14,330,318,AVE DE SAIGE/E.HERRIOT,44.79,-0.63459,Plein jour,En agglomération,Intersection en X,Normale,Deux véhicules - côté,,,,,,,,,,,1,2,2,1,3.0
201600024035,0016-07-13 17:20:00,16,7,13,17,20,330,13,AV L' ILE DE FR/RD936,44.8418,-0.4962,Plein jour,En agglomération,Giratoire,Normale,Deux véhicules - côté,,,,,,,,,,,1,2,6,1,3.0
201600024036,0016-07-13 18:25:00,16,7,13,18,25,330,318,"20, AVE DE MAGONTY",44.7974,-0.68891,Plein jour,En agglomération,Hors intersection,Normale,Deux véhicules - côté,,,,,,,,,,,1,2,1,1,3.0
201600024037,0016-07-19 16:00:00,16,7,19,16,0,330,63,BDGEORGEV/R.MAL GALLIENI,44.8253,-0.58937,Plein jour,En agglomération,Intersection en X,Normale,Deux véhicules - arrière,,,,,,,,,,,1,2,2,1,2.0
201600024038,0016-07-13 07:50:00,16,7,13,7,50,330,550,"433, CHEM DE LEYSOTTE",44.7865,-0.57927,Plein jour,En agglomération,Hors intersection,Normale,Deux véhicules - frontale,,,,,,,,,,,1,2,1,1,1.0
201600024039,0016-07-17 20:30:00,16,7,17,20,30,330,192,CRS DU GENERAL DE GAULLE,44.78884,-0.60503,Plein jour,En agglomération,Intersection en T,Normale,Deux véhicules - côté,,,,,,,,,,,1,2,3,1,3.0
201600024040,0016-07-19 08:45:00,16,7,19,8,45,330,63,151CRS MARNE/BARBEY,44.8285,-0.56205,Plein jour,Hors agglomération,Intersection en X,Normale,Deux véhicules - frontale,,,,,,,,,,,1,1,2,1,1.0
201600024041,0016-07-16 00:30:00,16,7,16,0,30,330,550,148AVPYRENEES=>BORDEAUX,44.7627,-0.5594,Nuit avec éclairage allumé,En agglomération,Hors intersection,Normale,Sans collision,,,,,,,,,,,5,2,1,1,7.0
201600024042,0016-07-18 09:30:00,16,7,18,9,30,330,249,Q.CHA. BICHON=>Q.CARRIET,44.8814,-0.53167,Plein jour,En agglomération,Giratoire,Normale,Deux véhicules - côté,,,,,,,,,,,1,2,6,1,3.0
201600024043,0016-07-20 16:30:00,16,7,20,16,30,330,63,CRSL'YSER/RUE LAFONTAINE,44.8269,-0.56923,Plein jour,En agglomération,Intersection en X,Normale,Deux véhicules - arrière,,,,,,,,,,,1,2,2,1,2.0
201600024044,0016-07-19 09:55:00,16,7,19,9,55,330,318,174 AVE PASTEUR/ACIERIES,44.8025,-0.64463,Plein jour,En agglomération,Intersection en T,Normale,Autre collision,,,,,,,,,,,1,2,3,1,6.0
201600024045,0016-07-18 17:10:00,16,7,18,17,10,330,522,R. F. SEVENE/PCH D'ARS,44.8066,-0.57944,Plein jour,En agglomération,Intersection en Y,Normale,Autre collision,,,,,,,,,,,1,2,4,1,6.0
201600024046,0016-07-23 18:33:00,16,7,23,18,33,330,63,BD ALFREDDANEY/R.L.FAURE,44.8698,-0.56647,Plein jour,En agglomération,Intersection à plus de 4 branches,Normale,Deux véhicules - arrière,,,,,,,,,,,1,2,5,1,2.0
201600024047,0016-07-25 09:00:00,16,7,25,9,0,330,63,ESPRITDESLOIS/LAMOUREUX,44.8432,-0.5718,Plein jour,En agglomération,Intersection en T,Normale,Deux véhicules - côté,,,,,,,,,,,1,2,3,1,3.0
201600024048,0016-07-26 05:40:00,16,7,26,5,40,330,63,ARBREA130.45MDEREGAZ192,44.902,-0.55322,Nuit sans éclairage public,Hors agglomération,Hors intersection,Normale,Autre collision,,,,,,,,,,,3,1,1,1,6.0
201600024049,0016-07-25 15:20:00,16,7,25,15,20,330,63,Rue F.DE SOURDIS,44.8321,-0.58772,Plein jour,En agglomération,Intersection en X,Normale,Deux véhicules - côté,,,,,,,,,,,1,2,2,1,3.0
201600024050,0016-07-27 01:50:00,16,7,27,1,50,330,63,"325, AVE THIERS=>CENON",44.8511,-0.54207,Nuit avec éclairage allumé,En agglomération,Hors intersection,Normale,Deux véhicules - arrière,,,,,,,,,,,5,2,1,1,2.0
201600024051,0016-07-25 19:40:00,16,7,25,19,40,330,281,197RES L.BLUM/R.M.RAVEL,44.8515,-0.63424,Plein jour,En agglomération,Intersection en X,Normale,Autre collision,,,,,,,,,,,1,2,2,1,6.0
201600024052,0016-07-26 19:15:00,16,7,26,19,15,330,63,BD J.J.BOSC/LEON JOUHAUX,44.8156,-0.55132,Plein jour,En agglomération,Intersection en X,Normale,Deux véhicules - côté,,,,,,,,,,,1,2,2,1,3.0
201600024053,0016-07-18 16:00:00,16,7,18,16,0,330,63,AVE D'EYSINES,44.8543,-0.59839,Plein jour,En agglomération,Intersection en X,Normale,Deux véhicules - côté,,,,,,,,,,,1,2,2,1,3.0
201600024054,0016-07-24 01:15:00,16,7,24,1,15,330,192,R.MAUGUETTE=>PESSAC,44.7818,-0.6232,Nuit avec éclairage non allumé,En agglomération,Hors intersection,Normale,Autre collision,,,,,,,,,,,4,2,1,1,6.0
201600024055,0016-07-19 17:40:00,16,7,19,17,40,330,75,RUE DU PONT NEUF,44.9021,-0.58433,Plein jour,Hors agglomération,Hors intersection,Normale,Trois véhicules et plus - en chaîne,,,,,,,,,,,1,1,1,1,4.0
201600024056,0016-07-22 00:35:00,16,7,22,0,35,330,550,"30, RUE DU DOCTEUR SCHWE",44.77341,-0.5365,Nuit avec éclairage allumé,En agglomération,Hors intersection,Normale,Autre collision,,,,,,,,,,,5,2,1,1,6.0
201600024057,0016-07-28 20:55:00,16,7,28,20,55,330,63,R.DELORD,44.8595,-0.55845,Plein jour,En agglomération,Hors intersection,Normale,Autre collision,,,,,,,,,,,1,2,1,1,6.0
201600024058,0016-07-28 10:50:00,16,7,28,10,50,330,63,PL GAMBETTA/RUE G.BONNAC,44.8405,-0.58116,Plein jour,En agglomération,Intersection en Y,Normale,Autre collision,,,,,,,,,,,1,2,4,1,6.0
201600024059,0016-07-29 01:35:00,16,7,29,1,35,330,63,"55, QUAI DESCHAMPS",44.83393,-0.55075,Nuit avec éclairage allumé,En agglomération,Intersection en T,Normale,Deux véhicules - côté,,,,,,,,,,,5,2,3,1,3.0
201600024060,0016-07-27 20:00:00,16,7,27,20,0,330,63,PONT PIERRE/PLSTALINGRAD,44.8399,-0.56029,Plein jour,En agglomération,Place,Normale,Trois véhicules et plus - en chaîne,,,,,,,,,,,1,2,7,1,4.0
201600024061,0016-07-26 20:45:00,16,7,26,20,45,330,281,R.CASSIN/ECH11-AEROPORT,44.8322,-0.67424,Plein jour,En agglomération,Intersection en T,Normale,Deux véhicules - arrière,,,,,,,,,,,1,2,3,1,2.0
201600024062,0016-08-01 19:00:00,16,8,1,19,0,330,63,VL.A VENANT PARC EXPOS?,44.8775,-0.57625,Plein jour,En agglomération,Intersection en X,Normale,Trois véhicules et plus - collisions multiples,,,,,,,,,,,1,2,2,1,5.0
201600024063,0016-07-27 00:35:00,16,7,27,0,35,330,550,TOULOUSE (RTE DE),44.78174,-0.56602,Nuit avec éclairage allumé,En agglomération,Intersection en X,Normale,Deux véhicules - côté,,,,,,,,,,,5,2,2,1,3.0
201600024064,0016-08-02 15:55:00,16,8,2,15,55,330,63,QUAI DE LA DOUANE,44.8411,-0.56945,Plein jour,En agglomération,Hors intersection,Normale,Autre collision,,,,,,,,,,,1,2,1,1,6.0
201600024065,0016-08-01 12:10:00,16,8,1,12,10,330,119,BD ENTRE 2 MERS/MONREPOS,44.8438,-0.5299,Plein jour,En agglomération,Intersection en X,Normale,Deux véhicules - arrière,,,,,,,,,,,1,2,2,1,2.0
201600024066,0016-08-02 18:40:00,16,8,2,18,40,330,63,RUE DUMONTEIL/HT QUEYRON,44.8265,-0.59281,Plein jour,En agglomération,Intersection en X,Normale,Deux véhicules - côté,,,,,,,,,,,1,2,2,1,3.0
201600024067,0016-08-02 17:20:00,16,8,2,17,20,330,63,GAL LARMINAT/FR. SOURDIS,44.8344,-0.58876,Plein jour,En agglomération,Intersection en X,Normale,Deux véhicules - côté,,,,,,,,,,,1,2,2,1,3.0
201600024068,0016-08-03 13:30:00,16,8,3,13,30,330,63,BD PIERRE 1ER,44.859,-0.58961,Plein jour,En agglomération,Intersection en Y,Normale,Deux véhicules - arrière,,,,,,,,,,,1,2,4,1,2.0
201600024069,0016-08-01 21:00:00,16,8,1,21,0,330,192,CRS DU GENERAL DE GAULLE,44.78374,-0.60659,Plein jour,En agglomération,Intersection en X,Normale,Deux véhicules - arrière,,,,,,,,,,,1,2,2,1,2.0
201600024070,0016-08-03 09:05:00,16,8,3,9,5,330,63,VL:PCE GAMBETTA=>DOUMER,44.8488,-0.57566,Plein jour,En agglomération,Intersection en T,Normale,Autre collision,,,,,,,,,,,1,2,3,1,6.0
201600024071,0016-08-04 15:40:00,16,8,4,15,40,330,63,RUE KIESER/R.CHEVALIER,44.8427,-0.59468,Plein jour,En agglomération,Intersection en X,Pluie légère,Deux véhicules - côté,,,,,,,,,,,1,2,2,2,3.0
201600024072,0016-07-30 10:40:00,16,7,30,10,40,330,39,BD J.J.BOSC/H.TANDONNET,44.8177,-0.54728,Plein jour,En agglomération,Intersection en Y,Normale,Deux véhicules - arrière,,,,,,,,,,,1,2,4,1,2.0
201600024073,0016-08-04 14:00:00,16,8,4,14,0,330,63,"4, QUAI SAINTE- CROIX",44.833,-0.56145,Plein jour,En agglomération,Hors intersection,Pluie légère,Deux véhicules - arrière,,,,,,,,,,,1,2,1,2,2.0
201600024074,0016-08-02 18:15:00,16,8,2,18,15,330,281,AV LA SOMME=>BORDEAUX,44.8329,-0.65292,Plein jour,En agglomération,Hors intersection,Normale,Deux véhicules - arrière,,,,,,,,,,,1,2,1,1,2.0