accident_id,datetime,annee,mois,jour,heure,minute,departement,commune_insee,adresse,latitude,longitude,luminosite,agglomeration,intersection,meteo,collision,nb_vehicules,nb_usagers,nb_indemnes,nb_tues,nb_blesses_hosp,nb_blesses_legers,age_cond_1,age_cond_2,veh_type_cond_1,veh_type_cond_2,lum_code,agg_code,int_code,atm_code,col_code
201600024075,0016-08-07 00:50:00,16,8,7,0,50,330,167,AV 11 NOV.1918/V.AURIOL,44.8401,-0.54371,Nuit avec éclairage allumé,En agglomération,Intersection en Y,Temps couvert,Deux véhicules - côté,,,,,,,,,,,5,2,4,8,3.0
201600024076,0016-08-05 14:40:00,16,8,5,14,40,330,63,"102, AVE THIERS",44.8438,-0.55424,Plein jour,En agglomération,Hors intersection,Normale,Autre collision,,,,,,,,,,,1,2,1,1,6.0
201600024077,0016-08-06 05:35:00,16,8,6,5,35,330,63,VELO VENANT CONTRE-ALLEE,44.8401,-0.56873,Nuit avec éclairage allumé,En agglomération,Intersection en T,Normale,Deux véhicules - côté,,,,,,,,,,,5,2,3,1,3.0
201600024078,0016-08-07 18:15:00,16,8,7,18,15,330,63,RUE BOUDET,44.84598,-0.57667,Plein jour,En agglomération,Intersection en X,Normale,Deux véhicules - côté,,,,,,,,,,,1,2,2,1,3.0
201600024079,0016-08-05 21:55:00,16,8,5,21,55,330,63,CRS ST LOUIS/C.GODARD,44.8551,-0.57178,Nuit avec éclairage allumé,En agglomération,Intersection à plus de 4 branches,Normale,Deux véhicules - côté,,,,,,,,,,,5,2,5,1,3.0
201600024080,0016-08-03 14:00:00,16,8,3,14,0,330,281,CAMLIVREURSTATIONMASQFEU,44.8411,-0.64338,Plein jour,En agglomération,Intersection en X,Temps éblouissant,Deux véhicules - arrière,,,,,,,,,,,1,2,2,7,2.0
201600024081,0016-08-07 00:20:00,16,8,7,0,20,330,13,RN89 Ech26 vers Bdx,44.86866,-0.50295,Nuit avec éclairage allumé,En agglomération,Intersection en T,Normale,Trois véhicules et plus - en chaîne,,,,,,,,,,,5,2,3,1,4.0
201600024082,0016-08-02 11:10:00,16,8,2,11,10,330,318,RUE DU MERLE/MAGONTY,44.7961,-0.69429,Plein jour,En agglomération,Giratoire,Normale,Deux véhicules - côté,,,,,,,,,,,1,2,6,1,3.0
201600024083,0016-08-10 01:00:00,16,8,10,1,0,330,63,R.LFAURE/CRSRACCORDEMENT,44.866,-0.56115,Nuit avec éclairage allumé,En agglomération,Intersection en X,Normale,Deux véhicules - côté,,,,,,,,,,,5,2,2,1,3.0
201600024084,0016-08-09 14:45:00,16,8,9,14,45,330,63,RUE JOSEPHINE/CHANTECRIT,44.8608,-0.56111,Plein jour,En agglomération,Intersection en X,Normale,Deux véhicules - côté,,,,,,,,,,,1,2,2,1,3.0
201600024085,0016-08-05 06:15:00,16,8,5,6,15,330,63,BD DU PDT FRANKLIN ROOSE,44.8213,-0.58277,Plein jour,En agglomération,Intersection en X,Normale,Deux véhicules - côté,,,,,,,,,,,1,2,2,1,3.0
201600024086,0016-08-14 17:50:00,16,8,14,17,50,330,63,6 RUE GUYART=>Q.PALUDATE,44.8286,-0.55401,Plein jour,En agglomération,Hors intersection,Normale,Autre collision,,,,,,,,,,,1,2,1,1,6.0
201600024087,0016-08-13 18:40:00,16,8,13,18,40,330,63,VL.B VENANT DE GPOMPIDOU,44.8332,-0.59856,Plein jour,En agglomération,Intersection en X,Normale,Deux véhicules - côté,,,,,,,,,,,1,2,2,1,3.0
201600024088,0016-08-12 12:00:00,16,8,12,12,0,330,63,AV NONTRASTE=>PONT JONC,44.8773,-0.56724,Plein jour,En agglomération,Hors intersection,Normale,Trois véhicules et plus - en chaîne,,,,,,,,,,,1,2,1,1,4.0
201600024089,0016-08-12 17:50:00,16,8,12,17,50,330,63,AVE DE LAROQUE,44.8742,-0.57187,Plein jour,En agglomération,Intersection en X,Normale,Deux véhicules - côté,,,,,,,,,,,1,2,2,1,3.0
201600024090,0016-08-13 08:30:00,16,8,13,8,30,330,39,RUE DES FRERES LUMIERE,44.79356,-0.53521,Plein jour,En agglomération,Giratoire,Normale,Deux véhicules - côté,,,,,,,,,,,1,2,6,1,3.0
201600024091,0016-08-14 12:45:00,16,8,14,12,45,330,63,QUAI DESCHAMPS,44.8377,-0.55742,Plein jour,En agglomération,Intersection en T,Normale,Deux véhicules - côté,,,,,,,,,,,1,2,3,1,3.0
201600024092,0016-08-15 21:55:00,16,8,15,21,55,330,63,MARNE/ST VINCENT PAUL,44.8277,-0.55866,Plein jour,En agglomération,Intersection en Y,Normale,Deux véhicules - frontale,,,,,,,,,,,1,2,4,1,1.0
201600024093,0016-08-12 12:20:00,16,8,12,12,20,330,63,317 THIERS/S.CHANTELOUP,44.8504,-0.54317,Plein jour,En agglomération,Intersection en T,Normale,Deux véhicules - côté,,,,,,,,,,,1,2,3,1,3.0
201600024094,0016-08-14 17:40:00,16,8,14,17,40,330,63,VL.A=>BENAUGE/BETC>PARIS,44.8363,-0.55013,Plein jour,En agglomération,Intersection en T,Normale,Trois véhicules et plus - collisions multiples,,,,,,,,,,,1,2,3,1,5.0
201600024095,0016-08-16 13:20:00,16,8,16,13,20,330,63,R.E.JACQUET/BONGREMALGRE,44.8253,-0.61373,Plein jour,En agglomération,Intersection en X,Normale,Deux véhicules - côté,,,,,,,,,,,1,2,2,1,3.0
201600024096,0016-08-16 16:24:00,16,8,16,16,24,330,63,R. BELFORT/R. TONDU,44.8323,-0.5817,Plein jour,En agglomération,Intersection en X,Normale,Deux véhicules - côté,,,,,,,,,,,1,2,2,1,3.0
201600024097,0016-08-22 00:01:00,16,8,22,0,1,330,550,11MAL TASSIGNY/H.DUNANT,44.7757,-0.5518,Nuit avec éclairage allumé,En agglomération,Intersection en Y,Normale,Trois véhicules et plus - collisions multiples,,,,,,,,,,,5,2,4,1,5.0
201600024098,0016-08-10 12:45:00,16,8,10,12,45,330,192,Crs Gal DE GAULLE,44.7785,-0.6098,Plein jour,En agglomération,Intersection en X,Normale,Deux véhicules - côté,,,,,,,,,,,1,2,2,1,3.0
201600024099,0016-08-20 04:20:00,16,8,20,4,20,330,63,S/FRERES MOGA>PONTSTJEAN,44.8292,-0.55225,Nuit avec éclairage allumé,En agglomération,Hors intersection,Temps couvert,Autre collision,,,,,,,,,,,5,2,1,8,6.0
201600024100,0016-08-18 00:35:00,16,8,18,0,35,330,281,AVE DE VERDUN,44.83934,-0.63522,Nuit avec éclairage allumé,En agglomération,Intersection en X,Normale,Deux véhicules - frontale,,,,,,,,,,,5,2,2,1,1.0
201600024101,0016-08-19 17:00:00,16,8,19,17,0,330,281,RUE DE BEAUDESERT,44.8462,-0.69214,Plein jour,Hors agglomération,Hors intersection,Normale,Trois véhicules et plus - en chaîne,,,,,,,,,,,1,1,1,1,4.0
201600024102,0016-08-14 22:30:00,16,8,14,22,30,330,200,D1215,44.89216,-0.67161,Nuit sans éclairage public,Hors agglomération,Intersection en Y,Normale,Deux véhicules - arrière,,,,,,,,,,,3,1,4,1,2.0
201600024103,0016-08-22 04:50:00,16,8,22,4,50,330,167,RUE SALVADOR ALLENDE,44.8471,-0.5101,Nuit avec éclairage allumé,En agglomération,Intersection en X,Normale,Autre collision,,,,,,,,,,,5,2,2,1,6.0
201600024104,0016-08-12 07:50:00,16,8,12,7,50,330,162,RUE ANDRE BLANC,44.87849,-0.64138,Plein jour,En agglomération,Intersection en X,Normale,Deux véhicules - côté,,,,,,,,,,,1,2,2,1,3.0
201600024105,0016-08-25 08:50:00,16,8,25,8,50,330,63,A.REINSON/CRS QUEBEC,44.878,-0.57092,Plein jour,En agglomération,Intersection en X,Normale,Deux véhicules - côté,,,,,,,,,,,1,2,2,1,3.0
201600024106,0016-08-25 06:10:00,16,8,25,6,10,330,63,A.STGERMAIN/R. DE BEGLES,44.8167,-0.56597,Nuit avec éclairage allumé,En agglomération,Intersection en X,Normale,Deux véhicules - côté,,,,,,,,,,,5,2,2,1,3.0
201600024107,0016-08-20 16:40:00,16,8,20,16,40,330,119,17AV J.JAURES=>AV CARNOT,44.854,-0.53733,Plein jour,En agglomération,Hors intersection,Normale,Trois véhicules et plus - en chaîne,,,,,,,,,,,1,2,1,1,4.0
201600024108,0016-08-22 11:15:00,16,8,22,11,15,330,318,"21-25, AVE DU GENERAL LE",44.79742,-0.6654,Plein jour,En agglomération,Intersection en Y,Normale,Autre collision,,,,,,,,,,,1,2,4,1,6.0
201600024109,0016-08-22 14:30:00,16,8,22,14,30,330,75,RTE MEDOC/AV CH.GAULLE,44.8736,-0.61718,Plein jour,En agglomération,Giratoire,Normale,Deux véhicules - côté,,,,,,,,,,,1,2,6,1,3.0
201600024110,0016-08-25 16:40:00,16,8,25,16,40,330,281,124 AV MAGUDAS>BORDEAUX,44.8585,-0.66924,Plein jour,En agglomération,Hors intersection,Normale,Deux véhicules - arrière,,,,,,,,,,,1,2,1,1,2.0
201600024111,0016-08-28 11:10:00,16,8,28,11,10,330,119,AVE JEAN JAURES,44.85548,-0.53521,Plein jour,En agglomération,Giratoire,Normale,Autre collision,,,,,,,,,,,1,2,6,1,6.0
201600024112,0016-08-26 03:00:00,16,8,26,3,0,330,63,B.STUTTENBERG/MEDOC,44.8583,-0.56689,Nuit avec éclairage allumé,En agglomération,Intersection en X,Normale,Deux véhicules - côté,,,,,,,,,,,5,2,2,1,3.0
201600024113,0016-08-29 17:06:00,16,8,29,17,6,330,63,"261, BD ALFRED DANEY",44.87136,-0.56306,Plein jour,En agglomération,Hors intersection,Normale,Deux véhicules - côté,,,,,,,,,,,1,2,1,1,3.0
201600024114,0016-08-29 20:00:00,16,8,29,20,0,330,63,LATTRE TASSIGNY/CARTON,44.8595,-0.63136,Plein jour,En agglomération,Intersection en T,Normale,Deux véhicules - côté,,,,,,,,,,,1,2,3,1,3.0
201600024115,0016-08-29 22:45:00,16,8,29,22,45,330,63,JRDANDICOLLE/BELLEVILLE,44.8335,-0.58464,Nuit avec éclairage allumé,En agglomération,Autre intersection,Normale,Deux véhicules - frontale,,,,,,,,,,,5,2,9,1,1.0
201600024116,0016-08-29 22:20:00,16,8,29,22,20,330,63,MANDRON/ST HUBERT/LACOUR,44.8523,-0.57911,Nuit avec éclairage allumé,En agglomération,Intersection en X,Normale,Deux véhicules - côté,,,,,,,,,,,5,2,2,1,3.0
201600024117,0016-08-30 17:10:00,16,8,30,17,10,330,63,VL TAS SUR PARKING,44.8396,-0.56035,Plein jour,En agglomération,Hors intersection,Normale,Deux véhicules - côté,,,,,,,,,,,1,2,1,1,3.0
201600024118,0016-08-30 15:55:00,16,8,30,15,55,330,63,VL:GDS HOMMES>ROUSSEAU,44.8434,-0.57765,Plein jour,En agglomération,Intersection en T,Normale,Autre collision,,,,,,,,,,,1,2,3,1,6.0
201600024119,0016-09-01 17:10:00,16,9,1,17,10,330,63,"63, RUE CAMILLE GODARD",44.855,-0.57668,Plein jour,En agglomération,Hors intersection,Normale,Autre collision,,,,,,,,,,,1,2,1,1,6.0
201600024120,0016-09-01 09:10:00,16,9,1,9,10,330,63,"52, RUE CHARLES CHAUMET",44.84775,-0.61336,Plein jour,En agglomération,Hors intersection,Normale,Deux véhicules - frontale,,,,,,,,,,,1,2,1,1,1.0
201600024121,0016-09-01 07:00:00,16,9,1,7,0,330,281,TRVX-CIRCULA INTERDITE,44.8479,-0.70887,Plein jour,En agglomération,Hors intersection,Normale,Deux véhicules - arrière,,,,,,,,,,,1,2,1,1,2.0
201600024122,0016-08-28 17:15:00,16,8,28,17,15,330,75,CLUBVOILE>BDCHABANDELMAS,44.8795,-0.58234,Plein jour,En agglomération,Hors intersection,Normale,Deux véhicules - frontale,,,,,,,,,,,1,2,1,1,1.0
201600024123,0016-09-01 14:30:00,16,9,1,14,30,330,281,"35, AV GRANGE NOIRE",44.857,-0.6764,Plein jour,En agglomération,Hors intersection,Normale,Deux véhicules - arrière,,,,,,,,,,,1,2,1,1,2.0
201600024124,0016-08-30 19:15:00,16,8,30,19,15,330,522,RUE DE LEYSOTTE,44.79664,-0.57953,Plein jour,En agglomération,Giratoire,Normale,Deux véhicules - frontale,,,,,,,,,,,1,2,6,1,1.0
201600024125,0016-09-04 01:45:00,16,9,4,1,45,330,63,RUE GEORGES BONNAC,44.84049,-0.58081,Nuit avec éclairage allumé,En agglomération,Hors intersection,Normale,Autre collision,,,,,,,,,,,5,2,1,1,6.0
201600024126,0016-09-02 06:50:00,16,9,2,6,50,330,63,CROIX (QUAI SAINTE-),44.83192,-0.55934,Nuit avec éclairage allumé,En agglomération,Intersection en Y,Normale,Autre collision,,,,,,,,,,,5,2,4,1,6.0
201600024127,0016-09-02 18:30:00,16,9,2,18,30,330,63,"14-16, CRS E.VAILLANT",44.8595,-0.55722,Plein jour,En agglomération,Hors intersection,Normale,Deux véhicules - côté,,,,,,,,,,,1,2,1,1,3.0
201600024128,0016-09-03 10:00:00,16,9,3,10,0,330,63,R. E.JACQUET/A.SMITH,44.8251,-0.61299,Plein jour,En agglomération,Intersection en T,Normale,Deux véhicules - côté,,,,,,,,,,,1,2,3,1,3.0
201600024129,0016-08-31 12:20:00,16,8,31,12,20,330,522,R.G.BIZET/A.MESSAGER,44.7962,-0.58842,Plein jour,En agglomération,Intersection en X,Normale,Deux véhicules - côté,,,,,,,,,,,1,2,2,1,3.0
201600024130,0016-09-03 11:00:00,16,9,3,11,0,330,281,AV FR. MITTERRAND,44.8193,-0.65597,Plein jour,En agglomération,Hors intersection,Normale,Deux véhicules - arrière,,,,,,,,,,,1,2,1,1,2.0
201600024131,0016-09-04 09:50:00,16,9,4,9,50,330,192,SUR PARKING - VL ENTRANT,44.7859,-0.60336,Plein jour,En agglomération,Hors intersection,Normale,Autre collision,,,,,,,,,,,1,2,1,1,6.0
201600024132,0016-09-02 11:15:00,16,9,2,11,15,330,63,CRS SOMME/PLVICTOIRE,44.8303,-0.57247,Plein jour,En agglomération,Intersection en Y,Normale,Autre collision,,,,,,,,,,,1,2,4,1,6.0
201600024133,0016-09-04 20:30:00,16,9,4,20,30,330,522,CRS DE LA LIBERATION,44.8006,-0.59605,Nuit avec éclairage allumé,En agglomération,Giratoire,Normale,Trois véhicules et plus - en chaîne,,,,,,,,,,,5,2,6,1,4.0
201600024134,0016-09-06 09:47:00,16,9,6,9,47,330,63,"74, QUAI DE BRAZZA",44.8567,-0.54828,Plein jour,En agglomération,Hors intersection,Normale,Deux véhicules - côté,,,,,,,,,,,1,2,1,1,3.0
201600024135,0016-09-07 08:30:00,16,9,7,8,30,330,63,80 BD ALBERT 1ER,44.8138,-0.5667,Plein jour,En agglomération,Hors intersection,Normale,Deux véhicules - côté,,,,,,,,,,,1,2,1,1,3.0
201600024136,0016-09-07 11:00:00,16,9,7,11,0,330,63,NONTRASTE>PONT DU JONC,44.8773,-0.56722,Plein jour,En agglomération,Hors intersection,Normale,Deux véhicules - côté,,,,,,,,,,,1,2,1,1,3.0
201600024137,0016-09-07 23:45:00,16,9,7,23,45,330,63,VELO VENANT DE L.FAURE,44.8603,-0.55393,Nuit avec éclairage allumé,En agglomération,Hors intersection,Normale,Deux véhicules - côté,,,,,,,,,,,5,2,1,1,3.0
201600024138,0016-09-06 09:00:00,16,9,6,9,0,330,69,AVE DU MEDOC,44.8802,-0.62764,Plein jour,Hors agglomération,Intersection en X,Normale,Deux véhicules - côté,,,,,,,,,,,1,1,2,1,3.0
201600024139,0016-09-04 18:45:00,16,9,4,18,45,330,318,AV CHATAIGNERAIE>CANEJAN,44.796,-0.64855,Plein jour,En agglomération,Hors intersection,Normale,Autre collision,,,,,,,,,,,1,2,1,1,6.0
201600024140,0016-09-04 18:45:00,16,9,4,18,45,330,63,"183, BD GODARD",44.86356,-0.58186,Plein jour,En agglomération,Hors intersection,Normale,Trois véhicules et plus - en chaîne,,,,,,,,,,,1,2,1,1,4.0
201600024141,0016-09-09 17:30:00,16,9,9,17,30,330,63,BD ALIENOR D'AQUITAINE,44.87809,-0.56345,Plein jour,En agglomération,Intersection en Y,Normale,Trois véhicules et plus - en chaîne,,,,,,,,,,,1,2,4,1,4.0
201600024142,0016-09-09 21:45:00,16,9,9,21,45,330,63,AVE DE LABARDE/P.BAOUR,44.89074,-0.54896,Nuit avec éclairage allumé,En agglomération,Intersection en T,Normale,Deux véhicules - arrière,,,,,,,,,,,5,2,3,1,2.0
201600024143,0016-09-09 14:10:00,16,9,9,14,10,330,63,BDA.BRANDENBURG/BLANQUI,44.8759,-0.54845,Plein jour,En agglomération,Intersection en X,Normale,Deux véhicules - côté,,,,,,,,,,,1,2,2,1,3.0
201600024144,0016-09-11 02:30:00,16,9,11,2,30,330,63,"165, BD GEORGE V",44.822,-0.58417,Nuit avec éclairage allumé,En agglomération,Hors intersection,Normale,Autre collision,,,,,,,,,,,5,2,1,1,6.0
201600024145,0016-09-12 08:00:00,16,9,12,8,0,330,63,PONTST JEAN>GARE ST JEAN,44.8318,-0.55463,Plein jour,En agglomération,Hors intersection,Normale,Trois véhicules et plus - en chaîne,,,,,,,,,,,1,2,1,1,4.0
201600024146,0016-09-10 21:15:00,16,9,10,21,15,330,63,LAT.TASSIGNY/RUE CEREY,44.8559,-0.61639,Nuit avec éclairage allumé,En agglomération,Intersection en Y,Normale,Deux véhicules - côté,,,,,,,,,,,5,2,4,1,3.0
201600024147,0016-08-13 20:40:00,16,8,13,20,40,330,63,Q. PALUDATE/R. SEIGLIERE,44.826,-0.5482,Crépuscule ou aube,En agglomération,Intersection en X,Normale,Deux véhicules - côté,,,,,,,,,,,2,2,2,1,3.0
201600024148,0016-09-12 14:17:00,16,9,12,14,17,330,63,CRS D'ALSACE ET LORRAINE,44.83774,-0.5718,Plein jour,En agglomération,Intersection en X,Normale,Deux véhicules - côté,,,,,,,,,,,1,2,2,1,3.0
201600024149,0016-09-12 12:29:00,16,9,12,12,29,330,63,PELOUSEDOUET/ACCSHOPITAL,44.8298,-0.60733,Plein jour,Hors agglomération,Autre intersection,Normale,Deux véhicules - arrière,,,,,,,,,,,1,1,9,1,2.0
201600024150,0016-09-07 19:15:00,16,9,7,19,15,330,75,L' EUROPE/MAR.RESISTANCE,44.8808,-0.61182,Plein jour,En agglomération,Intersection en X,Normale,Deux véhicules - côté,,,,,,,,,,,1,2,2,1,3.0
201600024151,0016-09-09 14:35:00,16,9,9,14,35,330,318,"9, AVE DU VALLON",44.8118,-0.62106,Plein jour,En agglomération,Hors intersection,Normale,Deux véhicules - frontale,,,,,,,,,,,1,2,1,1,1.0
201600024152,0016-09-12 18:10:00,16,9,12,18,10,330,249,ACCES BRETELLE=>A630,44.8833,-0.51796,Plein jour,En agglomération,Intersection en Y,Normale,Deux véhicules - arrière,,,,,,,,,,,1,2,4,1,2.0
201600024153,0016-09-14 08:30:00,16,9,14,8,30,330,63,157/176 RUE STEHELIN,44.857,-0.6358,Plein jour,En agglomération,Hors intersection,Normale,Trois véhicules et plus - collisions multiples,,,,,,,,,,,1,2,1,1,5.0
201600024154,0016-09-15 05:55:00,16,9,15,5,55,330,63,HUGO / Richemont,44.83495,-0.57281,Nuit avec éclairage allumé,En agglomération,Intersection en X,Normale,Deux véhicules - côté,,,,,,,,,,,5,2,2,1,3.0
201600024155,0016-09-14 16:30:00,16,9,14,16,30,330,63,RUE PASTEUR CAUD/AV GARE,44.8469,-0.62915,Plein jour,En agglomération,Intersection en X,Pluie forte,Deux véhicules - côté,,,,,,,,,,,1,2,2,3,3.0
201600024156,0016-09-14 22:25:00,16,9,14,22,25,330,63,RUE TIVOLI/RUE MOULIS,44.855,-0.5899,Plein jour,En agglomération,Intersection en T,Normale,Deux véhicules - côté,,,,,,,,,,,1,2,3,1,3.0
201600024157,0016-09-14 21:25:00,16,9,14,21,25,330,162,RTE  MEDOC/AV HIPPODROME,44.87678,-0.62224,Nuit avec éclairage allumé,Hors agglomération,Intersection en X,Normale,Deux véhicules - frontale,,,,,,,,,,,5,1,2,1,1.0
201600024158,0016-09-14 15:40:00,16,9,14,15,40,330,63,RUE LUCIEN FAURE,44.86696,-0.56257,Plein jour,En agglomération,Hors intersection,Normale,Deux véhicules - frontale,,,,,,,,,,,1,2,1,1,1.0
201600024159,0016-09-16 14:10:00,16,9,16,14,10,330,63,VLBDELSAIGNAT=>TONDU,44.8274,-0.59239,Plein jour,En agglomération,Intersection en X,Pluie légère,Deux véhicules - côté,,,,,,,,,,,1,2,2,2,3.0
201600024160,0016-09-16 14:20:00,16,9,16,14,20,330,63,V.HUGO=>STALINGRAD-,44.8369,-0.56519,Plein jour,En agglomération,Hors intersection,Pluie légère,Deux véhicules - arrière,,,,,,,,,,,1,2,1,2,2.0
201600024161,0016-09-12 19:30:00,16,9,12,19,30,330,318,AVE LEON BLUM/GUIZOT,44.8135,-0.62649,Plein jour,En agglomération,Intersection en Y,Normale,Deux véhicules - arrière,,,,,,,,,,,1,2,4,1,2.0
201600024162,0016-09-14 16:30:00,16,9,14,16,30,330,13,"17, AVE GAY-LUSSAC",44.8499,-0.49741,Plein jour,En agglomération,Hors intersection,Pluie légère,Autre collision,,,,,,,,,,,1,2,1,2,6.0
201600024163,0016-09-17 20:30:00,16,9,17,20,30,330,281,AVE PIERRE MENDES FRANCE,44.82604,-0.63761,Nuit avec éclairage allumé,En agglomération,Intersection en X,Normale,Autre collision,,,,,,,,,,,5,2,2,1,6.0
201600024164,0016-09-16 14:26:00,16,9,16,14,26,330,63,2 MERS/THAMIN-POURSUITE,44.8464,-0.54063,Plein jour,En agglomération,Intersection à plus de 4 branches,Pluie légère,Deux véhicules - côté,,,,,,,,,,,1,2,5,2,3.0
201600024165,0016-09-18 22:35:00,16,9,18,22,35,330,550,AVE PIERRE PROUDHON,44.78504,-0.58558,Nuit avec éclairage allumé,En agglomération,Giratoire,Normale,Deux véhicules - frontale,,,,,,,,,,,5,2,6,1,1.0
201600024166,0016-09-15 07:45:00,16,9,15,7,45,330,281,145 M.DASSAULT=>ROCADE,44.8465,-0.72148,Plein jour,En agglomération,Hors intersection,Normale,Deux véhicules - frontale,,,,,,,,,,,1,2,1,1,1.0
201600024167,0016-09-12 09:45:00,16,9,12,9,45,330,550,"20, AVENUE MAL DE LATTRE",44.7736,-0.5471,Plein jour,En agglomération,Hors intersection,Normale,Deux véhicules - côté,,,,,,,,,,,1,2,1,1,3.0
201600024168,0016-09-21 08:30:00,16,9,21,8,30,330,63,PIEERE/BONNAC/LACANAU,44.83773,-0.59289,Plein jour,En agglomération,Autre intersection,Normale,Deux véhicules - côté,,,,,,,,,,,1,2,9,1,3.0
201600024169,0016-09-08 17:20:00,16,9,8,17,20,330,162,8 AV L'HIPPODROME,44.8748,-0.62639,Plein jour,En agglomération,Hors intersection,Normale,Deux véhicules - côté,,,,,,,,,,,1,2,1,1,3.0
201600024170,0016-09-17 04:30:00,16,9,17,4,30,330,281,AVE DE FONCASTEL,44.83594,-0.64106,Nuit avec éclairage allumé,En agglomération,Intersection en X,Temps couvert,Deux véhicules - côté,,,,,,,,,,,5,2,2,8,3.0
201600024171,0016-09-21 23:40:00,16,9,21,23,40,330,63,DU PONTCHABAN>STALINGRAD,44.8514,-0.55836,Nuit avec éclairage allumé,En agglomération,Hors intersection,Normale,Autre collision,,,,,,,,,,,5,2,1,1,6.0
201600024172,0016-09-21 16:15:00,16,9,21,16,15,330,63,103 A.BRIAND=>CRS ALBRET,44.831,-0.57357,Plein jour,En agglomération,Hors intersection,Normale,Autre collision,,,,,,,,,,,1,2,1,1,6.0
201600024173,0016-09-21 15:10:00,16,9,21,15,10,330,63,19CRSMLGALLIENI>PESSAC,44.8248,-0.59028,Plein jour,En agglomération,Hors intersection,Normale,Deux véhicules - arrière,,,,,,,,,,,1,2,1,1,2.0
201600024174,0016-09-21 21:55:00,16,9,21,21,55,330,63,10 PCE TOURNY/CRS VERDUN,44.8452,-0.57789,Nuit avec éclairage allumé,En agglomération,Giratoire,Normale,Deux véhicules - frontale,,,,,,,,,,,5,2,6,1,1.0
201600024175,0016-09-22 15:00:00,16,9,22,15,0,330,39,A631,44.81975,-0.53871,Plein jour,Hors agglomération,Hors intersection,Normale,Deux véhicules - arrière,,,,,,,,,,,1,1,1,1,2.0
201600024176,0016-09-23 01:40:00,16,9,23,1,40,330,63,"41, AVE THIERS",44.8417,-0.55737,Nuit avec éclairage allumé,En agglomération,Hors intersection,Normale,Autre collision,,,,,,,,,,,5,2,1,1,6.0
201600024177,0016-09-24 09:30:00,16,9,24,9,30,330,63,FRERESMOGA <=PTSTJEAN,44.8314,-0.55696,Plein jour,En agglomération,Hors intersection,Normale,Autre collision,,,,,,,,,,,1,2,1,1,6.0
201600024178,0016-09-23 18:43:00,16,9,23,18,43,330,63,Q.CHARTRONS FACE R.RAZE,44.8511,-0.56927,Plein jour,En agglomération,Hors intersection,Normale,Deux véhicules - côté,,,,,,,,,,,1,2,1,1,3.0
201600024179,0016-09-16 13:40:00,16,9,16,13,40,330,69,RUE RAYMOND POINCARE,44.86081,-0.59891,Plein jour,En agglomération,Hors intersection,Pluie légère,Deux véhicules - côté,,,,,,,,,,,1,2,1,2,3.0
201600024180,0016-09-22 08:20:00,16,9,22,8,20,330,281,"7, AVE DE VERDUN",44.8392,-0.62808,Plein jour,En agglomération,Hors intersection,Normale,Trois véhicules et plus - en chaîne,,,,,,,,,,,1,2,1,1,4.0
201600024181,0016-09-20 17:40:00,16,9,20,17,40,330,522,CRS LIBERATION>BORDEAUX,44.8079,-0.59138,Plein jour,En agglomération,Hors intersection,Normale,Autre collision,,,,,,,,,,,1,2,1,1,6.0
201600024182,0016-09-23 08:40:00,16,9,23,8,40,330,63,BD PDT WILSON/REPUBLIQUE,44.8402,-0.59937,Plein jour,En agglomération,Intersection en X,Normale,Deux véhicules - côté,,,,,,,,,,,1,2,2,1,3.0
201600024183,0016-09-23 13:25:00,16,9,23,13,25,330,63,69 BD G.POMPIDOU/BERRUER,44.8325,-0.60233,Plein jour,En agglomération,Intersection en X,Normale,Deux véhicules - côté,,,,,,,,,,,1,2,2,1,3.0
201600024184,0016-09-23 15:40:00,16,9,23,15,40,330,63,"153, GAULLE CAUD (AVE CH",44.85054,-0.60612,Plein jour,En agglomération,Intersection en Y,Normale,Deux véhicules - côté,,,,,,,,,,,1,2,4,1,3.0
201600024185,0016-09-23 21:55:00,16,9,23,21,55,330,39,176 RT TOULOUSE/GROUSSET,44.8068,-0.5731,Nuit avec éclairage allumé,En agglomération,Intersection en T,Normale,Deux véhicules - côté,,,,,,,,,,,5,2,3,1,3.0
201600024186,0016-09-26 17:30:00,16,9,26,17,30,330,63,11R.GALIN-VHBVNTD THIERS,44.8491,-0.54407,Plein jour,En agglomération,Hors intersection,Normale,Deux véhicules - côté,,,,,,,,,,,1,2,1,1,3.0
201600024187,0016-09-22 12:30:00,16,9,22,12,30,330,162,CYCLOVENANTDEAVETAILLAN,44.8854,-0.65619,Plein jour,En agglomération,Hors intersection,Normale,Deux véhicules - côté,,,,,,,,,,,1,2,1,1,3.0
201600024188,0016-09-23 06:25:00,16,9,23,6,25,330,119,Av Carnot,44.8601,-0.52975,Nuit avec éclairage allumé,En agglomération,Hors intersection,Normale,Autre collision,,,,,,,,,,,5,2,1,1,6.0
201600024189,0016-09-22 08:50:00,16,9,22,8,50,330,167,EX RD936/MONDAULTS,44.8429,-0.50382,Plein jour,Hors agglomération,Giratoire,Normale,Deux véhicules - frontale,,,,,,,,,,,1,1,6,1,1.0
201600024190,0016-09-19 17:00:00,16,9,19,17,0,330,318,HTLEVEQUE LIMITE CANEJAN,44.7776,-0.64548,Plein jour,En agglomération,Intersection en T,Normale,Deux véhicules - côté,,,,,,,,,,,1,2,3,1,3.0
201600024191,0016-09-27 07:55:00,16,9,27,7,55,330,63,QUAI DESCHAMPS/SEM,44.8386,-0.55876,Plein jour,En agglomération,Intersection en T,Normale,Deux véhicules - côté,,,,,,,,,,,1,2,3,1,3.0
201600024192,0016-09-27 13:45:00,16,9,27,13,45,330,281,AVE MARCEL DASSAULT,44.8473,-0.69555,Plein jour,Hors agglomération,Hors intersection,Normale,Deux véhicules - arrière,,,,,,,,,,,1,1,1,1,2.0
201600024193,0016-09-29 21:25:00,16,9,29,21,25,330,63,RUE DE LA BECHADE,44.82352,-0.6002,Nuit avec éclairage allumé,En agglomération,Intersection en Y,Normale,Deux véhicules - arrière,,,,,,,,,,,5,2,4,1,2.0
201600024194,0016-09-27 07:55:00,16,9,27,7,55,330,167,"08, COTE DE MONREPOS",44.8452,-0.52107,Plein jour,En agglomération,Hors intersection,Normale,Deux véhicules - frontale,,,,,,,,,,,1,2,1,1,1.0