accident_id,datetime,annee,mois,jour,heure,minute,departement,commune_insee,adresse,latitude,longitude,luminosite,agglomeration,intersection,meteo,collision,nb_vehicules,nb_usagers,nb_indemnes,nb_tues,nb_blesses_hosp,nb_blesses_legers,age_cond_1,age_cond_2,veh_type_cond_1,veh_type_cond_2,lum_code,agg_code,int_code,atm_code,col_code
201600024195,0016-09-23 17:25:00,16,9,23,17,25,330,550,AVE EDOUARD BOURLEAUD,44.7859,-0.5745,Plein jour,En agglomération,Intersection en T,Normale,Deux véhicules - côté,,,,,,,,,,,1,2,3,1,3.0
201600024196,0016-09-23 23:00:00,16,9,23,23,0,330,39,513 RTETOULOUSE>MAYE,44.786,-0.56641,Nuit avec éclairage allumé,En agglomération,Hors intersection,Normale,Deux véhicules - arrière,,,,,,,,,,,5,2,1,1,2.0
201600024197,0016-09-29 16:40:00,16,9,29,16,40,330,281,N06=>5 CRSL'YSER=>ROCADE,44.8417,-0.64826,Plein jour,En agglomération,Hors intersection,Normale,Autre collision,,,,,,,,,,,1,2,1,1,6.0
201600024198,0016-09-21 18:38:00,16,9,21,18,38,330,522,MARNE (AVE DE LA),44.7942,-0.59705,Plein jour,En agglomération,Hors intersection,Normale,Deux véhicules - frontale,,,,,,,,,,,1,2,1,1,1.0
201600024199,0016-10-01 21:35:00,16,10,1,21,35,330,63,CENON=>BORDEAUX,44.8351,-0.55139,Nuit avec éclairage allumé,En agglomération,Intersection en Y,Normale,Deux véhicules - arrière,,,,,,,,,,,5,2,4,1,2.0
201600024200,0016-09-30 07:25:00,16,9,30,7,25,330,63,R.STEHELIN/SQ B.LECACHE,44.8536,-0.62191,Crépuscule ou aube,En agglomération,Intersection en T,Normale,Deux véhicules - côté,,,,,,,,,,,2,2,3,1,3.0
201600024201,0016-10-03 13:35:00,16,10,3,13,35,330,63,ENT112 CASERNEMILITAIRE,44.8285,-0.59395,Plein jour,En agglomération,Hors intersection,Normale,Deux véhicules - côté,,,,,,,,,,,1,2,1,1,3.0
201600024202,0016-10-01 04:20:00,16,10,1,4,20,330,63,CRS MARNE/PEYRONNET,44.8282,-0.56077,Nuit avec éclairage allumé,En agglomération,Intersection en X,Pluie légère,Deux véhicules - arrière,,,,,,,,,,,5,2,2,2,2.0
201600024203,0016-09-21 15:40:00,16,9,21,15,40,330,63,MERIGNAC (AVENUE DE),44.83879,-0.6259,Plein jour,En agglomération,Intersection en X,Normale,Autre collision,,,,,,,,,,,1,2,2,1,6.0
201600024204,0016-10-04 18:00:00,16,10,4,18,0,330,63,ALL DE BOUTAUT>LE LAC,44.8708,-0.57611,Plein jour,En agglomération,Hors intersection,Normale,Trois véhicules et plus - en chaîne,,,,,,,,,,,1,2,1,1,4.0
201600024205,0016-10-03 08:40:00,16,10,3,8,40,330,281,PDT J.F.KENNEDY=>AEROPOR,44.8352,-0.6766,Plein jour,En agglomération,Hors intersection,Normale,Deux véhicules - arrière,,,,,,,,,,,1,2,1,1,2.0
201600024206,0016-10-04 20:10:00,16,10,4,20,10,330,63,BD A.GAUTIER/G.POMPIDOU,44.8333,-0.59874,Nuit avec éclairage allumé,En agglomération,Intersection en X,Normale,Deux véhicules - frontale,,,,,,,,,,,5,2,2,1,1.0
201600024207,0016-09-23 17:55:00,16,9,23,17,55,330,162,R.19 MARS 1962/GUYENNE,44.8753,-0.6437,Plein jour,En agglomération,Intersection en T,Normale,Deux véhicules - côté,,,,,,,,,,,1,2,3,1,3.0
201600024208,0016-10-04 11:50:00,16,10,4,11,50,330,63,MOTO VENANT DE L.FAURE,44.8704,-0.56629,Plein jour,En agglomération,Intersection en X,Normale,Deux véhicules - côté,,,,,,,,,,,1,2,2,1,3.0
201600024209,0016-10-03 18:30:00,16,10,3,18,30,330,281,CASSIN (AVE RENE),44.83273,-0.68168,Plein jour,En agglomération,Hors intersection,Normale,Deux véhicules - côté,,,,,,,,,,,1,2,1,1,3.0
201600024210,0016-09-27 20:30:00,16,9,27,20,30,330,550,"573, TOULOUSE (RTE DE)",44.78599,-0.56639,Nuit avec éclairage allumé,En agglomération,Hors intersection,Normale,Deux véhicules - côté,,,,,,,,,,,5,2,1,1,3.0
201600024211,0016-10-02 10:40:00,16,10,2,10,40,330,318,AV MADRAN/R.A.LAURENSON,44.8052,-0.65359,Plein jour,En agglomération,Intersection en T,Normale,Deux véhicules - arrière,,,,,,,,,,,1,2,3,1,2.0
201600024212,0016-09-30 16:00:00,16,9,30,16,0,330,318,AVE ANTOINE BECQUEREL,44.78935,-0.64797,Plein jour,En agglomération,Intersection en T,Normale,Deux véhicules - côté,,,,,,,,,,,1,2,3,1,3.0
201600024213,0016-10-06 15:45:00,16,10,6,15,45,330,63,DR CH.N.PENARD/ST SERNIN,44.8389,-0.58178,Plein jour,En agglomération,Intersection en Y,Normale,Deux véhicules - côté,,,,,,,,,,,1,2,4,1,3.0
201600024214,0016-10-06 09:30:00,16,10,6,9,30,330,63,CRS RACCORDEMENT/BOURBON,44.8657,-0.56219,Plein jour,En agglomération,Intersection en T,Normale,Deux véhicules - côté,,,,,,,,,,,1,2,3,1,3.0
201600024215,0016-10-06 18:00:00,16,10,6,18,0,330,63,BD ALIENOR D'AQUITAINE,44.8797,-0.56282,Plein jour,En agglomération,Hors intersection,Normale,Deux véhicules - arrière,,,,,,,,,,,1,2,1,1,2.0
201600024216,0016-10-06 20:10:00,16,10,6,20,10,330,63,234/251MALLATTASSIGNY>BX,44.8565,-0.61813,Plein jour,En agglomération,Hors intersection,Normale,Deux véhicules - arrière,,,,,,,,,,,1,2,1,1,2.0
201600024217,0016-10-04 09:30:00,16,10,4,9,30,330,281,39PDT JFKENNEDY ACCES,44.8338,-0.66815,Plein jour,En agglomération,Intersection en Y,Normale,Deux véhicules - arrière,,,,,,,,,,,1,2,4,1,2.0
201600024218,0016-10-03 11:35:00,16,10,3,11,35,330,522,THOUARS (AVE DE),44.79733,-0.59216,Plein jour,En agglomération,Intersection en X,Normale,Deux véhicules - côté,,,,,,,,,,,1,2,2,1,3.0
201600024219,0016-10-05 10:36:00,16,10,5,10,36,330,522,PMR(FAUTEUIL ELECTRIQUE),44.7974,-0.59921,Plein jour,En agglomération,Hors intersection,Normale,Autre collision,,,,,,,,,,,1,2,1,1,6.0
201600024220,0016-10-07 10:30:00,16,10,7,10,30,330,39,64RTE TOULOUSE/CTAFFANEL,44.8119,-0.57375,Plein jour,En agglomération,Intersection en T,Normale,Trois véhicules et plus - en chaîne,,,,,,,,,,,1,2,3,1,4.0
201600024221,0016-10-08 22:30:00,16,10,8,22,30,330,63,112 AVECOUNORD>RAVESIES,44.86,-0.575,Nuit avec éclairage allumé,En agglomération,Hors intersection,Normale,Sans collision,,,,,,,,,,,5,2,1,1,7.0
201600024222,0016-10-07 11:55:00,16,10,7,11,55,330,63,"77, ALBRET (CRS D)",44.8352,-0.58063,Plein jour,En agglomération,Intersection en Y,Normale,Deux véhicules - côté,,,,,,,,,,,1,2,4,1,3.0
201600024223,0016-10-05 07:30:00,16,10,5,7,30,330,69,AVE DE TIVOLI/R.POINCARE,44.8623,-0.59309,Nuit avec éclairage allumé,En agglomération,Intersection en X,Normale,Deux véhicules - côté,,,,,,,,,,,5,2,2,1,3.0
201600024224,0016-10-09 03:45:00,16,10,9,3,45,330,63,"51, AVE THIERS",44.84188,-0.55691,Nuit avec éclairage allumé,En agglomération,Intersection en T,Normale,Autre collision,,,,,,,,,,,5,2,3,1,6.0
201600024225,0016-10-10 15:38:00,16,10,10,15,38,330,318,CHATAIGNERAIE (AVE DE LA,44.79568,-0.64876,Plein jour,En agglomération,Intersection en X,Normale,Autre collision,,,,,,,,,,,1,2,2,1,6.0
201600024226,0016-10-03 07:45:00,16,10,3,7,45,330,39,V.HUGO/MARTYRSRESISTANCE,44.8076,-0.56049,Plein jour,En agglomération,Giratoire,Normale,Deux véhicules - côté,,,,,,,,,,,1,2,6,1,3.0
201600024227,0016-10-10 13:45:00,16,10,10,13,45,330,63,R.CROIX BLANCHE/J.SOULA,44.8451,-0.59187,Plein jour,En agglomération,Intersection en X,Normale,Autre collision,,,,,,,,,,,1,2,2,1,6.0
201600024228,0016-10-10 10:08:00,16,10,10,10,8,330,63,"66, POMPIDOU (BD GEORGES",44.83248,-0.60228,Plein jour,En agglomération,Intersection en X,Normale,Deux véhicules - côté,,,,,,,,,,,1,2,2,1,3.0
201600024229,0016-09-27 11:50:00,16,9,27,11,50,330,318,6 ALLEE LILAS,44.7929,-0.62918,Plein jour,En agglomération,Hors intersection,Normale,Autre collision,,,,,,,,,,,1,2,1,1,6.0
201600024230,0016-10-04 11:10:00,16,10,4,11,10,330,550,"80, RUE FERNAND SOORS",44.76344,-0.5658,Plein jour,En agglomération,Intersection en Y,Normale,Autre collision,,,,,,,,,,,1,2,4,1,6.0
201600024231,0016-10-04 09:45:00,16,10,4,9,45,330,200,10TOUSSAINTCATROS>MAGUDA,44.8599,-0.69583,Plein jour,En agglomération,Hors intersection,Normale,Deux véhicules - côté,,,,,,,,,,,1,2,1,1,3.0
201600024232,0016-10-09 18:30:00,16,10,9,18,30,330,281,AVE FRANCOIS MITTERRAND,44.81378,-0.68985,Plein jour,En agglomération,Hors intersection,Normale,Trois véhicules et plus - en chaîne,,,,,,,,,,,1,2,1,1,4.0
201600024233,0016-10-11 16:35:00,16,10,11,16,35,330,63,CYCLO: DE PASTEUR>QUAIS,44.8353,-0.56956,Plein jour,En agglomération,Intersection en T,Normale,Deux véhicules - frontale,,,,,,,,,,,1,2,3,1,1.0
201600024234,0016-10-12 07:45:00,16,10,12,7,45,330,63,V.HUGO/FERME RICHEMONT,44.835,-0.57205,Crépuscule ou aube,En agglomération,Intersection en X,Normale,Deux véhicules - côté,,,,,,,,,,,2,2,2,1,3.0
201600024235,0016-10-13 08:10:00,16,10,13,8,10,330,63,MOUNEYRA (RUE ),44.83006,-0.58934,Plein jour,En agglomération,Intersection en X,Normale,Deux véhicules - côté,,,,,,,,,,,1,2,2,1,3.0
201600024236,0016-10-05 22:10:00,16,10,5,22,10,330,522,AV P.CORNEILLE/S.ALLENDE,44.789,-0.58709,Nuit avec éclairage allumé,En agglomération,Intersection en T,Normale,Deux véhicules - côté,,,,,,,,,,,5,2,3,1,3.0
201600024237,0016-10-10 17:58:00,16,10,10,17,58,330,281,208 AV DE LA MARNE,44.834,-0.63797,Plein jour,En agglomération,Hors intersection,Normale,Deux véhicules - côté,,,,,,,,,,,1,2,1,1,3.0
201600024238,0016-10-11 18:00:00,16,10,11,18,0,330,281,AVE PIERRE MENDES FRANCE,44.8282,-0.63885,Plein jour,En agglomération,Hors intersection,Normale,Autre collision,,,,,,,,,,,1,2,1,1,6.0
201600024239,0016-10-11 07:45:00,16,10,11,7,45,330,63,RUE PASTEUR CAUD,44.8453,-0.61552,Crépuscule ou aube,En agglomération,Intersection en X,Normale,Deux véhicules - côté,,,,,,,,,,,2,2,2,1,3.0
201600024240,0016-10-15 10:00:00,16,10,15,10,0,330,63,RUE MANDRON/H.EXPERT,44.858,-0.5878,Plein jour,En agglomération,Intersection en X,Normale,Deux véhicules - côté,,,,,,,,,,,1,2,2,1,3.0
201600024241,0016-10-15 15:50:00,16,10,15,15,50,330,63,CRS DE VERDUN/GOURGUES,44.8471,-0.57668,Plein jour,En agglomération,Intersection en T,Normale,Deux véhicules - côté,,,,,,,,,,,1,2,3,1,3.0
201600024242,0016-10-16 19:15:00,16,10,16,19,15,330,63,71B R.PASTEUR>MERIGNAC,44.8446,-0.60352,Crépuscule ou aube,En agglomération,Intersection en Y,Normale,Deux véhicules - arrière,,,,,,,,,,,2,2,4,1,2.0
201600024243,0016-10-16 23:30:00,16,10,16,23,30,330,281,AV L'ARGONNE/PROCESSION,44.8224,-0.69083,Nuit avec éclairage allumé,En agglomération,Intersection en Y,Normale,Deux véhicules - côté,,,,,,,,,,,5,2,4,1,3.0
201600024244,0016-10-17 09:00:00,16,10,17,9,0,330,63,GEORGEV (TUNNEL-STGENES),44.8213,-0.58298,Plein jour,En agglomération,Hors intersection,Pluie légère,Deux véhicules - frontale,,,,,,,,,,,1,2,1,2,1.0
201600024245,0016-10-18 00:20:00,16,10,18,0,20,330,63,DE ALLEE TOURNY=>MUNICH,44.8444,-0.5746,Nuit avec éclairage allumé,En agglomération,Autre intersection,Normale,Autre collision,,,,,,,,,,,5,2,9,1,6.0
201600024246,0016-10-17 21:45:00,16,10,17,21,45,330,63,BIR HAKEIM/Q.SALINIERES,44.8367,-0.56542,Nuit avec éclairage allumé,En agglomération,Intersection en T,Normale,Deux véhicules - côté,,,,,,,,,,,5,2,3,1,3.0
201600024247,0016-10-18 09:40:00,16,10,18,9,40,330,63,RUE DE CURSOL,44.83471,-0.57834,Plein jour,En agglomération,Intersection en X,Normale,Autre collision,,,,,,,,,,,1,2,2,1,6.0
201600024248,0016-10-18 09:00:00,16,10,18,9,0,330,63,V.HUGO/FERME RICHEMONT,44.835,-0.57205,Plein jour,En agglomération,Intersection en T,Normale,Deux véhicules - côté,,,,,,,,,,,1,2,3,1,3.0
201600024249,0016-10-15 00:10:00,16,10,15,0,10,330,281,AVE PRESIDENT J.F. KENNE,44.83281,-0.65322,Nuit avec éclairage allumé,En agglomération,Intersection en Y,Normale,Deux véhicules - côté,,,,,,,,,,,5,2,4,1,3.0
201600024250,0016-10-14 07:45:00,16,10,14,7,45,330,63,FACE No3 GAL LECLERC,44.851,-0.60674,Plein jour,En agglomération,Hors intersection,Normale,Autre collision,,,,,,,,,,,1,2,1,1,6.0
201600024251,0016-10-14 21:15:00,16,10,14,21,15,330,522,THOUARS (AVE DE),44.79623,-0.59235,Nuit avec éclairage allumé,En agglomération,Intersection en T,Normale,Deux véhicules - côté,,,,,,,,,,,5,2,3,1,3.0
201600024252,0016-10-10 11:00:00,16,10,10,11,0,330,200,"14, RUE SAINTE CHRISTINE",44.88111,-0.6829,Plein jour,En agglomération,Hors intersection,Normale,Autre collision,,,,,,,,,,,1,2,1,1,6.0
201600024253,0016-10-19 18:40:00,16,10,19,18,40,330,167,CROISEMENT PSTE CYCLABLE,44.8381,-0.53274,Plein jour,En agglomération,Hors intersection,Normale,Deux véhicules - côté,,,,,,,,,,,1,2,1,1,3.0
201600024254,0016-10-19 20:30:00,16,10,19,20,30,330,281,"361, AVE DE VERDUN",44.8394,-0.63632,Nuit avec éclairage allumé,En agglomération,Intersection en T,Normale,Deux véhicules - arrière,,,,,,,,,,,5,2,3,1,2.0
201600024255,0016-10-14 13:00:00,16,10,14,13,0,330,39,RUE LOUIS BRAILLE,44.80315,-0.56819,Plein jour,En agglomération,Intersection en X,Normale,Deux véhicules - côté,,,,,,,,,,,1,2,2,1,3.0
201600024256,0016-10-14 15:30:00,16,10,14,15,30,330,75,AVE J. CHABAN DELMAS,44.886,-0.58678,Plein jour,Hors agglomération,Hors intersection,Normale,Deux véhicules - côté,,,,,,,,,,,1,1,1,1,3.0
201600024257,0016-10-16 01:42:00,16,10,16,1,42,330,119,"30, AVE JEAN JAURES",44.85462,-0.53649,Nuit avec éclairage allumé,En agglomération,Hors intersection,Normale,Autre collision,,,,,,,,,,,5,2,1,1,6.0
201600024258,0016-10-19 19:40:00,16,10,19,19,40,330,63,CRS DE L'YSER/PELLEPORT,44.8194,-0.57227,Plein jour,En agglomération,Intersection en Y,Normale,Autre collision,,,,,,,,,,,1,2,4,1,6.0
201600024259,0016-10-20 21:50:00,16,10,20,21,50,330,63,R.G.BONNAC/R.CHAUFFOUR,44.8387,-0.5892,Nuit avec éclairage allumé,En agglomération,Intersection en X,Normale,Deux véhicules - côté,,,,,,,,,,,5,2,2,1,3.0
201600024260,0016-10-20 21:35:00,16,10,20,21,35,330,167,DU GIR RD936=>CHN BORIES,44.8412,-0.49644,Nuit avec éclairage allumé,Hors agglomération,Hors intersection,Normale,Autre collision,,,,,,,,,,,5,1,1,1,6.0
201600024261,0016-10-18 09:40:00,16,10,18,9,40,330,75,"36, RUE DES REDUITS",44.88317,-0.59497,Plein jour,En agglomération,Hors intersection,Normale,Deux véhicules - arrière,,,,,,,,,,,1,2,1,1,2.0
201600024262,0016-10-24 02:45:00,16,10,24,2,45,330,39,VENANT DU BD FRERES MOGA,44.8201,-0.53919,Nuit avec éclairage allumé,Hors agglomération,Hors intersection,Normale,Autre collision,,,,,,,,,,,5,1,1,1,6.0
201600024263,0016-10-18 12:20:00,16,10,18,12,20,330,281,AVE PIERRE MENDES FRANCE,44.83264,-0.64062,Plein jour,En agglomération,Intersection en X,Normale,Deux véhicules - côté,,,,,,,,,,,1,2,2,1,3.0
201600024264,0016-10-21 13:42:00,16,10,21,13,42,330,281,AVE PIERRE MENDES FRANCE,44.81451,-0.63481,Plein jour,En agglomération,Intersection en T,Normale,Autre collision,,,,,,,,,,,1,2,3,1,6.0
201600024265,0016-10-24 15:10:00,16,10,24,15,10,330,63,"35, Av CH DE GAULLE",44.84882,-0.5989,Plein jour,En agglomération,Intersection en T,Normale,Autre collision,,,,,,,,,,,1,2,3,1,6.0
201600024266,0016-10-19 17:41:00,16,10,19,17,41,330,550,CHEM GASTON,44.77777,-0.57421,Plein jour,En agglomération,Intersection en Y,Normale,Deux véhicules - frontale,,,,,,,,,,,1,2,4,1,1.0
201600024267,0016-10-20 20:50:00,16,10,20,20,50,330,522,RUE BOURGES/RUE SPORTS,44.8149,-0.58021,Nuit avec éclairage allumé,En agglomération,Intersection en X,Normale,Deux véhicules - côté,,,,,,,,,,,5,2,2,1,3.0
201600024268,0016-10-22 21:50:00,16,10,22,21,50,330,318,AVE PASTEUR,44.8026,-0.64312,Nuit avec éclairage allumé,En agglomération,Intersection en Y,Normale,Deux véhicules - frontale,,,,,,,,,,,5,2,4,1,1.0
201600024269,0016-10-23 06:45:00,16,10,23,6,45,330,162,122 L'HIPPODROME>BRUGES,44.8715,-0.63402,Nuit avec éclairage allumé,En agglomération,Hors intersection,Normale,Deux véhicules - arrière,,,,,,,,,,,5,2,1,1,2.0
201600024270,0016-10-24 08:45:00,16,10,24,8,45,330,192,RUE DE BENEDIGUES,44.77722,-0.59296,Plein jour,En agglomération,Giratoire,Normale,Deux véhicules - côté,,,,,,,,,,,1,2,6,1,3.0
201600024271,0016-10-22 19:20:00,16,10,22,19,20,330,162,168AV MEDOC-VH.A>D1215,44.8864,-0.63999,Nuit avec éclairage allumé,En agglomération,Hors intersection,Normale,Deux véhicules - côté,,,,,,,,,,,5,2,1,1,3.0
201600024272,0016-10-21 16:10:00,16,10,21,16,10,330,192,"49, CRS GAL DE GAULLE",44.7822,-0.60767,Plein jour,En agglomération,Hors intersection,Normale,Autre collision,,,,,,,,,,,1,2,1,1,6.0
201600024273,0016-10-21 14:05:00,16,10,21,14,5,330,192,RUE DES SAULES/LAURIERS,44.7739,-0.61209,Plein jour,En agglomération,Intersection en Y,Normale,Deux véhicules - frontale,,,,,,,,,,,1,2,4,1,1.0
201600024274,0016-10-26 20:45:00,16,10,26,20,45,330,63,PCE LOUIS BARTHOU,44.82127,-0.58274,Nuit avec éclairage allumé,En agglomération,Intersection en X,Normale,Deux véhicules - arrière,,,,,,,,,,,5,2,2,1,2.0
201600024275,0016-10-21 07:40:00,16,10,21,7,40,330,318,BOURGAILH>LECLERC,44.7992,-0.66319,Nuit avec éclairage allumé,En agglomération,Intersection en Y,Normale,Autre collision,,,,,,,,,,,5,2,4,1,6.0
201600024276,0016-10-21 16:40:00,16,10,21,16,40,330,522,PIETON SUR FAUTEUIL,44.8068,-0.59172,Plein jour,En agglomération,Intersection en X,Normale,Autre collision,,,,,,,,,,,1,2,2,1,6.0
201600024277,0016-10-25 14:45:00,16,10,25,14,45,330,63,AVE DES QUARANTE JOURNAU,44.87877,-0.56842,Plein jour,En agglomération,Intersection en T,Normale,Deux véhicules - côté,,,,,,,,,,,1,2,3,1,3.0
201600024278,0016-10-21 17:40:00,16,10,21,17,40,330,75,TERREFORT/MARYSE BASTIE,44.8881,-0.61407,Plein jour,En agglomération,Intersection en Y,Normale,Deux véhicules - côté,,,,,,,,,,,1,2,4,1,3.0
201600024279,0016-10-27 08:45:00,16,10,27,8,45,330,63,BRAZZA/BOUTHIER/QUEYRIES,44.8521,-0.5571,Plein jour,En agglomération,Intersection en X,Normale,Deux véhicules - côté,,,,,,,,,,,1,2,2,1,3.0
201600024280,0016-10-27 18:20:00,16,10,27,18,20,330,63,QUAI DE BRAZZA,44.85269,-0.55592,Plein jour,En agglomération,Hors intersection,Normale,Deux véhicules - frontale,,,,,,,,,,,1,2,1,1,1.0
201600024281,0016-10-27 22:00:00,16,10,27,22,0,330,249,DIRECTION LORMONT,44.8659,-0.513,Nuit avec éclairage allumé,En agglomération,Intersection en X,Normale,Deux véhicules - côté,,,,,,,,,,,5,2,2,1,3.0
201600024282,0016-10-28 06:45:00,16,10,28,6,45,330,63,"211, RUE DE SAINT GENES",44.82319,-0.58215,Nuit avec éclairage allumé,En agglomération,Intersection en X,Normale,Deux véhicules - arrière,,,,,,,,,,,5,2,2,1,2.0
201600024283,0016-10-28 21:15:00,16,10,28,21,15,330,522,TREMEUGE (RUE DE),44.80233,-0.58626,Nuit avec éclairage allumé,En agglomération,Intersection en X,Normale,Deux véhicules - frontale,,,,,,,,,,,5,2,2,1,1.0
201600024284,0016-11-01 06:00:00,16,11,1,6,0,330,63,JOLIOTCURIE/PONT STJEA N,44.8363,-0.55013,Nuit avec éclairage allumé,En agglomération,Intersection en X,Normale,Deux véhicules - côté,,,,,,,,,,,5,2,2,1,3.0
201600024285,0016-10-30 02:00:00,16,10,30,2,0,330,63,BD JOLIOT-CURIE,44.8418,-0.54304,Nuit avec éclairage allumé,En agglomération,Hors intersection,Normale,Autre collision,,,,,,,,,,,5,2,1,1,6.0
201600024286,0016-10-31 10:21:00,16,10,31,10,21,330,63,PORTE BOURGOGNE=>BOURSE,44.8409,-0.5694,Plein jour,En agglomération,Hors intersection,Normale,Autre collision,,,,,,,,,,,1,2,1,1,6.0
201600024287,0016-10-26 13:40:00,16,10,26,13,40,330,281,"30, AVE DE LA GRANGE NOI",44.85421,-0.67722,Plein jour,En agglomération,Giratoire,Normale,Trois véhicules et plus - en chaîne,,,,,,,,,,,1,2,6,1,4.0
201600024288,0016-10-30 00:25:00,16,10,30,0,25,330,63,TRAM => TALENCE,44.8213,-0.58277,Nuit avec éclairage allumé,En agglomération,Place,Normale,Autre collision,,,,,,,,,,,5,2,7,1,6.0
201600024289,0016-10-27 16:39:00,16,10,27,16,39,330,522,MOTO REMONTE FILE ET TAD,44.8079,-0.60325,Plein jour,En agglomération,Intersection en X,Normale,Deux véhicules - côté,,,,,,,,,,,1,2,2,1,3.0
201600024290,0016-10-28 18:00:00,16,10,28,18,0,330,63,VELO ZIGZAGUE S/AVE GARE,44.8451,-0.62853,Plein jour,En agglomération,Intersection en T,Normale,Deux véhicules - frontale,,,,,,,,,,,1,2,3,1,1.0
201600024291,0016-10-28 18:10:00,16,10,28,18,10,330,63,RUE PELLEPORT,44.8205,-0.56832,Crépuscule ou aube,En agglomération,Intersection en T,Normale,Deux véhicules - côté,,,,,,,,,,,2,2,3,1,3.0
201600024292,0016-11-02 09:15:00,16,11,2,9,15,330,63,VELO DEGAMBETTA=>BX LAC,44.8524,-0.57422,Plein jour,En agglomération,Intersection en X,Normale,Autre collision,,,,,,,,,,,1,2,2,1,6.0
201600024293,0016-11-02 19:15:00,16,11,2,19,15,330,63,BD DU PRESIDENT WILSON,44.85317,-0.59406,Crépuscule ou aube,En agglomération,Intersection en T,Normale,Deux véhicules - côté,,,,,,,,,,,2,2,3,1,3.0
201600024294,0016-10-25 16:00:00,16,10,25,16,0,330,39,P.MENDES FR/4 CASTERA,44.8039,-0.54027,Plein jour,En agglomération,Intersection en T,Normale,Deux véhicules - côté,,,,,,,,,,,1,2,3,1,3.0
201600024295,0016-10-26 17:50:00,16,10,26,17,50,330,318,POUDRIERE/PRINCESSE,44.799,-0.71008,Plein jour,Hors agglomération,Intersection en X,Normale,Deux véhicules - côté,,,,,,,,,,,1,1,2,1,3.0
201600024296,0016-11-02 18:57:00,16,11,2,18,57,330,281,AV LIBERATION/ALLPRAIRIE,44.8485,-0.64384,Nuit avec éclairage allumé,En agglomération,Intersection en Y,Normale,Deux véhicules - côté,,,,,,,,,,,5,2,4,1,3.0
201600024297,0016-11-03 22:00:00,16,11,3,22,0,330,281,"24, AVE DE MERIGNAC CAUD",44.83855,-0.62194,Nuit avec éclairage allumé,En agglomération,Hors intersection,Normale,Deux véhicules - frontale,,,,,,,,,,,5,2,1,1,1.0
201600024298,0016-11-06 02:10:00,16,11,6,2,10,330,63,VLAVENANT DU BDROOSEVELT,44.8213,-0.58286,Nuit avec éclairage allumé,En agglomération,Intersection en X,Normale,Deux véhicules - arrière,,,,,,,,,,,5,2,2,1,2.0
201600024299,0016-11-06 13:50:00,16,11,6,13,50,330,63,PCE DE LATULE,44.86971,-0.56663,Plein jour,En agglomération,Intersection en Y,Normale,Deux véhicules - côté,,,,,,,,,,,1,2,4,1,3.0
201600024300,0016-10-27 21:30:00,16,10,27,21,30,330,162,RUE ANDRE BLANC,44.88086,-0.6406,Nuit avec éclairage allumé,En agglomération,Intersection en X,Normale,Deux véhicules - arrière,,,,,,,,,,,5,2,2,1,2.0
201600024301,0016-11-04 17:15:00,16,11,4,17,15,330,63,"37, VERDUN (CRS DE)",44.85028,-0.57476,Crépuscule ou aube,En agglomération,Intersection en T,Normale,Autre collision,,,,,,,,,,,2,2,3,1,6.0
201600024302,0016-11-02 19:15:00,16,11,2,19,15,330,281,AVE MAGUDAS/SATELLITES,44.8587,-0.67288,Nuit avec éclairage allumé,En agglomération,Giratoire,Brouillard / fumée,Deux véhicules - arrière,,,,,,,,,,,5,2,6,5,2.0
201600024303,0016-11-05 07:00:00,16,11,5,7,0,330,318,"45, AVE JEAN BART",44.7831,-0.67505,Nuit avec éclairage non allumé,En agglomération,Hors intersection,Pluie légère,Deux véhicules - frontale,,,,,,,,,,,4,2,1,2,1.0
201600024304,0016-11-07 07:45:00,16,11,7,7,45,330,63,"367, CRS DE LA SOMME",44.8157,-0.57245,Crépuscule ou aube,En agglomération,Hors intersection,Normale,Deux véhicules - frontale,,,,,,,,,,,2,2,1,1,1.0
201600024305,0016-11-07 21:30:00,16,11,7,21,30,330,281,AV DE LA MARNE/RUE BEARN,44.837,-0.62058,Nuit avec éclairage allumé,En agglomération,Intersection en X,Normale,Deux véhicules - côté,,,,,,,,,,,5,2,2,1,3.0
201600024306,0016-11-02 18:40:00,16,11,2,18,40,330,162,"152, AVE DE L'HIPPODROME",44.8679,-0.63673,Nuit avec éclairage allumé,En agglomération,Intersection en T,Brouillard / fumée,Deux véhicules - côté,,,,,,,,,,,5,2,3,5,3.0
201600024307,0016-11-08 01:30:00,16,11,8,1,30,330,63,RUE DE LA BENAUGE,44.84247,-0.54332,Nuit avec éclairage allumé,En agglomération,Intersection en X,Normale,Autre collision,,,,,,,,,,,5,2,2,1,6.0
201600024308,0016-11-07 20:15:00,16,11,7,20,15,330,63,196CRS STLOUIS/LEYBARDIE,44.8624,-0.56718,Plein jour,En agglomération,Intersection en X,Normale,Deux véhicules - frontale,,,,,,,,,,,1,2,2,1,1.0
201600024309,0016-11-08 17:55:00,16,11,8,17,55,330,63,DR N.PENARD/T.LAUTREC,44.8401,-0.58101,Plein jour,En agglomération,Intersection en X,Normale,Deux véhicules - côté,,,,,,,,,,,1,2,2,1,3.0
201600024310,0016-11-03 16:05:00,16,11,3,16,5,330,39,M.DELATTRE/PR BERGONIE,44.8041,-0.55492,Plein jour,En agglomération,Intersection en X,Normale,Deux véhicules - côté,,,,,,,,,,,1,2,2,1,3.0
201600024311,0016-11-13 02:15:00,16,11,13,2,15,330,63,PL BIR HAKEIM/SALINIERES,44.8367,-0.56542,Nuit avec éclairage allumé,En agglomération,Intersection en Y,Pluie légère,Deux véhicules - frontale,,,,,,,,,,,5,2,4,2,1.0
201600024312,0016-11-09 11:15:00,16,11,9,11,15,330,63,RUE DE BETHMANN,44.8227,-0.60381,Plein jour,En agglomération,Intersection en Y,Pluie légère,Deux véhicules - côté,,,,,,,,,,,1,2,4,2,3.0
201600024313,0016-11-08 18:10:00,16,11,8,18,10,330,281,"505, AVE DE VERDUN",44.84171,-0.64644,Nuit avec éclairage allumé,En agglomération,Intersection en X,Pluie légère,Sans collision,,,,,,,,,,,5,2,2,2,7.0