accident_id,datetime,annee,mois,jour,heure,minute,departement,commune_insee,adresse,latitude,longitude,luminosite,agglomeration,intersection,meteo,collision,nb_vehicules,nb_usagers,nb_indemnes,nb_tues,nb_blesses_hosp,nb_blesses_legers,age_cond_1,age_cond_2,veh_type_cond_1,veh_type_cond_2,lum_code,agg_code,int_code,atm_code,col_code
201600024314,0016-11-08 08:10:00,16,11,8,8,10,330,249,AV RESISTANCE/J.ZAY,44.8777,-0.51853,Plein jour,En agglomération,Intersection en T,Normale,Deux véhicules - arrière,,,,,,,,,,,1,2,3,1,2.0
201600024315,0016-11-08 13:15:00,16,11,8,13,15,330,167,R.La Gabarre,44.8206,-0.5197,Plein jour,En agglomération,Intersection en T,Normale,Deux véhicules - frontale,,,,,,,,,,,1,2,3,1,1.0
201600024316,0016-11-09 23:10:00,16,11,9,23,10,330,63,BD JOLIOT-CURIE,44.84153,-0.54319,Nuit avec éclairage allumé,Hors agglomération,Hors intersection,Pluie légère,Autre collision,,,,,,,,,,,5,1,1,2,6.0
201600024317,0016-11-09 16:30:00,16,11,9,16,30,330,63,CRS ST LOUIS/R. C.GODARD,44.8551,-0.57178,Plein jour,En agglomération,Autre intersection,Pluie forte,Deux véhicules - côté,,,,,,,,,,,1,2,9,3,3.0
201600024318,0016-11-04 17:27:00,16,11,4,17,27,330,281,AV MAGUDAS/FR ROBINSON,44.8567,-0.655,Plein jour,En agglomération,Intersection en Y,Normale,Deux véhicules - arrière,,,,,,,,,,,1,2,4,1,2.0
201600024319,0016-11-14 08:10:00,16,11,14,8,10,330,63,RUE DE LACANAU,44.84834,-0.61677,Crépuscule ou aube,En agglomération,Giratoire,Normale,Deux véhicules - côté,,,,,,,,,,,2,2,6,1,3.0
201600024320,0016-11-14 06:05:00,16,11,14,6,5,330,63,CRS DE LA MARNE,44.8282,-0.56075,Nuit avec éclairage allumé,En agglomération,Intersection en X,Normale,Deux véhicules - côté,,,,,,,,,,,5,2,2,1,3.0
201600024321,0016-11-13 04:20:00,16,11,13,4,20,330,63,RUE DES TERRES DE BORDE,44.82879,-0.55441,Nuit avec éclairage allumé,En agglomération,Intersection en Y,Pluie légère,Autre collision,,,,,,,,,,,5,2,4,2,6.0
201600024322,0016-11-08 08:30:00,16,11,8,8,30,330,281,BARBUSSE=>ROCADE,44.8562,-0.6495,Plein jour,En agglomération,Intersection en X,Normale,Deux véhicules - côté,,,,,,,,,,,1,2,2,1,3.0
201600024323,0016-11-10 03:40:00,16,11,10,3,40,330,550,TOULOUSE (RTE DE),44.80551,-0.57255,Nuit avec éclairage allumé,En agglomération,Intersection en Y,Pluie forte,Autre collision,,,,,,,,,,,5,2,4,3,6.0
201600024324,0016-11-15 13:45:00,16,11,15,13,45,330,63,CRS PASTEUR,44.83505,-0.57512,Plein jour,En agglomération,Intersection en X,Normale,Deux véhicules - côté,,,,,,,,,,,1,2,2,1,3.0
201600024325,0016-11-15 18:30:00,16,11,15,18,30,330,162,"224, AVE DE SAINT-MEDARD",44.8645,-0.66319,Nuit avec éclairage allumé,En agglomération,Hors intersection,Normale,Trois véhicules et plus - en chaîne,,,,,,,,,,,5,2,1,1,4.0
201600024326,0016-11-10 17:40:00,16,11,10,17,40,330,318,AVE DE MAGELLAN,44.77991,-0.66312,Crépuscule ou aube,En agglomération,Intersection en T,Pluie légère,Deux véhicules - arrière,,,,,,,,,,,2,2,3,2,2.0
201600024327,0016-11-10 11:50:00,16,11,10,11,50,330,281,"07, AVE JEAN PERRIN",44.83879,-0.67052,Plein jour,En agglomération,Hors intersection,Normale,Autre collision,,,,,,,,,,,1,2,1,1,6.0
201600024328,0016-11-12 13:30:00,16,11,12,13,30,330,281,"143, RUE PAUL DOUMER",44.83256,-0.6279,Plein jour,En agglomération,Intersection en T,Normale,Deux véhicules - côté,,,,,,,,,,,1,2,3,1,3.0
201600024329,0016-11-16 07:34:00,16,11,16,7,34,330,63,VL VENANT DU BD GEORGEV,44.8212,-0.58287,Plein jour,Hors agglomération,Intersection en X,Normale,Deux véhicules - côté,,,,,,,,,,,1,1,2,1,3.0
201600024330,0016-10-16 06:20:00,16,10,16,6,20,330,63,AVE DE LABARDE,44.88236,-0.55088,Nuit avec éclairage allumé,En agglomération,Intersection en T,Normale,Deux véhicules - côté,,,,,,,,,,,5,2,3,1,3.0
201600024331,0016-11-17 23:10:00,16,11,17,23,10,330,522,"170, RUE DE SUZON",44.81211,-0.58104,Nuit avec éclairage allumé,En agglomération,Intersection en T,Normale,Deux véhicules - côté,,,,,,,,,,,5,2,3,1,3.0
201600024332,0016-11-14 09:30:00,16,11,14,9,30,330,550,"30, CHEM DES ORPHELINS",44.7962,-0.57713,Plein jour,En agglomération,Hors intersection,Normale,Deux véhicules - frontale,,,,,,,,,,,1,2,1,1,1.0
201600024333,0016-11-17 14:40:00,16,11,17,14,40,330,63,CHANTECRIT/GOUNOUILHOU,44.8588,-0.55847,Plein jour,En agglomération,Intersection en T,Normale,Autre collision,,,,,,,,,,,1,2,3,1,6.0
201600024334,0016-11-18 21:15:00,16,11,18,21,15,330,63,"06, CRS EVRARD  FAYOLLE",44.8525,-0.57419,Nuit avec éclairage allumé,En agglomération,Intersection en Y,Pluie légère,Sans collision,,,,,,,,,,,5,2,4,2,7.0
201600024335,0016-11-17 07:55:00,16,11,17,7,55,330,318,30 VILLEMEJAN/G.FAURE,44.7988,-0.60712,Crépuscule ou aube,En agglomération,Intersection en T,Normale,Deux véhicules - côté,,,,,,,,,,,2,2,3,1,3.0
201600024336,0016-11-20 20:28:00,16,11,20,20,28,330,119,04R.MARTIN GARD/COCTEAU,44.8514,-0.50809,Nuit avec éclairage allumé,En agglomération,Intersection en T,Pluie légère,Deux véhicules - frontale,,,,,,,,,,,5,2,3,2,1.0
201600024337,0016-11-19 06:00:00,16,11,19,6,0,330,63,"102, RUE AMEDEE SAINT-GE",44.81954,-0.5623,Nuit avec éclairage allumé,En agglomération,Intersection en T,Pluie légère,Autre collision,,,,,,,,,,,5,2,3,2,6.0
201600024338,0016-11-18 20:45:00,16,11,18,20,45,330,522,CYCLO>BORDEAUX,44.7923,-0.58969,Nuit avec éclairage allumé,En agglomération,Intersection en X,Pluie légère,Deux véhicules - côté,,,,,,,,,,,5,2,2,2,3.0
201600024339,0016-11-21 19:30:00,16,11,21,19,30,330,63,CRS EDOUARD VAILLANT,44.86344,-0.56147,Nuit avec éclairage allumé,En agglomération,Intersection en X,Normale,Sans collision,,,,,,,,,,,5,2,2,1,7.0
201600024340,0016-11-21 10:20:00,16,11,21,10,20,330,63,VL.B:CHAUFFOUR - J.NANCY,44.8387,-0.5892,Plein jour,En agglomération,Intersection en X,Normale,Deux véhicules - côté,,,,,,,,,,,1,2,2,1,3.0
201600024341,0016-11-21 18:15:00,16,11,21,18,15,330,63,L.FAURE/B.STUTTENBERG,44.8643,-0.55848,Nuit avec éclairage allumé,En agglomération,Intersection en X,Normale,Deux véhicules - côté,,,,,,,,,,,5,2,2,1,3.0
201600024342,0016-11-23 07:30:00,16,11,23,7,30,330,63,RUE ANDRE DEGAIN,44.85357,-0.54172,Plein jour,En agglomération,Intersection en X,Pluie légère,Deux véhicules - côté,,,,,,,,,,,1,2,2,2,3.0
201600024343,0016-11-19 06:15:00,16,11,19,6,15,330,281,FONCASTEL/PMENDES-FRANCE,44.836,-0.64108,Nuit avec éclairage allumé,En agglomération,Intersection en X,Normale,Deux véhicules - côté,,,,,,,,,,,5,2,2,1,3.0
201600024344,0016-11-18 18:15:00,16,11,18,18,15,330,318,53CANEJAN/CHATAIGNERAIE,44.7929,-0.64705,Nuit avec éclairage allumé,En agglomération,Intersection en X,Pluie légère,Deux véhicules - frontale,,,,,,,,,,,5,2,2,2,1.0
201600024345,0016-11-21 10:25:00,16,11,21,10,25,330,13,AVE DU MOULINAT,44.86728,-0.49733,Plein jour,En agglomération,Intersection en X,Normale,Trois véhicules et plus - collisions multiples,,,,,,,,,,,1,2,2,1,5.0
201600024346,0016-11-17 18:00:00,16,11,17,18,0,330,69,"135,R. R.POINCARE/V.HUGO",44.8624,-0.59017,Nuit avec éclairage allumé,En agglomération,Intersection en X,Pluie légère,Deux véhicules - arrière,,,,,,,,,,,5,2,2,2,2.0
201600024347,0016-11-21 08:25:00,16,11,21,8,25,330,119,SENS LORMONT>CENON,44.8623,-0.5231,Plein jour,En agglomération,Intersection en X,Pluie légère,Deux véhicules - arrière,,,,,,,,,,,1,2,2,2,2.0
201600024348,0016-11-23 17:50:00,16,11,23,17,50,330,281,MEDARD (AVE DE SAINT),44.86221,-0.64513,Nuit avec éclairage allumé,En agglomération,Intersection en T,Pluie légère,Deux véhicules - frontale,,,,,,,,,,,5,2,3,2,1.0
201600024349,0016-11-23 08:48:00,16,11,23,8,48,330,63,"02, BD DU PRESIDENT WILS",44.83665,-0.59879,Plein jour,En agglomération,Intersection en X,Pluie légère,Deux véhicules - arrière,,,,,,,,,,,1,2,2,2,2.0
201600024350,0016-11-16 07:50:00,16,11,16,7,50,330,75,17R REDUIT/BACCHUS,44.8841,-0.59916,Crépuscule ou aube,En agglomération,Intersection en X,Normale,Deux véhicules - frontale,,,,,,,,,,,2,2,2,1,1.0
201600024351,0016-11-18 14:30:00,16,11,18,14,30,330,200,RUE DE LA MORANDIERE,44.85939,-0.67755,Plein jour,En agglomération,Intersection en T,Normale,Deux véhicules - frontale,,,,,,,,,,,1,2,3,1,1.0
201600024352,0016-11-18 07:45:00,16,11,18,7,45,330,69,MOTO=EYSINES/VL>BORDEAUX,44.8558,-0.60135,Crépuscule ou aube,En agglomération,Intersection en Y,Pluie légère,Deux véhicules - côté,,,,,,,,,,,2,2,4,2,3.0
201600024353,0016-11-24 16:25:00,16,11,24,16,25,330,63,"34, CRS DE LA SOMME",44.82937,-0.57223,Plein jour,En agglomération,Intersection en T,Normale,Deux véhicules - côté,,,,,,,,,,,1,2,3,1,3.0
201600024354,0016-11-25 07:45:00,16,11,25,7,45,330,63,20BDGEORGE V/R. DE PATAY,44.8268,-0.59138,Plein jour,En agglomération,Intersection en X,Pluie légère,Deux véhicules - frontale,,,,,,,,,,,1,2,2,2,1.0
201600024355,0016-11-24 21:20:00,16,11,24,21,20,330,63,RUE DE LA COURSE,44.85096,-0.57781,Nuit avec éclairage allumé,En agglomération,Intersection en X,Normale,Deux véhicules - frontale,,,,,,,,,,,5,2,2,1,1.0
201600024356,0016-11-21 14:12:00,16,11,21,14,12,330,318,"89 BIS, AVE ROGER CHAUME",44.7973,-0.64163,Plein jour,En agglomération,Hors intersection,Normale,Trois véhicules et plus - en chaîne,,,,,,,,,,,1,2,1,1,4.0
201600024357,0016-11-26 20:30:00,16,11,26,20,30,330,119,CRS GAMBETTA,44.84363,-0.5306,Nuit avec éclairage allumé,En agglomération,Intersection en X,Pluie légère,Deux véhicules - frontale,,,,,,,,,,,5,2,2,2,1.0
201600024358,0016-11-22 20:50:00,16,11,22,20,50,330,522,S. ALLENDE=>P.CORNEILLE,44.789,-0.58709,Nuit avec éclairage allumé,En agglomération,Intersection en T,Pluie légère,Autre collision,,,,,,,,,,,5,2,3,2,6.0
201600024359,0016-11-23 07:15:00,16,11,23,7,15,330,522,"203, RTE DE TOULOUSE",44.8085,-0.57382,Nuit avec éclairage allumé,En agglomération,Hors intersection,Pluie légère,Deux véhicules - côté,,,,,,,,,,,5,2,1,2,3.0
201600024360,0016-11-25 08:00:00,16,11,25,8,0,330,63,"17, QUAI DE BRAZZA",44.8525,-0.55628,Crépuscule ou aube,En agglomération,Hors intersection,Pluie légère,Deux véhicules - frontale,,,,,,,,,,,2,2,1,2,1.0
201600024361,0016-11-24 07:50:00,16,11,24,7,50,330,281,STIE GIRATOIRE>MERIGNAC,44.8467,-0.67751,Crépuscule ou aube,En agglomération,Giratoire,Pluie légère,Autre collision,,,,,,,,,,,2,2,6,2,6.0
201600024362,0016-11-24 18:05:00,16,11,24,18,5,330,318,Av Pasteur,44.8062,-0.63062,Nuit avec éclairage allumé,En agglomération,Intersection en T,Normale,Autre collision,,,,,,,,,,,5,2,3,1,6.0
201600024363,0016-11-27 17:00:00,16,11,27,17,0,330,63,VLA VENANT DE G.POMPIDOU,44.8333,-0.59857,Plein jour,En agglomération,Intersection en X,Normale,Deux véhicules - frontale,,,,,,,,,,,1,2,2,1,1.0
201600024364,0016-11-28 14:35:00,16,11,28,14,35,330,63,RUE LUCIEN FAURE,44.86596,-0.56086,Plein jour,En agglomération,Intersection en X,Normale,Deux véhicules - arrière,,,,,,,,,,,1,2,2,1,2.0
201600024365,0016-11-18 09:30:00,16,11,18,9,30,330,192,AVE DE L'HIPPODROME,44.77788,-0.64584,Plein jour,En agglomération,Intersection en X,Pluie légère,Deux véhicules - côté,,,,,,,,,,,1,2,2,2,3.0
201600024366,0016-11-23 16:20:00,16,11,23,16,20,330,162,AVE DE L'HIPPODROME,44.86347,-0.63943,Plein jour,En agglomération,Intersection en Y,Pluie légère,Deux véhicules - arrière,,,,,,,,,,,1,2,4,2,2.0
201600024367,0016-11-29 17:55:00,16,11,29,17,55,330,63,166R.PASTEUR/WILSON,44.8451,-0.6108,Nuit avec éclairage allumé,En agglomération,Intersection en T,Normale,Deux véhicules - frontale,,,,,,,,,,,5,2,3,1,1.0
201600024368,0016-11-29 13:50:00,16,11,29,13,50,330,63,BD ALBERT 1ER/L.BLUM,44.8129,-0.56138,Plein jour,En agglomération,Intersection en X,Normale,Deux véhicules - côté,,,,,,,,,,,1,2,2,1,3.0
201600024369,0016-11-30 13:15:00,16,11,30,13,15,330,63,ALL DE BOUTAUT,44.87557,-0.57666,Plein jour,En agglomération,Intersection en T,Normale,Autre collision,,,,,,,,,,,1,2,3,1,6.0
201600024370,0016-11-30 09:45:00,16,11,30,9,45,330,63,"32, RUE CHARLES DOMERCQ",44.82562,-0.55728,Plein jour,En agglomération,Intersection en Y,Normale,Autre collision,,,,,,,,,,,1,2,4,1,6.0
201600024371,0016-12-01 17:25:00,16,12,1,17,25,330,63,VL>CRUCHET/MOTO>CARDINAU,44.8897,-0.55756,Plein jour,En agglomération,Hors intersection,Normale,Deux véhicules - côté,,,,,,,,,,,1,2,1,1,3.0
201600024372,0016-11-28 16:45:00,16,11,28,16,45,330,192,34R.BEAUSOLEIL/R.SERPOLE,44.7592,-0.63018,Plein jour,En agglomération,Intersection en T,Normale,Deux véhicules - côté,,,,,,,,,,,1,2,3,1,3.0
201600024373,0016-11-30 07:15:00,16,11,30,7,15,330,281,AVE DE LA SOMME,44.8288,-0.66453,Crépuscule ou aube,En agglomération,Intersection en X,Normale,Sans collision,,,,,,,,,,,2,2,2,1,7.0
201600024374,0016-11-30 12:00:00,16,11,30,12,0,330,249,VL VENANT DE MIREPORT,44.8798,-0.52432,Plein jour,En agglomération,Intersection en X,Normale,Autre collision,,,,,,,,,,,1,2,2,1,6.0
201600024375,0016-11-27 12:00:00,16,11,27,12,0,330,318,"4, RUE SAINT HUBERT",44.79243,-0.67103,Plein jour,En agglomération,Hors intersection,Normale,Deux véhicules - côté,,,,,,,,,,,1,2,1,1,3.0
201600024376,0016-11-29 18:00:00,16,11,29,18,0,330,63,AVE EMILE COUNORD,44.858,-0.57486,Plein jour,En agglomération,Intersection en T,Normale,Deux véhicules - côté,,,,,,,,,,,1,2,3,1,3.0
201600024377,0016-11-26 12:20:00,16,11,26,12,20,330,63,"22, AVE MARCEL DASSAULT",44.8804,-0.57309,Plein jour,En agglomération,Hors intersection,Normale,Autre collision,,,,,,,,,,,1,2,1,1,6.0
201600024378,0016-11-26 12:00:00,16,11,26,12,0,330,162,VLA:ANTOUNE>PINSAN,44.8764,-0.65197,Plein jour,En agglomération,Intersection en Y,Normale,Deux véhicules - côté,,,,,,,,,,,1,2,4,1,3.0
201600024379,0016-11-29 07:55:00,16,11,29,7,55,330,522,ALL PIERRE DE COUBERTIN,44.8015,-0.60174,Nuit avec éclairage allumé,En agglomération,Hors intersection,Normale,Deux véhicules - côté,,,,,,,,,,,5,2,1,1,3.0
201600024380,0016-11-29 20:15:00,16,11,29,20,15,330,522,"21, AVE MAL DE LATTRE DE",44.81232,-0.58748,Nuit avec éclairage allumé,En agglomération,Intersection en X,Normale,Deux véhicules - frontale,,,,,,,,,,,5,2,2,1,1.0
201600024381,0016-12-02 14:00:00,16,12,2,14,0,330,63,CROIX BLANCHE/SOULA,44.8451,-0.59187,Plein jour,En agglomération,Intersection en X,Normale,Deux véhicules - côté,,,,,,,,,,,1,2,2,1,3.0
201600024382,0016-12-03 23:05:00,16,12,3,23,5,330,63,"71-73, QUAI DE BACALAN",44.85939,-0.55483,Nuit avec éclairage allumé,En agglomération,Hors intersection,Normale,Deux véhicules - côté,,,,,,,,,,,5,2,1,1,3.0
201600024383,0016-11-25 17:45:00,16,11,25,17,45,330,281,19RUEJ.TESTAUD/A.GOMBERT,44.8153,-0.62751,Nuit avec éclairage non allumé,En agglomération,Intersection en X,Pluie légère,Deux véhicules - côté,,,,,,,,,,,4,2,2,2,3.0
201600024384,0016-12-05 14:50:00,16,12,5,14,50,330,63,RUE PAUL CAMELLE,44.84183,-0.55553,Plein jour,En agglomération,Intersection en X,Normale,Deux véhicules - côté,,,,,,,,,,,1,2,2,1,3.0
201600024385,0016-12-06 07:35:00,16,12,6,7,35,330,63,AV EYSINES /J.J.ROUSSEAU,44.864,-0.6201,Plein jour,En agglomération,Intersection en T,Normale,Deux véhicules - côté,,,,,,,,,,,1,2,3,1,3.0
201600024386,0016-12-05 17:25:00,16,12,5,17,25,330,63,ALL DE BOUTAUT,44.8756,-0.57674,Nuit avec éclairage allumé,En agglomération,Intersection en T,Normale,Trois véhicules et plus - collisions multiples,,,,,,,,,,,5,2,3,1,5.0
201600024387,0016-11-30 16:45:00,16,11,30,16,45,330,281,"188, AVE DE L'ARGONNE",44.81894,-0.69877,Plein jour,En agglomération,Hors intersection,Normale,Autre collision,,,,,,,,,,,1,2,1,1,6.0
201600024388,0016-11-30 19:35:00,16,11,30,19,35,330,318,AVE ARAGO/RUE KRUGER,44.7955,-0.64249,Nuit avec éclairage allumé,En agglomération,Intersection en Y,Normale,Deux véhicules - côté,,,,,,,,,,,5,2,4,1,3.0
201600024389,0016-12-02 18:40:00,16,12,2,18,40,330,200,"86, AVE PASTEUR",44.86866,-0.67157,Nuit avec éclairage allumé,En agglomération,Intersection en Y,Normale,Autre collision,,,,,,,,,,,5,2,4,1,6.0
201600024390,0016-12-06 20:10:00,16,12,6,20,10,330,63,BD DE L'ENTRE DEUX MERS,44.84662,-0.53748,Nuit avec éclairage allumé,En agglomération,Autre intersection,Normale,Deux véhicules - arrière,,,,,,,,,,,5,2,9,1,2.0
201600024391,0016-12-02 08:00:00,16,12,2,8,0,330,318,PDT J.F.KENNEDY/M.GANDHI,44.7958,-0.67249,Plein jour,En agglomération,Intersection en Y,Normale,Deux véhicules - côté,,,,,,,,,,,1,2,4,1,3.0
201600024392,0016-12-01 08:40:00,16,12,1,8,40,330,318,AVE DU DOCTEUR NANCEL PE,44.81087,-0.6206,Plein jour,En agglomération,Intersection en T,Normale,Autre collision,,,,,,,,,,,1,2,3,1,6.0
201600024393,0016-12-06 07:30:00,16,12,6,7,30,330,63,"88, BD MARECHAL LECLERC",44.82967,-0.59567,Crépuscule ou aube,En agglomération,Hors intersection,Normale,Deux véhicules - côté,,,,,,,,,,,2,2,1,1,3.0
201600024394,0016-12-07 20:10:00,16,12,7,20,10,330,63,"1, QUAI DE LA MONNAIE",44.83347,-0.56157,Nuit avec éclairage allumé,En agglomération,Intersection en T,Normale,Deux véhicules - côté,,,,,,,,,,,5,2,3,1,3.0
201600024395,0016-12-07 07:45:00,16,12,7,7,45,330,63,200MARNE/STVINCENTPAUL,44.8277,-0.55866,Crépuscule ou aube,En agglomération,Intersection en X,Normale,Deux véhicules - arrière,,,,,,,,,,,2,2,2,1,2.0
201600024396,0016-12-07 22:15:00,16,12,7,22,15,330,162,HIPPODROME/P.TRIAT/MEDOC,44.8767,-0.62214,Nuit avec éclairage allumé,Hors agglomération,Intersection en X,Normale,Deux véhicules - frontale,,,,,,,,,,,5,1,2,1,1.0
201600024397,0016-12-08 14:00:00,16,12,8,14,0,330,63,"185, CRS DU MEDOC",44.86491,-0.57464,Plein jour,En agglomération,Hors intersection,Normale,Deux véhicules - côté,,,,,,,,,,,1,2,1,1,3.0
201600024398,0016-12-08 21:30:00,16,12,8,21,30,330,63,BD DU PRESIDENT WILSON,44.84021,-0.59937,Nuit avec éclairage allumé,En agglomération,Intersection en X,Normale,Autre collision,,,,,,,,,,,5,2,2,1,6.0
201600024399,0016-12-08 14:07:00,16,12,8,14,7,330,63,"277, CRS DE LA SOMME",44.81939,-0.57235,Plein jour,En agglomération,Autre intersection,Normale,Autre collision,,,,,,,,,,,1,2,9,1,6.0
201600024400,0016-11-07 00:30:00,16,11,7,0,30,330,63,"176, RUE DE LA BENAUGE",44.84088,-0.54958,Nuit avec éclairage allumé,En agglomération,Intersection en T,Normale,Deux véhicules - côté,,,,,,,,,,,5,2,3,1,3.0
201600024401,0016-12-10 19:10:00,16,12,10,19,10,330,63,"114, RUE GEORGES BONNAC",44.83902,-0.58798,Nuit avec éclairage allumé,En agglomération,Hors intersection,Normale,Deux véhicules - arrière,,,,,,,,,,,5,2,1,1,2.0
201600024402,0016-11-29 07:25:00,16,11,29,7,25,330,281,PDT J.F.KENNEDY/PERRIN,44.8345,-0.67117,Nuit avec éclairage allumé,En agglomération,Autre intersection,Normale,Deux véhicules - frontale,,,,,,,,,,,5,2,9,1,1.0
201600024403,0016-12-10 19:25:00,16,12,10,19,25,330,63,BD DU PDT FRANKLIN ROOSE,44.81478,-0.57288,Nuit avec éclairage allumé,En agglomération,Intersection en X,Normale,Trois véhicules et plus - en chaîne,,,,,,,,,,,5,2,2,1,4.0
201600024404,0016-12-09 06:30:00,16,12,9,6,30,330,281,DASSAULT (AVE MARCEL),44.84666,-0.7195,Nuit avec éclairage allumé,En agglomération,Giratoire,Temps couvert,Deux véhicules - arrière,,,,,,,,,,,5,2,6,8,2.0
201600024405,0016-12-10 02:10:00,16,12,10,2,10,330,63,RUE LA SEIGLIERE,44.82463,-0.54997,Nuit avec éclairage allumé,En agglomération,Intersection en T,Brouillard / fumée,Deux véhicules - frontale,,,,,,,,,,,5,2,3,5,1.0
201600024406,0016-12-10 15:50:00,16,12,10,15,50,330,63,"53, CRS ARISTIDE BRIAND",44.83166,-0.57645,Plein jour,En agglomération,Hors intersection,Normale,Deux véhicules - arrière,,,,,,,,,,,1,2,1,1,2.0
201600024407,0016-12-12 08:10:00,16,12,12,8,10,330,63,"45, RUE SOUBIRAS CAUD",44.85988,-0.61944,Plein jour,En agglomération,Intersection en T,Normale,Deux véhicules - arrière,,,,,,,,,,,1,2,3,1,2.0
201600024408,0016-12-09 16:40:00,16,12,9,16,40,330,63,PESSAC (RUE DE),44.82565,-0.58878,Plein jour,En agglomération,Intersection en T,Normale,Deux véhicules - frontale,,,,,,,,,,,1,2,3,1,1.0
201600024409,0016-12-12 11:45:00,16,12,12,11,45,330,63,BUS MASQUE LE FEU ROUGE,44.8212,-0.56582,Plein jour,En agglomération,Intersection en X,Normale,Deux véhicules - frontale,,,,,,,,,,,1,2,2,1,1.0
201600024410,0016-12-10 16:00:00,16,12,10,16,0,330,63,QUAI RICHELIEU,44.8401,-0.5689,Plein jour,En agglomération,Intersection en T,Normale,Autre collision,,,,,,,,,,,1,2,3,1,6.0
201600024411,0016-11-09 16:15:00,16,11,9,16,15,330,63,RUE PASTEUR/ETCHENIQUE,44.8453,-0.61535,Plein jour,En agglomération,Intersection en X,Pluie légère,Deux véhicules - côté,,,,,,,,,,,1,2,2,2,3.0
201600024412,0016-12-10 03:35:00,16,12,10,3,35,330,318,RUE DE COMPOSTELLE,44.79346,-0.6075,Nuit avec éclairage allumé,En agglomération,Intersection en Y,Brouillard / fumée,Autre collision,,,,,,,,,,,5,2,4,5,6.0
201600024413,0016-12-11 21:10:00,16,12,11,21,10,330,63,PCE BIR HAKEIM,44.83651,-0.56572,Nuit avec éclairage allumé,En agglomération,Place,Normale,Deux véhicules - côté,,,,,,,,,,,5,2,7,1,3.0
201600024414,0016-12-08 12:35:00,16,12,8,12,35,330,119,"1, AVE CARNOT",44.85752,-0.53157,Plein jour,En agglomération,Hors intersection,Normale,Trois véhicules et plus - collisions multiples,,,,,,,,,,,1,2,1,1,5.0
201600024415,0016-12-14 18:30:00,16,12,14,18,30,330,63,"119, RUE DE BEGLES",44.82484,-0.5665,Nuit avec éclairage allumé,En agglomération,Intersection en T,Normale,Deux véhicules - côté,,,,,,,,,,,5,2,3,1,3.0
201600024416,0016-12-14 18:15:00,16,12,14,18,15,330,63,QUAI DES QUEYRIES,44.84385,-0.56425,Nuit avec éclairage allumé,En agglomération,Intersection en Y,Normale,Deux véhicules - côté,,,,,,,,,,,5,2,4,1,3.0
201600024417,0016-12-03 00:40:00,16,12,3,0,40,330,162,ROCADE EXTERIEURE,44.88011,-0.62764,Nuit avec éclairage allumé,En agglomération,Intersection en X,Normale,Deux véhicules - côté,,,,,,,,,,,5,2,2,1,3.0
201600024418,0016-12-13 12:20:00,16,12,13,12,20,330,63,TOULOUSE (RTE DE),44.81317,-0.57329,Plein jour,En agglomération,Intersection en T,Normale,Deux véhicules - côté,,,,,,,,,,,1,2,3,1,3.0
201600024419,0016-12-13 17:30:00,16,12,13,17,30,330,281,CHEM DE LA PROCESSION,44.82238,-0.69092,Crépuscule ou aube,En agglomération,Intersection en Y,Normale,Deux véhicules - frontale,,,,,,,,,,,2,2,4,1,1.0
201600024420,0016-12-13 14:20:00,16,12,13,14,20,330,63,VLB VENANT DU RDPT LEROY,44.8819,-0.5639,Plein jour,En agglomération,Hors intersection,Normale,Deux véhicules - côté,,,,,,,,,,,1,2,1,1,3.0
201600024421,0016-12-09 11:10:00,16,12,9,11,10,330,249,AVE DE PARIS,44.8773,-0.51039,Plein jour,En agglomération,Hors intersection,Normale,Deux véhicules - frontale,,,,,,,,,,,1,2,1,1,1.0
201600024422,0016-12-09 21:00:00,16,12,9,21,0,330,249,COTE DE LA GARONNE,44.8853,-0.51826,Nuit avec éclairage allumé,En agglomération,Intersection en X,Normale,Deux véhicules - côté,,,,,,,,,,,5,2,2,1,3.0
201600024423,0016-12-14 15:10:00,16,12,14,15,10,330,63,AVE DE LABARDE/GOLF,44.9068,-0.55578,Plein jour,En agglomération,Intersection en T,Normale,Deux véhicules - arrière,,,,,,,,,,,1,2,3,1,2.0
201600024424,0016-12-13 13:45:00,16,12,13,13,45,330,119,"17, CRS VICTOR HUGO",44.85576,-0.53217,Plein jour,En agglomération,Autre intersection,Normale,Autre collision,,,,,,,,,,,1,2,9,1,6.0
201600024425,0016-12-15 17:20:00,16,12,15,17,20,330,39,"124, TOULOUSE (RTE DE)",44.80938,-0.57395,Nuit avec éclairage allumé,En agglomération,Intersection en X,Normale,Deux véhicules - côté,,,,,,,,,,,5,2,2,1,3.0
201600024426,0016-12-12 18:30:00,16,12,12,18,30,330,13,AVE DU TECHENEY,44.87266,-0.48287,Crépuscule ou aube,En agglomération,Hors intersection,Normale,Deux véhicules - côté,,,,,,,,,,,2,2,1,1,3.0
201600024427,0016-12-09 18:00:00,16,12,9,18,0,330,162,"127, AVE DU TAILLAN-MEDO",44.8781,-0.64444,Nuit avec éclairage allumé,En agglomération,Hors intersection,Normale,Deux véhicules - côté,,,,,,,,,,,5,2,1,1,3.0
201600024428,0016-02-21 05:00:00,16,2,21,5,0,330,63,PARKING TOURNY,44.8441,-0.57644,Nuit avec éclairage allumé,En agglomération,Hors intersection,Normale,Autre collision,,,,,,,,,,,5,2,1,1,6.0
201600024429,0016-12-16 19:00:00,16,12,16,19,0,330,63,"122, RUE STEHELIN CAUD",44.8565,-0.62961,Nuit avec éclairage allumé,En agglomération,Intersection en X,Normale,Deux véhicules - frontale,,,,,,,,,,,5,2,2,1,1.0
201600024430,0016-12-16 19:05:00,16,12,16,19,5,330,63,AVE CARNOT CAUD,44.85155,-0.59693,Plein jour,En agglomération,Intersection en T,Normale,Autre collision,,,,,,,,,,,1,2,3,1,6.0