accident_id,datetime,annee,mois,jour,heure,minute,departement,commune_insee,adresse,latitude,longitude,luminosite,agglomeration,intersection,meteo,collision,nb_vehicules,nb_usagers,nb_indemnes,nb_tues,nb_blesses_hosp,nb_blesses_legers,age_cond_1,age_cond_2,veh_type_cond_1,veh_type_cond_2,lum_code,agg_code,int_code,atm_code,col_code
201600024431,0016-12-17 17:20:00,16,12,17,17,20,330,63,VLA>LORMONT-VLB>PNTSTJEA,44.8363,-0.55013,Nuit avec éclairage allumé,En agglomération,Intersection en Y,Normale,Deux véhicules - côté,,,,,,,,,,,5,2,4,1,3.0
201600024432,0016-12-14 08:00:00,16,12,14,8,0,330,281,VL.A >MAL FOCH,44.8257,-0.62813,Crépuscule ou aube,En agglomération,Intersection en X,Temps éblouissant,Deux véhicules - frontale,,,,,,,,,,,2,2,2,7,1.0
201600024433,0016-12-15 13:00:00,16,12,15,13,0,330,281,AVE DE LA LIBERATION,44.85251,-0.64519,Plein jour,En agglomération,Autre intersection,Normale,Deux véhicules - côté,,,,,,,,,,,1,2,9,1,3.0
201600024434,0016-12-19 15:50:00,16,12,19,15,50,330,63,VL.A:TOULOUSE>BARPESSAC,44.8148,-0.57263,Plein jour,En agglomération,Intersection en X,Normale,Deux véhicules - frontale,,,,,,,,,,,1,2,2,1,1.0
201600024435,0016-12-19 18:30:00,16,12,19,18,30,330,63,RUE MOUNEYRA/BELLEVILLE,44.8329,-0.58415,Nuit avec éclairage allumé,En agglomération,Intersection en X,Normale,Deux véhicules - côté,,,,,,,,,,,5,2,2,1,3.0
201600024436,0016-12-16 10:05:00,16,12,16,10,5,330,13,Av du Périgord,44.8655,-0.47255,Plein jour,En agglomération,Hors intersection,Normale,Deux véhicules - côté,,,,,,,,,,,1,2,1,1,3.0
201600024437,0016-12-16 18:00:00,16,12,16,18,0,330,249,RUE MICHEL MONTAIGNE,44.87473,-0.51547,Nuit avec éclairage allumé,Hors agglomération,Intersection en T,Normale,Autre collision,,,,,,,,,,,5,1,3,1,6.0
201600024438,0016-12-14 18:20:00,16,12,14,18,20,330,550,STIEGIR-BRIDGENDBARRET,44.7784,-0.56997,Nuit avec éclairage allumé,En agglomération,Hors intersection,Normale,Deux véhicules - côté,,,,,,,,,,,5,2,1,1,3.0
201600024439,0016-12-16 17:45:00,16,12,16,17,45,330,200,JUSTE AVT GIR 5CHNS,44.8616,-0.69587,Nuit avec éclairage allumé,En agglomération,Hors intersection,Normale,Deux véhicules - arrière,,,,,,,,,,,5,2,1,1,2.0
201600024440,0016-12-20 18:20:00,16,12,20,18,20,330,63,RUE SUFFREN/PL R.MARAN,44.8755,-0.55355,Plein jour,En agglomération,Giratoire,Normale,Autre collision,,,,,,,,,,,1,2,6,1,6.0
201600024441,0016-12-21 21:40:00,16,12,21,21,40,330,63,BD GODARD/M.BERTHELOT,44.8648,-0.57869,Nuit avec éclairage allumé,En agglomération,Intersection en Y,Pluie légère,Deux véhicules - frontale,,,,,,,,,,,5,2,4,2,1.0
201600024442,0016-12-10 19:35:00,16,12,10,19,35,330,318,AVE GUSTAVE EIFFEL,44.78068,-0.65126,Nuit avec éclairage allumé,En agglomération,Hors intersection,Normale,Autre collision,,,,,,,,,,,5,2,1,1,6.0
201600024443,0016-12-21 21:30:00,16,12,21,21,30,330,63,"62, RUE DE CANOLLE",44.82719,-0.60171,Nuit avec éclairage allumé,En agglomération,Giratoire,Pluie légère,Deux véhicules - arrière,,,,,,,,,,,5,2,6,2,2.0
201600024444,0016-12-22 21:40:00,16,12,22,21,40,330,63,QUAI DES CHARTRONS,44.85289,-0.56734,Nuit avec éclairage allumé,En agglomération,Hors intersection,Pluie légère,Deux véhicules - arrière,,,,,,,,,,,5,2,1,2,2.0
201600024445,0016-12-20 17:00:00,16,12,20,17,0,330,119,RUE DU 8 MAI 1945,44.8523,-0.5142,Plein jour,En agglomération,Intersection en T,Normale,Autre collision,,,,,,,,,,,1,2,3,1,6.0
201600024446,0016-12-19 14:10:00,16,12,19,14,10,330,318,"27, AV HAUT LEVEQUE",44.7968,-0.6617,Plein jour,En agglomération,Hors intersection,Normale,Deux véhicules - côté,,,,,,,,,,,1,2,1,1,3.0
201600024447,0016-12-15 16:45:00,16,12,15,16,45,330,281,AVE DE LA MARNE,44.83795,-0.61652,Crépuscule ou aube,En agglomération,Intersection en X,Normale,Autre collision,,,,,,,,,,,2,2,2,1,6.0
201600024448,0016-12-22 19:30:00,16,12,22,19,30,330,63,RUE MOUNEYRA,44.83293,-0.58414,Nuit avec éclairage allumé,En agglomération,Intersection en X,Normale,Deux véhicules - côté,,,,,,,,,,,5,2,2,1,3.0
201600024449,0016-12-21 14:45:00,16,12,21,14,45,330,550,AVE DES PYRENEES,44.77365,-0.56464,Plein jour,En agglomération,Hors intersection,Normale,Sans collision,,,,,,,,,,,1,2,1,1,7.0
201600024450,0016-12-17 00:10:00,16,12,17,0,10,330,75,AV CH. GAULLE/TERREFORT,44.8882,-0.61045,Nuit avec éclairage allumé,En agglomération,Intersection en T,Normale,Deux véhicules - frontale,,,,,,,,,,,5,2,3,1,1.0
201600024451,0016-12-24 00:16:00,16,12,24,0,16,330,63,"257, RUE D'ORNANO",44.83211,-0.59626,Nuit avec éclairage allumé,En agglomération,Hors intersection,Normale,Autre collision,,,,,,,,,,,5,2,1,1,6.0
201600024452,0016-12-23 17:40:00,16,12,23,17,40,330,281,VLB: MASARYCK>PCEJAURES,44.8515,-0.64448,Nuit avec éclairage allumé,En agglomération,Intersection en T,Normale,Deux véhicules - arrière,,,,,,,,,,,5,2,3,1,2.0
201600024453,0016-12-27 21:35:00,16,12,27,21,35,330,63,PCE MARTYRS RESISTANCE C,44.84196,-0.58456,Nuit avec éclairage allumé,En agglomération,Autre intersection,Normale,Deux véhicules - côté,,,,,,,,,,,5,2,9,1,3.0
201600024454,0016-12-21 15:40:00,16,12,21,15,40,330,167,R.J.MIRO/R.P.CURIE,44.837,-0.53677,Plein jour,En agglomération,Intersection en X,Normale,Deux véhicules - côté,,,,,,,,,,,1,2,2,1,3.0
201600024455,0016-12-19 16:45:00,16,12,19,16,45,330,39,RUE DES FRERES LUMIERE,44.79445,-0.53263,Crépuscule ou aube,En agglomération,Hors intersection,Normale,Sans collision,,,,,,,,,,,2,2,1,1,7.0
201600024456,0016-12-23 21:25:00,16,12,23,21,25,330,63,"156, RUE JULES FERRY CAU",44.84401,-0.60914,Nuit avec éclairage allumé,En agglomération,Hors intersection,Pluie légère,Deux véhicules - côté,,,,,,,,,,,5,2,1,2,3.0
201600024457,0016-12-28 09:50:00,16,12,28,9,50,330,63,RUE DE MACAU,44.85602,-0.58863,Plein jour,En agglomération,Intersection en X,Normale,Deux véhicules - côté,,,,,,,,,,,1,2,2,1,3.0
201600024458,0016-12-23 18:15:00,16,12,23,18,15,330,63,"195, AVE LOUIS BARTHOU C",44.85251,-0.61706,Nuit avec éclairage allumé,En agglomération,Intersection en X,Normale,Sans collision,,,,,,,,,,,5,2,2,1,7.0
201600024459,0016-12-23 13:55:00,16,12,23,13,55,330,63,BD DU PRESIDENT WILSON,44.84821,-0.59768,Plein jour,En agglomération,Intersection en X,Temps couvert,Autre collision,,,,,,,,,,,1,2,2,8,6.0
201600024460,0016-12-29 07:00:00,16,12,29,7,0,330,63,CRS CHARLES BRICAUD,44.88792,-0.55984,Crépuscule ou aube,En agglomération,Giratoire,Brouillard / fumée,Deux véhicules - côté,,,,,,,,,,,2,2,6,5,3.0
201600024461,0016-12-23 13:30:00,16,12,23,13,30,330,63,CRS DE LA MARNE,44.83071,-0.57196,Plein jour,En agglomération,Intersection en T,Normale,Deux véhicules - côté,,,,,,,,,,,1,2,3,1,3.0
201600024462,0016-09-23 15:30:00,16,9,23,15,30,490,355,La gare,47.13516,-0.81253,Plein jour,Hors agglomération,Hors intersection,Normale,Deux véhicules - côté,,,,,,,,,,,1,1,1,1,3.0
201600024463,0016-06-01 15:00:00,16,6,1,15,0,180,272,,47.27,2.735,Plein jour,Hors agglomération,Intersection en X,Normale,Deux véhicules - frontale,,,,,,,,,,,1,1,2,1,1.0
201600024464,0016-07-20 14:45:00,16,7,20,14,45,180,32,rond point des fouchards,47.41091,2.89594,Plein jour,En agglomération,Hors intersection,Normale,Deux véhicules - côté,,,,,,,,,,,1,2,1,1,3.0
201600024465,0016-01-07 11:00:00,16,1,7,11,0,60,161,RD 6098,,,Plein jour,En agglomération,Hors intersection,Normale,Deux véhicules - côté,,,,,,,,,,,1,2,1,1,3.0
201600024466,0016-02-14 15:30:00,16,2,14,15,30,60,161,,,,Plein jour,En agglomération,Autre intersection,Normale,Deux véhicules - frontale,,,,,,,,,,,1,2,9,1,1.0
201600024467,0016-03-25 10:00:00,16,3,25,10,0,60,44,855 route cagnes,,,Plein jour,En agglomération,Hors intersection,Normale,Sans collision,,,,,,,,,,,1,2,1,1,7.0
201600024468,0016-03-14 06:45:00,16,3,14,6,45,60,44,,,,Crépuscule ou aube,Hors agglomération,Hors intersection,Normale,Sans collision,,,,,,,,,,,2,1,1,1,7.0
201600024469,0016-05-02 21:45:00,16,5,2,21,45,60,161,rn 6007,,,Nuit avec éclairage allumé,En agglomération,Hors intersection,Normale,Deux véhicules - côté,,,,,,,,,,,5,2,1,1,3.0
201600024470,0016-04-26 13:00:00,16,4,26,13,0,60,161,473 route du bord de mer,,,Plein jour,En agglomération,Autre intersection,Normale,Deux véhicules - frontale,,,,,,,,,,,1,2,9,1,1.0
201600024471,0016-05-25 15:45:00,16,5,25,15,45,60,44,730 chemin du defoussat,,,Plein jour,En agglomération,Hors intersection,Normale,Deux véhicules - frontale,,,,,,,,,,,1,2,1,1,1.0
201600024472,0016-06-03 18:30:00,16,6,3,18,30,60,161,RD6007,,,Plein jour,En agglomération,Hors intersection,Normale,Trois véhicules et plus - en chaîne,,,,,,,,,,,1,2,1,1,4.0
201600024473,0016-06-08 13:30:00,16,6,8,13,30,60,161,RD 6007,,,Plein jour,En agglomération,Autre intersection,Normale,Deux véhicules - frontale,,,,,,,,,,,1,2,9,1,1.0
201600024474,0016-06-15 17:15:00,16,6,15,17,15,60,161,583 avenue de la mer,,,Plein jour,En agglomération,Hors intersection,Normale,Deux véhicules - frontale,,,,,,,,,,,1,2,1,1,1.0
201600024475,0016-06-17 17:45:00,16,6,17,17,45,60,161,,,,Plein jour,Hors agglomération,Hors intersection,Normale,Autre collision,,,,,,,,,,,1,1,1,1,6.0
201600024476,0016-06-30 11:45:00,16,6,30,11,45,60,44,,,,Plein jour,Hors agglomération,Hors intersection,Normale,Autre collision,,,,,,,,,,,1,1,1,1,6.0
201600024477,0016-06-28 17:00:00,16,6,28,17,0,60,161,rond point du mardaric,,,Crépuscule ou aube,En agglomération,Giratoire,Normale,Deux véhicules - côté,,,,,,,,,,,2,2,6,1,3.0
201600024478,0016-07-11 19:30:00,16,7,11,19,30,60,161,,,,Plein jour,Hors agglomération,Hors intersection,Normale,Autre collision,,,,,,,,,,,1,1,1,1,6.0
201600024479,0016-07-13 20:00:00,16,7,13,20,0,60,161,,,,Plein jour,Hors agglomération,Hors intersection,Normale,Deux véhicules - frontale,,,,,,,,,,,1,1,1,1,1.0
201600024480,0016-08-13 14:00:00,16,8,13,14,0,60,161,RD6007,,,Plein jour,En agglomération,Hors intersection,Normale,Deux véhicules - frontale,,,,,,,,,,,1,2,1,1,1.0
201600024481,0016-09-01 20:15:00,16,9,1,20,15,60,161,,,,Nuit sans éclairage public,Hors agglomération,Hors intersection,Normale,Trois véhicules et plus - collisions multiples,,,,,,,,,,,3,1,1,1,5.0
201600024482,0016-09-14 14:00:00,16,9,14,14,0,60,161,,,,Plein jour,Hors agglomération,Hors intersection,Normale,Deux véhicules - frontale,,,,,,,,,,,1,1,1,1,1.0
201600024483,0016-10-03 18:30:00,16,10,3,18,30,60,161,1966 Route Nationale 7,,,Plein jour,En agglomération,Hors intersection,Normale,Deux véhicules - frontale,,,,,,,,,,,1,2,1,1,1.0
201600024484,0016-10-14 12:45:00,16,10,14,12,45,60,161,1573 - D6007,43.6333,7.13416,Crépuscule ou aube,En agglomération,Intersection en T,Pluie forte,Deux véhicules - frontale,,,,,,,,,,,2,2,3,3,1.0
201600024485,0016-10-19 07:45:00,16,10,19,7,45,60,161,rd 6007,43.64272,7.13307,Crépuscule ou aube,En agglomération,Hors intersection,Normale,Autre collision,,,,,,,,,,,2,2,1,1,6.0
201600024486,0016-10-24 16:15:00,16,10,24,16,15,60,161,RD2085,43.65725,7.11688,Plein jour,Hors agglomération,Hors intersection,Normale,Sans collision,,,,,,,,,,,1,1,1,1,7.0
201600024487,0016-11-08 16:30:00,16,11,8,16,30,60,161,rd 2085,43.65817,7.105,Plein jour,Hors agglomération,Hors intersection,Normale,Trois véhicules et plus - collisions multiples,,,,,,,,,,,1,1,1,1,5.0
201600024488,0016-11-19 23:45:00,16,11,19,23,45,60,161,D6098,43.62775,7.1338,Nuit sans éclairage public,Hors agglomération,Hors intersection,Normale,Autre collision,,,,,,,,,,,3,1,1,1,6.0
201600024489,0016-11-26 16:50:00,16,11,26,16,50,60,44,98 route de cagnes,43.68428,7.10991,Crépuscule ou aube,En agglomération,Intersection en Y,Normale,Deux véhicules - côté,,,,,,,,,,,2,2,4,1,3.0
201600024490,0016-11-30 20:10:00,16,11,30,20,10,60,161,RD6007,43.64272,7.13307,Nuit avec éclairage allumé,En agglomération,Intersection en T,Normale,Deux véhicules - frontale,,,,,,,,,,,5,2,3,1,1.0
201600024491,0016-12-13 08:15:00,16,12,13,8,15,60,161,RD 2,43.64997,7.1307,Plein jour,En agglomération,Hors intersection,Normale,Deux véhicules - côté,,,,,,,,,,,1,2,1,1,3.0
201600024492,0016-01-12 11:20:00,16,1,12,11,20,340,3,"29,DE GAULLE (E14 A F15",43.31,3.47,Plein jour,En agglomération,Hors intersection,Normale,Autre collision,,,,,,,,,,,1,2,1,1,6.0
201600024493,0016-03-26 10:00:00,16,3,26,10,0,340,3,AUCUN ACCUEIL BON ACCUE,43.2873,3.50949,Plein jour,En agglomération,Hors intersection,Normale,Autre collision,,,,,,,,,,,1,2,1,1,6.0
201600024494,0016-04-02 18:15:00,16,4,2,18,15,340,3,"AUCUN, JANIN (G15 A K16",43.3,3.47,Plein jour,En agglomération,Intersection en X,Pluie légère,Deux véhicules - côté,,,,,,,,,,,1,2,2,2,3.0
201600024495,0016-06-13 11:00:00,16,6,13,11,0,340,3,ROCHELONGUE (H7 A L6,43.2988,3.4784,Plein jour,En agglomération,Hors intersection,Normale,Autre collision,,,,,,,,,,,1,2,1,1,6.0
201600024496,0016-04-08 19:00:00,16,4,8,19,0,340,3,RICHELIEU CENTRE (M10 ET,43.315,3.4715,Plein jour,En agglomération,Hors intersection,Normale,Deux véhicules - arrière,,,,,,,,,,,1,2,1,1,2.0
201600024497,0016-06-19 19:30:00,16,6,19,19,30,340,3,GENTILSHOMMES (H16 A L17,43.286,3.5134,Plein jour,En agglomération,Hors intersection,Normale,Deux véhicules - côté,,,,,,,,,,,1,2,1,1,3.0
201600024498,0016-07-11 18:25:00,16,7,11,18,25,340,3,SETE ( ROUTE),43.3077,3.49833,Plein jour,En agglomération,Hors intersection,Normale,Deux véhicules - frontale,,,,,,,,,,,1,2,1,1,1.0
201600024499,0016-07-12 15:15:00,16,7,12,15,15,340,3,RD612,43.294,3.5031,Plein jour,Hors agglomération,Hors intersection,Normale,Deux véhicules - côté,,,,,,,,,,,1,1,1,1,3.0
201600024500,0016-08-08 10:35:00,16,8,8,10,35,340,3,"AUCUN, ROCHELONGUE (G14",43.3031,3.47744,Plein jour,En agglomération,Hors intersection,Normale,Deux véhicules - côté,,,,,,,,,,,1,2,1,1,3.0
201600024501,0016-08-28 06:00:00,16,8,28,6,0,340,3,"AUCUN, RD612",43.2974,3.4731,Crépuscule ou aube,Hors agglomération,Hors intersection,Normale,Deux véhicules - côté,,,,,,,,,,,2,1,1,1,3.0
201600024502,0016-07-07 07:10:00,16,7,7,7,10,340,3,"0, KLEBER (G7 ET F13",43.3113,3.47052,Plein jour,En agglomération,Hors intersection,Normale,Autre collision,,,,,,,,,,,1,2,1,1,6.0
201600024503,0016-09-15 17:35:00,16,9,15,17,35,340,3,PRUNETTE (O11 A P11,43.3058,3.46912,Plein jour,En agglomération,Intersection en T,Normale,Deux véhicules - côté,,,,,,,,,,,1,2,3,1,3.0
201600024504,0016-06-05 16:20:00,16,6,5,16,20,340,3,TAMARISSIERE (G11 A O3,43.3047,3.45213,Plein jour,Hors agglomération,Hors intersection,Normale,Autre collision,,,,,,,,,,,1,1,1,1,6.0
201600024505,0016-09-23 21:30:00,16,9,23,21,30,340,3,GENTILSHOMMES (H16 A L17,43.28,3.51,Nuit avec éclairage allumé,En agglomération,Hors intersection,Normale,Autre collision,,,,,,,,,,,5,2,1,1,6.0
201600024506,0016-09-03 13:50:00,16,9,3,13,50,340,3,"AUCUN, SOLDATS (G18 A H1",43.29,3.51,Plein jour,En agglomération,Hors intersection,Normale,Deux véhicules - côté,,,,,,,,,,,1,2,1,1,3.0
201600024507,0016-10-06 21:15:00,16,10,6,21,15,340,3,JANIN (G15 A K16,43.3084,3.47623,Nuit avec éclairage allumé,En agglomération,Intersection en X,Normale,Deux véhicules - côté,,,,,,,,,,,5,2,2,1,3.0
201600024508,0016-09-10 05:25:00,16,9,10,5,25,340,3,"1, RD612",43.2949,3.50437,Nuit sans éclairage public,En agglomération,Hors intersection,Pluie légère,Sans collision,,,,,,,,,,,3,2,1,2,7.0
201600024509,0016-11-10 20:35:00,16,11,10,20,35,340,3,"12, TUILERIES (RUE DES)",43.3105,3.47531,Nuit avec éclairage allumé,En agglomération,Hors intersection,Normale,Deux véhicules - frontale,,,,,,,,,,,5,2,1,1,1.0
201600024510,0016-11-24 18:11:00,16,11,24,18,11,340,3,MONNET (K17 A K18,43.3,3.48,Nuit avec éclairage allumé,En agglomération,Giratoire,Normale,Deux véhicules - côté,,,,,,,,,,,5,2,6,1,3.0
201600024511,0016-12-13 07:05:00,16,12,13,7,5,340,3,BRESCOU (E14 A F14,43.3119,3.472,Nuit avec éclairage allumé,En agglomération,Intersection en T,Normale,Autre collision,,,,,,,,,,,5,2,3,1,6.0
201600024512,0016-01-06 08:30:00,16,1,6,8,30,340,32,ROUTE DEPARTEMENTALE NR.,43.3077,3.21212,Plein jour,Hors agglomération,Hors intersection,Normale,Sans collision,,,,,,,,,,,1,1,1,1,7.0
201600024513,0016-11-21 15:30:00,16,11,21,15,30,340,32,WILSON PRESIDENT (AV DU),43.3355,3.22713,Plein jour,Hors agglomération,Hors intersection,Normale,Sans collision,,,,,,,,,,,1,1,1,1,7.0
201600024514,0016-01-09 10:50:00,16,1,9,10,50,340,32,"NR, BALMAT JACQUES (RUE)",43.337,3.2528,Plein jour,En agglomération,Hors intersection,Normale,Sans collision,,,,,,,,,,,1,2,1,1,7.0
201600024515,0016-11-22 17:30:00,16,11,22,17,30,340,32,ROUTE DEPARTEMENTALE 612,43.3458,3.2562,Crépuscule ou aube,Hors agglomération,Hors intersection,Normale,Deux véhicules - côté,,,,,,,,,,,2,1,1,1,3.0
201600024516,0016-01-19 14:30:00,16,1,19,14,30,340,32,ROUTE DEPARTEMENTALE 612,43.3587,3.25029,Plein jour,Hors agglomération,Hors intersection,Normale,Deux véhicules - frontale,,,,,,,,,,,1,1,1,1,1.0
201600024517,0016-01-16 12:00:00,16,1,16,12,0,340,32,"0, FAURE EDGARD (RD.POIN",43.3605,3.24995,Plein jour,En agglomération,Giratoire,Normale,Deux véhicules - côté,,,,,,,,,,,1,2,6,1,3.0
201600024518,0016-01-29 14:00:00,16,1,29,14,0,340,32,VERDIER PIERRE (AV),43.3448,3.23435,Plein jour,En agglomération,Intersection en X,Normale,Sans collision,,,,,,,,,,,1,2,2,1,7.0
201600024519,0016-12-23 21:50:00,16,12,23,21,50,340,32,"NR, NOGUERES HENRI (RD P",43.35339,3.22503,Nuit avec éclairage allumé,Hors agglomération,Giratoire,Normale,Deux véhicules - côté,,,,,,,,,,,5,1,6,1,3.0
201600024520,0016-01-20 11:55:00,16,1,20,11,55,340,32,"4, TOURVENTOUSE (BOULEVA",43.343,3.20915,Plein jour,En agglomération,Autre intersection,Normale,Autre collision,,,,,,,,,,,1,2,9,1,6.0
201600024521,0016-02-05 13:20:00,16,2,5,13,20,340,32,"21, MARTYRS DE LA RESIST",43.3434,3.23333,Plein jour,En agglomération,Hors intersection,Temps éblouissant,Sans collision,,,,,,,,,,,1,2,1,7,7.0
201600024522,0016-02-13 17:20:00,16,2,13,17,20,340,32,ROUTE DEPARTEMENTALE 612,43.3503,3.25132,Plein jour,Hors agglomération,Hors intersection,Normale,Sans collision,,,,,,,,,,,1,1,1,1,7.0
201600024523,0016-02-10 07:30:00,16,2,10,7,30,340,336,BEREGOVOY (AVENUE PIERRE,43.3208,3.28415,Plein jour,En agglomération,Giratoire,Normale,Autre collision,,,,,,,,,,,1,2,6,1,6.0
201600024524,0016-02-12 07:40:00,16,2,12,7,40,340,32,"0, CADENAT JULES (BD)",43.3348,3.2607,Plein jour,En agglomération,Hors intersection,Normale,Sans collision,,,,,,,,,,,1,2,1,1,7.0
201600024525,0016-02-27 19:45:00,16,2,27,19,45,340,32,CHEMIN RURAL NR.13,43.3431,3.26138,Plein jour,Hors agglomération,Intersection en T,Normale,Deux véhicules - côté,,,,,,,,,,,1,1,3,1,3.0
201600024526,0016-03-27 05:20:00,16,3,27,5,20,340,32,MURVIEL (ROUTE DE),43.3238,2.60301,Nuit sans éclairage public,Hors agglomération,Hors intersection,Brouillard / fumée,Autre collision,,,,,,,,,,,3,1,1,5,6.0
201600024527,0016-03-24 14:10:00,16,3,24,14,10,340,32,"0, RD.154",43.3799,3.20294,Plein jour,Hors agglomération,Hors intersection,Normale,Sans collision,,,,,,,,,,,1,1,1,1,7.0
201600024528,0016-04-15 09:15:00,16,4,15,9,15,340,32,"0, DEVEZE (AV DE LA)",43.3312,3.24488,Plein jour,En agglomération,Hors intersection,Normale,Sans collision,,,,,,,,,,,1,2,1,1,7.0
201600024529,0016-03-28 05:30:00,16,3,28,5,30,340,32,"9, BEDARIEUX (ROUTE DE)",43.3561,3.22185,Nuit avec éclairage allumé,En agglomération,Hors intersection,Normale,Autre collision,,,,,,,,,,,5,2,1,1,6.0
201600024530,0016-04-15 07:50:00,16,4,15,7,50,340,32,"0, FAURE EDGARD (RD.POIN",43.3606,3.24964,Plein jour,En agglomération,Hors intersection,Normale,Sans collision,,,,,,,,,,,1,2,1,1,7.0
201600024531,0016-04-27 08:00:00,16,4,27,8,0,340,32,ROUTE DE MURVIEL (RD.19,43.3631,3.19123,Plein jour,Hors agglomération,Hors intersection,Normale,Sans collision,,,,,,,,,,,1,1,1,1,7.0
201600024532,0016-03-30 09:50:00,16,3,30,9,50,340,32,ROUTE DEPARTEMENTALE 612,43.3622,3.24516,Plein jour,Hors agglomération,Hors intersection,Normale,Deux véhicules - frontale,,,,,,,,,,,1,1,1,1,1.0
201600024533,0016-05-02 18:30:00,16,5,2,18,30,340,32,"1, CASERNES (RUE DES)",43.3388,3.21199,Plein jour,En agglomération,Hors intersection,Normale,Sans collision,,,,,,,,,,,1,2,1,1,7.0
201600024534,0016-05-10 19:50:00,16,5,10,19,50,340,32,"80/82, MISTRAL FREDERIC",43.3438,3.22063,Plein jour,En agglomération,Hors intersection,Normale,Deux véhicules - frontale,,,,,,,,,,,1,2,1,1,1.0
201600024535,0016-05-28 16:10:00,16,5,28,16,10,340,32,"0, CENTURIONS (ROND-POIN",43.3473,3.24417,Plein jour,En agglomération,Hors intersection,Normale,Sans collision,,,,,,,,,,,1,2,1,1,7.0
201600024536,0016-05-03 19:10:00,16,5,3,19,10,340,32,ROUTE DE BEDARIEUX (RD.9,43.3827,3.22552,Plein jour,Hors agglomération,Hors intersection,Normale,Deux véhicules - frontale,,,,,,,,,,,1,1,1,1,1.0
201600024537,0016-06-27 15:30:00,16,6,27,15,30,340,32,"36, SYLVESTRE NOEL (RUE)",43.351,3.22483,Plein jour,En agglomération,Hors intersection,Normale,Sans collision,,,,,,,,,,,1,2,1,1,7.0
201600024538,0016-06-29 12:00:00,16,6,29,12,0,340,32,"0, ROUTE DEPARTEMENTALE",43.3562,3.24987,Plein jour,Hors agglomération,Hors intersection,Normale,Trois véhicules et plus - en chaîne,,,,,,,,,,,1,1,1,1,4.0
201600024539,0016-07-08 13:39:00,16,7,8,13,39,340,336,"NR, BABEUF (RUE) Z.A ACT",43.3314,3.27068,Plein jour,En agglomération,Hors intersection,Normale,Deux véhicules - frontale,,,,,,,,,,,1,2,1,1,1.0
201600024540,0016-06-07 14:40:00,16,6,7,14,40,340,32,"0, GRAMME ZENOBE (RUE)",43.3477,3.25691,Plein jour,En agglomération,Hors intersection,Normale,Sans collision,,,,,,,,,,,1,2,1,1,7.0
201600024541,0016-07-21 05:00:00,16,7,21,5,0,340,32,"0, ROUTE DE CAPESTANG (R",43.333,3.15322,Nuit sans éclairage public,Hors agglomération,Hors intersection,Normale,Autre collision,,,,,,,,,,,3,1,1,1,6.0
201600024542,0016-07-31 04:20:00,16,7,31,4,20,340,32,SERIGNAN (ROUTE DE),43.3101,3.23371,Nuit sans éclairage public,Hors agglomération,Hors intersection,Normale,Autre collision,,,,,,,,,,,3,1,1,1,6.0
201600024543,0016-08-02 08:50:00,16,8,2,8,50,340,32,"9, ORNANO COLONEL D' (AV",43.3391,3.21078,Plein jour,En agglomération,Hors intersection,Normale,Deux véhicules - côté,,,,,,,,,,,1,2,1,1,3.0
201600024544,0016-07-05 02:10:00,16,7,5,2,10,340,32,"NR, AIN EMILE (SQUARE)",43.3382,3.20634,Nuit avec éclairage allumé,Hors agglomération,Hors intersection,Normale,Deux véhicules - côté,,,,,,,,,,,5,1,1,1,3.0
201600024545,0016-09-21 16:15:00,16,9,21,16,15,340,32,ROUTE DE PEZENAS (RN.113,43.3778,3.29632,Plein jour,Hors agglomération,Hors intersection,Normale,Trois véhicules et plus - collisions multiples,,,,,,,,,,,1,1,1,1,5.0
201600024546,0016-09-30 16:50:00,16,9,30,16,50,340,32,"58, VERDIER PIERRE (AV)",43.3451,3.23645,Plein jour,En agglomération,Hors intersection,Normale,Sans collision,,,,,,,,,,,1,2,1,1,7.0
201600024547,0016-11-01 10:00:00,16,11,1,10,0,340,32,"0, SIX NATIONS (ROND POI",43.3336,3.25083,Plein jour,En agglomération,Hors intersection,Normale,Sans collision,,,,,,,,,,,1,2,1,1,7.0
201600024548,0016-10-08 15:35:00,16,10,8,15,35,340,32,RENOIR AUGUSTE (RUE),43.3594,3.23495,Plein jour,En agglomération,Hors intersection,Temps éblouissant,Deux véhicules - côté,,,,,,,,,,,1,2,1,7,3.0
201600024549,0016-11-06 08:20:00,16,11,6,8,20,340,32,BADIE VINCENT (RD POINT),43.3475,3.25379,Plein jour,Hors agglomération,Hors intersection,Normale,Deux véhicules - arrière,,,,,,,,,,,1,1,1,1,2.0
201600024550,0016-11-09 23:30:00,16,11,9,23,30,340,32,"53, MARNE (AV DE LA)",43.3371,3.21532,Nuit avec éclairage allumé,En agglomération,Hors intersection,Autre,Deux véhicules - frontale,,,,,,,,,,,5,2,1,9,1.0
201600024551,0016-12-14 08:30:00,16,12,14,8,30,340,32,"0, CHICLANA (RUE DE)",43.3351,3.27153,Plein jour,En agglomération,Hors intersection,Normale,Deux véhicules - arrière,,,,,,,,,,,1,2,1,1,2.0
201600024552,0016-12-14 09:55:00,16,12,14,9,55,340,32,"0, CADENAT JULES (BD)",43.3365,3.25561,Plein jour,En agglomération,Hors intersection,Normale,Sans collision,,,,,,,,,,,1,2,1,1,7.0
201600024553,0016-12-17 11:15:00,16,12,17,11,15,340,32,"0, ROUTE DEPARTEMENTALE",43.3654,3.23148,Plein jour,En agglomération,Hors intersection,Normale,Trois véhicules et plus - collisions multiples,,,,,,,,,,,1,2,1,1,5.0