accident_id,datetime,annee,mois,jour,heure,minute,departement,commune_insee,adresse,latitude,longitude,luminosite,agglomeration,intersection,meteo,collision,nb_vehicules,nb_usagers,nb_indemnes,nb_tues,nb_blesses_hosp,nb_blesses_legers,age_cond_1,age_cond_2,veh_type_cond_1,veh_type_cond_2,lum_code,agg_code,int_code,atm_code,col_code
201600024793,0016-10-10 12:20:00,16,10,10,12,20,340,172,"127, BEJART (PASSAGE)",43.6189,3.82238,Plein jour,En agglomération,Hors intersection,Normale,Deux véhicules - arrière,,,,,,,,,,,1,2,1,1,2.0
201600024794,0016-10-12 17:00:00,16,10,12,17,0,340,172,GOSSEC (RUE FRANCOIS-JOS,43.5751,3.86496,Plein jour,En agglomération,Hors intersection,Normale,Deux véhicules - côté,,,,,,,,,,,1,2,1,1,3.0
201600024795,0016-10-12 23:35:00,16,10,12,23,35,340,172,"68, ASSAS (AVENUE D')",43.6172,3.86088,Nuit avec éclairage allumé,En agglomération,Hors intersection,Pluie forte,Autre collision,,,,,,,,,,,5,2,1,3,6.0
201600024796,0016-10-14 09:00:00,16,10,14,9,0,340,172,VANIERES (AVENUE DE),43.5958,3.84622,Plein jour,En agglomération,Intersection en X,Pluie légère,Deux véhicules - arrière,,,,,,,,,,,1,2,2,2,2.0
201600024797,0016-10-14 09:35:00,16,10,14,9,35,340,198,D21E,43.5527,3.96861,Plein jour,Hors agglomération,Hors intersection,Pluie forte,Deux véhicules - frontale,,,,,,,,,,,1,1,1,3,1.0
201600024798,0016-10-14 11:15:00,16,10,14,11,15,340,172,"850, LECLERC (AVENUE DU",43.5935,3.88619,Plein jour,En agglomération,Hors intersection,Pluie légère,Autre collision,,,,,,,,,,,1,2,1,2,6.0
201600024799,0016-10-14 22:34:00,16,10,14,22,34,340,129,"692, CARNON (ROUTE DE  D",43.5873,3.9164,Nuit sans éclairage public,En agglomération,Hors intersection,Normale,Deux véhicules - arrière,,,,,,,,,,,3,2,1,1,2.0
201600024800,0016-10-17 17:30:00,16,10,17,17,30,340,129,PALAVAS D986 (ROUTE DE),43.58807,3.89221,Plein jour,En agglomération,Hors intersection,Normale,Deux véhicules - côté,,,,,,,,,,,1,2,1,1,3.0
201600024801,0016-10-18 09:00:00,16,10,18,9,0,340,172,"536, JUSTICE DE CASTELNA",43.6263,3.87628,Plein jour,En agglomération,Hors intersection,Normale,Deux véhicules - arrière,,,,,,,,,,,1,2,1,1,2.0
201600024802,0016-10-18 18:30:00,16,10,18,18,30,340,172,"141, BRINGUIER (AVENUE P",43.6152,3.83981,Crépuscule ou aube,En agglomération,Hors intersection,Normale,Deux véhicules - arrière,,,,,,,,,,,2,2,1,1,2.0
201600024803,0016-10-19 19:30:00,16,10,19,19,30,340,172,"25, SAINT LAZARE (AVENUE",43.6262,3.8877,Nuit avec éclairage allumé,En agglomération,Hors intersection,Normale,Autre collision,,,,,,,,,,,5,2,1,1,6.0
201600024804,0016-10-23 17:30:00,16,10,23,17,30,340,172,"SANS, LIBERTE (AVENUE DE",43.6172,3.81997,Plein jour,En agglomération,Hors intersection,Temps couvert,Sans collision,,,,,,,,,,,1,2,1,8,7.0
201600024805,0016-10-24 08:30:00,16,10,24,8,30,340,172,"710, ALCO (RUE D'",43.6168,3.84047,Plein jour,En agglomération,Hors intersection,Normale,Autre collision,,,,,,,,,,,1,2,1,1,6.0
201600024806,0016-10-25 15:50:00,16,10,25,15,50,340,172,TELEMAQUE (BOULEVARD),43.6049,3.92598,Plein jour,En agglomération,Hors intersection,Normale,Deux véhicules - arrière,,,,,,,,,,,1,2,1,1,2.0
201600024807,0016-10-25 21:00:00,16,10,25,21,0,340,172,"100, PAVELET (AVENUE DU",43.5798,3.86905,Nuit avec éclairage allumé,En agglomération,Intersection en X,Temps couvert,Deux véhicules - côté,,,,,,,,,,,5,2,2,8,3.0
201600024808,0016-10-25 18:25:00,16,10,25,18,25,340,172,PAVELET (AVENUE DU COLON,43.587,3.85873,Plein jour,En agglomération,Hors intersection,Normale,Deux véhicules - arrière,,,,,,,,,,,1,2,1,1,2.0
201600024809,0016-10-28 23:00:00,16,10,28,23,0,340,172,"100, GIRAUD (AVENUE DU D",43.6363,3.84795,Nuit avec éclairage allumé,En agglomération,Intersection en X,Normale,Deux véhicules - côté,,,,,,,,,,,5,2,2,1,3.0
201600024810,0016-10-30 09:30:00,16,10,30,9,30,340,172,"., ALIZES (CARREFOUR DES",43.5972,3.87554,Plein jour,En agglomération,Hors intersection,Normale,Deux véhicules - arrière,,,,,,,,,,,1,2,1,1,2.0
201600024811,0016-10-31 14:45:00,16,10,31,14,45,340,172,LIBERTE (AVENUE DE LA,43.6115,3.82798,Plein jour,En agglomération,Hors intersection,Normale,Autre collision,,,,,,,,,,,1,2,1,1,6.0
201600024812,0016-10-31 17:00:00,16,10,31,17,0,340,198,D66  VOIE RAPIDE,43.5974,3.94002,Plein jour,Hors agglomération,Hors intersection,Normale,Sans collision,,,,,,,,,,,1,1,1,1,7.0
201600024813,0016-11-03 14:15:00,16,11,3,14,15,340,172,"8, FLAHAULT (AVENUE CHAR",43.6199,3.86531,Plein jour,En agglomération,Intersection en X,Normale,Deux véhicules - frontale,,,,,,,,,,,1,2,2,1,1.0
201600024814,0016-11-04 19:15:00,16,11,4,19,15,340,172,"82, CASTELNAU (AVENUE DE",43.6255,3.88871,Nuit avec éclairage allumé,En agglomération,Hors intersection,Pluie légère,Autre collision,,,,,,,,,,,5,2,1,2,6.0
201600024815,0016-11-04 19:20:00,16,11,4,19,20,340,172,"., BRASSENS (RUE GEORGES",43.5946,3.86391,Nuit avec éclairage allumé,En agglomération,Hors intersection,Pluie légère,Deux véhicules - côté,,,,,,,,,,,5,2,1,2,3.0
201600024816,0016-11-05 13:16:00,16,11,5,13,16,340,172,AGATHOIS (RUE DE L'),43.6305,3.82428,Plein jour,En agglomération,Intersection en X,Normale,Deux véhicules - côté,,,,,,,,,,,1,2,2,1,3.0
201600024817,0016-11-05 18:15:00,16,11,5,18,15,340,172,LIBERTE (AVENUE DE LA,43.605,3.86482,Nuit avec éclairage allumé,En agglomération,Hors intersection,Normale,Deux véhicules - arrière,,,,,,,,,,,5,2,1,1,2.0
201600024818,0016-11-05 21:00:00,16,11,5,21,0,340,172,"147, BRINGUIER (AVENUE P",43.6152,3.83998,Nuit avec éclairage allumé,En agglomération,Hors intersection,Normale,Sans collision,,,,,,,,,,,5,2,1,1,7.0
201600024819,0016-11-06 00:15:00,16,11,6,0,15,340,172,"10, HUGO (BOULEVARD VICT",43.6067,3.87814,Nuit avec éclairage allumé,En agglomération,Hors intersection,Normale,Sans collision,,,,,,,,,,,5,2,1,1,7.0
201600024820,0016-11-06 06:30:00,16,11,6,6,30,340,172,LOGE (RUE DE LA),43.6101,3.87729,Crépuscule ou aube,En agglomération,Intersection en T,Normale,Deux véhicules - côté,,,,,,,,,,,2,2,3,1,3.0
201600024821,0016-11-08 11:20:00,16,11,8,11,20,340,172,RAMBLA DES CALISSONS (RU,43.5827,3.85745,Plein jour,En agglomération,Autre intersection,Normale,Deux véhicules - frontale,,,,,,,,,,,1,2,9,1,1.0
201600024822,0016-11-08 19:55:00,16,11,8,19,55,340,172,"0, MENDES FRANCE (AVENUE",43.6031,3.93755,Nuit sans éclairage public,Hors agglomération,Hors intersection,Normale,Trois véhicules et plus - collisions multiples,,,,,,,,,,,3,1,1,1,5.0
201600024823,0016-11-11 10:45:00,16,11,11,10,45,340,172,"1358, MOULARES (CHEMIN D",43.5941,3.8901,Plein jour,En agglomération,Hors intersection,Normale,Autre collision,,,,,,,,,,,1,2,1,1,6.0
201600024824,0016-11-11 19:00:00,16,11,11,19,0,340,172,LIBERTE (AVENUE DE LA,43.61,3.83554,Nuit avec éclairage allumé,En agglomération,Hors intersection,Normale,Deux véhicules - côté,,,,,,,,,,,5,2,1,1,3.0
201600024825,0016-11-16 17:40:00,16,11,16,17,40,340,172,"0, JUSTICE DE CASTELNAU",43.6263,3.88596,Nuit avec éclairage allumé,En agglomération,Hors intersection,Normale,Deux véhicules - côté,,,,,,,,,,,5,2,1,1,3.0
201600024826,0016-11-17 12:15:00,16,11,17,12,15,340,172,"949, RAVAZ (AVENUE DU PR",43.6219,3.84552,Plein jour,En agglomération,Hors intersection,Normale,Autre collision,,,,,,,,,,,1,2,1,1,6.0
201600024827,0016-11-15 16:30:00,16,11,15,16,30,340,172,"., ARENES (ROND POINT DE",43.5891,3.8908,Plein jour,En agglomération,Hors intersection,Temps couvert,Deux véhicules - frontale,,,,,,,,,,,1,2,1,8,1.0
201600024828,0016-11-20 10:27:00,16,11,20,10,27,340,172,MEHUL (AVENUE ETIENNE),43.5766,3.86,Plein jour,En agglomération,Autre intersection,Pluie légère,Deux véhicules - frontale,,,,,,,,,,,1,2,9,2,1.0
201600024829,0016-11-20 10:00:00,16,11,20,10,0,340,172,CROIX CATELAN (RUE),43.6176,3.86925,Plein jour,Hors agglomération,Hors intersection,Temps couvert,Autre collision,,,,,,,,,,,1,1,1,8,6.0
201600024830,0016-11-21 19:30:00,16,11,21,19,30,340,172,"107, LODEVE (AVENUE DE",43.6105,3.85652,Nuit avec éclairage allumé,En agglomération,Hors intersection,Normale,Autre collision,,,,,,,,,,,5,2,1,1,6.0
201600024831,0016-11-22 14:10:00,16,11,22,14,10,340,172,"., BART (RUE JEAN)",43.6267,3.839,Plein jour,En agglomération,Hors intersection,Temps couvert,Autre collision,,,,,,,,,,,1,2,1,8,6.0
201600024832,0016-11-23 17:10:00,16,11,23,17,10,340,172,MAS ARGELLIERS (AVENUE D,43.5868,3.88927,Crépuscule ou aube,En agglomération,Hors intersection,Normale,Autre collision,,,,,,,,,,,2,2,1,1,6.0
201600024833,0016-11-24 08:10:00,16,11,24,8,10,340,172,"4, BOUISSON-BERTRAND (AV",43.6165,3.87438,Plein jour,En agglomération,Hors intersection,Pluie légère,Trois véhicules et plus - en chaîne,,,,,,,,,,,1,2,1,2,4.0
201600024834,0016-11-24 10:00:00,16,11,24,10,0,340,172,"40, FLAHAULT (AVENUE CHA",43.6231,3.8631,Plein jour,En agglomération,Hors intersection,Pluie légère,Autre collision,,,,,,,,,,,1,2,1,2,6.0
201600024835,0016-11-27 00:50:00,16,11,27,0,50,340,172,"SANS, LIBERTE (AVENUE DE",43.6088,3.85222,Nuit avec éclairage allumé,En agglomération,Hors intersection,Normale,Trois véhicules et plus - en chaîne,,,,,,,,,,,5,2,1,1,4.0
201600024836,0016-11-27 18:15:00,16,11,27,18,15,340,172,"838, SOULAS (AVENUE DU P",43.6203,3.85857,Nuit avec éclairage allumé,En agglomération,Hors intersection,Normale,Deux véhicules - côté,,,,,,,,,,,5,2,1,1,3.0
201600024837,0016-11-28 13:20:00,16,11,28,13,20,340,172,"183, PARGUEL (AVENUE ABB",43.6337,3.86019,Plein jour,En agglomération,Hors intersection,Normale,Autre collision,,,,,,,,,,,1,2,1,1,6.0
201600024838,0016-11-28 17:30:00,16,11,28,17,30,340,129,"SANS, SORIECH (CHEMIN DE",43.5831,3.92083,Plein jour,En agglomération,Hors intersection,Temps couvert,Deux véhicules - côté,,,,,,,,,,,1,2,1,8,3.0
201600024839,0016-12-03 19:30:00,16,12,3,19,30,340,172,"SANS, NERUDA (AVENUE PAB",43.6172,3.8203,Nuit avec éclairage allumé,En agglomération,Hors intersection,Normale,Trois véhicules et plus - collisions multiples,,,,,,,,,,,5,2,1,1,5.0
201600024840,0016-12-04 00:01:00,16,12,4,0,1,340,172,"0, INDUSTRIE (RUE DE L')",43.5852,3.88206,Nuit avec éclairage allumé,En agglomération,Intersection en X,Normale,Deux véhicules - côté,,,,,,,,,,,5,2,2,1,3.0
201600024841,0016-12-04 18:45:00,16,12,4,18,45,340,172,"., EUROPE (AVENUE DE L')",43.6228,3.81959,Nuit avec éclairage allumé,En agglomération,Hors intersection,Pluie légère,Deux véhicules - frontale,,,,,,,,,,,5,2,1,2,1.0
201600024842,0016-12-06 11:00:00,16,12,6,11,0,340,172,"., ZENITH (ROND-POINT DU",43.6083,3.93072,Plein jour,En agglomération,Hors intersection,Normale,Deux véhicules - côté,,,,,,,,,,,1,2,1,1,3.0
201600024843,0016-12-07 10:50:00,16,12,7,10,50,340,172,FONT FROIDE (RUE DE LA),43.6475,3.84296,Plein jour,En agglomération,Hors intersection,Normale,Deux véhicules - côté,,,,,,,,,,,1,2,1,1,3.0
201600024844,0016-12-09 01:05:00,16,12,9,1,5,340,172,LIBERTE (AVENUE DE LA,43.6115,3.82819,Nuit avec éclairage allumé,En agglomération,Intersection en T,Normale,Autre collision,,,,,,,,,,,5,2,3,1,6.0
201600024845,0016-12-08 19:50:00,16,12,8,19,50,340,172,"0, PAVELET (AVENUE DU CO",43.5852,3.85999,Nuit avec éclairage allumé,En agglomération,Intersection en X,Normale,Sans collision,,,,,,,,,,,5,2,2,1,7.0
201600024846,0016-12-09 17:45:00,16,12,9,17,45,340,172,"SANS, OBSERVATOIRE (BOUL",43.6062,3.87705,Nuit avec éclairage allumé,En agglomération,Hors intersection,Normale,Autre collision,,,,,,,,,,,5,2,1,1,6.0
201600024847,0016-12-10 17:15:00,16,12,10,17,15,340,172,"SANS, BONNES NOUVELLES (",43.6112,3.88066,Plein jour,En agglomération,Hors intersection,Normale,Autre collision,,,,,,,,,,,1,2,1,1,6.0
201600024848,0016-12-10 20:40:00,16,12,10,20,40,340,129,SORIECH (ROND POINT DE),43.5817,3.92121,Nuit avec éclairage allumé,En agglomération,Autre intersection,Normale,Autre collision,,,,,,,,,,,5,2,9,1,6.0
201600024849,0016-12-11 09:55:00,16,12,11,9,55,340,172,"., GOSSEC (RUE FRANCOIS-",43.5752,3.85521,Plein jour,En agglomération,Hors intersection,Normale,Deux véhicules - frontale,,,,,,,,,,,1,2,1,1,1.0
201600024850,0016-12-12 09:15:00,16,12,12,9,15,340,172,"126, HORTUS (RUE DE L')",43.6423,3.85921,Plein jour,En agglomération,Hors intersection,Normale,Autre collision,,,,,,,,,,,1,2,1,1,6.0
201600024851,0016-12-15 23:20:00,16,12,15,23,20,340,172,MONTASINOS (RUE DE,43.6261,3.82487,Nuit avec éclairage allumé,En agglomération,Intersection en T,Pluie légère,Deux véhicules - côté,,,,,,,,,,,5,2,3,2,3.0
201600024852,0016-12-08 14:50:00,16,12,8,14,50,340,172,"0, LAVERUNE (ROUTE DE",43.5982,3.8412,Plein jour,En agglomération,Hors intersection,Normale,Sans collision,,,,,,,,,,,1,2,1,1,7.0
201600024853,0016-12-16 14:15:00,16,12,16,14,15,340,172,"SANS, AGROPOLIS (AVENUE)",43.6441,3.87048,Plein jour,En agglomération,Hors intersection,Pluie légère,Deux véhicules - côté,,,,,,,,,,,1,2,1,2,3.0
201600024854,0016-12-16 18:10:00,16,12,16,18,10,340,172,"SANS, MENDES FRANCE (AVE",43.607,3.93272,Crépuscule ou aube,En agglomération,Hors intersection,Normale,Deux véhicules - arrière,,,,,,,,,,,2,2,1,1,2.0
201600024855,0016-12-17 11:35:00,16,12,17,11,35,340,172,"., ANTONELLI (AVENUE DU",43.5994,3.89099,Plein jour,En agglomération,Hors intersection,Normale,Deux véhicules - côté,,,,,,,,,,,1,2,1,1,3.0
201600024856,0016-12-18 02:08:00,16,12,18,2,8,340,172,"SANS, MOULARES (CHEMIN D",43.6002,3.89456,Nuit avec éclairage allumé,En agglomération,Intersection en X,Normale,Deux véhicules - côté,,,,,,,,,,,5,2,2,1,3.0
201600024857,0016-12-20 12:30:00,16,12,20,12,30,340,172,MAJOR FLANDRE (AVENUE DU,43.6287,3.87376,Plein jour,En agglomération,Hors intersection,Pluie légère,Deux véhicules - côté,,,,,,,,,,,1,2,1,2,3.0
201600024858,0016-12-20 13:55:00,16,12,20,13,55,340,129,"0, PALAVAS D986 (ROUTE D",43.5687,3.89562,Plein jour,Hors agglomération,Hors intersection,Pluie légère,Sans collision,,,,,,,,,,,1,1,1,2,7.0
201600024859,0016-12-22 14:00:00,16,12,22,14,0,340,172,"SANS, POMMESSARGUES (RUE",43.6188,3.91258,Plein jour,En agglomération,Hors intersection,Normale,Deux véhicules - arrière,,,,,,,,,,,1,2,1,1,2.0
201600024860,0016-12-23 10:30:00,16,12,23,10,30,340,172,"1153, ALCO (RUE D'",43.6207,3.83687,Plein jour,En agglomération,Hors intersection,Normale,Sans collision,,,,,,,,,,,1,2,1,1,7.0
201600024861,0016-12-23 12:00:00,16,12,23,12,0,340,172,"., AURIOL (AVENUE VINCEN",43.645,3.85217,Plein jour,En agglomération,Hors intersection,Normale,Deux véhicules - côté,,,,,,,,,,,1,2,1,1,3.0
201600024862,0016-12-29 01:12:00,16,12,29,1,12,340,172,", MICHELET (RUE)",43.6087,3.88264,Nuit avec éclairage allumé,En agglomération,Hors intersection,Normale,Autre collision,,,,,,,,,,,5,2,1,1,6.0
201600024863,0016-01-13 07:40:00,16,1,13,7,40,340,301,"21, VERDUN (BOULEVARD DE",43.4126,3.68442,Crépuscule ou aube,En agglomération,Hors intersection,Normale,Deux véhicules - arrière,,,,,,,,,,,2,2,1,1,2.0
201600024864,0016-02-07 19:20:00,16,2,7,19,20,340,301,"0, REVOLUTION (RUE DE LA",43.4084,3.69082,Nuit avec éclairage allumé,En agglomération,Intersection en T,Normale,Deux véhicules - côté,,,,,,,,,,,5,2,3,1,3.0
201600024865,0016-02-15 17:15:00,16,2,15,17,15,340,108,RD 612,43.445,3.76333,Plein jour,Hors agglomération,Hors intersection,Normale,Trois véhicules et plus - collisions multiples,,,,,,,,,,,1,1,1,1,5.0
201600024866,0016-02-20 20:36:00,16,2,20,20,36,340,301,BEL AIR (RUE DU),43.4071,3.68752,Nuit sans éclairage public,En agglomération,Hors intersection,Normale,Sans collision,,,,,,,,,,,3,2,1,1,7.0
201600024867,0016-10-09 00:35:00,16,10,9,0,35,340,108,RD 612,43.4255,3.75033,Nuit sans éclairage public,Hors agglomération,Autre intersection,Normale,Sans collision,,,,,,,,,,,3,1,9,1,7.0
201600024868,0016-03-05 05:20:00,16,3,5,5,20,340,301,RESISTANCE (QUAI DE LA),43.4033,3.69693,Nuit avec éclairage allumé,En agglomération,Hors intersection,Normale,Sans collision,,,,,,,,,,,5,2,1,1,7.0
201600024869,0016-04-02 01:45:00,16,4,2,1,45,340,301,CRAQUE (CHEMIN DE LA),43.4059,3.67713,Nuit avec éclairage allumé,En agglomération,Hors intersection,Pluie légère,Sans collision,,,,,,,,,,,5,2,1,2,7.0
201600024870,0016-05-04 21:30:00,16,5,4,21,30,340,301,DELILLE (PLACE),43.4048,3.7007,Nuit avec éclairage allumé,En agglomération,Place,Normale,Deux véhicules - arrière,,,,,,,,,,,5,2,7,1,2.0
201600024871,0016-05-07 17:15:00,16,5,7,17,15,340,108,"1, VIGNERONS (AVENUE DE",43.4464,3.75333,Plein jour,En agglomération,Hors intersection,Normale,Deux véhicules - frontale,,,,,,,,,,,1,2,1,1,1.0
201600024872,0016-05-15 18:22:00,16,5,15,18,22,340,301,RD2 ROUTE DE BALARUC,43.4145,3.69905,Plein jour,Hors agglomération,Hors intersection,Normale,Deux véhicules - arrière,,,,,,,,,,,1,1,1,1,2.0
201600024873,0016-05-13 23:20:00,16,5,13,23,20,340,301,BOSC (QUAI DE),43.4067,3.69604,Nuit avec éclairage allumé,En agglomération,Intersection en T,Normale,Deux véhicules - frontale,,,,,,,,,,,5,2,3,1,1.0
201600024874,0016-05-31 13:30:00,16,5,31,13,30,340,301,MOULINS (QUAI DES),43.4161,3.71936,Plein jour,En agglomération,Hors intersection,Normale,Deux véhicules - côté,,,,,,,,,,,1,2,1,1,3.0
201600024875,0016-06-08 00:01:00,16,6,8,0,1,340,108,"0, AVENUE DES ETANGS",43.4474,3.79644,Nuit sans éclairage public,Hors agglomération,Hors intersection,Normale,Sans collision,,,,,,,,,,,3,1,1,1,7.0
201600024876,0016-06-10 11:30:00,16,6,10,11,30,340,301,"6, VAUBAN (QUAI)",43.4113,3.69892,Plein jour,En agglomération,Hors intersection,Normale,Autre collision,,,,,,,,,,,1,2,1,1,6.0
201600024877,0016-06-12 05:05:00,16,6,12,5,5,340,301,"10, MERLE ADOLPHE (QUAI)",43.4081,3.69615,Crépuscule ou aube,En agglomération,Hors intersection,Normale,Sans collision,,,,,,,,,,,2,2,1,1,7.0
201600024878,0016-06-14 14:20:00,16,6,14,14,20,340,301,"0, CAYENNE (ROUTE DE)",43.413,3.70017,Plein jour,En agglomération,Hors intersection,Normale,Deux véhicules - côté,,,,,,,,,,,1,2,1,1,3.0
201600024879,0016-06-28 15:55:00,16,6,28,15,55,340,301,BARBUSSE HENRI (RUE),43.4051,3.69391,Plein jour,En agglomération,Intersection en T,Normale,Deux véhicules - côté,,,,,,,,,,,1,2,3,1,3.0
201600024880,0016-06-28 17:45:00,16,6,28,17,45,340,301,"41, CAPUCINES (RUE DES)",43.4141,3.67487,Plein jour,En agglomération,Hors intersection,Normale,Autre collision,,,,,,,,,,,1,2,1,1,6.0
201600024881,0016-07-10 10:45:00,16,7,10,10,45,340,108,RD 612,43.4347,3.75821,Plein jour,Hors agglomération,Hors intersection,Normale,Deux véhicules - frontale,,,,,,,,,,,1,1,1,1,1.0
201600024882,0016-07-31 14:35:00,16,7,31,14,35,340,301,MARTELLI GILBERT (AVENUE,43.4173,3.72274,Plein jour,En agglomération,Hors intersection,Normale,Trois véhicules et plus - collisions multiples,,,,,,,,,,,1,2,1,1,5.0
201600024883,0016-08-29 10:05:00,16,8,29,10,5,340,301,"29, LATTRE DE TASSIGNY M",43.4067,3.6961,Plein jour,En agglomération,Hors intersection,Normale,Autre collision,,,,,,,,,,,1,2,1,1,6.0
201600024884,0016-09-02 19:00:00,16,9,2,19,0,340,108,CLAVEL MAURICE (RUE),43.4547,3.74923,Plein jour,En agglomération,Hors intersection,Normale,Sans collision,,,,,,,,,,,1,2,1,1,7.0
201600024885,0016-09-06 13:55:00,16,9,6,13,55,340,301,RD 612,43.3515,3.58973,Plein jour,Hors agglomération,Hors intersection,Normale,Deux véhicules - frontale,,,,,,,,,,,1,1,1,1,1.0
201600024886,0016-10-06 06:45:00,16,10,6,6,45,340,108,RD 600,43.4364,3.71819,Nuit sans éclairage public,Hors agglomération,Hors intersection,Normale,Deux véhicules - frontale,,,,,,,,,,,3,1,1,1,1.0
201600024887,0016-10-10 15:00:00,16,10,10,15,0,340,108,RD 612,43.4401,3.76313,Plein jour,Hors agglomération,Hors intersection,Normale,Deux véhicules - côté,,,,,,,,,,,1,1,1,1,3.0
201600024888,0016-10-17 07:15:00,16,10,17,7,15,340,301,"25, JUIN MARECHAL (AVENU",43.4087,3.70484,Nuit avec éclairage allumé,En agglomération,Hors intersection,Normale,Autre collision,,,,,,,,,,,5,2,1,1,6.0
201600024889,0016-11-19 12:55:00,16,11,19,12,55,340,301,"0, CLERVILLE CHEVALIER D",43.4066,3.68552,Plein jour,En agglomération,Hors intersection,Normale,Deux véhicules - côté,,,,,,,,,,,1,2,1,1,3.0
201600024890,0016-11-19 21:30:00,16,11,19,21,30,340,108,RD 612,43.4631,3.76742,Nuit sans éclairage public,Hors agglomération,Hors intersection,Normale,Deux véhicules - frontale,,,,,,,,,,,3,1,1,1,1.0
201600024891,0016-12-09 18:50:00,16,12,9,18,50,340,301,"60, BOSC (QUAI DE)",43.40959,3.69419,Nuit avec éclairage allumé,En agglomération,Hors intersection,Normale,Autre collision,,,,,,,,,,,5,2,1,1,6.0
201600024892,0016-12-16 00:20:00,16,12,16,0,20,340,108,"17, MUSCAT (AVENUE DU)",43.44268,3.74818,Nuit avec éclairage allumé,En agglomération,Hors intersection,Pluie légère,Deux véhicules - côté,,,,,,,,,,,5,2,1,2,3.0
201600024893,0016-01-05 17:57:00,16,1,5,17,57,350,150,"16, MOTELLE (BD DE LA)",48.3626,-1.21403,Crépuscule ou aube,En agglomération,Intersection en X,Pluie légère,Autre collision,,,,,,,,,,,2,2,2,2,6.0
201600024894,0016-01-10 18:35:00,16,1,10,18,35,350,115,CHAPELLE JANSON (ROUTE D,48.35463,-1.17825,Nuit avec éclairage allumé,En agglomération,Autre intersection,Normale,Autre collision,,,,,,,,,,,5,2,9,1,6.0
201600024895,0016-01-04 07:50:00,16,1,4,7,50,350,115,"6, REPUBLIQUE (PLACE)",48.35029,-1.19536,Crépuscule ou aube,En agglomération,Place,Pluie légère,Autre collision,,,,,,,,,,,2,2,7,2,6.0
201600024896,0016-01-12 20:25:00,16,1,12,20,25,350,115,JAURES (BD JEAN),48.35256,-1.19953,Nuit avec éclairage allumé,En agglomération,Giratoire,Pluie forte,Deux véhicules - côté,,,,,,,,,,,5,2,6,3,3.0
201600024897,0016-01-06 17:15:00,16,1,6,17,15,350,115,GAULLE (AVENUE DU GENERA,48.3519,-1.2003,Nuit avec éclairage allumé,En agglomération,Hors intersection,Normale,Autre collision,,,,,,,,,,,5,2,1,1,6.0
201600024898,0016-01-22 18:50:00,16,1,22,18,50,350,115,"0, MOLIERE (RUE)",48.36088,-1.19081,Crépuscule ou aube,En agglomération,Intersection en T,Brouillard / fumée,Autre collision,,,,,,,,,,,2,2,3,5,6.0
201600024899,0016-02-23 15:15:00,16,2,23,15,15,350,150,,48.34844,-1.22871,Plein jour,Hors agglomération,Hors intersection,Normale,Deux véhicules - frontale,,,,,,,,,,,1,1,1,1,1.0
201600024900,0016-02-25 17:05:00,16,2,25,17,5,350,115,PELLERINE (RUE DE LA),48.34503,-1.18868,Plein jour,En agglomération,Hors intersection,Normale,Autre collision,,,,,,,,,,,1,2,1,1,6.0
201600024901,0016-03-15 09:30:00,16,3,15,9,30,350,115,"23, VERRERIE (AVENUE DE",48.36134,-1.19028,Plein jour,En agglomération,Hors intersection,Normale,Deux véhicules - arrière,,,,,,,,,,,1,2,1,1,2.0
201600024902,0016-03-19 21:20:00,16,3,19,21,20,350,150,PILAIS (LA) LIEUX-DITS,48.35158,-1.23286,Nuit avec éclairage allumé,Hors agglomération,Hors intersection,Temps couvert,Autre collision,,,,,,,,,,,5,1,1,8,6.0
201600024903,0016-04-02 14:30:00,16,4,2,14,30,350,115,ROUSSIN (BOULEVARD EDMON,48.34564,-1.1963,Plein jour,En agglomération,Intersection en X,Normale,Deux véhicules - frontale,,,,,,,,,,,1,2,2,1,1.0
201600024904,0016-04-16 10:55:00,16,4,16,10,55,350,115,"15, KLEBER (RUE)",48.35405,-1.19513,Plein jour,En agglomération,Hors intersection,Normale,Deux véhicules - côté,,,,,,,,,,,1,2,1,1,3.0
201600024905,0016-06-02 15:40:00,16,6,2,15,40,350,115,"140, FORET (RUE DE LA)",48.35866,-1.19326,Plein jour,En agglomération,Giratoire,Normale,Autre collision,,,,,,,,,,,1,2,6,1,6.0
201600024906,0016-07-03 17:30:00,16,7,3,17,30,350,115,"0, CANROBERT (RUE)",48.35096,-1.19118,Plein jour,En agglomération,Intersection en X,Pluie légère,Deux véhicules - côté,,,,,,,,,,,1,2,2,2,3.0
201600024907,0016-08-09 09:10:00,16,8,9,9,10,350,115,"1, LECLERC (BOULEVARD DU",48.35453,-1.20058,Plein jour,En agglomération,Hors intersection,Normale,Autre collision,,,,,,,,,,,1,2,1,1,6.0
201600024908,0016-08-24 18:40:00,16,8,24,18,40,350,115,"0, GROSLAY (BD DE DU Nø2",48.35492,-1.18657,Plein jour,En agglomération,Hors intersection,Normale,Deux véhicules - arrière,,,,,,,,,,,1,2,1,1,2.0
201600024909,0016-09-05 11:50:00,16,9,5,11,50,350,115,"5, LETAILLANDIER (RUE DU",48.36143,-1.21101,Plein jour,En agglomération,Hors intersection,Normale,Autre collision,,,,,,,,,,,1,2,1,1,6.0
201600024910,0016-09-18 04:30:00,16,9,18,4,30,350,115,"0, VERRERIE (AVENUE DE L",48.361,-1.1905,Nuit avec éclairage allumé,En agglomération,Intersection en T,Pluie légère,Deux véhicules - côté,,,,,,,,,,,5,2,3,2,3.0