accident_id,datetime,annee,mois,jour,heure,minute,departement,commune_insee,adresse,latitude,longitude,luminosite,agglomeration,intersection,meteo,collision,nb_vehicules,nb_usagers,nb_indemnes,nb_tues,nb_blesses_hosp,nb_blesses_legers,age_cond_1,age_cond_2,veh_type_cond_1,veh_type_cond_2,lum_code,agg_code,int_code,atm_code,col_code
201600024911,0016-09-30 06:50:00,16,9,30,6,50,350,115,"50, VERRERIE (AVENUE DE",48.36251,-1.18908,Nuit avec éclairage allumé,En agglomération,Hors intersection,Temps couvert,Autre collision,,,,,,,,,,,5,2,1,8,6.0
201600024912,0016-10-04 13:40:00,16,10,4,13,40,350,115,"24, PRES (RUE DES)",48.35509,-1.1998,Plein jour,En agglomération,Hors intersection,Normale,Autre collision,,,,,,,,,,,1,2,1,1,6.0
201600024913,0016-09-28 15:15:00,16,9,28,15,15,350,115,"58, VERRERIE (AVENUE DE",48.36292,-1.18863,Plein jour,En agglomération,Hors intersection,Normale,Deux véhicules - arrière,,,,,,,,,,,1,2,1,1,2.0
201600024914,0016-10-18 21:20:00,16,10,18,21,20,350,115,VERRERIE (AVENUE DE LA),48.36377,-1.18774,Nuit avec éclairage allumé,En agglomération,Hors intersection,Normale,Deux véhicules - frontale,,,,,,,,,,,5,2,1,1,1.0
201600024915,0016-11-22 17:50:00,16,11,22,17,50,350,115,COINTAT (BD MICHEL),48.34671,-1.18768,Nuit avec éclairage allumé,En agglomération,Giratoire,Normale,Autre collision,,,,,,,,,,,5,2,6,1,6.0
201600024916,0016-11-24 18:20:00,16,11,24,18,20,350,115,DEVERIA (RUE DES FRERE,48.34796,-1.19159,Nuit avec éclairage allumé,En agglomération,Intersection en Y,Normale,Autre collision,,,,,,,,,,,5,2,4,1,6.0
201600024917,0016-11-29 17:00:00,16,11,29,17,0,350,115,"1, FEUTERIES (RUE DES)",48.3508,-1.19608,Plein jour,En agglomération,Hors intersection,Normale,Deux véhicules - arrière,,,,,,,,,,,1,2,1,1,2.0
201600024918,0016-12-22 20:00:00,16,12,22,20,0,350,115,"0, CANROBERT (RUE)",48.35096,-1.19122,Nuit avec éclairage allumé,En agglomération,Intersection en X,Normale,Deux véhicules - côté,,,,,,,,,,,5,2,2,1,3.0
201600024919,0016-12-09 15:12:00,16,12,9,15,12,350,238,"22, MARBEUF (BLD)",48.11261,-1.7015,Plein jour,En agglomération,Hors intersection,Temps éblouissant,Autre collision,,,,,,,,,,,1,2,1,7,6.0
201600024920,0016-01-02 15:45:00,16,1,2,15,45,350,238,"101,AVENUE H.FRÉVILLE",48.0877,-1.67436,Plein jour,En agglomération,Hors intersection,Normale,Autre collision,,,,,,,,,,,1,2,1,1,6.0
201600024921,0016-01-03 14:30:00,16,1,3,14,30,350,278,,48.14455,-1.65687,Plein jour,Hors agglomération,Hors intersection,Pluie forte,Sans collision,,,,,,,,,,,1,1,1,3,7.0
201600024922,0016-12-10 18:05:00,16,12,10,18,5,350,238,"00, VERN (DE)",48.09707,-1.6537,Nuit avec éclairage allumé,En agglomération,Hors intersection,Normale,Deux véhicules - arrière,,,,,,,,,,,5,2,1,1,2.0
201600024923,0016-01-03 18:10:00,16,1,3,18,10,350,51,"00, PORTE DE LA RIGOURDI",48.11875,-1.57425,Nuit sans éclairage public,Hors agglomération,Hors intersection,Pluie légère,Sans collision,,,,,,,,,,,3,1,1,2,7.0
201600024924,0016-12-11 06:50:00,16,12,11,6,50,350,55,"00, RD 463",48.07641,-1.58682,Nuit sans éclairage public,Hors agglomération,Hors intersection,Brouillard / fumée,Sans collision,,,,,,,,,,,3,1,1,5,7.0
201600024925,0016-12-09 13:30:00,16,12,9,13,30,350,238,"00, PORTE DE VILLEJEAN",48.1199,-1.72018,Plein jour,Hors agglomération,Hors intersection,Normale,Deux véhicules - côté,,,,,,,,,,,1,1,1,1,3.0
201600024926,0016-01-04 08:30:00,16,1,4,8,30,350,238,CLEMENCEAU/GARIGLIANO,48.0942,-1.6818,Crépuscule ou aube,En agglomération,Intersection en X,Normale,Deux véhicules - côté,,,,,,,,,,,2,2,2,1,3.0
201600024927,0016-01-05 18:40:00,16,1,5,18,40,350,51,"9, GERMAIN (RUE DU CHENE",48.13015,-1.62782,Nuit avec éclairage allumé,En agglomération,Hors intersection,Normale,Autre collision,,,,,,,,,,,5,2,1,1,6.0
201600024928,0016-12-14 14:18:00,16,12,14,14,18,350,55,"10, BREIL (RUE DU)",48.09491,-1.62927,Plein jour,En agglomération,Hors intersection,Normale,Autre collision,,,,,,,,,,,1,2,1,1,6.0
201600024929,0016-12-12 17:30:00,16,12,12,17,30,350,238,"10, VEZIN (ROUTE DE)",48.11626,-1.71522,Plein jour,En agglomération,Hors intersection,Pluie légère,Trois véhicules et plus - en chaîne,,,,,,,,,,,1,2,1,2,4.0
201600024930,0016-01-05 19:30:00,16,1,5,19,30,350,238,ALBERT1ER/BETTIGNIES,48.0901,-1.69059,Nuit avec éclairage allumé,En agglomération,Intersection en T,Normale,Autre collision,,,,,,,,,,,5,2,3,1,6.0
201600024931,0016-12-13 13:00:00,16,12,13,13,0,350,238,"54, SAINT-HELIER",48.10674,-1.66946,Plein jour,En agglomération,Hors intersection,Normale,Sans collision,,,,,,,,,,,1,2,1,1,7.0
201600024932,0016-01-01 00:39:00,16,1,1,0,39,350,238,"21, QUAI CHÂTEAUBRIAND",48.1102,-1.67557,Nuit avec éclairage allumé,En agglomération,Hors intersection,Normale,Autre collision,,,,,,,,,,,5,2,1,1,6.0
201600024933,0016-12-14 06:30:00,16,12,14,6,30,350,51,"00, ALLIES (BOULEVARD DE",48.1027,-1.60924,Nuit sans éclairage public,En agglomération,Giratoire,Normale,Deux véhicules - côté,,,,,,,,,,,3,2,6,1,3.0
201600024934,0016-01-06 20:15:00,16,1,6,20,15,350,238,JOFFRE/ZOLA,48.1098,-1.67782,Nuit avec éclairage allumé,En agglomération,Intersection en X,Pluie légère,Deux véhicules - côté,,,,,,,,,,,5,2,2,2,3.0
201600024935,0016-12-18 20:10:00,16,12,18,20,10,350,238,"00, VEZIN (ROUTE DE)",48.11643,-1.7097,Nuit avec éclairage allumé,En agglomération,Intersection en X,Temps couvert,Deux véhicules - côté,,,,,,,,,,,5,2,2,8,3.0
201600024936,0016-01-07 15:55:00,16,1,7,15,55,350,238,RUE DE LORIENT,48.1088,-1.71059,Plein jour,En agglomération,Hors intersection,Normale,Autre collision,,,,,,,,,,,1,2,1,1,6.0
201600024937,0016-12-19 18:30:00,16,12,19,18,30,350,238,"00, TILLON (AVENUE CHARL",48.12452,-1.71006,Nuit avec éclairage allumé,En agglomération,Intersection en T,Normale,Deux véhicules - côté,,,,,,,,,,,5,2,3,1,3.0
201600024938,0016-01-07 17:00:00,16,1,7,17,0,350,238,"3, RUE DE LA BORDERIE",48.1161,-1.67525,Plein jour,En agglomération,Hors intersection,Normale,Deux véhicules - arrière,,,,,,,,,,,1,2,1,1,2.0
201600024939,0016-12-19 14:59:00,16,12,19,14,59,350,278,"00, AUGE DE PIERRE (ROND",48.13881,-1.6975,Plein jour,Hors agglomération,Place,Normale,Autre collision,,,,,,,,,,,1,1,7,1,6.0
201600024940,0016-01-08 08:20:00,16,1,8,8,20,350,238,F.DUNKERQUE/P.HENRY,48.1213,-1.70087,Crépuscule ou aube,En agglomération,Intersection en T,Pluie légère,Autre collision,,,,,,,,,,,2,2,3,2,6.0
201600024941,0016-12-20 08:36:00,16,12,20,8,36,350,238,"00, PORTE DE LORIENT",48.11196,-1.71855,Plein jour,Hors agglomération,Hors intersection,Brouillard / fumée,Deux véhicules - arrière,,,,,,,,,,,1,1,1,5,2.0
201600024942,0016-01-08 09:10:00,16,1,8,9,10,350,238,"75, BD VILLEBOIS MAREUIL",48.1013,-1.64966,Plein jour,En agglomération,Hors intersection,Pluie forte,Deux véhicules - côté,,,,,,,,,,,1,2,1,3,3.0
201600024943,0016-12-22 15:49:00,16,12,22,15,49,350,238,PONT-LAGOT (DU),48.13056,-1.71017,Plein jour,Hors agglomération,Hors intersection,Normale,Deux véhicules - arrière,,,,,,,,,,,1,1,1,1,2.0
201600024944,0016-01-08 21:55:00,16,1,8,21,55,350,238,DANTON/VITRÉ,48.119,-1.64996,Nuit avec éclairage allumé,En agglomération,Intersection à plus de 4 branches,Pluie forte,Deux véhicules - côté,,,,,,,,,,,5,2,5,3,3.0
201600024945,0016-12-22 18:50:00,16,12,22,18,50,350,238,"142, SAINT-HELIER",48.10269,-1.66126,Nuit avec éclairage allumé,En agglomération,Hors intersection,Normale,Autre collision,,,,,,,,,,,5,2,1,1,6.0
201600024946,0016-01-09 18:10:00,16,1,9,18,10,350,238,G.BERGER/J.MOULIN,48.1187,-1.70463,Nuit avec éclairage allumé,En agglomération,Intersection en T,Temps couvert,Deux véhicules - arrière,,,,,,,,,,,5,2,3,8,2.0
201600024947,0016-01-09 23:25:00,16,1,9,23,25,350,238,PORTE DU BLOSNE,48.0825,-1.64588,Nuit sans éclairage public,En agglomération,Hors intersection,Pluie légère,Autre collision,,,,,,,,,,,3,2,1,2,6.0
201600024948,0016-12-23 19:45:00,16,12,23,19,45,350,206,"00, PORTE ALMA",48.08005,-1.68195,Nuit sans éclairage public,Hors agglomération,Hors intersection,Normale,Deux véhicules - arrière,,,,,,,,,,,3,1,1,1,2.0
201600024949,0016-01-10 13:35:00,16,1,10,13,35,350,51,"00, ALLIES (BOULEVARD DE",48.11152,-1.62156,Plein jour,En agglomération,Giratoire,Normale,Sans collision,,,,,,,,,,,1,2,6,1,7.0
201600024950,0016-12-25 19:54:00,16,12,25,19,54,350,55,", LOGES (RUE DES)",48.08514,-1.62731,Nuit avec éclairage allumé,En agglomération,Intersection en T,Normale,Deux véhicules - côté,,,,,,,,,,,5,2,3,1,3.0
201600024951,0016-01-11 13:30:00,16,1,11,13,30,350,51,"99, CHALOTAIS (RUE DE LA",48.12961,-1.59721,Plein jour,En agglomération,Giratoire,Temps éblouissant,Autre collision,,,,,,,,,,,1,2,6,7,6.0
201600024952,0016-12-26 18:53:00,16,12,26,18,53,350,238,"00, GRIGNION (DU PERE)",48.11119,-1.68697,Nuit avec éclairage allumé,En agglomération,Hors intersection,Normale,Autre collision,,,,,,,,,,,5,2,1,1,6.0
201600024953,0016-12-27 06:00:00,16,12,27,6,0,350,278,"00, RD 137",48.13981,-1.69544,Nuit sans éclairage public,Hors agglomération,Hors intersection,Normale,Deux véhicules - arrière,,,,,,,,,,,3,1,1,1,2.0
201600024954,0016-01-13 11:10:00,16,1,13,11,10,350,238,RP DES GAYEULLES,48.1277,-1.65209,Plein jour,En agglomération,Giratoire,Normale,Deux véhicules - côté,,,,,,,,,,,1,2,6,1,3.0
201600024955,0016-12-27 18:00:00,16,12,27,18,0,350,238,"00, VALLES (JULES)",48.10356,-1.71208,Nuit sans éclairage public,En agglomération,Giratoire,Normale,Autre collision,,,,,,,,,,,3,2,6,1,6.0
201600024956,0016-01-13 18:18:00,16,1,13,18,18,350,238,RUE MOULIN DE JOUÉ,48.1131,-1.64738,Nuit avec éclairage allumé,En agglomération,Hors intersection,Normale,Deux véhicules - côté,,,,,,,,,,,5,2,1,1,3.0
201600024957,0016-12-30 17:27:00,16,12,30,17,27,350,238,"00, ISLY (RUE D')",48.10512,-1.67749,Nuit avec éclairage allumé,En agglomération,Intersection en T,Normale,Autre collision,,,,,,,,,,,5,2,3,1,6.0
201600024958,0016-01-14 08:45:00,16,1,14,8,45,350,238,RP NORMANDIE NIELMEN,48.1054,-1.70846,Plein jour,En agglomération,Giratoire,Normale,Deux véhicules - côté,,,,,,,,,,,1,2,6,1,3.0
201600024959,0016-12-30 18:10:00,16,12,30,18,10,350,238,"00, LANJUINAIS ( JEAN DE",48.10859,-1.68197,Nuit avec éclairage allumé,En agglomération,Intersection en X,Normale,Deux véhicules - côté,,,,,,,,,,,5,2,2,1,3.0
201600024960,0016-01-14 11:20:00,16,1,14,11,20,350,206,PORTE DE BÉQUIGNY,48.0758,-1.69557,Plein jour,En agglomération,Intersection à plus de 4 branches,Normale,Autre collision,,,,,,,,,,,1,2,5,1,6.0
201600024961,0016-01-14 18:00:00,16,1,14,18,0,350,238,M.COLOMB/VERN,48.0992,-1.65714,Nuit avec éclairage allumé,En agglomération,Intersection en X,Normale,Sans collision,,,,,,,,,,,5,2,2,1,7.0
201600024962,0016-01-14 20:30:00,16,1,14,20,30,350,238,MITTERRAND/VANEAU,48.1085,-1.69298,Nuit avec éclairage allumé,En agglomération,Intersection en X,Normale,Deux véhicules - côté,,,,,,,,,,,5,2,2,1,3.0
201600024963,0016-01-15 09:45:00,16,1,15,9,45,350,238,LA T.A/ARSANAL,48.1065,-1.68451,Plein jour,En agglomération,Intersection à plus de 4 branches,Normale,Deux véhicules - côté,,,,,,,,,,,1,2,5,1,3.0
201600024964,0016-01-15 22:35:00,16,1,15,22,35,350,278,Maison Blanche,48.14412,-1.66173,Nuit sans éclairage public,Hors agglomération,Hors intersection,Temps couvert,Deux véhicules - frontale,,,,,,,,,,,3,1,1,8,1.0
201600024965,0016-01-18 20:00:00,16,1,18,20,0,350,238,CLEMENCEAU/MOINE,48.0942,-1.6818,Nuit avec éclairage allumé,En agglomération,Intersection en X,Normale,Deux véhicules - arrière,,,,,,,,,,,5,2,2,1,2.0
201600024966,0016-01-18 08:05:00,16,1,18,8,5,350,238,POLOGNE/L.GRIMAULT,48.0911,-1.65076,Nuit avec éclairage allumé,En agglomération,Giratoire,Pluie légère,Autre collision,,,,,,,,,,,5,2,6,2,6.0
201600024967,0016-01-20 20:05:00,16,1,20,20,5,350,238,VITRÉ/LECLERC,48.114,-1.64803,Nuit avec éclairage allumé,En agglomération,Intersection en X,Normale,Deux véhicules - côté,,,,,,,,,,,5,2,2,1,3.0
201600024968,0016-01-21 08:15:00,16,1,21,8,15,350,238,COËTLOGON/VERDUN,48.1227,-1.68542,Nuit avec éclairage non allumé,En agglomération,Intersection en X,Normale,Autre collision,,,,,,,,,,,4,2,2,1,6.0
201600024969,0016-01-21 08:45:00,16,1,21,8,45,350,278,"00, AUGE DE PIERRE (ROND",48.13671,-1.69297,Plein jour,En agglomération,Giratoire,Normale,Autre collision,,,,,,,,,,,1,2,6,1,6.0
201600024970,0016-01-21 17:00:00,16,1,21,17,0,350,238,LIBERTÉ/CARMES,48.1074,-1.67607,Plein jour,En agglomération,Intersection en T,Temps couvert,Deux véhicules - arrière,,,,,,,,,,,1,2,3,8,2.0
201600024971,0016-01-22 08:00:00,16,1,22,8,0,350,238,BIGNON/VEYETTES,48.097,-1.63,Nuit avec éclairage allumé,En agglomération,Giratoire,Pluie forte,Autre collision,,,,,,,,,,,5,2,6,3,6.0
201600024972,0016-01-22 12:45:00,16,1,22,12,45,350,238,MOTTE BRÛLON/JARRY,48.128,-1.67189,Plein jour,En agglomération,Intersection en T,Normale,Deux véhicules - côté,,,,,,,,,,,1,2,3,1,3.0
201600024973,0016-01-23 16:50:00,16,1,23,16,50,350,238,"19, BD VILLEBOIS MAREUIL",48.1088,-1.65406,Plein jour,En agglomération,Hors intersection,Normale,Deux véhicules - côté,,,,,,,,,,,1,2,1,1,3.0
201600024974,0016-01-25 12:00:00,16,1,25,12,0,350,238,V.MAREUIL/MOUÉZY,48.1041,-1.65012,Plein jour,En agglomération,Giratoire,Normale,Deux véhicules - côté,,,,,,,,,,,1,2,6,1,3.0
201600024975,0016-01-26 11:30:00,16,1,26,11,30,350,238,PATTON/MONTS D'ARRÉE,48.1351,-1.65961,Plein jour,En agglomération,Intersection en X,Normale,Autre collision,,,,,,,,,,,1,2,2,1,6.0
201600024976,0016-01-26 14:00:00,16,1,26,14,0,350,238,NICOLET PK SUPER U,48.0919,-1.67923,Plein jour,En agglomération,Hors intersection,Normale,Autre collision,,,,,,,,,,,1,2,1,1,6.0
201600024977,0016-01-26 20:15:00,16,1,26,20,15,350,238,PIQUETIÈRE/LECLERC,48.1139,-1.64586,Nuit avec éclairage allumé,En agglomération,Intersection en T,Normale,Deux véhicules - côté,,,,,,,,,,,5,2,3,1,3.0
201600024978,0016-01-27 09:00:00,16,1,27,9,0,350,238,ITALIE/VOLCLAIR,48.0883,-1.6676,Plein jour,En agglomération,Intersection en X,Pluie légère,Deux véhicules - côté,,,,,,,,,,,1,2,2,2,3.0
201600024979,0016-12-30 21:15:00,16,12,30,21,15,350,238,"18, CHATEAUGIRON (DE)",48.10207,-1.65772,Nuit avec éclairage allumé,En agglomération,Hors intersection,Normale,Autre collision,,,,,,,,,,,5,2,1,1,6.0
201600024980,0016-01-29 08:30:00,16,1,29,8,30,350,238,V.MAREUIL/CHARDONNET,48.1067,-1.6509,Plein jour,En agglomération,Intersection en T,Temps couvert,Deux véhicules - côté,,,,,,,,,,,1,2,3,8,3.0
201600024981,0016-11-21 12:45:00,16,11,21,12,45,350,238,"00, SAINT-BRIEUC (DE)",48.113,-1.70408,Plein jour,En agglomération,Hors intersection,Normale,Autre collision,,,,,,,,,,,1,2,1,1,6.0
201600024982,0016-01-29 18:30:00,16,1,29,18,30,350,238,"20, SAINT-HELIER",48.1074,-1.67201,Nuit avec éclairage allumé,En agglomération,Intersection en X,Normale,Autre collision,,,,,,,,,,,5,2,2,1,6.0
201600024983,0016-01-30 17:00:00,16,1,30,17,0,350,206,ALLÉE D'UKRAINE,48.0814,-1.68099,Plein jour,En agglomération,Hors intersection,Temps couvert,Autre collision,,,,,,,,,,,1,2,1,8,6.0
201600024984,0016-02-01 08:55:00,16,2,1,8,55,350,51,"00, ALLIES (BOULEVARD DE",48.13098,-1.62115,Plein jour,En agglomération,Intersection en T,Normale,Deux véhicules - côté,,,,,,,,,,,1,2,3,1,3.0
201600024985,0016-02-02 09:55:00,16,2,2,9,55,350,238,"12, RUE V.HUGO",48.1124,-1.67594,Plein jour,En agglomération,Hors intersection,Pluie légère,Deux véhicules - arrière,,,,,,,,,,,1,2,1,2,2.0
201600024986,0016-02-02 16:30:00,16,2,2,16,30,350,238,TASSIGNY/LEGRAVEREND,48.118,-1.68615,Plein jour,En agglomération,Intersection en X,Normale,Autre collision,,,,,,,,,,,1,2,2,1,6.0
201600024987,0016-02-02 20:00:00,16,2,2,20,0,350,238,"19, AV W.CHURCHILL",48.1195,-1.70826,Nuit avec éclairage allumé,En agglomération,Hors intersection,Normale,Autre collision,,,,,,,,,,,5,2,1,1,6.0
201600024988,0016-02-02 20:45:00,16,2,2,20,45,350,238,VANEAU/MITTERRAND,48.1085,-1.69298,Nuit avec éclairage allumé,En agglomération,Intersection en X,Normale,Deux véhicules - côté,,,,,,,,,,,5,2,2,1,3.0
201600024989,0016-02-04 12:00:00,16,2,4,12,0,350,238,PIRÉ/MONTAIGNE,48.0977,-1.65937,Plein jour,En agglomération,Intersection en T,Normale,Autre collision,,,,,,,,,,,1,2,3,1,6.0
201600024990,0016-02-04 17:00:00,16,2,4,17,0,350,238,ST HÉLIER/P.RESTANY,48.1029,-1.66172,Plein jour,En agglomération,Intersection en T,Normale,Autre collision,,,,,,,,,,,1,2,3,1,6.0
201600024991,0016-02-05 21:50:00,16,2,5,21,50,350,238,PATTON/ARMORIQUE,48.1285,-1.66415,Nuit avec éclairage allumé,En agglomération,Intersection en X,Normale,Deux véhicules - côté,,,,,,,,,,,5,2,2,1,3.0
201600024992,0016-02-05 14:15:00,16,2,5,14,15,350,55,"00, RD 463",48.09034,-1.62496,Plein jour,En agglomération,Hors intersection,Normale,Autre collision,,,,,,,,,,,1,2,1,1,6.0
201600024993,0016-02-06 15:55:00,16,2,6,15,55,350,238,VOLTAIRE/T.CONNECTE,48.1051,-1.69594,Plein jour,En agglomération,Intersection en T,Normale,Autre collision,,,,,,,,,,,1,2,3,1,6.0
201600024994,0016-02-08 17:45:00,16,2,8,17,45,350,238,ROCADE NORD-OUEST INT,48.133,-1.70751,Plein jour,En agglomération,Hors intersection,Pluie légère,Trois véhicules et plus - en chaîne,,,,,,,,,,,1,2,1,2,4.0
201600024995,0016-02-12 11:00:00,16,2,12,11,0,350,238,"22, RUE DE LA MONNAIE",48.1116,-1.6844,Plein jour,En agglomération,Hors intersection,Pluie légère,Autre collision,,,,,,,,,,,1,2,1,2,6.0
201600024996,0016-02-13 03:45:00,16,2,13,3,45,350,238,"49, MAIL F.MITTERRAND",48.1092,-1.68992,Nuit avec éclairage allumé,En agglomération,Hors intersection,Pluie forte,Autre collision,,,,,,,,,,,5,2,1,3,6.0
201600024997,0016-02-13 14:40:00,16,2,13,14,40,350,278,"00, PORTE DE ST MALO",48.13907,-1.69828,Plein jour,Hors agglomération,Hors intersection,Pluie légère,Autre collision,,,,,,,,,,,1,1,1,2,6.0
201600024998,0016-02-13 17:00:00,16,2,13,17,0,350,278,"00, CHESNAIS BEAUREGARD",48.1378,-1.6871,Plein jour,En agglomération,Hors intersection,Normale,Deux véhicules - côté,,,,,,,,,,,1,2,1,1,3.0
201600024999,0016-02-14 06:40:00,16,2,14,6,40,350,238,"00, PORTE ALMA",48.08021,-1.68078,Nuit sans éclairage public,En agglomération,Hors intersection,Normale,Autre collision,,,,,,,,,,,3,2,1,1,6.0
201600025000,0016-02-14 20:20:00,16,2,14,20,20,350,238,CARREFOUR NITSCH,48.1018,-1.68441,Nuit avec éclairage allumé,En agglomération,Intersection à plus de 4 branches,Normale,Deux véhicules - côté,,,,,,,,,,,5,2,5,1,3.0
201600025001,0016-02-15 14:00:00,16,2,15,14,0,350,238,PONT R.SCHUMAN,48.1076,-1.69489,Plein jour,En agglomération,Hors intersection,Normale,Autre collision,,,,,,,,,,,1,2,1,1,6.0
201600025002,0016-02-17 11:15:00,16,2,17,11,15,350,238,RUE A.LEFAS (CC GAST),48.1305,-1.65801,Plein jour,En agglomération,Hors intersection,Normale,Autre collision,,,,,,,,,,,1,2,1,1,6.0
201600025003,0016-02-17 19:30:00,16,2,17,19,30,350,278,"00, RD 29",48.15814,-1.69757,Plein jour,Hors agglomération,Intersection en T,Normale,Autre collision,,,,,,,,,,,1,1,3,1,6.0
201600025004,0016-02-17 19:30:00,16,2,17,19,30,350,238,LICES/MINIMES,48.113,-1.68374,Nuit avec éclairage allumé,En agglomération,Intersection en T,Pluie légère,Autre collision,,,,,,,,,,,5,2,3,2,6.0
201600025005,0016-02-18 12:54:00,16,2,18,12,54,350,238,G.BERGER/L.BERNARD,48.1175,-1.70466,Plein jour,En agglomération,Giratoire,Normale,Deux véhicules - côté,,,,,,,,,,,1,2,6,1,3.0
201600025006,0016-02-18 18:20:00,16,2,18,18,20,350,238,TASSIGNY/DUCOUDRAY,48.1197,-1.68428,Plein jour,En agglomération,Intersection en T,Normale,Trois véhicules et plus - en chaîne,,,,,,,,,,,1,2,3,1,4.0
201600025007,0016-02-19 09:20:00,16,2,19,9,20,350,238,ECHANGEUR PONT LAGOT,48.1258,-1.71884,Plein jour,En agglomération,Hors intersection,Normale,Deux véhicules - arrière,,,,,,,,,,,1,2,1,1,2.0
201600025008,0016-02-16 10:33:00,16,2,16,10,33,350,238,NANTES/V.RAULT,48.0924,-1.69152,Plein jour,En agglomération,Intersection en T,Normale,Autre collision,,,,,,,,,,,1,2,3,1,6.0
201600025009,0016-02-16 08:30:00,16,2,16,8,30,350,55,"00, BEAULIEU (PORTE DE)",,,Plein jour,Hors agglomération,Hors intersection,Normale,Trois véhicules et plus - collisions multiples,,,,,,,,,,,1,1,1,1,5.0
201600025010,0016-02-21 18:45:00,16,2,21,18,45,350,238,LESAGE/GUÉHENNO,48.1164,-1.67414,Crépuscule ou aube,En agglomération,Intersection à plus de 4 branches,Temps couvert,Deux véhicules - côté,,,,,,,,,,,2,2,5,8,3.0
201600025011,0016-02-23 06:00:00,16,2,23,6,0,350,51,"00, PORTE DE LA RIGOURDI",48.11073,-1.58809,Nuit sans éclairage public,Hors agglomération,Hors intersection,Pluie légère,Sans collision,,,,,,,,,,,3,1,1,2,7.0
201600025012,0016-02-23 08:00:00,16,2,23,8,0,350,238,14 BIS BD DE METZ,48.1155,-1.65777,Crépuscule ou aube,En agglomération,Hors intersection,Temps couvert,Deux véhicules - arrière,,,,,,,,,,,2,2,1,8,2.0
201600025013,0016-02-23 15:20:00,16,2,23,15,20,350,238,"165, RUE DE LORIENT",48.1063,-1.73147,Plein jour,En agglomération,Hors intersection,Normale,Deux véhicules - côté,,,,,,,,,,,1,2,1,1,3.0
201600025014,0016-02-24 12:40:00,16,2,24,12,40,350,55,"25, PARC (RUE DU)",48.0881,-1.6141,Plein jour,En agglomération,Hors intersection,Pluie forte,Autre collision,,,,,,,,,,,1,2,1,3,6.0
201600025015,0016-02-24 17:15:00,16,2,24,17,15,350,238,RP F.FRANÇAISES ONU,48.09,-1.68226,Plein jour,En agglomération,Giratoire,Pluie légère,Autre collision,,,,,,,,,,,1,2,6,2,6.0
201600025016,0016-02-25 20:15:00,16,2,25,20,15,350,238,ST HÉLIER/LAËNNEC,48.1056,-1.66605,Nuit avec éclairage allumé,En agglomération,Intersection à plus de 4 branches,Normale,Deux véhicules - côté,,,,,,,,,,,5,2,5,1,3.0
201600025017,0016-02-26 05:45:00,16,2,26,5,45,350,238,BD D'ARMORIQUE,48.131,-1.67033,Nuit avec éclairage allumé,En agglomération,Hors intersection,Normale,Autre collision,,,,,,,,,,,5,2,1,1,6.0
201600025018,0016-02-27 11:30:00,16,2,27,11,30,350,238,LE HO/LORIENT,48.107,-1.72388,Plein jour,En agglomération,Intersection en T,Normale,Autre collision,,,,,,,,,,,1,2,3,1,6.0
201600025019,0016-02-27 18:00:00,16,2,27,18,0,350,238,D.ANNE/J.GUEHENNO,48.1193,-1.66743,Plein jour,En agglomération,Intersection à plus de 4 branches,Normale,Autre collision,,,,,,,,,,,1,2,5,1,6.0
201600025020,0016-02-29 10:30:00,16,2,29,10,30,350,238,"33, AVENUE DE ROCHESTER",48.1282,-1.66133,Plein jour,En agglomération,Hors intersection,Normale,Autre collision,,,,,,,,,,,1,2,1,1,6.0
201600025021,0016-03-01 15:00:00,16,3,1,15,0,350,238,"46, BD DE LA LIBERTÉ",48.1081,-1.6827,Plein jour,En agglomération,Hors intersection,Pluie forte,Autre collision,,,,,,,,,,,1,2,1,3,6.0
201600025022,0016-03-02 17:30:00,16,3,2,17,30,350,238,"4, RUE D'ESPAGNE",48.0866,-1.67345,Plein jour,En agglomération,Hors intersection,Pluie légère,Autre collision,,,,,,,,,,,1,2,1,2,6.0
201600025023,0016-03-02 18:10:00,16,3,2,18,10,350,51,"00, HOGUET (RUE DU)",48.10229,-1.63112,Plein jour,En agglomération,Intersection en T,Pluie légère,Deux véhicules - côté,,,,,,,,,,,1,2,3,2,3.0
201600025024,0016-03-03 10:55:00,16,3,3,10,55,350,238,"3,BD DE LA DUCHESSE ANNE",48.113,-1.66616,Plein jour,En agglomération,Hors intersection,Pluie légère,Autre collision,,,,,,,,,,,1,2,1,2,6.0
201600025025,0016-03-03 11:55:00,16,3,3,11,55,350,238,A.LEFAS/G.ROPARZ,48.1305,-1.65673,Plein jour,En agglomération,Intersection en X,Normale,Deux véhicules - côté,,,,,,,,,,,1,2,2,1,3.0
201600025026,0016-03-03 12:00:00,16,3,3,12,0,350,281,"345, NANTES (RUE DE)",48.08888,-1.69358,Plein jour,En agglomération,Hors intersection,Normale,Deux véhicules - côté,,,,,,,,,,,1,2,1,1,3.0
201600025027,0016-03-05 09:48:00,16,3,5,9,48,350,238,LIBERTÉ/LANJUINAIS,48.1079,-1.68206,Plein jour,En agglomération,Intersection en X,Normale,Deux véhicules - arrière,,,,,,,,,,,1,2,2,1,2.0
201600025028,0016-03-05 19:30:00,16,3,5,19,30,350,51,"00, DOMLOUP (ROUTE DE)",48.10715,-1.57773,Nuit sans éclairage public,Hors agglomération,Hors intersection,Normale,Sans collision,,,,,,,,,,,3,1,1,1,7.0
201600025029,0016-03-05 12:25:00,16,3,5,12,25,350,278,"00, PARKING CENTRE COMME",48.13886,-1.68514,Plein jour,En agglomération,Hors intersection,Normale,Autre collision,,,,,,,,,,,1,2,1,1,6.0
201600025030,0016-03-06 18:20:00,16,3,6,18,20,350,238,FRÉVILLE/BOSPHORE,48.0859,-1.67504,Plein jour,En agglomération,Intersection en X,Normale,Deux véhicules - côté,,,,,,,,,,,1,2,2,1,3.0