accident_id,datetime,annee,mois,jour,heure,minute,departement,commune_insee,adresse,latitude,longitude,luminosite,agglomeration,intersection,meteo,collision,nb_vehicules,nb_usagers,nb_indemnes,nb_tues,nb_blesses_hosp,nb_blesses_legers,age_cond_1,age_cond_2,veh_type_cond_1,veh_type_cond_2,lum_code,agg_code,int_code,atm_code,col_code
201600025031,0016-03-07 08:50:00,16,3,7,8,50,350,51,"00, BLANCS (AVENUE DES C",48.13504,-1.62086,Plein jour,En agglomération,Giratoire,Temps couvert,Autre collision,,,,,,,,,,,1,2,6,8,6.0
201600025032,0016-03-07 15:45:00,16,3,7,15,45,350,238,ALSACE/F.COMTÉ,48.1234,-1.70376,Plein jour,En agglomération,Intersection en T,Normale,Deux véhicules - côté,,,,,,,,,,,1,2,3,1,3.0
201600025033,0016-03-08 13:30:00,16,3,8,13,30,350,238,"194, LORIENT (DE)",48.1071,-1.72252,Plein jour,En agglomération,Hors intersection,Normale,Trois véhicules et plus - en chaîne,,,,,,,,,,,1,2,1,1,4.0
201600025034,0016-03-08 15:25:00,16,3,8,15,25,350,281,"00, DODIN (AVENUE ROGER)",48.08685,-1.70726,Plein jour,En agglomération,Giratoire,Normale,Autre collision,,,,,,,,,,,1,2,6,1,6.0
201600025035,0016-03-09 14:36:00,16,3,9,14,36,350,238,"2, COURS HELSINKI",48.0881,-1.67579,Plein jour,En agglomération,Hors intersection,Normale,Autre collision,,,,,,,,,,,1,2,1,1,6.0
201600025036,0016-03-10 07:40:00,16,3,10,7,40,350,238,RP F.F.ONU,48.09,-1.68226,Crépuscule ou aube,En agglomération,Giratoire,Normale,Deux véhicules - côté,,,,,,,,,,,2,2,6,1,3.0
201600025037,0016-03-10 17:42:00,16,3,10,17,42,350,238,AV H.FRÉVILLE (MÉTRO),48.0872,-1.675,Plein jour,En agglomération,Hors intersection,Temps couvert,Autre collision,,,,,,,,,,,1,2,1,8,6.0
201600025038,0016-03-15 12:10:00,16,3,15,12,10,350,238,CHÂTEAUGIRON/L.BOURGEOIS,48.1004,-1.64993,Plein jour,En agglomération,Intersection en X,Normale,Deux véhicules - côté,,,,,,,,,,,1,2,2,1,3.0
201600025039,0016-03-11 01:30:00,16,3,11,1,30,350,238,CHURCHILL/FLANDRE,48.123,-1.70897,Nuit avec éclairage allumé,En agglomération,Intersection en X,Normale,Autre collision,,,,,,,,,,,5,2,2,1,6.0
201600025040,0016-03-11 20:50:00,16,3,11,20,50,350,238,C.COMMERCIAL LECLERC,48.1041,-1.71297,Nuit avec éclairage allumé,En agglomération,Hors intersection,Normale,Sans collision,,,,,,,,,,,5,2,1,1,7.0
201600025041,0016-03-11 17:19:00,16,3,11,17,19,350,238,SÉVIGNÉ/ROUSSEAU,48.1162,-1.66465,Plein jour,En agglomération,Intersection en X,Normale,Deux véhicules - arrière,,,,,,,,,,,1,2,2,1,2.0
201600025042,0016-03-12 19:10:00,16,3,12,19,10,350,278,"22.300, ROCADE 13-14",48.14185,-1.663,Plein jour,Hors agglomération,Hors intersection,Normale,Sans collision,,,,,,,,,,,1,1,1,1,7.0
201600025043,0016-03-14 08:45:00,16,3,14,8,45,350,238,71 BIS AV GROS MALHON,48.1271,-1.68306,Plein jour,En agglomération,Hors intersection,Normale,Deux véhicules - côté,,,,,,,,,,,1,2,1,1,3.0
201600025044,0016-03-14 13:40:00,16,3,14,13,40,350,238,J.GUESDE/LEGRAVEREND,48.1176,-1.68452,Plein jour,En agglomération,Intersection en T,Normale,Deux véhicules - côté,,,,,,,,,,,1,2,3,1,3.0
201600025045,0016-03-16 17:35:00,16,3,16,17,35,350,238,LIBERTÉ/LANJUINAIS,48.1079,-1.68206,Plein jour,En agglomération,Intersection en X,Normale,Autre collision,,,,,,,,,,,1,2,2,1,6.0
201600025046,0016-03-17 14:20:00,16,3,17,14,20,350,238,"3, RUE DE CHÂTEAUDUN",48.1106,-1.66573,Plein jour,En agglomération,Hors intersection,Normale,Deux véhicules - arrière,,,,,,,,,,,1,2,1,1,2.0
201600025047,0016-03-20 12:15:00,16,3,20,12,15,350,238,RUE F.ROBERT,48.1325,-1.70976,Plein jour,En agglomération,Hors intersection,Normale,Deux véhicules - frontale,,,,,,,,,,,1,2,1,1,1.0
201600025048,0016-03-18 08:25:00,16,3,18,8,25,350,238,OSLO/BOSPHORE,48.0855,-1.67567,Plein jour,En agglomération,Intersection en T,Normale,Deux véhicules - côté,,,,,,,,,,,1,2,3,1,3.0
201600025049,0016-03-18 12:55:00,16,3,18,12,55,350,238,LA T.A/PAPIER TIMBRÉ,48.1045,-1.68436,Plein jour,En agglomération,Intersection en T,Normale,Autre collision,,,,,,,,,,,1,2,3,1,6.0
201600025050,0016-03-19 12:15:00,16,3,19,12,15,350,55,"00, 173 RD",48.07841,-1.63239,Plein jour,Hors agglomération,Giratoire,Normale,Deux véhicules - côté,,,,,,,,,,,1,1,6,1,3.0
201600025051,0016-03-19 19:50:00,16,3,19,19,50,350,238,FOUGÈRES/METZ,48.1218,-1.66274,Plein jour,En agglomération,Intersection en X,Normale,Deux véhicules - arrière,,,,,,,,,,,1,2,2,1,2.0
201600025052,0016-03-20 16:45:00,16,3,20,16,45,350,238,TROIS CROIX/HUÉROU,48.1275,-1.68483,Plein jour,En agglomération,Intersection en T,Normale,Autre collision,,,,,,,,,,,1,2,3,1,6.0
201600025053,0016-03-20 19:20:00,16,3,20,19,20,350,238,ANJOU/GUYENNE,48.1214,-1.71346,Plein jour,En agglomération,Intersection en X,Normale,Autre collision,,,,,,,,,,,1,2,2,1,6.0
201600025054,0016-03-20 07:15:00,16,3,20,7,15,350,281,R.N. 136,48.08979,-1.70435,Plein jour,Hors agglomération,Hors intersection,Normale,Deux véhicules - arrière,,,,,,,,,,,1,1,1,1,2.0
201600025055,0016-03-26 12:45:00,16,3,26,12,45,350,238,PASTEUR/CHÂTEAUBRIAND,48.1102,-1.6742,Plein jour,En agglomération,Intersection en X,Pluie légère,Deux véhicules - côté,,,,,,,,,,,1,2,2,2,3.0
201600025056,0016-03-28 20:10:00,16,3,28,20,10,350,238,CHÂTEAUGIRON/H.DESGRÉES,48.0952,-1.6377,Plein jour,En agglomération,Intersection en X,Normale,Deux véhicules - côté,,,,,,,,,,,1,2,2,1,3.0
201600025057,0016-03-30 18:25:00,16,3,30,18,25,350,238,"122, CHATILLON (DE)",48.0931,-1.6711,Plein jour,En agglomération,Hors intersection,Pluie légère,Autre collision,,,,,,,,,,,1,2,1,2,6.0
201600025058,0016-03-31 07:40:00,16,3,31,7,40,350,238,CARREFOUR NITSCH,48.1018,-1.68441,Plein jour,En agglomération,Intersection à plus de 4 branches,Normale,Autre collision,,,,,,,,,,,1,2,5,1,6.0
201600025059,0016-03-31 08:45:00,16,3,31,8,45,350,238,PORTE DE NANTES,48.0805,-1.67521,Plein jour,En agglomération,Intersection à plus de 4 branches,Normale,Trois véhicules et plus - en chaîne,,,,,,,,,,,1,2,5,1,4.0
201600025060,0016-03-31 17:30:00,16,3,31,17,30,350,238,A.BLAIZE/LOBINEAU,48.0997,-1.68412,Plein jour,En agglomération,Intersection en X,Normale,Autre collision,,,,,,,,,,,1,2,2,1,6.0
201600025061,0016-04-01 07:30:00,16,4,1,7,30,350,238,Rocade,48.1105,-1.71828,Plein jour,En agglomération,Hors intersection,Normale,Deux véhicules - côté,,,,,,,,,,,1,2,1,1,3.0
201600025062,0016-04-01 10:00:00,16,4,1,10,0,350,281,"00, DODIN (AVENUE ROGER)",48.08949,-1.70599,Plein jour,En agglomération,Giratoire,Normale,Deux véhicules - côté,,,,,,,,,,,1,2,6,1,3.0
201600025063,0016-04-01 17:20:00,16,4,1,17,20,350,238,AVENUE ROCJHESTER,48.1277,-1.65328,Plein jour,En agglomération,Hors intersection,Normale,Autre collision,,,,,,,,,,,1,2,1,1,6.0
201600025064,0016-04-01 17:55:00,16,4,1,17,55,350,278,PORTE DE ST MALO,48.1464,-1.69873,Plein jour,En agglomération,Intersection à plus de 4 branches,Normale,Trois véhicules et plus - en chaîne,,,,,,,,,,,1,2,5,1,4.0
201600025065,0016-04-03 21:25:00,16,4,3,21,25,350,238,ISLY/ALLIÉS,48.1051,-1.67753,Nuit avec éclairage allumé,En agglomération,Intersection en X,Normale,Autre collision,,,,,,,,,,,5,2,2,1,6.0
201600025066,0016-04-04 00:30:00,16,4,4,0,30,350,206,PORTE D'ALMA,48.0805,-1.67927,Nuit avec éclairage allumé,En agglomération,Intersection à plus de 4 branches,Normale,Sans collision,,,,,,,,,,,5,2,5,1,7.0
201600025067,0016-04-04 16:40:00,16,4,4,16,40,350,238,GAL GIRAUD/PLÉLO,48.1063,-1.679,Plein jour,En agglomération,Intersection en T,Normale,Autre collision,,,,,,,,,,,1,2,3,1,6.0
201600025068,0016-04-05 08:20:00,16,4,5,8,20,350,238,BD A.BURLOUD,48.1215,-1.66049,Plein jour,En agglomération,Hors intersection,Normale,Autre collision,,,,,,,,,,,1,2,1,1,6.0
201600025069,0016-04-05 17:30:00,16,4,5,17,30,350,238,PATTON/CHAROST,48.1265,-1.66545,Plein jour,En agglomération,Intersection en T,Normale,Trois véhicules et plus - en chaîne,,,,,,,,,,,1,2,3,1,4.0
201600025070,0016-04-07 18:25:00,16,4,7,18,25,350,238,ROCHESTER/GAYEULLES,48.1277,-1.65209,Plein jour,En agglomération,Giratoire,Normale,Trois véhicules et plus - en chaîne,,,,,,,,,,,1,2,6,1,4.0
201600025071,0016-04-07 09:00:00,16,4,7,9,0,350,238,"3, RUE GAMBETTA",48.1111,-1.6746,Plein jour,En agglomération,Hors intersection,Normale,Autre collision,,,,,,,,,,,1,2,1,1,6.0
201600025072,0016-04-07 15:30:00,16,4,7,15,30,350,281,BELLEVUE/BUHOTIÈRES,48.0784,-1.73178,Plein jour,En agglomération,Intersection en X,Normale,Deux véhicules - côté,,,,,,,,,,,1,2,2,1,3.0
201600025073,0016-04-07 19:00:00,16,4,7,19,0,350,51,PORTE DE BEAULIEU,48.10413,-1.605,Plein jour,Hors agglomération,Intersection à plus de 4 branches,Normale,Deux véhicules - frontale,,,,,,,,,,,1,1,5,1,1.0
201600025074,0016-04-07 16:30:00,16,4,7,16,30,350,51,RUE DE CHÂTILLON,48.1157,-1.58237,Plein jour,En agglomération,Hors intersection,Normale,Autre collision,,,,,,,,,,,1,2,1,1,6.0
201600025075,0016-04-08 16:10:00,16,4,8,16,10,350,238,"19, RUE DE BREST",48.1123,-1.69191,Plein jour,En agglomération,Hors intersection,Normale,Sans collision,,,,,,,,,,,1,2,1,1,7.0
201600025076,0016-04-09 05:55:00,16,4,9,5,55,350,238,METZ/BAUDELAIRE,48.1203,-1.66155,Nuit avec éclairage allumé,En agglomération,Intersection en T,Pluie légère,Autre collision,,,,,,,,,,,5,2,3,2,6.0
201600025077,0016-04-10 19:10:00,16,4,10,19,10,350,238,"188, RUE DE FOUGÈRES",48.1248,-1.65722,Plein jour,En agglomération,Hors intersection,Normale,Deux véhicules - arrière,,,,,,,,,,,1,2,1,1,2.0
201600025078,0016-04-11 16:50:00,16,4,11,16,50,350,51,ALLIÉS/RPVAUX,48.1365,-1.62489,Plein jour,En agglomération,Giratoire,Normale,Deux véhicules - côté,,,,,,,,,,,1,2,6,1,3.0
201600025079,0016-04-11 17:45:00,16,4,11,17,45,350,238,STJ.B.SALLE/HAMON,48.1152,-1.70278,Plein jour,En agglomération,Intersection en T,Normale,Deux véhicules - arrière,,,,,,,,,,,1,2,3,1,2.0
201600025080,0016-04-13 20:25:00,16,4,13,20,25,350,238,"31, BD ALBERT 1ER",48.09,-1.68848,Plein jour,En agglomération,Hors intersection,Normale,Autre collision,,,,,,,,,,,1,2,1,1,6.0
201600025081,0016-04-14 13:45:00,16,4,14,13,45,350,238,MITTERAND / VANEAU,48.1089,-1.69293,Plein jour,En agglomération,Intersection en X,Pluie légère,Deux véhicules - côté,,,,,,,,,,,1,2,2,2,3.0
201600025082,0016-04-15 16:35:00,16,4,15,16,35,350,238,BOURGET / GRIMAULT,48.0913,-1.65504,Plein jour,En agglomération,Intersection en T,Normale,Deux véhicules - côté,,,,,,,,,,,1,2,3,1,3.0
201600025083,0016-04-16 11:30:00,16,4,16,11,30,350,238,LORIENT/ROCADE OUEST,48.1071,-1.71897,Plein jour,En agglomération,Intersection à plus de 4 branches,Normale,Deux véhicules - arrière,,,,,,,,,,,1,2,5,1,2.0
201600025084,0016-04-16 17:05:00,16,4,16,17,5,350,238,"25, RUE MANOIR SERVIGNÉ",48.1016,-1.72932,Plein jour,En agglomération,Hors intersection,Normale,Deux véhicules - arrière,,,,,,,,,,,1,2,1,1,2.0
201600025085,0016-04-16 21:00:00,16,4,16,21,0,350,238,"22, BD BEAUMONT",48.1038,-1.67433,Crépuscule ou aube,En agglomération,Hors intersection,Normale,Deux véhicules - côté,,,,,,,,,,,2,2,1,1,3.0
201600025086,0016-04-17 14:25:00,16,4,17,14,25,350,238,DUVAL/BERNARD,48.1035,-1.69401,Plein jour,En agglomération,Intersection en X,Normale,Deux véhicules - côté,,,,,,,,,,,1,2,2,1,3.0
201600025087,0016-04-18 08:00:00,16,4,18,8,0,350,51,BD  DES ALLIES,48.1101,-1.61719,Plein jour,En agglomération,Hors intersection,Normale,Trois véhicules et plus - en chaîne,,,,,,,,,,,1,2,1,1,4.0
201600025088,0016-04-18 08:20:00,16,4,18,8,20,350,238,LOCMARIAQUER/ARRADON,48.1331,-1.67095,Plein jour,En agglomération,Intersection en T,Normale,Deux véhicules - côté,,,,,,,,,,,1,2,3,1,3.0
201600025089,0016-04-18 08:30:00,16,4,18,8,30,350,238,ROCADE NORD OUEST,48.132,-1.70843,Plein jour,En agglomération,Hors intersection,Normale,Deux véhicules - arrière,,,,,,,,,,,1,2,1,1,2.0
201600025090,0016-04-18 16:10:00,16,4,18,16,10,350,238,"120, AV LECLERC",48.1139,-1.63927,Plein jour,En agglomération,Hors intersection,Normale,Autre collision,,,,,,,,,,,1,2,1,1,6.0
201600025091,0016-04-18 18:30:00,16,4,18,18,30,350,278,TERRE ADELIE/VICTORIA,48.1528,-1.69832,Plein jour,En agglomération,Intersection en T,Normale,Deux véhicules - frontale,,,,,,,,,,,1,2,3,1,1.0
201600025092,0016-04-18 20:20:00,16,4,18,20,20,350,238,MITTERRAND/DUPLESSIX,48.109,-1.69096,Plein jour,En agglomération,Intersection en T,Normale,Deux véhicules - côté,,,,,,,,,,,1,2,3,1,3.0
201600025093,0016-04-19 15:00:00,16,4,19,15,0,350,238,CLEMENCEAU/KÉRANGAL,48.0945,-1.68562,Plein jour,En agglomération,Intersection en X,Normale,Deux véhicules - côté,,,,,,,,,,,1,2,2,1,3.0
201600025094,0016-04-20 06:50:00,16,4,20,6,50,350,51,PORTE DE LA RIGOURDIERE,48.1165,-1.56736,Crépuscule ou aube,Hors agglomération,Hors intersection,Normale,Sans collision,,,,,,,,,,,2,1,1,1,7.0
201600025095,0016-04-21 07:30:00,16,4,21,7,30,350,238,PATTON/ST LAURENT,48.1385,-1.65858,Plein jour,En agglomération,Intersection à plus de 4 branches,Normale,Deux véhicules - côté,,,,,,,,,,,1,2,5,1,3.0
201600025096,0016-04-24 22:20:00,16,4,24,22,20,350,238,ST MALO/POCQUET,48.1247,-1.68517,Nuit sans éclairage public,En agglomération,Intersection en X,Normale,Deux véhicules - arrière,,,,,,,,,,,3,2,2,1,2.0
201600025097,0016-04-22 15:30:00,16,4,22,15,30,350,238,PARLEMENT/HUGO,48.1124,-1.67735,Plein jour,En agglomération,Intersection en X,Normale,Deux véhicules - côté,,,,,,,,,,,1,2,2,1,3.0
201600025098,0016-04-22 17:00:00,16,4,22,17,0,350,238,NANTES /V.RAULT,48.0924,-1.69152,Plein jour,En agglomération,Intersection en T,Normale,Deux véhicules - arrière,,,,,,,,,,,1,2,3,1,2.0
201600025099,0016-04-22 16:20:00,16,4,22,16,20,350,238,PORTE DE LORIENT,48.111,-1.71838,Plein jour,En agglomération,Hors intersection,Normale,Trois véhicules et plus - en chaîne,,,,,,,,,,,1,2,1,1,4.0
201600025100,0016-04-22 18:30:00,16,4,22,18,30,350,238,"300, RUE DE FOUGÈRES",48.1311,-1.63757,Plein jour,En agglomération,Hors intersection,Normale,Trois véhicules et plus - en chaîne,,,,,,,,,,,1,2,1,1,4.0
201600025101,0016-04-25 12:30:00,16,4,25,12,30,350,238,RUE DU CLOS COURTEL,48.1301,-1.63115,Plein jour,En agglomération,Hors intersection,Normale,Autre collision,,,,,,,,,,,1,2,1,1,6.0
201600025102,0016-04-25 20:40:00,16,4,25,20,40,350,238,MAGINOT/PROVOST,48.1099,-1.66231,Plein jour,En agglomération,Intersection en T,Normale,Deux véhicules - côté,,,,,,,,,,,1,2,3,1,3.0
201600025103,0016-04-27 09:05:00,16,4,27,9,5,350,238,PORTE DE MAUREPAS,48.1422,-1.65814,Plein jour,En agglomération,Intersection à plus de 4 branches,Normale,Deux véhicules - côté,,,,,,,,,,,1,2,5,1,3.0
201600025104,0016-04-28 05:00:00,16,4,28,5,0,350,238,"135, AV A.BRIAND",48.1103,-1.65642,Nuit avec éclairage allumé,En agglomération,Hors intersection,Normale,Deux véhicules - arrière,,,,,,,,,,,5,2,1,1,2.0
201600025105,0016-04-29 08:00:00,16,4,29,8,0,350,238,ALBERT 1ER/NANTES,48.0903,-1.69219,Crépuscule ou aube,En agglomération,Intersection en X,Normale,Sans collision,,,,,,,,,,,2,2,2,1,7.0
201600025106,0016-04-29 17:05:00,16,4,29,17,5,350,238,G.HERVÉ/O.LEROUX,48.0914,-1.66493,Plein jour,En agglomération,Intersection en T,Pluie légère,Deux véhicules - côté,,,,,,,,,,,1,2,3,2,3.0
201600025107,0016-04-29 18:00:00,16,4,29,18,0,350,238,NANTES/CLEMENCEAU,48.0947,-1.69024,Plein jour,En agglomération,Intersection en X,Pluie forte,Autre collision,,,,,,,,,,,1,2,2,3,6.0
201600025108,0016-04-30 05:30:00,16,4,30,5,30,350,238,AV C.FOULON,48.1205,-1.64486,Nuit avec éclairage allumé,En agglomération,Hors intersection,Normale,Autre collision,,,,,,,,,,,5,2,1,1,6.0
201600025109,0016-05-03 07:42:00,16,5,3,7,42,350,281,BENOIST/TILLON,48.0866,-1.71169,Plein jour,En agglomération,Intersection en T,Normale,Autre collision,,,,,,,,,,,1,2,3,1,6.0
201600025110,0016-05-03 16:20:00,16,5,3,16,20,350,238,"5, AVENUE DU CANADA",48.0886,-1.68228,Plein jour,En agglomération,Hors intersection,Normale,Sans collision,,,,,,,,,,,1,2,1,1,7.0
201600025111,0016-05-04 08:45:00,16,5,4,8,45,350,238,AV BUTTES DE COËSMES,48.1267,-1.63013,Plein jour,En agglomération,Hors intersection,Normale,Deux véhicules - côté,,,,,,,,,,,1,2,1,1,3.0
201600025112,0016-05-04 08:00:00,16,5,4,8,0,350,238,LEGRAVEREND/GUESDE,48.1176,-1.68452,Plein jour,En agglomération,Intersection en T,Normale,Autre collision,,,,,,,,,,,1,2,3,1,6.0
201600025113,0016-05-04 19:00:00,16,5,4,19,0,350,238,PAYS BAS/VOLCLAIR,48.0884,-1.66079,Crépuscule ou aube,En agglomération,Giratoire,Temps éblouissant,Deux véhicules - côté,,,,,,,,,,,2,2,6,7,3.0
201600025114,0016-05-05 07:50:00,16,5,5,7,50,350,238,PORTE DE VILLEJEAN,48.11735,-1.71926,Crépuscule ou aube,En agglomération,Intersection à plus de 4 branches,Normale,Sans collision,,,,,,,,,,,2,2,5,1,7.0
201600025115,0016-05-05 18:20:00,16,5,5,18,20,350,281,"00, DODIN (AVENUE ROGER)",48.07428,-1.71262,Plein jour,En agglomération,Giratoire,Normale,Deux véhicules - côté,,,,,,,,,,,1,2,6,1,3.0
201600025116,0016-05-04 17:40:00,16,5,4,17,40,350,238,PORTE DE MAUREPAS,48.14124,-1.67599,Plein jour,En agglomération,Hors intersection,Normale,Deux véhicules - côté,,,,,,,,,,,1,2,1,1,3.0
201600025117,0016-05-06 11:20:00,16,5,6,11,20,350,55,RD 163,48.0771,-1.63106,Plein jour,En agglomération,Hors intersection,Normale,Deux véhicules - arrière,,,,,,,,,,,1,2,1,1,2.0
201600025118,0016-05-08 17:20:00,16,5,8,17,20,350,238,"43, BD DE L'YSER",48.0921,-1.67324,Plein jour,En agglomération,Hors intersection,Normale,Autre collision,,,,,,,,,,,1,2,1,1,6.0
201600025119,0016-05-09 11:35:00,16,5,9,11,35,350,238,"33, BD VOLTAIRE",48.1051,-1.69667,Plein jour,En agglomération,Hors intersection,Normale,Autre collision,,,,,,,,,,,1,2,1,1,6.0
201600025120,0016-05-11 15:30:00,16,5,11,15,30,350,51,TULIPES/MÉSANGES,48.1145,-1.62855,Plein jour,En agglomération,Giratoire,Normale,Autre collision,,,,,,,,,,,1,2,6,1,6.0
201600025121,0016-05-12 13:40:00,16,5,12,13,40,350,278,D137,48.1503,-1.69956,Plein jour,En agglomération,Hors intersection,Normale,Autre collision,,,,,,,,,,,1,2,1,1,6.0
201600025122,0016-05-12 16:15:00,16,5,12,16,15,350,55,LOGES/MOULIN,48.0876,-1.62555,Plein jour,En agglomération,Intersection en T,Normale,Deux véhicules - frontale,,,,,,,,,,,1,2,3,1,1.0
201600025123,0016-05-12 18:40:00,16,5,12,18,40,350,238,L.GUILLOUX/MARBEUF,48.112,-1.70236,Plein jour,En agglomération,Intersection en X,Normale,Deux véhicules - côté,,,,,,,,,,,1,2,2,1,3.0
201600025124,0016-05-17 11:00:00,16,5,17,11,0,350,238,M.VINCENT/BOSSIÈRE,48.0925,-1.65097,Plein jour,En agglomération,Intersection en T,Temps couvert,Autre collision,,,,,,,,,,,1,2,3,8,6.0
201600025125,0016-05-17 17:15:00,16,5,17,17,15,350,238,"9, RUE DE L'HÔTEL DIEU",48.1172,-1.68046,Plein jour,En agglomération,Hors intersection,Normale,Autre collision,,,,,,,,,,,1,2,1,1,6.0
201600025126,0016-05-18 00:05:00,16,5,18,0,5,350,278,"00, PORTE DE ST MALO",48.14071,-1.69716,Nuit sans éclairage public,Hors agglomération,Hors intersection,Normale,Sans collision,,,,,,,,,,,3,1,1,1,7.0
201600025127,0016-05-18 01:00:00,16,5,18,1,0,350,278,DE GAULLE/BOUTIÈRE,48.1438,-1.68649,Nuit avec éclairage allumé,En agglomération,Giratoire,Normale,Autre collision,,,,,,,,,,,5,2,6,1,6.0
201600025128,0016-05-19 16:50:00,16,5,19,16,50,350,238,"93, BD VOLTAIRE",48.1052,-1.70268,Plein jour,En agglomération,Hors intersection,Normale,Autre collision,,,,,,,,,,,1,2,1,1,6.0
201600025129,0016-05-19 17:30:00,16,5,19,17,30,350,238,"263, AV LECLERC",48.1141,-1.6362,Plein jour,En agglomération,Hors intersection,Normale,Autre collision,,,,,,,,,,,1,2,1,1,6.0
201600025130,0016-05-20 08:40:00,16,5,20,8,40,350,238,V.MAREUIL/FONTAINE,48.1051,-1.65047,Plein jour,En agglomération,Intersection en X,Normale,Deux véhicules - côté,,,,,,,,,,,1,2,2,1,3.0
201600025131,0016-05-20 12:45:00,16,5,20,12,45,350,51,CHAMPS BLANCS/D96,48.1273,-1.6136,Plein jour,En agglomération,Giratoire,Normale,Deux véhicules - frontale,,,,,,,,,,,1,2,6,1,1.0
201600025132,0016-05-20 14:00:00,16,5,20,14,0,350,238,F.CHÂTEAU/STRASBOURG,48.1103,-1.6556,Plein jour,En agglomération,Intersection en X,Normale,Deux véhicules - côté,,,,,,,,,,,1,2,2,1,3.0
201600025133,0016-05-22 23:00:00,16,5,22,23,0,350,238,ROCADE OUEST EXT,48.0951,-1.71107,Nuit sans éclairage public,En agglomération,Hors intersection,Normale,Deux véhicules - arrière,,,,,,,,,,,3,2,1,1,2.0
201600025134,0016-05-23 08:40:00,16,5,23,8,40,350,278,BRETÈCHE/GODIER,48.1456,-1.68523,Plein jour,En agglomération,Intersection en T,Normale,Deux véhicules - côté,,,,,,,,,,,1,2,3,1,3.0
201600025135,0016-05-30 10:15:00,16,5,30,10,15,350,238,"62, BD ALBERT 1ER",48.0889,-1.67616,Plein jour,En agglomération,Hors intersection,Normale,Deux véhicules - côté,,,,,,,,,,,1,2,1,1,3.0
201600025136,0016-05-24 17:30:00,16,5,24,17,30,350,51,BD DES ALLIÉS,48.1186,-1.6207,Plein jour,En agglomération,Hors intersection,Normale,Deux véhicules - côté,,,,,,,,,,,1,2,1,1,3.0
201600025137,0016-05-25 18:40:00,16,5,25,18,40,350,51,PORTE DE BEAULIEU,48.1023,-1.61021,Plein jour,En agglomération,Giratoire,Normale,Deux véhicules - arrière,,,,,,,,,,,1,2,6,1,2.0
201600025138,0016-05-28 05:30:00,16,5,28,5,30,350,238,ROCADE OUEST INT,48.099,-1.71416,Nuit sans éclairage public,En agglomération,Hors intersection,Normale,Autre collision,,,,,,,,,,,3,2,1,1,6.0
201600025139,0016-05-28 17:40:00,16,5,28,17,40,350,278,PORTE DE BEAUREGARD,48.138,-1.69379,Plein jour,En agglomération,Intersection à plus de 4 branches,Normale,Deux véhicules - côté,,,,,,,,,,,1,2,5,1,3.0
201600025140,0016-05-26 21:00:00,16,5,26,21,0,350,238,33 BIS RUE A.PAVIE,48.105,-1.6455,Plein jour,En agglomération,Hors intersection,Normale,Autre collision,,,,,,,,,,,1,2,1,1,6.0
201600025141,0016-05-24 13:45:00,16,5,24,13,45,350,238,"182, CHATEAUGIRON (DE)",48.09787,-1.64315,Plein jour,Hors agglomération,Hors intersection,Normale,Deux véhicules - frontale,,,,,,,,,,,1,1,1,1,1.0
201600025142,0016-05-24 16:00:00,16,5,24,16,0,350,51,GRALL/CLOS COURTEL,48.1319,-1.63288,Plein jour,En agglomération,Intersection en T,Normale,Deux véhicules - côté,,,,,,,,,,,1,2,3,1,3.0
201600025143,0016-05-28 07:44:00,16,5,28,7,44,350,238,"245, RUE DE NANTES",48.095,-1.6901,Plein jour,En agglomération,Hors intersection,Normale,Deux véhicules - arrière,,,,,,,,,,,1,2,1,1,2.0
201600025144,0016-05-27 19:19:00,16,5,27,19,19,350,238,C.TILLON/BOIS LABBÉ,48.1247,-1.70307,Plein jour,En agglomération,Intersection en X,Normale,Deux véhicules - côté,,,,,,,,,,,1,2,2,1,3.0
201600025145,0016-05-29 04:45:00,16,5,29,4,45,350,238,CHÂTILLON/ESPAGNE,48.0866,-1.67193,Nuit avec éclairage allumé,En agglomération,Intersection en X,Normale,Deux véhicules - côté,,,,,,,,,,,5,2,2,1,3.0
201600025146,0016-05-30 09:30:00,16,5,30,9,30,350,278,"00, ROUTE DE SAINT-MALO",48.13643,-1.69251,Plein jour,Hors agglomération,Hors intersection,Normale,Trois véhicules et plus - en chaîne,,,,,,,,,,,1,1,1,1,4.0
201600025147,0016-05-27 18:10:00,16,5,27,18,10,350,55,ALLÉE PAPILLONS,48.0877,-1.6177,Plein jour,En agglomération,Hors intersection,Normale,Autre collision,,,,,,,,,,,1,2,1,1,6.0
201600025148,0016-05-28 12:55:00,16,5,28,12,55,350,238,RUE DE LA FRÉBARDIÈRE,48.1009,-1.62876,Plein jour,En agglomération,Hors intersection,Normale,Deux véhicules - côté,,,,,,,,,,,1,2,1,1,3.0
201600025149,0016-06-02 13:00:00,16,6,2,13,0,350,238,F.ROOSEVELT/VERN,48.0981,-1.65566,Plein jour,En agglomération,Intersection en X,Normale,Deux véhicules - côté,,,,,,,,,,,1,2,2,1,3.0
201600025150,0016-06-01 09:40:00,16,6,1,9,40,350,238,CHÂTEAUGIRON/BOTMEL,48.0941,-1.63435,Plein jour,En agglomération,Intersection en X,Temps couvert,Autre collision,,,,,,,,,,,1,2,2,8,6.0
201600025151,0016-06-03 18:10:00,16,6,3,18,10,350,238,ROCADE OUEST,48.1135,-1.71873,Plein jour,En agglomération,Hors intersection,Normale,Trois véhicules et plus - en chaîne,,,,,,,,,,,1,2,1,1,4.0
201600025152,0016-06-04 01:55:00,16,6,4,1,55,350,278,D 137,48.1481,-1.699,Nuit sans éclairage public,En agglomération,Hors intersection,Normale,Deux véhicules - frontale,,,,,,,,,,,3,2,1,1,1.0
201600025153,0016-06-05 21:00:00,16,6,5,21,0,350,238,LEGRAVEREND/DINAN,48.1173,-1.68311,Plein jour,En agglomération,Intersection en X,Normale,Deux véhicules - frontale,,,,,,,,,,,1,2,2,1,1.0