accident_id,datetime,annee,mois,jour,heure,minute,departement,commune_insee,adresse,latitude,longitude,luminosite,agglomeration,intersection,meteo,collision,nb_vehicules,nb_usagers,nb_indemnes,nb_tues,nb_blesses_hosp,nb_blesses_legers,age_cond_1,age_cond_2,veh_type_cond_1,veh_type_cond_2,lum_code,agg_code,int_code,atm_code,col_code
201600025768,0016-03-18 09:20:00,16,3,18,9,20,370,261,9ème DIVISION DE CAVALER,,,Plein jour,En agglomération,Hors intersection,Normale,Deux véhicules - frontale,,,,,,,,,,,1,2,1,1,1.0
201600025769,0016-03-23 08:45:00,16,3,23,8,45,370,261,38 QUAI  MALRAUX,47.25482,0.58722,Plein jour,En agglomération,Hors intersection,Normale,Sans collision,,,,,,,,,,,1,2,1,1,7.0
201600025770,0016-04-20 17:45:00,16,4,20,17,45,370,261,1 QUAI PORT BRETAGNE,47.39596,0.67703,Plein jour,En agglomération,Hors intersection,Normale,Sans collision,,,,,,,,,,,1,2,1,1,7.0
201600025771,0016-04-21 18:10:00,16,4,21,18,10,370,261,74 bis AV GRAMMONT,,,Plein jour,En agglomération,Hors intersection,Normale,Autre collision,,,,,,,,,,,1,2,1,1,6.0
201600025772,0016-04-22 12:30:00,16,4,22,12,30,370,261,12 RUE DU GAL RENAULT,47.37759,0.68699,Plein jour,En agglomération,Intersection en X,Normale,Deux véhicules - côté,,,,,,,,,,,1,2,2,1,3.0
201600025773,0016-04-23 22:05:00,16,4,23,22,5,370,261,2 RUE  DELAROCHE,47.41799,0.68158,Nuit avec éclairage allumé,En agglomération,Hors intersection,Normale,Autre collision,,,,,,,,,,,5,2,1,1,6.0
201600025774,0016-04-25 08:00:00,16,4,25,8,0,370,122,,47.35832,0.64573,Plein jour,Hors agglomération,Hors intersection,Normale,Trois véhicules et plus - en chaîne,,,,,,,,,,,1,1,1,1,4.0
201600025775,0016-04-26 16:48:00,16,4,26,16,48,370,261,55  RUE DOC CHAUMIER,47.39174,0.66813,Plein jour,En agglomération,Hors intersection,Normale,Autre collision,,,,,,,,,,,1,2,1,1,6.0
201600025776,0016-04-27 12:45:00,16,4,27,12,45,370,233,22 AV JACQUES DUCLOS,47.37873,0.72042,Plein jour,En agglomération,Hors intersection,Normale,Deux véhicules - arrière,,,,,,,,,,,1,2,1,1,2.0
201600025777,0016-04-28 11:30:00,16,4,28,11,30,370,261,95 RUE DE LA FUYE,47.38864,0.7028,Plein jour,En agglomération,Hors intersection,Normale,Deux véhicules - côté,,,,,,,,,,,1,2,1,1,3.0
201600025778,0016-04-29 14:35:00,16,4,29,14,35,370,261,67 AV DE  GRAMMONT,,,Plein jour,En agglomération,Hors intersection,Normale,Deux véhicules - côté,,,,,,,,,,,1,2,1,1,3.0
201600025779,0016-04-29 17:05:00,16,4,29,17,5,370,261,PLACE ANATOLE FRANCE,,,Plein jour,En agglomération,Hors intersection,Temps couvert,Autre collision,,,,,,,,,,,1,2,1,8,6.0
201600025780,0016-04-29 04:15:00,16,4,29,4,15,370,261,RUE DU HALLEBARDIER,47.38117,0.6938,Nuit avec éclairage allumé,En agglomération,Hors intersection,Normale,Sans collision,,,,,,,,,,,5,2,1,1,7.0
201600025781,0016-04-30 15:45:00,16,4,30,15,45,370,261,69 AVENUE DE L EUROPE,47.42364,0.69283,Plein jour,En agglomération,Intersection en X,Normale,Trois véhicules et plus - en chaîne,,,,,,,,,,,1,2,2,1,4.0
201600025782,0016-05-01 20:25:00,16,5,1,20,25,370,261,7 AVENUE DE  GRAMMONT,47.38802,0.68954,Crépuscule ou aube,En agglomération,Hors intersection,Normale,Sans collision,,,,,,,,,,,2,2,1,1,7.0
201600025783,0016-04-29 12:00:00,16,4,29,12,0,370,208,86 AVENUE   BEAUGAILLARD,47.36139,0.72069,Plein jour,En agglomération,Hors intersection,Normale,Autre collision,,,,,,,,,,,1,2,1,1,6.0
201600025784,0016-05-03 10:05:00,16,5,3,10,5,370,261,1 QUAI DE  PORTILLON,47.40111,0.68378,Plein jour,En agglomération,Hors intersection,Normale,Deux véhicules - côté,,,,,,,,,,,1,2,1,1,3.0
201600025785,0016-05-03 18:00:00,16,5,3,18,0,370,261,71 RUE DE  JEMMAPES,47.42086,0.68362,Plein jour,En agglomération,Hors intersection,Normale,Deux véhicules - côté,,,,,,,,,,,1,2,1,1,3.0
201600025786,0016-05-06 08:00:00,16,5,6,8,0,370,261,RUE DE LA VICTOIRE,,,Plein jour,En agglomération,Hors intersection,Normale,Deux véhicules - côté,,,,,,,,,,,1,2,1,1,3.0
201600025787,0016-05-06 06:00:00,16,5,6,6,0,370,214,BD CHARLES DE GAULLE,,,Nuit avec éclairage allumé,En agglomération,Hors intersection,Normale,Autre collision,,,,,,,,,,,5,2,1,1,6.0
201600025788,0016-05-06 09:50:00,16,5,6,9,50,370,261,RUE ROGER SALENGRO,,,Plein jour,En agglomération,Intersection en X,Normale,Deux véhicules - côté,,,,,,,,,,,1,2,2,1,3.0
201600025789,0016-05-06 20:45:00,16,5,6,20,45,370,233,38  RUE MARTIN AUDENET,47.38728,0.71033,Crépuscule ou aube,En agglomération,Intersection en X,Normale,Sans collision,,,,,,,,,,,2,2,2,1,7.0
201600025790,0016-05-07 18:35:00,16,5,7,18,35,370,233,317 RUE MARCEL CACHIN,47.39788,0.75095,Plein jour,En agglomération,Hors intersection,Normale,Deux véhicules - arrière,,,,,,,,,,,1,2,1,1,2.0
201600025791,0016-05-10 17:20:00,16,5,10,17,20,370,233,34 BOULEVARD LANGEVIN,47.39091,0.72903,Plein jour,Hors agglomération,Hors intersection,Normale,Deux véhicules - côté,,,,,,,,,,,1,1,1,1,3.0
201600025792,0016-05-10 12:10:00,16,5,10,12,10,370,261,AVENUE DE L ALOUETTE,47.36234,0.69589,Plein jour,En agglomération,Hors intersection,Pluie légère,Sans collision,,,,,,,,,,,1,2,1,2,7.0
201600025793,0016-05-14 05:40:00,16,5,14,5,40,370,261,60 RUE GIRAUDEAU,,,Nuit avec éclairage allumé,En agglomération,Intersection en X,Normale,Autre collision,,,,,,,,,,,5,2,2,1,6.0
201600025794,0016-05-14 21:05:00,16,5,14,21,5,370,261,74 AVENUE DE  GRAMMONT,47.38397,0.69161,Nuit avec éclairage allumé,En agglomération,Intersection en X,Normale,Sans collision,,,,,,,,,,,5,2,2,1,7.0
201600025795,0016-05-14 19:15:00,16,5,14,19,15,370,195,4 RUE DU  8 MAI 1945,47.38702,0.65926,Plein jour,En agglomération,Intersection en X,Normale,Deux véhicules - côté,,,,,,,,,,,1,2,2,1,3.0
201600025796,0016-05-11 22:15:00,16,5,11,22,15,370,233,AVENUE JACQUES DUCLOS,47.37843,0.71918,Nuit avec éclairage allumé,En agglomération,Hors intersection,Temps couvert,Deux véhicules - frontale,,,,,,,,,,,5,2,1,8,1.0
201600025797,0016-05-16 20:25:00,16,5,16,20,25,370,261,BD JEAN MONNET,47.37489,0.67121,Plein jour,En agglomération,Giratoire,Normale,Deux véhicules - arrière,,,,,,,,,,,1,2,6,1,2.0
201600025798,0016-05-17 10:40:00,16,5,17,10,40,370,261,24  ROUTE ST AVERTIN,47.36542,0.71445,Plein jour,En agglomération,Hors intersection,Normale,Deux véhicules - arrière,,,,,,,,,,,1,2,1,1,2.0
201600025799,0016-05-17 20:00:00,16,5,17,20,0,370,261,247 RUE  GIRAUDEAU,47.37872,0.67744,Plein jour,En agglomération,Intersection en T,Normale,Deux véhicules - côté,,,,,,,,,,,1,2,3,1,3.0
201600025800,0016-05-18 17:00:00,16,5,18,17,0,370,233,66 RUE PIERRE SEMARD,47.38729,0.71436,Plein jour,En agglomération,Hors intersection,Normale,Deux véhicules - arrière,,,,,,,,,,,1,2,1,1,2.0
201600025801,0016-05-18 22:20:00,16,5,18,22,20,370,261,8 AVENUE  DE MILAN,47.36786,0.71349,Nuit avec éclairage allumé,En agglomération,Intersection en T,Pluie forte,Deux véhicules - côté,,,,,,,,,,,5,2,3,3,3.0
201600025802,0016-05-19 12:10:00,16,5,19,12,10,370,122,RUE DU PONT VOLANT,47.36302,0.67397,Plein jour,En agglomération,Intersection en T,Normale,Deux véhicules - côté,,,,,,,,,,,1,2,3,1,3.0
201600025803,0016-05-20 08:50:00,16,5,20,8,50,370,261,DANIEL MAYER,47.41886,0.7029,Plein jour,En agglomération,Intersection en X,Normale,Deux véhicules - côté,,,,,,,,,,,1,2,2,1,3.0
201600025804,0016-05-21 00:05:00,16,5,21,0,5,370,261,RUE DANIEL MAYER,,,Nuit avec éclairage allumé,En agglomération,Intersection en X,Normale,Deux véhicules - côté,,,,,,,,,,,5,2,2,1,3.0
201600025805,0016-05-20 12:20:00,16,5,20,12,20,370,261,66 RUE NATIONALE,47.39283,0.68785,Plein jour,En agglomération,Hors intersection,Normale,Autre collision,,,,,,,,,,,1,2,1,1,6.0
201600025806,0016-05-21 11:55:00,16,5,21,11,55,370,261,RUE VOLTAIRE,47.39569,0.68901,Plein jour,En agglomération,Intersection en X,Normale,Deux véhicules - côté,,,,,,,,,,,1,2,2,1,3.0
201600025807,0016-05-21 20:30:00,16,5,21,20,30,370,214,52 QUAI MAISONS BLANCHES,47.39545,0.66621,Plein jour,En agglomération,Hors intersection,Normale,Sans collision,,,,,,,,,,,1,2,1,1,7.0
201600025808,0016-05-21 20:05:00,16,5,21,20,5,370,233,22 AV JACQUES  DUCLOS,,,Plein jour,En agglomération,Hors intersection,Normale,Deux véhicules - côté,,,,,,,,,,,1,2,1,1,3.0
201600025809,0016-05-23 17:30:00,16,5,23,17,30,370,261,25 RUE MARCEAU,,,Plein jour,En agglomération,Intersection en T,Normale,Autre collision,,,,,,,,,,,1,2,3,1,6.0
201600025810,0016-05-23 21:00:00,16,5,23,21,0,370,261,36  ROUTE DE ST AVERTIN,47.21536,0.42294,Crépuscule ou aube,Hors agglomération,Autre intersection,Normale,Autre collision,,,,,,,,,,,2,1,9,1,6.0
201600025811,0016-05-25 05:05:00,16,5,25,5,5,370,261,AVENUE DE GRAMMONT,,,Nuit avec éclairage allumé,En agglomération,Intersection en X,Normale,Deux véhicules - côté,,,,,,,,,,,5,2,2,1,3.0
201600025812,0016-05-25 12:20:00,16,5,25,12,20,370,261,RUE DU PAVILLON,,,Plein jour,En agglomération,Intersection en X,Normale,Deux véhicules - côté,,,,,,,,,,,1,2,2,1,3.0
201600025813,0016-05-26 06:40:00,16,5,26,6,40,370,122,ROUTE DE SAVONNIERES,47.36738,0.65268,Plein jour,Hors agglomération,Giratoire,Normale,Autre collision,,,,,,,,,,,1,1,6,1,6.0
201600025814,0016-05-26 14:40:00,16,5,26,14,40,370,261,"17-21, ANATOLE FRANCE",47.39645,0.68484,Plein jour,En agglomération,Hors intersection,Normale,Autre collision,,,,,,,,,,,1,2,1,1,6.0
201600025815,0016-05-28 14:55:00,16,5,28,14,55,370,261,PROMENADE DE FLORENCE,47.37251,0.69677,Plein jour,En agglomération,Hors intersection,Normale,Autre collision,,,,,,,,,,,1,2,1,1,6.0
201600025816,0016-05-29 02:30:00,16,5,29,2,30,370,233,QUAI DE LA LOIRE,47.40367,0.76679,Nuit sans éclairage public,En agglomération,Hors intersection,Normale,Deux véhicules - frontale,,,,,,,,,,,3,2,1,1,1.0
201600025817,0016-05-30 09:00:00,16,5,30,9,0,370,214,329 Bd CHARLE DE GAULLE,47.42821,0.65181,Plein jour,En agglomération,Hors intersection,Normale,Deux véhicules - arrière,,,,,,,,,,,1,2,1,1,2.0
201600025818,0016-05-31 10:35:00,16,5,31,10,35,370,261,RUE  MARCEAU,47.39185,0.68583,Plein jour,En agglomération,Intersection en X,Pluie légère,Deux véhicules - côté,,,,,,,,,,,1,2,2,2,3.0
201600025819,0016-05-31 12:17:00,16,5,31,12,17,370,261,BD HEURTELOUP,47.39462,0.70475,Plein jour,En agglomération,Giratoire,Pluie forte,Deux véhicules - arrière,,,,,,,,,,,1,2,6,3,2.0
201600025820,0016-05-31 14:00:00,16,5,31,14,0,370,261,204  RUE  JOLIVET,47.38521,0.70697,Plein jour,En agglomération,Intersection en X,Pluie légère,Deux véhicules - côté,,,,,,,,,,,1,2,2,2,3.0
201600025821,0016-05-31 21:05:00,16,5,31,21,5,370,261,8 AVE?UE DE L ALOUETTE,,,Plein jour,Hors agglomération,Hors intersection,Normale,Autre collision,,,,,,,,,,,1,1,1,1,6.0
201600025822,0016-06-01 01:45:00,16,6,1,1,45,370,195,RD 88,47.38994,0.64819,Nuit sans éclairage public,Hors agglomération,Hors intersection,Normale,Autre collision,,,,,,,,,,,3,1,1,1,6.0
201600025823,0016-06-01 05:35:00,16,6,1,5,35,370,261,AVENUE  DE ALOUETTE,47.36295,0.69697,Nuit avec éclairage non allumé,En agglomération,Hors intersection,Pluie légère,Sans collision,,,,,,,,,,,4,2,1,2,7.0
201600025824,0016-06-01 12:35:00,16,6,1,12,35,370,261,DESTOUCHES /MARCEAU,47.39245,0.68571,Plein jour,En agglomération,Intersection en X,Normale,Deux véhicules - arrière,,,,,,,,,,,1,2,2,1,2.0
201600025825,0016-06-01 16:20:00,16,6,1,16,20,370,214,BD ANDRE GEOGE VOISIN,,,Plein jour,En agglomération,Giratoire,Normale,Deux véhicules - arrière,,,,,,,,,,,1,2,6,1,2.0
201600025826,0016-06-01 19:25:00,16,6,1,19,25,370,233,AVENUE 11 NOVEMBRE,,,Plein jour,En agglomération,Hors intersection,Pluie légère,Autre collision,,,,,,,,,,,1,2,1,2,6.0
201600025827,0016-06-03 15:40:00,16,6,3,15,40,370,122,RUE DE LA DOUZILLIERE,47.33879,0.65312,Plein jour,En agglomération,Giratoire,Normale,Sans collision,,,,,,,,,,,1,2,6,1,7.0
201600025828,0016-06-05 08:50:00,16,6,5,8,50,370,214,BD CHARLES DE GAULLE,47.42918,0.6438,Plein jour,En agglomération,Hors intersection,Normale,Sans collision,,,,,,,,,,,1,2,1,1,7.0
201600025829,0016-06-05 16:25:00,16,6,5,16,25,370,122,RD 37,47.36509,0.65082,Plein jour,Hors agglomération,Hors intersection,Normale,Autre collision,,,,,,,,,,,1,1,1,1,6.0
201600025830,0016-06-06 05:10:00,16,6,6,5,10,370,261,RUE DES  TANNEURS,47.39535,0.67739,Nuit avec éclairage allumé,En agglomération,Hors intersection,Normale,Deux véhicules - côté,,,,,,,,,,,5,2,1,1,3.0
201600025831,0016-06-06 07:31:00,16,6,6,7,31,370,261,1 BD HEURTELOUP,,,Plein jour,En agglomération,Hors intersection,Normale,Autre collision,,,,,,,,,,,1,2,1,1,6.0
201600025832,0016-06-07 15:12:00,16,6,7,15,12,370,261,30 RUE BLAISE PASCAL,47.38755,0.69336,Plein jour,En agglomération,Hors intersection,Temps éblouissant,Autre collision,,,,,,,,,,,1,2,1,7,6.0
201600025833,0016-06-07 19:25:00,16,6,7,19,25,370,261,90 RUE ED VAILLANT,,,Plein jour,En agglomération,Hors intersection,Normale,Deux véhicules - côté,,,,,,,,,,,1,2,1,1,3.0
201600025834,0016-06-07 10:00:00,16,6,7,10,0,370,261,12 RUE PETIT CUPIDON,,,Plein jour,En agglomération,Hors intersection,Normale,Sans collision,,,,,,,,,,,1,2,1,1,7.0
201600025835,0016-06-08 11:15:00,16,6,8,11,15,370,261,BD HEURTELOUP,41.311,3.26,Plein jour,En agglomération,Intersection en X,Normale,Deux véhicules - côté,,,,,,,,,,,1,2,2,1,3.0
201600025836,0016-06-08 12:54:00,16,6,8,12,54,370,261,32 AVENUE DE  GRAMMONT,47.38716,0.69008,Plein jour,En agglomération,Hors intersection,Normale,Deux véhicules - côté,,,,,,,,,,,1,2,1,1,3.0
201600025837,0016-06-08 14:15:00,16,6,8,14,15,370,261,RUE DE JEMMAPES,47.42157,0.68343,Plein jour,En agglomération,Hors intersection,Normale,Sans collision,,,,,,,,,,,1,2,1,1,7.0
201600025838,0016-06-10 17:15:00,16,6,10,17,15,370,261,BD DU MAL JUIN,47.41462,0.70334,Plein jour,En agglomération,Hors intersection,Normale,Trois véhicules et plus - en chaîne,,,,,,,,,,,1,2,1,1,4.0
201600025839,0016-06-11 00:55:00,16,6,11,0,55,370,195,RD 37,47.37827,0.6495,Nuit sans éclairage public,En agglomération,Hors intersection,Temps couvert,Autre collision,,,,,,,,,,,3,2,1,8,6.0
201600025840,0016-06-11 09:25:00,16,6,11,9,25,370,214,RUE DE LA  MAIRIE,47.39784,0.66619,Plein jour,En agglomération,Hors intersection,Temps couvert,Sans collision,,,,,,,,,,,1,2,1,8,7.0
201600025841,0016-06-11 21:30:00,16,6,11,21,30,370,261,242 AV DE LA  TRANCHEE,47.40792,0.68153,Crépuscule ou aube,En agglomération,Hors intersection,Pluie légère,Deux véhicules - frontale,,,,,,,,,,,2,2,1,2,1.0
201600025842,0016-06-12 20:00:00,16,6,12,20,0,370,208,RUE DE LARCAY,47.36861,0.73837,Plein jour,Hors agglomération,Intersection en T,Normale,Deux véhicules - frontale,,,,,,,,,,,1,1,3,1,1.0
201600025843,0016-06-13 17:00:00,16,6,13,17,0,370,261,11  ALLEE ALCUIN,47.36099,0.69038,Plein jour,En agglomération,Hors intersection,Temps couvert,Sans collision,,,,,,,,,,,1,2,1,8,7.0
201600025844,0016-06-14 13:45:00,16,6,14,13,45,370,122,20 ROUTE DE SAVONNIERES,47.3677,0.64293,Plein jour,En agglomération,Hors intersection,Normale,Deux véhicules - arrière,,,,,,,,,,,1,2,1,1,2.0
201600025845,0016-06-15 00:20:00,16,6,15,0,20,370,261,RUE ROUGET DE L'ISLE,47.39257,0.67884,Nuit avec éclairage allumé,En agglomération,Hors intersection,Pluie légère,Autre collision,,,,,,,,,,,5,2,1,2,6.0
201600025846,0016-06-15 13:30:00,16,6,15,13,30,370,261,RUE ED VAILLANT,47.38137,0.70675,Plein jour,En agglomération,Giratoire,Normale,Deux véhicules - côté,,,,,,,,,,,1,2,6,1,3.0
201600025847,0016-06-15 14:05:00,16,6,15,14,5,370,261,RUE MICHELET,47.38889,0.69133,Plein jour,En agglomération,Hors intersection,Normale,Sans collision,,,,,,,,,,,1,2,1,1,7.0
201600025848,0016-06-15 15:45:00,16,6,15,15,45,370,122,RUE JOSEPH CUGNOT,,,Plein jour,En agglomération,Hors intersection,Normale,Deux véhicules - arrière,,,,,,,,,,,1,2,1,1,2.0
201600025849,0016-06-03 14:55:00,16,6,3,14,55,370,195,86 ROUTE  SAINT-GENOUPH,47.38483,0.64198,Plein jour,En agglomération,Giratoire,Normale,Sans collision,,,,,,,,,,,1,2,6,1,7.0
201600025850,0016-06-17 08:30:00,16,6,17,8,30,370,122,RUE DE LA DOUZILLIERE,47.33817,0.65335,Plein jour,En agglomération,Intersection en T,Normale,Deux véhicules - côté,,,,,,,,,,,1,2,3,1,3.0
201600025851,0016-06-17 14:45:00,16,6,17,14,45,370,122,ROUTE DE MONTS,47.32458,0.66246,Plein jour,Hors agglomération,Hors intersection,Normale,Sans collision,,,,,,,,,,,1,1,1,1,7.0
201600025852,0016-06-17 19:00:00,16,6,17,19,0,370,261,BD HEURTELOUP,47.39114,0.69538,Plein jour,En agglomération,Intersection en X,Pluie forte,Autre collision,,,,,,,,,,,1,2,2,3,6.0
201600025853,0016-06-20 16:15:00,16,6,20,16,15,370,261,2 BD THIERS,47.37947,0.69215,Plein jour,En agglomération,Hors intersection,Normale,Autre collision,,,,,,,,,,,1,2,1,1,6.0
201600025854,0016-06-21 19:25:00,16,6,21,19,25,370,261,09 PLACE DU MAL LECLERC,,,Plein jour,En agglomération,Hors intersection,Normale,Deux véhicules - frontale,,,,,,,,,,,1,2,1,1,1.0
201600025855,0016-06-22 01:18:00,16,6,22,1,18,370,214,"""."", LOIRE (QUAI DE LA)",47.39754,0.66744,Nuit avec éclairage allumé,En agglomération,Intersection en T,Normale,Deux véhicules - côté,,,,,,,,,,,5,2,3,1,3.0
201600025856,0016-06-22 20:35:00,16,6,22,20,35,370,261,AV DE LA REPUBLIQUE,47.41101,0.69423,Plein jour,En agglomération,Hors intersection,Normale,Deux véhicules - côté,,,,,,,,,,,1,2,1,1,3.0
201600025857,0016-06-24 15:50:00,16,6,24,15,50,370,122,BORDEAUX (AVENUE DE),47.35926,0.69772,Plein jour,En agglomération,Intersection en T,Normale,Deux véhicules - arrière,,,,,,,,,,,1,2,3,1,2.0
201600025858,0016-06-24 23:15:00,16,6,24,23,15,370,261,73 RUE DE  JEMMAPES,47.42059,0.6837,Nuit avec éclairage allumé,En agglomération,Hors intersection,Normale,Deux véhicules - arrière,,,,,,,,,,,5,2,1,1,2.0
201600025859,0016-06-27 11:40:00,16,6,27,11,40,370,261,"2, MERIEUX (AVENUE MARCE",47.365,0.68305,Plein jour,En agglomération,Hors intersection,Normale,Autre collision,,,,,,,,,,,1,2,1,1,6.0
201600025860,0016-06-29 09:15:00,16,6,29,9,15,370,261,RUE DES BORDIERS,47.43383,0.67441,Plein jour,En agglomération,Intersection en X,Normale,Autre collision,,,,,,,,,,,1,2,2,1,6.0
201600025861,0016-06-29 16:45:00,16,6,29,16,45,370,261,2 ALLEE DU PLESSIS,47.38449,0.69607,Plein jour,En agglomération,Hors intersection,Normale,Autre collision,,,,,,,,,,,1,2,1,1,6.0
201600025862,0016-07-01 10:15:00,16,7,1,10,15,370,122,8 AVENUE  HUGO,47.35105,0.66433,Plein jour,En agglomération,Hors intersection,Normale,Autre collision,,,,,,,,,,,1,2,1,1,6.0
201600025863,0016-07-01 17:09:00,16,7,1,17,9,370,261,2 RUE AUBER,47.39656,0.69247,Plein jour,En agglomération,Hors intersection,Normale,Autre collision,,,,,,,,,,,1,2,1,1,6.0
201600025864,0016-05-07 18:25:00,16,5,7,18,25,370,261,1  AVENUE VATEL,,,Plein jour,En agglomération,Hors intersection,Normale,Deux véhicules - arrière,,,,,,,,,,,1,2,1,1,2.0
201600025865,0016-07-03 18:50:00,16,7,3,18,50,370,261,BD CHURCHILL,,,Plein jour,En agglomération,Hors intersection,Normale,Sans collision,,,,,,,,,,,1,2,1,1,7.0
201600025866,0016-07-03 19:17:00,16,7,3,19,17,370,208,AVENUE DU LAC,47.36695,0.72028,Plein jour,En agglomération,Giratoire,Pluie légère,Sans collision,,,,,,,,,,,1,2,6,2,7.0
201600025867,0016-07-03 12:10:00,16,7,3,12,10,370,122,153 BD DE CHINON,47.35106,0.67919,Plein jour,En agglomération,Hors intersection,Normale,Deux véhicules - arrière,,,,,,,,,,,1,2,1,1,2.0
201600025868,0016-07-04 15:25:00,16,7,4,15,25,370,122,,47.3517,0.64573,Plein jour,Hors agglomération,Hors intersection,Normale,Deux véhicules - arrière,,,,,,,,,,,1,1,1,1,2.0
201600025869,0016-07-05 11:15:00,16,7,5,11,15,370,261,RUE MANCEAU,,,Plein jour,En agglomération,Hors intersection,Normale,Autre collision,,,,,,,,,,,1,2,1,1,6.0
201600025870,0016-07-05 19:05:00,16,7,5,19,5,370,122,GIRATOIRE DU NOBLE JOUE,47.34681,0.64708,Plein jour,En agglomération,Giratoire,Normale,Sans collision,,,,,,,,,,,1,2,6,1,7.0
201600025871,0016-07-07 08:50:00,16,7,7,8,50,370,122,1 RUE DU  COMTE DE MONTS,,,Plein jour,En agglomération,Intersection en Y,Normale,Autre collision,,,,,,,,,,,1,2,4,1,6.0
201600025872,0016-07-07 13:05:00,16,7,7,13,5,370,261,1 CARREFOUR DE VERDUN,47.37386,0.69518,Plein jour,En agglomération,Hors intersection,Normale,Deux véhicules - côté,,,,,,,,,,,1,2,1,1,3.0
201600025873,0016-07-07 20:40:00,16,7,7,20,40,370,261,23 BD   BERANGER,47.38986,0.68492,Plein jour,En agglomération,Hors intersection,Normale,Deux véhicules - côté,,,,,,,,,,,1,2,1,1,3.0
201600025874,0016-07-08 16:40:00,16,7,8,16,40,370,214,1 RUE DES   SOURCES,47.417,0.66677,Plein jour,En agglomération,Hors intersection,Normale,Deux véhicules - côté,,,,,,,,,,,1,2,1,1,3.0
201600025875,0016-07-09 17:23:00,16,7,9,17,23,370,122,,,,Plein jour,En agglomération,Hors intersection,Normale,Autre collision,,,,,,,,,,,1,2,1,1,6.0
201600025876,0016-07-10 01:45:00,16,7,10,1,45,370,261,12  QUAI ANDRE MALRAUX,47.39766,0.6898,Nuit avec éclairage allumé,En agglomération,Hors intersection,Normale,Autre collision,,,,,,,,,,,5,2,1,1,6.0
201600025877,0016-07-12 02:40:00,16,7,12,2,40,370,261,BD RICHARD WAGNER,47.37673,0.71281,Nuit avec éclairage allumé,En agglomération,Autre intersection,Normale,Sans collision,,,,,,,,,,,5,2,9,1,7.0
201600025878,0016-07-12 10:10:00,16,7,12,10,10,370,261,110 RUE DE LA  FUYE,,,Plein jour,En agglomération,Intersection en T,Normale,Deux véhicules - côté,,,,,,,,,,,1,2,3,1,3.0
201600025879,0016-07-12 16:10:00,16,7,12,16,10,370,233,RUE DE GRANGE QUILLET,47.38285,0.72163,Plein jour,En agglomération,Hors intersection,Normale,Sans collision,,,,,,,,,,,1,2,1,1,7.0
201600025880,0016-07-13 08:55:00,16,7,13,8,55,370,261,QUAI PAUL BERT,47.40308,0.70486,Plein jour,En agglomération,Intersection en T,Normale,Sans collision,,,,,,,,,,,1,2,3,1,7.0
201600025881,0016-07-09 23:33:00,16,7,9,23,33,370,261,PONT WILSON,,,Nuit avec éclairage allumé,En agglomération,Hors intersection,Normale,Sans collision,,,,,,,,,,,5,2,1,1,7.0
201600025882,0016-07-18 10:40:00,16,7,18,10,40,370,233,RUE FABIENNE LANDY,47.38762,0.72685,Plein jour,En agglomération,Giratoire,Normale,Deux véhicules - côté,,,,,,,,,,,1,2,6,1,3.0
201600025883,0016-07-18 16:55:00,16,7,18,16,55,370,122,RD 37,47.33965,0.66712,Plein jour,Hors agglomération,Hors intersection,Normale,Autre collision,,,,,,,,,,,1,1,1,1,6.0
201600025884,0016-07-20 11:20:00,16,7,20,11,20,370,261,AVENUE STHENDAL,47.36846,0.71022,Plein jour,En agglomération,Intersection en T,Normale,Deux véhicules - côté,,,,,,,,,,,1,2,3,1,3.0
201600025885,0016-07-20 18:15:00,16,7,20,18,15,370,122,7 RUE DU COLONEL PICOT,47.34727,0.66365,Plein jour,En agglomération,Hors intersection,Normale,Sans collision,,,,,,,,,,,1,2,1,1,7.0
201600025886,0016-07-21 06:40:00,16,7,21,6,40,370,233,AVENUE  JACQUES DUCLOS,47.37968,0.72376,Plein jour,En agglomération,Hors intersection,Normale,Deux véhicules - frontale,,,,,,,,,,,1,2,1,1,1.0
201600025887,0016-07-22 18:40:00,16,7,22,18,40,370,122,RUE DE CHANTEPIE,,,Plein jour,En agglomération,Intersection en X,Normale,Deux véhicules - côté,,,,,,,,,,,1,2,2,1,3.0
201600025888,0016-07-23 18:15:00,16,7,23,18,15,370,261,55  RUE DOCTEURCHAUMIER,47.3917,0.66818,Plein jour,En agglomération,Intersection en X,Normale,Sans collision,,,,,,,,,,,1,2,2,1,7.0
201600025889,0016-07-24 00:35:00,16,7,24,0,35,370,261,JAURES (PLACE JEAN),47.3903,0.68873,Nuit avec éclairage allumé,En agglomération,Intersection en X,Normale,Deux véhicules - côté,,,,,,,,,,,5,2,2,1,3.0
201600025890,0016-07-24 17:10:00,16,7,24,17,10,370,261,QUAI ANDRE  MALRAUX,47.39751,0.69946,Plein jour,En agglomération,Intersection en X,Normale,Deux véhicules - frontale,,,,,,,,,,,1,2,2,1,1.0
201600025891,0016-06-10 11:36:00,16,6,10,11,36,370,208,RUE GRAND COUR,,,Plein jour,En agglomération,Hors intersection,Normale,Sans collision,,,,,,,,,,,1,2,1,1,7.0
201600025892,0016-07-27 17:28:00,16,7,27,17,28,370,214,BD CHARLES  DE GAULLE,47.42007,0.6626,Plein jour,En agglomération,Giratoire,Normale,Deux véhicules - côté,,,,,,,,,,,1,2,6,1,3.0
201600025893,0016-08-01 20:23:00,16,8,1,20,23,370,261,"22, GRAMMONT (AVENUE DE)",47.38772,0.68989,Plein jour,En agglomération,Hors intersection,Normale,Autre collision,,,,,,,,,,,1,2,1,1,6.0
201600025894,0016-08-02 10:30:00,16,8,2,10,30,370,261,7 IMPASSE DE LA SOURCE,47.41129,0.68683,Plein jour,En agglomération,Hors intersection,Normale,Sans collision,,,,,,,,,,,1,2,1,1,7.0