accident_id,datetime,annee,mois,jour,heure,minute,departement,commune_insee,adresse,latitude,longitude,luminosite,agglomeration,intersection,meteo,collision,nb_vehicules,nb_usagers,nb_indemnes,nb_tues,nb_blesses_hosp,nb_blesses_legers,age_cond_1,age_cond_2,veh_type_cond_1,veh_type_cond_2,lum_code,agg_code,int_code,atm_code,col_code
201600026021,0016-11-05 10:30:00,16,11,5,10,30,370,261,AV ANDRE MAGINOT,47.43081,0.70496,Plein jour,En agglomération,Giratoire,Normale,Sans collision,,,,,,,,,,,1,2,6,1,7.0
201600026022,0016-11-05 15:45:00,16,11,5,15,45,370,214,26 RUE DU DOC  RAMON,47.41528,0.67331,Plein jour,En agglomération,Giratoire,Normale,Deux véhicules - côté,,,,,,,,,,,1,2,6,1,3.0
201600026023,0016-11-05 15:15:00,16,11,5,15,15,370,233,116 AV JACQUES DUCLOS,47.38108,0.73392,Plein jour,En agglomération,Hors intersection,Normale,Deux véhicules - côté,,,,,,,,,,,1,2,1,1,3.0
201600026024,0016-11-06 17:30:00,16,11,6,17,30,370,214,RUE VICTOR HUGO,,,Plein jour,En agglomération,Intersection en T,Normale,Deux véhicules - côté,,,,,,,,,,,1,2,3,1,3.0
201600026025,0016-11-07 10:20:00,16,11,7,10,20,370,261,37  BD  BERANGER,47.38892,0.67936,Plein jour,En agglomération,Intersection en X,Pluie légère,Deux véhicules - frontale,,,,,,,,,,,1,2,2,2,1.0
201600026026,0016-11-07 18:00:00,16,11,7,18,0,370,122,ROUTE DE MONTS,47.334,0.664,Nuit avec éclairage allumé,En agglomération,Hors intersection,Pluie légère,Trois véhicules et plus - en chaîne,,,,,,,,,,,5,2,1,2,4.0
201600026027,0016-11-07 14:50:00,16,11,7,14,50,370,261,RUE DE  SAPAILLE,,,Plein jour,En agglomération,Hors intersection,Normale,Sans collision,,,,,,,,,,,1,2,1,1,7.0
201600026028,0016-11-07 20:50:00,16,11,7,20,50,370,261,262 RUE ED VAILLANT,47.382,0.705,Nuit avec éclairage allumé,En agglomération,Hors intersection,Pluie forte,Deux véhicules - côté,,,,,,,,,,,5,2,1,3,3.0
201600026029,0016-11-10 10:00:00,16,11,10,10,0,370,261,RUE DE LA VICTOIRE,47.39286,0.67859,Plein jour,En agglomération,Intersection en X,Normale,Autre collision,,,,,,,,,,,1,2,2,1,6.0
201600026030,0016-11-10 08:25:00,16,11,10,8,25,370,122,125 BD JEAN JAURES,47.34831,0.65969,Plein jour,En agglomération,Intersection en T,Normale,Deux véhicules - côté,,,,,,,,,,,1,2,3,1,3.0
201600026031,0016-11-10 12:05:00,16,11,10,12,5,370,261,47  AVENUE DE PONT CHER,47.36903,0.6765,Plein jour,En agglomération,Hors intersection,Normale,Trois véhicules et plus - en chaîne,,,,,,,,,,,1,2,1,1,4.0
201600026032,0016-11-12 17:25:00,16,11,12,17,25,370,233,AVENUE  JACQUES  DUCLOS,47.3802,0.7277,Nuit avec éclairage allumé,En agglomération,Hors intersection,Pluie légère,Deux véhicules - arrière,,,,,,,,,,,5,2,1,2,2.0
201600026033,0016-11-12 21:15:00,16,11,12,21,15,370,208,AV  DU GAL DE GAULLE,47.35521,0.72364,Nuit avec éclairage allumé,En agglomération,Intersection en X,Pluie légère,Deux véhicules - côté,,,,,,,,,,,5,2,2,2,3.0
201600026034,0016-11-13 22:55:00,16,11,13,22,55,370,214,34 QUAI DE LA LOIRE,,,Nuit avec éclairage allumé,En agglomération,Hors intersection,Normale,Autre collision,,,,,,,,,,,5,2,1,1,6.0
201600026035,0016-10-24 14:20:00,16,10,24,14,20,370,261,AV DU GAL NIESSEL,,,Plein jour,En agglomération,Hors intersection,Pluie légère,Deux véhicules - côté,,,,,,,,,,,1,2,1,2,3.0
201600026036,0016-11-15 18:40:00,16,11,15,18,40,370,261,24bis AVENUE DE GAULLE,47.3813,0.70191,Nuit avec éclairage allumé,En agglomération,Hors intersection,Pluie légère,Trois véhicules et plus - en chaîne,,,,,,,,,,,5,2,1,2,4.0
201600026037,0016-11-16 08:10:00,16,11,16,8,10,370,261,36 RUE DE  JEMMAPES,47.42208,0.68349,Crépuscule ou aube,En agglomération,Hors intersection,Normale,Autre collision,,,,,,,,,,,2,2,1,1,6.0
201600026038,0016-11-16 09:10:00,16,11,16,9,10,370,195,RD 88,47.3894,0.64696,Plein jour,Hors agglomération,Hors intersection,Normale,Autre collision,,,,,,,,,,,1,1,1,1,6.0
201600026039,0016-11-16 09:00:00,16,11,16,9,0,370,122,SQUARE DES MEES,47.34941,0.67351,Plein jour,En agglomération,Hors intersection,Pluie légère,Autre collision,,,,,,,,,,,1,2,1,2,6.0
201600026040,0016-11-13 11:15:00,16,11,13,11,15,370,122,2 RUE GAMARD,47.35079,0.66262,Plein jour,En agglomération,Hors intersection,Normale,Autre collision,,,,,,,,,,,1,2,1,1,6.0
201600026041,0016-11-16 12:40:00,16,11,16,12,40,370,261,RUE GIRAUDEAU,47.37773,0.6776,Plein jour,En agglomération,Intersection en T,Normale,Deux véhicules - côté,,,,,,,,,,,1,2,3,1,3.0
201600026042,0016-11-16 13:20:00,16,11,16,13,20,370,261,55 RUE DU DOC  CHAUMIER,47.39185,0.66806,Plein jour,En agglomération,Hors intersection,Normale,Deux véhicules - arrière,,,,,,,,,,,1,2,1,1,2.0
201600026043,0016-11-16 21:00:00,16,11,16,21,0,370,233,RUE DE LA RABATERIE,47.39206,0.72534,Nuit avec éclairage allumé,En agglomération,Giratoire,Pluie légère,Deux véhicules - côté,,,,,,,,,,,5,2,6,2,3.0
201600026044,0016-11-17 09:05:00,16,11,17,9,5,370,261,BD  WINSTON CHURCHILL,,,Plein jour,En agglomération,Giratoire,Normale,Trois véhicules et plus - collisions multiples,,,,,,,,,,,1,2,6,1,5.0
201600026045,0016-11-16 18:35:00,16,11,16,18,35,370,122,BD DES BRETHONNIERES,47.34607,0.64361,Nuit avec éclairage allumé,En agglomération,Hors intersection,Pluie forte,Autre collision,,,,,,,,,,,5,2,1,3,6.0
201600026046,0016-11-17 18:30:00,16,11,17,18,30,370,261,63 RUE MIRABEAU,47.39525,0.69974,Nuit avec éclairage allumé,En agglomération,Hors intersection,Normale,Deux véhicules - arrière,,,,,,,,,,,5,2,1,1,2.0
201600026047,0016-11-18 18:10:00,16,11,18,18,10,370,261,46 BD TONNELLE,47.38359,0.66828,Nuit avec éclairage allumé,En agglomération,Intersection en X,Pluie légère,Autre collision,,,,,,,,,,,5,2,2,2,6.0
201600026048,0016-11-18 21:45:00,16,11,18,21,45,370,261,BD WILSON CHURCHILL,47.37391,0.69506,Nuit avec éclairage allumé,En agglomération,Giratoire,Pluie forte,Deux véhicules - arrière,,,,,,,,,,,5,2,6,3,2.0
201600026049,0016-11-19 15:10:00,16,11,19,15,10,370,261,RUE FROMENTEL,,,Plein jour,En agglomération,Intersection en T,Normale,Deux véhicules - côté,,,,,,,,,,,1,2,3,1,3.0
201600026050,0016-11-21 08:20:00,16,11,21,8,20,370,233,30 RUE FABIENNE LANDY,,,Plein jour,En agglomération,Hors intersection,Normale,Autre collision,,,,,,,,,,,1,2,1,1,6.0
201600026051,0016-11-22 07:50:00,16,11,22,7,50,370,208,RUE DE GRANDMONT,47.36501,0.71643,Plein jour,En agglomération,Intersection en T,Normale,Deux véhicules - côté,,,,,,,,,,,1,2,3,1,3.0
201600026052,0016-11-22 08:20:00,16,11,22,8,20,370,261,AVENUE DE FLORENCE,47.37967,0.74497,Plein jour,En agglomération,Hors intersection,Normale,Sans collision,,,,,,,,,,,1,2,1,1,7.0
201600026053,0016-11-22 17:20:00,16,11,22,17,20,370,261,85 RUE MICHELET,47.38541,0.69262,Plein jour,En agglomération,Hors intersection,Normale,Autre collision,,,,,,,,,,,1,2,1,1,6.0
201600026054,0016-11-23 09:00:00,16,11,23,9,0,370,261,RUE MICHELET,47.38662,0.6922,Plein jour,En agglomération,Intersection en X,Pluie légère,Deux véhicules - côté,,,,,,,,,,,1,2,2,2,3.0
201600026055,0016-11-27 11:20:00,16,11,27,11,20,370,195,RUE SAINT FRANCOIS,,,Plein jour,En agglomération,Intersection en X,Normale,Sans collision,,,,,,,,,,,1,2,2,1,7.0
201600026056,0016-11-28 00:45:00,16,11,28,0,45,370,122,AVENUE DE BORDEAUX,47.35676,0.69862,Nuit avec éclairage allumé,En agglomération,Intersection en T,Normale,Autre collision,,,,,,,,,,,5,2,3,1,6.0
201600026057,0016-11-28 14:30:00,16,11,28,14,30,370,233,92 RUE DE LA RABATERIE,47.39203,0.72516,Plein jour,En agglomération,Giratoire,Normale,Deux véhicules - côté,,,,,,,,,,,1,2,6,1,3.0
201600026058,0016-09-29 21:10:00,16,9,29,21,10,370,122,ROUTE DE MONTS,,,Nuit sans éclairage public,Hors agglomération,Autre intersection,Normale,Sans collision,,,,,,,,,,,3,1,9,1,7.0
201600026059,0016-11-30 13:40:00,16,11,30,13,40,370,261,58 AV ANDRE MAGINOT,,,Plein jour,En agglomération,Hors intersection,Normale,Autre collision,,,,,,,,,,,1,2,1,1,6.0
201600026060,0016-11-30 15:49:00,16,11,30,15,49,370,261,BD DU MAL JUIN,,,Plein jour,En agglomération,Hors intersection,Normale,Deux véhicules - côté,,,,,,,,,,,1,2,1,1,3.0
201600026061,0016-12-01 10:00:00,16,12,1,10,0,370,233,3 RUE JEAN MOULIN,47.3897,0.72609,Plein jour,En agglomération,Hors intersection,Normale,Autre collision,,,,,,,,,,,1,2,1,1,6.0
201600026062,0016-12-01 20:45:00,16,12,1,20,45,370,261,BD TONNELLE,47.39,0.667,Nuit avec éclairage allumé,En agglomération,Intersection en T,Normale,Trois véhicules et plus - collisions multiples,,,,,,,,,,,5,2,3,1,5.0
201600026063,0016-12-02 08:45:00,16,12,2,8,45,370,261,67 BD HEURTELOUP,47.39127,0.69763,Plein jour,En agglomération,Intersection en X,Normale,Deux véhicules - côté,,,,,,,,,,,1,2,2,1,3.0
201600026064,0016-12-02 10:10:00,16,12,2,10,10,370,233,70 AV DE LA REPUBLIQUE,47.389,0.722,Plein jour,En agglomération,Hors intersection,Normale,Sans collision,,,,,,,,,,,1,2,1,1,7.0
201600026065,0016-11-29 12:08:00,16,11,29,12,8,370,261,2 RUE FRANCHE COMTE,47.42894,0.67907,Plein jour,En agglomération,Hors intersection,Normale,Deux véhicules - arrière,,,,,,,,,,,1,2,1,1,2.0
201600026066,0016-11-29 11:10:00,16,11,29,11,10,370,233,237 AVENUE STALINGRAD,47.39004,0.73328,Plein jour,En agglomération,Hors intersection,Normale,Deux véhicules - côté,,,,,,,,,,,1,2,1,1,3.0
201600026067,0016-12-02 15:25:00,16,12,2,15,25,370,261,PLACE ANATOLE FRANCE,47.39663,0.68596,Plein jour,En agglomération,Intersection en X,Normale,Autre collision,,,,,,,,,,,1,2,2,1,6.0
201600026068,0016-12-02 18:35:00,16,12,2,18,35,370,208,RUE DE CORMERY,47.35674,0.73172,Nuit avec éclairage allumé,En agglomération,Intersection en X,Normale,Deux véhicules - frontale,,,,,,,,,,,5,2,2,1,1.0
201600026069,0016-12-02 22:00:00,16,12,2,22,0,370,195,PERIPHERIQUE OUEST,47.38646,0.64978,Nuit sans éclairage public,Hors agglomération,Hors intersection,Normale,Autre collision,,,,,,,,,,,3,1,1,1,6.0
201600026070,0016-12-02 20:25:00,16,12,2,20,25,370,261,BD DU MAL JUIN,47.41881,0.70472,Nuit avec éclairage allumé,En agglomération,Giratoire,Normale,Deux véhicules - côté,,,,,,,,,,,5,2,6,1,3.0
201600026071,0016-12-06 00:01:00,16,12,6,0,1,370,122,ZA DE LA LIODIERE,47.31018,0.67964,Nuit sans éclairage public,En agglomération,Hors intersection,Temps couvert,Autre collision,,,,,,,,,,,3,2,1,8,6.0
201600026072,0016-12-08 17:30:00,16,12,8,17,30,370,261,RUME DU COLOMBIER,47.41253,0.70057,Nuit avec éclairage allumé,En agglomération,Giratoire,Normale,Autre collision,,,,,,,,,,,5,2,6,1,6.0
201600026073,0016-12-06 11:59:00,16,12,6,11,59,370,208,1 AVENUE DE BEAUGAILLARD,47.36587,0.71805,Plein jour,En agglomération,Giratoire,Normale,Autre collision,,,,,,,,,,,1,2,6,1,6.0
201600026074,0016-12-06 12:16:00,16,12,6,12,16,370,261,RUE DES TANNEURS,47.39628,0.68831,Plein jour,En agglomération,Hors intersection,Normale,Deux véhicules - arrière,,,,,,,,,,,1,2,1,1,2.0
201600026075,0016-12-12 08:30:00,16,12,12,8,30,370,261,25 BD PREUILLY,47.39338,0.67185,Plein jour,En agglomération,Intersection en X,Normale,Autre collision,,,,,,,,,,,1,2,2,1,6.0
201600026076,0016-12-13 19:30:00,16,12,13,19,30,370,261,8 RUE DE LA VICTOIRE,47.395,0.677,Nuit avec éclairage allumé,En agglomération,Hors intersection,Normale,Trois véhicules et plus - en chaîne,,,,,,,,,,,5,2,1,1,4.0
201600026077,0016-12-13 21:25:00,16,12,13,21,25,370,261,AV JEAN PORTALIS,47.36517,0.68367,Nuit avec éclairage allumé,En agglomération,Intersection en X,Normale,Deux véhicules - côté,,,,,,,,,,,5,2,2,1,3.0
201600026078,0016-12-15 09:15:00,16,12,15,9,15,370,261,12 BD WISTON CHURCHIL,47.373,0.689,Plein jour,En agglomération,Hors intersection,Normale,Trois véhicules et plus - en chaîne,,,,,,,,,,,1,2,1,1,4.0
201600026079,0016-12-15 13:10:00,16,12,15,13,10,370,122,RUE DE LA BERGEONNERIE,47.36074,0.6897,Plein jour,En agglomération,Hors intersection,Temps éblouissant,Autre collision,,,,,,,,,,,1,2,1,7,6.0
201600026080,0016-12-15 18:45:00,16,12,15,18,45,370,122,7 RUE JOSEPH CUGNOT,47.34375,0.63979,Nuit avec éclairage allumé,En agglomération,Hors intersection,Normale,Deux véhicules - côté,,,,,,,,,,,5,2,1,1,3.0
201600026081,0016-12-15 19:20:00,16,12,15,19,20,370,261,19 RUE DE VAILLANT,47.38849,0.69649,Nuit sans éclairage public,En agglomération,Hors intersection,Normale,Autre collision,,,,,,,,,,,3,2,1,1,6.0
201600026082,0016-12-19 22:10:00,16,12,19,22,10,370,122,89 BD BRETONNIERES,47.34455,0.63427,Nuit sans éclairage public,En agglomération,Hors intersection,Normale,Autre collision,,,,,,,,,,,3,2,1,1,6.0
201600026083,0016-12-21 17:35:00,16,12,21,17,35,370,261,63 AVENUE DU  DANEMARK,47.43015,0.68201,Nuit sans éclairage public,En agglomération,Hors intersection,Pluie légère,Deux véhicules - arrière,,,,,,,,,,,3,2,1,2,2.0
201600026084,0016-12-21 17:25:00,16,12,21,17,25,370,122,RUE DE LUYNES,47.34607,0.67307,Nuit avec éclairage allumé,En agglomération,Intersection en X,Pluie légère,Deux véhicules - côté,,,,,,,,,,,5,2,2,2,3.0
201600026085,0016-12-21 18:45:00,16,12,21,18,45,370,122,9 PLACE VICTOR HUGO,47.35113,0.66426,Nuit avec éclairage allumé,En agglomération,Hors intersection,Pluie légère,Autre collision,,,,,,,,,,,5,2,1,2,6.0
201600026086,0016-12-21 19:10:00,16,12,21,19,10,370,261,46 RUE GEORGE SAND,47.38775,0.68763,Nuit avec éclairage non allumé,En agglomération,Hors intersection,Pluie forte,Deux véhicules - arrière,,,,,,,,,,,4,2,1,3,2.0
201600026087,0016-12-22 13:50:00,16,12,22,13,50,370,122,RD 37,47.36603,0.65233,Plein jour,En agglomération,Hors intersection,Normale,Deux véhicules - côté,,,,,,,,,,,1,2,1,1,3.0
201600026088,0016-12-22 14:50:00,16,12,22,14,50,370,261,PONT  SAINT SAUVEUR,47.37385,0.67848,Plein jour,En agglomération,Giratoire,Normale,Sans collision,,,,,,,,,,,1,2,6,1,7.0
201600026089,0016-12-22 11:50:00,16,12,22,11,50,370,261,BD RICHARD WAGNER,47.37693,0.7141,Plein jour,En agglomération,Hors intersection,Temps couvert,Autre collision,,,,,,,,,,,1,2,1,8,6.0
201600026090,0016-12-23 10:55:00,16,12,23,10,55,370,261,EIFFEL,47.42826,0.69683,Plein jour,En agglomération,Intersection en X,Brouillard / fumée,Autre collision,,,,,,,,,,,1,2,2,5,6.0
201600026091,0016-12-23 15:55:00,16,12,23,15,55,370,261,23 RUE GASTON PAILHOU,47.39137,0.6816,Plein jour,En agglomération,Hors intersection,Normale,Deux véhicules - arrière,,,,,,,,,,,1,2,1,1,2.0
201600026092,0016-12-23 20:05:00,16,12,23,20,5,370,122,91 BOULE DE CHINON,47.35223,0.68734,Nuit avec éclairage allumé,En agglomération,Hors intersection,Normale,Autre collision,,,,,,,,,,,5,2,1,1,6.0
201600026093,0016-12-24 11:25:00,16,12,24,11,25,370,261,3 RUE JACQUES MARIE ROUG,47.38373,0.69676,Plein jour,En agglomération,Hors intersection,Normale,Sans collision,,,,,,,,,,,1,2,1,1,7.0
201600026094,0016-12-26 07:08:00,16,12,26,7,8,370,261,AVENUE DU DANEMARK,47.43,0.673,Nuit avec éclairage allumé,En agglomération,Giratoire,Pluie légère,Sans collision,,,,,,,,,,,5,2,6,2,7.0
201600026095,0016-12-27 15:40:00,16,12,27,15,40,370,214,24 RUE VICTOR HUGO,47.40281,0.67083,Plein jour,En agglomération,Hors intersection,Normale,Deux véhicules - côté,,,,,,,,,,,1,2,1,1,3.0
201600026096,0016-12-27 17:00:00,16,12,27,17,0,370,208,39 RUE DES GRANGES GALAN,47.37033,0.71819,Crépuscule ou aube,En agglomération,Intersection en Y,Normale,Deux véhicules - arrière,,,,,,,,,,,2,2,4,1,2.0
201600026097,0016-12-28 15:45:00,16,12,28,15,45,370,261,90 RUE ED VAILLANT,47.38696,0.69812,Plein jour,En agglomération,Intersection en T,Normale,Deux véhicules - côté,,,,,,,,,,,1,2,3,1,3.0
201600026098,0016-12-28 01:15:00,16,12,28,1,15,370,261,ROUTE DE SAINT AVERTIN,47.36541,0.71311,Nuit avec éclairage allumé,En agglomération,Intersection en X,Normale,Deux véhicules - côté,,,,,,,,,,,5,2,2,1,3.0
201600026099,0016-01-22 18:00:00,16,1,22,18,0,370,261,AVENUE DE L EUROPE,,,Nuit avec éclairage allumé,En agglomération,Hors intersection,Pluie légère,Autre collision,,,,,,,,,,,5,2,1,2,6.0
201600026100,0016-01-03 16:40:00,16,1,3,16,40,380,53,VILLIEU (CHE DE),45.62334,5.28224,Plein jour,Hors agglomération,Intersection en T,Normale,Deux véhicules - côté,,,,,,,,,,,1,1,3,1,3.0
201600026101,0016-02-09 10:15:00,16,2,9,10,15,380,53,LECLERC (AVENUE DU MAREC,,,Plein jour,En agglomération,Hors intersection,Normale,Deux véhicules - côté,,,,,,,,,,,1,2,1,1,3.0
201600026102,0016-02-21 19:00:00,16,2,21,19,0,380,53,"54, GRENOBLE (ROUTE DE)",,,Nuit avec éclairage allumé,En agglomération,Hors intersection,Normale,Autre collision,,,,,,,,,,,5,2,1,1,6.0
201600026103,0016-04-06 11:00:00,16,4,6,11,0,380,53,"166, LIBERATION",,,Plein jour,En agglomération,Hors intersection,Pluie légère,Autre collision,,,,,,,,,,,1,2,1,2,6.0
201600026104,0016-04-14 21:50:00,16,4,14,21,50,380,53,av LECLERC / victor hugo,45.5864,5.28119,Nuit avec éclairage allumé,En agglomération,Intersection en X,Normale,Deux véhicules - côté,,,,,,,,,,,5,2,2,1,3.0
201600026105,0016-04-21 17:20:00,16,4,21,17,20,380,53,BRANLY (EDOUARD),,,Plein jour,En agglomération,Hors intersection,Normale,Autre collision,,,,,,,,,,,1,2,1,1,6.0
201600026106,0016-05-06 20:50:00,16,5,6,20,50,380,53,ZOLA (AV EMILE),45.58867,5.26959,Crépuscule ou aube,En agglomération,Hors intersection,Normale,Deux véhicules - arrière,,,,,,,,,,,2,2,1,1,2.0
201600026107,0016-05-17 11:53:00,16,5,17,11,53,380,53,"0.000, RESIDENCE",,,Plein jour,En agglomération,Autre intersection,Normale,Autre collision,,,,,,,,,,,1,2,9,1,6.0
201600026108,0016-05-19 09:43:00,16,5,19,9,43,380,53,SAINT MICHEL (BLD),,,Plein jour,En agglomération,Hors intersection,Temps couvert,Autre collision,,,,,,,,,,,1,2,1,8,6.0
201600026109,0016-07-18 18:23:00,16,7,18,18,23,380,53,"0.000, MEDIPOLE (AVENUE",45.35521,4.0,Plein jour,Hors agglomération,Autre intersection,Normale,Autre collision,,,,,,,,,,,1,1,9,1,6.0
201600026110,0016-08-01 09:10:00,16,8,1,9,10,380,53,BELGES (QUAI),45.59205,5.29316,Plein jour,En agglomération,Hors intersection,Normale,Autre collision,,,,,,,,,,,1,2,1,1,6.0
201600026111,0016-08-07 13:45:00,16,8,7,13,45,380,53,"27, BOURBRE (QUAI)",,,Plein jour,En agglomération,Hors intersection,Normale,Deux véhicules - frontale,,,,,,,,,,,1,2,1,1,1.0
201600026112,0016-08-08 15:55:00,16,8,8,15,55,380,53,"3, LUMIERE",,,Plein jour,En agglomération,Intersection en X,Normale,Deux véhicules - côté,,,,,,,,,,,1,2,2,1,3.0
201600026113,0016-11-04 08:00:00,16,11,4,8,0,380,53,1 r Josph BEDOR,45.58317,5.26855,Plein jour,En agglomération,Intersection en X,Normale,Deux véhicules - côté,,,,,,,,,,,1,2,2,1,3.0
201600026114,0016-11-18 04:20:00,16,11,18,4,20,380,53,"2, ALPES",,,Nuit avec éclairage allumé,En agglomération,Intersection en T,Normale,Deux véhicules - côté,,,,,,,,,,,5,2,3,1,3.0
201600026115,0016-12-09 18:45:00,16,12,9,18,45,380,53,12 av Mal LECLERC,45.58673,5.2813,Nuit avec éclairage allumé,En agglomération,Autre intersection,Normale,Deux véhicules - côté,,,,,,,,,,,5,2,9,1,3.0
201600026116,0016-01-07 19:00:00,16,1,7,19,0,380,185,05 R EUGENE FAURE,45.1888,5.73594,Nuit avec éclairage allumé,En agglomération,Hors intersection,Pluie légère,Deux véhicules - frontale,,,,,,,,,,,5,2,1,2,1.0
201600026117,0016-01-08 11:35:00,16,1,8,11,35,380,229,RN 87,45.20264,5.78209,Plein jour,Hors agglomération,Hors intersection,Pluie légère,Autre collision,,,,,,,,,,,1,1,1,2,6.0
201600026118,0016-01-15 10:30:00,16,1,15,10,30,380,169,"00, BOULEVARD PAUL LANGE",45.19395,5.67627,Plein jour,En agglomération,Intersection en T,Normale,Deux véhicules - côté,,,,,,,,,,,1,2,3,1,3.0
201600026119,0016-01-17 14:50:00,16,1,17,14,50,380,185,RUE ALBERT REYNIER,45.16772,5.70425,Plein jour,En agglomération,Hors intersection,Normale,Deux véhicules - arrière,,,,,,,,,,,1,2,1,1,2.0
201600026120,0016-01-29 18:00:00,16,1,29,18,0,380,185,"., EUGENE FAURE (RUE)",45.1887,5.7345,Nuit avec éclairage allumé,En agglomération,Intersection en X,Normale,Deux véhicules - côté,,,,,,,,,,,5,2,2,1,3.0
201600026121,0016-02-05 21:10:00,16,2,5,21,10,380,421,AV MARCEL CACHIN,45.16294,5.75263,Nuit avec éclairage allumé,En agglomération,Hors intersection,Normale,Deux véhicules - arrière,,,,,,,,,,,5,2,1,1,2.0
201600026122,0016-02-06 18:25:00,16,2,6,18,25,380,185,"122, STALINGRAD (RUE DE)",,,Nuit avec éclairage allumé,En agglomération,Hors intersection,Normale,Autre collision,,,,,,,,,,,5,2,1,1,6.0
201600026123,0016-02-14 06:30:00,16,2,14,6,30,380,185,AUTOROUTE A 480,,,Nuit sans éclairage public,En agglomération,Hors intersection,Normale,Deux véhicules - arrière,,,,,,,,,,,3,2,1,1,2.0
201600026124,0016-02-15 11:50:00,16,2,15,11,50,380,421,RUE DE LA PHYSIQUE,45.1922,5.76358,Plein jour,En agglomération,Hors intersection,Normale,Autre collision,,,,,,,,,,,1,2,1,1,6.0
201600026125,0016-02-13 22:38:00,16,2,13,22,38,380,421,RN 87,45.1802,5.77676,Nuit sans éclairage public,Hors agglomération,Hors intersection,Normale,Sans collision,,,,,,,,,,,3,1,1,1,7.0
201600026126,0016-02-17 19:30:00,16,2,17,19,30,380,185,"7, PLACE DOCTEUR GIRARD",45.19637,5.73441,Nuit avec éclairage allumé,En agglomération,Place,Normale,Autre collision,,,,,,,,,,,5,2,7,1,6.0
201600026127,0016-02-25 12:30:00,16,2,25,12,30,380,185,AUTOROUTE A 480,45.18094,5.7024,Plein jour,Hors agglomération,Hors intersection,Pluie forte,Trois véhicules et plus - en chaîne,,,,,,,,,,,1,1,1,3,4.0
201600026128,0016-02-26 12:25:00,16,2,26,12,25,380,185,"00, GAMBETTA (BOULEVARD)",45.18727,5.72382,Plein jour,En agglomération,Intersection en T,Normale,Deux véhicules - côté,,,,,,,,,,,1,2,3,1,3.0
201600026129,0016-03-01 12:10:00,16,3,1,12,10,380,185,"., RUE CLAUDE GENIN",45.1805,5.7417,Plein jour,En agglomération,Intersection en T,Normale,Autre collision,,,,,,,,,,,1,2,3,1,6.0
201600026130,0016-03-08 14:38:00,16,3,8,14,38,380,185,"11, JEAN PAIN (BOULEVARD",45.1868,5.7362,Plein jour,En agglomération,Hors intersection,Pluie légère,Deux véhicules - côté,,,,,,,,,,,1,2,1,2,3.0
201600026131,0016-03-12 09:20:00,16,3,12,9,20,380,185,31 BD MARECHAL FOCH,45.18067,5.7221,Plein jour,En agglomération,Hors intersection,Normale,Autre collision,,,,,,,,,,,1,2,1,1,6.0
201600026132,0016-03-12 12:15:00,16,3,12,12,15,380,185,"29, BOULEVARD GAMBETTA",45.1881,5.72341,Plein jour,En agglomération,Hors intersection,Normale,Autre collision,,,,,,,,,,,1,2,1,1,6.0
201600026133,0016-03-14 18:00:00,16,3,14,18,0,380,179,"10, REPUBLIQUE (PLACE DE",45.18208,5.7927,Crépuscule ou aube,En agglomération,Hors intersection,Normale,Autre collision,,,,,,,,,,,2,2,1,1,6.0
201600026134,0016-03-15 15:00:00,16,3,15,15,0,380,151,"110, COURS JEAN JAURES",45.14126,5.70323,Plein jour,En agglomération,Hors intersection,Normale,Deux véhicules - côté,,,,,,,,,,,1,2,1,1,3.0
201600026135,0016-03-18 06:30:00,16,3,18,6,30,380,151,A.480,45.15101,5.69705,Crépuscule ou aube,Hors agglomération,Hors intersection,Normale,Autre collision,,,,,,,,,,,2,1,1,1,6.0
201600026136,0016-03-18 15:30:00,16,3,18,15,30,380,151,"16, RUE JEAN-PIERRE TIMB",45.14382,5.70831,Plein jour,En agglomération,Hors intersection,Normale,Autre collision,,,,,,,,,,,1,2,1,1,6.0
201600026137,0016-03-20 10:55:00,16,3,20,10,55,380,185,"., PLACE DOCTEUR GIRARD",45.1971,5.7364,Plein jour,En agglomération,Giratoire,Normale,Deux véhicules - côté,,,,,,,,,,,1,2,6,1,3.0
201600026138,0016-03-21 13:40:00,16,3,21,13,40,380,421,"24, AVENUE POTIE",45.1734,5.7555,Plein jour,En agglomération,Hors intersection,Normale,Autre collision,,,,,,,,,,,1,2,1,1,6.0
201600026139,0016-03-23 16:30:00,16,3,23,16,30,380,169,"83, A.BRIAND",,,Plein jour,En agglomération,Hors intersection,Normale,Autre collision,,,,,,,,,,,1,2,1,1,6.0
201600026140,0016-03-25 02:25:00,16,3,25,2,25,380,185,"31, BOULEVARD JOSEPH VAL",45.17631,5.72355,Nuit avec éclairage allumé,En agglomération,Hors intersection,Normale,Autre collision,,,,,,,,,,,5,2,1,1,6.0
201600026141,0016-03-29 18:15:00,16,3,29,18,15,380,185,"31, RUE LO LAGRANGE",45.17631,5.72355,Plein jour,En agglomération,Hors intersection,Normale,Autre collision,,,,,,,,,,,1,2,1,1,6.0
201600026142,0016-04-02 20:30:00,16,4,2,20,30,380,516,VERDUN (AV. DE),45.19247,5.74652,Plein jour,En agglomération,Hors intersection,Normale,Deux véhicules - arrière,,,,,,,,,,,1,2,1,1,2.0
201600026143,0016-04-12 11:25:00,16,4,12,11,25,380,185,"20, SCHWEITZER (RUE DOCT",45.17284,5.70767,Plein jour,En agglomération,Hors intersection,Normale,Autre collision,,,,,,,,,,,1,2,1,1,6.0