accident_id,datetime,annee,mois,jour,heure,minute,departement,commune_insee,adresse,latitude,longitude,luminosite,agglomeration,intersection,meteo,collision,nb_vehicules,nb_usagers,nb_indemnes,nb_tues,nb_blesses_hosp,nb_blesses_legers,age_cond_1,age_cond_2,veh_type_cond_1,veh_type_cond_2,lum_code,agg_code,int_code,atm_code,col_code
201600026266,0016-07-12 19:43:00,16,7,12,19,43,380,563,"74, BECQUART-CASTELBON (",,,Plein jour,En agglomération,Hors intersection,Pluie forte,Trois véhicules et plus - en chaîne,,,,,,,,,,,1,2,1,3,4.0
201600026267,0016-09-04 17:45:00,16,9,4,17,45,380,563,"SN, RAVAT (RUE J.)",45.36913,5.58441,Plein jour,En agglomération,Hors intersection,Normale,Deux véhicules - côté,,,,,,,,,,,1,2,1,1,3.0
201600026268,0016-09-17 09:50:00,16,9,17,9,50,380,563,"21, TEZIER (AVENUE R.)",45.36763,5.58963,Plein jour,En agglomération,Autre intersection,Pluie forte,Deux véhicules - arrière,,,,,,,,,,,1,2,9,3,2.0
201600026269,0016-09-18 14:45:00,16,9,18,14,45,380,563,"73, PATINIERE (AVENUE DE",45.2,5.35,Plein jour,En agglomération,Hors intersection,Normale,Trois véhicules et plus - collisions multiples,,,,,,,,,,,1,2,1,1,5.0
201600026270,0016-10-04 10:30:00,16,10,4,10,30,380,563,"21, HUIT-MAI 1945 (AVENU",45.3756,5.55808,Plein jour,En agglomération,Hors intersection,Normale,Deux véhicules - arrière,,,,,,,,,,,1,2,1,1,2.0
201600026271,0016-10-07 07:35:00,16,10,7,7,35,380,563,"8, BERT (RUE P.)",45.36905,5.58307,Plein jour,En agglomération,Intersection en T,Normale,Trois véhicules et plus - collisions multiples,,,,,,,,,,,1,2,3,1,5.0
201600026272,0016-11-12 10:00:00,16,11,12,10,0,380,563,"4, VERDUN (AVENUE DE)",45.36,5.58,Plein jour,En agglomération,Hors intersection,Normale,Deux véhicules - arrière,,,,,,,,,,,1,2,1,1,2.0
201600026273,0016-11-13 14:00:00,16,11,13,14,0,380,563,"213, VERDIN (MONTEE DU)",45.40047,,Plein jour,Hors agglomération,Hors intersection,Pluie légère,Deux véhicules - frontale,,,,,,,,,,,1,1,1,2,1.0
201600026274,0016-11-18 06:35:00,16,11,18,6,35,380,563,"11, FAIGE-BLANC (RUE)",45.37,5.58,Nuit avec éclairage allumé,En agglomération,Hors intersection,Normale,Autre collision,,,,,,,,,,,5,2,1,1,6.0
201600026275,0016-12-14 17:55:00,16,12,14,17,55,380,563,HUIT-MAI 1945 (AVENUE DU,45.37753,5.58148,Crépuscule ou aube,En agglomération,Hors intersection,Normale,Deux véhicules - frontale,,,,,,,,,,,2,2,1,1,1.0
201600026276,0016-01-04 09:35:00,16,1,4,9,35,390,198,,47.10489,5.47383,Plein jour,Hors agglomération,Hors intersection,Pluie forte,Deux véhicules - frontale,,,,,,,,,,,1,1,1,3,1.0
201600026277,0016-01-06 18:30:00,16,1,6,18,30,390,233,,47.07789,5.46288,Nuit sans éclairage public,Hors agglomération,Hors intersection,Pluie légère,Autre collision,,,,,,,,,,,3,1,1,2,6.0
201600026278,0016-01-20 20:10:00,16,1,20,20,10,390,198,32 Rue de la Sous Préf.,47.09362,5.49362,Nuit avec éclairage allumé,En agglomération,Hors intersection,Normale,Autre collision,,,,,,,,,,,5,2,1,1,6.0
201600026279,0016-03-21 14:20:00,16,3,21,14,20,390,198,,47.1056,5.47465,Plein jour,Hors agglomération,Hors intersection,Normale,Deux véhicules - frontale,,,,,,,,,,,1,1,1,1,1.0
201600026280,0016-03-15 16:40:00,16,3,15,16,40,390,198,Allée des Prés Buffard,47.07332,5.48663,Plein jour,Hors agglomération,Hors intersection,Normale,Sans collision,,,,,,,,,,,1,1,1,1,7.0
201600026281,0016-06-19 10:50:00,16,6,19,10,50,390,198,Av. de Lahr - Passerelle,47.09036,5.49689,Plein jour,En agglomération,Hors intersection,Temps couvert,Autre collision,,,,,,,,,,,1,2,1,8,6.0
201600026282,0016-07-15 13:00:00,16,7,15,13,0,390,198,,47.11065,5.4977,Plein jour,Hors agglomération,Hors intersection,Temps éblouissant,Sans collision,,,,,,,,,,,1,1,1,7,7.0
201600026283,0016-07-24 06:15:00,16,7,24,6,15,390,198,,47.10471,5.47368,Crépuscule ou aube,Hors agglomération,Hors intersection,Temps couvert,Sans collision,,,,,,,,,,,2,1,1,8,7.0
201600026284,0016-07-28 18:55:00,16,7,28,18,55,390,150,(CORA) 7A Rte Nationale,47.06473,5.45373,Plein jour,En agglomération,Giratoire,Normale,Autre collision,,,,,,,,,,,1,2,6,1,6.0
201600026285,0016-09-22 10:40:00,16,9,22,10,40,390,198,292 Av. Jacques Duhamel,47.07331,5.46837,Plein jour,En agglomération,Hors intersection,Normale,Autre collision,,,,,,,,,,,1,2,1,1,6.0
201600026286,0016-10-16 19:25:00,16,10,16,19,25,390,198,,47.10529,5.47422,Crépuscule ou aube,Hors agglomération,Hors intersection,Normale,Deux véhicules - arrière,,,,,,,,,,,2,1,1,1,2.0
201600026287,0016-10-19 17:40:00,16,10,19,17,40,390,198,R. Jaurès/R. Aymé,47.09388,5.49783,Plein jour,En agglomération,Intersection en T,Normale,Deux véhicules - côté,,,,,,,,,,,1,2,3,1,3.0
201600026288,0016-10-30 17:35:00,16,10,30,17,35,390,198,Av. de Lahr - Passerelle,47.09097,5.49736,Nuit avec éclairage allumé,En agglomération,Hors intersection,Normale,Autre collision,,,,,,,,,,,5,2,1,1,6.0
201600026289,0016-11-19 22:30:00,16,11,19,22,30,390,233,Au droit embr Av. Verdun,47.07613,5.46062,Nuit sans éclairage public,Hors agglomération,Hors intersection,Normale,Trois véhicules et plus - collisions multiples,,,,,,,,,,,3,1,1,1,5.0
201600026290,0016-12-03 01:45:00,16,12,3,1,45,390,198,30 Av. Léon Jouhaux,47.08901,5.48139,Nuit avec éclairage allumé,En agglomération,Hors intersection,Normale,Autre collision,,,,,,,,,,,5,2,1,1,6.0
201600026291,0016-02-01 16:40:00,16,2,1,16,40,390,300,,46.66935,5.54728,Plein jour,En agglomération,Intersection en X,Normale,Deux véhicules - côté,,,,,,,,,,,1,2,2,1,3.0
201600026292,0016-04-14 15:15:00,16,4,14,15,15,390,300,Pl. Philibert de Chalon,46.67573,5.55391,Plein jour,En agglomération,Hors intersection,Normale,Autre collision,,,,,,,,,,,1,2,1,1,6.0
201600026293,0016-04-21 21:00:00,16,4,21,21,0,390,362,,46.69089,5.49979,Nuit sans éclairage public,Hors agglomération,Hors intersection,Normale,Autre collision,,,,,,,,,,,3,1,1,1,6.0
201600026294,0016-07-02 09:25:00,16,7,2,9,25,390,362,R. du 19/03/62-G.Casino,46.67522,5.53963,Plein jour,En agglomération,Hors intersection,Normale,Autre collision,,,,,,,,,,,1,2,1,1,6.0
201600026295,0016-07-10 11:00:00,16,7,10,11,0,390,300,X Ru Monnier/Rt Besancon,46.68091,5.55791,Plein jour,En agglomération,Intersection en T,Normale,Autre collision,,,,,,,,,,,1,2,3,1,6.0
201600026296,0016-09-22 07:05:00,16,9,22,7,5,390,300,X Vernier/Pascal,46.67272,5.57601,Plein jour,En agglomération,Intersection en T,Normale,Deux véhicules - côté,,,,,,,,,,,1,2,3,1,3.0
201600026297,0016-10-13 18:00:00,16,10,13,18,0,390,362,Rue de Vallière,46.67539,5.53663,Crépuscule ou aube,En agglomération,Hors intersection,Pluie forte,Autre collision,,,,,,,,,,,2,2,1,3,6.0
201600026298,0016-10-14 20:10:00,16,10,14,20,10,390,300,Bd Th. Vernier,46.67905,5.57299,Nuit avec éclairage allumé,Hors agglomération,Hors intersection,Pluie légère,Autre collision,,,,,,,,,,,5,1,1,2,6.0
201600026299,0016-11-05 18:25:00,16,11,5,18,25,390,300,Parking GEANT CASINO,46.67435,5.54019,Nuit avec éclairage allumé,En agglomération,Hors intersection,Pluie forte,Autre collision,,,,,,,,,,,5,2,1,3,6.0
201600026300,0016-11-07 13:45:00,16,11,7,13,45,390,300,343 Rue du Château d'Eau,46.67882,5.57024,Plein jour,En agglomération,Hors intersection,Normale,Autre collision,,,,,,,,,,,1,2,1,1,6.0
201600026301,0016-12-13 14:20:00,16,12,13,14,20,390,300,39 Avenue Camille Prost,46.67228,5.56563,Plein jour,En agglomération,Hors intersection,Normale,Autre collision,,,,,,,,,,,1,2,1,1,6.0
201600026302,0016-12-03 12:40:00,16,12,3,12,40,400,279,LIBERTE (AVE DE LA),43.72285,-1.05157,Plein jour,En agglomération,Intersection en X,Normale,Trois véhicules et plus - collisions multiples,,,,,,,,,,,1,2,2,1,5.0
201600026303,0016-03-17 13:15:00,16,3,17,13,15,400,279,"384, MINIERES (ROUTE DES",43.71788,-1.08494,Plein jour,Hors agglomération,Hors intersection,Normale,Trois véhicules et plus - collisions multiples,,,,,,,,,,,1,1,1,1,5.0
201600026304,0016-02-04 05:50:00,16,2,4,5,50,400,88,PENETRANTE EST - CD 129,43.72417,-1.03737,Nuit sans éclairage public,Hors agglomération,Giratoire,Normale,Deux véhicules - côté,,,,,,,,,,,3,1,6,1,3.0
201600026305,0016-05-18 08:45:00,16,5,18,8,45,400,279,RESISTANCE (AVE DE LA),43.72475,-1.06023,Plein jour,En agglomération,Hors intersection,Normale,Autre collision,,,,,,,,,,,1,2,1,1,6.0
201600026306,0016-04-17 11:10:00,16,4,17,11,10,400,279,"., MINIERES (ROUTE DES)",43.71662,-1.08195,Plein jour,Hors agglomération,Hors intersection,Normale,Deux véhicules - frontale,,,,,,,,,,,1,1,1,1,1.0
201600026307,0016-03-23 20:50:00,16,3,23,20,50,400,279,RESISTANCE (AVE DE LA),43.72528,-1.06403,Nuit avec éclairage allumé,En agglomération,Intersection en T,Normale,Deux véhicules - côté,,,,,,,,,,,5,2,3,1,3.0
201600026308,0016-04-21 16:20:00,16,4,21,16,20,400,279,HALAGE (ROUTE DU),43.73237,-1.03216,Plein jour,Hors agglomération,Hors intersection,Pluie légère,Deux véhicules - frontale,,,,,,,,,,,1,1,1,2,1.0
201600026309,0016-06-30 13:30:00,16,6,30,13,30,400,279,RESISTANCE (AVE DE LA),43.72395,-1.05315,Plein jour,En agglomération,Intersection en X,Normale,Deux véhicules - frontale,,,,,,,,,,,1,2,2,1,1.0
201600026310,0016-07-24 18:50:00,16,7,24,18,50,400,88,"115, SAINT-VINCENT DE PA",43.71705,-1.05346,Plein jour,En agglomération,Hors intersection,Normale,Autre collision,,,,,,,,,,,1,2,1,1,6.0
201600026311,0016-05-11 19:45:00,16,5,11,19,45,400,88,OIES (PLACE AUX),43.71314,-1.05486,Plein jour,En agglomération,Hors intersection,Normale,Sans collision,,,,,,,,,,,1,2,1,1,7.0
201600026312,0016-09-03 19:30:00,16,9,3,19,30,400,88,RESIDENCE CHALOSSE (CUYE,43.70172,-1.05152,Plein jour,En agglomération,Hors intersection,Normale,Autre collision,,,,,,,,,,,1,2,1,1,6.0
201600026313,0016-07-09 15:55:00,16,7,9,15,55,400,88,TERCIS (ROUTE DE),43.69503,-1.06878,Plein jour,En agglomération,Intersection en T,Normale,Deux véhicules - côté,,,,,,,,,,,1,2,3,1,3.0
201600026314,0016-10-29 15:30:00,16,10,29,15,30,400,88,SAINT-PIERRE (BLD),43.71086,-1.04985,Plein jour,En agglomération,Hors intersection,Normale,Autre collision,,,,,,,,,,,1,2,1,1,6.0
201600026315,0016-11-29 07:20:00,16,11,29,7,20,400,88,TERCIS (ROUTE DE),43.6989,-1.0657,Nuit avec éclairage allumé,En agglomération,Intersection en X,Brouillard / fumée,Deux véhicules - côté,,,,,,,,,,,5,2,2,5,3.0
201600026316,0016-01-12 15:35:00,16,1,12,15,35,400,192,"432, FOCH (AV DU MARECHA",43.89548,-0.49271,Plein jour,En agglomération,Hors intersection,Pluie légère,Trois véhicules et plus - en chaîne,,,,,,,,,,,1,2,1,2,4.0
201600026317,0016-12-24 09:10:00,16,12,24,9,10,400,192,"., PARKING LECLERC",43.86446,-0.48217,Plein jour,Hors agglomération,Hors intersection,Pluie légère,Autre collision,,,,,,,,,,,1,1,1,2,6.0
201600026318,0016-02-02 18:10:00,16,2,2,18,10,400,192,TUDELA (BD DE),43.88806,-0.51594,Nuit avec éclairage allumé,En agglomération,Intersection en T,Normale,Deux véhicules - côté,,,,,,,,,,,5,2,3,1,3.0
201600026319,0016-01-13 07:55:00,16,1,13,7,55,400,192,MAINGUY (BD YVES),43.88287,-0.48187,Nuit avec éclairage allumé,En agglomération,Intersection en T,Normale,Deux véhicules - côté,,,,,,,,,,,5,2,3,1,3.0
201600026320,0016-02-11 15:55:00,16,2,11,15,55,400,192,"., PLACE PORTE CAMPET",43.89297,-0.50525,Plein jour,En agglomération,Intersection en T,Temps couvert,Deux véhicules - côté,,,,,,,,,,,1,2,3,8,3.0
201600026321,0016-02-24 15:05:00,16,2,24,15,5,400,281,"., SAINT-SEVER (AV DE)",43.85806,-0.51752,Plein jour,Hors agglomération,Intersection en T,Normale,Deux véhicules - côté,,,,,,,,,,,1,1,3,1,3.0
201600026322,0016-04-15 12:00:00,16,4,15,12,0,400,192,"., LAGRANGE (RUE DE LA)",43.88835,-0.50799,Plein jour,En agglomération,Hors intersection,Normale,Autre collision,,,,,,,,,,,1,2,1,1,6.0
201600026323,0016-05-16 08:11:00,16,5,16,8,11,400,192,ROCADE EST (RD 932 E),43.87512,-0.46894,Plein jour,Hors agglomération,Giratoire,Normale,Sans collision,,,,,,,,,,,1,1,6,1,7.0
201600026324,0016-05-27 12:35:00,16,5,27,12,35,400,192,"1510, HOUGA (AV DU)",43.87812,-0.47741,Plein jour,En agglomération,Hors intersection,Normale,Trois véhicules et plus - en chaîne,,,,,,,,,,,1,2,1,1,4.0
201600026325,0016-07-24 09:20:00,16,7,24,9,20,400,192,"., PIERRE BENOIT",43.89663,-0.51253,Plein jour,En agglomération,Hors intersection,Normale,Deux véhicules - côté,,,,,,,,,,,1,2,1,1,3.0
201600026326,0016-08-01 20:50:00,16,8,1,20,50,400,192,"44, VICTOR HUGO",43.89308,-0.50104,Plein jour,En agglomération,Hors intersection,Normale,Deux véhicules - arrière,,,,,,,,,,,1,2,1,1,2.0
201600026327,0016-08-05 08:10:00,16,8,5,8,10,400,192,"., JUIN (V DU MARECHAL)",43.9028,0.47929,Plein jour,En agglomération,Giratoire,Temps éblouissant,Deux véhicules - côté,,,,,,,,,,,1,2,6,7,3.0
201600026328,0016-08-09 18:30:00,16,8,9,18,30,400,281,ROCADE SUD RD 824,43.86233,-0.48552,Plein jour,En agglomération,Giratoire,Normale,Deux véhicules - côté,,,,,,,,,,,1,2,6,1,3.0
201600026329,0016-08-12 10:00:00,16,8,12,10,0,400,192,"., CANENX (AV DE) R.D. 5",43.91852,-0.48435,Plein jour,Hors agglomération,Hors intersection,Normale,Deux véhicules - côté,,,,,,,,,,,1,1,1,1,3.0
201600026330,0016-08-19 05:15:00,16,8,19,5,15,400,192,CANENX (AV DE) R.D. 53,43.90395,-0.48315,Nuit avec éclairage allumé,Hors agglomération,Hors intersection,Normale,Autre collision,,,,,,,,,,,5,1,1,1,6.0
201600026331,0016-08-31 18:50:00,16,8,31,18,50,400,192,"397, LACROUTS (AV DE)",43.88588,-0.46978,Plein jour,En agglomération,Autre intersection,Normale,Deux véhicules - côté,,,,,,,,,,,1,2,9,1,3.0
201600026332,0016-09-13 11:25:00,16,9,13,11,25,400,192,"., GAMBETTA LEON (RUE)",43.8895,-0.50107,Plein jour,En agglomération,Hors intersection,Normale,Autre collision,,,,,,,,,,,1,2,1,1,6.0
201600026333,0016-11-16 19:00:00,16,11,16,19,0,400,192,"., PLACE JEAN JAURES",43.88733,0.50019,Nuit avec éclairage allumé,En agglomération,Giratoire,Normale,Deux véhicules - côté,,,,,,,,,,,5,2,6,1,3.0
201600026334,0016-12-10 19:23:00,16,12,10,19,23,400,192,"425, DUPOUY (AV JEAN)",43.89277,-0.46568,Nuit avec éclairage allumé,En agglomération,Hors intersection,Normale,Autre collision,,,,,,,,,,,5,2,1,1,6.0
201600026335,0016-10-17 17:40:00,16,10,17,17,40,410,18,FRANCE (AVENUE DE),47.59147,1.31259,Plein jour,En agglomération,Hors intersection,Normale,Autre collision,,,,,,,,,,,1,2,1,1,6.0
201600026336,0016-11-26 21:22:00,16,11,26,21,22,410,18,SAINT-JEAN (QUAI),47.58994,1.34189,Nuit avec éclairage allumé,En agglomération,Hors intersection,Normale,Deux véhicules - côté,,,,,,,,,,,5,2,1,1,3.0
201600026337,0016-01-09 09:20:00,16,1,9,9,20,410,18,DUPUIS (BOULEVARD DANIEL,47.58238,1.32372,Plein jour,En agglomération,Hors intersection,Normale,Deux véhicules - frontale,,,,,,,,,,,1,2,1,1,1.0
201600026338,0016-01-14 15:05:00,16,1,14,15,5,410,18,D174,47.59487,1.35273,Plein jour,Hors agglomération,Hors intersection,Pluie légère,Trois véhicules et plus - collisions multiples,,,,,,,,,,,1,1,1,2,5.0
201600026339,0016-01-27 11:00:00,16,1,27,11,0,410,18,PAPIN (RUE DENIS),47.58664,1.33519,Plein jour,En agglomération,Hors intersection,Normale,Autre collision,,,,,,,,,,,1,2,1,1,6.0
201600026340,0016-01-28 07:55:00,16,1,28,7,55,410,18,"1, TOURVILLE (RUE DU MAR",47.5924,1.30815,Nuit avec éclairage allumé,En agglomération,Hors intersection,Pluie légère,Autre collision,,,,,,,,,,,5,2,1,2,6.0
201600026341,0016-01-29 11:45:00,16,1,29,11,45,410,47,RD 2152,47.60799,1.35519,Plein jour,En agglomération,Intersection en T,Normale,Deux véhicules - côté,,,,,,,,,,,1,2,3,1,3.0
201600026342,0016-02-05 21:20:00,16,2,5,21,20,410,295,CD72,47.59658,1.38162,Nuit sans éclairage public,Hors agglomération,Hors intersection,Normale,Sans collision,,,,,,,,,,,3,1,1,1,7.0
201600026343,0016-01-16 14:10:00,16,1,16,14,10,410,18,AUGE (BOULEVARD MARC ET,47.56965,1.34052,Plein jour,En agglomération,Hors intersection,Normale,Trois véhicules et plus - collisions multiples,,,,,,,,,,,1,2,1,1,5.0
201600026344,0016-01-28 19:05:00,16,1,28,19,5,410,18,RIFFAULT (RUE EUGENE),47.59083,1.34094,Nuit avec éclairage allumé,En agglomération,Intersection en T,Normale,Deux véhicules - frontale,,,,,,,,,,,5,2,3,1,1.0
201600026345,0016-02-10 08:50:00,16,2,10,8,50,410,18,BODIN (RUE LOUIS),47.59291,1.33569,Plein jour,En agglomération,Hors intersection,Normale,Autre collision,,,,,,,,,,,1,2,1,1,6.0
201600026346,0016-02-12 15:38:00,16,2,12,15,38,410,18,LESUEUR (RUE DU DOCTEUR),47.59905,1.34486,Plein jour,En agglomération,Intersection en T,Pluie légère,Deux véhicules - côté,,,,,,,,,,,1,2,3,2,3.0
201600026347,0016-02-19 15:40:00,16,2,19,15,40,410,18,D174,47.59584,1.35149,Plein jour,Hors agglomération,Hors intersection,Normale,Deux véhicules - arrière,,,,,,,,,,,1,1,1,1,2.0
201600026348,0016-02-24 18:05:00,16,2,24,18,5,410,18,CITES UNIES (ROND POINT),47.61077,1.33816,Plein jour,En agglomération,Giratoire,Pluie légère,Deux véhicules - arrière,,,,,,,,,,,1,2,6,2,2.0
201600026349,0016-02-27 12:20:00,16,2,27,12,20,410,18,FLANDRES (RUE DES),47.59675,1.33472,Plein jour,En agglomération,Hors intersection,Normale,Autre collision,,,,,,,,,,,1,2,1,1,6.0
201600026350,0016-02-27 17:20:00,16,2,27,17,20,410,18,BAUDET (RUE ETIENNE) 1,47.58751,1.31859,Plein jour,En agglomération,Hors intersection,Normale,Deux véhicules - côté,,,,,,,,,,,1,2,1,1,3.0
201600026351,0016-03-08 10:31:00,16,3,8,10,31,410,18,CITES UNIES (ROND POINT),47.6099,1.33766,Plein jour,Hors agglomération,Hors intersection,Normale,Deux véhicules - arrière,,,,,,,,,,,1,1,1,1,2.0
201600026352,0016-03-29 16:50:00,16,3,29,16,50,410,212,VAL FLEURI (RUE DU),47.57124,1.36139,Plein jour,En agglomération,Hors intersection,Pluie légère,Deux véhicules - frontale,,,,,,,,,,,1,2,1,2,1.0
201600026353,0016-03-30 15:00:00,16,3,30,15,0,410,47,RD 2152,47.61149,1.35911,Plein jour,En agglomération,Hors intersection,Normale,Deux véhicules - frontale,,,,,,,,,,,1,2,1,1,1.0
201600026354,0016-03-31 18:00:00,16,3,31,18,0,410,18,DUGAY-TROUIN (RUE)  Nø I,47.59537,1.30111,Plein jour,En agglomération,Hors intersection,Pluie légère,Deux véhicules - côté,,,,,,,,,,,1,2,1,2,3.0
201600026355,0016-03-08 12:09:00,16,3,8,12,9,410,18,CHATEAUDUN (AVENUE DE),47.60649,1.32758,Plein jour,En agglomération,Intersection en X,Normale,Autre collision,,,,,,,,,,,1,2,2,1,6.0
201600026356,0016-04-01 15:10:00,16,4,1,15,10,410,18,GARENNE (RUE DE LA),47.58765,1.3256,Plein jour,En agglomération,Hors intersection,Normale,Autre collision,,,,,,,,,,,1,2,1,1,6.0
201600026357,0016-04-08 21:10:00,16,4,8,21,10,410,295,PIERRE GILLES DE GENNES,47.5727,1.37298,Nuit avec éclairage allumé,En agglomération,Hors intersection,Normale,Sans collision,,,,,,,,,,,5,2,1,1,7.0
201600026358,0016-04-11 14:00:00,16,4,11,14,0,410,47,"6, SAINT LAZARE (RUE)",47.61178,1.35826,Plein jour,En agglomération,Intersection en T,Pluie légère,Deux véhicules - côté,,,,,,,,,,,1,2,3,2,3.0
201600026359,0016-04-14 16:20:00,16,4,14,16,20,410,18,CITES UNIES (BOULEVARD D,47.60669,1.34336,Plein jour,Hors agglomération,Hors intersection,Pluie légère,Deux véhicules - arrière,,,,,,,,,,,1,1,1,2,2.0
201600026360,0016-04-20 15:10:00,16,4,20,15,10,410,18,"70, WILSON (AVENUE DU PR",47.58057,1.3444,Plein jour,En agglomération,Hors intersection,Normale,Deux véhicules - côté,,,,,,,,,,,1,2,1,1,3.0
201600026361,0016-04-16 15:50:00,16,4,16,15,50,410,18,FRANCOIS MITTERAND (PONT,47.57803,1.32113,Plein jour,En agglomération,Hors intersection,Pluie légère,Deux véhicules - arrière,,,,,,,,,,,1,2,1,2,2.0
201600026362,0016-04-27 13:35:00,16,4,27,13,35,410,212,PATTE D'OIE (rond point),47.56185,1.37368,Plein jour,En agglomération,Giratoire,Normale,Deux véhicules - côté,,,,,,,,,,,1,2,6,1,3.0
201600026363,0016-04-28 16:13:00,16,4,28,16,13,410,18,PICARDIE (RUE DE),47.59748,1.33652,Plein jour,En agglomération,Hors intersection,Normale,Autre collision,,,,,,,,,,,1,2,1,1,6.0
201600026364,0016-04-28 16:40:00,16,4,28,16,40,410,18,CHATEAUDUN (AVENUE DE),47.60066,1.3283,Plein jour,En agglomération,Intersection en T,Normale,Deux véhicules - côté,,,,,,,,,,,1,2,3,1,3.0
201600026365,0016-05-04 08:00:00,16,5,4,8,0,410,18,CHATEAUDUN (AVENUE DE),47.60751,1.32762,Plein jour,En agglomération,Autre intersection,Normale,Deux véhicules - côté,,,,,,,,,,,1,2,9,1,3.0
201600026366,0016-04-29 23:30:00,16,4,29,23,30,410,18,BUTTE (AVENUE DE LA),47.58324,1.32086,Nuit avec éclairage allumé,En agglomération,Intersection en T,Normale,Deux véhicules - côté,,,,,,,,,,,5,2,3,1,3.0
201600026367,0016-05-07 16:25:00,16,5,7,16,25,410,18,VENDOME (AVENUE DE),47.60073,1.31869,Plein jour,En agglomération,Hors intersection,Normale,Deux véhicules - côté,,,,,,,,,,,1,2,1,1,3.0
201600026368,0016-05-11 17:30:00,16,5,11,17,30,410,18,DUGAY-TROUIN (RUE)  Nø I,47.5912,1.29935,Plein jour,En agglomération,Hors intersection,Normale,Deux véhicules - côté,,,,,,,,,,,1,2,1,1,3.0
201600026369,0016-05-13 13:55:00,16,5,13,13,55,410,47,RD 952A,47.61138,1.33947,Plein jour,Hors agglomération,Hors intersection,Pluie légère,Deux véhicules - arrière,,,,,,,,,,,1,1,1,2,2.0
201600026370,0016-05-21 10:50:00,16,5,21,10,50,410,18,VERRIERES (CHEMIN DE),47.56712,1.31276,Plein jour,Hors agglomération,Hors intersection,Normale,Sans collision,,,,,,,,,,,1,1,1,1,7.0
201600026371,0016-05-23 08:10:00,16,5,23,8,10,410,18,DUGAY-TROUIN (RUE)  Nø I,47.59539,1.30112,Plein jour,En agglomération,Hors intersection,Pluie légère,Deux véhicules - côté,,,,,,,,,,,1,2,1,2,3.0
201600026372,0016-05-24 17:30:00,16,5,24,17,30,410,18,JOSEPH PAUL BONCOUR (RON,47.57489,1.32463,Plein jour,En agglomération,Giratoire,Normale,Deux véhicules - arrière,,,,,,,,,,,1,2,6,1,2.0
201600026373,0016-05-20 17:45:00,16,5,20,17,45,410,18,FRANCE (AVENUE DE)  1,47.59036,1.31197,Plein jour,En agglomération,Hors intersection,Normale,Autre collision,,,,,,,,,,,1,2,1,1,6.0
201600026374,0016-06-03 21:30:00,16,6,3,21,30,410,295,RD 174,47.58198,1.36643,Crépuscule ou aube,En agglomération,Hors intersection,Normale,Sans collision,,,,,,,,,,,2,2,1,1,7.0
201600026375,0016-06-02 19:40:00,16,6,2,19,40,410,18,WILSON (AVENUE DU PRESID,47.5814,1.3431,Plein jour,En agglomération,Intersection en X,Normale,Deux véhicules - côté,,,,,,,,,,,1,2,2,1,3.0
201600026376,0016-06-12 19:00:00,16,6,12,19,0,410,18,BROSSELETTE (AVENUE PIER,47.56903,1.33196,Plein jour,En agglomération,Hors intersection,Pluie légère,Deux véhicules - arrière,,,,,,,,,,,1,2,1,2,2.0
201600026377,0016-06-13 18:40:00,16,6,13,18,40,410,18,AZIN (RUE DE L'),47.61361,1.33042,Plein jour,En agglomération,Hors intersection,Normale,Deux véhicules - frontale,,,,,,,,,,,1,2,1,1,1.0
201600026378,0016-06-23 13:25:00,16,6,23,13,25,410,18,RD200,47.61541,1.30541,Plein jour,Hors agglomération,Hors intersection,Normale,Trois véhicules et plus - en chaîne,,,,,,,,,,,1,1,1,1,4.0
201600026379,0016-06-27 12:20:00,16,6,27,12,20,410,18,"247, CABOCHON (RUE DE)",47.57656,1.30029,Plein jour,En agglomération,Hors intersection,Normale,Autre collision,,,,,,,,,,,1,2,1,1,6.0
201600026380,0016-06-28 12:05:00,16,6,28,12,5,410,212,CHARMILLES (RUE DES),47.5605,1.36616,Plein jour,En agglomération,Intersection en X,Normale,Deux véhicules - côté,,,,,,,,,,,1,2,2,1,3.0
201600026381,0016-06-15 08:35:00,16,6,15,8,35,410,18,"66, VENDOME (AVENUE DE)",47.59887,1.32195,Plein jour,En agglomération,Hors intersection,Normale,Autre collision,,,,,,,,,,,1,2,1,1,6.0
201600026382,0016-07-20 03:40:00,16,7,20,3,40,410,295,RD 174,47.58632,1.36377,Nuit sans éclairage public,Hors agglomération,Hors intersection,Normale,Sans collision,,,,,,,,,,,3,1,1,1,7.0
201600026383,0016-07-25 18:55:00,16,7,25,18,55,410,18,ROND POINT HUGH HARTER,47.61338,1.32754,Plein jour,En agglomération,Giratoire,Normale,Trois véhicules et plus - en chaîne,,,,,,,,,,,1,2,6,1,4.0
201600026384,0016-07-31 21:00:00,16,7,31,21,0,410,18,LESUEUR (RUE DU DOCTEUR),47.60052,1.34267,Plein jour,En agglomération,Hors intersection,Normale,Deux véhicules - frontale,,,,,,,,,,,1,2,1,1,1.0
201600026385,0016-08-12 18:25:00,16,8,12,18,25,410,18,VENDOME (AVENUE DE),47.6002,1.31965,Plein jour,En agglomération,Intersection en X,Normale,Deux véhicules - côté,,,,,,,,,,,1,2,2,1,3.0
201600026386,0016-08-22 17:35:00,16,8,22,17,35,410,47,,47.6031,1.34985,Plein jour,En agglomération,Hors intersection,Normale,Trois véhicules et plus - en chaîne,,,,,,,,,,,1,2,1,1,4.0