accident_id,datetime,annee,mois,jour,heure,minute,departement,commune_insee,adresse,latitude,longitude,luminosite,agglomeration,intersection,meteo,collision,nb_vehicules,nb_usagers,nb_indemnes,nb_tues,nb_blesses_hosp,nb_blesses_legers,age_cond_1,age_cond_2,veh_type_cond_1,veh_type_cond_2,lum_code,agg_code,int_code,atm_code,col_code
201600026387,0016-08-24 13:10:00,16,8,24,13,10,410,295,TAILLES  (RUE DES),47.59164,1.38742,Plein jour,En agglomération,Hors intersection,Normale,Deux véhicules - arrière,,,,,,,,,,,1,2,1,1,2.0
201600026388,0016-09-13 17:30:00,16,9,13,17,30,410,18,CITES UNIES (BOULEVARD D,47.60305,1.3479,Plein jour,Hors agglomération,Hors intersection,Normale,Deux véhicules - arrière,,,,,,,,,,,1,1,1,1,2.0
201600026389,0016-09-15 08:00:00,16,9,15,8,0,410,18,"18, DORGELES (RUE ROLAND",47.58206,1.3097,Plein jour,En agglomération,Hors intersection,Pluie légère,Sans collision,,,,,,,,,,,1,2,1,2,7.0
201600026390,0016-09-15 16:50:00,16,9,15,16,50,410,18,RIFFAULT (Bd EUGENE),47.59073,1.33755,Plein jour,En agglomération,Hors intersection,Normale,Deux véhicules - arrière,,,,,,,,,,,1,2,1,1,2.0
201600026391,0016-08-17 16:40:00,16,8,17,16,40,410,18,PINCONNIERE (AVENUE DE L,47.5856,1.30028,Plein jour,En agglomération,Hors intersection,Normale,Deux véhicules - frontale,,,,,,,,,,,1,2,1,1,1.0
201600026392,0016-08-28 04:47:00,16,8,28,4,47,410,295,D174,47.589,1.36022,Nuit sans éclairage public,Hors agglomération,Hors intersection,Normale,Deux véhicules - arrière,,,,,,,,,,,3,1,1,1,2.0
201600026393,0016-10-06 17:20:00,16,10,6,17,20,410,295,RD 174,47.59407,1.35386,Plein jour,Hors agglomération,Hors intersection,Normale,Trois véhicules et plus - en chaîne,,,,,,,,,,,1,1,1,1,4.0
201600026394,0016-10-14 10:25:00,16,10,14,10,25,410,18,"145, MAUNOURY (AVENUE DU",47.59973,1.34572,Plein jour,En agglomération,Hors intersection,Normale,Sans collision,,,,,,,,,,,1,2,1,1,7.0
201600026395,0016-10-14 09:08:00,16,10,14,9,8,410,18,DUGAY-TROUIN (RUE)  Nø I,47.59237,1.29965,Plein jour,En agglomération,Hors intersection,Normale,Deux véhicules - arrière,,,,,,,,,,,1,2,1,1,2.0
201600026396,0016-10-17 07:00:00,16,10,17,7,0,410,18,"66, VENDOME (AVENUE DE)",47.59888,1.32188,Nuit avec éclairage allumé,En agglomération,Hors intersection,Normale,Autre collision,,,,,,,,,,,5,2,1,1,6.0
201600026397,0016-10-01 19:55:00,16,10,1,19,55,410,18,FENELON (RUE),47.58713,1.3155,Nuit avec éclairage allumé,En agglomération,Hors intersection,Normale,Deux véhicules - côté,,,,,,,,,,,5,2,1,1,3.0
201600026398,0016-10-30 05:50:00,16,10,30,5,50,410,18,DUPRE (RUE),47.58205,1.34374,Nuit avec éclairage allumé,En agglomération,Hors intersection,Brouillard / fumée,Sans collision,,,,,,,,,,,5,2,1,5,7.0
201600026399,0016-11-05 09:30:00,16,11,5,9,30,410,18,VASCO DE GAMA (RUE),47.59237,1.30628,Plein jour,En agglomération,Intersection en T,Normale,Deux véhicules - côté,,,,,,,,,,,1,2,3,1,3.0
201600026400,0016-11-07 12:23:00,16,11,7,12,23,410,18,"22, MAUNOURY (AVENUE DU",47.59136,1.33612,Plein jour,En agglomération,Hors intersection,Pluie légère,Sans collision,,,,,,,,,,,1,2,1,2,7.0
201600026401,0016-11-10 03:45:00,16,11,10,3,45,410,295,RD 174,47.58543,1.36456,Nuit sans éclairage public,Hors agglomération,Hors intersection,Normale,Sans collision,,,,,,,,,,,3,1,1,1,7.0
201600026402,0016-11-23 22:35:00,16,11,23,22,35,410,18,"16, GARENNE (RUE DE LA)",47.58785,1.32515,Nuit avec éclairage allumé,En agglomération,Hors intersection,Normale,Sans collision,,,,,,,,,,,5,2,1,1,7.0
201600026403,0016-11-20 12:00:00,16,11,20,12,0,410,18,MARE (RUE DE LA),47.59647,1.3237,Plein jour,En agglomération,Hors intersection,Normale,Deux véhicules - arrière,,,,,,,,,,,1,2,1,1,2.0
201600026404,0016-12-07 09:30:00,16,12,7,9,30,410,47,"46, RD 2152",47.60825,1.35532,Plein jour,En agglomération,Hors intersection,Normale,Autre collision,,,,,,,,,,,1,2,1,1,6.0
201600026405,0016-12-07 13:00:00,16,12,7,13,0,410,295,CHAMBORD (ROUTE DE),47.57701,1.36531,Plein jour,En agglomération,Hors intersection,Normale,Deux véhicules - arrière,,,,,,,,,,,1,2,1,1,2.0
201600026406,0016-11-23 17:50:00,16,11,23,17,50,410,18,CHATEAU-RENAULT (ROUTE D,47.58201,1.30007,Nuit avec éclairage allumé,En agglomération,Hors intersection,Normale,Autre collision,,,,,,,,,,,5,2,1,1,6.0
201600026407,0016-12-01 17:30:00,16,12,1,17,30,410,47,,47.61218,1.3598,Nuit avec éclairage allumé,En agglomération,Hors intersection,Normale,Trois véhicules et plus - en chaîne,,,,,,,,,,,5,2,1,1,4.0
201600026408,0016-12-15 07:45:00,16,12,15,7,45,410,295,"98, CHAMBORD (ROUTE DE)",47.5769,1.37822,Crépuscule ou aube,En agglomération,Hors intersection,Normale,Deux véhicules - côté,,,,,,,,,,,2,2,1,1,3.0
201600026409,0016-12-22 13:50:00,16,12,22,13,50,410,295,CHAMBORD (ROUTE DE),47.57759,1.37549,Plein jour,En agglomération,Intersection en T,Pluie légère,Deux véhicules - côté,,,,,,,,,,,1,2,3,2,3.0
201600026410,0016-12-23 13:55:00,16,12,23,13,55,410,18,"42, MONTESQUIEU (RUE)",47.58846,1.30425,Plein jour,En agglomération,Hors intersection,Normale,Autre collision,,,,,,,,,,,1,2,1,1,6.0
201600026411,0016-01-05 12:10:00,16,1,5,12,10,410,269,"., KENNEDY (BOULEVARD DU",47.80026,1.05743,Plein jour,En agglomération,Intersection en X,Normale,Deux véhicules - côté,,,,,,,,,,,1,2,2,1,3.0
201600026412,0016-12-23 16:10:00,16,12,23,16,10,410,226,"37, RN 10",47.81109,1.0738,Plein jour,En agglomération,Intersection à plus de 4 branches,Normale,Deux véhicules - frontale,,,,,,,,,,,1,2,5,1,1.0
201600026413,0016-01-15 16:00:00,16,1,15,16,0,410,269,PARIS (ROUTE DE),47.8042,1.07115,Plein jour,En agglomération,Intersection en X,Normale,Autre collision,,,,,,,,,,,1,2,2,1,6.0
201600026414,0016-01-21 17:40:00,16,1,21,17,40,410,269,"., CHASSEURS (RUE DU 20E",47.80322,1.06102,Crépuscule ou aube,En agglomération,Intersection en T,Normale,Deux véhicules - côté,,,,,,,,,,,2,2,3,1,3.0
201600026415,0016-02-25 16:40:00,16,2,25,16,40,410,269,"11, FRANCE (BOULEVARD DE",47.80638,1.06797,Plein jour,En agglomération,Hors intersection,Normale,Autre collision,,,,,,,,,,,1,2,1,1,6.0
201600026416,0016-03-16 09:20:00,16,3,16,9,20,410,269,"., FRANCE (BOULEVARD DE)",47.80646,1.06602,Plein jour,En agglomération,Intersection en T,Normale,Autre collision,,,,,,,,,,,1,2,3,1,6.0
201600026417,0016-05-05 02:55:00,16,5,5,2,55,410,226,"44, DANZE (ROUTE DE)",47.81471,1.07059,Nuit avec éclairage non allumé,En agglomération,Hors intersection,Normale,Autre collision,,,,,,,,,,,4,2,1,1,6.0
201600026418,0016-05-10 22:30:00,16,5,10,22,30,410,226,PARIS (ROUTE DE),47.81097,1.07393,Nuit avec éclairage allumé,En agglomération,Autre intersection,Normale,Deux véhicules - côté,,,,,,,,,,,5,2,9,1,3.0
201600026419,0016-05-31 16:00:00,16,5,31,16,0,410,269,MANS (ROUTE DU),47.81112,1.02546,Plein jour,Hors agglomération,Hors intersection,Pluie légère,Deux véhicules - frontale,,,,,,,,,,,1,1,1,2,1.0
201600026420,0016-06-18 00:20:00,16,6,18,0,20,410,269,"26, SAINT MARTIN (PLACE)",47.79161,1.06729,Nuit avec éclairage allumé,En agglomération,Place,Pluie légère,Autre collision,,,,,,,,,,,5,2,7,2,6.0
201600026421,0016-06-26 18:20:00,16,6,26,18,20,410,269,"20, INDUSTRIE (BOULEVARD",47.80061,1.04736,Plein jour,En agglomération,Giratoire,Normale,Trois véhicules et plus - collisions multiples,,,,,,,,,,,1,2,6,1,5.0
201600026422,0016-06-26 18:42:00,16,6,26,18,42,410,269,CHAPPE (RUE DE LA),47.78613,1.07858,Plein jour,En agglomération,Intersection en T,Normale,Deux véhicules - côté,,,,,,,,,,,1,2,3,1,3.0
201600026423,0016-07-07 17:45:00,16,7,7,17,45,410,269,RN 10,47.79874,1.07323,Plein jour,En agglomération,Hors intersection,Normale,Deux véhicules - arrière,,,,,,,,,,,1,2,1,1,2.0
201600026424,0016-09-17 19:55:00,16,9,17,19,55,410,269,"28, CHEVRIER (RUE)",47.80169,1.06107,Plein jour,En agglomération,Intersection en T,Normale,Deux véhicules - frontale,,,,,,,,,,,1,2,3,1,1.0
201600026425,0016-10-27 17:10:00,16,10,27,17,10,410,226,"455, GRAND MORTIER (RUE",47.83126,1.06699,Plein jour,Hors agglomération,Hors intersection,Normale,Deux véhicules - côté,,,,,,,,,,,1,1,1,1,3.0
201600026426,0016-11-04 17:30:00,16,11,4,17,30,410,269,"84, CHARTRAIN (FAUBOURG)",47.79773,1.06851,Plein jour,En agglomération,Hors intersection,Normale,Deux véhicules - arrière,,,,,,,,,,,1,2,1,1,2.0
201600026427,0016-11-06 05:58:00,16,11,6,5,58,410,3,ROUTE DE COULOMMIERS,47.78898,1.10428,Nuit sans éclairage public,Hors agglomération,Hors intersection,Normale,Autre collision,,,,,,,,,,,3,1,1,1,6.0
201600026428,0016-11-28 04:15:00,16,11,28,4,15,410,269,AZE (RUE D'),47.81642,1.04678,Nuit sans éclairage public,Hors agglomération,Hors intersection,Normale,Autre collision,,,,,,,,,,,3,1,1,1,6.0
201600026429,0016-12-31 10:05:00,16,12,31,10,5,420,316,av. Roger SALENGRO,45.40166,4.26034,Plein jour,En agglomération,Hors intersection,Normale,Autre collision,,,,,,,,,,,1,2,1,1,6.0
201600026430,0016-01-20 08:25:00,16,1,20,8,25,420,183,"1, MASSENET (RUE JULES)",45.4012,4.36067,Plein jour,En agglomération,Hors intersection,Normale,Autre collision,,,,,,,,,,,1,2,1,1,6.0
201600026431,0016-01-27 18:00:00,16,1,27,18,0,420,44,RD 88,45.39443,4.30601,Plein jour,En agglomération,Hors intersection,Normale,Deux véhicules - frontale,,,,,,,,,,,1,2,1,1,1.0
201600026432,0016-01-27 19:25:00,16,1,27,19,25,420,95,"18, CHANZY (RUE)",45.38127,4.28228,Nuit avec éclairage allumé,En agglomération,Hors intersection,Normale,Deux véhicules - côté,,,,,,,,,,,5,2,1,1,3.0
201600026433,0016-01-29 17:20:00,16,1,29,17,20,420,99,"1, CIMETIERE (RUE DU)",45.38929,4.26309,Plein jour,Hors agglomération,Intersection en T,Normale,Deux véhicules - frontale,,,,,,,,,,,1,1,3,1,1.0
201600026434,0016-02-05 09:15:00,16,2,5,9,15,420,183,rue GAMBETTA,45.40339,4.3649,Plein jour,En agglomération,Hors intersection,Normale,Autre collision,,,,,,,,,,,1,2,1,1,6.0
201600026435,0016-02-12 17:20:00,16,2,12,17,20,420,316,RD 3,45.39232,4.2859,Plein jour,En agglomération,Hors intersection,Normale,Autre collision,,,,,,,,,,,1,2,1,1,6.0
201600026436,0016-02-21 13:15:00,16,2,21,13,15,420,183,RD 88 rue GAMBETTA,45.40458,4.36863,Plein jour,Hors agglomération,Hors intersection,Normale,Autre collision,,,,,,,,,,,1,1,1,1,6.0
201600026437,0016-03-04 19:45:00,16,3,4,19,45,420,316,RD 3,45.40833,4.24581,Nuit avec éclairage allumé,Hors agglomération,Hors intersection,Pluie forte,Autre collision,,,,,,,,,,,5,1,1,3,6.0
201600026438,0016-04-04 10:10:00,16,4,4,10,10,420,44,"5, DE GAULLE (RUE CHARLE",45.39567,4.32209,Plein jour,En agglomération,Hors intersection,Temps couvert,Deux véhicules - frontale,,,,,,,,,,,1,2,1,8,1.0
201600026439,0016-04-07 11:00:00,16,4,7,11,0,420,44,"1, POURATTE (RUE DE LA )",45.39368,4.33816,Plein jour,En agglomération,Hors intersection,Normale,Deux véhicules - frontale,,,,,,,,,,,1,2,1,1,1.0
201600026440,0016-04-22 10:55:00,16,4,22,10,55,420,44,RD 88,45.39632,4.32678,Plein jour,En agglomération,Hors intersection,Normale,Autre collision,,,,,,,,,,,1,2,1,1,6.0
201600026441,0016-05-12 14:45:00,16,5,12,14,45,420,31,RD 3,45.40411,4.23434,Plein jour,En agglomération,Hors intersection,Normale,Deux véhicules - frontale,,,,,,,,,,,1,2,1,1,1.0
201600026442,0016-05-18 17:30:00,16,5,18,17,30,420,316,"1, MOULIN (RUE JEAN)",45.40226,4.26023,Plein jour,Hors agglomération,Intersection en T,Normale,Deux véhicules - côté,,,,,,,,,,,1,1,3,1,3.0
201600026443,0016-05-29 01:25:00,16,5,29,1,25,420,44,"11 BIS, MYRTILLES (ALLEE",45.3872,4.32741,Nuit avec éclairage allumé,En agglomération,Hors intersection,Normale,Autre collision,,,,,,,,,,,5,2,1,1,6.0
201600026444,0016-06-07 13:25:00,16,6,7,13,25,420,95,RD 88,45.37281,4.27136,Plein jour,En agglomération,Hors intersection,Normale,Trois véhicules et plus - collisions multiples,,,,,,,,,,,1,2,1,1,5.0
201600026445,0016-06-22 14:15:00,16,6,22,14,15,420,31,RD 108,45.41452,4.23684,Plein jour,Hors agglomération,Hors intersection,Normale,Deux véhicules - frontale,,,,,,,,,,,1,1,1,1,1.0
201600026446,0016-07-03 20:45:00,16,7,3,20,45,420,95,RD 3,45.40769,4.2939,Plein jour,Hors agglomération,Hors intersection,Normale,Deux véhicules - frontale,,,,,,,,,,,1,1,1,1,1.0
201600026447,0016-07-18 21:05:00,16,7,18,21,5,420,183,"1, ALIRAND (IMPASSE LOUI",45.40116,4.36017,Plein jour,En agglomération,Hors intersection,Normale,Autre collision,,,,,,,,,,,1,2,1,1,6.0
201600026448,0016-10-04 09:45:00,16,10,4,9,45,420,95,28  bd SAINT-CHARLES,45.38708,4.28162,Plein jour,En agglomération,Hors intersection,Normale,Autre collision,,,,,,,,,,,1,2,1,1,6.0
201600026449,0016-10-23 21:45:00,16,10,23,21,45,420,183,D 88,45.40109,4.35603,Nuit avec éclairage allumé,En agglomération,Hors intersection,Normale,Deux véhicules - arrière,,,,,,,,,,,5,2,1,1,2.0
201600026450,0016-11-05 17:25:00,16,11,5,17,25,420,95,RD 88,45.39151,4.29005,Nuit avec éclairage allumé,En agglomération,Hors intersection,Pluie légère,Autre collision,,,,,,,,,,,5,2,1,2,6.0
201600026451,0016-11-17 16:53:00,16,11,17,16,53,420,187,"0, VACHET (RUE JULIEN)",46.0404,4.05356,Plein jour,En agglomération,Intersection en T,Normale,Deux véhicules - côté,,,,,,,,,,,1,2,3,1,3.0
201600026452,0016-11-19 16:30:00,16,11,19,16,30,420,170,"0, LES HEURES (LIEU DIT)",46.04185,4.1238,Plein jour,Hors agglomération,Hors intersection,Normale,Deux véhicules - frontale,,,,,,,,,,,1,1,1,1,1.0
201600026453,0016-11-23 03:00:00,16,11,23,3,0,420,187,"65, LYON (AVENUE DE)",46.04168,4.07327,Nuit avec éclairage allumé,En agglomération,Autre intersection,Normale,Autre collision,,,,,,,,,,,5,2,9,1,6.0
201600026454,0016-11-25 17:30:00,16,11,25,17,30,420,71,"132, LIBERATION (AVENUE",46.02549,4.08638,Nuit avec éclairage allumé,En agglomération,Hors intersection,Normale,Autre collision,,,,,,,,,,,5,2,1,1,6.0
201600026455,0016-11-30 14:50:00,16,11,30,14,50,420,187,"0, Rue Emile NOIROT",46.0385,4.06843,Plein jour,En agglomération,Intersection en T,Normale,Deux véhicules - côté,,,,,,,,,,,1,2,3,1,3.0
201600026456,0016-12-07 14:15:00,16,12,7,14,15,420,187,"0, BRIENNON (ROUTE DE )",46.10613,4.07702,Plein jour,En agglomération,Intersection en Y,Normale,Deux véhicules - côté,,,,,,,,,,,1,2,4,1,3.0
201600026457,0016-12-11 14:40:00,16,12,11,14,40,420,187,"0, JAURES (RUE JEAN)",46.03586,4.07118,Plein jour,En agglomération,Hors intersection,Normale,Deux véhicules - frontale,,,,,,,,,,,1,2,1,1,1.0
201600026458,0016-12-13 18:10:00,16,12,13,18,10,420,187,"0, SAINT -CLAUDE (RUE)",46.05179,4.0732,Crépuscule ou aube,En agglomération,Hors intersection,Normale,Autre collision,,,,,,,,,,,2,2,1,1,6.0
201600026459,0016-12-17 01:01:00,16,12,17,1,1,420,127,"11, DAUDET ALPHONSE (RUE",46.06383,4.06817,Nuit avec éclairage allumé,En agglomération,Hors intersection,Normale,Autre collision,,,,,,,,,,,5,2,1,1,6.0
201600026460,0016-12-19 18:10:00,16,12,19,18,10,420,184,"256, SAINT-ROMAIN (RUE D",46.04159,4.05002,Nuit avec éclairage allumé,En agglomération,Hors intersection,Pluie légère,Sans collision,,,,,,,,,,,5,2,1,2,7.0
201600026461,0016-12-20 18:54:00,16,12,20,18,54,420,127,"0, DAUDET ALPHONSE (RUE)",46.06375,4.06938,Crépuscule ou aube,En agglomération,Intersection en T,Normale,Deux véhicules - côté,,,,,,,,,,,2,2,3,1,3.0
201600026462,0016-12-20 16:50:00,16,12,20,16,50,420,127,"0, CORNEILLE PIERRE (RUE",46.07005,4.06501,Crépuscule ou aube,En agglomération,Hors intersection,Pluie forte,Sans collision,,,,,,,,,,,2,2,1,3,7.0
201600026463,0016-01-03 10:50:00,16,1,3,10,50,420,187,"0, GIRAUD (RUE DU GENERA",46.03373,4.05482,Plein jour,En agglomération,Intersection en T,Normale,Deux véhicules - côté,,,,,,,,,,,1,2,3,1,3.0
201600026464,0016-01-03 18:30:00,16,1,3,18,30,420,187,"23 BIS, MARENGO (RUE)",46.03616,4.07527,Nuit avec éclairage allumé,En agglomération,Hors intersection,Pluie légère,Autre collision,,,,,,,,,,,5,2,1,2,6.0
201600026465,0016-01-07 11:55:00,16,1,7,11,55,420,187,"0, MATEL (RUE DE )",46.05118,4.0911,Plein jour,En agglomération,Hors intersection,Pluie légère,Deux véhicules - arrière,,,,,,,,,,,1,2,1,2,2.0
201600026466,0016-01-07 16:15:00,16,1,7,16,15,420,170,"0, R.D 504",46.03189,4.18982,Plein jour,Hors agglomération,Hors intersection,Normale,Sans collision,,,,,,,,,,,1,1,1,1,7.0
201600026467,0016-01-08 12:10:00,16,1,8,12,10,420,187,"0, HERMINIER (QUAI DU CO",46.03589,4.07962,Plein jour,En agglomération,Intersection en T,Normale,Deux véhicules - côté,,,,,,,,,,,1,2,3,1,3.0
201600026468,0016-01-09 15:50:00,16,1,9,15,50,420,127,"245, BRIENNON (RT DE)",46.07295,4.07336,Plein jour,En agglomération,Hors intersection,Normale,Sans collision,,,,,,,,,,,1,2,1,1,7.0
201600026469,0016-01-14 10:15:00,16,1,14,10,15,420,184,"348, FOUILLAND JOSEPH (R",46.04416,4.04059,Plein jour,En agglomération,Intersection en X,Normale,Deux véhicules - côté,,,,,,,,,,,1,2,2,1,3.0
201600026470,0016-01-23 16:15:00,16,1,23,16,15,420,184,"0, FARON JULES (RUE)",46.04516,4.03617,Plein jour,En agglomération,Intersection en X,Normale,Deux véhicules - côté,,,,,,,,,,,1,2,2,1,3.0
201600026471,0016-01-28 17:58:00,16,1,28,17,58,420,187,"58, BARON DU MARAIS (BOU",46.04257,4.06621,Nuit avec éclairage allumé,En agglomération,Hors intersection,Normale,Autre collision,,,,,,,,,,,5,2,1,1,6.0
201600026472,0016-02-02 13:55:00,16,2,2,13,55,420,170,R.D 504,46.03705,4.12716,Plein jour,Hors agglomération,Hors intersection,Normale,Sans collision,,,,,,,,,,,1,1,1,1,7.0
201600026473,0016-02-03 18:35:00,16,2,3,18,35,420,184,"0, FOCH MARECHAL (RUE)",46.04007,4.02853,Nuit avec éclairage allumé,En agglomération,Intersection en X,Pluie légère,Deux véhicules - côté,,,,,,,,,,,5,2,2,2,3.0
201600026474,0016-02-04 10:10:00,16,2,4,10,10,420,170,R.D 504,46.0412,4.1528,Plein jour,Hors agglomération,Hors intersection,Normale,Sans collision,,,,,,,,,,,1,1,1,1,7.0
201600026475,0016-02-04 18:21:00,16,2,4,18,21,420,187,"11, CLEMENT (BOULEVARD J",46.04196,4.08162,Nuit avec éclairage allumé,En agglomération,Intersection en X,Normale,Autre collision,,,,,,,,,,,5,2,2,1,6.0
201600026476,0016-02-06 01:50:00,16,2,6,1,50,420,127,"0, BUTTES (RUE DES)",46.06276,4.05965,Nuit avec éclairage allumé,En agglomération,Hors intersection,Normale,Sans collision,,,,,,,,,,,5,2,1,1,7.0
201600026477,0016-02-07 16:25:00,16,2,7,16,25,420,184,"2713, SAINT-ROMAIN (RUE",46.05519,4.026,Plein jour,En agglomération,Hors intersection,Normale,Autre collision,,,,,,,,,,,1,2,1,1,6.0
201600026478,0016-02-09 11:06:00,16,2,9,11,6,420,187,"0, CHARLIEU (RUE DE )",46.04785,4.08248,Plein jour,En agglomération,Intersection en T,Vent fort / tempête,Autre collision,,,,,,,,,,,1,2,3,6,6.0
201600026479,0016-02-10 08:50:00,16,2,10,8,50,420,127,"0, LES SABLES (RP)",46.05777,4.07221,Plein jour,En agglomération,Giratoire,Normale,Deux véhicules - côté,,,,,,,,,,,1,2,6,1,3.0
201600026480,0016-02-12 18:50:00,16,2,12,18,50,420,187,"0, SEMARD (RUE PIERRE )",46.04327,4.06039,Nuit avec éclairage allumé,En agglomération,Intersection en X,Pluie légère,Deux véhicules - frontale,,,,,,,,,,,5,2,2,2,1.0
201600026481,0016-02-16 14:00:00,16,2,16,14,0,420,127,"0, BOURGET PAUL (RUE)",46.06708,4.06965,Plein jour,En agglomération,Intersection en X,Normale,Deux véhicules - côté,,,,,,,,,,,1,2,2,1,3.0
201600026482,0016-02-24 08:50:00,16,2,24,8,50,420,187,"23, HERMINIER (QUAI DU C",46.03554,4.07934,Plein jour,En agglomération,Hors intersection,Pluie légère,Autre collision,,,,,,,,,,,1,2,1,2,6.0
201600026483,0016-02-26 14:05:00,16,2,26,14,5,420,184,"0, OUEST  (BD)",46.0503,4.06405,Plein jour,En agglomération,Hors intersection,Normale,Deux véhicules - arrière,,,,,,,,,,,1,2,1,1,2.0
201600026484,0016-02-26 15:30:00,16,2,26,15,30,420,187,"0, MOULIN ( RUE JEAN)",46.03212,4.07512,Plein jour,En agglomération,Hors intersection,Normale,Deux véhicules - côté,,,,,,,,,,,1,2,1,1,3.0
201600026485,0016-02-28 15:25:00,16,2,28,15,25,420,187,"0, BRISON (RUE)",46.03203,4.0678,Plein jour,En agglomération,Giratoire,Normale,Sans collision,,,,,,,,,,,1,2,6,1,7.0
201600026486,0016-03-03 11:10:00,16,3,3,11,10,420,187,"0, LOIRE (LEVEE DE LA )",46.03264,4.07939,Plein jour,En agglomération,Intersection en T,Pluie légère,Deux véhicules - arrière,,,,,,,,,,,1,2,3,2,2.0
201600026487,0016-03-04 20:15:00,16,3,4,20,15,420,187,"46, SAINT-ALBAN (RUE DE",46.0361,4.0603,Nuit avec éclairage allumé,En agglomération,Hors intersection,Pluie légère,Sans collision,,,,,,,,,,,5,2,1,2,7.0
201600026488,0016-03-05 17:00:00,16,3,5,17,0,420,187,"0, RABELAIS (RUE FRANCOI",46.04082,4.05802,Plein jour,En agglomération,Intersection en X,Normale,Deux véhicules - côté,,,,,,,,,,,1,2,2,1,3.0
201600026489,0016-03-07 19:45:00,16,3,7,19,45,420,187,"0, CIMETIERE (BOULEVARD",46.04826,4.0694,Nuit avec éclairage allumé,En agglomération,Intersection en X,Pluie légère,Deux véhicules - côté,,,,,,,,,,,5,2,2,2,3.0
201600026490,0016-03-08 16:10:00,16,3,8,16,10,420,187,"0, MACE (RUE JEAN)",46.03908,4.04748,Plein jour,En agglomération,Intersection en T,Normale,Deux véhicules - côté,,,,,,,,,,,1,2,3,1,3.0
201600026491,0016-03-15 10:35:00,16,3,15,10,35,420,127,"0, FONTAINE JEAN  (RUE D",46.06781,4.05972,Plein jour,En agglomération,Hors intersection,Normale,Deux véhicules - côté,,,,,,,,,,,1,2,1,1,3.0
201600026492,0016-03-22 12:10:00,16,3,22,12,10,420,187,"15, PROMENADES POPULLE (",46.03688,4.06616,Plein jour,En agglomération,Hors intersection,Normale,Deux véhicules - arrière,,,,,,,,,,,1,2,1,1,2.0
201600026493,0016-03-22 17:40:00,16,3,22,17,40,420,187,"0, VILLEMONTAIS (RUE DE",46.02474,4.05782,Plein jour,En agglomération,Intersection en X,Normale,Deux véhicules - côté,,,,,,,,,,,1,2,2,1,3.0
201600026494,0016-03-23 17:40:00,16,3,23,17,40,420,187,"0, SAINT-ANDRE (RUE)",46.03368,4.02987,Plein jour,Hors agglomération,Hors intersection,Normale,Autre collision,,,,,,,,,,,1,1,1,1,6.0
201600026495,0016-03-25 11:41:00,16,3,25,11,41,420,187,"0, EST (ROCADE)",46.05107,4.08276,Plein jour,En agglomération,Hors intersection,Normale,Deux véhicules - arrière,,,,,,,,,,,1,2,1,1,2.0
201600026496,0016-03-26 12:08:00,16,3,26,12,8,420,187,"0, PROMENADES POPULLE (P",46.03653,4.0677,Plein jour,En agglomération,Place,Normale,Deux véhicules - côté,,,,,,,,,,,1,2,7,1,3.0
201600026497,0016-04-03 10:25:00,16,4,3,10,25,420,170,"0, LES HEURES (LIEU DIT)",46.04357,4.12502,Plein jour,Hors agglomération,Hors intersection,Pluie légère,Deux véhicules - frontale,,,,,,,,,,,1,1,1,2,1.0
201600026498,0016-04-10 11:20:00,16,4,10,11,20,420,127,"2, DE GAULLE (AVENUE CHA",46.07834,4.06682,Plein jour,En agglomération,Intersection en T,Normale,Deux véhicules - côté,,,,,,,,,,,1,2,3,1,3.0
201600026499,0016-04-14 13:55:00,16,4,14,13,55,420,187,"0, GAMBETTA (AVENUE)",46.03939,4.06646,Plein jour,En agglomération,Intersection en X,Normale,Deux véhicules - côté,,,,,,,,,,,1,2,2,1,3.0
201600026500,0016-04-29 17:40:00,16,4,29,17,40,420,187,"46, JAURES (RUE JEAN)",46.03446,4.07495,Plein jour,Hors agglomération,Hors intersection,Normale,Trois véhicules et plus - en chaîne,,,,,,,,,,,1,1,1,1,4.0
201600026501,0016-04-30 19:15:00,16,4,30,19,15,420,71,"0, LIBERATION (AVENUE DE",46.02775,4.08493,Crépuscule ou aube,En agglomération,Intersection en X,Pluie légère,Trois véhicules et plus - collisions multiples,,,,,,,,,,,2,2,2,2,5.0
201600026502,0016-05-03 13:10:00,16,5,3,13,10,420,184,"0, MICHEL LOUISE  (RUE)",46.05533,4.04794,Plein jour,En agglomération,Intersection en X,Normale,Deux véhicules - côté,,,,,,,,,,,1,2,2,1,3.0
201600026503,0016-05-03 21:13:00,16,5,3,21,13,420,184,"0, OUEST  (BD)",46.02773,4.03193,Nuit avec éclairage allumé,En agglomération,Hors intersection,Normale,Sans collision,,,,,,,,,,,5,2,1,1,7.0
201600026504,0016-05-07 10:40:00,16,5,7,10,40,420,170,"0, LES HEURES (LIEU DIT)",46.04709,4.12237,Plein jour,Hors agglomération,Hors intersection,Normale,Deux véhicules - frontale,,,,,,,,,,,1,1,1,1,1.0
201600026505,0016-05-09 12:23:00,16,5,9,12,23,420,187,"0, SAMPAIX  (RUE LUCIEN",46.02907,4.053,Plein jour,En agglomération,Intersection en X,Normale,Deux véhicules - côté,,,,,,,,,,,1,2,2,1,3.0
201600026506,0016-05-18 18:45:00,16,5,18,18,45,420,187,"0, CHARLIEU (RUE DE )",46.07439,4.09904,Plein jour,En agglomération,Hors intersection,Normale,Deux véhicules - arrière,,,,,,,,,,,1,2,1,1,2.0