accident_id,datetime,annee,mois,jour,heure,minute,departement,commune_insee,adresse,latitude,longitude,luminosite,agglomeration,intersection,meteo,collision,nb_vehicules,nb_usagers,nb_indemnes,nb_tues,nb_blesses_hosp,nb_blesses_legers,age_cond_1,age_cond_2,veh_type_cond_1,veh_type_cond_2,lum_code,agg_code,int_code,atm_code,col_code
201600026629,0016-05-21 19:00:00,16,5,21,19,0,420,218,"ignor, SOMMET RAYMOND",45.4507,4.39689,Plein jour,En agglomération,Hors intersection,Normale,Deux véhicules - frontale,,,,,,,,,,,1,2,1,1,1.0
201600026630,0016-05-27 18:10:00,16,5,27,18,10,420,218,"SANS, BASSE DES RIVES",45.42562,4.39463,Plein jour,En agglomération,Intersection en T,Normale,Autre collision,,,,,,,,,,,1,2,3,1,6.0
201600026631,0016-05-25 10:20:00,16,5,25,10,20,420,218,"13, PASSEMENTIERS JUSQU'",45.42122,4.39709,Plein jour,En agglomération,Hors intersection,Normale,Deux véhicules - côté,,,,,,,,,,,1,2,1,1,3.0
201600026632,0016-05-31 16:00:00,16,5,31,16,0,420,218,"106, FAURIEL (COURS)",45.42673,4.40347,Plein jour,En agglomération,Hors intersection,Pluie légère,Autre collision,,,,,,,,,,,1,2,1,2,6.0
201600026633,0016-06-02 17:10:00,16,6,2,17,10,420,218,"5, POURCEL ALEXANDRE JUS",45.42345,4.3928,Plein jour,En agglomération,Hors intersection,Pluie forte,Autre collision,,,,,,,,,,,1,2,1,3,6.0
201600026634,0016-06-06 20:10:00,16,6,6,20,10,420,218,"171, TREMAS (LIEU DIT)",45.42439,4.29263,Plein jour,Hors agglomération,Hors intersection,Normale,Deux véhicules - côté,,,,,,,,,,,1,1,1,1,3.0
201600026635,0016-05-02 15:39:00,16,5,2,15,39,420,218,VERDUN (AVENUE D,45.46485,4.37851,Plein jour,En agglomération,Intersection en X,Normale,Autre collision,,,,,,,,,,,1,2,2,1,6.0
201600026636,0016-05-05 18:38:00,16,5,5,18,38,420,218,rue LEVAILLANT MAITR,45.42974,4.38882,Plein jour,En agglomération,Hors intersection,Normale,Autre collision,,,,,,,,,,,1,2,1,1,6.0
201600026637,0016-06-02 16:40:00,16,6,2,16,40,420,218,"10, FRAISSINETTE ALEXAND",45.41729,4.41152,Plein jour,En agglomération,Hors intersection,Pluie forte,Autre collision,,,,,,,,,,,1,2,1,3,6.0
201600026638,0016-06-12 08:39:00,16,6,12,8,39,420,218,"ignor, RULLIERE GENERAL",45.4197,4.39444,Plein jour,En agglomération,Hors intersection,Normale,Autre collision,,,,,,,,,,,1,2,1,1,6.0
201600026639,0016-06-10 12:50:00,16,6,10,12,50,420,218,"07, CHAVANELLE (PLACE)",45.43521,4.39254,Plein jour,En agglomération,Hors intersection,Normale,Autre collision,,,,,,,,,,,1,2,1,1,6.0
201600026640,0016-06-13 09:50:00,16,6,13,9,50,420,218,"sans, TERRENOIRE (DE) A",45.432,4.41406,Plein jour,En agglomération,Hors intersection,Normale,Deux véhicules - frontale,,,,,,,,,,,1,2,1,1,1.0
201600026641,0016-06-17 21:00:00,16,6,17,21,0,420,218,"SANS, LUTHER KING MARTIN",45.42044,4.3763,Crépuscule ou aube,En agglomération,Hors intersection,Normale,Deux véhicules - frontale,,,,,,,,,,,2,2,1,1,1.0
201600026642,0016-06-17 17:55:00,16,6,17,17,55,420,218,"1, BERGSON JUSQU'AUX N",45.44705,4.38498,Plein jour,En agglomération,Intersection en X,Normale,Autre collision,,,,,,,,,,,1,2,2,1,6.0
201600026643,0016-06-18 11:33:00,16,6,18,11,33,420,218,"20, BOURGNEUF",45.44559,4.38302,Plein jour,En agglomération,Intersection en X,Normale,Deux véhicules - côté,,,,,,,,,,,1,2,2,1,3.0
201600026644,0016-06-22 17:32:00,16,6,22,17,32,420,218,"15, DENFERT ROCHEREAU (A",45.4409,4.3981,Plein jour,En agglomération,Hors intersection,Normale,Autre collision,,,,,,,,,,,1,2,1,1,6.0
201600026645,0016-06-29 07:10:00,16,6,29,7,10,420,305,"18, HUGO VICTOR",45.48024,4.43243,Plein jour,En agglomération,Hors intersection,Normale,Autre collision,,,,,,,,,,,1,2,1,1,6.0
201600026646,0016-04-24 18:10:00,16,4,24,18,10,420,218,EVRARD FLORENT A PARTIR,45.42396,4.3752,Plein jour,Hors agglomération,Intersection en X,Normale,Deux véhicules - côté,,,,,,,,,,,1,1,2,1,3.0
201600026647,0016-06-11 10:00:00,16,6,11,10,0,420,218,"nc, MUSSET ALFRED DE (BD",45.44171,4.37898,Plein jour,En agglomération,Hors intersection,Normale,Sans collision,,,,,,,,,,,1,2,1,1,7.0
201600026648,0016-06-28 19:20:00,16,6,28,19,20,420,218,"32, ROCHETAILLEE (AVENUE",45.41799,4.40009,Plein jour,En agglomération,Hors intersection,Normale,Deux véhicules - côté,,,,,,,,,,,1,2,1,1,3.0
201600026649,0016-06-21 13:40:00,16,6,21,13,40,420,218,"nc, UNIVERSITE (DE L')",45.41982,4.42467,Plein jour,En agglomération,Intersection en T,Normale,Deux véhicules - côté,,,,,,,,,,,1,2,3,1,3.0
201600026650,0016-06-30 18:20:00,16,6,30,18,20,420,218,"46-48, VERNAY (DU)",45.42966,4.39297,Plein jour,En agglomération,Hors intersection,Normale,Autre collision,,,,,,,,,,,1,2,1,1,6.0
201600026651,0016-07-08 09:05:00,16,7,8,9,5,420,218,"IGNORE, POURCEL ALEXANDR",45.42397,4.39379,Plein jour,En agglomération,Hors intersection,Normale,Autre collision,,,,,,,,,,,1,2,1,1,6.0
201600026652,0016-07-11 10:35:00,16,7,11,10,35,420,218,ROBESPIERRE,45.41494,4.39564,Plein jour,En agglomération,Hors intersection,Temps couvert,Autre collision,,,,,,,,,,,1,2,1,8,6.0
201600026653,0016-07-13 18:30:00,16,7,13,18,30,420,218,"nc, PLAGNE (DE LA)",45.43921,4.40357,Plein jour,En agglomération,Intersection en T,Normale,Deux véhicules - côté,,,,,,,,,,,1,2,3,1,3.0
201600026654,0016-07-22 15:20:00,16,7,22,15,20,420,223,"SANS, ROCADE OUEST",45.43492,4.34428,Plein jour,Hors agglomération,Hors intersection,Pluie légère,Trois véhicules et plus - en chaîne,,,,,,,,,,,1,1,1,2,4.0
201600026655,0016-07-26 23:00:00,16,7,26,23,0,420,218,"SANS, JANIN JULES (BD) A",45.44884,4.39127,Nuit avec éclairage allumé,En agglomération,Intersection en T,Normale,Deux véhicules - côté,,,,,,,,,,,5,2,3,1,3.0
201600026656,0016-07-22 09:50:00,16,7,22,9,50,420,330,"24, MICHARD",45.47231,4.36207,Plein jour,Hors agglomération,Hors intersection,Normale,Autre collision,,,,,,,,,,,1,1,1,1,6.0
201600026657,0016-07-28 23:15:00,16,7,28,23,15,420,218,"17, MARTEL EDOUARD JUSQU",45.41802,4.37971,Nuit avec éclairage allumé,En agglomération,Hors intersection,Normale,Deux véhicules - arrière,,,,,,,,,,,5,2,1,1,2.0
201600026658,0016-08-01 09:25:00,16,8,1,9,25,420,218,"23, BERT PAUL A PARTIR N",45.44151,4.3836,Plein jour,En agglomération,Hors intersection,Normale,Autre collision,,,,,,,,,,,1,2,1,1,6.0
201600026659,0016-08-03 09:50:00,16,8,3,9,50,420,305,"1, MIRABEAU",45.47969,4.43001,Plein jour,En agglomération,Hors intersection,Normale,Autre collision,,,,,,,,,,,1,2,1,1,6.0
201600026660,0016-08-02 13:41:00,16,8,2,13,41,420,218,"29, MIMARD ETIENNE A PAR",45.43894,4.39712,Plein jour,En agglomération,Hors intersection,Normale,Deux véhicules - arrière,,,,,,,,,,,1,2,1,1,2.0
201600026661,0016-08-06 19:10:00,16,8,6,19,10,420,218,"36 bis, ROCHETAILLEE (AV",45.41587,4.40115,Plein jour,En agglomération,Hors intersection,Normale,Trois véhicules et plus - en chaîne,,,,,,,,,,,1,2,1,1,4.0
201600026662,0016-08-02 21:16:00,16,8,2,21,16,420,218,"15, BRIAND ET DE LA PAIX",45.43915,4.38441,Plein jour,En agglomération,Intersection en T,Normale,Deux véhicules - côté,,,,,,,,,,,1,2,3,1,3.0
201600026663,0016-08-05 14:52:00,16,8,5,14,52,420,218,"16, VIAL JEAN HIPPOLYTE",45.43512,4.43718,Plein jour,En agglomération,Intersection en T,Normale,Deux véhicules - côté,,,,,,,,,,,1,2,3,1,3.0
201600026664,0016-08-30 03:20:00,16,8,30,3,20,420,189,"nc, CURIE PIERRE ET MARI",45.43576,4.34691,Nuit avec éclairage allumé,Hors agglomération,Hors intersection,Normale,Autre collision,,,,,,,,,,,5,1,1,1,6.0
201600026665,0016-06-08 17:34:00,16,6,8,17,34,420,218,30 rue VOLTAIRE,45.42828,4.39137,Plein jour,En agglomération,Intersection en X,Normale,Deux véhicules - côté,,,,,,,,,,,1,2,2,1,3.0
201600026666,0016-09-01 16:25:00,16,9,1,16,25,420,218,"face au 35, LIBERATION (",45.43774,4.3934,Plein jour,En agglomération,Hors intersection,Normale,Autre collision,,,,,,,,,,,1,2,1,1,6.0
201600026667,0016-07-13 15:45:00,16,7,13,15,45,420,218,rue eugène joly,45.41866,4.41415,Plein jour,En agglomération,Intersection en T,Normale,Deux véhicules - côté,,,,,,,,,,,1,2,3,1,3.0
201600026668,0016-07-02 18:50:00,16,7,2,18,50,420,218,rue charles DARWIN,45.42293,4.38963,Plein jour,En agglomération,Intersection en T,Normale,Deux véhicules - côté,,,,,,,,,,,1,2,3,1,3.0
201600026669,0016-07-01 13:15:00,16,7,1,13,15,420,223,ROCADE OUEST,45.44225,4.34242,Plein jour,Hors agglomération,Hors intersection,Normale,Sans collision,,,,,,,,,,,1,1,1,1,7.0
201600026670,0016-09-03 14:40:00,16,9,3,14,40,420,218,AV DUPRE AUGUSTIN,45.4375,4.3809,Plein jour,En agglomération,Hors intersection,Normale,Autre collision,,,,,,,,,,,1,2,1,1,6.0
201600026671,0016-09-09 22:45:00,16,9,9,22,45,420,218,rue des ACIERIES,45.45545,4.39147,Nuit avec éclairage allumé,En agglomération,Hors intersection,Normale,Sans collision,,,,,,,,,,,5,2,1,1,7.0
201600026672,0016-09-13 15:10:00,16,9,13,15,10,420,218,rue des ACIERIES,45.45614,4.39178,Plein jour,En agglomération,Intersection en X,Normale,Deux véhicules - frontale,,,,,,,,,,,1,2,2,1,1.0
201600026673,0016-09-17 21:00:00,16,9,17,21,0,420,218,"87, DESTRE DOCTEUR LOUIS",45.44039,4.42953,Nuit avec éclairage allumé,En agglomération,Hors intersection,Pluie légère,Deux véhicules - côté,,,,,,,,,,,5,2,1,2,3.0
201600026674,0016-08-15 12:35:00,16,8,15,12,35,420,218,"140, DURAFOUR ANTOINE A",45.42213,4.39675,Plein jour,En agglomération,Hors intersection,Normale,Autre collision,,,,,,,,,,,1,2,1,1,6.0
201600026675,0016-09-16 09:40:00,16,9,16,9,40,420,218,"130, Rue MONTAT (DE LA)",45.44377,4.41571,Plein jour,En agglomération,Hors intersection,Normale,Autre collision,,,,,,,,,,,1,2,1,1,6.0
201600026676,0016-09-20 13:15:00,16,9,20,13,15,420,218,"15, UNIVERSITE (DE L')",45.4205,4.4254,Plein jour,En agglomération,Hors intersection,Normale,Deux véhicules - arrière,,,,,,,,,,,1,2,1,1,2.0
201600026677,0016-09-21 16:25:00,16,9,21,16,25,420,330,ROCADE OUEST,45.47027,4.34509,Plein jour,En agglomération,Hors intersection,Normale,Trois véhicules et plus - en chaîne,,,,,,,,,,,1,2,1,1,4.0
201600026678,0016-09-25 14:10:00,16,9,25,14,10,420,218,"NC, SAINT SAENS CAMILLE",45.47331,4.39522,Plein jour,En agglomération,Hors intersection,Normale,Sans collision,,,,,,,,,,,1,2,1,1,7.0
201600026679,0016-09-24 21:06:00,16,9,24,21,6,420,218,"5, CHAMPROND",45.44437,4.36363,Nuit avec éclairage allumé,En agglomération,Hors intersection,Normale,Autre collision,,,,,,,,,,,5,2,1,1,6.0
201600026680,0016-09-28 18:00:00,16,9,28,18,0,420,218,bd FRAISSINETTE ALEX,45.41727,4.4139,Plein jour,En agglomération,Intersection en T,Normale,Autre collision,,,,,,,,,,,1,2,3,1,6.0
201600026681,0016-08-30 15:46:00,16,8,30,15,46,420,218,"ignor, BERNARD MARTIN",45.42854,4.38231,Plein jour,En agglomération,Intersection en T,Normale,Autre collision,,,,,,,,,,,1,2,3,1,6.0
201600026682,0016-09-25 19:50:00,16,9,25,19,50,420,218,"65, DESTRE DOCTEUR LOUIS",45.44178,4.43411,Nuit avec éclairage allumé,En agglomération,Hors intersection,Pluie forte,Deux véhicules - frontale,,,,,,,,,,,5,2,1,3,1.0
201600026683,0016-10-05 20:45:00,16,10,5,20,45,420,218,cours FAURIEL,45.4319,4.39549,Nuit avec éclairage non allumé,Hors agglomération,Intersection en Y,Normale,Deux véhicules - côté,,,,,,,,,,,4,1,4,1,3.0
201600026684,0016-10-09 13:04:00,16,10,9,13,4,420,218,99 rue Richelandière,45.43586,4.41346,Plein jour,En agglomération,Hors intersection,Normale,Autre collision,,,,,,,,,,,1,2,1,1,6.0
201600026685,0016-10-15 18:10:00,16,10,15,18,10,420,218,24 rue des alliés,45.43968,4.39979,Crépuscule ou aube,En agglomération,Intersection en T,Normale,Deux véhicules - côté,,,,,,,,,,,2,2,3,1,3.0
201600026686,0016-09-04 07:33:00,16,9,4,7,33,420,218,CONDAMINE (LIEU DIT),45.45486,4.26593,Plein jour,Hors agglomération,Hors intersection,Normale,Sans collision,,,,,,,,,,,1,1,1,1,7.0
201600026687,0016-10-18 19:05:00,16,10,18,19,5,420,218,rue de TERRENOIRE,45.42935,4.40972,Nuit avec éclairage allumé,En agglomération,Hors intersection,Normale,Deux véhicules - côté,,,,,,,,,,,5,2,1,1,3.0
201600026688,0016-09-12 17:00:00,16,9,12,17,0,420,218,"86, BERGSON A PARTIR N",45.45764,4.38214,Plein jour,En agglomération,Hors intersection,Normale,Autre collision,,,,,,,,,,,1,2,1,1,6.0
201600026689,0016-10-31 21:05:00,16,10,31,21,5,420,218,rue BARROUIN,45.45363,4.38832,Nuit avec éclairage allumé,En agglomération,Intersection en T,Normale,Deux véhicules - côté,,,,,,,,,,,5,2,3,1,3.0
201600026690,0016-10-21 15:30:00,16,10,21,15,30,420,218,"15, THIERRY AUGUSTIN (BD",45.44668,4.38209,Plein jour,En agglomération,Hors intersection,Normale,Autre collision,,,,,,,,,,,1,2,1,1,6.0
201600026691,0016-11-05 18:00:00,16,11,5,18,0,420,218,"IGNORE, R.D. N25",45.42435,4.29482,Nuit avec éclairage allumé,Hors agglomération,Intersection en X,Pluie forte,Deux véhicules - côté,,,,,,,,,,,5,1,2,3,3.0
201600026692,0016-11-06 17:25:00,16,11,6,17,25,420,218,"ignor, EVRARD FLORENT A",45.42392,4.37515,Crépuscule ou aube,En agglomération,Intersection en X,Pluie légère,Sans collision,,,,,,,,,,,2,2,2,2,7.0
201600026693,0016-11-13 11:30:00,16,11,13,11,30,420,218,"11, BERTHELOT",45.41697,4.39867,Crépuscule ou aube,En agglomération,Intersection en T,Temps couvert,Autre collision,,,,,,,,,,,2,2,3,8,6.0
201600026694,0016-11-13 10:20:00,16,11,13,10,20,420,237,"4, SOUVENIR (PLACE DU)",45.45148,4.44726,Plein jour,En agglomération,Hors intersection,Normale,Autre collision,,,,,,,,,,,1,2,1,1,6.0
201600026695,0016-11-14 16:45:00,16,11,14,16,45,420,218,"63, ROBESPIERRE",45.41129,4.398,Crépuscule ou aube,En agglomération,Intersection en T,Normale,Autre collision,,,,,,,,,,,2,2,3,1,6.0
201600026696,0016-11-11 16:30:00,16,11,11,16,30,420,218,TERRENOIRE (DE) JUSQU'AU,45.43041,4.41186,Plein jour,En agglomération,Hors intersection,Normale,Trois véhicules et plus - collisions multiples,,,,,,,,,,,1,2,1,1,5.0
201600026697,0016-11-12 02:00:00,16,11,12,2,0,420,218,"1, SOULIE LOUIS",45.44493,4.39817,Nuit avec éclairage allumé,En agglomération,Hors intersection,Normale,Autre collision,,,,,,,,,,,5,2,1,1,6.0
201600026698,0016-11-15 12:10:00,16,11,15,12,10,420,275,"5, RAIMOND (AVENUE ALBER",45.46872,4.37681,Plein jour,En agglomération,Hors intersection,Normale,Deux véhicules - arrière,,,,,,,,,,,1,2,1,1,2.0
201600026699,0016-11-17 11:37:00,16,11,17,11,37,420,218,"129, ALLIES JUSQU'AUX N",45.4415,4.41417,Plein jour,En agglomération,Intersection en T,Normale,Deux véhicules - frontale,,,,,,,,,,,1,2,3,1,1.0
201600026700,0016-11-22 13:21:00,16,11,22,13,21,420,218,"16, CURIE PIERRE ET MARI",45.4377,4.3825,Plein jour,En agglomération,Intersection en T,Pluie forte,Autre collision,,,,,,,,,,,1,2,3,3,6.0
201600026701,0016-11-29 09:30:00,16,11,29,9,30,420,218,"62, CLAUDE DESIRE A PART",45.42489,4.3901,Plein jour,En agglomération,Autre intersection,Normale,Deux véhicules - arrière,,,,,,,,,,,1,2,9,1,2.0
201600026702,0016-11-16 14:28:00,16,11,16,14,28,420,218,33 bd de la PALLE,45.42874,4.41449,Plein jour,En agglomération,Hors intersection,Normale,Autre collision,,,,,,,,,,,1,2,1,1,6.0
201600026703,0016-11-30 10:15:00,16,11,30,10,15,420,218,"38, ARCOLE A PARTIR DES",45.43998,4.38125,Plein jour,En agglomération,Hors intersection,Normale,Autre collision,,,,,,,,,,,1,2,1,1,6.0
201600026704,0016-11-29 19:55:00,16,11,29,19,55,420,189,"37, BRAILLE LOUIS (BOULE",45.41702,4.31089,Nuit avec éclairage allumé,En agglomération,Hors intersection,Normale,Deux véhicules - arrière,,,,,,,,,,,5,2,1,1,2.0
201600026705,0016-12-06 17:40:00,16,12,6,17,40,420,218,"73, CROZET BOUSSINGAULT",45.4182,4.40619,Crépuscule ou aube,Hors agglomération,Intersection en T,Normale,Trois véhicules et plus - en chaîne,,,,,,,,,,,2,1,3,1,4.0
201600026706,0016-12-06 13:25:00,16,12,6,13,25,420,218,"1, CUSSINEL",45.44303,4.41297,Plein jour,Hors agglomération,Intersection en T,Normale,Autre collision,,,,,,,,,,,1,1,3,1,6.0
201600026707,0016-10-29 15:40:00,16,10,29,15,40,420,218,rue BADOUILLERE,45.43224,4.39231,Plein jour,En agglomération,Hors intersection,Normale,Autre collision,,,,,,,,,,,1,2,1,1,6.0
201600026708,0016-12-07 10:55:00,16,12,7,10,55,420,218,"24, MASSENET (PLACE)",45.4673,4.3781,Plein jour,En agglomération,Hors intersection,Normale,Sans collision,,,,,,,,,,,1,2,1,1,7.0
201600026709,0016-12-10 01:20:00,16,12,10,1,20,420,218,"92, CHARCOT DOCTEURS A P",45.4168,4.39333,Nuit avec éclairage allumé,En agglomération,Hors intersection,Normale,Sans collision,,,,,,,,,,,5,2,1,1,7.0
201600026710,0016-12-13 15:00:00,16,12,13,15,0,420,218,"183, BERGSON A PARTIR N",45.4625,4.38055,Plein jour,En agglomération,Hors intersection,Normale,Autre collision,,,,,,,,,,,1,2,1,1,6.0
201600026711,0016-12-17 15:15:00,16,12,17,15,15,420,218,"5, CHARCOT DOCTEURS JUSQ",45.42272,4.39203,Plein jour,En agglomération,Hors intersection,Normale,Autre collision,,,,,,,,,,,1,2,1,1,6.0
201600026712,0016-01-21 19:50:00,16,1,21,19,50,420,186,MANDELA COURS NELSON,45.52617,4.61164,Nuit avec éclairage allumé,En agglomération,Hors intersection,Normale,Autre collision,,,,,,,,,,,5,2,1,1,6.0
201600026713,0016-12-01 16:30:00,16,12,1,16,30,420,123,"114, JAURES RUE JEAN",45.51111,4.57805,Plein jour,En agglomération,Hors intersection,Normale,Autre collision,,,,,,,,,,,1,2,1,1,6.0
201600026714,0016-02-03 17:40:00,16,2,3,17,40,420,186,FOREZ AVENUE DU,45.51925,4.5983,Plein jour,Hors agglomération,Hors intersection,Normale,Deux véhicules - côté,,,,,,,,,,,1,1,1,1,3.0
201600026715,0016-02-10 18:55:00,16,2,10,18,55,420,207,"13, CHARITE RUE DE LA",45.47837,4.51556,Nuit avec éclairage non allumé,En agglomération,Hors intersection,Normale,Autre collision,,,,,,,,,,,4,2,1,1,6.0
201600026716,0016-02-14 11:40:00,16,2,14,11,40,420,259,MUNAT ROUTE DU,45.53682,4.59541,Plein jour,Hors agglomération,Hors intersection,Normale,Deux véhicules - frontale,,,,,,,,,,,1,1,1,1,1.0
201600026717,0016-03-05 11:50:00,16,3,5,11,50,420,225,"643, TAPIGNEUX ROUTE DE",45.53976,4.56667,Plein jour,En agglomération,Hors intersection,Normale,Deux véhicules - côté,,,,,,,,,,,1,2,1,1,3.0
201600026718,0016-04-07 14:50:00,16,4,7,14,50,420,186,"12, FERRY RUE JULES",45.52785,4.61352,Plein jour,En agglomération,Hors intersection,Normale,Autre collision,,,,,,,,,,,1,2,1,1,6.0
201600026719,0016-04-07 16:35:00,16,4,7,16,35,420,207,"46, VICTOR HUGO RUE",45.47522,4.51942,Plein jour,En agglomération,Hors intersection,Normale,Trois véhicules et plus - en chaîne,,,,,,,,,,,1,2,1,1,4.0
201600026720,0016-04-27 14:50:00,16,4,27,14,50,420,225,BOURDONNES ROUTE DES,45.53398,4.59003,Plein jour,En agglomération,Intersection en T,Normale,Deux véhicules - frontale,,,,,,,,,,,1,2,3,1,1.0
201600026721,0016-05-28 00:30:00,16,5,28,0,30,420,259,"60, SAINT MARTIN ROUTE D",45.53591,4.61005,Nuit sans éclairage public,Hors agglomération,Hors intersection,Normale,Autre collision,,,,,,,,,,,3,1,1,1,6.0
201600026722,0016-06-30 13:45:00,16,6,30,13,45,420,186,"32, REPUBLIQUE AUTRES N°",45.52956,4.61263,Plein jour,En agglomération,Hors intersection,Normale,Deux véhicules - arrière,,,,,,,,,,,1,2,1,1,2.0
201600026723,0016-07-05 18:40:00,16,7,5,18,40,420,207,"33, WALDECK ROUSSEAU BOU",45.47532,4.50527,Plein jour,En agglomération,Hors intersection,Normale,Trois véhicules et plus - en chaîne,,,,,,,,,,,1,2,1,1,4.0
201600026724,0016-07-09 10:00:00,16,7,9,10,0,420,110,PASTEUR  AVENUE,45.48503,4.53935,Plein jour,En agglomération,Hors intersection,Normale,Autre collision,,,,,,,,,,,1,2,1,1,6.0
201600026725,0016-09-21 08:30:00,16,9,21,8,30,420,207,"01, ILE DE FRANCE PLACE",45.47397,4.53325,Plein jour,En agglomération,Hors intersection,Normale,Autre collision,,,,,,,,,,,1,2,1,1,6.0
201600026726,0016-09-27 15:45:00,16,9,27,15,45,420,207,DELAY FRANCOIS BOULEVARD,45.47509,4.50827,Plein jour,En agglomération,Intersection en Y,Normale,Deux véhicules - côté,,,,,,,,,,,1,2,4,1,3.0
201600026727,0016-10-01 19:40:00,16,10,1,19,40,420,207,LANGONNAND  ROUTE DE,45.4764,4.46872,Nuit sans éclairage public,Hors agglomération,Hors intersection,Pluie légère,Deux véhicules - côté,,,,,,,,,,,3,1,1,2,3.0
201600026728,0016-10-04 18:15:00,16,10,4,18,15,420,110,"61, PASTEUR  AVENUE",45.48526,4.54034,Plein jour,En agglomération,Hors intersection,Normale,Deux véhicules - arrière,,,,,,,,,,,1,2,1,1,2.0
201600026729,0016-10-04 15:15:00,16,10,4,15,15,420,186,MARX SQUARE KARL,45.52495,4.60948,Plein jour,En agglomération,Hors intersection,Normale,Deux véhicules - côté,,,,,,,,,,,1,2,1,1,3.0
201600026730,0016-10-07 21:30:00,16,10,7,21,30,420,207,GRANDE RUE,45.47983,4.52443,Nuit avec éclairage allumé,En agglomération,Hors intersection,Normale,Deux véhicules - côté,,,,,,,,,,,5,2,1,1,3.0
201600026731,0016-12-20 17:55:00,16,12,20,17,55,420,110,"3, BERTHELOT AVENUE",,,Nuit avec éclairage allumé,En agglomération,Intersection en T,Normale,Deux véhicules - côté,,,,,,,,,,,5,2,3,1,3.0
201600026732,0016-12-15 17:50:00,16,12,15,17,50,430,46,AV PIERRE ET MARIE CURIE,,,Nuit avec éclairage allumé,En agglomération,Hors intersection,Normale,Autre collision,,,,,,,,,,,5,2,1,1,6.0
201600026733,0016-01-08 10:00:00,16,1,8,10,0,430,157,"1, GAMBETTA (BD)",45.0443,3.8799,Plein jour,En agglomération,Hors intersection,Normale,Deux véhicules - côté,,,,,,,,,,,1,2,1,1,3.0
201600026734,0016-12-24 19:40:00,16,12,24,19,40,430,41,"02, MONTEIL (ROUTE DU)",45.0507,3.9223,Nuit avec éclairage allumé,En agglomération,Hors intersection,Normale,Autre collision,,,,,,,,,,,5,2,1,1,6.0
201600026735,0016-01-29 19:55:00,16,1,29,19,55,430,157,"53, ST-JEAN (RUE FG)",45.0449,3.88993,Nuit avec éclairage allumé,En agglomération,Hors intersection,Normale,Autre collision,,,,,,,,,,,5,2,1,1,6.0
201600026736,0016-02-01 14:35:00,16,2,1,14,35,430,157,36 BD RÉPUBLIQUE,,,Plein jour,En agglomération,Hors intersection,Normale,Deux véhicules - arrière,,,,,,,,,,,1,2,1,1,2.0
201600026737,0016-12-27 16:45:00,16,12,27,16,45,430,41,"5, TIREBOEUF (COTE DE)",45.0496,3.91275,Plein jour,En agglomération,Hors intersection,Normale,Autre collision,,,,,,,,,,,1,2,1,1,6.0
201600026738,0016-02-03 11:15:00,16,2,3,11,15,430,46,BD LA PETITE MER,45.0584,3.90868,Plein jour,En agglomération,Hors intersection,Normale,Autre collision,,,,,,,,,,,1,2,1,1,6.0
201600026739,0016-04-15 18:25:00,16,4,15,18,25,430,41,RUE DU GARAY,,,Plein jour,En agglomération,Place,Normale,Autre collision,,,,,,,,,,,1,2,7,1,6.0
201600026740,0016-05-05 10:20:00,16,5,5,10,20,430,41,CHARTREUSE (ROND POINT),45.0552,3.90904,Plein jour,Hors agglomération,Giratoire,Normale,Deux véhicules - côté,,,,,,,,,,,1,1,6,1,3.0
201600026741,0016-06-01 17:15:00,16,6,1,17,15,430,251,1 ALLENDE (AV SALVADOR,,,Plein jour,En agglomération,Hors intersection,Normale,Deux véhicules - arrière,,,,,,,,,,,1,2,1,1,2.0
201600026742,0016-06-03 07:50:00,16,6,3,7,50,430,157,39 BERTRAND (BD. PRESID,,,Plein jour,En agglomération,Intersection en T,Normale,Deux véhicules - côté,,,,,,,,,,,1,2,3,1,3.0
201600026743,0016-06-27 17:00:00,16,6,27,17,0,430,157,"114, FOCH (AV MARECHAL",45.0319,3.88569,Plein jour,En agglomération,Hors intersection,Normale,Autre collision,,,,,,,,,,,1,2,1,1,6.0
201600026744,0016-06-24 19:05:00,16,6,24,19,5,430,157,"27, DUPUY (AV CH.)",,,Plein jour,En agglomération,Hors intersection,Normale,Deux véhicules - frontale,,,,,,,,,,,1,2,1,1,1.0
201600026745,0016-07-26 13:40:00,16,7,26,13,40,430,157,18 CHARBONNIER (AV.CL.),45.0396,3.88199,Plein jour,En agglomération,Hors intersection,Normale,Deux véhicules - côté,,,,,,,,,,,1,2,1,1,3.0
201600026746,0016-08-02 12:29:00,16,8,2,12,29,430,157,"2, REPUBLIQUE (BD DE LA)",,,Plein jour,En agglomération,Hors intersection,Normale,Autre collision,,,,,,,,,,,1,2,1,1,6.0
201600026747,0016-08-12 06:55:00,16,8,12,6,55,430,157,CARNOT (BD),45.0469,3.87923,Plein jour,En agglomération,Hors intersection,Normale,Autre collision,,,,,,,,,,,1,2,1,1,6.0
201600026748,0016-09-06 14:20:00,16,9,6,14,20,430,157,"21, CARNOT (BD)",45.0453,3.87983,Plein jour,En agglomération,Hors intersection,Normale,Trois véhicules et plus - en chaîne,,,,,,,,,,,1,2,1,1,4.0
201600026749,0016-09-07 13:50:00,16,9,7,13,50,430,157,"7, SAINT-LOUIS (BD)",45.0421,3.8814,Plein jour,En agglomération,Hors intersection,Normale,Autre collision,,,,,,,,,,,1,2,1,1,6.0
201600026750,0016-10-05 12:20:00,16,10,5,12,20,430,157,"23, REPUBLIQUE (BD DE LA",,,Plein jour,En agglomération,Hors intersection,Normale,Deux véhicules - côté,,,,,,,,,,,1,2,1,1,3.0