accident_id,datetime,annee,mois,jour,heure,minute,departement,commune_insee,adresse,latitude,longitude,luminosite,agglomeration,intersection,meteo,collision,nb_vehicules,nb_usagers,nb_indemnes,nb_tues,nb_blesses_hosp,nb_blesses_legers,age_cond_1,age_cond_2,veh_type_cond_1,veh_type_cond_2,lum_code,agg_code,int_code,atm_code,col_code
201600026751,0016-10-11 08:40:00,16,10,11,8,40,430,41,137BIS AV CHARLES DUPUY,45.0516,3.91203,Plein jour,En agglomération,Hors intersection,Normale,Autre collision,,,,,,,,,,,1,2,1,1,6.0
201600026752,0016-10-13 13:20:00,16,10,13,13,20,430,157,4 BD BERTRAND DE DOUE,,,Plein jour,En agglomération,Intersection en T,Pluie légère,Autre collision,,,,,,,,,,,1,2,3,2,6.0
201600026753,0016-11-07 15:15:00,16,11,7,15,15,430,157,BD ALEXANDRE CLAIR,45.0368,3.88164,Plein jour,En agglomération,Hors intersection,Normale,Autre collision,,,,,,,,,,,1,2,1,1,6.0
201600026754,0016-11-08 15:50:00,16,11,8,15,50,430,157,BD ALEXANDRE CLAIR,45.0394,3.88198,Plein jour,En agglomération,Hors intersection,Normale,Autre collision,,,,,,,,,,,1,2,1,1,6.0
201600026755,0016-12-02 17:40:00,16,12,2,17,40,430,41,PLACE DE LA MAIRIE,45.0469,3.92697,Nuit avec éclairage allumé,En agglomération,Hors intersection,Normale,Autre collision,,,,,,,,,,,5,2,1,1,6.0
201600026756,0016-01-08 19:31:00,16,1,8,19,31,440,55,"251, LATTRE DE TASSIGNY",47.28584,-2.39644,Nuit avec éclairage allumé,En agglomération,Hors intersection,Pluie forte,Autre collision,,,,,,,,,,,5,2,1,3,6.0
201600026757,0016-01-14 12:00:00,16,1,14,12,0,440,55,"86, LYON ( AVENUE DE )",47.27511,-2.35692,Plein jour,En agglomération,Intersection en T,Normale,Deux véhicules - côté,,,,,,,,,,,1,2,3,1,3.0
201600026758,0016-01-15 15:28:00,16,1,15,15,28,440,132,"NS, GUERANDE (ROUTE DE)",47.27962,-2.30238,Plein jour,Hors agglomération,Intersection en X,Pluie forte,Deux véhicules - frontale,,,,,,,,,,,1,1,2,3,1.0
201600026759,0016-02-03 21:45:00,16,2,3,21,45,440,135,"9, BOIS ( RUE DU )",47.27545,-2.42806,Nuit avec éclairage allumé,En agglomération,Hors intersection,Normale,Autre collision,,,,,,,,,,,5,2,1,1,6.0
201600026760,0016-02-24 21:23:00,16,2,24,21,23,440,55,"4, HEURTEAU ( AVENUE )",47.2808,-2.40967,Nuit avec éclairage allumé,En agglomération,Hors intersection,Pluie légère,Autre collision,,,,,,,,,,,5,2,1,2,6.0
201600026761,0016-03-05 01:08:00,16,3,5,1,8,440,132,"162, OCEANIDES (BOULEVAR",47.27053,-2.35198,Nuit avec éclairage allumé,En agglomération,Hors intersection,Pluie légère,Autre collision,,,,,,,,,,,5,2,1,2,6.0
201600026762,0016-04-01 04:05:00,16,4,1,4,5,440,55,"39, OCEAN ( BOULEVARD DE",47.27789,-2.37032,Nuit avec éclairage non allumé,En agglomération,Hors intersection,Normale,Autre collision,,,,,,,,,,,4,2,1,1,6.0
201600026763,0016-04-02 07:53:00,16,4,2,7,53,440,55,"70, LATTRE DE TASSIGNY (",47.28207,-2.41205,Plein jour,En agglomération,Hors intersection,Normale,Autre collision,,,,,,,,,,,1,2,1,1,6.0
201600026764,0016-04-14 18:10:00,16,4,14,18,10,440,55,"39, OCEAN ( BOULEVARD DE",47.27767,-2.37013,Plein jour,En agglomération,Hors intersection,Normale,Autre collision,,,,,,,,,,,1,2,1,1,6.0
201600026765,0016-05-08 12:50:00,16,5,8,12,50,440,132,SELLIER (AVENUE),47.26439,-2.33835,Plein jour,En agglomération,Intersection en X,Normale,Deux véhicules - côté,,,,,,,,,,,1,2,2,1,3.0
201600026766,0016-05-21 11:45:00,16,5,21,11,45,440,132,OCEANIDES (BOULEVARD DES,47.16153,-2.35301,Plein jour,En agglomération,Intersection en T,Normale,Deux véhicules - côté,,,,,,,,,,,1,2,3,1,3.0
201600026767,0016-05-23 19:55:00,16,5,23,19,55,440,55,"30, VILLE JOIE ( ROUTE D",47.27566,-2.32403,Plein jour,Hors agglomération,Hors intersection,Normale,Deux véhicules - frontale,,,,,,,,,,,1,1,1,1,1.0
201600026768,0016-05-27 17:20:00,16,5,27,17,20,440,55,"27, BOIS D'AMOUR ( AVENU",47.28795,-2.38283,Plein jour,En agglomération,Hors intersection,Normale,Deux véhicules - arrière,,,,,,,,,,,1,2,1,1,2.0
201600026769,0016-06-05 18:23:00,16,6,5,18,23,440,55,"5, OCÉAN ( BOULEVARD DE",47.27957,-2.37813,Plein jour,En agglomération,Giratoire,Normale,Sans collision,,,,,,,,,,,1,2,6,1,7.0
201600026770,0016-06-30 11:40:00,16,6,30,11,40,440,132,"NS, ST NAZAIRE (BOULEVAR",47.25638,-2.31729,Plein jour,En agglomération,Giratoire,Normale,Deux véhicules - côté,,,,,,,,,,,1,2,6,1,3.0
201600026771,0016-07-04 15:05:00,16,7,4,15,5,440,132,"NS, LAVANDES (AVENUE DES",47.24915,-2.31299,Plein jour,En agglomération,Intersection en X,Normale,Deux véhicules - côté,,,,,,,,,,,1,2,2,1,3.0
201600026772,0016-07-16 14:10:00,16,7,16,14,10,440,55,"39, OCeAN ( BOULEVARD DE",47.27778,-2.37054,Plein jour,En agglomération,Hors intersection,Normale,Autre collision,,,,,,,,,,,1,2,1,1,6.0
201600026773,0016-07-14 11:40:00,16,7,14,11,40,440,55,"15, DARLU ( BOULEVARD )",47.28177,-2.39758,Plein jour,En agglomération,Hors intersection,Normale,Sans collision,,,,,,,,,,,1,2,1,1,7.0
201600026774,0016-08-05 16:30:00,16,8,5,16,30,440,132,"41, PLAGE (AVENUE DE LA)",47.26151,-2.34134,Plein jour,En agglomération,Intersection en X,Normale,Deux véhicules - côté,,,,,,,,,,,1,2,2,1,3.0
201600026775,0016-08-06 15:15:00,16,8,6,15,15,440,135,"24, SANDEAU ( QUAI JULES",47.27618,-2.42775,Plein jour,En agglomération,Hors intersection,Normale,Deux véhicules - côté,,,,,,,,,,,1,2,1,1,3.0
201600026776,0016-08-13 19:50:00,16,8,13,19,50,440,132,"NS, PLAGE (AVENUE DE LA)",47.26352,-2.34274,Plein jour,En agglomération,Intersection en X,Normale,Autre collision,,,,,,,,,,,1,2,2,1,6.0
201600026777,0016-08-15 18:50:00,16,8,15,18,50,440,135,"35, MOREAU ( AVENUE )",47.26764,-2.44203,Plein jour,En agglomération,Hors intersection,Normale,Deux véhicules - frontale,,,,,,,,,,,1,2,1,1,1.0
201600026778,0016-08-27 20:57:00,16,8,27,20,57,440,132,"20, EVENS (AVENUE DES)",47.26389,-2.3413,Plein jour,En agglomération,Hors intersection,Normale,Autre collision,,,,,,,,,,,1,2,1,1,6.0
201600026779,0016-09-21 17:32:00,16,9,21,17,32,440,132,"52, OCEANIDES (BOULEVARD",47.265,-2.34486,Plein jour,En agglomération,Hors intersection,Normale,Autre collision,,,,,,,,,,,1,2,1,1,6.0
201600026780,0016-09-23 16:20:00,16,9,23,16,20,440,132,"3, BRIAND (PLACE ARISTID",47.26987,-2.34478,Plein jour,En agglomération,Hors intersection,Normale,Deux véhicules - côté,,,,,,,,,,,1,2,1,1,3.0
201600026781,0016-10-08 14:28:00,16,10,8,14,28,440,135,"11, BOUGOUIN ( RUE FRAN",47.26731,-2.42288,Plein jour,En agglomération,Hors intersection,Normale,Deux véhicules - côté,,,,,,,,,,,1,2,1,1,3.0
201600026782,0016-11-06 19:00:00,16,11,6,19,0,440,109,RUE DE LA VILLE EN BOIS,47.21378,-1.57575,Nuit avec éclairage allumé,En agglomération,Hors intersection,Normale,Autre collision,,,,,,,,,,,5,2,1,1,6.0
201600026783,0016-01-07 15:45:00,16,1,7,15,45,440,109,"., QUAI DU MARQUIS D'AIG",47.202,-1.57631,Plein jour,En agglomération,Hors intersection,Normale,Deux véhicules - côté,,,,,,,,,,,1,2,1,1,3.0
201600026784,0016-11-22 09:00:00,16,11,22,9,0,440,109,"3, CHEMIN DE LA CENSIVE",47.25269,-1.55028,Plein jour,En agglomération,Hors intersection,Normale,Autre collision,,,,,,,,,,,1,2,1,1,6.0
201600026785,0016-11-24 16:15:00,16,11,24,16,15,440,109,AVENUE CARNOT,47.21443,-1.54558,Plein jour,En agglomération,Hors intersection,Normale,Autre collision,,,,,,,,,,,1,2,1,1,6.0
201600026786,0016-01-09 13:45:00,16,1,9,13,45,440,190,"., RUE DES CEVENNES",47.2026,-1.48848,Plein jour,En agglomération,Intersection en X,Normale,Deux véhicules - frontale,,,,,,,,,,,1,2,2,1,1.0
201600026787,0016-11-16 07:25:00,16,11,16,7,25,440,109,PONT DE PONT ROUSSEAU,47.19671,-1.53803,Nuit avec éclairage allumé,En agglomération,Hors intersection,Pluie forte,Autre collision,,,,,,,,,,,5,2,1,3,6.0
201600026788,0016-11-19 11:00:00,16,11,19,11,0,440,114,AVENUE DE LA MORLIERE,47.24879,-1.60064,Plein jour,En agglomération,Hors intersection,Normale,Autre collision,,,,,,,,,,,1,2,1,1,6.0
201600026789,0016-01-05 18:30:00,16,1,5,18,30,440,162,"221, ROUTE DE VANNES",47.24189,-1.59475,Nuit avec éclairage allumé,En agglomération,Hors intersection,Normale,Autre collision,,,,,,,,,,,5,2,1,1,6.0
201600026790,0016-12-29 15:00:00,16,12,29,15,0,440,162,"., RUE AMERIGO VESPUCCI",47.22443,-1.62342,Plein jour,En agglomération,Hors intersection,Normale,Sans collision,,,,,,,,,,,1,2,1,1,7.0
201600026791,0016-11-27 05:50:00,16,11,27,5,50,440,109,RUE PIERRE ET MARIE CURI,47.22493,-1.52333,Nuit avec éclairage allumé,En agglomération,Hors intersection,Normale,Autre collision,,,,,,,,,,,5,2,1,1,6.0
201600026792,0016-01-08 07:30:00,16,1,8,7,30,440,143,"22, RUE DES GRANDS COURT",47.1882,-1.57029,Nuit avec éclairage allumé,En agglomération,Hors intersection,Pluie légère,Autre collision,,,,,,,,,,,5,2,1,2,6.0
201600026793,0016-11-14 08:45:00,16,11,14,8,45,440,109,"9, RUE DE LA PETITE BARA",47.24934,-1.52263,Crépuscule ou aube,En agglomération,Hors intersection,Normale,Autre collision,,,,,,,,,,,2,2,1,1,6.0
201600026794,0016-01-14 08:05:00,16,1,14,8,5,440,109,"00, ALLEE DE LA REINE MA",47.2239,-1.55069,Crépuscule ou aube,En agglomération,Giratoire,Pluie légère,Autre collision,,,,,,,,,,,2,2,6,2,6.0
201600026795,0016-11-25 20:13:00,16,11,25,20,13,440,109,RUE AMIRAL DU CHAFFAULT,47.20758,-1.58237,Nuit avec éclairage allumé,En agglomération,Hors intersection,Pluie légère,Autre collision,,,,,,,,,,,5,2,1,2,6.0
201600026796,0016-01-21 16:35:00,16,1,21,16,35,440,109,"., RUE DES TAMARIS",47.2382,-1.51626,Plein jour,En agglomération,Hors intersection,Normale,Autre collision,,,,,,,,,,,1,2,1,1,6.0
201600026797,0016-11-09 09:00:00,16,11,9,9,0,440,109,PLACE VICTOR MANGIN,47.20091,-1.54455,Crépuscule ou aube,En agglomération,Hors intersection,Normale,Autre collision,,,,,,,,,,,2,2,1,1,6.0
201600026798,0016-01-13 12:00:00,16,1,13,12,0,440,109,"3, RUE CELESTIN FREINET",47.2074,-1.53435,Plein jour,En agglomération,Hors intersection,Normale,Sans collision,,,,,,,,,,,1,2,1,1,7.0
201600026799,0016-11-07 07:50:00,16,11,7,7,50,440,162,RUE DE LA RIVAUDIERE,47.22142,-1.64725,Plein jour,Hors agglomération,Hors intersection,Normale,Autre collision,,,,,,,,,,,1,1,1,1,6.0
201600026800,0016-11-16 08:00:00,16,11,16,8,0,440,190,RUE DES COUCOUS,47.19901,-1.51064,Crépuscule ou aube,En agglomération,Giratoire,Pluie légère,Autre collision,,,,,,,,,,,2,2,6,2,6.0
201600026801,0016-11-20 13:55:00,16,11,20,13,55,440,109,"8, BOULEVARD DES TRIBUNE",47.24509,-1.56443,Plein jour,En agglomération,Hors intersection,Normale,Autre collision,,,,,,,,,,,1,2,1,1,6.0
201600026802,0016-01-12 17:10:00,16,1,12,17,10,440,109,PLACE EMILE SARRADIN,47.2207,-1.57029,Plein jour,En agglomération,Giratoire,Normale,Deux véhicules - côté,,,,,,,,,,,1,2,6,1,3.0
201600026803,0016-11-22 08:00:00,16,11,22,8,0,440,109,"63, RUE DUFOUR",47.22431,-1.5454,Crépuscule ou aube,En agglomération,Hors intersection,Temps couvert,Autre collision,,,,,,,,,,,2,2,1,8,6.0
201600026804,0016-08-02 14:10:00,16,8,2,14,10,440,109,PLACE FRANCOIS II,47.2063,-1.55653,Plein jour,En agglomération,Giratoire,Normale,Autre collision,,,,,,,,,,,1,2,6,1,6.0
201600026805,0016-11-25 22:30:00,16,11,25,22,30,440,109,"68, BOULEVARD DE LA FRAT",47.21811,-1.58753,Nuit avec éclairage allumé,Hors agglomération,Hors intersection,Normale,Autre collision,,,,,,,,,,,5,1,1,1,6.0
201600026806,0016-01-29 15:25:00,16,1,29,15,25,440,109,"., BOULEVARD DES FRERES",47.2333,-1.56569,Plein jour,En agglomération,Giratoire,Normale,Autre collision,,,,,,,,,,,1,2,6,1,6.0
201600026807,0016-11-21 08:25:00,16,11,21,8,25,440,109,RUE SARRAZIN,47.22028,-1.55985,Crépuscule ou aube,En agglomération,Hors intersection,Normale,Autre collision,,,,,,,,,,,2,2,1,1,6.0
201600026808,0016-01-01 02:50:00,16,1,1,2,50,440,109,RUE STENDHAL,47.2572,-1.57094,Nuit avec éclairage allumé,En agglomération,Intersection en X,Normale,Deux véhicules - côté,,,,,,,,,,,5,2,2,1,3.0
201600026809,0016-11-16 18:15:00,16,11,16,18,15,440,162,BOULEVARD SALVADOR ALLEN,47.2204,-1.6275,Crépuscule ou aube,En agglomération,Hors intersection,Normale,Autre collision,,,,,,,,,,,2,2,1,1,6.0
201600026810,0016-02-01 21:15:00,16,2,1,21,15,440,109,"., PLACE DE LA REPUBLIQU",47.2055,-1.55468,Nuit avec éclairage allumé,En agglomération,Giratoire,Normale,Deux véhicules - côté,,,,,,,,,,,5,2,6,1,3.0
201600026811,0016-11-13 18:40:00,16,11,13,18,40,440,109,bd fleming,47.2571,-1.54646,Nuit sans éclairage public,Hors agglomération,Hors intersection,Normale,Trois véhicules et plus - en chaîne,,,,,,,,,,,3,1,1,1,4.0
201600026812,0016-01-15 21:25:00,16,1,15,21,25,440,109,"28, BOULEVARD DE LAUNAY",47.2109,-1.57488,Nuit avec éclairage allumé,En agglomération,Hors intersection,Normale,Deux véhicules - frontale,,,,,,,,,,,5,2,1,1,1.0
201600026813,0016-11-20 03:30:00,16,11,20,3,30,440,109,"6, ROUTE DE ROCHE MAURIC",47.19467,-1.61664,Nuit avec éclairage allumé,En agglomération,Hors intersection,Pluie légère,Deux véhicules - frontale,,,,,,,,,,,5,2,1,2,1.0
201600026814,0016-11-14 18:37:00,16,11,14,18,37,440,109,AVENUE DE LA GARE DE SAI,47.25444,-1.52255,Nuit avec éclairage allumé,En agglomération,Hors intersection,Normale,Deux véhicules - côté,,,,,,,,,,,5,2,1,1,3.0
201600026815,0016-11-20 17:55:00,16,11,20,17,55,440,114,,47.26231,-1.58295,Nuit avec éclairage non allumé,Hors agglomération,Hors intersection,Pluie légère,Trois véhicules et plus - en chaîne,,,,,,,,,,,4,1,1,2,4.0
201600026816,0016-11-19 09:30:00,16,11,19,9,30,440,109,BOULEVARD GUY MOLLET,47.25239,-1.55316,Plein jour,En agglomération,Hors intersection,Normale,Deux véhicules - arrière,,,,,,,,,,,1,2,1,1,2.0
201600026817,0016-11-15 10:30:00,16,11,15,10,30,440,109,RUE HENRI IV,47.21941,-1.54941,Plein jour,En agglomération,Intersection en T,Temps couvert,Autre collision,,,,,,,,,,,1,2,3,8,6.0
201600026818,0016-11-09 19:25:00,16,11,9,19,25,440,143,"62, RUE DU CHATEAU D'EAU",47.17124,-1.54008,Nuit avec éclairage allumé,En agglomération,Hors intersection,Pluie légère,Autre collision,,,,,,,,,,,5,2,1,2,6.0
201600026819,0016-12-22 05:00:00,16,12,22,5,0,440,109,QUAI DE MALAKOFF,47.21316,-1.53667,Nuit avec éclairage allumé,En agglomération,Hors intersection,Pluie légère,Deux véhicules - frontale,,,,,,,,,,,5,2,1,2,1.0
201600026820,0016-12-13 17:50:00,16,12,13,17,50,440,109,BOULEVARD JULES VERNE,47.2436,-1.52688,Nuit avec éclairage allumé,En agglomération,Hors intersection,Normale,Deux véhicules - côté,,,,,,,,,,,5,2,1,1,3.0
201600026821,0016-12-10 17:45:00,16,12,10,17,45,440,109,"76, BOULEVARD JULES VERN",47.23982,-1.53089,Crépuscule ou aube,En agglomération,Hors intersection,Brouillard / fumée,Autre collision,,,,,,,,,,,2,2,1,5,6.0
201600026822,0016-12-07 09:10:00,16,12,7,9,10,440,109,RUE DU CROISSANT,47.23847,-1.52672,Plein jour,En agglomération,Hors intersection,Temps éblouissant,Deux véhicules - côté,,,,,,,,,,,1,2,1,7,3.0
201600026823,0016-02-03 17:40:00,16,2,3,17,40,440,162,BOULEVARD SALVADOR ALLEN,47.222,-1.63683,Plein jour,En agglomération,Hors intersection,Normale,Autre collision,,,,,,,,,,,1,2,1,1,6.0
201600026824,0016-12-22 11:00:00,16,12,22,11,0,440,109,"22, SQUARE DES ROCHELLET",47.20993,-1.61005,Plein jour,En agglomération,Hors intersection,Normale,Autre collision,,,,,,,,,,,1,2,1,1,6.0
201600026825,0016-12-02 15:09:00,16,12,2,15,9,440,109,BD MARTYRS N. DE LA RESI,47.206,-1.54706,Plein jour,En agglomération,Hors intersection,Normale,Deux véhicules - arrière,,,,,,,,,,,1,2,1,1,2.0
201600026826,0016-12-08 08:05:00,16,12,8,8,5,440,114,PERIPHERIQUE ROUTIER,47.26489,-1.59134,Plein jour,Hors agglomération,Hors intersection,Normale,Deux véhicules - côté,,,,,,,,,,,1,1,1,1,3.0
201600026827,0016-12-22 18:20:00,16,12,22,18,20,440,162,BOULEVARD CHARLES DE GAU,47.21842,-1.64763,Nuit sans éclairage public,En agglomération,Hors intersection,Pluie légère,Deux véhicules - côté,,,,,,,,,,,3,2,1,2,3.0
201600026828,0016-12-19 20:10:00,16,12,19,20,10,440,109,RUE DE STRASBOURG,47.21441,-1.55026,Nuit avec éclairage allumé,En agglomération,Hors intersection,Normale,Deux véhicules - frontale,,,,,,,,,,,5,2,1,1,1.0
201600026829,0016-12-20 19:20:00,16,12,20,19,20,440,109,BOULEVARD DE LA PRAIRIE,47.23254,-1.4854,Nuit sans éclairage public,En agglomération,Hors intersection,Normale,Deux véhicules - côté,,,,,,,,,,,3,2,1,1,3.0
201600026830,0016-12-08 08:30:00,16,12,8,8,30,440,190,PERIPHERIQUE SUD,47.2228,-1.47294,Plein jour,En agglomération,Hors intersection,Normale,Deux véhicules - côté,,,,,,,,,,,1,2,1,1,3.0
201600026831,0016-01-30 16:40:00,16,1,30,16,40,440,162,BOULEVARD SALVADOR ALLEN,47.2201,-1.62588,Plein jour,En agglomération,Hors intersection,Pluie légère,Autre collision,,,,,,,,,,,1,2,1,2,6.0
201600026832,0016-12-02 15:50:00,16,12,2,15,50,440,162,PERIPHERIQUE,47.21099,-1.62694,Plein jour,Hors agglomération,Hors intersection,Normale,Deux véhicules - arrière,,,,,,,,,,,1,1,1,1,2.0
201600026833,0016-02-09 21:30:00,16,2,9,21,30,440,109,"30, ROUTE DE PARIS",47.2582,-1.50544,Nuit avec éclairage allumé,En agglomération,Hors intersection,Normale,Sans collision,,,,,,,,,,,5,2,1,1,7.0
201600026834,0016-12-28 23:20:00,16,12,28,23,20,440,109,BOULEVARD LEON BUREAU,47.20731,-1.56497,Nuit avec éclairage allumé,En agglomération,Intersection en T,Normale,Autre collision,,,,,,,,,,,5,2,3,1,6.0
201600026835,0016-01-25 16:00:00,16,1,25,16,0,440,109,COTE SAINT SEBASTIEN,47.1999,-1.53519,Plein jour,En agglomération,Giratoire,Normale,Deux véhicules - arrière,,,,,,,,,,,1,2,6,1,2.0
201600026836,0016-12-02 16:00:00,16,12,2,16,0,440,114,ROUTE DE VANNES,47.25065,-1.61813,Plein jour,En agglomération,Hors intersection,Normale,Autre collision,,,,,,,,,,,1,2,1,1,6.0
201600026837,0016-01-01 22:15:00,16,1,1,22,15,440,162,"., BOULEVARD CHARLES DE",47.211,-1.62903,Nuit avec éclairage allumé,En agglomération,Hors intersection,Normale,Deux véhicules - frontale,,,,,,,,,,,5,2,1,1,1.0
201600026838,0016-12-22 19:50:00,16,12,22,19,50,440,109,PLACE ARISTIDE BRIAND,47.2171,-1.56251,Crépuscule ou aube,En agglomération,Hors intersection,Normale,Autre collision,,,,,,,,,,,2,2,1,1,6.0
201600026839,0016-01-31 07:15:00,16,1,31,7,15,440,109,BOULEVARD DE DOULON,47.2256,-1.5224,Nuit avec éclairage allumé,En agglomération,Hors intersection,Pluie légère,Autre collision,,,,,,,,,,,5,2,1,2,6.0
201600026840,0016-12-22 20:40:00,16,12,22,20,40,440,109,RUE DE GIGANT,47.21452,-1.57286,Nuit avec éclairage allumé,En agglomération,Hors intersection,Normale,Autre collision,,,,,,,,,,,5,2,1,1,6.0
201600026841,0016-01-11 13:25:00,16,1,11,13,25,440,109,BOULEVARD LEON BUREAU,47.2073,-1.56497,Plein jour,En agglomération,Hors intersection,Normale,Autre collision,,,,,,,,,,,1,2,1,1,6.0
201600026842,0016-12-23 01:00:00,16,12,23,1,0,440,109,BOULEVARD DE STALINGRAD,47.2197,-1.53427,Nuit avec éclairage allumé,En agglomération,Hors intersection,Normale,Autre collision,,,,,,,,,,,5,2,1,1,6.0
201600026843,0016-01-25 01:15:00,16,1,25,1,15,440,109,RUE CREBILLON,47.2139,-1.55997,Nuit avec éclairage allumé,En agglomération,Hors intersection,Autre,Autre collision,,,,,,,,,,,5,2,1,9,6.0
201600026844,0016-12-10 01:50:00,16,12,10,1,50,440,109,PLACE ALFRED LALLIE,47.22749,-1.5447,Nuit avec éclairage allumé,En agglomération,Hors intersection,Brouillard / fumée,Autre collision,,,,,,,,,,,5,2,1,5,6.0
201600026845,0016-01-31 18:10:00,16,1,31,18,10,440,109,RUE GENERAL BUAT,47.2272,-1.54257,Crépuscule ou aube,En agglomération,Intersection en X,Normale,Deux véhicules - côté,,,,,,,,,,,2,2,2,1,3.0
201600026846,0016-12-01 17:45:00,16,12,1,17,45,440,109,RUE ANATOLE DE MONZIE,47.20496,-1.5382,Nuit avec éclairage allumé,En agglomération,Hors intersection,Normale,Autre collision,,,,,,,,,,,5,2,1,1,6.0
201600026847,0016-02-01 09:00:00,16,2,1,9,0,440,162,BOULEVARD CHARLES DE GAU,47.2106,-1.62831,Plein jour,En agglomération,Hors intersection,Pluie légère,Deux véhicules - côté,,,,,,,,,,,1,2,1,2,3.0
201600026848,0016-02-06 23:15:00,16,2,6,23,15,440,109,BOULEVARD VICTOR HUGO,47.2039,-1.55172,Nuit avec éclairage allumé,En agglomération,Intersection en T,Vent fort / tempête,Autre collision,,,,,,,,,,,5,2,3,6,6.0
201600026849,0016-01-20 16:25:00,16,1,20,16,25,440,114,ROUTE DE VANNES,47.2393,-1.58936,Plein jour,En agglomération,Giratoire,Normale,Autre collision,,,,,,,,,,,1,2,6,1,6.0
201600026850,0016-01-29 13:10:00,16,1,29,13,10,440,190,RUE DE L'OUCHE QUINET,47.1882,-1.4951,Plein jour,En agglomération,Intersection en T,Normale,Deux véhicules - arrière,,,,,,,,,,,1,2,3,1,2.0
201600026851,0016-02-24 06:25:00,16,2,24,6,25,440,109,"., PLACE ARISTIDE BRIAND",47.2173,-1.56256,Nuit avec éclairage allumé,En agglomération,Hors intersection,Normale,Sans collision,,,,,,,,,,,5,2,1,1,7.0
201600026852,0016-01-06 17:52:00,16,1,6,17,52,440,194,RD 42,47.28981,-1.65734,Nuit sans éclairage public,Hors agglomération,Hors intersection,Pluie légère,Autre collision,,,,,,,,,,,3,1,1,2,6.0
201600026853,0016-11-23 12:38:00,16,11,23,12,38,440,109,PONT DE CHEVIRE,47.18094,-1.61039,Plein jour,En agglomération,Hors intersection,Normale,Trois véhicules et plus - collisions multiples,,,,,,,,,,,1,2,1,1,5.0
201600026854,0016-01-06 21:10:00,16,1,6,21,10,440,109,PLACE DU CIRQUE,47.2175,-1.55719,Nuit avec éclairage allumé,En agglomération,Hors intersection,Pluie légère,Sans collision,,,,,,,,,,,5,2,1,2,7.0
201600026855,0016-01-04 16:10:00,16,1,4,16,10,440,114,RUE ALFRED NOBEL,47.2478,-1.5959,Plein jour,En agglomération,Hors intersection,Temps couvert,Deux véhicules - côté,,,,,,,,,,,1,2,1,8,3.0
201600026856,0016-02-17 17:50:00,16,2,17,17,50,440,109,"5, RUE GENERAL BUAT",47.2335,-1.53627,Plein jour,En agglomération,Hors intersection,Normale,Autre collision,,,,,,,,,,,1,2,1,1,6.0
201600026857,0016-01-17 21:26:00,16,1,17,21,26,440,109,BD MARTYRS N. DE LA RESI,47.2042,-1.54667,Nuit avec éclairage allumé,En agglomération,Hors intersection,Autre,Autre collision,,,,,,,,,,,5,2,1,9,6.0
201600026858,0016-02-28 06:05:00,16,2,28,6,5,440,109,"50, BOULEVARD DE LA LIBE",47.2004,-1.58924,Nuit avec éclairage allumé,En agglomération,Hors intersection,Normale,Sans collision,,,,,,,,,,,5,2,1,1,7.0
201600026859,0016-01-07 08:55:00,16,1,7,8,55,440,109,RUE JEANNE D'ARC,47.22105,-1.55582,Plein jour,En agglomération,Hors intersection,Normale,Autre collision,,,,,,,,,,,1,2,1,1,6.0
201600026860,0016-01-28 11:50:00,16,1,28,11,50,440,143,RUE OCTAVE ROUSSEAU,47.186,-1.5641,Plein jour,En agglomération,Intersection en X,Normale,Deux véhicules - côté,,,,,,,,,,,1,2,2,1,3.0
201600026861,0016-01-28 14:45:00,16,1,28,14,45,440,114,RUE DE SOLAY,47.251,-1.61361,Plein jour,En agglomération,Hors intersection,Normale,Deux véhicules - frontale,,,,,,,,,,,1,2,1,1,1.0
201600026862,0016-01-22 16:25:00,16,1,22,16,25,440,109,BOULEVARD ROBERT SCHUMAN,47.2397,-1.57168,Plein jour,En agglomération,Hors intersection,Pluie légère,Autre collision,,,,,,,,,,,1,2,1,2,6.0
201600026863,0016-01-12 08:40:00,16,1,12,8,40,440,109,RUE DE LA MARRIERE,47.2359,-1.52766,Crépuscule ou aube,En agglomération,Hors intersection,Pluie légère,Autre collision,,,,,,,,,,,2,2,1,2,6.0
201600026864,0016-02-15 19:00:00,16,2,15,19,0,440,162,RUE PIERRE BLARD,47.2116,-1.65157,Crépuscule ou aube,En agglomération,Hors intersection,Normale,Deux véhicules - côté,,,,,,,,,,,2,2,1,1,3.0
201600026865,0016-02-01 07:50:00,16,2,1,7,50,440,109,PERIPHERIQUE exterieur,47.1928,-1.61359,Plein jour,En agglomération,Hors intersection,Normale,Trois véhicules et plus - en chaîne,,,,,,,,,,,1,2,1,1,4.0
201600026866,0016-02-12 01:55:00,16,2,12,1,55,440,109,COURS DES 50 OTAGES,47.21559,-1.55633,Nuit avec éclairage allumé,En agglomération,Autre intersection,Vent fort / tempête,Autre collision,,,,,,,,,,,5,2,9,6,6.0
201600026867,0016-02-22 18:05:00,16,2,22,18,5,440,162,BOULEVARD PROFESSEUR JAC,47.2397,-1.63986,Crépuscule ou aube,En agglomération,Hors intersection,Temps couvert,Deux véhicules - frontale,,,,,,,,,,,2,2,1,8,1.0
201600026868,0016-02-01 08:10:00,16,2,1,8,10,440,109,"5, BOULEVARD MARECHAL LY",47.22,-1.53133,Plein jour,En agglomération,Hors intersection,Normale,Autre collision,,,,,,,,,,,1,2,1,1,6.0
201600026869,0016-02-16 18:10:00,16,2,16,18,10,440,109,BOULEVARD DU MASSACRE,47.2316,-1.59229,Crépuscule ou aube,En agglomération,Giratoire,Normale,Autre collision,,,,,,,,,,,2,2,6,1,6.0