accident_id,datetime,annee,mois,jour,heure,minute,departement,commune_insee,adresse,latitude,longitude,luminosite,agglomeration,intersection,meteo,collision,nb_vehicules,nb_usagers,nb_indemnes,nb_tues,nb_blesses_hosp,nb_blesses_legers,age_cond_1,age_cond_2,veh_type_cond_1,veh_type_cond_2,lum_code,agg_code,int_code,atm_code,col_code
201600026870,0016-02-23 12:25:00,16,2,23,12,25,440,162,BOULEVARD CHARLES DE GAU,47.2184,-1.64734,Plein jour,En agglomération,Hors intersection,Pluie légère,Deux véhicules - côté,,,,,,,,,,,1,2,1,2,3.0
201600026871,0016-02-26 17:05:00,16,2,26,17,5,440,109,BOULEVARD SALVADOR ALLEN,47.2072,-1.57253,Plein jour,En agglomération,Hors intersection,Normale,Deux véhicules - arrière,,,,,,,,,,,1,2,1,1,2.0
201600026872,0016-02-16 15:15:00,16,2,16,15,15,440,109,PONT DE CHEVIRE,47.1919,-1.61359,Plein jour,En agglomération,Hors intersection,Normale,Deux véhicules - côté,,,,,,,,,,,1,2,1,1,3.0
201600026873,0016-02-26 19:10:00,16,2,26,19,10,440,109,BOULEVARD DES ANGLAIS,47.2281,-1.58014,Nuit sans éclairage public,En agglomération,Hors intersection,Normale,Deux véhicules - côté,,,,,,,,,,,3,2,1,1,3.0
201600026874,0016-02-09 07:15:00,16,2,9,7,15,440,109,RUE ERIC TABARLY,47.1947,-1.54637,Nuit avec éclairage allumé,En agglomération,Hors intersection,Vent fort / tempête,Deux véhicules - côté,,,,,,,,,,,5,2,1,6,3.0
201600026875,0016-02-23 08:35:00,16,2,23,8,35,440,109,PLACE PIRMIL,47.1961,-1.54223,Crépuscule ou aube,En agglomération,Hors intersection,Pluie forte,Autre collision,,,,,,,,,,,2,2,1,3,6.0
201600026876,0016-02-23 15:05:00,16,2,23,15,5,440,109,BOULEVARD LOUIS MILLET,47.2271,-1.51862,Plein jour,En agglomération,Autre intersection,Normale,Autre collision,,,,,,,,,,,1,2,9,1,6.0
201600026877,0016-03-01 17:50:00,16,3,1,17,50,440,109,"69, BOULEVARD JULES VERN",47.2381,-1.53232,Plein jour,En agglomération,Hors intersection,Pluie légère,Autre collision,,,,,,,,,,,1,2,1,2,6.0
201600026878,0016-03-10 09:10:00,16,3,10,9,10,440,109,BOULEVARD EMILE ROMANET,47.2097,-1.60008,Crépuscule ou aube,Hors agglomération,Hors intersection,Normale,Autre collision,,,,,,,,,,,2,1,1,1,6.0
201600026879,0016-03-03 10:10:00,16,3,3,10,10,440,114,"1, RUE DE LA CONRAIE",47.2618,-1.58763,Plein jour,En agglomération,Hors intersection,Normale,Autre collision,,,,,,,,,,,1,2,1,1,6.0
201600026880,0016-03-01 15:45:00,16,3,1,15,45,440,109,PLACE SAINT PIERRE,47.2184,-1.551,Plein jour,En agglomération,Hors intersection,Pluie légère,Autre collision,,,,,,,,,,,1,2,1,2,6.0
201600026881,0016-03-08 08:30:00,16,3,8,8,30,440,26,BOULEVARD DES EUROPEENS,47.2911,-1.50138,Plein jour,En agglomération,Hors intersection,Normale,Deux véhicules - arrière,,,,,,,,,,,1,2,1,1,2.0
201600026882,0016-02-09 13:35:00,16,2,9,13,35,440,162,RUE VINCENT AURIOL,47.2196,-1.65425,Plein jour,En agglomération,Intersection en X,Normale,Deux véhicules - côté,,,,,,,,,,,1,2,2,1,3.0
201600026883,0016-03-11 20:20:00,16,3,11,20,20,440,109,"., PLACE PIRMIL",47.1977,-1.54235,Plein jour,En agglomération,Intersection à plus de 4 branches,Normale,Deux véhicules - côté,,,,,,,,,,,1,2,5,1,3.0
201600026884,0016-03-12 18:05:00,16,3,12,18,5,440,162,75,47.22707,-1.65168,Plein jour,En agglomération,Giratoire,Normale,Deux véhicules - côté,,,,,,,,,,,1,2,6,1,3.0
201600026885,0016-03-04 22:51:00,16,3,4,22,51,440,109,AVENUE DU PARC DE PROCE,47.2225,-1.58095,Nuit avec éclairage allumé,En agglomération,Hors intersection,Normale,Autre collision,,,,,,,,,,,5,2,1,1,6.0
201600026886,0016-03-01 10:25:00,16,3,1,10,25,440,143,RUE DU CHATELIER,47.1703,-1.53143,Plein jour,En agglomération,Hors intersection,Normale,Deux véhicules - frontale,,,,,,,,,,,1,2,1,1,1.0
201600026887,0016-03-14 08:00:00,16,3,14,8,0,440,109,CHEMIN DE LA PIERRE PERC,47.2533,-1.54797,Plein jour,Hors agglomération,Hors intersection,Normale,Deux véhicules - côté,,,,,,,,,,,1,1,1,1,3.0
201600026888,0016-03-25 08:20:00,16,3,25,8,20,440,109,"., BOULEVARD ALBERT EINS",47.2598,-1.55856,Plein jour,En agglomération,Hors intersection,Normale,Deux véhicules - côté,,,,,,,,,,,1,2,1,1,3.0
201600026889,0016-03-03 08:25:00,16,3,3,8,25,440,109,RUE SAINT JEAN BAPTISTE,47.2329,-1.56009,Plein jour,En agglomération,Hors intersection,Normale,Autre collision,,,,,,,,,,,1,2,1,1,6.0
201600026890,0016-03-25 18:20:00,16,3,25,18,20,440,162,PERIPHERIQUE,47.2243,-1.62173,Plein jour,Hors agglomération,Hors intersection,Normale,Deux véhicules - côté,,,,,,,,,,,1,1,1,1,3.0
201600026891,0016-03-22 14:35:00,16,3,22,14,35,440,109,BOULEVARD DES ANGLAIS,47.2281,-1.58006,Plein jour,En agglomération,Hors intersection,Normale,Trois véhicules et plus - collisions multiples,,,,,,,,,,,1,2,1,1,5.0
201600026892,0016-03-15 08:30:00,16,3,15,8,30,440,162,BOULEVARD DE LA BAULE,47.225,-1.62021,Plein jour,En agglomération,Hors intersection,Normale,Autre collision,,,,,,,,,,,1,2,1,1,6.0
201600026893,0016-03-17 08:05:00,16,3,17,8,5,440,109,BOULEVARD PRESIDENT RENE,47.2077,-1.58243,Plein jour,Hors agglomération,Hors intersection,Normale,Deux véhicules - côté,,,,,,,,,,,1,1,1,1,3.0
201600026894,0016-02-26 07:20:00,16,2,26,7,20,440,109,"0, QUAI DE MALAKOFF",47.2132,-1.5346,Crépuscule ou aube,En agglomération,Hors intersection,Normale,Autre collision,,,,,,,,,,,2,2,1,1,6.0
201600026895,0016-03-09 20:00:00,16,3,9,20,0,440,109,BOULEVARD EUGENE ORIEUX,47.2352,-1.54941,Plein jour,En agglomération,Hors intersection,Normale,Deux véhicules - arrière,,,,,,,,,,,1,2,1,1,2.0
201600026896,0016-04-01 08:30:00,16,4,1,8,30,440,143,periph interieur,47.1794,-1.60482,Plein jour,En agglomération,Hors intersection,Normale,Deux véhicules - arrière,,,,,,,,,,,1,2,1,1,2.0
201600026897,0016-03-30 12:50:00,16,3,30,12,50,440,114,PERIPHERIQUE ROUTIER,47.2608,-1.61638,Plein jour,Hors agglomération,Hors intersection,Pluie légère,Trois véhicules et plus - en chaîne,,,,,,,,,,,1,1,1,2,4.0
201600026898,0016-03-13 08:55:00,16,3,13,8,55,440,109,RUE MARECHAL JOFFRE,47.2221,-1.54693,Plein jour,En agglomération,Hors intersection,Normale,Autre collision,,,,,,,,,,,1,2,1,1,6.0
201600026899,0016-04-01 10:45:00,16,4,1,10,45,440,109,CHEMIN DU HALAGE,47.22064,-1.505,Plein jour,En agglomération,Hors intersection,Normale,Deux véhicules - frontale,,,,,,,,,,,1,2,1,1,1.0
201600026900,0016-03-20 13:00:00,16,3,20,13,0,440,109,RUE DU RANZAI,47.2529,-1.52965,Plein jour,En agglomération,Hors intersection,Normale,Autre collision,,,,,,,,,,,1,2,1,1,6.0
201600026901,0016-03-21 12:50:00,16,3,21,12,50,440,109,BOULEVARD VICTOR HUGO,47.2037,-1.55177,Plein jour,Hors agglomération,Hors intersection,Normale,Autre collision,,,,,,,,,,,1,1,1,1,6.0
201600026902,0016-03-25 08:45:00,16,3,25,8,45,440,162,RUE DE LA RIVAUDIERE,47.2198,-1.65427,Plein jour,En agglomération,Hors intersection,Pluie légère,Deux véhicules - côté,,,,,,,,,,,1,2,1,2,3.0
201600026903,0016-03-29 19:30:00,16,3,29,19,30,440,162,BOULEVARD SALVADOR ALLEN,47.2176,-1.6134,Plein jour,En agglomération,Hors intersection,Normale,Autre collision,,,,,,,,,,,1,2,1,1,6.0
201600026904,0016-03-17 15:35:00,16,3,17,15,35,440,162,BOULEVARD DU VAL DE CHEZ,47.2373,-1.61224,Plein jour,En agglomération,Hors intersection,Normale,Deux véhicules - arrière,,,,,,,,,,,1,2,1,1,2.0
201600026905,0016-03-23 08:35:00,16,3,23,8,35,440,109,RUE JACQUES FEYDER,47.2295,-1.5861,Plein jour,En agglomération,Hors intersection,Normale,Deux véhicules - côté,,,,,,,,,,,1,2,1,1,3.0
201600026906,0016-03-22 07:50:00,16,3,22,7,50,440,109,PLACE VICTOR MANGIN,47.201,-1.5444,Plein jour,En agglomération,Hors intersection,Normale,Autre collision,,,,,,,,,,,1,2,1,1,6.0
201600026907,0016-03-17 00:01:00,16,3,17,0,1,440,109,BOULEVARD ERNEST DALBY,47.2284,-1.52638,Nuit avec éclairage allumé,En agglomération,Hors intersection,Normale,Deux véhicules - côté,,,,,,,,,,,5,2,1,1,3.0
201600026908,0016-04-14 08:40:00,16,4,14,8,40,440,20,ROUTE DE PORNIC,47.1867,-1.59744,Plein jour,En agglomération,Hors intersection,Normale,Autre collision,,,,,,,,,,,1,2,1,1,6.0
201600026909,0016-04-18 20:20:00,16,4,18,20,20,440,109,RUE LEOPOLD CASSEGRAIN,47.219,-1.55859,Plein jour,En agglomération,Intersection en X,Normale,Deux véhicules - côté,,,,,,,,,,,1,2,2,1,3.0
201600026910,0016-04-13 16:05:00,16,4,13,16,5,440,109,AVENUE CARNOT,47.2148,-1.54599,Plein jour,En agglomération,Hors intersection,Normale,Deux véhicules - côté,,,,,,,,,,,1,2,1,1,3.0
201600026911,0016-03-13 13:30:00,16,3,13,13,30,440,109,BOULEVARD DES TRIBUNES,47.2473,-1.56767,Plein jour,En agglomération,Hors intersection,Normale,Sans collision,,,,,,,,,,,1,2,1,1,7.0
201600026912,0016-03-15 12:00:00,16,3,15,12,0,440,109,ALLEE DE L'ILE GLORIETTE,47.2105,-1.55922,Plein jour,En agglomération,Hors intersection,Normale,Autre collision,,,,,,,,,,,1,2,1,1,6.0
201600026913,0016-03-12 19:15:00,16,3,12,19,15,440,109,RUE PAUL BELLAMY,47.2212,-1.5557,Crépuscule ou aube,En agglomération,Hors intersection,Normale,Autre collision,,,,,,,,,,,2,2,1,1,6.0
201600026914,0016-03-17 06:45:00,16,3,17,6,45,440,162,RUE SUZANNE LENGLEN,47.2196,-1.63752,Crépuscule ou aube,En agglomération,Hors intersection,Normale,Autre collision,,,,,,,,,,,2,2,1,1,6.0
201600026915,0016-04-01 14:15:00,16,4,1,14,15,440,109,"2, BACO ( ALLEE )",47.2152,-1.54705,Plein jour,En agglomération,Hors intersection,Normale,Deux véhicules - arrière,,,,,,,,,,,1,2,1,1,2.0
201600026916,0016-04-26 07:18:00,16,4,26,7,18,440,109,"89, BOULEVARD GABRIEL LA",47.2408,-1.55764,Plein jour,Hors agglomération,Hors intersection,Normale,Trois véhicules et plus - collisions multiples,,,,,,,,,,,1,1,1,1,5.0
201600026917,0016-03-17 17:00:00,16,3,17,17,0,440,190,RUE DU LARGEAU,47.1947,-1.50956,Plein jour,En agglomération,Hors intersection,Normale,Deux véhicules - frontale,,,,,,,,,,,1,2,1,1,1.0
201600026918,0016-04-25 11:05:00,16,4,25,11,5,440,109,BOULEVARD AUGUSTE PENEAU,47.2299,-1.5108,Plein jour,En agglomération,Hors intersection,Normale,Deux véhicules - côté,,,,,,,,,,,1,2,1,1,3.0
201600026919,0016-03-22 08:05:00,16,3,22,8,5,440,162,PERIPHERIQUE,47.2055,-1.62429,Plein jour,En agglomération,Hors intersection,Normale,Deux véhicules - côté,,,,,,,,,,,1,2,1,1,3.0
201600026920,0016-05-01 14:45:00,16,5,1,14,45,440,114,ROND-POINT DU BOIS CESBR,47.25836,-1.6238,Plein jour,En agglomération,Hors intersection,Normale,Deux véhicules - frontale,,,,,,,,,,,1,2,1,1,1.0
201600026921,0016-04-16 15:50:00,16,4,16,15,50,440,162,AVENUE DES GRANDS BOIS,47.2344,-1.59199,Plein jour,En agglomération,Hors intersection,Normale,Deux véhicules - côté,,,,,,,,,,,1,2,1,1,3.0
201600026922,0016-04-26 21:10:00,16,4,26,21,10,440,109,RUE DE GIGANT,47.2145,-1.57289,Plein jour,En agglomération,Hors intersection,Normale,Deux véhicules - côté,,,,,,,,,,,1,2,1,1,3.0
201600026923,0016-04-23 12:05:00,16,4,23,12,5,440,162,75,47.2549,-1.62888,Plein jour,En agglomération,Hors intersection,Normale,Deux véhicules - frontale,,,,,,,,,,,1,2,1,1,1.0
201600026924,0016-04-15 17:55:00,16,4,15,17,55,440,109,BD MARTYRS N. DE LA RESI,47.207,-1.54848,Plein jour,En agglomération,Hors intersection,Normale,Trois véhicules et plus - collisions multiples,,,,,,,,,,,1,2,1,1,5.0
201600026925,0016-05-04 18:00:00,16,5,4,18,0,440,109,BOULEVARD DE LA PRAIRIE,47.22404,-1.49994,Plein jour,Hors agglomération,Hors intersection,Normale,Deux véhicules - côté,,,,,,,,,,,1,1,1,1,3.0
201600026926,0016-04-28 09:20:00,16,4,28,9,20,440,114,PERIPHERIQUE ROUTIER,47.2587,-1.62612,Plein jour,Hors agglomération,Hors intersection,Normale,Deux véhicules - arrière,,,,,,,,,,,1,1,1,1,2.0
201600026927,0016-04-23 02:00:00,16,4,23,2,0,440,109,"1, RACINE ( RUE )",47.2134,-1.56283,Nuit avec éclairage allumé,Hors agglomération,Hors intersection,Normale,Autre collision,,,,,,,,,,,5,1,1,1,6.0
201600026928,0016-05-09 17:55:00,16,5,9,17,55,440,109,BOULEVARD ROBERT SCHUMAN,47.24033,-1.57225,Plein jour,En agglomération,Hors intersection,Normale,Deux véhicules - côté,,,,,,,,,,,1,2,1,1,3.0
201600026929,0016-05-16 09:50:00,16,5,16,9,50,440,109,RUE DU BELE,47.26645,-1.51359,Plein jour,En agglomération,Hors intersection,Normale,Deux véhicules - côté,,,,,,,,,,,1,2,1,1,3.0
201600026930,0016-04-13 23:20:00,16,4,13,23,20,440,109,BOULEVARD DE DOULON,47.224,-1.52011,Nuit avec éclairage allumé,Hors agglomération,Hors intersection,Normale,Deux véhicules - côté,,,,,,,,,,,5,1,1,1,3.0
201600026931,0016-05-06 19:15:00,16,5,6,19,15,440,109,PLACE DU COMMERCE,47.21317,-1.55845,Plein jour,En agglomération,Hors intersection,Normale,Autre collision,,,,,,,,,,,1,2,1,1,6.0
201600026932,0016-04-08 18:00:00,16,4,8,18,0,440,109,BOULEVARD DE CARDIFF,47.1983,-1.58827,Crépuscule ou aube,En agglomération,Hors intersection,Normale,Deux véhicules - arrière,,,,,,,,,,,2,2,1,1,2.0
201600026933,0016-05-20 14:00:00,16,5,20,14,0,440,109,BD DE LA FRATERNITE,47.22208,-1.58528,Plein jour,En agglomération,Hors intersection,Normale,Sans collision,,,,,,,,,,,1,2,1,1,7.0
201600026934,0016-05-04 19:45:00,16,5,4,19,45,440,109,"4, RUE DE LA FONTAINE CA",47.2743,-1.51283,Plein jour,En agglomération,Hors intersection,Normale,Autre collision,,,,,,,,,,,1,2,1,1,6.0
201600026935,0016-05-03 07:12:00,16,5,3,7,12,440,35,PERIPHERIQUE EST,47.2567,-1.54292,Plein jour,En agglomération,Hors intersection,Normale,Deux véhicules - côté,,,,,,,,,,,1,2,1,1,3.0
201600026936,0016-04-23 18:44:00,16,4,23,18,44,440,162,RUE DU ROCHER,47.2121,-1.64051,Plein jour,En agglomération,Hors intersection,Normale,Deux véhicules - frontale,,,,,,,,,,,1,2,1,1,1.0
201600026937,0016-05-20 09:30:00,16,5,20,9,30,440,162,PERIPHERIQUE,47.22895,-1.63807,Plein jour,Hors agglomération,Hors intersection,Pluie légère,Trois véhicules et plus - en chaîne,,,,,,,,,,,1,1,1,2,4.0
201600026938,0016-04-23 09:05:00,16,4,23,9,5,440,109,BOULEVARD VINCENT GACHE,47.2064,-1.54409,Plein jour,En agglomération,Hors intersection,Normale,Autre collision,,,,,,,,,,,1,2,1,1,6.0
201600026939,0016-04-30 04:07:00,16,4,30,4,7,440,109,BOULEVARD JEAN MONNET,47.2106,-1.55201,Nuit avec éclairage allumé,En agglomération,Hors intersection,Pluie légère,Autre collision,,,,,,,,,,,5,2,1,2,6.0
201600026940,0016-04-09 09:50:00,16,4,9,9,50,440,109,"69, RUE DE LA BOTTIERE",47.2398,-1.51885,Plein jour,En agglomération,Hors intersection,Normale,Autre collision,,,,,,,,,,,1,2,1,1,6.0
201600026941,0016-04-16 21:00:00,16,4,16,21,0,440,109,BOULEVARD DE LA LIBERTE,47.2035,-1.58848,Plein jour,En agglomération,Hors intersection,Normale,Autre collision,,,,,,,,,,,1,2,1,1,6.0
201600026942,0016-04-28 09:00:00,16,4,28,9,0,440,172,PERIPHERIQUE EST,47.2592,-1.55632,Plein jour,Hors agglomération,Hors intersection,Normale,Autre collision,,,,,,,,,,,1,1,1,1,6.0
201600026943,0016-04-29 09:05:00,16,4,29,9,5,440,109,BOULEVARD DE LA PRAIRIE,47.2052,-1.5551,Plein jour,En agglomération,Hors intersection,Normale,Deux véhicules - côté,,,,,,,,,,,1,2,1,1,3.0
201600026944,0016-04-29 23:20:00,16,4,29,23,20,440,109,"5, BOULEVARD WINSTON CHU",47.2103,-1.61016,Nuit avec éclairage allumé,Hors agglomération,Hors intersection,Normale,Autre collision,,,,,,,,,,,5,1,1,1,6.0
201600026945,0016-05-03 19:55:00,16,5,3,19,55,440,109,ROUTE DE CLISSON,47.18952,-1.51626,Plein jour,En agglomération,Hors intersection,Normale,Trois véhicules et plus - en chaîne,,,,,,,,,,,1,2,1,1,4.0
201600026946,0016-05-26 08:50:00,16,5,26,8,50,440,109,RUE LEON ET ALPHONSE SEC,47.22642,-1.56792,Plein jour,En agglomération,Hors intersection,Normale,Autre collision,,,,,,,,,,,1,2,1,1,6.0
201600026947,0016-05-24 19:15:00,16,5,24,19,15,440,109,RUE MARCEL PAUL,47.2152,-1.5384,Plein jour,Hors agglomération,Hors intersection,Normale,Autre collision,,,,,,,,,,,1,1,1,1,6.0
201600026948,0016-05-19 16:20:00,16,5,19,16,20,440,162,AVENUE DES LIONS,47.24848,-1.61945,Plein jour,En agglomération,Hors intersection,Normale,Autre collision,,,,,,,,,,,1,2,1,1,6.0
201600026949,0016-05-24 09:20:00,16,5,24,9,20,440,109,BOULEVARD DES AMERICAINS,47.23539,-1.56927,Plein jour,En agglomération,Intersection en T,Normale,Autre collision,,,,,,,,,,,1,2,3,1,6.0
201600026950,0016-05-26 09:00:00,16,5,26,9,0,440,109,BELLAMY ( RUE PAUL ),47.22133,-1.5556,Plein jour,En agglomération,Hors intersection,Normale,Autre collision,,,,,,,,,,,1,2,1,1,6.0
201600026951,0016-05-23 16:20:00,16,5,23,16,20,440,172,pte d'anjou,47.23673,-1.48086,Plein jour,Hors agglomération,Hors intersection,Normale,Deux véhicules - arrière,,,,,,,,,,,1,1,1,1,2.0
201600026952,0016-05-21 11:10:00,16,5,21,11,10,440,190,RUE DE LA CROIX DE BINE,47.19935,-1.50391,Plein jour,En agglomération,Hors intersection,Normale,Deux véhicules - côté,,,,,,,,,,,1,2,1,1,3.0
201600026953,0016-05-27 00:20:00,16,5,27,0,20,440,114,rue robert nicolais,47.27249,-1.6287,Nuit sans éclairage public,Hors agglomération,Hors intersection,Normale,Autre collision,,,,,,,,,,,3,1,1,1,6.0
201600026954,0016-06-07 23:36:00,16,6,7,23,36,440,162,"148, BOULEVARD DU MASSAC",47.23041,-1.59569,Nuit avec éclairage allumé,En agglomération,Hors intersection,Normale,Deux véhicules - côté,,,,,,,,,,,5,2,1,1,3.0
201600026955,0016-06-07 14:45:00,16,6,7,14,45,440,109,BOULEVARD DE CARDIFF,47.11587,-1.34493,Plein jour,En agglomération,Hors intersection,Normale,Autre collision,,,,,,,,,,,1,2,1,1,6.0
201600026956,0016-06-08 06:15:00,16,6,8,6,15,440,109,RUE MARECHAL JOFFRE,47.22062,-1.54856,Plein jour,En agglomération,Hors intersection,Normale,Autre collision,,,,,,,,,,,1,2,1,1,6.0
201600026957,0016-05-23 15:55:00,16,5,23,15,55,440,109,RUE MARECHAL JOFFRE,47.22026,-1.54897,Plein jour,En agglomération,Hors intersection,Normale,Autre collision,,,,,,,,,,,1,2,1,1,6.0
201600026958,0016-05-11 16:10:00,16,5,11,16,10,440,143,"2, AVENUE LOUISE MICHEL",47.1882,-1.54805,Plein jour,En agglomération,Hors intersection,Normale,Autre collision,,,,,,,,,,,1,2,1,1,6.0
201600026959,0016-06-10 19:10:00,16,6,10,19,10,440,109,BOULEVARD EMILE GABORY,47.19632,-1.5307,Plein jour,En agglomération,Hors intersection,Normale,Deux véhicules - frontale,,,,,,,,,,,1,2,1,1,1.0
201600026960,0016-06-07 08:00:00,16,6,7,8,0,440,109,BOULEVARD AUGUSTE PENEAU,47.22774,-1.51487,Plein jour,En agglomération,Intersection en X,Normale,Autre collision,,,,,,,,,,,1,2,2,1,6.0
201600026961,0016-06-15 18:00:00,16,6,15,18,0,440,114,ROUTE DE RENNES,47.26756,-1.58881,Plein jour,Hors agglomération,Hors intersection,Normale,Trois véhicules et plus - en chaîne,,,,,,,,,,,1,1,1,1,4.0
201600026962,0016-06-08 18:15:00,16,6,8,18,15,440,109,MAUVES ( BD DE LA PRAIRI,47.22404,-1.49994,Plein jour,En agglomération,Hors intersection,Normale,Deux véhicules - frontale,,,,,,,,,,,1,2,1,1,1.0
201600026963,0016-06-23 02:45:00,16,6,23,2,45,440,109,"., RUE DU MOULIN DE LA G",47.26117,-1.50881,Nuit avec éclairage non allumé,En agglomération,Hors intersection,Pluie légère,Sans collision,,,,,,,,,,,4,2,1,2,7.0
201600026964,0016-06-18 01:50:00,16,6,18,1,50,440,109,PERIPHERIQUE,47.2571,-1.54646,Nuit sans éclairage public,En agglomération,Hors intersection,Pluie légère,Deux véhicules - arrière,,,,,,,,,,,3,2,1,2,2.0
201600026965,0016-06-16 12:55:00,16,6,16,12,55,440,109,BEAUJOIRE ( BD DE LA ),47.25852,-1.51838,Plein jour,En agglomération,Hors intersection,Normale,Autre collision,,,,,,,,,,,1,2,1,1,6.0
201600026966,0016-05-12 16:15:00,16,5,12,16,15,440,143,RUE MAURICE JOUAUD,47.17481,-1.55442,Plein jour,Hors agglomération,Hors intersection,Normale,Deux véhicules - côté,,,,,,,,,,,1,1,1,1,3.0
201600026967,0016-06-11 19:15:00,16,6,11,19,15,440,109,RUE DE LA PRAIRIE D'AVAL,47.20026,-1.5465,Plein jour,En agglomération,Intersection en X,Normale,Autre collision,,,,,,,,,,,1,2,2,1,6.0
201600026968,0016-06-23 17:35:00,16,6,23,17,35,440,109,"22, RUE ROMAIN ROLLAND",47.20604,-1.60761,Plein jour,En agglomération,Hors intersection,Normale,Autre collision,,,,,,,,,,,1,2,1,1,6.0
201600026969,0016-05-28 15:55:00,16,5,28,15,55,440,114,165,47.25472,-1.6337,Plein jour,Hors agglomération,Hors intersection,Normale,Trois véhicules et plus - collisions multiples,,,,,,,,,,,1,1,1,1,5.0
201600026970,0016-06-10 03:30:00,16,6,10,3,30,440,190,"251, ROUTE DE CLISSON",47.18896,-1.50121,Nuit sans éclairage public,En agglomération,Hors intersection,Normale,Sans collision,,,,,,,,,,,3,2,1,1,7.0
201600026971,0016-05-11 21:35:00,16,5,11,21,35,440,109,BOULEVARD GUSTAVE ROCH,47.20273,-1.55294,Plein jour,En agglomération,Hors intersection,Normale,Autre collision,,,,,,,,,,,1,2,1,1,6.0
201600026972,0016-06-25 22:45:00,16,6,25,22,45,440,114,PERIPHERIQUE ROUTIER,47.2569,-1.62201,Nuit sans éclairage public,En agglomération,Hors intersection,Normale,Autre collision,,,,,,,,,,,3,2,1,1,6.0
201600026973,0016-05-17 11:30:00,16,5,17,11,30,440,109,RUE LORETTE DE LA REFOUL,47.22068,-1.54594,Plein jour,En agglomération,Hors intersection,Normale,Autre collision,,,,,,,,,,,1,2,1,1,6.0
201600026974,0016-05-24 08:05:00,16,5,24,8,5,440,109,"74, ROUTE DE LA JONELIER",47.25137,-1.54617,Plein jour,En agglomération,Hors intersection,Normale,Autre collision,,,,,,,,,,,1,2,1,1,6.0
201600026975,0016-05-25 12:10:00,16,5,25,12,10,440,143,RUE JULIEN DOUILLARD,47.22427,-1.51941,Plein jour,En agglomération,Hors intersection,Normale,Autre collision,,,,,,,,,,,1,2,1,1,6.0
201600026976,0016-05-29 13:00:00,16,5,29,13,0,440,114,"24, AVENUE FELIX VINCENT",47.24905,-1.57899,Plein jour,En agglomération,Hors intersection,Pluie légère,Sans collision,,,,,,,,,,,1,2,1,2,7.0
201600026977,0016-05-25 20:05:00,16,5,25,20,5,440,109,PERIPHERIQUE,47.17004,-1.58473,Plein jour,En agglomération,Hors intersection,Normale,Deux véhicules - côté,,,,,,,,,,,1,2,1,1,3.0
201600026978,0016-06-08 17:25:00,16,6,8,17,25,440,162,RUE DE L'HOTEL DE VILLE,47.21129,-1.65001,Plein jour,En agglomération,Hors intersection,Normale,Deux véhicules - frontale,,,,,,,,,,,1,2,1,1,1.0
201600026979,0016-06-11 03:28:00,16,6,11,3,28,440,109,RUE DE STRASBOURG,47.21627,-1.55151,Nuit sans éclairage public,En agglomération,Hors intersection,Pluie légère,Autre collision,,,,,,,,,,,3,2,1,2,6.0
201600026980,0016-06-13 17:55:00,16,6,13,17,55,440,109,RUE GEORGE SAND,47.22259,-1.57259,Plein jour,En agglomération,Hors intersection,Pluie légère,Autre collision,,,,,,,,,,,1,2,1,2,6.0
201600026981,0016-06-11 11:15:00,16,6,11,11,15,440,114,PERIPHERIQUE ROUTIER,47.25755,-1.62164,Plein jour,Hors agglomération,Hors intersection,Normale,Trois véhicules et plus - en chaîne,,,,,,,,,,,1,1,1,1,4.0
201600026982,0016-06-08 16:35:00,16,6,8,16,35,440,109,BOULEVARD BATONNIER CHOL,47.19913,-1.60988,Plein jour,En agglomération,Hors intersection,Normale,Deux véhicules - arrière,,,,,,,,,,,1,2,1,1,2.0
201600026983,0016-06-21 15:10:00,16,6,21,15,10,440,143,RUE ERNEST SAUVESTRE,47.16183,-1.54146,Plein jour,En agglomération,Hors intersection,Temps couvert,Autre collision,,,,,,,,,,,1,2,1,8,6.0
201600026984,0016-06-17 12:30:00,16,6,17,12,30,440,114,PERIPHERIQUE ROUTIER,47.26133,-1.61979,Plein jour,Hors agglomération,Hors intersection,Normale,Deux véhicules - arrière,,,,,,,,,,,1,1,1,1,2.0
201600026985,0016-06-05 08:00:00,16,6,5,8,0,440,109,QUAI DES ANTILLES,47.20203,-1.57277,Plein jour,En agglomération,Place,Normale,Autre collision,,,,,,,,,,,1,2,7,1,6.0
201600026986,0016-06-16 07:35:00,16,6,16,7,35,440,109,CHAUSSEE DE LA MADELEINE,47.20937,-1.55047,Plein jour,En agglomération,Hors intersection,Normale,Autre collision,,,,,,,,,,,1,2,1,1,6.0
201600026987,0016-06-22 07:59:00,16,6,22,7,59,440,109,RUE DU BOIS BRIAND,47.25117,-1.49876,Plein jour,En agglomération,Hors intersection,Normale,Deux véhicules - côté,,,,,,,,,,,1,2,1,1,3.0
201600026988,0016-06-09 09:00:00,16,6,9,9,0,440,109,RUE FELIX LEMOINE,47.23717,-1.54529,Plein jour,En agglomération,Hors intersection,Normale,Autre collision,,,,,,,,,,,1,2,1,1,6.0
201600026989,0016-06-28 23:00:00,16,6,28,23,0,440,162,RUE JEAN MONNET,47.20945,-1.63053,Nuit sans éclairage public,En agglomération,Hors intersection,Normale,Autre collision,,,,,,,,,,,3,2,1,1,6.0
201600026990,0016-06-13 14:30:00,16,6,13,14,30,440,109,RUE GAETAN RONDEAU,47.20664,-1.53401,Plein jour,En agglomération,Hors intersection,Normale,Deux véhicules - côté,,,,,,,,,,,1,2,1,1,3.0
201600026991,0016-06-22 18:35:00,16,6,22,18,35,440,162,RUE D'AGEN,47.21016,-1.61692,Plein jour,En agglomération,Hors intersection,Pluie forte,Autre collision,,,,,,,,,,,1,2,1,3,6.0