accident_id,datetime,annee,mois,jour,heure,minute,departement,commune_insee,adresse,latitude,longitude,luminosite,agglomeration,intersection,meteo,collision,nb_vehicules,nb_usagers,nb_indemnes,nb_tues,nb_blesses_hosp,nb_blesses_legers,age_cond_1,age_cond_2,veh_type_cond_1,veh_type_cond_2,lum_code,agg_code,int_code,atm_code,col_code
201600026992,0016-06-24 16:15:00,16,6,24,16,15,440,109,BOULEVARD ERNEST DALBY,47.22608,-1.52877,Plein jour,En agglomération,Hors intersection,Normale,Deux véhicules - côté,,,,,,,,,,,1,2,1,1,3.0
201600026993,0016-06-30 18:45:00,16,6,30,18,45,440,109,ROUTE DE PARIS,47.25179,-1.51729,Plein jour,En agglomération,Hors intersection,Normale,Deux véhicules - arrière,,,,,,,,,,,1,2,1,1,2.0
201600026994,0016-06-26 02:50:00,16,6,26,2,50,440,109,RUE GENERAL LECLERC DE H,47.21792,-1.55247,Nuit avec éclairage allumé,En agglomération,Hors intersection,Normale,Deux véhicules - frontale,,,,,,,,,,,5,2,1,1,1.0
201600026995,0016-06-07 19:00:00,16,6,7,19,0,440,109,RUE DE L'HOTEL DE VILLE,47.21773,-1.55549,Plein jour,En agglomération,Hors intersection,Normale,Deux véhicules - frontale,,,,,,,,,,,1,2,1,1,1.0
201600026996,0016-07-08 12:30:00,16,7,8,12,30,440,109,BOULEVARD MARTIN LUTHER,47.25665,-1.55513,Plein jour,En agglomération,Hors intersection,Normale,Autre collision,,,,,,,,,,,1,2,1,1,6.0
201600026997,0016-07-11 16:20:00,16,7,11,16,20,440,109,ROUTE DE SAINTE LUCE,47.24039,-1.51196,Plein jour,En agglomération,Hors intersection,Normale,Deux véhicules - côté,,,,,,,,,,,1,2,1,1,3.0
201600026998,0016-07-21 19:45:00,16,7,21,19,45,440,109,RUE DE BOUILLE,47.2254,-1.55734,Plein jour,En agglomération,Autre intersection,Normale,Autre collision,,,,,,,,,,,1,2,9,1,6.0
201600026999,0016-08-03 02:40:00,16,8,3,2,40,440,109,"59, RUE DES BOURDONNIERE",47.18657,-1.52166,Nuit avec éclairage allumé,En agglomération,Hors intersection,Normale,Autre collision,,,,,,,,,,,5,2,1,1,6.0
201600027000,0016-07-11 19:45:00,16,7,11,19,45,440,109,RUE GEORGES DE LA TOUR,47.22434,-1.60177,Plein jour,En agglomération,Hors intersection,Normale,Autre collision,,,,,,,,,,,1,2,1,1,6.0
201600027001,0016-07-10 19:10:00,16,7,10,19,10,440,109,PLACE VICTOR MANGIN,47.20088,-1.54477,Plein jour,En agglomération,Hors intersection,Normale,Autre collision,,,,,,,,,,,1,2,1,1,6.0
201600027002,0016-07-19 08:30:00,16,7,19,8,30,440,109,RUE STANISLAS BAUDRY,47.21895,-1.54406,Plein jour,En agglomération,Hors intersection,Normale,Deux véhicules - côté,,,,,,,,,,,1,2,1,1,3.0
201600027003,0016-07-24 18:30:00,16,7,24,18,30,440,162,BOULEVARD DE LA BAULE,47.22347,-1.61293,Plein jour,En agglomération,Hors intersection,Normale,Deux véhicules - frontale,,,,,,,,,,,1,2,1,1,1.0
201600027004,0016-07-17 18:10:00,16,7,17,18,10,440,162,AVENUE DES THEBAUDIERES,47.24019,-1.60948,Plein jour,En agglomération,Autre intersection,Normale,Autre collision,,,,,,,,,,,1,2,9,1,6.0
201600027005,0016-07-19 12:00:00,16,7,19,12,0,440,162,RUE DES MERISIERS,47.22714,-1.60871,Plein jour,En agglomération,Hors intersection,Normale,Deux véhicules - côté,,,,,,,,,,,1,2,1,1,3.0
201600027006,0016-07-04 18:43:00,16,7,4,18,43,440,109,ROUTE DE SAINT JOSEPH,47.25803,-1.52836,Plein jour,En agglomération,Hors intersection,Normale,Deux véhicules - côté,,,,,,,,,,,1,2,1,1,3.0
201600027007,0016-08-11 16:45:00,16,8,11,16,45,440,162,"., RUE D'ARRAS",47.21334,-1.6089,Plein jour,En agglomération,Hors intersection,Normale,Deux véhicules - côté,,,,,,,,,,,1,2,1,1,3.0
201600027008,0016-07-12 13:30:00,16,7,12,13,30,440,190,RUE JEAN MERMOZ,47.19717,-1.51295,Plein jour,En agglomération,Hors intersection,Pluie légère,Deux véhicules - frontale,,,,,,,,,,,1,2,1,2,1.0
201600027009,0016-07-18 07:25:00,16,7,18,7,25,440,109,RUE BEAUREPAIRE,47.21693,-1.55758,Plein jour,En agglomération,Hors intersection,Normale,Autre collision,,,,,,,,,,,1,2,1,1,6.0
201600027010,0016-07-26 17:10:00,16,7,26,17,10,440,109,RUE DE LA GRANDE BRETAGN,47.25896,-1.50819,Plein jour,En agglomération,Hors intersection,Normale,Autre collision,,,,,,,,,,,1,2,1,1,6.0
201600027011,0016-07-29 18:10:00,16,7,29,18,10,440,109,BOULEVARD DE LA PRAIRIE,47.22404,-1.49994,Plein jour,En agglomération,Hors intersection,Normale,Deux véhicules - côté,,,,,,,,,,,1,2,1,1,3.0
201600027012,0016-08-16 09:05:00,16,8,16,9,5,440,162,"3, RUE DE MARSEILLE",47.20775,-1.61833,Plein jour,En agglomération,Hors intersection,Normale,Autre collision,,,,,,,,,,,1,2,1,1,6.0
201600027013,0016-07-02 09:55:00,16,7,2,9,55,440,109,CHEMIN DU BAS,47.22726,-1.50137,Plein jour,Hors agglomération,Hors intersection,Normale,Sans collision,,,,,,,,,,,1,1,1,1,7.0
201600027014,0016-08-10 19:55:00,16,8,10,19,55,440,109,BOULEVARD JEAN PHILIPPOT,47.21226,-1.55457,Plein jour,En agglomération,Hors intersection,Normale,Deux véhicules - côté,,,,,,,,,,,1,2,1,1,3.0
201600027015,0016-07-17 21:43:00,16,7,17,21,43,440,109,BLANC ( RUE LOUIS ),47.20651,-1.55495,Crépuscule ou aube,En agglomération,Hors intersection,Normale,Autre collision,,,,,,,,,,,2,2,1,1,6.0
201600027016,0016-07-30 10:20:00,16,7,30,10,20,440,114,RENNES (RTE DE) RN 137,47.26547,-1.58706,Plein jour,Hors agglomération,Hors intersection,Normale,Trois véhicules et plus - en chaîne,,,,,,,,,,,1,1,1,1,4.0
201600027017,0016-07-01 15:30:00,16,7,1,15,30,440,109,RUE DE LA GRENERAIE,47.19805,-1.52993,Plein jour,En agglomération,Hors intersection,Normale,Autre collision,,,,,,,,,,,1,2,1,1,6.0
201600027018,0016-07-11 16:45:00,16,7,11,16,45,440,109,BOULEVARD DE LA BEAUJOIR,47.25852,-1.51838,Plein jour,En agglomération,Hors intersection,Normale,Autre collision,,,,,,,,,,,1,2,1,1,6.0
201600027019,0016-07-06 17:30:00,16,7,6,17,30,440,114,,47.26542,-1.5869,Plein jour,En agglomération,Hors intersection,Normale,Autre collision,,,,,,,,,,,1,2,1,1,6.0
201600027020,0016-07-10 18:25:00,16,7,10,18,25,440,109,RUE ROMAIN ROLLAND,47.2055,-1.60643,Plein jour,En agglomération,Intersection en X,Normale,Deux véhicules - côté,,,,,,,,,,,1,2,2,1,3.0
201600027021,0016-08-17 23:26:00,16,8,17,23,26,440,109,BOULEVARD JEAN PHILIPPOT,47.21176,-1.55614,Nuit avec éclairage allumé,En agglomération,Hors intersection,Normale,Autre collision,,,,,,,,,,,5,2,1,1,6.0
201600027022,0016-07-25 10:40:00,16,7,25,10,40,440,109,PONT DE CHEVIRE,47.19292,-1.61357,Plein jour,Hors agglomération,Hors intersection,Normale,Trois véhicules et plus - en chaîne,,,,,,,,,,,1,1,1,1,4.0
201600027023,0016-07-12 22:45:00,16,7,12,22,45,440,162,"155, BOULEVARD SALVADOR",47.21944,-1.6257,Nuit avec éclairage allumé,En agglomération,Hors intersection,Normale,Autre collision,,,,,,,,,,,5,2,1,1,6.0
201600027024,0016-07-15 11:18:00,16,7,15,11,18,440,109,ROUTE DE LA CHAPELLE SUR,47.26573,-1.57354,Plein jour,En agglomération,Hors intersection,Normale,Autre collision,,,,,,,,,,,1,2,1,1,6.0
201600027025,0016-07-01 14:35:00,16,7,1,14,35,440,109,COURS JOHN KENNEDY,47.21605,-1.54679,Plein jour,En agglomération,Hors intersection,Normale,Autre collision,,,,,,,,,,,1,2,1,1,6.0
201600027026,0016-08-12 14:11:00,16,8,12,14,11,440,114,AVENUE DE LA PATOUILLERI,47.24603,-1.57986,Plein jour,En agglomération,Hors intersection,Normale,Autre collision,,,,,,,,,,,1,2,1,1,6.0
201600027027,0016-08-23 14:55:00,16,8,23,14,55,440,109,GRANDJOUAN ( RUE JULES ),47.24808,-1.51614,Plein jour,En agglomération,Hors intersection,Normale,Autre collision,,,,,,,,,,,1,2,1,1,6.0
201600027028,0016-09-03 14:35:00,16,9,3,14,35,440,109,RUE DE BROSSES,47.21033,-1.57198,Plein jour,En agglomération,Hors intersection,Normale,Autre collision,,,,,,,,,,,1,2,1,1,6.0
201600027029,0016-09-16 14:30:00,16,9,16,14,30,440,109,BOULEVARD JEAN PHILIPOT,47.21278,-1.55349,Plein jour,En agglomération,Hors intersection,Normale,Deux véhicules - frontale,,,,,,,,,,,1,2,1,1,1.0
201600027030,0016-09-01 17:15:00,16,9,1,17,15,440,143,AVENUE DE LA LIBERATION,47.19355,-1.5462,Plein jour,En agglomération,Hors intersection,Normale,Autre collision,,,,,,,,,,,1,2,1,1,6.0
201600027031,0016-09-16 06:50:00,16,9,16,6,50,440,109,"441, ROUTE DE CLISSON",47.18717,-1.47731,Crépuscule ou aube,Hors agglomération,Hors intersection,Normale,Autre collision,,,,,,,,,,,2,1,1,1,6.0
201600027032,0016-10-02 01:20:00,16,10,2,1,20,440,109,BOULEVARD PASTEUR,47.21214,-1.57906,Nuit avec éclairage allumé,En agglomération,Intersection en X,Normale,Deux véhicules - frontale,,,,,,,,,,,5,2,2,1,1.0
201600027033,0016-08-20 20:40:00,16,8,20,20,40,440,162,BOULEVARD DU TERTRE,47.21406,-1.6073,Plein jour,Hors agglomération,Hors intersection,Normale,Autre collision,,,,,,,,,,,1,1,1,1,6.0
201600027034,0016-09-02 13:55:00,16,9,2,13,55,440,109,RUE PAUL BEAUPERE,47.24741,-1.5039,Plein jour,En agglomération,Giratoire,Normale,Autre collision,,,,,,,,,,,1,2,6,1,6.0
201600027035,0016-08-30 03:10:00,16,8,30,3,10,440,162,BOULEVARD DU MASSACRE,47.23609,-1.5874,Nuit sans éclairage public,En agglomération,Hors intersection,Normale,Autre collision,,,,,,,,,,,3,2,1,1,6.0
201600027036,0016-08-30 08:00:00,16,8,30,8,0,440,109,"337, ROUTE DE SAINTE LUC",47.24606,-1.50291,Plein jour,Hors agglomération,Hors intersection,Normale,Autre collision,,,,,,,,,,,1,1,1,1,6.0
201600027037,0016-09-24 00:05:00,16,9,24,0,5,440,109,DALBY ( BD ERNEST ),47.22794,-1.5273,Nuit avec éclairage allumé,Hors agglomération,Hors intersection,Normale,Autre collision,,,,,,,,,,,5,1,1,1,6.0
201600027038,0016-09-29 09:45:00,16,9,29,9,45,440,114,PERIPHERIQUE ROUTIER,47.2621,-1.61258,Plein jour,En agglomération,Hors intersection,Normale,Trois véhicules et plus - en chaîne,,,,,,,,,,,1,2,1,1,4.0
201600027039,0016-08-07 20:11:00,16,8,7,20,11,440,109,CANCLAUX ( PLACE ),47.21475,-1.57439,Plein jour,En agglomération,Hors intersection,Normale,Autre collision,,,,,,,,,,,1,2,1,1,6.0
201600027040,0016-08-20 02:55:00,16,8,20,2,55,440,109,PONT DE LA ROTONDE,47.21591,1.54685,Nuit avec éclairage allumé,En agglomération,Hors intersection,Normale,Sans collision,,,,,,,,,,,5,2,1,1,7.0
201600027041,0016-08-02 08:35:00,16,8,2,8,35,440,109,CASSIN ( BD RENE ),47.26411,-1.57623,Plein jour,En agglomération,Hors intersection,Normale,Autre collision,,,,,,,,,,,1,2,1,1,6.0
201600027042,0016-08-23 16:40:00,16,8,23,16,40,440,109,RUE HENRI PICHERIT,47.25272,-1.55327,Plein jour,En agglomération,Hors intersection,Normale,Autre collision,,,,,,,,,,,1,2,1,1,6.0
201600027043,0016-09-25 19:40:00,16,9,25,19,40,440,162,"7, RUE D'ARRAS",47.21329,-1.60845,Plein jour,En agglomération,Hors intersection,Normale,Autre collision,,,,,,,,,,,1,2,1,1,6.0
201600027044,0016-08-09 15:55:00,16,8,9,15,55,440,162,PERIPHERIQUE,47.23879,-1.66327,Plein jour,Hors agglomération,Hors intersection,Normale,Autre collision,,,,,,,,,,,1,1,1,1,6.0
201600027045,0016-10-04 09:10:00,16,10,4,9,10,440,109,"103, CARQUEFOU ( ROUTE D",47.27258,1.5097,Plein jour,En agglomération,Hors intersection,Normale,Trois véhicules et plus - en chaîne,,,,,,,,,,,1,2,1,1,4.0
201600027046,0016-08-23 09:05:00,16,8,23,9,5,440,162,AVENUE DE VILLANDRY,47.24113,-1.59844,Plein jour,En agglomération,Hors intersection,Normale,Deux véhicules - arrière,,,,,,,,,,,1,2,1,1,2.0
201600027047,0016-08-12 12:00:00,16,8,12,12,0,440,109,PERIPHERIQUE,47.19474,-1.61367,Plein jour,Hors agglomération,Hors intersection,Normale,Deux véhicules - côté,,,,,,,,,,,1,1,1,1,3.0
201600027048,0016-10-18 13:40:00,16,10,18,13,40,440,109,"., LITTRE ( RUE )",47.21724,-1.5815,Plein jour,En agglomération,Intersection en T,Normale,Deux véhicules - arrière,,,,,,,,,,,1,2,3,1,2.0
201600027049,0016-09-01 17:25:00,16,9,1,17,25,440,109,BOULEVARD ROBERT SCHUMAN,47.23877,-1.57039,Plein jour,En agglomération,Hors intersection,Normale,Autre collision,,,,,,,,,,,1,2,1,1,6.0
201600027050,0016-10-21 02:58:00,16,10,21,2,58,440,109,"., AVENUE CARNOT",47.21298,-1.5445,Nuit avec éclairage allumé,En agglomération,Hors intersection,Normale,Sans collision,,,,,,,,,,,5,2,1,1,7.0
201600027051,0016-09-18 18:45:00,16,9,18,18,45,440,143,RUE DE LA CLASSERIE,47.17394,-1.5587,Plein jour,En agglomération,Hors intersection,Normale,Deux véhicules - côté,,,,,,,,,,,1,2,1,1,3.0
201600027052,0016-09-15 17:05:00,16,9,15,17,5,440,109,RUE PAUL BELLAMY,47.22472,-1.55875,Plein jour,Hors agglomération,Hors intersection,Normale,Autre collision,,,,,,,,,,,1,1,1,1,6.0
201600027053,0016-09-12 17:48:00,16,9,12,17,48,440,109,BOULEVARD DE STALINGRAD,47.21822,-1.54045,Plein jour,En agglomération,Hors intersection,Normale,Sans collision,,,,,,,,,,,1,2,1,1,7.0
201600027054,0016-09-28 10:05:00,16,9,28,10,5,440,109,"93, RUE DE LA BOURGEONNI",47.25292,-1.56071,Plein jour,En agglomération,Hors intersection,Normale,Autre collision,,,,,,,,,,,1,2,1,1,6.0
201600027055,0016-09-08 18:45:00,16,9,8,18,45,440,109,BOULEVARD ERNEST DALBY,,,Plein jour,En agglomération,Hors intersection,Normale,Autre collision,,,,,,,,,,,1,2,1,1,6.0
201600027056,0016-10-22 00:05:00,16,10,22,0,5,440,109,"35, DERVALLIERES ( RUE D",47.22243,-1.58249,Nuit avec éclairage allumé,En agglomération,Hors intersection,Normale,Deux véhicules - côté,,,,,,,,,,,5,2,1,1,3.0
201600027057,0016-09-30 17:10:00,16,9,30,17,10,440,172,PERIPHERIQUE EST,47.24608,-1.49974,Plein jour,En agglomération,Hors intersection,Normale,Autre collision,,,,,,,,,,,1,2,1,1,6.0
201600027058,0016-09-23 10:15:00,16,9,23,10,15,440,20,porte de retz,47.16803,-1.57686,Plein jour,En agglomération,Hors intersection,Normale,Autre collision,,,,,,,,,,,1,2,1,1,6.0
201600027059,0016-09-20 09:35:00,16,9,20,9,35,440,162,RUE BOBBY SANDS,47.23422,-1.65422,Plein jour,En agglomération,Hors intersection,Normale,Deux véhicules - côté,,,,,,,,,,,1,2,1,1,3.0
201600027060,0016-09-20 16:20:00,16,9,20,16,20,440,143,RUE ANTOINE LAURENT DE L,47.15726,-1.54145,Plein jour,En agglomération,Hors intersection,Normale,Deux véhicules - côté,,,,,,,,,,,1,2,1,1,3.0
201600027061,0016-09-28 17:10:00,16,9,28,17,10,440,162,BOULEVARD PIERRE DE COUB,47.23132,-1.59195,Plein jour,En agglomération,Hors intersection,Normale,Deux véhicules - frontale,,,,,,,,,,,1,2,1,1,1.0
201600027062,0016-10-05 13:15:00,16,10,5,13,15,440,109,RUE ROMAIN ROLLAND,47.20602,-1.60826,Plein jour,En agglomération,Hors intersection,Normale,Autre collision,,,,,,,,,,,1,2,1,1,6.0
201600027063,0016-10-02 18:50:00,16,10,2,18,50,440,109,ALLEE DE LA BOURSE,47.21214,-1.55861,Crépuscule ou aube,En agglomération,Hors intersection,Normale,Autre collision,,,,,,,,,,,2,2,1,1,6.0
201600027064,0016-10-14 16:00:00,16,10,14,16,0,440,109,RUE CREBILLON,47.21382,-1.56036,Plein jour,En agglomération,Hors intersection,Normale,Autre collision,,,,,,,,,,,1,2,1,1,6.0
201600027065,0016-10-07 15:00:00,16,10,7,15,0,440,114,ROUTE DE VANNES,47.25054,-1.61759,Plein jour,En agglomération,Hors intersection,Normale,Autre collision,,,,,,,,,,,1,2,1,1,6.0
201600027066,0016-08-04 19:00:00,16,8,4,19,0,440,109,COURS DES 50 OTAGES,47.21883,-1.55449,Crépuscule ou aube,En agglomération,Hors intersection,Normale,Autre collision,,,,,,,,,,,2,2,1,1,6.0
201600027067,0016-09-28 08:15:00,16,9,28,8,15,440,109,bd flemming,47.25732,-1.55033,Plein jour,En agglomération,Hors intersection,Normale,Deux véhicules - côté,,,,,,,,,,,1,2,1,1,3.0
201600027068,0016-11-07 21:50:00,16,11,7,21,50,440,162,"., BOULEVARD DE LA BAULE",47.22252,-1.60892,Nuit avec éclairage allumé,En agglomération,Hors intersection,Normale,Deux véhicules - frontale,,,,,,,,,,,5,2,1,1,1.0
201600027069,0016-10-08 17:30:00,16,10,8,17,30,440,109,QUAI CEINERAY,47.22091,-1.55281,Plein jour,En agglomération,Hors intersection,Normale,Autre collision,,,,,,,,,,,1,2,1,1,6.0
201600027070,0016-10-03 17:00:00,16,10,3,17,0,440,114,PLACE D'AUTEUIL,47.25449,-1.60031,Plein jour,En agglomération,Intersection en T,Normale,Autre collision,,,,,,,,,,,1,2,3,1,6.0
201600027071,0016-10-10 10:15:00,16,10,10,10,15,440,109,RUE DU MARCHE COMMUN,47.25379,-1.49921,Plein jour,En agglomération,Hors intersection,Normale,Autre collision,,,,,,,,,,,1,2,1,1,6.0
201600027072,0016-09-23 12:55:00,16,9,23,12,55,440,109,BOULEVARD JULES VERNE,47.24843,-1.52134,Plein jour,En agglomération,Hors intersection,Normale,Autre collision,,,,,,,,,,,1,2,1,1,6.0
201600027073,0016-09-10 09:00:00,16,9,10,9,0,440,109,BOULEVARD JULES VERNE,47.24849,-1.52141,Plein jour,En agglomération,Giratoire,Normale,Autre collision,,,,,,,,,,,1,2,6,1,6.0
201600027074,0016-09-15 18:10:00,16,9,15,18,10,440,109,BOULEVARD ALBERT EINSTEI,47.26436,-1.57237,Plein jour,En agglomération,Hors intersection,Normale,Deux véhicules - côté,,,,,,,,,,,1,2,1,1,3.0
201600027075,0016-09-24 18:07:00,16,9,24,18,7,440,109,RUE DU BOIS HERCE,47.2083,-1.59303,Plein jour,En agglomération,Hors intersection,Normale,Autre collision,,,,,,,,,,,1,2,1,1,6.0
201600027076,0016-09-06 20:20:00,16,9,6,20,20,440,109,RUE PAUL BELLAMY,47.22724,-1.56083,Crépuscule ou aube,En agglomération,Hors intersection,Normale,Autre collision,,,,,,,,,,,2,2,1,1,6.0
201600027077,0016-09-29 08:50:00,16,9,29,8,50,440,109,QUAI PRESIDENT WILSON,47.19977,-1.56484,Plein jour,En agglomération,Hors intersection,Normale,Deux véhicules - côté,,,,,,,,,,,1,2,1,1,3.0
201600027078,0016-09-30 00:50:00,16,9,30,0,50,440,109,"88, RUE DE LA CONVENTION",47.21022,-1.59474,Nuit avec éclairage allumé,En agglomération,Hors intersection,Normale,Autre collision,,,,,,,,,,,5,2,1,1,6.0
201600027079,0016-09-29 08:20:00,16,9,29,8,20,440,190,"31, RUE DE LA BAUGERIE",47.20423,-1.51924,Plein jour,En agglomération,Hors intersection,Normale,Deux véhicules - frontale,,,,,,,,,,,1,2,1,1,1.0
201600027080,0016-09-15 17:45:00,16,9,15,17,45,440,109,RUE DE LA DURANTIERE,47.21338,-1.60242,Plein jour,En agglomération,Hors intersection,Normale,Deux véhicules - côté,,,,,,,,,,,1,2,1,1,3.0
201600027081,0016-10-01 14:50:00,16,10,1,14,50,440,162,moulin neuf,47.21075,-1.62625,Plein jour,En agglomération,Hors intersection,Normale,Autre collision,,,,,,,,,,,1,2,1,1,6.0
201600027082,0016-11-24 00:42:00,16,11,24,0,42,440,109,"70, RUE MARECHAL JOFFRE",47.2207,-1.54853,Nuit avec éclairage allumé,En agglomération,Hors intersection,Normale,Autre collision,,,,,,,,,,,5,2,1,1,6.0
201600027083,0016-10-08 18:25:00,16,10,8,18,25,440,162,PERIPHERIQUE,47.25029,-1.62031,Plein jour,En agglomération,Hors intersection,Normale,Autre collision,,,,,,,,,,,1,2,1,1,6.0
201600027084,0016-10-03 08:50:00,16,10,3,8,50,440,162,RUE DE L'AMAZONE,47.24053,-1.61053,Plein jour,En agglomération,Hors intersection,Normale,Deux véhicules - arrière,,,,,,,,,,,1,2,1,1,2.0
201600027085,0016-10-21 18:30:00,16,10,21,18,30,440,109,RUE BLAISE PASCAL,47.25447,-1.5693,Plein jour,En agglomération,Hors intersection,Normale,Deux véhicules - frontale,,,,,,,,,,,1,2,1,1,1.0
201600027086,0016-10-29 10:30:00,16,10,29,10,30,440,162,AVENUE DE LA BOUVARDIERE,47.23805,-1.59774,Plein jour,En agglomération,Hors intersection,Normale,Deux véhicules - côté,,,,,,,,,,,1,2,1,1,3.0
201600027087,0016-10-06 23:00:00,16,10,6,23,0,440,190,RUE MARIE CURIE,47.19061,-1.48801,Nuit avec éclairage allumé,En agglomération,Hors intersection,Normale,Deux véhicules - côté,,,,,,,,,,,5,2,1,1,3.0
201600027088,0016-10-19 18:30:00,16,10,19,18,30,440,109,RUE PITRE CHEVALIER,47.22452,-1.54978,Plein jour,En agglomération,Hors intersection,Normale,Autre collision,,,,,,,,,,,1,2,1,1,6.0
201600027089,0016-10-12 08:15:00,16,10,12,8,15,440,109,"128, BOULEVARD DES BELGE",47.23537,-1.54596,Crépuscule ou aube,En agglomération,Hors intersection,Normale,Trois véhicules et plus - collisions multiples,,,,,,,,,,,2,2,1,1,5.0
201600027090,0016-10-28 11:10:00,16,10,28,11,10,440,109,BOULEVARD GENERAL DE GAU,47.20614,-1.53868,Plein jour,En agglomération,Hors intersection,Normale,Deux véhicules - côté,,,,,,,,,,,1,2,1,1,3.0
201600027091,0016-10-18 16:45:00,16,10,18,16,45,440,162,BOULEVARD DU MASSACRE,47.23344,-1.59019,Plein jour,En agglomération,Hors intersection,Normale,Trois véhicules et plus - collisions multiples,,,,,,,,,,,1,2,1,1,5.0
201600027092,0016-10-23 03:45:00,16,10,23,3,45,440,109,BRETAGNE ( PONT ANNE DE,47.20824,-1.56582,Nuit avec éclairage allumé,En agglomération,Hors intersection,Normale,Autre collision,,,,,,,,,,,5,2,1,1,6.0
201600027093,0016-10-07 17:35:00,16,10,7,17,35,440,162,BOULEVARD DE LA BAULE,47.22143,-1.6054,Plein jour,En agglomération,Hors intersection,Normale,Autre collision,,,,,,,,,,,1,2,1,1,6.0
201600027094,0016-11-14 07:00:00,16,11,14,7,0,440,109,RUE PAUL BELLAMY,47.22215,-1.55637,Nuit avec éclairage allumé,En agglomération,Hors intersection,Normale,Deux véhicules - frontale,,,,,,,,,,,5,2,1,1,1.0
201600027095,0016-11-04 13:35:00,16,11,4,13,35,440,109,RUE GERMAIN BOFFRAND,47.22079,-1.5712,Plein jour,En agglomération,Hors intersection,Normale,Deux véhicules - frontale,,,,,,,,,,,1,2,1,1,1.0
201600027096,0016-11-18 19:50:00,16,11,18,19,50,440,109,HUGO ( BD VICTOR ),47.20126,-1.54653,Crépuscule ou aube,En agglomération,Hors intersection,Normale,Autre collision,,,,,,,,,,,2,2,1,1,6.0
201600027097,0016-11-08 18:27:00,16,11,8,18,27,440,114,ROUTE DE RENNES,47.2529,-1.57633,Nuit avec éclairage allumé,En agglomération,Hors intersection,Pluie légère,Autre collision,,,,,,,,,,,5,2,1,2,6.0
201600027098,0016-10-06 01:54:00,16,10,6,1,54,440,109,BOULEVARD BENOIT FRACHON,47.20682,-1.57917,Nuit avec éclairage allumé,En agglomération,Intersection en T,Normale,Autre collision,,,,,,,,,,,5,2,3,1,6.0
201600027099,0016-12-03 02:50:00,16,12,3,2,50,440,109,"29, BOULEVARD AUGUSTE PE",47.22767,-1.5156,Nuit avec éclairage allumé,En agglomération,Hors intersection,Normale,Sans collision,,,,,,,,,,,5,2,1,1,7.0
201600027100,0016-10-06 18:20:00,16,10,6,18,20,440,109,BOULEVARD DES BELGES,47.23529,-1.54543,Plein jour,En agglomération,Hors intersection,Normale,Deux véhicules - frontale,,,,,,,,,,,1,2,1,1,1.0
201600027101,0016-10-16 09:15:00,16,10,16,9,15,440,109,RUE DE TALENSAC,47.22162,-1.55744,Plein jour,En agglomération,Hors intersection,Normale,Autre collision,,,,,,,,,,,1,2,1,1,6.0
201600027102,0016-10-31 10:42:00,16,10,31,10,42,440,109,"48, RUE DES USINES",47.19473,-1.61299,Plein jour,Hors agglomération,Hors intersection,Normale,Sans collision,,,,,,,,,,,1,1,1,1,7.0
201600027103,0016-12-08 16:50:00,16,12,8,16,50,440,109,BOULEVARD DE VENDEE,47.19008,-1.52546,Plein jour,En agglomération,Hors intersection,Normale,Sans collision,,,,,,,,,,,1,2,1,1,7.0
201600027104,0016-10-02 23:00:00,16,10,2,23,0,440,109,PERIPHERIQUE,47.26479,-1.591,Nuit sans éclairage public,Hors agglomération,Hors intersection,Normale,Deux véhicules - arrière,,,,,,,,,,,3,1,1,1,2.0
201600027105,0016-10-17 11:00:00,16,10,17,11,0,440,162,PERIPHERIQUE,47.25083,-1.62116,Plein jour,En agglomération,Hors intersection,Normale,Autre collision,,,,,,,,,,,1,2,1,1,6.0
201600027106,0016-10-06 21:15:00,16,10,6,21,15,440,109,PLACE DE LA PETITE HOLLA,47.21069,-1.56022,Nuit avec éclairage allumé,En agglomération,Hors intersection,Normale,Trois véhicules et plus - collisions multiples,,,,,,,,,,,5,2,1,1,5.0
201600027107,0016-10-16 02:40:00,16,10,16,2,40,440,162,"42, BOULEVARD DU MASSACR",47.23465,-1.58892,Nuit avec éclairage allumé,En agglomération,Hors intersection,Normale,Autre collision,,,,,,,,,,,5,2,1,1,6.0
201600027108,0016-10-24 19:30:00,16,10,24,19,30,440,109,PONT HAUDAUDINE,47.20906,-1.55597,Plein jour,En agglomération,Hors intersection,Normale,Deux véhicules - côté,,,,,,,,,,,1,2,1,1,3.0
201600027109,0016-11-23 12:30:00,16,11,23,12,30,440,109,"., RUE DE LA GILARDERIE",47.18958,-1.51933,Plein jour,En agglomération,Giratoire,Pluie légère,Deux véhicules - côté,,,,,,,,,,,1,2,6,2,3.0
201600027110,0016-10-17 07:50:00,16,10,17,7,50,440,162,"60, AVENUE DU PARNASSE",47.23559,-1.59608,Plein jour,En agglomération,Hors intersection,Normale,Autre collision,,,,,,,,,,,1,2,1,1,6.0
201600027111,0016-11-13 20:00:00,16,11,13,20,0,440,162,"., PERIPHERIQUE",47.21255,-1.62666,Nuit sans éclairage public,En agglomération,Hors intersection,Normale,Trois véhicules et plus - collisions multiples,,,,,,,,,,,3,2,1,1,5.0
201600027112,0016-12-15 17:12:00,16,12,15,17,12,440,109,"., RUE JULES NOEL",47.22886,-1.58619,Nuit avec éclairage allumé,En agglomération,Hors intersection,Normale,Deux véhicules - côté,,,,,,,,,,,5,2,1,1,3.0
201600027113,0016-11-12 18:19:00,16,11,12,18,19,440,109,"2, RUE DE MADRID",47.21404,-1.5326,Crépuscule ou aube,En agglomération,Hors intersection,Normale,Autre collision,,,,,,,,,,,2,2,1,1,6.0