accident_id,datetime,annee,mois,jour,heure,minute,departement,commune_insee,adresse,latitude,longitude,luminosite,agglomeration,intersection,meteo,collision,nb_vehicules,nb_usagers,nb_indemnes,nb_tues,nb_blesses_hosp,nb_blesses_legers,age_cond_1,age_cond_2,veh_type_cond_1,veh_type_cond_2,lum_code,agg_code,int_code,atm_code,col_code
201600027356,0016-07-08 21:53:00,16,7,8,21,53,470,1,DOLET (RUE ETIENNE),44.1996,0.6159,Crépuscule ou aube,En agglomération,Intersection en T,Normale,Deux véhicules - côté,,,,,,,,,,,2,2,3,1,3.0
201600027357,0016-07-18 11:20:00,16,7,18,11,20,470,201,PYRENEES (AVENUE DES),44.1848,0.6033,Plein jour,En agglomération,Intersection en X,Normale,Autre collision,,,,,,,,,,,1,2,2,1,6.0
201600027358,0016-08-13 16:09:00,16,8,13,16,9,470,32,".0, CASSOU (RTE DE)",44.1998,0.69561,Plein jour,Hors agglomération,Hors intersection,Normale,Deux véhicules - frontale,,,,,,,,,,,1,1,1,1,1.0
201600027359,0016-09-07 08:15:00,16,9,7,8,15,470,201,"., MARNE (AV. DE LA)",44.1945,0.60582,Plein jour,En agglomération,Hors intersection,Temps éblouissant,Deux véhicules - côté,,,,,,,,,,,1,2,1,7,3.0
201600027360,0016-09-20 14:53:00,16,9,20,14,53,470,1,BLD LIBERTÉ/R MONTAIGNE,44.1955,0.61727,Plein jour,En agglomération,Intersection en T,Normale,Deux véhicules - côté,,,,,,,,,,,1,2,3,1,3.0
201600027361,0016-09-21 16:21:00,16,9,21,16,21,470,31,AV JAURÉS/R ROSSIGNOLS,44.1775,0.64165,Plein jour,En agglomération,Intersection en T,Normale,Deux véhicules - côté,,,,,,,,,,,1,2,3,1,3.0
201600027362,0016-09-23 17:42:00,16,9,23,17,42,470,1,"., 14 JUILLET (COURS DU)",44.2046,0.62537,Plein jour,En agglomération,Hors intersection,Normale,Autre collision,,,,,,,,,,,1,2,1,1,6.0
201600027363,0016-10-14 08:57:00,16,10,14,8,57,470,1,"., 8 MAI 1945 (ALLEE DU)",44.2003,0.61729,Plein jour,En agglomération,Hors intersection,Pluie légère,Autre collision,,,,,,,,,,,1,2,1,2,6.0
201600027364,0016-10-15 19:00:00,16,10,15,19,0,470,1,AV BARBUSSE/IMP LOISEL,44.2068,0.63775,Plein jour,En agglomération,Intersection en T,Normale,Deux véhicules - côté,,,,,,,,,,,1,2,3,1,3.0
201600027365,0016-10-17 12:30:00,16,10,17,12,30,470,1,TISSIDRE (AV. ANDRE),44.189,0.6133,Plein jour,En agglomération,Hors intersection,Normale,Deux véhicules - arrière,,,,,,,,,,,1,2,1,1,2.0
201600027366,0016-10-29 14:15:00,16,10,29,14,15,470,201,BEAUREGARD,44.1696,0.60863,Plein jour,Hors agglomération,Giratoire,Normale,Deux véhicules - frontale,,,,,,,,,,,1,1,6,1,1.0
201600027367,0016-11-18 12:55:00,16,11,18,12,55,470,201,"., MARNE (AV. DE LA)",44.194,0.59952,Plein jour,En agglomération,Hors intersection,Normale,Trois véhicules et plus - collisions multiples,,,,,,,,,,,1,2,1,1,5.0
201600027368,0016-12-04 15:45:00,16,12,4,15,45,470,51,"., FERDINAND BUISSON",44.1808,0.68635,Plein jour,Hors agglomération,Hors intersection,Normale,Deux véhicules - côté,,,,,,,,,,,1,1,1,1,3.0
201600027369,0016-12-16 14:40:00,16,12,16,14,40,470,1,QUAI CALABET/PT PICKETTY,44.2086,0.61656,Plein jour,En agglomération,Intersection en T,Normale,Deux véhicules - côté,,,,,,,,,,,1,2,3,1,3.0
201600027370,0016-12-17 00:35:00,16,12,17,0,35,470,201,CONDOM(ROUTE DE),44.1673,0.60556,Nuit sans éclairage public,Hors agglomération,Hors intersection,Normale,Autre collision,,,,,,,,,,,3,1,1,1,6.0
201600027371,0016-12-22 16:05:00,16,12,22,16,5,470,1,STALINGRAD (AVENUE DE ),44.2105,0.63008,Plein jour,En agglomération,Hors intersection,Pluie légère,Autre collision,,,,,,,,,,,1,2,1,2,6.0
201600027372,0016-01-08 17:15:00,16,1,8,17,15,470,323,FUMEL(AVENUE DE ),44.4088,0.73605,Crépuscule ou aube,En agglomération,Hors intersection,Pluie légère,Autre collision,,,,,,,,,,,2,2,1,2,6.0
201600027373,0016-01-07 07:10:00,16,1,7,7,10,470,215,RN 21 COTE DE LAUDIE,44.3746,0.71418,Nuit sans éclairage public,Hors agglomération,Giratoire,Pluie légère,Deux véhicules - côté,,,,,,,,,,,3,1,6,2,3.0
201600027374,0016-01-22 08:25:00,16,1,22,8,25,470,323,RTE MARQUES/LDT SIGALAS,44.4337,0.76716,Crépuscule ou aube,Hors agglomération,Intersection en Y,Normale,Deux véhicules - frontale,,,,,,,,,,,2,1,4,1,1.0
201600027375,0016-02-07 00:05:00,16,2,7,0,5,470,323,LIEU-DIT LAS PARET,44.4023,0.77615,Nuit sans éclairage public,Hors agglomération,Intersection en T,Pluie légère,Deux véhicules - côté,,,,,,,,,,,3,1,3,2,3.0
201600027376,0016-03-26 13:20:00,16,3,26,13,20,470,27,"258, BORDEAUX (avenue de",44.4039,0.68669,Plein jour,En agglomération,Hors intersection,Normale,Sans collision,,,,,,,,,,,1,2,1,1,7.0
201600027377,0016-03-31 18:00:00,16,3,31,18,0,470,323,LDT STE RADEGONDE,44.4571,0.73022,Plein jour,Hors agglomération,Intersection en X,Pluie légère,Deux véhicules - côté,,,,,,,,,,,1,1,2,2,3.0
201600027378,0016-04-07 15:55:00,16,4,7,15,55,470,323,"11, LAMARTINE (ALLEE)",44.4095,0.70426,Plein jour,En agglomération,Hors intersection,Normale,Autre collision,,,,,,,,,,,1,2,1,1,6.0
201600027379,0016-05-01 16:55:00,16,5,1,16,55,470,323,"58, FUMEL(AVENUE DE )",44.4081,0.7233,Plein jour,En agglomération,Hors intersection,Normale,Sans collision,,,,,,,,,,,1,2,1,1,7.0
201600027380,0016-06-10 14:40:00,16,6,10,14,40,470,215,R D 118,44.3746,0.6709,Plein jour,Hors agglomération,Hors intersection,Pluie légère,Autre collision,,,,,,,,,,,1,1,1,2,6.0
201600027381,0016-06-17 14:05:00,16,6,17,14,5,470,323,CAVAILLE MARCEL (RUE),44.4078,0.73559,Plein jour,En agglomération,Intersection en T,Normale,Deux véhicules - côté,,,,,,,,,,,1,2,3,1,3.0
201600027382,0016-07-09 12:50:00,16,7,9,12,50,470,323,ROL TANGUY,44.4121,0.73675,Plein jour,En agglomération,Intersection en T,Normale,Deux véhicules - côté,,,,,,,,,,,1,2,3,1,3.0
201600027383,0016-09-04 17:50:00,16,9,4,17,50,470,323,"15, LATTRE DE TASSIGNY(A",44.4103,0.70873,Plein jour,En agglomération,Hors intersection,Normale,Autre collision,,,,,,,,,,,1,2,1,1,6.0
201600027384,0016-10-07 20:10:00,16,10,7,20,10,470,27,BORDEAUX (AVENUE DE),44.4031,0.6726,Nuit avec éclairage allumé,En agglomération,Hors intersection,Pluie légère,Deux véhicules - frontale,,,,,,,,,,,5,2,1,2,1.0
201600027385,0016-10-10 17:10:00,16,10,10,17,10,470,323,COCTEAU(RUE JEAN),44.4085,0.7195,Plein jour,En agglomération,Hors intersection,Normale,Autre collision,,,,,,,,,,,1,2,1,1,6.0
201600027386,0016-10-13 09:30:00,16,10,13,9,30,470,323,RTE DE SAINTSYLVESTRE,44.405,0.76203,Plein jour,Hors agglomération,Hors intersection,Autre,Sans collision,,,,,,,,,,,1,1,1,9,7.0
201600027387,0016-11-04 16:35:00,16,11,4,16,35,470,27,AV BORDEAUX/R MONPLAISIR,44.4039,0.68637,Plein jour,En agglomération,Intersection en T,Pluie légère,Deux véhicules - côté,,,,,,,,,,,1,2,3,2,3.0
201600027388,0016-11-08 21:20:00,16,11,8,21,20,470,323,FUMEL(AVENUE DE ),44.4074,0.7186,Nuit avec éclairage allumé,En agglomération,Hors intersection,Pluie forte,Deux véhicules - frontale,,,,,,,,,,,5,2,1,3,1.0
201600027389,0016-11-17 17:00:00,16,11,17,17,0,470,27,RD 911,44.4021,0.65418,Plein jour,Hors agglomération,Hors intersection,Normale,Trois véhicules et plus - en chaîne,,,,,,,,,,,1,1,1,1,4.0
201600027390,0016-11-21 12:20:00,16,11,21,12,20,470,323,BARBUSSE (RUE HENRI),44.3984,0.72396,Plein jour,Hors agglomération,Hors intersection,Normale,Deux véhicules - côté,,,,,,,,,,,1,1,1,1,3.0
201600027391,0016-11-22 17:25:00,16,11,22,17,25,470,323,AV FUMEL/R CAVAILLE,44.4088,0.73684,Nuit avec éclairage allumé,En agglomération,Intersection en T,Pluie forte,Deux véhicules - côté,,,,,,,,,,,5,2,3,3,3.0
201600027392,0016-12-08 15:00:00,16,12,8,15,0,470,323,RIOU DE METGE,44.3966,0.74235,Plein jour,En agglomération,Hors intersection,Normale,Deux véhicules - arrière,,,,,,,,,,,1,2,1,1,2.0
201600027393,0016-12-15 18:44:00,16,12,15,18,44,470,323,IMPASSE BRIGNOL,44.4079,0.74406,Nuit avec éclairage allumé,En agglomération,Hors intersection,Normale,Autre collision,,,,,,,,,,,5,2,1,1,6.0
201600027394,0016-01-09 05:20:00,16,1,9,5,20,480,95,RD 806,44.5351,3.49644,Nuit sans éclairage public,Hors agglomération,Autre intersection,Pluie légère,Deux véhicules - côté,,,,,,,,,,,3,1,9,2,3.0
201600027395,0016-09-07 10:40:00,16,9,7,10,40,480,95,CHICANETTE (RUE DE LA),44.51741,3.50117,Plein jour,En agglomération,Hors intersection,Normale,Autre collision,,,,,,,,,,,1,2,1,1,6.0
201600027396,0016-10-08 20:30:00,16,10,8,20,30,480,95,"10, LUCIEN ARNAULT (BOUL",,,Nuit avec éclairage allumé,En agglomération,Intersection en X,Normale,Deux véhicules - côté,,,,,,,,,,,5,2,2,1,3.0
201600027397,0016-11-11 06:03:00,16,11,11,6,3,480,95,"3, HENRI BOURILLON (BOUL",44.51593,3.49848,Nuit avec éclairage allumé,En agglomération,Place,Pluie légère,Autre collision,,,,,,,,,,,5,2,7,2,6.0
201600027398,0016-11-23 19:04:00,16,11,23,19,4,480,95,"25, GORGES DU TARN (AVEN",,,Nuit avec éclairage allumé,En agglomération,Hors intersection,Normale,Autre collision,,,,,,,,,,,5,2,1,1,6.0
201600027399,0016-12-31 05:40:00,16,12,31,5,40,490,7,FAURE QUAI,47.47777,-0.55284,Nuit avec éclairage allumé,En agglomération,Intersection en X,Normale,Sans collision,,,,,,,,,,,5,2,2,1,7.0
201600027400,0016-12-30 11:06:00,16,12,30,11,6,490,7,MARIANNE BOULEVARD,47.45033,-0.52896,Plein jour,En agglomération,Hors intersection,Normale,Autre collision,,,,,,,,,,,1,2,1,1,6.0
201600027401,0016-01-03 18:00:00,16,1,3,18,0,490,353,RUE CAMUS,47.45557,-0.50722,Nuit avec éclairage allumé,En agglomération,Intersection en T,Normale,Trois véhicules et plus - collisions multiples,,,,,,,,,,,5,2,3,1,5.0
201600027402,0016-01-05 19:18:00,16,1,5,19,18,490,7,"95, PATTON AVENUE",47.47343,-0.58873,Nuit avec éclairage allumé,En agglomération,Hors intersection,Pluie légère,Autre collision,,,,,,,,,,,5,2,1,2,6.0
201600027403,0016-01-06 13:00:00,16,1,6,13,0,490,7,"0, BEDIER BOULEVARD",47.45098,-0.54922,Plein jour,En agglomération,Autre intersection,Normale,Deux véhicules - côté,,,,,,,,,,,1,2,9,1,3.0
201600027404,0016-01-06 08:52:00,16,1,6,8,52,490,15,"52, BOISSIERE AVENUE",47.49379,-0.58585,Plein jour,En agglomération,Giratoire,Pluie légère,Autre collision,,,,,,,,,,,1,2,6,2,6.0
201600027405,0016-01-06 08:45:00,16,1,6,8,45,490,7,SAINT AUBIN,47.4924,-0.56665,Plein jour,En agglomération,Hors intersection,Normale,Autre collision,,,,,,,,,,,1,2,1,1,6.0
201600027406,0016-01-10 13:28:00,16,1,10,13,28,490,7,"106, QUINCONCE",47.46692,-0.53852,Plein jour,En agglomération,Intersection en X,Normale,Deux véhicules - côté,,,,,,,,,,,1,2,2,1,3.0
201600027407,0016-01-08 17:42:00,16,1,8,17,42,490,7,"0, LEKEU",47.47134,-0.52031,Plein jour,En agglomération,Hors intersection,Normale,Deux véhicules - arrière,,,,,,,,,,,1,2,1,1,2.0
201600027408,0016-01-11 13:18:00,16,1,11,13,18,490,246,"0, A87N",47.4379,-0.50993,Plein jour,Hors agglomération,Hors intersection,Normale,Deux véhicules - arrière,,,,,,,,,,,1,1,1,1,2.0
201600027409,0016-01-12 07:28:00,16,1,12,7,28,490,7,"0, PAUL BERT",47.46643,-0.55295,Nuit avec éclairage allumé,En agglomération,Intersection en X,Normale,Deux véhicules - côté,,,,,,,,,,,5,2,2,1,3.0
201600027410,0016-01-16 13:15:00,16,1,16,13,15,490,7,"0, PROUDHON",47.46101,-0.60414,Plein jour,En agglomération,Hors intersection,Normale,Deux véhicules - arrière,,,,,,,,,,,1,2,1,1,2.0
201600027411,0016-01-16 18:46:00,16,1,16,18,46,490,15,"0, BRUYERES RUE DES",47.49552,-0.58787,Nuit avec éclairage allumé,En agglomération,Giratoire,Normale,Autre collision,,,,,,,,,,,5,2,6,1,6.0
201600027412,0016-01-18 19:35:00,16,1,18,19,35,490,7,"0, ROI DE POLOGNE QUAI",47.46717,-0.56503,Nuit avec éclairage allumé,En agglomération,Hors intersection,Normale,Sans collision,,,,,,,,,,,5,2,1,1,7.0
201600027413,0016-01-18 12:55:00,16,1,18,12,55,490,7,"66, BIRGE BOULEVARD",47.47149,-0.5192,Plein jour,En agglomération,Hors intersection,Normale,Autre collision,,,,,,,,,,,1,2,1,1,6.0
201600027414,0016-01-19 12:12:00,16,1,19,12,12,490,267,"12, GIBAUDIERE",47.48194,-0.50697,Plein jour,En agglomération,Hors intersection,Normale,Deux véhicules - côté,,,,,,,,,,,1,2,1,1,3.0
201600027415,0016-01-19 13:40:00,16,1,19,13,40,490,7,CLEMENCEAU BOULEVARD,47.47551,-0.567,Plein jour,En agglomération,Hors intersection,Normale,Deux véhicules - frontale,,,,,,,,,,,1,2,1,1,1.0
201600027416,0016-01-19 20:50:00,16,1,19,20,50,490,7,"0, BEAUSSIER BOULEVARD",47.47692,-0.59889,Plein jour,En agglomération,Giratoire,Normale,Sans collision,,,,,,,,,,,1,2,6,1,7.0
201600027417,0016-01-19 17:52:00,16,1,19,17,52,490,7,"45, NOTRE DAME DU LAC AV",47.4795,-0.58945,Plein jour,En agglomération,Hors intersection,Normale,Autre collision,,,,,,,,,,,1,2,1,1,6.0
201600027418,0016-01-20 08:20:00,16,1,20,8,20,490,353,A87N,47.45338,-0.51479,Crépuscule ou aube,Hors agglomération,Hors intersection,Normale,Autre collision,,,,,,,,,,,2,1,1,1,6.0
201600027419,0016-01-20 13:45:00,16,1,20,13,45,490,7,"10, JAURES",47.45853,-0.52232,Plein jour,En agglomération,Hors intersection,Normale,Sans collision,,,,,,,,,,,1,2,1,1,7.0
201600027420,0016-01-20 08:30:00,16,1,20,8,30,490,7,"28, RENNES",47.4774,-0.54897,Crépuscule ou aube,En agglomération,Hors intersection,Normale,Deux véhicules - côté,,,,,,,,,,,2,2,1,1,3.0
201600027421,0016-01-21 07:25:00,16,1,21,7,25,490,7,"0, DUMESNIL BOULEVARD",47.47323,-0.56673,Nuit sans éclairage public,En agglomération,Hors intersection,Normale,Trois véhicules et plus - en chaîne,,,,,,,,,,,3,2,1,1,4.0
201600027422,0016-01-22 16:34:00,16,1,22,16,34,490,7,"0, VOLNEY",47.46169,-0.54193,Plein jour,En agglomération,Hors intersection,Normale,Deux véhicules - frontale,,,,,,,,,,,1,2,1,1,1.0
201600027423,0016-01-24 15:11:00,16,1,24,15,11,490,7,"0, BOREAU",47.47452,-0.54679,Plein jour,En agglomération,Hors intersection,Normale,Deux véhicules - frontale,,,,,,,,,,,1,2,1,1,1.0
201600027424,0016-01-22 12:23:00,16,1,22,12,23,490,7,"0, CUSSONEAU",47.47008,-0.53147,Plein jour,En agglomération,Hors intersection,Normale,Deux véhicules - frontale,,,,,,,,,,,1,2,1,1,1.0
201600027425,0016-01-22 15:17:00,16,1,22,15,17,490,267,BEAUFORT ROUTE,47.46679,-0.49229,Plein jour,En agglomération,Hors intersection,Pluie légère,Autre collision,,,,,,,,,,,1,2,1,2,6.0
201600027426,0016-01-22 17:05:00,16,1,22,17,5,490,7,"0, ARBRISSEL",47.44349,-0.56108,Plein jour,En agglomération,Hors intersection,Normale,Deux véhicules - frontale,,,,,,,,,,,1,2,1,1,1.0
201600027427,0016-01-22 18:20:00,16,1,22,18,20,490,7,RUE DU GRAND MONTREJEAU,47.46858,-0.52271,Nuit avec éclairage allumé,En agglomération,Hors intersection,Normale,Deux véhicules - frontale,,,,,,,,,,,5,2,1,1,1.0
201600027428,0016-01-21 17:31:00,16,1,21,17,31,490,7,"0, BON PASTEUR BOULEVARD",47.47158,-0.57429,Plein jour,En agglomération,Hors intersection,Normale,Trois véhicules et plus - collisions multiples,,,,,,,,,,,1,2,1,1,5.0
201600027429,0016-01-13 06:15:00,16,1,13,6,15,490,7,VOIE DES BERGES,47.47498,-0.5556,Nuit sans éclairage public,Hors agglomération,Hors intersection,Normale,Autre collision,,,,,,,,,,,3,1,1,1,6.0
201600027430,0016-01-21 18:30:00,16,1,21,18,30,490,7,"0, LETANDUERE",47.45323,-0.55328,Crépuscule ou aube,En agglomération,Hors intersection,Normale,Sans collision,,,,,,,,,,,2,2,1,1,7.0
201600027431,0016-01-25 18:40:00,16,1,25,18,40,490,7,"40, MEILLAND",47.44846,-0.5474,Nuit avec éclairage allumé,En agglomération,Intersection en T,Normale,Autre collision,,,,,,,,,,,5,2,3,1,6.0
201600027432,0016-01-23 14:00:00,16,1,23,14,0,490,7,"0, GRAND LAUNAY",47.46785,-0.59519,Plein jour,Hors agglomération,Hors intersection,Normale,Autre collision,,,,,,,,,,,1,1,1,1,6.0
201600027433,0016-01-21 14:05:00,16,1,21,14,5,490,15,"0, OISEAUX RUE DES",47.49873,-0.58446,Plein jour,En agglomération,Intersection en X,Normale,Deux véhicules - frontale,,,,,,,,,,,1,2,2,1,1.0
201600027434,0016-01-25 11:10:00,16,1,25,11,10,490,7,ATLANTIQUE  AVENUE DE,47.46895,-0.60559,Plein jour,Hors agglomération,Hors intersection,Normale,Deux véhicules - arrière,,,,,,,,,,,1,1,1,1,2.0
201600027435,0016-01-27 11:24:00,16,1,27,11,24,490,7,"26, MAINE",47.47992,-0.54551,Plein jour,En agglomération,Intersection en X,Normale,Deux véhicules - côté,,,,,,,,,,,1,2,2,1,3.0
201600027436,0016-01-27 09:25:00,16,1,27,9,25,490,15,"0, D775",47.49721,-0.62255,Plein jour,Hors agglomération,Hors intersection,Normale,Sans collision,,,,,,,,,,,1,1,1,1,7.0
201600027437,0016-01-12 17:25:00,16,1,12,17,25,490,353,ANDARD ROUTE,47.44741,-0.44902,Crépuscule ou aube,Hors agglomération,Hors intersection,Normale,Autre collision,,,,,,,,,,,2,1,1,1,6.0
201600027438,0016-01-26 17:16:00,16,1,26,17,16,490,7,"0, VOIE DES BERGES",47.46786,-0.56582,Plein jour,Hors agglomération,Hors intersection,Normale,Deux véhicules - arrière,,,,,,,,,,,1,1,1,1,2.0
201600027439,0016-01-28 14:25:00,16,1,28,14,25,490,7,ARAGON AVENUE,47.47102,-0.56844,Plein jour,En agglomération,Intersection en X,Normale,Autre collision,,,,,,,,,,,1,2,2,1,6.0
201600027440,0016-01-28 09:10:00,16,1,28,9,10,490,7,"0, ARAGON AVENUE",47.47018,-0.56897,Plein jour,En agglomération,Giratoire,Normale,Sans collision,,,,,,,,,,,1,2,6,1,7.0
201600027441,0016-01-28 14:25:00,16,1,28,14,25,490,7,"137, PASTEUR",47.47487,-0.53615,Plein jour,En agglomération,Hors intersection,Normale,Autre collision,,,,,,,,,,,1,2,1,1,6.0
201600027442,0016-01-28 18:25:00,16,1,28,18,25,490,7,"0, VOLNEY",47.46184,-0.54159,Crépuscule ou aube,En agglomération,Intersection en X,Normale,Sans collision,,,,,,,,,,,2,2,2,1,7.0
201600027443,0016-01-29 21:15:00,16,1,29,21,15,490,7,POISSONNERIE,47.47318,-0.55526,Nuit avec éclairage allumé,En agglomération,Intersection en X,Normale,Deux véhicules - côté,,,,,,,,,,,5,2,2,1,3.0
201600027444,0016-01-29 23:05:00,16,1,29,23,5,490,7,LETANDUERE,47.45708,-0.55406,Nuit avec éclairage allumé,En agglomération,Intersection en X,Pluie légère,Deux véhicules - côté,,,,,,,,,,,5,2,2,2,3.0
201600027445,0016-01-30 21:15:00,16,1,30,21,15,490,353,"213, JEAN JAURES RUE",47.44435,-0.50056,Nuit avec éclairage allumé,En agglomération,Intersection en T,Pluie légère,Deux véhicules - côté,,,,,,,,,,,5,2,3,2,3.0
201600027446,0016-01-29 16:10:00,16,1,29,16,10,490,15,MEIGNANNE ROUTE DE LA,47.49689,-0.61053,Plein jour,Hors agglomération,Hors intersection,Normale,Autre collision,,,,,,,,,,,1,1,1,1,6.0
201600027447,0016-01-30 10:40:00,16,1,30,10,40,490,353,BARA,47.44319,-0.48346,Crépuscule ou aube,En agglomération,Intersection en X,Pluie légère,Autre collision,,,,,,,,,,,2,2,2,2,6.0
201600027448,0016-01-29 10:30:00,16,1,29,10,30,490,7,ROI RENE BOULEVARD,47.46698,-0.55452,Plein jour,En agglomération,Hors intersection,Normale,Deux véhicules - arrière,,,,,,,,,,,1,2,1,1,2.0
201600027449,0016-01-31 11:08:00,16,1,31,11,8,490,7,BAUMETTE CHEMIN,47.45711,-0.57248,Plein jour,Hors agglomération,Hors intersection,Normale,Autre collision,,,,,,,,,,,1,1,1,1,6.0
201600027450,0016-01-31 05:00:00,16,1,31,5,0,490,7,RD 323,47.49086,-0.54291,Nuit avec éclairage allumé,En agglomération,Hors intersection,Pluie légère,Autre collision,,,,,,,,,,,5,2,1,2,6.0
201600027451,0016-02-01 12:40:00,16,2,1,12,40,490,246,"82, BOUTTON AVENUE",47.43977,-0.50238,Plein jour,En agglomération,Giratoire,Normale,Autre collision,,,,,,,,,,,1,2,6,1,6.0
201600027452,0016-02-02 13:54:00,16,2,2,13,54,490,7,"34, RUE DU MAIL",47.47413,-0.55197,Plein jour,En agglomération,Hors intersection,Normale,Deux véhicules - arrière,,,,,,,,,,,1,2,1,1,2.0
201600027453,0016-02-02 13:27:00,16,2,2,13,27,490,15,TERNIERE RUE DE LA,47.50256,-0.59662,Plein jour,En agglomération,Hors intersection,Pluie légère,Sans collision,,,,,,,,,,,1,2,1,2,7.0
201600027454,0016-02-07 15:46:00,16,2,7,15,46,490,353,"137, JEAN JAURES RUE",47.44284,-0.49582,Plein jour,En agglomération,Hors intersection,Normale,Trois véhicules et plus - en chaîne,,,,,,,,,,,1,2,1,1,4.0
201600027455,0016-02-06 18:08:00,16,2,6,18,8,490,7,BD CARNOT,47.47445,-0.54691,Plein jour,En agglomération,Intersection en X,Normale,Autre collision,,,,,,,,,,,1,2,2,1,6.0
201600027456,0016-02-08 11:00:00,16,2,8,11,0,490,7,"19, SAUMUROISE RUE",47.45976,-0.5366,Plein jour,En agglomération,Hors intersection,Normale,Autre collision,,,,,,,,,,,1,2,1,1,6.0
201600027457,0016-02-10 17:40:00,16,2,10,17,40,490,7,HIRONDELLE,47.44427,-0.53931,Plein jour,En agglomération,Hors intersection,Normale,Autre collision,,,,,,,,,,,1,2,1,1,6.0
201600027458,0016-02-11 07:20:00,16,2,11,7,20,490,7,FOCH BOULEVARD,47.46687,-0.55258,Nuit avec éclairage allumé,En agglomération,Hors intersection,Normale,Autre collision,,,,,,,,,,,5,2,1,1,6.0
201600027459,0016-02-10 16:15:00,16,2,10,16,15,490,7,CHAPEAU DE GENDARME,47.4522,-0.55376,Plein jour,Hors agglomération,Hors intersection,Normale,Autre collision,,,,,,,,,,,1,1,1,1,6.0
201600027460,0016-02-11 18:00:00,16,2,11,18,0,490,353,"99, JEAN JAURES RUE",47.44215,-0.49415,Nuit avec éclairage allumé,En agglomération,Hors intersection,Normale,Autre collision,,,,,,,,,,,5,2,1,1,6.0
201600027461,0016-02-11 10:36:00,16,2,11,10,36,490,353,MOULIN AVENUE,47.44417,-0.49008,Plein jour,En agglomération,Hors intersection,Normale,Autre collision,,,,,,,,,,,1,2,1,1,6.0
201600027462,0016-02-14 17:35:00,16,2,14,17,35,490,7,HUIT MAI 1945 AVENUE,47.4493,-0.46347,Plein jour,En agglomération,Hors intersection,Normale,Autre collision,,,,,,,,,,,1,2,1,1,6.0
201600027463,0016-02-12 21:00:00,16,2,12,21,0,490,7,BEDIER BOULEVARD,47.45311,-0.53876,Nuit avec éclairage allumé,En agglomération,Intersection en X,Normale,Deux véhicules - côté,,,,,,,,,,,5,2,2,1,3.0
201600027464,0016-02-15 18:45:00,16,2,15,18,45,490,7,"1, RAMON BOULEVARD",47.48848,-0.54448,Nuit avec éclairage allumé,En agglomération,Hors intersection,Normale,Trois véhicules et plus - collisions multiples,,,,,,,,,,,5,2,1,1,5.0
201600027465,0016-02-16 17:30:00,16,2,16,17,30,490,7,"4, HERAULT PLACE",47.47504,-0.54991,Plein jour,En agglomération,Hors intersection,Normale,Autre collision,,,,,,,,,,,1,2,1,1,6.0
201600027466,0016-02-15 16:36:00,16,2,15,16,36,490,353,FRESNAIES,47.44003,-0.50186,Plein jour,Hors agglomération,Hors intersection,Normale,Autre collision,,,,,,,,,,,1,1,1,1,6.0
201600027467,0016-02-17 10:27:00,16,2,17,10,27,490,7,"42, JUSTICES PLACE",47.45309,-0.52595,Plein jour,En agglomération,Intersection en Y,Normale,Autre collision,,,,,,,,,,,1,2,4,1,6.0
201600027468,0016-02-19 09:40:00,16,2,19,9,40,490,7,PETIT MOULIN,47.48884,-0.54529,Plein jour,En agglomération,Giratoire,Normale,Autre collision,,,,,,,,,,,1,2,6,1,6.0
201600027469,0016-02-20 21:20:00,16,2,20,21,20,490,353,Rue PASTEUR,47.44694,-0.47158,Nuit avec éclairage allumé,En agglomération,Hors intersection,Normale,Sans collision,,,,,,,,,,,5,2,1,1,7.0
201600027470,0016-02-22 09:15:00,16,2,22,9,15,490,7,CLEMENCEAU BOULEVARD,47.4764,-0.5664,Plein jour,En agglomération,Intersection en X,Normale,Sans collision,,,,,,,,,,,1,2,2,1,7.0
201600027471,0016-02-23 07:50:00,16,2,23,7,50,490,246,"9, MOULIN MARCILLE CHEMI",47.43785,-0.50707,Crépuscule ou aube,En agglomération,Hors intersection,Normale,Deux véhicules - côté,,,,,,,,,,,2,2,1,1,3.0
201600027472,0016-02-23 13:56:00,16,2,23,13,56,490,7,MOULIN BOULEVARD,47.49095,-0.55997,Plein jour,En agglomération,Hors intersection,Normale,Autre collision,,,,,,,,,,,1,2,1,1,6.0
201600027473,0016-02-23 11:50:00,16,2,23,11,50,490,246,CHAUVIN AVENUE,47.42979,-0.54199,Plein jour,En agglomération,Giratoire,Normale,Sans collision,,,,,,,,,,,1,2,6,1,7.0
201600027474,0016-02-23 11:20:00,16,2,23,11,20,490,7,DE LATTRE DE TASSIGNY,47.44851,-0.53864,Plein jour,En agglomération,Giratoire,Normale,Sans collision,,,,,,,,,,,1,2,6,1,7.0
201600027475,0016-02-24 07:47:00,16,2,24,7,47,490,7,HAMELIN IMPASSE ET RUE,47.47719,-0.5926,Plein jour,En agglomération,Giratoire,Normale,Deux véhicules - frontale,,,,,,,,,,,1,2,6,1,1.0
201600027476,0016-02-25 08:40:00,16,2,25,8,40,490,7,RAMON BOULEVARD,47.48842,-0.5444,Plein jour,En agglomération,Hors intersection,Normale,Trois véhicules et plus - en chaîne,,,,,,,,,,,1,2,1,1,4.0
201600027477,0016-02-25 14:49:00,16,2,25,14,49,490,7,GAULLE BOULEVARD CHARLES,47.4696,-0.56132,Plein jour,En agglomération,Hors intersection,Normale,Deux véhicules - frontale,,,,,,,,,,,1,2,1,1,1.0
201600027478,0016-02-28 13:50:00,16,2,28,13,50,490,7,BOREAU,47.47816,-0.54364,Plein jour,En agglomération,Intersection à plus de 4 branches,Normale,Autre collision,,,,,,,,,,,1,2,5,1,6.0