accident_id,datetime,annee,mois,jour,heure,minute,departement,commune_insee,adresse,latitude,longitude,luminosite,agglomeration,intersection,meteo,collision,nb_vehicules,nb_usagers,nb_indemnes,nb_tues,nb_blesses_hosp,nb_blesses_legers,age_cond_1,age_cond_2,veh_type_cond_1,veh_type_cond_2,lum_code,agg_code,int_code,atm_code,col_code
201600027479,0016-02-28 01:10:00,16,2,28,1,10,490,7,RESISTANCE ET DEPORTATIO,47.47133,-0.5469,Nuit avec éclairage allumé,En agglomération,Intersection en X,Normale,Deux véhicules - arrière,,,,,,,,,,,5,2,2,1,2.0
201600027480,0016-02-26 18:04:00,16,2,26,18,4,490,7,PATTON AVENUE,47.47291,-0.60628,Plein jour,En agglomération,Hors intersection,Normale,Trois véhicules et plus - en chaîne,,,,,,,,,,,1,2,1,1,4.0
201600027481,0016-02-27 15:30:00,16,2,27,15,30,490,7,ROMANERIE BOULEVARD,47.48572,-0.51105,Plein jour,En agglomération,Hors intersection,Normale,Autre collision,,,,,,,,,,,1,2,1,1,6.0
201600027482,0016-02-27 17:17:00,16,2,27,17,17,490,7,"32, VOLNEY",47.46245,-0.54313,Plein jour,En agglomération,Hors intersection,Normale,Sans collision,,,,,,,,,,,1,2,1,1,7.0
201600027483,0016-02-29 18:45:00,16,2,29,18,45,490,7,GAULLE BOULEVARD CHARLES,47.46881,-0.55916,Crépuscule ou aube,En agglomération,Hors intersection,Normale,Deux véhicules - arrière,,,,,,,,,,,2,2,1,1,2.0
201600027484,0016-02-29 11:51:00,16,2,29,11,51,490,267,A87N,47.47056,-0.51164,Plein jour,Hors agglomération,Hors intersection,Normale,Deux véhicules - arrière,,,,,,,,,,,1,1,1,1,2.0
201600027485,0016-03-01 08:10:00,16,3,1,8,10,490,7,"48, RABELAIS",47.46138,-0.54682,Plein jour,En agglomération,Intersection en T,Normale,Deux véhicules - frontale,,,,,,,,,,,1,2,3,1,1.0
201600027486,0016-03-01 20:40:00,16,3,1,20,40,490,7,BON PASTEUR BOULEVARD,47.47115,-0.56506,Nuit avec éclairage allumé,En agglomération,Hors intersection,Normale,Sans collision,,,,,,,,,,,5,2,1,1,7.0
201600027487,0016-03-01 21:48:00,16,3,1,21,48,490,7,VOIE DES BERGES,47.47721,-0.55375,Nuit avec éclairage allumé,Hors agglomération,Hors intersection,Normale,Autre collision,,,,,,,,,,,5,1,1,1,6.0
201600027488,0016-03-03 10:00:00,16,3,3,10,0,490,7,ATLANTIQUE  AVENUE DE,47.48345,-0.54911,Plein jour,Hors agglomération,Hors intersection,Normale,Deux véhicules - frontale,,,,,,,,,,,1,1,1,1,1.0
201600027489,0016-03-04 17:26:00,16,3,4,17,26,490,7,PATTON AVENUE,47.47312,-0.59989,Plein jour,En agglomération,Intersection en X,Normale,Deux véhicules - côté,,,,,,,,,,,1,2,2,1,3.0
201600027490,0016-03-04 18:55:00,16,3,4,18,55,490,7,GAMBETTA,47.47757,-0.55341,Crépuscule ou aube,En agglomération,Hors intersection,Pluie légère,Deux véhicules - arrière,,,,,,,,,,,2,2,1,2,2.0
201600027491,0016-03-04 11:30:00,16,3,4,11,30,490,7,"39, PARMENTIER",47.4538,-0.52217,Plein jour,En agglomération,Intersection en T,Normale,Autre collision,,,,,,,,,,,1,2,3,1,6.0
201600027492,0016-03-07 22:30:00,16,3,7,22,30,490,7,MONTAIGNE AVENUE,47.46885,-0.53195,Nuit avec éclairage allumé,En agglomération,Intersection en T,Normale,Autre collision,,,,,,,,,,,5,2,3,1,6.0
201600027493,0016-03-07 15:55:00,16,3,7,15,55,490,7,SEMARD PLACE,47.46534,-0.55893,Plein jour,En agglomération,Intersection en T,Normale,Autre collision,,,,,,,,,,,1,2,3,1,6.0
201600027494,0016-03-09 17:38:00,16,3,9,17,38,490,246,"0, CHAUVIN AVENUE",47.43006,-0.5419,Plein jour,En agglomération,Giratoire,Normale,Sans collision,,,,,,,,,,,1,2,6,1,7.0
201600027495,0016-03-09 17:10:00,16,3,9,17,10,490,246,MOULIN MARCILLE CHEMIN,47.43736,-0.50705,Plein jour,En agglomération,Hors intersection,Pluie légère,Autre collision,,,,,,,,,,,1,2,1,2,6.0
201600027496,0016-03-11 19:25:00,16,3,11,19,25,490,7,VIGAN PLACE,47.47389,-0.57819,Crépuscule ou aube,En agglomération,Hors intersection,Normale,Deux véhicules - arrière,,,,,,,,,,,2,2,1,1,2.0
201600027497,0016-03-13 12:55:00,16,3,13,12,55,490,7,"23, AYRAULT",47.47588,-0.54992,Plein jour,En agglomération,Hors intersection,Normale,Sans collision,,,,,,,,,,,1,2,1,1,7.0
201600027498,0016-03-12 19:00:00,16,3,12,19,0,490,7,PONT NOIR,47.46243,-0.56278,Crépuscule ou aube,En agglomération,Hors intersection,Normale,Autre collision,,,,,,,,,,,2,2,1,1,6.0
201600027499,0016-03-15 14:00:00,16,3,15,14,0,490,7,"18, CHALOUERE",47.47888,-0.54273,Plein jour,En agglomération,Hors intersection,Normale,Trois véhicules et plus - en chaîne,,,,,,,,,,,1,2,1,1,4.0
201600027500,0016-03-16 13:10:00,16,3,16,13,10,490,7,MEIGNANNE ROUTE DE LA,47.48097,-0.57367,Plein jour,Hors agglomération,Giratoire,Normale,Autre collision,,,,,,,,,,,1,1,6,1,6.0
201600027501,0016-03-16 06:40:00,16,3,16,6,40,490,267,A87N,47.47147,-0.50934,Crépuscule ou aube,Hors agglomération,Hors intersection,Normale,Sans collision,,,,,,,,,,,2,1,1,1,7.0
201600027502,0016-03-19 17:00:00,16,3,19,17,0,490,7,"0, AYRAULT",47.477,-0.55277,Plein jour,En agglomération,Hors intersection,Normale,Autre collision,,,,,,,,,,,1,2,1,1,6.0
201600027503,0016-03-19 17:07:00,16,3,19,17,7,490,353,LONGS BOYAUX CHEMIN,47.45791,-0.51493,Plein jour,En agglomération,Hors intersection,Normale,Autre collision,,,,,,,,,,,1,2,1,1,6.0
201600027504,0016-03-23 14:45:00,16,3,23,14,45,490,7,ARAGON AVENUE,47.47196,-0.56718,Plein jour,En agglomération,Giratoire,Normale,Deux véhicules - arrière,,,,,,,,,,,1,2,6,1,2.0
201600027505,0016-03-24 12:45:00,16,3,24,12,45,490,7,"0, BOUCHEMAINE ROUTE",47.44887,-0.57311,Plein jour,En agglomération,Giratoire,Normale,Autre collision,,,,,,,,,,,1,2,6,1,6.0
201600027506,0016-03-25 07:45:00,16,3,25,7,45,490,7,GIDE,47.48338,-0.5746,Plein jour,En agglomération,Giratoire,Normale,Autre collision,,,,,,,,,,,1,2,6,1,6.0
201600027507,0016-03-25 09:29:00,16,3,25,9,29,490,7,"137, LETANDUERE",47.45484,-0.55358,Plein jour,En agglomération,Hors intersection,Normale,Sans collision,,,,,,,,,,,1,2,1,1,7.0
201600027508,0016-03-25 17:20:00,16,3,25,17,20,490,7,"61, PICOTIERE",47.4671,-0.59533,Plein jour,En agglomération,Hors intersection,Normale,Autre collision,,,,,,,,,,,1,2,1,1,6.0
201600027509,0016-03-26 09:50:00,16,3,26,9,50,490,353,rue VAILLANT,47.45011,-0.48977,Plein jour,Hors agglomération,Giratoire,Normale,Deux véhicules - arrière,,,,,,,,,,,1,1,6,1,2.0
201600027510,0016-03-26 12:45:00,16,3,26,12,45,490,267,ROUTE DE PIGNEROLLES,47.46419,-0.47816,Plein jour,Hors agglomération,Hors intersection,Normale,Sans collision,,,,,,,,,,,1,1,1,1,7.0
201600027511,0016-03-27 13:00:00,16,3,27,13,0,490,7,BD CARNOT,47.47886,-0.55055,Plein jour,En agglomération,Intersection à plus de 4 branches,Normale,Deux véhicules - côté,,,,,,,,,,,1,2,5,1,3.0
201600027512,0016-03-29 08:39:00,16,3,29,8,39,490,7,GALLIENI BOULEVARD,47.48658,-0.53254,Crépuscule ou aube,En agglomération,Hors intersection,Normale,Autre collision,,,,,,,,,,,2,2,1,1,6.0
201600027513,0016-03-29 08:46:00,16,3,29,8,46,490,7,"90, BEDIER BOULEVARD",47.45218,-0.54201,Plein jour,En agglomération,Hors intersection,Normale,Sans collision,,,,,,,,,,,1,2,1,1,7.0
201600027514,0016-03-29 16:25:00,16,3,29,16,25,490,7,"0, THIERS",47.47657,-0.5516,Plein jour,En agglomération,Intersection en X,Normale,Deux véhicules - côté,,,,,,,,,,,1,2,2,1,3.0
201600027515,0016-03-29 17:05:00,16,3,29,17,5,490,7,BAUMETTE PROMENADE,47.45402,-0.57604,Plein jour,Hors agglomération,Hors intersection,Normale,Autre collision,,,,,,,,,,,1,1,1,1,6.0
201600027516,0016-03-30 10:35:00,16,3,30,10,35,490,7,"38, MEIGNANNE",47.47894,-0.57006,Plein jour,En agglomération,Hors intersection,Normale,Deux véhicules - arrière,,,,,,,,,,,1,2,1,1,2.0
201600027517,0016-03-30 10:32:00,16,3,30,10,32,490,7,VOLNEY,47.46434,-0.54759,Plein jour,En agglomération,Hors intersection,Normale,Autre collision,,,,,,,,,,,1,2,1,1,6.0
201600027518,0016-03-31 13:10:00,16,3,31,13,10,490,267,A87N,47.47113,-0.51076,Plein jour,Hors agglomération,Hors intersection,Normale,Autre collision,,,,,,,,,,,1,1,1,1,6.0
201600027519,0016-03-31 16:11:00,16,3,31,16,11,490,7,BD du DOYENNE,47.49108,-0.52891,Plein jour,Hors agglomération,Hors intersection,Normale,Autre collision,,,,,,,,,,,1,1,1,1,6.0
201600027520,0016-04-01 01:30:00,16,4,1,1,30,490,7,"9, BRESSIGNY",47.46767,-0.55069,Nuit avec éclairage allumé,En agglomération,Hors intersection,Normale,Autre collision,,,,,,,,,,,5,2,1,1,6.0
201600027521,0016-03-31 18:00:00,16,3,31,18,0,490,7,BELLE BEILLE,47.4696,-0.59157,Plein jour,En agglomération,Hors intersection,Normale,Deux véhicules - arrière,,,,,,,,,,,1,2,1,1,2.0
201600027522,0016-04-03 11:50:00,16,4,3,11,50,490,353,"0, BAHONNEAU BOULEVARD",47.45801,-0.48246,Plein jour,En agglomération,Hors intersection,Normale,Autre collision,,,,,,,,,,,1,2,1,1,6.0
201600027523,0016-04-04 08:35:00,16,4,4,8,35,490,7,DUNANT BOULEVARD,47.48338,-0.52656,Plein jour,En agglomération,Hors intersection,Normale,Autre collision,,,,,,,,,,,1,2,1,1,6.0
201600027524,0016-04-05 06:00:00,16,4,5,6,0,490,7,"41, PARMENTIER",47.45381,-0.52163,Nuit avec éclairage allumé,En agglomération,Hors intersection,Normale,Sans collision,,,,,,,,,,,5,2,1,1,7.0
201600027525,0016-04-05 10:30:00,16,4,5,10,30,490,267,Rue de la JAUDETTE,47.46673,-0.49064,Plein jour,En agglomération,Intersection en X,Normale,Deux véhicules - côté,,,,,,,,,,,1,2,2,1,3.0
201600027526,0016-04-07 11:30:00,16,4,7,11,30,490,15,MENDES FRANCE AVENUE,47.50686,-0.58974,Plein jour,En agglomération,Giratoire,Normale,Deux véhicules - côté,,,,,,,,,,,1,2,6,1,3.0
201600027527,0016-04-08 12:55:00,16,4,8,12,55,490,7,RD 323,47.48353,-0.54905,Plein jour,En agglomération,Hors intersection,Pluie légère,Autre collision,,,,,,,,,,,1,2,1,2,6.0
201600027528,0016-04-11 10:00:00,16,4,11,10,0,490,267,"0, Route d'ANGERS",47.46943,-0.51016,Plein jour,En agglomération,Hors intersection,Normale,Deux véhicules - arrière,,,,,,,,,,,1,2,1,1,2.0
201600027529,0016-04-08 06:30:00,16,4,8,6,30,490,7,A87N,47.45773,-0.51734,Nuit sans éclairage public,Hors agglomération,Hors intersection,Normale,Deux véhicules - côté,,,,,,,,,,,3,1,1,1,3.0
201600027530,0016-04-12 16:57:00,16,4,12,16,57,490,7,ROI DE POLOGNE QUAI,47.46818,-0.56476,Plein jour,En agglomération,Hors intersection,Normale,Autre collision,,,,,,,,,,,1,2,1,1,6.0
201600027531,0016-04-13 13:39:00,16,4,13,13,39,490,7,BOISNET RUE,47.47436,-0.55238,Plein jour,En agglomération,Intersection en X,Normale,Sans collision,,,,,,,,,,,1,2,2,1,7.0
201600027532,0016-04-16 00:30:00,16,4,16,0,30,490,7,ALLONNEAU(AUGUSTE) Bd,47.48625,-0.52711,Nuit avec éclairage allumé,En agglomération,Intersection en X,Normale,Deux véhicules - côté,,,,,,,,,,,5,2,2,1,3.0
201600027533,0016-04-18 16:57:00,16,4,18,16,57,490,7,"0, CARNOT",47.47383,-0.5451,Plein jour,En agglomération,Intersection en T,Normale,Deux véhicules - arrière,,,,,,,,,,,1,2,3,1,2.0
201600027534,0016-04-19 13:10:00,16,4,19,13,10,490,7,GRAND LAUNAY,47.4656,-0.59507,Plein jour,En agglomération,Giratoire,Normale,Autre collision,,,,,,,,,,,1,2,6,1,6.0
201600027535,0016-04-19 13:16:00,16,4,19,13,16,490,7,MEIGNANNE ROUTE DE LA,47.48178,-0.57576,Plein jour,En agglomération,Intersection en X,Normale,Autre collision,,,,,,,,,,,1,2,2,1,6.0
201600027536,0016-04-22 16:00:00,16,4,22,16,0,490,7,"186, SAUMUROISE IMPASSE",47.45617,-0.53066,Plein jour,En agglomération,Hors intersection,Normale,Autre collision,,,,,,,,,,,1,2,1,1,6.0
201600027537,0016-04-24 19:00:00,16,4,24,19,0,490,7,BOISNET RUE,47.47437,-0.55237,Plein jour,En agglomération,Intersection en X,Normale,Deux véhicules - frontale,,,,,,,,,,,1,2,2,1,1.0
201600027538,0016-04-26 15:08:00,16,4,26,15,8,490,15,MEIGNANNE ROUTE DE LA,47.50002,-0.62216,Plein jour,Hors agglomération,Intersection en X,Normale,Deux véhicules - côté,,,,,,,,,,,1,1,2,1,3.0
201600027539,0016-04-25 09:15:00,16,4,25,9,15,490,7,ATLANTIQUE  AVENUE DE L',47.46718,0.567,Plein jour,En agglomération,Hors intersection,Normale,Trois véhicules et plus - en chaîne,,,,,,,,,,,1,2,1,1,4.0
201600027540,0016-05-01 21:25:00,16,5,1,21,25,490,267,RD 347,47.47207,-0.508,Nuit sans éclairage public,Hors agglomération,Hors intersection,Normale,Sans collision,,,,,,,,,,,3,1,1,1,7.0
201600027541,0016-04-21 19:09:00,16,4,21,19,9,490,267,RD 347,47.47273,-0.49325,Crépuscule ou aube,Hors agglomération,Hors intersection,Temps couvert,Trois véhicules et plus - en chaîne,,,,,,,,,,,2,1,1,8,4.0
201600027542,0016-04-26 20:48:00,16,4,26,20,48,490,7,BEAUREPAIRE,47.47445,-0.56027,Crépuscule ou aube,En agglomération,Intersection en X,Normale,Deux véhicules - côté,,,,,,,,,,,2,2,2,1,3.0
201600027543,0016-04-30 07:30:00,16,4,30,7,30,490,7,RAMON BOULEVARD,47.4876,-0.54121,Plein jour,En agglomération,Intersection en T,Normale,Sans collision,,,,,,,,,,,1,2,3,1,7.0
201600027544,0016-05-01 21:09:00,16,5,1,21,9,490,353,"00, DAUTEL BOULEVARD",47.44236,-0.48338,Crépuscule ou aube,En agglomération,Giratoire,Normale,Autre collision,,,,,,,,,,,2,2,6,1,6.0
201600027545,0016-04-29 06:50:00,16,4,29,6,50,490,7,BLANCHOIN BOULEVARD,47.44452,-0.55133,Plein jour,En agglomération,Intersection à plus de 4 branches,Normale,Deux véhicules - côté,,,,,,,,,,,1,2,5,1,3.0
201600027546,0016-04-27 15:11:00,16,4,27,15,11,490,353,DAUTEL BOULEVARD,47.44317,-0.48347,Plein jour,En agglomération,Intersection en X,Normale,Deux véhicules - côté,,,,,,,,,,,1,2,2,1,3.0
201600027547,0016-04-21 11:25:00,16,4,21,11,25,490,7,"0, ROI RENE BOULEVARD",47.46681,-0.55384,Plein jour,En agglomération,Hors intersection,Normale,Autre collision,,,,,,,,,,,1,2,1,1,6.0
201600027548,0016-05-03 18:33:00,16,5,3,18,33,490,7,"15, GALLIENI BOULEVARD",47.4865,-0.52975,Plein jour,En agglomération,Hors intersection,Normale,Sans collision,,,,,,,,,,,1,2,1,1,7.0
201600027549,0016-05-04 11:05:00,16,5,4,11,5,490,7,ROMANERIE BOULEVARD,47.48274,-0.504,Plein jour,En agglomération,Hors intersection,Normale,Sans collision,,,,,,,,,,,1,2,1,1,7.0
201600027550,0016-05-05 15:58:00,16,5,5,15,58,490,246,PASTEUR,47.41589,-0.52322,Plein jour,En agglomération,Hors intersection,Normale,Deux véhicules - arrière,,,,,,,,,,,1,2,1,1,2.0
201600027551,0016-04-29 17:00:00,16,4,29,17,0,490,7,JUSTICES PLACE,47.4529,,Plein jour,En agglomération,Place,Normale,Autre collision,,,,,,,,,,,1,2,7,1,6.0
201600027552,0016-05-06 16:29:00,16,5,6,16,29,490,353,"107, PARMENTIER",47.45232,-0.51397,Plein jour,En agglomération,Hors intersection,Normale,Sans collision,,,,,,,,,,,1,2,1,1,7.0
201600027553,0016-05-06 19:20:00,16,5,6,19,20,490,7,"18, GRESILLE AVENUE",47.45857,-0.59901,Plein jour,En agglomération,Hors intersection,Normale,Autre collision,,,,,,,,,,,1,2,1,1,6.0
201600027554,0016-05-09 07:32:00,16,5,9,7,32,490,7,"176, SAUMUROISE IMPASSE",47.45373,-0.5269,Plein jour,En agglomération,Hors intersection,Normale,Deux véhicules - côté,,,,,,,,,,,1,2,1,1,3.0
201600027555,0016-05-08 08:34:00,16,5,8,8,34,490,15,D775,47.51073,-0.61826,Crépuscule ou aube,Hors agglomération,Hors intersection,Normale,Autre collision,,,,,,,,,,,2,1,1,1,6.0
201600027556,0016-05-09 23:33:00,16,5,9,23,33,490,15,MENDES FRANCE AVENUE PIE,47.50265,-0.58559,Nuit avec éclairage allumé,En agglomération,Hors intersection,Pluie légère,Autre collision,,,,,,,,,,,5,2,1,2,6.0
201600027557,0016-04-09 09:31:00,16,4,9,9,31,490,7,LETANDUERE,47.45957,-0.55446,Plein jour,En agglomération,Hors intersection,Pluie légère,Sans collision,,,,,,,,,,,1,2,1,2,7.0
201600027558,0016-05-09 09:31:00,16,5,9,9,31,490,7,LETANDUERE,47.45909,-0.55436,Plein jour,En agglomération,Hors intersection,Pluie légère,Sans collision,,,,,,,,,,,1,2,1,2,7.0
201600027559,0016-05-10 20:40:00,16,5,10,20,40,490,7,CHAFFAUDS,47.45588,-0.55853,Crépuscule ou aube,En agglomération,Hors intersection,Normale,Autre collision,,,,,,,,,,,2,2,1,1,6.0
201600027560,0016-05-12 02:35:00,16,5,12,2,35,490,7,VOIE DES BERGES,47.47012,-0.562,Nuit avec éclairage allumé,En agglomération,Hors intersection,Pluie légère,Autre collision,,,,,,,,,,,5,2,1,2,6.0
201600027561,0016-05-10 17:15:00,16,5,10,17,15,490,7,"50, CARNOT",47.4756,-0.54948,Plein jour,En agglomération,Hors intersection,Normale,Deux véhicules - arrière,,,,,,,,,,,1,2,1,1,2.0
201600027562,0016-05-12 09:21:00,16,5,12,9,21,490,7,VOIE DES BERGES,47.476,-0.55472,Plein jour,En agglomération,Hors intersection,Pluie légère,Deux véhicules - arrière,,,,,,,,,,,1,2,1,2,2.0
201600027563,0016-05-11 17:55:00,16,5,11,17,55,490,246,RUE CHARLES DE GAULLE,47.42449,-0.52496,Plein jour,En agglomération,Hors intersection,Normale,Autre collision,,,,,,,,,,,1,2,1,1,6.0
201600027564,0016-05-12 16:25:00,16,5,12,16,25,490,353,"142, REPUBLIQUE AVENUE",47.44856,-0.50117,Plein jour,En agglomération,Hors intersection,Normale,Deux véhicules - côté,,,,,,,,,,,1,2,1,1,3.0
201600027565,0016-05-13 08:35:00,16,5,13,8,35,490,7,"12, BREMONT",47.46585,-0.55946,Plein jour,En agglomération,Place,Normale,Deux véhicules - côté,,,,,,,,,,,1,2,7,1,3.0
201600027566,0016-05-13 15:05:00,16,5,13,15,5,490,7,"80, bd Jacques Millot",47.4569,-0.53334,Plein jour,En agglomération,Hors intersection,Pluie légère,Autre collision,,,,,,,,,,,1,2,1,2,6.0
201600027567,0016-05-15 18:10:00,16,5,15,18,10,490,246,"28, GALLIENI AVENUE",47.43439,-0.52616,Plein jour,En agglomération,Hors intersection,Normale,Deux véhicules - arrière,,,,,,,,,,,1,2,1,1,2.0
201600027568,0016-03-04 11:29:00,16,3,4,11,29,490,7,"39, PARMENTIER",47.45374,-0.52209,Plein jour,En agglomération,Hors intersection,Normale,Deux véhicules - côté,,,,,,,,,,,1,2,1,1,3.0
201600027569,0016-05-18 18:30:00,16,5,18,18,30,490,7,DE LATTRE DE TASSIGNY,47.44946,-0.53882,Plein jour,En agglomération,Hors intersection,Normale,Deux véhicules - arrière,,,,,,,,,,,1,2,1,1,2.0
201600027570,0016-05-19 10:30:00,16,5,19,10,30,490,7,TALET AVENUE,47.47679,-0.54712,Plein jour,En agglomération,Hors intersection,Normale,Deux véhicules - côté,,,,,,,,,,,1,2,1,1,3.0
201600027571,0016-05-19 21:03:00,16,5,19,21,3,490,353,CAMUS,47.45561,-0.50722,Crépuscule ou aube,En agglomération,Hors intersection,Temps couvert,Deux véhicules - frontale,,,,,,,,,,,2,2,1,8,1.0
201600027572,0016-05-19 19:50:00,16,5,19,19,50,490,7,ROI RENE BOULEVARD,47.46693,-0.55429,Plein jour,En agglomération,Hors intersection,Normale,Deux véhicules - côté,,,,,,,,,,,1,2,1,1,3.0
201600027573,0016-05-20 03:39:00,16,5,20,3,39,490,7,PETITES MUSSES,47.45005,-0.5759,Nuit sans éclairage public,En agglomération,Hors intersection,Normale,Autre collision,,,,,,,,,,,3,2,1,1,6.0
201600027574,0016-05-22 11:40:00,16,5,22,11,40,490,7,BARANGE BOULEVARD,47.45476,-0.56857,Plein jour,Hors agglomération,Hors intersection,Pluie légère,Autre collision,,,,,,,,,,,1,1,1,2,6.0
201600027575,0016-05-23 08:35:00,16,5,23,8,35,490,7,"330, SAINT LEONARD",47.45976,-0.52301,Plein jour,En agglomération,Hors intersection,Normale,Deux véhicules - frontale,,,,,,,,,,,1,2,1,1,1.0
201600027576,0016-05-24 10:00:00,16,5,24,10,0,490,7,GASNIER AVENUE,47.48325,-0.56973,Plein jour,En agglomération,Intersection en T,Normale,Deux véhicules - côté,,,,,,,,,,,1,2,3,1,3.0
201600027577,0016-05-26 10:10:00,16,5,26,10,10,490,7,PASTEUR AVENUE,47.47647,-0.53287,Plein jour,En agglomération,Hors intersection,Normale,Deux véhicules - arrière,,,,,,,,,,,1,2,1,1,2.0
201600027578,0016-05-26 09:05:00,16,5,26,9,5,490,7,"131, PATTON AVENUE",47.47334,-0.59458,Plein jour,En agglomération,Hors intersection,Normale,Deux véhicules - côté,,,,,,,,,,,1,2,1,1,3.0
201600027579,0016-05-26 22:07:00,16,5,26,22,7,490,7,"0, BOUCHEMAINE ROUTE",47.45196,-0.57105,Plein jour,En agglomération,Intersection en T,Normale,Deux véhicules - arrière,,,,,,,,,,,1,2,3,1,2.0
201600027580,0016-05-25 08:24:00,16,5,25,8,24,490,7,ECCE HOMO BOULEVARD,47.46462,-0.56539,Plein jour,En agglomération,Hors intersection,Normale,Sans collision,,,,,,,,,,,1,2,1,1,7.0
201600027581,0016-05-28 19:26:00,16,5,28,19,26,490,7,ESTIENNE D'ORVES,47.45812,-0.52505,Crépuscule ou aube,En agglomération,Hors intersection,Pluie forte,Autre collision,,,,,,,,,,,2,2,1,3,6.0
201600027582,0016-05-28 12:08:00,16,5,28,12,8,490,7,DOYENNE BOULEVARD,47.49073,-0.53217,Plein jour,En agglomération,Hors intersection,Normale,Sans collision,,,,,,,,,,,1,2,1,1,7.0
201600027583,0016-05-29 12:50:00,16,5,29,12,50,490,7,"1, BARANGE BOULEVARD",47.45464,-0.56813,Plein jour,En agglomération,Hors intersection,Normale,Sans collision,,,,,,,,,,,1,2,1,1,7.0
201600027584,0016-05-28 13:52:00,16,5,28,13,52,490,7,"1, BERNIER",47.46253,-0.54331,Plein jour,En agglomération,Intersection en X,Normale,Sans collision,,,,,,,,,,,1,2,2,1,7.0
201600027585,0016-05-30 12:45:00,16,5,30,12,45,490,7,"1, RAMON BOULEVARD",47.48831,-0.54395,Plein jour,En agglomération,Hors intersection,Normale,Deux véhicules - côté,,,,,,,,,,,1,2,1,1,3.0
201600027586,0016-05-30 14:55:00,16,5,30,14,55,490,246,"1, EUROPE AVENUE",47.44549,-0.52685,Plein jour,En agglomération,Giratoire,Normale,Sans collision,,,,,,,,,,,1,2,6,1,7.0
201600027587,0016-06-01 16:52:00,16,6,1,16,52,490,7,COUBERTIN BOULEVARD,47.46304,-0.53216,Plein jour,En agglomération,Hors intersection,Normale,Deux véhicules - côté,,,,,,,,,,,1,2,1,1,3.0
201600027588,0016-06-03 08:09:00,16,6,3,8,9,490,7,"2, SAINT MICHEL BOULEVAR",47.47355,-0.54482,Plein jour,En agglomération,Hors intersection,Normale,Sans collision,,,,,,,,,,,1,2,1,1,7.0
201600027589,0016-05-06 18:06:00,16,5,6,18,6,490,7,"0, DAVIERS BOULEVARD",47.47933,-0.56002,Plein jour,En agglomération,Hors intersection,Normale,Autre collision,,,,,,,,,,,1,2,1,1,6.0
201600027590,0016-06-06 09:49:00,16,6,6,9,49,490,7,"1, RAMON BOULEVARD",47.48604,-0.53431,Plein jour,En agglomération,Hors intersection,Normale,Deux véhicules - arrière,,,,,,,,,,,1,2,1,1,2.0
201600027591,0016-06-04 11:56:00,16,6,4,11,56,490,7,"13, DESJARDIN",47.46882,-0.54587,Plein jour,En agglomération,Hors intersection,Normale,Autre collision,,,,,,,,,,,1,2,1,1,6.0
201600027592,0016-06-07 06:57:00,16,6,7,6,57,490,15,rue nationale,47.51257,-0.59736,Plein jour,En agglomération,Giratoire,Normale,Deux véhicules - arrière,,,,,,,,,,,1,2,6,1,2.0
201600027593,0016-06-09 23:30:00,16,6,9,23,30,490,7,RUE PAUL BERT,47.46557,-0.55097,Nuit avec éclairage allumé,En agglomération,Hors intersection,Normale,Autre collision,,,,,,,,,,,5,2,1,1,6.0
201600027594,0016-06-09 18:45:00,16,6,9,18,45,490,7,"90, QUINCONCE",47.46742,-0.5395,Plein jour,En agglomération,Hors intersection,Normale,Autre collision,,,,,,,,,,,1,2,1,1,6.0
201600027595,0016-06-13 04:00:00,16,6,13,4,0,490,7,"13, LETANDUERE",47.4606,-0.55453,Nuit avec éclairage allumé,En agglomération,Hors intersection,Normale,Sans collision,,,,,,,,,,,5,2,1,1,7.0
201600027596,0016-06-10 12:00:00,16,6,10,12,0,490,7,"58, PARMENTIER",47.45292,-0.51771,Plein jour,En agglomération,Hors intersection,Normale,Sans collision,,,,,,,,,,,1,2,1,1,7.0
201600027597,0016-06-10 16:07:00,16,6,10,16,7,490,7,"1, BERGSON",47.44413,-0.5626,Plein jour,En agglomération,Hors intersection,Normale,Autre collision,,,,,,,,,,,1,2,1,1,6.0
201600027598,0016-06-11 08:55:00,16,6,11,8,55,490,7,VOIE DES BERGES,47.47092,-0.56066,Plein jour,En agglomération,Hors intersection,Pluie légère,Sans collision,,,,,,,,,,,1,2,1,2,7.0
201600027599,0016-06-12 08:02:00,16,6,12,8,2,490,7,PYRAMIDE ROUTE,47.45122,-0.51198,Plein jour,En agglomération,Hors intersection,Pluie forte,Deux véhicules - côté,,,,,,,,,,,1,2,1,3,3.0
201600027600,0016-06-12 19:12:00,16,6,12,19,12,490,7,"1, BIRGE BOULEVARD",47.4821,-0.52216,Plein jour,En agglomération,Intersection en X,Normale,Deux véhicules - côté,,,,,,,,,,,1,2,2,1,3.0
201600027601,0016-06-12 10:49:00,16,6,12,10,49,490,7,VOIE DES BERGES,47.47034,-0.56164,Plein jour,En agglomération,Hors intersection,Normale,Autre collision,,,,,,,,,,,1,2,1,1,6.0
201600027602,0016-06-10 21:50:00,16,6,10,21,50,490,7,Bd BARANGE,47.45485,-0.56846,Crépuscule ou aube,Hors agglomération,Hors intersection,Normale,Sans collision,,,,,,,,,,,2,1,1,1,7.0
201600027603,0016-06-13 12:38:00,16,6,13,12,38,490,246,HUGO VICTOR RUE,47.42959,-0.52833,Plein jour,En agglomération,Intersection en T,Normale,Deux véhicules - côté,,,,,,,,,,,1,2,3,1,3.0
201600027604,0016-06-15 15:00:00,16,6,15,15,0,490,7,"94, GASNIER AVENUE",47.48469,-0.57136,Plein jour,En agglomération,Hors intersection,Pluie légère,Autre collision,,,,,,,,,,,1,2,1,2,6.0
201600027605,0016-06-15 15:45:00,16,6,15,15,45,490,7,LIZE,47.49005,-0.56634,Plein jour,Hors agglomération,Giratoire,Pluie légère,Sans collision,,,,,,,,,,,1,1,6,2,7.0