accident_id,datetime,annee,mois,jour,heure,minute,departement,commune_insee,adresse,latitude,longitude,luminosite,agglomeration,intersection,meteo,collision,nb_vehicules,nb_usagers,nb_indemnes,nb_tues,nb_blesses_hosp,nb_blesses_legers,age_cond_1,age_cond_2,veh_type_cond_1,veh_type_cond_2,lum_code,agg_code,int_code,atm_code,col_code
201600027606,0016-06-08 08:24:00,16,6,8,8,24,490,7,"0, CARNOT",47.47458,-0.54692,Plein jour,En agglomération,Hors intersection,Normale,Autre collision,,,,,,,,,,,1,2,1,1,6.0
201600027607,0016-06-16 09:02:00,16,6,16,9,2,490,7,"0, MONPLAISIR BOULEVARD",47.48624,-0.51437,Plein jour,En agglomération,Intersection en X,Pluie légère,Deux véhicules - côté,,,,,,,,,,,1,2,2,2,3.0
201600027608,0016-06-16 16:32:00,16,6,16,16,32,490,7,ATLANTIQUE  AVENUE DE,47.46615,-0.56919,Plein jour,Hors agglomération,Hors intersection,Pluie forte,Autre collision,,,,,,,,,,,1,1,1,3,6.0
201600027609,0016-06-13 07:38:00,16,6,13,7,38,490,7,VIGNE PLACE ET RUE,47.4752,-0.58564,Plein jour,En agglomération,Hors intersection,Normale,Sans collision,,,,,,,,,,,1,2,1,1,7.0
201600027610,0016-06-15 17:25:00,16,6,15,17,25,490,7,Bd auriol,47.49297,-0.56534,Plein jour,En agglomération,Hors intersection,Normale,Deux véhicules - côté,,,,,,,,,,,1,2,1,1,3.0
201600027611,0016-06-22 13:35:00,16,6,22,13,35,490,7,BIRGE BOULEVARD,47.47941,-0.52132,Plein jour,En agglomération,Intersection en X,Normale,Deux véhicules - arrière,,,,,,,,,,,1,2,2,1,2.0
201600027612,0016-06-22 18:20:00,16,6,22,18,20,490,246,"15, EUROPE AVENUE",47.43867,-0.53022,Plein jour,En agglomération,Hors intersection,Normale,Sans collision,,,,,,,,,,,1,2,1,1,7.0
201600027613,0016-06-15 20:05:00,16,6,15,20,5,490,7,"28, SAINT JACQUES",47.47398,-0.56891,Plein jour,En agglomération,Hors intersection,Normale,Deux véhicules - côté,,,,,,,,,,,1,2,1,1,3.0
201600027614,0016-06-23 19:20:00,16,6,23,19,20,490,7,"111, PATTON AVENUE",47.47339,-0.59154,Plein jour,En agglomération,Hors intersection,Normale,Deux véhicules - côté,,,,,,,,,,,1,2,1,1,3.0
201600027615,0016-06-23 14:29:00,16,6,23,14,29,490,7,"45, RUE RECOUVREUR",47.45354,-0.55772,Plein jour,En agglomération,Hors intersection,Normale,Deux véhicules - frontale,,,,,,,,,,,1,2,1,1,1.0
201600027616,0016-06-18 15:23:00,16,6,18,15,23,490,7,RUE FLORE,47.47297,-0.54792,Plein jour,En agglomération,Hors intersection,Normale,Deux véhicules - côté,,,,,,,,,,,1,2,1,1,3.0
201600027617,0016-06-25 21:45:00,16,6,25,21,45,490,7,BICHON PLACE,47.47876,-0.56503,Plein jour,En agglomération,Place,Normale,Deux véhicules - frontale,,,,,,,,,,,1,2,7,1,1.0
201600027618,0016-06-23 07:50:00,16,6,23,7,50,490,267,CHANTERIE,47.47651,-0.50145,Plein jour,En agglomération,Hors intersection,Normale,Autre collision,,,,,,,,,,,1,2,1,1,6.0
201600027619,0016-06-18 11:23:00,16,6,18,11,23,490,15,CANTENAY EPINARD ROUT,47.50898,-0.57902,Plein jour,Hors agglomération,Hors intersection,Normale,Trois véhicules et plus - en chaîne,,,,,,,,,,,1,1,1,1,4.0
201600027620,0016-06-28 15:00:00,16,6,28,15,0,490,353,"142, REPUBLIQUE AVENUE",47.44857,-0.50117,Plein jour,En agglomération,Hors intersection,Normale,Deux véhicules - côté,,,,,,,,,,,1,2,1,1,3.0
201600027621,0016-07-02 20:50:00,16,7,2,20,50,490,7,"75, LAREVELLIERE",47.47172,-0.5359,Plein jour,En agglomération,Hors intersection,Normale,Deux véhicules - côté,,,,,,,,,,,1,2,1,1,3.0
201600027622,0016-07-02 14:05:00,16,7,2,14,5,490,7,"27, FORT( PAUL)",47.48799,-0.56154,Plein jour,En agglomération,Hors intersection,Normale,Deux véhicules - frontale,,,,,,,,,,,1,2,1,1,1.0
201600027623,0016-06-24 17:45:00,16,6,24,17,45,490,267,BEAUFORT ROUTE,47.46751,-0.47381,Plein jour,Hors agglomération,Hors intersection,Normale,Deux véhicules - frontale,,,,,,,,,,,1,1,1,1,1.0
201600027624,0016-07-04 09:05:00,16,7,4,9,5,490,7,"52, COUBERTIN BOULEVARD",47.45984,-0.53289,Plein jour,En agglomération,Hors intersection,Normale,Deux véhicules - arrière,,,,,,,,,,,1,2,1,1,2.0
201600027625,0016-07-05 21:33:00,16,7,5,21,33,490,7,"0, TRAQUETTE",47.47887,-0.57013,Crépuscule ou aube,En agglomération,Intersection en X,Normale,Deux véhicules - côté,,,,,,,,,,,2,2,2,1,3.0
201600027626,0016-07-06 19:08:00,16,7,6,19,8,490,7,"40, MEIGNANNE",47.47893,-0.57012,Plein jour,En agglomération,Intersection en X,Normale,Deux véhicules - frontale,,,,,,,,,,,1,2,2,1,1.0
201600027627,0016-07-05 13:01:00,16,7,5,13,1,490,7,ARAGON AVENUE,47.47175,-0.5669,Plein jour,En agglomération,Giratoire,Normale,Deux véhicules - côté,,,,,,,,,,,1,2,6,1,3.0
201600027628,0016-07-04 16:12:00,16,7,4,16,12,490,7,"8, Av PASTEUR",47.47174,-0.54252,Plein jour,En agglomération,Hors intersection,Normale,Deux véhicules - arrière,,,,,,,,,,,1,2,1,1,2.0
201600027629,0016-07-06 17:25:00,16,7,6,17,25,490,267,A87N,47.48515,-0.4981,Plein jour,Hors agglomération,Hors intersection,Normale,Deux véhicules - côté,,,,,,,,,,,1,1,1,1,3.0
201600027630,0016-07-11 07:55:00,16,7,11,7,55,490,7,Rue du Dr GUICHARD,47.44829,-0.5503,Plein jour,En agglomération,Intersection en X,Normale,Deux véhicules - côté,,,,,,,,,,,1,2,2,1,3.0
201600027631,0016-07-13 12:15:00,16,7,13,12,15,490,353,"224, JEAN JAURES RUE",47.44524,-0.50269,Plein jour,En agglomération,Hors intersection,Normale,Deux véhicules - arrière,,,,,,,,,,,1,2,1,1,2.0
201600027632,0016-07-08 22:34:00,16,7,8,22,34,490,7,"25, JEAN XXIII AVENUE",47.44893,-0.56485,Crépuscule ou aube,En agglomération,Hors intersection,Normale,Autre collision,,,,,,,,,,,2,2,1,1,6.0
201600027633,0016-07-16 07:20:00,16,7,16,7,20,490,267,RD 347,47.4739,-0.48015,Plein jour,Hors agglomération,Hors intersection,Normale,Sans collision,,,,,,,,,,,1,1,1,1,7.0
201600027634,0016-07-16 20:16:00,16,7,16,20,16,490,7,"0, JEAN XXIII AVENUE",47.45191,-0.57106,Plein jour,En agglomération,Intersection en X,Normale,Autre collision,,,,,,,,,,,1,2,2,1,6.0
201600027635,0016-07-18 14:25:00,16,7,18,14,25,490,7,"1, LAC DE MAINE AVENUE",47.4702,-0.58858,Plein jour,En agglomération,Hors intersection,Normale,Autre collision,,,,,,,,,,,1,2,1,1,6.0
201600027636,0016-05-31 06:54:00,16,5,31,6,54,490,267,BOIS BOULET,47.47045,-0.46,Plein jour,En agglomération,Hors intersection,Normale,Sans collision,,,,,,,,,,,1,2,1,1,7.0
201600027637,0016-05-24 20:15:00,16,5,24,20,15,490,7,"0, ATLANTIQUE  AVENUE DE",47.49355,-0.54782,Plein jour,Hors agglomération,Hors intersection,Normale,Sans collision,,,,,,,,,,,1,1,1,1,7.0
201600027638,0016-05-28 21:45:00,16,5,28,21,45,490,7,"0, LIZE",47.48741,-0.57354,Nuit avec éclairage allumé,En agglomération,Intersection en X,Normale,Deux véhicules - côté,,,,,,,,,,,5,2,2,1,3.0
201600027639,0016-07-18 12:46:00,16,7,18,12,46,490,7,Parking Leclerc,47.48298,-0.57544,Plein jour,En agglomération,Hors intersection,Normale,Autre collision,,,,,,,,,,,1,2,1,1,6.0
201600027640,0016-07-19 16:08:00,16,7,19,16,8,490,246,"25, DAVID D'ANGERS",47.4708,-0.54884,Plein jour,Hors agglomération,Hors intersection,Normale,Deux véhicules - arrière,,,,,,,,,,,1,1,1,1,2.0
201600027641,0016-07-17 21:51:00,16,7,17,21,51,490,7,"1, SAINT JACQUES",47.47398,-0.56806,Crépuscule ou aube,En agglomération,Hors intersection,Normale,Deux véhicules - côté,,,,,,,,,,,2,2,1,1,3.0
201600027642,0016-07-18 09:09:00,16,7,18,9,9,490,7,"1, CAMUS BOULEVARD",47.48319,-0.57583,Plein jour,En agglomération,Hors intersection,Normale,Autre collision,,,,,,,,,,,1,2,1,1,6.0
201600027643,0016-07-19 17:05:00,16,7,19,17,5,490,15,MEIGNANNE ROUTE DE LA,47.49337,-0.59706,Plein jour,En agglomération,Hors intersection,Normale,Autre collision,,,,,,,,,,,1,2,1,1,6.0
201600027644,0016-07-21 08:30:00,16,7,21,8,30,490,246,"1, MOULIN MARCILLE CHEMI",47.43768,-0.50652,Plein jour,En agglomération,Hors intersection,Normale,Deux véhicules - côté,,,,,,,,,,,1,2,1,1,3.0
201600027645,0016-07-21 20:35:00,16,7,21,20,35,490,7,"3, BALLOUR",47.4821,-0.56287,Plein jour,En agglomération,Hors intersection,Normale,Autre collision,,,,,,,,,,,1,2,1,1,6.0
201600027646,0016-07-24 19:27:00,16,7,24,19,27,490,7,"0, BLANCHOIN BOULEVARD",47.44776,-0.5425,Plein jour,En agglomération,Hors intersection,Normale,Autre collision,,,,,,,,,,,1,2,1,1,6.0
201600027647,0016-07-22 20:43:00,16,7,22,20,43,490,7,Rue QUINCONCE,47.46807,-0.54137,Plein jour,En agglomération,Hors intersection,Normale,Autre collision,,,,,,,,,,,1,2,1,1,6.0
201600027648,0016-07-23 01:20:00,16,7,23,1,20,490,7,RAMON BOULEVARD,47.48721,-0.5387,Nuit avec éclairage allumé,En agglomération,Hors intersection,Normale,Deux véhicules - côté,,,,,,,,,,,5,2,1,1,3.0
201600027649,0016-07-23 18:45:00,16,7,23,18,45,490,7,"0, ARNAULD ( HENRI) BOUL",47.47235,-0.56344,Plein jour,En agglomération,Hors intersection,Normale,Autre collision,,,,,,,,,,,1,2,1,1,6.0
201600027650,0016-07-26 15:30:00,16,7,26,15,30,490,7,FOCH BOULEVARD,47.46783,-0.55103,Plein jour,En agglomération,Hors intersection,Normale,Deux véhicules - côté,,,,,,,,,,,1,2,1,1,3.0
201600027651,0016-07-27 09:35:00,16,7,27,9,35,490,15,CROIX CADEAU LIEU DIT,47.52051,-0.61136,Plein jour,En agglomération,Hors intersection,Normale,Autre collision,,,,,,,,,,,1,2,1,1,6.0
201600027652,0016-07-28 18:27:00,16,7,28,18,27,490,7,"63, PLANTAGENET",47.47167,-0.55395,Plein jour,En agglomération,Hors intersection,Normale,Autre collision,,,,,,,,,,,1,2,1,1,6.0
201600027653,0016-07-30 16:26:00,16,7,30,16,26,490,7,"76, FOCH BOULEVARD",47.46666,-0.55292,Plein jour,En agglomération,Hors intersection,Normale,Sans collision,,,,,,,,,,,1,2,1,1,7.0
201600027654,0016-07-30 22:25:00,16,7,30,22,25,490,7,SAINT JACQUES,47.47384,-0.57548,Nuit avec éclairage allumé,En agglomération,Intersection en X,Normale,Autre collision,,,,,,,,,,,5,2,2,1,6.0
201600027655,0016-07-31 18:50:00,16,7,31,18,50,490,7,LAITERIE IMPASSE ET PLAC,47.4752,-0.56228,Plein jour,En agglomération,Intersection en T,Normale,Autre collision,,,,,,,,,,,1,2,3,1,6.0
201600027656,0016-08-03 02:55:00,16,8,3,2,55,490,7,"60, BOUCHEMAINE ROUTE",47.44523,-0.57634,Nuit avec éclairage allumé,En agglomération,Hors intersection,Normale,Autre collision,,,,,,,,,,,5,2,1,1,6.0
201600027657,0016-08-03 18:44:00,16,8,3,18,44,490,267,BOIS RINIER,47.47481,-0.49558,Plein jour,En agglomération,Hors intersection,Normale,Autre collision,,,,,,,,,,,1,2,1,1,6.0
201600027658,0016-08-04 10:22:00,16,8,4,10,22,490,7,"00, MOULIN BOULEVARD",47.49192,-0.54887,Plein jour,Hors agglomération,Hors intersection,Normale,Autre collision,,,,,,,,,,,1,1,1,1,6.0
201600027659,0016-08-05 15:00:00,16,8,5,15,0,490,7,BOUCHEMAINE ROUTE,47.44886,-0.57328,Plein jour,En agglomération,Giratoire,Normale,Sans collision,,,,,,,,,,,1,2,6,1,7.0
201600027660,0016-08-06 17:40:00,16,8,6,17,40,490,7,PLANTAGENET,47.47277,-0.55491,Plein jour,En agglomération,Hors intersection,Normale,Autre collision,,,,,,,,,,,1,2,1,1,6.0
201600027661,0016-06-15 23:55:00,16,6,15,23,55,490,15,"102, MENDES FRANCE AVENU",47.50628,-0.58908,Nuit avec éclairage allumé,En agglomération,Hors intersection,Normale,Sans collision,,,,,,,,,,,5,2,1,1,7.0
201600027662,0016-08-09 17:30:00,16,8,9,17,30,490,7,VOIE DES BERGES,47.47641,-0.55429,Plein jour,Hors agglomération,Hors intersection,Normale,Deux véhicules - arrière,,,,,,,,,,,1,1,1,1,2.0
201600027663,0016-08-11 21:40:00,16,8,11,21,40,490,7,"5, JONCHERES SQUARE",47.44924,-0.56238,Nuit avec éclairage non allumé,En agglomération,Hors intersection,Normale,Autre collision,,,,,,,,,,,4,2,1,1,6.0
201600027664,0016-08-16 15:51:00,16,8,16,15,51,490,7,MOLIERE PLACE,47.4739,-0.55501,Plein jour,En agglomération,Hors intersection,Normale,Deux véhicules - côté,,,,,,,,,,,1,2,1,1,3.0
201600027665,0016-08-17 12:50:00,16,8,17,12,50,490,15,MENDES FRANCE AVENUE PIE,47.50148,-0.58447,Plein jour,En agglomération,Hors intersection,Normale,Deux véhicules - arrière,,,,,,,,,,,1,2,1,1,2.0
201600027666,0016-08-19 14:17:00,16,8,19,14,17,490,7,PLACE DE LA DAUVERSIERE,47.47813,-0.58823,Plein jour,En agglomération,Hors intersection,Normale,Deux véhicules - côté,,,,,,,,,,,1,2,1,1,3.0
201600027667,0016-08-19 14:40:00,16,8,19,14,40,490,7,DESJARDIN,47.46636,-0.54765,Plein jour,En agglomération,Intersection en X,Normale,Deux véhicules - côté,,,,,,,,,,,1,2,2,1,3.0
201600027668,0016-08-23 08:18:00,16,8,23,8,18,490,353,RUE VAILLANT,47.45007,-0.4892,Plein jour,En agglomération,Giratoire,Normale,Deux véhicules - côté,,,,,,,,,,,1,2,6,1,3.0
201600027669,0016-08-21 21:25:00,16,8,21,21,25,490,7,"30, SAINT MICHEL Bd",47.47344,-0.54213,Plein jour,En agglomération,Hors intersection,Normale,Deux véhicules - côté,,,,,,,,,,,1,2,1,1,3.0
201600027670,0016-08-22 08:19:00,16,8,22,8,19,490,7,RUE DU MAIL,47.47355,-0.55098,Plein jour,En agglomération,Hors intersection,Normale,Autre collision,,,,,,,,,,,1,2,1,1,6.0
201600027671,0016-08-23 17:20:00,16,8,23,17,20,490,7,BD COPERNIC,47.48621,-0.52229,Plein jour,En agglomération,Giratoire,Normale,Deux véhicules - côté,,,,,,,,,,,1,2,6,1,3.0
201600027672,0016-08-29 16:28:00,16,8,29,16,28,490,7,"43, VOLNEY",47.46316,-0.5449,Plein jour,En agglomération,Hors intersection,Normale,Autre collision,,,,,,,,,,,1,2,1,1,6.0
201600027673,0016-08-30 12:00:00,16,8,30,12,0,490,7,GASNIER AVENUE,47.4871,-0.57324,Plein jour,En agglomération,Hors intersection,Normale,Autre collision,,,,,,,,,,,1,2,1,1,6.0
201600027674,0016-08-30 15:30:00,16,8,30,15,30,490,7,VOIE DES BERGES,47.47671,-0.55414,Plein jour,Hors agglomération,Hors intersection,Normale,Deux véhicules - arrière,,,,,,,,,,,1,1,1,1,2.0
201600027675,0016-08-30 17:57:00,16,8,30,17,57,490,7,BARDOUL,47.28322,-0.32373,Plein jour,En agglomération,Hors intersection,Normale,Sans collision,,,,,,,,,,,1,2,1,1,7.0
201600027676,0016-08-30 19:23:00,16,8,30,19,23,490,353,VEST FERDINANT,47.44533,-0.47144,Plein jour,En agglomération,Giratoire,Normale,Autre collision,,,,,,,,,,,1,2,6,1,6.0
201600027677,0016-08-30 22:08:00,16,8,30,22,8,490,7,"88, CHAUMIN BOULEVARD",47.45035,-0.55438,Nuit avec éclairage allumé,En agglomération,Hors intersection,Normale,Deux véhicules - arrière,,,,,,,,,,,5,2,1,1,2.0
201600027678,0016-08-31 09:25:00,16,8,31,9,25,490,246,Av MOULIN MARCILLE,47.43791,-0.50821,Plein jour,En agglomération,Hors intersection,Normale,Deux véhicules - côté,,,,,,,,,,,1,2,1,1,3.0
201600027679,0016-09-01 19:00:00,16,9,1,19,0,490,7,"0, BEAUSSIER BOULEVARD",47.47178,-0.60007,Plein jour,En agglomération,Intersection en T,Normale,Deux véhicules - côté,,,,,,,,,,,1,2,3,1,3.0
201600027680,0016-09-01 18:40:00,16,9,1,18,40,490,7,BORDIER JACQUES,47.46296,-0.56511,Plein jour,Hors agglomération,Hors intersection,Normale,Deux véhicules - frontale,,,,,,,,,,,1,1,1,1,1.0
201600027681,0016-09-03 11:30:00,16,9,3,11,30,490,7,FOCH BOULEVARD,47.46783,-0.55104,Plein jour,En agglomération,Hors intersection,Normale,Autre collision,,,,,,,,,,,1,2,1,1,6.0
201600027682,0016-09-03 21:35:00,16,9,3,21,35,490,15,"251, MENDES FRANCE AVENU",47.50917,-0.59235,Nuit avec éclairage allumé,En agglomération,Hors intersection,Normale,Sans collision,,,,,,,,,,,5,2,1,1,7.0
201600027683,0016-09-04 08:30:00,16,9,4,8,30,490,7,"28, FLOQUET",47.47898,-0.59146,Plein jour,En agglomération,Hors intersection,Normale,Autre collision,,,,,,,,,,,1,2,1,1,6.0
201600027684,0016-09-04 12:25:00,16,9,4,12,25,490,7,BOUCHEMAINE ROUTE,47.44873,-0.57318,Plein jour,En agglomération,Giratoire,Normale,Autre collision,,,,,,,,,,,1,2,6,1,6.0
201600027685,0016-09-04 20:57:00,16,9,4,20,57,490,7,"19, MEILLAND",47.44965,-0.54765,Nuit avec éclairage allumé,En agglomération,Intersection en X,Normale,Deux véhicules - côté,,,,,,,,,,,5,2,2,1,3.0
201600027686,0016-09-05 17:45:00,16,9,5,17,45,490,7,"73, RUE RENEE",47.49209,-0.57165,Plein jour,En agglomération,Hors intersection,Normale,Deux véhicules - arrière,,,,,,,,,,,1,2,1,1,2.0
201600027687,0016-09-05 18:10:00,16,9,5,18,10,490,7,CAMUS BOULEVARD,47.48259,-0.57587,Plein jour,En agglomération,Hors intersection,Normale,Deux véhicules - frontale,,,,,,,,,,,1,2,1,1,1.0
201600027688,0016-09-09 12:20:00,16,9,9,12,20,490,7,65 RUE DE LA TREILLE,47.46213,-0.52912,Plein jour,En agglomération,Hors intersection,Normale,Autre collision,,,,,,,,,,,1,2,1,1,6.0
201600027689,0016-09-09 08:00:00,16,9,9,8,0,490,7,"00, ARTILLEURS",47.49244,-0.57253,Plein jour,En agglomération,Hors intersection,Normale,Autre collision,,,,,,,,,,,1,2,1,1,6.0
201600027690,0016-09-12 01:05:00,16,9,12,1,5,490,267,RD 347,47.47386,-0.4832,Nuit sans éclairage public,Hors agglomération,Hors intersection,Normale,Autre collision,,,,,,,,,,,3,1,1,1,6.0
201600027691,0016-09-10 00:15:00,16,9,10,0,15,490,7,HANNELOUP,47.46796,-0.54654,Nuit avec éclairage allumé,En agglomération,Intersection en X,Normale,Deux véhicules - côté,,,,,,,,,,,5,2,2,1,3.0
201600027692,0016-09-06 07:35:00,16,9,6,7,35,490,7,"83, SAINT MICHEL Bd",47.4735,-0.54203,Crépuscule ou aube,En agglomération,Intersection en X,Normale,Autre collision,,,,,,,,,,,2,2,2,1,6.0
201600027693,0016-09-13 00:05:00,16,9,13,0,5,490,7,DEUX CROIX BOULEVARD,47.47591,-0.52842,Nuit avec éclairage allumé,En agglomération,Hors intersection,Normale,Deux véhicules - arrière,,,,,,,,,,,5,2,1,1,2.0
201600027694,0016-09-06 10:54:00,16,9,6,10,54,490,7,"94, CHAUMIN BOULEVARD",47.45044,-0.55385,Plein jour,En agglomération,Hors intersection,Normale,Deux véhicules - arrière,,,,,,,,,,,1,2,1,1,2.0
201600027695,0016-09-08 17:00:00,16,9,8,17,0,490,7,Place SAINTE CROIX,47.47032,-0.55431,Plein jour,En agglomération,Hors intersection,Normale,Deux véhicules - arrière,,,,,,,,,,,1,2,1,1,2.0
201600027696,0016-09-14 08:26:00,16,9,14,8,26,490,15,MEIGNANNE ROUTE DE LA,47.49421,-0.59993,Plein jour,Hors agglomération,Intersection en T,Temps couvert,Deux véhicules - côté,,,,,,,,,,,1,1,3,8,3.0
201600027697,0016-09-14 21:55:00,16,9,14,21,55,490,267,MARMITIERE,47.48489,-0.51712,Nuit avec éclairage allumé,En agglomération,Hors intersection,Normale,Autre collision,,,,,,,,,,,5,2,1,1,6.0
201600027698,0016-09-15 15:20:00,16,9,15,15,20,490,7,"25, CHURCHILL AVENUE ET",47.44974,-0.55843,Plein jour,En agglomération,Giratoire,Normale,Deux véhicules - côté,,,,,,,,,,,1,2,6,1,3.0
201600027699,0016-09-16 09:14:00,16,9,16,9,14,490,7,DOYENNE BOULEVARD,47.48728,-0.53843,Plein jour,En agglomération,Hors intersection,Normale,Deux véhicules - arrière,,,,,,,,,,,1,2,1,1,2.0
201600027700,0016-09-16 19:15:00,16,9,16,19,15,490,7,RUE JEAN BODIN,47.4637,-0.55213,Plein jour,En agglomération,Hors intersection,Normale,Sans collision,,,,,,,,,,,1,2,1,1,7.0
201600027701,0016-09-19 19:30:00,16,9,19,19,30,490,7,RUE DU MAIL,47.47309,-0.55015,Plein jour,En agglomération,Hors intersection,Normale,Deux véhicules - arrière,,,,,,,,,,,1,2,1,1,2.0
201600027702,0016-09-19 09:20:00,16,9,19,9,20,490,7,"39, PATTON AVENUE",47.47365,-0.58274,Plein jour,En agglomération,Hors intersection,Normale,Deux véhicules - côté,,,,,,,,,,,1,2,1,1,3.0
201600027703,0016-09-20 18:32:00,16,9,20,18,32,490,7,"6, BIRGE BOULEVARD",47.48125,-0.52217,Plein jour,En agglomération,Hors intersection,Normale,Deux véhicules - arrière,,,,,,,,,,,1,2,1,1,2.0
201600027704,0016-08-13 05:00:00,16,8,13,5,0,490,7,LIBERTE BOULEVARD,47.44867,-0.53697,Nuit avec éclairage allumé,En agglomération,Hors intersection,Normale,Sans collision,,,,,,,,,,,5,2,1,1,7.0
201600027705,0016-09-21 18:42:00,16,9,21,18,42,490,7,"0, ARBRISSEL",47.44655,-0.56977,Plein jour,En agglomération,Intersection en X,Normale,Deux véhicules - côté,,,,,,,,,,,1,2,2,1,3.0
201600027706,0016-09-22 21:25:00,16,9,22,21,25,490,7,"0, VAL DE LOIRE",47.44827,-0.51151,Nuit avec éclairage allumé,En agglomération,Giratoire,Normale,Deux véhicules - côté,,,,,,,,,,,5,2,6,1,3.0
201600027707,0016-09-21 14:25:00,16,9,21,14,25,490,7,RABELAIS,47.45833,-0.54494,Plein jour,En agglomération,Giratoire,Normale,Autre collision,,,,,,,,,,,1,2,6,1,6.0
201600027708,0016-09-21 09:50:00,16,9,21,9,50,490,7,RECULEE PROMENADE,47.4859,-0.55062,Plein jour,En agglomération,Hors intersection,Normale,Autre collision,,,,,,,,,,,1,2,1,1,6.0
201600027709,0016-09-21 13:45:00,16,9,21,13,45,490,7,"0, BEAUSSIER BOULEVARD",47.47809,-0.59847,Plein jour,En agglomération,Giratoire,Normale,Autre collision,,,,,,,,,,,1,2,6,1,6.0
201600027710,0016-09-24 15:20:00,16,9,24,15,20,490,267,"0, SARRIGNE",47.47288,-0.46297,Plein jour,Hors agglomération,Hors intersection,Normale,Autre collision,,,,,,,,,,,1,1,1,1,6.0
201600027711,0016-09-27 08:15:00,16,9,27,8,15,490,7,"0, BLANCHOIN BOULEVARD",47.44849,-0.53868,Plein jour,En agglomération,Giratoire,Normale,Sans collision,,,,,,,,,,,1,2,6,1,7.0
201600027712,0016-09-29 12:35:00,16,9,29,12,35,490,7,"39, COUBERTIN BOULEVARD",47.46255,-0.53224,Plein jour,En agglomération,Hors intersection,Normale,Sans collision,,,,,,,,,,,1,2,1,1,7.0
201600027713,0016-09-29 08:45:00,16,9,29,8,45,490,7,MILLOT BOULEVARD JACQUES,47.45709,-0.53332,Plein jour,En agglomération,Hors intersection,Normale,Autre collision,,,,,,,,,,,1,2,1,1,6.0
201600027714,0016-10-02 16:43:00,16,10,2,16,43,490,7,JUIN PLACE ET RUE,47.44175,-0.57232,Plein jour,En agglomération,Intersection en X,Normale,Deux véhicules - côté,,,,,,,,,,,1,2,2,1,3.0
201600027715,0016-10-01 07:50:00,16,10,1,7,50,490,7,RAFFOUX CHEMIN,47.50488,-0.56983,Crépuscule ou aube,Hors agglomération,Intersection en T,Normale,Autre collision,,,,,,,,,,,2,1,3,1,6.0
201600027716,0016-10-02 06:00:00,16,10,2,6,0,490,7,COUBERTIN BOULEVARD,47.46417,-0.53152,Nuit avec éclairage allumé,En agglomération,Giratoire,Normale,Autre collision,,,,,,,,,,,5,2,6,1,6.0
201600027717,0016-09-30 14:35:00,16,9,30,14,35,490,7,RUE BIGOT,47.4806,-0.56219,Plein jour,En agglomération,Intersection en Y,Temps couvert,Deux véhicules - côté,,,,,,,,,,,1,2,4,8,3.0
201600027718,0016-10-02 18:47:00,16,10,2,18,47,490,7,ARAGON AVENUE,47.47015,-0.56764,Plein jour,En agglomération,Giratoire,Normale,Autre collision,,,,,,,,,,,1,2,6,1,6.0
201600027719,0016-09-30 21:35:00,16,9,30,21,35,490,7,"0, JOUVET SQUARE",47.45156,-0.52701,Nuit sans éclairage public,En agglomération,Giratoire,Normale,Autre collision,,,,,,,,,,,3,2,6,1,6.0
201600027720,0016-10-04 07:53:00,16,10,4,7,53,490,7,PATTON AVENUE,47.47318,-0.59983,Nuit avec éclairage allumé,En agglomération,Autre intersection,Normale,Deux véhicules - côté,,,,,,,,,,,5,2,9,1,3.0
201600027721,0016-09-30 19:18:00,16,9,30,19,18,490,7,RUE PROUDHON,47.46566,-0.60308,Nuit avec éclairage allumé,En agglomération,Hors intersection,Normale,Autre collision,,,,,,,,,,,5,2,1,1,6.0
201600027722,0016-10-03 14:53:00,16,10,3,14,53,490,7,ATLANTIQUE  AVENUE DE,47.46938,-0.61111,Plein jour,Hors agglomération,Hors intersection,Normale,Deux véhicules - arrière,,,,,,,,,,,1,1,1,1,2.0
201600027723,0016-10-04 13:35:00,16,10,4,13,35,490,7,"0, BASSE CHAINE PONT",47.47003,-0.56226,Plein jour,En agglomération,Hors intersection,Normale,Sans collision,,,,,,,,,,,1,2,1,1,7.0
201600027724,0016-10-04 13:59:00,16,10,4,13,59,490,7,"00, BEAUSSIER BOULEVARD",47.47285,-0.59993,Plein jour,En agglomération,Hors intersection,Normale,Autre collision,,,,,,,,,,,1,2,1,1,6.0
201600027725,0016-10-05 19:23:00,16,10,5,19,23,490,7,"0, GASNIER AVENUE",47.48741,-0.57347,Plein jour,En agglomération,Intersection en X,Normale,Deux véhicules - côté,,,,,,,,,,,1,2,2,1,3.0
201600027726,0016-10-06 07:40:00,16,10,6,7,40,490,7,EPINARD ROUTE,47.49475,-0.56411,Crépuscule ou aube,En agglomération,Hors intersection,Normale,Deux véhicules - arrière,,,,,,,,,,,2,2,1,1,2.0
201600027727,0016-10-06 15:41:00,16,10,6,15,41,490,7,"0, CARNOT",47.47442,-0.54688,Plein jour,En agglomération,Intersection en X,Temps éblouissant,Deux véhicules - côté,,,,,,,,,,,1,2,2,7,3.0
201600027728,0016-10-06 12:30:00,16,10,6,12,30,490,7,CHAPERONNIERE,47.47067,-0.55317,Plein jour,En agglomération,Intersection à plus de 4 branches,Normale,Autre collision,,,,,,,,,,,1,2,5,1,6.0
201600027729,0016-10-07 13:15:00,16,10,7,13,15,490,7,"00, auriol",47.49809,-0.56525,Plein jour,En agglomération,Intersection en X,Normale,Autre collision,,,,,,,,,,,1,2,2,1,6.0
201600027730,0016-10-07 15:30:00,16,10,7,15,30,490,7,"8, PASTEUR AVENUE",47.47178,-0.54258,Plein jour,En agglomération,Hors intersection,Normale,Autre collision,,,,,,,,,,,1,2,1,1,6.0
201600027731,0016-10-09 20:40:00,16,10,9,20,40,490,7,"0, FOCH BOULEVARD",47.46751,-0.55163,Nuit avec éclairage allumé,En agglomération,Hors intersection,Normale,Deux véhicules - arrière,,,,,,,,,,,5,2,1,1,2.0