accident_id,datetime,annee,mois,jour,heure,minute,departement,commune_insee,adresse,latitude,longitude,luminosite,agglomeration,intersection,meteo,collision,nb_vehicules,nb_usagers,nb_indemnes,nb_tues,nb_blesses_hosp,nb_blesses_legers,age_cond_1,age_cond_2,veh_type_cond_1,veh_type_cond_2,lum_code,agg_code,int_code,atm_code,col_code
201600027732,0016-10-10 20:05:00,16,10,10,20,5,490,7,"0, BOISNET RUE",47.47637,-0.55233,Nuit avec éclairage allumé,En agglomération,Intersection en X,Normale,Sans collision,,,,,,,,,,,5,2,2,1,7.0
201600027733,0016-10-11 09:20:00,16,10,11,9,20,490,7,"19, GAIN ( LOUIS)",47.46912,-0.54022,Plein jour,En agglomération,Hors intersection,Normale,Deux véhicules - frontale,,,,,,,,,,,1,2,1,1,1.0
201600027734,0016-10-12 16:45:00,16,10,12,16,45,490,7,"0, TARDAT",47.44436,-0.55156,Plein jour,En agglomération,Intersection en X,Normale,Deux véhicules - côté,,,,,,,,,,,1,2,2,1,3.0
201600027735,0016-10-14 15:33:00,16,10,14,15,33,490,7,FAURE QUAI,47.48039,-0.55089,Plein jour,En agglomération,Hors intersection,Normale,Deux véhicules - arrière,,,,,,,,,,,1,2,1,1,2.0
201600027736,0016-10-14 08:35:00,16,10,14,8,35,490,7,"9, BEDIER BOULEVARD",47.4507,-0.55197,Crépuscule ou aube,En agglomération,Hors intersection,Normale,Sans collision,,,,,,,,,,,2,2,1,1,7.0
201600027737,0016-10-15 11:03:00,16,10,15,11,3,490,7,"120, LETANDUERE",47.45861,-0.55433,Plein jour,En agglomération,Hors intersection,Normale,Sans collision,,,,,,,,,,,1,2,1,1,7.0
201600027738,0016-10-14 05:42:00,16,10,14,5,42,490,7,"00, MOULIN PONT ET PLACE",47.49228,-0.5507,Nuit avec éclairage allumé,En agglomération,Autre intersection,Normale,Autre collision,,,,,,,,,,,5,2,9,1,6.0
201600027739,0016-10-17 12:45:00,16,10,17,12,45,490,7,"0, VAUCANSSON",47.48596,-0.54485,Plein jour,En agglomération,Hors intersection,Normale,Deux véhicules - frontale,,,,,,,,,,,1,2,1,1,1.0
201600027740,0016-10-17 18:04:00,16,10,17,18,4,490,7,ARAGON AVENUE,47.47202,-0.56703,Plein jour,En agglomération,Giratoire,Normale,Deux véhicules - frontale,,,,,,,,,,,1,2,6,1,1.0
201600027741,0016-10-18 08:02:00,16,10,18,8,2,490,7,"0, LEBON",47.47789,-0.54604,Plein jour,En agglomération,Intersection à plus de 4 branches,Normale,Deux véhicules - côté,,,,,,,,,,,1,2,5,1,3.0
201600027742,0016-10-20 10:20:00,16,10,20,10,20,490,267,"221, Route d'ANGERS",47.4706,-0.51766,Plein jour,En agglomération,Hors intersection,Normale,Deux véhicules - arrière,,,,,,,,,,,1,2,1,1,2.0
201600027743,0016-10-21 07:50:00,16,10,21,7,50,490,7,PONCHON,47.48993,-0.56611,Plein jour,En agglomération,Giratoire,Normale,Deux véhicules - côté,,,,,,,,,,,1,2,6,1,3.0
201600027744,0016-10-23 20:45:00,16,10,23,20,45,490,7,"0, VOIE DES BERGES",47.47713,-0.55381,Nuit avec éclairage allumé,En agglomération,Hors intersection,Pluie légère,Sans collision,,,,,,,,,,,5,2,1,2,7.0
201600027745,0016-10-24 15:05:00,16,10,24,15,5,490,267,A87N,47.4733,-0.50847,Plein jour,Hors agglomération,Hors intersection,Pluie légère,Sans collision,,,,,,,,,,,1,1,1,2,7.0
201600027746,0016-10-24 12:15:00,16,10,24,12,15,490,246,PERRINS CHEMIN ET VILLAG,47.43711,-0.51454,Plein jour,En agglomération,Hors intersection,Normale,Sans collision,,,,,,,,,,,1,2,1,1,7.0
201600027747,0016-10-24 07:00:00,16,10,24,7,0,490,7,"1, TOUR DES ANGLAIS",47.47833,-0.55548,Crépuscule ou aube,En agglomération,Hors intersection,Normale,Sans collision,,,,,,,,,,,2,2,1,1,7.0
201600027748,0016-10-24 18:45:00,16,10,24,18,45,490,7,POCQUET DE LIVONNIERE,47.47314,-0.54844,Crépuscule ou aube,En agglomération,Intersection en X,Normale,Deux véhicules - côté,,,,,,,,,,,2,2,2,1,3.0
201600027749,0016-10-25 13:41:00,16,10,25,13,41,490,7,"18, THIERS",47.47574,-0.55311,Plein jour,En agglomération,Hors intersection,Normale,Autre collision,,,,,,,,,,,1,2,1,1,6.0
201600027750,0016-10-26 16:08:00,16,10,26,16,8,490,7,"00, FAURE QUAI",47.48071,-0.55077,Plein jour,En agglomération,Hors intersection,Normale,Autre collision,,,,,,,,,,,1,2,1,1,6.0
201600027751,0016-10-25 17:05:00,16,10,25,17,5,490,246,Ch des TROIS PAROISSES,47.44122,-0.54228,Crépuscule ou aube,En agglomération,Hors intersection,Normale,Sans collision,,,,,,,,,,,2,2,1,1,7.0
201600027752,0016-10-25 08:45:00,16,10,25,8,45,490,7,Av DE LATTRE DE TASSIGNY,47.44914,-0.53875,Plein jour,En agglomération,Hors intersection,Normale,Deux véhicules - arrière,,,,,,,,,,,1,2,1,1,2.0
201600027753,0016-10-27 16:50:00,16,10,27,16,50,490,267,Route d'ANGERS,47.47028,-0.51586,Plein jour,En agglomération,Giratoire,Normale,Autre collision,,,,,,,,,,,1,2,6,1,6.0
201600027754,0016-10-28 14:53:00,16,10,28,14,53,490,7,"00, CHATENAY AVENUE VICT",47.48609,-0.51449,Plein jour,En agglomération,Hors intersection,Normale,Trois véhicules et plus - en chaîne,,,,,,,,,,,1,2,1,1,4.0
201600027755,0016-10-23 18:37:00,16,10,23,18,37,490,267,"0, A87N",47.48031,-0.49969,Plein jour,En agglomération,Hors intersection,Normale,Autre collision,,,,,,,,,,,1,2,1,1,6.0
201600027756,0016-10-29 04:07:00,16,10,29,4,7,490,7,ATLANTIQUE  AVENUE DE,47.46956,-0.61175,Nuit avec éclairage allumé,Hors agglomération,Hors intersection,Normale,Autre collision,,,,,,,,,,,5,1,1,1,6.0
201600027757,0016-10-29 17:07:00,16,10,29,17,7,490,7,"100, MONPLAISIR BOULEVAR",47.4867,-0.51492,Plein jour,En agglomération,Hors intersection,Normale,Deux véhicules - côté,,,,,,,,,,,1,2,1,1,3.0
201600027758,0016-10-29 18:16:00,16,10,29,18,16,490,246,LAMARTINE,47.43886,-0.4874,Crépuscule ou aube,En agglomération,Hors intersection,Normale,Autre collision,,,,,,,,,,,2,2,1,1,6.0
201600027759,0016-11-02 07:51:00,16,11,2,7,51,490,7,CHAUVIRE RUE ET SQUARE,47.47214,-0.56724,Crépuscule ou aube,En agglomération,Hors intersection,Normale,Deux véhicules - côté,,,,,,,,,,,2,2,1,1,3.0
201600027760,0016-11-02 08:08:00,16,11,2,8,8,490,7,"75, MADELEINE",47.46213,-0.53969,Crépuscule ou aube,En agglomération,Hors intersection,Normale,Autre collision,,,,,,,,,,,2,2,1,1,6.0
201600027761,0016-11-02 17:54:00,16,11,2,17,54,490,246,"22, PASTEUR",47.41749,-0.52339,Crépuscule ou aube,En agglomération,Hors intersection,Normale,Autre collision,,,,,,,,,,,2,2,1,1,6.0
201600027762,0016-11-03 14:05:00,16,11,3,14,5,490,7,"0, MICHELET",47.46472,-0.54537,Plein jour,En agglomération,Intersection en Y,Normale,Deux véhicules - côté,,,,,,,,,,,1,2,4,1,3.0
201600027763,0016-11-03 18:35:00,16,11,3,18,35,490,7,"32, PORTET BOULEVARD",47.45065,-0.5605,Crépuscule ou aube,En agglomération,Hors intersection,Normale,Trois véhicules et plus - en chaîne,,,,,,,,,,,2,2,1,1,4.0
201600027764,0016-11-03 09:12:00,16,11,3,9,12,490,7,BLANCHOIN BOULEVARD,47.44531,-0.54692,Plein jour,En agglomération,Hors intersection,Normale,Deux véhicules - arrière,,,,,,,,,,,1,2,1,1,2.0
201600027765,0016-11-05 16:00:00,16,11,5,16,0,490,7,BICHON PLACE,47.47863,-0.56179,Plein jour,En agglomération,Hors intersection,Normale,Autre collision,,,,,,,,,,,1,2,1,1,6.0
201600027766,0016-11-05 21:00:00,16,11,5,21,0,490,7,ARNAULD ( HENRI) BD,47.47247,-0.56292,Nuit avec éclairage allumé,En agglomération,Hors intersection,Normale,Autre collision,,,,,,,,,,,5,2,1,1,6.0
201600027767,0016-11-07 18:01:00,16,11,7,18,1,490,7,LINNE,47.44779,-0.54348,Crépuscule ou aube,En agglomération,Intersection en X,Normale,Deux véhicules - côté,,,,,,,,,,,2,2,2,1,3.0
201600027768,0016-11-08 18:40:00,16,11,8,18,40,490,7,COUBERTIN BOULEVARD,47.46061,-0.53271,Nuit avec éclairage allumé,En agglomération,Hors intersection,Normale,Deux véhicules - frontale,,,,,,,,,,,5,2,1,1,1.0
201600027769,0016-11-08 14:05:00,16,11,8,14,5,490,7,CHAMBRE AUX DENIERS R,47.4652,-0.59436,Plein jour,En agglomération,Hors intersection,Normale,Deux véhicules - arrière,,,,,,,,,,,1,2,1,1,2.0
201600027770,0016-11-08 19:45:00,16,11,8,19,45,490,7,BD AYRAULT,47.47632,-0.55055,Nuit avec éclairage allumé,En agglomération,Hors intersection,Normale,Autre collision,,,,,,,,,,,5,2,1,1,6.0
201600027771,0016-11-09 15:24:00,16,11,9,15,24,490,7,BREMONT,47.46592,-0.55953,Plein jour,En agglomération,Hors intersection,Normale,Autre collision,,,,,,,,,,,1,2,1,1,6.0
201600027772,0016-11-09 17:32:00,16,11,9,17,32,490,7,BLANCHOIN BOULEVARD,47.44763,-0.54306,Crépuscule ou aube,En agglomération,Hors intersection,Normale,Autre collision,,,,,,,,,,,2,2,1,1,6.0
201600027773,0016-11-09 18:56:00,16,11,9,18,56,490,7,DROITS DE L'HOMME,47.4782,-0.54826,Nuit avec éclairage allumé,En agglomération,Intersection en X,Normale,Deux véhicules - côté,,,,,,,,,,,5,2,2,1,3.0
201600027774,0016-11-12 10:11:00,16,11,12,10,11,490,7,BOUCHEMAINE ROUTE,47.44792,-0.574,Plein jour,Hors agglomération,Hors intersection,Pluie forte,Deux véhicules - frontale,,,,,,,,,,,1,1,1,3,1.0
201600027775,0016-11-13 23:58:00,16,11,13,23,58,490,7,MONTAIGNE AVENUE,47.43583,-0.51713,Nuit avec éclairage allumé,En agglomération,Hors intersection,Normale,Sans collision,,,,,,,,,,,5,2,1,1,7.0
201600027776,0016-11-13 07:30:00,16,11,13,7,30,490,7,RD 323,47.47406,-0.55599,Nuit avec éclairage allumé,Hors agglomération,Hors intersection,Normale,Sans collision,,,,,,,,,,,5,1,1,1,7.0
201600027777,0016-11-12 13:20:00,16,11,12,13,20,490,7,"136, LETANDUERE",47.4578,-0.55423,Plein jour,En agglomération,Hors intersection,Normale,Sans collision,,,,,,,,,,,1,2,1,1,7.0
201600027778,0016-11-12 19:05:00,16,11,12,19,5,490,353,REPUBLIQUE AVENUE,47.44934,-0.5019,Nuit avec éclairage allumé,En agglomération,Intersection en X,Normale,Sans collision,,,,,,,,,,,5,2,2,1,7.0
201600027779,0016-11-14 08:14:00,16,11,14,8,14,490,267,"0, A87N",47.4651,-0.51654,Plein jour,Hors agglomération,Hors intersection,Normale,Trois véhicules et plus - en chaîne,,,,,,,,,,,1,1,1,1,4.0
201600027780,0016-11-14 07:48:00,16,11,14,7,48,490,7,CAPUCINS SQUARE ET RUE,47.49222,-0.55139,Crépuscule ou aube,En agglomération,Hors intersection,Temps couvert,Autre collision,,,,,,,,,,,2,2,1,8,6.0
201600027781,0016-11-14 07:07:00,16,11,14,7,7,490,7,RUE DE BELLE BEILLE,47.47466,-0.58614,Nuit avec éclairage allumé,En agglomération,Hors intersection,Temps couvert,Autre collision,,,,,,,,,,,5,2,1,8,6.0
201600027782,0016-11-14 07:45:00,16,11,14,7,45,490,7,BEAUSSIER BOULEVARD,47.47316,-0.59815,Nuit avec éclairage allumé,En agglomération,Hors intersection,Temps couvert,Autre collision,,,,,,,,,,,5,2,1,8,6.0
201600027783,0016-11-15 18:11:00,16,11,15,18,11,490,7,Av DE LATTRE DE TASSIGNY,47.44707,-0.5373,Crépuscule ou aube,En agglomération,Hors intersection,Normale,Sans collision,,,,,,,,,,,2,2,1,1,7.0
201600027784,0016-11-17 20:50:00,16,11,17,20,50,490,7,RUE DE LETANDUERE,47.45774,-0.5542,Nuit avec éclairage allumé,En agglomération,Hors intersection,Pluie légère,Sans collision,,,,,,,,,,,5,2,1,2,7.0
201600027785,0016-11-18 16:20:00,16,11,18,16,20,490,7,"10, BEAUSSIER BOULEVARD",47.47874,-0.59824,Plein jour,En agglomération,Hors intersection,Temps éblouissant,Autre collision,,,,,,,,,,,1,2,1,7,6.0
201600027786,0016-11-18 15:42:00,16,11,18,15,42,490,353,"17, REPUBLIQUE AVENUE",47.44598,-0.49411,Plein jour,En agglomération,Hors intersection,Normale,Deux véhicules - frontale,,,,,,,,,,,1,2,1,1,1.0
201600027787,0016-11-18 12:50:00,16,11,18,12,50,490,7,CHAUMIN BOULEVARD,47.45065,-0.5552,Plein jour,En agglomération,Hors intersection,Normale,Trois véhicules et plus - en chaîne,,,,,,,,,,,1,2,1,1,4.0
201600027788,0016-11-18 15:05:00,16,11,18,15,5,490,7,CHAMBRE AUX DENIERS R,47.46558,-0.59962,Plein jour,En agglomération,Giratoire,Normale,Autre collision,,,,,,,,,,,1,2,6,1,6.0
201600027789,0016-11-19 11:37:00,16,11,19,11,37,490,7,CHURCHILL AVENUE,47.44908,-0.55943,Plein jour,En agglomération,Giratoire,Normale,Autre collision,,,,,,,,,,,1,2,6,1,6.0
201600027790,0016-11-22 09:10:00,16,11,22,9,10,490,353,REPUBLIQUE AVENUE,47.44834,-0.501,Plein jour,En agglomération,Hors intersection,Normale,Autre collision,,,,,,,,,,,1,2,1,1,6.0
201600027791,0016-11-23 07:50:00,16,11,23,7,50,490,15,POMPIDOU AVENUE GEORGES,47.49143,-0.59157,Nuit avec éclairage allumé,En agglomération,Hors intersection,Pluie forte,Autre collision,,,,,,,,,,,5,2,1,3,6.0
201600027792,0016-11-27 22:30:00,16,11,27,22,30,490,7,RD 323,47.46525,-0.56927,Nuit avec éclairage allumé,Hors agglomération,Hors intersection,Normale,Deux véhicules - arrière,,,,,,,,,,,5,1,1,1,2.0
201600027793,0016-11-27 16:06:00,16,11,27,16,6,490,7,TURPIN DE CRISSE AVENUE,47.46521,-0.55421,Plein jour,En agglomération,Hors intersection,Normale,Deux véhicules - frontale,,,,,,,,,,,1,2,1,1,1.0
201600027794,0016-11-30 14:00:00,16,11,30,14,0,490,7,LAC DE MAINE AVENUE,47.45753,-0.59712,Plein jour,En agglomération,Hors intersection,Normale,Deux véhicules - arrière,,,,,,,,,,,1,2,1,1,2.0
201600027795,0016-11-30 09:07:00,16,11,30,9,7,490,7,JONCHERES SQUARE,47.44987,-0.56212,Plein jour,En agglomération,Hors intersection,Normale,Autre collision,,,,,,,,,,,1,2,1,1,6.0
201600027796,0016-11-30 23:00:00,16,11,30,23,0,490,267,A87N,47.43755,-0.50949,Nuit sans éclairage public,Hors agglomération,Hors intersection,Normale,Autre collision,,,,,,,,,,,3,1,1,1,6.0
201600027797,0016-12-01 09:12:00,16,12,1,9,12,490,7,"0, LAKANAL",47.47712,-0.59896,Plein jour,En agglomération,Giratoire,Normale,Deux véhicules - côté,,,,,,,,,,,1,2,6,1,3.0
201600027798,0016-12-01 09:12:00,16,12,1,9,12,490,7,"00, PICARDIE",47.4826,-0.53064,Plein jour,En agglomération,Intersection en X,Temps couvert,Deux véhicules - côté,,,,,,,,,,,1,2,2,8,3.0
201600027799,0016-12-01 12:15:00,16,12,1,12,15,490,246,"12, MOULIN MARCILLE CHEM",47.43762,-0.50607,Plein jour,Hors agglomération,Hors intersection,Temps couvert,Trois véhicules et plus - en chaîne,,,,,,,,,,,1,1,1,8,4.0
201600027800,0016-12-01 08:50:00,16,12,1,8,50,490,267,A87N,47.46126,-0.51737,Plein jour,Hors agglomération,Hors intersection,Temps couvert,Trois véhicules et plus - en chaîne,,,,,,,,,,,1,1,1,8,4.0
201600027801,0016-12-04 02:55:00,16,12,4,2,55,490,267,,47.4696,-0.51142,Nuit avec éclairage allumé,Hors agglomération,Hors intersection,Normale,Deux véhicules - arrière,,,,,,,,,,,5,1,1,1,2.0
201600027802,0016-12-02 09:28:00,16,12,2,9,28,490,353,"54, REPUBLIQUE AVENUE",47.4462,-0.49657,Plein jour,En agglomération,Hors intersection,Temps couvert,Autre collision,,,,,,,,,,,1,2,1,8,6.0
201600027803,0016-12-02 14:40:00,16,12,2,14,40,490,7,Voies des berges,47.48583,-0.54779,Plein jour,En agglomération,Hors intersection,Temps couvert,Autre collision,,,,,,,,,,,1,2,1,8,6.0
201600027804,0016-12-02 10:10:00,16,12,2,10,10,490,15,"12, CHAMP DES MARTYRS CH",47.49175,-0.57932,Plein jour,En agglomération,Hors intersection,Temps couvert,Autre collision,,,,,,,,,,,1,2,1,8,6.0
201600027805,0016-12-04 19:39:00,16,12,4,19,39,490,15,"00, MENDES FRANCE AVENUE",47.49278,-0.57764,Nuit avec éclairage allumé,En agglomération,Hors intersection,Autre,Autre collision,,,,,,,,,,,5,2,1,9,6.0
201600027806,0016-12-02 18:00:00,16,12,2,18,0,490,267,A87N,47.42612,-0.50413,Nuit sans éclairage public,Hors agglomération,Hors intersection,Temps couvert,Deux véhicules - arrière,,,,,,,,,,,3,1,1,8,2.0
201600027807,0016-12-05 08:00:00,16,12,5,8,0,490,7,"00, RAMON BOULEVARD",47.48739,-0.5408,Nuit avec éclairage allumé,En agglomération,Hors intersection,Temps couvert,Autre collision,,,,,,,,,,,5,2,1,8,6.0
201600027808,0016-12-05 12:40:00,16,12,5,12,40,490,7,"0, LEROY PLACE",47.46492,-0.54888,Plein jour,En agglomération,Giratoire,Normale,Autre collision,,,,,,,,,,,1,2,6,1,6.0
201600027809,0016-12-06 06:50:00,16,12,6,6,50,490,7,"0, GARE PLACE",47.46508,-0.55714,Nuit avec éclairage allumé,En agglomération,Hors intersection,Normale,Deux véhicules - côté,,,,,,,,,,,5,2,1,1,3.0
201600027810,0016-12-05 11:47:00,16,12,5,11,47,490,7,"137, PASTEUR AVENUE",47.47492,-0.53586,Plein jour,En agglomération,Hors intersection,Normale,Autre collision,,,,,,,,,,,1,2,1,1,6.0
201600027811,0016-12-05 08:48:00,16,12,5,8,48,490,7,"162, BARRE CITE ET RUE",47.4724,-0.59708,Plein jour,En agglomération,Hors intersection,Normale,Autre collision,,,,,,,,,,,1,2,1,1,6.0
201600027812,0016-12-06 14:15:00,16,12,6,14,15,490,353,"01, PONTS DE CE",47.44198,-0.49361,Plein jour,En agglomération,Hors intersection,Normale,Sans collision,,,,,,,,,,,1,2,1,1,7.0
201600027813,0016-12-06 09:25:00,16,12,6,9,25,490,353,PASTEUR,47.44555,-0.46645,Plein jour,En agglomération,Hors intersection,Normale,Autre collision,,,,,,,,,,,1,2,1,1,6.0
201600027814,0016-12-06 17:00:00,16,12,6,17,0,490,7,"0, DESBOIS",47.47606,-0.52842,Plein jour,En agglomération,Intersection en X,Normale,Sans collision,,,,,,,,,,,1,2,2,1,7.0
201600027815,0016-12-06 18:43:00,16,12,6,18,43,490,15,ETANG ROUTE,47.50561,-0.60234,Nuit avec éclairage allumé,En agglomération,Hors intersection,Temps couvert,Deux véhicules - arrière,,,,,,,,,,,5,2,1,8,2.0
201600027816,0016-12-07 08:10:00,16,12,7,8,10,490,7,"00, AMBROISE PARE",47.47589,-0.57387,Crépuscule ou aube,En agglomération,Hors intersection,Normale,Autre collision,,,,,,,,,,,2,2,1,1,6.0
201600027817,0016-12-07 07:40:00,16,12,7,7,40,490,7,MAITRE ECOLE,47.46493,-0.52454,Nuit avec éclairage allumé,En agglomération,Hors intersection,Normale,Sans collision,,,,,,,,,,,5,2,1,1,7.0
201600027818,0016-12-08 11:57:00,16,12,8,11,57,490,7,"189, SAINT LEONARD",47.4617,-0.53224,Plein jour,En agglomération,Hors intersection,Normale,Deux véhicules - frontale,,,,,,,,,,,1,2,1,1,1.0
201600027819,0016-12-08 22:45:00,16,12,8,22,45,490,15,D775,47.50112,-0.621,Nuit sans éclairage public,Hors agglomération,Hors intersection,Normale,Sans collision,,,,,,,,,,,3,1,1,1,7.0
201600027820,0016-12-08 17:45:00,16,12,8,17,45,490,7,"07, ALSACE",47.47015,-0.55021,Plein jour,En agglomération,Hors intersection,Normale,Autre collision,,,,,,,,,,,1,2,1,1,6.0
201600027821,0016-12-10 14:10:00,16,12,10,14,10,490,7,"42, RABELAIS",47.46223,-0.54732,Plein jour,En agglomération,Hors intersection,Normale,Trois véhicules et plus - en chaîne,,,,,,,,,,,1,2,1,1,4.0
201600027822,0016-12-12 13:35:00,16,12,12,13,35,490,7,CHATENAY AVENUE VICTOR,47.48634,-0.51417,Plein jour,En agglomération,Intersection en X,Normale,Deux véhicules - côté,,,,,,,,,,,1,2,2,1,3.0
201600027823,0016-12-12 15:01:00,16,12,12,15,1,490,7,PORTET BOULEVARD,47.45052,-0.56019,Plein jour,En agglomération,Autre intersection,Normale,Autre collision,,,,,,,,,,,1,2,9,1,6.0
201600027824,0016-12-09 13:04:00,16,12,9,13,4,490,7,BEAUSSIER BOULEVARD,47.47824,-0.59851,Plein jour,En agglomération,Hors intersection,Normale,Autre collision,,,,,,,,,,,1,2,1,1,6.0
201600027825,0016-12-15 15:35:00,16,12,15,15,35,490,7,"55, PORTET BOULEVARD",47.45148,-0.56205,Plein jour,En agglomération,Hors intersection,Normale,Autre collision,,,,,,,,,,,1,2,1,1,6.0
201600027826,0016-12-15 07:32:00,16,12,15,7,32,490,7,ACADEMIE PLACE,47.46776,-0.55911,Nuit avec éclairage non allumé,En agglomération,Hors intersection,Normale,Autre collision,,,,,,,,,,,4,2,1,1,6.0
201600027827,0016-12-09 16:58:00,16,12,9,16,58,490,7,EPINARD ROUTE,47.49062,-0.56266,Plein jour,En agglomération,Intersection en T,Normale,Deux véhicules - arrière,,,,,,,,,,,1,2,3,1,2.0
201600027828,0016-12-13 11:43:00,16,12,13,11,43,490,7,CAPUCINS SQUARE ET RUE,47.48789,-0.55408,Plein jour,En agglomération,Giratoire,Normale,Deux véhicules - côté,,,,,,,,,,,1,2,6,1,3.0
201600027829,0016-12-16 17:50:00,16,12,16,17,50,490,267,A87N,47.40365,-0.51034,Crépuscule ou aube,Hors agglomération,Hors intersection,Normale,Deux véhicules - arrière,,,,,,,,,,,2,1,1,1,2.0
201600027830,0016-12-17 20:15:00,16,12,17,20,15,490,7,RAFFOUX CHEMIN,47.50527,-0.5697,Nuit avec éclairage allumé,Hors agglomération,Giratoire,Normale,Deux véhicules - arrière,,,,,,,,,,,5,1,6,1,2.0
201600027831,0016-12-13 10:16:00,16,12,13,10,16,490,7,"23, PLANTAGENET",47.47277,-0.5549,Plein jour,En agglomération,Hors intersection,Normale,Autre collision,,,,,,,,,,,1,2,1,1,6.0
201600027832,0016-12-17 10:29:00,16,12,17,10,29,490,7,SAINT MICHEL BOULEVARD,47.47364,-0.54075,Plein jour,En agglomération,Hors intersection,Normale,Autre collision,,,,,,,,,,,1,2,1,1,6.0
201600027833,0016-12-14 19:10:00,16,12,14,19,10,490,7,DUPETIT THOUARS,47.46242,-0.55249,Nuit avec éclairage allumé,En agglomération,Hors intersection,Normale,Autre collision,,,,,,,,,,,5,2,1,1,6.0
201600027834,0016-12-14 16:30:00,16,12,14,16,30,490,7,CAMUS BOULEVARD,47.4835,-0.57606,Plein jour,En agglomération,Hors intersection,Normale,Autre collision,,,,,,,,,,,1,2,1,1,6.0
201600027835,0016-12-20 15:00:00,16,12,20,15,0,490,7,EBLE,47.45438,-0.56774,Plein jour,En agglomération,Autre intersection,Normale,Deux véhicules - côté,,,,,,,,,,,1,2,9,1,3.0
201600027836,0016-12-20 09:09:00,16,12,20,9,9,490,7,SEURAT,47.46024,-0.61514,Plein jour,En agglomération,Hors intersection,Normale,Autre collision,,,,,,,,,,,1,2,1,1,6.0
201600027837,0016-12-20 09:45:00,16,12,20,9,45,490,15,SCHWEITZER RUE ALBERT,47.50341,-0.58892,Plein jour,En agglomération,Hors intersection,Normale,Autre collision,,,,,,,,,,,1,2,1,1,6.0
201600027838,0016-12-24 10:40:00,16,12,24,10,40,490,7,"70, RECOUVREUR",47.45235,-0.55909,Plein jour,En agglomération,Intersection en X,Normale,Autre collision,,,,,,,,,,,1,2,2,1,6.0
201600027839,0016-12-23 11:27:00,16,12,23,11,27,490,7,VISITATION PLACE,47.46672,-0.55713,Plein jour,En agglomération,Hors intersection,Brouillard / fumée,Autre collision,,,,,,,,,,,1,2,1,5,6.0
201600027840,0016-12-23 12:05:00,16,12,23,12,5,490,7,LIZE,47.49228,-0.55196,Plein jour,En agglomération,Hors intersection,Brouillard / fumée,Autre collision,,,,,,,,,,,1,2,1,5,6.0
201600027841,0016-12-26 11:50:00,16,12,26,11,50,490,7,BAUMETTE CHEMIN,47.46526,-0.56986,Plein jour,Hors agglomération,Hors intersection,Temps couvert,Autre collision,,,,,,,,,,,1,1,1,8,6.0
201600027842,0016-12-26 14:15:00,16,12,26,14,15,490,7,BARANGE BOULEVARD,47.45745,-0.57253,Plein jour,Hors agglomération,Hors intersection,Temps couvert,Autre collision,,,,,,,,,,,1,1,1,8,6.0
201600027843,0016-12-26 12:50:00,16,12,26,12,50,490,246,"7, GAULLE RUE CHARLES DE",47.4246,-0.52496,Plein jour,En agglomération,Hors intersection,Temps couvert,Deux véhicules - frontale,,,,,,,,,,,1,2,1,8,1.0
201600027844,0016-12-27 11:45:00,16,12,27,11,45,490,7,JOXE AVENUE,47.48259,-0.54223,Plein jour,En agglomération,Hors intersection,Normale,Autre collision,,,,,,,,,,,1,2,1,1,6.0
201600027845,0016-12-27 19:59:00,16,12,27,19,59,490,7,PONTS DE CE,47.44863,-0.53665,Nuit avec éclairage allumé,En agglomération,Intersection en X,Temps couvert,Autre collision,,,,,,,,,,,5,2,2,8,6.0
201600027846,0016-12-07 18:18:00,16,12,7,18,18,490,99,"21, BORDAGE MARC (RUE DU",47.05654,-0.87375,Nuit avec éclairage allumé,En agglomération,Hors intersection,Normale,Deux véhicules - frontale,,,,,,,,,,,5,2,1,1,1.0
201600027847,0016-12-12 07:40:00,16,12,12,7,40,490,99,Rue du Marechal LYAUTEY,47.05557,-0.86474,Crépuscule ou aube,En agglomération,Intersection en T,Pluie légère,Autre collision,,,,,,,,,,,2,2,3,2,6.0
201600027848,0016-12-08 17:20:00,16,12,8,17,20,490,99,"7, EUGENE BREMOND (RUE)",47.07083,-0.90345,Plein jour,En agglomération,Hors intersection,Normale,Deux véhicules - arrière,,,,,,,,,,,1,2,1,1,2.0
201600027849,0016-10-31 17:00:00,16,10,31,17,0,490,99,"4, BOCAGE (RUE DU)",47.05331,-0.86442,Plein jour,En agglomération,Hors intersection,Normale,Autre collision,,,,,,,,,,,1,2,1,1,6.0
201600027850,0016-12-13 19:26:00,16,12,13,19,26,490,99,"7, SOIXANTE DIX SEPTEME",47.06498,-0.87026,Crépuscule ou aube,En agglomération,Giratoire,Pluie légère,Autre collision,,,,,,,,,,,2,2,6,2,6.0
201600027851,0016-01-05 09:00:00,16,1,5,9,0,490,99,MOCRAT(AVENUE DE),47.062,-0.89703,Plein jour,En agglomération,Hors intersection,Temps couvert,Deux véhicules - côté,,,,,,,,,,,1,2,1,8,3.0
201600027852,0016-03-10 15:45:00,16,3,10,15,45,490,99,COUBERTIN (BOULEVARD PIE,47.0501,-0.87192,Plein jour,En agglomération,Giratoire,Normale,Deux véhicules - arrière,,,,,,,,,,,1,2,6,1,2.0
201600027853,0016-01-26 17:05:00,16,1,26,17,5,490,99,"23, ALSACE (RUE D')",47.06829,-0.88339,Plein jour,En agglomération,Hors intersection,Temps éblouissant,Deux véhicules - arrière,,,,,,,,,,,1,2,1,7,2.0
201600027854,0016-01-13 17:00:00,16,1,13,17,0,490,99,Rue de St Antoine,47.04852,-0.9179,Plein jour,Hors agglomération,Intersection en T,Normale,Deux véhicules - frontale,,,,,,,,,,,1,1,3,1,1.0