accident_id,datetime,annee,mois,jour,heure,minute,departement,commune_insee,adresse,latitude,longitude,luminosite,agglomeration,intersection,meteo,collision,nb_vehicules,nb_usagers,nb_indemnes,nb_tues,nb_blesses_hosp,nb_blesses_legers,age_cond_1,age_cond_2,veh_type_cond_1,veh_type_cond_2,lum_code,agg_code,int_code,atm_code,col_code
201600027855,0016-03-05 14:30:00,16,3,5,14,30,490,99,PORTE BARON (RUE DE LA),47.05254,-0.86937,Plein jour,En agglomération,Intersection en T,Temps couvert,Deux véhicules - côté,,,,,,,,,,,1,2,3,8,3.0
201600027856,0016-01-07 14:25:00,16,1,7,14,25,490,99,"27, MICHELET(AVENUE EDMO",47.07285,-0.84572,Plein jour,En agglomération,Hors intersection,Normale,Sans collision,,,,,,,,,,,1,2,1,1,7.0
201600027857,0016-01-29 15:10:00,16,1,29,15,10,490,99,AMBOISE (RUE D'),47.05432,-0.89379,Plein jour,En agglomération,Intersection en X,Temps couvert,Deux véhicules - côté,,,,,,,,,,,1,2,2,8,3.0
201600027858,0016-01-23 01:40:00,16,1,23,1,40,490,99,BOIS LAVAU (BOULEVARD DE,47.07547,-0.89107,Nuit sans éclairage public,Hors agglomération,Hors intersection,Temps couvert,Autre collision,,,,,,,,,,,3,1,1,8,6.0
201600027859,0016-02-10 07:50:00,16,2,10,7,50,490,99,BOIS LAVAU (BOULEVARD DE,47.07483,-0.87843,Plein jour,En agglomération,Hors intersection,Temps couvert,Deux véhicules - côté,,,,,,,,,,,1,2,1,8,3.0
201600027860,0016-03-30 16:25:00,16,3,30,16,25,490,99,ENCYCLOPEDIE (RUE DE L'),47.04207,-0.88512,Plein jour,En agglomération,Intersection en X,Normale,Deux véhicules - côté,,,,,,,,,,,1,2,2,1,3.0
201600027861,0016-04-11 09:45:00,16,4,11,9,45,490,99,VC 6,47.07751,-0.85702,Plein jour,Hors agglomération,Hors intersection,Normale,Autre collision,,,,,,,,,,,1,1,1,1,6.0
201600027862,0016-04-20 18:04:00,16,4,20,18,4,490,99,"5, BD JEANNE-D'ARC",47.06377,-0.86685,Plein jour,En agglomération,Hors intersection,Normale,Deux véhicules - côté,,,,,,,,,,,1,2,1,1,3.0
201600027863,0016-05-09 17:25:00,16,5,9,17,25,490,99,"15, DELHUMEAU PLESSIS",47.05764,-0.87892,Plein jour,En agglomération,Hors intersection,Normale,Autre collision,,,,,,,,,,,1,2,1,1,6.0
201600027864,0016-05-29 09:40:00,16,5,29,9,40,490,99,TRAVOT (PLACE ),47.06179,-0.88045,Plein jour,En agglomération,Place,Normale,Trois véhicules et plus - en chaîne,,,,,,,,,,,1,2,7,1,4.0
201600027865,0016-06-27 19:05:00,16,6,27,19,5,490,99,LORRAINE (RUE DE),47.0561,-0.86085,Plein jour,En agglomération,Hors intersection,Normale,Deux véhicules - côté,,,,,,,,,,,1,2,1,1,3.0
201600027866,0016-07-11 07:35:00,16,7,11,7,35,490,99,JAURES (RUE JEAN),47.06327,-0.885,Plein jour,En agglomération,Hors intersection,Normale,Deux véhicules - frontale,,,,,,,,,,,1,2,1,1,1.0
201600027867,0016-06-19 08:30:00,16,6,19,8,30,490,99,PASTEUR (RUE LOUIS),47.06303,-0.89241,Plein jour,En agglomération,Intersection en X,Normale,Deux véhicules - côté,,,,,,,,,,,1,2,2,1,3.0
201600027868,0016-06-20 02:20:00,16,6,20,2,20,490,99,AIGLES ( ALLEES DES),47.0453,-0.90096,Nuit avec éclairage allumé,En agglomération,Hors intersection,Normale,Autre collision,,,,,,,,,,,5,2,1,1,6.0
201600027869,0016-07-28 16:40:00,16,7,28,16,40,490,99,PASTEUR (RUE LOUIS),47.06537,-0.89429,Plein jour,En agglomération,Intersection en T,Normale,Deux véhicules - côté,,,,,,,,,,,1,2,3,1,3.0
201600027870,0016-08-06 19:15:00,16,8,6,19,15,490,99,"94, NAPLES (RUE DE)",47.03671,-0.8617,Plein jour,En agglomération,Hors intersection,Normale,Deux véhicules - frontale,,,,,,,,,,,1,2,1,1,1.0
201600027871,0016-07-18 16:40:00,16,7,18,16,40,490,99,BOIS LAVAU (BOULEVARD DE,47.07481,-0.87842,Plein jour,Hors agglomération,Hors intersection,Normale,Deux véhicules - arrière,,,,,,,,,,,1,1,1,1,2.0
201600027872,0016-08-16 08:45:00,16,8,16,8,45,490,99,RD 20,47.05003,-0.84436,Plein jour,Hors agglomération,Hors intersection,Normale,Deux véhicules - frontale,,,,,,,,,,,1,1,1,1,1.0
201600027873,0016-09-08 15:55:00,16,9,8,15,55,490,99,CHOUTEAU (BOULEVARD GUY),47.06726,-0.88739,Plein jour,En agglomération,Hors intersection,Normale,Autre collision,,,,,,,,,,,1,2,1,1,6.0
201600027874,0016-09-12 16:15:00,16,9,12,16,15,490,99,RONTARDIERE (BOULEVARD D,45.05779,-0.85688,Plein jour,En agglomération,Hors intersection,Normale,Trois véhicules et plus - en chaîne,,,,,,,,,,,1,2,1,1,4.0
201600027875,0016-08-31 18:05:00,16,8,31,18,5,490,99,Bd DELHUMEAU PLESSIS,47.05804,-0.87941,Plein jour,En agglomération,Intersection en X,Normale,Autre collision,,,,,,,,,,,1,2,2,1,6.0
201600027876,0016-09-11 08:25:00,16,9,11,8,25,490,99,"80, MUTUALITE (RUE DE LA",47.05671,-0.89366,Plein jour,En agglomération,Hors intersection,Normale,Autre collision,,,,,,,,,,,1,2,1,1,6.0
201600027877,0016-10-01 00:55:00,16,10,1,0,55,490,99,TOURAINE (BOULEVARD DE),47.07227,-0.85691,Nuit avec éclairage allumé,En agglomération,Hors intersection,Pluie légère,Autre collision,,,,,,,,,,,5,2,1,2,6.0
201600027878,0016-10-26 07:50:00,16,10,26,7,50,490,99,GIRARDIERE (RUE DE LA),47.04447,-0.89951,Crépuscule ou aube,En agglomération,Hors intersection,Normale,Autre collision,,,,,,,,,,,2,2,1,1,6.0
201600027879,0016-11-04 08:30:00,16,11,4,8,30,490,99,VENDEE (RUE DE LA ),47.05408,-0.88996,Plein jour,En agglomération,Hors intersection,Normale,Autre collision,,,,,,,,,,,1,2,1,1,6.0
201600027880,0016-11-04 13:30:00,16,11,4,13,30,490,99,TOURAINE (BOULEVARD DE),47.07241,-0.85573,Plein jour,En agglomération,Hors intersection,Normale,Trois véhicules et plus - en chaîne,,,,,,,,,,,1,2,1,1,4.0
201600027881,0016-11-21 14:10:00,16,11,21,14,10,490,99,St PIERRE (RUE DE ),47.06031,-0.87435,Plein jour,En agglomération,Intersection en T,Pluie légère,Deux véhicules - côté,,,,,,,,,,,1,2,3,2,3.0
201600027882,0016-11-22 16:45:00,16,11,22,16,45,490,99,PORTE BARON (RUE DE LA),47.05263,-0.86937,Plein jour,En agglomération,Intersection en X,Normale,Deux véhicules - côté,,,,,,,,,,,1,2,2,1,3.0
201600027883,0016-11-18 13:52:00,16,11,18,13,52,490,99,RONTARDIERE (BOULEVARD),47.05801,-0.85678,Plein jour,En agglomération,Hors intersection,Pluie légère,Sans collision,,,,,,,,,,,1,2,1,2,7.0
201600027884,0016-11-12 12:20:00,16,11,12,12,20,490,99,LORRAINE (RUE DE),47.0579,-0.86413,Plein jour,En agglomération,Intersection en X,Pluie légère,Deux véhicules - côté,,,,,,,,,,,1,2,2,2,3.0
201600027885,0016-11-18 02:10:00,16,11,18,2,10,490,99,"78, bd Gustave Richard",47.06521,-0.8815,Nuit avec éclairage allumé,En agglomération,Hors intersection,Pluie légère,Autre collision,,,,,,,,,,,5,2,1,2,6.0
201600027886,0016-11-12 18:42:00,16,11,12,18,42,490,99,MONDEMENT(RUE DE),47.06343,-0.87758,Crépuscule ou aube,En agglomération,Hors intersection,Temps couvert,Autre collision,,,,,,,,,,,2,2,1,8,6.0
201600027887,0016-10-28 13:55:00,16,10,28,13,55,490,99,"148, LECLERC (AVENUE DU",47.06845,-0.85469,Plein jour,En agglomération,Hors intersection,Normale,Deux véhicules - côté,,,,,,,,,,,1,2,1,1,3.0
201600027888,0016-01-09 05:50:00,16,1,9,5,50,490,328,"125, DUNANT (BOULEVARD H",47.26728,-0.08594,Nuit avec éclairage allumé,En agglomération,Hors intersection,Normale,Autre collision,,,,,,,,,,,5,2,1,1,6.0
201600027889,0016-12-22 12:35:00,16,12,22,12,35,490,328,"195, DUNANT (BOULEVARD H",47.26769,-0.08641,Plein jour,En agglomération,Hors intersection,Normale,Deux véhicules - frontale,,,,,,,,,,,1,2,1,1,1.0
201600027890,0016-01-23 21:50:00,16,1,23,21,50,490,328,PEUPLERAIES (AVENUE DES),47.24678,-0.08929,Nuit avec éclairage allumé,En agglomération,Giratoire,Normale,Sans collision,,,,,,,,,,,5,2,6,1,7.0
201600027891,0016-01-29 17:30:00,16,1,29,17,30,490,328,612 MONTSOREAU (ROUTE),47.23942,-0.01626,Plein jour,Hors agglomération,Hors intersection,Normale,Deux véhicules - frontale,,,,,,,,,,,1,1,1,1,1.0
201600027892,0016-11-18 20:05:00,16,11,18,20,5,490,328,ROCADE RD 347,47.24749,-0.10511,Nuit sans éclairage public,Hors agglomération,Hors intersection,Normale,Sans collision,,,,,,,,,,,3,1,1,1,7.0
201600027893,0016-01-31 13:00:00,16,1,31,13,0,490,328,TRESOR (ROUTE DU),47.26447,-0.11941,Plein jour,Hors agglomération,Hors intersection,Normale,Deux véhicules - frontale,,,,,,,,,,,1,1,1,1,1.0
201600027894,0016-05-18 16:50:00,16,5,18,16,50,490,328,ROUEN (RUE DE),47.26823,-0.06864,Plein jour,En agglomération,Hors intersection,Normale,Deux véhicules - côté,,,,,,,,,,,1,2,1,1,3.0
201600027895,0016-05-19 14:00:00,16,5,19,14,0,490,328,FUSILLES (AVENUE DES) N,47.28002,-0.05531,Plein jour,En agglomération,Hors intersection,Normale,Deux véhicules - arrière,,,,,,,,,,,1,2,1,1,2.0
201600027896,0016-06-01 11:55:00,16,6,1,11,55,490,328,CARROUSEL (ROND-POINT DU,47.26589,-0.09459,Plein jour,En agglomération,Hors intersection,Normale,Deux véhicules - côté,,,,,,,,,,,1,2,1,1,3.0
201600027897,0016-06-10 14:00:00,16,6,10,14,0,490,328,"103, FOUCHARD (RUE DU PO",47.24407,-0.09642,Plein jour,En agglomération,Hors intersection,Normale,Deux véhicules - côté,,,,,,,,,,,1,2,1,1,3.0
201600027898,0016-06-21 07:50:00,16,6,21,7,50,490,328,PETITE FONTAINE (RUE DE,47.27219,-0.12786,Plein jour,Hors agglomération,Intersection en X,Pluie légère,Deux véhicules - côté,,,,,,,,,,,1,1,2,2,3.0
201600027899,0016-06-25 10:40:00,16,6,25,10,40,490,328,FOUCHARD (RUE DU PONT),47.25197,-0.08745,Plein jour,En agglomération,Hors intersection,Normale,Deux véhicules - arrière,,,,,,,,,,,1,2,1,1,2.0
201600027900,0016-07-10 10:55:00,16,7,10,10,55,490,328,ROCADE N 347,47.24078,-0.11104,Plein jour,Hors agglomération,Hors intersection,Normale,Trois véhicules et plus - collisions multiples,,,,,,,,,,,1,1,1,1,5.0
201600027901,0016-07-13 18:10:00,16,7,13,18,10,490,328,BOUMOIS (RUE DE),47.2818,-0.08727,Plein jour,En agglomération,Hors intersection,Normale,Deux véhicules - frontale,,,,,,,,,,,1,2,1,1,1.0
201600027902,0016-07-20 19:05:00,16,7,20,19,5,490,328,"0, HOCHE (RUE)",47.25311,-0.08047,Plein jour,Hors agglomération,Giratoire,Normale,Deux véhicules - frontale,,,,,,,,,,,1,1,6,1,1.0
201600027903,0016-07-22 20:00:00,16,7,22,20,0,490,328,"139, ROUEN (RUE DE)",47.27411,-0.06196,Plein jour,En agglomération,Hors intersection,Normale,Autre collision,,,,,,,,,,,1,2,1,1,6.0
201600027904,0016-11-18 20:50:00,16,11,18,20,50,490,328,TOURS (ROUTE DE),47.26274,-0.05415,Nuit sans éclairage public,Hors agglomération,Hors intersection,Normale,Sans collision,,,,,,,,,,,3,1,1,1,7.0
201600027905,0016-08-14 17:55:00,16,8,14,17,55,490,328,LAMARTINE (RUE),47.24983,-0.06587,Plein jour,En agglomération,Intersection en T,Normale,Deux véhicules - frontale,,,,,,,,,,,1,2,3,1,1.0
201600027906,0016-08-14 09:30:00,16,8,14,9,30,490,328,RESISTANCE (PLACE DE LA),47.26732,-0.06973,Plein jour,En agglomération,Hors intersection,Normale,Deux véhicules - côté,,,,,,,,,,,1,2,1,1,3.0
201600027907,0016-08-14 22:00:00,16,8,14,22,0,490,328,CADETS (PONT DES),47.26634,-0.07092,Nuit avec éclairage allumé,En agglomération,Hors intersection,Normale,Sans collision,,,,,,,,,,,5,2,1,1,7.0
201600027908,0016-09-08 18:05:00,16,9,8,18,5,490,328,DELESSERT (BOULEVARD,47.25885,-0.08862,Plein jour,En agglomération,Hors intersection,Normale,Autre collision,,,,,,,,,,,1,2,1,1,6.0
201600027909,0016-09-09 17:15:00,16,9,9,17,15,490,328,"53, POMPIDOU (AVENUE GEO",47.26469,-0.09816,Plein jour,En agglomération,Hors intersection,Normale,Autre collision,,,,,,,,,,,1,2,1,1,6.0
201600027910,0016-10-05 10:10:00,16,10,5,10,10,490,328,DELESSERT (BOULEVARD BEN,47.25752,-0.08803,Plein jour,En agglomération,Hors intersection,Normale,Deux véhicules - côté,,,,,,,,,,,1,2,1,1,3.0
201600027911,0016-10-12 12:15:00,16,10,12,12,15,490,328,HOCHE (RUE),47.25306,-0.08205,Plein jour,En agglomération,Hors intersection,Normale,Deux véhicules - côté,,,,,,,,,,,1,2,1,1,3.0
201600027912,0016-11-30 10:10:00,16,11,30,10,10,490,328,ARCHE DOREE (PLACE DE L',47.25642,-0.07885,Plein jour,En agglomération,Hors intersection,Normale,Autre collision,,,,,,,,,,,1,2,1,1,6.0
201600027913,0016-11-26 19:25:00,16,11,26,19,25,490,328,MUSEE DU MOTEUR (RD-POIN,47.25192,-0.08737,Nuit avec éclairage allumé,En agglomération,Giratoire,Normale,Autre collision,,,,,,,,,,,5,2,6,1,6.0
201600027914,0016-12-08 13:45:00,16,12,8,13,45,490,328,FONTEVRAUD (ROUTE DE),47.24434,-0.06958,Plein jour,En agglomération,Intersection en X,Normale,Deux véhicules - côté,,,,,,,,,,,1,2,2,1,3.0
201600027915,0016-12-08 20:25:00,16,12,8,20,25,490,328,MUSEE DU MOTEUR (RD-POIN,47.25201,-0.08734,Nuit avec éclairage allumé,En agglomération,Giratoire,Normale,Deux véhicules - côté,,,,,,,,,,,5,2,6,1,3.0
201600027916,0016-12-17 11:20:00,16,12,17,11,20,490,328,TARGE (PLACE ALLAIN),47.25696,-0.06925,Plein jour,En agglomération,Hors intersection,Brouillard / fumée,Deux véhicules - côté,,,,,,,,,,,1,2,1,5,3.0
201600027917,0016-01-02 11:20:00,16,1,2,11,20,500,129,BD DE L'ATLANTIQUE,49.6226,-1.63886,Plein jour,Hors agglomération,Hors intersection,Pluie forte,Autre collision,,,,,,,,,,,1,1,1,3,6.0
201600027918,0016-12-31 14:00:00,16,12,31,14,0,500,602,RUE DE BECQUECAL,49.6317,-1.56152,Plein jour,En agglomération,Hors intersection,Normale,Sans collision,,,,,,,,,,,1,2,1,1,7.0
201600027919,0016-01-04 13:00:00,16,1,4,13,0,500,129,ROND POINT MINERVE,49.6424,-1.6157,Plein jour,En agglomération,Giratoire,Pluie légère,Sans collision,,,,,,,,,,,1,2,6,2,7.0
201600027920,0016-12-30 15:40:00,16,12,30,15,40,500,173,RUE DES CLAIRES,49.6619,-1.69026,Plein jour,En agglomération,Hors intersection,Normale,Sans collision,,,,,,,,,,,1,2,1,1,7.0
201600027921,0016-01-04 18:45:00,16,1,4,18,45,500,129,RUE FRANCOIS LAVIEILLE,49.6384,-1.62532,Nuit avec éclairage allumé,En agglomération,Hors intersection,Normale,Sans collision,,,,,,,,,,,5,2,1,1,7.0
201600027922,0016-01-08 11:05:00,16,1,8,11,5,500,173,BD SALINE/RUE VAUBAN,49.6539,-1.6491,Plein jour,En agglomération,Intersection en X,Normale,Deux véhicules - arrière,,,,,,,,,,,1,2,2,1,2.0
201600027923,0016-01-08 13:00:00,16,1,8,13,0,500,173,RUE FAURE,49.6436,-1.6489,Plein jour,En agglomération,Hors intersection,Normale,Sans collision,,,,,,,,,,,1,2,1,1,7.0
201600027924,0016-01-13 07:55:00,16,1,13,7,55,500,129,AV DU GENERAL/AV L. LUMI,49.6319,-1.60017,Nuit avec éclairage allumé,En agglomération,Giratoire,Normale,Deux véhicules - côté,,,,,,,,,,,5,2,6,1,3.0
201600027925,0016-01-12 20:30:00,16,1,12,20,30,500,129,RUE BARBUSSE,49.6138,-1.65596,Nuit sans éclairage public,En agglomération,Intersection en T,Normale,Deux véhicules - côté,,,,,,,,,,,3,2,3,1,3.0
201600027926,0016-01-14 12:10:00,16,1,14,12,10,500,602,BOULEVARD DE L'EST,49.6364,-1.59608,Plein jour,En agglomération,Giratoire,Normale,Deux véhicules - côté,,,,,,,,,,,1,2,6,1,3.0
201600027927,0016-01-16 20:25:00,16,1,16,20,25,500,129,PARKING CENTRE LES ELEIS,49.634,-1.61933,Nuit avec éclairage allumé,En agglomération,Hors intersection,Normale,Sans collision,,,,,,,,,,,5,2,1,1,7.0
201600027928,0016-01-18 07:29:00,16,1,18,7,29,500,129,R R SALENGRO/A VERDUN,49.6249,-1.64518,Nuit avec éclairage allumé,En agglomération,Intersection en T,Pluie légère,Sans collision,,,,,,,,,,,5,2,3,2,7.0
201600027929,0016-01-20 07:50:00,16,1,20,7,50,500,129,AVENUE BREMERHAVEN,49.6309,-1.60534,Nuit avec éclairage allumé,En agglomération,Hors intersection,Normale,Deux véhicules - frontale,,,,,,,,,,,5,2,1,1,1.0
201600027930,0016-01-24 21:40:00,16,1,24,21,40,500,203,,49.6175,-1.58239,Nuit avec éclairage allumé,Hors agglomération,Hors intersection,Normale,Sans collision,,,,,,,,,,,5,1,1,1,7.0
201600027931,0016-01-22 21:00:00,16,1,22,21,0,500,129,BD G. LE CONQUERANT,49.6363,-1.63235,Nuit avec éclairage allumé,En agglomération,Hors intersection,Normale,Sans collision,,,,,,,,,,,5,2,1,1,7.0
201600027932,0016-01-27 18:45:00,16,1,27,18,45,500,129,R E LIAIS/R DE LA COMEDI,49.6423,-1.62873,Nuit avec éclairage allumé,En agglomération,Intersection en T,Pluie légère,Deux véhicules - côté,,,,,,,,,,,5,2,3,2,3.0
201600027933,0016-01-27 18:45:00,16,1,27,18,45,500,129,R V DE SAIRE/R CONTANT,49.6384,-1.61067,Nuit avec éclairage allumé,En agglomération,Intersection en T,Pluie légère,Deux véhicules - arrière,,,,,,,,,,,5,2,3,2,2.0
201600027934,0016-01-31 13:30:00,16,1,31,13,30,500,173,RUE DU VIEUX TOT,49.6462,-1.65664,Plein jour,En agglomération,Hors intersection,Pluie légère,Sans collision,,,,,,,,,,,1,2,1,2,7.0
201600027935,0016-02-01 08:30:00,16,2,1,8,30,500,129,AVENUE DE PARIS,49.6275,-1.61775,Crépuscule ou aube,En agglomération,Hors intersection,Pluie légère,Deux véhicules - côté,,,,,,,,,,,2,2,1,2,3.0
201600027936,0016-02-03 16:40:00,16,2,3,16,40,500,129,BD MENDES FRANCE/R SIMON,49.635,-1.62742,Plein jour,En agglomération,Intersection en X,Normale,Deux véhicules - côté,,,,,,,,,,,1,2,2,1,3.0
201600027937,0016-02-04 09:35:00,16,2,4,9,35,500,129,B MENDES FRANCE/P LOUBET,49.6353,-1.62897,Plein jour,En agglomération,Intersection en X,Normale,Sans collision,,,,,,,,,,,1,2,2,1,7.0
201600027938,0016-02-06 18:00:00,16,2,6,18,0,500,129,AV A LEMONNIER/AV G KOEI,49.6346,-1.60266,Crépuscule ou aube,En agglomération,Intersection en X,Pluie légère,Trois véhicules et plus - en chaîne,,,,,,,,,,,2,2,2,2,4.0
201600027939,0016-02-05 17:20:00,16,2,5,17,20,500,129,BD G LE CONQUERANT,49.6399,-1.63632,Plein jour,En agglomération,Hors intersection,Normale,Deux véhicules - arrière,,,,,,,,,,,1,2,1,1,2.0
201600027940,0016-02-08 17:55:00,16,2,8,17,55,500,203,LES ROUGES TERRES,49.6216,-1.61547,Crépuscule ou aube,En agglomération,Hors intersection,Vent fort / tempête,Deux véhicules - arrière,,,,,,,,,,,2,2,1,6,2.0
201600027941,0016-02-10 17:45:00,16,2,10,17,45,500,129,BD MENDES FRANCE/R SIMON,49.635,-1.62738,Plein jour,En agglomération,Intersection en X,Pluie légère,Deux véhicules - arrière,,,,,,,,,,,1,2,2,2,2.0
201600027942,0016-02-10 20:15:00,16,2,10,20,15,500,129,RUE DES TANNERIES,49.6335,-1.62277,Nuit avec éclairage allumé,En agglomération,Hors intersection,Normale,Deux véhicules - arrière,,,,,,,,,,,5,2,1,1,2.0
201600027943,0016-02-12 18:32:00,16,2,12,18,32,500,129,RUE DU VAL DE SAIRE,49.6387,-1.61457,Nuit avec éclairage allumé,En agglomération,Hors intersection,Normale,Deux véhicules - arrière,,,,,,,,,,,5,2,1,1,2.0
201600027944,0016-02-12 16:20:00,16,2,12,16,20,500,203,RTE GLACERIE/R E BERTIN,49.6201,-1.58162,Plein jour,Hors agglomération,Intersection en Y,Normale,Autre collision,,,,,,,,,,,1,1,4,1,6.0
201600027945,0016-02-13 13:25:00,16,2,13,13,25,500,173,RUE DES RIVIERES,49.6606,-1.6858,Plein jour,En agglomération,Hors intersection,Pluie légère,Deux véhicules - côté,,,,,,,,,,,1,2,1,2,3.0
201600027946,0016-02-15 15:50:00,16,2,15,15,50,500,129,RUE HENRI BARBUSSE,49.6189,-1.65099,Plein jour,En agglomération,Hors intersection,Normale,Deux véhicules - frontale,,,,,,,,,,,1,2,1,1,1.0
201600027947,0016-02-01 18:15:00,16,2,1,18,15,500,416,RUE DES CLAIRES,49.6615,-1.68975,Crépuscule ou aube,En agglomération,Hors intersection,Normale,Sans collision,,,,,,,,,,,2,2,1,1,7.0
201600027948,0016-02-16 18:05:00,16,2,16,18,5,500,203,I BOUVREUILS/A LEMONNIER,49.6181,-1.60823,Crépuscule ou aube,En agglomération,Intersection en T,Normale,Autre collision,,,,,,,,,,,2,2,3,1,6.0
201600027949,0016-02-16 19:05:00,16,2,16,19,5,500,602,B DE L'EST/R GRAND PRE,49.6364,-1.59607,Nuit avec éclairage non allumé,En agglomération,Giratoire,Normale,Deux véhicules - côté,,,,,,,,,,,4,2,6,1,3.0
201600027950,0016-02-23 13:30:00,16,2,23,13,30,500,129,BD R SCHUMAN/R GAMBETTA,49.6382,-1.62528,Plein jour,En agglomération,Intersection en X,Normale,Sans collision,,,,,,,,,,,1,2,2,1,7.0
201600027951,0016-02-26 16:30:00,16,2,26,16,30,500,129,"32, NAPOLEON (PLACE)",49.64333,1.6253,Plein jour,En agglomération,Hors intersection,Normale,Deux véhicules - arrière,,,,,,,,,,,1,2,1,1,2.0
201600027952,0016-03-01 08:40:00,16,3,1,8,40,500,129,ROND POINT DE MINERVE,49.6424,-1.61545,Plein jour,En agglomération,Giratoire,Pluie légère,Sans collision,,,,,,,,,,,1,2,6,2,7.0
201600027953,0016-03-01 08:40:00,16,3,1,8,40,500,129,BOULEVARD DE LA SALINE,49.6483,-1.64373,Plein jour,En agglomération,Hors intersection,Pluie légère,Trois véhicules et plus - en chaîne,,,,,,,,,,,1,2,1,2,4.0
201600027954,0016-03-01 22:00:00,16,3,1,22,0,500,129,RD POINT DU VIEUX MOULIN,49.6096,-1.65995,Nuit sans éclairage public,En agglomération,Giratoire,Normale,Sans collision,,,,,,,,,,,3,2,6,1,7.0
201600027955,0016-03-01 12:15:00,16,3,1,12,15,500,129,RU DE L'ABBAYE,49.6443,-1.6329,Plein jour,En agglomération,Hors intersection,Pluie forte,Deux véhicules - côté,,,,,,,,,,,1,2,1,3,3.0
201600027956,0016-03-02 03:50:00,16,3,2,3,50,500,129,ROND POINT DE POOLE,49.6359,-1.63153,Nuit avec éclairage allumé,En agglomération,Giratoire,Temps couvert,Sans collision,,,,,,,,,,,5,2,6,8,7.0
201600027957,0016-03-01 12:30:00,16,3,1,12,30,500,129,AVENUE JF MILLET,49.6336,-1.61895,Plein jour,En agglomération,Hors intersection,Pluie légère,Trois véhicules et plus - en chaîne,,,,,,,,,,,1,2,1,2,4.0
201600027958,0016-03-02 07:45:00,16,3,2,7,45,500,173,R DU 8 MAI/11 NOVEMBRE,49.6492,-1.65393,Plein jour,En agglomération,Intersection en T,Normale,Deux véhicules - côté,,,,,,,,,,,1,2,3,1,3.0
201600027959,0016-03-03 13:50:00,16,3,3,13,50,500,129,AVENUE AMIRAL LEMONNIER,49.6346,-1.61362,Plein jour,En agglomération,Hors intersection,Normale,Trois véhicules et plus - en chaîne,,,,,,,,,,,1,2,1,1,4.0
201600027960,0016-03-06 15:10:00,16,3,6,15,10,500,173,ROND POINT DE BRECOURT,49.6537,-1.67638,Plein jour,En agglomération,Giratoire,Normale,Deux véhicules - côté,,,,,,,,,,,1,2,6,1,3.0
201600027961,0016-03-03 10:10:00,16,3,3,10,10,500,129,R VASTEL/E LOUIS XVI,49.6371,-1.62261,Plein jour,En agglomération,Intersection en X,Vent fort / tempête,Sans collision,,,,,,,,,,,1,2,2,6,7.0
201600027962,0016-03-07 07:20:00,16,3,7,7,20,500,173,RUE DU BRETON,49.6564,-1.69673,Plein jour,En agglomération,Hors intersection,Normale,Sans collision,,,,,,,,,,,1,2,1,1,7.0
201600027963,0016-03-15 09:20:00,16,3,15,9,20,500,129,BD M FRANCE/R SIMON,49.6349,-1.62699,Plein jour,En agglomération,Intersection en T,Normale,Trois véhicules et plus - collisions multiples,,,,,,,,,,,1,2,3,1,5.0
201600027964,0016-03-18 09:35:00,16,3,18,9,35,500,129,PLACE JEAN JAURES,49.634,-1.6225,Plein jour,En agglomération,Place,Normale,Sans collision,,,,,,,,,,,1,2,7,1,7.0
201600027965,0016-03-24 17:10:00,16,3,24,17,10,500,129,AVENUE BREMERHAVEN,49.6316,-1.60946,Plein jour,En agglomération,Hors intersection,Pluie légère,Autre collision,,,,,,,,,,,1,2,1,2,6.0
201600027966,0016-03-19 21:30:00,16,3,19,21,30,500,173,RUE DE LA PAIX,49.6482,-1.64899,Nuit avec éclairage allumé,En agglomération,Hors intersection,Normale,Deux véhicules - frontale,,,,,,,,,,,5,2,1,1,1.0
201600027967,0016-03-26 23:10:00,16,3,26,23,10,500,173,RUE BOEL RIDERET,49.6496,-1.66053,Nuit avec éclairage allumé,En agglomération,Hors intersection,Normale,Sans collision,,,,,,,,,,,5,2,1,1,7.0
201600027968,0016-03-28 19:00:00,16,3,28,19,0,500,129,R BARBUSSE/CH DES CHENES,49.6138,-1.65596,Plein jour,Hors agglomération,Intersection en X,Vent fort / tempête,Sans collision,,,,,,,,,,,1,1,2,6,7.0
201600027969,0016-03-28 23:50:00,16,3,28,23,50,500,129,PORT CHANTEREYNE,49.6481,-1.62327,Nuit avec éclairage allumé,En agglomération,Hors intersection,Normale,Sans collision,,,,,,,,,,,5,2,1,1,7.0
201600027970,0016-04-04 12:40:00,16,4,4,12,40,500,129,R P TALLUAU/R CHRISTINE,49.6405,-1.62757,Plein jour,En agglomération,Intersection en T,Normale,Sans collision,,,,,,,,,,,1,2,3,1,7.0
201600027971,0016-03-31 07:40:00,16,3,31,7,40,500,416,,49.648,-1.72165,Crépuscule ou aube,Hors agglomération,Hors intersection,Normale,Sans collision,,,,,,,,,,,2,1,1,1,7.0
201600027972,0016-04-07 12:00:00,16,4,7,12,0,500,129,RUE DE CHAMPAGNE,49.6279,-1.62938,Plein jour,En agglomération,Hors intersection,Normale,Sans collision,,,,,,,,,,,1,2,1,1,7.0
201600027973,0016-04-07 17:55:00,16,4,7,17,55,500,129,PLACE MARIE RAVENEL,49.6388,-1.61646,Plein jour,En agglomération,Intersection en X,Normale,Deux véhicules - arrière,,,,,,,,,,,1,2,2,1,2.0
201600027974,0016-04-08 22:40:00,16,4,8,22,40,500,129,RUE JULES FERRY,49.6112,-1.65588,Nuit avec éclairage allumé,Hors agglomération,Hors intersection,Normale,Sans collision,,,,,,,,,,,5,1,1,1,7.0
201600027975,0016-04-15 10:25:00,16,4,15,10,25,500,129,PARKING CARREFOUR,49.6346,-1.61857,Plein jour,En agglomération,Hors intersection,Normale,Sans collision,,,,,,,,,,,1,2,1,1,7.0