accident_id,datetime,annee,mois,jour,heure,minute,departement,commune_insee,adresse,latitude,longitude,luminosite,agglomeration,intersection,meteo,collision,nb_vehicules,nb_usagers,nb_indemnes,nb_tues,nb_blesses_hosp,nb_blesses_legers,age_cond_1,age_cond_2,veh_type_cond_1,veh_type_cond_2,lum_code,agg_code,int_code,atm_code,col_code
201600028098,0016-12-09 06:30:00,16,12,9,6,30,500,203,LES R TERRES/ SCHWEITZER,49.612,-1.60119,Nuit avec éclairage allumé,En agglomération,Intersection en X,Normale,Deux véhicules - côté,,,,,,,,,,,5,2,2,1,3.0
201600028099,0016-12-12 16:20:00,16,12,12,16,20,500,129,R HIPOLYTE DE TOCQUEVILL,49.6438,-1.6357,Plein jour,En agglomération,Hors intersection,Pluie légère,Trois véhicules et plus - en chaîne,,,,,,,,,,,1,2,1,2,4.0
201600028100,0016-12-14 14:25:00,16,12,14,14,25,500,602,BOULEVARD DE COLLIGNON,49.6543,-1.57747,Plein jour,En agglomération,Hors intersection,Normale,Deux véhicules - arrière,,,,,,,,,,,1,2,1,1,2.0
201600028101,0016-12-16 16:15:00,16,12,16,16,15,500,129,RUE GUILLAUME FOUACE,49.6386,-1.62962,Plein jour,En agglomération,Hors intersection,Normale,Sans collision,,,,,,,,,,,1,2,1,1,7.0
201600028102,0016-12-17 05:55:00,16,12,17,5,55,500,129,ROND POINT DE POOLE,49.6359,-1.63136,Nuit avec éclairage allumé,En agglomération,Giratoire,Normale,Deux véhicules - côté,,,,,,,,,,,5,2,6,1,3.0
201600028103,0016-12-20 14:15:00,16,12,20,14,15,500,203,LES ROUGES TERRES,49.6069,-1.59951,Plein jour,En agglomération,Hors intersection,Normale,Trois véhicules et plus - en chaîne,,,,,,,,,,,1,2,1,1,4.0
201600028104,0016-12-20 18:30:00,16,12,20,18,30,500,173,"000, RUE DES RIVIERES",49.6611,-1.6851,Nuit avec éclairage allumé,En agglomération,Giratoire,Normale,Trois véhicules et plus - en chaîne,,,,,,,,,,,5,2,6,1,4.0
201600028105,0016-12-20 23:30:00,16,12,20,23,30,500,203,LES R TERRES/CL DEBUSSY,49.609,-1.60016,Nuit avec éclairage allumé,En agglomération,Intersection en T,Normale,Deux véhicules - frontale,,,,,,,,,,,5,2,3,1,1.0
201600028106,0016-12-24 08:40:00,16,12,24,8,40,500,203,RUE MARTIN LUTHER KING,49.6138,-1.60005,Crépuscule ou aube,En agglomération,Hors intersection,Normale,Autre collision,,,,,,,,,,,2,2,1,1,6.0
201600028107,0016-12-29 18:00:00,16,12,29,18,0,500,129,RUE DES ARMISTICES,49.627,-1.64204,Nuit avec éclairage allumé,En agglomération,Hors intersection,Normale,Autre collision,,,,,,,,,,,5,2,1,1,6.0
201600028108,0016-12-30 05:55:00,16,12,30,5,55,500,129,,49.6189,-1.67016,Nuit avec éclairage allumé,Hors agglomération,Hors intersection,Normale,Autre collision,,,,,,,,,,,5,1,1,1,6.0
201600028109,0016-01-04 08:35:00,16,1,4,8,35,500,147,R DE LA MARE/PRAIRIES,49.0639,-1.42728,Crépuscule ou aube,En agglomération,Intersection en T,Normale,Deux véhicules - côté,,,,,,,,,,,2,2,3,1,3.0
201600028110,0016-02-07 12:20:00,16,2,7,12,20,500,147,BD A LORRAINE/R TOURVILL,49.0504,-1.44636,Plein jour,En agglomération,Intersection en X,Vent fort / tempête,Deux véhicules - arrière,,,,,,,,,,,1,2,2,6,2.0
201600028111,0016-04-12 10:35:00,16,4,12,10,35,500,345,ROCADE NORD,49.0625,-1.45093,Plein jour,Hors agglomération,Giratoire,Normale,Deux véhicules - frontale,,,,,,,,,,,1,1,6,1,1.0
201600028112,0016-05-05 11:45:00,16,5,5,11,45,500,147,GEOFFROY DE MONTBRAY,49.0396,-1.44733,Plein jour,En agglomération,Giratoire,Normale,Deux véhicules - côté,,,,,,,,,,,1,2,6,1,3.0
201600028113,0016-07-16 09:05:00,16,7,16,9,5,500,147,AVENUE DE LA REPUBLIQUE,49.0545,-1.43924,Plein jour,En agglomération,Hors intersection,Normale,Autre collision,,,,,,,,,,,1,2,1,1,6.0
201600028114,0016-07-13 09:35:00,16,7,13,9,35,500,376,ROUTE DE GAVRAY,49.0351,-1.44096,Plein jour,Hors agglomération,Hors intersection,Normale,Deux véhicules - arrière,,,,,,,,,,,1,1,1,1,2.0
201600028115,0016-07-26 14:40:00,16,7,26,14,40,500,147,AVENUE DIVISION LECLERC,49.0579,-1.43678,Plein jour,En agglomération,Hors intersection,Normale,Deux véhicules - frontale,,,,,,,,,,,1,2,1,1,1.0
201600028116,0016-09-27 17:50:00,16,9,27,17,50,500,147,ROUTE DE LESSAY,49.0625,-1.45093,Plein jour,Hors agglomération,Intersection en T,Pluie légère,Deux véhicules - côté,,,,,,,,,,,1,1,3,2,3.0
201600028117,0016-10-16 09:55:00,16,10,16,9,55,500,147,RUE SAINT MALO,49.0508,-1.4507,Plein jour,En agglomération,Intersection en T,Normale,Deux véhicules - frontale,,,,,,,,,,,1,2,3,1,1.0
201600028118,0016-12-01 17:55:00,16,12,1,17,55,500,147,VAUDON,49.06194,-1.43453,Nuit avec éclairage allumé,En agglomération,Hors intersection,Normale,Autre collision,,,,,,,,,,,5,2,1,1,6.0
201600028119,0016-12-12 14:30:00,16,12,12,14,30,500,147,COURTILLES,,,Plein jour,En agglomération,Hors intersection,Pluie légère,Deux véhicules - côté,,,,,,,,,,,1,2,1,2,3.0
201600028120,0016-01-05 16:47:00,16,1,5,16,47,500,218,COUR JONVILLE,48.8376,-1.59689,Plein jour,En agglomération,Hors intersection,Normale,Autre collision,,,,,,,,,,,1,2,1,1,6.0
201600028121,0016-01-13 16:30:00,16,1,13,16,30,500,218,AVENUE DE LA GARE,48.8385,-1.58836,Plein jour,En agglomération,Hors intersection,Normale,Deux véhicules - arrière,,,,,,,,,,,1,2,1,1,2.0
201600028122,0016-01-16 19:40:00,16,1,16,19,40,500,532,RUE DES ECOLES,48.8339,-1.57046,Nuit avec éclairage allumé,En agglomération,Hors intersection,Normale,Deux véhicules - côté,,,,,,,,,,,5,2,1,1,3.0
201600028123,0016-01-17 07:10:00,16,1,17,7,10,500,218,ANCIENNE RTE DE VILLEDIE,48.8358,-1.57536,Nuit avec éclairage allumé,En agglomération,Hors intersection,Normale,Autre collision,,,,,,,,,,,5,2,1,1,6.0
201600028124,0016-02-05 08:50:00,16,2,5,8,50,500,218,R VILLAGE ARCHER/SAUSSEY,48.8365,-1.56158,Plein jour,En agglomération,Intersection en X,Normale,Deux véhicules - côté,,,,,,,,,,,1,2,2,1,3.0
201600028125,0016-02-05 19:15:00,16,2,5,19,15,500,647,RUE DU 8 JUIN 1944,48.8382,-1.55038,Nuit avec éclairage allumé,En agglomération,Hors intersection,Temps couvert,Autre collision,,,,,,,,,,,5,2,1,8,6.0
201600028126,0016-02-10 18:40:00,16,2,10,18,40,500,165,ROUTE DE COUTANCES,48.8517,-1.56989,Nuit avec éclairage allumé,En agglomération,Hors intersection,Pluie légère,Autre collision,,,,,,,,,,,5,2,1,2,6.0
201600028127,0016-03-05 17:25:00,16,3,5,17,25,500,218,AV MATIGNONS/VC,48.8379,-1.57309,Plein jour,En agglomération,Intersection en T,Normale,Deux véhicules - côté,,,,,,,,,,,1,2,3,1,3.0
201600028128,0016-03-12 01:55:00,16,3,12,1,55,500,218,AVENUE DES MATIGNONS,48.8379,-1.57722,Nuit avec éclairage allumé,En agglomération,Hors intersection,Normale,Autre collision,,,,,,,,,,,5,2,1,1,6.0
201600028129,0016-03-16 12:15:00,16,3,16,12,15,500,218,RUE DU PORT,48.836,-1.604,Plein jour,En agglomération,Hors intersection,Normale,Deux véhicules - arrière,,,,,,,,,,,1,2,1,1,2.0
201600028130,0016-05-11 08:17:00,16,5,11,8,17,500,218,,48.8242,-1.54714,Plein jour,Hors agglomération,Hors intersection,Normale,Autre collision,,,,,,,,,,,1,1,1,1,6.0
201600028131,0016-05-13 17:05:00,16,5,13,17,5,500,218,AVENUE DU MAL LECLERC,48.8378,-1.58823,Plein jour,En agglomération,Hors intersection,Normale,Autre collision,,,,,,,,,,,1,2,1,1,6.0
201600028132,0016-05-24 05:45:00,16,5,24,5,45,500,218,ROUTE DE VILLEDIEU,48.8375,-1.54669,Crépuscule ou aube,En agglomération,Intersection en X,Normale,Deux véhicules - côté,,,,,,,,,,,2,2,2,1,3.0
201600028133,0016-05-29 00:05:00,16,5,29,0,5,500,218,RTE DE ST PLANCHERS,48.8313,-1.54834,Nuit avec éclairage allumé,Hors agglomération,Hors intersection,Normale,Deux véhicules - côté,,,,,,,,,,,5,1,1,1,3.0
201600028134,0016-06-25 12:50:00,16,6,25,12,50,500,218,R COURAYE/R C. YVON,48.8371,-1.59584,Plein jour,En agglomération,Intersection en T,Normale,Autre collision,,,,,,,,,,,1,2,3,1,6.0
201600028135,0016-06-28 12:40:00,16,6,28,12,40,500,647,,48.8404,-1.54925,Plein jour,En agglomération,Hors intersection,Normale,Autre collision,,,,,,,,,,,1,2,1,1,6.0
201600028136,0016-07-04 09:40:00,16,7,4,9,40,500,165,ROUTE DE COUTANCES,48.8473,-1.57912,Plein jour,En agglomération,Hors intersection,Normale,Deux véhicules - côté,,,,,,,,,,,1,2,1,1,3.0
201600028137,0016-07-29 20:00:00,16,7,29,20,0,500,218,,48.833,-1.5744,Plein jour,Hors agglomération,Hors intersection,Normale,Sans collision,,,,,,,,,,,1,1,1,1,7.0
201600028138,0016-08-06 19:39:00,16,8,6,19,39,500,165,AVENUE DES MATIGNONS,48.8378,-1.5671,Plein jour,En agglomération,Hors intersection,Temps éblouissant,Autre collision,,,,,,,,,,,1,2,1,7,6.0
201600028139,0016-08-08 09:00:00,16,8,8,9,0,500,532,ROND POINT DE SHERBORNE,48.8296,-1.56712,Plein jour,Hors agglomération,Giratoire,Normale,Deux véhicules - côté,,,,,,,,,,,1,1,6,1,3.0
201600028140,0016-08-08 15:35:00,16,8,8,15,35,500,218,ROUTE D'AVRANCHES,48.833,-1.57441,Plein jour,Hors agglomération,Hors intersection,Normale,Deux véhicules - frontale,,,,,,,,,,,1,1,1,1,1.0
201600028141,0016-08-12 15:40:00,16,8,12,15,40,500,541,ROUTE DE VILLEDIEU,48.8376,-1.55173,Plein jour,En agglomération,Hors intersection,Normale,Autre collision,,,,,,,,,,,1,2,1,1,6.0
201600028142,0016-08-14 06:10:00,16,8,14,6,10,500,218,RUE AUX CORSAIRES,48.8372,-1.60116,Nuit avec éclairage allumé,En agglomération,Hors intersection,Normale,Autre collision,,,,,,,,,,,5,2,1,1,6.0
201600028143,0016-08-25 13:45:00,16,8,25,13,45,500,165,R G MOQUET/R CORNICHE,48.8503,-1.5792,Plein jour,En agglomération,Intersection en T,Normale,Trois véhicules et plus - collisions multiples,,,,,,,,,,,1,2,3,1,5.0
201600028144,0016-08-27 11:10:00,16,8,27,11,10,500,532,RUE DE TOMBELAINE,48.7943,-1.56518,Plein jour,En agglomération,Hors intersection,Normale,Deux véhicules - côté,,,,,,,,,,,1,2,1,1,3.0
201600028145,0016-09-03 10:55:00,16,9,3,10,55,500,532,R DU GOLF/R DES CYPRES,48.7982,-1.56594,Plein jour,En agglomération,Intersection en T,Normale,Deux véhicules - côté,,,,,,,,,,,1,2,3,1,3.0
201600028146,0016-09-10 17:10:00,16,9,10,17,10,500,218,R CORSAIRES/P POIRIER,48.8384,-1.59901,Plein jour,En agglomération,Intersection en T,Pluie forte,Autre collision,,,,,,,,,,,1,2,3,3,6.0
201600028147,0016-09-17 06:00:00,16,9,17,6,0,500,218,PLACE ALSACE LORRAINE,48.838,-1.58499,Nuit avec éclairage allumé,En agglomération,Giratoire,Pluie légère,Deux véhicules - côté,,,,,,,,,,,5,2,6,2,3.0
201600028148,0016-10-12 17:00:00,16,10,12,17,0,500,218,R DE LA BRASSERIE/MARIS,48.8381,-1.59233,Plein jour,En agglomération,Intersection en X,Normale,Autre collision,,,,,,,,,,,1,2,2,1,6.0
201600028149,0016-10-12 18:00:00,16,10,12,18,0,500,218,PLACE P SEMARD,48.8377,-1.58929,Plein jour,En agglomération,Intersection en Y,Normale,Autre collision,,,,,,,,,,,1,2,4,1,6.0
201600028150,0016-10-27 15:05:00,16,10,27,15,5,500,165,,48.8478,-1.57799,Plein jour,En agglomération,Giratoire,Normale,Autre collision,,,,,,,,,,,1,2,6,1,6.0
201600028151,0016-11-02 15:05:00,16,11,2,15,5,500,218,BD HAUTSERVE,48.8382,-1.5952,Plein jour,En agglomération,Autre intersection,Normale,Autre collision,,,,,,,,,,,1,2,9,1,6.0
201600028152,0016-11-26 18:45:00,16,11,26,18,45,500,532,,48.8208,-1.55283,Nuit sans éclairage public,Hors agglomération,Hors intersection,Temps couvert,Deux véhicules - arrière,,,,,,,,,,,3,1,1,8,2.0
201600028153,0016-12-02 02:04:00,16,12,2,2,4,500,532,,48.8269,-1.56153,Nuit avec éclairage allumé,Hors agglomération,Hors intersection,Brouillard / fumée,Deux véhicules - arrière,,,,,,,,,,,5,1,1,5,2.0
201600028154,0016-12-09 08:05:00,16,12,9,8,5,500,218,AV MARECHAL LECLERC,48.8377,-1.58935,Plein jour,En agglomération,Giratoire,Brouillard / fumée,Autre collision,,,,,,,,,,,1,2,6,5,6.0
201600028155,0016-12-21 18:35:00,16,12,21,18,35,500,532,ROUTE D'AVRANCHES,48.8206,-1.55263,Nuit sans éclairage public,Hors agglomération,Intersection en T,Pluie forte,Deux véhicules - côté,,,,,,,,,,,3,1,3,3,3.0
201600028156,0016-01-05 17:40:00,16,1,5,17,40,500,2,ROUTE DE COUTANCES,49.1181,-1.10709,Nuit avec éclairage allumé,En agglomération,Hors intersection,Pluie forte,Autre collision,,,,,,,,,,,5,2,1,3,6.0
201600028157,0016-01-15 19:40:00,16,1,15,19,40,500,502,ROUTE  DE CANDOL,49.0925,-1.11733,Nuit avec éclairage allumé,En agglomération,Hors intersection,Temps couvert,Deux véhicules - frontale,,,,,,,,,,,5,2,1,8,1.0
201600028158,0016-01-24 12:30:00,16,1,24,12,30,500,538,AVENUE DE PARIS,49.1167,-1.04712,Plein jour,En agglomération,Hors intersection,Pluie légère,Deux véhicules - arrière,,,,,,,,,,,1,2,1,2,2.0
201600028159,0016-02-12 12:20:00,16,2,12,12,20,500,502,,49.1099,-1.05509,Plein jour,Hors agglomération,Intersection en T,Pluie légère,Deux véhicules - côté,,,,,,,,,,,1,1,3,2,3.0
201600028160,0016-02-19 21:20:00,16,2,19,21,20,500,465,LA BIJUDE,49.1066,-1.14351,Nuit sans éclairage public,Hors agglomération,Hors intersection,Pluie légère,Deux véhicules - frontale,,,,,,,,,,,3,1,1,2,1.0
201600028161,0016-02-27 13:50:00,16,2,27,13,50,500,502,RTE DE TORIGNI,49.1109,-1.07619,Plein jour,En agglomération,Hors intersection,Normale,Deux véhicules - côté,,,,,,,,,,,1,2,1,1,3.0
201600028162,0016-03-03 17:00:00,16,3,3,17,0,500,2,COUTANCES (route de),49.06548,-1.09161,Plein jour,Hors agglomération,Hors intersection,Normale,Trois véhicules et plus - en chaîne,,,,,,,,,,,1,1,1,1,4.0
201600028163,0016-03-11 18:15:00,16,3,11,18,15,500,2,"1064, COUTANCES (route d",49.06491,-1.09007,Plein jour,Hors agglomération,Hors intersection,Normale,Deux véhicules - arrière,,,,,,,,,,,1,1,1,1,2.0
201600028164,0016-04-01 22:10:00,16,4,1,22,10,500,34,RD POINT DE L'EUROPE,49.0998,-1.08089,Nuit avec éclairage allumé,En agglomération,Giratoire,Normale,Sans collision,,,,,,,,,,,5,2,6,1,7.0
201600028165,0016-04-12 18:10:00,16,4,12,18,10,500,502,RUE DU MARECHAL JUIN,49.1157,-1.0762,Plein jour,En agglomération,Hors intersection,Normale,Autre collision,,,,,,,,,,,1,2,1,1,6.0
201600028166,0016-05-06 09:20:00,16,5,6,9,20,500,2,ROUTE DE COUTANCES,49.1171,-1.10276,Plein jour,Hors agglomération,Hors intersection,Normale,Deux véhicules - frontale,,,,,,,,,,,1,1,1,1,1.0
201600028167,0016-05-12 11:55:00,16,5,12,11,55,500,502,BOULEVARD DE LA DOLLEE,49.1184,-1.08928,Plein jour,En agglomération,Hors intersection,Pluie légère,Autre collision,,,,,,,,,,,1,2,1,2,6.0
201600028168,0016-05-27 03:40:00,16,5,27,3,40,500,502,ENAULT (rue Emile),49.0643,-1.05021,Nuit avec éclairage allumé,En agglomération,Intersection en T,Normale,Autre collision,,,,,,,,,,,5,2,3,1,6.0
201600028169,0016-06-27 18:50:00,16,6,27,18,50,500,502,"1, CINQ CHEMINS (RUE DES",49.05542,1.04373,Plein jour,Hors agglomération,Hors intersection,Normale,Sans collision,,,,,,,,,,,1,1,1,1,7.0
201600028170,0016-07-02 16:00:00,16,7,2,16,0,500,465,RD POINT NELSON,49.1031,-1.11371,Plein jour,En agglomération,Giratoire,Normale,Deux véhicules - arrière,,,,,,,,,,,1,2,6,1,2.0
201600028171,0016-08-10 09:00:00,16,8,10,9,0,500,502,RUE ALSACE LORRAINE,49.1166,-1.10208,Plein jour,En agglomération,Giratoire,Normale,Deux véhicules - frontale,,,,,,,,,,,1,2,6,1,1.0
201600028172,0016-08-11 14:25:00,16,8,11,14,25,500,502,AVENUE DE PARIS,49.1162,-1.05844,Plein jour,En agglomération,Intersection en X,Normale,Deux véhicules - arrière,,,,,,,,,,,1,2,2,1,2.0
201600028173,0016-08-11 17:10:00,16,8,11,17,10,500,2,ROUTE DE COUTANCES,49.1169,-1.11071,Plein jour,En agglomération,Hors intersection,Normale,Autre collision,,,,,,,,,,,1,2,1,1,6.0
201600028174,0016-08-25 14:00:00,16,8,25,14,0,500,502,RUE MARECHAL LECLERC,49.1148,-1.08787,Plein jour,En agglomération,Hors intersection,Normale,Autre collision,,,,,,,,,,,1,2,1,1,6.0
201600028175,0016-08-25 15:00:00,16,8,25,15,0,500,321,,49.1333,-1.0675,Plein jour,Hors agglomération,Intersection en T,Normale,Deux véhicules - côté,,,,,,,,,,,1,1,3,1,3.0
201600028176,0016-10-04 12:35:00,16,10,4,12,35,500,502,BD DE LA DOLLEE,49.119,-1.08631,Plein jour,En agglomération,Hors intersection,Normale,Autre collision,,,,,,,,,,,1,2,1,1,6.0
201600028177,0016-10-05 17:40:00,16,10,5,17,40,500,502,RUE DES HAMEAUX,,,Plein jour,Hors agglomération,Intersection en X,Normale,Deux véhicules - côté,,,,,,,,,,,1,1,2,1,3.0
201600028178,0016-10-24 13:50:00,16,10,24,13,50,500,502,,49.1099,-1.05508,Plein jour,En agglomération,Intersection en X,Normale,Deux véhicules - côté,,,,,,,,,,,1,2,2,1,3.0
201600028179,0016-10-31 15:38:00,16,10,31,15,38,500,502,RUE BRIOVERE,49.1171,-1.09904,Plein jour,En agglomération,Hors intersection,Normale,Sans collision,,,,,,,,,,,1,2,1,1,7.0
201600028180,0016-11-07 14:50:00,16,11,7,14,50,500,502,,49.098,-1.06051,Plein jour,Hors agglomération,Hors intersection,Temps couvert,Sans collision,,,,,,,,,,,1,1,1,8,7.0
201600028181,0016-11-11 02:30:00,16,11,11,2,30,500,502,BOULEVARD DU MIDI,49.111,-1.08349,Nuit avec éclairage allumé,En agglomération,Hors intersection,Normale,Autre collision,,,,,,,,,,,5,2,1,1,6.0
201600028182,0016-11-18 17:30:00,16,11,18,17,30,500,465,RUE DUNANT HENRI,49.1016,-1.11575,Nuit avec éclairage allumé,En agglomération,Giratoire,Normale,Deux véhicules - côté,,,,,,,,,,,5,2,6,1,3.0
201600028183,0016-11-21 18:00:00,16,11,21,18,0,500,502,AVENUE DES HETRES,49.1109,-1.06532,Nuit avec éclairage allumé,En agglomération,Hors intersection,Pluie légère,Autre collision,,,,,,,,,,,5,2,1,2,6.0
201600028184,0016-11-30 17:45:00,16,11,30,17,45,500,2,ROUTE DE PERIERS,49.1146,-1.12763,Nuit sans éclairage public,En agglomération,Hors intersection,Normale,Deux véhicules - côté,,,,,,,,,,,3,2,1,1,3.0
201600028185,0016-12-01 20:37:00,16,12,1,20,37,500,2,RUE TORTERON,49.1144,-1.09708,Nuit avec éclairage allumé,En agglomération,Hors intersection,Normale,Sans collision,,,,,,,,,,,5,2,1,1,7.0
201600028186,0016-12-05 18:20:00,16,12,5,18,20,500,2,COUTANCES (route de),49.11607,-1.11397,Nuit avec éclairage allumé,En agglomération,Giratoire,Normale,Autre collision,,,,,,,,,,,5,2,6,1,6.0
201600028187,0016-12-18 18:35:00,16,12,18,18,35,500,502,EXODE,49.1111,-1.09003,Nuit avec éclairage allumé,Hors agglomération,Intersection en X,Brouillard / fumée,Deux véhicules - côté,,,,,,,,,,,5,1,2,5,3.0
201600028188,0016-12-23 22:30:00,16,12,23,22,30,500,2,"2, COUTANCES (route de)",49.10625,-1.14444,Nuit sans éclairage public,Hors agglomération,Hors intersection,Pluie légère,Deux véhicules - frontale,,,,,,,,,,,3,1,1,2,1.0
201600028189,0016-02-01 18:40:00,16,2,1,18,40,510,108,CHEMIN DE BOUY,48.97133,4.36859,Nuit avec éclairage allumé,En agglomération,Intersection en T,Pluie légère,Deux véhicules - côté,,,,,,,,,,,5,2,3,2,3.0
201600028190,0016-02-09 23:25:00,16,2,9,23,25,510,108,62 ALLEE PAUL DOUMER,48.95477,4.37476,Nuit avec éclairage allumé,En agglomération,Hors intersection,Temps couvert,Autre collision,,,,,,,,,,,5,2,1,8,6.0
201600028191,0016-03-16 16:40:00,16,3,16,16,40,510,108,DES CORDELIERS/HERBILLON,48.9553,4.36078,Plein jour,En agglomération,Intersection en T,Normale,Autre collision,,,,,,,,,,,1,2,3,1,6.0
201600028192,0016-03-29 11:09:00,16,3,29,11,9,510,108,CHEMIN DE MELETTE,48.97879,4.40686,Plein jour,Hors agglomération,Hors intersection,Vent fort / tempête,Deux véhicules - frontale,,,,,,,,,,,1,1,1,6,1.0
201600028193,0016-04-03 03:05:00,16,4,3,3,5,510,525,BD CROIX DAMPIERRE,48.92991,4.38506,Nuit avec éclairage allumé,En agglomération,Hors intersection,Pluie forte,Autre collision,,,,,,,,,,,5,2,1,3,6.0
201600028194,0016-04-16 06:30:00,16,4,16,6,30,510,108,BRETELLE ECHANGEUR N44,48.94294,4.39285,Nuit avec éclairage allumé,En agglomération,Hors intersection,Normale,Autre collision,,,,,,,,,,,5,2,1,1,6.0
201600028195,0016-05-12 13:55:00,16,5,12,13,55,510,108,RUE JEAN JAURES,48.95402,4.35002,Plein jour,En agglomération,Hors intersection,Temps couvert,Deux véhicules - côté,,,,,,,,,,,1,2,1,8,3.0
201600028196,0016-06-01 15:00:00,16,6,1,15,0,510,108,2 AVENUE DU MAL LECLERC,48.95317,4.36064,Plein jour,En agglomération,Hors intersection,Normale,Deux véhicules - côté,,,,,,,,,,,1,2,1,1,3.0
201600028197,0016-06-25 21:00:00,16,6,25,21,0,510,108,D3,48.95467,4.37491,Crépuscule ou aube,En agglomération,Hors intersection,Normale,Deux véhicules - frontale,,,,,,,,,,,2,2,1,1,1.0
201600028198,0016-07-02 22:52:00,16,7,2,22,52,510,108,D3,48.96721,4.41459,Nuit sans éclairage public,Hors agglomération,Hors intersection,Normale,Sans collision,,,,,,,,,,,3,1,1,1,7.0
201600028199,0016-07-13 15:45:00,16,7,13,15,45,510,108,4 BD J. GRANDTHILLE,48.96062,4.3613,Plein jour,En agglomération,Intersection en X,Normale,Deux véhicules - côté,,,,,,,,,,,1,2,2,1,3.0
201600028200,0016-08-06 17:50:00,16,8,6,17,50,510,506,D1A/RUE E. FREYSSINET,48.94459,4.39848,Plein jour,En agglomération,Intersection en X,Normale,Deux véhicules - frontale,,,,,,,,,,,1,2,2,1,1.0
201600028201,0016-08-16 15:50:00,16,8,16,15,50,510,108,RUE LAVOISIER,48.96891,4.35773,Plein jour,En agglomération,Hors intersection,Normale,Autre collision,,,,,,,,,,,1,2,1,1,6.0
201600028202,0016-08-30 14:24:00,16,8,30,14,24,510,108,RUE CARNOT,48.95365,4.36642,Plein jour,En agglomération,Hors intersection,Normale,Autre collision,,,,,,,,,,,1,2,1,1,6.0
201600028203,0016-09-02 18:40:00,16,9,2,18,40,510,483,D3,48.97616,4.2914,Plein jour,Hors agglomération,Giratoire,Normale,Sans collision,,,,,,,,,,,1,1,6,1,7.0
201600028204,0016-10-05 13:05:00,16,10,5,13,5,510,108,RUE D'ORLEANS,48.95185,4.34943,Plein jour,En agglomération,Hors intersection,Normale,Deux véhicules - côté,,,,,,,,,,,1,2,1,1,3.0
201600028205,0016-10-05 16:45:00,16,10,5,16,45,510,108,D1/PARC DES EXPOS,48.94539,4.3795,Plein jour,En agglomération,Intersection en X,Normale,Deux véhicules - côté,,,,,,,,,,,1,2,2,1,3.0
201600028206,0016-10-14 15:45:00,16,10,14,15,45,510,506,RUE DES PATURES/CARPION,48.9475,4.38325,Plein jour,En agglomération,Intersection en T,Normale,Deux véhicules - côté,,,,,,,,,,,1,2,3,1,3.0
201600028207,0016-10-28 19:25:00,16,10,28,19,25,510,242,DE BRUXELLES/DE DUBLIN,48.94922,4.33073,Plein jour,En agglomération,Intersection en X,Normale,Deux véhicules - côté,,,,,,,,,,,1,2,2,1,3.0
201600028208,0016-11-30 12:00:00,16,11,30,12,0,510,108,RUE CARNOT/RUE VARIN,48.95278,4.36713,Plein jour,En agglomération,Intersection en T,Normale,Autre collision,,,,,,,,,,,1,2,3,1,6.0
201600028209,0016-12-06 07:42:00,16,12,6,7,42,510,108,QUAI EUGENE PERRIER,48.9594,4.36122,Crépuscule ou aube,En agglomération,Hors intersection,Normale,Autre collision,,,,,,,,,,,2,2,1,1,6.0
201600028210,0016-12-11 06:21:00,16,12,11,6,21,510,108,BOULEVARD VICTOR HUGO,48.954,4.3584,Nuit avec éclairage allumé,En agglomération,Hors intersection,Pluie légère,Autre collision,,,,,,,,,,,5,2,1,2,6.0
201600028211,0016-12-20 09:40:00,16,12,20,9,40,510,108,116 FBG SAINT ANTOINE,48.96741,4.35274,Plein jour,En agglomération,Hors intersection,Normale,Autre collision,,,,,,,,,,,1,2,1,1,6.0
201600028212,0016-12-27 18:25:00,16,12,27,18,25,510,108,RUE DES VIVIERS,48.95745,4.36095,Nuit avec éclairage allumé,En agglomération,Giratoire,Normale,Autre collision,,,,,,,,,,,5,2,6,1,6.0
201600028213,0016-01-28 21:00:00,16,1,28,21,0,510,230,AVE GENERAL MARGUERITTE,49.02965,3.95401,Nuit avec éclairage allumé,En agglomération,Hors intersection,Normale,Autre collision,,,,,,,,,,,5,2,1,1,6.0
201600028214,0016-02-24 14:11:00,16,2,24,14,11,510,230,AVENUE DU MARECHAL FOCH,49.0379,3.94919,Plein jour,Hors agglomération,Hors intersection,Normale,Autre collision,,,,,,,,,,,1,1,1,1,6.0
201600028215,0016-05-05 16:10:00,16,5,5,16,10,510,663,15 ALFR. ANATO. THEVENET,49.04774,3.96494,Plein jour,En agglomération,Hors intersection,Normale,Autre collision,,,,,,,,,,,1,2,1,1,6.0
201600028216,0016-06-04 07:00:00,16,6,4,7,0,510,663,AVE A A THEVENET/G FORET,49.05393,3.96511,Plein jour,En agglomération,Intersection en T,Normale,Deux véhicules - côté,,,,,,,,,,,1,2,3,1,3.0
201600028217,0016-07-02 14:04:00,16,7,2,14,4,510,30,D1,49.053,4.00131,Plein jour,Hors agglomération,Hors intersection,Normale,Deux véhicules - frontale,,,,,,,,,,,1,1,1,1,1.0
201600028218,0016-07-11 01:05:00,16,7,11,1,5,510,230,R. R. GODARD/M. CERVEAUX,49.03822,3.96474,Nuit avec éclairage allumé,En agglomération,Intersection en X,Normale,Deux véhicules - côté,,,,,,,,,,,5,2,2,1,3.0
201600028219,0016-07-17 00:17:00,16,7,17,0,17,510,230,R. J. MOET/MENDES FRANCE,49.04474,3.95906,Nuit avec éclairage allumé,En agglomération,Intersection en X,Normale,Deux véhicules - côté,,,,,,,,,,,5,2,2,1,3.0
201600028220,0016-09-26 07:26:00,16,9,26,7,26,510,390,AVE DU MONT FELIX/D951,49.00987,3.92255,Plein jour,Hors agglomération,Intersection en X,Normale,Deux véhicules - côté,,,,,,,,,,,1,1,2,1,3.0