accident_id,datetime,annee,mois,jour,heure,minute,departement,commune_insee,adresse,latitude,longitude,luminosite,agglomeration,intersection,meteo,collision,nb_vehicules,nb_usagers,nb_indemnes,nb_tues,nb_blesses_hosp,nb_blesses_legers,age_cond_1,age_cond_2,veh_type_cond_1,veh_type_cond_2,lum_code,agg_code,int_code,atm_code,col_code
201600028221,0016-10-05 15:50:00,16,10,5,15,50,510,230,P. CHANDON/DES JANCELINS,49.03916,3.95273,Plein jour,En agglomération,Intersection en X,Normale,Deux véhicules - arrière,,,,,,,,,,,1,2,2,1,2.0
201600028222,0016-10-17 18:30:00,16,10,17,18,30,510,30,D1/BOULEVARD PASTEUR,49.05538,3.99843,Plein jour,En agglomération,Intersection en T,Normale,Autre collision,,,,,,,,,,,1,2,3,1,6.0
201600028223,0016-11-07 13:50:00,16,11,7,13,50,510,431,DE GAULLE/DE L'EGALITE,49.01836,3.93769,Plein jour,En agglomération,Intersection en X,Normale,Deux véhicules - côté,,,,,,,,,,,1,2,2,1,3.0
201600028224,0016-01-05 17:50:00,16,1,5,17,50,510,454,BD H. VASNIER/RUE GOIOT,49.24601,4.04676,Nuit avec éclairage allumé,En agglomération,Intersection en X,Pluie légère,Autre collision,,,,,,,,,,,5,2,2,2,6.0
201600028225,0016-01-05 19:00:00,16,1,5,19,0,510,454,BD WILSON/MAISON BLANCHE,49.23624,4.02625,Nuit avec éclairage allumé,En agglomération,Intersection en X,Pluie légère,Trois véhicules et plus - collisions multiples,,,,,,,,,,,5,2,2,2,5.0
201600028226,0016-01-06 14:30:00,16,1,6,14,30,510,454,RUE PONSARDIN,49.25681,4.03819,Plein jour,En agglomération,Hors intersection,Normale,Autre collision,,,,,,,,,,,1,2,1,1,6.0
201600028227,0016-01-07 06:45:00,16,1,7,6,45,510,454,32 AVENUE HOCHE,49.23282,4.06322,Nuit avec éclairage allumé,En agglomération,Hors intersection,Pluie légère,Deux véhicules - arrière,,,,,,,,,,,5,2,1,2,2.0
201600028228,0016-01-08 13:25:00,16,1,8,13,25,510,55,ROUTE DE BETHENY,49.26993,4.04894,Plein jour,En agglomération,Hors intersection,Normale,Autre collision,,,,,,,,,,,1,2,1,1,6.0
201600028229,0016-01-09 10:30:00,16,1,9,10,30,510,454,RUE DE NEUFCHATEL,49.27794,4.02691,Plein jour,En agglomération,Hors intersection,Pluie légère,Trois véhicules et plus - en chaîne,,,,,,,,,,,1,2,1,2,4.0
201600028230,0016-01-10 19:30:00,16,1,10,19,30,510,454,DE MULHOUSE/TECHOUYERES,49.24348,4.01557,Nuit avec éclairage allumé,En agglomération,Intersection en X,Pluie légère,Deux véhicules - côté,,,,,,,,,,,5,2,2,2,3.0
201600028231,0016-01-11 07:25:00,16,1,11,7,25,510,474,CHEMIN DE SAINT THIERRY,49.28072,3.99916,Nuit sans éclairage public,En agglomération,Hors intersection,Pluie légère,Sans collision,,,,,,,,,,,3,2,1,2,7.0
201600028232,0016-01-11 17:05:00,16,1,11,17,5,510,454,HALLES DU BOULINGRIN,49.26077,4.0309,Crépuscule ou aube,En agglomération,Hors intersection,Temps couvert,Autre collision,,,,,,,,,,,2,2,1,8,6.0
201600028233,0016-01-12 12:00:00,16,1,12,12,0,510,454,29 RUE FRANCOIS DOR,49.24661,4.01,Plein jour,En agglomération,Hors intersection,Normale,Autre collision,,,,,,,,,,,1,2,1,1,6.0
201600028234,0016-01-12 16:00:00,16,1,12,16,0,510,454,V. COUTURIER/FOULQUART,49.27738,4.01077,Plein jour,En agglomération,Intersection à plus de 4 branches,Normale,Autre collision,,,,,,,,,,,1,2,5,1,6.0
201600028235,0016-01-13 12:25:00,16,1,13,12,25,510,55,2 ROUTE DE REIMS,49.28318,4.05661,Plein jour,En agglomération,Hors intersection,Normale,Deux véhicules - côté,,,,,,,,,,,1,2,1,1,3.0
201600028236,0016-01-14 17:30:00,16,1,14,17,30,510,454,AVE DU GENERAL BONAPARTE,49.22966,4.00797,Nuit avec éclairage allumé,En agglomération,Hors intersection,Normale,Autre collision,,,,,,,,,,,5,2,1,1,6.0
201600028237,0016-01-18 08:45:00,16,1,18,8,45,510,454,48 BOULEVARD DES BELGES,49.27615,4.02223,Plein jour,En agglomération,Hors intersection,Normale,Autre collision,,,,,,,,,,,1,2,1,1,6.0
201600028238,0016-01-18 16:10:00,16,1,18,16,10,510,454,J. BROCHET/S. BAZELAIRE,49.29045,4.02413,Plein jour,En agglomération,Intersection en X,Normale,Deux véhicules - côté,,,,,,,,,,,1,2,2,1,3.0
201600028239,0016-01-20 07:50:00,16,1,20,7,50,510,454,ST MARCEAUX/G. LAURENT,49.25535,4.04636,Nuit avec éclairage allumé,En agglomération,Intersection à plus de 4 branches,Normale,Deux véhicules - frontale,,,,,,,,,,,5,2,5,1,1.0
201600028240,0016-01-20 17:00:00,16,1,20,17,0,510,454,BD FRANCHET D'ESPEREY,49.2418,4.0174,Plein jour,En agglomération,Giratoire,Normale,Deux véhicules - arrière,,,,,,,,,,,1,2,6,1,2.0
201600028241,0016-01-20 18:00:00,16,1,20,18,0,510,454,154 BOULEVARD DAUPHINOT,49.25807,4.05607,Nuit avec éclairage allumé,En agglomération,Hors intersection,Normale,Deux véhicules - côté,,,,,,,,,,,5,2,1,1,3.0
201600028242,0016-01-27 09:25:00,16,1,27,9,25,510,454,R. MAGDELEINE/BACQUENOIS,49.25254,4.02233,Plein jour,En agglomération,Intersection en X,Pluie légère,Deux véhicules - côté,,,,,,,,,,,1,2,2,2,3.0
201600028243,0016-01-28 10:20:00,16,1,28,10,20,510,454,AVENUE DE LAON,49.2702,4.02215,Plein jour,En agglomération,Hors intersection,Normale,Deux véhicules - frontale,,,,,,,,,,,1,2,1,1,1.0
201600028244,0016-01-30 11:35:00,16,1,30,11,35,510,454,RUE DU GENERAL KOENIG,49.22605,4.02158,Plein jour,En agglomération,Hors intersection,Pluie forte,Deux véhicules - frontale,,,,,,,,,,,1,2,1,3,1.0
201600028245,0016-01-30 19:30:00,16,1,30,19,30,510,454,133 RUE DE COURCELLES,49.26732,4.00152,Nuit avec éclairage allumé,En agglomération,Hors intersection,Normale,Deux véhicules - arrière,,,,,,,,,,,5,2,1,1,2.0
201600028246,0016-02-03 16:15:00,16,2,3,16,15,510,172,RUE DES BLANCS MONTS,49.2161,4.0576,Plein jour,En agglomération,Giratoire,Pluie légère,Autre collision,,,,,,,,,,,1,2,6,2,6.0
201600028247,0016-02-04 06:52:00,16,2,4,6,52,510,454,RUE ANDRE HUET,49.27209,4.00985,Nuit avec éclairage allumé,En agglomération,Hors intersection,Normale,Autre collision,,,,,,,,,,,5,2,1,1,6.0
201600028248,0016-02-04 18:12:00,16,2,4,18,12,510,573,AVENUE DU 29 AOUT 1944,49.24807,3.9965,Nuit avec éclairage allumé,En agglomération,Hors intersection,Pluie forte,Autre collision,,,,,,,,,,,5,2,1,3,6.0
201600028249,0016-02-05 14:00:00,16,2,5,14,0,510,454,BD CHARLES ARNOULD,49.25991,4.00882,Plein jour,Hors agglomération,Hors intersection,Normale,Trois véhicules et plus - en chaîne,,,,,,,,,,,1,1,1,1,4.0
201600028250,0016-02-05 18:10:00,16,2,5,18,10,510,454,RUE P.MAITRE/AVE BREBANT,49.26287,4.00384,Nuit avec éclairage allumé,En agglomération,Intersection à plus de 4 branches,Normale,Deux véhicules - côté,,,,,,,,,,,5,2,5,1,3.0
201600028251,0016-02-05 12:25:00,16,2,5,12,25,510,454,RUE BRUYANT,49.25913,4.01473,Plein jour,En agglomération,Hors intersection,Normale,Deux véhicules - arrière,,,,,,,,,,,1,2,1,1,2.0
201600028252,0016-02-09 12:40:00,16,2,9,12,40,510,454,"1, DAUPHINOT (BOULEVARD)",49.26388,4.0575,Plein jour,En agglomération,Hors intersection,Normale,Autre collision,,,,,,,,,,,1,2,1,1,6.0
201600028253,0016-02-09 19:00:00,16,2,9,19,0,510,454,4 AVENUE BREBANT,49.25418,4.01742,Nuit avec éclairage allumé,En agglomération,Hors intersection,Normale,Deux véhicules - côté,,,,,,,,,,,5,2,1,1,3.0
201600028254,0016-02-10 13:55:00,16,2,10,13,55,510,454,16 A 28 AVENUE BREBANT,49.25523,4.01577,Plein jour,En agglomération,Hors intersection,Pluie légère,Trois véhicules et plus - en chaîne,,,,,,,,,,,1,2,1,2,4.0
201600028255,0016-02-11 10:40:00,16,2,11,10,40,510,454,13 BD DR HENRI HENROT,49.24457,4.03273,Plein jour,En agglomération,Hors intersection,Normale,Deux véhicules - arrière,,,,,,,,,,,1,2,1,1,2.0
201600028256,0016-02-12 18:25:00,16,2,12,18,25,510,454,AVE DE LAON/H. LECOMPTE,49.27722,4.01606,Crépuscule ou aube,En agglomération,Intersection en T,Pluie légère,Autre collision,,,,,,,,,,,2,2,3,2,6.0
201600028257,0016-02-14 20:05:00,16,2,14,20,5,510,454,33 RUE LIBERGIER,49.25203,4.0293,Nuit avec éclairage allumé,En agglomération,Hors intersection,Normale,Deux véhicules - arrière,,,,,,,,,,,5,2,1,1,2.0
201600028258,0016-02-13 13:05:00,16,2,13,13,5,510,454,AVENUE DE CHAMPAGNE,49.21414,4.01642,Plein jour,En agglomération,Hors intersection,Pluie légère,Deux véhicules - arrière,,,,,,,,,,,1,2,1,2,2.0
201600028259,0016-02-15 12:35:00,16,2,15,12,35,510,454,R CDT LAMY/DE NEUFCHATEL,49.27886,4.02698,Plein jour,En agglomération,Intersection en T,Normale,Deux véhicules - frontale,,,,,,,,,,,1,2,3,1,1.0
201600028260,0016-02-16 12:48:00,16,2,16,12,48,510,454,GAL KOENIG/S. KOCHMANN,49.22572,4.02055,Plein jour,En agglomération,Intersection en X,Normale,Deux véhicules - frontale,,,,,,,,,,,1,2,2,1,1.0
201600028261,0016-02-18 19:00:00,16,2,18,19,0,510,454,RUE DU DR SCHWEITZER,49.27996,4.0214,Nuit avec éclairage allumé,En agglomération,Hors intersection,Pluie légère,Autre collision,,,,,,,,,,,5,2,1,2,6.0
201600028262,0016-02-19 13:30:00,16,2,19,13,30,510,454,BOULEVARD DAUPHINOT,49.26017,4.0565,Plein jour,Hors agglomération,Hors intersection,Normale,Autre collision,,,,,,,,,,,1,1,1,1,6.0
201600028263,0016-02-20 09:35:00,16,2,20,9,35,510,454,68 BOULEVARD POMMERY,49.25497,4.05485,Plein jour,En agglomération,Hors intersection,Pluie légère,Autre collision,,,,,,,,,,,1,2,1,2,6.0
201600028264,0016-02-23 12:20:00,16,2,23,12,20,510,454,PLACE SAINT NICAISE,49.2439,4.04555,Plein jour,En agglomération,Place,Normale,Deux véhicules - frontale,,,,,,,,,,,1,2,7,1,1.0
201600028265,0016-02-23 15:45:00,16,2,23,15,45,510,454,R. MAGDELEINE/BACQUENOIS,49.2526,4.02229,Plein jour,En agglomération,Intersection en X,Normale,Autre collision,,,,,,,,,,,1,2,2,1,6.0
201600028266,0016-02-26 06:20:00,16,2,26,6,20,510,454,C.CHEZEL/BD DR H. HENROT,49.24176,4.03601,Nuit avec éclairage allumé,En agglomération,Intersection en X,Normale,Autre collision,,,,,,,,,,,5,2,2,1,6.0
201600028267,0016-02-26 06:55:00,16,2,26,6,55,510,454,BD L BARTHOU/AV A SERBIE,49.2324,4.0331,Nuit avec éclairage allumé,En agglomération,Giratoire,Normale,Autre collision,,,,,,,,,,,5,2,6,1,6.0
201600028268,0016-02-29 19:35:00,16,2,29,19,35,510,454,MAISON BLANCHE/PD WILSON,49.23611,4.02609,Plein jour,Hors agglomération,Intersection en X,Normale,Deux véhicules - arrière,,,,,,,,,,,1,1,2,1,2.0
201600028269,0016-03-02 08:25:00,16,3,2,8,25,510,454,R DE VENISE/DES CAPUCINS,49.2475,4.03378,Plein jour,En agglomération,Intersection en X,Pluie légère,Autre collision,,,,,,,,,,,1,2,2,2,6.0
201600028270,0016-03-03 07:55:00,16,3,3,7,55,510,454,11 RUE GASTON BOYER,49.26164,4.02031,Plein jour,En agglomération,Hors intersection,Normale,Deux véhicules - arrière,,,,,,,,,,,1,2,1,1,2.0
201600028271,0016-03-05 13:50:00,16,3,5,13,50,510,454,PLACE MAX ROUSSEAUX,49.2646,4.0102,Plein jour,En agglomération,Giratoire,Normale,Deux véhicules - côté,,,,,,,,,,,1,2,6,1,3.0
201600028272,0016-03-07 12:10:00,16,3,7,12,10,510,454,30 RUE GERUZEZ,49.26432,4.01872,Plein jour,En agglomération,Hors intersection,Normale,Autre collision,,,,,,,,,,,1,2,1,1,6.0
201600028273,0016-03-07 17:50:00,16,3,7,17,50,510,454,BD ALBERT 1ER/COUTURIER,49.2733,4.01471,Plein jour,En agglomération,Intersection en X,Pluie légère,Autre collision,,,,,,,,,,,1,2,2,2,6.0
201600028274,0016-03-08 16:20:00,16,3,8,16,20,510,454,BD H.VASNIER/VICTOR HUGO,49.24785,4.04387,Plein jour,En agglomération,Intersection en T,Normale,Deux véhicules - côté,,,,,,,,,,,1,2,3,1,3.0
201600028275,0016-03-10 10:45:00,16,3,10,10,45,510,454,AVE D'EPERNAY/R DE ROUEN,49.23415,4.01403,Plein jour,En agglomération,Intersection en T,Normale,Deux véhicules - arrière,,,,,,,,,,,1,2,3,1,2.0
201600028276,0016-03-10 13:30:00,16,3,10,13,30,510,454,RUE DE CERNAY/TASSIGNY,49.25726,4.06299,Plein jour,En agglomération,Intersection en X,Normale,Deux véhicules - côté,,,,,,,,,,,1,2,2,1,3.0
201600028277,0016-03-11 14:20:00,16,3,11,14,20,510,454,35 BD DU GAL LECLERC,49.25544,4.02336,Plein jour,En agglomération,Hors intersection,Normale,Trois véhicules et plus - en chaîne,,,,,,,,,,,1,2,1,1,4.0
201600028278,0016-03-11 17:10:00,16,3,11,17,10,510,454,BRET. ACCES PT DE GAULLE,49.24936,4.02447,Plein jour,En agglomération,Hors intersection,Normale,Deux véhicules - arrière,,,,,,,,,,,1,2,1,1,2.0
201600028279,0016-03-12 11:00:00,16,3,12,11,0,510,454,BOULEVARD JULES CESAR,49.2638,4.03252,Plein jour,En agglomération,Hors intersection,Normale,Deux véhicules - arrière,,,,,,,,,,,1,2,1,1,2.0
201600028280,0016-03-13 14:30:00,16,3,13,14,30,510,454,D944,49.23382,4.07941,Plein jour,Hors agglomération,Hors intersection,Normale,Autre collision,,,,,,,,,,,1,1,1,1,6.0
201600028281,0016-03-14 13:25:00,16,3,14,13,25,510,454,VASCO DE GAMMA/A. CAMUS,49.22725,4.03286,Plein jour,En agglomération,Hors intersection,Normale,Autre collision,,,,,,,,,,,1,2,1,1,6.0
201600028282,0016-03-14 16:15:00,16,3,14,16,15,510,454,AVENUE DU MARECHAL JUIN,49.22017,4.02055,Plein jour,En agglomération,Giratoire,Normale,Deux véhicules - arrière,,,,,,,,,,,1,2,6,1,2.0
201600028283,0016-03-16 10:00:00,16,3,16,10,0,510,58,R.DE BROGLIE/J. MELINE,49.21626,4.00214,Plein jour,En agglomération,Intersection en X,Normale,Deux véhicules - côté,,,,,,,,,,,1,2,2,1,3.0
201600028284,0016-03-17 03:05:00,16,3,17,3,5,510,454,63 RUE DU GRAND CERF,49.24397,4.04284,Nuit avec éclairage allumé,En agglomération,Hors intersection,Normale,Autre collision,,,,,,,,,,,5,2,1,1,6.0
201600028285,0016-03-17 11:15:00,16,3,17,11,15,510,454,RUE PONSARDIN,49.25692,4.03808,Plein jour,En agglomération,Hors intersection,Normale,Deux véhicules - côté,,,,,,,,,,,1,2,1,1,3.0
201600028286,0016-03-19 22:20:00,16,3,19,22,20,510,454,BD ALBERT 1ER/ST THIERRY,49.27207,4.0126,Nuit avec éclairage allumé,En agglomération,Intersection en X,Normale,Autre collision,,,,,,,,,,,5,2,2,1,6.0
201600028287,0016-03-19 20:30:00,16,3,19,20,30,510,454,R C. CHEZEL/LEDRU ROLLIN,49.24047,4.03289,Nuit avec éclairage allumé,En agglomération,Intersection en T,Normale,Deux véhicules - frontale,,,,,,,,,,,5,2,3,1,1.0
201600028288,0016-03-24 08:45:00,16,3,24,8,45,510,454,BD CARTERET/JEAN JAURES,49.26014,4.0472,Plein jour,En agglomération,Intersection en X,Normale,Autre collision,,,,,,,,,,,1,2,2,1,6.0
201600028289,0016-03-24 14:25:00,16,3,24,14,25,510,454,RUE GERBERT,49.25102,4.04087,Plein jour,En agglomération,Intersection en X,Normale,Autre collision,,,,,,,,,,,1,2,2,1,6.0
201600028290,0016-03-25 10:20:00,16,3,25,10,20,510,58,A. DE GASPERI/,49.22145,4.0012,Plein jour,Hors agglomération,Intersection en X,Normale,Deux véhicules - côté,,,,,,,,,,,1,1,2,1,3.0
201600028291,0016-03-25 17:15:00,16,3,25,17,15,510,454,BRETELLE BD DES TONDEURS,49.27833,4.00422,Plein jour,En agglomération,Hors intersection,Normale,Autre collision,,,,,,,,,,,1,2,1,1,6.0
201600028292,0016-03-30 12:20:00,16,3,30,12,20,510,454,ZOLA/DES TROIS PILIERS,49.26736,4.02696,Plein jour,Hors agglomération,Intersection en T,Normale,Deux véhicules - côté,,,,,,,,,,,1,1,3,1,3.0
201600028293,0016-04-01 23:40:00,16,4,1,23,40,510,454,RUE PLUCHE/PL DU FORUM,49.25711,4.03439,Nuit avec éclairage allumé,En agglomération,Intersection en X,Normale,Deux véhicules - côté,,,,,,,,,,,5,2,2,1,3.0
201600028294,0016-04-04 17:30:00,16,4,4,17,30,510,454,40 RUE RAYMOND POINCARE,49.28108,4.01839,Plein jour,En agglomération,Hors intersection,Normale,Autre collision,,,,,,,,,,,1,2,1,1,6.0
201600028295,0016-04-06 09:00:00,16,4,6,9,0,510,454,CH. ARNOULD/BROSSOLETTE,49.26691,4.0162,Plein jour,En agglomération,Intersection en X,Normale,Deux véhicules - côté,,,,,,,,,,,1,2,2,1,3.0
201600028296,0016-04-06 13:50:00,16,4,6,13,50,510,58,R. J. MELINE/DE BROGLIE,49.21629,4.00204,Plein jour,En agglomération,Intersection en X,Normale,Deux véhicules - côté,,,,,,,,,,,1,2,2,1,3.0
201600028297,0016-04-06 16:55:00,16,4,6,16,55,510,454,R. DU CHALET/E. LEFEVRE,49.26722,4.05101,Plein jour,En agglomération,Intersection en X,Normale,Deux véhicules - frontale,,,,,,,,,,,1,2,2,1,1.0
201600028298,0016-04-11 16:55:00,16,4,11,16,55,510,454,21 RUE VAUBAN,49.22216,4.02759,Plein jour,En agglomération,Hors intersection,Normale,Autre collision,,,,,,,,,,,1,2,1,1,6.0
201600028299,0016-04-12 11:15:00,16,4,12,11,15,510,454,22 BIS BD L. ROEDERER,49.25683,4.02292,Plein jour,Hors agglomération,Hors intersection,Normale,Deux véhicules - côté,,,,,,,,,,,1,1,1,1,3.0
201600028300,0016-04-16 10:35:00,16,4,16,10,35,510,454,BOULEVARD LUNDY,49.25769,4.03878,Plein jour,En agglomération,Giratoire,Normale,Autre collision,,,,,,,,,,,1,2,6,1,6.0
201600028301,0016-04-16 19:30:00,16,4,16,19,30,510,454,PARKING RUE HINCMAR,49.24974,4.02609,Plein jour,En agglomération,Hors intersection,Pluie légère,Autre collision,,,,,,,,,,,1,2,1,2,6.0
201600028302,0016-04-14 12:13:00,16,4,14,12,13,510,454,BOULEVARD PAUL DOUMER,49.24669,4.02982,Plein jour,En agglomération,Hors intersection,Normale,Deux véhicules - arrière,,,,,,,,,,,1,2,1,1,2.0
201600028303,0016-04-18 18:55:00,16,4,18,18,55,510,454,RUES GERUZEZ/MALDAN,49.26386,4.01797,Plein jour,En agglomération,Intersection en X,Normale,Deux véhicules - côté,,,,,,,,,,,1,2,2,1,3.0
201600028304,0016-04-20 18:15:00,16,4,20,18,15,510,454,AVENUE GEORGES POMPIDOU,49.21817,4.02684,Plein jour,Hors agglomération,Hors intersection,Temps éblouissant,Trois véhicules et plus - collisions multiples,,,,,,,,,,,1,1,1,7,5.0
201600028305,0016-04-20 19:00:00,16,4,20,19,0,510,454,ROND POINT DE CHAMPAGNE,49.21374,4.01579,Plein jour,En agglomération,Giratoire,Normale,Deux véhicules - arrière,,,,,,,,,,,1,2,6,1,2.0
201600028306,0016-04-18 11:25:00,16,4,18,11,25,510,454,D944/AVE NATIONALE,49.28609,4.00846,Plein jour,En agglomération,Hors intersection,Normale,Trois véhicules et plus - en chaîne,,,,,,,,,,,1,2,1,1,4.0
201600028307,0016-04-21 15:00:00,16,4,21,15,0,510,454,DE COURCELLE/VERNOUILLET,49.25933,4.02044,Plein jour,En agglomération,Intersection en X,Normale,Deux véhicules - frontale,,,,,,,,,,,1,2,2,1,1.0
201600028308,0016-04-15 16:30:00,16,4,15,16,30,510,454,AVENUE DE LAON,49.26416,4.02719,Plein jour,En agglomération,Hors intersection,Normale,Deux véhicules - arrière,,,,,,,,,,,1,2,1,1,2.0
201600028309,0016-04-22 20:00:00,16,4,22,20,0,510,454,R. DE COURCELLES/D'ARENE,49.26131,4.01874,Plein jour,En agglomération,Intersection en X,Normale,Deux véhicules - côté,,,,,,,,,,,1,2,2,1,3.0
201600028310,0016-04-23 15:50:00,16,4,23,15,50,510,454,BD ALBER 1ER/COUTURIER,49.27339,4.01489,Plein jour,En agglomération,Intersection en X,Normale,Deux véhicules - frontale,,,,,,,,,,,1,2,2,1,1.0
201600028311,0016-04-24 19:00:00,16,4,24,19,0,510,454,38 RUE DES ELUS,49.25524,4.03083,Plein jour,En agglomération,Hors intersection,Normale,Deux véhicules - côté,,,,,,,,,,,1,2,1,1,3.0
201600028312,0016-04-25 09:00:00,16,4,25,9,0,510,454,AVENUE JEAN JAURES,49.2621,4.05232,Plein jour,En agglomération,Hors intersection,Pluie légère,Autre collision,,,,,,,,,,,1,2,1,2,6.0
201600028313,0016-04-25 09:00:00,16,4,25,9,0,510,454,AVE MAL JUIN/A. SENECHAL,49.22399,4.01788,Plein jour,En agglomération,Intersection en T,Normale,Deux véhicules - côté,,,,,,,,,,,1,2,3,1,3.0
201600028314,0016-04-26 14:36:00,16,4,26,14,36,510,454,RUES E. MIGNOT/G. BOYER,49.26034,4.02229,Plein jour,En agglomération,Intersection en X,Temps couvert,Deux véhicules - côté,,,,,,,,,,,1,2,2,8,3.0
201600028315,0016-04-27 04:20:00,16,4,27,4,20,510,454,65 RUE JACQUART,49.26315,4.0407,Nuit avec éclairage allumé,En agglomération,Hors intersection,Normale,Deux véhicules - côté,,,,,,,,,,,5,2,1,1,3.0
201600028316,0016-04-27 15:50:00,16,4,27,15,50,510,454,AVE FRANCOIS MAURIAC,49.23403,3.99894,Plein jour,En agglomération,Hors intersection,Pluie légère,Autre collision,,,,,,,,,,,1,2,1,2,6.0
201600028317,0016-04-27 17:55:00,16,4,27,17,55,510,454,R. ARLETTE REMIA COUDRON,49.24731,4.01762,Plein jour,En agglomération,Hors intersection,Normale,Autre collision,,,,,,,,,,,1,2,1,1,6.0
201600028318,0016-04-30 19:35:00,16,4,30,19,35,510,454,27BIS BD ROBESPIERRE,49.26993,4.03005,Plein jour,En agglomération,Hors intersection,Normale,Deux véhicules - arrière,,,,,,,,,,,1,2,1,1,2.0
201600028319,0016-05-01 15:00:00,16,5,1,15,0,510,454,26 RUE DE TAISSY,49.23652,4.04232,Plein jour,En agglomération,Hors intersection,Normale,Deux véhicules - arrière,,,,,,,,,,,1,2,1,1,2.0
201600028320,0016-05-01 19:40:00,16,5,1,19,40,510,573,24 RUE P. DESTOUCHES,49.24548,4.00153,Plein jour,En agglomération,Hors intersection,Normale,Autre collision,,,,,,,,,,,1,2,1,1,6.0
201600028321,0016-05-01 21:15:00,16,5,1,21,15,510,454,N44,49.26849,4.02363,Crépuscule ou aube,Hors agglomération,Hors intersection,Normale,Autre collision,,,,,,,,,,,2,1,1,1,6.0
201600028322,0016-05-03 15:50:00,16,5,3,15,50,510,454,R. GERBERT/BD PASTEUR,49.25141,4.04196,Plein jour,En agglomération,Intersection en X,Normale,Deux véhicules - arrière,,,,,,,,,,,1,2,2,1,2.0
201600028323,0016-05-04 11:10:00,16,5,4,11,10,510,454,R. P. MEHAULT/MICHELET,49.22591,4.02926,Plein jour,En agglomération,Intersection en T,Normale,Deux véhicules - frontale,,,,,,,,,,,1,2,3,1,1.0
201600028324,0016-05-05 00:05:00,16,5,5,0,5,510,454,56 AVENUE JEAN JAURES,49.2586,4.0427,Nuit avec éclairage allumé,En agglomération,Hors intersection,Normale,Autre collision,,,,,,,,,,,5,2,1,1,6.0
201600028325,0016-05-10 15:25:00,16,5,10,15,25,510,454,BD PASTEUR/RUE LAGRIVE,49.2496,4.04279,Plein jour,En agglomération,Intersection en T,Pluie légère,Deux véhicules - côté,,,,,,,,,,,1,2,3,2,3.0
201600028326,0016-05-10 18:45:00,16,5,10,18,45,510,454,1 AVENUE DE PARIS,49.24906,4.01541,Plein jour,En agglomération,Hors intersection,Normale,Deux véhicules - frontale,,,,,,,,,,,1,2,1,1,1.0
201600028327,0016-05-11 18:00:00,16,5,11,18,0,510,454,R STRAVINSKI/ESPL WAGNER,49.21097,4.02622,Plein jour,En agglomération,Intersection en T,Normale,Autre collision,,,,,,,,,,,1,2,3,1,6.0
201600028328,0016-05-14 12:45:00,16,5,14,12,45,510,573,ROUTE DE SOISSONS,49.2539,3.97465,Plein jour,En agglomération,Giratoire,Normale,Trois véhicules et plus - en chaîne,,,,,,,,,,,1,2,6,1,4.0
201600028329,0016-05-14 14:07:00,16,5,14,14,7,510,172,RUE LUCIEN TROUSSET,49.213,4.04969,Plein jour,En agglomération,Hors intersection,Normale,Deux véhicules - arrière,,,,,,,,,,,1,2,1,1,2.0
201600028330,0016-05-15 14:45:00,16,5,15,14,45,510,454,RUES MAZARIN/RICHELIEU,49.21597,4.02831,Plein jour,En agglomération,Intersection en T,Normale,Deux véhicules - côté,,,,,,,,,,,1,2,3,1,3.0
201600028331,0016-05-17 16:15:00,16,5,17,16,15,510,454,IMP ET RUE DU VAL CLAIR,49.22215,4.10665,Plein jour,En agglomération,Intersection en T,Normale,Deux véhicules - côté,,,,,,,,,,,1,2,3,1,3.0
201600028332,0016-05-17 17:45:00,16,5,17,17,45,510,454,R. DU PRES. F. ROOSEVELT,49.262,4.02623,Plein jour,En agglomération,Hors intersection,Normale,Deux véhicules - côté,,,,,,,,,,,1,2,1,1,3.0
201600028333,0016-05-18 07:40:00,16,5,18,7,40,510,454,PRE AUX MOINES/AVE HOCHE,49.22996,4.06114,Plein jour,En agglomération,Intersection en T,Normale,Deux véhicules - arrière,,,,,,,,,,,1,2,3,1,2.0
201600028334,0016-05-19 12:00:00,16,5,19,12,0,510,454,PLACE ROYALE/RUE CARNOT,49.25534,4.03371,Plein jour,En agglomération,Place,Normale,Deux véhicules - côté,,,,,,,,,,,1,2,7,1,3.0
201600028335,0016-05-19 17:40:00,16,5,19,17,40,510,454,BOULEVARD LOUIS ROEDERER,49.25598,4.02173,Plein jour,En agglomération,Hors intersection,Normale,Trois véhicules et plus - en chaîne,,,,,,,,,,,1,2,1,1,4.0
201600028336,0016-05-20 17:20:00,16,5,20,17,20,510,454,6 PLACE GODINOT,49.2529,4.03747,Plein jour,En agglomération,Hors intersection,Normale,Autre collision,,,,,,,,,,,1,2,1,1,6.0
201600028337,0016-05-21 21:00:00,16,5,21,21,0,510,454,COL FABIEN/PASSE DEMOIS.,49.2492,4.01656,Crépuscule ou aube,En agglomération,Intersection en T,Normale,Trois véhicules et plus - collisions multiples,,,,,,,,,,,2,2,3,1,5.0
201600028338,0016-05-22 08:50:00,16,5,22,8,50,510,454,ORDRE NATIONAL DU MERITE,49.2423,4.02461,Plein jour,En agglomération,Giratoire,Pluie forte,Deux véhicules - côté,,,,,,,,,,,1,2,6,3,3.0
201600028339,0016-05-23 15:40:00,16,5,23,15,40,510,454,RUE DU GENERAL KOENIG,49.22761,4.02792,Plein jour,En agglomération,Hors intersection,Pluie légère,Deux véhicules - côté,,,,,,,,,,,1,2,1,2,3.0
201600028340,0016-05-25 10:00:00,16,5,25,10,0,510,454,246 RUE DE CERNAY,49.25756,4.05915,Plein jour,En agglomération,Hors intersection,Normale,Autre collision,,,,,,,,,,,1,2,1,1,6.0