accident_id,datetime,annee,mois,jour,heure,minute,departement,commune_insee,adresse,latitude,longitude,luminosite,agglomeration,intersection,meteo,collision,nb_vehicules,nb_usagers,nb_indemnes,nb_tues,nb_blesses_hosp,nb_blesses_legers,age_cond_1,age_cond_2,veh_type_cond_1,veh_type_cond_2,lum_code,agg_code,int_code,atm_code,col_code
201600028341,0016-05-25 22:40:00,16,5,25,22,40,510,454,R. DE VENISE/LT HERDUIN,49.24911,4.03697,Nuit avec éclairage allumé,En agglomération,Intersection en X,Normale,Deux véhicules - côté,,,,,,,,,,,5,2,2,1,3.0
201600028342,0016-05-26 08:15:00,16,5,26,8,15,510,454,DE VENISE/ DES CAPUCINS,49.24749,4.03373,Plein jour,En agglomération,Intersection en X,Normale,Autre collision,,,,,,,,,,,1,2,2,1,6.0
201600028343,0016-05-26 12:45:00,16,5,26,12,45,510,454,PLACE DU FORUM/R. PLUCHE,49.25709,4.03439,Plein jour,En agglomération,Intersection en X,Normale,Deux véhicules - côté,,,,,,,,,,,1,2,2,1,3.0
201600028344,0016-05-27 08:25:00,16,5,27,8,25,510,454,65 RUE DE NEUFCHATEL,49.27348,4.02663,Plein jour,En agglomération,Hors intersection,Normale,Autre collision,,,,,,,,,,,1,2,1,1,6.0
201600028345,0016-05-28 16:55:00,16,5,28,16,55,510,454,AVENUE LEON BLUM,49.22527,4.00947,Plein jour,En agglomération,Hors intersection,Normale,Autre collision,,,,,,,,,,,1,2,1,1,6.0
201600028346,0016-05-28 21:05:00,16,5,28,21,5,510,454,R. DES CAPUCINS/DU JARD,49.24873,4.03246,Crépuscule ou aube,En agglomération,Intersection en X,Normale,Deux véhicules - côté,,,,,,,,,,,2,2,2,1,3.0
201600028347,0016-05-30 06:50:00,16,5,30,6,50,510,454,A. DE SERBIE/J. BRUNEAU,49.23045,4.02716,Plein jour,En agglomération,Intersection en X,Pluie légère,Deux véhicules - frontale,,,,,,,,,,,1,2,2,2,1.0
201600028348,0016-05-30 13:45:00,16,5,30,13,45,510,454,R. SAINT THIERRY/GERUZEZ,49.27206,4.01276,Plein jour,En agglomération,Intersection en X,Pluie forte,Deux véhicules - côté,,,,,,,,,,,1,2,2,3,3.0
201600028349,0016-05-31 09:15:00,16,5,31,9,15,510,454,AVE DU GENERAL DE GAULLE,49.24592,4.01792,Plein jour,En agglomération,Hors intersection,Pluie légère,Autre collision,,,,,,,,,,,1,2,1,2,6.0
201600028350,0016-05-31 12:00:00,16,5,31,12,0,510,172,VOIE VERTE,49.22,4.06388,Plein jour,En agglomération,Hors intersection,Pluie légère,Autre collision,,,,,,,,,,,1,2,1,2,6.0
201600028351,0016-05-31 17:30:00,16,5,31,17,30,510,454,62 BD HENRI VASNIER,49.24093,4.05314,Plein jour,En agglomération,Hors intersection,Normale,Deux véhicules - arrière,,,,,,,,,,,1,2,1,1,2.0
201600028352,0016-06-03 15:00:00,16,6,3,15,0,510,454,N44/380 AVENUE DE LAON,49.27536,4.01764,Plein jour,En agglomération,Hors intersection,Normale,Deux véhicules - côté,,,,,,,,,,,1,2,1,1,3.0
201600028353,0016-06-08 11:10:00,16,6,8,11,10,510,454,D944,49.27653,4.01667,Plein jour,Hors agglomération,Hors intersection,Normale,Trois véhicules et plus - collisions multiples,,,,,,,,,,,1,1,1,1,5.0
201600028354,0016-06-08 16:50:00,16,6,8,16,50,510,454,BOULEVARD HENRI VASNIER,49.24379,4.04995,Plein jour,En agglomération,Hors intersection,Pluie légère,Trois véhicules et plus - collisions multiples,,,,,,,,,,,1,2,1,2,5.0
201600028355,0016-06-10 00:15:00,16,6,10,0,15,510,454,ALLEE DU VIGNOBLE,49.21263,4.0092,Nuit avec éclairage non allumé,Hors agglomération,Hors intersection,Normale,Autre collision,,,,,,,,,,,4,1,1,1,6.0
201600028356,0016-06-10 23:20:00,16,6,10,23,20,510,454,J. GUICHARD/ST THIERRY,49.26564,4.02074,Nuit avec éclairage allumé,En agglomération,Intersection en X,Normale,Deux véhicules - côté,,,,,,,,,,,5,2,2,1,3.0
201600028357,0016-06-14 07:50:00,16,6,14,7,50,510,454,RUE DE SILLERY,49.24865,4.04401,Plein jour,En agglomération,Hors intersection,Normale,Trois véhicules et plus - en chaîne,,,,,,,,,,,1,2,1,1,4.0
201600028358,0016-06-20 23:00:00,16,6,20,23,0,510,454,BD WILSON/F. D ESPEREY,49.24191,4.01776,Nuit avec éclairage allumé,En agglomération,Giratoire,Pluie légère,Autre collision,,,,,,,,,,,5,2,6,2,6.0
201600028359,0016-06-21 07:50:00,16,6,21,7,50,510,454,BOULEVARD POMMERY,49.25078,4.05287,Plein jour,En agglomération,Hors intersection,Normale,Trois véhicules et plus - en chaîne,,,,,,,,,,,1,2,1,1,4.0
201600028360,0016-06-21 22:32:00,16,6,21,22,32,510,454,N44,49.26245,4.02876,Nuit avec éclairage allumé,En agglomération,Hors intersection,Pluie légère,Deux véhicules - frontale,,,,,,,,,,,5,2,1,2,1.0
201600028361,0016-06-23 09:30:00,16,6,23,9,30,510,454,N44,49.27723,4.01607,Plein jour,En agglomération,Hors intersection,Normale,Autre collision,,,,,,,,,,,1,2,1,1,6.0
201600028362,0016-06-23 22:00:00,16,6,23,22,0,510,454,DE CONTANT/DE SERBIE,49.23221,4.03332,Nuit avec éclairage non allumé,En agglomération,Giratoire,Normale,Deux véhicules - côté,,,,,,,,,,,4,2,6,1,3.0
201600028363,0016-06-26 19:45:00,16,6,26,19,45,510,454,BD PASTEUR/R. GERBERT,49.25135,4.04171,Plein jour,En agglomération,Intersection en X,Normale,Autre collision,,,,,,,,,,,1,2,2,1,6.0
201600028364,0016-06-27 12:10:00,16,6,27,12,10,510,454,ROOSEVELT/FOURIAUX,49.26202,4.02599,Plein jour,En agglomération,Intersection en T,Normale,Deux véhicules - côté,,,,,,,,,,,1,2,3,1,3.0
201600028365,0016-06-28 13:15:00,16,6,28,13,15,510,454,BOULEVARD DAUPHINOT,49.25965,4.0564,Plein jour,En agglomération,Hors intersection,Normale,Autre collision,,,,,,,,,,,1,2,1,1,6.0
201600028366,0016-06-29 11:30:00,16,6,29,11,30,510,454,BD MARCELIN BERTHELOT,49.2708,4.06914,Plein jour,En agglomération,Hors intersection,Normale,Deux véhicules - arrière,,,,,,,,,,,1,2,1,1,2.0
201600028367,0016-07-01 11:00:00,16,7,1,11,0,510,454,PARKING,49.26011,4.0656,Plein jour,En agglomération,Autre intersection,Normale,Autre collision,,,,,,,,,,,1,2,9,1,6.0
201600028368,0016-07-02 21:00:00,16,7,2,21,0,510,454,BD SAINT MARCEAUX,49.25196,4.04356,Plein jour,En agglomération,Hors intersection,Normale,Deux véhicules - côté,,,,,,,,,,,1,2,1,1,3.0
201600028369,0016-07-13 17:45:00,16,7,13,17,45,510,454,RUE DU DOCTEUR LEMOINE,49.26752,4.03721,Plein jour,En agglomération,Giratoire,Normale,Deux véhicules - côté,,,,,,,,,,,1,2,6,1,3.0
201600028370,0016-07-18 20:15:00,16,7,18,20,15,510,454,R. A. THOMAS/GONZALLE,49.23586,4.04745,Plein jour,En agglomération,Intersection en T,Normale,Deux véhicules - arrière,,,,,,,,,,,1,2,3,1,2.0
201600028371,0016-07-23 08:00:00,16,7,23,8,0,510,454,BD POMMERY/DU GAL CARRE,49.25606,4.05546,Plein jour,En agglomération,Intersection en X,Normale,Deux véhicules - côté,,,,,,,,,,,1,2,2,1,3.0
201600028372,0016-07-25 11:55:00,16,7,25,11,55,510,454,RUE DE TAISSY,49.23619,4.04282,Plein jour,En agglomération,Hors intersection,Normale,Autre collision,,,,,,,,,,,1,2,1,1,6.0
201600028373,0016-07-30 23:40:00,16,7,30,23,40,510,454,RUE BELIN/PAULIN PARIS,49.26908,4.02958,Nuit avec éclairage allumé,En agglomération,Intersection en X,Normale,Deux véhicules - côté,,,,,,,,,,,5,2,2,1,3.0
201600028374,0016-08-02 16:20:00,16,8,2,16,20,510,454,RUE DE LOUVOIS,49.22804,4.03798,Plein jour,Hors agglomération,Hors intersection,Pluie légère,Autre collision,,,,,,,,,,,1,1,1,2,6.0
201600028375,0016-08-03 20:10:00,16,8,3,20,10,510,172,D9,49.21318,4.05084,Plein jour,En agglomération,Hors intersection,Normale,Deux véhicules - côté,,,,,,,,,,,1,2,1,1,3.0
201600028376,0016-08-04 09:55:00,16,8,4,9,55,510,454,ST TIMOTHEE/DES CRENEAUX,49.24345,4.04359,Plein jour,En agglomération,Intersection à plus de 4 branches,Pluie légère,Deux véhicules - côté,,,,,,,,,,,1,2,5,2,3.0
201600028377,0016-08-09 17:45:00,16,8,9,17,45,510,454,AVENUE DU MARECHAL JUIN,49.22038,4.02074,Plein jour,En agglomération,Giratoire,Normale,Autre collision,,,,,,,,,,,1,2,6,1,6.0
201600028378,0016-08-10 09:45:00,16,8,10,9,45,510,454,RUE HINCMAR,49.25206,4.03157,Plein jour,En agglomération,Hors intersection,Normale,Deux véhicules - arrière,,,,,,,,,,,1,2,1,1,2.0
201600028379,0016-08-12 15:35:00,16,8,12,15,35,510,454,BD DE LA PAIX/RUE PIPER,49.25496,4.0403,Plein jour,En agglomération,Intersection en X,Normale,Autre collision,,,,,,,,,,,1,2,2,1,6.0
201600028380,0016-08-12 17:47:00,16,8,12,17,47,510,454,RUINART BRIMONT/CERNAY,49.25742,4.04499,Plein jour,En agglomération,Intersection en X,Normale,Deux véhicules - arrière,,,,,,,,,,,1,2,2,1,2.0
201600028381,0016-08-12 19:40:00,16,8,12,19,40,510,454,BD DAUPHINOT/DE CERNAY,49.2581,4.05609,Plein jour,En agglomération,Intersection en X,Normale,Deux véhicules - frontale,,,,,,,,,,,1,2,2,1,1.0
201600028382,0016-08-12 19:45:00,16,8,12,19,45,510,454,MARCHANDEAU/BOCQUAINE,49.24398,4.02745,Plein jour,En agglomération,Intersection en X,Normale,Deux véhicules - côté,,,,,,,,,,,1,2,2,1,3.0
201600028383,0016-08-15 15:40:00,16,8,15,15,40,510,454,COURCELLES/VERNOUILLET,49.25932,4.02045,Plein jour,En agglomération,Intersection en X,Normale,Deux véhicules - côté,,,,,,,,,,,1,2,2,1,3.0
201600028384,0016-08-15 16:50:00,16,8,15,16,50,510,454,BOULEVARD DAUPHINOT/N51,49.26251,4.05692,Plein jour,En agglomération,Intersection en Y,Normale,Deux véhicules - côté,,,,,,,,,,,1,2,4,1,3.0
201600028385,0016-08-15 17:05:00,16,8,15,17,5,510,573,ROUTE DE SOISSONS,49.254,3.97446,Plein jour,En agglomération,Giratoire,Normale,Deux véhicules - arrière,,,,,,,,,,,1,2,6,1,2.0
201600028386,0016-08-16 18:40:00,16,8,16,18,40,510,454,BOULEVARD ALBERT 1ER,49.27095,4.01118,Plein jour,En agglomération,Hors intersection,Normale,Autre collision,,,,,,,,,,,1,2,1,1,6.0
201600028387,0016-08-17 10:00:00,16,8,17,10,0,510,454,BD H. HENROT/RUISSELET,49.24345,4.03407,Plein jour,En agglomération,Intersection en T,Normale,Deux véhicules - frontale,,,,,,,,,,,1,2,3,1,1.0
201600028388,0016-08-17 13:35:00,16,8,17,13,35,510,454,BOULEVARD VICTOR HUGO,49.24691,4.04406,Plein jour,En agglomération,Hors intersection,Normale,Autre collision,,,,,,,,,,,1,2,1,1,6.0
201600028389,0016-08-21 17:40:00,16,8,21,17,40,510,454,R. 2 CITE/FOSSE JEAN FAT,49.27679,4.03014,Plein jour,En agglomération,Intersection en X,Normale,Deux véhicules - côté,,,,,,,,,,,1,2,2,1,3.0
201600028390,0016-08-21 21:15:00,16,8,21,21,15,510,454,N51,49.26296,4.05713,Crépuscule ou aube,Hors agglomération,Hors intersection,Normale,Deux véhicules - frontale,,,,,,,,,,,2,1,1,1,1.0
201600028391,0016-08-24 08:00:00,16,8,24,8,0,510,454,RUE GUSTAVE PIERRE,49.27001,4.01117,Plein jour,En agglomération,Hors intersection,Normale,Autre collision,,,,,,,,,,,1,2,1,1,6.0
201600028392,0016-08-24 10:50:00,16,8,24,10,50,510,454,BD VASCO DE GAMMA,49.22327,4.0369,Plein jour,En agglomération,Hors intersection,Normale,Deux véhicules - arrière,,,,,,,,,,,1,2,1,1,2.0
201600028393,0016-08-24 13:50:00,16,8,24,13,50,510,454,D944,49.27631,4.01689,Plein jour,En agglomération,Hors intersection,Normale,Deux véhicules - arrière,,,,,,,,,,,1,2,1,1,2.0
201600028394,0016-08-26 09:02:00,16,8,26,9,2,510,454,RUE DE COURLANCY,49.24252,4.02359,Plein jour,En agglomération,Hors intersection,Normale,Deux véhicules - arrière,,,,,,,,,,,1,2,1,1,2.0
201600028395,0016-08-26 10:00:00,16,8,26,10,0,510,454,P. DOUMER/RUE DE VENISE,49.24609,4.03085,Plein jour,En agglomération,Intersection en X,Normale,Deux véhicules - arrière,,,,,,,,,,,1,2,2,1,2.0
201600028396,0016-08-26 15:30:00,16,8,26,15,30,510,454,BD DAUPHINOT/E. LEFEVRE,49.26351,4.05689,Plein jour,En agglomération,Intersection en X,Normale,Deux véhicules - côté,,,,,,,,,,,1,2,2,1,3.0
201600028397,0016-08-27 20:05:00,16,8,27,20,5,510,454,RUE PIERRE TAITTINGER,49.23606,4.00566,Plein jour,Hors agglomération,Hors intersection,Normale,Deux véhicules - frontale,,,,,,,,,,,1,1,1,1,1.0
201600028398,0016-08-28 19:50:00,16,8,28,19,50,510,454,R. DU GAL CARRE/P. FORT,49.25595,4.05701,Plein jour,En agglomération,Intersection en T,Normale,Deux véhicules - arrière,,,,,,,,,,,1,2,3,1,2.0
201600028399,0016-08-30 19:15:00,16,8,30,19,15,510,454,RUES DE VERDUN/J. URBAIN,49.2654,4.0426,Plein jour,En agglomération,Intersection en X,Normale,Deux véhicules - frontale,,,,,,,,,,,1,2,2,1,1.0
201600028400,0016-09-01 08:10:00,16,9,1,8,10,510,454,RUE GERBERT,49.25139,4.04179,Plein jour,En agglomération,Hors intersection,Normale,Deux véhicules - arrière,,,,,,,,,,,1,2,1,1,2.0
201600028401,0016-09-01 20:39:00,16,9,1,20,39,510,454,AVE FRANCOIS MAURIAC,49.23283,4.00586,Nuit avec éclairage allumé,En agglomération,Hors intersection,Normale,Deux véhicules - arrière,,,,,,,,,,,5,2,1,1,2.0
201600028402,0016-09-02 17:10:00,16,9,2,17,10,510,454,D944/AVENUE DE LAON,49.27347,4.0194,Plein jour,En agglomération,Hors intersection,Normale,Sans collision,,,,,,,,,,,1,2,1,1,7.0
201600028403,0016-09-02 20:45:00,16,9,2,20,45,510,454,QUAI DU PRE AUX MOINES,49.23142,4.05494,Crépuscule ou aube,En agglomération,Hors intersection,Normale,Autre collision,,,,,,,,,,,2,2,1,1,6.0
201600028404,0016-09-05 09:20:00,16,9,5,9,20,510,454,27 RUE DE COURCELLES,49.25889,4.0209,Plein jour,En agglomération,Hors intersection,Pluie légère,Autre collision,,,,,,,,,,,1,2,1,2,6.0
201600028405,0016-09-05 14:00:00,16,9,5,14,0,510,474,RUE DU MONT CESAR,49.28145,4.00486,Plein jour,Hors agglomération,Hors intersection,Normale,Deux véhicules - côté,,,,,,,,,,,1,1,1,1,3.0
201600028406,0016-09-07 17:15:00,16,9,7,17,15,510,454,AVE DE GAULLE/GUILLAUME,49.24629,4.01848,Plein jour,En agglomération,Intersection en X,Normale,Autre collision,,,,,,,,,,,1,2,2,1,6.0
201600028407,0016-09-08 19:40:00,16,9,8,19,40,510,454,AVE DU GENERAL DE GAULLE,49.24629,4.01848,Plein jour,En agglomération,Hors intersection,Normale,Autre collision,,,,,,,,,,,1,2,1,1,6.0
201600028408,0016-09-07 18:30:00,16,9,7,18,30,510,454,RUES GOSSET/L. FAUCHER,49.2672,4.04486,Plein jour,En agglomération,Intersection en X,Normale,Autre collision,,,,,,,,,,,1,2,2,1,6.0
201600028409,0016-09-10 08:15:00,16,9,10,8,15,510,454,RUES GAMBETTA/DES CARMES,49.24629,4.03908,Plein jour,En agglomération,Intersection en X,Normale,Deux véhicules - côté,,,,,,,,,,,1,2,2,1,3.0
201600028410,0016-09-13 17:00:00,16,9,13,17,0,510,454,CHAUSSEE BOCQUAINE,49.24229,4.03085,Plein jour,En agglomération,Intersection en Y,Normale,Deux véhicules - arrière,,,,,,,,,,,1,2,4,1,2.0
201600028411,0016-09-13 19:35:00,16,9,13,19,35,510,454,VASCO DE GAMMA/DESCARTES,49.22816,4.0358,Plein jour,En agglomération,Intersection en T,Normale,Deux véhicules - côté,,,,,,,,,,,1,2,3,1,3.0
201600028412,0016-09-14 17:10:00,16,9,14,17,10,510,454,AVE NATIONALE/DE BETHENY,49.28656,4.00802,Plein jour,En agglomération,Intersection en X,Normale,Autre collision,,,,,,,,,,,1,2,2,1,6.0
201600028413,0016-09-14 18:45:00,16,9,14,18,45,510,454,BD V.LAMBERT/CO. GRAVIER,49.2429,4.04542,Plein jour,En agglomération,Intersection en Y,Normale,Trois véhicules et plus - en chaîne,,,,,,,,,,,1,2,4,1,4.0
201600028414,0016-09-16 18:15:00,16,9,16,18,15,510,454,QUAI DU PRE AUX MOINES,49.23139,4.05492,Plein jour,En agglomération,Hors intersection,Pluie légère,Deux véhicules - côté,,,,,,,,,,,1,2,1,2,3.0
201600028415,0016-09-17 09:40:00,16,9,17,9,40,510,172,D9/RUE PARMENTIER,49.22373,4.04779,Plein jour,En agglomération,Intersection en T,Normale,Deux véhicules - côté,,,,,,,,,,,1,2,3,1,3.0
201600028416,0016-09-18 19:45:00,16,9,18,19,45,510,454,LA SOMME/DES PERVENCHES,49.24654,4.05896,Crépuscule ou aube,En agglomération,Intersection en X,Normale,Deux véhicules - côté,,,,,,,,,,,2,2,2,1,3.0
201600028417,0016-09-19 12:30:00,16,9,19,12,30,510,454,D944T,49.28132,4.01081,Plein jour,Hors agglomération,Hors intersection,Normale,Deux véhicules - arrière,,,,,,,,,,,1,1,1,1,2.0
201600028418,0016-09-20 13:00:00,16,9,20,13,0,510,454,LIBERGIER/DES CAPUCINS,49.2519,4.02895,Plein jour,En agglomération,Intersection en X,Normale,Deux véhicules - côté,,,,,,,,,,,1,2,2,1,3.0
201600028419,0016-09-20 17:15:00,16,9,20,17,15,510,454,46 BOULEVARD LUNDY,49.26087,4.03456,Plein jour,En agglomération,Hors intersection,Normale,Deux véhicules - frontale,,,,,,,,,,,1,2,1,1,1.0
201600028420,0016-09-21 18:00:00,16,9,21,18,0,510,454,21 BOULEVARD DES BELGES,49.27634,4.0242,Plein jour,En agglomération,Hors intersection,Normale,Deux véhicules - côté,,,,,,,,,,,1,2,1,1,3.0
201600028421,0016-09-21 21:30:00,16,9,21,21,30,510,454,AVENUE JEAN JAURES,49.2603,4.04741,Nuit avec éclairage allumé,Hors agglomération,Hors intersection,Normale,Sans collision,,,,,,,,,,,5,1,1,1,7.0
201600028422,0016-09-23 07:00:00,16,9,23,7,0,510,172,RUE DU DOCTEUR ROUX,49.22454,4.04577,Nuit avec éclairage allumé,En agglomération,Hors intersection,Normale,Autre collision,,,,,,,,,,,5,2,1,1,6.0
201600028423,0016-09-23 14:05:00,16,9,23,14,5,510,454,AVE DU GAL DE GAULLE,49.246,4.01823,Plein jour,En agglomération,Hors intersection,Normale,Autre collision,,,,,,,,,,,1,2,1,1,6.0
201600028424,0016-09-24 19:20:00,16,9,24,19,20,510,454,AVE JEAN JAURES/HERBIGNY,49.26058,4.04818,Plein jour,En agglomération,Intersection en X,Normale,Deux véhicules - côté,,,,,,,,,,,1,2,2,1,3.0
201600028425,0016-09-24 20:00:00,16,9,24,20,0,510,454,N44,49.2577,4.0388,Crépuscule ou aube,En agglomération,Hors intersection,Normale,Autre collision,,,,,,,,,,,2,2,1,1,6.0
201600028426,0016-09-26 12:15:00,16,9,26,12,15,510,454,D74/CLIQUOT BLERVACHE,49.25903,4.03986,Plein jour,En agglomération,Intersection en T,Normale,Deux véhicules - frontale,,,,,,,,,,,1,2,3,1,1.0
201600028427,0016-09-26 13:00:00,16,9,26,13,0,510,454,PL DE DROITS DE L'HOMME,49.24091,4.04436,Plein jour,En agglomération,Place,Normale,Deux véhicules - côté,,,,,,,,,,,1,2,7,1,3.0
201600028428,0016-09-27 20:30:00,16,9,27,20,30,510,454,AVENUE DU GAL DE GAULLE,49.246,4.01823,Nuit avec éclairage allumé,En agglomération,Hors intersection,Normale,Deux véhicules - frontale,,,,,,,,,,,5,2,1,1,1.0
201600028429,0016-09-29 08:40:00,16,9,29,8,40,510,454,RUE GERUZEZ,49.26299,4.01654,Plein jour,En agglomération,Hors intersection,Normale,Deux véhicules - arrière,,,,,,,,,,,1,2,1,1,2.0
201600028430,0016-09-29 08:40:00,16,9,29,8,40,510,454,ROBERT FULTON/DE VRILLY,49.22878,4.07116,Plein jour,En agglomération,Intersection en X,Normale,Trois véhicules et plus - collisions multiples,,,,,,,,,,,1,2,2,1,5.0
201600028431,0016-09-28 18:23:00,16,9,28,18,23,510,454,AVENUE JEAN JAURES,49.26079,4.04879,Plein jour,En agglomération,Hors intersection,Normale,Autre collision,,,,,,,,,,,1,2,1,1,6.0
201600028432,0016-09-29 12:20:00,16,9,29,12,20,510,454,RUE ROSSET,49.27614,4.0182,Plein jour,En agglomération,Hors intersection,Normale,Deux véhicules - côté,,,,,,,,,,,1,2,1,1,3.0
201600028433,0016-09-29 18:00:00,16,9,29,18,0,510,454,PLACE JEAN MOULIN,49.2552,4.06067,Plein jour,En agglomération,Hors intersection,Normale,Autre collision,,,,,,,,,,,1,2,1,1,6.0
201600028434,0016-10-01 15:45:00,16,10,1,15,45,510,454,RUE DU JARD,49.25035,4.03453,Plein jour,En agglomération,Hors intersection,Normale,Deux véhicules - côté,,,,,,,,,,,1,2,1,1,3.0
201600028435,0016-10-05 08:55:00,16,10,5,8,55,510,172,BD ALSACE LORRAINE,49.2196,4.04242,Plein jour,En agglomération,Hors intersection,Normale,Autre collision,,,,,,,,,,,1,2,1,1,6.0
201600028436,0016-10-05 13:50:00,16,10,5,13,50,510,454,AVE EPERNAY/DE NARBONNE,49.23312,4.0144,Plein jour,En agglomération,Intersection en T,Normale,Deux véhicules - frontale,,,,,,,,,,,1,2,3,1,1.0
201600028437,0016-10-05 14:20:00,16,10,5,14,20,510,454,DU CHATELET/CHANTERAINE,49.24179,4.03619,Plein jour,En agglomération,Intersection en T,Normale,Deux véhicules - côté,,,,,,,,,,,1,2,3,1,3.0
201600028438,0016-10-05 18:20:00,16,10,5,18,20,510,454,SALVADOR ALLENDE GOSSENS,49.28225,4.01245,Plein jour,En agglomération,Hors intersection,Normale,Deux véhicules - arrière,,,,,,,,,,,1,2,1,1,2.0
201600028439,0016-10-06 10:35:00,16,10,6,10,35,510,454,BOULEVARD ALBERT ER,49.26478,4.0105,Plein jour,En agglomération,Hors intersection,Normale,Deux véhicules - frontale,,,,,,,,,,,1,2,1,1,1.0
201600028440,0016-10-06 12:00:00,16,10,6,12,0,510,454,AVENUE DE CHAMPAGNE,49.23659,4.04372,Plein jour,En agglomération,Hors intersection,Normale,Deux véhicules - côté,,,,,,,,,,,1,2,1,1,3.0
201600028441,0016-10-06 18:05:00,16,10,6,18,5,510,58,DE BROGLIE/JEAN MONNET,49.21371,4.0063,Plein jour,En agglomération,Intersection en X,Normale,Deux véhicules - côté,,,,,,,,,,,1,2,2,1,3.0
201600028442,0016-10-06 20:55:00,16,10,6,20,55,510,454,QUAI DU PRE AUX MOINES,49.238,4.03938,Nuit avec éclairage allumé,En agglomération,Intersection en T,Normale,Deux véhicules - côté,,,,,,,,,,,5,2,3,1,3.0
201600028443,0016-10-08 14:10:00,16,10,8,14,10,510,454,AVENUE JEAN JAURES,49.25868,4.04284,Plein jour,En agglomération,Hors intersection,Normale,Deux véhicules - côté,,,,,,,,,,,1,2,1,1,3.0
201600028444,0016-10-08 20:10:00,16,10,8,20,10,510,454,RUE LIBERGIER/RUE CLOVIS,49.25147,4.02799,Nuit avec éclairage allumé,En agglomération,Intersection en X,Normale,Autre collision,,,,,,,,,,,5,2,2,1,6.0
201600028445,0016-10-10 05:40:00,16,10,10,5,40,510,454,AVENUE HENRI FARMAN,49.23779,4.06611,Nuit avec éclairage allumé,En agglomération,Hors intersection,Normale,Deux véhicules - arrière,,,,,,,,,,,5,2,1,1,2.0
201600028446,0016-10-10 07:45:00,16,10,10,7,45,510,454,BD ST MARCEAUX/G LAURENT,49.25548,4.04643,Plein jour,En agglomération,Intersection en X,Normale,Deux véhicules - côté,,,,,,,,,,,1,2,2,1,3.0
201600028447,0016-10-10 21:00:00,16,10,10,21,0,510,454,RUE PONSARDIN,49.25097,4.04079,Nuit avec éclairage allumé,En agglomération,Hors intersection,Normale,Autre collision,,,,,,,,,,,5,2,1,1,6.0
201600028448,0016-10-13 08:38:00,16,10,13,8,38,510,454,AVENUE DE CHAMPAGNE,49.22929,4.03226,Plein jour,En agglomération,Hors intersection,Normale,Trois véhicules et plus - en chaîne,,,,,,,,,,,1,2,1,1,4.0
201600028449,0016-10-13 18:30:00,16,10,13,18,30,510,454,R. DE NEUFCHATEL/PARKING,49.27195,4.02639,Crépuscule ou aube,En agglomération,Intersection en T,Temps couvert,Deux véhicules - côté,,,,,,,,,,,2,2,3,8,3.0
201600028450,0016-10-14 18:30:00,16,10,14,18,30,510,454,AVENUE JEAN JAURES,49.26539,4.06105,Plein jour,En agglomération,Hors intersection,Pluie légère,Autre collision,,,,,,,,,,,1,2,1,2,6.0
201600028451,0016-10-14 22:45:00,16,10,14,22,45,510,454,JEANNE D'ARC/BUIRETTE,49.25445,4.02538,Nuit avec éclairage allumé,En agglomération,Intersection en X,Pluie légère,Autre collision,,,,,,,,,,,5,2,2,2,6.0
201600028452,0016-10-15 17:30:00,16,10,15,17,30,510,454,RUE BUIRETTE,49.25485,4.0263,Plein jour,En agglomération,Hors intersection,Normale,Autre collision,,,,,,,,,,,1,2,1,1,6.0
201600028453,0016-10-15 18:25:00,16,10,15,18,25,510,573,V. COUTURIER/A. BRIAND,49.2478,4.00673,Plein jour,En agglomération,Intersection en T,Normale,Deux véhicules - frontale,,,,,,,,,,,1,2,3,1,1.0
201600028454,0016-10-17 08:40:00,16,10,17,8,40,510,454,V. COUTURIER/BARTHELEMY,49.27746,4.0106,Plein jour,En agglomération,Intersection en X,Normale,Autre collision,,,,,,,,,,,1,2,2,1,6.0
201600028455,0016-10-18 17:50:00,16,10,18,17,50,510,454,RUE VAUBAN,49.22368,4.02779,Crépuscule ou aube,En agglomération,Hors intersection,Normale,Autre collision,,,,,,,,,,,2,2,1,1,6.0
201600028456,0016-10-19 11:00:00,16,10,19,11,0,510,454,BD MARCELIN BERTHELOT,49.26977,4.06982,Plein jour,En agglomération,Hors intersection,Normale,Autre collision,,,,,,,,,,,1,2,1,1,6.0
201600028457,0016-10-19 20:30:00,16,10,19,20,30,510,454,RUE DE NICE,49.25758,4.06342,Nuit avec éclairage allumé,En agglomération,Hors intersection,Normale,Deux véhicules - arrière,,,,,,,,,,,5,2,1,1,2.0
201600028458,0016-10-20 18:15:00,16,10,20,18,15,510,454,AVENUE NATIONALE,49.28431,4.00999,Plein jour,En agglomération,Hors intersection,Pluie légère,Deux véhicules - arrière,,,,,,,,,,,1,2,1,2,2.0
201600028459,0016-10-21 14:30:00,16,10,21,14,30,510,454,AVENUE DU GENERAL GIRAUD,49.24075,4.05267,Plein jour,En agglomération,Intersection en T,Normale,Deux véhicules - arrière,,,,,,,,,,,1,2,3,1,2.0
201600028460,0016-10-21 10:55:00,16,10,21,10,55,510,454,AVENUE DU GAL GIRAUD,49.2406,4.04793,Plein jour,En agglomération,Hors intersection,Normale,Deux véhicules - côté,,,,,,,,,,,1,2,1,1,3.0
201600028461,0016-10-26 09:20:00,16,10,26,9,20,510,454,PLACE DES ARGONAUTES,49.22663,4.03443,Plein jour,En agglomération,Hors intersection,Temps couvert,Deux véhicules - arrière,,,,,,,,,,,1,2,1,8,2.0
201600028462,0016-10-26 13:15:00,16,10,26,13,15,510,454,12EME ESCADRE D'AVIATION,49.2814,4.03306,Plein jour,En agglomération,Hors intersection,Normale,Autre collision,,,,,,,,,,,1,2,1,1,6.0
201600028463,0016-10-27 15:50:00,16,10,27,15,50,510,454,AVE BREBANT/RUE TARBE,49.25517,4.01588,Plein jour,En agglomération,Intersection en T,Normale,Deux véhicules - côté,,,,,,,,,,,1,2,3,1,3.0