accident_id,datetime,annee,mois,jour,heure,minute,departement,commune_insee,adresse,latitude,longitude,luminosite,agglomeration,intersection,meteo,collision,nb_vehicules,nb_usagers,nb_indemnes,nb_tues,nb_blesses_hosp,nb_blesses_legers,age_cond_1,age_cond_2,veh_type_cond_1,veh_type_cond_2,lum_code,agg_code,int_code,atm_code,col_code
201600028464,0016-10-27 18:15:00,16,10,27,18,15,510,454,RUE DE LA HUSSELLE,49.27119,4.03648,Plein jour,Hors agglomération,Hors intersection,Normale,Sans collision,,,,,,,,,,,1,1,1,1,7.0
201600028465,0016-10-28 18:15:00,16,10,28,18,15,510,454,BOULEVARD DU DR ROUX,49.23221,4.02341,Crépuscule ou aube,En agglomération,Hors intersection,Normale,Autre collision,,,,,,,,,,,2,2,1,1,6.0
201600028466,0016-10-28 20:10:00,16,10,28,20,10,510,454,BD LOUIS ROEDERER,49.25684,4.02291,Nuit sans éclairage public,En agglomération,Hors intersection,Normale,Autre collision,,,,,,,,,,,3,2,1,1,6.0
201600028467,0016-11-02 18:20:00,16,11,2,18,20,510,454,BD DE LA PAIX/DE L'ISLE,49.25498,4.04035,Nuit avec éclairage allumé,En agglomération,Intersection en X,Normale,Deux véhicules - arrière,,,,,,,,,,,5,2,2,1,2.0
201600028468,0016-11-03 12:53:00,16,11,3,12,53,510,454,D9,49.22865,4.0372,Plein jour,En agglomération,Giratoire,Normale,Autre collision,,,,,,,,,,,1,2,6,1,6.0
201600028469,0016-11-03 17:15:00,16,11,3,17,15,510,454,AV J. JAURES/BD CARTERET,49.26019,4.04716,Crépuscule ou aube,En agglomération,Intersection en X,Normale,Deux véhicules - côté,,,,,,,,,,,2,2,2,1,3.0
201600028470,0016-11-04 10:35:00,16,11,4,10,35,510,172,DU COMMERCE/BLANCS MONTS,49.21734,4.05926,Plein jour,En agglomération,Giratoire,Normale,Deux véhicules - côté,,,,,,,,,,,1,2,6,1,3.0
201600028471,0016-11-04 17:45:00,16,11,4,17,45,510,454,D980,49.24832,4.01118,Nuit avec éclairage allumé,En agglomération,Hors intersection,Pluie légère,Autre collision,,,,,,,,,,,5,2,1,2,6.0
201600028472,0016-11-10 13:25:00,16,11,10,13,25,510,454,RUE CAMILLE LENOIR,49.26071,4.04094,Plein jour,En agglomération,Hors intersection,Normale,Autre collision,,,,,,,,,,,1,2,1,1,6.0
201600028473,0016-11-10 17:15:00,16,11,10,17,15,510,454,RUE ERNEST RENAN,49.26233,4.00974,Nuit sans éclairage public,En agglomération,Intersection en X,Pluie légère,Autre collision,,,,,,,,,,,3,2,2,2,6.0
201600028474,0016-11-10 17:50:00,16,11,10,17,50,510,454,RUE DE NEUFCHATEL,49.28446,4.02756,Nuit avec éclairage allumé,En agglomération,Hors intersection,Normale,Autre collision,,,,,,,,,,,5,2,1,1,6.0
201600028475,0016-11-13 14:55:00,16,11,13,14,55,510,454,AVENUE DE CHAMPAGNE,49.23359,4.03918,Plein jour,En agglomération,Hors intersection,Temps couvert,Deux véhicules - arrière,,,,,,,,,,,1,2,1,8,2.0
201600028476,0016-11-14 08:15:00,16,11,14,8,15,510,454,R VOLTAIRE/ST SYMPHORIEN,49.25435,4.03721,Plein jour,En agglomération,Intersection en X,Normale,Autre collision,,,,,,,,,,,1,2,2,1,6.0
201600028477,0016-11-16 15:30:00,16,11,16,15,30,510,454,RUE DES BONS MALADES,49.25071,4.01544,Plein jour,En agglomération,Hors intersection,Pluie légère,Autre collision,,,,,,,,,,,1,2,1,2,6.0
201600028478,0016-11-15 19:30:00,16,11,15,19,30,510,454,DE CHAMPAGNE/BRETELLE,49.23398,4.03978,Nuit avec éclairage allumé,En agglomération,Intersection en T,Pluie légère,Deux véhicules - côté,,,,,,,,,,,5,2,3,2,3.0
201600028479,0016-11-16 16:30:00,16,11,16,16,30,510,454,BD MARCELIN BERTHELOT,49.27317,4.06091,Crépuscule ou aube,En agglomération,Hors intersection,Normale,Trois véhicules et plus - en chaîne,,,,,,,,,,,2,2,1,1,4.0
201600028480,0016-11-16 18:00:00,16,11,16,18,0,510,454,AVENUE DECHAMPAGNE,49.22205,4.02301,Nuit avec éclairage allumé,En agglomération,Hors intersection,Normale,Trois véhicules et plus - en chaîne,,,,,,,,,,,5,2,1,1,4.0
201600028481,0016-11-17 16:12:00,16,11,17,16,12,510,454,BOULEVARD ALBERT 1ER,49.26481,4.00997,Plein jour,En agglomération,Giratoire,Normale,Deux véhicules - frontale,,,,,,,,,,,1,2,6,1,1.0
201600028482,0016-11-18 10:15:00,16,11,18,10,15,510,454,AVENUE NATIONALE,49.28323,4.01104,Plein jour,En agglomération,Hors intersection,Normale,Deux véhicules - côté,,,,,,,,,,,1,2,1,1,3.0
201600028483,0016-11-19 14:00:00,16,11,19,14,0,510,454,RUE DES COUTURES,49.24781,4.04746,Plein jour,En agglomération,Hors intersection,Normale,Deux véhicules - côté,,,,,,,,,,,1,2,1,1,3.0
201600028484,0016-11-20 09:05:00,16,11,20,9,5,510,454,RUE VERRIER,49.25327,4.05422,Plein jour,En agglomération,Intersection en X,Pluie légère,Autre collision,,,,,,,,,,,1,2,2,2,6.0
201600028485,0016-11-22 14:03:00,16,11,22,14,3,510,454,RUES CERES/BONHOMME,49.2564,4.03655,Plein jour,En agglomération,Intersection en X,Normale,Autre collision,,,,,,,,,,,1,2,2,1,6.0
201600028486,0016-11-23 19:10:00,16,11,23,19,10,510,454,BD ROBESPIERRE/LESAGE,49.26928,4.03301,Nuit avec éclairage allumé,En agglomération,Intersection en X,Temps couvert,Deux véhicules - arrière,,,,,,,,,,,5,2,2,8,2.0
201600028487,0016-11-25 09:40:00,16,11,25,9,40,510,454,BD P. WILSON/M. BLANCHE,49.23976,4.02113,Plein jour,En agglomération,Intersection en X,Normale,Deux véhicules - arrière,,,,,,,,,,,1,2,2,1,2.0
201600028488,0016-11-27 15:30:00,16,11,27,15,30,510,454,RUE DE LOUVOIS/BRETELLE,49.2313,4.03428,Plein jour,Hors agglomération,Intersection en T,Normale,Deux véhicules - côté,,,,,,,,,,,1,1,3,1,3.0
201600028489,0016-11-28 18:20:00,16,11,28,18,20,510,454,RUES PLUCHE/DU MARC,49.25712,4.03441,Nuit avec éclairage allumé,En agglomération,Intersection en X,Normale,Deux véhicules - côté,,,,,,,,,,,5,2,2,1,3.0
201600028490,0016-11-29 13:20:00,16,11,29,13,20,510,454,DU GAL KOENIG/J. JUGAN,49.22633,4.02282,Plein jour,En agglomération,Intersection en T,Normale,Deux véhicules - côté,,,,,,,,,,,1,2,3,1,3.0
201600028491,0016-11-30 13:55:00,16,11,30,13,55,510,454,BOULEVARD DAUPHINOT,49.26212,4.06095,Plein jour,En agglomération,Hors intersection,Normale,Deux véhicules - côté,,,,,,,,,,,1,2,1,1,3.0
201600028492,0016-11-30 15:10:00,16,11,30,15,10,510,454,PARKING CARREFOUR,49.26044,4.06599,Plein jour,En agglomération,Hors intersection,Temps éblouissant,Autre collision,,,,,,,,,,,1,2,1,7,6.0
201600028493,0016-12-01 07:57:00,16,12,1,7,57,510,454,BOULEVARD VICTOR HUGO,49.24682,4.0442,Plein jour,En agglomération,Intersection en X,Normale,Autre collision,,,,,,,,,,,1,2,2,1,6.0
201600028494,0016-12-02 16:10:00,16,12,2,16,10,510,454,AVE DE LAON/A. GOUSSIEZ,49.27236,4.02026,Plein jour,En agglomération,Intersection en X,Normale,Deux véhicules - côté,,,,,,,,,,,1,2,2,1,3.0
201600028495,0016-12-02 17:45:00,16,12,2,17,45,510,454,AVE D'EPERNAY/DUNKERQUE,49.23812,4.01377,Nuit avec éclairage allumé,En agglomération,Intersection en T,Normale,Deux véhicules - frontale,,,,,,,,,,,5,2,3,1,1.0
201600028496,0016-12-03 13:40:00,16,12,3,13,40,510,454,AVE DE L'YSER/PERVENCHES,49.24825,4.05881,Plein jour,En agglomération,Intersection en X,Normale,Deux véhicules - frontale,,,,,,,,,,,1,2,2,1,1.0
201600028497,0016-12-08 20:15:00,16,12,8,20,15,510,454,VERNOUILLET/COURCELLES,49.25928,4.0204,Nuit avec éclairage allumé,En agglomération,Intersection en X,Normale,Autre collision,,,,,,,,,,,5,2,2,1,6.0
201600028498,0016-12-10 13:20:00,16,12,10,13,20,510,454,7 AVENUE DE L'EUROPE,49.25434,4.06155,Plein jour,En agglomération,Autre intersection,Normale,Autre collision,,,,,,,,,,,1,2,9,1,6.0
201600028499,0016-12-10 15:35:00,16,12,10,15,35,510,454,R. GOSSET/DU DR LEMOINE,49.2656,4.03887,Plein jour,En agglomération,Intersection en X,Normale,Deux véhicules - arrière,,,,,,,,,,,1,2,2,1,2.0
201600028500,0016-12-10 14:15:00,16,12,10,14,15,510,454,RUE DE VENISE/P. DOUMER,49.24609,4.03088,Plein jour,En agglomération,Intersection en X,Normale,Deux véhicules - côté,,,,,,,,,,,1,2,2,1,3.0
201600028501,0016-12-12 15:20:00,16,12,12,15,20,510,454,R. DU BARBATRE/GERBERT,49.2502,4.0388,Plein jour,En agglomération,Intersection en X,Temps couvert,Deux véhicules - côté,,,,,,,,,,,1,2,2,8,3.0
201600028502,0016-12-13 16:10:00,16,12,13,16,10,510,454,RUE HINCMAR/RUE CLOVIS,49.25073,4.02832,Plein jour,Hors agglomération,Intersection en X,Normale,Deux véhicules - côté,,,,,,,,,,,1,1,2,1,3.0
201600028503,0016-12-13 10:20:00,16,12,13,10,20,510,454,UNION FONCIERE/COURLANCY,49.2465,4.0164,Plein jour,En agglomération,Intersection en T,Normale,Autre collision,,,,,,,,,,,1,2,3,1,6.0
201600028504,0016-12-15 19:00:00,16,12,15,19,0,510,454,72 AVENUE DE PARIS,49.2483,4.01051,Nuit avec éclairage allumé,En agglomération,Hors intersection,Normale,Deux véhicules - côté,,,,,,,,,,,5,2,1,1,3.0
201600028505,0016-12-17 20:23:00,16,12,17,20,23,510,454,39 AVENUE DE PARIS,49.24827,4.0109,Nuit avec éclairage allumé,En agglomération,Hors intersection,Brouillard / fumée,Deux véhicules - côté,,,,,,,,,,,5,2,1,5,3.0
201600028506,0016-12-20 18:00:00,16,12,20,18,0,510,454,P. V. COUTURIER/DEMOLIN,49.27246,4.01599,Nuit avec éclairage allumé,En agglomération,Intersection en T,Normale,Trois véhicules et plus - collisions multiples,,,,,,,,,,,5,2,3,1,5.0
201600028507,0016-12-22 10:30:00,16,12,22,10,30,510,454,D944,49.2496,4.0425,Plein jour,En agglomération,Hors intersection,Pluie légère,Autre collision,,,,,,,,,,,1,2,1,2,6.0
201600028508,0016-12-22 12:15:00,16,12,22,12,15,510,454,BOULEVARD FOCH,49.25927,4.02834,Plein jour,En agglomération,Hors intersection,Pluie légère,Deux véhicules - arrière,,,,,,,,,,,1,2,1,2,2.0
201600028509,0016-12-23 16:20:00,16,12,23,16,20,510,474,RUE DE LA COMMUNE,49.25884,3.99506,Plein jour,En agglomération,Hors intersection,Normale,Autre collision,,,,,,,,,,,1,2,1,1,6.0
201600028510,0016-12-23 18:00:00,16,12,23,18,0,510,454,BOULEVARD DES TONDEURS,49.27492,4.05469,Nuit avec éclairage allumé,En agglomération,Hors intersection,Normale,Trois véhicules et plus - en chaîne,,,,,,,,,,,5,2,1,1,4.0
201600028511,0016-12-14 18:00:00,16,12,14,18,0,520,121,CARNOT (AVENUE),48.12133,5.13775,Nuit avec éclairage allumé,En agglomération,Intersection en T,Normale,Deux véhicules - côté,,,,,,,,,,,5,2,3,1,3.0
201600028512,0016-10-22 20:00:00,16,10,22,20,0,520,121,LECLERC (AVENUE GENERAL),48.10693,5.14104,Nuit avec éclairage allumé,En agglomération,Intersection en T,Normale,Deux véhicules - côté,,,,,,,,,,,5,2,3,1,3.0
201600028513,0016-11-07 11:30:00,16,11,7,11,30,520,121,CARNOT (AVENUE),48.1165,5.14033,Plein jour,En agglomération,Giratoire,Temps éblouissant,Deux véhicules - arrière,,,,,,,,,,,1,2,6,7,2.0
201600028514,0016-11-26 02:25:00,16,11,26,2,25,520,121,"0, MARECHAL DE LATTRE DE",48.10673,5.14943,Nuit avec éclairage allumé,En agglomération,Hors intersection,Pluie légère,Autre collision,,,,,,,,,,,5,2,1,2,6.0
201600028515,0016-02-29 13:30:00,16,2,29,13,30,520,121,"0, ROSIERS (RUE DES)",48.10013,5.14986,Plein jour,En agglomération,Intersection en X,Normale,Deux véhicules - côté,,,,,,,,,,,1,2,2,1,3.0
201600028516,0016-03-20 19:40:00,16,3,20,19,40,520,121,"24, VOLTAIRE (BOULEVARD)",48.11408,5.14302,Nuit avec éclairage allumé,En agglomération,Hors intersection,Normale,Autre collision,,,,,,,,,,,5,2,1,1,6.0
201600028517,0016-03-25 14:45:00,16,3,25,14,45,520,121,"0, GIRARDEL (AVENUE PHIL",48.09869,5.147,Plein jour,En agglomération,Intersection en X,Pluie légère,Deux véhicules - côté,,,,,,,,,,,1,2,2,2,3.0
201600028518,0016-04-13 14:29:00,16,4,13,14,29,520,121,"1, TREFOUSSE (RUE JULES)",48.11105,5.1398,Plein jour,En agglomération,Intersection en T,Normale,Autre collision,,,,,,,,,,,1,2,3,1,6.0
201600028519,0016-04-16 17:25:00,16,4,16,17,25,520,121,"0, VOIE COMMUNALE 05",48.08513,5.10783,Plein jour,Hors agglomération,Hors intersection,Normale,Autre collision,,,,,,,,,,,1,1,1,1,6.0
201600028520,0016-04-20 17:00:00,16,4,20,17,0,520,121,GAMBETTA (BOULEVARD),48.11305,5.14394,Plein jour,En agglomération,Intersection en T,Normale,Trois véhicules et plus - collisions multiples,,,,,,,,,,,1,2,3,1,5.0
201600028521,0016-04-26 13:50:00,16,4,26,13,50,520,121,"0, ROBESPIERRE (RUE)",48.10447,5.12988,Plein jour,En agglomération,Intersection en X,Pluie légère,Deux véhicules - côté,,,,,,,,,,,1,2,2,2,3.0
201600028522,0016-04-29 16:30:00,16,4,29,16,30,520,121,REPUBLIQUE (AVENUE),48.09836,5.14519,Plein jour,En agglomération,Intersection en T,Normale,Autre collision,,,,,,,,,,,1,2,3,1,6.0
201600028523,0016-06-09 19:45:00,16,6,9,19,45,520,121,"0, SIMON (RUE RENE)",48.11351,5.14776,Plein jour,En agglomération,Intersection en X,Normale,Autre collision,,,,,,,,,,,1,2,2,1,6.0
201600028524,0016-06-09 13:35:00,16,6,9,13,35,520,121,RD 143,48.08644,5.1462,Plein jour,En agglomération,Hors intersection,Normale,Sans collision,,,,,,,,,,,1,2,1,1,7.0
201600028525,0016-06-23 07:35:00,16,6,23,7,35,520,121,R.D. 161,48.1277,5.09223,Plein jour,Hors agglomération,Hors intersection,Normale,Autre collision,,,,,,,,,,,1,1,1,1,6.0
201600028526,0016-07-06 07:25:00,16,7,6,7,25,520,121,RD 619,48.11733,5.14055,Plein jour,En agglomération,Intersection en T,Normale,Autre collision,,,,,,,,,,,1,2,3,1,6.0
201600028527,0016-07-07 12:40:00,16,7,7,12,40,520,121,RD 619 /Rue Jean Jaures,48.10797,5.14075,Plein jour,En agglomération,Intersection en T,Normale,Autre collision,,,,,,,,,,,1,2,3,1,6.0
201600028528,0016-07-09 16:10:00,16,7,9,16,10,520,121,RD 65 A,48.11686,5.12136,Plein jour,Hors agglomération,Hors intersection,Normale,Autre collision,,,,,,,,,,,1,1,1,1,6.0
201600028529,0016-09-19 18:10:00,16,9,19,18,10,520,121,RD 619,48.11312,5.14405,Plein jour,En agglomération,Intersection en T,Normale,Deux véhicules - arrière,,,,,,,,,,,1,2,3,1,2.0
201600028530,0016-08-24 14:07:00,16,8,24,14,7,520,121,"23, ASHTON UNDER LYNE (A",48.09291,5.13697,Plein jour,En agglomération,Hors intersection,Normale,Autre collision,,,,,,,,,,,1,2,1,1,6.0
201600028531,0016-09-01 12:40:00,16,9,1,12,40,520,121,RD 619 PR 31+380,48.1,5.14485,Plein jour,En agglomération,Hors intersection,Normale,Autre collision,,,,,,,,,,,1,2,1,1,6.0
201600028532,0016-09-12 17:40:00,16,9,12,17,40,520,121,RD 674,48.11751,5.155,Plein jour,En agglomération,Hors intersection,Normale,Deux véhicules - frontale,,,,,,,,,,,1,2,1,1,1.0
201600028533,0016-09-27 07:15:00,16,9,27,7,15,520,121,0  MARECHAL JUIN (BOULEV,48.09912,5.15324,Crépuscule ou aube,En agglomération,Intersection en X,Normale,Autre collision,,,,,,,,,,,2,2,2,1,6.0
201600028534,0016-09-30 17:05:00,16,9,30,17,5,520,121,RD 674,48.12779,5.19091,Plein jour,Hors agglomération,Hors intersection,Normale,Autre collision,,,,,,,,,,,1,1,1,1,6.0
201600028535,0016-01-31 15:30:00,16,1,31,15,30,520,448,"105, ETATS UNIS (AVENUE",48.63626,4.97322,Plein jour,En agglomération,Hors intersection,Pluie légère,Autre collision,,,,,,,,,,,1,2,1,2,6.0
201600028536,0016-03-11 14:30:00,16,3,11,14,30,520,448,"5, ROLLIN ( RUE RENE )",48.64552,4.96726,Plein jour,En agglomération,Hors intersection,Normale,Autre collision,,,,,,,,,,,1,2,1,1,6.0
201600028537,0016-03-13 15:00:00,16,3,13,15,0,520,448,", BLUM (RUE LEON)",48.64115,4.97109,Plein jour,En agglomération,Intersection en T,Normale,Autre collision,,,,,,,,,,,1,2,3,1,6.0
201600028538,0016-05-23 08:30:00,16,5,23,8,30,520,448,"3, TANNEURS (RUE DES)",48.63569,4.95671,Plein jour,Hors agglomération,Intersection en T,Normale,Autre collision,,,,,,,,,,,1,1,3,1,6.0
201600028539,0016-04-30 07:05:00,16,4,30,7,5,520,448,LOYES (RUE DES),48.62887,4.97164,Plein jour,En agglomération,Hors intersection,Normale,Sans collision,,,,,,,,,,,1,2,1,1,7.0
201600028540,0016-06-29 20:00:00,16,6,29,20,0,520,448,"20, DUNANT (BOULEVARD HE",48.6443,4.97076,Plein jour,En agglomération,Hors intersection,Normale,Deux véhicules - frontale,,,,,,,,,,,1,2,1,1,1.0
201600028541,0016-08-17 18:50:00,16,8,17,18,50,520,448,TROIS FONTAINES (ROUTE D,48.65276,4.93513,Plein jour,En agglomération,Intersection en T,Normale,Deux véhicules - côté,,,,,,,,,,,1,2,3,1,3.0
201600028542,0016-09-29 18:55:00,16,9,29,18,55,520,448,LOYES (RUE DES),48.62714,4.97217,Plein jour,En agglomération,Giratoire,Normale,Autre collision,,,,,,,,,,,1,2,6,1,6.0
201600028543,0016-01-08 19:34:00,16,1,8,19,34,530,130,"30, GUE D'ORGER ( RUE DU",48.0633,-0.78023,Nuit avec éclairage allumé,En agglomération,Hors intersection,Normale,Autre collision,,,,,,,,,,,5,2,1,1,6.0
201600028544,0016-01-16 11:30:00,16,1,16,11,30,530,130,MONTRONS ( CHEMIN DES ),48.08534,-0.79182,Plein jour,Hors agglomération,Hors intersection,Neige / grêle,Deux véhicules - côté,,,,,,,,,,,1,1,1,4,3.0
201600028545,0016-02-03 10:05:00,16,2,3,10,5,530,130,PARIS ( RUE DE ),48.07435,-0.75374,Plein jour,En agglomération,Intersection en T,Normale,Deux véhicules - côté,,,,,,,,,,,1,2,3,1,3.0
201600028546,0016-03-24 12:15:00,16,3,24,12,15,530,130,"173B, LE PECQ ( RUE BERN",48.07559,-0.78502,Plein jour,En agglomération,Intersection en X,Normale,Autre collision,,,,,,,,,,,1,2,2,1,6.0
201600028547,0016-04-01 16:20:00,16,4,1,16,20,530,130,AVESNIERES ( PLACE D' ),48.05982,-0.76335,Plein jour,En agglomération,Hors intersection,Normale,Autre collision,,,,,,,,,,,1,2,1,1,6.0
201600028548,0016-01-18 11:45:00,16,1,18,11,45,530,130,BESSIERES ( RUE ),48.06181,-0.75006,Plein jour,En agglomération,Hors intersection,Normale,Autre collision,,,,,,,,,,,1,2,1,1,6.0
201600028549,0016-05-04 20:30:00,16,5,4,20,30,530,201,PARIS ( AVENUE DE ),48.06857,-0.80347,Plein jour,En agglomération,Giratoire,Normale,Sans collision,,,,,,,,,,,1,2,6,1,7.0
201600028550,0016-05-18 12:40:00,16,5,18,12,40,530,130,"0, CHANZY ( AVENUE DE )",48.06701,-0.76014,Plein jour,En agglomération,Hors intersection,Normale,Deux véhicules - côté,,,,,,,,,,,1,2,1,1,3.0
201600028551,0016-06-10 19:00:00,16,6,10,19,0,530,34,RD 21,48.04169,-0.72007,Plein jour,Hors agglomération,Hors intersection,Pluie forte,Deux véhicules - côté,,,,,,,,,,,1,1,1,3,3.0
201600028552,0016-07-20 19:04:00,16,7,20,19,4,530,130,"22, CHANZY ( AVENUE DE )",48.067,-0.76021,Plein jour,En agglomération,Autre intersection,Normale,Deux véhicules - côté,,,,,,,,,,,1,2,9,1,3.0
201600028553,0016-07-09 02:12:00,16,7,9,2,12,530,201,"SANS, RD 57 VERS RENNES",48.07084,-0.84688,Nuit sans éclairage public,Hors agglomération,Hors intersection,Normale,Autre collision,,,,,,,,,,,3,1,1,1,6.0
201600028554,0016-09-08 13:05:00,16,9,8,13,5,530,54,"SANS, RD 561 VERS LOUVER",48.09852,-0.79151,Plein jour,Hors agglomération,Hors intersection,Normale,Deux véhicules - frontale,,,,,,,,,,,1,1,1,1,1.0
201600028555,0016-09-29 09:10:00,16,9,29,9,10,530,130,FOUQUET ( QUAI JEHAN ),48.06813,-0.76986,Plein jour,En agglomération,Intersection en X,Pluie légère,Autre collision,,,,,,,,,,,1,2,2,2,6.0
201600028556,0016-09-10 20:15:00,16,9,10,20,15,530,130,GAMBETTA ( QUAI ),48.07161,-0.77148,Nuit avec éclairage allumé,En agglomération,Intersection en T,Normale,Deux véhicules - côté,,,,,,,,,,,5,2,3,1,3.0
201600028557,0016-10-17 12:00:00,16,10,17,12,0,530,130,"0, TOURS ( AVENUE DE )",48.05479,-0.74374,Plein jour,En agglomération,Hors intersection,Normale,Autre collision,,,,,,,,,,,1,2,1,1,6.0
201600028558,0016-11-09 18:55:00,16,11,9,18,55,530,54,"0, RD 31 VERS LAVAL",48.09699,-0.82941,Nuit sans éclairage public,Hors agglomération,Intersection en X,Normale,Autre collision,,,,,,,,,,,3,1,2,1,6.0
201600028559,0016-11-16 18:50:00,16,11,16,18,50,530,201,"28, LIBERATION ( AVENUE",48.06939,-0.82857,Nuit avec éclairage allumé,En agglomération,Hors intersection,Pluie légère,Autre collision,,,,,,,,,,,5,2,1,2,6.0
201600028560,0016-11-10 18:25:00,16,11,10,18,25,530,130,"16, JAURES ( BOULEVARD J",48.06476,-0.78832,Nuit avec éclairage allumé,En agglomération,Intersection en T,Normale,Deux véhicules - côté,,,,,,,,,,,5,2,3,1,3.0
201600028561,0016-11-02 07:55:00,16,11,2,7,55,530,130,LEVESQUE ( RUE FRANCIS ),48.0543,-0.76573,Crépuscule ou aube,En agglomération,Intersection en T,Normale,Deux véhicules - côté,,,,,,,,,,,2,2,3,1,3.0
201600028562,0016-11-29 08:00:00,16,11,29,8,0,530,130,"101, DROUOT ( RUE )",48.05621,-0.7439,Crépuscule ou aube,En agglomération,Hors intersection,Normale,Autre collision,,,,,,,,,,,2,2,1,1,6.0
201600028563,0016-12-07 07:45:00,16,12,7,7,45,530,130,PARIS ( RUE DE ),48.07122,-0.76356,Plein jour,En agglomération,Intersection en T,Normale,Deux véhicules - côté,,,,,,,,,,,1,2,3,1,3.0
201600028564,0016-03-03 13:00:00,16,3,3,13,0,540,280,"138, FRANCHEPRE (RUE DE)",,,Plein jour,En agglomération,Hors intersection,Pluie légère,Autre collision,,,,,,,,,,,1,2,1,2,6.0
201600028565,0016-04-04 21:48:00,16,4,4,21,48,540,391,"8, METZ (RUE DE)",,,Nuit avec éclairage allumé,En agglomération,Hors intersection,Pluie légère,Autre collision,,,,,,,,,,,5,2,1,2,6.0
201600028566,0016-01-27 11:15:00,16,1,27,11,15,540,99,"1, FOCH (AVENUE DU MAREC",,,Plein jour,En agglomération,Hors intersection,Normale,Autre collision,,,,,,,,,,,1,2,1,1,6.0
201600028567,0016-05-29 06:30:00,16,5,29,6,30,540,36,906 (RD),49.27717,5.95931,Nuit sans éclairage public,Hors agglomération,Hors intersection,Normale,Deux véhicules - frontale,,,,,,,,,,,3,1,1,1,1.0
201600028568,0016-05-08 10:50:00,16,5,8,10,50,540,28,"45, EGLISE (RUE DE L')",,,Plein jour,En agglomération,Hors intersection,Normale,Autre collision,,,,,,,,,,,1,2,1,1,6.0
201600028569,0016-05-21 15:13:00,16,5,21,15,13,540,280,"135, FRANCHEPRE (RUE DE)",49.22363,6.00801,Plein jour,En agglomération,Hors intersection,Normale,Sans collision,,,,,,,,,,,1,2,1,1,7.0
201600028570,0016-07-01 10:46:00,16,7,1,10,46,540,341,146 (RD),,,Plein jour,Hors agglomération,Hors intersection,Normale,Deux véhicules - frontale,,,,,,,,,,,1,1,1,1,1.0
201600028571,0016-06-26 21:09:00,16,6,26,21,9,540,36,906 (RD),,,Crépuscule ou aube,Hors agglomération,Hors intersection,Normale,Deux véhicules - côté,,,,,,,,,,,2,1,1,1,3.0
201600028572,0016-08-23 18:10:00,16,8,23,18,10,540,28,METZ (RUE DE),,,Plein jour,En agglomération,Hors intersection,Normale,Autre collision,,,,,,,,,,,1,2,1,1,6.0
201600028573,0016-09-10 09:29:00,16,9,10,9,29,540,99,ALBERT 1ER (AVENUE),49.25,5.94,Plein jour,En agglomération,Hors intersection,Normale,Sans collision,,,,,,,,,,,1,2,1,1,7.0
201600028574,0016-10-08 18:39:00,16,10,8,18,39,540,280,"76, COMMERCE (RUE DU)",49.23081,6.00932,Crépuscule ou aube,En agglomération,Hors intersection,Normale,Trois véhicules et plus - collisions multiples,,,,,,,,,,,2,2,1,1,5.0
201600028575,0016-10-30 15:10:00,16,10,30,15,10,540,28,"00, POSTE (PLACE DE LA)",49.21,5.97,Plein jour,En agglomération,Hors intersection,Normale,Deux véhicules - côté,,,,,,,,,,,1,2,1,1,3.0
201600028576,0016-11-07 15:10:00,16,11,7,15,10,540,280,"50, FRANCHEPRE (RUE DE)",49.22,6.01,Plein jour,En agglomération,Hors intersection,Normale,Trois véhicules et plus - en chaîne,,,,,,,,,,,1,2,1,1,4.0
201600028577,0016-11-11 14:34:00,16,11,11,14,34,540,36,139 (RD),49.29,5.99,Plein jour,Hors agglomération,Hors intersection,Normale,Deux véhicules - frontale,,,,,,,,,,,1,1,1,1,1.0
201600028578,0016-12-13 08:52:00,16,12,13,8,52,540,341,43 (RN),49.26,5.9,Crépuscule ou aube,Hors agglomération,Hors intersection,Temps couvert,Trois véhicules et plus - collisions multiples,,,,,,,,,,,2,1,1,8,5.0
201600028579,0016-05-31 13:40:00,16,5,31,13,40,540,273,"4, GAMBETTA (RUE)",49.15637,5.88355,Plein jour,En agglomération,Giratoire,Normale,Autre collision,,,,,,,,,,,1,2,6,1,6.0
201600028580,0016-08-13 19:45:00,16,8,13,19,45,540,469,DEPARTEMENTALE 135,49.17575,5.99822,Crépuscule ou aube,Hors agglomération,Hors intersection,Normale,Deux véhicules - côté,,,,,,,,,,,2,1,1,1,3.0
201600028581,0016-08-23 18:20:00,16,8,23,18,20,540,273,TICHEMONT (ROUTE DE),,,Plein jour,En agglomération,Autre intersection,Normale,Deux véhicules - frontale,,,,,,,,,,,1,2,9,1,1.0
201600028582,0016-08-29 08:11:00,16,8,29,8,11,540,273,"21, PASTEUR (RUE)",49.15591,5.8855,Plein jour,En agglomération,Hors intersection,Temps éblouissant,Autre collision,,,,,,,,,,,1,2,1,7,6.0
201600028583,0016-10-25 18:27:00,16,10,25,18,27,540,273,DEPARTEMENTALE 952,,,Plein jour,Hors agglomération,Hors intersection,Normale,Deux véhicules - côté,,,,,,,,,,,1,1,1,1,3.0
201600028584,0016-10-29 11:20:00,16,10,29,11,20,540,51,DEPARTEMENTALE 13,49.1689,5.95999,Plein jour,Hors agglomération,Hors intersection,Normale,Deux véhicules - frontale,,,,,,,,,,,1,1,1,1,1.0
201600028585,0016-12-16 16:10:00,16,12,16,16,10,540,286,"7, BCP (RUE DU 16IEME)",49.17192,5.87765,Plein jour,En agglomération,Hors intersection,Normale,Deux véhicules - côté,,,,,,,,,,,1,2,1,1,3.0