accident_id,datetime,annee,mois,jour,heure,minute,departement,commune_insee,adresse,latitude,longitude,luminosite,agglomeration,intersection,meteo,collision,nb_vehicules,nb_usagers,nb_indemnes,nb_tues,nb_blesses_hosp,nb_blesses_legers,age_cond_1,age_cond_2,veh_type_cond_1,veh_type_cond_2,lum_code,agg_code,int_code,atm_code,col_code
201600028968,0016-10-27 17:00:00,16,10,27,17,0,540,395,MICHOTTES (RUE DES),48.69321,6.17853,Plein jour,En agglomération,Hors intersection,Normale,Autre collision,,,,,,,,,,,1,2,1,1,6.0
201600028969,0016-11-04 13:25:00,16,11,4,13,25,540,547,"17, PERI (RUE GABRIEL)",48.66642,6.17643,Plein jour,En agglomération,Hors intersection,Normale,Autre collision,,,,,,,,,,,1,2,1,1,6.0
201600028970,0016-11-04 18:15:00,16,11,4,18,15,540,578,"551, MULLER (AVENUE PAUL",48.66931,6.15066,Nuit avec éclairage allumé,En agglomération,Hors intersection,Normale,Deux véhicules - côté,,,,,,,,,,,5,2,1,1,3.0
201600028971,0016-11-06 08:30:00,16,11,6,8,30,540,578,MULLER (AVENUE PAUL),48.66823,6.14749,Plein jour,En agglomération,Intersection en X,Pluie légère,Deux véhicules - frontale,,,,,,,,,,,1,2,2,2,1.0
201600028972,0016-11-08 23:00:00,16,11,8,23,0,540,395,GRANDE RUE,48.6983,6.17822,Nuit avec éclairage non allumé,En agglomération,Hors intersection,Normale,Autre collision,,,,,,,,,,,4,2,1,1,6.0
201600028973,0016-11-10 14:20:00,16,11,10,14,20,540,395,RD 674,48.67566,6.19932,Plein jour,Hors agglomération,Intersection en Y,Normale,Trois véhicules et plus - collisions multiples,,,,,,,,,,,1,1,4,1,5.0
201600028974,0016-10-13 12:30:00,16,10,13,12,30,540,395,LEOPOLD (COURS),,,Plein jour,En agglomération,Hors intersection,Normale,Deux véhicules - arrière,,,,,,,,,,,1,2,1,1,2.0
201600028975,0016-11-15 22:30:00,16,11,15,22,30,540,578,BRABOIS (AVENUE DE),,,Nuit avec éclairage non allumé,En agglomération,Intersection en X,Normale,Deux véhicules - frontale,,,,,,,,,,,4,2,2,1,1.0
201600028976,0016-11-14 17:45:00,16,11,14,17,45,540,25,CHARTREUSE (AVENUE DE LA,,,Nuit sans éclairage public,Hors agglomération,Hors intersection,Normale,Autre collision,,,,,,,,,,,3,1,1,1,6.0
201600028977,0016-11-12 02:25:00,16,11,12,2,25,540,547,CHARLES DE GAULLE (ROND,,,Nuit avec éclairage allumé,En agglomération,Giratoire,Normale,Autre collision,,,,,,,,,,,5,2,6,1,6.0
201600028978,0016-11-16 18:30:00,16,11,16,18,30,540,547,"0, RD 674",,,Nuit avec éclairage allumé,Hors agglomération,Hors intersection,Pluie légère,Trois véhicules et plus - en chaîne,,,,,,,,,,,5,1,1,2,4.0
201600028979,0016-11-16 11:17:00,16,11,16,11,17,540,304,AIGUILLETTES  (BD 16 A 2,,,Plein jour,En agglomération,Intersection en X,Normale,Deux véhicules - côté,,,,,,,,,,,1,2,2,1,3.0
201600028980,0016-11-09 18:30:00,16,11,9,18,30,540,578,BRABOIS (AVENUE DE),,,Nuit avec éclairage allumé,Hors agglomération,Intersection en X,Pluie forte,Autre collision,,,,,,,,,,,5,1,2,3,6.0
201600028981,0016-11-09 20:00:00,16,11,9,20,0,540,300,"19, CREMEL (RUE PIERRE)",,,Nuit avec éclairage allumé,Hors agglomération,Hors intersection,Normale,Autre collision,,,,,,,,,,,5,1,1,1,6.0
201600028982,0016-11-11 02:40:00,16,11,11,2,40,540,395,"180, ARC ( RUE JEANNE D'",,,Nuit avec éclairage allumé,En agglomération,Hors intersection,Normale,Autre collision,,,,,,,,,,,5,2,1,1,6.0
201600028983,0016-11-17 13:30:00,16,11,17,13,30,540,526,"0, CONCORDE (AVENUE DE)",48.68679,6.21079,Plein jour,En agglomération,Hors intersection,Pluie légère,Trois véhicules et plus - en chaîne,,,,,,,,,,,1,2,1,2,4.0
201600028984,0016-11-09 14:35:00,16,11,9,14,35,540,395,LOBAU (BOULEVARD),48.68863,6.19545,Plein jour,En agglomération,Intersection en X,Normale,Autre collision,,,,,,,,,,,1,2,2,1,6.0
201600028985,0016-11-08 14:10:00,16,11,8,14,10,540,395,QUATRE EGLISES (RUE,48.68735,6.18364,Plein jour,En agglomération,Intersection en T,Normale,Deux véhicules - côté,,,,,,,,,,,1,2,3,1,3.0
201600028986,0016-11-22 18:15:00,16,11,22,18,15,540,578,"0, FORET DE HAYE (AVENUE",48.65636,6.13174,Nuit avec éclairage allumé,En agglomération,Hors intersection,Pluie forte,Autre collision,,,,,,,,,,,5,2,1,3,6.0
201600028987,0016-11-10 07:30:00,16,11,10,7,30,540,304,POINCARE (RUE RAYMOND),48.68149,6.16119,Plein jour,En agglomération,Intersection en X,Normale,Deux véhicules - côté,,,,,,,,,,,1,2,2,1,3.0
201600028988,0016-11-17 14:00:00,16,11,17,14,0,540,547,"110, JAURES (AVENUE JEAN",48.66049,6.15972,Plein jour,En agglomération,Hors intersection,Normale,Deux véhicules - côté,,,,,,,,,,,1,2,1,1,3.0
201600028989,0016-11-14 17:38:00,16,11,14,17,38,540,395,DOMBASLE (PLACE),48.69151,6.17822,Nuit avec éclairage allumé,En agglomération,Hors intersection,Normale,Autre collision,,,,,,,,,,,5,2,1,1,6.0
201600028990,0016-11-18 12:40:00,16,11,18,12,40,540,395,MAZAGRAN (RUE),48.69099,6.1751,Plein jour,En agglomération,Intersection en Y,Normale,Autre collision,,,,,,,,,,,1,2,4,1,6.0
201600028991,0016-11-18 13:15:00,16,11,18,13,15,540,304,BOIS GRONEE (AVENUE DU),48.6794,6.14232,Plein jour,En agglomération,Hors intersection,Normale,Deux véhicules - arrière,,,,,,,,,,,1,2,1,1,2.0
201600028992,0016-11-19 12:37:00,16,11,19,12,37,540,547,BARTHOU (BD LOUIS),48.66481,6.18982,Plein jour,En agglomération,Hors intersection,Pluie légère,Trois véhicules et plus - en chaîne,,,,,,,,,,,1,2,1,2,4.0
201600028993,0016-11-21 17:45:00,16,11,21,17,45,540,304,EUROPE (AVENUE DE L'),48.67971,6.14816,Nuit avec éclairage allumé,En agglomération,Hors intersection,Pluie légère,Autre collision,,,,,,,,,,,5,2,1,2,6.0
201600028994,0016-11-22 09:05:00,16,11,22,9,5,540,184,BRIGACHTAL (AVENUE DE),48.70346,6.2295,Plein jour,En agglomération,Hors intersection,Normale,Deux véhicules - arrière,,,,,,,,,,,1,2,1,1,2.0
201600028995,0016-11-23 16:00:00,16,11,23,16,0,540,265,"0, RD 570",48.65184,6.17011,Plein jour,Hors agglomération,Hors intersection,Normale,Deux véhicules - arrière,,,,,,,,,,,1,1,1,1,2.0
201600028996,0016-11-22 09:30:00,16,11,22,9,30,540,395,SAINT GEORGES (RUE),48.69224,6.18714,Plein jour,En agglomération,Hors intersection,Normale,Autre collision,,,,,,,,,,,1,2,1,1,6.0
201600028997,0016-11-23 17:25:00,16,11,23,17,25,540,547,RD 674,48.66328,6.1887,Nuit avec éclairage allumé,En agglomération,Hors intersection,Normale,Trois véhicules et plus - en chaîne,,,,,,,,,,,5,2,1,1,4.0
201600028998,0016-11-25 13:45:00,16,11,25,13,45,540,547,HOLLANDE (RUE DE),48.66151,6.18012,Plein jour,En agglomération,Hors intersection,Normale,Autre collision,,,,,,,,,,,1,2,1,1,6.0
201600028999,0016-11-25 15:22:00,16,11,25,15,22,540,395,"15 B, LEBRUN (RUE ALBERT",48.68575,6.19075,Plein jour,En agglomération,Hors intersection,Normale,Autre collision,,,,,,,,,,,1,2,1,1,6.0
201600029000,0016-11-26 23:45:00,16,11,26,23,45,540,25,RD 2 Bis,48.67019,6.23171,Nuit avec éclairage allumé,Hors agglomération,Intersection en T,Normale,Deux véhicules - frontale,,,,,,,,,,,5,1,3,1,1.0
201600029001,0016-11-28 20:00:00,16,11,28,20,0,540,395,MANSUY GAUVIN (RUE),48.67885,6.19741,Nuit avec éclairage allumé,En agglomération,Intersection en T,Normale,Autre collision,,,,,,,,,,,5,2,3,1,6.0
201600029002,0016-11-28 08:50:00,16,11,28,8,50,540,526,FRATERNITE (RUE DE LA),48.693,6.21081,Plein jour,En agglomération,Hors intersection,Normale,Trois véhicules et plus - en chaîne,,,,,,,,,,,1,2,1,1,4.0
201600029003,0016-11-23 15:23:00,16,11,23,15,23,540,395,Marcel BROT (Rue et Rond,,,Plein jour,En agglomération,Hors intersection,Normale,Deux véhicules - côté,,,,,,,,,,,1,2,1,1,3.0
201600029004,0016-11-17 15:18:00,16,11,17,15,18,540,547,LECLERC (AV. DU GENERAL,48.66897,6.16904,Plein jour,En agglomération,Hors intersection,Normale,Autre collision,,,,,,,,,,,1,2,1,1,6.0
201600029005,0016-11-23 11:30:00,16,11,23,11,30,540,495,CHATEAU (AVENUE DU),48.69278,6.25095,Plein jour,En agglomération,Intersection en X,Normale,Deux véhicules - côté,,,,,,,,,,,1,2,2,1,3.0
201600029006,0016-11-26 10:05:00,16,11,26,10,5,540,395,"31, BOUFFLERS (AVENUE) D",48.68936,6.16098,Plein jour,En agglomération,Hors intersection,Normale,Autre collision,,,,,,,,,,,1,2,1,1,6.0
201600029007,0016-11-29 17:30:00,16,11,29,17,30,540,257,MIRECOURT (ROUTE DE),48.65159,6.18426,Nuit avec éclairage allumé,En agglomération,Hors intersection,Normale,Trois véhicules et plus - en chaîne,,,,,,,,,,,5,2,1,1,4.0
201600029008,0016-11-29 20:25:00,16,11,29,20,25,540,395,"22, VINGT SIXIEME R.I.",48.69813,6.18824,Nuit avec éclairage allumé,En agglomération,Hors intersection,Normale,Deux véhicules - côté,,,,,,,,,,,5,2,1,1,3.0
201600029009,0016-11-29 21:10:00,16,11,29,21,10,540,274,REPUBLIQUE (RUE DE LA),48.67213,6.20447,Nuit avec éclairage allumé,En agglomération,Intersection en T,Normale,Deux véhicules - frontale,,,,,,,,,,,5,2,3,1,1.0
201600029010,0016-11-29 09:15:00,16,11,29,9,15,540,184,SAULXURES (AVENUE DE),48.70782,6.2443,Plein jour,En agglomération,Hors intersection,Normale,Autre collision,,,,,,,,,,,1,2,1,1,6.0
201600029011,0016-10-17 22:30:00,16,10,17,22,30,540,526,"20, TOLSTOI (BOULEVARD)",,,Nuit avec éclairage allumé,En agglomération,Hors intersection,Pluie légère,Autre collision,,,,,,,,,,,5,2,1,2,6.0
201600029012,0016-10-20 14:05:00,16,10,20,14,5,540,300,"0, CANAL DE L'EST (CHEMI",48.65983,6.23133,Plein jour,En agglomération,Hors intersection,Normale,Deux véhicules - côté,,,,,,,,,,,1,2,1,1,3.0
201600029013,0016-12-05 19:50:00,16,12,5,19,50,540,395,TOMBLAINE (RUE DE),48.68651,6.19988,Nuit avec éclairage allumé,En agglomération,Hors intersection,Normale,Deux véhicules - côté,,,,,,,,,,,5,2,1,1,3.0
201600029014,0016-11-26 04:22:00,16,11,26,4,22,540,395,VERDUN (rue de),48.69634,6.16719,Nuit avec éclairage allumé,En agglomération,Intersection en X,Normale,Deux véhicules - côté,,,,,,,,,,,5,2,2,1,3.0
201600029015,0016-11-30 18:00:00,16,11,30,18,0,540,357,"17, METZ (ROUTE DE)",48.7062,6.16767,Nuit avec éclairage allumé,En agglomération,Hors intersection,Normale,Deux véhicules - côté,,,,,,,,,,,5,2,1,1,3.0
201600029016,0016-12-07 12:15:00,16,12,7,12,15,540,395,LORRAIN (QUAI CLAUDE LE),48.69063,6.17359,Plein jour,En agglomération,Intersection en T,Normale,Autre collision,,,,,,,,,,,1,2,3,1,6.0
201600029017,0016-12-08 12:37:00,16,12,8,12,37,540,25,BOSSERVILLE (ROUTE DE),48.66178,6.25123,Plein jour,Hors agglomération,Hors intersection,Normale,Deux véhicules - arrière,,,,,,,,,,,1,1,1,1,2.0
201600029018,0016-12-08 17:00:00,16,12,8,17,0,540,304,SAONE (RUE DE LA),48.69607,6.12689,Nuit avec éclairage allumé,En agglomération,Intersection en T,Normale,Autre collision,,,,,,,,,,,5,2,3,1,6.0
201600029019,0016-12-08 17:59:00,16,12,8,17,59,540,547,RD 674,48.6705,6.19281,Nuit avec éclairage allumé,Hors agglomération,Hors intersection,Normale,Deux véhicules - arrière,,,,,,,,,,,5,1,1,1,2.0
201600029020,0016-12-10 15:05:00,16,12,10,15,5,540,357,RD 30,48.70588,6.13984,Plein jour,En agglomération,Intersection en X,Normale,Deux véhicules - arrière,,,,,,,,,,,1,2,2,1,2.0
201600029021,0016-12-10 20:05:00,16,12,10,20,5,540,304,BOIS GRONEE (AVENUE DU),48.68579,6.132,Nuit avec éclairage allumé,Hors agglomération,Hors intersection,Normale,Deux véhicules - arrière,,,,,,,,,,,5,1,1,1,2.0
201600029022,0016-12-09 07:55:00,16,12,9,7,55,540,395,MOUILLERON (RUE GABRIEL),48.68476,6.17369,Plein jour,En agglomération,Intersection en T,Normale,Deux véhicules - côté,,,,,,,,,,,1,2,3,1,3.0
201600029023,0016-12-14 15:20:00,16,12,14,15,20,540,526,MILLENAIRE (BOULEVARD DU,,,Plein jour,Hors agglomération,Intersection en X,Temps éblouissant,Autre collision,,,,,,,,,,,1,1,2,7,6.0
201600029024,0016-12-12 13:30:00,16,12,12,13,30,540,357,METZ (ROUTE DE),,,Plein jour,En agglomération,Intersection en Y,Normale,Autre collision,,,,,,,,,,,1,2,4,1,6.0
201600029025,0016-12-21 15:34:00,16,12,21,15,34,540,395,NABECOR (RUE DE),,,Plein jour,En agglomération,Intersection en X,Normale,Autre collision,,,,,,,,,,,1,2,2,1,6.0
201600029026,0016-12-22 03:35:00,16,12,22,3,35,540,257,SONGEUR (RUE LEON),,,Nuit avec éclairage allumé,En agglomération,Hors intersection,Normale,Autre collision,,,,,,,,,,,5,2,1,1,6.0
201600029027,0016-12-20 19:05:00,16,12,20,19,5,540,395,LIBERATION (AVENUE DE LA,48.69705,6.15833,Nuit avec éclairage allumé,En agglomération,Intersection en X,Normale,Deux véhicules - côté,,,,,,,,,,,5,2,2,1,3.0
201600029028,0016-12-20 16:55:00,16,12,20,16,55,540,395,AMERICAN LEGION  (BD DE,,,Nuit avec éclairage allumé,En agglomération,Intersection en X,Normale,Autre collision,,,,,,,,,,,5,2,2,1,6.0
201600029029,0016-12-22 12:00:00,16,12,22,12,0,540,547,HOLLANDE (RUE DE),,,Plein jour,En agglomération,Hors intersection,Pluie légère,Autre collision,,,,,,,,,,,1,2,1,2,6.0
201600029030,0016-12-21 07:25:00,16,12,21,7,25,540,300,CEZARD (RUE RAOUL),48.65189,6.23449,Nuit avec éclairage allumé,En agglomération,Hors intersection,Normale,Autre collision,,,,,,,,,,,5,2,1,1,6.0
201600029031,0016-11-04 15:15:00,16,11,4,15,15,540,395,CONCORDE (PONT DE LA),48.69062,6.2045,Plein jour,En agglomération,Hors intersection,Normale,Deux véhicules - frontale,,,,,,,,,,,1,2,1,1,1.0
201600029032,0016-01-23 18:25:00,16,1,23,18,25,540,431,"2, GUYNEMER (AVENUE GEOR",46.91678,6.06063,Crépuscule ou aube,En agglomération,Hors intersection,Pluie légère,Autre collision,,,,,,,,,,,2,2,1,2,6.0
201600029033,0016-02-09 18:20:00,16,2,9,18,20,540,431,"158 TER, METZ (AVENUE DE",48.91626,6.06271,Nuit avec éclairage allumé,En agglomération,Hors intersection,Normale,Autre collision,,,,,,,,,,,5,2,1,1,6.0
201600029034,0016-02-29 10:21:00,16,2,29,10,21,540,79,RD 657,48.87464,6.06145,Plein jour,Hors agglomération,Hors intersection,Normale,Deux véhicules - frontale,,,,,,,,,,,1,1,1,1,1.0
201600029035,0016-03-09 16:43:00,16,3,9,16,43,540,431,THIERS (PLACE),48.90147,6.05126,Plein jour,En agglomération,Intersection en Y,Normale,Autre collision,,,,,,,,,,,1,2,4,1,6.0
201600029036,0016-03-12 18:20:00,16,3,12,18,20,540,375,RD 958 COTES SAINT-PIERR,48.89578,5.98369,Plein jour,Hors agglomération,Hors intersection,Normale,Trois véhicules et plus - collisions multiples,,,,,,,,,,,1,1,1,1,5.0
201600029037,0016-03-19 15:45:00,16,3,19,15,45,540,431,"35, DE GAULLE (AVENUE)",48.90695,6.04031,Plein jour,En agglomération,Hors intersection,Normale,Deux véhicules - arrière,,,,,,,,,,,1,2,1,1,2.0
201600029038,0016-04-29 16:45:00,16,4,29,16,45,540,431,"20, JOFFRE (RUE DU MAREC",48.9035,6.0563,Plein jour,En agglomération,Hors intersection,Normale,Autre collision,,,,,,,,,,,1,2,1,1,6.0
201600029039,0016-09-27 14:50:00,16,9,27,14,50,540,431,RD 910 LESMENILS,48.91905,6.07863,Plein jour,Hors agglomération,Hors intersection,Normale,Autre collision,,,,,,,,,,,1,1,1,1,6.0
201600029040,0016-10-08 13:30:00,16,10,8,13,30,540,431,RD 910 BIS (ROCADE DE LI,48.91742,6.03776,Plein jour,En agglomération,Hors intersection,Normale,Autre collision,,,,,,,,,,,1,2,1,1,6.0
201600029041,0016-10-14 16:05:00,16,10,14,16,5,540,431,RD 657 CHAMPEY,48.91877,6.06349,Plein jour,En agglomération,Hors intersection,Normale,Deux véhicules - côté,,,,,,,,,,,1,2,1,1,3.0
201600029042,0016-10-26 18:26:00,16,10,26,18,26,540,431,", PORT (RUE DU)",48.90788,6.0462,Nuit avec éclairage allumé,En agglomération,Hors intersection,Normale,Deux véhicules - arrière,,,,,,,,,,,5,2,1,1,2.0
201600029043,0016-11-10 05:00:00,16,11,10,5,0,540,79,"135, CLAUDE (AVENUE VICT",48.88097,6.05343,Nuit avec éclairage allumé,En agglomération,Hors intersection,Pluie légère,Autre collision,,,,,,,,,,,5,2,1,2,6.0
201600029044,0016-11-16 15:15:00,16,11,16,15,15,540,431,"7, DE GAULLE (AVENUE)",48.90347,6.04222,Plein jour,En agglomération,Hors intersection,Pluie légère,Trois véhicules et plus - en chaîne,,,,,,,,,,,1,2,1,2,4.0
201600029045,0016-01-14 20:50:00,16,1,14,20,50,540,528,COLONEL GRANDVAL (AVENUE,48.40279,3.062,Nuit avec éclairage allumé,En agglomération,Hors intersection,Pluie légère,Autre collision,,,,,,,,,,,5,2,1,2,6.0
201600029046,0016-01-30 17:45:00,16,1,30,17,45,540,174,MARECHAL JOFFRE (AVENUE),,,Crépuscule ou aube,En agglomération,Hors intersection,Pluie forte,Autre collision,,,,,,,,,,,2,2,1,3,6.0
201600029047,0016-02-18 16:45:00,16,2,18,16,45,540,528,ALBERT DENIS,48.662,5.8824,Plein jour,En agglomération,Intersection en T,Normale,Deux véhicules - côté,,,,,,,,,,,1,2,3,1,3.0
201600029048,0016-04-22 21:50:00,16,4,22,21,50,540,167,RD400,48.682,5.9423,Nuit sans éclairage public,Hors agglomération,Hors intersection,Normale,Deux véhicules - frontale,,,,,,,,,,,3,1,1,1,1.0
201600029049,0016-06-23 14:45:00,16,6,23,14,45,540,528,RD191,48.6952,5.92601,Plein jour,Hors agglomération,Hors intersection,Normale,Deux véhicules - côté,,,,,,,,,,,1,1,1,1,3.0
201600029050,0016-07-07 13:25:00,16,7,7,13,25,540,528,LIBERTE,48.68722,5.89833,Plein jour,En agglomération,Hors intersection,Normale,Deux véhicules - côté,,,,,,,,,,,1,2,1,1,3.0
201600029051,0016-07-29 09:40:00,16,7,29,9,40,540,167,RD909,48.67327,5.92608,Plein jour,En agglomération,Hors intersection,Normale,Deux véhicules - côté,,,,,,,,,,,1,2,1,1,3.0
201600029052,0016-08-08 11:50:00,16,8,8,11,50,540,528,RD191,48.69638,5.92888,Plein jour,En agglomération,Intersection en X,Normale,Deux véhicules - côté,,,,,,,,,,,1,2,2,1,3.0
201600029053,0016-09-23 17:20:00,16,9,23,17,20,540,528,COLONEL PECHOT (AVENUE D,,,Plein jour,En agglomération,Hors intersection,Normale,Deux véhicules - côté,,,,,,,,,,,1,2,1,1,3.0
201600029054,0016-09-28 17:50:00,16,9,28,17,50,540,528,PONT CHARDON,48.6887,5.88847,Plein jour,En agglomération,Hors intersection,Normale,Deux véhicules - frontale,,,,,,,,,,,1,2,1,1,1.0
201600029055,0016-10-30 22:40:00,16,10,30,22,40,540,528,RD960,48.64582,5.86703,Nuit sans éclairage public,Hors agglomération,Hors intersection,Normale,Autre collision,,,,,,,,,,,3,1,1,1,6.0
201600029056,0016-01-06 16:00:00,16,1,6,16,0,540,575,DEPARTEMENTALE 26B (ROUT,,,Plein jour,Hors agglomération,Hors intersection,Normale,Deux véhicules - frontale,,,,,,,,,,,1,1,1,1,1.0
201600029057,0016-11-28 16:14:00,16,11,28,16,14,540,580,"1, RIESA (RUE DE)",49.46232,5.92914,Plein jour,En agglomération,Hors intersection,Normale,Sans collision,,,,,,,,,,,1,2,1,1,7.0
201600029058,0016-02-09 16:30:00,16,2,9,16,30,540,96,FERMES DU BOIS LE KLEISS,49.43794,5.86403,Plein jour,Hors agglomération,Hors intersection,Temps couvert,Sans collision,,,,,,,,,,,1,1,1,8,7.0
201600029059,0016-11-28 18:16:00,16,11,28,18,16,540,270,"77, PASTEUR (RUE)",49.492,5.86654,Crépuscule ou aube,En agglomération,Hors intersection,Normale,Sans collision,,,,,,,,,,,2,2,1,1,7.0
201600029060,0016-05-15 13:40:00,16,5,15,13,40,540,580,"0, BARBUSSE HENRI (RUE)",49.47064,5.93048,Plein jour,En agglomération,Intersection en T,Normale,Sans collision,,,,,,,,,,,1,2,3,1,7.0
201600029061,0016-05-23 16:15:00,16,5,23,16,15,540,580,"52, LIBERATION (AVENUE D",49.45804,5.92598,Plein jour,En agglomération,Giratoire,Temps couvert,Sans collision,,,,,,,,,,,1,2,6,8,7.0
201600029062,0016-05-25 15:22:00,16,5,25,15,22,540,149,DEPARTEMENTAL 521 (ROUTE,49.43959,5.92368,Plein jour,Hors agglomération,Hors intersection,Normale,Deux véhicules - arrière,,,,,,,,,,,1,1,1,1,2.0
201600029063,0016-06-18 01:22:00,16,6,18,1,22,540,525,NATIONALE 52 (ROUTE),49.4679,5.8418,Nuit sans éclairage public,Hors agglomération,Hors intersection,Temps couvert,Sans collision,,,,,,,,,,,3,1,1,8,7.0
201600029064,0016-08-06 17:36:00,16,8,6,17,36,540,575,DEPARTEMENTAL 17 (CHEMIN,49.47239,5.79185,Plein jour,Hors agglomération,Hors intersection,Normale,Deux véhicules - côté,,,,,,,,,,,1,1,1,1,3.0
201600029065,0016-08-24 07:00:00,16,8,24,7,0,540,575,HUSSIGNY (ROUTE D'),49.47386,5.848,Plein jour,Hors agglomération,Intersection en T,Normale,Sans collision,,,,,,,,,,,1,1,3,1,7.0
201600029066,0016-08-27 12:45:00,16,8,27,12,45,540,181,"6, CHATEAU (RUE DU)",49.41678,5.90389,Plein jour,En agglomération,Hors intersection,Normale,Deux véhicules - arrière,,,,,,,,,,,1,2,1,1,2.0
201600029067,0016-09-01 12:47:00,16,9,1,12,47,540,575,NATIONALE 52 (ROUTE),49.47324,5.8347,Plein jour,Hors agglomération,Hors intersection,Normale,Deux véhicules - frontale,,,,,,,,,,,1,1,1,1,1.0
201600029068,0016-10-23 06:56:00,16,10,23,6,56,540,575,DEPARTEMENTAL 125 (ROUTE,49.45742,5.85075,Nuit sans éclairage public,Hors agglomération,Hors intersection,Brouillard / fumée,Autre collision,,,,,,,,,,,3,1,1,5,6.0
201600029069,0016-10-31 16:54:00,16,10,31,16,54,540,575,MONNET JEAN (AVENUE),49.47377,5.85276,Plein jour,Hors agglomération,Hors intersection,Normale,Deux véhicules - frontale,,,,,,,,,,,1,1,1,1,1.0
201600029070,0016-11-17 18:40:00,16,11,17,18,40,550,302,FONTAINE ( RUE DE LA ),48.74167,5.20775,Crépuscule ou aube,En agglomération,Intersection en T,Normale,Autre collision,,,,,,,,,,,2,2,3,1,6.0
201600029071,0016-10-29 19:30:00,16,10,29,19,30,550,29,RN135,,,Nuit avec éclairage allumé,En agglomération,Intersection en T,Normale,Deux véhicules - côté,,,,,,,,,,,5,2,3,1,3.0
201600029072,0016-02-01 07:55:00,16,2,1,7,55,550,29,"25ter, DOM CELLIER ( RUE",48.77473,5.15676,Crépuscule ou aube,En agglomération,Hors intersection,Temps couvert,Autre collision,,,,,,,,,,,2,2,1,8,6.0
201600029073,0016-01-12 15:00:00,16,1,12,15,0,550,476,auchan,48.76137,5.183,Plein jour,Hors agglomération,Intersection en T,Pluie légère,Deux véhicules - côté,,,,,,,,,,,1,1,3,2,3.0
201600029074,0016-06-10 14:30:00,16,6,10,14,30,550,29,RD 635,48.75886,5.13887,Plein jour,Hors agglomération,Hors intersection,Normale,Deux véhicules - côté,,,,,,,,,,,1,1,1,1,3.0
201600029075,0016-06-22 14:25:00,16,6,22,14,25,550,29,"31, BRADFER ( RUE ERNEST",48.77001,5.16952,Plein jour,En agglomération,Intersection en T,Normale,Deux véhicules - côté,,,,,,,,,,,1,2,3,1,3.0
201600029076,0016-07-08 19:00:00,16,7,8,19,0,550,29,RD 635,48.75842,5.13779,Plein jour,Hors agglomération,Hors intersection,Normale,Deux véhicules - frontale,,,,,,,,,,,1,1,1,1,1.0
201600029077,0016-09-08 08:15:00,16,9,8,8,15,550,29,", ALLENDE ( RUE SALVATOR",,,Plein jour,En agglomération,Hors intersection,Normale,Autre collision,,,,,,,,,,,1,2,1,1,6.0
201600029078,0016-11-30 11:10:00,16,11,30,11,10,550,29,"2, BRADFER ( RUE ERNEST",,,Plein jour,En agglomération,Intersection en T,Normale,Autre collision,,,,,,,,,,,1,2,3,1,6.0
201600029079,0016-12-17 18:00:00,16,12,17,18,0,550,302,RN 1135,48.75498,5.1936,Crépuscule ou aube,Hors agglomération,Hors intersection,Normale,Deux véhicules - frontale,,,,,,,,,,,2,1,1,1,1.0
201600029080,0016-01-11 16:00:00,16,1,11,16,0,550,545,HUIT MAI 1945 ( DU ),49.15896,5.39122,Plein jour,En agglomération,Hors intersection,Normale,Autre collision,,,,,,,,,,,1,2,1,1,6.0
201600029081,0016-01-23 15:35:00,16,1,23,15,35,550,545,"21, GARIBALDI ( AVENUE )",49.165,5.38237,Plein jour,En agglomération,Hors intersection,Normale,Autre collision,,,,,,,,,,,1,2,1,1,6.0
201600029082,0016-02-11 18:25:00,16,2,11,18,25,550,43,"152, DE GAULLE (GENERAL)",49.1753,5.3801,Nuit avec éclairage allumé,En agglomération,Hors intersection,Pluie légère,Autre collision,,,,,,,,,,,5,2,1,2,6.0
201600029083,0016-02-25 08:20:00,16,2,25,8,20,550,505,"35, PIERRE GOUBET ET JEA",49.1677,5.35532,Plein jour,En agglomération,Hors intersection,Temps éblouissant,Autre collision,,,,,,,,,,,1,2,1,7,6.0
201600029084,0016-02-27 19:35:00,16,2,27,19,35,550,545,", DE GAULLE (AV DU GENER",49.16502,5.38097,Nuit avec éclairage allumé,En agglomération,Intersection en T,Normale,Deux véhicules - côté,,,,,,,,,,,5,2,3,1,3.0
201600029085,0016-03-04 11:20:00,16,3,4,11,20,550,545,REPUBLIQUE ( QUAI DE LA,49.15973,5.38604,Plein jour,En agglomération,Hors intersection,Pluie forte,Autre collision,,,,,,,,,,,1,2,1,3,6.0
201600029086,0016-03-20 05:20:00,16,3,20,5,20,550,545,ARGONNE ( ROUTE DE L' ),49.15025,5.34889,Nuit sans éclairage public,Hors agglomération,Hors intersection,Normale,Autre collision,,,,,,,,,,,3,1,1,1,6.0
201600029087,0016-04-12 17:45:00,16,4,12,17,45,550,505,CHEMINOTS (DES ),49.16869,5.36218,Plein jour,En agglomération,Hors intersection,Normale,Deux véhicules - côté,,,,,,,,,,,1,2,1,1,3.0
201600029088,0016-04-20 15:05:00,16,4,20,15,5,550,545,TRENTIEME CORPS ( AVENUE,49.16576,5.40661,Plein jour,En agglomération,Intersection à plus de 4 branches,Normale,Deux véhicules - côté,,,,,,,,,,,1,2,5,1,3.0