accident_id,datetime,annee,mois,jour,heure,minute,departement,commune_insee,adresse,latitude,longitude,luminosite,agglomeration,intersection,meteo,collision,nb_vehicules,nb_usagers,nb_indemnes,nb_tues,nb_blesses_hosp,nb_blesses_legers,age_cond_1,age_cond_2,veh_type_cond_1,veh_type_cond_2,lum_code,agg_code,int_code,atm_code,col_code
201600029089,0016-04-27 13:35:00,16,4,27,13,35,550,545,RUE SAINT PIERRE,49.16178,5.38232,Plein jour,En agglomération,Intersection en T,Normale,Deux véhicules - côté,,,,,,,,,,,1,2,3,1,3.0
201600029090,0016-05-20 17:40:00,16,5,20,17,40,550,236,CD 903,,,Plein jour,Hors agglomération,Hors intersection,Normale,Sans collision,,,,,,,,,,,1,1,1,1,7.0
201600029091,0016-05-22 05:40:00,16,5,22,5,40,550,236,CD 903,,,Nuit sans éclairage public,Hors agglomération,Hors intersection,Normale,Sans collision,,,,,,,,,,,3,1,1,1,7.0
201600029092,0016-06-26 06:20:00,16,6,26,6,20,550,545,"4, ONZE SIEGES ( PLACE D",49.1574,5.39458,Plein jour,En agglomération,Giratoire,Normale,Autre collision,,,,,,,,,,,1,2,6,1,6.0
201600029093,0016-07-15 18:05:00,16,7,15,18,5,550,545,"12, CHEVERT ( PLACE )",49.15943,5.38634,Plein jour,En agglomération,Hors intersection,Normale,Autre collision,,,,,,,,,,,1,2,1,1,6.0
201600029094,0016-07-17 19:30:00,16,7,17,19,30,550,545,"20, DOUAUMONT ( AVENUE D",49.16002,5.38754,Plein jour,En agglomération,Hors intersection,Normale,Deux véhicules - côté,,,,,,,,,,,1,2,1,1,3.0
201600029095,0016-07-22 08:40:00,16,7,22,8,40,550,545,BOULEVARD STRATEGIQUE,49.14428,5.39051,Plein jour,Hors agglomération,Giratoire,Normale,Deux véhicules - côté,,,,,,,,,,,1,1,6,1,3.0
201600029096,0016-09-01 11:25:00,16,9,1,11,25,550,545,GAMBETTA (LEON),49.1585,5.3868,Plein jour,En agglomération,Intersection en T,Normale,Autre collision,,,,,,,,,,,1,2,3,1,6.0
201600029097,0016-10-12 10:50:00,16,10,12,10,50,550,545,rue de TAVANNES,49.17949,5.42777,Plein jour,Hors agglomération,Hors intersection,Normale,Autre collision,,,,,,,,,,,1,1,1,1,6.0
201600029098,0016-10-19 19:10:00,16,10,19,19,10,550,545,"17, POINCARE (DU PRESIDE",49.15858,5.38682,Nuit avec éclairage allumé,En agglomération,Hors intersection,Normale,Autre collision,,,,,,,,,,,5,2,1,1,6.0
201600029099,0016-11-28 17:35:00,16,11,28,17,35,550,545,"40, MIRIBEL ( AVENUE )",49.1677,5.39188,Nuit avec éclairage allumé,En agglomération,Hors intersection,Normale,Autre collision,,,,,,,,,,,5,2,1,1,6.0
201600029100,0016-12-08 17:28:00,16,12,8,17,28,550,43,"164, DE GAULLE (GENERAL)",49.176,5.37976,Nuit avec éclairage allumé,En agglomération,Hors intersection,Normale,Autre collision,,,,,,,,,,,5,2,1,1,6.0
201600029101,0016-01-01 05:00:00,16,1,1,5,0,560,121,"0, CLAIRAMBAULT (RUE CHA",47.74809,-3.35805,Nuit avec éclairage allumé,En agglomération,Hors intersection,Normale,Autre collision,,,,,,,,,,,5,2,1,1,6.0
201600029102,0016-01-01 17:58:00,16,1,1,17,58,560,98,"2 a, LE COUTALLER (RUE",47.76206,-3.33184,Plein jour,En agglomération,Hors intersection,Normale,Autre collision,,,,,,,,,,,1,2,1,1,6.0
201600029103,0016-01-02 15:35:00,16,1,2,15,35,560,121,"0, ORADOUR SUR GLANE ( B",47.75215,-3.37036,Plein jour,En agglomération,Intersection en T,Normale,Deux véhicules - côté,,,,,,,,,,,1,2,3,1,3.0
201600029104,0016-01-03 17:05:00,16,1,3,17,5,560,121,"0, PLENENO ( RD PT DU )",47.75662,-3.38649,Plein jour,Hors agglomération,Hors intersection,Pluie forte,Trois véhicules et plus - collisions multiples,,,,,,,,,,,1,1,1,3,5.0
201600029105,0016-01-04 18:51:00,16,1,4,18,51,560,121,"0, LECLERC ( BD GENERAL",47.74882,-3.36558,Nuit avec éclairage allumé,En agglomération,Intersection en T,Pluie légère,Autre collision,,,,,,,,,,,5,2,3,2,6.0
201600029106,0016-01-04 12:00:00,16,1,4,12,0,560,83,"0, KERPOTENCE (RUE  DE )",47.81044,-3.24213,Plein jour,Hors agglomération,Hors intersection,Normale,Autre collision,,,,,,,,,,,1,1,1,1,6.0
201600029107,0016-01-06 15:25:00,16,1,6,15,25,560,98,"34, CROIZAT ( AVE AMBROI",47.7722,-3.34813,Plein jour,En agglomération,Hors intersection,Normale,Autre collision,,,,,,,,,,,1,2,1,1,6.0
201600029108,0016-01-07 17:44:00,16,1,7,17,44,560,83,"0, JOFFRE (RUE  DU MAREC",47.80744,-3.27477,Plein jour,En agglomération,Intersection en T,Normale,Autre collision,,,,,,,,,,,1,2,3,1,6.0
201600029109,0016-01-11 06:15:00,16,1,11,6,15,560,121,"26, CHAZELLES ( COURS LO",47.75456,-3.36289,Nuit avec éclairage allumé,En agglomération,Hors intersection,Pluie légère,Sans collision,,,,,,,,,,,5,2,1,2,7.0
201600029110,0016-01-11 09:31:00,16,1,11,9,31,560,162,"0, DASSAULT (PLACE MARCE",47.73388,-3.42427,Plein jour,En agglomération,Hors intersection,Normale,Deux véhicules - côté,,,,,,,,,,,1,2,1,1,3.0
201600029111,0016-01-11 17:50:00,16,1,11,17,50,560,98,"0, LANN-SEVELIN (ROND PO",47.77766,-3.34513,Nuit sans éclairage public,Hors agglomération,Hors intersection,Pluie forte,Trois véhicules et plus - en chaîne,,,,,,,,,,,3,1,1,3,4.0
201600029112,0016-01-13 07:00:00,16,1,13,7,0,560,83,"0, GARDELOUPE ( R-P DE L",47.80586,-3.26006,Nuit avec éclairage allumé,En agglomération,Intersection en T,Normale,Deux véhicules - côté,,,,,,,,,,,5,2,3,1,3.0
201600029113,0016-01-14 15:35:00,16,1,14,15,35,560,83,"0, PHILIPPE ( ET PLACE G",47.80708,-3.26945,Plein jour,En agglomération,Autre intersection,Pluie forte,Autre collision,,,,,,,,,,,1,2,9,3,6.0
201600029114,0016-01-15 17:19:00,16,1,15,17,19,560,121,"0, PIAF (RUE  EDITH )",47.75736,-3.38881,Plein jour,En agglomération,Hors intersection,Normale,Trois véhicules et plus - en chaîne,,,,,,,,,,,1,2,1,1,4.0
201600029115,0016-01-15 20:30:00,16,1,15,20,30,560,98,"13, KESLER-DEVILLERS ( A",47.7697,-3.34883,Nuit avec éclairage allumé,En agglomération,Hors intersection,Brouillard / fumée,Deux véhicules - côté,,,,,,,,,,,5,2,1,5,3.0
201600029116,0016-01-17 19:15:00,16,1,17,19,15,560,121,"89, LANVEUR ( ET PL. DE",47.74395,-3.39166,Nuit avec éclairage allumé,En agglomération,Hors intersection,Pluie légère,Sans collision,,,,,,,,,,,5,2,1,2,7.0
201600029117,0016-01-24 17:25:00,16,1,24,17,25,560,83,"0, ALLENDE ( AV. PRES. S",47.81066,-3.25236,Plein jour,En agglomération,Hors intersection,Normale,Deux véhicules - arrière,,,,,,,,,,,1,2,1,1,2.0
201600029118,0016-01-25 08:23:00,16,1,25,8,23,560,121,"0, GUILLEMOT (RUE  ARMAN",47.74315,-3.38891,Nuit avec éclairage allumé,En agglomération,Intersection en X,Normale,Deux véhicules - côté,,,,,,,,,,,5,2,2,1,3.0
201600029119,0016-01-25 08:35:00,16,1,25,8,35,560,121,"0, ENCLOS DU PORT (RUE",47.75011,-3.3579,Plein jour,En agglomération,Intersection en T,Normale,Deux véhicules - côté,,,,,,,,,,,1,2,3,1,3.0
201600029120,0016-01-27 12:25:00,16,1,27,12,25,560,121,"0, GUILLEMOT (RUE  ARMAN",47.74744,-3.39268,Plein jour,En agglomération,Hors intersection,Pluie forte,Autre collision,,,,,,,,,,,1,2,1,3,6.0
201600029121,0016-01-28 18:30:00,16,1,28,18,30,560,83,"0, DE GAULLE ( PL. DU GE",47.80481,-3.27624,Plein jour,En agglomération,Intersection en X,Normale,Deux véhicules - côté,,,,,,,,,,,1,2,2,1,3.0
201600029122,0016-01-29 10:56:00,16,1,29,10,56,560,121,"0, GUILLEMOT (RUE  ARMAN",47.74743,-3.39272,Plein jour,En agglomération,Intersection en X,Normale,Deux véhicules - côté,,,,,,,,,,,1,2,2,1,3.0
201600029123,0016-01-29 19:24:00,16,1,29,19,24,560,98,"0, MITTERRAND (RUE FRANC",47.7666,-3.33572,Nuit avec éclairage allumé,En agglomération,Hors intersection,Normale,Autre collision,,,,,,,,,,,5,2,1,1,6.0
201600029124,0016-01-31 15:39:00,16,1,31,15,39,560,83,"0, TOUL DOUAR (LIEU-DIT)",47.79398,-3.30863,Plein jour,En agglomération,Hors intersection,Normale,Sans collision,,,,,,,,,,,1,2,1,1,7.0
201600029125,0016-01-31 20:56:00,16,1,31,20,56,560,162,"0, SAINTE  ANNE (RUE)",47.73956,-3.413,Plein jour,Hors agglomération,Hors intersection,Normale,Deux véhicules - côté,,,,,,,,,,,1,1,1,1,3.0
201600029126,0016-02-01 20:40:00,16,2,1,20,40,560,121,"18, GUIEYSSE (RUE  PAUL",47.75719,-3.36869,Nuit avec éclairage allumé,En agglomération,Intersection en T,Pluie légère,Deux véhicules - côté,,,,,,,,,,,5,2,3,2,3.0
201600029127,0016-02-02 12:50:00,16,2,2,12,50,560,121,"0, CARNEL (RUE  DE )",47.74024,-3.36877,Plein jour,En agglomération,Hors intersection,Normale,Autre collision,,,,,,,,,,,1,2,1,1,6.0
201600029128,0016-02-02 18:20:00,16,2,2,18,20,560,98,"0, MITTERAND ( AV. FRANC",47.7666,-3.33573,Plein jour,En agglomération,Hors intersection,Normale,Trois véhicules et plus - en chaîne,,,,,,,,,,,1,2,1,1,4.0
201600029129,0016-02-05 20:04:00,16,2,5,20,4,560,121,"41, FOCH (RUE  MARECHAL",47.7492,-3.35928,Nuit avec éclairage allumé,En agglomération,Hors intersection,Normale,Deux véhicules - arrière,,,,,,,,,,,5,2,1,1,2.0
201600029130,0016-02-05 21:15:00,16,2,5,21,15,560,121,"0, NORMANDIE ( BD ET IMP",47.75914,-3.36877,Nuit avec éclairage allumé,En agglomération,Hors intersection,Normale,Deux véhicules - côté,,,,,,,,,,,5,2,1,1,3.0
201600029131,0016-02-07 13:35:00,16,2,7,13,35,560,162,"0, SEGUR (RUE COMTESSE D",47.73965,-3.43924,Plein jour,En agglomération,Hors intersection,Normale,Autre collision,,,,,,,,,,,1,2,1,1,6.0
201600029132,0016-02-08 17:51:00,16,2,8,17,51,560,121,"0, MERVILLE (RUE  JEAN D",47.74512,-3.37461,Plein jour,En agglomération,Hors intersection,Normale,Deux véhicules - arrière,,,,,,,,,,,1,2,1,1,2.0
201600029133,0016-02-11 18:15:00,16,2,11,18,15,560,121,"0, FERRY ( PL. JULES )",47.74439,-3.35931,Crépuscule ou aube,En agglomération,Intersection en T,Pluie légère,Autre collision,,,,,,,,,,,2,2,3,2,6.0
201600029134,0016-02-12 14:51:00,16,2,12,14,51,560,98,"0, TRUDAINE (RUE  DANIEL",47.77914,-3.33609,Plein jour,En agglomération,Hors intersection,Normale,Trois véhicules et plus - en chaîne,,,,,,,,,,,1,2,1,1,4.0
201600029135,0016-02-15 12:35:00,16,2,15,12,35,560,98,"00, MAURIAC (RUE  FRANCO",47.76551,-3.34593,Plein jour,En agglomération,Hors intersection,Normale,Autre collision,,,,,,,,,,,1,2,1,1,6.0
201600029136,0016-02-15 17:00:00,16,2,15,17,0,560,107,"0, ROUTE DEPARTEMENTALE",47.73034,-3.38614,Plein jour,Hors agglomération,Hors intersection,Normale,Sans collision,,,,,,,,,,,1,1,1,1,7.0
201600029137,0016-02-17 11:25:00,16,2,17,11,25,560,98,"19, KERFREHOUR (RUE DE)",47.76416,-3.33332,Plein jour,En agglomération,Hors intersection,Normale,Autre collision,,,,,,,,,,,1,2,1,1,6.0
201600029138,0016-02-21 18:15:00,16,2,21,18,15,560,98,"0, LANN-SEVELIN (ROND PO",47.77765,-3.34515,Plein jour,En agglomération,Hors intersection,Normale,Deux véhicules - arrière,,,,,,,,,,,1,2,1,1,2.0
201600029139,0016-02-22 00:30:00,16,2,22,0,30,560,107,"0, ROUTE DEPARTEMENTALE",47.72683,-3.38377,Nuit sans éclairage public,Hors agglomération,Hors intersection,Normale,Deux véhicules - frontale,,,,,,,,,,,3,1,1,1,1.0
201600029140,0016-02-22 12:05:00,16,2,22,12,5,560,107,"0, KENNEDY (AVENUE DU PR",47.71086,-3.38518,Plein jour,En agglomération,Hors intersection,Pluie légère,Autre collision,,,,,,,,,,,1,2,1,2,6.0
201600029141,0016-02-24 18:48:00,16,2,24,18,48,560,121,"0, MONISTROL (RUE)",47.7332,-3.38543,Nuit avec éclairage allumé,En agglomération,Hors intersection,Normale,Autre collision,,,,,,,,,,,5,2,1,1,6.0
201600029142,0016-02-27 10:14:00,16,2,27,10,14,560,121,CARNOT (RUE  LAZARE ),47.74345,-3.36005,Plein jour,En agglomération,Hors intersection,Normale,Deux véhicules - arrière,,,,,,,,,,,1,2,1,1,2.0
201600029143,0016-02-28 20:49:00,16,2,28,20,49,560,162,"0, KERBRIENT",47.72757,-3.414,Nuit avec éclairage allumé,En agglomération,Hors intersection,Normale,Sans collision,,,,,,,,,,,5,2,1,1,7.0
201600029144,0016-02-29 17:20:00,16,2,29,17,20,560,162,"0, LANN-ER-ROCH",47.73965,-3.45214,Plein jour,Hors agglomération,Hors intersection,Normale,Sans collision,,,,,,,,,,,1,1,1,1,7.0
201600029145,0016-03-01 09:40:00,16,3,1,9,40,560,121,"0, LOTE (RUE  RENE )",47.77146,-3.40413,Plein jour,Hors agglomération,Giratoire,Normale,Deux véhicules - côté,,,,,,,,,,,1,1,6,1,3.0
201600029146,0016-03-03 18:03:00,16,3,3,18,3,560,121,"06, FRANCHET- D'ESPEREY",47.75366,-3.36585,Plein jour,En agglomération,Hors intersection,Pluie légère,Autre collision,,,,,,,,,,,1,2,1,2,6.0
201600029147,0016-03-03 18:26:00,16,3,3,18,26,560,121,"76, DE GAULLE ( AVE DU G",47.74131,-3.37299,Plein jour,En agglomération,Giratoire,Pluie légère,Deux véhicules - arrière,,,,,,,,,,,1,2,6,2,2.0
201600029148,0016-03-06 12:55:00,16,3,6,12,55,560,121,"0, PONT CHINOIS ( PL DU",47.75447,-3.37565,Plein jour,En agglomération,Hors intersection,Normale,Deux véhicules - côté,,,,,,,,,,,1,2,1,1,3.0
201600029149,0016-03-10 09:00:00,16,3,10,9,0,560,121,"31, FRANCHET- D'ESPEREY",47.75192,-3.36521,Plein jour,Hors agglomération,Hors intersection,Normale,Deux véhicules - côté,,,,,,,,,,,1,1,1,1,3.0
201600029150,0016-03-11 13:24:00,16,3,11,13,24,560,83,"40, GUIGO IHUEL (RUE  DU",47.82384,-3.24286,Plein jour,Hors agglomération,Hors intersection,Normale,Deux véhicules - frontale,,,,,,,,,,,1,1,1,1,1.0
201600029151,0016-03-12 11:21:00,16,3,12,11,21,560,98,"0, GUESDES (RUE  JULES )",47.76441,-3.33786,Plein jour,En agglomération,Hors intersection,Normale,Deux véhicules - côté,,,,,,,,,,,1,2,1,1,3.0
201600029152,0016-03-13 12:20:00,16,3,13,12,20,560,121,"0, WINTER (RUE INGENIEUR",47.73785,-3.36295,Plein jour,Hors agglomération,Hors intersection,Normale,Deux véhicules - arrière,,,,,,,,,,,1,1,1,1,2.0
201600029153,0016-03-18 18:55:00,16,3,18,18,55,560,121,"0, BLUM ( BD LEON )",47.74717,-3.37657,Plein jour,En agglomération,Hors intersection,Normale,Deux véhicules - côté,,,,,,,,,,,1,2,1,1,3.0
201600029154,0016-03-21 08:54:00,16,3,21,8,54,560,83,"0, GARDELOUPE ( R-P DE L",47.79996,-3.26014,Plein jour,En agglomération,Giratoire,Normale,Deux véhicules - côté,,,,,,,,,,,1,2,6,1,3.0
201600029155,0016-03-21 10:11:00,16,3,21,10,11,560,121,"0, KERVENANEC (RUE  DE )",47.73766,-3.3911,Plein jour,En agglomération,Giratoire,Normale,Deux véhicules - côté,,,,,,,,,,,1,2,6,1,3.0
201600029156,0016-03-21 14:51:00,16,3,21,14,51,560,121,"67, BLUM ( BD LEON )",47.74782,-3.3753,Plein jour,En agglomération,Hors intersection,Normale,Sans collision,,,,,,,,,,,1,2,1,1,7.0
201600029157,0016-03-25 14:33:00,16,3,25,14,33,560,83,"0, MANE EL CULF (LIEU-DI",47.8203,-3.29472,Plein jour,Hors agglomération,Hors intersection,Normale,Deux véhicules - arrière,,,,,,,,,,,1,1,1,1,2.0
201600029158,0016-03-27 16:50:00,16,3,27,16,50,560,98,"0, RD 724 - Gir Moustoir",47.7842,-3.33961,Plein jour,En agglomération,Hors intersection,Vent fort / tempête,Autre collision,,,,,,,,,,,1,2,1,6,6.0
201600029159,0016-03-31 07:35:00,16,3,31,7,35,560,83,"0, LIBERATION ( AV. DE L",47.80189,-3.27887,Plein jour,En agglomération,Hors intersection,Normale,Trois véhicules et plus - en chaîne,,,,,,,,,,,1,2,1,1,4.0
201600029160,0016-03-31 13:30:00,16,3,31,13,30,560,98,"0, RN 165",47.7819,-3.34351,Plein jour,En agglomération,Hors intersection,Normale,Sans collision,,,,,,,,,,,1,2,1,1,7.0
201600029161,0016-03-31 17:56:00,16,3,31,17,56,560,121,"146, CARNOT (RUE  LAZARE",47.74085,-3.36827,Plein jour,En agglomération,Hors intersection,Normale,Sans collision,,,,,,,,,,,1,2,1,1,7.0
201600029162,0016-04-02 01:55:00,16,4,2,1,55,560,162,"39 bis, CHASSEURS (RUE D",47.71711,-3.43627,Nuit avec éclairage allumé,En agglomération,Hors intersection,Normale,Autre collision,,,,,,,,,,,5,2,1,1,6.0
201600029163,0016-04-05 18:20:00,16,4,5,18,20,560,98,", ZEDE (RUE  GUSTAVE )",47.77555,-3.35424,Plein jour,En agglomération,Hors intersection,Normale,Deux véhicules - côté,,,,,,,,,,,1,2,1,1,3.0
201600029164,0016-04-05 18:50:00,16,4,5,18,50,560,121,"0, SAINT-MARCEL (RUE)",47.74675,-3.38145,Plein jour,En agglomération,Hors intersection,Normale,Deux véhicules - côté,,,,,,,,,,,1,2,1,1,3.0
201600029165,0016-04-05 18:50:00,16,4,5,18,50,560,98,"0, SAKHAROV (RUE  ANDRE",47.77711,-3.34175,Plein jour,En agglomération,Hors intersection,Normale,Deux véhicules - côté,,,,,,,,,,,1,2,1,1,3.0
201600029166,0016-04-05 15:50:00,16,4,5,15,50,560,121,"0, ORADOUR SUR GLANE ( B",47.75497,-3.37139,Plein jour,En agglomération,Hors intersection,Normale,Sans collision,,,,,,,,,,,1,2,1,1,7.0
201600029167,0016-04-06 05:46:00,16,4,6,5,46,560,98,"0, JAURES (RUE  JEAN )",47.77007,-3.35011,Nuit avec éclairage allumé,En agglomération,Intersection en X,Normale,Deux véhicules - côté,,,,,,,,,,,5,2,2,1,3.0
201600029168,0016-04-06 16:19:00,16,4,6,16,19,560,121,"0, MULLER ( DU COLONEL J",47.76517,-3.39633,Plein jour,En agglomération,Hors intersection,Normale,Autre collision,,,,,,,,,,,1,2,1,1,6.0
201600029169,0016-04-07 07:35:00,16,4,7,7,35,560,121,"67, GUIEYSSE (RUE  PAUL",47.75735,-3.3697,Crépuscule ou aube,En agglomération,Hors intersection,Normale,Deux véhicules - côté,,,,,,,,,,,2,2,1,1,3.0
201600029170,0016-04-08 19:40:00,16,4,8,19,40,560,121,"137, GUIEYSSE (RUE  PAUL",47.75786,-3.37442,Plein jour,En agglomération,Hors intersection,Normale,Deux véhicules - arrière,,,,,,,,,,,1,2,1,1,2.0
201600029171,0016-04-10 04:50:00,16,4,10,4,50,560,121,"2, ROCHE (RUE  LOUIS )",47.75945,-3.36952,Nuit avec éclairage allumé,En agglomération,Hors intersection,Normale,Autre collision,,,,,,,,,,,5,2,1,1,6.0
201600029172,0016-04-10 11:40:00,16,4,10,11,40,560,83,"., REPUBLIQUE ( AV. DE L",47.79954,-3.29054,Plein jour,En agglomération,Hors intersection,Normale,Autre collision,,,,,,,,,,,1,2,1,1,6.0
201600029173,0016-04-08 21:40:00,16,4,8,21,40,560,98,"., KERMORVAN (RUE  DE )",47.76781,-3.31444,Nuit avec éclairage non allumé,Hors agglomération,Hors intersection,Normale,Autre collision,,,,,,,,,,,4,1,1,1,6.0
201600029174,0016-04-13 17:00:00,16,4,13,17,0,560,98,"., STOSSKOPF ( AV. INGEN",47.75028,-3.33735,Plein jour,En agglomération,Hors intersection,Normale,Deux véhicules - arrière,,,,,,,,,,,1,2,1,1,2.0
201600029175,0016-04-14 13:40:00,16,4,14,13,40,560,121,"., TOULLEC (RUE  FRANCOI",47.73256,-3.38033,Plein jour,En agglomération,Hors intersection,Normale,Autre collision,,,,,,,,,,,1,2,1,1,6.0
201600029176,0016-04-14 14:30:00,16,4,14,14,30,560,98,"20, JAURES (RUE  JEAN )",47.76404,-3.36054,Plein jour,En agglomération,Hors intersection,Normale,Deux véhicules - arrière,,,,,,,,,,,1,2,1,1,2.0
201600029177,0016-04-15 16:50:00,16,4,15,16,50,560,98,"0, LAVOISIER (RUE  ANTOI",47.78086,-3.34165,Plein jour,En agglomération,Hors intersection,Normale,Deux véhicules - côté,,,,,,,,,,,1,2,1,1,3.0
201600029178,0016-04-17 20:30:00,16,4,17,20,30,560,121,"10, LE BALP ( ET PL. SEB",47.76387,-3.39298,Crépuscule ou aube,En agglomération,Hors intersection,Normale,Sans collision,,,,,,,,,,,2,2,1,1,7.0
201600029179,0016-04-11 16:10:00,16,4,11,16,10,560,83,"0, BLUM (RUE  LEON )",47.80807,-3.26618,Plein jour,En agglomération,Hors intersection,Normale,Sans collision,,,,,,,,,,,1,2,1,1,7.0
201600029180,0016-04-20 12:10:00,16,4,20,12,10,560,121,"0, KERLOUANO (RUE  DE )",47.76035,-3.39326,Plein jour,En agglomération,Hors intersection,Normale,Deux véhicules - côté,,,,,,,,,,,1,2,1,1,3.0
201600029181,0016-04-20 15:43:00,16,4,20,15,43,560,98,"0, ROSTAND (RUE JEAN)",47.77902,-3.31748,Plein jour,Hors agglomération,Hors intersection,Normale,Sans collision,,,,,,,,,,,1,1,1,1,7.0
201600029182,0016-04-21 18:17:00,16,4,21,18,17,560,83,"0, PASTEUR ( AVENUE )",,,Plein jour,Hors agglomération,Hors intersection,Normale,Trois véhicules et plus - en chaîne,,,,,,,,,,,1,1,1,1,4.0
201600029183,0016-04-23 11:13:00,16,4,23,11,13,560,107,"20, DUNES (BOULEVARD DES",47.70996,-3.37593,Plein jour,En agglomération,Hors intersection,Normale,Deux véhicules - côté,,,,,,,,,,,1,2,1,1,3.0
201600029184,0016-04-24 16:42:00,16,4,24,16,42,560,98,"0, LENINE ( AV. )",47.76176,-3.34543,Plein jour,En agglomération,Hors intersection,Normale,Autre collision,,,,,,,,,,,1,2,1,1,6.0
201600029185,0016-04-25 14:40:00,16,4,25,14,40,560,121,"0, COURNET ( RUE  FREDER",47.7574,-3.36118,Plein jour,En agglomération,Intersection en X,Normale,Deux véhicules - côté,,,,,,,,,,,1,2,2,1,3.0
201600029186,0016-04-26 16:05:00,16,4,26,16,5,560,107,"0, BEAURIVAGE (RUE)",47.70692,-3.38368,Plein jour,En agglomération,Hors intersection,Normale,Deux véhicules - arrière,,,,,,,,,,,1,2,1,1,2.0
201600029187,0016-04-29 18:05:00,16,4,29,18,5,560,121,"0, DESSERTE PORTUAIRE (R",47.74482,-3.38581,Plein jour,En agglomération,Hors intersection,Pluie légère,Deux véhicules - arrière,,,,,,,,,,,1,2,1,2,2.0
201600029188,0016-04-29 18:05:00,16,4,29,18,5,560,121,"0, NORMANDIE ( BD ET IMP",47.75974,-3.36641,Plein jour,En agglomération,Hors intersection,Pluie légère,Deux véhicules - côté,,,,,,,,,,,1,2,1,2,3.0
201600029189,0016-04-30 20:05:00,16,4,30,20,5,560,121,"191, MULLER ( DU COLONEL",47.769,-3.40589,Plein jour,En agglomération,Hors intersection,Normale,Deux véhicules - frontale,,,,,,,,,,,1,2,1,1,1.0
201600029190,0016-04-30 20:30:00,16,4,30,20,30,560,98,"118, SAKHAROV (RUE  ANDR",47.77712,-3.34207,Crépuscule ou aube,En agglomération,Hors intersection,Normale,Deux véhicules - arrière,,,,,,,,,,,2,2,1,1,2.0
201600029191,0016-05-03 07:45:00,16,5,3,7,45,560,121,"0, CHALUTIER LA TANCHE (",47.73441,-3.36717,Plein jour,En agglomération,Hors intersection,Normale,Autre collision,,,,,,,,,,,1,2,1,1,6.0
201600029192,0016-05-03 16:20:00,16,5,3,16,20,560,83,"88, VAILLANT ( AV. EDOUA",47.82031,-3.25231,Plein jour,En agglomération,Hors intersection,Normale,Deux véhicules - arrière,,,,,,,,,,,1,2,1,1,2.0
201600029193,0016-05-06 11:00:00,16,5,6,11,0,560,121,"214, RUE DE BELGIQUE",47.76193,-3.38909,Plein jour,Hors agglomération,Hors intersection,Normale,Autre collision,,,,,,,,,,,1,1,1,1,6.0
201600029194,0016-05-06 16:52:00,16,5,6,16,52,560,98,"0, BROSSOLETTE (RUE  PIE",47.75727,-3.33127,Plein jour,En agglomération,Intersection en X,Normale,Deux véhicules - côté,,,,,,,,,,,1,2,2,1,3.0
201600029195,0016-05-07 18:16:00,16,5,7,18,16,560,83,"0, LIBERATION ( AV. DE L",47.80432,-3.26996,Plein jour,En agglomération,Hors intersection,Normale,Sans collision,,,,,,,,,,,1,2,1,1,7.0
201600029196,0016-05-10 16:50:00,16,5,10,16,50,560,121,"0, VERDUN (RUE  DE )",47.75845,-3.36533,Plein jour,En agglomération,Hors intersection,Normale,Deux véhicules - arrière,,,,,,,,,,,1,2,1,1,2.0
201600029197,0016-05-13 17:45:00,16,5,13,17,45,560,121,"11, ROHAN ( Q DE )",47.74375,-3.35816,Plein jour,En agglomération,Hors intersection,Normale,Autre collision,,,,,,,,,,,1,2,1,1,6.0
201600029198,0016-05-17 04:30:00,16,5,17,4,30,560,121,"0, KERMELO ( ET IMP. DE",47.73535,-3.38535,Nuit avec éclairage allumé,Hors agglomération,Hors intersection,Normale,Sans collision,,,,,,,,,,,5,1,1,1,7.0
201600029199,0016-05-17 09:00:00,16,5,17,9,0,560,98,"0, LARNICOL (RUE  LOUIS",47.76202,-3.33943,Plein jour,En agglomération,Intersection en T,Normale,Deux véhicules - côté,,,,,,,,,,,1,2,3,1,3.0
201600029200,0016-05-17 10:00:00,16,5,17,10,0,560,83,"0, KERPOTENCE (RUE  DE )",47.80953,-3.25585,Plein jour,Hors agglomération,Hors intersection,Normale,Deux véhicules - côté,,,,,,,,,,,1,1,1,1,3.0
201600029201,0016-05-20 08:55:00,16,5,20,8,55,560,98,"29, REPUBLIQUE (RUE DE L",47.75697,-3.34404,Plein jour,En agglomération,Hors intersection,Pluie légère,Deux véhicules - arrière,,,,,,,,,,,1,2,1,2,2.0
201600029202,0016-05-20 13:55:00,16,5,20,13,55,560,98,"42, BILLOUX ( AV. FRANCO",47.76276,-3.34885,Plein jour,En agglomération,Hors intersection,Normale,Sans collision,,,,,,,,,,,1,2,1,1,7.0
201600029203,0016-05-26 17:00:00,16,5,26,17,0,560,121,"0, PLENENO ( RD PT DU )",47.75734,-3.38763,Plein jour,En agglomération,Hors intersection,Normale,Deux véhicules - arrière,,,,,,,,,,,1,2,1,1,2.0
201600029204,0016-05-27 13:10:00,16,5,27,13,10,560,121,"101, BLUM ( BD LEON )",47.74671,-3.37785,Plein jour,En agglomération,Hors intersection,Normale,Deux véhicules - arrière,,,,,,,,,,,1,2,1,1,2.0
201600029205,0016-05-30 18:45:00,16,5,30,18,45,560,83,"28, BALZAC (RUE  HONORE",47.81103,-3.26238,Plein jour,En agglomération,Intersection en X,Normale,Deux véhicules - côté,,,,,,,,,,,1,2,2,1,3.0
201600029206,0016-05-31 11:02:00,16,5,31,11,2,560,107,"0, ROUTE DEPARTEMENTALE",,,Plein jour,Hors agglomération,Hors intersection,Normale,Deux véhicules - frontale,,,,,,,,,,,1,1,1,1,1.0
201600029207,0016-05-31 12:29:00,16,5,31,12,29,560,83,"0, CACHIN (RUE  MARCEL )",47.8058,-3.26014,Plein jour,En agglomération,Intersection en T,Normale,Deux véhicules - arrière,,,,,,,,,,,1,2,3,1,2.0
201600029208,0016-06-03 18:43:00,16,6,3,18,43,560,121,"0, DUNANT (RUE  HENRI )",47.75175,-3.37664,Plein jour,En agglomération,Hors intersection,Normale,Deux véhicules - arrière,,,,,,,,,,,1,2,1,1,2.0