accident_id,datetime,annee,mois,jour,heure,minute,departement,commune_insee,adresse,latitude,longitude,luminosite,agglomeration,intersection,meteo,collision,nb_vehicules,nb_usagers,nb_indemnes,nb_tues,nb_blesses_hosp,nb_blesses_legers,age_cond_1,age_cond_2,veh_type_cond_1,veh_type_cond_2,lum_code,agg_code,int_code,atm_code,col_code
201600029567,0016-09-23 12:39:00,16,9,23,12,39,570,463,"00, NEUFBOURG (RUE DU )",49.1128,6.17716,Plein jour,En agglomération,Intersection en Y,Normale,Autre collision,,,,,,,,,,,1,2,4,1,6.0
201600029568,0016-09-24 20:10:00,16,9,24,20,10,570,480,"76, REIMS (RUE DE )",49.10006,6.14764,Nuit avec éclairage non allumé,En agglomération,Hors intersection,Normale,Autre collision,,,,,,,,,,,4,2,1,1,6.0
201600029569,0016-09-29 09:50:00,16,9,29,9,50,570,463,"10, ANTOINE LOUIS (RUE)",49.10739,6.17099,Plein jour,En agglomération,Hors intersection,Normale,Autre collision,,,,,,,,,,,1,2,1,1,6.0
201600029570,0016-09-29 19:55:00,16,9,29,19,55,570,463,"92, XX EME CORPS AMERICA",49.09907,6.16145,Nuit avec éclairage allumé,En agglomération,Hors intersection,Normale,Deux véhicules - côté,,,,,,,,,,,5,2,1,1,3.0
201600029571,0016-10-04 08:45:00,16,10,4,8,45,570,447,"0, BRETAGNE (RUE DE)",49.06013,6.16327,Plein jour,En agglomération,Giratoire,Normale,Deux véhicules - côté,,,,,,,,,,,1,2,6,1,3.0
201600029572,0016-10-04 18:20:00,16,10,4,18,20,570,463,", SOLIDARITE (BOULEVARD",49.10758,6.22902,Plein jour,En agglomération,Hors intersection,Temps éblouissant,Autre collision,,,,,,,,,,,1,2,1,7,6.0
201600029573,0016-10-07 16:50:00,16,10,7,16,50,570,463,"00, WOIPPY (ROUTE  DE )",49.13595,6.1589,Plein jour,En agglomération,Hors intersection,Normale,Deux véhicules - frontale,,,,,,,,,,,1,2,1,1,1.0
201600029574,0016-10-08 22:10:00,16,10,8,22,10,570,463,", CHAMPAGNE (RUE DE )",49.11654,6.22959,Nuit avec éclairage allumé,En agglomération,Hors intersection,Normale,Deux véhicules - frontale,,,,,,,,,,,5,2,1,1,1.0
201600029575,0016-10-10 09:00:00,16,10,10,9,0,570,463,"5, SAINT SYMPHORIEN (ALL",49.10917,6.16149,Plein jour,En agglomération,Hors intersection,Normale,Autre collision,,,,,,,,,,,1,2,1,1,6.0
201600029576,0016-10-31 15:20:00,16,10,31,15,20,570,463,"00, SEBASTOPOL (AVENUE D",49.10872,6.23115,Plein jour,En agglomération,Intersection en T,Normale,Deux véhicules - côté,,,,,,,,,,,1,2,3,1,3.0
201600029577,0016-11-05 21:50:00,16,11,5,21,50,570,463,"00, JEAN XXIII (AVENUE )",49.11336,6.18373,Nuit avec éclairage allumé,En agglomération,Intersection en X,Pluie légère,Deux véhicules - côté,,,,,,,,,,,5,2,2,2,3.0
201600029578,0016-11-06 05:30:00,16,11,6,5,30,570,463,"00, JOSEPH HENOT (RUE )",49.10203,6.20151,Nuit avec éclairage allumé,En agglomération,Intersection en T,Normale,Deux véhicules - arrière,,,,,,,,,,,5,2,3,1,2.0
201600029579,0016-11-06 15:45:00,16,11,6,15,45,570,463,"00, MERCY (RUE DE )",49.16826,6.23417,Plein jour,Hors agglomération,Intersection en X,Normale,Deux véhicules - frontale,,,,,,,,,,,1,1,2,1,1.0
201600029580,0016-11-16 15:45:00,16,11,16,15,45,570,751,"0, MARECHAL FOCH (RUE )",49.15123,6.15009,Plein jour,En agglomération,Hors intersection,Pluie légère,Autre collision,,,,,,,,,,,1,2,1,2,6.0
201600029581,0016-11-17 15:55:00,16,11,17,15,55,570,463,"0, CLAUDE CHAPPE (RUE )",49.10385,6.22418,Crépuscule ou aube,En agglomération,Intersection en T,Pluie légère,Deux véhicules - frontale,,,,,,,,,,,2,2,3,2,1.0
201600029582,0016-11-21 07:46:00,16,11,21,7,46,570,463,"0, POINCARE (BOULEVARD )",49.11523,6.16804,Crépuscule ou aube,En agglomération,Hors intersection,Pluie forte,Autre collision,,,,,,,,,,,2,2,1,3,6.0
201600029583,0016-11-22 10:00:00,16,11,22,10,0,570,463,"10, SOLIDARITE (BOULEVAR",49.10706,6.22823,Plein jour,En agglomération,Hors intersection,Normale,Autre collision,,,,,,,,,,,1,2,1,1,6.0
201600029584,0016-11-23 11:45:00,16,11,23,11,45,570,447,"0, RD5b",49.04898,6.14023,Plein jour,Hors agglomération,Hors intersection,Normale,Deux véhicules - arrière,,,,,,,,,,,1,1,1,1,2.0
201600029585,0016-11-23 17:45:00,16,11,23,17,45,570,463,ROI ALBERT (RUE DU ),49.1101,6.1996,Nuit avec éclairage allumé,En agglomération,Hors intersection,Pluie légère,Autre collision,,,,,,,,,,,5,2,1,2,6.0
201600029586,0016-11-25 16:36:00,16,11,25,16,36,570,463,"00, BELLE ISLE (RUE )",49.12104,6.16851,Crépuscule ou aube,En agglomération,Hors intersection,Normale,Deux véhicules - côté,,,,,,,,,,,2,2,1,1,3.0
201600029587,0016-11-28 15:45:00,16,11,28,15,45,570,545,FOND DES PRES (RUE DU),49.13335,6.13023,Plein jour,En agglomération,Hors intersection,Normale,Autre collision,,,,,,,,,,,1,2,1,1,6.0
201600029588,0016-11-30 13:45:00,16,11,30,13,45,570,463,"00, JOFFRE  (AVENUE )",49.1117,6.1712,Plein jour,Hors agglomération,Hors intersection,Normale,Autre collision,,,,,,,,,,,1,1,1,1,6.0
201600029589,0016-12-01 17:31:00,16,12,1,17,31,570,463,"0, JOSEPH HENOT (RUE )",,,Crépuscule ou aube,En agglomération,Hors intersection,Normale,Deux véhicules - arrière,,,,,,,,,,,2,2,1,1,2.0
201600029590,0016-12-06 17:40:00,16,12,6,17,40,570,480,"1, GENERAL FRANIATTE (RU",49.09829,6.16085,Nuit avec éclairage allumé,En agglomération,Hors intersection,Normale,Autre collision,,,,,,,,,,,5,2,1,1,6.0
201600029591,0016-12-09 16:10:00,16,12,9,16,10,570,463,"21, CHAMBRE (PLACE DE )",49.12047,6.17429,Plein jour,En agglomération,Hors intersection,Normale,Autre collision,,,,,,,,,,,1,2,1,1,6.0
201600029592,0016-12-09 17:25:00,16,12,9,17,25,570,463,VOIE RAPIDE EST,49.11616,6.20679,Nuit sans éclairage public,Hors agglomération,Hors intersection,Normale,Deux véhicules - arrière,,,,,,,,,,,3,1,1,1,2.0
201600029593,0016-12-10 06:00:00,16,12,10,6,0,570,463,FER (PONT DE ),49.12665,6.16163,Nuit avec éclairage non allumé,En agglomération,Hors intersection,Normale,Autre collision,,,,,,,,,,,4,2,1,1,6.0
201600029594,0016-12-14 06:05:00,16,12,14,6,5,570,463,"0, FRERES LACRETELLE (RU",49.11484,6.1894,Nuit avec éclairage allumé,En agglomération,Hors intersection,Normale,Autre collision,,,,,,,,,,,5,2,1,1,6.0
201600029595,0016-12-15 17:30:00,16,12,15,17,30,570,463,VOIE RAPIDE EST,49.11823,6.21797,Nuit sans éclairage public,En agglomération,Hors intersection,Normale,Trois véhicules et plus - collisions multiples,,,,,,,,,,,3,2,1,1,5.0
201600029596,0016-12-22 15:40:00,16,12,22,15,40,570,447,"0, GRANGE AUX ORMES (RUE",49.0798,6.14988,Plein jour,En agglomération,Intersection en X,Pluie légère,Deux véhicules - côté,,,,,,,,,,,1,2,2,2,3.0
201600029597,0016-12-23 18:00:00,16,12,23,18,0,570,463,"26, PONT A MOUSSON (RUE",49.10435,6.16272,Nuit avec éclairage allumé,En agglomération,Hors intersection,Normale,Autre collision,,,,,,,,,,,5,2,1,1,6.0
201600029598,0016-01-19 17:25:00,16,1,19,17,25,570,630,"Neant, JEAN XXIII (QUAI)",48.73497,7.05033,Crépuscule ou aube,En agglomération,Hors intersection,Brouillard / fumée,Autre collision,,,,,,,,,,,2,2,1,5,6.0
201600029599,0016-03-13 16:50:00,16,3,13,16,50,570,630,"Neant, POINCARE (RAYMOND",48.73625,7.05261,Plein jour,En agglomération,Intersection en X,Normale,Deux véhicules - côté,,,,,,,,,,,1,2,2,1,3.0
201600029600,0016-03-21 08:00:00,16,3,21,8,0,570,630,"34, FRANCE (AV)",48.73501,7.04756,Plein jour,En agglomération,Hors intersection,Normale,Autre collision,,,,,,,,,,,1,2,1,1,6.0
201600029601,0016-03-29 10:30:00,16,3,29,10,30,570,630,"NEANT, POINCARE (RAYMOND",48.73625,7.05261,Plein jour,En agglomération,Intersection en X,Normale,Deux véhicules - côté,,,,,,,,,,,1,2,2,1,3.0
201600029602,0016-04-12 21:38:00,16,4,12,21,38,570,119,"NEANT, RD45",48.73644,7.08005,Nuit sans éclairage public,Hors agglomération,Hors intersection,Normale,Deux véhicules - côté,,,,,,,,,,,3,1,1,1,3.0
201600029603,0016-04-13 18:00:00,16,4,13,18,0,570,630,"79, VERDUN",48.74235,7.03267,Plein jour,En agglomération,Hors intersection,Normale,Autre collision,,,,,,,,,,,1,2,1,1,6.0
201600029604,0016-04-20 14:00:00,16,4,20,14,0,570,566,"NEANT, PHALSBOURG",48.74475,7.10397,Plein jour,En agglomération,Giratoire,Normale,Deux véhicules - côté,,,,,,,,,,,1,2,6,1,3.0
201600029605,0016-04-21 13:22:00,16,4,21,13,22,570,630,", PHALSBOURG",48.74085,7.0739,Plein jour,En agglomération,Intersection en X,Normale,Deux véhicules - côté,,,,,,,,,,,1,2,2,1,3.0
201600029606,0016-05-08 11:00:00,16,5,8,11,0,570,630,REBBERG (DU),48.72625,7.05366,Plein jour,En agglomération,Intersection en T,Temps éblouissant,Autre collision,,,,,,,,,,,1,2,3,7,6.0
201600029607,0016-05-11 14:00:00,16,5,11,14,0,570,630,"17, IMLING (ROUTE D')",48.72008,7.03633,Plein jour,En agglomération,Hors intersection,Normale,Autre collision,,,,,,,,,,,1,2,1,1,6.0
201600029608,0016-05-11 10:34:00,16,5,11,10,34,570,630,RD955,48.72777,7.0268,Plein jour,Hors agglomération,Hors intersection,Normale,Sans collision,,,,,,,,,,,1,1,1,1,7.0
201600029609,0016-06-27 05:20:00,16,6,27,5,20,570,630,LUMIERE (AUGUSTE),48.74691,7.07107,Crépuscule ou aube,En agglomération,Intersection en T,Normale,Sans collision,,,,,,,,,,,2,2,3,1,7.0
201600029610,0016-08-13 14:40:00,16,8,13,14,40,570,630,BILDSTEIN ( LT),48.73502,7.04941,Plein jour,En agglomération,Intersection en T,Normale,Autre collision,,,,,,,,,,,1,2,3,1,6.0
201600029611,0016-09-16 20:00:00,16,9,16,20,0,570,630,"NEANT, SARREGUEMINES",48.75208,7.06995,Crépuscule ou aube,En agglomération,Hors intersection,Normale,Sans collision,,,,,,,,,,,2,2,1,1,7.0
201600029612,0016-09-22 08:30:00,16,9,22,8,30,570,630,"79, VERDUN",48.74248,7.03272,Plein jour,En agglomération,Hors intersection,Normale,Deux véhicules - frontale,,,,,,,,,,,1,2,1,1,1.0
201600029613,0016-09-24 19:49:00,16,9,24,19,49,570,566,NANCY,48.74271,7.08663,Crépuscule ou aube,En agglomération,Giratoire,Normale,Deux véhicules - frontale,,,,,,,,,,,2,2,6,1,1.0
201600029614,0016-10-04 12:50:00,16,10,4,12,50,570,630,PHALSBOURG,48.74073,7.07414,Plein jour,En agglomération,Intersection en T,Normale,Deux véhicules - arrière,,,,,,,,,,,1,2,3,1,2.0
201600029615,0016-10-05 12:30:00,16,10,5,12,30,570,630,"NEANT, SARREGUEMINES",48.75611,7.07062,Plein jour,Hors agglomération,Hors intersection,Normale,Deux véhicules - arrière,,,,,,,,,,,1,1,1,1,2.0
201600029616,0016-10-07 04:15:00,16,10,7,4,15,570,119,"NEANT, ROUTE DE HESSE",48.70572,7.0704,Nuit sans éclairage public,Hors agglomération,Hors intersection,Normale,Sans collision,,,,,,,,,,,3,1,1,1,7.0
201600029617,0016-10-22 20:40:00,16,10,22,20,40,570,630,"NEANT, JOFFRE (MARECHAL)",48.73729,7.06095,Nuit avec éclairage allumé,En agglomération,Hors intersection,Normale,Deux véhicules - arrière,,,,,,,,,,,5,2,1,1,2.0
201600029618,0016-10-23 14:45:00,16,10,23,14,45,570,566,"NEANT, PHALSBOURG",48.74355,7.0962,Plein jour,En agglomération,Giratoire,Normale,Deux véhicules - côté,,,,,,,,,,,1,2,6,1,3.0
201600029619,0016-11-04 18:00:00,16,11,4,18,0,570,630,"NEANT, NIDERVILLER",48.73452,7.08191,Nuit sans éclairage public,En agglomération,Intersection en X,Normale,Deux véhicules - côté,,,,,,,,,,,3,2,2,1,3.0
201600029620,0016-11-22 17:50:00,16,11,22,17,50,570,630,"NEANT, NIDERVILLER",48.74052,7.07455,Nuit avec éclairage allumé,En agglomération,Hors intersection,Pluie légère,Trois véhicules et plus - en chaîne,,,,,,,,,,,5,2,1,2,4.0
201600029621,0016-12-05 13:30:00,16,12,5,13,30,570,630,"NEANT, DOLVING",48.74521,7.03676,Plein jour,En agglomération,Hors intersection,Normale,Autre collision,,,,,,,,,,,1,2,1,1,6.0
201600029622,0016-12-07 09:40:00,16,12,7,9,40,570,566,"NEANT, NANCY",48.74323,7.09382,Plein jour,En agglomération,Hors intersection,Temps couvert,Autre collision,,,,,,,,,,,1,2,1,8,6.0
201600029623,0016-12-22 16:30:00,16,12,22,16,30,570,630,"NEANT, DOLVING",48.7454,7.03645,Crépuscule ou aube,En agglomération,Intersection en T,Pluie légère,Deux véhicules - côté,,,,,,,,,,,2,2,3,2,3.0
201600029624,0016-12-14 17:24:00,16,12,14,17,24,570,630,"34, PHALSBOURG",48.73882,7.06659,Nuit avec éclairage allumé,En agglomération,Hors intersection,Temps couvert,Sans collision,,,,,,,,,,,5,2,1,8,7.0
201600029625,0016-01-07 10:20:00,16,1,7,10,20,570,631,"10, FAIENCERIES (BOULEVA",49.10947,7.07183,Plein jour,En agglomération,Hors intersection,Normale,Trois véhicules et plus - collisions multiples,,,,,,,,,,,1,2,1,1,5.0
201600029626,0016-01-27 18:40:00,16,1,27,18,40,570,631,"1, GEIGER (RUE)",49.11341,7.07227,Plein jour,Hors agglomération,Hors intersection,Normale,Autre collision,,,,,,,,,,,1,1,1,1,6.0
201600029627,0016-02-26 08:50:00,16,2,26,8,50,570,631,"1, GEIGER (RUE)",49.11341,7.07227,Plein jour,En agglomération,Hors intersection,Normale,Autre collision,,,,,,,,,,,1,2,1,1,6.0
201600029628,0016-02-28 05:15:00,16,2,28,5,15,570,631,"34, NANCY (RUE) A-5 B-5",49.10052,7.06284,Nuit avec éclairage allumé,En agglomération,Hors intersection,Normale,Deux véhicules - côté,,,,,,,,,,,5,2,1,1,3.0
201600029629,0016-03-15 11:40:00,16,3,15,11,40,570,631,"8A, STEINBACH (RUE DE)",49.10213,7.07644,Plein jour,En agglomération,Hors intersection,Normale,Deux véhicules - frontale,,,,,,,,,,,1,2,1,1,1.0
201600029630,0016-08-13 11:30:00,16,8,13,11,30,570,631,DEVIATION SUD,,,Plein jour,Hors agglomération,Hors intersection,Normale,Deux véhicules - arrière,,,,,,,,,,,1,1,1,1,2.0
201600029631,0016-10-24 04:35:00,16,10,24,4,35,570,631,BITCHE (RUE DE) DU Nø 95,,,Nuit sans éclairage public,Hors agglomération,Hors intersection,Normale,Autre collision,,,,,,,,,,,3,1,1,1,6.0
201600029632,0016-01-09 21:15:00,16,1,9,21,15,570,672,"30, MERLIN (AVENUE) - PA",49.35652,6.15677,Nuit avec éclairage allumé,En agglomération,Intersection en T,Normale,Autre collision,,,,,,,,,,,5,2,3,1,6.0
201600029633,0016-12-27 17:20:00,16,12,27,17,20,570,441,"1, MONDORFF (ROUTE DE)",49.37957,6.17238,Nuit avec éclairage allumé,En agglomération,Hors intersection,Normale,Deux véhicules - frontale,,,,,,,,,,,5,2,1,1,1.0
201600029634,0016-01-11 11:20:00,16,1,11,11,20,570,672,SAINT-MICHEL (MONTEE DU),49.37705,6.09563,Plein jour,Hors agglomération,Hors intersection,Brouillard / fumée,Autre collision,,,,,,,,,,,1,1,1,5,6.0
201600029635,0016-01-12 18:20:00,16,1,12,18,20,570,672,"30, SCHUMANN (Bld ROBERT",49.35352,6.1789,Nuit avec éclairage non allumé,En agglomération,Hors intersection,Pluie légère,Autre collision,,,,,,,,,,,4,2,1,2,6.0
201600029636,0016-01-19 07:55:00,16,1,19,7,55,570,672,"12, CLEMENCEAU (AVENUE)",49.35969,6.16896,Nuit avec éclairage allumé,En agglomération,Hors intersection,Normale,Autre collision,,,,,,,,,,,5,2,1,1,6.0
201600029637,0016-01-20 14:30:00,16,1,20,14,30,570,672,"5, CHATEAU JEANNOT (RUE)",49.36643,6.15314,Plein jour,En agglomération,Hors intersection,Normale,Autre collision,,,,,,,,,,,1,2,1,1,6.0
201600029638,0016-02-04 01:32:00,16,2,4,1,32,570,221,"123, UCKANGE (RUE D')",49.31688,6.14178,Nuit sans éclairage public,En agglomération,Hors intersection,Normale,Autre collision,,,,,,,,,,,3,2,1,1,6.0
201600029639,0016-02-12 10:25:00,16,2,12,10,25,570,672,"2, FRERES (RUE DES)",49.35291,6.15927,Plein jour,En agglomération,Hors intersection,Normale,Autre collision,,,,,,,,,,,1,2,1,1,6.0
201600029640,0016-02-13 19:30:00,16,2,13,19,30,570,757,"163, ROOSEVELT (RUE DU P",49.34745,6.19514,Nuit sans éclairage public,En agglomération,Hors intersection,Pluie forte,Autre collision,,,,,,,,,,,3,2,1,3,6.0
201600029641,0016-02-14 14:00:00,16,2,14,14,0,570,221,"222, GRAND'RUE",49.32373,6.11581,Plein jour,En agglomération,Hors intersection,Normale,Deux véhicules - côté,,,,,,,,,,,1,2,1,1,3.0
201600029642,0016-02-27 09:25:00,16,2,27,9,25,570,672,"1, 14 JUILLET (AVENUE)",49.35789,6.13008,Plein jour,En agglomération,Hors intersection,Normale,Autre collision,,,,,,,,,,,1,2,1,1,6.0
201600029643,0016-02-27 17:45:00,16,2,27,17,45,570,757,"44, Nations (Avenue)",49.35874,6.18957,Plein jour,En agglomération,Hors intersection,Normale,Deux véhicules - côté,,,,,,,,,,,1,2,1,1,3.0
201600029644,0016-03-15 11:25:00,16,3,15,11,25,570,306,"53, SAINT-THEODORE (RUE)",49.32335,6.0434,Plein jour,En agglomération,Hors intersection,Normale,Deux véhicules - côté,,,,,,,,,,,1,2,1,1,3.0
201600029645,0016-03-17 17:40:00,16,3,17,17,40,570,757,"1, ILLANGE (ROUTE D')",49.3515,6.17531,Plein jour,En agglomération,Hors intersection,Normale,Deux véhicules - arrière,,,,,,,,,,,1,2,1,1,2.0
201600029646,0016-03-26 06:00:00,16,3,26,6,0,570,672,SAINT-MICHEL (MONTEE DU),49.38524,6.06229,Plein jour,Hors agglomération,Hors intersection,Pluie légère,Autre collision,,,,,,,,,,,1,1,1,2,6.0
201600029647,0016-03-26 18:25:00,16,3,26,18,25,570,672,"1, ESCH SUR ALZETTE (ROU",49.35631,6.14349,Plein jour,En agglomération,Giratoire,Normale,Deux véhicules - côté,,,,,,,,,,,1,2,6,1,3.0
201600029648,0016-03-31 21:15:00,16,3,31,21,15,570,672,"1, ESCH SUR ALZETTE (ROU",49.35776,6.1366,Nuit avec éclairage allumé,En agglomération,Giratoire,Pluie forte,Deux véhicules - côté,,,,,,,,,,,5,2,6,3,3.0
201600029649,0016-04-07 17:05:00,16,4,7,17,5,570,757,"1, INDUSTRIE (RUE DE L')",49.36961,6.20793,Plein jour,En agglomération,Hors intersection,Normale,Autre collision,,,,,,,,,,,1,2,1,1,6.0
201600029650,0016-04-18 14:30:00,16,4,18,14,30,570,221,"217, GRAND'RUE",49.32393,6.11617,Plein jour,Hors agglomération,Hors intersection,Normale,Deux véhicules - frontale,,,,,,,,,,,1,1,1,1,1.0
201600029651,0016-04-20 12:01:00,16,4,20,12,1,570,672,"1, VAUBAN (AVENUE)",49.3613,6.15773,Plein jour,En agglomération,Hors intersection,Normale,Autre collision,,,,,,,,,,,1,2,1,1,6.0
201600029652,0016-05-06 11:15:00,16,5,6,11,15,570,672,"1, MARCHAL (QUAI)",49.35792,6.16936,Plein jour,En agglomération,Hors intersection,Normale,Deux véhicules - côté,,,,,,,,,,,1,2,1,1,3.0
201600029653,0016-05-06 17:00:00,16,5,6,17,0,570,306,"114, FOCH (RUE)",49.33065,6.0584,Plein jour,En agglomération,Hors intersection,Normale,Deux véhicules - arrière,,,,,,,,,,,1,2,1,1,2.0
201600029654,0016-05-12 09:00:00,16,5,12,9,0,570,508,"30, METROPOLE (RUE DE LA",49.34692,6.05525,Plein jour,En agglomération,Hors intersection,Normale,Deux véhicules - frontale,,,,,,,,,,,1,2,1,1,1.0
201600029655,0016-05-16 03:25:00,16,5,16,3,25,570,306,"2, VERDUN (RUE DE)",49.32967,6.0604,Nuit avec éclairage allumé,En agglomération,Hors intersection,Normale,Autre collision,,,,,,,,,,,5,2,1,1,6.0
201600029656,0016-05-21 10:40:00,16,5,21,10,40,570,672,"1, MARECHAL JOFFRE (RUE)",49.35666,6.16012,Plein jour,En agglomération,Hors intersection,Normale,Deux véhicules - arrière,,,,,,,,,,,1,2,1,1,2.0
201600029657,0016-05-25 07:00:00,16,5,25,7,0,570,672,CROIX-HEPICH (ROUTE DE L,49.38211,6.11793,Plein jour,Hors agglomération,Hors intersection,Normale,Deux véhicules - frontale,,,,,,,,,,,1,1,1,1,1.0
201600029658,0016-05-26 14:10:00,16,5,26,14,10,570,221,"37, GARE (RUE DE LA)",49.32866,6.11645,Plein jour,En agglomération,Hors intersection,Normale,Deux véhicules - arrière,,,,,,,,,,,1,2,1,1,2.0
201600029659,0016-06-03 20:00:00,16,6,3,20,0,570,508,"43, JOFFRE (RUE)",49.3423,6.04706,Plein jour,Hors agglomération,Hors intersection,Normale,Autre collision,,,,,,,,,,,1,1,1,1,6.0
201600029660,0016-06-16 14:05:00,16,6,16,14,5,570,757,"30, SCHUMANN (RUE ROBERT",49.35333,6.17934,Plein jour,En agglomération,Giratoire,Pluie forte,Deux véhicules - côté,,,,,,,,,,,1,2,6,3,3.0
201600029661,0016-06-17 11:00:00,16,6,17,11,0,570,757,"1, REPUBLIQUE (RUE DE LA",49.35812,6.18909,Plein jour,En agglomération,Intersection en X,Normale,Autre collision,,,,,,,,,,,1,2,2,1,6.0
201600029662,0016-07-04 16:40:00,16,7,4,16,40,570,306,"151, VERDUN (RUE DE)",49.32604,6.0516,Plein jour,En agglomération,Hors intersection,Normale,Deux véhicules - arrière,,,,,,,,,,,1,2,1,1,2.0
201600029663,0016-07-05 16:30:00,16,7,5,16,30,570,672,"1, JEAN VIGO (RUE)",49.35938,6.13341,Plein jour,En agglomération,Hors intersection,Normale,Autre collision,,,,,,,,,,,1,2,1,1,6.0
201600029664,0016-07-08 20:25:00,16,7,8,20,25,570,757,"103, ROMAINS (RUE DES)",49.35123,6.18678,Plein jour,En agglomération,Hors intersection,Normale,Trois véhicules et plus - collisions multiples,,,,,,,,,,,1,2,1,1,5.0
201600029665,0016-07-24 23:40:00,16,7,24,23,40,570,672,"1, SAINT-MICHEL (MONTEE",49.36456,6.10469,Nuit avec éclairage allumé,En agglomération,Hors intersection,Normale,Deux véhicules - côté,,,,,,,,,,,5,2,1,1,3.0
201600029666,0016-08-24 10:52:00,16,8,24,10,52,570,306,"1, MOLITOR (RUE DU MAREC",49.32953,6.06585,Plein jour,En agglomération,Autre intersection,Normale,Autre collision,,,,,,,,,,,1,2,9,1,6.0
201600029667,0016-08-31 07:40:00,16,8,31,7,40,570,672,"1, GENERAL PATTON (PLACE",49.36253,6.17431,Plein jour,En agglomération,Hors intersection,Normale,Autre collision,,,,,,,,,,,1,2,1,1,6.0
201600029668,0016-09-02 09:20:00,16,9,2,9,20,570,306,"49, FOCH (RUE )",49.32972,6.06168,Plein jour,En agglomération,Hors intersection,Normale,Autre collision,,,,,,,,,,,1,2,1,1,6.0
201600029669,0016-09-02 11:50:00,16,9,2,11,50,570,672,CLEMENCEAU (AVENUE) 1 A,49.36243,6.16366,Plein jour,En agglomération,Hors intersection,Normale,Autre collision,,,,,,,,,,,1,2,1,1,6.0
201600029670,0016-09-11 11:25:00,16,9,11,11,25,570,672,"15, LINKLING (RUE DU)",49.352,6.13933,Plein jour,En agglomération,Hors intersection,Normale,Autre collision,,,,,,,,,,,1,2,1,1,6.0
201600029671,0016-09-16 11:35:00,16,9,16,11,35,570,306,"19, GAULLE (RUE DE)",49.33058,6.06334,Plein jour,Hors agglomération,Hors intersection,Normale,Autre collision,,,,,,,,,,,1,1,1,1,6.0
201600029672,0016-09-19 11:50:00,16,9,19,11,50,570,221,"82, LORRAINE (AVENUE DE)",49.3267,6.12785,Plein jour,En agglomération,Intersection en X,Normale,Deux véhicules - frontale,,,,,,,,,,,1,2,2,1,1.0
201600029673,0016-09-27 14:40:00,16,9,27,14,40,570,672,"9, SAINTE-BARBE (RUE)",49.37059,6.15106,Plein jour,En agglomération,Hors intersection,Normale,Deux véhicules - côté,,,,,,,,,,,1,2,1,1,3.0
201600029674,0016-10-05 08:30:00,16,10,5,8,30,570,672,"44, AGRICULTURE (RUE DE",49.36858,6.15186,Plein jour,Hors agglomération,Hors intersection,Normale,Autre collision,,,,,,,,,,,1,1,1,1,6.0
201600029675,0016-10-11 11:00:00,16,10,11,11,0,570,757,"43, Nations (Avenue)",49.35823,6.18918,Plein jour,En agglomération,Intersection en X,Normale,Autre collision,,,,,,,,,,,1,2,2,1,6.0
201600029676,0016-10-15 12:05:00,16,10,15,12,5,570,672,"42, ESCH SUR ALZETTE (RO",49.3573,6.13745,Plein jour,En agglomération,Hors intersection,Normale,Autre collision,,,,,,,,,,,1,2,1,1,6.0
201600029677,0016-11-07 19:20:00,16,11,7,19,20,570,672,"39, COMTE DE BERTIER (AV",49.37003,6.16922,Nuit avec éclairage non allumé,En agglomération,Hors intersection,Normale,Autre collision,,,,,,,,,,,4,2,1,1,6.0
201600029678,0016-11-09 09:20:00,16,11,9,9,20,570,672,CLEMENCEAU (AVENUE) 1 A,49.36136,6.16551,Plein jour,En agglomération,Intersection en X,Pluie légère,Deux véhicules - côté,,,,,,,,,,,1,2,2,2,3.0
201600029679,0016-11-23 07:10:00,16,11,23,7,10,570,12,"96, CLEMENCEAU (RUE)",49.35855,6.04823,Crépuscule ou aube,En agglomération,Hors intersection,Normale,Autre collision,,,,,,,,,,,2,2,1,1,6.0
201600029680,0016-11-23 18:00:00,16,11,23,18,0,570,221,"35, NATIONALE (RUE)",49.31733,6.11657,Nuit avec éclairage allumé,En agglomération,Intersection en T,Pluie légère,Autre collision,,,,,,,,,,,5,2,3,2,6.0
201600029681,0016-11-23 18:15:00,16,11,23,18,15,570,306,"31, MINE (RUE DE LA)",49.32392,6.05584,Nuit sans éclairage public,En agglomération,Hors intersection,Normale,Autre collision,,,,,,,,,,,3,2,1,1,6.0
201600029682,0016-12-02 17:30:00,16,12,2,17,30,570,666,"1, MARSPICH (ROUTE DE)",49.34518,6.11873,Nuit avec éclairage allumé,En agglomération,Hors intersection,Pluie légère,Trois véhicules et plus - collisions multiples,,,,,,,,,,,5,2,1,2,5.0
201600029683,0016-12-03 09:00:00,16,12,3,9,0,570,672,"5, SAINT-HUBERT (RUE)",49.36832,6.15688,Plein jour,En agglomération,Hors intersection,Normale,Deux véhicules - frontale,,,,,,,,,,,1,2,1,1,1.0
201600029684,0016-12-05 17:00:00,16,12,5,17,0,570,306,"2A, MENDES FRANCE (RUE P",49.33025,6.07313,Nuit avec éclairage allumé,En agglomération,Hors intersection,Normale,Autre collision,,,,,,,,,,,5,2,1,1,6.0
201600029685,0016-12-06 17:20:00,16,12,6,17,20,570,672,"1, PAUL ALBERT (RUE) - P",49.35663,6.15656,Nuit avec éclairage allumé,En agglomération,Hors intersection,Normale,Autre collision,,,,,,,,,,,5,2,1,1,6.0