accident_id,datetime,annee,mois,jour,heure,minute,departement,commune_insee,adresse,latitude,longitude,luminosite,agglomeration,intersection,meteo,collision,nb_vehicules,nb_usagers,nb_indemnes,nb_tues,nb_blesses_hosp,nb_blesses_legers,age_cond_1,age_cond_2,veh_type_cond_1,veh_type_cond_2,lum_code,agg_code,int_code,atm_code,col_code
201600029686,0016-12-06 17:55:00,16,12,6,17,55,570,672,"50, VAUBAN  AVENUE)",49.36335,6.16117,Nuit avec éclairage allumé,En agglomération,Hors intersection,Normale,Autre collision,,,,,,,,,,,5,2,1,1,6.0
201600029687,0016-12-07 08:20:00,16,12,7,8,20,570,672,"1, ARLON (ROUTE D')",49.36327,6.1127,Plein jour,Hors agglomération,Hors intersection,Normale,Autre collision,,,,,,,,,,,1,1,1,1,6.0
201600029688,0016-12-12 17:50:00,16,12,12,17,50,570,757,ILLANGE (ROUTE D'),49.34398,6.17681,Nuit avec éclairage allumé,En agglomération,Hors intersection,Normale,Deux véhicules - côté,,,,,,,,,,,5,2,1,1,3.0
201600029689,0016-12-16 17:15:00,16,12,16,17,15,570,221,"1, TILLEULS (AVENUE DES)",49.32605,6.13121,Nuit avec éclairage allumé,En agglomération,Hors intersection,Normale,Trois véhicules et plus - collisions multiples,,,,,,,,,,,5,2,1,1,5.0
201600029690,0016-12-22 17:55:00,16,12,22,17,55,570,672,"5, PAUL ALBERT (RUE) - I",49.35654,6.1556,Nuit avec éclairage allumé,En agglomération,Hors intersection,Pluie légère,Autre collision,,,,,,,,,,,5,2,1,2,6.0
201600029691,0016-07-03 16:15:00,16,7,3,16,15,450,345,LE PETIT PATINEAU,47.96875,2.66051,Plein jour,Hors agglomération,Hors intersection,Normale,Autre collision,,,,,,,,,,,1,1,1,1,6.0
201600029692,0016-08-05 20:15:00,16,8,5,20,15,450,345,LES BUGES,47.93588,2.67247,Plein jour,Hors agglomération,Hors intersection,Normale,Autre collision,,,,,,,,,,,1,1,1,1,6.0
201600029693,0016-08-25 11:45:00,16,8,25,11,45,450,259,280 RTE DE PARIS,,,Plein jour,En agglomération,Hors intersection,Normale,Deux véhicules - côté,,,,,,,,,,,1,2,1,1,3.0
201600029694,0016-04-18 18:15:00,16,4,18,18,15,201,142,,,,Plein jour,Hors agglomération,Hors intersection,Normale,Sans collision,,,,,,,,,,,1,1,1,1,7.0
201600029695,0016-06-10 14:00:00,16,6,10,14,0,201,308,"SAINT ANDRE, D268",41.69773,9.06727,Plein jour,En agglomération,Hors intersection,Normale,Autre collision,,,,,,,,,,,1,2,1,1,6.0
201600029696,0016-08-09 16:30:00,16,8,9,16,30,201,363,,,,Plein jour,Hors agglomération,Hors intersection,Normale,Sans collision,,,,,,,,,,,1,1,1,1,7.0
201600029697,0016-11-08 16:40:00,16,11,8,16,40,201,142,D268,41.70604,9.12555,Plein jour,En agglomération,Hors intersection,Normale,Autre collision,,,,,,,,,,,1,2,1,1,6.0
201600029698,0016-12-25 01:15:00,16,12,25,1,15,201,142,D268,41.70803,9.13698,Nuit sans éclairage public,Hors agglomération,Hors intersection,Normale,Autre collision,,,,,,,,,,,3,1,1,1,6.0
201600029699,0016-07-14 07:30:00,16,7,14,7,30,110,27,,43.18171,2.51407,Plein jour,Hors agglomération,Hors intersection,Normale,Deux véhicules - côté,,,,,,,,,,,1,1,1,1,3.0
201600029700,0016-07-14 11:30:00,16,7,14,11,30,110,281,,43.25725,2.03287,Plein jour,Hors agglomération,Hors intersection,Normale,Deux véhicules - arrière,,,,,,,,,,,1,1,1,1,2.0
201600029701,0016-07-30 05:15:00,16,7,30,5,15,110,151,,43.19444,2.44603,Nuit sans éclairage public,Hors agglomération,Hors intersection,Normale,Autre collision,,,,,,,,,,,3,1,1,1,6.0
201600029702,0016-09-20 07:45:00,16,9,20,7,45,110,199,,43.20337,2.25765,Plein jour,Hors agglomération,Hors intersection,Normale,Deux véhicules - arrière,,,,,,,,,,,1,1,1,1,2.0
201600029703,0016-06-10 18:15:00,16,6,10,18,15,570,479,,,,Plein jour,Hors agglomération,Intersection en T,Normale,Deux véhicules - côté,,,,,,,,,,,1,1,3,1,3.0
201600029704,0016-10-29 13:55:00,16,10,29,13,55,570,650,01 rue de la Gare,49.44222,6.35317,Plein jour,En agglomération,Hors intersection,Normale,Deux véhicules - arrière,,,,,,,,,,,1,2,1,1,2.0
201600029705,0016-01-23 12:15:00,16,1,23,12,15,860,100,rue de malakov,46.5264,0.26724,Plein jour,En agglomération,Hors intersection,Normale,Sans collision,,,,,,,,,,,1,2,1,1,7.0
201600029706,0016-09-04 16:00:00,16,9,4,16,0,860,100,,,,Plein jour,Hors agglomération,Hors intersection,Normale,Autre collision,,,,,,,,,,,1,1,1,1,6.0
201600029707,0016-01-02 20:50:00,16,1,2,20,50,580,194,"sans, BARATTE (FAUBOURG)",,,Nuit avec éclairage allumé,En agglomération,Hors intersection,Pluie légère,Autre collision,,,,,,,,,,,5,2,1,2,6.0
201600029708,0016-12-19 18:00:00,16,12,19,18,0,580,194,"SANS, PIQUE",,,Nuit avec éclairage allumé,En agglomération,Hors intersection,Normale,Autre collision,,,,,,,,,,,5,2,1,1,6.0
201600029709,0016-01-08 13:05:00,16,1,8,13,5,580,194,"SANS, JEAN GAUTHERIN",46.99764,3.1644,Plein jour,En agglomération,Hors intersection,Pluie légère,Autre collision,,,,,,,,,,,1,2,1,2,6.0
201600029710,0016-01-12 18:00:00,16,1,12,18,0,580,194,"SANS, CARNOT (PLACE)",,,Crépuscule ou aube,En agglomération,Hors intersection,Pluie légère,Sans collision,,,,,,,,,,,2,2,1,2,7.0
201600029711,0016-01-12 09:55:00,16,1,12,9,55,580,194,"SANS, CHARLEVILLE",46.98928,3.15039,Plein jour,En agglomération,Hors intersection,Normale,Autre collision,,,,,,,,,,,1,2,1,1,6.0
201600029712,0016-01-16 15:45:00,16,1,16,15,45,580,194,"SANS, RAVELIN",,,Plein jour,En agglomération,Hors intersection,Normale,Sans collision,,,,,,,,,,,1,2,1,1,7.0
201600029713,0016-01-27 12:45:00,16,1,27,12,45,580,194,"SANS, JONCTION",46.98139,3.16442,Plein jour,En agglomération,Hors intersection,Normale,Sans collision,,,,,,,,,,,1,2,1,1,7.0
201600029714,0016-01-27 17:55:00,16,1,27,17,55,580,194,"SANS, PIERRE DE COUBERTI",,,Crépuscule ou aube,En agglomération,Hors intersection,Normale,Sans collision,,,,,,,,,,,2,2,1,1,7.0
201600029715,0016-01-27 13:40:00,16,1,27,13,40,580,194,"37, NIEVRE",46.99041,3.16554,Plein jour,En agglomération,Hors intersection,Normale,Deux véhicules - frontale,,,,,,,,,,,1,2,1,1,1.0
201600029716,0016-02-10 20:55:00,16,2,10,20,55,580,194,BERNARD PALISSY,,,Nuit avec éclairage allumé,En agglomération,Hors intersection,Normale,Sans collision,,,,,,,,,,,5,2,1,1,7.0
201600029717,0016-02-19 09:20:00,16,2,19,9,20,580,194,PONT CIZEAU,,,Plein jour,En agglomération,Hors intersection,Normale,Sans collision,,,,,,,,,,,1,2,1,1,7.0
201600029718,0016-02-11 10:18:00,16,2,11,10,18,580,194,"18, BERNARD PALISSY",46.98611,3.17276,Plein jour,En agglomération,Hors intersection,Normale,Autre collision,,,,,,,,,,,1,2,1,1,6.0
201600029719,0016-02-24 11:20:00,16,2,24,11,20,580,194,"sans, TREIZIEME DE LIGNE",46.99242,3.14493,Plein jour,En agglomération,Hors intersection,Pluie légère,Autre collision,,,,,,,,,,,1,2,1,2,6.0
201600029720,0016-03-04 10:55:00,16,3,4,10,55,580,194,"SANS, GRAND MOUESSE (FAU",46.98887,3.17477,Plein jour,En agglomération,Hors intersection,Pluie forte,Deux véhicules - arrière,,,,,,,,,,,1,2,1,3,2.0
201600029721,0016-03-10 16:20:00,16,3,10,16,20,580,194,"26, REPUBLIQUE (BOULEVAR",46.99105,3.1698,Plein jour,En agglomération,Hors intersection,Normale,Sans collision,,,,,,,,,,,1,2,1,1,7.0
201600029722,0016-03-17 17:30:00,16,3,17,17,30,580,194,"SANS, PAUL CLAUDEL",,,Plein jour,En agglomération,Hors intersection,Normale,Deux véhicules - côté,,,,,,,,,,,1,2,1,1,3.0
201600029723,0016-03-11 13:45:00,16,3,11,13,45,580,194,"SANS, DOCKS",,,Plein jour,En agglomération,Hors intersection,Normale,Trois véhicules et plus - en chaîne,,,,,,,,,,,1,2,1,1,4.0
201600029724,0016-03-17 11:15:00,16,3,17,11,15,580,194,"SANS, HENRI BARBUSSE",46.99124,3.15719,Plein jour,En agglomération,Place,Normale,Autre collision,,,,,,,,,,,1,2,7,1,6.0
201600029725,0016-03-19 11:15:00,16,3,19,11,15,580,194,"SANS, GRANDS JARDINS",46.99409,3.13619,Plein jour,En agglomération,Intersection en X,Normale,Deux véhicules - côté,,,,,,,,,,,1,2,2,1,3.0
201600029726,0016-03-23 13:30:00,16,3,23,13,30,580,194,"SANS, COMMANDANT PAUL PI",46.99251,3.1355,Plein jour,En agglomération,Hors intersection,Normale,Autre collision,,,,,,,,,,,1,2,1,1,6.0
201600029727,0016-03-31 07:50:00,16,3,31,7,50,580,194,"SANS, TREIZIEME DE LIGNE",46.99412,3.13629,Plein jour,En agglomération,Intersection en X,Normale,Deux véhicules - côté,,,,,,,,,,,1,2,2,1,3.0
201600029728,0016-04-10 12:20:00,16,4,10,12,20,580,194,"SANS, HENRI BOUQUILLARD",,,Plein jour,En agglomération,Hors intersection,Normale,Deux véhicules - frontale,,,,,,,,,,,1,2,1,1,1.0
201600029729,0016-04-13 16:55:00,16,4,13,16,55,580,194,"SANS, BARATTE (FAUBOURG)",,,Plein jour,En agglomération,Hors intersection,Normale,Deux véhicules - côté,,,,,,,,,,,1,2,1,1,3.0
201600029730,0016-04-06 16:00:00,16,4,6,16,0,580,194,"SANS, PONT DE LOIRE",46.98222,3.15995,Plein jour,En agglomération,Hors intersection,Normale,Deux véhicules - arrière,,,,,,,,,,,1,2,1,1,2.0
201600029731,0016-04-15 13:05:00,16,4,15,13,5,580,194,"23, REMIGNY",46.99087,3.15942,Plein jour,En agglomération,Hors intersection,Normale,Autre collision,,,,,,,,,,,1,2,1,1,6.0
201600029732,0016-04-18 17:20:00,16,4,18,17,20,580,194,"SANS, MARECHAL JUIN",47.00426,3.15413,Plein jour,En agglomération,Intersection en T,Normale,Deux véhicules - frontale,,,,,,,,,,,1,2,3,1,1.0
201600029733,0016-04-22 11:30:00,16,4,22,11,30,580,194,"SANS, Rond point de la L",46.978,3.12497,Plein jour,En agglomération,Giratoire,Normale,Deux véhicules - arrière,,,,,,,,,,,1,2,6,1,2.0
201600029734,0016-04-30 22:30:00,16,4,30,22,30,580,194,"SANS, MARECHAL LECLERC",47.0009,3.15604,Nuit avec éclairage allumé,En agglomération,Hors intersection,Pluie légère,Autre collision,,,,,,,,,,,5,2,1,2,6.0
201600029735,0016-05-10 17:15:00,16,5,10,17,15,580,194,"42, SAINT BENIN",,,Plein jour,En agglomération,Intersection en T,Normale,Deux véhicules - arrière,,,,,,,,,,,1,2,3,1,2.0
201600029736,0016-05-14 13:15:00,16,5,14,13,15,580,194,"39, ESTUTT DE TRACY",,,Plein jour,En agglomération,Hors intersection,Normale,Deux véhicules - côté,,,,,,,,,,,1,2,1,1,3.0
201600029737,0016-05-21 00:05:00,16,5,21,0,5,580,194,"SANS, MARZY",,,Nuit avec éclairage allumé,En agglomération,Hors intersection,Pluie légère,Deux véhicules - côté,,,,,,,,,,,5,2,1,2,3.0
201600029738,0016-05-17 09:50:00,16,5,17,9,50,580,194,"SANS, TREIZIEME DE LIGNE",46.99239,3.14878,Plein jour,En agglomération,Giratoire,Normale,Deux véhicules - arrière,,,,,,,,,,,1,2,6,1,2.0
201600029739,0016-05-29 16:20:00,16,5,29,16,20,580,194,BILLEREUX,46.98326,3.14904,Plein jour,En agglomération,Hors intersection,Normale,Sans collision,,,,,,,,,,,1,2,1,1,7.0
201600029740,0016-05-29 05:10:00,16,5,29,5,10,580,194,"6, MARCEAU",46.99191,3.15854,Nuit avec éclairage allumé,En agglomération,Hors intersection,Pluie légère,Sans collision,,,,,,,,,,,5,2,1,2,7.0
201600029741,0016-05-31 13:55:00,16,5,31,13,55,580,194,"2, NIEVRE",,,Plein jour,En agglomération,Hors intersection,Normale,Sans collision,,,,,,,,,,,1,2,1,1,7.0
201600029742,0016-06-07 16:40:00,16,6,7,16,40,580,194,"1, PAUL VAILLANT COUTURI",,,Plein jour,En agglomération,Hors intersection,Normale,Sans collision,,,,,,,,,,,1,2,1,1,7.0
201600029743,0016-06-08 11:35:00,16,6,8,11,35,580,194,"2, BARATTE (FAUBOURG)",,,Plein jour,En agglomération,Hors intersection,Normale,Deux véhicules - arrière,,,,,,,,,,,1,2,1,1,2.0
201600029744,0016-06-10 15:55:00,16,6,10,15,55,580,194,"13, PROFESSEUR CALMETTE",,,Plein jour,En agglomération,Hors intersection,Normale,Deux véhicules - arrière,,,,,,,,,,,1,2,1,1,2.0
201600029745,0016-06-12 17:45:00,16,6,12,17,45,580,194,CARNOT (PLACE),,,Plein jour,En agglomération,Hors intersection,Normale,Deux véhicules - arrière,,,,,,,,,,,1,2,1,1,2.0
201600029746,0016-06-14 18:25:00,16,6,14,18,25,580,194,CHAMP DE FOIRE (RUE),,,Plein jour,En agglomération,Hors intersection,Pluie légère,Deux véhicules - côté,,,,,,,,,,,1,2,1,2,3.0
201600029747,0016-06-12 22:45:00,16,6,12,22,45,580,194,"SANS, AMIRAL JACQUINOT",,,Nuit avec éclairage allumé,Hors agglomération,Hors intersection,Pluie légère,Deux véhicules - côté,,,,,,,,,,,5,1,1,2,3.0
201600029748,0016-06-21 16:04:00,16,6,21,16,4,580,194,"SANS, PASSIERE",46.98891,3.15089,Plein jour,En agglomération,Hors intersection,Normale,Autre collision,,,,,,,,,,,1,2,1,1,6.0
201600029749,0016-07-01 10:30:00,16,7,1,10,30,580,194,"SANS, REPUBLIQUE (BOULEV",46.99178,3.17072,Plein jour,En agglomération,Intersection en T,Normale,Autre collision,,,,,,,,,,,1,2,3,1,6.0
201600029750,0016-07-09 18:00:00,16,7,9,18,0,580,194,"SANS, COLBERT",46.99418,3.15911,Plein jour,En agglomération,Intersection en T,Normale,Deux véhicules - arrière,,,,,,,,,,,1,2,3,1,2.0
201600029751,0016-07-18 13:45:00,16,7,18,13,45,580,194,"sans, CHAMP DE FOIRE AUX",,,Plein jour,En agglomération,Hors intersection,Normale,Sans collision,,,,,,,,,,,1,2,1,1,7.0
201600029752,0016-07-19 20:00:00,16,7,19,20,0,580,194,"sans, LYON (FAUBOURG)",,,Plein jour,En agglomération,Hors intersection,Normale,Sans collision,,,,,,,,,,,1,2,1,1,7.0
201600029753,0016-07-20 08:00:00,16,7,20,8,0,580,194,FOSSE AUX LOUPS,,,Plein jour,En agglomération,Hors intersection,Normale,Sans collision,,,,,,,,,,,1,2,1,1,7.0
201600029754,0016-07-10 22:10:00,16,7,10,22,10,580,194,"SANS, JONCTION",,,Nuit avec éclairage allumé,En agglomération,Hors intersection,Normale,Sans collision,,,,,,,,,,,5,2,1,1,7.0
201600029755,0016-07-05 13:45:00,16,7,5,13,45,580,194,"sans, PIERRE DE COUBERTI",,,Plein jour,En agglomération,Hors intersection,Normale,Deux véhicules - arrière,,,,,,,,,,,1,2,1,1,2.0
201600029756,0016-07-28 19:20:00,16,7,28,19,20,580,194,"SANS, PONT CIZEAU",,,Plein jour,En agglomération,Hors intersection,Normale,Sans collision,,,,,,,,,,,1,2,1,1,7.0
201600029757,0016-07-27 09:00:00,16,7,27,9,0,580,194,"SANS, MARZY",46.98881,3.12672,Plein jour,En agglomération,Intersection en T,Normale,Deux véhicules - frontale,,,,,,,,,,,1,2,3,1,1.0
201600029758,0016-07-28 18:00:00,16,7,28,18,0,580,194,"23, TREIZIEME DE LIGNE",,,Plein jour,En agglomération,Hors intersection,Normale,Deux véhicules - côté,,,,,,,,,,,1,2,1,1,3.0
201600029759,0016-07-07 23:30:00,16,7,7,23,30,580,194,"SANS, SABATIER",46.9883,3.15773,Nuit avec éclairage allumé,En agglomération,Hors intersection,Normale,Deux véhicules - arrière,,,,,,,,,,,5,2,1,1,2.0
201600029760,0016-08-02 16:25:00,16,8,2,16,25,580,194,"SANS, LOURDES",,,Plein jour,En agglomération,Hors intersection,Normale,Autre collision,,,,,,,,,,,1,2,1,1,6.0
201600029761,0016-07-06 22:15:00,16,7,6,22,15,580,194,"SANS, PREFECTURE",46.9934,3.16316,Nuit avec éclairage non allumé,En agglomération,Hors intersection,Normale,Sans collision,,,,,,,,,,,4,2,1,1,7.0
201600029762,0016-08-14 21:50:00,16,8,14,21,50,580,194,"SANS, MARECHAL JUIN",,,Nuit avec éclairage allumé,En agglomération,Hors intersection,Normale,Deux véhicules - arrière,,,,,,,,,,,5,2,1,1,2.0
201600029763,0016-08-29 16:25:00,16,8,29,16,25,580,194,"2, VAUZELLES",,,Plein jour,En agglomération,Hors intersection,Normale,Sans collision,,,,,,,,,,,1,2,1,1,7.0
201600029764,0016-08-29 22:55:00,16,8,29,22,55,580,194,"SANS, CHARLEVILLE",46.99151,3.14938,Nuit avec éclairage allumé,En agglomération,Hors intersection,Normale,Deux véhicules - côté,,,,,,,,,,,5,2,1,1,3.0
201600029765,0016-08-31 14:50:00,16,8,31,14,50,580,194,"49, PRE PLANTIN (BOULEVA",46.98708,3.12391,Plein jour,En agglomération,Hors intersection,Normale,Sans collision,,,,,,,,,,,1,2,1,1,7.0
201600029766,0016-09-01 17:18:00,16,9,1,17,18,580,194,"3 bis, SAINT BENIN",46.98703,3.14747,Plein jour,En agglomération,Hors intersection,Normale,Deux véhicules - arrière,,,,,,,,,,,1,2,1,1,2.0
201600029767,0016-09-02 10:00:00,16,9,2,10,0,580,194,GRANDS JARDINS,,,Plein jour,En agglomération,Hors intersection,Normale,Deux véhicules - frontale,,,,,,,,,,,1,2,1,1,1.0
201600029768,0016-09-05 13:30:00,16,9,5,13,30,580,194,GRANDS CHAMPS,,,Plein jour,En agglomération,Hors intersection,Pluie légère,Sans collision,,,,,,,,,,,1,2,1,2,7.0
201600029769,0016-09-08 07:30:00,16,9,8,7,30,580,194,"sans, AMIRAL JACQUINOT",46.985,3.186,Plein jour,En agglomération,Giratoire,Normale,Deux véhicules - côté,,,,,,,,,,,1,2,6,1,3.0
201600029770,0016-09-14 22:45:00,16,9,14,22,45,580,194,"sans, MARZY",,,Nuit avec éclairage allumé,En agglomération,Intersection en X,Pluie légère,Deux véhicules - frontale,,,,,,,,,,,5,2,2,2,1.0
201600029771,0016-09-15 17:40:00,16,9,15,17,40,580,194,"SANS, MARINIERS (QUAI)",46.98376,3.15323,Plein jour,En agglomération,Hors intersection,Normale,Deux véhicules - côté,,,,,,,,,,,1,2,1,1,3.0
201600029772,0016-09-18 13:15:00,16,9,18,13,15,580,194,"sans, PRE PLANTIN (BOULE",,,Plein jour,En agglomération,Hors intersection,Pluie légère,Sans collision,,,,,,,,,,,1,2,1,2,7.0
201600029773,0016-09-26 14:20:00,16,9,26,14,20,580,194,"SANS, BERNARD PALISSY",46.98509,3.17603,Plein jour,En agglomération,Hors intersection,Normale,Deux véhicules - arrière,,,,,,,,,,,1,2,1,1,2.0
201600029774,0016-09-27 11:10:00,16,9,27,11,10,580,194,"SANS, CLAUDE TILLIER",46.99091,3.16277,Plein jour,En agglomération,Hors intersection,Normale,Sans collision,,,,,,,,,,,1,2,1,1,7.0
201600029775,0016-09-27 16:15:00,16,9,27,16,15,580,194,"sans, MARECHAL LECLERC",46.99826,3.16558,Plein jour,En agglomération,Intersection en T,Normale,Trois véhicules et plus - en chaîne,,,,,,,,,,,1,2,3,1,4.0
201600029776,0016-10-07 08:00:00,16,10,7,8,0,580,194,"sans, GENERAL DE GAULLE",46.98755,3.15175,Plein jour,En agglomération,Intersection en T,Normale,Autre collision,,,,,,,,,,,1,2,3,1,6.0
201600029777,0016-10-09 21:15:00,16,10,9,21,15,580,194,"SANS, TREIZIEME DE LIGNE",,,Nuit avec éclairage allumé,En agglomération,Hors intersection,Normale,Autre collision,,,,,,,,,,,5,2,1,1,6.0
201600029778,0016-10-14 08:00:00,16,10,14,8,0,580,194,"sans, CHARLEVILLE",,,Crépuscule ou aube,En agglomération,Hors intersection,Normale,Autre collision,,,,,,,,,,,2,2,1,1,6.0
201600029779,0016-10-28 17:15:00,16,10,28,17,15,580,194,"SANS, MONTOTS",46.99253,3.13542,Plein jour,En agglomération,Intersection en X,Normale,Deux véhicules - côté,,,,,,,,,,,1,2,2,1,3.0
201600029780,0016-11-01 18:20:00,16,11,1,18,20,580,194,"SANS, MARECHAL LECLERC",46.99856,3.1646,Nuit avec éclairage allumé,En agglomération,Intersection en X,Normale,Autre collision,,,,,,,,,,,5,2,2,1,6.0
201600029781,0016-10-27 16:30:00,16,10,27,16,30,580,194,"sans, PATIS",46.98681,3.16217,Plein jour,En agglomération,Hors intersection,Normale,Autre collision,,,,,,,,,,,1,2,1,1,6.0
201600029782,0016-11-07 17:55:00,16,11,7,17,55,580,194,"SANS, PRE PLANTIN (BOULE",46.98378,3.12292,Crépuscule ou aube,En agglomération,Hors intersection,Pluie légère,Trois véhicules et plus - en chaîne,,,,,,,,,,,2,2,1,2,4.0
201600029783,0016-11-07 18:15:00,16,11,7,18,15,580,194,"sans, MARCEAU",46.991,3.157,Nuit avec éclairage allumé,En agglomération,Intersection en X,Pluie forte,Autre collision,,,,,,,,,,,5,2,2,3,6.0
201600029784,0016-11-05 13:50:00,16,11,5,13,50,580,194,"sans, EDME LABORDE",46.99954,3.1887,Plein jour,En agglomération,Intersection en T,Normale,Deux véhicules - côté,,,,,,,,,,,1,2,3,1,3.0
201600029785,0016-11-09 09:35:00,16,11,9,9,35,580,194,"sans, GERMINE",,,Plein jour,En agglomération,Hors intersection,Pluie forte,Sans collision,,,,,,,,,,,1,2,1,3,7.0
201600029786,0016-11-12 23:50:00,16,11,12,23,50,580,194,"sans, PIERRE DE COUBERTI",,,Nuit avec éclairage allumé,En agglomération,Hors intersection,Pluie légère,Autre collision,,,,,,,,,,,5,2,1,2,6.0
201600029787,0016-11-23 11:35:00,16,11,23,11,35,580,194,"SANS, LUND",46.99571,3.12444,Plein jour,En agglomération,Hors intersection,Normale,Deux véhicules - côté,,,,,,,,,,,1,2,1,1,3.0
201600029788,0016-11-29 07:20:00,16,11,29,7,20,580,194,"SANS, CROIX JOYEUSE (CAR",46.99505,3.16874,Crépuscule ou aube,En agglomération,Giratoire,Normale,Deux véhicules - côté,,,,,,,,,,,2,2,6,1,3.0
201600029789,0016-11-30 07:40:00,16,11,30,7,40,580,194,"19, PIERRE BEREGOVOY",46.99068,3.15891,Plein jour,En agglomération,Hors intersection,Normale,Autre collision,,,,,,,,,,,1,2,1,1,6.0
201600029790,0016-12-07 17:55:00,16,12,7,17,55,580,194,"sans, ROGER SALENGRO (PA",,,Nuit avec éclairage allumé,En agglomération,Autre intersection,Normale,Autre collision,,,,,,,,,,,5,2,9,1,6.0
201600029791,0016-12-08 17:55:00,16,12,8,17,55,580,194,"SANS, VICTOR HUGO (BOULE",46.99399,3.15343,Nuit avec éclairage allumé,En agglomération,Hors intersection,Normale,Deux véhicules - frontale,,,,,,,,,,,5,2,1,1,1.0
201600029792,0016-12-10 17:50:00,16,12,10,17,50,580,194,"sans, RAVELIN",,,Crépuscule ou aube,En agglomération,Hors intersection,Normale,Autre collision,,,,,,,,,,,2,2,1,1,6.0
201600029793,0016-12-09 19:25:00,16,12,9,19,25,580,194,"36, COLBERT",46.99454,3.15857,Nuit avec éclairage allumé,En agglomération,Hors intersection,Normale,Deux véhicules - arrière,,,,,,,,,,,5,2,1,1,2.0
201600029794,0016-12-14 18:10:00,16,12,14,18,10,580,194,"26, FRANCIS GARNIER",46.99373,3.17384,Nuit avec éclairage allumé,En agglomération,Hors intersection,Normale,Sans collision,,,,,,,,,,,5,2,1,1,7.0
201600029795,0016-12-15 15:45:00,16,12,15,15,45,580,194,"sans, HANOI",46.99,3.17,Plein jour,En agglomération,Intersection en T,Normale,Deux véhicules - côté,,,,,,,,,,,1,2,3,1,3.0
201600029796,0016-12-17 11:40:00,16,12,17,11,40,580,194,"sans, MONTOTS",,,Plein jour,En agglomération,Intersection en T,Normale,Deux véhicules - côté,,,,,,,,,,,1,2,3,1,3.0
201600029797,0016-12-22 00:20:00,16,12,22,0,20,580,194,"sans, BARATTE (FAUBOURG)",46.985,3.2,Nuit avec éclairage allumé,En agglomération,Intersection en T,Autre,Deux véhicules - arrière,,,,,,,,,,,5,2,3,9,2.0
201600029798,0016-12-25 10:05:00,16,12,25,10,5,580,194,"SANS, PETIT MOUESSE",46.98902,3.17181,Plein jour,En agglomération,Hors intersection,Normale,Autre collision,,,,,,,,,,,1,2,1,1,6.0
201600029799,0016-12-24 17:40:00,16,12,24,17,40,580,194,"SANS, REPUBLIQUE (BOULEV",46.99157,3.17037,Crépuscule ou aube,En agglomération,Hors intersection,Normale,Sans collision,,,,,,,,,,,2,2,1,1,7.0
201600029800,0016-12-26 20:45:00,16,12,26,20,45,580,194,"sans, VICTOR HUGO (BOULE",46.99392,3.15341,Nuit avec éclairage allumé,En agglomération,Hors intersection,Pluie légère,Sans collision,,,,,,,,,,,5,2,1,2,7.0
201600029801,0016-12-27 05:20:00,16,12,27,5,20,580,194,PONT CIZEAU,46.98866,3.16388,Nuit avec éclairage allumé,En agglomération,Hors intersection,Temps couvert,Sans collision,,,,,,,,,,,5,2,1,8,7.0
201600029802,0016-04-01 09:00:00,16,4,1,9,0,690,273,rue du dauphiné,,,Plein jour,En agglomération,Hors intersection,Normale,Deux véhicules - côté,,,,,,,,,,,1,2,1,1,3.0
201600029803,0016-04-20 08:00:00,16,4,20,8,0,690,288,12 AVENUE MARECHAL JUIN,,,Plein jour,En agglomération,Hors intersection,Temps éblouissant,Deux véhicules - côté,,,,,,,,,,,1,2,1,7,3.0
201600029804,0016-06-07 14:45:00,16,6,7,14,45,690,228,,,,Plein jour,Hors agglomération,Hors intersection,Pluie forte,Deux véhicules - frontale,,,,,,,,,,,1,1,1,3,1.0
201600029805,0016-06-11 11:45:00,16,6,11,11,45,690,131,6 rte mont du lyonnais,,,Plein jour,En agglomération,Hors intersection,Normale,Trois véhicules et plus - collisions multiples,,,,,,,,,,,1,2,1,1,5.0
201600029806,0016-09-01 14:30:00,16,9,1,14,30,690,179,,,,Plein jour,Hors agglomération,Hors intersection,Temps éblouissant,Trois véhicules et plus - collisions multiples,,,,,,,,,,,1,1,1,7,5.0
201600029807,0016-09-16 08:30:00,16,9,16,8,30,690,241,,,,Plein jour,Hors agglomération,Hors intersection,Pluie légère,Deux véhicules - côté,,,,,,,,,,,1,1,1,2,3.0
201600029808,0016-10-12 11:15:00,16,10,12,11,15,690,64,Route Nationale,45.46229,4.76863,Plein jour,En agglomération,Hors intersection,Normale,Autre collision,,,,,,,,,,,1,2,1,1,6.0
201600029809,0016-12-20 06:45:00,16,12,20,6,45,690,189,rue du Docteur Louis Tre,45.52088,4.86264,Plein jour,En agglomération,Hors intersection,Normale,Autre collision,,,,,,,,,,,1,2,1,1,6.0
201600029810,0016-01-02 19:30:00,16,1,2,19,30,950,52,BD LEON BLUM,49.1449,2.2861,Nuit avec éclairage non allumé,En agglomération,Hors intersection,Pluie légère,Autre collision,,,,,,,,,,,4,2,1,2,6.0
201600029811,0016-01-31 00:45:00,16,1,31,0,45,950,430,RN 1,,,Nuit avec éclairage allumé,Hors agglomération,Hors intersection,Brouillard / fumée,Deux véhicules - côté,,,,,,,,,,,5,1,1,5,3.0
201600029812,0016-06-14 19:30:00,16,6,14,19,30,950,487,AV JACQUES VOGT,49.1564,2.2654,Plein jour,En agglomération,Hors intersection,Normale,Deux véhicules - côté,,,,,,,,,,,1,2,1,1,3.0