accident_id,datetime,annee,mois,jour,heure,minute,departement,commune_insee,adresse,latitude,longitude,luminosite,agglomeration,intersection,meteo,collision,nb_vehicules,nb_usagers,nb_indemnes,nb_tues,nb_blesses_hosp,nb_blesses_legers,age_cond_1,age_cond_2,veh_type_cond_1,veh_type_cond_2,lum_code,agg_code,int_code,atm_code,col_code
201600029813,0016-09-06 16:30:00,16,9,6,16,30,950,52,AV DIVISION LECLERC,49.1373,2.2828,Plein jour,En agglomération,Hors intersection,Normale,Autre collision,,,,,,,,,,,1,2,1,1,6.0
201600029814,0016-10-27 13:15:00,16,10,27,13,15,950,116,,49.1552,2.3264,Plein jour,En agglomération,Passage à niveau,Normale,Autre collision,,,,,,,,,,,1,2,8,1,6.0
201600029815,0016-11-28 01:30:00,16,11,28,1,30,950,58,RTE DE CHAMBLY,49.1648,2.2943,Nuit sans éclairage public,Hors agglomération,Giratoire,Normale,Autre collision,,,,,,,,,,,3,1,6,1,6.0
201600029816,0016-12-09 08:15:00,16,12,9,8,15,950,436,RD 922,49.1276,2.2527,Crépuscule ou aube,Hors agglomération,Hors intersection,Pluie légère,Deux véhicules - côté,,,,,,,,,,,2,1,1,2,3.0
201600029817,0016-01-31 21:30:00,16,1,31,21,30,950,445,RN 184,,,Nuit sans éclairage public,Hors agglomération,Hors intersection,Pluie légère,Autre collision,,,,,,,,,,,3,1,1,2,6.0
201600029818,0016-02-12 18:30:00,16,2,12,18,30,950,313,R DE PONTOISE,49.0924,2.2096,Nuit sans éclairage public,Hors agglomération,Hors intersection,Temps couvert,Autre collision,,,,,,,,,,,3,1,1,8,6.0
201600029819,0016-03-30 19:00:00,16,3,30,19,0,950,313,A16,49.1058,2.2595,Crépuscule ou aube,Hors agglomération,Hors intersection,Pluie légère,Trois véhicules et plus - collisions multiples,,,,,,,,,,,2,1,1,2,5.0
201600029820,0016-04-08 11:30:00,16,4,8,11,30,950,313,RD 922,49.1189,2.2314,Plein jour,Hors agglomération,Giratoire,Normale,Deux véhicules - arrière,,,,,,,,,,,1,1,6,1,2.0
201600029821,0016-07-07 23:15:00,16,7,7,23,15,950,313,PL DU PATIS,49.1107,2.2121,Nuit avec éclairage allumé,En agglomération,Place,Normale,Autre collision,,,,,,,,,,,5,2,7,1,6.0
201600029822,0016-08-26 08:45:00,16,8,26,8,45,950,313,PL DE VERDUN,49.1127,2.2176,Plein jour,En agglomération,Place,Normale,Autre collision,,,,,,,,,,,1,2,7,1,6.0
201600029823,0016-10-14 12:45:00,16,10,14,12,45,950,313,CH DES FOLLES ENTREPRISE,49.1063,2.2365,Plein jour,Hors agglomération,Hors intersection,Normale,Deux véhicules - frontale,,,,,,,,,,,1,1,1,1,1.0
201600029824,0016-10-14 20:45:00,16,10,14,20,45,950,313,GRANDE RUE,49.1128,2.2134,Nuit avec éclairage allumé,En agglomération,Hors intersection,Pluie légère,Deux véhicules - côté,,,,,,,,,,,5,2,1,2,3.0
201600029825,0016-01-06 21:00:00,16,1,6,21,0,590,431,HOUCKE (AVENUE JULES),,,Nuit avec éclairage allumé,Hors agglomération,Hors intersection,Normale,Deux véhicules - frontale,,,,,,,,,,,5,1,1,1,1.0
201600029826,0016-01-07 18:10:00,16,1,7,18,10,590,317,HUGO  (RUE VICTOR),,,Nuit avec éclairage allumé,En agglomération,Intersection en T,Normale,Autre collision,,,,,,,,,,,5,2,3,1,6.0
201600029827,0016-01-02 19:20:00,16,1,2,19,20,590,431,ARMENTIERES  (RUE D' ),,,Nuit avec éclairage allumé,Hors agglomération,Hors intersection,Temps couvert,Deux véhicules - frontale,,,,,,,,,,,5,1,1,8,1.0
201600029828,0016-01-12 19:37:00,16,1,12,19,37,590,17,"2315, JOFFRE (RUE DU MAR",,,Nuit avec éclairage allumé,En agglomération,Autre intersection,Normale,Deux véhicules - côté,,,,,,,,,,,5,2,9,1,3.0
201600029829,0016-01-22 01:00:00,16,1,22,1,0,590,17,"101, FAIDHERBE (BD )",,,Nuit sans éclairage public,En agglomération,Hors intersection,Normale,Sans collision,,,,,,,,,,,3,2,1,1,7.0
201600029830,0016-01-20 07:15:00,16,1,20,7,15,590,17,DE MUN  (RUE ALBERT ),,,Nuit avec éclairage allumé,En agglomération,Hors intersection,Autre,Deux véhicules - arrière,,,,,,,,,,,5,2,1,9,2.0
201600029831,0016-01-30 19:00:00,16,1,30,19,0,590,317,"2154, Route de la Croix",50.70068,2.9325,Nuit sans éclairage public,Hors agglomération,Intersection en T,Normale,Deux véhicules - côté,,,,,,,,,,,3,1,3,1,3.0
201600029832,0016-02-03 09:35:00,16,2,3,9,35,590,17,"1, Rue du bas d'enfer",,,Plein jour,En agglomération,Intersection en T,Normale,Autre collision,,,,,,,,,,,1,2,3,1,6.0
201600029833,0016-02-05 15:10:00,16,2,5,15,10,590,17,"28, CHAUFFOURS (RUE DES)",,,Plein jour,En agglomération,Hors intersection,Normale,Autre collision,,,,,,,,,,,1,2,1,1,6.0
201600029834,0016-02-13 11:50:00,16,2,13,11,50,590,17,".1245, QUAI (RUE DES )",,,Plein jour,En agglomération,Intersection en T,Normale,Deux véhicules - côté,,,,,,,,,,,1,2,3,1,3.0
201600029835,0016-02-27 17:50:00,16,2,27,17,50,590,431,BAILLY ZONE COMMERCIALE,,,Plein jour,Hors agglomération,Hors intersection,Normale,Autre collision,,,,,,,,,,,1,1,1,1,6.0
201600029836,0016-12-23 17:20:00,16,12,23,17,20,590,17,"37, FAIDHERBE (BD )",,,Nuit avec éclairage allumé,En agglomération,Hors intersection,Pluie légère,Autre collision,,,,,,,,,,,5,2,1,2,6.0
201600029837,0016-03-11 00:30:00,16,3,11,0,30,590,43,"1546, BELLEKINDSTRAETE",,,Nuit sans éclairage public,Hors agglomération,Hors intersection,Normale,Sans collision,,,,,,,,,,,3,1,1,1,7.0
201600029838,0016-03-16 12:25:00,16,3,16,12,25,590,317,"2316, SALENGRO  (RUE ROG",,,Plein jour,En agglomération,Intersection en X,Normale,Trois véhicules et plus - collisions multiples,,,,,,,,,,,1,2,2,1,5.0
201600029839,0016-03-18 18:55:00,16,3,18,18,55,590,17,SANGNIER (AVENUE MARC ),,,Nuit avec éclairage allumé,En agglomération,Hors intersection,Normale,Deux véhicules - côté,,,,,,,,,,,5,2,1,1,3.0
201600029840,0016-04-20 08:15:00,16,4,20,8,15,590,17,"4, JAURES (RUE JEAN )",,,Plein jour,En agglomération,Intersection en T,Normale,Autre collision,,,,,,,,,,,1,2,3,1,6.0
201600029841,0016-04-28 15:50:00,16,4,28,15,50,590,43,"5253, VIEUX BERQUIN (ROU",,,Plein jour,En agglomération,Hors intersection,Normale,Autre collision,,,,,,,,,,,1,2,1,1,6.0
201600029842,0016-04-12 11:50:00,16,4,12,11,50,590,317,"SANS OBJET, SALENGRO  (R",,,Plein jour,En agglomération,Intersection en T,Normale,Deux véhicules - côté,,,,,,,,,,,1,2,3,1,3.0
201600029843,0016-05-03 17:10:00,16,5,3,17,10,590,17,"IGNORE, BLUM  (AVENUE LE",,,Plein jour,Hors agglomération,Hors intersection,Normale,Deux véhicules - frontale,,,,,,,,,,,1,1,1,1,1.0
201600029844,0016-05-05 09:20:00,16,5,5,9,20,590,43,"6542, CASSEL (RUE DE)",,,Plein jour,En agglomération,Hors intersection,Normale,Autre collision,,,,,,,,,,,1,2,1,1,6.0
201600029845,0016-04-15 20:00:00,16,4,15,20,0,590,143,"2451, INDUSTRIELLE (AVEN",,,Crépuscule ou aube,En agglomération,Hors intersection,Normale,Autre collision,,,,,,,,,,,2,2,1,1,6.0
201600029846,0016-06-16 12:20:00,16,6,16,12,20,590,143,"681, NATIONALE (ROUTE)IW",,,Plein jour,En agglomération,Hors intersection,Pluie forte,Deux véhicules - arrière,,,,,,,,,,,1,2,1,3,2.0
201600029847,0016-06-29 10:10:00,16,6,29,10,10,590,431,CROIX DU BAC (RUE DE LA,,,Plein jour,Hors agglomération,Intersection en Y,Normale,Deux véhicules - côté,,,,,,,,,,,1,1,4,1,3.0
201600029848,0016-07-19 15:00:00,16,7,19,15,0,590,17,"49, NATIONALE (RUE)",,,Plein jour,En agglomération,Hors intersection,Normale,Autre collision,,,,,,,,,,,1,2,1,1,6.0
201600029849,0016-07-26 09:40:00,16,7,26,9,40,590,43,"0, SEAU (ROUTE DU SEAU)",,,Plein jour,Hors agglomération,Hors intersection,Normale,Deux véhicules - frontale,,,,,,,,,,,1,1,1,1,1.0
201600029850,0016-08-05 10:50:00,16,8,5,10,50,590,17,"0, CARNOT (RUE SADI )",,,Plein jour,En agglomération,Intersection en T,Normale,Deux véhicules - côté,,,,,,,,,,,1,2,3,1,3.0
201600029851,0016-08-18 10:35:00,16,8,18,10,35,590,17,DUNKERQUE (RUE DE),,,Plein jour,En agglomération,Intersection en T,Normale,Autre collision,,,,,,,,,,,1,2,3,1,6.0
201600029852,0016-08-20 15:30:00,16,8,20,15,30,590,43,"1 B, DESCHEPPER (AVENUE)",,,Plein jour,En agglomération,Hors intersection,Normale,Deux véhicules - côté,,,,,,,,,,,1,2,1,1,3.0
201600029853,0016-07-20 21:30:00,16,7,20,21,30,590,317,"85, PAVE DE LA CHAPELLE",,,Plein jour,Hors agglomération,Hors intersection,Normale,Deux véhicules - côté,,,,,,,,,,,1,1,1,1,3.0
201600029854,0016-09-13 12:25:00,16,9,13,12,25,590,17,"25, RESISTANTS (RUE DES",,,Plein jour,En agglomération,Hors intersection,Temps éblouissant,Autre collision,,,,,,,,,,,1,2,1,7,6.0
201600029855,0016-09-09 07:40:00,16,9,9,7,40,590,43,HAZEBROUCK (ROUTE D'),,,Plein jour,Hors agglomération,Intersection en X,Temps éblouissant,Deux véhicules - côté,,,,,,,,,,,1,1,2,7,3.0
201600029856,0016-10-09 03:55:00,16,10,9,3,55,590,17,"64, DUNKERQUE (RUE DE)",,,Nuit avec éclairage allumé,En agglomération,Hors intersection,Normale,Autre collision,,,,,,,,,,,5,2,1,1,6.0
201600029857,0016-10-09 13:15:00,16,10,9,13,15,590,431,BAILLY ZONE COMMERCIALE,,,Plein jour,Hors agglomération,Hors intersection,Normale,Deux véhicules - côté,,,,,,,,,,,1,1,1,1,3.0
201600029858,0016-10-13 21:35:00,16,10,13,21,35,590,43,NATIONS UNIES (AVENUE DE,,,Nuit avec éclairage allumé,En agglomération,Hors intersection,Normale,Autre collision,,,,,,,,,,,5,2,1,1,6.0
201600029859,0016-10-08 17:15:00,16,10,8,17,15,590,431,"63, CENTRE (RUE DU)",,,Plein jour,En agglomération,Hors intersection,Normale,Autre collision,,,,,,,,,,,1,2,1,1,6.0
201600029860,0016-10-11 11:00:00,16,10,11,11,0,590,17,"146, PRESIDENT FRANCOIS",,,Plein jour,En agglomération,Intersection en T,Normale,Deux véhicules - côté,,,,,,,,,,,1,2,3,1,3.0
201600029861,0016-09-26 17:55:00,16,9,26,17,55,590,17,"34, LEBLANC (RUE NICOLAS",,,Plein jour,En agglomération,Hors intersection,Normale,Autre collision,,,,,,,,,,,1,2,1,1,6.0
201600029862,0016-10-28 06:50:00,16,10,28,6,50,590,431,ARMENTIERES  (RUE D' ),,,Nuit avec éclairage allumé,En agglomération,Intersection en X,Normale,Deux véhicules - côté,,,,,,,,,,,5,2,2,1,3.0
201600029863,0016-12-03 04:20:00,16,12,3,4,20,590,317,"neant, ROUTE DEPARTEMENT",,,Nuit sans éclairage public,Hors agglomération,Hors intersection,Normale,Autre collision,,,,,,,,,,,3,1,1,1,6.0
201600029864,0016-12-07 14:30:00,16,12,7,14,30,590,317,LIBERTE  (RUE DE LA ),,,Plein jour,En agglomération,Hors intersection,Normale,Autre collision,,,,,,,,,,,1,2,1,1,6.0
201600029865,0016-12-05 10:00:00,16,12,5,10,0,590,431,CROIX DU BAC (RUE DE LA,50.68395,2.81443,Plein jour,Hors agglomération,Intersection en T,Normale,Deux véhicules - côté,,,,,,,,,,,1,1,3,1,3.0
201600029866,0016-12-11 02:00:00,16,12,11,2,0,590,43,"4152, BELLE CROIX (HAMEA",,,Nuit avec éclairage allumé,Hors agglomération,Hors intersection,Normale,Autre collision,,,,,,,,,,,5,1,1,1,6.0
201600029867,0016-12-08 14:45:00,16,12,8,14,45,590,17,BEAUVAIS (QUAI DE),,,Plein jour,En agglomération,Intersection en T,Normale,Deux véhicules - côté,,,,,,,,,,,1,2,3,1,3.0
201600029868,0016-01-22 20:00:00,16,1,22,20,0,590,33,"1, HOTEL DE VILLE (RUE D",,,Nuit avec éclairage allumé,En agglomération,Hors intersection,Pluie légère,Autre collision,,,,,,,,,,,5,2,1,2,6.0
201600029869,0016-07-03 22:55:00,16,7,3,22,55,590,33,"92, JEAN JAURES (RUE)",50.19947,3.84097,Nuit avec éclairage allumé,En agglomération,Giratoire,Normale,Autre collision,,,,,,,,,,,5,2,6,1,6.0
201600029870,0016-07-24 17:00:00,16,7,24,17,0,590,33,BACHANT (CHEMIN DE),,,Plein jour,En agglomération,Intersection en T,Normale,Autre collision,,,,,,,,,,,1,2,3,1,6.0
201600029871,0016-02-17 11:45:00,16,2,17,11,45,590,43,"1, CASSEL (RUE DE)",,,Plein jour,En agglomération,Giratoire,Normale,Autre collision,,,,,,,,,,,1,2,6,1,6.0
201600029872,0016-02-28 17:35:00,16,2,28,17,35,590,43,", ESTAIRES",,,Plein jour,Hors agglomération,Hors intersection,Normale,Deux véhicules - frontale,,,,,,,,,,,1,1,1,1,1.0
201600029873,0016-02-15 20:30:00,16,2,15,20,30,590,206,CAUROIR (CHEMIN DE),,,Nuit sans éclairage public,Hors agglomération,Hors intersection,Normale,Sans collision,,,,,,,,,,,3,1,1,1,7.0
201600029874,0016-03-03 05:30:00,16,3,3,5,30,590,122,LIBERTE (BOULEVARD DE LA,,,Nuit avec éclairage allumé,En agglomération,Hors intersection,Pluie forte,Deux véhicules - frontale,,,,,,,,,,,5,2,1,3,1.0
201600029875,0016-04-05 18:05:00,16,4,5,18,5,590,122,GARE (PLACE DE LA),,,Plein jour,En agglomération,Hors intersection,Normale,Deux véhicules - côté,,,,,,,,,,,1,2,1,1,3.0
201600029876,0016-05-10 18:00:00,16,5,10,18,0,590,122,BEZIN (BOULEVARD PAUL),,,Plein jour,En agglomération,Intersection en T,Normale,Autre collision,,,,,,,,,,,1,2,3,1,6.0
201600029877,0016-06-30 09:55:00,16,6,30,9,55,590,122,CAUDRY (RUE DE),,,Plein jour,En agglomération,Hors intersection,Normale,Deux véhicules - côté,,,,,,,,,,,1,2,1,1,3.0
201600029878,0016-09-10 13:00:00,16,9,10,13,0,590,428,"1, LILLE (RUE DE)",,,Plein jour,Hors agglomération,Hors intersection,Normale,Deux véhicules - frontale,,,,,,,,,,,1,1,1,1,1.0
201600029879,0016-10-03 18:05:00,16,10,3,18,5,590,122,ALSACE LORRAINE (RUE D'),,,Plein jour,En agglomération,Hors intersection,Temps éblouissant,Autre collision,,,,,,,,,,,1,2,1,7,6.0
201600029880,0016-12-19 11:30:00,16,12,19,11,30,590,122,PARIS (AVENUE DE),,,Plein jour,En agglomération,Hors intersection,Normale,Autre collision,,,,,,,,,,,1,2,1,1,6.0
201600029881,0016-01-04 18:00:00,16,1,4,18,0,590,253,"1094, PAIX (RUE DE LA )",,,Crépuscule ou aube,En agglomération,Autre intersection,Normale,Deux véhicules - frontale,,,,,,,,,,,2,2,9,1,1.0
201600029882,0016-02-24 01:20:00,16,2,24,1,20,590,253,"60, JAURES (RUE JEAN )",50.43233,3.57633,Nuit avec éclairage allumé,En agglomération,Intersection en T,Pluie légère,Deux véhicules - côté,,,,,,,,,,,5,2,3,2,3.0
201600029883,0016-05-04 17:40:00,16,5,4,17,40,590,153,"18, VERMEERSCH (PLACE )",,,Plein jour,En agglomération,Hors intersection,Normale,Deux véhicules - frontale,,,,,,,,,,,1,2,1,1,1.0
201600029884,0016-06-16 17:10:00,16,6,16,17,10,590,253,"948, TABARY (RUE EMILE )",,,Plein jour,En agglomération,Hors intersection,Normale,Autre collision,,,,,,,,,,,1,2,1,1,6.0
201600029885,0016-07-03 02:40:00,16,7,3,2,40,590,530,Rue de l'Église,50.44848,3.65515,Nuit avec éclairage allumé,En agglomération,Hors intersection,Normale,Autre collision,,,,,,,,,,,5,2,1,1,6.0
201600029886,0016-10-03 16:50:00,16,10,3,16,50,590,253,"70, JAURES (RUE JEAN )",50.4321,3.576,Plein jour,En agglomération,Hors intersection,Normale,Autre collision,,,,,,,,,,,1,2,1,1,6.0
201600029887,0016-10-17 19:15:00,16,10,17,19,15,590,616,"01, DEWASMES (RUE CESAR",,,Nuit avec éclairage allumé,En agglomération,Autre intersection,Pluie légère,Autre collision,,,,,,,,,,,5,2,9,2,6.0
201600029888,0016-10-16 17:35:00,16,10,16,17,35,590,616,ANJOU (RUE D'),,,Plein jour,En agglomération,Hors intersection,Normale,Deux véhicules - frontale,,,,,,,,,,,1,2,1,1,1.0
201600029889,0016-11-27 19:45:00,16,11,27,19,45,590,616,CABY (RUE MARCEL ),,,Nuit avec éclairage allumé,En agglomération,Autre intersection,Normale,Deux véhicules - arrière,,,,,,,,,,,5,2,9,1,2.0
201600029890,0016-11-22 16:15:00,16,11,22,16,15,590,172,VILLARS (R.),50.32678,3.39931,Plein jour,En agglomération,Hors intersection,Normale,Autre collision,,,,,,,,,,,1,2,1,1,6.0
201600029891,0016-12-05 10:00:00,16,12,5,10,0,590,205,GUESDE (R. JULES),,,Plein jour,En agglomération,Intersection en T,Normale,Deux véhicules - arrière,,,,,,,,,,,1,2,3,1,2.0
201600029892,0016-01-01 09:00:00,16,1,1,9,0,590,446,8 Rue Martial Régnier,50.35943,3.44517,Plein jour,En agglomération,Hors intersection,Normale,Autre collision,,,,,,,,,,,1,2,1,1,6.0
201600029893,0016-12-05 16:10:00,16,12,5,16,10,590,632,"37, BLANQUI (R.)",50.40651,3.4054,Plein jour,En agglomération,Hors intersection,Normale,Deux véhicules - frontale,,,,,,,,,,,1,2,1,1,1.0
201600029894,0016-01-01 05:30:00,16,1,1,5,30,590,632,"30, LAFARGE (R. PAUL)",,,Nuit avec éclairage allumé,En agglomération,Hors intersection,Normale,Autre collision,,,,,,,,,,,5,2,1,1,6.0
201600029895,0016-12-11 20:10:00,16,12,11,20,10,590,179,"19, PASTEUR (R.)",50.30148,3.38648,Nuit sans éclairage public,En agglomération,Hors intersection,Normale,Autre collision,,,,,,,,,,,3,2,1,1,6.0
201600029896,0016-01-17 19:20:00,16,1,17,19,20,590,205,Avenue Jules Guesde,50.32956,3.32444,Nuit sans éclairage public,En agglomération,Hors intersection,Normale,Autre collision,,,,,,,,,,,3,2,1,1,6.0
201600029897,0016-02-04 18:40:00,16,2,4,18,40,590,361,HENCKE (R. PAUL),50.31541,3.34411,Crépuscule ou aube,En agglomération,Hors intersection,Pluie légère,Autre collision,,,,,,,,,,,2,2,1,2,6.0
201600029898,0016-03-03 16:20:00,16,3,3,16,20,590,172,"825, BRUNET (R. ARTHUR)",50.32194,3.37552,Plein jour,En agglomération,Hors intersection,Normale,Autre collision,,,,,,,,,,,1,2,1,1,6.0
201600029899,0016-02-20 13:00:00,16,2,20,13,0,590,172,CD 40,50.31644,3.41075,Plein jour,En agglomération,Intersection en T,Normale,Deux véhicules - côté,,,,,,,,,,,1,2,3,1,3.0
201600029900,0016-02-27 04:35:00,16,2,27,4,35,590,361,"1285, JAURES (RES. JEAN)",50.19016,0.21423,Nuit avec éclairage allumé,En agglomération,Hors intersection,Normale,Autre collision,,,,,,,,,,,5,2,1,1,6.0
201600029901,0016-04-08 17:45:00,16,4,8,17,45,590,361,"128, JAURES (RES. JEAN)",50.31277,3.34666,Plein jour,En agglomération,Hors intersection,Normale,Deux véhicules - arrière,,,,,,,,,,,1,2,1,1,2.0
201600029902,0016-04-02 18:00:00,16,4,2,18,0,590,632,LAFARGE (R. PAUL),50.36997,3.40958,Plein jour,En agglomération,Hors intersection,Normale,Autre collision,,,,,,,,,,,1,2,1,1,6.0
201600029903,0016-04-16 09:30:00,16,4,16,9,30,590,64,"1, CD 13",50.36519,3.43191,Plein jour,En agglomération,Autre intersection,Normale,Autre collision,,,,,,,,,,,1,2,9,1,6.0
201600029904,0016-05-27 15:40:00,16,5,27,15,40,590,172,"1, CD 40",50.329,3.40541,Plein jour,En agglomération,Autre intersection,Normale,Autre collision,,,,,,,,,,,1,2,9,1,6.0
201600029905,0016-07-18 13:30:00,16,7,18,13,30,590,361,"627, JAURES (RES. JEAN)",50.31488,3.35305,Plein jour,En agglomération,Hors intersection,Normale,Autre collision,,,,,,,,,,,1,2,1,1,6.0
201600029906,0016-06-19 16:00:00,16,6,19,16,0,590,205,GUESDE (R. JULES),,,Plein jour,Hors agglomération,Hors intersection,Normale,Deux véhicules - frontale,,,,,,,,,,,1,1,1,1,1.0
201600029907,0016-07-11 16:10:00,16,7,11,16,10,590,179,REPUBLIQUE (AV DE LA),50.30322,3.38972,Plein jour,En agglomération,Intersection en X,Normale,Deux véhicules - côté,,,,,,,,,,,1,2,2,1,3.0
201600029908,0016-07-24 23:20:00,16,7,24,23,20,590,651,ISBERGUES (R. CHARLES),50.33066,3.41619,Nuit avec éclairage allumé,En agglomération,Hors intersection,Normale,Autre collision,,,,,,,,,,,5,2,1,1,6.0
201600029909,0016-07-27 17:45:00,16,7,27,17,45,590,172,BRUNET (R. ARTHUR),,,Plein jour,En agglomération,Hors intersection,Normale,Deux véhicules - arrière,,,,,,,,,,,1,2,1,1,2.0
201600029910,0016-07-30 15:45:00,16,7,30,15,45,590,302,CD 13,50.3649,3.44745,Plein jour,Hors agglomération,Hors intersection,Normale,Autre collision,,,,,,,,,,,1,1,1,1,6.0
201600029911,0016-08-28 13:10:00,16,8,28,13,10,590,172,"14, JAURES (AV. JEAN)",50.32775,3.3964,Plein jour,En agglomération,Hors intersection,Normale,Deux véhicules - arrière,,,,,,,,,,,1,2,1,1,2.0
201600029912,0016-09-12 09:10:00,16,9,12,9,10,590,172,"128, VILLARS (R.)",50.32686,3.39568,Plein jour,En agglomération,Hors intersection,Temps éblouissant,Autre collision,,,,,,,,,,,1,2,1,7,6.0
201600029913,0016-10-28 15:15:00,16,10,28,15,15,590,504,"., MARS 1962 (R. DU 19)",50.30758,3.3268,Plein jour,En agglomération,Autre intersection,Normale,Deux véhicules - côté,,,,,,,,,,,1,2,9,1,3.0
201600029914,0016-10-14 15:45:00,16,10,14,15,45,590,205,"257, BERT (R. PAUL)",50.31781,3.34265,Plein jour,En agglomération,Hors intersection,Normale,Deux véhicules - frontale,,,,,,,,,,,1,2,1,1,1.0
201600029915,0016-10-05 17:50:00,16,10,5,17,50,590,179,HASPRES (R. D'),,,Plein jour,En agglomération,Hors intersection,Normale,Deux véhicules - frontale,,,,,,,,,,,1,2,1,1,1.0
201600029916,0016-12-22 05:45:00,16,12,22,5,45,590,345,ROUCOURT (RUE DE),50.33585,3.15944,Nuit sans éclairage public,Hors agglomération,Hors intersection,Temps couvert,Autre collision,,,,,,,,,,,3,1,1,8,6.0
201600029917,0016-12-12 17:10:00,16,12,12,17,10,590,178,"176, HIRSON (RUE D')",50.39133,3.13166,Nuit sans éclairage public,En agglomération,Intersection en T,Normale,Deux véhicules - côté,,,,,,,,,,,3,2,3,1,3.0
201600029918,0016-12-07 23:10:00,16,12,7,23,10,590,486,"1259, NATIONALE (RUE)",50.42134,3.13734,Nuit avec éclairage allumé,En agglomération,Hors intersection,Normale,Deux véhicules - frontale,,,,,,,,,,,5,2,1,1,1.0
201600029919,0016-01-06 20:30:00,16,1,6,20,30,590,234,LECLERC (RUE DU MARECHAL,50.39811,3.08138,Nuit avec éclairage allumé,En agglomération,Intersection en T,Temps couvert,Deux véhicules - côté,,,,,,,,,,,5,2,3,8,3.0
201600029920,0016-01-13 11:40:00,16,1,13,11,40,590,178,"12, CAMBRAI (RUE DE)",50.36261,3.07833,Plein jour,En agglomération,Hors intersection,Normale,Autre collision,,,,,,,,,,,1,2,1,1,6.0
201600029921,0016-02-03 14:45:00,16,2,3,14,45,590,178,"43, PARIS (RUE DE)",50.36722,3.0815,Plein jour,En agglomération,Hors intersection,Normale,Autre collision,,,,,,,,,,,1,2,1,1,6.0
201600029922,0016-01-29 08:20:00,16,1,29,8,20,590,165,RD 621,50.38086,3.02691,Crépuscule ou aube,Hors agglomération,Hors intersection,Normale,Deux véhicules - côté,,,,,,,,,,,2,1,1,1,3.0
201600029923,0016-02-16 09:20:00,16,2,16,9,20,590,509,"13, LUBERSAC (RUE DE)",50.42266,3.10647,Plein jour,Hors agglomération,Hors intersection,Autre,Autre collision,,,,,,,,,,,1,1,1,9,6.0
201600029924,0016-03-11 23:50:00,16,3,11,23,50,590,165,RD 621,50.37775,3.02822,Nuit sans éclairage public,Hors agglomération,Hors intersection,Normale,Deux véhicules - frontale,,,,,,,,,,,3,1,1,1,1.0
201600029925,0016-03-22 19:50:00,16,3,22,19,50,590,170,"03, LOFFRE (RUE DE)",50.36219,3.14383,Nuit sans éclairage public,Hors agglomération,Hors intersection,Normale,Deux véhicules - frontale,,,,,,,,,,,3,1,1,1,1.0
201600029926,0016-02-26 11:00:00,16,2,26,11,0,590,170,"01, RICHARD (RUE MAURICE",50.35352,3.12536,Plein jour,En agglomération,Hors intersection,Normale,Autre collision,,,,,,,,,,,1,2,1,1,6.0
201600029927,0016-02-24 20:00:00,16,2,24,20,0,590,276,"537, PASTEUR (BOULEVARD)",50.34808,3.14302,Nuit avec éclairage allumé,En agglomération,Intersection en X,Normale,Deux véhicules - côté,,,,,,,,,,,5,2,2,1,3.0
201600029928,0016-02-24 08:20:00,16,2,24,8,20,590,509,"89, JAURES (RUE JEAN)",50.41952,3.10658,Plein jour,En agglomération,Hors intersection,Autre,Autre collision,,,,,,,,,,,1,2,1,9,6.0
201600029929,0016-03-09 10:15:00,16,3,9,10,15,590,569,CENTRE COMMERCIAL LES EP,50.34211,3.09672,Plein jour,En agglomération,Autre intersection,Pluie légère,Autre collision,,,,,,,,,,,1,2,9,2,6.0
201600029930,0016-03-15 19:00:00,16,3,15,19,0,590,8,"106, PAUL VAILLANT COUTU",50.32697,3.24775,Nuit avec éclairage allumé,En agglomération,Intersection en X,Normale,Deux véhicules - côté,,,,,,,,,,,5,2,2,1,3.0
201600029931,0016-03-14 18:30:00,16,3,14,18,30,590,203,"620, POUILLE LUCIEN (RUE",50.35275,3.31794,Crépuscule ou aube,Hors agglomération,Hors intersection,Normale,Deux véhicules - côté,,,,,,,,,,,2,1,1,1,3.0
201600029932,0016-03-03 07:40:00,16,3,3,7,40,590,569,RD 500,50.383,3.13205,Crépuscule ou aube,Hors agglomération,Hors intersection,Temps couvert,Deux véhicules - côté,,,,,,,,,,,2,1,1,8,3.0
201600029933,0016-03-30 09:00:00,16,3,30,9,0,590,569,BOIS DES RETZ (RUE DU),50.3788,3.13161,Plein jour,Hors agglomération,Intersection en T,Normale,Trois véhicules et plus - collisions multiples,,,,,,,,,,,1,1,3,1,5.0
201600029934,0016-03-27 04:00:00,16,3,27,4,0,590,486,Rue d'Orchies,50.42678,3.15149,Nuit sans éclairage public,Hors agglomération,Hors intersection,Pluie légère,Deux véhicules - arrière,,,,,,,,,,,3,1,1,2,2.0
201600029935,0016-03-29 16:20:00,16,3,29,16,20,590,178,"3447, TOURNAI (ROUTE DE)",50.40283,3.12155,Plein jour,En agglomération,Autre intersection,Normale,Autre collision,,,,,,,,,,,1,2,9,1,6.0
201600029936,0016-04-06 09:55:00,16,4,6,9,55,590,170,ESTIENNE D'ORVES (RUE ),50.34944,3.12647,Plein jour,Hors agglomération,Giratoire,Normale,Autre collision,,,,,,,,,,,1,1,6,1,6.0
201600029937,0016-05-05 13:30:00,16,5,5,13,30,590,2,"08, JARDINAGE (RUE DU)",50.23228,3.07216,Plein jour,En agglomération,Intersection en Y,Normale,Autre collision,,,,,,,,,,,1,2,4,1,6.0