accident_id,datetime,annee,mois,jour,heure,minute,departement,commune_insee,adresse,latitude,longitude,luminosite,agglomeration,intersection,meteo,collision,nb_vehicules,nb_usagers,nb_indemnes,nb_tues,nb_blesses_hosp,nb_blesses_legers,age_cond_1,age_cond_2,veh_type_cond_1,veh_type_cond_2,lum_code,agg_code,int_code,atm_code,col_code
201600030063,0016-01-09 04:40:00,16,1,9,4,40,590,350,BIGO DANEL BOULEVARD Nø1,50.62631,3.0403,Nuit avec éclairage allumé,En agglomération,Hors intersection,Normale,Deux véhicules - arrière,,,,,,,,,,,5,2,1,1,2.0
201600030064,0016-01-10 04:25:00,16,1,10,4,25,590,350,"74B, MONTEBELLO BOULEVAR",50.62399,3.04321,Nuit avec éclairage allumé,En agglomération,Intersection en X,Normale,Deux véhicules - côté,,,,,,,,,,,5,2,2,1,3.0
201600030065,0016-12-04 13:20:00,16,12,4,13,20,590,350,VAILLANT EDOUARD RUE,,,Plein jour,En agglomération,Hors intersection,Normale,Autre collision,,,,,,,,,,,1,2,1,1,6.0
201600030066,0016-01-11 10:30:00,16,1,11,10,30,590,350,PARIS RUE Nø RESTE,,,Plein jour,En agglomération,Place,Normale,Autre collision,,,,,,,,,,,1,2,7,1,6.0
201600030067,0016-01-11 07:50:00,16,1,11,7,50,590,378,"89, DERAIN RUE RAYMOND N",50.6731,3.0921,Nuit avec éclairage allumé,Hors agglomération,Intersection en T,Pluie légère,Deux véhicules - côté,,,,,,,,,,,5,1,3,2,3.0
201600030068,0016-01-08 10:20:00,16,1,8,10,20,590,350,JOUHAUX LEON PONT,50.63662,3.03618,Plein jour,En agglomération,Hors intersection,Normale,Deux véhicules - côté,,,,,,,,,,,1,2,1,1,3.0
201600030069,0016-01-12 18:50:00,16,1,12,18,50,590,410,"IGNORE, SCHUMAN ROBERT A",50.64203,3.10973,Nuit avec éclairage allumé,Hors agglomération,Hors intersection,Temps couvert,Autre collision,,,,,,,,,,,5,1,1,8,6.0
201600030070,0016-01-12 09:50:00,16,1,12,9,50,590,386,VOIE INTERCOMMUNALE NORD,50.66579,3.0444,Plein jour,En agglomération,Intersection en X,Temps éblouissant,Autre collision,,,,,,,,,,,1,2,2,7,6.0
201600030071,0016-01-18 08:50:00,16,1,18,8,50,590,378,LEMIRE RUE L'ABBE,50.66224,3.10359,Plein jour,En agglomération,Hors intersection,Autre,Autre collision,,,,,,,,,,,1,2,1,9,6.0
201600030072,0016-01-21 02:20:00,16,1,21,2,20,590,350,JACQUEMART GIELEE RUE,50.63151,3.05969,Nuit avec éclairage allumé,En agglomération,Intersection en X,Normale,Deux véhicules - côté,,,,,,,,,,,5,2,2,1,3.0
201600030073,0016-01-12 19:45:00,16,1,12,19,45,590,350,"44, FAUBOURG DE ROUBAIX",50.63984,3.07919,Nuit avec éclairage allumé,Hors agglomération,Hors intersection,Normale,Deux véhicules - arrière,,,,,,,,,,,5,1,1,1,2.0
201600030074,0016-01-22 08:55:00,16,1,22,8,55,590,527,"216, LECLERC RUE DU GENE",50.66704,3.05103,Plein jour,En agglomération,Hors intersection,Normale,Autre collision,,,,,,,,,,,1,2,1,1,6.0
201600030075,0016-01-25 15:55:00,16,1,25,15,55,590,9,VICTOIRES RUE DES,50.622,3.12894,Plein jour,En agglomération,Hors intersection,Normale,Autre collision,,,,,,,,,,,1,2,1,1,6.0
201600030076,0016-11-23 12:30:00,16,11,23,12,30,590,350,", GAMBETTA LEON RUE N°2-",50.62801,3.05126,Plein jour,En agglomération,Hors intersection,Normale,Deux véhicules - arrière,,,,,,,,,,,1,2,1,1,2.0
201600030077,0016-01-30 02:35:00,16,1,30,2,35,590,378,FLANDRE AVENUE DE,50.6653,3.10325,Nuit avec éclairage allumé,En agglomération,Hors intersection,Pluie légère,Deux véhicules - frontale,,,,,,,,,,,5,2,1,2,1.0
201600030078,0016-01-12 08:20:00,16,1,12,8,20,590,220,"47, GAMBETTA LEON RUE",50.6097,3.06346,Crépuscule ou aube,En agglomération,Hors intersection,Normale,Autre collision,,,,,,,,,,,2,2,1,1,6.0
201600030079,0016-01-19 16:00:00,16,1,19,16,0,590,350,CANONNIERS RUE DES 1:17-,50.3818,0.04145,Plein jour,En agglomération,Hors intersection,Normale,Autre collision,,,,,,,,,,,1,2,1,1,6.0
201600030080,0016-01-08 17:55:00,16,1,8,17,55,590,350,"84, EGALITE RUE DE L",50.3749,0.00056,Crépuscule ou aube,En agglomération,Autre intersection,Normale,Autre collision,,,,,,,,,,,2,2,9,1,6.0
201600030081,0016-01-28 18:50:00,16,1,28,18,50,590,220,WATTIGNIES RUE DE,50.35037,3.0337,Nuit sans éclairage public,Hors agglomération,Hors intersection,Normale,Autre collision,,,,,,,,,,,3,1,1,1,6.0
201600030082,0016-02-03 14:05:00,16,2,3,14,5,590,360,MICHEL RUE DU CAPITAINE,50.60088,3.04536,Plein jour,En agglomération,Hors intersection,Normale,Autre collision,,,,,,,,,,,1,2,1,1,6.0
201600030083,0016-01-14 07:45:00,16,1,14,7,45,590,350,BRANLY EDOUARD RUE,,,Nuit avec éclairage allumé,En agglomération,Intersection en T,Pluie légère,Autre collision,,,,,,,,,,,5,2,3,2,6.0
201600030084,0016-02-18 17:30:00,16,2,18,17,30,590,350,"279, HUGO VICTOR  BVD Nø",50.61981,3.05444,Crépuscule ou aube,En agglomération,Intersection en X,Neige / grêle,Autre collision,,,,,,,,,,,2,2,2,4,6.0
201600030085,0016-12-20 19:30:00,16,12,20,19,30,590,328,HIPPODROME AV DE L N°246,,,Nuit avec éclairage allumé,En agglomération,Hors intersection,Normale,Deux véhicules - côté,,,,,,,,,,,5,2,1,1,3.0
201600030086,0016-12-12 18:35:00,16,12,12,18,35,590,527,"34, LECLERC RUE DU GENER",50.65918,3.05186,Nuit avec éclairage allumé,En agglomération,Hors intersection,Pluie forte,Autre collision,,,,,,,,,,,5,2,1,3,6.0
201600030087,0016-01-07 19:45:00,16,1,7,19,45,590,636,"980, COMINES CHEMIN DE",,,Nuit avec éclairage allumé,En agglomération,Hors intersection,Normale,Deux véhicules - frontale,,,,,,,,,,,5,2,1,1,1.0
201600030088,0016-12-13 09:30:00,16,12,13,9,30,590,9,BREUCQ BOULEVARD DU,50.63,3.13,Plein jour,Hors agglomération,Intersection en X,Pluie légère,Deux véhicules - côté,,,,,,,,,,,1,1,2,2,3.0
201600030089,0016-01-20 19:10:00,16,1,20,19,10,590,378,"202, QUESNE RUE DU",,,Nuit avec éclairage allumé,En agglomération,Intersection en T,Normale,Autre collision,,,,,,,,,,,5,2,3,1,6.0
201600030090,0016-02-17 20:30:00,16,2,17,20,30,590,350,NATIONALE RUE NøRESTE PA,50.63569,3.05959,Nuit avec éclairage allumé,En agglomération,Intersection en X,Normale,Autre collision,,,,,,,,,,,5,2,2,1,6.0
201600030091,0016-01-15 14:00:00,16,1,15,14,0,590,9,VERTE RUE,,,Plein jour,En agglomération,Hors intersection,Normale,Autre collision,,,,,,,,,,,1,2,1,1,6.0
201600030092,0016-02-04 15:35:00,16,2,4,15,35,590,350,COURBET GUSTAVE  RUE,,,Plein jour,En agglomération,Hors intersection,Normale,Autre collision,,,,,,,,,,,1,2,1,1,6.0
201600030093,0016-02-19 11:05:00,16,2,19,11,5,590,378,"43, NATIONALE RUE",50.66602,3.07622,Plein jour,En agglomération,Hors intersection,Normale,Deux véhicules - frontale,,,,,,,,,,,1,2,1,1,1.0
201600030094,0016-01-30 02:45:00,16,1,30,2,45,590,350,MONTEBELLO BOULEVARD Nø,50.62394,3.04317,Nuit avec éclairage allumé,En agglomération,Intersection en X,Pluie forte,Deux véhicules - côté,,,,,,,,,,,5,2,2,3,3.0
201600030095,0016-02-08 10:35:00,16,2,8,10,35,590,350,"80, BRULE MAISON RUE Nø",,,Plein jour,En agglomération,Intersection en X,Temps éblouissant,Deux véhicules - frontale,,,,,,,,,,,1,2,2,7,1.0
201600030096,0016-02-25 10:35:00,16,2,25,10,35,590,350,"5, JACQUEMART GIELEE RUE",,,Plein jour,En agglomération,Place,Temps éblouissant,Autre collision,,,,,,,,,,,1,2,7,7,6.0
201600030097,0016-01-21 18:30:00,16,1,21,18,30,590,350,"NC, CHURCHILL WINSTON AV",,,Nuit avec éclairage allumé,En agglomération,Hors intersection,Normale,Deux véhicules - arrière,,,,,,,,,,,5,2,1,1,2.0
201600030098,0016-02-17 12:25:00,16,2,17,12,25,590,9,VAN GOGH BOULEVARD,,,Plein jour,En agglomération,Intersection en Y,Normale,Autre collision,,,,,,,,,,,1,2,4,1,6.0
201600030099,0016-03-07 22:50:00,16,3,7,22,50,590,560,"54, BOUVRY ROGER RUE",50.54736,3.02725,Nuit avec éclairage allumé,En agglomération,Hors intersection,Normale,Autre collision,,,,,,,,,,,5,2,1,1,6.0
201600030100,0016-02-17 13:30:00,16,2,17,13,30,590,368,DE GAULLE RUE DU GENERAL,,,Plein jour,En agglomération,Hors intersection,Normale,Trois véhicules et plus - en chaîne,,,,,,,,,,,1,2,1,1,4.0
201600030101,0016-03-13 08:50:00,16,3,13,8,50,590,9,CORNEILLE RUE,,,Plein jour,En agglomération,Intersection en X,Normale,Autre collision,,,,,,,,,,,1,2,2,1,6.0
201600030102,0016-03-03 08:00:00,16,3,3,8,0,590,457,BOUCHERY HENRI RUE,50.6693,2.97552,Plein jour,En agglomération,Intersection en X,Normale,Autre collision,,,,,,,,,,,1,2,2,1,6.0
201600030103,0016-02-11 18:45:00,16,2,11,18,45,590,350,"84, JACQUET EUGENE RUE",,,Nuit avec éclairage allumé,En agglomération,Hors intersection,Temps couvert,Autre collision,,,,,,,,,,,5,2,1,8,6.0
201600030104,0016-03-13 12:45:00,16,3,13,12,45,590,360,DOUMER PAUL RUE,50.59025,3.03519,Plein jour,En agglomération,Intersection en T,Normale,Deux véhicules - frontale,,,,,,,,,,,1,2,3,1,1.0
201600030105,0016-01-14 07:45:00,16,1,14,7,45,590,350,"131, DUNKERQUE AVENUE DE",,,Nuit avec éclairage non allumé,En agglomération,Hors intersection,Pluie légère,Sans collision,,,,,,,,,,,4,2,1,2,7.0
201600030106,0016-03-12 03:40:00,16,3,12,3,40,590,350,DE COUBERTIN PIERRE BOUL,,,Nuit sans éclairage public,En agglomération,Hors intersection,Normale,Deux véhicules - frontale,,,,,,,,,,,3,2,1,1,1.0
201600030107,0016-03-02 19:20:00,16,3,2,19,20,590,360,"77, FOCH RUE DU MARECHAL",,,Nuit avec éclairage allumé,En agglomération,Hors intersection,Pluie légère,Deux véhicules - frontale,,,,,,,,,,,5,2,1,2,1.0
201600030108,0016-02-21 17:50:00,16,2,21,17,50,590,350,"40, METZ BOULEVARD",50.61922,3.04133,Plein jour,En agglomération,Hors intersection,Normale,Deux véhicules - arrière,,,,,,,,,,,1,2,1,1,2.0
201600030109,0016-03-21 13:30:00,16,3,21,13,30,590,360,"IGNORE, PARE AMBROISE RU",50.60416,3.02805,Plein jour,En agglomération,Intersection en T,Normale,Deux véhicules - côté,,,,,,,,,,,1,2,3,1,3.0
201600030110,0016-03-07 11:30:00,16,3,7,11,30,590,350,"8, POSTES RUE Nø RESTE",50.62822,3.058,Plein jour,En agglomération,Hors intersection,Temps couvert,Deux véhicules - côté,,,,,,,,,,,1,2,1,8,3.0
201600030111,0016-03-22 08:10:00,16,3,22,8,10,590,350,DECONYNCK ERNEST RUE,,,Plein jour,En agglomération,Intersection en X,Normale,Autre collision,,,,,,,,,,,1,2,2,1,6.0
201600030112,0016-02-15 19:20:00,16,2,15,19,20,590,350,CANNES RUE DE,50.60655,3.04508,Nuit avec éclairage allumé,En agglomération,Intersection en T,Normale,Autre collision,,,,,,,,,,,5,2,3,1,6.0
201600030113,0016-02-08 18:55:00,16,2,8,18,55,590,648,DE GAULLE RUE DU GENERAL,50.5875,3.05144,Nuit avec éclairage allumé,En agglomération,Hors intersection,Pluie forte,Sans collision,,,,,,,,,,,5,2,1,3,7.0
201600030114,0016-04-04 10:40:00,16,4,4,10,40,590,350,"180/206, FAUBOURG D'ARRA",50.60916,3.05994,Plein jour,En agglomération,Hors intersection,Normale,Autre collision,,,,,,,,,,,1,2,1,1,6.0
201600030115,0016-04-05 12:15:00,16,4,5,12,15,590,350,"115, MASSENA RUE Nø66 /9",,,Plein jour,En agglomération,Hors intersection,Normale,Autre collision,,,,,,,,,,,1,2,1,1,6.0
201600030116,0016-04-10 20:15:00,16,4,10,20,15,590,286,"236, CARNOT SADI RUE",,,Crépuscule ou aube,En agglomération,Hors intersection,Normale,Deux véhicules - côté,,,,,,,,,,,2,2,1,1,3.0
201600030117,0016-04-07 14:50:00,16,4,7,14,50,590,360,DOUMER PAUL RUE,50.60166,3.03966,Plein jour,En agglomération,Intersection en X,Normale,Deux véhicules - frontale,,,,,,,,,,,1,2,2,1,1.0
201600030118,0016-01-27 21:15:00,16,1,27,21,15,590,350,SOLFERINO RUE Nø2 - 108,50.63433,3.04883,Nuit avec éclairage allumé,En agglomération,Intersection à plus de 4 branches,Normale,Autre collision,,,,,,,,,,,5,2,5,1,6.0
201600030119,0016-03-30 07:50:00,16,3,30,7,50,590,360,BARBUSSE HENRI RUE,,,Nuit avec éclairage allumé,En agglomération,Intersection en T,Normale,Deux véhicules - côté,,,,,,,,,,,5,2,3,1,3.0
201600030120,0016-04-13 09:10:00,16,4,13,9,10,590,350,"IGNORE, MARAIS RUE DU",,,Plein jour,En agglomération,Autre intersection,Normale,Autre collision,,,,,,,,,,,1,2,9,1,6.0
201600030121,0016-04-17 04:30:00,16,4,17,4,30,590,350,ARRAS RUE D,50.61661,3.063,Nuit avec éclairage allumé,En agglomération,Intersection en X,Normale,Deux véhicules - côté,,,,,,,,,,,5,2,2,1,3.0
201600030122,0016-04-18 01:25:00,16,4,18,1,25,590,378,"NC, REPUBLIQUE AV DE LA",50.66177,3.09533,Nuit avec éclairage allumé,En agglomération,Hors intersection,Normale,Deux véhicules - arrière,,,,,,,,,,,5,2,1,1,2.0
201600030123,0016-04-17 18:00:00,16,4,17,18,0,590,410,LANGUEDOC RUE DU,50.64647,3.11362,Plein jour,En agglomération,Intersection en X,Normale,Deux véhicules - côté,,,,,,,,,,,1,2,2,1,3.0
201600030124,0016-04-18 08:50:00,16,4,18,8,50,590,350,"200, NATIONALE RUE NøRES",50.63216,3.05097,Plein jour,En agglomération,Intersection en X,Normale,Deux véhicules - côté,,,,,,,,,,,1,2,2,1,3.0
201600030125,0016-04-18 12:20:00,16,4,18,12,20,590,286,CARNOT SADI RUE,,,Plein jour,En agglomération,Hors intersection,Normale,Autre collision,,,,,,,,,,,1,2,1,1,6.0
201600030126,0016-04-18 18:55:00,16,4,18,18,55,590,350,"2, BIGO DANEL BOULEVARD",50.62775,3.04175,Plein jour,En agglomération,Intersection en T,Normale,Autre collision,,,,,,,,,,,1,2,3,1,6.0
201600030127,0016-04-28 19:30:00,16,4,28,19,30,590,350,CD 651 (sortie St Mauric,,,Plein jour,Hors agglomération,Hors intersection,Normale,Autre collision,,,,,,,,,,,1,1,1,1,6.0
201600030128,0016-04-17 18:10:00,16,4,17,18,10,590,350,VAUBAN BOULEVARD Nø REST,50.6362,3.05052,Plein jour,En agglomération,Hors intersection,Normale,Autre collision,,,,,,,,,,,1,2,1,1,6.0
201600030129,0016-05-07 13:50:00,16,5,7,13,50,590,527,"23, ARC RUE JEANNE D",,,Plein jour,En agglomération,Hors intersection,Normale,Autre collision,,,,,,,,,,,1,2,1,1,6.0
201600030130,0016-05-05 03:00:00,16,5,5,3,0,590,350,"103, GAMBETTA LEON RUE",50.63011,3.05666,Nuit avec éclairage allumé,En agglomération,Intersection en X,Normale,Autre collision,,,,,,,,,,,5,2,2,1,6.0
201600030131,0016-03-08 07:10:00,16,3,8,7,10,590,350,POSTES RUE Nø RESTE,,,Plein jour,En agglomération,Hors intersection,Normale,Deux véhicules - frontale,,,,,,,,,,,1,2,1,1,1.0
201600030132,0016-04-24 16:45:00,16,4,24,16,45,590,328,DUNKERQUE AVENUE DE,,,Plein jour,En agglomération,Hors intersection,Normale,Deux véhicules - frontale,,,,,,,,,,,1,2,1,1,1.0
201600030133,0016-05-05 14:30:00,16,5,5,14,30,590,350,"163, LANNOY RUE",,,Plein jour,En agglomération,Intersection en X,Normale,Deux véhicules - côté,,,,,,,,,,,1,2,2,1,3.0
201600030134,0016-05-25 20:25:00,16,5,25,20,25,590,350,Bd Louis XIV,50.62888,3.07369,Plein jour,En agglomération,Intersection en X,Normale,Deux véhicules - côté,,,,,,,,,,,1,2,2,1,3.0
201600030135,0016-04-15 20:20:00,16,4,15,20,20,590,350,PASTEUR CARREFOUR,50.64286,3.0728,Plein jour,Hors agglomération,Hors intersection,Normale,Autre collision,,,,,,,,,,,1,1,1,1,6.0
201600030136,0016-05-15 06:50:00,16,5,15,6,50,590,507,LAVOISIER RUE,50.60011,3.08027,Plein jour,En agglomération,Intersection en Y,Normale,Deux véhicules - frontale,,,,,,,,,,,1,2,4,1,1.0
201600030137,0016-04-09 10:20:00,16,4,9,10,20,590,350,NOIRS RUE,50.62952,3.09005,Plein jour,En agglomération,Intersection en T,Normale,Autre collision,,,,,,,,,,,1,2,3,1,6.0
201600030138,0016-06-02 21:05:00,16,6,2,21,5,590,343,"13, JAURES JEAN RUE",50.35136,9.5,Nuit avec éclairage allumé,En agglomération,Hors intersection,Pluie légère,Deux véhicules - arrière,,,,,,,,,,,5,2,1,2,2.0
201600030139,0016-06-08 16:05:00,16,6,8,16,5,590,566,COMMERCE BOULEVARD DU,,,Plein jour,En agglomération,Hors intersection,Normale,Autre collision,,,,,,,,,,,1,2,1,1,6.0
201600030140,0016-06-09 17:40:00,16,6,9,17,40,590,350,CARNOT SADI RUE,50.38237,3.04091,Plein jour,Hors agglomération,Intersection en X,Normale,Autre collision,,,,,,,,,,,1,1,2,1,6.0
201600030141,0016-05-26 19:00:00,16,5,26,19,0,590,9,DOUMER PAUL RUE DU PRESI,,,Plein jour,En agglomération,Hors intersection,Normale,Deux véhicules - côté,,,,,,,,,,,1,2,1,1,3.0
201600030142,0016-06-14 12:20:00,16,6,14,12,20,590,350,FAUBOURG DE ROUBAIX RUE,50.38323,3.05147,Plein jour,En agglomération,Intersection en T,Pluie légère,Autre collision,,,,,,,,,,,1,2,3,2,6.0
201600030143,0016-05-12 19:55:00,16,5,12,19,55,590,648,"192, DE GAULLE RUE DU GE",50.57841,3.04952,Plein jour,En agglomération,Hors intersection,Normale,Deux véhicules - côté,,,,,,,,,,,1,2,1,1,3.0
201600030144,0016-06-02 07:00:00,16,6,2,7,0,590,350,"95, MARAIS RUE DU",50.38103,3.01114,Plein jour,En agglomération,Intersection en T,Normale,Deux véhicules - frontale,,,,,,,,,,,1,2,3,1,1.0
201600030145,0016-05-24 13:30:00,16,5,24,13,30,590,368,"58, GAMBETTA LEON RUE",,,Plein jour,En agglomération,Intersection en X,Normale,Deux véhicules - arrière,,,,,,,,,,,1,2,2,1,2.0
201600030146,0016-06-19 00:01:00,16,6,19,0,1,590,350,"173, EGALITE RUE DE L",50.37418,2.59428,Nuit avec éclairage allumé,En agglomération,Hors intersection,Normale,Autre collision,,,,,,,,,,,5,2,1,1,6.0
201600030147,0016-06-08 18:10:00,16,6,8,18,10,590,350,"2, SALENGRO ROGER AVENUE",50.38394,2.59189,Plein jour,En agglomération,Intersection en T,Normale,Deux véhicules - frontale,,,,,,,,,,,1,2,3,1,1.0
201600030148,0016-05-19 17:50:00,16,5,19,17,50,590,560,"114, RESISTANCE RUE DES",,,Plein jour,En agglomération,Hors intersection,Normale,Autre collision,,,,,,,,,,,1,2,1,1,6.0
201600030149,0016-06-23 19:00:00,16,6,23,19,0,590,9,LANGEVIN PAUL AVENUE,50.60572,3.14061,Plein jour,En agglomération,Hors intersection,Normale,Autre collision,,,,,,,,,,,1,2,1,1,6.0
201600030150,0016-06-24 15:15:00,16,6,24,15,15,590,360,"2, FOCH RUE DU MARECHAL",50.37011,3.01258,Plein jour,En agglomération,Intersection en X,Normale,Autre collision,,,,,,,,,,,1,2,2,1,6.0
201600030151,0016-06-12 21:00:00,16,6,12,21,0,590,386,"63, MARTYRS DE LA RESIST",,,Crépuscule ou aube,En agglomération,Hors intersection,Normale,Deux véhicules - frontale,,,,,,,,,,,2,2,1,1,1.0
201600030152,0016-06-15 17:20:00,16,6,15,17,20,590,350,"107A, GAMBETTA LEON RUE",,,Plein jour,En agglomération,Intersection en X,Normale,Deux véhicules - côté,,,,,,,,,,,1,2,2,1,3.0
201600030153,0016-06-23 18:10:00,16,6,23,18,10,590,360,POTIE GEORGES RUE,,,Plein jour,Hors agglomération,Intersection en T,Pluie légère,Deux véhicules - côté,,,,,,,,,,,1,1,3,2,3.0
201600030154,0016-06-30 20:40:00,16,6,30,20,40,590,350,BELFORT BOULEVARD DE,50.37076,3.04348,Plein jour,En agglomération,Intersection en X,Normale,Deux véhicules - côté,,,,,,,,,,,1,2,2,1,3.0
201600030155,0016-06-21 17:35:00,16,6,21,17,35,590,350,RIVOLI RUE DE,,,Plein jour,En agglomération,Intersection en T,Normale,Deux véhicules - côté,,,,,,,,,,,1,2,3,1,3.0
201600030156,0016-07-04 01:44:00,16,7,4,1,44,590,350,SAINT ANDRE,,,Nuit avec éclairage allumé,En agglomération,Intersection en X,Normale,Deux véhicules - côté,,,,,,,,,,,5,2,2,1,3.0
201600030157,0016-06-16 07:20:00,16,6,16,7,20,590,350,NATIONALE RUE N°RESTE PA,,,Plein jour,En agglomération,Intersection en X,Normale,Deux véhicules - côté,,,,,,,,,,,1,2,2,1,3.0
201600030158,0016-06-29 01:00:00,16,6,29,1,0,590,350,LORRAINE BOULEVARD,,,Nuit avec éclairage allumé,En agglomération,Intersection en T,Normale,Deux véhicules - frontale,,,,,,,,,,,5,2,3,1,1.0
201600030159,0016-05-28 21:10:00,16,5,28,21,10,590,350,SAMAIN ALBERT SQUARE,50.37079,3.02277,Plein jour,En agglomération,Intersection en T,Normale,Autre collision,,,,,,,,,,,1,2,3,1,6.0
201600030160,0016-05-27 20:30:00,16,5,27,20,30,590,560,CD 925,50.32202,3.021,Plein jour,Hors agglomération,Hors intersection,Normale,Sans collision,,,,,,,,,,,1,1,1,1,7.0
201600030161,0016-07-06 21:00:00,16,7,6,21,0,590,360,GAMBETTA LEON RUE,,,Crépuscule ou aube,En agglomération,Hors intersection,Normale,Autre collision,,,,,,,,,,,2,2,1,1,6.0
201600030162,0016-07-08 04:55:00,16,7,8,4,55,590,350,DE LANNOY RUE,,,Plein jour,En agglomération,Intersection en X,Normale,Autre collision,,,,,,,,,,,1,2,2,1,6.0
201600030163,0016-04-29 03:55:00,16,4,29,3,55,590,350,POSTES RUE N° RESTE,,,Nuit avec éclairage allumé,En agglomération,Intersection en X,Normale,Autre collision,,,,,,,,,,,5,2,2,1,6.0
201600030164,0016-06-12 11:15:00,16,6,12,11,15,590,527,MUCHAUX CHEMIN DES,,,Plein jour,En agglomération,Intersection en T,Normale,Deux véhicules - côté,,,,,,,,,,,1,2,3,1,3.0
201600030165,0016-07-05 16:25:00,16,7,5,16,25,590,410,NORMANDIE RUE DE,50.64566,3.11727,Plein jour,En agglomération,Hors intersection,Normale,Autre collision,,,,,,,,,,,1,2,1,1,6.0
201600030166,0016-07-13 16:10:00,16,7,13,16,10,590,560,AVELIN ROUTE D,50.54497,3.05505,Plein jour,Hors agglomération,Hors intersection,Normale,Deux véhicules - arrière,,,,,,,,,,,1,1,1,1,2.0
201600030167,0016-07-13 15:50:00,16,7,13,15,50,590,560,"IGNORE, R.D. 549",50.55005,3.04708,Plein jour,Hors agglomération,Hors intersection,Normale,Deux véhicules - côté,,,,,,,,,,,1,1,1,1,3.0
201600030168,0016-05-13 16:20:00,16,5,13,16,20,590,350,DORMOY MARX AVENUE,50.38035,3.01599,Plein jour,En agglomération,Intersection en T,Normale,Autre collision,,,,,,,,,,,1,2,3,1,6.0
201600030169,0016-07-22 16:45:00,16,7,22,16,45,590,360,KUHLMANN AVENUE,,,Plein jour,Hors agglomération,Hors intersection,Normale,Trois véhicules et plus - collisions multiples,,,,,,,,,,,1,1,1,1,5.0
201600030170,0016-07-07 22:55:00,16,7,7,22,55,590,350,"17, FAUBOURG DE BETHUNE",50.6178,3.02894,Nuit avec éclairage allumé,En agglomération,Hors intersection,Normale,Trois véhicules et plus - collisions multiples,,,,,,,,,,,5,2,1,1,5.0
201600030171,0016-08-02 19:15:00,16,8,2,19,15,590,9,DE VALMY BOULEVARD,50.61601,3.13181,Plein jour,En agglomération,Intersection en T,Pluie légère,Deux véhicules - côté,,,,,,,,,,,1,2,3,2,3.0
201600030172,0016-06-24 09:00:00,16,6,24,9,0,590,560,DORMOY MARX RUE,,,Plein jour,En agglomération,Hors intersection,Normale,Autre collision,,,,,,,,,,,1,2,1,1,6.0
201600030173,0016-08-01 17:00:00,16,8,1,17,0,590,350,LILLE BV. DES DEFENSEURS,,,Plein jour,Hors agglomération,Hors intersection,Normale,Deux véhicules - arrière,,,,,,,,,,,1,1,1,1,2.0
201600030174,0016-08-13 18:20:00,16,8,13,18,20,590,560,LILLE ROUTE DE,,,Plein jour,Hors agglomération,Hors intersection,Normale,Deux véhicules - côté,,,,,,,,,,,1,1,1,1,3.0
201600030175,0016-07-25 18:09:00,16,7,25,18,9,590,507,LESQUIN RUE DE,50.59755,3.09686,Plein jour,En agglomération,Intersection en T,Normale,Deux véhicules - côté,,,,,,,,,,,1,2,3,1,3.0
201600030176,0016-08-06 18:10:00,16,8,6,18,10,590,350,JACQUART,,,Plein jour,En agglomération,Hors intersection,Normale,Deux véhicules - côté,,,,,,,,,,,1,2,1,1,3.0
201600030177,0016-07-08 00:01:00,16,7,8,0,1,590,350,LIBERTE BVD Nø147 A FIN-,50.63522,3.0553,Nuit avec éclairage allumé,En agglomération,Intersection en T,Normale,Deux véhicules - côté,,,,,,,,,,,5,2,3,1,3.0
201600030178,0016-04-28 23:00:00,16,4,28,23,0,590,350,POSTES RUE Nø RESTE,50.62463,3.05522,Nuit avec éclairage allumé,En agglomération,Hors intersection,Normale,Autre collision,,,,,,,,,,,5,2,1,1,6.0
201600030179,0016-08-19 10:45:00,16,8,19,10,45,590,350,"IGNORE, RAMPONNEAU SQUAR",50.63936,3.0873,Plein jour,En agglomération,Intersection en X,Normale,Autre collision,,,,,,,,,,,1,2,2,1,6.0
201600030180,0016-08-11 13:45:00,16,8,11,13,45,590,350,"NC, THOMAS ALBERT RUE",50.38086,9.31,Plein jour,En agglomération,Autre intersection,Normale,Deux véhicules - arrière,,,,,,,,,,,1,2,9,1,2.0
201600030181,0016-07-22 23:45:00,16,7,22,23,45,590,410,JACQUARD RUE,,,Nuit avec éclairage allumé,En agglomération,Intersection en X,Normale,Deux véhicules - côté,,,,,,,,,,,5,2,2,1,3.0
201600030182,0016-09-01 14:50:00,16,9,1,14,50,590,193,"Bas chemin, rue du",50.59194,3.01102,Plein jour,Hors agglomération,Hors intersection,Normale,Autre collision,,,,,,,,,,,1,1,1,1,6.0
201600030183,0016-08-06 23:57:00,16,8,6,23,57,590,350,PRIMEURS RUE,50.63194,3.05327,Nuit avec éclairage allumé,En agglomération,Intersection en X,Normale,Deux véhicules - côté,,,,,,,,,,,5,2,2,1,3.0
201600030184,0016-09-05 15:30:00,16,9,5,15,30,590,350,DUNKERQUE AVENUE DE,50.64113,3.0183,Plein jour,En agglomération,Intersection en T,Normale,Deux véhicules - côté,,,,,,,,,,,1,2,3,1,3.0
201600030185,0016-09-17 20:08:00,16,9,17,20,8,590,350,LOUIS XIV BOULEVARD,50.62913,3.07547,Nuit avec éclairage allumé,En agglomération,Hors intersection,Normale,Deux véhicules - côté,,,,,,,,,,,5,2,1,1,3.0
201600030186,0016-09-16 10:45:00,16,9,16,10,45,590,328,"106, BONTE AUGUSTE RUE",,,Plein jour,En agglomération,Intersection en X,Normale,Autre collision,,,,,,,,,,,1,2,2,1,6.0