accident_id,datetime,annee,mois,jour,heure,minute,departement,commune_insee,adresse,latitude,longitude,luminosite,agglomeration,intersection,meteo,collision,nb_vehicules,nb_usagers,nb_indemnes,nb_tues,nb_blesses_hosp,nb_blesses_legers,age_cond_1,age_cond_2,veh_type_cond_1,veh_type_cond_2,lum_code,agg_code,int_code,atm_code,col_code
201600030943,0016-02-20 15:45:00,16,2,20,15,45,620,126,"07, MORAT ( RUE JACQUES",50.53369,2.68627,Plein jour,En agglomération,Hors intersection,Pluie forte,Autre collision,,,,,,,,,,,1,2,1,3,6.0
201600030944,0016-02-28 18:00:00,16,2,28,18,0,620,848,941 (CD),50.50824,2.63454,Plein jour,En agglomération,Giratoire,Normale,Autre collision,,,,,,,,,,,1,2,6,1,6.0
201600030945,0016-02-28 15:00:00,16,2,28,15,0,620,51,"231, HUMBLOT IGNACE ( RU",50.50872,2.79079,Plein jour,En agglomération,Hors intersection,Normale,Autre collision,,,,,,,,,,,1,2,1,1,6.0
201600030946,0016-04-10 17:00:00,16,4,10,17,0,620,132,"183, DE GAULLE ( RUE DU",50.5212,2.87069,Plein jour,En agglomération,Hors intersection,Normale,Deux véhicules - frontale,,,,,,,,,,,1,2,1,1,1.0
201600030947,0016-04-13 16:55:00,16,4,13,16,55,620,51,FLANDRES ( PORTE DES),50.52073,2.79373,Plein jour,En agglomération,Giratoire,Normale,Deux véhicules - côté,,,,,,,,,,,1,2,6,1,3.0
201600030948,0016-05-02 17:40:00,16,5,2,17,40,620,119,"1343, LILLE ( RUE DE )",50.52271,2.6593,Plein jour,En agglomération,Hors intersection,Normale,Deux véhicules - côté,,,,,,,,,,,1,2,1,1,3.0
201600030949,0016-05-24 12:30:00,16,5,24,12,30,620,119,UNIVERSITE ( RUE DE L' ),50.5208,2.65319,Plein jour,En agglomération,Hors intersection,Normale,Autre collision,,,,,,,,,,,1,2,1,1,6.0
201600030950,0016-05-05 15:00:00,16,5,5,15,0,620,126,ARMENTIERES ( RUE D' ),50.55115,2.67665,Plein jour,Hors agglomération,Hors intersection,Normale,Trois véhicules et plus - en chaîne,,,,,,,,,,,1,1,1,1,4.0
201600030951,0016-05-16 00:15:00,16,5,16,0,15,620,310,"148, ONZE NOVEMBRE ( RUE",50.55068,2.67256,Nuit avec éclairage allumé,En agglomération,Hors intersection,Normale,Sans collision,,,,,,,,,,,5,2,1,1,7.0
201600030952,0016-06-20 12:05:00,16,6,20,12,5,620,35,D 937,50.54213,2.62383,Plein jour,Hors agglomération,Hors intersection,Normale,Deux véhicules - côté,,,,,,,,,,,1,1,1,1,3.0
201600030953,0016-06-14 16:10:00,16,6,14,16,10,620,126,ARMENTIERES ( RUE D' ),50.54492,2.65878,Plein jour,En agglomération,Hors intersection,Normale,Deux véhicules - frontale,,,,,,,,,,,1,2,1,1,1.0
201600030954,0016-06-18 14:25:00,16,6,18,14,25,620,126,"91 BIS, route nationale",50.5203,2.67511,Plein jour,En agglomération,Hors intersection,Normale,Deux véhicules - côté,,,,,,,,,,,1,2,1,1,3.0
201600030955,0016-06-26 01:30:00,16,6,26,1,30,620,119,"151, VERQUIN ( RUE DE )",50.51881,2.64468,Nuit avec éclairage allumé,En agglomération,Intersection en T,Normale,Deux véhicules - côté,,,,,,,,,,,5,2,3,1,3.0
201600030956,0016-08-17 15:50:00,16,8,17,15,50,620,126,"72, COURANT ( RUE DU )",50.52941,2.69216,Plein jour,En agglomération,Hors intersection,Normale,Autre collision,,,,,,,,,,,1,2,1,1,6.0
201600030957,0016-09-12 17:25:00,16,9,12,17,25,620,276,"215, LENS ( ROUTE DE )",50.50579,2.8085,Plein jour,En agglomération,Hors intersection,Normale,Autre collision,,,,,,,,,,,1,2,1,1,6.0
201600030958,0016-09-22 18:00:00,16,9,22,18,0,620,119,MOULIN ( BOULEVARD JEAN,50.5271,2.63274,Plein jour,En agglomération,Giratoire,Normale,Deux véhicules - côté,,,,,,,,,,,1,2,6,1,3.0
201600030959,0016-08-17 08:15:00,16,8,17,8,15,620,310,SEVELINGUE ( RUE DE ),50.54172,2.6506,Plein jour,Hors agglomération,Hors intersection,Normale,Deux véhicules - côté,,,,,,,,,,,1,1,1,1,3.0
201600030960,0016-09-24 05:30:00,16,9,24,5,30,620,119,"281, JUIN ( RUE DU MAREC",50.52503,2.63359,Nuit avec éclairage allumé,En agglomération,Hors intersection,Normale,Autre collision,,,,,,,,,,,5,2,1,1,6.0
201600030961,0016-09-30 12:10:00,16,9,30,12,10,620,119,577 LILLE ( RUE DE ),50.52563,2.64948,Plein jour,En agglomération,Autre intersection,Normale,Autre collision,,,,,,,,,,,1,2,9,1,6.0
201600030962,0016-10-15 20:35:00,16,10,15,20,35,620,863,CD 167 E2,50.53501,2.78225,Nuit sans éclairage public,Hors agglomération,Hors intersection,Normale,Sans collision,,,,,,,,,,,3,1,1,1,7.0
201600030963,0016-09-14 22:35:00,16,9,14,22,35,620,35,"58, SAINT VENANT ( RUE D",50.53974,2.62695,Nuit avec éclairage allumé,En agglomération,Hors intersection,Normale,Deux véhicules - frontale,,,,,,,,,,,5,2,1,1,1.0
201600030964,0016-10-15 11:35:00,16,10,15,11,35,620,200,6 LESAGE (bvd Louis),50.51015,2.73156,Plein jour,En agglomération,Hors intersection,Normale,Deux véhicules - côté,,,,,,,,,,,1,2,1,1,3.0
201600030965,0016-10-08 01:05:00,16,10,8,1,5,620,126,DELBECQUE ( RUE ),50.51982,2.67829,Nuit avec éclairage allumé,En agglomération,Intersection à plus de 4 branches,Normale,Deux véhicules - côté,,,,,,,,,,,5,2,5,1,3.0
201600030966,0016-10-05 08:45:00,16,10,5,8,45,620,119,"38, HAYNAUT ( RUE DU )",50.52857,2.641,Plein jour,En agglomération,Hors intersection,Temps éblouissant,Sans collision,,,,,,,,,,,1,2,1,7,7.0
201600030967,0016-10-04 13:20:00,16,10,4,13,20,620,350,841(CD),50.51252,2.61143,Plein jour,Hors agglomération,Intersection en X,Normale,Deux véhicules - côté,,,,,,,,,,,1,1,2,1,3.0
201600030968,0016-11-05 10:45:00,16,11,5,10,45,620,119,"1274, LILLE ( RUE DE )",50.52285,2.65831,Plein jour,En agglomération,Hors intersection,Normale,Deux véhicules - frontale,,,,,,,,,,,1,2,1,1,1.0
201600030969,0016-11-18 17:40:00,16,11,18,17,40,620,863,VARET ( RUE EUSTACHE ),50.54212,2.78804,Nuit sans éclairage public,En agglomération,Hors intersection,Normale,Autre collision,,,,,,,,,,,3,2,1,1,6.0
201600030970,0016-11-10 07:40:00,16,11,10,7,40,620,119,MOULIN ( BOULEVARD JEAN,50.52816,2.64211,Crépuscule ou aube,En agglomération,Intersection en T,Normale,Autre collision,,,,,,,,,,,2,2,3,1,6.0
201600030971,0016-11-17 17:45:00,16,11,17,17,45,620,330,"1125, LILLE ( RUE DE )",50.54683,2.75099,Nuit avec éclairage allumé,En agglomération,Hors intersection,Normale,Sans collision,,,,,,,,,,,5,2,1,1,7.0
201600030972,0016-11-21 14:05:00,16,11,21,14,5,620,119,"9, HUIT MAI 1945 ( RUE D",50.52972,2.64758,Plein jour,En agglomération,Intersection en T,Normale,Deux véhicules - côté,,,,,,,,,,,1,2,3,1,3.0
201600030973,0016-01-27 16:15:00,16,1,27,16,15,620,758,"89, SAINT OMER ( Route d",50.72559,1.62428,Plein jour,En agglomération,Hors intersection,Pluie forte,Autre collision,,,,,,,,,,,1,2,1,3,6.0
201600030974,0016-02-10 15:00:00,16,2,10,15,0,620,894,CALAIS ( Route de )RD 23,50.76761,1.64199,Plein jour,Hors agglomération,Hors intersection,Normale,Sans collision,,,,,,,,,,,1,1,1,1,7.0
201600030975,0016-02-25 19:10:00,16,2,25,19,10,620,160,"1, BOULEVARD DE L EUROPE",50.72032,1.5992,Nuit sans éclairage public,En agglomération,Hors intersection,Normale,Deux véhicules - côté,,,,,,,,,,,3,2,1,1,3.0
201600030976,0016-02-28 22:00:00,16,2,28,22,0,620,160,"62, CAMP DE DROITE (Rue",50.72875,1.60182,Nuit avec éclairage allumé,En agglomération,Intersection en T,Normale,Deux véhicules - frontale,,,,,,,,,,,5,2,3,1,1.0
201600030977,0016-03-27 22:00:00,16,3,27,22,0,620,160,"25, BREQUERECQUE (Rue de",50.71903,1.61494,Nuit avec éclairage allumé,En agglomération,Hors intersection,Normale,Deux véhicules - côté,,,,,,,,,,,5,2,1,1,3.0
201600030978,0016-04-01 01:50:00,16,4,1,1,50,620,160,"1, JAURES (Viaduc Jean)",50.71891,1.59776,Nuit avec éclairage allumé,En agglomération,Hors intersection,Normale,Sans collision,,,,,,,,,,,5,2,1,1,7.0
201600030979,0016-04-18 12:00:00,16,4,18,12,0,620,160,"63-65, CLOCHEVILLE (Bld",50.7285,1.60886,Plein jour,En agglomération,Hors intersection,Normale,Autre collision,,,,,,,,,,,1,2,1,1,6.0
201600030980,0016-06-05 05:10:00,16,6,5,5,10,620,160,AIGLON (Rue de l'),50.74261,1.61264,Crépuscule ou aube,Hors agglomération,Intersection en Y,Normale,Sans collision,,,,,,,,,,,2,1,4,1,7.0
201600030981,0016-05-31 17:45:00,16,5,31,17,45,620,893,C.D. 940,50.79833,1.61421,Plein jour,Hors agglomération,Hors intersection,Pluie légère,Deux véhicules - frontale,,,,,,,,,,,1,1,1,2,1.0
201600030982,0016-07-07 21:25:00,16,7,7,21,25,620,160,FRAMERY (Rue),50.72678,1.62065,Plein jour,En agglomération,Intersection en T,Normale,Deux véhicules - côté,,,,,,,,,,,1,2,3,1,3.0
201600030983,0016-06-21 10:20:00,16,6,21,10,20,620,160,TIVOLI (Rue de),,,Plein jour,En agglomération,Intersection en X,Pluie légère,Autre collision,,,,,,,,,,,1,2,2,2,6.0
201600030984,0016-07-16 04:10:00,16,7,16,4,10,620,160,SAINTE BEUVE (Bld),50.7371,1.5946,Nuit avec éclairage allumé,En agglomération,Hors intersection,Normale,Deux véhicules - frontale,,,,,,,,,,,5,2,1,1,1.0
201600030985,0016-09-06 21:45:00,16,9,6,21,45,620,160,JAURES (Bld Jean),50.71818,1.59156,Nuit avec éclairage allumé,En agglomération,Intersection en Y,Normale,Deux véhicules - côté,,,,,,,,,,,5,2,4,1,3.0
201600030986,0016-09-07 11:40:00,16,9,7,11,40,620,643,34 Pierre Curie,50.686,1.61051,Plein jour,Hors agglomération,Intersection en T,Normale,Deux véhicules - côté,,,,,,,,,,,1,1,3,1,3.0
201600030987,0016-09-24 18:00:00,16,9,24,18,0,620,758,AUCHAN ( Parking  Centre,,,Plein jour,Hors agglomération,Passage à niveau,Normale,Autre collision,,,,,,,,,,,1,1,8,1,6.0
201600030988,0016-10-07 07:40:00,16,10,7,7,40,620,758,CALAIS ( Route de ),50.73745,1.62258,Crépuscule ou aube,En agglomération,Intersection en X,Normale,Autre collision,,,,,,,,,,,2,2,2,1,6.0
201600030989,0016-11-12 17:50:00,16,11,12,17,50,620,160,", DE GAULLE (Ave Charles",50.73096,1.61947,Nuit avec éclairage allumé,En agglomération,Hors intersection,Pluie légère,Autre collision,,,,,,,,,,,5,2,1,2,6.0
201600030990,0016-11-20 17:50:00,16,11,20,17,50,620,667,HUGUET ( Bd Auguste ),50.71452,1.58735,Nuit avec éclairage allumé,En agglomération,Hors intersection,Normale,Sans collision,,,,,,,,,,,5,2,1,1,7.0
201600030991,0016-12-15 15:10:00,16,12,15,15,10,620,758,"8, Hippodrome ( rue de l",50.72689,1.68122,Plein jour,En agglomération,Hors intersection,Temps éblouissant,Deux véhicules - côté,,,,,,,,,,,1,2,1,7,3.0
201600030992,0016-12-17 17:25:00,16,12,17,17,25,620,160,"26, NORMANDIE (Ave. de )",50.73782,1.61757,Crépuscule ou aube,En agglomération,Hors intersection,Normale,Autre collision,,,,,,,,,,,2,2,1,1,6.0
201600030993,0016-12-22 19:00:00,16,12,22,19,0,620,667,STEIN ( Impasse),50.70886,1.57875,Nuit avec éclairage allumé,En agglomération,Hors intersection,Normale,Autre collision,,,,,,,,,,,5,2,1,1,6.0
201600030994,0016-12-22 11:40:00,16,12,22,11,40,620,160,"109, KENNEDY (Ave. John)",50.71403,1.61408,Plein jour,En agglomération,Hors intersection,Normale,Autre collision,,,,,,,,,,,1,2,1,1,6.0
201600030995,0016-03-30 16:40:00,16,3,30,16,40,620,178,"326, LIBERATION ( AVENUE",50.48925,2.56199,Plein jour,En agglomération,Hors intersection,Normale,Autre collision,,,,,,,,,,,1,2,1,1,6.0
201600030996,0016-04-16 22:20:00,16,4,16,22,20,620,270,LEBACQ (IMPASSE ANDRE),50.46552,2.51388,Nuit sans éclairage public,Hors agglomération,Hors intersection,Autre,Deux véhicules - côté,,,,,,,,,,,3,1,1,9,3.0
201600030997,0016-04-30 23:30:00,16,4,30,23,30,620,178,"499, CADOT ( HENRI )",50.48175,2.55116,Nuit avec éclairage allumé,En agglomération,Hors intersection,Normale,Autre collision,,,,,,,,,,,5,2,1,1,6.0
201600030998,0016-05-18 15:45:00,16,5,18,15,45,620,178,LIBERATION ( AVENUE ),50.4833,2.55474,Plein jour,En agglomération,Hors intersection,Temps couvert,Autre collision,,,,,,,,,,,1,2,1,8,6.0
201600030999,0016-05-18 18:05:00,16,5,18,18,5,620,178,D 188,50.49456,2.53999,Plein jour,Hors agglomération,Hors intersection,Pluie légère,Deux véhicules - frontale,,,,,,,,,,,1,1,1,2,1.0
201600031000,0016-06-06 21:50:00,16,6,6,21,50,620,178,ELUARD ( PAUL ),50.483,2.52147,Plein jour,En agglomération,Hors intersection,Normale,Deux véhicules - frontale,,,,,,,,,,,1,2,1,1,1.0
201600031001,0016-06-24 19:25:00,16,6,24,19,25,620,178,CAP BLANC ( DU ),50.47083,2.55838,Plein jour,En agglomération,Intersection en X,Normale,Autre collision,,,,,,,,,,,1,2,2,1,6.0
201600031002,0016-07-10 20:40:00,16,7,10,20,40,620,457,CD 301,50.45648,2.54157,Plein jour,Hors agglomération,Hors intersection,Normale,Trois véhicules et plus - collisions multiples,,,,,,,,,,,1,1,1,1,5.0
201600031003,0016-07-12 16:50:00,16,7,12,16,50,620,457,"320, JAURES (RUE JEAN)",50.45463,2.53724,Plein jour,En agglomération,Hors intersection,Normale,Trois véhicules et plus - collisions multiples,,,,,,,,,,,1,2,1,1,5.0
201600031004,0016-07-22 01:30:00,16,7,22,1,30,620,178,"685, FESTEUX ( DES )",50.49138,2.54706,Nuit avec éclairage allumé,En agglomération,Hors intersection,Normale,Autre collision,,,,,,,,,,,5,2,1,1,6.0
201600031005,0016-07-31 20:50:00,16,7,31,20,50,620,178,"362, MARMOTTAN ( JULES )",50.48505,2.54118,Plein jour,En agglomération,Hors intersection,Normale,Autre collision,,,,,,,,,,,1,2,1,1,6.0
201600031006,0016-08-20 16:25:00,16,8,20,16,25,620,270,"9, BACHELET (Pierre)",50.47138,2.50406,Plein jour,En agglomération,Hors intersection,Pluie légère,Deux véhicules - côté,,,,,,,,,,,1,2,1,2,3.0
201600031007,0016-08-29 16:45:00,16,8,29,16,45,620,457,FOND MADAME (RUE DU),50.4503,2.52499,Plein jour,En agglomération,Intersection en X,Normale,Deux véhicules - côté,,,,,,,,,,,1,2,2,1,3.0
201600031008,0016-09-07 18:55:00,16,9,7,18,55,620,178,"0, WERY ( ERNEST )",50.48532,2.54598,Plein jour,En agglomération,Hors intersection,Normale,Autre collision,,,,,,,,,,,1,2,1,1,6.0
201600031009,0016-09-26 06:45:00,16,9,26,6,45,620,178,PLOUVIER ( AVENUE PAUL ),50.47763,2.52978,Nuit avec éclairage allumé,En agglomération,Hors intersection,Normale,Deux véhicules - côté,,,,,,,,,,,5,2,1,1,3.0
201600031010,0016-10-02 04:10:00,16,10,2,4,10,620,457,CD 301,50.4572,2.54112,Nuit sans éclairage public,Hors agglomération,Hors intersection,Normale,Deux véhicules - frontale,,,,,,,,,,,3,1,1,1,1.0
201600031011,0016-08-04 18:55:00,16,8,4,18,55,620,457,CD 301,50.48023,2.48373,Plein jour,Hors agglomération,Autre intersection,Normale,Trois véhicules et plus - collisions multiples,,,,,,,,,,,1,1,9,1,5.0
201600031012,0016-10-15 11:30:00,16,10,15,11,30,620,270,PLOUVIEZ (RUE PAUL),50.4752,2.5245,Plein jour,Hors agglomération,Intersection en T,Normale,Deux véhicules - côté,,,,,,,,,,,1,1,3,1,3.0
201600031013,0016-11-02 13:15:00,16,11,2,13,15,620,445,route dpartementale 86,50.48826,2.60201,Plein jour,Hors agglomération,Hors intersection,Normale,Sans collision,,,,,,,,,,,1,1,1,1,7.0
201600031014,0016-11-03 07:10:00,16,11,3,7,10,620,270,PLOUVIEZ (RUE PAUL),50.47345,2.52067,Crépuscule ou aube,En agglomération,Hors intersection,Normale,Deux véhicules - côté,,,,,,,,,,,2,2,1,1,3.0
201600031015,0016-12-14 19:30:00,16,12,14,19,30,620,400,"39 bis, LESAGE ( EMILE E",50.47526,2.58702,Nuit sans éclairage public,En agglomération,Hors intersection,Normale,Autre collision,,,,,,,,,,,3,2,1,1,6.0
201600031016,0016-12-27 07:50:00,16,12,27,7,50,620,193,"66, ST EXUPERY (AVENUE)",50.94642,1.89493,Crépuscule ou aube,En agglomération,Hors intersection,Normale,Autre collision,,,,,,,,,,,2,2,1,1,6.0
201600031017,0016-01-06 15:50:00,16,1,6,15,50,620,193,ANGLETERRE (PLACE D'),50.95809,1.85549,Plein jour,En agglomération,Place,Normale,Autre collision,,,,,,,,,,,1,2,7,1,6.0
201600031018,0016-01-07 17:50:00,16,1,7,17,50,620,193,"150, LAFAYETTE (BOULEVAR",50.94565,1.8618,Nuit avec éclairage allumé,En agglomération,Hors intersection,Normale,Autre collision,,,,,,,,,,,5,2,1,1,6.0
201600031019,0016-02-03 09:30:00,16,2,3,9,30,620,193,VERDUN (RUE DE),50.95222,1.83195,Plein jour,En agglomération,Giratoire,Normale,Deux véhicules - côté,,,,,,,,,,,1,2,6,1,3.0
201600031020,0016-01-23 21:45:00,16,1,23,21,45,620,193,"45, GAMBETTA (BOULEVARD)",50.94715,1.84926,Nuit avec éclairage allumé,En agglomération,Hors intersection,Pluie légère,Deux véhicules - côté,,,,,,,,,,,5,2,1,2,3.0
201600031021,0016-02-09 07:45:00,16,2,9,7,45,620,193,"76, LOUIS BLERIOT (AVENU",50.95044,1.869,Crépuscule ou aube,En agglomération,Hors intersection,Pluie forte,Autre collision,,,,,,,,,,,2,2,1,3,6.0
201600031022,0016-03-19 18:40:00,16,3,19,18,40,620,193,A216,,,Plein jour,Hors agglomération,Hors intersection,Pluie légère,Trois véhicules et plus - en chaîne,,,,,,,,,,,1,1,1,2,4.0
201600031023,0016-03-31 19:20:00,16,3,31,19,20,620,193,"518, DE GAULLE (BOULEVAR",50.96187,1.83881,Crépuscule ou aube,En agglomération,Hors intersection,Normale,Deux véhicules - côté,,,,,,,,,,,2,2,1,1,3.0
201600031024,0016-02-18 20:15:00,16,2,18,20,15,620,193,COUBERTIN (AVENUE PIERRE,50.95307,1.83643,Nuit avec éclairage allumé,En agglomération,Intersection en T,Normale,Deux véhicules - côté,,,,,,,,,,,5,2,3,1,3.0
201600031025,0016-02-02 17:55:00,16,2,2,17,55,620,193,LAFAYETTE (BOULEVARD),50.946,1.86057,Nuit avec éclairage allumé,En agglomération,Hors intersection,Normale,Autre collision,,,,,,,,,,,5,2,1,1,6.0
201600031026,0016-05-09 03:20:00,16,5,9,3,20,620,193,A216,,,Nuit sans éclairage public,Hors agglomération,Hors intersection,Normale,Autre collision,,,,,,,,,,,3,1,1,1,6.0
201600031027,0016-03-05 00:10:00,16,3,5,0,10,620,244,DEPARTEMENTALE 943,50.92669,1.90346,Nuit avec éclairage allumé,En agglomération,Autre intersection,Normale,Autre collision,,,,,,,,,,,5,2,9,1,6.0
201600031028,0016-04-08 22:15:00,16,4,8,22,15,620,193,GENDARMERIE (QUAI DE LA),50.95208,1.85914,Nuit avec éclairage allumé,En agglomération,Hors intersection,Normale,Autre collision,,,,,,,,,,,5,2,1,1,6.0
201600031029,0016-06-10 23:15:00,16,6,10,23,15,620,193,GAUGUIN (RUE P.),50.94747,1.89708,Nuit avec éclairage non allumé,En agglomération,Intersection en X,Normale,Autre collision,,,,,,,,,,,4,2,2,1,6.0
201600031030,0016-06-22 13:55:00,16,6,22,13,55,620,193,BERT (RUE P.),50.95467,1.85977,Plein jour,En agglomération,Intersection en X,Normale,Deux véhicules - côté,,,,,,,,,,,1,2,2,1,3.0
201600031031,0016-05-01 11:50:00,16,5,1,11,50,620,193,VINGT NEUF JUILLET (RUE,50.9448,1.84796,Plein jour,En agglomération,Intersection en X,Normale,Deux véhicules - côté,,,,,,,,,,,1,2,2,1,3.0
201600031032,0016-05-10 16:30:00,16,5,10,16,30,620,193,Martin du Gard,50.95751,1.89784,Plein jour,En agglomération,Intersection en X,Normale,Deux véhicules - frontale,,,,,,,,,,,1,2,2,1,1.0
201600031033,0016-06-21 21:15:00,16,6,21,21,15,620,548,avenue de VERDUN,50.94845,1.94036,Plein jour,En agglomération,Hors intersection,Normale,Autre collision,,,,,,,,,,,1,2,1,1,6.0
201600031034,0016-07-27 03:20:00,16,7,27,3,20,620,193,A216,,,Nuit sans éclairage public,Hors agglomération,Hors intersection,Normale,Autre collision,,,,,,,,,,,3,1,1,1,6.0
201600031035,0016-07-24 15:50:00,16,7,24,15,50,620,774,R.D.940,50.93477,1.72578,Plein jour,Hors agglomération,Hors intersection,Normale,Sans collision,,,,,,,,,,,1,1,1,1,7.0
201600031036,0016-07-12 02:05:00,16,7,12,2,5,620,193,A216,,,Nuit sans éclairage public,Hors agglomération,Hors intersection,Normale,Autre collision,,,,,,,,,,,3,1,1,1,6.0
201600031037,0016-06-30 17:00:00,16,6,30,17,0,620,193,SAINT OMER (ROUTE DE),50.9312,1.89587,Plein jour,Hors agglomération,Autre intersection,Normale,Deux véhicules - côté,,,,,,,,,,,1,1,9,1,3.0
201600031038,0016-06-24 11:45:00,16,6,24,11,45,620,193,SAINT OMER (ROUTE DE),50.93305,1.90131,Plein jour,Hors agglomération,Hors intersection,Normale,Deux véhicules - frontale,,,,,,,,,,,1,1,1,1,1.0
201600031039,0016-09-19 16:00:00,16,9,19,16,0,620,193,FONTINETTES (RUE DES),50.94559,1.85372,Plein jour,En agglomération,Giratoire,Normale,Autre collision,,,,,,,,,,,1,2,6,1,6.0
201600031040,0016-08-06 19:05:00,16,8,6,19,5,620,774,CD 940,50.93414,1.72484,Plein jour,Hors agglomération,Hors intersection,Normale,Deux véhicules - arrière,,,,,,,,,,,1,1,1,1,2.0
201600031041,0016-09-27 18:30:00,16,9,27,18,30,620,193,LAMBERT (RUE A.),50.94668,1.82454,Plein jour,En agglomération,Hors intersection,Normale,Autre collision,,,,,,,,,,,1,2,1,1,6.0
201600031042,0016-08-16 01:47:00,16,8,16,1,47,620,193,A216,,,Nuit sans éclairage public,Hors agglomération,Hors intersection,Normale,Autre collision,,,,,,,,,,,3,1,1,1,6.0
201600031043,0016-08-16 23:25:00,16,8,16,23,25,620,193,A216,,,Nuit sans éclairage public,Hors agglomération,Hors intersection,Normale,Autre collision,,,,,,,,,,,3,1,1,1,6.0
201600031044,0016-09-16 05:10:00,16,9,16,5,10,620,193,A216,,,Nuit sans éclairage public,Hors agglomération,Hors intersection,Normale,Autre collision,,,,,,,,,,,3,1,1,1,6.0
201600031045,0016-11-28 15:45:00,16,11,28,15,45,620,193,"2, ROGER SALENGRO (AVENU",50.94595,1.8375,Plein jour,En agglomération,Giratoire,Temps éblouissant,Autre collision,,,,,,,,,,,1,2,6,7,6.0
201600031046,0016-11-04 15:50:00,16,11,4,15,50,620,193,"224, GAMBETTA (BOULEVARD",50.94643,1.84214,Plein jour,En agglomération,Hors intersection,Pluie forte,Autre collision,,,,,,,,,,,1,2,1,3,6.0
201600031047,0016-12-10 16:00:00,16,12,10,16,0,620,193,"1, JACQUARD (BOULEVARD)",50.95227,1.85289,Plein jour,En agglomération,Hors intersection,Normale,Autre collision,,,,,,,,,,,1,2,1,1,6.0
201600031048,0016-01-04 16:30:00,16,1,4,16,30,620,250,"19, EVRARD (R FLORENT )",50.4556,2.94802,Plein jour,En agglomération,Hors intersection,Normale,Autre collision,,,,,,,,,,,1,2,1,1,6.0
201600031049,0016-11-08 21:00:00,16,11,8,21,0,620,771,"sans, VAILLANT (R EDOUAR",50.4198,2.87262,Nuit avec éclairage allumé,En agglomération,Hors intersection,Normale,Deux véhicules - frontale,,,,,,,,,,,5,2,1,1,1.0
201600031050,0016-12-10 12:25:00,16,12,10,12,25,620,573,"sans, RD165",50.49082,2.89911,Plein jour,Hors agglomération,Hors intersection,Normale,Autre collision,,,,,,,,,,,1,1,1,1,6.0
201600031051,0016-11-04 17:45:00,16,11,4,17,45,620,19,"sans, BULLY (R DE)",50.42671,2.71143,Nuit avec éclairage allumé,En agglomération,Hors intersection,Normale,Autre collision,,,,,,,,,,,5,2,1,1,6.0
201600031052,0016-01-05 21:15:00,16,1,5,21,15,620,628,"713, COURTAIGNE (R DE)",50.42438,2.88386,Nuit avec éclairage allumé,En agglomération,Intersection en T,Normale,Deux véhicules - côté,,,,,,,,,,,5,2,3,1,3.0
201600031053,0016-12-03 15:50:00,16,12,3,15,50,620,510,"50, THIERS (R)",50.42001,2.79798,Plein jour,En agglomération,Hors intersection,Normale,Autre collision,,,,,,,,,,,1,2,1,1,6.0
201600031054,0016-12-14 21:10:00,16,12,14,21,10,620,895,"., GUESDE (R JULES)",50.49471,2.85189,Crépuscule ou aube,En agglomération,Hors intersection,Normale,Deux véhicules - arrière,,,,,,,,,,,2,2,1,1,2.0
201600031055,0016-12-17 15:30:00,16,12,17,15,30,620,510,"sans, LULLI (R)",50.42122,2.76141,Plein jour,En agglomération,Intersection en X,Temps couvert,Deux véhicules - côté,,,,,,,,,,,1,2,2,8,3.0
201600031056,0016-01-12 08:20:00,16,1,12,8,20,620,215,"SANS, MONTAIGNE (AV. MIC",50.49127,2.94616,Crépuscule ou aube,En agglomération,Hors intersection,Normale,Autre collision,,,,,,,,,,,2,2,1,1,6.0
201600031057,0016-11-28 09:00:00,16,11,28,9,0,620,413,"SANS, SAULES (AV. DES)",50.44264,2.90636,Plein jour,En agglomération,Hors intersection,Normale,Autre collision,,,,,,,,,,,1,2,1,1,6.0
201600031058,0016-11-25 21:10:00,16,11,25,21,10,620,249,"27, BUISSON (R FERDINAND",50.40622,3.01734,Nuit avec éclairage allumé,Hors agglomération,Intersection en X,Normale,Deux véhicules - côté,,,,,,,,,,,5,1,2,1,3.0
201600031059,0016-12-17 22:05:00,16,12,17,22,5,620,427,"SANS, Echangeur 16.1 (Rd",50.39395,2.98156,Nuit avec éclairage allumé,Hors agglomération,Giratoire,Normale,Autre collision,,,,,,,,,,,5,1,6,1,6.0
201600031060,0016-01-05 17:20:00,16,1,5,17,20,620,587,"00, CREIL (R DE)",50.43697,2.92872,Crépuscule ou aube,En agglomération,Intersection en T,Normale,Deux véhicules - côté,,,,,,,,,,,2,2,3,1,3.0
201600031061,0016-12-13 12:00:00,16,12,13,12,0,620,510,"SANS, PIETTE (R DU DOCTE",50.42898,2.79197,Plein jour,En agglomération,Hors intersection,Normale,Deux véhicules - arrière,,,,,,,,,,,1,2,1,1,2.0
201600031062,0016-01-13 06:55:00,16,1,13,6,55,620,498,"SANS, BETHUNE (RTE DE)",50.43477,2.81852,Nuit avec éclairage allumé,En agglomération,Intersection en T,Normale,Deux véhicules - côté,,,,,,,,,,,5,2,3,1,3.0
201600031063,0016-01-13 10:40:00,16,1,13,10,40,620,427,"00, MONTPENCHER (R)",50.42039,2.94758,Plein jour,En agglomération,Autre intersection,Normale,Autre collision,,,,,,,,,,,1,2,9,1,6.0