accident_id,datetime,annee,mois,jour,heure,minute,departement,commune_insee,adresse,latitude,longitude,luminosite,agglomeration,intersection,meteo,collision,nb_vehicules,nb_usagers,nb_indemnes,nb_tues,nb_blesses_hosp,nb_blesses_legers,age_cond_1,age_cond_2,veh_type_cond_1,veh_type_cond_2,lum_code,agg_code,int_code,atm_code,col_code
201600031064,0016-02-10 07:30:00,16,2,10,7,30,620,637,"16, FUSILLES (R DES 80)",50.4685,2.99041,Crépuscule ou aube,En agglomération,Intersection en T,Normale,Deux véhicules - côté,,,,,,,,,,,2,2,3,1,3.0
201600031065,0016-02-17 09:40:00,16,2,17,9,40,620,413,"4, BARBUSSE (AV.)",50.44613,2.90516,Plein jour,En agglomération,Intersection en Y,Normale,Autre collision,,,,,,,,,,,1,2,4,1,6.0
201600031066,0016-12-10 23:20:00,16,12,10,23,20,620,351,"50, BOUSSAC (R DE)",50.42492,2.89328,Nuit avec éclairage allumé,En agglomération,Hors intersection,Normale,Autre collision,,,,,,,,,,,5,2,1,1,6.0
201600031067,0016-02-08 19:50:00,16,2,8,19,50,620,274,rocade,50.43017,2.95339,Crépuscule ou aube,Hors agglomération,Hors intersection,Pluie légère,Deux véhicules - côté,,,,,,,,,,,2,1,1,2,3.0
201600031068,0016-11-29 09:00:00,16,11,29,9,0,620,907,"SANS, DARCHICOURT (AV FE",50.48509,2.99827,Plein jour,En agglomération,Hors intersection,Temps éblouissant,Autre collision,,,,,,,,,,,1,2,1,7,6.0
201600031069,0016-01-20 13:30:00,16,1,20,13,30,620,510,"., HUGO (R VICTOR)",50.421,2.77897,Plein jour,En agglomération,Hors intersection,Normale,Sans collision,,,,,,,,,,,1,2,1,1,7.0
201600031070,0016-11-11 19:00:00,16,11,11,19,0,620,215,"sans, CORNEILLE (R )",50.48947,2.95149,Nuit sans éclairage public,En agglomération,Hors intersection,Normale,Autre collision,,,,,,,,,,,3,2,1,1,6.0
201600031071,0016-03-01 08:56:00,16,3,1,8,56,620,498,"sans, LAFARGUE (R PAUL)",50.44527,2.83522,Plein jour,En agglomération,Hors intersection,Pluie légère,Autre collision,,,,,,,,,,,1,2,1,2,6.0
201600031072,0016-11-22 16:20:00,16,11,22,16,20,620,510,"sans, DE GAULLE (RPT CHA",50.4221,2.7652,Plein jour,En agglomération,Giratoire,Normale,Autre collision,,,,,,,,,,,1,2,6,1,6.0
201600031073,0016-12-10 12:30:00,16,12,10,12,30,620,427,"1, PIETTE (BD JACQUES) )",50.4146,2.96834,Plein jour,En agglomération,Hors intersection,Normale,Deux véhicules - côté,,,,,,,,,,,1,2,1,1,3.0
201600031074,0016-01-08 12:25:00,16,1,8,12,25,620,351,"SANS, REIMS (R DE)",50.42282,2.90656,Plein jour,En agglomération,Hors intersection,Normale,Deux véhicules - côté,,,,,,,,,,,1,2,1,1,3.0
201600031075,0016-01-21 09:10:00,16,1,21,9,10,620,133,"SANS, BARBUSSE (R HENRI",50.41527,2.90733,Plein jour,En agglomération,Hors intersection,Normale,Deux véhicules - frontale,,,,,,,,,,,1,2,1,1,1.0
201600031076,0016-12-06 21:00:00,16,12,6,21,0,620,895,"76, BRIQUET (R RAOUL)",50.48707,2.84864,Nuit avec éclairage allumé,En agglomération,Intersection en T,Normale,Autre collision,,,,,,,,,,,5,2,3,1,6.0
201600031077,0016-03-03 21:30:00,16,3,3,21,30,620,250,"SANS, RD 161E4",50.44964,2.95797,Nuit sans éclairage public,Hors agglomération,Hors intersection,Normale,Sans collision,,,,,,,,,,,3,1,1,1,7.0
201600031078,0016-01-28 17:25:00,16,1,28,17,25,620,427,"0, DEPORTES (AV. DES )",50.42636,2.944,Plein jour,En agglomération,Hors intersection,Normale,Autre collision,,,,,,,,,,,1,2,1,1,6.0
201600031079,0016-02-11 01:30:00,16,2,11,1,30,620,274,"0, RD 161",50.44179,2.99855,Nuit avec éclairage allumé,Hors agglomération,Autre intersection,Normale,Autre collision,,,,,,,,,,,5,1,9,1,6.0
201600031080,0016-02-02 09:30:00,16,2,2,9,30,620,510,"40, DELEBECQUE (R GERMAI",50.42722,2.77453,Plein jour,En agglomération,Hors intersection,Normale,Autre collision,,,,,,,,,,,1,2,1,1,6.0
201600031081,0016-01-31 19:30:00,16,1,31,19,30,620,895,"sans, BASLY (R EMILE)",50.4943,2.8508,Nuit avec éclairage allumé,En agglomération,Hors intersection,Normale,Deux véhicules - frontale,,,,,,,,,,,5,2,1,1,1.0
201600031082,0016-01-27 16:10:00,16,1,27,16,10,620,510,"128, JAURES (AV JEAN )",50.42557,2.79682,Plein jour,En agglomération,Hors intersection,Normale,Autre collision,,,,,,,,,,,1,2,1,1,6.0
201600031083,0016-01-12 15:00:00,16,1,12,15,0,620,186,"170, CONDE (R DE)",50.44169,2.74377,Plein jour,En agglomération,Hors intersection,Normale,Deux véhicules - côté,,,,,,,,,,,1,2,1,1,3.0
201600031084,0016-01-20 14:30:00,16,1,20,14,30,620,510,"., HUGO (R VICTOR)",50.41879,2.78111,Plein jour,En agglomération,Hors intersection,Normale,Autre collision,,,,,,,,,,,1,2,1,1,6.0
201600031085,0016-02-10 18:50:00,16,2,10,18,50,620,510,"26, COURTIN (R FRANCOIS)",50.42227,2.77794,Crépuscule ou aube,En agglomération,Hors intersection,Normale,Autre collision,,,,,,,,,,,2,2,1,1,6.0
201600031086,0016-03-10 17:40:00,16,3,10,17,40,620,907,"SANS, FAIDHERBE (BD)",50.48605,3.0048,Plein jour,En agglomération,Intersection en T,Normale,Deux véhicules - arrière,,,,,,,,,,,1,2,3,1,2.0
201600031087,0016-03-05 10:30:00,16,3,5,10,30,620,250,"1, MASSENET (R )",50.45823,2.94604,Plein jour,En agglomération,Intersection en T,Normale,Autre collision,,,,,,,,,,,1,2,3,1,6.0
201600031088,0016-02-17 20:30:00,16,2,17,20,30,620,427,"0, EISENHOWER (BD DU GAL",50.42636,2.94152,Nuit avec éclairage allumé,En agglomération,Intersection en X,Normale,Deux véhicules - côté,,,,,,,,,,,5,2,2,1,3.0
201600031089,0016-02-14 09:50:00,16,2,14,9,50,620,133,"38, PREMIER MAI (AV. DU)",50.41197,2.90333,Plein jour,En agglomération,Hors intersection,Pluie légère,Autre collision,,,,,,,,,,,1,2,1,2,6.0
201600031090,0016-02-08 22:05:00,16,2,8,22,5,620,274,"SANS, RD 161E4",50.43755,2.97275,Nuit sans éclairage public,Hors agglomération,Hors intersection,Normale,Deux véhicules - côté,,,,,,,,,,,3,1,1,1,3.0
201600031091,0016-02-11 20:25:00,16,2,11,20,25,620,427,"313, SAINT MARTIN (R )",50.38969,2.96952,Nuit avec éclairage allumé,En agglomération,Hors intersection,Normale,Deux véhicules - arrière,,,,,,,,,,,5,2,1,1,2.0
201600031092,0016-02-24 10:30:00,16,2,24,10,30,620,510,LEMAIRE (R FLORIMONT),50.41809,2.7699,Plein jour,En agglomération,Giratoire,Normale,Autre collision,,,,,,,,,,,1,2,6,1,6.0
201600031093,0016-02-15 19:00:00,16,2,15,19,0,620,628,SCHAFFNER (R DU DOCTEUR),50.42547,2.86214,Nuit avec éclairage allumé,En agglomération,Hors intersection,Normale,Autre collision,,,,,,,,,,,5,2,1,1,6.0
201600031094,0016-03-14 14:10:00,16,3,14,14,10,620,19,"40, BETHUNE (R DE)",50.42962,2.70659,Plein jour,En agglomération,Hors intersection,Normale,Deux véhicules - côté,,,,,,,,,,,1,2,1,1,3.0
201600031095,0016-03-10 18:00:00,16,3,10,18,0,620,498,MAILLY (R),50.42375,2.83569,Plein jour,En agglomération,Intersection en T,Normale,Deux véhicules - côté,,,,,,,,,,,1,2,3,1,3.0
201600031096,0016-04-07 10:55:00,16,4,7,10,55,620,498,"sans, LOISON (RTE DE)",50.43712,2.84336,Plein jour,En agglomération,Hors intersection,Normale,Autre collision,,,,,,,,,,,1,2,1,1,6.0
201600031097,0016-03-22 19:00:00,16,3,22,19,0,620,65,,50.41054,2.85516,Plein jour,Hors agglomération,Hors intersection,Normale,Deux véhicules - frontale,,,,,,,,,,,1,1,1,1,1.0
201600031098,0016-04-09 19:30:00,16,4,9,19,30,620,907,"SANS, SCHUMANN (BD )",50.47711,3.01172,Plein jour,En agglomération,Intersection en X,Pluie légère,Deux véhicules - côté,,,,,,,,,,,1,2,2,2,3.0
201600031099,0016-03-16 13:00:00,16,3,16,13,0,620,510,"92, DELEBECQUE (R GERMAI",50.42872,2.77375,Plein jour,En agglomération,Hors intersection,Normale,Autre collision,,,,,,,,,,,1,2,1,1,6.0
201600031100,0016-04-01 10:00:00,16,4,1,10,0,620,498,"SANS, BASSEE (RTE DE LA)",50.45244,2.8175,Plein jour,En agglomération,Intersection en T,Normale,Deux véhicules - côté,,,,,,,,,,,1,2,3,1,3.0
201600031101,0016-01-16 22:50:00,16,1,16,22,50,620,510,".sans, MITTERAND (AV FRA",50.43396,2.75238,Nuit avec éclairage allumé,Hors agglomération,Hors intersection,Normale,Sans collision,,,,,,,,,,,5,1,1,1,7.0
201600031102,0016-01-17 16:45:00,16,1,17,16,45,620,186,"40, VOLTAIRE (R )",50.45301,2.72903,Plein jour,En agglomération,Hors intersection,Normale,Sans collision,,,,,,,,,,,1,2,1,1,7.0
201600031103,0016-03-24 16:30:00,16,3,24,16,30,620,427,"389, PASTEUR (R )",50.41541,2.94641,Plein jour,En agglomération,Hors intersection,Normale,Deux véhicules - arrière,,,,,,,,,,,1,2,1,1,2.0
201600031104,0016-03-09 07:50:00,16,3,9,7,50,620,413,"sans, VALOIS (CHE.)",50.45194,2.90538,Plein jour,Hors agglomération,Intersection en X,Normale,Deux véhicules - côté,,,,,,,,,,,1,1,2,1,3.0
201600031105,0016-02-24 11:15:00,16,2,24,11,15,620,427,SCHWEITZER ALBERT (BD),50.41794,2.97072,Plein jour,En agglomération,Hors intersection,Normale,Deux véhicules - côté,,,,,,,,,,,1,2,1,1,3.0
201600031106,0016-03-12 15:10:00,16,3,12,15,10,620,427,"00, COURRIERES (RTE DE)",50.43224,2.95433,Plein jour,Hors agglomération,Autre intersection,Normale,Deux véhicules - côté,,,,,,,,,,,1,1,9,1,3.0
201600031107,0016-05-01 09:30:00,16,5,1,9,30,620,510,"., DEFERNEZ (R JEAN BAPT",50.41666,2.76666,Plein jour,En agglomération,Hors intersection,Normale,Deux véhicules - côté,,,,,,,,,,,1,2,1,1,3.0
201600031108,0016-05-01 20:10:00,16,5,1,20,10,620,215,"3, EVRARD (R FLORENT )",50.48602,2.95202,Plein jour,En agglomération,Intersection en X,Normale,Deux véhicules - frontale,,,,,,,,,,,1,2,2,1,1.0
201600031109,0016-02-02 12:30:00,16,2,2,12,30,620,510,"53, QUATRE SEPTEMBRE (R",50.4145,2.78049,Plein jour,En agglomération,Hors intersection,Normale,Deux véhicules - côté,,,,,,,,,,,1,2,1,1,3.0
201600031110,0016-02-17 15:55:00,16,2,17,15,55,620,133,"SANS, OUSSEKINE (R MALIK",50.4235,2.91517,Plein jour,En agglomération,Hors intersection,Normale,Autre collision,,,,,,,,,,,1,2,1,1,6.0
201600031111,0016-02-19 19:00:00,16,2,19,19,0,620,427,"SANS, FRANCE (BD PIERRE",50.41711,2.94708,Plein jour,En agglomération,Hors intersection,Temps couvert,Autre collision,,,,,,,,,,,1,2,1,8,6.0
201600031112,0016-03-02 18:30:00,16,3,2,18,30,620,351,"SANS, LECLERC (R DU MARE",50.42261,2.89963,Nuit avec éclairage allumé,En agglomération,Hors intersection,Pluie légère,Deux véhicules - côté,,,,,,,,,,,5,2,1,2,3.0
201600031113,0016-03-19 15:40:00,16,3,19,15,40,620,249,"30 c, FERRY (R JULES)",50.41052,3.00022,Plein jour,En agglomération,Hors intersection,Normale,Deux véhicules - côté,,,,,,,,,,,1,2,1,1,3.0
201600031114,0016-04-03 10:10:00,16,4,3,10,10,620,563,JAURES (R JEAN),50.47572,2.72608,Plein jour,En agglomération,Intersection en T,Normale,Deux véhicules - côté,,,,,,,,,,,1,2,3,1,3.0
201600031115,0016-02-22 17:00:00,16,2,22,17,0,620,637,"SANS, ZOLA (R EMILE)",50.47033,2.99616,Plein jour,En agglomération,Intersection en T,Pluie légère,Deux véhicules - côté,,,,,,,,,,,1,2,3,2,3.0
201600031116,0016-04-09 18:00:00,16,4,9,18,0,620,33,"sans, ROUTE NATIONALE",50.45997,2.8911,Plein jour,En agglomération,Intersection en T,Normale,Deux véhicules - côté,,,,,,,,,,,1,2,3,1,3.0
201600031117,0016-02-26 15:45:00,16,2,26,15,45,620,528,"., BASSEE (RTE DE LA)",50.46099,2.81558,Plein jour,En agglomération,Hors intersection,Normale,Deux véhicules - côté,,,,,,,,,,,1,2,1,1,3.0
201600031118,0016-05-05 00:10:00,16,5,5,0,10,620,510,"50, LIETARD (R MARIE)",50.41999,2.77186,Nuit avec éclairage allumé,En agglomération,Hors intersection,Normale,Autre collision,,,,,,,,,,,5,2,1,1,6.0
201600031119,0016-03-19 17:40:00,16,3,19,17,40,620,842,"., ZONE COMMERCIALE CORA",50.46196,2.82392,Plein jour,En agglomération,Hors intersection,Normale,Deux véhicules - côté,,,,,,,,,,,1,2,1,1,3.0
201600031120,0016-05-21 19:30:00,16,5,21,19,30,620,250,"SANS, BRIAND (R ARISTIDE",50.45369,2.94038,Plein jour,En agglomération,Intersection en T,Normale,Deux véhicules - côté,,,,,,,,,,,1,2,3,1,3.0
201600031121,0016-05-16 21:35:00,16,5,16,21,35,620,895,"34, CATENNE (R AUGUSTE )",50.49725,2.85975,Nuit avec éclairage allumé,En agglomération,Hors intersection,Normale,Autre collision,,,,,,,,,,,5,2,1,1,6.0
201600031122,0016-05-01 14:45:00,16,5,1,14,45,620,291,"4 bis, SALENGRO (R ROGER",50.42183,2.80241,Plein jour,En agglomération,Intersection en T,Normale,Deux véhicules - côté,,,,,,,,,,,1,2,3,1,3.0
201600031123,0016-03-25 23:15:00,16,3,25,23,15,620,587,"SANS, CD 46",50.43226,2.92208,Nuit sans éclairage public,Hors agglomération,Hors intersection,Normale,Deux véhicules - côté,,,,,,,,,,,3,1,1,1,3.0
201600031124,0016-05-10 08:20:00,16,5,10,8,20,620,637,"sans, WAHAGNIES (RTE DE)",50.47261,3.01613,Plein jour,En agglomération,Intersection en X,Normale,Deux véhicules - côté,,,,,,,,,,,1,2,2,1,3.0
201600031125,0016-05-12 12:50:00,16,5,12,12,50,620,528,"., BASSEE (RTE DE LA)",50.46734,2.81336,Plein jour,En agglomération,Hors intersection,Normale,Deux véhicules - côté,,,,,,,,,,,1,2,1,1,3.0
201600031126,0016-05-28 12:00:00,16,5,28,12,0,620,510,"sans, CD 58",50.42576,2.79294,Plein jour,Hors agglomération,Hors intersection,Normale,Deux véhicules - côté,,,,,,,,,,,1,1,1,1,3.0
201600031127,0016-04-15 16:00:00,16,4,15,16,0,620,386,"., FLANDRE (BD DE LA)",50.44875,2.74263,Plein jour,En agglomération,Hors intersection,Normale,Deux véhicules - côté,,,,,,,,,,,1,2,1,1,3.0
201600031128,0016-03-19 15:20:00,16,3,19,15,20,620,510,"45, QUATRE SEPTEMBRE (R",50.41188,2.78238,Plein jour,En agglomération,Hors intersection,Normale,Autre collision,,,,,,,,,,,1,2,1,1,6.0
201600031129,0016-04-25 09:45:00,16,4,25,9,45,620,215,"SANS, MEURCHIN (RTE DE)",50.49936,2.94597,Plein jour,En agglomération,Hors intersection,Normale,Trois véhicules et plus - collisions multiples,,,,,,,,,,,1,2,1,1,5.0
201600031130,0016-04-16 16:50:00,16,4,16,16,50,620,510,"sans, LECLERC (AV DU MAR",50.437,2.75019,Plein jour,Hors agglomération,Intersection en T,Normale,Deux véhicules - côté,,,,,,,,,,,1,1,3,1,3.0
201600031131,0016-05-07 17:30:00,16,5,7,17,30,620,498,"44, BRIQUET (AV. RAOUL)",50.25571,2.50095,Plein jour,En agglomération,Hors intersection,Normale,Deux véhicules - arrière,,,,,,,,,,,1,2,1,1,2.0
201600031132,0016-05-08 13:30:00,16,5,8,13,30,620,895,"8, HIRONDELLES (R DES)",50.29174,2.50394,Plein jour,En agglomération,Hors intersection,Normale,Autre collision,,,,,,,,,,,1,2,1,1,6.0
201600031133,0016-05-13 17:15:00,16,5,13,17,15,620,274,"SANS, MULTIMODALE (PLATE",50.27053,2.58383,Plein jour,Hors agglomération,Hors intersection,Normale,Deux véhicules - frontale,,,,,,,,,,,1,1,1,1,1.0
201600031134,0016-06-11 18:00:00,16,6,11,18,0,620,215,"SANS, VIEUX CHATEAU (R D",50.48329,2.9621,Plein jour,En agglomération,Hors intersection,Normale,Deux véhicules - frontale,,,,,,,,,,,1,2,1,1,1.0
201600031135,0016-05-16 13:20:00,16,5,16,13,20,620,19,"01, ARRAS (RTE D')",50.42629,2.71175,Plein jour,En agglomération,Giratoire,Normale,Autre collision,,,,,,,,,,,1,2,6,1,6.0
201600031136,0016-06-22 18:50:00,16,6,22,18,50,620,215,"SANS, RD 919",50.50319,2.94471,Plein jour,En agglomération,Hors intersection,Normale,Deux véhicules - côté,,,,,,,,,,,1,2,1,1,3.0
201600031137,0016-07-01 19:25:00,16,7,1,19,25,620,427,"sans, CD40E1",50.39644,2.96386,Plein jour,Hors agglomération,Hors intersection,Normale,Deux véhicules - frontale,,,,,,,,,,,1,1,1,1,1.0
201600031138,0016-06-27 06:20:00,16,6,27,6,20,620,498,"sans, VAN PELT (AV. ALFR",50.42893,2.83591,Plein jour,En agglomération,Intersection en X,Normale,Deux véhicules - côté,,,,,,,,,,,1,2,2,1,3.0
201600031139,0016-05-24 18:30:00,16,5,24,18,30,620,498,"33, GRAND CONDE (AV. DU)",50.43868,2.83415,Plein jour,En agglomération,Intersection en T,Normale,Deux véhicules - côté,,,,,,,,,,,1,2,3,1,3.0
201600031140,0016-06-17 19:50:00,16,6,17,19,50,620,427,"258, WILLEFERT (R CESAR",50.4213,2.94143,Plein jour,En agglomération,Hors intersection,Pluie légère,Deux véhicules - frontale,,,,,,,,,,,1,2,1,2,1.0
201600031141,0016-06-24 12:30:00,16,6,24,12,30,620,427,"sans, FUSILLES (AV.)",50.42052,2.96034,Plein jour,En agglomération,Hors intersection,Normale,Autre collision,,,,,,,,,,,1,2,1,1,6.0
201600031142,0016-06-27 17:40:00,16,6,27,17,40,620,498,HALAGE (CHE. DU),50.42837,2.83862,Plein jour,En agglomération,Hors intersection,Normale,Autre collision,,,,,,,,,,,1,2,1,1,6.0
201600031143,0016-06-30 09:45:00,16,6,30,9,45,620,771,"sans, BREST (R DE)",50.42051,2.85316,Plein jour,En agglomération,Intersection en X,Pluie légère,Deux véhicules - côté,,,,,,,,,,,1,2,2,2,3.0
201600031144,0016-07-25 23:30:00,16,7,25,23,30,620,563,DUMAS (R ALEXANDRE),50.4664,2.74391,Nuit avec éclairage allumé,En agglomération,Intersection en X,Normale,Autre collision,,,,,,,,,,,5,2,2,1,6.0
201600031145,0016-06-26 21:50:00,16,6,26,21,50,620,427,"00, JUIN (BVD DU MAL)",50.41762,2.94507,Plein jour,En agglomération,Hors intersection,Normale,Autre collision,,,,,,,,,,,1,2,1,1,6.0
201600031146,0016-07-03 15:20:00,16,7,3,15,20,620,427,"00, JAURES (PL. JEAN)",50.41936,2.94694,Plein jour,Hors agglomération,Hors intersection,Normale,Deux véhicules - côté,,,,,,,,,,,1,1,1,1,3.0
201600031147,0016-07-23 17:15:00,16,7,23,17,15,620,497,"26, MAURIAC (R DE)",50.43458,3.06955,Plein jour,En agglomération,Hors intersection,Normale,Autre collision,,,,,,,,,,,1,2,1,1,6.0
201600031148,0016-07-02 20:45:00,16,7,2,20,45,620,215,"SANS, MONTESQUIEU (R CHA",50.49058,2.9465,Plein jour,Hors agglomération,Intersection en T,Normale,Deux véhicules - côté,,,,,,,,,,,1,1,3,1,3.0
201600031149,0016-07-04 16:00:00,16,7,4,16,0,620,637,"18, DIX NEUF MARS 1962 (",50.47186,2.99352,Plein jour,En agglomération,Hors intersection,Normale,Deux véhicules - côté,,,,,,,,,,,1,2,1,1,3.0
201600031150,0016-07-22 16:00:00,16,7,22,16,0,620,573,"sans, BEUGNET (R CASIMIR",50.49555,2.90166,Plein jour,En agglomération,Autre intersection,Normale,Deux véhicules - côté,,,,,,,,,,,1,2,9,1,3.0
201600031151,0016-07-31 16:00:00,16,7,31,16,0,620,510,"149, DEFERNEZ (R JEAN BA",50.42216,2.7813,Plein jour,En agglomération,Hors intersection,Normale,Autre collision,,,,,,,,,,,1,2,1,1,6.0
201600031152,0016-07-12 15:45:00,16,7,12,15,45,620,498,"., VARSOVIE (AV. DE)",50.42824,2.83684,Plein jour,En agglomération,Hors intersection,Normale,Sans collision,,,,,,,,,,,1,2,1,1,7.0
201600031153,0016-08-11 18:40:00,16,8,11,18,40,620,291,"sans, Parking Marie BLAC",50.41895,2.81899,Plein jour,En agglomération,Hors intersection,Normale,Autre collision,,,,,,,,,,,1,2,1,1,6.0
201600031154,0016-07-23 23:20:00,16,7,23,23,20,620,771,"sans, DOURGES (R DE)",50.41836,2.88433,Nuit avec éclairage allumé,En agglomération,Intersection en X,Normale,Deux véhicules - côté,,,,,,,,,,,5,2,2,1,3.0
201600031155,0016-07-29 18:00:00,16,7,29,18,0,620,186,"SANS, VOLTAIRE (R )",50.44755,2.72369,Plein jour,En agglomération,Intersection en X,Normale,Deux véhicules - côté,,,,,,,,,,,1,2,2,1,3.0
201600031156,0016-07-16 19:00:00,16,7,16,19,0,620,215,"sans, LENS (RTE DE)",50.4912,2.9873,Plein jour,Hors agglomération,Hors intersection,Normale,Deux véhicules - frontale,,,,,,,,,,,1,1,1,1,1.0
201600031157,0016-08-16 12:00:00,16,8,16,12,0,620,186,"53, DEBEAUMONT (R EDMOND",50.44172,2.72686,Plein jour,En agglomération,Hors intersection,Normale,Deux véhicules - arrière,,,,,,,,,,,1,2,1,1,2.0
201600031158,0016-08-05 20:20:00,16,8,5,20,20,620,842,"sans, NOBEL (R ALFRED)",50.45938,2.84261,Crépuscule ou aube,En agglomération,Hors intersection,Normale,Deux véhicules - arrière,,,,,,,,,,,2,2,1,1,2.0
201600031159,0016-07-25 16:30:00,16,7,25,16,30,620,250,"sans, SALENGRO (R ROGER)",50.45759,2.94688,Plein jour,En agglomération,Intersection en T,Normale,Deux véhicules - frontale,,,,,,,,,,,1,2,3,1,1.0
201600031160,0016-06-19 17:00:00,16,6,19,17,0,620,33,"SANS, DEMEESTER (R DESPR",50.45766,2.87448,Plein jour,En agglomération,Hors intersection,Normale,Deux véhicules - frontale,,,,,,,,,,,1,2,1,1,1.0
201600031161,0016-08-01 17:10:00,16,8,1,17,10,620,510,"sans, LECLERC (AV DU MAR",50.4216,2.76971,Plein jour,Hors agglomération,Hors intersection,Normale,Deux véhicules - côté,,,,,,,,,,,1,1,1,1,3.0
201600031162,0016-08-10 09:20:00,16,8,10,9,20,620,427,"16, CARNOT (PL.)",50.42046,2.94795,Plein jour,En agglomération,Hors intersection,Normale,Autre collision,,,,,,,,,,,1,2,1,1,6.0
201600031163,0016-08-21 23:00:00,16,8,21,23,0,620,427,"00, ALLENDE (BD DU PRESI",50.41964,2.93419,Nuit avec éclairage allumé,En agglomération,Hors intersection,Normale,Deux véhicules - frontale,,,,,,,,,,,5,2,1,1,1.0
201600031164,0016-08-18 16:30:00,16,8,18,16,30,620,498,"sans, ALAIN (R)",50.44412,2.82813,Plein jour,En agglomération,Hors intersection,Normale,Autre collision,,,,,,,,,,,1,2,1,1,6.0
201600031165,0016-08-29 20:00:00,16,8,29,20,0,620,32,"6, AIX (R D')",50.41334,2.74949,Plein jour,En agglomération,Hors intersection,Normale,Deux véhicules - frontale,,,,,,,,,,,1,2,1,1,1.0
201600031166,0016-08-27 22:30:00,16,8,27,22,30,620,464,"42, SALENGRO (R ROGER)",50.48972,2.80901,Plein jour,En agglomération,Hors intersection,Normale,Deux véhicules - côté,,,,,,,,,,,1,2,1,1,3.0
201600031167,0016-09-23 19:55:00,16,9,23,19,55,620,19,"sans, ARRAS (RTE D')",50.42589,2.71246,Plein jour,En agglomération,Hors intersection,Normale,Deux véhicules - côté,,,,,,,,,,,1,2,1,1,3.0
201600031168,0016-08-27 14:05:00,16,8,27,14,5,620,628,ALSACE (R D'),50.42354,2.88838,Plein jour,En agglomération,Intersection en X,Normale,Deux véhicules - côté,,,,,,,,,,,1,2,2,1,3.0
201600031169,0016-08-26 14:50:00,16,8,26,14,50,620,186,"90, BEUGNET (R CASIMIR )",50.45685,2.72123,Plein jour,En agglomération,Hors intersection,Normale,Autre collision,,,,,,,,,,,1,2,1,1,6.0
201600031170,0016-08-29 15:30:00,16,8,29,15,30,620,386,"SANS, TARGUETTE (R DE LA",50.45098,2.74743,Plein jour,En agglomération,Intersection en X,Normale,Deux véhicules - côté,,,,,,,,,,,1,2,2,1,3.0
201600031171,0016-08-16 19:55:00,16,8,16,19,55,620,133,"sans, BEUGNET (R CASIMIR",50.41353,2.9131,Plein jour,En agglomération,Hors intersection,Normale,Autre collision,,,,,,,,,,,1,2,1,1,6.0
201600031172,0016-08-26 10:25:00,16,8,26,10,25,620,427,"481, ABBAYE (R DE L' )",50.42478,2.94392,Plein jour,En agglomération,Intersection en Y,Normale,Deux véhicules - côté,,,,,,,,,,,1,2,4,1,3.0
201600031173,0016-10-01 17:15:00,16,10,1,17,15,620,498,"sans, ARTOIS (R D')",50.44035,2.79169,Plein jour,En agglomération,Intersection en X,Temps couvert,Deux véhicules - frontale,,,,,,,,,,,1,2,2,8,1.0
201600031174,0016-09-13 12:05:00,16,9,13,12,5,620,510,MITTERAND (AV FRANCOIS),50.42407,2.78125,Plein jour,En agglomération,Hors intersection,Normale,Deux véhicules - côté,,,,,,,,,,,1,2,1,1,3.0
201600031175,0016-09-01 19:00:00,16,9,1,19,0,620,895,"88, SALENGRO (R ROGER)",50.48874,2.85202,Plein jour,En agglomération,Hors intersection,Normale,Autre collision,,,,,,,,,,,1,2,1,1,6.0
201600031176,0016-08-21 12:15:00,16,8,21,12,15,620,413,"sans, VALOIS (CHE.)",50.44952,2.91022,Plein jour,En agglomération,Intersection en T,Normale,Deux véhicules - côté,,,,,,,,,,,1,2,3,1,3.0
201600031177,0016-10-12 12:12:00,16,10,12,12,12,620,510,"110 bis, GUESDE (R JULES",50.43316,2.78096,Plein jour,En agglomération,Hors intersection,Normale,Autre collision,,,,,,,,,,,1,2,1,1,6.0
201600031178,0016-09-14 12:00:00,16,9,14,12,0,620,528,"103, CONDE (R)",50.45377,2.78592,Plein jour,Hors agglomération,Hors intersection,Normale,Deux véhicules - arrière,,,,,,,,,,,1,1,1,1,2.0
201600031179,0016-09-20 18:50:00,16,9,20,18,50,620,498,"SANS, BASSEE (RTE DE LA)",50.4443,2.81973,Plein jour,En agglomération,Hors intersection,Normale,Deux véhicules - arrière,,,,,,,,,,,1,2,1,1,2.0
201600031180,0016-10-07 19:10:00,16,10,7,19,10,620,413,BELGRADE (R DE),50.44368,2.89603,Crépuscule ou aube,En agglomération,Intersection en X,Normale,Deux véhicules - arrière,,,,,,,,,,,2,2,2,1,2.0
201600031181,0016-09-03 09:50:00,16,9,3,9,50,620,427,"0, REPUBLIQUE (PL. DE LA",50.42186,2.94775,Plein jour,En agglomération,Autre intersection,Normale,Autre collision,,,,,,,,,,,1,2,9,1,6.0
201600031182,0016-10-13 15:10:00,16,10,13,15,10,620,628,"sans, COURTAIGNE (R DE)",50.42883,2.87655,Plein jour,En agglomération,Intersection en X,Normale,Trois véhicules et plus - collisions multiples,,,,,,,,,,,1,2,2,1,5.0
201600031183,0016-09-04 12:15:00,16,9,4,12,15,620,413,"27, STALINGRAD (R DE)",50.44543,2.9012,Plein jour,En agglomération,Autre intersection,Normale,Autre collision,,,,,,,,,,,1,2,9,1,6.0
201600031184,0016-09-11 05:55:00,16,9,11,5,55,620,427,"SANS, PRUVOST (R LEON)",50.42447,2.95849,Crépuscule ou aube,En agglomération,Intersection en X,Normale,Deux véhicules - côté,,,,,,,,,,,2,2,2,1,3.0