accident_id,datetime,annee,mois,jour,heure,minute,departement,commune_insee,adresse,latitude,longitude,luminosite,agglomeration,intersection,meteo,collision,nb_vehicules,nb_usagers,nb_indemnes,nb_tues,nb_blesses_hosp,nb_blesses_legers,age_cond_1,age_cond_2,veh_type_cond_1,veh_type_cond_2,lum_code,agg_code,int_code,atm_code,col_code
201600031185,0016-09-29 17:35:00,16,9,29,17,35,620,19,"31, ARRAS (RTE D')",50.42506,2.71373,Plein jour,En agglomération,Intersection en T,Normale,Deux véhicules - côté,,,,,,,,,,,1,2,3,1,3.0
201600031186,0016-10-12 11:00:00,16,10,12,11,0,620,528,"135, SALENGRO (R ROGER)",50.44981,2.79884,Plein jour,En agglomération,Intersection en T,Pluie légère,Deux véhicules - côté,,,,,,,,,,,1,2,3,2,3.0
201600031187,0016-10-11 16:50:00,16,10,11,16,50,620,587,"0, MOULIN (R DU)",50.42304,2.9356,Plein jour,En agglomération,Hors intersection,Normale,Autre collision,,,,,,,,,,,1,2,1,1,6.0
201600031188,0016-10-12 11:05:00,16,10,12,11,5,620,351,"55, SALENGRO (R ROGER )",50.41987,2.8941,Plein jour,En agglomération,Hors intersection,Pluie légère,Deux véhicules - côté,,,,,,,,,,,1,2,1,2,3.0
201600031189,0016-11-05 12:30:00,16,11,5,12,30,620,427,"00, SIX JUIN 1944 (R DU)",50.42566,2.95367,Plein jour,En agglomération,Giratoire,Normale,Deux véhicules - côté,,,,,,,,,,,1,2,6,1,3.0
201600031190,0016-10-04 17:50:00,16,10,4,17,50,620,250,"SANS, LEPOIVRE (R DES FR",50.45308,2.94474,Plein jour,En agglomération,Hors intersection,Normale,Autre collision,,,,,,,,,,,1,2,1,1,6.0
201600031191,0016-11-08 19:30:00,16,11,8,19,30,620,498,GARE (R DE LA),50.42713,2.83012,Nuit avec éclairage allumé,En agglomération,Autre intersection,Normale,Deux véhicules - côté,,,,,,,,,,,5,2,9,1,3.0
201600031192,0016-10-12 10:00:00,16,10,12,10,0,620,498,"sans, VAN PELT (AV. ALFR",50.42857,2.83471,Plein jour,En agglomération,Intersection en X,Pluie légère,Deux véhicules - côté,,,,,,,,,,,1,2,2,2,3.0
201600031193,0016-10-30 10:00:00,16,10,30,10,0,620,510,"sans, MONTGOLFIER (R)",50.43445,2.79189,Plein jour,En agglomération,Giratoire,Normale,Deux véhicules - arrière,,,,,,,,,,,1,2,6,1,2.0
201600031194,0016-10-21 08:50:00,16,10,21,8,50,620,842,ZI (BOIS RIGAULT),50.46326,2.83162,Plein jour,Hors agglomération,Hors intersection,Brouillard / fumée,Autre collision,,,,,,,,,,,1,1,1,5,6.0
201600031195,0016-11-01 00:15:00,16,11,1,0,15,620,498,SAINT THEODORE (R ),50.42734,2.81509,Nuit avec éclairage allumé,En agglomération,Intersection en X,Normale,Deux véhicules - frontale,,,,,,,,,,,5,2,2,1,1.0
201600031196,0016-11-23 15:35:00,16,11,23,15,35,620,498,"sans, DECROMBECQUE (GUIS",50.43204,2.82855,Plein jour,En agglomération,Intersection en T,Normale,Autre collision,,,,,,,,,,,1,2,3,1,6.0
201600031197,0016-11-08 13:20:00,16,11,8,13,20,620,510,"2, JACOB (R FRANCOIS)",50.42946,2.75892,Plein jour,En agglomération,Hors intersection,Normale,Deux véhicules - côté,,,,,,,,,,,1,2,1,1,3.0
201600031198,0016-10-06 17:25:00,16,10,6,17,25,620,523,"sans, ROUSSEAU (R JEAN J",50.43778,2.86218,Plein jour,En agglomération,Hors intersection,Normale,Sans collision,,,,,,,,,,,1,2,1,1,7.0
201600031199,0016-11-27 15:15:00,16,11,27,15,15,620,842,"sans, HUIT MAI (R DU)",50.46137,2.85646,Plein jour,En agglomération,Intersection en X,Normale,Deux véhicules - côté,,,,,,,,,,,1,2,2,1,3.0
201600031200,0016-11-04 17:25:00,16,11,4,17,25,620,510,CD 58,50.43701,2.75025,Crépuscule ou aube,Hors agglomération,Hors intersection,Pluie légère,Deux véhicules - côté,,,,,,,,,,,2,1,1,2,3.0
201600031201,0016-11-09 03:35:00,16,11,9,3,35,620,133,"SANS, BARBUSSE (R HENRI",50.41975,2.90614,Nuit avec éclairage allumé,En agglomération,Giratoire,Pluie légère,Autre collision,,,,,,,,,,,5,2,6,2,6.0
201600031202,0016-11-24 15:50:00,16,11,24,15,50,620,291,"., FRANCE (BD MENDES)",50.41775,2.81964,Plein jour,En agglomération,Hors intersection,Normale,Sans collision,,,,,,,,,,,1,2,1,1,7.0
201600031203,0016-09-23 20:20:00,16,9,23,20,20,620,510,"sans, MITTERAND (AV FRAN",50.4229,2.7774,Nuit avec éclairage non allumé,En agglomération,Giratoire,Normale,Autre collision,,,,,,,,,,,4,2,6,1,6.0
201600031204,0016-09-27 08:30:00,16,9,27,8,30,620,215,"SANS, NATIONALE 17  (RTE",50.47998,2.95118,Plein jour,En agglomération,Hors intersection,Normale,Deux véhicules - frontale,,,,,,,,,,,1,2,1,1,1.0
201600031205,0016-10-15 08:50:00,16,10,15,8,50,620,842,"sans, ZONE COMMERCIALE C",50.46102,2.81563,Plein jour,Hors agglomération,Hors intersection,Normale,Autre collision,,,,,,,,,,,1,1,1,1,6.0
201600031206,0016-11-15 07:30:00,16,11,15,7,30,620,427,CARNOT (PL.),50.42046,2.94863,Plein jour,Hors agglomération,Hors intersection,Normale,Autre collision,,,,,,,,,,,1,1,1,1,6.0
201600031207,0016-12-12 17:30:00,16,12,12,17,30,620,427,"0, ABBAYE (R DE L' )",50.42294,2.9455,Crépuscule ou aube,En agglomération,Intersection en T,Pluie légère,Deux véhicules - côté,,,,,,,,,,,2,2,3,2,3.0
201600031208,0016-10-28 16:30:00,16,10,28,16,30,620,186,"17, EGALITE (R DE L')",50.44829,2.71672,Plein jour,En agglomération,Hors intersection,Normale,Autre collision,,,,,,,,,,,1,2,1,1,6.0
201600031209,0016-12-09 17:30:00,16,12,9,17,30,620,479,"1, Roger Salengro, rue",,,Nuit sans éclairage public,Hors agglomération,Intersection en X,Temps couvert,Deux véhicules - côté,,,,,,,,,,,3,1,2,8,3.0
201600031210,0016-01-26 08:00:00,16,1,26,8,0,620,555,"106, PASTEUR ( RUE LOUIS",50.5051,2.51204,Plein jour,En agglomération,Hors intersection,Normale,Autre collision,,,,,,,,,,,1,2,1,1,6.0
201600031211,0016-02-19 19:00:00,16,2,19,19,0,620,194,BRUNEHAUT ( CHAUSSEE ) C,50.4822,2.47539,Nuit avec éclairage allumé,En agglomération,Hors intersection,Pluie légère,Autre collision,,,,,,,,,,,5,2,1,2,6.0
201600031212,0016-02-22 19:50:00,16,2,22,19,50,620,555,BLUM (RUE LEON),50.50724,2.50685,Crépuscule ou aube,En agglomération,Intersection en T,Pluie légère,Deux véhicules - frontale,,,,,,,,,,,2,2,3,2,1.0
201600031213,0016-04-03 10:45:00,16,4,3,10,45,620,194,"102, MANCEY ( RUE ANDRE",50.48448,2.48043,Plein jour,En agglomération,Hors intersection,Normale,Autre collision,,,,,,,,,,,1,2,1,1,6.0
201600031214,0016-04-15 16:45:00,16,4,15,16,45,620,194,HOUDAIN ( RUE D' ),50.49381,2.48113,Plein jour,En agglomération,Intersection en X,Normale,Deux véhicules - côté,,,,,,,,,,,1,2,2,1,3.0
201600031215,0016-08-27 18:06:00,16,8,27,18,6,620,194,"01, BRUNEHAUT ( CHAUSSEE",50.48423,2.4727,Plein jour,En agglomération,Hors intersection,Normale,Trois véhicules et plus - collisions multiples,,,,,,,,,,,1,2,1,1,5.0
201600031216,0016-09-08 14:10:00,16,9,8,14,10,620,224,LILLERS (RUE DE),50.54103,2.56193,Plein jour,En agglomération,Intersection en T,Normale,Deux véhicules - côté,,,,,,,,,,,1,2,3,1,3.0
201600031217,0016-09-28 12:20:00,16,9,28,12,20,620,224,"1, SAINT SAUVEUR (PLACE)",50.53822,2.56648,Plein jour,En agglomération,Intersection en T,Normale,Deux véhicules - frontale,,,,,,,,,,,1,2,3,1,1.0
201600031218,0016-10-23 03:40:00,16,10,23,3,40,620,489,"301, GAMBETTA ( rue Lon",50.51491,2.53375,Nuit avec éclairage allumé,En agglomération,Hors intersection,Normale,Autre collision,,,,,,,,,,,5,2,1,1,6.0
201600031219,0016-11-28 18:50:00,16,11,28,18,50,620,194,"33A, BRUNEHAUT ( CHAUSSE",50.4815,2.47638,Nuit avec éclairage allumé,En agglomération,Intersection en T,Normale,Deux véhicules - côté,,,,,,,,,,,5,2,3,1,3.0
201600031220,0016-12-16 08:00:00,16,12,16,8,0,620,555,LABUISSIERE (CHEMIN DE ),50.49946,2.52059,Plein jour,Hors agglomération,Hors intersection,Normale,Deux véhicules - frontale,,,,,,,,,,,1,1,1,1,1.0
201600031221,0016-03-17 08:20:00,16,3,17,8,20,620,83,"3, ORLEANS (RUE D')",50.45332,2.61599,Plein jour,En agglomération,Giratoire,Normale,Autre collision,,,,,,,,,,,1,2,6,1,6.0
201600031222,0016-04-10 16:00:00,16,4,10,16,0,620,737,PASTEUR (RUE),50.44589,2.67763,Plein jour,En agglomération,Hors intersection,Temps éblouissant,Autre collision,,,,,,,,,,,1,2,1,7,6.0
201600031223,0016-05-04 18:40:00,16,5,4,18,40,620,737,NATIONALE (ROUTE) CD937,50.45133,2.68708,Plein jour,En agglomération,Intersection en X,Normale,Deux véhicules - côté,,,,,,,,,,,1,2,2,1,3.0
201600031224,0016-08-26 07:40:00,16,8,26,7,40,620,456,"000000001, BARLIN (RUE D",50.48253,2.62434,Plein jour,Hors agglomération,Hors intersection,Normale,Deux véhicules - frontale,,,,,,,,,,,1,1,1,1,1.0
201600031225,0016-10-14 16:35:00,16,10,14,16,35,620,737,"40, JAURES (RUE JEAN)",50.45003,2.68496,Plein jour,En agglomération,Hors intersection,Normale,Autre collision,,,,,,,,,,,1,2,1,1,6.0
201600031226,0016-11-18 11:10:00,16,11,18,11,10,620,617,"176, ROUTE NATIONALE (CD",50.47914,2.66422,Plein jour,En agglomération,Hors intersection,Normale,Autre collision,,,,,,,,,,,1,2,1,1,6.0
201600031227,0016-11-28 16:10:00,16,11,28,16,10,620,83,VERSAILLES (RUE DE),50.45728,2.62249,Plein jour,En agglomération,Hors intersection,Normale,Autre collision,,,,,,,,,,,1,2,1,1,6.0
201600031228,0016-08-27 11:45:00,16,8,27,11,45,620,617,"176, ROUTE NATIONALE (CD",50.47917,2.66434,Plein jour,En agglomération,Hors intersection,Normale,Deux véhicules - arrière,,,,,,,,,,,1,2,1,1,2.0
201600031229,0016-12-18 16:25:00,16,12,18,16,25,620,617,"477, ROUTE NATIONALE (CD",50.46434,2.67543,Plein jour,En agglomération,Hors intersection,Normale,Autre collision,,,,,,,,,,,1,2,1,1,6.0
201600031230,0016-05-15 13:15:00,16,5,15,13,15,620,765,SAINT MOMELIN (ROUTE DE.,50.78711,2.25146,Plein jour,En agglomération,Hors intersection,Normale,Sans collision,,,,,,,,,,,1,2,1,1,7.0
201600031231,0016-05-24 21:40:00,16,5,24,21,40,620,40,ROCADE (DEVIATION D'ARQU,50.71422,2.30613,Nuit sans éclairage public,Hors agglomération,Hors intersection,Normale,Deux véhicules - arrière,,,,,,,,,,,3,1,1,1,2.0
201600031232,0016-06-17 10:50:00,16,6,17,10,50,620,765,ESPLANADE (RUE DE L'....,50.75166,2.25581,Plein jour,En agglomération,Hors intersection,Pluie forte,Autre collision,,,,,,,,,,,1,2,1,3,6.0
201600031233,0016-06-14 17:44:00,16,6,14,17,44,620,765,VAUBAN (BD.........),50.74576,2.25261,Plein jour,En agglomération,Intersection en T,Normale,Deux véhicules - côté,,,,,,,,,,,1,2,3,1,3.0
201600031234,0016-12-17 19:45:00,16,12,17,19,45,620,525,BLUM (AVE LEON....DE 55,50.74078,2.27196,Nuit avec éclairage allumé,En agglomération,Giratoire,Normale,Deux véhicules - côté,,,,,,,,,,,5,2,6,1,3.0
201600031235,0016-01-30 23:45:00,16,1,30,23,45,620,826,LOUIS ABOUDARAM (AVENUE),50.51739,1.58955,Nuit avec éclairage allumé,En agglomération,Giratoire,Temps couvert,Sans collision,,,,,,,,,,,5,2,6,8,7.0
201600031236,0016-02-08 08:00:00,16,2,8,8,0,620,826,"62, DALOZ (BOULEVARD)",50.52286,1.58781,Crépuscule ou aube,En agglomération,Intersection en X,Pluie légère,Deux véhicules - côté,,,,,,,,,,,2,2,2,2,3.0
201600031237,0016-02-12 22:20:00,16,2,12,22,20,620,826,"1, DIX HUIT JUIN (AVENUE",50.52624,1.59769,Nuit avec éclairage allumé,En agglomération,Hors intersection,Normale,Autre collision,,,,,,,,,,,5,2,1,1,6.0
201600031238,0016-02-25 18:05:00,16,2,25,18,5,620,826,"2, CHATEAU (AVENUE DU)",50.31054,1.35461,Plein jour,En agglomération,Hors intersection,Normale,Deux véhicules - côté,,,,,,,,,,,1,2,1,1,3.0
201600031239,0016-03-08 11:50:00,16,3,8,11,50,620,826,"19, VERGER (AVENUE DU)",50.52255,1.58862,Plein jour,En agglomération,Hors intersection,Normale,Autre collision,,,,,,,,,,,1,2,1,1,6.0
201600031240,0016-05-01 15:10:00,16,5,1,15,10,620,826,"1, GOLF (AVENUE DU)",50.5141,1.60806,Plein jour,En agglomération,Giratoire,Normale,Sans collision,,,,,,,,,,,1,2,6,1,7.0
201600031241,0016-05-05 18:00:00,16,5,5,18,0,620,826,LONDRES (RUE DE),50.31338,1.35051,Plein jour,En agglomération,Intersection en X,Normale,Deux véhicules - côté,,,,,,,,,,,1,2,2,1,3.0
201600031242,0016-06-03 23:15:00,16,6,3,23,15,620,826,"121, LONDRES (RUE DE)",50.5206,1.58265,Nuit avec éclairage allumé,En agglomération,Intersection en X,Normale,Deux véhicules - côté,,,,,,,,,,,5,2,2,1,3.0
201600031243,0016-07-04 12:40:00,16,7,4,12,40,620,261,"1, FRANCOIS GODIN (AVENU",50.4859,1.6096,Plein jour,En agglomération,Hors intersection,Normale,Autre collision,,,,,,,,,,,1,2,1,1,6.0
201600031244,0016-07-17 16:40:00,16,7,17,16,40,620,826,DOROTHEE (RUE),50.51829,1.58275,Plein jour,En agglomération,Intersection en X,Normale,Deux véhicules - côté,,,,,,,,,,,1,2,2,1,3.0
201600031245,0016-07-19 21:28:00,16,7,19,21,28,620,826,DUNE AUX LOUPS (AVENUE D,50.51947,1.61014,Crépuscule ou aube,En agglomération,Hors intersection,Normale,Deux véhicules - frontale,,,,,,,,,,,2,2,1,1,1.0
201600031246,0016-08-18 03:25:00,16,8,18,3,25,620,826,PICARDIE (AVENUE DE),50.52615,1.59407,Nuit avec éclairage allumé,En agglomération,Hors intersection,Normale,Sans collision,,,,,,,,,,,5,2,1,1,7.0
201600031247,0016-09-09 17:10:00,16,9,9,17,10,620,826,"1, HERMITAGE (PLACE DE L",50.51934,1.59392,Plein jour,En agglomération,Hors intersection,Normale,Autre collision,,,,,,,,,,,1,2,1,1,6.0
201600031248,0016-09-09 17:55:00,16,9,9,17,55,620,826,"25, SAINT LOUIS (RUE)",50.52335,1.584,Plein jour,En agglomération,Intersection en X,Normale,Autre collision,,,,,,,,,,,1,2,2,1,6.0
201600031249,0016-10-02 08:35:00,16,10,2,8,35,620,826,"1264, PICARDIE (AVENUE D",50.52622,1.59239,Plein jour,En agglomération,Hors intersection,Normale,Autre collision,,,,,,,,,,,1,2,1,1,6.0
201600031250,0016-10-10 14:25:00,16,10,10,14,25,620,826,"1, PICARDIE (AVENUE DE)",50.51731,1.61018,Plein jour,En agglomération,Intersection en X,Temps couvert,Deux véhicules - côté,,,,,,,,,,,1,2,2,8,3.0
201600031251,0016-01-30 19:00:00,16,1,30,19,0,630,113,"2, COUBERTIN (RUE PIERRE",45.76911,3.0836,Plein jour,Hors agglomération,Hors intersection,Normale,Autre collision,,,,,,,,,,,1,1,1,1,6.0
201600031252,0016-09-09 17:30:00,16,9,9,17,30,630,113,"., BERTHELOT (BOULEVARD)",45.78128,3.07087,Plein jour,En agglomération,Hors intersection,Normale,Autre collision,,,,,,,,,,,1,2,1,1,6.0
201600031253,0016-01-23 20:45:00,16,1,23,20,45,630,113,31 BUGHES (PLACE DES),45.78529,3.08772,Nuit avec éclairage allumé,En agglomération,Hors intersection,Autre,Deux véhicules - côté,,,,,,,,,,,5,2,1,9,3.0
201600031254,0016-12-29 18:15:00,16,12,29,18,15,630,113,"151, BLUM (AVENUE LEON)",45.76271,3.09959,Nuit avec éclairage allumé,En agglomération,Hors intersection,Normale,Autre collision,,,,,,,,,,,5,2,1,1,6.0
201600031255,0016-02-05 19:00:00,16,2,5,19,0,630,113,"., FLAUBERT (BD GUSTAVE)",45.7641,3.1259,Nuit avec éclairage allumé,En agglomération,Giratoire,Normale,Deux véhicules - côté,,,,,,,,,,,5,2,6,1,3.0
201600031256,0016-10-01 22:15:00,16,10,1,22,15,630,113,DUMAS(BD J.BAPTISTE),45.78716,3.08458,Nuit avec éclairage allumé,En agglomération,Autre intersection,Normale,Deux véhicules - côté,,,,,,,,,,,5,2,9,1,3.0
201600031257,0016-01-19 07:30:00,16,1,19,7,30,630,113,"133, BLUM (AVENUE LEON)",45.7647,3.09779,Nuit avec éclairage allumé,En agglomération,Intersection en X,Temps couvert,Autre collision,,,,,,,,,,,5,2,2,8,6.0
201600031258,0016-10-03 13:55:00,16,10,3,13,55,630,113,CHURCHILL (BD WINSTON),45.76084,3.09213,Plein jour,En agglomération,Hors intersection,Normale,Deux véhicules - arrière,,,,,,,,,,,1,2,1,1,2.0
201600031259,0016-03-01 19:50:00,16,3,1,19,50,630,113,CLEMENTEL (BD ETIENNE),45.8099,3.10922,Nuit avec éclairage allumé,En agglomération,Intersection en X,Normale,Deux véhicules - côté,,,,,,,,,,,5,2,2,1,3.0
201600031260,0016-11-01 06:00:00,16,11,1,6,0,630,75,"2, BERGOUGNAN (AV)",45.77939,3.06816,Nuit avec éclairage allumé,En agglomération,Hors intersection,Normale,Autre collision,,,,,,,,,,,5,2,1,1,6.0
201600031261,0016-11-29 11:00:00,16,11,29,11,0,630,113,LANDAIS (AVENUE DES),45.7639,3.11565,Plein jour,En agglomération,Hors intersection,Normale,Autre collision,,,,,,,,,,,1,2,1,1,6.0
201600031262,0016-03-29 11:45:00,16,3,29,11,45,630,113,DOLET (RUE ETIENNE),45.7657,3.0865,Plein jour,En agglomération,Autre intersection,Normale,Deux véhicules - côté,,,,,,,,,,,1,2,9,1,3.0
201600031263,0016-04-23 09:55:00,16,4,23,9,55,630,32,GERGOVIE (RUE DE),45.7493,3.088,Plein jour,En agglomération,Giratoire,Normale,Autre collision,,,,,,,,,,,1,2,6,1,6.0
201600031264,0016-10-04 23:00:00,16,10,4,23,0,630,113,ITALIE (AV DE L'),45.77916,3.09593,Nuit avec éclairage allumé,En agglomération,Intersection en X,Normale,Deux véhicules - côté,,,,,,,,,,,5,2,2,1,3.0
201600031265,0016-04-23 15:00:00,16,4,23,15,0,630,113,".., RODDIER (RUE GILBERT",45.8049,3.1079,Plein jour,En agglomération,Hors intersection,Normale,Autre collision,,,,,,,,,,,1,2,1,1,6.0
201600031266,0016-05-17 18:25:00,16,5,17,18,25,630,113,CRISTAL (AVENUE ERNEST),45.7596,3.14216,Plein jour,Hors agglomération,Autre intersection,Normale,Deux véhicules - côté,,,,,,,,,,,1,1,9,1,3.0
201600031267,0016-10-06 10:45:00,16,10,6,10,45,630,113,CLAUDIUS(CHAUSSEE),45.784,3.099,Plein jour,En agglomération,Hors intersection,Normale,Autre collision,,,,,,,,,,,1,2,1,1,6.0
201600031268,0016-05-20 15:45:00,16,5,20,15,45,630,113,"..., POMPIDOU (BD GEORGE",45.80912,3.1316,Plein jour,Hors agglomération,Hors intersection,Normale,Deux véhicules - frontale,,,,,,,,,,,1,1,1,1,1.0
201600031269,0016-05-06 22:27:00,16,5,6,22,27,630,113,"65, CHANELLES (RUE DES)",45.78998,3.0785,Nuit avec éclairage allumé,En agglomération,Hors intersection,Normale,Deux véhicules - frontale,,,,,,,,,,,5,2,1,1,1.0
201600031270,0016-05-27 01:10:00,16,5,27,1,10,630,113,POINCARE (COURS RAYMOND),45.7694,3.09005,Nuit avec éclairage allumé,En agglomération,Intersection en X,Normale,Deux véhicules - côté,,,,,,,,,,,5,2,2,1,3.0
201600031271,0016-05-21 20:45:00,16,5,21,20,45,630,113,SOUS LES VIGNES (RUE),45.79529,3.1021,Plein jour,En agglomération,Hors intersection,Normale,Autre collision,,,,,,,,,,,1,2,1,1,6.0
201600031272,0016-06-14 09:15:00,16,6,14,9,15,630,113,"158, BLUM (AVENUE LEON)",45.762,3.0999,Plein jour,En agglomération,Hors intersection,Temps couvert,Autre collision,,,,,,,,,,,1,2,1,8,6.0
201600031273,0016-06-30 09:00:00,16,6,30,9,0,630,113,"51, BARBIER DAUBREE (AVE",45.7867,3.0916,Plein jour,En agglomération,Intersection en Y,Normale,Autre collision,,,,,,,,,,,1,2,4,1,6.0
201600031274,0016-07-12 19:05:00,16,7,12,19,5,630,113,av charras coiffeur,45.77952,3.09765,Plein jour,En agglomération,Hors intersection,Normale,Autre collision,,,,,,,,,,,1,2,1,1,6.0
201600031275,0016-07-18 08:05:00,16,7,18,8,5,630,113,"1, PUY DE DOME (AVENUE D",45.78597,3.06429,Plein jour,En agglomération,Hors intersection,Normale,Deux véhicules - arrière,,,,,,,,,,,1,2,1,1,2.0
201600031276,0016-06-02 15:45:00,16,6,2,15,45,630,113,".., PLANCHETTES (RUE DES",45.79703,3.1072,Plein jour,En agglomération,Hors intersection,Normale,Autre collision,,,,,,,,,,,1,2,1,1,6.0
201600031277,0016-07-28 11:20:00,16,7,28,11,20,630,113,"...., BRUGIERE (BD AMBRO",45.78969,3.11792,Plein jour,En agglomération,Intersection en X,Temps éblouissant,Deux véhicules - côté,,,,,,,,,,,1,2,2,7,3.0
201600031278,0016-08-07 05:15:00,16,8,7,5,15,630,113,FOREST (AVENUE FERNAN,45.79447,3.10155,Nuit avec éclairage allumé,Hors agglomération,Hors intersection,Normale,Deux véhicules - arrière,,,,,,,,,,,5,1,1,1,2.0
201600031279,0016-06-11 00:50:00,16,6,11,0,50,630,113,"33, MOULIN (BD JEAN)",45.7745,3.1196,Nuit avec éclairage allumé,En agglomération,Hors intersection,Normale,Autre collision,,,,,,,,,,,5,2,1,1,6.0
201600031280,0016-06-22 05:28:00,16,6,22,5,28,630,113,".., MICHELIN (AVENUE EDO",45.78075,3.10926,Nuit avec éclairage allumé,En agglomération,Intersection en X,Normale,Deux véhicules - côté,,,,,,,,,,,5,2,2,1,3.0
201600031281,0016-06-27 15:35:00,16,6,27,15,35,630,113,ITALIE (AVENUE DE L'),45.77839,3.09606,Plein jour,En agglomération,Hors intersection,Normale,Autre collision,,,,,,,,,,,1,2,1,1,6.0
201600031282,0016-08-06 01:00:00,16,8,6,1,0,630,113,"..., CHANELLES (RUE DES)",45.78814,3.08347,Nuit sans éclairage public,En agglomération,Intersection en T,Normale,Deux véhicules - frontale,,,,,,,,,,,3,2,3,1,1.0
201600031283,0016-08-27 10:35:00,16,8,27,10,35,630,308,"..., GRAVENOIRE (ROUTE D",45.75284,3.04209,Plein jour,Hors agglomération,Hors intersection,Normale,Autre collision,,,,,,,,,,,1,1,1,1,6.0
201600031284,0016-10-18 15:00:00,16,10,18,15,0,630,113,"1, LAFAYETTE (BD)",45.77383,3.08808,Plein jour,En agglomération,Hors intersection,Normale,Deux véhicules - arrière,,,,,,,,,,,1,2,1,1,2.0
201600031285,0016-02-01 07:46:00,16,2,1,7,46,630,113,"118, REPUBLIQUE (AVENUE",45.7889,3.1087,Nuit avec éclairage allumé,En agglomération,Hors intersection,Normale,Autre collision,,,,,,,,,,,5,2,1,1,6.0
201600031286,0016-11-28 09:15:00,16,11,28,9,15,630,113,"1, PUY DE DOME (AVENUE D",45.7854,3.0646,Plein jour,En agglomération,Hors intersection,Temps couvert,Autre collision,,,,,,,,,,,1,2,1,8,6.0
201600031287,0016-09-13 13:00:00,16,9,13,13,0,630,113,5 CARNOT (AVENUE),45.7762,3.09048,Plein jour,En agglomération,Hors intersection,Normale,Autre collision,,,,,,,,,,,1,2,1,1,6.0
201600031288,0016-11-21 18:50:00,16,11,21,18,50,630,113,chambrettes/meunier,45.7673,3.1046,Nuit sans éclairage public,En agglomération,Intersection en X,Pluie forte,Deux véhicules - côté,,,,,,,,,,,3,2,2,3,3.0
201600031289,0016-12-05 17:50:00,16,12,5,17,50,630,113,"13, ROOSEVELT (AVENUE FR",45.7769,3.0759,Nuit avec éclairage allumé,En agglomération,Hors intersection,Normale,Deux véhicules - côté,,,,,,,,,,,5,2,1,1,3.0
201600031290,0016-12-16 08:20:00,16,12,16,8,20,630,14,FOISSES (RUE DES),45.7527,3.1114,Plein jour,En agglomération,Intersection en X,Normale,Deux véhicules - frontale,,,,,,,,,,,1,2,2,1,1.0
201600031291,0016-12-24 01:40:00,16,12,24,1,40,630,32,"72, MONT-DORE (AVENUE DU",45.7482,3.0772,Nuit avec éclairage allumé,En agglomération,Hors intersection,Normale,Deux véhicules - frontale,,,,,,,,,,,5,2,1,1,1.0
201600031292,0016-01-23 21:30:00,16,1,23,21,30,630,69,MARTRES (ROUTE DES),45.71054,3.19834,Nuit sans éclairage public,Hors agglomération,Hors intersection,Normale,Trois véhicules et plus - en chaîne,,,,,,,,,,,3,1,1,1,4.0
201600031293,0016-02-03 19:15:00,16,2,3,19,15,630,193,EUROPE (AVENUE DE L'),45.7767,3.18034,Crépuscule ou aube,En agglomération,Intersection en X,Normale,Deux véhicules - arrière,,,,,,,,,,,2,2,2,1,2.0
201600031294,0016-02-26 16:45:00,16,2,26,16,45,630,124,FOIRAIL (RUE DU),45.73158,3.20458,Plein jour,En agglomération,Giratoire,Normale,Autre collision,,,,,,,,,,,1,2,6,1,6.0
201600031295,0016-04-05 18:30:00,16,4,5,18,30,630,193,HALLSTADT (RUE DE),45.77202,3.1835,Crépuscule ou aube,En agglomération,Giratoire,Normale,Autre collision,,,,,,,,,,,2,2,6,1,6.0
201600031296,0016-04-26 17:40:00,16,4,26,17,40,630,124,AUBIERE (AV. D'),45.74339,3.16742,Plein jour,En agglomération,Intersection en X,Normale,Sans collision,,,,,,,,,,,1,2,2,1,7.0
201600031297,0016-06-14 15:25:00,16,6,14,15,25,630,124,FOIRAIL (RUE DU),45.73165,3.20457,Plein jour,En agglomération,Intersection en X,Normale,Deux véhicules - arrière,,,,,,,,,,,1,2,2,1,2.0
201600031298,0016-06-04 14:25:00,16,6,4,14,25,630,124,"26 BIS, LIBERATION (AV.",45.73541,3.19291,Plein jour,En agglomération,Hors intersection,Normale,Autre collision,,,,,,,,,,,1,2,1,1,6.0
201600031299,0016-07-23 19:20:00,16,7,23,19,20,630,124,CENDRE (ROUTE DU),45.7315,3.18299,Plein jour,En agglomération,Intersection en T,Normale,Deux véhicules - arrière,,,,,,,,,,,1,2,3,1,2.0
201600031300,0016-07-01 17:15:00,16,7,1,17,15,630,193,RD 52,45.772,3.2082,Plein jour,Hors agglomération,Intersection en X,Normale,Deux véhicules - côté,,,,,,,,,,,1,1,2,1,3.0
201600031301,0016-11-05 16:40:00,16,11,5,16,40,630,193,RD 52,45.78109,3.21034,Plein jour,Hors agglomération,Hors intersection,Pluie forte,Deux véhicules - côté,,,,,,,,,,,1,1,1,3,3.0
201600031302,0016-11-20 11:55:00,16,11,20,11,55,630,193,"24, MONTFERRAND (RUE DE)",45.77374,3.18471,Plein jour,En agglomération,Hors intersection,Normale,Deux véhicules - côté,,,,,,,,,,,1,2,1,1,3.0
201600031303,0016-03-15 12:00:00,16,3,15,12,0,630,63,"35, BLANZAT (RUE DE)",45.8313,3.08968,Plein jour,En agglomération,Intersection en T,Normale,Deux véhicules - côté,,,,,,,,,,,1,2,3,1,3.0
201600031304,0016-04-09 21:20:00,16,4,9,21,20,630,63,RD2,45.8337,3.0874,Nuit avec éclairage allumé,En agglomération,Intersection en X,Normale,Autre collision,,,,,,,,,,,5,2,2,1,6.0