accident_id,datetime,annee,mois,jour,heure,minute,departement,commune_insee,adresse,latitude,longitude,luminosite,agglomeration,intersection,meteo,collision,nb_vehicules,nb_usagers,nb_indemnes,nb_tues,nb_blesses_hosp,nb_blesses_legers,age_cond_1,age_cond_2,veh_type_cond_1,veh_type_cond_2,lum_code,agg_code,int_code,atm_code,col_code
201600031548,0016-02-27 21:40:00,16,2,27,21,40,640,445,PLACE PEYROULET,43.3042,-0.35658,Nuit avec éclairage allumé,En agglomération,Giratoire,Pluie légère,Deux véhicules - côté,,,,,,,,,,,5,2,6,2,3.0
201600031549,0016-02-29 13:40:00,16,2,29,13,40,640,445,AVENUE COPERNIC,43.3246,-0.34282,Plein jour,En agglomération,Hors intersection,Normale,Autre collision,,,,,,,,,,,1,2,1,1,6.0
201600031550,0016-02-29 19:10:00,16,2,29,19,10,640,348,BV DE L'EUROPE,43.3305,-0.38526,Nuit avec éclairage allumé,En agglomération,Hors intersection,Normale,Deux véhicules - arrière,,,,,,,,,,,5,2,1,1,2.0
201600031551,0016-03-03 21:50:00,16,3,3,21,50,640,445,BOUL. ALSACE LORRAINE,43.30146,-0.35788,Nuit avec éclairage allumé,En agglomération,Hors intersection,Pluie légère,Autre collision,,,,,,,,,,,5,2,1,2,6.0
201600031552,0016-03-04 16:30:00,16,3,4,16,30,640,284,25 RUE OLLE LAPRUNE,43.28542,-0.3884,Plein jour,En agglomération,Hors intersection,Pluie légère,Autre collision,,,,,,,,,,,1,2,1,2,6.0
201600031553,0016-03-04 19:05:00,16,3,4,19,5,640,445,22 RUE D' ETIGNY,43.29603,-0.37858,Nuit avec éclairage allumé,En agglomération,Intersection en X,Pluie forte,Autre collision,,,,,,,,,,,5,2,2,3,6.0
201600031554,0016-03-04 21:15:00,16,3,4,21,15,640,269,"0, N117",43.29815,-0.30319,Nuit avec éclairage non allumé,En agglomération,Hors intersection,Pluie légère,Trois véhicules et plus - en chaîne,,,,,,,,,,,4,2,1,2,4.0
201600031555,0016-03-06 09:50:00,16,3,6,9,50,640,445,BOUL. ALSACE LORRAINE,43.30482,-0.37057,Plein jour,En agglomération,Intersection en T,Normale,Deux véhicules - côté,,,,,,,,,,,1,2,3,1,3.0
201600031556,0016-03-07 14:20:00,16,3,7,14,20,640,445,RUE EMILE GARET,43.30205,-0.36074,Plein jour,En agglomération,Intersection en T,Temps couvert,Deux véhicules - côté,,,,,,,,,,,1,2,3,8,3.0
201600031557,0016-03-07 15:50:00,16,3,7,15,50,640,445,BOUL. HAUTERIVE,43.32604,-0.34829,Plein jour,En agglomération,Autre intersection,Pluie légère,Autre collision,,,,,,,,,,,1,2,9,2,6.0
201600031558,0016-03-07 18:30:00,16,3,7,18,30,640,445,24 RUE VICTOR LADEVEZE,43.30819,-0.3758,Crépuscule ou aube,En agglomération,Hors intersection,Pluie légère,Autre collision,,,,,,,,,,,2,2,1,2,6.0
201600031559,0016-03-10 12:25:00,16,3,10,12,25,640,284,121 AVENUE RAUSKI,43.26202,-0.39022,Plein jour,En agglomération,Hors intersection,Normale,Deux véhicules - arrière,,,,,,,,,,,1,2,1,1,2.0
201600031560,0016-03-10 18:25:00,16,3,10,18,25,640,284,PONT D' ESPAGNE,43.29566,-0.38717,Crépuscule ou aube,En agglomération,Hors intersection,Normale,Deux véhicules - arrière,,,,,,,,,,,2,2,1,1,2.0
201600031561,0016-03-11 16:55:00,16,3,11,16,55,640,445,AVENUE DUFAU,43.30937,-0.36394,Plein jour,En agglomération,Intersection en X,Normale,Trois véhicules et plus - collisions multiples,,,,,,,,,,,1,2,2,1,5.0
201600031562,0016-03-12 14:00:00,16,3,12,14,0,640,335,AVENUE FRERES WRIGHT,43.35007,-0.38636,Plein jour,En agglomération,Hors intersection,Normale,Sans collision,,,,,,,,,,,1,2,1,1,7.0
201600031563,0016-03-12 16:05:00,16,3,12,16,5,640,445,8 RUE HENRI FAISANS,43.30052,-0.36032,Plein jour,En agglomération,Intersection en T,Normale,Deux véhicules - côté,,,,,,,,,,,1,2,3,1,3.0
201600031564,0016-03-14 20:15:00,16,3,14,20,15,640,445,AV DOYEN HENRY VIZIOZ,43.32033,-0.36806,Nuit avec éclairage allumé,En agglomération,Hors intersection,Normale,Deux véhicules - côté,,,,,,,,,,,5,2,1,1,3.0
201600031565,0016-03-15 16:00:00,16,3,15,16,0,640,445,AVENUE DUFAU,43.30607,-0.36706,Plein jour,En agglomération,Hors intersection,Normale,Autre collision,,,,,,,,,,,1,2,1,1,6.0
201600031566,0016-03-17 07:50:00,16,3,17,7,50,640,445,RUE HOO PARIS,43.3034,-0.36429,Plein jour,En agglomération,Intersection en T,Normale,Deux véhicules - frontale,,,,,,,,,,,1,2,3,1,1.0
201600031567,0016-03-17 14:50:00,16,3,17,14,50,640,445,ALLEE CONDORCET,43.31539,-0.36148,Plein jour,En agglomération,Hors intersection,Normale,Deux véhicules - arrière,,,,,,,,,,,1,2,1,1,2.0
201600031568,0016-03-18 09:30:00,16,3,18,9,30,640,269,40 ROUTE DE  TARBES,43.29777,-0.30176,Plein jour,En agglomération,Hors intersection,Normale,Deux véhicules - arrière,,,,,,,,,,,1,2,1,1,2.0
201600031569,0016-03-21 07:40:00,16,3,21,7,40,640,445,BOUL. ALSACE LORRAINE,43.30321,-0.36337,Plein jour,En agglomération,Hors intersection,Normale,Deux véhicules - côté,,,,,,,,,,,1,2,1,1,3.0
201600031570,0016-03-23 18:20:00,16,3,23,18,20,640,445,25 AVENUE DU BEZET,43.32635,-0.37406,Plein jour,En agglomération,Hors intersection,Normale,Deux véhicules - arrière,,,,,,,,,,,1,2,1,1,2.0
201600031571,0016-03-24 16:45:00,16,3,24,16,45,640,445,"14, JEAN MERMOZ",43.30647,-0.37627,Plein jour,En agglomération,Hors intersection,Normale,Autre collision,,,,,,,,,,,1,2,1,1,6.0
201600031572,0016-03-31 09:18:00,16,3,31,9,18,640,445,36 COURS LYAUTEY,43.30852,-0.36401,Plein jour,En agglomération,Hors intersection,Pluie légère,Deux véhicules - côté,,,,,,,,,,,1,2,1,2,3.0
201600031573,0016-04-01 13:55:00,16,4,1,13,55,640,348,MARTYRS DU PONT LONG,43.34354,-0.37978,Plein jour,En agglomération,Hors intersection,Normale,Deux véhicules - arrière,,,,,,,,,,,1,2,1,1,2.0
201600031574,0016-04-02 15:11:00,16,4,2,15,11,640,445,VICTOR SCHOELCHER,43.32146,-0.35916,Plein jour,En agglomération,Giratoire,Normale,Deux véhicules - côté,,,,,,,,,,,1,2,6,1,3.0
201600031575,0016-04-05 21:55:00,16,4,5,21,55,640,284,PONT D' ESPAGNE,43.29414,-0.38696,Nuit avec éclairage non allumé,En agglomération,Hors intersection,Pluie légère,Deux véhicules - arrière,,,,,,,,,,,4,2,1,2,2.0
201600031576,0016-04-06 14:35:00,16,4,6,14,35,640,335,RUE SAINTE-CATHERINE,43.32835,-0.43816,Plein jour,En agglomération,Hors intersection,Normale,Deux véhicules - arrière,,,,,,,,,,,1,2,1,1,2.0
201600031577,0016-04-07 21:00:00,16,4,7,21,0,640,129,AVENUE DE LA RESISTANCE,43.30901,-0.38561,Nuit avec éclairage allumé,En agglomération,Hors intersection,Normale,Deux véhicules - frontale,,,,,,,,,,,5,2,1,1,1.0
201600031578,0016-04-08 13:55:00,16,4,8,13,55,640,445,BOUL. ALSACE LORRAINE,43.30294,-0.36251,Plein jour,En agglomération,Hors intersection,Normale,Deux véhicules - arrière,,,,,,,,,,,1,2,1,1,2.0
201600031579,0016-04-10 17:10:00,16,4,10,17,10,640,445,ALLEE DU GRAND TOUR,43.2984,-0.3793,Plein jour,Hors agglomération,Hors intersection,Normale,Deux véhicules - côté,,,,,,,,,,,1,1,1,1,3.0
201600031580,0016-04-11 09:50:00,16,4,11,9,50,640,335,"0, LONS DE",43.32298,-0.42007,Plein jour,En agglomération,Hors intersection,Normale,Deux véhicules - côté,,,,,,,,,,,1,2,1,1,3.0
201600031581,0016-04-11 17:40:00,16,4,11,17,40,640,348,BOUL. CHARLES DE GAULLE,43.30786,-0.40636,Plein jour,En agglomération,Hors intersection,Normale,Deux véhicules - frontale,,,,,,,,,,,1,2,1,1,1.0
201600031582,0016-04-12 15:37:00,16,4,12,15,37,640,445,AVENUE GENERAL LECLERC,43.30316,-0.34937,Plein jour,En agglomération,Hors intersection,Normale,Autre collision,,,,,,,,,,,1,2,1,1,6.0
201600031583,0016-04-12 17:40:00,16,4,12,17,40,640,445,AV DU GENERAL LECLERC,43.30607,-0.33512,Plein jour,En agglomération,Hors intersection,Normale,Autre collision,,,,,,,,,,,1,2,1,1,6.0
201600031584,0016-04-14 15:15:00,16,4,14,15,15,640,348,BOULEVARD DE L'EUROPE,43.32454,-0.38771,Plein jour,En agglomération,Hors intersection,Normale,Deux véhicules - arrière,,,,,,,,,,,1,2,1,1,2.0
201600031585,0016-04-15 17:12:00,16,4,15,17,12,640,445,BOUL.BARBANEGRE,43.29689,-0.36396,Plein jour,En agglomération,Hors intersection,Normale,Trois véhicules et plus - collisions multiples,,,,,,,,,,,1,2,1,1,5.0
201600031586,0016-04-15 19:00:00,16,4,15,19,0,640,348,AVENUE DE SANTONA,43.32205,-0.39561,Plein jour,Hors agglomération,Hors intersection,Normale,Deux véhicules - frontale,,,,,,,,,,,1,1,1,1,1.0
201600031587,0016-04-16 14:30:00,16,4,16,14,30,640,348,AV ANDRE MARIE AMPERE,43.30977,-0.42381,Plein jour,En agglomération,Intersection en X,Normale,Deux véhicules - frontale,,,,,,,,,,,1,2,2,1,1.0
201600031588,0016-04-17 21:30:00,16,4,17,21,30,640,445,AV FRANCOIS MITTERAND,43.33029,-0.35526,Plein jour,En agglomération,Hors intersection,Normale,Deux véhicules - frontale,,,,,,,,,,,1,2,1,1,1.0
201600031589,0016-04-18 14:05:00,16,4,18,14,5,640,284,AV DU 18 JUIN 1940,43.29193,-0.40707,Plein jour,En agglomération,Hors intersection,Normale,Deux véhicules - côté,,,,,,,,,,,1,2,1,1,3.0
201600031590,0016-04-19 17:35:00,16,4,19,17,35,640,269,"21, PIERRE DE BELSUNCE",43.29484,-0.30734,Plein jour,En agglomération,Hors intersection,Normale,Deux véhicules - frontale,,,,,,,,,,,1,2,1,1,1.0
201600031591,0016-04-22 17:50:00,16,4,22,17,50,640,269,ROUTE DE TARBES,43.2992,-0.30688,Plein jour,En agglomération,Hors intersection,Normale,Trois véhicules et plus - en chaîne,,,,,,,,,,,1,2,1,1,4.0
201600031592,0016-04-22 19:30:00,16,4,22,19,30,640,445,BOUL. ALSACE LORRAINE,43.30395,-0.36609,Plein jour,En agglomération,Hors intersection,Normale,Deux véhicules - côté,,,,,,,,,,,1,2,1,1,3.0
201600031593,0016-04-23 17:45:00,16,4,23,17,45,640,445,RP BACHAGA BOUALAN,43.31637,-0.37475,Plein jour,En agglomération,Hors intersection,Pluie légère,Deux véhicules - arrière,,,,,,,,,,,1,2,1,2,2.0
201600031594,0016-04-24 10:45:00,16,4,24,10,45,640,445,RP BACHAGA BOUALAN,43.31634,-0.37479,Plein jour,En agglomération,Giratoire,Normale,Deux véhicules - côté,,,,,,,,,,,1,2,6,1,3.0
201600031595,0016-04-24 17:25:00,16,4,24,17,25,640,335,RD 817,43.33727,-0.46036,Plein jour,Hors agglomération,Hors intersection,Normale,Autre collision,,,,,,,,,,,1,1,1,1,6.0
201600031596,0016-04-28 08:10:00,16,4,28,8,10,640,373,RUE DU 8 MAI 1945,43.28064,-0.35473,Plein jour,En agglomération,Hors intersection,Normale,Deux véhicules - frontale,,,,,,,,,,,1,2,1,1,1.0
201600031597,0016-05-02 11:00:00,16,5,2,11,0,640,445,18 RUE GALOS,43.29926,-0.36796,Plein jour,En agglomération,Hors intersection,Normale,Autre collision,,,,,,,,,,,1,2,1,1,6.0
201600031598,0016-05-04 16:45:00,16,5,4,16,45,640,445,234 AV JEAN MERMOZ,43.3219,-0.3791,Plein jour,En agglomération,Hors intersection,Normale,Deux véhicules - côté,,,,,,,,,,,1,2,1,1,3.0
201600031599,0016-05-04 19:00:00,16,5,4,19,0,640,132,BOUL. RENE MOUCHOTTE,43.30263,-0.31904,Crépuscule ou aube,En agglomération,Hors intersection,Normale,Deux véhicules - côté,,,,,,,,,,,2,2,1,1,3.0
201600031600,0016-05-06 17:30:00,16,5,6,17,30,640,284,872 CHEMIN DES ASTOUS,43.25586,-0.39993,Plein jour,Hors agglomération,Hors intersection,Normale,Deux véhicules - côté,,,,,,,,,,,1,1,1,1,3.0
201600031601,0016-05-07 22:30:00,16,5,7,22,30,640,335,RUE JOSEPH CUGNOT,43.32049,-0.43369,Nuit avec éclairage allumé,Hors agglomération,Giratoire,Normale,Deux véhicules - côté,,,,,,,,,,,5,1,6,1,3.0
201600031602,0016-05-10 08:16:00,16,5,10,8,16,640,445,2 RUE DE BATSALLE,43.3005,-0.35773,Plein jour,Hors agglomération,Hors intersection,Normale,Autre collision,,,,,,,,,,,1,1,1,1,6.0
201600031603,0016-05-10 10:35:00,16,5,10,10,35,640,132,4 RUE DES FRERES COUSTE,43.29616,-0.33557,Plein jour,En agglomération,Hors intersection,Normale,Deux véhicules - arrière,,,,,,,,,,,1,2,1,1,2.0
201600031604,0016-05-11 21:00:00,16,5,11,21,0,640,445,3 COURS BOSQUET,43.29777,-0.36511,Plein jour,En agglomération,Hors intersection,Normale,Deux véhicules - côté,,,,,,,,,,,1,2,1,1,3.0
201600031605,0016-05-12 10:45:00,16,5,12,10,45,640,445,64 AVENUE JEAN BIRAY,43.29237,-0.3723,Plein jour,En agglomération,Hors intersection,Normale,Deux véhicules - arrière,,,,,,,,,,,1,2,1,1,2.0
201600031606,0016-05-12 10:45:00,16,5,12,10,45,640,445,3 RUE DU MOHEDAN,43.31135,-0.36948,Plein jour,En agglomération,Hors intersection,Normale,Autre collision,,,,,,,,,,,1,2,1,1,6.0
201600031607,0016-05-12 18:19:00,16,5,12,18,19,640,335,RUE JEAN JAURES,43.31711,-0.42965,Plein jour,Hors agglomération,Hors intersection,Normale,Deux véhicules - côté,,,,,,,,,,,1,1,1,1,3.0
201600031608,0016-05-17 17:10:00,16,5,17,17,10,640,445,RUE RONSARD,43.31835,-0.35777,Plein jour,En agglomération,Hors intersection,Normale,Deux véhicules - côté,,,,,,,,,,,1,2,1,1,3.0
201600031609,0016-05-18 20:55:00,16,5,18,20,55,640,445,BOILEVARD DU CAMI SALIE,43.3261,-0.3382,Nuit avec éclairage allumé,En agglomération,Intersection en T,Normale,Deux véhicules - côté,,,,,,,,,,,5,2,3,1,3.0
201600031610,0016-05-19 16:10:00,16,5,19,16,10,640,445,BD D'ALSACE LORRAINE,43.30439,-0.36755,Plein jour,En agglomération,Intersection en X,Normale,Deux véhicules - côté,,,,,,,,,,,1,2,2,1,3.0
201600031611,0016-05-20 12:35:00,16,5,20,12,35,640,445,COURS LEON BERARD,43.31418,-0.37041,Plein jour,En agglomération,Hors intersection,Normale,Deux véhicules - arrière,,,,,,,,,,,1,2,1,1,2.0
201600031612,0016-05-20 22:30:00,16,5,20,22,30,640,445,PLACE DE VERDUN,43.29883,-0.37487,Nuit avec éclairage allumé,En agglomération,Intersection en T,Normale,Deux véhicules - côté,,,,,,,,,,,5,2,3,1,3.0
201600031613,0016-05-21 13:50:00,16,5,21,13,50,640,445,9 AV DE LA RESISTANCE,43.30124,-0.37535,Plein jour,En agglomération,Hors intersection,Normale,Deux véhicules - côté,,,,,,,,,,,1,2,1,1,3.0
201600031614,0016-05-22 18:10:00,16,5,22,18,10,640,348,244 AV JEAN MERMOZ,43.3227,-0.37931,Crépuscule ou aube,En agglomération,Intersection en T,Pluie légère,Deux véhicules - frontale,,,,,,,,,,,2,2,3,2,1.0
201600031615,0016-05-23 13:50:00,16,5,23,13,50,640,445,ROND POINT YITZHAK RABIN,43.30668,-0.33377,Plein jour,En agglomération,Giratoire,Pluie légère,Deux véhicules - côté,,,,,,,,,,,1,2,6,2,3.0
201600031616,0016-05-24 08:25:00,16,5,24,8,25,640,269,ROUTE DE TARBES,43.29829,-0.30332,Plein jour,En agglomération,Hors intersection,Normale,Trois véhicules et plus - en chaîne,,,,,,,,,,,1,2,1,1,4.0
201600031617,0016-05-24 13:00:00,16,5,24,13,0,640,445,JEAN BIRAY,43.29246,-0.37265,Plein jour,En agglomération,Hors intersection,Normale,Deux véhicules - arrière,,,,,,,,,,,1,2,1,1,2.0
201600031618,0016-05-27 12:35:00,16,5,27,12,35,640,445,188 AV JEAN MERMOZ,43.3173,-0.37829,Plein jour,En agglomération,Hors intersection,Normale,Deux véhicules - côté,,,,,,,,,,,1,2,1,1,3.0
201600031619,0016-05-27 16:35:00,16,5,27,16,35,640,348,BOUL. CHARLES DE GAULLE,43.311,-0.41255,Plein jour,En agglomération,Hors intersection,Normale,Autre collision,,,,,,,,,,,1,2,1,1,6.0
201600031620,0016-05-28 16:10:00,16,5,28,16,10,640,335,AVENUE DE L'OUSSE,43.33574,-0.43486,Plein jour,En agglomération,Hors intersection,Normale,Trois véhicules et plus - en chaîne,,,,,,,,,,,1,2,1,1,4.0
201600031621,0016-05-30 13:23:00,16,5,30,13,23,640,445,RUE JEAN REVEIL,43.30043,-0.36519,Plein jour,En agglomération,Hors intersection,Normale,Deux véhicules - côté,,,,,,,,,,,1,2,1,1,3.0
201600031622,0016-05-31 17:20:00,16,5,31,17,20,640,335,GIRATOIRE DE L'EUROPE,43.31819,-0.42462,Plein jour,En agglomération,Giratoire,Normale,Deux véhicules - côté,,,,,,,,,,,1,2,6,1,3.0
201600031623,0016-06-01 08:25:00,16,6,1,8,25,640,269,AV BEAU SOLEIL,43.29952,-0.31536,Plein jour,En agglomération,Hors intersection,Normale,Deux véhicules - frontale,,,,,,,,,,,1,2,1,1,1.0
201600031624,0016-06-01 14:00:00,16,6,1,14,0,640,445,ROND POINT YITZHAK RABIN,43.3063,-0.33378,Plein jour,En agglomération,Hors intersection,Normale,Deux véhicules - côté,,,,,,,,,,,1,2,1,1,3.0
201600031625,0016-06-01 22:10:00,16,6,1,22,10,640,445,RUE DE LIEGE,43.29984,-0.375,Nuit avec éclairage allumé,En agglomération,Intersection en T,Normale,Autre collision,,,,,,,,,,,5,2,3,1,6.0
201600031626,0016-06-02 17:20:00,16,6,2,17,20,640,335,RD 817,43.34484,-0.42047,Plein jour,Hors agglomération,Hors intersection,Normale,Deux véhicules - arrière,,,,,,,,,,,1,1,1,1,2.0
201600031627,0016-06-03 16:00:00,16,6,3,16,0,640,348,AVENUE DE SANTONA,43.32254,-0.39943,Plein jour,En agglomération,Giratoire,Normale,Deux véhicules - arrière,,,,,,,,,,,1,2,6,1,2.0
201600031628,0016-06-04 14:53:00,16,6,4,14,53,640,445,RUE RONSARD,43.3188,-0.35976,Plein jour,En agglomération,Giratoire,Normale,Deux véhicules - frontale,,,,,,,,,,,1,2,6,1,1.0
201600031629,0016-06-04 16:25:00,16,6,4,16,25,640,335,BOULEVARD DE L'EUROPE,43.32805,-0.44394,Plein jour,Hors agglomération,Hors intersection,Normale,Trois véhicules et plus - en chaîne,,,,,,,,,,,1,1,1,1,4.0
201600031630,0016-06-07 08:50:00,16,6,7,8,50,640,132,AV ALBERT 1ER,43.28579,-0.34855,Plein jour,Hors agglomération,Hors intersection,Normale,Deux véhicules - frontale,,,,,,,,,,,1,1,1,1,1.0
201600031631,0016-06-08 14:10:00,16,6,8,14,10,640,132,CORPS FRANC POMMIES,43.30385,-0.3163,Plein jour,En agglomération,Hors intersection,Normale,Deux véhicules - arrière,,,,,,,,,,,1,2,1,1,2.0
201600031632,0016-06-10 15:40:00,16,6,10,15,40,640,348,MARTYRS DU PONT LONG,43.34502,-0.37982,Plein jour,En agglomération,Hors intersection,Pluie légère,Trois véhicules et plus - collisions multiples,,,,,,,,,,,1,2,1,2,5.0
201600031633,0016-06-11 17:50:00,16,6,11,17,50,640,269,22 ROUTE DE TARBES,43.29994,-0.30916,Plein jour,Hors agglomération,Hors intersection,Normale,Deux véhicules - côté,,,,,,,,,,,1,1,1,1,3.0
201600031634,0016-06-14 17:25:00,16,6,14,17,25,640,445,52 AVENUE JEAN MERMOZ,43.31,-0.37693,Plein jour,En agglomération,Hors intersection,Normale,Deux véhicules - côté,,,,,,,,,,,1,2,1,1,3.0
201600031635,0016-06-16 08:18:00,16,6,16,8,18,640,445,3 AV DOYEN HENRY VIZIOZ,43.31999,-0.36782,Plein jour,En agglomération,Hors intersection,Normale,Deux véhicules - frontale,,,,,,,,,,,1,2,1,1,1.0
201600031636,0016-06-17 13:00:00,16,6,17,13,0,640,348,ROND POINT DU TONKIN,43.31713,-0.39474,Plein jour,Hors agglomération,Hors intersection,Normale,Deux véhicules - côté,,,,,,,,,,,1,1,1,1,3.0
201600031637,0016-06-18 13:05:00,16,6,18,13,5,640,445,154 AV JEAN MERMOZ,43.31558,-0.37793,Plein jour,En agglomération,Hors intersection,Temps couvert,Deux véhicules - côté,,,,,,,,,,,1,2,1,8,3.0
201600031638,0016-06-20 12:10:00,16,6,20,12,10,640,445,AV DE  MONTARDON,43.31512,-0.37564,Plein jour,En agglomération,Hors intersection,Normale,Deux véhicules - frontale,,,,,,,,,,,1,2,1,1,1.0
201600031639,0016-06-20 17:58:00,16,6,20,17,58,640,445,AVENUE DUFAU,43.30878,-0.36423,Plein jour,En agglomération,Hors intersection,Normale,Autre collision,,,,,,,,,,,1,2,1,1,6.0
201600031640,0016-06-21 14:14:00,16,6,21,14,14,640,445,BOUL CHAMPETIER DE RIBES,43.30407,-0.37767,Plein jour,En agglomération,Hors intersection,Normale,Autre collision,,,,,,,,,,,1,2,1,1,6.0
201600031641,0016-06-21 18:42:00,16,6,21,18,42,640,373,AV GENERAL DE GAULE,43.27631,-0.35123,Plein jour,En agglomération,Hors intersection,Normale,Deux véhicules - côté,,,,,,,,,,,1,2,1,1,3.0
201600031642,0016-06-22 11:40:00,16,6,22,11,40,640,445,RUE LATAPIE,43.29551,-0.36774,Plein jour,En agglomération,Hors intersection,Normale,Autre collision,,,,,,,,,,,1,2,1,1,6.0
201600031643,0016-06-23 16:40:00,16,6,23,16,40,640,335,ROND POINT DE L'EUROPE,43.3187,-0.42495,Plein jour,En agglomération,Hors intersection,Normale,Deux véhicules - côté,,,,,,,,,,,1,2,1,1,3.0
201600031644,0016-06-24 14:50:00,16,6,24,14,50,640,129,18 ROUTE DE BAYONNE,43.29832,-0.38926,Plein jour,En agglomération,Hors intersection,Normale,Deux véhicules - côté,,,,,,,,,,,1,2,1,1,3.0
201600031645,0016-06-26 13:45:00,16,6,26,13,45,640,348,125 AVENUE DU TONKIN,43.31891,-0.40104,Plein jour,En agglomération,Hors intersection,Normale,Deux véhicules - arrière,,,,,,,,,,,1,2,1,1,2.0
201600031646,0016-06-29 19:25:00,16,6,29,19,25,640,269,30 ROUTE DE TARBES,43.29871,-0.30503,Plein jour,Hors agglomération,Hors intersection,Normale,Deux véhicules - frontale,,,,,,,,,,,1,1,1,1,1.0
201600031647,0016-07-01 11:35:00,16,7,1,11,35,640,445,RUE MARCA,43.29623,-0.37863,Plein jour,En agglomération,Giratoire,Normale,Deux véhicules - côté,,,,,,,,,,,1,2,6,1,3.0
201600031648,0016-07-01 17:45:00,16,7,1,17,45,640,348,ALLEE DE L'ARREMOULIT,43.32015,-0.39141,Plein jour,En agglomération,Hors intersection,Normale,Deux véhicules - arrière,,,,,,,,,,,1,2,1,1,2.0
201600031649,0016-07-05 16:45:00,16,7,5,16,45,640,445,AVENUE DE LA RESISTANCE,43.30059,-0.3751,Plein jour,En agglomération,Hors intersection,Normale,Autre collision,,,,,,,,,,,1,2,1,1,6.0
201600031650,0016-07-05 18:06:00,16,7,5,18,6,640,129,VOIE NORD SUD,43.30354,-0.40343,Plein jour,En agglomération,Hors intersection,Normale,Trois véhicules et plus - collisions multiples,,,,,,,,,,,1,2,1,1,5.0
201600031651,0016-07-08 16:10:00,16,7,8,16,10,640,445,174 JEAN MERMOZ,43.31653,-0.37816,Plein jour,En agglomération,Hors intersection,Normale,Autre collision,,,,,,,,,,,1,2,1,1,6.0
201600031652,0016-07-10 18:15:00,16,7,10,18,15,640,445,25 AVENUE JEAN MERMOZ,43.30739,-0.37652,Plein jour,En agglomération,Hors intersection,Normale,Autre collision,,,,,,,,,,,1,2,1,1,6.0
201600031653,0016-07-11 07:55:00,16,7,11,7,55,640,335,CHEMIN DU BILAA,43.32445,-0.4148,Plein jour,En agglomération,Hors intersection,Normale,Sans collision,,,,,,,,,,,1,2,1,1,7.0
201600031654,0016-05-25 09:50:00,16,5,25,9,50,640,132,AV GEORGES CLEMENCEAU,43.28929,-0.3546,Plein jour,En agglomération,Intersection en X,Normale,Autre collision,,,,,,,,,,,1,2,2,1,6.0
201600031655,0016-07-05 09:20:00,16,7,5,9,20,640,445,RUE DE LA REPUBLIQUE,43.29898,-0.36995,Plein jour,En agglomération,Hors intersection,Normale,Deux véhicules - frontale,,,,,,,,,,,1,2,1,1,1.0
201600031656,0016-07-11 12:50:00,16,7,11,12,50,640,348,77 AVENUE DIDIER DAURAT,43.3351,-0.37975,Plein jour,En agglomération,Intersection en X,Normale,Deux véhicules - côté,,,,,,,,,,,1,2,2,1,3.0
201600031657,0016-07-16 19:15:00,16,7,16,19,15,640,445,AV MARTYRS DU PONT LONG,43.33941,-0.37979,Plein jour,Hors agglomération,Hors intersection,Normale,Trois véhicules et plus - en chaîne,,,,,,,,,,,1,1,1,1,4.0
201600031658,0016-07-21 06:15:00,16,7,21,6,15,640,445,RUE DE LACQ,43.32466,-0.35683,Crépuscule ou aube,En agglomération,Intersection en T,Normale,Deux véhicules - côté,,,,,,,,,,,2,2,3,1,3.0
201600031659,0016-07-21 21:45:00,16,7,21,21,45,640,284,41 AVENUE RAUSKI,43.27259,-0.38868,Crépuscule ou aube,En agglomération,Hors intersection,Normale,Autre collision,,,,,,,,,,,2,2,1,1,6.0
201600031660,0016-07-22 17:20:00,16,7,22,17,20,640,129,AVENUE DE BEZIOU,43.30289,-0.3796,Plein jour,Hors agglomération,Hors intersection,Normale,Deux véhicules - arrière,,,,,,,,,,,1,1,1,1,2.0
201600031661,0016-07-25 15:10:00,16,7,25,15,10,640,445,BOULEVARD TOURASSE,43.31099,-0.35014,Plein jour,En agglomération,Hors intersection,Normale,Deux véhicules - frontale,,,,,,,,,,,1,2,1,1,1.0
201600031662,0016-07-26 13:45:00,16,7,26,13,45,640,129,AVENUE JEAN MERMOZ,43.31182,-0.37732,Plein jour,En agglomération,Intersection en X,Normale,Trois véhicules et plus - collisions multiples,,,,,,,,,,,1,2,2,1,5.0
201600031663,0016-07-26 16:51:00,16,7,26,16,51,640,445,BOULEVARD DE LA PAIX,43.31418,-0.33323,Plein jour,En agglomération,Hors intersection,Normale,Deux véhicules - côté,,,,,,,,,,,1,2,1,1,3.0
201600031664,0016-07-26 17:55:00,16,7,26,17,55,640,445,AVENUE DES LILAS,43.30486,-0.35233,Plein jour,En agglomération,Hors intersection,Normale,Deux véhicules - frontale,,,,,,,,,,,1,2,1,1,1.0
201600031665,0016-07-23 13:25:00,16,7,23,13,25,640,445,BD DU GENERAL DE GAULLE,43.30254,-0.35244,Plein jour,En agglomération,Hors intersection,Normale,Autre collision,,,,,,,,,,,1,2,1,1,6.0
201600031666,0016-07-27 19:00:00,16,7,27,19,0,640,129,AVENUE DE LONS,43.31227,-0.38635,Plein jour,En agglomération,Hors intersection,Normale,Deux véhicules - côté,,,,,,,,,,,1,2,1,1,3.0
201600031667,0016-07-27 19:50:00,16,7,27,19,50,640,348,AV ANDRE MARIE AMPERE,43.30984,-0.42393,Plein jour,En agglomération,Hors intersection,Normale,Deux véhicules - côté,,,,,,,,,,,1,2,1,1,3.0
201600031668,0016-07-30 11:15:00,16,7,30,11,15,640,335,BOULEVARD DE L'EUROPE,43.32499,-0.43813,Plein jour,En agglomération,Hors intersection,Normale,Trois véhicules et plus - en chaîne,,,,,,,,,,,1,2,1,1,4.0
201600031669,0016-07-31 22:35:00,16,7,31,22,35,640,445,AV MARTYRS DU PONT LONG,43.33542,-0.37975,Nuit avec éclairage allumé,En agglomération,Hors intersection,Normale,Deux véhicules - arrière,,,,,,,,,,,5,2,1,1,2.0