accident_id,datetime,annee,mois,jour,heure,minute,departement,commune_insee,adresse,latitude,longitude,luminosite,agglomeration,intersection,meteo,collision,nb_vehicules,nb_usagers,nb_indemnes,nb_tues,nb_blesses_hosp,nb_blesses_legers,age_cond_1,age_cond_2,veh_type_cond_1,veh_type_cond_2,lum_code,agg_code,int_code,atm_code,col_code
201600031670,0016-08-01 14:15:00,16,8,1,14,15,640,445,BOULEVARD DE LA PAIX,43.3185,-0.34546,Plein jour,En agglomération,Hors intersection,Normale,Autre collision,,,,,,,,,,,1,2,1,1,6.0
201600031671,0016-08-01 18:00:00,16,8,1,18,0,640,335,CHEMIN DE BATAN,43.33235,-0.45824,Plein jour,En agglomération,Hors intersection,Normale,Deux véhicules - côté,,,,,,,,,,,1,2,1,1,3.0
201600031672,0016-08-04 22:40:00,16,8,4,22,40,640,445,2 RUE MULOT,43.29642,-0.37863,Nuit avec éclairage allumé,En agglomération,Hors intersection,Pluie légère,Deux véhicules - arrière,,,,,,,,,,,5,2,1,2,2.0
201600031673,0016-08-07 01:30:00,16,8,7,1,30,640,284,AVENUE HENRI IV,43.28247,-0.38735,Nuit avec éclairage allumé,En agglomération,Hors intersection,Normale,Autre collision,,,,,,,,,,,5,2,1,1,6.0
201600031674,0016-08-08 18:20:00,16,8,8,18,20,640,445,AVENUE DE LA RESISTANCE,43.30247,-0.37556,Plein jour,En agglomération,Intersection en T,Normale,Deux véhicules - côté,,,,,,,,,,,1,2,3,1,3.0
201600031675,0016-08-09 07:45:00,16,8,9,7,45,640,445,RUE RONSARD,43.3187,-0.35966,Plein jour,En agglomération,Hors intersection,Pluie légère,Autre collision,,,,,,,,,,,1,2,1,2,6.0
201600031676,0016-08-10 10:10:00,16,8,10,10,10,640,445,AVENUE NITOT,43.29618,-0.3535,Plein jour,En agglomération,Intersection en T,Normale,Autre collision,,,,,,,,,,,1,2,3,1,6.0
201600031677,0016-08-13 12:00:00,16,8,13,12,0,640,445,18 AVENUE JEAN MERMOZ,43.30689,-0.37637,Plein jour,En agglomération,Hors intersection,Normale,Trois véhicules et plus - en chaîne,,,,,,,,,,,1,2,1,1,4.0
201600031678,0016-08-16 16:50:00,16,8,16,16,50,640,445,RUE VICTOR HUGO,43.30174,-0.37757,Plein jour,En agglomération,Intersection en T,Normale,Deux véhicules - côté,,,,,,,,,,,1,2,3,1,3.0
201600031679,0016-08-19 08:45:00,16,8,19,8,45,640,129,RUE DU PIEDMONT,43.30714,-0.39882,Plein jour,En agglomération,Giratoire,Normale,Deux véhicules - côté,,,,,,,,,,,1,2,6,1,3.0
201600031680,0016-08-19 21:00:00,16,8,19,21,0,640,445,AL. CATHERINE DE BOURBON,43.3248,-0.35744,Crépuscule ou aube,En agglomération,Intersection en X,Normale,Deux véhicules - côté,,,,,,,,,,,2,2,2,1,3.0
201600031681,0016-08-21 01:25:00,16,8,21,1,25,640,445,AVENUE JEAN MERMOZ,43.30812,-0.37658,Nuit avec éclairage allumé,En agglomération,Hors intersection,Normale,Deux véhicules - côté,,,,,,,,,,,5,2,1,1,3.0
201600031682,0016-08-22 15:44:00,16,8,22,15,44,640,129,AVENUE DE LONS,43.31228,-0.38636,Plein jour,En agglomération,Intersection en X,Normale,Deux véhicules - frontale,,,,,,,,,,,1,2,2,1,1.0
201600031683,0016-08-23 18:15:00,16,8,23,18,15,640,348,AVENUE JEAN MERMOZ,43.32081,-0.37903,Plein jour,En agglomération,Intersection en X,Normale,Deux véhicules - côté,,,,,,,,,,,1,2,2,1,3.0
201600031684,0016-08-26 19:40:00,16,8,26,19,40,640,348,AVENUE DIDIER DAURAT,43.32928,-0.37962,Plein jour,En agglomération,Intersection en T,Normale,Deux véhicules - côté,,,,,,,,,,,1,2,3,1,3.0
201600031685,0016-08-30 08:00:00,16,8,30,8,0,640,348,"0, EUROPE DE L'",43.3387,-0.38523,Plein jour,En agglomération,Hors intersection,Normale,Deux véhicules - côté,,,,,,,,,,,1,2,1,1,3.0
201600031686,0016-08-31 15:00:00,16,8,31,15,0,640,445,BOUL DALSACE LORRAINE,43.30486,-0.37062,Plein jour,En agglomération,Intersection en X,Normale,Deux véhicules - côté,,,,,,,,,,,1,2,2,1,3.0
201600031687,0016-09-01 18:20:00,16,9,1,18,20,640,348,47 CHARLES DE GAULLE,43.30893,-0.40865,Plein jour,En agglomération,Hors intersection,Normale,Deux véhicules - côté,,,,,,,,,,,1,2,1,1,3.0
201600031688,0016-09-02 09:55:00,16,9,2,9,55,640,269,RUE DE PEYREBLANQUE,43.29808,-0.30275,Plein jour,Hors agglomération,Intersection en X,Normale,Deux véhicules - côté,,,,,,,,,,,1,1,2,1,3.0
201600031689,0016-09-03 17:55:00,16,9,3,17,55,640,445,AVENUE HENRY RUSSEL,43.30267,-0.35205,Plein jour,En agglomération,Intersection en X,Normale,Deux véhicules - côté,,,,,,,,,,,1,2,2,1,3.0
201600031690,0016-09-05 11:51:00,16,9,5,11,51,640,284,RUE OLLE LAPRUNE,43.28458,-0.38754,Plein jour,En agglomération,Hors intersection,Normale,Autre collision,,,,,,,,,,,1,2,1,1,6.0
201600031691,0016-09-06 12:00:00,16,9,6,12,0,640,445,CORPS FRANC POMMIES,43.3068,-0.33446,Plein jour,En agglomération,Hors intersection,Normale,Autre collision,,,,,,,,,,,1,2,1,1,6.0
201600031692,0016-09-07 07:30:00,16,9,7,7,30,640,445,AV DU GENERAL DE GAULLE,43.30238,-0.35338,Plein jour,En agglomération,Hors intersection,Normale,Deux véhicules - côté,,,,,,,,,,,1,2,1,1,3.0
201600031693,0016-09-10 23:10:00,16,9,10,23,10,640,445,53 AV JEAN MERMOZ,43.30991,-0.37693,Nuit avec éclairage allumé,En agglomération,Hors intersection,Normale,Deux véhicules - côté,,,,,,,,,,,5,2,1,1,3.0
201600031694,0016-09-13 11:20:00,16,9,13,11,20,640,348,BOUL. CHARLES DE GAULLE,43.30918,-0.4091,Plein jour,En agglomération,Hors intersection,Normale,Deux véhicules - côté,,,,,,,,,,,1,2,1,1,3.0
201600031695,0016-09-14 10:40:00,16,9,14,10,40,640,445,RP ALLEES DE MORLAAS,43.30771,-0.33851,Plein jour,En agglomération,Giratoire,Normale,Deux véhicules - arrière,,,,,,,,,,,1,2,6,1,2.0
201600031696,0016-09-14 15:35:00,16,9,14,15,35,640,445,AVENUE GASTON LACOSTE,43.29318,-0.36125,Plein jour,En agglomération,Intersection en T,Normale,Trois véhicules et plus - collisions multiples,,,,,,,,,,,1,2,3,1,5.0
201600031697,0016-09-15 13:15:00,16,9,15,13,15,640,445,RUE PIERRE MASSE,43.31591,-0.3568,Plein jour,En agglomération,Hors intersection,Normale,Autre collision,,,,,,,,,,,1,2,1,1,6.0
201600031698,0016-09-15 16:10:00,16,9,15,16,10,640,348,BOUL. CHARLES DE GAULLE,43.3144,-0.41899,Plein jour,Hors agglomération,Hors intersection,Normale,Trois véhicules et plus - en chaîne,,,,,,,,,,,1,1,1,1,4.0
201600031699,0016-09-20 12:40:00,16,9,20,12,40,640,445,BOULEVARD TOURASSE,43.30896,-0.34265,Plein jour,En agglomération,Hors intersection,Normale,Deux véhicules - arrière,,,,,,,,,,,1,2,1,1,2.0
201600031700,0016-09-21 09:05:00,16,9,21,9,5,640,445,AL. CATHERINE DE BOURBON,43.32142,-0.35865,Plein jour,En agglomération,Giratoire,Normale,Deux véhicules - côté,,,,,,,,,,,1,2,6,1,3.0
201600031701,0016-09-21 13:45:00,16,9,21,13,45,640,445,RUE GAMBETTA,43.297,-0.3664,Plein jour,En agglomération,Hors intersection,Normale,Autre collision,,,,,,,,,,,1,2,1,1,6.0
201600031702,0016-09-21 16:30:00,16,9,21,16,30,640,348,BOUL. CHARLES DE GAULLE,43.30867,-0.40835,Plein jour,En agglomération,Hors intersection,Normale,Trois véhicules et plus - collisions multiples,,,,,,,,,,,1,2,1,1,5.0
201600031703,0016-09-22 10:15:00,16,9,22,10,15,640,445,RUE D'ESPALUNGUE,43.2959,-0.37648,Plein jour,En agglomération,Hors intersection,Normale,Autre collision,,,,,,,,,,,1,2,1,1,6.0
201600031704,0016-09-23 19:21:00,16,9,23,19,21,640,445,AVENUE DU LOUP,43.30603,-0.35669,Plein jour,En agglomération,Intersection en T,Normale,Deux véhicules - côté,,,,,,,,,,,1,2,3,1,3.0
201600031705,0016-09-23 20:00:00,16,9,23,20,0,640,335,BOULEVARD DE L'EUROPE,43.33288,-0.45285,Plein jour,Hors agglomération,Hors intersection,Normale,Deux véhicules - côté,,,,,,,,,,,1,1,1,1,3.0
201600031706,0016-09-28 12:30:00,16,9,28,12,30,640,237,RUE EUGENE DAURE,43.28829,-0.37649,Plein jour,En agglomération,Giratoire,Normale,Deux véhicules - frontale,,,,,,,,,,,1,2,6,1,1.0
201600031707,0016-09-28 11:10:00,16,9,28,11,10,640,445,RUE MONTPENSIER,43.29934,-0.37134,Plein jour,Hors agglomération,Intersection en T,Normale,Autre collision,,,,,,,,,,,1,1,3,1,6.0
201600031708,0016-09-29 16:15:00,16,9,29,16,15,640,445,AVENUE DIDIER DAURAT,43.33113,-0.37964,Plein jour,En agglomération,Intersection en T,Normale,Deux véhicules - côté,,,,,,,,,,,1,2,3,1,3.0
201600031709,0016-09-30 09:55:00,16,9,30,9,55,640,129,RUE DE LA MAIRIE,43.30287,-0.39561,Plein jour,En agglomération,Intersection en X,Normale,Deux véhicules - côté,,,,,,,,,,,1,2,2,1,3.0
201600031710,0016-09-30 12:55:00,16,9,30,12,55,640,445,BOULEVARD DU CAMI SALIE,43.33158,-0.36048,Plein jour,En agglomération,Hors intersection,Normale,Autre collision,,,,,,,,,,,1,2,1,1,6.0
201600031711,0016-10-05 12:30:00,16,10,5,12,30,640,445,52 AVENUE DES LILAS,43.3079,-0.34589,Plein jour,En agglomération,Hors intersection,Normale,Trois véhicules et plus - en chaîne,,,,,,,,,,,1,2,1,1,4.0
201600031712,0016-10-07 02:40:00,16,10,7,2,40,640,445,AVENUE ALFRED NOBEL,43.31113,-0.32367,Nuit avec éclairage allumé,En agglomération,Hors intersection,Normale,Deux véhicules - arrière,,,,,,,,,,,5,2,1,1,2.0
201600031713,0016-10-06 16:36:00,16,10,6,16,36,640,129,RUE DE LA MAIRIE,43.3028,-0.39569,Plein jour,En agglomération,Intersection en X,Normale,Deux véhicules - côté,,,,,,,,,,,1,2,2,1,3.0
201600031714,0016-10-07 15:10:00,16,10,7,15,10,640,445,CATHERINE DE BOURBON,48.12991,-0.40138,Plein jour,En agglomération,Hors intersection,Normale,Deux véhicules - arrière,,,,,,,,,,,1,2,1,1,2.0
201600031715,0016-10-11 20:43:00,16,10,11,20,43,640,445,PLACE PEYROULET,43.3037,-0.35572,Nuit avec éclairage allumé,Hors agglomération,Intersection en T,Normale,Deux véhicules - côté,,,,,,,,,,,5,1,3,1,3.0
201600031716,0016-10-12 08:54:00,16,10,12,8,54,640,445,29 AVENUE DES LILAS,43.30585,-0.34984,Plein jour,En agglomération,Hors intersection,Normale,Deux véhicules - frontale,,,,,,,,,,,1,2,1,1,1.0
201600031717,0016-10-12 12:25:00,16,10,12,12,25,640,284,RUE OLLE LAPRUNE,43.28463,-0.38756,Plein jour,En agglomération,Intersection en T,Normale,Autre collision,,,,,,,,,,,1,2,3,1,6.0
201600031718,0016-10-12 13:10:00,16,10,12,13,10,640,445,DOYEN ROBERT POPLAWSKI,43.31681,-0.36826,Plein jour,En agglomération,Intersection en T,Normale,Deux véhicules - frontale,,,,,,,,,,,1,2,3,1,1.0
201600031719,0016-10-12 20:40:00,16,10,12,20,40,640,348,LE MAIL DE L'HIPPODROME,43.32877,-0.38301,Nuit avec éclairage non allumé,En agglomération,Autre intersection,Normale,Deux véhicules - côté,,,,,,,,,,,4,2,9,1,3.0
201600031720,0016-10-15 17:20:00,16,10,15,17,20,640,284,34 AVENUE RAUSKI,43.26722,-0.3895,Plein jour,En agglomération,Hors intersection,Normale,Deux véhicules - arrière,,,,,,,,,,,1,2,1,1,2.0
201600031721,0016-10-14 08:42:00,16,10,14,8,42,640,445,ALLEE CONDORCET,43.31617,-0.36151,Plein jour,En agglomération,Hors intersection,Normale,Autre collision,,,,,,,,,,,1,2,1,1,6.0
201600031722,0016-10-18 12:50:00,16,10,18,12,50,640,284,AV DU 18 JUIN 1940,43.28878,-0.40216,Plein jour,Hors agglomération,Hors intersection,Normale,Deux véhicules - arrière,,,,,,,,,,,1,1,1,1,2.0
201600031723,0016-10-18 19:13:00,16,10,18,19,13,640,335,BOULEVARD DE L'EUROPE,43.31808,-0.43287,Crépuscule ou aube,En agglomération,Hors intersection,Normale,Deux véhicules - côté,,,,,,,,,,,2,2,1,1,3.0
201600031724,0016-10-19 12:55:00,16,10,19,12,55,640,335,CHEMIN DE LONS,43.32465,-0.42219,Plein jour,En agglomération,Intersection en T,Normale,Deux véhicules - côté,,,,,,,,,,,1,2,3,1,3.0
201600031725,0016-10-19 15:03:00,16,10,19,15,3,640,445,COURS LEON BERARD,43.31391,-0.37023,Plein jour,Hors agglomération,Hors intersection,Normale,Deux véhicules - arrière,,,,,,,,,,,1,1,1,1,2.0
201600031726,0016-10-19 15:35:00,16,10,19,15,35,640,445,12 AVENUE JEAN MERMOZ,43.30623,-0.37623,Plein jour,En agglomération,Hors intersection,Normale,Deux véhicules - arrière,,,,,,,,,,,1,2,1,1,2.0
201600031727,0016-10-21 14:35:00,16,10,21,14,35,640,445,30 RUE DE LIEGE,43.2987,-0.37485,Plein jour,En agglomération,Hors intersection,Normale,Deux véhicules - arrière,,,,,,,,,,,1,2,1,1,2.0
201600031728,0016-10-23 09:50:00,16,10,23,9,50,640,445,BOUL CHAMPETIER DE RIBES,43.30423,-0.37761,Plein jour,En agglomération,Hors intersection,Normale,Autre collision,,,,,,,,,,,1,2,1,1,6.0
201600031729,0016-10-26 10:00:00,16,10,26,10,0,640,445,38 AV DE MONTARDON,43.31177,-0.3754,Plein jour,En agglomération,Intersection en T,Normale,Deux véhicules - côté,,,,,,,,,,,1,2,3,1,3.0
201600031730,0016-10-27 15:05:00,16,10,27,15,5,640,445,ALLEE CONDORCET,43.31523,-0.36165,Plein jour,En agglomération,Hors intersection,Normale,Deux véhicules - frontale,,,,,,,,,,,1,2,1,1,1.0
201600031731,0016-10-27 15:35:00,16,10,27,15,35,640,445,"10, AVENUE FOUCHET",43.31322,-0.37066,Plein jour,En agglomération,Hors intersection,Normale,Deux véhicules - côté,,,,,,,,,,,1,2,1,1,3.0
201600031732,0016-10-30 11:40:00,16,10,30,11,40,640,348,BOUL. CHARLES DE GAULLE,43.30863,-0.40826,Plein jour,En agglomération,Hors intersection,Normale,Deux véhicules - côté,,,,,,,,,,,1,2,1,1,3.0
201600031733,0016-10-31 17:40:00,16,10,31,17,40,640,129,25 ROUTE DE BAYONNE,43.30109,-0.39453,Plein jour,En agglomération,Hors intersection,Normale,Deux véhicules - côté,,,,,,,,,,,1,2,1,1,3.0
201600031734,0016-10-31 18:50:00,16,10,31,18,50,640,129,AVENUE EAN MERMOZ,43.31304,-0.37749,Nuit avec éclairage allumé,En agglomération,Hors intersection,Normale,Trois véhicules et plus - en chaîne,,,,,,,,,,,5,2,1,1,4.0
201600031735,0016-11-02 19:25:00,16,11,2,19,25,640,129,3 ROUTE DE BAYONNE,43.2996,-0.39161,Nuit avec éclairage allumé,En agglomération,Hors intersection,Normale,Deux véhicules - frontale,,,,,,,,,,,5,2,1,1,1.0
201600031736,0016-11-04 12:15:00,16,11,4,12,15,640,445,15 AVENUE LEON BLUM,43.31588,-0.33197,Plein jour,En agglomération,Hors intersection,Pluie légère,Deux véhicules - arrière,,,,,,,,,,,1,2,1,2,2.0
201600031737,0016-11-05 06:10:00,16,11,5,6,10,640,132,BOULEVARD DE L'AVIATION,43.30669,-0.32749,Nuit avec éclairage allumé,En agglomération,Intersection en X,Pluie forte,Deux véhicules - côté,,,,,,,,,,,5,2,2,3,3.0
201600031738,0016-11-05 12:50:00,16,11,5,12,50,640,445,AVENUE PHILIPPON,43.33141,-0.36156,Plein jour,En agglomération,Intersection en T,Pluie forte,Deux véhicules - côté,,,,,,,,,,,1,2,3,3,3.0
201600031739,0016-11-05 18:25:00,16,11,5,18,25,640,445,AVENUE DE LA RESISTANCE,43.3051,-0.37602,Nuit avec éclairage allumé,En agglomération,Hors intersection,Pluie forte,Deux véhicules - arrière,,,,,,,,,,,5,2,1,3,2.0
201600031740,0016-11-05 18:53:00,16,11,5,18,53,640,284,18 JUIN 1940 DU,43.29036,-0.40396,Nuit avec éclairage non allumé,Hors agglomération,Hors intersection,Pluie forte,Deux véhicules - frontale,,,,,,,,,,,4,1,1,3,1.0
201600031741,0016-11-05 20:15:00,16,11,5,20,15,640,445,RP COMBATTANTS D' INDO,43.31819,-0.37824,Nuit avec éclairage allumé,En agglomération,Autre intersection,Normale,Deux véhicules - frontale,,,,,,,,,,,5,2,9,1,1.0
201600031742,0016-11-09 12:50:00,16,11,9,12,50,640,129,56 ROUTE DE BAYONNE,43.30114,-0.39448,Plein jour,En agglomération,Hors intersection,Normale,Deux véhicules - frontale,,,,,,,,,,,1,2,1,1,1.0
201600031743,0016-11-09 13:55:00,16,11,9,13,55,640,445,AV DU GENERAL DE GAULLE,43.30241,-0.35333,Plein jour,En agglomération,Hors intersection,Pluie légère,Deux véhicules - côté,,,,,,,,,,,1,2,1,2,3.0
201600031744,0016-11-11 12:03:00,16,11,11,12,3,640,445,COURS LYAUTEY,43.3086,-0.36391,Plein jour,En agglomération,Hors intersection,Normale,Deux véhicules - côté,,,,,,,,,,,1,2,1,1,3.0
201600031745,0016-11-12 18:00:00,16,11,12,18,0,640,269,RD D938,43.29357,-0.3262,Crépuscule ou aube,Hors agglomération,Hors intersection,Normale,Deux véhicules - arrière,,,,,,,,,,,2,1,1,1,2.0
201600031746,0016-11-12 20:03:00,16,11,12,20,3,640,445,RUE CASTERET,43.30337,-0.36177,Nuit avec éclairage allumé,En agglomération,Intersection en X,Pluie légère,Deux véhicules - côté,,,,,,,,,,,5,2,2,2,3.0
201600031747,0016-11-13 03:21:00,16,11,13,3,21,640,445,COURS LYAUTEY,43.30864,-0.36392,Nuit avec éclairage allumé,Hors agglomération,Hors intersection,Normale,Deux véhicules - côté,,,,,,,,,,,5,1,1,1,3.0
201600031748,0016-11-14 12:15:00,16,11,14,12,15,640,445,403 BOULEVARD DE LA PAIX,43.32455,-0.37956,Plein jour,En agglomération,Intersection en X,Normale,Deux véhicules - frontale,,,,,,,,,,,1,2,2,1,1.0
201600031749,0016-11-14 15:10:00,16,11,14,15,10,640,445,RUE LAVOISIER,43.31055,-0.3641,Plein jour,En agglomération,Hors intersection,Normale,Autre collision,,,,,,,,,,,1,2,1,1,6.0
201600031750,0016-11-15 07:40:00,16,11,15,7,40,640,445,AVENUE TRESPOEY,43.2988,-0.35285,Nuit avec éclairage allumé,En agglomération,Hors intersection,Normale,Deux véhicules - côté,,,,,,,,,,,5,2,1,1,3.0
201600031751,0016-11-15 08:50:00,16,11,15,8,50,640,445,RUE DU SOUST,43.29217,-0.37826,Plein jour,En agglomération,Intersection en T,Normale,Deux véhicules - côté,,,,,,,,,,,1,2,3,1,3.0
201600031752,0016-11-16 10:00:00,16,11,16,10,0,640,445,216 AVENUE JEAN MERMOZ,43.3195,-0.3788,Plein jour,En agglomération,Hors intersection,Normale,Autre collision,,,,,,,,,,,1,2,1,1,6.0
201600031753,0016-11-17 20:20:00,16,11,17,20,20,640,445,AVENUE LEON SAY,43.29428,-0.35908,Nuit avec éclairage allumé,En agglomération,Intersection en X,Normale,Deux véhicules - frontale,,,,,,,,,,,5,2,2,1,1.0
201600031754,0016-11-18 17:20:00,16,11,18,17,20,640,269,RD D938,43.2869,-0.3255,Crépuscule ou aube,En agglomération,Hors intersection,Normale,Deux véhicules - arrière,,,,,,,,,,,2,2,1,1,2.0
201600031755,0016-11-19 18:40:00,16,11,19,18,40,640,445,CAMI SALIE DU,43.33405,-0.37387,Nuit avec éclairage allumé,En agglomération,Intersection en T,Normale,Deux véhicules - côté,,,,,,,,,,,5,2,3,1,3.0
201600031756,0016-11-21 07:55:00,16,11,21,7,55,640,348,AVENUE DE L'HIPPODROME,43.33909,-0.39519,Plein jour,Hors agglomération,Intersection en X,Normale,Deux véhicules - côté,,,,,,,,,,,1,1,2,1,3.0
201600031757,0016-11-22 19:10:00,16,11,22,19,10,640,445,RUE DU 14 JUILLET,43.29297,-0.37806,Nuit avec éclairage non allumé,En agglomération,Hors intersection,Pluie forte,Autre collision,,,,,,,,,,,4,2,1,3,6.0
201600031758,0016-11-22 20:39:00,16,11,22,20,39,640,445,RUE BOURBAKI,43.3028,-0.37352,Nuit avec éclairage allumé,En agglomération,Intersection en X,Pluie légère,Deux véhicules - côté,,,,,,,,,,,5,2,2,2,3.0
201600031759,0016-11-23 19:10:00,16,11,23,19,10,640,445,BOUL. DU CAMI SALIE,43.33281,-0.36644,Plein jour,En agglomération,Hors intersection,Pluie forte,Autre collision,,,,,,,,,,,1,2,1,3,6.0
201600031760,0016-11-23 20:00:00,16,11,23,20,0,640,335,BOULEVARD DE L'EUROPE,43.33317,-0.45333,Nuit avec éclairage allumé,En agglomération,Hors intersection,Pluie légère,Deux véhicules - arrière,,,,,,,,,,,5,2,1,2,2.0
201600031761,0016-11-23 11:30:00,16,11,23,11,30,640,445,BOULEVARD BARBANEGRE,43.29671,-0.36352,Plein jour,En agglomération,Hors intersection,Normale,Deux véhicules - côté,,,,,,,,,,,1,2,1,1,3.0
201600031762,0016-11-24 19:33:00,16,11,24,19,33,640,445,BOUL D'ALSACE LORRAINE,43.30242,-0.36046,Nuit avec éclairage allumé,En agglomération,Intersection en X,Normale,Deux véhicules - frontale,,,,,,,,,,,5,2,2,1,1.0
201600031763,0016-11-29 14:40:00,16,11,29,14,40,640,445,140 AVENUE JEAN MERMOZ,43.31488,-0.37783,Plein jour,En agglomération,Intersection en X,Normale,Deux véhicules - côté,,,,,,,,,,,1,2,2,1,3.0
201600031764,0016-11-29 17:35:00,16,11,29,17,35,640,445,RUE ANDRE MITTON,43.31583,-0.35931,Plein jour,En agglomération,Hors intersection,Normale,Deux véhicules - côté,,,,,,,,,,,1,2,1,1,3.0
201600031765,0016-11-30 12:45:00,16,11,30,12,45,640,348,AVENUE JEAN MERMOZ,43.32228,-0.37924,Plein jour,En agglomération,Hors intersection,Normale,Trois véhicules et plus - collisions multiples,,,,,,,,,,,1,2,1,1,5.0
201600031766,0016-11-30 16:50:00,16,11,30,16,50,640,129,RUE SAINT-EXUPERY,43.31368,-0.37779,Plein jour,En agglomération,Hors intersection,Normale,Deux véhicules - arrière,,,,,,,,,,,1,2,1,1,2.0
201600031767,0016-12-01 10:10:00,16,12,1,10,10,640,445,"7, CHAMPETIER DE RIBES",43.30342,-0.37835,Plein jour,En agglomération,Hors intersection,Normale,Deux véhicules - arrière,,,,,,,,,,,1,2,1,1,2.0
201600031768,0016-12-01 17:00:00,16,12,1,17,0,640,269,6 ROUTE DE TARBES,43.30144,-0.3146,Plein jour,Hors agglomération,Hors intersection,Normale,Deux véhicules - arrière,,,,,,,,,,,1,1,1,1,2.0
201600031769,0016-12-02 15:50:00,16,12,2,15,50,640,445,AVENUE DIDIER DAURAT,43.33544,-0.37971,Plein jour,En agglomération,Intersection en T,Normale,Deux véhicules - côté,,,,,,,,,,,1,2,3,1,3.0
201600031770,0016-12-02 16:13:00,16,12,2,16,13,640,445,AVENUE DE SARAGOSSE,43.30731,-0.35524,Plein jour,En agglomération,Hors intersection,Normale,Deux véhicules - arrière,,,,,,,,,,,1,2,1,1,2.0
201600031771,0016-12-02 17:10:00,16,12,2,17,10,640,445,AVENUE ALFRED NOBEL,43.31292,-0.32005,Plein jour,En agglomération,Hors intersection,Temps éblouissant,Deux véhicules - arrière,,,,,,,,,,,1,2,1,7,2.0
201600031772,0016-12-03 16:35:00,16,12,3,16,35,640,445,AVENUE  JEAN BIRAY,43.29189,-0.36934,Plein jour,En agglomération,Hors intersection,Normale,Deux véhicules - arrière,,,,,,,,,,,1,2,1,1,2.0
201600031773,0016-12-05 18:05:00,16,12,5,18,5,640,445,78 AVENUE TRESPOEY,43.29883,-0.35192,Nuit avec éclairage allumé,En agglomération,Intersection en X,Normale,Autre collision,,,,,,,,,,,5,2,2,1,6.0
201600031774,0016-12-07 01:20:00,16,12,7,1,20,640,445,RUE EMILE GARET,43.29928,-0.36331,Nuit avec éclairage allumé,En agglomération,Intersection en X,Normale,Deux véhicules - côté,,,,,,,,,,,5,2,2,1,3.0
201600031775,0016-12-07 18:45:00,16,12,7,18,45,640,269,BOUL COMMADANT MOUCHOTTE,43.30198,-0.31693,Plein jour,En agglomération,Hors intersection,Normale,Trois véhicules et plus - en chaîne,,,,,,,,,,,1,2,1,1,4.0
201600031776,0016-12-08 07:50:00,16,12,8,7,50,640,129,RUE DU PIEDMONT,43.30611,-0.40038,Crépuscule ou aube,Hors agglomération,Hors intersection,Normale,Deux véhicules - côté,,,,,,,,,,,2,1,1,1,3.0
201600031777,0016-12-09 09:35:00,16,12,9,9,35,640,445,COURS LEON BERARD,43.31736,-0.37689,Plein jour,En agglomération,Hors intersection,Temps éblouissant,Trois véhicules et plus - collisions multiples,,,,,,,,,,,1,2,1,7,5.0
201600031778,0016-12-09 18:20:00,16,12,9,18,20,640,445,BOULEVARD DE LA PAIX,43.31875,-0.34602,Crépuscule ou aube,En agglomération,Intersection en T,Normale,Deux véhicules - frontale,,,,,,,,,,,2,2,3,1,1.0
201600031779,0016-12-11 16:28:00,16,12,11,16,28,640,284,RUE CHARLES DE GAULLE,43.28768,-0.39067,Plein jour,En agglomération,Giratoire,Normale,Deux véhicules - côté,,,,,,,,,,,1,2,6,1,3.0
201600031780,0016-12-12 13:55:00,16,12,12,13,55,640,445,ALLEE DU GRAND TOUR DU,43.29979,-0.37959,Plein jour,En agglomération,Intersection en X,Normale,Autre collision,,,,,,,,,,,1,2,2,1,6.0
201600031781,0016-12-13 09:13:00,16,12,13,9,13,640,445,AVENUE DE L'UNIVERSITE,43.31144,-0.36451,Plein jour,En agglomération,Hors intersection,Normale,Deux véhicules - côté,,,,,,,,,,,1,2,1,1,3.0
201600031782,0016-12-13 14:35:00,16,12,13,14,35,640,335,RUE JEAN JAURES,43.31709,-0.42967,Plein jour,En agglomération,Hors intersection,Temps éblouissant,Deux véhicules - côté,,,,,,,,,,,1,2,1,7,3.0
201600031783,0016-12-13 20:25:00,16,12,13,20,25,640,445,21 RUE EMILE GARET,43.30064,-0.36186,Nuit avec éclairage allumé,En agglomération,Hors intersection,Normale,Deux véhicules - arrière,,,,,,,,,,,5,2,1,1,2.0
201600031784,0016-12-14 16:25:00,16,12,14,16,25,640,284,AVENUE HENRI IV,43.28306,-0.38711,Plein jour,En agglomération,Hors intersection,Normale,Deux véhicules - arrière,,,,,,,,,,,1,2,1,1,2.0
201600031785,0016-12-14 18:06:00,16,12,14,18,6,640,445,RAYMOND DE CARBONNIERE,43.30362,-0.35221,Crépuscule ou aube,En agglomération,Hors intersection,Normale,Deux véhicules - côté,,,,,,,,,,,2,2,1,1,3.0
201600031786,0016-12-15 09:28:00,16,12,15,9,28,640,269,51 ROUTE DE TARBES,43.29804,-0.30249,Plein jour,En agglomération,Hors intersection,Normale,Deux véhicules - arrière,,,,,,,,,,,1,2,1,1,2.0
201600031787,0016-12-17 10:50:00,16,12,17,10,50,640,445,82 BOULEVARD TOURASSE,43.31112,-0.35401,Plein jour,En agglomération,Intersection en X,Normale,Autre collision,,,,,,,,,,,1,2,2,1,6.0
201600031788,0016-12-18 10:25:00,16,12,18,10,25,640,445,11 RUE DU 14 JUILLET,43.29223,-0.37824,Plein jour,En agglomération,Intersection en T,Normale,Deux véhicules - côté,,,,,,,,,,,1,2,3,1,3.0
201600031789,0016-12-19 19:10:00,16,12,19,19,10,640,445,ALLEE CONDORCET,43.31613,-0.36152,Nuit avec éclairage allumé,En agglomération,Hors intersection,Normale,Deux véhicules - côté,,,,,,,,,,,5,2,1,1,3.0