accident_id,datetime,annee,mois,jour,heure,minute,departement,commune_insee,adresse,latitude,longitude,luminosite,agglomeration,intersection,meteo,collision,nb_vehicules,nb_usagers,nb_indemnes,nb_tues,nb_blesses_hosp,nb_blesses_legers,age_cond_1,age_cond_2,veh_type_cond_1,veh_type_cond_2,lum_code,agg_code,int_code,atm_code,col_code
201600031790,0016-12-21 19:00:00,16,12,21,19,0,640,445,347 BOULEVARD CAMI SALIE,43.33144,-0.36154,Plein jour,En agglomération,Hors intersection,Normale,Deux véhicules - arrière,,,,,,,,,,,1,2,1,1,2.0
201600031791,0016-12-21 20:50:00,16,12,21,20,50,640,445,AVENUE DE BEZIOU,43.30425,-0.37992,Nuit avec éclairage allumé,En agglomération,Intersection en X,Normale,Deux véhicules - côté,,,,,,,,,,,5,2,2,1,3.0
201600031792,0016-12-22 09:00:00,16,12,22,9,0,640,445,11 AV DU GENERAL LECLERC,43.30608,-0.33604,Plein jour,En agglomération,Hors intersection,Normale,Deux véhicules - côté,,,,,,,,,,,1,2,1,1,3.0
201600031793,0016-12-22 12:30:00,16,12,22,12,30,640,129,26 ROUTE DE BAYONNE,43.29875,-0.39012,Plein jour,Hors agglomération,Hors intersection,Normale,Trois véhicules et plus - en chaîne,,,,,,,,,,,1,1,1,1,4.0
201600031794,0016-12-23 16:35:00,16,12,23,16,35,640,445,RUE HENRI D'ALBRET,43.30114,-0.3836,Plein jour,En agglomération,Intersection en X,Pluie légère,Deux véhicules - côté,,,,,,,,,,,1,2,2,2,3.0
201600031795,0016-12-27 16:49:00,16,12,27,16,49,640,445,41 RUE DE SUEDE,43.31019,-0.34681,Crépuscule ou aube,En agglomération,Hors intersection,Normale,Deux véhicules - côté,,,,,,,,,,,2,2,1,1,3.0
201600031796,0016-12-27 19:53:00,16,12,27,19,53,640,445,BOUL D'ALSACE LORRAINE,43.30347,-0.36437,Nuit avec éclairage allumé,En agglomération,Hors intersection,Normale,Autre collision,,,,,,,,,,,5,2,1,1,6.0
201600031797,0016-01-08 10:30:00,16,1,8,10,30,640,545,RD810,43.36195,-1.70991,Plein jour,En agglomération,Hors intersection,Normale,Deux véhicules - arrière,,,,,,,,,,,1,2,1,1,2.0
201600031798,0016-01-20 10:30:00,16,1,20,10,30,640,260,ROUTE DE LA CORNICHE,43.37422,-1.76042,Plein jour,Hors agglomération,Hors intersection,Normale,Deux véhicules - frontale,,,,,,,,,,,1,1,1,1,1.0
201600031799,0016-01-30 19:30:00,16,1,30,19,30,640,483,43 ANDRE ITHURRALDE,,,Nuit avec éclairage allumé,En agglomération,Hors intersection,Normale,Deux véhicules - frontale,,,,,,,,,,,5,2,1,1,1.0
201600031800,0016-02-07 00:01:00,16,2,7,0,1,640,260,BD GENERAL DE GAULE,43.3577,-1.77649,Nuit avec éclairage allumé,En agglomération,Hors intersection,Pluie forte,Autre collision,,,,,,,,,,,5,2,1,3,6.0
201600031801,0016-02-11 08:16:00,16,2,11,8,16,640,260,BD DU GENERAL DE GAULLE,43.361,-1.77459,Crépuscule ou aube,En agglomération,Hors intersection,Pluie légère,Autre collision,,,,,,,,,,,2,2,1,2,6.0
201600031802,0016-02-12 13:55:00,16,2,12,13,55,640,545,RD 810,43.3619,-1.71749,Plein jour,Hors agglomération,Hors intersection,Normale,Deux véhicules - arrière,,,,,,,,,,,1,1,1,1,2.0
201600031803,0016-02-18 13:49:00,16,2,18,13,49,640,249,RD810,43.41247,-1.61776,Plein jour,En agglomération,Hors intersection,Pluie forte,Trois véhicules et plus - en chaîne,,,,,,,,,,,1,2,1,3,4.0
201600031804,0016-02-20 22:00:00,16,2,20,22,0,640,545,RD810,43.3609,-1.70013,Nuit avec éclairage allumé,Hors agglomération,Intersection en X,Normale,Deux véhicules - côté,,,,,,,,,,,5,1,2,1,3.0
201600031805,0016-02-29 21:30:00,16,2,29,21,30,640,260,BOUL DU GENERAL LECLERC,43.3641,-1.77063,Nuit avec éclairage allumé,Hors agglomération,Hors intersection,Normale,Deux véhicules - frontale,,,,,,,,,,,5,1,1,1,1.0
201600031806,0016-03-04 16:25:00,16,3,4,16,25,640,260,BOUL. GENERAL DE GAULE,43.21139,1.46483,Plein jour,En agglomération,Hors intersection,Normale,Deux véhicules - arrière,,,,,,,,,,,1,2,1,1,2.0
201600031807,0016-03-08 16:20:00,16,3,8,16,20,640,483,AVENUE LAHANCHIPIA,43.40086,-1.63283,Plein jour,Hors agglomération,Hors intersection,Normale,Deux véhicules - côté,,,,,,,,,,,1,1,1,1,3.0
201600031808,0016-03-22 17:50:00,16,3,22,17,50,640,545,RD810,43.36126,-1.70267,Plein jour,En agglomération,Hors intersection,Normale,Deux véhicules - côté,,,,,,,,,,,1,2,1,1,3.0
201600031809,0016-03-26 13:05:00,16,3,26,13,5,640,260,2 CHEMIN DE SOPITE,43.37039,-1.75509,Plein jour,En agglomération,Hors intersection,Normale,Deux véhicules - frontale,,,,,,,,,,,1,2,1,1,1.0
201600031810,0016-03-11 14:00:00,16,3,11,14,0,640,483,BOULEVARD VICTOR HUGO,43.38802,-1.6601,Plein jour,Hors agglomération,Hors intersection,Temps couvert,Sans collision,,,,,,,,,,,1,1,1,8,7.0
201600031811,0016-03-30 12:14:00,16,3,30,12,14,640,260,5 RUE LANNEPOUQUET,43.36677,-1.75868,Plein jour,En agglomération,Hors intersection,Normale,Deux véhicules - côté,,,,,,,,,,,1,2,1,1,3.0
201600031812,0016-04-03 12:05:00,16,4,3,12,5,640,483,AVENUE DE VERDUN,43.38636,-1.66213,Plein jour,En agglomération,Hors intersection,Normale,Deux véhicules - côté,,,,,,,,,,,1,2,1,1,3.0
201600031813,0016-04-07 07:55:00,16,4,7,7,55,640,260,RUE DE HAPETENIA,43.34962,-1.76928,Plein jour,En agglomération,Hors intersection,Normale,Trois véhicules et plus - en chaîne,,,,,,,,,,,1,2,1,1,4.0
201600031814,0016-04-20 11:52:00,16,4,20,11,52,640,260,ROUTE DE LA CORNICHE,43.3756,-1.76259,Plein jour,Hors agglomération,Hors intersection,Normale,Deux véhicules - côté,,,,,,,,,,,1,1,1,1,3.0
201600031815,0016-04-24 10:49:00,16,4,24,10,49,640,483,VIEILLE ROUTE SAINT PEE,43.38687,-1.6204,Plein jour,Hors agglomération,Hors intersection,Normale,Deux véhicules - côté,,,,,,,,,,,1,1,1,1,3.0
201600031816,0016-04-25 18:20:00,16,4,25,18,20,640,545,1900 ROUTE DE BIRIATOU,43.34878,-1.71409,Plein jour,En agglomération,Hors intersection,Normale,Deux véhicules - côté,,,,,,,,,,,1,2,1,1,3.0
201600031817,0016-04-28 13:15:00,16,4,28,13,15,640,249,RD810,43.42126,-1.60536,Plein jour,Hors agglomération,Hors intersection,Normale,Deux véhicules - arrière,,,,,,,,,,,1,1,1,1,2.0
201600031818,0016-04-28 17:30:00,16,4,28,17,30,640,189,AV MITTERRAND FRANCOIS,43.38147,-1.66466,Plein jour,Hors agglomération,Hors intersection,Normale,Deux véhicules - côté,,,,,,,,,,,1,1,1,1,3.0
201600031819,0016-04-29 09:20:00,16,4,29,9,20,640,189,AVENUE JEAN JAURES,43.38312,-1.66676,Plein jour,Hors agglomération,Hors intersection,Normale,Deux véhicules - arrière,,,,,,,,,,,1,1,1,1,2.0
201600031820,0016-04-27 10:25:00,16,4,27,10,25,640,260,RUE DE L'EGLISE,43.35806,-1.7744,Plein jour,En agglomération,Hors intersection,Temps couvert,Autre collision,,,,,,,,,,,1,2,1,8,6.0
201600031821,0016-04-30 07:35:00,16,4,30,7,35,640,260,BOUL. CHARLES DE GAULLE,43.35687,-1.77634,Crépuscule ou aube,Hors agglomération,Hors intersection,Pluie légère,Deux véhicules - frontale,,,,,,,,,,,2,1,1,2,1.0
201600031822,0016-05-06 13:10:00,16,5,6,13,10,640,260,RUE MENTABERRY,43.36729,-1.75021,Plein jour,En agglomération,Hors intersection,Normale,Deux véhicules - côté,,,,,,,,,,,1,2,1,1,3.0
201600031823,0016-05-07 12:03:00,16,5,7,12,3,640,189,AVENUE JEAN JAURES,43.38288,-1.66761,Plein jour,Hors agglomération,Hors intersection,Temps couvert,Trois véhicules et plus - collisions multiples,,,,,,,,,,,1,1,1,8,5.0
201600031824,0016-05-07 13:35:00,16,5,7,13,35,640,483,AVENUE DE CHANTACO,43.37553,-1.63784,Plein jour,Hors agglomération,Hors intersection,Pluie légère,Deux véhicules - arrière,,,,,,,,,,,1,1,1,2,2.0
201600031825,0016-05-10 19:00:00,16,5,10,19,0,640,483,AVENUE A ITHURRALDE,43.39527,-1.64799,Plein jour,En agglomération,Hors intersection,Normale,Trois véhicules et plus - en chaîne,,,,,,,,,,,1,2,1,1,4.0
201600031826,0016-05-20 16:10:00,16,5,20,16,10,640,483,RD 810,43.4026,-1.63518,Plein jour,En agglomération,Hors intersection,Normale,Deux véhicules - arrière,,,,,,,,,,,1,2,1,1,2.0
201600031827,0016-05-21 12:45:00,16,5,21,12,45,640,483,VIEILLE ROUTE SAINT PEE,43.45803,-1.49958,Plein jour,En agglomération,Hors intersection,Normale,Deux véhicules - arrière,,,,,,,,,,,1,2,1,1,2.0
201600031828,0016-05-23 18:45:00,16,5,23,18,45,640,545,735 ROUTE DE GLACIERE,43.35637,-1.74482,Plein jour,Hors agglomération,Hors intersection,Normale,Trois véhicules et plus - collisions multiples,,,,,,,,,,,1,1,1,1,5.0
201600031829,0016-05-27 19:15:00,16,5,27,19,15,640,260,PONT SAINT JACQUES,43.3497,-1.78428,Plein jour,Hors agglomération,Hors intersection,Pluie légère,Trois véhicules et plus - en chaîne,,,,,,,,,,,1,1,1,2,4.0
201600031830,0016-05-28 18:00:00,16,5,28,18,0,640,189,BOULEVARD PIERRE BENOIT,43.38946,-1.68266,Plein jour,En agglomération,Hors intersection,Pluie forte,Deux véhicules - côté,,,,,,,,,,,1,2,1,3,3.0
201600031831,0016-05-28 22:25:00,16,5,28,22,25,640,260,5 RUE DE BIATURENIA,43.3653,-1.7684,Nuit avec éclairage allumé,En agglomération,Hors intersection,Normale,Deux véhicules - côté,,,,,,,,,,,5,2,1,1,3.0
201600031832,0016-05-29 23:00:00,16,5,29,23,0,640,189,CARREFOUR DES EVADES,43.38462,-1.66642,Nuit avec éclairage allumé,En agglomération,Hors intersection,Normale,Deux véhicules - côté,,,,,,,,,,,5,2,1,1,3.0
201600031833,0016-06-07 08:30:00,16,6,7,8,30,640,483,AVENUEI  A ITHURRALDE,43.39264,-1.65265,Plein jour,En agglomération,Hors intersection,Normale,Deux véhicules - frontale,,,,,,,,,,,1,2,1,1,1.0
201600031834,0016-06-07 12:55:00,16,6,7,12,55,640,483,PLACE D' ESPAGNE,43.3831,-1.65605,Plein jour,En agglomération,Hors intersection,Normale,Autre collision,,,,,,,,,,,1,2,1,1,6.0
201600031835,0016-06-08 13:45:00,16,6,8,13,45,640,545,RD810,43.36163,-1.71895,Plein jour,En agglomération,Hors intersection,Normale,Trois véhicules et plus - en chaîne,,,,,,,,,,,1,2,1,1,4.0
201600031836,0016-06-08 17:30:00,16,6,8,17,30,640,260,RUE DE BEHOBIE,43.34961,-1.77549,Plein jour,En agglomération,Hors intersection,Normale,Autre collision,,,,,,,,,,,1,2,1,1,6.0
201600031837,0016-06-08 18:35:00,16,6,8,18,35,640,260,BOULEVARD DE LA MER,43.3731,-1.77386,Plein jour,En agglomération,Hors intersection,Normale,Deux véhicules - côté,,,,,,,,,,,1,2,1,1,3.0
201600031838,0016-06-09 08:40:00,16,6,9,8,40,640,260,RUE D'AIZPURDI,43.3566,-1.77432,Plein jour,Hors agglomération,Hors intersection,Normale,Deux véhicules - côté,,,,,,,,,,,1,1,1,1,3.0
201600031839,0016-06-09 22:25:00,16,6,9,22,25,640,545,RD810,43.352,-1.7388,Nuit sans éclairage public,Hors agglomération,Hors intersection,Normale,Autre collision,,,,,,,,,,,3,1,1,1,6.0
201600031840,0016-06-10 15:30:00,16,6,10,15,30,640,260,BOULEVARD DE LEMPEREUR,43.36506,-1.76032,Plein jour,Hors agglomération,Hors intersection,Temps couvert,Deux véhicules - frontale,,,,,,,,,,,1,1,1,8,1.0
201600031841,0016-06-10 17:30:00,16,6,10,17,30,640,483,AVENUE ANDRE ITHURRALDE,43.3924,-1.65311,Plein jour,Hors agglomération,Hors intersection,Pluie légère,Deux véhicules - côté,,,,,,,,,,,1,1,1,2,3.0
201600031842,0016-06-11 22:20:00,16,6,11,22,20,640,189,BOULEVARD PIERRE BENOIT,43.38809,-1.67659,Nuit avec éclairage allumé,Hors agglomération,Hors intersection,Normale,Deux véhicules - frontale,,,,,,,,,,,5,1,1,1,1.0
201600031843,0016-06-16 10:40:00,16,6,16,10,40,640,483,AVENUE JOACHIM LABROUCHE,43.38697,-1.66126,Plein jour,En agglomération,Hors intersection,Normale,Autre collision,,,,,,,,,,,1,2,1,1,6.0
201600031844,0016-06-17 10:30:00,16,6,17,10,30,640,483,AVENUE DE VERDUN,43.38638,-1.66259,Plein jour,En agglomération,Hors intersection,Normale,Autre collision,,,,,,,,,,,1,2,1,1,6.0
201600031845,0016-06-21 09:37:00,16,6,21,9,37,640,483,RUE DUCONTE,43.39181,-1.6551,Plein jour,En agglomération,Hors intersection,Normale,Autre collision,,,,,,,,,,,1,2,1,1,6.0
201600031846,0016-06-25 21:00:00,16,6,25,21,0,640,260,2 CHEMIN DE SOPITE,43.37045,-1.75509,Plein jour,Hors agglomération,Hors intersection,Normale,Deux véhicules - côté,,,,,,,,,,,1,1,1,1,3.0
201600031847,0016-06-28 08:25:00,16,6,28,8,25,640,545,RD 810,43.36142,-1.71982,Plein jour,Hors agglomération,Hors intersection,Normale,Deux véhicules - arrière,,,,,,,,,,,1,1,1,1,2.0
201600031848,0016-07-05 17:00:00,16,7,5,17,0,640,483,AVENUE ANDRE ITHURRALDE,43.39666,-1.64541,Plein jour,En agglomération,Hors intersection,Normale,Deux véhicules - côté,,,,,,,,,,,1,2,1,1,3.0
201600031849,0016-07-06 12:10:00,16,7,6,12,10,640,260,BOUL DU GENERAL LECLERC,43.36876,-1.77114,Plein jour,En agglomération,Intersection en T,Normale,Deux véhicules - frontale,,,,,,,,,,,1,2,3,1,1.0
201600031850,0016-07-12 15:30:00,16,7,12,15,30,640,483,ROUTE D'AHETZE,43.41183,-1.61148,Plein jour,Hors agglomération,Hors intersection,Normale,Deux véhicules - frontale,,,,,,,,,,,1,1,1,1,1.0
201600031851,0016-07-12 21:10:00,16,7,12,21,10,640,260,BAIE DE CHINGUDY,43.36841,-1.77184,Plein jour,En agglomération,Hors intersection,Normale,Deux véhicules - frontale,,,,,,,,,,,1,2,1,1,1.0
201600031852,0016-07-15 19:30:00,16,7,15,19,30,640,260,RUE DES EUCALYPTUS,43.37115,-1.77587,Plein jour,En agglomération,Hors intersection,Normale,Deux véhicules - frontale,,,,,,,,,,,1,2,1,1,1.0
201600031853,0016-07-14 02:30:00,16,7,14,2,30,640,260,AVENUE DE LISSARDY,43.36839,-1.76441,Nuit avec éclairage allumé,En agglomération,Hors intersection,Normale,Deux véhicules - côté,,,,,,,,,,,5,2,1,1,3.0
201600031854,0016-07-17 12:09:00,16,7,17,12,9,640,260,BOUL. GNERAL DE GAULLE,43.35402,-1.77987,Plein jour,En agglomération,Hors intersection,Normale,Deux véhicules - côté,,,,,,,,,,,1,2,1,1,3.0
201600031855,0016-07-23 10:55:00,16,7,23,10,55,640,483,RD810,43.40025,-1.63927,Plein jour,En agglomération,Hors intersection,Normale,Autre collision,,,,,,,,,,,1,2,1,1,6.0
201600031856,0016-07-25 12:50:00,16,7,25,12,50,640,483,AV DOCTEUR SCHEITZER,43.39925,-1.39234,Plein jour,En agglomération,Hors intersection,Normale,Deux véhicules - côté,,,,,,,,,,,1,2,1,1,3.0
201600031857,0016-07-26 17:33:00,16,7,26,17,33,640,249,AVENUE GETARIA,43.41843,-1.60781,Plein jour,Hors agglomération,Hors intersection,Normale,Deux véhicules - arrière,,,,,,,,,,,1,1,1,1,2.0
201600031858,0016-07-27 23:10:00,16,7,27,23,10,640,545,RD810,43.35525,-1.73673,Nuit sans éclairage public,Hors agglomération,Hors intersection,Normale,Deux véhicules - côté,,,,,,,,,,,3,1,1,1,3.0
201600031859,0016-07-31 16:23:00,16,7,31,16,23,640,545,ROUTE D'IBARDIN,43.33518,-1.68987,Plein jour,Hors agglomération,Hors intersection,Normale,Deux véhicules - frontale,,,,,,,,,,,1,1,1,1,1.0
201600031860,0016-07-31 18:35:00,16,7,31,18,35,640,260,BOUL. GNERAL DE GAULLE,43.35864,-1.7761,Plein jour,En agglomération,Hors intersection,Normale,Deux véhicules - côté,,,,,,,,,,,1,2,1,1,3.0
201600031861,0016-08-01 14:59:00,16,8,1,14,59,640,260,ROUTE DE LA GLACIERE,43.3727,-1.74823,Plein jour,En agglomération,Hors intersection,Normale,Deux véhicules - arrière,,,,,,,,,,,1,2,1,1,2.0
201600031862,0016-08-04 00:25:00,16,8,4,0,25,640,249,AVENUE GETARIA,43.4166,-1.6102,Nuit avec éclairage allumé,Hors agglomération,Hors intersection,Normale,Deux véhicules - frontale,,,,,,,,,,,5,1,1,1,1.0
201600031863,0016-08-06 18:20:00,16,8,6,18,20,640,483,ROUTE D'AHETZE,43.4016,-1.59983,Plein jour,En agglomération,Hors intersection,Normale,Deux véhicules - frontale,,,,,,,,,,,1,2,1,1,1.0
201600031864,0016-08-14 19:20:00,16,8,14,19,20,640,260,RUE D'ELLISSACILIO,43.375,-1.76388,Plein jour,En agglomération,Hors intersection,Normale,Autre collision,,,,,,,,,,,1,2,1,1,6.0
201600031865,0016-08-17 17:25:00,16,8,17,17,25,640,249,AVENUE GETARIA,43.4166,-1.6102,Plein jour,En agglomération,Hors intersection,Normale,Deux véhicules - arrière,,,,,,,,,,,1,2,1,1,2.0
201600031866,0016-08-18 11:25:00,16,8,18,11,25,640,189,AVENUE DU GOLF,43.3776,-1.65903,Plein jour,En agglomération,Hors intersection,Normale,Deux véhicules - arrière,,,,,,,,,,,1,2,1,1,2.0
201600031867,0016-08-18 10:30:00,16,8,18,10,30,640,189,RD810,43.3777,-1.67289,Plein jour,En agglomération,Hors intersection,Normale,Trois véhicules et plus - en chaîne,,,,,,,,,,,1,2,1,1,4.0
201600031868,0016-08-19 10:35:00,16,8,19,10,35,640,260,RUE DU THEATRE,43.3558,-1.77307,Plein jour,En agglomération,Hors intersection,Normale,Autre collision,,,,,,,,,,,1,2,1,1,6.0
201600031869,0016-08-22 11:45:00,16,8,22,11,45,640,483,RD810,43.4075,-1.6266,Plein jour,Hors agglomération,Hors intersection,Normale,Deux véhicules - côté,,,,,,,,,,,1,1,1,1,3.0
201600031870,0016-08-22 11:45:00,16,8,22,11,45,640,260,BOUL DU GENERAL LECLERC,43.3674,-1.77032,Plein jour,En agglomération,Hors intersection,Normale,Deux véhicules - côté,,,,,,,,,,,1,2,1,1,3.0
201600031871,0016-08-22 19:20:00,16,8,22,19,20,640,260,RUE DE ST JEAN DE LUZ,43.374,-1.76742,Plein jour,En agglomération,Hors intersection,Normale,Autre collision,,,,,,,,,,,1,2,1,1,6.0
201600031872,0016-08-29 14:35:00,16,8,29,14,35,640,483,PLACE MARECHAL FOCH,43.3874,-1.66284,Plein jour,En agglomération,Hors intersection,Normale,Autre collision,,,,,,,,,,,1,2,1,1,6.0
201600031873,0016-08-29 17:45:00,16,8,29,17,45,640,260,RUE DU COM PASSICOT,43.3588,-1.77219,Plein jour,En agglomération,Hors intersection,Normale,Deux véhicules - arrière,,,,,,,,,,,1,2,1,1,2.0
201600031874,0016-08-30 11:15:00,16,8,30,11,15,640,483,RD810,43.3994,-1.64064,Plein jour,Hors agglomération,Hors intersection,Normale,Deux véhicules - côté,,,,,,,,,,,1,1,1,1,3.0
201600031875,0016-09-02 12:34:00,16,9,2,12,34,640,483,RD810,43.3897,-1.65384,Plein jour,En agglomération,Hors intersection,Normale,Trois véhicules et plus - collisions multiples,,,,,,,,,,,1,2,1,1,5.0
201600031876,0016-09-03 13:50:00,16,9,3,13,50,640,483,RD810,43.38606,-1.66102,Plein jour,En agglomération,Hors intersection,Normale,Deux véhicules - arrière,,,,,,,,,,,1,2,1,1,2.0
201600031877,0016-09-11 06:05:00,16,9,11,6,5,640,249,RD810,43.42103,-1.60592,Nuit sans éclairage public,En agglomération,Hors intersection,Normale,Deux véhicules - frontale,,,,,,,,,,,3,2,1,1,1.0
201600031878,0016-09-21 01:14:00,16,9,21,1,14,640,249,RD810,43.42121,-1.60536,Nuit avec éclairage allumé,En agglomération,Hors intersection,Normale,Deux véhicules - arrière,,,,,,,,,,,5,2,1,1,2.0
201600031879,0016-09-25 10:45:00,16,9,25,10,45,640,545,ROUTE D'IBARDIN,43.3563,-1.69106,Plein jour,Hors agglomération,Hors intersection,Normale,Deux véhicules - frontale,,,,,,,,,,,1,1,1,1,1.0
201600031880,0016-09-28 18:50:00,16,9,28,18,50,640,545,ROUTE D'IBARDIN,43.35542,-1.69075,Crépuscule ou aube,Hors agglomération,Hors intersection,Normale,Deux véhicules - frontale,,,,,,,,,,,2,1,1,1,1.0
201600031881,0016-09-30 10:00:00,16,9,30,10,0,640,260,RUE SANTIAGO,43.3501,-1.7812,Plein jour,En agglomération,Hors intersection,Normale,Deux véhicules - arrière,,,,,,,,,,,1,2,1,1,2.0
201600031882,0016-10-05 13:00:00,16,10,5,13,0,640,483,AVENUE DE CHANTACO,43.37764,-1.63777,Plein jour,Hors agglomération,Hors intersection,Normale,Deux véhicules - frontale,,,,,,,,,,,1,1,1,1,1.0
201600031883,0016-10-08 21:40:00,16,10,8,21,40,640,483,RD810,43.41128,-1.61978,Nuit avec éclairage allumé,En agglomération,Hors intersection,Normale,Trois véhicules et plus - collisions multiples,,,,,,,,,,,5,2,1,1,5.0
201600031884,0016-10-10 17:10:00,16,10,10,17,10,640,483,AVENUE DE CHANTACO,43.3768,-1.6377,Plein jour,En agglomération,Hors intersection,Normale,Autre collision,,,,,,,,,,,1,2,1,1,6.0
201600031885,0016-10-12 12:50:00,16,10,12,12,50,640,189,AV JOSEPH BESSELERE,43.3813,-1.6629,Plein jour,En agglomération,Hors intersection,Normale,Deux véhicules - frontale,,,,,,,,,,,1,2,1,1,1.0
201600031886,0016-10-13 06:44:00,16,10,13,6,44,640,483,RD810,43.3964,-1.6458,Nuit avec éclairage allumé,En agglomération,Hors intersection,Temps couvert,Deux véhicules - côté,,,,,,,,,,,5,2,1,8,3.0
201600031887,0016-10-13 17:30:00,16,10,13,17,30,640,189,ALLEE DU PETIT BOIS,43.3752,-1.6601,Plein jour,En agglomération,Hors intersection,Temps couvert,Autre collision,,,,,,,,,,,1,2,1,8,6.0
201600031888,0016-10-14 15:30:00,16,10,14,15,30,640,545,ROUTE DE LA GLACIERE,43.3668,-1.7461,Plein jour,En agglomération,Hors intersection,Normale,Deux véhicules - frontale,,,,,,,,,,,1,2,1,1,1.0
201600031889,0016-10-22 15:30:00,16,10,22,15,30,640,260,31 RUESAN MARTIAL,43.3525,-1.7685,Plein jour,En agglomération,Hors intersection,Normale,Sans collision,,,,,,,,,,,1,2,1,1,7.0
201600031890,0016-10-23 16:00:00,16,10,23,16,0,640,483,ITHURRALDE ANDRE (AVENUE,43.3964,-1.6459,Plein jour,En agglomération,Hors intersection,Normale,Trois véhicules et plus - en chaîne,,,,,,,,,,,1,2,1,1,4.0
201600031891,0016-10-25 11:45:00,16,10,25,11,45,640,545,ROUTE D'IBARDIN,43.3282,-1.6872,Plein jour,En agglomération,Hors intersection,Normale,Deux véhicules - frontale,,,,,,,,,,,1,2,1,1,1.0
201600031892,0016-11-14 08:10:00,16,11,14,8,10,640,545,RD810,43.36869,-1.6848,Plein jour,En agglomération,Hors intersection,Normale,Deux véhicules - arrière,,,,,,,,,,,1,2,1,1,2.0
201600031893,0016-10-25 20:20:00,16,10,25,20,20,640,483,ITHURRALDE ANDRE (AVENUE,43.23296,-1.39172,Nuit avec éclairage allumé,En agglomération,Hors intersection,Normale,Deux véhicules - côté,,,,,,,,,,,5,2,1,1,3.0
201600031894,0016-10-29 19:20:00,16,10,29,19,20,640,483,RD 810,43.41411,-1.6137,Plein jour,Hors agglomération,Hors intersection,Normale,Deux véhicules - arrière,,,,,,,,,,,1,1,1,1,2.0
201600031895,0016-11-14 15:05:00,16,11,14,15,5,640,260,BOUL. GNERAL DE GAULLE,43.35975,-1.77559,Plein jour,En agglomération,Hors intersection,Normale,Autre collision,,,,,,,,,,,1,2,1,1,6.0
201600031896,0016-11-14 17:35:00,16,11,14,17,35,640,483,BOUL COMMANDANT PASSICOT,43.38609,-1.66123,Plein jour,En agglomération,Hors intersection,Normale,Deux véhicules - côté,,,,,,,,,,,1,2,1,1,3.0
201600031897,0016-11-16 14:50:00,16,11,16,14,50,640,483,AVENUE ANDRE ITHURRALDE,43.39963,-1.64027,Plein jour,En agglomération,Hors intersection,Normale,Deux véhicules - arrière,,,,,,,,,,,1,2,1,1,2.0
201600031898,0016-11-18 13:00:00,16,11,18,13,0,640,545,RD810,43.34641,-1.75094,Plein jour,En agglomération,Hors intersection,Temps couvert,Sans collision,,,,,,,,,,,1,2,1,8,7.0
201600031899,0016-11-26 15:16:00,16,11,26,15,16,640,483,AVENUE DE CHANTACO,43.38003,-1.64,Plein jour,En agglomération,Hors intersection,Normale,Deux véhicules - côté,,,,,,,,,,,1,2,1,1,3.0
201600031900,0016-12-06 11:34:00,16,12,6,11,34,640,483,AV PIERRE LARRAMENDY,43.38469,-1.6613,Plein jour,En agglomération,Hors intersection,Normale,Deux véhicules - frontale,,,,,,,,,,,1,2,1,1,1.0
201600031901,0016-12-08 08:00:00,16,12,8,8,0,640,483,PLACE LOUIS XIV,43.38782,-1.66377,Plein jour,En agglomération,Hors intersection,Normale,Autre collision,,,,,,,,,,,1,2,1,1,6.0
201600031902,0016-12-10 20:00:00,16,12,10,20,0,640,483,AVENUE ANDRE ITHURRALDE,43.39322,-1.65164,Nuit avec éclairage allumé,En agglomération,Hors intersection,Normale,Deux véhicules - arrière,,,,,,,,,,,5,2,1,1,2.0
201600031903,0016-12-13 17:20:00,16,12,13,17,20,640,545,ROUTE D'IBARDIN,43.33771,-1.69088,Crépuscule ou aube,Hors agglomération,Hors intersection,Normale,Deux véhicules - arrière,,,,,,,,,,,2,1,1,1,2.0
201600031904,0016-12-13 20:05:00,16,12,13,20,5,640,483,RD810,43.3995,-1.6403,Nuit avec éclairage allumé,En agglomération,Hors intersection,Normale,Autre collision,,,,,,,,,,,5,2,1,1,6.0
201600031905,0016-12-15 16:15:00,16,12,15,16,15,640,189,CHEMIN DE GURUTZETA,43.384,-1.6731,Plein jour,En agglomération,Hors intersection,Temps éblouissant,Autre collision,,,,,,,,,,,1,2,1,7,6.0
201600031906,0016-12-21 19:00:00,16,12,21,19,0,640,545,RD810,43.37476,-1.6787,Nuit sans éclairage public,En agglomération,Hors intersection,Pluie forte,Deux véhicules - côté,,,,,,,,,,,3,2,1,3,3.0
201600031907,0016-12-24 13:30:00,16,12,24,13,30,640,483,RD810,43.39934,-1.64083,Plein jour,En agglomération,Hors intersection,Normale,Deux véhicules - côté,,,,,,,,,,,1,2,1,1,3.0
201600031908,0016-01-05 08:10:00,16,1,5,8,10,650,286,"26, LAGARDERE (AVENUE FR",43.0865,-0.04605,Nuit avec éclairage non allumé,En agglomération,Hors intersection,Normale,Autre collision,,,,,,,,,,,4,2,1,1,6.0
201600031909,0016-01-18 07:45:00,16,1,18,7,45,650,286,"60, MARQUI (AVENUE ALEXA",43.1027,-0.04332,Nuit avec éclairage allumé,En agglomération,Hors intersection,Pluie légère,Deux véhicules - arrière,,,,,,,,,,,5,2,1,2,2.0
201600031910,0016-01-18 09:48:00,16,1,18,9,48,650,286,"10, ESPAGNE (BOULEVARD D",43.0918,-0.04075,Plein jour,En agglomération,Hors intersection,Pluie forte,Autre collision,,,,,,,,,,,1,2,1,3,6.0