accident_id,datetime,annee,mois,jour,heure,minute,departement,commune_insee,adresse,latitude,longitude,luminosite,agglomeration,intersection,meteo,collision,nb_vehicules,nb_usagers,nb_indemnes,nb_tues,nb_blesses_hosp,nb_blesses_legers,age_cond_1,age_cond_2,veh_type_cond_1,veh_type_cond_2,lum_code,agg_code,int_code,atm_code,col_code
201600031911,0016-02-02 07:45:00,16,2,2,7,45,650,286,"1, MARQUI (AVENUE ALEXAN",43.101,-0.04471,Plein jour,En agglomération,Hors intersection,Normale,Deux véhicules - côté,,,,,,,,,,,1,2,1,1,3.0
201600031912,0016-02-12 14:10:00,16,2,12,14,10,650,286,"24, BAGNERES (RUE DE)",43.0959,-0.04463,Plein jour,En agglomération,Intersection en T,Pluie forte,Autre collision,,,,,,,,,,,1,2,3,3,6.0
201600031913,0016-03-05 17:00:00,16,3,5,17,0,650,286,"3, CHAMP COMMUN (PLACE)",43.09408,-0.04619,Plein jour,En agglomération,Hors intersection,Pluie forte,Deux véhicules - côté,,,,,,,,,,,1,2,1,3,3.0
201600031914,0016-03-07 15:55:00,16,3,7,15,55,650,286,MOULIN (AVENUE JEAN),43.1087,-0.02849,Plein jour,En agglomération,Intersection en T,Pluie légère,Deux véhicules - côté,,,,,,,,,,,1,2,3,2,3.0
201600031915,0016-03-07 17:25:00,16,3,7,17,25,650,286,"4, ESPAGNE (BOULEVARD D'",43.0874,-0.0431,Plein jour,En agglomération,Hors intersection,Pluie légère,Autre collision,,,,,,,,,,,1,2,1,2,6.0
201600031916,0016-03-11 16:45:00,16,3,11,16,45,650,286,"32, CHAMP COMMUN (PLACE)",43.0935,-0.04742,Plein jour,En agglomération,Autre intersection,Normale,Autre collision,,,,,,,,,,,1,2,9,1,6.0
201600031917,0016-05-09 11:45:00,16,5,9,11,45,650,286,BARATCHELE (RUE DU),43.10921,-0.06337,Plein jour,En agglomération,Hors intersection,Normale,Autre collision,,,,,,,,,,,1,2,1,1,6.0
201600031918,0016-05-11 07:45:00,16,5,11,7,45,650,2,", ROUTE NATIONALE 21",43.12837,-0.02761,Crépuscule ou aube,Hors agglomération,Hors intersection,Normale,Deux véhicules - frontale,,,,,,,,,,,2,1,1,1,1.0
201600031919,0016-05-20 17:10:00,16,5,20,17,10,650,286,"1, LANGELLE (RUE DE)",43.09697,-0.04566,Plein jour,En agglomération,Hors intersection,Normale,Autre collision,,,,,,,,,,,1,2,1,1,6.0
201600031920,0016-06-20 15:00:00,16,6,20,15,0,650,286,"8, MARCADAL (PLACE)",43.09563,-0.04635,Plein jour,En agglomération,Hors intersection,Normale,Deux véhicules - arrière,,,,,,,,,,,1,2,1,1,2.0
201600031921,0016-08-06 04:50:00,16,8,6,4,50,650,286,"0, SAINT-EXUPERY (RUE)",43.1071,-0.02762,Nuit sans éclairage public,En agglomération,Hors intersection,Normale,Sans collision,,,,,,,,,,,3,2,1,1,7.0
201600031922,0016-08-22 21:45:00,16,8,22,21,45,650,286,"0, Route Nationale 21",43.1163,-0.03286,Nuit avec éclairage allumé,Hors agglomération,Intersection en T,Normale,Deux véhicules - frontale,,,,,,,,,,,5,1,3,1,1.0
201600031923,0016-08-19 08:00:00,16,8,19,8,0,650,286,"0, ROUTE NATIONALE 21",43.11603,-0.03285,Plein jour,Hors agglomération,Intersection en T,Normale,Autre collision,,,,,,,,,,,1,1,3,1,6.0
201600031924,0016-09-06 17:45:00,16,9,6,17,45,650,286,"3, MARQUI (AVENUE ALEXAN",43.1011,-0.04465,Plein jour,En agglomération,Hors intersection,Normale,Autre collision,,,,,,,,,,,1,2,1,1,6.0
201600031925,0016-09-17 11:55:00,16,9,17,11,55,650,286,"20, ABADIE (Avenue Fran",43.1109,-0.03696,Plein jour,En agglomération,Hors intersection,Normale,Deux véhicules - arrière,,,,,,,,,,,1,2,1,1,2.0
201600031926,0016-09-22 14:15:00,16,9,22,14,15,650,286,"17, SAINTE-MARIE (RUE)",43.0957,-0.05544,Plein jour,En agglomération,Hors intersection,Normale,Autre collision,,,,,,,,,,,1,2,1,1,6.0
201600031927,0016-09-29 12:10:00,16,9,29,12,10,650,286,LANGELLE (RUE DE),43.09701,-0.0452,Plein jour,En agglomération,Intersection en T,Normale,Deux véhicules - côté,,,,,,,,,,,1,2,3,1,3.0
201600031928,0016-10-13 19:55:00,16,10,13,19,55,650,286,"0, ABADIE (Avenue Frano",43.10922,-0.03806,Nuit avec éclairage allumé,En agglomération,Hors intersection,Pluie légère,Autre collision,,,,,,,,,,,5,2,1,2,6.0
201600031929,0016-10-27 16:05:00,16,10,27,16,5,650,286,JUIN (AVENUE MARECHAL),43.09226,-0.04574,Plein jour,En agglomération,Hors intersection,Normale,Autre collision,,,,,,,,,,,1,2,1,1,6.0
201600031930,0016-11-08 15:32:00,16,11,8,15,32,650,286,"0, FOCH (AVENUE MARECHAL",43.08968,-0.04615,Plein jour,En agglomération,Intersection en Y,Pluie légère,Autre collision,,,,,,,,,,,1,2,4,2,6.0
201600031931,0016-01-04 11:40:00,16,1,4,11,40,650,417,", DALLAS (RUE EDOUARD)",43.224,0.09416,Plein jour,En agglomération,Giratoire,Normale,Deux véhicules - côté,,,,,,,,,,,1,2,6,1,3.0
201600031932,0016-01-12 08:10:00,16,1,12,8,10,650,440,"., ECHEZ (BOULEVARD DE L",43.2296,0.05181,Nuit avec éclairage allumé,En agglomération,Intersection en X,Pluie légère,Deux véhicules - côté,,,,,,,,,,,5,2,2,2,3.0
201600031933,0016-01-27 11:25:00,16,1,27,11,25,650,47,"14, JAURES (AVE JEAN)",43.2348,0.09243,Plein jour,En agglomération,Hors intersection,Normale,Trois véhicules et plus - collisions multiples,,,,,,,,,,,1,2,1,1,5.0
201600031934,0016-01-31 19:25:00,16,1,31,19,25,650,440,"., PAUL (BOULEVARD JEAN",43.2266,0.08932,Crépuscule ou aube,En agglomération,Hors intersection,Pluie légère,Deux véhicules - frontale,,,,,,,,,,,2,2,1,2,1.0
201600031935,0016-02-10 13:50:00,16,2,10,13,50,650,47,"116, NOVEMBRE (RUE DU XI",43.2464,0.08956,Plein jour,En agglomération,Giratoire,Pluie légère,Deux véhicules - côté,,,,,,,,,,,1,2,6,2,3.0
201600031936,0016-02-19 16:25:00,16,2,19,16,25,650,100,"11 BIS, FRANCE (RUE ANAT",43.2561,0.04641,Plein jour,En agglomération,Hors intersection,Normale,Autre collision,,,,,,,,,,,1,2,1,1,6.0
201600031937,0016-02-20 19:00:00,16,2,20,19,0,650,440,"., RENAUDET (BOULEVARD P",43.24495,0.07842,Plein jour,En agglomération,Intersection en T,Normale,Autre collision,,,,,,,,,,,1,2,3,1,6.0
201600031938,0016-02-29 17:15:00,16,2,29,17,15,650,440,"7, ALBRET (RUE JEANNE D'",43.2295,0.07633,Plein jour,En agglomération,Hors intersection,Normale,Autre collision,,,,,,,,,,,1,2,1,1,6.0
201600031939,0016-03-10 08:30:00,16,3,10,8,30,650,440,"30, MARTINET (BOULEVARD",43.2346,0.0841,Plein jour,En agglomération,Intersection en X,Normale,Deux véhicules - côté,,,,,,,,,,,1,2,2,1,3.0
201600031940,0016-03-19 14:55:00,16,3,19,14,55,650,417,"86, MITTERRAND (AVENUE F",43.2241,0.10169,Plein jour,En agglomération,Hors intersection,Normale,Deux véhicules - côté,,,,,,,,,,,1,2,1,1,3.0
201600031941,0016-03-24 21:20:00,16,3,24,21,20,650,440,"., VOSGES (AVENUE DES)",43.2493,0.06533,Nuit avec éclairage allumé,En agglomération,Intersection en X,Normale,Deux véhicules - frontale,,,,,,,,,,,5,2,2,1,1.0
201600031942,0016-03-29 18:00:00,16,3,29,18,0,650,47,"1C, FERRY (RUE JULES)",43.2423,0.09671,Plein jour,En agglomération,Hors intersection,Normale,Deux véhicules - arrière,,,,,,,,,,,1,2,1,1,2.0
201600031943,0016-03-29 18:50:00,16,3,29,18,50,650,440,"16, MAQUIS DE SOMBRUN (R",43.2419,0.06178,Plein jour,En agglomération,Intersection en T,Normale,Deux véhicules - côté,,,,,,,,,,,1,2,3,1,3.0
201600031944,0016-04-16 17:15:00,16,4,16,17,15,650,440,"., MARCADIEU (PLACE)",43.2311,0.08459,Plein jour,En agglomération,Hors intersection,Pluie légère,Autre collision,,,,,,,,,,,1,2,1,2,6.0
201600031945,0016-04-19 07:40:00,16,4,19,7,40,650,417,SAINT FRAI (PONT),43.2292,0.09156,Plein jour,En agglomération,Hors intersection,Normale,Deux véhicules - côté,,,,,,,,,,,1,2,1,1,3.0
201600031946,0016-05-06 18:15:00,16,5,6,18,15,650,331,LOURDES (76 AVENUE DE),43.2101,0.04724,Plein jour,En agglomération,Hors intersection,Normale,Deux véhicules - arrière,,,,,,,,,,,1,2,1,1,2.0
201600031947,0016-05-24 19:30:00,16,5,24,19,30,650,417,"19, MITTERRAND (AVENUE F",43.2319,0.09329,Plein jour,En agglomération,Hors intersection,Normale,Autre collision,,,,,,,,,,,1,2,1,1,6.0
201600031948,0016-05-29 01:50:00,16,5,29,1,50,650,433,"., THOREZ (RUE MAURICE)",43.2111,0.09797,Nuit avec éclairage allumé,En agglomération,Intersection en T,Normale,Sans collision,,,,,,,,,,,5,2,3,1,7.0
201600031949,0016-06-04 13:50:00,16,6,4,13,50,650,440,"121, REGIMENT DE BIGORRE",43.2254,0.06947,Plein jour,En agglomération,Hors intersection,Normale,Autre collision,,,,,,,,,,,1,2,1,1,6.0
201600031950,0016-06-07 21:50:00,16,6,7,21,50,650,47,"57, JAURES (AVE JEAN)",43.243,0.09553,Crépuscule ou aube,En agglomération,Hors intersection,Normale,Deux véhicules - côté,,,,,,,,,,,2,2,1,1,3.0
201600031951,0016-06-21 20:10:00,16,6,21,20,10,650,417,"12, PATELLIERE (RUE DE L",43.2326,0.09665,Plein jour,En agglomération,Intersection en X,Normale,Deux véhicules - côté,,,,,,,,,,,1,2,2,1,3.0
201600031952,0016-06-22 09:10:00,16,6,22,9,10,650,417,"94, MITTERRAND (AVENUE F",43.2229,0.10294,Plein jour,En agglomération,Hors intersection,Normale,Deux véhicules - arrière,,,,,,,,,,,1,2,1,1,2.0
201600031953,0016-06-27 21:30:00,16,6,27,21,30,650,440,"70, FOCH (RUE DU MARECHA",43.2319,0.08113,Plein jour,En agglomération,Hors intersection,Normale,Deux véhicules - arrière,,,,,,,,,,,1,2,1,1,2.0
201600031954,0016-07-03 23:30:00,16,7,3,23,30,650,440,"18, DESPOURRINS (RUE)",43.233,0.07323,Nuit avec éclairage allumé,En agglomération,Hors intersection,Normale,Trois véhicules et plus - en chaîne,,,,,,,,,,,5,2,1,1,4.0
201600031955,0016-07-08 16:15:00,16,7,8,16,15,650,226,"33, PAU (ROUTE DE)",43.2434,-0.01162,Plein jour,Hors agglomération,Intersection en T,Normale,Deux véhicules - côté,,,,,,,,,,,1,1,3,1,3.0
201600031956,0016-07-11 09:10:00,16,7,11,9,10,650,440,"., CRONSTADT (RUE DE)",43.2285,0.075,Plein jour,En agglomération,Intersection en T,Normale,Deux véhicules - côté,,,,,,,,,,,1,2,3,1,3.0
201600031957,0016-07-29 01:00:00,16,7,29,1,0,650,440,"108, CORPS FRANC POMMIES",43.2368,0.0529,Nuit sans éclairage public,En agglomération,Hors intersection,Normale,Autre collision,,,,,,,,,,,3,2,1,1,6.0
201600031958,0016-07-30 17:45:00,16,7,30,17,45,650,226,PAU (ROUTE DE),43.2395,0.02721,Plein jour,Hors agglomération,Hors intersection,Normale,Deux véhicules - arrière,,,,,,,,,,,1,1,1,1,2.0
201600031959,0016-08-10 09:40:00,16,8,10,9,40,650,440,"34, LARREY (RUE)",43.2304,0.07468,Plein jour,En agglomération,Hors intersection,Normale,Autre collision,,,,,,,,,,,1,2,1,1,6.0
201600031960,0016-08-13 21:00:00,16,8,13,21,0,650,100,"., FRANCE (RUE ANATOLE)",43.25642,0.04643,Crépuscule ou aube,En agglomération,Intersection en X,Normale,Deux véhicules - côté,,,,,,,,,,,2,2,2,1,3.0
201600031961,0016-08-23 18:00:00,16,8,23,18,0,650,440,"., FERRE (PLACE)",43.22845,0.07573,Plein jour,En agglomération,Giratoire,Normale,Deux véhicules - côté,,,,,,,,,,,1,2,6,1,3.0
201600031962,0016-09-09 21:40:00,16,9,9,21,40,650,440,"79, MAQUIS DE PAYOLLE (R",43.2219,0.08476,Nuit avec éclairage allumé,En agglomération,Hors intersection,Normale,Trois véhicules et plus - collisions multiples,,,,,,,,,,,5,2,1,1,5.0
201600031963,0016-09-12 00:45:00,16,9,12,0,45,650,440,"., SEPTEMBRE (RUE DU IV)",43.22898,0.08114,Nuit avec éclairage allumé,En agglomération,Intersection en X,Normale,Deux véhicules - côté,,,,,,,,,,,5,2,2,1,3.0
201600031964,0016-09-12 11:35:00,16,9,12,11,35,650,440,"25, JOFFRE (AVENUE DU MA",43.2395,0.06956,Plein jour,En agglomération,Hors intersection,Normale,Autre collision,,,,,,,,,,,1,2,1,1,6.0
201600031965,0016-09-18 10:55:00,16,9,18,10,55,650,417,"., PYRENEES (IMPASSE DES",43.2134,0.11083,Plein jour,Hors agglomération,Hors intersection,Normale,Trois véhicules et plus - collisions multiples,,,,,,,,,,,1,1,1,1,5.0
201600031966,0016-09-30 18:45:00,16,9,30,18,45,650,440,"., MARTINET (BOULEVARD D",43.233,0.08635,Plein jour,En agglomération,Intersection en T,Normale,Deux véhicules - côté,,,,,,,,,,,1,2,3,1,3.0
201600031967,0016-10-06 18:35:00,16,10,6,18,35,650,417,"1, MITTERRAND (AVENUE FR",43.2331,0.09204,Plein jour,En agglomération,Hors intersection,Normale,Autre collision,,,,,,,,,,,1,2,1,1,6.0
201600031968,0016-10-07 16:41:00,16,10,7,16,41,650,440,"6, ADOUR (QUAI DE L')",43.23055,0.08774,Plein jour,En agglomération,Hors intersection,Normale,Deux véhicules - côté,,,,,,,,,,,1,2,1,1,3.0
201600031969,0016-10-17 08:03:00,16,10,17,8,3,650,440,"30, DELACROIX (BD EUGENE",43.2267,0.06138,Plein jour,En agglomération,Hors intersection,Normale,Deux véhicules - frontale,,,,,,,,,,,1,2,1,1,1.0
201600031970,0016-10-17 12:19:00,16,10,17,12,19,650,417,"14, MITTERRAND (AVENUE F",43.2321,0.09309,Plein jour,En agglomération,Hors intersection,Normale,Deux véhicules - frontale,,,,,,,,,,,1,2,1,1,1.0
201600031971,0016-10-18 12:05:00,16,10,18,12,5,650,440,FOURCADE (RUE ANDRE),43.23344,0.07767,Plein jour,En agglomération,Intersection en X,Normale,Deux véhicules - côté,,,,,,,,,,,1,2,2,1,3.0
201600031972,0016-10-31 14:40:00,16,10,31,14,40,650,440,"., ROSTAND (RUE JEAN)",43.22697,0.07892,Plein jour,En agglomération,Hors intersection,Normale,Autre collision,,,,,,,,,,,1,2,1,1,6.0
201600031973,0016-10-31 14:25:00,16,10,31,14,25,650,440,"., ALSTHOM (PONT)",43.22312,0.0916,Plein jour,En agglomération,Hors intersection,Normale,Autre collision,,,,,,,,,,,1,2,1,1,6.0
201600031974,0016-11-03 14:25:00,16,11,3,14,25,650,440,"6, MARNE (AVENUE DE LA)",43.2318,0.08575,Plein jour,En agglomération,Hors intersection,Normale,Autre collision,,,,,,,,,,,1,2,1,1,6.0
201600031975,0016-11-26 00:15:00,16,11,26,0,15,650,440,"1, JOFFRE (AVENUE DU MAR",43.2395,0.06871,Nuit avec éclairage allumé,En agglomération,Hors intersection,Normale,Deux véhicules - arrière,,,,,,,,,,,5,2,1,1,2.0
201600031976,0016-12-01 13:50:00,16,12,1,13,50,650,440,Av Régiment de Bigorre,43.2289,0.07002,Plein jour,En agglomération,Hors intersection,Normale,Autre collision,,,,,,,,,,,1,2,1,1,6.0
201600031977,0016-12-01 15:20:00,16,12,1,15,20,650,440,"., JUIN (BOULEVARD DU MA",43.237,0.05613,Plein jour,En agglomération,Hors intersection,Normale,Deux véhicules - côté,,,,,,,,,,,1,2,1,1,3.0
201600031978,0016-12-05 15:30:00,16,12,5,15,30,650,440,"3, FOULD (AVENUE)",43.2273,0.07497,Plein jour,En agglomération,Hors intersection,Normale,Autre collision,,,,,,,,,,,1,2,1,1,6.0
201600031979,0016-12-13 19:15:00,16,12,13,19,15,650,440,"6, FORGES (AVENUE DES)",43.2386,0.08684,Nuit avec éclairage allumé,En agglomération,Hors intersection,Normale,Autre collision,,,,,,,,,,,5,2,1,1,6.0
201600031980,0016-12-14 13:00:00,16,12,14,13,0,650,433,"1, MAUMUS (RUE JEAN)",43.20399,0.09923,Plein jour,Hors agglomération,Hors intersection,Normale,Deux véhicules - côté,,,,,,,,,,,1,1,1,1,3.0
201600031981,0016-12-15 12:00:00,16,12,15,12,0,650,440,"1, BROGLIE (RUE LOUIS DE",43.2218,0.07806,Plein jour,En agglomération,Hors intersection,Normale,Autre collision,,,,,,,,,,,1,2,1,1,6.0
201600031982,0016-12-15 21:35:00,16,12,15,21,35,650,440,"., VOSGES (AVENUE DES)",43.2493,0.06533,Nuit avec éclairage allumé,En agglomération,Intersection en X,Normale,Deux véhicules - côté,,,,,,,,,,,5,2,2,1,3.0
201600031983,0016-12-26 16:35:00,16,12,26,16,35,650,47,"., SPORTS (AVENUE DES)",43.2339,0.09632,Plein jour,En agglomération,Intersection en T,Normale,Deux véhicules - côté,,,,,,,,,,,1,2,3,1,3.0
201600031984,0016-06-12 19:45:00,16,6,12,19,45,90,79,,43.15402,1.39632,Plein jour,Hors agglomération,Hors intersection,Normale,Deux véhicules - côté,,,,,,,,,,,1,1,1,1,3.0
201600031985,0016-06-27 18:45:00,16,6,27,18,45,90,181,,43.09107,1.37789,Plein jour,Hors agglomération,Hors intersection,Normale,Autre collision,,,,,,,,,,,1,1,1,1,6.0
201600031986,0016-09-17 19:15:00,16,9,17,19,15,90,61,,43.11768,1.35702,Plein jour,Hors agglomération,Hors intersection,Temps couvert,Autre collision,,,,,,,,,,,1,1,1,8,6.0
201600031987,0016-09-28 09:15:00,16,9,28,9,15,90,123,,43.1782,1.25015,Plein jour,Hors agglomération,Hors intersection,Normale,Deux véhicules - arrière,,,,,,,,,,,1,1,1,1,2.0
201600031988,0016-10-28 07:00:00,16,10,28,7,0,90,202,Camp Nègre,43.06484,1.4874,Nuit avec éclairage allumé,En agglomération,Hors intersection,Brouillard / fumée,Deux véhicules - côté,,,,,,,,,,,5,2,1,5,3.0
201600031989,0016-01-06 07:43:00,16,1,6,7,43,660,136,"33, LECLERC (AVENUE DU G",42.70118,2.89011,Crépuscule ou aube,En agglomération,Hors intersection,Normale,Autre collision,,,,,,,,,,,2,2,1,1,6.0
201600031990,0016-01-06 08:25:00,16,1,6,8,25,660,136,DALBIEZ (AVENUE VICTOR),42.69183,2.8854,Plein jour,En agglomération,Intersection en X,Normale,Deux véhicules - côté,,,,,,,,,,,1,2,2,1,3.0
201600031991,0016-01-07 17:00:00,16,1,7,17,0,660,136,BALEARES ROND POINT ET C,42.68865,2.89508,Plein jour,Hors agglomération,Hors intersection,Normale,Deux véhicules - côté,,,,,,,,,,,1,1,1,1,3.0
201600031992,0016-01-08 15:20:00,16,1,8,15,20,660,136,"33, AERODROME AVENUE DE",42.72309,2.88373,Plein jour,En agglomération,Hors intersection,Normale,Autre collision,,,,,,,,,,,1,2,1,1,6.0
201600031993,0016-01-09 16:29:00,16,1,9,16,29,660,136,JULIEN PANCHOT (AVENUE),42.69159,2.8827,Plein jour,En agglomération,Intersection en X,Normale,Deux véhicules - côté,,,,,,,,,,,1,2,2,1,3.0
201600031994,0016-01-14 08:44:00,16,1,14,8,44,660,136,VAUVENARGUES (LUC DE),42.68901,2.88817,Plein jour,En agglomération,Intersection en X,Normale,Deux véhicules - côté,,,,,,,,,,,1,2,2,1,3.0
201600031995,0016-01-19 12:05:00,16,1,19,12,5,660,136,MERMOZ (AVENUE JEAN),42.69383,2.9138,Plein jour,En agglomération,Hors intersection,Pluie légère,Autre collision,,,,,,,,,,,1,2,1,2,6.0
201600031996,0016-01-20 04:15:00,16,1,20,4,15,660,136,R D 900,,,Nuit sans éclairage public,Hors agglomération,Hors intersection,Normale,Sans collision,,,,,,,,,,,3,1,1,1,7.0
201600031997,0016-01-20 19:00:00,16,1,20,19,0,660,136,PALAIS-DES-EXPO (AVENUE,42.71344,2.9056,Nuit avec éclairage allumé,En agglomération,Hors intersection,Normale,Deux véhicules - côté,,,,,,,,,,,5,2,1,1,3.0
201600031998,0016-01-22 17:00:00,16,1,22,17,0,660,136,"19, COTE RADIEUSE (DE LA",42.67537,2.90821,Plein jour,Hors agglomération,Hors intersection,Normale,Deux véhicules - côté,,,,,,,,,,,1,1,1,1,3.0
201600031999,0016-01-22 09:43:00,16,1,22,9,43,660,136,SAINT-ROCH (CHEMIN DE),42.66507,2.92152,Plein jour,Hors agglomération,Hors intersection,Normale,Deux véhicules - frontale,,,,,,,,,,,1,1,1,1,1.0
201600032000,0016-01-29 20:40:00,16,1,29,20,40,660,136,GRANDE BRETAGNE (AVENUE,42.6988,2.87781,Nuit avec éclairage allumé,En agglomération,Intersection en X,Normale,Deux véhicules - côté,,,,,,,,,,,5,2,2,1,3.0
201600032001,0016-02-02 13:20:00,16,2,2,13,20,660,136,CARLETTES ( CHEMIN ET RU,42.65899,2.87566,Plein jour,Hors agglomération,Hors intersection,Normale,Autre collision,,,,,,,,,,,1,1,1,1,6.0
201600032002,0016-02-03 00:20:00,16,2,3,0,20,660,136,GRANDE BRETAGNE (AVENUE,42.69922,2.88067,Nuit avec éclairage allumé,En agglomération,Hors intersection,Normale,Deux véhicules - côté,,,,,,,,,,,5,2,1,1,3.0
201600032003,0016-02-04 09:20:00,16,2,4,9,20,660,136,TORREILLES (AV DU DOCTEU,42.69033,2.87269,Plein jour,En agglomération,Giratoire,Normale,Deux véhicules - côté,,,,,,,,,,,1,2,6,1,3.0
201600032004,0016-02-04 16:10:00,16,2,4,16,10,660,136,ROUGET-DE-L'ISLE (CLAUDE,42.70101,2.89235,Plein jour,En agglomération,Intersection en X,Normale,Autre collision,,,,,,,,,,,1,2,2,1,6.0
201600032005,0016-02-09 08:00:00,16,2,9,8,0,660,136,R D 900,,,Plein jour,Hors agglomération,Hors intersection,Normale,Autre collision,,,,,,,,,,,1,1,1,1,6.0
201600032006,0016-02-10 21:50:00,16,2,10,21,50,660,136,"20, LANGUEDOC (AVENUE DU",42.72333,2.88962,Nuit avec éclairage allumé,En agglomération,Hors intersection,Normale,Autre collision,,,,,,,,,,,5,2,1,1,6.0
201600032007,0016-02-18 10:40:00,16,2,18,10,40,660,136,R D 900,,,Plein jour,Hors agglomération,Hors intersection,Normale,Autre collision,,,,,,,,,,,1,1,1,1,6.0
201600032008,0016-02-14 19:10:00,16,2,14,19,10,660,136,R D 900,42.70153,2.88579,Nuit avec éclairage allumé,Hors agglomération,Hors intersection,Pluie forte,Autre collision,,,,,,,,,,,5,1,1,3,6.0
201600032009,0016-02-18 18:15:00,16,2,18,18,15,660,136,JOFFRE (AVENUE DU MARECH,42.71413,2.88882,Plein jour,Hors agglomération,Hors intersection,Normale,Deux véhicules - côté,,,,,,,,,,,1,1,1,1,3.0
201600032010,0016-02-22 18:20:00,16,2,22,18,20,660,136,VENDANGES (DES),42.7077,2.89606,Plein jour,En agglomération,Intersection en X,Normale,Deux véhicules - côté,,,,,,,,,,,1,2,2,1,3.0
201600032011,0016-02-23 18:27:00,16,2,23,18,27,660,136,JULIEN PANCHOT (AVENUE),42.69122,2.88188,Plein jour,En agglomération,Hors intersection,Normale,Autre collision,,,,,,,,,,,1,2,1,1,6.0
201600032012,0016-02-26 04:15:00,16,2,26,4,15,660,136,R D 900,,,Nuit sans éclairage public,Hors agglomération,Hors intersection,Normale,Deux véhicules - arrière,,,,,,,,,,,3,1,1,1,2.0
201600032013,0016-03-01 11:30:00,16,3,1,11,30,660,136,PALALDA (DE),42.685,2.90266,Plein jour,En agglomération,Hors intersection,Normale,Autre collision,,,,,,,,,,,1,2,1,1,6.0
201600032014,0016-03-07 09:30:00,16,3,7,9,30,660,136,"4050, JULIEN PANCHOT (AV",42.67574,2.84144,Plein jour,En agglomération,Hors intersection,Normale,Deux véhicules - arrière,,,,,,,,,,,1,2,1,1,2.0
201600032015,0016-03-03 22:50:00,16,3,3,22,50,660,136,ROUDAYRE (AVENUE EMILE),42.71277,2.89759,Nuit avec éclairage allumé,En agglomération,Hors intersection,Normale,Deux véhicules - côté,,,,,,,,,,,5,2,1,1,3.0
201600032016,0016-03-11 12:43:00,16,3,11,12,43,660,136,ROTTERDAM (ROND POINT DE,42.69415,2.85079,Plein jour,En agglomération,Hors intersection,Normale,Deux véhicules - côté,,,,,,,,,,,1,2,1,1,3.0
201600032017,0016-03-12 10:00:00,16,3,12,10,0,660,136,BALEARES ROND POINT ET C,42.68865,2.895,Plein jour,En agglomération,Hors intersection,Normale,Deux véhicules - côté,,,,,,,,,,,1,2,1,1,3.0
201600032018,0016-03-14 09:35:00,16,3,14,9,35,660,136,"1155, JULIEN PANCHOT (AV",42.68814,2.87442,Plein jour,Hors agglomération,Hors intersection,Normale,Deux véhicules - arrière,,,,,,,,,,,1,1,1,1,2.0
201600032019,0016-03-15 14:00:00,16,3,15,14,0,660,136,CLEMENCEAU (BOULEVARD),42.70095,2.8924,Plein jour,En agglomération,Hors intersection,Normale,Autre collision,,,,,,,,,,,1,2,1,1,6.0
201600032020,0016-03-16 14:00:00,16,3,16,14,0,660,136,LATTRE DE TASSIGNY(QUAI,42.69759,2.89054,Plein jour,En agglomération,Hors intersection,Normale,Autre collision,,,,,,,,,,,1,2,1,1,6.0
201600032021,0016-03-20 06:45:00,16,3,20,6,45,660,136,Dpartementale  617,42.70727,2.90944,Crépuscule ou aube,Hors agglomération,Hors intersection,Normale,Deux véhicules - arrière,,,,,,,,,,,2,1,1,1,2.0
201600032022,0016-03-21 16:20:00,16,3,21,16,20,660,136,"50, CLEMENCEAU (BOULEVAR",42.69931,2.88863,Plein jour,En agglomération,Hors intersection,Normale,Autre collision,,,,,,,,,,,1,2,1,1,6.0
201600032023,0016-03-24 03:20:00,16,3,24,3,20,660,136,SAUVY (ALFRED),42.67948,2.89866,Nuit avec éclairage allumé,En agglomération,Hors intersection,Normale,Sans collision,,,,,,,,,,,5,2,1,1,7.0
201600032024,0016-03-26 01:58:00,16,3,26,1,58,660,136,"1450, JULIEN PANCHOT (AV",42.68713,2.8703,Nuit sans éclairage public,Hors agglomération,Hors intersection,Normale,Sans collision,,,,,,,,,,,3,1,1,1,7.0
201600032025,0016-03-26 21:00:00,16,3,26,21,0,660,136,DALBIEZ (AVENUE VICTOR),42.68305,2.88194,Nuit sans éclairage public,En agglomération,Hors intersection,Normale,Sans collision,,,,,,,,,,,3,2,1,1,7.0
201600032026,0016-04-06 09:20:00,16,4,6,9,20,660,136,PAYRA (PLACE JEAN),42.69826,2.88904,Plein jour,En agglomération,Hors intersection,Normale,Autre collision,,,,,,,,,,,1,2,1,1,6.0
201600032027,0016-04-08 09:00:00,16,4,8,9,0,660,136,SEVIGNE (MADAME MARIE DE,42.69302,2.90928,Plein jour,En agglomération,Hors intersection,Normale,Autre collision,,,,,,,,,,,1,2,1,1,6.0
201600032028,0016-04-07 17:30:00,16,4,7,17,30,660,136,STAEL (MADAME DE),42.6942,2.91026,Plein jour,En agglomération,Hors intersection,Normale,Autre collision,,,,,,,,,,,1,2,1,1,6.0
201600032029,0016-04-08 15:35:00,16,4,8,15,35,660,136,PYRENEES (BOULEVARD DES),42.69661,2.88805,Plein jour,Hors agglomération,Hors intersection,Normale,Trois véhicules et plus - collisions multiples,,,,,,,,,,,1,1,1,1,5.0
201600032030,0016-04-10 19:32:00,16,4,10,19,32,660,136,KENNEDY (BD JOHN-FITZGER,42.68799,2.90408,Plein jour,En agglomération,Hors intersection,Normale,Autre collision,,,,,,,,,,,1,2,1,1,6.0
201600032031,0016-04-14 08:26:00,16,4,14,8,26,660,136,EIDENBENZ (RD PT ELISABE,42.7291,2.88898,Plein jour,Hors agglomération,Giratoire,Normale,Deux véhicules - côté,,,,,,,,,,,1,1,6,1,3.0