accident_id,datetime,annee,mois,jour,heure,minute,departement,commune_insee,adresse,latitude,longitude,luminosite,agglomeration,intersection,meteo,collision,nb_vehicules,nb_usagers,nb_indemnes,nb_tues,nb_blesses_hosp,nb_blesses_legers,age_cond_1,age_cond_2,veh_type_cond_1,veh_type_cond_2,lum_code,agg_code,int_code,atm_code,col_code
201600032408,0016-04-09 15:10:00,16,4,9,15,10,670,447,"54, GENERAL DE GAULLE (R",48.60667,7.7365,Plein jour,En agglomération,Hors intersection,Normale,Autre collision,,,,,,,,,,,1,2,1,1,6.0
201600032409,0016-04-09 16:20:00,16,4,9,16,20,670,482,"145, MITTELHAUSBERGEN (R",48.59725,7.71508,Plein jour,En agglomération,Hors intersection,Normale,Deux véhicules - côté,,,,,,,,,,,1,2,1,1,3.0
201600032410,0016-04-09 19:20:00,16,4,9,19,20,670,482,"SPV, 12 AV. JEAN JAURES",48.5712,8.5712,Plein jour,En agglomération,Hors intersection,Normale,Deux véhicules - frontale,,,,,,,,,,,1,2,1,1,1.0
201600032411,0016-04-10 15:50:00,16,4,10,15,50,670,43,"76, PERIGUEUX (AVENUE DE",48.61474,7.73486,Plein jour,En agglomération,Hors intersection,Normale,Deux véhicules - côté,,,,,,,,,,,1,2,1,1,3.0
201600032412,0016-04-11 08:20:00,16,4,11,8,20,670,482,"0, DROITS DE L HOMME (AL",48.59701,7.77679,Plein jour,En agglomération,Intersection en X,Normale,Deux véhicules - côté,,,,,,,,,,,1,2,2,1,3.0
201600032413,0016-04-11 11:50:00,16,4,11,11,50,670,482,"11, VOSGES (AVENUE DES)",48.58779,7.7578,Plein jour,En agglomération,Intersection en X,Normale,Autre collision,,,,,,,,,,,1,2,2,1,6.0
201600032414,0016-04-11 14:35:00,16,4,11,14,35,670,267,"0, NORMANDIE (RUE DE)",48.56173,7.6816,Plein jour,En agglomération,Intersection en T,Normale,Deux véhicules - côté,,,,,,,,,,,1,2,3,1,3.0
201600032415,0016-04-13 08:40:00,16,4,13,8,40,670,218,"0, VIGNES (RUE DES)",48.52104,7.72579,Plein jour,En agglomération,Intersection en T,Normale,Deux véhicules - frontale,,,,,,,,,,,1,2,3,1,1.0
201600032416,0016-04-13 20:00:00,16,4,13,20,0,670,482,"01, PROVENCE (RUE DE)",48.54617,7.75129,Plein jour,En agglomération,Hors intersection,Normale,Deux véhicules - côté,,,,,,,,,,,1,2,1,1,3.0
201600032417,0016-04-14 08:30:00,16,4,14,8,30,670,447,"50, BISCHWILLER (ROUTE D",48.60117,7.74427,Plein jour,En agglomération,Hors intersection,Normale,Deux véhicules - côté,,,,,,,,,,,1,2,1,1,3.0
201600032418,0016-04-14 21:25:00,16,4,14,21,25,670,482,"0, DOUBS (RUE DU)",48.56513,7.7347,Nuit avec éclairage allumé,En agglomération,Hors intersection,Normale,Deux véhicules - frontale,,,,,,,,,,,5,2,1,1,1.0
201600032419,0016-04-15 19:00:00,16,4,15,19,0,670,447,"0, GABRIELLE COLETTE (RU",48.61279,7.73906,Plein jour,En agglomération,Hors intersection,Normale,Deux véhicules - frontale,,,,,,,,,,,1,2,1,1,1.0
201600032420,0016-04-15 19:55:00,16,4,15,19,55,670,365,"36, GENERAL LECLERC (RUE",48.54835,7.70916,Plein jour,En agglomération,Hors intersection,Normale,Deux véhicules - côté,,,,,,,,,,,1,2,1,1,3.0
201600032421,0016-04-18 12:10:00,16,4,18,12,10,670,482,"0, GLIESBERG (CHEMIN DU)",48.56798,7.70996,Plein jour,En agglomération,Hors intersection,Normale,Autre collision,,,,,,,,,,,1,2,1,1,6.0
201600032422,0016-04-19 11:25:00,16,4,19,11,25,670,482,"26, PREMIERE ARMEE (RUE",48.57676,7.75213,Plein jour,En agglomération,Hors intersection,Normale,Autre collision,,,,,,,,,,,1,2,1,1,6.0
201600032423,0016-04-19 17:25:00,16,4,19,17,25,670,482,"0, LOUIS PASTEUR (QUAI)",48.57405,7.74325,Plein jour,En agglomération,Hors intersection,Normale,Deux véhicules - arrière,,,,,,,,,,,1,2,1,1,2.0
201600032424,0016-04-19 19:50:00,16,4,19,19,50,670,447,"0, 23 NOVEMBRE (AVENUE D",48.60765,7.73091,Plein jour,En agglomération,Hors intersection,Normale,Deux véhicules - côté,,,,,,,,,,,1,2,1,1,3.0
201600032425,0016-04-20 14:35:00,16,4,20,14,35,670,482,"0, INGOLD (RUE)",48.5456,7.76924,Plein jour,En agglomération,Intersection en X,Normale,Deux véhicules - côté,,,,,,,,,,,1,2,2,1,3.0
201600032426,0016-04-20 16:30:00,16,4,20,16,30,670,482,"0, FUSTEL DE COULANGES (",48.57523,7.75345,Plein jour,En agglomération,Hors intersection,Normale,Autre collision,,,,,,,,,,,1,2,1,1,6.0
201600032427,0016-04-21 17:00:00,16,4,21,17,0,670,482,"17, PREMIERE ARMEE (RUE",48.57772,7.75107,Plein jour,En agglomération,Hors intersection,Normale,Deux véhicules - côté,,,,,,,,,,,1,2,1,1,3.0
201600032428,0016-04-21 20:00:00,16,4,21,20,0,670,447,"0, BISCHWILLER (ROUTE DE",48.60449,7.74738,Crépuscule ou aube,En agglomération,Intersection en X,Normale,Deux véhicules - arrière,,,,,,,,,,,2,2,2,1,2.0
201600032429,0016-04-22 14:40:00,16,4,22,14,40,670,482,"18, DANTE (AVENUE)",48.59168,7.70359,Plein jour,En agglomération,Intersection en T,Normale,Deux véhicules - côté,,,,,,,,,,,1,2,3,1,3.0
201600032430,0016-04-22 17:20:00,16,4,22,17,20,670,482,"19, GROSSAU (RUE DE LA)",48.5672,7.76254,Plein jour,En agglomération,Intersection en T,Normale,Deux véhicules - côté,,,,,,,,,,,1,2,3,1,3.0
201600032431,0016-04-23 23:20:00,16,4,23,23,20,670,482,"18, FUSTEL DE COULANGES",,,Nuit sans éclairage public,En agglomération,Hors intersection,Normale,Deux véhicules - frontale,,,,,,,,,,,3,2,1,1,1.0
201600032432,0016-04-24 05:22:00,16,4,24,5,22,670,482,"0, HEYRITZ (TUNNEL DU)",48.57197,7.49827,Nuit avec éclairage non allumé,En agglomération,Hors intersection,Normale,Deux véhicules - côté,,,,,,,,,,,4,2,1,1,3.0
201600032433,0016-04-24 13:15:00,16,4,24,13,15,670,482,"18, ALPES (QUAI DES)",,,Plein jour,En agglomération,Hors intersection,Normale,Deux véhicules - côté,,,,,,,,,,,1,2,1,1,3.0
201600032434,0016-04-24 20:25:00,16,4,24,20,25,670,482,"0, RHIN (AVENUE DU)",48.57152,7.77038,Plein jour,Hors agglomération,Hors intersection,Normale,Deux véhicules - côté,,,,,,,,,,,1,1,1,1,3.0
201600032435,0016-04-26 12:15:00,16,4,26,12,15,670,482,"2, LAUSANNE (RUE DE)",48.57719,7.75829,Plein jour,En agglomération,Hors intersection,Temps couvert,Autre collision,,,,,,,,,,,1,2,1,8,6.0
201600032436,0016-04-27 17:20:00,16,4,27,17,20,670,482,SCHIRMECK (ROUTE DE),48.57333,7.71874,Plein jour,En agglomération,Intersection en T,Normale,Deux véhicules - côté,,,,,,,,,,,1,2,3,1,3.0
201600032437,0016-04-28 08:00:00,16,4,28,8,0,670,447,"0, BISCHWILLER (ROUTE DE",48.59823,7.74181,Plein jour,En agglomération,Hors intersection,Pluie légère,Deux véhicules - arrière,,,,,,,,,,,1,2,1,2,2.0
201600032438,0016-04-28 08:05:00,16,4,28,8,5,670,447,"140, BISCHWILLER (ROUTE",48.60821,7.75002,Plein jour,En agglomération,Hors intersection,Pluie légère,Deux véhicules - arrière,,,,,,,,,,,1,2,1,2,2.0
201600032439,0016-04-28 20:00:00,16,4,28,20,0,670,447,"47, PRINCIPALE (RUE)",48.6049,7.75104,Crépuscule ou aube,En agglomération,Hors intersection,Normale,Autre collision,,,,,,,,,,,2,2,1,1,6.0
201600032440,0016-05-03 08:00:00,16,5,3,8,0,670,218,"0, STRASBOURG (AVENUE DE",48.54259,7.73605,Plein jour,En agglomération,Hors intersection,Normale,Deux véhicules - côté,,,,,,,,,,,1,2,1,1,3.0
201600032441,0016-05-03 08:30:00,16,5,3,8,30,670,482,"0, BORDEAUX (PLACE DE)",48.59371,7.75817,Plein jour,Hors agglomération,Intersection en X,Normale,Deux véhicules - frontale,,,,,,,,,,,1,1,2,1,1.0
201600032442,0016-05-04 17:31:00,16,5,4,17,31,670,482,"41, FAUBOURG DE SAVERNE",48.5868,7.73914,Plein jour,En agglomération,Hors intersection,Normale,Deux véhicules - frontale,,,,,,,,,,,1,2,1,1,1.0
201600032443,0016-05-06 17:00:00,16,5,6,17,0,670,482,"0, CHARMILLE (RUE DE LA)",48.58752,7.71777,Plein jour,En agglomération,Intersection en T,Normale,Deux véhicules - côté,,,,,,,,,,,1,2,3,1,3.0
201600032444,0016-05-06 21:37:00,16,5,6,21,37,670,482,"0, POLYGONE (ROUTE DU)",48.56553,7.75946,Nuit avec éclairage allumé,En agglomération,Intersection en X,Normale,Deux véhicules - côté,,,,,,,,,,,5,2,2,1,3.0
201600032445,0016-05-09 09:00:00,16,5,9,9,0,670,482,"43, POLYGONE (ROUTE DU)",48.56901,7.75701,Plein jour,En agglomération,Hors intersection,Normale,Deux véhicules - côté,,,,,,,,,,,1,2,1,1,3.0
201600032446,0016-05-09 18:40:00,16,5,9,18,40,670,482,"0, AVERROES",48.57519,7.73554,Plein jour,En agglomération,Intersection en X,Normale,Autre collision,,,,,,,,,,,1,2,2,1,6.0
201600032447,0016-05-10 13:20:00,16,5,10,13,20,670,482,"0, SCHIRMECK (ROUTE DE)",48.56953,7.71071,Plein jour,En agglomération,Hors intersection,Normale,Deux véhicules - arrière,,,,,,,,,,,1,2,1,1,2.0
201600032448,0016-05-11 14:35:00,16,5,11,14,35,670,482,"0, rue Edmond Michelet",48.58706,7.76658,Plein jour,En agglomération,Hors intersection,Normale,Autre collision,,,,,,,,,,,1,2,1,1,6.0
201600032449,0016-05-11 15:25:00,16,5,11,15,25,670,447,"0, ERSTEIN (RUE D )",48.61073,7.73945,Plein jour,En agglomération,Hors intersection,Normale,Deux véhicules - côté,,,,,,,,,,,1,2,1,1,3.0
201600032450,0016-05-13 12:10:00,16,5,13,12,10,670,482,SCHIRMECK (ROUTE DE),48.56376,7.70469,Plein jour,En agglomération,Hors intersection,Normale,Autre collision,,,,,,,,,,,1,2,1,1,6.0
201600032451,0016-05-14 04:50:00,16,5,14,4,50,670,482,"0, SCHIRMECK (ROUTE DE)",48.57211,7.71428,Nuit avec éclairage allumé,En agglomération,Hors intersection,Normale,Deux véhicules - arrière,,,,,,,,,,,5,2,1,1,2.0
201600032452,0016-05-16 14:15:00,16,5,16,14,15,670,365,"0, FORET (RUE DE LA)",48.55882,7.7201,Plein jour,Hors agglomération,Hors intersection,Normale,Sans collision,,,,,,,,,,,1,1,1,1,7.0
201600032453,0016-05-16 16:45:00,16,5,16,16,45,670,447,"55, DE LATTRE DE TASSIGN",48.61,7.7407,Plein jour,En agglomération,Hors intersection,Pluie légère,Deux véhicules - frontale,,,,,,,,,,,1,2,1,2,1.0
201600032454,0016-05-16 18:00:00,16,5,16,18,0,670,482,"7, BEHLENHEIM (RUE DE)",48.6007,7.70946,Plein jour,En agglomération,Hors intersection,Pluie légère,Autre collision,,,,,,,,,,,1,2,1,2,6.0
201600032455,0016-05-16 17:01:00,16,5,16,17,1,670,482,"0, ROMAINS (ROUTE DES)",48.57768,7.70391,Plein jour,En agglomération,Intersection en X,Normale,Deux véhicules - côté,,,,,,,,,,,1,2,2,1,3.0
201600032456,0016-05-17 08:25:00,16,5,17,8,25,670,482,"93, BOECKLIN (RUE)",48.60201,7.78262,Plein jour,En agglomération,Hors intersection,Normale,Deux véhicules - arrière,,,,,,,,,,,1,2,1,1,2.0
201600032457,0016-05-19 07:47:00,16,5,19,7,47,670,482,"0, CANONNIERS (RUE DES)",48.55434,7.76372,Plein jour,En agglomération,Intersection en T,Normale,Deux véhicules - côté,,,,,,,,,,,1,2,3,1,3.0
201600032458,0016-05-19 10:10:00,16,5,19,10,10,670,482,"0, VIEIL HOPITAL (RUE DU",48.58072,7.74935,Plein jour,En agglomération,Intersection en T,Normale,Deux véhicules - côté,,,,,,,,,,,1,2,3,1,3.0
201600032459,0016-05-19 17:20:00,16,5,19,17,20,670,43,"16, TUILERIE (RUE DE LA)",48.61515,7.7514,Plein jour,En agglomération,Hors intersection,Normale,Autre collision,,,,,,,,,,,1,2,1,1,6.0
201600032460,0016-05-20 20:54:00,16,5,20,20,54,670,482,"25A, JEAN JAURES (AVENUE",48.56972,7.76238,Plein jour,En agglomération,Hors intersection,Normale,Autre collision,,,,,,,,,,,1,2,1,1,6.0
201600032461,0016-05-21 13:24:00,16,5,21,13,24,670,482,"0, RHIN (AVENUE DU)",48.57045,7.77574,Plein jour,En agglomération,Intersection en X,Normale,Deux véhicules - côté,,,,,,,,,,,1,2,2,1,3.0
201600032462,0016-05-22 17:25:00,16,5,22,17,25,670,482,"0, ALPES (QUAI DES)",48.57461,7.76637,Plein jour,En agglomération,Hors intersection,Normale,Autre collision,,,,,,,,,,,1,2,1,1,6.0
201600032463,0016-05-23 10:50:00,16,5,23,10,50,670,482,"0, JACQUES KABLE (RUE)",,,Plein jour,En agglomération,Intersection en X,Pluie forte,Deux véhicules - frontale,,,,,,,,,,,1,2,2,3,1.0
201600032464,0016-05-23 11:40:00,16,5,23,11,40,670,365,"0, ALFRED KASTLER (RUE)",48.53778,7.69514,Plein jour,En agglomération,Intersection en X,Pluie légère,Deux véhicules - côté,,,,,,,,,,,1,2,2,2,3.0
201600032465,0016-05-24 12:10:00,16,5,24,12,10,670,482,"0, BRULEE (RUE)",48.5846,7.75144,Plein jour,En agglomération,Intersection en X,Normale,Autre collision,,,,,,,,,,,1,2,2,1,6.0
201600032466,0016-05-24 23:30:00,16,5,24,23,30,670,482,"0, LA ROCHELLE (RUE DE)",48.52487,7.77785,Nuit avec éclairage allumé,En agglomération,Intersection en X,Normale,Deux véhicules - côté,,,,,,,,,,,5,2,2,1,3.0
201600032467,0016-05-25 08:10:00,16,5,25,8,10,670,43,"0, MUNDOLSHEIM (RUE DE)",48.61621,7.73348,Plein jour,En agglomération,Intersection en T,Normale,Deux véhicules - frontale,,,,,,,,,,,1,2,3,1,1.0
201600032468,0016-05-25 12:15:00,16,5,25,12,15,670,482,"0, HOCHFELDEN (RUE DE)",48.59931,7.72456,Plein jour,En agglomération,Hors intersection,Normale,Deux véhicules - côté,,,,,,,,,,,1,2,1,1,3.0
201600032469,0016-05-26 19:30:00,16,5,26,19,30,670,204,"0, CHEMINOTS (RUE DES)",48.62007,7.75358,Plein jour,En agglomération,Intersection en T,Normale,Deux véhicules - côté,,,,,,,,,,,1,2,3,1,3.0
201600032470,0016-05-27 12:15:00,16,5,27,12,15,670,267,"0, SPORTS (RUE DES)",48.56389,7.68989,Plein jour,En agglomération,Hors intersection,Normale,Deux véhicules - frontale,,,,,,,,,,,1,2,1,1,1.0
201600032471,0016-05-27 14:29:00,16,5,27,14,29,670,482,"0, ROMAINS (ROUTE DES)",48.57935,7.7143,Plein jour,En agglomération,Intersection en X,Normale,Deux véhicules - frontale,,,,,,,,,,,1,2,2,1,1.0
201600032472,0016-05-27 15:30:00,16,5,27,15,30,670,267,"0, DACHSTEIN (RUE DE)",,,Plein jour,En agglomération,Hors intersection,Normale,Autre collision,,,,,,,,,,,1,2,1,1,6.0
201600032473,0016-05-27 17:35:00,16,5,27,17,35,670,482,"169, ROMAINS (ROUTE DES)",48.57905,7.70018,Plein jour,En agglomération,Hors intersection,Normale,Autre collision,,,,,,,,,,,1,2,1,1,6.0
201600032474,0016-05-28 17:40:00,16,5,28,17,40,670,482,"8, GUILLAUME APOLLINAIRE",48.59767,7.69955,Plein jour,En agglomération,Hors intersection,Normale,Autre collision,,,,,,,,,,,1,2,1,1,6.0
201600032475,0016-05-28 19:35:00,16,5,28,19,35,670,482,"120, BALE (RUE DE)",48.56601,7.76728,Plein jour,En agglomération,Hors intersection,Neige / grêle,Autre collision,,,,,,,,,,,1,2,1,4,6.0
201600032476,0016-05-30 11:55:00,16,5,30,11,55,670,482,"0, RHEINFELD (RUE DE)",48.52462,7.7814,Plein jour,En agglomération,Hors intersection,Pluie forte,Deux véhicules - côté,,,,,,,,,,,1,2,1,3,3.0
201600032477,0016-05-30 16:20:00,16,5,30,16,20,670,267,"2, MONTEE (RUE DE LA)",48.55993,7.62072,Plein jour,Hors agglomération,Hors intersection,Normale,Autre collision,,,,,,,,,,,1,1,1,1,6.0
201600032478,0016-05-31 09:20:00,16,5,31,9,20,670,218,"39, ANDRE MALRAUX (AVENU",48.52419,7.72142,Plein jour,En agglomération,Hors intersection,Normale,Deux véhicules - côté,,,,,,,,,,,1,2,1,1,3.0
201600032479,0016-06-01 20:30:00,16,6,1,20,30,670,482,"10, COUDREUSE (RUE DE LA",48.58792,7.74984,Crépuscule ou aube,En agglomération,Hors intersection,Normale,Autre collision,,,,,,,,,,,2,2,1,1,6.0
201600032480,0016-06-02 14:05:00,16,6,2,14,5,670,482,"0, BERSTETT (RUE DE)",,,Plein jour,En agglomération,Intersection en X,Normale,Deux véhicules - côté,,,,,,,,,,,1,2,2,1,3.0
201600032481,0016-06-02 18:30:00,16,6,2,18,30,670,482,"0, JACQUES PREISS (BOULE",48.48591,7.7621,Plein jour,En agglomération,Intersection en T,Normale,Autre collision,,,,,,,,,,,1,2,3,1,6.0
201600032482,0016-06-03 22:06:00,16,6,3,22,6,670,482,"0, REPUBLIQUE (PLACE DE",48.58671,7.75464,Nuit avec éclairage allumé,En agglomération,Hors intersection,Pluie légère,Autre collision,,,,,,,,,,,5,2,1,2,6.0
201600032483,0016-06-03 22:25:00,16,6,3,22,25,670,482,"0, VIENNE (ROUTE DE)",48.57325,7.7555,Nuit avec éclairage allumé,En agglomération,Intersection en T,Pluie légère,Deux véhicules - côté,,,,,,,,,,,5,2,3,2,3.0
201600032484,0016-06-05 16:45:00,16,6,5,16,45,670,482,"SPV, 37 RUE CHARMILLE",48.58373,7.71873,Plein jour,En agglomération,Hors intersection,Normale,Autre collision,,,,,,,,,,,1,2,1,1,6.0
201600032485,0016-06-06 07:15:00,16,6,6,7,15,670,482,"0, RHIN NAPOLEON (RUE DU",48.55643,7.79706,Plein jour,En agglomération,Hors intersection,Normale,Trois véhicules et plus - collisions multiples,,,,,,,,,,,1,2,1,1,5.0
201600032486,0016-06-07 07:05:00,16,6,7,7,5,670,482,"0, PORT DU RHIN (RUE DU)",48.57549,7.79074,Plein jour,En agglomération,Intersection en X,Normale,Deux véhicules - côté,,,,,,,,,,,1,2,2,1,3.0
201600032487,0016-06-07 07:15:00,16,6,7,7,15,670,482,"0, RHIN NAPOLEON (RUE DU",48.54812,7.79197,Plein jour,Hors agglomération,Hors intersection,Normale,Deux véhicules - arrière,,,,,,,,,,,1,1,1,1,2.0
201600032488,0016-06-08 19:15:00,16,6,8,19,15,670,482,"SPV, 22 RUE SALLUSTE",48.58338,7.69504,Plein jour,En agglomération,Hors intersection,Normale,Deux véhicules - côté,,,,,,,,,,,1,2,1,1,3.0
201600032489,0016-06-08 19:35:00,16,6,8,19,35,670,482,"0, DAUPHINE (PROMENADE)",48.57474,7.75619,Plein jour,En agglomération,Hors intersection,Normale,Autre collision,,,,,,,,,,,1,2,1,1,6.0
201600032490,0016-06-10 13:40:00,16,6,10,13,40,670,482,"0, COMEDIE (RUE DE LA)",48.58518,7.75094,Plein jour,En agglomération,Hors intersection,Normale,Deux véhicules - côté,,,,,,,,,,,1,2,1,1,3.0
201600032491,0016-06-10 17:45:00,16,6,10,17,45,670,204,"0, TROIS MAIRES (RUE DES",48.6233,7.7714,Plein jour,Hors agglomération,Intersection en X,Normale,Deux véhicules - côté,,,,,,,,,,,1,1,2,1,3.0
201600032492,0016-06-10 17:55:00,16,6,10,17,55,670,482,"SPV, RUE MENACHEM TAFFEL",48.57414,7.74675,Plein jour,Hors agglomération,Hors intersection,Normale,Sans collision,,,,,,,,,,,1,1,1,1,7.0
201600032493,0016-06-10 19:30:00,16,6,10,19,30,670,482,"0, CLEMENCEAU (BOULEVARD",48.59185,7.75308,Plein jour,En agglomération,Intersection en X,Normale,Deux véhicules - côté,,,,,,,,,,,1,2,2,1,3.0
201600032494,0016-06-11 14:10:00,16,6,11,14,10,670,482,"0, FRIED (CHEMIN)",48.57126,7.77216,Plein jour,En agglomération,Intersection en T,Normale,Deux véhicules - côté,,,,,,,,,,,1,2,3,1,3.0
201600032495,0016-06-14 09:10:00,16,6,14,9,10,670,43,"0, BRUMATH (ROUTE DE)",48.61621,7.73235,Plein jour,En agglomération,Intersection en X,Normale,Autre collision,,,,,,,,,,,1,2,2,1,6.0
201600032496,0016-06-15 12:10:00,16,6,15,12,10,670,482,"0, FEDERATION (ROUTE DE",48.56128,7.7517,Plein jour,En agglomération,Hors intersection,Pluie légère,Deux véhicules - côté,,,,,,,,,,,1,2,1,2,3.0
201600032497,0016-06-16 08:25:00,16,6,16,8,25,670,482,"0, ILL (RUE DE L )",48.55077,7.75116,Plein jour,En agglomération,Hors intersection,Pluie légère,Trois véhicules et plus - en chaîne,,,,,,,,,,,1,2,1,2,4.0
201600032498,0016-06-18 17:15:00,16,6,18,17,15,670,482,"0, BOECKLIN (RUE)",48.60622,7.77793,Plein jour,En agglomération,Hors intersection,Normale,Deux véhicules - arrière,,,,,,,,,,,1,2,1,1,2.0
201600032499,0016-06-18 22:30:00,16,6,18,22,30,670,482,"0, REUSS (ALLEE)",48.54338,7.77212,Nuit avec éclairage allumé,En agglomération,Intersection en X,Pluie légère,Deux véhicules - côté,,,,,,,,,,,5,2,2,2,3.0
201600032500,0016-06-19 02:45:00,16,6,19,2,45,670,482,"0, RHIN (ROUTE DU)",48.57179,7.77023,Nuit avec éclairage non allumé,En agglomération,Intersection en X,Normale,Deux véhicules - côté,,,,,,,,,,,4,2,2,1,3.0
201600032501,0016-06-19 13:25:00,16,6,19,13,25,670,482,"37, BOECKLIN (RUE)",48.59913,7.77785,Plein jour,En agglomération,Hors intersection,Normale,Deux véhicules - frontale,,,,,,,,,,,1,2,1,1,1.0
201600032502,0016-06-19 15:10:00,16,6,19,15,10,670,482,"0, GARE (PLACE DE LA)",48.58434,7.73439,Plein jour,En agglomération,Hors intersection,Normale,Deux véhicules - arrière,,,,,,,,,,,1,2,1,1,2.0
201600032503,0016-06-19 18:05:00,16,6,19,18,5,670,447,"0, PAIX (RUE DE LA)",,,Plein jour,En agglomération,Intersection en X,Normale,Deux véhicules - côté,,,,,,,,,,,1,2,2,1,3.0
201600032504,0016-06-20 10:10:00,16,6,20,10,10,670,447,"0, ZORN (RUE DE LA)",48.60963,7.76515,Plein jour,En agglomération,Intersection en T,Normale,Deux véhicules - côté,,,,,,,,,,,1,2,3,1,3.0
201600032505,0016-06-20 16:35:00,16,6,20,16,35,670,482,"0, GEORGES BERNANOS (RUE",48.58749,7.70019,Plein jour,En agglomération,Intersection en T,Normale,Deux véhicules - côté,,,,,,,,,,,1,2,3,1,3.0
201600032506,0016-06-21 08:30:00,16,6,21,8,30,670,447,"49, BISCHWILLER (ROUTE D",48.59728,7.74173,Plein jour,En agglomération,Hors intersection,Normale,Autre collision,,,,,,,,,,,1,2,1,1,6.0
201600032507,0016-06-22 11:45:00,16,6,22,11,45,670,482,"0, ALPES (QUAI DES)",,,Plein jour,En agglomération,Intersection en X,Normale,Sans collision,,,,,,,,,,,1,2,2,1,7.0
201600032508,0016-06-22 12:33:00,16,6,22,12,33,670,482,"0, ALPES (QUAI DES)",48.57416,7.77138,Plein jour,En agglomération,Hors intersection,Normale,Autre collision,,,,,,,,,,,1,2,1,1,6.0
201600032509,0016-06-23 12:20:00,16,6,23,12,20,670,482,"77, ALTENHEIM (ROUTE D )",48.5378,7.76976,Plein jour,En agglomération,Hors intersection,Normale,Autre collision,,,,,,,,,,,1,2,1,1,6.0
201600032510,0016-06-23 18:00:00,16,6,23,18,0,670,482,"0, ABBE LEMIRE (RUE DE L",48.57703,7.72579,Plein jour,En agglomération,Hors intersection,Normale,Trois véhicules et plus - en chaîne,,,,,,,,,,,1,2,1,1,4.0
201600032511,0016-06-26 19:05:00,16,6,26,19,5,670,43,"6, RONSARD (RUE)",48.61276,7.73542,Plein jour,En agglomération,Hors intersection,Normale,Deux véhicules - côté,,,,,,,,,,,1,2,1,1,3.0
201600032512,0016-06-28 18:30:00,16,6,28,18,30,670,482,"0, MARECHAL JUIN (RUE DU",48.57862,7.75993,Plein jour,En agglomération,Hors intersection,Normale,Autre collision,,,,,,,,,,,1,2,1,1,6.0
201600032513,0016-06-29 08:45:00,16,6,29,8,45,670,43,"0, PHILIPPE RUEFF (RUE)",48.61079,7.76649,Plein jour,En agglomération,Intersection en T,Normale,Deux véhicules - frontale,,,,,,,,,,,1,2,3,1,1.0
201600032514,0016-06-29 11:55:00,16,6,29,11,55,670,482,"0, MARC AURELE (RUE)",,,Plein jour,En agglomération,Hors intersection,Normale,Autre collision,,,,,,,,,,,1,2,1,1,6.0
201600032515,0016-06-29 23:50:00,16,6,29,23,50,670,218,"0, STRASBOURG (AVENUE DE",,,Nuit avec éclairage allumé,En agglomération,Hors intersection,Normale,Autre collision,,,,,,,,,,,5,2,1,1,6.0
201600032516,0016-06-30 08:30:00,16,6,30,8,30,670,482,"0, PETIT MARAIS (RUE DU)",48.56266,7.69489,Plein jour,Hors agglomération,Intersection en T,Normale,Autre collision,,,,,,,,,,,1,1,3,1,6.0
201600032517,0016-06-30 21:10:00,16,6,30,21,10,670,482,"0, MAGASINS (PETITE RUE",48.58861,7.73956,Plein jour,En agglomération,Intersection en X,Normale,Deux véhicules - côté,,,,,,,,,,,1,2,2,1,3.0
201600032518,0016-07-01 06:58:00,16,7,1,6,58,670,482,"0, SCHNOKELOCH (RUE DU)",48.57649,7.71314,Plein jour,En agglomération,Hors intersection,Normale,Trois véhicules et plus - collisions multiples,,,,,,,,,,,1,2,1,1,5.0
201600032519,0016-07-01 18:40:00,16,7,1,18,40,670,482,"0, FABRIQUE (RUE DE LA)",48.61189,7.77856,Plein jour,En agglomération,Intersection en T,Normale,Deux véhicules - côté,,,,,,,,,,,1,2,3,1,3.0
201600032520,0016-07-01 20:55:00,16,7,1,20,55,670,482,"0, POLYGONE (ROUTE DU)",48.56806,7.75753,Plein jour,En agglomération,Intersection en T,Normale,Deux véhicules - côté,,,,,,,,,,,1,2,3,1,3.0
201600032521,0016-07-01 22:50:00,16,7,1,22,50,670,218,"0, ESCHAU (ROUTE D )",48.51213,7.71271,Nuit sans éclairage public,En agglomération,Hors intersection,Normale,Autre collision,,,,,,,,,,,3,2,1,1,6.0
201600032522,0016-07-02 15:15:00,16,7,2,15,15,670,482,"SPV,7 PLACE HENRY DUNANT",48.57959,7.76384,Plein jour,En agglomération,Hors intersection,Normale,Autre collision,,,,,,,,,,,1,2,1,1,6.0
201600032523,0016-07-02 19:30:00,16,7,2,19,30,670,447,"SPV, ROUTE HAUSBERGEN",48.60668,7.72648,Plein jour,En agglomération,Hors intersection,Normale,Deux véhicules - frontale,,,,,,,,,,,1,2,1,1,1.0
201600032524,0016-07-06 09:21:00,16,7,6,9,21,670,447,"8-10, PIERRE MENDES FRAN",48.60468,7.75824,Plein jour,En agglomération,Hors intersection,Normale,Deux véhicules - arrière,,,,,,,,,,,1,2,1,1,2.0
201600032525,0016-07-07 16:20:00,16,7,7,16,20,670,482,"0, ORPHELINS (RUE DES)",48.57758,7.75304,Plein jour,En agglomération,Intersection en X,Normale,Deux véhicules - côté,,,,,,,,,,,1,2,2,1,3.0
201600032526,0016-07-07 17:55:00,16,7,7,17,55,670,482,ILL (RUE DE L ),,,Plein jour,En agglomération,Hors intersection,Normale,Autre collision,,,,,,,,,,,1,2,1,1,6.0
201600032527,0016-07-10 18:30:00,16,7,10,18,30,670,482,"289, COLMAR (AVENUE DE)",48.5518,7.74329,Plein jour,En agglomération,Hors intersection,Normale,Autre collision,,,,,,,,,,,1,2,1,1,6.0
201600032528,0016-07-11 15:15:00,16,7,11,15,15,670,482,"0, RHEINFELD (RUE DE)",48.52456,7.78102,Plein jour,En agglomération,Intersection en X,Pluie légère,Deux véhicules - côté,,,,,,,,,,,1,2,2,2,3.0