accident_id,datetime,annee,mois,jour,heure,minute,departement,commune_insee,adresse,latitude,longitude,luminosite,agglomeration,intersection,meteo,collision,nb_vehicules,nb_usagers,nb_indemnes,nb_tues,nb_blesses_hosp,nb_blesses_legers,age_cond_1,age_cond_2,veh_type_cond_1,veh_type_cond_2,lum_code,agg_code,int_code,atm_code,col_code
201600032529,0016-07-13 18:25:00,16,7,13,18,25,670,447,"47, VENDENHEIM (RUE DE)",48.60769,7.74505,Plein jour,En agglomération,Hors intersection,Temps couvert,Autre collision,,,,,,,,,,,1,2,1,8,6.0
201600032530,0016-07-14 00:25:00,16,7,14,0,25,670,482,"0, WANTZENAU (RTE DE LA)",48.60817,7.77893,Nuit avec éclairage allumé,En agglomération,Hors intersection,Normale,Deux véhicules - arrière,,,,,,,,,,,5,2,1,1,2.0
201600032531,0016-07-16 01:15:00,16,7,16,1,15,670,482,"0, REPUBLIQUE (PLACE DE",48.58822,7.75379,Nuit avec éclairage allumé,En agglomération,Hors intersection,Normale,Deux véhicules - côté,,,,,,,,,,,5,2,1,1,3.0
201600032532,0016-07-17 12:20:00,16,7,17,12,20,670,365,"0, HOLLAU (RUE DE LA)",48.54863,7.71055,Plein jour,En agglomération,Hors intersection,Normale,Autre collision,,,,,,,,,,,1,2,1,1,6.0
201600032533,0016-07-19 14:05:00,16,7,19,14,5,670,482,"134, POLYGONE (ROUTE DU)",48.56315,7.76224,Plein jour,En agglomération,Hors intersection,Normale,Deux véhicules - côté,,,,,,,,,,,1,2,1,1,3.0
201600032534,0016-07-19 19:05:00,16,7,19,19,5,670,267,"0, CHATEAU (RUE DU)",48.55431,7.68123,Plein jour,En agglomération,Intersection en Y,Normale,Deux véhicules - côté,,,,,,,,,,,1,2,4,1,3.0
201600032535,0016-07-20 04:00:00,16,7,20,4,0,670,447,"0, BISCHWILLER (ROUTE DE",48.59945,7.74272,Crépuscule ou aube,En agglomération,Hors intersection,Normale,Autre collision,,,,,,,,,,,2,2,1,1,6.0
201600032536,0016-07-20 08:40:00,16,7,20,8,40,670,482,"0, EDMOND LABBE (RUE)",48.58278,7.76345,Plein jour,En agglomération,Intersection en T,Normale,Deux véhicules - côté,,,,,,,,,,,1,2,3,1,3.0
201600032537,0016-07-22 12:00:00,16,7,22,12,0,670,218,"0, ALFRED KASTLER (ROUTE",48.5432,7.73628,Plein jour,En agglomération,Intersection en X,Normale,Deux véhicules - côté,,,,,,,,,,,1,2,2,1,3.0
201600032538,0016-07-25 16:30:00,16,7,25,16,30,670,482,"20, ALTENHEIM (ROUTE D )",,,Plein jour,En agglomération,Hors intersection,Normale,Deux véhicules - côté,,,,,,,,,,,1,2,1,1,3.0
201600032539,0016-07-25 18:20:00,16,7,25,18,20,670,482,"18, MARECHAL LEFEBVRE (R",48.57452,7.74258,Plein jour,En agglomération,Hors intersection,Normale,Deux véhicules - côté,,,,,,,,,,,1,2,1,1,3.0
201600032540,0016-07-26 17:00:00,16,7,26,17,0,670,482,"14, OBERNAI (RUE D )",48.57848,7.73217,Plein jour,En agglomération,Hors intersection,Normale,Trois véhicules et plus - en chaîne,,,,,,,,,,,1,2,1,1,4.0
201600032541,0016-07-27 16:45:00,16,7,27,16,45,670,482,"0, PREMIERE ARMEE (RUE D",48.57724,7.75167,Plein jour,En agglomération,Intersection en X,Normale,Deux véhicules - côté,,,,,,,,,,,1,2,2,1,3.0
201600032542,0016-07-29 16:55:00,16,7,29,16,55,670,482,"15, GRAVIERE (RUE DE LA)",48.56066,7.76215,Plein jour,En agglomération,Hors intersection,Normale,Autre collision,,,,,,,,,,,1,2,1,1,6.0
201600032543,0016-07-30 19:20:00,16,7,30,19,20,670,218,"0, VIGNES (RUE DES)",48.52104,7.72579,Plein jour,En agglomération,Intersection en X,Normale,Deux véhicules - côté,,,,,,,,,,,1,2,2,1,3.0
201600032544,0016-07-30 14:10:00,16,7,30,14,10,670,482,"SPV, 34 RUE M. GRUNEWALD",48.56649,7.72184,Plein jour,En agglomération,Intersection en T,Normale,Deux véhicules - côté,,,,,,,,,,,1,2,3,1,3.0
201600032545,0016-07-31 16:10:00,16,7,31,16,10,670,482,"18, PRESIDENT WILSON (BO",48.58685,7.73846,Plein jour,En agglomération,Hors intersection,Normale,Autre collision,,,,,,,,,,,1,2,1,1,6.0
201600032546,0016-07-31 19:55:00,16,7,31,19,55,670,447,"0, VENDENHEIM (RUE DE)",48.60924,7.74464,Plein jour,En agglomération,Intersection en X,Normale,Deux véhicules - frontale,,,,,,,,,,,1,2,2,1,1.0
201600032547,0016-08-01 09:30:00,16,8,1,9,30,670,218,"0, STRASBOURG (AVENUE DE",48.543,7.73656,Plein jour,En agglomération,Intersection en X,Normale,Deux véhicules - arrière,,,,,,,,,,,1,2,2,1,2.0
201600032548,0016-08-02 19:10:00,16,8,2,19,10,670,482,"0, LYON (BOULEVARD DE)",48.57846,7.7312,Plein jour,En agglomération,Intersection en X,Pluie légère,Deux véhicules - côté,,,,,,,,,,,1,2,2,2,3.0
201600032549,0016-08-03 07:40:00,16,8,3,7,40,670,482,"26/28, FRERES EBERTS (RU",48.5551,7.73607,Plein jour,En agglomération,Hors intersection,Normale,Deux véhicules - côté,,,,,,,,,,,1,2,1,1,3.0
201600032550,0016-08-04 18:50:00,16,8,4,18,50,670,482,"0, GARE AUX MARCHANDISES",48.59252,7.73282,Plein jour,Hors agglomération,Hors intersection,Pluie légère,Deux véhicules - côté,,,,,,,,,,,1,1,1,2,3.0
201600032551,0016-08-06 04:00:00,16,8,6,4,0,670,447,"42, BISCHWILLER (ROUTE D",48.60023,7.74353,Nuit avec éclairage allumé,En agglomération,Hors intersection,Normale,Autre collision,,,,,,,,,,,5,2,1,1,6.0
201600032552,0016-08-06 11:40:00,16,8,6,11,40,670,482,"47, ZIEGELAU (RUE DE LA)",48.56554,7.76817,Plein jour,En agglomération,Intersection en T,Normale,Deux véhicules - côté,,,,,,,,,,,1,2,3,1,3.0
201600032553,0016-08-07 07:22:00,16,8,7,7,22,670,365,"0, 23 NOVEMBRE (RUE DU)",48.53097,7.69142,Plein jour,En agglomération,Giratoire,Normale,Autre collision,,,,,,,,,,,1,2,6,1,6.0
201600032554,0016-08-10 12:20:00,16,8,10,12,20,670,218,"165, LYON (RTE DE)",48.53046,7.7126,Plein jour,En agglomération,Hors intersection,Normale,Deux véhicules - côté,,,,,,,,,,,1,2,1,1,3.0
201600032555,0016-08-10 16:10:00,16,8,10,16,10,670,218,"0, PROVENCE (RUE DE)",48.53125,7.72977,Plein jour,En agglomération,Hors intersection,Normale,Autre collision,,,,,,,,,,,1,2,1,1,6.0
201600032556,0016-08-12 20:30:00,16,8,12,20,30,670,482,"SPV, AVENUE DE NORMANDIE",48.54919,7.75359,Crépuscule ou aube,En agglomération,Hors intersection,Normale,Autre collision,,,,,,,,,,,2,2,1,1,6.0
201600032557,0016-08-13 00:13:00,16,8,13,0,13,670,482,"0, SCHIRMECK (ROUTE DE)",48.56352,7.70416,Nuit avec éclairage allumé,En agglomération,Hors intersection,Normale,Deux véhicules - côté,,,,,,,,,,,5,2,1,1,3.0
201600032558,0016-08-13 18:55:00,16,8,13,18,55,670,482,"0, LAZARET (RUE DU)",48.56305,7.75804,Plein jour,En agglomération,Intersection en T,Normale,Deux véhicules - côté,,,,,,,,,,,1,2,3,1,3.0
201600032559,0016-08-13 20:15:00,16,8,13,20,15,670,482,"0, MUSAU (RUE DE LA)",48.56366,7.77841,Crépuscule ou aube,En agglomération,Hors intersection,Normale,Deux véhicules - frontale,,,,,,,,,,,2,2,1,1,1.0
201600032560,0016-08-14 12:50:00,16,8,14,12,50,670,482,"0, ALSACE (AVENUE D )",48.58676,7.76143,Plein jour,En agglomération,Hors intersection,Normale,Deux véhicules - côté,,,,,,,,,,,1,2,1,1,3.0
201600032561,0016-08-17 10:10:00,16,8,17,10,10,670,482,"39, LAMPROIE (RUE DE LA)",48.59899,7.79096,Plein jour,En agglomération,Intersection en X,Normale,Deux véhicules - côté,,,,,,,,,,,1,2,2,1,3.0
201600032562,0016-08-17 21:20:00,16,8,17,21,20,670,218,"0, FORT UHRICH (ROUTE DU",48.50961,7.72711,Nuit sans éclairage public,En agglomération,Hors intersection,Normale,Deux véhicules - frontale,,,,,,,,,,,3,2,1,1,1.0
201600032563,0016-08-18 11:30:00,16,8,18,11,30,670,447,"0, DETTWILLER (RUE DE)",48.60995,7.74351,Plein jour,En agglomération,Intersection en X,Normale,Deux véhicules - côté,,,,,,,,,,,1,2,2,1,3.0
201600032564,0016-08-19 15:15:00,16,8,19,15,15,670,482,"0, DAUPHINE (PROMENADE)",,,Plein jour,En agglomération,Hors intersection,Normale,Deux véhicules - côté,,,,,,,,,,,1,2,1,1,3.0
201600032565,0016-08-19 22:25:00,16,8,19,22,25,670,482,"0, DIETTERLIN (RUE)",48.55593,7.75187,Nuit avec éclairage allumé,En agglomération,Intersection en X,Normale,Deux véhicules - côté,,,,,,,,,,,5,2,2,1,3.0
201600032566,0016-08-23 19:37:00,16,8,23,19,37,670,482,"SPV, 12 AVENUE D'ALSACE",48.58683,7.76101,Plein jour,En agglomération,Hors intersection,Normale,Deux véhicules - côté,,,,,,,,,,,1,2,1,1,3.0
201600032567,0016-08-25 14:30:00,16,8,25,14,30,670,482,"0, MONTAGNE VERTE (RUE D",48.57037,7.73797,Plein jour,En agglomération,Hors intersection,Normale,Deux véhicules - côté,,,,,,,,,,,1,2,1,1,3.0
201600032568,0016-08-25 17:00:00,16,8,25,17,0,670,482,"0, PECHEURS (QUAI DES)",48.58411,7.7588,Plein jour,En agglomération,Hors intersection,Normale,Deux véhicules - côté,,,,,,,,,,,1,2,1,1,3.0
201600032569,0016-08-25 17:05:00,16,8,25,17,5,670,482,"80, ROBERTSAU (ALLEE DE",48.59224,7.76998,Plein jour,En agglomération,Hors intersection,Normale,Deux véhicules - côté,,,,,,,,,,,1,2,1,1,3.0
201600032570,0016-08-25 21:20:00,16,8,25,21,20,670,482,"0, Edmond Michelet (rue)",48.57451,7.7672,Nuit avec éclairage allumé,En agglomération,Intersection en X,Normale,Deux véhicules - côté,,,,,,,,,,,5,2,2,1,3.0
201600032571,0016-08-26 09:10:00,16,8,26,9,10,670,482,"0, BROGLIE (PLACE)",48.58529,7.75042,Plein jour,En agglomération,Hors intersection,Normale,Autre collision,,,,,,,,,,,1,2,1,1,6.0
201600032572,0016-08-26 16:30:00,16,8,26,16,30,670,482,"0, LAZARET (RUE DU)",48.56397,7.75435,Plein jour,En agglomération,Intersection en X,Normale,Deux véhicules - côté,,,,,,,,,,,1,2,2,1,3.0
201600032573,0016-08-26 19:20:00,16,8,26,19,20,670,218,", 23 NOVEMBRE (RUE DU)",48.5316,7.70757,Plein jour,En agglomération,Hors intersection,Normale,Deux véhicules - côté,,,,,,,,,,,1,2,1,1,3.0
201600032574,0016-08-27 10:40:00,16,8,27,10,40,670,482,"4, OSTWALD (PLACE D )",48.56444,7.70675,Plein jour,En agglomération,Hors intersection,Normale,Autre collision,,,,,,,,,,,1,2,1,1,6.0
201600032575,0016-08-27 12:55:00,16,8,27,12,55,670,482,"0, SCHLUTHFELD (PLACE DU",,,Plein jour,En agglomération,Intersection en X,Normale,Deux véhicules - côté,,,,,,,,,,,1,2,2,1,3.0
201600032576,0016-08-28 18:45:00,16,8,28,18,45,670,482,GEROLDSECK (RUE),48.58209,7.71491,Plein jour,En agglomération,Intersection en X,Normale,Deux véhicules - côté,,,,,,,,,,,1,2,2,1,3.0
201600032577,0016-08-27 23:50:00,16,8,27,23,50,670,482,"6, DOUBS (RUE DU)",,,Nuit avec éclairage allumé,En agglomération,Hors intersection,Normale,Trois véhicules et plus - en chaîne,,,,,,,,,,,5,2,1,1,4.0
201600032578,0016-08-29 10:35:00,16,8,29,10,35,670,482,"0, EDMOND ROSTAND (RUE)",48.59077,7.69245,Plein jour,En agglomération,Hors intersection,Normale,Autre collision,,,,,,,,,,,1,2,1,1,6.0
201600032579,0016-08-30 16:40:00,16,8,30,16,40,670,482,"15, NORMANDIE (AVENUE DE",,,Plein jour,En agglomération,Hors intersection,Normale,Deux véhicules - côté,,,,,,,,,,,1,2,1,1,3.0
201600032580,0016-08-30 19:20:00,16,8,30,19,20,670,482,"12, ROME (RUE DE)",48.5775,7.76537,Plein jour,En agglomération,Hors intersection,Normale,Autre collision,,,,,,,,,,,1,2,1,1,6.0
201600032581,0016-08-31 22:50:00,16,8,31,22,50,670,365,"0, MARECHAL FOCH (RUE DU",48.53916,7.71024,Nuit avec éclairage allumé,En agglomération,Intersection en X,Normale,Deux véhicules - côté,,,,,,,,,,,5,2,2,1,3.0
201600032582,0016-09-01 15:30:00,16,9,1,15,30,670,482,"1, DOUBS (RUE DU)",48.56562,7.73491,Plein jour,En agglomération,Hors intersection,Normale,Deux véhicules - frontale,,,,,,,,,,,1,2,1,1,1.0
201600032583,0016-09-01 20:15:00,16,9,1,20,15,670,267,"0, LIBERTE (RUE DE LA)",48.55411,7.68442,Plein jour,En agglomération,Intersection en X,Normale,Deux véhicules - côté,,,,,,,,,,,1,2,2,1,3.0
201600032584,0016-09-02 08:30:00,16,9,2,8,30,670,482,"0, RATHSAMHAUSEN (RUE DE",48.56957,7.76318,Plein jour,En agglomération,Hors intersection,Normale,Autre collision,,,,,,,,,,,1,2,1,1,6.0
201600032585,0016-09-03 15:40:00,16,9,3,15,40,670,482,"170, SCHIRMECK (ROUTE DE",48.56768,7.70906,Plein jour,En agglomération,Hors intersection,Normale,Deux véhicules - frontale,,,,,,,,,,,1,2,1,1,1.0
201600032586,0016-09-03 20:15:00,16,9,3,20,15,670,482,"0, SHAKESPEARE (AVENUE)",48.5904,7.74313,Nuit avec éclairage allumé,En agglomération,Hors intersection,Normale,Deux véhicules - côté,,,,,,,,,,,5,2,1,1,3.0
201600032587,0016-09-03 23:00:00,16,9,3,23,0,670,447,"0, BISCHWILLER (ROUTE DE",48.57745,7.73312,Nuit avec éclairage allumé,En agglomération,Intersection en T,Normale,Deux véhicules - côté,,,,,,,,,,,5,2,3,1,3.0
201600032588,0016-09-04 11:56:00,16,9,4,11,56,670,218,"0, PLAINE (RUE DE LA)",48.54021,7.73363,Plein jour,En agglomération,Intersection en T,Normale,Deux véhicules - côté,,,,,,,,,,,1,2,3,1,3.0
201600032589,0016-09-04 23:30:00,16,9,4,23,30,670,482,"0, ALTENHEIM (ROUTE D )",48.53597,7.71031,Nuit avec éclairage allumé,En agglomération,Intersection en X,Normale,Deux véhicules - côté,,,,,,,,,,,5,2,2,1,3.0
201600032590,0016-09-05 16:30:00,16,9,5,16,30,670,482,"7, CRASTATT (RUE DE)",48.56301,7.6983,Plein jour,Hors agglomération,Hors intersection,Normale,Deux véhicules - côté,,,,,,,,,,,1,1,1,1,3.0
201600032591,0016-09-06 07:45:00,16,9,6,7,45,670,43,"75, PERIGUEUX (AVENUE DE",48.61462,7.73613,Plein jour,En agglomération,Hors intersection,Normale,Autre collision,,,,,,,,,,,1,2,1,1,6.0
201600032592,0016-09-08 07:40:00,16,9,8,7,40,670,482,"180, SCHIRMECK (ROUTE DE",48.56687,7.70838,Plein jour,En agglomération,Hors intersection,Normale,Autre collision,,,,,,,,,,,1,2,1,1,6.0
201600032593,0016-09-08 16:35:00,16,9,8,16,35,670,482,"138, ROMAINS (ROUTE DES)",48.57819,7.70642,Plein jour,En agglomération,Intersection en T,Normale,Deux véhicules - côté,,,,,,,,,,,1,2,3,1,3.0
201600032594,0016-09-08 17:00:00,16,9,8,17,0,670,482,"0, PIVERT (RUE DU)",48.53845,7.76649,Plein jour,En agglomération,Intersection en X,Normale,Deux véhicules - côté,,,,,,,,,,,1,2,2,1,3.0
201600032595,0016-09-09 10:07:00,16,9,9,10,7,670,482,"0, BORDEAUX (PLACE DE)",48.59367,7.75861,Plein jour,En agglomération,Hors intersection,Normale,Autre collision,,,,,,,,,,,1,2,1,1,6.0
201600032596,0016-09-09 19:05:00,16,9,9,19,5,670,482,"65, POLYGONE (ROUTE DU)",48.56785,7.7576,Plein jour,En agglomération,Hors intersection,Normale,Deux véhicules - arrière,,,,,,,,,,,1,2,1,1,2.0
201600032597,0016-09-11 16:26:00,16,9,11,16,26,670,447,"0, BISCHWILLER (ROUTE DE",48.60692,7.74909,Plein jour,En agglomération,Intersection en T,Normale,Autre collision,,,,,,,,,,,1,2,3,1,6.0
201600032598,0016-09-11 00:10:00,16,9,11,0,10,670,482,"0, ILL (RUE DE L )",48.61308,7.77277,Nuit avec éclairage allumé,En agglomération,Intersection en X,Normale,Deux véhicules - côté,,,,,,,,,,,5,2,2,1,3.0
201600032599,0016-09-12 08:45:00,16,9,12,8,45,670,482,"77, CLEMENCEAU (BOULEVAR",48.59096,7.74624,Plein jour,En agglomération,Intersection en X,Normale,Deux véhicules - côté,,,,,,,,,,,1,2,2,1,3.0
201600032600,0016-09-12 08:50:00,16,9,12,8,50,670,218,"0, ALFRED KASTLER (ROUTE",48.54219,7.73892,Plein jour,En agglomération,Hors intersection,Normale,Deux véhicules - côté,,,,,,,,,,,1,2,1,1,3.0
201600032601,0016-09-12 14:30:00,16,9,12,14,30,670,482,"27, ALTENHEIM (ROUTE D )",48.54158,7.76693,Plein jour,En agglomération,Hors intersection,Normale,Deux véhicules - côté,,,,,,,,,,,1,2,1,1,3.0
201600032602,0016-09-12 15:24:00,16,9,12,15,24,670,482,"0, PECHEURS (QUAI DES)",48.58815,7.75881,Plein jour,En agglomération,Intersection en T,Normale,Deux véhicules - côté,,,,,,,,,,,1,2,3,1,3.0
201600032603,0016-09-12 16:00:00,16,9,12,16,0,670,482,"56, JEAN JAURES (AVENUE)",48.56942,7.76356,Plein jour,En agglomération,Hors intersection,Normale,Autre collision,,,,,,,,,,,1,2,1,1,6.0
201600032604,0016-09-12 17:00:00,16,9,12,17,0,670,482,"121, SCHIRMECK (ROUTE DE",48.57167,7.71303,Plein jour,En agglomération,Hors intersection,Normale,Deux véhicules - côté,,,,,,,,,,,1,2,1,1,3.0
201600032605,0016-09-12 20:55:00,16,9,12,20,55,670,365,"0, VOSGES (RUE DES)",48.54267,7.70186,Nuit avec éclairage allumé,En agglomération,Hors intersection,Normale,Autre collision,,,,,,,,,,,5,2,1,1,6.0
201600032606,0016-09-13 16:45:00,16,9,13,16,45,670,218,"0, STRASBOURG (AVENUE DE",48.54441,7.73913,Plein jour,En agglomération,Hors intersection,Normale,Deux véhicules - frontale,,,,,,,,,,,1,2,1,1,1.0
201600032607,0016-09-13 18:27:00,16,9,13,18,27,670,482,"12, JACQUES PREISS (BOUL",48.59168,7.76273,Plein jour,En agglomération,Hors intersection,Normale,Autre collision,,,,,,,,,,,1,2,1,1,6.0
201600032608,0016-09-14 07:50:00,16,9,14,7,50,670,482,"21, KEMBS (RUE DE)",48.56763,7.76328,Plein jour,En agglomération,Hors intersection,Normale,Autre collision,,,,,,,,,,,1,2,1,1,6.0
201600032609,0016-09-15 13:00:00,16,9,15,13,0,670,482,"33, VIEUX MARCHE AUX POI",48.58153,7.74849,Plein jour,En agglomération,Hors intersection,Normale,Autre collision,,,,,,,,,,,1,2,1,1,6.0
201600032610,0016-09-17 05:17:00,16,9,17,5,17,670,482,"0, RHIN (ROUTE DU)",48.57172,7.77026,Nuit avec éclairage allumé,En agglomération,Intersection en X,Normale,Deux véhicules - côté,,,,,,,,,,,5,2,2,1,3.0
201600032611,0016-09-18 13:51:00,16,9,18,13,51,670,482,"198, SCHIRMECK (ROUTE DE",48.56495,7.70619,Plein jour,En agglomération,Intersection en X,Pluie légère,Deux véhicules - arrière,,,,,,,,,,,1,2,2,2,2.0
201600032612,0016-09-19 16:45:00,16,9,19,16,45,670,482,"43, RHIN (AVENUE DU)",,,Plein jour,En agglomération,Hors intersection,Normale,Deux véhicules - côté,,,,,,,,,,,1,2,1,1,3.0
201600032613,0016-09-20 07:20:00,16,9,20,7,20,670,482,"0, KURVAU (RUE DE LA)",48.57213,7.76723,Plein jour,En agglomération,Intersection en T,Normale,Deux véhicules - côté,,,,,,,,,,,1,2,3,1,3.0
201600032614,0016-09-20 07:30:00,16,9,20,7,30,670,482,"0, LIEPVRE (RUE DE)",48.57153,7.77015,Crépuscule ou aube,En agglomération,Intersection en X,Normale,Deux véhicules - côté,,,,,,,,,,,2,2,2,1,3.0
201600032615,0016-09-20 08:15:00,16,9,20,8,15,670,482,"0, COLMAR (AVENUE DE)",48.55851,7.74863,Plein jour,En agglomération,Intersection en X,Normale,Deux véhicules - côté,,,,,,,,,,,1,2,2,1,3.0
201600032616,0016-09-21 14:00:00,16,9,21,14,0,670,447,"0, PIERRE MENDES FRANCE",48.60229,7.75603,Plein jour,En agglomération,Hors intersection,Normale,Trois véhicules et plus - en chaîne,,,,,,,,,,,1,2,1,1,4.0
201600032617,0016-09-21 16:45:00,16,9,21,16,45,670,482,"0, UNTERELSAU (RUE DE L",48.56245,7.73035,Plein jour,En agglomération,Intersection en X,Normale,Deux véhicules - côté,,,,,,,,,,,1,2,2,1,3.0
201600032618,0016-09-22 11:15:00,16,9,22,11,15,670,482,"0, MITTELHAUSBERGEN (ROU",48.60233,7.70844,Plein jour,En agglomération,Intersection en X,Normale,Deux véhicules - côté,,,,,,,,,,,1,2,2,1,3.0
201600032619,0016-09-22 16:40:00,16,9,22,16,40,670,482,"0, MARCEL PROUST (RUE)",48.59159,7.7207,Plein jour,En agglomération,Hors intersection,Normale,Autre collision,,,,,,,,,,,1,2,1,1,6.0
201600032620,0016-09-23 07:40:00,16,9,23,7,40,670,482,"0, RACINE (AVENUE)",48.59354,7.70273,Plein jour,En agglomération,Hors intersection,Normale,Autre collision,,,,,,,,,,,1,2,1,1,6.0
201600032621,0016-09-23 21:00:00,16,9,23,21,0,670,43,"25A, BISCHWILLER (ROUTE",48.61315,7.75172,Nuit avec éclairage allumé,En agglomération,Hors intersection,Normale,Deux véhicules - côté,,,,,,,,,,,5,2,1,1,3.0
201600032622,0016-09-26 12:50:00,16,9,26,12,50,670,218,"0, STRASBOURG (AVENUE DE",48.54317,7.73625,Plein jour,En agglomération,Intersection en X,Normale,Deux véhicules - côté,,,,,,,,,,,1,2,2,1,3.0
201600032623,0016-09-27 12:15:00,16,9,27,12,15,670,365,"0, EQUERRES (RUE DES)",,,Plein jour,En agglomération,Intersection en T,Normale,Deux véhicules - côté,,,,,,,,,,,1,2,3,1,3.0
201600032624,0016-09-28 07:45:00,16,9,28,7,45,670,482,"1, LAUSANNE (RUE DE)",48.57716,7.75837,Plein jour,En agglomération,Hors intersection,Normale,Deux véhicules - arrière,,,,,,,,,,,1,2,1,1,2.0
201600032625,0016-09-28 07:00:00,16,9,28,7,0,670,447,"0, MARAIS (RUE DU)",48.62171,7.76995,Crépuscule ou aube,En agglomération,Intersection en X,Normale,Deux véhicules - côté,,,,,,,,,,,2,2,2,1,3.0
201600032626,0016-09-29 00:30:00,16,9,29,0,30,670,482,"0, MOLSHEIM (RUE DE)",48.57906,7.73492,Nuit avec éclairage allumé,En agglomération,Intersection en T,Normale,Trois véhicules et plus - collisions multiples,,,,,,,,,,,5,2,3,1,5.0
201600032627,0016-09-29 08:15:00,16,9,29,8,15,670,43,"2, NOYER (RUE DU)",48.61439,7.75914,Plein jour,En agglomération,Intersection en T,Normale,Deux véhicules - côté,,,,,,,,,,,1,2,3,1,3.0
201600032628,0016-09-29 08:30:00,16,9,29,8,30,670,482,"0, ALPES (QUAI DES)",48.57423,7.77119,Plein jour,En agglomération,Intersection en X,Normale,Deux véhicules - côté,,,,,,,,,,,1,2,2,1,3.0
201600032629,0016-09-29 11:06:00,16,9,29,11,6,670,482,"0, HOPITAL (ROUTE DE L )",48.56846,7.75147,Plein jour,En agglomération,Intersection en X,Normale,Autre collision,,,,,,,,,,,1,2,2,1,6.0
201600032630,0016-09-29 17:30:00,16,9,29,17,30,670,482,"181, SCHIRMECK (ROUTE DE",48.56727,7.70881,Plein jour,En agglomération,Hors intersection,Normale,Deux véhicules - arrière,,,,,,,,,,,1,2,1,1,2.0
201600032631,0016-09-30 14:50:00,16,9,30,14,50,670,447,"0, CHATEAU (SQUARE DU)",48.60401,7.75036,Plein jour,En agglomération,Intersection en X,Normale,Deux véhicules - côté,,,,,,,,,,,1,2,2,1,3.0
201600032632,0016-09-30 17:17:00,16,9,30,17,17,670,482,"0, HOCHFELDEN (RUE DE)",48.59531,7.72784,Plein jour,En agglomération,Intersection en T,Normale,Deux véhicules - côté,,,,,,,,,,,1,2,3,1,3.0
201600032633,0016-09-30 18:25:00,16,9,30,18,25,670,482,"13, PETIT RHIN (ROUTE DU",48.57405,7.78504,Plein jour,En agglomération,Hors intersection,Normale,Deux véhicules - côté,,,,,,,,,,,1,2,1,1,3.0
201600032634,0016-10-01 10:15:00,16,10,1,10,15,670,482,"0, WASSELONNE (RUE DE)",48.57949,7.73097,Plein jour,En agglomération,Intersection en X,Pluie légère,Deux véhicules - frontale,,,,,,,,,,,1,2,2,2,1.0
201600032635,0016-10-01 13:35:00,16,10,1,13,35,670,482,"0, PAUL DOPF",48.55649,7.77437,Plein jour,En agglomération,Hors intersection,Normale,Deux véhicules - frontale,,,,,,,,,,,1,2,1,1,1.0
201600032636,0016-10-03 15:00:00,16,10,3,15,0,670,482,"0, COLONNE (RUE DE LA)",48.57285,7.75668,Plein jour,En agglomération,Hors intersection,Normale,Autre collision,,,,,,,,,,,1,2,1,1,6.0
201600032637,0016-10-03 16:20:00,16,10,3,16,20,670,482,"87, ROMAINS (ROUTE DES)",48.57876,7.71101,Plein jour,En agglomération,Hors intersection,Normale,Deux véhicules - côté,,,,,,,,,,,1,2,1,1,3.0
201600032638,0016-10-03 21:10:00,16,10,3,21,10,670,482,"41, GRAND RUE",48.5822,7.74162,Nuit avec éclairage allumé,En agglomération,Hors intersection,Normale,Autre collision,,,,,,,,,,,5,2,1,1,6.0
201600032639,0016-10-04 13:05:00,16,10,4,13,5,670,482,"0, HERRENSCHMIDT (AVENUE",48.60035,7.7539,Plein jour,En agglomération,Hors intersection,Normale,Deux véhicules - arrière,,,,,,,,,,,1,2,1,1,2.0
201600032640,0016-10-05 18:00:00,16,10,5,18,0,670,482,"0, COLMAR (AVENUE DE)",48.55368,7.74471,Plein jour,En agglomération,Intersection en X,Normale,Deux véhicules - côté,,,,,,,,,,,1,2,2,1,3.0
201600032641,0016-10-06 12:30:00,16,10,6,12,30,670,482,"0, TARADE (RUE)",48.57765,7.77817,Plein jour,Hors agglomération,Hors intersection,Normale,Deux véhicules - côté,,,,,,,,,,,1,1,1,1,3.0
201600032642,0016-10-06 15:45:00,16,10,6,15,45,670,482,"9, PRESIDENT WILSON (BOU",48.58802,7.73887,Plein jour,En agglomération,Hors intersection,Normale,Autre collision,,,,,,,,,,,1,2,1,1,6.0
201600032643,0016-10-06 17:20:00,16,10,6,17,20,670,482,"79, ROMAINS (ROUTE DES)",48.57885,7.71152,Plein jour,En agglomération,Hors intersection,Normale,Trois véhicules et plus - en chaîne,,,,,,,,,,,1,2,1,1,4.0
201600032644,0016-10-06 19:45:00,16,10,6,19,45,670,204,"0, FONTAINE (RUE DE LA)",48.62371,7.73292,Plein jour,En agglomération,Intersection en T,Normale,Deux véhicules - côté,,,,,,,,,,,1,2,3,1,3.0
201600032645,0016-10-08 04:50:00,16,10,8,4,50,670,482,"0, LA ROCHELLE (RUE DE)",48.54431,7.78889,Nuit avec éclairage allumé,En agglomération,Giratoire,Normale,Autre collision,,,,,,,,,,,5,2,6,1,6.0
201600032646,0016-10-08 16:45:00,16,10,8,16,45,670,482,"0, LORRAINE (RUE DE)",48.5529,7.74861,Plein jour,En agglomération,Intersection en X,Normale,Deux véhicules - côté,,,,,,,,,,,1,2,2,1,3.0
201600032647,0016-10-09 03:30:00,16,10,9,3,30,670,218,"114, LYON (RTE DE)",48.53124,7.71396,Nuit avec éclairage allumé,En agglomération,Hors intersection,Normale,Sans collision,,,,,,,,,,,5,2,1,1,7.0
201600032648,0016-10-10 07:55:00,16,10,10,7,55,670,482,"0, REPUBLIQUE (PLACE DE",48.58782,7.75353,Plein jour,En agglomération,Hors intersection,Normale,Autre collision,,,,,,,,,,,1,2,1,1,6.0