accident_id,datetime,annee,mois,jour,heure,minute,departement,commune_insee,adresse,latitude,longitude,luminosite,agglomeration,intersection,meteo,collision,nb_vehicules,nb_usagers,nb_indemnes,nb_tues,nb_blesses_hosp,nb_blesses_legers,age_cond_1,age_cond_2,veh_type_cond_1,veh_type_cond_2,lum_code,agg_code,int_code,atm_code,col_code
201600032768,0016-12-02 17:45:00,16,12,2,17,45,620,794,,50.72019,2.16628,Nuit sans éclairage public,Hors agglomération,Giratoire,Normale,Deux véhicules - arrière,,,,,,,,,,,3,1,6,1,2.0
201600032769,0016-12-05 08:29:00,16,12,5,8,29,680,66,"10, INGERSHEIM (ROUTE D'",48.0832,7.35,Plein jour,En agglomération,Intersection en T,Normale,Deux véhicules - côté,,,,,,,,,,,1,2,3,1,3.0
201600032770,0016-01-14 18:50:00,16,1,14,18,50,680,66,"94, DE GAULLE (AVENUE DU",48.07086,7.33506,Nuit avec éclairage allumé,En agglomération,Intersection en T,Normale,Autre collision,,,,,,,,,,,5,2,3,1,6.0
201600032771,0016-01-19 14:45:00,16,1,19,14,45,680,66,VAL SAINT GREGOIRE (RUE,48.08091,7.34682,Plein jour,En agglomération,Intersection en X,Normale,Autre collision,,,,,,,,,,,1,2,2,1,6.0
201600032772,0016-01-23 11:00:00,16,1,23,11,0,680,66,"3, PARIS (AVENUE DE)",48.07823,7.33276,Plein jour,En agglomération,Intersection en X,Normale,Deux véhicules - arrière,,,,,,,,,,,1,2,2,1,2.0
201600032773,0016-02-29 16:48:00,16,2,29,16,48,680,66,"29, VAL SAINT GREGOIRE (",48.08177,7.34466,Plein jour,En agglomération,Hors intersection,Normale,Autre collision,,,,,,,,,,,1,2,1,1,6.0
201600032774,0016-02-25 18:30:00,16,2,25,18,30,680,66,"109, ALSACE (RUE D')",48.07294,7.36611,Crépuscule ou aube,En agglomération,Hors intersection,Normale,Deux véhicules - côté,,,,,,,,,,,2,2,1,1,3.0
201600032775,0016-03-04 19:08:00,16,3,4,19,8,680,66,"85, DE GAULLE (AVENUE D",48.07208,7.33792,Nuit avec éclairage allumé,En agglomération,Hors intersection,Pluie forte,Autre collision,,,,,,,,,,,5,2,1,3,6.0
201600032776,0016-04-03 07:45:00,16,4,3,7,45,680,66,"10, DE GAULLE (AVENUE DU",48.07461,7.34386,Plein jour,En agglomération,Giratoire,Normale,Autre collision,,,,,,,,,,,1,2,6,1,6.0
201600032777,0016-04-04 07:10:00,16,4,4,7,10,680,66,LORRAINE (AVENUE DE),48.09229,7.34891,Plein jour,Hors agglomération,Giratoire,Normale,Deux véhicules - côté,,,,,,,,,,,1,1,6,1,3.0
201600032778,0016-04-08 15:30:00,16,4,8,15,30,680,66,"7, REIMS (RUE DE)",48.07421,7.35258,Plein jour,En agglomération,Intersection à plus de 4 branches,Normale,Deux véhicules - côté,,,,,,,,,,,1,2,5,1,3.0
201600032779,0016-04-28 15:50:00,16,4,28,15,50,680,66,"64, INGERSHEIM (ROUTE D'",48.08442,7.34368,Plein jour,En agglomération,Hors intersection,Normale,Deux véhicules - arrière,,,,,,,,,,,1,2,1,1,2.0
201600032780,0016-04-29 12:09:00,16,4,29,12,9,680,66,WILHELM (RUE HENRY),48.08369,7.35332,Plein jour,En agglomération,Hors intersection,Normale,Autre collision,,,,,,,,,,,1,2,1,1,6.0
201600032781,0016-03-31 22:00:00,16,3,31,22,0,680,66,"87, NEUF BRISACH (ROUTE",48.07991,7.37778,Nuit avec éclairage allumé,En agglomération,Intersection en T,Normale,Deux véhicules - côté,,,,,,,,,,,5,2,3,1,3.0
201600032782,0016-05-23 19:34:00,16,5,23,19,34,680,66,"10, SELESTAT (ROUTE DE)",48.08291,7.36299,Crépuscule ou aube,En agglomération,Intersection en Y,Pluie légère,Deux véhicules - côté,,,,,,,,,,,2,2,4,2,3.0
201600032783,0016-05-04 14:38:00,16,5,4,14,38,680,66,"4, LADHOF (RUE DU)",48.08355,7.36582,Plein jour,En agglomération,Intersection en X,Normale,Deux véhicules - côté,,,,,,,,,,,1,2,2,1,3.0
201600032784,0016-04-05 10:30:00,16,4,5,10,30,680,66,"13, SCHUMANN (RUE)",48.08062,7.33495,Plein jour,En agglomération,Hors intersection,Pluie forte,Autre collision,,,,,,,,,,,1,2,1,3,6.0
201600032785,0016-06-10 14:00:00,16,6,10,14,0,680,66,,48.07084,7.3658,Plein jour,En agglomération,Intersection en T,Normale,Deux véhicules - arrière,,,,,,,,,,,1,2,3,1,2.0
201600032786,0016-06-01 16:56:00,16,6,1,16,56,680,66,"08, HUEN (RUE VICTOR)",48.08093,7.34222,Plein jour,En agglomération,Hors intersection,Normale,Autre collision,,,,,,,,,,,1,2,1,1,6.0
201600032787,0016-07-07 20:34:00,16,7,7,20,34,680,66,"30, NORD (RUE DU)",48.08301,7.36089,Crépuscule ou aube,En agglomération,Intersection en X,Temps éblouissant,Autre collision,,,,,,,,,,,2,2,2,7,6.0
201600032788,0016-07-19 11:15:00,16,7,19,11,15,680,66,", ST JOSSE (RUE)",48.0748,7.36341,Plein jour,En agglomération,Intersection en X,Normale,Autre collision,,,,,,,,,,,1,2,2,1,6.0
201600032789,0016-07-20 21:03:00,16,7,20,21,3,680,66,"3, INGERSHEIM (ROUTE D'",48.08144,7.37325,Plein jour,En agglomération,Intersection en X,Normale,Deux véhicules - côté,,,,,,,,,,,1,2,2,1,3.0
201600032790,0016-07-19 09:25:00,16,7,19,9,25,680,66,"1, REY (AVENUE JOSEPH)",48.09435,7.36182,Plein jour,En agglomération,Giratoire,Normale,Deux véhicules - côté,,,,,,,,,,,1,2,6,1,3.0
201600032791,0016-08-02 11:48:00,16,8,2,11,48,680,66,POINCARE AV RAYMOND 18,48.07083,7.35137,Plein jour,En agglomération,Hors intersection,Normale,Autre collision,,,,,,,,,,,1,2,1,1,6.0
201600032792,0016-08-12 15:43:00,16,8,12,15,43,680,66,"31, ROUFFACH (ROUTE DE)",48.06759,7.3441,Plein jour,En agglomération,Intersection en X,Normale,Autre collision,,,,,,,,,,,1,2,2,1,6.0
201600032793,0016-09-01 13:40:00,16,9,1,13,40,680,66,"10, ST LEON (RUE)",48.08001,7.34647,Plein jour,En agglomération,Intersection en X,Normale,Autre collision,,,,,,,,,,,1,2,2,1,6.0
201600032794,0016-09-12 19:49:00,16,9,12,19,49,680,66,"2, CORNEILLE (RUE DE LA)",48.07794,7.36125,Crépuscule ou aube,En agglomération,Hors intersection,Normale,Autre collision,,,,,,,,,,,2,2,1,1,6.0
201600032795,0016-09-14 18:34:00,16,9,14,18,34,680,66,LATTRE DE TASSIGNY (PLAC,,,Plein jour,En agglomération,Hors intersection,Normale,Autre collision,,,,,,,,,,,1,2,1,1,6.0
201600032796,0016-10-10 10:06:00,16,10,10,10,6,680,66,"13, INGERSHEIM (ROUTE D'",48.08345,7.35057,Plein jour,En agglomération,Intersection en T,Normale,Deux véhicules - côté,,,,,,,,,,,1,2,3,1,3.0
201600032797,0016-10-31 17:21:00,16,10,31,17,21,680,66,"102, LADHOF (RUE DU)",,,Nuit avec éclairage allumé,En agglomération,Hors intersection,Normale,Deux véhicules - côté,,,,,,,,,,,5,2,1,1,3.0
201600032798,0016-10-27 16:00:00,16,10,27,16,0,680,66,"49, SOULTZ (RUE DE)",,,Plein jour,En agglomération,Intersection en X,Normale,Deux véhicules - frontale,,,,,,,,,,,1,2,2,1,1.0
201600032799,0016-11-03 14:00:00,16,11,3,14,0,680,66,LADHOF (RUE DU),,,Plein jour,En agglomération,Hors intersection,Temps éblouissant,Deux véhicules - côté,,,,,,,,,,,1,2,1,7,3.0
201600032800,0016-11-03 09:10:00,16,11,3,9,10,680,66,"16, JOFFRE (AVENUE)",48.07032,7.35341,Plein jour,En agglomération,Intersection en X,Normale,Deux véhicules - côté,,,,,,,,,,,1,2,2,1,3.0
201600032801,0016-11-14 08:03:00,16,11,14,8,3,680,66,"14, SCHWEITZER (RUE DU D",48.07978,7.33745,Crépuscule ou aube,En agglomération,Intersection en X,Normale,Deux véhicules - côté,,,,,,,,,,,2,2,2,1,3.0
201600032802,0016-11-14 17:37:00,16,11,14,17,37,680,66,"17A, GRILLENBREIT (RUE D",,,Nuit avec éclairage allumé,En agglomération,Intersection en T,Normale,Deux véhicules - côté,,,,,,,,,,,5,2,3,1,3.0
201600032803,0016-11-11 16:00:00,16,11,11,16,0,680,66,"9, AMPERE  ( RUE D')",,,Plein jour,En agglomération,Hors intersection,Normale,Autre collision,,,,,,,,,,,1,2,1,1,6.0
201600032804,0016-11-22 10:15:00,16,11,22,10,15,680,66,CD45,48.13908,7.45946,Plein jour,Hors agglomération,Hors intersection,Normale,Autre collision,,,,,,,,,,,1,1,1,1,6.0
201600032805,0016-11-12 15:35:00,16,11,12,15,35,680,66,"39, LIBERTE (AVENUE DE L",48.07338,7.33902,Plein jour,Hors agglomération,Hors intersection,Normale,Autre collision,,,,,,,,,,,1,1,1,1,6.0
201600032806,0016-12-03 15:37:00,16,12,3,15,37,680,66,FLORIMONT (RUE DU),,,Plein jour,En agglomération,Intersection en T,Normale,Deux véhicules - côté,,,,,,,,,,,1,2,3,1,3.0
201600032807,0016-01-08 18:37:00,16,1,8,18,37,680,224,MATISSE (RUE HENRI),47.73638,7.29347,Nuit avec éclairage allumé,En agglomération,Hors intersection,Pluie légère,Autre collision,,,,,,,,,,,5,2,1,2,6.0
201600032808,0016-01-16 00:10:00,16,1,16,0,10,680,224,GALFINGUE (RUE DE),47.74516,7.32649,Nuit avec éclairage allumé,En agglomération,Intersection en T,Normale,Deux véhicules - côté,,,,,,,,,,,5,2,3,1,3.0
201600032809,0016-01-25 11:10:00,16,1,25,11,10,680,224,THIERSTEIN (RUE),47.76047,7.32629,Plein jour,En agglomération,Intersection en X,Normale,Deux véhicules - frontale,,,,,,,,,,,1,2,2,1,1.0
201600032810,0016-02-13 19:00:00,16,2,13,19,0,680,271,DOLLFUS (AVENUE GUSTAVE),47.74741,7.35879,Nuit avec éclairage allumé,En agglomération,Hors intersection,Pluie légère,Autre collision,,,,,,,,,,,5,2,1,2,6.0
201600032811,0016-02-19 13:04:00,16,2,19,13,4,680,224,FURSTENBERGER (RUE),47.75688,7.32303,Plein jour,En agglomération,Intersection en T,Normale,Deux véhicules - côté,,,,,,,,,,,1,2,3,1,3.0
201600032812,0016-02-26 20:55:00,16,2,26,20,55,680,224,ROOSEVELT (BOULEVARD DU,47.545,7.19464,Nuit avec éclairage allumé,En agglomération,Hors intersection,Normale,Deux véhicules - côté,,,,,,,,,,,5,2,1,1,3.0
201600032813,0016-03-05 15:50:00,16,3,5,15,50,680,224,QUIMPER (RUE DE),,,Plein jour,En agglomération,Hors intersection,Normale,Sans collision,,,,,,,,,,,1,2,1,1,7.0
201600032814,0016-03-08 20:20:00,16,3,8,20,20,680,224,"20, ABEILLES (RUE DES)",47.74929,7.32265,Nuit avec éclairage allumé,En agglomération,Intersection en X,Normale,Autre collision,,,,,,,,,,,5,2,2,1,6.0
201600032815,0016-03-11 16:30:00,16,3,11,16,30,680,224,HUBNER (RUE),47.75658,7.33538,Plein jour,En agglomération,Intersection en X,Normale,Autre collision,,,,,,,,,,,1,2,2,1,6.0
201600032816,0016-03-22 17:10:00,16,3,22,17,10,680,224,"24, DMC",47.75248,7.31087,Plein jour,En agglomération,Hors intersection,Normale,Autre collision,,,,,,,,,,,1,2,1,1,6.0
201600032817,0016-04-25 01:46:00,16,4,25,1,46,680,224,AUTOROUTE A 36,47.75659,7.30002,Nuit sans éclairage public,Hors agglomération,Hors intersection,Normale,Sans collision,,,,,,,,,,,3,1,1,1,7.0
201600032818,0016-04-15 11:00:00,16,4,15,11,0,680,224,"72, LUTTERBACH (PONT DE)",,,Plein jour,Hors agglomération,Hors intersection,Pluie forte,Deux véhicules - côté,,,,,,,,,,,1,1,1,3,3.0
201600032819,0016-04-26 17:30:00,16,4,26,17,30,680,224,KINGERSHEIM (RUE DE),47.77139,7.327,Plein jour,En agglomération,Intersection en T,Pluie légère,Deux véhicules - côté,,,,,,,,,,,1,2,3,2,3.0
201600032820,0016-05-11 23:00:00,16,5,11,23,0,680,224,SCHUMAN (AVENUE ROBERT),47.75338,7.34425,Nuit avec éclairage allumé,En agglomération,Intersection en X,Normale,Deux véhicules - côté,,,,,,,,,,,5,2,2,1,3.0
201600032821,0016-05-17 07:41:00,16,5,17,7,41,680,224,"55, BRIAND (AVENUE ARIST",47.746,7.3295,Plein jour,En agglomération,Hors intersection,Normale,Sans collision,,,,,,,,,,,1,2,1,1,7.0
201600032822,0016-05-20 08:00:00,16,5,20,8,0,680,224,DMC,47.45094,7.18404,Plein jour,En agglomération,Intersection en T,Normale,Deux véhicules - côté,,,,,,,,,,,1,2,3,1,3.0
201600032823,0016-05-31 22:23:00,16,5,31,22,23,680,224,WYLER (ALLEE WILLIAM),47.75813,7.35141,Nuit avec éclairage allumé,En agglomération,Hors intersection,Normale,Autre collision,,,,,,,,,,,5,2,1,1,6.0
201600032824,0016-06-04 22:55:00,16,6,4,22,55,680,224,"21, PORTE DU MIROIR",47.7435,7.33422,Nuit avec éclairage allumé,En agglomération,Giratoire,Normale,Autre collision,,,,,,,,,,,5,2,6,1,6.0
201600032825,0016-06-23 10:54:00,16,6,23,10,54,680,224,PORTE DU MIROIR,47.7428,7.33561,Plein jour,En agglomération,Hors intersection,Normale,Sans collision,,,,,,,,,,,1,2,1,1,7.0
201600032826,0016-06-23 09:55:00,16,6,23,9,55,680,224,DIX-SEPT NOVEMBRE (RUE D,47.74325,7.34158,Plein jour,En agglomération,Intersection en X,Normale,Deux véhicules - côté,,,,,,,,,,,1,2,2,1,3.0
201600032827,0016-06-28 17:10:00,16,6,28,17,10,680,224,ROMAINS (RUE DES),47.77911,7.33913,Plein jour,En agglomération,Hors intersection,Normale,Autre collision,,,,,,,,,,,1,2,1,1,6.0
201600032828,0016-06-29 19:19:00,16,6,29,19,19,680,224,"11, SOULTZ (RUE DE)",47.76467,7.32391,Plein jour,En agglomération,Hors intersection,Normale,Trois véhicules et plus - collisions multiples,,,,,,,,,,,1,2,1,1,5.0
201600032829,0016-06-30 08:15:00,16,6,30,8,15,680,224,"141, MITTERRAND (AVENUE",47.74322,7.31053,Plein jour,En agglomération,Intersection en X,Normale,Deux véhicules - côté,,,,,,,,,,,1,2,2,1,3.0
201600032830,0016-07-05 06:00:00,16,7,5,6,0,680,195,AUTOROUTE A 36,47.74789,7.27785,Plein jour,Hors agglomération,Hors intersection,Normale,Trois véhicules et plus - en chaîne,,,,,,,,,,,1,1,1,1,4.0
201600032831,0016-06-30 19:20:00,16,6,30,19,20,680,224,"70, BELFORT (RUE DE)",47.74357,7.30878,Plein jour,En agglomération,Hors intersection,Normale,Deux véhicules - frontale,,,,,,,,,,,1,2,1,1,1.0
201600032832,0016-07-05 09:05:00,16,7,5,9,5,680,224,GRAINS (RUE DES),,,Plein jour,En agglomération,Hors intersection,Normale,Autre collision,,,,,,,,,,,1,2,1,1,6.0
201600032833,0016-08-06 11:25:00,16,8,6,11,25,680,224,ROOSEVELT (BOULEVARD DU,47.75166,7.32919,Plein jour,En agglomération,Hors intersection,Normale,Sans collision,,,,,,,,,,,1,2,1,1,7.0
201600032834,0016-08-17 11:40:00,16,8,17,11,40,680,224,"30, ILE NAPOLEON (RUE DE",,,Plein jour,En agglomération,Hors intersection,Normale,Autre collision,,,,,,,,,,,1,2,1,1,6.0
201600032835,0016-09-22 04:52:00,16,9,22,4,52,680,224,STOESSEL (BOULEVARD CHAR,47.74303,7.32466,Nuit avec éclairage allumé,En agglomération,Intersection en X,Normale,Deux véhicules - côté,,,,,,,,,,,5,2,2,1,3.0
201600032836,0016-09-30 09:50:00,16,9,30,9,50,680,224,"03, AUVERGNE (RUE D')",,,Plein jour,En agglomération,Hors intersection,Normale,Autre collision,,,,,,,,,,,1,2,1,1,6.0
201600032837,0016-10-13 07:48:00,16,10,13,7,48,680,224,ILE NAPOLEON (RUE DE L'),47.75481,7.35913,Plein jour,En agglomération,Intersection en T,Normale,Deux véhicules - côté,,,,,,,,,,,1,2,3,1,3.0
201600032838,0016-10-19 20:16:00,16,10,19,20,16,680,224,SAINT-NAZAIRE (RUE DE),47.77334,7.32898,Nuit avec éclairage allumé,En agglomération,Intersection en X,Normale,Deux véhicules - frontale,,,,,,,,,,,5,2,2,1,1.0
201600032839,0016-11-03 09:10:00,16,11,3,9,10,680,224,CAMPION GERMAINE (ROND-P,,,Plein jour,En agglomération,Giratoire,Normale,Deux véhicules - côté,,,,,,,,,,,1,2,6,1,3.0
201600032840,0016-12-15 21:48:00,16,12,15,21,48,680,224,ZUBER (RUE),,,Nuit avec éclairage allumé,En agglomération,Intersection en T,Normale,Deux véhicules - côté,,,,,,,,,,,5,2,3,1,3.0
201600032841,0016-11-18 11:15:00,16,11,18,11,15,680,224,COUBERTIN (RUE PIERRE DE,,,Plein jour,En agglomération,Hors intersection,Normale,Sans collision,,,,,,,,,,,1,2,1,1,7.0
201600032842,0016-04-02 09:45:00,16,4,2,9,45,680,297,MULHOUSE ( RUE DE)JUSQUE,47.58692,7.56277,Plein jour,En agglomération,Hors intersection,Normale,Autre collision,,,,,,,,,,,1,2,1,1,6.0
201600032843,0016-04-26 17:55:00,16,4,26,17,55,680,297,MULHOUSE ( RUE)CITE BOUR,47.59852,7.55163,Plein jour,En agglomération,Hors intersection,Pluie légère,Deux véhicules - côté,,,,,,,,,,,1,2,1,2,3.0
201600032844,0016-05-03 16:18:00,16,5,3,16,18,680,297,"15, BALE ( AVE DE)WIRU J",47.58457,7.56504,Plein jour,En agglomération,Hors intersection,Normale,Autre collision,,,,,,,,,,,1,2,1,1,6.0
201600032845,0016-06-05 17:00:00,16,6,5,17,0,680,297,"8, WITTERSBACH ( RUE FRA",47.59939,7.54852,Plein jour,En agglomération,Hors intersection,Normale,Deux véhicules - arrière,,,,,,,,,,,1,2,1,1,2.0
201600032846,0016-05-09 09:45:00,16,5,9,9,45,680,297,CHARITE ( RUE DE LA ),47.57717,7.54981,Plein jour,En agglomération,Intersection en T,Normale,Deux véhicules - côté,,,,,,,,,,,1,2,3,1,3.0
201600032847,0016-08-13 18:30:00,16,8,13,18,30,680,297,"1, SEVILLE ( RUE DE )",47.60626,7.54154,Plein jour,En agglomération,Hors intersection,Normale,Autre collision,,,,,,,,,,,1,2,1,1,6.0
201600032848,0016-08-23 11:10:00,16,8,23,11,10,680,297,"11, HUNINGUE ( RUE DE )",47.58635,7.56611,Plein jour,En agglomération,Intersection en X,Normale,Deux véhicules - frontale,,,,,,,,,,,1,2,2,1,1.0
201600032849,0016-09-22 22:00:00,16,9,22,22,0,680,149,"0, MARRONNIERS ( RUE DES",47.59477,7.58814,Nuit sans éclairage public,En agglomération,Intersection en T,Normale,Autre collision,,,,,,,,,,,3,2,3,1,6.0
201600032850,0016-11-09 07:45:00,16,11,9,7,45,680,297,MULHOUSE RUE DE,47.5935,7.55549,Crépuscule ou aube,En agglomération,Hors intersection,Normale,Autre collision,,,,,,,,,,,2,2,1,1,6.0
201600032851,0016-11-10 17:00:00,16,11,10,17,0,680,297,"5, MULHOUSE ( RUE DE)JUS",47.58658,7.56315,Nuit avec éclairage allumé,En agglomération,Hors intersection,Pluie légère,Autre collision,,,,,,,,,,,5,2,1,2,6.0
201600032852,0016-03-18 14:10:00,16,3,18,14,10,680,297,,47.60416,7.53036,Plein jour,En agglomération,Giratoire,Normale,Deux véhicules - côté,,,,,,,,,,,1,2,6,1,3.0
201600032853,0016-03-11 20:40:00,16,3,11,20,40,680,166,"6, GUEBWILLER (RUE DE)",47.77781,7.31851,Nuit avec éclairage allumé,En agglomération,Intersection en T,Normale,Deux véhicules - côté,,,,,,,,,,,5,2,3,1,3.0
201600032854,0016-06-23 20:55:00,16,6,23,20,55,680,376,"1, ENSISHEIM (RUE D')",47.80978,7.33746,Plein jour,En agglomération,Intersection en X,Normale,Autre collision,,,,,,,,,,,1,2,2,1,6.0
201600032855,0016-07-21 10:10:00,16,7,21,10,10,680,166,"12, DAHLIA (RUE DU)",47.79427,7.33108,Plein jour,En agglomération,Hors intersection,Normale,Autre collision,,,,,,,,,,,1,2,1,1,6.0
201600032856,0016-09-25 08:50:00,16,9,25,8,50,680,376,RD 430,47.80678,7.3022,Plein jour,Hors agglomération,Hors intersection,Normale,Deux véhicules - côté,,,,,,,,,,,1,1,1,1,3.0
201600032857,0016-02-10 19:30:00,16,2,10,19,30,10,244,,,,Nuit sans éclairage public,Hors agglomération,Hors intersection,Pluie forte,Autre collision,,,,,,,,,,,3,1,1,3,6.0
201600032858,0016-05-29 05:00:00,16,5,29,5,0,10,90,,,,Nuit sans éclairage public,Hors agglomération,Hors intersection,Pluie légère,Autre collision,,,,,,,,,,,3,1,1,2,6.0
201600032859,0016-07-08 20:55:00,16,7,8,20,55,10,378,chemin du noyant,45.82,5.19,Plein jour,En agglomération,Hors intersection,Normale,Sans collision,,,,,,,,,,,1,2,1,1,7.0
201600032860,0016-07-16 11:30:00,16,7,16,11,30,10,92,,,,Plein jour,Hors agglomération,Hors intersection,Normale,Deux véhicules - frontale,,,,,,,,,,,1,1,1,1,1.0
201600032861,0016-07-28 09:30:00,16,7,28,9,30,10,450,,,,Plein jour,Hors agglomération,Hors intersection,Normale,Autre collision,,,,,,,,,,,1,1,1,1,6.0
201600032862,0016-08-27 16:00:00,16,8,27,16,0,10,378,,,,Plein jour,Hors agglomération,Hors intersection,Normale,Sans collision,,,,,,,,,,,1,1,1,1,7.0
201600032863,0016-09-05 22:45:00,16,9,5,22,45,10,434,01330,45.99184,5.12744,Nuit sans éclairage public,Hors agglomération,Hors intersection,Pluie légère,Autre collision,,,,,,,,,,,3,1,1,2,6.0
201600032864,0016-09-10 16:45:00,16,9,10,16,45,10,244,,,,Plein jour,Hors agglomération,Hors intersection,Normale,Deux véhicules - frontale,,,,,,,,,,,1,1,1,1,1.0
201600032865,0016-12-15 19:30:00,16,12,15,19,30,10,450,,45.92361,5.22409,Nuit sans éclairage public,En agglomération,Hors intersection,Normale,Autre collision,,,,,,,,,,,3,2,1,1,6.0
201600032866,0016-03-11 18:30:00,16,3,11,18,30,10,424,,,,Crépuscule ou aube,Hors agglomération,Hors intersection,Normale,Autre collision,,,,,,,,,,,2,1,1,1,6.0
201600032867,0016-03-25 23:15:00,16,3,25,23,15,10,5,,,,Nuit sans éclairage public,Hors agglomération,Hors intersection,Normale,Autre collision,,,,,,,,,,,3,1,1,1,6.0
201600032868,0016-05-07 11:45:00,16,5,7,11,45,10,207,,,,Plein jour,Hors agglomération,Hors intersection,Normale,Deux véhicules - côté,,,,,,,,,,,1,1,1,1,3.0
201600032869,0016-07-12 14:30:00,16,7,12,14,30,10,359,,,,Plein jour,Hors agglomération,Hors intersection,Pluie légère,Deux véhicules - côté,,,,,,,,,,,1,1,1,2,3.0
201600032870,0016-07-16 17:15:00,16,7,16,17,15,10,262,D61 ROUTE DE STE CROIX,45.86217,5.05446,Plein jour,En agglomération,Hors intersection,Normale,Autre collision,,,,,,,,,,,1,2,1,1,6.0
201600032871,0016-09-07 12:15:00,16,9,7,12,15,10,362,,,,Plein jour,Hors agglomération,Hors intersection,Normale,Deux véhicules - frontale,,,,,,,,,,,1,1,1,1,1.0
201600032872,0016-09-20 20:00:00,16,9,20,20,0,10,333,Croix blanche,45.92582,4.95089,Nuit avec éclairage allumé,En agglomération,Giratoire,Normale,Deux véhicules - côté,,,,,,,,,,,5,2,6,1,3.0
201600032873,0016-10-10 18:45:00,16,10,10,18,45,10,424,01390,45.88906,4.96975,Crépuscule ou aube,Hors agglomération,Hors intersection,Normale,Deux véhicules - frontale,,,,,,,,,,,2,1,1,1,1.0
201600032874,0016-10-18 17:45:00,16,10,18,17,45,10,383,01240,46.10327,5.13471,Plein jour,Hors agglomération,Hors intersection,Normale,Deux véhicules - arrière,,,,,,,,,,,1,1,1,1,2.0
201600032875,0016-11-06 15:30:00,16,11,6,15,30,10,261,lieu dit le maréage,45.95721,4.95336,Plein jour,Hors agglomération,Hors intersection,Normale,Autre collision,,,,,,,,,,,1,1,1,1,6.0
201600032876,0016-11-14 20:15:00,16,11,14,20,15,10,333,,,,Nuit sans éclairage public,Hors agglomération,Hors intersection,Normale,Deux véhicules - frontale,,,,,,,,,,,3,1,1,1,1.0
201600032877,0016-12-08 07:20:00,16,12,8,7,20,10,443,,46.01466,5.05068,Crépuscule ou aube,Hors agglomération,Intersection en Y,Neige / grêle,Deux véhicules - côté,,,,,,,,,,,2,1,4,4,3.0
201600032878,0016-12-14 08:45:00,16,12,14,8,45,10,424,,45.87507,4.98108,Plein jour,Hors agglomération,Hors intersection,Brouillard / fumée,Deux véhicules - frontale,,,,,,,,,,,1,1,1,5,1.0
201600032879,0016-12-24 21:00:00,16,12,24,21,0,10,52,,,,Nuit sans éclairage public,Hors agglomération,Hors intersection,Pluie légère,Autre collision,,,,,,,,,,,3,1,1,2,6.0
201600032880,0016-01-07 19:15:00,16,1,7,19,15,690,91,GEORGES LEVY (Q),45.58302,4.77683,Nuit avec éclairage allumé,En agglomération,Intersection en T,Temps couvert,Deux véhicules - côté,,,,,,,,,,,5,2,3,8,3.0
201600032881,0016-01-08 13:05:00,16,1,8,13,5,690,91,"29, HONORE PETETIN ( R )",,,Plein jour,En agglomération,Hors intersection,Normale,Deux véhicules - frontale,,,,,,,,,,,1,2,1,1,1.0
201600032882,0016-01-16 12:10:00,16,1,16,12,10,690,91,"2, GEORGES LEVY (Q)",45.58389,4.77656,Plein jour,En agglomération,Hors intersection,Normale,Trois véhicules et plus - collisions multiples,,,,,,,,,,,1,2,1,1,5.0
201600032883,0016-01-21 06:50:00,16,1,21,6,50,690,91,"114, RIVE DE GIER (DE) (",45.5795,4.73387,Nuit sans éclairage public,Hors agglomération,Hors intersection,Normale,Autre collision,,,,,,,,,,,3,1,1,1,6.0
201600032884,0016-01-24 16:00:00,16,1,24,16,0,690,91,"10, YVES FARGES ( R )",45.59217,4.76834,Plein jour,En agglomération,Hors intersection,Normale,Deux véhicules - frontale,,,,,,,,,,,1,2,1,1,1.0
201600032885,0016-03-07 08:00:00,16,3,7,8,0,690,91,"37, DOCTEUR ROUX (DU) (",,,Plein jour,En agglomération,Hors intersection,Normale,Autre collision,,,,,,,,,,,1,2,1,1,6.0
201600032886,0016-03-15 17:50:00,16,3,15,17,50,690,91,"13, ROMAIN ROLLAND (RUE)",,,Plein jour,En agglomération,Hors intersection,Normale,Autre collision,,,,,,,,,,,1,2,1,1,6.0
201600032887,0016-03-15 18:30:00,16,3,15,18,30,690,96,"X, WALDECK-ROUSSEAU (AV)",,,Crépuscule ou aube,En agglomération,Intersection en T,Normale,Deux véhicules - côté,,,,,,,,,,,2,2,3,1,3.0
201600032888,0016-03-22 08:45:00,16,3,22,8,45,690,91,"X, MARCEL CACHIN ( R )",45.59638,4.76666,Plein jour,En agglomération,Intersection en T,Normale,Deux véhicules - côté,,,,,,,,,,,1,2,3,1,3.0
201600032889,0016-04-08 17:35:00,16,4,8,17,35,690,91,JEAN LIGONNET ( R ),45.59508,4.76958,Plein jour,En agglomération,Hors intersection,Normale,Deux véhicules - arrière,,,,,,,,,,,1,2,1,1,2.0
201600032890,0016-04-22 19:00:00,16,4,22,19,0,690,91,HONORE PETETIN ( R ),,,Plein jour,En agglomération,Hors intersection,Normale,Autre collision,,,,,,,,,,,1,2,1,1,6.0
201600032891,0016-05-08 15:47:00,16,5,8,15,47,690,91,"6, VICTOR HUGO ( R )",45.5889,4.77091,Plein jour,En agglomération,Hors intersection,Normale,Deux véhicules - arrière,,,,,,,,,,,1,2,1,1,2.0
201600032892,0016-05-08 16:45:00,16,5,8,16,45,690,96,PRESSENSE (FRANCIS DE) (,45.36028,4.46247,Plein jour,En agglomération,Hors intersection,Normale,Deux véhicules - frontale,,,,,,,,,,,1,2,1,1,1.0