accident_id,datetime,annee,mois,jour,heure,minute,departement,commune_insee,adresse,latitude,longitude,luminosite,agglomeration,intersection,meteo,collision,nb_vehicules,nb_usagers,nb_indemnes,nb_tues,nb_blesses_hosp,nb_blesses_legers,age_cond_1,age_cond_2,veh_type_cond_1,veh_type_cond_2,lum_code,agg_code,int_code,atm_code,col_code
201600032893,0016-05-28 22:40:00,16,5,28,22,40,690,91,"29, RENEE PEILLON ( R )",45.34035,4.47472,Nuit avec éclairage allumé,En agglomération,Hors intersection,Normale,Autre collision,,,,,,,,,,,5,2,1,1,6.0
201600032894,0016-06-02 16:30:00,16,6,2,16,30,690,91,RIVE DE GIER (DE) (RTE),,,Plein jour,Hors agglomération,Hors intersection,Pluie légère,Sans collision,,,,,,,,,,,1,1,1,2,7.0
201600032895,0016-06-11 02:15:00,16,6,11,2,15,690,91,"X, RIVE DE GIER (DE) (RT",45.57916,4.72516,Nuit avec éclairage non allumé,Hors agglomération,Hors intersection,Normale,Autre collision,,,,,,,,,,,4,1,1,1,6.0
201600032896,0016-06-18 00:10:00,16,6,18,0,10,690,91,"x, DREVET (DU)",45.58347,4.76605,Nuit avec éclairage allumé,Hors agglomération,Hors intersection,Normale,Sans collision,,,,,,,,,,,5,1,1,1,7.0
201600032897,0016-07-05 18:30:00,16,7,5,18,30,690,91,LENINE (AV),45.60391,4.76327,Plein jour,En agglomération,Intersection en T,Normale,Autre collision,,,,,,,,,,,1,2,3,1,6.0
201600032898,0016-07-06 08:40:00,16,7,6,8,40,690,96,"17, SEMARD (PIERRE) ( R",,,Plein jour,En agglomération,Intersection en T,Normale,Deux véhicules - côté,,,,,,,,,,,1,2,3,1,3.0
201600032899,0016-07-14 17:50:00,16,7,14,17,50,690,91,RIVE DE GIER (DE) (RTE),,,Plein jour,Hors agglomération,Hors intersection,Pluie légère,Deux véhicules - frontale,,,,,,,,,,,1,1,1,2,1.0
201600032900,0016-08-16 18:00:00,16,8,16,18,0,690,91,ANATOLE FRANCE (AV),45.57652,4.78905,Plein jour,En agglomération,Hors intersection,Normale,Autre collision,,,,,,,,,,,1,2,1,1,6.0
201600032901,0016-08-17 14:00:00,16,8,17,14,0,690,91,"33, JEAN LIGONNET ( R )",,,Plein jour,En agglomération,Hors intersection,Normale,Deux véhicules - arrière,,,,,,,,,,,1,2,1,1,2.0
201600032902,0016-08-23 16:30:00,16,8,23,16,30,690,91,ECHALAS (D'),45.57675,4.75016,Plein jour,Hors agglomération,Hors intersection,Normale,Deux véhicules - côté,,,,,,,,,,,1,1,1,1,3.0
201600032903,0016-09-01 06:55:00,16,9,1,6,55,690,91,ROMAIN ROLLAND (RUE),45.60191,4.77022,Plein jour,En agglomération,Intersection en X,Normale,Deux véhicules - côté,,,,,,,,,,,1,2,2,1,3.0
201600032904,0016-09-06 05:45:00,16,9,6,5,45,690,91,"x, PAIX (DE LA) ( R )",45.35129,5.239,Nuit avec éclairage allumé,En agglomération,Hors intersection,Pluie légère,Autre collision,,,,,,,,,,,5,2,1,2,6.0
201600032905,0016-09-17 20:00:00,16,9,17,20,0,690,91,"66, MORNANT (DE) (RTE)",,,Crépuscule ou aube,Hors agglomération,Hors intersection,Pluie forte,Autre collision,,,,,,,,,,,2,1,1,3,6.0
201600032906,0016-09-12 14:15:00,16,9,12,14,15,690,91,"01, VICTOR HUGO ( R )",,,Plein jour,En agglomération,Hors intersection,Normale,Sans collision,,,,,,,,,,,1,2,1,1,7.0
201600032907,0016-09-22 21:30:00,16,9,22,21,30,690,91,"11, JEAN LIGONNET ( R )",,,Nuit avec éclairage allumé,En agglomération,Hors intersection,Normale,Deux véhicules - arrière,,,,,,,,,,,5,2,1,1,2.0
201600032908,0016-09-24 20:30:00,16,9,24,20,30,690,91,"x, GAGARINE (AV)",,,Nuit sans éclairage public,En agglomération,Hors intersection,Normale,Deux véhicules - côté,,,,,,,,,,,3,2,1,1,3.0
201600032909,0016-09-28 19:30:00,16,9,28,19,30,690,96,"23, MOULIN (JEAN) (AV)",45.61053,4.79702,Plein jour,En agglomération,Hors intersection,Normale,Autre collision,,,,,,,,,,,1,2,1,1,6.0
201600032910,0016-09-30 17:15:00,16,9,30,17,15,690,96,"42, MOULIN (JEAN) (AV)",,,Plein jour,En agglomération,Intersection en T,Normale,Deux véhicules - côté,,,,,,,,,,,1,2,3,1,3.0
201600032911,0016-11-08 08:40:00,16,11,8,8,40,690,96,"3, GAULLE (CHARLES DE) (",,,Plein jour,En agglomération,Hors intersection,Normale,Autre collision,,,,,,,,,,,1,2,1,1,6.0
201600032912,0016-11-03 08:35:00,16,11,3,8,35,690,91,RIVE DE GIER (DE) (RTE),45.57727,4.72211,Plein jour,En agglomération,Hors intersection,Normale,Autre collision,,,,,,,,,,,1,2,1,1,6.0
201600032913,0016-11-09 18:40:00,16,11,9,18,40,690,91,RIVE DE GIER (DE) (RTE),,,Nuit sans éclairage public,Hors agglomération,Hors intersection,Pluie légère,Autre collision,,,,,,,,,,,3,1,1,2,6.0
201600032914,0016-11-13 12:00:00,16,11,13,12,0,690,91,"x, HONORE PETETIN ( R )",,,Plein jour,En agglomération,Hors intersection,Pluie légère,Deux véhicules - côté,,,,,,,,,,,1,2,1,2,3.0
201600032915,0016-11-25 19:10:00,16,11,25,19,10,690,91,"31, VICTOR HUGO ( R )",45.58918,4.77091,Nuit avec éclairage allumé,En agglomération,Hors intersection,Normale,Autre collision,,,,,,,,,,,5,2,1,1,6.0
201600032916,0016-11-26 18:00:00,16,11,26,18,0,690,91,"00, PAIX (DE LA) ( R )",45.58317,4.7435,Nuit avec éclairage allumé,En agglomération,Intersection en T,Normale,Deux véhicules - côté,,,,,,,,,,,5,2,3,1,3.0
201600032917,0016-12-11 12:45:00,16,12,11,12,45,690,91,"69, JEAN LIGONNET ( R )",,,Plein jour,En agglomération,Hors intersection,Normale,Deux véhicules - arrière,,,,,,,,,,,1,2,1,1,2.0
201600032918,0016-12-11 18:30:00,16,12,11,18,30,690,91,MORNANT (DE) (RTE),45.58459,4.74117,Crépuscule ou aube,Hors agglomération,Hors intersection,Normale,Deux véhicules - côté,,,,,,,,,,,2,1,1,1,3.0
201600032919,0016-01-02 23:30:00,16,1,2,23,30,690,264,"383, MARTINI JEAN-BAPTIS",,,Nuit avec éclairage allumé,En agglomération,Hors intersection,Autre,Deux véhicules - frontale,,,,,,,,,,,5,2,1,9,1.0
201600032920,0016-04-09 04:00:00,16,4,9,4,0,690,264,RIOTTIER  ROUTE DE,45.0,4.0,Nuit avec éclairage allumé,En agglomération,Hors intersection,Normale,Autre collision,,,,,,,,,,,5,2,1,1,6.0
201600032921,0016-04-19 17:35:00,16,4,19,17,35,690,92,"570, TARARE (rue de)",45.98686,4.70541,Plein jour,En agglomération,Hors intersection,Normale,Autre collision,,,,,,,,,,,1,2,1,1,6.0
201600032922,0016-06-11 01:15:00,16,6,11,1,15,690,264,HUGO  VICTOR  R,,,Nuit avec éclairage allumé,En agglomération,Intersection en X,Normale,Trois véhicules et plus - collisions multiples,,,,,,,,,,,5,2,2,1,5.0
201600032923,0016-07-12 17:40:00,16,7,12,17,40,690,264,"120, BERNAND ETIENNE ( b",,,Plein jour,En agglomération,Hors intersection,Pluie forte,Deux véhicules - arrière,,,,,,,,,,,1,2,1,3,2.0
201600032924,0016-08-11 19:10:00,16,8,11,19,10,690,264,"1, THIZY  RUE DE",,,Plein jour,En agglomération,Intersection en T,Normale,Deux véhicules - côté,,,,,,,,,,,1,2,3,1,3.0
201600032925,0016-07-26 19:45:00,16,7,26,19,45,690,264,"153, GRANGE BLAZET",45.98419,4.72027,Plein jour,Hors agglomération,Hors intersection,Normale,Autre collision,,,,,,,,,,,1,1,1,1,6.0
201600032926,0016-09-04 03:30:00,16,9,4,3,30,690,264,EUROPE L'  AV DE,,,Nuit avec éclairage allumé,En agglomération,Giratoire,Normale,Autre collision,,,,,,,,,,,5,2,6,1,6.0
201600032927,0016-09-13 20:15:00,16,9,13,20,15,690,264,"1, BLANC  LOUIS  BD",,,Nuit avec éclairage allumé,En agglomération,Intersection en X,Normale,Autre collision,,,,,,,,,,,5,2,2,1,6.0
201600032928,0016-09-17 05:30:00,16,9,17,5,30,690,264,"619, HERRIOT EDOUARD  AV",43.2,3.1,Nuit avec éclairage allumé,En agglomération,Hors intersection,Temps couvert,Autre collision,,,,,,,,,,,5,2,1,8,6.0
201600032929,0016-09-10 11:20:00,16,9,10,11,20,690,264,PLAGE AV DE LA,,,Plein jour,En agglomération,Hors intersection,Normale,Autre collision,,,,,,,,,,,1,2,1,1,6.0
201600032930,0016-10-15 08:30:00,16,10,15,8,30,690,92,"0, TARARE (route de)",45.97928,4.68543,Crépuscule ou aube,Hors agglomération,Hors intersection,Normale,Deux véhicules - côté,,,,,,,,,,,2,1,1,1,3.0
201600032931,0016-11-04 16:00:00,16,11,4,16,0,690,264,CAMUS ALBERT  BD,,,Plein jour,Hors agglomération,Hors intersection,Normale,Deux véhicules - frontale,,,,,,,,,,,1,1,1,1,1.0
201600032932,0016-11-25 17:25:00,16,11,25,17,25,690,92,MONTMELAS (route de),,,Nuit avec éclairage allumé,Hors agglomération,Hors intersection,Temps couvert,Deux véhicules - côté,,,,,,,,,,,5,1,1,8,3.0
201600032933,0016-12-02 08:15:00,16,12,2,8,15,690,264,"2431, RIOTTIER  ROUTE DE",45.97431,4.74787,Crépuscule ou aube,En agglomération,Intersection en T,Brouillard / fumée,Deux véhicules - côté,,,,,,,,,,,2,2,3,5,3.0
201600032934,0016-12-12 18:30:00,16,12,12,18,30,690,264,GRANGE BLAZET,45.98241,4.7191,Nuit avec éclairage allumé,En agglomération,Intersection en X,Normale,Deux véhicules - frontale,,,,,,,,,,,5,2,2,1,1.0
201600032935,0016-12-09 12:30:00,16,12,9,12,30,690,264,"355, SALENGRO ROGER  BD",45.99888,4.71638,Plein jour,En agglomération,Hors intersection,Normale,Autre collision,,,,,,,,,,,1,2,1,1,6.0
201600032936,0016-12-20 23:38:00,16,12,20,23,38,690,13,SAINT JULIEN (route de),46.01872,4.68244,Nuit sans éclairage public,Hors agglomération,Hors intersection,Temps couvert,Autre collision,,,,,,,,,,,3,1,1,8,6.0
201600032937,0016-01-11 21:15:00,16,1,11,21,15,690,266,"170, ANATOLE FRANCE",,,Nuit avec éclairage allumé,En agglomération,Intersection en X,Normale,Deux véhicules - côté,,,,,,,,,,,5,2,2,1,3.0
201600032938,0016-12-23 12:30:00,16,12,23,12,30,690,290,"1, BESSAY (DU)",45.69541,4.94235,Plein jour,Hors agglomération,Intersection en X,Normale,Autre collision,,,,,,,,,,,1,1,2,1,6.0
201600032939,0016-01-13 08:55:00,16,1,13,8,55,690,271,FRERES MONTGOLFIER (DES),45.72547,4.97052,Plein jour,En agglomération,Intersection en X,Normale,Deux véhicules - frontale,,,,,,,,,,,1,2,2,1,1.0
201600032940,0016-12-30 18:10:00,16,12,30,18,10,690,275,"13BIS, FRATERNITE (DE LA",,,Nuit avec éclairage allumé,En agglomération,Hors intersection,Normale,Autre collision,,,,,,,,,,,5,2,1,1,6.0
201600032941,0016-01-15 14:30:00,16,1,15,14,30,690,29,FRANKLIN ROOSEVELT,,,Plein jour,En agglomération,Intersection en T,Normale,Autre collision,,,,,,,,,,,1,2,3,1,6.0
201600032942,0016-01-14 22:00:00,16,1,14,22,0,690,290,LYON (DE) (D 518),45.71111,4.9022,Nuit avec éclairage allumé,En agglomération,Intersection en X,Temps couvert,Trois véhicules et plus - en chaîne,,,,,,,,,,,5,2,2,8,4.0
201600032943,0016-01-25 17:30:00,16,1,25,17,30,690,266,"99, JARDINS    (Rue des)",45.77408,4.90245,Plein jour,En agglomération,Hors intersection,Normale,Autre collision,,,,,,,,,,,1,2,1,1,6.0
201600032944,0016-01-25 22:00:00,16,1,25,22,0,690,266,"3, 8 MAI 1945   (Rue du)",,,Nuit avec éclairage allumé,En agglomération,Hors intersection,Normale,Autre collision,,,,,,,,,,,5,2,1,1,6.0
201600032945,0016-01-27 07:45:00,16,1,27,7,45,690,266,"13 bis, ALBERT EINSTEIN",45.78296,4.88069,Nuit avec éclairage allumé,En agglomération,Hors intersection,Normale,Autre collision,,,,,,,,,,,5,2,1,1,6.0
201600032946,0016-01-28 08:22:00,16,1,28,8,22,690,275,"64, JEAN JAURES",45.46,4.56,Plein jour,En agglomération,Hors intersection,Normale,Autre collision,,,,,,,,,,,1,2,1,1,6.0
201600032947,0016-01-29 20:45:00,16,1,29,20,45,690,282,POMMIER (DE),45.77545,4.99182,Nuit avec éclairage allumé,En agglomération,Intersection en X,Normale,Trois véhicules et plus - collisions multiples,,,,,,,,,,,5,2,2,1,5.0
201600032948,0016-01-29 21:00:00,16,1,29,21,0,690,266,LAFONTAINE     (rue),,,Nuit avec éclairage allumé,En agglomération,Intersection en X,Normale,Deux véhicules - côté,,,,,,,,,,,5,2,2,1,3.0
201600032949,0016-01-30 01:40:00,16,1,30,1,40,690,266,"225, LEON BLUM      (Rue",,,Nuit avec éclairage allumé,En agglomération,Hors intersection,Normale,Deux véhicules - côté,,,,,,,,,,,5,2,1,1,3.0
201600032950,0016-02-01 21:10:00,16,2,1,21,10,690,275,"2, EDOUARD HERRIOT",45.77131,4.96101,Nuit sans éclairage public,En agglomération,Hors intersection,Normale,Autre collision,,,,,,,,,,,3,2,1,1,6.0
201600032951,0016-02-05 09:25:00,16,2,5,9,25,690,275,AIME CESAIRE,45.76666,4.95,Plein jour,En agglomération,Intersection en X,Normale,Deux véhicules - arrière,,,,,,,,,,,1,2,2,1,2.0
201600032952,0016-02-10 21:20:00,16,2,10,21,20,690,266,"107, LEON BLUM      (Rue",45.7603,4.90041,Nuit avec éclairage allumé,En agglomération,Autre intersection,Pluie légère,Autre collision,,,,,,,,,,,5,2,9,2,6.0
201600032953,0016-02-11 21:50:00,16,2,11,21,50,690,275,"., MARCEAU",,,Nuit avec éclairage allumé,En agglomération,Intersection en T,Pluie légère,Deux véhicules - arrière,,,,,,,,,,,5,2,3,2,2.0
201600032954,0016-02-12 07:30:00,16,2,12,7,30,690,29,"346 BIS, GENAS (DE)",,,Crépuscule ou aube,En agglomération,Hors intersection,Normale,Autre collision,,,,,,,,,,,2,2,1,1,6.0
201600032955,0016-02-13 14:45:00,16,2,13,14,45,690,256,8 MAI 1945 (DU),45.78677,4.92061,Plein jour,En agglomération,Intersection en Y,Normale,Autre collision,,,,,,,,,,,1,2,4,1,6.0
201600032956,0016-02-13 14:12:00,16,2,13,14,12,690,290,PIERRE BLANCHE (DE LA),48.58114,2.59245,Plein jour,Hors agglomération,Intersection en X,Pluie légère,Deux véhicules - côté,,,,,,,,,,,1,1,2,2,3.0
201600032957,0016-01-25 14:20:00,16,1,25,14,20,690,266,"26, TOLSTOI    (Cours)",45.76366,4.87183,Plein jour,En agglomération,Hors intersection,Normale,Autre collision,,,,,,,,,,,1,2,1,1,6.0
201600032958,0016-02-17 20:30:00,16,2,17,20,30,690,271,DAUPHINE (DU),45.73125,4.97638,Nuit avec éclairage allumé,Hors agglomération,Hors intersection,Normale,Autre collision,,,,,,,,,,,5,1,1,1,6.0
201600032959,0016-02-18 17:50:00,16,2,18,17,50,690,266,"49, EDOUARD VAILLANT",45.77522,4.88022,Plein jour,En agglomération,Intersection en X,Normale,Deux véhicules - côté,,,,,,,,,,,1,2,2,1,3.0
201600032960,0016-02-15 15:40:00,16,2,15,15,40,690,290,EDMOND ROSTAND,45.694,4.946,Plein jour,En agglomération,Hors intersection,Normale,Trois véhicules et plus - en chaîne,,,,,,,,,,,1,2,1,1,4.0
201600032961,0016-02-22 11:00:00,16,2,22,11,0,690,266,EUGENE FOURNIERE    (Rue,45.75536,4.88736,Plein jour,En agglomération,Intersection en X,Normale,Deux véhicules - côté,,,,,,,,,,,1,2,2,1,3.0
201600032962,0016-02-22 18:50:00,16,2,22,18,50,690,282,"0, REPUBLIQUE (DE)",45.76666,4.98333,Nuit avec éclairage allumé,Hors agglomération,Hors intersection,Pluie légère,Deux véhicules - frontale,,,,,,,,,,,5,1,1,2,1.0
201600032963,0016-02-22 20:10:00,16,2,22,20,10,690,29,"392, GENAS (DE)",45.74455,4.93102,Nuit avec éclairage allumé,En agglomération,Hors intersection,Pluie légère,Autre collision,,,,,,,,,,,5,2,1,2,6.0
201600032964,0016-02-22 20:00:00,16,2,22,20,0,690,266,"90, ANATOLE FRANCE     (",,,Nuit avec éclairage allumé,En agglomération,Hors intersection,Pluie légère,Autre collision,,,,,,,,,,,5,2,1,2,6.0
201600032965,0016-02-24 22:19:00,16,2,24,22,19,690,266,"267, GENAS    (Route de)",,,Nuit avec éclairage allumé,En agglomération,Autre intersection,Normale,Deux véhicules - côté,,,,,,,,,,,5,2,9,1,3.0
201600032966,0016-02-28 07:00:00,16,2,28,7,0,690,266,LAURENT BONNEVAY    (Bou,45.78581,4.87321,Crépuscule ou aube,En agglomération,Hors intersection,Normale,Sans collision,,,,,,,,,,,2,2,1,1,7.0
201600032967,0016-03-02 17:00:00,16,3,2,17,0,690,271,LYON (DE),45.74227,4.94294,Plein jour,En agglomération,Hors intersection,Pluie légère,Autre collision,,,,,,,,,,,1,2,1,2,6.0
201600032968,0016-02-19 17:30:00,16,2,19,17,30,690,29,PROGRES (DU),,,Plein jour,En agglomération,Hors intersection,Normale,Autre collision,,,,,,,,,,,1,2,1,1,6.0
201600032969,0016-02-25 18:25:00,16,2,25,18,25,690,266,"67, ROGER SALENGRO     (",,,Nuit avec éclairage allumé,En agglomération,Intersection en X,Normale,Deux véhicules - côté,,,,,,,,,,,5,2,2,1,3.0
201600032970,0016-03-03 13:00:00,16,3,3,13,0,690,266,"0, 4 AOUT 1789    (Rue d",45.76662,4.90253,Plein jour,Hors agglomération,Intersection en X,Pluie légère,Deux véhicules - côté,,,,,,,,,,,1,1,2,2,3.0
201600032971,0016-03-03 21:20:00,16,3,3,21,20,690,256,BOLHEN   (DE),,,Nuit avec éclairage allumé,En agglomération,Intersection en X,Normale,Deux véhicules - côté,,,,,,,,,,,5,2,2,1,3.0
201600032972,0016-02-03 11:30:00,16,2,3,11,30,690,29,"282, GENAS    (Route de)",45.758,4.90867,Plein jour,En agglomération,Hors intersection,Normale,Autre collision,,,,,,,,,,,1,2,1,1,6.0
201600032973,0016-03-04 20:05:00,16,3,4,20,5,690,282,"104, REPUBLIQUE (DE)",,,Nuit avec éclairage allumé,En agglomération,Hors intersection,Pluie forte,Autre collision,,,,,,,,,,,5,2,1,3,6.0
201600032974,0016-02-29 09:43:00,16,2,29,9,43,690,29,"., PINEL",45.732,4.88849,Plein jour,En agglomération,Hors intersection,Normale,Deux véhicules - côté,,,,,,,,,,,1,2,1,1,3.0
201600032975,0016-03-08 03:50:00,16,3,8,3,50,690,266,CUSSET   (Pont de),45.76833,4.90533,Nuit avec éclairage allumé,En agglomération,Hors intersection,Normale,Autre collision,,,,,,,,,,,5,2,1,1,6.0
201600032976,0016-03-08 16:45:00,16,3,8,16,45,690,29,PINEL,45.74005,4.89747,Plein jour,En agglomération,Hors intersection,Normale,Autre collision,,,,,,,,,,,1,2,1,1,6.0
201600032977,0016-03-09 16:20:00,16,3,9,16,20,690,266,"49, EDOUARD VAILLANT",45.77522,4.88019,Plein jour,En agglomération,Intersection en X,Pluie légère,Autre collision,,,,,,,,,,,1,2,2,2,6.0
201600032978,0016-03-09 17:30:00,16,3,9,17,30,690,266,"0, AUGUSTE BLANQUI    (A",45.7618,4.88474,Plein jour,En agglomération,Intersection en X,Pluie légère,Deux véhicules - côté,,,,,,,,,,,1,2,2,2,3.0
201600032979,0016-02-27 11:00:00,16,2,27,11,0,690,256,"72, FRANKLIN ROOSEVELT",45.76166,4.93694,Plein jour,En agglomération,Hors intersection,Normale,Deux véhicules - côté,,,,,,,,,,,1,2,1,1,3.0
201600032980,0016-03-11 13:10:00,16,3,11,13,10,690,256,"45, EGALITE (DE L')",45.78322,4.9238,Plein jour,Hors agglomération,Hors intersection,Normale,Autre collision,,,,,,,,,,,1,1,1,1,6.0
201600032981,0016-03-15 09:50:00,16,3,15,9,50,690,266,"16, GASTON BERGER",45.78252,4.87123,Plein jour,En agglomération,Hors intersection,Normale,Autre collision,,,,,,,,,,,1,2,1,1,6.0
201600032982,0016-03-15 15:01:00,16,3,15,15,1,690,266,CONDORCET    (Avenue),45.7764,4.86728,Plein jour,En agglomération,Hors intersection,Normale,Autre collision,,,,,,,,,,,1,2,1,1,6.0
201600032983,0016-03-15 20:00:00,16,3,15,20,0,690,282,"58, LIBERATION (DE LA)",45.77663,4.99808,Nuit avec éclairage allumé,En agglomération,Hors intersection,Normale,Trois véhicules et plus - collisions multiples,,,,,,,,,,,5,2,1,1,5.0
201600032984,0016-03-04 20:20:00,16,3,4,20,20,690,275,VAULX (DE),45.77963,4.94675,Nuit avec éclairage allumé,En agglomération,Hors intersection,Pluie forte,Trois véhicules et plus - collisions multiples,,,,,,,,,,,5,2,1,3,5.0
201600032985,0016-03-19 14:00:00,16,3,19,14,0,690,290,MIONS (DE),45.68419,4.94763,Plein jour,En agglomération,Intersection en X,Normale,Autre collision,,,,,,,,,,,1,2,2,1,6.0
201600032986,0016-03-22 18:20:00,16,3,22,18,20,690,282,JOSEPH DESBOIS,45.77325,5.0045,Plein jour,En agglomération,Intersection en T,Normale,Trois véhicules et plus - collisions multiples,,,,,,,,,,,1,2,3,1,5.0
201600032987,0016-03-24 08:40:00,16,3,24,8,40,690,266,LEON BLUM      (Rue),45.75983,4.89574,Plein jour,En agglomération,Hors intersection,Normale,Autre collision,,,,,,,,,,,1,2,1,1,6.0
201600032988,0016-03-24 18:15:00,16,3,24,18,15,690,271,SEPT CHEMINS (DES),,,Plein jour,En agglomération,Giratoire,Normale,Deux véhicules - côté,,,,,,,,,,,1,2,6,1,3.0
201600032989,0016-03-29 08:40:00,16,3,29,8,40,690,266,"193, ROGER SALENGRO",45.78172,4.88685,Plein jour,En agglomération,Autre intersection,Normale,Deux véhicules - frontale,,,,,,,,,,,1,2,9,1,1.0
201600032990,0016-03-30 22:10:00,16,3,30,22,10,690,266,"9, EUGENE POTTIER     (R",,,Nuit avec éclairage allumé,En agglomération,Autre intersection,Normale,Autre collision,,,,,,,,,,,5,2,9,1,6.0
201600032991,0016-04-01 11:54:00,16,4,1,11,54,690,282,"03, REPUBLIQUE (DE)   RD",45.76666,4.98333,Plein jour,En agglomération,Hors intersection,Normale,Deux véhicules - côté,,,,,,,,,,,1,2,1,1,3.0
201600032992,0016-04-06 13:00:00,16,4,6,13,0,690,256,FRANCOIS MAURIAC,,,Plein jour,En agglomération,Place,Normale,Autre collision,,,,,,,,,,,1,2,7,1,6.0
201600032993,0016-04-06 13:10:00,16,4,6,13,10,690,256,CONDORCET,45.46429,5.5083,Plein jour,En agglomération,Intersection en X,Normale,Trois véhicules et plus - collisions multiples,,,,,,,,,,,1,2,2,1,5.0
201600032994,0016-04-08 07:25:00,16,4,8,7,25,690,290,"1, CITE BERLIET (DE LA)",45.70827,4.91808,Plein jour,En agglomération,Intersection en X,Normale,Deux véhicules - frontale,,,,,,,,,,,1,2,2,1,1.0
201600032995,0016-04-10 18:00:00,16,4,10,18,0,690,266,"6, BEL AIR   (Avenue de)",,,Plein jour,En agglomération,Hors intersection,Normale,Deux véhicules - côté,,,,,,,,,,,1,2,1,1,3.0
201600032996,0016-04-11 03:30:00,16,4,11,3,30,690,266,"61, GABRIEL PERI",45.77308,4.86658,Nuit avec éclairage allumé,En agglomération,Hors intersection,Normale,Autre collision,,,,,,,,,,,5,2,1,1,6.0
201600032997,0016-04-13 06:35:00,16,4,13,6,35,690,282,VERDUN (DE),,,Nuit avec éclairage allumé,En agglomération,Intersection en X,Normale,Deux véhicules - côté,,,,,,,,,,,5,2,2,1,3.0
201600032998,0016-04-13 18:25:00,16,4,13,18,25,690,266,"0, FLORIAN      (Rue)",45.76041,4.88069,Plein jour,En agglomération,Hors intersection,Normale,Deux véhicules - côté,,,,,,,,,,,1,2,1,1,3.0
201600032999,0016-04-14 12:30:00,16,4,14,12,30,690,266,"271, GENAS    (Route de)",45.7503,4.91117,Plein jour,En agglomération,Hors intersection,Normale,Deux véhicules - côté,,,,,,,,,,,1,2,1,1,3.0
201600033000,0016-04-14 21:55:00,16,4,14,21,55,690,256,PABLO PICASSO,45.77677,4.91536,Nuit avec éclairage allumé,En agglomération,Intersection en X,Normale,Deux véhicules - côté,,,,,,,,,,,5,2,2,1,3.0
201600033001,0016-04-17 03:30:00,16,4,17,3,30,690,290,GRENOBLE (DE)  -  RN 6,45.706,4.99075,Nuit avec éclairage allumé,En agglomération,Hors intersection,Normale,Autre collision,,,,,,,,,,,5,2,1,1,6.0
201600033002,0016-04-17 16:20:00,16,4,17,16,20,690,266,JEAN VOILLOT      (Rue),,,Plein jour,Hors agglomération,Hors intersection,Pluie légère,Deux véhicules - frontale,,,,,,,,,,,1,1,1,2,1.0
201600033003,0016-04-17 17:03:00,16,4,17,17,3,690,29,"0, FRANKLIN ROOSEVELT",45.73066,4.91727,Plein jour,En agglomération,Intersection en X,Pluie légère,Deux véhicules - côté,,,,,,,,,,,1,2,2,2,3.0
201600033004,0016-04-17 18:32:00,16,4,17,18,32,690,290,SALVADOR ALLENDE,45.70075,4.93569,Plein jour,En agglomération,Intersection en T,Normale,Deux véhicules - côté,,,,,,,,,,,1,2,3,1,3.0
201600033005,0016-04-18 13:40:00,16,4,18,13,40,690,290,LYON (DE) (D 518),45.70747,4.90769,Plein jour,En agglomération,Intersection en X,Temps couvert,Deux véhicules - côté,,,,,,,,,,,1,2,2,8,3.0
201600033006,0016-04-19 14:55:00,16,4,19,14,55,690,256,GARIBALDI,,,Plein jour,En agglomération,Intersection en X,Normale,Deux véhicules - frontale,,,,,,,,,,,1,2,2,1,1.0
201600033007,0016-04-22 16:30:00,16,4,22,16,30,690,290,ROSES (DES),45.41103,5.6278,Plein jour,En agglomération,Autre intersection,Normale,Deux véhicules - côté,,,,,,,,,,,1,2,9,1,3.0
201600033008,0016-04-25 15:30:00,16,4,25,15,30,690,275,"75, REPUBLIQUE (DE LA)",,,Plein jour,En agglomération,Hors intersection,Normale,Deux véhicules - arrière,,,,,,,,,,,1,2,1,1,2.0
201600033009,0016-04-28 20:38:00,16,4,28,20,38,690,256,JEAN JAURES,45.78716,4.92513,Plein jour,En agglomération,Hors intersection,Normale,Autre collision,,,,,,,,,,,1,2,1,1,6.0
201600033010,0016-04-27 11:01:00,16,4,27,11,1,690,256,GARIBALDI,45.76694,4.93261,Plein jour,En agglomération,Intersection en X,Normale,Deux véhicules - côté,,,,,,,,,,,1,2,2,1,3.0
201600033011,0016-05-01 18:55:00,16,5,1,18,55,690,266,"40/42, LEON BLUM      (R",,,Plein jour,En agglomération,Hors intersection,Normale,Deux véhicules - côté,,,,,,,,,,,1,2,1,1,3.0
201600033012,0016-04-27 20:08:00,16,4,27,20,8,690,29,"96, ST EXUPERY",45.7272,4.9015,Plein jour,Hors agglomération,Hors intersection,Normale,Autre collision,,,,,,,,,,,1,1,1,1,6.0
201600033013,0016-05-03 07:15:00,16,5,3,7,15,690,266,"0, ANTOINE DUTRIEVOZ   (",45.4617,4.5142,Plein jour,En agglomération,Intersection en X,Normale,Autre collision,,,,,,,,,,,1,2,2,1,6.0
201600033014,0016-05-05 15:25:00,16,5,5,15,25,690,266,"1, GENERAL LECLERC    (A",,,Plein jour,En agglomération,Hors intersection,Normale,Deux véhicules - côté,,,,,,,,,,,1,2,1,1,3.0
201600033015,0016-05-06 14:00:00,16,5,6,14,0,690,256,GASTON MONMOUSSEAU,45.46375,4.54529,Plein jour,En agglomération,Intersection en T,Normale,Deux véhicules - côté,,,,,,,,,,,1,2,3,1,3.0
201600033016,0016-05-06 17:45:00,16,5,6,17,45,690,275,MACHET (DU),,,Plein jour,Hors agglomération,Hors intersection,Normale,Deux véhicules - frontale,,,,,,,,,,,1,1,1,1,1.0