accident_id,datetime,annee,mois,jour,heure,minute,departement,commune_insee,adresse,latitude,longitude,luminosite,agglomeration,intersection,meteo,collision,nb_vehicules,nb_usagers,nb_indemnes,nb_tues,nb_blesses_hosp,nb_blesses_legers,age_cond_1,age_cond_2,veh_type_cond_1,veh_type_cond_2,lum_code,agg_code,int_code,atm_code,col_code
201600033264,0016-08-28 14:00:00,16,8,28,14,0,340,69,,43.3803,3.12321,Plein jour,Hors agglomération,Hors intersection,Normale,Deux véhicules - frontale,,,,,,,,,,,1,1,1,1,1.0
201600033265,0016-09-08 17:00:00,16,9,8,17,0,340,69,16 RUE MICHELET,43.3899,3.10259,Plein jour,En agglomération,Hors intersection,Normale,Autre collision,,,,,,,,,,,1,2,1,1,6.0
201600033266,0016-07-27 09:15:00,16,7,27,9,15,870,178,,45.9018,1.42057,Plein jour,Hors agglomération,Hors intersection,Normale,Autre collision,,,,,,,,,,,1,1,1,1,6.0
201600033267,0016-11-02 11:30:00,16,11,2,11,30,870,16,,45.9973,1.51042,Plein jour,Hors agglomération,Hors intersection,Normale,Sans collision,,,,,,,,,,,1,1,1,1,7.0
201600033268,0016-11-09 17:00:00,16,11,9,17,0,870,2,,45.9803,1.41805,Plein jour,Hors agglomération,Hors intersection,Temps couvert,Autre collision,,,,,,,,,,,1,1,1,8,6.0
201600033269,0016-12-19 10:00:00,16,12,19,10,0,870,125,16 RUE DE BEAUNES,45.9047,1.31597,Plein jour,En agglomération,Hors intersection,Normale,Autre collision,,,,,,,,,,,1,2,1,1,6.0
201600033270,0016-06-01 11:00:00,16,6,1,11,0,201,189,,41.71881,8.83667,Plein jour,Hors agglomération,Hors intersection,Normale,Trois véhicules et plus - collisions multiples,,,,,,,,,,,1,1,1,1,5.0
201600033271,0016-07-01 12:00:00,16,7,1,12,0,201,249,RT 40 PK 70,41.67599,8.91,Plein jour,En agglomération,Hors intersection,Normale,Deux véhicules - frontale,,,,,,,,,,,1,2,1,1,1.0
201600033272,0016-08-15 15:00:00,16,8,15,15,0,201,35,,,,Plein jour,Hors agglomération,Hors intersection,Normale,Autre collision,,,,,,,,,,,1,1,1,1,6.0
201600033273,0016-08-16 16:30:00,16,8,16,16,30,201,272,,41.541,8.859,Plein jour,Hors agglomération,Hors intersection,Normale,Sans collision,,,,,,,,,,,1,1,1,1,7.0
201600033274,0016-08-20 13:15:00,16,8,20,13,15,201,249,RT 40 Pont réna bianca,41.671,8.921,Plein jour,En agglomération,Hors intersection,Normale,Trois véhicules et plus - collisions multiples,,,,,,,,,,,1,2,1,1,5.0
201600033275,0016-09-01 18:30:00,16,9,1,18,30,201,272,RT 40,,,Plein jour,En agglomération,Hors intersection,Normale,Autre collision,,,,,,,,,,,1,2,1,1,6.0
201600033276,0016-09-28 15:15:00,16,9,28,15,15,201,249,int. casanova d'araciani,41.67213,8.90945,Plein jour,En agglomération,Hors intersection,Normale,Deux véhicules - frontale,,,,,,,,,,,1,2,1,1,1.0
201600033277,0016-10-05 16:00:00,16,10,5,16,0,201,189,RT 40 - Plaine de baracc,41.69258,8.9145,Plein jour,Hors agglomération,Hors intersection,Normale,Sans collision,,,,,,,,,,,1,1,1,1,7.0
201600033278,0016-10-11 07:40:00,16,10,11,7,40,201,272,RD 268 - PK 5,41.57072,9.00675,Crépuscule ou aube,Hors agglomération,Hors intersection,Temps couvert,Deux véhicules - frontale,,,,,,,,,,,2,1,1,8,1.0
201600033279,0016-11-03 13:00:00,16,11,3,13,0,201,249,23 route de la corniche,41.68172,8.91739,Plein jour,En agglomération,Hors intersection,Normale,Autre collision,,,,,,,,,,,1,2,1,1,6.0
201600033280,0016-11-25 08:50:00,16,11,25,8,50,201,272,RT 40,41.62006,8.96589,Plein jour,En agglomération,Hors intersection,Pluie légère,Autre collision,,,,,,,,,,,1,2,1,2,6.0
201600033281,0016-09-21 15:30:00,16,9,21,15,30,620,596,D134,50.34505,1.95061,Plein jour,En agglomération,Hors intersection,Normale,Deux véhicules - frontale,,,,,,,,,,,1,2,1,1,1.0
201600033282,0016-10-01 15:00:00,16,10,1,15,0,620,661,D349,50.38404,1.98291,Plein jour,En agglomération,Autre intersection,Normale,Deux véhicules - côté,,,,,,,,,,,1,2,9,1,3.0
201600033283,0016-10-08 22:45:00,16,10,8,22,45,620,787,,50.49455,1.8829,Nuit sans éclairage public,Hors agglomération,Hors intersection,Normale,Autre collision,,,,,,,,,,,3,1,1,1,6.0
201600033284,0016-10-20 15:30:00,16,10,20,15,30,620,822,,50.27546,2.00355,Plein jour,Hors agglomération,Hors intersection,Pluie légère,Autre collision,,,,,,,,,,,1,1,1,2,6.0
201600033285,0016-12-01 14:00:00,16,12,1,14,0,620,447,rue de jérusalem,50.377,2.039,Plein jour,En agglomération,Hors intersection,Normale,Deux véhicules - côté,,,,,,,,,,,1,2,1,1,3.0
201600033286,0016-11-02 16:00:00,16,11,2,16,0,810,277,ROUTE DÉPARTEMENTALE 903,43.9891,2.24631,Plein jour,Hors agglomération,Intersection en T,Normale,Deux véhicules - côté,,,,,,,,,,,1,1,3,1,3.0
201600033287,0016-09-29 09:00:00,16,9,29,9,0,140,324,,,,Plein jour,Hors agglomération,Hors intersection,Normale,Deux véhicules - frontale,,,,,,,,,,,1,1,1,1,1.0
201600033288,0016-12-15 06:45:00,16,12,15,6,45,80,21,,,,Nuit sans éclairage public,Hors agglomération,Hors intersection,Autre,Sans collision,,,,,,,,,,,3,1,1,9,7.0
201600033289,0016-10-31 17:00:00,16,10,31,17,0,80,145,,49.66642,5.04456,Nuit sans éclairage public,Hors agglomération,Hors intersection,Normale,Sans collision,,,,,,,,,,,3,1,1,1,7.0
201600033290,0016-11-19 18:00:00,16,11,19,18,0,80,174,,48.72978,4.94831,Nuit sans éclairage public,Hors agglomération,Autre intersection,Normale,Deux véhicules - côté,,,,,,,,,,,3,1,9,1,3.0
201600033291,0016-12-24 18:15:00,16,12,24,18,15,80,191,,,,Nuit sans éclairage public,Hors agglomération,Hors intersection,Pluie légère,Sans collision,,,,,,,,,,,3,1,1,2,7.0
201600033292,0016-11-02 17:45:00,16,11,2,17,45,540,563,,48.481,6.129,Crépuscule ou aube,Hors agglomération,Hors intersection,Normale,Trois véhicules et plus - collisions multiples,,,,,,,,,,,2,1,1,1,5.0
201600033293,0016-11-03 15:30:00,16,11,3,15,30,540,434,,48.441,6.126,Plein jour,Hors agglomération,Hors intersection,Normale,Autre collision,,,,,,,,,,,1,1,1,1,6.0
201600033294,0016-01-04 08:20:00,16,1,4,8,20,710,76,rue ph GUIDE,46.78377,4.84857,Plein jour,En agglomération,Hors intersection,Normale,Autre collision,,,,,,,,,,,1,2,1,1,6.0
201600033295,0016-01-07 07:30:00,16,1,7,7,30,710,76,avenue BLUM,46.7865,4.86361,Nuit avec éclairage allumé,En agglomération,Hors intersection,Pluie forte,Autre collision,,,,,,,,,,,5,2,1,3,6.0
201600033296,0016-01-12 16:10:00,16,1,12,16,10,710,76,"1 rue , MICHELET",46.77925,4.85008,Plein jour,En agglomération,Hors intersection,Pluie légère,Autre collision,,,,,,,,,,,1,2,1,2,6.0
201600033297,0016-01-07 11:55:00,16,1,7,11,55,710,76,rue pierre DELIRY,46.79792,4.84956,Plein jour,En agglomération,Hors intersection,Pluie forte,Autre collision,,,,,,,,,,,1,2,1,3,6.0
201600033298,0016-01-08 18:20:00,16,1,8,18,20,710,475,route de  BUXY,46.73986,4.81002,Nuit sans éclairage public,Hors agglomération,Hors intersection,Pluie légère,Deux véhicules - frontale,,,,,,,,,,,3,1,1,2,1.0
201600033299,0016-01-25 18:10:00,16,1,25,18,10,710,76,2 rue SENTIERS,46.796,4.8543,Crépuscule ou aube,En agglomération,Intersection en X,Normale,Deux véhicules - côté,,,,,,,,,,,2,2,2,1,3.0
201600033300,0016-02-05 20:15:00,16,2,5,20,15,710,76,rue LEDRU ROLLIN,46.78627,4.83741,Nuit avec éclairage allumé,Hors agglomération,Intersection en X,Normale,Deux véhicules - côté,,,,,,,,,,,5,1,2,1,3.0
201600033301,0016-02-12 18:45:00,16,2,12,18,45,710,81,46 rue PARIS,46.81688,4.83963,Nuit avec éclairage allumé,En agglomération,Hors intersection,Pluie légère,Autre collision,,,,,,,,,,,5,2,1,2,6.0
201600033302,0016-02-18 05:50:00,16,2,18,5,50,710,445,,,,Nuit sans éclairage public,Hors agglomération,Hors intersection,Brouillard / fumée,Deux véhicules - frontale,,,,,,,,,,,3,1,1,5,1.0
201600033303,0016-04-05 13:35:00,16,4,5,13,35,710,475,12 route de  BUXY,46.76338,4.83966,Plein jour,En agglomération,Intersection en X,Pluie légère,Autre collision,,,,,,,,,,,1,2,2,2,6.0
201600033304,0016-05-06 15:50:00,16,5,6,15,50,710,445,26 route d' OSLON,46.78281,4.91077,Plein jour,En agglomération,Hors intersection,Normale,Trois véhicules et plus - collisions multiples,,,,,,,,,,,1,2,1,1,5.0
201600033305,0016-05-12 18:30:00,16,5,12,18,30,710,76,AVENUE GENERAL DE GAULLE,46.7698,4.8394,Plein jour,Hors agglomération,Hors intersection,Temps couvert,Autre collision,,,,,,,,,,,1,1,1,8,6.0
201600033306,0016-06-08 12:15:00,16,6,8,12,15,710,76,rue du BAS DES PRES,46.78048,4.84156,Plein jour,En agglomération,Intersection en T,Normale,Deux véhicules - côté,,,,,,,,,,,1,2,3,1,3.0
201600033307,0016-06-15 17:05:00,16,6,15,17,5,710,76,rue des freres LUMIERE,46.80129,4.87157,Plein jour,En agglomération,Hors intersection,Normale,Autre collision,,,,,,,,,,,1,2,1,1,6.0
201600033308,0016-07-18 21:10:00,16,7,18,21,10,710,445,5 rue des  CHAVANNES,46.77815,4.8709,Plein jour,En agglomération,Hors intersection,Normale,Autre collision,,,,,,,,,,,1,2,1,1,6.0
201600033309,0016-06-29 14:05:00,16,6,29,14,5,710,81,D906,46.81586,4.8275,Plein jour,Hors agglomération,Hors intersection,Normale,Deux véhicules - frontale,,,,,,,,,,,1,1,1,1,1.0
201600033310,0016-07-20 10:15:00,16,7,20,10,15,710,445,RD673,46.76141,4.86783,Plein jour,Hors agglomération,Autre intersection,Normale,Deux véhicules - arrière,,,,,,,,,,,1,1,9,1,2.0
201600033311,0016-08-03 19:00:00,16,8,3,19,0,710,445,55 rue de la  VARENNE,46.78666,4.90166,Plein jour,En agglomération,Hors intersection,Normale,Autre collision,,,,,,,,,,,1,2,1,1,6.0
201600033312,0016-08-06 19:45:00,16,8,6,19,45,710,81,59 rue de PARIS,46.81802,4.83869,Plein jour,En agglomération,Hors intersection,Normale,Deux véhicules - côté,,,,,,,,,,,1,2,1,1,3.0
201600033313,0016-08-18 16:50:00,16,8,18,16,50,710,445,RENE CASSIN,46.7725,4.86947,Plein jour,En agglomération,Hors intersection,Normale,Deux véhicules - côté,,,,,,,,,,,1,2,1,1,3.0
201600033314,0016-08-13 20:25:00,16,8,13,20,25,710,76,1rue th  DUMOREY,46.77363,4.85938,Plein jour,Hors agglomération,Hors intersection,Normale,Deux véhicules - côté,,,,,,,,,,,1,1,1,1,3.0
201600033315,0016-08-22 15:40:00,16,8,22,15,40,710,475,"1, CHARLES DE GAULLE",46.76805,4.83908,Plein jour,Hors agglomération,Hors intersection,Normale,Deux véhicules - frontale,,,,,,,,,,,1,1,1,1,1.0
201600033316,0016-09-05 10:40:00,16,9,5,10,40,710,475,PIERRE MENDES FRANCE,46.77428,4.84212,Plein jour,Hors agglomération,Hors intersection,Normale,Deux véhicules - côté,,,,,,,,,,,1,1,1,1,3.0
201600033317,0016-10-06 08:05:00,16,10,6,8,5,710,76,10 rue de THIARD,46.7822,4.85315,Plein jour,En agglomération,Hors intersection,Normale,Autre collision,,,,,,,,,,,1,2,1,1,6.0
201600033318,0016-10-15 07:30:00,16,10,15,7,30,710,76,158 avenue BOUCICAUT,46.79039,4.83212,Crépuscule ou aube,En agglomération,Hors intersection,Pluie légère,Autre collision,,,,,,,,,,,2,2,1,2,6.0
201600033319,0016-10-31 15:30:00,16,10,31,15,30,710,76,AVENUE Pierre MENDES FRA,46.77754,4.83397,Plein jour,Hors agglomération,Hors intersection,Normale,Trois véhicules et plus - collisions multiples,,,,,,,,,,,1,1,1,1,5.0
201600033320,0016-11-26 09:15:00,16,11,26,9,15,710,76,1 rue de la  CITADELLE,46.78459,4.85275,Plein jour,En agglomération,Hors intersection,Normale,Autre collision,,,,,,,,,,,1,2,1,1,6.0
201600033321,0016-06-14 16:25:00,16,6,14,16,25,710,309,MARECHAL JOFFRE,46.78982,4.40011,Plein jour,En agglomération,Autre intersection,Normale,Deux véhicules - côté,,,,,,,,,,,1,2,9,1,3.0
201600033322,0016-12-01 06:45:00,16,12,1,6,45,710,153,avenue MONTVALTIN,46.79812,4.45563,Nuit avec éclairage allumé,En agglomération,Hors intersection,Brouillard / fumée,Autre collision,,,,,,,,,,,5,2,1,5,6.0
201600033323,0016-06-24 11:15:00,16,6,24,11,15,710,153,boulevard SCHNEIDER,46.80573,4.42789,Plein jour,En agglomération,Intersection en X,Normale,Deux véhicules - côté,,,,,,,,,,,1,2,2,1,3.0
201600033324,0016-12-10 16:00:00,16,12,10,16,0,710,59,route de COUCHES,46.80991,4.47281,Plein jour,En agglomération,Autre intersection,Temps éblouissant,Deux véhicules - côté,,,,,,,,,,,1,2,9,7,3.0
201600033325,0016-12-21 19:10:00,16,12,21,19,10,710,59,route de MARMAGNE,46.81696,4.48036,Nuit avec éclairage allumé,En agglomération,Hors intersection,Brouillard / fumée,Autre collision,,,,,,,,,,,5,2,1,5,6.0
201600033326,0016-06-25 06:10:00,16,6,25,6,10,710,309,ROUTE DEPARTEMENTALE 980,46.78341,4.39019,Plein jour,En agglomération,Autre intersection,Normale,Deux véhicules - frontale,,,,,,,,,,,1,2,9,1,1.0
201600033327,0016-08-08 01:45:00,16,8,8,1,45,710,153,bd de l'Industrie,46.79585,4.43434,Nuit avec éclairage allumé,En agglomération,Hors intersection,Normale,Autre collision,,,,,,,,,,,5,2,1,1,6.0
201600033328,0016-12-23 20:35:00,16,12,23,20,35,710,153,rue jean JAURES,46.80619,4.41998,Nuit sans éclairage public,En agglomération,Autre intersection,Normale,Deux véhicules - arrière,,,,,,,,,,,3,2,9,1,2.0
201600033329,0016-07-07 14:30:00,16,7,7,14,30,710,153,8 BD SCHNEIDER,46.8066,4.42817,Plein jour,En agglomération,Hors intersection,Normale,Autre collision,,,,,,,,,,,1,2,1,1,6.0
201600033330,0016-12-25 07:50:00,16,12,25,7,50,710,153,rue MARCEAU,46.80119,4.44494,Nuit avec éclairage allumé,En agglomération,Intersection en X,Normale,Deux véhicules - côté,,,,,,,,,,,5,2,2,1,3.0
201600033331,0016-08-28 14:50:00,16,8,28,14,50,710,540,,46.77586,4.42285,Plein jour,Hors agglomération,Hors intersection,Normale,Autre collision,,,,,,,,,,,1,1,1,1,6.0
201600033332,0016-09-02 16:20:00,16,9,2,16,20,710,153,GUYNEMER,46.80279,4.45001,Plein jour,En agglomération,Intersection en X,Normale,Deux véhicules - côté,,,,,,,,,,,1,2,2,1,3.0
201600033333,0016-10-03 16:05:00,16,10,3,16,5,710,153,avenue MONTVALTIN,46.79984,4.45838,Plein jour,En agglomération,Intersection en T,Normale,Deux véhicules - côté,,,,,,,,,,,1,2,3,1,3.0
201600033334,0016-10-10 18:00:00,16,10,10,18,0,710,153,rue marcel SEMBAT,46.80322,4.41903,Plein jour,En agglomération,Hors intersection,Normale,Autre collision,,,,,,,,,,,1,2,1,1,6.0
201600033335,0016-10-17 14:40:00,16,10,17,14,40,710,309,TOULON,46.78242,4.39067,Plein jour,Hors agglomération,Hors intersection,Temps couvert,Deux véhicules - frontale,,,,,,,,,,,1,1,1,8,1.0
201600033336,0016-11-05 18:00:00,16,11,5,18,0,710,540,R.D 28,46.75935,4.46459,Nuit sans éclairage public,Hors agglomération,Intersection en T,Temps couvert,Deux véhicules - côté,,,,,,,,,,,3,1,3,8,3.0
201600033337,0016-11-05 20:50:00,16,11,5,20,50,710,540,route CENTRE A CENTRE,46.75505,4.44067,Nuit sans éclairage public,Hors agglomération,Giratoire,Pluie légère,Autre collision,,,,,,,,,,,3,1,6,2,6.0
201600033338,0016-11-08 17:10:00,16,11,8,17,10,710,153,rue BESSEMER,46.7939,4.42108,Plein jour,En agglomération,Intersection en T,Pluie légère,Deux véhicules - côté,,,,,,,,,,,1,2,3,2,3.0
201600033339,0016-11-16 17:30:00,16,11,16,17,30,710,59,rue de CHARLEVILLE,46.8049,4.47407,Nuit avec éclairage allumé,En agglomération,Hors intersection,Normale,Deux véhicules - frontale,,,,,,,,,,,5,2,1,1,1.0
201600033340,0016-11-18 16:40:00,16,11,18,16,40,710,153,47 route  SAINT SERNIN,46.81445,4.43168,Plein jour,Hors agglomération,Hors intersection,Normale,Deux véhicules - frontale,,,,,,,,,,,1,1,1,1,1.0
201600033341,0016-01-14 10:45:00,16,1,14,10,45,710,153,22 bd SCHNEIDER,46.80563,4.42789,Plein jour,Hors agglomération,Autre intersection,Normale,Autre collision,,,,,,,,,,,1,1,9,1,6.0
201600033342,0016-01-19 16:15:00,16,1,19,16,15,710,153,carrefour du 8 MAI 1945,46.78655,4.43257,Plein jour,En agglomération,Intersection en X,Temps couvert,Deux véhicules - côté,,,,,,,,,,,1,2,2,8,3.0
201600033343,0016-02-01 07:45:00,16,2,1,7,45,710,153,rue DOCTEUR REBILLARD,46.8117,4.44851,Nuit avec éclairage allumé,En agglomération,Intersection en X,Pluie légère,Autre collision,,,,,,,,,,,5,2,2,2,6.0
201600033344,0016-02-21 18:00:00,16,2,21,18,0,710,59,chemin des COUTOTS,46.79328,4.49148,Plein jour,Hors agglomération,Hors intersection,Normale,Deux véhicules - frontale,,,,,,,,,,,1,1,1,1,1.0
201600033345,0016-03-13 18:00:00,16,3,13,18,0,710,153,rue de BOURGOGNE,46.79324,4.42496,Plein jour,En agglomération,Hors intersection,Normale,Autre collision,,,,,,,,,,,1,2,1,1,6.0
201600033346,0016-03-22 18:20:00,16,3,22,18,20,710,153,52 MARECHAL JOFFRE,46.79288,4.41785,Plein jour,En agglomération,Hors intersection,Normale,Autre collision,,,,,,,,,,,1,2,1,1,6.0
201600033347,0016-04-12 16:55:00,16,4,12,16,55,710,540,le thieillay,46.7625,4.45988,Plein jour,En agglomération,Hors intersection,Temps couvert,Deux véhicules - frontale,,,,,,,,,,,1,2,1,8,1.0
201600033348,0016-04-13 08:05:00,16,4,13,8,5,710,540,LE BOIS MOREY,46.78843,4.4457,Plein jour,En agglomération,Autre intersection,Temps couvert,Deux véhicules - frontale,,,,,,,,,,,1,2,9,8,1.0
201600033349,0016-04-19 20:55:00,16,4,19,20,55,710,59,5 route de COUCHES,46.80681,4.46272,Plein jour,En agglomération,Autre intersection,Normale,Autre collision,,,,,,,,,,,1,2,9,1,6.0
201600033350,0016-04-21 16:30:00,16,4,21,16,30,710,540,ANGLE R.N. 80,46.76687,4.44922,Plein jour,Hors agglomération,Intersection en X,Normale,Deux véhicules - frontale,,,,,,,,,,,1,1,2,1,1.0
201600033351,0016-11-11 18:50:00,16,11,11,18,50,350,177,le coudray,48.20597,-1.74807,Nuit sans éclairage public,Hors agglomération,Hors intersection,Normale,Trois véhicules et plus - collisions multiples,,,,,,,,,,,3,1,1,1,5.0
201600033352,0016-11-20 17:00:00,16,11,20,17,0,350,94,la basse foret,48.35117,-1.77945,Crépuscule ou aube,Hors agglomération,Intersection en X,Temps couvert,Deux véhicules - côté,,,,,,,,,,,2,1,2,8,3.0
201600033353,0016-12-01 18:00:00,16,12,1,18,0,350,180,D220,48.28509,-1.9355,Nuit avec éclairage allumé,En agglomération,Intersection en X,Normale,Deux véhicules - côté,,,,,,,,,,,5,2,2,1,3.0
201600033354,0016-12-27 13:45:00,16,12,27,13,45,350,195,D 221,48.29782,-1.64559,Plein jour,Hors agglomération,Hors intersection,Normale,Sans collision,,,,,,,,,,,1,1,1,1,7.0
201600033355,0016-01-21 04:00:00,16,1,21,4,0,710,270,carrefour de l EUROPE,,,Plein jour,En agglomération,Giratoire,Normale,Autre collision,,,,,,,,,,,1,2,6,1,6.0
201600033356,0016-03-22 14:50:00,16,3,22,14,50,710,270,48 rue de la  LIBERTE,46.31863,4.82056,Plein jour,En agglomération,Hors intersection,Normale,Autre collision,,,,,,,,,,,1,2,1,1,6.0
201600033357,0016-03-25 09:55:00,16,3,25,9,55,710,105,Chemin du Voisinet,46.29958,4.78208,Plein jour,Hors agglomération,Intersection en X,Pluie légère,Deux véhicules - côté,,,,,,,,,,,1,1,2,2,3.0
201600033358,0016-04-10 17:55:00,16,4,10,17,55,710,270,Intersection Rocca hérit,46.31044,4.82779,Plein jour,En agglomération,Intersection en X,Temps éblouissant,Autre collision,,,,,,,,,,,1,2,2,7,6.0
201600033359,0016-04-13 17:25:00,16,4,13,17,25,710,105,grande rue COUPEE,46.30893,4.80725,Plein jour,En agglomération,Hors intersection,Normale,Autre collision,,,,,,,,,,,1,2,1,1,6.0
201600033360,0016-04-15 15:05:00,16,4,15,15,5,710,270,8 rue  HERITAN,46.30692,4.82938,Plein jour,En agglomération,Hors intersection,Normale,Autre collision,,,,,,,,,,,1,2,1,1,6.0
201600033361,0016-05-13 17:50:00,16,5,13,17,50,710,270,104 rue de  LYON,46.29642,4.82033,Plein jour,En agglomération,Hors intersection,Temps couvert,Autre collision,,,,,,,,,,,1,2,1,8,6.0
201600033362,0016-07-13 18:45:00,16,7,13,18,45,710,105,Allée  Mommessin,46.31098,4.81158,Plein jour,En agglomération,Intersection en T,Normale,Deux véhicules - côté,,,,,,,,,,,1,2,3,1,3.0
201600033363,0016-09-05 12:20:00,16,9,5,12,20,710,270,Inters Pont St Laurent,46.30535,4.83562,Plein jour,Hors agglomération,Intersection en X,Normale,Deux véhicules - côté,,,,,,,,,,,1,1,2,1,3.0
201600033364,0016-09-08 15:00:00,16,9,8,15,0,710,270,"28, avenue HERRIOT",46.30059,4.82944,Plein jour,En agglomération,Hors intersection,Normale,Deux véhicules - côté,,,,,,,,,,,1,2,1,1,3.0
201600033365,0016-10-11 16:28:00,16,10,11,16,28,710,105,rue de la verchère,46.30664,4.80104,Plein jour,En agglomération,Intersection en T,Normale,Deux véhicules - côté,,,,,,,,,,,1,2,3,1,3.0
201600033366,0016-10-05 12:30:00,16,10,5,12,30,470,69,,44.2181,0.58879,Plein jour,Hors agglomération,Hors intersection,Normale,Deux véhicules - côté,,,,,,,,,,,1,1,1,1,3.0
201600033367,0016-09-06 13:30:00,16,9,6,13,30,470,146,LDT CAMPOT,44.431,0.65501,Plein jour,Hors agglomération,Hors intersection,Normale,Deux véhicules - frontale,,,,,,,,,,,1,1,1,1,1.0
201600033368,0016-09-24 09:45:00,16,9,24,9,45,470,324,BD DE PLAISANCE,44.6357,0.74172,Plein jour,En agglomération,Hors intersection,Temps éblouissant,Autre collision,,,,,,,,,,,1,2,1,7,6.0
201600033369,0016-10-17 20:00:00,16,10,17,20,0,470,219,PROXIMITÉ LDT CAILLAUDIE,44.6565,0.76689,Nuit sans éclairage public,Hors agglomération,Hors intersection,Normale,Autre collision,,,,,,,,,,,3,1,1,1,6.0
201600033370,0016-10-22 17:30:00,16,10,22,17,30,470,152,LDT COURBRIEU,44.5965,0.61365,Plein jour,Hors agglomération,Hors intersection,Normale,Sans collision,,,,,,,,,,,1,1,1,1,7.0
201600033371,0016-12-12 18:45:00,16,12,12,18,45,470,141,,44.5746,0.77936,Crépuscule ou aube,Hors agglomération,Hors intersection,Normale,Sans collision,,,,,,,,,,,2,1,1,1,7.0
201600033372,0016-03-03 20:05:00,16,3,3,20,5,710,306,,46.67752,4.34583,Nuit sans éclairage public,Hors agglomération,Hors intersection,Normale,Sans collision,,,,,,,,,,,3,1,1,1,7.0
201600033373,0016-05-23 17:40:00,16,5,23,17,40,710,40,route de MACON,46.68658,4.39058,Plein jour,En agglomération,Hors intersection,Temps couvert,Autre collision,,,,,,,,,,,1,2,1,8,6.0
201600033374,0016-06-10 17:25:00,16,6,10,17,25,710,306,20 MARECHAL LECLERC,46.68414,4.37559,Plein jour,En agglomération,Hors intersection,Normale,Deux véhicules - frontale,,,,,,,,,,,1,2,1,1,1.0
201600033375,0016-06-23 19:50:00,16,6,23,19,50,710,306,25 RUE DE BELLEVUE,46.67029,4.37318,Plein jour,En agglomération,Hors intersection,Normale,Deux véhicules - côté,,,,,,,,,,,1,2,1,1,3.0
201600033376,0016-07-23 17:05:00,16,7,23,17,5,710,499,8 rue LEON BLUM,46.66469,4.28904,Plein jour,En agglomération,Hors intersection,Normale,Deux véhicules - frontale,,,,,,,,,,,1,2,1,1,1.0
201600033377,0016-08-24 09:35:00,16,8,24,9,35,710,486,91 avenue JEAN JAURES,46.64447,4.35325,Plein jour,En agglomération,Hors intersection,Normale,Deux véhicules - côté,,,,,,,,,,,1,2,1,1,3.0
201600033378,0016-11-24 20:45:00,16,11,24,20,45,710,306,1rue de  ROANNE,46.66342,4.3496,Nuit avec éclairage allumé,En agglomération,Hors intersection,Normale,Autre collision,,,,,,,,,,,5,2,1,1,6.0
201600033379,0016-12-09 09:15:00,16,12,9,9,15,710,306,ZA BOIS DU VERNE,46.69035,4.35713,Plein jour,En agglomération,Hors intersection,Normale,Autre collision,,,,,,,,,,,1,2,1,1,6.0
201600033380,0016-12-10 11:00:00,16,12,10,11,0,710,40,2 route de  MACON,46.69515,4.39156,Plein jour,En agglomération,Hors intersection,Normale,Sans collision,,,,,,,,,,,1,2,1,1,7.0
201600033381,0016-12-17 20:30:00,16,12,17,20,30,710,40,1route de  MACON,46.68552,4.39045,Nuit avec éclairage allumé,En agglomération,Hors intersection,Autre,Autre collision,,,,,,,,,,,5,2,1,9,6.0
201600033382,0016-02-11 17:50:00,16,2,11,17,50,720,181,GENESLAY FELIX (AV) Nø P,47.97926,0.20867,Plein jour,En agglomération,Intersection en T,Normale,Deux véhicules - côté,,,,,,,,,,,1,2,3,1,3.0
201600033383,0016-02-11 13:30:00,16,2,11,13,30,720,95,GIRONDE (RUE DE LA),48.02542,0.20438,Plein jour,En agglomération,Hors intersection,Temps éblouissant,Autre collision,,,,,,,,,,,1,2,1,7,6.0
201600033384,0016-02-20 05:40:00,16,2,20,5,40,720,181,GAMBETTA (RUE) Nø IMP 1,48.0051,0.19389,Nuit avec éclairage allumé,En agglomération,Intersection en X,Pluie légère,Deux véhicules - côté,,,,,,,,,,,5,2,2,2,3.0
201600033385,0016-02-17 17:55:00,16,2,17,17,55,720,3,PASCAL BLAISE (RUE),,,Nuit avec éclairage allumé,Hors agglomération,Hors intersection,Normale,Deux véhicules - côté,,,,,,,,,,,5,1,1,1,3.0
201600033386,0016-03-08 17:30:00,16,3,8,17,30,720,181,"26, BOLLEE (AV) Nø PAIRS",,,Plein jour,En agglomération,Hors intersection,Normale,Autre collision,,,,,,,,,,,1,2,1,1,6.0
201600033387,0016-04-26 08:00:00,16,4,26,8,0,720,181,LOUIS BLANC (QUAI),48.01319,0.19886,Plein jour,En agglomération,Hors intersection,Normale,Autre collision,,,,,,,,,,,1,2,1,1,6.0
201600033388,0016-05-04 15:30:00,16,5,4,15,30,720,181,"27, VALLEE SAINT BLAISE",48.00982,0.23324,Plein jour,En agglomération,Hors intersection,Normale,Autre collision,,,,,,,,,,,1,2,1,1,6.0
201600033389,0016-05-04 17:00:00,16,5,4,17,0,720,181,LAIGNE RUE DE Nø PAIRS 2,47.96472,0.20934,Plein jour,En agglomération,Intersection en T,Normale,Deux véhicules - côté,,,,,,,,,,,1,2,3,1,3.0