accident_id,datetime,annee,mois,jour,heure,minute,departement,commune_insee,adresse,latitude,longitude,luminosite,agglomeration,intersection,meteo,collision,nb_vehicules,nb_usagers,nb_indemnes,nb_tues,nb_blesses_hosp,nb_blesses_legers,age_cond_1,age_cond_2,veh_type_cond_1,veh_type_cond_2,lum_code,agg_code,int_code,atm_code,col_code
201600033390,0016-05-09 09:00:00,16,5,9,9,0,720,181,BANJAN (RUE) Nø IMP,48.01574,0.20229,Plein jour,En agglomération,Giratoire,Normale,Autre collision,,,,,,,,,,,1,2,6,1,6.0
201600033391,0016-05-26 18:35:00,16,5,26,18,35,720,181,CUGNOT NICOLAS (BD),47.98136,0.21801,Plein jour,En agglomération,Intersection en X,Normale,Autre collision,,,,,,,,,,,1,2,2,1,6.0
201600033392,0016-07-06 01:10:00,16,7,6,1,10,720,181,RHIN ET DANUBE (AV) Nø I,48.02819,0.18014,Nuit avec éclairage allumé,En agglomération,Hors intersection,Normale,Sans collision,,,,,,,,,,,5,2,1,1,7.0
201600033393,0016-07-19 08:50:00,16,7,19,8,50,720,181,OYON ALEXANDRE (BD),47.99462,0.19107,Plein jour,En agglomération,Hors intersection,Normale,Autre collision,,,,,,,,,,,1,2,1,1,6.0
201600033394,0016-07-29 18:00:00,16,7,29,18,0,720,181,ZAMENHOF DOCTEUR (AV DU),48.01797,0.21797,Plein jour,En agglomération,Hors intersection,Normale,Autre collision,,,,,,,,,,,1,2,1,1,6.0
201600033395,0016-08-16 00:05:00,16,8,16,0,5,720,181,VICTIMES DU NAZISME (RUE,48.01199,0.20738,Nuit avec éclairage allumé,En agglomération,Hors intersection,Normale,Autre collision,,,,,,,,,,,5,2,1,1,6.0
201600033396,0016-10-16 06:55:00,16,10,16,6,55,720,181,JAURES JEAN (AV) Nø IMP,47.99492,0.20344,Nuit avec éclairage allumé,En agglomération,Hors intersection,Normale,Autre collision,,,,,,,,,,,5,2,1,1,6.0
201600033397,0016-10-17 21:00:00,16,10,17,21,0,720,181,CLEMENCEAU GEORGES ( BD),47.98031,0.21638,Nuit avec éclairage allumé,En agglomération,Hors intersection,Normale,Autre collision,,,,,,,,,,,5,2,1,1,6.0
201600033398,0016-10-19 10:05:00,16,10,19,10,5,720,181,"22, MAC JEAN (AV) Nø PAI",,,Plein jour,En agglomération,Hors intersection,Normale,Autre collision,,,,,,,,,,,1,2,1,1,6.0
201600033399,0016-11-04 19:30:00,16,11,4,19,30,720,181,BROSSOLETTE PIERRE (BD),47.97886,0.20513,Nuit avec éclairage allumé,En agglomération,Hors intersection,Pluie légère,Autre collision,,,,,,,,,,,5,2,1,2,6.0
201600033400,0016-11-16 19:00:00,16,11,16,19,0,720,181,ROUMANIE (RUE DE),47.99728,0.23578,Nuit avec éclairage allumé,En agglomération,Hors intersection,Pluie légère,Autre collision,,,,,,,,,,,5,2,1,2,6.0
201600033401,0016-11-17 14:45:00,16,11,17,14,45,720,181,"103, CARNOT (BD)",48.00213,1.1789,Plein jour,En agglomération,Hors intersection,Pluie légère,Deux véhicules - frontale,,,,,,,,,,,1,2,1,2,1.0
201600033402,0016-11-17 19:15:00,16,11,17,19,15,720,181,MESSIAEN OLIVIER (AV) IM,48.01673,0.14405,Nuit sans éclairage public,Hors agglomération,Hors intersection,Pluie légère,Trois véhicules et plus - en chaîne,,,,,,,,,,,3,1,1,2,4.0
201600033403,0016-11-19 17:00:00,16,11,19,17,0,720,181,PIRON AUGUSTE (RUE) Nø P,47.96909,0.19985,Plein jour,En agglomération,Intersection en X,Normale,Deux véhicules - côté,,,,,,,,,,,1,2,2,1,3.0
201600033404,0016-11-21 14:00:00,16,11,21,14,0,720,181,DURAND GEORGES (AV) Nø I,47.96422,0.22102,Plein jour,En agglomération,Hors intersection,Normale,Deux véhicules - arrière,,,,,,,,,,,1,2,1,1,2.0
201600033405,0016-11-22 08:10:00,16,11,22,8,10,720,181,PATTON GENERAL RTE BAUGE,48.00039,0.17276,Plein jour,Hors agglomération,Hors intersection,Normale,Deux véhicules - arrière,,,,,,,,,,,1,1,1,1,2.0
201600033406,0016-11-30 12:50:00,16,11,30,12,50,720,181,VAILLANT HENRI (PL),47.98252,0.21262,Plein jour,En agglomération,Intersection en T,Normale,Autre collision,,,,,,,,,,,1,2,3,1,6.0
201600033407,0016-12-01 06:50:00,16,12,1,6,50,720,181,"321, GENESLAY FELIX (AV)",47.97181,0.20528,Nuit avec éclairage allumé,En agglomération,Hors intersection,Normale,Sans collision,,,,,,,,,,,5,2,1,1,7.0
201600033408,0016-12-01 13:05:00,16,12,1,13,5,720,181,GAMBETTA (PONT),48.0059,0.19214,Plein jour,En agglomération,Intersection en X,Normale,Deux véhicules - côté,,,,,,,,,,,1,2,2,1,3.0
201600033409,0016-12-01 20:00:00,16,12,1,20,0,720,181,LAIGNE RUE DE Nø PAIRS 2,47.97156,0.21079,Nuit avec éclairage allumé,En agglomération,Hors intersection,Normale,Autre collision,,,,,,,,,,,5,2,1,1,6.0
201600033410,0016-12-11 14:25:00,16,12,11,14,25,720,181,CUGNOT NICOLAS (BD),47.99496,0.22393,Plein jour,En agglomération,Hors intersection,Brouillard / fumée,Autre collision,,,,,,,,,,,1,2,1,5,6.0
201600033411,0016-12-18 18:00:00,16,12,18,18,0,720,181,"207, DURAND GEORGES (AV)",47.97507,0.2153,Nuit avec éclairage allumé,En agglomération,Hors intersection,Brouillard / fumée,Deux véhicules - côté,,,,,,,,,,,5,2,1,5,3.0
201600033412,0016-09-08 12:00:00,16,9,8,12,0,730,8,"341, GENEVE RUE DE",,,Plein jour,En agglomération,Hors intersection,Normale,Autre collision,,,,,,,,,,,1,2,1,1,6.0
201600033413,0016-02-02 18:30:00,16,2,2,18,30,730,8,VERDUN AVENUE DE,45.69093,5.91037,Nuit avec éclairage allumé,En agglomération,Hors intersection,Normale,Autre collision,,,,,,,,,,,5,2,1,1,6.0
201600033414,0016-04-06 15:05:00,16,4,6,15,5,730,8,"365, boulevard Wilson",45.68833,5.90967,Plein jour,En agglomération,Hors intersection,Normale,Autre collision,,,,,,,,,,,1,2,1,1,6.0
201600033415,0016-06-22 09:35:00,16,6,22,9,35,730,8,"1, REVARD ROUTE DU",45.68992,5.91975,Plein jour,En agglomération,Hors intersection,Normale,Autre collision,,,,,,,,,,,1,2,1,1,6.0
201600033416,0016-07-09 07:40:00,16,7,9,7,40,730,8,FUSILLES DU REVARD RUE D,45.68521,5.92263,Plein jour,En agglomération,Intersection en Y,Normale,Deux véhicules - frontale,,,,,,,,,,,1,2,4,1,1.0
201600033417,0016-08-31 15:30:00,16,8,31,15,30,730,8,HOPITAUX CARREFOUR DES,,,Plein jour,En agglomération,Giratoire,Normale,Deux véhicules - arrière,,,,,,,,,,,1,2,6,1,2.0
201600033418,0016-02-25 14:55:00,16,2,25,14,55,730,11,"00, DE GAULLE (AV.) HUGO",45.6734,6.38507,Plein jour,En agglomération,Intersection en T,Pluie légère,Autre collision,,,,,,,,,,,1,2,3,2,6.0
201600033419,0016-09-15 08:30:00,16,9,15,8,30,730,11,CHAUTEMPS (RUE FELIX),45.67341,6.39034,Plein jour,En agglomération,Intersection en X,Pluie légère,Autre collision,,,,,,,,,,,1,2,2,2,6.0
201600033420,0016-09-28 12:05:00,16,9,28,12,5,730,11,"77, PONT ALBERTIN (CHEMI",45.66,6.38063,Plein jour,En agglomération,Hors intersection,Normale,Deux véhicules - frontale,,,,,,,,,,,1,2,1,1,1.0
201600033421,0016-10-14 11:15:00,16,10,14,11,15,730,11,ARMAND (RUE LOUIS),45.65915,6.37093,Plein jour,En agglomération,Intersection en X,Pluie forte,Deux véhicules - côté,,,,,,,,,,,1,2,2,3,3.0
201600033422,0016-09-25 10:00:00,16,9,25,10,0,730,11,FONTANET (AV.) RUISSEAU,45.6601,6.36867,Plein jour,En agglomération,Hors intersection,Normale,Autre collision,,,,,,,,,,,1,2,1,1,6.0
201600033423,0016-01-30 00:36:00,16,1,30,0,36,730,65,VOIE RAPIDE URBAINE,45.59108,5.89851,Nuit sans éclairage public,Hors agglomération,Hors intersection,Normale,Trois véhicules et plus - collisions multiples,,,,,,,,,,,3,1,1,1,5.0
201600033424,0016-02-05 15:20:00,16,2,5,15,20,730,31,TURIN (AVENUE DE),45.5725,5.94451,Plein jour,En agglomération,Hors intersection,Normale,Deux véhicules - arrière,,,,,,,,,,,1,2,1,1,2.0
201600033425,0016-03-02 19:00:00,16,3,2,19,0,730,65,"231, LYON (AVENUE DE)",45.56293,5.90819,Nuit avec éclairage allumé,En agglomération,Hors intersection,Pluie légère,Autre collision,,,,,,,,,,,5,2,1,2,6.0
201600033426,0016-12-08 18:55:00,16,12,8,18,55,730,65,"1, HOUILLE BLANCHE (AVEN",45.59016,5.88864,Nuit sans éclairage public,Hors agglomération,Hors intersection,Normale,Autre collision,,,,,,,,,,,3,1,1,1,6.0
201600033427,0016-04-28 14:04:00,16,4,28,14,4,730,65,"X, BIOLLAY (CHEMIN DU)",45.56293,5.90819,Plein jour,En agglomération,Intersection en X,Normale,Autre collision,,,,,,,,,,,1,2,2,1,6.0
201600033428,0016-05-13 05:50:00,16,5,13,5,50,730,29,"X, CHALLES (ROUTE DE)",,,Plein jour,Hors agglomération,Hors intersection,Normale,Autre collision,,,,,,,,,,,1,1,1,1,6.0
201600033429,0016-03-04 20:20:00,16,3,4,20,20,730,87,CORINTHE (AVENUE DE),45.56717,5.89292,Plein jour,En agglomération,Hors intersection,Normale,Autre collision,,,,,,,,,,,1,2,1,1,6.0
201600033430,0016-03-26 10:25:00,16,3,26,10,25,730,65,VOIE RAPIDE URBAINE,45.59107,5.89833,Plein jour,Hors agglomération,Hors intersection,Normale,Trois véhicules et plus - collisions multiples,,,,,,,,,,,1,1,1,1,5.0
201600033431,0016-10-03 19:10:00,16,10,3,19,10,730,65,ALLOBROGES (QUAI DES),45.57664,5.91463,Plein jour,En agglomération,Hors intersection,Normale,Deux véhicules - frontale,,,,,,,,,,,1,2,1,1,1.0
201600033432,0016-08-07 12:40:00,16,8,7,12,40,730,65,Quai du 11 Novembre,45.56757,5.93775,Plein jour,Hors agglomération,Intersection en Y,Normale,Deux véhicules - côté,,,,,,,,,,,1,1,4,1,3.0
201600033433,0016-09-08 00:30:00,16,9,8,0,30,730,222,"0, CHAMBERY (AVENUE DE)",45.57341,5.95716,Nuit avec éclairage allumé,Hors agglomération,Hors intersection,Normale,Deux véhicules - arrière,,,,,,,,,,,5,1,1,1,2.0
201600033434,0016-11-01 06:10:00,16,11,1,6,10,730,65,MOTTE SERVOLEX (AVENUE D,45.59284,5.89616,Nuit sans éclairage public,Hors agglomération,Hors intersection,Normale,Autre collision,,,,,,,,,,,3,1,1,1,6.0
201600033435,0016-11-13 06:00:00,16,11,13,6,0,730,222,"1, FECLAZ (ROUTE DE LA)",45.599,5.96747,Nuit sans éclairage public,Hors agglomération,Hors intersection,Normale,Deux véhicules - frontale,,,,,,,,,,,3,1,1,1,1.0
201600033436,0016-11-05 17:05:00,16,11,5,17,5,730,31,Bretelle 18 Garatte,,,Nuit sans éclairage public,Hors agglomération,Hors intersection,Temps couvert,Deux véhicules - côté,,,,,,,,,,,3,1,1,8,3.0
201600033437,0016-09-07 09:30:00,16,9,7,9,30,730,31,ROUTE NATIONALE 201 (VRU,45.5696,5.93968,Plein jour,En agglomération,Hors intersection,Normale,Deux véhicules - côté,,,,,,,,,,,1,2,1,1,3.0
201600033438,0016-12-02 18:20:00,16,12,2,18,20,730,31,"1, CENTRALE (RUE)",45.57123,5.94843,Nuit avec éclairage allumé,Hors agglomération,Hors intersection,Normale,Autre collision,,,,,,,,,,,5,1,1,1,6.0
201600033439,0016-12-24 06:45:00,16,12,24,6,45,730,65,ROPS DANIEL (AVENUE),45.60168,5.91402,Nuit avec éclairage allumé,Hors agglomération,Giratoire,Normale,Autre collision,,,,,,,,,,,5,1,6,1,6.0
201600033440,0016-01-08 07:00:00,16,1,8,7,0,740,10,95 BOULEVARD DU FIER,45.92205,6.12186,Nuit avec éclairage allumé,En agglomération,Hors intersection,Pluie légère,Autre collision,,,,,,,,,,,5,2,1,2,6.0
201600033441,0016-02-05 17:20:00,16,2,5,17,20,740,10,86 AV DES  MARQUISATS,45.53259,0.6083,Plein jour,Hors agglomération,Intersection en T,Normale,Deux véhicules - frontale,,,,,,,,,,,1,1,3,1,1.0
201600033442,0016-01-11 18:20:00,16,1,11,18,20,740,10,RUE LEO LAGRANGE,45.91675,6.12288,Nuit avec éclairage allumé,En agglomération,Hors intersection,Pluie légère,Autre collision,,,,,,,,,,,5,2,1,2,6.0
201600033443,0016-01-26 18:23:00,16,1,26,18,23,740,10,"35, AVENUE DES BARATTES",45.90688,6.13966,Nuit sans éclairage public,En agglomération,Hors intersection,Normale,Autre collision,,,,,,,,,,,3,2,1,1,6.0
201600033444,0016-03-10 13:15:00,16,3,10,13,15,740,10,BOULEVARD DU LYCEE,45.9058,6.12605,Plein jour,En agglomération,Giratoire,Normale,Autre collision,,,,,,,,,,,1,2,6,1,6.0
201600033445,0016-03-23 12:15:00,16,3,23,12,15,740,93,AVENUE DE GEVRIER,45.90341,6.10624,Plein jour,En agglomération,Intersection en Y,Normale,Autre collision,,,,,,,,,,,1,2,4,1,6.0
201600033446,0016-05-27 09:15:00,16,5,27,9,15,740,93,AVENUE DE  PRELEVET,,,Plein jour,En agglomération,Intersection en T,Normale,Deux véhicules - frontale,,,,,,,,,,,1,2,3,1,1.0
201600033447,0016-05-20 02:35:00,16,5,20,2,35,740,93,VRU 3508,45.9008,6.08866,Nuit sans éclairage public,En agglomération,Hors intersection,Normale,Deux véhicules - frontale,,,,,,,,,,,3,2,1,1,1.0
201600033448,0016-05-04 20:30:00,16,5,4,20,30,740,93,"10, AVENUE DE BEAUREGARD",45.90411,6.09822,Crépuscule ou aube,En agglomération,Hors intersection,Normale,Deux véhicules - arrière,,,,,,,,,,,2,2,1,1,2.0
201600033449,0016-06-18 20:20:00,16,6,18,20,20,740,10,AVENUE FRANCE / NOVEL,45.91188,6.12786,Crépuscule ou aube,En agglomération,Intersection en T,Pluie légère,Trois véhicules et plus - collisions multiples,,,,,,,,,,,2,2,3,2,5.0
201600033450,0016-06-17 22:48:00,16,6,17,22,48,740,10,CHEMIN DES FINS,,,Nuit avec éclairage allumé,En agglomération,Intersection en X,Normale,Deux véhicules - frontale,,,,,,,,,,,5,2,2,1,1.0
201600033451,0016-06-22 02:56:00,16,6,22,2,56,740,10,AVENUE DE LOVERCHY,45.53412,6.07083,Nuit avec éclairage allumé,En agglomération,Intersection en T,Normale,Deux véhicules - côté,,,,,,,,,,,5,2,3,1,3.0
201600033452,0016-07-04 16:30:00,16,7,4,16,30,740,93,"22, ROUTE DES CREUSES",45.89413,6.10658,Plein jour,En agglomération,Hors intersection,Normale,Autre collision,,,,,,,,,,,1,2,1,1,6.0
201600033453,0016-08-02 19:00:00,16,8,2,19,0,740,10,119B AVENUE DE GENEVE,,,Plein jour,En agglomération,Hors intersection,Normale,Autre collision,,,,,,,,,,,1,2,1,1,6.0
201600033454,0016-08-05 07:10:00,16,8,5,7,10,740,10,AVENUE DE CRAN,45.90611,6.11444,Plein jour,En agglomération,Giratoire,Normale,Deux véhicules - côté,,,,,,,,,,,1,2,6,1,3.0
201600033455,0016-08-06 16:50:00,16,8,6,16,50,740,10,CHEMIN DE LA PUYA,45.88852,6.14361,Plein jour,En agglomération,Hors intersection,Normale,Deux véhicules - arrière,,,,,,,,,,,1,2,1,1,2.0
201600033456,0016-08-22 16:50:00,16,8,22,16,50,740,10,"39, AVENUE DU PARMELAN",45.90708,6.13475,Plein jour,En agglomération,Hors intersection,Temps éblouissant,Autre collision,,,,,,,,,,,1,2,1,7,6.0
201600033457,0016-09-01 22:45:00,16,9,1,22,45,740,10,11 RUE SOMMEILLER,45.90197,6.1238,Nuit avec éclairage allumé,En agglomération,Hors intersection,Normale,Deux véhicules - côté,,,,,,,,,,,5,2,1,1,3.0
201600033458,0016-09-08 17:35:00,16,9,8,17,35,740,10,"19, AV VIEUX MOULINS",45.88475,6.11716,Plein jour,En agglomération,Hors intersection,Normale,Deux véhicules - côté,,,,,,,,,,,1,2,1,1,3.0
201600033459,0016-09-12 16:45:00,16,9,12,16,45,740,10,"2, AVENUE DE BROGNY",45.90255,6.12177,Plein jour,En agglomération,Hors intersection,Normale,Autre collision,,,,,,,,,,,1,2,1,1,6.0
201600033460,0016-11-09 14:05:00,16,11,9,14,5,740,10,"20,AVENUE DE BROGNY",45.91006,6.126,Plein jour,En agglomération,Hors intersection,Normale,Trois véhicules et plus - collisions multiples,,,,,,,,,,,1,2,1,1,5.0
201600033461,0016-11-10 18:10:00,16,11,10,18,10,740,10,RUE DE LA PAIX,45.90455,6.13107,Nuit avec éclairage allumé,En agglomération,Intersection en Y,Pluie légère,Autre collision,,,,,,,,,,,5,2,4,2,6.0
201600033462,0016-11-26 12:00:00,16,11,26,12,0,740,10,"48, AVENUE DE LA PLAINE",45.91481,6.12965,Plein jour,En agglomération,Giratoire,Normale,Autre collision,,,,,,,,,,,1,2,6,1,6.0
201600033463,0016-12-01 18:15:00,16,12,1,18,15,740,10,RUE DE L'INDUSTRIE,45.90145,6.12071,Nuit avec éclairage allumé,En agglomération,Hors intersection,Normale,Autre collision,,,,,,,,,,,5,2,1,1,6.0
201600033464,0016-12-12 17:30:00,16,12,12,17,30,740,10,"26, AVENUE DU PARMELAN",45.0306,6.133,Nuit avec éclairage allumé,En agglomération,Hors intersection,Normale,Autre collision,,,,,,,,,,,5,2,1,1,6.0
201600033465,0016-11-26 10:10:00,16,11,26,10,10,740,12,12 PLACE HOTEL DE VILLE,46.19283,6.23404,Plein jour,En agglomération,Hors intersection,Normale,Autre collision,,,,,,,,,,,1,2,1,1,6.0
201600033466,0016-12-29 17:00:00,16,12,29,17,0,740,12,"18, RUE LOUIS ARMAND",46.20075,6.24005,Crépuscule ou aube,En agglomération,Hors intersection,Normale,Sans collision,,,,,,,,,,,2,2,1,1,7.0
201600033467,0016-12-19 03:00:00,16,12,19,3,0,740,12,"81, ROUTE DE THONON",46.1956,6.2612,Plein jour,En agglomération,Hors intersection,Normale,Deux véhicules - côté,,,,,,,,,,,1,2,1,1,3.0
201600033468,0016-01-23 17:50:00,16,1,23,17,50,740,133,RUE DE L'INDUSTRIE,46.18372,6.21152,Crépuscule ou aube,En agglomération,Hors intersection,Normale,Autre collision,,,,,,,,,,,2,2,1,1,6.0
201600033469,0016-02-17 16:20:00,16,2,17,16,20,740,12,RUE DES AMOUREUX,46.19083,6.23594,Plein jour,En agglomération,Hors intersection,Normale,Autre collision,,,,,,,,,,,1,2,1,1,6.0
201600033470,0016-01-28 13:10:00,16,1,28,13,10,740,12,"41, RUE DE GENEVE",46.19277,6.22777,Plein jour,En agglomération,Hors intersection,Normale,Autre collision,,,,,,,,,,,1,2,1,1,6.0
201600033471,0016-02-11 16:10:00,16,2,11,16,10,740,12,AVENUE DE L'EUROPE,,,Plein jour,En agglomération,Giratoire,Normale,Autre collision,,,,,,,,,,,1,2,6,1,6.0
201600033472,0016-04-22 17:45:00,16,4,22,17,45,740,12,2 AVENUE DE VERDUN,46.18861,6.24305,Plein jour,En agglomération,Intersection en T,Normale,Deux véhicules - côté,,,,,,,,,,,1,2,3,1,3.0
201600033473,0016-04-30 12:50:00,16,4,30,12,50,740,133,"118, RUE DE GENEVE",46.11303,6.12368,Plein jour,En agglomération,Hors intersection,Pluie légère,Deux véhicules - arrière,,,,,,,,,,,1,2,1,2,2.0
201600033474,0016-05-09 09:50:00,16,5,9,9,50,740,12,02 AVENUE VERDUN,46.18936,6.24322,Plein jour,En agglomération,Hors intersection,Normale,Autre collision,,,,,,,,,,,1,2,1,1,6.0
201600033475,0016-07-07 09:20:00,16,7,7,9,20,740,12,RUE DE ROMAGNY,,,Plein jour,En agglomération,Giratoire,Normale,Deux véhicules - côté,,,,,,,,,,,1,2,6,1,3.0
201600033476,0016-08-03 10:50:00,16,8,3,10,50,740,12,RUE DE ROMAGNY,46.19527,6.24333,Plein jour,En agglomération,Intersection en X,Normale,Autre collision,,,,,,,,,,,1,2,2,1,6.0
201600033477,0016-07-29 17:35:00,16,7,29,17,35,740,12,ROUTE DE THONON,,,Plein jour,En agglomération,Hors intersection,Normale,Deux véhicules - côté,,,,,,,,,,,1,2,1,1,3.0
201600033478,0016-07-28 08:30:00,16,7,28,8,30,740,12,RUE EMILLE ZOLA,,,Plein jour,En agglomération,Giratoire,Normale,Deux véhicules - côté,,,,,,,,,,,1,2,6,1,3.0
201600033479,0016-08-11 13:20:00,16,8,11,13,20,740,12,"22, RUE DU SALEVE",46.19227,6.23422,Plein jour,En agglomération,Intersection en T,Normale,Autre collision,,,,,,,,,,,1,2,3,1,6.0
201600033480,0016-10-11 16:15:00,16,10,11,16,15,740,12,AV MARECHAL LECLERC,46.1875,6.24833,Plein jour,En agglomération,Intersection en T,Normale,Autre collision,,,,,,,,,,,1,2,3,1,6.0
201600033481,0016-10-28 08:00:00,16,10,28,8,0,740,12,ROUTE DE THONON,,,Plein jour,En agglomération,Hors intersection,Normale,Deux véhicules - frontale,,,,,,,,,,,1,2,1,1,1.0
201600033482,0016-11-13 19:50:00,16,11,13,19,50,740,118,ROUTE DE SAINT-JULIEN,46.17917,6.2268,Nuit sans éclairage public,En agglomération,Hors intersection,Pluie légère,Deux véhicules - frontale,,,,,,,,,,,3,2,1,2,1.0
201600033483,0016-12-13 06:25:00,16,12,13,6,25,740,12,"50, AVENUE DE L'EUROPE",46.17669,6.24016,Nuit avec éclairage allumé,En agglomération,Hors intersection,Normale,Deux véhicules - côté,,,,,,,,,,,5,2,1,1,3.0
201600033484,0016-12-16 11:45:00,16,12,16,11,45,740,12,AVENUE DU LEMAN,46.18261,6.24372,Plein jour,En agglomération,Intersection en T,Normale,Autre collision,,,,,,,,,,,1,2,3,1,6.0
201600033485,0016-01-07 19:30:00,16,1,7,19,30,740,218,"1240, AVENUE DE RIVE",46.39494,6.54301,Nuit avec éclairage allumé,En agglomération,Hors intersection,Pluie légère,Autre collision,,,,,,,,,,,5,2,1,2,6.0
201600033486,0016-01-09 00:27:00,16,1,9,0,27,740,281,RD 1005,46.34691,6.45288,Nuit sans éclairage public,Hors agglomération,Hors intersection,Pluie forte,Autre collision,,,,,,,,,,,3,1,1,3,6.0
201600033487,0016-01-11 18:52:00,16,1,11,18,52,740,119,PLACE CHARLES COTTET,46.40006,6.58673,Nuit sans éclairage public,En agglomération,Hors intersection,Pluie forte,Autre collision,,,,,,,,,,,3,2,1,3,6.0
201600033488,0016-01-23 18:35:00,16,1,23,18,35,740,218,FACE ZIG ZAG CAFE,46.38385,6.51324,Nuit avec éclairage non allumé,Hors agglomération,Hors intersection,Normale,Deux véhicules - frontale,,,,,,,,,,,4,1,1,1,1.0
201600033489,0016-02-21 17:50:00,16,2,21,17,50,740,13,29 AVENUE PRE-ROBERT SUD,46.35041,6.43436,Plein jour,En agglomération,Hors intersection,Normale,Deux véhicules - frontale,,,,,,,,,,,1,2,1,1,1.0
201600033490,0016-01-19 15:05:00,16,1,19,15,5,740,281,"7, CHEMIN VIEUX",,,Plein jour,En agglomération,Hors intersection,Normale,Autre collision,,,,,,,,,,,1,2,1,1,6.0
201600033491,0016-02-25 20:37:00,16,2,25,20,37,740,281,RUE DES URSULES,46.2226,6.28517,Nuit avec éclairage allumé,En agglomération,Giratoire,Pluie légère,Autre collision,,,,,,,,,,,5,2,6,2,6.0
201600033492,0016-03-18 01:18:00,16,3,18,1,18,740,119,"2, AVENUE D'AUNIERES",46.39969,6.60425,Nuit avec éclairage allumé,En agglomération,Hors intersection,Normale,Autre collision,,,,,,,,,,,5,2,1,1,6.0
201600033493,0016-03-22 19:40:00,16,3,22,19,40,740,281,"01, AVENUE DE THUYSET",46.3808,6.49383,Crépuscule ou aube,En agglomération,Hors intersection,Normale,Autre collision,,,,,,,,,,,2,2,1,1,6.0
201600033494,0016-05-09 08:20:00,16,5,9,8,20,740,218,984 ROUTE PAYS DE GAVOT,46.38466,6.5555,Plein jour,En agglomération,Hors intersection,Normale,Deux véhicules - frontale,,,,,,,,,,,1,2,1,1,1.0
201600033495,0016-05-09 13:17:00,16,5,9,13,17,740,281,"17, PLACE DE CRETE",46.36755,6.48325,Plein jour,En agglomération,Hors intersection,Normale,Autre collision,,,,,,,,,,,1,2,1,1,6.0
201600033496,0016-05-13 08:45:00,16,5,13,8,45,740,13,ROUTE DE GENEVE,46.2606,6.2606,Plein jour,En agglomération,Hors intersection,Pluie forte,Autre collision,,,,,,,,,,,1,2,1,3,6.0
201600033497,0016-06-15 14:40:00,16,6,15,14,40,740,281,RUE DU VALLON,46.22176,6.28417,Plein jour,En agglomération,Intersection en X,Normale,Sans collision,,,,,,,,,,,1,2,2,1,7.0
201600033498,0016-06-17 15:50:00,16,6,17,15,50,740,218,AVENUE DE THONON,,,Plein jour,En agglomération,Hors intersection,Normale,Deux véhicules - frontale,,,,,,,,,,,1,2,1,1,1.0
201600033499,0016-07-09 08:10:00,16,7,9,8,10,740,218,"1250, AVENUE DE LA RIVE",46.39491,6.54294,Plein jour,En agglomération,Hors intersection,Normale,Deux véhicules - arrière,,,,,,,,,,,1,2,1,1,2.0
201600033500,0016-07-19 15:45:00,16,7,19,15,45,740,281,AVENUE DE RIPAILLE,46.23123,6.29032,Plein jour,En agglomération,Hors intersection,Normale,Autre collision,,,,,,,,,,,1,2,1,1,6.0
201600033501,0016-07-30 11:40:00,16,7,30,11,40,740,218,AVENUE DE SAVOIE,46.38747,6.54382,Plein jour,En agglomération,Giratoire,Normale,Deux véhicules - côté,,,,,,,,,,,1,2,6,1,3.0
201600033502,0016-08-17 10:40:00,16,8,17,10,40,740,13,ROUTE DE LA CROISEE,,,Plein jour,Hors agglomération,Giratoire,Normale,Sans collision,,,,,,,,,,,1,1,6,1,7.0
201600033503,0016-09-30 09:40:00,16,9,30,9,40,740,218,"400, AVENUE DE RIVE",46.39206,6.53329,Plein jour,En agglomération,Hors intersection,Normale,Deux véhicules - côté,,,,,,,,,,,1,2,1,1,3.0
201600033504,0016-10-03 15:55:00,16,10,3,15,55,740,119,ROPUTE DE BISSINGES,46.39601,6.57014,Plein jour,En agglomération,Intersection en T,Normale,Deux véhicules - côté,,,,,,,,,,,1,2,3,1,3.0
201600033505,0016-10-06 03:20:00,16,10,6,3,20,740,218,"435, AVENUE DE NOAILLES",46.39611,6.55916,Nuit avec éclairage allumé,Hors agglomération,Hors intersection,Normale,Autre collision,,,,,,,,,,,5,1,1,1,6.0
201600033506,0016-10-17 20:25:00,16,10,17,20,25,740,281,"69,AV GENERAL DE GAULLE",46.36629,6.47073,Nuit avec éclairage allumé,En agglomération,Hors intersection,Pluie légère,Deux véhicules - côté,,,,,,,,,,,5,2,1,2,3.0
201600033507,0016-10-15 11:20:00,16,10,15,11,20,740,218,CARTHERAY (RUE DE),46.38949,6.52406,Plein jour,Hors agglomération,Intersection en X,Normale,Deux véhicules - côté,,,,,,,,,,,1,1,2,1,3.0
201600033508,0016-10-28 19:20:00,16,10,28,19,20,740,281,ROUTE D'ARMOY,46.36334,6.49891,Nuit avec éclairage allumé,En agglomération,Hors intersection,Normale,Deux véhicules - frontale,,,,,,,,,,,5,2,1,1,1.0
201600033509,0016-10-29 17:35:00,16,10,29,17,35,740,281,"10, RUE DES RANGES",46.372,6.4805,Plein jour,En agglomération,Hors intersection,Normale,Autre collision,,,,,,,,,,,1,2,1,1,6.0
201600033510,0016-11-19 06:40:00,16,11,19,6,40,740,281,CONTOURNEMENT,46.36067,6.48918,Nuit sans éclairage public,Hors agglomération,Hors intersection,Pluie légère,Autre collision,,,,,,,,,,,3,1,1,2,6.0
201600033511,0016-12-11 18:30:00,16,12,11,18,30,740,281,CHEMIN DE LA RONDE,46.36738,6.47973,Crépuscule ou aube,En agglomération,Hors intersection,Normale,Sans collision,,,,,,,,,,,2,2,1,1,7.0