accident_id,datetime,annee,mois,jour,heure,minute,departement,commune_insee,adresse,latitude,longitude,luminosite,agglomeration,intersection,meteo,collision,nb_vehicules,nb_usagers,nb_indemnes,nb_tues,nb_blesses_hosp,nb_blesses_legers,age_cond_1,age_cond_2,veh_type_cond_1,veh_type_cond_2,lum_code,agg_code,int_code,atm_code,col_code
201600033512,0016-12-14 07:35:00,16,12,14,7,35,740,281,ROUTE D'EVIAN,46.38382,6.50854,Nuit avec éclairage allumé,En agglomération,Intersection en T,Normale,Trois véhicules et plus - collisions multiples,,,,,,,,,,,5,2,3,1,5.0
201600033513,0016-12-19 03:31:00,16,12,19,3,31,740,200,AVENUE DU LEMAN,46.39547,6.59707,Nuit avec éclairage allumé,En agglomération,Intersection en T,Pluie légère,Autre collision,,,,,,,,,,,5,2,3,2,6.0
201600033514,0016-01-15 19:40:00,16,1,15,19,40,760,384,RTE  DU MONT,49.53252,0.54569,Nuit sans éclairage public,Hors agglomération,Hors intersection,Temps couvert,Autre collision,,,,,,,,,,,3,1,1,8,6.0
201600033515,0016-06-20 07:00:00,16,6,20,7,0,760,382,"441, LA FORGE",49.58732,0.53377,Crépuscule ou aube,Hors agglomération,Intersection en Y,Pluie légère,Autre collision,,,,,,,,,,,2,1,4,2,6.0
201600033516,0016-06-30 20:00:00,16,6,30,20,0,760,576,,49.56025,0.44772,Plein jour,Hors agglomération,Hors intersection,Normale,Deux véhicules - frontale,,,,,,,,,,,1,1,1,1,1.0
201600033517,0016-07-31 21:15:00,16,7,31,21,15,760,114,"16, R DU PRESIDENT RENE",49.57378,0.47274,Plein jour,En agglomération,Hors intersection,Normale,Sans collision,,,,,,,,,,,1,2,1,1,7.0
201600033518,0016-01-07 07:50:00,16,1,7,7,50,760,217,"59, AV GAMBETTA",49.91,1.07,Nuit avec éclairage allumé,En agglomération,Hors intersection,Pluie forte,Deux véhicules - côté,,,,,,,,,,,5,2,1,3,3.0
201600033519,0016-01-07 13:30:00,16,1,7,13,30,760,217,"75, AV GAMBETTA",49.91758,1.07422,Plein jour,En agglomération,Intersection en Y,Normale,Deux véhicules - côté,,,,,,,,,,,1,2,4,1,3.0
201600033520,0016-01-09 13:30:00,16,1,9,13,30,760,565,R DU GOUFFRE,49.87194,1.0663,Plein jour,En agglomération,Hors intersection,Normale,Sans collision,,,,,,,,,,,1,2,1,1,7.0
201600033521,0016-01-12 21:15:00,16,1,12,21,15,760,565,RD 915,49.88892,1.084,Nuit sans éclairage public,Hors agglomération,Intersection en T,Vent fort / tempête,Deux véhicules - côté,,,,,,,,,,,3,1,3,6,3.0
201600033522,0016-03-01 19:15:00,16,3,1,19,15,760,217,"127, AV DE LA REPUBLIQUE",49.92527,1.10098,Nuit avec éclairage allumé,En agglomération,Giratoire,Pluie légère,Deux véhicules - côté,,,,,,,,,,,5,2,6,2,3.0
201600033523,0016-01-16 19:35:00,16,1,16,19,35,760,565,RD 915,49.87809,1.09489,Nuit sans éclairage public,Hors agglomération,Hors intersection,Normale,Deux véhicules - arrière,,,,,,,,,,,3,1,1,1,2.0
201600033524,0016-01-21 08:49:00,16,1,21,8,49,760,565,"686, RTE DE ROUEN",49.87108,1.0698,Plein jour,En agglomération,Hors intersection,Normale,Autre collision,,,,,,,,,,,1,2,1,1,6.0
201600033525,0016-01-24 22:15:00,16,1,24,22,15,760,26,RD 1,49.88013,1.1483,Nuit sans éclairage public,Hors agglomération,Hors intersection,Pluie légère,Autre collision,,,,,,,,,,,3,1,1,2,6.0
201600033526,0016-02-02 14:40:00,16,2,2,14,40,760,414,,49.90101,1.13019,Plein jour,Hors agglomération,Hors intersection,Normale,Deux véhicules - frontale,,,,,,,,,,,1,1,1,1,1.0
201600033527,0016-02-01 19:40:00,16,2,1,19,40,760,545,RD 154E,49.90185,1.11855,Nuit avec éclairage allumé,Hors agglomération,Intersection en T,Pluie légère,Autre collision,,,,,,,,,,,5,1,3,2,6.0
201600033528,0016-03-14 17:50:00,16,3,14,17,50,760,26,,49.87451,1.11273,Plein jour,Hors agglomération,Hors intersection,Normale,Trois véhicules et plus - en chaîne,,,,,,,,,,,1,1,1,1,4.0
201600033529,0016-03-20 02:25:00,16,3,20,2,25,760,217,D 485,49.91425,1.104,Nuit sans éclairage public,Hors agglomération,Hors intersection,Normale,Autre collision,,,,,,,,,,,3,1,1,1,6.0
201600033530,0016-03-31 09:40:00,16,3,31,9,40,760,26,"1, R DE LA CHAUSSEE",49.88055,1.13,Plein jour,En agglomération,Intersection en T,Temps couvert,Autre collision,,,,,,,,,,,1,2,3,8,6.0
201600033531,0016-03-31 08:35:00,16,3,31,8,35,760,349,"31, RTE DE DIEPPE",49.90163,1.05191,Plein jour,En agglomération,Intersection en X,Temps couvert,Autre collision,,,,,,,,,,,1,2,2,8,6.0
201600033532,0016-04-12 09:45:00,16,4,12,9,45,760,217,"2, BD DU GENERAL DE GAUL",49.92372,1.08126,Plein jour,En agglomération,Intersection en Y,Normale,Autre collision,,,,,,,,,,,1,2,4,1,6.0
201600033533,0016-04-08 19:00:00,16,4,8,19,0,760,26,RTE DE SAINT NICOLAS,49.88258,1.14749,Plein jour,Hors agglomération,Hors intersection,Normale,Autre collision,,,,,,,,,,,1,1,1,1,6.0
201600033534,0016-04-08 23:10:00,16,4,8,23,10,760,707,RD 70,49.85781,1.07865,Nuit sans éclairage public,Hors agglomération,Hors intersection,Normale,Autre collision,,,,,,,,,,,3,1,1,1,6.0
201600033535,0016-04-10 16:35:00,16,4,10,16,35,760,565,,49.88273,1.09027,Plein jour,Hors agglomération,Intersection en X,Normale,Deux véhicules - côté,,,,,,,,,,,1,1,2,1,3.0
201600033536,0016-04-18 17:27:00,16,4,18,17,27,760,545,"68,R DU CHAMP DE COURSES",49.90858,1.08752,Plein jour,En agglomération,Hors intersection,Normale,Trois véhicules et plus - en chaîne,,,,,,,,,,,1,2,1,1,4.0
201600033537,0016-04-22 19:05:00,16,4,22,19,5,760,217,"24, GRANDE RUE DU POLLET",49.92729,1.08648,Plein jour,En agglomération,Intersection en T,Normale,Autre collision,,,,,,,,,,,1,2,3,1,6.0
201600033538,0016-04-23 17:25:00,16,4,23,17,25,760,217,"52, BD DE VERDUN",49.9299,1.08106,Plein jour,En agglomération,Intersection en T,Normale,Deux véhicules - côté,,,,,,,,,,,1,2,3,1,3.0
201600033539,0016-04-23 17:15:00,16,4,23,17,15,760,217,R ARISTIDE BRIAND,49.92883,1.10053,Plein jour,En agglomération,Hors intersection,Normale,Autre collision,,,,,,,,,,,1,2,1,1,6.0
201600033540,0016-04-28 12:35:00,16,4,28,12,35,760,217,AV DE LA REPUBLIQUE,49.92454,1.10375,Plein jour,En agglomération,Intersection en X,Normale,Deux véhicules - côté,,,,,,,,,,,1,2,2,1,3.0
201600033541,0016-05-07 11:40:00,16,5,7,11,40,760,565,,49.88634,1.08663,Plein jour,Hors agglomération,Hors intersection,Normale,Sans collision,,,,,,,,,,,1,1,1,1,7.0
201600033542,0016-05-13 10:35:00,16,5,13,10,35,760,217,"115, AV DES CANADIENS",49.91461,1.07484,Plein jour,En agglomération,Intersection en Y,Normale,Trois véhicules et plus - en chaîne,,,,,,,,,,,1,2,4,1,4.0
201600033543,0016-05-17 08:20:00,16,5,17,8,20,760,26,"31, R DU 11 NOVEMBRE 191",49.88628,1.12291,Plein jour,En agglomération,Hors intersection,Normale,Deux véhicules - arrière,,,,,,,,,,,1,2,1,1,2.0
201600033544,0016-05-20 13:35:00,16,5,20,13,35,760,217,R DE LA CONVENTION,49.90598,1.08335,Plein jour,En agglomération,Hors intersection,Normale,Deux véhicules - frontale,,,,,,,,,,,1,2,1,1,1.0
201600033545,0016-06-08 17:50:00,16,6,8,17,50,760,217,"1, R DES CORMORANS",49.93028,1.09743,Plein jour,En agglomération,Hors intersection,Normale,Autre collision,,,,,,,,,,,1,2,1,1,6.0
201600033546,0016-06-17 17:17:00,16,6,17,17,17,760,217,"124, AV DE LA REPUBLIQUE",49.92566,1.09943,Plein jour,En agglomération,Hors intersection,Normale,Deux véhicules - côté,,,,,,,,,,,1,2,1,1,3.0
201600033547,0016-07-01 15:55:00,16,7,1,15,55,760,707,,49.85261,1.10162,Plein jour,En agglomération,Intersection en T,Normale,Deux véhicules - côté,,,,,,,,,,,1,2,3,1,3.0
201600033548,0016-06-17 16:25:00,16,6,17,16,25,760,217,"22, AV LEON GAMBETTA",49.92141,1.07335,Plein jour,En agglomération,Hors intersection,Normale,Autre collision,,,,,,,,,,,1,2,1,1,6.0
201600033549,0016-06-19 18:40:00,16,6,19,18,40,760,217,"2, R CLAUDE GROULARD",49.92347,1.07523,Plein jour,En agglomération,Hors intersection,Normale,Autre collision,,,,,,,,,,,1,2,1,1,6.0
201600033550,0016-07-01 05:40:00,16,7,1,5,40,760,217,QU DE LA SOMME,49.92725,1.08597,Nuit avec éclairage allumé,En agglomération,Intersection en X,Normale,Deux véhicules - côté,,,,,,,,,,,5,2,2,1,3.0
201600033551,0016-08-01 05:40:00,16,8,1,5,40,760,217,SOMME (QUAI DE LA),49.92725,1.08597,Nuit avec éclairage allumé,En agglomération,Intersection en T,Normale,Deux véhicules - côté,,,,,,,,,,,5,2,3,1,3.0
201600033552,0016-07-23 00:05:00,16,7,23,0,5,760,217,"17, QU DU TONKIN",49.9222,1.08219,Nuit avec éclairage allumé,En agglomération,Hors intersection,Normale,Sans collision,,,,,,,,,,,5,2,1,1,7.0
201600033553,0016-08-30 19:05:00,16,8,30,19,5,760,26,"32, R DE LA LIBERATION",49.87821,1.1292,Plein jour,En agglomération,Hors intersection,Normale,Autre collision,,,,,,,,,,,1,2,1,1,6.0
201600033554,0016-09-05 13:40:00,16,9,5,13,40,760,545,,49.90806,1.1012,Plein jour,Hors agglomération,Hors intersection,Pluie légère,Trois véhicules et plus - collisions multiples,,,,,,,,,,,1,1,1,2,5.0
201600033555,0016-09-05 14:45:00,16,9,5,14,45,760,545,RD 154E,49.90156,1.11889,Plein jour,Hors agglomération,Intersection en T,Pluie légère,Deux véhicules - arrière,,,,,,,,,,,1,1,3,2,2.0
201600033556,0016-09-11 15:20:00,16,9,11,15,20,760,217,AVENUE DE BREAUTE,49.91365,1.09134,Plein jour,Hors agglomération,Hors intersection,Normale,Deux véhicules - côté,,,,,,,,,,,1,1,1,1,3.0
201600033557,0016-10-12 07:15:00,16,10,12,7,15,760,26,"17, R DU 11 NOVEMBRE 191",49.88579,1.12349,Nuit avec éclairage allumé,En agglomération,Hors intersection,Normale,Autre collision,,,,,,,,,,,5,2,1,1,6.0
201600033558,0016-09-24 08:10:00,16,9,24,8,10,760,26,RD  54B,49.87881,1.12043,Plein jour,Hors agglomération,Hors intersection,Normale,Autre collision,,,,,,,,,,,1,1,1,1,6.0
201600033559,0016-10-02 06:25:00,16,10,2,6,25,760,26,"64, R DU 11 NOVEMBRE 191",49.88966,1.11928,Nuit avec éclairage allumé,En agglomération,Hors intersection,Normale,Sans collision,,,,,,,,,,,5,2,1,1,7.0
201600033560,0016-10-12 17:45:00,16,10,12,17,45,760,545,"1, R DU CHAMP DE COURSES",49.90437,1.09319,Plein jour,En agglomération,Hors intersection,Normale,Deux véhicules - côté,,,,,,,,,,,1,2,1,1,3.0
201600033561,0016-10-12 11:05:00,16,10,12,11,5,760,26,RTE DE SAINT NICOLAS,49.88276,1.14196,Plein jour,En agglomération,Giratoire,Normale,Deux véhicules - frontale,,,,,,,,,,,1,2,6,1,1.0
201600033562,0016-10-17 07:30:00,16,10,17,7,30,760,217,ROC DE JANVAL,49.91076,1.07497,Nuit avec éclairage allumé,En agglomération,Giratoire,Normale,Autre collision,,,,,,,,,,,5,2,6,1,6.0
201600033563,0016-10-23 01:54:00,16,10,23,1,54,760,26,,49.87653,1.11927,Nuit sans éclairage public,Hors agglomération,Intersection en Y,Brouillard / fumée,Trois véhicules et plus - en chaîne,,,,,,,,,,,3,1,4,5,4.0
201600033564,0016-11-01 16:45:00,16,11,1,16,45,760,217,"1, ARC DE LA BOURSE",49.9268,1.07959,Plein jour,En agglomération,Hors intersection,Normale,Deux véhicules - frontale,,,,,,,,,,,1,2,1,1,1.0
201600033565,0016-11-08 08:50:00,16,11,8,8,50,760,217,"66, AV GAMBETTA",49.91866,1.074,Plein jour,En agglomération,Hors intersection,Normale,Deux véhicules - arrière,,,,,,,,,,,1,2,1,1,2.0
201600033566,0016-11-09 08:05:00,16,11,9,8,5,760,545,"41, R DE LA CROIX DE PIE",49.90133,1.09906,Crépuscule ou aube,En agglomération,Hors intersection,Pluie légère,Deux véhicules - côté,,,,,,,,,,,2,2,1,2,3.0
201600033567,0016-11-10 13:05:00,16,11,10,13,5,760,545,RD 154E,49.89965,1.12017,Plein jour,En agglomération,Hors intersection,Pluie légère,Deux véhicules - arrière,,,,,,,,,,,1,2,1,2,2.0
201600033568,0016-11-10 19:00:00,16,11,10,19,0,760,217,"107, AV GAMBETTA",49.91516,1.07475,Nuit avec éclairage allumé,En agglomération,Intersection en Y,Normale,Autre collision,,,,,,,,,,,5,2,4,1,6.0
201600033569,0016-12-02 16:55:00,16,12,2,16,55,760,217,"58, R DU FAUBOURG DE LA",49.92216,1.07008,Crépuscule ou aube,En agglomération,Intersection en Y,Normale,Deux véhicules - côté,,,,,,,,,,,2,2,4,1,3.0
201600033570,0016-12-06 16:15:00,16,12,6,16,15,760,217,"46, AV JEAN JAURES",49.90946,1.06591,Plein jour,En agglomération,Intersection en X,Normale,Deux véhicules - côté,,,,,,,,,,,1,2,2,1,3.0
201600033571,0016-12-17 19:00:00,16,12,17,19,0,760,545,RD 154E,49.91183,1.09738,Nuit avec éclairage allumé,Hors agglomération,Hors intersection,Brouillard / fumée,Trois véhicules et plus - collisions multiples,,,,,,,,,,,5,1,1,5,5.0
201600033572,0016-12-21 17:50:00,16,12,21,17,50,760,217,"169, R DU GENERAL CHANZY",49.91324,1.08205,Nuit avec éclairage allumé,En agglomération,Intersection en T,Pluie légère,Deux véhicules - côté,,,,,,,,,,,5,2,3,2,3.0
201600033573,0016-01-02 11:35:00,16,1,2,11,35,760,259,"132, R GUSTAVE COUTURIER",49.75186,0.39744,Plein jour,En agglomération,Hors intersection,Normale,Autre collision,,,,,,,,,,,1,2,1,1,6.0
201600033574,0016-01-02 17:15:00,16,1,2,17,15,760,259,,49.75075,0.40363,Nuit avec éclairage allumé,En agglomération,Giratoire,Pluie légère,Deux véhicules - côté,,,,,,,,,,,5,2,6,2,3.0
201600033575,0016-04-02 11:00:00,16,4,2,11,0,760,259,"15, QU DE LA VICOMTE",49.76097,0.36605,Plein jour,En agglomération,Hors intersection,Normale,Autre collision,,,,,,,,,,,1,2,1,1,6.0
201600033576,0016-07-13 08:00:00,16,7,13,8,0,760,600,RTE D'YPORT,49.73569,0.29813,Plein jour,Hors agglomération,Hors intersection,Normale,Sans collision,,,,,,,,,,,1,1,1,1,7.0
201600033577,0016-08-18 09:20:00,16,8,18,9,20,760,259,"202, AV JEAN LORRAIN",49.76196,0.37857,Plein jour,En agglomération,Hors intersection,Normale,Autre collision,,,,,,,,,,,1,2,1,1,6.0
201600033578,0016-09-13 11:35:00,16,9,13,11,35,760,259,AV GAMBETTA,49.75858,0.37578,Plein jour,En agglomération,Intersection en T,Normale,Deux véhicules - côté,,,,,,,,,,,1,2,3,1,3.0
201600033579,0016-10-16 20:00:00,16,10,16,20,0,760,259,"8, R DES FORTS",49.75498,0.38088,Nuit avec éclairage allumé,En agglomération,Hors intersection,Pluie légère,Autre collision,,,,,,,,,,,5,2,1,2,6.0
201600033580,0016-10-10 07:20:00,16,10,10,7,20,760,259,RTE DE CANY,49.76642,0.40467,Nuit sans éclairage public,Hors agglomération,Hors intersection,Temps couvert,Deux véhicules - côté,,,,,,,,,,,3,1,1,8,3.0
201600033581,0016-12-02 14:11:00,16,12,2,14,11,760,259,,49.74657,0.41043,Plein jour,Hors agglomération,Hors intersection,Normale,Deux véhicules - côté,,,,,,,,,,,1,1,1,1,3.0
201600033582,0016-12-02 18:42:00,16,12,2,18,42,760,259,"59, QU BERIGNY",49.76008,0.36948,Nuit avec éclairage allumé,En agglomération,Intersection en T,Temps couvert,Deux véhicules - côté,,,,,,,,,,,5,2,3,8,3.0
201600033583,0016-01-03 23:20:00,16,1,3,23,20,760,447,"32, AV PRESIDENT WILSON",49.54298,0.18178,Nuit avec éclairage non allumé,En agglomération,Intersection en X,Pluie forte,Autre collision,,,,,,,,,,,4,2,2,3,6.0
201600033584,0016-12-31 09:35:00,16,12,31,9,35,760,351,"50, R DE VERDUN",49.50129,0.14889,Plein jour,En agglomération,Hors intersection,Normale,Autre collision,,,,,,,,,,,1,2,1,1,6.0
201600033585,0016-11-30 08:55:00,16,11,30,8,55,760,351,"126, BD CLEMENCEAU",49.48984,0.09763,Plein jour,En agglomération,Hors intersection,Normale,Autre collision,,,,,,,,,,,1,2,1,1,6.0
201600033586,0016-01-04 08:38:00,16,1,4,8,38,760,351,"267, R DE VERDUN",49.50251,0.16846,Plein jour,En agglomération,Hors intersection,Normale,Sans collision,,,,,,,,,,,1,2,1,1,7.0
201600033587,0016-01-09 00:55:00,16,1,9,0,55,760,305,RTE INDUSTRIELLE,49.48664,0.20982,Nuit avec éclairage allumé,Hors agglomération,Hors intersection,Normale,Deux véhicules - arrière,,,,,,,,,,,5,1,1,1,2.0
201600033588,0016-01-09 06:55:00,16,1,9,6,55,760,351,"70, QU FRISSARD",49.49094,0.12978,Nuit avec éclairage allumé,En agglomération,Hors intersection,Normale,Deux véhicules - frontale,,,,,,,,,,,5,2,1,1,1.0
201600033589,0016-01-11 08:30:00,16,1,11,8,30,760,351,R HENRI LABBAY,49.51734,0.09734,Nuit avec éclairage allumé,En agglomération,Intersection en T,Pluie légère,Autre collision,,,,,,,,,,,5,2,3,2,6.0
201600033590,0016-01-14 20:45:00,16,1,14,20,45,760,351,R FERNAND CHATEL,49.51932,0.10907,Nuit avec éclairage allumé,En agglomération,Intersection en X,Normale,Deux véhicules - côté,,,,,,,,,,,5,2,2,1,3.0
201600033591,0016-01-16 18:05:00,16,1,16,18,5,760,270,PL SAINT VALERY,49.53655,0.14582,Nuit avec éclairage allumé,En agglomération,Intersection en T,Normale,Autre collision,,,,,,,,,,,5,2,3,1,6.0
201600033592,0016-01-15 13:30:00,16,1,15,13,30,760,351,"79, R DE LA CAVEE VERTE",49.50316,0.106,Plein jour,En agglomération,Intersection en T,Normale,Deux véhicules - côté,,,,,,,,,,,1,2,3,1,3.0
201600033593,0016-01-19 12:20:00,16,1,19,12,20,760,351,"17, JULES VERNE",49.50801,0.1281,Plein jour,En agglomération,Intersection en T,Normale,Deux véhicules - arrière,,,,,,,,,,,1,2,3,1,2.0
201600033594,0016-01-20 23:35:00,16,1,20,23,35,760,305,,49.51228,0.21676,Nuit avec éclairage allumé,Hors agglomération,Hors intersection,Normale,Sans collision,,,,,,,,,,,5,1,1,1,7.0
201600033595,0016-01-20 13:45:00,16,1,20,13,45,760,351,"502, R IRENE JOLIOT CURI",49.52889,0.10334,Plein jour,En agglomération,Hors intersection,Normale,Autre collision,,,,,,,,,,,1,2,1,1,6.0
201600033596,0016-01-22 07:50:00,16,1,22,7,50,760,351,"34, R DE LA CAVEE VERTE",49.50417,0.1096,Crépuscule ou aube,En agglomération,Hors intersection,Pluie légère,Deux véhicules - arrière,,,,,,,,,,,2,2,1,2,2.0
201600033597,0016-01-22 19:50:00,16,1,22,19,50,760,351,CRS LAFAYETTE,49.49193,0.12481,Nuit avec éclairage allumé,En agglomération,Hors intersection,Normale,Autre collision,,,,,,,,,,,5,2,1,1,6.0
201600033598,0016-01-25 18:30:00,16,1,25,18,30,760,351,"108, R ANATOLE FRANCE",49.49584,0.11901,Nuit avec éclairage allumé,En agglomération,Intersection en X,Normale,Deux véhicules - côté,,,,,,,,,,,5,2,2,1,3.0
201600033599,0016-01-26 09:00:00,16,1,26,9,0,760,351,"37, R ADRIENNE LECOUVREU",49.51817,0.11172,Plein jour,En agglomération,Hors intersection,Normale,Trois véhicules et plus - collisions multiples,,,,,,,,,,,1,2,1,1,5.0
201600033600,0016-01-29 12:15:00,16,1,29,12,15,760,351,"76, R FREDERIC BELLENGER",49.49542,0.09954,Plein jour,En agglomération,Intersection en X,Normale,Autre collision,,,,,,,,,,,1,2,2,1,6.0
201600033601,0016-01-31 12:00:00,16,1,31,12,0,760,351,AV LUCIEN CORBEAUX,49.47958,0.11992,Plein jour,En agglomération,Hors intersection,Normale,Sans collision,,,,,,,,,,,1,2,1,1,7.0
201600033602,0016-01-28 17:50:00,16,1,28,17,50,760,351,"227, R ARISTIDE BRIAND",49.5001,0.13255,Plein jour,En agglomération,Intersection en T,Normale,Deux véhicules - côté,,,,,,,,,,,1,2,3,1,3.0
201600033603,0016-01-27 19:10:00,16,1,27,19,10,760,351,"68, R D INGOUVILLE",49.49874,0.10712,Nuit avec éclairage allumé,En agglomération,Intersection en X,Pluie forte,Deux véhicules - frontale,,,,,,,,,,,5,2,2,3,1.0
201600033604,0016-01-30 16:50:00,16,1,30,16,50,760,351,"28, R DES MARTYRS",49.51468,0.10739,Plein jour,En agglomération,Hors intersection,Normale,Sans collision,,,,,,,,,,,1,2,1,1,7.0
201600033605,0016-02-01 17:10:00,16,2,1,17,10,760,351,"243, R FELIX FAURE",49.50053,0.10788,Plein jour,En agglomération,Hors intersection,Pluie légère,Deux véhicules - côté,,,,,,,,,,,1,2,1,2,3.0
201600033606,0016-02-04 18:25:00,16,2,4,18,25,760,351,"337, R DE VERDUN",49.50245,0.17249,Nuit avec éclairage allumé,En agglomération,Intersection en X,Normale,Autre collision,,,,,,,,,,,5,2,2,1,6.0
201600033607,0016-02-03 13:15:00,16,2,3,13,15,760,351,"13, CRS DE LA REPUBLIQUE",49.49275,0.12424,Plein jour,En agglomération,Intersection en T,Pluie légère,Deux véhicules - arrière,,,,,,,,,,,1,2,3,2,2.0
201600033608,0016-02-07 02:45:00,16,2,7,2,45,760,351,AV JEAN JAURES,49.49832,0.14834,Nuit avec éclairage allumé,En agglomération,Intersection en T,Pluie légère,Deux véhicules - frontale,,,,,,,,,,,5,2,3,2,1.0
201600033609,0016-02-06 04:45:00,16,2,6,4,45,760,351,BD DE LENINGRAD,49.49902,0.1609,Nuit avec éclairage allumé,Hors agglomération,Hors intersection,Normale,Deux véhicules - côté,,,,,,,,,,,5,1,1,1,3.0
201600033610,0016-02-10 13:30:00,16,2,10,13,30,760,351,"46, R MASSILLON",49.4988,0.13727,Plein jour,En agglomération,Intersection en X,Pluie forte,Deux véhicules - côté,,,,,,,,,,,1,2,2,3,3.0
201600033611,0016-02-14 14:00:00,16,2,14,14,0,760,351,"39, R BOULARD",49.51596,0.12493,Plein jour,En agglomération,Intersection en Y,Normale,Deux véhicules - frontale,,,,,,,,,,,1,2,4,1,1.0
201600033612,0016-02-13 05:45:00,16,2,13,5,45,760,351,"26, CRS DE LA REPUBLIQUE",49.49247,0.12417,Nuit avec éclairage allumé,En agglomération,Intersection en X,Pluie légère,Autre collision,,,,,,,,,,,5,2,2,2,6.0
201600033613,0016-02-14 03:50:00,16,2,14,3,50,760,351,"7, R DE LA BOUTEILLERIE",49.52202,0.16345,Nuit avec éclairage allumé,En agglomération,Hors intersection,Normale,Autre collision,,,,,,,,,,,5,2,1,1,6.0
201600033614,0016-02-15 16:20:00,16,2,15,16,20,760,351,"87, R DES GOBELINS",49.49833,0.1053,Plein jour,En agglomération,Intersection en T,Normale,Autre collision,,,,,,,,,,,1,2,3,1,6.0
201600033615,0016-02-11 16:25:00,16,2,11,16,25,760,351,R CASIMIR PERIER,49.4933,0.11207,Plein jour,En agglomération,Intersection en X,Normale,Trois véhicules et plus - collisions multiples,,,,,,,,,,,1,2,2,1,5.0
201600033616,0016-02-12 13:45:00,16,2,12,13,45,760,270,,49.53069,0.14339,Plein jour,Hors agglomération,Hors intersection,Pluie légère,Deux véhicules - côté,,,,,,,,,,,1,1,1,2,3.0
201600033617,0016-02-16 08:20:00,16,2,16,8,20,760,305,"2,R FREDERIC JOLIOT CURI",49.50641,0.23877,Plein jour,En agglomération,Intersection en T,Normale,Sans collision,,,,,,,,,,,1,2,3,1,7.0
201600033618,0016-02-19 16:25:00,16,2,19,16,25,760,481,,49.5529,0.11144,Plein jour,Hors agglomération,Hors intersection,Normale,Deux véhicules - frontale,,,,,,,,,,,1,1,1,1,1.0
201600033619,0016-02-23 19:10:00,16,2,23,19,10,760,447,,49.53511,0.19725,Nuit sans éclairage public,Hors agglomération,Hors intersection,Normale,Autre collision,,,,,,,,,,,3,1,1,1,6.0
201600033620,0016-02-23 13:35:00,16,2,23,13,35,760,351,R DEMIDOFF,49.49727,0.12909,Plein jour,En agglomération,Hors intersection,Normale,Deux véhicules - frontale,,,,,,,,,,,1,2,1,1,1.0
201600033621,0016-02-23 17:05:00,16,2,23,17,5,760,351,"35, R DE LA VALLEE",49.49363,0.15144,Plein jour,En agglomération,Hors intersection,Normale,Autre collision,,,,,,,,,,,1,2,1,1,6.0
201600033622,0016-02-22 18:45:00,16,2,22,18,45,760,351,R DE BELFORT,49.51104,0.11993,Nuit avec éclairage allumé,En agglomération,Intersection en X,Pluie légère,Autre collision,,,,,,,,,,,5,2,2,2,6.0
201600033623,0016-02-24 21:10:00,16,2,24,21,10,760,351,"88bis, R MARECHAL JOFFRE",49.49963,0.12293,Nuit avec éclairage allumé,En agglomération,Intersection en X,Normale,Autre collision,,,,,,,,,,,5,2,2,1,6.0
201600033624,0016-02-25 10:45:00,16,2,25,10,45,760,351,,49.50174,0.19322,Plein jour,Hors agglomération,Intersection en X,Normale,Trois véhicules et plus - collisions multiples,,,,,,,,,,,1,1,2,1,5.0
201600033625,0016-02-25 06:35:00,16,2,25,6,35,760,351,"2, AV LEO LAGRANGE",49.50178,0.16261,Nuit avec éclairage allumé,En agglomération,Giratoire,Normale,Autre collision,,,,,,,,,,,5,2,6,1,6.0
201600033626,0016-03-01 23:10:00,16,3,1,23,10,760,351,"44, AV PABLO PICASSO",49.50263,0.15289,Nuit avec éclairage allumé,En agglomération,Intersection en T,Normale,Autre collision,,,,,,,,,,,5,2,3,1,6.0
201600033627,0016-03-04 14:00:00,16,3,4,14,0,760,351,,49.50148,0.19285,Plein jour,Hors agglomération,Hors intersection,Normale,Deux véhicules - arrière,,,,,,,,,,,1,1,1,1,2.0
201600033628,0016-03-01 07:45:00,16,3,1,7,45,760,351,"34, R DEMIDOFF",49.49742,0.13263,Plein jour,En agglomération,Intersection en T,Normale,Deux véhicules - côté,,,,,,,,,,,1,2,3,1,3.0
201600033629,0016-03-05 06:00:00,16,3,5,6,0,760,351,"13, R DES MAGASINS GENER",49.49181,0.13455,Nuit avec éclairage allumé,En agglomération,Hors intersection,Normale,Autre collision,,,,,,,,,,,5,2,1,1,6.0
201600033630,0016-03-06 15:25:00,16,3,6,15,25,760,305,RTE INDUSTRIELLE,49.4866,0.20639,Plein jour,Hors agglomération,Hors intersection,Normale,Autre collision,,,,,,,,,,,1,1,1,1,6.0
201600033631,0016-03-11 08:50:00,16,3,11,8,50,760,351,"114, BD ALBERT 1ER",49.50068,0.08849,Plein jour,En agglomération,Hors intersection,Normale,Autre collision,,,,,,,,,,,1,2,1,1,6.0
201600033632,0016-03-12 05:29:00,16,3,12,5,29,760,270,,49.53068,0.1431,Nuit sans éclairage public,Hors agglomération,Hors intersection,Brouillard / fumée,Sans collision,,,,,,,,,,,3,1,1,5,7.0