accident_id,datetime,annee,mois,jour,heure,minute,departement,commune_insee,adresse,latitude,longitude,luminosite,agglomeration,intersection,meteo,collision,nb_vehicules,nb_usagers,nb_indemnes,nb_tues,nb_blesses_hosp,nb_blesses_legers,age_cond_1,age_cond_2,veh_type_cond_1,veh_type_cond_2,lum_code,agg_code,int_code,atm_code,col_code
201600033633,0016-03-14 17:10:00,16,3,14,17,10,760,351,"26, R ANATOLE FRANCE",49.49486,0.11119,Plein jour,En agglomération,Intersection en X,Normale,Deux véhicules - côté,,,,,,,,,,,1,2,2,1,3.0
201600033634,0016-03-15 17:40:00,16,3,15,17,40,760,447,"2, R DU CHAMP DE FOIRE",49.54804,0.19164,Plein jour,En agglomération,Intersection en X,Normale,Autre collision,,,,,,,,,,,1,2,2,1,6.0
201600033635,0016-03-20 19:10:00,16,3,20,19,10,760,351,"302, AV DU BOIS AU COQ",49.51333,0.12466,Nuit avec éclairage allumé,Hors agglomération,Hors intersection,Normale,Sans collision,,,,,,,,,,,5,1,1,1,7.0
201600033636,0016-03-19 11:35:00,16,3,19,11,35,760,351,RD147A,49.52949,0.10697,Plein jour,En agglomération,Intersection en X,Normale,Deux véhicules - arrière,,,,,,,,,,,1,2,2,1,2.0
201600033637,0016-03-25 17:35:00,16,3,25,17,35,760,351,"466, AV DU BOIS AU COQ",49.51988,0.11514,Plein jour,En agglomération,Hors intersection,Normale,Trois véhicules et plus - en chaîne,,,,,,,,,,,1,2,1,1,4.0
201600033638,0016-03-27 06:20:00,16,3,27,6,20,760,351,"15, R DES MAGASINS GENER",49.49193,0.1349,Nuit sans éclairage public,En agglomération,Hors intersection,Normale,Autre collision,,,,,,,,,,,3,2,1,1,6.0
201600033639,0016-03-25 18:00:00,16,3,25,18,0,760,351,R FERRER,49.48902,0.13964,Plein jour,En agglomération,Intersection en X,Normale,Deux véhicules - côté,,,,,,,,,,,1,2,2,1,3.0
201600033640,0016-03-27 21:00:00,16,3,27,21,0,760,351,R COCHET,49.50095,0.09099,Crépuscule ou aube,En agglomération,Intersection en T,Normale,Sans collision,,,,,,,,,,,2,2,3,1,7.0
201600033641,0016-03-31 18:20:00,16,3,31,18,20,760,447,CRS SAINTE CROIX,49.54333,0.19257,Plein jour,En agglomération,Intersection en X,Normale,Autre collision,,,,,,,,,,,1,2,2,1,6.0
201600033642,0016-04-03 06:50:00,16,4,3,6,50,760,447,,49.56458,0.15852,Crépuscule ou aube,Hors agglomération,Hors intersection,Brouillard / fumée,Sans collision,,,,,,,,,,,2,1,1,5,7.0
201600033643,0016-04-02 15:50:00,16,4,2,15,50,760,481,"9, CHE DU FOND DES VALLE",49.5373,0.11218,Plein jour,Hors agglomération,Hors intersection,Pluie légère,Autre collision,,,,,,,,,,,1,1,1,2,6.0
201600033644,0016-04-04 19:50:00,16,4,4,19,50,760,481,,49.5328,0.11252,Nuit sans éclairage public,Hors agglomération,Hors intersection,Normale,Autre collision,,,,,,,,,,,3,1,1,1,6.0
201600033645,0016-04-05 11:30:00,16,4,5,11,30,760,351,"125, AV RENE COTY",49.49851,0.11786,Plein jour,En agglomération,Intersection en X,Normale,Autre collision,,,,,,,,,,,1,2,2,1,6.0
201600033646,0016-04-09 22:50:00,16,4,9,22,50,760,351,"292, BD JULES DURAND",49.49404,0.1741,Nuit avec éclairage allumé,En agglomération,Hors intersection,Normale,Autre collision,,,,,,,,,,,5,2,1,1,6.0
201600033647,0016-04-11 06:50:00,16,4,11,6,50,760,341,CHE DES VALLEES,49.51736,0.19176,Crépuscule ou aube,Hors agglomération,Hors intersection,Pluie légère,Autre collision,,,,,,,,,,,2,1,1,2,6.0
201600033648,0016-04-15 17:20:00,16,4,15,17,20,760,351,"267, R ARISTIDE BRIAND",49.5003,0.13558,Plein jour,En agglomération,Intersection en T,Normale,Autre collision,,,,,,,,,,,1,2,3,1,6.0
201600033649,0016-04-20 10:50:00,16,4,20,10,50,760,351,"168, R DE VERDUN",49.50222,0.15999,Plein jour,En agglomération,Hors intersection,Normale,Autre collision,,,,,,,,,,,1,2,1,1,6.0
201600033650,0016-04-21 11:25:00,16,4,21,11,25,760,351,,49.52517,0.1598,Plein jour,Hors agglomération,Hors intersection,Normale,Sans collision,,,,,,,,,,,1,1,1,1,7.0
201600033651,0016-04-23 19:50:00,16,4,23,19,50,760,351,"1, PL GEORGES VAVASSEUR",49.51069,0.11016,Plein jour,En agglomération,Intersection en T,Normale,Autre collision,,,,,,,,,,,1,2,3,1,6.0
201600033652,0016-04-25 13:35:00,16,4,25,13,35,760,351,"70, AV DU GENERAL DE GAU",49.52231,0.15726,Plein jour,En agglomération,Intersection en T,Normale,Sans collision,,,,,,,,,,,1,2,3,1,7.0
201600033653,0016-04-25 13:20:00,16,4,25,13,20,760,351,CRS DE LA REPUBLIQUE,49.49988,0.1298,Plein jour,En agglomération,Intersection en X,Normale,Autre collision,,,,,,,,,,,1,2,2,1,6.0
201600033654,0016-04-29 01:10:00,16,4,29,1,10,760,351,BD WINSTON CHURCHILL,49.49412,0.13863,Nuit avec éclairage allumé,En agglomération,Intersection en X,Normale,Autre collision,,,,,,,,,,,5,2,2,1,6.0
201600033655,0016-04-27 15:45:00,16,4,27,15,45,760,351,CRS LAFAYETTE,49.49162,0.12567,Plein jour,En agglomération,Hors intersection,Normale,Deux véhicules - arrière,,,,,,,,,,,1,2,1,1,2.0
201600033656,0016-04-29 15:00:00,16,4,29,15,0,760,351,"106, CRS DE LA REPUBLIQU",49.49744,0.12784,Plein jour,En agglomération,Hors intersection,Pluie légère,Sans collision,,,,,,,,,,,1,2,1,2,7.0
201600033657,0016-05-02 11:10:00,16,5,2,11,10,760,351,R GEORGES LAFAURIE,49.5002,0.1108,Plein jour,En agglomération,Hors intersection,Normale,Autre collision,,,,,,,,,,,1,2,1,1,6.0
201600033658,0016-05-02 16:30:00,16,5,2,16,30,760,351,AV DU HUIT MAI 1945,49.51554,0.17187,Plein jour,En agglomération,Intersection en X,Normale,Deux véhicules - côté,,,,,,,,,,,1,2,2,1,3.0
201600033659,0016-05-04 07:10:00,16,5,4,7,10,760,351,AV JEAN JAURES,49.50101,0.18087,Plein jour,En agglomération,Intersection en T,Normale,Autre collision,,,,,,,,,,,1,2,3,1,6.0
201600033660,0016-05-04 18:15:00,16,5,4,18,15,760,447,"30, R MEDERIC DESCHAMPS",49.54547,0.18676,Plein jour,En agglomération,Hors intersection,Normale,Autre collision,,,,,,,,,,,1,2,1,1,6.0
201600033661,0016-05-04 16:50:00,16,5,4,16,50,760,351,GENERAL DE GAULLE,49.52208,0.15731,Plein jour,En agglomération,Intersection en T,Normale,Autre collision,,,,,,,,,,,1,2,3,1,6.0
201600033662,0016-05-04 14:40:00,16,5,4,14,40,760,351,"382, R PIERRE MENDES FRA",49.51557,0.15478,Plein jour,En agglomération,Intersection en T,Normale,Autre collision,,,,,,,,,,,1,2,3,1,6.0
201600033663,0016-05-09 22:36:00,16,5,9,22,36,760,351,CHS LAMANDE,49.48729,0.11599,Nuit avec éclairage allumé,En agglomération,Hors intersection,Normale,Deux véhicules - frontale,,,,,,,,,,,5,2,1,1,1.0
201600033664,0016-05-10 11:35:00,16,5,10,11,35,760,552,"20, R DES FERMES",49.51322,0.0773,Plein jour,En agglomération,Hors intersection,Normale,Sans collision,,,,,,,,,,,1,2,1,1,7.0
201600033665,0016-05-13 14:45:00,16,5,13,14,45,760,447,AV PIERRE MENDES FRANCE,49.53207,0.18019,Plein jour,En agglomération,Intersection en T,Normale,Deux véhicules - arrière,,,,,,,,,,,1,2,3,1,2.0
201600033666,0016-05-17 08:00:00,16,5,17,8,0,760,351,"57, BD JULES DURAND",49.48943,0.15457,Plein jour,En agglomération,Intersection en T,Normale,Deux véhicules - côté,,,,,,,,,,,1,2,3,1,3.0
201600033667,0016-05-14 18:55:00,16,5,14,18,55,760,351,"63, R DE VERDUN",49.50151,0.15109,Plein jour,En agglomération,Hors intersection,Normale,Deux véhicules - arrière,,,,,,,,,,,1,2,1,1,2.0
201600033668,0016-05-18 06:30:00,16,5,18,6,30,760,341,,49.52208,0.18589,Plein jour,Hors agglomération,Hors intersection,Normale,Trois véhicules et plus - collisions multiples,,,,,,,,,,,1,1,1,1,5.0
201600033669,0016-05-06 04:20:00,16,5,6,4,20,760,351,"84, R GUSTAVE NICOLLE",49.49192,0.14704,Nuit avec éclairage allumé,En agglomération,Hors intersection,Normale,Autre collision,,,,,,,,,,,5,2,1,1,6.0
201600033670,0016-05-17 11:57:00,16,5,17,11,57,760,351,"2, R D INGOUVILLE",49.49683,0.11027,Plein jour,En agglomération,Intersection en X,Normale,Autre collision,,,,,,,,,,,1,2,2,1,6.0
201600033671,0016-05-17 18:00:00,16,5,17,18,0,760,341,R DE LA LEZARDE,49.50215,0.20193,Plein jour,En agglomération,Intersection en X,Normale,Deux véhicules - côté,,,,,,,,,,,1,2,2,1,3.0
201600033672,0016-05-19 17:50:00,16,5,19,17,50,760,351,R PHILIPPE LEBON,49.49541,0.12942,Plein jour,En agglomération,Hors intersection,Normale,Sans collision,,,,,,,,,,,1,2,1,1,7.0
201600033673,0016-05-28 15:05:00,16,5,28,15,5,760,351,"15, AV DE LA RESISTANCE",49.49562,0.1079,Plein jour,En agglomération,Hors intersection,Normale,Autre collision,,,,,,,,,,,1,2,1,1,6.0
201600033674,0016-06-01 17:05:00,16,6,1,17,5,760,341,"51, R PAUL DOUMER",49.52078,0.19439,Plein jour,Hors agglomération,Hors intersection,Normale,Deux véhicules - frontale,,,,,,,,,,,1,1,1,1,1.0
201600033675,0016-06-03 23:25:00,16,6,3,23,25,760,351,"98, R JULES GUESDE",49.51033,0.11872,Nuit avec éclairage allumé,En agglomération,Hors intersection,Normale,Deux véhicules - frontale,,,,,,,,,,,5,2,1,1,1.0
201600033676,0016-06-05 18:15:00,16,6,5,18,15,760,351,R ANATOLE FRANCE,49.49607,0.12084,Plein jour,En agglomération,Intersection en X,Normale,Sans collision,,,,,,,,,,,1,2,2,1,7.0
201600033677,0016-06-03 20:00:00,16,6,3,20,0,760,351,"562, BD JULES DURAND",49.49896,0.18766,Plein jour,En agglomération,Hors intersection,Normale,Deux véhicules - côté,,,,,,,,,,,1,2,1,1,3.0
201600033678,0016-06-06 17:45:00,16,6,6,17,45,760,351,AV GENERAL FERRIE,49.50342,0.17958,Plein jour,En agglomération,Intersection en Y,Normale,Deux véhicules - arrière,,,,,,,,,,,1,2,4,1,2.0
201600033679,0016-06-12 12:00:00,16,6,12,12,0,760,351,R PIERRE LOTI,49.51116,0.15342,Plein jour,En agglomération,Intersection en X,Normale,Deux véhicules - côté,,,,,,,,,,,1,2,2,1,3.0
201600033680,0016-06-12 08:00:00,16,6,12,8,0,760,351,"130, CRS DE LA REPUBLIQU",49.49839,0.12853,Plein jour,En agglomération,Hors intersection,Normale,Deux véhicules - arrière,,,,,,,,,,,1,2,1,1,2.0
201600033681,0016-06-11 17:31:00,16,6,11,17,31,760,447,HOPITAL JACQUES MONOD,49.52802,0.18365,Plein jour,En agglomération,Hors intersection,Normale,Autre collision,,,,,,,,,,,1,2,1,1,6.0
201600033682,0016-06-15 16:20:00,16,6,15,16,20,760,447,R HENRI MATISSE,49.55067,0.17461,Plein jour,En agglomération,Intersection en Y,Normale,Deux véhicules - côté,,,,,,,,,,,1,2,4,1,3.0
201600033683,0016-06-18 03:30:00,16,6,18,3,30,760,552,"99, R DU BEAU PANORAMA",49.50699,0.07028,Nuit avec éclairage allumé,En agglomération,Hors intersection,Normale,Sans collision,,,,,,,,,,,5,2,1,1,7.0
201600033684,0016-06-17 20:00:00,16,6,17,20,0,760,351,"44, BD ALBERT 1ER",49.49744,0.09235,Plein jour,En agglomération,Hors intersection,Normale,Autre collision,,,,,,,,,,,1,2,1,1,6.0
201600033685,0016-06-16 16:55:00,16,6,16,16,55,760,351,"77, R JULES LECESNE",49.49331,0.11855,Plein jour,En agglomération,Intersection en X,Normale,Deux véhicules - côté,,,,,,,,,,,1,2,2,1,3.0
201600033686,0016-06-18 15:45:00,16,6,18,15,45,760,351,R LABEDOYERE,49.4967,0.1352,Plein jour,En agglomération,Hors intersection,Normale,Sans collision,,,,,,,,,,,1,2,1,1,7.0
201600033687,0016-06-17 07:50:00,16,6,17,7,50,760,351,"63, AV DU VAL AUX CORNE",49.50911,0.14676,Plein jour,En agglomération,Intersection en X,Normale,Autre collision,,,,,,,,,,,1,2,2,1,6.0
201600033688,0016-06-22 11:40:00,16,6,22,11,40,760,351,"12, R PAUL SOUDAY",49.49416,0.11651,Plein jour,En agglomération,Intersection en X,Normale,Deux véhicules - côté,,,,,,,,,,,1,2,2,1,3.0
201600033689,0016-06-24 14:20:00,16,6,24,14,20,760,351,QU BOUGAINVILLE,49.4605,0.19341,Plein jour,En agglomération,Hors intersection,Normale,Sans collision,,,,,,,,,,,1,2,1,1,7.0
201600033690,0016-06-25 01:50:00,16,6,25,1,50,760,351,"68, BD JULES DURAND",49.48957,0.15541,Nuit avec éclairage allumé,En agglomération,Hors intersection,Normale,Sans collision,,,,,,,,,,,5,2,1,1,7.0
201600033691,0016-06-20 08:15:00,16,6,20,8,15,760,351,BD DE GRAVILLE,49.49624,0.1469,Plein jour,En agglomération,Intersection en X,Normale,Deux véhicules - frontale,,,,,,,,,,,1,2,2,1,1.0
201600033692,0016-07-02 20:05:00,16,7,2,20,5,760,351,"17, R JEANNETTE",49.514,0.12644,Plein jour,En agglomération,Intersection en T,Normale,Deux véhicules - côté,,,,,,,,,,,1,2,3,1,3.0
201600033693,0016-07-10 14:45:00,16,7,10,14,45,760,351,"63, R DES GOBELINS",49.49731,0.10351,Plein jour,En agglomération,Intersection en T,Normale,Sans collision,,,,,,,,,,,1,2,3,1,7.0
201600033694,0016-07-15 00:50:00,16,7,15,0,50,760,351,"83, CRS DE LAREPUBLIQUE",49.49587,0.12667,Nuit avec éclairage allumé,En agglomération,Intersection en X,Normale,Autre collision,,,,,,,,,,,5,2,2,1,6.0
201600033695,0016-07-15 22:10:00,16,7,15,22,10,760,351,"14, R CHARLES ROMME",49.51438,0.17205,Nuit avec éclairage allumé,En agglomération,Hors intersection,Normale,Autre collision,,,,,,,,,,,5,2,1,1,6.0
201600033696,0016-07-17 19:20:00,16,7,17,19,20,760,351,AV AMIRAL DU CHILLOU,49.47659,0.17512,Plein jour,Hors agglomération,Hors intersection,Normale,Autre collision,,,,,,,,,,,1,1,1,1,6.0
201600033697,0016-07-17 00:40:00,16,7,17,0,40,760,351,"16, R ANDRE VIMBERT",49.5217,0.15896,Nuit avec éclairage allumé,En agglomération,Intersection en X,Normale,Deux véhicules - arrière,,,,,,,,,,,5,2,2,1,2.0
201600033698,0016-07-18 20:00:00,16,7,18,20,0,760,351,"275, BD FRANCOIS 1ER",49.49515,0.09621,Plein jour,En agglomération,Intersection en T,Normale,Deux véhicules - côté,,,,,,,,,,,1,2,3,1,3.0
201600033699,0016-07-21 15:30:00,16,7,21,15,30,760,351,R JEANNE D'ARC,49.48547,0.1039,Plein jour,En agglomération,Intersection en X,Normale,Deux véhicules - frontale,,,,,,,,,,,1,2,2,1,1.0
201600033700,0016-07-22 16:35:00,16,7,22,16,35,760,447,AV DE LA BELLE ETOILE,49.55189,0.16891,Plein jour,Hors agglomération,Hors intersection,Normale,Autre collision,,,,,,,,,,,1,1,1,1,6.0
201600033701,0016-07-31 09:10:00,16,7,31,9,10,760,351,BD FRANCOIS 1ER,49.4935,0.0979,Plein jour,En agglomération,Intersection en X,Normale,Autre collision,,,,,,,,,,,1,2,2,1,6.0
201600033702,0016-06-09 17:10:00,16,6,9,17,10,760,351,"136, R DU TROIS CENT VIN",49.50411,0.12986,Plein jour,En agglomération,Hors intersection,Normale,Trois véhicules et plus - collisions multiples,,,,,,,,,,,1,2,1,1,5.0
201600033703,0016-08-02 08:05:00,16,8,2,8,5,760,447,AV PRESIDENT WILSON,49.53482,0.17857,Plein jour,En agglomération,Giratoire,Pluie légère,Deux véhicules - arrière,,,,,,,,,,,1,2,6,2,2.0
201600033704,0016-08-02 17:10:00,16,8,2,17,10,760,351,"10, R PIERRE FARCIS",49.51737,0.09701,Plein jour,En agglomération,Hors intersection,Pluie légère,Deux véhicules - frontale,,,,,,,,,,,1,2,1,2,1.0
201600033705,0016-08-04 23:55:00,16,8,4,23,55,760,351,"481, R DE VERDUN",49.50229,0.18283,Nuit avec éclairage allumé,En agglomération,Hors intersection,Normale,Trois véhicules et plus - collisions multiples,,,,,,,,,,,5,2,1,1,5.0
201600033706,0016-08-08 01:50:00,16,8,8,1,50,760,305,"9, RTE DE SAINT LAURENT",49.52226,0.21927,Nuit avec éclairage allumé,En agglomération,Intersection en T,Normale,Autre collision,,,,,,,,,,,5,2,3,1,6.0
201600033707,0016-08-08 19:05:00,16,8,8,19,5,760,351,AV D APLEMONT,49.5035,0.17958,Plein jour,En agglomération,Intersection en Y,Normale,Autre collision,,,,,,,,,,,1,2,4,1,6.0
201600033708,0016-08-05 19:55:00,16,8,5,19,55,760,351,"79, R GUSTAVE BRINDEAU",49.49243,0.13961,Plein jour,En agglomération,Intersection en X,Normale,Deux véhicules - côté,,,,,,,,,,,1,2,2,1,3.0
201600033709,0016-08-10 23:20:00,16,8,10,23,20,760,351,R FRANCOIS MAZELINE,49.49776,0.13746,Nuit avec éclairage allumé,En agglomération,Intersection en X,Normale,Deux véhicules - côté,,,,,,,,,,,5,2,2,1,3.0
201600033710,0016-08-11 20:25:00,16,8,11,20,25,760,351,BD CLEMENCEAU,49.48949,0.09775,Plein jour,En agglomération,Intersection en T,Normale,Autre collision,,,,,,,,,,,1,2,3,1,6.0
201600033711,0016-08-18 02:10:00,16,8,18,2,10,760,351,AV DU SEIZIEME PORT,49.48169,0.15432,Nuit avec éclairage allumé,Hors agglomération,Intersection en X,Pluie légère,Autre collision,,,,,,,,,,,5,1,2,2,6.0
201600033712,0016-08-19 02:28:00,16,8,19,2,28,760,270,R LOUIS LUMIERE,49.53066,0.14105,Nuit avec éclairage allumé,Hors agglomération,Hors intersection,Normale,Autre collision,,,,,,,,,,,5,1,1,1,6.0
201600033713,0016-08-19 15:00:00,16,8,19,15,0,760,351,R GUSTAVE LENNIER,49.4892,0.10815,Plein jour,En agglomération,Intersection en X,Pluie légère,Deux véhicules - côté,,,,,,,,,,,1,2,2,2,3.0
201600033714,0016-08-23 00:15:00,16,8,23,0,15,760,351,R DU VORNIER,49.51091,0.12023,Nuit avec éclairage allumé,En agglomération,Intersection en X,Normale,Deux véhicules - côté,,,,,,,,,,,5,2,2,1,3.0
201600033715,0016-08-22 18:55:00,16,8,22,18,55,760,305,"21, RTE D'ORCHER",49.50351,0.21323,Plein jour,En agglomération,Hors intersection,Normale,Deux véhicules - frontale,,,,,,,,,,,1,2,1,1,1.0
201600033716,0016-08-24 08:15:00,16,8,24,8,15,760,351,R ANDREI SAKHAROV,49.50476,0.1687,Plein jour,En agglomération,Intersection en X,Normale,Deux véhicules - côté,,,,,,,,,,,1,2,2,1,3.0
201600033717,0016-08-18 10:00:00,16,8,18,10,0,760,351,"3, R ROMAIN ROLLAND",49.50571,0.1013,Plein jour,En agglomération,Giratoire,Normale,Autre collision,,,,,,,,,,,1,2,6,1,6.0
201600033718,0016-08-28 12:00:00,16,8,28,12,0,760,552,R VACQUERIE,49.50455,0.08581,Plein jour,En agglomération,Intersection en T,Normale,Deux véhicules - côté,,,,,,,,,,,1,2,3,1,3.0
201600033719,0016-08-27 19:50:00,16,8,27,19,50,760,341,R DES CARAQUES,49.50517,0.20411,Plein jour,En agglomération,Intersection en X,Normale,Deux véhicules - frontale,,,,,,,,,,,1,2,2,1,1.0
201600033720,0016-08-30 11:30:00,16,8,30,11,30,760,351,BD JULES DURAND,49.49225,0.16741,Plein jour,Hors agglomération,Hors intersection,Normale,Deux véhicules - frontale,,,,,,,,,,,1,1,1,1,1.0
201600033721,0016-08-26 14:10:00,16,8,26,14,10,760,351,"228, R FELIX FAURE",49.50047,0.10687,Plein jour,En agglomération,Intersection en T,Normale,Deux véhicules - côté,,,,,,,,,,,1,2,3,1,3.0
201600033722,0016-08-29 18:40:00,16,8,29,18,40,760,481,,49.53132,0.10825,Plein jour,Hors agglomération,Giratoire,Normale,Deux véhicules - côté,,,,,,,,,,,1,1,6,1,3.0
201600033723,0016-09-02 11:20:00,16,9,2,11,20,760,552,R EDITH CAVELL,49.50749,0.08364,Plein jour,En agglomération,Intersection en Y,Normale,Autre collision,,,,,,,,,,,1,2,4,1,6.0
201600033724,0016-09-02 08:05:00,16,9,2,8,5,760,447,"44, PL FRANCOIS MITTERRA",49.54511,0.19175,Plein jour,En agglomération,Hors intersection,Normale,Autre collision,,,,,,,,,,,1,2,1,1,6.0
201600033725,0016-09-03 00:20:00,16,9,3,0,20,760,341,"NEANT, ARMES (PLACE)",49.50471,0.20038,Nuit avec éclairage allumé,En agglomération,Hors intersection,Normale,Autre collision,,,,,,,,,,,5,2,1,1,6.0
201600033726,0016-09-02 15:10:00,16,9,2,15,10,760,351,R GEORGES LAFAURIE,49.50015,0.11075,Plein jour,En agglomération,Hors intersection,Normale,Sans collision,,,,,,,,,,,1,2,1,1,7.0
201600033727,0016-09-04 21:30:00,16,9,4,21,30,760,481,RTE DE LA CHENAIE,49.5301,0.10348,Nuit avec éclairage allumé,Hors agglomération,Giratoire,Normale,Autre collision,,,,,,,,,,,5,1,6,1,6.0
201600033728,0016-09-04 21:40:00,16,9,4,21,40,760,270,,49.53119,0.14205,Nuit sans éclairage public,Hors agglomération,Hors intersection,Normale,Autre collision,,,,,,,,,,,3,1,1,1,6.0
201600033729,0016-09-05 15:05:00,16,9,5,15,5,760,351,AV DU GRAND HAMEAU,49.52429,0.09686,Plein jour,En agglomération,Intersection en X,Normale,Deux véhicules - côté,,,,,,,,,,,1,2,2,1,3.0
201600033730,0016-09-08 13:45:00,16,9,8,13,45,760,481,RD 6382,49.53166,0.1035,Plein jour,Hors agglomération,Giratoire,Normale,Deux véhicules - arrière,,,,,,,,,,,1,1,6,1,2.0
201600033731,0016-09-10 09:15:00,16,9,10,9,15,760,351,CHE RURAL 1 ROUELLE,49.52474,0.16795,Plein jour,Hors agglomération,Hors intersection,Normale,Autre collision,,,,,,,,,,,1,1,1,1,6.0
201600033732,0016-09-09 08:35:00,16,9,9,8,35,760,351,"32, R DE LA VALLEE",49.49317,0.15138,Plein jour,En agglomération,Intersection en T,Normale,Autre collision,,,,,,,,,,,1,2,3,1,6.0
201600033733,0016-09-10 10:00:00,16,9,10,10,0,760,305,RTE INDUSTRIELLE,49.48683,0.20973,Plein jour,Hors agglomération,Hors intersection,Normale,Autre collision,,,,,,,,,,,1,1,1,1,6.0
201600033734,0016-09-12 07:21:00,16,9,12,7,21,760,351,R PIERRE MENDES FRANCE,49.50978,0.14219,Plein jour,En agglomération,Hors intersection,Normale,Autre collision,,,,,,,,,,,1,2,1,1,6.0
201600033735,0016-09-09 14:05:00,16,9,9,14,5,760,351,"96, R AVIATEUR GUERIN",49.4886,0.13444,Plein jour,En agglomération,Intersection en T,Normale,Autre collision,,,,,,,,,,,1,2,3,1,6.0
201600033736,0016-09-10 04:30:00,16,9,10,4,30,760,305,,49.4991,0.20517,Nuit avec éclairage allumé,Hors agglomération,Hors intersection,Normale,Deux véhicules - frontale,,,,,,,,,,,5,1,1,1,1.0
201600033737,0016-09-13 13:35:00,16,9,13,13,35,760,351,R PIERRE MENDES FRANCE,49.51655,0.15612,Plein jour,En agglomération,Intersection en X,Normale,Deux véhicules - côté,,,,,,,,,,,1,2,2,1,3.0
201600033738,0016-09-01 13:40:00,16,9,1,13,40,760,351,"403, R ARISTIDE BRIAND",49.50086,0.14437,Plein jour,En agglomération,Intersection en X,Normale,Deux véhicules - côté,,,,,,,,,,,1,2,2,1,3.0
201600033739,0016-09-15 12:25:00,16,9,15,12,25,760,351,RD 6382 G,49.51793,0.19223,Plein jour,Hors agglomération,Hors intersection,Normale,Autre collision,,,,,,,,,,,1,1,1,1,6.0
201600033740,0016-09-15 17:20:00,16,9,15,17,20,760,341,R PAUL DOUMER,49.51897,0.19375,Plein jour,En agglomération,Intersection en Y,Normale,Trois véhicules et plus - collisions multiples,,,,,,,,,,,1,2,4,1,5.0
201600033741,0016-09-18 04:25:00,16,9,18,4,25,760,351,QU COLBERT,49.49149,0.12585,Nuit avec éclairage allumé,En agglomération,Intersection en Y,Normale,Autre collision,,,,,,,,,,,5,2,4,1,6.0
201600033742,0016-09-19 22:24:00,16,9,19,22,24,760,341,R DU CALVAIRE,49.5077,0.20473,Nuit avec éclairage allumé,En agglomération,Hors intersection,Pluie légère,Sans collision,,,,,,,,,,,5,2,1,2,7.0
201600033743,0016-09-17 18:55:00,16,9,17,18,55,760,351,"114, R MARCEAU",49.49134,0.13303,Plein jour,En agglomération,Giratoire,Pluie légère,Autre collision,,,,,,,,,,,1,2,6,2,6.0
201600033744,0016-09-21 10:50:00,16,9,21,10,50,760,552,R DU CARROUSSEL,49.51378,0.07588,Plein jour,En agglomération,Intersection en Y,Normale,Deux véhicules - côté,,,,,,,,,,,1,2,4,1,3.0
201600033745,0016-10-01 18:00:00,16,10,1,18,0,760,351,"8 bis, R MADAME LAFAYETT",49.49514,0.11019,Plein jour,En agglomération,Hors intersection,Normale,Autre collision,,,,,,,,,,,1,2,1,1,6.0
201600033746,0016-10-04 18:38:00,16,10,4,18,38,760,305,RTE INDUSTRIELLE,49.48777,0.2011,Plein jour,Hors agglomération,Hors intersection,Normale,Autre collision,,,,,,,,,,,1,1,1,1,6.0
201600033747,0016-10-04 20:30:00,16,10,4,20,30,760,351,"173, AV JEAN JAURES",49.50003,0.16016,Nuit avec éclairage allumé,En agglomération,Hors intersection,Normale,Autre collision,,,,,,,,,,,5,2,1,1,6.0
201600033748,0016-10-04 16:20:00,16,10,4,16,20,760,305,,49.51684,0.20742,Plein jour,Hors agglomération,Hors intersection,Normale,Deux véhicules - frontale,,,,,,,,,,,1,1,1,1,1.0
201600033749,0016-10-04 13:15:00,16,10,4,13,15,760,351,"NEANT, SAINTE ADRESSE (D",49.5011,0.09016,Plein jour,En agglomération,Hors intersection,Normale,Deux véhicules - arrière,,,,,,,,,,,1,2,1,1,2.0
201600033750,0016-10-06 18:45:00,16,10,6,18,45,760,351,BD DE LENINGRAD,49.50009,0.17169,Plein jour,Hors agglomération,Intersection en T,Normale,Deux véhicules - côté,,,,,,,,,,,1,1,3,1,3.0
201600033751,0016-10-08 07:10:00,16,10,8,7,10,760,351,R ANDREI SAKHAROV,49.50477,0.16875,Nuit avec éclairage allumé,En agglomération,Intersection en X,Normale,Deux véhicules - côté,,,,,,,,,,,5,2,2,1,3.0
201600033752,0016-10-13 16:10:00,16,10,13,16,10,760,351,"2, R GUSTAVE NICOLLE",49.49024,0.14217,Plein jour,En agglomération,Intersection en X,Normale,Autre collision,,,,,,,,,,,1,2,2,1,6.0
201600033753,0016-10-14 19:10:00,16,10,14,19,10,760,351,QU COLBERT,49.49235,0.12989,Crépuscule ou aube,En agglomération,Intersection en T,Normale,Deux véhicules - côté,,,,,,,,,,,2,2,3,1,3.0
201600033754,0016-10-24 16:18:00,16,10,24,16,18,760,351,"126, BD ALBERT 1ER",49.50113,0.08798,Plein jour,En agglomération,Hors intersection,Normale,Deux véhicules - arrière,,,,,,,,,,,1,2,1,1,2.0
201600033755,0016-10-27 18:00:00,16,10,27,18,0,760,351,"36, BD ALBERT 1ER",49.49658,0.09322,Plein jour,En agglomération,Hors intersection,Normale,Autre collision,,,,,,,,,,,1,2,1,1,6.0
201600033756,0016-10-30 11:20:00,16,10,30,11,20,760,447,,49.54308,0.22299,Plein jour,Hors agglomération,Hors intersection,Normale,Sans collision,,,,,,,,,,,1,1,1,1,7.0