accident_id,datetime,annee,mois,jour,heure,minute,departement,commune_insee,adresse,latitude,longitude,luminosite,agglomeration,intersection,meteo,collision,nb_vehicules,nb_usagers,nb_indemnes,nb_tues,nb_blesses_hosp,nb_blesses_legers,age_cond_1,age_cond_2,veh_type_cond_1,veh_type_cond_2,lum_code,agg_code,int_code,atm_code,col_code
201600033878,0016-05-20 19:25:00,16,5,20,19,25,760,231,"2, R DEVE",49.28389,1.01236,Plein jour,En agglomération,Intersection en X,Normale,Deux véhicules - côté,,,,,,,,,,,1,2,2,1,3.0
201600033879,0016-05-22 03:15:00,16,5,22,3,15,760,561,R MARECHAL LECLERC,49.30119,1.01213,Nuit avec éclairage allumé,En agglomération,Intersection en X,Pluie légère,Deux véhicules - côté,,,,,,,,,,,5,2,2,2,3.0
201600033880,0016-05-12 18:00:00,16,5,12,18,0,760,540,QU GASTON BOULET,49.44214,1.07854,Plein jour,En agglomération,Hors intersection,Pluie légère,Autre collision,,,,,,,,,,,1,2,1,2,6.0
201600033881,0016-05-13 17:10:00,16,5,13,17,10,760,451,"13, R DU PRESIDENT KENNE",49.46361,1.08549,Plein jour,En agglomération,Hors intersection,Normale,Trois véhicules et plus - collisions multiples,,,,,,,,,,,1,2,1,1,5.0
201600033882,0016-05-10 17:40:00,16,5,10,17,40,760,322,,49.40707,1.03674,Plein jour,Hors agglomération,Hors intersection,Normale,Deux véhicules - arrière,,,,,,,,,,,1,1,1,1,2.0
201600033883,0016-05-10 19:35:00,16,5,10,19,35,760,429,"81, RTE DE PARIS",49.41068,1.14126,Plein jour,En agglomération,Hors intersection,Pluie forte,Deux véhicules - frontale,,,,,,,,,,,1,2,1,3,1.0
201600033884,0016-05-13 11:30:00,16,5,13,11,30,760,540,QU DU HAVRE,49.44083,1.08263,Plein jour,En agglomération,Hors intersection,Normale,Trois véhicules et plus - en chaîne,,,,,,,,,,,1,2,1,1,4.0
201600033885,0016-04-30 18:30:00,16,4,30,18,30,760,540,PONT BOIELDIEU,49.43773,1.0916,Plein jour,En agglomération,Hors intersection,Normale,Autre collision,,,,,,,,,,,1,2,1,1,6.0
201600033886,0016-05-29 10:15:00,16,5,29,10,15,760,705,"2, R JEAN BAPTISTE CLEME",49.32763,1.07447,Plein jour,En agglomération,Hors intersection,Normale,Deux véhicules - arrière,,,,,,,,,,,1,2,1,1,2.0
201600033887,0016-05-22 14:00:00,16,5,22,14,0,760,366,R DU 11 NOVEMBRE,49.52234,1.03455,Plein jour,Hors agglomération,Hors intersection,Pluie légère,Deux véhicules - frontale,,,,,,,,,,,1,1,1,2,1.0
201600033888,0016-06-01 01:20:00,16,6,1,1,20,760,681,BD INDUSTRIE,49.42147,1.10661,Nuit avec éclairage allumé,En agglomération,Intersection en X,Pluie légère,Deux véhicules - côté,,,,,,,,,,,5,2,2,2,3.0
201600033889,0016-05-30 16:20:00,16,5,30,16,20,760,410,"16, R DU 8 MAI 1945",49.477,1.03664,Plein jour,En agglomération,Hors intersection,Normale,Autre collision,,,,,,,,,,,1,2,1,1,6.0
201600033890,0016-05-25 08:35:00,16,5,25,8,35,760,540,"6, R FRANCOIS COUPERIN",49.44743,1.1402,Plein jour,En agglomération,Intersection en T,Normale,Autre collision,,,,,,,,,,,1,2,3,1,6.0
201600033891,0016-05-27 22:45:00,16,5,27,22,45,760,540,"43, R SAINT VIVIEN",49.44218,1.10483,Nuit avec éclairage allumé,En agglomération,Hors intersection,Normale,Deux véhicules - arrière,,,,,,,,,,,5,2,1,1,2.0
201600033892,0016-05-28 18:20:00,16,5,28,18,20,760,540,"20, BD DE LA MARNE",49.44718,1.09341,Plein jour,En agglomération,Intersection à plus de 4 branches,Pluie forte,Autre collision,,,,,,,,,,,1,2,5,3,6.0
201600033893,0016-05-25 11:30:00,16,5,25,11,30,760,322,"75, R DE LA REPUBLIQUE",49.42064,1.04243,Plein jour,En agglomération,Hors intersection,Normale,Autre collision,,,,,,,,,,,1,2,1,1,6.0
201600033894,0016-05-20 07:50:00,16,5,20,7,50,760,322,,49.40298,1.0337,Plein jour,Hors agglomération,Hors intersection,Normale,Deux véhicules - arrière,,,,,,,,,,,1,1,1,1,2.0
201600033895,0016-06-06 03:40:00,16,6,6,3,40,760,540,AV DE LA GRAND MARE,49.46106,1.13258,Nuit avec éclairage allumé,En agglomération,Hors intersection,Normale,Autre collision,,,,,,,,,,,5,2,1,1,6.0
201600033896,0016-06-08 16:30:00,16,6,8,16,30,760,319,"1, R DE LA FORET",49.34811,1.02108,Plein jour,En agglomération,Hors intersection,Normale,Autre collision,,,,,,,,,,,1,2,1,1,6.0
201600033897,0016-06-11 07:02:00,16,6,11,7,2,760,540,"121, AV DES MARTYRS DE L",49.42106,1.07924,Plein jour,En agglomération,Intersection en X,Normale,Autre collision,,,,,,,,,,,1,2,2,1,6.0
201600033898,0016-06-12 17:25:00,16,6,12,17,25,760,540,AV DE LA GRAND MARE,49.4433,1.13031,Plein jour,En agglomération,Hors intersection,Pluie forte,Autre collision,,,,,,,,,,,1,2,1,3,6.0
201600033899,0016-06-10 08:50:00,16,6,10,8,50,760,540,PONT GUILLAUME LE CONQUE,49.44,1.08091,Plein jour,En agglomération,Hors intersection,Normale,Trois véhicules et plus - en chaîne,,,,,,,,,,,1,2,1,1,4.0
201600033900,0016-06-01 13:00:00,16,6,1,13,0,760,540,"55, R JEANNE D'ARC",49.44396,1.09173,Plein jour,En agglomération,Intersection en X,Normale,Autre collision,,,,,,,,,,,1,2,2,1,6.0
201600033901,0016-05-31 09:25:00,16,5,31,9,25,760,575,"21, AV OLIVIER GOUBERT",49.38097,1.10538,Plein jour,En agglomération,Intersection en X,Normale,Trois véhicules et plus - collisions multiples,,,,,,,,,,,1,2,2,1,5.0
201600033902,0016-06-16 17:00:00,16,6,16,17,0,760,540,BD DE L EUROPE,49.4322,1.07895,Plein jour,En agglomération,Intersection en X,Normale,Deux véhicules - arrière,,,,,,,,,,,1,2,2,1,2.0
201600033903,0016-06-22 18:20:00,16,6,22,18,20,760,681,"102, R PIERRE CORNEILLE",49.42072,1.09337,Plein jour,En agglomération,Hors intersection,Normale,Deux véhicules - arrière,,,,,,,,,,,1,2,1,1,2.0
201600033904,0016-06-21 07:15:00,16,6,21,7,15,760,640,R AUX SAULNIERS,49.28344,1.03821,Plein jour,En agglomération,Intersection en X,Pluie forte,Deux véhicules - frontale,,,,,,,,,,,1,2,2,3,1.0
201600033905,0016-06-17 17:35:00,16,6,17,17,35,760,212,"29, RTE DE ROUEN",49.43998,1.14243,Plein jour,En agglomération,Hors intersection,Normale,Autre collision,,,,,,,,,,,1,2,1,1,6.0
201600033906,0016-06-26 21:48:00,16,6,26,21,48,760,540,"14, R HENRI WALLON",49.44377,1.12254,Crépuscule ou aube,En agglomération,Intersection en X,Normale,Deux véhicules - côté,,,,,,,,,,,2,2,2,1,3.0
201600033907,0016-05-23 22:25:00,16,5,23,22,25,760,540,"01, YSER. BOULEVARD DE L",49.44843,1.09959,Nuit avec éclairage allumé,En agglomération,Intersection à plus de 4 branches,Normale,Autre collision,,,,,,,,,,,5,2,5,1,6.0
201600033908,0016-05-30 05:10:00,16,5,30,5,10,760,540,R DE FLORENCE,49.44379,1.08772,Nuit avec éclairage allumé,En agglomération,Intersection en T,Normale,Autre collision,,,,,,,,,,,5,2,3,1,6.0
201600033909,0016-05-31 18:15:00,16,5,31,18,15,760,366,R DE FRESQUIENNES,49.51042,1.03289,Plein jour,En agglomération,Hors intersection,Normale,Deux véhicules - frontale,,,,,,,,,,,1,2,1,1,1.0
201600033910,0016-06-18 16:40:00,16,6,18,16,40,760,212,R DU DOCTEUR ROUX,49.44325,1.14873,Plein jour,En agglomération,Intersection en T,Normale,Deux véhicules - côté,,,,,,,,,,,1,2,3,1,3.0
201600033911,0016-06-29 06:15:00,16,6,29,6,15,760,429,"115,RTE DE PARIS",49.41351,1.13736,Plein jour,En agglomération,Hors intersection,Normale,Deux véhicules - côté,,,,,,,,,,,1,2,1,1,3.0
201600033912,0016-06-02 16:55:00,16,6,2,16,55,760,484,,49.34653,1.07733,Plein jour,Hors agglomération,Hors intersection,Normale,Deux véhicules - arrière,,,,,,,,,,,1,1,1,1,2.0
201600033913,0016-06-28 22:35:00,16,6,28,22,35,760,540,AV ARISTIDE BRIAND,49.43535,1.10353,Nuit avec éclairage allumé,En agglomération,Hors intersection,Normale,Autre collision,,,,,,,,,,,5,2,1,1,6.0
201600033914,0016-04-30 19:44:00,16,4,30,19,44,760,575,"10, R DANIEL SORANO",49.39714,1.0672,Plein jour,En agglomération,Hors intersection,Normale,Autre collision,,,,,,,,,,,1,2,1,1,6.0
201600033915,0016-07-08 10:40:00,16,7,8,10,40,760,561,"30, R MARECHAL LECLERC",49.30243,1.01377,Plein jour,En agglomération,Hors intersection,Normale,Autre collision,,,,,,,,,,,1,2,1,1,6.0
201600033916,0016-07-08 10:00:00,16,7,8,10,0,760,540,"45, BD DES BELGES",49.44319,1.08479,Plein jour,En agglomération,Hors intersection,Normale,Deux véhicules - arrière,,,,,,,,,,,1,2,1,1,2.0
201600033917,0016-07-09 19:00:00,16,7,9,19,0,760,575,BD LENINE,49.38619,1.11008,Plein jour,En agglomération,Hors intersection,Normale,Autre collision,,,,,,,,,,,1,2,1,1,6.0
201600033918,0016-07-11 05:00:00,16,7,11,5,0,760,540,"23, AV JEAN RONDEAUX",49.43461,1.07644,Nuit avec éclairage allumé,En agglomération,Intersection en X,Normale,Deux véhicules - côté,,,,,,,,,,,5,2,2,1,3.0
201600033919,0016-07-19 08:00:00,16,7,19,8,0,760,108,RTE DE NEUFCHATEL,49.46985,1.11999,Plein jour,En agglomération,Intersection en X,Normale,Deux véhicules - côté,,,,,,,,,,,1,2,2,1,3.0
201600033920,0016-07-24 17:40:00,16,7,24,17,40,760,540,"1, R GALILEE",49.4543,1.1388,Plein jour,En agglomération,Intersection en X,Normale,Deux véhicules - côté,,,,,,,,,,,1,2,2,1,3.0
201600033921,0016-05-04 12:45:00,16,5,4,12,45,760,575,BD LENINE,49.37935,1.11097,Plein jour,En agglomération,Hors intersection,Normale,Autre collision,,,,,,,,,,,1,2,1,1,6.0
201600033922,0016-06-13 08:30:00,16,6,13,8,30,760,540,"3, R D'ELBEUF",49.43066,1.08621,Plein jour,En agglomération,Hors intersection,Normale,Autre collision,,,,,,,,,,,1,2,1,1,6.0
201600033923,0016-06-15 08:35:00,16,6,15,8,35,760,575,R DU JURA,49.39452,1.07157,Plein jour,En agglomération,Hors intersection,Normale,Autre collision,,,,,,,,,,,1,2,1,1,6.0
201600033924,0016-06-27 14:00:00,16,6,27,14,0,760,540,"23, R JEAN LECANUET",49.444,1.09551,Plein jour,En agglomération,Hors intersection,Normale,Deux véhicules - côté,,,,,,,,,,,1,2,1,1,3.0
201600033925,0016-06-28 12:20:00,16,6,28,12,20,760,540,"18, AV ARISTIDE BRIAND",49.43608,1.10136,Plein jour,En agglomération,Hors intersection,Normale,Deux véhicules - arrière,,,,,,,,,,,1,2,1,1,2.0
201600033926,0016-08-02 07:15:00,16,8,2,7,15,760,682,"159, R DU VILLAGE",49.32049,1.13367,Plein jour,En agglomération,Hors intersection,Pluie légère,Trois véhicules et plus - collisions multiples,,,,,,,,,,,1,2,1,2,5.0
201600033927,0016-11-25 10:00:00,16,11,25,10,0,760,157,,49.46451,1.03904,Plein jour,Hors agglomération,Hors intersection,Normale,Deux véhicules - arrière,,,,,,,,,,,1,1,1,1,2.0
201600033928,0016-07-25 15:10:00,16,7,25,15,10,760,540,"117, RTE DU HAVRE",49.45279,1.05657,Plein jour,En agglomération,Intersection en X,Normale,Deux véhicules - côté,,,,,,,,,,,1,2,2,1,3.0
201600033929,0016-07-09 18:10:00,16,7,9,18,10,760,498,"41, AV JEAN JAURES",49.42764,1.06737,Plein jour,En agglomération,Hors intersection,Normale,Autre collision,,,,,,,,,,,1,2,1,1,6.0
201600033930,0016-07-02 02:40:00,16,7,2,2,40,760,681,"38, GR DE QUATRE-MARES",49.40271,1.10329,Nuit avec éclairage allumé,En agglomération,Hors intersection,Normale,Autre collision,,,,,,,,,,,5,2,1,1,6.0
201600033931,0016-07-11 15:50:00,16,7,11,15,50,760,366,R DU GENERAL DE GAULLE,49.51086,1.03891,Plein jour,En agglomération,Hors intersection,Normale,Autre collision,,,,,,,,,,,1,2,1,1,6.0
201600033932,0016-06-13 19:00:00,16,6,13,19,0,760,540,"1, GRAND MARE. AVENUE DE",49.44343,1.13159,Plein jour,En agglomération,Hors intersection,Normale,Deux véhicules - frontale,,,,,,,,,,,1,2,1,1,1.0
201600033933,0016-05-11 16:30:00,16,5,11,16,30,760,322,BD PIERRE BROSSOLETTE,49.41569,1.04259,Plein jour,En agglomération,Giratoire,Normale,Autre collision,,,,,,,,,,,1,2,6,1,6.0
201600033934,0016-05-27 20:50:00,16,5,27,20,50,760,410,RTE DE DUCLAIR,49.47377,1.02949,Plein jour,En agglomération,Giratoire,Normale,Autre collision,,,,,,,,,,,1,2,6,1,6.0
201600033935,0016-07-08 17:55:00,16,7,8,17,55,760,540,"114, R JEANNE D'ARC",49.44765,1.09402,Plein jour,En agglomération,Hors intersection,Normale,Deux véhicules - arrière,,,,,,,,,,,1,2,1,1,2.0
201600033936,0016-05-30 13:10:00,16,5,30,13,10,760,575,,49.38014,1.06344,Plein jour,Hors agglomération,Hors intersection,Normale,Deux véhicules - arrière,,,,,,,,,,,1,1,1,1,2.0
201600033937,0016-06-04 12:10:00,16,6,4,12,10,760,498,"1, R DU GENERAL FOY",49.42332,1.0616,Plein jour,En agglomération,Giratoire,Normale,Autre collision,,,,,,,,,,,1,2,6,1,6.0
201600033938,0016-06-07 06:40:00,16,6,7,6,40,760,540,BD DE L EUROPE,49.42707,1.0835,Plein jour,En agglomération,Intersection en X,Normale,Deux véhicules - côté,,,,,,,,,,,1,2,2,1,3.0
201600033939,0016-06-09 17:00:00,16,6,9,17,0,760,540,"180, R SAINT JULIEN",49.4256,1.07371,Plein jour,En agglomération,Intersection en X,Normale,Autre collision,,,,,,,,,,,1,2,2,1,6.0
201600033940,0016-06-24 00:25:00,16,6,24,0,25,760,498,"86, BD DU 11 NOVEMBRE",49.41684,1.07021,Nuit avec éclairage allumé,En agglomération,Intersection en X,Normale,Deux véhicules - arrière,,,,,,,,,,,5,2,2,1,2.0
201600033941,0016-08-02 14:20:00,16,8,2,14,20,760,108,"3780, RTE DE NEUFCHATEL",49.47368,1.12416,Plein jour,En agglomération,Hors intersection,Normale,Autre collision,,,,,,,,,,,1,2,1,1,6.0
201600033942,0016-08-07 03:01:00,16,8,7,3,1,760,540,RTE DE LYONS LA FORET,49.43589,1.13433,Nuit avec éclairage allumé,En agglomération,Intersection en X,Normale,Deux véhicules - côté,,,,,,,,,,,5,2,2,1,3.0
201600033943,0016-07-29 15:40:00,16,7,29,15,40,760,157,"44, R GASTON BOULET",49.45377,1.05163,Plein jour,En agglomération,Hors intersection,Normale,Autre collision,,,,,,,,,,,1,2,1,1,6.0
201600033944,0016-08-02 12:20:00,16,8,2,12,20,760,212,,49.45711,1.14411,Plein jour,En agglomération,Hors intersection,Pluie légère,Deux véhicules - côté,,,,,,,,,,,1,2,1,2,3.0
201600033945,0016-08-22 11:00:00,16,8,22,11,0,760,540,AV DU GRAND COURS,49.42554,1.10581,Plein jour,Hors agglomération,Hors intersection,Normale,Autre collision,,,,,,,,,,,1,1,1,1,6.0
201600033946,0016-08-19 23:55:00,16,8,19,23,55,760,540,PONT MATHILDE,49.43008,1.10094,Nuit avec éclairage allumé,Hors agglomération,Intersection en Y,Normale,Autre collision,,,,,,,,,,,5,1,4,1,6.0
201600033947,0016-08-03 16:00:00,16,8,3,16,0,760,681,BD INDUSTRIEL,49.40288,1.11072,Plein jour,En agglomération,Intersection en T,Normale,Deux véhicules - côté,,,,,,,,,,,1,2,3,1,3.0
201600033948,0016-08-09 20:00:00,16,8,9,20,0,760,319,"8, AV JEAN JAURES",49.35572,1.0063,Plein jour,En agglomération,Hors intersection,Normale,Autre collision,,,,,,,,,,,1,2,1,1,6.0
201600033949,0016-08-20 20:25:00,16,8,20,20,25,760,540,"199, R DU RENARD",49.45122,1.07033,Plein jour,En agglomération,Intersection en T,Normale,Autre collision,,,,,,,,,,,1,2,3,1,6.0
201600033950,0016-08-08 17:30:00,16,8,8,17,30,760,157,CENTRE CIAL BAPEAUME,49.45802,1.0448,Plein jour,En agglomération,Hors intersection,Normale,Autre collision,,,,,,,,,,,1,2,1,1,6.0
201600033951,0016-08-22 18:30:00,16,8,22,18,30,760,681,"181, R PIERRE CORNEILLE",49.41826,1.0971,Plein jour,En agglomération,Intersection en X,Normale,Autre collision,,,,,,,,,,,1,2,2,1,6.0
201600033952,0016-07-27 18:30:00,16,7,27,18,30,760,484,"38, AV DE L'AMITIE",49.35441,1.09436,Plein jour,En agglomération,Intersection en X,Normale,Deux véhicules - côté,,,,,,,,,,,1,2,2,1,3.0
201600033953,0016-08-07 16:30:00,16,8,7,16,30,760,540,QU DE LA BOURSE,49.43857,1.09028,Plein jour,En agglomération,Hors intersection,Normale,Autre collision,,,,,,,,,,,1,2,1,1,6.0
201600033954,0016-08-23 09:30:00,16,8,23,9,30,760,498,BD DU 11 NOVEMBRE,49.42281,1.06719,Plein jour,En agglomération,Intersection en X,Normale,Deux véhicules - côté,,,,,,,,,,,1,2,2,1,3.0
201600033955,0016-08-12 17:45:00,16,8,12,17,45,760,540,R JEAN PHILIPPE RAMEAU,49.44841,1.14213,Plein jour,En agglomération,Intersection en T,Normale,Deux véhicules - côté,,,,,,,,,,,1,2,3,1,3.0
201600033956,0016-07-25 18:35:00,16,7,25,18,35,760,451,"28, R JACQUES BOUTROLLE",49.46225,1.06994,Plein jour,En agglomération,Intersection en T,Normale,Autre collision,,,,,,,,,,,1,2,3,1,6.0
201600033957,0016-08-26 23:25:00,16,8,26,23,25,760,575,BD LENINE,49.38103,1.11002,Nuit avec éclairage allumé,Hors agglomération,Intersection en X,Normale,Autre collision,,,,,,,,,,,5,1,2,1,6.0
201600033958,0016-08-29 09:05:00,16,8,29,9,5,760,212,BD DE LA PAIX,49.44415,1.15309,Plein jour,En agglomération,Hors intersection,Normale,Deux véhicules - frontale,,,,,,,,,,,1,2,1,1,1.0
201600033959,0016-07-18 19:20:00,16,7,18,19,20,760,681,"46, AV DU 14 JUILLET",49.40685,1.09491,Plein jour,En agglomération,Hors intersection,Normale,Deux véhicules - frontale,,,,,,,,,,,1,2,1,1,1.0
201600033960,0016-07-22 23:00:00,16,7,22,23,0,760,540,R JEAN TEXCIER,49.45247,1.12005,Nuit avec éclairage allumé,En agglomération,Intersection en X,Normale,Deux véhicules - côté,,,,,,,,,,,5,2,2,1,3.0
201600033961,0016-08-30 15:40:00,16,8,30,15,40,760,575,"89, R LEON GAMBETTA",49.38087,1.10643,Plein jour,En agglomération,Intersection en X,Normale,Autre collision,,,,,,,,,,,1,2,2,1,6.0
201600033962,0016-07-25 18:37:00,16,7,25,18,37,760,540,"50, RTE DU HAVRE",49.45053,1.05931,Plein jour,En agglomération,Intersection en X,Normale,Autre collision,,,,,,,,,,,1,2,2,1,6.0
201600033963,0016-07-23 01:30:00,16,7,23,1,30,760,540,"72, R D'ELBEUF",49.42587,1.08268,Nuit avec éclairage allumé,En agglomération,Intersection en X,Normale,Autre collision,,,,,,,,,,,5,2,2,1,6.0
201600033964,0016-09-02 12:20:00,16,9,2,12,20,760,540,"2, R SAINT SEVER",49.43528,1.08992,Plein jour,En agglomération,Hors intersection,Normale,Autre collision,,,,,,,,,,,1,2,1,1,6.0
201600033965,0016-07-18 15:25:00,16,7,18,15,25,760,322,BD DE STALINGRAD,49.41981,1.02475,Plein jour,En agglomération,Intersection en X,Normale,Deux véhicules - frontale,,,,,,,,,,,1,2,2,1,1.0
201600033966,0016-09-05 12:50:00,16,9,5,12,50,760,402,"43, RTE DE DIEPPE",49.51982,1.03848,Plein jour,En agglomération,Hors intersection,Pluie légère,Autre collision,,,,,,,,,,,1,2,1,2,6.0
201600033967,0016-09-06 16:15:00,16,9,6,16,15,760,322,AV DES CANADIENS,49.39855,1.06263,Plein jour,En agglomération,Intersection en Y,Normale,Autre collision,,,,,,,,,,,1,2,4,1,6.0
201600033968,0016-09-07 20:40:00,16,9,7,20,40,760,497,,49.37877,1.04846,Nuit sans éclairage public,En agglomération,Hors intersection,Normale,Autre collision,,,,,,,,,,,3,2,1,1,6.0
201600033969,0016-09-10 08:10:00,16,9,10,8,10,760,540,"49, BD DES BELGES",49.44364,1.08497,Plein jour,En agglomération,Intersection en T,Normale,Deux véhicules - arrière,,,,,,,,,,,1,2,3,1,2.0
201600033970,0016-08-25 12:00:00,16,8,25,12,0,760,212,"1,PL FOCH",49.4405,1.14538,Plein jour,En agglomération,Intersection en T,Normale,Autre collision,,,,,,,,,,,1,2,3,1,6.0
201600033971,0016-08-30 10:50:00,16,8,30,10,50,760,681,BD INDUSTRIEL,49.41005,1.10877,Plein jour,Hors agglomération,Hors intersection,Normale,Deux véhicules - arrière,,,,,,,,,,,1,1,1,1,2.0
201600033972,0016-09-12 21:15:00,16,9,12,21,15,760,540,"39, R STANISLAS GIRARDIN",49.44648,1.08257,Nuit avec éclairage allumé,En agglomération,Hors intersection,Normale,Autre collision,,,,,,,,,,,5,2,1,1,6.0
201600033973,0016-09-12 18:40:00,16,9,12,18,40,760,540,QU GASTON BOULET,49.44104,1.08155,Plein jour,En agglomération,Hors intersection,Normale,Trois véhicules et plus - en chaîne,,,,,,,,,,,1,2,1,1,4.0
201600033974,0016-09-12 17:25:00,16,9,12,17,25,760,540,"31, RTE DE LYONS LA FORE",49.43681,1.12082,Plein jour,En agglomération,Intersection en T,Normale,Autre collision,,,,,,,,,,,1,2,3,1,6.0
201600033975,0016-09-06 21:10:00,16,9,6,21,10,760,540,R BOURBAKI,49.43644,1.06445,Nuit avec éclairage allumé,En agglomération,Intersection en X,Normale,Deux véhicules - frontale,,,,,,,,,,,5,2,2,1,1.0
201600033976,0016-09-07 08:50:00,16,9,7,8,50,760,231,R AUGUSTIN HENRI,49.29079,1.0082,Plein jour,En agglomération,Intersection en X,Normale,Deux véhicules - côté,,,,,,,,,,,1,2,2,1,3.0
201600033977,0016-09-10 22:40:00,16,9,10,22,40,760,231,"1, CRS CARNOT",49.28712,1.01879,Nuit avec éclairage allumé,En agglomération,Intersection en X,Normale,Deux véhicules - côté,,,,,,,,,,,5,2,2,1,3.0
201600033978,0016-09-14 22:47:00,16,9,14,22,47,760,540,QU GASTON BOULET,49.44218,1.07815,Nuit avec éclairage allumé,En agglomération,Intersection en Y,Normale,Autre collision,,,,,,,,,,,5,2,4,1,6.0
201600033979,0016-08-05 06:20:00,16,8,5,6,20,760,540,AV JACQUES CARTIER,49.43568,1.08677,Plein jour,En agglomération,Hors intersection,Normale,Autre collision,,,,,,,,,,,1,2,1,1,6.0
201600033980,0016-07-24 21:30:00,16,7,24,21,30,760,540,QU D'ELBEUF,49.43494,1.09439,Plein jour,En agglomération,Hors intersection,Normale,Autre collision,,,,,,,,,,,1,2,1,1,6.0
201600033981,0016-12-02 22:35:00,16,12,2,22,35,760,540,,49.43466,1.07149,Nuit avec éclairage allumé,En agglomération,Giratoire,Normale,Deux véhicules - côté,,,,,,,,,,,5,2,6,1,3.0
201600033982,0016-09-20 07:25:00,16,9,20,7,25,760,178,R DULCIE SEPTEMBER,49.3144,1.03552,Plein jour,En agglomération,Intersection en X,Normale,Deux véhicules - côté,,,,,,,,,,,1,2,2,1,3.0
201600033983,0016-09-15 10:00:00,16,9,15,10,0,760,681,"97, R DU MADRILLET",49.40729,1.07609,Plein jour,En agglomération,Hors intersection,Pluie légère,Autre collision,,,,,,,,,,,1,2,1,2,6.0
201600033984,0016-09-23 22:30:00,16,9,23,22,30,760,681,"48, R EUGENE TILLOY",49.40563,1.08754,Nuit avec éclairage allumé,En agglomération,Intersection en T,Normale,Deux véhicules - côté,,,,,,,,,,,5,2,3,1,3.0
201600033985,0016-09-19 12:35:00,16,9,19,12,35,760,498,"109, BD DU 11 NOVEMBRE",49.4143,1.07152,Plein jour,En agglomération,Intersection en T,Normale,Deux véhicules - côté,,,,,,,,,,,1,2,3,1,3.0
201600033986,0016-09-21 08:00:00,16,9,21,8,0,760,410,"48, R PAUL PAINLEVE",49.48564,1.04157,Plein jour,En agglomération,Intersection en T,Normale,Deux véhicules - côté,,,,,,,,,,,1,2,3,1,3.0
201600033987,0016-09-18 18:50:00,16,9,18,18,50,760,451,R THOMAS BECKET,49.46002,1.06883,Plein jour,En agglomération,Hors intersection,Normale,Sans collision,,,,,,,,,,,1,2,1,1,7.0
201600033988,0016-08-31 11:40:00,16,8,31,11,40,760,540,,49.45164,1.05635,Plein jour,Hors agglomération,Hors intersection,Normale,Deux véhicules - arrière,,,,,,,,,,,1,1,1,1,2.0
201600033989,0016-10-04 02:30:00,16,10,4,2,30,760,157,COTE DE CANTELEU,49.44904,1.0473,Nuit avec éclairage allumé,Hors agglomération,Hors intersection,Normale,Autre collision,,,,,,,,,,,5,1,1,1,6.0
201600033990,0016-10-04 17:10:00,16,10,4,17,10,760,540,"61, R LAFAYETTE",49.43287,1.09004,Plein jour,En agglomération,Hors intersection,Normale,Autre collision,,,,,,,,,,,1,2,1,1,6.0
201600033991,0016-09-20 23:55:00,16,9,20,23,55,760,540,"18, R DE LA CROIX D'YONV",49.45086,1.06637,Nuit avec éclairage allumé,En agglomération,Intersection en X,Normale,Deux véhicules - côté,,,,,,,,,,,5,2,2,1,3.0
201600033992,0016-09-07 12:20:00,16,9,7,12,20,760,410,R DU BOUT DU BOSC,49.48176,1.03478,Plein jour,En agglomération,Hors intersection,Normale,Deux véhicules - arrière,,,,,,,,,,,1,2,1,1,2.0
201600033993,0016-09-08 17:00:00,16,9,8,17,0,760,108,"3742, RTE DE NEUFCHATEL",49.47335,1.12376,Plein jour,En agglomération,Hors intersection,Normale,Autre collision,,,,,,,,,,,1,2,1,1,6.0
201600033994,0016-10-06 08:10:00,16,10,6,8,10,760,497,,49.38071,1.05091,Plein jour,Hors agglomération,Hors intersection,Normale,Trois véhicules et plus - en chaîne,,,,,,,,,,,1,1,1,1,4.0
201600033995,0016-09-14 09:50:00,16,9,14,9,50,760,540,"57, R DE LA REPUBLIQUE",49.44129,1.09794,Plein jour,En agglomération,Hors intersection,Normale,Autre collision,,,,,,,,,,,1,2,1,1,6.0
201600033996,0016-10-09 18:30:00,16,10,9,18,30,760,474,"9, R DU MOULIN A POUDRE",49.48497,1.04688,Plein jour,En agglomération,Hors intersection,Normale,Deux véhicules - frontale,,,,,,,,,,,1,2,1,1,1.0
201600033997,0016-10-06 11:20:00,16,10,6,11,20,760,540,"5, PL BERNARD TISSOT",49.44836,1.09389,Plein jour,En agglomération,Hors intersection,Normale,Autre collision,,,,,,,,,,,1,2,1,1,6.0
201600033998,0016-10-08 19:50:00,16,10,8,19,50,760,178,"303, R DE TOURVILLE",49.30611,1.02567,Nuit avec éclairage allumé,En agglomération,Intersection en X,Normale,Deux véhicules - côté,,,,,,,,,,,5,2,2,1,3.0
201600033999,0016-10-01 12:25:00,16,10,1,12,25,760,540,,49.43489,1.07207,Plein jour,Hors agglomération,Giratoire,Normale,Autre collision,,,,,,,,,,,1,1,6,1,6.0
201600034000,0016-10-03 11:15:00,16,10,3,11,15,760,497,R DE LA PIERRE D'ETAT,49.3882,1.02298,Plein jour,En agglomération,Intersection en X,Normale,Autre collision,,,,,,,,,,,1,2,2,1,6.0
201600034001,0016-10-12 14:00:00,16,10,12,14,0,760,498,"114, AV JEAN JAURES",49.42655,1.06208,Plein jour,En agglomération,Hors intersection,Normale,Autre collision,,,,,,,,,,,1,2,1,1,6.0