accident_id,datetime,annee,mois,jour,heure,minute,departement,commune_insee,adresse,latitude,longitude,luminosite,agglomeration,intersection,meteo,collision,nb_vehicules,nb_usagers,nb_indemnes,nb_tues,nb_blesses_hosp,nb_blesses_legers,age_cond_1,age_cond_2,veh_type_cond_1,veh_type_cond_2,lum_code,agg_code,int_code,atm_code,col_code
201600034002,0016-10-14 12:10:00,16,10,14,12,10,760,540,"153, BD DE L EUROPE",49.43224,1.07876,Plein jour,En agglomération,Intersection en X,Normale,Autre collision,,,,,,,,,,,1,2,2,1,6.0
201600034003,0016-10-14 22:15:00,16,10,14,22,15,760,540,"136, R SAINT JULIEN",49.42626,1.07511,Nuit avec éclairage allumé,En agglomération,Intersection en X,Normale,Deux véhicules - côté,,,,,,,,,,,5,2,2,1,3.0
201600034004,0016-10-15 06:05:00,16,10,15,6,5,760,157,,49.46449,1.03906,Nuit sans éclairage public,Hors agglomération,Hors intersection,Normale,Deux véhicules - arrière,,,,,,,,,,,3,1,1,1,2.0
201600034005,0016-10-20 17:00:00,16,10,20,17,0,760,497,,49.38012,1.04837,Plein jour,Hors agglomération,Hors intersection,Pluie forte,Autre collision,,,,,,,,,,,1,1,1,3,6.0
201600034006,0016-10-18 19:20:00,16,10,18,19,20,760,484,"46, R JEAN JACQUES ROUSS",49.34469,1.09497,Nuit avec éclairage allumé,En agglomération,Hors intersection,Pluie forte,Autre collision,,,,,,,,,,,5,2,1,3,6.0
201600034007,0016-10-21 04:50:00,16,10,21,4,50,760,540,QU DU HAVRE.,49.441,1.08224,Nuit avec éclairage allumé,En agglomération,Intersection en X,Normale,Autre collision,,,,,,,,,,,5,2,2,1,6.0
201600034008,0016-10-13 11:50:00,16,10,13,11,50,760,402,"444, COTE DE DIEPPE",49.52878,1.04109,Plein jour,En agglomération,Hors intersection,Normale,Autre collision,,,,,,,,,,,1,2,1,1,6.0
201600034009,0016-10-20 20:35:00,16,10,20,20,35,760,540,"1, AV JEAN RONDEAUX",49.43792,1.07928,Nuit avec éclairage allumé,En agglomération,Intersection en T,Normale,Deux véhicules - côté,,,,,,,,,,,5,2,3,1,3.0
201600034010,0016-10-25 20:05:00,16,10,25,20,5,760,540,BD DE LA MARNE,49.44727,1.09374,Nuit avec éclairage allumé,En agglomération,Intersection à plus de 4 branches,Normale,Deux véhicules - côté,,,,,,,,,,,5,2,5,1,3.0
201600034011,0016-11-01 09:50:00,16,11,1,9,50,760,540,"28, R DE BIHOREL",49.45004,1.10389,Plein jour,En agglomération,Intersection en X,Normale,Deux véhicules - côté,,,,,,,,,,,1,2,2,1,3.0
201600034012,0016-11-08 16:10:00,16,11,8,16,10,760,498,BD DU 11 NOVEMBRE,49.42285,1.06717,Plein jour,En agglomération,Intersection à plus de 4 branches,Normale,Deux véhicules - côté,,,,,,,,,,,1,2,5,1,3.0
201600034013,0016-11-03 14:20:00,16,11,3,14,20,760,681,"62, R LEDRU ROLLIN",49.42385,1.09376,Plein jour,En agglomération,Intersection en T,Normale,Deux véhicules - côté,,,,,,,,,,,1,2,3,1,3.0
201600034014,0016-11-06 00:05:00,16,11,6,0,5,760,681,R LEON SALVA,49.41063,1.07885,Nuit avec éclairage allumé,En agglomération,Intersection en X,Normale,Deux véhicules - arrière,,,,,,,,,,,5,2,2,1,2.0
201600034015,0016-11-09 19:25:00,16,11,9,19,25,760,681,"14, BD INDUSTRIEL",49.4198,1.10736,Plein jour,Hors agglomération,Hors intersection,Pluie forte,Deux véhicules - côté,,,,,,,,,,,1,1,1,3,3.0
201600034016,0016-11-07 07:40:00,16,11,7,7,40,760,540,QU DE BOISGUILBERT,49.44267,1.07647,Crépuscule ou aube,En agglomération,Hors intersection,Pluie légère,Deux véhicules - côté,,,,,,,,,,,2,2,1,2,3.0
201600034017,0016-11-15 09:00:00,16,11,15,9,0,760,681,R LEON SALVA,49.41073,1.07896,Plein jour,En agglomération,Intersection en X,Pluie légère,Autre collision,,,,,,,,,,,1,2,2,2,6.0
201600034018,0016-11-10 22:10:00,16,11,10,22,10,760,681,"1bis, R LEON SALVA",49.42048,1.09185,Nuit avec éclairage allumé,En agglomération,Intersection en X,Pluie légère,Trois véhicules et plus - en chaîne,,,,,,,,,,,5,2,2,2,4.0
201600034019,0016-11-11 16:20:00,16,11,11,16,20,760,540,BD FERDINAND DE LESSEPS,49.44487,1.06772,Plein jour,En agglomération,Intersection en T,Normale,Sans collision,,,,,,,,,,,1,2,3,1,7.0
201600034020,0016-11-17 19:30:00,16,11,17,19,30,760,216,"550, RTE DE DIEPPE",49.47674,1.04783,Nuit avec éclairage allumé,En agglomération,Hors intersection,Pluie légère,Trois véhicules et plus - en chaîne,,,,,,,,,,,5,2,1,2,4.0
201600034021,0016-11-07 15:25:00,16,11,7,15,25,760,540,QU JACQUES ANQUETIL,49.42994,1.09951,Plein jour,Hors agglomération,Hors intersection,Normale,Autre collision,,,,,,,,,,,1,1,1,1,6.0
201600034022,0016-11-14 09:40:00,16,11,14,9,40,760,540,,49.45444,1.05253,Plein jour,Hors agglomération,Hors intersection,Normale,Deux véhicules - côté,,,,,,,,,,,1,1,1,1,3.0
201600034023,0016-10-30 16:30:00,16,10,30,16,30,760,540,PONT GUISTAVE FLAUBERT,49.44202,1.06521,Plein jour,En agglomération,Hors intersection,Normale,Deux véhicules - arrière,,,,,,,,,,,1,2,1,1,2.0
201600034024,0016-11-18 21:40:00,16,11,18,21,40,760,157,AV DE BUCHHOLZ,49.4484,1.0304,Nuit avec éclairage allumé,En agglomération,Intersection en X,Normale,Deux véhicules - côté,,,,,,,,,,,5,2,2,1,3.0
201600034025,0016-11-18 04:40:00,16,11,18,4,40,760,540,"122, AV DU MONT RIBOUDET",49.44584,1.07205,Nuit avec éclairage allumé,En agglomération,Hors intersection,Pluie légère,Autre collision,,,,,,,,,,,5,2,1,2,6.0
201600034026,0016-11-02 10:00:00,16,11,2,10,0,760,540,"134, AV DU MONT RIBOUDET",49.44625,1.07113,Plein jour,En agglomération,Intersection en X,Normale,Autre collision,,,,,,,,,,,1,2,2,1,6.0
201600034027,0016-11-21 07:00:00,16,11,21,7,0,760,457,,49.34126,0.94898,Nuit sans éclairage public,Hors agglomération,Hors intersection,Pluie légère,Autre collision,,,,,,,,,,,3,1,1,2,6.0
201600034028,0016-11-07 00:30:00,16,11,7,0,30,760,157,COTE DE CANTELEU,49.44413,1.03999,Nuit sans éclairage public,Hors agglomération,Hors intersection,Pluie forte,Deux véhicules - frontale,,,,,,,,,,,3,1,1,3,1.0
201600034029,0016-11-21 11:30:00,16,11,21,11,30,760,681,R D'EAUPLET,49.42018,1.10187,Plein jour,En agglomération,Intersection en T,Pluie légère,Deux véhicules - côté,,,,,,,,,,,1,2,3,2,3.0
201600034030,0016-11-24 06:50:00,16,11,24,6,50,760,178,R DE TOURVILLE,49.30844,1.03684,Nuit sans éclairage public,En agglomération,Hors intersection,Normale,Autre collision,,,,,,,,,,,3,2,1,1,6.0
201600034031,0016-11-25 03:24:00,16,11,25,3,24,760,540,AV DU GRAND COURS,49.42528,1.10572,Nuit avec éclairage allumé,Hors agglomération,Hors intersection,Normale,Autre collision,,,,,,,,,,,5,1,1,1,6.0
201600034032,0016-11-22 16:30:00,16,11,22,16,30,760,216,"49, R RENE COTY",49.47005,1.05355,Plein jour,En agglomération,Hors intersection,Normale,Deux véhicules - frontale,,,,,,,,,,,1,2,1,1,1.0
201600034033,0016-11-27 19:52:00,16,11,27,19,52,760,231,"1, R DE LA REPUBLIQUE",49.29014,1.00289,Nuit avec éclairage allumé,En agglomération,Intersection en X,Normale,Autre collision,,,,,,,,,,,5,2,2,1,6.0
201600034034,0016-11-24 19:30:00,16,11,24,19,30,760,410,,49.4676,1.0311,Nuit avec éclairage allumé,En agglomération,Intersection en Y,Pluie forte,Deux véhicules - côté,,,,,,,,,,,5,2,4,3,3.0
201600034035,0016-11-25 12:30:00,16,11,25,12,30,760,322,BD DE VERDUN,49.41404,1.04522,Plein jour,En agglomération,Hors intersection,Normale,Deux véhicules - arrière,,,,,,,,,,,1,2,1,1,2.0
201600034036,0016-11-13 02:25:00,16,11,13,2,25,760,391,,49.34158,0.92828,Nuit avec éclairage allumé,Hors agglomération,Giratoire,Normale,Sans collision,,,,,,,,,,,5,1,6,1,7.0
201600034037,0016-12-03 19:49:00,16,12,3,19,49,760,231,"27, CRS CARNOT",49.28704,1.01498,Nuit avec éclairage allumé,En agglomération,Intersection en T,Normale,Deux véhicules - côté,,,,,,,,,,,5,2,3,1,3.0
201600034038,0016-12-03 15:30:00,16,12,3,15,30,760,484,AV DE L'AMITIE,49.3554,1.09521,Plein jour,En agglomération,Intersection en T,Normale,Autre collision,,,,,,,,,,,1,2,3,1,6.0
201600034039,0016-11-22 19:36:00,16,11,22,19,36,760,540,R DE LA CROIX D'YONVILLE,49.45085,1.06637,Nuit avec éclairage allumé,En agglomération,Intersection en X,Normale,Deux véhicules - côté,,,,,,,,,,,5,2,2,1,3.0
201600034040,0016-12-23 19:05:00,16,12,23,19,5,760,540,R BRISOUT DE BARNEVILLE,49.43427,1.08137,Nuit avec éclairage allumé,En agglomération,Hors intersection,Normale,Deux véhicules - arrière,,,,,,,,,,,5,2,1,1,2.0
201600034041,0016-12-11 15:20:00,16,12,11,15,20,760,540,"5, R ADRIEN PASQUIER",49.43974,1.10243,Plein jour,En agglomération,Intersection en X,Normale,Deux véhicules - côté,,,,,,,,,,,1,2,2,1,3.0
201600034042,0016-11-15 19:15:00,16,11,15,19,15,760,95,AV DES HAUTS GRIGNEUX,49.46705,1.13482,Nuit avec éclairage allumé,Hors agglomération,Giratoire,Normale,Autre collision,,,,,,,,,,,5,1,6,1,6.0
201600034043,0016-12-14 13:10:00,16,12,14,13,10,760,540,"43, R DE FONTENELLE",49.44411,1.08718,Plein jour,En agglomération,Intersection en T,Normale,Autre collision,,,,,,,,,,,1,2,3,1,6.0
201600034044,0016-12-19 02:45:00,16,12,19,2,45,760,157,COTE GUY DE MAUPASSANT,49.44521,1.04172,Nuit avec éclairage allumé,En agglomération,Intersection en T,Normale,Autre collision,,,,,,,,,,,5,2,3,1,6.0
201600034045,0016-12-16 17:35:00,16,12,16,17,35,760,322,,49.40307,1.03386,Nuit avec éclairage allumé,Hors agglomération,Intersection en Y,Normale,Deux véhicules - arrière,,,,,,,,,,,5,1,4,1,2.0
201600034046,0016-12-12 18:30:00,16,12,12,18,30,760,681,CH DE HALAGE,49.40917,1.11456,Nuit avec éclairage allumé,En agglomération,Intersection en X,Normale,Deux véhicules - côté,,,,,,,,,,,5,2,2,1,3.0
201600034047,0016-12-13 17:40:00,16,12,13,17,40,760,366,R ARISTIDE BRIAND,49.50918,1.03372,Nuit avec éclairage allumé,En agglomération,Intersection en T,Normale,Autre collision,,,,,,,,,,,5,2,3,1,6.0
201600034048,0016-12-19 15:10:00,16,12,19,15,10,760,165,R DE STRASBOURG,49.28749,1.0274,Plein jour,En agglomération,Intersection en X,Normale,Deux véhicules - arrière,,,,,,,,,,,1,2,2,1,2.0
201600034049,0016-12-13 15:20:00,16,12,13,15,20,760,540,,49.45226,1.0555,Plein jour,Hors agglomération,Hors intersection,Normale,Deux véhicules - côté,,,,,,,,,,,1,1,1,1,3.0
201600034050,0016-12-15 21:00:00,16,12,15,21,0,760,540,"7, R PIERRE CURIE",49.41924,1.07585,Nuit avec éclairage allumé,En agglomération,Intersection en X,Normale,Deux véhicules - côté,,,,,,,,,,,5,2,2,1,3.0
201600034051,0016-11-24 00:30:00,16,11,24,0,30,760,681,"261, R PIERRE CORNEILLE",49.41436,1.09838,Nuit avec éclairage allumé,En agglomération,Hors intersection,Normale,Autre collision,,,,,,,,,,,5,2,1,1,6.0
201600034052,0016-02-13 22:20:00,16,2,13,22,20,770,108,D934 PASSAGE SOUTERRAIN,48.87634,2.60369,Nuit avec éclairage allumé,En agglomération,Hors intersection,Pluie forte,Autre collision,,,,,,,,,,,5,2,1,3,6.0
201600034053,0016-01-26 08:45:00,16,1,26,8,45,770,108,GOURNAY (RUE DE),48.86693,2.5753,Plein jour,En agglomération,Hors intersection,Normale,Sans collision,,,,,,,,,,,1,2,1,1,7.0
201600034054,0016-03-14 10:50:00,16,3,14,10,50,770,108,D224 X D34A X R. BEL AIR,48.88676,2.58526,Plein jour,En agglomération,Giratoire,Normale,Autre collision,,,,,,,,,,,1,2,6,1,6.0
201600034055,0016-05-01 11:00:00,16,5,1,11,0,770,108,"30, AV. DES ABBESSES",48.87527,2.57869,Plein jour,En agglomération,Hors intersection,Normale,Autre collision,,,,,,,,,,,1,2,1,1,6.0
201600034056,0016-05-15 22:55:00,16,5,15,22,55,770,108,GENDARME CASTERMANT (AVE,48.87825,2.60795,Nuit avec éclairage allumé,En agglomération,Hors intersection,Normale,Deux véhicules - côté,,,,,,,,,,,5,2,1,1,3.0
201600034057,0016-05-14 13:10:00,16,5,14,13,10,770,108,RESISTANCE (AVENUE DE LA,48.87475,2.58206,Plein jour,En agglomération,Hors intersection,Normale,Autre collision,,,,,,,,,,,1,2,1,1,6.0
201600034058,0016-07-06 20:55:00,16,7,6,20,55,770,108,"14, TOUR DU BOIS (CHEMIN",48.89876,2.5971,Plein jour,En agglomération,Hors intersection,Normale,Autre collision,,,,,,,,,,,1,2,1,1,6.0
201600034059,0016-07-23 21:20:00,16,7,23,21,20,770,108,"110, SCIENCES (AVENUE DE",48.9034,2.59094,Plein jour,En agglomération,Hors intersection,Normale,Autre collision,,,,,,,,,,,1,2,1,1,6.0
201600034060,0016-09-01 21:10:00,16,9,1,21,10,770,108,"80, RESISTANCE (AVENUE D",48.8745,2.58174,Nuit avec éclairage allumé,En agglomération,Hors intersection,Normale,Autre collision,,,,,,,,,,,5,2,1,1,6.0
201600034061,0016-09-19 15:25:00,16,9,19,15,25,770,108,"20, CHILPERIC (BOULEVARD",48.8742,2.58748,Plein jour,En agglomération,Hors intersection,Normale,Autre collision,,,,,,,,,,,1,2,1,1,6.0
201600034062,0016-10-17 17:50:00,16,10,17,17,50,770,108,"65, CHILPERIC (BOULEVARD",48.875,2.58314,Plein jour,En agglomération,Hors intersection,Normale,Autre collision,,,,,,,,,,,1,2,1,1,6.0
201600034063,0016-10-19 21:00:00,16,10,19,21,0,770,108,"43, MEUNIER (RUE AUGUSTE",48.8705,2.58843,Nuit avec éclairage allumé,En agglomération,Hors intersection,Pluie légère,Autre collision,,,,,,,,,,,5,2,1,2,6.0
201600034064,0016-08-20 17:30:00,16,8,20,17,30,770,108,RUE DU TIR,48.8892,2.60033,Plein jour,En agglomération,Hors intersection,Normale,Autre collision,,,,,,,,,,,1,2,1,1,6.0
201600034065,0016-01-30 13:15:00,16,1,30,13,15,770,111,GRAND FOSSE ( BOULEVARD,48.8576,2.76863,Plein jour,Hors agglomération,Hors intersection,Pluie forte,Deux véhicules - frontale,,,,,,,,,,,1,1,1,3,1.0
201600034066,0016-02-25 16:10:00,16,2,25,16,10,770,307,ROME ( RUE DE ),48.86009,2.76283,Plein jour,En agglomération,Hors intersection,Normale,Deux véhicules - côté,,,,,,,,,,,1,2,1,1,3.0
201600034067,0016-02-12 07:45:00,16,2,12,7,45,770,132,"5, RUE SAINT DENIS",48.89279,2.79458,Crépuscule ou aube,En agglomération,Hors intersection,Temps couvert,Sans collision,,,,,,,,,,,2,2,1,8,7.0
201600034068,0016-05-27 11:35:00,16,5,27,11,35,770,18,D344P AV. PAUL SERAMY,48.84851,2.80837,Plein jour,Hors agglomération,Hors intersection,Normale,Autre collision,,,,,,,,,,,1,1,1,1,6.0
201600034069,0016-06-23 13:05:00,16,6,23,13,5,770,132,ROBERT SHUMAN ( AVENUE ),48.8639,2.79091,Plein jour,Hors agglomération,Hors intersection,Normale,Deux véhicules - frontale,,,,,,,,,,,1,1,1,1,1.0
201600034070,0016-10-09 18:30:00,16,10,9,18,30,770,18,"42, MURONS ( RUE)",48.8544,2.82831,Plein jour,En agglomération,Hors intersection,Normale,Deux véhicules - arrière,,,,,,,,,,,1,2,1,1,2.0
201600034071,0016-10-14 05:00:00,16,10,14,5,0,770,18,406 ( R D ),48.84828,2.8107,Nuit avec éclairage allumé,En agglomération,Intersection en T,Normale,Deux véhicules - côté,,,,,,,,,,,5,2,3,1,3.0
201600034072,0016-01-07 08:55:00,16,1,7,8,55,770,131,"03, STRASBOURG (AVENUE D",48.80828,3.08299,Nuit avec éclairage allumé,En agglomération,Hors intersection,Pluie forte,Autre collision,,,,,,,,,,,5,2,1,3,6.0
201600034073,0016-01-20 16:50:00,16,1,20,16,50,770,433,D402,48.79646,3.0733,Plein jour,Hors agglomération,Hors intersection,Normale,Trois véhicules et plus - en chaîne,,,,,,,,,,,1,1,1,1,4.0
201600034074,0016-04-02 04:20:00,16,4,2,4,20,770,320,"1066, GIREMOUTIERS (RUE",48.8255,3.03747,Nuit avec éclairage non allumé,En agglomération,Hors intersection,Normale,Deux véhicules - arrière,,,,,,,,,,,4,2,1,1,2.0
201600034075,0016-04-18 00:10:00,16,4,18,0,10,770,281,MONTESQUIOU (RUE),48.76607,3.03427,Nuit sans éclairage public,En agglomération,Hors intersection,Normale,Sans collision,,,,,,,,,,,3,2,1,1,7.0
201600034076,0016-04-21 21:25:00,16,4,21,21,25,770,320,"519, GENERAL DE GAULLE (",48.82639,3.03531,Nuit avec éclairage allumé,En agglomération,Intersection en X,Normale,Deux véhicules - côté,,,,,,,,,,,5,2,2,1,3.0
201600034077,0016-05-01 23:30:00,16,5,1,23,30,770,28,"22, PRESSOUCY  (LIEU DIT",48.74687,3.07321,Nuit sans éclairage public,Hors agglomération,Hors intersection,Normale,Autre collision,,,,,,,,,,,3,1,1,1,6.0
201600034078,0016-05-05 22:00:00,16,5,5,22,0,770,42,"34, AVENELLES (RUE DES)",48.83002,3.12752,Nuit sans éclairage public,En agglomération,Hors intersection,Normale,Sans collision,,,,,,,,,,,3,2,1,1,7.0
201600034079,0016-06-10 11:10:00,16,6,10,11,10,770,131,"18, MARCEL CLAVIER (RUE)",48.80894,3.08577,Plein jour,En agglomération,Hors intersection,Normale,Autre collision,,,,,,,,,,,1,2,1,1,6.0
201600034080,0016-06-25 03:00:00,16,6,25,3,0,770,320,"D436-700, AV MAL LECLERC",48.81991,3.04905,Nuit avec éclairage allumé,En agglomération,Hors intersection,Normale,Autre collision,,,,,,,,,,,5,2,1,1,6.0
201600034081,0016-06-26 07:15:00,16,6,26,7,15,770,131,"D934 - 20, AV STRASBOURG",48.80566,3.08435,Plein jour,En agglomération,Hors intersection,Normale,Deux véhicules - côté,,,,,,,,,,,1,2,1,1,3.0
201600034082,0016-07-27 13:00:00,16,7,27,13,0,770,281,D402,48.77231,3.04371,Plein jour,Hors agglomération,Hors intersection,Normale,Deux véhicules - arrière,,,,,,,,,,,1,1,1,1,2.0
201600034083,0016-09-28 09:00:00,16,9,28,9,0,770,42,D37,48.83204,3.14183,Plein jour,Hors agglomération,Autre intersection,Normale,Deux véhicules - côté,,,,,,,,,,,1,1,9,1,3.0
201600034084,0016-10-22 07:25:00,16,10,22,7,25,770,13,D402,48.83519,3.08744,Nuit sans éclairage public,Hors agglomération,Hors intersection,Brouillard / fumée,Deux véhicules - frontale,,,,,,,,,,,3,1,1,5,1.0
201600034085,0016-10-22 11:15:00,16,10,22,11,15,770,70,D934 X VC LA BRETONNIERE,48.78787,3.1566,Plein jour,Hors agglomération,Intersection en T,Brouillard / fumée,Deux véhicules - arrière,,,,,,,,,,,1,1,3,5,2.0
201600034086,0016-10-24 17:25:00,16,10,24,17,25,770,42,D222 X RUE DES TILLEULS,48.81693,3.11666,Plein jour,En agglomération,Intersection en T,Normale,Deux véhicules - arrière,,,,,,,,,,,1,2,3,1,2.0
201600034087,0016-11-12 06:50:00,16,11,12,6,50,770,70,D 934,48.79328,3.111,Nuit sans éclairage public,Hors agglomération,Hors intersection,Brouillard / fumée,Deux véhicules - frontale,,,,,,,,,,,3,1,1,5,1.0
201600034088,0016-12-13 18:30:00,16,12,13,18,30,770,320,D 934 (SORTIE MOUROUX AE,48.83141,3.01297,Nuit sans éclairage public,Hors agglomération,Hors intersection,Normale,Autre collision,,,,,,,,,,,3,1,1,1,6.0
201600034089,0016-12-31 19:20:00,16,12,31,19,20,770,320,"96, ABEL-LEBLANC (RUE)",48.82244,3.03763,Nuit avec éclairage allumé,En agglomération,Hors intersection,Normale,Autre collision,,,,,,,,,,,5,2,1,1,6.0
201600034090,0016-01-24 10:40:00,16,1,24,10,40,770,186,D137 X D138,48.43354,2.74011,Plein jour,Hors agglomération,Giratoire,Normale,Deux véhicules - côté,,,,,,,,,,,1,1,6,1,3.0
201600034091,0016-01-27 15:00:00,16,1,27,15,0,770,186,D606,48.386,2.7643,Plein jour,Hors agglomération,Hors intersection,Normale,Deux véhicules - arrière,,,,,,,,,,,1,1,1,1,2.0
201600034092,0016-01-30 11:55:00,16,1,30,11,55,770,186,D606 de l'oblisque  li,48.39694,2.69604,Plein jour,Hors agglomération,Hors intersection,Pluie légère,Deux véhicules - côté,,,,,,,,,,,1,1,1,2,3.0
201600034093,0016-02-07 20:15:00,16,2,7,20,15,770,186,D148 X D301 (GD MAITRE),48.37655,2.73963,Nuit sans éclairage public,Hors agglomération,Intersection en X,Normale,Deux véhicules - côté,,,,,,,,,,,3,1,2,1,3.0
201600034094,0016-02-09 08:20:00,16,2,9,8,20,770,186,D606 X RUE DES ARCHIVES,48.39622,2.72719,Plein jour,Hors agglomération,Intersection en T,Pluie légère,Deux véhicules - côté,,,,,,,,,,,1,1,3,2,3.0
201600034095,0016-02-12 08:35:00,16,2,12,8,35,770,186,D607 X D606 X D417 NORD,48.40839,2.68702,Plein jour,Hors agglomération,Giratoire,Normale,Deux véhicules - côté,,,,,,,,,,,1,1,6,1,3.0
201600034096,0016-02-22 22:30:00,16,2,22,22,30,770,14,"1, CARNOT (PLACE)",48.40747,2.72119,Nuit avec éclairage allumé,En agglomération,Place,Pluie légère,Autre collision,,,,,,,,,,,5,2,7,2,6.0
201600034097,0016-03-07 07:35:00,16,3,7,7,35,770,186,D606 - BROLLES,48.48058,2.66995,Plein jour,Hors agglomération,Hors intersection,Normale,Deux véhicules - arrière,,,,,,,,,,,1,1,1,1,2.0
201600034098,0016-03-13 03:30:00,16,3,13,3,30,770,186,D301 ROUTE RONDE,48.37163,2.72588,Nuit sans éclairage public,Hors agglomération,Hors intersection,Normale,Autre collision,,,,,,,,,,,3,1,1,1,6.0
201600034099,0016-04-03 16:30:00,16,4,3,16,30,770,186,D116 X D138 CRX TOULOUSE,48.44396,2.71839,Plein jour,Hors agglomération,Giratoire,Normale,Deux véhicules - côté,,,,,,,,,,,1,1,6,1,3.0
201600034100,0016-04-12 11:50:00,16,4,12,11,50,770,186,D606 X RUE ROCHER D'AVON,48.39662,2.71058,Plein jour,Hors agglomération,Intersection en T,Normale,Deux véhicules - côté,,,,,,,,,,,1,1,3,1,3.0
201600034101,0016-04-27 15:20:00,16,4,27,15,20,770,186,D301 ROUTE RONDE,48.40572,2.63895,Plein jour,Hors agglomération,Hors intersection,Normale,Autre collision,,,,,,,,,,,1,1,1,1,6.0
201600034102,0016-04-29 12:05:00,16,4,29,12,5,770,186,"204, GRANDE (RUE)",48.41083,2.70501,Plein jour,En agglomération,Hors intersection,Normale,Autre collision,,,,,,,,,,,1,2,1,1,6.0
201600034103,0016-05-08 01:15:00,16,5,8,1,15,770,186,D63E2 X D301,48.36506,2.65982,Nuit sans éclairage public,Hors agglomération,Giratoire,Normale,Autre collision,,,,,,,,,,,3,1,6,1,6.0
201600034104,0016-05-09 10:15:00,16,5,9,10,15,770,186,"1, HURTAULT (ROUTE DE)",48.399,2.68729,Plein jour,En agglomération,Hors intersection,Normale,Deux véhicules - côté,,,,,,,,,,,1,2,1,1,3.0
201600034105,0016-05-10 12:25:00,16,5,10,12,25,770,186,D606,48.43748,2.69153,Plein jour,Hors agglomération,Hors intersection,Normale,Autre collision,,,,,,,,,,,1,1,1,1,6.0
201600034106,0016-05-18 07:55:00,16,5,18,7,55,770,186,D142 ROUTE ROUTE,48.47337,2.66729,Plein jour,Hors agglomération,Hors intersection,Normale,Deux véhicules - côté,,,,,,,,,,,1,1,1,1,3.0
201600034107,0016-05-19 14:15:00,16,5,19,14,15,770,186,D152 X D301,48.37267,2.64327,Plein jour,Hors agglomération,Intersection en X,Normale,Deux véhicules - côté,,,,,,,,,,,1,1,2,1,3.0
201600034108,0016-06-08 15:15:00,16,6,8,15,15,770,186,"86, GRANDE (RUE)",48.40606,2.70228,Plein jour,En agglomération,Hors intersection,Normale,Autre collision,,,,,,,,,,,1,2,1,1,6.0
201600034109,0016-06-11 12:40:00,16,6,11,12,40,770,186,D142,48.48641,2.66246,Plein jour,Hors agglomération,Hors intersection,Temps couvert,Deux véhicules - côté,,,,,,,,,,,1,1,1,8,3.0
201600034110,0016-06-18 15:05:00,16,6,18,15,5,770,186,RD116,48.47895,2.74419,Plein jour,Hors agglomération,Hors intersection,Temps couvert,Deux véhicules - côté,,,,,,,,,,,1,1,1,8,3.0
201600034111,0016-06-25 10:35:00,16,6,25,10,35,770,186,D142 ROUTE RONDE,48.47356,2.66728,Plein jour,Hors agglomération,Hors intersection,Normale,Deux véhicules - frontale,,,,,,,,,,,1,1,1,1,1.0
201600034112,0016-06-26 15:15:00,16,6,26,15,15,770,186,D409 X D301,48.4136,2.64418,Plein jour,Hors agglomération,Intersection en X,Normale,Trois véhicules et plus - en chaîne,,,,,,,,,,,1,1,2,1,4.0
201600034113,0016-06-27 19:00:00,16,6,27,19,0,770,14,"37,AV FRANKLIN ROOSEVELT",48.41519,2.71939,Plein jour,En agglomération,Hors intersection,Normale,Autre collision,,,,,,,,,,,1,2,1,1,6.0
201600034114,0016-07-28 17:10:00,16,7,28,17,10,770,186,RD152,48.39347,2.68227,Plein jour,Hors agglomération,Hors intersection,Normale,Deux véhicules - arrière,,,,,,,,,,,1,1,1,1,2.0
201600034115,0016-07-30 14:30:00,16,7,30,14,30,770,186,D301 ROUTE RONDE,48.37528,2.63723,Plein jour,Hors agglomération,Hors intersection,Normale,Autre collision,,,,,,,,,,,1,1,1,1,6.0
201600034116,0016-08-22 18:10:00,16,8,22,18,10,770,186,"27, GRANDE (RUE)",48.40469,2.70087,Plein jour,En agglomération,Intersection en T,Normale,Autre collision,,,,,,,,,,,1,2,3,1,6.0
201600034117,0016-09-04 19:50:00,16,9,4,19,50,770,186,D301 ROUTE RONDE,48.37407,2.73271,Crépuscule ou aube,Hors agglomération,Hors intersection,Normale,Autre collision,,,,,,,,,,,2,1,1,1,6.0
201600034118,0016-09-04 20:10:00,16,9,4,20,10,770,186,D301 X ROUTE FORESTIERE,48.37558,2.63658,Nuit sans éclairage public,Hors agglomération,Intersection en Y,Temps couvert,Autre collision,,,,,,,,,,,3,1,4,8,6.0
201600034119,0016-09-14 10:40:00,16,9,14,10,40,770,186,RD115 X D301,48.48084,2.66694,Plein jour,Hors agglomération,Intersection en X,Normale,Deux véhicules - côté,,,,,,,,,,,1,1,2,1,3.0
201600034120,0016-09-15 11:15:00,16,9,15,11,15,770,186,D142 ROUTE RONDE,48.45544,2.67099,Plein jour,Hors agglomération,Hors intersection,Normale,Autre collision,,,,,,,,,,,1,1,1,1,6.0
201600034121,0016-09-19 10:50:00,16,9,19,10,50,770,186,D301 FRANCHARD,48.40578,2.63896,Plein jour,Hors agglomération,Hors intersection,Normale,Deux véhicules - frontale,,,,,,,,,,,1,1,1,1,1.0
201600034122,0016-10-10 12:30:00,16,10,10,12,30,770,14,PARKING CARREFOUR MARKET,48.41492,2.72006,Plein jour,En agglomération,Hors intersection,Normale,Autre collision,,,,,,,,,,,1,2,1,1,6.0