accident_id,datetime,annee,mois,jour,heure,minute,departement,commune_insee,adresse,latitude,longitude,luminosite,agglomeration,intersection,meteo,collision,nb_vehicules,nb_usagers,nb_indemnes,nb_tues,nb_blesses_hosp,nb_blesses_legers,age_cond_1,age_cond_2,veh_type_cond_1,veh_type_cond_2,lum_code,agg_code,int_code,atm_code,col_code
201600034487,0016-11-17 09:25:00,16,11,17,9,25,780,643,CLOS DES VIGNES AVENUE D,,,Plein jour,Hors agglomération,Hors intersection,Normale,Autre collision,,,,,,,,,,,1,1,1,1,6.0
201600034488,0016-11-20 11:50:00,16,11,20,11,50,780,498,"133, FOCH AV",48.55553,2.31844,Plein jour,En agglomération,Hors intersection,Normale,Autre collision,,,,,,,,,,,1,2,1,1,6.0
201600034489,0016-11-13 13:10:00,16,11,13,13,10,780,498,"1, CODOS RUE PAUL",48.55537,2.23842,Plein jour,En agglomération,Hors intersection,Normale,Autre collision,,,,,,,,,,,1,2,1,1,6.0
201600034490,0016-12-13 18:00:00,16,12,13,18,0,780,498,SAINT LOUIS RUE,48.55477,2.21301,Nuit avec éclairage allumé,En agglomération,Intersection en X,Normale,Autre collision,,,,,,,,,,,5,2,2,1,6.0
201600034491,0016-11-30 21:50:00,16,11,30,21,50,780,123,HAUTIL AV DE L',48.56582,2.21862,Nuit avec éclairage allumé,En agglomération,Hors intersection,Normale,Autre collision,,,,,,,,,,,5,2,1,1,6.0
201600034492,0016-11-30 19:56:00,16,11,30,19,56,780,643,TRIEL AVENUE DE,48.97797,1.99611,Nuit avec éclairage allumé,En agglomération,Autre intersection,Normale,Deux véhicules - côté,,,,,,,,,,,5,2,9,1,3.0
201600034493,0016-12-20 17:10:00,16,12,20,17,10,780,423,PRES (AVENUE DES),,,Crépuscule ou aube,En agglomération,Hors intersection,Normale,Autre collision,,,,,,,,,,,2,2,1,1,6.0
201600034494,0016-01-12 18:15:00,16,1,12,18,15,780,423,"......, PRES (AVENUE DES",48.0,2.0,Nuit avec éclairage allumé,En agglomération,Intersection en X,Normale,Autre collision,,,,,,,,,,,5,2,2,1,6.0
201600034495,0016-02-03 11:00:00,16,2,3,11,0,780,208,NERVAL (SQUARE GERARD DE,,,Plein jour,En agglomération,Hors intersection,Normale,Autre collision,,,,,,,,,,,1,2,1,1,6.0
201600034496,0016-01-20 14:55:00,16,1,20,14,55,780,621,ALLENDE (AVENUE SALVADOR,,,Plein jour,En agglomération,Intersection en X,Temps éblouissant,Autre collision,,,,,,,,,,,1,2,2,7,6.0
201600034497,0016-03-17 19:45:00,16,3,17,19,45,780,423,RENE DESCARTES (BD),,,Crépuscule ou aube,En agglomération,Hors intersection,Normale,Autre collision,,,,,,,,,,,2,2,1,1,6.0
201600034498,0016-03-29 16:00:00,16,3,29,16,0,780,621,"4, LANGEVIN (SQUARE PAUL",48.77691,1.9844,Plein jour,En agglomération,Hors intersection,Normale,Autre collision,,,,,,,,,,,1,2,1,1,6.0
201600034499,0016-04-03 17:50:00,16,4,3,17,50,780,423,VOLTA (AVENUE),,,Plein jour,En agglomération,Hors intersection,Normale,Deux véhicules - arrière,,,,,,,,,,,1,2,1,1,2.0
201600034500,0016-03-24 13:42:00,16,3,24,13,42,780,621,"33-35, POLITZER (AVENUE",,,Plein jour,En agglomération,Hors intersection,Normale,Deux véhicules - côté,,,,,,,,,,,1,2,1,1,3.0
201600034501,0016-06-19 10:10:00,16,6,19,10,10,780,423,SQYOUEST,,,Plein jour,Hors agglomération,Hors intersection,Normale,Autre collision,,,,,,,,,,,1,1,1,1,6.0
201600034502,0016-05-02 11:15:00,16,5,2,11,15,780,423,", GARY (RUE ROMAIN)",,,Plein jour,En agglomération,Intersection en X,Normale,Autre collision,,,,,,,,,,,1,2,2,1,6.0
201600034503,0016-07-19 09:15:00,16,7,19,9,15,780,423,"......, PAS DU LAC (AVEN",,,Plein jour,En agglomération,Hors intersection,Normale,Autre collision,,,,,,,,,,,1,2,1,1,6.0
201600034504,0016-03-23 12:30:00,16,3,23,12,30,780,688,PLAN DE L'EGLISE,,,Plein jour,En agglomération,Hors intersection,Normale,Autre collision,,,,,,,,,,,1,2,1,1,6.0
201600034505,0016-07-07 20:35:00,16,7,7,20,35,780,621,TIMBAUD / Gutenberg,,,Plein jour,En agglomération,Hors intersection,Normale,Deux véhicules - frontale,,,,,,,,,,,1,2,1,1,1.0
201600034506,0016-08-08 13:05:00,16,8,8,13,5,780,297,"......, AVENUE DU CENTRE",,,Plein jour,En agglomération,Intersection en X,Normale,Deux véhicules - côté,,,,,,,,,,,1,2,2,1,3.0
201600034507,0016-02-09 08:20:00,16,2,9,8,20,780,297,LE VAU (R LOUIS),,,Plein jour,En agglomération,Intersection en T,Normale,Deux véhicules - frontale,,,,,,,,,,,1,2,3,1,1.0
201600034508,0016-03-30 18:30:00,16,3,30,18,30,780,688,"126, KESSEL (AVENUE JOSE",,,Plein jour,En agglomération,Hors intersection,Normale,Trois véhicules et plus - en chaîne,,,,,,,,,,,1,2,1,1,4.0
201600034509,0016-06-29 12:42:00,16,6,29,12,42,780,621,"52, FRERES LUMIERE (AVEN",48.7566,1.98029,Plein jour,En agglomération,Hors intersection,Normale,Deux véhicules - arrière,,,,,,,,,,,1,2,1,1,2.0
201600034510,0016-08-06 14:30:00,16,8,6,14,30,780,208,DASSAULT (AVENUE MARCEL),,,Plein jour,En agglomération,Hors intersection,Normale,Deux véhicules - arrière,,,,,,,,,,,1,2,1,1,2.0
201600034511,0016-08-22 16:00:00,16,8,22,16,0,780,621,CD 912,,,Plein jour,En agglomération,Hors intersection,Normale,Deux véhicules - côté,,,,,,,,,,,1,2,1,1,3.0
201600034512,0016-08-23 18:50:00,16,8,23,18,50,780,208,DAMPIERRE (ROUTE DE),,,Plein jour,En agglomération,Hors intersection,Normale,Deux véhicules - côté,,,,,,,,,,,1,2,1,1,3.0
201600034513,0016-08-27 06:30:00,16,8,27,6,30,780,621,NATIONALE 10 (ROUTE),,,Nuit sans éclairage public,Hors agglomération,Hors intersection,Normale,Deux véhicules - arrière,,,,,,,,,,,3,1,1,1,2.0
201600034514,0016-08-30 15:00:00,16,8,30,15,0,780,168,"INDT, Route nationale 10",,,Plein jour,Hors agglomération,Hors intersection,Normale,Deux véhicules - arrière,,,,,,,,,,,1,1,1,1,2.0
201600034515,0016-08-25 09:35:00,16,8,25,9,35,780,423,FRERES LUMIERES,,,Plein jour,En agglomération,Intersection en X,Normale,Deux véhicules - côté,,,,,,,,,,,1,2,2,1,3.0
201600034516,0016-06-23 19:10:00,16,6,23,19,10,780,621,"INDT, NATIONALE 10 (ROUT",,,Plein jour,En agglomération,Hors intersection,Normale,Deux véhicules - côté,,,,,,,,,,,1,2,1,1,3.0
201600034517,0016-07-26 16:40:00,16,7,26,16,40,780,621,"INDT, VAILLANT COUTURIER",,,Plein jour,En agglomération,Intersection en T,Normale,Deux véhicules - arrière,,,,,,,,,,,1,2,3,1,2.0
201600034518,0016-09-22 06:55:00,16,9,22,6,55,780,397,DEPARTEMENTALE 13 (ROUTE,,,Nuit sans éclairage public,Hors agglomération,Hors intersection,Brouillard / fumée,Sans collision,,,,,,,,,,,3,1,1,5,7.0
201600034519,0016-09-19 21:15:00,16,9,19,21,15,780,621,NATIONALE 10 (ROUTE),,,Nuit avec éclairage non allumé,En agglomération,Passage à niveau,Normale,Autre collision,,,,,,,,,,,4,2,8,1,6.0
201600034520,0016-10-01 15:30:00,16,10,1,15,30,780,621,NATIONALE 10 (Rte),,,Plein jour,En agglomération,Hors intersection,Normale,Deux véhicules - frontale,,,,,,,,,,,1,2,1,1,1.0
201600034521,0016-10-11 13:35:00,16,10,11,13,35,780,383,GALOIS (RUE),,,Plein jour,En agglomération,Hors intersection,Normale,Autre collision,,,,,,,,,,,1,2,1,1,6.0
201600034522,0016-10-18 17:45:00,16,10,18,17,45,780,208,R12 (pont D23),,,Plein jour,En agglomération,Hors intersection,Pluie légère,Deux véhicules - arrière,,,,,,,,,,,1,2,1,2,2.0
201600034523,0016-10-16 22:20:00,16,10,16,22,20,780,208,"02, MESNIL (ROUTE DU) 27",,,Nuit avec éclairage allumé,En agglomération,Hors intersection,Pluie légère,Sans collision,,,,,,,,,,,5,2,1,2,7.0
201600034524,0016-11-03 07:45:00,16,11,3,7,45,780,168,Route nationale 10,,,Nuit avec éclairage allumé,En agglomération,Hors intersection,Normale,Deux véhicules - côté,,,,,,,,,,,5,2,1,1,3.0
201600034525,0016-11-17 16:20:00,16,11,17,16,20,780,621,TEISSERENC DE BORD,,,Plein jour,En agglomération,Hors intersection,Normale,Autre collision,,,,,,,,,,,1,2,1,1,6.0
201600034526,0016-10-20 15:15:00,16,10,20,15,15,780,208,TEMPLIERS (ROND POINT DE,,,Plein jour,En agglomération,Giratoire,Normale,Deux véhicules - arrière,,,,,,,,,,,1,2,6,1,2.0
201600034527,0016-09-24 23:30:00,16,9,24,23,30,780,644,NOES  (AVENUE DES),,,Nuit avec éclairage allumé,En agglomération,Hors intersection,Normale,Sans collision,,,,,,,,,,,5,2,1,1,7.0
201600034528,0016-12-24 22:15:00,16,12,24,22,15,780,168,", Route nationale 10",,,Nuit avec éclairage allumé,En agglomération,Intersection en X,Normale,Deux véhicules - côté,,,,,,,,,,,5,2,2,1,3.0
201600034529,0016-01-08 00:30:00,16,1,8,0,30,780,402,"19, RUE DE CHAUFFOUR",48.95669,1.79991,Nuit avec éclairage allumé,En agglomération,Hors intersection,Normale,Autre collision,,,,,,,,,,,5,2,1,1,6.0
201600034530,0016-01-24 13:55:00,16,1,24,13,55,780,362,BOULEVARD ROGER SALENGRO,48.98022,1.696,Plein jour,Hors agglomération,Hors intersection,Temps couvert,Autre collision,,,,,,,,,,,1,1,1,8,6.0
201600034531,0016-01-24 15:35:00,16,1,24,15,35,780,361,113   RD,48.99686,1.6765,Plein jour,En agglomération,Intersection en X,Normale,Deux véhicules - côté,,,,,,,,,,,1,2,2,1,3.0
201600034532,0016-01-27 08:10:00,16,1,27,8,10,780,335,ROUTE DE MEULAN,48.99041,1.76216,Plein jour,En agglomération,Intersection en T,Temps couvert,Sans collision,,,,,,,,,,,1,2,3,8,7.0
201600034533,0016-01-28 08:25:00,16,1,28,8,25,780,267,"13, RUE GABRIEL PERI",48.97816,1.8083,Plein jour,En agglomération,Hors intersection,Pluie légère,Deux véhicules - côté,,,,,,,,,,,1,2,1,2,3.0
201600034534,0016-02-16 16:50:00,16,2,16,16,50,780,354,AVENUE DE L EUROPE,48.97847,1.69344,Plein jour,En agglomération,Hors intersection,Normale,Autre collision,,,,,,,,,,,1,2,1,1,6.0
201600034535,0016-02-20 15:55:00,16,2,20,15,55,780,335,"57, AVENUE DE LA PAIX",48.99319,1.74269,Plein jour,En agglomération,Intersection en X,Normale,Deux véhicules - côté,,,,,,,,,,,1,2,2,1,3.0
201600034536,0016-02-29 17:25:00,16,2,29,17,25,780,361,"97, Boulevard Marchal J",48.99202,1.70397,Plein jour,En agglomération,Hors intersection,Normale,Autre collision,,,,,,,,,,,1,2,1,1,6.0
201600034537,0016-05-06 17:55:00,16,5,6,17,55,780,267,RD 130,48.97344,1.8078,Plein jour,Hors agglomération,Hors intersection,Normale,Deux véhicules - côté,,,,,,,,,,,1,1,1,1,3.0
201600034538,0016-06-10 23:50:00,16,6,10,23,50,780,361,"01, PLACE DE  L ETAPE",48.59273,1.43116,Nuit avec éclairage allumé,En agglomération,Hors intersection,Temps couvert,Autre collision,,,,,,,,,,,5,2,1,8,6.0
201600034539,0016-06-28 15:45:00,16,6,28,15,45,780,402,C.D  113,48.57401,1.48274,Plein jour,En agglomération,Hors intersection,Normale,Autre collision,,,,,,,,,,,1,2,1,1,6.0
201600034540,0016-07-07 08:05:00,16,7,7,8,5,780,335,"60, RUE NATIONALE",48.59431,1.43542,Plein jour,En agglomération,Intersection en X,Normale,Deux véhicules - côté,,,,,,,,,,,1,2,2,1,3.0
201600034541,0016-07-07 12:15:00,16,7,7,12,15,780,361,"09, RUE JEAN HOUDON",49.00143,1.41019,Plein jour,En agglomération,Hors intersection,Normale,Autre collision,,,,,,,,,,,1,2,1,1,6.0
201600034542,0016-07-12 03:05:00,16,7,12,3,5,780,362,ROUTE DE CHANTEREINE,48.58491,1.43127,Nuit avec éclairage allumé,En agglomération,Hors intersection,Normale,Sans collision,,,,,,,,,,,5,2,1,1,7.0
201600034543,0016-07-15 18:00:00,16,7,15,18,0,780,267,"37, RUE JEAN JAURES",48.58288,1.48105,Plein jour,En agglomération,Hors intersection,Normale,Deux véhicules - côté,,,,,,,,,,,1,2,1,1,3.0
201600034544,0016-07-22 04:15:00,16,7,22,4,15,780,354,"43, AVENUE DE L EUROPE",48.96633,1.67966,Nuit avec éclairage allumé,En agglomération,Hors intersection,Normale,Sans collision,,,,,,,,,,,5,2,1,1,7.0
201600034545,0016-07-23 20:55:00,16,7,23,20,55,780,118,RD 110,48.98213,1.67677,Plein jour,En agglomération,Hors intersection,Normale,Deux véhicules - arrière,,,,,,,,,,,1,2,1,1,2.0
201600034546,0016-08-30 23:20:00,16,8,30,23,20,780,501,boulevard de la republiq,48.97547,1.76694,Nuit avec éclairage allumé,En agglomération,Hors intersection,Normale,Sans collision,,,,,,,,,,,5,2,1,1,7.0
201600034547,0016-09-03 18:35:00,16,9,3,18,35,780,118,sous pont A13,48.98466,1.67386,Plein jour,En agglomération,Hors intersection,Normale,Deux véhicules - frontale,,,,,,,,,,,1,2,1,1,1.0
201600034548,0016-09-11 13:35:00,16,9,11,13,35,780,314,R.D 190,48.98877,1.78022,Plein jour,Hors agglomération,Hors intersection,Normale,Autre collision,,,,,,,,,,,1,1,1,1,6.0
201600034549,0016-09-15 16:20:00,16,9,15,16,20,780,361,"98, RUE PIERRE SEMARD",48.99255,1.69544,Plein jour,En agglomération,Hors intersection,Pluie légère,Deux véhicules - côté,,,,,,,,,,,1,2,1,2,3.0
201600034550,0016-09-29 10:15:00,16,9,29,10,15,780,402,ROUTE DE SEPTEUIL,48.9278,1.78944,Plein jour,En agglomération,Hors intersection,Normale,Sans collision,,,,,,,,,,,1,2,1,1,7.0
201600034551,0016-10-13 07:25:00,16,10,13,7,25,780,362,"00, ROUTE DE CHANTEREINE",48.98241,1.72408,Nuit avec éclairage allumé,En agglomération,Hors intersection,Normale,Deux véhicules - côté,,,,,,,,,,,5,2,1,1,3.0
201600034552,0016-10-19 08:10:00,16,10,19,8,10,780,362,ROSAY / Mantois,48.58708,1.43171,Plein jour,En agglomération,Hors intersection,Normale,Autre collision,,,,,,,,,,,1,2,1,1,6.0
201600034553,0016-10-26 18:55:00,16,10,26,18,55,780,267,AVENUE DU COLONEL FABIEN,48.98791,1.80416,Nuit avec éclairage allumé,En agglomération,Intersection en T,Normale,Deux véhicules - côté,,,,,,,,,,,5,2,3,1,3.0
201600034554,0016-11-17 16:45:00,16,11,17,16,45,780,361,"28, AVENUE DE LA REPUBLI",48.9898,1.71258,Nuit avec éclairage allumé,En agglomération,Hors intersection,Pluie légère,Autre collision,,,,,,,,,,,5,2,1,2,6.0
201600034555,0016-11-20 21:10:00,16,11,20,21,10,780,361,"07, AVENUE DE LA DIVISIO",48.98941,1.71016,Nuit avec éclairage allumé,En agglomération,Hors intersection,Pluie légère,Deux véhicules - arrière,,,,,,,,,,,5,2,1,2,2.0
201600034556,0016-12-12 16:45:00,16,12,12,16,45,780,361,"02, BOULEVARD SULLY 1",48.99844,1.67688,Nuit avec éclairage allumé,En agglomération,Hors intersection,Temps couvert,Autre collision,,,,,,,,,,,5,2,1,8,6.0
201600034557,0016-12-14 19:00:00,16,12,14,19,0,780,335,RD983,48.98611,1.73183,Nuit sans éclairage public,En agglomération,Hors intersection,Normale,Deux véhicules - frontale,,,,,,,,,,,3,2,1,1,1.0
201600034558,0016-12-15 13:25:00,16,12,15,13,25,780,335,"194, rue du docteur vina",49.03107,1.42384,Plein jour,En agglomération,Hors intersection,Normale,Deux véhicules - frontale,,,,,,,,,,,1,2,1,1,1.0
201600034559,0016-12-26 22:10:00,16,12,26,22,10,780,361,"154, Boulevard Marchal",48.99313,1.7038,Nuit avec éclairage allumé,En agglomération,Intersection en X,Normale,Deux véhicules - côté,,,,,,,,,,,5,2,2,1,3.0
201600034560,0016-01-04 08:30:00,16,1,4,8,30,780,401,RHIN ET DANUBE (PONT),,,Plein jour,En agglomération,Hors intersection,Normale,Trois véhicules et plus - en chaîne,,,,,,,,,,,1,2,1,1,4.0
201600034561,0016-01-06 17:20:00,16,1,6,17,20,780,29,CH DE GAULLE (AV.)(pont),,,Nuit sans éclairage public,En agglomération,Hors intersection,Normale,Deux véhicules - arrière,,,,,,,,,,,3,2,1,1,2.0
201600034562,0016-01-11 20:25:00,16,1,11,20,25,780,440,PAUL RAOULT (AVENUE),,,Nuit avec éclairage allumé,En agglomération,Hors intersection,Normale,Autre collision,,,,,,,,,,,5,2,1,1,6.0
201600034563,0016-01-18 14:50:00,16,1,18,14,50,780,440,"99, MARECHAL FOCH (AVENU",,,Plein jour,En agglomération,Hors intersection,Normale,Deux véhicules - arrière,,,,,,,,,,,1,2,1,1,2.0
201600034564,0016-01-23 19:00:00,16,1,23,19,0,780,609,CD 28,,,Nuit avec éclairage allumé,En agglomération,Hors intersection,Normale,Deux véhicules - arrière,,,,,,,,,,,5,2,1,1,2.0
201600034565,0016-01-24 18:00:00,16,1,24,18,0,780,29,LOUIS RENAULT (BOULEVARD,,,Crépuscule ou aube,En agglomération,Giratoire,Temps couvert,Autre collision,,,,,,,,,,,2,2,6,8,6.0
201600034566,0016-01-27 15:20:00,16,1,27,15,20,780,440,PAUL RAOULT (AVENUE),,,Plein jour,En agglomération,Hors intersection,Normale,Autre collision,,,,,,,,,,,1,2,1,1,6.0
201600034567,0016-02-09 16:25:00,16,2,9,16,25,780,440,"0, RD 44",,,Plein jour,En agglomération,Intersection en X,Temps couvert,Deux véhicules - côté,,,,,,,,,,,1,2,2,8,3.0
201600034568,0016-02-19 16:00:00,16,2,19,16,0,780,440,PAUL RAOULT (AVENUE),,,Plein jour,En agglomération,Hors intersection,Normale,Trois véhicules et plus - en chaîne,,,,,,,,,,,1,2,1,1,4.0
201600034569,0016-03-02 15:15:00,16,3,2,15,15,780,440,"53, PAUL RAOULT (AV)",,,Plein jour,En agglomération,Hors intersection,Pluie légère,Autre collision,,,,,,,,,,,1,2,1,2,6.0
201600034570,0016-03-07 07:20:00,16,3,7,7,20,780,227,CD 922,,,Crépuscule ou aube,Hors agglomération,Hors intersection,Autre,Autre collision,,,,,,,,,,,2,1,1,9,6.0
201600034571,0016-03-26 16:20:00,16,3,26,16,20,780,238,MARECHAL FOCH (RUE DU),,,Plein jour,En agglomération,Intersection en X,Normale,Deux véhicules - côté,,,,,,,,,,,1,2,2,1,3.0
201600034572,0016-04-02 16:12:00,16,4,2,16,12,780,440,PAUL RAOULT (AVENUE),,,Plein jour,En agglomération,Hors intersection,Normale,Autre collision,,,,,,,,,,,1,2,1,1,6.0
201600034573,0016-04-10 08:55:00,16,4,10,8,55,780,401,"0, D 922",,,Plein jour,Hors agglomération,Hors intersection,Brouillard / fumée,Sans collision,,,,,,,,,,,1,1,1,5,7.0
201600034574,0016-04-12 00:45:00,16,4,12,0,45,780,401,"7, GAMBETTA (RUE)",,,Nuit avec éclairage allumé,En agglomération,Intersection en T,Normale,Autre collision,,,,,,,,,,,5,2,3,1,6.0
201600034575,0016-04-18 17:10:00,16,4,18,17,10,780,440,RPUBLIQUE (RUE DE LA),,,Plein jour,En agglomération,Intersection en T,Normale,Deux véhicules - côté,,,,,,,,,,,1,2,3,1,3.0
201600034576,0016-04-19 19:49:00,16,4,19,19,49,780,238,CD 14,,,Plein jour,En agglomération,Giratoire,Normale,Deux véhicules - côté,,,,,,,,,,,1,2,6,1,3.0
201600034577,0016-05-02 04:45:00,16,5,2,4,45,780,29,"13, HAUTES BEAUCES (RUE",,,Nuit avec éclairage allumé,En agglomération,Hors intersection,Autre,Autre collision,,,,,,,,,,,5,2,1,9,6.0
201600034578,0016-06-07 17:50:00,16,6,7,17,50,780,440,"4, CARNOT (RUE)",,,Plein jour,En agglomération,Hors intersection,Normale,Autre collision,,,,,,,,,,,1,2,1,1,6.0
201600034579,0016-06-19 04:45:00,16,6,19,4,45,780,299,MICHELET (BOULEVARD),,,Nuit avec éclairage allumé,En agglomération,Hors intersection,Normale,Deux véhicules - frontale,,,,,,,,,,,5,2,1,1,1.0
201600034580,0016-06-23 17:25:00,16,6,23,17,25,780,440,PRS (AVENUE DES),,,Plein jour,En agglomération,Intersection en X,Pluie légère,Deux véhicules - côté,,,,,,,,,,,1,2,2,2,3.0
201600034581,0016-06-30 18:00:00,16,6,30,18,0,780,440,PETIT CHEMIN DE FLINS,,,Plein jour,En agglomération,Hors intersection,Normale,Deux véhicules - frontale,,,,,,,,,,,1,2,1,1,1.0
201600034582,0016-07-02 17:20:00,16,7,2,17,20,780,440,BOUGIMONTS (RUE DES),,,Plein jour,En agglomération,Intersection en X,Normale,Deux véhicules - frontale,,,,,,,,,,,1,2,2,1,1.0
201600034583,0016-07-19 19:15:00,16,7,19,19,15,780,440,PAUL RAOULT (AVENUE),,,Plein jour,En agglomération,Intersection en T,Normale,Deux véhicules - côté,,,,,,,,,,,1,2,3,1,3.0
201600034584,0016-07-22 20:00:00,16,7,22,20,0,780,403,"141, CHATEAUBRIAND (AVEN",,,Plein jour,En agglomération,Hors intersection,Normale,Deux véhicules - arrière,,,,,,,,,,,1,2,1,1,2.0
201600034585,0016-07-25 20:45:00,16,7,25,20,45,780,440,PIERRE CURIE (RUE),,,Plein jour,En agglomération,Intersection en T,Normale,Deux véhicules - arrière,,,,,,,,,,,1,2,3,1,2.0
201600034586,0016-07-26 22:45:00,16,7,26,22,45,780,238,CD 14,,,Nuit sans éclairage public,Hors agglomération,Intersection en T,Normale,Sans collision,,,,,,,,,,,3,1,3,1,7.0
201600034587,0016-07-30 04:40:00,16,7,30,4,40,780,401,RHIN ET DANUBE (PONT),,,Nuit avec éclairage allumé,En agglomération,Hors intersection,Normale,Autre collision,,,,,,,,,,,5,2,1,1,6.0
201600034588,0016-08-07 16:12:00,16,8,7,16,12,780,440,GAMBETTA / Poissy,,,Plein jour,En agglomération,Hors intersection,Normale,Autre collision,,,,,,,,,,,1,2,1,1,6.0
201600034589,0016-08-23 10:15:00,16,8,23,10,15,780,440,"107, PAUL DOUMER (RUE)",,,Plein jour,En agglomération,Hors intersection,Normale,Autre collision,,,,,,,,,,,1,2,1,1,6.0
201600034590,0016-08-24 19:34:00,16,8,24,19,34,780,29,PROVINCES (PLACE DES),,,Plein jour,En agglomération,Hors intersection,Normale,Autre collision,,,,,,,,,,,1,2,1,1,6.0
201600034591,0016-08-27 13:50:00,16,8,27,13,50,780,401,Albert Joly / Galeran,,,Plein jour,En agglomération,Hors intersection,Normale,Autre collision,,,,,,,,,,,1,2,1,1,6.0
201600034592,0016-09-01 22:00:00,16,9,1,22,0,780,261,MEULAN A CAUDEBEC (ROUTE,,,Nuit sans éclairage public,Hors agglomération,Hors intersection,Normale,Deux véhicules - frontale,,,,,,,,,,,3,1,1,1,1.0
201600034593,0016-09-12 11:00:00,16,9,12,11,0,780,440,EUROPE (AVENUE DE L'),,,Plein jour,En agglomération,Hors intersection,Normale,Autre collision,,,,,,,,,,,1,2,1,1,6.0
201600034594,0016-09-20 08:27:00,16,9,20,8,27,780,440,"168, ARISTIDE BRIAND (RU",,,Plein jour,En agglomération,Hors intersection,Normale,Autre collision,,,,,,,,,,,1,2,1,1,6.0
201600034595,0016-10-01 11:35:00,16,10,1,11,35,780,227,CD 922,,,Plein jour,Hors agglomération,Hors intersection,Pluie légère,Deux véhicules - arrière,,,,,,,,,,,1,1,1,2,2.0
201600034596,0016-10-06 11:20:00,16,10,6,11,20,780,238,CD 14,,,Plein jour,Hors agglomération,Hors intersection,Normale,Trois véhicules et plus - en chaîne,,,,,,,,,,,1,1,1,1,4.0
201600034597,0016-10-25 18:30:00,16,10,25,18,30,780,440,PAUL RAOULT (AVENUE),,,Plein jour,En agglomération,Hors intersection,Normale,Deux véhicules - côté,,,,,,,,,,,1,2,1,1,3.0
201600034598,0016-10-30 16:41:00,16,10,30,16,41,780,609,CD 28,,,Plein jour,Hors agglomération,Hors intersection,Normale,Deux véhicules - côté,,,,,,,,,,,1,1,1,1,3.0
201600034599,0016-11-19 17:15:00,16,11,19,17,15,780,440,AMPERE (RUE),,,Crépuscule ou aube,En agglomération,Intersection en T,Normale,Deux véhicules - côté,,,,,,,,,,,2,2,3,1,3.0
201600034600,0016-11-27 21:10:00,16,11,27,21,10,780,609,CD 28,,,Nuit sans éclairage public,Hors agglomération,Hors intersection,Normale,Deux véhicules - frontale,,,,,,,,,,,3,1,1,1,1.0
201600034601,0016-12-17 13:30:00,16,12,17,13,30,780,261,BOUTS DE LA VILLE (CHEMI,,,Plein jour,Hors agglomération,Hors intersection,Brouillard / fumée,Deux véhicules - arrière,,,,,,,,,,,1,1,1,5,2.0
201600034602,0016-10-29 22:45:00,16,10,29,22,45,780,674,CD 11,,,Nuit avec éclairage allumé,En agglomération,Hors intersection,Pluie légère,Deux véhicules - arrière,,,,,,,,,,,5,2,1,2,2.0
201600034603,0016-10-06 16:20:00,16,10,6,16,20,780,674,CD 11,48.82,2.025,Plein jour,Hors agglomération,Hors intersection,Normale,Deux véhicules - frontale,,,,,,,,,,,1,1,1,1,1.0
201600034604,0016-01-02 14:00:00,16,1,2,14,0,780,490,SAINT GERMAIN (AVENUE DE,,,Plein jour,En agglomération,Hors intersection,Normale,Autre collision,,,,,,,,,,,1,2,1,1,6.0
201600034605,0016-01-10 18:45:00,16,1,10,18,45,780,165,BARBUSSE (AVENUE HENRY),,,Nuit avec éclairage non allumé,En agglomération,Hors intersection,Autre,Deux véhicules - côté,,,,,,,,,,,4,2,1,9,3.0
201600034606,0016-09-29 07:55:00,16,9,29,7,55,780,165,"0, BOULEAUX (MAIL DES)",48.821,1.97,Plein jour,En agglomération,Giratoire,Normale,Autre collision,,,,,,,,,,,1,2,6,1,6.0
201600034607,0016-02-04 07:40:00,16,2,4,7,40,780,545,JAURES (AVENUE JEAN),,,Plein jour,En agglomération,Hors intersection,Normale,Deux véhicules - côté,,,,,,,,,,,1,2,1,1,3.0
201600034608,0016-12-09 08:50:00,16,12,9,8,50,780,490,SAINT GERMAIN (AVENUE DE,,,Plein jour,En agglomération,Giratoire,Normale,Deux véhicules - côté,,,,,,,,,,,1,2,6,1,3.0
201600034609,0016-01-08 16:40:00,16,1,8,16,40,780,545,CURIE (AVENUE PIERRE),,,Plein jour,En agglomération,Hors intersection,Normale,Autre collision,,,,,,,,,,,1,2,1,1,6.0
201600034610,0016-03-05 21:20:00,16,3,5,21,20,780,490,"5, LAURENT (AVENUE MARC)",,,Nuit avec éclairage allumé,En agglomération,Intersection en T,Pluie légère,Autre collision,,,,,,,,,,,5,2,3,2,6.0
201600034611,0016-12-08 15:40:00,16,12,8,15,40,780,490,"0, VERNE (RUE JULES)",,,Plein jour,En agglomération,Intersection en X,Normale,Autre collision,,,,,,,,,,,1,2,2,1,6.0
201600034612,0016-02-23 20:50:00,16,2,23,20,50,780,242,ZOLA (RUE EMILE),,,Nuit avec éclairage allumé,En agglomération,Hors intersection,Normale,Deux véhicules - frontale,,,,,,,,,,,5,2,1,1,1.0
201600034613,0016-04-01 19:45:00,16,4,1,19,45,780,490,"22, LAURENT (AVENUE MARC",,,Plein jour,En agglomération,Intersection en T,Normale,Deux véhicules - côté,,,,,,,,,,,1,2,3,1,3.0
201600034614,0016-04-30 13:55:00,16,4,30,13,55,780,545,PERI (RUE GABRIEL),,,Plein jour,En agglomération,Hors intersection,Normale,Deux véhicules - arrière,,,,,,,,,,,1,2,1,1,2.0