accident_id,datetime,annee,mois,jour,heure,minute,departement,commune_insee,adresse,latitude,longitude,luminosite,agglomeration,intersection,meteo,collision,nb_vehicules,nb_usagers,nb_indemnes,nb_tues,nb_blesses_hosp,nb_blesses_legers,age_cond_1,age_cond_2,veh_type_cond_1,veh_type_cond_2,lum_code,agg_code,int_code,atm_code,col_code
201600034615,0016-01-14 07:20:00,16,1,14,7,20,780,545,VAILLANT (RUE DU DOCTEUR,,,Nuit avec éclairage allumé,En agglomération,Intersection en T,Pluie légère,Deux véhicules - côté,,,,,,,,,,,5,2,3,2,3.0
201600034616,0016-06-13 20:00:00,16,6,13,20,0,780,545,VAILLANT (RUE DU DOCTEUR,,,Crépuscule ou aube,Hors agglomération,Intersection en T,Normale,Deux véhicules - côté,,,,,,,,,,,2,1,3,1,3.0
201600034617,0016-06-22 19:30:00,16,6,22,19,30,780,73,RD 129,,,Plein jour,En agglomération,Intersection en T,Normale,Deux véhicules - côté,,,,,,,,,,,1,2,3,1,3.0
201600034618,0016-06-29 04:35:00,16,6,29,4,35,780,490,RD 109,,,Nuit sans éclairage public,Hors agglomération,Hors intersection,Normale,Deux véhicules - frontale,,,,,,,,,,,3,1,1,1,1.0
201600034619,0016-07-06 02:00:00,16,7,6,2,0,780,545,"1, DIVISION LECLERC (AVE",,,Nuit avec éclairage non allumé,Hors agglomération,Hors intersection,Normale,Autre collision,,,,,,,,,,,4,1,1,1,6.0
201600034620,0016-07-05 20:00:00,16,7,5,20,0,780,242,POMPIDOU (AVENUE),,,Plein jour,En agglomération,Hors intersection,Normale,Deux véhicules - frontale,,,,,,,,,,,1,2,1,1,1.0
201600034621,0016-07-11 19:10:00,16,7,11,19,10,780,545,FABIEN (AVENUE COLONEL),,,Plein jour,En agglomération,Intersection en T,Normale,Autre collision,,,,,,,,,,,1,2,3,1,6.0
201600034622,0016-07-21 17:10:00,16,7,21,17,10,780,490,CHEMIN BLANC,,,Plein jour,En agglomération,Intersection en T,Normale,Deux véhicules - côté,,,,,,,,,,,1,2,3,1,3.0
201600034623,0016-05-20 22:30:00,16,5,20,22,30,780,674,RD 98,,,Nuit sans éclairage public,Hors agglomération,Giratoire,Normale,Deux véhicules - frontale,,,,,,,,,,,3,1,6,1,1.0
201600034624,0016-09-13 14:35:00,16,9,13,14,35,780,545,PERI (RUE GABRIEL),,,Plein jour,En agglomération,Hors intersection,Normale,Trois véhicules et plus - en chaîne,,,,,,,,,,,1,2,1,1,4.0
201600034625,0016-07-09 18:00:00,16,7,9,18,0,780,490,SAINT GERMAIN (AVENUE DE,,,Plein jour,En agglomération,Hors intersection,Normale,Deux véhicules - arrière,,,,,,,,,,,1,2,1,1,2.0
201600034626,0016-09-01 12:50:00,16,9,1,12,50,780,490,face place silo 9,,,Plein jour,En agglomération,Hors intersection,Normale,Autre collision,,,,,,,,,,,1,2,1,1,6.0
201600034627,0016-09-11 21:30:00,16,9,11,21,30,780,490,CD 30,,,Nuit sans éclairage public,Hors agglomération,Hors intersection,Normale,Deux véhicules - frontale,,,,,,,,,,,3,1,1,1,1.0
201600034628,0016-10-21 19:15:00,16,10,21,19,15,780,545,"55, PERI (RUE GABRIEL)",,,Crépuscule ou aube,En agglomération,Hors intersection,Pluie légère,Autre collision,,,,,,,,,,,2,2,1,2,6.0
201600034629,0016-02-25 16:45:00,16,2,25,16,45,780,220,ARTOIRE (RUE DE L'),,,Plein jour,Hors agglomération,Hors intersection,Normale,Deux véhicules - frontale,,,,,,,,,,,1,1,1,1,1.0
201600034630,0016-04-06 10:30:00,16,4,6,10,30,780,269,D 906,48.63519,1.15416,Plein jour,Hors agglomération,Hors intersection,Normale,Autre collision,,,,,,,,,,,1,1,1,1,6.0
201600034631,0016-03-22 10:15:00,16,3,22,10,15,780,486,CHARTRES (RUE DE,48.68601,1.84775,Plein jour,En agglomération,Hors intersection,Normale,Autre collision,,,,,,,,,,,1,2,1,1,6.0
201600034632,0016-04-23 17:00:00,16,4,23,17,0,780,269,rue du Bel Air,,,Plein jour,En agglomération,Hors intersection,Normale,Sans collision,,,,,,,,,,,1,2,1,1,7.0
201600034633,0016-05-11 05:50:00,16,5,11,5,50,780,269,D 150,,,Crépuscule ou aube,Hors agglomération,Hors intersection,Brouillard / fumée,Deux véhicules - frontale,,,,,,,,,,,2,1,1,5,1.0
201600034634,0016-05-24 08:50:00,16,5,24,8,50,780,269,BRAY (ROUTE DU),,,Plein jour,Hors agglomération,Hors intersection,Normale,Deux véhicules - côté,,,,,,,,,,,1,1,1,1,3.0
201600034635,0016-06-19 00:34:00,16,6,19,0,34,780,486,D 910,48.70745,1.86944,Nuit sans éclairage public,Hors agglomération,Hors intersection,Normale,Autre collision,,,,,,,,,,,3,1,1,1,6.0
201600034636,0016-06-23 08:35:00,16,6,23,8,35,780,517,"7 BIS, RACINAY (RUE DU)",,,Plein jour,En agglomération,Hors intersection,Normale,Autre collision,,,,,,,,,,,1,2,1,1,6.0
201600034637,0016-07-08 14:05:00,16,7,8,14,5,780,517,"27, LENOTRE (RUE G.)",48.64005,1.82654,Plein jour,En agglomération,Hors intersection,Normale,Autre collision,,,,,,,,,,,1,2,1,1,6.0
201600034638,0016-07-11 23:30:00,16,7,11,23,30,780,517,"69, LENOTRE (RUE G.)",,,Nuit avec éclairage allumé,En agglomération,Intersection en Y,Normale,Sans collision,,,,,,,,,,,5,2,4,1,7.0
201600034639,0016-07-19 19:00:00,16,7,19,19,0,780,220,RN 10,,,Plein jour,Hors agglomération,Autre intersection,Normale,Deux véhicules - arrière,,,,,,,,,,,1,1,9,1,2.0
201600034640,0016-07-22 11:05:00,16,7,22,11,5,780,486,"02, GARE (AVENUE DE LA)",,,Plein jour,En agglomération,Hors intersection,Normale,Autre collision,,,,,,,,,,,1,2,1,1,6.0
201600034641,0016-08-16 13:30:00,16,8,16,13,30,780,517,RN 10,48.66721,1.83768,Plein jour,Hors agglomération,Hors intersection,Normale,Sans collision,,,,,,,,,,,1,1,1,1,7.0
201600034642,0016-08-25 16:10:00,16,8,25,16,10,780,220,RD 202,48.7003,1.9318,Plein jour,Hors agglomération,Hors intersection,Normale,Autre collision,,,,,,,,,,,1,1,1,1,6.0
201600034643,0016-09-10 14:15:00,16,9,10,14,15,780,517,"58, LENOTRE (RUE G.)",48.62954,1.82977,Plein jour,En agglomération,Hors intersection,Normale,Deux véhicules - côté,,,,,,,,,,,1,2,1,1,3.0
201600034644,0016-09-16 20:40:00,16,9,16,20,40,780,486,D 61,,,Nuit sans éclairage public,Hors agglomération,Hors intersection,Pluie légère,Autre collision,,,,,,,,,,,3,1,1,2,6.0
201600034645,0016-09-20 08:10:00,16,9,20,8,10,780,517,SADI CARNOT (RUE),48.64271,1.83011,Plein jour,En agglomération,Intersection à plus de 4 branches,Normale,Autre collision,,,,,,,,,,,1,2,5,1,6.0
201600034646,0016-10-30 11:50:00,16,10,30,11,50,780,517,"43, PATENOTRE (RUE RAYMO",,,Plein jour,En agglomération,Intersection en T,Temps éblouissant,Autre collision,,,,,,,,,,,1,2,3,7,6.0
201600034647,0016-12-03 10:48:00,16,12,3,10,48,780,220,RN 10,,,Plein jour,Hors agglomération,Intersection en X,Normale,Autre collision,,,,,,,,,,,1,1,2,1,6.0
201600034648,0016-09-08 15:35:00,16,9,8,15,35,780,350,"1, VERSAILLES (ROUTE DE)",,,Plein jour,En agglomération,Hors intersection,Normale,Trois véhicules et plus - en chaîne,,,,,,,,,,,1,2,1,1,4.0
201600034649,0016-09-13 20:20:00,16,9,13,20,20,780,418,HUIT MAI 1945 (RUE DU),,,Crépuscule ou aube,En agglomération,Hors intersection,Normale,Sans collision,,,,,,,,,,,2,2,1,1,7.0
201600034650,0016-12-05 08:30:00,16,12,5,8,30,780,133,RN.13,,,Nuit avec éclairage non allumé,Hors agglomération,Hors intersection,Normale,Sans collision,,,,,,,,,,,4,1,1,1,7.0
201600034651,0016-01-16 13:05:00,16,1,16,13,5,780,551,FOCH (AVENUE DU MARECHAL,,,Plein jour,En agglomération,Place,Temps couvert,Deux véhicules - côté,,,,,,,,,,,1,2,7,8,3.0
201600034652,0016-01-04 20:55:00,16,1,4,20,55,780,146,"3 BIS, ECOLES (RUE DES)",,,Nuit avec éclairage allumé,En agglomération,Hors intersection,Normale,Deux véhicules - côté,,,,,,,,,,,5,2,1,1,3.0
201600034653,0016-11-01 18:00:00,16,11,1,18,0,780,146,"1, DARCIS (RUE)",48.91011,2.13952,Crépuscule ou aube,En agglomération,Intersection en T,Normale,Deux véhicules - côté,,,,,,,,,,,2,2,3,1,3.0
201600034654,0016-01-16 21:45:00,16,1,16,21,45,780,551,RN 184,,,Nuit sans éclairage public,Hors agglomération,Hors intersection,Normale,Deux véhicules - frontale,,,,,,,,,,,3,1,1,1,1.0
201600034655,0016-01-16 09:50:00,16,1,16,9,50,780,650,GALLIENI (AVENUE),,,Plein jour,En agglomération,Hors intersection,Normale,Deux véhicules - côté,,,,,,,,,,,1,2,1,1,3.0
201600034656,0016-06-13 17:15:00,16,6,13,17,15,780,190,"0, ECLUSE (RUE DE)",,,Plein jour,En agglomération,Giratoire,Normale,Deux véhicules - côté,,,,,,,,,,,1,2,6,1,3.0
201600034657,0016-11-21 15:30:00,16,11,21,15,30,780,146,"70, GENERAL LECLERC (RUE",,,Plein jour,En agglomération,Hors intersection,Normale,Deux véhicules - côté,,,,,,,,,,,1,2,1,1,3.0
201600034658,0016-02-04 18:32:00,16,2,4,18,32,780,551,"23, PONTOISE (DE)",,,Nuit sans éclairage public,En agglomération,Place,Pluie légère,Autre collision,,,,,,,,,,,3,2,7,2,6.0
201600034659,0016-09-19 08:50:00,16,9,19,8,50,780,418,"23, CHARLES CONSTANTIN (",,,Plein jour,En agglomération,Hors intersection,Normale,Autre collision,,,,,,,,,,,1,2,1,1,6.0
201600034660,0016-12-11 11:50:00,16,12,11,11,50,780,418,PAUL DOUMER (AVENUE),,,Plein jour,En agglomération,Hors intersection,Normale,Autre collision,,,,,,,,,,,1,2,1,1,6.0
201600034661,0016-05-23 15:00:00,16,5,23,15,0,780,372,"2BIS, COEUR VOLANT (COTE",,,Plein jour,En agglomération,Hors intersection,Temps couvert,Deux véhicules - côté,,,,,,,,,,,1,2,1,8,3.0
201600034662,0016-04-20 21:10:00,16,4,20,21,10,780,350,"23, VERSAILLES (ROUTE DE",,,Crépuscule ou aube,En agglomération,Hors intersection,Normale,Deux véhicules - frontale,,,,,,,,,,,2,2,1,1,1.0
201600034663,0016-11-13 03:00:00,16,11,13,3,0,780,350,"64, VERSAILLES (ROUTE DE",,,Nuit avec éclairage allumé,En agglomération,Hors intersection,Pluie forte,Deux véhicules - arrière,,,,,,,,,,,5,2,1,3,2.0
201600034664,0016-03-23 15:45:00,16,3,23,15,45,780,502,"1, VERSAILLES (ROUTE DE)",48.87972,2.10861,Plein jour,En agglomération,Hors intersection,Normale,Trois véhicules et plus - en chaîne,,,,,,,,,,,1,2,1,1,4.0
201600034665,0016-11-30 13:05:00,16,11,30,13,5,780,481,CHARLES DE GAULLE (AVENU,,,Plein jour,En agglomération,Intersection en Y,Normale,Deux véhicules - côté,,,,,,,,,,,1,2,4,1,3.0
201600034666,0016-05-11 08:10:00,16,5,11,8,10,780,551,RD 308,,,Plein jour,Hors agglomération,Hors intersection,Normale,Deux véhicules - frontale,,,,,,,,,,,1,1,1,1,1.0
201600034667,0016-12-29 09:00:00,16,12,29,9,0,780,551,RD 308,,,Plein jour,Hors agglomération,Hors intersection,Normale,Trois véhicules et plus - collisions multiples,,,,,,,,,,,1,1,1,1,5.0
201600034668,0016-07-08 14:00:00,16,7,8,14,0,780,551,RN 184,,,Plein jour,Hors agglomération,Hors intersection,Temps éblouissant,Deux véhicules - arrière,,,,,,,,,,,1,1,1,7,2.0
201600034669,0016-08-03 10:10:00,16,8,3,10,10,780,367,CD 98 (RTE DEPARTEMENTAL,48.88725,2.07779,Plein jour,En agglomération,Intersection en X,Normale,Deux véhicules - côté,,,,,,,,,,,1,2,2,1,3.0
201600034670,0016-07-01 17:15:00,16,7,1,17,15,780,133,MANTES (ROUTE DE),,,Plein jour,Hors agglomération,Hors intersection,Normale,Deux véhicules - côté,,,,,,,,,,,1,1,1,1,3.0
201600034671,0016-07-21 13:00:00,16,7,21,13,0,780,481,LECLERC (AVENUE DU GENER,,,Plein jour,Hors agglomération,Autre intersection,Normale,Deux véhicules - côté,,,,,,,,,,,1,1,9,1,3.0
201600034672,0016-06-21 17:00:00,16,6,21,17,0,780,551,LATTRE DE TASSIGNY (AVE,,,Plein jour,Hors agglomération,Hors intersection,Pluie forte,Trois véhicules et plus - en chaîne,,,,,,,,,,,1,1,1,3,4.0
201600034673,0016-08-18 13:10:00,16,8,18,13,10,780,551,RN 184,,,Plein jour,Hors agglomération,Hors intersection,Normale,Deux véhicules - côté,,,,,,,,,,,1,1,1,1,3.0
201600034674,0016-06-28 19:25:00,16,6,28,19,25,780,650,MONTESSON (ROUTE DE),,,Plein jour,En agglomération,Intersection en X,Normale,Deux véhicules - frontale,,,,,,,,,,,1,2,2,1,1.0
201600034675,0016-09-26 16:30:00,16,9,26,16,30,780,502,VERSAILLES (ROUTE DE),,,Plein jour,En agglomération,Hors intersection,Normale,Autre collision,,,,,,,,,,,1,2,1,1,6.0
201600034676,0016-05-17 13:30:00,16,5,17,13,30,780,502,VERSAILLES (ROUTE DE),,,Plein jour,En agglomération,Hors intersection,Normale,Deux véhicules - côté,,,,,,,,,,,1,2,1,1,3.0
201600034677,0016-01-04 13:45:00,16,1,4,13,45,780,372,JOHN FITZGERALD KENNEDY,,,Plein jour,En agglomération,Intersection en T,Normale,Deux véhicules - côté,,,,,,,,,,,1,2,3,1,3.0
201600034678,0016-09-26 16:40:00,16,9,26,16,40,780,350,"1, SAINT GERMAIN (ROUTE",,,Plein jour,En agglomération,Intersection en Y,Normale,Deux véhicules - côté,,,,,,,,,,,1,2,4,1,3.0
201600034679,0016-04-21 08:30:00,16,4,21,8,30,780,551,"46, LECLERC (AVENUE DU G",,,Plein jour,En agglomération,Hors intersection,Normale,Autre collision,,,,,,,,,,,1,2,1,1,6.0
201600034680,0016-10-05 19:00:00,16,10,5,19,0,780,481,CHARLES DE GAULLE (AVENU,,,Crépuscule ou aube,En agglomération,Intersection en T,Normale,Deux véhicules - frontale,,,,,,,,,,,2,2,3,1,1.0
201600034681,0016-11-22 11:28:00,16,11,22,11,28,780,224,SAINT GEMAIN (ROUTE DE),48.87078,2.07391,Plein jour,Hors agglomération,Intersection en X,Normale,Deux véhicules - côté,,,,,,,,,,,1,1,2,1,3.0
201600034682,0016-10-30 21:10:00,16,10,30,21,10,780,551,RD 190,,,Nuit sans éclairage public,Hors agglomération,Hors intersection,Normale,Autre collision,,,,,,,,,,,3,1,1,1,6.0
201600034683,0016-01-14 17:10:00,16,1,14,17,10,780,586,"80, BERTEAUX (MAURICE) N",49.94086,2.166,Plein jour,En agglomération,Hors intersection,Normale,Autre collision,,,,,,,,,,,1,2,1,1,6.0
201600034684,0016-01-27 07:45:00,16,1,27,7,45,780,586,MERMOZ (JEAN),48.94545,2.17346,Nuit avec éclairage allumé,En agglomération,Hors intersection,Pluie légère,Autre collision,,,,,,,,,,,5,2,1,2,6.0
201600034685,0016-02-16 18:05:00,16,2,16,18,5,780,311,JEAN JAURES (BOULEVARD),,,Crépuscule ou aube,En agglomération,Intersection en T,Normale,Trois véhicules et plus - collisions multiples,,,,,,,,,,,2,2,3,1,5.0
201600034686,0016-02-19 15:30:00,16,2,19,15,30,780,396,"5, Avenue de la Rpubliq",,,Plein jour,En agglomération,Hors intersection,Normale,Autre collision,,,,,,,,,,,1,2,1,1,6.0
201600034687,0016-02-25 23:00:00,16,2,25,23,0,780,586,"20, BERTEAUX (MAURICE) N",48.94327,2.16142,Nuit avec éclairage allumé,En agglomération,Hors intersection,Normale,Autre collision,,,,,,,,,,,5,2,1,1,6.0
201600034688,0016-01-13 10:30:00,16,1,13,10,30,780,586,"65, REPUBLIQUE (AVENUE)",,,Plein jour,En agglomération,Hors intersection,Normale,Autre collision,,,,,,,,,,,1,2,1,1,6.0
201600034689,0016-04-29 17:40:00,16,4,29,17,40,780,311,"23, HENRI BARBUSSE (BOUL",48.92639,2.19313,Plein jour,En agglomération,Hors intersection,Normale,Trois véhicules et plus - collisions multiples,,,,,,,,,,,1,2,1,1,5.0
201600034690,0016-05-19 12:29:00,16,5,19,12,29,780,586,Jean Jaurès / Louise Mic,48.93913,2.15832,Plein jour,En agglomération,Intersection en T,Pluie légère,Deux véhicules - côté,,,,,,,,,,,1,2,3,2,3.0
201600034691,0016-04-26 19:30:00,16,4,26,19,30,780,586,"198, BEZONS",48.93392,2.19139,Plein jour,En agglomération,Intersection en X,Normale,Deux véhicules - côté,,,,,,,,,,,1,2,2,1,3.0
201600034692,0016-05-23 11:00:00,16,5,23,11,0,780,311,"96, MARTYRS DE LA RESIST",,,Plein jour,En agglomération,Hors intersection,Pluie forte,Deux véhicules - côté,,,,,,,,,,,1,2,1,3,3.0
201600034693,0016-03-08 08:35:00,16,3,8,8,35,780,586,"97, MERMOZ (JEAN)",49.94546,2.17343,Plein jour,En agglomération,Hors intersection,Normale,Autre collision,,,,,,,,,,,1,2,1,1,6.0
201600034694,0016-05-11 15:15:00,16,5,11,15,15,780,586,"0, CORMEILLES N° IMPAIR",,2.17572,Plein jour,En agglomération,Intersection en T,Pluie légère,Autre collision,,,,,,,,,,,1,2,3,2,6.0
201600034695,0016-06-10 17:25:00,16,6,10,17,25,780,586,"0, TURGOT N° IMPAIR",48.93282,2.16429,Plein jour,En agglomération,Intersection en T,Temps éblouissant,Sans collision,,,,,,,,,,,1,2,3,7,7.0
201600034696,0016-07-06 19:10:00,16,7,6,19,10,780,586,"01, BERT (PAUL) Nø IMPAI",48.94261,2.19752,Plein jour,En agglomération,Intersection en T,Normale,Autre collision,,,,,,,,,,,1,2,3,1,6.0
201600034697,0016-06-03 16:50:00,16,6,3,16,50,780,586,"53, PECQ",48.93978,2.15268,Plein jour,En agglomération,Hors intersection,Normale,Autre collision,,,,,,,,,,,1,2,1,1,6.0
201600034698,0016-07-21 20:00:00,16,7,21,20,0,780,396,"33, JULES REIN (RUE)",,,Plein jour,En agglomération,Hors intersection,Normale,Autre collision,,,,,,,,,,,1,2,1,1,6.0
201600034699,0016-07-27 18:00:00,16,7,27,18,0,780,586,"63, ENTENTE",,,Plein jour,En agglomération,Hors intersection,Normale,Sans collision,,,,,,,,,,,1,2,1,1,7.0
201600034700,0016-06-24 17:50:00,16,6,24,17,50,780,586,TOBROUK,48.9255,2.15794,Plein jour,En agglomération,Intersection en T,Normale,Deux véhicules - côté,,,,,,,,,,,1,2,3,1,3.0
201600034701,0016-08-15 20:40:00,16,8,15,20,40,780,586,STALINGRAD,,,Plein jour,En agglomération,Intersection en T,Normale,Deux véhicules - côté,,,,,,,,,,,1,2,3,1,3.0
201600034702,0016-08-22 14:45:00,16,8,22,14,45,780,586,"58, CONVENTION",,,Plein jour,En agglomération,Intersection en T,Normale,Deux véhicules - côté,,,,,,,,,,,1,2,3,1,3.0
201600034703,0016-08-22 22:05:00,16,8,22,22,5,780,358,"144, POISSY (AVENUE DE)",,,Nuit avec éclairage allumé,En agglomération,Hors intersection,Normale,Autre collision,,,,,,,,,,,5,2,1,1,6.0
201600034704,0016-08-26 13:20:00,16,8,26,13,20,780,358,EGLE (AVENUE),,,Plein jour,En agglomération,Intersection en T,Normale,Deux véhicules - côté,,,,,,,,,,,1,2,3,1,3.0
201600034705,0016-03-16 16:20:00,16,3,16,16,20,780,586,"140, REPUBLIQUE (AVENUE)",48.93374,2.15104,Plein jour,En agglomération,Hors intersection,Normale,Autre collision,,,,,,,,,,,1,2,1,1,6.0
201600034706,0016-09-05 09:30:00,16,9,5,9,30,780,311,"1, CROIX LION (RUE DE LA",48.93655,2.18346,Plein jour,En agglomération,Intersection en X,Pluie légère,Deux véhicules - arrière,,,,,,,,,,,1,2,2,2,2.0
201600034707,0016-09-13 18:00:00,16,9,13,18,0,780,586,"01, MONTGOLFIER",48.95025,2.17888,Plein jour,En agglomération,Hors intersection,Normale,Deux véhicules - arrière,,,,,,,,,,,1,2,1,1,2.0
201600034708,0016-09-18 16:40:00,16,9,18,16,40,780,124,GENERAL LECLERC (RUE DU),48.91,2.17695,Plein jour,En agglomération,Hors intersection,Normale,Autre collision,,,,,,,,,,,1,2,1,1,6.0
201600034709,0016-09-17 18:16:00,16,9,17,18,16,780,586,"79, BRISSON (HENRI)",48.94063,2.17449,Plein jour,En agglomération,Intersection en T,Normale,Deux véhicules - côté,,,,,,,,,,,1,2,3,1,3.0
201600034710,0016-10-18 19:00:00,16,10,18,19,0,780,586,"151, BERTEAUX (MAURICE)",48.93758,2.17208,Nuit avec éclairage allumé,En agglomération,Hors intersection,Pluie légère,Autre collision,,,,,,,,,,,5,2,1,2,6.0
201600034711,0016-11-08 08:30:00,16,11,8,8,30,780,586,"14, BEZONS",48.94483,2.17547,Crépuscule ou aube,En agglomération,Hors intersection,Normale,Autre collision,,,,,,,,,,,2,2,1,1,6.0
201600034712,0016-11-13 10:50:00,16,11,13,10,50,780,311,"144, HENRI BARBUSSE (BOU",,,Plein jour,En agglomération,Intersection en T,Pluie légère,Deux véhicules - côté,,,,,,,,,,,1,2,3,2,3.0
201600034713,0016-11-17 09:10:00,16,11,17,9,10,780,586,"11, EAUX",48.93911,2.17402,Plein jour,En agglomération,Intersection en X,Normale,Deux véhicules - côté,,,,,,,,,,,1,2,2,1,3.0
201600034714,0016-11-17 19:13:00,16,11,17,19,13,780,311,"7, REPUBLIQUE (AVENUE DE",,,Nuit avec éclairage allumé,En agglomération,Hors intersection,Pluie légère,Deux véhicules - côté,,,,,,,,,,,5,2,1,2,3.0
201600034715,0016-11-07 08:25:00,16,11,7,8,25,780,124,"01, BUZENVAL (RUE DE)",,,Plein jour,En agglomération,Intersection en T,Pluie légère,Deux véhicules - côté,,,,,,,,,,,1,2,3,2,3.0
201600034716,0016-11-29 15:49:00,16,11,29,15,49,780,358,"32, LONGUEIL (AVENUE DE)",,,Plein jour,En agglomération,Hors intersection,Normale,Autre collision,,,,,,,,,,,1,2,1,1,6.0
201600034717,0016-12-01 17:20:00,16,12,1,17,20,780,586,"154, BERTEAUX (MAURICE)",48.9383,2.17052,Crépuscule ou aube,En agglomération,Intersection en X,Normale,Autre collision,,,,,,,,,,,2,2,2,1,6.0
201600034718,0016-12-03 11:45:00,16,12,3,11,45,780,586,"1, MERMOZ (JEAN)",48.94036,2.17058,Plein jour,En agglomération,Intersection en T,Normale,Autre collision,,,,,,,,,,,1,2,3,1,6.0
201600034719,0016-12-06 20:20:00,16,12,6,20,20,780,358,GENERAL DE GAULLE (AVENU,,,Nuit avec éclairage allumé,En agglomération,Intersection en T,Normale,Deux véhicules - côté,,,,,,,,,,,5,2,3,1,3.0
201600034720,0016-12-12 17:20:00,16,12,12,17,20,780,358,"81, PARIS (RUE DE)",,,Nuit avec éclairage allumé,Hors agglomération,Intersection en X,Pluie légère,Deux véhicules - frontale,,,,,,,,,,,5,1,2,2,1.0
201600034721,0016-12-07 12:20:00,16,12,7,12,20,780,124,GENERAL LECLERC (RUE DU),,,Plein jour,En agglomération,Intersection en Y,Normale,Deux véhicules - frontale,,,,,,,,,,,1,2,4,1,1.0
201600034722,0016-12-24 14:59:00,16,12,24,14,59,780,311,"17, NICOLAS CHRISPEELS",,,Plein jour,En agglomération,Hors intersection,Normale,Deux véhicules - frontale,,,,,,,,,,,1,2,1,1,1.0
201600034723,0016-01-07 13:40:00,16,1,7,13,40,780,646,"50, PARIS (AVENUE DE)",48.85661,2.35222,Plein jour,En agglomération,Intersection en X,Normale,Deux véhicules - côté,,,,,,,,,,,1,2,2,1,3.0
201600034724,0016-12-17 12:50:00,16,12,17,12,50,780,158,"17, POTTIER (RUE)",,,Plein jour,En agglomération,Hors intersection,Normale,Autre collision,,,,,,,,,,,1,2,1,1,6.0
201600034725,0016-12-09 13:20:00,16,12,9,13,20,780,158,"54, POTTIER (RUE)",48.82788,2.12627,Plein jour,En agglomération,Hors intersection,Normale,Autre collision,,,,,,,,,,,1,2,1,1,6.0
201600034726,0016-11-09 09:05:00,16,11,9,9,5,780,646,"4, GENERAL DE GAULLE (AV",48.80149,2.12918,Plein jour,En agglomération,Hors intersection,Pluie légère,Deux véhicules - côté,,,,,,,,,,,1,2,1,2,3.0
201600034727,0016-01-11 19:25:00,16,1,11,19,25,780,646,"2, PONT COLBERT (RUE DU)",48.79159,2.14546,Nuit avec éclairage allumé,En agglomération,Intersection en T,Normale,Deux véhicules - côté,,,,,,,,,,,5,2,3,1,3.0
201600034728,0016-12-07 16:51:00,16,12,7,16,51,780,343,chemin de la vallée,48.86272,2.28759,Plein jour,En agglomération,Passage à niveau,Normale,Autre collision,,,,,,,,,,,1,2,8,1,6.0
201600034729,0016-01-28 16:50:00,16,1,28,16,50,780,646,"97, PARIS (AVENUE DE)",,,Plein jour,En agglomération,Intersection en X,Normale,Deux véhicules - côté,,,,,,,,,,,1,2,2,1,3.0
201600034730,0016-01-25 17:05:00,16,1,25,17,5,780,343,LOGES (ROUTE DES),48.76258,2.1526,Plein jour,En agglomération,Hors intersection,Pluie légère,Deux véhicules - frontale,,,,,,,,,,,1,2,1,2,1.0
201600034731,0016-01-29 09:30:00,16,1,29,9,30,780,158,MAZARINE (AVENUE),48.82724,2.13047,Plein jour,En agglomération,Intersection en T,Normale,Autre collision,,,,,,,,,,,1,2,3,1,6.0
201600034732,0016-01-29 07:05:00,16,1,29,7,5,780,158,"23, CHARLES DE GAULLE (A",48.82705,2.12312,Crépuscule ou aube,En agglomération,Intersection en T,Normale,Deux véhicules - frontale,,,,,,,,,,,2,2,3,1,1.0
201600034733,0016-03-07 08:55:00,16,3,7,8,55,780,646,"3, GENERAL MANGIN (AVENU",48.8139,2.13682,Plein jour,En agglomération,Intersection en X,Pluie légère,Autre collision,,,,,,,,,,,1,2,2,2,6.0
201600034734,0016-03-09 07:45:00,16,3,9,7,45,780,646,ANTOINE RICHARD (RUE),48.80661,2.14959,Plein jour,En agglomération,Intersection en X,Normale,Autre collision,,,,,,,,,,,1,2,2,1,6.0
201600034735,0016-03-13 21:30:00,16,3,13,21,30,780,646,"1, PARC DE CLAGNY (RUE D",48.8014,2.13012,Nuit sans éclairage public,En agglomération,Intersection en X,Normale,Deux véhicules - frontale,,,,,,,,,,,3,2,2,1,1.0
201600034736,0016-03-14 19:55:00,16,3,14,19,55,780,646,"120, PARIS (AVENUE DE)",,,Nuit sans éclairage public,En agglomération,Hors intersection,Normale,Autre collision,,,,,,,,,,,3,2,1,1,6.0
201600034737,0016-03-21 08:44:00,16,3,21,8,44,780,646,GUICHARD (AVENUE),48.78242,2.12009,Plein jour,En agglomération,Hors intersection,Normale,Sans collision,,,,,,,,,,,1,2,1,1,7.0
201600034738,0016-03-29 10:05:00,16,3,29,10,5,780,646,"1, ABBE ROUSSEAU (RUE DE",48.8385,2.18597,Plein jour,En agglomération,Intersection en T,Normale,Autre collision,,,,,,,,,,,1,2,3,1,6.0
201600034739,0016-03-27 13:10:00,16,3,27,13,10,780,646,"19, BERTHIER (RUE)",48.8119,2.12618,Plein jour,En agglomération,Hors intersection,Normale,Autre collision,,,,,,,,,,,1,2,1,1,6.0
201600034740,0016-04-02 19:50:00,16,4,2,19,50,780,92,PERI GABRIEL (RUE),48.85774,2.13487,Plein jour,En agglomération,Intersection en T,Pluie légère,Deux véhicules - frontale,,,,,,,,,,,1,2,3,2,1.0
201600034741,0016-01-20 20:20:00,16,1,20,20,20,780,640,"1, SADI LECOINTE (AVENUE",48.78302,2.18472,Nuit avec éclairage allumé,En agglomération,Intersection en T,Normale,Deux véhicules - côté,,,,,,,,,,,5,2,3,1,3.0