accident_id,datetime,annee,mois,jour,heure,minute,departement,commune_insee,adresse,latitude,longitude,luminosite,agglomeration,intersection,meteo,collision,nb_vehicules,nb_usagers,nb_indemnes,nb_tues,nb_blesses_hosp,nb_blesses_legers,age_cond_1,age_cond_2,veh_type_cond_1,veh_type_cond_2,lum_code,agg_code,int_code,atm_code,col_code
201600034986,0016-10-30 13:15:00,16,10,30,13,15,800,21,RUE ALEXANDRE DUMAS,49.8728,2.29302,Plein jour,En agglomération,Hors intersection,Normale,Autre collision,,,,,,,,,,,1,2,1,1,6.0
201600034987,0016-11-03 18:30:00,16,11,3,18,30,800,21,"74, BD DES FEDERES",49.89679,2.28304,Nuit avec éclairage allumé,En agglomération,Intersection en T,Normale,Deux véhicules - côté,,,,,,,,,,,5,2,3,1,3.0
201600034988,0016-11-07 18:26:00,16,11,7,18,26,800,21,"548, CHS JULES FERRY",49.87693,2.34305,Nuit avec éclairage allumé,En agglomération,Hors intersection,Pluie légère,Deux véhicules - côté,,,,,,,,,,,5,2,1,2,3.0
201600034989,0016-11-09 07:53:00,16,11,9,7,53,800,21,"38, R DE DOULLENS",49.90483,2.30662,Crépuscule ou aube,En agglomération,Hors intersection,Pluie forte,Autre collision,,,,,,,,,,,2,2,1,3,6.0
201600034990,0016-11-10 09:25:00,16,11,10,9,25,800,160,"1, R JEAN CATELAS",49.86159,2.34135,Plein jour,Hors agglomération,Hors intersection,Normale,Deux véhicules - arrière,,,,,,,,,,,1,1,1,1,2.0
201600034991,0016-11-15 11:15:00,16,11,15,11,15,800,21,"103, BD DE CHATEAUDUN",49.88407,2.28209,Plein jour,En agglomération,Intersection en X,Pluie légère,Deux véhicules - côté,,,,,,,,,,,1,2,2,2,3.0
201600034992,0016-11-16 08:27:00,16,11,16,8,27,800,21,"21, R D'ASSAS",49.8729,2.31275,Crépuscule ou aube,En agglomération,Hors intersection,Pluie légère,Autre collision,,,,,,,,,,,2,2,1,2,6.0
201600034993,0016-11-18 16:05:00,16,11,18,16,5,800,21,R CHARLES DE FOUCAULD,49.88957,2.30711,Plein jour,En agglomération,Hors intersection,Pluie légère,Deux véhicules - arrière,,,,,,,,,,,1,2,1,2,2.0
201600034994,0016-11-19 13:15:00,16,11,19,13,15,800,21,Av P CLAUDEL/Av Facultés,49.87475,2.26578,Plein jour,En agglomération,Hors intersection,Normale,Deux véhicules - côté,,,,,,,,,,,1,2,1,1,3.0
201600034995,0016-11-21 19:47:00,16,11,21,19,47,800,725,R ALBERT CAMUS/RD8,49.8714,2.25733,Nuit avec éclairage allumé,En agglomération,Intersection en X,Pluie légère,Deux véhicules - côté,,,,,,,,,,,5,2,2,2,3.0
201600034996,0016-09-12 02:00:00,16,9,12,2,0,800,131,D90 (RTE de FOUENCAMPS),49.83619,2.40162,Nuit sans éclairage public,Hors agglomération,Hors intersection,Normale,Autre collision,,,,,,,,,,,3,1,1,1,6.0
201600034997,0016-11-23 15:10:00,16,11,23,15,10,800,21,R SAINT LEU,49.89676,2.30044,Plein jour,En agglomération,Intersection en X,Normale,Deux véhicules - côté,,,,,,,,,,,1,2,2,1,3.0
201600034998,0016-11-25 18:50:00,16,11,25,18,50,800,702,RD 7 - 3+0580,49.84696,2.31212,Nuit sans éclairage public,Hors agglomération,Hors intersection,Normale,Deux véhicules - côté,,,,,,,,,,,3,1,1,1,3.0
201600034999,0016-11-29 10:50:00,16,11,29,10,50,800,21,RUE DE LA 2EME DB,49.89366,2.29291,Plein jour,Hors agglomération,Hors intersection,Normale,Deux véhicules - côté,,,,,,,,,,,1,1,1,1,3.0
201600035000,0016-11-30 08:20:00,16,11,30,8,20,800,21,"133,RUE JEAN MOULIN",49.88046,2.27674,Plein jour,En agglomération,Hors intersection,Pluie légère,Autre collision,,,,,,,,,,,1,2,1,2,6.0
201600035001,0016-12-01 20:50:00,16,12,1,20,50,800,21,"454,RUE D'ABBEVILLE",49.91095,2.25594,Nuit avec éclairage allumé,En agglomération,Hors intersection,Normale,Deux véhicules - côté,,,,,,,,,,,5,2,1,1,3.0
201600035002,0016-12-03 00:30:00,16,12,3,0,30,800,21,RUE DE LA 2EME DB,49.89399,2.29295,Nuit avec éclairage allumé,En agglomération,Intersection en X,Normale,Deux véhicules - côté,,,,,,,,,,,5,2,2,1,3.0
201600035003,0016-12-03 12:35:00,16,12,3,12,35,800,164,RN25 Rocade Nord-EST,,,Plein jour,Hors agglomération,Hors intersection,Normale,Autre collision,,,,,,,,,,,1,1,1,1,6.0
201600035004,0016-12-06 18:25:00,16,12,6,18,25,800,21,RD1235 - R D'ABBEVILLE,49.908,2.26449,Nuit avec éclairage allumé,En agglomération,Intersection en T,Normale,Deux véhicules - côté,,,,,,,,,,,5,2,3,1,3.0
201600035005,0016-12-07 11:30:00,16,12,7,11,30,800,21,R SAINT-FUSCIEN,49.87907,2.30514,Plein jour,En agglomération,Hors intersection,Normale,Deux véhicules - côté,,,,,,,,,,,1,2,1,1,3.0
201600035006,0016-12-10 03:10:00,16,12,10,3,10,800,21,"87, BD DE PONT NOYELLES",49.8827,2.3195,Nuit avec éclairage allumé,En agglomération,Hors intersection,Normale,Autre collision,,,,,,,,,,,5,2,1,1,6.0
201600035007,0016-12-09 14:38:00,16,12,9,14,38,800,21,"1, R DU FAUBOURG DE HEM",49.90066,2.28214,Plein jour,En agglomération,Hors intersection,Normale,Deux véhicules - arrière,,,,,,,,,,,1,2,1,1,2.0
201600035008,0016-12-09 22:45:00,16,12,9,22,45,800,256,"294, AV LOUIS PASTEUR",49.9141,2.23409,Nuit avec éclairage allumé,En agglomération,Hors intersection,Normale,Deux véhicules - arrière,,,,,,,,,,,5,2,1,1,2.0
201600035009,0016-12-17 03:00:00,16,12,17,3,0,800,21,"116, RUE ROBERT LE COQ",49.90132,2.27061,Nuit avec éclairage allumé,En agglomération,Hors intersection,Normale,Autre collision,,,,,,,,,,,5,2,1,1,6.0
201600035010,0016-12-17 03:10:00,16,12,17,3,10,800,21,"52, RUE VICTOR HUGO",49.89345,2.3025,Nuit avec éclairage allumé,En agglomération,Hors intersection,Normale,Autre collision,,,,,,,,,,,5,2,1,1,6.0
201600035011,0016-12-19 07:56:00,16,12,19,7,56,800,21,CARR JACQUES DUCLOS,49.90688,2.318,Crépuscule ou aube,En agglomération,Giratoire,Normale,Deux véhicules - côté,,,,,,,,,,,2,2,6,1,3.0
201600035012,0016-12-20 13:15:00,16,12,20,13,15,800,21,"36,RUE GENERAL LECLERC",49.89713,2.29496,Plein jour,En agglomération,Hors intersection,Normale,Autre collision,,,,,,,,,,,1,2,1,1,6.0
201600035013,0016-12-21 08:30:00,16,12,21,8,30,800,21,AVENUE DE LA PAIX,49.91168,2.30203,Plein jour,En agglomération,Hors intersection,Normale,Autre collision,,,,,,,,,,,1,2,1,1,6.0
201600035014,0016-12-21 16:35:00,16,12,21,16,35,800,21,"13, ALPHONSE FIQUET (PLA",49.89116,2.30627,Plein jour,En agglomération,Hors intersection,Normale,Autre collision,,,,,,,,,,,1,2,1,1,6.0
201600035015,0016-02-11 18:20:00,16,2,11,18,20,810,4,ROUQUIER ( RENE ),,,Crépuscule ou aube,En agglomération,Autre intersection,Normale,Autre collision,,,,,,,,,,,2,2,9,1,6.0
201600035016,0016-04-24 22:45:00,16,4,24,22,45,810,4,"49, POMPIDOU (LICES GEOR",,,Nuit avec éclairage allumé,En agglomération,Hors intersection,Normale,Autre collision,,,,,,,,,,,5,2,1,1,6.0
201600035017,0016-08-22 23:45:00,16,8,22,23,45,810,18,BERGES DU TARN  AMONT DU,43.9523,2.23139,Nuit sans éclairage public,Hors agglomération,Hors intersection,Normale,Deux véhicules - frontale,,,,,,,,,,,3,1,1,1,1.0
201600035018,0016-09-30 11:30:00,16,9,30,11,30,810,4,"111, MILLAU (RTE DE) DU",43.9275,2.19984,Plein jour,Hors agglomération,Intersection en T,Normale,Trois véhicules et plus - collisions multiples,,,,,,,,,,,1,1,3,1,5.0
201600035019,0016-10-12 13:40:00,16,10,12,13,40,810,4,"3, STRASBOURG (BD DE)",43.9334,2.14641,Plein jour,En agglomération,Hors intersection,Normale,Deux véhicules - côté,,,,,,,,,,,1,2,1,1,3.0
201600035020,0016-11-10 07:30:00,16,11,10,7,30,810,4,TEILLET (RTE DE),43.9096,2.19743,Crépuscule ou aube,Hors agglomération,Intersection en X,Temps couvert,Deux véhicules - côté,,,,,,,,,,,2,1,2,8,3.0
201600035021,0016-06-09 12:00:00,16,6,9,12,0,810,60,JAURES ( AVENUE JEAN ),,,Plein jour,En agglomération,Intersection en T,Normale,Autre collision,,,,,,,,,,,1,2,3,1,6.0
201600035022,0016-07-03 07:56:00,16,7,3,7,56,810,60,JAURES ( PLACE JEAN ),,,Plein jour,En agglomération,Hors intersection,Normale,Deux véhicules - frontale,,,,,,,,,,,1,2,1,1,1.0
201600035023,0016-07-06 15:55:00,16,7,6,15,55,810,60,"27, JAURES ( AVENUE JEAN",44.0498,2.15612,Plein jour,En agglomération,Hors intersection,Normale,Autre collision,,,,,,,,,,,1,2,1,1,6.0
201600035024,0016-01-16 11:40:00,16,1,16,11,40,810,65,,43.6347,2.18472,Plein jour,Hors agglomération,Intersection en X,Normale,Deux véhicules - côté,,,,,,,,,,,1,1,2,1,3.0
201600035025,0016-01-18 09:36:00,16,1,18,9,36,810,65,ALBI (RD612 - RTE D'),43.6571,2.21886,Plein jour,Hors agglomération,Hors intersection,Temps couvert,Deux véhicules - côté,,,,,,,,,,,1,1,1,8,3.0
201600035026,0016-02-06 00:30:00,16,2,6,0,30,810,65,RN 112 (ROCADE SUD),43.5715,2.25672,Nuit sans éclairage public,Hors agglomération,Hors intersection,Normale,Deux véhicules - frontale,,,,,,,,,,,3,1,1,1,1.0
201600035027,0016-02-17 10:15:00,16,2,17,10,15,810,65,ALBI (RD612 - RTE D'),43.6488,2.218,Plein jour,Hors agglomération,Hors intersection,Normale,Trois véhicules et plus - collisions multiples,,,,,,,,,,,1,1,1,1,5.0
201600035028,0016-03-25 21:20:00,16,3,25,21,20,810,65,"3, JUIN (ALL. ALPHONSE)",,,Nuit avec éclairage allumé,En agglomération,Place,Normale,Autre collision,,,,,,,,,,,5,2,7,1,6.0
201600035029,0016-06-08 16:10:00,16,6,8,16,10,810,65,,,,Plein jour,En agglomération,Hors intersection,Normale,Sans collision,,,,,,,,,,,1,2,1,1,7.0
201600035030,0016-07-03 12:50:00,16,7,3,12,50,810,65,LAVAUR RD 112 (RTE DE),43.6157,2.19753,Plein jour,Hors agglomération,Hors intersection,Normale,Trois véhicules et plus - collisions multiples,,,,,,,,,,,1,1,1,1,5.0
201600035031,0016-07-09 22:50:00,16,7,9,22,50,810,65,RN 112 (ROCADE SUD),43.5648,2.27297,Nuit sans éclairage public,Hors agglomération,Hors intersection,Normale,Deux véhicules - frontale,,,,,,,,,,,3,1,1,1,1.0
201600035032,0016-08-11 14:20:00,16,8,11,14,20,810,65,66 (ROUTE DEPARTEMENTALE,43.5973,2.31772,Plein jour,Hors agglomération,Hors intersection,Normale,Sans collision,,,,,,,,,,,1,1,1,1,7.0
201600035033,0016-09-24 11:10:00,16,9,24,11,10,810,65,VOIE COMMUNALE 50,,,Plein jour,Hors agglomération,Hors intersection,Normale,Deux véhicules - frontale,,,,,,,,,,,1,1,1,1,1.0
201600035034,0016-12-15 13:00:00,16,12,15,13,0,810,65,PERIE (RUE THERON),43.6089,2.24541,Plein jour,En agglomération,Hors intersection,Normale,Sans collision,,,,,,,,,,,1,2,1,1,7.0
201600035035,0016-12-24 01:45:00,16,12,24,1,45,810,65,RN 112 (ROCADE SUD),43.5715,2.25661,Nuit sans éclairage public,Hors agglomération,Hors intersection,Brouillard / fumée,Deux véhicules - frontale,,,,,,,,,,,3,1,1,5,1.0
201600035036,0016-02-20 18:00:00,16,2,20,18,0,810,163,RD 118,43.4742,2.37035,Plein jour,Hors agglomération,Hors intersection,Normale,Sans collision,,,,,,,,,,,1,1,1,1,7.0
201600035037,0016-05-21 22:40:00,16,5,21,22,40,810,21,BD DU THORÉ,43.5083,2.37308,Nuit avec éclairage non allumé,En agglomération,Hors intersection,Normale,Sans collision,,,,,,,,,,,4,2,1,1,7.0
201600035038,0016-05-12 19:50:00,16,5,12,19,50,810,163,"114, GUYNEMER (GEORGES)",43.49,2.36612,Plein jour,En agglomération,Hors intersection,Normale,Autre collision,,,,,,,,,,,1,2,1,1,6.0
201600035039,0016-05-21 17:15:00,16,5,21,17,15,810,163,RD 118,43.4635,2.35414,Plein jour,Hors agglomération,Hors intersection,Normale,Autre collision,,,,,,,,,,,1,1,1,1,6.0
201600035040,0016-06-02 15:45:00,16,6,2,15,45,810,163,RD612,43.5071,2.37825,Plein jour,En agglomération,Hors intersection,Normale,Autre collision,,,,,,,,,,,1,2,1,1,6.0
201600035041,0016-08-18 14:15:00,16,8,18,14,15,810,163,RD 118,43.4386,2.33312,Plein jour,Hors agglomération,Hors intersection,Normale,Autre collision,,,,,,,,,,,1,1,1,1,6.0
201600035042,0016-09-03 15:55:00,16,9,3,15,55,810,36,RICHARDE,43.4981,2.39041,Plein jour,En agglomération,Hors intersection,Normale,Deux véhicules - côté,,,,,,,,,,,1,2,1,1,3.0
201600035043,0016-09-27 07:55:00,16,9,27,7,55,810,163,"35, ALBERT 1ER",43.494,2.36803,Plein jour,En agglomération,Autre intersection,Normale,Deux véhicules - côté,,,,,,,,,,,1,2,9,1,3.0
201600035044,0016-11-25 17:00:00,16,11,25,17,0,810,163,"45, LAPEYROUSE",43.5036,2.38311,Crépuscule ou aube,En agglomération,Hors intersection,Normale,Deux véhicules - côté,,,,,,,,,,,2,2,1,1,3.0
201600035045,0016-11-27 08:00:00,16,11,27,8,0,810,21,"9, MOULIN (JEAN)",43.5068,2.36253,Plein jour,En agglomération,Hors intersection,Normale,Autre collision,,,,,,,,,,,1,2,1,1,6.0
201600035046,0016-11-18 17:30:00,16,11,18,17,30,810,63,AV.ROUVIERE (ALBERT),43.4973,2.37566,Crépuscule ou aube,En agglomération,Hors intersection,Pluie légère,Autre collision,,,,,,,,,,,2,2,1,2,6.0
201600035047,0016-01-04 08:05:00,16,1,4,8,5,820,33,"10bis, MARECHAL LECLERC",44.04232,1.10489,Crépuscule ou aube,En agglomération,Hors intersection,Normale,Autre collision,,,,,,,,,,,2,2,1,1,6.0
201600035048,0016-02-13 11:05:00,16,2,13,11,5,820,33,FREDERIC CAYROU (AVENUE),44.04079,1.10933,Plein jour,En agglomération,Intersection en T,Normale,Autre collision,,,,,,,,,,,1,2,3,1,6.0
201600035049,0016-03-24 10:30:00,16,3,24,10,30,820,33,"5 BIS, PIERRE FLAMENS (B",44.03887,1.11095,Plein jour,En agglomération,Hors intersection,Normale,Autre collision,,,,,,,,,,,1,2,1,1,6.0
201600035050,0016-06-28 18:20:00,16,6,28,18,20,820,33,"0, OMER SARRAUT (PLACE)",44.03692,1.11102,Plein jour,En agglomération,Giratoire,Normale,Deux véhicules - côté,,,,,,,,,,,1,2,6,1,3.0
201600035051,0016-07-01 19:40:00,16,7,1,19,40,820,33,QUERCY GASCOGNE RD 118 (,44.0648,1.11113,Plein jour,Hors agglomération,Intersection en T,Normale,Sans collision,,,,,,,,,,,1,1,3,1,7.0
201600035052,0016-08-12 15:00:00,16,8,12,15,0,820,33,REVOLUTION (RUE DE LA),44.0383,1.10789,Plein jour,En agglomération,Intersection en X,Normale,Deux véhicules - côté,,,,,,,,,,,1,2,2,1,3.0
201600035053,0016-09-03 09:45:00,16,9,3,9,45,820,33,"0, TOULOUSE RD 813 (ROUT",,,Plein jour,Hors agglomération,Intersection en Y,Normale,Deux véhicules - côté,,,,,,,,,,,1,1,4,1,3.0
201600035054,0016-09-29 08:50:00,16,9,29,8,50,820,33,"28, MARCEAU FAURE (BOULE",44.03601,1.10985,Plein jour,En agglomération,Intersection en X,Normale,Autre collision,,,,,,,,,,,1,2,2,1,6.0
201600035055,0016-12-01 08:00:00,16,12,1,8,0,820,33,QUERCY GASCOGNE RD 118 (,44.07916,1.11333,Crépuscule ou aube,Hors agglomération,Hors intersection,Brouillard / fumée,Trois véhicules et plus - collisions multiples,,,,,,,,,,,2,1,1,5,5.0
201600035056,0016-12-06 13:39:00,16,12,6,13,39,820,33,SAINT AIGNAN (ROUTE DE),44.02674,1.08737,Plein jour,Hors agglomération,Hors intersection,Normale,Deux véhicules - frontale,,,,,,,,,,,1,1,1,1,1.0
201600035057,0016-12-20 07:45:00,16,12,20,7,45,820,33,DE CARREL VC 63 (CHEMIN),44.03006,1.14138,Nuit sans éclairage public,Hors agglomération,Intersection en T,Brouillard / fumée,Deux véhicules - frontale,,,,,,,,,,,3,1,3,5,1.0
201600035058,0016-11-10 12:55:00,16,11,10,12,55,820,121,"NC, giratoire etorre FAR",44.03327,1.37498,Plein jour,En agglomération,Giratoire,Pluie légère,Sans collision,,,,,,,,,,,1,2,6,2,7.0
201600035059,0016-11-19 10:25:00,16,11,19,10,25,820,121,"NC, place du coq",44.01688,1.3537,Plein jour,En agglomération,Place,Normale,Autre collision,,,,,,,,,,,1,2,7,1,6.0
201600035060,0016-11-25 15:40:00,16,11,25,15,40,820,121,"1770, TAUGE (CHEMIN DE L",44.0467,1.41181,Plein jour,En agglomération,Hors intersection,Normale,Autre collision,,,,,,,,,,,1,2,1,1,6.0
201600035061,0016-01-09 19:00:00,16,1,9,19,0,820,121,"NC, PLACE ST ORENS",44.01425,1.34723,Nuit avec éclairage allumé,En agglomération,Hors intersection,Normale,Autre collision,,,,,,,,,,,5,2,1,1,6.0
201600035062,0016-01-26 09:30:00,16,1,26,9,30,820,121,"NC, GIRATOIRE DU TELETHO",44.01178,1.37237,Plein jour,En agglomération,Giratoire,Normale,Autre collision,,,,,,,,,,,1,2,6,1,6.0
201600035063,0016-12-11 21:30:00,16,12,11,21,30,820,121,"2475, SAINT-ETIENNE DE T",44.03329,1.41719,Nuit sans éclairage public,Hors agglomération,Hors intersection,Normale,Autre collision,,,,,,,,,,,3,1,1,1,6.0
201600035064,0016-12-15 23:05:00,16,12,15,23,5,820,121,"5020, AUCH (ROUTE D')",43.97979,1.29037,Nuit sans éclairage public,Hors agglomération,Hors intersection,Normale,Autre collision,,,,,,,,,,,3,1,1,1,6.0
201600035065,0016-02-28 04:05:00,16,2,28,4,5,820,121,"2475, SAINT-ETIENNE DE T",,,Nuit sans éclairage public,Hors agglomération,Hors intersection,Pluie légère,Deux véhicules - côté,,,,,,,,,,,3,1,1,2,3.0
201600035066,0016-02-09 18:55:00,16,2,9,18,55,820,121,"NC, VITARELLE (ROUTE DE",44.03993,1.31443,Nuit avec éclairage allumé,En agglomération,Intersection en T,Normale,Deux véhicules - côté,,,,,,,,,,,5,2,3,1,3.0
201600035067,0016-02-12 13:30:00,16,2,12,13,30,820,121,"330, GASSERAS (AVENUE DE",44.01837,1.33247,Plein jour,En agglomération,Hors intersection,Normale,Deux véhicules - frontale,,,,,,,,,,,1,2,1,1,1.0
201600035068,0016-12-27 13:00:00,16,12,27,13,0,820,121,"661, DOUMERC (BOULEVARD",44.01814,1.36315,Plein jour,En agglomération,Hors intersection,Normale,Autre collision,,,,,,,,,,,1,2,1,1,6.0
201600035069,0016-03-15 20:35:00,16,3,15,20,35,820,121,VITARELLE (ROUTE DE LA),,,Nuit avec éclairage allumé,En agglomération,Hors intersection,Normale,Autre collision,,,,,,,,,,,5,2,1,1,6.0
201600035070,0016-03-17 07:05:00,16,3,17,7,5,820,121,"1896, MONTECH (AVENUE DE",,,Plein jour,Hors agglomération,Hors intersection,Normale,Deux véhicules - côté,,,,,,,,,,,1,1,1,1,3.0
201600035071,0016-03-01 19:35:00,16,3,1,19,35,820,121,"NC, ARDUS (AVENUE D')",44.03794,1.35691,Nuit avec éclairage allumé,En agglomération,Intersection en T,Normale,Deux véhicules - côté,,,,,,,,,,,5,2,3,1,3.0
201600035072,0016-02-15 13:15:00,16,2,15,13,15,820,121,"11, MERCADIER (RUE E.)",44.03857,1.37094,Plein jour,En agglomération,Hors intersection,Normale,Deux véhicules - côté,,,,,,,,,,,1,2,1,1,3.0
201600035073,0016-02-19 18:30:00,16,2,19,18,30,820,121,"25, CLADEL (RUE LEON)",44.02241,1.35878,Crépuscule ou aube,En agglomération,Hors intersection,Normale,Autre collision,,,,,,,,,,,2,2,1,1,6.0
201600035074,0016-02-20 15:15:00,16,2,20,15,15,820,121,"1050, ROUTE DE CASTELSAR",44.01648,1.30839,Plein jour,Hors agglomération,Hors intersection,Normale,Deux véhicules - arrière,,,,,,,,,,,1,1,1,1,2.0
201600035075,0016-03-11 16:40:00,16,3,11,16,40,820,121,"23, AURIOL (BOULEVARD VI",44.01539,1.36605,Plein jour,En agglomération,Hors intersection,Normale,Autre collision,,,,,,,,,,,1,2,1,1,6.0
201600035076,0016-03-20 22:15:00,16,3,20,22,15,820,121,"NC, VOLTAIRE (RUE)",44.03731,1.36463,Nuit avec éclairage allumé,En agglomération,Intersection en X,Normale,Deux véhicules - côté,,,,,,,,,,,5,2,2,1,3.0
201600035077,0016-04-28 14:20:00,16,4,28,14,20,820,121,"19, VOLTAIRE (RUE)",44.03653,1.36816,Plein jour,En agglomération,Intersection en X,Normale,Deux véhicules - côté,,,,,,,,,,,1,2,2,1,3.0
201600035078,0016-05-03 19:45:00,16,5,3,19,45,820,121,"39, POULT (QUAI ADOLPHE)",44.00861,1.34462,Plein jour,En agglomération,Intersection en T,Normale,Deux véhicules - côté,,,,,,,,,,,1,2,3,1,3.0
201600035079,0016-05-07 17:55:00,16,5,7,17,55,820,121,"308, ABBAYE (RUE DE L')",44.01201,1.35386,Plein jour,En agglomération,Intersection en T,Normale,Deux véhicules - côté,,,,,,,,,,,1,2,3,1,3.0
201600035080,0016-05-04 12:20:00,16,5,4,12,20,820,121,"NC, NORD ( route du )",44.05642,1.4043,Plein jour,Hors agglomération,Intersection en T,Normale,Deux véhicules - frontale,,,,,,,,,,,1,1,3,1,1.0
201600035081,0016-05-20 15:30:00,16,5,20,15,30,820,121,"13, FRAICHE (RUE)",44.01768,1.35471,Plein jour,En agglomération,Hors intersection,Normale,Autre collision,,,,,,,,,,,1,2,1,1,6.0
201600035082,0016-05-17 18:19:00,16,5,17,18,19,820,121,"1005, DE SAINT PIERRE (C",44.03655,1.33989,Plein jour,Hors agglomération,Intersection en T,Normale,Deux véhicules - côté,,,,,,,,,,,1,1,3,1,3.0
201600035083,0016-05-27 16:15:00,16,5,27,16,15,820,121,"NC, SALENGRO (RUE ROGER)",44.0148,1.34175,Plein jour,En agglomération,Hors intersection,Temps éblouissant,Autre collision,,,,,,,,,,,1,2,1,7,6.0
201600035084,0016-05-28 10:00:00,16,5,28,10,0,820,121,"710, SABATIE (RUE LOUIS)",44.01076,1.33706,Plein jour,En agglomération,Hors intersection,Normale,Deux véhicules - côté,,,,,,,,,,,1,2,1,1,3.0
201600035085,0016-06-07 05:00:00,16,6,7,5,0,820,121,"NC, POULT (QUAI ADOLPHE)",44.01258,1.34692,Nuit avec éclairage allumé,En agglomération,Intersection en X,Normale,Deux véhicules - côté,,,,,,,,,,,5,2,2,1,3.0
201600035086,0016-06-04 20:15:00,16,6,4,20,15,820,121,"NC, NORD ( route du )",44.03691,1.37969,Plein jour,En agglomération,Intersection en T,Normale,Deux véhicules - côté,,,,,,,,,,,1,2,3,1,3.0
201600035087,0016-06-23 14:45:00,16,6,23,14,45,820,121,"nc, AUCH (ROUTE D')",43.98925,1.30903,Plein jour,Hors agglomération,Intersection en X,Normale,Deux véhicules - côté,,,,,,,,,,,1,1,2,1,3.0
201600035088,0016-07-04 00:30:00,16,7,4,0,30,820,121,"152, ROUGES (CHEMIN DE)",44.00555,1.33903,Nuit sans éclairage public,Hors agglomération,Hors intersection,Normale,Autre collision,,,,,,,,,,,3,1,1,1,6.0
201600035089,0016-07-12 10:40:00,16,7,12,10,40,820,121,"164, MOURETS (AVENUE DES",44.01814,1.37072,Plein jour,En agglomération,Intersection en T,Normale,Autre collision,,,,,,,,,,,1,2,3,1,6.0
201600035090,0016-08-23 17:25:00,16,8,23,17,25,820,121,"NC, PERI (RUE GABRIEL)",44.02601,1.36612,Plein jour,En agglomération,Intersection en T,Normale,Deux véhicules - côté,,,,,,,,,,,1,2,3,1,3.0
201600035091,0016-08-19 16:30:00,16,8,19,16,30,820,121,AUTOROUTE A20,44.02749,1.38788,Plein jour,En agglomération,Hors intersection,Normale,Sans collision,,,,,,,,,,,1,2,1,1,7.0
201600035092,0016-08-21 11:45:00,16,8,21,11,45,820,121,"74, GAMBETTA (AVENUE)",44.02085,1.36058,Plein jour,Hors agglomération,Hors intersection,Normale,Deux véhicules - côté,,,,,,,,,,,1,1,1,1,3.0
201600035093,0016-10-14 12:55:00,16,10,14,12,55,820,121,VITARELLE (ROUTE DE LA),,,Plein jour,Hors agglomération,Hors intersection,Pluie légère,Trois véhicules et plus - collisions multiples,,,,,,,,,,,1,1,1,2,5.0
201600035094,0016-08-29 13:45:00,16,8,29,13,45,820,121,"960, ARDUS (AVENUE D')",44.03553,1.35734,Plein jour,En agglomération,Hors intersection,Normale,Deux véhicules - frontale,,,,,,,,,,,1,2,1,1,1.0
201600035095,0016-09-06 16:20:00,16,9,6,16,20,820,121,"NC, MONTAURIOL (bd)",44.01138,1.36225,Plein jour,En agglomération,Hors intersection,Normale,Autre collision,,,,,,,,,,,1,2,1,1,6.0
201600035096,0016-09-09 08:00:00,16,9,9,8,0,820,121,"NC, GAMBETTA (AVENUE)",44.01542,1.35722,Plein jour,En agglomération,Hors intersection,Normale,Autre collision,,,,,,,,,,,1,2,1,1,6.0
201600035097,0016-09-27 11:00:00,16,9,27,11,0,820,121,"551, MOULIN N 20 (AVENUE",44.02758,1.36797,Plein jour,En agglomération,Intersection en T,Normale,Deux véhicules - côté,,,,,,,,,,,1,2,3,1,3.0
201600035098,0016-10-03 11:30:00,16,10,3,11,30,820,121,"NC, ARDUS (AVENUE D')",44.03471,1.35714,Plein jour,En agglomération,Giratoire,Normale,Deux véhicules - côté,,,,,,,,,,,1,2,6,1,3.0
201600035099,0016-10-04 15:35:00,16,10,4,15,35,820,121,"NC, SAINT-ETIENNE DE TUL",44.04113,1.4215,Plein jour,Hors agglomération,Intersection en X,Normale,Deux véhicules - côté,,,,,,,,,,,1,1,2,1,3.0
201600035100,0016-10-14 07:45:00,16,10,14,7,45,820,121,"107, BRIAND (RUE ARISTID",44.01668,1.34471,Crépuscule ou aube,En agglomération,Hors intersection,Normale,Autre collision,,,,,,,,,,,2,2,1,1,6.0
201600035101,0016-10-26 22:30:00,16,10,26,22,30,820,121,", ALSACE LORRAINE ( BOUL",44.0184,1.36296,Nuit avec éclairage allumé,En agglomération,Intersection en X,Normale,Deux véhicules - côté,,,,,,,,,,,5,2,2,1,3.0
201600035102,0016-01-21 09:00:00,16,1,21,9,0,830,141,13 CHEMIN DE MENENPENTY,43.5104,6.48034,Plein jour,Hors agglomération,Hors intersection,Normale,Trois véhicules et plus - en chaîne,,,,,,,,,,,1,1,1,1,4.0
201600035103,0016-01-24 15:00:00,16,1,24,15,0,830,50,"68, CARNOT(AVENUE LAZARE",43.53338,6.46964,Plein jour,En agglomération,Intersection en T,Normale,Deux véhicules - côté,,,,,,,,,,,1,2,3,1,3.0
201600035104,0016-02-03 11:30:00,16,2,3,11,30,830,50,"1, LIBERTE(BOULEVARD DE",43.53941,6.46321,Plein jour,En agglomération,Hors intersection,Normale,Autre collision,,,,,,,,,,,1,2,1,1,6.0
201600035105,0016-03-22 19:05:00,16,3,22,19,5,830,50,HUIT MAI 1945(AVENUE DU),43.53286,6.47153,Plein jour,Hors agglomération,Hors intersection,Normale,Deux véhicules - frontale,,,,,,,,,,,1,1,1,1,1.0
201600035106,0016-04-10 10:05:00,16,4,10,10,5,830,50,BD des Cyprès Bleus,43.53689,6.4534,Plein jour,Hors agglomération,Hors intersection,Normale,Autre collision,,,,,,,,,,,1,1,1,1,6.0