accident_id,datetime,annee,mois,jour,heure,minute,departement,commune_insee,adresse,latitude,longitude,luminosite,agglomeration,intersection,meteo,collision,nb_vehicules,nb_usagers,nb_indemnes,nb_tues,nb_blesses_hosp,nb_blesses_legers,age_cond_1,age_cond_2,veh_type_cond_1,veh_type_cond_2,lum_code,agg_code,int_code,atm_code,col_code
201600035107,0016-03-29 13:55:00,16,3,29,13,55,830,50,CARNOT(AVENUE LAZARE),43.53342,6.46973,Plein jour,En agglomération,Intersection en T,Normale,Deux véhicules - côté,,,,,,,,,,,1,2,3,1,3.0
201600035108,0016-04-14 19:00:00,16,4,14,19,0,830,50,"1252, MANHES(AVENUE FRED",43.55519,6.43188,Plein jour,Hors agglomération,Autre intersection,Normale,Deux véhicules - côté,,,,,,,,,,,1,1,9,1,3.0
201600035109,0016-04-20 10:55:00,16,4,20,10,55,830,50,GRASSE(ROUTE VIEILLE  DE,43.54068,6.47531,Plein jour,En agglomération,Hors intersection,Normale,Deux véhicules - frontale,,,,,,,,,,,1,2,1,1,1.0
201600035110,0016-04-21 17:55:00,16,4,21,17,55,830,141,"136, BEAULIEU(AVENUE DE)",43.50495,6.48656,Plein jour,En agglomération,Hors intersection,Normale,Autre collision,,,,,,,,,,,1,2,1,1,6.0
201600035111,0016-04-29 12:40:00,16,4,29,12,40,830,50,GRANDE ARMEE(AVENUE DE L,,,Plein jour,En agglomération,Hors intersection,Normale,Deux véhicules - côté,,,,,,,,,,,1,2,1,1,3.0
201600035112,0016-05-07 17:30:00,16,5,7,17,30,830,141,D 1555(SORTIE VILLAGE),43.5095,6.48095,Plein jour,En agglomération,Hors intersection,Normale,Deux véhicules - arrière,,,,,,,,,,,1,2,1,1,2.0
201600035113,0016-05-18 15:55:00,16,5,18,15,55,830,50,VERDUN( AVENUE DE),43.53155,6.47392,Plein jour,En agglomération,Giratoire,Normale,Autre collision,,,,,,,,,,,1,2,6,1,6.0
201600035114,0016-05-24 12:15:00,16,5,24,12,15,830,50,JAURES(BOULEVARD JEAN),,,Plein jour,En agglomération,Hors intersection,Normale,Autre collision,,,,,,,,,,,1,2,1,1,6.0
201600035115,0016-06-03 14:30:00,16,6,3,14,30,830,50,DE GAULLE(AVENUE CHARLES,43.52084,6.47292,Plein jour,Hors agglomération,Hors intersection,Normale,Deux véhicules - arrière,,,,,,,,,,,1,1,1,1,2.0
201600035116,0016-07-12 17:30:00,16,7,12,17,30,830,50,"1, VERDUN( AVENUE DE)",43.53383,6.47762,Plein jour,En agglomération,Intersection en X,Normale,Deux véhicules - frontale,,,,,,,,,,,1,2,2,1,1.0
201600035117,0016-07-12 18:20:00,16,7,12,18,20,830,50,"868, BROSSOLETTE(AVENUE",,,Plein jour,En agglomération,Hors intersection,Normale,Autre collision,,,,,,,,,,,1,2,1,1,6.0
201600035118,0016-07-28 13:35:00,16,7,28,13,35,830,50,BOUALAM(ROND POINT),43.53674,6.45338,Plein jour,En agglomération,Giratoire,Normale,Deux véhicules - côté,,,,,,,,,,,1,2,6,1,3.0
201600035119,0016-07-26 15:50:00,16,7,26,15,50,830,50,"01, PETIT PLAN(CHEMIN DU",43.5392,6.44893,Plein jour,Hors agglomération,Hors intersection,Normale,Autre collision,,,,,,,,,,,1,1,1,1,6.0
201600035120,0016-08-09 09:05:00,16,8,9,9,5,830,50,JOFFRE(BD DU M JOFFRE,43.53644,6.46031,Plein jour,En agglomération,Intersection en T,Normale,Deux véhicules - côté,,,,,,,,,,,1,2,3,1,3.0
201600035121,0016-08-23 13:25:00,16,8,23,13,25,830,141,"80, MENENPENTY(CHEMIN DE",43.50909,6.48141,Plein jour,En agglomération,Hors intersection,Normale,Deux véhicules - frontale,,,,,,,,,,,1,2,1,1,1.0
201600035122,0016-08-24 19:30:00,16,8,24,19,30,830,50,LAGRANGE(BOULEVARD LEO),,,Plein jour,En agglomération,Intersection en X,Normale,Deux véhicules - arrière,,,,,,,,,,,1,2,2,1,2.0
201600035123,0016-09-05 18:45:00,16,9,5,18,45,830,50,PLACE LEROUX,43.53191,6.44922,Plein jour,Hors agglomération,Giratoire,Normale,Deux véhicules - côté,,,,,,,,,,,1,1,6,1,3.0
201600035124,0016-10-20 15:10:00,16,10,20,15,10,830,50,SAINT JEAN LA FOUX(CHEMI,43.51882,6.47785,Plein jour,En agglomération,Hors intersection,Normale,Autre collision,,,,,,,,,,,1,2,1,1,6.0
201600035125,0016-11-01 14:06:00,16,11,1,14,6,830,50,"525, ST HERMENTAIRE(AV)",43.52997,6.45623,Plein jour,En agglomération,Hors intersection,Normale,Trois véhicules et plus - collisions multiples,,,,,,,,,,,1,2,1,1,5.0
201600035126,0016-11-23 12:25:00,16,11,23,12,25,830,50,"1, FERRY(AVENUE JULES)",43.53966,6.45778,Plein jour,En agglomération,Hors intersection,Normale,Autre collision,,,,,,,,,,,1,2,1,1,6.0
201600035127,0016-11-28 16:00:00,16,11,28,16,0,830,50,"119, BLUM(BOULEVARD LEON",43.53088,6.47497,Plein jour,En agglomération,Hors intersection,Normale,Autre collision,,,,,,,,,,,1,2,1,1,6.0
201600035128,0016-12-12 16:15:00,16,12,12,16,15,830,50,BLUM(BOULEVARD LEON),43.52932,6.47785,Plein jour,En agglomération,Intersection en T,Normale,Deux véhicules - côté,,,,,,,,,,,1,2,3,1,3.0
201600035129,0016-01-30 16:40:00,16,1,30,16,40,830,61,"., RUE DES COMBATTANTS D",,,Plein jour,En agglomération,Hors intersection,Normale,Autre collision,,,,,,,,,,,1,2,1,1,6.0
201600035130,0016-05-08 02:00:00,16,5,8,2,0,830,61,"., RUE DES COMBATTANTS D",43.44194,6.72333,Nuit avec éclairage allumé,En agglomération,Hors intersection,Normale,Autre collision,,,,,,,,,,,5,2,1,1,6.0
201600035131,0016-05-25 16:30:00,16,5,25,16,30,830,61,RUE MARTIN BIDOURE,43.43179,6.73354,Plein jour,En agglomération,Hors intersection,Normale,Deux véhicules - arrière,,,,,,,,,,,1,2,1,1,2.0
201600035132,0016-06-11 14:46:00,16,6,11,14,46,830,118,"366, AVENUE DE VALESCURE",43.4277,6.77184,Plein jour,En agglomération,Hors intersection,Normale,Autre collision,,,,,,,,,,,1,2,1,1,6.0
201600035133,0016-06-24 16:50:00,16,6,24,16,50,830,118,BOULEVARD DE L'ASPE,43.43308,6.80695,Plein jour,En agglomération,Hors intersection,Normale,Deux véhicules - frontale,,,,,,,,,,,1,2,1,1,1.0
201600035134,0016-06-29 14:19:00,16,6,29,14,19,830,61,"., AVENUE HENRI GIRAUD",43.44386,6.75006,Plein jour,En agglomération,Hors intersection,Normale,Deux véhicules - frontale,,,,,,,,,,,1,2,1,1,1.0
201600035135,0016-07-12 18:45:00,16,7,12,18,45,830,61,CD 4,,,Plein jour,Hors agglomération,Hors intersection,Normale,Deux véhicules - frontale,,,,,,,,,,,1,1,1,1,1.0
201600035136,0016-08-04 18:30:00,16,8,4,18,30,830,118,"909, CHEMIN DE LA LAUVE",43.43386,6.7795,Plein jour,En agglomération,Hors intersection,Normale,Deux véhicules - côté,,,,,,,,,,,1,2,1,1,3.0
201600035137,0016-08-22 16:08:00,16,8,22,16,8,830,61,RN98 ST AYGULF,,,Plein jour,En agglomération,Hors intersection,Normale,Deux véhicules - arrière,,,,,,,,,,,1,2,1,1,2.0
201600035138,0016-08-12 05:20:00,16,8,12,5,20,830,61,RUE DES COMBATTANTS D'AF,,,Nuit avec éclairage allumé,En agglomération,Giratoire,Normale,Deux véhicules - côté,,,,,,,,,,,5,2,6,1,3.0
201600035139,0016-09-02 15:10:00,16,9,2,15,10,830,61,RN98 ST AYGULF,43.4003,6.72988,Plein jour,En agglomération,Hors intersection,Normale,Autre collision,,,,,,,,,,,1,2,1,1,6.0
201600035140,0016-09-28 14:30:00,16,9,28,14,30,830,61,"1, AVENUE DE LA CORNICHE",,,Plein jour,Hors agglomération,Intersection en T,Normale,Autre collision,,,,,,,,,,,1,1,3,1,6.0
201600035141,0016-09-24 16:25:00,16,9,24,16,25,830,61,"., AVENUE ANDRE LEOTARD",43.43783,6.75413,Plein jour,En agglomération,Hors intersection,Normale,Deux véhicules - côté,,,,,,,,,,,1,2,1,1,3.0
201600035142,0016-09-30 21:45:00,16,9,30,21,45,830,61,AVENUE DU QUINZIEME CORP,43.43682,6.74047,Nuit avec éclairage allumé,En agglomération,Intersection en T,Normale,Deux véhicules - côté,,,,,,,,,,,5,2,3,1,3.0
201600035143,0016-10-08 14:40:00,16,10,8,14,40,830,61,"., RN98 ST AYGULF",43.38555,6.72277,Plein jour,En agglomération,Hors intersection,Normale,Autre collision,,,,,,,,,,,1,2,1,1,6.0
201600035144,0016-10-11 11:00:00,16,10,11,11,0,830,118,"200, RUE WALDECK-ROUSSEA",43.42285,6.76943,Plein jour,En agglomération,Hors intersection,Normale,Autre collision,,,,,,,,,,,1,2,1,1,6.0
201600035145,0016-10-22 16:50:00,16,10,22,16,50,830,118,"469, BOULEVARD EUGENE BR",,,Plein jour,En agglomération,Hors intersection,Normale,Deux véhicules - côté,,,,,,,,,,,1,2,1,1,3.0
201600035146,0016-10-28 16:45:00,16,10,28,16,45,830,61,AVENUE DE L'AGACHON,43.43767,6.73177,Plein jour,En agglomération,Intersection en T,Normale,Deux véhicules - côté,,,,,,,,,,,1,2,3,1,3.0
201600035147,0016-11-11 18:15:00,16,11,11,18,15,830,61,,43.52238,6.89431,Nuit sans éclairage public,Hors agglomération,Hors intersection,Normale,Deux véhicules - frontale,,,,,,,,,,,3,1,1,1,1.0
201600035148,0016-11-24 18:10:00,16,11,24,18,10,830,61,RUE DES COMBATTANTS D'A.,,,Nuit avec éclairage allumé,Hors agglomération,Hors intersection,Pluie forte,Deux véhicules - côté,,,,,,,,,,,5,1,1,3,3.0
201600035149,0016-11-25 16:20:00,16,11,25,16,20,830,61,AVENUE EUGENE JOLY,43.42442,6.73553,Plein jour,En agglomération,Passage à niveau,Temps éblouissant,Autre collision,,,,,,,,,,,1,2,8,7,6.0
201600035150,0016-01-15 16:00:00,16,1,15,16,0,830,69,"11, 8 MAI (AVENUE)",43.116,6.13141,Crépuscule ou aube,En agglomération,Hors intersection,Normale,Autre collision,,,,,,,,,,,2,2,1,1,6.0
201600035151,0016-01-30 14:20:00,16,1,30,14,20,830,34,"1405, RUE DES 3 PINS",43.10304,6.05602,Plein jour,Hors agglomération,Hors intersection,Normale,Deux véhicules - côté,,,,,,,,,,,1,1,1,1,3.0
201600035152,0016-01-30 18:39:00,16,1,30,18,39,830,69,NICE (ROUTE DE),43.12772,6.20819,Nuit sans éclairage public,Hors agglomération,Hors intersection,Normale,Sans collision,,,,,,,,,,,3,1,1,1,7.0
201600035153,0016-02-05 11:25:00,16,2,5,11,25,830,69,"1, 8 MAI (AVENUE)",43.11643,6.13228,Plein jour,En agglomération,Giratoire,Normale,Autre collision,,,,,,,,,,,1,2,6,1,6.0
201600035154,0016-02-04 16:00:00,16,2,4,16,0,830,69,"232, NICE (ROUTE DE)",43.1291,6.15962,Plein jour,Hors agglomération,Hors intersection,Normale,Trois véhicules et plus - collisions multiples,,,,,,,,,,,1,1,1,1,5.0
201600035155,0016-02-08 13:58:00,16,2,8,13,58,830,69,"1, OLBIA  (VOIE)",43.11334,6.12821,Plein jour,En agglomération,Hors intersection,Normale,Autre collision,,,,,,,,,,,1,2,1,1,6.0
201600035156,0016-02-12 17:50:00,16,2,12,17,50,830,69,"4, GERIN (RUE CHARLES)",43.10976,6.12333,Plein jour,En agglomération,Hors intersection,Temps couvert,Trois véhicules et plus - collisions multiples,,,,,,,,,,,1,2,1,8,5.0
201600035157,0016-03-08 03:00:00,16,3,8,3,0,830,69,"3, EISENHOWER (AVENUE DU",43.1195,6.14182,Nuit avec éclairage allumé,En agglomération,Hors intersection,Normale,Autre collision,,,,,,,,,,,5,2,1,1,6.0
201600035158,0016-04-24 16:40:00,16,4,24,16,40,830,69,ALMANARRE (ROUTE DE L,43.08016,6.12311,Plein jour,En agglomération,Hors intersection,Normale,Deux véhicules - arrière,,,,,,,,,,,1,2,1,1,2.0
201600035159,0016-04-30 12:17:00,16,4,30,12,17,830,69,"59, GODILLOT  ( AVENUE )",43.10942,6.1245,Plein jour,En agglomération,Hors intersection,Normale,Autre collision,,,,,,,,,,,1,2,1,1,6.0
201600035160,0016-05-06 09:25:00,16,5,6,9,25,830,69,"1, ARBANAIS (AVENUE DES)",43.0281,6.15559,Plein jour,Hors agglomération,Hors intersection,Normale,Autre collision,,,,,,,,,,,1,1,1,1,6.0
201600035161,0016-05-14 13:59:00,16,5,14,13,59,830,69,"1, MARINE (BOULEVARD DE",43.10022,6.17042,Plein jour,En agglomération,Intersection en T,Normale,Deux véhicules - arrière,,,,,,,,,,,1,2,3,1,2.0
201600035162,0016-05-14 10:00:00,16,5,14,10,0,830,69,GEOFFROY ST HILAIRE (AVE,43.10941,6.12877,Plein jour,En agglomération,Autre intersection,Normale,Sans collision,,,,,,,,,,,1,2,9,1,7.0
201600035163,0016-05-16 22:15:00,16,5,16,22,15,830,69,PIERREFEU (ROUTE DE) RD,43.1683,6.1185,Nuit sans éclairage public,Hors agglomération,Hors intersection,Normale,Autre collision,,,,,,,,,,,3,1,1,1,6.0
201600035164,0016-05-13 11:30:00,16,5,13,11,30,830,69,"33, MARAIS (ROUTE DES)",43.0801,6.12802,Plein jour,En agglomération,Hors intersection,Normale,Trois véhicules et plus - collisions multiples,,,,,,,,,,,1,2,1,1,5.0
201600035165,0016-05-21 06:05:00,16,5,21,6,5,830,69,"1, ALMANARRE (ROUTE DE L",43.08909,6.12875,Plein jour,Hors agglomération,Hors intersection,Normale,Trois véhicules et plus - collisions multiples,,,,,,,,,,,1,1,1,1,5.0
201600035166,0016-06-11 21:25:00,16,6,11,21,25,830,69,"2250, LOUBES (ROUTE DES)",43.1149,6.09622,Crépuscule ou aube,Hors agglomération,Hors intersection,Normale,Sans collision,,,,,,,,,,,2,1,1,1,7.0
201600035167,0016-06-11 10:00:00,16,6,11,10,0,830,69,"1, SEL (ROUTE DU)",43.04476,6.13452,Plein jour,Hors agglomération,Hors intersection,Normale,Deux véhicules - côté,,,,,,,,,,,1,1,1,1,3.0
201600035168,0016-06-12 06:10:00,16,6,12,6,10,830,69,"250, ROTTWEIL (AVENUE DE",43.12657,6.15217,Plein jour,En agglomération,Hors intersection,Normale,Deux véhicules - frontale,,,,,,,,,,,1,2,1,1,1.0
201600035169,0016-06-24 01:15:00,16,6,24,1,15,830,69,GIENS (ROUTE DE ),43.04791,6.14644,Nuit avec éclairage allumé,Hors agglomération,Giratoire,Normale,Autre collision,,,,,,,,,,,5,1,6,1,6.0
201600035170,0016-06-26 00:35:00,16,6,26,0,35,830,69,AEROPORT (AVENUE DE L'),43.09503,6.02305,Nuit avec éclairage allumé,En agglomération,Hors intersection,Normale,Deux véhicules - arrière,,,,,,,,,,,5,2,1,1,2.0
201600035171,0016-07-06 22:10:00,16,7,6,22,10,830,69,"7912, PIERREFEU (ROUTE D",43.18141,6.11888,Nuit sans éclairage public,Hors agglomération,Hors intersection,Normale,Deux véhicules - arrière,,,,,,,,,,,3,1,1,1,2.0
201600035172,0016-07-08 14:30:00,16,7,8,14,30,830,69,NICE (ROUTE DE),,,Plein jour,Hors agglomération,Hors intersection,Normale,Deux véhicules - frontale,,,,,,,,,,,1,1,1,1,1.0
201600035173,0016-07-13 05:20:00,16,7,13,5,20,830,69,", AEROPORT (AVENUE DE L'",43.08269,6.15008,Nuit sans éclairage public,En agglomération,Hors intersection,Normale,Deux véhicules - frontale,,,,,,,,,,,3,2,1,1,1.0
201600035174,0016-07-14 23:55:00,16,7,14,23,55,830,69,"1, PIERREFEU (ROUTE DE)",43.15727,6.12833,Nuit sans éclairage public,Hors agglomération,Hors intersection,Normale,Deux véhicules - frontale,,,,,,,,,,,3,1,1,1,1.0
201600035175,0016-07-29 12:25:00,16,7,29,12,25,830,69,"1722, ALMANARRE (ROUTE D",43.09039,6.12925,Plein jour,Hors agglomération,Hors intersection,Normale,Deux véhicules - frontale,,,,,,,,,,,1,1,1,1,1.0
201600035176,0016-08-16 20:50:00,16,8,16,20,50,830,69,SEL (ROUTE DU),43.07694,6.1268,Nuit sans éclairage public,En agglomération,Hors intersection,Normale,Deux véhicules - frontale,,,,,,,,,,,3,2,1,1,1.0
201600035177,0016-08-16 16:10:00,16,8,16,16,10,830,69,PETIT (ROND POINT HENRI),43.11333,6.12336,Plein jour,En agglomération,Giratoire,Normale,Deux véhicules - côté,,,,,,,,,,,1,2,6,1,3.0
201600035178,0016-08-21 00:30:00,16,8,21,0,30,830,34,RUE DES 3 PINS,43.10883,6.04675,Nuit avec éclairage allumé,Hors agglomération,Hors intersection,Normale,Trois véhicules et plus - collisions multiples,,,,,,,,,,,5,1,1,1,5.0
201600035179,0016-08-21 18:50:00,16,8,21,18,50,830,34,"1520, RUE DES 3 PINS",43.10383,6.05472,Plein jour,Hors agglomération,Hors intersection,Normale,Trois véhicules et plus - en chaîne,,,,,,,,,,,1,1,1,1,4.0
201600035180,0016-08-28 03:10:00,16,8,28,3,10,830,34,CD559,43.10872,6.04697,Nuit avec éclairage allumé,Hors agglomération,Hors intersection,Normale,Autre collision,,,,,,,,,,,5,1,1,1,6.0
201600035181,0016-09-04 18:15:00,16,9,4,18,15,830,69,"1255, MARAIS (ROUTE DES)",43.08202,6.14277,Plein jour,Hors agglomération,Hors intersection,Normale,Deux véhicules - côté,,,,,,,,,,,1,1,1,1,3.0
201600035182,0016-09-06 18:00:00,16,9,6,18,0,830,69,"35, DENIS (AVENUE ALPHON",43.12079,6.13191,Plein jour,En agglomération,Hors intersection,Normale,Autre collision,,,,,,,,,,,1,2,1,1,6.0
201600035183,0016-09-19 18:45:00,16,9,19,18,45,830,69,"2021, ALMANARRE (RTE DE)",43.08785,6.12877,Plein jour,Hors agglomération,Hors intersection,Normale,Deux véhicules - côté,,,,,,,,,,,1,1,1,1,3.0
201600035184,0016-09-27 00:35:00,16,9,27,0,35,830,69,MARINE (BOULEVARD DE LA),,,Nuit avec éclairage allumé,Hors agglomération,Hors intersection,Normale,Deux véhicules - côté,,,,,,,,,,,5,1,1,1,3.0
201600035185,0016-09-30 01:05:00,16,9,30,1,5,830,69,AEROPORT (AVENUE DE L'),,,Nuit avec éclairage allumé,En agglomération,Hors intersection,Normale,Deux véhicules - frontale,,,,,,,,,,,5,2,1,1,1.0
201600035186,0016-10-01 22:10:00,16,10,1,22,10,830,69,OLBIA  (VOIE),43.11341,6.12922,Nuit avec éclairage allumé,En agglomération,Passage à niveau,Normale,Deux véhicules - côté,,,,,,,,,,,5,2,8,1,3.0
201600035187,0016-10-01 03:00:00,16,10,1,3,0,830,69,"17, MILLET (AVENUE ERNES",43.11765,6.12662,Nuit avec éclairage allumé,En agglomération,Place,Normale,Sans collision,,,,,,,,,,,5,2,7,1,7.0
201600035188,0016-10-18 12:20:00,16,10,18,12,20,830,69,"288, MARINE (BOULEVARD D",43.08417,6.15242,Plein jour,En agglomération,Hors intersection,Normale,Deux véhicules - arrière,,,,,,,,,,,1,2,1,1,2.0
201600035189,0016-10-23 15:50:00,16,10,23,15,50,830,69,"744, DECUGIS (AVENUE ALF",43.11557,6.15302,Plein jour,En agglomération,Hors intersection,Pluie légère,Autre collision,,,,,,,,,,,1,2,1,2,6.0
201600035190,0016-10-27 14:10:00,16,10,27,14,10,830,69,LOUBES (ROUTE DES),43.11187,6.11375,Plein jour,En agglomération,Intersection en T,Normale,Deux véhicules - côté,,,,,,,,,,,1,2,3,1,3.0
201600035191,0016-10-19 12:25:00,16,10,19,12,25,830,69,"20, THOMAS (AVENUE AMBRO",43.11534,6.13337,Plein jour,En agglomération,Hors intersection,Normale,Trois véhicules et plus - collisions multiples,,,,,,,,,,,1,2,1,1,5.0
201600035192,0016-10-27 11:05:00,16,10,27,11,5,830,69,"3, MEDITERRANEE (AVENUE",43.08164,6.15379,Plein jour,En agglomération,Hors intersection,Normale,Autre collision,,,,,,,,,,,1,2,1,1,6.0
201600035193,0016-11-09 17:00:00,16,11,9,17,0,830,69,"27, RENAUDEL (AVENUE PIE",43.10677,6.12765,Crépuscule ou aube,En agglomération,Hors intersection,Normale,Deux véhicules - arrière,,,,,,,,,,,2,2,1,1,2.0
201600035194,0016-11-19 19:00:00,16,11,19,19,0,830,34,AVENUE DE FONT BRUN,43.0846,6.11087,Nuit sans éclairage public,Hors agglomération,Hors intersection,Normale,Sans collision,,,,,,,,,,,3,1,1,1,7.0
201600035195,0016-10-03 16:50:00,16,10,3,16,50,830,69,"2621, ALMANARRE (ROUTE D",43.08242,6.12834,Plein jour,En agglomération,Intersection en X,Normale,Deux véhicules - frontale,,,,,,,,,,,1,2,2,1,1.0
201600035196,0016-11-25 09:15:00,16,11,25,9,15,830,69,"1, MARINE (BOULEVARD DE",43.09051,6.1293,Plein jour,En agglomération,Giratoire,Pluie légère,Autre collision,,,,,,,,,,,1,2,6,2,6.0
201600035197,0016-12-04 07:20:00,16,12,4,7,20,830,69,"123, OLBIA  (VOIE)",43.11358,6.13,Nuit avec éclairage allumé,En agglomération,Hors intersection,Normale,Deux véhicules - arrière,,,,,,,,,,,5,2,1,1,2.0
201600035198,0016-12-10 21:10:00,16,12,10,21,10,830,69,"726, MOULIN PREMIER (CHE",,,Nuit avec éclairage allumé,Hors agglomération,Hors intersection,Normale,Sans collision,,,,,,,,,,,5,1,1,1,7.0
201600035199,0016-12-02 21:20:00,16,12,2,21,20,830,69,THOMAS (AVENUE AMBROISE),,,Nuit avec éclairage allumé,En agglomération,Hors intersection,Normale,Deux véhicules - frontale,,,,,,,,,,,5,2,1,1,1.0
201600035200,0016-12-19 19:15:00,16,12,19,19,15,830,69,FRONT DE MER (BOULEVARD),43.108,6.18,Nuit sans éclairage public,Hors agglomération,Hors intersection,Vent fort / tempête,Autre collision,,,,,,,,,,,3,1,1,6,6.0
201600035201,0016-12-23 06:20:00,16,12,23,6,20,830,69,GIENS (ROUTE DE ),43.05144,6.14677,Nuit avec éclairage allumé,Hors agglomération,Hors intersection,Normale,Deux véhicules - arrière,,,,,,,,,,,5,1,1,1,2.0
201600035202,0016-01-05 12:55:00,16,1,5,12,55,830,129,"192, LAENNEC (AVENUE DE)",43.09331,5.83209,Plein jour,En agglomération,Hors intersection,Normale,Autre collision,,,,,,,,,,,1,2,1,1,6.0
201600035203,0016-01-08 18:50:00,16,1,8,18,50,830,129,"994, LAENNEC (AVENUE DE)",43.08738,5.82661,Nuit avec éclairage allumé,En agglomération,Intersection en T,Normale,Deux véhicules - côté,,,,,,,,,,,5,2,3,1,3.0
201600035204,0016-01-04 15:50:00,16,1,4,15,50,830,123,"B2, MILHIERE (CHEMIN)",43.12547,5.80483,Plein jour,En agglomération,Hors intersection,Normale,Autre collision,,,,,,,,,,,1,2,1,1,6.0
201600035205,0016-01-10 03:15:00,16,1,10,3,15,830,129,"526, MER (AVENUE DE LA)",43.09824,5.82814,Nuit avec éclairage allumé,En agglomération,Giratoire,Normale,Autre collision,,,,,,,,,,,5,2,6,1,6.0
201600035206,0016-01-21 15:30:00,16,1,21,15,30,830,129,"1029, KENNEDY (AVENUE J.",43.10804,5.82596,Plein jour,En agglomération,Hors intersection,Normale,Deux véhicules - arrière,,,,,,,,,,,1,2,1,1,2.0
201600035207,0016-01-19 09:25:00,16,1,19,9,25,830,129,"815, KENNEDY (AVENUE J.)",43.10728,5.82094,Plein jour,En agglomération,Hors intersection,Temps couvert,Deux véhicules - arrière,,,,,,,,,,,1,2,1,8,2.0
201600035208,0016-01-31 21:10:00,16,1,31,21,10,830,129,REPUBLIQUE (AVENUE DE LA,43.09223,5.84112,Nuit avec éclairage allumé,En agglomération,Intersection en X,Normale,Deux véhicules - côté,,,,,,,,,,,5,2,2,1,3.0
201600035209,0016-02-05 16:10:00,16,2,5,16,10,830,123,"216, POILUS (AVENUE DES)",,,Plein jour,En agglomération,Hors intersection,Normale,Trois véhicules et plus - collisions multiples,,,,,,,,,,,1,2,1,1,5.0
201600035210,0016-02-17 07:55:00,16,2,17,7,55,830,129,"1539, MER (AVENUE DE LA)",43.10405,5.81857,Plein jour,En agglomération,Hors intersection,Normale,Deux véhicules - arrière,,,,,,,,,,,1,2,1,1,2.0
201600035211,0016-03-05 22:20:00,16,3,5,22,20,830,129,"482, KENNEDY (AVENUE J.)",43.10609,5.81851,Nuit avec éclairage allumé,En agglomération,Hors intersection,Normale,Deux véhicules - côté,,,,,,,,,,,5,2,1,1,3.0
201600035212,0016-03-09 19:05:00,16,3,9,19,5,830,9,"260, MARSEILLE (BD DE)",43.14891,5.74994,Nuit avec éclairage allumé,En agglomération,Hors intersection,Normale,Deux véhicules - côté,,,,,,,,,,,5,2,1,1,3.0
201600035213,0016-03-18 18:10:00,16,3,18,18,10,830,123,GARE (ROUTE),43.12325,5.82261,Plein jour,Hors agglomération,Hors intersection,Normale,Deux véhicules - frontale,,,,,,,,,,,1,1,1,1,1.0
201600035214,0016-03-17 10:35:00,16,3,17,10,35,830,9,"2, GABRIEL PERI (RUE)",43.13602,5.75341,Plein jour,En agglomération,Hors intersection,Normale,Autre collision,,,,,,,,,,,1,2,1,1,6.0
201600035215,0016-03-15 12:20:00,16,3,15,12,20,830,129,"31, RAYNAUD (AVENUE JOSE",43.09179,5.84313,Plein jour,En agglomération,Hors intersection,Normale,Autre collision,,,,,,,,,,,1,2,1,1,6.0
201600035216,0016-04-01 13:00:00,16,4,1,13,0,830,123,MIMOSAS (AVENUE ET AL),43.11837,5.79348,Plein jour,En agglomération,Hors intersection,Temps couvert,Deux véhicules - côté,,,,,,,,,,,1,2,1,8,3.0
201600035217,0016-04-13 16:35:00,16,4,13,16,35,830,123,"415, BANDOL (ROUTE)",43.1249,5.78859,Plein jour,En agglomération,Hors intersection,Normale,Deux véhicules - arrière,,,,,,,,,,,1,2,1,1,2.0
201600035218,0016-04-11 18:00:00,16,4,11,18,0,830,129,JUIN MARECHAL (AV DU),43.09761,5.85124,Plein jour,Hors agglomération,Giratoire,Normale,Deux véhicules - frontale,,,,,,,,,,,1,1,6,1,1.0
201600035219,0016-04-17 04:05:00,16,4,17,4,5,830,129,MER (AVENUE DE LA),,,Nuit avec éclairage allumé,En agglomération,Hors intersection,Normale,Sans collision,,,,,,,,,,,5,2,1,1,7.0
201600035220,0016-05-10 08:25:00,16,5,10,8,25,830,9,"172, ONZE NOVEMBRE 1945",43.13721,5.75229,Plein jour,En agglomération,Hors intersection,Normale,Deux véhicules - côté,,,,,,,,,,,1,2,1,1,3.0
201600035221,0016-05-26 08:40:00,16,5,26,8,40,830,9,LUCIEN ARTAUD (PLACE),43.13699,5.76027,Plein jour,En agglomération,Giratoire,Normale,Deux véhicules - côté,,,,,,,,,,,1,2,6,1,3.0
201600035222,0016-05-30 20:30:00,16,5,30,20,30,830,123,"2100, BANDOL (ROUTE)",,,Plein jour,Hors agglomération,Hors intersection,Normale,Deux véhicules - côté,,,,,,,,,,,1,1,1,1,3.0
201600035223,0016-06-09 17:10:00,16,6,9,17,10,830,129,"400, MER (AVENUE DE LA)",,,Plein jour,En agglomération,Hors intersection,Normale,Autre collision,,,,,,,,,,,1,2,1,1,6.0
201600035224,0016-06-10 12:25:00,16,6,10,12,25,830,129,MER (AVENUE DE LA) 1654,43.10461,5.81775,Plein jour,En agglomération,Hors intersection,Normale,Deux véhicules - côté,,,,,,,,,,,1,2,1,1,3.0
201600035225,0016-06-17 08:35:00,16,6,17,8,35,830,129,"240, MER (AVENUE DE LA)",43.09625,5.83129,Plein jour,En agglomération,Intersection en X,Normale,Deux véhicules - côté,,,,,,,,,,,1,2,2,1,3.0
201600035226,0016-06-18 05:05:00,16,6,18,5,5,830,123,"838, LANCON (CHEMIN)",43.13789,5.8136,Nuit avec éclairage allumé,En agglomération,Hors intersection,Normale,Autre collision,,,,,,,,,,,5,2,1,1,6.0
201600035227,0016-06-19 18:00:00,16,6,19,18,0,830,123,"2152, BANDOL (ROUTE)",43.13994,5.77638,Plein jour,En agglomération,Hors intersection,Normale,Trois véhicules et plus - en chaîne,,,,,,,,,,,1,2,1,1,4.0