accident_id,datetime,annee,mois,jour,heure,minute,departement,commune_insee,adresse,latitude,longitude,luminosite,agglomeration,intersection,meteo,collision,nb_vehicules,nb_usagers,nb_indemnes,nb_tues,nb_blesses_hosp,nb_blesses_legers,age_cond_1,age_cond_2,veh_type_cond_1,veh_type_cond_2,lum_code,agg_code,int_code,atm_code,col_code
201600035228,0016-07-09 21:40:00,16,7,9,21,40,830,9,CD 559,43.1549,5.74296,Nuit sans éclairage public,En agglomération,Hors intersection,Normale,Deux véhicules - frontale,,,,,,,,,,,3,2,1,1,1.0
201600035229,0016-07-08 17:35:00,16,7,8,17,35,830,123,EUROPE UNIE (AVENUE),43.11861,5.80984,Plein jour,En agglomération,Hors intersection,Temps éblouissant,Autre collision,,,,,,,,,,,1,2,1,7,6.0
201600035230,0016-07-12 16:15:00,16,7,12,16,15,830,123,"173, PRADO (AVENUE)",43.12853,5.7815,Plein jour,En agglomération,Hors intersection,Normale,Autre collision,,,,,,,,,,,1,2,1,1,6.0
201600035231,0016-07-19 18:25:00,16,7,19,18,25,830,129,LERY (BOULEVARD DE),43.11805,5.8473,Plein jour,En agglomération,Hors intersection,Normale,Trois véhicules et plus - collisions multiples,,,,,,,,,,,1,2,1,1,5.0
201600035232,0016-07-20 09:50:00,16,7,20,9,50,830,123,"87, GARE (ROUTE)",43.1193,5.81156,Plein jour,En agglomération,Hors intersection,Normale,Autre collision,,,,,,,,,,,1,2,1,1,6.0
201600035233,0016-07-30 15:20:00,16,7,30,15,20,830,123,"1289, BANDOL (ROUTE)",43.13073,5.78186,Plein jour,En agglomération,Hors intersection,Normale,Deux véhicules - côté,,,,,,,,,,,1,2,1,1,3.0
201600035234,0016-08-03 11:10:00,16,8,3,11,10,830,129,COUDOULIERE (LA),43.09866,5.82052,Plein jour,En agglomération,Intersection en T,Normale,Deux véhicules - côté,,,,,,,,,,,1,2,3,1,3.0
201600035235,0016-08-06 07:55:00,16,8,6,7,55,830,9,"16, rue de la république",43.13594,5.75412,Plein jour,En agglomération,Hors intersection,Normale,Autre collision,,,,,,,,,,,1,2,1,1,6.0
201600035236,0016-08-12 07:45:00,16,8,12,7,45,830,129,JUIN MARECHAL (AV DU),43.09458,5.84694,Plein jour,En agglomération,Giratoire,Normale,Deux véhicules - côté,,,,,,,,,,,1,2,6,1,3.0
201600035237,0016-08-13 16:00:00,16,8,13,16,0,830,123,BANDOL (ROUTE de),43.13815,5.77405,Plein jour,En agglomération,Hors intersection,Normale,Trois véhicules et plus - collisions multiples,,,,,,,,,,,1,2,1,1,5.0
201600035238,0016-08-17 23:35:00,16,8,17,23,35,830,123,", HENRY (RUE RAOUL",43.13622,5.81247,Nuit avec éclairage allumé,En agglomération,Hors intersection,Normale,Autre collision,,,,,,,,,,,5,2,1,1,6.0
201600035239,0016-08-22 12:55:00,16,8,22,12,55,830,129,KENNEDY (AVENUE J.)NøPAI,43.10766,5.81877,Plein jour,En agglomération,Hors intersection,Normale,Deux véhicules - côté,,,,,,,,,,,1,2,1,1,3.0
201600035240,0016-08-20 19:50:00,16,8,20,19,50,830,129,"1381, CORN DE LA COUDOUL",43.08825,5.80998,Plein jour,En agglomération,Hors intersection,Normale,Deux véhicules - arrière,,,,,,,,,,,1,2,1,1,2.0
201600035241,0016-08-29 15:55:00,16,8,29,15,55,830,129,"1082, MER (AVENUE DE LA)",43.10097,5.82376,Plein jour,En agglomération,Hors intersection,Normale,Trois véhicules et plus - collisions multiples,,,,,,,,,,,1,2,1,1,5.0
201600035242,0016-08-31 18:10:00,16,8,31,18,10,830,123,"430, EUROPE UNIE (AVENUE",43.11862,5.81008,Plein jour,En agglomération,Hors intersection,Normale,Deux véhicules - arrière,,,,,,,,,,,1,2,1,1,2.0
201600035243,0016-08-31 08:25:00,16,8,31,8,25,830,129,"355, SABLETTES (ROUTE DE",43.0886,5.85246,Plein jour,En agglomération,Intersection en T,Normale,Deux véhicules - côté,,,,,,,,,,,1,2,3,1,3.0
201600035244,0016-09-01 12:10:00,16,9,1,12,10,830,9,"898, BEAUSSET (ROUTE DU)",43.14633,5.76569,Plein jour,En agglomération,Hors intersection,Normale,Deux véhicules - arrière,,,,,,,,,,,1,2,1,1,2.0
201600035245,0016-09-20 10:10:00,16,9,20,10,10,830,123,"4210, TOULON (ANCIEN CHE",43.14152,5.77963,Plein jour,Hors agglomération,Hors intersection,Normale,Deux véhicules - frontale,,,,,,,,,,,1,1,1,1,1.0
201600035246,0016-09-20 15:05:00,16,9,20,15,5,830,129,"413, FONT DE FILLOL (RC",43.09573,5.8285,Plein jour,En agglomération,Hors intersection,Normale,Deux véhicules - arrière,,,,,,,,,,,1,2,1,1,2.0
201600035247,0016-09-22 20:00:00,16,9,22,20,0,830,129,"1305, COUDOULIERE (LA)",43.08879,5.81026,Nuit avec éclairage allumé,En agglomération,Autre intersection,Normale,Trois véhicules et plus - collisions multiples,,,,,,,,,,,5,2,9,1,5.0
201600035248,0016-09-23 18:25:00,16,9,23,18,25,830,129,"320, ECOLES (BD DES)",43.11093,5.81353,Plein jour,En agglomération,Hors intersection,Normale,Deux véhicules - arrière,,,,,,,,,,,1,2,1,1,2.0
201600035249,0016-09-23 19:30:00,16,9,23,19,30,830,129,"515, SOLVIOU (CORNICHE D",43.10221,5.81226,Crépuscule ou aube,En agglomération,Hors intersection,Normale,Autre collision,,,,,,,,,,,2,2,1,1,6.0
201600035250,0016-09-28 12:15:00,16,9,28,12,15,830,129,"206, DE GAULLE (PROMENAD",43.11007,5.81285,Plein jour,En agglomération,Hors intersection,Normale,Autre collision,,,,,,,,,,,1,2,1,1,6.0
201600035251,0016-09-28 16:05:00,16,9,28,16,5,830,129,TRAITE DE L'ELYSEE (ROND,43.10658,5.81434,Plein jour,En agglomération,Giratoire,Normale,Deux véhicules - côté,,,,,,,,,,,1,2,6,1,3.0
201600035252,0016-10-02 01:30:00,16,10,2,1,30,830,129,"513, CAP NEGRE (ALLEE ET",43.10232,5.811,Nuit avec éclairage allumé,En agglomération,Hors intersection,Normale,Autre collision,,,,,,,,,,,5,2,1,1,6.0
201600035253,0016-10-02 02:10:00,16,10,2,2,10,830,129,COUDOULIERE (LA),43.09595,5.81265,Nuit avec éclairage allumé,En agglomération,Hors intersection,Normale,Autre collision,,,,,,,,,,,5,2,1,1,6.0
201600035254,0016-10-07 17:15:00,16,10,7,17,15,830,123,"197, BUGE (CHEMIN DE LA)",43.12046,5.8084,Plein jour,En agglomération,Hors intersection,Normale,Autre collision,,,,,,,,,,,1,2,1,1,6.0
201600035255,0016-10-08 23:50:00,16,10,8,23,50,830,129,DE GAULLE (PROMENADE CHA,43.11546,5.80849,Nuit avec éclairage allumé,En agglomération,Hors intersection,Normale,Trois véhicules et plus - en chaîne,,,,,,,,,,,5,2,1,1,4.0
201600035256,0016-10-26 17:45:00,16,10,26,17,45,830,129,MER (AVENUE DE LA) Nø PA,43.09601,5.83124,Plein jour,En agglomération,Hors intersection,Normale,Autre collision,,,,,,,,,,,1,2,1,1,6.0
201600035257,0016-11-19 17:50:00,16,11,19,17,50,830,129,"0, FORET (CHE DE LA)",43.082,5.83,Nuit avec éclairage allumé,En agglomération,Hors intersection,Normale,Deux véhicules - côté,,,,,,,,,,,5,2,1,1,3.0
201600035258,0016-11-22 18:00:00,16,11,22,18,0,830,129,MER (AVENUE DE LA) Nø PA,43.10473,5.8176,Nuit avec éclairage allumé,En agglomération,Hors intersection,Normale,Autre collision,,,,,,,,,,,5,2,1,1,6.0
201600035259,0016-11-28 11:15:00,16,11,28,11,15,830,129,LYCEE DE LA COUDOULIERE,43.098,5.821,Plein jour,En agglomération,Hors intersection,Normale,Autre collision,,,,,,,,,,,1,2,1,1,6.0
201600035260,0016-12-02 14:10:00,16,12,2,14,10,830,129,"183, MER (AVENUE DE LA)",43.0961,5.83124,Plein jour,En agglomération,Intersection en T,Normale,Deux véhicules - côté,,,,,,,,,,,1,2,3,1,3.0
201600035261,0016-12-04 13:25:00,16,12,4,13,25,830,129,COUDOULIERE (LA),43.10015,5.81198,Plein jour,En agglomération,Intersection en X,Normale,Deux véhicules - arrière,,,,,,,,,,,1,2,2,1,2.0
201600035262,0016-12-05 17:30:00,16,12,5,17,30,830,129,"192, LAENNEC (AVENUE DE)",43.09323,5.83228,Nuit avec éclairage allumé,En agglomération,Hors intersection,Normale,Deux véhicules - côté,,,,,,,,,,,5,2,1,1,3.0
201600035263,0016-12-06 18:30:00,16,12,6,18,30,830,123,EUROPE UNIE (AVENUE),43.11798,5.80805,Nuit avec éclairage allumé,En agglomération,Hors intersection,Normale,Autre collision,,,,,,,,,,,5,2,1,1,6.0
201600035264,0016-12-09 17:25:00,16,12,9,17,25,830,123,GARE (ROUTE),43.12045,5.81416,Nuit avec éclairage allumé,En agglomération,Hors intersection,Normale,Deux véhicules - côté,,,,,,,,,,,5,2,1,1,3.0
201600035265,0016-12-12 07:40:00,16,12,12,7,40,830,129,"55, FONT DE FILLOL (RC E",43.09791,5.82663,Plein jour,En agglomération,Hors intersection,Normale,Autre collision,,,,,,,,,,,1,2,1,1,6.0
201600035266,0016-01-10 15:00:00,16,1,10,15,0,830,126,"2059, PACHA (CORNICHE MI",43.08272,5.89511,Plein jour,En agglomération,Hors intersection,Normale,Autre collision,,,,,,,,,,,1,2,1,1,6.0
201600035267,0016-01-07 20:25:00,16,1,7,20,25,830,126,"362, ROSTAND (BD JEAN)",43.10983,5.87055,Nuit avec éclairage allumé,En agglomération,Intersection en X,Normale,Deux véhicules - côté,,,,,,,,,,,5,2,2,1,3.0
201600035268,0016-02-17 17:00:00,16,2,17,17,0,830,126,"42, AV DE LA 1ERE ARMEE",43.11335,5.88358,Plein jour,En agglomération,Hors intersection,Normale,Deux véhicules - côté,,,,,,,,,,,1,2,1,1,3.0
201600035269,0016-02-24 15:25:00,16,2,24,15,25,830,126,"face 538, ANCIENS COMBAT",43.10407,5.85374,Plein jour,En agglomération,Hors intersection,Normale,Autre collision,,,,,,,,,,,1,2,1,1,6.0
201600035270,0016-04-12 16:10:00,16,4,12,16,10,830,126,"41, ALLENDE (AV. SALVADO",43.08926,5.88142,Plein jour,En agglomération,Hors intersection,Normale,Deux véhicules - côté,,,,,,,,,,,1,2,1,1,3.0
201600035271,0016-04-18 19:50:00,16,4,18,19,50,830,126,"1, APPEL 18 JUIN 1940 (R",43.10759,5.87704,Plein jour,En agglomération,Intersection en T,Normale,Deux véhicules - côté,,,,,,,,,,,1,2,3,1,3.0
201600035272,0016-05-05 14:20:00,16,5,5,14,20,830,126,"90, HUGO (RUE VICTOR )",43.10259,5.87702,Plein jour,En agglomération,Hors intersection,Normale,Autre collision,,,,,,,,,,,1,2,1,1,6.0
201600035273,0016-05-23 10:15:00,16,5,23,10,15,830,126,"10, CLERY (AV HUGUES)",43.08112,5.88588,Plein jour,En agglomération,Hors intersection,Normale,Deux véhicules - côté,,,,,,,,,,,1,2,1,1,3.0
201600035274,0016-05-21 18:32:00,16,5,21,18,32,830,126,"30, LA SEYNE A OLLIOULES",43.12834,5.84448,Plein jour,Hors agglomération,Hors intersection,Normale,Trois véhicules et plus - en chaîne,,,,,,,,,,,1,1,1,1,4.0
201600035275,0016-06-07 22:47:00,16,6,7,22,47,830,126,"639, PACHA (CORNICHE MIC",43.0928,5.90375,Nuit avec éclairage allumé,En agglomération,Hors intersection,Normale,Deux véhicules - frontale,,,,,,,,,,,5,2,1,1,1.0
201600035276,0016-06-25 11:20:00,16,6,25,11,20,830,126,"45, LAMARQUE (AV)",43.10782,5.86298,Plein jour,En agglomération,Hors intersection,Normale,Autre collision,,,,,,,,,,,1,2,1,1,6.0
201600035277,0016-06-24 15:45:00,16,6,24,15,45,830,126,"300, AV DE LA 1ERE ARMEE",43.11039,5.87883,Plein jour,En agglomération,Hors intersection,Normale,Deux véhicules - côté,,,,,,,,,,,1,2,1,1,3.0
201600035278,0016-07-28 22:50:00,16,7,28,22,50,830,126,"50, STALINGRAD (BD)",43.10571,5.86781,Nuit avec éclairage allumé,En agglomération,Autre intersection,Normale,Deux véhicules - côté,,,,,,,,,,,5,2,9,1,3.0
201600035279,0016-08-20 14:30:00,16,8,20,14,30,830,126,"42, GAMBETTA (AV)",43.10452,5.87884,Plein jour,En agglomération,Hors intersection,Normale,Deux véhicules - côté,,,,,,,,,,,1,2,1,1,3.0
201600035280,0016-09-26 18:20:00,16,9,26,18,20,830,126,"445, ORVES (AV ESTIENNE",,,Plein jour,En agglomération,Hors intersection,Normale,Autre collision,,,,,,,,,,,1,2,1,1,6.0
201600035281,0016-11-04 13:35:00,16,11,4,13,35,830,126,215 Rue du col d'Artaud,43.09813,5.8538,Plein jour,En agglomération,Hors intersection,Normale,Trois véhicules et plus - collisions multiples,,,,,,,,,,,1,2,1,1,5.0
201600035282,0016-11-04 16:15:00,16,11,4,16,15,830,126,"3, GARIBALDI (AV)",43.10036,5.88237,Plein jour,En agglomération,Hors intersection,Normale,Autre collision,,,,,,,,,,,1,2,1,1,6.0
201600035283,0016-11-25 17:00:00,16,11,25,17,0,830,126,"780, EUROPE (BD DE L')",43.11329,5.8577,Plein jour,En agglomération,Hors intersection,Normale,Autre collision,,,,,,,,,,,1,2,1,1,6.0
201600035284,0016-11-30 14:00:00,16,11,30,14,0,830,126,"1325, POMPIDOU (CORNICHE",43.08858,5.89888,Plein jour,En agglomération,Hors intersection,Normale,Deux véhicules - côté,,,,,,,,,,,1,2,1,1,3.0
201600035285,0016-01-08 17:30:00,16,1,8,17,30,830,62,"1, BOSQUET (ALLEE DU)",43.11308,5.98016,Crépuscule ou aube,En agglomération,Intersection en X,Normale,Deux véhicules - côté,,,,,,,,,,,2,2,2,1,3.0
201600035286,0016-01-11 20:42:00,16,1,11,20,42,830,137,BON RENCONTRE (ROND POIN,43.12797,5.907,Nuit avec éclairage allumé,En agglomération,Giratoire,Normale,Deux véhicules - côté,,,,,,,,,,,5,2,6,1,3.0
201600035287,0016-01-13 11:45:00,16,1,13,11,45,830,62,DRAGUIGNAN (AVENUE DE),43.14271,6.03727,Plein jour,En agglomération,Hors intersection,Normale,Deux véhicules - côté,,,,,,,,,,,1,2,1,1,3.0
201600035288,0016-01-14 21:30:00,16,1,14,21,30,830,90,", BOUYERE (CHEMIN DE LA)",43.12311,5.87446,Nuit avec éclairage allumé,Hors agglomération,Hors intersection,Pluie légère,Autre collision,,,,,,,,,,,5,1,1,2,6.0
201600035289,0016-01-20 20:10:00,16,1,20,20,10,830,137,"0, REPUBLIQUE (AVE DE LA",43.12169,5.9293,Nuit avec éclairage allumé,En agglomération,Hors intersection,Normale,Deux véhicules - côté,,,,,,,,,,,5,2,1,1,3.0
201600035290,0016-01-20 19:20:00,16,1,20,19,20,830,137,PICOT (AVE DU COLONEL),43.12557,5.95806,Nuit avec éclairage allumé,En agglomération,Intersection en T,Normale,Deux véhicules - côté,,,,,,,,,,,5,2,3,1,3.0
201600035291,0016-01-22 22:50:00,16,1,22,22,50,830,62,PREMIER (BAT.INF.DU PACI,43.13127,6.01663,Nuit avec éclairage allumé,En agglomération,Hors intersection,Normale,Trois véhicules et plus - en chaîne,,,,,,,,,,,5,2,1,1,4.0
201600035292,0016-01-27 15:00:00,16,1,27,15,0,830,137,"0, VAL D'ARDENE (ROUTE D",43.15926,5.91822,Plein jour,En agglomération,Hors intersection,Normale,Autre collision,,,,,,,,,,,1,2,1,1,6.0
201600035293,0016-01-29 09:00:00,16,1,29,9,0,830,137,"378, PICOT (AVE DU COLON",43.12682,5.96107,Plein jour,En agglomération,Hors intersection,Normale,Autre collision,,,,,,,,,,,1,2,1,1,6.0
201600035294,0016-02-04 13:40:00,16,2,4,13,40,830,137,"0, VAL D'ARDENE (ROUTE D",43.16055,5.92309,Plein jour,En agglomération,Hors intersection,Normale,Autre collision,,,,,,,,,,,1,2,1,1,6.0
201600035295,0016-02-05 10:30:00,16,2,5,10,30,830,137,"634, VAL D'ARDENE (ROUTE",43.16185,5.92509,Plein jour,Hors agglomération,Hors intersection,Normale,Deux véhicules - frontale,,,,,,,,,,,1,1,1,1,1.0
201600035296,0016-02-13 10:30:00,16,2,13,10,30,830,137,"500, CASANOVA (RUE DANIE",43.13125,5.90032,Plein jour,Hors agglomération,Hors intersection,Temps couvert,Autre collision,,,,,,,,,,,1,1,1,8,6.0
201600035297,0016-02-13 16:20:00,16,2,13,16,20,830,137,"1002, FORGENTIER (CHEMIN",43.13765,5.89503,Plein jour,En agglomération,Hors intersection,Normale,Autre collision,,,,,,,,,,,1,2,1,1,6.0
201600035298,0016-02-17 09:40:00,16,2,17,9,40,830,62,"0, DORMOY (AVENUE MAX)",43.1244,6.0092,Plein jour,En agglomération,Hors intersection,Normale,Autre collision,,,,,,,,,,,1,2,1,1,6.0
201600035299,0016-02-26 07:45:00,16,2,26,7,45,830,137,"0, REPUBLIQUE (AVE DE LA",43.11991,5.93283,Plein jour,En agglomération,Intersection en T,Normale,Deux véhicules - côté,,,,,,,,,,,1,2,3,1,3.0
201600035300,0016-02-27 08:55:00,16,2,27,8,55,830,137,"0, CD 46 DE 1930 A FIN (",43.1625,5.94963,Plein jour,Hors agglomération,Intersection en T,Pluie forte,Deux véhicules - frontale,,,,,,,,,,,1,1,3,3,1.0
201600035301,0016-02-27 16:00:00,16,2,27,16,0,830,137,1ER BATAILLON DE CHOC (A,43.12897,5.90972,Plein jour,En agglomération,Intersection en X,Pluie forte,Deux véhicules - côté,,,,,,,,,,,1,2,2,3,3.0
201600035302,0016-03-01 15:55:00,16,3,1,15,55,830,19,Route de leoube,43.1153,6.30555,Plein jour,En agglomération,Autre intersection,Normale,Autre collision,,,,,,,,,,,1,2,9,1,6.0
201600035303,0016-03-05 19:10:00,16,3,5,19,10,830,137,"0, CAMUS (AVE ALBERT)",43.13722,5.88277,Nuit avec éclairage allumé,En agglomération,Hors intersection,Normale,Sans collision,,,,,,,,,,,5,2,1,1,7.0
201600035304,0016-03-08 14:00:00,16,3,8,14,0,830,137,"612, FOCH (AVE DU MARECH",43.12772,5.91822,Plein jour,En agglomération,Hors intersection,Normale,Autre collision,,,,,,,,,,,1,2,1,1,6.0
201600035305,0016-03-12 11:00:00,16,3,12,11,0,830,137,"0, STRASBOURG (BD DE )",43.12517,5.931,Plein jour,En agglomération,Intersection en X,Normale,Autre collision,,,,,,,,,,,1,2,2,1,6.0
201600035306,0016-03-15 18:10:00,16,3,15,18,10,830,137,"369, ORTOLAN (AVE)",43.12802,5.9549,Plein jour,En agglomération,Hors intersection,Normale,Deux véhicules - côté,,,,,,,,,,,1,2,1,1,3.0
201600035307,0016-03-15 18:20:00,16,3,15,18,20,830,62,"0, PREMIER (BAT.INF.DU P",43.13574,6.02264,Plein jour,En agglomération,Hors intersection,Normale,Autre collision,,,,,,,,,,,1,2,1,1,6.0
201600035308,0016-03-16 18:10:00,16,3,16,18,10,830,62,"150, POUVEREL (CHEMIN DU",43.11752,6.00309,Plein jour,Hors agglomération,Hors intersection,Pluie forte,Autre collision,,,,,,,,,,,1,1,1,3,6.0
201600035309,0016-03-18 10:30:00,16,3,18,10,30,830,98,"543B, GANZIN (AVENUE DE)",43.62891,6.1545,Plein jour,En agglomération,Hors intersection,Normale,Deux véhicules - côté,,,,,,,,,,,1,2,1,1,3.0
201600035310,0016-03-19 21:10:00,16,3,19,21,10,830,137,"0, CD 46 (DEBUT TLN A AR",43.16538,5.93792,Nuit sans éclairage public,Hors agglomération,Hors intersection,Normale,Autre collision,,,,,,,,,,,3,1,1,1,6.0
201600035311,0016-03-21 07:55:00,16,3,21,7,55,830,137,"0, RESISTANCE (AVE / IMP",43.11377,5.95788,Plein jour,En agglomération,Intersection en T,Normale,Deux véhicules - côté,,,,,,,,,,,1,2,3,1,3.0
201600035312,0016-03-22 17:10:00,16,3,22,17,10,830,137,"320, BRIAND (AVE ARISTID",43.12719,5.90311,Plein jour,En agglomération,Hors intersection,Normale,Autre collision,,,,,,,,,,,1,2,1,1,6.0
201600035313,0016-03-25 10:15:00,16,3,25,10,15,830,62,"2076, ROUTE DE HYERES",43.13292,6.04217,Plein jour,En agglomération,Hors intersection,Normale,Deux véhicules - côté,,,,,,,,,,,1,2,1,1,3.0
201600035314,0016-03-29 00:56:00,16,3,29,0,56,830,137,BRIAND (AVE ARISTIDE DE,43.12541,5.89786,Nuit avec éclairage allumé,En agglomération,Hors intersection,Normale,Autre collision,,,,,,,,,,,5,2,1,1,6.0
201600035315,0016-03-29 16:00:00,16,3,29,16,0,830,90,"16, SAINT ROCH (CHEMIN D",43.13773,5.84929,Plein jour,En agglomération,Autre intersection,Normale,Autre collision,,,,,,,,,,,1,2,9,1,6.0
201600035316,0016-04-06 16:20:00,16,4,6,16,20,830,90,SANARY (ROUTE DE),43.12872,5.84386,Plein jour,Hors agglomération,Hors intersection,Normale,Autre collision,,,,,,,,,,,1,1,1,1,6.0
201600035317,0016-04-09 02:00:00,16,4,9,2,0,830,137,"0, JOFFRE (BD MARECHAL)",43.12365,5.94926,Nuit avec éclairage allumé,En agglomération,Hors intersection,Normale,Autre collision,,,,,,,,,,,5,2,1,1,6.0
201600035318,0016-04-09 14:55:00,16,4,9,14,55,830,98,"601 A, BROSSET (AVENUE D",43.10852,6.00967,Plein jour,Hors agglomération,Hors intersection,Normale,Autre collision,,,,,,,,,,,1,1,1,1,6.0
201600035319,0016-04-09 20:52:00,16,4,9,20,52,830,90,"0, CAGNARDE (ROND POINT",43.12705,5.87794,Nuit avec éclairage allumé,En agglomération,Giratoire,Normale,Deux véhicules - côté,,,,,,,,,,,5,2,6,1,3.0
201600035320,0016-04-10 10:00:00,16,4,10,10,0,830,137,"0, SIBLAS (AVE DE DE 555",43.13083,5.93794,Plein jour,En agglomération,Hors intersection,Normale,Autre collision,,,,,,,,,,,1,2,1,1,6.0
201600035321,0016-04-11 12:35:00,16,4,11,12,35,830,137,"1, PASSY (AVE FREDERIC)",43.12097,5.94764,Plein jour,En agglomération,Intersection en X,Normale,Deux véhicules - côté,,,,,,,,,,,1,2,2,1,3.0
201600035322,0016-04-12 14:25:00,16,4,12,14,25,830,137,"0, LYAUTEY (AVE MARECHAL",43.12775,5.9223,Plein jour,En agglomération,Hors intersection,Normale,Autre collision,,,,,,,,,,,1,2,1,1,6.0
201600035323,0016-04-27 04:35:00,16,4,27,4,35,830,137,TESSE (BD DE),43.127,5.93202,Nuit avec éclairage allumé,En agglomération,Hors intersection,Normale,Deux véhicules - arrière,,,,,,,,,,,5,2,1,1,2.0
201600035324,0016-04-28 10:05:00,16,4,28,10,5,830,137,"236, LECLERC (AVE GENERA",,,Plein jour,En agglomération,Hors intersection,Normale,Deux véhicules - arrière,,,,,,,,,,,1,2,1,1,2.0
201600035325,0016-04-29 07:15:00,16,4,29,7,15,830,62,"0, NEPTUNE (RUE)",43.1203,6.00708,Plein jour,En agglomération,Hors intersection,Normale,Autre collision,,,,,,,,,,,1,2,1,1,6.0
201600035326,0016-05-02 16:55:00,16,5,2,16,55,830,137,"41, Bd Gues",43.11719,5.98104,Plein jour,Hors agglomération,Hors intersection,Normale,Autre collision,,,,,,,,,,,1,1,1,1,6.0
201600035327,0016-05-03 07:50:00,16,5,3,7,50,830,137,"0, BROSSET (BD GENERAL)",43.129,5.90219,Plein jour,En agglomération,Intersection en X,Normale,Deux véhicules - côté,,,,,,,,,,,1,2,2,1,3.0
201600035328,0016-05-04 09:30:00,16,5,4,9,30,830,137,Avenue Forbin,43.12372,5.96969,Plein jour,En agglomération,Hors intersection,Temps éblouissant,Deux véhicules - côté,,,,,,,,,,,1,2,1,7,3.0
201600035329,0016-05-09 11:55:00,16,5,9,11,55,830,137,"0, ORTOLAN (AVE DE 512 A",43.1293,5.95752,Plein jour,Hors agglomération,Intersection en X,Normale,Deux véhicules - frontale,,,,,,,,,,,1,1,2,1,1.0
201600035330,0016-05-12 07:45:00,16,5,12,7,45,830,144,NATIONALE 97 (ROUTE),,,Plein jour,Hors agglomération,Hors intersection,Normale,Deux véhicules - côté,,,,,,,,,,,1,1,1,1,3.0
201600035331,0016-05-16 18:25:00,16,5,16,18,25,830,144,"0, AFRIQUE (RUE CDT D')",43.13975,6.00488,Plein jour,Hors agglomération,Hors intersection,Normale,Deux véhicules - côté,,,,,,,,,,,1,1,1,1,3.0
201600035332,0016-05-17 12:30:00,16,5,17,12,30,830,90,"830, NATIONALE 8 (ROUTE)",43.13508,5.85502,Plein jour,Hors agglomération,Hors intersection,Normale,Deux véhicules - arrière,,,,,,,,,,,1,1,1,1,2.0
201600035333,0016-05-17 13:35:00,16,5,17,13,35,830,137,"134, JOFFRE (BD MARECHAL",43.12367,5.94979,Plein jour,En agglomération,Autre intersection,Normale,Autre collision,,,,,,,,,,,1,2,9,1,6.0
201600035334,0016-05-20 20:30:00,16,5,20,20,30,830,137,"0, 15EME CORPS (AVE DU)",43.12816,5.91686,Plein jour,Hors agglomération,Intersection en T,Normale,Deux véhicules - côté,,,,,,,,,,,1,1,3,1,3.0
201600035335,0016-05-22 12:00:00,16,5,22,12,0,830,137,"2, PELLICOT (BD)",43.12835,5.90856,Plein jour,En agglomération,Hors intersection,Normale,Autre collision,,,,,,,,,,,1,2,1,1,6.0
201600035336,0016-05-23 11:35:00,16,5,23,11,35,830,137,"161, RIGOUMEL (CHEMIN DE",43.14403,5.90661,Plein jour,En agglomération,Hors intersection,Normale,Deux véhicules - côté,,,,,,,,,,,1,2,1,1,3.0
201600035337,0016-05-24 10:00:00,16,5,24,10,0,830,62,"0, TOULOUSE LAUTREC (AVE",43.13283,6.01788,Plein jour,En agglomération,Hors intersection,Normale,Deux véhicules - frontale,,,,,,,,,,,1,2,1,1,1.0
201600035338,0016-06-01 20:55:00,16,6,1,20,55,830,137,"0, BROSSET (BD GENERAL)",43.1284,5.9046,Crépuscule ou aube,En agglomération,Intersection en T,Normale,Deux véhicules - côté,,,,,,,,,,,2,2,3,1,3.0
201600035339,0016-06-04 20:10:00,16,6,4,20,10,830,137,"0, BRIAND (AVE ARISTIDE",43.1275,5.90555,Plein jour,Hors agglomération,Hors intersection,Normale,Deux véhicules - côté,,,,,,,,,,,1,1,1,1,3.0
201600035340,0016-06-06 11:00:00,16,6,6,11,0,830,137,"0, CAMUS (AVE ALBERT)",43.13213,5.882,Plein jour,En agglomération,Hors intersection,Normale,Autre collision,,,,,,,,,,,1,2,1,1,6.0
201600035341,0016-06-08 16:15:00,16,6,8,16,15,830,137,COLLET (AVE AMIRAL),43.12908,5.92405,Plein jour,En agglomération,Intersection en Y,Normale,Deux véhicules - côté,,,,,,,,,,,1,2,4,1,3.0
201600035342,0016-06-09 21:10:00,16,6,9,21,10,830,137,"0, PRUNEAU (AVE GENERAL)",43.12183,5.95561,Crépuscule ou aube,En agglomération,Intersection en X,Normale,Deux véhicules - côté,,,,,,,,,,,2,2,2,1,3.0
201600035343,0016-06-10 20:20:00,16,6,10,20,20,830,98,BROSSET (AVENUE DU GENER,43.10933,6.00016,Plein jour,Hors agglomération,Hors intersection,Normale,Deux véhicules - côté,,,,,,,,,,,1,1,1,1,3.0
201600035344,0016-06-13 22:55:00,16,6,13,22,55,830,137,"682, 15EME CORPS (AVE DU",43.12834,5.90931,Nuit avec éclairage allumé,En agglomération,Intersection en T,Normale,Deux véhicules - côté,,,,,,,,,,,5,2,3,1,3.0
201600035345,0016-06-13 18:30:00,16,6,13,18,30,830,137,FAVIERES (ROUTE DES),43.15104,5.96952,Plein jour,En agglomération,Intersection en T,Temps éblouissant,Deux véhicules - côté,,,,,,,,,,,1,2,3,7,3.0
201600035346,0016-06-15 23:30:00,16,6,15,23,30,830,137,GUILLEMARD (RUE ROBERT),43.1244,5.92618,Nuit avec éclairage allumé,En agglomération,Intersection en X,Normale,Deux véhicules - côté,,,,,,,,,,,5,2,2,1,3.0
201600035347,0016-06-16 16:20:00,16,6,16,16,20,830,137,"0, DESAIX (BD)",43.12587,5.94814,Plein jour,En agglomération,Intersection en T,Temps couvert,Deux véhicules - côté,,,,,,,,,,,1,2,3,8,3.0