accident_id,datetime,annee,mois,jour,heure,minute,departement,commune_insee,adresse,latitude,longitude,luminosite,agglomeration,intersection,meteo,collision,nb_vehicules,nb_usagers,nb_indemnes,nb_tues,nb_blesses_hosp,nb_blesses_legers,age_cond_1,age_cond_2,veh_type_cond_1,veh_type_cond_2,lum_code,agg_code,int_code,atm_code,col_code
201600035589,0016-02-19 20:30:00,16,2,19,20,30,850,60,RD 949,46.51443,-1.71621,Nuit sans éclairage public,Hors agglomération,Hors intersection,Pluie légère,Autre collision,,,,,,,,,,,3,1,1,2,6.0
201600035590,0016-05-10 15:35:00,16,5,10,15,35,850,166,BOULEVARD VENDEE GLOBE,46.51442,-1.78993,Plein jour,En agglomération,Giratoire,Normale,Deux véhicules - côté,,,,,,,,,,,1,2,6,1,3.0
201600035591,0016-05-14 16:20:00,16,5,14,16,20,850,60,RUE DU BOCAGE,46.51079,-1.70308,Plein jour,En agglomération,Hors intersection,Normale,Deux véhicules - arrière,,,,,,,,,,,1,2,1,1,2.0
201600035592,0016-04-12 20:35:00,16,4,12,20,35,850,166,BOULEVARD VENDEE GLOBE,46.51578,-1.76458,Plein jour,En agglomération,Hors intersection,Normale,Autre collision,,,,,,,,,,,1,2,1,1,6.0
201600035593,0016-03-16 15:55:00,16,3,16,15,55,850,194,RUE DU DOCTEUR CHARCOT,46.50525,1.78765,Plein jour,En agglomération,Giratoire,Normale,Autre collision,,,,,,,,,,,1,2,6,1,6.0
201600035594,0016-05-14 16:25:00,16,5,14,16,25,850,166,PARKING LECLERC,46.5138,1.77681,Plein jour,En agglomération,Hors intersection,Normale,Autre collision,,,,,,,,,,,1,2,1,1,6.0
201600035595,0016-05-04 06:10:00,16,5,4,6,10,850,194,ROND-POINT CHARCOT,46.50517,-1.78949,Nuit avec éclairage allumé,En agglomération,Giratoire,Normale,Deux véhicules - côté,,,,,,,,,,,5,2,6,1,3.0
201600035596,0016-04-18 08:00:00,16,4,18,8,0,850,60,RD 949,46.48528,1.70573,Plein jour,Hors agglomération,Hors intersection,Normale,Deux véhicules - côté,,,,,,,,,,,1,1,1,1,3.0
201600035597,0016-05-15 22:50:00,16,5,15,22,50,850,194,COURS JOSEPH DUPONT,46.49783,1.77945,Nuit avec éclairage allumé,En agglomération,Hors intersection,Normale,Autre collision,,,,,,,,,,,5,2,1,1,6.0
201600035598,0016-06-07 11:25:00,16,6,7,11,25,850,194,Rue Leclerc,46.49742,-1.78423,Plein jour,En agglomération,Intersection en T,Normale,Autre collision,,,,,,,,,,,1,2,3,1,6.0
201600035599,0016-06-17 10:45:00,16,6,17,10,45,850,60,Bd Vendée Globe,46.49077,-1.74969,Plein jour,En agglomération,Hors intersection,Normale,Deux véhicules - arrière,,,,,,,,,,,1,2,1,1,2.0
201600035600,0016-05-26 01:00:00,16,5,26,1,0,850,60,RUE EMILE ZOLA,46.50068,1.7512,Nuit avec éclairage allumé,En agglomération,Hors intersection,Normale,Autre collision,,,,,,,,,,,5,2,1,1,6.0
201600035601,0016-06-15 20:00:00,16,6,15,20,0,850,166,R. Bernard Palissy,46.5138,-1.77876,Plein jour,En agglomération,Autre intersection,Normale,Deux véhicules - côté,,,,,,,,,,,1,2,9,1,3.0
201600035602,0016-08-12 18:00:00,16,8,12,18,0,850,194,51 cours Dupont,46.49803,-1.77853,Plein jour,En agglomération,Hors intersection,Normale,Autre collision,,,,,,,,,,,1,2,1,1,6.0
201600035603,0016-07-28 23:45:00,16,7,28,23,45,850,194,Rue Nationale,46.49776,-1.78398,Nuit avec éclairage allumé,En agglomération,Hors intersection,Normale,Autre collision,,,,,,,,,,,5,2,1,1,6.0
201600035604,0016-07-18 01:10:00,16,7,18,1,10,850,166,Rte Amis de la Nature,46.58711,-1.82879,Nuit sans éclairage public,Hors agglomération,Hors intersection,Normale,Autre collision,,,,,,,,,,,3,1,1,1,6.0
201600035605,0016-07-18 14:10:00,16,7,18,14,10,850,194,1  PLACE DE STRASBOURG,46.49045,-1.77275,Plein jour,En agglomération,Giratoire,Normale,Autre collision,,,,,,,,,,,1,2,6,1,6.0
201600035606,0016-09-11 18:35:00,16,9,11,18,35,850,166,Av De Gaulle/r Ampère,46.50941,-1.76877,Plein jour,En agglomération,Hors intersection,Normale,Deux véhicules - frontale,,,,,,,,,,,1,2,1,1,1.0
201600035607,0016-09-14 12:45:00,16,9,14,12,45,850,194,Rue la PETITE GARLIERE,46.50319,-1.78476,Plein jour,En agglomération,Hors intersection,Normale,Autre collision,,,,,,,,,,,1,2,1,1,6.0
201600035608,0016-09-30 22:25:00,16,9,30,22,25,850,166,42 ROUTE DES PINS,46.54261,1.79869,Nuit avec éclairage allumé,Hors agglomération,Hors intersection,Pluie légère,Autre collision,,,,,,,,,,,5,1,1,2,6.0
201600035609,0016-07-22 23:40:00,16,7,22,23,40,850,194,Bd de Castelneau,46.49223,-1.77381,Nuit avec éclairage allumé,En agglomération,Hors intersection,Normale,Autre collision,,,,,,,,,,,5,2,1,1,6.0
201600035610,0016-07-05 10:50:00,16,7,5,10,50,850,194,"54, av De Gaulle",46.49967,-1.77997,Plein jour,En agglomération,Hors intersection,Normale,Autre collision,,,,,,,,,,,1,2,1,1,6.0
201600035611,0016-08-24 11:20:00,16,8,24,11,20,850,194,20 rue Jean Nicot,46.49875,-1.78334,Plein jour,En agglomération,Hors intersection,Normale,Autre collision,,,,,,,,,,,1,2,1,1,6.0
201600035612,0016-09-03 22:30:00,16,9,3,22,30,850,60,RD 36,46.51202,-1.69499,Nuit sans éclairage public,Hors agglomération,Hors intersection,Normale,Autre collision,,,,,,,,,,,3,1,1,1,6.0
201600035613,0016-09-12 16:45:00,16,9,12,16,45,850,166,Girat Burguinière,46.51732,-1.74819,Plein jour,Hors agglomération,Giratoire,Normale,Autre collision,,,,,,,,,,,1,1,6,1,6.0
201600035614,0016-10-05 12:00:00,16,10,5,12,0,850,166,RUE DE BELLE OLONNAISE,46.51942,1.76519,Plein jour,En agglomération,Giratoire,Normale,Deux véhicules - côté,,,,,,,,,,,1,2,6,1,3.0
201600035615,0016-10-18 09:00:00,16,10,18,9,0,850,60,BOULEVARD VENDEE GLOBE,46.49152,-1.74977,Plein jour,En agglomération,Hors intersection,Normale,Deux véhicules - frontale,,,,,,,,,,,1,2,1,1,1.0
201600035616,0016-11-13 15:10:00,16,11,13,15,10,850,194,21 PROMENADE GEORGES V,46.49617,1.79632,Plein jour,En agglomération,Hors intersection,Normale,Autre collision,,,,,,,,,,,1,2,1,1,6.0
201600035617,0016-10-21 21:05:00,16,10,21,21,5,850,60,BOULEVARD VENDEE GLOBE,46.50425,1.75873,Nuit sans éclairage public,Hors agglomération,Hors intersection,Normale,Trois véhicules et plus - collisions multiples,,,,,,,,,,,3,1,1,1,5.0
201600035618,0016-10-30 17:30:00,16,10,30,17,30,850,194,BD DU SOUVENIR FRANCAIS,46.50527,-1.79035,Crépuscule ou aube,En agglomération,Giratoire,Normale,Autre collision,,,,,,,,,,,2,2,6,1,6.0
201600035619,0016-11-04 15:30:00,16,11,4,15,30,850,166,ROUTE DES MARAICHERS,46.5301,1.79376,Plein jour,En agglomération,Giratoire,Normale,Autre collision,,,,,,,,,,,1,2,6,1,6.0
201600035620,0016-11-11 19:30:00,16,11,11,19,30,850,60,126 AVENUE DE TALMONT,46.4824,-1.71952,Nuit sans éclairage public,Hors agglomération,Hors intersection,Normale,Autre collision,,,,,,,,,,,3,1,1,1,6.0
201600035621,0016-11-04 18:35:00,16,11,4,18,35,850,166,AVENUE C. DE GAULLE,46.50941,-1.76877,Nuit avec éclairage allumé,En agglomération,Intersection en X,Pluie légère,Deux véhicules - frontale,,,,,,,,,,,5,2,2,2,1.0
201600035622,0016-11-23 05:00:00,16,11,23,5,0,850,166,RD 160,46.52791,1.7355,Nuit sans éclairage public,Hors agglomération,Autre intersection,Pluie légère,Autre collision,,,,,,,,,,,3,1,9,2,6.0
201600035623,0016-01-07 12:00:00,16,1,7,12,0,860,66,"13, FAURE (BOULEVARD FEL",46.82103,0.54537,Plein jour,En agglomération,Hors intersection,Normale,Autre collision,,,,,,,,,,,1,2,1,1,6.0
201600035624,0016-01-13 08:15:00,16,1,13,8,15,860,66,"***, La Valette (Route d",46.84408,0.53448,Nuit sans éclairage public,Hors agglomération,Hors intersection,Normale,Sans collision,,,,,,,,,,,3,1,1,1,7.0
201600035625,0016-01-26 06:00:00,16,1,26,6,0,860,66,"***, PLEUMARTIN (ROUTE D",46.81857,0.56698,Nuit sans éclairage public,Hors agglomération,Hors intersection,Normale,Sans collision,,,,,,,,,,,3,1,1,1,7.0
201600035626,0016-12-30 22:40:00,16,12,30,22,40,860,66,17 RUE FREDERI MISTRAL,46.8183,0.53154,Nuit avec éclairage allumé,En agglomération,Hors intersection,Normale,Deux véhicules - côté,,,,,,,,,,,5,2,1,1,3.0
201600035627,0016-02-03 09:10:00,16,2,3,9,10,860,66,RD725  Rte de la Roche,,,Plein jour,Hors agglomération,Hors intersection,Normale,Sans collision,,,,,,,,,,,1,1,1,1,7.0
201600035628,0016-02-03 15:00:00,16,2,3,15,0,860,66,RD 161 - ROCADE EST,46.83635,0.55368,Plein jour,En agglomération,Hors intersection,Normale,Trois véhicules et plus - en chaîne,,,,,,,,,,,1,2,1,1,4.0
201600035629,0016-02-11 14:05:00,16,2,11,14,5,860,66,"***, PLEUMARTIN (ROUTE D",46.81807,0.56689,Plein jour,Hors agglomération,Hors intersection,Normale,Autre collision,,,,,,,,,,,1,1,1,1,6.0
201600035630,0016-02-18 15:50:00,16,2,18,15,50,860,66,"27, ABELIN AVENUE PIERRE",46.80812,0.54315,Plein jour,En agglomération,Hors intersection,Pluie légère,Sans collision,,,,,,,,,,,1,2,1,2,7.0
201600035631,0016-03-12 09:50:00,16,3,12,9,50,860,66,80 AV GRENADIER FRANCAIS,46.82006,0.58154,Plein jour,Hors agglomération,Hors intersection,Normale,Autre collision,,,,,,,,,,,1,1,1,1,6.0
201600035632,0016-03-15 12:20:00,16,3,15,12,20,860,66,1 NOUVEAU BRUNSWICK,46.81579,0.53472,Plein jour,En agglomération,Intersection en X,Normale,Autre collision,,,,,,,,,,,1,2,2,1,6.0
201600035633,0016-03-17 18:30:00,16,3,17,18,30,860,66,ROND POINT PAUTRON D161,46.78643,0.5475,Plein jour,Hors agglomération,Hors intersection,Normale,Deux véhicules - côté,,,,,,,,,,,1,1,1,1,3.0
201600035634,0016-03-26 17:20:00,16,3,26,17,20,860,66,MOULIN (AVENUE JEAN,46.7972,0.5316,Plein jour,En agglomération,Hors intersection,Normale,Deux véhicules - frontale,,,,,,,,,,,1,2,1,1,1.0
201600035635,0016-04-03 15:15:00,16,4,3,15,15,860,66,"44, CORBY (AVENUE DE)",46.82458,0.52968,Plein jour,En agglomération,Hors intersection,Normale,Autre collision,,,,,,,,,,,1,2,1,1,6.0
201600035636,0016-04-05 14:30:00,16,4,5,14,30,860,66,RUE LOUIS CLEMENT KREBS,46.8146,0.5341,Plein jour,En agglomération,Hors intersection,Normale,Autre collision,,,,,,,,,,,1,2,1,1,6.0
201600035637,0016-04-06 09:30:00,16,4,6,9,30,860,66,"31, PALISSY (RUE BERNARD",46.83313,0.53446,Plein jour,En agglomération,Intersection en X,Normale,Deux véhicules - côté,,,,,,,,,,,1,2,2,1,3.0
201600035638,0016-04-08 15:25:00,16,4,8,15,25,860,66,Pont Albert CAMUS,46.8366,0.53602,Plein jour,En agglomération,Hors intersection,Normale,Deux véhicules - arrière,,,,,,,,,,,1,2,1,1,2.0
201600035639,0016-04-12 14:25:00,16,4,12,14,25,860,66,60 Av Marechal LECLERC,46.81811,0.55346,Plein jour,En agglomération,Hors intersection,Normale,Deux véhicules - arrière,,,,,,,,,,,1,2,1,1,2.0
201600035640,0016-04-19 17:35:00,16,4,19,17,35,860,66,ROUTE DE PEUMARTIN,46.80429,0.59927,Plein jour,Hors agglomération,Hors intersection,Normale,Trois véhicules et plus - collisions multiples,,,,,,,,,,,1,1,1,1,5.0
201600035641,0016-04-20 23:10:00,16,4,20,23,10,860,66,28 FERDINAND DE LESSEPS,46.82684,0.55272,Nuit avec éclairage allumé,En agglomération,Intersection en T,Normale,Autre collision,,,,,,,,,,,5,2,3,1,6.0
201600035642,0016-05-11 07:35:00,16,5,11,7,35,860,66,"47, JAURES (AVENUE JEAN)",46.82246,0.54452,Plein jour,Hors agglomération,Hors intersection,Normale,Trois véhicules et plus - en chaîne,,,,,,,,,,,1,1,1,1,4.0
201600035643,0016-05-13 17:00:00,16,5,13,17,0,860,66,RUE BRANLY,46.80219,0.54557,Plein jour,En agglomération,Giratoire,Pluie légère,Deux véhicules - côté,,,,,,,,,,,1,2,6,2,3.0
201600035644,0016-05-25 11:37:00,16,5,25,11,37,860,66,"48, BORDE (rue des)",46.78341,0.52721,Plein jour,En agglomération,Hors intersection,Normale,Deux véhicules - arrière,,,,,,,,,,,1,2,1,1,2.0
201600035645,0016-06-02 11:40:00,16,6,2,11,40,860,66,34 RUE DE L'ANGELARDE,46.81346,0.53949,Plein jour,En agglomération,Hors intersection,Pluie légère,Autre collision,,,,,,,,,,,1,2,1,2,6.0
201600035646,0016-06-06 12:20:00,16,6,6,12,20,860,66,AV GEORGES CLEMENCEAU,46.81772,0.546,Plein jour,En agglomération,Hors intersection,Normale,Autre collision,,,,,,,,,,,1,2,1,1,6.0
201600035647,0016-06-15 15:10:00,16,6,15,15,10,860,66,53 AV MARECHAL FOCH,46.8203,0.5551,Plein jour,Hors agglomération,Hors intersection,Pluie légère,Trois véhicules et plus - en chaîne,,,,,,,,,,,1,1,1,2,4.0
201600035648,0016-06-20 15:05:00,16,6,20,15,5,860,66,PONT LYAUTEY,46.79955,0.53715,Plein jour,En agglomération,Hors intersection,Normale,Deux véhicules - frontale,,,,,,,,,,,1,2,1,1,1.0
201600035649,0016-06-22 15:05:00,16,6,22,15,5,860,66,"---, BRANLY (Giratoire)",46.80225,0.54563,Plein jour,En agglomération,Giratoire,Normale,Deux véhicules - frontale,,,,,,,,,,,1,2,6,1,1.0
201600035650,0016-06-27 18:05:00,16,6,27,18,5,860,66,"---, GAILLARD (RUE ROBER",46.8049,0.51768,Plein jour,En agglomération,Intersection en X,Pluie légère,Deux véhicules - côté,,,,,,,,,,,1,2,2,2,3.0
201600035651,0016-06-30 05:30:00,16,6,30,5,30,860,66,"43, FOCH (AVENUE DU MARE",46.81982,0.5545,Nuit sans éclairage public,En agglomération,Hors intersection,Normale,Autre collision,,,,,,,,,,,3,2,1,1,6.0
201600035652,0016-07-08 18:10:00,16,7,8,18,10,860,66,"***, CASSIN (RUE RENE)",46.79982,0.53009,Plein jour,En agglomération,Intersection en T,Normale,Deux véhicules - côté,,,,,,,,,,,1,2,3,1,3.0
201600035653,0016-08-03 17:13:00,16,8,3,17,13,860,66,"37, JAURES (AVENUE JEAN)",46.82194,0.54423,Plein jour,En agglomération,Intersection en T,Normale,Deux véhicules - frontale,,,,,,,,,,,1,2,3,1,1.0
201600035654,0016-08-10 15:45:00,16,8,10,15,45,860,66,GRENADIER FRANCAIS,46.82077,0.58559,Plein jour,Hors agglomération,Hors intersection,Normale,Deux véhicules - côté,,,,,,,,,,,1,1,1,1,3.0
201600035655,0016-08-18 07:10:00,16,8,18,7,10,860,66,ROUTE DE PLEUMARTIN,46.80992,0.58109,Plein jour,Hors agglomération,Hors intersection,Pluie forte,Sans collision,,,,,,,,,,,1,1,1,3,7.0
201600035656,0016-08-21 15:24:00,16,8,21,15,24,860,66,11 RUE CHARLES CROS,46.80098,0.53981,Plein jour,En agglomération,Intersection en X,Normale,Deux véhicules - frontale,,,,,,,,,,,1,2,2,1,1.0
201600035657,0016-08-22 09:27:00,16,8,22,9,27,860,66,"209, DE LATTRE DE TASSIG",46.81967,0.51787,Plein jour,En agglomération,Hors intersection,Normale,Deux véhicules - arrière,,,,,,,,,,,1,2,1,1,2.0
201600035658,0016-09-16 09:25:00,16,9,16,9,25,860,66,"47, CYGNE SAINT JACQUES",46.81645,0.54313,Plein jour,En agglomération,Hors intersection,Normale,Autre collision,,,,,,,,,,,1,2,1,1,6.0
201600035659,0016-09-21 08:40:00,16,9,21,8,40,860,66,"23, KREBS (RUE LOUIS CLE",46.81449,0.53458,Plein jour,En agglomération,Hors intersection,Normale,Autre collision,,,,,,,,,,,1,2,1,1,6.0
201600035660,0016-09-25 20:25:00,16,9,25,20,25,860,66,34  AVENUE DE CORBY,46.82215,0.52979,Nuit avec éclairage allumé,En agglomération,Hors intersection,Normale,Autre collision,,,,,,,,,,,5,2,1,1,6.0
201600035661,0016-10-08 19:30:00,16,10,8,19,30,860,66,238 ROUTE DE NONNES,46.78954,0.53723,Crépuscule ou aube,En agglomération,Hors intersection,Normale,Sans collision,,,,,,,,,,,2,2,1,1,7.0
201600035662,0016-10-10 12:15:00,16,10,10,12,15,860,66,"32, HAMEAU DE LA FORET",46.79876,0.53133,Plein jour,En agglomération,Hors intersection,Normale,Deux véhicules - frontale,,,,,,,,,,,1,2,1,1,1.0
201600035663,0016-10-12 09:30:00,16,10,12,9,30,860,66,"30, GILBERT (RUE HILAIRE",46.81505,0.54736,Plein jour,En agglomération,Intersection en T,Normale,Deux véhicules - côté,,,,,,,,,,,1,2,3,1,3.0
201600035664,0016-10-13 17:38:00,16,10,13,17,38,860,66,"236, CHATEAUNEUF (GRANDE",46.81361,0.53252,Plein jour,En agglomération,Hors intersection,Pluie légère,Autre collision,,,,,,,,,,,1,2,1,2,6.0
201600035665,0016-10-13 17:43:00,16,10,13,17,43,860,66,137 ROUTE DE PLEUMARTIN,46.81345,0.56922,Plein jour,En agglomération,Hors intersection,Pluie légère,Sans collision,,,,,,,,,,,1,2,1,2,7.0
201600035666,0016-10-21 18:15:00,16,10,21,18,15,860,66,"3, CHATEAUNEUF (GRANDE R",46.81687,0.53794,Crépuscule ou aube,En agglomération,Hors intersection,Normale,Autre collision,,,,,,,,,,,2,2,1,1,6.0
201600035667,0016-10-26 07:49:00,16,10,26,7,49,860,66,2 BD SADI CARNOT,46.81874,0.54885,Nuit avec éclairage allumé,En agglomération,Hors intersection,Normale,Autre collision,,,,,,,,,,,5,2,1,1,6.0
201600035668,0016-10-27 07:58:00,16,10,27,7,58,860,66,"***, PLEUMARTIN (ROUTE D",46.81167,0.57362,Nuit sans éclairage public,Hors agglomération,Intersection en X,Brouillard / fumée,Deux véhicules - côté,,,,,,,,,,,3,1,2,5,3.0
201600035669,0016-10-29 11:25:00,16,10,29,11,25,860,66,"107, DE LATTRE DE TASSIG",46.81838,0.52524,Plein jour,En agglomération,Hors intersection,Normale,Autre collision,,,,,,,,,,,1,2,1,1,6.0
201600035670,0016-10-29 12:35:00,16,10,29,12,35,860,66,AVENUE CAMILLE PAGE,46.80065,0.52761,Plein jour,En agglomération,Giratoire,Normale,Trois véhicules et plus - collisions multiples,,,,,,,,,,,1,2,6,1,5.0
201600035671,0016-10-30 18:05:00,16,10,30,18,5,860,66,GRANDE RUE DE CHATEAUNEU,46.81481,0.53365,Crépuscule ou aube,En agglomération,Intersection en X,Normale,Deux véhicules - côté,,,,,,,,,,,2,2,2,1,3.0
201600035672,0016-11-04 11:39:00,16,11,4,11,39,860,66,116 AV MARECHAL FOCH,46.82286,0.55777,Plein jour,En agglomération,Intersection en T,Normale,Deux véhicules - côté,,,,,,,,,,,1,2,3,1,3.0
201600035673,0016-11-14 09:02:00,16,11,14,9,2,860,66,"44, LENCLOITRE (ROUTE DE",46.81954,0.51156,Plein jour,En agglomération,Hors intersection,Normale,Autre collision,,,,,,,,,,,1,2,1,1,6.0
201600035674,0016-11-29 10:38:00,16,11,29,10,38,860,66,RD 161 - ROCADE EST,46.82651,0.56251,Plein jour,En agglomération,Intersection en T,Temps éblouissant,Autre collision,,,,,,,,,,,1,2,3,7,6.0
201600035675,0016-11-30 12:58:00,16,11,30,12,58,860,66,"22, VILLENEUVE (RUE CHAN",46.8131,0.54069,Plein jour,En agglomération,Hors intersection,Normale,Deux véhicules - côté,,,,,,,,,,,1,2,1,1,3.0
201600035676,0016-12-02 09:31:00,16,12,2,9,31,860,66,"30, GILBERT (RUE HILAIRE",46.81495,0.5474,Plein jour,En agglomération,Hors intersection,Normale,Autre collision,,,,,,,,,,,1,2,1,1,6.0
201600035677,0016-12-02 10:00:00,16,12,2,10,0,860,66,"10, BASTIE (RUE MARYSE)",46.84856,0.54751,Plein jour,En agglomération,Hors intersection,Normale,Deux véhicules - côté,,,,,,,,,,,1,2,1,1,3.0
201600035678,0016-12-05 08:24:00,16,12,5,8,24,860,66,ROND POINT DES VIGNES,46.79884,0.56154,Nuit sans éclairage public,En agglomération,Giratoire,Temps couvert,Deux véhicules - frontale,,,,,,,,,,,3,2,6,8,1.0
201600035679,0016-12-07 08:56:00,16,12,7,8,56,860,66,RD 161 - ROCADE EST,46.80726,0.56598,Nuit sans éclairage public,En agglomération,Hors intersection,Normale,Trois véhicules et plus - en chaîne,,,,,,,,,,,3,2,1,1,4.0
201600035680,0016-12-07 10:19:00,16,12,7,10,19,860,66,NONNES (ROUTE DE),46.79808,0.53457,Plein jour,En agglomération,Intersection en X,Normale,Deux véhicules - côté,,,,,,,,,,,1,2,2,1,3.0
201600035681,0016-12-11 00:31:00,16,12,11,0,31,860,66,"---, CORBY (AVENUE DE)",46.818,0.528,Nuit sans éclairage public,En agglomération,Intersection en X,Pluie légère,Deux véhicules - côté,,,,,,,,,,,3,2,2,2,3.0
201600035682,0016-12-12 07:31:00,16,12,12,7,31,860,66,CORBY (AVENUE DE),46.82194,0.52985,Nuit avec éclairage allumé,En agglomération,Intersection en T,Pluie légère,Trois véhicules et plus - collisions multiples,,,,,,,,,,,5,2,3,2,5.0
201600035683,0016-12-22 20:00:00,16,12,22,20,0,860,66,ROCADE EST RD 161,46.83692,0.53967,Nuit avec éclairage allumé,En agglomération,Hors intersection,Normale,Deux véhicules - frontale,,,,,,,,,,,5,2,1,1,1.0
201600035684,0016-12-23 16:00:00,16,12,23,16,0,860,66,LE PAUTRON (RD 749),46.7861,0.54667,Plein jour,En agglomération,Giratoire,Normale,Autre collision,,,,,,,,,,,1,2,6,1,6.0
201600035685,0016-01-03 11:20:00,16,1,3,11,20,860,194,RN 147 LE BREUIL MINGOT,,,Plein jour,En agglomération,Hors intersection,Normale,Autre collision,,,,,,,,,,,1,2,1,1,6.0
201600035686,0016-01-01 04:35:00,16,1,1,4,35,860,194,"4, MARECHAL DE LATTRE DE",46.58511,0.35088,Nuit avec éclairage allumé,En agglomération,Hors intersection,Brouillard / fumée,Deux véhicules - arrière,,,,,,,,,,,5,2,1,5,2.0
201600035687,0016-01-03 06:05:00,16,1,3,6,5,860,194,"214, BONNES (ROUTE DE)",46.58305,0.41725,Nuit sans éclairage public,Hors agglomération,Hors intersection,Pluie légère,Autre collision,,,,,,,,,,,3,1,1,2,6.0
201600035688,0016-01-05 18:10:00,16,1,5,18,10,860,214,"., NOUAILLE (ROUTE DE)",46.54554,0.38703,Nuit sans éclairage public,Hors agglomération,Intersection en T,Pluie forte,Trois véhicules et plus - en chaîne,,,,,,,,,,,3,1,3,3,4.0
201600035689,0016-01-06 10:15:00,16,1,6,10,15,860,194,"., PARC (ALLEE DU)",46.5899,0.3521,Plein jour,En agglomération,Intersection en T,Normale,Autre collision,,,,,,,,,,,1,2,3,1,6.0
201600035690,0016-01-07 19:25:00,16,1,7,19,25,860,157,RN 147,46.56941,0.39888,Nuit sans éclairage public,Hors agglomération,Hors intersection,Normale,Deux véhicules - frontale,,,,,,,,,,,3,1,1,1,1.0
201600035691,0016-01-09 07:22:00,16,1,9,7,22,860,194,"147/149, NANTES (AVENUE",46.58327,0.32999,Nuit avec éclairage non allumé,En agglomération,Hors intersection,Normale,Autre collision,,,,,,,,,,,4,2,1,1,6.0
201600035692,0016-01-09 16:20:00,16,1,9,16,20,860,194,"204, 8 MAI 1945 (AVENUE",46.5539,0.30617,Plein jour,En agglomération,Hors intersection,Normale,Trois véhicules et plus - en chaîne,,,,,,,,,,,1,2,1,1,4.0
201600035693,0016-01-11 16:00:00,16,1,11,16,0,860,194,ROCADE OUEST (RD 910),46.6027,0.32684,Plein jour,En agglomération,Intersection en X,Normale,Trois véhicules et plus - en chaîne,,,,,,,,,,,1,2,2,1,4.0
201600035694,0016-01-14 09:15:00,16,1,14,9,15,860,194,"9 BIS, JEAN JAURES (RUE)",46.5803,0.34726,Plein jour,En agglomération,Intersection en X,Pluie légère,Deux véhicules - côté,,,,,,,,,,,1,2,2,2,3.0
201600035695,0016-01-18 20:30:00,16,1,18,20,30,860,194,EGALITE (ROND POINT DE L,46.58494,0.38163,Nuit avec éclairage allumé,En agglomération,Hors intersection,Pluie légère,Deux véhicules - arrière,,,,,,,,,,,5,2,1,2,2.0
201600035696,0016-01-23 16:30:00,16,1,23,16,30,860,214,"7, CHAUME (RUE DE LA)",46.55489,0.327,Plein jour,En agglomération,Hors intersection,Normale,Autre collision,,,,,,,,,,,1,2,1,1,6.0
201600035697,0016-01-29 21:40:00,16,1,29,21,40,860,194,ANATOLE FRANCE (BOULEVAR,46.57653,0.34524,Nuit avec éclairage allumé,En agglomération,Intersection en T,Normale,Deux véhicules - côté,,,,,,,,,,,5,2,3,1,3.0
201600035698,0016-02-03 10:45:00,16,2,3,10,45,860,194,"., SLOVENIE (RUE DE)",46.588,0.36337,Plein jour,En agglomération,Intersection en T,Normale,Deux véhicules - côté,,,,,,,,,,,1,2,3,1,3.0
201600035699,0016-02-04 20:55:00,16,2,4,20,55,860,194,24 av du 8 MAI 1945,46.56273,0.31632,Nuit avec éclairage allumé,En agglomération,Hors intersection,Normale,Deux véhicules - côté,,,,,,,,,,,5,2,1,1,3.0
201600035700,0016-02-05 17:10:00,16,2,5,17,10,860,194,PARIS (AVENUE DE),46.61366,0.34882,Plein jour,Hors agglomération,Giratoire,Normale,Deux véhicules - côté,,,,,,,,,,,1,1,6,1,3.0
201600035701,0016-02-05 19:00:00,16,2,5,19,0,860,194,"37, PAUL VERLAINE (RUE)",46.5671,0.35987,Nuit avec éclairage allumé,En agglomération,Intersection en X,Normale,Deux véhicules - côté,,,,,,,,,,,5,2,2,1,3.0
201600035702,0016-02-07 21:40:00,16,2,7,21,40,860,194,JOHN KENNEDY (AVENUE),46.58558,0.36611,Nuit avec éclairage allumé,En agglomération,Intersection en X,Normale,Deux véhicules - côté,,,,,,,,,,,5,2,2,1,3.0
201600035703,0016-02-10 08:45:00,16,2,10,8,45,860,157,RN 147,,,Plein jour,Hors agglomération,Hors intersection,Normale,Deux véhicules - arrière,,,,,,,,,,,1,1,1,1,2.0
201600035704,0016-02-12 06:00:00,16,2,12,6,0,860,157,CHAUVIGNY (ROUTE DE),46.56735,0.38992,Nuit sans éclairage public,En agglomération,Hors intersection,Pluie forte,Autre collision,,,,,,,,,,,3,2,1,3,6.0
201600035705,0016-02-12 15:55:00,16,2,12,15,55,860,194,NIMEGUE (RUE DE),46.59041,0.36086,Plein jour,En agglomération,Intersection en T,Pluie légère,Deux véhicules - arrière,,,,,,,,,,,1,2,3,2,2.0
201600035706,0016-02-12 18:25:00,16,2,12,18,25,860,194,"46, GEORGES GUYNEMER (RU",46.57808,0.32777,Crépuscule ou aube,En agglomération,Hors intersection,Pluie légère,Autre collision,,,,,,,,,,,2,2,1,2,6.0
201600035707,0016-02-13 13:20:00,16,2,13,13,20,860,214,GENCAY (ROUTE DE),,,Plein jour,Hors agglomération,Hors intersection,Pluie légère,Autre collision,,,,,,,,,,,1,1,1,2,6.0
201600035708,0016-02-15 19:00:00,16,2,15,19,0,860,194,"7, JACOBINS (BOULEVARD D",46.59033,0.38665,Nuit avec éclairage allumé,En agglomération,Hors intersection,Normale,Autre collision,,,,,,,,,,,5,2,1,1,6.0