accident_id,datetime,annee,mois,jour,heure,minute,departement,commune_insee,adresse,latitude,longitude,luminosite,agglomeration,intersection,meteo,collision,nb_vehicules,nb_usagers,nb_indemnes,nb_tues,nb_blesses_hosp,nb_blesses_legers,age_cond_1,age_cond_2,veh_type_cond_1,veh_type_cond_2,lum_code,agg_code,int_code,atm_code,col_code
201600035709,0016-02-16 19:05:00,16,2,16,19,5,860,194,RECTEUR PINEAU AVENUE,46.56812,0.38666,Nuit avec éclairage allumé,En agglomération,Hors intersection,Normale,Autre collision,,,,,,,,,,,5,2,1,1,6.0
201600035710,0016-02-16 20:00:00,16,2,16,20,0,860,194,NANTES (AVENUE DE),46.59761,0.32666,Plein jour,En agglomération,Intersection en X,Normale,Deux véhicules - côté,,,,,,,,,,,1,2,2,1,3.0
201600035711,0016-02-17 20:15:00,16,2,17,20,15,860,214,"1, ACACIAS (RUE DES)",46.54711,0.3412,Nuit sans éclairage public,En agglomération,Hors intersection,Normale,Autre collision,,,,,,,,,,,3,2,1,1,6.0
201600035712,0016-02-19 11:20:00,16,2,19,11,20,860,194,"106, LIBERATION (AVENUE",46.56947,0.32252,Plein jour,En agglomération,Hors intersection,Normale,Deux véhicules - arrière,,,,,,,,,,,1,2,1,1,2.0
201600035713,0016-02-19 19:10:00,16,2,19,19,10,860,194,220 JACQUES COEUR AVENUE,46.56069,0.38652,Nuit avec éclairage allumé,En agglomération,Hors intersection,Pluie légère,Deux véhicules - frontale,,,,,,,,,,,5,2,1,2,1.0
201600035714,0016-02-22 12:00:00,16,2,22,12,0,860,194,JOHN KENNEDY (AVENUE),46.58572,0.36622,Plein jour,En agglomération,Intersection en X,Normale,Deux véhicules - frontale,,,,,,,,,,,1,2,2,1,1.0
201600035715,0016-02-24 14:10:00,16,2,24,14,10,860,194,11 RUE DE LA REPUBLIQUE,46.61236,0.34275,Plein jour,En agglomération,Hors intersection,Pluie légère,Deux véhicules - arrière,,,,,,,,,,,1,2,1,2,2.0
201600035716,0016-02-25 11:50:00,16,2,25,11,50,860,194,"4, COURONNERIES (RUE DES",46.59313,0.34825,Plein jour,En agglomération,Intersection en X,Normale,Autre collision,,,,,,,,,,,1,2,2,1,6.0
201600035717,0016-02-27 22:15:00,16,2,27,22,15,860,157,LIMOGES (ROUTE DE),46.54197,0.41705,Nuit sans éclairage public,En agglomération,Hors intersection,Normale,Deux véhicules - arrière,,,,,,,,,,,3,2,1,1,2.0
201600035718,0016-02-26 14:00:00,16,2,26,14,0,860,194,"3, BOULEVARD GRAND CERF",46.58722,0.33977,Plein jour,En agglomération,Hors intersection,Normale,Deux véhicules - arrière,,,,,,,,,,,1,2,1,1,2.0
201600035719,0016-02-28 21:05:00,16,2,28,21,5,860,194,"161, MONTBERNAGE (RUE DE",46.58402,0.3633,Plein jour,En agglomération,Hors intersection,Normale,Autre collision,,,,,,,,,,,1,2,1,1,6.0
201600035720,0016-02-27 02:20:00,16,2,27,2,20,860,194,"29, PIERRE DE COUBERTIN",46.59011,0.36561,Nuit avec éclairage allumé,En agglomération,Hors intersection,Normale,Autre collision,,,,,,,,,,,5,2,1,1,6.0
201600035721,0016-02-29 17:00:00,16,2,29,17,0,860,194,ROCADE EST (RD 162),46.57211,0.37033,Plein jour,En agglomération,Intersection en X,Normale,Autre collision,,,,,,,,,,,1,2,2,1,6.0
201600035722,0016-02-29 14:00:00,16,2,29,14,0,860,194,79 FAUBOURG  PONT NEUF,46.575,0.35486,Plein jour,En agglomération,Hors intersection,Normale,Deux véhicules - arrière,,,,,,,,,,,1,2,1,1,2.0
201600035723,0016-03-01 11:20:00,16,3,1,11,20,860,158,RICHELIEU (RUE DE),46.63786,0.30227,Plein jour,En agglomération,Hors intersection,Normale,Sans collision,,,,,,,,,,,1,2,1,1,7.0
201600035724,0016-03-02 07:45:00,16,3,2,7,45,860,194,141 avenue de PARIS,46.60519,0.34461,Plein jour,En agglomération,Hors intersection,Pluie légère,Deux véhicules - côté,,,,,,,,,,,1,2,1,2,3.0
201600035725,0016-03-04 07:05:00,16,3,4,7,5,860,41,RN 147 BUXEROLLES,46.61461,0.37177,Nuit sans éclairage public,Hors agglomération,Hors intersection,Pluie forte,Autre collision,,,,,,,,,,,3,1,1,3,6.0
201600035726,0016-03-04 08:00:00,16,3,4,8,0,860,194,PROVENCE (PLACE DE),46.58952,0.35655,Crépuscule ou aube,En agglomération,Place,Pluie légère,Autre collision,,,,,,,,,,,2,2,7,2,6.0
201600035727,0016-03-04 21:25:00,16,3,4,21,25,860,194,EUROPE (AVENUE DE L'),46.59188,0.3505,Nuit avec éclairage allumé,En agglomération,Intersection en Y,Temps couvert,Deux véhicules - côté,,,,,,,,,,,5,2,4,8,3.0
201600035728,0016-03-05 10:50:00,16,3,5,10,50,860,194,"221, NANTES (AVENUE DE)",46.58736,0.33022,Plein jour,En agglomération,Intersection en T,Temps couvert,Autre collision,,,,,,,,,,,1,2,3,8,6.0
201600035729,0016-03-05 14:45:00,16,3,5,14,45,860,194,NANTES (AVENUE DE),46.5855,0.33316,Plein jour,En agglomération,Intersection en T,Normale,Deux véhicules - côté,,,,,,,,,,,1,2,3,1,3.0
201600035730,0016-03-05 12:40:00,16,3,5,12,40,860,157,Bretelle D951,46.5641,0.3992,Plein jour,Hors agglomération,Hors intersection,Normale,Autre collision,,,,,,,,,,,1,1,1,1,6.0
201600035731,0016-03-05 20:20:00,16,3,5,20,20,860,214,ROCADE SUD EST (RD 162),46.5629,0.344,Nuit avec éclairage allumé,En agglomération,Intersection en X,Normale,Deux véhicules - côté,,,,,,,,,,,5,2,2,1,3.0
201600035732,0016-03-07 13:10:00,16,3,7,13,10,860,194,RECTEUR PINEAU (AVENUE D,46.5683,0.3858,Plein jour,En agglomération,Hors intersection,Normale,Autre collision,,,,,,,,,,,1,2,1,1,6.0
201600035733,0016-03-07 15:15:00,16,3,7,15,15,860,194,PAILLERIE (RUE DE LA),46.55322,0.30969,Plein jour,En agglomération,Hors intersection,Normale,Deux véhicules - frontale,,,,,,,,,,,1,2,1,1,1.0
201600035734,0016-03-07 21:15:00,16,3,7,21,15,860,194,"., PONT ACHARD (BOULEVAR",46.57783,0.33119,Nuit avec éclairage allumé,En agglomération,Intersection en T,Normale,Deux véhicules - frontale,,,,,,,,,,,5,2,3,1,1.0
201600035735,0016-03-09 09:20:00,16,3,9,9,20,860,194,ROCADE OUEST (RD 910),46.55425,0.30694,Plein jour,En agglomération,Intersection en X,Normale,Deux véhicules - arrière,,,,,,,,,,,1,2,2,1,2.0
201600035736,0016-03-18 11:35:00,16,3,18,11,35,860,194,RUE RIQUE AVOINE,46.59261,0.3287,Plein jour,En agglomération,Intersection en X,Normale,Deux véhicules - côté,,,,,,,,,,,1,2,2,1,3.0
201600035737,0016-03-22 02:15:00,16,3,22,2,15,860,158,RN.149,46.63297,0.29008,Nuit sans éclairage public,Hors agglomération,Hors intersection,Normale,Deux véhicules - frontale,,,,,,,,,,,3,1,1,1,1.0
201600035738,0016-03-23 09:50:00,16,3,23,9,50,860,214,ROCADE SUD EST (RD 162),46.56416,0.35216,Plein jour,En agglomération,Intersection en T,Normale,Deux véhicules - arrière,,,,,,,,,,,1,2,3,1,2.0
201600035739,0016-03-23 17:50:00,16,3,23,17,50,860,194,"129, PONT ACHARD (BOULEV",46.57541,0.32938,Plein jour,En agglomération,Hors intersection,Normale,Trois véhicules et plus - collisions multiples,,,,,,,,,,,1,2,1,1,5.0
201600035740,0016-03-23 17:20:00,16,3,23,17,20,860,214,LORCH (AVENUE DE),46.54994,0.33905,Plein jour,En agglomération,Intersection en T,Normale,Deux véhicules - côté,,,,,,,,,,,1,2,3,1,3.0
201600035741,0016-03-24 14:05:00,16,3,24,14,5,860,194,"31, FAUBOURG PONT NEUF (",46.57638,0.35316,Crépuscule ou aube,En agglomération,Hors intersection,Normale,Autre collision,,,,,,,,,,,2,2,1,1,6.0
201600035742,0016-03-24 08:25:00,16,3,24,8,25,860,214,NOUAILLE (ROUTE DE),46.55783,0.36911,Plein jour,En agglomération,Hors intersection,Normale,Trois véhicules et plus - collisions multiples,,,,,,,,,,,1,2,1,1,5.0
201600035743,0016-03-29 14:15:00,16,3,29,14,15,860,157,SAVIGNY (ROUTE DE ),46.5458,0.42763,Plein jour,Hors agglomération,Hors intersection,Normale,Deux véhicules - côté,,,,,,,,,,,1,1,1,1,3.0
201600035744,0016-03-30 22:10:00,16,3,30,22,10,860,194,"24, REVOLUTION (AVENUE D",46.5878,0.38066,Nuit avec éclairage allumé,En agglomération,Hors intersection,Normale,Autre collision,,,,,,,,,,,5,2,1,1,6.0
201600035745,0016-04-02 19:15:00,16,4,2,19,15,860,194,RUE SALVADOR ALLENDE,46.5821,0.3686,Plein jour,En agglomération,Intersection en X,Normale,Deux véhicules - frontale,,,,,,,,,,,1,2,2,1,1.0
201600035746,0016-04-06 12:40:00,16,4,6,12,40,860,194,FAUBOURG PONT NEUF (RUE,46.57797,0.35102,Plein jour,En agglomération,Intersection en X,Normale,Deux véhicules - frontale,,,,,,,,,,,1,2,2,1,1.0
201600035747,0016-04-07 10:15:00,16,4,7,10,15,860,194,LAFAYETTE (AVENUE DE),46.57613,0.375,Plein jour,Hors agglomération,Hors intersection,Normale,Deux véhicules - côté,,,,,,,,,,,1,1,1,1,3.0
201600035748,0016-04-07 09:45:00,16,4,7,9,45,860,194,"., JEAN JAURES (RUE)",46.57955,0.34897,Plein jour,En agglomération,Intersection en T,Normale,Deux véhicules - côté,,,,,,,,,,,1,2,3,1,3.0
201600035749,0016-04-11 17:55:00,16,4,11,17,55,860,214,NOUAILLE (ROUTE DE),46.55569,0.37119,Plein jour,En agglomération,Intersection en T,Normale,Deux véhicules - frontale,,,,,,,,,,,1,2,3,1,1.0
201600035750,0016-04-14 22:35:00,16,4,14,22,35,860,194,159 AVENUE 8 MAI 1945,46.55227,0.30441,Nuit avec éclairage allumé,En agglomération,Hors intersection,Pluie légère,Autre collision,,,,,,,,,,,5,2,1,2,6.0
201600035751,0016-04-17 14:50:00,16,4,17,14,50,860,194,91 BOULEVARD GRAND CERF,46.58308,0.33477,Plein jour,En agglomération,Hors intersection,Normale,Deux véhicules - côté,,,,,,,,,,,1,2,1,1,3.0
201600035752,0016-04-18 14:35:00,16,4,18,14,35,860,194,6/8 BOULEVARD COLIGNY,46.57713,0.35361,Plein jour,En agglomération,Hors intersection,Normale,Autre collision,,,,,,,,,,,1,2,1,1,6.0
201600035753,0016-04-21 14:10:00,16,4,21,14,10,860,194,ROCADE OUEST (RD 910),46.55647,0.30416,Plein jour,En agglomération,Intersection en X,Normale,Deux véhicules - côté,,,,,,,,,,,1,2,2,1,3.0
201600035754,0016-04-24 03:10:00,16,4,24,3,10,860,158,RN.147,46.61936,0.33397,Nuit avec éclairage non allumé,Hors agglomération,Hors intersection,Normale,Autre collision,,,,,,,,,,,4,1,1,1,6.0
201600035755,0016-04-23 18:00:00,16,4,23,18,0,860,194,SOUS BLOSSAC (BOULEVARD),46.57391,0.33413,Plein jour,En agglomération,Hors intersection,Pluie légère,Trois véhicules et plus - en chaîne,,,,,,,,,,,1,2,1,2,4.0
201600035756,0016-04-26 07:45:00,16,4,26,7,45,860,194,"14, ANATOLE FRANCE (BOUL",46.5773,0.34836,Plein jour,En agglomération,Hors intersection,Normale,Deux véhicules - arrière,,,,,,,,,,,1,2,1,1,2.0
201600035757,0016-04-27 19:30:00,16,4,27,19,30,860,194,ROCADE OUEST (RD 910),,,Plein jour,En agglomération,Intersection en X,Normale,Deux véhicules - frontale,,,,,,,,,,,1,2,2,1,1.0
201600035758,0016-05-02 17:50:00,16,5,2,17,50,860,194,"57, PONT ACHARD (BOULEVA",46.57847,0.33163,Plein jour,En agglomération,Hors intersection,Normale,Autre collision,,,,,,,,,,,1,2,1,1,6.0
201600035759,0016-05-05 02:15:00,16,5,5,2,15,860,41,"5 ET 10, COSSES  (RUE DE",46.6037,0.3782,Nuit sans éclairage public,En agglomération,Hors intersection,Normale,Deux véhicules - frontale,,,,,,,,,,,3,2,1,1,1.0
201600035760,0016-05-07 07:50:00,16,5,7,7,50,860,214,11 NOVEMBRE (AVENUE DU),46.56497,0.35669,Plein jour,En agglomération,Intersection en X,Normale,Deux véhicules - côté,,,,,,,,,,,1,2,2,1,3.0
201600035761,0016-05-10 18:10:00,16,5,10,18,10,860,194,BONNES (ROUTE DE),46.58333,0.41727,Plein jour,Hors agglomération,Hors intersection,Normale,Autre collision,,,,,,,,,,,1,1,1,1,6.0
201600035762,0016-05-11 00:05:00,16,5,11,0,5,860,194,EUROPE (AVENUE DE L'),,,Nuit avec éclairage allumé,En agglomération,Intersection en T,Normale,Deux véhicules - côté,,,,,,,,,,,5,2,3,1,3.0
201600035763,0016-05-12 17:30:00,16,5,12,17,30,860,194,PROMENADE DES COURS,46.5728,0.33941,Plein jour,En agglomération,Hors intersection,Pluie légère,Autre collision,,,,,,,,,,,1,2,1,2,6.0
201600035764,0016-05-12 22:30:00,16,5,12,22,30,860,214,GENCAY (ROUTE DE),46.55327,0.35236,Nuit sans éclairage public,Hors agglomération,Hors intersection,Pluie forte,Autre collision,,,,,,,,,,,3,1,1,3,6.0
201600035765,0016-05-15 16:00:00,16,5,15,16,0,860,194,11 NOVEMBRE (AVENUE DU),46.58949,0.3572,Plein jour,En agglomération,Intersection en X,Normale,Sans collision,,,,,,,,,,,1,2,2,1,7.0
201600035766,0016-05-15 22:45:00,16,5,15,22,45,860,194,PROVENCE (PLACE DE),46.58941,0.35719,Nuit avec éclairage allumé,En agglomération,Hors intersection,Normale,Autre collision,,,,,,,,,,,5,2,1,1,6.0
201600035767,0016-05-19 16:45:00,16,5,19,16,45,860,194,JOHN KENNEDY (AVENUE),46.34545,0.2205,Plein jour,En agglomération,Intersection en X,Normale,Deux véhicules - arrière,,,,,,,,,,,1,2,2,1,2.0
201600035768,0016-05-20 15:50:00,16,5,20,15,50,860,194,"56, PONT ACHARD (BOULEVA",46.5754,0.3289,Plein jour,En agglomération,Hors intersection,Normale,Deux véhicules - arrière,,,,,,,,,,,1,2,1,1,2.0
201600035769,0016-05-20 19:35:00,16,5,20,19,35,860,133,POITIERS (AVENUE DE),46.31481,0.19159,Plein jour,Hors agglomération,Hors intersection,Normale,Deux véhicules - frontale,,,,,,,,,,,1,1,1,1,1.0
201600035770,0016-05-21 17:35:00,16,5,21,17,35,860,194,"71, GRAND CERF (BOULEVAR",46.5837,0.336,Plein jour,En agglomération,Hors intersection,Normale,Deux véhicules - côté,,,,,,,,,,,1,2,1,1,3.0
201600035771,0016-05-21 11:40:00,16,5,21,11,40,860,194,AERODROME (RUE DE L'),46.5996,0.3214,Plein jour,Hors agglomération,Intersection en X,Normale,Deux véhicules - arrière,,,,,,,,,,,1,1,2,1,2.0
201600035772,0016-05-26 08:10:00,16,5,26,8,10,860,194,"86, GEORGES GUYNEMER (RU",46.5772,0.3255,Plein jour,En agglomération,Hors intersection,Normale,Deux véhicules - frontale,,,,,,,,,,,1,2,1,1,1.0
201600035773,0016-05-26 23:20:00,16,5,26,23,20,860,194,11 NOVEMBRE (AVENUE DU),46.5673,0.3658,Nuit avec éclairage allumé,En agglomération,Intersection en X,Normale,Deux véhicules - côté,,,,,,,,,,,5,2,2,1,3.0
201600035774,0016-05-27 22:10:00,16,5,27,22,10,860,194,"72, RHIN ET DANUBE (AVEN",46.5664,0.3379,Nuit avec éclairage allumé,En agglomération,Hors intersection,Normale,Autre collision,,,,,,,,,,,5,2,1,1,6.0
201600035775,0016-05-28 08:30:00,16,5,28,8,30,860,214,GENCAY (ROUTE DE),46.5592,0.3502,Plein jour,Hors agglomération,Intersection en T,Normale,Deux véhicules - côté,,,,,,,,,,,1,1,3,1,3.0
201600035776,0016-06-01 08:10:00,16,6,1,8,10,860,158,"., SAINT NICOLAS (ROUTE",46.616,0.3116,Plein jour,En agglomération,Intersection en T,Pluie légère,Autre collision,,,,,,,,,,,1,2,3,2,6.0
201600035777,0016-06-04 15:00:00,16,6,4,15,0,860,194,58 BD DU PONT JOUBERT,46.5792,0.352,Plein jour,En agglomération,Hors intersection,Normale,Autre collision,,,,,,,,,,,1,2,1,1,6.0
201600035778,0016-06-05 11:00:00,16,6,5,11,0,860,27,"28, BOIS DE ROCHEFORT (R",46.5801,0.2823,Plein jour,En agglomération,Hors intersection,Normale,Deux véhicules - frontale,,,,,,,,,,,1,2,1,1,1.0
201600035779,0016-06-07 16:30:00,16,6,7,16,30,860,194,PAUL VERLAINE (RUE),46.567,0.3592,Plein jour,En agglomération,Hors intersection,Normale,Autre collision,,,,,,,,,,,1,2,1,1,6.0
201600035780,0016-06-08 12:10:00,16,6,8,12,10,860,194,"206, NANTES (AVENUE DE)",46.583,0.3306,Plein jour,En agglomération,Hors intersection,Normale,Deux véhicules - frontale,,,,,,,,,,,1,2,1,1,1.0
201600035781,0016-06-09 17:40:00,16,6,9,17,40,860,194,RUE  INTENDANT LE NAIN,46.5916,0.3403,Plein jour,En agglomération,Hors intersection,Normale,Autre collision,,,,,,,,,,,1,2,1,1,6.0
201600035782,0016-06-13 13:40:00,16,6,13,13,40,860,158,2 RUE DE L'OBSIDIENNE,46.6317,0.3216,Plein jour,En agglomération,Hors intersection,Pluie légère,Deux véhicules - frontale,,,,,,,,,,,1,2,1,2,1.0
201600035783,0016-06-13 10:00:00,16,6,13,10,0,860,194,BLAISE PASCAL (RUE),46.5643,0.3136,Plein jour,En agglomération,Hors intersection,Normale,Deux véhicules - frontale,,,,,,,,,,,1,2,1,1,1.0
201600035784,0016-06-13 17:50:00,16,6,13,17,50,860,194,"., SAINT GERMAIN (RUE)",46.5869,0.3425,Plein jour,En agglomération,Intersection en X,Pluie légère,Autre collision,,,,,,,,,,,1,2,2,2,6.0
201600035785,0016-06-14 06:15:00,16,6,14,6,15,860,194,158 RUE BLAISE PASCAL,46.5629,0.3106,Crépuscule ou aube,En agglomération,Intersection en T,Normale,Deux véhicules - côté,,,,,,,,,,,2,2,3,1,3.0
201600035786,0016-06-16 14:45:00,16,6,16,14,45,860,194,"6, MILETRIE (RUE DE LA)",46.5611,0.3785,Plein jour,En agglomération,Hors intersection,Pluie forte,Trois véhicules et plus - en chaîne,,,,,,,,,,,1,2,1,3,4.0
201600035787,0016-06-20 10:30:00,16,6,20,10,30,860,194,"., LAFAYETTE (AVENUE DE)",46.5762,0.3735,Plein jour,En agglomération,Hors intersection,Normale,Autre collision,,,,,,,,,,,1,2,1,1,6.0
201600035788,0016-06-22 15:45:00,16,6,22,15,45,860,194,AERODROME (RUE DE L'),,,Plein jour,En agglomération,Hors intersection,Normale,Trois véhicules et plus - en chaîne,,,,,,,,,,,1,2,1,1,4.0
201600035789,0016-06-23 08:10:00,16,6,23,8,10,860,158,CHARDONCHAMP (ROUTE DE),46.62041,0.32075,Plein jour,Hors agglomération,Intersection en X,Normale,Deux véhicules - côté,,,,,,,,,,,1,1,2,1,3.0
201600035790,0016-06-23 19:20:00,16,6,23,19,20,860,41,"6, ABEL TASSIN (RUE)",46.5966,0.3438,Plein jour,En agglomération,Hors intersection,Normale,Deux véhicules - frontale,,,,,,,,,,,1,2,1,1,1.0
201600035791,0016-06-27 21:40:00,16,6,27,21,40,860,194,ROCADE OUEST (RD 910),46.5564,0.3042,Crépuscule ou aube,En agglomération,Intersection en X,Normale,Deux véhicules - frontale,,,,,,,,,,,2,2,2,1,1.0
201600035792,0016-06-29 17:50:00,16,6,29,17,50,860,194,AVENUE DE LA LIBERATION,46.5725,0.3274,Plein jour,En agglomération,Intersection en T,Normale,Deux véhicules - côté,,,,,,,,,,,1,2,3,1,3.0
201600035793,0016-06-29 18:00:00,16,6,29,18,0,860,194,AVENUE DE LA LIBERATION,46.5725,0.3274,Plein jour,En agglomération,Intersection en T,Normale,Deux véhicules - arrière,,,,,,,,,,,1,2,3,1,2.0
201600035794,0016-07-02 09:00:00,16,7,2,9,0,860,194,CHASSEIGNE (BOULEVARD),46.5905,0.34358,Plein jour,En agglomération,Intersection en X,Normale,Deux véhicules - côté,,,,,,,,,,,1,2,2,1,3.0
201600035795,0016-07-02 17:45:00,16,7,2,17,45,860,194,ROCADE OUEST (RD 910),46.59961,0.32136,Plein jour,En agglomération,Intersection en X,Normale,Deux véhicules - côté,,,,,,,,,,,1,2,2,1,3.0
201600035796,0016-07-03 23:10:00,16,7,3,23,10,860,194,"110, BLAISE PASCAL (RUE)",46.56433,0.31369,Nuit avec éclairage allumé,En agglomération,Hors intersection,Normale,Sans collision,,,,,,,,,,,5,2,1,1,7.0
201600035797,0016-07-04 15:00:00,16,7,4,15,0,860,194,JOHN KENNEDY (AVENUE),46.58244,0.36491,Plein jour,En agglomération,Intersection en X,Normale,Autre collision,,,,,,,,,,,1,2,2,1,6.0
201600035798,0016-07-04 17:00:00,16,7,4,17,0,860,157,RN 147,46.52541,0.44394,Plein jour,Hors agglomération,Hors intersection,Normale,Autre collision,,,,,,,,,,,1,1,1,1,6.0
201600035799,0016-07-08 04:00:00,16,7,8,4,0,860,194,"158, LIBERATION (AVENUE",46.56625,0.31897,Nuit avec éclairage allumé,En agglomération,Hors intersection,Normale,Autre collision,,,,,,,,,,,5,2,1,1,6.0
201600035800,0016-07-10 15:45:00,16,7,10,15,45,860,157,RN 147,46.54861,0.40602,Plein jour,Hors agglomération,Hors intersection,Normale,Trois véhicules et plus - en chaîne,,,,,,,,,,,1,1,1,1,4.0
201600035801,0016-07-11 00:15:00,16,7,11,0,15,860,194,"169, FAUBOURG PONT NEUF",46.57261,0.35872,Nuit avec éclairage allumé,En agglomération,Giratoire,Normale,Autre collision,,,,,,,,,,,5,2,6,1,6.0
201600035802,0016-07-11 15:50:00,16,7,11,15,50,860,194,"80, GENCAY (ROUTE DE)",46.56644,0.35701,Plein jour,En agglomération,Hors intersection,Normale,Trois véhicules et plus - en chaîne,,,,,,,,,,,1,2,1,1,4.0
201600035803,0016-07-11 16:45:00,16,7,11,16,45,860,194,PAUL VERLAINE (RUE),46.56722,0.35968,Plein jour,En agglomération,Intersection en T,Normale,Autre collision,,,,,,,,,,,1,2,3,1,6.0
201600035804,0016-07-13 08:35:00,16,7,13,8,35,860,194,PONT JOUBERT (BOULEVARD),46.57819,0.35091,Plein jour,En agglomération,Intersection en X,Normale,Autre collision,,,,,,,,,,,1,2,2,1,6.0
201600035805,0016-07-16 15:55:00,16,7,16,15,55,860,194,SAINT GREGOIRE (PASSAGE),46.57566,0.33794,Plein jour,En agglomération,Hors intersection,Normale,Deux véhicules - côté,,,,,,,,,,,1,2,1,1,3.0
201600035806,0016-07-16 16:20:00,16,7,16,16,20,860,194,"37, GRAND CERF (BOULEVAR",46.58566,0.33772,Plein jour,En agglomération,Hors intersection,Normale,Trois véhicules et plus - collisions multiples,,,,,,,,,,,1,2,1,1,5.0
201600035807,0016-07-18 17:20:00,16,7,18,17,20,860,194,"418, NANTES (AVENUE DE)",46.59644,0.3273,Plein jour,En agglomération,Hors intersection,Normale,Trois véhicules et plus - en chaîne,,,,,,,,,,,1,2,1,1,4.0
201600035808,0016-07-19 11:15:00,16,7,19,11,15,860,194,"250, NANTES (AVENUE DE)",46.585,0.33033,Plein jour,En agglomération,Intersection en T,Normale,Deux véhicules - frontale,,,,,,,,,,,1,2,3,1,1.0
201600035809,0016-07-20 14:30:00,16,7,20,14,30,860,194,"16, CHARLETTERIE (RUE DE",46.5902,0.3689,Plein jour,En agglomération,Intersection en T,Normale,Deux véhicules - côté,,,,,,,,,,,1,2,3,1,3.0
201600035810,0016-07-24 20:25:00,16,7,24,20,25,860,194,JOHN KENNEDY (AVENUE),46.58211,0.36791,Plein jour,En agglomération,Intersection en X,Normale,Deux véhicules - côté,,,,,,,,,,,1,2,2,1,3.0
201600035811,0016-07-26 08:20:00,16,7,26,8,20,860,133,GALONNIERE (CHEMIN LA),46.50669,0.27836,Plein jour,En agglomération,Intersection en T,Normale,Deux véhicules - côté,,,,,,,,,,,1,2,3,1,3.0
201600035812,0016-07-27 14:30:00,16,7,27,14,30,860,194,11 NOVEMBRE (AVENUE DU),46.5691,0.36912,Plein jour,En agglomération,Intersection en T,Normale,Deux véhicules - arrière,,,,,,,,,,,1,2,3,1,2.0
201600035813,0016-07-27 17:20:00,16,7,27,17,20,860,158,RN.147,46.61836,0.35752,Plein jour,Hors agglomération,Hors intersection,Normale,Trois véhicules et plus - en chaîne,,,,,,,,,,,1,1,1,1,4.0
201600035814,0016-07-28 16:05:00,16,7,28,16,5,860,194,JOHN KENNEDY (AVENUE),46.58936,0.3598,Plein jour,En agglomération,Intersection en X,Normale,Deux véhicules - côté,,,,,,,,,,,1,2,2,1,3.0
201600035815,0016-07-28 21:55:00,16,7,28,21,55,860,133,"20, ITEUIL (ROUTE D')",46.5066,0.3249,Crépuscule ou aube,Hors agglomération,Hors intersection,Normale,Sans collision,,,,,,,,,,,2,1,1,1,7.0
201600035816,0016-07-29 19:00:00,16,7,29,19,0,860,194,"04, CHANTERIE (RUE DE LA",46.57358,0.3283,Plein jour,En agglomération,Hors intersection,Normale,Deux véhicules - frontale,,,,,,,,,,,1,2,1,1,1.0
201600035817,0016-07-30 01:40:00,16,7,30,1,40,860,194,"97, FAUBOURG DE LA CUEIL",46.59672,0.32844,Nuit avec éclairage allumé,En agglomération,Hors intersection,Normale,Autre collision,,,,,,,,,,,5,2,1,1,6.0
201600035818,0016-08-04 09:00:00,16,8,4,9,0,860,133,Avenue de la Plage.,46.51719,0.3413,Plein jour,Hors agglomération,Hors intersection,Pluie légère,Autre collision,,,,,,,,,,,1,1,1,2,6.0
201600035819,0016-08-05 14:50:00,16,8,5,14,50,860,41,11 RUE DE DATCA,46.59844,0.3538,Plein jour,En agglomération,Hors intersection,Normale,Deux véhicules - côté,,,,,,,,,,,1,2,1,1,3.0
201600035820,0016-08-08 21:10:00,16,8,8,21,10,860,194,"6, COLIGNY (BOULEVARD)",46.57713,0.35413,Crépuscule ou aube,En agglomération,Hors intersection,Normale,Deux véhicules - frontale,,,,,,,,,,,2,2,1,1,1.0
201600035821,0016-08-11 16:05:00,16,8,11,16,5,860,194,"16, MONTMIDI (RUE DE)",46.5799,0.3246,Plein jour,En agglomération,Hors intersection,Normale,Deux véhicules - arrière,,,,,,,,,,,1,2,1,1,2.0
201600035822,0016-08-16 00:40:00,16,8,16,0,40,860,158,RN.147,46.63211,0.29222,Nuit sans éclairage public,Hors agglomération,Hors intersection,Normale,Autre collision,,,,,,,,,,,3,1,1,1,6.0
201600035823,0016-08-17 16:15:00,16,8,17,16,15,860,194,"48, CHASSEIGNE (BOULEVAR",46.58841,0.34805,Plein jour,En agglomération,Hors intersection,Normale,Deux véhicules - arrière,,,,,,,,,,,1,2,1,1,2.0
201600035824,0016-08-17 16:30:00,16,8,17,16,30,860,194,COURONNERIES (RUE DES),46.59119,0.35552,Plein jour,En agglomération,Intersection en X,Normale,Deux véhicules - frontale,,,,,,,,,,,1,2,2,1,1.0
201600035825,0016-08-18 18:35:00,16,8,18,18,35,860,194,CHAUME DE LA CUEILLE MIR,46.59375,0.33475,Plein jour,En agglomération,Intersection en X,Normale,Deux véhicules - frontale,,,,,,,,,,,1,2,2,1,1.0
201600035826,0016-08-20 10:55:00,16,8,20,10,55,860,194,4 BOULEVAR  SOLFERINO,46.58175,0.33394,Plein jour,En agglomération,Hors intersection,Normale,Deux véhicules - frontale,,,,,,,,,,,1,2,1,1,1.0
201600035827,0016-08-28 11:40:00,16,8,28,11,40,860,194,BONNEUIL MATOURS (ROUTE,46.58566,0.36619,Plein jour,En agglomération,Intersection en X,Normale,Deux véhicules - côté,,,,,,,,,,,1,2,2,1,3.0
201600035828,0016-08-31 15:45:00,16,8,31,15,45,860,194,2 AVENUE LAFAYETTE,46.57597,0.3763,Plein jour,En agglomération,Intersection en T,Normale,Deux véhicules - côté,,,,,,,,,,,1,2,3,1,3.0