accident_id,datetime,annee,mois,jour,heure,minute,departement,commune_insee,adresse,latitude,longitude,luminosite,agglomeration,intersection,meteo,collision,nb_vehicules,nb_usagers,nb_indemnes,nb_tues,nb_blesses_hosp,nb_blesses_legers,age_cond_1,age_cond_2,veh_type_cond_1,veh_type_cond_2,lum_code,agg_code,int_code,atm_code,col_code
201600035950,0016-02-05 07:55:00,16,2,5,7,55,870,85,"103, RUCHOUX (AVENUE DES",,,Crépuscule ou aube,En agglomération,Intersection en T,Normale,Deux véhicules - côté,,,,,,,,,,,2,2,3,1,3.0
201600035951,0016-02-06 10:00:00,16,2,6,10,0,870,85,"0, REVOLUTION (PONT DE L",,,Plein jour,En agglomération,Intersection en X,Normale,Deux véhicules - côté,,,,,,,,,,,1,2,2,1,3.0
201600035952,0016-02-09 08:06:00,16,2,9,8,6,870,75,"13, AURENCE (RUE DE L')",,,Plein jour,En agglomération,Intersection en X,Pluie forte,Deux véhicules - côté,,,,,,,,,,,1,2,2,3,3.0
201600035953,0016-02-08 13:27:00,16,2,8,13,27,870,85,"0, MENDES FRANCE (RUE PI",,,Plein jour,En agglomération,Hors intersection,Normale,Deux véhicules - frontale,,,,,,,,,,,1,2,1,1,1.0
201600035954,0016-02-12 17:12:00,16,2,12,17,12,870,85,"89, RUBEN (AVENUE ERNEST",,,Plein jour,En agglomération,Hors intersection,Pluie légère,Deux véhicules - arrière,,,,,,,,,,,1,2,1,2,2.0
201600035955,0016-02-12 20:26:00,16,2,12,20,26,870,85,"13, CHARSEIX (RUE DES)",,,Nuit avec éclairage allumé,En agglomération,Intersection en T,Pluie légère,Deux véhicules - côté,,,,,,,,,,,5,2,3,2,3.0
201600035956,0016-02-15 20:28:00,16,2,15,20,28,870,50,"14, ARTHUGERAS ( RUE)",,,Nuit sans éclairage public,Hors agglomération,Hors intersection,Normale,Autre collision,,,,,,,,,,,3,1,1,1,6.0
201600035957,0016-02-12 18:12:00,16,2,12,18,12,870,85,RD941 (OUEST),45.8346,1.22363,Plein jour,En agglomération,Hors intersection,Normale,Autre collision,,,,,,,,,,,1,2,1,1,6.0
201600035958,0016-02-15 14:24:00,16,2,15,14,24,870,85,"34, LECLERC (AVENUE DU G",,,Plein jour,En agglomération,Hors intersection,Normale,Autre collision,,,,,,,,,,,1,2,1,1,6.0
201600035959,0016-02-17 23:39:00,16,2,17,23,39,870,85,MAS-BOUYOL  (CITE ET BOU,,,Nuit avec éclairage allumé,En agglomération,Intersection en X,Normale,Deux véhicules - côté,,,,,,,,,,,5,2,2,1,3.0
201600035960,0016-02-17 13:16:00,16,2,17,13,16,870,85,"35, CHARPENTIER (RUE)",,,Plein jour,En agglomération,Hors intersection,Normale,Deux véhicules - arrière,,,,,,,,,,,1,2,1,1,2.0
201600035961,0016-02-20 20:16:00,16,2,20,20,16,870,85,"0, MAS-LOGE (RUE DU)",,,Nuit avec éclairage allumé,En agglomération,Hors intersection,Pluie légère,Deux véhicules - frontale,,,,,,,,,,,5,2,1,2,1.0
201600035962,0016-02-23 12:14:00,16,2,23,12,14,870,50,LIMOGES (AVENUE DE),45.8574,1.24405,Plein jour,En agglomération,Hors intersection,Normale,Autre collision,,,,,,,,,,,1,2,1,1,6.0
201600035963,0016-02-25 14:55:00,16,2,25,14,55,870,75,PERIGUEUX (ROUTE DE),45.8051,1.23654,Plein jour,Hors agglomération,Hors intersection,Pluie légère,Deux véhicules - frontale,,,,,,,,,,,1,1,1,2,1.0
201600035964,0016-02-26 17:59:00,16,2,26,17,59,870,85,"34, AMPHITHEATRE (RUE DE",,,Plein jour,En agglomération,Intersection en T,Normale,Deux véhicules - côté,,,,,,,,,,,1,2,3,1,3.0
201600035965,0016-02-27 14:52:00,16,2,27,14,52,870,85,PALAIS (ROUTE DU),45.8504,1.29882,Plein jour,Hors agglomération,Intersection en T,Pluie légère,Deux véhicules - côté,,,,,,,,,,,1,1,3,2,3.0
201600035966,0016-02-27 15:54:00,16,2,27,15,54,870,85,"05, DUMAS (AVENUE GEORGE",,,Plein jour,En agglomération,Hors intersection,Normale,Deux véhicules - côté,,,,,,,,,,,1,2,1,1,3.0
201600035967,0016-02-26 15:03:00,16,2,26,15,3,870,85,"14, THOMAS (AVENUE ALBER",,,Plein jour,En agglomération,Hors intersection,Normale,Deux véhicules - arrière,,,,,,,,,,,1,2,1,1,2.0
201600035968,0016-02-28 19:16:00,16,2,28,19,16,870,85,"5, GUESDE (RUE JULES)",,,Nuit avec éclairage allumé,En agglomération,Hors intersection,Pluie légère,Autre collision,,,,,,,,,,,5,2,1,2,6.0
201600035969,0016-03-01 20:25:00,16,3,1,20,25,870,85,FOUGERAS (RUE DE),45.8642,1.29054,Nuit avec éclairage allumé,En agglomération,Intersection en T,Normale,Deux véhicules - côté,,,,,,,,,,,5,2,3,1,3.0
201600035970,0016-03-02 08:15:00,16,3,2,8,15,870,65,AUTOROUTE A20,45.8174,1.29494,Plein jour,Hors agglomération,Hors intersection,Pluie légère,Trois véhicules et plus - en chaîne,,,,,,,,,,,1,1,1,2,4.0
201600035971,0016-03-06 06:02:00,16,3,6,6,2,870,85,SCHUMAN (BOULEVARD ROBER,45.8613,1.27292,Nuit avec éclairage allumé,Hors agglomération,Hors intersection,Normale,Deux véhicules - arrière,,,,,,,,,,,5,1,1,1,2.0
201600035972,0016-03-01 21:36:00,16,3,1,21,36,870,85,AUTOROUTE A20,45.8728,1.28781,Nuit avec éclairage non allumé,Hors agglomération,Hors intersection,Pluie légère,Deux véhicules - arrière,,,,,,,,,,,4,1,1,2,2.0
201600035973,0016-03-06 10:39:00,16,3,6,10,39,870,75,"10, REPUBLIQUE (AVENUE D",45.8094,1.22663,Plein jour,En agglomération,Autre intersection,Normale,Deux véhicules - côté,,,,,,,,,,,1,2,9,1,3.0
201600035974,0016-03-08 10:00:00,16,3,8,10,0,870,85,"0, FAUGERAS (ALLEE DE)",45.8552,1.28832,Plein jour,En agglomération,Hors intersection,Normale,Autre collision,,,,,,,,,,,1,2,1,1,6.0
201600035975,0016-03-08 08:18:00,16,3,8,8,18,870,85,"29, COTY (AVENUE DU PRES",45.8412,1.23044,Plein jour,En agglomération,Intersection en T,Normale,Deux véhicules - côté,,,,,,,,,,,1,2,3,1,3.0
201600035976,0016-03-08 19:21:00,16,3,8,19,21,870,85,"2, MIDI (AVENUE DU)",45.8266,1.25752,Crépuscule ou aube,En agglomération,Hors intersection,Normale,Autre collision,,,,,,,,,,,2,2,1,1,6.0
201600035977,0016-03-09 08:35:00,16,3,9,8,35,870,85,RN520,45.891,1.27942,Plein jour,Hors agglomération,Hors intersection,Pluie légère,Deux véhicules - arrière,,,,,,,,,,,1,1,1,2,2.0
201600035978,0016-03-10 17:26:00,16,3,10,17,26,870,48,"30, LIMOGES (AVENUE DE)",45.7975,1.23752,Plein jour,En agglomération,Intersection en T,Normale,Deux véhicules - côté,,,,,,,,,,,1,2,3,1,3.0
201600035979,0016-03-12 18:26:00,16,3,12,18,26,870,50,"0, HIPPODROME (ALLEE DE",45.8796,1.2025,Plein jour,Hors agglomération,Hors intersection,Normale,Deux véhicules - arrière,,,,,,,,,,,1,1,1,1,2.0
201600035980,0016-03-11 18:33:00,16,3,11,18,33,870,85,"51, BELLAC (RUE DE)",45.8478,1.24545,Plein jour,En agglomération,Hors intersection,Normale,Autre collision,,,,,,,,,,,1,2,1,1,6.0
201600035981,0016-03-12 23:11:00,16,3,12,23,11,870,85,"1.500, GEORGES GUINGOUIN",45.9073,1.29747,Nuit avec éclairage allumé,En agglomération,Hors intersection,Normale,Autre collision,,,,,,,,,,,5,2,1,1,6.0
201600035982,0016-03-13 07:37:00,16,3,13,7,37,870,48,", NEXON (ROUTE DE)",45.7818,1.22432,Crépuscule ou aube,En agglomération,Hors intersection,Normale,Autre collision,,,,,,,,,,,2,2,1,1,6.0
201600035983,0016-03-14 16:14:00,16,3,14,16,14,870,50,"02, BUXEROLLES (ROUTE DE",45.8769,1.24333,Plein jour,En agglomération,Hors intersection,Normale,Autre collision,,,,,,,,,,,1,2,1,1,6.0
201600035984,0016-03-16 08:26:00,16,3,16,8,26,870,85,"263, PERRIN (RUE FRANCOI",45.8248,1.22883,Plein jour,En agglomération,Hors intersection,Normale,Autre collision,,,,,,,,,,,1,2,1,1,6.0
201600035985,0016-03-17 05:13:00,16,3,17,5,13,870,85,"0, REVOLUTION (PONT DE L",45.8211,1.26289,Nuit avec éclairage allumé,En agglomération,Intersection en X,Normale,Deux véhicules - côté,,,,,,,,,,,5,2,2,1,3.0
201600035986,0016-03-17 20:30:00,16,3,17,20,30,870,85,"0, JOURDAN (PLACE)",45.8317,1.26249,Nuit avec éclairage allumé,En agglomération,Intersection en X,Normale,Deux véhicules - côté,,,,,,,,,,,5,2,2,1,3.0
201600035987,0016-03-18 20:00:00,16,3,18,20,0,870,85,"0, VALOINE (RUE DE LA)",45.8071,1.25436,Crépuscule ou aube,En agglomération,Intersection en T,Normale,Deux véhicules - arrière,,,,,,,,,,,2,2,3,1,2.0
201600035988,0016-03-17 21:06:00,16,3,17,21,6,870,85,"94, GARIBALDI (AVENUE)",45.8396,1.25789,Nuit avec éclairage allumé,En agglomération,Hors intersection,Pluie légère,Sans collision,,,,,,,,,,,5,2,1,2,7.0
201600035989,0016-03-22 18:12:00,16,3,22,18,12,870,85,"20, MATISSE (RUE HENRI)",45.8515,1.2707,Plein jour,En agglomération,Hors intersection,Normale,Trois véhicules et plus - en chaîne,,,,,,,,,,,1,2,1,1,4.0
201600035990,0016-03-17 18:35:00,16,3,17,18,35,870,65,"0, BESSES (RUE DES)",45.8042,1.32725,Plein jour,En agglomération,Hors intersection,Pluie forte,Autre collision,,,,,,,,,,,1,2,1,3,6.0
201600035991,0016-03-20 19:24:00,16,3,20,19,24,870,85,"7, DOMNOLET LAFARGE (RUE",45.8176,1.27428,Crépuscule ou aube,En agglomération,Intersection en T,Normale,Deux véhicules - côté,,,,,,,,,,,2,2,3,1,3.0
201600035992,0016-03-23 16:15:00,16,3,23,16,15,870,85,"35, LEBON (RUE PHILIPPE)",45.8821,1.27992,Plein jour,En agglomération,Hors intersection,Normale,Deux véhicules - côté,,,,,,,,,,,1,2,1,1,3.0
201600035993,0016-03-24 11:04:00,16,3,24,11,4,870,85,"01, WILSON (PLACE)",45.8295,1.26286,Plein jour,En agglomération,Hors intersection,Normale,Autre collision,,,,,,,,,,,1,2,1,1,6.0
201600035994,0016-03-25 22:49:00,16,3,25,22,49,870,85,"07, AINE (PLACE D')",45.8299,1.25483,Nuit avec éclairage allumé,En agglomération,Hors intersection,Normale,Autre collision,,,,,,,,,,,5,2,1,1,6.0
201600035995,0016-03-26 16:39:00,16,3,26,16,39,870,48,NEXON (ROUTE DE),45.7802,1.22152,Plein jour,Hors agglomération,Hors intersection,Normale,Autre collision,,,,,,,,,,,1,1,1,1,6.0
201600035996,0016-03-30 13:06:00,16,3,30,13,6,870,85,MAUROIS (ALLEE ANDRE),45.835,1.22684,Plein jour,En agglomération,Intersection en T,Normale,Autre collision,,,,,,,,,,,1,2,3,1,6.0
201600035997,0016-03-29 13:32:00,16,3,29,13,32,870,85,RN520,45.8664,1.16558,Plein jour,Hors agglomération,Hors intersection,Normale,Deux véhicules - frontale,,,,,,,,,,,1,1,1,1,1.0
201600035998,0016-03-24 17:24:00,16,3,24,17,24,870,85,RD941 (OUEST),45.8345,1.22601,Plein jour,En agglomération,Intersection en X,Normale,Autre collision,,,,,,,,,,,1,2,2,1,6.0
201600035999,0016-03-30 10:12:00,16,3,30,10,12,870,85,"29, JOURDAN (PLACE)",45.8317,1.26324,Plein jour,En agglomération,Hors intersection,Normale,Autre collision,,,,,,,,,,,1,2,1,1,6.0
201600036000,0016-04-01 13:25:00,16,4,1,13,25,870,75,"0, ARMAGNAC (AVENUE",45.8107,1.21872,Plein jour,En agglomération,Hors intersection,Normale,Deux véhicules - côté,,,,,,,,,,,1,2,1,1,3.0
201600036001,0016-04-01 17:08:00,16,4,1,17,8,870,50,"50, BUXEROLLES (ROUTE DE",45.8713,1.25597,Plein jour,Hors agglomération,Hors intersection,Normale,Deux véhicules - arrière,,,,,,,,,,,1,1,1,1,2.0
201600036002,0016-03-31 19:53:00,16,3,31,19,53,870,85,"51, RUBEN (AVENUE ERNEST",45.8213,1.25164,Plein jour,En agglomération,Intersection en X,Pluie forte,Deux véhicules - côté,,,,,,,,,,,1,2,2,3,3.0
201600036003,0016-04-07 12:55:00,16,4,7,12,55,870,85,"89, RUBEN (AVENUE ERNEST",45.8236,1.25121,Plein jour,En agglomération,Intersection en X,Normale,Deux véhicules - côté,,,,,,,,,,,1,2,2,1,3.0
201600036004,0016-04-08 19:20:00,16,4,8,19,20,870,85,PERRIN (RUE FRANCOIS),45.8214,1.20022,Plein jour,Hors agglomération,Hors intersection,Normale,Autre collision,,,,,,,,,,,1,1,1,1,6.0
201600036005,0016-04-09 17:42:00,16,4,9,17,42,870,85,"63, DUTREIX (RUE ARMAND)",45.8308,1.24478,Plein jour,En agglomération,Intersection en T,Normale,Deux véhicules - côté,,,,,,,,,,,1,2,3,1,3.0
201600036006,0016-04-12 09:09:00,16,4,12,9,9,870,50,D20,45.8896,1.17841,Plein jour,Hors agglomération,Hors intersection,Normale,Autre collision,,,,,,,,,,,1,1,1,1,6.0
201600036007,0016-04-08 20:30:00,16,4,8,20,30,870,85,"95, LECLERC (AVENUE DU G",45.8453,1.26033,Crépuscule ou aube,En agglomération,Hors intersection,Normale,Sans collision,,,,,,,,,,,2,2,1,1,7.0
201600036008,0016-04-15 11:50:00,16,4,15,11,50,870,85,"105, BELLAC (RUE DE)",45.8512,1.24461,Plein jour,En agglomération,Hors intersection,Normale,Deux véhicules - côté,,,,,,,,,,,1,2,1,1,3.0
201600036009,0016-04-15 10:03:00,16,4,15,10,3,870,65,"0, MAS GAUTHIER (LIEU DI",45.7869,1.33047,Plein jour,Hors agglomération,Hors intersection,Pluie légère,Autre collision,,,,,,,,,,,1,1,1,2,6.0
201600036010,0016-04-16 20:44:00,16,4,16,20,44,870,85,"05, JAURES (RUE JEAN)",45.8295,1.26084,Crépuscule ou aube,En agglomération,Intersection en T,Pluie légère,Deux véhicules - côté,,,,,,,,,,,2,2,3,2,3.0
201600036011,0016-04-17 09:59:00,16,4,17,9,59,870,85,"15, FONDERIE (RUE DE LA)",45.8358,1.25275,Plein jour,En agglomération,Hors intersection,Pluie légère,Deux véhicules - côté,,,,,,,,,,,1,2,1,2,3.0
201600036012,0016-04-16 18:19:00,16,4,16,18,19,870,85,RN520,45.8912,1.28179,Plein jour,Hors agglomération,Hors intersection,Pluie légère,Deux véhicules - arrière,,,,,,,,,,,1,1,1,2,2.0
201600036013,0016-04-19 02:16:00,16,4,19,2,16,870,85,"22, KING (AVENUE MARTIN",45.8187,1.23392,Nuit avec éclairage allumé,En agglomération,Hors intersection,Normale,Autre collision,,,,,,,,,,,5,2,1,1,6.0
201600036014,0016-04-21 04:29:00,16,4,21,4,29,870,85,"25, MAS-BOUYOL  (CITE ET",45.8277,1.22661,Nuit avec éclairage allumé,En agglomération,Hors intersection,Normale,Autre collision,,,,,,,,,,,5,2,1,1,6.0
201600036015,0016-04-22 13:04:00,16,4,22,13,4,870,85,ALLENDE (QUAI SALVADOR),45.8211,1.26292,Plein jour,En agglomération,Intersection en X,Pluie légère,Deux véhicules - frontale,,,,,,,,,,,1,2,2,2,1.0
201600036016,0016-04-22 23:09:00,16,4,22,23,9,870,85,"234, LATTRE-DE-TASSIGNY",45.8273,1.28451,Nuit avec éclairage allumé,En agglomération,Intersection en X,Pluie légère,Deux véhicules - côté,,,,,,,,,,,5,2,2,2,3.0
201600036017,0016-04-26 18:40:00,16,4,26,18,40,870,85,"0, REVOLUTION (PONT DE L",45.821,1.26309,Plein jour,En agglomération,Hors intersection,Normale,Deux véhicules - arrière,,,,,,,,,,,1,2,1,1,2.0
201600036018,0016-04-26 08:52:00,16,4,26,8,52,870,85,MAS-BOUYOL  (CITE ET BOU,45.8344,1.22609,Plein jour,En agglomération,Hors intersection,Pluie légère,Sans collision,,,,,,,,,,,1,2,1,2,7.0
201600036019,0016-04-25 17:58:00,16,4,25,17,58,870,85,"0, CHARENTES (PLACE DES)",45.8376,1.25268,Plein jour,En agglomération,Intersection en X,Normale,Deux véhicules - arrière,,,,,,,,,,,1,2,2,1,2.0
201600036020,0016-04-29 13:45:00,16,4,29,13,45,870,114,"0, GUILLOT (AVENUE PIERR",45.8373,1.30716,Plein jour,En agglomération,Intersection en T,Normale,Deux véhicules - côté,,,,,,,,,,,1,2,3,1,3.0
201600036021,0016-05-01 02:35:00,16,5,1,2,35,870,85,"39, GUERIN (RUE CAMILLE)",45.8171,1.22632,Nuit avec éclairage allumé,En agglomération,Hors intersection,Normale,Autre collision,,,,,,,,,,,5,2,1,1,6.0
201600036022,0016-05-01 17:44:00,16,5,1,17,44,870,85,"24, SAINT ELOI (AVENUE)",45.8283,1.2492,Plein jour,En agglomération,Intersection en T,Normale,Deux véhicules - côté,,,,,,,,,,,1,2,3,1,3.0
201600036023,0016-05-02 15:58:00,16,5,2,15,58,870,85,"0, GRAND BEAUNE (LIEU DI",45.915,1.28232,Plein jour,Hors agglomération,Hors intersection,Normale,Autre collision,,,,,,,,,,,1,1,1,1,6.0
201600036024,0016-05-03 18:27:00,16,5,3,18,27,870,85,"02, CURIE  (RUE PIERRE E",45.825,1.24917,Plein jour,En agglomération,Hors intersection,Normale,Deux véhicules - frontale,,,,,,,,,,,1,2,1,1,1.0
201600036025,0016-05-04 08:13:00,16,5,4,8,13,870,85,"01, RECOLLETS (RUE DES)",45.824,1.26015,Plein jour,En agglomération,Hors intersection,Normale,Autre collision,,,,,,,,,,,1,2,1,1,6.0
201600036026,0016-05-04 18:30:00,16,5,4,18,30,870,85,"31, LATTRE-DE-TASSIGNY (",45.8253,1.27254,Plein jour,En agglomération,Hors intersection,Normale,Autre collision,,,,,,,,,,,1,2,1,1,6.0
201600036027,0016-05-05 22:24:00,16,5,5,22,24,870,85,"118, DUTREIX (RUE ARMAND",45.8313,1.24022,Nuit avec éclairage allumé,En agglomération,Hors intersection,Normale,Deux véhicules - côté,,,,,,,,,,,5,2,1,1,3.0
201600036028,0016-05-07 11:50:00,16,5,7,11,50,870,85,"5, ARTS (RUE DES)",45.8361,1.24952,Plein jour,En agglomération,Hors intersection,Normale,Autre collision,,,,,,,,,,,1,2,1,1,6.0
201600036029,0016-05-06 09:12:00,16,5,6,9,12,870,85,"64BIS, ROUSSILLON (AVENU",45.8178,1.22319,Plein jour,En agglomération,Hors intersection,Normale,Autre collision,,,,,,,,,,,1,2,1,1,6.0
201600036030,0016-05-11 12:26:00,16,5,11,12,26,870,85,"28, BEAUBLANC (BOULEVARD",45.8475,1.2446,Plein jour,En agglomération,Hors intersection,Pluie légère,Deux véhicules - arrière,,,,,,,,,,,1,2,1,2,2.0
201600036031,0016-05-12 16:13:00,16,5,12,16,13,870,85,"01, TARRADE (AVENUE ADRI",45.8399,1.2572,Plein jour,Hors agglomération,Hors intersection,Normale,Autre collision,,,,,,,,,,,1,1,1,1,6.0
201600036032,0016-05-16 18:35:00,16,5,16,18,35,870,85,"29, MACE (RUE JEAN)",45.8425,1.24299,Plein jour,En agglomération,Intersection en T,Normale,Deux véhicules - côté,,,,,,,,,,,1,2,3,1,3.0
201600036033,0016-05-18 22:55:00,16,5,18,22,55,870,50,LIMOGES (AVENUE DE),45.8567,1.24488,Nuit sans éclairage public,Hors agglomération,Hors intersection,Pluie légère,Autre collision,,,,,,,,,,,3,1,1,2,6.0
201600036034,0016-05-14 22:46:00,16,5,14,22,46,870,113,"0, BASTIE (AVENUE MARYSE",,,Nuit sans éclairage public,Hors agglomération,Hors intersection,Normale,Autre collision,,,,,,,,,,,3,1,1,1,6.0
201600036035,0016-05-19 14:23:00,16,5,19,14,23,870,85,"45, LABUSSIERE (AVENUE E",45.8427,1.25482,Plein jour,En agglomération,Hors intersection,Normale,Deux véhicules - arrière,,,,,,,,,,,1,2,1,1,2.0
201600036036,0016-05-19 08:40:00,16,5,19,8,40,870,85,"0, REVOLUTION (PONT DE L",45.821,1.26318,Plein jour,En agglomération,Hors intersection,Pluie légère,Deux véhicules - arrière,,,,,,,,,,,1,2,1,2,2.0
201600036037,0016-05-18 19:35:00,16,5,18,19,35,870,85,"7, BROSSOLETTE (RUE PIER",45.824,1.25471,Plein jour,En agglomération,Hors intersection,Pluie légère,Autre collision,,,,,,,,,,,1,2,1,2,6.0
201600036038,0016-05-21 14:34:00,16,5,21,14,34,870,65,VALIN (AVENUE MARTIAL),45.8162,1.30855,Plein jour,Hors agglomération,Intersection en T,Normale,Deux véhicules - côté,,,,,,,,,,,1,1,3,1,3.0
201600036039,0016-05-13 16:08:00,16,5,13,16,8,870,85,"1, GARIBALDI (AVENUE)",45.8319,1.26246,Plein jour,En agglomération,Intersection en X,Pluie légère,Autre collision,,,,,,,,,,,1,2,2,2,6.0
201600036040,0016-05-26 11:23:00,16,5,26,11,23,870,85,"62, ROUSSILLON (AVENUE D",45.8181,1.22307,Plein jour,En agglomération,Hors intersection,Pluie légère,Autre collision,,,,,,,,,,,1,2,1,2,6.0
201600036041,0016-05-18 16:18:00,16,5,18,16,18,870,75,"71, PERIGUEUX (ROUTE DE)",45.7932,1.22064,Plein jour,Hors agglomération,Hors intersection,Normale,Deux véhicules - arrière,,,,,,,,,,,1,1,1,1,2.0
201600036042,0016-05-19 07:24:00,16,5,19,7,24,870,50,LIMOGES (AVENUE DE),45.8565,1.24558,Crépuscule ou aube,Hors agglomération,Hors intersection,Pluie légère,Trois véhicules et plus - en chaîne,,,,,,,,,,,2,1,1,2,4.0
201600036043,0016-05-26 12:59:00,16,5,26,12,59,870,85,SCHUMAN (BOULEVARD ROBER,45.8634,1.27438,Plein jour,En agglomération,Hors intersection,Normale,Deux véhicules - arrière,,,,,,,,,,,1,2,1,1,2.0
201600036044,0016-05-27 08:10:00,16,5,27,8,10,870,85,NEXON (RUE DE),45.8106,1.25708,Plein jour,En agglomération,Giratoire,Normale,Deux véhicules - côté,,,,,,,,,,,1,2,6,1,3.0
201600036045,0016-05-27 12:17:00,16,5,27,12,17,870,75,"06, BUISSON (RUE DU)",,,Plein jour,En agglomération,Hors intersection,Normale,Deux véhicules - côté,,,,,,,,,,,1,2,1,1,3.0
201600036046,0016-05-30 08:14:00,16,5,30,8,14,870,50,"75, LIMOGES (AVENUE DE)",45.8675,1.23811,Plein jour,En agglomération,Hors intersection,Pluie légère,Autre collision,,,,,,,,,,,1,2,1,2,6.0
201600036047,0016-05-27 15:53:00,16,5,27,15,53,870,85,"32, GEORGES GUINGOUIN(RU",45.898,1.29493,Plein jour,Hors agglomération,Hors intersection,Normale,Autre collision,,,,,,,,,,,1,1,1,1,6.0
201600036048,0016-05-31 07:48:00,16,5,31,7,48,870,50,LIMOGES (AVENUE DE),45.8907,1.2336,Crépuscule ou aube,En agglomération,Giratoire,Pluie forte,Autre collision,,,,,,,,,,,2,2,6,3,6.0
201600036049,0016-06-01 09:52:00,16,6,1,9,52,870,85,"31, SERPOLLET (RUE LEON)",45.8782,1.28373,Plein jour,En agglomération,Hors intersection,Pluie forte,Autre collision,,,,,,,,,,,1,2,1,3,6.0
201600036050,0016-05-31 07:34:00,16,5,31,7,34,870,48,"4, REBIER (RUE JEAN)",,,Plein jour,En agglomération,Intersection en X,Pluie légère,Deux véhicules - côté,,,,,,,,,,,1,2,2,2,3.0
201600036051,0016-06-02 07:52:00,16,6,2,7,52,870,85,"69, BABYLONE (RUE DE)",45.8221,1.27116,Plein jour,En agglomération,Hors intersection,Pluie légère,Deux véhicules - arrière,,,,,,,,,,,1,2,1,2,2.0
201600036052,0016-06-01 13:16:00,16,6,1,13,16,870,85,"0, TUILIERES (RUE DES)",45.8525,1.25515,Plein jour,En agglomération,Intersection en T,Pluie légère,Deux véhicules - frontale,,,,,,,,,,,1,2,3,2,1.0
201600036053,0016-06-02 10:02:00,16,6,2,10,2,870,85,ALLENDE (QUAI SALVADOR),45.8171,1.25246,Plein jour,En agglomération,Hors intersection,Pluie légère,Autre collision,,,,,,,,,,,1,2,1,2,6.0
201600036054,0016-06-03 09:18:00,16,6,3,9,18,870,85,"4, RAIMU (RUE JULES)",45.8647,1.28968,Plein jour,En agglomération,Intersection en T,Normale,Deux véhicules - côté,,,,,,,,,,,1,2,3,1,3.0
201600036055,0016-06-03 17:41:00,16,6,3,17,41,870,85,"10, PORT DU NAVEIX (RUE",45.8317,1.27338,Plein jour,En agglomération,Hors intersection,Normale,Autre collision,,,,,,,,,,,1,2,1,1,6.0
201600036056,0016-06-04 15:00:00,16,6,4,15,0,870,85,"0, SAGNES (RUE DES)",45.8767,1.29548,Plein jour,En agglomération,Intersection en T,Normale,Deux véhicules - côté,,,,,,,,,,,1,2,3,1,3.0
201600036057,0016-06-04 20:47:00,16,6,4,20,47,870,85,"15, BUGEAUD (COURS)",45.8346,1.26427,Plein jour,En agglomération,Intersection en T,Normale,Deux véhicules - côté,,,,,,,,,,,1,2,3,1,3.0
201600036058,0016-06-06 22:10:00,16,6,6,22,10,870,85,"46, MAUVENDIERE (RUE DE",45.8336,1.24773,Nuit avec éclairage allumé,En agglomération,Hors intersection,Normale,Deux véhicules - côté,,,,,,,,,,,5,2,1,1,3.0
201600036059,0016-06-07 15:22:00,16,6,7,15,22,870,85,"226, BRIAND (RUE ARISTID",45.851,1.28428,Plein jour,En agglomération,Hors intersection,Normale,Autre collision,,,,,,,,,,,1,2,1,1,6.0
201600036060,0016-06-10 16:03:00,16,6,10,16,3,870,107,D35,45.8922,1.17808,Plein jour,Hors agglomération,Hors intersection,Normale,Deux véhicules - côté,,,,,,,,,,,1,1,1,1,3.0
201600036061,0016-06-09 09:15:00,16,6,9,9,15,870,85,"0, REVOLUTION (PONT DE L",45.8197,1.26456,Plein jour,En agglomération,Hors intersection,Normale,Autre collision,,,,,,,,,,,1,2,1,1,6.0
201600036062,0016-06-11 10:31:00,16,6,11,10,31,870,75,"0, COURRIERES (AVENUE DE",,,Plein jour,Hors agglomération,Hors intersection,Pluie légère,Deux véhicules - frontale,,,,,,,,,,,1,1,1,2,1.0
201600036063,0016-06-13 17:14:00,16,6,13,17,14,870,85,BEAUBLANC (BOULEVARD DE),45.8466,1.24343,Plein jour,En agglomération,Intersection en T,Pluie légère,Trois véhicules et plus - collisions multiples,,,,,,,,,,,1,2,3,2,5.0
201600036064,0016-06-13 21:03:00,16,6,13,21,3,870,85,"0, NEXON (RUE DE)",45.8186,1.2642,Plein jour,En agglomération,Giratoire,Pluie légère,Autre collision,,,,,,,,,,,1,2,6,2,6.0
201600036065,0016-06-13 19:06:00,16,6,13,19,6,870,85,"0, LIAISON SUD ( VOIE DE",45.8103,1.25777,Plein jour,En agglomération,Hors intersection,Normale,Deux véhicules - frontale,,,,,,,,,,,1,2,1,1,1.0
201600036066,0016-06-14 09:16:00,16,6,14,9,16,870,50,"2, EGLISE (RUE DE L')",,,Plein jour,En agglomération,Hors intersection,Normale,Autre collision,,,,,,,,,,,1,2,1,1,6.0
201600036067,0016-06-15 12:01:00,16,6,15,12,1,870,85,"6, GAMBETTA (BOULEVARD)",45.8274,1.25964,Plein jour,En agglomération,Hors intersection,Normale,Autre collision,,,,,,,,,,,1,2,1,1,6.0
201600036068,0016-06-15 17:50:00,16,6,15,17,50,870,85,"38, HOCHE (RUE)",45.8403,1.25909,Plein jour,En agglomération,Intersection en X,Normale,Deux véhicules - côté,,,,,,,,,,,1,2,2,1,3.0
201600036069,0016-06-17 07:50:00,16,6,17,7,50,870,85,"6, WILSON (PLACE)",45.8297,1.26251,Plein jour,En agglomération,Hors intersection,Normale,Deux véhicules - côté,,,,,,,,,,,1,2,1,1,3.0
201600036070,0016-06-13 19:40:00,16,6,13,19,40,870,85,"0, LIAISON SUD-GAL VALIN",45.8037,1.27851,Plein jour,Hors agglomération,Hors intersection,Pluie légère,Deux véhicules - côté,,,,,,,,,,,1,1,1,2,3.0
201600036071,0016-06-17 14:27:00,16,6,17,14,27,870,50,"60, BUXEROLLES (ROUTE DE",,,Plein jour,Hors agglomération,Hors intersection,Pluie légère,Deux véhicules - frontale,,,,,,,,,,,1,1,1,2,1.0