accident_id,datetime,annee,mois,jour,heure,minute,departement,commune_insee,adresse,latitude,longitude,luminosite,agglomeration,intersection,meteo,collision,nb_vehicules,nb_usagers,nb_indemnes,nb_tues,nb_blesses_hosp,nb_blesses_legers,age_cond_1,age_cond_2,veh_type_cond_1,veh_type_cond_2,lum_code,agg_code,int_code,atm_code,col_code
201600036193,0016-11-09 08:10:00,16,11,9,8,10,870,85,"20, SAINTE CLAIRE (RUE)",45.8248,1.24809,Plein jour,En agglomération,Hors intersection,Pluie légère,Trois véhicules et plus - collisions multiples,,,,,,,,,,,1,2,1,2,5.0
201600036194,0016-11-10 06:24:00,16,11,10,6,24,870,85,AUTOROUTE A20,45.8524,1.27608,Nuit sans éclairage public,Hors agglomération,Hors intersection,Normale,Autre collision,,,,,,,,,,,3,1,1,1,6.0
201600036195,0016-11-15 10:30:00,16,11,15,10,30,870,85,"342B, PERRIN (RUE FRANCO",45.8235,1.2226,Plein jour,En agglomération,Hors intersection,Normale,Autre collision,,,,,,,,,,,1,2,1,1,6.0
201600036196,0016-11-14 18:25:00,16,11,14,18,25,870,85,"09, STALINGRAD (PLACE)",45.8324,1.25849,Nuit avec éclairage allumé,En agglomération,Hors intersection,Pluie légère,Autre collision,,,,,,,,,,,5,2,1,2,6.0
201600036197,0016-11-06 18:50:00,16,11,6,18,50,870,85,"55, GEORGES GUINGOUIN(RU",45.9027,1.29646,Nuit sans éclairage public,Hors agglomération,Hors intersection,Pluie légère,Deux véhicules - frontale,,,,,,,,,,,3,1,1,2,1.0
201600036198,0016-11-12 19:15:00,16,11,12,19,15,870,85,"123, BAUDIN ( AVENUE) (V",45.8211,1.25585,Nuit avec éclairage allumé,En agglomération,Hors intersection,Pluie légère,Deux véhicules - frontale,,,,,,,,,,,5,2,1,2,1.0
201600036199,0016-11-16 10:02:00,16,11,16,10,2,870,85,REVOLUTION (PONT DE LA),45.8211,1.26293,Plein jour,En agglomération,Intersection en X,Pluie légère,Deux véhicules - frontale,,,,,,,,,,,1,2,2,2,1.0
201600036200,0016-11-17 17:45:00,16,11,17,17,45,870,85,COTY (AV. PRESIDENT),45.8435,1.23163,Crépuscule ou aube,En agglomération,Hors intersection,Pluie légère,Autre collision,,,,,,,,,,,2,2,1,2,6.0
201600036201,0016-11-16 15:08:00,16,11,16,15,8,870,85,"34-36, MAS-BOUYOL  (CITE",45.8281,1.22668,Plein jour,En agglomération,Hors intersection,Pluie légère,Autre collision,,,,,,,,,,,1,2,1,2,6.0
201600036202,0016-11-16 12:37:00,16,11,16,12,37,870,85,"51, GAMBETTA (BOULEVARD)",45.8286,1.25612,Plein jour,En agglomération,Intersection en T,Pluie légère,Autre collision,,,,,,,,,,,1,2,3,2,6.0
201600036203,0016-11-10 11:49:00,16,11,10,11,49,870,65,FEYTIAT (RUE DE),45.8183,1.29369,Plein jour,En agglomération,Hors intersection,Pluie légère,Autre collision,,,,,,,,,,,1,2,1,2,6.0
201600036204,0016-11-21 13:48:00,16,11,21,13,48,870,85,BORIE (BOULEVARD DE LA),45.8397,1.23447,Plein jour,En agglomération,Intersection en X,Normale,Autre collision,,,,,,,,,,,1,2,2,1,6.0
201600036205,0016-11-16 10:12:00,16,11,16,10,12,870,75,PERIGUEUX (ROUTE DE),45.7993,1.22748,Plein jour,Hors agglomération,Intersection en T,Normale,Trois véhicules et plus - collisions multiples,,,,,,,,,,,1,1,3,1,5.0
201600036206,0016-11-17 17:43:00,16,11,17,17,43,870,114,"14, COT (AVENUE PIERRE)",45.8293,1.30191,Crépuscule ou aube,En agglomération,Hors intersection,Pluie légère,Deux véhicules - côté,,,,,,,,,,,2,2,1,2,3.0
201600036207,0016-11-17 18:13:00,16,11,17,18,13,870,50,"0, MOULIN (ALLEE JEAN)",45.8774,1.23941,Nuit avec éclairage allumé,En agglomération,Hors intersection,Pluie légère,Autre collision,,,,,,,,,,,5,2,1,2,6.0
201600036208,0016-11-22 18:49:00,16,11,22,18,49,870,85,"209, DUTREIX (RUE ARMAND",45.8322,1.23359,Nuit avec éclairage allumé,En agglomération,Hors intersection,Pluie légère,Autre collision,,,,,,,,,,,5,2,1,2,6.0
201600036209,0016-11-19 20:27:00,16,11,19,20,27,870,85,"07, STALINGRAD (PLACE)",45.8327,1.2587,Nuit avec éclairage allumé,En agglomération,Intersection en T,Normale,Deux véhicules - côté,,,,,,,,,,,5,2,3,1,3.0
201600036210,0016-11-16 13:10:00,16,11,16,13,10,870,85,"58, AQUITAINE (RUE D')",45.8247,1.23459,Plein jour,En agglomération,Intersection en T,Pluie légère,Deux véhicules - frontale,,,,,,,,,,,1,2,3,2,1.0
201600036211,0016-11-24 17:52:00,16,11,24,17,52,870,85,AV. M.L. KING  (VOIE CHU,45.8129,1.23326,Crépuscule ou aube,Hors agglomération,Hors intersection,Pluie légère,Autre collision,,,,,,,,,,,2,1,1,2,6.0
201600036212,0016-11-24 15:37:00,16,11,24,15,37,870,85,"2, AURIOL (AVENUE DU PRE",45.8362,1.22679,Plein jour,En agglomération,Hors intersection,Normale,Autre collision,,,,,,,,,,,1,2,1,1,6.0
201600036213,0016-11-24 20:10:00,16,11,24,20,10,870,85,GROSSEREIX (ROND POINT D,45.8937,1.29359,Nuit avec éclairage allumé,Hors agglomération,Hors intersection,Normale,Deux véhicules - arrière,,,,,,,,,,,5,1,1,1,2.0
201600036214,0016-11-25 12:41:00,16,11,25,12,41,870,85,"0, LANDOUGE (AVENUE DE)",45.8353,1.22149,Plein jour,En agglomération,Hors intersection,Normale,Autre collision,,,,,,,,,,,1,2,1,1,6.0
201600036215,0016-11-26 14:28:00,16,11,26,14,28,870,85,"123, THUILLAT (RUE VICTO",45.8472,1.25522,Plein jour,En agglomération,Hors intersection,Normale,Autre collision,,,,,,,,,,,1,2,1,1,6.0
201600036216,0016-11-28 19:52:00,16,11,28,19,52,870,48,NEXON (ROUTE DE),45.7737,1.22317,Nuit sans éclairage public,Hors agglomération,Hors intersection,Normale,Autre collision,,,,,,,,,,,3,1,1,1,6.0
201600036217,0016-11-10 19:16:00,16,11,10,19,16,870,114,AURIOL (AVENUE DU PDT-VI,45.8402,1.30447,Nuit avec éclairage allumé,En agglomération,Intersection en Y,Pluie légère,Deux véhicules - frontale,,,,,,,,,,,5,2,4,2,1.0
201600036218,0016-11-20 15:25:00,16,11,20,15,25,870,85,"21, GAMBETTA (BOULEVARD)",45.8278,1.25812,Plein jour,En agglomération,Hors intersection,Normale,Deux véhicules - côté,,,,,,,,,,,1,2,1,1,3.0
201600036219,0016-12-03 19:00:00,16,12,3,19,0,870,85,"83, LATTRE-DE-TASSIGNY (",45.8248,1.2758,Nuit avec éclairage allumé,En agglomération,Intersection en Y,Normale,Autre collision,,,,,,,,,,,5,2,4,1,6.0
201600036220,0016-12-02 15:00:00,16,12,2,15,0,870,85,"11, POMPIDOU (AVENUE GEO",45.8187,1.26561,Plein jour,En agglomération,Hors intersection,Normale,Trois véhicules et plus - en chaîne,,,,,,,,,,,1,2,1,1,4.0
201600036221,0016-11-28 16:39:00,16,11,28,16,39,870,85,"23, LEOBARDY (AVE DU PRO",45.8098,1.23589,Plein jour,En agglomération,Hors intersection,Normale,Autre collision,,,,,,,,,,,1,2,1,1,6.0
201600036222,0016-12-03 08:52:00,16,12,3,8,52,870,85,"1, ARCADES (BOULEVARD DE",45.8526,1.25941,Plein jour,En agglomération,Hors intersection,Normale,Autre collision,,,,,,,,,,,1,2,1,1,6.0
201600036223,0016-12-07 18:11:00,16,12,7,18,11,870,85,"41, THOMAS (AVENUE ALBER",45.8356,1.24426,Crépuscule ou aube,En agglomération,Intersection en T,Normale,Deux véhicules - arrière,,,,,,,,,,,2,2,3,1,2.0
201600036224,0016-12-10 13:31:00,16,12,10,13,31,870,114,"10, JEAN ZAY (AVE)",45.8297,1.30702,Plein jour,En agglomération,Hors intersection,Normale,Autre collision,,,,,,,,,,,1,2,1,1,6.0
201600036225,0016-12-08 07:37:00,16,12,8,7,37,870,65,RD979,45.8183,1.29301,Nuit avec éclairage allumé,Hors agglomération,Intersection en T,Normale,Deux véhicules - côté,,,,,,,,,,,5,1,3,1,3.0
201600036226,0016-12-14 15:40:00,16,12,14,15,40,870,85,"42, GAY-LUSSAC (COURS)",45.8358,1.26274,Plein jour,En agglomération,Intersection en T,Normale,Deux véhicules - côté,,,,,,,,,,,1,2,3,1,3.0
201600036227,0016-12-14 15:23:00,16,12,14,15,23,870,85,"115, BOURNEVILLE (RUE DE",45.8146,1.23097,Plein jour,En agglomération,Hors intersection,Normale,Deux véhicules - arrière,,,,,,,,,,,1,2,1,1,2.0
201600036228,0016-12-14 17:35:00,16,12,14,17,35,870,85,"13, COMTE (RUE AUGUSTE)",45.8744,1.27033,Plein jour,En agglomération,Hors intersection,Normale,Deux véhicules - côté,,,,,,,,,,,1,2,1,1,3.0
201600036229,0016-12-16 18:05:00,16,12,16,18,5,870,85,AUTOROUTE A20,45.8837,1.29122,Crépuscule ou aube,Hors agglomération,Hors intersection,Pluie légère,Autre collision,,,,,,,,,,,2,1,1,2,6.0
201600036230,0016-12-16 14:51:00,16,12,16,14,51,870,85,"29, REBIER (ALLEE JEAN)",45.844,1.22962,Plein jour,En agglomération,Hors intersection,Normale,Autre collision,,,,,,,,,,,1,2,1,1,6.0
201600036231,0016-11-10 15:21:00,16,11,10,15,21,870,85,"56, PISSARO (RUE CAMILLE",45.8548,1.27372,Plein jour,En agglomération,Intersection en T,Normale,Deux véhicules - côté,,,,,,,,,,,1,2,3,1,3.0
201600036232,0016-11-30 13:08:00,16,11,30,13,8,870,114,"3, JAURES (AVENUE JEAN-)",45.8387,1.30992,Plein jour,Hors agglomération,Hors intersection,Normale,Autre collision,,,,,,,,,,,1,1,1,1,6.0
201600036233,0016-12-20 09:58:00,16,12,20,9,58,870,85,"1, BEAUBREUIL (AVENUE DE",45.8813,1.29486,Plein jour,En agglomération,Hors intersection,Normale,Autre collision,,,,,,,,,,,1,2,1,1,6.0
201600036234,0016-09-18 20:36:00,16,9,18,20,36,870,85,"97, GRAND-TREUIL (RUE DU",45.8457,1.27117,Nuit avec éclairage allumé,En agglomération,Intersection en T,Normale,Deux véhicules - côté,,,,,,,,,,,5,2,3,1,3.0
201600036235,0016-12-23 13:10:00,16,12,23,13,10,870,85,"54, BEAUBREUIL (AVENUE D",45.8787,1.29941,Plein jour,Hors agglomération,Hors intersection,Pluie légère,Autre collision,,,,,,,,,,,1,1,1,2,6.0
201600036236,0016-12-27 08:31:00,16,12,27,8,31,870,85,AUTOROUTE A20,45.871,1.28765,Crépuscule ou aube,Hors agglomération,Hors intersection,Normale,Deux véhicules - arrière,,,,,,,,,,,2,1,1,1,2.0
201600036237,0016-12-27 09:55:00,16,12,27,9,55,870,85,"14, BRIQUET (RUE GEORGES",45.8408,1.23402,Plein jour,En agglomération,Hors intersection,Normale,Autre collision,,,,,,,,,,,1,2,1,1,6.0
201600036238,0016-12-27 12:25:00,16,12,27,12,25,870,85,"241, TOULOUSE (RUE DE)",45.8142,1.27879,Plein jour,En agglomération,Hors intersection,Normale,Autre collision,,,,,,,,,,,1,2,1,1,6.0
201600036239,0016-12-28 19:22:00,16,12,28,19,22,870,85,"2, BEL AIR (BOULEVARD DE",45.8188,1.25183,Nuit avec éclairage allumé,En agglomération,Hors intersection,Normale,Autre collision,,,,,,,,,,,5,2,1,1,6.0
201600036240,0016-01-23 10:10:00,16,1,23,10,10,880,160,"0, POISSOMPRE (FG DE)",48.18497,6.47812,Plein jour,Hors agglomération,Hors intersection,Normale,Autre collision,,,,,,,,,,,1,1,1,1,6.0
201600036241,0016-01-30 14:01:00,16,1,30,14,1,880,160,"1, BARRES (AV.MAURICE-)",48.17492,6.43398,Plein jour,En agglomération,Giratoire,Temps couvert,Autre collision,,,,,,,,,,,1,2,6,8,6.0
201600036242,0016-03-09 09:00:00,16,3,9,9,0,880,160,"0, FOCH (PL. MARECHAL-)",48.17262,6.44796,Plein jour,En agglomération,Hors intersection,Normale,Autre collision,,,,,,,,,,,1,2,1,1,6.0
201600036243,0016-03-12 15:55:00,16,3,12,15,55,880,87,"40, LECLERC (RUE GENERAL",48.17282,6.43404,Plein jour,En agglomération,Hors intersection,Normale,Autre collision,,,,,,,,,,,1,2,1,1,6.0
201600036244,0016-03-20 16:10:00,16,3,20,16,10,880,160,"24, BERTRAMIL (RUE DE)",48.14878,6.44786,Plein jour,En agglomération,Hors intersection,Normale,Deux véhicules - frontale,,,,,,,,,,,1,2,1,1,1.0
201600036245,0016-03-21 11:15:00,16,3,21,11,15,880,160,"0, VATOT (RUE J. NICOLAS",48.18609,6.45241,Plein jour,En agglomération,Intersection en X,Normale,Autre collision,,,,,,,,,,,1,2,2,1,6.0
201600036246,0016-03-23 18:15:00,16,3,23,18,15,880,209,"0, LECLERC ( RUE GENERAL",48.19055,6.43313,Plein jour,En agglomération,Intersection en T,Normale,Deux véhicules - côté,,,,,,,,,,,1,2,3,1,3.0
201600036247,0016-04-08 03:32:00,16,4,8,3,32,880,160,"21, VOIVRE (RUE DE LA)",48.20426,6.45972,Nuit sans éclairage public,Hors agglomération,Hors intersection,Temps couvert,Autre collision,,,,,,,,,,,3,1,1,8,6.0
201600036248,0016-05-07 17:25:00,16,5,7,17,25,880,160,"0, ALSACE (RUE D')",48.16449,6.44907,Plein jour,En agglomération,Giratoire,Normale,Sans collision,,,,,,,,,,,1,2,6,1,7.0
201600036249,0016-05-26 01:05:00,16,5,26,1,5,880,160,"11, BOURG (RUE LEOPOLD-)",48.17594,6.44809,Nuit sans éclairage public,En agglomération,Hors intersection,Normale,Autre collision,,,,,,,,,,,3,2,1,1,6.0
201600036250,0016-06-06 09:55:00,16,6,6,9,55,880,160,"24D, DOGNEVILLE (Q. DE)",48.18159,6.44709,Plein jour,En agglomération,Hors intersection,Normale,Deux véhicules - arrière,,,,,,,,,,,1,2,1,1,2.0
201600036251,0016-06-24 07:55:00,16,6,24,7,55,880,160,"0, PETIT-RAZIMONT (CH. D",48.17352,6.45359,Plein jour,Hors agglomération,Hors intersection,Normale,Sans collision,,,,,,,,,,,1,1,1,1,7.0
201600036252,0016-07-16 23:05:00,16,7,16,23,5,880,160,"8, GERARDMER (route de)",48.17654,6.50288,Nuit sans éclairage public,Hors agglomération,Hors intersection,Normale,Sans collision,,,,,,,,,,,3,1,1,1,7.0
201600036253,0016-07-30 14:55:00,16,7,30,14,55,880,160,"8, JEUXEY (RTE DE)",48.19305,6.45321,Plein jour,En agglomération,Hors intersection,Normale,Autre collision,,,,,,,,,,,1,2,1,1,6.0
201600036254,0016-09-22 18:55:00,16,9,22,18,55,880,160,"38, ARCHETTES (RTE D')",48.14575,6.47019,Plein jour,Hors agglomération,Hors intersection,Normale,Autre collision,,,,,,,,,,,1,1,1,1,6.0
201600036255,0016-09-24 21:30:00,16,9,24,21,30,880,160,"15, PROVENCE (AV. DE)",48.16787,6.44999,Nuit avec éclairage allumé,En agglomération,Hors intersection,Normale,Autre collision,,,,,,,,,,,5,2,1,1,6.0
201600036256,0016-10-01 22:14:00,16,10,1,22,14,880,160,HAXO (RUE DU GAL-),48.1895,6.43824,Nuit avec éclairage allumé,En agglomération,Hors intersection,Normale,Autre collision,,,,,,,,,,,5,2,1,1,6.0
201600036257,0016-10-14 20:40:00,16,10,14,20,40,880,160,"0, JEUXEY (RTE DE)",48.19525,6.46058,Nuit avec éclairage allumé,En agglomération,Intersection en X,Normale,Deux véhicules - arrière,,,,,,,,,,,5,2,2,1,2.0
201600036258,0016-11-25 10:20:00,16,11,25,10,20,880,160,"0, FERRY (Q. JULES-)",48.17496,6.44922,Plein jour,En agglomération,Intersection en X,Normale,Autre collision,,,,,,,,,,,1,2,2,1,6.0
201600036259,0016-12-10 18:50:00,16,12,10,18,50,880,160,"39, SAINT-MICHEL (RUE)",48.17683,6.45505,Nuit avec éclairage allumé,En agglomération,Hors intersection,Normale,Autre collision,,,,,,,,,,,5,2,1,1,6.0
201600036260,0016-12-16 07:27:00,16,12,16,7,27,880,87,"17, DE GAULLE (RUE GENER",48.1668,6.43426,Nuit avec éclairage allumé,En agglomération,Hors intersection,Normale,Autre collision,,,,,,,,,,,5,2,1,1,6.0
201600036261,0016-08-18 22:56:00,16,8,18,22,56,880,415,route du Pont de Chenau,48.00902,6.61447,Nuit avec éclairage allumé,En agglomération,Hors intersection,Normale,Autre collision,,,,,,,,,,,5,2,1,1,6.0
201600036262,0016-09-24 19:24:00,16,9,24,19,24,880,415,RUE DU VELODROME,48.01177,6.60886,Plein jour,En agglomération,Intersection en T,Normale,Deux véhicules - frontale,,,,,,,,,,,1,2,3,1,1.0
201600036263,0016-10-24 17:50:00,16,10,24,17,50,880,409,CD 417,48.01256,6.64778,Plein jour,Hors agglomération,Hors intersection,Temps couvert,Deux véhicules - arrière,,,,,,,,,,,1,1,1,8,2.0
201600036264,0016-01-07 21:20:00,16,1,7,21,20,880,413,"20, Rue de LA BOLLE",48.28367,6.9463,Nuit avec éclairage allumé,En agglomération,Hors intersection,Pluie légère,Autre collision,,,,,,,,,,,5,2,1,2,6.0
201600036265,0016-01-13 07:38:00,16,1,13,7,38,880,413,"11, rue d'hellieule",48.28444,6.94667,Crépuscule ou aube,En agglomération,Hors intersection,Pluie légère,Autre collision,,,,,,,,,,,2,2,1,2,6.0
201600036266,0016-02-07 06:25:00,16,2,7,6,25,880,413,RN 59,,,Nuit sans éclairage public,Hors agglomération,Hors intersection,Normale,Autre collision,,,,,,,,,,,3,1,1,1,6.0
201600036267,0016-02-06 11:30:00,16,2,6,11,30,880,413,"32, Avenue de VERDUN",48.28155,6.95151,Plein jour,En agglomération,Intersection en T,Normale,Sans collision,,,,,,,,,,,1,2,3,1,7.0
201600036268,0016-03-17 14:45:00,16,3,17,14,45,880,413,"11, rue de l'universit",48.29041,6.94209,Plein jour,En agglomération,Hors intersection,Normale,Deux véhicules - côté,,,,,,,,,,,1,2,1,1,3.0
201600036269,0016-03-19 20:45:00,16,3,19,20,45,880,413,"14, RUE D'AMERIQUE",48.28875,6.94838,Nuit avec éclairage allumé,En agglomération,Hors intersection,Normale,Autre collision,,,,,,,,,,,5,2,1,1,6.0
201600036270,0016-05-24 10:45:00,16,5,24,10,45,880,413,"6, PLACE DU MARCHE",,,Plein jour,En agglomération,Hors intersection,Normale,Autre collision,,,,,,,,,,,1,2,1,1,6.0
201600036271,0016-05-28 18:10:00,16,5,28,18,10,880,413,"45, Rue de Folmard",48.28869,6.94397,Plein jour,En agglomération,Intersection en X,Normale,Trois véhicules et plus - collisions multiples,,,,,,,,,,,1,2,2,1,5.0
201600036272,0016-05-14 13:00:00,16,5,14,13,0,880,463,RD 420,48.27316,6.89755,Plein jour,Hors agglomération,Hors intersection,Normale,Sans collision,,,,,,,,,,,1,1,1,1,7.0
201600036273,0016-06-19 18:15:00,16,6,19,18,15,880,413,"01, Rue de la Prairie",48.28346,6.9529,Plein jour,En agglomération,Hors intersection,Normale,Autre collision,,,,,,,,,,,1,2,1,1,6.0
201600036274,0016-06-26 16:49:00,16,6,26,16,49,880,413,"4, Mendes France (Avenue",48.29981,6.92789,Plein jour,En agglomération,Hors intersection,Normale,Deux véhicules - frontale,,,,,,,,,,,1,2,1,1,1.0
201600036275,0016-07-04 00:30:00,16,7,4,0,30,880,413,"49, Rue de la Prairie",48.28343,6.95291,Nuit avec éclairage allumé,En agglomération,Intersection en X,Normale,Deux véhicules - côté,,,,,,,,,,,5,2,2,1,3.0
201600036276,0016-07-09 19:08:00,16,7,9,19,8,880,413,"44, QUAI CARNOT",48.28431,6.95367,Plein jour,En agglomération,Hors intersection,Normale,Deux véhicules - arrière,,,,,,,,,,,1,2,1,1,2.0
201600036277,0016-07-15 18:35:00,16,7,15,18,35,880,424,"381, AVENUE DU GENERAL D",48.27699,6.97486,Plein jour,En agglomération,Hors intersection,Normale,Autre collision,,,,,,,,,,,1,2,1,1,6.0
201600036278,0016-07-18 11:23:00,16,7,18,11,23,880,424,Alsace ( Rue d ' ),48.26995,6.97486,Plein jour,En agglomération,Hors intersection,Normale,Autre collision,,,,,,,,,,,1,2,1,1,6.0
201600036279,0016-07-14 10:50:00,16,7,14,10,50,880,413,Route de ROBACHE,48.31552,6.96632,Plein jour,Hors agglomération,Hors intersection,Pluie forte,Sans collision,,,,,,,,,,,1,1,1,3,7.0
201600036280,0016-09-06 18:53:00,16,9,6,18,53,880,413,"1, Rue Lon Jacquerez",48.27744,6.95313,Plein jour,Hors agglomération,Intersection en X,Normale,Deux véhicules - côté,,,,,,,,,,,1,1,2,1,3.0
201600036281,0016-09-01 18:30:00,16,9,1,18,30,880,413,"03, Avenue le Corbusier",48.29138,6.92833,Plein jour,En agglomération,Hors intersection,Normale,Trois véhicules et plus - en chaîne,,,,,,,,,,,1,2,1,1,4.0
201600036282,0016-09-28 17:16:00,16,9,28,17,16,880,463,RD 420,48.275,6.86583,Plein jour,Hors agglomération,Hors intersection,Normale,Autre collision,,,,,,,,,,,1,1,1,1,6.0
201600036283,0016-10-01 21:02:00,16,10,1,21,2,880,413,"., RUE PIERRE EVRAT",48.28994,6.94689,Nuit avec éclairage allumé,En agglomération,Hors intersection,Normale,Deux véhicules - côté,,,,,,,,,,,5,2,1,1,3.0
201600036284,0016-10-10 15:35:00,16,10,10,15,35,880,413,"45, Rue des 4 Frres MOU",48.28256,6.96503,Plein jour,En agglomération,Hors intersection,Normale,Deux véhicules - côté,,,,,,,,,,,1,2,1,1,3.0
201600036285,0016-11-19 02:50:00,16,11,19,2,50,880,413,"07, Route des 2 Hameaux",48.3126,6.92031,Nuit avec éclairage allumé,En agglomération,Hors intersection,Pluie légère,Autre collision,,,,,,,,,,,5,2,1,2,6.0
201600036286,0016-12-07 15:00:00,16,12,7,15,0,880,424,Rue du 12ø Rgiment d'Ar,48.2745,6.96612,Plein jour,En agglomération,Giratoire,Normale,Deux véhicules - côté,,,,,,,,,,,1,2,6,1,3.0
201600036287,0016-12-03 23:20:00,16,12,3,23,20,880,463,"230, chemin de la villa",48.24957,6.9024,Nuit avec éclairage allumé,En agglomération,Hors intersection,Normale,Autre collision,,,,,,,,,,,5,2,1,1,6.0
201600036288,0016-12-06 19:25:00,16,12,6,19,25,880,413,"09, Foucharupt ( Rue de",48.28038,6.95163,Nuit avec éclairage allumé,En agglomération,Hors intersection,Normale,Deux véhicules - arrière,,,,,,,,,,,5,2,1,1,2.0
201600036289,0016-02-01 19:15:00,16,2,1,19,15,890,24,"12, JOFFRE (AVENUE)",47.79808,3.55729,Nuit avec éclairage allumé,En agglomération,Hors intersection,Normale,Deux véhicules - côté,,,,,,,,,,,5,2,1,1,3.0
201600036290,0016-03-02 12:20:00,16,3,2,12,20,890,346,"00, PAIX (AVENUE DE LA )",47.80072,3.52075,Plein jour,Hors agglomération,Hors intersection,Pluie légère,Deux véhicules - côté,,,,,,,,,,,1,1,1,2,3.0
201600036291,0016-03-23 07:35:00,16,3,23,7,35,890,24,11 NOVEMBRE (BOULEVARD D,47.79227,3.56744,Plein jour,En agglomération,Intersection en X,Normale,Deux véhicules - arrière,,,,,,,,,,,1,2,2,1,2.0
201600036292,0016-05-22 11:40:00,16,5,22,11,40,890,24,", VAUX (ROUTE DE)",47.7465,3.58619,Plein jour,Hors agglomération,Hors intersection,Pluie légère,Deux véhicules - frontale,,,,,,,,,,,1,1,1,2,1.0
201600036293,0016-06-05 14:40:00,16,6,5,14,40,890,24,VOIE ROMAINE,47.77945,3.57475,Plein jour,En agglomération,Hors intersection,Normale,Autre collision,,,,,,,,,,,1,2,1,1,6.0
201600036294,0016-06-16 20:10:00,16,6,16,20,10,890,24,"0, PIERRE SCHERRER (AVEN",47.80493,3.57149,Plein jour,En agglomération,Intersection en X,Normale,Deux véhicules - côté,,,,,,,,,,,1,2,2,1,3.0
201600036295,0016-07-04 10:40:00,16,7,4,10,40,890,24,VALLAN (ROUTE DE) Nø IMP,47.76702,3.55094,Plein jour,Hors agglomération,Hors intersection,Normale,Deux véhicules - frontale,,,,,,,,,,,1,1,1,1,1.0
201600036296,0016-08-17 17:40:00,16,8,17,17,40,890,24,"0, MARNE (BOULEVARD DE L",47.81194,3.56119,Plein jour,En agglomération,Hors intersection,Normale,Autre collision,,,,,,,,,,,1,2,1,1,6.0
201600036297,0016-07-22 16:55:00,16,7,22,16,55,890,24,"6 BIS, GAMBETTA (AVENUE)",47.79628,3.57997,Plein jour,En agglomération,Hors intersection,Normale,Autre collision,,,,,,,,,,,1,2,1,1,6.0
201600036298,0016-07-23 14:30:00,16,7,23,14,30,890,263,R.N 77,47.83919,3.59941,Plein jour,Hors agglomération,Intersection en T,Normale,Deux véhicules - arrière,,,,,,,,,,,1,1,3,1,2.0
201600036299,0016-08-24 18:40:00,16,8,24,18,40,890,24,VAULABELLE (BOULEVARD) N,47.79328,3.57784,Plein jour,En agglomération,Intersection en X,Normale,Deux véhicules - arrière,,,,,,,,,,,1,2,2,1,2.0
201600036300,0016-11-18 09:20:00,16,11,18,9,20,890,24,MIGNOTTES (RUE DES),47.79614,3.58553,Plein jour,En agglomération,Intersection en Y,Normale,Autre collision,,,,,,,,,,,1,2,4,1,6.0
201600036301,0016-11-29 09:50:00,16,11,29,9,50,890,24,"00, PERRIGNY (RUE DE)",47.81476,3.55774,Plein jour,Hors agglomération,Hors intersection,Normale,Deux véhicules - arrière,,,,,,,,,,,1,1,1,1,2.0
201600036302,0016-12-03 16:25:00,16,12,3,16,25,890,24,"28, ROBERT RIMBERT (RUE)",47.82473,3.58799,Plein jour,En agglomération,Hors intersection,Normale,Autre collision,,,,,,,,,,,1,2,1,1,6.0
201600036303,0016-01-21 09:16:00,16,1,21,9,16,890,387,"0, DRAPES (RUE)",48.19906,3.28404,Plein jour,En agglomération,Autre intersection,Normale,Deux véhicules - arrière,,,,,,,,,,,1,2,9,1,2.0
201600036304,0016-01-27 07:40:00,16,1,27,7,40,890,387,VERDUN (BOULEVARD DE),48.20177,3.29774,Nuit sans éclairage public,En agglomération,Intersection en X,Normale,Deux véhicules - côté,,,,,,,,,,,3,2,2,1,3.0
201600036305,0016-02-04 09:30:00,16,2,4,9,30,890,354,"0, VOULX (ROUTE DE)",48.2124,3.26426,Plein jour,Hors agglomération,Intersection en T,Pluie légère,Trois véhicules et plus - en chaîne,,,,,,,,,,,1,1,3,2,4.0
201600036306,0016-10-30 02:35:00,16,10,30,2,35,890,387,"18 b, CAMILLE MATIGNON (",48.20266,3.29561,Nuit avec éclairage allumé,En agglomération,Hors intersection,Normale,Autre collision,,,,,,,,,,,5,2,1,1,6.0
201600036307,0016-03-24 13:05:00,16,3,24,13,5,890,387,PIERRE CASTETS (RUE),48.20507,3.29461,Plein jour,En agglomération,Hors intersection,Normale,Deux véhicules - côté,,,,,,,,,,,1,2,1,1,3.0
201600036308,0016-03-30 13:25:00,16,3,30,13,25,890,387,"0, DEMI LUNE (ROND POINT",48.20116,3.28227,Plein jour,En agglomération,Giratoire,Pluie légère,Autre collision,,,,,,,,,,,1,2,6,2,6.0
201600036309,0016-05-04 09:40:00,16,5,4,9,40,890,387,"0, MARECHAL FOCH (BOULEV",48.19424,3.30041,Plein jour,En agglomération,Hors intersection,Normale,Trois véhicules et plus - en chaîne,,,,,,,,,,,1,2,1,1,4.0
201600036310,0016-05-08 09:10:00,16,5,8,9,10,890,287,"0, ROND POINT GALETTE CH",48.1791,3.25817,Plein jour,En agglomération,Autre intersection,Normale,Deux véhicules - arrière,,,,,,,,,,,1,2,9,1,2.0
201600036311,0016-05-09 16:50:00,16,5,9,16,50,890,338,", GAILLARDE (RUE DE LA)",48.21578,3.27842,Plein jour,En agglomération,Hors intersection,Normale,Deux véhicules - côté,,,,,,,,,,,1,2,1,1,3.0