accident_id,datetime,annee,mois,jour,heure,minute,departement,commune_insee,adresse,latitude,longitude,luminosite,agglomeration,intersection,meteo,collision,nb_vehicules,nb_usagers,nb_indemnes,nb_tues,nb_blesses_hosp,nb_blesses_legers,age_cond_1,age_cond_2,veh_type_cond_1,veh_type_cond_2,lum_code,agg_code,int_code,atm_code,col_code
201600036312,0016-04-29 08:00:00,16,4,29,8,0,890,287,"53, PAUL BERT (RUE)",48.17938,3.24951,Plein jour,En agglomération,Hors intersection,Temps éblouissant,Autre collision,,,,,,,,,,,1,2,1,7,6.0
201600036313,0016-05-16 19:35:00,16,5,16,19,35,890,127,RD58,,,Plein jour,Hors agglomération,Hors intersection,Normale,Autre collision,,,,,,,,,,,1,1,1,1,6.0
201600036314,0016-05-27 20:10:00,16,5,27,20,10,890,387,"20BIS, DOCTEUR ALBERT SC",48.20211,3.27534,Plein jour,En agglomération,Hors intersection,Normale,Autre collision,,,,,,,,,,,1,2,1,1,6.0
201600036315,0016-05-29 13:15:00,16,5,29,13,15,890,354,"0, CD26",48.20632,3.26505,Plein jour,En agglomération,Hors intersection,Normale,Deux véhicules - arrière,,,,,,,,,,,1,2,1,1,2.0
201600036316,0016-05-31 13:00:00,16,5,31,13,0,890,342,", PARIS (RUE DE)",48.22898,3.26556,Plein jour,En agglomération,Intersection en T,Pluie légère,Deux véhicules - côté,,,,,,,,,,,1,2,3,2,3.0
201600036317,0016-06-03 08:40:00,16,6,3,8,40,890,387,"0, DOCTEUR ALBERT SCHWEI",48.19892,3.27671,Plein jour,En agglomération,Hors intersection,Pluie légère,Sans collision,,,,,,,,,,,1,2,1,2,7.0
201600036318,0016-12-10 06:25:00,16,12,10,6,25,890,342,PARIS (RUE DE),48.21553,3.27514,Nuit avec éclairage allumé,En agglomération,Intersection en Y,Normale,Autre collision,,,,,,,,,,,5,2,4,1,6.0
201600036319,0016-06-10 17:30:00,16,6,10,17,30,890,387,"0, RENE BINET (RUE)",48.18724,3.30492,Plein jour,En agglomération,Intersection en X,Normale,Deux véhicules - côté,,,,,,,,,,,1,2,2,1,3.0
201600036320,0016-06-16 18:55:00,16,6,16,18,55,890,338,"0, REPUBLIQUE (RUE DE LA",48.21579,3.28668,Plein jour,En agglomération,Intersection en X,Normale,Deux véhicules - côté,,,,,,,,,,,1,2,2,1,3.0
201600036321,0016-06-28 19:10:00,16,6,28,19,10,890,338,,48.2244,3.29015,Plein jour,Hors agglomération,Hors intersection,Normale,Autre collision,,,,,,,,,,,1,1,1,1,6.0
201600036322,0016-06-27 01:35:00,16,6,27,1,35,890,387,"0, VERDUN (BOULEVARD DE)",48.205,3.28496,Nuit avec éclairage allumé,En agglomération,Intersection en X,Normale,Autre collision,,,,,,,,,,,5,2,2,1,6.0
201600036323,0016-06-19 22:05:00,16,6,19,22,5,890,387,"39, MAIL (BOULEVARD DU)",48.19977,3.288,Nuit avec éclairage allumé,En agglomération,Hors intersection,Normale,Sans collision,,,,,,,,,,,5,2,1,1,7.0
201600036324,0016-07-04 16:00:00,16,7,4,16,0,890,387,"49, GENERAL DUBOIS (RUE",48.19201,3.28121,Plein jour,En agglomération,Hors intersection,Normale,Autre collision,,,,,,,,,,,1,2,1,1,6.0
201600036325,0016-07-04 07:40:00,16,7,4,7,40,890,387,D606,48.1746,3.29338,Plein jour,Hors agglomération,Hors intersection,Normale,Sans collision,,,,,,,,,,,1,1,1,1,7.0
201600036326,0016-06-17 13:35:00,16,6,17,13,35,890,387,"0, POINCARE (RUE)",48.20076,3.30426,Plein jour,En agglomération,Intersection en X,Normale,Autre collision,,,,,,,,,,,1,2,2,1,6.0
201600036327,0016-07-09 21:00:00,16,7,9,21,0,890,342,"0, PARIS (RUE DE)",48.23097,3.26399,Crépuscule ou aube,En agglomération,Hors intersection,Normale,Trois véhicules et plus - en chaîne,,,,,,,,,,,2,2,1,1,4.0
201600036328,0016-07-08 08:00:00,16,7,8,8,0,890,387,"0, D606",48.18006,3.28988,Plein jour,En agglomération,Hors intersection,Normale,Deux véhicules - arrière,,,,,,,,,,,1,2,1,1,2.0
201600036329,0016-07-09 11:00:00,16,7,9,11,0,890,387,"0, MAIL (BOULEVARD DU)",48.19933,3.28705,Plein jour,En agglomération,Intersection en X,Normale,Autre collision,,,,,,,,,,,1,2,2,1,6.0
201600036330,0016-07-18 11:50:00,16,7,18,11,50,890,387,"0, LA FONTAINE (RUE )",48.19504,3.3094,Plein jour,En agglomération,Hors intersection,Normale,Deux véhicules - côté,,,,,,,,,,,1,2,1,1,3.0
201600036331,0016-08-05 11:34:00,16,8,5,11,34,890,387,"0, VERDUN (BOULEVARD DE)",48.20187,3.29751,Plein jour,En agglomération,Hors intersection,Normale,Deux véhicules - frontale,,,,,,,,,,,1,2,1,1,1.0
201600036332,0016-08-16 11:15:00,16,8,16,11,15,890,387,"0, QUATORZE JUILLET (BOU",48.19571,3.28769,Plein jour,En agglomération,Hors intersection,Normale,Trois véhicules et plus - en chaîne,,,,,,,,,,,1,2,1,1,4.0
201600036333,0016-09-06 09:30:00,16,9,6,9,30,890,387,"27, VICTOR GUICHARD (RUE",48.20175,3.28434,Plein jour,En agglomération,Hors intersection,Pluie légère,Deux véhicules - côté,,,,,,,,,,,1,2,1,2,3.0
201600036334,0016-09-08 11:30:00,16,9,8,11,30,890,287,"0, PAIX (AVENUE DE LA)",48.19076,3.26357,Plein jour,En agglomération,Hors intersection,Normale,Autre collision,,,,,,,,,,,1,2,1,1,6.0
201600036335,0016-09-19 17:10:00,16,9,19,17,10,890,342,PARIS (RUE DE),48.23108,3.26389,Plein jour,Hors agglomération,Hors intersection,Normale,Sans collision,,,,,,,,,,,1,1,1,1,7.0
201600036336,0016-09-16 16:30:00,16,9,16,16,30,890,387,PIERRE DE COUBERTIN (AVE,48.19404,3.3007,Plein jour,En agglomération,Intersection à plus de 4 branches,Normale,Deux véhicules - côté,,,,,,,,,,,1,2,5,1,3.0
201600036337,0016-09-18 13:10:00,16,9,18,13,10,890,387,"0, GENERAL LECLERC (RUE",48.20102,3.28226,Plein jour,En agglomération,Hors intersection,Normale,Sans collision,,,,,,,,,,,1,2,1,1,7.0
201600036338,0016-09-26 13:00:00,16,9,26,13,0,890,387,GRAHUCHES (RUE DES),48.195,3.31408,Plein jour,Hors agglomération,Intersection en X,Normale,Deux véhicules - côté,,,,,,,,,,,1,1,2,1,3.0
201600036339,0016-10-02 05:10:00,16,10,2,5,10,890,387,"88, VICTOR GUICHARD (RUE",48.20755,3.2853,Nuit avec éclairage allumé,En agglomération,Hors intersection,Normale,Deux véhicules - arrière,,,,,,,,,,,5,2,1,1,2.0
201600036340,0016-09-30 16:10:00,16,9,30,16,10,890,387,VICTOR GUICHARD (RUE),48.20498,3.28494,Plein jour,En agglomération,Intersection en X,Normale,Deux véhicules - côté,,,,,,,,,,,1,2,2,1,3.0
201600036341,0016-10-12 09:00:00,16,10,12,9,0,890,387,LORRACH (AVENUE DE),48.19198,3.3084,Plein jour,En agglomération,Hors intersection,Normale,Deux véhicules - arrière,,,,,,,,,,,1,2,1,1,2.0
201600036342,0016-10-24 18:00:00,16,10,24,18,0,890,387,RD606,48.18879,3.31018,Crépuscule ou aube,Hors agglomération,Intersection en X,Pluie forte,Trois véhicules et plus - en chaîne,,,,,,,,,,,2,1,2,3,4.0
201600036343,0016-10-15 17:15:00,16,10,15,17,15,890,387,"0, EDMOND MICHELET (RUE)",48.19844,3.30759,Plein jour,En agglomération,Intersection en T,Normale,Autre collision,,,,,,,,,,,1,2,3,1,6.0
201600036344,0016-10-26 10:10:00,16,10,26,10,10,890,387,"1, SAINT PAUL A ROSOY (C",48.17826,3.28042,Plein jour,Hors agglomération,Intersection en X,Normale,Deux véhicules - frontale,,,,,,,,,,,1,1,2,1,1.0
201600036345,0016-11-05 18:35:00,16,11,5,18,35,890,387,"1bis, VERDUN (BOULEVARD",48.20499,3.2851,Nuit avec éclairage allumé,En agglomération,Hors intersection,Normale,Trois véhicules et plus - en chaîne,,,,,,,,,,,5,2,1,1,4.0
201600036346,0016-11-04 13:10:00,16,11,4,13,10,890,387,"0, VICTOR GUICHARD (RUE)",48.20135,3.2842,Plein jour,En agglomération,Hors intersection,Normale,Deux véhicules - arrière,,,,,,,,,,,1,2,1,1,2.0
201600036347,0016-10-31 18:35:00,16,10,31,18,35,890,387,"0, VERDUN (BOULEVARD DE)",48.20426,3.29201,Nuit avec éclairage allumé,En agglomération,Intersection en X,Normale,Autre collision,,,,,,,,,,,5,2,2,1,6.0
201600036348,0016-11-11 21:15:00,16,11,11,21,15,890,387,LUCIEN CORNET (AVENUE),48.19768,3.27399,Nuit avec éclairage allumé,En agglomération,Intersection en T,Normale,Deux véhicules - côté,,,,,,,,,,,5,2,3,1,3.0
201600036349,0016-11-16 12:25:00,16,11,16,12,25,890,387,"0, WINSTON CHURCHILL (BO",48.19574,3.29569,Plein jour,En agglomération,Hors intersection,Pluie légère,Deux véhicules - frontale,,,,,,,,,,,1,2,1,2,1.0
201600036350,0016-11-25 08:20:00,16,11,25,8,20,890,387,"6, GENERAL DE GAULLE (RU",48.19442,3.28358,Plein jour,En agglomération,Hors intersection,Normale,Autre collision,,,,,,,,,,,1,2,1,1,6.0
201600036351,0016-11-13 02:25:00,16,11,13,2,25,890,387,"1, GEORGES POMPIDOU (AVE",48.20545,3.27761,Nuit avec éclairage allumé,En agglomération,Hors intersection,Temps couvert,Deux véhicules - arrière,,,,,,,,,,,5,2,1,8,2.0
201600036352,0016-12-02 09:00:00,16,12,2,9,0,890,387,VOULX (ROUTE DE),48.21238,3.26429,Plein jour,Hors agglomération,Intersection en T,Normale,Deux véhicules - côté,,,,,,,,,,,1,1,3,1,3.0
201600036353,0016-11-18 05:30:00,16,11,18,5,30,890,287,SAINT BOND (RUE DE),48.18947,3.26106,Plein jour,Hors agglomération,Hors intersection,Normale,Autre collision,,,,,,,,,,,1,1,1,1,6.0
201600036354,0016-01-02 18:42:00,16,1,2,18,42,900,75,"7Q, BRIAND (RUE ARISTIDE",,,Nuit avec éclairage allumé,En agglomération,Hors intersection,Pluie légère,Deux véhicules - arrière,,,,,,,,,,,5,2,1,2,2.0
201600036355,0016-01-04 15:15:00,16,1,4,15,15,900,39,"1, DE GAULLE (RUE DU GEN",,,Plein jour,Hors agglomération,Hors intersection,Temps couvert,Autre collision,,,,,,,,,,,1,1,1,8,6.0
201600036356,0016-01-08 14:27:00,16,1,8,14,27,900,29,"1, R.D.16",47.64855,6.81445,Plein jour,Hors agglomération,Hors intersection,Pluie forte,Sans collision,,,,,,,,,,,1,1,1,3,7.0
201600036357,0016-01-09 22:20:00,16,1,9,22,20,900,10,DANJOUTIN (RUE DE),,,Nuit avec éclairage allumé,En agglomération,Hors intersection,Temps couvert,Autre collision,,,,,,,,,,,5,2,1,8,6.0
201600036358,0016-01-09 20:20:00,16,1,9,20,20,900,10,"1, LAURENCIE (AVENUE CAP",,,Nuit avec éclairage allumé,En agglomération,Hors intersection,Brouillard / fumée,Deux véhicules - arrière,,,,,,,,,,,5,2,1,5,2.0
201600036359,0016-01-11 17:15:00,16,1,11,17,15,900,10,"4, LA FONTAINE (RUE JEAN",,,Crépuscule ou aube,En agglomération,Hors intersection,Pluie légère,Autre collision,,,,,,,,,,,2,2,1,2,6.0
201600036360,0016-01-13 10:15:00,16,1,13,10,15,900,32,"1, REPUBLIQUE (RUE DE LA",,,Plein jour,En agglomération,Hors intersection,Pluie légère,Autre collision,,,,,,,,,,,1,2,1,2,6.0
201600036361,0016-01-13 12:58:00,16,1,13,12,58,900,10,"1, SARRAIL (AVENUE)",,,Plein jour,En agglomération,Hors intersection,Normale,Deux véhicules - frontale,,,,,,,,,,,1,2,1,1,1.0
201600036362,0016-01-15 09:45:00,16,1,15,9,45,900,10,REMPARTS (RUE SOUS LES),47.64047,6.86461,Plein jour,En agglomération,Hors intersection,Normale,Autre collision,,,,,,,,,,,1,2,1,1,6.0
201600036363,0016-01-16 15:47:00,16,1,16,15,47,900,32,DE GAULLE (RUE DU GENERA,,,Plein jour,En agglomération,Hors intersection,Neige / grêle,Deux véhicules - arrière,,,,,,,,,,,1,2,1,4,2.0
201600036364,0016-01-18 15:10:00,16,1,18,15,10,900,10,"1, FRERY (RUE)",,,Plein jour,En agglomération,Intersection en T,Normale,Deux véhicules - côté,,,,,,,,,,,1,2,3,1,3.0
201600036365,0016-01-19 17:11:00,16,1,19,17,11,900,1,"1, D 10",47.6095,6.84097,Nuit sans éclairage public,Hors agglomération,Hors intersection,Neige / grêle,Sans collision,,,,,,,,,,,3,1,1,4,7.0
201600036366,0016-01-22 16:59:00,16,1,22,16,59,900,10,"1, LUXEMBOURG (RUE DE)",,,Crépuscule ou aube,Hors agglomération,Hors intersection,Temps couvert,Deux véhicules - côté,,,,,,,,,,,2,1,1,8,3.0
201600036367,0016-01-31 18:10:00,16,1,31,18,10,900,75,BRIAND (RUE ARISTIDE),,,Nuit avec éclairage allumé,En agglomération,Intersection en T,Pluie légère,Autre collision,,,,,,,,,,,5,2,3,2,6.0
201600036368,0016-02-03 16:50:00,16,2,3,16,50,900,99,", ZOLA (RUE EMILE)",,,Plein jour,En agglomération,Hors intersection,Pluie légère,Deux véhicules - arrière,,,,,,,,,,,1,2,1,2,2.0
201600036369,0016-02-10 18:32:00,16,2,10,18,32,900,10,"1, KENNEDY (BOULEVARD)",,,Nuit avec éclairage allumé,En agglomération,Intersection en X,Pluie légère,Deux véhicules - côté,,,,,,,,,,,5,2,2,2,3.0
201600036370,0016-03-01 12:10:00,16,3,1,12,10,900,32,"4, MIELLET (RUE)",,,Plein jour,En agglomération,Hors intersection,Normale,Deux véhicules - côté,,,,,,,,,,,1,2,1,1,3.0
201600036371,0016-03-03 08:53:00,16,3,3,8,53,900,10,"1, LILLE (RUE DE)",,,Plein jour,En agglomération,Hors intersection,Neige / grêle,Deux véhicules - arrière,,,,,,,,,,,1,2,1,4,2.0
201600036372,0016-03-09 17:43:00,16,3,9,17,43,900,99,"1, CD5",,,Crépuscule ou aube,Hors agglomération,Hors intersection,Normale,Sans collision,,,,,,,,,,,2,1,1,1,7.0
201600036373,0016-03-09 11:56:00,16,3,9,11,56,900,10,"1, KENNEDY (BOULEVARD)",47.62961,6.84294,Plein jour,En agglomération,Hors intersection,Normale,Deux véhicules - côté,,,,,,,,,,,1,2,1,1,3.0
201600036374,0016-03-10 08:29:00,16,3,10,8,29,900,75,"1, BRIAND (RUE ARISTIDE)",47.65561,6.86241,Plein jour,En agglomération,Hors intersection,Normale,Trois véhicules et plus - en chaîne,,,,,,,,,,,1,2,1,1,4.0
201600036375,0016-03-16 17:45:00,16,3,16,17,45,900,8,"16, BELFORT (RUE DE)",,,Plein jour,En agglomération,Hors intersection,Normale,Deux véhicules - frontale,,,,,,,,,,,1,2,1,1,1.0
201600036376,0016-03-11 09:03:00,16,3,11,9,3,900,76,"1, BLEUETS (RUE DES)",,,Plein jour,En agglomération,Hors intersection,Normale,Autre collision,,,,,,,,,,,1,2,1,1,6.0
201600036377,0016-03-17 08:50:00,16,3,17,8,50,900,10,"50, LAURENCIE (AVENUE CA",,,Plein jour,En agglomération,Hors intersection,Normale,Trois véhicules et plus - en chaîne,,,,,,,,,,,1,2,1,1,4.0
201600036378,0016-03-18 18:10:00,16,3,18,18,10,900,10,"22, LAURENCIE (AVENUE CA",,,Plein jour,En agglomération,Hors intersection,Normale,Autre collision,,,,,,,,,,,1,2,1,1,6.0
201600036379,0016-03-19 16:19:00,16,3,19,16,19,900,10,PONT NEUF (RUE DU),47.63458,6.85347,Plein jour,En agglomération,Hors intersection,Normale,Autre collision,,,,,,,,,,,1,2,1,1,6.0
201600036380,0016-03-21 10:53:00,16,3,21,10,53,900,8,GRAND'RUE,47.62055,6.83447,Plein jour,En agglomération,Hors intersection,Normale,Autre collision,,,,,,,,,,,1,2,1,1,6.0
201600036381,0016-03-29 08:57:00,16,3,29,8,57,900,10,"02, HOUBRE (RUE)",,,Plein jour,En agglomération,Intersection en X,Normale,Deux véhicules - arrière,,,,,,,,,,,1,2,2,1,2.0
201600036382,0016-03-30 10:59:00,16,3,30,10,59,900,10,LECLERC (AVENUE),,,Plein jour,En agglomération,Intersection en T,Pluie légère,Autre collision,,,,,,,,,,,1,2,3,2,6.0
201600036383,0016-04-05 07:20:00,16,4,5,7,20,900,10,"1, CLEMENCEAU (BOULEVARD",,,Plein jour,En agglomération,Hors intersection,Normale,Trois véhicules et plus - en chaîne,,,,,,,,,,,1,2,1,1,4.0
201600036384,0016-04-05 12:15:00,16,4,5,12,15,900,99,"1, CD5",,,Plein jour,Hors agglomération,Giratoire,Pluie forte,Deux véhicules - côté,,,,,,,,,,,1,1,6,3,3.0
201600036385,0016-04-22 15:20:00,16,4,22,15,20,900,32,"38, DE GAULLE (RUE DU GE",,,Plein jour,En agglomération,Hors intersection,Normale,Autre collision,,,,,,,,,,,1,2,1,1,6.0
201600036386,0016-04-28 11:45:00,16,4,28,11,45,900,10,KLEBER (RUE),,,Plein jour,En agglomération,Hors intersection,Normale,Autre collision,,,,,,,,,,,1,2,1,1,6.0
201600036387,0016-04-29 19:00:00,16,4,29,19,0,900,39,"30, DE GAULLE (RUE DU GE",,,Plein jour,En agglomération,Hors intersection,Normale,Deux véhicules - côté,,,,,,,,,,,1,2,1,1,3.0
201600036388,0016-05-04 15:55:00,16,5,4,15,55,900,10,"1, MENDES FRANCE (RUE)",,,Plein jour,En agglomération,Hors intersection,Normale,Deux véhicules - arrière,,,,,,,,,,,1,2,1,1,2.0
201600036389,0016-05-15 17:19:00,16,5,15,17,19,900,29,"1, SALBERT (RUE DU)",,,Plein jour,Hors agglomération,Hors intersection,Normale,Deux véhicules - frontale,,,,,,,,,,,1,1,1,1,1.0
201600036390,0016-05-17 09:28:00,16,5,17,9,28,900,8,"1, GRAND'RUE",,,Plein jour,En agglomération,Hors intersection,Normale,Deux véhicules - arrière,,,,,,,,,,,1,2,1,1,2.0
201600036391,0016-05-16 19:40:00,16,5,16,19,40,900,75,"1, LULLY (RUE JEAN BAPTI",,,Crépuscule ou aube,En agglomération,Hors intersection,Normale,Autre collision,,,,,,,,,,,2,2,1,1,6.0
201600036392,0016-04-28 17:35:00,16,4,28,17,35,900,39,"1, DE GAULLE (RUE DU GEN",,,Plein jour,En agglomération,Hors intersection,Normale,Sans collision,,,,,,,,,,,1,2,1,1,7.0
201600036393,0016-05-05 19:13:00,16,5,5,19,13,900,10,"3, LAURENCIE (AVENUE CAP",,,Plein jour,En agglomération,Hors intersection,Normale,Deux véhicules - côté,,,,,,,,,,,1,2,1,1,3.0
201600036394,0016-05-18 12:10:00,16,5,18,12,10,900,10,"1, ZAPOROJIE (RUE DE)",,,Plein jour,En agglomération,Hors intersection,Normale,Deux véhicules - arrière,,,,,,,,,,,1,2,1,1,2.0
201600036395,0016-05-07 18:59:00,16,5,7,18,59,900,10,"1, THANN (RUE DE )",,,Plein jour,En agglomération,Intersection en X,Normale,Deux véhicules - côté,,,,,,,,,,,1,2,2,1,3.0
201600036396,0016-05-28 08:58:00,16,5,28,8,58,900,8,"1, BELFORT (RUE DE)",,,Plein jour,En agglomération,Hors intersection,Normale,Deux véhicules - côté,,,,,,,,,,,1,2,1,1,3.0
201600036397,0016-05-30 12:15:00,16,5,30,12,15,900,75,"1, BRIAND (RUE ARISTIDE)",,,Plein jour,En agglomération,Hors intersection,Pluie légère,Deux véhicules - frontale,,,,,,,,,,,1,2,1,2,1.0
201600036398,0016-05-31 15:54:00,16,5,31,15,54,900,8,ARGIESANS (RUE D'),47.61094,6.82816,Plein jour,En agglomération,Giratoire,Pluie forte,Deux véhicules - frontale,,,,,,,,,,,1,2,6,3,1.0
201600036399,0016-06-13 23:00:00,16,6,13,23,0,900,10,"1, ALTKIRCH (AVENUE)",,,Nuit avec éclairage allumé,En agglomération,Hors intersection,Temps couvert,Deux véhicules - frontale,,,,,,,,,,,5,2,1,8,1.0
201600036400,0016-07-03 09:50:00,16,7,3,9,50,900,10,LECLERC (AVENUE),,,Plein jour,En agglomération,Hors intersection,Normale,Deux véhicules - frontale,,,,,,,,,,,1,2,1,1,1.0
201600036401,0016-07-03 02:50:00,16,7,3,2,50,900,10,LONG (RUE JAMES),,,Nuit avec éclairage allumé,En agglomération,Intersection en T,Normale,Trois véhicules et plus - collisions multiples,,,,,,,,,,,5,2,3,1,5.0
201600036402,0016-07-08 23:55:00,16,7,8,23,55,900,10,"27, AS DE CARREAU (RUE D",,,Nuit avec éclairage allumé,En agglomération,Hors intersection,Normale,Deux véhicules - côté,,,,,,,,,,,5,2,1,1,3.0
201600036403,0016-07-14 14:03:00,16,7,14,14,3,900,10,"1, FRERY (RUE)",,,Plein jour,En agglomération,Hors intersection,Pluie légère,Deux véhicules - arrière,,,,,,,,,,,1,2,1,2,2.0
201600036404,0016-07-21 11:30:00,16,7,21,11,30,900,75,"1, CERISIERS (RUE DES)",,,Plein jour,Hors agglomération,Hors intersection,Normale,Deux véhicules - frontale,,,,,,,,,,,1,1,1,1,1.0
201600036405,0016-08-15 12:35:00,16,8,15,12,35,900,10,"1, PONT BOULOCHE",,,Plein jour,En agglomération,Hors intersection,Normale,Autre collision,,,,,,,,,,,1,2,1,1,6.0
201600036406,0016-08-24 19:23:00,16,8,24,19,23,900,10,"1, JAURES (AVENUE JEAN)",,,Plein jour,En agglomération,Hors intersection,Normale,Autre collision,,,,,,,,,,,1,2,1,1,6.0
201600036407,0016-09-06 18:26:00,16,9,6,18,26,900,10,"6, JUIN (AVENUE DU MAREC",,,Plein jour,En agglomération,Hors intersection,Normale,Autre collision,,,,,,,,,,,1,2,1,1,6.0
201600036408,0016-09-09 17:06:00,16,9,9,17,6,900,32,"46 BIS, BOSMONT (RUE DU)",,,Plein jour,En agglomération,Hors intersection,Normale,Autre collision,,,,,,,,,,,1,2,1,1,6.0
201600036409,0016-08-29 14:45:00,16,8,29,14,45,900,1,"12, MONTBELIARD (ROUTE D",,,Plein jour,En agglomération,Hors intersection,Normale,Autre collision,,,,,,,,,,,1,2,1,1,6.0
201600036410,0016-09-12 18:12:00,16,9,12,18,12,900,10,"1, MOULIN (AVENUE JEAN)",,,Plein jour,En agglomération,Hors intersection,Normale,Deux véhicules - côté,,,,,,,,,,,1,2,1,1,3.0
201600036411,0016-09-08 07:22:00,16,9,8,7,22,900,10,"1, LAURENCIE (AVENUE CAP",,,Plein jour,En agglomération,Hors intersection,Normale,Deux véhicules - côté,,,,,,,,,,,1,2,1,1,3.0
201600036412,0016-09-21 11:22:00,16,9,21,11,22,900,10,"24, MICHELET (RUE)",,,Plein jour,En agglomération,Hors intersection,Normale,Autre collision,,,,,,,,,,,1,2,1,1,6.0
201600036413,0016-09-27 22:51:00,16,9,27,22,51,900,10,"7 bis, WILSON (AVENUE)",,,Nuit avec éclairage allumé,En agglomération,Hors intersection,Normale,Autre collision,,,,,,,,,,,5,2,1,1,6.0
201600036414,0016-09-30 13:37:00,16,9,30,13,37,900,10,"1, PREMIERE ARMEE FRANCA",,,Plein jour,En agglomération,Hors intersection,Normale,Deux véhicules - frontale,,,,,,,,,,,1,2,1,1,1.0
201600036415,0016-10-01 10:21:00,16,10,1,10,21,900,39,"1, DE GAULLE (RUE DU GEN",,,Plein jour,En agglomération,Hors intersection,Pluie forte,Deux véhicules - arrière,,,,,,,,,,,1,2,1,3,2.0
201600036416,0016-10-11 20:01:00,16,10,11,20,1,900,32,"1, REPUBLIQUE (RUE DE LA",,,Nuit sans éclairage public,En agglomération,Hors intersection,Normale,Deux véhicules - frontale,,,,,,,,,,,3,2,1,1,1.0
201600036417,0016-11-10 17:27:00,16,11,10,17,27,900,8,"1, ECOLES (RUE DES)",,,Nuit sans éclairage public,En agglomération,Hors intersection,Pluie légère,Autre collision,,,,,,,,,,,3,2,1,2,6.0
201600036418,0016-12-08 16:18:00,16,12,8,16,18,900,10,"48, JAURES (AVENUE JEAN)",47.64559,6.85542,Plein jour,En agglomération,Hors intersection,Normale,Autre collision,,,,,,,,,,,1,2,1,1,6.0
201600036419,0016-12-10 19:50:00,16,12,10,19,50,900,10,"56, MONTBELIARD (FAUBOUR",,,Nuit avec éclairage allumé,En agglomération,Hors intersection,Normale,Deux véhicules - côté,,,,,,,,,,,5,2,1,1,3.0
201600036420,0016-12-17 02:45:00,16,12,17,2,45,900,32,"1, EGALITE (RUE DE L')",,,Nuit sans éclairage public,Hors agglomération,Hors intersection,Brouillard / fumée,Sans collision,,,,,,,,,,,3,1,1,5,7.0
201600036421,0016-01-01 13:00:00,16,1,1,13,0,910,347,PERRAY (RUE DU),48.65861,2.28531,Plein jour,En agglomération,Hors intersection,Normale,Autre collision,,,,,,,,,,,1,2,1,1,6.0
201600036422,0016-01-12 14:35:00,16,1,12,14,35,910,339,RN 20,48.60626,2.25007,Plein jour,En agglomération,Hors intersection,Normale,Deux véhicules - frontale,,,,,,,,,,,1,2,1,1,1.0
201600036423,0016-01-12 16:10:00,16,1,12,16,10,910,103,PASTEUR (RUE),48.60636,2.30529,Plein jour,En agglomération,Hors intersection,Normale,Autre collision,,,,,,,,,,,1,2,1,1,6.0
201600036424,0016-01-13 01:15:00,16,1,13,1,15,910,339,"1, MONTVINET (RUE)",48.63025,2.26997,Nuit avec éclairage allumé,En agglomération,Hors intersection,Pluie légère,Autre collision,,,,,,,,,,,5,2,1,2,6.0
201600036425,0016-01-16 08:40:00,16,1,16,8,40,910,457,RD19,48.57641,2.27874,Plein jour,Hors agglomération,Hors intersection,Autre,Autre collision,,,,,,,,,,,1,1,1,9,6.0
201600036426,0016-01-22 12:55:00,16,1,22,12,55,910,339,RN 20,48.63006,2.26337,Plein jour,En agglomération,Hors intersection,Pluie forte,Deux véhicules - arrière,,,,,,,,,,,1,2,1,3,2.0
201600036427,0016-01-23 18:15:00,16,1,23,18,15,910,339,RN 20,48.60633,2.25025,Nuit avec éclairage allumé,En agglomération,Hors intersection,Pluie légère,Deux véhicules - arrière,,,,,,,,,,,5,2,1,2,2.0
201600036428,0016-01-26 14:15:00,16,1,26,14,15,910,552,ROSTAND JEAN (RUE),48.59387,2.26185,Plein jour,En agglomération,Intersection en T,Normale,Deux véhicules - côté,,,,,,,,,,,1,2,3,1,3.0
201600036429,0016-01-26 19:15:00,16,1,26,19,15,910,103,RD19,48.59144,2.3092,Nuit sans éclairage public,Hors agglomération,Hors intersection,Normale,Autre collision,,,,,,,,,,,3,1,1,1,6.0
201600036430,0016-01-29 15:05:00,16,1,29,15,5,910,103,ALLENDE SALVADOR (AV),48.61552,2.30493,Plein jour,En agglomération,Intersection en T,Normale,Autre collision,,,,,,,,,,,1,2,3,1,6.0
201600036431,0016-01-30 18:10:00,16,1,30,18,10,910,347,DIVISION LECLERC (AVENUE,48.65472,2.27382,Nuit avec éclairage allumé,En agglomération,Intersection en T,Pluie légère,Deux véhicules - arrière,,,,,,,,,,,5,2,3,2,2.0
201600036432,0016-01-31 15:18:00,16,1,31,15,18,910,425,"23, MARCOUSSIS (ROUTE DE",48.63954,2.26454,Plein jour,En agglomération,Hors intersection,Normale,Deux véhicules - côté,,,,,,,,,,,1,2,1,1,3.0
201600036433,0016-02-01 20:15:00,16,2,1,20,15,910,457,RD19,48.57521,2.26321,Nuit sans éclairage public,Hors agglomération,Hors intersection,Pluie légère,Autre collision,,,,,,,,,,,3,1,1,2,6.0
201600036434,0016-02-04 08:10:00,16,2,4,8,10,910,21,"40, HOCHE (AVENUE)",48.59081,2.25677,Plein jour,En agglomération,Hors intersection,Normale,Deux véhicules - côté,,,,,,,,,,,1,2,1,1,3.0
201600036435,0016-02-05 14:15:00,16,2,5,14,15,910,552,"34, GLACIERE (RUE DE LA)",,,Plein jour,En agglomération,Hors intersection,Normale,Deux véhicules - arrière,,,,,,,,,,,1,2,1,1,2.0
201600036436,0016-02-06 17:45:00,16,2,6,17,45,910,552,PARC (RUE DU),48.5931,2.26595,Plein jour,En agglomération,Hors intersection,Normale,Autre collision,,,,,,,,,,,1,2,1,1,6.0
201600036437,0016-02-07 02:20:00,16,2,7,2,20,910,552,NATIONALE 20 (ROUTE),48.60685,2.25046,Nuit avec éclairage allumé,Hors agglomération,Hors intersection,Pluie légère,Trois véhicules et plus - en chaîne,,,,,,,,,,,5,1,1,2,4.0