accident_id,datetime,annee,mois,jour,heure,minute,departement,commune_insee,adresse,latitude,longitude,luminosite,agglomeration,intersection,meteo,collision,nb_vehicules,nb_usagers,nb_indemnes,nb_tues,nb_blesses_hosp,nb_blesses_legers,age_cond_1,age_cond_2,veh_type_cond_1,veh_type_cond_2,lum_code,agg_code,int_code,atm_code,col_code
201600036438,0016-02-11 17:00:00,16,2,11,17,0,910,552,LEUVILLE (ROUTE DE),48.60618,2.25584,Plein jour,En agglomération,Intersection en Y,Normale,Autre collision,,,,,,,,,,,1,2,4,1,6.0
201600036439,0016-02-12 15:00:00,16,2,12,15,0,910,21,JAURES JEAN (BOULEVARD),48.5895,2.24515,Plein jour,En agglomération,Hors intersection,Pluie légère,Autre collision,,,,,,,,,,,1,2,1,2,6.0
201600036440,0016-02-19 10:25:00,16,2,19,10,25,910,103,"10, PAIX (RUE DE LA)",48.60898,2.30511,Plein jour,En agglomération,Hors intersection,Normale,Autre collision,,,,,,,,,,,1,2,1,1,6.0
201600036441,0016-02-19 11:15:00,16,2,19,11,15,910,425,FORT PAUL (RUE),48.64459,2.2613,Plein jour,En agglomération,Hors intersection,Normale,Deux véhicules - arrière,,,,,,,,,,,1,2,1,1,2.0
201600036442,0016-02-19 21:50:00,16,2,19,21,50,910,425,PONT AUX PINS (RUE DU),48.64963,2.27589,Nuit avec éclairage allumé,En agglomération,Hors intersection,Normale,Sans collision,,,,,,,,,,,5,2,1,1,7.0
201600036443,0016-02-20 11:50:00,16,2,20,11,50,910,21,LIMOURS (ROUTE DE),48.59938,2.24142,Plein jour,En agglomération,Hors intersection,Pluie légère,Autre collision,,,,,,,,,,,1,2,1,2,6.0
201600036444,0016-02-23 19:25:00,16,2,23,19,25,910,552,RN20,48.60226,2.24767,Nuit sans éclairage public,Hors agglomération,Hors intersection,Normale,Deux véhicules - arrière,,,,,,,,,,,3,1,1,1,2.0
201600036445,0016-02-24 07:50:00,16,2,24,7,50,910,347,MORT RU (VOIE DU),48.63749,2.29586,Plein jour,En agglomération,Hors intersection,Normale,Deux véhicules - côté,,,,,,,,,,,1,2,1,1,3.0
201600036446,0016-02-26 13:45:00,16,2,26,13,45,910,552,DECLE RENE (RUE),48.595,2.25887,Plein jour,En agglomération,Hors intersection,Normale,Deux véhicules - côté,,,,,,,,,,,1,2,1,1,3.0
201600036447,0016-03-01 13:08:00,16,3,1,13,8,910,21,MARCHE (PLACE DU),48.5883,2.24999,Plein jour,En agglomération,Hors intersection,Pluie légère,Deux véhicules - côté,,,,,,,,,,,1,2,1,2,3.0
201600036448,0016-03-03 19:55:00,16,3,3,19,55,910,552,BOIS DES FOSSES (CHEM,48.61189,2.24821,Nuit sans éclairage public,En agglomération,Hors intersection,Normale,Sans collision,,,,,,,,,,,3,2,1,1,7.0
201600036449,0016-03-07 08:10:00,16,3,7,8,10,910,103,RUE DES DAUMONES,48.62435,2.29762,Plein jour,Hors agglomération,Hors intersection,Normale,Deux véhicules - côté,,,,,,,,,,,1,1,1,1,3.0
201600036450,0016-03-08 10:39:00,16,3,8,10,39,910,103,CAMUS ALBERT (RUE),48.60848,2.31627,Plein jour,En agglomération,Hors intersection,Normale,Autre collision,,,,,,,,,,,1,2,1,1,6.0
201600036451,0016-03-10 17:00:00,16,3,10,17,0,910,103,COMMUNE DE PARIS (AV DE,48.58948,2.30148,Plein jour,En agglomération,Hors intersection,Normale,Deux véhicules - arrière,,,,,,,,,,,1,2,1,1,2.0
201600036452,0016-03-11 00:30:00,16,3,11,0,30,910,552,DECLE RENE (RUE),48.59484,2.25723,Nuit avec éclairage non allumé,En agglomération,Hors intersection,Normale,Autre collision,,,,,,,,,,,4,2,1,1,6.0
201600036453,0016-03-12 11:10:00,16,3,12,11,10,910,425,TEMPLIERS (ROUTE DES),48.64788,2.26648,Plein jour,En agglomération,Intersection en X,Normale,Deux véhicules - arrière,,,,,,,,,,,1,2,2,1,2.0
201600036454,0016-03-23 19:40:00,16,3,23,19,40,910,103,COTE DE VALORGE (ALLEE D,48.61086,2.27973,Nuit avec éclairage allumé,En agglomération,Hors intersection,Normale,Deux véhicules - arrière,,,,,,,,,,,5,2,1,1,2.0
201600036455,0016-03-25 07:45:00,16,3,25,7,45,910,21,GIRAULT ERNEST (BOULEVAR,48.59253,2.2449,Plein jour,En agglomération,Hors intersection,Normale,Sans collision,,,,,,,,,,,1,2,1,1,7.0
201600036456,0016-03-26 10:15:00,16,3,26,10,15,910,552,RN 20,48.60685,2.25046,Plein jour,En agglomération,Hors intersection,Normale,Autre collision,,,,,,,,,,,1,2,1,1,6.0
201600036457,0016-03-30 08:50:00,16,3,30,8,50,910,552,RN20,48.60685,2.25046,Plein jour,Hors agglomération,Hors intersection,Pluie légère,Trois véhicules et plus - en chaîne,,,,,,,,,,,1,1,1,2,4.0
201600036458,0016-03-30 17:10:00,16,3,30,17,10,910,103,"21, COMMUNE DE PARIS (RU",48.59573,2.30369,Plein jour,En agglomération,Hors intersection,Normale,Autre collision,,,,,,,,,,,1,2,1,1,6.0
201600036459,0016-04-05 19:00:00,16,4,5,19,0,910,552,"05, BRETONNIERE (RUE DE",48.5919,2.2687,Plein jour,En agglomération,Hors intersection,Normale,Autre collision,,,,,,,,,,,1,2,1,1,6.0
201600036460,0016-04-07 08:25:00,16,4,7,8,25,910,425,TEMPLIERS (ROUTE DES),,,Plein jour,En agglomération,Giratoire,Normale,Sans collision,,,,,,,,,,,1,2,6,1,7.0
201600036461,0016-04-14 08:40:00,16,4,14,8,40,910,425,RN20,48.64008,2.26823,Plein jour,En agglomération,Hors intersection,Normale,Trois véhicules et plus - collisions multiples,,,,,,,,,,,1,2,1,1,5.0
201600036462,0016-04-16 16:10:00,16,4,16,16,10,910,339,"107, DIVISION LECLERC (R",48.63008,2.26485,Plein jour,En agglomération,Hors intersection,Normale,Deux véhicules - arrière,,,,,,,,,,,1,2,1,1,2.0
201600036463,0016-04-18 10:40:00,16,4,18,10,40,910,21,EGLY (ROUTE D'),48.5853,2.241,Plein jour,En agglomération,Hors intersection,Normale,Deux véhicules - arrière,,,,,,,,,,,1,2,1,1,2.0
201600036464,0016-04-27 11:45:00,16,4,27,11,45,910,457,RD 19,,,Plein jour,Hors agglomération,Hors intersection,Normale,Deux véhicules - côté,,,,,,,,,,,1,1,1,1,3.0
201600036465,0016-04-28 08:30:00,16,4,28,8,30,910,21,SAINT DENIS (RUE),48.58692,2.25221,Plein jour,En agglomération,Hors intersection,Normale,Deux véhicules - frontale,,,,,,,,,,,1,2,1,1,1.0
201600036466,0016-04-29 12:40:00,16,4,29,12,40,910,347,"70-72, RN 20",,,Plein jour,En agglomération,Hors intersection,Normale,Deux véhicules - arrière,,,,,,,,,,,1,2,1,1,2.0
201600036467,0016-05-02 12:40:00,16,5,2,12,40,910,333,"55, ROYAL (CHEMIN)",48.61487,2.25855,Plein jour,En agglomération,Hors intersection,Normale,Deux véhicules - arrière,,,,,,,,,,,1,2,1,1,2.0
201600036468,0016-05-05 10:40:00,16,5,5,10,40,910,103,BABIN (RUE DU DOCTEUR),48.60077,2.29656,Plein jour,En agglomération,Intersection en X,Normale,Deux véhicules - côté,,,,,,,,,,,1,2,2,1,3.0
201600036469,0016-05-08 15:10:00,16,5,8,15,10,910,425,MARCOUSSIS (ROUTE DE),48.63975,2.26644,Plein jour,En agglomération,Intersection en T,Normale,Deux véhicules - frontale,,,,,,,,,,,1,2,3,1,1.0
201600036470,0016-05-11 12:50:00,16,5,11,12,50,910,552,RN 20,,,Plein jour,Hors agglomération,Hors intersection,Pluie légère,Trois véhicules et plus - en chaîne,,,,,,,,,,,1,1,1,2,4.0
201600036471,0016-05-11 17:30:00,16,5,11,17,30,910,103,COMMUNE DE PARIS (AV DE,48.58537,2.29947,Plein jour,En agglomération,Hors intersection,Pluie légère,Deux véhicules - arrière,,,,,,,,,,,1,2,1,2,2.0
201600036472,0016-05-12 13:15:00,16,5,12,13,15,910,103,DIX NEUF MARS 1962 (AVEN,48.61439,2.30985,Plein jour,En agglomération,Hors intersection,Normale,Deux véhicules - côté,,,,,,,,,,,1,2,1,1,3.0
201600036473,0016-05-14 23:40:00,16,5,14,23,40,910,103,RUE DES DAUMONES,48.62414,2.29773,Nuit avec éclairage allumé,En agglomération,Hors intersection,Normale,Deux véhicules - côté,,,,,,,,,,,5,2,1,1,3.0
201600036474,0016-05-15 08:18:00,16,5,15,8,18,910,457,RD 19,,,Plein jour,Hors agglomération,Hors intersection,Normale,Sans collision,,,,,,,,,,,1,1,1,1,7.0
201600036475,0016-05-17 00:37:00,16,5,17,0,37,910,425,RN 20,48.64483,2.26998,Nuit avec éclairage allumé,Hors agglomération,Hors intersection,Normale,Deux véhicules - côté,,,,,,,,,,,5,1,1,1,3.0
201600036476,0016-05-20 10:45:00,16,5,20,10,45,910,103,"1, BOYAU MAURICE (RUE)",48.6059,2.3044,Plein jour,En agglomération,Hors intersection,Normale,Autre collision,,,,,,,,,,,1,2,1,1,6.0
201600036477,0016-05-20 18:10:00,16,5,20,18,10,910,21,GAMBETTA (RUE),48.58753,2.25158,Plein jour,En agglomération,Intersection en X,Normale,Autre collision,,,,,,,,,,,1,2,2,1,6.0
201600036478,0016-05-24 16:05:00,16,5,24,16,5,910,339,ARPAJONNAIS (RUE DE L'),48.63269,2.2692,Plein jour,En agglomération,Hors intersection,Normale,Autre collision,,,,,,,,,,,1,2,1,1,6.0
201600036479,0016-05-26 13:59:00,16,5,26,13,59,910,21,RN 20,48.59356,2.24168,Plein jour,En agglomération,Hors intersection,Normale,Autre collision,,,,,,,,,,,1,2,1,1,6.0
201600036480,0016-06-01 08:45:00,16,6,1,8,45,910,103,"36, BABIN (RUE DU DOCTEU",48.60017,2.295,Plein jour,En agglomération,Hors intersection,Pluie légère,Autre collision,,,,,,,,,,,1,2,1,2,6.0
201600036481,0016-06-03 19:25:00,16,6,3,19,25,910,21,RN 20,48.59356,2.24168,Plein jour,En agglomération,Hors intersection,Normale,Deux véhicules - côté,,,,,,,,,,,1,2,1,1,3.0
201600036482,0016-06-05 20:10:00,16,6,5,20,10,910,339,RN 20,48.62568,2.26175,Plein jour,En agglomération,Hors intersection,Normale,Deux véhicules - arrière,,,,,,,,,,,1,2,1,1,2.0
201600036483,0016-06-07 13:28:00,16,6,7,13,28,910,103,RD 19,48.60462,2.32168,Plein jour,En agglomération,Hors intersection,Normale,Sans collision,,,,,,,,,,,1,2,1,1,7.0
201600036484,0016-06-08 09:40:00,16,6,8,9,40,910,103,RD 19,48.60462,2.32168,Plein jour,En agglomération,Hors intersection,Normale,Autre collision,,,,,,,,,,,1,2,1,1,6.0
201600036485,0016-06-08 19:55:00,16,6,8,19,55,910,552,"1, ALLENDE SALVADOR (AVE",48.59255,2.26139,Plein jour,En agglomération,Hors intersection,Normale,Deux véhicules - côté,,,,,,,,,,,1,2,1,1,3.0
201600036486,0016-06-09 18:25:00,16,6,9,18,25,910,457,RD 19,48.57714,2.28597,Plein jour,Hors agglomération,Hors intersection,Normale,Sans collision,,,,,,,,,,,1,1,1,1,7.0
201600036487,0016-06-09 20:00:00,16,6,9,20,0,910,339,RN 20,48.63107,2.26377,Plein jour,En agglomération,Hors intersection,Normale,Deux véhicules - côté,,,,,,,,,,,1,2,1,1,3.0
201600036488,0016-06-13 14:20:00,16,6,13,14,20,910,425,"9BIS, MAILLE (RUE DU)",48.63998,2.26978,Plein jour,En agglomération,Hors intersection,Pluie légère,Deux véhicules - arrière,,,,,,,,,,,1,2,1,2,2.0
201600036489,0016-06-20 08:25:00,16,6,20,8,25,910,339,RN 20,48.63006,2.2633,Plein jour,En agglomération,Hors intersection,Pluie légère,Trois véhicules et plus - en chaîne,,,,,,,,,,,1,2,1,2,4.0
201600036490,0016-06-23 21:40:00,16,6,23,21,40,910,339,RN 20,48.62736,2.26228,Plein jour,Hors agglomération,Hors intersection,Normale,Deux véhicules - côté,,,,,,,,,,,1,1,1,1,3.0
201600036491,0016-06-24 20:40:00,16,6,24,20,40,910,457,RD 19,48.5761,2.26656,Plein jour,Hors agglomération,Hors intersection,Normale,Deux véhicules - côté,,,,,,,,,,,1,1,1,1,3.0
201600036492,0016-06-25 20:00:00,16,6,25,20,0,910,339,RN 20,48.62861,2.26276,Plein jour,Hors agglomération,Hors intersection,Normale,Deux véhicules - arrière,,,,,,,,,,,1,1,1,1,2.0
201600036493,0016-06-27 08:45:00,16,6,27,8,45,910,103,HETRES (RUE DES),48.61784,2.30112,Plein jour,En agglomération,Intersection en T,Pluie légère,Deux véhicules - côté,,,,,,,,,,,1,2,3,2,3.0
201600036494,0016-07-05 18:00:00,16,7,5,18,0,910,425,BOURGUIGNONS (RUE DES,48.64562,2.27437,Plein jour,En agglomération,Hors intersection,Normale,Deux véhicules - arrière,,,,,,,,,,,1,2,1,1,2.0
201600036495,0016-07-05 20:00:00,16,7,5,20,0,910,21,EGLY (ROUTE D'),,,Plein jour,En agglomération,Hors intersection,Normale,Deux véhicules - arrière,,,,,,,,,,,1,2,1,1,2.0
201600036496,0016-07-08 00:45:00,16,7,8,0,45,910,552,LEUVILLE (ROUTE DE),48.59684,2.25661,Nuit avec éclairage allumé,En agglomération,Intersection en T,Normale,Deux véhicules - côté,,,,,,,,,,,5,2,3,1,3.0
201600036497,0016-07-10 02:15:00,16,7,10,2,15,910,103,FELICIEN REVOL(RUE),48.60251,2.29546,Nuit sans éclairage public,En agglomération,Intersection en X,Normale,Deux véhicules - côté,,,,,,,,,,,3,2,2,1,3.0
201600036498,0016-07-21 09:45:00,16,7,21,9,45,910,103,MAISON NEUVE (AVENUE DE,48.58799,2.30388,Plein jour,En agglomération,Hors intersection,Normale,Sans collision,,,,,,,,,,,1,2,1,1,7.0
201600036499,0016-07-28 15:00:00,16,7,28,15,0,910,103,MAISON NEUVE (AVENUE DE,48.58788,2.30506,Plein jour,En agglomération,Hors intersection,Normale,Autre collision,,,,,,,,,,,1,2,1,1,6.0
201600036500,0016-08-02 08:05:00,16,8,2,8,5,910,347,RN 20,48.65527,2.27415,Plein jour,En agglomération,Hors intersection,Pluie légère,Deux véhicules - côté,,,,,,,,,,,1,2,1,2,3.0
201600036501,0016-08-03 17:55:00,16,8,3,17,55,910,21,"84, GRANDE (RUE)",48.58952,2.24866,Plein jour,En agglomération,Hors intersection,Normale,Deux véhicules - arrière,,,,,,,,,,,1,2,1,1,2.0
201600036502,0016-08-05 13:35:00,16,8,5,13,35,910,103,ALLENDE SALVADOR (Av),48.61854,2.30919,Plein jour,En agglomération,Hors intersection,Normale,Autre collision,,,,,,,,,,,1,2,1,1,6.0
201600036503,0016-08-09 17:00:00,16,8,9,17,0,910,425,RN20,48.64473,2.27003,Plein jour,En agglomération,Hors intersection,Normale,Trois véhicules et plus - collisions multiples,,,,,,,,,,,1,2,1,1,5.0
201600036504,0016-08-13 14:15:00,16,8,13,14,15,910,425,RUELLE DES BOIS (CHEMIN,48.64156,2.25133,Plein jour,En agglomération,Intersection en T,Normale,Deux véhicules - frontale,,,,,,,,,,,1,2,3,1,1.0
201600036505,0016-08-22 06:50:00,16,8,22,6,50,910,103,DAUMONES (RUE DES),48.62414,2.29773,Plein jour,En agglomération,Hors intersection,Normale,Sans collision,,,,,,,,,,,1,2,1,1,7.0
201600036506,0016-08-22 11:02:00,16,8,22,11,2,910,347,TEMPLIERS (ROUTE DES),48.64435,2.28167,Plein jour,Hors agglomération,Intersection en Y,Normale,Deux véhicules - côté,,,,,,,,,,,1,1,4,1,3.0
201600036507,0016-08-29 16:40:00,16,8,29,16,40,910,552,RN20,48.60633,2.25025,Plein jour,En agglomération,Hors intersection,Pluie légère,Trois véhicules et plus - en chaîne,,,,,,,,,,,1,2,1,2,4.0
201600036508,0016-09-07 11:10:00,16,9,7,11,10,910,103,"11, PAIX (RUE DE LA)",48.60846,2.30534,Plein jour,En agglomération,Hors intersection,Normale,Autre collision,,,,,,,,,,,1,2,1,1,6.0
201600036509,0016-09-13 08:08:00,16,9,13,8,8,910,333,ROYAL (CHEMIN),48.62001,2.26129,Plein jour,En agglomération,Intersection en T,Normale,Deux véhicules - côté,,,,,,,,,,,1,2,3,1,3.0
201600036510,0016-09-13 10:35:00,16,9,13,10,35,910,103,RD 19,48.59555,2.31209,Plein jour,Hors agglomération,Hors intersection,Normale,Autre collision,,,,,,,,,,,1,1,1,1,6.0
201600036511,0016-09-13 18:20:00,16,9,13,18,20,910,425,RN 20,48.64483,2.26998,Plein jour,En agglomération,Hors intersection,Normale,Deux véhicules - côté,,,,,,,,,,,1,2,1,1,3.0
201600036512,0016-09-26 09:15:00,16,9,26,9,15,910,347,TOURELLE (CHEMIN DE LA),48.64815,2.28371,Plein jour,En agglomération,Hors intersection,Normale,Deux véhicules - côté,,,,,,,,,,,1,2,1,1,3.0
201600036513,0016-09-26 18:15:00,16,9,26,18,15,910,21,ECHANGEUR NORD RN 20,48.59792,2.24527,Plein jour,Hors agglomération,Giratoire,Normale,Sans collision,,,,,,,,,,,1,1,6,1,7.0
201600036514,0016-09-30 21:45:00,16,9,30,21,45,910,21,VERDUN (AVENUE DE),48.58223,2.24289,Nuit avec éclairage allumé,En agglomération,Hors intersection,Pluie légère,Autre collision,,,,,,,,,,,5,2,1,2,6.0
201600036515,0016-10-01 10:10:00,16,10,1,10,10,910,103,OISEAUX (AVENUE DES),48.60342,2.31188,Plein jour,En agglomération,Intersection en Y,Normale,Autre collision,,,,,,,,,,,1,2,4,1,6.0
201600036516,0016-10-02 20:16:00,16,10,2,20,16,910,457,RD 19,48.57631,2.27901,Nuit sans éclairage public,Hors agglomération,Hors intersection,Normale,Trois véhicules et plus - collisions multiples,,,,,,,,,,,3,1,1,1,5.0
201600036517,0016-10-11 06:50:00,16,10,11,6,50,910,339,RN 20,48.62448,2.26146,Nuit avec éclairage allumé,En agglomération,Hors intersection,Pluie légère,Trois véhicules et plus - en chaîne,,,,,,,,,,,5,2,1,2,4.0
201600036518,0016-10-12 07:55:00,16,10,12,7,55,910,425,"91, ORLEANS (ROUTE D')",48.64697,2.27083,Plein jour,En agglomération,Hors intersection,Normale,Autre collision,,,,,,,,,,,1,2,1,1,6.0
201600036519,0016-10-15 20:10:00,16,10,15,20,10,910,347,MONTLHERY (ROUTE DE),48.63527,2.28564,Nuit avec éclairage allumé,Hors agglomération,Intersection en X,Normale,Deux véhicules - arrière,,,,,,,,,,,5,1,2,1,2.0
201600036520,0016-10-16 13:00:00,16,10,16,13,0,910,347,TEMPLIERS (ROUTE DES),48.64568,2.27871,Plein jour,En agglomération,Hors intersection,Normale,Deux véhicules - frontale,,,,,,,,,,,1,2,1,1,1.0
201600036521,0016-10-19 09:00:00,16,10,19,9,0,910,425,TEMPLIERS (ROUTE DES),48.64839,2.27364,Plein jour,Hors agglomération,Hors intersection,Normale,Trois véhicules et plus - collisions multiples,,,,,,,,,,,1,1,1,1,5.0
201600036522,0016-10-23 11:56:00,16,10,23,11,56,910,103,Avenue Jeaun Mermoz,48.60862,2.31269,Plein jour,Hors agglomération,Giratoire,Normale,Deux véhicules - côté,,,,,,,,,,,1,1,6,1,3.0
201600036523,0016-10-25 07:35:00,16,10,25,7,35,910,21,RN 20,48.59174,2.23978,Nuit sans éclairage public,Hors agglomération,Hors intersection,Brouillard / fumée,Deux véhicules - côté,,,,,,,,,,,3,1,1,5,3.0
201600036524,0016-11-04 15:35:00,16,11,4,15,35,910,339,RN 104,48.62612,2.26251,Plein jour,Hors agglomération,Intersection en T,Pluie légère,Deux véhicules - côté,,,,,,,,,,,1,1,3,2,3.0
201600036525,0016-11-05 00:20:00,16,11,5,0,20,910,339,TABOR (CHEMIN DE),48.61736,2.25265,Nuit sans éclairage public,En agglomération,Hors intersection,Pluie légère,Autre collision,,,,,,,,,,,3,2,1,2,6.0
201600036526,0016-10-29 15:42:00,16,10,29,15,42,910,457,RD19,48.57494,2.26238,Plein jour,Hors agglomération,Hors intersection,Pluie légère,Sans collision,,,,,,,,,,,1,1,1,2,7.0
201600036527,0016-11-07 07:29:00,16,11,7,7,29,910,339,ERNEST PILLON (PLACE),48.63149,2.26668,Crépuscule ou aube,En agglomération,Hors intersection,Normale,Autre collision,,,,,,,,,,,2,2,1,1,6.0
201600036528,0016-11-08 08:36:00,16,11,8,8,36,910,103,RD 19,48.60584,2.32284,Plein jour,Hors agglomération,Hors intersection,Normale,Deux véhicules - côté,,,,,,,,,,,1,1,1,1,3.0
201600036529,0016-11-10 22:10:00,16,11,10,22,10,910,103,COMMUNE DE PARIS (AV DE,48.59812,2.30418,Nuit avec éclairage allumé,En agglomération,Hors intersection,Normale,Autre collision,,,,,,,,,,,5,2,1,1,6.0
201600036530,0016-11-11 13:31:00,16,11,11,13,31,910,425,EUROPE (PLACE DE L'),48.64028,2.26669,Plein jour,En agglomération,Hors intersection,Normale,Trois véhicules et plus - en chaîne,,,,,,,,,,,1,2,1,1,4.0
201600036531,0016-11-13 16:40:00,16,11,13,16,40,910,425,TEMPLIERS (ROUTE DES),48.64866,2.27152,Plein jour,En agglomération,Hors intersection,Pluie légère,Deux véhicules - arrière,,,,,,,,,,,1,2,1,2,2.0
201600036532,0016-11-19 11:40:00,16,11,19,11,40,910,21,JAURES JEAN (BOULEVARD),48.58847,2.24564,Plein jour,En agglomération,Hors intersection,Normale,Autre collision,,,,,,,,,,,1,2,1,1,6.0
201600036533,0016-11-21 07:24:00,16,11,21,7,24,910,552,RN 20,48.60213,2.2477,Nuit avec éclairage allumé,Hors agglomération,Hors intersection,Pluie légère,Deux véhicules - arrière,,,,,,,,,,,5,1,1,2,2.0
201600036534,0016-11-25 20:15:00,16,11,25,20,15,910,347,HEBERT JULIEN (RUE),48.62925,2.28925,Nuit avec éclairage allumé,En agglomération,Intersection en T,Normale,Deux véhicules - arrière,,,,,,,,,,,5,2,3,1,2.0
201600036535,0016-11-26 01:30:00,16,11,26,1,30,910,103,RD19,48.57772,2.28791,Nuit sans éclairage public,En agglomération,Intersection en T,Normale,Sans collision,,,,,,,,,,,3,2,3,1,7.0
201600036536,0016-11-28 21:19:00,16,11,28,21,19,910,457,RD19,48.5738,2.25852,Nuit sans éclairage public,Hors agglomération,Giratoire,Normale,Deux véhicules - côté,,,,,,,,,,,3,1,6,1,3.0
201600036537,0016-11-29 11:45:00,16,11,29,11,45,910,103,PAIX (RUE DE LA),48.60846,2.30532,Plein jour,En agglomération,Hors intersection,Normale,Autre collision,,,,,,,,,,,1,2,1,1,6.0
201600036538,0016-11-30 11:30:00,16,11,30,11,30,910,339,"5, BENOIST ROBERT (AVENU",48.63714,2.26705,Plein jour,En agglomération,Hors intersection,Normale,Trois véhicules et plus - en chaîne,,,,,,,,,,,1,2,1,1,4.0
201600036539,0016-12-03 14:15:00,16,12,3,14,15,910,425,"27, PONT AUX PINS (ALLEE",48.64993,2.27532,Plein jour,En agglomération,Hors intersection,Normale,Autre collision,,,,,,,,,,,1,2,1,1,6.0
201600036540,0016-12-07 18:00:00,16,12,7,18,0,910,552,RN 20,48.60322,2.24819,Nuit avec éclairage allumé,Hors agglomération,Hors intersection,Normale,Trois véhicules et plus - en chaîne,,,,,,,,,,,5,1,1,1,4.0
201600036541,0016-12-09 11:16:00,16,12,9,11,16,910,103,"10, ALLENDE SALVADOR (Av",48.61759,2.30823,Plein jour,En agglomération,Hors intersection,Normale,Deux véhicules - frontale,,,,,,,,,,,1,2,1,1,1.0
201600036542,0016-12-14 16:56:00,16,12,14,16,56,910,103,BRANLY EDOUARD (AVENUE),48.60364,2.30584,Plein jour,En agglomération,Hors intersection,Normale,Deux véhicules - côté,,,,,,,,,,,1,2,1,1,3.0
201600036543,0016-12-15 18:26:00,16,12,15,18,26,910,339,RN 20,48.62489,2.25967,Nuit sans éclairage public,Hors agglomération,Hors intersection,Pluie légère,Sans collision,,,,,,,,,,,3,1,1,2,7.0
201600036544,0016-12-15 19:55:00,16,12,15,19,55,910,103,BROSSOLETTE PIERRE (Bld),48.60484,2.29982,Nuit avec éclairage allumé,En agglomération,Intersection en X,Pluie légère,Deux véhicules - frontale,,,,,,,,,,,5,2,2,2,1.0
201600036545,0016-12-16 17:15:00,16,12,16,17,15,910,425,"2, CHESNEAU ERNEST (RUE)",48.64007,2.27148,Crépuscule ou aube,En agglomération,Hors intersection,Normale,Autre collision,,,,,,,,,,,2,2,1,1,6.0
201600036546,0016-12-18 07:40:00,16,12,18,7,40,910,103,RD19,48.60319,2.31956,Nuit sans éclairage public,En agglomération,Hors intersection,Normale,Deux véhicules - frontale,,,,,,,,,,,3,2,1,1,1.0
201600036547,0016-12-21 12:20:00,16,12,21,12,20,910,21,RN 20,48.59064,2.23826,Plein jour,Hors agglomération,Hors intersection,Normale,Autre collision,,,,,,,,,,,1,1,1,1,6.0
201600036548,0016-12-26 11:58:00,16,12,26,11,58,910,552,"1 bis, ALLENDE SALVADOR",48.61747,2.30794,Plein jour,En agglomération,Hors intersection,Pluie légère,Deux véhicules - arrière,,,,,,,,,,,1,2,1,2,2.0
201600036549,0016-12-29 17:45:00,16,12,29,17,45,910,103,"23, ROZANOFF (AVENUE DU",48.5993,2.30435,Crépuscule ou aube,En agglomération,Hors intersection,Normale,Deux véhicules - arrière,,,,,,,,,,,2,2,1,1,2.0
201600036550,0016-12-29 20:45:00,16,12,29,20,45,910,425,Ville du Bois ( Chemin d,48.64947,2.26986,Nuit avec éclairage allumé,En agglomération,Hors intersection,Normale,Autre collision,,,,,,,,,,,5,2,1,1,6.0
201600036551,0016-12-23 11:58:00,16,12,23,11,58,910,103,MAISON NEUVE (AVENUE DE,48.58741,2.30012,Plein jour,En agglomération,Hors intersection,Normale,Autre collision,,,,,,,,,,,1,2,1,1,6.0
201600036552,0016-10-20 02:00:00,16,10,20,2,0,910,479,"21, FONTAINEBLEAU (ROUTE",48.70854,2.37137,Nuit avec éclairage allumé,En agglomération,Intersection en X,Normale,Deux véhicules - arrière,,,,,,,,,,,5,2,2,1,2.0
201600036553,0016-10-14 18:05:00,16,10,14,18,5,910,27,REPUBLIQUE (AVENUE DE LA,48.71021,2.38901,Crépuscule ou aube,En agglomération,Intersection en X,Pluie légère,Deux véhicules - côté,,,,,,,,,,,2,2,2,2,3.0
201600036554,0016-10-30 14:50:00,16,10,30,14,50,910,479,FONTAINEBLEAU (ROUTE DE),48.71017,2.38893,Plein jour,En agglomération,Intersection en X,Normale,Deux véhicules - côté,,,,,,,,,,,1,2,2,1,3.0
201600036555,0016-07-10 19:20:00,16,7,10,19,20,910,27,MITTERAND (AVENUE FRANCO,48.71606,2.37106,Plein jour,En agglomération,Intersection en X,Normale,Deux véhicules - côté,,,,,,,,,,,1,2,2,1,3.0
201600036556,0016-09-29 07:35:00,16,9,29,7,35,910,27,"162, FRANCOIS MITTERRAND",48.70966,2.37147,Nuit avec éclairage allumé,En agglomération,Hors intersection,Normale,Deux véhicules - arrière,,,,,,,,,,,5,2,1,1,2.0
201600036557,0016-12-11 20:30:00,16,12,11,20,30,910,27,"61, MARCEL SEMBAT (AVENU",48.70795,2.3796,Nuit avec éclairage allumé,En agglomération,Hors intersection,Normale,Autre collision,,,,,,,,,,,5,2,1,1,6.0
201600036558,0016-10-09 00:15:00,16,10,9,0,15,910,114,RN6,48.6797,2.49477,Nuit avec éclairage allumé,En agglomération,Hors intersection,Normale,Deux véhicules - arrière,,,,,,,,,,,5,2,1,1,2.0
201600036559,0016-01-08 15:35:00,16,1,8,15,35,910,514,"78, JEAN JAURES (DU Nø52",48.6725,2.53111,Plein jour,En agglomération,Intersection en X,Normale,Deux véhicules - côté,,,,,,,,,,,1,2,2,1,3.0