accident_id,datetime,annee,mois,jour,heure,minute,departement,commune_insee,adresse,latitude,longitude,luminosite,agglomeration,intersection,meteo,collision,nb_vehicules,nb_usagers,nb_indemnes,nb_tues,nb_blesses_hosp,nb_blesses_legers,age_cond_1,age_cond_2,veh_type_cond_1,veh_type_cond_2,lum_code,agg_code,int_code,atm_code,col_code
201600036927,0016-04-26 17:10:00,16,4,26,17,10,910,421,NATIONALE 6 (PARTIE FORE,48.6898,2.46584,Plein jour,Hors agglomération,Hors intersection,Pluie légère,Trois véhicules et plus - collisions multiples,,,,,,,,,,,1,1,1,2,5.0
201600036928,0016-04-28 22:00:00,16,4,28,22,0,910,421,NATIONALE 6 (CES POMPIDO,48.69363,2.44826,Nuit sans éclairage public,Hors agglomération,Hors intersection,Normale,Deux véhicules - arrière,,,,,,,,,,,3,1,1,1,2.0
201600036929,0016-04-21 19:10:00,16,4,21,19,10,910,421,CORBEIL (ROUTE DE),48.7073,2.44097,Plein jour,En agglomération,Intersection en T,Normale,Deux véhicules - côté,,,,,,,,,,,1,2,3,1,3.0
201600036930,0016-05-04 18:30:00,16,5,4,18,30,910,691,RESISTANCE(AVENUE),48.68952,2.48186,Plein jour,En agglomération,Hors intersection,Normale,Deux véhicules - arrière,,,,,,,,,,,1,2,1,1,2.0
201600036931,0016-04-03 11:30:00,16,4,3,11,30,910,421,MAURICE GARIN (PISTE CYC,48.43098,2.2629,Plein jour,En agglomération,Giratoire,Normale,Deux véhicules - arrière,,,,,,,,,,,1,2,6,1,2.0
201600036932,0016-04-06 01:20:00,16,4,6,1,20,910,421,NATIONALE 6 (GLACIERE),48.42354,2.26299,Nuit avec éclairage non allumé,Hors agglomération,Hors intersection,Normale,Autre collision,,,,,,,,,,,4,1,1,1,6.0
201600036933,0016-05-06 20:00:00,16,5,6,20,0,910,691,"64, RENE COTY(RUE)",48.71805,2.495,Crépuscule ou aube,En agglomération,Hors intersection,Normale,Deux véhicules - arrière,,,,,,,,,,,2,2,1,1,2.0
201600036934,0016-05-09 16:05:00,16,5,9,16,5,910,191,GLACIERE (RUE DE LA),48.71484,2.46326,Plein jour,En agglomération,Hors intersection,Normale,Autre collision,,,,,,,,,,,1,2,1,1,6.0
201600036935,0016-05-16 17:20:00,16,5,16,17,20,910,691,RESISTANCE(AVENUE),48.69348,2.47777,Plein jour,En agglomération,Intersection en T,Normale,Deux véhicules - côté,,,,,,,,,,,1,2,3,1,3.0
201600036936,0016-05-27 17:20:00,16,5,27,17,20,910,421,RAYMOND PAUMIER (RUE),48.70421,2.44678,Plein jour,En agglomération,Hors intersection,Normale,Autre collision,,,,,,,,,,,1,2,1,1,6.0
201600036937,0016-06-03 10:10:00,16,6,3,10,10,910,421,NATIONALE 6 (PARTIE FORE,48.6934,2.44842,Plein jour,Hors agglomération,Hors intersection,Normale,Trois véhicules et plus - en chaîne,,,,,,,,,,,1,1,1,1,4.0
201600036938,0016-06-03 11:05:00,16,6,3,11,5,910,421,"114, JEAN JAURES (AVENUE",48.71216,2.44957,Plein jour,En agglomération,Hors intersection,Pluie légère,Trois véhicules et plus - en chaîne,,,,,,,,,,,1,2,1,2,4.0
201600036939,0016-06-13 13:20:00,16,6,13,13,20,910,421,ALOUETTES (RUE DES),48.70472,2.47159,Plein jour,En agglomération,Intersection en Y,Normale,Deux véhicules - côté,,,,,,,,,,,1,2,4,1,3.0
201600036940,0016-06-18 01:15:00,16,6,18,1,15,910,421,NATIONALE 6 (PARTIE FORE,48.68942,2.4763,Nuit sans éclairage public,Hors agglomération,Hors intersection,Normale,Deux véhicules - arrière,,,,,,,,,,,3,1,1,1,2.0
201600036941,0016-06-18 19:30:00,16,6,18,19,30,910,421,NATIONALE 6 (CES POMP,48.69487,2.4468,Plein jour,Hors agglomération,Hors intersection,Normale,Autre collision,,,,,,,,,,,1,1,1,1,6.0
201600036942,0016-06-22 04:25:00,16,6,22,4,25,910,421,NATIONALE 6 (PARTIE FORE,48.68957,2.46872,Plein jour,Hors agglomération,Hors intersection,Normale,Deux véhicules - arrière,,,,,,,,,,,1,1,1,1,2.0
201600036943,0016-07-03 14:50:00,16,7,3,14,50,910,691,GOURGAUD(AVENUE),48.73002,2.49952,Plein jour,En agglomération,Giratoire,Normale,Deux véhicules - arrière,,,,,,,,,,,1,2,6,1,2.0
201600036944,0016-07-08 00:05:00,16,7,8,0,5,910,421,"82, REPUBLIQUE (AVENUE D",48.70586,2.45745,Nuit avec éclairage allumé,En agglomération,Hors intersection,Normale,Trois véhicules et plus - en chaîne,,,,,,,,,,,5,2,1,1,4.0
201600036945,0016-05-20 19:45:00,16,5,20,19,45,910,421,NATIONALE 6 (PARTIE FORE,48.68805,2.48305,Plein jour,Hors agglomération,Hors intersection,Normale,Deux véhicules - arrière,,,,,,,,,,,1,1,1,1,2.0
201600036946,0016-06-17 22:25:00,16,6,17,22,25,910,691,ROYALE(RUE),48.72207,2.50126,Nuit avec éclairage allumé,En agglomération,Intersection en X,Normale,Deux véhicules - côté,,,,,,,,,,,5,2,2,1,3.0
201600036947,0016-07-22 05:40:00,16,7,22,5,40,910,421,NATIONALE 6 (PARTIE FORE,48.68379,2.48953,Crépuscule ou aube,En agglomération,Hors intersection,Normale,Autre collision,,,,,,,,,,,2,2,1,1,6.0
201600036948,0016-07-22 18:40:00,16,7,22,18,40,910,691,MARECHAL JUIN(RUE),48.71077,2.48848,Plein jour,En agglomération,Giratoire,Normale,Autre collision,,,,,,,,,,,1,2,6,1,6.0
201600036949,0016-07-24 17:00:00,16,7,24,17,0,910,421,CORBEIL (ROUTE DE),48.71192,2.44369,Plein jour,En agglomération,Giratoire,Normale,Autre collision,,,,,,,,,,,1,2,6,1,6.0
201600036950,0016-08-01 09:25:00,16,8,1,9,25,910,421,REPUBLIQUE (AVENUE DE,48.70381,2.46113,Plein jour,En agglomération,Hors intersection,Normale,Autre collision,,,,,,,,,,,1,2,1,1,6.0
201600036951,0016-08-04 23:00:00,16,8,4,23,0,910,691,"4, CAMBRELANG(RUE)",48.71692,2.49021,Nuit avec éclairage allumé,En agglomération,Hors intersection,Normale,Autre collision,,,,,,,,,,,5,2,1,1,6.0
201600036952,0016-05-21 17:00:00,16,5,21,17,0,910,421,MAINVILLE (RUE DE),48.70222,2.45361,Plein jour,En agglomération,Hors intersection,Normale,Deux véhicules - frontale,,,,,,,,,,,1,2,1,1,1.0
201600036953,0016-05-22 06:10:00,16,5,22,6,10,910,421,NATIONALE 6 (PARTIE FORE,48.68928,2.47761,Nuit avec éclairage allumé,Hors agglomération,Hors intersection,Normale,Deux véhicules - arrière,,,,,,,,,,,5,1,1,1,2.0
201600036954,0016-05-26 09:30:00,16,5,26,9,30,910,421,MARECHAL FOCH (AVENUE,48.70972,2.46388,Plein jour,En agglomération,Hors intersection,Normale,Sans collision,,,,,,,,,,,1,2,1,1,7.0
201600036955,0016-06-19 19:00:00,16,6,19,19,0,910,421,JEAN JAURES (AVENUE),48.71192,2.44996,Plein jour,En agglomération,Intersection en X,Normale,Autre collision,,,,,,,,,,,1,2,2,1,6.0
201600036956,0016-07-09 17:15:00,16,7,9,17,15,910,421,REPUBLIQUE (AVENUE DE LA,48.69898,2.46978,Plein jour,En agglomération,Intersection en T,Normale,Deux véhicules - côté,,,,,,,,,,,1,2,3,1,3.0
201600036957,0016-08-26 16:05:00,16,8,26,16,5,910,421,"10, CORBEIL (ROUTE DE)",48.71015,2.44179,Plein jour,En agglomération,Intersection à plus de 4 branches,Normale,Trois véhicules et plus - en chaîne,,,,,,,,,,,1,2,5,1,4.0
201600036958,0016-08-10 13:30:00,16,8,10,13,30,910,421,RAYMOND PAUMIER (RUE),48.70424,2.44831,Plein jour,En agglomération,Intersection en T,Normale,Deux véhicules - côté,,,,,,,,,,,1,2,3,1,3.0
201600036959,0016-08-28 10:50:00,16,8,28,10,50,910,421,NATIONALE 6 (GLACIERE),48.70405,2.44368,Plein jour,En agglomération,Hors intersection,Normale,Deux véhicules - arrière,,,,,,,,,,,1,2,1,1,2.0
201600036960,0016-09-03 11:50:00,16,9,3,11,50,910,691,RD 94,48.70611,2.49611,Plein jour,En agglomération,Hors intersection,Normale,Deux véhicules - arrière,,,,,,,,,,,1,2,1,1,2.0
201600036961,0016-09-05 08:10:00,16,9,5,8,10,910,691,PIERRE BROSSOLETTE(RUE),48.70083,2.485,Plein jour,En agglomération,Hors intersection,Pluie légère,Deux véhicules - frontale,,,,,,,,,,,1,2,1,2,1.0
201600036962,0016-09-06 16:55:00,16,9,6,16,55,910,421,NATIONALE 6 (PARTIE FORE,48.69305,2.47805,Plein jour,Hors agglomération,Hors intersection,Normale,Trois véhicules et plus - collisions multiples,,,,,,,,,,,1,1,1,1,5.0
201600036963,0016-09-07 13:10:00,16,9,7,13,10,910,421,"196, REPUBLIQUE (AVENUE",48.69843,2.47061,Plein jour,En agglomération,Hors intersection,Normale,Deux véhicules - arrière,,,,,,,,,,,1,2,1,1,2.0
201600036964,0016-09-10 17:50:00,16,9,10,17,50,910,691,MARCEAU BAILLIOT (RUE),48.70852,2.49475,Plein jour,En agglomération,Hors intersection,Normale,Deux véhicules - arrière,,,,,,,,,,,1,2,1,1,2.0
201600036965,0016-09-12 16:45:00,16,9,12,16,45,910,691,HENRI BARBUSSE(RUE),48.7111,2.48618,Plein jour,En agglomération,Intersection en X,Normale,Deux véhicules - côté,,,,,,,,,,,1,2,2,1,3.0
201600036966,0016-09-13 11:00:00,16,9,13,11,0,910,691,RESISTANCE(AVENUE),48.69166,2.48,Plein jour,En agglomération,Hors intersection,Normale,Deux véhicules - arrière,,,,,,,,,,,1,2,1,1,2.0
201600036967,0016-09-19 18:05:00,16,9,19,18,5,910,421,GENERAL LELONG (RUE DU),48.70328,2.46703,Plein jour,En agglomération,Giratoire,Normale,Autre collision,,,,,,,,,,,1,2,6,1,6.0
201600036968,0016-09-20 17:15:00,16,9,20,17,15,910,191,"18, Jean Jaures (Avenue)",48.7133,2.46356,Plein jour,En agglomération,Hors intersection,Normale,Autre collision,,,,,,,,,,,1,2,1,1,6.0
201600036969,0016-09-20 21:40:00,16,9,20,21,40,910,421,NATIONALE 6 (PARTIE FORE,48.69006,2.46235,Nuit sans éclairage public,Hors agglomération,Hors intersection,Normale,Deux véhicules - arrière,,,,,,,,,,,3,1,1,1,2.0
201600036970,0016-09-22 08:10:00,16,9,22,8,10,910,691,"19, MARECHAL JUIN (RUE)",48.71077,2.48848,Plein jour,En agglomération,Giratoire,Normale,Autre collision,,,,,,,,,,,1,2,6,1,6.0
201600036971,0016-09-28 12:45:00,16,9,28,12,45,910,191,François Miterrand (Aven,48.72247,2.46658,Plein jour,En agglomération,Hors intersection,Normale,Autre collision,,,,,,,,,,,1,2,1,1,6.0
201600036972,0016-09-30 21:55:00,16,9,30,21,55,910,421,"40, RAYMOND POMIER (RUE)",48.70328,2.4412,Nuit avec éclairage allumé,En agglomération,Hors intersection,Pluie légère,Autre collision,,,,,,,,,,,5,2,1,2,6.0
201600036973,0016-08-30 07:30:00,16,8,30,7,30,910,691,"55, PETIT BOUTS(RUE)",48.70519,2.48243,Plein jour,En agglomération,Hors intersection,Normale,Autre collision,,,,,,,,,,,1,2,1,1,6.0
201600036974,0016-10-14 19:00:00,16,10,14,19,0,910,421,PIERRE BROSSOLETTE (RUE),48.70316,2.44002,Crépuscule ou aube,En agglomération,Giratoire,Pluie légère,Deux véhicules - côté,,,,,,,,,,,2,2,6,2,3.0
201600036975,0016-10-31 15:20:00,16,10,31,15,20,910,421,NATIONALE 6 (REVEIL MATI,48.7185,2.4429,Plein jour,Hors agglomération,Hors intersection,Normale,Deux véhicules - arrière,,,,,,,,,,,1,1,1,1,2.0
201600036976,0016-10-31 20:15:00,16,10,31,20,15,910,421,"5, ANCOLIES (ALLEE DES)",48.70265,2.44019,Nuit avec éclairage allumé,En agglomération,Hors intersection,Normale,Autre collision,,,,,,,,,,,5,2,1,1,6.0
201600036977,0016-11-06 16:00:00,16,11,6,16,0,910,421,NATIONALE 6 (GLACIERE,48.6983,2.44428,Plein jour,Hors agglomération,Hors intersection,Normale,Deux véhicules - arrière,,,,,,,,,,,1,1,1,1,2.0
201600036978,0016-11-16 09:00:00,16,11,16,9,0,910,691,GOURGAUD(AVENUE),48.73183,2.50872,Plein jour,Hors agglomération,Hors intersection,Normale,Deux véhicules - côté,,,,,,,,,,,1,1,1,1,3.0
201600036979,0016-11-24 13:35:00,16,11,24,13,35,910,691,PAUL DOUMER(RUE),48.71743,2.51058,Plein jour,En agglomération,Intersection en T,Normale,Deux véhicules - côté,,,,,,,,,,,1,2,3,1,3.0
201600036980,0016-11-26 07:20:00,16,11,26,7,20,910,421,REPUBLIQUE (AVENUE DE LA,48.70703,2.45542,Plein jour,En agglomération,Hors intersection,Normale,Trois véhicules et plus - en chaîne,,,,,,,,,,,1,2,1,1,4.0
201600036981,0016-11-30 13:10:00,16,11,30,13,10,910,691,MARC SANGNIER (RUE),48.71515,2.49001,Plein jour,En agglomération,Hors intersection,Normale,Autre collision,,,,,,,,,,,1,2,1,1,6.0
201600036982,0016-10-15 08:00:00,16,10,15,8,0,910,691,GRANGE(AVENUE),48.72118,2.49764,Plein jour,En agglomération,Intersection en T,Normale,Deux véhicules - côté,,,,,,,,,,,1,2,3,1,3.0
201600036983,0016-12-06 15:20:00,16,12,6,15,20,910,691,"45, GABRIEL PERI(RUE) DU",48.70867,2.48841,Plein jour,En agglomération,Hors intersection,Normale,Autre collision,,,,,,,,,,,1,2,1,1,6.0
201600036984,0016-12-07 09:55:00,16,12,7,9,55,910,421,RN6 (PARTIE FORET),48.69039,2.45823,Plein jour,Hors agglomération,Hors intersection,Normale,Deux véhicules - arrière,,,,,,,,,,,1,1,1,1,2.0
201600036985,0016-12-07 07:55:00,16,12,7,7,55,910,421,RAYMOND POMIER (RUE),48.70418,2.44686,Plein jour,En agglomération,Hors intersection,Normale,Deux véhicules - arrière,,,,,,,,,,,1,2,1,1,2.0
201600036986,0016-12-08 18:05:00,16,12,8,18,5,910,691,PIERRE BROSSOLETTE(RUE),48.70088,2.48399,Crépuscule ou aube,En agglomération,Hors intersection,Normale,Deux véhicules - côté,,,,,,,,,,,2,2,1,1,3.0
201600036987,0016-12-12 08:25:00,16,12,12,8,25,910,421,"2, CORBEIL (ROUTE DE)",48.71555,2.44321,Crépuscule ou aube,En agglomération,Hors intersection,Pluie légère,Autre collision,,,,,,,,,,,2,2,1,2,6.0
201600036988,0016-11-12 18:30:00,16,11,12,18,30,910,421,ZA MAURICE GARIN,48.71949,2.44196,Plein jour,Hors agglomération,Giratoire,Normale,Deux véhicules - côté,,,,,,,,,,,1,1,6,1,3.0
201600036989,0016-12-17 05:25:00,16,12,17,5,25,910,421,NATIONALE 6 (GLACIERE),48.71708,2.44269,Nuit avec éclairage allumé,Hors agglomération,Hors intersection,Normale,Deux véhicules - arrière,,,,,,,,,,,5,1,1,1,2.0
201600036990,0016-01-09 12:40:00,16,1,9,12,40,910,692,OCEANIE (AVENUE DE L'),48.67638,2.19385,Plein jour,Hors agglomération,Giratoire,Temps couvert,Deux véhicules - côté,,,,,,,,,,,1,1,6,8,3.0
201600036991,0016-01-10 10:00:00,16,1,10,10,0,910,692,BOURGOGNE (AVENUE DE),48.68325,2.17514,Plein jour,En agglomération,Intersection en T,Temps couvert,Deux véhicules - côté,,,,,,,,,,,1,2,3,8,3.0
201600036992,0016-01-06 06:00:00,16,1,6,6,0,910,477,COSMONAUTES (AVENUE DES),48.71424,2.2583,Nuit avec éclairage allumé,En agglomération,Intersection en X,Pluie légère,Deux véhicules - côté,,,,,,,,,,,5,2,2,2,3.0
201600036993,0016-01-13 14:30:00,16,1,13,14,30,910,477,SABLIERE (RUE DE LA),48.72592,2.22451,Plein jour,En agglomération,Intersection en X,Normale,Deux véhicules - frontale,,,,,,,,,,,1,2,2,1,1.0
201600036994,0016-01-26 14:00:00,16,1,26,14,0,910,692,RD35,48.67509,2.18189,Plein jour,Hors agglomération,Hors intersection,Normale,Trois véhicules et plus - en chaîne,,,,,,,,,,,1,1,1,1,4.0
201600036995,0016-02-03 17:22:00,16,2,3,17,22,910,645,"15, REPUBLIQUE (AVENUE D",48.75108,2.27721,Plein jour,En agglomération,Hors intersection,Normale,Deux véhicules - côté,,,,,,,,,,,1,2,1,1,3.0
201600036996,0016-02-24 09:50:00,16,2,24,9,50,910,692,BERRY (AVENUE DU),48.6827,2.16688,Plein jour,En agglomération,Hors intersection,Normale,Autre collision,,,,,,,,,,,1,2,1,1,6.0
201600036997,0016-03-01 15:00:00,16,3,1,15,0,910,477,Sentier de Corbeville,48.71327,2.19217,Plein jour,En agglomération,Intersection en X,Pluie légère,Deux véhicules - côté,,,,,,,,,,,1,2,2,2,3.0
201600036998,0016-03-02 23:25:00,16,3,2,23,25,910,477,"8, HUIT MAI 1945 (AVENUE",48.70988,2.24329,Nuit avec éclairage allumé,En agglomération,Hors intersection,Normale,Autre collision,,,,,,,,,,,5,2,1,1,6.0
201600036999,0016-03-12 12:20:00,16,3,12,12,20,910,363,RD 3,48.66771,2.1968,Plein jour,Hors agglomération,Intersection en Y,Normale,Deux véhicules - arrière,,,,,,,,,,,1,1,4,1,2.0
201600037000,0016-03-15 12:30:00,16,3,15,12,30,910,477,BARBUSSE (RUE HENRI),48.71895,2.26067,Plein jour,En agglomération,Hors intersection,Temps éblouissant,Autre collision,,,,,,,,,,,1,2,1,7,6.0
201600037001,0016-03-27 14:50:00,16,3,27,14,50,910,692,TROPIQUES (AVENUE DES),48.68434,2.1996,Plein jour,En agglomération,Intersection en T,Pluie légère,Deux véhicules - côté,,,,,,,,,,,1,2,3,2,3.0
201600037002,0016-03-30 13:10:00,16,3,30,13,10,910,692,AVENUE DU HOGGAR,48.68529,2.20103,Plein jour,En agglomération,Intersection en T,Pluie légère,Deux véhicules - frontale,,,,,,,,,,,1,2,3,2,1.0
201600037003,0016-04-06 15:50:00,16,4,6,15,50,910,477,SACLAY (ROUTE DE),48.71902,2.22132,Plein jour,Hors agglomération,Hors intersection,Normale,Deux véhicules - côté,,,,,,,,,,,1,1,1,1,3.0
201600037004,0016-04-07 12:30:00,16,4,7,12,30,910,692,"11, AVENUE DU HOGGAR",48.68651,2.20128,Plein jour,En agglomération,Hors intersection,Normale,Autre collision,,,,,,,,,,,1,2,1,1,6.0
201600037005,0016-04-19 16:50:00,16,4,19,16,50,910,64,"24, PETIT BIEVRES (RUE D",48.75242,2.21473,Plein jour,En agglomération,Hors intersection,Normale,Trois véhicules et plus - en chaîne,,,,,,,,,,,1,2,1,1,4.0
201600037006,0016-04-23 14:20:00,16,4,23,14,20,910,471,VERSAILLES (RUE DE),48.71175,2.1835,Plein jour,En agglomération,Hors intersection,Normale,Deux véhicules - frontale,,,,,,,,,,,1,2,1,1,1.0
201600037007,0016-04-26 19:35:00,16,4,26,19,35,910,477,MARECHAUX (BOULEVARD DES,48.7163,2.21833,Plein jour,Hors agglomération,Hors intersection,Pluie légère,Deux véhicules - frontale,,,,,,,,,,,1,1,1,2,1.0
201600037008,0016-04-29 09:40:00,16,4,29,9,40,910,312,VAUHALLAN (ROUTE),48.73709,2.22329,Plein jour,En agglomération,Intersection en X,Normale,Deux véhicules - côté,,,,,,,,,,,1,2,2,1,3.0
201600037009,0016-05-05 22:42:00,16,5,5,22,42,910,645,JUIN (BLD MARECHAL),48.7501,2.27208,Nuit avec éclairage allumé,En agglomération,Giratoire,Normale,Deux véhicules - côté,,,,,,,,,,,5,2,6,1,3.0
201600037010,0016-05-08 01:30:00,16,5,8,1,30,910,477,"828, MARECHAUX (BOULEVAR",48.71029,2.21944,Nuit avec éclairage non allumé,En agglomération,Hors intersection,Normale,Autre collision,,,,,,,,,,,4,2,1,1,6.0
201600037011,0016-04-13 16:15:00,16,4,13,16,15,910,122,"134, ROUTE DE CHARTRES",48.69522,2.17181,Plein jour,Hors agglomération,Hors intersection,Pluie légère,Trois véhicules et plus - en chaîne,,,,,,,,,,,1,1,1,2,4.0
201600037012,0016-05-16 11:42:00,16,5,16,11,42,910,471,NICOLAS APPERT (RUE),48.71051,2.17643,Plein jour,Hors agglomération,Intersection en X,Normale,Deux véhicules - côté,,,,,,,,,,,1,1,2,1,3.0
201600037013,0016-05-26 08:10:00,16,5,26,8,10,910,692,OCEANIE (AVENUE DE L'),48.67883,2.19973,Plein jour,Hors agglomération,Hors intersection,Normale,Deux véhicules - arrière,,,,,,,,,,,1,1,1,1,2.0
201600037014,0016-05-31 08:35:00,16,5,31,8,35,910,122,"100, CHARTRES (ROUTE DE)",48.69235,2.16047,Plein jour,En agglomération,Giratoire,Pluie forte,Autre collision,,,,,,,,,,,1,2,6,3,6.0
201600037015,0016-05-31 09:19:00,16,5,31,9,19,910,692,PARANA (AVENUE DU),48.6804,2.19936,Plein jour,Hors agglomération,Hors intersection,Pluie légère,Autre collision,,,,,,,,,,,1,1,1,2,6.0
201600037016,0016-05-31 12:50:00,16,5,31,12,50,910,477,GRANDE CEINTURE (BOUL,48.72259,2.25356,Plein jour,En agglomération,Intersection en X,Pluie légère,Deux véhicules - côté,,,,,,,,,,,1,2,2,2,3.0
201600037017,0016-05-17 10:15:00,16,5,17,10,15,910,471,NICOLAS APPERT (RUE),48.71073,2.1764,Plein jour,En agglomération,Intersection en T,Normale,Deux véhicules - côté,,,,,,,,,,,1,2,3,1,3.0
201600037018,0016-06-04 19:45:00,16,6,4,19,45,910,692,RD35,48.6744,2.1775,Plein jour,Hors agglomération,Autre intersection,Normale,Deux véhicules - côté,,,,,,,,,,,1,1,9,1,3.0
201600037019,0016-05-26 16:07:00,16,5,26,16,7,910,477,MAURICE BERTEAUX (RUE),48.71855,2.24181,Plein jour,En agglomération,Hors intersection,Normale,Deux véhicules - frontale,,,,,,,,,,,1,2,1,1,1.0
201600037020,0016-06-12 20:20:00,16,6,12,20,20,910,692,OCEANIE (AVENUE DE L'),48.67883,2.19973,Plein jour,Hors agglomération,Giratoire,Normale,Autre collision,,,,,,,,,,,1,1,6,1,6.0
201600037021,0016-06-14 12:30:00,16,6,14,12,30,910,477,"4, PREMIER MAI (AVENUE D",48.7134,2.25752,Plein jour,En agglomération,Hors intersection,Normale,Deux véhicules - côté,,,,,,,,,,,1,2,1,1,3.0
201600037022,0016-06-25 22:30:00,16,6,25,22,30,910,477,"4, GENERAL DE GAULLE (AV",48.71457,2.24897,Nuit avec éclairage allumé,En agglomération,Hors intersection,Normale,Autre collision,,,,,,,,,,,5,2,1,1,6.0
201600037023,0016-06-29 16:00:00,16,6,29,16,0,910,471,"45, MONTJAY (AVENUE DE)",48.68551,2.18466,Plein jour,En agglomération,Hors intersection,Normale,Deux véhicules - côté,,,,,,,,,,,1,2,1,1,3.0
201600037024,0016-07-22 18:30:00,16,7,22,18,30,910,692,RD35,48.67521,2.18726,Plein jour,Hors agglomération,Hors intersection,Normale,Trois véhicules et plus - en chaîne,,,,,,,,,,,1,1,1,1,4.0
201600037025,0016-07-26 10:00:00,16,7,26,10,0,910,477,"18, STALINGRAD (AVENUE D",48.71702,2.25214,Plein jour,En agglomération,Intersection en T,Normale,Deux véhicules - côté,,,,,,,,,,,1,2,3,1,3.0
201600037026,0016-07-27 09:00:00,16,7,27,9,0,910,645,PARON (RUE DE),48.74723,2.26562,Plein jour,En agglomération,Intersection en T,Normale,Autre collision,,,,,,,,,,,1,2,3,1,6.0
201600037027,0016-07-27 07:50:00,16,7,27,7,50,910,645,MARECHAL FOCH (BOULEV,48.74423,2.26683,Plein jour,En agglomération,Giratoire,Normale,Deux véhicules - côté,,,,,,,,,,,1,2,6,1,3.0
201600037028,0016-07-07 19:25:00,16,7,7,19,25,910,692,"17, BERRY (AVENUE DU)",48.68279,2.16571,Plein jour,En agglomération,Hors intersection,Normale,Autre collision,,,,,,,,,,,1,2,1,1,6.0
201600037029,0016-07-08 16:45:00,16,7,8,16,45,910,477,"80, GUTEMBERG (RUE)",48.70841,2.25633,Plein jour,En agglomération,Hors intersection,Normale,Deux véhicules - côté,,,,,,,,,,,1,2,1,1,3.0
201600037030,0016-09-04 13:13:00,16,9,4,13,13,910,692,AUBRAC (AVENUE DE L'),48.67778,2.17099,Plein jour,En agglomération,Hors intersection,Pluie légère,Deux véhicules - côté,,,,,,,,,,,1,2,1,2,3.0
201600037031,0016-09-04 20:55:00,16,9,4,20,55,910,645,CHATENAY (VOIE DE),48.75439,2.26719,Crépuscule ou aube,En agglomération,Intersection en T,Normale,Autre collision,,,,,,,,,,,2,2,3,1,6.0
201600037032,0016-09-15 09:55:00,16,9,15,9,55,910,645,FOCH (BOULEVARD DU MA,48.74219,2.26216,Plein jour,En agglomération,Intersection en T,Pluie légère,Deux véhicules - côté,,,,,,,,,,,1,2,3,2,3.0
201600037033,0016-09-22 13:15:00,16,9,22,13,15,910,692,"06 ter, TROPIQUES (AVENU",48.68443,2.19743,Plein jour,En agglomération,Hors intersection,Normale,Autre collision,,,,,,,,,,,1,2,1,1,6.0
201600037034,0016-09-23 21:50:00,16,9,23,21,50,910,312,JEAN JAURES (AVENUE),48.73663,2.23643,Nuit avec éclairage non allumé,En agglomération,Giratoire,Normale,Autre collision,,,,,,,,,,,4,2,6,1,6.0
201600037035,0016-09-28 13:10:00,16,9,28,13,10,910,645,MARECHAL FOCH (BOULEV,48.74259,2.26309,Plein jour,En agglomération,Intersection en X,Normale,Autre collision,,,,,,,,,,,1,2,2,1,6.0
201600037036,0016-10-04 10:00:00,16,10,4,10,0,910,692,OCEANIE (AVENUE DE L'),48.67871,2.19957,Plein jour,Hors agglomération,Hors intersection,Normale,Deux véhicules - côté,,,,,,,,,,,1,1,1,1,3.0
201600037037,0016-10-05 18:30:00,16,10,5,18,30,910,477,GASPARD MONGE (bd),48.71492,2.19766,Plein jour,Hors agglomération,Hors intersection,Normale,Deux véhicules - côté,,,,,,,,,,,1,1,1,1,3.0
201600037038,0016-10-08 22:55:00,16,10,8,22,55,910,692,RN 446,48.67915,2.191,Nuit avec éclairage allumé,En agglomération,Hors intersection,Normale,Autre collision,,,,,,,,,,,5,2,1,1,6.0
201600037039,0016-10-10 18:55:00,16,10,10,18,55,910,64,"14, GARE (AVENUE DE LA)",48.75173,2.2161,Plein jour,En agglomération,Intersection en T,Pluie légère,Deux véhicules - arrière,,,,,,,,,,,1,2,3,2,2.0
201600037040,0016-10-13 07:06:00,16,10,13,7,6,910,312,"86, VILGENIS (RUE)",48.73458,2.23898,Crépuscule ou aube,En agglomération,Hors intersection,Normale,Deux véhicules - côté,,,,,,,,,,,2,2,1,1,3.0
201600037041,0016-09-07 10:15:00,16,9,7,10,15,910,477,HUIT MAI 1945 (AVENUE DU,48.71047,2.2439,Plein jour,En agglomération,Hors intersection,Normale,Deux véhicules - côté,,,,,,,,,,,1,2,1,1,3.0
201600037042,0016-10-14 11:07:00,16,10,14,11,7,910,477,PALAISEAU (BOULEVARD DE),48.70575,2.21947,Plein jour,En agglomération,Hors intersection,Normale,Deux véhicules - côté,,,,,,,,,,,1,2,1,1,3.0
201600037043,0016-10-18 07:55:00,16,10,18,7,55,910,477,"10, PREMIER MAI (AVENUE",48.71135,2.2569,Plein jour,En agglomération,Hors intersection,Normale,Trois véhicules et plus - en chaîne,,,,,,,,,,,1,2,1,1,4.0
201600037044,0016-10-22 18:00:00,16,10,22,18,0,910,122,"29, PRE LAUNAY (DOMAINE",48.68844,2.15315,Plein jour,En agglomération,Hors intersection,Normale,Deux véhicules - côté,,,,,,,,,,,1,2,1,1,3.0
201600037045,0016-10-27 16:45:00,16,10,27,16,45,910,692,RD446,48.67863,2.19123,Plein jour,En agglomération,Intersection en T,Normale,Deux véhicules - arrière,,,,,,,,,,,1,2,3,1,2.0
201600037046,0016-10-30 15:09:00,16,10,30,15,9,910,477,"201, PARIS (RUE DE)",48.7104,2.24168,Plein jour,En agglomération,Intersection en X,Normale,Deux véhicules - côté,,,,,,,,,,,1,2,2,1,3.0