accident_id,datetime,annee,mois,jour,heure,minute,departement,commune_insee,adresse,latitude,longitude,luminosite,agglomeration,intersection,meteo,collision,nb_vehicules,nb_usagers,nb_indemnes,nb_tues,nb_blesses_hosp,nb_blesses_legers,age_cond_1,age_cond_2,veh_type_cond_1,veh_type_cond_2,lum_code,agg_code,int_code,atm_code,col_code
201600037047,0016-10-30 17:58:00,16,10,30,17,58,910,477,GUTENBERG (RUE),48.70974,2.25419,Nuit avec éclairage allumé,En agglomération,Hors intersection,Normale,Deux véhicules - arrière,,,,,,,,,,,5,2,1,1,2.0
201600037048,0016-10-31 11:55:00,16,10,31,11,55,910,692,CENTRE COMMERCIAL ULI,48.67549,2.17106,Plein jour,En agglomération,Hors intersection,Normale,Autre collision,,,,,,,,,,,1,2,1,1,6.0
201600037049,0016-11-01 03:20:00,16,11,1,3,20,910,312,VAUHALLAN (ROUTE),48.73717,2.22426,Nuit avec éclairage allumé,En agglomération,Hors intersection,Normale,Autre collision,,,,,,,,,,,5,2,1,1,6.0
201600037050,0016-11-07 09:15:00,16,11,7,9,15,910,477,LEON BOURGEOIS (RUE),48.70365,2.23746,Plein jour,En agglomération,Hors intersection,Pluie légère,Autre collision,,,,,,,,,,,1,2,1,2,6.0
201600037051,0016-11-13 17:40:00,16,11,13,17,40,910,122,TILLEULS (AVENUE DES),48.69575,2.15466,Nuit avec éclairage allumé,En agglomération,Intersection en Y,Temps couvert,Autre collision,,,,,,,,,,,5,2,4,8,6.0
201600037052,0016-11-17 14:37:00,16,11,17,14,37,910,477,GUTENBERG (RUE),48.70949,2.25448,Plein jour,En agglomération,Hors intersection,Normale,Deux véhicules - arrière,,,,,,,,,,,1,2,1,1,2.0
201600037053,0016-11-18 12:50:00,16,11,18,12,50,910,477,PARIS (RUE DE),48.71808,2.24995,Plein jour,En agglomération,Intersection en X,Normale,Deux véhicules - frontale,,,,,,,,,,,1,2,2,1,1.0
201600037054,0016-11-22 13:58:00,16,11,22,13,58,910,477,SACLAY (ROUTE DE),48.71861,2.23116,Plein jour,En agglomération,Hors intersection,Normale,Autre collision,,,,,,,,,,,1,2,1,1,6.0
201600037055,0016-11-25 16:50:00,16,11,25,16,50,910,692,BOURGOGNE (AVENUE DE),48.6834,2.17481,Crépuscule ou aube,En agglomération,Hors intersection,Normale,Autre collision,,,,,,,,,,,2,2,1,1,6.0
201600037056,0016-11-28 18:40:00,16,11,28,18,40,910,645,GEORGES POMPIDOU (AVENUE,48.7513,2.27778,Crépuscule ou aube,En agglomération,Hors intersection,Normale,Trois véhicules et plus - collisions multiples,,,,,,,,,,,2,2,1,1,5.0
201600037057,0016-11-30 11:36:00,16,11,30,11,36,910,645,carrefour DE L EUROPE,48.7521,2.27242,Plein jour,En agglomération,Giratoire,Normale,Deux véhicules - arrière,,,,,,,,,,,1,2,6,1,2.0
201600037058,0016-12-06 08:50:00,16,12,6,8,50,910,692,"10, TROPIQUES (AVENUE DE",48.68426,2.20086,Plein jour,En agglomération,Intersection en X,Normale,Deux véhicules - arrière,,,,,,,,,,,1,2,2,1,2.0
201600037059,0016-12-08 18:33:00,16,12,8,18,33,910,122,CHARTRES (ROUTE DE),48.69139,2.15875,Nuit avec éclairage allumé,En agglomération,Hors intersection,Normale,Deux véhicules - arrière,,,,,,,,,,,5,2,1,1,2.0
201600037060,0016-12-13 12:15:00,16,12,13,12,15,910,645,PORCHERETS (RUE DES),48.75025,2.26586,Plein jour,Hors agglomération,Hors intersection,Normale,Deux véhicules - arrière,,,,,,,,,,,1,1,1,1,2.0
201600037061,0016-12-17 20:30:00,16,12,17,20,30,910,477,VOLTAIRE (RUE),48.71293,2.24094,Nuit avec éclairage allumé,En agglomération,Hors intersection,Normale,Sans collision,,,,,,,,,,,5,2,1,1,7.0
201600037062,0016-10-25 20:05:00,16,10,25,20,5,910,477,GUTENBERG (RUE),48.71112,2.24775,Nuit avec éclairage allumé,En agglomération,Intersection en X,Normale,Deux véhicules - côté,,,,,,,,,,,5,2,2,1,3.0
201600037063,0016-01-16 17:45:00,16,1,16,17,45,910,549,LEO LAGRANGE (RUE),48.63456,2.34377,Plein jour,En agglomération,Intersection en X,Normale,Deux véhicules - frontale,,,,,,,,,,,1,2,2,1,1.0
201600037064,0016-02-10 08:55:00,16,2,10,8,55,910,570,BOELE (ROUTE),48.62906,2.29712,Plein jour,Hors agglomération,Intersection en T,Vent fort / tempête,Deux véhicules - côté,,,,,,,,,,,1,1,3,6,3.0
201600037065,0016-02-11 13:10:00,16,2,11,13,10,910,549,RD 117,48.64356,2.33429,Plein jour,En agglomération,Hors intersection,Normale,Deux véhicules - arrière,,,,,,,,,,,1,2,1,1,2.0
201600037066,0016-03-21 14:15:00,16,3,21,14,15,910,549,CONCORDE (RUE DE LA),48.64835,2.33073,Plein jour,En agglomération,Intersection en X,Normale,Deux véhicules - côté,,,,,,,,,,,1,2,2,1,3.0
201600037067,0016-03-30 21:30:00,16,3,30,21,30,910,570,SAINT SAENS (RUE),48.63522,2.32036,Nuit avec éclairage allumé,En agglomération,Hors intersection,Pluie légère,Autre collision,,,,,,,,,,,5,2,1,2,6.0
201600037068,0016-04-21 18:15:00,16,4,21,18,15,910,667,"09, CORBEIL (ROUTE)",48.66574,2.33746,Plein jour,En agglomération,Hors intersection,Normale,Deux véhicules - côté,,,,,,,,,,,1,2,1,1,3.0
201600037069,0016-05-12 19:20:00,16,5,12,19,20,910,549,MARE AU CHANVRE (RUE DE,48.62956,2.34029,Plein jour,En agglomération,Giratoire,Pluie légère,Deux véhicules - côté,,,,,,,,,,,1,2,6,2,3.0
201600037070,0016-05-16 10:00:00,16,5,16,10,0,910,549,"08, HOCHE (RUE)",48.6458,2.32702,Plein jour,En agglomération,Intersection en X,Normale,Deux véhicules - côté,,,,,,,,,,,1,2,2,1,3.0
201600037071,0016-05-18 19:05:00,16,5,18,19,5,910,549,"1, VICTOR HUGO (AVENUE)",48.64923,2.33123,Plein jour,En agglomération,Intersection en X,Pluie légère,Deux véhicules - côté,,,,,,,,,,,1,2,2,2,3.0
201600037072,0016-06-11 06:30:00,16,6,11,6,30,910,549,RD PT RD 117,48.64485,2.33477,Plein jour,En agglomération,Hors intersection,Pluie légère,Autre collision,,,,,,,,,,,1,2,1,2,6.0
201600037073,0016-06-14 16:25:00,16,6,14,16,25,910,667,"1, CORBEIL (ROUTE)",48.66163,2.34097,Plein jour,En agglomération,Giratoire,Normale,Trois véhicules et plus - collisions multiples,,,,,,,,,,,1,2,6,1,5.0
201600037074,0016-07-07 23:40:00,16,7,7,23,40,910,549,GABRIEL PERI (AVENUE),48.64888,2.32137,Nuit avec éclairage allumé,En agglomération,Hors intersection,Normale,Trois véhicules et plus - collisions multiples,,,,,,,,,,,5,2,1,1,5.0
201600037075,0016-07-10 17:25:00,16,7,10,17,25,910,216,PARC (RUE),48.675,2.31847,Plein jour,En agglomération,Intersection en X,Normale,Deux véhicules - côté,,,,,,,,,,,1,2,2,1,3.0
201600037076,0016-09-20 11:20:00,16,9,20,11,20,910,549,"1, MARE AU CHANVRE (RUE",48.62941,2.34025,Plein jour,En agglomération,Hors intersection,Normale,Trois véhicules et plus - collisions multiples,,,,,,,,,,,1,2,1,1,5.0
201600037077,0016-09-27 09:50:00,16,9,27,9,50,910,549,CORBEIL (ROUTE DE),48.63742,2.33293,Plein jour,En agglomération,Giratoire,Normale,Autre collision,,,,,,,,,,,1,2,6,1,6.0
201600037078,0016-10-06 19:10:00,16,10,6,19,10,910,549,"97, CORBEIL (ROUTE DE)",48.64154,2.33355,Plein jour,En agglomération,Hors intersection,Normale,Trois véhicules et plus - collisions multiples,,,,,,,,,,,1,2,1,1,5.0
201600037079,0016-11-03 19:30:00,16,11,3,19,30,910,570,"6, BERLIOZ (RUE + PLACE)",48.63609,2.31983,Nuit avec éclairage allumé,En agglomération,Hors intersection,Normale,Autre collision,,,,,,,,,,,5,2,1,1,6.0
201600037080,0016-11-05 13:15:00,16,11,5,13,15,910,549,"1, CROIX BLANCHE (AVENUE",48.62344,2.34366,Plein jour,En agglomération,Hors intersection,Normale,Autre collision,,,,,,,,,,,1,2,1,1,6.0
201600037081,0016-11-09 12:15:00,16,11,9,12,15,910,570,BOOLE (RUE),48.6233,2.31318,Plein jour,En agglomération,Hors intersection,Pluie légère,Deux véhicules - frontale,,,,,,,,,,,1,2,1,2,1.0
201600037082,0016-08-08 04:50:00,16,8,8,4,50,910,685,"37, MEDERIC (RUE PIERRE)",48.6616,2.30795,Nuit avec éclairage allumé,Hors agglomération,Hors intersection,Normale,Autre collision,,,,,,,,,,,5,1,1,1,6.0
201600037083,0016-12-11 10:40:00,16,12,11,10,40,910,549,"33, LIBERTE (AVENUE DE L",48.63736,2.3455,Plein jour,Hors agglomération,Hors intersection,Temps éblouissant,Autre collision,,,,,,,,,,,1,1,1,7,6.0
201600037084,0016-12-12 06:40:00,16,12,12,6,40,910,549,MICHEL BERGER (ALLEE),48.63169,2.33727,Nuit avec éclairage allumé,En agglomération,Intersection en T,Normale,Autre collision,,,,,,,,,,,5,2,3,1,6.0
201600037085,0016-12-16 07:50:00,16,12,16,7,50,910,549,JACQUES DUCLOS (AVENUE),48.6346,2.34435,Crépuscule ou aube,En agglomération,Hors intersection,Normale,Deux véhicules - frontale,,,,,,,,,,,2,2,1,1,1.0
201600037086,0016-12-18 14:49:00,16,12,18,14,49,910,549,LEO LAGRANGE (RUE),48.63711,2.34426,Plein jour,En agglomération,Hors intersection,Normale,Autre collision,,,,,,,,,,,1,2,1,1,6.0
201600037087,0016-12-20 12:09:00,16,12,20,12,9,910,549,"6, LIBERTE (AVENUE DE LA",48.64183,2.34635,Plein jour,En agglomération,Intersection en T,Normale,Autre collision,,,,,,,,,,,1,2,3,1,6.0
201600037088,0016-12-21 17:55:00,16,12,21,17,55,910,570,CONDORCET (AVENUE),48.62278,2.31791,Nuit sans éclairage public,En agglomération,Intersection en T,Normale,Deux véhicules - frontale,,,,,,,,,,,3,2,3,1,1.0
201600037089,0016-12-22 08:25:00,16,12,22,8,25,910,549,LONGPONT (ROUTE DE),48.65685,2.31795,Crépuscule ou aube,En agglomération,Intersection en T,Pluie forte,Deux véhicules - frontale,,,,,,,,,,,2,2,3,3,1.0
201600037090,0016-12-25 12:40:00,16,12,25,12,40,910,570,"10, CHABRIER (RUE)",48.634,2.32483,Plein jour,En agglomération,Hors intersection,Normale,Autre collision,,,,,,,,,,,1,2,1,1,6.0
201600037091,0016-01-24 16:50:00,16,1,24,16,50,910,432,D 118,48.7,2.35,Plein jour,Hors agglomération,Giratoire,Normale,Trois véhicules et plus - en chaîne,,,,,,,,,,,1,1,6,1,4.0
201600037092,0016-02-02 08:10:00,16,2,2,8,10,910,589,DE GAULLE  (AVENUE CHARL,48.7,2.33,Plein jour,En agglomération,Intersection en Y,Normale,Deux véhicules - côté,,,,,,,,,,,1,2,4,1,3.0
201600037093,0016-02-05 00:30:00,16,2,5,0,30,910,589,"11, DE GAULLE (AVENUE CH",48.67675,2.34998,Nuit avec éclairage allumé,En agglomération,Intersection en X,Normale,Deux véhicules - côté,,,,,,,,,,,5,2,2,1,3.0
201600037094,0016-10-12 11:40:00,16,10,12,11,40,910,432,"65, BRIAND (AVENUE ARIST",48.70018,2.32559,Plein jour,En agglomération,Intersection en X,Normale,Deux véhicules - côté,,,,,,,,,,,1,2,2,1,3.0
201600037095,0016-02-20 08:40:00,16,2,20,8,40,910,589,"209, BRIAND (BOULEVARD A",48.68333,2.35,Plein jour,En agglomération,Hors intersection,Normale,Autre collision,,,,,,,,,,,1,2,1,1,6.0
201600037096,0016-12-07 20:15:00,16,12,7,20,15,910,589,DE GAULLE  (AVENUE CHARL,48.70538,2.34616,Nuit avec éclairage allumé,En agglomération,Intersection en X,Normale,Deux véhicules - arrière,,,,,,,,,,,5,2,2,1,2.0
201600037097,0016-12-07 18:20:00,16,12,7,18,20,910,589,GLYCINES (RUE DES),48.68613,2.3404,Nuit avec éclairage allumé,En agglomération,Intersection en X,Normale,Deux véhicules - frontale,,,,,,,,,,,5,2,2,1,1.0
201600037098,0016-12-20 10:45:00,16,12,20,10,45,910,589,"79, DE GAULLE  (AVENUE C",48.68059,2.34292,Plein jour,En agglomération,Hors intersection,Normale,Deux véhicules - côté,,,,,,,,,,,1,2,1,1,3.0
201600037099,0016-12-31 07:40:00,16,12,31,7,40,910,589,"31, CHATEAUBRIAND (RUE)",48.6789,2.35829,Nuit avec éclairage allumé,En agglomération,Hors intersection,Brouillard / fumée,Autre collision,,,,,,,,,,,5,2,1,5,6.0
201600037100,0016-12-21 08:15:00,16,12,21,8,15,910,589,"313, BRIAND (BOULEVARD A",48.69315,2.36507,Nuit avec éclairage allumé,En agglomération,Hors intersection,Normale,Deux véhicules - côté,,,,,,,,,,,5,2,1,1,3.0
201600037101,0016-12-24 08:20:00,16,12,24,8,20,910,589,"04, BRIAND (BOULEVARD AR",48.68089,2.3425,Nuit avec éclairage allumé,En agglomération,Intersection en X,Normale,Deux véhicules - côté,,,,,,,,,,,5,2,2,1,3.0
201600037102,0016-11-04 18:39:00,16,11,4,18,39,910,589,"18, CARNOT (AVENUE)",48.67684,2.34984,Crépuscule ou aube,En agglomération,Intersection en X,Pluie forte,Deux véhicules - côté,,,,,,,,,,,2,2,2,3,3.0
201600037103,0016-11-28 16:35:00,16,11,28,16,35,910,432,"03, BOILEAU (PLACE LUCIE",48.70623,2.33534,Crépuscule ou aube,En agglomération,Hors intersection,Normale,Autre collision,,,,,,,,,,,2,2,1,1,6.0
201600037104,0016-03-04 04:15:00,16,3,4,4,15,910,589,"09, GILLES ( RUE LOUIS)",48.67922,2.34351,Nuit avec éclairage allumé,En agglomération,Intersection en X,Pluie légère,Deux véhicules - côté,,,,,,,,,,,5,2,2,2,3.0
201600037105,0016-03-25 15:55:00,16,3,25,15,55,910,432,GENERAL  LECLERC (RUE DU,48.70672,2.33368,Plein jour,En agglomération,Hors intersection,Normale,Deux véhicules - côté,,,,,,,,,,,1,2,1,1,3.0
201600037106,0016-04-14 12:40:00,16,4,14,12,40,910,432,"29, DE LESSEPS (AVENUE F",48.7031,2.33952,Plein jour,En agglomération,Intersection en T,Normale,Deux véhicules - côté,,,,,,,,,,,1,2,3,1,3.0
201600037107,0016-05-18 20:00:00,16,5,18,20,0,910,432,GENERAL  LECLERC (RUE DU,48.70685,2.33329,Plein jour,En agglomération,Giratoire,Pluie légère,Deux véhicules - côté,,,,,,,,,,,1,2,6,2,3.0
201600037108,0016-05-19 22:15:00,16,5,19,22,15,910,432,"2, GENERAL WARABIOT (AVE",48.70659,2.33231,Nuit avec éclairage allumé,En agglomération,Hors intersection,Normale,Deux véhicules - côté,,,,,,,,,,,5,2,1,1,3.0
201600037109,0016-01-08 17:19:00,16,1,8,17,19,910,432,BARRES (AVENUE MAURICE),48.7,2.327,Crépuscule ou aube,En agglomération,Intersection en X,Normale,Deux véhicules - côté,,,,,,,,,,,2,2,2,1,3.0
201600037110,0016-01-26 09:45:00,16,1,26,9,45,910,589,REPUBLIQUE (AVENUE DE LA,48.69194,2.35236,Plein jour,En agglomération,Hors intersection,Normale,Deux véhicules - côté,,,,,,,,,,,1,2,1,1,3.0
201600037111,0016-01-28 08:15:00,16,1,28,8,15,910,589,CHAUVET (RUE MARIE),48.67983,2.34426,Nuit avec éclairage non allumé,En agglomération,Intersection en T,Normale,Autre collision,,,,,,,,,,,4,2,3,1,6.0
201600037112,0016-06-15 00:25:00,16,6,15,0,25,910,589,"21, BRIAND (BOULEVARD AR",48.68195,2.34334,Nuit avec éclairage allumé,En agglomération,Intersection en X,Normale,Deux véhicules - côté,,,,,,,,,,,5,2,2,1,3.0
201600037113,0016-02-08 13:45:00,16,2,8,13,45,910,589,"15, GENESTRIERE (ALLEE D",48.68333,2.33333,Plein jour,En agglomération,Hors intersection,Pluie légère,Deux véhicules - côté,,,,,,,,,,,1,2,1,2,3.0
201600037114,0016-02-11 12:45:00,16,2,11,12,45,910,589,"75, BRIAND (BOULEVARD AR",48.68527,2.34602,Plein jour,En agglomération,Hors intersection,Normale,Trois véhicules et plus - en chaîne,,,,,,,,,,,1,2,1,1,4.0
201600037115,0016-02-25 17:20:00,16,2,25,17,20,910,589,TILLEULS (AVENUE DES),48.68333,2.33333,Crépuscule ou aube,En agglomération,Intersection en Y,Normale,Deux véhicules - côté,,,,,,,,,,,2,2,4,1,3.0
201600037116,0016-04-22 00:45:00,16,4,22,0,45,910,432,"61, MORIN (AVENUE RENE)",48.69369,2.323,Nuit avec éclairage allumé,En agglomération,Hors intersection,Normale,Sans collision,,,,,,,,,,,5,2,1,1,7.0
201600037117,0016-05-07 15:20:00,16,5,7,15,20,910,589,"62, DE GAULLE (AVENUE CH",48.67982,2.34429,Plein jour,En agglomération,Intersection en T,Normale,Deux véhicules - côté,,,,,,,,,,,1,2,3,1,3.0
201600037118,0016-07-20 03:00:00,16,7,20,3,0,910,589,"58, PALOMBES (RUE DES)",48.69392,2.35621,Nuit avec éclairage allumé,En agglomération,Hors intersection,Normale,Autre collision,,,,,,,,,,,5,2,1,1,6.0
201600037119,0016-08-25 18:00:00,16,8,25,18,0,910,589,"64, DE GAULLE (AVENUE CH",48.67997,2.34416,Plein jour,En agglomération,Hors intersection,Normale,Deux véhicules - côté,,,,,,,,,,,1,2,1,1,3.0
201600037120,0016-08-22 18:35:00,16,8,22,18,35,910,589,GRAND VAUX (RUE DE),48.67507,2.33547,Plein jour,En agglomération,Intersection en Y,Normale,Deux véhicules - côté,,,,,,,,,,,1,2,4,1,3.0
201600037121,0016-05-26 08:35:00,16,5,26,8,35,910,589,"32, DE GAULLE (AVENUE CH",48.67837,2.34701,Plein jour,Hors agglomération,Intersection en Y,Normale,Deux véhicules - côté,,,,,,,,,,,1,1,4,1,3.0
201600037122,0016-06-17 07:55:00,16,6,17,7,55,910,589,"209, BRIAND (BOULEVARD A",48.68871,2.35898,Plein jour,En agglomération,Hors intersection,Normale,Autre collision,,,,,,,,,,,1,2,1,1,6.0
201600037123,0016-06-10 08:30:00,16,6,10,8,30,910,432,GENERAL WARABIOT (AVENUE,48.7057,2.33379,Plein jour,En agglomération,Intersection en T,Normale,Deux véhicules - côté,,,,,,,,,,,1,2,3,1,3.0
201600037124,0016-06-09 19:40:00,16,6,9,19,40,910,589,"18, ECOLES (AVENUE DES)",48.68827,2.35191,Plein jour,En agglomération,Hors intersection,Normale,Deux véhicules - frontale,,,,,,,,,,,1,2,1,1,1.0
201600037125,0016-07-13 18:35:00,16,7,13,18,35,910,589,"21, BRIAND (BOULEVARD AR",48.68203,2.34319,Plein jour,En agglomération,Hors intersection,Normale,Autre collision,,,,,,,,,,,1,2,1,1,6.0
201600037126,0016-07-26 16:30:00,16,7,26,16,30,910,589,"18, BELGES (BOULEVARD DE",48.68333,2.35,Plein jour,En agglomération,Hors intersection,Normale,Deux véhicules - arrière,,,,,,,,,,,1,2,1,1,2.0
201600037127,0016-08-12 14:55:00,16,8,12,14,55,910,589,DUNANT (RUE HENRI),48.68073,2.34268,Plein jour,En agglomération,Intersection en X,Normale,Deux véhicules - côté,,,,,,,,,,,1,2,2,1,3.0
201600037128,0016-09-30 21:40:00,16,9,30,21,40,910,589,"08, GAMBETTA (AVENUE)",48.67449,2.34663,Nuit avec éclairage allumé,En agglomération,Hors intersection,Pluie légère,Autre collision,,,,,,,,,,,5,2,1,2,6.0
201600037129,0016-10-06 13:50:00,16,10,6,13,50,910,432,"22, SAVIGNY (RUE DE)",48.70128,2.33477,Plein jour,En agglomération,Hors intersection,Normale,Autre collision,,,,,,,,,,,1,2,1,1,6.0
201600037130,0016-11-08 13:25:00,16,11,8,13,25,910,432,REPUBLIQUE ( AV DE LA,48.70486,2.33326,Plein jour,En agglomération,Intersection en X,Temps couvert,Deux véhicules - frontale,,,,,,,,,,,1,2,2,8,1.0
201600037131,0016-11-15 21:55:00,16,11,15,21,55,910,589,"34, DE GAULLE (AVENUE CH",48.67834,2.34709,Nuit avec éclairage allumé,En agglomération,Hors intersection,Pluie légère,Deux véhicules - arrière,,,,,,,,,,,5,2,1,2,2.0
201600037132,0016-11-20 01:31:00,16,11,20,1,31,910,432,"22, GENERAL  LECLERC (RU",48.7072,2.32931,Nuit avec éclairage allumé,En agglomération,Hors intersection,Pluie légère,Autre collision,,,,,,,,,,,5,2,1,2,6.0
201600037133,0016-12-02 02:40:00,16,12,2,2,40,910,432,RD 118,48.70906,2.35136,Nuit sans éclairage public,Hors agglomération,Hors intersection,Autre,Autre collision,,,,,,,,,,,3,1,1,9,6.0
201600037134,0016-01-07 18:05:00,16,1,7,18,5,920,2,"69, RAYMON ARON (AVENUE)",,,Nuit avec éclairage allumé,En agglomération,Hors intersection,Normale,Autre collision,,,,,,,,,,,5,2,1,1,6.0
201600037135,0016-01-09 13:00:00,16,1,9,13,0,920,2,"20, DIVISION LECLERC (1",,,Plein jour,En agglomération,Hors intersection,Normale,Autre collision,,,,,,,,,,,1,2,1,1,6.0
201600037136,0016-01-10 18:05:00,16,1,10,18,5,920,2,"21, DIVISION LECLERC (1",,,Nuit avec éclairage allumé,En agglomération,Hors intersection,Normale,Deux véhicules - arrière,,,,,,,,,,,5,2,1,1,2.0
201600037137,0016-01-13 19:20:00,16,1,13,19,20,920,2,"213, DIVISION LECLERC (3",,,Nuit avec éclairage allumé,En agglomération,Hors intersection,Normale,Trois véhicules et plus - en chaîne,,,,,,,,,,,5,2,1,1,4.0
201600037138,0016-01-23 12:00:00,16,1,23,12,0,920,2,"122, ARMAND GUILLEBAUD (",,,Plein jour,En agglomération,Hors intersection,Normale,Deux véhicules - côté,,,,,,,,,,,1,2,1,1,3.0
201600037139,0016-01-24 17:45:00,16,1,24,17,45,920,2,"10, MEDITERRANEE (RUE DE",,,Nuit avec éclairage allumé,En agglomération,Hors intersection,Normale,Autre collision,,,,,,,,,,,5,2,1,1,6.0
201600037140,0016-02-06 20:05:00,16,2,6,20,5,920,2,"88, ARISTIDE BRIAND (AVE",,,Nuit avec éclairage non allumé,En agglomération,Intersection en T,Normale,Trois véhicules et plus - collisions multiples,,,,,,,,,,,4,2,3,1,5.0
201600037141,0016-02-06 23:45:00,16,2,6,23,45,920,14,GENERAL LECLERC (AV.) (1,,,Nuit avec éclairage allumé,En agglomération,Intersection en T,Normale,Deux véhicules - côté,,,,,,,,,,,5,2,3,1,3.0
201600037142,0016-02-29 20:40:00,16,2,29,20,40,920,2,"6, AUGUSTE MOUNIE (RUE)",,,Nuit avec éclairage allumé,En agglomération,Hors intersection,Normale,Deux véhicules - côté,,,,,,,,,,,5,2,1,1,3.0
201600037143,0016-03-11 16:51:00,16,3,11,16,51,920,14,"., BIEVRE (RUE DE LA)",,,Plein jour,En agglomération,Hors intersection,Normale,Autre collision,,,,,,,,,,,1,2,1,1,6.0
201600037144,0016-03-17 21:20:00,16,3,17,21,20,920,2,GENERAL DE GAULLE (AVENU,,,Nuit avec éclairage allumé,En agglomération,Hors intersection,Normale,Deux véhicules - côté,,,,,,,,,,,5,2,1,1,3.0
201600037145,0016-03-28 23:10:00,16,3,28,23,10,920,14,REPUBLIQUE (AVENUE DE LA,,,Nuit avec éclairage allumé,En agglomération,Intersection en T,Pluie forte,Deux véhicules - côté,,,,,,,,,,,5,2,3,3,3.0
201600037146,0016-03-29 22:45:00,16,3,29,22,45,920,2,"134, LEON BLUM (AVENUE)",,,Nuit avec éclairage allumé,En agglomération,Intersection en Y,Normale,Deux véhicules - côté,,,,,,,,,,,5,2,4,1,3.0
201600037147,0016-04-08 08:50:00,16,4,8,8,50,920,2,"., ARISTIDE BRIAND (AVEN",,,Plein jour,En agglomération,Intersection en T,Normale,Trois véhicules et plus - en chaîne,,,,,,,,,,,1,2,3,1,4.0
201600037148,0016-04-11 09:00:00,16,4,11,9,0,920,2,AUGUSTE MOUNIE (RUE),,,Plein jour,En agglomération,Hors intersection,Normale,Autre collision,,,,,,,,,,,1,2,1,1,6.0
201600037149,0016-04-14 18:35:00,16,4,14,18,35,920,14,GALOIS (AVENUE),,,Plein jour,En agglomération,Hors intersection,Pluie légère,Autre collision,,,,,,,,,,,1,2,1,2,6.0
201600037150,0016-04-22 09:49:00,16,4,22,9,49,920,2,"14, DIVISION LECLERC (1",,,Plein jour,En agglomération,Hors intersection,Normale,Autre collision,,,,,,,,,,,1,2,1,1,6.0
201600037151,0016-04-30 14:10:00,16,4,30,14,10,920,2,"108, ARISTIDE BRIAND (AV",,,Plein jour,En agglomération,Intersection en T,Pluie légère,Deux véhicules - côté,,,,,,,,,,,1,2,3,2,3.0
201600037152,0016-05-14 22:10:00,16,5,14,22,10,920,2,GENERAL DE GAULLE (PLACE,,,Nuit avec éclairage allumé,En agglomération,Place,Normale,Deux véhicules - côté,,,,,,,,,,,5,2,7,1,3.0
201600037153,0016-05-15 15:30:00,16,5,15,15,30,920,2,DIVISION LECLERC (53 A 2,,,Plein jour,En agglomération,Intersection en X,Normale,Deux véhicules - côté,,,,,,,,,,,1,2,2,1,3.0
201600037154,0016-05-18 17:50:00,16,5,18,17,50,920,2,"105, ARISTIDE BRIAND (AV",,,Plein jour,En agglomération,Intersection en T,Pluie forte,Deux véhicules - côté,,,,,,,,,,,1,2,3,3,3.0
201600037155,0016-05-22 01:20:00,16,5,22,1,20,920,14,PORT GALAND (RUE DU),,,Nuit avec éclairage allumé,En agglomération,Intersection en T,Normale,Autre collision,,,,,,,,,,,5,2,3,1,6.0
201600037156,0016-05-31 07:25:00,16,5,31,7,25,920,2,VELPEAU (RUE),,,Plein jour,En agglomération,Autre intersection,Pluie forte,Autre collision,,,,,,,,,,,1,2,9,3,6.0
201600037157,0016-05-31 15:25:00,16,5,31,15,25,920,2,MAURICE LABROUSSE (RUE),,,Plein jour,En agglomération,Hors intersection,Pluie légère,Autre collision,,,,,,,,,,,1,2,1,2,6.0
201600037158,0016-06-05 11:20:00,16,6,5,11,20,920,2,JEAN MOULIN (RUE),,,Plein jour,Hors agglomération,Hors intersection,Normale,Deux véhicules - côté,,,,,,,,,,,1,1,1,1,3.0
201600037159,0016-06-09 08:45:00,16,6,9,8,45,920,2,ADOLPHE PAJEAUD (RUE),,,Plein jour,En agglomération,Intersection en T,Normale,Deux véhicules - côté,,,,,,,,,,,1,2,3,1,3.0
201600037160,0016-06-28 19:50:00,16,6,28,19,50,920,14,"92, MARECHAL JOFFRE (BD",,,Plein jour,En agglomération,Hors intersection,Normale,Deux véhicules - arrière,,,,,,,,,,,1,2,1,1,2.0
201600037161,0016-07-11 17:25:00,16,7,11,17,25,920,2,GENERAL DE GAULLE (AVENU,,,Plein jour,En agglomération,Hors intersection,Normale,Deux véhicules - arrière,,,,,,,,,,,1,2,1,1,2.0
201600037162,0016-07-12 16:17:00,16,7,12,16,17,920,14,GENERAL LECLERC (AV.) (1,,,Plein jour,En agglomération,Intersection en X,Normale,Deux véhicules - côté,,,,,,,,,,,1,2,2,1,3.0
201600037163,0016-07-19 19:20:00,16,7,19,19,20,920,2,GENERAL DE GAULLE (AVENU,,,Crépuscule ou aube,En agglomération,Hors intersection,Normale,Autre collision,,,,,,,,,,,2,2,1,1,6.0
201600037164,0016-07-26 12:34:00,16,7,26,12,34,920,2,"22, GABRIEL PERI (AVENUE",,,Plein jour,En agglomération,Intersection en T,Normale,Autre collision,,,,,,,,,,,1,2,3,1,6.0
201600037165,0016-08-23 12:15:00,16,8,23,12,15,920,2,"160, DIVISION LECLERC (5",,,Plein jour,En agglomération,Intersection en X,Normale,Deux véhicules - côté,,,,,,,,,,,1,2,2,1,3.0
201600037166,0016-08-26 09:10:00,16,8,26,9,10,920,14,MARECHAL JOFFRE (BD DU),,,Plein jour,En agglomération,Intersection en X,Normale,Deux véhicules - arrière,,,,,,,,,,,1,2,2,1,2.0
201600037167,0016-08-31 09:25:00,16,8,31,9,25,920,2,LEBRUN (AVENUE),,,Plein jour,En agglomération,Intersection en Y,Normale,Deux véhicules - côté,,,,,,,,,,,1,2,4,1,3.0