accident_id,datetime,annee,mois,jour,heure,minute,departement,commune_insee,adresse,latitude,longitude,luminosite,agglomeration,intersection,meteo,collision,nb_vehicules,nb_usagers,nb_indemnes,nb_tues,nb_blesses_hosp,nb_blesses_legers,age_cond_1,age_cond_2,veh_type_cond_1,veh_type_cond_2,lum_code,agg_code,int_code,atm_code,col_code
201600037300,0016-09-13 15:40:00,16,9,13,15,40,920,4,"NS, DOCTEUR DERVAUX  ( Q",,,Plein jour,En agglomération,Intersection en X,Normale,Deux véhicules - arrière,,,,,,,,,,,1,2,2,1,2.0
201600037301,0016-09-13 16:30:00,16,9,13,16,30,920,4,"NS, MENIL",,,Plein jour,En agglomération,Intersection en T,Normale,Autre collision,,,,,,,,,,,1,2,3,1,6.0
201600037302,0016-09-14 20:30:00,16,9,14,20,30,920,9,"96, CHARLES-DE-GAULLE (",,,Nuit avec éclairage allumé,En agglomération,Hors intersection,Normale,Deux véhicules - arrière,,,,,,,,,,,5,2,1,1,2.0
201600037303,0016-09-15 09:15:00,16,9,15,9,15,920,4,"NS, REDOUTE ( AVENUE DE",,,Plein jour,En agglomération,Intersection en X,Normale,Deux véhicules - côté,,,,,,,,,,,1,2,2,1,3.0
201600037304,0016-09-20 20:45:00,16,9,20,20,45,920,4,"191, VOLTAIRE ( BD 16 A",,,Nuit avec éclairage allumé,En agglomération,Hors intersection,Normale,Autre collision,,,,,,,,,,,5,2,1,1,6.0
201600037305,0016-09-22 16:20:00,16,9,22,16,20,920,4,"03, VOLTAIRE ( BD )",,,Plein jour,En agglomération,Hors intersection,Normale,Autre collision,,,,,,,,,,,1,2,1,1,6.0
201600037306,0016-09-22 16:50:00,16,9,22,16,50,920,4,"10, BAS ( RUE DES )",,,Plein jour,En agglomération,Hors intersection,Normale,Autre collision,,,,,,,,,,,1,2,1,1,6.0
201600037307,0016-09-30 08:10:00,16,9,30,8,10,920,4,"NS, DOCTEUR DERVAUX  ( Q",,,Plein jour,En agglomération,Hors intersection,Normale,Trois véhicules et plus - en chaîne,,,,,,,,,,,1,2,1,1,4.0
201600037308,0016-09-27 15:30:00,16,9,27,15,30,920,4,"101, BOURGUIGNONS (RUE 2",,,Plein jour,En agglomération,Hors intersection,Normale,Deux véhicules - arrière,,,,,,,,,,,1,2,1,1,2.0
201600037309,0016-09-30 18:15:00,16,9,30,18,15,920,4,"84, ARGENTEUIL AV D'",,,Nuit sans éclairage public,En agglomération,Intersection en T,Normale,Autre collision,,,,,,,,,,,3,2,3,1,6.0
201600037310,0016-09-30 20:05:00,16,9,30,20,5,920,4,"81, ARGENTEUIL AV D'",,,Crépuscule ou aube,En agglomération,Intersection en X,Normale,Autre collision,,,,,,,,,,,2,2,2,1,6.0
201600037311,0016-10-05 20:55:00,16,10,5,20,55,920,4,"NS, GRESILLONS ( AVENUE",,,Nuit sans éclairage public,En agglomération,Hors intersection,Normale,Autre collision,,,,,,,,,,,3,2,1,1,6.0
201600037312,0016-10-04 12:00:00,16,10,4,12,0,920,4,"NS, FAIDHERBE ( AVENUE )",,,Plein jour,En agglomération,Intersection en X,Normale,Autre collision,,,,,,,,,,,1,2,2,1,6.0
201600037313,0016-10-06 20:35:00,16,10,6,20,35,920,4,"NS, ABBE LEMIRE DE L'",,,Nuit avec éclairage allumé,En agglomération,Intersection en X,Normale,Trois véhicules et plus - collisions multiples,,,,,,,,,,,5,2,2,1,5.0
201600037314,0016-10-10 14:52:00,16,10,10,14,52,920,4,"ns, MARNE   ( AVENUE DE",,,Plein jour,En agglomération,Intersection en X,Normale,Deux véhicules - côté,,,,,,,,,,,1,2,2,1,3.0
201600037315,0016-10-11 19:00:00,16,10,11,19,0,920,4,"20, ALMA DE L'",,,Nuit avec éclairage allumé,En agglomération,Hors intersection,Normale,Autre collision,,,,,,,,,,,5,2,1,1,6.0
201600037316,0016-10-12 17:15:00,16,10,12,17,15,920,4,"NS, AULAGNIER ( QUAI )",,,Plein jour,En agglomération,Intersection en X,Normale,Deux véhicules - côté,,,,,,,,,,,1,2,2,1,3.0
201600037317,0016-10-13 11:20:00,16,10,13,11,20,920,4,"NS, PARISIENS ( RUE DES",,,Plein jour,En agglomération,Intersection en X,Normale,Deux véhicules - côté,,,,,,,,,,,1,2,2,1,3.0
201600037318,0016-10-14 11:05:00,16,10,14,11,5,920,4,"13, REDOUTE ( AVENUE DE",,,Plein jour,En agglomération,Hors intersection,Normale,Autre collision,,,,,,,,,,,1,2,1,1,6.0
201600037319,0016-10-14 15:00:00,16,10,14,15,0,920,9,ANDRE CHENIER  ( AVENUE,,,Plein jour,En agglomération,Intersection en T,Normale,Sans collision,,,,,,,,,,,1,2,3,1,7.0
201600037320,0016-10-15 16:00:00,16,10,15,16,0,920,4,"01, REDOUTE ( AVENUE DE",,,Plein jour,En agglomération,Hors intersection,Normale,Deux véhicules - côté,,,,,,,,,,,1,2,1,1,3.0
201600037321,0016-10-20 22:10:00,16,10,20,22,10,920,4,"NS, COLOMBES ( RUE DE 31",,,Nuit avec éclairage allumé,En agglomération,Intersection en X,Pluie légère,Deux véhicules - arrière,,,,,,,,,,,5,2,2,2,2.0
201600037322,0016-10-21 09:50:00,16,10,21,9,50,920,9,"9, GENERAL LECLERC ( RUE",,,Plein jour,En agglomération,Hors intersection,Normale,Autre collision,,,,,,,,,,,1,2,1,1,6.0
201600037323,0016-10-28 08:15:00,16,10,28,8,15,920,4,"ns, DOCTEUR DERVAUX  ( Q",,,Plein jour,En agglomération,Intersection en T,Normale,Deux véhicules - arrière,,,,,,,,,,,1,2,3,1,2.0
201600037324,0016-10-28 08:30:00,16,10,28,8,30,920,4,AULAGNIER ( QUAI ),,,Plein jour,En agglomération,Hors intersection,Normale,Deux véhicules - côté,,,,,,,,,,,1,2,1,1,3.0
201600037325,0016-11-06 09:00:00,16,11,6,9,0,920,4,"NS, INTERCOMMUNAL (B)",,,Plein jour,En agglomération,Intersection en X,Normale,Deux véhicules - côté,,,,,,,,,,,1,2,2,1,3.0
201600037326,0016-11-07 19:30:00,16,11,7,19,30,920,9,"NS, HEYNEN ( RUE )",,,Nuit avec éclairage allumé,En agglomération,Intersection en X,Normale,Deux véhicules - côté,,,,,,,,,,,5,2,2,1,3.0
201600037327,0016-11-08 18:10:00,16,11,8,18,10,920,4,"NS, AULAGNIER ( QUAI )",,,Nuit avec éclairage non allumé,En agglomération,Hors intersection,Normale,Autre collision,,,,,,,,,,,4,2,1,1,6.0
201600037328,0016-11-09 21:45:00,16,11,9,21,45,920,4,"NS, LAURENT-CELY  ( AVEN",,,Nuit avec éclairage allumé,En agglomération,Hors intersection,Pluie légère,Trois véhicules et plus - en chaîne,,,,,,,,,,,5,2,1,2,4.0
201600037329,0016-11-10 14:20:00,16,11,10,14,20,920,4,"98, CHATEAU ( RUE DU )",,,Plein jour,En agglomération,Intersection en T,Normale,Autre collision,,,,,,,,,,,1,2,3,1,6.0
201600037330,0016-11-10 17:20:00,16,11,10,17,20,920,4,"NS, AULAGNIER ( QUAI )",,,Nuit avec éclairage allumé,En agglomération,Hors intersection,Pluie légère,Deux véhicules - côté,,,,,,,,,,,5,2,1,2,3.0
201600037331,0016-11-14 08:40:00,16,11,14,8,40,920,4,"NS, COMETE  ( RUE DE LA",,,Plein jour,En agglomération,Intersection en X,Normale,Deux véhicules - frontale,,,,,,,,,,,1,2,2,1,1.0
201600037332,0016-11-14 15:10:00,16,11,14,15,10,920,4,"104, BOURGUIGNONS (RUE 2",,,Plein jour,En agglomération,Intersection en X,Normale,Deux véhicules - côté,,,,,,,,,,,1,2,2,1,3.0
201600037333,0016-11-15 08:20:00,16,11,15,8,20,920,9,"251, ARGENTEUIL ( AVENUE",,,Plein jour,En agglomération,Hors intersection,Pluie légère,Deux véhicules - arrière,,,,,,,,,,,1,2,1,2,2.0
201600037334,0016-11-15 09:20:00,16,11,15,9,20,920,4,"NS, DOCTEUR DERVAUX  ( Q",,,Plein jour,En agglomération,Hors intersection,Pluie légère,Autre collision,,,,,,,,,,,1,2,1,2,6.0
201600037335,0016-11-15 12:50:00,16,11,15,12,50,920,4,"09, BAS ( RUE DES )",,,Plein jour,En agglomération,Hors intersection,Normale,Autre collision,,,,,,,,,,,1,2,1,1,6.0
201600037336,0016-11-17 16:50:00,16,11,17,16,50,920,9,"NS, EUROPE (AVENUE)",,,Crépuscule ou aube,En agglomération,Intersection en X,Normale,Deux véhicules - côté,,,,,,,,,,,2,2,2,1,3.0
201600037337,0016-11-18 07:45:00,16,11,18,7,45,920,4,"NS, ARGENTEUIL N° 176 A",,,Nuit avec éclairage allumé,En agglomération,Intersection en X,Pluie légère,Deux véhicules - côté,,,,,,,,,,,5,2,2,2,3.0
201600037338,0016-11-19 04:20:00,16,11,19,4,20,920,4,"ns, PONT D'ASNIERES",,,Nuit avec éclairage allumé,En agglomération,Hors intersection,Normale,Sans collision,,,,,,,,,,,5,2,1,1,7.0
201600037339,0016-11-24 16:30:00,16,11,24,16,30,920,4,"50, PIERRE BROSSOLETTE",,,Nuit avec éclairage allumé,En agglomération,Intersection en T,Normale,Autre collision,,,,,,,,,,,5,2,3,1,6.0
201600037340,0016-11-29 16:50:00,16,11,29,16,50,920,4,"3, PIERRE BROSSOLETTE",,,Nuit avec éclairage allumé,En agglomération,Hors intersection,Normale,Deux véhicules - côté,,,,,,,,,,,5,2,1,1,3.0
201600037341,0016-11-29 17:20:00,16,11,29,17,20,920,4,"NS, AULAGNIER ( QUAI )",,,Plein jour,En agglomération,Hors intersection,Normale,Deux véhicules - côté,,,,,,,,,,,1,2,1,1,3.0
201600037342,0016-12-03 11:40:00,16,12,3,11,40,920,4,"NS, REDOUTE ( AVENUE DE",,,Plein jour,En agglomération,Intersection en X,Normale,Deux véhicules - côté,,,,,,,,,,,1,2,2,1,3.0
201600037343,0016-12-22 21:20:00,16,12,22,21,20,920,4,"NS, PONT DE CLICHY",,,Nuit avec éclairage allumé,En agglomération,Hors intersection,Normale,Deux véhicules - côté,,,,,,,,,,,5,2,1,1,3.0
201600037344,0016-12-22 19:10:00,16,12,22,19,10,920,4,"103, MARNE   ( AVENUE DE",,,Nuit avec éclairage allumé,En agglomération,Hors intersection,Pluie légère,Autre collision,,,,,,,,,,,5,2,1,2,6.0
201600037345,0016-12-25 13:25:00,16,12,25,13,25,920,4,"NS, BAS ( RUE DES )",,,Plein jour,En agglomération,Hors intersection,Normale,Deux véhicules - côté,,,,,,,,,,,1,2,1,1,3.0
201600037346,0016-12-26 14:55:00,16,12,26,14,55,920,4,"28, REDOUTE ( AVENUE DE",,,Plein jour,En agglomération,Hors intersection,Normale,Autre collision,,,,,,,,,,,1,2,1,1,6.0
201600037347,0016-12-21 20:25:00,16,12,21,20,25,920,4,"NS, MARNE   ( AVENUE DE",,,Nuit avec éclairage allumé,En agglomération,Intersection en X,Pluie légère,Deux véhicules - côté,,,,,,,,,,,5,2,2,2,3.0
201600037348,0016-12-27 16:00:00,16,12,27,16,0,920,4,"10, VOLTAIRE ( BD )",,,Plein jour,En agglomération,Hors intersection,Normale,Autre collision,,,,,,,,,,,1,2,1,1,6.0
201600037349,0016-12-10 02:40:00,16,12,10,2,40,920,4,"NS, PONT DE CLICHY",,,Nuit avec éclairage allumé,En agglomération,Hors intersection,Normale,Deux véhicules - côté,,,,,,,,,,,5,2,1,1,3.0
201600037350,0016-01-26 08:10:00,16,1,26,8,10,920,7,"62, BLANCHARD (RUE)",,,Plein jour,En agglomération,Hors intersection,Normale,Autre collision,,,,,,,,,,,1,2,1,1,6.0
201600037351,0016-02-10 07:45:00,16,2,10,7,45,920,7,PETIT (AVENUE ALBERT) N°,,,Plein jour,En agglomération,Intersection en X,Normale,Autre collision,,,,,,,,,,,1,2,2,1,6.0
201600037352,0016-01-24 03:15:00,16,1,24,3,15,920,7,"32, PLUCHET (RUE ALPHONS",,,Nuit avec éclairage allumé,En agglomération,Hors intersection,Normale,Autre collision,,,,,,,,,,,5,2,1,1,6.0
201600037353,0016-01-28 07:45:00,16,1,28,7,45,920,7,BRIAND (AVENUE ARISTIDE),,,Crépuscule ou aube,En agglomération,Autre intersection,Pluie légère,Deux véhicules - arrière,,,,,,,,,,,2,2,9,2,2.0
201600037354,0016-02-25 08:45:00,16,2,25,8,45,920,7,FROIDE (RUE),,,Plein jour,En agglomération,Autre intersection,Normale,Deux véhicules - côté,,,,,,,,,,,1,2,9,1,3.0
201600037355,0016-03-07 13:30:00,16,3,7,13,30,920,7,BRIAND (AVENUE ARISTIDE),,,Plein jour,En agglomération,Intersection en X,Pluie légère,Deux véhicules - côté,,,,,,,,,,,1,2,2,2,3.0
201600037356,0016-03-15 19:00:00,16,3,15,19,0,920,7,"16, PETIT (AVENUE ALBERT",,,Nuit avec éclairage allumé,En agglomération,Intersection en T,Normale,Autre collision,,,,,,,,,,,5,2,3,1,6.0
201600037357,0016-03-26 14:30:00,16,3,26,14,30,920,7,"30, HUGO (AVENUE VICTOR)",,,Plein jour,En agglomération,Intersection en X,Normale,Deux véhicules - côté,,,,,,,,,,,1,2,2,1,3.0
201600037358,0016-03-31 18:28:00,16,3,31,18,28,920,7,"13, JAURES (AVENUE JEAN)",,,Plein jour,En agglomération,Hors intersection,Pluie légère,Deux véhicules - côté,,,,,,,,,,,1,2,1,2,3.0
201600037359,0016-04-13 19:35:00,16,4,13,19,35,920,7,"114, BRIAND (AVENUE ARIS",,,Plein jour,En agglomération,Hors intersection,Normale,Deux véhicules - côté,,,,,,,,,,,1,2,1,1,3.0
201600037360,0016-04-21 14:30:00,16,4,21,14,30,920,7,PETIT (AVENUE ALBERT) N°,,,Plein jour,En agglomération,Intersection en X,Normale,Deux véhicules - arrière,,,,,,,,,,,1,2,2,1,2.0
201600037361,0016-04-28 10:00:00,16,4,28,10,0,920,7,BRIAND (AVENUE ARISTIDE),,,Plein jour,En agglomération,Intersection en T,Normale,Autre collision,,,,,,,,,,,1,2,3,1,6.0
201600037362,0016-05-02 15:55:00,16,5,2,15,55,920,7,"9, CHOPIN (RUE FREDERIC)",,,Plein jour,En agglomération,Hors intersection,Normale,Autre collision,,,,,,,,,,,1,2,1,1,6.0
201600037363,0016-05-04 07:50:00,16,5,4,7,50,920,7,"2, FONTENAY (RUE DE)",,,Plein jour,En agglomération,Intersection en X,Normale,Autre collision,,,,,,,,,,,1,2,2,1,6.0
201600037364,0016-05-07 16:45:00,16,5,7,16,45,920,7,"57, RAVERA (AVENUE HENRI",,,Plein jour,En agglomération,Hors intersection,Normale,Autre collision,,,,,,,,,,,1,2,1,1,6.0
201600037365,0016-05-10 18:50:00,16,5,10,18,50,920,7,"96 BIS, BOURG-LA-REINE (",,,Plein jour,En agglomération,Hors intersection,Pluie légère,Autre collision,,,,,,,,,,,1,2,1,2,6.0
201600037366,0016-05-12 09:25:00,16,5,12,9,25,920,7,"ANGLE, SUISSES (VOIE DES",,,Plein jour,En agglomération,Intersection en T,Normale,Deux véhicules - côté,,,,,,,,,,,1,2,3,1,3.0
201600037367,0016-05-18 13:00:00,16,5,18,13,0,920,7,"16-18, BRIAND (AVENUE AR",,,Plein jour,En agglomération,Autre intersection,Normale,Deux véhicules - côté,,,,,,,,,,,1,2,9,1,3.0
201600037368,0016-05-18 13:50:00,16,5,18,13,50,920,7,"ANGLE, PETIT (AVENUE ALB",,,Plein jour,En agglomération,Intersection en X,Normale,Sans collision,,,,,,,,,,,1,2,2,1,7.0
201600037369,0016-05-25 05:00:00,16,5,25,5,0,920,7,HUGO (AVENUE VICTOR),,,Nuit avec éclairage allumé,En agglomération,Intersection en X,Normale,Sans collision,,,,,,,,,,,5,2,2,1,7.0
201600037370,0016-05-25 15:30:00,16,5,25,15,30,920,7,"183, FOCH (AVENUE DU MAR",,,Plein jour,En agglomération,Hors intersection,Normale,Sans collision,,,,,,,,,,,1,2,1,1,7.0
201600037371,0016-06-26 19:35:00,16,6,26,19,35,920,7,"ANGLE, FROIDE (RUE)",,,Plein jour,En agglomération,Intersection en T,Normale,Deux véhicules - frontale,,,,,,,,,,,1,2,3,1,1.0
201600037372,0016-06-28 19:45:00,16,6,28,19,45,920,7,"ANGLE, VAILLANT-COUTURIE",,,Plein jour,En agglomération,Giratoire,Normale,Deux véhicules - côté,,,,,,,,,,,1,2,6,1,3.0
201600037373,0016-07-09 16:20:00,16,7,9,16,20,920,7,"220, BRIAND (AVENUE ARIS",,,Plein jour,En agglomération,Hors intersection,Normale,Sans collision,,,,,,,,,,,1,2,1,1,7.0
201600037374,0016-07-18 17:20:00,16,7,18,17,20,920,7,"26, BRIAND (AVENUE ARIST",,,Plein jour,Hors agglomération,Hors intersection,Normale,Deux véhicules - arrière,,,,,,,,,,,1,1,1,1,2.0
201600037375,0016-07-27 20:00:00,16,7,27,20,0,920,7,PASTEUR (AVENUE LOUIS) A,,,Nuit avec éclairage allumé,En agglomération,Intersection en T,Normale,Deux véhicules - côté,,,,,,,,,,,5,2,3,1,3.0
201600037376,0016-09-06 14:22:00,16,9,6,14,22,920,7,CROIZAT (ROND-POINT AMBR,,,Plein jour,En agglomération,Intersection à plus de 4 branches,Normale,Deux véhicules - côté,,,,,,,,,,,1,2,5,1,3.0
201600037377,0016-09-12 17:15:00,16,9,12,17,15,920,7,"129, VERDUN (RUE DE) N°",,,Plein jour,En agglomération,Hors intersection,Normale,Deux véhicules - côté,,,,,,,,,,,1,2,1,1,3.0
201600037378,0016-09-17 15:10:00,16,9,17,15,10,920,7,"3-5, BAS COQUARTS (RUE D",,,Plein jour,En agglomération,Autre intersection,Pluie légère,Autre collision,,,,,,,,,,,1,2,9,2,6.0
201600037379,0016-12-17 19:50:00,16,12,17,19,50,920,7,"96, BRIAND (AVENUE ARIST",,,Nuit avec éclairage allumé,En agglomération,Autre intersection,Normale,Autre collision,,,,,,,,,,,5,2,9,1,6.0
201600037380,0016-10-26 08:00:00,16,10,26,8,0,920,7,"2, HUGO (AVENUE VICTOR)",,,Plein jour,En agglomération,Hors intersection,Normale,Deux véhicules - arrière,,,,,,,,,,,1,2,1,1,2.0
201600037381,0016-09-22 08:00:00,16,9,22,8,0,920,7,"2, HUGO (AVENUE VICTOR)",,,Plein jour,En agglomération,Hors intersection,Normale,Deux véhicules - arrière,,,,,,,,,,,1,2,1,1,2.0
201600037382,0016-09-25 00:10:00,16,9,25,0,10,920,7,"37 bis, PETIT (AVENUE AL",,,Nuit avec éclairage allumé,En agglomération,Intersection en T,Normale,Sans collision,,,,,,,,,,,5,2,3,1,7.0
201600037383,0016-09-23 21:40:00,16,9,23,21,40,920,7,"ANGLE, SUISSES (VOIE DES",,,Nuit avec éclairage allumé,En agglomération,Intersection en T,Normale,Sans collision,,,,,,,,,,,5,2,3,1,7.0
201600037384,0016-10-02 08:40:00,16,10,2,8,40,920,7,"13, FONTENAY (RUE DE)",,,Plein jour,En agglomération,Intersection en T,Normale,Sans collision,,,,,,,,,,,1,2,3,1,7.0
201600037385,0016-10-06 17:00:00,16,10,6,17,0,920,7,"20, BRIAND (AVENUE ARIST",,,Plein jour,En agglomération,Hors intersection,Normale,Deux véhicules - côté,,,,,,,,,,,1,2,1,1,3.0
201600037386,0016-10-16 15:05:00,16,10,16,15,5,920,7,175 AV HENRI RAVERA,,,Plein jour,En agglomération,Hors intersection,Normale,Deux véhicules - côté,,,,,,,,,,,1,2,1,1,3.0
201600037387,0016-08-31 02:45:00,16,8,31,2,45,920,7,BRIAND (AVENUE ARISTIDE),,,Nuit avec éclairage allumé,En agglomération,Intersection à plus de 4 branches,Normale,Deux véhicules - côté,,,,,,,,,,,5,2,5,1,3.0
201600037388,0016-10-22 11:30:00,16,10,22,11,30,920,7,BLANCHARD (RUE),,,Plein jour,En agglomération,Hors intersection,Normale,Deux véhicules - côté,,,,,,,,,,,1,2,1,1,3.0
201600037389,0016-11-07 02:00:00,16,11,7,2,0,920,7,BRIAND (AVENUE ARISTIDE),,,Nuit avec éclairage allumé,En agglomération,Intersection à plus de 4 branches,Normale,Deux véhicules - frontale,,,,,,,,,,,5,2,5,1,1.0
201600037390,0016-11-14 12:15:00,16,11,14,12,15,920,7,"1, VAILLANT-COUTURIER (A",,,Plein jour,En agglomération,Hors intersection,Normale,Autre collision,,,,,,,,,,,1,2,1,1,6.0
201600037391,0016-11-07 11:05:00,16,11,7,11,5,920,7,"120, RAVERA (AVENUE HENR",,,Plein jour,En agglomération,Hors intersection,Pluie légère,Autre collision,,,,,,,,,,,1,2,1,2,6.0
201600037392,0016-11-15 09:15:00,16,11,15,9,15,920,7,"43, PETIT (AVENUE ALBERT",,,Plein jour,En agglomération,Hors intersection,Pluie légère,Deux véhicules - côté,,,,,,,,,,,1,2,1,2,3.0
201600037393,0016-12-20 22:00:00,16,12,20,22,0,920,7,PASTEUR (AVENUE LOUIS) A,,,Nuit avec éclairage allumé,En agglomération,Intersection en X,Normale,Deux véhicules - côté,,,,,,,,,,,5,2,2,1,3.0
201600037394,0016-10-05 18:15:00,16,10,5,18,15,920,7,"1, MARRONNIERS (ALLEE DE",,,Plein jour,En agglomération,Hors intersection,Temps éblouissant,Autre collision,,,,,,,,,,,1,2,1,7,6.0
201600037395,0016-12-28 22:05:00,16,12,28,22,5,920,7,"58, PETIT (AVENUE ALBERT",,,Nuit avec éclairage allumé,En agglomération,Intersection en T,Normale,Deux véhicules - côté,,,,,,,,,,,5,2,3,1,3.0
201600037396,0016-11-16 19:40:00,16,11,16,19,40,920,7,"7 BIS, FORTIN (AVENUE JE",,,Nuit avec éclairage allumé,En agglomération,Hors intersection,Pluie légère,Autre collision,,,,,,,,,,,5,2,1,2,6.0
201600037397,0016-12-15 09:00:00,16,12,15,9,0,920,7,"113, MARIN-NAUDIN (RUE J",,,Plein jour,En agglomération,Hors intersection,Normale,Autre collision,,,,,,,,,,,1,2,1,1,6.0
201600037398,0016-01-04 07:59:00,16,1,4,7,59,920,12,"241, GALLIENI (RUE) 55/1",,,Crépuscule ou aube,En agglomération,Hors intersection,Normale,Deux véhicules - côté,,,,,,,,,,,2,2,1,1,3.0
201600037399,0016-01-06 10:35:00,16,1,6,10,35,920,12,"34, ANATOLE FRANCE (BOUL",,,Plein jour,En agglomération,Hors intersection,Normale,Deux véhicules - côté,,,,,,,,,,,1,2,1,1,3.0
201600037400,0016-01-06 21:00:00,16,1,6,21,0,920,12,"15, AV PIERRE GRENIER",,,Nuit avec éclairage non allumé,En agglomération,Hors intersection,Normale,Deux véhicules - côté,,,,,,,,,,,4,2,1,1,3.0
201600037401,0016-01-07 11:30:00,16,1,7,11,30,920,12,"175, JEAN JAURES (BOULEV",,,Plein jour,En agglomération,Hors intersection,Temps éblouissant,Autre collision,,,,,,,,,,,1,2,1,7,6.0
201600037402,0016-01-09 12:00:00,16,1,9,12,0,920,12,"18, POINT DU JOUR (QUAI",,,Plein jour,En agglomération,Hors intersection,Normale,Sans collision,,,,,,,,,,,1,2,1,1,7.0
201600037403,0016-01-12 09:30:00,16,1,12,9,30,920,12,"109, GALLIENI (RUE) 55/1",,,Plein jour,En agglomération,Hors intersection,Pluie forte,Autre collision,,,,,,,,,,,1,2,1,3,6.0
201600037404,0016-01-15 11:55:00,16,1,15,11,55,920,12,"94, AGUESSEAU (RUE D') 9",,,Plein jour,En agglomération,Hors intersection,Normale,Deux véhicules - côté,,,,,,,,,,,1,2,1,1,3.0
201600037405,0016-01-18 20:45:00,16,1,18,20,45,920,12,"25, REPUBLIQUE (BOULEVAR",,,Nuit avec éclairage allumé,En agglomération,Hors intersection,Normale,Deux véhicules - côté,,,,,,,,,,,5,2,1,1,3.0
201600037406,0016-01-19 20:50:00,16,1,19,20,50,920,12,"45, GEORGES GORSE (QUAI)",,,Nuit avec éclairage allumé,En agglomération,Hors intersection,Normale,Deux véhicules - côté,,,,,,,,,,,5,2,1,1,3.0
201600037407,0016-01-26 18:20:00,16,1,26,18,20,920,12,"1, RHIN ET DANUBE (ROND",,,Nuit avec éclairage allumé,En agglomération,Hors intersection,Normale,Deux véhicules - arrière,,,,,,,,,,,5,2,1,1,2.0
201600037408,0016-01-28 10:30:00,16,1,28,10,30,920,12,"84, REPUBLIQUE (BOULEVAR",,,Plein jour,En agglomération,Hors intersection,Normale,Deux véhicules - côté,,,,,,,,,,,1,2,1,1,3.0
201600037409,0016-01-29 21:50:00,16,1,29,21,50,920,12,"19, MARECHAL DE LATTRE D",,,Nuit avec éclairage allumé,En agglomération,Hors intersection,Pluie légère,Autre collision,,,,,,,,,,,5,2,1,2,6.0
201600037410,0016-01-31 17:20:00,16,1,31,17,20,920,12,"1, PONT DE SEVRES (ROND",,,Crépuscule ou aube,En agglomération,Hors intersection,Pluie légère,Autre collision,,,,,,,,,,,2,2,1,2,6.0
201600037411,0016-02-04 14:00:00,16,2,4,14,0,920,12,"17B, AGUESSEAU (RUE D')",,,Plein jour,En agglomération,Hors intersection,Pluie légère,Autre collision,,,,,,,,,,,1,2,1,2,6.0
201600037412,0016-02-06 23:10:00,16,2,6,23,10,920,12,"26, ANDRE MORIZET (AVENU",,,Nuit avec éclairage allumé,En agglomération,Hors intersection,Normale,Autre collision,,,,,,,,,,,5,2,1,1,6.0
201600037413,0016-02-09 13:30:00,16,2,9,13,30,920,12,"1, ROBERT SCHUMAN (AVENU",,,Plein jour,En agglomération,Hors intersection,Pluie légère,Autre collision,,,,,,,,,,,1,2,1,2,6.0
201600037414,0016-02-09 19:30:00,16,2,9,19,30,920,12,"35, REINE (ROUTE DE LA)",,,Nuit avec éclairage allumé,En agglomération,Hors intersection,Pluie légère,Autre collision,,,,,,,,,,,5,2,1,2,6.0
201600037415,0016-02-12 02:00:00,16,2,12,2,0,920,12,VICTOR HUGO (AVENUE) 49/,,,Nuit avec éclairage allumé,En agglomération,Intersection en X,Normale,Deux véhicules - côté,,,,,,,,,,,5,2,2,1,3.0
201600037416,0016-02-14 20:15:00,16,2,14,20,15,920,12,"58, GENERAL LECLERC (AVE",,,Nuit avec éclairage non allumé,En agglomération,Intersection en X,Normale,Deux véhicules - côté,,,,,,,,,,,4,2,2,1,3.0
201600037417,0016-02-15 22:30:00,16,2,15,22,30,920,12,"80, REPUBLIQUE (BOULEVAR",,,Nuit avec éclairage allumé,En agglomération,Hors intersection,Normale,Deux véhicules - côté,,,,,,,,,,,5,2,1,1,3.0
201600037418,0016-02-16 07:40:00,16,2,16,7,40,920,12,"1, PONT DE SEVRES (METRO",,,Plein jour,En agglomération,Hors intersection,Normale,Deux véhicules - arrière,,,,,,,,,,,1,2,1,1,2.0
201600037419,0016-02-20 12:45:00,16,2,20,12,45,920,12,"42, GALLIENI (RUE) 55/15",,,Plein jour,En agglomération,Hors intersection,Normale,Sans collision,,,,,,,,,,,1,2,1,1,7.0
201600037420,0016-02-26 08:50:00,16,2,26,8,50,920,12,"1, POINT DU JOUR (QUAI D",,,Plein jour,En agglomération,Hors intersection,Normale,Sans collision,,,,,,,,,,,1,2,1,1,7.0
201600037421,0016-02-26 13:30:00,16,2,26,13,30,920,12,"5, REPUBLIQUE (BOULEVARD",,,Plein jour,En agglomération,Hors intersection,Normale,Sans collision,,,,,,,,,,,1,2,1,1,7.0
201600037422,0016-02-26 15:30:00,16,2,26,15,30,920,12,"32, LE CORBUSIER (RUE)",,,Plein jour,En agglomération,Hors intersection,Normale,Deux véhicules - côté,,,,,,,,,,,1,2,1,1,3.0
201600037423,0016-02-29 07:30:00,16,2,29,7,30,920,12,"4 BIS, ANATOLE FRANCE (B",,,Crépuscule ou aube,En agglomération,Hors intersection,Normale,Autre collision,,,,,,,,,,,2,2,1,1,6.0
201600037424,0016-03-02 09:50:00,16,3,2,9,50,920,12,"5, QUATRE SEPTEMBRE (QUA",,,Plein jour,En agglomération,Hors intersection,Normale,Deux véhicules - arrière,,,,,,,,,,,1,2,1,1,2.0
201600037425,0016-03-03 08:18:00,16,3,3,8,18,920,12,"217, JEAN JAURES (BOULEV",,,Plein jour,En agglomération,Hors intersection,Normale,Sans collision,,,,,,,,,,,1,2,1,1,7.0
201600037426,0016-03-06 11:30:00,16,3,6,11,30,920,12,JEAN BAPTISTE CLEMENT (A,,,Plein jour,En agglomération,Giratoire,Normale,Autre collision,,,,,,,,,,,1,2,6,1,6.0
201600037427,0016-03-08 08:35:00,16,3,8,8,35,920,12,BELLE FEUILLE (RUE DE LA,,,Plein jour,En agglomération,Intersection en X,Normale,Deux véhicules - côté,,,,,,,,,,,1,2,2,1,3.0