accident_id,datetime,annee,mois,jour,heure,minute,departement,commune_insee,adresse,latitude,longitude,luminosite,agglomeration,intersection,meteo,collision,nb_vehicules,nb_usagers,nb_indemnes,nb_tues,nb_blesses_hosp,nb_blesses_legers,age_cond_1,age_cond_2,veh_type_cond_1,veh_type_cond_2,lum_code,agg_code,int_code,atm_code,col_code
201600037428,0016-03-08 18:25:00,16,3,8,18,25,920,12,"42, EST (RUE DE L') 1/FI",,,Crépuscule ou aube,En agglomération,Hors intersection,Normale,Autre collision,,,,,,,,,,,2,2,1,1,6.0
201600037429,0016-03-09 23:40:00,16,3,9,23,40,920,12,"1, ANATOLE FRANCE (BOULE",,,Nuit sans éclairage public,En agglomération,Hors intersection,Normale,Deux véhicules - côté,,,,,,,,,,,3,2,1,1,3.0
201600037430,0016-03-11 13:05:00,16,3,11,13,5,920,12,"122, GENERAL LECLERC (AV",,,Plein jour,En agglomération,Hors intersection,Normale,Autre collision,,,,,,,,,,,1,2,1,1,6.0
201600037431,0016-03-12 16:10:00,16,3,12,16,10,920,12,"15, GALLIENI (RUE) 55/15",,,Plein jour,En agglomération,Hors intersection,Normale,Sans collision,,,,,,,,,,,1,2,1,1,7.0
201600037432,0016-03-15 11:05:00,16,3,15,11,5,920,12,"53, EDOUARD VAILLANT (AV",,,Plein jour,En agglomération,Hors intersection,Normale,Deux véhicules - arrière,,,,,,,,,,,1,2,1,1,2.0
201600037433,0016-03-21 18:45:00,16,3,21,18,45,920,12,"157, GENERAL LECLERC (AV",,,Nuit avec éclairage non allumé,En agglomération,Hors intersection,Normale,Autre collision,,,,,,,,,,,4,2,1,1,6.0
201600037434,0016-03-22 16:48:00,16,3,22,16,48,920,12,"25, AUTEUIL (BOULEVARD D",,,Plein jour,Hors agglomération,Hors intersection,Normale,Deux véhicules - arrière,,,,,,,,,,,1,1,1,1,2.0
201600037435,0016-03-22 17:20:00,16,3,22,17,20,920,12,"118, ANDRE MORIZET (AVEN",,,Plein jour,En agglomération,Hors intersection,Normale,Autre collision,,,,,,,,,,,1,2,1,1,6.0
201600037436,0016-03-23 21:10:00,16,3,23,21,10,920,12,"51, JEAN JAURES (BOULEVA",,,Nuit avec éclairage allumé,En agglomération,Hors intersection,Normale,Deux véhicules - côté,,,,,,,,,,,5,2,1,1,3.0
201600037437,0016-03-23 09:15:00,16,3,23,9,15,920,12,"8, GAMBETTA (RUE)",,,Plein jour,En agglomération,Hors intersection,Normale,Trois véhicules et plus - collisions multiples,,,,,,,,,,,1,2,1,1,5.0
201600037438,0016-03-24 14:55:00,16,3,24,14,55,920,12,"103, EDOUARD VAILLANT (A",,,Plein jour,En agglomération,Hors intersection,Normale,Autre collision,,,,,,,,,,,1,2,1,1,6.0
201600037439,0016-03-27 07:10:00,16,3,27,7,10,920,12,"130, JEAN JAURES (BOULEV",,,Crépuscule ou aube,En agglomération,Hors intersection,Pluie légère,Autre collision,,,,,,,,,,,2,2,1,2,6.0
201600037440,0016-03-29 13:00:00,16,3,29,13,0,920,12,"52, DENFERT ROCHEREAU (R",,,Plein jour,En agglomération,Hors intersection,Normale,Autre collision,,,,,,,,,,,1,2,1,1,6.0
201600037441,0016-03-31 17:25:00,16,3,31,17,25,920,12,TILLEULS (RUE DES) 1/67,,,Plein jour,En agglomération,Hors intersection,Pluie légère,Autre collision,,,,,,,,,,,1,2,1,2,6.0
201600037442,0016-04-02 19:45:00,16,4,2,19,45,920,12,"48, MARCEL DASSAULT (RUE",,,Plein jour,En agglomération,Hors intersection,Pluie légère,Deux véhicules - côté,,,,,,,,,,,1,2,1,2,3.0
201600037443,0016-04-03 13:50:00,16,4,3,13,50,920,12,"123, ANDRE MORIZET (AVEN",,,Plein jour,En agglomération,Hors intersection,Normale,Autre collision,,,,,,,,,,,1,2,1,1,6.0
201600037444,0016-04-04 08:15:00,16,4,4,8,15,920,12,"46, ALPHONSE LE GALLO (Q",,,Plein jour,En agglomération,Hors intersection,Normale,Deux véhicules - arrière,,,,,,,,,,,1,2,1,1,2.0
201600037445,0016-04-06 18:20:00,16,4,6,18,20,920,12,"1, ALPHONSE LE GALLO (QU",,,Plein jour,En agglomération,Hors intersection,Pluie légère,Autre collision,,,,,,,,,,,1,2,1,2,6.0
201600037446,0016-04-08 16:30:00,16,4,8,16,30,920,12,"10, CHARLES DE GAULLE (A",,,Plein jour,En agglomération,Hors intersection,Normale,Deux véhicules - côté,,,,,,,,,,,1,2,1,1,3.0
201600037447,0016-04-09 17:45:00,16,4,9,17,45,920,12,"1, GEORGES GORSE (QUAI)",,,Plein jour,En agglomération,Hors intersection,Pluie légère,Trois véhicules et plus - en chaîne,,,,,,,,,,,1,2,1,2,4.0
201600037448,0016-04-11 22:55:00,16,4,11,22,55,920,12,"5, REPUBLIQUE (BOULEVARD",,,Nuit avec éclairage allumé,En agglomération,Hors intersection,Normale,Deux véhicules - côté,,,,,,,,,,,5,2,1,1,3.0
201600037449,0016-04-14 18:05:00,16,4,14,18,5,920,12,"16 BIS, JEAN JAURES (BOU",,,Plein jour,En agglomération,Hors intersection,Normale,Autre collision,,,,,,,,,,,1,2,1,1,6.0
201600037450,0016-04-15 17:15:00,16,4,15,17,15,920,12,"19, QUATRE SEPTEMBRE (QU",,,Plein jour,En agglomération,Hors intersection,Normale,Deux véhicules - arrière,,,,,,,,,,,1,2,1,1,2.0
201600037451,0016-04-18 10:15:00,16,4,18,10,15,920,12,"2/4, ANATOLE FRANCE (BOU",,,Plein jour,En agglomération,Hors intersection,Normale,Deux véhicules - arrière,,,,,,,,,,,1,2,1,1,2.0
201600037452,0016-04-22 22:45:00,16,4,22,22,45,920,12,"103, GENERAL LECLERC (AV",,,Nuit avec éclairage allumé,En agglomération,Hors intersection,Normale,Deux véhicules - côté,,,,,,,,,,,5,2,1,1,3.0
201600037453,0016-04-24 12:00:00,16,4,24,12,0,920,12,"49, VICTOR HUGO (AVENUE)",,,Plein jour,En agglomération,Hors intersection,Normale,Autre collision,,,,,,,,,,,1,2,1,1,6.0
201600037454,0016-04-26 08:40:00,16,4,26,8,40,920,12,GENERAL LECLERC (AVENUE,,,Plein jour,En agglomération,Hors intersection,Normale,Deux véhicules - côté,,,,,,,,,,,1,2,1,1,3.0
201600037455,0016-04-27 09:35:00,16,4,27,9,35,920,12,"100, ANDRE MORIZET (AVEN",,,Plein jour,En agglomération,Hors intersection,Normale,Sans collision,,,,,,,,,,,1,2,1,1,7.0
201600037456,0016-04-29 04:55:00,16,4,29,4,55,920,12,"233, GALLIENI (RUE) 55/1",,,Nuit avec éclairage allumé,En agglomération,Hors intersection,Normale,Autre collision,,,,,,,,,,,5,2,1,1,6.0
201600037457,0016-04-30 14:10:00,16,4,30,14,10,920,12,"50, BONTEMPS (rue Marcel",,,Plein jour,En agglomération,Hors intersection,Normale,Autre collision,,,,,,,,,,,1,2,1,1,6.0
201600037458,0016-05-04 19:40:00,16,5,4,19,40,920,12,"244, JEAN JAURES (BOULEV",,,Plein jour,En agglomération,Hors intersection,Normale,Deux véhicules - côté,,,,,,,,,,,1,2,1,1,3.0
201600037459,0016-05-04 11:25:00,16,5,4,11,25,920,12,"36, SEVRES (RUE DE) 1/55",,,Plein jour,En agglomération,Hors intersection,Normale,Deux véhicules - côté,,,,,,,,,,,1,2,1,1,3.0
201600037460,0016-05-07 18:35:00,16,5,7,18,35,920,12,"7, JEAN JAURES (BOULEVAR",,,Plein jour,En agglomération,Hors intersection,Normale,Deux véhicules - côté,,,,,,,,,,,1,2,1,1,3.0
201600037461,0016-05-08 21:00:00,16,5,8,21,0,920,12,"24, QUATRE SEPTEMBRE (QU",,,Crépuscule ou aube,En agglomération,Hors intersection,Normale,Autre collision,,,,,,,,,,,2,2,1,1,6.0
201600037462,0016-05-11 22:40:00,16,5,11,22,40,920,12,"1, WALLACE (PLACE)",,,Nuit avec éclairage allumé,En agglomération,Hors intersection,Normale,Trois véhicules et plus - en chaîne,,,,,,,,,,,5,2,1,1,4.0
201600037463,0016-05-19 08:00:00,16,5,19,8,0,920,12,"66, REINE (ROUTE DE LA)",,,Plein jour,En agglomération,Hors intersection,Normale,Autre collision,,,,,,,,,,,1,2,1,1,6.0
201600037464,0016-05-23 09:30:00,16,5,23,9,30,920,12,PIERRE GRENIER (AVENUE),,,Plein jour,En agglomération,Hors intersection,Pluie forte,Deux véhicules - côté,,,,,,,,,,,1,2,1,3,3.0
201600037465,0016-05-24 13:00:00,16,5,24,13,0,920,12,AGUESSEAU (RUE D') 1/89,,,Plein jour,En agglomération,Intersection en X,Normale,Deux véhicules - côté,,,,,,,,,,,1,2,2,1,3.0
201600037466,0016-05-26 21:25:00,16,5,26,21,25,920,12,"122, GENERAL LECLERC (AV",,,Plein jour,En agglomération,Hors intersection,Normale,Autre collision,,,,,,,,,,,1,2,1,1,6.0
201600037467,0016-06-02 10:00:00,16,6,2,10,0,920,12,"17, GEORGES GORSE (QUAI)",,,Plein jour,En agglomération,Hors intersection,Normale,Deux véhicules - arrière,,,,,,,,,,,1,2,1,1,2.0
201600037468,0016-06-03 19:00:00,16,6,3,19,0,920,12,"87, PIERRE GRENIER (AVEN",,,Plein jour,En agglomération,Hors intersection,Normale,Deux véhicules - côté,,,,,,,,,,,1,2,1,1,3.0
201600037469,0016-06-04 13:10:00,16,6,4,13,10,920,12,"46, GEORGES GORSE (QUAI)",,,Plein jour,En agglomération,Hors intersection,Normale,Deux véhicules - côté,,,,,,,,,,,1,2,1,1,3.0
201600037470,0016-06-06 19:30:00,16,6,6,19,30,920,12,"68, GALLIENI (RUE) 55/15",,,Plein jour,En agglomération,Hors intersection,Normale,Deux véhicules - arrière,,,,,,,,,,,1,2,1,1,2.0
201600037471,0016-06-08 04:25:00,16,6,8,4,25,920,12,"17/19, GENERAL LECLERC (",,,Nuit avec éclairage allumé,En agglomération,Hors intersection,Normale,Autre collision,,,,,,,,,,,5,2,1,1,6.0
201600037472,0016-06-08 07:20:00,16,6,8,7,20,920,12,BILLANCOURT (RUE DE) 106,,,Plein jour,En agglomération,Intersection en Y,Normale,Deux véhicules - côté,,,,,,,,,,,1,2,4,1,3.0
201600037473,0016-06-08 11:10:00,16,6,8,11,10,920,12,"10, QUATRE SEPTEMBRE (QU",,,Plein jour,En agglomération,Hors intersection,Normale,Deux véhicules - arrière,,,,,,,,,,,1,2,1,1,2.0
201600037474,0016-06-11 10:20:00,16,6,11,10,20,920,12,"49, JEAN BAPTISTE CLEMEN",,,Plein jour,En agglomération,Hors intersection,Normale,Deux véhicules - frontale,,,,,,,,,,,1,2,1,1,1.0
201600037475,0016-06-12 15:50:00,16,6,12,15,50,920,12,"1, PONT DE SEVRES (METRO",,,Plein jour,En agglomération,Hors intersection,Normale,Autre collision,,,,,,,,,,,1,2,1,1,6.0
201600037476,0016-06-14 18:35:00,16,6,14,18,35,920,12,"21, ABONDANCES (RUE DES)",,,Plein jour,En agglomération,Hors intersection,Normale,Deux véhicules - côté,,,,,,,,,,,1,2,1,1,3.0
201600037477,0016-06-16 18:30:00,16,6,16,18,30,920,12,"100, SEVRES (RUE DE) 55B",,,Plein jour,En agglomération,Hors intersection,Normale,Deux véhicules - côté,,,,,,,,,,,1,2,1,1,3.0
201600037478,0016-06-16 20:00:00,16,6,16,20,0,920,12,"9, ANATOLE FRANCE (BOULE",,,Plein jour,En agglomération,Hors intersection,Normale,Autre collision,,,,,,,,,,,1,2,1,1,6.0
201600037479,0016-06-16 22:30:00,16,6,16,22,30,920,12,"79/81, REINE (ROUTE DE L",,,Nuit avec éclairage allumé,En agglomération,Hors intersection,Normale,Autre collision,,,,,,,,,,,5,2,1,1,6.0
201600037480,0016-06-22 10:40:00,16,6,22,10,40,920,12,"14, MARECHAL DE LATTRE D",,,Plein jour,En agglomération,Hors intersection,Normale,Autre collision,,,,,,,,,,,1,2,1,1,6.0
201600037481,0016-06-22 15:30:00,16,6,22,15,30,920,12,"122, REINE (ROUTE DE LA)",,,Plein jour,En agglomération,Hors intersection,Normale,Deux véhicules - côté,,,,,,,,,,,1,2,1,1,3.0
201600037482,0016-06-23 17:30:00,16,6,23,17,30,920,12,"46, GEORGES GORSE (QUAI)",,,Plein jour,En agglomération,Hors intersection,Normale,Trois véhicules et plus - en chaîne,,,,,,,,,,,1,2,1,1,4.0
201600037483,0016-06-23 14:45:00,16,6,23,14,45,920,12,"3, ANATOLE FRANCE (BOULE",,,Plein jour,En agglomération,Hors intersection,Normale,Deux véhicules - arrière,,,,,,,,,,,1,2,1,1,2.0
201600037484,0016-06-29 16:30:00,16,6,29,16,30,920,12,"14, REPUBLIQUE (BOULEVAR",,,Plein jour,En agglomération,Hors intersection,Normale,Deux véhicules - côté,,,,,,,,,,,1,2,1,1,3.0
201600037485,0016-06-28 17:15:00,16,6,28,17,15,920,12,"47, VICTOR HUGO (AVENUE)",,,Plein jour,En agglomération,Hors intersection,Normale,Autre collision,,,,,,,,,,,1,2,1,1,6.0
201600037486,0016-06-30 17:30:00,16,6,30,17,30,920,12,"1, GEORGES GORSE (QUAI)",,,Plein jour,En agglomération,Hors intersection,Normale,Autre collision,,,,,,,,,,,1,2,1,1,6.0
201600037487,0016-07-04 07:55:00,16,7,4,7,55,920,12,"133, BELLEVUE (RUE DE) 1",,,Plein jour,En agglomération,Hors intersection,Normale,Deux véhicules - côté,,,,,,,,,,,1,2,1,1,3.0
201600037488,0016-07-05 22:40:00,16,7,5,22,40,920,12,"84, REINE (ROUTE DE LA)",,,Crépuscule ou aube,En agglomération,Hors intersection,Normale,Autre collision,,,,,,,,,,,2,2,1,1,6.0
201600037489,0016-07-06 11:54:00,16,7,6,11,54,920,12,"171, AGUESSEAU (RUE D')",,,Plein jour,En agglomération,Hors intersection,Normale,Deux véhicules - côté,,,,,,,,,,,1,2,1,1,3.0
201600037490,0016-07-07 10:05:00,16,7,7,10,5,920,12,"1, PONT DE SEVRES (METRO",,,Plein jour,En agglomération,Hors intersection,Normale,Deux véhicules - côté,,,,,,,,,,,1,2,1,1,3.0
201600037491,0016-07-07 11:30:00,16,7,7,11,30,920,12,"1, ECOLES (PLACE DES)",,,Plein jour,En agglomération,Hors intersection,Normale,Autre collision,,,,,,,,,,,1,2,1,1,6.0
201600037492,0016-07-07 13:40:00,16,7,7,13,40,920,12,"26, GEORGES GORSE (QUAI)",,,Plein jour,En agglomération,Hors intersection,Normale,Trois véhicules et plus - en chaîne,,,,,,,,,,,1,2,1,1,4.0
201600037493,0016-07-11 01:15:00,16,7,11,1,15,920,12,ANDRE MORIZET (AVENUE) 1,,,Nuit avec éclairage allumé,En agglomération,Intersection en X,Normale,Deux véhicules - côté,,,,,,,,,,,5,2,2,1,3.0
201600037494,0016-07-11 09:35:00,16,7,11,9,35,920,12,"1, RHIN ET DANUBE (ROND",,,Plein jour,En agglomération,Hors intersection,Normale,Deux véhicules - arrière,,,,,,,,,,,1,2,1,1,2.0
201600037495,0016-07-19 20:50:00,16,7,19,20,50,920,12,"196, VIEUX PONT DE SEVRE",,,Plein jour,En agglomération,Hors intersection,Normale,Deux véhicules - arrière,,,,,,,,,,,1,2,1,1,2.0
201600037496,0016-07-20 20:26:00,16,7,20,20,26,920,12,"97/99, JEAN BAPTISTE CLE",,,Plein jour,En agglomération,Hors intersection,Temps éblouissant,Deux véhicules - côté,,,,,,,,,,,1,2,1,7,3.0
201600037497,0016-07-21 18:50:00,16,7,21,18,50,920,12,"63, REPUBLIQUE (BOULEVAR",,,Plein jour,En agglomération,Intersection en X,Normale,Deux véhicules - arrière,,,,,,,,,,,1,2,2,1,2.0
201600037498,0016-07-21 19:00:00,16,7,21,19,0,920,12,"33, ANDRE MORIZET (AVENU",,,Plein jour,En agglomération,Hors intersection,Normale,Deux véhicules - arrière,,,,,,,,,,,1,2,1,1,2.0
201600037499,0016-07-24 12:10:00,16,7,24,12,10,920,12,"59, GEORGES GORSE (QUAI)",,,Plein jour,En agglomération,Hors intersection,Normale,Deux véhicules - frontale,,,,,,,,,,,1,2,1,1,1.0
201600037500,0016-07-26 15:05:00,16,7,26,15,5,920,12,"46, REINE (ROUTE DE LA)",,,Plein jour,En agglomération,Hors intersection,Normale,Autre collision,,,,,,,,,,,1,2,1,1,6.0
201600037501,0016-07-01 11:53:00,16,7,1,11,53,920,12,"88, JEAN BAPTISTE CLEMEN",,,Plein jour,En agglomération,Hors intersection,Normale,Deux véhicules - arrière,,,,,,,,,,,1,2,1,1,2.0
201600037502,0016-07-28 10:35:00,16,7,28,10,35,920,12,EDOUARD VAILLANT (AVENUE,,,Plein jour,En agglomération,Intersection en X,Normale,Sans collision,,,,,,,,,,,1,2,2,1,7.0
201600037503,0016-07-28 19:40:00,16,7,28,19,40,920,12,PONT DE BILLANCOURT (PLA,,,Crépuscule ou aube,En agglomération,Hors intersection,Normale,Sans collision,,,,,,,,,,,2,2,1,1,7.0
201600037504,0016-07-29 18:30:00,16,7,29,18,30,920,12,"122, GENERAL LECLERC (AV",,,Plein jour,En agglomération,Hors intersection,Normale,Autre collision,,,,,,,,,,,1,2,1,1,6.0
201600037505,0016-07-31 23:20:00,16,7,31,23,20,920,12,"247, JEAN JAURES (BOULEV",,,Plein jour,En agglomération,Intersection en T,Normale,Deux véhicules - frontale,,,,,,,,,,,1,2,3,1,1.0
201600037506,0016-08-01 10:00:00,16,8,1,10,0,920,12,"168, VIEUX PONT DE SEVRE",,,Plein jour,En agglomération,Intersection en X,Normale,Deux véhicules - frontale,,,,,,,,,,,1,2,2,1,1.0
201600037507,0016-08-02 20:40:00,16,8,2,20,40,920,12,"118, JEAN BAPTISTE CLEME",,,Crépuscule ou aube,En agglomération,Hors intersection,Pluie légère,Deux véhicules - frontale,,,,,,,,,,,2,2,1,2,1.0
201600037508,0016-08-04 09:40:00,16,8,4,9,40,920,12,"577, GENERAL LECLERC (AV",,,Plein jour,En agglomération,Hors intersection,Temps éblouissant,Autre collision,,,,,,,,,,,1,2,1,7,6.0
201600037509,0016-08-08 17:10:00,16,8,8,17,10,920,12,"33, EDOUARD VAILLANT (AV",,,Plein jour,En agglomération,Hors intersection,Normale,Deux véhicules - arrière,,,,,,,,,,,1,2,1,1,2.0
201600037510,0016-08-09 09:50:00,16,8,9,9,50,920,12,"24, MORIZET/SOREL",,,Plein jour,En agglomération,Intersection en X,Normale,Deux véhicules - côté,,,,,,,,,,,1,2,2,1,3.0
201600037511,0016-08-14 15:45:00,16,8,14,15,45,920,12,"80, PIERRE GRENIER (AVEN",,,Plein jour,En agglomération,Hors intersection,Normale,Deux véhicules - arrière,,,,,,,,,,,1,2,1,1,2.0
201600037512,0016-08-19 20:30:00,16,8,19,20,30,920,12,"70, GENERAL LECLERC (AVE",,,Crépuscule ou aube,En agglomération,Hors intersection,Normale,Deux véhicules - arrière,,,,,,,,,,,2,2,1,1,2.0
201600037513,0016-08-24 08:20:00,16,8,24,8,20,920,12,"98, GALLIENI (RUE) 55/15",,,Plein jour,En agglomération,Hors intersection,Normale,Autre collision,,,,,,,,,,,1,2,1,1,6.0
201600037514,0016-08-25 12:15:00,16,8,25,12,15,920,12,"23, JEAN JAURES (BOULEVA",,,Plein jour,En agglomération,Intersection en X,Normale,Deux véhicules - côté,,,,,,,,,,,1,2,2,1,3.0
201600037515,0016-08-26 13:30:00,16,8,26,13,30,920,12,"120, PARIS (RUE DE) 97BI",,,Plein jour,En agglomération,Hors intersection,Normale,Deux véhicules - arrière,,,,,,,,,,,1,2,1,1,2.0
201600037516,0016-08-26 21:00:00,16,8,26,21,0,920,12,"37, PIERRE GRENIER (AVEN",,,Plein jour,En agglomération,Hors intersection,Normale,Autre collision,,,,,,,,,,,1,2,1,1,6.0
201600037517,0016-08-28 23:30:00,16,8,28,23,30,920,12,"76, GALLIENI (RUE) 55/15",,,Nuit avec éclairage allumé,En agglomération,Intersection en X,Normale,Deux véhicules - côté,,,,,,,,,,,5,2,2,1,3.0
201600037518,0016-08-29 11:40:00,16,8,29,11,40,920,12,"231, JEAN JAURES (BOULEV",,,Plein jour,En agglomération,Hors intersection,Normale,Autre collision,,,,,,,,,,,1,2,1,1,6.0
201600037519,0016-08-29 22:30:00,16,8,29,22,30,920,12,"83, EDOUARD VAILLANT (AV",,,Nuit avec éclairage allumé,En agglomération,Hors intersection,Normale,Deux véhicules - arrière,,,,,,,,,,,5,2,1,1,2.0
201600037520,0016-08-30 09:30:00,16,8,30,9,30,920,12,"27, ANDRE MORIZET (AVENU",,,Plein jour,En agglomération,Hors intersection,Normale,Autre collision,,,,,,,,,,,1,2,1,1,6.0
201600037521,0016-08-30 14:35:00,16,8,30,14,35,920,12,"55, POINT DU JOUR (QUAI",,,Plein jour,En agglomération,Hors intersection,Normale,Deux véhicules - côté,,,,,,,,,,,1,2,1,1,3.0
201600037522,0016-09-02 15:56:00,16,9,2,15,56,920,12,"84, SEVRES (RUE DE) 55BI",,,Plein jour,En agglomération,Hors intersection,Normale,Deux véhicules - arrière,,,,,,,,,,,1,2,1,1,2.0
201600037523,0016-09-05 08:55:00,16,9,5,8,55,920,12,"1, REINE (ROUTE DE LA) 1",,,Plein jour,En agglomération,Intersection en X,Pluie légère,Sans collision,,,,,,,,,,,1,2,2,2,7.0
201600037524,0016-09-07 05:00:00,16,9,7,5,0,920,12,"1, DENFERT ROCHEREAU (PL",,,Nuit avec éclairage allumé,En agglomération,Intersection à plus de 4 branches,Normale,Sans collision,,,,,,,,,,,5,2,5,1,7.0
201600037525,0016-09-10 00:01:00,16,9,10,0,1,920,12,REPUBLIQUE (BOULEVARD DE,,,Nuit avec éclairage allumé,En agglomération,Intersection en X,Normale,Sans collision,,,,,,,,,,,5,2,2,1,7.0
201600037526,0016-09-10 21:00:00,16,9,10,21,0,920,12,"1, VIEUX PONT DE SEVRES",,,Nuit avec éclairage allumé,En agglomération,Intersection en X,Normale,Deux véhicules - côté,,,,,,,,,,,5,2,2,1,3.0
201600037527,0016-09-13 08:20:00,16,9,13,8,20,920,12,"11, JEAN BAPTISTE CLEMEN",,,Plein jour,En agglomération,Hors intersection,Normale,Deux véhicules - côté,,,,,,,,,,,1,2,1,1,3.0
201600037528,0016-09-13 23:18:00,16,9,13,23,18,920,12,"5, GENERAL LECLERC (AVEN",,,Nuit avec éclairage allumé,En agglomération,Hors intersection,Normale,Deux véhicules - côté,,,,,,,,,,,5,2,1,1,3.0
201600037529,0016-09-14 09:20:00,16,9,14,9,20,920,12,"60, GENERAL LECLERC (AVE",,,Plein jour,En agglomération,Hors intersection,Normale,Deux véhicules - côté,,,,,,,,,,,1,2,1,1,3.0
201600037530,0016-09-17 09:50:00,16,9,17,9,50,920,12,"1, ANDRE MORIZET (AVENUE",,,Plein jour,En agglomération,Intersection à plus de 4 branches,Normale,Deux véhicules - côté,,,,,,,,,,,1,2,5,1,3.0
201600037531,0016-09-19 14:45:00,16,9,19,14,45,920,12,"52, LONGS PRES (RUE DES)",,,Plein jour,En agglomération,Hors intersection,Normale,Deux véhicules - côté,,,,,,,,,,,1,2,1,1,3.0
201600037532,0016-09-20 10:25:00,16,9,20,10,25,920,12,"39, REINE (ROUTE DE LA)",,,Plein jour,En agglomération,Hors intersection,Normale,Deux véhicules - côté,,,,,,,,,,,1,2,1,1,3.0
201600037533,0016-09-22 21:45:00,16,9,22,21,45,920,12,"51, POINT DU JOUR (QUAI",,,Nuit avec éclairage allumé,En agglomération,Hors intersection,Normale,Deux véhicules - côté,,,,,,,,,,,5,2,1,1,3.0
201600037534,0016-09-23 09:35:00,16,9,23,9,35,920,12,"9, AUTEUIL (BOULEVARD D'",,,Plein jour,En agglomération,Hors intersection,Normale,Deux véhicules - côté,,,,,,,,,,,1,2,1,1,3.0
201600037535,0016-09-24 00:15:00,16,9,24,0,15,920,12,"117, REINE (ROUTE DE LA)",,,Nuit avec éclairage allumé,En agglomération,Hors intersection,Normale,Deux véhicules - côté,,,,,,,,,,,5,2,1,1,3.0
201600037536,0016-09-25 22:43:00,16,9,25,22,43,920,12,"2, ANATOLE FRANCE (BOULE",,,Nuit avec éclairage allumé,En agglomération,Hors intersection,Normale,Autre collision,,,,,,,,,,,5,2,1,1,6.0
201600037537,0016-09-26 20:15:00,16,9,26,20,15,920,12,"24, ANDRE MORIZET (AVENU",,,Crépuscule ou aube,En agglomération,Hors intersection,Normale,Deux véhicules - côté,,,,,,,,,,,2,2,1,1,3.0
201600037538,0016-09-28 17:28:00,16,9,28,17,28,920,12,"1, PONT DE SEVRES (METRO",,,Plein jour,En agglomération,Intersection en T,Normale,Deux véhicules - côté,,,,,,,,,,,1,2,3,1,3.0
201600037539,0016-09-29 09:00:00,16,9,29,9,0,920,12,"26, ALPHONSE LE GALLO (Q",,,Plein jour,En agglomération,Hors intersection,Normale,Trois véhicules et plus - collisions multiples,,,,,,,,,,,1,2,1,1,5.0
201600037540,0016-09-29 15:55:00,16,9,29,15,55,920,12,"78, VICTOR HUGO (AVENUE)",,,Plein jour,En agglomération,Hors intersection,Normale,Deux véhicules - côté,,,,,,,,,,,1,2,1,1,3.0
201600037541,0016-10-03 00:01:00,16,10,3,0,1,920,12,"86, GENERAL LECLERC (AVE",,,Nuit avec éclairage allumé,En agglomération,Hors intersection,Normale,Autre collision,,,,,,,,,,,5,2,1,1,6.0
201600037542,0016-10-03 09:30:00,16,10,3,9,30,920,12,"15, DENFERT ROCHEREAU (R",,,Plein jour,En agglomération,Intersection en X,Normale,Deux véhicules - arrière,,,,,,,,,,,1,2,2,1,2.0
201600037543,0016-10-04 16:30:00,16,10,4,16,30,920,12,"160, PARIS (RUE DE) 97BI",,,Plein jour,En agglomération,Hors intersection,Normale,Deux véhicules - arrière,,,,,,,,,,,1,2,1,1,2.0
201600037544,0016-10-04 19:30:00,16,10,4,19,30,920,12,"160, REINE (ROUTE DE LA)",,,Nuit avec éclairage allumé,En agglomération,Hors intersection,Normale,Deux véhicules - côté,,,,,,,,,,,5,2,1,1,3.0
201600037545,0016-10-06 12:10:00,16,10,6,12,10,920,12,"120, ANDRE MORIZET (AVEN",,,Plein jour,En agglomération,Hors intersection,Normale,Trois véhicules et plus - collisions multiples,,,,,,,,,,,1,2,1,1,5.0
201600037546,0016-10-08 00:15:00,16,10,8,0,15,920,12,"66, GALLIENI (RUE) 55/15",,,Nuit avec éclairage allumé,En agglomération,Hors intersection,Normale,Autre collision,,,,,,,,,,,5,2,1,1,6.0
201600037547,0016-10-08 13:00:00,16,10,8,13,0,920,12,"05, LE CORBUSIER (RUE)",,,Plein jour,En agglomération,Intersection en X,Normale,Autre collision,,,,,,,,,,,1,2,2,1,6.0
201600037548,0016-10-09 17:05:00,16,10,9,17,5,920,12,"01, GEORGES GORSE (QUAI)",,,Plein jour,En agglomération,Hors intersection,Normale,Deux véhicules - côté,,,,,,,,,,,1,2,1,1,3.0
201600037549,0016-10-11 00:45:00,16,10,11,0,45,920,12,"10, ALPHONSE LE GALLO (Q",,,Nuit avec éclairage allumé,En agglomération,Hors intersection,Normale,Deux véhicules - arrière,,,,,,,,,,,5,2,1,1,2.0
201600037550,0016-10-11 18:00:00,16,10,11,18,0,920,12,"26, REPUBLIQUE (BOULEVAR",,,Plein jour,En agglomération,Hors intersection,Normale,Deux véhicules - côté,,,,,,,,,,,1,2,1,1,3.0
201600037551,0016-10-11 18:25:00,16,10,11,18,25,920,12,"23, SILLY (RUE DE) 1/87",,,Plein jour,En agglomération,Hors intersection,Normale,Autre collision,,,,,,,,,,,1,2,1,1,6.0
201600037552,0016-10-12 08:40:00,16,10,12,8,40,920,12,"68, GEORGES GORSE (QUAI)",,,Plein jour,En agglomération,Hors intersection,Normale,Trois véhicules et plus - collisions multiples,,,,,,,,,,,1,2,1,1,5.0
201600037553,0016-10-13 16:30:00,16,10,13,16,30,920,12,"36, SILLY (RUE DE) 1/87",,,Plein jour,En agglomération,Hors intersection,Normale,Trois véhicules et plus - collisions multiples,,,,,,,,,,,1,2,1,1,5.0
201600037554,0016-10-17 11:10:00,16,10,17,11,10,920,12,"126, AGUESSEAU (RUE D')",,,Plein jour,En agglomération,Hors intersection,Normale,Deux véhicules - arrière,,,,,,,,,,,1,2,1,1,2.0
201600037555,0016-10-18 17:50:00,16,10,18,17,50,920,12,"128, REINE (ROUTE DE LA)",,,Plein jour,En agglomération,Hors intersection,Normale,Autre collision,,,,,,,,,,,1,2,1,1,6.0