accident_id,datetime,annee,mois,jour,heure,minute,departement,commune_insee,adresse,latitude,longitude,luminosite,agglomeration,intersection,meteo,collision,nb_vehicules,nb_usagers,nb_indemnes,nb_tues,nb_blesses_hosp,nb_blesses_legers,age_cond_1,age_cond_2,veh_type_cond_1,veh_type_cond_2,lum_code,agg_code,int_code,atm_code,col_code
201600037556,0016-10-19 12:45:00,16,10,19,12,45,920,12,"5, YVES KERMEN (RUE) 3/4",,,Plein jour,En agglomération,Hors intersection,Temps couvert,Autre collision,,,,,,,,,,,1,2,1,8,6.0
201600037557,0016-10-19 15:10:00,16,10,19,15,10,920,12,"126, PONT DE SEVRES (MET",,,Plein jour,En agglomération,Hors intersection,Temps couvert,Deux véhicules - côté,,,,,,,,,,,1,2,1,8,3.0
201600037558,0016-10-20 08:45:00,16,10,20,8,45,920,12,"18, POINT DU JOUR (QUAI",,,Plein jour,En agglomération,Hors intersection,Normale,Deux véhicules - côté,,,,,,,,,,,1,2,1,1,3.0
201600037559,0016-10-20 20:35:00,16,10,20,20,35,920,12,"19, REINE (ROUTE DE LA)",,,Nuit avec éclairage allumé,En agglomération,Hors intersection,Normale,Deux véhicules - côté,,,,,,,,,,,5,2,1,1,3.0
201600037560,0016-10-21 15:30:00,16,10,21,15,30,920,12,"57, EDOUARD VAILLANT (AV",,,Plein jour,En agglomération,Intersection en X,Normale,Deux véhicules - côté,,,,,,,,,,,1,2,2,1,3.0
201600037561,0016-10-24 07:00:00,16,10,24,7,0,920,12,"1, PONT DE SEVRES (ROND",,,Nuit avec éclairage allumé,En agglomération,Hors intersection,Pluie légère,Autre collision,,,,,,,,,,,5,2,1,2,6.0
201600037562,0016-10-24 09:30:00,16,10,24,9,30,920,12,"147, JEAN JAURES (BOULEV",,,Plein jour,En agglomération,Intersection en X,Pluie légère,Deux véhicules - côté,,,,,,,,,,,1,2,2,2,3.0
201600037563,0016-10-24 16:30:00,16,10,24,16,30,920,12,"96, JEAN JAURES (BOULEVA",,,Plein jour,En agglomération,Hors intersection,Normale,Autre collision,,,,,,,,,,,1,2,1,1,6.0
201600037564,0016-10-27 12:20:00,16,10,27,12,20,920,12,"131, SILLY (RUE DE) 89/F",,,Plein jour,En agglomération,Hors intersection,Normale,Deux véhicules - côté,,,,,,,,,,,1,2,1,1,3.0
201600037565,0016-10-27 12:35:00,16,10,27,12,35,920,12,"242, JEAN JAURES (BOULEV",,,Plein jour,En agglomération,Hors intersection,Normale,Autre collision,,,,,,,,,,,1,2,1,1,6.0
201600037566,0016-10-27 13:30:00,16,10,27,13,30,920,12,"31, GAMBETTA (RUE)",,,Plein jour,En agglomération,Intersection en X,Normale,Deux véhicules - côté,,,,,,,,,,,1,2,2,1,3.0
201600037567,0016-10-27 16:30:00,16,10,27,16,30,920,12,"1, LIOT (RUE)",,,Plein jour,En agglomération,Hors intersection,Normale,Autre collision,,,,,,,,,,,1,2,1,1,6.0
201600037568,0016-10-28 17:20:00,16,10,28,17,20,920,12,"931, GEORGES GORSE (QUAI",,,Plein jour,En agglomération,Hors intersection,Normale,Deux véhicules - côté,,,,,,,,,,,1,2,1,1,3.0
201600037569,0016-11-01 11:35:00,16,11,1,11,35,920,12,"1, REINE (ROUTE DE LA) 1",,,Plein jour,En agglomération,Intersection en X,Temps éblouissant,Deux véhicules - côté,,,,,,,,,,,1,2,2,7,3.0
201600037570,0016-11-01 01:10:00,16,11,1,1,10,920,12,"1, MARCEL SEMBAT (PLACE)",,,Plein jour,En agglomération,Place,Normale,Deux véhicules - côté,,,,,,,,,,,1,2,7,1,3.0
201600037571,0016-11-04 18:10:00,16,11,4,18,10,920,12,"133, SILLY (RUE DE) 89/F",,,Nuit avec éclairage allumé,En agglomération,Hors intersection,Pluie légère,Autre collision,,,,,,,,,,,5,2,1,2,6.0
201600037572,0016-11-04 20:20:00,16,11,4,20,20,920,12,"52, ALPHONSE LE GALLO (Q",,,Nuit avec éclairage allumé,En agglomération,Hors intersection,Normale,Sans collision,,,,,,,,,,,5,2,1,1,7.0
201600037573,0016-11-05 18:25:00,16,11,5,18,25,920,12,"204, GENERAL LECLERC (AV",,,Nuit avec éclairage allumé,En agglomération,Hors intersection,Normale,Autre collision,,,,,,,,,,,5,2,1,1,6.0
201600037574,0016-11-08 12:30:00,16,11,8,12,30,920,12,"245, JEAN JAURES (BOULEV",,,Plein jour,En agglomération,Hors intersection,Normale,Autre collision,,,,,,,,,,,1,2,1,1,6.0
201600037575,0016-11-08 19:45:00,16,11,8,19,45,920,12,"62, REINE (ROUTE DE LA)",,,Nuit avec éclairage allumé,En agglomération,Hors intersection,Normale,Deux véhicules - arrière,,,,,,,,,,,5,2,1,1,2.0
201600037576,0016-11-08 20:15:00,16,11,8,20,15,920,12,"18, GENERAL LECLERC (AVE",,,Nuit avec éclairage allumé,En agglomération,Hors intersection,Pluie légère,Trois véhicules et plus - en chaîne,,,,,,,,,,,5,2,1,2,4.0
201600037577,0016-11-09 09:20:00,16,11,9,9,20,920,12,"20, REINE (ROUTE DE LA)",,,Plein jour,En agglomération,Hors intersection,Pluie légère,Autre collision,,,,,,,,,,,1,2,1,2,6.0
201600037578,0016-11-10 13:15:00,16,11,10,13,15,920,12,"21, QUATRE SEPTEMBRE (QU",,,Plein jour,En agglomération,Hors intersection,Pluie légère,Autre collision,,,,,,,,,,,1,2,1,2,6.0
201600037579,0016-11-15 17:13:00,16,11,15,17,13,920,12,"100, GENERAL LECLERC (AV",,,Nuit avec éclairage allumé,En agglomération,Hors intersection,Pluie légère,Autre collision,,,,,,,,,,,5,2,1,2,6.0
201600037580,0016-11-18 22:50:00,16,11,18,22,50,920,12,"30, ALPHONSE LE GALLO (Q",,,Nuit avec éclairage allumé,En agglomération,Intersection en T,Normale,Deux véhicules - côté,,,,,,,,,,,5,2,3,1,3.0
201600037581,0016-11-19 06:45:00,16,11,19,6,45,920,12,"15, QUATRE SEPTEMBRE (QU",,,Nuit avec éclairage allumé,En agglomération,Hors intersection,Normale,Deux véhicules - côté,,,,,,,,,,,5,2,1,1,3.0
201600037582,0016-11-19 14:15:00,16,11,19,14,15,920,12,"72, REPUBLIQUE (BOULEVAR",,,Plein jour,En agglomération,Intersection en X,Normale,Deux véhicules - côté,,,,,,,,,,,1,2,2,1,3.0
201600037583,0016-11-19 17:45:00,16,11,19,17,45,920,12,"28, ANDRE MORIZET (AVENU",,,Nuit avec éclairage allumé,En agglomération,Hors intersection,Normale,Autre collision,,,,,,,,,,,5,2,1,1,6.0
201600037584,0016-11-24 18:25:00,16,11,24,18,25,920,12,"4, ANATOLE FRANCE (BOULE",,,Nuit avec éclairage allumé,En agglomération,Intersection en X,Normale,Deux véhicules - côté,,,,,,,,,,,5,2,2,1,3.0
201600037585,0016-11-30 15:43:00,16,11,30,15,43,920,12,"86, REINE (ROUTE DE LA)",,,Plein jour,En agglomération,Hors intersection,Normale,Autre collision,,,,,,,,,,,1,2,1,1,6.0
201600037586,0016-11-30 19:20:00,16,11,30,19,20,920,12,"122, GENERAL LECLERC (AV",,,Nuit avec éclairage allumé,En agglomération,Hors intersection,Normale,Deux véhicules - arrière,,,,,,,,,,,5,2,1,1,2.0
201600037587,0016-11-14 09:20:00,16,11,14,9,20,920,12,"01, PONT DE SEVRES (METR",,,Plein jour,En agglomération,Hors intersection,Normale,Autre collision,,,,,,,,,,,1,2,1,1,6.0
201600037588,0016-12-02 07:30:00,16,12,2,7,30,920,12,"49, GEORGES GORSE (QUAI)",,,Nuit avec éclairage allumé,En agglomération,Hors intersection,Normale,Deux véhicules - côté,,,,,,,,,,,5,2,1,1,3.0
201600037589,0016-12-05 13:15:00,16,12,5,13,15,920,12,"3, PONT DE BILLANCOURT (",,,Plein jour,En agglomération,Hors intersection,Normale,Sans collision,,,,,,,,,,,1,2,1,1,7.0
201600037590,0016-12-07 15:50:00,16,12,7,15,50,920,12,"38, GEORGES GORSE (QUAI)",,,Plein jour,En agglomération,Hors intersection,Normale,Deux véhicules - côté,,,,,,,,,,,1,2,1,1,3.0
201600037591,0016-12-12 18:30:00,16,12,12,18,30,920,12,"2, SAUSSIERE (RUE DE LA)",,,Nuit avec éclairage allumé,En agglomération,Hors intersection,Pluie légère,Autre collision,,,,,,,,,,,5,2,1,2,6.0
201600037592,0016-12-13 09:25:00,16,12,13,9,25,920,12,"46, ANDRE MORIZET (AVENU",,,Plein jour,En agglomération,Hors intersection,Temps couvert,Autre collision,,,,,,,,,,,1,2,1,8,6.0
201600037593,0016-12-14 16:00:00,16,12,14,16,0,920,12,"701, GENERAL LECLERC (AV",,,Plein jour,En agglomération,Intersection en T,Normale,Deux véhicules - côté,,,,,,,,,,,1,2,3,1,3.0
201600037594,0016-12-15 07:30:00,16,12,15,7,30,920,12,"1, RHIN ET DANUBE (ROND",,,Crépuscule ou aube,En agglomération,Giratoire,Normale,Autre collision,,,,,,,,,,,2,2,6,1,6.0
201600037595,0016-12-15 13:15:00,16,12,15,13,15,920,12,"6, SEVRES (RUE DE) 1/55",,,Plein jour,En agglomération,Hors intersection,Normale,Autre collision,,,,,,,,,,,1,2,1,1,6.0
201600037596,0016-12-18 12:00:00,16,12,18,12,0,920,12,"81, LES ENFANTS DU PARAD",,,Plein jour,En agglomération,Hors intersection,Normale,Autre collision,,,,,,,,,,,1,2,1,1,6.0
201600037597,0016-12-20 07:20:00,16,12,20,7,20,920,12,"251, JEAN JAURES (BOULEV",,,Nuit avec éclairage allumé,En agglomération,Hors intersection,Normale,Autre collision,,,,,,,,,,,5,2,1,1,6.0
201600037598,0016-12-19 12:00:00,16,12,19,12,0,920,12,"angle, BELLEVUE (RUE DE)",,,Plein jour,En agglomération,Intersection en T,Normale,Trois véhicules et plus - collisions multiples,,,,,,,,,,,1,2,3,1,5.0
201600037599,0016-12-21 20:35:00,16,12,21,20,35,920,12,VICTOR HUGO (AVENUE) DEB,,,Nuit avec éclairage allumé,En agglomération,Intersection en X,Pluie légère,Deux véhicules - côté,,,,,,,,,,,5,2,2,2,3.0
201600037600,0016-01-04 19:15:00,16,1,4,19,15,920,32,PANORAMA (ROUTE DU),,,Nuit avec éclairage allumé,En agglomération,Intersection en T,Normale,Autre collision,,,,,,,,,,,5,2,3,1,6.0
201600037601,0016-01-11 07:48:00,16,1,11,7,48,920,71,"5, QUATRES CHEMINS (AVEN",,,Crépuscule ou aube,En agglomération,Intersection en X,Pluie légère,Deux véhicules - côté,,,,,,,,,,,2,2,2,2,3.0
201600037602,0016-01-19 11:50:00,16,1,19,11,50,920,32,LAVAUD JEAN (RUE),,,Plein jour,En agglomération,Intersection en T,Normale,Deux véhicules - côté,,,,,,,,,,,1,2,3,1,3.0
201600037603,0016-02-07 02:35:00,16,2,7,2,35,920,71,"30, aVENUE JEAN PERRIN",,,Nuit avec éclairage allumé,En agglomération,Hors intersection,Pluie légère,Autre collision,,,,,,,,,,,5,2,1,2,6.0
201600037604,0016-02-09 08:50:00,16,2,9,8,50,920,32,"1, FOCH MARECHAL (AVENUE",,,Plein jour,En agglomération,Intersection en T,Pluie légère,Autre collision,,,,,,,,,,,1,2,3,2,6.0
201600037605,0016-02-12 18:15:00,16,2,12,18,15,920,32,"2 BIS, LOMBARD (AVENUE)",,,Crépuscule ou aube,En agglomération,Hors intersection,Temps couvert,Autre collision,,,,,,,,,,,2,2,1,8,6.0
201600037606,0016-02-14 21:00:00,16,2,14,21,0,920,19,DIVISION LECLERC (AVENUE,,,Nuit avec éclairage allumé,En agglomération,Intersection en T,Pluie légère,Autre collision,,,,,,,,,,,5,2,3,2,6.0
201600037607,0016-02-17 13:20:00,16,2,17,13,20,920,19,"52, LONGUET JEAN (rue)",,,Plein jour,En agglomération,Intersection en X,Normale,Sans collision,,,,,,,,,,,1,2,2,1,7.0
201600037608,0016-02-20 15:00:00,16,2,20,15,0,920,71,"10, AVENUE JEAN PERRIN",,,Plein jour,En agglomération,Hors intersection,Normale,Deux véhicules - côté,,,,,,,,,,,1,2,1,1,3.0
201600037609,0016-02-20 18:15:00,16,2,20,18,15,920,32,LOMBARD (AVENUE),,,Crépuscule ou aube,En agglomération,Intersection en X,Normale,Deux véhicules - côté,,,,,,,,,,,2,2,2,1,3.0
201600037610,0016-03-10 19:20:00,16,3,10,19,20,920,71,LE NOTRE (AVENUE),,,Nuit avec éclairage allumé,En agglomération,Intersection en T,Normale,Deux véhicules - côté,,,,,,,,,,,5,2,3,1,3.0
201600037611,0016-04-12 10:30:00,16,4,12,10,30,920,19,"5, FRERES MONTGOLFIERS (",,,Plein jour,En agglomération,Hors intersection,Normale,Autre collision,,,,,,,,,,,1,2,1,1,6.0
201600037612,0016-04-12 23:10:00,16,4,12,23,10,920,19,LECLERC DIVISION (AVENUE,,,Nuit avec éclairage allumé,En agglomération,Intersection en T,Normale,Deux véhicules - côté,,,,,,,,,,,5,2,3,1,3.0
201600037613,0016-04-19 08:45:00,16,4,19,8,45,920,19,"251, DIVISION LECLERC (A",,,Plein jour,En agglomération,Autre intersection,Normale,Deux véhicules - côté,,,,,,,,,,,1,2,9,1,3.0
201600037614,0016-04-24 03:00:00,16,4,24,3,0,920,19,BERGNEUSTADT (ROND POINT,,,Nuit avec éclairage allumé,En agglomération,Hors intersection,Normale,Sans collision,,,,,,,,,,,5,2,1,1,7.0
201600037615,0016-05-04 13:00:00,16,5,4,13,0,920,71,HONNEUR (ALLEE D'),,,Plein jour,En agglomération,Intersection en T,Normale,Autre collision,,,,,,,,,,,1,2,3,1,6.0
201600037616,0016-05-04 16:30:00,16,5,4,16,30,920,19,"295, DIVISION LECLERC (A",,,Plein jour,En agglomération,Intersection en X,Normale,Autre collision,,,,,,,,,,,1,2,2,1,6.0
201600037617,0016-05-16 19:15:00,16,5,16,19,15,920,19,LOUP PENDU CHEMIN),,,Plein jour,En agglomération,Giratoire,Normale,Deux véhicules - côté,,,,,,,,,,,1,2,6,1,3.0
201600037618,0016-05-19 21:34:00,16,5,19,21,34,920,19,"57, DIVISION LECLERC (AV",,,Plein jour,En agglomération,Hors intersection,Normale,Autre collision,,,,,,,,,,,1,2,1,1,6.0
201600037619,0016-05-31 21:45:00,16,5,31,21,45,920,19,PRESSENCE FRANCIS (AVENU,,,Crépuscule ou aube,En agglomération,Intersection en X,Normale,Autre collision,,,,,,,,,,,2,2,2,1,6.0
201600037620,0016-06-03 19:50:00,16,6,3,19,50,920,71,"127, HOUDAN (RUE)",,,Plein jour,En agglomération,Hors intersection,Normale,Deux véhicules - arrière,,,,,,,,,,,1,2,1,1,2.0
201600037621,0016-07-10 23:55:00,16,7,10,23,55,920,19,"93, JAURES JEAN (RUE)",,,Nuit avec éclairage allumé,En agglomération,Hors intersection,Normale,Autre collision,,,,,,,,,,,5,2,1,1,6.0
201600037622,0016-07-16 18:00:00,16,7,16,18,0,920,19,"257, LECLERC DIVISION (A",,,Plein jour,En agglomération,Intersection en T,Normale,Deux véhicules - côté,,,,,,,,,,,1,2,3,1,3.0
201600037623,0016-08-28 03:30:00,16,8,28,3,30,920,71,HONNEUR (ALLEE D'),,,Nuit avec éclairage allumé,En agglomération,Intersection en T,Normale,Autre collision,,,,,,,,,,,5,2,3,1,6.0
201600037624,0016-09-05 15:10:00,16,9,5,15,10,920,19,SINTES (RUE),,,Plein jour,En agglomération,Intersection en T,Pluie légère,Deux véhicules - côté,,,,,,,,,,,1,2,3,2,3.0
201600037625,0016-09-08 08:25:00,16,9,8,8,25,920,19,QUATRE CHEMINS (AVENUE D,,,Plein jour,En agglomération,Intersection en T,Normale,Deux véhicules - côté,,,,,,,,,,,1,2,3,1,3.0
201600037626,0016-09-08 18:15:00,16,9,8,18,15,920,19,DIVISION LECLERC (AVENUE,,,Plein jour,En agglomération,Giratoire,Normale,Deux véhicules - côté,,,,,,,,,,,1,2,6,1,3.0
201600037627,0016-09-13 21:10:00,16,9,13,21,10,920,32,"19, LOMBARD (AVENUE)",,,Nuit avec éclairage allumé,En agglomération,Hors intersection,Normale,Deux véhicules - arrière,,,,,,,,,,,5,2,1,1,2.0
201600037628,0016-09-16 06:30:00,16,9,16,6,30,920,19,VALLEES (RUE DES),,,Nuit sans éclairage public,En agglomération,Hors intersection,Normale,Autre collision,,,,,,,,,,,3,2,1,1,6.0
201600037629,0016-09-23 18:55:00,16,9,23,18,55,920,19,"5, CLEMENT JEAN BAPTISTE",,,Plein jour,En agglomération,Hors intersection,Normale,Deux véhicules - côté,,,,,,,,,,,1,2,1,1,3.0
201600037630,0016-10-04 07:00:00,16,10,4,7,0,920,32,BOUCICAUT (RUE),,,Crépuscule ou aube,En agglomération,Intersection en X,Normale,Deux véhicules - côté,,,,,,,,,,,2,2,2,1,3.0
201600037631,0016-10-16 13:30:00,16,10,16,13,30,920,32,SAINT SAUVEUR (RUE DES),,,Plein jour,En agglomération,Intersection en X,Normale,Deux véhicules - côté,,,,,,,,,,,1,2,2,1,3.0
201600037632,0016-10-25 20:10:00,16,10,25,20,10,920,19,"167, AULNAY (RUE)",,,Nuit avec éclairage allumé,En agglomération,Hors intersection,Pluie légère,Autre collision,,,,,,,,,,,5,2,1,2,6.0
201600037633,0016-10-19 23:00:00,16,10,19,23,0,920,19,"368, DIVISION LECLERC (A",,,Nuit avec éclairage allumé,En agglomération,Hors intersection,Normale,Deux véhicules - arrière,,,,,,,,,,,5,2,1,1,2.0
201600037634,0016-10-31 18:40:00,16,10,31,18,40,920,32,"9, BELLEVUE (RUE DE)",,,Nuit avec éclairage allumé,En agglomération,Hors intersection,Normale,Autre collision,,,,,,,,,,,5,2,1,1,6.0
201600037635,0016-11-04 13:00:00,16,11,4,13,0,920,19,VIGNES (GRANDE VOIE DES),,,Plein jour,En agglomération,Giratoire,Pluie légère,Sans collision,,,,,,,,,,,1,2,6,2,7.0
201600037636,0016-11-15 12:00:00,16,11,15,12,0,920,71,"10, LE NOTRE (AVENUE)",,,Plein jour,En agglomération,Autre intersection,Normale,Deux véhicules - arrière,,,,,,,,,,,1,2,9,1,2.0
201600037637,0016-11-22 17:15:00,16,11,22,17,15,920,19,"142, DIVISION LECLERC (A",,,Nuit avec éclairage allumé,En agglomération,Hors intersection,Vent fort / tempête,Deux véhicules - côté,,,,,,,,,,,5,2,1,6,3.0
201600037638,0016-11-19 13:30:00,16,11,19,13,30,920,32,BOUCICAUT (RUE),,,Plein jour,En agglomération,Intersection en X,Normale,Deux véhicules - côté,,,,,,,,,,,1,2,2,1,3.0
201600037639,0016-11-19 17:10:00,16,11,19,17,10,920,32,"28, LOMBARD (AVENUE)",,,Crépuscule ou aube,En agglomération,Hors intersection,Normale,Deux véhicules - côté,,,,,,,,,,,2,2,1,1,3.0
201600037640,0016-11-25 10:30:00,16,11,25,10,30,920,19,DIVISION LECLERC (AVENUE,,,Plein jour,En agglomération,Autre intersection,Normale,Deux véhicules - côté,,,,,,,,,,,1,2,9,1,3.0
201600037641,0016-11-27 19:15:00,16,11,27,19,15,920,71,"56 bis, CLEMENCEAU GEORG",,,Nuit avec éclairage allumé,En agglomération,Hors intersection,Normale,Deux véhicules - côté,,,,,,,,,,,5,2,1,1,3.0
201600037642,0016-12-01 16:07:00,16,12,1,16,7,920,71,"46, CAUCHY (AVENUE)",,,Plein jour,En agglomération,Hors intersection,Normale,Autre collision,,,,,,,,,,,1,2,1,1,6.0
201600037643,0016-12-14 14:25:00,16,12,14,14,25,920,32,BLAGIS (CARREFOUR DES),,,Plein jour,En agglomération,Giratoire,Normale,Deux véhicules - arrière,,,,,,,,,,,1,2,6,1,2.0
201600037644,0016-12-17 14:00:00,16,12,17,14,0,920,32,"47, PELNARD JEAN NOEL (R",,,Plein jour,En agglomération,Hors intersection,Normale,Autre collision,,,,,,,,,,,1,2,1,1,6.0
201600037645,0016-12-29 18:05:00,16,12,29,18,5,920,19,"183, DIVISION LECLERC (A",,,Nuit avec éclairage allumé,En agglomération,Hors intersection,Normale,Autre collision,,,,,,,,,,,5,2,1,1,6.0
201600037646,0016-01-03 17:00:00,16,1,3,17,0,920,23,CLAUD  TREBIGNAUD (AVENU,,,Nuit avec éclairage allumé,En agglomération,Hors intersection,Pluie légère,Trois véhicules et plus - collisions multiples,,,,,,,,,,,5,2,1,2,5.0
201600037647,0016-01-05 07:46:00,16,1,5,7,46,920,23,PORTE DE TRIVAUX (RUE DE,,,Nuit avec éclairage allumé,En agglomération,Hors intersection,Pluie légère,Autre collision,,,,,,,,,,,5,2,1,2,6.0
201600037648,0016-01-08 08:15:00,16,1,8,8,15,920,60,PAUL LANGEVIN (AVENUE) (,,,Nuit avec éclairage allumé,En agglomération,Hors intersection,Normale,Deux véhicules - arrière,,,,,,,,,,,5,2,1,1,2.0
201600037649,0016-12-30 18:05:00,16,12,30,18,5,920,23,"0, GENERAL DE GAULLE (AV",,,Nuit avec éclairage allumé,En agglomération,Intersection en X,Pluie légère,Deux véhicules - côté,,,,,,,,,,,5,2,2,2,3.0
201600037650,0016-12-31 06:50:00,16,12,31,6,50,920,60,"136, RESISTANCE (AVENUE",,,Nuit avec éclairage allumé,En agglomération,Hors intersection,Neige / grêle,Sans collision,,,,,,,,,,,5,2,1,4,7.0
201600037651,0016-01-08 23:35:00,16,1,8,23,35,920,60,"79, REPUBLIQUE (AVENUE D",,,Nuit avec éclairage allumé,En agglomération,Hors intersection,Normale,Deux véhicules - côté,,,,,,,,,,,5,2,1,1,3.0
201600037652,0016-01-15 14:45:00,16,1,15,14,45,920,60,"13, CHARLES DE GAULLE (A",,,Plein jour,En agglomération,Hors intersection,Normale,Autre collision,,,,,,,,,,,1,2,1,1,6.0
201600037653,0016-01-20 19:40:00,16,1,20,19,40,920,60,"130, MALABRY (RUE DE)",,,Nuit avec éclairage allumé,En agglomération,Hors intersection,Normale,Deux véhicules - arrière,,,,,,,,,,,5,2,1,1,2.0
201600037654,0016-01-22 09:24:00,16,1,22,9,24,920,60,"05, PAUL LANGEVIN (AVENU",,,Plein jour,En agglomération,Hors intersection,Normale,Deux véhicules - arrière,,,,,,,,,,,1,2,1,1,2.0
201600037655,0016-01-22 13:35:00,16,1,22,13,35,920,23,"74, HENRI BARBUSSE (AVEN",,,Plein jour,En agglomération,Hors intersection,Normale,Autre collision,,,,,,,,,,,1,2,1,1,6.0
201600037656,0016-02-03 20:30:00,16,2,3,20,30,920,60,"2, CHARLES DE GAULLE (AV",,,Nuit avec éclairage allumé,En agglomération,Hors intersection,Normale,Deux véhicules - côté,,,,,,,,,,,5,2,1,1,3.0
201600037657,0016-01-28 18:05:00,16,1,28,18,5,920,60,CHARLES DE GAULLE (AVENU,,,Nuit sans éclairage public,En agglomération,Hors intersection,Normale,Autre collision,,,,,,,,,,,3,2,1,1,6.0
201600037658,0016-02-09 19:40:00,16,2,9,19,40,920,60,"22, LEON BLUM (AVENUE) (",,,Nuit avec éclairage allumé,En agglomération,Hors intersection,Pluie légère,Autre collision,,,,,,,,,,,5,2,1,2,6.0
201600037659,0016-02-08 08:45:00,16,2,8,8,45,920,23,"533, GENERAL DE GAULLE (",,,Plein jour,En agglomération,Hors intersection,Normale,Deux véhicules - côté,,,,,,,,,,,1,2,1,1,3.0
201600037660,0016-02-11 12:05:00,16,2,11,12,5,920,23,"07, VICTOR HUGO (AVENUE)",,,Plein jour,En agglomération,Hors intersection,Pluie légère,Deux véhicules - côté,,,,,,,,,,,1,2,1,2,3.0
201600037661,0016-02-11 23:50:00,16,2,11,23,50,920,60,"01, CHARLES DE GAULLE (A",,,Nuit avec éclairage allumé,En agglomération,Hors intersection,Normale,Deux véhicules - arrière,,,,,,,,,,,5,2,1,1,2.0
201600037662,0016-02-24 08:25:00,16,2,24,8,25,920,23,"65, GENERAL DE GAULLE (A",,,Plein jour,En agglomération,Hors intersection,Normale,Deux véhicules - côté,,,,,,,,,,,1,2,1,1,3.0
201600037663,0016-02-26 23:53:00,16,2,26,23,53,920,23,"185, VICTOR HUGO (AVENUE",,,Nuit avec éclairage allumé,En agglomération,Hors intersection,Normale,Deux véhicules - côté,,,,,,,,,,,5,2,1,1,3.0
201600037664,0016-02-12 18:15:00,16,2,12,18,15,920,60,"9, DESCARTES (AVENUE)",,,Nuit avec éclairage allumé,En agglomération,Hors intersection,Normale,Deux véhicules - arrière,,,,,,,,,,,5,2,1,1,2.0
201600037665,0016-02-14 05:50:00,16,2,14,5,50,920,60,"20, LEON BLUM (AVENUE) (",,,Nuit avec éclairage allumé,En agglomération,Hors intersection,Normale,Autre collision,,,,,,,,,,,5,2,1,1,6.0
201600037666,0016-02-17 17:35:00,16,2,17,17,35,920,23,PETIT CLAMART (ROND POIN,,,Plein jour,En agglomération,Hors intersection,Normale,Deux véhicules - côté,,,,,,,,,,,1,2,1,1,3.0
201600037667,0016-02-19 16:30:00,16,2,19,16,30,920,60,RESISTANCE (PLACE DE LA),,,Plein jour,En agglomération,Hors intersection,Normale,Deux véhicules - côté,,,,,,,,,,,1,2,1,1,3.0
201600037668,0016-02-26 21:45:00,16,2,26,21,45,920,23,"10, TABOISE (RUE)",,,Nuit avec éclairage allumé,En agglomération,Hors intersection,Normale,Sans collision,,,,,,,,,,,5,2,1,1,7.0
201600037669,0016-02-24 15:20:00,16,2,24,15,20,920,23,"447, GENERAL DE GAULLE (",,,Plein jour,En agglomération,Intersection en X,Pluie légère,Sans collision,,,,,,,,,,,1,2,2,2,7.0
201600037670,0016-03-08 09:00:00,16,3,8,9,0,920,23,PAIX (AVENUE DE LA),,,Crépuscule ou aube,En agglomération,Hors intersection,Normale,Autre collision,,,,,,,,,,,2,2,1,1,6.0
201600037671,0016-03-11 12:15:00,16,3,11,12,15,920,23,GENERAL DE GAULLE (AV DU,,,Plein jour,En agglomération,Intersection en X,Normale,Deux véhicules - côté,,,,,,,,,,,1,2,2,1,3.0
201600037672,0016-03-14 07:45:00,16,3,14,7,45,920,23,"139, FLEURY (RUE DE)",,,Plein jour,En agglomération,Hors intersection,Normale,Deux véhicules - arrière,,,,,,,,,,,1,2,1,1,2.0
201600037673,0016-03-14 17:35:00,16,3,14,17,35,920,60,"63bis, GENERAL LECLERC (",,,Plein jour,En agglomération,Hors intersection,Normale,Autre collision,,,,,,,,,,,1,2,1,1,6.0
201600037674,0016-03-17 07:35:00,16,3,17,7,35,920,60,"11, CHARLES DE GAULLE (A",,,Plein jour,En agglomération,Hors intersection,Normale,Deux véhicules - côté,,,,,,,,,,,1,2,1,1,3.0
201600037675,0016-03-18 11:40:00,16,3,18,11,40,920,23,"63, GENERAL DE GAULLE (A",,,Plein jour,En agglomération,Hors intersection,Normale,Autre collision,,,,,,,,,,,1,2,1,1,6.0
201600037676,0016-03-23 18:30:00,16,3,23,18,30,920,23,PETIT CLAMART (ROND POIN,,,Crépuscule ou aube,En agglomération,Giratoire,Normale,Autre collision,,,,,,,,,,,2,2,6,1,6.0
201600037677,0016-03-26 09:40:00,16,3,26,9,40,920,23,PRESIDENT ROOSEVELT (RUE,,,Plein jour,En agglomération,Hors intersection,Normale,Autre collision,,,,,,,,,,,1,2,1,1,6.0
201600037678,0016-03-29 09:10:00,16,3,29,9,10,920,23,"18, HENRI BARBUSSE (AVEN",,,Plein jour,En agglomération,Hors intersection,Normale,Deux véhicules - côté,,,,,,,,,,,1,2,1,1,3.0
201600037679,0016-03-31 13:15:00,16,3,31,13,15,920,23,"9, BIEVRES (RUE DE)",,,Plein jour,En agglomération,Hors intersection,Normale,Deux véhicules - frontale,,,,,,,,,,,1,2,1,1,1.0
201600037680,0016-03-31 19:15:00,16,3,31,19,15,920,23,"233, GENERAL DE GAULLE (",,,Plein jour,En agglomération,Hors intersection,Normale,Autre collision,,,,,,,,,,,1,2,1,1,6.0
201600037681,0016-04-04 19:41:00,16,4,4,19,41,920,23,"28, CHAMPAGNE (RUE)",,,Plein jour,En agglomération,Hors intersection,Normale,Autre collision,,,,,,,,,,,1,2,1,1,6.0
201600037682,0016-04-06 14:40:00,16,4,6,14,40,920,23,"174, HENRI BARBUSSE (AVE",,,Plein jour,En agglomération,Hors intersection,Normale,Deux véhicules - côté,,,,,,,,,,,1,2,1,1,3.0