accident_id,datetime,annee,mois,jour,heure,minute,departement,commune_insee,adresse,latitude,longitude,luminosite,agglomeration,intersection,meteo,collision,nb_vehicules,nb_usagers,nb_indemnes,nb_tues,nb_blesses_hosp,nb_blesses_legers,age_cond_1,age_cond_2,veh_type_cond_1,veh_type_cond_2,lum_code,agg_code,int_code,atm_code,col_code
201600037683,0016-04-07 19:17:00,16,4,7,19,17,920,23,"5, JEAN BAPTISTE CLEMENT",,,Plein jour,En agglomération,Hors intersection,Normale,Deux véhicules - arrière,,,,,,,,,,,1,2,1,1,2.0
201600037684,0016-04-12 19:30:00,16,4,12,19,30,920,23,"01, PORTE DE TRIVAUX (RU",,,Crépuscule ou aube,En agglomération,Intersection en T,Normale,Autre collision,,,,,,,,,,,2,2,3,1,6.0
201600037685,0016-04-15 19:15:00,16,4,15,19,15,920,23,"350, GENERAL DE GAULLE (",,,Plein jour,En agglomération,Hors intersection,Normale,Deux véhicules - arrière,,,,,,,,,,,1,2,1,1,2.0
201600037686,0016-04-18 20:10:00,16,4,18,20,10,920,23,"22, HENRI BARBUSSE (AVEN",,,Plein jour,En agglomération,Hors intersection,Normale,Deux véhicules - arrière,,,,,,,,,,,1,2,1,1,2.0
201600037687,0016-04-28 16:20:00,16,4,28,16,20,920,23,"78, PAVE BLANC (ROUTE DU",,,Plein jour,En agglomération,Hors intersection,Normale,Autre collision,,,,,,,,,,,1,2,1,1,6.0
201600037688,0016-04-26 18:50:00,16,4,26,18,50,920,23,PORTE DE TRIVAUX (RUE DE,,,Plein jour,En agglomération,Hors intersection,Normale,Autre collision,,,,,,,,,,,1,2,1,1,6.0
201600037689,0016-07-03 16:16:00,16,7,3,16,16,920,23,"01, AQUITAINE (AVENUE D'",,,Plein jour,En agglomération,Hors intersection,Pluie légère,Autre collision,,,,,,,,,,,1,2,1,2,6.0
201600037690,0016-05-13 23:00:00,16,5,13,23,0,920,23,"0, EUGENE BEAUJARD (CARR",,,Nuit avec éclairage allumé,En agglomération,Giratoire,Normale,Sans collision,,,,,,,,,,,5,2,6,1,7.0
201600037691,0016-05-22 14:35:00,16,5,22,14,35,920,23,"192, HENRI BARBUSSE (AVE",,,Plein jour,En agglomération,Hors intersection,Pluie forte,Deux véhicules - frontale,,,,,,,,,,,1,2,1,3,1.0
201600037692,0016-05-21 12:35:00,16,5,21,12,35,920,23,"14, VANVES (RUE DE)",,,Plein jour,En agglomération,Hors intersection,Normale,Autre collision,,,,,,,,,,,1,2,1,1,6.0
201600037693,0016-05-22 18:50:00,16,5,22,18,50,920,60,"01, PAUL LANGEVIN (AVENU",,,Plein jour,En agglomération,Giratoire,Normale,Autre collision,,,,,,,,,,,1,2,6,1,6.0
201600037694,0016-05-19 18:10:00,16,5,19,18,10,920,60,RESISTANCE (AVENUE DE LA,,,Plein jour,En agglomération,Hors intersection,Normale,Sans collision,,,,,,,,,,,1,2,1,1,7.0
201600037695,0016-05-28 14:50:00,16,5,28,14,50,920,23,"10, PIERRE BAUDRY (RUE)",,,Plein jour,En agglomération,Hors intersection,Pluie forte,Autre collision,,,,,,,,,,,1,2,1,3,6.0
201600037696,0016-05-31 20:25:00,16,5,31,20,25,920,23,"0, GENERAL DE GAULLE (AV",,,Crépuscule ou aube,En agglomération,Passage à niveau,Pluie légère,Autre collision,,,,,,,,,,,2,2,8,2,6.0
201600037697,0016-06-01 09:23:00,16,6,1,9,23,920,23,"0, MARQUIS (PLACE) N°1 E",,,Plein jour,En agglomération,Hors intersection,Pluie forte,Sans collision,,,,,,,,,,,1,2,1,3,7.0
201600037698,0016-06-04 22:35:00,16,6,4,22,35,920,23,"165, JEAN JAURES (AVENUE",,,Nuit avec éclairage allumé,En agglomération,Hors intersection,Normale,Deux véhicules - côté,,,,,,,,,,,5,2,1,1,3.0
201600037699,0016-05-06 19:10:00,16,5,6,19,10,920,60,"0, ALLIES (PLACE DES)",,,Plein jour,En agglomération,Hors intersection,Normale,Deux véhicules - arrière,,,,,,,,,,,1,2,1,1,2.0
201600037700,0016-06-06 19:10:00,16,6,6,19,10,920,23,"38, MEUDON (RUE DE)",,,Plein jour,En agglomération,Hors intersection,Normale,Deux véhicules - arrière,,,,,,,,,,,1,2,1,1,2.0
201600037701,0016-05-09 08:20:00,16,5,9,8,20,920,23,"146, HENRI BARBUSSE (AVE",,,Plein jour,En agglomération,Hors intersection,Normale,Deux véhicules - frontale,,,,,,,,,,,1,2,1,1,1.0
201600037702,0016-06-10 01:10:00,16,6,10,1,10,920,23,CLAUDE TREBIGNAUD (AVENU,,,Nuit avec éclairage allumé,En agglomération,Hors intersection,Normale,Trois véhicules et plus - en chaîne,,,,,,,,,,,5,2,1,1,4.0
201600037703,0016-06-10 23:50:00,16,6,10,23,50,920,60,"07, LEON BLUM (AVENUE) (",,,Nuit avec éclairage allumé,En agglomération,Hors intersection,Normale,Sans collision,,,,,,,,,,,5,2,1,1,7.0
201600037704,0016-06-10 09:25:00,16,6,10,9,25,920,60,"78, CHARLES DE GAULLE (A",,,Plein jour,En agglomération,Hors intersection,Normale,Autre collision,,,,,,,,,,,1,2,1,1,6.0
201600037705,0016-06-14 19:30:00,16,6,14,19,30,920,23,"21, PARC (RUE DU)",,,Plein jour,En agglomération,Hors intersection,Normale,Autre collision,,,,,,,,,,,1,2,1,1,6.0
201600037706,0016-06-20 15:30:00,16,6,20,15,30,920,23,GENERAL DE GAULLE (AVENU,,,Plein jour,En agglomération,Hors intersection,Pluie légère,Autre collision,,,,,,,,,,,1,2,1,2,6.0
201600037707,0016-06-23 09:15:00,16,6,23,9,15,920,23,"0, CLAUDE TREBIGNAUD (AV",,,Plein jour,En agglomération,Hors intersection,Normale,Deux véhicules - arrière,,,,,,,,,,,1,2,1,1,2.0
201600037708,0016-07-03 18:30:00,16,7,3,18,30,920,23,"154, HENRI BARBUSSE (AVE",,,Plein jour,En agglomération,Hors intersection,Pluie forte,Sans collision,,,,,,,,,,,1,2,1,3,7.0
201600037709,0016-05-30 15:55:00,16,5,30,15,55,920,23,"0, CHATILLON (RUE DE)",,,Plein jour,En agglomération,Hors intersection,Pluie forte,Sans collision,,,,,,,,,,,1,2,1,3,7.0
201600037710,0016-07-05 17:20:00,16,7,5,17,20,920,23,MEUDON (RUE DE),,,Plein jour,En agglomération,Hors intersection,Normale,Deux véhicules - côté,,,,,,,,,,,1,2,1,1,3.0
201600037711,0016-07-07 23:45:00,16,7,7,23,45,920,23,"157, GENERAL DE GAULLE (",,,Nuit avec éclairage allumé,En agglomération,Hors intersection,Normale,Deux véhicules - côté,,,,,,,,,,,5,2,1,1,3.0
201600037712,0016-07-09 19:00:00,16,7,9,19,0,920,60,"70, CHARLES DE GAULLE (A",,,Plein jour,En agglomération,Hors intersection,Normale,Deux véhicules - côté,,,,,,,,,,,1,2,1,1,3.0
201600037713,0016-07-18 10:20:00,16,7,18,10,20,920,60,"90, CHARLES DE GAULLE (A",,,Plein jour,En agglomération,Hors intersection,Normale,Deux véhicules - arrière,,,,,,,,,,,1,2,1,1,2.0
201600037714,0016-07-19 10:40:00,16,7,19,10,40,920,23,"01, CLAUDE TREBIGNAUD (A",,,Plein jour,En agglomération,Hors intersection,Normale,Deux véhicules - arrière,,,,,,,,,,,1,2,1,1,2.0
201600037715,0016-07-23 00:35:00,16,7,23,0,35,920,23,"0, GENERAL DE GAULLE (AV",,,Nuit avec éclairage allumé,En agglomération,Intersection en X,Normale,Deux véhicules - côté,,,,,,,,,,,5,2,2,1,3.0
201600037716,0016-07-28 09:00:00,16,7,28,9,0,920,23,"0, GARDE (PLACE DU) S101",,,Plein jour,En agglomération,Hors intersection,Pluie légère,Sans collision,,,,,,,,,,,1,2,1,2,7.0
201600037717,0016-07-28 18:45:00,16,7,28,18,45,920,60,"0, PAUL LANGEVIN (AVENUE",,,Plein jour,En agglomération,Intersection en Y,Normale,Deux véhicules - côté,,,,,,,,,,,1,2,4,1,3.0
201600037718,0016-08-01 17:05:00,16,8,1,17,5,920,23,PORTE DE TRIVAUX (RUE DE,,,Plein jour,En agglomération,Hors intersection,Normale,Sans collision,,,,,,,,,,,1,2,1,1,7.0
201600037719,0016-08-01 18:55:00,16,8,1,18,55,920,60,"01, RESISTANCE (PLACE DE",,,Plein jour,En agglomération,Hors intersection,Normale,Deux véhicules - arrière,,,,,,,,,,,1,2,1,1,2.0
201600037720,0016-08-03 18:45:00,16,8,3,18,45,920,23,"55, HENRI BARBUSSE (AVEN",,,Plein jour,En agglomération,Hors intersection,Normale,Deux véhicules - côté,,,,,,,,,,,1,2,1,1,3.0
201600037721,0016-08-16 12:30:00,16,8,16,12,30,920,23,"0, TRIVAUX (CARREFOUR DE",,,Plein jour,En agglomération,Giratoire,Normale,Sans collision,,,,,,,,,,,1,2,6,1,7.0
201600037722,0016-08-18 19:20:00,16,8,18,19,20,920,23,"287, GENERAL DE GAULLE (",,,Plein jour,En agglomération,Hors intersection,Pluie légère,Trois véhicules et plus - en chaîne,,,,,,,,,,,1,2,1,2,4.0
201600037723,0016-08-21 20:20:00,16,8,21,20,20,920,60,"1, PIERRE D'ARTAGNAN (RU",,,Plein jour,En agglomération,Hors intersection,Normale,Autre collision,,,,,,,,,,,1,2,1,1,6.0
201600037724,0016-08-22 17:45:00,16,8,22,17,45,920,23,"340, GENERAL DE GAULLE (",,,Plein jour,En agglomération,Hors intersection,Normale,Deux véhicules - arrière,,,,,,,,,,,1,2,1,1,2.0
201600037725,0016-08-28 02:40:00,16,8,28,2,40,920,23,"0, PETIT CLAMART (ROND P",,,Nuit avec éclairage non allumé,En agglomération,Hors intersection,Normale,Sans collision,,,,,,,,,,,4,2,1,1,7.0
201600037726,0016-08-31 09:00:00,16,8,31,9,0,920,23,"0, CLAUDE TREBIGNAUD (AV",,,Plein jour,En agglomération,Hors intersection,Normale,Autre collision,,,,,,,,,,,1,2,1,1,6.0
201600037727,0016-08-26 11:30:00,16,8,26,11,30,920,23,"202, JEAN JAURES (AVENUE",,,Plein jour,En agglomération,Hors intersection,Normale,Deux véhicules - arrière,,,,,,,,,,,1,2,1,1,2.0
201600037728,0016-09-05 23:30:00,16,9,5,23,30,920,23,"01, GENERAL EISENHOWER (",,,Nuit sans éclairage public,En agglomération,Hors intersection,Pluie légère,Deux véhicules - arrière,,,,,,,,,,,3,2,1,2,2.0
201600037729,0016-09-05 15:50:00,16,9,5,15,50,920,23,"01, GARDE (PLACE DU) S10",,,Plein jour,En agglomération,Hors intersection,Pluie légère,Deux véhicules - arrière,,,,,,,,,,,1,2,1,2,2.0
201600037730,0016-09-05 19:30:00,16,9,5,19,30,920,23,"80, PORTE DE TRIVAUX (RU",,,Crépuscule ou aube,En agglomération,Hors intersection,Pluie légère,Trois véhicules et plus - collisions multiples,,,,,,,,,,,2,2,1,2,5.0
201600037731,0016-09-07 07:35:00,16,9,7,7,35,920,60,"170, JEAN JAURES (RUE)",,,Plein jour,En agglomération,Hors intersection,Normale,Autre collision,,,,,,,,,,,1,2,1,1,6.0
201600037732,0016-08-27 08:05:00,16,8,27,8,5,920,60,"156, RESISTANCE (AVENUE",,,Plein jour,En agglomération,Hors intersection,Normale,Deux véhicules - arrière,,,,,,,,,,,1,2,1,1,2.0
201600037733,0016-09-08 11:00:00,16,9,8,11,0,920,23,"47, LAZARE CARNOT (RUE)",,,Plein jour,En agglomération,Hors intersection,Normale,Sans collision,,,,,,,,,,,1,2,1,1,7.0
201600037734,0016-09-09 08:20:00,16,9,9,8,20,920,23,"01, DOCTEUR CALMETTE (AV",,,Plein jour,En agglomération,Hors intersection,Normale,Autre collision,,,,,,,,,,,1,2,1,1,6.0
201600037735,0016-09-10 14:50:00,16,9,10,14,50,920,23,"147, JEAN BAPTISTE CLEME",,,Plein jour,En agglomération,Hors intersection,Normale,Deux véhicules - arrière,,,,,,,,,,,1,2,1,1,2.0
201600037736,0016-09-12 08:25:00,16,9,12,8,25,920,23,"10, CHATILLON (RUE DE)",,,Plein jour,En agglomération,Hors intersection,Normale,Deux véhicules - arrière,,,,,,,,,,,1,2,1,1,2.0
201600037737,0016-09-15 14:00:00,16,9,15,14,0,920,23,HENRI BARBUSSE (AVENUE),,,Plein jour,En agglomération,Intersection en X,Normale,Deux véhicules - côté,,,,,,,,,,,1,2,2,1,3.0
201600037738,0016-09-21 18:40:00,16,9,21,18,40,920,23,GARENNE (ROUTE DE LA),,,Plein jour,En agglomération,Intersection en T,Normale,Deux véhicules - côté,,,,,,,,,,,1,2,3,1,3.0
201600037739,0016-09-26 12:20:00,16,9,26,12,20,920,23,"142, HENRI BARBUSSE (AVE",,,Plein jour,En agglomération,Hors intersection,Normale,Autre collision,,,,,,,,,,,1,2,1,1,6.0
201600037740,0016-09-28 16:09:00,16,9,28,16,9,920,23,"181, GENERAL DE GAULLE (",,,Plein jour,En agglomération,Hors intersection,Normale,Autre collision,,,,,,,,,,,1,2,1,1,6.0
201600037741,0016-09-29 15:55:00,16,9,29,15,55,920,23,"1, EUGENE BEAUJARD (CARR",,,Plein jour,En agglomération,Hors intersection,Normale,Deux véhicules - arrière,,,,,,,,,,,1,2,1,1,2.0
201600037742,0016-09-16 16:10:00,16,9,16,16,10,920,23,GENERAL DE GAULLE (AV DU,,,Plein jour,En agglomération,Hors intersection,Normale,Autre collision,,,,,,,,,,,1,2,1,1,6.0
201600037743,0016-09-23 09:20:00,16,9,23,9,20,920,23,GENERAL DE GAULLE (AV DU,,,Plein jour,En agglomération,Hors intersection,Normale,Deux véhicules - arrière,,,,,,,,,,,1,2,1,1,2.0
201600037744,0016-10-05 14:57:00,16,10,5,14,57,920,60,"7, PIERRE D'ARTAGNAN (RU",,,Plein jour,En agglomération,Hors intersection,Normale,Autre collision,,,,,,,,,,,1,2,1,1,6.0
201600037745,0016-10-05 17:03:00,16,10,5,17,3,920,23,"10, CLAUDE TREBIGNAUD (A",,,Plein jour,En agglomération,Hors intersection,Normale,Deux véhicules - côté,,,,,,,,,,,1,2,1,1,3.0
201600037746,0016-10-06 17:35:00,16,10,6,17,35,920,60,"13, GALILEE (AVENUE)",,,Plein jour,En agglomération,Intersection en T,Normale,Deux véhicules - côté,,,,,,,,,,,1,2,3,1,3.0
201600037747,0016-10-10 10:50:00,16,10,10,10,50,920,23,"0, HENRI BARBUSSE (AVENU",,,Plein jour,En agglomération,Intersection en X,Normale,Autre collision,,,,,,,,,,,1,2,2,1,6.0
201600037748,0016-10-08 20:20:00,16,10,8,20,20,920,23,"447, GENERAL DE GAULLE (",,,Nuit avec éclairage allumé,En agglomération,Intersection en X,Normale,Deux véhicules - côté,,,,,,,,,,,5,2,2,1,3.0
201600037749,0016-10-09 20:30:00,16,10,9,20,30,920,23,"0, GENERAL DE GAULLE (AV",,,Nuit avec éclairage allumé,En agglomération,Intersection en X,Normale,Deux véhicules - côté,,,,,,,,,,,5,2,2,1,3.0
201600037750,0016-10-14 15:00:00,16,10,14,15,0,920,23,"57, JEAN JAURES (AVENUE)",,,Plein jour,En agglomération,Hors intersection,Normale,Autre collision,,,,,,,,,,,1,2,1,1,6.0
201600037751,0016-10-07 16:00:00,16,10,7,16,0,920,23,"17, GALILEE (AVENUE)",,,Plein jour,En agglomération,Intersection en X,Normale,Deux véhicules - côté,,,,,,,,,,,1,2,2,1,3.0
201600037752,0016-11-03 15:10:00,16,11,3,15,10,920,23,"0, GARDE (PLACE DU) S101",,,Plein jour,En agglomération,Hors intersection,Normale,Deux véhicules - arrière,,,,,,,,,,,1,2,1,1,2.0
201600037753,0016-11-03 17:35:00,16,11,3,17,35,920,23,"0, GENERAL DE GAULLE (AV",,,Crépuscule ou aube,En agglomération,Intersection en X,Normale,Deux véhicules - arrière,,,,,,,,,,,2,2,2,1,2.0
201600037754,0016-10-07 15:10:00,16,10,7,15,10,920,23,"25, PAUL VAILLANT COUTUR",,,Plein jour,En agglomération,Hors intersection,Normale,Deux véhicules - côté,,,,,,,,,,,1,2,1,1,3.0
201600037755,0016-10-21 17:50:00,16,10,21,17,50,920,23,"0, GEORGES POMPIDOU (PLA",,,Plein jour,En agglomération,Hors intersection,Pluie légère,Autre collision,,,,,,,,,,,1,2,1,2,6.0
201600037756,0016-10-24 17:15:00,16,10,24,17,15,920,23,GENERAL DE GAULLE (AVENU,,,Plein jour,En agglomération,Hors intersection,Normale,Deux véhicules - frontale,,,,,,,,,,,1,2,1,1,1.0
201600037757,0016-10-27 07:40:00,16,10,27,7,40,920,60,"54, CHARLES DE GAULLE (A",,,Nuit avec éclairage allumé,En agglomération,Hors intersection,Brouillard / fumée,Deux véhicules - frontale,,,,,,,,,,,5,2,1,5,1.0
201600037758,0016-11-12 11:05:00,16,11,12,11,5,920,23,FLEURY (RUE DE),,,Plein jour,En agglomération,Hors intersection,Normale,Autre collision,,,,,,,,,,,1,2,1,1,6.0
201600037759,0016-11-13 02:25:00,16,11,13,2,25,920,23,"0, JEAN BAPTISTE CLEMENT",,,Nuit avec éclairage allumé,En agglomération,Intersection en X,Pluie légère,Sans collision,,,,,,,,,,,5,2,2,2,7.0
201600037760,0016-11-05 09:50:00,16,11,5,9,50,920,23,"34, EMMANUEL SARTY  (RUE",,,Plein jour,En agglomération,Hors intersection,Pluie légère,Sans collision,,,,,,,,,,,1,2,1,2,7.0
201600037761,0016-11-17 08:50:00,16,11,17,8,50,920,23,"33, JEAN BAPTISTE CLEMEN",,,Plein jour,En agglomération,Intersection en X,Normale,Autre collision,,,,,,,,,,,1,2,2,1,6.0
201600037762,0016-11-18 22:30:00,16,11,18,22,30,920,23,"0, FILASSIER (RUE)",,,Nuit avec éclairage allumé,En agglomération,Intersection en X,Normale,Sans collision,,,,,,,,,,,5,2,2,1,7.0
201600037763,0016-11-22 20:45:00,16,11,22,20,45,920,23,"0, GENERAL DE GAULLE (AV",,,Nuit avec éclairage allumé,En agglomération,Intersection en X,Normale,Deux véhicules - côté,,,,,,,,,,,5,2,2,1,3.0
201600037764,0016-11-23 19:00:00,16,11,23,19,0,920,23,"120, GENERAL DE GAULLE (",,,Nuit avec éclairage allumé,En agglomération,Hors intersection,Pluie légère,Autre collision,,,,,,,,,,,5,2,1,2,6.0
201600037765,0016-10-30 02:15:00,16,10,30,2,15,920,23,"99, ROISSIS (RUE DES)",,,Nuit avec éclairage allumé,En agglomération,Hors intersection,Normale,Autre collision,,,,,,,,,,,5,2,1,1,6.0
201600037766,0016-12-04 15:45:00,16,12,4,15,45,920,23,"506, GENERAL DE GAULLE (",,,Plein jour,En agglomération,Hors intersection,Normale,Trois véhicules et plus - collisions multiples,,,,,,,,,,,1,2,1,1,5.0
201600037767,0016-11-09 08:15:00,16,11,9,8,15,920,23,"17, PAVE BLANC (ROUTE DU",,,Plein jour,En agglomération,Hors intersection,Pluie forte,Sans collision,,,,,,,,,,,1,2,1,3,7.0
201600037768,0016-11-25 22:15:00,16,11,25,22,15,920,23,GENERAL DE GAULLE (AV DU,,,Nuit avec éclairage allumé,En agglomération,Intersection en X,Normale,Deux véhicules - côté,,,,,,,,,,,5,2,2,1,3.0
201600037769,0016-11-26 01:40:00,16,11,26,1,40,920,23,"38, FLEURY (RUE DE)",,,Nuit avec éclairage allumé,En agglomération,Hors intersection,Normale,Sans collision,,,,,,,,,,,5,2,1,1,7.0
201600037770,0016-11-26 09:00:00,16,11,26,9,0,920,23,"169, GENERAL EISENHOWER",,,Plein jour,En agglomération,Hors intersection,Normale,Sans collision,,,,,,,,,,,1,2,1,1,7.0
201600037771,0016-11-26 18:20:00,16,11,26,18,20,920,23,"233, GENERAL DE GAULLE (",,,Nuit avec éclairage allumé,En agglomération,Hors intersection,Normale,Autre collision,,,,,,,,,,,5,2,1,1,6.0
201600037772,0016-11-27 18:00:00,16,11,27,18,0,920,23,"233, JEAN JAURES (AVENUE",,,Nuit avec éclairage allumé,En agglomération,Giratoire,Normale,Deux véhicules - côté,,,,,,,,,,,5,2,6,1,3.0
201600037773,0016-11-28 07:45:00,16,11,28,7,45,920,23,"0, ESTIENNES D'ORVES (RU",,,Crépuscule ou aube,En agglomération,Hors intersection,Normale,Autre collision,,,,,,,,,,,2,2,1,1,6.0
201600037774,0016-12-07 15:30:00,16,12,7,15,30,920,23,"0, PAUL VAILLANT COUTURI",,,Plein jour,En agglomération,Intersection en X,Normale,Deux véhicules - côté,,,,,,,,,,,1,2,2,1,3.0
201600037775,0016-12-12 18:15:00,16,12,12,18,15,920,23,"105, PORTE DE TRIVAUX (R",,,Nuit avec éclairage allumé,En agglomération,Hors intersection,Pluie légère,Autre collision,,,,,,,,,,,5,2,1,2,6.0
201600037776,0016-12-15 09:00:00,16,12,15,9,0,920,60,PAUL LANGEVIN (AVENUE) (,,,Plein jour,En agglomération,Hors intersection,Normale,Trois véhicules et plus - collisions multiples,,,,,,,,,,,1,2,1,1,5.0
201600037777,0016-12-17 22:50:00,16,12,17,22,50,920,23,"538, GENERAL DE GAULLE (",,,Nuit avec éclairage allumé,En agglomération,Hors intersection,Normale,Autre collision,,,,,,,,,,,5,2,1,1,6.0
201600037778,0016-12-21 19:10:00,16,12,21,19,10,920,23,PORTE DE TRIVAUX (RUE DE,,,Nuit avec éclairage allumé,En agglomération,Hors intersection,Pluie légère,Autre collision,,,,,,,,,,,5,2,1,2,6.0
201600037779,0016-12-14 13:45:00,16,12,14,13,45,920,60,"1, DESCARTES (AVENUE)",,,Plein jour,En agglomération,Hors intersection,Normale,Autre collision,,,,,,,,,,,1,2,1,1,6.0
201600037780,0016-12-26 11:30:00,16,12,26,11,30,920,23,"7, VENDEE (RUE DE)",,,Plein jour,En agglomération,Hors intersection,Normale,Autre collision,,,,,,,,,,,1,2,1,1,6.0
201600037781,0016-01-04 15:45:00,16,1,4,15,45,920,24,"11, VICTOR HUGO (BD)",,,Plein jour,En agglomération,Intersection en X,Normale,Autre collision,,,,,,,,,,,1,2,2,1,6.0
201600037782,0016-09-19 09:00:00,16,9,19,9,0,920,24,"76, HENRI BARBUSSE (RUE)",,,Plein jour,En agglomération,Hors intersection,Pluie légère,Deux véhicules - côté,,,,,,,,,,,1,2,1,2,3.0
201600037783,0016-01-05 20:50:00,16,1,5,20,50,920,24,"32, HENRI BARBUSSE (RUE)",,,Nuit avec éclairage allumé,En agglomération,Hors intersection,Normale,Deux véhicules - côté,,,,,,,,,,,5,2,1,1,3.0
201600037784,0016-01-06 17:50:00,16,1,6,17,50,920,24,"6, CLICHY (QUAI DE) DE (",,,Plein jour,En agglomération,Intersection en Y,Normale,Deux véhicules - arrière,,,,,,,,,,,1,2,4,1,2.0
201600037785,0016-01-14 19:15:00,16,1,14,19,15,920,24,"60, GENERAL ROGUET (RUE",,,Nuit avec éclairage allumé,En agglomération,Hors intersection,Normale,Deux véhicules - côté,,,,,,,,,,,5,2,1,1,3.0
201600037786,0016-01-15 22:00:00,16,1,15,22,0,920,24,"93, JEAN JAURES (BD) DE",,,Nuit avec éclairage allumé,En agglomération,Hors intersection,Normale,Deux véhicules - arrière,,,,,,,,,,,5,2,1,1,2.0
201600037787,0016-01-25 09:30:00,16,1,25,9,30,920,24,"22, GENERAL ROGUET (RUE",,,Plein jour,En agglomération,Intersection en Y,Normale,Autre collision,,,,,,,,,,,1,2,4,1,6.0
201600037788,0016-01-29 09:40:00,16,1,29,9,40,920,24,"59, GENERAL LECLERC (BD",,,Plein jour,En agglomération,Giratoire,Normale,Autre collision,,,,,,,,,,,1,2,6,1,6.0
201600037789,0016-01-31 10:00:00,16,1,31,10,0,920,24,"10, VICTOR MERIC (RUE)",,,Plein jour,En agglomération,Intersection en X,Pluie légère,Autre collision,,,,,,,,,,,1,2,2,2,6.0
201600037790,0016-02-02 19:50:00,16,2,2,19,50,920,24,"17-19, GENERAL LECLERC (",,,Nuit avec éclairage allumé,En agglomération,Hors intersection,Normale,Deux véhicules - côté,,,,,,,,,,,5,2,1,1,3.0
201600037791,0016-01-12 18:35:00,16,1,12,18,35,920,24,"9, GENNEVILLIERS (PONT D",,,Nuit avec éclairage allumé,En agglomération,Hors intersection,Normale,Deux véhicules - arrière,,,,,,,,,,,5,2,1,1,2.0
201600037792,0016-02-04 19:45:00,16,2,4,19,45,920,24,"33, MADAME DE SANZILLON",,,Nuit avec éclairage allumé,En agglomération,Hors intersection,Normale,Sans collision,,,,,,,,,,,5,2,1,1,7.0
201600037793,0016-12-02 08:50:00,16,12,2,8,50,920,24,"28, GENERAL LECLERC (BD",,,Plein jour,En agglomération,Hors intersection,Normale,Autre collision,,,,,,,,,,,1,2,1,1,6.0
201600037794,0016-01-15 00:10:00,16,1,15,0,10,920,24,"84, MARTRE (RUE) DE (59",,,Nuit avec éclairage allumé,Hors agglomération,Hors intersection,Normale,Deux véhicules - côté,,,,,,,,,,,5,1,1,1,3.0
201600037795,0016-02-10 08:00:00,16,2,10,8,0,920,24,"5, VICTOR HUGO (BD)",,,Plein jour,En agglomération,Intersection en T,Normale,Sans collision,,,,,,,,,,,1,2,3,1,7.0
201600037796,0016-02-10 21:30:00,16,2,10,21,30,920,24,"26, MARTRE DE (4 A 54)",,,Nuit avec éclairage allumé,En agglomération,Intersection en T,Pluie légère,Deux véhicules - côté,,,,,,,,,,,5,2,3,2,3.0
201600037797,0016-02-14 07:59:00,16,2,14,7,59,920,24,"54, JEAN JAURES (BD) DE",,,Crépuscule ou aube,En agglomération,Intersection en X,Normale,Deux véhicules - côté,,,,,,,,,,,2,2,2,1,3.0
201600037798,0016-02-19 22:30:00,16,2,19,22,30,920,24,"4, CLICHY (QUAI DE) DE (",,,Nuit avec éclairage non allumé,En agglomération,Giratoire,Normale,Deux véhicules - arrière,,,,,,,,,,,4,2,6,1,2.0
201600037799,0016-02-20 00:55:00,16,2,20,0,55,920,24,"11, VICTOR HUGO (BD)",,,Nuit avec éclairage allumé,En agglomération,Intersection en X,Normale,Deux véhicules - côté,,,,,,,,,,,5,2,2,1,3.0
201600037800,0016-02-19 12:15:00,16,2,19,12,15,920,24,"17, CASTERES (RUE)",,,Plein jour,En agglomération,Hors intersection,Normale,Autre collision,,,,,,,,,,,1,2,1,1,6.0
201600037801,0016-02-26 23:44:00,16,2,26,23,44,920,24,"8, CLICHY (QUAI DE) DE (",,,Nuit avec éclairage allumé,En agglomération,Hors intersection,Normale,Deux véhicules - arrière,,,,,,,,,,,5,2,1,1,2.0
201600037802,0016-02-29 14:50:00,16,2,29,14,50,920,24,"16, GENERAL LECLERC (BD",,,Plein jour,En agglomération,Hors intersection,Normale,Deux véhicules - côté,,,,,,,,,,,1,2,1,1,3.0
201600037803,0016-02-08 09:30:00,16,2,8,9,30,920,24,"61, JEAN JAURES (BD) DE",,,Plein jour,En agglomération,Hors intersection,Normale,Deux véhicules - côté,,,,,,,,,,,1,2,1,1,3.0
201600037804,0016-03-16 10:00:00,16,3,16,10,0,920,24,"61, GENERAL LECLERC (BD",,,Plein jour,En agglomération,Intersection à plus de 4 branches,Normale,Autre collision,,,,,,,,,,,1,2,5,1,6.0
201600037805,0016-03-17 15:00:00,16,3,17,15,0,920,24,"24, MARTRE DE (4 A 54)",,,Plein jour,En agglomération,Hors intersection,Normale,Trois véhicules et plus - en chaîne,,,,,,,,,,,1,2,1,1,4.0
201600037806,0016-02-28 21:10:00,16,2,28,21,10,920,24,"25, NEUILLY (RUE DE) DE",,,Nuit avec éclairage allumé,En agglomération,Hors intersection,Normale,Sans collision,,,,,,,,,,,5,2,1,1,7.0
201600037807,0016-03-24 16:00:00,16,3,24,16,0,920,24,"83, VICTOR HUGO (BD)",,,Plein jour,En agglomération,Intersection en X,Normale,Deux véhicules - côté,,,,,,,,,,,1,2,2,1,3.0
201600037808,0016-02-24 09:20:00,16,2,24,9,20,920,24,"54, GENERAL LECLERC (BD",,,Plein jour,En agglomération,Intersection en X,Normale,Autre collision,,,,,,,,,,,1,2,2,1,6.0
201600037809,0016-03-01 10:30:00,16,3,1,10,30,920,24,"106, CLICHY (QUAI DE) DE",,,Plein jour,En agglomération,Giratoire,Normale,Deux véhicules - arrière,,,,,,,,,,,1,2,6,1,2.0
201600037810,0016-03-30 10:00:00,16,3,30,10,0,920,24,"54, JEAN JAURES (BD) DE",,,Plein jour,En agglomération,Intersection en X,Pluie légère,Autre collision,,,,,,,,,,,1,2,2,2,6.0
201600037811,0016-04-12 17:45:00,16,4,12,17,45,920,24,"61, GENERAL LECLERC (BD",,,Plein jour,En agglomération,Intersection en T,Normale,Deux véhicules - côté,,,,,,,,,,,1,2,3,1,3.0