accident_id,datetime,annee,mois,jour,heure,minute,departement,commune_insee,adresse,latitude,longitude,luminosite,agglomeration,intersection,meteo,collision,nb_vehicules,nb_usagers,nb_indemnes,nb_tues,nb_blesses_hosp,nb_blesses_legers,age_cond_1,age_cond_2,veh_type_cond_1,veh_type_cond_2,lum_code,agg_code,int_code,atm_code,col_code
201600037812,0016-04-18 13:30:00,16,4,18,13,30,920,24,"65, GENERAL LECLERC (RUE",,,Plein jour,En agglomération,Intersection en T,Normale,Deux véhicules - côté,,,,,,,,,,,1,2,3,1,3.0
201600037813,0016-04-21 14:30:00,16,4,21,14,30,920,24,"61, JEAN JAURES (BD) DE",,,Plein jour,En agglomération,Hors intersection,Normale,Autre collision,,,,,,,,,,,1,2,1,1,6.0
201600037814,0016-04-26 16:55:00,16,4,26,16,55,920,24,"14, CLICHY (QUAI DE) DE",,,Nuit avec éclairage allumé,En agglomération,Intersection en T,Normale,Autre collision,,,,,,,,,,,5,2,3,1,6.0
201600037815,0016-04-28 14:45:00,16,4,28,14,45,920,24,"14, CLICHY (QUAI DE) DE",,,Plein jour,En agglomération,Giratoire,Normale,Deux véhicules - côté,,,,,,,,,,,1,2,6,1,3.0
201600037816,0016-05-03 09:40:00,16,5,3,9,40,920,24,"92, PARIS (RUE DE) DE (1",,,Plein jour,En agglomération,Hors intersection,Normale,Sans collision,,,,,,,,,,,1,2,1,1,7.0
201600037817,0016-05-03 12:00:00,16,5,3,12,0,920,24,"17, JEAN JAURES (BD) DE",,,Plein jour,En agglomération,Hors intersection,Normale,Deux véhicules - arrière,,,,,,,,,,,1,2,1,1,2.0
201600037818,0016-05-03 16:45:00,16,5,3,16,45,920,24,", MARTRE (RUE) DE (111 A",,,Plein jour,En agglomération,Intersection en X,Normale,Deux véhicules - côté,,,,,,,,,,,1,2,2,1,3.0
201600037819,0016-05-04 19:10:00,16,5,4,19,10,920,24,MARTRE (RUE) DE (1 A 41),,,Plein jour,En agglomération,Intersection en X,Normale,Deux véhicules - côté,,,,,,,,,,,1,2,2,1,3.0
201600037820,0016-05-08 17:40:00,16,5,8,17,40,920,24,"64, MARTRE (RUE) DE (59",,,Plein jour,En agglomération,Hors intersection,Normale,Autre collision,,,,,,,,,,,1,2,1,1,6.0
201600037821,0016-04-02 08:00:00,16,4,2,8,0,920,24,"147, JEAN JAURES (BD) DE",,,Plein jour,En agglomération,Hors intersection,Normale,Sans collision,,,,,,,,,,,1,2,1,1,7.0
201600037822,0016-05-12 12:20:00,16,5,12,12,20,920,24,"14, VICTOR HUGO (BD)",,,Plein jour,En agglomération,Hors intersection,Normale,Deux véhicules - côté,,,,,,,,,,,1,2,1,1,3.0
201600037823,0016-05-17 14:30:00,16,5,17,14,30,920,24,"50, GENERAL LECLERC (BD",,,Plein jour,En agglomération,Intersection en X,Normale,Deux véhicules - arrière,,,,,,,,,,,1,2,2,1,2.0
201600037824,0016-05-18 21:40:00,16,5,18,21,40,920,24,"61, MARTRE (RUE) DE (59",,,Nuit avec éclairage allumé,En agglomération,Hors intersection,Normale,Autre collision,,,,,,,,,,,5,2,1,1,6.0
201600037825,0016-05-19 05:55:00,16,5,19,5,55,920,24,"78, JEAN JAURES (BD) DE",,,Crépuscule ou aube,En agglomération,Intersection en X,Normale,Deux véhicules - côté,,,,,,,,,,,2,2,2,1,3.0
201600037826,0016-05-20 10:20:00,16,5,20,10,20,920,24,"22, GENERAL ROGUET (RUE",,,Plein jour,En agglomération,Intersection en T,Normale,Trois véhicules et plus - en chaîne,,,,,,,,,,,1,2,3,1,4.0
201600037827,0016-05-23 12:00:00,16,5,23,12,0,920,24,"30, VICTOR HUGO (BD)",,,Plein jour,En agglomération,Hors intersection,Normale,Autre collision,,,,,,,,,,,1,2,1,1,6.0
201600037828,0016-05-25 17:40:00,16,5,25,17,40,920,24,"121, JEAN JAURES (BD) DE",,,Plein jour,En agglomération,Intersection en X,Normale,Deux véhicules - côté,,,,,,,,,,,1,2,2,1,3.0
201600037829,0016-05-29 17:00:00,16,5,29,17,0,920,24,"57, GENERAL ROGUET (RUE",,,Plein jour,En agglomération,Hors intersection,Pluie légère,Deux véhicules - arrière,,,,,,,,,,,1,2,1,2,2.0
201600037830,0016-06-03 14:10:00,16,6,3,14,10,920,24,"106, VICTOR HUGO (BD)",,,Plein jour,En agglomération,Intersection en T,Normale,Deux véhicules - côté,,,,,,,,,,,1,2,3,1,3.0
201600037831,0016-06-03 20:55:00,16,6,3,20,55,920,24,"nc, CLICHY (QUAI DE) DE",,,Plein jour,En agglomération,Hors intersection,Normale,Trois véhicules et plus - en chaîne,,,,,,,,,,,1,2,1,1,4.0
201600037832,0016-06-07 19:50:00,16,6,7,19,50,920,24,"12, PIERRE BEREGOVOY (RU",,,Plein jour,En agglomération,Hors intersection,Normale,Autre collision,,,,,,,,,,,1,2,1,1,6.0
201600037833,0016-06-08 17:30:00,16,6,8,17,30,920,24,"116, MARTRE (RUE) DE (11",,,Plein jour,En agglomération,Hors intersection,Normale,Deux véhicules - côté,,,,,,,,,,,1,2,1,1,3.0
201600037834,0016-06-08 20:20:00,16,6,8,20,20,920,24,"72, JEAN JAURES (BD) DE",,,Crépuscule ou aube,En agglomération,Hors intersection,Normale,Deux véhicules - côté,,,,,,,,,,,2,2,1,1,3.0
201600037835,0016-06-10 15:00:00,16,6,10,15,0,920,24,"19, LANDY (RUE DU) DE (1",,,Plein jour,En agglomération,Intersection en X,Normale,Deux véhicules - côté,,,,,,,,,,,1,2,2,1,3.0
201600037836,0016-06-10 18:15:00,16,6,10,18,15,920,24,"110, JEAN JAURES (BD) DE",,,Plein jour,En agglomération,Hors intersection,Normale,Deux véhicules - arrière,,,,,,,,,,,1,2,1,1,2.0
201600037837,0016-06-15 09:00:00,16,6,15,9,0,920,24,"53, VICTOR HUGO (BD)",,,Plein jour,En agglomération,Hors intersection,Temps couvert,Autre collision,,,,,,,,,,,1,2,1,8,6.0
201600037838,0016-06-21 22:20:00,16,6,21,22,20,920,24,"60, PIERRE BEREGOVOY (RU",,,Nuit avec éclairage allumé,En agglomération,Intersection en X,Normale,Deux véhicules - côté,,,,,,,,,,,5,2,2,1,3.0
201600037839,0016-06-07 17:50:00,16,6,7,17,50,920,24,"60, CLICHY (QUAI DE) DE",,,Plein jour,En agglomération,Intersection en X,Normale,Deux véhicules - côté,,,,,,,,,,,1,2,2,1,3.0
201600037840,0016-06-27 14:00:00,16,6,27,14,0,920,24,"6, GENERAL ROGUET (RUE D",,,Plein jour,En agglomération,Hors intersection,Normale,Deux véhicules - côté,,,,,,,,,,,1,2,1,1,3.0
201600037841,0016-06-28 08:45:00,16,6,28,8,45,920,24,"8, GEORGES BOISSEAU (RUE",,,Plein jour,En agglomération,Hors intersection,Normale,Deux véhicules - côté,,,,,,,,,,,1,2,1,1,3.0
201600037842,0016-06-29 18:50:00,16,6,29,18,50,920,24,"13, HENRI BARBUSSE (RUE)",,,Plein jour,En agglomération,Hors intersection,Normale,Autre collision,,,,,,,,,,,1,2,1,1,6.0
201600037843,0016-06-14 07:20:00,16,6,14,7,20,920,24,"202, CLICHY (QUAI DE) DE",,,Plein jour,En agglomération,Intersection en T,Normale,Deux véhicules - côté,,,,,,,,,,,1,2,3,1,3.0
201600037844,0016-07-13 17:00:00,16,7,13,17,0,920,24,"67, JEAN JAURES (BD) DE",,,Plein jour,En agglomération,Intersection en X,Normale,Deux véhicules - côté,,,,,,,,,,,1,2,2,1,3.0
201600037845,0016-07-15 15:50:00,16,7,15,15,50,920,24,"69, HENRI BARBUSSE (RUE)",,,Plein jour,En agglomération,Intersection en X,Normale,Autre collision,,,,,,,,,,,1,2,2,1,6.0
201600037846,0016-07-18 00:10:00,16,7,18,0,10,920,24,"81, VICTOR HUGO (BD)",,,Nuit avec éclairage allumé,En agglomération,Intersection en X,Normale,Deux véhicules - côté,,,,,,,,,,,5,2,2,1,3.0
201600037847,0016-07-21 21:10:00,16,7,21,21,10,920,24,"22, GENERAL LECLERC (BD",,,Plein jour,En agglomération,Intersection en Y,Normale,Deux véhicules - côté,,,,,,,,,,,1,2,4,1,3.0
201600037848,0016-07-25 15:30:00,16,7,25,15,30,920,24,"140, MARTRE (RUE) DE (11",,,Plein jour,En agglomération,Hors intersection,Normale,Deux véhicules - côté,,,,,,,,,,,1,2,1,1,3.0
201600037849,0016-08-02 19:35:00,16,8,2,19,35,920,24,"60, CLICHY (QUAI DE) DE",,,Plein jour,En agglomération,Intersection en X,Pluie légère,Deux véhicules - côté,,,,,,,,,,,1,2,2,2,3.0
201600037850,0016-08-02 20:30:00,16,8,2,20,30,920,24,"29, HENRI BARBUSSE (RUE)",,,Nuit avec éclairage allumé,En agglomération,Intersection en X,Pluie légère,Deux véhicules - côté,,,,,,,,,,,5,2,2,2,3.0
201600037851,0016-08-03 16:40:00,16,8,3,16,40,920,24,"56, MARTRE DE (4 A 54)",,,Plein jour,En agglomération,Intersection en X,Normale,Deux véhicules - côté,,,,,,,,,,,1,2,2,1,3.0
201600037852,0016-08-03 15:30:00,16,8,3,15,30,920,24,"65, GENERAL LECLERC (RUE",,,Plein jour,En agglomération,Intersection en T,Normale,Deux véhicules - côté,,,,,,,,,,,1,2,3,1,3.0
201600037853,0016-08-04 09:45:00,16,8,4,9,45,920,24,"30, MARTRE (RUE) DE (1 A",,,Plein jour,En agglomération,Hors intersection,Normale,Autre collision,,,,,,,,,,,1,2,1,1,6.0
201600037854,0016-08-11 17:30:00,16,8,11,17,30,920,24,"6, ASNIERES (ROUTE D')",,,Plein jour,En agglomération,Hors intersection,Normale,Deux véhicules - côté,,,,,,,,,,,1,2,1,1,3.0
201600037855,0016-08-26 15:35:00,16,8,26,15,35,920,24,"39, MARTRE (RUE) DE (1 A",,,Plein jour,En agglomération,Intersection en X,Normale,Deux véhicules - côté,,,,,,,,,,,1,2,2,1,3.0
201600037856,0016-09-01 22:05:00,16,9,1,22,5,920,24,"16, HENRI BARBUSSE (RUE)",,,Nuit avec éclairage allumé,En agglomération,Hors intersection,Normale,Deux véhicules - côté,,,,,,,,,,,5,2,1,1,3.0
201600037857,0016-09-04 00:45:00,16,9,4,0,45,920,24,"97, VICTOR HUGO (BD)",,,Nuit avec éclairage allumé,En agglomération,Intersection en X,Normale,Deux véhicules - côté,,,,,,,,,,,5,2,2,1,3.0
201600037858,0016-09-09 20:15:00,16,9,9,20,15,920,24,"22, GENERAL LECLERC (BD",,,Nuit avec éclairage allumé,En agglomération,Hors intersection,Normale,Sans collision,,,,,,,,,,,5,2,1,1,7.0
201600037859,0016-09-15 00:40:00,16,9,15,0,40,920,24,"20, CLICHY (QUAI DE) DE",,,Nuit avec éclairage allumé,En agglomération,Intersection en T,Normale,Deux véhicules - arrière,,,,,,,,,,,5,2,3,1,2.0
201600037860,0016-09-16 20:40:00,16,9,16,20,40,920,24,"46, GENERAL ROGUET (RUE",,,Nuit avec éclairage allumé,En agglomération,Intersection en X,Pluie légère,Autre collision,,,,,,,,,,,5,2,2,2,6.0
201600037861,0016-09-18 00:35:00,16,9,18,0,35,920,24,"15, ASNIERES (ROUTE D')",,,Nuit avec éclairage allumé,En agglomération,Hors intersection,Normale,Trois véhicules et plus - collisions multiples,,,,,,,,,,,5,2,1,1,5.0
201600037862,0016-09-24 17:45:00,16,9,24,17,45,920,24,"13, LEON BLUM (RUE)",,,Plein jour,En agglomération,Hors intersection,Temps éblouissant,Autre collision,,,,,,,,,,,1,2,1,7,6.0
201600037863,0016-09-26 16:30:00,16,9,26,16,30,920,24,"95, VICTOR HUGO (BD)",,,Plein jour,En agglomération,Intersection en X,Normale,Deux véhicules - côté,,,,,,,,,,,1,2,2,1,3.0
201600037864,0016-09-29 13:10:00,16,9,29,13,10,920,24,"1, CLICHY (QUAI DE) DE (",,,Plein jour,En agglomération,Giratoire,Normale,Deux véhicules - arrière,,,,,,,,,,,1,2,6,1,2.0
201600037865,0016-09-29 19:30:00,16,9,29,19,30,920,24,"15, MADAME DE SANZILLON",,,Nuit avec éclairage non allumé,En agglomération,Intersection en Y,Normale,Deux véhicules - côté,,,,,,,,,,,4,2,4,1,3.0
201600037866,0016-10-02 20:00:00,16,10,2,20,0,920,24,"78, VICTOR HUGO (BD)",,,Nuit avec éclairage allumé,En agglomération,Intersection en X,Normale,Deux véhicules - côté,,,,,,,,,,,5,2,2,1,3.0
201600037867,0016-10-05 08:00:00,16,10,5,8,0,920,24,"74, PARIS (RUE DE) DE (1",,,Plein jour,En agglomération,Hors intersection,Normale,Autre collision,,,,,,,,,,,1,2,1,1,6.0
201600037868,0016-10-05 21:45:00,16,10,5,21,45,920,24,"60, CLICHY (QUAI DE) DE",,,Nuit avec éclairage allumé,En agglomération,Intersection en X,Normale,Deux véhicules - côté,,,,,,,,,,,5,2,2,1,3.0
201600037869,0016-10-06 18:40:00,16,10,6,18,40,920,24,"68, GENERAL ROGUET (RUE",,,Nuit avec éclairage allumé,En agglomération,Hors intersection,Normale,Deux véhicules - frontale,,,,,,,,,,,5,2,1,1,1.0
201600037870,0016-10-10 15:55:00,16,10,10,15,55,920,24,"28, JEAN JAURES (BD) DE",,,Plein jour,En agglomération,Hors intersection,Normale,Autre collision,,,,,,,,,,,1,2,1,1,6.0
201600037871,0016-10-14 17:10:00,16,10,14,17,10,920,24,"67, GENERAL LECLERC (BD",,,Nuit avec éclairage allumé,En agglomération,Intersection en T,Normale,Deux véhicules - côté,,,,,,,,,,,5,2,3,1,3.0
201600037872,0016-10-19 12:30:00,16,10,19,12,30,920,24,"65, GENERAL LECLERC (RUE",,,Plein jour,En agglomération,Intersection en T,Normale,Deux véhicules - côté,,,,,,,,,,,1,2,3,1,3.0
201600037873,0016-10-20 18:15:00,16,10,20,18,15,920,24,"28, GENERAL ROGUET (RUE",,,Nuit avec éclairage allumé,En agglomération,Hors intersection,Normale,Autre collision,,,,,,,,,,,5,2,1,1,6.0
201600037874,0016-10-25 18:00:00,16,10,25,18,0,920,24,"100, GENERAL LECLERC (RU",,,Plein jour,En agglomération,Intersection en T,Normale,Deux véhicules - côté,,,,,,,,,,,1,2,3,1,3.0
201600037875,0016-10-27 21:20:00,16,10,27,21,20,920,24,"59, VICTOR HUGO (BD)",,,Nuit avec éclairage allumé,En agglomération,Hors intersection,Normale,Deux véhicules - arrière,,,,,,,,,,,5,2,1,1,2.0
201600037876,0016-10-28 12:15:00,16,10,28,12,15,920,24,"89, JEAN JAURES (BD) DE",,,Plein jour,En agglomération,Hors intersection,Normale,Autre collision,,,,,,,,,,,1,2,1,1,6.0
201600037877,0016-10-29 18:00:00,16,10,29,18,0,920,24,"47, JEAN JAURES (BD) DE",,,Plein jour,En agglomération,Intersection en X,Normale,Deux véhicules - côté,,,,,,,,,,,1,2,2,1,3.0
201600037878,0016-08-24 10:25:00,16,8,24,10,25,920,24,"8, TROIS PAVILLONS (RUE",,,Plein jour,En agglomération,Hors intersection,Normale,Deux véhicules - côté,,,,,,,,,,,1,2,1,1,3.0
201600037879,0016-11-14 12:30:00,16,11,14,12,30,920,24,"42, GENERAL LECLERC (BD",,,Plein jour,En agglomération,Hors intersection,Normale,Autre collision,,,,,,,,,,,1,2,1,1,6.0
201600037880,0016-11-15 12:45:00,16,11,15,12,45,920,24,"10, JEAN JAURES (BD) DE",,,Plein jour,En agglomération,Hors intersection,Normale,Deux véhicules - côté,,,,,,,,,,,1,2,1,1,3.0
201600037881,0016-11-16 10:55:00,16,11,16,10,55,920,24,"6, HENRI BARBUSSE (RUE)",,,Plein jour,En agglomération,Intersection en T,Normale,Deux véhicules - côté,,,,,,,,,,,1,2,3,1,3.0
201600037882,0016-11-20 22:50:00,16,11,20,22,50,920,24,"95, VICTOR HUGO (BD)",,,Nuit avec éclairage allumé,En agglomération,Intersection en X,Pluie légère,Deux véhicules - côté,,,,,,,,,,,5,2,2,2,3.0
201600037883,0016-11-25 05:55:00,16,11,25,5,55,920,24,"38, GENERAL ROGUET (RUE",,,Nuit avec éclairage allumé,En agglomération,Hors intersection,Normale,Deux véhicules - arrière,,,,,,,,,,,5,2,1,1,2.0
201600037884,0016-11-27 09:30:00,16,11,27,9,30,920,24,"1, PIERRE BEREGOVOY (RUE",,,Plein jour,En agglomération,Hors intersection,Normale,Deux véhicules - arrière,,,,,,,,,,,1,2,1,1,2.0
201600037885,0016-11-28 14:08:00,16,11,28,14,8,920,24,"60, CLICHY (QUAI DE) DE",,,Plein jour,En agglomération,Intersection en X,Normale,Sans collision,,,,,,,,,,,1,2,2,1,7.0
201600037886,0016-11-28 20:35:00,16,11,28,20,35,920,24,"29, CLAUDE DEBUSSY (AVEN",,,Nuit avec éclairage allumé,En agglomération,Hors intersection,Normale,Sans collision,,,,,,,,,,,5,2,1,1,7.0
201600037887,0016-07-19 16:30:00,16,7,19,16,30,920,24,"55, GENERAL LECLERC (BD",,,Plein jour,En agglomération,Intersection en X,Normale,Autre collision,,,,,,,,,,,1,2,2,1,6.0
201600037888,0016-12-07 19:30:00,16,12,7,19,30,920,24,"55, JEAN JAURES (BD) DE",,,Nuit avec éclairage allumé,En agglomération,Hors intersection,Normale,Autre collision,,,,,,,,,,,5,2,1,1,6.0
201600037889,0016-12-11 08:30:00,16,12,11,8,30,920,24,"19, LEON BLUM (RUE)",,,Plein jour,En agglomération,Hors intersection,Normale,Autre collision,,,,,,,,,,,1,2,1,1,6.0
201600037890,0016-12-16 17:50:00,16,12,16,17,50,920,24,"192, CLICHY (QUAI DE) DE",,,Nuit avec éclairage allumé,En agglomération,Hors intersection,Normale,Trois véhicules et plus - collisions multiples,,,,,,,,,,,5,2,1,1,5.0
201600037891,0016-12-20 22:55:00,16,12,20,22,55,920,24,"120, MARTRE (RUE) DE (59",,,Nuit avec éclairage allumé,En agglomération,Intersection en X,Normale,Deux véhicules - côté,,,,,,,,,,,5,2,2,1,3.0
201600037892,0016-12-24 19:00:00,16,12,24,19,0,920,24,"105, VICTOR HUGO (BD)",,,Nuit avec éclairage allumé,En agglomération,Intersection en T,Normale,Deux véhicules - côté,,,,,,,,,,,5,2,3,1,3.0
201600037893,0016-12-25 01:40:00,16,12,25,1,40,920,24,"46, GENERAL LECLERC (BD",,,Nuit avec éclairage allumé,En agglomération,Intersection en X,Normale,Deux véhicules - côté,,,,,,,,,,,5,2,2,1,3.0
201600037894,0016-12-27 12:00:00,16,12,27,12,0,920,24,"105, JEAN JAURES (BD) DE",,,Plein jour,En agglomération,Hors intersection,Normale,Autre collision,,,,,,,,,,,1,2,1,1,6.0
201600037895,0016-12-30 12:15:00,16,12,30,12,15,920,24,"106, VICTOR HUGO (BD)",,,Plein jour,En agglomération,Intersection en T,Normale,Deux véhicules - côté,,,,,,,,,,,1,2,3,1,3.0
201600037896,0016-05-14 13:00:00,16,5,14,13,0,920,24,"36, JEAN JAURES (BD) DE",,,Plein jour,En agglomération,Hors intersection,Normale,Autre collision,,,,,,,,,,,1,2,1,1,6.0
201600037897,0016-07-21 05:50:00,16,7,21,5,50,920,24,"86, GENERAL ROGUET (RUE",,,Plein jour,En agglomération,Hors intersection,Normale,Deux véhicules - côté,,,,,,,,,,,1,2,1,1,3.0
201600037898,0016-08-05 08:55:00,16,8,5,8,55,920,24,"44, MARTRE DE (4 A 54)",,,Plein jour,En agglomération,Hors intersection,Normale,Deux véhicules - côté,,,,,,,,,,,1,2,1,1,3.0
201600037899,0016-01-03 18:15:00,16,1,3,18,15,920,25,"549, GABRIEL PERI (RUE)",,,Nuit avec éclairage allumé,En agglomération,Hors intersection,Pluie légère,Autre collision,,,,,,,,,,,5,2,1,2,6.0
201600037900,0016-01-06 15:20:00,16,1,6,15,20,920,25,"68, AGENT SARRE (AV DE L",,,Plein jour,En agglomération,Hors intersection,Normale,Autre collision,,,,,,,,,,,1,2,1,1,6.0
201600037901,0016-01-08 18:40:00,16,1,8,18,40,920,25,"85, ESTIENNE D'ORVES (RU",,,Nuit avec éclairage non allumé,En agglomération,Hors intersection,Normale,Deux véhicules - frontale,,,,,,,,,,,4,2,1,1,1.0
201600037902,0016-01-10 15:30:00,16,1,10,15,30,920,25,"24, AUDRA (AV)",,,Plein jour,En agglomération,Hors intersection,Pluie légère,Autre collision,,,,,,,,,,,1,2,1,2,6.0
201600037903,0016-01-08 13:00:00,16,1,8,13,0,920,25,"57, EGALITE (RUE DE L')",,,Plein jour,En agglomération,Hors intersection,Normale,Sans collision,,,,,,,,,,,1,2,1,1,7.0
201600037904,0016-01-11 07:45:00,16,1,11,7,45,920,25,"0, CHARLES DE GAULLE (BD",,,Nuit avec éclairage allumé,En agglomération,Intersection en X,Normale,Autre collision,,,,,,,,,,,5,2,2,1,6.0
201600037905,0016-01-12 20:20:00,16,1,12,20,20,920,25,"141, CHARLES DE GAULLE (",,,Nuit avec éclairage allumé,Hors agglomération,Intersection en X,Pluie légère,Autre collision,,,,,,,,,,,5,1,2,2,6.0
201600037906,0016-01-15 10:08:00,16,1,15,10,8,920,25,"0, AGRICULTURE (RUE DE L",,,Plein jour,En agglomération,Intersection en X,Normale,Deux véhicules - côté,,,,,,,,,,,1,2,2,1,3.0
201600037907,0016-01-21 15:20:00,16,1,21,15,20,920,25,"209, ESTIENNE D'ORVES (R",,,Plein jour,En agglomération,Intersection à plus de 4 branches,Normale,Autre collision,,,,,,,,,,,1,2,5,1,6.0
201600037908,0016-01-22 16:40:00,16,1,22,16,40,920,25,"73, PAUL BERT (RUE)",,,Nuit avec éclairage allumé,En agglomération,Hors intersection,Normale,Autre collision,,,,,,,,,,,5,2,1,1,6.0
201600037909,0016-01-22 17:00:00,16,1,22,17,0,920,25,"74, BOURNARD (RUE DU)",,,Plein jour,En agglomération,Hors intersection,Normale,Autre collision,,,,,,,,,,,1,2,1,1,6.0
201600037910,0016-01-25 12:30:00,16,1,25,12,30,920,25,"60, HENRI BARBUSSE (AV)",,,Plein jour,Hors agglomération,Hors intersection,Normale,Autre collision,,,,,,,,,,,1,1,1,1,6.0
201600037911,0016-01-10 12:40:00,16,1,10,12,40,920,25,"0, PAUL BERT (RUE)",,,Plein jour,En agglomération,Intersection en X,Normale,Deux véhicules - côté,,,,,,,,,,,1,2,2,1,3.0
201600037912,0016-01-26 14:45:00,16,1,26,14,45,920,25,"45, CHARLES DE GAULLE (B",,,Plein jour,En agglomération,Hors intersection,Normale,Autre collision,,,,,,,,,,,1,2,1,1,6.0
201600037913,0016-01-27 19:20:00,16,1,27,19,20,920,25,"0, GABRIEL PERI (RUE)",,,Nuit avec éclairage allumé,En agglomération,Hors intersection,Normale,Deux véhicules - côté,,,,,,,,,,,5,2,1,1,3.0
201600037914,0016-01-29 09:15:00,16,1,29,9,15,920,25,"72, HENRI BARBUSSE (AV)",,,Plein jour,En agglomération,Hors intersection,Normale,Autre collision,,,,,,,,,,,1,2,1,1,6.0
201600037915,0016-02-01 18:30:00,16,2,1,18,30,920,25,"0, KLEBER (AV)",,,Nuit avec éclairage allumé,En agglomération,Intersection en X,Normale,Trois véhicules et plus - en chaîne,,,,,,,,,,,5,2,2,1,4.0
201600037916,0016-02-02 10:00:00,16,2,2,10,0,920,25,"2, MENELOTTE <> 2A 50 (A",,,Plein jour,En agglomération,Hors intersection,Normale,Autre collision,,,,,,,,,,,1,2,1,1,6.0
201600037917,0016-02-03 08:45:00,16,2,3,8,45,920,25,"0, KLEBER (AV)",,,Plein jour,En agglomération,Intersection en X,Normale,Deux véhicules - côté,,,,,,,,,,,1,2,2,1,3.0
201600037918,0016-02-05 08:15:00,16,2,5,8,15,920,25,"0, AMBROISE PARE (RUE)",,,Crépuscule ou aube,En agglomération,Intersection en T,Normale,Autre collision,,,,,,,,,,,2,2,3,1,6.0
201600037919,0016-02-08 17:50:00,16,2,8,17,50,920,25,"0, GABRIEL PERI (RUE)",,,Plein jour,En agglomération,Intersection en T,Pluie légère,Autre collision,,,,,,,,,,,1,2,3,2,6.0
201600037920,0016-02-10 18:10:00,16,2,10,18,10,920,25,"0, REINE HENRIETTE (RUE",,,Nuit avec éclairage allumé,En agglomération,Intersection en X,Pluie légère,Sans collision,,,,,,,,,,,5,2,2,2,7.0
201600037921,0016-02-11 07:10:00,16,2,11,7,10,920,25,"120/136, CHARLES DE GAUL",,,Plein jour,En agglomération,Hors intersection,Normale,Autre collision,,,,,,,,,,,1,2,1,1,6.0
201600037922,0016-02-13 03:40:00,16,2,13,3,40,920,25,"0, STALINGRAD (AV DE)",,,Nuit avec éclairage allumé,En agglomération,Intersection en T,Normale,Deux véhicules - côté,,,,,,,,,,,5,2,3,1,3.0
201600037923,0016-02-22 17:30:00,16,2,22,17,30,920,25,"127, VALMY (BD DE)",,,Plein jour,En agglomération,Intersection en T,Normale,Trois véhicules et plus - collisions multiples,,,,,,,,,,,1,2,3,1,5.0
201600037924,0016-02-23 00:01:00,16,2,23,0,1,920,25,"0, COTES D'AUTY (RUE DES",,,Nuit avec éclairage allumé,En agglomération,Intersection en T,Pluie légère,Autre collision,,,,,,,,,,,5,2,3,2,6.0
201600037925,0016-02-26 17:30:00,16,2,26,17,30,920,25,"2, AMBROISE PARE (RUE)",,,Plein jour,En agglomération,Hors intersection,Normale,Deux véhicules - frontale,,,,,,,,,,,1,2,1,1,1.0
201600037926,0016-02-26 19:50:00,16,2,26,19,50,920,25,"0, CHARLES DE GAULLE (BD",,,Nuit avec éclairage allumé,En agglomération,Intersection en T,Normale,Deux véhicules - côté,,,,,,,,,,,5,2,3,1,3.0
201600037927,0016-02-26 23:20:00,16,2,26,23,20,920,25,"0, VICTORIEN SARDOU (RUE",,,Nuit avec éclairage allumé,En agglomération,Intersection en T,Normale,Autre collision,,,,,,,,,,,5,2,3,1,6.0
201600037928,0016-02-29 15:08:00,16,2,29,15,8,920,25,"36, FINLANDE (BD DE)",,,Plein jour,En agglomération,Hors intersection,Normale,Autre collision,,,,,,,,,,,1,2,1,1,6.0
201600037929,0016-03-01 08:55:00,16,3,1,8,55,920,25,"0, ENGHIEN (RUE D')",,,Plein jour,En agglomération,Hors intersection,Normale,Autre collision,,,,,,,,,,,1,2,1,1,6.0
201600037930,0016-03-01 20:15:00,16,3,1,20,15,920,25,"164, PRESIDENT SALVADOR",,,Nuit avec éclairage allumé,En agglomération,Hors intersection,Pluie légère,Sans collision,,,,,,,,,,,5,2,1,2,7.0
201600037931,0016-03-01 18:40:00,16,3,1,18,40,920,25,"0, PAUL BERT (RUE)",,,Plein jour,En agglomération,Hors intersection,Normale,Autre collision,,,,,,,,,,,1,2,1,1,6.0
201600037932,0016-03-04 21:25:00,16,3,4,21,25,920,25,"0, CHARLES DE GAULLE (BD",,,Nuit avec éclairage allumé,En agglomération,Intersection en X,Normale,Autre collision,,,,,,,,,,,5,2,2,1,6.0
201600037933,0016-03-06 15:45:00,16,3,6,15,45,920,25,"0, PAUL BERT (RUE)",,,Plein jour,En agglomération,Hors intersection,Normale,Trois véhicules et plus - en chaîne,,,,,,,,,,,1,2,1,1,4.0
201600037934,0016-03-07 08:10:00,16,3,7,8,10,920,25,"0, BOURNARD (RUE DU)",,,Crépuscule ou aube,En agglomération,Hors intersection,Normale,Sans collision,,,,,,,,,,,2,2,1,1,7.0
201600037935,0016-03-07 14:00:00,16,3,7,14,0,920,25,"44, GABRIEL PERI (RUE)",,,Plein jour,En agglomération,Hors intersection,Normale,Autre collision,,,,,,,,,,,1,2,1,1,6.0
201600037936,0016-03-08 15:00:00,16,3,8,15,0,920,25,EDGARD QUINET (BD),,,Plein jour,En agglomération,Hors intersection,Normale,Trois véhicules et plus - collisions multiples,,,,,,,,,,,1,2,1,1,5.0
201600037937,0016-03-12 14:50:00,16,3,12,14,50,920,25,"360, GABRIEL PERI (RUE)",,,Plein jour,En agglomération,Intersection en T,Normale,Trois véhicules et plus - en chaîne,,,,,,,,,,,1,2,3,1,4.0
201600037938,0016-03-17 18:20:00,16,3,17,18,20,920,25,"0, PAUL BERT (RUE)",,,Plein jour,En agglomération,Intersection en X,Normale,Deux véhicules - côté,,,,,,,,,,,1,2,2,1,3.0