accident_id,datetime,annee,mois,jour,heure,minute,departement,commune_insee,adresse,latitude,longitude,luminosite,agglomeration,intersection,meteo,collision,nb_vehicules,nb_usagers,nb_indemnes,nb_tues,nb_blesses_hosp,nb_blesses_legers,age_cond_1,age_cond_2,veh_type_cond_1,veh_type_cond_2,lum_code,agg_code,int_code,atm_code,col_code
201600037939,0016-03-18 01:45:00,16,3,18,1,45,920,25,"0, ECOLES (AV &RUE DES)",,,Nuit avec éclairage allumé,En agglomération,Intersection en T,Normale,Sans collision,,,,,,,,,,,5,2,3,1,7.0
201600037940,0016-03-18 12:50:00,16,3,18,12,50,920,25,"67, HENRI BARBUSSE (AV)",,,Plein jour,En agglomération,Hors intersection,Normale,Autre collision,,,,,,,,,,,1,2,1,1,6.0
201600037941,0016-03-18 18:10:00,16,3,18,18,10,920,25,"109, HENRI BARBUSSE (AV)",,,Plein jour,En agglomération,Intersection en T,Normale,Deux véhicules - côté,,,,,,,,,,,1,2,3,1,3.0
201600037942,0016-03-20 18:40:00,16,3,20,18,40,920,25,AGENT SARRE (AV DE L'),,,Nuit avec éclairage allumé,En agglomération,Intersection en X,Normale,Deux véhicules - côté,,,,,,,,,,,5,2,2,1,3.0
201600037943,0016-03-22 17:45:00,16,3,22,17,45,920,25,"0, PIERRE CURIE (RUE)",,,Plein jour,En agglomération,Intersection en X,Normale,Deux véhicules - côté,,,,,,,,,,,1,2,2,1,3.0
201600037944,0016-03-26 11:15:00,16,3,26,11,15,920,25,"0, HENRI BARBUSSE (AV)",,,Plein jour,En agglomération,Hors intersection,Normale,Deux véhicules - arrière,,,,,,,,,,,1,2,1,1,2.0
201600037945,0016-03-30 15:00:00,16,3,30,15,0,920,25,"0, ROUTE DU PORT DE PARI",,,Plein jour,En agglomération,Intersection en T,Pluie légère,Deux véhicules - côté,,,,,,,,,,,1,2,3,2,3.0
201600037946,0016-03-31 13:30:00,16,3,31,13,30,920,25,"0, GABRIEL PERI (RUE)",,,Plein jour,En agglomération,Intersection en T,Pluie légère,Deux véhicules - arrière,,,,,,,,,,,1,2,3,2,2.0
201600037947,0016-02-18 17:05:00,16,2,18,17,5,920,25,"17, EUROPE (AV DE L')",,,Plein jour,En agglomération,Hors intersection,Pluie légère,Autre collision,,,,,,,,,,,1,2,1,2,6.0
201600037948,0016-04-06 14:25:00,16,4,6,14,25,920,25,"357, ESTIENNE D'ORVES (R",,,Plein jour,En agglomération,Intersection en T,Normale,Autre collision,,,,,,,,,,,1,2,3,1,6.0
201600037949,0016-04-08 17:50:00,16,4,8,17,50,920,25,"134, ESTIENNE D'ORVES (R",,,Plein jour,En agglomération,Intersection en X,Normale,Autre collision,,,,,,,,,,,1,2,2,1,6.0
201600037950,0016-04-11 07:40:00,16,4,11,7,40,920,25,"43, ALEXIS BOUVIER (RUE)",,,Plein jour,En agglomération,Hors intersection,Normale,Autre collision,,,,,,,,,,,1,2,1,1,6.0
201600037951,0016-04-11 10:15:00,16,4,11,10,15,920,25,"44, GABRIEL PERI (RUE)",,,Plein jour,En agglomération,Hors intersection,Pluie légère,Sans collision,,,,,,,,,,,1,2,1,2,7.0
201600037952,0016-04-14 15:10:00,16,4,14,15,10,920,25,"5, GABRIEL PERI (RUE)",,,Plein jour,En agglomération,Hors intersection,Normale,Autre collision,,,,,,,,,,,1,2,1,1,6.0
201600037953,0016-04-22 15:21:00,16,4,22,15,21,920,25,"0, BOURNARD (RUE DU)",,,Plein jour,En agglomération,Hors intersection,Normale,Deux véhicules - côté,,,,,,,,,,,1,2,1,1,3.0
201600037954,0016-04-22 20:10:00,16,4,22,20,10,920,25,"56, HENRI LITTOLFF N° PA",,,Plein jour,En agglomération,Hors intersection,Normale,Sans collision,,,,,,,,,,,1,2,1,1,7.0
201600037955,0016-05-02 08:35:00,16,5,2,8,35,920,25,"0, JEAN MONET (RUE)",,,Plein jour,En agglomération,Hors intersection,Normale,Autre collision,,,,,,,,,,,1,2,1,1,6.0
201600037956,0016-05-04 16:40:00,16,5,4,16,40,920,25,"44, JULIEN GALLE (RUE)",,,Plein jour,En agglomération,Hors intersection,Normale,Autre collision,,,,,,,,,,,1,2,1,1,6.0
201600037957,0016-05-07 15:45:00,16,5,7,15,45,920,25,"0, BOURNARD (RUE DU)",,,Plein jour,En agglomération,Intersection en T,Normale,Autre collision,,,,,,,,,,,1,2,3,1,6.0
201600037958,0016-05-10 06:50:00,16,5,10,6,50,920,25,"0, PAUL BERT (RUE)",,,Plein jour,En agglomération,Intersection en X,Normale,Deux véhicules - côté,,,,,,,,,,,1,2,2,1,3.0
201600037959,0016-05-11 09:10:00,16,5,11,9,10,920,25,"68, ROUGET DE L'ISLE (RU",,,Plein jour,En agglomération,Hors intersection,Normale,Sans collision,,,,,,,,,,,1,2,1,1,7.0
201600037960,0016-05-12 12:00:00,16,5,12,12,0,920,25,"0, GABRIEL PERI (RUE)",,,Plein jour,En agglomération,Intersection en T,Normale,Deux véhicules - arrière,,,,,,,,,,,1,2,3,1,2.0
201600037961,0016-05-15 16:50:00,16,5,15,16,50,920,25,"0, STALINGRAD (AV DE)",,,Plein jour,En agglomération,Hors intersection,Normale,Sans collision,,,,,,,,,,,1,2,1,1,7.0
201600037962,0016-05-19 16:25:00,16,5,19,16,25,920,25,"91, GABRIEL PERI (RUE)",,,Plein jour,En agglomération,Hors intersection,Normale,Deux véhicules - côté,,,,,,,,,,,1,2,1,1,3.0
201600037963,0016-05-20 12:00:00,16,5,20,12,0,920,25,"0, SAINT DENIS (RUE)",,,Plein jour,En agglomération,Hors intersection,Normale,Autre collision,,,,,,,,,,,1,2,1,1,6.0
201600037964,0016-05-24 16:30:00,16,5,24,16,30,920,25,"336, ESTIENNE D'ORVES (R",,,Plein jour,En agglomération,Hors intersection,Normale,Sans collision,,,,,,,,,,,1,2,1,1,7.0
201600037965,0016-05-27 08:50:00,16,5,27,8,50,920,25,"0, PAUL BERT (RUE)",,,Plein jour,Hors agglomération,Hors intersection,Normale,Deux véhicules - arrière,,,,,,,,,,,1,1,1,1,2.0
201600037966,0016-05-27 23:25:00,16,5,27,23,25,920,25,"205, STALINGRAD (AV DE)",,,Nuit avec éclairage allumé,En agglomération,Hors intersection,Normale,Sans collision,,,,,,,,,,,5,2,1,1,7.0
201600037967,0016-05-31 10:00:00,16,5,31,10,0,920,25,"116, HENRI BARBUSSE (AV)",,,Plein jour,En agglomération,Hors intersection,Pluie légère,Deux véhicules - côté,,,,,,,,,,,1,2,1,2,3.0
201600037968,0016-06-04 14:00:00,16,6,4,14,0,920,25,"0, CHARLES DE GAULLE (BD",,,Plein jour,En agglomération,Hors intersection,Normale,Deux véhicules - côté,,,,,,,,,,,1,2,1,1,3.0
201600037969,0016-06-06 07:30:00,16,6,6,7,30,920,25,"47, PROGRES (RUE DU)",,,Plein jour,En agglomération,Intersection en T,Normale,Sans collision,,,,,,,,,,,1,2,3,1,7.0
201600037970,0016-06-09 15:35:00,16,6,9,15,35,920,25,"215, PRESIDENT SALVADOR",,,Plein jour,En agglomération,Intersection en T,Normale,Autre collision,,,,,,,,,,,1,2,3,1,6.0
201600037971,0016-06-10 15:40:00,16,6,10,15,40,920,25,"0, CHARLES DE GAULLE (BD",,,Plein jour,En agglomération,Intersection en X,Normale,Deux véhicules - côté,,,,,,,,,,,1,2,2,1,3.0
201600037972,0016-06-11 19:40:00,16,6,11,19,40,920,25,"51, PROGRES (RUE DU)",,,Plein jour,En agglomération,Hors intersection,Normale,Deux véhicules - côté,,,,,,,,,,,1,2,1,1,3.0
201600037973,0016-06-13 13:50:00,16,6,13,13,50,920,25,"175, E.D'ORVES <>200A328",,,Plein jour,En agglomération,Hors intersection,Normale,Autre collision,,,,,,,,,,,1,2,1,1,6.0
201600037974,0016-06-18 19:38:00,16,6,18,19,38,920,25,"0, PONT ACQUEDUC",,,Plein jour,En agglomération,Hors intersection,Normale,Deux véhicules - côté,,,,,,,,,,,1,2,1,1,3.0
201600037975,0016-06-23 13:15:00,16,6,23,13,15,920,25,"75, VALMY (BD DE)",,,Plein jour,En agglomération,Hors intersection,Normale,Autre collision,,,,,,,,,,,1,2,1,1,6.0
201600037976,0016-06-23 19:35:00,16,6,23,19,35,920,25,"430, G.PERI<>194 A 416 &",,,Plein jour,En agglomération,Hors intersection,Normale,Sans collision,,,,,,,,,,,1,2,1,1,7.0
201600037977,0016-06-23 20:30:00,16,6,23,20,30,920,25,KLEBER (AV),,,Plein jour,En agglomération,Intersection en X,Normale,Deux véhicules - côté,,,,,,,,,,,1,2,2,1,3.0
201600037978,0016-06-24 21:10:00,16,6,24,21,10,920,25,"0, HENRI BARBUSSE (AV)",,,Plein jour,En agglomération,Intersection en T,Normale,Deux véhicules - frontale,,,,,,,,,,,1,2,3,1,1.0
201600037979,0016-06-28 21:15:00,16,6,28,21,15,920,25,"91, VALMY (BD DE)",,,Plein jour,En agglomération,Hors intersection,Normale,Deux véhicules - arrière,,,,,,,,,,,1,2,1,1,2.0
201600037980,0016-07-05 08:45:00,16,7,5,8,45,920,25,"179, STALINGRAD (AV DE)",,,Plein jour,En agglomération,Hors intersection,Normale,Deux véhicules - arrière,,,,,,,,,,,1,2,1,1,2.0
201600037981,0016-07-05 11:45:00,16,7,5,11,45,920,25,"39, JEAN JAURES (AV)",,,Plein jour,En agglomération,Hors intersection,Normale,Autre collision,,,,,,,,,,,1,2,1,1,6.0
201600037982,0016-07-06 21:35:00,16,7,6,21,35,920,25,"108, AGENT SARRE (AV DE",,,Plein jour,En agglomération,Hors intersection,Normale,Deux véhicules - frontale,,,,,,,,,,,1,2,1,1,1.0
201600037983,0016-07-11 09:30:00,16,7,11,9,30,920,25,"0, PAUL BERT (RUE)",,,Plein jour,En agglomération,Hors intersection,Normale,Autre collision,,,,,,,,,,,1,2,1,1,6.0
201600037984,0016-07-11 16:25:00,16,7,11,16,25,920,25,"122, CHARLES DE GAULLE (",,,Plein jour,Hors agglomération,Intersection en X,Normale,Deux véhicules - côté,,,,,,,,,,,1,1,2,1,3.0
201600037985,0016-07-12 09:15:00,16,7,12,9,15,920,25,"116, HENRI BARBUSSE (AV)",,,Plein jour,En agglomération,Hors intersection,Normale,Deux véhicules - côté,,,,,,,,,,,1,2,1,1,3.0
201600037986,0016-07-13 20:00:00,16,7,13,20,0,920,25,"1, GENERAL LECLERC (PLAC",,,Plein jour,En agglomération,Intersection à plus de 4 branches,Normale,Autre collision,,,,,,,,,,,1,2,5,1,6.0
201600037987,0016-07-15 17:00:00,16,7,15,17,0,920,25,"0, AGENT SARRE (AV DE L'",,,Plein jour,En agglomération,Hors intersection,Normale,Deux véhicules - côté,,,,,,,,,,,1,2,1,1,3.0
201600037988,0016-07-15 19:50:00,16,7,15,19,50,920,25,PAUL BERT (RUE),,,Plein jour,En agglomération,Intersection en X,Normale,Deux véhicules - arrière,,,,,,,,,,,1,2,2,1,2.0
201600037989,0016-07-21 15:00:00,16,7,21,15,0,920,25,"95, CHARLES DE GAULLE (B",,,Plein jour,En agglomération,Hors intersection,Normale,Deux véhicules - arrière,,,,,,,,,,,1,2,1,1,2.0
201600037990,0016-07-21 22:50:00,16,7,21,22,50,920,25,"178, CHARLES DE GAULLE (",,,Nuit avec éclairage allumé,En agglomération,Hors intersection,Normale,Autre collision,,,,,,,,,,,5,2,1,1,6.0
201600037991,0016-07-26 07:10:00,16,7,26,7,10,920,25,"77, STALINGRAD (AV DE)",,,Plein jour,En agglomération,Hors intersection,Normale,Deux véhicules - frontale,,,,,,,,,,,1,2,1,1,1.0
201600037992,0016-07-26 14:40:00,16,7,26,14,40,920,25,"155, SAINT DENIS (RUE)",,,Plein jour,En agglomération,Hors intersection,Normale,Autre collision,,,,,,,,,,,1,2,1,1,6.0
201600037993,0016-07-26 19:00:00,16,7,26,19,0,920,25,"43, AGENT SARRE (AV DE L",,,Plein jour,En agglomération,Hors intersection,Normale,Autre collision,,,,,,,,,,,1,2,1,1,6.0
201600037994,0016-07-27 22:15:00,16,7,27,22,15,920,25,"0, PAUL BERT (RUE)",,,Nuit avec éclairage allumé,En agglomération,Autre intersection,Normale,Deux véhicules - côté,,,,,,,,,,,5,2,9,1,3.0
201600037995,0016-07-31 13:40:00,16,7,31,13,40,920,25,"372, G.PERI<>194 A 416 &",,,Plein jour,En agglomération,Hors intersection,Normale,Deux véhicules - côté,,,,,,,,,,,1,2,1,1,3.0
201600037996,0016-07-30 13:50:00,16,7,30,13,50,920,25,"0, PAUL BERT (RUE)",,,Plein jour,En agglomération,Intersection en X,Normale,Autre collision,,,,,,,,,,,1,2,2,1,6.0
201600037997,0016-08-02 20:30:00,16,8,2,20,30,920,25,STALINGRAD (AV DE),,,Plein jour,En agglomération,Hors intersection,Normale,Deux véhicules - arrière,,,,,,,,,,,1,2,1,1,2.0
201600037998,0016-08-17 19:20:00,16,8,17,19,20,920,25,"0, GABRIEL PERI (RUE)",,,Plein jour,En agglomération,Intersection en X,Normale,Deux véhicules - côté,,,,,,,,,,,1,2,2,1,3.0
201600037999,0016-08-26 10:50:00,16,8,26,10,50,920,25,"0, PAUL BERT (RUE)",,,Plein jour,En agglomération,Hors intersection,Normale,Deux véhicules - côté,,,,,,,,,,,1,2,1,1,3.0
201600038000,0016-08-26 12:00:00,16,8,26,12,0,920,25,"0, CHARLES DE GAULLE (BD",,,Plein jour,En agglomération,Hors intersection,Normale,Autre collision,,,,,,,,,,,1,2,1,1,6.0
201600038001,0016-08-26 19:35:00,16,8,26,19,35,920,25,STALINGRAD (AV DE),,,Plein jour,En agglomération,Hors intersection,Normale,Autre collision,,,,,,,,,,,1,2,1,1,6.0
201600038002,0016-08-30 10:15:00,16,8,30,10,15,920,25,"118, HOCHE (RUE)",,,Plein jour,En agglomération,Hors intersection,Normale,Deux véhicules - frontale,,,,,,,,,,,1,2,1,1,1.0
201600038003,0016-09-02 16:05:00,16,9,2,16,5,920,25,"45, C.DE G.<> 2 A 62 & 1",,,Plein jour,En agglomération,Hors intersection,Normale,Deux véhicules - arrière,,,,,,,,,,,1,2,1,1,2.0
201600038004,0016-09-02 23:00:00,16,9,2,23,0,920,25,CHARLES DE GAULLE (BD),,,Plein jour,En agglomération,Intersection en X,Normale,Autre collision,,,,,,,,,,,1,2,2,1,6.0
201600038005,0016-09-03 07:15:00,16,9,3,7,15,920,25,"44, C.DE G.<> 2 A 62 & 1",,,Plein jour,En agglomération,Intersection en X,Normale,Autre collision,,,,,,,,,,,1,2,2,1,6.0
201600038006,0016-09-06 13:15:00,16,9,6,13,15,920,25,"10, C.DE G.<> 2 A 62 & 1",,,Plein jour,En agglomération,Intersection en T,Normale,Deux véhicules - frontale,,,,,,,,,,,1,2,3,1,1.0
201600038007,0016-09-06 17:20:00,16,9,6,17,20,920,25,"21, PAUL BERT (RUE)",,,Plein jour,En agglomération,Intersection en X,Normale,Autre collision,,,,,,,,,,,1,2,2,1,6.0
201600038008,0016-09-07 17:55:00,16,9,7,17,55,920,25,"3, EUROPE (AV DE L')",,,Plein jour,En agglomération,Hors intersection,Normale,Autre collision,,,,,,,,,,,1,2,1,1,6.0
201600038009,0016-09-12 17:10:00,16,9,12,17,10,920,25,BELLLEVILLE/PARMENTIER,,,Plein jour,En agglomération,Intersection en X,Normale,Deux véhicules - côté,,,,,,,,,,,1,2,2,1,3.0
201600038010,0016-09-15 09:20:00,16,9,15,9,20,920,25,"192-194, C.DE G.> 130 &",,,Plein jour,En agglomération,Hors intersection,Pluie légère,Deux véhicules - arrière,,,,,,,,,,,1,2,1,2,2.0
201600038011,0016-09-24 17:40:00,16,9,24,17,40,920,25,"0, GENERAL LECLERC (PLAC",,,Plein jour,En agglomération,Hors intersection,Normale,Deux véhicules - côté,,,,,,,,,,,1,2,1,1,3.0
201600038012,0016-09-26 15:25:00,16,9,26,15,25,920,25,"130, CHARLES DE GAULLE (",,,Plein jour,En agglomération,Intersection en X,Normale,Autre collision,,,,,,,,,,,1,2,2,1,6.0
201600038013,0016-09-27 13:50:00,16,9,27,13,50,920,25,"234, PRESIDENT SALVADOR",,,Plein jour,En agglomération,Hors intersection,Normale,Deux véhicules - arrière,,,,,,,,,,,1,2,1,1,2.0
201600038014,0016-09-27 20:40:00,16,9,27,20,40,920,25,GAMBETTA (BD),,,Nuit avec éclairage allumé,En agglomération,Intersection en T,Normale,Autre collision,,,,,,,,,,,5,2,3,1,6.0
201600038015,0016-09-28 10:40:00,16,9,28,10,40,920,25,"75, BOURNARD (RUE DU)",,,Plein jour,En agglomération,Hors intersection,Normale,Autre collision,,,,,,,,,,,1,2,1,1,6.0
201600038016,0016-10-03 18:20:00,16,10,3,18,20,920,25,"130, CHARLES DE GAULLE (",,,Plein jour,En agglomération,Intersection en X,Normale,Autre collision,,,,,,,,,,,1,2,2,1,6.0
201600038017,0016-10-06 12:00:00,16,10,6,12,0,920,25,"15, PAUL BERT (RUE)",,,Plein jour,En agglomération,Hors intersection,Normale,Autre collision,,,,,,,,,,,1,2,1,1,6.0
201600038018,0016-10-08 21:10:00,16,10,8,21,10,920,25,GABRIEL PERI (RUE),,,Nuit avec éclairage allumé,En agglomération,Intersection en X,Normale,Autre collision,,,,,,,,,,,5,2,2,1,6.0
201600038019,0016-10-11 16:30:00,16,10,11,16,30,920,25,"59, PAUL BERT (RUE)",,,Plein jour,En agglomération,Intersection en T,Normale,Deux véhicules - côté,,,,,,,,,,,1,2,3,1,3.0
201600038020,0016-10-14 13:53:00,16,10,14,13,53,920,25,"27, EUROPE (AV DE L')",,,Plein jour,En agglomération,Hors intersection,Normale,Autre collision,,,,,,,,,,,1,2,1,1,6.0
201600038021,0016-10-18 15:40:00,16,10,18,15,40,920,25,"248, E.D'ORVES <>200A328",,,Plein jour,En agglomération,Intersection à plus de 4 branches,Normale,Autre collision,,,,,,,,,,,1,2,5,1,6.0
201600038022,0016-10-18 15:35:00,16,10,18,15,35,920,25,CHARLES DE GAULLE (BD),,,Plein jour,En agglomération,Intersection en X,Pluie légère,Autre collision,,,,,,,,,,,1,2,2,2,6.0
201600038023,0016-10-22 13:20:00,16,10,22,13,20,920,25,"30, G.PERI<>2 A 192 & 1",,,Plein jour,En agglomération,Intersection en X,Normale,Deux véhicules - côté,,,,,,,,,,,1,2,2,1,3.0
201600038024,0016-10-26 19:00:00,16,10,26,19,0,920,25,ILE MARANTE(PARC LAGRAVE,,,Nuit sans éclairage public,En agglomération,Hors intersection,Normale,Sans collision,,,,,,,,,,,3,2,1,1,7.0
201600038025,0016-10-26 16:45:00,16,10,26,16,45,920,25,"75, PAUL BERT (RUE)",,,Plein jour,En agglomération,Hors intersection,Normale,Deux véhicules - côté,,,,,,,,,,,1,2,1,1,3.0
201600038026,0016-10-28 15:10:00,16,10,28,15,10,920,25,"44, BOURNARD (RUE DU)",,,Plein jour,En agglomération,Hors intersection,Normale,Deux véhicules - frontale,,,,,,,,,,,1,2,1,1,1.0
201600038027,0016-10-31 18:50:00,16,10,31,18,50,920,25,"55, VALMY (BD DE)",,,Plein jour,En agglomération,Intersection en X,Normale,Autre collision,,,,,,,,,,,1,2,2,1,6.0
201600038028,0016-11-05 15:20:00,16,11,5,15,20,920,25,"470, GABRIEL PERI (RUE)",,,Plein jour,En agglomération,Hors intersection,Normale,Deux véhicules - côté,,,,,,,,,,,1,2,1,1,3.0
201600038029,0016-11-07 09:35:00,16,11,7,9,35,920,25,"109, HENRI BARBUSSE (AV)",,,Plein jour,En agglomération,Hors intersection,Normale,Deux véhicules - côté,,,,,,,,,,,1,2,1,1,3.0
201600038030,0016-11-07 18:07:00,16,11,7,18,7,920,25,"12, GABRIEL PERI (RUE)",,,Nuit avec éclairage allumé,En agglomération,Hors intersection,Normale,Autre collision,,,,,,,,,,,5,2,1,1,6.0
201600038031,0016-11-07 18:48:00,16,11,7,18,48,920,25,"41, CHARLES DE GAULLE (B",,,Crépuscule ou aube,En agglomération,Intersection en X,Pluie légère,Autre collision,,,,,,,,,,,2,2,2,2,6.0
201600038032,0016-11-10 20:00:00,16,11,10,20,0,920,25,"239, PRESIDENT SALVADOR",,,Nuit avec éclairage allumé,En agglomération,Hors intersection,Normale,Autre collision,,,,,,,,,,,5,2,1,1,6.0
201600038033,0016-11-14 12:25:00,16,11,14,12,25,920,25,"25, EUROPE (AV DE L')",,,Plein jour,En agglomération,Hors intersection,Normale,Deux véhicules - côté,,,,,,,,,,,1,2,1,1,3.0
201600038034,0016-11-14 15:30:00,16,11,14,15,30,920,25,"17, EDGARD QUINET (BD)",,,Plein jour,En agglomération,Intersection à plus de 4 branches,Normale,Autre collision,,,,,,,,,,,1,2,5,1,6.0
201600038035,0016-11-15 17:55:00,16,11,15,17,55,920,25,GENERAL LECLERC (PLACE D,,,Nuit avec éclairage allumé,En agglomération,Hors intersection,Normale,Deux véhicules - côté,,,,,,,,,,,5,2,1,1,3.0
201600038036,0016-11-15 20:30:00,16,11,15,20,30,920,25,"6, MENELOTTE <> 2A 50 (A",,,Nuit avec éclairage allumé,En agglomération,Intersection en T,Pluie légère,Autre collision,,,,,,,,,,,5,2,3,2,6.0
201600038037,0016-11-15 23:40:00,16,11,15,23,40,920,25,"4, STALINGRAD (AV DE)",,,Nuit avec éclairage allumé,En agglomération,Hors intersection,Pluie légère,Autre collision,,,,,,,,,,,5,2,1,2,6.0
201600038038,0016-11-21 12:50:00,16,11,21,12,50,920,25,"5, GABRIEL (AV)",,,Plein jour,En agglomération,Hors intersection,Pluie légère,Deux véhicules - côté,,,,,,,,,,,1,2,1,2,3.0
201600038039,0016-11-05 17:00:00,16,11,5,17,0,920,25,"2, KLEBER (AV)",,,Plein jour,En agglomération,Hors intersection,Normale,Autre collision,,,,,,,,,,,1,2,1,1,6.0
201600038040,0016-11-21 18:30:00,16,11,21,18,30,920,25,STALINGRAD (AV DE),,,Nuit avec éclairage allumé,En agglomération,Hors intersection,Normale,Deux véhicules - côté,,,,,,,,,,,5,2,1,1,3.0
201600038041,0016-11-24 04:00:00,16,11,24,4,0,920,25,A86,,,Nuit avec éclairage allumé,En agglomération,Hors intersection,Normale,Autre collision,,,,,,,,,,,5,2,1,1,6.0
201600038042,0016-11-29 17:15:00,16,11,29,17,15,920,25,GABRIEL PERI (RUE),,,Crépuscule ou aube,En agglomération,Intersection en T,Normale,Autre collision,,,,,,,,,,,2,2,3,1,6.0
201600038043,0016-12-01 16:00:00,16,12,1,16,0,920,25,STALINGRAD (AV DE),,,Plein jour,En agglomération,Intersection en T,Normale,Deux véhicules - côté,,,,,,,,,,,1,2,3,1,3.0
201600038044,0016-12-01 21:30:00,16,12,1,21,30,920,25,"1, SARTROUVILLE (RUE DE",,,Nuit avec éclairage allumé,En agglomération,Hors intersection,Normale,Deux véhicules - arrière,,,,,,,,,,,5,2,1,1,2.0
201600038045,0016-12-02 08:06:00,16,12,2,8,6,920,25,"200, V.DU BOIS<>1 A 167",,,Plein jour,En agglomération,Intersection en X,Normale,Deux véhicules - frontale,,,,,,,,,,,1,2,2,1,1.0
201600038046,0016-12-02 12:15:00,16,12,2,12,15,920,25,"29, MARCEAU (BD)",,,Plein jour,En agglomération,Hors intersection,Normale,Autre collision,,,,,,,,,,,1,2,1,1,6.0
201600038047,0016-12-02 19:30:00,16,12,2,19,30,920,25,"184, GABRIEL PERI (RUE)",,,Nuit avec éclairage allumé,En agglomération,Hors intersection,Normale,Deux véhicules - côté,,,,,,,,,,,5,2,1,1,3.0
201600038048,0016-12-03 11:05:00,16,12,3,11,5,920,25,"40, EUROPE (AV DE L')",,,Plein jour,En agglomération,Intersection en T,Normale,Autre collision,,,,,,,,,,,1,2,3,1,6.0
201600038049,0016-12-03 20:05:00,16,12,3,20,5,920,25,"0, VERDUN (RUE DE)",,,Nuit avec éclairage allumé,En agglomération,Hors intersection,Normale,Deux véhicules - côté,,,,,,,,,,,5,2,1,1,3.0
201600038050,0016-12-04 12:10:00,16,12,4,12,10,920,25,"64, CHARLES DE GAULLE (B",,,Plein jour,En agglomération,Hors intersection,Normale,Deux véhicules - côté,,,,,,,,,,,1,2,1,1,3.0
201600038051,0016-12-05 13:00:00,16,12,5,13,0,920,25,CHARLES DE GAULLE (BD),,,Plein jour,En agglomération,Intersection en X,Normale,Autre collision,,,,,,,,,,,1,2,2,1,6.0
201600038052,0016-12-11 14:10:00,16,12,11,14,10,920,25,", AGENT SARRE (AV DE L')",,,Plein jour,En agglomération,Intersection en X,Normale,Deux véhicules - côté,,,,,,,,,,,1,2,2,1,3.0
201600038053,0016-12-12 18:35:00,16,12,12,18,35,920,25,"64, CHARLES DE GAULLE (B",,,Nuit avec éclairage allumé,En agglomération,Hors intersection,Pluie légère,Autre collision,,,,,,,,,,,5,2,1,2,6.0
201600038054,0016-12-13 12:30:00,16,12,13,12,30,920,25,"19, AMBROISE PARE (RUE)",,,Plein jour,En agglomération,Hors intersection,Normale,Autre collision,,,,,,,,,,,1,2,1,1,6.0
201600038055,0016-12-14 07:50:00,16,12,14,7,50,920,25,"2, JEAN JAURES (AV)",,,Crépuscule ou aube,En agglomération,Hors intersection,Autre,Autre collision,,,,,,,,,,,2,2,1,9,6.0
201600038056,0016-12-17 05:05:00,16,12,17,5,5,920,25,"51, STALINGRAD (AV DE)",,,Nuit avec éclairage allumé,En agglomération,Hors intersection,Normale,Autre collision,,,,,,,,,,,5,2,1,1,6.0
201600038057,0016-12-20 21:38:00,16,12,20,21,38,920,25,"97, MARECHAL JOFFRE (RUE",,,Nuit avec éclairage allumé,En agglomération,Hors intersection,Normale,Autre collision,,,,,,,,,,,5,2,1,1,6.0
201600038058,0016-12-21 20:00:00,16,12,21,20,0,920,25,", GABRIEL PERI (RUE)",,,Nuit avec éclairage allumé,En agglomération,Intersection en X,Pluie légère,Deux véhicules - côté,,,,,,,,,,,5,2,2,2,3.0
201600038059,0016-12-22 00:20:00,16,12,22,0,20,920,25,"27, HENRI BARBUSSE (AV)",,,Nuit avec éclairage allumé,En agglomération,Hors intersection,Normale,Deux véhicules - arrière,,,,,,,,,,,5,2,1,1,2.0
201600038060,0016-12-25 00:10:00,16,12,25,0,10,920,25,"00, A86",,,Nuit avec éclairage allumé,Hors agglomération,Hors intersection,Normale,Trois véhicules et plus - collisions multiples,,,,,,,,,,,5,1,1,1,5.0
201600038061,0016-12-25 01:10:00,16,12,25,1,10,920,25,"38, AGENT SARRE (AV DE L",,,Nuit avec éclairage allumé,En agglomération,Hors intersection,Normale,Deux véhicules - côté,,,,,,,,,,,5,2,1,1,3.0
201600038062,0016-12-10 08:10:00,16,12,10,8,10,920,26,"., PRESIDENT KRUGER",,,Crépuscule ou aube,En agglomération,Hors intersection,Normale,Autre collision,,,,,,,,,,,2,2,1,1,6.0
201600038063,0016-12-13 09:02:00,16,12,13,9,2,920,26,"59, LAMBRECHTS",,,Plein jour,En agglomération,Hors intersection,Normale,Deux véhicules - frontale,,,,,,,,,,,1,2,1,1,1.0
201600038064,0016-11-10 19:45:00,16,11,10,19,45,920,26,BEZONS (DE 23 A FIN),,,Nuit avec éclairage allumé,En agglomération,Intersection en X,Autre,Autre collision,,,,,,,,,,,5,2,2,9,6.0
201600038065,0016-01-08 09:50:00,16,1,8,9,50,920,26,"27, VERDUN (DE 01 A 61)",,,Plein jour,En agglomération,Hors intersection,Normale,Deux véhicules - arrière,,,,,,,,,,,1,2,1,1,2.0
201600038066,0016-01-11 17:00:00,16,1,11,17,0,920,26,"95-97, COLOMBES",,,Plein jour,En agglomération,Hors intersection,Normale,Autre collision,,,,,,,,,,,1,2,1,1,6.0
201600038067,0016-01-14 18:00:00,16,1,14,18,0,920,26,"5, LOUIS ULBACH (DE 01 A",,,Nuit avec éclairage allumé,En agglomération,Hors intersection,Pluie légère,Autre collision,,,,,,,,,,,5,2,1,2,6.0
201600038068,0016-01-13 15:30:00,16,1,13,15,30,920,26,"44, GAMBETTA",,,Plein jour,En agglomération,Hors intersection,Normale,Sans collision,,,,,,,,,,,1,2,1,1,7.0
201600038069,0016-01-20 19:00:00,16,1,20,19,0,920,26,ADOLPHE LALYRE,,,Nuit avec éclairage allumé,En agglomération,Intersection en T,Normale,Autre collision,,,,,,,,,,,5,2,3,1,6.0