accident_id,datetime,annee,mois,jour,heure,minute,departement,commune_insee,adresse,latitude,longitude,luminosite,agglomeration,intersection,meteo,collision,nb_vehicules,nb_usagers,nb_indemnes,nb_tues,nb_blesses_hosp,nb_blesses_legers,age_cond_1,age_cond_2,veh_type_cond_1,veh_type_cond_2,lum_code,agg_code,int_code,atm_code,col_code
201600038070,0016-01-21 19:50:00,16,1,21,19,50,920,26,"121, MISSION MARCHAND (C",,,Nuit avec éclairage allumé,En agglomération,Hors intersection,Normale,Autre collision,,,,,,,,,,,5,2,1,1,6.0
201600038071,0016-01-22 14:20:00,16,1,22,14,20,920,26,"67, SAINT DENIS BD (120",,,Plein jour,En agglomération,Hors intersection,Normale,Deux véhicules - côté,,,,,,,,,,,1,2,1,1,3.0
201600038072,0016-01-22 18:00:00,16,1,22,18,0,920,26,FICATIER,,,Nuit avec éclairage allumé,En agglomération,Intersection en T,Pluie forte,Autre collision,,,,,,,,,,,5,2,3,3,6.0
201600038073,0016-09-16 18:45:00,16,9,16,18,45,920,26,VERDUN (DE 62 A FIN),,,Nuit avec éclairage allumé,En agglomération,Hors intersection,Normale,Deux véhicules - arrière,,,,,,,,,,,5,2,1,1,2.0
201600038074,0016-10-28 08:05:00,16,10,28,8,5,920,26,"123, SAINT DENIS BD (120",,,Crépuscule ou aube,En agglomération,Hors intersection,Normale,Deux véhicules - arrière,,,,,,,,,,,2,2,1,1,2.0
201600038075,0016-10-20 10:00:00,16,10,20,10,0,920,26,"81, VERDUN (DE 62 A FIN)",,,Plein jour,En agglomération,Hors intersection,Normale,Deux véhicules - arrière,,,,,,,,,,,1,2,1,1,2.0
201600038076,0016-10-18 07:50:00,16,10,18,7,50,920,26,"60, VERDUN (DE 01 A 61)",,,Crépuscule ou aube,En agglomération,Hors intersection,Normale,Autre collision,,,,,,,,,,,2,2,1,1,6.0
201600038077,0016-10-08 14:15:00,16,10,8,14,15,920,26,VERDUN (DE 62 A FIN),,,Plein jour,En agglomération,Intersection en T,Normale,Sans collision,,,,,,,,,,,1,2,3,1,7.0
201600038078,0016-10-04 15:20:00,16,10,4,15,20,920,26,"20, BEZONS  (DE 01 A 22)",,,Plein jour,En agglomération,Hors intersection,Normale,Autre collision,,,,,,,,,,,1,2,1,1,6.0
201600038079,0016-10-28 17:15:00,16,10,28,17,15,920,26,PRÉSIDENT PAUL DOUMER (Q,,,Plein jour,En agglomération,Hors intersection,Normale,Trois véhicules et plus - en chaîne,,,,,,,,,,,1,2,1,1,4.0
201600038080,0016-01-25 18:40:00,16,1,25,18,40,920,26,"25, PRÉSIDENT PAUL DOUME",,,Nuit avec éclairage allumé,En agglomération,Hors intersection,Normale,Sans collision,,,,,,,,,,,5,2,1,1,7.0
201600038081,0016-01-27 09:25:00,16,1,27,9,25,920,26,"24, MARECHAL JOFFRE (QUA",,,Plein jour,En agglomération,Hors intersection,Pluie légère,Sans collision,,,,,,,,,,,1,2,1,2,7.0
201600038082,0016-02-01 08:00:00,16,2,1,8,0,920,26,SAINT DENIS BD (120 A 17,,,Nuit avec éclairage allumé,En agglomération,Intersection en T,Normale,Trois véhicules et plus - en chaîne,,,,,,,,,,,5,2,3,1,4.0
201600038083,0016-02-03 15:20:00,16,2,3,15,20,920,26,"5, ARISTIDE BRIAND",,,Plein jour,En agglomération,Hors intersection,Normale,Deux véhicules - côté,,,,,,,,,,,1,2,1,1,3.0
201600038084,0016-02-01 21:35:00,16,2,1,21,35,920,26,"133, VERDUN (DE 62 A FIN",,,Nuit avec éclairage allumé,En agglomération,Hors intersection,Normale,Autre collision,,,,,,,,,,,5,2,1,1,6.0
201600038085,0016-02-09 08:00:00,16,2,9,8,0,920,26,"7, AJOUX",,,Nuit avec éclairage allumé,En agglomération,Hors intersection,Pluie forte,Autre collision,,,,,,,,,,,5,2,1,3,6.0
201600038086,0016-02-13 18:00:00,16,2,13,18,0,920,26,MISSION MARCHAND (COTE P,,,Nuit avec éclairage allumé,En agglomération,Intersection en T,Normale,Trois véhicules et plus - collisions multiples,,,,,,,,,,,5,2,3,1,5.0
201600038087,0016-02-13 22:50:00,16,2,13,22,50,920,26,"20, MISSION MARCHAND (CO",,,Nuit avec éclairage allumé,En agglomération,Hors intersection,Normale,Sans collision,,,,,,,,,,,5,2,1,1,7.0
201600038088,0016-02-21 01:00:00,16,2,21,1,0,920,26,VERDUN (DE 62 A FIN),,,Nuit avec éclairage allumé,En agglomération,Intersection en T,Normale,Deux véhicules - arrière,,,,,,,,,,,5,2,3,1,2.0
201600038089,0016-02-23 19:50:00,16,2,23,19,50,920,26,"35, PRÉSIDENT PAUL DOUME",,,Nuit avec éclairage allumé,En agglomération,Hors intersection,Normale,Sans collision,,,,,,,,,,,5,2,1,1,7.0
201600038090,0016-03-02 19:45:00,16,3,2,19,45,920,26,VERDUN (DE 62 A FIN),,,Nuit avec éclairage allumé,En agglomération,Intersection en X,Pluie légère,Deux véhicules - côté,,,,,,,,,,,5,2,2,2,3.0
201600038091,0016-03-03 09:50:00,16,3,3,9,50,920,26,MISSION MARCHAND (COTE P,,,Plein jour,En agglomération,Intersection en X,Normale,Deux véhicules - côté,,,,,,,,,,,1,2,2,1,3.0
201600038092,0016-03-11 18:20:00,16,3,11,18,20,920,26,"22, MISSION MARCHAND (CO",,,Nuit avec éclairage allumé,En agglomération,Hors intersection,Normale,Autre collision,,,,,,,,,,,5,2,1,1,6.0
201600038093,0016-03-11 12:30:00,16,3,11,12,30,920,26,ARISTIDE BRIAND,,,Plein jour,En agglomération,Intersection en T,Normale,Deux véhicules - côté,,,,,,,,,,,1,2,3,1,3.0
201600038094,0016-03-14 08:40:00,16,3,14,8,40,920,26,"41, PRÉSIDENT PAUL DOUME",,,Crépuscule ou aube,Hors agglomération,Hors intersection,Normale,Deux véhicules - arrière,,,,,,,,,,,2,1,1,1,2.0
201600038095,0016-03-23 14:00:00,16,3,23,14,0,920,26,"58, COLOMBES",,,Plein jour,En agglomération,Hors intersection,Normale,Autre collision,,,,,,,,,,,1,2,1,1,6.0
201600038096,0016-03-24 19:00:00,16,3,24,19,0,920,26,VERDUN (DE 62 A FIN),,,Nuit avec éclairage allumé,En agglomération,Intersection en X,Normale,Deux véhicules - côté,,,,,,,,,,,5,2,2,1,3.0
201600038097,0016-03-29 16:45:00,16,3,29,16,45,920,26,"41, PRÉSIDENT PAUL DOUME",,,Plein jour,Hors agglomération,Hors intersection,Normale,Deux véhicules - arrière,,,,,,,,,,,1,1,1,1,2.0
201600038098,0016-04-03 16:45:00,16,4,3,16,45,920,26,"9, PRÉSIDENT PAUL DOUMER",,,Plein jour,En agglomération,Hors intersection,Normale,Deux véhicules - côté,,,,,,,,,,,1,2,1,1,3.0
201600038099,0016-04-04 08:30:00,16,4,4,8,30,920,26,"8, PAIX",,,Plein jour,En agglomération,Hors intersection,Temps couvert,Deux véhicules - arrière,,,,,,,,,,,1,2,1,8,2.0
201600038100,0016-04-04 23:15:00,16,4,4,23,15,920,26,"339, SAINT DENIS BD (120",,,Nuit avec éclairage allumé,En agglomération,Intersection en T,Pluie légère,Sans collision,,,,,,,,,,,5,2,3,2,7.0
201600038101,0016-04-13 18:10:00,16,4,13,18,10,920,26,"24, MISSION MARCHAND (CO",,,Plein jour,En agglomération,Hors intersection,Normale,Autre collision,,,,,,,,,,,1,2,1,1,6.0
201600038102,0016-04-14 19:50:00,16,4,14,19,50,920,26,BAUDIN,,,Nuit avec éclairage allumé,En agglomération,Intersection en X,Pluie légère,Autre collision,,,,,,,,,,,5,2,2,2,6.0
201600038103,0016-05-01 14:50:00,16,5,1,14,50,920,26,"11, SAINT DENIS BD (120",,,Plein jour,En agglomération,Hors intersection,Normale,Autre collision,,,,,,,,,,,1,2,1,1,6.0
201600038104,0016-05-02 14:20:00,16,5,2,14,20,920,26,PRÉSIDENT PAUL DOUMER (Q,,,Plein jour,En agglomération,Intersection en T,Normale,Deux véhicules - côté,,,,,,,,,,,1,2,3,1,3.0
201600038105,0016-05-19 21:45:00,16,5,19,21,45,920,26,MARECHAL JOFFRE (QUAI DU,,,Nuit avec éclairage allumé,En agglomération,Intersection en T,Normale,Deux véhicules - côté,,,,,,,,,,,5,2,3,1,3.0
201600038106,0016-05-22 20:00:00,16,5,22,20,0,920,26,"7, LOUIS HUBERT LYAUTEY",,,Crépuscule ou aube,En agglomération,Hors intersection,Normale,Sans collision,,,,,,,,,,,2,2,1,1,7.0
201600038107,0016-05-27 01:50:00,16,5,27,1,50,920,26,MISSION MARCHAND (COTE I,,,Nuit avec éclairage allumé,En agglomération,Hors intersection,Normale,Sans collision,,,,,,,,,,,5,2,1,1,7.0
201600038108,0016-05-23 16:40:00,16,5,23,16,40,920,26,"39, GEORGES CLEMENCEAU",,,Plein jour,En agglomération,Hors intersection,Normale,Autre collision,,,,,,,,,,,1,2,1,1,6.0
201600038109,0016-05-25 19:50:00,16,5,25,19,50,920,26,SAINT DENIS BD (120 A 17,,,Crépuscule ou aube,En agglomération,Intersection en T,Normale,Deux véhicules - côté,,,,,,,,,,,2,2,3,1,3.0
201600038110,0016-06-07 19:35:00,16,6,7,19,35,920,26,"42, VERDUN (DE 01 A 61)",,,Plein jour,En agglomération,Hors intersection,Normale,Deux véhicules - arrière,,,,,,,,,,,1,2,1,1,2.0
201600038111,0016-06-17 16:09:00,16,6,17,16,9,920,26,"25, VICTOR HUGO (DE 01 A",,,Plein jour,En agglomération,Hors intersection,Normale,Deux véhicules - côté,,,,,,,,,,,1,2,1,1,3.0
201600038112,0016-06-09 19:50:00,16,6,9,19,50,920,26,"****, VERDUN (DE 62 A FI",,,Plein jour,En agglomération,Hors intersection,Normale,Deux véhicules - côté,,,,,,,,,,,1,2,1,1,3.0
201600038113,0016-06-13 17:15:00,16,6,13,17,15,920,26,"24, PRÉSIDENT PAUL DOUME",,,Plein jour,En agglomération,Hors intersection,Normale,Deux véhicules - arrière,,,,,,,,,,,1,2,1,1,2.0
201600038114,0016-06-26 21:40:00,16,6,26,21,40,920,26,PRÉSIDENT PAUL DOUMER (Q,,,Crépuscule ou aube,En agglomération,Hors intersection,Normale,Deux véhicules - côté,,,,,,,,,,,2,2,1,1,3.0
201600038115,0016-06-28 22:50:00,16,6,28,22,50,920,26,MISSION MARCHAND (COTE I,,,Nuit avec éclairage allumé,En agglomération,Intersection en T,Normale,Autre collision,,,,,,,,,,,5,2,3,1,6.0
201600038116,0016-06-27 12:45:00,16,6,27,12,45,920,26,"36, VERDUN (DE 01 A 61)",,,Plein jour,En agglomération,Intersection en X,Normale,Autre collision,,,,,,,,,,,1,2,2,1,6.0
201600038117,0016-06-28 08:45:00,16,6,28,8,45,920,26,"*****, PRÉSIDENT PAUL DO",,,Plein jour,En agglomération,Hors intersection,Normale,Trois véhicules et plus - en chaîne,,,,,,,,,,,1,2,1,1,4.0
201600038118,0016-07-05 10:00:00,16,7,5,10,0,920,26,"6-8, VICTOR HUGO (DE 01",,,Plein jour,En agglomération,Hors intersection,Normale,Deux véhicules - côté,,,,,,,,,,,1,2,1,1,3.0
201600038119,0016-05-31 19:30:00,16,5,31,19,30,920,26,"52, MARCEAU",,,Plein jour,En agglomération,Hors intersection,Normale,Autre collision,,,,,,,,,,,1,2,1,1,6.0
201600038120,0016-07-05 15:05:00,16,7,5,15,5,920,26,"125, VERDUN (DE 62 A FIN",,,Plein jour,En agglomération,Hors intersection,Normale,Deux véhicules - côté,,,,,,,,,,,1,2,1,1,3.0
201600038121,0016-07-11 09:30:00,16,7,11,9,30,920,26,MARECHAL JOFFRE (QUAI DU,,,Plein jour,En agglomération,Intersection en T,Normale,Deux véhicules - côté,,,,,,,,,,,1,2,3,1,3.0
201600038122,0016-07-13 15:30:00,16,7,13,15,30,920,26,"*****, PRÉSIDENT PAUL DO",,,Plein jour,En agglomération,Hors intersection,Temps couvert,Autre collision,,,,,,,,,,,1,2,1,8,6.0
201600038123,0016-07-20 20:10:00,16,7,20,20,10,920,26,"124, VERDUN (DE 62 A FIN",,,Plein jour,En agglomération,Hors intersection,Normale,Autre collision,,,,,,,,,,,1,2,1,1,6.0
201600038124,0016-07-23 12:40:00,16,7,23,12,40,920,26,"****, MARCEAU",,,Plein jour,En agglomération,Intersection en X,Normale,Deux véhicules - côté,,,,,,,,,,,1,2,2,1,3.0
201600038125,0016-07-14 12:30:00,16,7,14,12,30,920,26,"*****, MISSION MARCHAND",,,Plein jour,En agglomération,Intersection en X,Normale,Deux véhicules - côté,,,,,,,,,,,1,2,2,1,3.0
201600038126,0016-07-21 14:05:00,16,7,21,14,5,920,26,PRÉSIDENT PAUL DOUMER (Q,,,Plein jour,En agglomération,Hors intersection,Normale,Deux véhicules - côté,,,,,,,,,,,1,2,1,1,3.0
201600038127,0016-07-20 19:50:00,16,7,20,19,50,920,26,BARBES,,,Plein jour,En agglomération,Intersection en T,Normale,Sans collision,,,,,,,,,,,1,2,3,1,7.0
201600038128,0016-08-12 19:00:00,16,8,12,19,0,920,26,"**, MISSION MARCHAND (CO",,,Plein jour,En agglomération,Intersection en X,Normale,Deux véhicules - côté,,,,,,,,,,,1,2,2,1,3.0
201600038129,0016-08-25 11:00:00,16,8,25,11,0,920,26,"92, MARECHAL JOFFRE (QUA",,,Plein jour,En agglomération,Hors intersection,Normale,Trois véhicules et plus - en chaîne,,,,,,,,,,,1,2,1,1,4.0
201600038130,0016-08-31 16:45:00,16,8,31,16,45,920,26,"99, SAINT DENIS BD (120",,,Plein jour,En agglomération,Hors intersection,Normale,Autre collision,,,,,,,,,,,1,2,1,1,6.0
201600038131,0016-09-19 03:30:00,16,9,19,3,30,920,26,EMILE DESCHANEL (IMPASSE,,,Nuit avec éclairage allumé,En agglomération,Intersection en T,Normale,Autre collision,,,,,,,,,,,5,2,3,1,6.0
201600038132,0016-09-28 22:10:00,16,9,28,22,10,920,26,"54, ALMA",,,Nuit avec éclairage allumé,En agglomération,Hors intersection,Normale,Deux véhicules - côté,,,,,,,,,,,5,2,1,1,3.0
201600038133,0016-09-02 16:30:00,16,9,2,16,30,920,26,"67, MARCEAU",,,Plein jour,En agglomération,Hors intersection,Normale,Deux véhicules - côté,,,,,,,,,,,1,2,1,1,3.0
201600038134,0016-09-15 12:00:00,16,9,15,12,0,920,26,"20, COLOMBES",,,Plein jour,En agglomération,Hors intersection,Normale,Autre collision,,,,,,,,,,,1,2,1,1,6.0
201600038135,0016-08-09 21:05:00,16,8,9,21,5,920,26,"105, MISSION MARCHAND (C",,,Crépuscule ou aube,En agglomération,Hors intersection,Normale,Deux véhicules - côté,,,,,,,,,,,2,2,1,1,3.0
201600038136,0016-10-11 09:40:00,16,10,11,9,40,920,26,LEONARD DE VINCI,,,Plein jour,En agglomération,Intersection en T,Normale,Trois véhicules et plus - en chaîne,,,,,,,,,,,1,2,3,1,4.0
201600038137,0016-10-11 16:05:00,16,10,11,16,5,920,26,"105, MISSION MARCHAND (C",,,Plein jour,En agglomération,Hors intersection,Normale,Deux véhicules - côté,,,,,,,,,,,1,2,1,1,3.0
201600038138,0016-09-28 12:20:00,16,9,28,12,20,920,26,FRANCE/SILVESTRE,,,Plein jour,En agglomération,Intersection en T,Normale,Autre collision,,,,,,,,,,,1,2,3,1,6.0
201600038139,0016-08-02 20:00:00,16,8,2,20,0,920,26,"********, BELGIQUE ( PLA",,,Crépuscule ou aube,En agglomération,Hors intersection,Pluie légère,Sans collision,,,,,,,,,,,2,2,1,2,7.0
201600038140,0016-10-08 20:20:00,16,10,8,20,20,920,26,"*****, HÔTEL DE VILLE (R",,,Crépuscule ou aube,En agglomération,Hors intersection,Normale,Deux véhicules - côté,,,,,,,,,,,2,2,1,1,3.0
201600038141,0016-11-02 12:30:00,16,11,2,12,30,920,26,"21, COLOMBES",,,Plein jour,En agglomération,Hors intersection,Normale,Autre collision,,,,,,,,,,,1,2,1,1,6.0
201600038142,0016-11-04 18:45:00,16,11,4,18,45,920,26,"17, PAUL DOUMER",,,Nuit avec éclairage allumé,En agglomération,Hors intersection,Normale,Sans collision,,,,,,,,,,,5,2,1,1,7.0
201600038143,0016-09-27 22:10:00,16,9,27,22,10,920,26,VERDUN (DE 01 A 61),,,Nuit avec éclairage allumé,En agglomération,Hors intersection,Autre,Deux véhicules - côté,,,,,,,,,,,5,2,1,9,3.0
201600038144,0016-11-03 11:30:00,16,11,3,11,30,920,26,"., 22 SEPTEMBRE ( RUE DU",,,Plein jour,En agglomération,Hors intersection,Normale,Autre collision,,,,,,,,,,,1,2,1,1,6.0
201600038145,0016-09-07 19:00:00,16,9,7,19,0,920,26,PAIX,,,Nuit avec éclairage allumé,En agglomération,Hors intersection,Autre,Autre collision,,,,,,,,,,,5,2,1,9,6.0
201600038146,0016-09-24 19:45:00,16,9,24,19,45,920,26,INDUSTRIE (RUE DE L'),,,Nuit avec éclairage allumé,En agglomération,Hors intersection,Autre,Deux véhicules - côté,,,,,,,,,,,5,2,1,9,3.0
201600038147,0016-11-05 18:20:00,16,11,5,18,20,920,26,ARMAND SILVESTRE (DE 95,,,Nuit avec éclairage allumé,En agglomération,Intersection à plus de 4 branches,Normale,Deux véhicules - côté,,,,,,,,,,,5,2,5,1,3.0
201600038148,0016-11-10 19:30:00,16,11,10,19,30,920,26,"11, ABREUVOIR",,,Nuit avec éclairage allumé,En agglomération,Intersection en X,Autre,Autre collision,,,,,,,,,,,5,2,2,9,6.0
201600038149,0016-11-10 11:15:00,16,11,10,11,15,920,26,GEORGES CLEMENCEAU,,,Plein jour,En agglomération,Intersection à plus de 4 branches,Autre,Autre collision,,,,,,,,,,,1,2,5,9,6.0
201600038150,0016-10-14 18:40:00,16,10,14,18,40,920,26,"46, PAIX",,,Nuit avec éclairage allumé,En agglomération,Hors intersection,Pluie forte,Autre collision,,,,,,,,,,,5,2,1,3,6.0
201600038151,0016-11-28 20:20:00,16,11,28,20,20,920,26,"----------, REPUBLIQUE (",,,Nuit avec éclairage allumé,En agglomération,Hors intersection,Normale,Deux véhicules - côté,,,,,,,,,,,5,2,1,1,3.0
201600038152,0016-09-14 17:20:00,16,9,14,17,20,920,26,PAIX,,,Plein jour,En agglomération,Intersection en X,Normale,Deux véhicules - côté,,,,,,,,,,,1,2,2,1,3.0
201600038153,0016-12-03 13:50:00,16,12,3,13,50,920,26,"----------, VERDUN (DE 0",,,Plein jour,En agglomération,Hors intersection,Normale,Deux véhicules - côté,,,,,,,,,,,1,2,1,1,3.0
201600038154,0016-12-07 18:10:00,16,12,7,18,10,920,26,"4, ARISTIDE BRIAND",,,Nuit avec éclairage allumé,En agglomération,Hors intersection,Normale,Autre collision,,,,,,,,,,,5,2,1,1,6.0
201600038155,0016-11-28 23:15:00,16,11,28,23,15,920,26,"., MARECHAL JOFFRE (QUAI",,,Nuit avec éclairage allumé,En agglomération,Intersection en T,Normale,Deux véhicules - côté,,,,,,,,,,,5,2,3,1,3.0
201600038156,0016-11-28 18:45:00,16,11,28,18,45,920,26,MICHEL ANGE (ALLEE),,,Nuit avec éclairage allumé,En agglomération,Hors intersection,Normale,Deux véhicules - côté,,,,,,,,,,,5,2,1,1,3.0
201600038157,0016-12-09 14:55:00,16,12,9,14,55,920,26,"., MISSION MARCHAND (COT",,,Plein jour,En agglomération,Hors intersection,Normale,Deux véhicules - côté,,,,,,,,,,,1,2,1,1,3.0
201600038158,0016-12-12 18:07:00,16,12,12,18,7,920,26,"221, SAINT DENIS BD (120",,,Nuit avec éclairage allumé,En agglomération,Hors intersection,Pluie légère,Autre collision,,,,,,,,,,,5,2,1,2,6.0
201600038159,0016-12-31 17:48:00,16,12,31,17,48,920,35,"71, République ( bouleva",,,Nuit avec éclairage allumé,En agglomération,Hors intersection,Normale,Autre collision,,,,,,,,,,,5,2,1,1,6.0
201600038160,0016-01-08 11:25:00,16,1,8,11,25,920,35,"77, National ( boulevard",,,Plein jour,En agglomération,Hors intersection,Normale,Autre collision,,,,,,,,,,,1,2,1,1,6.0
201600038161,0016-01-20 19:50:00,16,1,20,19,50,920,35,National ( boulevard ),,,Nuit avec éclairage allumé,En agglomération,Intersection en X,Normale,Deux véhicules - côté,,,,,,,,,,,5,2,2,1,3.0
201600038162,0016-01-23 09:30:00,16,1,23,9,30,920,35,République ( boulevard d,,,Plein jour,En agglomération,Intersection en X,Pluie légère,Deux véhicules - côté,,,,,,,,,,,1,2,2,2,3.0
201600038163,0016-01-28 21:30:00,16,1,28,21,30,920,35,République ( boulevard d,,,Nuit avec éclairage allumé,En agglomération,Intersection en Y,Normale,Deux véhicules - côté,,,,,,,,,,,5,2,4,1,3.0
201600038164,0016-02-09 19:50:00,16,2,9,19,50,920,35,"8, Médéric ( rue )",,,Nuit avec éclairage allumé,En agglomération,Hors intersection,Normale,Deux véhicules - côté,,,,,,,,,,,5,2,1,1,3.0
201600038165,0016-02-19 23:15:00,16,2,19,23,15,920,35,National ( boulevard ),,,Nuit avec éclairage allumé,En agglomération,Intersection en T,Normale,Deux véhicules - côté,,,,,,,,,,,5,2,3,1,3.0
201600038166,0016-02-17 19:10:00,16,2,17,19,10,920,35,National ( boulevard ),,,Nuit avec éclairage allumé,En agglomération,Intersection en X,Normale,Deux véhicules - côté,,,,,,,,,,,5,2,2,1,3.0
201600038167,0016-02-24 18:12:00,16,2,24,18,12,920,35,"71, National ( boulevard",,,Plein jour,En agglomération,Hors intersection,Pluie légère,Sans collision,,,,,,,,,,,1,2,1,2,7.0
201600038168,0016-02-28 01:00:00,16,2,28,1,0,920,35,"103, Général de Gaulle",,,Nuit avec éclairage allumé,En agglomération,Hors intersection,Normale,Autre collision,,,,,,,,,,,5,2,1,1,6.0
201600038169,0016-03-10 07:40:00,16,3,10,7,40,920,35,"1, Général de Gaulle  (",,,Plein jour,En agglomération,Intersection en X,Normale,Autre collision,,,,,,,,,,,1,2,2,1,6.0
201600038170,0016-04-03 21:10:00,16,4,3,21,10,920,35,"14, Général Leclerc ( av",,,Nuit avec éclairage allumé,En agglomération,Hors intersection,Normale,Deux véhicules - côté,,,,,,,,,,,5,2,1,1,3.0
201600038171,0016-04-15 15:50:00,16,4,15,15,50,920,35,"25, Verdun 1916 ( avenue",,,Plein jour,En agglomération,Intersection en X,Pluie légère,Autre collision,,,,,,,,,,,1,2,2,2,6.0
201600038172,0016-04-29 15:30:00,16,4,29,15,30,920,35,"72, National ( boulevard",,,Plein jour,En agglomération,Hors intersection,Pluie légère,Autre collision,,,,,,,,,,,1,2,1,2,6.0
201600038173,0016-05-12 09:11:00,16,5,12,9,11,920,35,"15, Transvaal ( rue du )",,,Plein jour,En agglomération,Hors intersection,Normale,Autre collision,,,,,,,,,,,1,2,1,1,6.0
201600038174,0016-05-13 19:05:00,16,5,13,19,5,920,35,"17, Général de Gaulle  (",,,Plein jour,En agglomération,Hors intersection,Normale,Trois véhicules et plus - collisions multiples,,,,,,,,,,,1,2,1,1,5.0
201600038175,0016-05-28 17:50:00,16,5,28,17,50,920,35,National ( boulevard ),,,Plein jour,En agglomération,Intersection en X,Normale,Deux véhicules - côté,,,,,,,,,,,1,2,2,1,3.0
201600038176,0016-06-07 09:50:00,16,6,7,9,50,920,35,"89, National ( boulevard",,,Plein jour,En agglomération,Hors intersection,Normale,Sans collision,,,,,,,,,,,1,2,1,1,7.0
201600038177,0016-06-07 17:25:00,16,6,7,17,25,920,35,Joffre ( avenue ),,,Plein jour,En agglomération,Intersection en X,Normale,Autre collision,,,,,,,,,,,1,2,2,1,6.0
201600038178,0016-06-17 14:30:00,16,6,17,14,30,920,35,"5, Verdun 1916 ( avenue",,,Plein jour,En agglomération,Hors intersection,Normale,Deux véhicules - arrière,,,,,,,,,,,1,2,1,1,2.0
201600038179,0016-07-04 15:20:00,16,7,4,15,20,920,35,"49, National ( boulevard",,,Plein jour,En agglomération,Intersection en T,Normale,Deux véhicules - côté,,,,,,,,,,,1,2,3,1,3.0
201600038180,0016-07-06 19:55:00,16,7,6,19,55,920,35,Liberté ( place de ),,,Plein jour,En agglomération,Place,Normale,Deux véhicules - arrière,,,,,,,,,,,1,2,7,1,2.0
201600038181,0016-07-18 19:30:00,16,7,18,19,30,920,35,"76, République ( bouleva",,,Plein jour,En agglomération,Intersection en T,Normale,Deux véhicules - côté,,,,,,,,,,,1,2,3,1,3.0
201600038182,0016-07-20 10:00:00,16,7,20,10,0,920,35,Médéric ( rue ),,,Plein jour,En agglomération,Intersection en X,Normale,Deux véhicules - côté,,,,,,,,,,,1,2,2,1,3.0
201600038183,0016-07-27 18:00:00,16,7,27,18,0,920,35,Général de Gaulle  ( ave,,,Plein jour,En agglomération,Intersection en X,Normale,Deux véhicules - côté,,,,,,,,,,,1,2,2,1,3.0
201600038184,0016-08-06 19:25:00,16,8,6,19,25,920,35,National ( boulevard ),,,Plein jour,En agglomération,Intersection en X,Normale,Deux véhicules - côté,,,,,,,,,,,1,2,2,1,3.0
201600038185,0016-08-01 09:25:00,16,8,1,9,25,920,35,République ( boulevard d,,,Plein jour,En agglomération,Intersection à plus de 4 branches,Normale,Deux véhicules - côté,,,,,,,,,,,1,2,5,1,3.0
201600038186,0016-08-18 11:50:00,16,8,18,11,50,920,35,"7, Général de Gaulle  (",,,Plein jour,En agglomération,Hors intersection,Normale,Deux véhicules - arrière,,,,,,,,,,,1,2,1,1,2.0
201600038187,0016-08-20 15:40:00,16,8,20,15,40,920,35,"12, Général de Gaulle  (",,,Plein jour,En agglomération,Intersection en Y,Normale,Deux véhicules - côté,,,,,,,,,,,1,2,4,1,3.0
201600038188,0016-08-19 20:25:00,16,8,19,20,25,920,50,BD DE LA SEINE,,,Plein jour,En agglomération,Intersection en X,Normale,Deux véhicules - côté,,,,,,,,,,,1,2,2,1,3.0
201600038189,0016-09-07 12:40:00,16,9,7,12,40,920,35,"45, Général de Gaulle  (",,,Plein jour,En agglomération,Hors intersection,Normale,Deux véhicules - côté,,,,,,,,,,,1,2,1,1,3.0
201600038190,0016-09-21 10:15:00,16,9,21,10,15,920,35,"33, Joffre ( avenue )",,,Plein jour,En agglomération,Intersection en T,Normale,Autre collision,,,,,,,,,,,1,2,3,1,6.0
201600038191,0016-09-15 08:10:00,16,9,15,8,10,920,35,"9, National ( boulevard",,,Plein jour,En agglomération,Intersection en X,Pluie légère,Autre collision,,,,,,,,,,,1,2,2,2,6.0
201600038192,0016-09-13 15:10:00,16,9,13,15,10,920,35,"10, Belgique ( Place de",,,Plein jour,En agglomération,Hors intersection,Normale,Autre collision,,,,,,,,,,,1,2,1,1,6.0
201600038193,0016-09-24 16:30:00,16,9,24,16,30,920,35,"84, Europe ( avenue de l",,,Plein jour,En agglomération,Intersection en T,Normale,Deux véhicules - côté,,,,,,,,,,,1,2,3,1,3.0
201600038194,0016-09-24 20:20:00,16,9,24,20,20,920,35,"22, Verdun 1916 ( avenue",,,Nuit avec éclairage allumé,En agglomération,Intersection en T,Normale,Deux véhicules - côté,,,,,,,,,,,5,2,3,1,3.0
201600038195,0016-09-30 10:30:00,16,9,30,10,30,920,35,"68, République ( bouleva",,,Plein jour,En agglomération,Autre intersection,Normale,Autre collision,,,,,,,,,,,1,2,9,1,6.0
201600038196,0016-10-03 14:30:00,16,10,3,14,30,920,35,"75, RÉPUBLIQUE ( BOULEVA",,,Plein jour,En agglomération,Hors intersection,Normale,Deux véhicules - côté,,,,,,,,,,,1,2,1,1,3.0
201600038197,0016-10-26 19:20:00,16,10,26,19,20,920,35,"75, RÉPUBLIQUE ( BOULEVA",,,Nuit avec éclairage allumé,En agglomération,Hors intersection,Normale,Deux véhicules - côté,,,,,,,,,,,5,2,1,1,3.0
201600038198,0016-10-12 07:00:00,16,10,12,7,0,920,35,"123, DE GAULLE/CHATEAU",,,Crépuscule ou aube,En agglomération,Intersection en T,Normale,Trois véhicules et plus - en chaîne,,,,,,,,,,,2,2,3,1,4.0