accident_id,datetime,annee,mois,jour,heure,minute,departement,commune_insee,adresse,latitude,longitude,luminosite,agglomeration,intersection,meteo,collision,nb_vehicules,nb_usagers,nb_indemnes,nb_tues,nb_blesses_hosp,nb_blesses_legers,age_cond_1,age_cond_2,veh_type_cond_1,veh_type_cond_2,lum_code,agg_code,int_code,atm_code,col_code
201600038199,0016-10-20 10:00:00,16,10,20,10,0,920,35,CHÂTEAU ( RUE DU ),,,Plein jour,En agglomération,Intersection en T,Pluie légère,Autre collision,,,,,,,,,,,1,2,3,2,6.0
201600038200,0016-11-02 20:35:00,16,11,2,20,35,920,35,"2, Europe ( avenue de l'",,,Nuit avec éclairage allumé,En agglomération,Giratoire,Normale,Sans collision,,,,,,,,,,,5,2,6,1,7.0
201600038201,0016-10-29 20:20:00,16,10,29,20,20,920,35,"3, NATIONAL ( BOULEVARD",,,Nuit avec éclairage allumé,En agglomération,Hors intersection,Normale,Trois véhicules et plus - collisions multiples,,,,,,,,,,,5,2,1,1,5.0
201600038202,0016-11-07 12:10:00,16,11,7,12,10,920,35,"52, République ( bouleva",,,Plein jour,En agglomération,Hors intersection,Pluie légère,Deux véhicules - côté,,,,,,,,,,,1,2,1,2,3.0
201600038203,0016-11-08 07:45:00,16,11,8,7,45,920,35,"33, Général de Gaulle  (",,,Plein jour,En agglomération,Intersection à plus de 4 branches,Normale,Autre collision,,,,,,,,,,,1,2,5,1,6.0
201600038204,0016-11-17 10:15:00,16,11,17,10,15,920,35,National ( boulevard ),,,Plein jour,En agglomération,Intersection en X,Normale,Deux véhicules - côté,,,,,,,,,,,1,2,2,1,3.0
201600038205,0016-11-25 21:50:00,16,11,25,21,50,920,35,"60, Général de Gaulle  (",,,Nuit avec éclairage allumé,En agglomération,Intersection en T,Normale,Deux véhicules - côté,,,,,,,,,,,5,2,3,1,3.0
201600038206,0016-12-08 17:50:00,16,12,8,17,50,920,35,"52, République ( bouleva",,,Nuit avec éclairage allumé,En agglomération,Giratoire,Normale,Autre collision,,,,,,,,,,,5,2,6,1,6.0
201600038207,0016-11-18 15:00:00,16,11,18,15,0,920,35,"51, National ( boulevard",,,Plein jour,En agglomération,Intersection en T,Normale,Deux véhicules - côté,,,,,,,,,,,1,2,3,1,3.0
201600038208,0016-11-21 11:05:00,16,11,21,11,5,920,35,"50, Pierre Sémart ( rue",,,Plein jour,En agglomération,Hors intersection,Normale,Autre collision,,,,,,,,,,,1,2,1,1,6.0
201600038209,0016-12-13 16:50:00,16,12,13,16,50,920,35,Europe ( avenue de l' ),,,Nuit avec éclairage allumé,En agglomération,Intersection en T,Normale,Deux véhicules - côté,,,,,,,,,,,5,2,3,1,3.0
201600038210,0016-12-17 02:00:00,16,12,17,2,0,920,35,"46, Verdun 1916 ( avenue",,,Nuit avec éclairage allumé,En agglomération,Intersection en T,Normale,Autre collision,,,,,,,,,,,5,2,3,1,6.0
201600038211,0016-12-31 05:45:00,16,12,31,5,45,920,35,"29, Aigle ( rue de l' )",,,Nuit avec éclairage allumé,En agglomération,Intersection à plus de 4 branches,Normale,Sans collision,,,,,,,,,,,5,2,5,1,7.0
201600038212,0016-01-08 12:20:00,16,1,8,12,20,920,36,"0, RUE GUY MOCQUET",,,Plein jour,En agglomération,Hors intersection,Normale,Autre collision,,,,,,,,,,,1,2,1,1,6.0
201600038213,0016-01-21 21:35:00,16,1,21,21,35,920,36,"0, LOUIS CALMEL (RUE) (1",,,Nuit avec éclairage allumé,En agglomération,Autre intersection,Normale,Autre collision,,,,,,,,,,,5,2,9,1,6.0
201600038214,0016-01-27 06:10:00,16,1,27,6,10,920,36,"0, LOUVRESSES (AVENUE)",,,Nuit avec éclairage allumé,En agglomération,Hors intersection,Normale,Sans collision,,,,,,,,,,,5,2,1,1,7.0
201600038215,0016-01-28 14:20:00,16,1,28,14,20,920,36,"0, LAURENT CELY (AVENUE)",,,Plein jour,En agglomération,Intersection en X,Normale,Sans collision,,,,,,,,,,,1,2,2,1,7.0
201600038216,0016-01-31 12:10:00,16,1,31,12,10,920,36,"0, PIERRE DE COUBERTIN (",,,Plein jour,En agglomération,Intersection en X,Normale,Autre collision,,,,,,,,,,,1,2,2,1,6.0
201600038217,0016-02-01 16:40:00,16,2,1,16,40,920,36,"0, CAMELINAT (BOULEVARD)",,,Plein jour,En agglomération,Intersection en T,Normale,Deux véhicules - arrière,,,,,,,,,,,1,2,3,1,2.0
201600038218,0016-02-01 19:00:00,16,2,1,19,0,920,36,"0, ARGENTEUIL (AVENUE D'",,,Nuit avec éclairage allumé,En agglomération,Autre intersection,Normale,Sans collision,,,,,,,,,,,5,2,9,1,7.0
201600038219,0016-02-02 13:18:00,16,2,2,13,18,920,36,"36, JEAN JACQUES ROUSSEA",,,Plein jour,En agglomération,Hors intersection,Normale,Autre collision,,,,,,,,,,,1,2,1,1,6.0
201600038220,0016-02-10 16:00:00,16,2,10,16,0,920,36,"0, GENEAL DE GAULLE (AVE",,,Plein jour,En agglomération,Intersection en T,Pluie légère,Autre collision,,,,,,,,,,,1,2,3,2,6.0
201600038221,0016-02-19 06:00:00,16,2,19,6,0,920,36,"0, MARCEL PAUL (AVENUE)",,,Plein jour,En agglomération,Hors intersection,Normale,Sans collision,,,,,,,,,,,1,2,1,1,7.0
201600038222,0016-02-28 15:20:00,16,2,28,15,20,920,36,"0, ARGENTEUIL (AVENUE D'",,,Plein jour,En agglomération,Hors intersection,Normale,Sans collision,,,,,,,,,,,1,2,1,1,7.0
201600038223,0016-03-07 11:00:00,16,3,7,11,0,920,36,"5, CHANDON (AVENUE) (1/6",,,Plein jour,En agglomération,Hors intersection,Pluie légère,Autre collision,,,,,,,,,,,1,2,1,2,6.0
201600038224,0016-03-08 12:40:00,16,3,8,12,40,920,36,"0, MARCEL PAUL (AVENUE)",,,Plein jour,En agglomération,Hors intersection,Normale,Autre collision,,,,,,,,,,,1,2,1,1,6.0
201600038225,0016-03-14 18:25:00,16,3,14,18,25,920,36,"0, GENEAL DE GAULLE (AVE",,,Plein jour,En agglomération,Hors intersection,Normale,Autre collision,,,,,,,,,,,1,2,1,1,6.0
201600038226,0016-03-15 17:15:00,16,3,15,17,15,920,36,"0, AGNETTES (RUE DES) (2",,,Plein jour,En agglomération,Hors intersection,Normale,Deux véhicules - frontale,,,,,,,,,,,1,2,1,1,1.0
201600038227,0016-03-17 17:03:00,16,3,17,17,3,920,36,"0, MARCEL PAUL (AVENUE)",,,Plein jour,En agglomération,Intersection en T,Normale,Autre collision,,,,,,,,,,,1,2,3,1,6.0
201600038228,0016-03-23 18:15:00,16,3,23,18,15,920,36,"124, GABRIEL PERI (AVENU",,,Plein jour,En agglomération,Autre intersection,Normale,Autre collision,,,,,,,,,,,1,2,9,1,6.0
201600038229,0016-03-29 08:25:00,16,3,29,8,25,920,36,"14, CAMELINAT (BOULEVARD",,,Plein jour,En agglomération,Hors intersection,Normale,Autre collision,,,,,,,,,,,1,2,1,1,6.0
201600038230,0016-03-30 19:10:00,16,3,30,19,10,920,36,"21/23, LOUIS CALMEL (RUE",,,Nuit sans éclairage public,En agglomération,Hors intersection,Autre,Sans collision,,,,,,,,,,,3,2,1,9,7.0
201600038231,0016-04-04 18:45:00,16,4,4,18,45,920,36,"0, LOUIS ROCHE (AVENUE)",,,Plein jour,En agglomération,Intersection en T,Normale,Autre collision,,,,,,,,,,,1,2,3,1,6.0
201600038232,0016-04-06 13:30:00,16,4,6,13,30,920,36,"0, MOULIN DE CAGE (RUE D",,,Plein jour,En agglomération,Intersection en X,Normale,Deux véhicules - côté,,,,,,,,,,,1,2,2,1,3.0
201600038233,0016-04-08 09:40:00,16,4,8,9,40,920,36,"0, LAURENT CELY (AVENUE)",,,Plein jour,En agglomération,Hors intersection,Normale,Deux véhicules - arrière,,,,,,,,,,,1,2,1,1,2.0
201600038234,0016-04-19 13:45:00,16,4,19,13,45,920,36,"0, PIERRE DE COUBERTIN (",,,Plein jour,En agglomération,Hors intersection,Normale,Autre collision,,,,,,,,,,,1,2,1,1,6.0
201600038235,0016-04-19 17:45:00,16,4,19,17,45,920,36,"0, MARCEL PAUL (AVENUE)",,,Plein jour,En agglomération,Intersection en X,Normale,Autre collision,,,,,,,,,,,1,2,2,1,6.0
201600038236,0016-04-20 18:45:00,16,4,20,18,45,920,36,"0, LAURENT CELY (AVENUE)",,,Plein jour,En agglomération,Intersection en X,Normale,Autre collision,,,,,,,,,,,1,2,2,1,6.0
201600038237,0016-04-29 17:15:00,16,4,29,17,15,920,36,"0, JAFFEUX (RUE)",,,Plein jour,En agglomération,Intersection en T,Normale,Deux véhicules - côté,,,,,,,,,,,1,2,3,1,3.0
201600038238,0016-04-29 20:30:00,16,4,29,20,30,920,36,"8, GENERAL DE GAULLE (AV",,,Plein jour,En agglomération,Hors intersection,Normale,Autre collision,,,,,,,,,,,1,2,1,1,6.0
201600038239,0016-05-04 21:00:00,16,5,4,21,0,920,36,"99, BONGARDE (RUE DE LA)",,,Crépuscule ou aube,En agglomération,Hors intersection,Temps éblouissant,Deux véhicules - frontale,,,,,,,,,,,2,2,1,7,1.0
201600038240,0016-05-10 16:20:00,16,5,10,16,20,920,36,"0, HENRI BARBUSSE (RUE)",,,Plein jour,En agglomération,Giratoire,Normale,Autre collision,,,,,,,,,,,1,2,6,1,6.0
201600038241,0016-05-13 12:40:00,16,5,13,12,40,920,36,"0, LOUIS CALMEL (RUE) (1",,,Plein jour,En agglomération,Hors intersection,Normale,Autre collision,,,,,,,,,,,1,2,1,1,6.0
201600038242,0016-05-15 03:40:00,16,5,15,3,40,920,36,"0, ARGENTEUIL (AVENUE D'",,,Nuit avec éclairage allumé,En agglomération,Intersection en T,Normale,Deux véhicules - arrière,,,,,,,,,,,5,2,3,1,2.0
201600038243,0016-05-17 21:00:00,16,5,17,21,0,920,36,"20, CHANDON (AVENUE) (2/",,,Crépuscule ou aube,En agglomération,Hors intersection,Normale,Deux véhicules - frontale,,,,,,,,,,,2,2,1,1,1.0
201600038244,0016-05-18 05:00:00,16,5,18,5,0,920,36,"10, BOURNAIRE (RUE DU) (",,,Nuit avec éclairage allumé,En agglomération,Hors intersection,Normale,Autre collision,,,,,,,,,,,5,2,1,1,6.0
201600038245,0016-05-18 17:50:00,16,5,18,17,50,920,36,"0, PHILIPPE LEBON (AVENU",,,Plein jour,En agglomération,Intersection en X,Pluie légère,Autre collision,,,,,,,,,,,1,2,2,2,6.0
201600038246,0016-05-19 06:00:00,16,5,19,6,0,920,36,"0, BAS (RUE DES) (78 & +",,,Crépuscule ou aube,En agglomération,Giratoire,Pluie forte,Autre collision,,,,,,,,,,,2,2,6,3,6.0
201600038247,0016-05-20 14:35:00,16,5,20,14,35,920,36,"0, LAURENT CELY (AVENUE)",,,Plein jour,En agglomération,Hors intersection,Normale,Trois véhicules et plus - en chaîne,,,,,,,,,,,1,2,1,1,4.0
201600038248,0016-05-23 17:50:00,16,5,23,17,50,920,36,"0, GENERAL DE GAULLE (AV",,,Plein jour,En agglomération,Intersection en T,Normale,Autre collision,,,,,,,,,,,1,2,3,1,6.0
201600038249,0016-05-24 12:40:00,16,5,24,12,40,920,36,"21, CHEVRINS (RUE DES) (",,,Plein jour,En agglomération,Hors intersection,Normale,Autre collision,,,,,,,,,,,1,2,1,1,6.0
201600038250,0016-05-28 18:00:00,16,5,28,18,0,920,36,"38, JEAN JAURES (RUE) (2",,,Plein jour,En agglomération,Hors intersection,Normale,Deux véhicules - frontale,,,,,,,,,,,1,2,1,1,1.0
201600038251,0016-06-07 02:30:00,16,6,7,2,30,920,36,"0, Bretelle d'accès A 86",,,Nuit sans éclairage public,En agglomération,Hors intersection,Normale,Sans collision,,,,,,,,,,,3,2,1,1,7.0
201600038252,0016-06-07 15:45:00,16,6,7,15,45,920,36,"0, BAS (RUE DES) (64 AU",,,Plein jour,En agglomération,Intersection en T,Normale,Deux véhicules - arrière,,,,,,,,,,,1,2,3,1,2.0
201600038253,0016-06-07 18:00:00,16,6,7,18,0,920,36,"62, PRINCIPALE DU PORT (",,,Plein jour,En agglomération,Hors intersection,Normale,Sans collision,,,,,,,,,,,1,2,1,1,7.0
201600038254,0016-06-11 17:55:00,16,6,11,17,55,920,36,"0, PRINCIPALE DU PORT (R",,,Plein jour,En agglomération,Giratoire,Normale,Autre collision,,,,,,,,,,,1,2,6,1,6.0
201600038255,0016-06-15 16:25:00,16,6,15,16,25,920,36,"0, MARCEL PAUL (AVENUE)",,,Plein jour,En agglomération,Autre intersection,Normale,Autre collision,,,,,,,,,,,1,2,9,1,6.0
201600038256,0016-06-16 12:50:00,16,6,16,12,50,920,36,"21, AGNETTES (RUE DES) (",,,Plein jour,En agglomération,Hors intersection,Normale,Autre collision,,,,,,,,,,,1,2,1,1,6.0
201600038257,0016-06-23 08:10:00,16,6,23,8,10,920,36,"0, MARCEL PAUL (AVENUE)",,,Plein jour,En agglomération,Autre intersection,Normale,Deux véhicules - côté,,,,,,,,,,,1,2,9,1,3.0
201600038258,0016-06-29 13:05:00,16,6,29,13,5,920,36,"0, GENEAL DE GAULLE (AVE",,,Plein jour,En agglomération,Intersection en T,Normale,Autre collision,,,,,,,,,,,1,2,3,1,6.0
201600038259,0016-06-29 19:50:00,16,6,29,19,50,920,36,"64, BAS (RUE DES) (64 AU",,,Plein jour,En agglomération,Hors intersection,Normale,Autre collision,,,,,,,,,,,1,2,1,1,6.0
201600038260,0016-06-29 21:50:00,16,6,29,21,50,920,36,"0, BOULEVARD INTERCOMMUN",,,Crépuscule ou aube,En agglomération,Intersection en X,Normale,Deux véhicules - côté,,,,,,,,,,,2,2,2,1,3.0
201600038261,0016-06-30 16:50:00,16,6,30,16,50,920,36,"0, LAURENT CELY (AVENUE)",,,Plein jour,En agglomération,Hors intersection,Normale,Deux véhicules - arrière,,,,,,,,,,,1,2,1,1,2.0
201600038262,0016-07-01 09:50:00,16,7,1,9,50,920,36,"1, LOUIS ROCHE (AVENUE)",,,Plein jour,En agglomération,Hors intersection,Normale,Autre collision,,,,,,,,,,,1,2,1,1,6.0
201600038263,0016-07-01 12:10:00,16,7,1,12,10,920,36,"40, MARCEL PAUL (AVENUE)",,,Plein jour,En agglomération,Hors intersection,Normale,Deux véhicules - arrière,,,,,,,,,,,1,2,1,1,2.0
201600038264,0016-07-06 18:20:00,16,7,6,18,20,920,36,"0, LAURENT CELY (AVENUE)",,,Plein jour,En agglomération,Intersection en X,Normale,Autre collision,,,,,,,,,,,1,2,2,1,6.0
201600038265,0016-07-04 03:35:00,16,7,4,3,35,920,36,"0, CHANDON (AVENUE) (1/6",,,Nuit avec éclairage allumé,En agglomération,Intersection en X,Normale,Autre collision,,,,,,,,,,,5,2,2,1,6.0
201600038266,0016-07-06 20:00:00,16,7,6,20,0,920,36,"0, BOULEVARD INTERCOMMUN",,,Plein jour,En agglomération,Intersection en T,Normale,Autre collision,,,,,,,,,,,1,2,3,1,6.0
201600038267,0016-07-10 19:30:00,16,7,10,19,30,920,36,"16, EUGENE DELACROIX (RU",,,Plein jour,En agglomération,Hors intersection,Normale,Autre collision,,,,,,,,,,,1,2,1,1,6.0
201600038268,0016-07-11 16:30:00,16,7,11,16,30,920,36,"0, LUCIEN LANTERNIER (AV",,,Plein jour,En agglomération,Intersection en T,Normale,Deux véhicules - arrière,,,,,,,,,,,1,2,3,1,2.0
201600038269,0016-07-11 23:00:00,16,7,11,23,0,920,36,"0, LOUIS ROCHE (AVENUE)",,,Nuit avec éclairage allumé,En agglomération,Intersection en X,Normale,Sans collision,,,,,,,,,,,5,2,2,1,7.0
201600038270,0016-07-12 16:00:00,16,7,12,16,0,920,36,"76, GENERAL DE GAULLE (A",,,Plein jour,En agglomération,Intersection en T,Normale,Autre collision,,,,,,,,,,,1,2,3,1,6.0
201600038271,0016-07-12 17:15:00,16,7,12,17,15,920,36,"231, CABOEUFS (RUE DES)",,,Plein jour,En agglomération,Hors intersection,Normale,Autre collision,,,,,,,,,,,1,2,1,1,6.0
201600038272,0016-07-13 18:40:00,16,7,13,18,40,920,36,"0, CLAUDE DEBUSSY (AVENU",,,Plein jour,En agglomération,Intersection en T,Normale,Autre collision,,,,,,,,,,,1,2,3,1,6.0
201600038273,0016-07-17 19:20:00,16,7,17,19,20,920,36,"7, EUGENE DELACROIX (RUE",,,Plein jour,En agglomération,Hors intersection,Normale,Autre collision,,,,,,,,,,,1,2,1,1,6.0
201600038274,0016-07-21 17:30:00,16,7,21,17,30,920,36,"258, LAURENT CELY (AVENU",,,Plein jour,En agglomération,Hors intersection,Normale,Deux véhicules - arrière,,,,,,,,,,,1,2,1,1,2.0
201600038275,0016-07-25 15:00:00,16,7,25,15,0,920,36,"0, PIERRE DE COUBERTIN (",,,Plein jour,En agglomération,Intersection en T,Normale,Deux véhicules - côté,,,,,,,,,,,1,2,3,1,3.0
201600038276,0016-07-25 19:40:00,16,7,25,19,40,920,36,"0, LAURENT CELY (AVENUE)",,,Crépuscule ou aube,En agglomération,Hors intersection,Normale,Deux véhicules - arrière,,,,,,,,,,,2,2,1,1,2.0
201600038277,0016-07-27 15:25:00,16,7,27,15,25,920,36,"0, FOSSE BLANC (RUE DU)",,,Plein jour,En agglomération,Intersection en X,Normale,Deux véhicules - côté,,,,,,,,,,,1,2,2,1,3.0
201600038278,0016-07-29 19:10:00,16,7,29,19,10,920,36,"0, THOMAS EDISON (RUE)",,,Plein jour,En agglomération,Intersection en T,Normale,Deux véhicules - arrière,,,,,,,,,,,1,2,3,1,2.0
201600038279,0016-07-30 18:50:00,16,7,30,18,50,920,36,"0, LOUIS CASTEL (RUE) (2",,,Plein jour,En agglomération,Hors intersection,Normale,Autre collision,,,,,,,,,,,1,2,1,1,6.0
201600038280,0016-08-01 09:50:00,16,8,1,9,50,920,36,"0, LAURENT CELY (AVENUE)",,,Plein jour,En agglomération,Intersection en X,Normale,Autre collision,,,,,,,,,,,1,2,2,1,6.0
201600038281,0016-08-02 13:50:00,16,8,2,13,50,920,36,"0, BOULEVARD INTERCOMMUN",,,Plein jour,En agglomération,Intersection en X,Normale,Deux véhicules - côté,,,,,,,,,,,1,2,2,1,3.0
201600038282,0016-08-10 10:50:00,16,8,10,10,50,920,36,"0, FELICIE (RUE)",,,Nuit avec éclairage allumé,En agglomération,Intersection en T,Normale,Sans collision,,,,,,,,,,,5,2,3,1,7.0
201600038283,0016-08-16 13:00:00,16,8,16,13,0,920,36,"0, GRESILLONS (QUAI DES)",,,Plein jour,En agglomération,Intersection en X,Normale,Deux véhicules - arrière,,,,,,,,,,,1,2,2,1,2.0
201600038284,0016-08-22 15:10:00,16,8,22,15,10,920,36,"0, VIEUX CHEMIN DE SAINT",,,Plein jour,En agglomération,Hors intersection,Normale,Autre collision,,,,,,,,,,,1,2,1,1,6.0
201600038285,0016-08-25 11:20:00,16,8,25,11,20,920,36,"0, GEORGES CORETE (RUE",,,Plein jour,En agglomération,Intersection en T,Normale,Autre collision,,,,,,,,,,,1,2,3,1,6.0
201600038286,0016-08-26 15:00:00,16,8,26,15,0,920,36,"0, LAURENT CELY (AVENUE)",,,Plein jour,En agglomération,Hors intersection,Normale,Autre collision,,,,,,,,,,,1,2,1,1,6.0
201600038287,0016-08-26 17:45:00,16,8,26,17,45,920,36,"177, GABRIEL PERI (AVENU",,,Plein jour,En agglomération,Hors intersection,Normale,Autre collision,,,,,,,,,,,1,2,1,1,6.0
201600038288,0016-08-30 23:40:00,16,8,30,23,40,920,36,"0, EUGENIE (RUE)",,,Nuit avec éclairage allumé,En agglomération,Intersection en T,Normale,Sans collision,,,,,,,,,,,5,2,3,1,7.0
201600038289,0016-08-29 07:40:00,16,8,29,7,40,920,36,"0, GRESILLONS (QUAI DES)",,,Plein jour,En agglomération,Hors intersection,Normale,Autre collision,,,,,,,,,,,1,2,1,1,6.0
201600038290,0016-08-31 17:15:00,16,8,31,17,15,920,36,"0, LOUIS ROCHE (AVENUE)",,,Plein jour,En agglomération,Intersection en X,Normale,Deux véhicules - arrière,,,,,,,,,,,1,2,2,1,2.0
201600038291,0016-08-31 19:10:00,16,8,31,19,10,920,36,"112, GENERAL DE GAULLE (",,,Plein jour,En agglomération,Hors intersection,Normale,Deux véhicules - arrière,,,,,,,,,,,1,2,1,1,2.0
201600038292,0016-09-02 16:05:00,16,9,2,16,5,920,36,"37, FRANCOIS KOVAC (RUE)",,,Plein jour,En agglomération,Hors intersection,Normale,Sans collision,,,,,,,,,,,1,2,1,1,7.0
201600038293,0016-09-05 16:20:00,16,9,5,16,20,920,36,"98, GRESILLONS (AVENUE D",,,Plein jour,En agglomération,Hors intersection,Normale,Autre collision,,,,,,,,,,,1,2,1,1,6.0
201600038294,0016-09-08 15:00:00,16,9,8,15,0,920,36,"169, LOUIS ROCHE (AVENUE",,,Plein jour,En agglomération,Hors intersection,Normale,Sans collision,,,,,,,,,,,1,2,1,1,7.0
201600038295,0016-09-09 16:40:00,16,9,9,16,40,920,36,"26, LOUISE MICHEL (PAIRS",,,Plein jour,En agglomération,Hors intersection,Normale,Autre collision,,,,,,,,,,,1,2,1,1,6.0
201600038296,0016-09-09 17:00:00,16,9,9,17,0,920,36,"78, GENEAL DE GAULLE (AV",,,Plein jour,En agglomération,Intersection en T,Normale,Autre collision,,,,,,,,,,,1,2,3,1,6.0
201600038297,0016-09-14 19:15:00,16,9,14,19,15,920,36,"0, MARCEL PAUL (AVENUE)",,,Plein jour,En agglomération,Intersection en X,Normale,Autre collision,,,,,,,,,,,1,2,2,1,6.0
201600038298,0016-09-15 11:10:00,16,9,15,11,10,920,36,"0, LOUISE MICHEL (PAIRS)",,,Plein jour,En agglomération,Intersection en X,Normale,Autre collision,,,,,,,,,,,1,2,2,1,6.0
201600038299,0016-09-22 06:13:00,16,9,22,6,13,920,36,"0, BOULEVARD INTERCOMMUN",,,Nuit avec éclairage allumé,En agglomération,Intersection en X,Normale,Deux véhicules - côté,,,,,,,,,,,5,2,2,1,3.0
201600038300,0016-09-23 12:20:00,16,9,23,12,20,920,36,"177, GABRIEL PERI (AVENU",,,Plein jour,En agglomération,Hors intersection,Normale,Autre collision,,,,,,,,,,,1,2,1,1,6.0
201600038301,0016-09-26 13:15:00,16,9,26,13,15,920,36,"76, GENERAL DE GAULLE (A",,,Plein jour,En agglomération,Intersection en T,Normale,Autre collision,,,,,,,,,,,1,2,3,1,6.0
201600038302,0016-09-26 23:00:00,16,9,26,23,0,920,36,"0, LAURENT CELY (AVENUE)",,,Nuit sans éclairage public,En agglomération,Intersection en X,Normale,Deux véhicules - côté,,,,,,,,,,,3,2,2,1,3.0
201600038303,0016-09-27 10:00:00,16,9,27,10,0,920,36,"0, MARCEL PAUL (AVENUE)",,,Plein jour,En agglomération,Intersection en X,Normale,Autre collision,,,,,,,,,,,1,2,2,1,6.0
201600038304,0016-09-30 21:10:00,16,9,30,21,10,920,36,"0, LOUISE MICHEL (PAIRS)",,,Nuit avec éclairage allumé,En agglomération,Intersection en T,Pluie légère,Deux véhicules - côté,,,,,,,,,,,5,2,3,2,3.0
201600038305,0016-10-02 16:20:00,16,10,2,16,20,920,36,"30, GABRIEL PERI (AVENUE",,,Plein jour,En agglomération,Hors intersection,Normale,Deux véhicules - arrière,,,,,,,,,,,1,2,1,1,2.0
201600038306,0016-10-04 10:10:00,16,10,4,10,10,920,36,"55, PIERRE TIMBAUD (RUE)",,,Plein jour,En agglomération,Hors intersection,Normale,Sans collision,,,,,,,,,,,1,2,1,1,7.0
201600038307,0016-10-07 11:20:00,16,10,7,11,20,920,36,"0, LAMARTINE (RUE)",,,Plein jour,En agglomération,Intersection en X,Normale,Deux véhicules - côté,,,,,,,,,,,1,2,2,1,3.0
201600038308,0016-10-07 18:25:00,16,10,7,18,25,920,36,"0, MARCEL PAUL (AVENUE)",,,Plein jour,En agglomération,Intersection en X,Normale,Deux véhicules - côté,,,,,,,,,,,1,2,2,1,3.0
201600038309,0016-10-08 01:20:00,16,10,8,1,20,920,36,"0, MARCEL PAUL (AVENUE)",,,Nuit avec éclairage allumé,En agglomération,Intersection en X,Normale,Autre collision,,,,,,,,,,,5,2,2,1,6.0
201600038310,0016-10-10 12:00:00,16,10,10,12,0,920,36,"0, ARGENTEUIL (AVENUE D'",,,Plein jour,En agglomération,Intersection en T,Normale,Deux véhicules - arrière,,,,,,,,,,,1,2,3,1,2.0
201600038311,0016-10-11 11:25:00,16,10,11,11,25,920,36,"0, PRINCIPALE DU PORT (R",,,Plein jour,En agglomération,Intersection en T,Normale,Autre collision,,,,,,,,,,,1,2,3,1,6.0
201600038312,0016-10-11 19:05:00,16,10,11,19,5,920,36,"0, LOUIS CALMEL (RUE) (1",,,Nuit avec éclairage allumé,En agglomération,Hors intersection,Normale,Autre collision,,,,,,,,,,,5,2,1,1,6.0
201600038313,0016-10-12 23:25:00,16,10,12,23,25,920,36,"0, GUY DE MAUPASSANT (RU",,,Nuit avec éclairage allumé,En agglomération,Intersection en T,Normale,Autre collision,,,,,,,,,,,5,2,3,1,6.0
201600038314,0016-10-13 22:20:00,16,10,13,22,20,920,36,", LOUIS CALMEL (RUE) (1)",,,Nuit avec éclairage allumé,En agglomération,Intersection en T,Normale,Autre collision,,,,,,,,,,,5,2,3,1,6.0
201600038315,0016-10-24 16:27:00,16,10,24,16,27,920,36,"0, LOUIS ROCHE (AVENUE)",,,Plein jour,En agglomération,Intersection en T,Normale,Deux véhicules - frontale,,,,,,,,,,,1,2,3,1,1.0
201600038316,0016-10-26 21:30:00,16,10,26,21,30,920,36,"0, PRINCIPALE DU PORT (R",,,Nuit avec éclairage allumé,En agglomération,Intersection en X,Normale,Autre collision,,,,,,,,,,,5,2,2,1,6.0
201600038317,0016-10-27 15:00:00,16,10,27,15,0,920,36,"0, LAURENT CELY (AVENUE)",,,Plein jour,En agglomération,Intersection en T,Normale,Deux véhicules - arrière,,,,,,,,,,,1,2,3,1,2.0
201600038318,0016-10-28 09:15:00,16,10,28,9,15,920,36,"0, LOUIS ROCHE (AVENUE)",,,Plein jour,En agglomération,Intersection en X,Normale,Deux véhicules - arrière,,,,,,,,,,,1,2,2,1,2.0
201600038319,0016-10-28 19:00:00,16,10,28,19,0,920,36,"0, GABRIEL PERI (AVENUE)",,,Nuit avec éclairage allumé,En agglomération,Intersection en T,Normale,Deux véhicules - côté,,,,,,,,,,,5,2,3,1,3.0
201600038320,0016-10-28 19:55:00,16,10,28,19,55,920,36,"58, JEAN JAURES (RUE) (1",,,Nuit avec éclairage allumé,En agglomération,Hors intersection,Normale,Autre collision,,,,,,,,,,,5,2,1,1,6.0
201600038321,0016-10-31 12:30:00,16,10,31,12,30,920,36,"0, GRESILLONS (QUAI DES)",,,Plein jour,En agglomération,Hors intersection,Normale,Autre collision,,,,,,,,,,,1,2,1,1,6.0
201600038322,0016-11-02 17:50:00,16,11,2,17,50,920,36,"0, LOUIS ROCHE (AVENUE)",,,Plein jour,En agglomération,Intersection en X,Normale,Deux véhicules - côté,,,,,,,,,,,1,2,2,1,3.0
201600038323,0016-11-02 19:25:00,16,11,2,19,25,920,36,"75, BAS (RUE DES) (64 AU",,,Nuit avec éclairage allumé,En agglomération,Hors intersection,Normale,Autre collision,,,,,,,,,,,5,2,1,1,6.0
201600038324,0016-11-03 11:30:00,16,11,3,11,30,920,36,"0, BOULEVARD INTERCOMMUN",,,Plein jour,En agglomération,Intersection en X,Normale,Deux véhicules - côté,,,,,,,,,,,1,2,2,1,3.0
201600038325,0016-11-04 13:00:00,16,11,4,13,0,920,36,"112, LOUIS ROCHE (AVENUE",,,Plein jour,En agglomération,Hors intersection,Normale,Sans collision,,,,,,,,,,,1,2,1,1,7.0
201600038326,0016-11-12 23:45:00,16,11,12,23,45,920,36,"0, BEAUMARCHAIS (BOULEVA",,,Nuit avec éclairage allumé,En agglomération,Hors intersection,Normale,Autre collision,,,,,,,,,,,5,2,1,1,6.0
201600038327,0016-11-17 09:30:00,16,11,17,9,30,920,36,"0, sortie A86",,,Plein jour,En agglomération,Hors intersection,Normale,Autre collision,,,,,,,,,,,1,2,1,1,6.0
201600038328,0016-11-22 18:00:00,16,11,22,18,0,920,36,"78, GENERAL DE GAULLE (A",,,Nuit avec éclairage allumé,En agglomération,Intersection en T,Normale,Autre collision,,,,,,,,,,,5,2,3,1,6.0