accident_id,datetime,annee,mois,jour,heure,minute,departement,commune_insee,adresse,latitude,longitude,luminosite,agglomeration,intersection,meteo,collision,nb_vehicules,nb_usagers,nb_indemnes,nb_tues,nb_blesses_hosp,nb_blesses_legers,age_cond_1,age_cond_2,veh_type_cond_1,veh_type_cond_2,lum_code,agg_code,int_code,atm_code,col_code
201600038459,0016-03-24 20:36:00,16,3,24,20,36,920,44,"145, ANA.FRANCE(RUE) 141",,,Nuit avec éclairage allumé,En agglomération,Intersection en X,Normale,Deux véhicules - côté,,,,,,,,,,,5,2,2,1,3.0
201600038460,0016-03-29 19:30:00,16,3,29,19,30,920,44,"10, MARCEL CERDAN (RUE)",,,Plein jour,En agglomération,Hors intersection,Normale,Autre collision,,,,,,,,,,,1,2,1,1,6.0
201600038461,0016-03-30 09:20:00,16,3,30,9,20,920,44,"79, CHAPTAL(RUE) 1A79 ET",,,Plein jour,En agglomération,Hors intersection,Pluie légère,Sans collision,,,,,,,,,,,1,2,1,2,7.0
201600038462,0016-03-31 08:55:00,16,3,31,8,55,920,44,"56, P.V.COUTURIER(RUE)65",,,Plein jour,En agglomération,Hors intersection,Pluie légère,Autre collision,,,,,,,,,,,1,2,1,2,6.0
201600038463,0016-04-03 19:45:00,16,4,3,19,45,920,44,"92, CHAPTAL(RUE) 81+ ET",,,Nuit avec éclairage allumé,En agglomération,Hors intersection,Temps couvert,Deux véhicules - arrière,,,,,,,,,,,5,2,1,8,2.0
201600038464,0016-04-08 18:25:00,16,4,8,18,25,920,44,"148, DANTON(RUE)125+ ET",,,Plein jour,En agglomération,Intersection en X,Normale,Deux véhicules - frontale,,,,,,,,,,,1,2,2,1,1.0
201600038465,0016-04-12 19:45:00,16,4,12,19,45,920,44,"82, MICHELET (QUAI) 58 A",,,Plein jour,En agglomération,Hors intersection,Normale,Sans collision,,,,,,,,,,,1,2,1,1,7.0
201600038466,0016-04-19 08:30:00,16,4,19,8,30,920,44,"109, RIVAZ(RUE)109A119 E",,,Plein jour,En agglomération,Hors intersection,Normale,Deux véhicules - côté,,,,,,,,,,,1,2,1,1,3.0
201600038467,0016-04-22 19:45:00,16,4,22,19,45,920,44,P.V.COUTURIER(RUE)65A79,,,Plein jour,En agglomération,Hors intersection,Normale,Deux véhicules - côté,,,,,,,,,,,1,2,1,1,3.0
201600038468,0016-04-30 10:45:00,16,4,30,10,45,920,44,"32, MICHELET (QUAI) 32 A",,,Plein jour,En agglomération,Hors intersection,Normale,Deux véhicules - côté,,,,,,,,,,,1,2,1,1,3.0
201600038469,0016-05-07 21:30:00,16,5,7,21,30,920,44,"34, LOUIS ROUQUIER (RUE)",,,Crépuscule ou aube,En agglomération,Hors intersection,Normale,Deux véhicules - côté,,,,,,,,,,,2,2,1,1,3.0
201600038470,0016-05-10 10:20:00,16,5,10,10,20,920,44,"30, ARISTIDE BRIAND(RUE)",,,Plein jour,En agglomération,Intersection en X,Normale,Deux véhicules - côté,,,,,,,,,,,1,2,2,1,3.0
201600038471,0016-05-10 14:30:00,16,5,10,14,30,920,44,"50, P.V.COUTURIER(RUE)41",,,Plein jour,En agglomération,Intersection en X,Normale,Deux véhicules - côté,,,,,,,,,,,1,2,2,1,3.0
201600038472,0016-05-12 15:40:00,16,5,12,15,40,920,44,"85, RIVAY(RUE)73A95 ET 6",,,Plein jour,En agglomération,Hors intersection,Pluie légère,Autre collision,,,,,,,,,,,1,2,1,2,6.0
201600038473,0016-05-12 18:00:00,16,5,12,18,0,920,44,"31, ALSACE (RUE) N°19 +",,,Plein jour,En agglomération,Hors intersection,Normale,Deux véhicules - côté,,,,,,,,,,,1,2,1,1,3.0
201600038474,0016-05-18 12:25:00,16,5,18,12,25,920,44,"70, RIVAY(RUE)41A71 ET38",,,Plein jour,En agglomération,Hors intersection,Pluie forte,Deux véhicules - côté,,,,,,,,,,,1,2,1,3,3.0
201600038475,0016-05-24 09:15:00,16,5,24,9,15,920,44,"106, LOUIS ROUQUIER (RUE",,,Plein jour,En agglomération,Hors intersection,Normale,Deux véhicules - frontale,,,,,,,,,,,1,2,1,1,1.0
201600038476,0016-05-28 10:05:00,16,5,28,10,5,920,44,"16/18, VOLTAIRE(RUE)1A51",,,Plein jour,En agglomération,Hors intersection,Normale,Autre collision,,,,,,,,,,,1,2,1,1,6.0
201600038477,0016-05-30 10:50:00,16,5,30,10,50,920,44,PDT WILSON(RUE)51A75 ET,,,Plein jour,En agglomération,Hors intersection,Normale,Autre collision,,,,,,,,,,,1,2,1,1,6.0
201600038478,0016-06-01 15:35:00,16,6,1,15,35,920,44,"137, VIC. HUGO(RUE)115A1",,,Plein jour,En agglomération,Intersection en X,Normale,Deux véhicules - arrière,,,,,,,,,,,1,2,2,1,2.0
201600038479,0016-06-06 11:00:00,16,6,6,11,0,920,44,"152, ANA.FRANCE(RUE) 141",,,Plein jour,En agglomération,Hors intersection,Normale,Deux véhicules - arrière,,,,,,,,,,,1,2,1,1,2.0
201600038480,0016-06-13 00:15:00,16,6,13,0,15,920,44,"146, VIC. HUGO(RUE)091A1",,,Nuit avec éclairage allumé,En agglomération,Hors intersection,Normale,Trois véhicules et plus - en chaîne,,,,,,,,,,,5,2,1,1,4.0
201600038481,0016-06-15 14:50:00,16,6,15,14,50,920,44,"12, KLEBER (RUE)",,,Plein jour,En agglomération,Intersection en X,Normale,Deux véhicules - côté,,,,,,,,,,,1,2,2,1,3.0
201600038482,0016-06-15 17:05:00,16,6,15,17,5,920,44,"1, ANDRE MALRAUX(AVENUE)",,,Plein jour,En agglomération,Intersection en X,Normale,Deux véhicules - côté,,,,,,,,,,,1,2,2,1,3.0
201600038483,0016-06-18 18:50:00,16,6,18,18,50,920,44,"128, VIC. HUGO(RUE)115A1",,,Plein jour,En agglomération,Hors intersection,Pluie légère,Autre collision,,,,,,,,,,,1,2,1,2,6.0
201600038484,0016-06-21 09:00:00,16,6,21,9,0,920,44,"121, DANTON(RUE)75A123 E",,,Plein jour,En agglomération,Intersection en X,Normale,Autre collision,,,,,,,,,,,1,2,2,1,6.0
201600038485,0016-06-29 12:10:00,16,6,29,12,10,920,44,"40, VIC. HUGO(RUE)001A06",,,Plein jour,En agglomération,Hors intersection,Normale,Deux véhicules - côté,,,,,,,,,,,1,2,1,1,3.0
201600038486,0016-07-06 00:01:00,16,7,6,0,1,920,44,"51, BINEAU (BOULEVARD)",,,Nuit avec éclairage allumé,En agglomération,Giratoire,Normale,Deux véhicules - côté,,,,,,,,,,,5,2,6,1,3.0
201600038487,0016-07-08 16:30:00,16,7,8,16,30,920,44,"36 bis, GABRIEL PERI(RUE",,,Plein jour,En agglomération,Hors intersection,Normale,Autre collision,,,,,,,,,,,1,2,1,1,6.0
201600038488,0016-07-15 14:30:00,16,7,15,14,30,920,44,"54, VILLIERS(RUE DE)  54",,,Plein jour,En agglomération,Hors intersection,Normale,Autre collision,,,,,,,,,,,1,2,1,1,6.0
201600038489,0016-07-22 14:45:00,16,7,22,14,45,920,44,"38, MICHELET (QUAI) 32 A",,,Plein jour,En agglomération,Intersection en X,Normale,Deux véhicules - côté,,,,,,,,,,,1,2,2,1,3.0
201600038490,0016-07-28 05:40:00,16,7,28,5,40,920,44,VIC. HUGO(RUE)001A067 ET,,,Crépuscule ou aube,En agglomération,Intersection en X,Pluie légère,Deux véhicules - côté,,,,,,,,,,,2,2,2,2,3.0
201600038491,0016-07-29 00:01:00,16,7,29,0,1,920,44,"74, VILLIERS(RUE DE)  2A",,,Nuit avec éclairage allumé,En agglomération,Intersection en X,Normale,Deux véhicules - arrière,,,,,,,,,,,5,2,2,1,2.0
201600038492,0016-08-05 12:45:00,16,8,5,12,45,920,44,"69, ED.VAILLANT(RUE) 47A",,,Plein jour,En agglomération,Hors intersection,Normale,Autre collision,,,,,,,,,,,1,2,1,1,6.0
201600038493,0016-08-10 20:56:00,16,8,10,20,56,920,44,"118, ARISTIDE BRIAND(RUE",,,Plein jour,En agglomération,Intersection en X,Normale,Autre collision,,,,,,,,,,,1,2,2,1,6.0
201600038494,0016-08-17 17:15:00,16,8,17,17,15,920,44,"89, PDT WILSON(RUE)51A75",,,Plein jour,En agglomération,Intersection en X,Normale,Deux véhicules - côté,,,,,,,,,,,1,2,2,1,3.0
201600038495,0016-08-30 05:15:00,16,8,30,5,15,920,44,"30, CARNOT(RUE) 43A71 ET",,,Nuit avec éclairage allumé,En agglomération,Intersection en T,Normale,Deux véhicules - côté,,,,,,,,,,,5,2,3,1,3.0
201600038496,0016-08-29 20:00:00,16,8,29,20,0,920,44,"2, DOCTEUR DUMONT(RUE DU",,,Plein jour,En agglomération,Intersection en X,Normale,Deux véhicules - côté,,,,,,,,,,,1,2,2,1,3.0
201600038497,0016-09-08 18:30:00,16,9,8,18,30,920,44,"137, VIC. HUGO(RUE)115A1",,,Plein jour,En agglomération,Hors intersection,Normale,Autre collision,,,,,,,,,,,1,2,1,1,6.0
201600038498,0016-09-14 17:35:00,16,9,14,17,35,920,44,"12, ALSACE (RUE) N°1 A 1",,,Plein jour,En agglomération,Hors intersection,Normale,Deux véhicules - arrière,,,,,,,,,,,1,2,1,1,2.0
201600038499,0016-09-23 16:40:00,16,9,23,16,40,920,44,"55, VILLIERS(RUE DE)  54",,,Plein jour,En agglomération,Hors intersection,Normale,Autre collision,,,,,,,,,,,1,2,1,1,6.0
201600038500,0016-09-23 20:35:00,16,9,23,20,35,920,44,"43, ALSACE (RUE) N°19 +",,,Nuit avec éclairage allumé,En agglomération,Intersection en T,Normale,Autre collision,,,,,,,,,,,5,2,3,1,6.0
201600038501,0016-10-04 12:30:00,16,10,4,12,30,920,44,"2, PARC (RUE DU) 2A16 ET",,,Plein jour,En agglomération,Intersection en X,Normale,Autre collision,,,,,,,,,,,1,2,2,1,6.0
201600038502,0016-10-06 13:55:00,16,10,6,13,55,920,44,"150, ANA.FRANCE(RUE) 141",,,Plein jour,En agglomération,Intersection en X,Normale,Deux véhicules - côté,,,,,,,,,,,1,2,2,1,3.0
201600038503,0016-10-06 17:30:00,16,10,6,17,30,920,44,"38, RIVAY(RUE)25A39 ET 2",,,Plein jour,En agglomération,Intersection en T,Normale,Deux véhicules - côté,,,,,,,,,,,1,2,3,1,3.0
201600038504,0016-10-10 13:29:00,16,10,10,13,29,920,44,"21, PDT WILSON(RUE) 2A24",,,Plein jour,En agglomération,Hors intersection,Normale,Autre collision,,,,,,,,,,,1,2,1,1,6.0
201600038505,0016-10-14 19:00:00,16,10,14,19,0,920,44,"51, PDT WILSON(RUE)23A49",,,Crépuscule ou aube,En agglomération,Intersection en X,Normale,Autre collision,,,,,,,,,,,2,2,2,1,6.0
201600038506,0016-10-15 15:00:00,16,10,15,15,0,920,44,"46, GABRIEL PERI(RUE) 1A",,,Plein jour,En agglomération,Hors intersection,Normale,Autre collision,,,,,,,,,,,1,2,1,1,6.0
201600038507,0016-10-15 21:20:00,16,10,15,21,20,920,44,"154, VIC. HUGO(RUE)115A1",,,Nuit avec éclairage allumé,En agglomération,Hors intersection,Normale,Deux véhicules - côté,,,,,,,,,,,5,2,1,1,3.0
201600038508,0016-10-18 21:55:00,16,10,18,21,55,920,44,"8, BAUDIN (RUE)85 + ET 8",,,Nuit avec éclairage allumé,En agglomération,Intersection en X,Normale,Deux véhicules - côté,,,,,,,,,,,5,2,2,1,3.0
201600038509,0016-10-20 16:10:00,16,10,20,16,10,920,44,"33, BAUDIN (RUE) 27A83 E",,,Plein jour,En agglomération,Intersection en X,Normale,Deux véhicules - côté,,,,,,,,,,,1,2,2,1,3.0
201600038510,0016-10-28 16:35:00,16,10,28,16,35,920,44,"44, PDT WILSON(RUE)23A49",,,Plein jour,En agglomération,Hors intersection,Normale,Autre collision,,,,,,,,,,,1,2,1,1,6.0
201600038511,0016-11-01 16:50:00,16,11,1,16,50,920,44,"25, MARJOLIN (RUE)15A45",,,Plein jour,En agglomération,Hors intersection,Normale,Deux véhicules - côté,,,,,,,,,,,1,2,1,1,3.0
201600038512,0016-11-07 18:50:00,16,11,7,18,50,920,44,"30, JEAN JAURES(RUE) 1A5",,,Nuit avec éclairage allumé,En agglomération,Intersection en X,Normale,Autre collision,,,,,,,,,,,5,2,2,1,6.0
201600038513,0016-11-15 08:15:00,16,11,15,8,15,920,44,"55, MICHELET (QUAI) 32 A",,,Crépuscule ou aube,En agglomération,Intersection en T,Normale,Autre collision,,,,,,,,,,,2,2,3,1,6.0
201600038514,0016-11-15 10:00:00,16,11,15,10,0,920,44,"115, P.V.COUTURIER(RUE)8",,,Plein jour,En agglomération,Hors intersection,Pluie légère,Autre collision,,,,,,,,,,,1,2,1,2,6.0
201600038515,0016-11-15 18:35:00,16,11,15,18,35,920,44,"14, PDT WILSON(RUE)107A1",,,Nuit avec éclairage allumé,En agglomération,Intersection en X,Normale,Autre collision,,,,,,,,,,,5,2,2,1,6.0
201600038516,0016-11-18 18:30:00,16,11,18,18,30,920,44,"49, MICHELET (QUAI) 32 A",,,Nuit avec éclairage allumé,En agglomération,Hors intersection,Normale,Deux véhicules - arrière,,,,,,,,,,,5,2,1,1,2.0
201600038517,0016-11-21 00:35:00,16,11,21,0,35,920,44,"60, VIC. HUGO(RUE)001A06",,,Nuit avec éclairage allumé,En agglomération,Hors intersection,Normale,Autre collision,,,,,,,,,,,5,2,1,1,6.0
201600038518,0016-11-24 23:05:00,16,11,24,23,5,920,44,"12, VIC. HUGO(RUE)001A06",,,Nuit avec éclairage allumé,En agglomération,Hors intersection,Normale,Deux véhicules - côté,,,,,,,,,,,5,2,1,1,3.0
201600038519,0016-11-28 11:23:00,16,11,28,11,23,920,44,"32, RIVAY(RUE)25A39 ET 2",,,Plein jour,En agglomération,Intersection en X,Normale,Autre collision,,,,,,,,,,,1,2,2,1,6.0
201600038520,0016-11-29 15:25:00,16,11,29,15,25,920,44,"5, DANTON(RUE) 1A73 ET 2",,,Plein jour,En agglomération,Intersection en X,Normale,Autre collision,,,,,,,,,,,1,2,2,1,6.0
201600038521,0016-11-30 13:49:00,16,11,30,13,49,920,44,"7, PIERRE BROSSOLETTE(RU",,,Plein jour,En agglomération,Intersection en X,Normale,Deux véhicules - côté,,,,,,,,,,,1,2,2,1,3.0
201600038522,0016-12-02 17:08:00,16,12,2,17,8,920,44,"76, VIC. HUGO(RUE)001A06",,,Crépuscule ou aube,En agglomération,Hors intersection,Normale,Deux véhicules - arrière,,,,,,,,,,,2,2,1,1,2.0
201600038523,0016-12-09 15:00:00,16,12,9,15,0,920,44,"120, JEAN JAURES(RUE)101",,,Plein jour,En agglomération,Hors intersection,Normale,Autre collision,,,,,,,,,,,1,2,1,1,6.0
201600038524,0016-12-10 19:35:00,16,12,10,19,35,920,44,"107, PDT WILSON(RUE)107A",,,Nuit avec éclairage allumé,En agglomération,Intersection en X,Normale,Autre collision,,,,,,,,,,,5,2,2,1,6.0
201600038525,0016-12-13 07:15:00,16,12,13,7,15,920,44,"125, MARIUS AUFAN(RUE) 6",,,Nuit avec éclairage allumé,En agglomération,Intersection en X,Pluie légère,Deux véhicules - côté,,,,,,,,,,,5,2,2,2,3.0
201600038526,0016-12-13 10:00:00,16,12,13,10,0,920,44,"13, GREFFULHE (RUE)",,,Plein jour,En agglomération,Intersection en Y,Pluie légère,Autre collision,,,,,,,,,,,1,2,4,2,6.0
201600038527,0016-12-13 18:09:00,16,12,13,18,9,920,44,"34, COLLANGE(RUE) 15+ ET",,,Nuit avec éclairage allumé,En agglomération,Hors intersection,Pluie légère,Autre collision,,,,,,,,,,,5,2,1,2,6.0
201600038528,0016-12-16 04:20:00,16,12,16,4,20,920,44,"1, MARCEL CERDAN (RUE)",,,Plein jour,En agglomération,Hors intersection,Normale,Autre collision,,,,,,,,,,,1,2,1,1,6.0
201600038529,0016-12-17 06:30:00,16,12,17,6,30,920,44,"42, DANTON(RUE) 1A73 ET",,,Nuit avec éclairage allumé,En agglomération,Hors intersection,Normale,Autre collision,,,,,,,,,,,5,2,1,1,6.0
201600038530,0016-01-01 03:30:00,16,1,1,3,30,920,48,", GENERAL DE GAULLE (AVE",,,Nuit avec éclairage allumé,En agglomération,Intersection en T,Normale,Autre collision,,,,,,,,,,,5,2,3,1,6.0
201600038531,0016-01-02 19:45:00,16,1,2,19,45,920,48,"14, MAIL (ALLEE DU)",,,Nuit avec éclairage allumé,En agglomération,Intersection en T,Pluie légère,Deux véhicules - côté,,,,,,,,,,,5,2,3,2,3.0
201600038532,0016-10-22 17:05:00,16,10,22,17,5,920,48,"., ONZE NOVEMBRE 1918 (A",,,Plein jour,En agglomération,Intersection en X,Normale,Deux véhicules - frontale,,,,,,,,,,,1,2,2,1,1.0
201600038533,0016-10-22 15:20:00,16,10,22,15,20,920,48,"., GARDES (ROUTE DES) N°",,,Plein jour,En agglomération,Intersection en X,Normale,Autre collision,,,,,,,,,,,1,2,2,1,6.0
201600038534,0016-02-26 20:10:00,16,2,26,20,10,920,48,"19-21, GARDES (ROUTE DES",,,Plein jour,En agglomération,Hors intersection,Normale,Autre collision,,,,,,,,,,,1,2,1,1,6.0
201600038535,0016-03-04 10:10:00,16,3,4,10,10,920,48,"64, PARIS (RUE DE) N° 12",,,Plein jour,En agglomération,Intersection en T,Normale,Autre collision,,,,,,,,,,,1,2,3,1,6.0
201600038536,0016-03-26 18:45:00,16,3,26,18,45,920,48,"32, GENERAL DE GAULLE (A",,,Plein jour,En agglomération,Hors intersection,Normale,Autre collision,,,,,,,,,,,1,2,1,1,6.0
201600038537,0016-01-12 12:35:00,16,1,12,12,35,920,48,"., STALINGRAD (PLACE)",,,Plein jour,En agglomération,Place,Pluie légère,Deux véhicules - côté,,,,,,,,,,,1,2,7,2,3.0
201600038538,0016-05-18 23:00:00,16,5,18,23,0,920,48,RTE DU PAVILLON L'ABBE,,,Nuit avec éclairage allumé,Hors agglomération,Hors intersection,Pluie légère,Autre collision,,,,,,,,,,,5,1,1,2,6.0
201600038539,0016-08-01 21:00:00,16,8,1,21,0,920,48,"., GENERAL LECLERC (PLAC",,,Crépuscule ou aube,En agglomération,Intersection en X,Normale,Deux véhicules - côté,,,,,,,,,,,2,2,2,1,3.0
201600038540,0016-01-22 04:10:00,16,1,22,4,10,920,48,"02, GARDES (ROUTE DES) N",,,Nuit avec éclairage allumé,En agglomération,Intersection en T,Normale,Autre collision,,,,,,,,,,,5,2,3,1,6.0
201600038541,0016-10-31 20:50:00,16,10,31,20,50,920,48,"., COLONEL MORAINE (ROUT",,,Nuit avec éclairage allumé,En agglomération,Hors intersection,Normale,Autre collision,,,,,,,,,,,5,2,1,1,6.0
201600038542,0016-11-02 21:30:00,16,11,2,21,30,920,48,"45, GARDES (ROUTE DES) N",,,Nuit avec éclairage allumé,Hors agglomération,Hors intersection,Normale,Deux véhicules - frontale,,,,,,,,,,,5,1,1,1,1.0
201600038543,0016-11-05 23:40:00,16,11,5,23,40,920,48,"40, FORET (ALLEE DE LA)",,,Nuit avec éclairage allumé,En agglomération,Hors intersection,Normale,Autre collision,,,,,,,,,,,5,2,1,1,6.0
201600038544,0016-01-23 12:30:00,16,1,23,12,30,920,48,"., TRIVAUX (AVENUE DE) N",,,Plein jour,En agglomération,Intersection en T,Pluie légère,Autre collision,,,,,,,,,,,1,2,3,2,6.0
201600038545,0016-12-09 23:30:00,16,12,9,23,30,920,48,"., VAUGIRARD (RUE DE)",,,Nuit avec éclairage allumé,En agglomération,Intersection en T,Normale,Deux véhicules - frontale,,,,,,,,,,,5,2,3,1,1.0
201600038546,0016-12-17 18:55:00,16,12,17,18,55,920,48,"., MAL DE LATTRE DE TASS",,,Nuit avec éclairage allumé,En agglomération,Intersection en T,Normale,Deux véhicules - frontale,,,,,,,,,,,5,2,3,1,1.0
201600038547,0016-12-23 21:20:00,16,12,23,21,20,920,48,"., VERD DE SAINT JULIEN",,,Nuit avec éclairage allumé,En agglomération,Place,Normale,Autre collision,,,,,,,,,,,5,2,7,1,6.0
201600038548,0016-02-16 18:45:00,16,2,16,18,45,920,48,"., BELGIQUE (RUE DE LA)",,,Nuit avec éclairage allumé,En agglomération,Intersection en X,Normale,Deux véhicules - frontale,,,,,,,,,,,5,2,2,1,1.0
201600038549,0016-03-12 11:15:00,16,3,12,11,15,920,48,"09, PAIRA (RUE)",,,Plein jour,En agglomération,Hors intersection,Normale,Sans collision,,,,,,,,,,,1,2,1,1,7.0
201600038550,0016-03-14 18:20:00,16,3,14,18,20,920,48,"15, GARDES (ROUTE DES) N",,,Plein jour,En agglomération,Hors intersection,Normale,Autre collision,,,,,,,,,,,1,2,1,1,6.0
201600038551,0016-03-25 11:10:00,16,3,25,11,10,920,48,"., ARISTIDE BRIAND (PLAC",,,Plein jour,En agglomération,Intersection en X,Normale,Autre collision,,,,,,,,,,,1,2,2,1,6.0
201600038552,0016-03-31 17:30:00,16,3,31,17,30,920,48,"01, rue du Père BROTTIER",,,Plein jour,En agglomération,Hors intersection,Pluie légère,Sans collision,,,,,,,,,,,1,2,1,2,7.0
201600038553,0016-04-02 09:15:00,16,4,2,9,15,920,48,"., GARDES (ROUTE DES) N°",,,Plein jour,En agglomération,Intersection en T,Normale,Autre collision,,,,,,,,,,,1,2,3,1,6.0
201600038554,0016-04-04 13:40:00,16,4,4,13,40,920,48,"06, TRIVAUX (AVENUE DE)",,,Plein jour,En agglomération,Intersection en T,Normale,Autre collision,,,,,,,,,,,1,2,3,1,6.0
201600038555,0016-04-05 13:35:00,16,4,5,13,35,920,48,"., GARDES (ROUTE DES) N°",,,Plein jour,En agglomération,Intersection en X,Normale,Deux véhicules - frontale,,,,,,,,,,,1,2,2,1,1.0
201600038556,0016-04-11 13:25:00,16,4,11,13,25,920,48,"13-15, PAUL DEMANGE (RUE",,,Plein jour,Hors agglomération,Hors intersection,Normale,Autre collision,,,,,,,,,,,1,1,1,1,6.0
201600038557,0016-04-26 22:45:00,16,4,26,22,45,920,48,"04, MEDERIC (AVENUE)",,,Nuit avec éclairage allumé,En agglomération,Hors intersection,Pluie légère,Sans collision,,,,,,,,,,,5,2,1,2,7.0
201600038558,0016-04-28 16:10:00,16,4,28,16,10,920,48,"07, EGLISE (RUE DE L')",,,Plein jour,En agglomération,Intersection en T,Normale,Deux véhicules - côté,,,,,,,,,,,1,2,3,1,3.0
201600038559,0016-05-04 19:30:00,16,5,4,19,30,920,48,MAL DE LATTRE DE TASSIGN,,,Plein jour,En agglomération,Intersection en T,Normale,Autre collision,,,,,,,,,,,1,2,3,1,6.0
201600038560,0016-05-10 10:20:00,16,5,10,10,20,920,48,"., GENERAL DE GAULLE (AV",,,Plein jour,En agglomération,Giratoire,Normale,Sans collision,,,,,,,,,,,1,2,6,1,7.0
201600038561,0016-05-17 16:10:00,16,5,17,16,10,920,48,"., VAUGIRARD (ROUTE DE)",,,Plein jour,En agglomération,Intersection en T,Normale,Autre collision,,,,,,,,,,,1,2,3,1,6.0
201600038562,0016-05-19 10:15:00,16,5,19,10,15,920,48,"41bis, GENERAL GALLIENI",,,Plein jour,En agglomération,Intersection en X,Pluie légère,Deux véhicules - côté,,,,,,,,,,,1,2,2,2,3.0
201600038563,0016-05-20 19:30:00,16,5,20,19,30,920,48,"10, ROSERAIE (RUE DE LA)",,,Plein jour,En agglomération,Hors intersection,Normale,Autre collision,,,,,,,,,,,1,2,1,1,6.0
201600038564,0016-06-16 07:30:00,16,6,16,7,30,920,48,"24ter, GARDES (ROUTE DES",,,Plein jour,En agglomération,Hors intersection,Normale,Deux véhicules - frontale,,,,,,,,,,,1,2,1,1,1.0
201600038565,0016-06-17 09:35:00,16,6,17,9,35,920,48,"., TRIVAUX (AVENUE DE) N",,,Plein jour,En agglomération,Intersection en T,Normale,Autre collision,,,,,,,,,,,1,2,3,1,6.0
201600038566,0016-06-26 16:00:00,16,6,26,16,0,920,48,"04, MAIL (ALLEE DU)",,,Plein jour,En agglomération,Intersection en T,Normale,Autre collision,,,,,,,,,,,1,2,3,1,6.0
201600038567,0016-06-27 14:05:00,16,6,27,14,5,920,48,"., TRIVAUX (AVENUE DE) N",,,Plein jour,En agglomération,Hors intersection,Normale,Autre collision,,,,,,,,,,,1,2,1,1,6.0
201600038568,0016-06-29 09:30:00,16,6,29,9,30,920,48,"02, GARDES (ROUTE DES) N",,,Plein jour,En agglomération,Hors intersection,Normale,Deux véhicules - côté,,,,,,,,,,,1,2,1,1,3.0
201600038569,0016-07-28 15:10:00,16,7,28,15,10,920,48,"., STALINGRAD (PLACE)",,,Plein jour,En agglomération,Place,Normale,Autre collision,,,,,,,,,,,1,2,7,1,6.0
201600038570,0016-08-04 19:00:00,16,8,4,19,0,920,48,"10, GENERAL GALLIENI (AV",,,Plein jour,En agglomération,Intersection en X,Normale,Sans collision,,,,,,,,,,,1,2,2,1,7.0
201600038571,0016-07-05 09:00:00,16,7,5,9,0,920,48,"24, ANATOLE FRANCE (BOUL",,,Plein jour,En agglomération,Intersection en Y,Normale,Deux véhicules - frontale,,,,,,,,,,,1,2,4,1,1.0
201600038572,0016-08-12 19:55:00,16,8,12,19,55,920,48,"13, MARECHAL JUIN (AVENU",,,Plein jour,En agglomération,Hors intersection,Normale,Deux véhicules - arrière,,,,,,,,,,,1,2,1,1,2.0
201600038573,0016-08-13 21:40:00,16,8,13,21,40,920,48,"11, GENERAL DE GAULLE (A",,,Plein jour,En agglomération,Hors intersection,Normale,Autre collision,,,,,,,,,,,1,2,1,1,6.0
201600038574,0016-08-20 18:35:00,16,8,20,18,35,920,48,"., VERRERIE (RUE DE LA)",,,Plein jour,En agglomération,Intersection en T,Normale,Autre collision,,,,,,,,,,,1,2,3,1,6.0
201600038575,0016-08-22 09:20:00,16,8,22,9,20,920,48,"., MAL DE LATTRE DE TASS",,,Plein jour,En agglomération,Intersection en T,Normale,Deux véhicules - frontale,,,,,,,,,,,1,2,3,1,1.0
201600038576,0016-08-28 16:00:00,16,8,28,16,0,920,48,"., PAVILLON L'ABBE (ROUT",,,Plein jour,Hors agglomération,Intersection en X,Normale,Deux véhicules - côté,,,,,,,,,,,1,1,2,1,3.0
201600038577,0016-08-28 20:05:00,16,8,28,20,5,920,48,"54, RUSHMOOR (RUE DE)",,,Plein jour,En agglomération,Hors intersection,Normale,Autre collision,,,,,,,,,,,1,2,1,1,6.0
201600038578,0016-09-03 11:10:00,16,9,3,11,10,920,48,"46, HENRI BARBUSSE (RUE)",,,Plein jour,En agglomération,Hors intersection,Normale,Sans collision,,,,,,,,,,,1,2,1,1,7.0
201600038579,0016-09-12 17:15:00,16,9,12,17,15,920,48,"31, MARCEL ALLEGOT (RUE)",,,Plein jour,En agglomération,Hors intersection,Normale,Autre collision,,,,,,,,,,,1,2,1,1,6.0
201600038580,0016-09-16 09:15:00,16,9,16,9,15,920,48,"15, GARDES (ROUTE DES) N",,,Plein jour,En agglomération,Hors intersection,Normale,Autre collision,,,,,,,,,,,1,2,1,1,6.0
201600038581,0016-09-29 08:45:00,16,9,29,8,45,920,48,"., GENERAL DE GAULLE (AV",,,Plein jour,En agglomération,Hors intersection,Normale,Autre collision,,,,,,,,,,,1,2,1,1,6.0
201600038582,0016-10-17 18:00:00,16,10,17,18,0,920,48,"18, MAIL (ALLEE DU)",,,Nuit avec éclairage allumé,En agglomération,Intersection en T,Normale,Deux véhicules - côté,,,,,,,,,,,5,2,3,1,3.0
201600038583,0016-10-27 15:00:00,16,10,27,15,0,920,48,"., GARDES (ROUTE DES) N°",,,Plein jour,En agglomération,Intersection en T,Normale,Autre collision,,,,,,,,,,,1,2,3,1,6.0
201600038584,0016-11-05 10:10:00,16,11,5,10,10,920,48,"38, MAL DE LATTRE DE TAS",,,Plein jour,En agglomération,Hors intersection,Pluie légère,Sans collision,,,,,,,,,,,1,2,1,2,7.0
201600038585,0016-11-12 14:20:00,16,11,12,14,20,920,48,"56, JEAN JAURES (AVENUE)",,,Plein jour,Hors agglomération,Hors intersection,Pluie légère,Sans collision,,,,,,,,,,,1,1,1,2,7.0
201600038586,0016-11-16 18:30:00,16,11,16,18,30,920,48,"01, MASKERET-BATIA (RUE)",,,Nuit avec éclairage allumé,En agglomération,Hors intersection,Pluie légère,Autre collision,,,,,,,,,,,5,2,1,2,6.0
201600038587,0016-12-07 09:00:00,16,12,7,9,0,920,48,"47, GENERAL DE GAULLE (A",,,Plein jour,En agglomération,Hors intersection,Normale,Autre collision,,,,,,,,,,,1,2,1,1,6.0