accident_id,datetime,annee,mois,jour,heure,minute,departement,commune_insee,adresse,latitude,longitude,luminosite,agglomeration,intersection,meteo,collision,nb_vehicules,nb_usagers,nb_indemnes,nb_tues,nb_blesses_hosp,nb_blesses_legers,age_cond_1,age_cond_2,veh_type_cond_1,veh_type_cond_2,lum_code,agg_code,int_code,atm_code,col_code
201600038588,0016-12-09 19:00:00,16,12,9,19,0,920,48,"03TER, PARIS (RUE DE) N°",,,Nuit avec éclairage allumé,En agglomération,Hors intersection,Normale,Autre collision,,,,,,,,,,,5,2,1,1,6.0
201600038589,0016-12-14 20:00:00,16,12,14,20,0,920,48,"., LOUVOIS (AVENUE)",,,Nuit avec éclairage allumé,En agglomération,Intersection en T,Normale,Autre collision,,,,,,,,,,,5,2,3,1,6.0
201600038590,0016-12-15 10:50:00,16,12,15,10,50,920,48,STALINGRAD (PLACE),,,Plein jour,En agglomération,Place,Normale,Autre collision,,,,,,,,,,,1,2,7,1,6.0
201600038591,0016-12-15 08:00:00,16,12,15,8,0,920,48,"04, MARECHAL LECLERC (AV",,,Plein jour,En agglomération,Intersection en T,Normale,Autre collision,,,,,,,,,,,1,2,3,1,6.0
201600038592,0016-12-19 17:40:00,16,12,19,17,40,920,48,"16, MAL DE LATTRE DE TAS",,,Nuit avec éclairage allumé,En agglomération,Hors intersection,Normale,Autre collision,,,,,,,,,,,5,2,1,1,6.0
201600038593,0016-12-20 09:45:00,16,12,20,9,45,920,48,"60, FORET (ALLEE DE LA)",,,Plein jour,En agglomération,Intersection en T,Normale,Autre collision,,,,,,,,,,,1,2,3,1,6.0
201600038594,0016-12-20 20:45:00,16,12,20,20,45,920,48,"49, REPUBLIQUE (RUE DE L",,,Nuit avec éclairage allumé,En agglomération,Intersection en X,Normale,Autre collision,,,,,,,,,,,5,2,2,1,6.0
201600038595,0016-12-21 10:20:00,16,12,21,10,20,920,48,"13, ORANGERIE (RUE DE L'",,,Plein jour,En agglomération,Intersection en T,Normale,Autre collision,,,,,,,,,,,1,2,3,1,6.0
201600038596,0016-12-24 17:20:00,16,12,24,17,20,920,48,"32, VERD DE SAINT JULIEN",,,Nuit avec éclairage allumé,En agglomération,Intersection en T,Normale,Deux véhicules - côté,,,,,,,,,,,5,2,3,1,3.0
201600038597,0016-12-29 19:30:00,16,12,29,19,30,920,48,"17, BANES (RUE) N° 3 A 1",,,Nuit avec éclairage allumé,En agglomération,Intersection en T,Normale,Autre collision,,,,,,,,,,,5,2,3,1,6.0
201600038598,0016-12-29 15:40:00,16,12,29,15,40,920,48,"5, GENERAL DE GAULLE (AV",,,Plein jour,En agglomération,Intersection en T,Normale,Trois véhicules et plus - collisions multiples,,,,,,,,,,,1,2,3,1,5.0
201600038599,0016-01-03 13:00:00,16,1,3,13,0,920,49,"43, GINOUX AV. HENRI N°1",,,Plein jour,En agglomération,Hors intersection,Pluie légère,Deux véhicules - côté,,,,,,,,,,,1,2,1,2,3.0
201600038600,0016-01-03 17:45:00,16,1,3,17,45,920,49,"48, ROLLAND RUE LOUIS",,,Nuit avec éclairage allumé,En agglomération,Hors intersection,Pluie légère,Autre collision,,,,,,,,,,,5,2,1,2,6.0
201600038601,0016-01-08 10:05:00,16,1,8,10,5,920,49,"236, DORMOY AVENUE MARX",,,Plein jour,En agglomération,Hors intersection,Normale,Deux véhicules - frontale,,,,,,,,,,,1,2,1,1,1.0
201600038602,0016-01-08 16:45:00,16,1,8,16,45,920,20,"19, DIVISION LECLERC AVE",,,Crépuscule ou aube,En agglomération,Hors intersection,Normale,Autre collision,,,,,,,,,,,2,2,1,1,6.0
201600038603,0016-01-12 08:03:00,16,1,12,8,3,920,49,"87, BROSSOLETTE AVENUE P",,,Plein jour,En agglomération,Hors intersection,Normale,Autre collision,,,,,,,,,,,1,2,1,1,6.0
201600038604,0016-01-12 11:30:00,16,1,12,11,30,920,49,BARBES RUE,,,Plein jour,En agglomération,Intersection en T,Normale,Deux véhicules - côté,,,,,,,,,,,1,2,3,1,3.0
201600038605,0016-01-12 11:40:00,16,1,12,11,40,920,20,"67, PARIS AVENUE DE N°2",,,Plein jour,En agglomération,Hors intersection,Normale,Autre collision,,,,,,,,,,,1,2,1,1,6.0
201600038606,0016-01-13 10:50:00,16,1,13,10,50,920,20,"32, VERDUN AVENUE DE AUT",,,Plein jour,En agglomération,Hors intersection,Normale,Autre collision,,,,,,,,,,,1,2,1,1,6.0
201600038607,0016-01-18 18:20:00,16,1,18,18,20,920,20,"65, PARIS AVENUE DE N° I",,,Nuit avec éclairage allumé,En agglomération,Hors intersection,Normale,Autre collision,,,,,,,,,,,5,2,1,1,6.0
201600038608,0016-01-20 16:40:00,16,1,20,16,40,920,49,"52.56, CARVES RUE",,,Plein jour,En agglomération,Hors intersection,Normale,Deux véhicules - côté,,,,,,,,,,,1,2,1,1,3.0
201600038609,0016-01-30 20:50:00,16,1,30,20,50,920,20,"51, VERDUN AVENUE DE AUT",,,Nuit avec éclairage allumé,En agglomération,Hors intersection,Normale,Autre collision,,,,,,,,,,,5,2,1,1,6.0
201600038610,0016-01-31 19:19:00,16,1,31,19,19,920,20,"59, DIVISION LECLERC AVE",,,Nuit avec éclairage allumé,En agglomération,Hors intersection,Normale,Sans collision,,,,,,,,,,,5,2,1,1,7.0
201600038611,0016-02-02 16:31:00,16,2,2,16,31,920,20,"39, LOUVEAU RUE",,,Plein jour,En agglomération,Hors intersection,Pluie légère,Deux véhicules - côté,,,,,,,,,,,1,2,1,2,3.0
201600038612,0016-02-03 17:37:00,16,2,3,17,37,920,49,JAURES AV. JEAN N°1 A 51,,,Crépuscule ou aube,En agglomération,Hors intersection,Pluie légère,Sans collision,,,,,,,,,,,2,2,1,2,7.0
201600038613,0016-02-06 22:05:00,16,2,6,22,5,920,20,"55, PARIS AVENUE DE N° I",,,Nuit avec éclairage allumé,En agglomération,Hors intersection,Normale,Deux véhicules - côté,,,,,,,,,,,5,2,1,1,3.0
201600038614,0016-02-07 14:28:00,16,2,7,14,28,920,20,STALINGRAD BOULEVARD,,,Plein jour,En agglomération,Intersection en X,Normale,Autre collision,,,,,,,,,,,1,2,2,1,6.0
201600038615,0016-02-07 16:30:00,16,2,7,16,30,920,20,"4, BERTHELOT AVENUE MARC",,,Crépuscule ou aube,En agglomération,Intersection en T,Normale,Deux véhicules - côté,,,,,,,,,,,2,2,3,1,3.0
201600038616,0016-02-09 08:15:00,16,2,9,8,15,920,49,PERI RUE GABRIEL AUTRES,,,Plein jour,En agglomération,Intersection en X,Pluie légère,Autre collision,,,,,,,,,,,1,2,2,2,6.0
201600038617,0016-02-09 07:20:00,16,2,9,7,20,920,20,"5, BERTHELOT AVENUE MARC",,,Nuit avec éclairage allumé,Hors agglomération,Hors intersection,Pluie forte,Autre collision,,,,,,,,,,,5,1,1,3,6.0
201600038618,0016-02-10 12:10:00,16,2,10,12,10,920,20,"63, VANVES BOULEVARD N°",,,Plein jour,En agglomération,Intersection en T,Normale,Autre collision,,,,,,,,,,,1,2,3,1,6.0
201600038619,0016-02-13 22:15:00,16,2,13,22,15,920,49,"122, VERDIER AVENUE AUTR",,,Nuit avec éclairage allumé,En agglomération,Hors intersection,Normale,Autre collision,,,,,,,,,,,5,2,1,1,6.0
201600038620,0016-02-17 17:01:00,16,2,17,17,1,920,20,LIBERTE BOULEVARD DE LA,,,Plein jour,En agglomération,Intersection en X,Normale,Trois véhicules et plus - collisions multiples,,,,,,,,,,,1,2,2,1,5.0
201600038621,0016-02-17 20:00:00,16,2,17,20,0,920,49,PERI RUE GABRIEL AUTRES,,,Nuit avec éclairage allumé,En agglomération,Intersection en Y,Normale,Sans collision,,,,,,,,,,,5,2,4,1,7.0
201600038622,0016-02-22 09:50:00,16,2,22,9,50,920,20,"95, PARIS AVENUE DE N° I",,,Plein jour,En agglomération,Hors intersection,Normale,Autre collision,,,,,,,,,,,1,2,1,1,6.0
201600038623,0016-02-23 22:50:00,16,2,23,22,50,920,20,"117, VERDUN AVENUE DE AU",,,Nuit avec éclairage allumé,En agglomération,Hors intersection,Normale,Deux véhicules - côté,,,,,,,,,,,5,2,1,1,3.0
201600038624,0016-02-27 18:45:00,16,2,27,18,45,920,49,"29, GINOUX AV. HENRI N°1",,,Crépuscule ou aube,En agglomération,Hors intersection,Autre,Autre collision,,,,,,,,,,,2,2,1,9,6.0
201600038625,0016-03-03 07:30:00,16,3,3,7,30,920,49,BARBES RUE,,,Plein jour,En agglomération,Intersection en T,Normale,Sans collision,,,,,,,,,,,1,2,3,1,7.0
201600038626,0016-03-03 14:00:00,16,3,3,14,0,920,49,PERI RUE GABRIEL AUTRES,,,Plein jour,En agglomération,Intersection en X,Normale,Deux véhicules - arrière,,,,,,,,,,,1,2,2,1,2.0
201600038627,0016-03-07 15:00:00,16,3,7,15,0,920,20,"81, REPUBLIQUE AV. AUTRE",,,Plein jour,En agglomération,Hors intersection,Neige / grêle,Trois véhicules et plus - en chaîne,,,,,,,,,,,1,2,1,4,4.0
201600038628,0016-03-10 19:40:00,16,3,10,19,40,920,20,"87, VERDUN AVENUE DE AUT",,,Nuit avec éclairage allumé,En agglomération,Hors intersection,Normale,Autre collision,,,,,,,,,,,5,2,1,1,6.0
201600038629,0016-03-13 17:40:00,16,3,13,17,40,920,20,"21, VANVES BOULEVARD N°",,,Crépuscule ou aube,En agglomération,Hors intersection,Normale,Autre collision,,,,,,,,,,,2,2,1,1,6.0
201600038630,0016-03-17 09:40:00,16,3,17,9,40,920,20,"35, PARIS AVENUE DE N°2",,,Plein jour,En agglomération,Hors intersection,Normale,Deux véhicules - côté,,,,,,,,,,,1,2,1,1,3.0
201600038631,0016-03-22 10:00:00,16,3,22,10,0,920,20,"77, PARIS AVENUE DE N°2",,,Plein jour,En agglomération,Passage à niveau,Normale,Autre collision,,,,,,,,,,,1,2,8,1,6.0
201600038632,0016-03-22 19:10:00,16,3,22,19,10,920,20,"103, PARIS AVENUE DE N°8",,,Plein jour,En agglomération,Hors intersection,Normale,Deux véhicules - côté,,,,,,,,,,,1,2,1,1,3.0
201600038633,0016-03-23 20:40:00,16,3,23,20,40,920,20,"85, PARIS AVENUE DE N°84",,,Crépuscule ou aube,En agglomération,Hors intersection,Normale,Autre collision,,,,,,,,,,,2,2,1,1,6.0
201600038634,0016-03-28 21:20:00,16,3,28,21,20,920,20,KLEBER TUE,,,Nuit avec éclairage allumé,En agglomération,Giratoire,Pluie légère,Deux véhicules - côté,,,,,,,,,,,5,2,6,2,3.0
201600038635,0016-03-31 08:50:00,16,3,31,8,50,920,49,PERI RUE GABRIEL AUTRES,,,Plein jour,En agglomération,Intersection en T,Pluie forte,Autre collision,,,,,,,,,,,1,2,3,3,6.0
201600038636,0016-04-02 21:20:00,16,4,2,21,20,920,20,"20, STALINGRAD BOULEVARD",,,Nuit avec éclairage allumé,En agglomération,Hors intersection,Normale,Autre collision,,,,,,,,,,,5,2,1,1,6.0
201600038637,0016-04-04 13:25:00,16,4,4,13,25,920,49,"120, REPUBLIQUE AVENUE D",,,Plein jour,En agglomération,Hors intersection,Normale,Autre collision,,,,,,,,,,,1,2,1,1,6.0
201600038638,0016-04-05 13:40:00,16,4,5,13,40,920,49,"11, BOUTROUX AVENUE EMIL",,,Plein jour,En agglomération,Hors intersection,Normale,Autre collision,,,,,,,,,,,1,2,1,1,6.0
201600038639,0016-04-06 09:10:00,16,4,6,9,10,920,49,"50, JAURES AV. JEAN N°1",,,Plein jour,En agglomération,Hors intersection,Normale,Autre collision,,,,,,,,,,,1,2,1,1,6.0
201600038640,0016-04-06 19:30:00,16,4,6,19,30,920,20,"113, REPUBLIQUE AV. AUTR",,,Plein jour,En agglomération,Hors intersection,Normale,Deux véhicules - côté,,,,,,,,,,,1,2,1,1,3.0
201600038641,0016-04-07 12:50:00,16,4,7,12,50,920,49,VERDIER AVENUE N°1 A 23,,,Plein jour,En agglomération,Hors intersection,Normale,Deux véhicules - frontale,,,,,,,,,,,1,2,1,1,1.0
201600038642,0016-04-15 09:00:00,16,4,15,9,0,920,20,PAIX AVENUE DE LA  AUTRE,,,Plein jour,En agglomération,Intersection en X,Normale,Autre collision,,,,,,,,,,,1,2,2,1,6.0
201600038643,0016-04-14 16:15:00,16,4,14,16,15,920,49,"7, HUGO RUE VICTOR N°1 A",,,Plein jour,En agglomération,Hors intersection,Normale,Autre collision,,,,,,,,,,,1,2,1,1,6.0
201600038644,0016-04-18 19:50:00,16,4,18,19,50,920,49,"57, BROSSOLETTE AVENUE P",,,Plein jour,En agglomération,Hors intersection,Normale,Deux véhicules - côté,,,,,,,,,,,1,2,1,1,3.0
201600038645,0016-04-20 11:30:00,16,4,20,11,30,920,49,"206, DORMOY AVENUE MARX",,,Plein jour,En agglomération,Hors intersection,Normale,Autre collision,,,,,,,,,,,1,2,1,1,6.0
201600038646,0016-04-22 19:00:00,16,4,22,19,0,920,49,BROSSOLETTE AVENUE PIERR,,,Plein jour,En agglomération,Intersection en X,Normale,Deux véhicules - côté,,,,,,,,,,,1,2,2,1,3.0
201600038647,0016-04-28 10:00:00,16,4,28,10,0,920,20,"174, PARIS AVENUE DE N°8",,,Plein jour,En agglomération,Hors intersection,Normale,Autre collision,,,,,,,,,,,1,2,1,1,6.0
201600038648,0016-04-30 15:00:00,16,4,30,15,0,920,20,"63, VANVES BOULEVARD N°",,,Plein jour,En agglomération,Hors intersection,Normale,Autre collision,,,,,,,,,,,1,2,1,1,6.0
201600038649,0016-05-11 09:30:00,16,5,11,9,30,920,20,PARIS AVENUE DE N° IMPAI,,,Plein jour,En agglomération,Intersection en T,Normale,Deux véhicules - côté,,,,,,,,,,,1,2,3,1,3.0
201600038650,0016-05-12 18:00:00,16,5,12,18,0,920,49,BROSSOLETTE AVENUE PIERR,,,Plein jour,En agglomération,Hors intersection,Normale,Trois véhicules et plus - collisions multiples,,,,,,,,,,,1,2,1,1,5.0
201600038651,0016-05-13 12:20:00,16,5,13,12,20,920,20,JAURES AVENUE JEAN,,,Plein jour,En agglomération,Autre intersection,Normale,Autre collision,,,,,,,,,,,1,2,9,1,6.0
201600038652,0016-05-14 22:30:00,16,5,14,22,30,920,49,REPUBLIQUE AVENUE DE LA,,,Nuit avec éclairage allumé,En agglomération,Intersection en X,Normale,Deux véhicules - côté,,,,,,,,,,,5,2,2,1,3.0
201600038653,0016-05-15 17:35:00,16,5,15,17,35,920,20,"76, VANVES BOULEVARD DE",,,Plein jour,En agglomération,Hors intersection,Normale,Autre collision,,,,,,,,,,,1,2,1,1,6.0
201600038654,0016-05-17 15:40:00,16,5,17,15,40,920,49,"40, BARBES RUE",,,Plein jour,En agglomération,Hors intersection,Normale,Autre collision,,,,,,,,,,,1,2,1,1,6.0
201600038655,0016-05-17 18:10:00,16,5,17,18,10,920,49,BRIAND AVENUE ARISTIDE A,,,Plein jour,En agglomération,Intersection en X,Normale,Autre collision,,,,,,,,,,,1,2,2,1,6.0
201600038656,0016-05-20 08:00:00,16,5,20,8,0,920,49,"50, JAURES AV. JEAN N°1",,,Plein jour,En agglomération,Hors intersection,Pluie légère,Deux véhicules - côté,,,,,,,,,,,1,2,1,2,3.0
201600038657,0016-05-24 17:05:00,16,5,24,17,5,920,49,"83, BROSSOLETTE AVENUE P",,,Plein jour,En agglomération,Intersection en T,Normale,Deux véhicules - côté,,,,,,,,,,,1,2,3,1,3.0
201600038658,0016-05-30 08:15:00,16,5,30,8,15,920,49,"58, PERI RUE GABRIEL N°3",,,Plein jour,En agglomération,Hors intersection,Pluie forte,Deux véhicules - côté,,,,,,,,,,,1,2,1,3,3.0
201600038659,0016-05-30 21:20:00,16,5,30,21,20,920,20,"44, PARIS AVENUE DE N°2",,,Nuit avec éclairage allumé,En agglomération,Hors intersection,Pluie légère,Autre collision,,,,,,,,,,,5,2,1,2,6.0
201600038660,0016-05-31 15:50:00,16,5,31,15,50,920,49,"143, BROSSOLETTE AVENUE",,,Plein jour,En agglomération,Intersection en X,Pluie légère,Trois véhicules et plus - en chaîne,,,,,,,,,,,1,2,2,2,4.0
201600038661,0016-06-02 07:20:00,16,6,2,7,20,920,49,"73, REPUBLIQUE AVENUE DE",,,Plein jour,En agglomération,Hors intersection,Normale,Autre collision,,,,,,,,,,,1,2,1,1,6.0
201600038662,0016-06-02 09:00:00,16,6,2,9,0,920,49,"126, BRIAND AVENUE ARIST",,,Plein jour,En agglomération,Hors intersection,Normale,Deux véhicules - arrière,,,,,,,,,,,1,2,1,1,2.0
201600038663,0016-06-09 17:45:00,16,6,9,17,45,920,20,"57, PARIS AVENUE DE N°2",,,Plein jour,En agglomération,Hors intersection,Normale,Deux véhicules - côté,,,,,,,,,,,1,2,1,1,3.0
201600038664,0016-06-14 07:40:00,16,6,14,7,40,920,20,REPUBLIQUE AV. AUTRES N°,,,Plein jour,En agglomération,Intersection en X,Normale,Deux véhicules - côté,,,,,,,,,,,1,2,2,1,3.0
201600038665,0016-06-15 19:20:00,16,6,15,19,20,920,49,"48, REPUBLIQUE AVENUE DE",,,Plein jour,En agglomération,Hors intersection,Normale,Autre collision,,,,,,,,,,,1,2,1,1,6.0
201600038666,0016-06-18 11:05:00,16,6,18,11,5,920,49,"182, DORMOY AVENUE MARX",,,Plein jour,En agglomération,Hors intersection,Normale,Deux véhicules - côté,,,,,,,,,,,1,2,1,1,3.0
201600038667,0016-06-23 10:30:00,16,6,23,10,30,920,49,DORMOY AVENUE MARX N°102,,,Plein jour,En agglomération,Intersection en T,Autre,Deux véhicules - côté,,,,,,,,,,,1,2,3,9,3.0
201600038668,0016-06-24 14:15:00,16,6,24,14,15,920,20,VERDUN AVENUE DE AUTRES,,,Plein jour,En agglomération,Intersection en T,Normale,Trois véhicules et plus - collisions multiples,,,,,,,,,,,1,2,3,1,5.0
201600038669,0016-06-29 17:30:00,16,6,29,17,30,920,49,"26, BOUTROUX AVENUE EMIL",,,Plein jour,En agglomération,Hors intersection,Normale,Sans collision,,,,,,,,,,,1,2,1,1,7.0
201600038670,0016-06-30 11:20:00,16,6,30,11,20,920,49,"67, REPUBLIQUE AVENUE DE",,,Plein jour,En agglomération,Hors intersection,Normale,Autre collision,,,,,,,,,,,1,2,1,1,6.0
201600038671,0016-07-01 17:30:00,16,7,1,17,30,920,49,BROSSOLETTE AVENUE PIERR,,,Plein jour,En agglomération,Intersection en X,Normale,Deux véhicules - côté,,,,,,,,,,,1,2,2,1,3.0
201600038672,0016-07-02 22:30:00,16,7,2,22,30,920,49,"210, DORMOY AVENUE MARX",,,Crépuscule ou aube,En agglomération,Hors intersection,Normale,Sans collision,,,,,,,,,,,2,2,1,1,7.0
201600038673,0016-07-02 22:40:00,16,7,2,22,40,920,20,"57, VERDUN AVENUE DE AUT",,,Nuit avec éclairage allumé,En agglomération,Intersection en X,Normale,Autre collision,,,,,,,,,,,5,2,2,1,6.0
201600038674,0016-07-08 07:00:00,16,7,8,7,0,920,20,"3, DIVISION LECLERC AVEN",,,Plein jour,En agglomération,Intersection en T,Normale,Deux véhicules - côté,,,,,,,,,,,1,2,3,1,3.0
201600038675,0016-07-13 00:15:00,16,7,13,0,15,920,20,EXUPERY AVENUE SAINT,,,Nuit avec éclairage allumé,En agglomération,Intersection en X,Pluie forte,Autre collision,,,,,,,,,,,5,2,2,3,6.0
201600038676,0016-07-15 18:45:00,16,7,15,18,45,920,49,"18, BARBES RUE",,,Plein jour,En agglomération,Hors intersection,Normale,Autre collision,,,,,,,,,,,1,2,1,1,6.0
201600038677,0016-07-18 01:00:00,16,7,18,1,0,920,20,"44, VANVES BOULEVARD DE",,,Nuit avec éclairage allumé,En agglomération,Hors intersection,Normale,Autre collision,,,,,,,,,,,5,2,1,1,6.0
201600038678,0016-07-18 15:00:00,16,7,18,15,0,920,20,"21, PARIS AVENUE DE N° I",,,Plein jour,En agglomération,Hors intersection,Normale,Sans collision,,,,,,,,,,,1,2,1,1,7.0
201600038679,0016-07-21 20:15:00,16,7,21,20,15,920,20,"161, REPUBLIQUE AV. N°27",,,Plein jour,En agglomération,Hors intersection,Normale,Deux véhicules - côté,,,,,,,,,,,1,2,1,1,3.0
201600038680,0016-07-25 18:15:00,16,7,25,18,15,920,49,"91, BROSSOLETTE AVENUE P",,,Plein jour,En agglomération,Hors intersection,Normale,Deux véhicules - arrière,,,,,,,,,,,1,2,1,1,2.0
201600038681,0016-07-29 20:30:00,16,7,29,20,30,920,49,"51, GINOUX AV. HENRI N°1",,,Plein jour,En agglomération,Intersection en T,Normale,Sans collision,,,,,,,,,,,1,2,3,1,7.0
201600038682,0016-08-01 17:15:00,16,8,1,17,15,920,20,"182, ROISSYS RUE DES AUT",,,Plein jour,En agglomération,Hors intersection,Normale,Autre collision,,,,,,,,,,,1,2,1,1,6.0
201600038683,0016-08-02 17:50:00,16,8,2,17,50,920,49,DORMOY AVENUE MARX N°102,,,Plein jour,En agglomération,Intersection en T,Normale,Deux véhicules - côté,,,,,,,,,,,1,2,3,1,3.0
201600038684,0016-08-04 21:50:00,16,8,4,21,50,920,49,DORMOY AVENUE MARX N°2 A,,,Nuit avec éclairage allumé,En agglomération,Giratoire,Pluie légère,Deux véhicules - côté,,,,,,,,,,,5,2,6,2,3.0
201600038685,0016-08-06 11:10:00,16,8,6,11,10,920,49,DORMOY AVENUE MARX N°2 A,,,Plein jour,En agglomération,Intersection en T,Normale,Autre collision,,,,,,,,,,,1,2,3,1,6.0
201600038686,0016-08-08 11:27:00,16,8,8,11,27,920,20,"102, PARIS AVENUE DE N°8",,,Plein jour,En agglomération,Hors intersection,Normale,Autre collision,,,,,,,,,,,1,2,1,1,6.0
201600038687,0016-08-19 14:25:00,16,8,19,14,25,920,49,VERDUN AVENUE DE,,,Plein jour,En agglomération,Intersection en Y,Pluie légère,Autre collision,,,,,,,,,,,1,2,4,2,6.0
201600038688,0016-08-25 14:50:00,16,8,25,14,50,920,20,PAIX AVENUE DE LA  AUTRE,,,Plein jour,En agglomération,Intersection en X,Normale,Deux véhicules - côté,,,,,,,,,,,1,2,2,1,3.0
201600038689,0016-08-25 18:20:00,16,8,25,18,20,920,49,"34, VERDIER AVENUE AUTRE",,,Plein jour,En agglomération,Intersection en T,Normale,Autre collision,,,,,,,,,,,1,2,3,1,6.0
201600038690,0016-09-01 18:10:00,16,9,1,18,10,920,49,"130, JAURES AVENUE JEAN",,,Plein jour,En agglomération,Intersection en T,Normale,Deux véhicules - côté,,,,,,,,,,,1,2,3,1,3.0
201600038691,0016-09-01 08:20:00,16,9,1,8,20,920,49,"205, BROSSOLETTE AVENUE",,,Plein jour,En agglomération,Hors intersection,Normale,Autre collision,,,,,,,,,,,1,2,1,1,6.0
201600038692,0016-09-01 08:30:00,16,9,1,8,30,920,49,ARNOUX AVENUE MAURICE AU,,,Plein jour,En agglomération,Intersection en T,Normale,Deux véhicules - arrière,,,,,,,,,,,1,2,3,1,2.0
201600038693,0016-09-01 11:30:00,16,9,1,11,30,920,49,"83, GINOUX AV. HENRI N°1",,,Plein jour,En agglomération,Hors intersection,Normale,Autre collision,,,,,,,,,,,1,2,1,1,6.0
201600038694,0016-09-02 19:35:00,16,9,2,19,35,920,49,"73, BRIAND AVENUE ARISTI",,,Plein jour,En agglomération,Hors intersection,Normale,Deux véhicules - arrière,,,,,,,,,,,1,2,1,1,2.0
201600038695,0016-09-03 23:25:00,16,9,3,23,25,920,49,VERDUN AVENUE DE,,,Nuit avec éclairage allumé,En agglomération,Intersection en T,Normale,Deux véhicules - arrière,,,,,,,,,,,5,2,3,1,2.0
201600038696,0016-09-05 08:55:00,16,9,5,8,55,920,20,"166, REPUBLIQUE AV. AUTR",,,Plein jour,En agglomération,Hors intersection,Pluie légère,Autre collision,,,,,,,,,,,1,2,1,2,6.0
201600038697,0016-09-11 15:55:00,16,9,11,15,55,920,49,"123, VERDIER AVENUE AUTR",,,Plein jour,En agglomération,Hors intersection,Normale,Deux véhicules - côté,,,,,,,,,,,1,2,1,1,3.0
201600038698,0016-09-13 19:00:00,16,9,13,19,0,920,20,"102, PARIS AVENUE DE N°8",,,Plein jour,En agglomération,Intersection en T,Normale,Autre collision,,,,,,,,,,,1,2,3,1,6.0
201600038699,0016-09-14 09:00:00,16,9,14,9,0,920,20,PARIS AVENUE DE N°84 A F,,,Plein jour,En agglomération,Intersection en T,Normale,Deux véhicules - côté,,,,,,,,,,,1,2,3,1,3.0
201600038700,0016-09-15 02:00:00,16,9,15,2,0,920,49,HUGO RUE VICTOR AUTRES N,,,Nuit avec éclairage allumé,En agglomération,Intersection en X,Pluie légère,Autre collision,,,,,,,,,,,5,2,2,2,6.0
201600038701,0016-09-17 16:45:00,16,9,17,16,45,920,49,"79, BROSSOLETTE AVENUE P",,,Plein jour,En agglomération,Intersection en T,Normale,Autre collision,,,,,,,,,,,1,2,3,1,6.0
201600038702,0016-09-22 00:40:00,16,9,22,0,40,920,20,"65, PAIX AVENUE DE LA N°",,,Nuit avec éclairage allumé,En agglomération,Hors intersection,Normale,Autre collision,,,,,,,,,,,5,2,1,1,6.0
201600038703,0016-09-24 10:15:00,16,9,24,10,15,920,49,"50, BARBES RUE",,,Plein jour,En agglomération,Hors intersection,Normale,Deux véhicules - arrière,,,,,,,,,,,1,2,1,1,2.0
201600038704,0016-09-24 14:45:00,16,9,24,14,45,920,20,"50, BERTHELOT AVENUE MAR",,,Plein jour,En agglomération,Intersection en X,Normale,Autre collision,,,,,,,,,,,1,2,2,1,6.0
201600038705,0016-09-26 18:35:00,16,9,26,18,35,920,20,PARIS AVENUE DE N°2 A82,,,Plein jour,En agglomération,Intersection en T,Normale,Sans collision,,,,,,,,,,,1,2,3,1,7.0
201600038706,0016-09-28 07:25:00,16,9,28,7,25,920,20,"140, REPUBLIQUE AV. N°27",,,Plein jour,En agglomération,Hors intersection,Normale,Autre collision,,,,,,,,,,,1,2,1,1,6.0
201600038707,0016-09-28 16:20:00,16,9,28,16,20,920,20,VERDUN AVENUE DE N°2 A 2,,,Plein jour,En agglomération,Intersection en X,Normale,Deux véhicules - côté,,,,,,,,,,,1,2,2,1,3.0
201600038708,0016-09-29 16:50:00,16,9,29,16,50,920,20,"13, BERANGER RUE",,,Plein jour,En agglomération,Intersection en X,Normale,Autre collision,,,,,,,,,,,1,2,2,1,6.0
201600038709,0016-09-29 17:45:00,16,9,29,17,45,920,49,"206, DORMOY AVENUE MARX",,,Plein jour,En agglomération,Hors intersection,Normale,Deux véhicules - côté,,,,,,,,,,,1,2,1,1,3.0
201600038710,0016-09-30 22:00:00,16,9,30,22,0,920,49,"82, VERDIER AVENUE AUTRE",,,Nuit avec éclairage allumé,En agglomération,Intersection en T,Normale,Autre collision,,,,,,,,,,,5,2,3,1,6.0
201600038711,0016-10-01 19:50:00,16,10,1,19,50,920,49,"121, REPUBLIQUE AVENUE D",,,Nuit avec éclairage allumé,En agglomération,Intersection en X,Normale,Deux véhicules - côté,,,,,,,,,,,5,2,2,1,3.0
201600038712,0016-10-03 06:55:00,16,10,3,6,55,920,49,BARBES RUE,,,Crépuscule ou aube,En agglomération,Intersection en X,Normale,Deux véhicules - côté,,,,,,,,,,,2,2,2,1,3.0
201600038713,0016-10-03 07:20:00,16,10,3,7,20,920,20,"88, PARIS AVENUE DE N°84",,,Crépuscule ou aube,En agglomération,Intersection en X,Normale,Deux véhicules - côté,,,,,,,,,,,2,2,2,1,3.0
201600038714,0016-10-03 09:05:00,16,10,3,9,5,920,20,"89, LIBERTE BOULEVARD DE",,,Plein jour,En agglomération,Hors intersection,Normale,Deux véhicules - côté,,,,,,,,,,,1,2,1,1,3.0
201600038715,0016-10-05 15:50:00,16,10,5,15,50,920,20,LIBERTE BOULEVARD DE LA,,,Plein jour,En agglomération,Intersection en X,Normale,Deux véhicules - côté,,,,,,,,,,,1,2,2,1,3.0
201600038716,0016-10-06 08:05:00,16,10,6,8,5,920,49,BRIAND AVENUE ARISTIDE A,,,Plein jour,En agglomération,Intersection en X,Normale,Deux véhicules - côté,,,,,,,,,,,1,2,2,1,3.0
201600038717,0016-10-06 16:15:00,16,10,6,16,15,920,20,"12, MAIRIE RUE DE LA",,,Plein jour,En agglomération,Intersection en T,Normale,Autre collision,,,,,,,,,,,1,2,3,1,6.0
201600038718,0016-10-06 17:25:00,16,10,6,17,25,920,49,GINOUX AVENUE HENRI AUTR,,,Plein jour,En agglomération,Intersection en X,Normale,Autre collision,,,,,,,,,,,1,2,2,1,6.0