accident_id,datetime,annee,mois,jour,heure,minute,departement,commune_insee,adresse,latitude,longitude,luminosite,agglomeration,intersection,meteo,collision,nb_vehicules,nb_usagers,nb_indemnes,nb_tues,nb_blesses_hosp,nb_blesses_legers,age_cond_1,age_cond_2,veh_type_cond_1,veh_type_cond_2,lum_code,agg_code,int_code,atm_code,col_code
201600038849,0016-07-08 20:00:00,16,7,8,20,0,920,50,MARTIN HENRI AVENUE,,,Plein jour,En agglomération,Intersection en T,Normale,Deux véhicules - côté,,,,,,,,,,,1,2,3,1,3.0
201600038850,0016-07-14 20:50:00,16,7,14,20,50,920,50,PONT DE BEZONS,,,Plein jour,En agglomération,Intersection en T,Normale,Deux véhicules - côté,,,,,,,,,,,1,2,3,1,3.0
201600038851,0016-07-17 20:40:00,16,7,17,20,40,920,50,"27, VAILLANT COUTURIER P",,,Plein jour,En agglomération,Hors intersection,Normale,Deux véhicules - côté,,,,,,,,,,,1,2,1,1,3.0
201600038852,0016-07-08 22:20:00,16,7,8,22,20,920,50,"22, VERDUN RUE DE",,,Plein jour,En agglomération,Hors intersection,Normale,Sans collision,,,,,,,,,,,1,2,1,1,7.0
201600038853,0016-07-20 08:00:00,16,7,20,8,0,920,50,PREMIER MAI RUE DU,,,Plein jour,En agglomération,Intersection en T,Normale,Autre collision,,,,,,,,,,,1,2,3,1,6.0
201600038854,0016-07-23 22:25:00,16,7,23,22,25,920,50,MARTIN HENRI AVENUE,,,Nuit avec éclairage allumé,En agglomération,Intersection en T,Normale,Deux véhicules - côté,,,,,,,,,,,5,2,3,1,3.0
201600038855,0016-07-26 01:30:00,16,7,26,1,30,920,50,SAINT CLOUD RUE DE,,,Nuit avec éclairage allumé,En agglomération,Hors intersection,Normale,Sans collision,,,,,,,,,,,5,2,1,1,7.0
201600038856,0016-08-03 16:10:00,16,8,3,16,10,920,50,"NEANT, VENETS RUE DES",,,Plein jour,En agglomération,Hors intersection,Normale,Autre collision,,,,,,,,,,,1,2,1,1,6.0
201600038857,0016-08-07 03:00:00,16,8,7,3,0,920,50,SARTROUVILLE RUE DE,,,Nuit sans éclairage public,En agglomération,Hors intersection,Normale,Deux véhicules - frontale,,,,,,,,,,,3,2,1,1,1.0
201600038858,0016-08-09 16:50:00,16,8,9,16,50,920,50,"NEANT, LIBERTE AVENUE DE",,,Plein jour,En agglomération,Intersection en T,Normale,Deux véhicules - frontale,,,,,,,,,,,1,2,3,1,1.0
201600038859,0016-08-11 13:25:00,16,8,11,13,25,920,50,"430, REPUBLIQUE AVENUE D",,,Plein jour,En agglomération,Hors intersection,Normale,Deux véhicules - côté,,,,,,,,,,,1,2,1,1,3.0
201600038860,0016-08-12 14:20:00,16,8,12,14,20,920,50,"354, REPUBLIQUE AVENUE D",,,Plein jour,En agglomération,Hors intersection,Normale,Sans collision,,,,,,,,,,,1,2,1,1,7.0
201600038861,0016-08-14 18:40:00,16,8,14,18,40,920,50,"33, PROVINCES FRANCAISES",,,Plein jour,En agglomération,Hors intersection,Normale,Autre collision,,,,,,,,,,,1,2,1,1,6.0
201600038862,0016-08-17 09:05:00,16,8,17,9,5,920,50,MARTIN HENRI AVENUE,,,Plein jour,En agglomération,Hors intersection,Normale,Autre collision,,,,,,,,,,,1,2,1,1,6.0
201600038863,0016-08-16 13:00:00,16,8,16,13,0,920,50,AV DU MARECHAL JOFFRE,,,Plein jour,En agglomération,Hors intersection,Normale,Autre collision,,,,,,,,,,,1,2,1,1,6.0
201600038864,0016-08-18 11:30:00,16,8,18,11,30,920,50,"100, ARAGO FRANCOIS AVEN",,,Plein jour,En agglomération,Hors intersection,Temps couvert,Deux véhicules - côté,,,,,,,,,,,1,2,1,8,3.0
201600038865,0016-08-21 14:30:00,16,8,21,14,30,920,50,"000000000, VAILLANT COUT",,,Plein jour,En agglomération,Intersection en Y,Pluie légère,Deux véhicules - côté,,,,,,,,,,,1,2,4,2,3.0
201600038866,0016-08-22 08:15:00,16,8,22,8,15,920,50,ARAGO FRANCOIS AVENUE,,,Plein jour,En agglomération,Hors intersection,Normale,Autre collision,,,,,,,,,,,1,2,1,1,6.0
201600038867,0016-08-25 17:40:00,16,8,25,17,40,920,50,"367,REPUBLIQUE/AUBEPINES",,,Plein jour,En agglomération,Intersection en T,Normale,Autre collision,,,,,,,,,,,1,2,3,1,6.0
201600038868,0016-08-23 17:15:00,16,8,23,17,15,920,50,"43, VAILLANT COUTURIER P",,,Plein jour,En agglomération,Hors intersection,Normale,Deux véhicules - frontale,,,,,,,,,,,1,2,1,1,1.0
201600038869,0016-09-05 09:30:00,16,9,5,9,30,920,50,"NEANT, PONS NOEL RUE",,,Plein jour,En agglomération,Hors intersection,Normale,Deux véhicules - côté,,,,,,,,,,,1,2,1,1,3.0
201600038870,0016-09-09 18:15:00,16,9,9,18,15,920,50,"NEANT, ARLEQUIN ALLEE DE",,,Plein jour,En agglomération,Hors intersection,Normale,Autre collision,,,,,,,,,,,1,2,1,1,6.0
201600038871,0016-09-15 20:15:00,16,9,15,20,15,920,50,"néant, REPUBLIQUE AVENUE",,,Plein jour,En agglomération,Intersection en T,Normale,Deux véhicules - côté,,,,,,,,,,,1,2,3,1,3.0
201600038872,0016-09-16 19:20:00,16,9,16,19,20,920,50,"néant, VAILLANT COUTURIE",,,Plein jour,En agglomération,Hors intersection,Pluie forte,Sans collision,,,,,,,,,,,1,2,1,3,7.0
201600038873,0016-09-16 16:20:00,16,9,16,16,20,920,50,"71, JOILIOT CURIE F. ET",,,Plein jour,En agglomération,Hors intersection,Normale,Deux véhicules - arrière,,,,,,,,,,,1,2,1,1,2.0
201600038874,0016-09-24 16:00:00,16,9,24,16,0,920,50,"néant, MANSARD JULES BOU",,,Plein jour,En agglomération,Hors intersection,Normale,Autre collision,,,,,,,,,,,1,2,1,1,6.0
201600038875,0016-09-26 02:50:00,16,9,26,2,50,920,50,"45, JOLIOT CURIE F. ET I",,,Plein jour,En agglomération,Hors intersection,Normale,Autre collision,,,,,,,,,,,1,2,1,1,6.0
201600038876,0016-09-24 15:35:00,16,9,24,15,35,920,50,CLEMENCEAU GEORGES AVENU,,,Plein jour,En agglomération,Autre intersection,Normale,Trois véhicules et plus - en chaîne,,,,,,,,,,,1,2,9,1,4.0
201600038877,0016-09-25 17:20:00,16,9,25,17,20,920,50,COUCHANT BOULEVARD DU,,,Plein jour,En agglomération,Intersection en X,Normale,Autre collision,,,,,,,,,,,1,2,2,1,6.0
201600038878,0016-10-01 14:15:00,16,10,1,14,15,920,50,"NÉANT, PONS NOEL RUE",,,Plein jour,En agglomération,Hors intersection,Normale,Deux véhicules - frontale,,,,,,,,,,,1,2,1,1,1.0
201600038879,0016-10-03 10:15:00,16,10,3,10,15,920,50,"NÉANT, VIEUX PONT RUE DU",,,Plein jour,En agglomération,Hors intersection,Normale,Sans collision,,,,,,,,,,,1,2,1,1,7.0
201600038880,0016-10-04 17:05:00,16,10,4,17,5,920,50,"NÉANT, PONT DE BEZONS",,,Plein jour,En agglomération,Hors intersection,Normale,Deux véhicules - côté,,,,,,,,,,,1,2,1,1,3.0
201600038881,0016-10-06 16:10:00,16,10,6,16,10,920,50,"NEANT, COUCHANT BOULEVAR",,,Plein jour,En agglomération,Intersection en T,Normale,Deux véhicules - côté,,,,,,,,,,,1,2,3,1,3.0
201600038882,0016-10-10 17:50:00,16,10,10,17,50,920,50,"NEANT, SALEMBIER RUE",,,Plein jour,En agglomération,Hors intersection,Pluie légère,Autre collision,,,,,,,,,,,1,2,1,2,6.0
201600038883,0016-10-12 09:50:00,16,10,12,9,50,920,50,"8, PRES RUE DES",,,Plein jour,En agglomération,Hors intersection,Normale,Deux véhicules - côté,,,,,,,,,,,1,2,1,1,3.0
201600038884,0016-10-13 08:40:00,16,10,13,8,40,920,50,"307, REPUBLIQUE AVENUE D",,,Plein jour,En agglomération,Hors intersection,Normale,Sans collision,,,,,,,,,,,1,2,1,1,7.0
201600038885,0016-10-15 12:20:00,16,10,15,12,20,920,50,"403, REPUBLIQUE AVENUE D",,,Plein jour,En agglomération,Hors intersection,Normale,Deux véhicules - côté,,,,,,,,,,,1,2,1,1,3.0
201600038886,0016-10-17 15:20:00,16,10,17,15,20,920,50,"NÉANT, PONS NOEL RUE",,,Plein jour,En agglomération,Hors intersection,Normale,Deux véhicules - côté,,,,,,,,,,,1,2,1,1,3.0
201600038887,0016-10-18 14:00:00,16,10,18,14,0,920,50,"150, AV JULES QUENTIN",,,Plein jour,En agglomération,Hors intersection,Normale,Deux véhicules - côté,,,,,,,,,,,1,2,1,1,3.0
201600038888,0016-10-13 16:00:00,16,10,13,16,0,920,50,"24, PESARO BOULEVARD DE",,,Plein jour,Hors agglomération,Hors intersection,Normale,Deux véhicules - arrière,,,,,,,,,,,1,1,1,1,2.0
201600038889,0016-10-25 09:05:00,16,10,25,9,5,920,50,JOFFRE/SAINT-MAURICE,,,Plein jour,En agglomération,Intersection en X,Normale,Deux véhicules - côté,,,,,,,,,,,1,2,2,1,3.0
201600038890,0016-10-28 17:25:00,16,10,28,17,25,920,50,"69, PICASSO PABLO AVENUE",,,Plein jour,En agglomération,Hors intersection,Normale,Autre collision,,,,,,,,,,,1,2,1,1,6.0
201600038891,0016-11-01 16:30:00,16,11,1,16,30,920,50,"42, VAILLANT COUTURIER P",,,Plein jour,En agglomération,Hors intersection,Normale,Trois véhicules et plus - collisions multiples,,,,,,,,,,,1,2,1,1,5.0
201600038892,0016-10-30 01:50:00,16,10,30,1,50,920,50,"0000000000, COMMUNE DE P",,,Nuit avec éclairage allumé,En agglomération,Hors intersection,Normale,Autre collision,,,,,,,,,,,5,2,1,1,6.0
201600038893,0016-11-02 09:55:00,16,11,2,9,55,920,50,"néant, REPUBLIQUE AVENUE",,,Plein jour,En agglomération,Intersection en X,Normale,Deux véhicules - frontale,,,,,,,,,,,1,2,2,1,1.0
201600038894,0016-11-02 16:20:00,16,11,2,16,20,920,50,"70, FUSILLES DE LA RESIS",,,Plein jour,En agglomération,Hors intersection,Temps éblouissant,Autre collision,,,,,,,,,,,1,2,1,7,6.0
201600038895,0016-11-09 11:45:00,16,11,9,11,45,920,50,ARAGO FRANCOIS AVENUE,,,Plein jour,En agglomération,Hors intersection,Pluie légère,Deux véhicules - arrière,,,,,,,,,,,1,2,1,2,2.0
201600038896,0016-11-09 20:00:00,16,11,9,20,0,920,50,ARAGO FRANCOIS AVENUE,,,Nuit avec éclairage allumé,En agglomération,Intersection en X,Pluie légère,Deux véhicules - frontale,,,,,,,,,,,5,2,2,2,1.0
201600038897,0016-11-16 18:00:00,16,11,16,18,0,920,50,"4, PONS NOEL RUE",,,Nuit avec éclairage allumé,En agglomération,Hors intersection,Pluie légère,Deux véhicules - côté,,,,,,,,,,,5,2,1,2,3.0
201600038898,0016-11-19 20:25:00,16,11,19,20,25,920,50,"305, GARENNE RUE DE LA",,,Nuit avec éclairage allumé,En agglomération,Hors intersection,Normale,Deux véhicules - côté,,,,,,,,,,,5,2,1,1,3.0
201600038899,0016-11-22 17:45:00,16,11,22,17,45,920,50,"18, GAMBETTA RUE",,,Nuit avec éclairage allumé,En agglomération,Hors intersection,Normale,Autre collision,,,,,,,,,,,5,2,1,1,6.0
201600038900,0016-11-23 08:15:00,16,11,23,8,15,920,50,"néant, PEUPLIERS RUE DES",,,Plein jour,En agglomération,Hors intersection,Pluie légère,Autre collision,,,,,,,,,,,1,2,1,2,6.0
201600038901,0016-11-24 07:55:00,16,11,24,7,55,920,50,MARGUERITES RUE DES,,,Crépuscule ou aube,En agglomération,Intersection en T,Normale,Deux véhicules - frontale,,,,,,,,,,,2,2,3,1,1.0
201600038902,0016-11-25 08:25:00,16,11,25,8,25,920,50,CLEMENCEAU GEORGES AVENU,,,Crépuscule ou aube,En agglomération,Hors intersection,Normale,Autre collision,,,,,,,,,,,2,2,1,1,6.0
201600038903,0016-11-30 20:30:00,16,11,30,20,30,920,50,"47, HAVRE BOULEVARD DU",,,Nuit avec éclairage allumé,En agglomération,Hors intersection,Autre,Deux véhicules - côté,,,,,,,,,,,5,2,1,9,3.0
201600038904,0016-12-02 11:30:00,16,12,2,11,30,920,50,VAILLANT COUTURIER PAUL,,,Plein jour,En agglomération,Intersection en X,Temps couvert,Trois véhicules et plus - collisions multiples,,,,,,,,,,,1,2,2,8,5.0
201600038905,0016-12-07 21:00:00,16,12,7,21,0,920,50,"89, ROSIERS RUE DES",,,Nuit avec éclairage allumé,En agglomération,Hors intersection,Normale,Sans collision,,,,,,,,,,,5,2,1,1,7.0
201600038906,0016-12-06 19:10:00,16,12,6,19,10,920,50,"15, CHAMPS PIERREUX AVEN",,,Nuit avec éclairage allumé,En agglomération,Hors intersection,Autre,Autre collision,,,,,,,,,,,5,2,1,9,6.0
201600038907,0016-12-09 22:00:00,16,12,9,22,0,920,50,STALINGRAD/THOREZ,,,Nuit avec éclairage allumé,En agglomération,Intersection en X,Normale,Autre collision,,,,,,,,,,,5,2,2,1,6.0
201600038908,0016-12-14 21:20:00,16,12,14,21,20,920,50,"17, ARLEQUIN ALLEE DE L'",,,Nuit avec éclairage allumé,En agglomération,Hors intersection,Normale,Autre collision,,,,,,,,,,,5,2,1,1,6.0
201600038909,0016-12-19 15:40:00,16,12,19,15,40,920,50,"NEANT, FONTANOT RUE DES",,,Plein jour,En agglomération,Hors intersection,Normale,Deux véhicules - frontale,,,,,,,,,,,1,2,1,1,1.0
201600038910,0016-12-16 16:20:00,16,12,16,16,20,920,50,"NEANT, PONS NOEL RUE",,,Plein jour,En agglomération,Hors intersection,Normale,Deux véhicules - frontale,,,,,,,,,,,1,2,1,1,1.0
201600038911,0016-12-26 15:25:00,16,12,26,15,25,920,50,"néant, REPUBLIQUE AVENUE",,,Plein jour,En agglomération,Hors intersection,Normale,Autre collision,,,,,,,,,,,1,2,1,1,6.0
201600038912,0016-12-12 08:50:00,16,12,12,8,50,920,50,"335, GARENNE RUE DE LA",,,Plein jour,En agglomération,Hors intersection,Temps couvert,Sans collision,,,,,,,,,,,1,2,1,8,7.0
201600038913,0016-12-10 12:50:00,16,12,10,12,50,920,51,"14, CHEZY (RUE DE,  N° 1",,,Plein jour,En agglomération,Hors intersection,Normale,Deux véhicules - frontale,,,,,,,,,,,1,2,1,1,1.0
201600038914,0016-12-13 14:30:00,16,12,13,14,30,920,51,"71, EDOUARD NORTIER (RUE",,,Plein jour,En agglomération,Hors intersection,Temps couvert,Deux véhicules - côté,,,,,,,,,,,1,2,1,8,3.0
201600038915,0016-01-13 20:10:00,16,1,13,20,10,920,51,"18, VICTOR HUGO (BOULEVA",,,Nuit avec éclairage allumé,En agglomération,Place,Normale,Deux véhicules - côté,,,,,,,,,,,5,2,7,1,3.0
201600038916,0016-01-13 20:30:00,16,1,13,20,30,920,51,"59bis, VILLIERS (RUE DE,",,,Nuit avec éclairage allumé,En agglomération,Intersection en X,Pluie légère,Autre collision,,,,,,,,,,,5,2,2,2,6.0
201600038917,0016-11-16 11:40:00,16,11,16,11,40,920,51,"48, CHARLES DE GAULLE (A",,,Plein jour,En agglomération,Hors intersection,Normale,Trois véhicules et plus - collisions multiples,,,,,,,,,,,1,2,1,1,5.0
201600038918,0016-11-18 11:35:00,16,11,18,11,35,920,51,"59, CHATEAU (BOULEVARD D",,,Plein jour,Hors agglomération,Hors intersection,Normale,Deux véhicules - arrière,,,,,,,,,,,1,1,1,1,2.0
201600038919,0016-11-29 19:30:00,16,11,29,19,30,920,51,"32, CHATEAU (RUE DU)",,,Nuit avec éclairage allumé,En agglomération,Intersection en X,Normale,Autre collision,,,,,,,,,,,5,2,2,1,6.0
201600038920,0016-01-16 14:20:00,16,1,16,14,20,920,51,"59, ROULE (AVENUE DU, N°",,,Plein jour,En agglomération,Hors intersection,Normale,Autre collision,,,,,,,,,,,1,2,1,1,6.0
201600038921,0016-01-10 18:50:00,16,1,10,18,50,920,51,"74, MAURICE BARRES (BOUL",,,Nuit avec éclairage allumé,En agglomération,Hors intersection,Normale,Deux véhicules - côté,,,,,,,,,,,5,2,1,1,3.0
201600038922,0016-01-25 23:53:00,16,1,25,23,53,920,51,"02, INKERMANN (BOULEVARD",,,Nuit avec éclairage allumé,En agglomération,Hors intersection,Normale,Sans collision,,,,,,,,,,,5,2,1,1,7.0
201600038923,0016-12-15 16:15:00,16,12,15,16,15,920,51,"32, VICTOR HUGO (BOULEVA",,,Plein jour,En agglomération,Hors intersection,Normale,Deux véhicules - frontale,,,,,,,,,,,1,2,1,1,1.0
201600038924,0016-12-03 17:15:00,16,12,3,17,15,920,51,"101, ACHILLE PERETTI (AV",,,Nuit avec éclairage allumé,En agglomération,Hors intersection,Normale,Autre collision,,,,,,,,,,,5,2,1,1,6.0
201600038925,0016-12-12 18:55:00,16,12,12,18,55,920,51,"59, ROULE (AVENUE DU, N°",,,Nuit avec éclairage allumé,En agglomération,Hors intersection,Pluie légère,Autre collision,,,,,,,,,,,5,2,1,2,6.0
201600038926,0016-02-02 20:00:00,16,2,2,20,0,920,51,"127, ACHILLE PERETTI (AV",,,Nuit avec éclairage allumé,En agglomération,Hors intersection,Normale,Deux véhicules - côté,,,,,,,,,,,5,2,1,1,3.0
201600038927,0016-01-28 19:05:00,16,1,28,19,5,920,51,"68, ROULE (AVENUE DU, N°",,,Nuit avec éclairage allumé,En agglomération,Intersection en T,Normale,Deux véhicules - frontale,,,,,,,,,,,5,2,3,1,1.0
201600038928,0016-01-26 08:20:00,16,1,26,8,20,920,51,"75, GENERAL KOENIG (BOUL",,,Plein jour,En agglomération,Hors intersection,Normale,Deux véhicules - côté,,,,,,,,,,,1,2,1,1,3.0
201600038929,0016-01-14 14:30:00,16,1,14,14,30,920,51,"02BIS, DELEAU (RUE)",,,Plein jour,En agglomération,Hors intersection,Pluie forte,Autre collision,,,,,,,,,,,1,2,1,3,6.0
201600038930,0016-02-01 08:25:00,16,2,1,8,25,920,51,"96, BINEAU (BOULEVARD, N",,,Plein jour,En agglomération,Hors intersection,Normale,Autre collision,,,,,,,,,,,1,2,1,1,6.0
201600038931,0016-01-30 15:35:00,16,1,30,15,35,920,51,"219, CHARLES DE GAULLE (",,,Plein jour,En agglomération,Hors intersection,Pluie forte,Autre collision,,,,,,,,,,,1,2,1,3,6.0
201600038932,0016-02-10 12:45:00,16,2,10,12,45,920,51,BD DU GENERAL LECLERC,,,Plein jour,En agglomération,Hors intersection,Normale,Deux véhicules - côté,,,,,,,,,,,1,2,1,1,3.0
201600038933,0016-02-12 10:00:00,16,2,12,10,0,920,51,CHARLES DE GAULLE (AVENU,,,Plein jour,En agglomération,Hors intersection,Pluie légère,Deux véhicules - arrière,,,,,,,,,,,1,2,1,2,2.0
201600038934,0016-02-17 16:25:00,16,2,17,16,25,920,51,"79, ROULE (AVENUE DU, N°",,,Plein jour,En agglomération,Hors intersection,Normale,Sans collision,,,,,,,,,,,1,2,1,1,7.0
201600038935,0016-02-11 15:15:00,16,2,11,15,15,920,51,"24, MAILLOT (BOULEVARD)",,,Plein jour,En agglomération,Hors intersection,Temps couvert,Autre collision,,,,,,,,,,,1,2,1,8,6.0
201600038936,0016-01-14 19:00:00,16,1,14,19,0,920,51,"37bis, VILLIERS (RUE DE,",,,Nuit avec éclairage allumé,En agglomération,Hors intersection,Pluie légère,Autre collision,,,,,,,,,,,5,2,1,2,6.0
201600038937,0016-02-19 17:05:00,16,2,19,17,5,920,51,"156, BINEAU (BOULEVARD,",,,Plein jour,En agglomération,Hors intersection,Normale,Deux véhicules - arrière,,,,,,,,,,,1,2,1,1,2.0
201600038938,0016-02-12 09:30:00,16,2,12,9,30,920,51,"36, GENERAL LECLERC (BOU",,,Plein jour,En agglomération,Hors intersection,Pluie légère,Deux véhicules - côté,,,,,,,,,,,1,2,1,2,3.0
201600038939,0016-02-18 09:30:00,16,2,18,9,30,920,51,"54, GENERAL KOENIG (BOUL",,,Plein jour,En agglomération,Hors intersection,Normale,Deux véhicules - arrière,,,,,,,,,,,1,2,1,1,2.0
201600038940,0016-02-27 00:20:00,16,2,27,0,20,920,51,"95, CHARLES DE GAULLE (A",,,Nuit avec éclairage allumé,En agglomération,Intersection en X,Normale,Deux véhicules - côté,,,,,,,,,,,5,2,2,1,3.0
201600038941,0016-03-01 16:25:00,16,3,1,16,25,920,51,ROULE/MICHELIS,,,Plein jour,En agglomération,Giratoire,Pluie forte,Autre collision,,,,,,,,,,,1,2,6,3,6.0
201600038942,0016-03-04 20:25:00,16,3,4,20,25,920,51,"27, FERME (RUE DE LA)",,,Nuit avec éclairage allumé,En agglomération,Intersection en X,Pluie forte,Deux véhicules - côté,,,,,,,,,,,5,2,2,3,3.0
201600038943,0016-03-08 09:35:00,16,3,8,9,35,920,51,"2, CHATEAU (RUE DU)",,,Plein jour,En agglomération,Hors intersection,Normale,Autre collision,,,,,,,,,,,1,2,1,1,6.0
201600038944,0016-03-09 07:45:00,16,3,9,7,45,920,51,"157, BINEAU (BOULEVARD,",,,Plein jour,En agglomération,Intersection en X,Pluie légère,Deux véhicules - côté,,,,,,,,,,,1,2,2,2,3.0
201600038945,0016-03-17 14:45:00,16,3,17,14,45,920,51,"JEAN MERMOZ (BOULEVARD,",,,Plein jour,En agglomération,Intersection en X,Normale,Autre collision,,,,,,,,,,,1,2,2,1,6.0
201600038946,0016-03-18 13:10:00,16,3,18,13,10,920,51,"15, CHEZY (RUE DE , N°14",,,Plein jour,En agglomération,Hors intersection,Normale,Autre collision,,,,,,,,,,,1,2,1,1,6.0
201600038947,0016-03-20 16:20:00,16,3,20,16,20,920,51,"100, BD BINEAU",,,Plein jour,En agglomération,Hors intersection,Normale,Deux véhicules - arrière,,,,,,,,,,,1,2,1,1,2.0
201600038948,0016-03-16 20:50:00,16,3,16,20,50,920,51,"21, VICTOR HUGO (BOULEVA",,,Nuit avec éclairage allumé,En agglomération,Hors intersection,Normale,Autre collision,,,,,,,,,,,5,2,1,1,6.0
201600038949,0016-04-03 22:45:00,16,4,3,22,45,920,51,"VICTOR HUGO (BOULEVARD,",,,Nuit avec éclairage allumé,En agglomération,Intersection en T,Pluie légère,Deux véhicules - côté,,,,,,,,,,,5,2,3,2,3.0
201600038950,0016-04-04 16:00:00,16,4,4,16,0,920,51,"BINEAU (BOULEVARD, N°133",,,Plein jour,En agglomération,Intersection en X,Normale,Autre collision,,,,,,,,,,,1,2,2,1,6.0
201600038951,0016-04-05 13:00:00,16,4,5,13,0,920,51,"79, VILLIERS (RUE DE, N°",,,Plein jour,En agglomération,Hors intersection,Normale,Autre collision,,,,,,,,,,,1,2,1,1,6.0
201600038952,0016-04-06 10:50:00,16,4,6,10,50,920,51,"25, BOIS DE BOULOGNE (RU",,,Plein jour,En agglomération,Hors intersection,Normale,Autre collision,,,,,,,,,,,1,2,1,1,6.0
201600038953,0016-04-06 23:10:00,16,4,6,23,10,920,51,"62, MAURICE BARRES (BOUL",,,Nuit avec éclairage allumé,En agglomération,Intersection en X,Normale,Deux véhicules - côté,,,,,,,,,,,5,2,2,1,3.0
201600038954,0016-04-04 15:45:00,16,4,4,15,45,920,51,"60, BINEAU (BOULEVARD, N",,,Plein jour,En agglomération,Hors intersection,Normale,Trois véhicules et plus - collisions multiples,,,,,,,,,,,1,2,1,1,5.0
201600038955,0016-04-13 02:40:00,16,4,13,2,40,920,51,"70, CHARLES DE GAULLE (A",,,Nuit avec éclairage allumé,En agglomération,Hors intersection,Normale,Deux véhicules - côté,,,,,,,,,,,5,2,1,1,3.0
201600038956,0016-03-30 17:30:00,16,3,30,17,30,920,51,"51, MADELEINE MICHELIS (",,,Plein jour,En agglomération,Hors intersection,Pluie légère,Autre collision,,,,,,,,,,,1,2,1,2,6.0
201600038957,0016-04-10 22:30:00,16,4,10,22,30,920,51,"37bis, VILLIERS (RUE DE,",,,Nuit avec éclairage allumé,En agglomération,Hors intersection,Normale,Autre collision,,,,,,,,,,,5,2,1,1,6.0
201600038958,0016-04-25 09:40:00,16,4,25,9,40,920,51,"44, CHARLES DE GAULLE (A",,,Plein jour,En agglomération,Hors intersection,Normale,Deux véhicules - arrière,,,,,,,,,,,1,2,1,1,2.0
201600038959,0016-04-25 09:40:00,16,4,25,9,40,920,51,"44, CHARLES DE GAULLE (A",,,Plein jour,En agglomération,Hors intersection,Normale,Deux véhicules - arrière,,,,,,,,,,,1,2,1,1,2.0
201600038960,0016-04-11 20:15:00,16,4,11,20,15,920,51,"100, ACHILLE PERETTI (AV",,,Crépuscule ou aube,En agglomération,Hors intersection,Normale,Deux véhicules - côté,,,,,,,,,,,2,2,1,1,3.0
201600038961,0016-04-15 13:16:00,16,4,15,13,16,920,51,"59, PERRONET (RUE, N°1 A",,,Plein jour,En agglomération,Hors intersection,Normale,Autre collision,,,,,,,,,,,1,2,1,1,6.0
201600038962,0016-04-19 21:30:00,16,4,19,21,30,920,51,"61-63, BINEAU (BOULEVARD",,,Nuit avec éclairage allumé,En agglomération,Hors intersection,Normale,Deux véhicules - arrière,,,,,,,,,,,5,2,1,1,2.0
201600038963,0016-05-04 00:45:00,16,5,4,0,45,920,51,"131, GENERAL KOENIG (BOU",,,Nuit avec éclairage allumé,En agglomération,Hors intersection,Normale,Autre collision,,,,,,,,,,,5,2,1,1,6.0
201600038964,0016-05-06 06:50:00,16,5,6,6,50,920,51,"06, GENERAL LECLERC (BOU",,,Plein jour,En agglomération,Intersection en T,Normale,Deux véhicules - côté,,,,,,,,,,,1,2,3,1,3.0
201600038965,0016-05-02 09:40:00,16,5,2,9,40,920,51,"71, BINEAU (BOULEVARD, N",,,Plein jour,En agglomération,Hors intersection,Normale,Deux véhicules - côté,,,,,,,,,,,1,2,1,1,3.0
201600038966,0016-04-26 21:50:00,16,4,26,21,50,920,51,"22, JEAN MERMOZ (BOULEVA",,,Nuit avec éclairage allumé,En agglomération,Intersection en X,Normale,Deux véhicules - côté,,,,,,,,,,,5,2,2,1,3.0
201600038967,0016-03-29 19:20:00,16,3,29,19,20,920,51,"102, CHARLES DE GAULLE (",,,Plein jour,En agglomération,Hors intersection,Pluie légère,Trois véhicules et plus - collisions multiples,,,,,,,,,,,1,2,1,2,5.0
201600038968,0016-05-19 02:05:00,16,5,19,2,5,920,51,"102, CHARLES DE GAULLE (",,,Nuit avec éclairage allumé,En agglomération,Hors intersection,Pluie forte,Deux véhicules - arrière,,,,,,,,,,,5,2,1,3,2.0
201600038969,0016-05-19 10:05:00,16,5,19,10,5,920,51,"133, BINEAU (BOULEVARD,",,,Plein jour,En agglomération,Intersection en X,Pluie légère,Deux véhicules - côté,,,,,,,,,,,1,2,2,2,3.0
201600038970,0016-05-19 19:05:00,16,5,19,19,5,920,51,"93, ACHILLE PERETTI (AVE",,,Plein jour,En agglomération,Hors intersection,Normale,Deux véhicules - arrière,,,,,,,,,,,1,2,1,1,2.0
201600038971,0016-05-24 12:50:00,16,5,24,12,50,920,51,"99, CHARLES DE GAULLE (A",,,Plein jour,En agglomération,Hors intersection,Normale,Deux véhicules - arrière,,,,,,,,,,,1,2,1,1,2.0
201600038972,0016-05-13 09:25:00,16,5,13,9,25,920,51,"36, CHARLES DE GAULLE (A",,,Plein jour,En agglomération,Hors intersection,Temps couvert,Autre collision,,,,,,,,,,,1,2,1,8,6.0
201600038973,0016-05-08 23:20:00,16,5,8,23,20,920,51,"68, BOURDON (BOULEVARD)",,,Nuit avec éclairage allumé,En agglomération,Hors intersection,Normale,Deux véhicules - côté,,,,,,,,,,,5,2,1,1,3.0
201600038974,0016-04-27 11:45:00,16,4,27,11,45,920,51,"2, MARCHE (PLACE DU)",,,Plein jour,En agglomération,Hors intersection,Pluie légère,Autre collision,,,,,,,,,,,1,2,1,2,6.0
201600038975,0016-06-02 08:15:00,16,6,2,8,15,920,51,"47, GENERAL LECLERC (BOU",,,Plein jour,En agglomération,Hors intersection,Pluie légère,Trois véhicules et plus - collisions multiples,,,,,,,,,,,1,2,1,2,5.0
201600038976,0016-06-02 14:00:00,16,6,2,14,0,920,51,"33, VICTOR HUGO (BOULEVA",,,Plein jour,En agglomération,Intersection en T,Temps couvert,Autre collision,,,,,,,,,,,1,2,3,8,6.0