accident_id,datetime,annee,mois,jour,heure,minute,departement,commune_insee,adresse,latitude,longitude,luminosite,agglomeration,intersection,meteo,collision,nb_vehicules,nb_usagers,nb_indemnes,nb_tues,nb_blesses_hosp,nb_blesses_legers,age_cond_1,age_cond_2,veh_type_cond_1,veh_type_cond_2,lum_code,agg_code,int_code,atm_code,col_code
201600039235,0016-05-22 23:00:00,16,5,22,23,0,920,64,"65, MARCEL DASSAULT",,,Nuit avec éclairage allumé,En agglomération,Hors intersection,Pluie légère,Deux véhicules - côté,,,,,,,,,,,5,2,1,2,3.0
201600039236,0016-05-29 00:30:00,16,5,29,0,30,920,33,"99bis, DIX NEUF JANVIER",,,Nuit avec éclairage allumé,En agglomération,Hors intersection,Normale,Autre collision,,,,,,,,,,,5,2,1,1,6.0
201600039237,0016-06-01 08:30:00,16,6,1,8,30,920,64,"102, REPUBLIQUE",,,Plein jour,En agglomération,Hors intersection,Pluie légère,Deux véhicules - côté,,,,,,,,,,,1,2,1,2,3.0
201600039238,0016-06-08 23:25:00,16,6,8,23,25,920,64,"18bis, CARNOT",,,Nuit avec éclairage allumé,En agglomération,Hors intersection,Normale,Deux véhicules - arrière,,,,,,,,,,,5,2,1,1,2.0
201600039239,0016-06-15 07:35:00,16,6,15,7,35,920,64,"45, CARNOT",,,Plein jour,En agglomération,Hors intersection,Normale,Deux véhicules - arrière,,,,,,,,,,,1,2,1,1,2.0
201600039240,0016-06-15 17:55:00,16,6,15,17,55,920,64,"17, PASTEUR",,,Plein jour,En agglomération,Hors intersection,Normale,Deux véhicules - arrière,,,,,,,,,,,1,2,1,1,2.0
201600039241,0016-06-20 10:10:00,16,6,20,10,10,920,64,"0, MARIUS FRANAY",,,Plein jour,En agglomération,Intersection en X,Pluie légère,Sans collision,,,,,,,,,,,1,2,2,2,7.0
201600039242,0016-06-22 13:20:00,16,6,22,13,20,920,47,JARDY,,,Plein jour,En agglomération,Hors intersection,Normale,Deux véhicules - côté,,,,,,,,,,,1,2,1,1,3.0
201600039243,0016-06-22 16:30:00,16,6,22,16,30,920,64,"56, TENNEROLLES",,,Plein jour,En agglomération,Intersection en X,Normale,Autre collision,,,,,,,,,,,1,2,2,1,6.0
201600039244,0016-06-24 06:35:00,16,6,24,6,35,920,64,"173 bis, PORTE JAUNE",,,Plein jour,En agglomération,Hors intersection,Normale,Deux véhicules - côté,,,,,,,,,,,1,2,1,1,3.0
201600039245,0016-06-24 19:45:00,16,6,24,19,45,920,64,"67, REPUBLIQUE",,,Plein jour,En agglomération,Hors intersection,Normale,Autre collision,,,,,,,,,,,1,2,1,1,6.0
201600039246,0016-06-28 12:40:00,16,6,28,12,40,920,64,"24ter, BEARN",,,Plein jour,En agglomération,Hors intersection,Normale,Autre collision,,,,,,,,,,,1,2,1,1,6.0
201600039247,0016-06-30 08:50:00,16,6,30,8,50,920,33,"155, BUZENVAL",,,Plein jour,En agglomération,Hors intersection,Normale,Deux véhicules - côté,,,,,,,,,,,1,2,1,1,3.0
201600039248,0016-06-30 07:55:00,16,6,30,7,55,920,64,"41, CALVAIRE",,,Plein jour,En agglomération,Intersection en T,Normale,Deux véhicules - côté,,,,,,,,,,,1,2,3,1,3.0
201600039249,0016-07-01 11:00:00,16,7,1,11,0,920,64,"1363, MARCEL DASSAULT",,,Plein jour,En agglomération,Hors intersection,Normale,Autre collision,,,,,,,,,,,1,2,1,1,6.0
201600039250,0016-07-11 08:50:00,16,7,11,8,50,920,64,"0, pont de saint-cloud",,,Plein jour,En agglomération,Hors intersection,Normale,Deux véhicules - côté,,,,,,,,,,,1,2,1,1,3.0
201600039251,0016-07-20 17:05:00,16,7,20,17,5,920,64,"65, MARCEL DASSAULT",,,Plein jour,En agglomération,Hors intersection,Normale,Deux véhicules - arrière,,,,,,,,,,,1,2,1,1,2.0
201600039252,0016-07-21 09:30:00,16,7,21,9,30,920,64,"1, REPUBLIQUE",,,Plein jour,En agglomération,Giratoire,Normale,Autre collision,,,,,,,,,,,1,2,6,1,6.0
201600039253,0016-07-23 20:10:00,16,7,23,20,10,920,64,"0, VAL D' OR",,,Plein jour,En agglomération,Intersection en X,Normale,Trois véhicules et plus - collisions multiples,,,,,,,,,,,1,2,2,1,5.0
201600039254,0016-07-28 17:50:00,16,7,28,17,50,920,64,"0, MARECHAL JUIN",,,Plein jour,En agglomération,Hors intersection,Normale,Trois véhicules et plus - en chaîne,,,,,,,,,,,1,2,1,1,4.0
201600039255,0016-07-31 15:10:00,16,7,31,15,10,920,64,"27 BIS, CARNOT",,,Plein jour,En agglomération,Hors intersection,Normale,Autre collision,,,,,,,,,,,1,2,1,1,6.0
201600039256,0016-08-01 18:30:00,16,8,1,18,30,920,64,", WASHINGTON",,,Plein jour,En agglomération,Intersection en X,Normale,Autre collision,,,,,,,,,,,1,2,2,1,6.0
201600039257,0016-08-20 16:45:00,16,8,20,16,45,920,33,"10, SURESNES",,,Plein jour,En agglomération,Hors intersection,Normale,Autre collision,,,,,,,,,,,1,2,1,1,6.0
201600039258,0016-08-31 18:50:00,16,8,31,18,50,920,64,MARECHAL JUIN,,,Plein jour,En agglomération,Hors intersection,Normale,Autre collision,,,,,,,,,,,1,2,1,1,6.0
201600039259,0016-09-07 13:40:00,16,9,7,13,40,920,64,"97, REPUBLIQUE",,,Plein jour,En agglomération,Hors intersection,Normale,Autre collision,,,,,,,,,,,1,2,1,1,6.0
201600039260,0016-09-19 07:25:00,16,9,19,7,25,920,64,"960, CARNOT",,,Plein jour,En agglomération,Hors intersection,Temps couvert,Deux véhicules - arrière,,,,,,,,,,,1,2,1,8,2.0
201600039261,0016-09-23 19:45:00,16,9,23,19,45,920,64,"0, CARNOT",,,Plein jour,En agglomération,Intersection en X,Normale,Deux véhicules - arrière,,,,,,,,,,,1,2,2,1,2.0
201600039262,0016-09-29 07:34:00,16,9,29,7,34,920,64,"19, CALVAIRE",,,Plein jour,En agglomération,Hors intersection,Normale,Deux véhicules - arrière,,,,,,,,,,,1,2,1,1,2.0
201600039263,0016-10-05 13:40:00,16,10,5,13,40,920,64,"0, PARC",,,Plein jour,En agglomération,Hors intersection,Normale,Autre collision,,,,,,,,,,,1,2,1,1,6.0
201600039264,0016-10-07 12:40:00,16,10,7,12,40,920,64,"53, MARCEL DASSAULT",,,Plein jour,En agglomération,Hors intersection,Normale,Sans collision,,,,,,,,,,,1,2,1,1,7.0
201600039265,0016-10-13 16:10:00,16,10,13,16,10,920,64,"96, SENARD",,,Plein jour,En agglomération,Hors intersection,Normale,Deux véhicules - côté,,,,,,,,,,,1,2,1,1,3.0
201600039266,0016-10-15 17:40:00,16,10,15,17,40,920,33,"88, GENERAL DE GAULLE",,,Plein jour,En agglomération,Hors intersection,Normale,Autre collision,,,,,,,,,,,1,2,1,1,6.0
201600039267,0016-10-25 04:35:00,16,10,25,4,35,920,64,"18, DAILLY",,,Nuit avec éclairage allumé,En agglomération,Hors intersection,Normale,Autre collision,,,,,,,,,,,5,2,1,1,6.0
201600039268,0016-10-20 18:00:00,16,10,20,18,0,920,64,"89, SENARD",,,Plein jour,En agglomération,Hors intersection,Normale,Autre collision,,,,,,,,,,,1,2,1,1,6.0
201600039269,0016-10-21 07:50:00,16,10,21,7,50,920,64,CARNOT,,,Plein jour,En agglomération,Hors intersection,Normale,Autre collision,,,,,,,,,,,1,2,1,1,6.0
201600039270,0016-10-24 14:10:00,16,10,24,14,10,920,64,"6/8, FRANCIS CHAVETON",,,Plein jour,En agglomération,Hors intersection,Pluie légère,Sans collision,,,,,,,,,,,1,2,1,2,7.0
201600039271,0016-10-26 18:36:00,16,10,26,18,36,920,64,"150, REPUBLIQUE",,,Nuit avec éclairage allumé,En agglomération,Intersection en X,Normale,Autre collision,,,,,,,,,,,5,2,2,1,6.0
201600039272,0016-10-31 14:37:00,16,10,31,14,37,920,64,"51BIS, VAL D' OR",,,Plein jour,En agglomération,Autre intersection,Normale,Autre collision,,,,,,,,,,,1,2,9,1,6.0
201600039273,0016-11-04 16:40:00,16,11,4,16,40,920,33,"121, BUZENVAL",,,Plein jour,En agglomération,Hors intersection,Pluie légère,Sans collision,,,,,,,,,,,1,2,1,2,7.0
201600039274,0016-11-08 13:40:00,16,11,8,13,40,920,64,"0, CARNOT",,,Plein jour,En agglomération,Hors intersection,Normale,Autre collision,,,,,,,,,,,1,2,1,1,6.0
201600039275,0016-11-10 16:10:00,16,11,10,16,10,920,33,"153, BUZENVAL",,,Plein jour,En agglomération,Hors intersection,Normale,Deux véhicules - côté,,,,,,,,,,,1,2,1,1,3.0
201600039276,0016-11-10 16:50:00,16,11,10,16,50,920,64,"0, PASTEUR",,,Plein jour,En agglomération,Hors intersection,Pluie légère,Autre collision,,,,,,,,,,,1,2,1,2,6.0
201600039277,0016-11-11 07:05:00,16,11,11,7,5,920,64,"6, FRANCIS CHAVETON",,,Crépuscule ou aube,En agglomération,Hors intersection,Normale,Deux véhicules - arrière,,,,,,,,,,,2,2,1,1,2.0
201600039278,0016-11-13 19:45:00,16,11,13,19,45,920,64,"35, REPUBLIQUE",,,Nuit avec éclairage allumé,En agglomération,Intersection en T,Pluie légère,Deux véhicules - côté,,,,,,,,,,,5,2,3,2,3.0
201600039279,0016-11-15 16:00:00,16,11,15,16,0,920,64,", CAMP CANADIEN",,,Plein jour,En agglomération,Hors intersection,Pluie légère,Deux véhicules - frontale,,,,,,,,,,,1,2,1,2,1.0
201600039280,0016-11-16 16:00:00,16,11,16,16,0,920,64,"18, DAILLY",,,Plein jour,En agglomération,Hors intersection,Pluie légère,Deux véhicules - côté,,,,,,,,,,,1,2,1,2,3.0
201600039281,0016-11-18 10:25:00,16,11,18,10,25,920,64,"1200, MARCEL DASSAULT",,,Plein jour,En agglomération,Autre intersection,Normale,Deux véhicules - arrière,,,,,,,,,,,1,2,9,1,2.0
201600039282,0016-11-19 20:15:00,16,11,19,20,15,920,64,"31, CARNOT",,,Nuit avec éclairage allumé,En agglomération,Hors intersection,Normale,Autre collision,,,,,,,,,,,5,2,1,1,6.0
201600039283,0016-11-21 14:20:00,16,11,21,14,20,920,33,"107-109, BUZENVAL",,,Plein jour,En agglomération,Hors intersection,Normale,Deux véhicules - côté,,,,,,,,,,,1,2,1,1,3.0
201600039284,0016-11-22 19:55:00,16,11,22,19,55,920,64,"22-24, CARNOT",,,Nuit avec éclairage allumé,En agglomération,Hors intersection,Temps couvert,Trois véhicules et plus - en chaîne,,,,,,,,,,,5,2,1,8,4.0
201600039285,0016-11-27 03:15:00,16,11,27,3,15,920,64,"01, REPUBLIQUE",,,Nuit avec éclairage allumé,En agglomération,Hors intersection,Normale,Sans collision,,,,,,,,,,,5,2,1,1,7.0
201600039286,0016-11-27 01:50:00,16,11,27,1,50,920,64,"1863, MARCEL DASSAULT",,,Nuit avec éclairage allumé,En agglomération,Hors intersection,Normale,Deux véhicules - arrière,,,,,,,,,,,5,2,1,1,2.0
201600039287,0016-11-28 20:20:00,16,11,28,20,20,920,33,"161, PORTE JAUNE",,,Nuit avec éclairage allumé,En agglomération,Intersection en X,Normale,Deux véhicules - côté,,,,,,,,,,,5,2,2,1,3.0
201600039288,0016-12-01 08:30:00,16,12,1,8,30,920,64,"25, DAILLY",,,Plein jour,En agglomération,Hors intersection,Normale,Deux véhicules - côté,,,,,,,,,,,1,2,1,1,3.0
201600039289,0016-12-07 16:55:00,16,12,7,16,55,920,76,"0, EGLISE",,,Nuit avec éclairage allumé,En agglomération,Autre intersection,Normale,Sans collision,,,,,,,,,,,5,2,9,1,7.0
201600039290,0016-12-08 13:45:00,16,12,8,13,45,920,76,"0, JARDY",,,Plein jour,En agglomération,Hors intersection,Normale,Trois véhicules et plus - en chaîne,,,,,,,,,,,1,2,1,1,4.0
201600039291,0016-12-14 14:25:00,16,12,14,14,25,920,64,"8, GENERAL LECLERC",,,Plein jour,En agglomération,Hors intersection,Normale,Autre collision,,,,,,,,,,,1,2,1,1,6.0
201600039292,0016-12-13 21:45:00,16,12,13,21,45,920,64,"35, DAILLY",,,Nuit avec éclairage allumé,En agglomération,Hors intersection,Normale,Autre collision,,,,,,,,,,,5,2,1,1,6.0
201600039293,0016-12-03 21:00:00,16,12,3,21,0,920,64,"34, GOUNOD",,,Nuit avec éclairage allumé,En agglomération,Hors intersection,Normale,Sans collision,,,,,,,,,,,5,2,1,1,7.0
201600039294,0016-12-24 03:50:00,16,12,24,3,50,920,64,"14, DAILLY",,,Nuit avec éclairage allumé,En agglomération,Hors intersection,Pluie légère,Sans collision,,,,,,,,,,,5,2,1,2,7.0
201600039295,0016-12-24 09:23:00,16,12,24,9,23,920,33,"159, PORTE JAUNE",,,Plein jour,En agglomération,Intersection en X,Normale,Deux véhicules - côté,,,,,,,,,,,1,2,2,1,3.0
201600039296,0016-12-27 13:55:00,16,12,27,13,55,920,64,"140, REPUBLIQUE",,,Plein jour,En agglomération,Intersection en T,Normale,Autre collision,,,,,,,,,,,1,2,3,1,6.0
201600039297,0016-01-05 08:35:00,16,1,5,8,35,920,72,"., SEVRES (PONT DE)",,,Plein jour,En agglomération,Hors intersection,Pluie légère,Deux véhicules - arrière,,,,,,,,,,,1,2,1,2,2.0
201600039298,0016-01-06 19:45:00,16,1,6,19,45,920,72,"., LECLERC (AVENUE DE LA",,,Nuit avec éclairage allumé,En agglomération,Intersection en T,Pluie légère,Deux véhicules - côté,,,,,,,,,,,5,2,3,2,3.0
201600039299,0016-01-12 22:00:00,16,1,12,22,0,920,72,"., VILLE D'AVRAY (RUE DE",,,Nuit avec éclairage allumé,En agglomération,Intersection en T,Pluie légère,Deux véhicules - côté,,,,,,,,,,,5,2,3,2,3.0
201600039300,0016-01-22 22:45:00,16,1,22,22,45,920,72,"., SEVRES (PONT DE)",,,Nuit avec éclairage allumé,En agglomération,Hors intersection,Temps couvert,Autre collision,,,,,,,,,,,5,2,1,8,6.0
201600039301,0016-01-25 12:10:00,16,1,25,12,10,920,72,"22, WOLFENBUTTEL (RUE DE",,,Plein jour,En agglomération,Hors intersection,Normale,Deux véhicules - côté,,,,,,,,,,,1,2,1,1,3.0
201600039302,0016-01-29 12:45:00,16,1,29,12,45,920,22,"1663, SALENGRO (AVENUE R",,,Plein jour,En agglomération,Hors intersection,Normale,Autre collision,,,,,,,,,,,1,2,1,1,6.0
201600039303,0016-02-02 23:35:00,16,2,2,23,35,920,72,"., SEVRES (PONT DE)",,,Nuit avec éclairage allumé,En agglomération,Hors intersection,Pluie légère,Autre collision,,,,,,,,,,,5,2,1,2,6.0
201600039304,0016-02-06 15:30:00,16,2,6,15,30,920,77,"29, PRADIER (RUE)",,,Plein jour,En agglomération,Hors intersection,Normale,Autre collision,,,,,,,,,,,1,2,1,1,6.0
201600039305,0016-02-12 09:10:00,16,2,12,9,10,920,77,"., SEVRES (RUE DE)",,,Plein jour,En agglomération,Intersection en T,Pluie légère,Deux véhicules - côté,,,,,,,,,,,1,2,3,2,3.0
201600039306,0016-02-17 09:15:00,16,2,17,9,15,920,22,"21, FRANCE (RUE ANATOLE)",,,Plein jour,En agglomération,Hors intersection,Normale,Deux véhicules - arrière,,,,,,,,,,,1,2,1,1,2.0
201600039307,0016-03-04 18:00:00,16,3,4,18,0,920,22,"664, SALENGRO (AVENUE RO",,,Plein jour,En agglomération,Hors intersection,Pluie légère,Autre collision,,,,,,,,,,,1,2,1,2,6.0
201600039308,0016-03-06 14:45:00,16,3,6,14,45,920,72,"54, GRANDE RUE",,,Plein jour,En agglomération,Giratoire,Temps couvert,Sans collision,,,,,,,,,,,1,2,6,8,7.0
201600039309,0016-03-06 03:10:00,16,3,6,3,10,920,72,"., SEVRES (PONT DE)",,,Nuit avec éclairage allumé,En agglomération,Hors intersection,Pluie légère,Deux véhicules - frontale,,,,,,,,,,,5,2,1,2,1.0
201600039310,0016-03-08 08:15:00,16,3,8,8,15,920,77,"., DESVALLIERES (CHEMIN)",,,Plein jour,En agglomération,Hors intersection,Normale,Autre collision,,,,,,,,,,,1,2,1,1,6.0
201600039311,0016-03-22 10:50:00,16,3,22,10,50,920,77,"20, ST CLOUD (RUE DE)",,,Plein jour,En agglomération,Hors intersection,Normale,Sans collision,,,,,,,,,,,1,2,1,1,7.0
201600039312,0016-04-01 23:25:00,16,4,1,23,25,920,72,"V à V 24, TROYON (RUE)",,,Nuit avec éclairage allumé,En agglomération,Hors intersection,Normale,Deux véhicules - côté,,,,,,,,,,,5,2,1,1,3.0
201600039313,0016-04-18 13:17:00,16,4,18,13,17,920,72,"51, VILLE D'AVRAY (RUE D",,,Plein jour,En agglomération,Hors intersection,Normale,Autre collision,,,,,,,,,,,1,2,1,1,6.0
201600039314,0016-05-06 10:50:00,16,5,6,10,50,920,72,"38, GRANDE RUE",,,Plein jour,En agglomération,Hors intersection,Normale,Deux véhicules - côté,,,,,,,,,,,1,2,1,1,3.0
201600039315,0016-05-06 17:35:00,16,5,6,17,35,920,72,"14, GRANDE RUE",,,Plein jour,En agglomération,Hors intersection,Normale,Autre collision,,,,,,,,,,,1,2,1,1,6.0
201600039316,0016-05-09 09:30:00,16,5,9,9,30,920,22,"28 BIS, FRANCE (RUE ANAT",,,Plein jour,En agglomération,Hors intersection,Normale,Deux véhicules - arrière,,,,,,,,,,,1,2,1,1,2.0
201600039317,0016-05-10 16:15:00,16,5,10,16,15,920,72,"75, PAVE DES GARDES (ROU",,,Plein jour,En agglomération,Hors intersection,Pluie légère,Sans collision,,,,,,,,,,,1,2,1,2,7.0
201600039318,0016-05-13 18:10:00,16,5,13,18,10,920,72,"02, EUROPE (AVENUE DE L'",,,Plein jour,En agglomération,Hors intersection,Normale,Sans collision,,,,,,,,,,,1,2,1,1,7.0
201600039319,0016-05-23 15:00:00,16,5,23,15,0,920,72,"97, PAVE DES GARDES (ROU",,,Plein jour,En agglomération,Hors intersection,Normale,Autre collision,,,,,,,,,,,1,2,1,1,6.0
201600039320,0016-05-29 16:30:00,16,5,29,16,30,920,72,"., LECLERC (AVENUE DE LA",,,Plein jour,En agglomération,Intersection en T,Pluie légère,Deux véhicules - côté,,,,,,,,,,,1,2,3,2,3.0
201600039321,0016-06-13 08:15:00,16,6,13,8,15,920,72,"., MANUFACTURE NATIONALE",,,Plein jour,En agglomération,Hors intersection,Normale,Deux véhicules - arrière,,,,,,,,,,,1,2,1,1,2.0
201600039322,0016-06-13 19:15:00,16,6,13,19,15,920,22,"832, SALENGRO (AVENUE RO",,,Plein jour,En agglomération,Hors intersection,Normale,Deux véhicules - côté,,,,,,,,,,,1,2,1,1,3.0
201600039323,0016-06-16 17:20:00,16,6,16,17,20,920,72,SEVRES (PONT DE),,,Plein jour,En agglomération,Hors intersection,Pluie légère,Autre collision,,,,,,,,,,,1,2,1,2,6.0
201600039324,0016-06-16 17:30:00,16,6,16,17,30,920,72,"39, EUROPE (AVENUE DE L'",,,Plein jour,En agglomération,Hors intersection,Normale,Autre collision,,,,,,,,,,,1,2,1,1,6.0
201600039325,0016-06-22 11:15:00,16,6,22,11,15,920,72,"30, TROYON (RUE)",,,Plein jour,En agglomération,Hors intersection,Normale,Deux véhicules - côté,,,,,,,,,,,1,2,1,1,3.0
201600039326,0016-06-24 19:30:00,16,6,24,19,30,920,72,"30, RENAN (RUE ERNEST)",,,Plein jour,En agglomération,Hors intersection,Normale,Autre collision,,,,,,,,,,,1,2,1,1,6.0
201600039327,0016-06-25 15:01:00,16,6,25,15,1,920,72,"23, TROYON (RUE)",,,Plein jour,En agglomération,Hors intersection,Normale,Autre collision,,,,,,,,,,,1,2,1,1,6.0
201600039328,0016-06-26 17:25:00,16,6,26,17,25,920,72,"., TROYON (RUE)",,,Plein jour,En agglomération,Hors intersection,Normale,Autre collision,,,,,,,,,,,1,2,1,1,6.0
201600039329,0016-07-04 11:30:00,16,7,4,11,30,920,22,"1859, SALENGRO (AVENUE R",,,Plein jour,En agglomération,Hors intersection,Normale,Autre collision,,,,,,,,,,,1,2,1,1,6.0
201600039330,0016-07-06 09:30:00,16,7,6,9,30,920,72,"12 BIS, GRANDE RUE",,,Plein jour,En agglomération,Hors intersection,Normale,Deux véhicules - côté,,,,,,,,,,,1,2,1,1,3.0
201600039331,0016-07-08 07:50:00,16,7,8,7,50,920,72,"32, GRANDE RUE",,,Plein jour,En agglomération,Intersection en T,Normale,Deux véhicules - côté,,,,,,,,,,,1,2,3,1,3.0
201600039332,0016-07-13 01:45:00,16,7,13,1,45,920,72,"., SEVRES (PONT DE)",,,Nuit avec éclairage allumé,En agglomération,Hors intersection,Normale,Autre collision,,,,,,,,,,,5,2,1,1,6.0
201600039333,0016-07-16 11:26:00,16,7,16,11,26,920,77,"., GAMBETTA (AVENUE)",,,Plein jour,En agglomération,Intersection en X,Normale,Autre collision,,,,,,,,,,,1,2,2,1,6.0
201600039334,0016-07-28 22:15:00,16,7,28,22,15,920,72,"36, PAVE DES GARDES (ROU",,,Nuit avec éclairage allumé,En agglomération,Hors intersection,Normale,Autre collision,,,,,,,,,,,5,2,1,1,6.0
201600039335,0016-08-03 09:15:00,16,8,3,9,15,920,72,"., BRUYERES (CARREFOUR D",,,Plein jour,En agglomération,Hors intersection,Normale,Sans collision,,,,,,,,,,,1,2,1,1,7.0
201600039336,0016-08-08 11:15:00,16,8,8,11,15,920,72,"., LECLERC (AVENUE DE LA",,,Plein jour,Hors agglomération,Intersection en T,Normale,Sans collision,,,,,,,,,,,1,1,3,1,7.0
201600039337,0016-08-27 17:50:00,16,8,27,17,50,920,72,"., SAINT CLOUD (RUE DE)",,,Plein jour,En agglomération,Hors intersection,Normale,Sans collision,,,,,,,,,,,1,2,1,1,7.0
201600039338,0016-08-27 19:50:00,16,8,27,19,50,920,72,"., SAINT CLOUD (RUE DE)",,,Plein jour,En agglomération,Hors intersection,Normale,Sans collision,,,,,,,,,,,1,2,1,1,7.0
201600039339,0016-08-28 11:30:00,16,8,28,11,30,920,72,MANUFACTURE NATIONALE (P,,,Plein jour,En agglomération,Intersection en X,Normale,Deux véhicules - côté,,,,,,,,,,,1,2,2,1,3.0
201600039340,0016-09-02 16:20:00,16,9,2,16,20,920,72,"., BRUYERES (RUE DES)",,,Plein jour,En agglomération,Hors intersection,Normale,Sans collision,,,,,,,,,,,1,2,1,1,7.0
201600039341,0016-09-08 12:20:00,16,9,8,12,20,920,72,"12, MIDRIN (RUE PIERRE)",,,Plein jour,En agglomération,Hors intersection,Normale,Autre collision,,,,,,,,,,,1,2,1,1,6.0
201600039342,0016-09-14 23:30:00,16,9,14,23,30,920,72,"., CRISTALLERIE (AVENUE",,,Nuit avec éclairage allumé,En agglomération,Hors intersection,Normale,Trois véhicules et plus - collisions multiples,,,,,,,,,,,5,2,1,1,5.0
201600039343,0016-09-15 08:40:00,16,9,15,8,40,920,72,"., GRANDE RUE",,,Plein jour,En agglomération,Intersection en T,Pluie légère,Deux véhicules - côté,,,,,,,,,,,1,2,3,2,3.0
201600039344,0016-09-28 11:15:00,16,9,28,11,15,920,22,"2012, SALENGRO (AVENUE R",,,Plein jour,En agglomération,Hors intersection,Normale,Trois véhicules et plus - en chaîne,,,,,,,,,,,1,2,1,1,4.0
201600039345,0016-09-30 21:05:00,16,9,30,21,5,920,72,"45, EUROPE (AVENUE DE L'",,,Nuit avec éclairage allumé,En agglomération,Hors intersection,Pluie légère,Sans collision,,,,,,,,,,,5,2,1,2,7.0
201600039346,0016-10-01 23:45:00,16,10,1,23,45,920,72,"., TROYON (RUE)",,,Nuit avec éclairage allumé,En agglomération,Hors intersection,Normale,Autre collision,,,,,,,,,,,5,2,1,1,6.0
201600039347,0016-10-03 17:20:00,16,10,3,17,20,920,72,"21, GRANDE RUE",,,Plein jour,En agglomération,Hors intersection,Normale,Deux véhicules - côté,,,,,,,,,,,1,2,1,1,3.0
201600039348,0016-10-12 07:15:00,16,10,12,7,15,920,72,"., VILLE D'AVRAY (RUE DE",,,Plein jour,Hors agglomération,Intersection en T,Normale,Deux véhicules - côté,,,,,,,,,,,1,1,3,1,3.0
201600039349,0016-10-20 09:00:00,16,10,20,9,0,920,72,"10, PAVE DES GARDES (ROU",,,Plein jour,En agglomération,Hors intersection,Normale,Trois véhicules et plus - en chaîne,,,,,,,,,,,1,2,1,1,4.0
201600039350,0016-10-20 12:50:00,16,10,20,12,50,920,72,"., SEVRES (PONT DE)",,,Plein jour,En agglomération,Hors intersection,Normale,Trois véhicules et plus - en chaîne,,,,,,,,,,,1,2,1,1,4.0
201600039351,0016-10-21 05:50:00,16,10,21,5,50,920,77,SEVRES (RUE DE),,,Nuit sans éclairage public,En agglomération,Hors intersection,Normale,Autre collision,,,,,,,,,,,3,2,1,1,6.0
201600039352,0016-10-21 18:15:00,16,10,21,18,15,920,22,"., SALENGRO (AVENUE ROGE",,,Crépuscule ou aube,En agglomération,Intersection en X,Pluie légère,Deux véhicules - côté,,,,,,,,,,,2,2,2,2,3.0
201600039353,0016-10-23 16:00:00,16,10,23,16,0,920,72,"188, GRANDE RUE",,,Plein jour,En agglomération,Hors intersection,Pluie forte,Deux véhicules - côté,,,,,,,,,,,1,2,1,3,3.0
201600039354,0016-11-05 18:36:00,16,11,5,18,36,920,72,"143, GRANDE RUE",,,Nuit avec éclairage allumé,En agglomération,Hors intersection,Normale,Deux véhicules - côté,,,,,,,,,,,5,2,1,1,3.0
201600039355,0016-11-12 16:00:00,16,11,12,16,0,920,22,"., HUIT-BOUTEILLES (ROUT",,,Plein jour,En agglomération,Intersection en T,Pluie légère,Autre collision,,,,,,,,,,,1,2,3,2,6.0
201600039356,0016-11-12 18:00:00,16,11,12,18,0,920,72,"., SAINT CLOUD (RUE DE)",,,Nuit avec éclairage allumé,En agglomération,Hors intersection,Normale,Deux véhicules - arrière,,,,,,,,,,,5,2,1,1,2.0
201600039357,0016-11-19 13:00:00,16,11,19,13,0,920,72,"., BRUYERES (CARREFOUR D",,,Plein jour,En agglomération,Hors intersection,Normale,Deux véhicules - côté,,,,,,,,,,,1,2,1,1,3.0
201600039358,0016-11-20 00:35:00,16,11,20,0,35,920,72,"16, SAINT CLOUD (RUE DE)",,,Nuit avec éclairage allumé,En agglomération,Hors intersection,Normale,Deux véhicules - côté,,,,,,,,,,,5,2,1,1,3.0
201600039359,0016-11-25 12:30:00,16,11,25,12,30,920,72,"., MANUFACTURE NATIONALE",,,Plein jour,En agglomération,Hors intersection,Normale,Deux véhicules - côté,,,,,,,,,,,1,2,1,1,3.0
201600039360,0016-11-29 17:30:00,16,11,29,17,30,920,77,"., SEVRES (RUE DE)",,,Plein jour,En agglomération,Intersection en X,Normale,Deux véhicules - côté,,,,,,,,,,,1,2,2,1,3.0
201600039361,0016-12-05 16:05:00,16,12,5,16,5,920,72,"14, GRANDE RUE",,,Plein jour,En agglomération,Hors intersection,Normale,Autre collision,,,,,,,,,,,1,2,1,1,6.0
201600039362,0016-12-12 16:50:00,16,12,12,16,50,920,72,"19, VILLE D'AVRAY (RUE D",,,Nuit avec éclairage allumé,En agglomération,Hors intersection,Pluie forte,Autre collision,,,,,,,,,,,5,2,1,3,6.0
201600039363,0016-12-13 10:10:00,16,12,13,10,10,920,22,"24, SALENGRO (AVENUE ROG",,,Plein jour,En agglomération,Hors intersection,Normale,Autre collision,,,,,,,,,,,1,2,1,1,6.0
201600039364,0016-12-22 14:26:00,16,12,22,14,26,920,72,"01, GRANDE RUE",,,Plein jour,En agglomération,Hors intersection,Normale,Autre collision,,,,,,,,,,,1,2,1,1,6.0
201600039365,0016-01-05 15:40:00,16,1,5,15,40,920,73,"1, GALLIENI (QUAI)",,,Plein jour,En agglomération,Intersection en T,Normale,Deux véhicules - côté,,,,,,,,,,,1,2,3,1,3.0
201600039366,0016-01-15 13:15:00,16,1,15,13,15,920,73,"173, JAURES (AVENUE JEAN",,,Plein jour,En agglomération,Intersection en T,Normale,Autre collision,,,,,,,,,,,1,2,3,1,6.0
201600039367,0016-02-02 15:55:00,16,2,2,15,55,920,73,"1, GALLIENI (QUAI)",,,Plein jour,En agglomération,Intersection en T,Pluie forte,Deux véhicules - arrière,,,,,,,,,,,1,2,3,3,2.0