accident_id,datetime,annee,mois,jour,heure,minute,departement,commune_insee,adresse,latitude,longitude,luminosite,agglomeration,intersection,meteo,collision,nb_vehicules,nb_usagers,nb_indemnes,nb_tues,nb_blesses_hosp,nb_blesses_legers,age_cond_1,age_cond_2,veh_type_cond_1,veh_type_cond_2,lum_code,agg_code,int_code,atm_code,col_code
201600039368,0016-02-10 02:15:00,16,2,10,2,15,920,73,"1, PONT DE SURESNES",,,Nuit avec éclairage allumé,En agglomération,Intersection en T,Normale,Deux véhicules - arrière,,,,,,,,,,,5,2,3,1,2.0
201600039369,0016-02-10 09:10:00,16,2,10,9,10,920,73,"151, SELLIER (BOULEVARD",,,Plein jour,En agglomération,Hors intersection,Normale,Trois véhicules et plus - collisions multiples,,,,,,,,,,,1,2,1,1,5.0
201600039370,0016-02-11 19:40:00,16,2,11,19,40,920,73,"1, DE GAULLE (AVENUE GEN",,,Nuit avec éclairage allumé,En agglomération,Intersection en T,Normale,Deux véhicules - arrière,,,,,,,,,,,5,2,3,1,2.0
201600039371,0016-02-12 08:40:00,16,2,12,8,40,920,73,"2, LONGCHAMP (ALLEE DE)",,,Plein jour,En agglomération,Intersection en T,Pluie légère,Sans collision,,,,,,,,,,,1,2,3,2,7.0
201600039372,0016-02-16 15:50:00,16,2,16,15,50,920,73,"39, BAS ROGER  (RUE DES)",,,Plein jour,En agglomération,Intersection en T,Normale,Deux véhicules - côté,,,,,,,,,,,1,2,3,1,3.0
201600039373,0016-02-23 19:30:00,16,2,23,19,30,920,2,DE GAULLE/RICHEMONT,,,Nuit avec éclairage allumé,En agglomération,Intersection en X,Normale,Autre collision,,,,,,,,,,,5,2,2,1,6.0
201600039374,0016-02-26 16:05:00,16,2,26,16,5,920,73,"105, FUSILLES DE LA RESI",,,Plein jour,En agglomération,Hors intersection,Normale,Autre collision,,,,,,,,,,,1,2,1,1,6.0
201600039375,0016-03-16 10:00:00,16,3,16,10,0,920,73,"200, WASHINGTON (BOULEVA",,,Plein jour,En agglomération,Intersection en T,Normale,Deux véhicules - côté,,,,,,,,,,,1,2,3,1,3.0
201600039376,0016-03-18 08:00:00,16,3,18,8,0,920,73,"1, PEGUY (RUE CHARLES)",,,Plein jour,En agglomération,Hors intersection,Normale,Sans collision,,,,,,,,,,,1,2,1,1,7.0
201600039377,0016-03-25 19:55:00,16,3,25,19,55,920,73,"7, DASSAULT (QUAI MARCEL",,,Nuit avec éclairage allumé,En agglomération,Hors intersection,Normale,Deux véhicules - arrière,,,,,,,,,,,5,2,1,1,2.0
201600039378,0016-03-25 19:30:00,16,3,25,19,30,920,73,SELLIER (BOULEVARD HENRI,,,Nuit avec éclairage allumé,En agglomération,Intersection en T,Normale,Autre collision,,,,,,,,,,,5,2,3,1,6.0
201600039379,0016-04-02 08:10:00,16,4,2,8,10,920,73,"1, GALLIENI (QUAI)",,,Plein jour,En agglomération,Hors intersection,Normale,Deux véhicules - arrière,,,,,,,,,,,1,2,1,1,2.0
201600039380,0016-04-04 09:10:00,16,4,4,9,10,920,73,"47, JAURES (AVENUE JEAN)",,,Plein jour,En agglomération,Hors intersection,Normale,Deux véhicules - côté,,,,,,,,,,,1,2,1,1,3.0
201600039381,0016-04-05 17:30:00,16,4,5,17,30,920,73,"55, CARNOT (RUE)",,,Plein jour,En agglomération,Hors intersection,Normale,Autre collision,,,,,,,,,,,1,2,1,1,6.0
201600039382,0016-04-04 12:15:00,16,4,4,12,15,920,73,"1, PEGUY (RUE CHARLES)",,,Plein jour,En agglomération,Hors intersection,Normale,Autre collision,,,,,,,,,,,1,2,1,1,6.0
201600039383,0016-04-09 19:00:00,16,4,9,19,0,920,73,"1, BLUM (QUAI LEON)",,,Plein jour,En agglomération,Intersection en T,Normale,Deux véhicules - arrière,,,,,,,,,,,1,2,3,1,2.0
201600039384,0016-04-14 09:12:00,16,4,14,9,12,920,73,"55, SELLIER (BOULEVARD H",,,Plein jour,En agglomération,Intersection en T,Normale,Autre collision,,,,,,,,,,,1,2,3,1,6.0
201600039385,0016-04-15 09:00:00,16,4,15,9,0,920,73,"165, JAURES (AVENUE JEAN",,,Plein jour,En agglomération,Hors intersection,Normale,Autre collision,,,,,,,,,,,1,2,1,1,6.0
201600039386,0016-04-26 20:30:00,16,4,26,20,30,920,73,"50, SELLIER (BOULEVARD H",,,Plein jour,En agglomération,Intersection en T,Normale,Deux véhicules - arrière,,,,,,,,,,,1,2,3,1,2.0
201600039387,0016-04-27 22:35:00,16,4,27,22,35,920,73,"1, DE GAULLE (AVENUE GEN",,,Nuit avec éclairage allumé,En agglomération,Intersection en T,Normale,Autre collision,,,,,,,,,,,5,2,3,1,6.0
201600039388,0016-05-08 18:25:00,16,5,8,18,25,920,73,"14, JAURES (AVENUE JEAN)",,,Plein jour,En agglomération,Hors intersection,Normale,Trois véhicules et plus - en chaîne,,,,,,,,,,,1,2,1,1,4.0
201600039389,0016-05-11 16:20:00,16,5,11,16,20,920,73,"91, SELLIER (BOULEVARD H",,,Plein jour,En agglomération,Hors intersection,Pluie forte,Sans collision,,,,,,,,,,,1,2,1,3,7.0
201600039390,0016-06-20 20:10:00,16,6,20,20,10,920,73,"118, SELLIER (BOULEVARD",,,Plein jour,En agglomération,Hors intersection,Normale,Autre collision,,,,,,,,,,,1,2,1,1,6.0
201600039391,0016-06-24 21:15:00,16,6,24,21,15,920,73,"17, SELLIER (BOULEVARD H",,,Crépuscule ou aube,En agglomération,Hors intersection,Normale,Deux véhicules - frontale,,,,,,,,,,,2,2,1,1,1.0
201600039392,0016-07-02 19:30:00,16,7,2,19,30,920,73,"24, GALLIENI (QUAI)",,,Plein jour,En agglomération,Intersection en T,Pluie légère,Autre collision,,,,,,,,,,,1,2,3,2,6.0
201600039393,0016-07-11 23:36:00,16,7,11,23,36,920,73,"8, DASSAULT (QUAI MARCEL",,,Crépuscule ou aube,En agglomération,Intersection en T,Normale,Deux véhicules - côté,,,,,,,,,,,2,2,3,1,3.0
201600039394,0016-07-15 01:40:00,16,7,15,1,40,920,73,"50, SELLIER (BOULEVARD H",,,Nuit avec éclairage allumé,En agglomération,Hors intersection,Normale,Sans collision,,,,,,,,,,,5,2,1,1,7.0
201600039395,0016-07-18 14:45:00,16,7,18,14,45,920,73,"132, SELLIER (BOULEVARD",,,Plein jour,En agglomération,Hors intersection,Normale,Sans collision,,,,,,,,,,,1,2,1,1,7.0
201600039396,0016-07-19 15:00:00,16,7,19,15,0,920,73,"1, FUSILLES DE LA RESIST",,,Plein jour,En agglomération,Hors intersection,Normale,Deux véhicules - côté,,,,,,,,,,,1,2,1,1,3.0
201600039397,0016-07-25 19:30:00,16,7,25,19,30,920,73,"1, WASHINGTON (BOULEVARD",,,Plein jour,En agglomération,Intersection en T,Normale,Deux véhicules - arrière,,,,,,,,,,,1,2,3,1,2.0
201600039398,0016-07-26 19:00:00,16,7,26,19,0,920,73,"27, VERDUN (RUE DE)",,,Plein jour,En agglomération,Intersection en T,Normale,Deux véhicules - côté,,,,,,,,,,,1,2,3,1,3.0
201600039399,0016-08-16 13:30:00,16,8,16,13,30,920,73,"1, CROIX-DU-ROY (CARREFO",,,Plein jour,En agglomération,Intersection en T,Normale,Deux véhicules - côté,,,,,,,,,,,1,2,3,1,3.0
201600039400,0016-08-17 07:20:00,16,8,17,7,20,920,73,"23, SELLIER (BOULEVARD H",,,Plein jour,En agglomération,Intersection en T,Normale,Deux véhicules - côté,,,,,,,,,,,1,2,3,1,3.0
201600039401,0016-08-28 21:30:00,16,8,28,21,30,920,73,"98, SELLIER (BOULEVARD H",,,Nuit avec éclairage allumé,En agglomération,Hors intersection,Normale,Deux véhicules - côté,,,,,,,,,,,5,2,1,1,3.0
201600039402,0016-09-09 12:50:00,16,9,9,12,50,920,73,"., JAURES (AVENUE JEAN)",,,Plein jour,En agglomération,Hors intersection,Normale,Autre collision,,,,,,,,,,,1,2,1,1,6.0
201600039403,0016-09-19 09:10:00,16,9,19,9,10,920,73,"49, ROUSSEAU (RUE JEAN-J",,,Plein jour,En agglomération,Hors intersection,Normale,Autre collision,,,,,,,,,,,1,2,1,1,6.0
201600039404,0016-09-25 08:55:00,16,9,25,8,55,920,73,"00, STALINGRAD (PLACE DE",,,Plein jour,En agglomération,Place,Normale,Autre collision,,,,,,,,,,,1,2,7,1,6.0
201600039405,0016-09-25 19:45:00,16,9,25,19,45,920,73,"20, SELLIER (BOULEVARD H",,,Plein jour,En agglomération,Intersection en T,Normale,Autre collision,,,,,,,,,,,1,2,3,1,6.0
201600039406,0016-09-30 11:18:00,16,9,30,11,18,920,73,"01, PAYRET DORTAIL (RUE",,,Plein jour,En agglomération,Hors intersection,Normale,Deux véhicules - côté,,,,,,,,,,,1,2,1,1,3.0
201600039407,0016-10-01 03:35:00,16,10,1,3,35,920,73,"98, SELLIER (BOULEVARD H",,,Nuit avec éclairage allumé,En agglomération,Hors intersection,Pluie légère,Autre collision,,,,,,,,,,,5,2,1,2,6.0
201600039408,0016-10-06 17:10:00,16,10,6,17,10,920,73,"05, DASSAULT (QUAI MARCE",,,Plein jour,En agglomération,Intersection en T,Normale,Deux véhicules - frontale,,,,,,,,,,,1,2,3,1,1.0
201600039409,0016-10-20 11:10:00,16,10,20,11,10,920,73,"24, GALLIENI (QUAI)",,,Plein jour,En agglomération,Intersection en T,Normale,Deux véhicules - côté,,,,,,,,,,,1,2,3,1,3.0
201600039410,0016-10-21 15:45:00,16,10,21,15,45,920,73,"17, SELLIER (BOULEVARD H",,,Plein jour,En agglomération,Hors intersection,Normale,Autre collision,,,,,,,,,,,1,2,1,1,6.0
201600039411,0016-10-21 07:45:00,16,10,21,7,45,920,73,"9, BLUM (QUAI LEON)",,,Crépuscule ou aube,En agglomération,Intersection en T,Brouillard / fumée,Deux véhicules - côté,,,,,,,,,,,2,2,3,5,3.0
201600039412,0016-11-04 21:05:00,16,11,4,21,5,920,73,", SELLIER (BOULEVARD HEN",,,Plein jour,En agglomération,Hors intersection,Normale,Sans collision,,,,,,,,,,,1,2,1,1,7.0
201600039413,0016-11-07 08:40:00,16,11,7,8,40,920,73,"27bis, VERDUN (RUE DE)",,,Plein jour,En agglomération,Hors intersection,Pluie légère,Autre collision,,,,,,,,,,,1,2,1,2,6.0
201600039414,0016-11-08 13:05:00,16,11,8,13,5,920,73,"12, ROUGET-DE-L'ISLE (RU",,,Plein jour,En agglomération,Hors intersection,Normale,Autre collision,,,,,,,,,,,1,2,1,1,6.0
201600039415,0016-11-08 17:45:00,16,11,8,17,45,920,73,"23, ROOSVELT (AVENUE FRA",,,Nuit avec éclairage allumé,En agglomération,Hors intersection,Normale,Deux véhicules - arrière,,,,,,,,,,,5,2,1,1,2.0
201600039416,0016-11-22 12:35:00,16,11,22,12,35,920,73,"0, SELLIER (BOULEVARD HE",,,Plein jour,En agglomération,Intersection en T,Normale,Deux véhicules - côté,,,,,,,,,,,1,2,3,1,3.0
201600039417,0016-11-27 18:20:00,16,11,27,18,20,920,73,"24, GALLIENI (QUAI)",,,Nuit avec éclairage allumé,En agglomération,Intersection en T,Normale,Deux véhicules - côté,,,,,,,,,,,5,2,3,1,3.0
201600039418,0016-12-05 14:35:00,16,12,5,14,35,920,73,"20, LOUCHEUR (BOULEVARD",,,Plein jour,En agglomération,Hors intersection,Normale,Deux véhicules - côté,,,,,,,,,,,1,2,1,1,3.0
201600039419,0016-12-14 12:35:00,16,12,14,12,35,920,73,"15, GALLIENI (QUAI)",,,Plein jour,En agglomération,Hors intersection,Normale,Autre collision,,,,,,,,,,,1,2,1,1,6.0
201600039420,0016-01-04 09:15:00,16,1,4,9,15,920,46,"120, DOUZE FEVRIER 1934",,,Plein jour,En agglomération,Hors intersection,Pluie légère,Sans collision,,,,,,,,,,,1,2,1,2,7.0
201600039421,0016-01-07 08:25:00,16,1,7,8,25,920,75,"22, PAIX (AVENUE DE LA)",,,Crépuscule ou aube,En agglomération,Hors intersection,Pluie légère,Deux véhicules - côté,,,,,,,,,,,2,2,1,2,3.0
201600039422,0016-01-22 07:50:00,16,1,22,7,50,920,75,"15, LARMEROUX (RUE)",,,Nuit avec éclairage allumé,En agglomération,Hors intersection,Normale,Deux véhicules - côté,,,,,,,,,,,5,2,1,1,3.0
201600039423,0016-01-29 10:40:00,16,1,29,10,40,920,46,"1, CAMELINAT",,,Plein jour,En agglomération,Intersection en X,Normale,Deux véhicules - côté,,,,,,,,,,,1,2,2,1,3.0
201600039424,0016-02-05 13:50:00,16,2,5,13,50,920,46,"., DE STALINGRAD",,,Plein jour,En agglomération,Hors intersection,Normale,Deux véhicules - arrière,,,,,,,,,,,1,2,1,1,2.0
201600039425,0016-02-08 14:20:00,16,2,8,14,20,920,46,"1, bld du Colonel Fabien",,,Plein jour,En agglomération,Intersection en X,Pluie légère,Deux véhicules - côté,,,,,,,,,,,1,2,2,2,3.0
201600039426,0016-02-08 08:35:00,16,2,8,8,35,920,46,"144, PIERRE BROSSOLETTE",,,Plein jour,En agglomération,Hors intersection,Normale,Deux véhicules - côté,,,,,,,,,,,1,2,1,1,3.0
201600039427,0016-02-14 14:30:00,16,2,14,14,30,920,46,"., PIERRE LAROUSSE (AVEN",,,Plein jour,En agglomération,Intersection en X,Pluie légère,Deux véhicules - frontale,,,,,,,,,,,1,2,2,2,1.0
201600039428,0016-02-17 22:05:00,16,2,17,22,5,920,46,"168, GABRIEL PERI",,,Nuit avec éclairage allumé,En agglomération,Hors intersection,Normale,Deux véhicules - côté,,,,,,,,,,,5,2,1,1,3.0
201600039429,0016-02-20 13:35:00,16,2,20,13,35,920,75,"38, JEAN BAPTISTE POTIN",,,Plein jour,En agglomération,Hors intersection,Normale,Deux véhicules - arrière,,,,,,,,,,,1,2,1,1,2.0
201600039430,0016-03-06 19:26:00,16,3,6,19,26,920,46,"121, GABRIEL PERI",,,Plein jour,En agglomération,Hors intersection,Normale,Deux véhicules - frontale,,,,,,,,,,,1,2,1,1,1.0
201600039431,0016-03-10 11:05:00,16,3,10,11,5,920,46,"1, GARMANTS (RUE DES)",,,Plein jour,Hors agglomération,Intersection en X,Normale,Deux véhicules - côté,,,,,,,,,,,1,1,2,1,3.0
201600039432,0016-03-11 13:10:00,16,3,11,13,10,920,46,"21, DE STALINGRAD",,,Plein jour,En agglomération,Hors intersection,Normale,Deux véhicules - côté,,,,,,,,,,,1,2,1,1,3.0
201600039433,0016-03-13 18:55:00,16,3,13,18,55,920,46,"., Charles de gaulle",,,Crépuscule ou aube,En agglomération,Intersection en T,Normale,Deux véhicules - côté,,,,,,,,,,,2,2,3,1,3.0
201600039434,0016-03-15 13:45:00,16,3,15,13,45,920,46,AVAULEE (RUE),,,Plein jour,En agglomération,Intersection en X,Normale,Deux véhicules - côté,,,,,,,,,,,1,2,2,1,3.0
201600039435,0016-03-17 16:20:00,16,3,17,16,20,920,75,JEAN BLEUZEN,,,Plein jour,En agglomération,Intersection en T,Temps éblouissant,Deux véhicules - côté,,,,,,,,,,,1,2,3,7,3.0
201600039436,0016-03-23 08:30:00,16,3,23,8,30,920,75,"1, LYCEE (BOULEVARD DU)",,,Plein jour,En agglomération,Intersection en X,Normale,Sans collision,,,,,,,,,,,1,2,2,1,7.0
201600039437,0016-03-23 08:35:00,16,3,23,8,35,920,75,"17, LYCEE (BOULEVARD DU)",,,Plein jour,En agglomération,Hors intersection,Normale,Deux véhicules - côté,,,,,,,,,,,1,2,1,1,3.0
201600039438,0016-03-24 16:55:00,16,3,24,16,55,920,75,"17, JEAN BLEUZEN",,,Plein jour,En agglomération,Intersection en T,Normale,Deux véhicules - côté,,,,,,,,,,,1,2,3,1,3.0
201600039439,0016-03-30 14:30:00,16,3,30,14,30,920,46,"36/38, PIERRE BROSSOLETT",,,Plein jour,En agglomération,Hors intersection,Normale,Deux véhicules - arrière,,,,,,,,,,,1,2,1,1,2.0
201600039440,0016-03-31 09:25:00,16,3,31,9,25,920,75,"5 bis, LARMEROUX (RUE)",,,Plein jour,En agglomération,Hors intersection,Normale,Deux véhicules - côté,,,,,,,,,,,1,2,1,1,3.0
201600039441,0016-04-07 14:05:00,16,4,7,14,5,920,75,"., CARREFOUR DE L'INSURR",,,Plein jour,En agglomération,Giratoire,Normale,Deux véhicules - côté,,,,,,,,,,,1,2,6,1,3.0
201600039442,0016-04-15 19:45:00,16,4,15,19,45,920,75,"34, JEAN BLEUZEN",,,Plein jour,En agglomération,Hors intersection,Normale,Sans collision,,,,,,,,,,,1,2,1,1,7.0
201600039443,0016-05-01 12:10:00,16,5,1,12,10,920,46,"., Charles de gaulle",,,Plein jour,En agglomération,Intersection en T,Normale,Deux véhicules - côté,,,,,,,,,,,1,2,3,1,3.0
201600039444,0016-04-23 20:30:00,16,4,23,20,30,920,46,"1, RUE Galliéni",,,Crépuscule ou aube,En agglomération,Intersection en T,Normale,Sans collision,,,,,,,,,,,2,2,3,1,7.0
201600039445,0016-05-20 22:30:00,16,5,20,22,30,920,75,"., LARMEROUX (RUE)",,,Nuit avec éclairage allumé,En agglomération,Intersection en T,Normale,Deux véhicules - côté,,,,,,,,,,,5,2,3,1,3.0
201600039446,0016-05-23 00:35:00,16,5,23,0,35,920,46,"face 173, PIERRE BROSSOL",,,Nuit avec éclairage allumé,En agglomération,Hors intersection,Pluie légère,Autre collision,,,,,,,,,,,5,2,1,2,6.0
201600039447,0016-05-23 15:10:00,16,5,23,15,10,920,75,"11, ANTOINE FRATACCI (RU",,,Plein jour,En agglomération,Hors intersection,Normale,Sans collision,,,,,,,,,,,1,2,1,1,7.0
201600039448,0016-05-27 10:15:00,16,5,27,10,15,920,75,", PAIX (AVENUE DE LA)",,,Plein jour,En agglomération,Intersection en T,Normale,Deux véhicules - arrière,,,,,,,,,,,1,2,3,1,2.0
201600039449,0016-05-28 22:15:00,16,5,28,22,15,920,46,"2, youri GAGARINE (rond",,,Nuit avec éclairage allumé,En agglomération,Giratoire,Normale,Sans collision,,,,,,,,,,,5,2,6,1,7.0
201600039450,0016-06-01 11:00:00,16,6,1,11,0,920,46,"1, HENRI BARBUSSE (ROND",,,Plein jour,En agglomération,Giratoire,Normale,Deux véhicules - côté,,,,,,,,,,,1,2,6,1,3.0
201600039451,0016-06-03 11:40:00,16,6,3,11,40,920,46,"32, GABRIEL PERI",,,Plein jour,En agglomération,Hors intersection,Normale,Deux véhicules - côté,,,,,,,,,,,1,2,1,1,3.0
201600039452,0016-06-13 16:45:00,16,6,13,16,45,920,46,"2, Charles de gaulle",,,Plein jour,En agglomération,Hors intersection,Normale,Deux véhicules - frontale,,,,,,,,,,,1,2,1,1,1.0
201600039453,0016-06-15 19:25:00,16,6,15,19,25,920,75,"21, PAIX (AVENUE DE LA)",,,Plein jour,En agglomération,Hors intersection,Normale,Autre collision,,,,,,,,,,,1,2,1,1,6.0
201600039454,0016-06-16 15:30:00,16,6,16,15,30,920,75,"36, MARCEL YOL (RUE)",,,Plein jour,En agglomération,Hors intersection,Pluie légère,Deux véhicules - arrière,,,,,,,,,,,1,2,1,2,2.0
201600039455,0016-06-15 10:30:00,16,6,15,10,30,920,46,"., DOUZE FEVRIER 1934 (A",,,Plein jour,En agglomération,Hors intersection,Normale,Sans collision,,,,,,,,,,,1,2,1,1,7.0
201600039456,0016-06-24 19:20:00,16,6,24,19,20,920,46,"23, bld du Colonel Fabie",,,Plein jour,En agglomération,Hors intersection,Normale,Deux véhicules - frontale,,,,,,,,,,,1,2,1,1,1.0
201600039457,0016-06-29 19:30:00,16,6,29,19,30,920,46,"01, HENRI BARBUSSE (BOUL",,,Plein jour,En agglomération,Hors intersection,Normale,Deux véhicules - côté,,,,,,,,,,,1,2,1,1,3.0
201600039458,0016-07-03 23:15:00,16,7,3,23,15,920,46,"., PIERRE BROSSOLETTE (A",,,Nuit avec éclairage allumé,En agglomération,Intersection en T,Pluie légère,Deux véhicules - arrière,,,,,,,,,,,5,2,3,2,2.0
201600039459,0016-07-04 14:55:00,16,7,4,14,55,920,46,"., HENRI BARBUSSE (ROND",,,Plein jour,En agglomération,Giratoire,Normale,Sans collision,,,,,,,,,,,1,2,6,1,7.0
201600039460,0016-07-06 16:50:00,16,7,6,16,50,920,46,"15, bld du Colonel Fabie",,,Plein jour,En agglomération,Hors intersection,Normale,Trois véhicules et plus - en chaîne,,,,,,,,,,,1,2,1,1,4.0
201600039461,0016-07-07 20:00:00,16,7,7,20,0,920,46,"6, BERANGER (RUE)",,,Plein jour,En agglomération,Hors intersection,Normale,Sans collision,,,,,,,,,,,1,2,1,1,7.0
201600039462,0016-07-07 17:35:00,16,7,7,17,35,920,75,"., JACQUES JEZEQUEL (AVE",,,Plein jour,En agglomération,Hors intersection,Normale,Sans collision,,,,,,,,,,,1,2,1,1,7.0
201600039463,0016-07-08 08:45:00,16,7,8,8,45,920,75,"3, MANSARD (RUE)",,,Plein jour,En agglomération,Intersection en X,Normale,Deux véhicules - côté,,,,,,,,,,,1,2,2,1,3.0
201600039464,0016-07-08 20:10:00,16,7,8,20,10,920,46,"., RAYMOND DAVID",,,Plein jour,En agglomération,Intersection en X,Normale,Sans collision,,,,,,,,,,,1,2,2,1,7.0
201600039465,0016-07-09 18:15:00,16,7,9,18,15,920,75,"41, VINCENT MORIS (RUE)",,,Plein jour,En agglomération,Hors intersection,Normale,Sans collision,,,,,,,,,,,1,2,1,1,7.0
201600039466,0016-07-06 07:45:00,16,7,6,7,45,920,46,"66, PIERRE BROSSOLETTE (",,,Plein jour,En agglomération,Hors intersection,Pluie forte,Autre collision,,,,,,,,,,,1,2,1,3,6.0
201600039467,0016-07-20 20:00:00,16,7,20,20,0,920,46,"1, VOLTAIRE (RUE)",,,Plein jour,En agglomération,Intersection en T,Normale,Deux véhicules - côté,,,,,,,,,,,1,2,3,1,3.0
201600039468,0016-07-20 20:25:00,16,7,20,20,25,920,46,"1, DE STALINGRAD",,,Plein jour,En agglomération,Giratoire,Normale,Sans collision,,,,,,,,,,,1,2,6,1,7.0
201600039469,0016-07-21 17:50:00,16,7,21,17,50,920,46,"19, rue Louis Blanc",,,Plein jour,En agglomération,Hors intersection,Normale,Sans collision,,,,,,,,,,,1,2,1,1,7.0
201600039470,0016-07-26 09:55:00,16,7,26,9,55,920,46,"1, GABRIEL PERI",,,Plein jour,En agglomération,Intersection en T,Normale,Sans collision,,,,,,,,,,,1,2,3,1,7.0
201600039471,0016-07-28 17:10:00,16,7,28,17,10,920,46,"72, PIERRE BROSSOLETTE (",,,Plein jour,En agglomération,Hors intersection,Normale,Autre collision,,,,,,,,,,,1,2,1,1,6.0
201600039472,0016-08-15 18:45:00,16,8,15,18,45,920,46,"16, GABRIEL PERI",,,Plein jour,En agglomération,Intersection en T,Temps éblouissant,Deux véhicules - côté,,,,,,,,,,,1,2,3,7,3.0
201600039473,0016-08-24 11:00:00,16,8,24,11,0,920,75,"72, JEAN BLEUZEN (RUE)",,,Plein jour,En agglomération,Intersection en T,Normale,Autre collision,,,,,,,,,,,1,2,3,1,6.0
201600039474,0016-08-28 20:45:00,16,8,28,20,45,920,46,"1, GABRIEL PERI",,,Nuit avec éclairage allumé,En agglomération,Intersection en X,Normale,Sans collision,,,,,,,,,,,5,2,2,1,7.0
201600039475,0016-08-29 06:50:00,16,8,29,6,50,920,46,"120, GABRIEL PERI",,,Plein jour,En agglomération,Intersection en X,Normale,Deux véhicules - côté,,,,,,,,,,,1,2,2,1,3.0
201600039476,0016-08-31 10:50:00,16,8,31,10,50,920,46,"192, PIERRE BROSSOLETTE",,,Plein jour,En agglomération,Hors intersection,Normale,Sans collision,,,,,,,,,,,1,2,1,1,7.0
201600039477,0016-09-02 07:20:00,16,9,2,7,20,920,75,"1, PAIX (AVENUE DE LA)",,,Plein jour,En agglomération,Intersection en X,Temps éblouissant,Deux véhicules - côté,,,,,,,,,,,1,2,2,7,3.0
201600039478,0016-09-05 13:00:00,16,9,5,13,0,920,46,"2, EUGENE VARLIN",,,Plein jour,En agglomération,Intersection en T,Pluie légère,Sans collision,,,,,,,,,,,1,2,3,2,7.0
201600039479,0016-09-05 14:15:00,16,9,5,14,15,920,46,"133, GABRIEL PERI",,,Plein jour,En agglomération,Intersection en X,Pluie forte,Sans collision,,,,,,,,,,,1,2,2,3,7.0
201600039480,0016-09-07 10:20:00,16,9,7,10,20,920,75,"1, SADI CARNOT (RUE)",,,Plein jour,En agglomération,Hors intersection,Normale,Deux véhicules - arrière,,,,,,,,,,,1,2,1,1,2.0
201600039481,0016-09-15 11:40:00,16,9,15,11,40,920,46,"92, DOUZE FEVRIER 1934 (",,,Plein jour,En agglomération,Intersection en X,Pluie légère,Sans collision,,,,,,,,,,,1,2,2,2,7.0
201600039482,0016-09-18 16:30:00,16,9,18,16,30,920,75,"27, LYCEE (BOULEVARD DU)",,,Plein jour,En agglomération,Hors intersection,Normale,Deux véhicules - arrière,,,,,,,,,,,1,2,1,1,2.0
201600039483,0016-10-06 06:55:00,16,10,6,6,55,920,75,"1, LARMEROUX (RUE)",,,Plein jour,En agglomération,Intersection en T,Normale,Deux véhicules - arrière,,,,,,,,,,,1,2,3,1,2.0
201600039484,0016-10-09 15:00:00,16,10,9,15,0,920,46,"1, HENRI BARBUSSE (BOULE",,,Plein jour,En agglomération,Giratoire,Normale,Sans collision,,,,,,,,,,,1,2,6,1,7.0
201600039485,0016-10-12 07:15:00,16,10,12,7,15,920,75,"1, CARREFOUR DE L'INSURR",,,Nuit avec éclairage allumé,En agglomération,Giratoire,Normale,Deux véhicules - côté,,,,,,,,,,,5,2,6,1,3.0
201600039486,0016-10-12 08:30:00,16,10,12,8,30,920,75,"50, LARMEROUX (RUE)",,,Plein jour,En agglomération,Intersection en T,Normale,Deux véhicules - côté,,,,,,,,,,,1,2,3,1,3.0
201600039487,0016-10-24 09:55:00,16,10,24,9,55,920,46,DE STALINGRAD,,,Plein jour,En agglomération,Intersection en X,Pluie légère,Deux véhicules - côté,,,,,,,,,,,1,2,2,2,3.0
201600039488,0016-10-29 12:50:00,16,10,29,12,50,920,75,"34, REPUBLIQUE (RUE DE L",,,Plein jour,En agglomération,Hors intersection,Normale,Sans collision,,,,,,,,,,,1,2,1,1,7.0
201600039489,0016-11-18 10:22:00,16,11,18,10,22,920,75,"14, DE GAULLE (AVENUE DU",,,Plein jour,En agglomération,Intersection en T,Normale,Sans collision,,,,,,,,,,,1,2,3,1,7.0
201600039490,0016-11-20 02:50:00,16,11,20,2,50,920,46,"32, DE STALINGRAD",,,Nuit avec éclairage allumé,En agglomération,Hors intersection,Vent fort / tempête,Sans collision,,,,,,,,,,,5,2,1,6,7.0
201600039491,0016-11-21 08:50:00,16,11,21,8,50,920,46,"86, PIERRE BROSSOLETTE (",,,Plein jour,En agglomération,Intersection en T,Normale,Sans collision,,,,,,,,,,,1,2,3,1,7.0
201600039492,0016-11-21 09:08:00,16,11,21,9,8,920,75,"72, JEAN BLEUZEN",,,Plein jour,En agglomération,Intersection en T,Pluie légère,Deux véhicules - côté,,,,,,,,,,,1,2,3,2,3.0
201600039493,0016-11-25 17:30:00,16,11,25,17,30,920,75,"70, JEAN BLEUZEN (RUE)",,,Crépuscule ou aube,En agglomération,Hors intersection,Normale,Sans collision,,,,,,,,,,,2,2,1,1,7.0
201600039494,0016-11-28 17:10:00,16,11,28,17,10,920,75,"74, JEAN BLEUZEN (RUE)",,,Nuit avec éclairage allumé,En agglomération,Hors intersection,Normale,Deux véhicules - arrière,,,,,,,,,,,5,2,1,1,2.0
201600039495,0016-11-29 16:36:00,16,11,29,16,36,920,46,"118, Paul vaillant coutu",,,Plein jour,Hors agglomération,Intersection en T,Normale,Deux véhicules - côté,,,,,,,,,,,1,1,3,1,3.0
201600039496,0016-11-30 08:55:00,16,11,30,8,55,920,46,"80, PIERRE BROSSOLETTE",,,Plein jour,En agglomération,Hors intersection,Normale,Deux véhicules - côté,,,,,,,,,,,1,2,1,1,3.0
201600039497,0016-12-01 13:42:00,16,12,1,13,42,920,46,"109, GABRIEL PERI",,,Plein jour,En agglomération,Intersection en X,Normale,Deux véhicules - côté,,,,,,,,,,,1,2,2,1,3.0
201600039498,0016-12-03 18:10:00,16,12,3,18,10,920,75,"1, MARCEL MARTINIE (AVEN",,,Nuit avec éclairage allumé,En agglomération,Intersection en X,Normale,Deux véhicules - côté,,,,,,,,,,,5,2,2,1,3.0