accident_id,datetime,annee,mois,jour,heure,minute,departement,commune_insee,adresse,latitude,longitude,luminosite,agglomeration,intersection,meteo,collision,nb_vehicules,nb_usagers,nb_indemnes,nb_tues,nb_blesses_hosp,nb_blesses_legers,age_cond_1,age_cond_2,veh_type_cond_1,veh_type_cond_2,lum_code,agg_code,int_code,atm_code,col_code
201600039499,0016-12-04 10:40:00,16,12,4,10,40,920,75,"1, CARREFOUR DE L'INSURR",,,Plein jour,En agglomération,Giratoire,Normale,Deux véhicules - côté,,,,,,,,,,,1,2,6,1,3.0
201600039500,0016-12-06 09:45:00,16,12,6,9,45,920,46,"27, DE STALINGRAD",,,Plein jour,En agglomération,Hors intersection,Normale,Sans collision,,,,,,,,,,,1,2,1,1,7.0
201600039501,0016-12-09 20:20:00,16,12,9,20,20,920,46,"1, GABRIEL PERI",,,Nuit avec éclairage allumé,En agglomération,Intersection en X,Normale,Deux véhicules - côté,,,,,,,,,,,5,2,2,1,3.0
201600039502,0016-12-12 10:10:00,16,12,12,10,10,920,46,"31, FRERES VIGOUROUX (RU",,,Plein jour,En agglomération,Hors intersection,Normale,Sans collision,,,,,,,,,,,1,2,1,1,7.0
201600039503,0016-12-15 18:40:00,16,12,15,18,40,920,46,"1, youri GAGARINE (rond",,,Nuit avec éclairage allumé,En agglomération,Giratoire,Normale,Sans collision,,,,,,,,,,,5,2,6,1,7.0
201600039504,0016-12-19 16:50:00,16,12,19,16,50,920,46,88 AV PIERRE BROSSOLETTE,,,Plein jour,En agglomération,Hors intersection,Normale,Autre collision,,,,,,,,,,,1,2,1,1,6.0
201600039505,0016-12-27 14:10:00,16,12,27,14,10,920,46,"15, HOCHE",,,Plein jour,En agglomération,Hors intersection,Normale,Sans collision,,,,,,,,,,,1,2,1,1,7.0
201600039506,0016-01-02 11:15:00,16,1,2,11,15,920,78,"9, GALLIENI (BD) (1 A 79",,,Plein jour,En agglomération,Hors intersection,Normale,Sans collision,,,,,,,,,,,1,2,1,1,7.0
201600039507,0016-01-04 09:05:00,16,1,4,9,5,920,78,MOULIN CAGE (QUAI),,,Plein jour,En agglomération,Intersection en T,Normale,Trois véhicules et plus - en chaîne,,,,,,,,,,,1,2,3,1,4.0
201600039508,0016-01-04 16:40:00,16,1,4,16,40,920,78,"01, DUPONT DU CHAMBON (R",,,Plein jour,En agglomération,Intersection en X,Normale,Sans collision,,,,,,,,,,,1,2,2,1,7.0
201600039509,0016-01-05 11:00:00,16,1,5,11,0,920,78,MOULIN CAGE (QUAI),,,Plein jour,En agglomération,Hors intersection,Normale,Trois véhicules et plus - en chaîne,,,,,,,,,,,1,2,1,1,4.0
201600039510,0016-02-02 20:00:00,16,2,2,20,0,920,78,"15, JEAN JAURES (RUE) (N",,,Nuit avec éclairage allumé,En agglomération,Hors intersection,Normale,Deux véhicules - côté,,,,,,,,,,,5,2,1,1,3.0
201600039511,0016-02-08 05:25:00,16,2,8,5,25,920,78,"2, PHILIPPE LEBON (AVENU",,,Nuit avec éclairage allumé,En agglomération,Hors intersection,Brouillard / fumée,Deux véhicules - frontale,,,,,,,,,,,5,2,1,5,1.0
201600039512,0016-02-17 12:11:00,16,2,17,12,11,920,78,"7, MARCELLIN BERTHELOT (",,,Plein jour,En agglomération,Hors intersection,Normale,Deux véhicules - côté,,,,,,,,,,,1,2,1,1,3.0
201600039513,0016-02-18 15:40:00,16,2,18,15,40,920,78,VERDUN (AVENUE) (IMPAIRS,,,Plein jour,En agglomération,Intersection en T,Pluie légère,Deux véhicules - frontale,,,,,,,,,,,1,2,3,2,1.0
201600039514,0016-02-19 17:15:00,16,2,19,17,15,920,78,"1, VERDUN (AVENUE) (IMPA",,,Plein jour,En agglomération,Intersection en X,Normale,Deux véhicules - côté,,,,,,,,,,,1,2,2,1,3.0
201600039515,0016-02-23 16:30:00,16,2,23,16,30,920,78,"0, MOULIN CAGE (QUAI)",,,Plein jour,En agglomération,Intersection en T,Normale,Deux véhicules - côté,,,,,,,,,,,1,2,3,1,3.0
201600039516,0016-03-17 18:00:00,16,3,17,18,0,920,78,"1, LONGUE BERTRANE (RUE)",,,Plein jour,En agglomération,Hors intersection,Normale,Deux véhicules - côté,,,,,,,,,,,1,2,1,1,3.0
201600039517,0016-03-22 17:15:00,16,3,22,17,15,920,78,"26, ASNIERES (QUAI)",,,Plein jour,En agglomération,Hors intersection,Normale,Deux véhicules - arrière,,,,,,,,,,,1,2,1,1,2.0
201600039518,0016-03-22 17:35:00,16,3,22,17,35,920,78,"34, VERDUN (AVENUE) (PAI",,,Plein jour,En agglomération,Hors intersection,Normale,Sans collision,,,,,,,,,,,1,2,1,1,7.0
201600039519,0016-03-29 16:40:00,16,3,29,16,40,920,78,"0, BONGARDE (RUE)",,,Plein jour,En agglomération,Hors intersection,Normale,Deux véhicules - arrière,,,,,,,,,,,1,2,1,1,2.0
201600039520,0016-05-30 13:00:00,16,5,30,13,0,920,78,VERDUN (AVENUE) (IMPAIRS,,,Plein jour,En agglomération,Intersection en T,Pluie légère,Deux véhicules - côté,,,,,,,,,,,1,2,3,2,3.0
201600039521,0016-06-07 13:40:00,16,6,7,13,40,920,78,BRANDIN (RUE),,,Plein jour,En agglomération,Hors intersection,Normale,Sans collision,,,,,,,,,,,1,2,1,1,7.0
201600039522,0016-06-27 12:00:00,16,6,27,12,0,920,78,"1, PHILIPPE LEBON (AVENU",,,Plein jour,En agglomération,Hors intersection,Normale,Sans collision,,,,,,,,,,,1,2,1,1,7.0
201600039523,0016-07-17 09:10:00,16,7,17,9,10,920,78,"1, HENRI BARBUSSE (RUE)",,,Plein jour,En agglomération,Hors intersection,Normale,Deux véhicules - arrière,,,,,,,,,,,1,2,1,1,2.0
201600039524,0016-08-18 16:20:00,16,8,18,16,20,920,78,"0, MOULIN CAGE (QUAI)",,,Plein jour,En agglomération,Hors intersection,Normale,Sans collision,,,,,,,,,,,1,2,1,1,7.0
201600039525,0016-09-05 12:00:00,16,9,5,12,0,920,78,"1, GALLIENI (BD) (1 A 79",,,Plein jour,En agglomération,Intersection en X,Pluie légère,Deux véhicules - côté,,,,,,,,,,,1,2,2,2,3.0
201600039526,0016-09-15 13:38:00,16,9,15,13,38,920,78,"102, VERDUN (AVENUE) (PA",,,Plein jour,En agglomération,Hors intersection,Normale,Deux véhicules - arrière,,,,,,,,,,,1,2,1,1,2.0
201600039527,0016-09-30 19:40:00,16,9,30,19,40,920,78,"102, VERDUN (AVENUE) (PA",,,Nuit avec éclairage allumé,En agglomération,Hors intersection,Pluie légère,Sans collision,,,,,,,,,,,5,2,1,2,7.0
201600039528,0016-10-21 13:55:00,16,10,21,13,55,920,78,"0, NOBEL (AVENUE)",,,Plein jour,En agglomération,Hors intersection,Normale,Deux véhicules - arrière,,,,,,,,,,,1,2,1,1,2.0
201600039529,0016-10-30 00:15:00,16,10,30,0,15,920,78,"255, CHARLES DE GAULLE (",,,Nuit avec éclairage allumé,En agglomération,Hors intersection,Normale,Deux véhicules - arrière,,,,,,,,,,,5,2,1,1,2.0
201600039530,0016-12-24 16:00:00,16,12,24,16,0,920,78,"0, VIEUX CHEMIN DE ST DE",,,Plein jour,En agglomération,Intersection en T,Normale,Deux véhicules - côté,,,,,,,,,,,1,2,3,1,3.0
201600039531,0016-01-01 18:35:00,16,1,1,18,35,920,26,BOULEVARD CIRCULAIRE,,,Nuit avec éclairage allumé,En agglomération,Intersection en T,Normale,Deux véhicules - côté,,,,,,,,,,,5,2,3,1,3.0
201600039532,0016-01-05 12:50:00,16,1,5,12,50,920,26,BOULEVARD CIRCULAIRE,,,Plein jour,En agglomération,Intersection en T,Normale,Deux véhicules - côté,,,,,,,,,,,1,2,3,1,3.0
201600039533,0016-01-11 09:50:00,16,1,11,9,50,920,26,DIVISION LECLERC (AVENUE,,,Plein jour,En agglomération,Hors intersection,Pluie légère,Deux véhicules - arrière,,,,,,,,,,,1,2,1,2,2.0
201600039534,0016-02-02 09:15:00,16,2,2,9,15,920,26,DEFENSE (ROND POINT DE L,,,Plein jour,En agglomération,Giratoire,Normale,Autre collision,,,,,,,,,,,1,2,6,1,6.0
201600039535,0016-03-01 01:40:00,16,3,1,1,40,920,26,BOULEVARD CIRCULAIRE,,,Nuit avec éclairage allumé,En agglomération,Intersection en T,Normale,Deux véhicules - côté,,,,,,,,,,,5,2,3,1,3.0
201600039536,0016-04-15 02:20:00,16,4,15,2,20,920,26,MEDIANE,,,Nuit sans éclairage public,En agglomération,Hors intersection,Normale,Sans collision,,,,,,,,,,,3,2,1,1,7.0
201600039537,0016-04-29 00:30:00,16,4,29,0,30,920,26,BOULEVARD CIRCULAIRE,,,Nuit avec éclairage allumé,En agglomération,Hors intersection,Normale,Sans collision,,,,,,,,,,,5,2,1,1,7.0
201600039538,0016-05-03 19:15:00,16,5,3,19,15,920,62,", BOULEVARD CIRCULAIRE",,,Plein jour,En agglomération,Hors intersection,Normale,Deux véhicules - côté,,,,,,,,,,,1,2,1,1,3.0
201600039539,0016-05-05 17:00:00,16,5,5,17,0,920,62,"1, GENERAL DE GAULLE (AV",,,Plein jour,En agglomération,Intersection en T,Normale,Deux véhicules - arrière,,,,,,,,,,,1,2,3,1,2.0
201600039540,0016-05-14 12:00:00,16,5,14,12,0,920,62,BOULEVARD PIERRE GAUDIN,,,Plein jour,En agglomération,Hors intersection,Normale,Sans collision,,,,,,,,,,,1,2,1,1,7.0
201600039541,0016-06-29 19:05:00,16,6,29,19,5,920,26,"61, ALBERT GLEIZES (AVEN",,,Plein jour,En agglomération,Hors intersection,Normale,Autre collision,,,,,,,,,,,1,2,1,1,6.0
201600039542,0016-07-03 21:45:00,16,7,3,21,45,920,62,BOULEVARD CIRCULAIRE,,,Nuit avec éclairage allumé,En agglomération,Hors intersection,Pluie légère,Sans collision,,,,,,,,,,,5,2,1,2,7.0
201600039543,0016-07-07 23:15:00,16,7,7,23,15,920,26,BOULEVARD CIRCULAIRE,,,Nuit avec éclairage allumé,En agglomération,Hors intersection,Normale,Trois véhicules et plus - en chaîne,,,,,,,,,,,5,2,1,1,4.0
201600039544,0016-08-19 17:15:00,16,8,19,17,15,920,26,"80/83, DES BATISSEURS (V",,,Plein jour,En agglomération,Hors intersection,Pluie légère,Deux véhicules - côté,,,,,,,,,,,1,2,1,2,3.0
201600039545,0016-08-29 11:11:00,16,8,29,11,11,920,26,BOULEVARD CIRCULAIRE,,,Plein jour,En agglomération,Intersection en T,Normale,Trois véhicules et plus - collisions multiples,,,,,,,,,,,1,2,3,1,5.0
201600039546,0016-08-31 10:15:00,16,8,31,10,15,920,26,BOULEVARD CIRCULAIRE,,,Plein jour,En agglomération,Hors intersection,Normale,Sans collision,,,,,,,,,,,1,2,1,1,7.0
201600039547,0016-09-14 18:00:00,16,9,14,18,0,920,26,"10, DIVISION LECLERC (AV",,,Plein jour,En agglomération,Hors intersection,Normale,Deux véhicules - côté,,,,,,,,,,,1,2,1,1,3.0
201600039548,0016-09-27 18:10:00,16,9,27,18,10,920,62,"55, Avenue du Président",,,Plein jour,En agglomération,Hors intersection,Normale,Deux véhicules - côté,,,,,,,,,,,1,2,1,1,3.0
201600039549,0016-10-09 06:50:00,16,10,9,6,50,920,26,"1, BOULEVARD DE NEUILLY",,,Nuit sans éclairage public,En agglomération,Hors intersection,Normale,Sans collision,,,,,,,,,,,3,2,1,1,7.0
201600039550,0016-10-19 20:15:00,16,10,19,20,15,920,26,"20, ANDRE PROTHIN (AVENU",,,Nuit avec éclairage allumé,En agglomération,Hors intersection,Normale,Deux véhicules - arrière,,,,,,,,,,,5,2,1,1,2.0
201600039551,0016-10-27 18:30:00,16,10,27,18,30,920,26,"61, AVE GAMBETTA",,,Crépuscule ou aube,En agglomération,Autre intersection,Normale,Deux véhicules - arrière,,,,,,,,,,,2,2,9,1,2.0
201600039552,0016-11-08 17:45:00,16,11,8,17,45,920,26,"1, COEUR DEFENSE",,,Nuit avec éclairage allumé,Hors agglomération,Hors intersection,Normale,Deux véhicules - côté,,,,,,,,,,,5,1,1,1,3.0
201600039553,0016-11-16 20:04:00,16,11,16,20,4,920,26,BOULEVARD CIRCULAIRE,,,Nuit avec éclairage allumé,En agglomération,Hors intersection,Normale,Deux véhicules - côté,,,,,,,,,,,5,2,1,1,3.0
201600039554,0016-11-19 22:10:00,16,11,19,22,10,920,26,BOULEVARD CIRCULAIRE,,,Nuit avec éclairage allumé,En agglomération,Intersection en X,Normale,Deux véhicules - côté,,,,,,,,,,,5,2,2,1,3.0
201600039555,0016-11-25 13:30:00,16,11,25,13,30,920,26,"01, DEFENSE (ROND POINT",,,Plein jour,En agglomération,Hors intersection,Normale,Deux véhicules - arrière,,,,,,,,,,,1,2,1,1,2.0
201600039556,0016-12-27 21:30:00,16,12,27,21,30,920,26,"02, DEFENSE (PLACE DE LA",,,Nuit avec éclairage allumé,En agglomération,Hors intersection,Normale,Autre collision,,,,,,,,,,,5,2,1,1,6.0
201600039557,0016-01-03 11:25:00,16,1,3,11,25,930,1,VICTOR HUGO (AVE)  131 A,,,Plein jour,En agglomération,Intersection en X,Pluie légère,Deux véhicules - côté,,,,,,,,,,,1,2,2,2,3.0
201600039558,0016-01-07 08:55:00,16,1,7,8,55,930,1,"21-23, LUCIEN LEFRANC (Q",,,Plein jour,En agglomération,Hors intersection,Pluie forte,Deux véhicules - côté,,,,,,,,,,,1,2,1,3,3.0
201600039559,0016-01-08 09:30:00,16,1,8,9,30,930,1,"51, ANATOLE FRANCE  (BLD",,,Plein jour,En agglomération,Hors intersection,Normale,Autre collision,,,,,,,,,,,1,2,1,1,6.0
201600039560,0016-01-11 16:30:00,16,1,11,16,30,930,1,"17, JEAN JAURES (AVE)  =",,,Plein jour,En agglomération,Hors intersection,Normale,Deux véhicules - arrière,,,,,,,,,,,1,2,1,1,2.0
201600039561,0016-01-12 20:45:00,16,1,12,20,45,930,1,"IGNORE, LEOPOLD RECHOSSI",,,Nuit avec éclairage non allumé,En agglomération,Hors intersection,Temps couvert,Autre collision,,,,,,,,,,,4,2,1,8,6.0
201600039562,0016-01-14 12:00:00,16,1,14,12,0,930,1,"100, VICTOR HUGO (AVE)",,,Plein jour,En agglomération,Hors intersection,Normale,Autre collision,,,,,,,,,,,1,2,1,1,6.0
201600039563,0016-01-14 13:25:00,16,1,14,13,25,930,1,"36, LANDY (RUE DU) 34/29",,,Plein jour,En agglomération,Hors intersection,Normale,Deux véhicules - côté,,,,,,,,,,,1,2,1,1,3.0
201600039564,0016-01-14 15:30:00,16,1,14,15,30,930,1,"1, REPUBLIQUE (AVE DE LA",,,Plein jour,En agglomération,Hors intersection,Normale,Autre collision,,,,,,,,,,,1,2,1,1,6.0
201600039565,0016-01-18 17:00:00,16,1,18,17,0,930,1,"40, VICTOR HUGO (AVE)  =",,,Plein jour,En agglomération,Hors intersection,Normale,Deux véhicules - côté,,,,,,,,,,,1,2,1,1,3.0
201600039566,0016-01-19 12:15:00,16,1,19,12,15,930,1,"143, ANDRE KARMAN (RUE)",,,Plein jour,En agglomération,Hors intersection,Normale,Autre collision,,,,,,,,,,,1,2,1,1,6.0
201600039567,0016-01-22 19:50:00,16,1,22,19,50,930,1,"136, REPUBLIQUE (AVE DE",,,Nuit avec éclairage allumé,En agglomération,Hors intersection,Normale,Autre collision,,,,,,,,,,,5,2,1,1,6.0
201600039568,0016-01-25 10:10:00,16,1,25,10,10,930,1,"37, SAINT-DENIS (RUE DE)",,,Plein jour,En agglomération,Hors intersection,Normale,Deux véhicules - côté,,,,,,,,,,,1,2,1,1,3.0
201600039569,0016-01-26 11:25:00,16,1,26,11,25,930,1,"31, PRESIDENT ROOSEVELT",,,Plein jour,En agglomération,Hors intersection,Normale,Deux véhicules - arrière,,,,,,,,,,,1,2,1,1,2.0
201600039570,0016-01-27 12:40:00,16,1,27,12,40,930,1,"5, PONT-BLANC (PETIT CHE",,,Plein jour,En agglomération,Hors intersection,Normale,Autre collision,,,,,,,,,,,1,2,1,1,6.0
201600039571,0016-01-27 12:25:00,16,1,27,12,25,930,1,"70, LANDY (RUE DU) 34/29",,,Plein jour,En agglomération,Hors intersection,Normale,Deux véhicules - côté,,,,,,,,,,,1,2,1,1,3.0
201600039572,0016-01-28 08:10:00,16,1,28,8,10,930,1,ADRIEN AGNES (QUAI),,,Plein jour,En agglomération,Hors intersection,Normale,Deux véhicules - côté,,,,,,,,,,,1,2,1,1,3.0
201600039573,0016-01-30 18:00:00,16,1,30,18,0,930,1,"200, FELIX FAURE (BLD) =",,,Nuit avec éclairage allumé,En agglomération,Hors intersection,Pluie légère,Deux véhicules - côté,,,,,,,,,,,5,2,1,2,3.0
201600039574,0016-02-01 07:25:00,16,2,1,7,25,930,1,"65, FELIX FAURE (BLD) 12",,,Crépuscule ou aube,En agglomération,Hors intersection,Temps couvert,Autre collision,,,,,,,,,,,2,2,1,8,6.0
201600039575,0016-02-01 20:30:00,16,2,1,20,30,930,1,"71, LANDY (RUE DU) 34/29",,,Nuit avec éclairage allumé,En agglomération,Hors intersection,Normale,Autre collision,,,,,,,,,,,5,2,1,1,6.0
201600039576,0016-02-06 11:40:00,16,2,6,11,40,930,1,"185, VICTOR HUGO (AVE)",,,Plein jour,En agglomération,Hors intersection,Normale,Autre collision,,,,,,,,,,,1,2,1,1,6.0
201600039577,0016-02-08 08:50:00,16,2,8,8,50,930,1,"128, REPUBLIQUE (AVE DE",,,Plein jour,En agglomération,Hors intersection,Normale,Autre collision,,,,,,,,,,,1,2,1,1,6.0
201600039578,0016-02-12 17:30:00,16,2,12,17,30,930,1,"173, CITES (RUE DES)  12",,,Crépuscule ou aube,En agglomération,Hors intersection,Pluie légère,Autre collision,,,,,,,,,,,2,2,1,2,6.0
201600039579,0016-02-15 07:00:00,16,2,15,7,0,930,1,MAIRIE (PLACE DE LA),,,Nuit avec éclairage allumé,En agglomération,Hors intersection,Normale,Deux véhicules - côté,,,,,,,,,,,5,2,1,1,3.0
201600039580,0016-02-17 09:25:00,16,2,17,9,25,930,1,SADI CARNOT (RUE)  (REST,,,Plein jour,En agglomération,Intersection en X,Normale,Deux véhicules - côté,,,,,,,,,,,1,2,2,1,3.0
201600039581,0016-02-19 01:05:00,16,2,19,1,5,930,1,ANDRE KARMAN (RUE)  138/,,,Nuit avec éclairage allumé,En agglomération,Hors intersection,Normale,Autre collision,,,,,,,,,,,5,2,1,1,6.0
201600039582,0016-03-06 04:50:00,16,3,6,4,50,930,1,JEAN JAURES  (AVE)  157,,,Nuit avec éclairage allumé,En agglomération,Intersection en T,Normale,Deux véhicules - arrière,,,,,,,,,,,5,2,3,1,2.0
201600039583,0016-03-07 09:05:00,16,3,7,9,5,930,1,"84, FELIX FAURE (BLD)  =",,,Plein jour,En agglomération,Hors intersection,Normale,Deux véhicules - côté,,,,,,,,,,,1,2,1,1,3.0
201600039584,0016-03-09 05:50:00,16,3,9,5,50,930,1,"60, SCHAEFFER (RUE)",,,Nuit avec éclairage allumé,En agglomération,Hors intersection,Normale,Deux véhicules - frontale,,,,,,,,,,,5,2,1,1,1.0
201600039585,0016-03-11 09:45:00,16,3,11,9,45,930,1,EDOUARD VAILLANT (BLD),,,Plein jour,En agglomération,Hors intersection,Normale,Autre collision,,,,,,,,,,,1,2,1,1,6.0
201600039586,0016-03-16 18:00:00,16,3,16,18,0,930,1,"179, VICTOR HUGO (AVE)",,,Plein jour,En agglomération,Hors intersection,Normale,Autre collision,,,,,,,,,,,1,2,1,1,6.0
201600039587,0016-03-18 14:40:00,16,3,18,14,40,930,1,"45, VICTOR HUGO (AVE)  =",,,Plein jour,En agglomération,Intersection en X,Normale,Deux véhicules - côté,,,,,,,,,,,1,2,2,1,3.0
201600039588,0016-03-22 08:50:00,16,3,22,8,50,930,1,"3 bis, LOUIS FOURRIER (R",,,Plein jour,En agglomération,Hors intersection,Normale,Autre collision,,,,,,,,,,,1,2,1,1,6.0
201600039589,0016-03-27 18:00:00,16,3,27,18,0,930,1,"90, VICTOR HUGO (AVE)  =",,,Plein jour,En agglomération,Hors intersection,Normale,Deux véhicules - côté,,,,,,,,,,,1,2,1,1,3.0
201600039590,0016-04-03 20:05:00,16,4,3,20,5,930,1,"4, EDOUARD VAILLANT (BLD",,,Plein jour,En agglomération,Hors intersection,Normale,Trois véhicules et plus - en chaîne,,,,,,,,,,,1,2,1,1,4.0
201600039591,0016-04-07 09:20:00,16,4,7,9,20,930,1,"211, JEAN JAURES (AVE)",,,Plein jour,En agglomération,Hors intersection,Normale,Deux véhicules - arrière,,,,,,,,,,,1,2,1,1,2.0
201600039592,0016-04-07 15:20:00,16,4,7,15,20,930,1,"14, ADRIEN AGNES (QUAI)",,,Plein jour,En agglomération,Hors intersection,Pluie légère,Autre collision,,,,,,,,,,,1,2,1,2,6.0
201600039593,0016-04-13 09:12:00,16,4,13,9,12,930,1,"01, REPUBLIQUE (AVE DE L",,,Plein jour,En agglomération,Hors intersection,Normale,Autre collision,,,,,,,,,,,1,2,1,1,6.0
201600039594,0016-04-13 14:29:00,16,4,13,14,29,930,1,"143, ANDRE KARMAN (RUE)",,,Plein jour,En agglomération,Hors intersection,Normale,Autre collision,,,,,,,,,,,1,2,1,1,6.0
201600039595,0016-04-19 11:20:00,16,4,19,11,20,930,1,"6, MOTTE (RUE DE LA)",,,Plein jour,En agglomération,Hors intersection,Normale,Autre collision,,,,,,,,,,,1,2,1,1,6.0
201600039596,0016-04-23 20:05:00,16,4,23,20,5,930,1,"71, SAINT DENIS (RUE DE)",,,Plein jour,En agglomération,Hors intersection,Normale,Autre collision,,,,,,,,,,,1,2,1,1,6.0
201600039597,0016-04-27 14:35:00,16,4,27,14,35,930,1,"05, BERGERIES (RUE DES)",,,Plein jour,En agglomération,Hors intersection,Normale,Autre collision,,,,,,,,,,,1,2,1,1,6.0
201600039598,0016-05-02 11:55:00,16,5,2,11,55,930,1,"5, COMMANDANT L'HERMINIE",,,Plein jour,En agglomération,Hors intersection,Normale,Autre collision,,,,,,,,,,,1,2,1,1,6.0
201600039599,0016-05-03 09:00:00,16,5,3,9,0,930,1,"124, VICTOR HUGO (AVE)",,,Plein jour,En agglomération,Intersection en T,Normale,Deux véhicules - côté,,,,,,,,,,,1,2,3,1,3.0
201600039600,0016-05-04 20:00:00,16,5,4,20,0,930,1,"30, LOPEZ ET JULES MARTI",,,Plein jour,En agglomération,Hors intersection,Normale,Autre collision,,,,,,,,,,,1,2,1,1,6.0
201600039601,0016-05-06 17:00:00,16,5,6,17,0,930,1,"140, REPUBLIQUE (AVE DE",,,Plein jour,En agglomération,Hors intersection,Normale,Autre collision,,,,,,,,,,,1,2,1,1,6.0
201600039602,0016-05-08 19:20:00,16,5,8,19,20,930,1,LANDY (PONT DU),,,Plein jour,En agglomération,Hors intersection,Normale,Sans collision,,,,,,,,,,,1,2,1,1,7.0
201600039603,0016-05-09 10:15:00,16,5,9,10,15,930,1,FELIX FAURE (BLD) =>174/,,,Plein jour,En agglomération,Intersection en X,Normale,Deux véhicules - côté,,,,,,,,,,,1,2,2,1,3.0
201600039604,0016-05-13 14:44:00,16,5,13,14,44,930,1,"IGNORE, VICTOR HUGO (AVE",,,Plein jour,En agglomération,Intersection en X,Normale,Autre collision,,,,,,,,,,,1,2,2,1,6.0
201600039605,0016-05-17 06:50:00,16,5,17,6,50,930,1,MOUTIER (RUE DU)  17/38,,,Plein jour,En agglomération,Intersection en X,Normale,Deux véhicules - frontale,,,,,,,,,,,1,2,2,1,1.0
201600039606,0016-05-19 14:45:00,16,5,19,14,45,930,1,"8, QUATRE CHEMINS (RUE D",,,Plein jour,En agglomération,Hors intersection,Normale,Autre collision,,,,,,,,,,,1,2,1,1,6.0
201600039607,0016-05-23 07:30:00,16,5,23,7,30,930,1,", VICTOR HUGO (AVE)  =>",,,Plein jour,En agglomération,Hors intersection,Pluie forte,Deux véhicules - côté,,,,,,,,,,,1,2,1,3,3.0
201600039608,0016-05-23 11:45:00,16,5,23,11,45,930,1,"01, SAINT-DENIS (RUE DE)",,,Plein jour,En agglomération,Hors intersection,Pluie forte,Autre collision,,,,,,,,,,,1,2,1,3,6.0
201600039609,0016-05-24 23:00:00,16,5,24,23,0,930,1,"46, POSTES (RUE DES)",,,Nuit avec éclairage allumé,En agglomération,Hors intersection,Normale,Deux véhicules - frontale,,,,,,,,,,,5,2,1,1,1.0
201600039610,0016-05-25 07:50:00,16,5,25,7,50,930,1,REPUBLIQUE (AVE DE LA ),,,Plein jour,En agglomération,Hors intersection,Normale,Autre collision,,,,,,,,,,,1,2,1,1,6.0
201600039611,0016-05-27 08:20:00,16,5,27,8,20,930,1,"41, REPUBLIQUE (AVE DE L",,,Crépuscule ou aube,En agglomération,Hors intersection,Normale,Autre collision,,,,,,,,,,,2,2,1,1,6.0
201600039612,0016-05-27 22:05:00,16,5,27,22,5,930,1,"5, PRESIDENT ROOSEVELT (",,,Nuit avec éclairage allumé,En agglomération,Hors intersection,Normale,Deux véhicules - frontale,,,,,,,,,,,5,2,1,1,1.0
201600039613,0016-06-04 15:17:00,16,6,4,15,17,930,1,"2, EDOUARD POISSON  (RUE",,,Plein jour,En agglomération,Hors intersection,Normale,Autre collision,,,,,,,,,,,1,2,1,1,6.0
201600039614,0016-06-08 13:10:00,16,6,8,13,10,930,1,"118, VICTOR HUGO (AVE)",,,Plein jour,En agglomération,Hors intersection,Normale,Autre collision,,,,,,,,,,,1,2,1,1,6.0
201600039615,0016-06-10 20:15:00,16,6,10,20,15,930,1,"209, JEAN JAURES  (AVE)",,,Plein jour,En agglomération,Hors intersection,Normale,Deux véhicules - côté,,,,,,,,,,,1,2,1,1,3.0
201600039616,0016-06-12 23:20:00,16,6,12,23,20,930,1,"47, MOUTIER (RUE DU)  =>",,,Nuit avec éclairage non allumé,En agglomération,Intersection en X,Pluie légère,Deux véhicules - côté,,,,,,,,,,,4,2,2,2,3.0
201600039617,0016-06-16 18:50:00,16,6,16,18,50,930,1,"43, EDOUARD POISSON  (RU",,,Plein jour,En agglomération,Hors intersection,Pluie légère,Autre collision,,,,,,,,,,,1,2,1,2,6.0
201600039618,0016-06-22 10:20:00,16,6,22,10,20,930,1,"9-11, ANATOLE FRANCE  (B",,,Plein jour,En agglomération,Hors intersection,Normale,Autre collision,,,,,,,,,,,1,2,1,1,6.0
201600039619,0016-06-22 16:01:00,16,6,22,16,1,930,1,"27, LUCIEN LEFRANC (QUAI",,,Plein jour,En agglomération,Intersection en Y,Normale,Deux véhicules - arrière,,,,,,,,,,,1,2,4,1,2.0
201600039620,0016-06-27 11:30:00,16,6,27,11,30,930,1,", REPUBLIQUE (AVE DE LA",,,Plein jour,En agglomération,Hors intersection,Normale,Autre collision,,,,,,,,,,,1,2,1,1,6.0
201600039621,0016-06-30 19:00:00,16,6,30,19,0,930,1,"8, GARDINOUX (RUE DES)",,,Plein jour,En agglomération,Hors intersection,Pluie légère,Autre collision,,,,,,,,,,,1,2,1,2,6.0
201600039622,0016-07-04 00:01:00,16,7,4,0,1,930,1,"164, DANIELLE CASANOVA (",,,Nuit avec éclairage allumé,En agglomération,Hors intersection,Pluie légère,Deux véhicules - arrière,,,,,,,,,,,5,2,1,2,2.0
201600039623,0016-07-06 16:40:00,16,7,6,16,40,930,1,"20, PRESIDENT ROOSEVELT",,,Plein jour,En agglomération,Hors intersection,Normale,Trois véhicules et plus - en chaîne,,,,,,,,,,,1,2,1,1,4.0
201600039624,0016-07-08 13:55:00,16,7,8,13,55,930,1,VICTOR HUGO (AVE)  => 12,,,Plein jour,Hors agglomération,Hors intersection,Normale,Deux véhicules - côté,,,,,,,,,,,1,1,1,1,3.0
201600039625,0016-07-10 16:20:00,16,7,10,16,20,930,1,"2, REPUBLIQUE (AVE DE LA",,,Plein jour,En agglomération,Hors intersection,Temps éblouissant,Deux véhicules - arrière,,,,,,,,,,,1,2,1,7,2.0
201600039626,0016-07-11 08:20:00,16,7,11,8,20,930,1,"93, DANIELLE CASANOVA (R",,,Plein jour,En agglomération,Hors intersection,Normale,Deux véhicules - frontale,,,,,,,,,,,1,2,1,1,1.0
201600039627,0016-07-11 19:20:00,16,7,11,19,20,930,1,"96, VICTOR HUGO (AVE)  =",,,Plein jour,En agglomération,Hors intersection,Normale,Trois véhicules et plus - collisions multiples,,,,,,,,,,,1,2,1,1,5.0