accident_id,datetime,annee,mois,jour,heure,minute,departement,commune_insee,adresse,latitude,longitude,luminosite,agglomeration,intersection,meteo,collision,nb_vehicules,nb_usagers,nb_indemnes,nb_tues,nb_blesses_hosp,nb_blesses_legers,age_cond_1,age_cond_2,veh_type_cond_1,veh_type_cond_2,lum_code,agg_code,int_code,atm_code,col_code
201600039757,0016-05-23 21:33:00,16,5,23,21,33,930,5,"30, MOULIN A VENT (RUE D",,,Nuit avec éclairage allumé,En agglomération,Hors intersection,Pluie légère,Autre collision,,,,,,,,,,,5,2,1,2,6.0
201600039758,0016-05-25 07:00:00,16,5,25,7,0,930,5,BALAGNY (RUE DE),,,Crépuscule ou aube,En agglomération,Hors intersection,Normale,Deux véhicules - frontale,,,,,,,,,,,2,2,1,1,1.0
201600039759,0016-05-27 21:45:00,16,5,27,21,45,930,5,MITRY [CD115] (ROUTE DE),,,Nuit avec éclairage allumé,En agglomération,Hors intersection,Normale,Deux véhicules - côté,,,,,,,,,,,5,2,1,1,3.0
201600039760,0016-05-28 12:15:00,16,5,28,12,15,930,5,"NEANT, PARINOR",,,Plein jour,Hors agglomération,Intersection en Y,Normale,Autre collision,,,,,,,,,,,1,1,4,1,6.0
201600039761,0016-05-30 19:00:00,16,5,30,19,0,930,5,MITRY [CD115] (RUE DE),,,Plein jour,En agglomération,Hors intersection,Pluie légère,Trois véhicules et plus - collisions multiples,,,,,,,,,,,1,2,1,2,5.0
201600039762,0016-06-08 09:50:00,16,6,8,9,50,930,5,EUROPE (CARREFOUR DE L'),,,Plein jour,En agglomération,Giratoire,Normale,Deux véhicules - côté,,,,,,,,,,,1,2,6,1,3.0
201600039763,0016-06-03 16:45:00,16,6,3,16,45,930,5,ROBERT SCHUMAN (CARREFOU,,,Plein jour,En agglomération,Giratoire,Normale,Deux véhicules - arrière,,,,,,,,,,,1,2,6,1,2.0
201600039764,0016-06-09 18:30:00,16,6,9,18,30,930,5,NONNEVILLE (AVENUE DE),,,Plein jour,En agglomération,Hors intersection,Normale,Deux véhicules - frontale,,,,,,,,,,,1,2,1,1,1.0
201600039765,0016-06-11 11:00:00,16,6,11,11,0,930,5,"117, JACQUES DUCLOS [CD4",,,Plein jour,En agglomération,Hors intersection,Normale,Autre collision,,,,,,,,,,,1,2,1,1,6.0
201600039766,0016-06-15 07:40:00,16,6,15,7,40,930,5,JACQUES DUCLOS [CD44] (R,,,Plein jour,En agglomération,Hors intersection,Pluie légère,Deux véhicules - frontale,,,,,,,,,,,1,2,1,2,1.0
201600039767,0016-06-16 20:50:00,16,6,16,20,50,930,5,MAXIME GORKI (RUE),,,Plein jour,En agglomération,Intersection en X,Normale,Deux véhicules - côté,,,,,,,,,,,1,2,2,1,3.0
201600039768,0016-06-17 07:50:00,16,6,17,7,50,930,5,POLLET (RUE),,,Plein jour,En agglomération,Hors intersection,Normale,Autre collision,,,,,,,,,,,1,2,1,1,6.0
201600039769,0016-06-22 18:30:00,16,6,22,18,30,930,5,ANDRE CITROEN (BOULEVARD,,,Plein jour,En agglomération,Hors intersection,Normale,Sans collision,,,,,,,,,,,1,2,1,1,7.0
201600039770,0016-06-25 14:00:00,16,6,25,14,0,930,5,"57, POLLET (RUE)",,,Plein jour,En agglomération,Hors intersection,Normale,Deux véhicules - côté,,,,,,,,,,,1,2,1,1,3.0
201600039771,0016-06-27 21:05:00,16,6,27,21,5,930,5,SUZANNE LENGLEN (AVENUE),,,Plein jour,En agglomération,Hors intersection,Normale,Deux véhicules - côté,,,,,,,,,,,1,2,1,1,3.0
201600039772,0016-07-01 00:27:00,16,7,1,0,27,930,5,"70, ARTHUR CHEVALIER (RU",,,Nuit avec éclairage allumé,En agglomération,Intersection en X,Normale,Deux véhicules - côté,,,,,,,,,,,5,2,2,1,3.0
201600039773,0016-07-03 08:45:00,16,7,3,8,45,930,5,"07, DOCTEUR CLAUDE BERNA",,,Plein jour,En agglomération,Hors intersection,Normale,Deux véhicules - côté,,,,,,,,,,,1,2,1,1,3.0
201600039774,0016-07-03 19:00:00,16,7,3,19,0,930,5,PREFET CHALEIL (CD44) (R,,,Plein jour,En agglomération,Intersection en T,Pluie légère,Deux véhicules - arrière,,,,,,,,,,,1,2,3,2,2.0
201600039775,0016-07-03 20:00:00,16,7,3,20,0,930,5,"55, DOCTEUR FLEMING (RUE",,,Plein jour,En agglomération,Hors intersection,Pluie légère,Autre collision,,,,,,,,,,,1,2,1,2,6.0
201600039776,0016-07-04 20:45:00,16,7,4,20,45,930,5,ROUMANIE (RUE DE),,,Plein jour,En agglomération,Intersection en X,Normale,Deux véhicules - côté,,,,,,,,,,,1,2,2,1,3.0
201600039777,0016-07-06 14:45:00,16,7,6,14,45,930,5,STRASBOURG (BOULEVARD DE,,,Plein jour,En agglomération,Intersection en X,Normale,Deux véhicules - côté,,,,,,,,,,,1,2,2,1,3.0
201600039778,0016-07-10 20:00:00,16,7,10,20,0,930,5,ANDRE CITROEN (BOULEVARD,,,Plein jour,En agglomération,Hors intersection,Normale,Trois véhicules et plus - en chaîne,,,,,,,,,,,1,2,1,1,4.0
201600039779,0016-07-15 11:00:00,16,7,15,11,0,930,5,GENERAL GALLIENI (BOULEV,,,Plein jour,En agglomération,Hors intersection,Normale,Deux véhicules - arrière,,,,,,,,,,,1,2,1,1,2.0
201600039780,0016-07-14 13:50:00,16,7,14,13,50,930,5,"42, HENRI BARBUSSE (RUE)",,,Plein jour,En agglomération,Intersection en X,Normale,Deux véhicules - côté,,,,,,,,,,,1,2,2,1,3.0
201600039781,0016-07-18 20:20:00,16,7,18,20,20,930,5,JEAN CHARCOT [CD115] (RU,,,Plein jour,En agglomération,Hors intersection,Normale,Autre collision,,,,,,,,,,,1,2,1,1,6.0
201600039782,0016-07-22 20:00:00,16,7,22,20,0,930,5,JACQUES DUCLOS [CD44] (R,,,Plein jour,En agglomération,Intersection en T,Normale,Deux véhicules - côté,,,,,,,,,,,1,2,3,1,3.0
201600039783,0016-07-25 11:40:00,16,7,25,11,40,930,5,DOCTEUR LAENNEC (ALLEE D,,,Plein jour,En agglomération,Hors intersection,Normale,Deux véhicules - côté,,,,,,,,,,,1,2,1,1,3.0
201600039784,0016-08-02 09:15:00,16,8,2,9,15,930,5,BRUXELLES (RUE DE),,,Plein jour,En agglomération,Hors intersection,Pluie forte,Deux véhicules - arrière,,,,,,,,,,,1,2,1,3,2.0
201600039785,0016-08-07 20:15:00,16,8,7,20,15,930,5,CHARLES FLOQUET (BOULEVA,,,Plein jour,En agglomération,Hors intersection,Normale,Deux véhicules - arrière,,,,,,,,,,,1,2,1,1,2.0
201600039786,0016-08-13 17:25:00,16,8,13,17,25,930,5,AUGUSTE RENOIR (RUE),,,Plein jour,En agglomération,Intersection en T,Normale,Deux véhicules - côté,,,,,,,,,,,1,2,3,1,3.0
201600039787,0016-08-15 23:30:00,16,8,15,23,30,930,5,PREFET CHALEIL (CD44) (R,,,Nuit avec éclairage allumé,En agglomération,Intersection en X,Normale,Deux véhicules - côté,,,,,,,,,,,5,2,2,1,3.0
201600039788,0016-08-30 15:55:00,16,8,30,15,55,930,5,MOULIN DE LA VILLE (CHEM,,,Plein jour,En agglomération,Intersection en T,Normale,Deux véhicules - frontale,,,,,,,,,,,1,2,3,1,1.0
201600039789,0016-08-30 20:15:00,16,8,30,20,15,930,5,"34, TOURVILLE (RUE DE)",,,Crépuscule ou aube,En agglomération,Hors intersection,Normale,Autre collision,,,,,,,,,,,2,2,1,1,6.0
201600039790,0016-08-31 19:30:00,16,8,31,19,30,930,5,SUZANNE LENGLEN (AVENUE),,,Plein jour,En agglomération,Intersection en T,Normale,Trois véhicules et plus - collisions multiples,,,,,,,,,,,1,2,3,1,5.0
201600039791,0016-09-05 14:50:00,16,9,5,14,50,930,5,DROITS DE LHOMME (CARREF,,,Plein jour,En agglomération,Giratoire,Pluie légère,Deux véhicules - côté,,,,,,,,,,,1,2,6,2,3.0
201600039792,0016-09-06 17:50:00,16,9,6,17,50,930,5,"24, SAVIGNY (AVENUE DE)",,,Plein jour,En agglomération,Hors intersection,Normale,Autre collision,,,,,,,,,,,1,2,1,1,6.0
201600039793,0016-09-06 17:30:00,16,9,6,17,30,930,5,"12, MARC CHAGALL (BOULEV",,,Plein jour,En agglomération,Hors intersection,Normale,Deux véhicules - arrière,,,,,,,,,,,1,2,1,1,2.0
201600039794,0016-09-09 17:00:00,16,9,9,17,0,930,5,JULES VALLES (RUE),,,Plein jour,En agglomération,Hors intersection,Normale,Deux véhicules - côté,,,,,,,,,,,1,2,1,1,3.0
201600039795,0016-09-10 19:30:00,16,9,10,19,30,930,5,PAUL CEZANNE (RUE),,,Plein jour,En agglomération,Hors intersection,Normale,Autre collision,,,,,,,,,,,1,2,1,1,6.0
201600039796,0016-09-12 11:35:00,16,9,12,11,35,930,5,ANDRE CITROEN (BOULEVARD,,,Plein jour,En agglomération,Hors intersection,Normale,Deux véhicules - côté,,,,,,,,,,,1,2,1,1,3.0
201600039797,0016-09-15 20:00:00,16,9,15,20,0,930,5,MAXIMILIEN ROBESPIERRE (,,,Nuit avec éclairage allumé,En agglomération,Hors intersection,Normale,Autre collision,,,,,,,,,,,5,2,1,1,6.0
201600039798,0016-09-16 18:00:00,16,9,16,18,0,930,5,LOUISE MICHEL (RUE),,,Plein jour,En agglomération,Hors intersection,Pluie forte,Deux véhicules - arrière,,,,,,,,,,,1,2,1,3,2.0
201600039799,0016-09-17 00:45:00,16,9,17,0,45,930,5,GEORGES BRAQUE (BOULEVAR,,,Nuit avec éclairage allumé,En agglomération,Giratoire,Pluie légère,Trois véhicules et plus - collisions multiples,,,,,,,,,,,5,2,6,2,5.0
201600039800,0016-09-23 13:04:00,16,9,23,13,4,930,5,MITRY [CD115] (RUE DE),,,Plein jour,En agglomération,Intersection en T,Normale,Deux véhicules - côté,,,,,,,,,,,1,2,3,1,3.0
201600039801,0016-09-23 19:20:00,16,9,23,19,20,930,5,AUGUSTE RENOIR (RUE),,,Plein jour,En agglomération,Intersection en T,Normale,Deux véhicules - côté,,,,,,,,,,,1,2,3,1,3.0
201600039802,0016-09-25 14:20:00,16,9,25,14,20,930,5,SALVADOR ALLENDE (COURS),,,Plein jour,En agglomération,Hors intersection,Pluie légère,Deux véhicules - arrière,,,,,,,,,,,1,2,1,2,2.0
201600039803,0016-09-26 15:50:00,16,9,26,15,50,930,5,"30, JACQUES DUCLOS [CD44",,,Plein jour,En agglomération,Hors intersection,Normale,Autre collision,,,,,,,,,,,1,2,1,1,6.0
201600039804,0016-09-27 14:40:00,16,9,27,14,40,930,5,GEORGES BRAQUE (BOULEVAR,,,Plein jour,En agglomération,Hors intersection,Normale,Autre collision,,,,,,,,,,,1,2,1,1,6.0
201600039805,0016-09-27 19:00:00,16,9,27,19,0,930,5,ANDRE CITROEN (BOULEVARD,,,Plein jour,En agglomération,Hors intersection,Normale,Deux véhicules - frontale,,,,,,,,,,,1,2,1,1,1.0
201600039806,0016-09-30 21:45:00,16,9,30,21,45,930,5,"71, STRASBOURG (BOULEVAR",,,Nuit avec éclairage allumé,En agglomération,Intersection en X,Pluie légère,Deux véhicules - côté,,,,,,,,,,,5,2,2,2,3.0
201600039807,0016-10-04 09:02:00,16,10,4,9,2,930,5,MARC CHAGALL (BOULEVARD),,,Plein jour,En agglomération,Hors intersection,Normale,Trois véhicules et plus - en chaîne,,,,,,,,,,,1,2,1,1,4.0
201600039808,0016-10-07 17:10:00,16,10,7,17,10,930,5,MARECHAL JUIN (AVENUE DU,,,Plein jour,En agglomération,Hors intersection,Normale,Autre collision,,,,,,,,,,,1,2,1,1,6.0
201600039809,0016-10-13 19:27:00,16,10,13,19,27,930,5,"39, PAUL CEZANNE (RUE)",,,Nuit avec éclairage allumé,En agglomération,Hors intersection,Pluie légère,Autre collision,,,,,,,,,,,5,2,1,2,6.0
201600039810,0016-10-14 20:00:00,16,10,14,20,0,930,5,LOUISE MICHEL (RUE),,,Nuit sans éclairage public,En agglomération,Hors intersection,Pluie forte,Autre collision,,,,,,,,,,,3,2,1,3,6.0
201600039811,0016-10-15 03:15:00,16,10,15,3,15,930,5,", JACQUES DUCLOS [CD44]",,,Nuit avec éclairage allumé,En agglomération,Intersection en X,Normale,Deux véhicules - côté,,,,,,,,,,,5,2,2,1,3.0
201600039812,0016-10-16 17:50:00,16,10,16,17,50,930,5,PAUL LANGEVIN (AVENUE),,,Plein jour,En agglomération,Intersection en X,Normale,Deux véhicules - frontale,,,,,,,,,,,1,2,2,1,1.0
201600039813,0016-10-22 19:10:00,16,10,22,19,10,930,5,HUIT MAI (RUE DU),,,Nuit avec éclairage allumé,En agglomération,Hors intersection,Normale,Autre collision,,,,,,,,,,,5,2,1,1,6.0
201600039814,0016-10-23 03:50:00,16,10,23,3,50,930,5,NONNEVILLE (AVENUE DE),,,Nuit avec éclairage allumé,En agglomération,Intersection en X,Temps couvert,Deux véhicules - côté,,,,,,,,,,,5,2,2,8,3.0
201600039815,0016-10-25 09:30:00,16,10,25,9,30,930,5,JEAN CHARCOT [CD115] (RU,,,Plein jour,En agglomération,Hors intersection,Pluie légère,Autre collision,,,,,,,,,,,1,2,1,2,6.0
201600039816,0016-10-25 19:00:00,16,10,25,19,0,930,5,EUGENE SCHUELLER (AVENUE,,,Nuit avec éclairage allumé,En agglomération,Hors intersection,Normale,Autre collision,,,,,,,,,,,5,2,1,1,6.0
201600039817,0016-10-26 10:30:00,16,10,26,10,30,930,5,PAUL CEZANNE (RUE),,,Plein jour,En agglomération,Intersection en X,Normale,Deux véhicules - côté,,,,,,,,,,,1,2,2,1,3.0
201600039818,0016-10-27 08:00:00,16,10,27,8,0,930,5,"74, STRASBOURG (BOULEVAR",,,Crépuscule ou aube,En agglomération,Intersection en X,Brouillard / fumée,Deux véhicules - côté,,,,,,,,,,,2,2,2,5,3.0
201600039819,0016-10-27 13:00:00,16,10,27,13,0,930,5,MAURICE DE BROGLIE (RUE),,,Plein jour,En agglomération,Intersection en T,Normale,Deux véhicules - côté,,,,,,,,,,,1,2,3,1,3.0
201600039820,0016-10-31 10:30:00,16,10,31,10,30,930,5,"22, JACQUES DUCLOS [CD44",,,Plein jour,En agglomération,Hors intersection,Normale,Autre collision,,,,,,,,,,,1,2,1,1,6.0
201600039821,0016-11-04 12:30:00,16,11,4,12,30,930,5,ANDRE CITROEN (BOULEVARD,,,Plein jour,En agglomération,Hors intersection,Pluie légère,Autre collision,,,,,,,,,,,1,2,1,2,6.0
201600039822,0016-11-05 17:50:00,16,11,5,17,50,930,5,RAOUL DUFY (AVENUE),,,Nuit avec éclairage allumé,En agglomération,Hors intersection,Pluie légère,Deux véhicules - arrière,,,,,,,,,,,5,2,1,2,2.0
201600039823,0016-11-15 19:40:00,16,11,15,19,40,930,5,JACQUES DUCLOS [CD44] (R,,,Nuit avec éclairage allumé,En agglomération,Hors intersection,Pluie légère,Trois véhicules et plus - en chaîne,,,,,,,,,,,5,2,1,2,4.0
201600039824,0016-11-25 02:35:00,16,11,25,2,35,930,5,PAUL CEZANNE (RUE),,,Nuit sans éclairage public,En agglomération,Hors intersection,Normale,Deux véhicules - arrière,,,,,,,,,,,3,2,1,1,2.0
201600039825,0016-11-29 08:20:00,16,11,29,8,20,930,5,JEAN CHARCOT [CD115] (RU,,,Plein jour,En agglomération,Intersection en T,Normale,Deux véhicules - côté,,,,,,,,,,,1,2,3,1,3.0
201600039826,0016-11-30 12:25:00,16,11,30,12,25,930,5,MOULIN DE LA VILLE (CHEM,,,Plein jour,En agglomération,Hors intersection,Normale,Autre collision,,,,,,,,,,,1,2,1,1,6.0
201600039827,0016-12-01 10:00:00,16,12,1,10,0,930,5,JULES PRINCET [CD115] (R,,,Plein jour,En agglomération,Hors intersection,Normale,Autre collision,,,,,,,,,,,1,2,1,1,6.0
201600039828,0016-12-02 17:40:00,16,12,2,17,40,930,5,"79, NONNEVILLE (AVENUE D",,,Nuit avec éclairage allumé,En agglomération,Hors intersection,Normale,Deux véhicules - frontale,,,,,,,,,,,5,2,1,1,1.0
201600039829,0016-12-06 14:00:00,16,12,6,14,0,930,5,"neant, MITRY [CD115] (RO",,,Plein jour,En agglomération,Hors intersection,Normale,Deux véhicules - côté,,,,,,,,,,,1,2,1,1,3.0
201600039830,0016-12-08 20:30:00,16,12,8,20,30,930,5,"1, BOUGAINVILLE (RUE DE)",,,Nuit avec éclairage allumé,En agglomération,Hors intersection,Normale,Autre collision,,,,,,,,,,,5,2,1,1,6.0
201600039831,0016-12-10 10:00:00,16,12,10,10,0,930,5,DEUX PONTS (RUE DES),,,Plein jour,En agglomération,Hors intersection,Normale,Autre collision,,,,,,,,,,,1,2,1,1,6.0
201600039832,0016-12-12 20:00:00,16,12,12,20,0,930,5,"neant, ANDRE CITROEN (BO",,,Nuit avec éclairage non allumé,En agglomération,Hors intersection,Pluie légère,Deux véhicules - côté,,,,,,,,,,,4,2,1,2,3.0
201600039833,0016-12-13 09:50:00,16,12,13,9,50,930,5,ROBERT BREMOND (RUE),,,Plein jour,En agglomération,Hors intersection,Pluie légère,Deux véhicules - côté,,,,,,,,,,,1,2,1,2,3.0
201600039834,0016-12-19 20:00:00,16,12,19,20,0,930,5,GEORGES BRAQUE (BOULEVAR,,,Nuit sans éclairage public,En agglomération,Hors intersection,Pluie légère,Trois véhicules et plus - en chaîne,,,,,,,,,,,3,2,1,2,4.0
201600039835,0016-12-21 23:55:00,16,12,21,23,55,930,5,"35, PAUL CEZANNE (RUE)",,,Nuit avec éclairage allumé,En agglomération,Hors intersection,Pluie légère,Sans collision,,,,,,,,,,,5,2,1,2,7.0
201600039836,0016-12-26 18:00:00,16,12,26,18,0,930,5,JULES VALLES (RUE),,,Nuit avec éclairage allumé,En agglomération,Intersection en Y,Normale,Deux véhicules - frontale,,,,,,,,,,,5,2,4,1,1.0
201600039837,0016-12-26 19:28:00,16,12,26,19,28,930,5,ROMAIN ROLLAND (AVENUE),,,Nuit avec éclairage allumé,En agglomération,Hors intersection,Normale,Deux véhicules - frontale,,,,,,,,,,,5,2,1,1,1.0
201600039838,0016-12-31 01:50:00,16,12,31,1,50,930,5,PAUL CEZANNE (RUE),,,Nuit sans éclairage public,Hors agglomération,Hors intersection,Brouillard / fumée,Trois véhicules et plus - collisions multiples,,,,,,,,,,,3,1,1,5,5.0
201600039839,0016-01-02 01:30:00,16,1,2,1,30,930,7,8 MAI 45 (AVENUE DU 1 AU,,,Nuit avec éclairage allumé,En agglomération,Hors intersection,Pluie légère,Autre collision,,,,,,,,,,,5,2,1,2,6.0
201600039840,0016-01-19 08:25:00,16,1,19,8,25,930,7,"""PAUL VAILLANT COUTURIER",,,Crépuscule ou aube,En agglomération,Intersection en T,Temps couvert,Autre collision,,,,,,,,,,,2,2,3,8,6.0
201600039841,0016-01-25 12:30:00,16,1,25,12,30,930,7,"27, ""HENRI BARBUSSE (AVE",,,Plein jour,En agglomération,Hors intersection,Normale,Autre collision,,,,,,,,,,,1,2,1,1,6.0
201600039842,0016-01-28 15:50:00,16,1,28,15,50,930,7,PASTEUR (AVENUE),,,Plein jour,En agglomération,Intersection en X,Normale,Autre collision,,,,,,,,,,,1,2,2,1,6.0
201600039843,0016-01-29 13:30:00,16,1,29,13,30,930,7,COMMUNE DE PARIS (RUE DE,,,Plein jour,En agglomération,Hors intersection,Normale,Autre collision,,,,,,,,,,,1,2,1,1,6.0
201600039844,0016-02-11 11:34:00,16,2,11,11,34,930,7,PABLO NERUDA (ROND-POINT,,,Plein jour,En agglomération,Giratoire,Normale,Deux véhicules - côté,,,,,,,,,,,1,2,6,1,3.0
201600039845,0016-02-13 15:00:00,16,2,13,15,0,930,7,"""DESCARTES (AVENUE """"DU",,,Plein jour,En agglomération,Hors intersection,Pluie forte,Deux véhicules - arrière,,,,,,,,,,,1,2,1,3,2.0
201600039846,0016-03-05 00:40:00,16,3,5,0,40,930,7,CHARLES FLOQUET (AVENUE),,,Nuit sans éclairage public,En agglomération,Hors intersection,Pluie légère,Deux véhicules - côté,,,,,,,,,,,3,2,1,2,3.0
201600039847,0016-03-10 12:10:00,16,3,10,12,10,930,7,HENRI BARBUSSE (AVENUE),,,Plein jour,En agglomération,Intersection en X,Normale,Deux véhicules - côté,,,,,,,,,,,1,2,2,1,3.0
201600039848,0016-03-19 03:35:00,16,3,19,3,35,930,7,"""PIERRE SEMARD (RUE """"CO",,,Nuit avec éclairage allumé,En agglomération,Hors intersection,Normale,Deux véhicules - frontale,,,,,,,,,,,5,2,1,1,1.0
201600039849,0016-03-19 20:00:00,16,3,19,20,0,930,7,"30, FELIX EBOUE (AVENUE)",,,Nuit avec éclairage allumé,En agglomération,Hors intersection,Normale,Autre collision,,,,,,,,,,,5,2,1,1,6.0
201600039850,0016-03-19 11:50:00,16,3,19,11,50,930,7,"106, CHARLES FLOQUET (AV",,,Plein jour,En agglomération,Hors intersection,Normale,Deux véhicules - frontale,,,,,,,,,,,1,2,1,1,1.0
201600039851,0016-03-21 11:50:00,16,3,21,11,50,930,7,MARCEL ALIZARD (DU 37 A,,,Plein jour,En agglomération,Intersection en X,Normale,Deux véhicules - côté,,,,,,,,,,,1,2,2,1,3.0
201600039852,0016-03-22 12:10:00,16,3,22,12,10,930,7,"""DESCARTES (AVENUE """"DU",,,Plein jour,En agglomération,Intersection en T,Normale,Deux véhicules - côté,,,,,,,,,,,1,2,3,1,3.0
201600039853,0016-03-27 23:40:00,16,3,27,23,40,930,7,"""DESCARTES (AVENUE """"DU",,,Nuit avec éclairage allumé,En agglomération,Hors intersection,Normale,Deux véhicules - côté,,,,,,,,,,,5,2,1,1,3.0
201600039854,0016-03-28 16:40:00,16,3,28,16,40,930,7,BAPTISTE HUREL (AVENUE),,,Plein jour,En agglomération,Intersection en T,Normale,Deux véhicules - côté,,,,,,,,,,,1,2,3,1,3.0
201600039855,0016-04-26 17:30:00,16,4,26,17,30,930,7,"30, GARROS (AVENUE)",,,Plein jour,En agglomération,Hors intersection,Pluie légère,Autre collision,,,,,,,,,,,1,2,1,2,6.0
201600039856,0016-05-02 11:35:00,16,5,2,11,35,930,7,"3, QUEBEC (AVENUE DU)",,,Plein jour,En agglomération,Hors intersection,Normale,Autre collision,,,,,,,,,,,1,2,1,1,6.0
201600039857,0016-05-02 13:10:00,16,5,2,13,10,930,7,JEAN-BATISTE BUSNEL (AVE,,,Plein jour,En agglomération,Intersection en X,Normale,Autre collision,,,,,,,,,,,1,2,2,1,6.0
201600039858,0016-05-12 07:15:00,16,5,12,7,15,930,7,"80, ARISTIDE BRIAND (AVE",,,Plein jour,En agglomération,Intersection en T,Normale,Autre collision,,,,,,,,,,,1,2,3,1,6.0
201600039859,0016-05-18 18:50:00,16,5,18,18,50,930,7,MARCEL ALIZARD (AVENUE),,,Plein jour,En agglomération,Intersection en T,Pluie légère,Deux véhicules - côté,,,,,,,,,,,1,2,3,2,3.0
201600039860,0016-05-26 14:45:00,16,5,26,14,45,930,7,BLES D'OR (CITE DES),,,Plein jour,En agglomération,Hors intersection,Normale,Autre collision,,,,,,,,,,,1,2,1,1,6.0
201600039861,0016-05-31 16:00:00,16,5,31,16,0,930,7,PASTEUR (AVENUE),,,Plein jour,En agglomération,Intersection en T,Pluie légère,Autre collision,,,,,,,,,,,1,2,3,2,6.0
201600039862,0016-06-01 08:30:00,16,6,1,8,30,930,7,"16, ""PAUL VAILLANT COUTU",,,Plein jour,En agglomération,Hors intersection,Temps couvert,Trois véhicules et plus - collisions multiples,,,,,,,,,,,1,2,1,8,5.0
201600039863,0016-06-12 13:15:00,16,6,12,13,15,930,7,"136, ""PAUL VAILLANT COUT",,,Plein jour,En agglomération,Hors intersection,Pluie légère,Autre collision,,,,,,,,,,,1,2,1,2,6.0
201600039864,0016-06-26 13:15:00,16,6,26,13,15,930,7,"28, ""PAUL VAILLANT COUTU",,,Plein jour,En agglomération,Hors intersection,Normale,Autre collision,,,,,,,,,,,1,2,1,1,6.0
201600039865,0016-06-26 21:30:00,16,6,26,21,30,930,7,"5, PERCIER-FONTAINE (RUE",,,Crépuscule ou aube,En agglomération,Hors intersection,Normale,Autre collision,,,,,,,,,,,2,2,1,1,6.0
201600039866,0016-06-27 09:50:00,16,6,27,9,50,930,7,"""HENRI BARBUSSE (AVENUE",,,Plein jour,En agglomération,Hors intersection,Pluie légère,Deux véhicules - arrière,,,,,,,,,,,1,2,1,2,2.0
201600039867,0016-07-04 10:40:00,16,7,4,10,40,930,7,"""REPUBLIQUE (AVENUE DE L",,,Plein jour,En agglomération,Hors intersection,Normale,Autre collision,,,,,,,,,,,1,2,1,1,6.0
201600039868,0016-07-05 21:00:00,16,7,5,21,0,930,7,PABLO NERUDA (AVENUE),,,Plein jour,En agglomération,Hors intersection,Normale,Deux véhicules - côté,,,,,,,,,,,1,2,1,1,3.0
201600039869,0016-07-07 20:30:00,16,7,7,20,30,930,7,MAURICE AUDIN (RUE),,,Plein jour,En agglomération,Hors intersection,Normale,Autre collision,,,,,,,,,,,1,2,1,1,6.0
201600039870,0016-07-13 20:00:00,16,7,13,20,0,930,7,ABBE NIORT (RUE DE L'),,,Plein jour,En agglomération,Intersection en X,Normale,Deux véhicules - côté,,,,,,,,,,,1,2,2,1,3.0
201600039871,0016-07-18 12:03:00,16,7,18,12,3,930,7,EUGENE VARLIN (RUE),,,Plein jour,En agglomération,Giratoire,Normale,Deux véhicules - côté,,,,,,,,,,,1,2,6,1,3.0
201600039872,0016-07-18 12:20:00,16,7,18,12,20,930,7,"144, ARISTIDE BRIAND (AV",,,Plein jour,En agglomération,Hors intersection,Normale,Deux véhicules - côté,,,,,,,,,,,1,2,1,1,3.0
201600039873,0016-07-18 20:15:00,16,7,18,20,15,930,7,"""PIERRE SEMARD (ROND-POI",,,Plein jour,En agglomération,Intersection en T,Temps éblouissant,Deux véhicules - côté,,,,,,,,,,,1,2,3,7,3.0
201600039874,0016-07-20 20:05:00,16,7,20,20,5,930,7,8 MAI 45 (AVENUE DU 1 AU,,,Plein jour,En agglomération,Intersection en T,Normale,Deux véhicules - arrière,,,,,,,,,,,1,2,3,1,2.0
201600039875,0016-07-26 22:55:00,16,7,26,22,55,930,7,"76, CLOCHETTES (RUE DES)",,,Nuit avec éclairage allumé,En agglomération,Hors intersection,Normale,Deux véhicules - frontale,,,,,,,,,,,5,2,1,1,1.0
201600039876,0016-07-29 07:55:00,16,7,29,7,55,930,7,"130, 8 MAI 45 (AVENUE DU",,,Plein jour,En agglomération,Hors intersection,Normale,Deux véhicules - côté,,,,,,,,,,,1,2,1,1,3.0
201600039877,0016-08-06 10:30:00,16,8,6,10,30,930,7,"14, ADER (RUE)",,,Plein jour,En agglomération,Hors intersection,Normale,Autre collision,,,,,,,,,,,1,2,1,1,6.0
201600039878,0016-08-12 19:00:00,16,8,12,19,0,930,7,"42, PLISSON (AVENUE)",,,Plein jour,En agglomération,Intersection en T,Normale,Autre collision,,,,,,,,,,,1,2,3,1,6.0
201600039879,0016-08-15 13:50:00,16,8,15,13,50,930,7,GENERAL GIRAUD (RUE),,,Plein jour,En agglomération,Intersection en X,Normale,Deux véhicules - côté,,,,,,,,,,,1,2,2,1,3.0
201600039880,0016-08-19 07:35:00,16,8,19,7,35,930,7,"131, ""PAUL VAILLANT COUT",,,Plein jour,En agglomération,Intersection en T,Normale,Deux véhicules - côté,,,,,,,,,,,1,2,3,1,3.0
201600039881,0016-09-02 17:20:00,16,9,2,17,20,930,7,POITOU (PLACE DU),,,Plein jour,En agglomération,Hors intersection,Normale,Autre collision,,,,,,,,,,,1,2,1,1,6.0
201600039882,0016-09-02 19:10:00,16,9,2,19,10,930,7,SURCOUF (AVENUE),,,Plein jour,En agglomération,Intersection en T,Normale,Autre collision,,,,,,,,,,,1,2,3,1,6.0
201600039883,0016-09-05 14:05:00,16,9,5,14,5,930,7,ALBERT EINSTEIN (AVENUE),,,Plein jour,En agglomération,Hors intersection,Pluie légère,Deux véhicules - côté,,,,,,,,,,,1,2,1,2,3.0
201600039884,0016-09-22 08:43:00,16,9,22,8,43,930,7,ARISTIDE BRIAND (AVENUE,,,Plein jour,En agglomération,Intersection en T,Normale,Deux véhicules - arrière,,,,,,,,,,,1,2,3,1,2.0
201600039885,0016-09-24 20:50:00,16,9,24,20,50,930,7,SAINT-PIERRE (ROND-POINT,,,Nuit avec éclairage allumé,En agglomération,Giratoire,Normale,Autre collision,,,,,,,,,,,5,2,6,1,6.0