accident_id,datetime,annee,mois,jour,heure,minute,departement,commune_insee,adresse,latitude,longitude,luminosite,agglomeration,intersection,meteo,collision,nb_vehicules,nb_usagers,nb_indemnes,nb_tues,nb_blesses_hosp,nb_blesses_legers,age_cond_1,age_cond_2,veh_type_cond_1,veh_type_cond_2,lum_code,agg_code,int_code,atm_code,col_code
201600039886,0016-10-07 16:10:00,16,10,7,16,10,930,7,8 MAI 45 (AVENUE DU 1 AU,,,Plein jour,En agglomération,Intersection en X,Temps couvert,Deux véhicules - côté,,,,,,,,,,,1,2,2,8,3.0
201600039887,0016-10-08 09:30:00,16,10,8,9,30,930,7,"81, DIVISION LECLERC (AV",,,Plein jour,En agglomération,Hors intersection,Normale,Autre collision,,,,,,,,,,,1,2,1,1,6.0
201600039888,0016-10-09 20:55:00,16,10,9,20,55,930,7,SAINT-PAUL (AVENUE),,,Nuit avec éclairage allumé,En agglomération,Hors intersection,Normale,Autre collision,,,,,,,,,,,5,2,1,1,6.0
201600039889,0016-10-13 08:00:00,16,10,13,8,0,930,7,"19, GABRIEL PERI (PLACE)",,,Crépuscule ou aube,En agglomération,Intersection en X,Normale,Autre collision,,,,,,,,,,,2,2,2,1,6.0
201600039890,0016-10-17 12:26:00,16,10,17,12,26,930,7,MASCOTTES (RUE DES),,,Plein jour,En agglomération,Hors intersection,Pluie légère,Autre collision,,,,,,,,,,,1,2,1,2,6.0
201600039891,0016-11-08 13:50:00,16,11,8,13,50,930,7,"219, DESCARTES (CES)",,,Plein jour,En agglomération,Intersection en T,Normale,Deux véhicules - côté,,,,,,,,,,,1,2,3,1,3.0
201600039892,0016-11-09 08:50:00,16,11,9,8,50,930,7,"""REPUBLIQUE (AVENUE DE L",,,Plein jour,En agglomération,Intersection en T,Pluie légère,Deux véhicules - frontale,,,,,,,,,,,1,2,3,2,1.0
201600039893,0016-11-12 18:55:00,16,11,12,18,55,930,7,"218, ARISTIDE BRIAND",,,Nuit avec éclairage allumé,En agglomération,Hors intersection,Pluie légère,Deux véhicules - côté,,,,,,,,,,,5,2,1,2,3.0
201600039894,0016-11-15 09:15:00,16,11,15,9,15,930,7,8 MAI 45 (AVENUE DU 1 AU,,,Plein jour,En agglomération,Autre intersection,Normale,Deux véhicules - côté,,,,,,,,,,,1,2,9,1,3.0
201600039895,0016-11-20 12:10:00,16,11,20,12,10,930,7,AUTOROUTE A3,,,Plein jour,Hors agglomération,Hors intersection,Pluie légère,Autre collision,,,,,,,,,,,1,1,1,2,6.0
201600039896,0016-11-25 14:35:00,16,11,25,14,35,930,7,MARECHAL FOCH (AVENUE DU,,,Plein jour,En agglomération,Hors intersection,Normale,Autre collision,,,,,,,,,,,1,2,1,1,6.0
201600039897,0016-11-28 18:10:00,16,11,28,18,10,930,7,", ""PAUL VAILLANT COUTURI",,,Crépuscule ou aube,En agglomération,Autre intersection,Normale,Autre collision,,,,,,,,,,,2,2,9,1,6.0
201600039898,0016-11-29 23:30:00,16,11,29,23,30,930,7,"""PAUL VAILLANT COUTURIER",,,Nuit avec éclairage allumé,En agglomération,Autre intersection,Normale,Deux véhicules - côté,,,,,,,,,,,5,2,9,1,3.0
201600039899,0016-12-04 00:02:00,16,12,4,0,2,930,7,", ALBERT EINSTEIN (AVENU",,,Nuit avec éclairage allumé,En agglomération,Hors intersection,Normale,Deux véhicules - frontale,,,,,,,,,,,5,2,1,1,1.0
201600039900,0016-12-04 11:05:00,16,12,4,11,5,930,7,"""HENRI BARBUSSE (AVENUE",,,Plein jour,En agglomération,Hors intersection,Normale,Deux véhicules - côté,,,,,,,,,,,1,2,1,1,3.0
201600039901,0016-12-04 18:50:00,16,12,4,18,50,930,7,PASTEUR (AVENUE),,,Nuit avec éclairage allumé,En agglomération,Intersection en X,Normale,Deux véhicules - côté,,,,,,,,,,,5,2,2,1,3.0
201600039902,0016-12-05 21:35:00,16,12,5,21,35,930,7,"219, ""DESCARTES (AVENUE",,,Nuit avec éclairage allumé,En agglomération,Hors intersection,Normale,Deux véhicules - arrière,,,,,,,,,,,5,2,1,1,2.0
201600039903,0016-12-06 16:50:00,16,12,6,16,50,930,7,SURCOUF (AVENUE),,,Plein jour,En agglomération,Hors intersection,Normale,Autre collision,,,,,,,,,,,1,2,1,1,6.0
201600039904,0016-12-09 20:05:00,16,12,9,20,5,930,7,", 8 MAI 45 (AVENUE DU 1",,,Nuit avec éclairage allumé,En agglomération,Hors intersection,Normale,Deux véhicules - arrière,,,,,,,,,,,5,2,1,1,2.0
201600039905,0016-12-24 10:00:00,16,12,24,10,0,930,7,"""PAUL VAILLANT COUTURIER",,,Plein jour,En agglomération,Hors intersection,Normale,Autre collision,,,,,,,,,,,1,2,1,1,6.0
201600039906,0016-12-29 12:50:00,16,12,29,12,50,930,7,MATHILDE EMILIE (AVENUE),,,Plein jour,En agglomération,Hors intersection,Normale,Deux véhicules - côté,,,,,,,,,,,1,2,1,1,3.0
201600039907,0016-01-01 18:15:00,16,1,1,18,15,930,8,"0, DELAUNE (RUE AUGUSTE)",,,Nuit avec éclairage allumé,En agglomération,Intersection en T,Normale,Autre collision,,,,,,,,,,,5,2,3,1,6.0
201600039908,0016-01-01 22:30:00,16,1,1,22,30,930,8,BARBUSSE (AVENUE HENRI),,,Nuit avec éclairage allumé,En agglomération,Hors intersection,Normale,Deux véhicules - côté,,,,,,,,,,,5,2,1,1,3.0
201600039909,0016-01-05 00:45:00,16,1,5,0,45,930,8,"302, VAILLANT COUTURIER",,,Nuit avec éclairage allumé,En agglomération,Intersection en T,Normale,Deux véhicules - côté,,,,,,,,,,,5,2,3,1,3.0
201600039910,0016-01-15 09:45:00,16,1,15,9,45,930,8,"0, VAILLANT COUTURIER (A",,,Plein jour,En agglomération,Giratoire,Temps couvert,Sans collision,,,,,,,,,,,1,2,6,8,7.0
201600039911,0016-01-18 20:30:00,16,1,18,20,30,930,8,"6, ARAGON (AVENUE LOUIS)",,,Nuit avec éclairage allumé,En agglomération,Hors intersection,Normale,Autre collision,,,,,,,,,,,5,2,1,1,6.0
201600039912,0016-01-22 13:10:00,16,1,22,13,10,930,8,"2, LOUVERTURE (RUE TOUSS",,,Plein jour,En agglomération,Hors intersection,Pluie légère,Autre collision,,,,,,,,,,,1,2,1,2,6.0
201600039913,0016-01-30 18:16:00,16,1,30,18,16,930,8,"119, GROSLAY (CHEMIN DE)",,,Crépuscule ou aube,En agglomération,Hors intersection,Pluie légère,Autre collision,,,,,,,,,,,2,2,1,2,6.0
201600039914,0016-02-01 09:00:00,16,2,1,9,0,930,8,"0, JAURES (AVENUE JEAN)",,,Plein jour,En agglomération,Hors intersection,Normale,Autre collision,,,,,,,,,,,1,2,1,1,6.0
201600039915,0016-02-01 15:15:00,16,2,1,15,15,930,8,"0, PICASSO (RUE PABLO)",,,Plein jour,En agglomération,Hors intersection,Normale,Deux véhicules - frontale,,,,,,,,,,,1,2,1,1,1.0
201600039916,0016-02-04 11:40:00,16,2,4,11,40,930,8,"17, LENINE (BOULEVARD)",,,Plein jour,En agglomération,Hors intersection,Pluie légère,Autre collision,,,,,,,,,,,1,2,1,2,6.0
201600039917,0016-02-11 23:25:00,16,2,11,23,25,930,8,"54, VAILLANT (AVENUE EDO",,,Nuit avec éclairage allumé,En agglomération,Intersection en X,Normale,Deux véhicules - côté,,,,,,,,,,,5,2,2,1,3.0
201600039918,0016-02-13 21:20:00,16,2,13,21,20,930,8,"0, VAILLANT COUTURIER (A",,,Nuit avec éclairage allumé,En agglomération,Hors intersection,Pluie légère,Sans collision,,,,,,,,,,,5,2,1,2,7.0
201600039919,0016-02-21 21:40:00,16,2,21,21,40,930,8,"107, VAILLANT (AVENUE ED",,,Nuit avec éclairage allumé,En agglomération,Intersection en X,Normale,Deux véhicules - côté,,,,,,,,,,,5,2,2,1,3.0
201600039920,0016-02-28 18:00:00,16,2,28,18,0,930,8,"2, JAURES (AVENUE JEAN)",,,Plein jour,En agglomération,Hors intersection,Normale,Deux véhicules - arrière,,,,,,,,,,,1,2,1,1,2.0
201600039921,0016-02-29 13:04:00,16,2,29,13,4,930,8,"00, BARBUSSE (AVENUE HEN",,,Plein jour,En agglomération,Hors intersection,Normale,Deux véhicules - côté,,,,,,,,,,,1,2,1,1,3.0
201600039922,0016-03-12 01:45:00,16,3,12,1,45,930,8,"00, TEHERAN (RUE DE)",,,Nuit avec éclairage allumé,En agglomération,Intersection en X,Normale,Deux véhicules - côté,,,,,,,,,,,5,2,2,1,3.0
201600039923,0016-03-15 08:40:00,16,3,15,8,40,930,8,"173, VAILLANT COUTURIER",,,Plein jour,En agglomération,Hors intersection,Normale,Sans collision,,,,,,,,,,,1,2,1,1,7.0
201600039924,0016-03-16 19:29:00,16,3,16,19,29,930,8,"185, BARBUSSE (AVENUE HE",,,Nuit avec éclairage allumé,En agglomération,Hors intersection,Normale,Deux véhicules - arrière,,,,,,,,,,,5,2,1,1,2.0
201600039925,0016-03-19 15:30:00,16,3,19,15,30,930,8,"00, VAILLANT COUTURIER (",,,Plein jour,En agglomération,Hors intersection,Normale,Deux véhicules - arrière,,,,,,,,,,,1,2,1,1,2.0
201600039926,0016-03-20 20:50:00,16,3,20,20,50,930,8,"0, PLACE SAINT JUSTE",,,Nuit avec éclairage allumé,En agglomération,Giratoire,Normale,Deux véhicules - arrière,,,,,,,,,,,5,2,6,1,2.0
201600039927,0016-03-26 22:30:00,16,3,26,22,30,930,8,"00, DIVISION LECLERC (AV",,,Nuit avec éclairage allumé,En agglomération,Hors intersection,Normale,Autre collision,,,,,,,,,,,5,2,1,1,6.0
201600039928,0016-03-27 22:25:00,16,3,27,22,25,930,8,"00, RENARD (RUE EDOUARD)",,,Nuit avec éclairage allumé,En agglomération,Hors intersection,Normale,Deux véhicules - frontale,,,,,,,,,,,5,2,1,1,1.0
201600039929,0016-04-03 17:35:00,16,4,3,17,35,930,8,"00, VAILLANT COUTURIER (",,,Plein jour,En agglomération,Intersection en T,Normale,Autre collision,,,,,,,,,,,1,2,3,1,6.0
201600039930,0016-04-07 13:00:00,16,4,7,13,0,930,8,"0, BARBUSSE (AVENUE HENR",,,Plein jour,En agglomération,Hors intersection,Pluie légère,Deux véhicules - arrière,,,,,,,,,,,1,2,1,2,2.0
201600039931,0016-04-08 17:15:00,16,4,8,17,15,930,8,"70, JAURES (AVENUE JEAN)",,,Plein jour,En agglomération,Hors intersection,Pluie légère,Autre collision,,,,,,,,,,,1,2,1,2,6.0
201600039932,0016-04-10 05:00:00,16,4,10,5,0,930,8,"00, PARIS (RUE DE)",,,Nuit avec éclairage allumé,En agglomération,Hors intersection,Pluie légère,Deux véhicules - côté,,,,,,,,,,,5,2,1,2,3.0
201600039933,0016-04-10 13:00:00,16,4,10,13,0,930,8,"359, VAILLANT COUTURIER",,,Plein jour,En agglomération,Hors intersection,Normale,Deux véhicules - arrière,,,,,,,,,,,1,2,1,1,2.0
201600039934,0016-04-10 17:00:00,16,4,10,17,0,930,8,"25, VAILLANT (AVENUE EDO",,,Plein jour,En agglomération,Hors intersection,Normale,Autre collision,,,,,,,,,,,1,2,1,1,6.0
201600039935,0016-04-12 16:45:00,16,4,12,16,45,930,8,"2, VAILLANT (AVENUE EDOU",,,Plein jour,En agglomération,Hors intersection,Normale,Autre collision,,,,,,,,,,,1,2,1,1,6.0
201600039936,0016-04-13 08:00:00,16,4,13,8,0,930,8,"30, CONVENTION (AVENUE D",,,Plein jour,En agglomération,Hors intersection,Pluie légère,Deux véhicules - arrière,,,,,,,,,,,1,2,1,2,2.0
201600039937,0016-04-15 12:05:00,16,4,15,12,5,930,8,"00, LENINE (BOULEVARD)",,,Plein jour,En agglomération,Hors intersection,Normale,Autre collision,,,,,,,,,,,1,2,1,1,6.0
201600039938,0016-04-18 10:20:00,16,4,18,10,20,930,8,"00, PLACE SAINT JUSTE",,,Plein jour,En agglomération,Place,Normale,Deux véhicules - frontale,,,,,,,,,,,1,2,7,1,1.0
201600039939,0016-04-20 21:45:00,16,4,20,21,45,930,8,"00, BELWO (RUE PAUL)",,,Nuit avec éclairage allumé,En agglomération,Intersection en X,Normale,Deux véhicules - côté,,,,,,,,,,,5,2,2,1,3.0
201600039940,0016-05-03 15:30:00,16,5,3,15,30,930,8,"0, VAILLANT COUTURIER (A",,,Plein jour,En agglomération,Hors intersection,Normale,Autre collision,,,,,,,,,,,1,2,1,1,6.0
201600039941,0016-05-05 04:50:00,16,5,5,4,50,930,8,"0, VAILLANT COUTURIER (A",,,Nuit avec éclairage allumé,En agglomération,Giratoire,Normale,Autre collision,,,,,,,,,,,5,2,6,1,6.0
201600039942,0016-05-06 19:09:00,16,5,6,19,9,930,8,"36, DIVISION LECLERC (AV",,,Plein jour,En agglomération,Hors intersection,Normale,Deux véhicules - frontale,,,,,,,,,,,1,2,1,1,1.0
201600039943,0016-05-10 09:00:00,16,5,10,9,0,930,8,"33, ROSTAND (PROMENADE J",,,Plein jour,En agglomération,Hors intersection,Temps couvert,Autre collision,,,,,,,,,,,1,2,1,8,6.0
201600039944,0016-05-14 14:30:00,16,5,14,14,30,930,8,"000, TAILLEFERRE (RUE GE",,,Plein jour,En agglomération,Intersection en T,Normale,Autre collision,,,,,,,,,,,1,2,3,1,6.0
201600039945,0016-05-17 08:35:00,16,5,17,8,35,930,8,"0, VAILLANT COUTURiER (A",,,Plein jour,En agglomération,Hors intersection,Normale,Autre collision,,,,,,,,,,,1,2,1,1,6.0
201600039946,0016-05-23 18:05:00,16,5,23,18,5,930,8,"44, JAURES (AVENUE JEAN)",,,Plein jour,En agglomération,Hors intersection,Pluie forte,Autre collision,,,,,,,,,,,1,2,1,3,6.0
201600039947,0016-05-23 18:25:00,16,5,23,18,25,930,8,"22-33, EINSTEIN (RUE ALB",,,Plein jour,En agglomération,Hors intersection,Pluie légère,Autre collision,,,,,,,,,,,1,2,1,2,6.0
201600039948,0016-05-26 00:15:00,16,5,26,0,15,930,8,"00, VAILLANT COUTURIER (",,,Nuit avec éclairage allumé,En agglomération,Intersection en T,Normale,Deux véhicules - côté,,,,,,,,,,,5,2,3,1,3.0
201600039949,0016-05-30 09:45:00,16,5,30,9,45,930,8,"0, ROSTAND (PROMENADE JE",,,Plein jour,En agglomération,Intersection en T,Pluie légère,Deux véhicules - côté,,,,,,,,,,,1,2,3,2,3.0
201600039950,0016-06-01 05:30:00,16,6,1,5,30,930,8,"147, VAILLANT COUTURIER",,,Crépuscule ou aube,En agglomération,Hors intersection,Pluie légère,Deux véhicules - arrière,,,,,,,,,,,2,2,1,2,2.0
201600039951,0016-06-09 11:00:00,16,6,9,11,0,930,8,"0, BARBUSSE (AVENUE HENR",,,Plein jour,En agglomération,Intersection en X,Normale,Deux véhicules - côté,,,,,,,,,,,1,2,2,1,3.0
201600039952,0016-06-13 16:20:00,16,6,13,16,20,930,8,"13, ROSTAND (PROMENADE J",,,Plein jour,En agglomération,Hors intersection,Pluie légère,Autre collision,,,,,,,,,,,1,2,1,2,6.0
201600039953,0016-07-01 20:10:00,16,7,1,20,10,930,8,"72, MADELEINE (CHEMIN DE",,,Crépuscule ou aube,En agglomération,Hors intersection,Normale,Autre collision,,,,,,,,,,,2,2,1,1,6.0
201600039954,0016-07-05 15:55:00,16,7,5,15,55,930,8,"108, VAILLANT (AVENUE ED",,,Plein jour,En agglomération,Hors intersection,Normale,Autre collision,,,,,,,,,,,1,2,1,1,6.0
201600039955,0016-07-12 08:00:00,16,7,12,8,0,930,8,"00, REPUBLIQUE (RUE DE L",,,Plein jour,Hors agglomération,Hors intersection,Normale,Trois véhicules et plus - en chaîne,,,,,,,,,,,1,1,1,1,4.0
201600039956,0016-07-12 12:45:00,16,7,12,12,45,930,8,"0, PRE-SOUVERAIN (RUE DU",,,Plein jour,En agglomération,Intersection en T,Normale,Deux véhicules - côté,,,,,,,,,,,1,2,3,1,3.0
201600039957,0016-07-19 10:00:00,16,7,19,10,0,930,8,"00, VAILLANT COUTURIER (",,,Plein jour,En agglomération,Hors intersection,Normale,Autre collision,,,,,,,,,,,1,2,1,1,6.0
201600039958,0016-07-21 15:30:00,16,7,21,15,30,930,8,"00, PLACE SAINT JUSTE",,,Plein jour,En agglomération,Hors intersection,Normale,Deux véhicules - côté,,,,,,,,,,,1,2,1,1,3.0
201600039959,0016-07-22 08:25:00,16,7,22,8,25,930,8,"54, ALLENDE (AVE DU P. S",,,Plein jour,En agglomération,Hors intersection,Normale,Autre collision,,,,,,,,,,,1,2,1,1,6.0
201600039960,0016-07-22 20:00:00,16,7,22,20,0,930,8,"20, LOUVERTURE (RUE TOUS",,,Plein jour,En agglomération,Intersection en T,Normale,Autre collision,,,,,,,,,,,1,2,3,1,6.0
201600039961,0016-07-22 18:50:00,16,7,22,18,50,930,8,"0, FRACHON (RUE BENOIT)",,,Plein jour,En agglomération,Hors intersection,Normale,Autre collision,,,,,,,,,,,1,2,1,1,6.0
201600039962,0016-07-30 19:00:00,16,7,30,19,0,930,8,"135, PARIS (RUE DE)",,,Plein jour,En agglomération,Hors intersection,Normale,Deux véhicules - arrière,,,,,,,,,,,1,2,1,1,2.0
201600039963,0016-08-04 16:30:00,16,8,4,16,30,930,8,"129, SEMARD (AVENUE PIER",,,Plein jour,En agglomération,Hors intersection,Normale,Trois véhicules et plus - collisions multiples,,,,,,,,,,,1,2,1,1,5.0
201600039964,0016-08-12 14:05:00,16,8,12,14,5,930,8,"0, VAILLANT COUTURIER (A",,,Plein jour,En agglomération,Hors intersection,Normale,Deux véhicules - arrière,,,,,,,,,,,1,2,1,1,2.0
201600039965,0016-08-16 10:30:00,16,8,16,10,30,930,8,"32, VAILLANT (AVENUE EDO",,,Plein jour,En agglomération,Hors intersection,Normale,Deux véhicules - côté,,,,,,,,,,,1,2,1,1,3.0
201600039966,0016-08-20 21:40:00,16,8,20,21,40,930,8,"00, VAILLANT COUTURIER (",,,Nuit avec éclairage allumé,En agglomération,Intersection en T,Normale,Deux véhicules - côté,,,,,,,,,,,5,2,3,1,3.0
201600039967,0016-08-21 01:25:00,16,8,21,1,25,930,8,"0, VAILLANT COUTURIER (A",,,Nuit avec éclairage allumé,En agglomération,Hors intersection,Normale,Autre collision,,,,,,,,,,,5,2,1,1,6.0
201600039968,0016-08-30 19:30:00,16,8,30,19,30,930,8,"144, BARBUSSE (AVENUE HE",,,Plein jour,En agglomération,Hors intersection,Normale,Sans collision,,,,,,,,,,,1,2,1,1,7.0
201600039969,0016-09-01 19:20:00,16,9,1,19,20,930,8,"1, VAILLANT (AVENUE EDOU",,,Plein jour,En agglomération,Hors intersection,Normale,Deux véhicules - arrière,,,,,,,,,,,1,2,1,1,2.0
201600039970,0016-09-02 13:02:00,16,9,2,13,2,930,8,"00, REPUBLIQUE (RUE DE L",,,Plein jour,En agglomération,Intersection en T,Normale,Deux véhicules - côté,,,,,,,,,,,1,2,3,1,3.0
201600039971,0016-09-07 17:20:00,16,9,7,17,20,930,8,"01, ILLUSTRATION (AVENUE",,,Plein jour,En agglomération,Hors intersection,Normale,Autre collision,,,,,,,,,,,1,2,1,1,6.0
201600039972,0016-09-08 19:45:00,16,9,8,19,45,930,8,"2, BEYROUTH (ALLEE DE)",,,Plein jour,En agglomération,Hors intersection,Normale,Autre collision,,,,,,,,,,,1,2,1,1,6.0
201600039973,0016-09-12 08:45:00,16,9,12,8,45,930,8,"149, JAURES (AVENUE JEAN",,,Plein jour,En agglomération,Hors intersection,Normale,Autre collision,,,,,,,,,,,1,2,1,1,6.0
201600039974,0016-09-15 10:15:00,16,9,15,10,15,930,8,"0, BARBUSSE (AVENUE HENR",,,Plein jour,En agglomération,Hors intersection,Pluie forte,Deux véhicules - arrière,,,,,,,,,,,1,2,1,3,2.0
201600039975,0016-09-15 18:00:00,16,9,15,18,0,930,8,"00, DELAUNE (RUE AUGUSTE",,,Plein jour,En agglomération,Intersection en T,Normale,Deux véhicules - côté,,,,,,,,,,,1,2,3,1,3.0
201600039976,0016-09-16 17:30:00,16,9,16,17,30,930,8,"0, CLAUSSE (RUE HENRI)",,,Plein jour,En agglomération,Hors intersection,Normale,Autre collision,,,,,,,,,,,1,2,1,1,6.0
201600039977,0016-09-24 16:30:00,16,9,24,16,30,930,8,"00, VAILLANT COUTURIER (",,,Plein jour,En agglomération,Intersection en X,Normale,Deux véhicules - côté,,,,,,,,,,,1,2,2,1,3.0
201600039978,0016-09-30 11:15:00,16,9,30,11,15,930,8,"0, GREGOIRE (PLACE DE L'",,,Plein jour,En agglomération,Giratoire,Normale,Deux véhicules - arrière,,,,,,,,,,,1,2,6,1,2.0
201600039979,0016-10-05 06:30:00,16,10,5,6,30,930,8,"00, VARSOVIE (RUE DE)",,,Nuit avec éclairage allumé,En agglomération,Autre intersection,Normale,Autre collision,,,,,,,,,,,5,2,9,1,6.0
201600039980,0016-10-05 12:20:00,16,10,5,12,20,930,8,"23, POCHETTE (RUE DE LA",,,Plein jour,En agglomération,Hors intersection,Normale,Autre collision,,,,,,,,,,,1,2,1,1,6.0
201600039981,0016-10-06 10:30:00,16,10,6,10,30,930,8,"412, VAILLANT COUTURIER",,,Plein jour,En agglomération,Hors intersection,Normale,Trois véhicules et plus - collisions multiples,,,,,,,,,,,1,2,1,1,5.0
201600039982,0016-10-08 17:10:00,16,10,8,17,10,930,8,"0, PICASSO (RUE PABLO)",,,Plein jour,En agglomération,Hors intersection,Normale,Autre collision,,,,,,,,,,,1,2,1,1,6.0
201600039983,0016-10-14 18:20:00,16,10,14,18,20,930,8,"0, DIVISION LECLERC (AVE",,,Crépuscule ou aube,En agglomération,Intersection en T,Pluie légère,Deux véhicules - côté,,,,,,,,,,,2,2,3,2,3.0
201600039984,0016-10-17 08:00:00,16,10,17,8,0,930,8,"0, STALINGRAD (RUE DE) A",,,Plein jour,En agglomération,Hors intersection,Normale,Trois véhicules et plus - en chaîne,,,,,,,,,,,1,2,1,1,4.0
201600039985,0016-10-17 10:50:00,16,10,17,10,50,930,8,"3, BALZAC (RUE)",,,Plein jour,En agglomération,Hors intersection,Normale,Autre collision,,,,,,,,,,,1,2,1,1,6.0
201600039986,0016-10-17 15:05:00,16,10,17,15,5,930,8,"0, JAURES (AVENUE JEAN)",,,Plein jour,En agglomération,Hors intersection,Normale,Trois véhicules et plus - en chaîne,,,,,,,,,,,1,2,1,1,4.0
201600039987,0016-10-18 16:00:00,16,10,18,16,0,930,8,"20, ETOILE (RUE DE L')",,,Plein jour,En agglomération,Hors intersection,Temps couvert,Deux véhicules - côté,,,,,,,,,,,1,2,1,8,3.0
201600039988,0016-10-19 19:15:00,16,10,19,19,15,930,8,"00, GAUTIER (RUE HENRI)",,,Nuit avec éclairage allumé,En agglomération,Hors intersection,Pluie légère,Trois véhicules et plus - en chaîne,,,,,,,,,,,5,2,1,2,4.0
201600039989,0016-10-23 21:25:00,16,10,23,21,25,930,8,"359, VAILLANT COUTURIER",,,Nuit avec éclairage allumé,En agglomération,Hors intersection,Pluie légère,Sans collision,,,,,,,,,,,5,2,1,2,7.0
201600039990,0016-10-28 17:00:00,16,10,28,17,0,930,8,"0, VAILLANT COUTURIER (A",,,Plein jour,En agglomération,Intersection à plus de 4 branches,Temps couvert,Deux véhicules - côté,,,,,,,,,,,1,2,5,8,3.0
201600039991,0016-10-30 01:00:00,16,10,30,1,0,930,8,"412, VAILLANT COUTURIER",,,Nuit avec éclairage non allumé,Hors agglomération,Hors intersection,Normale,Deux véhicules - arrière,,,,,,,,,,,4,1,1,1,2.0
201600039992,0016-10-31 14:10:00,16,10,31,14,10,930,8,"149, PARIS (RUE DE)",,,Plein jour,En agglomération,Hors intersection,Normale,Deux véhicules - arrière,,,,,,,,,,,1,2,1,1,2.0
201600039993,0016-11-02 01:20:00,16,11,2,1,20,930,8,"50, MOSCOU (RUE DE)",,,Nuit avec éclairage allumé,En agglomération,Hors intersection,Normale,Autre collision,,,,,,,,,,,5,2,1,1,6.0
201600039994,0016-11-08 08:50:00,16,11,8,8,50,930,8,"146, BARBUSSE (AVENUE HE",,,Plein jour,En agglomération,Hors intersection,Normale,Deux véhicules - côté,,,,,,,,,,,1,2,1,1,3.0
201600039995,0016-11-11 17:15:00,16,11,11,17,15,930,8,"83-95, JAURES (AVENUE JE",,,Plein jour,En agglomération,Intersection en X,Normale,Deux véhicules - côté,,,,,,,,,,,1,2,2,1,3.0
201600039996,0016-11-17 17:15:00,16,11,17,17,15,930,8,"48, ARAGON (AVENUE LOUIS",,,Nuit avec éclairage allumé,En agglomération,Hors intersection,Pluie légère,Deux véhicules - côté,,,,,,,,,,,5,2,1,2,3.0
201600039997,0016-11-25 15:45:00,16,11,25,15,45,930,8,"297, VAILLANT COUTURIER",,,Plein jour,En agglomération,Hors intersection,Temps couvert,Autre collision,,,,,,,,,,,1,2,1,8,6.0
201600039998,0016-11-26 16:35:00,16,11,26,16,35,930,8,"26, ARAGON (AVENUE LOUIS",,,Plein jour,En agglomération,Hors intersection,Temps couvert,Deux véhicules - côté,,,,,,,,,,,1,2,1,8,3.0
201600039999,0016-12-04 19:00:00,16,12,4,19,0,930,8,"220, BARBUSSE (AVENUE HE",,,Nuit avec éclairage allumé,En agglomération,Hors intersection,Normale,Deux véhicules - côté,,,,,,,,,,,5,2,1,1,3.0
201600040000,0016-12-07 20:30:00,16,12,7,20,30,930,8,"00, GROSLAY (CHEMIN DE)",,,Nuit avec éclairage allumé,En agglomération,Intersection en T,Normale,Deux véhicules - côté,,,,,,,,,,,5,2,3,1,3.0
201600040001,0016-12-08 13:20:00,16,12,8,13,20,930,8,"45, BARBUSSE (AVENUE HEN",,,Plein jour,En agglomération,Intersection en X,Normale,Deux véhicules - côté,,,,,,,,,,,1,2,2,1,3.0
201600040002,0016-12-10 20:20:00,16,12,10,20,20,930,8,"51, ARAGON (AVENUE LOUIS",,,Nuit avec éclairage allumé,En agglomération,Intersection en T,Normale,Deux véhicules - côté,,,,,,,,,,,5,2,3,1,3.0
201600040003,0016-12-13 01:55:00,16,12,13,1,55,930,8,"145, PARIS (RUE DE)",,,Nuit avec éclairage allumé,En agglomération,Hors intersection,Pluie légère,Autre collision,,,,,,,,,,,5,2,1,2,6.0
201600040004,0016-12-24 12:30:00,16,12,24,12,30,930,8,"12, BERLIOZ (RUE HECTOR)",,,Plein jour,En agglomération,Hors intersection,Pluie légère,Autre collision,,,,,,,,,,,1,2,1,2,6.0
201600040005,0016-12-26 11:25:00,16,12,26,11,25,930,8,"1, MARCELLE (AVENUE)",,,Plein jour,En agglomération,Hors intersection,Temps couvert,Autre collision,,,,,,,,,,,1,2,1,8,6.0
201600040006,0016-12-27 00:40:00,16,12,27,0,40,930,8,"00, CREPIN (RUE GASTON)",,,Nuit avec éclairage allumé,En agglomération,Intersection en T,Normale,Deux véhicules - frontale,,,,,,,,,,,5,2,3,1,1.0
201600040007,0016-03-20 22:20:00,16,3,20,22,20,930,57,"27, BRIAND ( AV. ARISTID",,,Nuit avec éclairage allumé,En agglomération,Hors intersection,Normale,Deux véhicules - côté,,,,,,,,,,,5,2,1,1,3.0
201600040008,0016-01-03 13:35:00,16,1,3,13,35,930,10,"200, GALLIENI (AV.) DE 1",,,Plein jour,En agglomération,Intersection à plus de 4 branches,Pluie légère,Deux véhicules - côté,,,,,,,,,,,1,2,5,2,3.0
201600040009,0016-01-03 18:50:00,16,1,3,18,50,930,10,"16, GROSLAY (CHEM. DE)",,,Nuit sans éclairage public,En agglomération,Hors intersection,Pluie légère,Autre collision,,,,,,,,,,,3,2,1,2,6.0
201600040010,0016-01-07 08:30:00,16,1,7,8,30,930,57,"90, WILSON (AV. DU PRESI",,,Plein jour,En agglomération,Intersection en T,Pluie légère,Autre collision,,,,,,,,,,,1,2,3,2,6.0
201600040011,0016-01-08 11:40:00,16,1,8,11,40,930,57,"10, LUXEMBOURG (AL. DE)",,,Plein jour,Hors agglomération,Hors intersection,Normale,Autre collision,,,,,,,,,,,1,1,1,1,6.0
201600040012,0016-01-08 14:05:00,16,1,8,14,5,930,10,VILLEMOMBLE (RTE DE) DE,,,Plein jour,En agglomération,Hors intersection,Normale,Deux véhicules - côté,,,,,,,,,,,1,2,1,1,3.0
201600040013,0016-01-10 13:24:00,16,1,10,13,24,930,57,WILSON (AV. DU PRESIDENT,,,Plein jour,En agglomération,Intersection en X,Pluie légère,Trois véhicules et plus - collisions multiples,,,,,,,,,,,1,2,2,2,5.0