accident_id,datetime,annee,mois,jour,heure,minute,departement,commune_insee,adresse,latitude,longitude,luminosite,agglomeration,intersection,meteo,collision,nb_vehicules,nb_usagers,nb_indemnes,nb_tues,nb_blesses_hosp,nb_blesses_legers,age_cond_1,age_cond_2,veh_type_cond_1,veh_type_cond_2,lum_code,agg_code,int_code,atm_code,col_code
201600040273,0016-07-18 18:45:00,16,7,18,18,45,930,27,"55, CONVENTION (RUE DE L",,,Plein jour,En agglomération,Hors intersection,Temps éblouissant,Autre collision,,,,,,,,,,,1,2,1,7,6.0
201600040274,0016-07-20 20:59:00,16,7,20,20,59,930,13,JAURES (AVENUE JEAN) DE,,,Plein jour,En agglomération,Hors intersection,Temps éblouissant,Autre collision,,,,,,,,,,,1,2,1,7,6.0
201600040275,0016-07-20 18:00:00,16,7,20,18,0,930,13,"22, LECLERC (AVENU DE LA",,,Plein jour,En agglomération,Hors intersection,Normale,Trois véhicules et plus - en chaîne,,,,,,,,,,,1,2,1,1,4.0
201600040276,0016-07-23 18:00:00,16,7,23,18,0,930,27,BARBUSSE (AVENUE HENRI),,,Plein jour,En agglomération,Hors intersection,Normale,Deux véhicules - frontale,,,,,,,,,,,1,2,1,1,1.0
201600040277,0016-07-26 17:45:00,16,7,26,17,45,930,30,", CROIZAT (AVENUE AMBROI",,,Plein jour,En agglomération,Hors intersection,Normale,Trois véhicules et plus - en chaîne,,,,,,,,,,,1,2,1,1,4.0
201600040278,0016-07-28 18:30:00,16,7,28,18,30,930,27,"53, CONVENTION (RUE DE L",,,Plein jour,En agglomération,Hors intersection,Normale,Autre collision,,,,,,,,,,,1,2,1,1,6.0
201600040279,0016-07-31 18:20:00,16,7,31,18,20,930,27,MERMOZ (AVENUE JEAN),,,Plein jour,En agglomération,Giratoire,Normale,Deux véhicules - arrière,,,,,,,,,,,1,2,6,1,2.0
201600040280,0016-08-02 07:10:00,16,8,2,7,10,930,27,"2, PASTEUR (BOULEVARD) D",,,Plein jour,En agglomération,Intersection en X,Pluie légère,Trois véhicules et plus - collisions multiples,,,,,,,,,,,1,2,2,2,5.0
201600040281,0016-08-04 22:20:00,16,8,4,22,20,930,30,LARIVIERE (RUE LOUIS),,,Nuit avec éclairage allumé,En agglomération,Hors intersection,Temps couvert,Autre collision,,,,,,,,,,,5,2,1,8,6.0
201600040282,0016-08-07 12:05:00,16,8,7,12,5,930,27,"26, LAMARTINE (RUE)",,,Plein jour,En agglomération,Hors intersection,Normale,Autre collision,,,,,,,,,,,1,2,1,1,6.0
201600040283,0016-08-09 09:07:00,16,8,9,9,7,930,27,"4, MASSON (RUE SUZANNE)",,,Plein jour,En agglomération,Hors intersection,Normale,Autre collision,,,,,,,,,,,1,2,1,1,6.0
201600040284,0016-08-15 12:45:00,16,8,15,12,45,930,30,DE GAULLE (AVENUE DU GEN,,,Plein jour,En agglomération,Hors intersection,Normale,Deux véhicules - frontale,,,,,,,,,,,1,2,1,1,1.0
201600040285,0016-08-19 16:25:00,16,8,19,16,25,930,13,ROLLAND (RUE DU CDT),,,Plein jour,En agglomération,Hors intersection,Pluie légère,Autre collision,,,,,,,,,,,1,2,1,2,6.0
201600040286,0016-08-25 16:52:00,16,8,25,16,52,930,27,", JAURES (AVENUE JEAN)",,,Plein jour,En agglomération,Intersection en X,Normale,Deux véhicules - côté,,,,,,,,,,,1,2,2,1,3.0
201600040287,0016-08-26 11:00:00,16,8,26,11,0,930,27,CHEVALIER DE LA BARRE (R,,,Plein jour,En agglomération,Intersection en Y,Normale,Autre collision,,,,,,,,,,,1,2,4,1,6.0
201600040288,0016-08-27 15:30:00,16,8,27,15,30,930,27,"129, VAILLANT-COUTURIER",,,Plein jour,En agglomération,Hors intersection,Normale,Autre collision,,,,,,,,,,,1,2,1,1,6.0
201600040289,0016-08-30 08:30:00,16,8,30,8,30,930,27,VAILLANT-COUTURIER (AVEN,,,Plein jour,En agglomération,Intersection en X,Normale,Deux véhicules - côté,,,,,,,,,,,1,2,2,1,3.0
201600040290,0016-09-22 20:20:00,16,9,22,20,20,930,27,"26, PASTEUR (BOULEVARD)",,,Nuit avec éclairage allumé,En agglomération,Intersection en T,Normale,Deux véhicules - côté,,,,,,,,,,,5,2,3,1,3.0
201600040291,0016-09-28 10:35:00,16,9,28,10,35,930,27,"56, CONVENTION (RUE DE L",,,Plein jour,En agglomération,Hors intersection,Normale,Autre collision,,,,,,,,,,,1,2,1,1,6.0
201600040292,0016-10-04 06:30:00,16,10,4,6,30,930,13,LECLERC (AVENU DE LA DIV,,,Nuit avec éclairage allumé,En agglomération,Hors intersection,Normale,Deux véhicules - arrière,,,,,,,,,,,5,2,1,1,2.0
201600040293,0016-10-04 02:50:00,16,10,4,2,50,930,27,"30, RASPAIL (RUE)",,,Nuit avec éclairage allumé,En agglomération,Hors intersection,Normale,Deux véhicules - frontale,,,,,,,,,,,5,2,1,1,1.0
201600040294,0016-10-05 16:15:00,16,10,5,16,15,930,13,JAURES (AVENUE JEAN) DE,,,Plein jour,En agglomération,Hors intersection,Normale,Deux véhicules - frontale,,,,,,,,,,,1,2,1,1,1.0
201600040295,0016-10-19 19:35:00,16,10,19,19,35,930,13,"81, LECLERC (AVENU DE LA",,,Nuit avec éclairage allumé,En agglomération,Hors intersection,Pluie légère,Deux véhicules - côté,,,,,,,,,,,5,2,1,2,3.0
201600040296,0016-10-21 12:49:00,16,10,21,12,49,930,13,"2, LECLERC (AVENU DE LA",,,Plein jour,En agglomération,Hors intersection,Pluie légère,Deux véhicules - arrière,,,,,,,,,,,1,2,1,2,2.0
201600040297,0016-10-22 19:55:00,16,10,22,19,55,930,13,DRAMARD (RUE CAMILLE),,,Nuit avec éclairage allumé,En agglomération,Hors intersection,Normale,Autre collision,,,,,,,,,,,5,2,1,1,6.0
201600040298,0016-10-25 15:35:00,16,10,25,15,35,930,27,"171, VAILLANT-COUTURIER",,,Plein jour,Hors agglomération,Hors intersection,Normale,Autre collision,,,,,,,,,,,1,1,1,1,6.0
201600040299,0016-10-25 19:35:00,16,10,25,19,35,930,13,"63, LECLERC (AVENU DE LA",,,Nuit avec éclairage allumé,En agglomération,Hors intersection,Normale,Deux véhicules - côté,,,,,,,,,,,5,2,1,1,3.0
201600040300,0016-10-28 22:00:00,16,10,28,22,0,930,27,", BARBUSSE (AVENUE HENRI",,,Nuit avec éclairage allumé,En agglomération,Hors intersection,Normale,Deux véhicules - côté,,,,,,,,,,,5,2,1,1,3.0
201600040301,0016-11-15 09:35:00,16,11,15,9,35,930,27,BARBUSSE (AVENUE HENRI),,,Plein jour,En agglomération,Autre intersection,Pluie légère,Deux véhicules - côté,,,,,,,,,,,1,2,9,2,3.0
201600040302,0016-11-15 21:40:00,16,11,15,21,40,930,27,VAILLANT-COUTURIER (AVEN,,,Crépuscule ou aube,Hors agglomération,Hors intersection,Pluie légère,Trois véhicules et plus - collisions multiples,,,,,,,,,,,2,1,1,2,5.0
201600040303,0016-11-17 19:10:00,16,11,17,19,10,930,27,"52, BARBUSSE (RUE HENRI)",,,Nuit avec éclairage allumé,En agglomération,Hors intersection,Normale,Autre collision,,,,,,,,,,,5,2,1,1,6.0
201600040304,0016-11-20 20:00:00,16,11,20,20,0,930,27,CONVENTION (RUE DE LA),,,Nuit avec éclairage allumé,En agglomération,Giratoire,Pluie légère,Deux véhicules - côté,,,,,,,,,,,5,2,6,2,3.0
201600040305,0016-11-21 02:00:00,16,11,21,2,0,930,27,LECLERC (AVENUE DU GENER,,,Nuit avec éclairage allumé,En agglomération,Hors intersection,Pluie légère,Autre collision,,,,,,,,,,,5,2,1,2,6.0
201600040306,0016-11-25 16:20:00,16,11,25,16,20,930,27,"2, PASTEUR (BOULEVARD) D",,,Crépuscule ou aube,En agglomération,Intersection en X,Normale,Autre collision,,,,,,,,,,,2,2,2,1,6.0
201600040307,0016-11-25 20:55:00,16,11,25,20,55,930,13,LECLERC (AVENU DE LA DIV,,,Nuit avec éclairage allumé,En agglomération,Hors intersection,Normale,Autre collision,,,,,,,,,,,5,2,1,1,6.0
201600040308,0016-11-28 13:15:00,16,11,28,13,15,930,27,"37, JAURES (AVENUE JEAN)",,,Plein jour,En agglomération,Hors intersection,Normale,Autre collision,,,,,,,,,,,1,2,1,1,6.0
201600040309,0016-12-02 08:35:00,16,12,2,8,35,930,13,LECLERC (AVENU DE LA DIV,,,Plein jour,En agglomération,Hors intersection,Normale,Deux véhicules - arrière,,,,,,,,,,,1,2,1,1,2.0
201600040310,0016-12-05 17:10:00,16,12,5,17,10,930,27,"4-6, MERMOZ (AVENUE JEAN",,,Nuit avec éclairage allumé,En agglomération,Hors intersection,Normale,Deux véhicules - côté,,,,,,,,,,,5,2,1,1,3.0
201600040311,0016-12-09 16:28:00,16,12,9,16,28,930,27,SALENGRO (AVENUE ROGER),,,Plein jour,En agglomération,Intersection en T,Normale,Deux véhicules - arrière,,,,,,,,,,,1,2,3,1,2.0
201600040312,0016-12-12 07:15:00,16,12,12,7,15,930,27,SALENGRO (AVENUE ROGER),,,Crépuscule ou aube,En agglomération,Hors intersection,Temps couvert,Autre collision,,,,,,,,,,,2,2,1,8,6.0
201600040313,0016-12-13 09:50:00,16,12,13,9,50,930,13,LINDBERGH (CARREFOUR),,,Plein jour,En agglomération,Intersection en X,Pluie légère,Deux véhicules - côté,,,,,,,,,,,1,2,2,2,3.0
201600040314,0016-12-16 11:25:00,16,12,16,11,25,930,27,"75, VAILLANT-COUTURIER (",,,Plein jour,En agglomération,Hors intersection,Normale,Autre collision,,,,,,,,,,,1,2,1,1,6.0
201600040315,0016-12-16 12:30:00,16,12,16,12,30,930,27,MERMOZ (AVENUE JEAN),,,Plein jour,En agglomération,Intersection en X,Normale,Autre collision,,,,,,,,,,,1,2,2,1,6.0
201600040316,0016-12-16 17:30:00,16,12,16,17,30,930,30,"75, HUIT-MAI-1945 (AVENU",,,Nuit avec éclairage allumé,En agglomération,Hors intersection,Normale,Sans collision,,,,,,,,,,,5,2,1,1,7.0
201600040317,0016-12-19 16:30:00,16,12,19,16,30,930,27,"2, VAILLANT-COUTURIER (A",,,Crépuscule ou aube,En agglomération,Hors intersection,Normale,Autre collision,,,,,,,,,,,2,2,1,1,6.0
201600040318,0016-12-20 00:30:00,16,12,20,0,30,930,27,"88, VAILLANT-COUTURIER (",,,Nuit sans éclairage public,En agglomération,Hors intersection,Normale,Autre collision,,,,,,,,,,,3,2,1,1,6.0
201600040319,0016-12-26 23:00:00,16,12,26,23,0,930,27,RASPAIL (RUE),,,Nuit avec éclairage allumé,En agglomération,Hors intersection,Normale,Deux véhicules - arrière,,,,,,,,,,,5,2,1,1,2.0
201600040320,0016-07-06 15:30:00,16,7,6,15,30,930,27,"32, BARBUSSE (RUE HENRI)",,,Plein jour,En agglomération,Hors intersection,Temps éblouissant,Autre collision,,,,,,,,,,,1,2,1,7,6.0
201600040321,0016-01-01 22:10:00,16,1,1,22,10,930,29,"7, MARCEAU (AVENUE) N° 1",,,Nuit avec éclairage allumé,En agglomération,Hors intersection,Pluie légère,Deux véhicules - arrière,,,,,,,,,,,5,2,1,2,2.0
201600040322,0016-01-02 03:30:00,16,1,2,3,30,930,29,"60, DIDEROT",,,Nuit avec éclairage allumé,En agglomération,Hors intersection,Normale,Autre collision,,,,,,,,,,,5,2,1,1,6.0
201600040323,0016-01-03 16:00:00,16,1,3,16,0,930,29,HENRI BARBUSSE (AVE) N°2,,,Crépuscule ou aube,En agglomération,Hors intersection,Pluie forte,Autre collision,,,,,,,,,,,2,2,1,3,6.0
201600040324,0016-01-20 15:06:00,16,1,20,15,6,930,29,ALSACE LORRAINE,,,Plein jour,En agglomération,Intersection en T,Normale,Deux véhicules - côté,,,,,,,,,,,1,2,3,1,3.0
201600040325,0016-01-22 21:00:00,16,1,22,21,0,930,29,HENRI BARBUSSE (AVE) N°1,,,Nuit avec éclairage allumé,En agglomération,Intersection en T,Pluie légère,Deux véhicules - côté,,,,,,,,,,,5,2,3,2,3.0
201600040326,0016-01-23 09:15:00,16,1,23,9,15,930,29,"3, ALSACE LORRAINE",,,Plein jour,En agglomération,Intersection en T,Temps couvert,Deux véhicules - côté,,,,,,,,,,,1,2,3,8,3.0
201600040327,0016-01-25 11:50:00,16,1,25,11,50,930,29,"2, DIDEROT",,,Plein jour,En agglomération,Hors intersection,Normale,Deux véhicules - arrière,,,,,,,,,,,1,2,1,1,2.0
201600040328,0016-01-27 09:30:00,16,1,27,9,30,930,29,"55, JEAN JAURES (AVENUE)",,,Plein jour,En agglomération,Hors intersection,Pluie légère,Autre collision,,,,,,,,,,,1,2,1,2,6.0
201600040329,0016-02-04 18:00:00,16,2,4,18,0,930,29,"10, JEAN JAURES (AVENUE)",,,Nuit avec éclairage allumé,En agglomération,Hors intersection,Pluie légère,Autre collision,,,,,,,,,,,5,2,1,2,6.0
201600040330,0016-02-19 09:00:00,16,2,19,9,0,930,29,MADELEINE (DE LA),,,Plein jour,En agglomération,Intersection en X,Normale,Autre collision,,,,,,,,,,,1,2,2,1,6.0
201600040331,0016-02-13 20:30:00,16,2,13,20,30,930,29,"1, PASTEUR (AVENUE)",,,Nuit avec éclairage allumé,En agglomération,Intersection en X,Pluie légère,Autre collision,,,,,,,,,,,5,2,2,2,6.0
201600040332,0016-03-08 02:50:00,16,3,8,2,50,930,29,"74, ANATOLE FRANCE",,,Nuit avec éclairage allumé,En agglomération,Hors intersection,Normale,Autre collision,,,,,,,,,,,5,2,1,1,6.0
201600040333,0016-03-14 09:04:00,16,3,14,9,4,930,29,FERNAND PENA,,,Plein jour,En agglomération,Giratoire,Normale,Deux véhicules - côté,,,,,,,,,,,1,2,6,1,3.0
201600040334,0016-03-29 06:00:00,16,3,29,6,0,930,29,"1, ARISTIDE BRIAND",,,Crépuscule ou aube,En agglomération,Intersection en X,Normale,Deux véhicules - frontale,,,,,,,,,,,2,2,2,1,1.0
201600040335,0016-03-31 07:45:00,16,3,31,7,45,930,29,"141, HENRI BARBUSSE (AVE",,,Crépuscule ou aube,En agglomération,Intersection en X,Pluie forte,Autre collision,,,,,,,,,,,2,2,2,3,6.0
201600040336,0016-04-06 17:00:00,16,4,6,17,0,930,29,"57-59, DOCTEUR ALBERT SC",,,Plein jour,En agglomération,Hors intersection,Normale,Deux véhicules - arrière,,,,,,,,,,,1,2,1,1,2.0
201600040337,0016-04-12 19:05:00,16,4,12,19,5,930,29,ANATOLE FRANCE,,,Plein jour,En agglomération,Hors intersection,Normale,Deux véhicules - arrière,,,,,,,,,,,1,2,1,1,2.0
201600040338,0016-04-13 17:00:00,16,4,13,17,0,930,29,"52, FAIDHERBE",,,Plein jour,En agglomération,Hors intersection,Normale,Autre collision,,,,,,,,,,,1,2,1,1,6.0
201600040339,0016-05-11 10:10:00,16,5,11,10,10,930,29,"138, HENRI BARBUSSE (AVE",,,Plein jour,En agglomération,Intersection en T,Normale,Deux véhicules - côté,,,,,,,,,,,1,2,3,1,3.0
201600040340,0016-05-15 21:20:00,16,5,15,21,20,930,29,"57, CHARLES GIDE",,,Nuit avec éclairage allumé,En agglomération,Intersection en T,Normale,Deux véhicules - frontale,,,,,,,,,,,5,2,3,1,1.0
201600040341,0016-05-15 21:40:00,16,5,15,21,40,930,29,", SADI CARNOT",,,Nuit avec éclairage allumé,En agglomération,Hors intersection,Normale,Deux véhicules - côté,,,,,,,,,,,5,2,1,1,3.0
201600040342,0016-05-16 22:05:00,16,5,16,22,5,930,29,"99, MARCEAU (AVENUE) N°",,,Nuit avec éclairage allumé,En agglomération,Hors intersection,Normale,Deux véhicules - côté,,,,,,,,,,,5,2,1,1,3.0
201600040343,0016-05-16 01:25:00,16,5,16,1,25,930,29,"152, REPUBLIQUE (DE LA)",,,Nuit avec éclairage allumé,En agglomération,Intersection en X,Normale,Deux véhicules - côté,,,,,,,,,,,5,2,2,1,3.0
201600040344,0016-05-16 19:35:00,16,5,16,19,35,930,29,"15, ADRIEN FROMENT",,,Plein jour,En agglomération,Intersection en X,Normale,Autre collision,,,,,,,,,,,1,2,2,1,6.0
201600040345,0016-05-22 19:30:00,16,5,22,19,30,930,29,"9, JOFFRE (PLACE)",,,Plein jour,En agglomération,Hors intersection,Temps couvert,Autre collision,,,,,,,,,,,1,2,1,8,6.0
201600040346,0016-05-23 12:15:00,16,5,23,12,15,930,29,"25, DIDEROT",,,Plein jour,En agglomération,Intersection en T,Pluie légère,Deux véhicules - arrière,,,,,,,,,,,1,2,3,2,2.0
201600040347,0016-05-27 10:45:00,16,5,27,10,45,930,29,"84, HENRI BARBUSSE (AVE)",,,Plein jour,En agglomération,Autre intersection,Normale,Autre collision,,,,,,,,,,,1,2,9,1,6.0
201600040348,0016-05-27 15:30:00,16,5,27,15,30,930,29,DIX NEUF MARS 1962 (PLAC,,,Plein jour,En agglomération,Intersection en X,Normale,Deux véhicules - frontale,,,,,,,,,,,1,2,2,1,1.0
201600040349,0016-05-30 23:45:00,16,5,30,23,45,930,29,MARCEAU (AVENUE) N° 29-F,,,Nuit avec éclairage allumé,En agglomération,Hors intersection,Pluie forte,Deux véhicules - frontale,,,,,,,,,,,5,2,1,3,1.0
201600040350,0016-06-01 13:30:00,16,6,1,13,30,930,29,"1, AMBROISE CROIZAT",,,Plein jour,En agglomération,Hors intersection,Temps couvert,Deux véhicules - côté,,,,,,,,,,,1,2,1,8,3.0
201600040351,0016-06-05 00:01:00,16,6,5,0,1,930,29,"52bis, MARCEAU (AVENUE)",,,Nuit avec éclairage allumé,En agglomération,Hors intersection,Pluie légère,Autre collision,,,,,,,,,,,5,2,1,2,6.0
201600040352,0016-06-05 11:30:00,16,6,5,11,30,930,29,"220, ANATOLE FRANCE",,,Plein jour,En agglomération,Hors intersection,Pluie légère,Deux véhicules - côté,,,,,,,,,,,1,2,1,2,3.0
201600040353,0016-06-16 17:05:00,16,6,16,17,5,930,29,LATERAL (CHEMIN),,,Plein jour,En agglomération,Hors intersection,Pluie légère,Autre collision,,,,,,,,,,,1,2,1,2,6.0
201600040354,0016-06-17 18:20:00,16,6,17,18,20,930,29,"45, SADI CARNOT",,,Plein jour,En agglomération,Hors intersection,Pluie légère,Deux véhicules - côté,,,,,,,,,,,1,2,1,2,3.0
201600040355,0016-06-23 00:20:00,16,6,23,0,20,930,29,"77, JEAN JAURES (AVENUE)",,,Nuit avec éclairage allumé,En agglomération,Intersection en T,Normale,Deux véhicules - côté,,,,,,,,,,,5,2,3,1,3.0
201600040356,0016-06-28 19:10:00,16,6,28,19,10,930,29,"26, AMITIE (PLACE DE L')",,,Plein jour,En agglomération,Hors intersection,Normale,Autre collision,,,,,,,,,,,1,2,1,1,6.0
201600040357,0016-06-30 14:40:00,16,6,30,14,40,930,29,"20, GATEAU LAMBLIN",,,Plein jour,En agglomération,Intersection en Y,Normale,Autre collision,,,,,,,,,,,1,2,4,1,6.0
201600040358,0016-06-30 16:40:00,16,6,30,16,40,930,29,"70, ANATOLE FRANCE",,,Plein jour,En agglomération,Intersection en T,Normale,Deux véhicules - côté,,,,,,,,,,,1,2,3,1,3.0
201600040359,0016-07-03 21:20:00,16,7,3,21,20,930,29,"1, REPIQUET (ROND-POINT)",,,Plein jour,En agglomération,Giratoire,Pluie légère,Autre collision,,,,,,,,,,,1,2,6,2,6.0
201600040360,0016-07-06 16:20:00,16,7,6,16,20,930,29,"58, ROGER SALENGRO N° 01",,,Plein jour,En agglomération,Intersection en T,Normale,Deux véhicules - côté,,,,,,,,,,,1,2,3,1,3.0
201600040361,0016-07-11 00:45:00,16,7,11,0,45,930,29,"28, HENRI BARBUSSE (AVE)",,,Nuit avec éclairage allumé,En agglomération,Hors intersection,Normale,Autre collision,,,,,,,,,,,5,2,1,1,6.0
201600040362,0016-07-13 19:30:00,16,7,13,19,30,930,29,"2, HENRI BARBUSSE (AVE)",,,Plein jour,En agglomération,Intersection en T,Normale,Deux véhicules - côté,,,,,,,,,,,1,2,3,1,3.0
201600040363,0016-07-16 17:30:00,16,7,16,17,30,930,29,"180, STALINGRAD (DE)",,,Plein jour,En agglomération,Hors intersection,Normale,Deux véhicules - côté,,,,,,,,,,,1,2,1,1,3.0
201600040364,0016-07-17 21:30:00,16,7,17,21,30,930,29,"2, BOIS DE GROSLAY (DES)",,,Plein jour,En agglomération,Intersection en X,Normale,Deux véhicules - côté,,,,,,,,,,,1,2,2,1,3.0
201600040365,0016-07-15 02:05:00,16,7,15,2,5,930,29,"169, HENRI BARBUSSE (AVE",,,Nuit avec éclairage allumé,En agglomération,Intersection en T,Normale,Deux véhicules - côté,,,,,,,,,,,5,2,3,1,3.0
201600040366,0016-07-24 10:00:00,16,7,24,10,0,930,29,"69, JEAN JAURES (AVENUE)",,,Plein jour,En agglomération,Intersection en T,Normale,Deux véhicules - côté,,,,,,,,,,,1,2,3,1,3.0
201600040367,0016-07-29 12:45:00,16,7,29,12,45,930,29,"35, HENRI BARBUSSE (AVE)",,,Plein jour,En agglomération,Hors intersection,Normale,Deux véhicules - côté,,,,,,,,,,,1,2,1,1,3.0
201600040368,0016-08-04 16:55:00,16,8,4,16,55,930,29,"73, HENRI LANGLOIS",,,Plein jour,En agglomération,Hors intersection,Normale,Deux véhicules - côté,,,,,,,,,,,1,2,1,1,3.0
201600040369,0016-08-19 15:10:00,16,8,19,15,10,930,29,"4, REPUBLIQUE (DE LA) N°",,,Plein jour,En agglomération,Hors intersection,Pluie légère,Deux véhicules - côté,,,,,,,,,,,1,2,1,2,3.0
201600040370,0016-08-26 15:30:00,16,8,26,15,30,930,29,"1, PAUL VAILLANT COUTURI",,,Plein jour,En agglomération,Intersection en X,Normale,Autre collision,,,,,,,,,,,1,2,2,1,6.0
201600040371,0016-08-31 09:45:00,16,8,31,9,45,930,29,"129, ROGER SALENGRO N° 0",,,Plein jour,En agglomération,Intersection en T,Normale,Deux véhicules - côté,,,,,,,,,,,1,2,3,1,3.0
201600040372,0016-08-31 20:15:00,16,8,31,20,15,930,29,"7, ROGER SALENGRO N° 01-",,,Crépuscule ou aube,En agglomération,Hors intersection,Normale,Autre collision,,,,,,,,,,,2,2,1,1,6.0
201600040373,0016-09-03 16:19:00,16,9,3,16,19,930,29,"124, HENRI BARBUSSE (AVE",,,Plein jour,En agglomération,Hors intersection,Normale,Deux véhicules - côté,,,,,,,,,,,1,2,1,1,3.0
201600040374,0016-09-05 18:42:00,16,9,5,18,42,930,29,"26, STALINGRAD (DE)",,,Plein jour,En agglomération,Hors intersection,Pluie légère,Autre collision,,,,,,,,,,,1,2,1,2,6.0
201600040375,0016-09-12 11:20:00,16,9,12,11,20,930,29,"74, JEAN JAURES (AVENUE)",,,Plein jour,En agglomération,Intersection en T,Normale,Deux véhicules - côté,,,,,,,,,,,1,2,3,1,3.0
201600040376,0016-09-24 13:10:00,16,9,24,13,10,930,29,"50, SAINT-STENAY",,,Plein jour,En agglomération,Hors intersection,Normale,Deux véhicules - arrière,,,,,,,,,,,1,2,1,1,2.0
201600040377,0016-09-26 13:18:00,16,9,26,13,18,930,29,"78, JEAN JAURES (AVENUE)",,,Plein jour,En agglomération,Hors intersection,Normale,Deux véhicules - arrière,,,,,,,,,,,1,2,1,1,2.0
201600040378,0016-10-02 00:45:00,16,10,2,0,45,930,29,"5, BOIS DE GROSLAY (DES)",,,Nuit avec éclairage allumé,En agglomération,Intersection en T,Normale,Sans collision,,,,,,,,,,,5,2,3,1,7.0
201600040379,0016-10-04 15:00:00,16,10,4,15,0,930,29,"1, RAYMOND JUSTICE",,,Plein jour,En agglomération,Intersection en T,Temps éblouissant,Autre collision,,,,,,,,,,,1,2,3,7,6.0
201600040380,0016-10-09 17:25:00,16,10,9,17,25,930,29,"1, FAIDHERBE",,,Plein jour,En agglomération,Hors intersection,Normale,Autre collision,,,,,,,,,,,1,2,1,1,6.0
201600040381,0016-10-18 09:00:00,16,10,18,9,0,930,29,"196, ANATOLE FRANCE",,,Plein jour,En agglomération,Autre intersection,Normale,Autre collision,,,,,,,,,,,1,2,9,1,6.0
201600040382,0016-10-18 20:30:00,16,10,18,20,30,930,29,"196, ANATOLE FRANCE",,,Nuit avec éclairage allumé,En agglomération,Hors intersection,Pluie légère,Deux véhicules - arrière,,,,,,,,,,,5,2,1,2,2.0
201600040383,0016-10-30 15:10:00,16,10,30,15,10,930,29,"130, MARTYRS DE CHATEAUB",,,Plein jour,En agglomération,Intersection en X,Normale,Deux véhicules - côté,,,,,,,,,,,1,2,2,1,3.0
201600040384,0016-11-06 12:35:00,16,11,6,12,35,930,29,"1, PAUL VAILLANT COUTURI",,,Plein jour,En agglomération,Hors intersection,Normale,Autre collision,,,,,,,,,,,1,2,1,1,6.0
201600040385,0016-11-06 18:10:00,16,11,6,18,10,930,29,"39, FERNAND PENA",,,Nuit avec éclairage allumé,En agglomération,Giratoire,Normale,Sans collision,,,,,,,,,,,5,2,6,1,7.0
201600040386,0016-11-13 15:15:00,16,11,13,15,15,930,29,"93, MARCEAU (AVENUE) N°",,,Plein jour,En agglomération,Intersection en T,Pluie légère,Deux véhicules - côté,,,,,,,,,,,1,2,3,2,3.0
201600040387,0016-11-18 23:20:00,16,11,18,23,20,930,29,"135, HENRI BARBUSSE (AVE",,,Nuit avec éclairage allumé,En agglomération,Intersection en X,Normale,Deux véhicules - côté,,,,,,,,,,,5,2,2,1,3.0
201600040388,0016-11-29 15:40:00,16,11,29,15,40,930,29,"206, HENRI BARBUSSE (AVE",,,Plein jour,En agglomération,Hors intersection,Normale,Autre collision,,,,,,,,,,,1,2,1,1,6.0
201600040389,0016-11-24 12:40:00,16,11,24,12,40,930,29,"140, HENRI BARBUSSE (AVE",,,Plein jour,En agglomération,Hors intersection,Normale,Deux véhicules - côté,,,,,,,,,,,1,2,1,1,3.0
201600040390,0016-11-30 08:15:00,16,11,30,8,15,930,29,ANATOLE FRANCE,,,Plein jour,En agglomération,Hors intersection,Autre,Deux véhicules - arrière,,,,,,,,,,,1,2,1,9,2.0
201600040391,0016-11-30 17:00:00,16,11,30,17,0,930,29,"30, MARCEAU (AVENUE) N°",,,Plein jour,En agglomération,Hors intersection,Normale,Autre collision,,,,,,,,,,,1,2,1,1,6.0
201600040392,0016-12-01 18:00:00,16,12,1,18,0,930,29,"80, SAINT-STENAY",,,Nuit avec éclairage allumé,En agglomération,Hors intersection,Normale,Deux véhicules - côté,,,,,,,,,,,5,2,1,1,3.0
201600040393,0016-12-04 07:05:00,16,12,4,7,5,930,29,"104, HENRI BARBUSSE (AVE",,,Nuit avec éclairage allumé,En agglomération,Hors intersection,Normale,Autre collision,,,,,,,,,,,5,2,1,1,6.0
201600040394,0016-12-04 19:55:00,16,12,4,19,55,930,29,"49, MARCEAU (AVENUE) N°",,,Nuit avec éclairage allumé,En agglomération,Intersection en T,Temps couvert,Deux véhicules - côté,,,,,,,,,,,5,2,3,8,3.0
201600040395,0016-12-06 08:40:00,16,12,6,8,40,930,29,"80, FAIDHERBE",,,Plein jour,En agglomération,Hors intersection,Normale,Autre collision,,,,,,,,,,,1,2,1,1,6.0
201600040396,0016-12-08 19:50:00,16,12,8,19,50,930,29,"69, ROGER SALENGRO N° 01",,,Nuit sans éclairage public,Hors agglomération,Intersection en T,Normale,Deux véhicules - côté,,,,,,,,,,,3,1,3,1,3.0
201600040397,0016-12-12 16:50:00,16,12,12,16,50,930,29,"2, STALINGRAD (DE)",,,Crépuscule ou aube,En agglomération,Hors intersection,Pluie légère,Autre collision,,,,,,,,,,,2,2,1,2,6.0
201600040398,0016-12-13 00:49:00,16,12,13,0,49,930,29,"210, HENRI BARBUSSE (AVE",,,Nuit sans éclairage public,En agglomération,Intersection en X,Pluie légère,Deux véhicules - côté,,,,,,,,,,,3,2,2,2,3.0
201600040399,0016-12-23 09:45:00,16,12,23,9,45,930,29,"60, ROGER SALENGRO N° 02",,,Plein jour,En agglomération,Hors intersection,Brouillard / fumée,Deux véhicules - frontale,,,,,,,,,,,1,2,1,5,1.0
201600040400,0016-12-23 16:00:00,16,12,23,16,0,930,29,"02, SADI CARNOT",,,Plein jour,En agglomération,Hors intersection,Normale,Deux véhicules - arrière,,,,,,,,,,,1,2,1,1,2.0
201600040401,0016-12-24 00:30:00,16,12,24,0,30,930,29,"256, ANATOLE FRANCE",,,Nuit avec éclairage allumé,En agglomération,Intersection en T,Pluie légère,Deux véhicules - côté,,,,,,,,,,,5,2,3,2,3.0