accident_id,datetime,annee,mois,jour,heure,minute,departement,commune_insee,adresse,latitude,longitude,luminosite,agglomeration,intersection,meteo,collision,nb_vehicules,nb_usagers,nb_indemnes,nb_tues,nb_blesses_hosp,nb_blesses_legers,age_cond_1,age_cond_2,veh_type_cond_1,veh_type_cond_2,lum_code,agg_code,int_code,atm_code,col_code
201600040530,0016-07-15 19:50:00,16,7,15,19,50,930,32,"165, PAUL VAILLANT COUTU",,,Plein jour,En agglomération,Hors intersection,Normale,Deux véhicules - côté,,,,,,,,,,,1,2,1,1,3.0
201600040531,0016-07-20 09:30:00,16,7,20,9,30,930,32,"77, JEAN JAURES (AVENUE)",,,Plein jour,En agglomération,Hors intersection,Normale,Autre collision,,,,,,,,,,,1,2,1,1,6.0
201600040532,0016-07-20 18:25:00,16,7,20,18,25,930,32,"73, PRINTEMPS  (RUE DU)",,,Plein jour,En agglomération,Intersection en T,Normale,Deux véhicules - côté,,,,,,,,,,,1,2,3,1,3.0
201600040533,0016-08-12 06:45:00,16,8,12,6,45,930,32,MARE   (RUE DE LA),,,Plein jour,En agglomération,Hors intersection,Normale,Autre collision,,,,,,,,,,,1,2,1,1,6.0
201600040534,0016-08-13 19:00:00,16,8,13,19,0,930,32,MEAUX  (VIEUX CHEMIN DE),,,Plein jour,En agglomération,Autre intersection,Normale,Deux véhicules - frontale,,,,,,,,,,,1,2,9,1,1.0
201600040535,0016-08-28 15:45:00,16,8,28,15,45,930,32,"4, MOLIERE    (RUE)",,,Plein jour,En agglomération,Hors intersection,Normale,Autre collision,,,,,,,,,,,1,2,1,1,6.0
201600040536,0016-09-09 16:30:00,16,9,9,16,30,930,32,"15, ABBESSES  (CHEMIN D'",,,Plein jour,En agglomération,Hors intersection,Normale,Autre collision,,,,,,,,,,,1,2,1,1,6.0
201600040537,0016-09-20 22:05:00,16,9,20,22,5,930,32,"13, GABRIEL   (AVENUE)",,,Nuit sans éclairage public,En agglomération,Hors intersection,Normale,Autre collision,,,,,,,,,,,3,2,1,1,6.0
201600040538,0016-09-21 21:00:00,16,9,21,21,0,930,32,ARISTIDE BRIAND (RUE),,,Nuit avec éclairage allumé,En agglomération,Intersection en T,Normale,Deux véhicules - côté,,,,,,,,,,,5,2,3,1,3.0
201600040539,0016-09-30 08:25:00,16,9,30,8,25,930,32,TAINTURIER  (RUE),,,Plein jour,En agglomération,Autre intersection,Normale,Deux véhicules - côté,,,,,,,,,,,1,2,9,1,3.0
201600040540,0016-09-30 10:30:00,16,9,30,10,30,930,32,RENARDIERE   (CHEMIN DE,,,Plein jour,En agglomération,Autre intersection,Normale,Autre collision,,,,,,,,,,,1,2,9,1,6.0
201600040541,0016-10-05 19:41:00,16,10,5,19,41,930,32,PAUL VAILLANT COUTURIER,,,Nuit avec éclairage allumé,En agglomération,Intersection à plus de 4 branches,Normale,Deux véhicules - côté,,,,,,,,,,,5,2,5,1,3.0
201600040542,0016-10-07 14:50:00,16,10,7,14,50,930,32,CONTANT   (RUE),,,Plein jour,En agglomération,Hors intersection,Normale,Deux véhicules - arrière,,,,,,,,,,,1,2,1,1,2.0
201600040543,0016-10-10 20:35:00,16,10,10,20,35,930,32,MONTGUICHET  (CHEMIN DE),,,Nuit avec éclairage allumé,En agglomération,Intersection en T,Normale,Trois véhicules et plus - en chaîne,,,,,,,,,,,5,2,3,1,4.0
201600040544,0016-10-11 07:20:00,16,10,11,7,20,930,32,"89, ARISTIDE BRIAND (RUE",,,Nuit avec éclairage non allumé,En agglomération,Intersection en T,Normale,Deux véhicules - côté,,,,,,,,,,,4,2,3,1,3.0
201600040545,0016-11-20 15:50:00,16,11,20,15,50,930,32,"71, JEAN JAURES (AVENUE)",,,Plein jour,En agglomération,Hors intersection,Pluie légère,Autre collision,,,,,,,,,,,1,2,1,2,6.0
201600040546,0016-11-24 19:00:00,16,11,24,19,0,930,32,"136, JULES GUESDES  (RUE",,,Nuit sans éclairage public,En agglomération,Hors intersection,Normale,Autre collision,,,,,,,,,,,3,2,1,1,6.0
201600040547,0016-11-25 13:50:00,16,11,25,13,50,930,32,"68, ARISTIDE BRIAND (RUE",,,Plein jour,En agglomération,Intersection en T,Normale,Deux véhicules - arrière,,,,,,,,,,,1,2,3,1,2.0
201600040548,0016-11-27 19:30:00,16,11,27,19,30,930,32,PAUL VAILLANT COUTURIER,,,Nuit avec éclairage allumé,En agglomération,Intersection en T,Normale,Deux véhicules - côté,,,,,,,,,,,5,2,3,1,3.0
201600040549,0016-12-08 12:00:00,16,12,8,12,0,930,32,TAINTURIER  (RUE),,,Plein jour,En agglomération,Hors intersection,Normale,Autre collision,,,,,,,,,,,1,2,1,1,6.0
201600040550,0016-12-11 14:35:00,16,12,11,14,35,930,32,"171, PAUL VAILLANT COUTU",,,Plein jour,En agglomération,Hors intersection,Normale,Autre collision,,,,,,,,,,,1,2,1,1,6.0
201600040551,0016-12-20 01:00:00,16,12,20,1,0,930,32,"29, MONTGUICHET  (CHEMIN",,,Nuit avec éclairage allumé,En agglomération,Hors intersection,Normale,Autre collision,,,,,,,,,,,5,2,1,1,6.0
201600040552,0016-12-31 17:20:00,16,12,31,17,20,930,32,"165, PAUL VAILLANT COUTU",,,Nuit avec éclairage allumé,En agglomération,Hors intersection,Normale,Deux véhicules - côté,,,,,,,,,,,5,2,1,1,3.0
201600040553,0016-01-07 09:40:00,16,1,7,9,40,930,63,BARBUSSE HENRI BOULEVARD,,,Plein jour,En agglomération,Hors intersection,Pluie légère,Trois véhicules et plus - collisions multiples,,,,,,,,,,,1,2,1,2,5.0
201600040554,0016-01-11 09:15:00,16,1,11,9,15,930,63,"131, NOISY ROUTE DE",,,Plein jour,En agglomération,Hors intersection,Pluie légère,Deux véhicules - arrière,,,,,,,,,,,1,2,1,2,2.0
201600040555,0016-01-13 11:15:00,16,1,13,11,15,930,45,"27, JUIN AVENUE DU MAREC",,,Plein jour,En agglomération,Hors intersection,Normale,Deux véhicules - côté,,,,,,,,,,,1,2,1,1,3.0
201600040556,0016-01-14 17:45:00,16,1,14,17,45,930,6,"17, CAPSULERIE RUE DE LA",,,Nuit avec éclairage allumé,En agglomération,Hors intersection,Pluie légère,Autre collision,,,,,,,,,,,5,2,1,2,6.0
201600040557,0016-01-16 13:55:00,16,1,16,13,55,930,6,"173, DHUYS AV DE LA",,,Plein jour,En agglomération,Hors intersection,Normale,Autre collision,,,,,,,,,,,1,2,1,1,6.0
201600040558,0016-01-29 20:55:00,16,1,29,20,55,930,63,"208, MONTREUIL ROUTE DE",,,Nuit avec éclairage allumé,En agglomération,Hors intersection,Normale,Autre collision,,,,,,,,,,,5,2,1,1,6.0
201600040559,0016-01-30 18:30:00,16,1,30,18,30,930,6,"77, GAMBETTA AV.",,,Nuit avec éclairage allumé,En agglomération,Intersection en X,Pluie légère,Deux véhicules - côté,,,,,,,,,,,5,2,2,2,3.0
201600040560,0016-02-05 16:25:00,16,2,5,16,25,930,45,"1, DECROS EUGENE BOULEVA",,,Plein jour,En agglomération,Intersection en X,Normale,Deux véhicules - côté,,,,,,,,,,,1,2,2,1,3.0
201600040561,0016-02-07 12:40:00,16,2,7,12,40,930,6,"47, MICHELET RUE",,,Plein jour,En agglomération,Autre intersection,Normale,Autre collision,,,,,,,,,,,1,2,9,1,6.0
201600040562,0016-02-08 15:20:00,16,2,8,15,20,930,45,"40, JUIN AVENUE DU MAREC",,,Plein jour,En agglomération,Hors intersection,Pluie légère,Deux véhicules - côté,,,,,,,,,,,1,2,1,2,3.0
201600040563,0016-02-15 07:05:00,16,2,15,7,5,930,6,"53, REPUBLIQUE AVENUE DE",,,Crépuscule ou aube,En agglomération,Intersection en T,Normale,Deux véhicules - côté,,,,,,,,,,,2,2,3,1,3.0
201600040564,0016-02-15 13:45:00,16,2,15,13,45,930,63,BARBUSSE HENRI BOULEVARD,,,Plein jour,En agglomération,Intersection à plus de 4 branches,Normale,Deux véhicules - frontale,,,,,,,,,,,1,2,5,1,1.0
201600040565,0016-01-25 19:55:00,16,1,25,19,55,930,45,"91, PARIS RUE DE",,,Nuit avec éclairage allumé,En agglomération,Hors intersection,Autre,Deux véhicules - côté,,,,,,,,,,,5,2,1,9,3.0
201600040566,0016-02-09 14:30:00,16,2,9,14,30,930,63,BRETAGNES AVENUE DES,,,Plein jour,En agglomération,Intersection en T,Normale,Deux véhicules - frontale,,,,,,,,,,,1,2,3,1,1.0
201600040567,0016-01-30 12:05:00,16,1,30,12,5,930,45,"80, PARIS RUE DE",,,Plein jour,En agglomération,Intersection en X,Pluie légère,Autre collision,,,,,,,,,,,1,2,2,2,6.0
201600040568,0016-02-17 20:20:00,16,2,17,20,20,930,45,", PASTEUR AV.",,,Nuit avec éclairage allumé,En agglomération,Intersection en T,Normale,Autre collision,,,,,,,,,,,5,2,3,1,6.0
201600040569,0016-02-18 15:10:00,16,2,18,15,10,930,6,"76, GAL DE GAULLE AV. DU",,,Plein jour,En agglomération,Hors intersection,Temps couvert,Autre collision,,,,,,,,,,,1,2,1,8,6.0
201600040570,0016-02-13 22:00:00,16,2,13,22,0,930,45,LECLERC BOULEVARD DU GEN,,,Nuit avec éclairage allumé,En agglomération,Autre intersection,Pluie légère,Deux véhicules - arrière,,,,,,,,,,,5,2,9,2,2.0
201600040571,0016-02-18 08:00:00,16,2,18,8,0,930,63,DORY RUE LOUISE,,,Plein jour,En agglomération,Intersection en T,Normale,Deux véhicules - côté,,,,,,,,,,,1,2,3,1,3.0
201600040572,0016-02-22 16:30:00,16,2,22,16,30,930,6,STALINGRAD AV.,,,Plein jour,En agglomération,Hors intersection,Normale,Autre collision,,,,,,,,,,,1,2,1,1,6.0
201600040573,0016-02-26 16:00:00,16,2,26,16,0,930,6,"130, STALINGRAD AV.",,,Plein jour,En agglomération,Hors intersection,Normale,Deux véhicules - côté,,,,,,,,,,,1,2,1,1,3.0
201600040574,0016-03-12 12:30:00,16,3,12,12,30,930,63,"1, LENINE AVENUE",,,Plein jour,En agglomération,Intersection en T,Normale,Autre collision,,,,,,,,,,,1,2,3,1,6.0
201600040575,0016-03-14 13:15:00,16,3,14,13,15,930,6,"177, GAMBETTA AV.",,,Plein jour,En agglomération,Hors intersection,Normale,Deux véhicules - côté,,,,,,,,,,,1,2,1,1,3.0
201600040576,0016-03-08 23:05:00,16,3,8,23,5,930,63,JAURES RUE JEAN,,,Nuit avec éclairage allumé,En agglomération,Intersection en X,Normale,Deux véhicules - frontale,,,,,,,,,,,5,2,2,1,1.0
201600040577,0016-03-25 08:10:00,16,3,25,8,10,930,6,"10, COLOMBIER MARIE-ANNE",,,Plein jour,En agglomération,Intersection en T,Pluie légère,Deux véhicules - côté,,,,,,,,,,,1,2,3,2,3.0
201600040578,0016-04-01 08:55:00,16,4,1,8,55,930,6,"160, REPUBLIQUE AVENUE D",,,Plein jour,En agglomération,Intersection en T,Normale,Autre collision,,,,,,,,,,,1,2,3,1,6.0
201600040579,0016-04-03 07:45:00,16,4,3,7,45,930,63,"76, BRANLY BD EDOUARD",,,Plein jour,En agglomération,Hors intersection,Normale,Autre collision,,,,,,,,,,,1,2,1,1,6.0
201600040580,0016-04-03 18:00:00,16,4,3,18,0,930,63,"1, VASSOU RUE",,,Plein jour,En agglomération,Intersection en T,Normale,Autre collision,,,,,,,,,,,1,2,3,1,6.0
201600040581,0016-04-04 19:10:00,16,4,4,19,10,930,6,"282, MARCEL ETIENNE RUE",,,Plein jour,En agglomération,Autre intersection,Normale,Deux véhicules - côté,,,,,,,,,,,1,2,9,1,3.0
201600040582,0016-04-09 06:00:00,16,4,9,6,0,930,63,METZ AVENUE DE,,,Nuit avec éclairage allumé,Hors agglomération,Hors intersection,Normale,Autre collision,,,,,,,,,,,5,1,1,1,6.0
201600040583,0016-04-09 15:00:00,16,4,9,15,0,930,63,BRANLY BD EDOUARD,,,Plein jour,En agglomération,Intersection en X,Normale,Trois véhicules et plus - en chaîne,,,,,,,,,,,1,2,2,1,4.0
201600040584,0016-04-11 15:20:00,16,4,11,15,20,930,45,PARIS RUE DE,,,Plein jour,En agglomération,Intersection en X,Pluie légère,Deux véhicules - côté,,,,,,,,,,,1,2,2,2,3.0
201600040585,0016-04-13 08:50:00,16,4,13,8,50,930,6,"6, LOLIVE JEAN RUE",,,Plein jour,En agglomération,Hors intersection,Temps couvert,Autre collision,,,,,,,,,,,1,2,1,8,6.0
201600040586,0016-04-18 14:30:00,16,4,18,14,30,930,63,BARBUSSE HENRI BOULEVARD,,,Plein jour,En agglomération,Intersection en X,Normale,Autre collision,,,,,,,,,,,1,2,2,1,6.0
201600040587,0016-04-21 11:30:00,16,4,21,11,30,930,63,BRANLY BD EDOUARD,,,Plein jour,En agglomération,Hors intersection,Normale,Deux véhicules - côté,,,,,,,,,,,1,2,1,1,3.0
201600040588,0016-03-19 01:45:00,16,3,19,1,45,930,63,"130, BERLIOZ AVENUE",,,Nuit avec éclairage allumé,En agglomération,Intersection en X,Normale,Autre collision,,,,,,,,,,,5,2,2,1,6.0
201600040589,0016-05-16 18:00:00,16,5,16,18,0,930,45,"20, LIBERTE BD DE LA",,,Plein jour,En agglomération,Hors intersection,Temps couvert,Deux véhicules - côté,,,,,,,,,,,1,2,1,8,3.0
201600040590,0016-05-10 23:00:00,16,5,10,23,0,930,6,"1, MARCEL ETIENNE RUE",,,Nuit avec éclairage allumé,En agglomération,Intersection en X,Pluie légère,Deux véhicules - côté,,,,,,,,,,,5,2,2,2,3.0
201600040591,0016-05-15 11:30:00,16,5,15,11,30,930,6,"28, GAL DE GAULLE AV. DU",,,Plein jour,En agglomération,Hors intersection,Normale,Autre collision,,,,,,,,,,,1,2,1,1,6.0
201600040592,0016-05-27 20:00:00,16,5,27,20,0,930,63,"1, METZ AVENUE DE",,,Plein jour,En agglomération,Hors intersection,Normale,Deux véhicules - arrière,,,,,,,,,,,1,2,1,1,2.0
201600040593,0016-05-30 13:05:00,16,5,30,13,5,930,63,"1, BRANLY BD EDOUARD",,,Plein jour,En agglomération,Autre intersection,Pluie forte,Autre collision,,,,,,,,,,,1,2,9,3,6.0
201600040594,0016-05-30 20:10:00,16,5,30,20,10,930,6,"151, GALLIENI  AV.",,,Plein jour,En agglomération,Hors intersection,Pluie forte,Autre collision,,,,,,,,,,,1,2,1,3,6.0
201600040595,0016-06-01 09:10:00,16,6,1,9,10,930,6,"2, LENINE RUE",,,Plein jour,En agglomération,Hors intersection,Pluie légère,Autre collision,,,,,,,,,,,1,2,1,2,6.0
201600040596,0016-06-02 12:55:00,16,6,2,12,55,930,63,"2, LEMOINE RUE JEAN",,,Plein jour,En agglomération,Hors intersection,Temps couvert,Deux véhicules - frontale,,,,,,,,,,,1,2,1,8,1.0
201600040597,0016-06-04 16:10:00,16,6,4,16,10,930,63,"84, REPUBLIQUE RUE DE LA",,,Plein jour,En agglomération,Intersection en X,Normale,Deux véhicules - côté,,,,,,,,,,,1,2,2,1,3.0
201600040598,0016-07-02 11:30:00,16,7,2,11,30,930,63,"1, REPUBLIQUE RUE DE LA",,,Plein jour,En agglomération,Intersection en T,Normale,Deux véhicules - côté,,,,,,,,,,,1,2,3,1,3.0
201600040599,0016-07-06 15:50:00,16,7,6,15,50,930,45,"1, JUIN AVENUE DU MARECH",,,Plein jour,En agglomération,Intersection en T,Normale,Autre collision,,,,,,,,,,,1,2,3,1,6.0
201600040600,0016-07-10 11:40:00,16,7,10,11,40,930,63,"14, VAILLANT-COUTURIER A",,,Plein jour,En agglomération,Hors intersection,Normale,Deux véhicules - côté,,,,,,,,,,,1,2,1,1,3.0
201600040601,0016-07-11 10:20:00,16,7,11,10,20,930,61,"1, PERI GABRIEL RUE",,,Plein jour,En agglomération,Intersection en X,Normale,Autre collision,,,,,,,,,,,1,2,2,1,6.0
201600040602,0016-07-15 18:50:00,16,7,15,18,50,930,63,"1, VASSOU RUE",,,Plein jour,En agglomération,Intersection en T,Normale,Deux véhicules - frontale,,,,,,,,,,,1,2,3,1,1.0
201600040603,0016-08-02 00:50:00,16,8,2,0,50,930,63,METZ AVENUE DE,,,Nuit sans éclairage public,En agglomération,Hors intersection,Normale,Autre collision,,,,,,,,,,,3,2,1,1,6.0
201600040604,0016-08-02 09:30:00,16,8,2,9,30,930,6,FERRY JULES RUE,,,Plein jour,En agglomération,Intersection en T,Pluie légère,Deux véhicules - côté,,,,,,,,,,,1,2,3,2,3.0
201600040605,0016-08-02 11:30:00,16,8,2,11,30,930,63,"2, CHEMIN VERT ALLEE DU",,,Plein jour,En agglomération,Hors intersection,Pluie légère,Autre collision,,,,,,,,,,,1,2,1,2,6.0
201600040606,0016-08-05 21:15:00,16,8,5,21,15,930,63,"0, BRANLY BD EDOUARD",,,Nuit sans éclairage public,En agglomération,Giratoire,Normale,Deux véhicules - arrière,,,,,,,,,,,3,2,6,1,2.0
201600040607,0016-08-06 15:40:00,16,8,6,15,40,930,61,"2, PERI GABRIEL RUE",,,Plein jour,En agglomération,Intersection en X,Normale,Deux véhicules - côté,,,,,,,,,,,1,2,2,1,3.0
201600040608,0016-08-09 07:25:00,16,8,9,7,25,930,45,"0, FAIDHERBE AVENUE",,,Plein jour,En agglomération,Intersection à plus de 4 branches,Normale,Deux véhicules - arrière,,,,,,,,,,,1,2,5,1,2.0
201600040609,0016-08-12 00:04:00,16,8,12,0,4,930,6,"197, NOISY LE SEC RUE DE",,,Nuit avec éclairage allumé,En agglomération,Hors intersection,Normale,Autre collision,,,,,,,,,,,5,2,1,1,6.0
201600040610,0016-08-16 14:30:00,16,8,16,14,30,930,6,"102, GAMBETTA AV.",,,Plein jour,En agglomération,Intersection en T,Normale,Deux véhicules - côté,,,,,,,,,,,1,2,3,1,3.0
201600040611,0016-08-18 18:40:00,16,8,18,18,40,930,63,"27, HUSSON GABRIEL",,,Plein jour,En agglomération,Intersection en X,Normale,Deux véhicules - côté,,,,,,,,,,,1,2,2,1,3.0
201600040612,0016-08-22 16:05:00,16,8,22,16,5,930,6,LEFEVRE RAYMOND,,,Plein jour,En agglomération,Hors intersection,Normale,Autre collision,,,,,,,,,,,1,2,1,1,6.0
201600040613,0016-08-30 13:30:00,16,8,30,13,30,930,63,"1, BRANLY BD EDOUARD",,,Plein jour,En agglomération,Intersection en T,Normale,Deux véhicules - côté,,,,,,,,,,,1,2,3,1,3.0
201600040614,0016-08-30 17:30:00,16,8,30,17,30,930,45,"1, LIBERTE BD DE LA",,,Plein jour,En agglomération,Hors intersection,Normale,Autre collision,,,,,,,,,,,1,2,1,1,6.0
201600040615,0016-08-31 11:45:00,16,8,31,11,45,930,6,"33, GAL DE GAULLE AV. DU",,,Plein jour,En agglomération,Hors intersection,Normale,Autre collision,,,,,,,,,,,1,2,1,1,6.0
201600040616,0016-09-02 21:20:00,16,9,2,21,20,930,63,"1, BARBUSSE HENRI BOULEV",,,Nuit avec éclairage allumé,En agglomération,Hors intersection,Normale,Autre collision,,,,,,,,,,,5,2,1,1,6.0
201600040617,0016-09-05 08:45:00,16,9,5,8,45,930,45,"16, JUIN AVENUE DU MAREC",,,Plein jour,En agglomération,Hors intersection,Pluie légère,Autre collision,,,,,,,,,,,1,2,1,2,6.0
201600040618,0016-09-07 14:40:00,16,9,7,14,40,930,6,GALLIENI  AV.,,,Plein jour,En agglomération,Intersection en Y,Normale,Deux véhicules - côté,,,,,,,,,,,1,2,4,1,3.0
201600040619,0016-09-10 15:25:00,16,9,10,15,25,930,6,"26, GAL DE GAULLE AV. DU",,,Plein jour,En agglomération,Hors intersection,Normale,Autre collision,,,,,,,,,,,1,2,1,1,6.0
201600040620,0016-09-14 09:07:00,16,9,14,9,7,930,45,"0, DECROS EUGENE BOULEVA",,,Plein jour,En agglomération,Intersection en X,Normale,Autre collision,,,,,,,,,,,1,2,2,1,6.0
201600040621,0016-09-17 18:00:00,16,9,17,18,0,930,6,"36, GALLIENI  AV.",,,Plein jour,En agglomération,Hors intersection,Normale,Deux véhicules - arrière,,,,,,,,,,,1,2,1,1,2.0
201600040622,0016-09-20 16:50:00,16,9,20,16,50,930,6,"33-35, GAL DE GAULLE AV.",,,Plein jour,En agglomération,Hors intersection,Normale,Autre collision,,,,,,,,,,,1,2,1,1,6.0
201600040623,0016-09-24 16:00:00,16,9,24,16,0,930,61,"0, FAIDHERBE AVENUE",,,Plein jour,En agglomération,Intersection en X,Normale,Deux véhicules - côté,,,,,,,,,,,1,2,2,1,3.0
201600040624,0016-09-27 22:00:00,16,9,27,22,0,930,45,"01, DECROS EUGENE BOULEV",,,Nuit avec éclairage allumé,En agglomération,Intersection en X,Normale,Deux véhicules - frontale,,,,,,,,,,,5,2,2,1,1.0
201600040625,0016-09-28 13:00:00,16,9,28,13,0,930,61,"56, PERI GABRIEL RUE",,,Plein jour,En agglomération,Hors intersection,Normale,Autre collision,,,,,,,,,,,1,2,1,1,6.0
201600040626,0016-09-28 19:30:00,16,9,28,19,30,930,63,"40, VERDUN AVENUE DE",,,Nuit sans éclairage public,En agglomération,Hors intersection,Normale,Autre collision,,,,,,,,,,,3,2,1,1,6.0
201600040627,0016-10-05 08:30:00,16,10,5,8,30,930,63,"7, KERAUTRET AVENUE PIER",,,Plein jour,En agglomération,Hors intersection,Normale,Autre collision,,,,,,,,,,,1,2,1,1,6.0
201600040628,0016-10-05 00:10:00,16,10,5,0,10,930,6,GAMBETTA AV.,,,Nuit avec éclairage allumé,En agglomération,Intersection en T,Normale,Deux véhicules - côté,,,,,,,,,,,5,2,3,1,3.0
201600040629,0016-10-09 22:00:00,16,10,9,22,0,930,6,"122, PASTEUR AV.",,,Nuit avec éclairage allumé,En agglomération,Intersection en Y,Normale,Deux véhicules - côté,,,,,,,,,,,5,2,4,1,3.0
201600040630,0016-10-11 12:40:00,16,10,11,12,40,930,45,"53 BIS, PASTEUR AV.",,,Plein jour,En agglomération,Hors intersection,Normale,Deux véhicules - côté,,,,,,,,,,,1,2,1,1,3.0
201600040631,0016-10-09 21:15:00,16,10,9,21,15,930,63,"10, FLOREAL RUE",,,Nuit avec éclairage allumé,En agglomération,Hors intersection,Normale,Deux véhicules - arrière,,,,,,,,,,,5,2,1,1,2.0
201600040632,0016-10-19 14:00:00,16,10,19,14,0,930,61,"0, AUDRY COLETTE RUE",,,Plein jour,En agglomération,Intersection en X,Normale,Autre collision,,,,,,,,,,,1,2,2,1,6.0
201600040633,0016-10-19 16:55:00,16,10,19,16,55,930,6,"41, MICHEL LOUISE RUE",,,Plein jour,En agglomération,Hors intersection,Pluie légère,Autre collision,,,,,,,,,,,1,2,1,2,6.0
201600040634,0016-10-22 16:00:00,16,10,22,16,0,930,45,"62, PARIS RUE DE",,,Plein jour,En agglomération,Hors intersection,Normale,Deux véhicules - côté,,,,,,,,,,,1,2,1,1,3.0
201600040635,0016-10-31 16:00:00,16,10,31,16,0,930,63,"5, LENINE AVENUE",,,Plein jour,En agglomération,Hors intersection,Normale,Autre collision,,,,,,,,,,,1,2,1,1,6.0
201600040636,0016-11-04 15:45:00,16,11,4,15,45,930,45,"02, GUYNEMER RUE",,,Plein jour,En agglomération,Hors intersection,Normale,Autre collision,,,,,,,,,,,1,2,1,1,6.0
201600040637,0016-11-06 16:00:00,16,11,6,16,0,930,45,"141, PARIS RUE DE",,,Plein jour,En agglomération,Hors intersection,Normale,Autre collision,,,,,,,,,,,1,2,1,1,6.0
201600040638,0016-11-09 19:15:00,16,11,9,19,15,930,45,"114, PARIS RUE DE",,,Nuit avec éclairage allumé,En agglomération,Hors intersection,Pluie légère,Autre collision,,,,,,,,,,,5,2,1,2,6.0
201600040639,0016-11-10 21:00:00,16,11,10,21,0,930,45,"136, PARIS RUE DE",,,Nuit avec éclairage allumé,En agglomération,Hors intersection,Normale,Autre collision,,,,,,,,,,,5,2,1,1,6.0
201600040640,0016-11-13 04:20:00,16,11,13,4,20,930,63,"62, METZ AVENUE DE",,,Nuit avec éclairage allumé,En agglomération,Hors intersection,Pluie légère,Deux véhicules - côté,,,,,,,,,,,5,2,1,2,3.0
201600040641,0016-11-13 17:56:00,16,11,13,17,56,930,6,"41, GAL LECLERC AV. DU",,,Nuit avec éclairage allumé,En agglomération,Hors intersection,Temps couvert,Autre collision,,,,,,,,,,,5,2,1,8,6.0
201600040642,0016-11-17 13:20:00,16,11,17,13,20,930,63,"151, VAILLANT AVENUE DU",,,Plein jour,En agglomération,Hors intersection,Normale,Autre collision,,,,,,,,,,,1,2,1,1,6.0
201600040643,0016-11-20 14:40:00,16,11,20,14,40,930,63,"1, BARBUSSE HENRI BOULEV",,,Plein jour,En agglomération,Intersection en X,Pluie légère,Autre collision,,,,,,,,,,,1,2,2,2,6.0
201600040644,0016-11-21 16:10:00,16,11,21,16,10,930,45,"0, DECROS EUGENE BOULEVA",,,Plein jour,En agglomération,Intersection en X,Normale,Deux véhicules - côté,,,,,,,,,,,1,2,2,1,3.0
201600040645,0016-11-23 22:15:00,16,11,23,22,15,930,45,"05, COQ FRANCAIS RUE DU",,,Nuit avec éclairage allumé,En agglomération,Intersection en T,Normale,Autre collision,,,,,,,,,,,5,2,3,1,6.0
201600040646,0016-11-28 22:35:00,16,11,28,22,35,930,63,LENINE AVENUE,,,Nuit avec éclairage allumé,En agglomération,Intersection en T,Normale,Deux véhicules - côté,,,,,,,,,,,5,2,3,1,3.0
201600040647,0016-12-01 12:01:00,16,12,1,12,1,930,6,"82, GAMBETTa AV.",,,Plein jour,En agglomération,Hors intersection,Normale,Autre collision,,,,,,,,,,,1,2,1,1,6.0
201600040648,0016-12-07 13:45:00,16,12,7,13,45,930,45,"220, PARIS RUE DE",,,Plein jour,En agglomération,Intersection en T,Normale,Autre collision,,,,,,,,,,,1,2,3,1,6.0
201600040649,0016-12-07 22:20:00,16,12,7,22,20,930,45,"42, BRUYERES RUE DES",,,Nuit avec éclairage allumé,En agglomération,Intersection en X,Normale,Autre collision,,,,,,,,,,,5,2,2,1,6.0
201600040650,0016-12-18 08:25:00,16,12,18,8,25,930,6,"0, STALINGRAD AV.",,,Plein jour,En agglomération,Intersection en X,Pluie légère,Deux véhicules - côté,,,,,,,,,,,1,2,2,2,3.0
201600040651,0016-12-23 22:10:00,16,12,23,22,10,930,6,"0, REPUBLIQUE AVENUE DE",,,Nuit avec éclairage allumé,En agglomération,Intersection en X,Normale,Deux véhicules - côté,,,,,,,,,,,5,2,2,1,3.0
201600040652,0016-12-28 19:00:00,16,12,28,19,0,930,45,"75, PARIS RUE DE",,,Nuit avec éclairage allumé,En agglomération,Hors intersection,Normale,Autre collision,,,,,,,,,,,5,2,1,1,6.0
201600040653,0016-12-30 16:30:00,16,12,30,16,30,930,63,"56, BRANLY BD EDOUARD",,,Plein jour,Hors agglomération,Intersection en Y,Brouillard / fumée,Deux véhicules - arrière,,,,,,,,,,,1,1,4,5,2.0
201600040654,0016-01-01 07:22:00,16,1,1,7,22,930,74,HENRI IV RUE,,,Nuit sans éclairage public,Hors agglomération,Hors intersection,Normale,Deux véhicules - arrière,,,,,,,,,,,3,1,1,1,2.0
201600040655,0016-01-01 23:00:00,16,1,1,23,0,930,46,ARISTIDE BRIAND AVENUE,,,Nuit avec éclairage allumé,En agglomération,Intersection en X,Normale,Deux véhicules - côté,,,,,,,,,,,5,2,2,1,3.0
201600040656,0016-01-03 05:55:00,16,1,3,5,55,930,46,"36, ARISTIDE BRIAND AVEN",,,Nuit avec éclairage allumé,En agglomération,Intersection en T,Normale,Autre collision,,,,,,,,,,,5,2,3,1,6.0
201600040657,0016-01-05 08:10:00,16,1,5,8,10,930,46,ARISTIDE BRIAND AVENUE,,,Crépuscule ou aube,En agglomération,Intersection en X,Pluie légère,Trois véhicules et plus - collisions multiples,,,,,,,,,,,2,2,2,2,5.0
201600040658,0016-01-05 12:50:00,16,1,5,12,50,930,46,"93, ARISTIDE BRIAND AVEN",,,Plein jour,En agglomération,Intersection en T,Temps couvert,Deux véhicules - côté,,,,,,,,,,,1,2,3,8,3.0
201600040659,0016-01-11 12:08:00,16,1,11,12,8,930,46,SULLY AVENUE,,,Plein jour,En agglomération,Intersection en T,Pluie légère,Deux véhicules - côté,,,,,,,,,,,1,2,3,2,3.0