accident_id,datetime,annee,mois,jour,heure,minute,departement,commune_insee,adresse,latitude,longitude,luminosite,agglomeration,intersection,meteo,collision,nb_vehicules,nb_usagers,nb_indemnes,nb_tues,nb_blesses_hosp,nb_blesses_legers,age_cond_1,age_cond_2,veh_type_cond_1,veh_type_cond_2,lum_code,agg_code,int_code,atm_code,col_code
201600040660,0016-01-15 16:08:00,16,1,15,16,8,930,46,"31, VAUBAN AVENUE",,,Plein jour,En agglomération,Hors intersection,Normale,Autre collision,,,,,,,,,,,1,2,1,1,6.0
201600040661,0016-01-21 07:30:00,16,1,21,7,30,930,46,PAUL BERT AVENUE,,,Nuit avec éclairage allumé,En agglomération,Hors intersection,Brouillard / fumée,Autre collision,,,,,,,,,,,5,2,1,5,6.0
201600040662,0016-01-21 16:55:00,16,1,21,16,55,930,46,Allée Jean Coulon,,,Plein jour,En agglomération,Hors intersection,Normale,Autre collision,,,,,,,,,,,1,2,1,1,6.0
201600040663,0016-01-24 10:40:00,16,1,24,10,40,930,74,MEAUX RUE DE,,,Plein jour,En agglomération,Intersection en X,Temps couvert,Deux véhicules - côté,,,,,,,,,,,1,2,2,8,3.0
201600040664,0016-02-02 13:48:00,16,2,2,13,48,930,46,ARISTIDE BRIAND AVENUE,,,Plein jour,En agglomération,Hors intersection,Temps couvert,Deux véhicules - frontale,,,,,,,,,,,1,2,1,8,1.0
201600040665,0016-02-04 18:55:00,16,2,4,18,55,930,46,ROGER SALENGRO BOULEVARD,,,Nuit avec éclairage allumé,En agglomération,Intersection en T,Pluie légère,Deux véhicules - côté,,,,,,,,,,,5,2,3,2,3.0
201600040666,0016-02-12 14:45:00,16,2,12,14,45,930,46,VAUBAN AVENUE,,,Plein jour,En agglomération,Intersection en X,Pluie légère,Deux véhicules - côté,,,,,,,,,,,1,2,2,2,3.0
201600040667,0016-02-12 21:00:00,16,2,12,21,0,930,46,POSTES CHEMIN DES,,,Nuit avec éclairage allumé,En agglomération,Hors intersection,Normale,Deux véhicules - frontale,,,,,,,,,,,5,2,1,1,1.0
201600040668,0016-02-15 06:15:00,16,2,15,6,15,930,46,"13, VAUBAN AVENUE",,,Nuit avec éclairage allumé,En agglomération,Hors intersection,Normale,Autre collision,,,,,,,,,,,5,2,1,1,6.0
201600040669,0016-02-16 22:25:00,16,2,16,22,25,930,46,SALVADOR ALLENDE CARREFO,,,Nuit avec éclairage allumé,En agglomération,Intersection en X,Normale,Deux véhicules - côté,,,,,,,,,,,5,2,2,1,3.0
201600040670,0016-02-18 16:05:00,16,2,18,16,5,930,46,"90, ARISTIDE BRIAND AVEN",,,Plein jour,En agglomération,Hors intersection,Pluie légère,Deux véhicules - arrière,,,,,,,,,,,1,2,1,2,2.0
201600040671,0016-02-21 16:15:00,16,2,21,16,15,930,46,EDOUARD HERRIOT RUE,,,Plein jour,En agglomération,Hors intersection,Temps couvert,Autre collision,,,,,,,,,,,1,2,1,8,6.0
201600040672,0016-02-27 10:50:00,16,2,27,10,50,930,15,"00, STRATEGIQUE ROUTE",,,Plein jour,Hors agglomération,Hors intersection,Normale,Trois véhicules et plus - collisions multiples,,,,,,,,,,,1,1,1,1,5.0
201600040673,0016-03-01 11:15:00,16,3,1,11,15,930,46,"108, JEAN JAURES BOULEVA",,,Plein jour,En agglomération,Intersection en X,Pluie légère,Deux véhicules - côté,,,,,,,,,,,1,2,2,2,3.0
201600040674,0016-03-12 06:00:00,16,3,12,6,0,930,46,"69, ARISTIDE BRIAND AVEN",,,Nuit avec éclairage allumé,En agglomération,Hors intersection,Normale,Autre collision,,,,,,,,,,,5,2,1,1,6.0
201600040675,0016-03-16 20:20:00,16,3,16,20,20,930,46,"00, ARISTIDE BRIAND AVEN",,,Nuit avec éclairage allumé,En agglomération,Intersection en T,Normale,Sans collision,,,,,,,,,,,5,2,3,1,7.0
201600040676,0016-03-17 17:40:00,16,3,17,17,40,930,46,"1, LEON BLUM CITE",,,Plein jour,En agglomération,Hors intersection,Normale,Autre collision,,,,,,,,,,,1,2,1,1,6.0
201600040677,0016-03-18 11:55:00,16,3,18,11,55,930,74,GIFFARD RUE,,,Plein jour,En agglomération,Autre intersection,Normale,Autre collision,,,,,,,,,,,1,2,9,1,6.0
201600040678,0016-03-19 15:55:00,16,3,19,15,55,930,46,REPUBLIQUE AVENUE DE LA,,,Plein jour,En agglomération,Hors intersection,Normale,Autre collision,,,,,,,,,,,1,2,1,1,6.0
201600040679,0016-03-24 18:05:00,16,3,24,18,5,930,46,"38, PACHOT LAINE RUE",,,Plein jour,En agglomération,Hors intersection,Normale,Autre collision,,,,,,,,,,,1,2,1,1,6.0
201600040680,0016-03-27 16:10:00,16,3,27,16,10,930,46,EUROPE BOULEVARD DE L',,,Plein jour,Hors agglomération,Hors intersection,Normale,Trois véhicules et plus - collisions multiples,,,,,,,,,,,1,1,1,1,5.0
201600040681,0016-03-30 13:30:00,16,3,30,13,30,930,46,POSTES CHEMIN DES,,,Plein jour,En agglomération,Hors intersection,Pluie légère,Autre collision,,,,,,,,,,,1,2,1,2,6.0
201600040682,0016-04-01 08:25:00,16,4,1,8,25,930,46,"18, MARX DORMOY BOULEVAR",,,Plein jour,En agglomération,Intersection en X,Normale,Deux véhicules - côté,,,,,,,,,,,1,2,2,1,3.0
201600040683,0016-04-13 21:45:00,16,4,13,21,45,930,74,MEAUX RUE DE,,,Nuit avec éclairage allumé,En agglomération,Autre intersection,Normale,Deux véhicules - frontale,,,,,,,,,,,5,2,9,1,1.0
201600040684,0016-04-17 15:10:00,16,4,17,15,10,930,46,ARISTIDE BRIAND AVENUE,,,Plein jour,En agglomération,Hors intersection,Normale,Deux véhicules - arrière,,,,,,,,,,,1,2,1,1,2.0
201600040685,0016-04-18 18:20:00,16,4,18,18,20,930,15,BOIS DE BERNOUILLE ROUTE,,,Plein jour,Hors agglomération,Hors intersection,Normale,Autre collision,,,,,,,,,,,1,1,1,1,6.0
201600040686,0016-04-24 15:40:00,16,4,24,15,40,930,46,LIBERATION PLACE DE LA,,,Plein jour,En agglomération,Intersection en X,Pluie légère,Deux véhicules - frontale,,,,,,,,,,,1,2,2,2,1.0
201600040687,0016-04-28 17:45:00,16,4,28,17,45,930,15,JAURES RUE JEAN,,,Plein jour,En agglomération,Hors intersection,Normale,Autre collision,,,,,,,,,,,1,2,1,1,6.0
201600040688,0016-05-04 18:45:00,16,5,4,18,45,930,46,"2, CHARLES VAILLANT RUE",,,Plein jour,En agglomération,Hors intersection,Autre,Autre collision,,,,,,,,,,,1,2,1,9,6.0
201600040689,0016-05-07 15:40:00,16,5,7,15,40,930,74,MEAUX RUE DE,,,Plein jour,En agglomération,Intersection en T,Normale,Deux véhicules - arrière,,,,,,,,,,,1,2,3,1,2.0
201600040690,0016-05-08 17:20:00,16,5,8,17,20,930,46,"97, REPUBLIQUE AVENUE DE",,,Plein jour,En agglomération,Intersection en T,Normale,Deux véhicules - côté,,,,,,,,,,,1,2,3,1,3.0
201600040691,0016-05-07 00:01:00,16,5,7,0,1,930,46,CHARLES DE GAULLE AVENUE,,,Nuit avec éclairage allumé,En agglomération,Hors intersection,Normale,Deux véhicules - côté,,,,,,,,,,,5,2,1,1,3.0
201600040692,0016-05-15 00:05:00,16,5,15,0,5,930,46,ARISTIDE BRIAND AVENUE,,,Nuit avec éclairage allumé,En agglomération,Intersection en X,Normale,Deux véhicules - côté,,,,,,,,,,,5,2,2,1,3.0
201600040693,0016-05-15 21:00:00,16,5,15,21,0,930,74,ex Route Nationale 3,,,Plein jour,Hors agglomération,Hors intersection,Normale,Deux véhicules - côté,,,,,,,,,,,1,1,1,1,3.0
201600040694,0016-05-20 07:53:00,16,5,20,7,53,930,46,MARX DORMOY BOULEVARD,,,Plein jour,En agglomération,Intersection en X,Pluie légère,Deux véhicules - côté,,,,,,,,,,,1,2,2,2,3.0
201600040695,0016-05-23 15:00:00,16,5,23,15,0,930,46,"15, ARISTIDE BRIAND AVEN",,,Plein jour,En agglomération,Intersection en X,Temps couvert,Deux véhicules - côté,,,,,,,,,,,1,2,2,8,3.0
201600040696,0016-06-01 11:55:00,16,6,1,11,55,930,46,CESAR COLLAVERI AVENUE,,,Plein jour,En agglomération,Hors intersection,Normale,Autre collision,,,,,,,,,,,1,2,1,1,6.0
201600040697,0016-06-07 14:05:00,16,6,7,14,5,930,46,EUROPE BOULEVARD DE L',,,Plein jour,En agglomération,Giratoire,Normale,Autre collision,,,,,,,,,,,1,2,6,1,6.0
201600040698,0016-06-07 16:26:00,16,6,7,16,26,930,46,"60, JEAN JACQUES ROUSSEA",,,Plein jour,En agglomération,Hors intersection,Normale,Deux véhicules - côté,,,,,,,,,,,1,2,1,1,3.0
201600040699,0016-06-08 17:35:00,16,6,8,17,35,930,46,"1/3, LEON LUM AVENUE",,,Plein jour,En agglomération,Hors intersection,Normale,Trois véhicules et plus - collisions multiples,,,,,,,,,,,1,2,1,1,5.0
201600040700,0016-06-09 07:40:00,16,6,9,7,40,930,46,LUCIE AUBRAC ALLEE,,,Plein jour,En agglomération,Intersection en X,Normale,Deux véhicules - côté,,,,,,,,,,,1,2,2,1,3.0
201600040701,0016-06-09 19:00:00,16,6,9,19,0,930,46,ARISTIDE BRIAND AVENUE,,,Plein jour,En agglomération,Intersection à plus de 4 branches,Normale,Autre collision,,,,,,,,,,,1,2,5,1,6.0
201600040702,0016-06-10 08:45:00,16,6,10,8,45,930,46,LUCIE AUBRAC ALLEE,,,Plein jour,En agglomération,Hors intersection,Normale,Autre collision,,,,,,,,,,,1,2,1,1,6.0
201600040703,0016-06-10 13:35:00,16,6,10,13,35,930,46,ROGER SALENGRO BOULEVARD,,,Plein jour,En agglomération,Hors intersection,Normale,Deux véhicules - côté,,,,,,,,,,,1,2,1,1,3.0
201600040704,0016-06-13 08:55:00,16,6,13,8,55,930,46,EDOUARD HERRIOT RUE,,,Plein jour,En agglomération,Intersection en T,Normale,Autre collision,,,,,,,,,,,1,2,3,1,6.0
201600040705,0016-06-13 20:00:00,16,6,13,20,0,930,46,"93, ARISTIDE BRIAND AVEN",,,Plein jour,En agglomération,Hors intersection,Normale,Deux véhicules - arrière,,,,,,,,,,,1,2,1,1,2.0
201600040706,0016-06-16 22:30:00,16,6,16,22,30,930,46,"142, JEAN JAURES BOULEVA",,,Nuit avec éclairage allumé,En agglomération,Hors intersection,Normale,Autre collision,,,,,,,,,,,5,2,1,1,6.0
201600040707,0016-06-16 21:15:00,16,6,16,21,15,930,74,ex Route Nationale 3,,,Crépuscule ou aube,Hors agglomération,Hors intersection,Normale,Sans collision,,,,,,,,,,,2,1,1,1,7.0
201600040708,0016-06-23 11:20:00,16,6,23,11,20,930,46,ARISTIDE BRIAND AVENUE,,,Plein jour,En agglomération,Intersection en T,Normale,Deux véhicules - côté,,,,,,,,,,,1,2,3,1,3.0
201600040709,0016-07-06 13:05:00,16,7,6,13,5,930,46,"5, ARISTIDE BRIAND AVENU",,,Plein jour,En agglomération,Intersection en X,Normale,Deux véhicules - côté,,,,,,,,,,,1,2,2,1,3.0
201600040710,0016-07-12 16:50:00,16,7,12,16,50,930,46,ROGER SALENGRO BOULEVARD,,,Plein jour,En agglomération,Intersection à plus de 4 branches,Normale,Deux véhicules - côté,,,,,,,,,,,1,2,5,1,3.0
201600040711,0016-07-13 11:20:00,16,7,13,11,20,930,46,BENOIT MALON AVENUE,,,Plein jour,En agglomération,Hors intersection,Normale,Deux véhicules - arrière,,,,,,,,,,,1,2,1,1,2.0
201600040712,0016-07-19 21:50:00,16,7,19,21,50,930,46,ARISTIDE BRIAND AVENUE,,,Crépuscule ou aube,En agglomération,Intersection à plus de 4 branches,Normale,Deux véhicules - côté,,,,,,,,,,,2,2,5,1,3.0
201600040713,0016-07-21 15:50:00,16,7,21,15,50,930,46,MARECHAL LECLERC AVENUE,,,Plein jour,En agglomération,Intersection en T,Normale,Deux véhicules - côté,,,,,,,,,,,1,2,3,1,3.0
201600040714,0016-07-21 23:45:00,16,7,21,23,45,930,46,JEAN JACQUES ROUSSEAU AV,,,Nuit avec éclairage allumé,En agglomération,Intersection en T,Normale,Deux véhicules - côté,,,,,,,,,,,5,2,3,1,3.0
201600040715,0016-07-25 14:20:00,16,7,25,14,20,930,74,AMYOT BOULEVARD JACQUES,,,Plein jour,En agglomération,Hors intersection,Normale,Autre collision,,,,,,,,,,,1,2,1,1,6.0
201600040716,0016-07-27 18:25:00,16,7,27,18,25,930,46,"59, WINSTON CHURCHILL AV",,,Plein jour,En agglomération,Intersection à plus de 4 branches,Normale,Sans collision,,,,,,,,,,,1,2,5,1,7.0
201600040717,0016-07-30 16:40:00,16,7,30,16,40,930,46,"4, VAUBAN AVENUE",,,Plein jour,En agglomération,Hors intersection,Normale,Autre collision,,,,,,,,,,,1,2,1,1,6.0
201600040718,0016-08-25 08:10:00,16,8,25,8,10,930,46,EUGENE MASSE RUE,,,Plein jour,En agglomération,Hors intersection,Normale,Autre collision,,,,,,,,,,,1,2,1,1,6.0
201600040719,0016-09-01 10:30:00,16,9,1,10,30,930,46,DOCTEUR HERPIN RUE DU,,,Plein jour,En agglomération,Hors intersection,Normale,Autre collision,,,,,,,,,,,1,2,1,1,6.0
201600040720,0016-09-03 05:37:00,16,9,3,5,37,930,46,LEON LUM AVENUE,,,Crépuscule ou aube,En agglomération,Hors intersection,Normale,Autre collision,,,,,,,,,,,2,2,1,1,6.0
201600040721,0016-09-09 07:55:00,16,9,9,7,55,930,74,Route Nationale 3,,,Plein jour,Hors agglomération,Hors intersection,Normale,Autre collision,,,,,,,,,,,1,1,1,1,6.0
201600040722,0016-09-09 15:20:00,16,9,9,15,20,930,46,CESAR COLLAVERI AVENUE,,,Plein jour,En agglomération,Intersection en X,Normale,Deux véhicules - côté,,,,,,,,,,,1,2,2,1,3.0
201600040723,0016-09-09 16:30:00,16,9,9,16,30,930,74,MEAUX RUE DE,,,Plein jour,En agglomération,Hors intersection,Normale,Autre collision,,,,,,,,,,,1,2,1,1,6.0
201600040724,0016-09-14 08:35:00,16,9,14,8,35,930,46,"22, LA FONTAINE ALLEE",,,Plein jour,En agglomération,Hors intersection,Normale,Deux véhicules - frontale,,,,,,,,,,,1,2,1,1,1.0
201600040725,0016-09-20 17:55:00,16,9,20,17,55,930,46,MARX DORMOY BOULEVARD,,,Plein jour,En agglomération,Intersection en T,Normale,Deux véhicules - côté,,,,,,,,,,,1,2,3,1,3.0
201600040726,0016-09-24 12:40:00,16,9,24,12,40,930,46,MONTESQUIEU AVENUE,,,Plein jour,En agglomération,Intersection à plus de 4 branches,Normale,Deux véhicules - côté,,,,,,,,,,,1,2,5,1,3.0
201600040727,0016-09-29 07:20:00,16,9,29,7,20,930,46,CAMILLE DESMOULINS AVENU,,,Plein jour,En agglomération,Intersection en T,Normale,Deux véhicules - côté,,,,,,,,,,,1,2,3,1,3.0
201600040728,0016-09-30 07:40:00,16,9,30,7,40,930,46,"2/4, LA FONTAINE ALLEE",,,Plein jour,En agglomération,Intersection en T,Normale,Autre collision,,,,,,,,,,,1,2,3,1,6.0
201600040729,0016-10-01 20:55:00,16,10,1,20,55,930,46,"51, ARISTIDE BRIAND AVEN",,,Nuit avec éclairage allumé,En agglomération,Hors intersection,Normale,Autre collision,,,,,,,,,,,5,2,1,1,6.0
201600040730,0016-10-04 21:45:00,16,10,4,21,45,930,74,DE GAULLE AVENUE DU GENE,,,Nuit sans éclairage public,En agglomération,Autre intersection,Normale,Autre collision,,,,,,,,,,,3,2,9,1,6.0
201600040731,0016-10-09 18:15:00,16,10,9,18,15,930,46,DOCTEUR ROUX RUE DU,,,Plein jour,En agglomération,Giratoire,Normale,Deux véhicules - frontale,,,,,,,,,,,1,2,6,1,1.0
201600040732,0016-10-11 09:50:00,16,10,11,9,50,930,46,JEAN ZAY AVENUE,,,Plein jour,En agglomération,Intersection en X,Normale,Deux véhicules - côté,,,,,,,,,,,1,2,2,1,3.0
201600040733,0016-10-13 12:25:00,16,10,13,12,25,930,46,CAMILLE DESMOULINS AVENU,,,Plein jour,En agglomération,Hors intersection,Temps couvert,Deux véhicules - côté,,,,,,,,,,,1,2,1,8,3.0
201600040734,0016-11-03 09:00:00,16,11,3,9,0,930,15,STRATEGIQUE ROUTE,,,Plein jour,Hors agglomération,Giratoire,Normale,Deux véhicules - côté,,,,,,,,,,,1,1,6,1,3.0
201600040735,0016-11-03 18:30:00,16,11,3,18,30,930,46,MARECHAL LECLERC AVENUE,,,Nuit avec éclairage allumé,En agglomération,Intersection en T,Normale,Deux véhicules - côté,,,,,,,,,,,5,2,3,1,3.0
201600040736,0016-09-13 11:00:00,16,9,13,11,0,930,46,JEAN JAURES BOULEVARD,,,Plein jour,En agglomération,Hors intersection,Normale,Deux véhicules - côté,,,,,,,,,,,1,2,1,1,3.0
201600040737,0016-11-04 18:25:00,16,11,4,18,25,930,74,"138, MEAUX RUE DE",,,Nuit avec éclairage allumé,En agglomération,Hors intersection,Pluie légère,Autre collision,,,,,,,,,,,5,2,1,2,6.0
201600040738,0016-11-04 18:40:00,16,11,4,18,40,930,74,"29, MARE NEUVE RUE DE LA",,,Nuit avec éclairage allumé,En agglomération,Hors intersection,Pluie légère,Autre collision,,,,,,,,,,,5,2,1,2,6.0
201600040739,0016-11-06 22:00:00,16,11,6,22,0,930,46,ROBERT SCHUMANN BOULEVAR,,,Nuit avec éclairage allumé,En agglomération,Intersection en X,Normale,Deux véhicules - côté,,,,,,,,,,,5,2,2,1,3.0
201600040740,0016-11-09 06:20:00,16,11,9,6,20,930,46,"55-59, LUCIE AUBRAC ALLE",,,Nuit avec éclairage allumé,En agglomération,Hors intersection,Pluie forte,Deux véhicules - côté,,,,,,,,,,,5,2,1,3,3.0
201600040741,0016-11-09 17:15:00,16,11,9,17,15,930,46,"53, JEAN JAURES BOULEVAR",,,Nuit avec éclairage allumé,En agglomération,Hors intersection,Pluie légère,Deux véhicules - côté,,,,,,,,,,,5,2,1,2,3.0
201600040742,0016-11-16 13:10:00,16,11,16,13,10,930,46,JEAN JAURES BOULEVARD,,,Plein jour,En agglomération,Intersection à plus de 4 branches,Pluie légère,Autre collision,,,,,,,,,,,1,2,5,2,6.0
201600040743,0016-11-17 07:30:00,16,11,17,7,30,930,46,"153, ARISTIDE BRIAND AVE",,,Crépuscule ou aube,En agglomération,Hors intersection,Normale,Autre collision,,,,,,,,,,,2,2,1,1,6.0
201600040744,0016-11-18 22:05:00,16,11,18,22,5,930,74,"29, ROLLAND RUE ROMAIN",,,Nuit avec éclairage allumé,En agglomération,Hors intersection,Normale,Autre collision,,,,,,,,,,,5,2,1,1,6.0
201600040745,0016-11-21 16:00:00,16,11,21,16,0,930,46,"5, REPUBLIQUE BD DE",,,Plein jour,En agglomération,Intersection en X,Temps couvert,Deux véhicules - côté,,,,,,,,,,,1,2,2,8,3.0
201600040746,0016-11-21 20:00:00,16,11,21,20,0,930,74,"20, MEAUX RUE DE",,,Nuit avec éclairage allumé,En agglomération,Hors intersection,Normale,Autre collision,,,,,,,,,,,5,2,1,1,6.0
201600040747,0016-11-25 08:15:00,16,11,25,8,15,930,46,", ARISTIDE BRIAND AVENUE",,,Plein jour,En agglomération,Hors intersection,Normale,Deux véhicules - arrière,,,,,,,,,,,1,2,1,1,2.0
201600040748,0016-11-28 17:45:00,16,11,28,17,45,930,46,"137, ARISTIDE BRIAND AVE",,,Nuit avec éclairage allumé,En agglomération,Hors intersection,Normale,Trois véhicules et plus - en chaîne,,,,,,,,,,,5,2,1,1,4.0
201600040749,0016-11-29 13:25:00,16,11,29,13,25,930,74,"00, BOUCHER RUE ALEXANDR",,,Plein jour,En agglomération,Hors intersection,Normale,Autre collision,,,,,,,,,,,1,2,1,1,6.0
201600040750,0016-12-04 05:02:00,16,12,4,5,2,930,46,EUROPE BOULEVARD DE L',,,Nuit avec éclairage allumé,En agglomération,Hors intersection,Autre,Autre collision,,,,,,,,,,,5,2,1,9,6.0
201600040751,0016-12-07 09:00:00,16,12,7,9,0,930,46,FERNAND BAUDOT ALLEE,,,Plein jour,En agglomération,Hors intersection,Normale,Autre collision,,,,,,,,,,,1,2,1,1,6.0
201600040752,0016-12-13 15:00:00,16,12,13,15,0,930,74,"111, MEAUX RUE DE",,,Plein jour,En agglomération,Intersection en T,Normale,Deux véhicules - côté,,,,,,,,,,,1,2,3,1,3.0
201600040753,0016-12-21 10:40:00,16,12,21,10,40,930,46,"10, CAMILLE DESMOULINS A",,,Plein jour,En agglomération,Autre intersection,Normale,Autre collision,,,,,,,,,,,1,2,9,1,6.0
201600040754,0016-12-22 19:30:00,16,12,22,19,30,930,15,"01, JAURES RUE JEAN",,,Nuit avec éclairage allumé,En agglomération,Hors intersection,Pluie légère,Trois véhicules et plus - en chaîne,,,,,,,,,,,5,2,1,2,4.0
201600040755,0016-05-01 20:15:00,16,5,1,20,15,930,46,MARX DORMOY BOULEVARD,,,Plein jour,En agglomération,Intersection en X,Normale,Deux véhicules - côté,,,,,,,,,,,1,2,2,1,3.0
201600040756,0016-09-05 17:50:00,16,9,5,17,50,930,46,JEAN JAURES BOULEVARD,,,Plein jour,En agglomération,Hors intersection,Pluie légère,Autre collision,,,,,,,,,,,1,2,1,2,6.0
201600040757,0016-09-24 20:37:00,16,9,24,20,37,930,46,"43 bis, JEAN MOULIN BOUL",,,Nuit avec éclairage allumé,En agglomération,Hors intersection,Normale,Deux véhicules - côté,,,,,,,,,,,5,2,1,1,3.0
201600040758,0016-11-15 19:20:00,16,11,15,19,20,930,46,CONSUL GENERAL NORDLING,,,Nuit avec éclairage allumé,En agglomération,Intersection en X,Pluie légère,Autre collision,,,,,,,,,,,5,2,2,2,6.0
201600040759,0016-11-28 16:00:00,16,11,28,16,0,930,46,GABRIEL BEILLON PLACE,,,Plein jour,En agglomération,Hors intersection,Normale,Autre collision,,,,,,,,,,,1,2,1,1,6.0
201600040760,0016-12-21 20:10:00,16,12,21,20,10,930,46,"17, MARX DORMOY BOULEVAR",,,Nuit avec éclairage allumé,En agglomération,Hors intersection,Pluie légère,Deux véhicules - arrière,,,,,,,,,,,5,2,1,2,2.0
201600040761,0016-01-03 11:00:00,16,1,3,11,0,930,48,"., PARIS (RUE DE)",,,Plein jour,En agglomération,Hors intersection,Pluie légère,Deux véhicules - côté,,,,,,,,,,,1,2,1,2,3.0
201600040762,0016-01-09 10:10:00,16,1,9,10,10,930,48,"15, ARISTIDE BRIAND (BOU",,,Plein jour,En agglomération,Hors intersection,Temps couvert,Autre collision,,,,,,,,,,,1,2,1,8,6.0
201600040763,0016-01-11 08:30:00,16,1,11,8,30,930,48,"., MARCEAU (RUE)",,,Nuit avec éclairage allumé,En agglomération,Autre intersection,Pluie légère,Deux véhicules - arrière,,,,,,,,,,,5,2,9,2,2.0
201600040764,0016-01-24 01:38:00,16,1,24,1,38,930,48,"0, TROIS TERRITOIRES (RU",,,Nuit avec éclairage allumé,En agglomération,Intersection en X,Normale,Deux véhicules - côté,,,,,,,,,,,5,2,2,1,3.0
201600040765,0016-02-04 09:00:00,16,2,4,9,0,930,48,"36, DESIRE PREAUX (RUE)",,,Crépuscule ou aube,En agglomération,Intersection en X,Temps couvert,Autre collision,,,,,,,,,,,2,2,2,8,6.0
201600040766,0016-02-05 07:45:00,16,2,5,7,45,930,48,"3, PAIX (RUE DE LA)",,,Crépuscule ou aube,En agglomération,Intersection à plus de 4 branches,Normale,Autre collision,,,,,,,,,,,2,2,5,1,6.0
201600040767,0016-02-06 13:00:00,16,2,6,13,0,930,48,"90, COLONEL FABIEN (AVEN",,,Plein jour,En agglomération,Intersection en T,Normale,Deux véhicules - frontale,,,,,,,,,,,1,2,3,1,1.0
201600040768,0016-02-07 09:40:00,16,2,7,9,40,930,48,"., ROCHES (RUE DES)",,,Plein jour,En agglomération,Intersection en X,Normale,Deux véhicules - côté,,,,,,,,,,,1,2,2,1,3.0
201600040769,0016-02-09 09:15:00,16,2,9,9,15,930,48,"73, PRESIDENT WILSON (AV",,,Plein jour,En agglomération,Hors intersection,Pluie légère,Deux véhicules - côté,,,,,,,,,,,1,2,1,2,3.0
201600040770,0016-02-10 20:07:00,16,2,10,20,7,930,48,"49, REPUBLIQUE (RUE DE L",,,Nuit avec éclairage allumé,En agglomération,Intersection en X,Temps couvert,Deux véhicules - côté,,,,,,,,,,,5,2,2,8,3.0
201600040771,0016-02-13 18:00:00,16,2,13,18,0,930,48,"210, THEOPHILE SUEUR (BO",,,Crépuscule ou aube,En agglomération,Hors intersection,Pluie légère,Autre collision,,,,,,,,,,,2,2,1,2,6.0
201600040772,0016-02-22 19:05:00,16,2,22,19,5,930,48,"22, JEAN MOULIN (AVENUE)",,,Nuit avec éclairage allumé,En agglomération,Hors intersection,Pluie légère,Autre collision,,,,,,,,,,,5,2,1,2,6.0
201600040773,0016-02-26 19:40:00,16,2,26,19,40,930,48,SAINT DENIS (RUE),,,Nuit avec éclairage allumé,En agglomération,Intersection en T,Normale,Deux véhicules - côté,,,,,,,,,,,5,2,3,1,3.0
201600040774,0016-03-02 16:50:00,16,3,2,16,50,930,48,"103, ERNEST SAVART (AVEN",,,Plein jour,En agglomération,Intersection en X,Neige / grêle,Autre collision,,,,,,,,,,,1,2,2,4,6.0
201600040775,0016-03-02 20:20:00,16,3,2,20,20,930,48,"2, COLONEL FABIEN (AVENU",,,Nuit avec éclairage allumé,En agglomération,Hors intersection,Pluie légère,Autre collision,,,,,,,,,,,5,2,1,2,6.0
201600040776,0016-03-06 13:30:00,16,3,6,13,30,930,48,", BOISSIERE (BOULEVARD D",,,Plein jour,En agglomération,Hors intersection,Normale,Autre collision,,,,,,,,,,,1,2,1,1,6.0
201600040777,0016-03-07 16:00:00,16,3,7,16,0,930,48,FRANKLIN (RUE),,,Plein jour,En agglomération,Hors intersection,Normale,Deux véhicules - côté,,,,,,,,,,,1,2,1,1,3.0
201600040778,0016-03-09 10:00:00,16,3,9,10,0,930,48,ROBESPIERRE (RUE),,,Plein jour,En agglomération,Intersection en T,Pluie légère,Autre collision,,,,,,,,,,,1,2,3,2,6.0
201600040779,0016-03-25 10:45:00,16,3,25,10,45,930,48,PASTEUR S2  (AVENUE),,,Plein jour,Hors agglomération,Hors intersection,Pluie légère,Deux véhicules - côté,,,,,,,,,,,1,1,1,2,3.0
201600040780,0016-04-05 15:50:00,16,4,5,15,50,930,48,GAMBETTA (RUE),,,Plein jour,En agglomération,Hors intersection,Normale,Deux véhicules - côté,,,,,,,,,,,1,2,1,1,3.0
201600040781,0016-04-06 10:15:00,16,4,6,10,15,930,48,CHANTEREINES (RUE DES),,,Plein jour,En agglomération,Intersection en X,Normale,Deux véhicules - côté,,,,,,,,,,,1,2,2,1,3.0
201600040782,0016-04-07 10:00:00,16,4,7,10,0,930,48,PAUL BERT (RUE),,,Plein jour,En agglomération,Hors intersection,Normale,Autre collision,,,,,,,,,,,1,2,1,1,6.0
201600040783,0016-04-07 13:30:00,16,4,7,13,30,930,48,BOISSIERE (BOULEVARD DE,,,Plein jour,En agglomération,Hors intersection,Pluie légère,Autre collision,,,,,,,,,,,1,2,1,2,6.0
201600040784,0016-04-09 09:15:00,16,4,9,9,15,930,48,"., PAUL VAILLANT COUTURI",,,Plein jour,En agglomération,Hors intersection,Normale,Autre collision,,,,,,,,,,,1,2,1,1,6.0
201600040785,0016-04-09 21:45:00,16,4,9,21,45,930,48,BOISSIERE (BOULEVARD DE,,,Nuit avec éclairage allumé,En agglomération,Hors intersection,Pluie légère,Deux véhicules - côté,,,,,,,,,,,5,2,1,2,3.0
201600040786,0016-04-12 18:55:00,16,4,12,18,55,930,48,"134, SAINT DENIS (RUE)",,,Plein jour,En agglomération,Hors intersection,Normale,Autre collision,,,,,,,,,,,1,2,1,1,6.0
201600040787,0016-04-13 13:37:00,16,4,13,13,37,930,48,"., CHANZY (BOULEVARD)",,,Plein jour,En agglomération,Hors intersection,Normale,Deux véhicules - côté,,,,,,,,,,,1,2,1,1,3.0
201600040788,0016-04-18 20:20:00,16,4,18,20,20,930,48,"270, PARIS (RUE DE)",,,Crépuscule ou aube,En agglomération,Hors intersection,Normale,Autre collision,,,,,,,,,,,2,2,1,1,6.0
201600040789,0016-04-19 21:20:00,16,4,19,21,20,930,48,"66, PARIS (RUE DE)",,,Nuit avec éclairage non allumé,En agglomération,Hors intersection,Normale,Deux véhicules - côté,,,,,,,,,,,4,2,1,1,3.0