accident_id,datetime,annee,mois,jour,heure,minute,departement,commune_insee,adresse,latitude,longitude,luminosite,agglomeration,intersection,meteo,collision,nb_vehicules,nb_usagers,nb_indemnes,nb_tues,nb_blesses_hosp,nb_blesses_legers,age_cond_1,age_cond_2,veh_type_cond_1,veh_type_cond_2,lum_code,agg_code,int_code,atm_code,col_code
201600040790,0016-04-27 18:15:00,16,4,27,18,15,930,48,"., ETIENNE MARCEL (RUE)",,,Plein jour,En agglomération,Intersection en T,Temps couvert,Deux véhicules - côté,,,,,,,,,,,1,2,3,8,3.0
201600040791,0016-05-04 11:20:00,16,5,4,11,20,930,48,"1, GABRIEL PERI (AVENUE)",,,Plein jour,En agglomération,Hors intersection,Normale,Deux véhicules - arrière,,,,,,,,,,,1,2,1,1,2.0
201600040792,0016-05-11 21:30:00,16,5,11,21,30,930,48,"260, ROSNY (RUE DE)",,,Nuit avec éclairage allumé,En agglomération,Hors intersection,Pluie légère,Deux véhicules - côté,,,,,,,,,,,5,2,1,2,3.0
201600040793,0016-05-16 20:15:00,16,5,16,20,15,930,48,BLANCS VILAINS (RUE DES),,,Nuit avec éclairage allumé,En agglomération,Hors intersection,Normale,Deux véhicules - arrière,,,,,,,,,,,5,2,1,1,2.0
201600040794,0016-05-20 13:30:00,16,5,20,13,30,930,48,"09, FRANKLIN (RUE)",,,Plein jour,En agglomération,Hors intersection,Normale,Autre collision,,,,,,,,,,,1,2,1,1,6.0
201600040795,0016-05-20 15:45:00,16,5,20,15,45,930,48,"., PAUL VAILLANT COUTURI",,,Plein jour,En agglomération,Hors intersection,Normale,Autre collision,,,,,,,,,,,1,2,1,1,6.0
201600040796,0016-05-20 17:30:00,16,5,20,17,30,930,48,"., TROIS TERRITOIRES (RU",,,Plein jour,En agglomération,Intersection en X,Normale,Deux véhicules - côté,,,,,,,,,,,1,2,2,1,3.0
201600040797,0016-05-24 04:40:00,16,5,24,4,40,930,48,"154, THEOPHILE SUEUR (BO",,,Nuit avec éclairage allumé,En agglomération,Intersection en X,Normale,Deux véhicules - côté,,,,,,,,,,,5,2,2,1,3.0
201600040798,0016-05-27 01:35:00,16,5,27,1,35,930,48,"151, PARIS (RUE DE)",,,Nuit avec éclairage allumé,En agglomération,Hors intersection,Normale,Autre collision,,,,,,,,,,,5,2,1,1,6.0
201600040799,0016-05-27 13:00:00,16,5,27,13,0,930,48,"., PARMENTIER (RUE)",,,Plein jour,En agglomération,Hors intersection,Normale,Deux véhicules - côté,,,,,,,,,,,1,2,1,1,3.0
201600040800,0016-05-30 09:10:00,16,5,30,9,10,930,48,GENERAL DE GAULE (PLACE,,,Plein jour,En agglomération,Hors intersection,Pluie légère,Deux véhicules - côté,,,,,,,,,,,1,2,1,2,3.0
201600040801,0016-05-31 13:40:00,16,5,31,13,40,930,48,BOISSIERE (BOULEVARD DE,,,Plein jour,En agglomération,Hors intersection,Pluie forte,Deux véhicules - frontale,,,,,,,,,,,1,2,1,3,1.0
201600040802,0016-06-02 09:45:00,16,6,2,9,45,930,48,"99, PARIS (RUE DE)",,,Plein jour,En agglomération,Hors intersection,Pluie légère,Deux véhicules - côté,,,,,,,,,,,1,2,1,2,3.0
201600040803,0016-06-02 16:55:00,16,6,2,16,55,930,48,"148, LE NAIN DE TILLEMON",,,Plein jour,En agglomération,Hors intersection,Pluie forte,Deux véhicules - arrière,,,,,,,,,,,1,2,1,3,2.0
201600040804,0016-06-04 13:43:00,16,6,4,13,43,930,48,"162, BABEUF (RUE)",,,Plein jour,En agglomération,Hors intersection,Normale,Deux véhicules - frontale,,,,,,,,,,,1,2,1,1,1.0
201600040805,0016-06-04 23:10:00,16,6,4,23,10,930,48,"104, ROSNY (RUE DE)",,,Nuit avec éclairage allumé,En agglomération,Hors intersection,Pluie légère,Autre collision,,,,,,,,,,,5,2,1,2,6.0
201600040806,0016-06-06 08:00:00,16,6,6,8,0,930,48,"., ROBESPIERRE (RUE)",,,Plein jour,En agglomération,Intersection en X,Temps couvert,Autre collision,,,,,,,,,,,1,2,2,8,6.0
201600040807,0016-06-06 18:20:00,16,6,6,18,20,930,48,"., GENERAL GALLIENI (RUE",,,Plein jour,En agglomération,Hors intersection,Normale,Autre collision,,,,,,,,,,,1,2,1,1,6.0
201600040808,0016-06-09 12:10:00,16,6,9,12,10,930,48,"., RUFFINS (RUE DES)",,,Plein jour,En agglomération,Hors intersection,Normale,Deux véhicules - côté,,,,,,,,,,,1,2,1,1,3.0
201600040809,0016-06-17 15:10:00,16,6,17,15,10,930,48,"274, THEOPHILE SUEUR (BO",,,Plein jour,En agglomération,Hors intersection,Normale,Trois véhicules et plus - en chaîne,,,,,,,,,,,1,2,1,1,4.0
201600040810,0016-06-18 17:20:00,16,6,18,17,20,930,48,THEOPHILE SUEUR (BOULEVA,,,Plein jour,En agglomération,Hors intersection,Normale,Deux véhicules - côté,,,,,,,,,,,1,2,1,1,3.0
201600040811,0016-06-23 12:30:00,16,6,23,12,30,930,48,"48, PARIS (RUE DE)",,,Plein jour,En agglomération,Hors intersection,Normale,Autre collision,,,,,,,,,,,1,2,1,1,6.0
201600040812,0016-06-28 17:40:00,16,6,28,17,40,930,48,HENRI BARBUSSE (BOULEVAR,,,Plein jour,En agglomération,Hors intersection,Normale,Deux véhicules - frontale,,,,,,,,,,,1,2,1,1,1.0
201600040813,0016-07-01 13:30:00,16,7,1,13,30,930,48,PASTEUR S3 (AVENUE),,,Plein jour,En agglomération,Autre intersection,Normale,Deux véhicules - arrière,,,,,,,,,,,1,2,9,1,2.0
201600040814,0016-07-02 20:10:00,16,7,2,20,10,930,48,BABEUF (RUE),,,Crépuscule ou aube,En agglomération,Intersection en T,Normale,Deux véhicules - arrière,,,,,,,,,,,2,2,3,1,2.0
201600040815,0016-07-06 15:55:00,16,7,6,15,55,930,48,"24, PAUL VAILLANT COUTUR",,,Plein jour,En agglomération,Hors intersection,Normale,Deux véhicules - côté,,,,,,,,,,,1,2,1,1,3.0
201600040816,0016-07-08 20:45:00,16,7,8,20,45,930,48,"12, HENRI BARBUSSE (BOUL",,,Plein jour,En agglomération,Hors intersection,Normale,Autre collision,,,,,,,,,,,1,2,1,1,6.0
201600040817,0016-07-11 16:35:00,16,7,11,16,35,930,48,PARIS (RUE DE),,,Plein jour,En agglomération,Autre intersection,Normale,Deux véhicules - frontale,,,,,,,,,,,1,2,9,1,1.0
201600040818,0016-07-13 07:30:00,16,7,13,7,30,930,48,"93, MARCEAU (RUE)",,,Plein jour,En agglomération,Intersection en X,Normale,Deux véhicules - côté,,,,,,,,,,,1,2,2,1,3.0
201600040819,0016-07-13 16:10:00,16,7,13,16,10,930,48,"199, THEOPHILE SUEUR (BO",,,Plein jour,En agglomération,Intersection en T,Normale,Deux véhicules - frontale,,,,,,,,,,,1,2,3,1,1.0
201600040820,0016-07-15 17:20:00,16,7,15,17,20,930,48,"102, GENERAL GALLIENI (R",,,Plein jour,En agglomération,Hors intersection,Normale,Autre collision,,,,,,,,,,,1,2,1,1,6.0
201600040821,0016-07-16 17:35:00,16,7,16,17,35,930,48,"., EMILE ZOLA (RUE)",,,Plein jour,En agglomération,Intersection en X,Normale,Autre collision,,,,,,,,,,,1,2,2,1,6.0
201600040822,0016-07-17 04:25:00,16,7,17,4,25,930,48,"84, ARISTIDE BRIAND (BOU",,,Nuit avec éclairage allumé,En agglomération,Intersection en X,Normale,Deux véhicules - côté,,,,,,,,,,,5,2,2,1,3.0
201600040823,0016-07-17 12:05:00,16,7,17,12,5,930,48,"., VOLTAIRE (RUE)",,,Plein jour,En agglomération,Hors intersection,Normale,Deux véhicules - côté,,,,,,,,,,,1,2,1,1,3.0
201600040824,0016-07-17 17:45:00,16,7,17,17,45,930,48,"270, PARIS (RUE DE)",,,Plein jour,En agglomération,Hors intersection,Normale,Trois véhicules et plus - en chaîne,,,,,,,,,,,1,2,1,1,4.0
201600040825,0016-07-26 18:30:00,16,7,26,18,30,930,48,"35, EMILE BEAUFILS (RUE)",,,Plein jour,En agglomération,Hors intersection,Normale,Autre collision,,,,,,,,,,,1,2,1,1,6.0
201600040826,0016-07-29 13:30:00,16,7,29,13,30,930,48,"99, PASTEUR S3 (AVENUE)",,,Plein jour,En agglomération,Intersection en X,Normale,Trois véhicules et plus - en chaîne,,,,,,,,,,,1,2,2,1,4.0
201600040827,0016-08-02 04:40:00,16,8,2,4,40,930,48,ROUGET DE L'ISLE S2 (BOU,,,Nuit avec éclairage allumé,En agglomération,Intersection en X,Pluie légère,Deux véhicules - frontale,,,,,,,,,,,5,2,2,2,1.0
201600040828,0016-08-03 07:00:00,16,8,3,7,0,930,48,"299, ROSNY (RUE DE)",,,Plein jour,En agglomération,Intersection en Y,Pluie légère,Deux véhicules - côté,,,,,,,,,,,1,2,4,2,3.0
201600040829,0016-08-03 16:00:00,16,8,3,16,0,930,48,ARISTIDE BRIAND (Bd),,,Plein jour,En agglomération,Intersection en X,Normale,Deux véhicules - arrière,,,,,,,,,,,1,2,2,1,2.0
201600040830,0016-08-05 18:05:00,16,8,5,18,5,930,48,"95, JEAN PIERRE BERNARD",,,Plein jour,En agglomération,Hors intersection,Normale,Autre collision,,,,,,,,,,,1,2,1,1,6.0
201600040831,0016-08-11 10:30:00,16,8,11,10,30,930,48,"285, ROSNY (RUE DE)",,,Plein jour,En agglomération,Hors intersection,Normale,Deux véhicules - arrière,,,,,,,,,,,1,2,1,1,2.0
201600040832,0016-08-15 14:45:00,16,8,15,14,45,930,48,"., JACQUES DUCLOS (RUE)",,,Plein jour,En agglomération,Intersection à plus de 4 branches,Normale,Deux véhicules - côté,,,,,,,,,,,1,2,5,1,3.0
201600040833,0016-08-17 07:10:00,16,8,17,7,10,930,48,"., ROSNY (RUE DE)",,,Plein jour,En agglomération,Hors intersection,Normale,Autre collision,,,,,,,,,,,1,2,1,1,6.0
201600040834,0016-08-17 17:00:00,16,8,17,17,0,930,48,"., PARIS (RUE DE)",,,Plein jour,En agglomération,Intersection en T,Normale,Trois véhicules et plus - collisions multiples,,,,,,,,,,,1,2,3,1,5.0
201600040835,0016-08-23 09:20:00,16,8,23,9,20,930,48,"., ARISTIDE BRIAND (BOUL",,,Plein jour,En agglomération,Intersection en T,Temps éblouissant,Deux véhicules - côté,,,,,,,,,,,1,2,3,7,3.0
201600040836,0016-08-24 15:30:00,16,8,24,15,30,930,48,"32, VINCENNES (RUE DE)",,,Plein jour,En agglomération,Hors intersection,Normale,Sans collision,,,,,,,,,,,1,2,1,1,7.0
201600040837,0016-08-29 09:05:00,16,8,29,9,5,930,48,PARIS (RUE DE),,,Plein jour,En agglomération,Intersection en T,Normale,Deux véhicules - côté,,,,,,,,,,,1,2,3,1,3.0
201600040838,0016-08-30 09:20:00,16,8,30,9,20,930,48,"., SERGENT GODEFROY (RUE",,,Plein jour,En agglomération,Intersection en X,Normale,Deux véhicules - côté,,,,,,,,,,,1,2,2,1,3.0
201600040839,0016-09-06 10:10:00,16,9,6,10,10,930,48,"135, ROSNY (RUE DE)",,,Plein jour,En agglomération,Hors intersection,Pluie légère,Autre collision,,,,,,,,,,,1,2,1,2,6.0
201600040840,0016-09-06 16:45:00,16,9,6,16,45,930,48,"21, ROBERT LEGROS (RUE)",,,Plein jour,En agglomération,Hors intersection,Normale,Autre collision,,,,,,,,,,,1,2,1,1,6.0
201600040841,0016-09-12 09:15:00,16,9,12,9,15,930,48,ALEXIS LEPERE S2 (RUE),,,Plein jour,En agglomération,Intersection en T,Normale,Deux véhicules - côté,,,,,,,,,,,1,2,3,1,3.0
201600040842,0016-09-15 11:50:00,16,9,15,11,50,930,48,GENERAL DE GAULE (PLACE,,,Plein jour,En agglomération,Place,Pluie légère,Deux véhicules - arrière,,,,,,,,,,,1,2,7,2,2.0
201600040843,0016-09-22 14:00:00,16,9,22,14,0,930,48,PASTEUR S3 (AVENUE),,,Plein jour,En agglomération,Hors intersection,Normale,Autre collision,,,,,,,,,,,1,2,1,1,6.0
201600040844,0016-09-25 03:05:00,16,9,25,3,5,930,48,"128, HENRI BARBUSSE (BOU",,,Nuit avec éclairage allumé,En agglomération,Hors intersection,Normale,Autre collision,,,,,,,,,,,5,2,1,1,6.0
201600040845,0016-09-25 13:20:00,16,9,25,13,20,930,48,"88, CHANZY (BOULEVARD)",,,Plein jour,En agglomération,Intersection en X,Pluie légère,Sans collision,,,,,,,,,,,1,2,2,2,7.0
201600040846,0016-09-26 19:30:00,16,9,26,19,30,930,48,"4, ROMAIN ROLLAND (ALLEE",,,Nuit sans éclairage public,En agglomération,Hors intersection,Normale,Autre collision,,,,,,,,,,,3,2,1,1,6.0
201600040847,0016-09-29 13:50:00,16,9,29,13,50,930,48,VITRY (RUE DE),,,Plein jour,En agglomération,Hors intersection,Normale,Autre collision,,,,,,,,,,,1,2,1,1,6.0
201600040848,0016-09-29 18:20:00,16,9,29,18,20,930,48,"119, BOISSIERE (BOULEVAR",,,Plein jour,En agglomération,Hors intersection,Normale,Deux véhicules - côté,,,,,,,,,,,1,2,1,1,3.0
201600040849,0016-09-30 14:40:00,16,9,30,14,40,930,48,"233, ARISTIDE BRIAND (BO",,,Plein jour,En agglomération,Hors intersection,Normale,Deux véhicules - côté,,,,,,,,,,,1,2,1,1,3.0
201600040850,0016-10-03 20:30:00,16,10,3,20,30,930,48,", JEAN JAURES (PLACE)",,,Nuit avec éclairage allumé,En agglomération,Hors intersection,Normale,Autre collision,,,,,,,,,,,5,2,1,1,6.0
201600040851,0016-10-03 21:50:00,16,10,3,21,50,930,48,"45, PAUL VAILLANT COUTUR",,,Nuit avec éclairage allumé,En agglomération,Hors intersection,Normale,Autre collision,,,,,,,,,,,5,2,1,1,6.0
201600040852,0016-10-04 08:26:00,16,10,4,8,26,930,48,"7, CHANZY (BOULEVARD)",,,Plein jour,En agglomération,Hors intersection,Temps éblouissant,Autre collision,,,,,,,,,,,1,2,1,7,6.0
201600040853,0016-10-05 09:00:00,16,10,5,9,0,930,48,"23, CHANZY S3 (BOULEVARD",,,Plein jour,En agglomération,Hors intersection,Normale,Autre collision,,,,,,,,,,,1,2,1,1,6.0
201600040854,0016-10-06 08:45:00,16,10,6,8,45,930,48,"50, PASTEUR S2  (AVENUE)",,,Plein jour,En agglomération,Hors intersection,Normale,Deux véhicules - frontale,,,,,,,,,,,1,2,1,1,1.0
201600040855,0016-10-06 17:15:00,16,10,6,17,15,930,48,"16, PEPIN (RUE)",,,Plein jour,En agglomération,Hors intersection,Normale,Autre collision,,,,,,,,,,,1,2,1,1,6.0
201600040856,0016-10-11 10:15:00,16,10,11,10,15,930,48,SERGENT GODEFROY (RUE DU,,,Plein jour,En agglomération,Intersection en T,Normale,Deux véhicules - côté,,,,,,,,,,,1,2,3,1,3.0
201600040857,0016-10-12 16:30:00,16,10,12,16,30,930,48,PRESIDENT WILSON (AVENUE,,,Plein jour,En agglomération,Hors intersection,Normale,Deux véhicules - côté,,,,,,,,,,,1,2,1,1,3.0
201600040858,0016-10-13 12:55:00,16,10,13,12,55,930,48,EMILE ZOLA (RUE),,,Plein jour,En agglomération,Intersection en X,Normale,Deux véhicules - frontale,,,,,,,,,,,1,2,2,1,1.0
201600040859,0016-10-13 15:30:00,16,10,13,15,30,930,48,EMILE BEAUFILS (RUE),,,Plein jour,En agglomération,Intersection en X,Normale,Deux véhicules - côté,,,,,,,,,,,1,2,2,1,3.0
201600040860,0016-10-17 10:00:00,16,10,17,10,0,930,48,ARISTIDE BRIAND (BOULEVA,,,Plein jour,En agglomération,Hors intersection,Temps couvert,Deux véhicules - arrière,,,,,,,,,,,1,2,1,8,2.0
201600040861,0016-10-19 19:50:00,16,10,19,19,50,930,48,PRESIDENT WILSON (AVENUE,,,Nuit avec éclairage allumé,En agglomération,Intersection à plus de 4 branches,Pluie légère,Deux véhicules - frontale,,,,,,,,,,,5,2,5,2,1.0
201600040862,0016-10-22 21:30:00,16,10,22,21,30,930,48,ROMAINVILLE (RUE DE),,,Nuit avec éclairage allumé,En agglomération,Intersection en X,Normale,Autre collision,,,,,,,,,,,5,2,2,1,6.0
201600040863,0016-10-28 16:40:00,16,10,28,16,40,930,48,"37, JEANNE D'ARC (BOULEV",,,Plein jour,En agglomération,Intersection en X,Normale,Deux véhicules - côté,,,,,,,,,,,1,2,2,1,3.0
201600040864,0016-11-03 09:30:00,16,11,3,9,30,930,48,"162, ROMAINVILLE (RUE DE",,,Plein jour,En agglomération,Hors intersection,Normale,Deux véhicules - côté,,,,,,,,,,,1,2,1,1,3.0
201600040865,0016-11-05 12:20:00,16,11,5,12,20,930,48,JEANNE D'ARC (BOULEVARD),,,Plein jour,En agglomération,Intersection en X,Normale,Deux véhicules - frontale,,,,,,,,,,,1,2,2,1,1.0
201600040866,0016-11-05 14:05:00,16,11,5,14,5,930,48,"23, ROCHES (RUE DES)",,,Plein jour,En agglomération,Hors intersection,Normale,Autre collision,,,,,,,,,,,1,2,1,1,6.0
201600040867,0016-11-11 16:30:00,16,11,11,16,30,930,48,"face au134, SAINT DENIS",,,Plein jour,En agglomération,Hors intersection,Normale,Autre collision,,,,,,,,,,,1,2,1,1,6.0
201600040868,0016-11-12 21:30:00,16,11,12,21,30,930,48,", PIERRE DE MONTREUIL (R",,,Nuit avec éclairage allumé,En agglomération,Intersection en T,Pluie légère,Deux véhicules - côté,,,,,,,,,,,5,2,3,2,3.0
201600040869,0016-11-14 11:05:00,16,11,14,11,5,930,48,", PASTEUR S2  (AVENUE)",,,Plein jour,En agglomération,Intersection en X,Normale,Deux véhicules - côté,,,,,,,,,,,1,2,2,1,3.0
201600040870,0016-11-16 16:10:00,16,11,16,16,10,930,48,"1, HENRI BARBUSSE (BOULE",,,Crépuscule ou aube,En agglomération,Hors intersection,Pluie légère,Deux véhicules - côté,,,,,,,,,,,2,2,1,2,3.0
201600040871,0016-11-18 01:10:00,16,11,18,1,10,930,48,"67, PARIS (RUE DE)",,,Nuit avec éclairage allumé,En agglomération,Autre intersection,Pluie légère,Autre collision,,,,,,,,,,,5,2,9,2,6.0
201600040872,0016-11-23 06:45:00,16,11,23,6,45,930,48,"23, CLOS FRANCAIS (RUE D",,,Nuit avec éclairage allumé,En agglomération,Hors intersection,Pluie forte,Deux véhicules - côté,,,,,,,,,,,5,2,1,3,3.0
201600040873,0016-11-23 10:30:00,16,11,23,10,30,930,48,EMILE ZOLA (RUE),,,Plein jour,En agglomération,Intersection en X,Normale,Deux véhicules - côté,,,,,,,,,,,1,2,2,1,3.0
201600040874,0016-11-23 12:30:00,16,11,23,12,30,930,48,"255, PARIS (RUE DE)",,,Plein jour,En agglomération,Intersection en X,Temps éblouissant,Autre collision,,,,,,,,,,,1,2,2,7,6.0
201600040875,0016-11-30 12:25:00,16,11,30,12,25,930,48,PARMENTIER (RUE),,,Plein jour,En agglomération,Passage à niveau,Normale,Autre collision,,,,,,,,,,,1,2,8,1,6.0
201600040876,0016-12-12 06:55:00,16,12,12,6,55,930,48,BERLIOZ (AVENUE),,,Nuit sans éclairage public,Hors agglomération,Hors intersection,Pluie légère,Autre collision,,,,,,,,,,,3,1,1,2,6.0
201600040877,0016-12-12 17:19:00,16,12,12,17,19,930,48,GABRIEL PERI (AVENUE),,,Nuit avec éclairage allumé,En agglomération,Intersection à plus de 4 branches,Pluie légère,Deux véhicules - côté,,,,,,,,,,,5,2,5,2,3.0
201600040878,0016-12-15 12:25:00,16,12,15,12,25,930,48,PARMENTIER (RUE),,,Plein jour,En agglomération,Intersection en X,Temps éblouissant,Deux véhicules - côté,,,,,,,,,,,1,2,2,7,3.0
201600040879,0016-12-16 09:55:00,16,12,16,9,55,930,48,LE NAIN DE TILLEMONT (RU,,,Plein jour,En agglomération,Intersection en X,Normale,Deux véhicules - côté,,,,,,,,,,,1,2,2,1,3.0
201600040880,0016-12-28 13:20:00,16,12,28,13,20,930,48,SAINT DENIS (RUE),,,Plein jour,En agglomération,Intersection en X,Normale,Deux véhicules - côté,,,,,,,,,,,1,2,2,1,3.0
201600040881,0016-12-09 08:40:00,16,12,9,8,40,930,48,VICTOR HUGO S5 (AVENUE),,,Plein jour,En agglomération,Intersection en T,Normale,Deux véhicules - côté,,,,,,,,,,,1,2,3,1,3.0
201600040882,0016-12-08 09:15:00,16,12,8,9,15,930,48,"16, JEAN MOULIN (AVENUE)",,,Plein jour,En agglomération,Intersection en X,Normale,Deux véhicules - côté,,,,,,,,,,,1,2,2,1,3.0
201600040883,0016-11-24 12:15:00,16,11,24,12,15,930,48,"151, ROSNY (RUE DE)",,,Plein jour,En agglomération,Hors intersection,Normale,Sans collision,,,,,,,,,,,1,2,1,1,7.0
201600040884,0016-11-25 08:40:00,16,11,25,8,40,930,48,"1/3, DENISE BUISSON (RUE",,,Plein jour,En agglomération,Hors intersection,Normale,Autre collision,,,,,,,,,,,1,2,1,1,6.0
201600040885,0016-11-25 08:50:00,16,11,25,8,50,930,48,"8, ROSNY (RUE DE)",,,Plein jour,En agglomération,Hors intersection,Normale,Autre collision,,,,,,,,,,,1,2,1,1,6.0
201600040886,0016-11-26 14:30:00,16,11,26,14,30,930,48,"., CHANZY (BOULEVARD)",,,Plein jour,En agglomération,Intersection en X,Normale,Deux véhicules - côté,,,,,,,,,,,1,2,2,1,3.0
201600040887,0016-12-04 21:20:00,16,12,4,21,20,930,48,"42, REPUBLIQUE (RUE DE L",,,Nuit avec éclairage allumé,En agglomération,Hors intersection,Normale,Deux véhicules - côté,,,,,,,,,,,5,2,1,1,3.0
201600040888,0016-12-10 00:38:00,16,12,10,0,38,930,48,GALLILEE (RUE),,,Nuit avec éclairage allumé,En agglomération,Intersection en T,Normale,Autre collision,,,,,,,,,,,5,2,3,1,6.0
201600040889,0016-12-14 17:00:00,16,12,14,17,0,930,48,FRANKLIN (RUE),,,Nuit avec éclairage allumé,En agglomération,Hors intersection,Normale,Autre collision,,,,,,,,,,,5,2,1,1,6.0
201600040890,0016-12-17 21:50:00,16,12,17,21,50,930,48,COLONEL FABIEN (AVENUE D,,,Nuit avec éclairage allumé,En agglomération,Intersection en X,Normale,Deux véhicules - côté,,,,,,,,,,,5,2,2,1,3.0
201600040891,0016-12-18 14:50:00,16,12,18,14,50,930,48,HENRI WALLON (RUE),,,Plein jour,En agglomération,Hors intersection,Normale,Deux véhicules - côté,,,,,,,,,,,1,2,1,1,3.0
201600040892,0016-12-22 19:05:00,16,12,22,19,5,930,48,", GENERAL DE GAULE (PLAC",,,Nuit avec éclairage allumé,En agglomération,Passage à niveau,Autre,Autre collision,,,,,,,,,,,5,2,8,9,6.0
201600040893,0016-12-23 08:30:00,16,12,23,8,30,930,48,"207, PARIS (RUE DE)",,,Plein jour,En agglomération,Hors intersection,Brouillard / fumée,Deux véhicules - côté,,,,,,,,,,,1,2,1,5,3.0
201600040894,0016-12-24 03:15:00,16,12,24,3,15,930,48,"130, NOUVELLE FRANCE (RU",,,Nuit avec éclairage allumé,En agglomération,Hors intersection,Pluie légère,Sans collision,,,,,,,,,,,5,2,1,2,7.0
201600040895,0016-12-28 18:30:00,16,12,28,18,30,930,48,"60, ROUGET DE L'ISLE (BO",,,Nuit avec éclairage allumé,En agglomération,Hors intersection,Normale,Autre collision,,,,,,,,,,,5,2,1,1,6.0
201600040896,0016-12-28 22:50:00,16,12,28,22,50,930,48,ROUGET DE L'ISLE (BOULEV,,,Nuit avec éclairage allumé,En agglomération,Intersection en T,Normale,Deux véhicules - frontale,,,,,,,,,,,5,2,3,1,1.0
201600040897,0016-12-29 12:15:00,16,12,29,12,15,930,48,"228, PARIS (RUE DE)",,,Plein jour,En agglomération,Hors intersection,Normale,Deux véhicules - côté,,,,,,,,,,,1,2,1,1,3.0
201600040898,0016-01-05 08:00:00,16,1,5,8,0,930,50,PAUL ET CAMILLE THOMOUX,,,Crépuscule ou aube,En agglomération,Intersection en X,Pluie légère,Autre collision,,,,,,,,,,,2,2,2,2,6.0
201600040899,0016-01-05 08:45:00,16,1,5,8,45,930,50,GASTON NAVAILLE (RUE),,,Plein jour,En agglomération,Hors intersection,Pluie légère,Autre collision,,,,,,,,,,,1,2,1,2,6.0
201600040900,0016-01-05 18:50:00,16,1,5,18,50,930,50,"266, HUIT MAI 1945",,,Nuit avec éclairage allumé,En agglomération,Hors intersection,Pluie légère,Deux véhicules - côté,,,,,,,,,,,5,2,1,2,3.0
201600040901,0016-01-06 19:35:00,16,1,6,19,35,930,49,MEAUX (CHEMIN),,,Nuit avec éclairage allumé,En agglomération,Hors intersection,Normale,Deux véhicules - frontale,,,,,,,,,,,5,2,1,1,1.0
201600040902,0016-01-09 19:35:00,16,1,9,19,35,930,50,"30, FERDINAND BUISSON (R",,,Nuit sans éclairage public,En agglomération,Hors intersection,Temps couvert,Autre collision,,,,,,,,,,,3,2,1,8,6.0
201600040903,0016-01-16 11:20:00,16,1,16,11,20,930,50,PAUL ET CAMILLE THOMOUX,,,Plein jour,En agglomération,Intersection en X,Normale,Deux véhicules - côté,,,,,,,,,,,1,2,2,1,3.0
201600040904,0016-01-22 14:10:00,16,1,22,14,10,930,49,"83, MARECHAL FOCH (AVENU",,,Plein jour,En agglomération,Hors intersection,Pluie forte,Autre collision,,,,,,,,,,,1,2,1,3,6.0
201600040905,0016-01-22 18:30:00,16,1,22,18,30,930,50,"116, GENERAL DE GAULLE (",,,Nuit avec éclairage allumé,En agglomération,Hors intersection,Pluie légère,Autre collision,,,,,,,,,,,5,2,1,2,6.0
201600040906,0016-01-23 17:20:00,16,1,23,17,20,930,50,MARX DORMOY (RUE),,,Plein jour,En agglomération,Hors intersection,Temps couvert,Trois véhicules et plus - en chaîne,,,,,,,,,,,1,2,1,8,4.0
201600040907,0016-01-25 18:15:00,16,1,25,18,15,930,49,RENOUILLIERES (RUE),,,Nuit avec éclairage allumé,En agglomération,Hors intersection,Normale,Autre collision,,,,,,,,,,,5,2,1,1,6.0
201600040908,0016-01-26 22:15:00,16,1,26,22,15,930,50,CLMENT ADER (RUE),,,Nuit avec éclairage allumé,En agglomération,Intersection en X,Pluie légère,Deux véhicules - frontale,,,,,,,,,,,5,2,2,2,1.0
201600040909,0016-02-05 16:00:00,16,2,5,16,0,930,50,"65, PAUL ET CAMILLE THOM",,,Plein jour,En agglomération,Hors intersection,Normale,Autre collision,,,,,,,,,,,1,2,1,1,6.0
201600040910,0016-02-16 11:00:00,16,2,16,11,0,930,50,MARECHAL FOCH (AVENUE) C,,,Plein jour,En agglomération,Hors intersection,Normale,Deux véhicules - arrière,,,,,,,,,,,1,2,1,1,2.0
201600040911,0016-02-16 13:30:00,16,2,16,13,30,930,49,PAUL DOUMER (AVENUE),,,Plein jour,En agglomération,Intersection en T,Normale,Deux véhicules - côté,,,,,,,,,,,1,2,3,1,3.0
201600040912,0016-02-16 18:45:00,16,2,16,18,45,930,50,GENERAL DE GAULLE (AVENU,,,Nuit avec éclairage non allumé,En agglomération,Hors intersection,Normale,Deux véhicules - côté,,,,,,,,,,,4,2,1,1,3.0
201600040913,0016-02-21 17:55:00,16,2,21,17,55,930,49,DOCTEUR ROUX (RUE),,,Nuit avec éclairage allumé,En agglomération,Intersection en X,Pluie légère,Deux véhicules - côté,,,,,,,,,,,5,2,2,2,3.0
201600040914,0016-02-28 14:50:00,16,2,28,14,50,930,50,"29, ONZE NOVEMBRE (RUE)",,,Plein jour,En agglomération,Hors intersection,Normale,Autre collision,,,,,,,,,,,1,2,1,1,6.0
201600040915,0016-02-28 16:20:00,16,2,28,16,20,930,50,HUIT MAI 1945,,,Plein jour,En agglomération,Intersection en T,Normale,Deux véhicules - côté,,,,,,,,,,,1,2,3,1,3.0
201600040916,0016-03-13 02:15:00,16,3,13,2,15,930,50,GENERAL DE GAULLE (AVENU,,,Nuit avec éclairage allumé,En agglomération,Intersection en X,Normale,Deux véhicules - côté,,,,,,,,,,,5,2,2,1,3.0
201600040917,0016-03-17 12:50:00,16,3,17,12,50,930,50,LEON BLUM (AVENUE),,,Plein jour,En agglomération,Intersection en T,Normale,Deux véhicules - côté,,,,,,,,,,,1,2,3,1,3.0
201600040918,0016-03-25 17:55:00,16,3,25,17,55,930,49,PAUL VAILLANT COUTURIER,,,Plein jour,En agglomération,Intersection en T,Normale,Deux véhicules - frontale,,,,,,,,,,,1,2,3,1,1.0