accident_id,datetime,annee,mois,jour,heure,minute,departement,commune_insee,adresse,latitude,longitude,luminosite,agglomeration,intersection,meteo,collision,nb_vehicules,nb_usagers,nb_indemnes,nb_tues,nb_blesses_hosp,nb_blesses_legers,age_cond_1,age_cond_2,veh_type_cond_1,veh_type_cond_2,lum_code,agg_code,int_code,atm_code,col_code
201600041051,0016-09-30 21:10:00,16,9,30,21,10,930,51,FORT (AVE),,,Nuit avec éclairage non allumé,En agglomération,Hors intersection,Pluie légère,Trois véhicules et plus - en chaîne,,,,,,,,,,,4,2,1,2,4.0
201600041052,0016-10-06 09:00:00,16,10,6,9,0,930,51,NEUILLY (ROUTE),,,Plein jour,En agglomération,Intersection en T,Normale,Deux véhicules - côté,,,,,,,,,,,1,2,3,1,3.0
201600041053,0016-10-15 23:00:00,16,10,15,23,0,930,51,EMILE COSSONNEAU (AVE),,,Nuit avec éclairage allumé,En agglomération,Intersection en T,Normale,Autre collision,,,,,,,,,,,5,2,3,1,6.0
201600041054,0016-10-27 12:00:00,16,10,27,12,0,930,51,MONT D'EST (BD),,,Plein jour,En agglomération,Hors intersection,Temps couvert,Autre collision,,,,,,,,,,,1,2,1,8,6.0
201600041055,0016-10-27 13:30:00,16,10,27,13,30,930,51,MONT D'EST (BD),,,Plein jour,En agglomération,Intersection en T,Normale,Deux véhicules - côté,,,,,,,,,,,1,2,3,1,3.0
201600041056,0016-10-29 07:30:00,16,10,29,7,30,930,51,"37, NEUILLY (ROUTE)",,,Nuit avec éclairage allumé,En agglomération,Hors intersection,Normale,Trois véhicules et plus - en chaîne,,,,,,,,,,,5,2,1,1,4.0
201600041057,0016-11-01 06:50:00,16,11,1,6,50,930,51,"1, MEDERIC (AVENUE)",,,Nuit avec éclairage allumé,En agglomération,Hors intersection,Normale,Autre collision,,,,,,,,,,,5,2,1,1,6.0
201600041058,0016-11-01 10:35:00,16,11,1,10,35,930,51,RESISTANCE (PLACE),,,Plein jour,En agglomération,Intersection en X,Normale,Autre collision,,,,,,,,,,,1,2,2,1,6.0
201600041059,0016-11-08 19:30:00,16,11,8,19,30,930,51,VICTOR BASCH (AVENUE),,,Nuit avec éclairage allumé,En agglomération,Hors intersection,Normale,Deux véhicules - côté,,,,,,,,,,,5,2,1,1,3.0
201600041060,0016-11-10 18:55:00,16,11,10,18,55,930,51,"168, EMILE COSSONNEAU (N",,,Nuit avec éclairage allumé,En agglomération,Hors intersection,Pluie légère,Trois véhicules et plus - en chaîne,,,,,,,,,,,5,2,1,2,4.0
201600041061,0016-11-12 20:50:00,16,11,12,20,50,930,51,VERTS BATONS,,,Nuit avec éclairage non allumé,En agglomération,Hors intersection,Pluie légère,Autre collision,,,,,,,,,,,4,2,1,2,6.0
201600041062,0016-11-17 16:10:00,16,11,17,16,10,930,51,VICTOR BASCH (AVENUE),,,Plein jour,En agglomération,Passage à niveau,Temps couvert,Autre collision,,,,,,,,,,,1,2,8,8,6.0
201600041063,0016-11-18 12:58:00,16,11,18,12,58,930,51,MARECHAL FOCH (BOULEVARD,,,Plein jour,En agglomération,Intersection en T,Normale,Deux véhicules - côté,,,,,,,,,,,1,2,3,1,3.0
201600041064,0016-11-18 21:35:00,16,11,18,21,35,930,51,ARISTIDE BRIAND (AVENUE),,,Nuit avec éclairage allumé,En agglomération,Intersection en T,Normale,Trois véhicules et plus - collisions multiples,,,,,,,,,,,5,2,3,1,5.0
201600041065,0016-11-20 17:00:00,16,11,20,17,0,930,51,"11, FORT (AVE)",,,Nuit avec éclairage allumé,En agglomération,Hors intersection,Pluie légère,Autre collision,,,,,,,,,,,5,2,1,2,6.0
201600041066,0016-11-22 09:35:00,16,11,22,9,35,930,51,MARECHAL FOCH (BOULEVARD,,,Plein jour,En agglomération,Intersection en X,Normale,Deux véhicules - côté,,,,,,,,,,,1,2,2,1,3.0
201600041067,0016-11-28 18:45:00,16,11,28,18,45,930,51,"16, EMILE COSSONNEAU (AV",,,Nuit avec éclairage allumé,En agglomération,Hors intersection,Normale,Deux véhicules - arrière,,,,,,,,,,,5,2,1,1,2.0
201600041068,0016-11-30 15:00:00,16,11,30,15,0,930,51,"0, VICTOR BASCH (AVENUE)",,,Plein jour,En agglomération,Hors intersection,Normale,Deux véhicules - côté,,,,,,,,,,,1,2,1,1,3.0
201600041069,0016-12-09 13:00:00,16,12,9,13,0,930,51,RU DE NESLE (BOULEVARD),,,Plein jour,En agglomération,Hors intersection,Normale,Deux véhicules - côté,,,,,,,,,,,1,2,1,1,3.0
201600041070,0016-12-09 19:30:00,16,12,9,19,30,930,51,NEUILLY (ROUTE),,,Nuit avec éclairage allumé,En agglomération,Intersection en T,Normale,Deux véhicules - côté,,,,,,,,,,,5,2,3,1,3.0
201600041071,0016-12-14 10:00:00,16,12,14,10,0,930,51,NEUILLY (ROUTE),,,Plein jour,En agglomération,Intersection en X,Normale,Autre collision,,,,,,,,,,,1,2,2,1,6.0
201600041072,0016-12-15 09:50:00,16,12,15,9,50,930,51,VICTOR BASCH (AVENUE),,,Plein jour,En agglomération,Hors intersection,Normale,Autre collision,,,,,,,,,,,1,2,1,1,6.0
201600041073,0016-01-20 19:05:00,16,1,20,19,5,930,53,PARIS (RUE DE),,,Nuit avec éclairage allumé,En agglomération,Hors intersection,Normale,Autre collision,,,,,,,,,,,5,2,1,1,6.0
201600041074,0016-01-23 21:15:00,16,1,23,21,15,930,53,GAGNY (AVENUE DE),,,Nuit avec éclairage allumé,En agglomération,Intersection en X,Normale,Deux véhicules - côté,,,,,,,,,,,5,2,2,1,3.0
201600041075,0016-01-25 13:15:00,16,1,25,13,15,930,53,DECOUVERTES (PLACE DES),,,Plein jour,En agglomération,Hors intersection,Normale,Autre collision,,,,,,,,,,,1,2,1,1,6.0
201600041076,0016-01-28 15:30:00,16,1,28,15,30,930,53,MONTREUIL A CLAYE (CHEMI,,,Plein jour,En agglomération,Hors intersection,Normale,Deux véhicules - frontale,,,,,,,,,,,1,2,1,1,1.0
201600041077,0016-01-30 20:05:00,16,1,30,20,5,930,53,"124 BIS, ROSNY (AVENUE D",,,Nuit avec éclairage allumé,En agglomération,Hors intersection,Pluie légère,Autre collision,,,,,,,,,,,5,2,1,2,6.0
201600041078,0016-02-10 17:10:00,16,2,10,17,10,930,53,ANATOLE FRANCE (RUE),,,Plein jour,En agglomération,Intersection en Y,Normale,Deux véhicules - côté,,,,,,,,,,,1,2,4,1,3.0
201600041079,0016-02-16 16:40:00,16,2,16,16,40,930,53,"46, VAILLANT COUTURIER (",,,Plein jour,En agglomération,Intersection en Y,Normale,Deux véhicules - côté,,,,,,,,,,,1,2,4,1,3.0
201600041080,0016-03-09 07:30:00,16,3,9,7,30,930,53,JEAN COQUELIN (PLACE),,,Crépuscule ou aube,En agglomération,Hors intersection,Pluie légère,Autre collision,,,,,,,,,,,2,2,1,2,6.0
201600041081,0016-03-18 16:40:00,16,3,18,16,40,930,53,MICHELET (BLD) N° 82 A 1,,,Plein jour,En agglomération,Hors intersection,Normale,Autre collision,,,,,,,,,,,1,2,1,1,6.0
201600041082,0016-03-21 13:50:00,16,3,21,13,50,930,53,"6, GARE (RUE DE LA)",,,Plein jour,En agglomération,Place,Normale,Autre collision,,,,,,,,,,,1,2,7,1,6.0
201600041083,0016-03-28 22:25:00,16,3,28,22,25,930,53,"14, VAILLANT COUTURIER (",,,Nuit avec éclairage allumé,En agglomération,Hors intersection,Pluie forte,Autre collision,,,,,,,,,,,5,2,1,3,6.0
201600041084,0016-03-30 07:18:00,16,3,30,7,18,930,53,PARIS (RUE DE),,,Crépuscule ou aube,En agglomération,Intersection en X,Pluie légère,Deux véhicules - arrière,,,,,,,,,,,2,2,2,2,2.0
201600041085,0016-04-11 15:35:00,16,4,11,15,35,930,53,"4, NEUILLY (RUE DE) N° 4",,,Plein jour,En agglomération,Intersection en T,Pluie légère,Deux véhicules - côté,,,,,,,,,,,1,2,3,2,3.0
201600041086,0016-04-21 08:55:00,16,4,21,8,55,930,53,"110 bis, VAILLANT COUTUR",,,Plein jour,En agglomération,Hors intersection,Normale,Deux véhicules - arrière,,,,,,,,,,,1,2,1,1,2.0
201600041087,0016-05-01 10:55:00,16,5,1,10,55,930,53,"60, GALLIENI (AVENUE)",,,Plein jour,En agglomération,Autre intersection,Normale,Deux véhicules - côté,,,,,,,,,,,1,2,9,1,3.0
201600041088,0016-05-07 16:45:00,16,5,7,16,45,930,53,"07, ANATOLE FRANCE (RUE)",,,Plein jour,En agglomération,Hors intersection,Normale,Deux véhicules - arrière,,,,,,,,,,,1,2,1,1,2.0
201600041089,0016-05-09 12:37:00,16,5,9,12,37,930,53,"14, PIERRE BROSSELETTE (",,,Plein jour,En agglomération,Hors intersection,Normale,Autre collision,,,,,,,,,,,1,2,1,1,6.0
201600041090,0016-05-09 13:15:00,16,5,9,13,15,930,53,ALSACE LORRAINE (AVENUE,,,Plein jour,En agglomération,Intersection en T,Normale,Deux véhicules - côté,,,,,,,,,,,1,2,3,1,3.0
201600041091,0016-05-10 17:00:00,16,5,10,17,0,930,53,BREMENT (RUE DE) 1 A 83,,,Plein jour,En agglomération,Hors intersection,Pluie forte,Autre collision,,,,,,,,,,,1,2,1,3,6.0
201600041092,0016-05-16 19:25:00,16,5,16,19,25,930,53,"31, PASTEUR (AVENUE)",,,Plein jour,En agglomération,Intersection en T,Temps couvert,Deux véhicules - frontale,,,,,,,,,,,1,2,3,8,1.0
201600041093,0016-05-22 04:45:00,16,5,22,4,45,930,53,PARC (RUE DU),,,Crépuscule ou aube,En agglomération,Intersection en X,Pluie légère,Deux véhicules - côté,,,,,,,,,,,2,2,2,2,3.0
201600041094,0016-06-04 06:10:00,16,6,4,6,10,930,53,ROSNY (AVENUE DE) N° 56,,,Crépuscule ou aube,En agglomération,Place,Normale,Deux véhicules - frontale,,,,,,,,,,,2,2,7,1,1.0
201600041095,0016-06-05 09:30:00,16,6,5,9,30,930,53,BREMENT (RUE DE) 109 A 2,,,Plein jour,En agglomération,Intersection en T,Temps couvert,Deux véhicules - côté,,,,,,,,,,,1,2,3,8,3.0
201600041096,0016-06-05 19:05:00,16,6,5,19,5,930,53,"93, GUILLAUMMES (RUE DES",,,Plein jour,En agglomération,Hors intersection,Normale,Autre collision,,,,,,,,,,,1,2,1,1,6.0
201600041097,0016-06-26 15:03:00,16,6,26,15,3,930,53,BREMENT (RUE DE) 109 A 2,,,Plein jour,En agglomération,Intersection en X,Normale,Deux véhicules - côté,,,,,,,,,,,1,2,2,1,3.0
201600041098,0016-07-04 09:30:00,16,7,4,9,30,930,53,"., ANATOLE FRANCE (RUE)",,,Plein jour,En agglomération,Giratoire,Normale,Deux véhicules - côté,,,,,,,,,,,1,2,6,1,3.0
201600041099,0016-07-09 23:50:00,16,7,9,23,50,930,53,MICHELET (BLD) N° 82 A 1,,,Nuit avec éclairage allumé,En agglomération,Intersection en T,Normale,Sans collision,,,,,,,,,,,5,2,3,1,7.0
201600041100,0016-07-21 18:10:00,16,7,21,18,10,930,53,DIX HUIT AVRIL 1944 (RUE,,,Plein jour,En agglomération,Hors intersection,Normale,Autre collision,,,,,,,,,,,1,2,1,1,6.0
201600041101,0016-07-22 14:20:00,16,7,22,14,20,930,53,"194, PARIS (RUE DE)",,,Plein jour,En agglomération,Hors intersection,Normale,Autre collision,,,,,,,,,,,1,2,1,1,6.0
201600041102,0016-07-26 09:05:00,16,7,26,9,5,930,53,"177, PARIS (RUE DE)",,,Plein jour,En agglomération,Hors intersection,Normale,Deux véhicules - côté,,,,,,,,,,,1,2,1,1,3.0
201600041103,0016-08-02 14:00:00,16,8,2,14,0,930,53,JEAN JAURES (RUE),,,Plein jour,En agglomération,Hors intersection,Pluie légère,Autre collision,,,,,,,,,,,1,2,1,2,6.0
201600041104,0016-08-04 16:15:00,16,8,4,16,15,930,53,"200, PARIS (RUE DE)",,,Plein jour,En agglomération,Intersection en X,Normale,Autre collision,,,,,,,,,,,1,2,2,1,6.0
201600041105,0016-08-20 16:30:00,16,8,20,16,30,930,53,"276 b, GABRIEL PERI (BLD",,,Plein jour,En agglomération,Hors intersection,Normale,Autre collision,,,,,,,,,,,1,2,1,1,6.0
201600041106,0016-09-14 19:30:00,16,9,14,19,30,930,53,".., PARC (RUE DU)",,,Crépuscule ou aube,En agglomération,Hors intersection,Normale,Deux véhicules - côté,,,,,,,,,,,2,2,1,1,3.0
201600041107,0016-09-16 08:10:00,16,9,16,8,10,930,53,"..., STRASBOURG (AVENUE",,,Plein jour,En agglomération,Intersection en T,Normale,Deux véhicules - côté,,,,,,,,,,,1,2,3,1,3.0
201600041108,0016-10-19 07:45:00,16,10,19,7,45,930,53,"98, ANATOLE FRANCE (RUE)",,,Plein jour,En agglomération,Hors intersection,Normale,Deux véhicules - côté,,,,,,,,,,,1,2,1,1,3.0
201600041109,0016-10-24 19:00:00,16,10,24,19,0,930,53,", PARIS (RUE DE)",,,Nuit avec éclairage allumé,En agglomération,Intersection en X,Pluie légère,Deux véhicules - côté,,,,,,,,,,,5,2,2,2,3.0
201600041110,0016-10-25 07:00:00,16,10,25,7,0,930,53,", GARE (RUE DE LA)",,,Nuit avec éclairage allumé,En agglomération,Giratoire,Normale,Autre collision,,,,,,,,,,,5,2,6,1,6.0
201600041111,0016-10-26 16:20:00,16,10,26,16,20,930,53,"., BREMENT (RUE DE) 109",,,Plein jour,En agglomération,Hors intersection,Normale,Autre collision,,,,,,,,,,,1,2,1,1,6.0
201600041112,0016-11-14 09:00:00,16,11,14,9,0,930,53,"09, BREMENT (RUE DE) 1 A",,,Plein jour,En agglomération,Hors intersection,Temps couvert,Deux véhicules - côté,,,,,,,,,,,1,2,1,8,3.0
201600041113,0016-11-20 15:45:00,16,11,20,15,45,930,53,"83, BOISSIERE (BLD DE LA",,,Plein jour,En agglomération,Hors intersection,Pluie légère,Deux véhicules - côté,,,,,,,,,,,1,2,1,2,3.0
201600041114,0016-11-23 14:18:00,16,11,23,14,18,930,53,"..., ROGER SALENGRO (BLD",,,Plein jour,En agglomération,Intersection en T,Normale,Deux véhicules - côté,,,,,,,,,,,1,2,3,1,3.0
201600041115,0016-11-24 18:50:00,16,11,24,18,50,930,53,REPUBLIQUE (BLD DE LA) N,,,Nuit avec éclairage allumé,En agglomération,Intersection en T,Normale,Deux véhicules - côté,,,,,,,,,,,5,2,3,1,3.0
201600041116,0016-11-28 23:55:00,16,11,28,23,55,930,53,DIX HUIT AVRIL 1944 (RUE,,,Nuit avec éclairage allumé,En agglomération,Hors intersection,Normale,Autre collision,,,,,,,,,,,5,2,1,1,6.0
201600041117,0016-11-28 13:10:00,16,11,28,13,10,930,53,", ROSNY (AVENUE DE) N° 1",,,Plein jour,En agglomération,Hors intersection,Normale,Deux véhicules - côté,,,,,,,,,,,1,2,1,1,3.0
201600041118,0016-12-04 18:20:00,16,12,4,18,20,930,53,"107, BREMENT (RUE DE) 85",,,Nuit avec éclairage allumé,En agglomération,Hors intersection,Normale,Deux véhicules - côté,,,,,,,,,,,5,2,1,1,3.0
201600041119,0016-12-06 09:40:00,16,12,6,9,40,930,53,"119, GABRIEL PERI (BLD)",,,Plein jour,En agglomération,Hors intersection,Normale,Deux véhicules - côté,,,,,,,,,,,1,2,1,1,3.0
201600041120,0016-12-06 19:20:00,16,12,6,19,20,930,53,ANATOLE FRANCE (RUE),,,Nuit avec éclairage allumé,En agglomération,Intersection en Y,Normale,Deux véhicules - côté,,,,,,,,,,,5,2,4,1,3.0
201600041121,0016-12-13 23:00:00,16,12,13,23,0,930,53,"42, PIERRE SEMARD (RUE)",,,Nuit avec éclairage allumé,En agglomération,Intersection en T,Normale,Deux véhicules - côté,,,,,,,,,,,5,2,3,1,3.0
201600041122,0016-01-01 18:40:00,16,1,1,18,40,930,55,"78, JEAN JAURES (AVENUE)",,,Nuit avec éclairage allumé,En agglomération,Hors intersection,Normale,Autre collision,,,,,,,,,,,5,2,1,1,6.0
201600041123,0016-01-07 07:40:00,16,1,7,7,40,930,55,"176, JEAN LOLIVE (AVENUE",,,Crépuscule ou aube,En agglomération,Hors intersection,Pluie forte,Deux véhicules - côté,,,,,,,,,,,2,2,1,3,3.0
201600041124,0016-01-14 16:11:00,16,1,14,16,11,930,55,"80, JEAN LOLIVE (AVENUE)",,,Plein jour,En agglomération,Hors intersection,Normale,Deux véhicules - arrière,,,,,,,,,,,1,2,1,1,2.0
201600041125,0016-01-21 17:19:00,16,1,21,17,19,930,55,DIVISION LECLERC (AVE DE,,,Nuit avec éclairage allumé,En agglomération,Intersection en X,Normale,Autre collision,,,,,,,,,,,5,2,2,1,6.0
201600041126,0016-02-02 17:25:00,16,2,2,17,25,930,55,ESTIENNE D'ORVES (1 A 13,,,Crépuscule ou aube,En agglomération,Intersection en T,Pluie légère,Autre collision,,,,,,,,,,,2,2,3,2,6.0
201600041127,0016-05-29 02:45:00,16,5,29,2,45,930,55,"176, GENERAL LECLERC(AVE",,,Nuit avec éclairage allumé,En agglomération,Hors intersection,Normale,Deux véhicules - arrière,,,,,,,,,,,5,2,1,1,2.0
201600041128,0016-07-06 08:25:00,16,7,6,8,25,930,55,"34, DELIZY (DU 23 A FIN",,,Plein jour,En agglomération,Hors intersection,Normale,Deux véhicules - arrière,,,,,,,,,,,1,2,1,1,2.0
201600041129,0016-01-14 13:00:00,16,1,14,13,0,930,55,"5, MEHUL (1/37. 2/24)",,,Plein jour,En agglomération,Intersection en Y,Normale,Deux véhicules - frontale,,,,,,,,,,,1,2,4,1,1.0
201600041130,0016-02-03 09:30:00,16,2,3,9,30,930,55,ANATOLE FRANCE (AVENUE),,,Plein jour,En agglomération,Intersection en X,Normale,Deux véhicules - côté,,,,,,,,,,,1,2,2,1,3.0
201600041131,0016-02-07 23:00:00,16,2,7,23,0,930,55,JEAN JAURES (AVENUE) (17,,,Nuit avec éclairage allumé,En agglomération,Hors intersection,Vent fort / tempête,Deux véhicules - arrière,,,,,,,,,,,5,2,1,6,2.0
201600041132,0016-02-18 11:35:00,16,2,18,11,35,930,55,"83, JEAN LOLIVE (AVENUE)",,,Plein jour,En agglomération,Intersection en X,Normale,Deux véhicules - côté,,,,,,,,,,,1,2,2,1,3.0
201600041133,0016-02-19 20:40:00,16,2,19,20,40,930,55,"136, JEAN LOLIVE (AVENUE",,,Nuit avec éclairage allumé,En agglomération,Hors intersection,Normale,Deux véhicules - arrière,,,,,,,,,,,5,2,1,1,2.0
201600041134,0016-02-20 01:45:00,16,2,20,1,45,930,55,"25, SCANDICCI",,,Nuit avec éclairage allumé,En agglomération,Hors intersection,Temps couvert,Autre collision,,,,,,,,,,,5,2,1,8,6.0
201600041135,0016-03-09 23:20:00,16,3,9,23,20,930,55,JEAN LOLIVE (AVENUE)(107,,,Nuit avec éclairage allumé,En agglomération,Intersection en T,Normale,Deux véhicules - côté,,,,,,,,,,,5,2,3,1,3.0
201600041136,0016-03-12 14:25:00,16,3,12,14,25,930,55,"55, JEAN LOLIVE (AVENUE)",,,Plein jour,En agglomération,Hors intersection,Normale,Autre collision,,,,,,,,,,,1,2,1,1,6.0
201600041137,0016-03-12 18:10:00,16,3,12,18,10,930,55,"42, GABRIELLE JOSSERAND",,,Plein jour,En agglomération,Hors intersection,Normale,Autre collision,,,,,,,,,,,1,2,1,1,6.0
201600041138,0016-04-09 00:15:00,16,4,9,0,15,930,55,"88, JEAN JAURES (AVENUE)",,,Nuit avec éclairage allumé,En agglomération,Hors intersection,Normale,Deux véhicules - côté,,,,,,,,,,,5,2,1,1,3.0
201600041139,0016-04-13 09:20:00,16,4,13,9,20,930,55,JEAN LOLIVE (AVENUE)(107,,,Plein jour,En agglomération,Hors intersection,Pluie légère,Deux véhicules - côté,,,,,,,,,,,1,2,1,2,3.0
201600041140,0016-04-17 13:20:00,16,4,17,13,20,930,55,"210, GENERAL LECLERC(AVE",,,Plein jour,En agglomération,Intersection en T,Pluie légère,Autre collision,,,,,,,,,,,1,2,3,2,6.0
201600041141,0016-04-19 14:30:00,16,4,19,14,30,930,55,"30, SCANDICCI",,,Plein jour,En agglomération,Hors intersection,Normale,Autre collision,,,,,,,,,,,1,2,1,1,6.0
201600041142,0016-04-25 13:15:00,16,4,25,13,15,930,55,"49, JULES AUFFRET (51/FI",,,Plein jour,En agglomération,Intersection à plus de 4 branches,Normale,Deux véhicules - côté,,,,,,,,,,,1,2,5,1,3.0
201600041143,0016-05-07 12:55:00,16,5,7,12,55,930,55,"02, HOCHE",,,Plein jour,En agglomération,Hors intersection,Normale,Autre collision,,,,,,,,,,,1,2,1,1,6.0
201600041144,0016-05-09 17:15:00,16,5,9,17,15,930,55,GENERAL LECLERC(AVE DU)8,,,Plein jour,En agglomération,Hors intersection,Normale,Deux véhicules - arrière,,,,,,,,,,,1,2,1,1,2.0
201600041145,0016-05-12 20:48:00,16,5,12,20,48,930,55,EDOUARD VAILLANT DU 1 A,,,Crépuscule ou aube,En agglomération,Hors intersection,Pluie légère,Autre collision,,,,,,,,,,,2,2,1,2,6.0
201600041146,0016-05-20 19:25:00,16,5,20,19,25,930,55,"14, SCANDICCI",,,Plein jour,En agglomération,Hors intersection,Normale,Autre collision,,,,,,,,,,,1,2,1,1,6.0
201600041147,0016-05-21 12:52:00,16,5,21,12,52,930,55,"7, SAINTE MARGUERITE",,,Plein jour,En agglomération,Hors intersection,Normale,Autre collision,,,,,,,,,,,1,2,1,1,6.0
201600041148,0016-04-10 00:20:00,16,4,10,0,20,930,55,"200, JEAN LOLIVE (AVENUE",,,Nuit avec éclairage allumé,En agglomération,Hors intersection,Normale,Autre collision,,,,,,,,,,,5,2,1,1,6.0
201600041149,0016-06-06 17:00:00,16,6,6,17,0,930,55,"172, JEAN JAURES (AVENUE",,,Plein jour,En agglomération,Hors intersection,Normale,Autre collision,,,,,,,,,,,1,2,1,1,6.0
201600041150,0016-06-11 16:30:00,16,6,11,16,30,930,55,", CANDALE",,,Plein jour,En agglomération,Intersection en T,Normale,Autre collision,,,,,,,,,,,1,2,3,1,6.0
201600041151,0016-06-13 21:35:00,16,6,13,21,35,930,55,"63, CHARLES NODIER",,,Crépuscule ou aube,En agglomération,Hors intersection,Normale,Autre collision,,,,,,,,,,,2,2,1,1,6.0
201600041152,0016-06-15 14:20:00,16,6,15,14,20,930,55,"15, GABRIELLE JOSSERAND",,,Plein jour,En agglomération,Hors intersection,Normale,Autre collision,,,,,,,,,,,1,2,1,1,6.0
201600041153,0016-06-18 16:50:00,16,6,18,16,50,930,55,", JEAN LOLIVE (AVENUE)(7",,,Plein jour,En agglomération,Intersection en T,Normale,Deux véhicules - côté,,,,,,,,,,,1,2,3,1,3.0
201600041154,0016-06-23 19:45:00,16,6,23,19,45,930,55,JULES AUFFRET (1/49 ET 2,,,Plein jour,En agglomération,Intersection en T,Normale,Deux véhicules - côté,,,,,,,,,,,1,2,3,1,3.0
201600041155,0016-06-28 20:20:00,16,6,28,20,20,930,55,"23, AUGER",,,Plein jour,En agglomération,Hors intersection,Normale,Autre collision,,,,,,,,,,,1,2,1,1,6.0
201600041156,0016-08-07 20:15:00,16,8,7,20,15,930,55,"52, JEAN LOLIVE (AVENUE)",,,Plein jour,En agglomération,Hors intersection,Temps éblouissant,Autre collision,,,,,,,,,,,1,2,1,7,6.0
201600041157,0016-12-15 13:37:00,16,12,15,13,37,930,55,"170, JEAN LOLIVE (AVENUE",,,Plein jour,En agglomération,Hors intersection,Normale,Deux véhicules - côté,,,,,,,,,,,1,2,1,1,3.0
201600041158,0016-07-14 13:50:00,16,7,14,13,50,930,55,"8, CANDALE",,,Plein jour,En agglomération,Hors intersection,Normale,Autre collision,,,,,,,,,,,1,2,1,1,6.0
201600041159,0016-07-17 16:50:00,16,7,17,16,50,930,55,"195, JEAN LOLIVE (AVENUE",,,Plein jour,En agglomération,Hors intersection,Normale,Deux véhicules - arrière,,,,,,,,,,,1,2,1,1,2.0
201600041160,0016-07-24 09:00:00,16,7,24,9,0,930,55,"5, EDOUARD VAILLANT DU 2",,,Plein jour,En agglomération,Intersection en Y,Normale,Deux véhicules - arrière,,,,,,,,,,,1,2,4,1,2.0
201600041161,0016-08-04 19:50:00,16,8,4,19,50,930,55,"36, JEAN LOLIVE (AVENUE)",,,Plein jour,En agglomération,Hors intersection,Normale,Autre collision,,,,,,,,,,,1,2,1,1,6.0
201600041162,0016-08-12 10:15:00,16,8,12,10,15,930,55,"77, JULES AUFFRET (51/FI",,,Plein jour,En agglomération,Hors intersection,Normale,Deux véhicules - frontale,,,,,,,,,,,1,2,1,1,1.0
201600041163,0016-08-30 17:25:00,16,8,30,17,25,930,55,"110, GENERAL LECLERC(AVE",,,Plein jour,En agglomération,Autre intersection,Normale,Autre collision,,,,,,,,,,,1,2,9,1,6.0
201600041164,0016-09-11 02:10:00,16,9,11,2,10,930,55,"154, GENERAL LECLERC(AVE",,,Nuit avec éclairage allumé,En agglomération,Hors intersection,Normale,Autre collision,,,,,,,,,,,5,2,1,1,6.0
201600041165,0016-10-01 19:30:00,16,10,1,19,30,930,55,"44, JEAN JAURES (AVENUE)",,,Nuit avec éclairage allumé,En agglomération,Hors intersection,Normale,Deux véhicules - arrière,,,,,,,,,,,5,2,1,1,2.0
201600041166,0016-11-04 09:20:00,16,11,4,9,20,930,55,", JULES AUFFRET (1/49 ET",,,Crépuscule ou aube,En agglomération,Hors intersection,Pluie légère,Autre collision,,,,,,,,,,,2,2,1,2,6.0
201600041167,0016-11-05 12:30:00,16,11,5,12,30,930,55,"205, JEAN LOLIVE (AVENUE",,,Plein jour,En agglomération,Hors intersection,Normale,Deux véhicules - côté,,,,,,,,,,,1,2,1,1,3.0
201600041168,0016-11-10 11:43:00,16,11,10,11,43,930,55,"226, JEAN LOLIVE (AVENUE",,,Plein jour,En agglomération,Intersection en X,Normale,Deux véhicules - côté,,,,,,,,,,,1,2,2,1,3.0
201600041169,0016-12-20 11:00:00,16,12,20,11,0,930,55,"175, JEAN LOLIVE (AVENUE",,,Plein jour,En agglomération,Hors intersection,Normale,Deux véhicules - arrière,,,,,,,,,,,1,2,1,1,2.0
201600041170,0016-10-15 23:53:00,16,10,15,23,53,930,55,JEAN JAURES (AVENUE) (17,,,Nuit avec éclairage allumé,En agglomération,Hors intersection,Normale,Autre collision,,,,,,,,,,,5,2,1,1,6.0
201600041171,0016-01-06 07:45:00,16,1,6,7,45,930,62,"0, COTEAUX (ALLEE DES) 1",,,Plein jour,En agglomération,Intersection en T,Pluie légère,Autre collision,,,,,,,,,,,1,2,3,2,6.0
201600041172,0016-01-07 19:45:00,16,1,7,19,45,930,62,"10, TELEGRAPHE (ALLEE DU",,,Nuit avec éclairage allumé,En agglomération,Intersection en X,Normale,Deux véhicules - côté,,,,,,,,,,,5,2,2,1,3.0
201600041173,0016-01-09 21:50:00,16,1,9,21,50,930,62,"9, EST (BOULEVARD DE L')",,,Nuit avec éclairage allumé,En agglomération,Hors intersection,Pluie légère,Deux véhicules - côté,,,,,,,,,,,5,2,1,2,3.0
201600041174,0016-01-09 09:08:00,16,1,9,9,8,930,62,"37, JARDIN ANGLAIS ET DE",,,Plein jour,En agglomération,Hors intersection,Autre,Autre collision,,,,,,,,,,,1,2,1,9,6.0
201600041175,0016-01-13 16:11:00,16,1,13,16,11,930,77,"137 BIS, NEUILLY (RUE DE",,,Plein jour,Hors agglomération,Hors intersection,Normale,Sans collision,,,,,,,,,,,1,1,1,1,7.0
201600041176,0016-01-19 08:00:00,16,1,19,8,0,930,62,"16, HETRES (ALLE DES)",,,Plein jour,En agglomération,Intersection en X,Normale,Autre collision,,,,,,,,,,,1,2,2,1,6.0
201600041177,0016-01-20 17:35:00,16,1,20,17,35,930,62,"40, THIERS (AVENUE)",,,Nuit avec éclairage allumé,En agglomération,Intersection en X,Normale,Autre collision,,,,,,,,,,,5,2,2,1,6.0
201600041178,0016-01-22 16:50:00,16,1,22,16,50,930,77,"19, ORANGERIE (RUE DE L'",,,Crépuscule ou aube,En agglomération,Intersection en X,Pluie légère,Deux véhicules - côté,,,,,,,,,,,2,2,2,2,3.0
201600041179,0016-01-30 11:50:00,16,1,30,11,50,930,77,"180, GRANDE RUE",,,Plein jour,En agglomération,Hors intersection,Pluie légère,Autre collision,,,,,,,,,,,1,2,1,2,6.0