accident_id,datetime,annee,mois,jour,heure,minute,departement,commune_insee,adresse,latitude,longitude,luminosite,agglomeration,intersection,meteo,collision,nb_vehicules,nb_usagers,nb_indemnes,nb_tues,nb_blesses_hosp,nb_blesses_legers,age_cond_1,age_cond_2,veh_type_cond_1,veh_type_cond_2,lum_code,agg_code,int_code,atm_code,col_code
201600041180,0016-02-07 17:15:00,16,2,7,17,15,930,77,"62, FOSSE AUX BERGERS (R",,,Crépuscule ou aube,En agglomération,Intersection en X,Normale,Trois véhicules et plus - collisions multiples,,,,,,,,,,,2,2,2,1,5.0
201600041181,0016-02-10 17:00:00,16,2,10,17,0,930,77,"122, GRANDE RUE",,,Plein jour,En agglomération,Intersection en X,Pluie légère,Deux véhicules - côté,,,,,,,,,,,1,2,2,2,3.0
201600041182,0016-02-11 07:50:00,16,2,11,7,50,930,77,"4, RAINCY (AVENUE DU)",,,Plein jour,En agglomération,Hors intersection,Normale,Deux véhicules - arrière,,,,,,,,,,,1,2,1,1,2.0
201600041183,0016-02-11 16:00:00,16,2,11,16,0,930,77,"105, GRANDE RUE",,,Plein jour,En agglomération,Hors intersection,Pluie légère,Autre collision,,,,,,,,,,,1,2,1,2,6.0
201600041184,0016-02-13 10:43:00,16,2,13,10,43,930,77,"34, AIME (AVENUE)",,,Plein jour,En agglomération,Intersection en X,Pluie forte,Deux véhicules - côté,,,,,,,,,,,1,2,2,3,3.0
201600041185,0016-02-14 16:40:00,16,2,14,16,40,930,62,", ERMITAGE (ALLEE DE L')",,,Plein jour,En agglomération,Intersection en X,Normale,Autre collision,,,,,,,,,,,1,2,2,1,6.0
201600041186,0016-02-16 16:10:00,16,2,16,16,10,930,77,"22, GRANDE RUE",,,Plein jour,En agglomération,Hors intersection,Normale,Autre collision,,,,,,,,,,,1,2,1,1,6.0
201600041187,0016-02-18 20:35:00,16,2,18,20,35,930,77,"121-123, ROSNY (AVENUE D",,,Nuit avec éclairage allumé,En agglomération,Intersection en X,Pluie légère,Autre collision,,,,,,,,,,,5,2,2,2,6.0
201600041188,0016-02-27 19:10:00,16,2,27,19,10,930,77,"07, LUCIE (AVENUE)",,,Nuit avec éclairage allumé,En agglomération,Intersection en Y,Normale,Autre collision,,,,,,,,,,,5,2,4,1,6.0
201600041189,0016-03-22 18:20:00,16,3,22,18,20,930,62,"130bis, RESISTANCE (AVEN",,,Plein jour,En agglomération,Giratoire,Normale,Autre collision,,,,,,,,,,,1,2,6,1,6.0
201600041190,0016-03-24 22:40:00,16,3,24,22,40,930,62,"07, NICOLAS CARNOT (ALLE",,,Nuit avec éclairage allumé,En agglomération,Hors intersection,Normale,Trois véhicules et plus - collisions multiples,,,,,,,,,,,5,2,1,1,5.0
201600041191,0016-04-01 18:40:00,16,4,1,18,40,930,77,"2, PROCESSION (RUE DE LA",,,Plein jour,En agglomération,Hors intersection,Normale,Autre collision,,,,,,,,,,,1,2,1,1,6.0
201600041192,0016-04-06 08:10:00,16,4,6,8,10,930,77,"15, ADELE (RUE)",,,Plein jour,En agglomération,Giratoire,Normale,Deux véhicules - arrière,,,,,,,,,,,1,2,6,1,2.0
201600041193,0016-04-06 19:22:00,16,4,6,19,22,930,62,"57, MIDI (BOULEVARD DU)",,,Crépuscule ou aube,En agglomération,Hors intersection,Pluie légère,Deux véhicules - arrière,,,,,,,,,,,2,2,1,2,2.0
201600041194,0016-04-06 16:35:00,16,4,6,16,35,930,77,"84 BIS, GRANDE RUE",,,Plein jour,En agglomération,Intersection en T,Pluie légère,Deux véhicules - arrière,,,,,,,,,,,1,2,3,2,2.0
201600041195,0016-04-11 12:45:00,16,4,11,12,45,930,77,ROSNY (AVENUE DE),,,Plein jour,En agglomération,Hors intersection,Pluie légère,Autre collision,,,,,,,,,,,1,2,1,2,6.0
201600041196,0016-04-13 10:00:00,16,4,13,10,0,930,62,"106, MONTFERMEIL (ALLEE",,,Plein jour,En agglomération,Intersection en X,Normale,Autre collision,,,,,,,,,,,1,2,2,1,6.0
201600041197,0016-04-17 16:00:00,16,4,17,16,0,930,62,"118, RESISTANCE (AVENUE",,,Plein jour,En agglomération,Intersection en T,Normale,Deux véhicules - côté,,,,,,,,,,,1,2,3,1,3.0
201600041198,0016-04-22 09:50:00,16,4,22,9,50,930,62,"4, VERDUN (ALLEE DE)",,,Plein jour,En agglomération,Hors intersection,Pluie légère,Autre collision,,,,,,,,,,,1,2,1,2,6.0
201600041199,0016-04-25 05:20:00,16,4,25,5,20,930,77,"9, GRANDE RUE",,,Nuit sans éclairage public,En agglomération,Hors intersection,Pluie légère,Trois véhicules et plus - collisions multiples,,,,,,,,,,,3,2,1,2,5.0
201600041200,0016-04-28 20:30:00,16,4,28,20,30,930,62,"19 BIS, LIVRY (AVENUE DE",,,Crépuscule ou aube,En agglomération,Autre intersection,Normale,Trois véhicules et plus - en chaîne,,,,,,,,,,,2,2,9,1,4.0
201600041201,0016-04-30 11:40:00,16,4,30,11,40,930,77,"01, VILLEBOIS MAREUIL (R",,,Plein jour,En agglomération,Autre intersection,Normale,Autre collision,,,,,,,,,,,1,2,9,1,6.0
201600041202,0016-05-03 17:15:00,16,5,3,17,15,930,77,"8, OUTREBON (AVENUE)",,,Plein jour,En agglomération,Hors intersection,Normale,Deux véhicules - côté,,,,,,,,,,,1,2,1,1,3.0
201600041203,0016-05-06 05:45:00,16,5,6,5,45,930,77,"29, GRANDE RUE",,,Crépuscule ou aube,En agglomération,Intersection en X,Normale,Deux véhicules - arrière,,,,,,,,,,,2,2,2,1,2.0
201600041204,0016-05-06 16:15:00,16,5,6,16,15,930,77,"15, OSSEVILLE (AVENUE D'",,,Plein jour,En agglomération,Intersection à plus de 4 branches,Normale,Deux véhicules - côté,,,,,,,,,,,1,2,5,1,3.0
201600041205,0016-05-06 18:25:00,16,5,6,18,25,930,77,"14, SAINT LOUIS (RUE) JU",,,Plein jour,En agglomération,Giratoire,Normale,Sans collision,,,,,,,,,,,1,2,6,1,7.0
201600041206,0016-05-14 14:40:00,16,5,14,14,40,930,62,"75, RESISTANCE (AVENUE D",,,Plein jour,En agglomération,Hors intersection,Normale,Deux véhicules - côté,,,,,,,,,,,1,2,1,1,3.0
201600041207,0016-05-18 01:10:00,16,5,18,1,10,930,77,"36, NOISY (ROUTE DE) JUS",,,Nuit avec éclairage allumé,En agglomération,Intersection en X,Normale,Deux véhicules - côté,,,,,,,,,,,5,2,2,1,3.0
201600041208,0016-05-19 09:20:00,16,5,19,9,20,930,62,"114 BIS, RESISTANCE (AVE",,,Plein jour,En agglomération,Hors intersection,Pluie légère,Autre collision,,,,,,,,,,,1,2,1,2,6.0
201600041209,0016-05-19 11:00:00,16,5,19,11,0,930,77,"31, NEUILLY (RUE DE)",,,Plein jour,En agglomération,Hors intersection,Pluie légère,Autre collision,,,,,,,,,,,1,2,1,2,6.0
201600041210,0016-05-23 15:35:00,16,5,23,15,35,930,77,"86, NEUILLY (RUE DE)",,,Plein jour,En agglomération,Hors intersection,Normale,Autre collision,,,,,,,,,,,1,2,1,1,6.0
201600041211,0016-05-26 08:20:00,16,5,26,8,20,930,77,"61, GALLIENI (AVENUE DU",,,Plein jour,En agglomération,Intersection en T,Normale,Deux véhicules - côté,,,,,,,,,,,1,2,3,1,3.0
201600041212,0016-05-26 11:05:00,16,5,26,11,5,930,77,MONTAGNE SAVART (RUE DE,,,Plein jour,En agglomération,Intersection en X,Normale,Deux véhicules - côté,,,,,,,,,,,1,2,2,1,3.0
201600041213,0016-05-27 09:15:00,16,5,27,9,15,930,77,"123, BONDY (AVENUE DE) J",,,Plein jour,En agglomération,Intersection en X,Normale,Deux véhicules - côté,,,,,,,,,,,1,2,2,1,3.0
201600041214,0016-06-07 11:45:00,16,6,7,11,45,930,77,", GUITLEVITCH (RUE SIMON",,,Plein jour,En agglomération,Intersection en X,Normale,Deux véhicules - côté,,,,,,,,,,,1,2,2,1,3.0
201600041215,0016-06-10 09:00:00,16,6,10,9,0,930,77,"20, GANTE (RUE BERNARD)",,,Plein jour,En agglomération,Intersection en T,Normale,Deux véhicules - côté,,,,,,,,,,,1,2,3,1,3.0
201600041216,0016-06-14 13:35:00,16,6,14,13,35,930,77,"128, BONDY (AVENUE DE) J",,,Plein jour,En agglomération,Intersection en X,Normale,Deux véhicules - côté,,,,,,,,,,,1,2,2,1,3.0
201600041217,0016-06-16 17:51:00,16,6,16,17,51,930,77,"126, ROSNY (AVENUE DE)",,,Plein jour,En agglomération,Hors intersection,Pluie légère,Autre collision,,,,,,,,,,,1,2,1,2,6.0
201600041218,0016-06-17 10:30:00,16,6,17,10,30,930,62,"4, GENERAL DE GAULLE (PL",,,Plein jour,En agglomération,Intersection en T,Normale,Deux véhicules - côté,,,,,,,,,,,1,2,3,1,3.0
201600041219,0016-06-18 22:30:00,16,6,18,22,30,930,77,"109, GRANDE RUE",,,Nuit avec éclairage allumé,En agglomération,Hors intersection,Normale,Autre collision,,,,,,,,,,,5,2,1,1,6.0
201600041220,0016-06-18 13:10:00,16,6,18,13,10,930,77,"67, GRANDE RUE",,,Plein jour,En agglomération,Intersection en X,Normale,Deux véhicules - arrière,,,,,,,,,,,1,2,2,1,2.0
201600041221,0016-06-22 18:15:00,16,6,22,18,15,930,77,GRANDE RUE,,,Plein jour,En agglomération,Intersection en X,Normale,Deux véhicules - frontale,,,,,,,,,,,1,2,2,1,1.0
201600041222,0016-06-23 18:00:00,16,6,23,18,0,930,77,"59, RAINCY (AVENUE DU)",,,Plein jour,En agglomération,Hors intersection,Normale,Trois véhicules et plus - en chaîne,,,,,,,,,,,1,2,1,1,4.0
201600041223,0016-06-24 09:10:00,16,6,24,9,10,930,77,GRANDE RUE,,,Plein jour,En agglomération,Giratoire,Normale,Deux véhicules - côté,,,,,,,,,,,1,2,6,1,3.0
201600041224,0016-06-24 17:25:00,16,6,24,17,25,930,62,"47 BIS, MIDI (BOULEVARD",,,Plein jour,En agglomération,Intersection en X,Normale,Sans collision,,,,,,,,,,,1,2,2,1,7.0
201600041225,0016-06-18 05:20:00,16,6,18,5,20,930,77,"03, GRANDE RUE",,,Plein jour,En agglomération,Hors intersection,Normale,Sans collision,,,,,,,,,,,1,2,1,1,7.0
201600041226,0016-06-27 10:30:00,16,6,27,10,30,930,62,GAMBETTA (ALLEE),,,Plein jour,En agglomération,Intersection en X,Pluie légère,Autre collision,,,,,,,,,,,1,2,2,2,6.0
201600041227,0016-06-28 08:25:00,16,6,28,8,25,930,62,MIDI (BOULEVARD DU),,,Plein jour,En agglomération,Intersection en X,Normale,Deux véhicules - côté,,,,,,,,,,,1,2,2,1,3.0
201600041228,0016-06-29 15:30:00,16,6,29,15,30,930,77,"17, MONTAGNE SAVART (RUE",,,Plein jour,En agglomération,Intersection en X,Normale,Deux véhicules - côté,,,,,,,,,,,1,2,2,1,3.0
201600041229,0016-07-05 21:35:00,16,7,5,21,35,930,77,"12, SAINT CHARLES (RUE)",,,Crépuscule ou aube,En agglomération,Intersection en X,Normale,Deux véhicules - côté,,,,,,,,,,,2,2,2,1,3.0
201600041230,0016-07-09 01:10:00,16,7,9,1,10,930,77,"67, GRANDE RUE",,,Nuit avec éclairage allumé,En agglomération,Intersection en X,Normale,Trois véhicules et plus - en chaîne,,,,,,,,,,,5,2,2,1,4.0
201600041231,0016-07-09 20:14:00,16,7,9,20,14,930,77,"30, AULNAY (BOULEVARD D'",,,Crépuscule ou aube,En agglomération,Hors intersection,Normale,Autre collision,,,,,,,,,,,2,2,1,1,6.0
201600041232,0016-07-17 03:35:00,16,7,17,3,35,930,77,"138 bis, GRANDE RUE",,,Nuit avec éclairage allumé,En agglomération,Hors intersection,Normale,Autre collision,,,,,,,,,,,5,2,1,1,6.0
201600041233,0016-07-22 13:50:00,16,7,22,13,50,930,62,"13, COTEAUX (ALLEE DES)",,,Plein jour,En agglomération,Intersection en X,Normale,Deux véhicules - frontale,,,,,,,,,,,1,2,2,1,1.0
201600041234,0016-07-26 08:00:00,16,7,26,8,0,930,62,"13 bis, OUEST (BOULEVARD",,,Plein jour,En agglomération,Hors intersection,Normale,Deux véhicules - frontale,,,,,,,,,,,1,2,1,1,1.0
201600041235,0016-08-08 14:10:00,16,8,8,14,10,930,77,"25, MONTAGNE SAVART (RUE",,,Plein jour,En agglomération,Intersection en X,Normale,Deux véhicules - côté,,,,,,,,,,,1,2,2,1,3.0
201600041236,0016-08-09 22:15:00,16,8,9,22,15,930,77,"04, GRANDE RUE",,,Nuit avec éclairage allumé,En agglomération,Hors intersection,Normale,Deux véhicules - côté,,,,,,,,,,,5,2,1,1,3.0
201600041237,0016-08-17 17:35:00,16,8,17,17,35,930,62,"156, THIERS (AVENUE)",,,Plein jour,En agglomération,Giratoire,Temps éblouissant,Autre collision,,,,,,,,,,,1,2,6,7,6.0
201600041238,0016-08-25 17:05:00,16,8,25,17,5,930,77,"41, AVRON (RUE D')",,,Plein jour,En agglomération,Hors intersection,Normale,Autre collision,,,,,,,,,,,1,2,1,1,6.0
201600041239,0016-09-05 14:45:00,16,9,5,14,45,930,77,"66, FOSSE AUX BERGERS (R",,,Plein jour,En agglomération,Hors intersection,Pluie légère,Deux véhicules - côté,,,,,,,,,,,1,2,1,2,3.0
201600041240,0016-09-09 07:50:00,16,9,9,7,50,930,77,"84, FRANKLIN (AVENUE) 1-",,,Plein jour,En agglomération,Hors intersection,Normale,Autre collision,,,,,,,,,,,1,2,1,1,6.0
201600041241,0016-09-09 14:19:00,16,9,9,14,19,930,77,"37, ANDRE (BOULEVARD)",,,Plein jour,En agglomération,Intersection à plus de 4 branches,Normale,Deux véhicules - côté,,,,,,,,,,,1,2,5,1,3.0
201600041242,0016-09-10 12:35:00,16,9,10,12,35,930,14,"22, BOIS DE LIVRY (ALLEE",,,Plein jour,En agglomération,Intersection en X,Normale,Deux véhicules - côté,,,,,,,,,,,1,2,2,1,3.0
201600041243,0016-09-10 16:00:00,16,9,10,16,0,930,62,"5, MIDI (BOULEVARD DU)",,,Plein jour,En agglomération,Hors intersection,Normale,Trois véhicules et plus - collisions multiples,,,,,,,,,,,1,2,1,1,5.0
201600041244,0016-09-15 00:07:00,16,9,15,0,7,930,62,"13, THIERS (AVENUE)",,,Nuit avec éclairage allumé,En agglomération,Hors intersection,Pluie légère,Autre collision,,,,,,,,,,,5,2,1,2,6.0
201600041245,0016-09-16 14:10:00,16,9,16,14,10,930,77,"18, VELLEDA (ALLEE)",,,Plein jour,En agglomération,Hors intersection,Normale,Autre collision,,,,,,,,,,,1,2,1,1,6.0
201600041246,0016-09-16 20:20:00,16,9,16,20,20,930,77,"50, NOISY (ROUTE DE) JUS",,,Nuit avec éclairage allumé,En agglomération,Intersection en X,Pluie forte,Deux véhicules - côté,,,,,,,,,,,5,2,2,3,3.0
201600041247,0016-09-18 17:50:00,16,9,18,17,50,930,77,"0, GANTE (RUE BERNARD) J",,,Plein jour,En agglomération,Hors intersection,Normale,Deux véhicules - arrière,,,,,,,,,,,1,2,1,1,2.0
201600041248,0016-09-19 11:15:00,16,9,19,11,15,930,77,"122, GRANDE RUE",,,Plein jour,En agglomération,Intersection en X,Pluie légère,Deux véhicules - côté,,,,,,,,,,,1,2,2,2,3.0
201600041249,0016-09-21 17:47:00,16,9,21,17,47,930,62,"115, THIERS (AVENUE)",,,Plein jour,En agglomération,Giratoire,Temps éblouissant,Autre collision,,,,,,,,,,,1,2,6,7,6.0
201600041250,0016-09-24 19:35:00,16,9,24,19,35,930,77,"60, ROSNY (AVENUE DE)",,,Nuit avec éclairage allumé,En agglomération,Intersection en T,Normale,Sans collision,,,,,,,,,,,5,2,3,1,7.0
201600041251,0016-09-28 08:30:00,16,9,28,8,30,930,77,"0, LONGPERRIER (AVENUE D",,,Plein jour,En agglomération,Intersection en X,Normale,Deux véhicules - côté,,,,,,,,,,,1,2,2,1,3.0
201600041252,0016-09-28 23:00:00,16,9,28,23,0,930,77,"32, ROSNY (AVENUE DE)",,,Nuit avec éclairage allumé,En agglomération,Autre intersection,Normale,Deux véhicules - côté,,,,,,,,,,,5,2,9,1,3.0
201600041253,0016-09-29 13:00:00,16,9,29,13,0,930,62,"55, MIDI (BOULEVARD DU)",,,Plein jour,En agglomération,Giratoire,Normale,Deux véhicules - arrière,,,,,,,,,,,1,2,6,1,2.0
201600041254,0016-10-01 06:35:00,16,10,1,6,35,930,77,"33, LAGACHE (AVENUE)",,,Nuit avec éclairage allumé,En agglomération,Hors intersection,Autre,Deux véhicules - côté,,,,,,,,,,,5,2,1,9,3.0
201600041255,0016-10-04 07:45:00,16,10,4,7,45,930,77,"48, NOISY (ROUTE DE) JUS",,,Crépuscule ou aube,En agglomération,Hors intersection,Normale,Trois véhicules et plus - en chaîne,,,,,,,,,,,2,2,1,1,4.0
201600041256,0016-10-05 23:07:00,16,10,5,23,7,930,77,"64, RAINCY (AVENUE DU)",,,Nuit avec éclairage allumé,En agglomération,Hors intersection,Normale,Autre collision,,,,,,,,,,,5,2,1,1,6.0
201600041257,0016-10-07 16:50:00,16,10,7,16,50,930,77,"2ter, LAENNEC (RUE) COTE",,,Plein jour,En agglomération,Hors intersection,Temps couvert,Autre collision,,,,,,,,,,,1,2,1,8,6.0
201600041258,0016-10-07 23:50:00,16,10,7,23,50,930,77,GRANDE RUE,,,Nuit avec éclairage allumé,En agglomération,Hors intersection,Normale,Sans collision,,,,,,,,,,,5,2,1,1,7.0
201600041259,0016-10-08 19:15:00,16,10,8,19,15,930,77,"15, PARC (RUE DU)",,,Plein jour,En agglomération,Intersection en X,Normale,Deux véhicules - côté,,,,,,,,,,,1,2,2,1,3.0
201600041260,0016-10-13 11:05:00,16,10,13,11,5,930,77,"8, ESPERANCE (ALLEE DE L",,,Plein jour,En agglomération,Hors intersection,Normale,Deux véhicules - arrière,,,,,,,,,,,1,2,1,1,2.0
201600041261,0016-10-13 18:10:00,16,10,13,18,10,930,62,MIDI (BOULEVARD DU),,,Crépuscule ou aube,En agglomération,Hors intersection,Pluie légère,Deux véhicules - frontale,,,,,,,,,,,2,2,1,2,1.0
201600041262,0016-10-16 04:55:00,16,10,16,4,55,930,77,"44, FOSSE AUX BERGERS (R",,,Nuit avec éclairage allumé,En agglomération,Hors intersection,Normale,Deux véhicules - arrière,,,,,,,,,,,5,2,1,1,2.0
201600041263,0016-10-20 20:15:00,16,10,20,20,15,930,62,"97, RESISTANCE (AVENUE D",,,Nuit avec éclairage allumé,En agglomération,Hors intersection,Temps couvert,Deux véhicules - côté,,,,,,,,,,,5,2,1,8,3.0
201600041264,0016-10-22 08:35:00,16,10,22,8,35,930,77,"56, ROSNY (AVENUE DE)",,,Crépuscule ou aube,En agglomération,Hors intersection,Brouillard / fumée,Sans collision,,,,,,,,,,,2,2,1,5,7.0
201600041265,0016-10-25 18:24:00,16,10,25,18,24,930,77,"8, GALLIENI (AVENUE DU G",,,Nuit avec éclairage allumé,En agglomération,Hors intersection,Normale,Autre collision,,,,,,,,,,,5,2,1,1,6.0
201600041266,0016-10-26 01:30:00,16,10,26,1,30,930,77,"113, GRANDE RUE",,,Nuit avec éclairage allumé,En agglomération,Hors intersection,Normale,Autre collision,,,,,,,,,,,5,2,1,1,6.0
201600041267,0016-10-31 15:40:00,16,10,31,15,40,930,77,"07, DECAUVILLE (RUE)",,,Plein jour,En agglomération,Hors intersection,Normale,Autre collision,,,,,,,,,,,1,2,1,1,6.0
201600041268,0016-11-18 15:25:00,16,11,18,15,25,930,62,"72, JARDIN ANGLAIS ET DE",,,Plein jour,En agglomération,Hors intersection,Normale,Autre collision,,,,,,,,,,,1,2,1,1,6.0
201600041269,0016-11-21 07:50:00,16,11,21,7,50,930,77,"51, AULNAY (BOULEVARD D'",,,Crépuscule ou aube,En agglomération,Passage à niveau,Pluie légère,Autre collision,,,,,,,,,,,2,2,8,2,6.0
201600041270,0016-11-22 19:20:00,16,11,22,19,20,930,62,"3, GAGNY (ALLEE DE)",,,Nuit avec éclairage allumé,En agglomération,Intersection en X,Normale,Deux véhicules - côté,,,,,,,,,,,5,2,2,1,3.0
201600041271,0016-11-27 10:25:00,16,11,27,10,25,930,77,GRANDE RUE,,,Plein jour,En agglomération,Autre intersection,Normale,Deux véhicules - arrière,,,,,,,,,,,1,2,9,1,2.0
201600041272,0016-11-29 17:15:00,16,11,29,17,15,930,77,"0, PLATEAU (RUE DU)",,,Nuit avec éclairage allumé,En agglomération,Hors intersection,Normale,Sans collision,,,,,,,,,,,5,2,1,1,7.0
201600041273,0016-12-01 07:40:00,16,12,1,7,40,930,62,"49, MIDI (BOULEVARD DU)",,,Nuit avec éclairage allumé,En agglomération,Hors intersection,Normale,Autre collision,,,,,,,,,,,5,2,1,1,6.0
201600041274,0016-12-01 21:50:00,16,12,1,21,50,930,77,"9, CHARRIER (ALLEE)",,,Nuit avec éclairage allumé,En agglomération,Hors intersection,Normale,Autre collision,,,,,,,,,,,5,2,1,1,6.0
201600041275,0016-12-06 08:00:00,16,12,6,8,0,930,62,"125, RESISTANCE (AVENUE",,,Plein jour,En agglomération,Hors intersection,Normale,Autre collision,,,,,,,,,,,1,2,1,1,6.0
201600041276,0016-12-08 14:50:00,16,12,8,14,50,930,77,"58, NEUILLY (RUE DE)",,,Plein jour,En agglomération,Intersection en X,Normale,Autre collision,,,,,,,,,,,1,2,2,1,6.0
201600041277,0016-12-13 09:00:00,16,12,13,9,0,930,77,AULNAY (BOULEVARD D') 1-,,,Plein jour,En agglomération,Passage à niveau,Pluie légère,Deux véhicules - côté,,,,,,,,,,,1,2,8,2,3.0
201600041278,0016-12-14 19:10:00,16,12,14,19,10,930,77,GRANDE RUE,,,Nuit avec éclairage allumé,En agglomération,Intersection en X,Temps couvert,Deux véhicules - frontale,,,,,,,,,,,5,2,2,8,1.0
201600041279,0016-01-05 08:05:00,16,1,5,8,5,930,64,"2, MAUNOURY (RUE DU MARE",,,Nuit avec éclairage allumé,En agglomération,Intersection à plus de 4 branches,Pluie légère,Autre collision,,,,,,,,,,,5,2,5,2,6.0
201600041280,0016-01-06 18:40:00,16,1,6,18,40,930,64,FERRY (RUE JULES),,,Nuit avec éclairage allumé,En agglomération,Intersection en X,Normale,Autre collision,,,,,,,,,,,5,2,2,1,6.0
201600041281,0016-01-12 16:45:00,16,1,12,16,45,930,64,"00, KENNEDY (AVENUE DU P",,,Plein jour,En agglomération,Hors intersection,Normale,Autre collision,,,,,,,,,,,1,2,1,1,6.0
201600041282,0016-01-13 16:40:00,16,1,13,16,40,930,64,"00, HOFFMANN (RUE PHILIB",,,Crépuscule ou aube,En agglomération,Hors intersection,Temps couvert,Autre collision,,,,,,,,,,,2,2,1,8,6.0
201600041283,0016-01-13 20:35:00,16,1,13,20,35,930,64,"00, ALSACE-LORRAINE (BOU",,,Nuit avec éclairage allumé,En agglomération,Hors intersection,Temps couvert,Autre collision,,,,,,,,,,,5,2,1,8,6.0
201600041284,0016-01-21 14:35:00,16,1,21,14,35,930,64,"152, KENNEDY (AVENUE DU",,,Plein jour,En agglomération,Hors intersection,Normale,Autre collision,,,,,,,,,,,1,2,1,1,6.0
201600041285,0016-01-26 06:30:00,16,1,26,6,30,930,64,"00, ALSACE-LORRAINE (BOU",,,Nuit avec éclairage allumé,En agglomération,Hors intersection,Normale,Autre collision,,,,,,,,,,,5,2,1,1,6.0
201600041286,0016-01-30 12:30:00,16,1,30,12,30,930,64,"00, GUESDES (RUE JULES)",,,Plein jour,En agglomération,Intersection à plus de 4 branches,Pluie forte,Deux véhicules - frontale,,,,,,,,,,,1,2,5,3,1.0
201600041287,0016-02-01 14:00:00,16,2,1,14,0,930,64,"24, ROCHEBRUNE (RUE",,,Plein jour,En agglomération,Hors intersection,Normale,Autre collision,,,,,,,,,,,1,2,1,1,6.0
201600041288,0016-02-03 18:30:00,16,2,3,18,30,930,64,"00, WALESA (AVENUE LECH",,,Nuit avec éclairage allumé,En agglomération,Hors intersection,Autre,Autre collision,,,,,,,,,,,5,2,1,9,6.0
201600041289,0016-02-05 15:40:00,16,2,5,15,40,930,64,"99, DE GAULLE (AV DU GAL",,,Plein jour,En agglomération,Hors intersection,Normale,Deux véhicules - arrière,,,,,,,,,,,1,2,1,1,2.0
201600041290,0016-02-09 12:25:00,16,2,9,12,25,930,64,"37, CAVARE (RUE PAUL",,,Plein jour,En agglomération,Hors intersection,Pluie forte,Autre collision,,,,,,,,,,,1,2,1,3,6.0
201600041291,0016-02-09 17:40:00,16,2,9,17,40,930,64,"00, GALLIENI (RUE DU GAL",,,Nuit avec éclairage allumé,En agglomération,Hors intersection,Temps couvert,Autre collision,,,,,,,,,,,5,2,1,8,6.0
201600041292,0016-02-10 14:20:00,16,2,10,14,20,930,64,"79, DE GAULLE (AV DU GAL",,,Plein jour,En agglomération,Hors intersection,Normale,Deux véhicules - arrière,,,,,,,,,,,1,2,1,1,2.0
201600041293,0016-02-10 17:45:00,16,2,10,17,45,930,64,"83, HUGO (RUE VICTOR)",,,Crépuscule ou aube,En agglomération,Hors intersection,Normale,Autre collision,,,,,,,,,,,2,2,1,1,6.0
201600041294,0016-02-15 14:30:00,16,2,15,14,30,930,64,"00, BLUM (RUE LEON",,,Plein jour,En agglomération,Hors intersection,Normale,Autre collision,,,,,,,,,,,1,2,1,1,6.0
201600041295,0016-02-20 17:20:00,16,2,20,17,20,930,64,"00, PERI (BOULEVARD GABR",,,Plein jour,En agglomération,Hors intersection,Normale,Autre collision,,,,,,,,,,,1,2,1,1,6.0
201600041296,0016-02-20 20:00:00,16,2,20,20,0,930,64,"190, ALSACE-LORRAINE (BO",,,Nuit avec éclairage non allumé,En agglomération,Hors intersection,Temps couvert,Autre collision,,,,,,,,,,,4,2,1,8,6.0
201600041297,0016-03-06 10:30:00,16,3,6,10,30,930,64,"15BIS, GALLIENI (RUE DU",,,Plein jour,En agglomération,Hors intersection,Normale,Autre collision,,,,,,,,,,,1,2,1,1,6.0
201600041298,0016-03-08 09:00:00,16,3,8,9,0,930,64,"19, SUE (RUE EUGENE)",,,Plein jour,En agglomération,Intersection en X,Pluie légère,Autre collision,,,,,,,,,,,1,2,2,2,6.0
201600041299,0016-03-09 14:00:00,16,3,9,14,0,930,64,"00, LISBONNE (RUE DE)",,,Plein jour,En agglomération,Hors intersection,Pluie légère,Autre collision,,,,,,,,,,,1,2,1,2,6.0
201600041300,0016-03-16 20:07:00,16,3,16,20,7,930,64,"00, ALSACE-LORRAINE (BOU",,,Nuit avec éclairage allumé,En agglomération,Intersection en X,Normale,Autre collision,,,,,,,,,,,5,2,2,1,6.0
201600041301,0016-03-19 08:30:00,16,3,19,8,30,930,64,"00, WALESA (AVENUE LECH)",,,Plein jour,En agglomération,Intersection en T,Normale,Autre collision,,,,,,,,,,,1,2,3,1,6.0
201600041302,0016-03-20 17:55:00,16,3,20,17,55,930,64,"2, BASTIE (RUE MARYSE)",,,Plein jour,En agglomération,Hors intersection,Normale,Autre collision,,,,,,,,,,,1,2,1,1,6.0
201600041303,0016-03-21 12:50:00,16,3,21,12,50,930,64,"127, D' ORVES (RUE ESTIE",,,Plein jour,En agglomération,Hors intersection,Normale,Autre collision,,,,,,,,,,,1,2,1,1,6.0
201600041304,0016-03-22 14:18:00,16,3,22,14,18,930,64,"00, LECRIVAIN (PLACE EMI",,,Plein jour,En agglomération,Hors intersection,Normale,Autre collision,,,,,,,,,,,1,2,1,1,6.0
201600041305,0016-03-24 08:10:00,16,3,24,8,10,930,64,"188, PERI (BOULEVARD GAB",,,Plein jour,En agglomération,Hors intersection,Normale,Autre collision,,,,,,,,,,,1,2,1,1,6.0
201600041306,0016-04-01 17:23:00,16,4,1,17,23,930,64,"00, LISBONNE (RUE DE)",,,Plein jour,En agglomération,Hors intersection,Normale,Autre collision,,,,,,,,,,,1,2,1,1,6.0
201600041307,0016-04-15 12:55:00,16,4,15,12,55,930,64,"96, KENNEDY (AVENUE DU P",,,Plein jour,En agglomération,Hors intersection,Normale,Trois véhicules et plus - en chaîne,,,,,,,,,,,1,2,1,1,4.0
201600041308,0016-04-17 22:00:00,16,4,17,22,0,930,64,"00, DE GAULLE (AV DU GEN",,,Nuit avec éclairage allumé,En agglomération,Hors intersection,Normale,Autre collision,,,,,,,,,,,5,2,1,1,6.0