accident_id,datetime,annee,mois,jour,heure,minute,departement,commune_insee,adresse,latitude,longitude,luminosite,agglomeration,intersection,meteo,collision,nb_vehicules,nb_usagers,nb_indemnes,nb_tues,nb_blesses_hosp,nb_blesses_legers,age_cond_1,age_cond_2,veh_type_cond_1,veh_type_cond_2,lum_code,agg_code,int_code,atm_code,col_code
201600041309,0016-04-23 15:00:00,16,4,23,15,0,930,64,"00, FAIDHERBE (ALLEE)",,,Plein jour,En agglomération,Hors intersection,Temps couvert,Autre collision,,,,,,,,,,,1,2,1,8,6.0
201600041310,0016-05-07 14:45:00,16,5,7,14,45,930,64,"33, DE GAULLE (AV DU GEN",,,Plein jour,En agglomération,Hors intersection,Normale,Autre collision,,,,,,,,,,,1,2,1,1,6.0
201600041311,0016-05-14 14:40:00,16,5,14,14,40,930,64,"52, ROCHEBRUNE (RUE)",,,Plein jour,En agglomération,Hors intersection,Normale,Autre collision,,,,,,,,,,,1,2,1,1,6.0
201600041312,0016-05-22 10:10:00,16,5,22,10,10,930,64,"39, KENNEDY (AVENUE DU P",,,Plein jour,En agglomération,Hors intersection,Pluie légère,Autre collision,,,,,,,,,,,1,2,1,2,6.0
201600041313,0016-05-23 21:20:00,16,5,23,21,20,930,64,"00, FAIDHERBE (ALLEE)",,,Nuit avec éclairage allumé,En agglomération,Intersection en X,Pluie légère,Autre collision,,,,,,,,,,,5,2,2,2,6.0
201600041314,0016-05-27 23:30:00,16,5,27,23,30,930,64,"00, SUEUR (BOULEVARD THE",,,Nuit avec éclairage allumé,En agglomération,Hors intersection,Normale,Autre collision,,,,,,,,,,,5,2,1,1,6.0
201600041315,0016-06-06 17:55:00,16,6,6,17,55,930,64,"00, KENNEDY (AVENUE DU P",,,Plein jour,En agglomération,Hors intersection,Normale,Autre collision,,,,,,,,,,,1,2,1,1,6.0
201600041316,0016-06-07 22:00:00,16,6,7,22,0,930,64,"00, ALSACE-LORRAINE (BOU",,,Nuit avec éclairage allumé,En agglomération,Intersection en X,Normale,Autre collision,,,,,,,,,,,5,2,2,1,6.0
201600041317,0016-06-12 21:38:00,16,6,12,21,38,930,64,"00, ALSACE-LORRAINE (BOU",,,Nuit avec éclairage allumé,En agglomération,Hors intersection,Pluie légère,Autre collision,,,,,,,,,,,5,2,1,2,6.0
201600041318,0016-06-15 16:50:00,16,6,15,16,50,930,64,"14, ANCIENS COMBATTANTS",,,Plein jour,Hors agglomération,Intersection en T,Normale,Autre collision,,,,,,,,,,,1,1,3,1,6.0
201600041319,0016-06-17 19:10:00,16,6,17,19,10,930,64,"00, FERRY (RUE JULES)",,,Plein jour,En agglomération,Hors intersection,Pluie légère,Autre collision,,,,,,,,,,,1,2,1,2,6.0
201600041320,0016-06-29 08:25:00,16,6,29,8,25,930,64,"00, ALSACE-LORRAINE (BOU",,,Plein jour,En agglomération,Hors intersection,Normale,Autre collision,,,,,,,,,,,1,2,1,1,6.0
201600041321,0016-07-05 12:00:00,16,7,5,12,0,930,64,"30, KENNEDY (AVENUE DU P",,,Plein jour,En agglomération,Hors intersection,Normale,Autre collision,,,,,,,,,,,1,2,1,1,6.0
201600041322,0016-07-06 08:20:00,16,7,6,8,20,930,77,"17, MONTGOLFIER (RUE J E",,,Plein jour,Hors agglomération,Hors intersection,Normale,Autre collision,,,,,,,,,,,1,1,1,1,6.0
201600041323,0016-07-07 09:30:00,16,7,7,9,30,930,64,"00, MERMOZ (RUE JEAN)",,,Plein jour,En agglomération,Intersection en T,Normale,Autre collision,,,,,,,,,,,1,2,3,1,6.0
201600041324,0016-07-19 20:25:00,16,7,19,20,25,930,64,"19/21, GALLIENI (RUE DU",,,Plein jour,En agglomération,Hors intersection,Normale,Autre collision,,,,,,,,,,,1,2,1,1,6.0
201600041325,0016-07-22 15:10:00,16,7,22,15,10,930,64,"00, ALSACE-LORRAINE (BOU",,,Plein jour,En agglomération,Hors intersection,Normale,Autre collision,,,,,,,,,,,1,2,1,1,6.0
201600041326,0016-07-26 09:40:00,16,7,26,9,40,930,64,"00, FROIDURE (RUE ANTONI",,,Plein jour,En agglomération,Hors intersection,Normale,Autre collision,,,,,,,,,,,1,2,1,1,6.0
201600041327,0016-08-03 18:44:00,16,8,3,18,44,930,64,"00, BLUM (RUE LEON)",,,Plein jour,En agglomération,Hors intersection,Pluie légère,Autre collision,,,,,,,,,,,1,2,1,2,6.0
201600041328,0016-08-12 17:25:00,16,8,12,17,25,930,64,"00, LAENNEC (RUE)",,,Plein jour,En agglomération,Hors intersection,Normale,Autre collision,,,,,,,,,,,1,2,1,1,6.0
201600041329,0016-08-15 16:00:00,16,8,15,16,0,930,64,"140, PERI (BOULEVARD GAB",,,Plein jour,En agglomération,Hors intersection,Normale,Autre collision,,,,,,,,,,,1,2,1,1,6.0
201600041330,0016-08-24 18:30:00,16,8,24,18,30,930,64,"00, SUE (RUE EUGENE)",,,Plein jour,En agglomération,Intersection en X,Normale,Autre collision,,,,,,,,,,,1,2,2,1,6.0
201600041331,0016-09-12 09:00:00,16,9,12,9,0,930,64,"00, LISBONNE (RUE DE)",,,Plein jour,En agglomération,Hors intersection,Normale,Autre collision,,,,,,,,,,,1,2,1,1,6.0
201600041332,0016-09-13 15:00:00,16,9,13,15,0,930,64,"00, JAURES (AVENUE JEAN)",,,Plein jour,En agglomération,Intersection en X,Normale,Deux véhicules - frontale,,,,,,,,,,,1,2,2,1,1.0
201600041333,0016-09-19 05:40:00,16,9,19,5,40,930,64,"00, ALSACE-LORRAINE (BOU",,,Nuit avec éclairage allumé,En agglomération,Hors intersection,Normale,Autre collision,,,,,,,,,,,5,2,1,1,6.0
201600041334,0016-09-21 18:15:00,16,9,21,18,15,930,64,"46, STRASBOURG (RUE DE)",,,Plein jour,En agglomération,Hors intersection,Normale,Autre collision,,,,,,,,,,,1,2,1,1,6.0
201600041335,0016-09-22 13:25:00,16,9,22,13,25,930,64,"25, JAURES (AVENUE JEAN)",,,Plein jour,En agglomération,Hors intersection,Normale,Autre collision,,,,,,,,,,,1,2,1,1,6.0
201600041336,0016-09-24 14:30:00,16,9,24,14,30,930,64,"00, JAURES (AVENUE JEAN)",,,Plein jour,En agglomération,Hors intersection,Normale,Autre collision,,,,,,,,,,,1,2,1,1,6.0
201600041337,0016-09-27 11:45:00,16,9,27,11,45,930,64,"00, ALSACE-LORRAINE (BOU",,,Plein jour,En agglomération,Intersection en T,Normale,Autre collision,,,,,,,,,,,1,2,3,1,6.0
201600041338,0016-09-27 13:40:00,16,9,27,13,40,930,64,"00, DE GAULLE (AV DU GEN",,,Plein jour,En agglomération,Autre intersection,Normale,Autre collision,,,,,,,,,,,1,2,9,1,6.0
201600041339,0016-10-06 19:35:00,16,10,6,19,35,930,64,"00, QUATRIEME ZOUAVES (R",,,Nuit avec éclairage allumé,En agglomération,Intersection en T,Normale,Autre collision,,,,,,,,,,,5,2,3,1,6.0
201600041340,0016-10-06 20:25:00,16,10,6,20,25,930,64,"97, KENNEDY (AVENUE DU P",,,Nuit avec éclairage allumé,En agglomération,Hors intersection,Normale,Autre collision,,,,,,,,,,,5,2,1,1,6.0
201600041341,0016-10-09 00:55:00,16,10,9,0,55,930,64,"00, QUATRIEME ZOUAVES (R",,,Nuit avec éclairage allumé,En agglomération,Hors intersection,Normale,Sans collision,,,,,,,,,,,5,2,1,1,7.0
201600041342,0016-10-10 08:20:00,16,10,10,8,20,930,64,"123, HUGO (RUE VICTOR)",,,Plein jour,En agglomération,Hors intersection,Normale,Autre collision,,,,,,,,,,,1,2,1,1,6.0
201600041343,0016-10-13 16:30:00,16,10,13,16,30,930,64,"00, ALSACE-LORRAINE (BOU",,,Plein jour,En agglomération,Hors intersection,Pluie légère,Autre collision,,,,,,,,,,,1,2,1,2,6.0
201600041344,0016-10-15 17:40:00,16,10,15,17,40,930,64,"00, LAVOISIER (RUE)",,,Plein jour,En agglomération,Intersection en X,Normale,Autre collision,,,,,,,,,,,1,2,2,1,6.0
201600041345,0016-10-18 20:33:00,16,10,18,20,33,930,64,"22, WALESA (AVENUE LECH)",,,Nuit avec éclairage allumé,En agglomération,Hors intersection,Pluie légère,Autre collision,,,,,,,,,,,5,2,1,2,6.0
201600041346,0016-10-27 12:40:00,16,10,27,12,40,930,64,"00, JAURES (AVENUE JEAN)",,,Plein jour,En agglomération,Intersection en X,Normale,Autre collision,,,,,,,,,,,1,2,2,1,6.0
201600041347,0016-10-31 18:45:00,16,10,31,18,45,930,64,"107, ETANG A L'EAU (RUE",,,Nuit avec éclairage allumé,En agglomération,Hors intersection,Normale,Autre collision,,,,,,,,,,,5,2,1,1,6.0
201600041348,0016-11-06 23:30:00,16,11,6,23,30,930,64,"00, ALSACE-LORRAINE (BOU",,,Nuit avec éclairage allumé,En agglomération,Hors intersection,Normale,Autre collision,,,,,,,,,,,5,2,1,1,6.0
201600041349,0016-11-08 18:25:00,16,11,8,18,25,930,64,"00, HOFFMANN (RUE PHILIB",,,Nuit avec éclairage allumé,En agglomération,Hors intersection,Normale,Autre collision,,,,,,,,,,,5,2,1,1,6.0
201600041350,0016-11-10 17:25:00,16,11,10,17,25,930,64,"83, HOFFMANN (RUE PHILIB",,,Nuit avec éclairage allumé,En agglomération,Intersection en T,Pluie légère,Autre collision,,,,,,,,,,,5,2,3,2,6.0
201600041351,0016-11-12 18:30:00,16,11,12,18,30,930,64,"00, MONTGOLFIER (RUE J E",,,Nuit sans éclairage public,En agglomération,Hors intersection,Pluie légère,Sans collision,,,,,,,,,,,3,2,1,2,7.0
201600041352,0016-11-14 19:00:00,16,11,14,19,0,930,64,"7, LISBONNE (RUE DE)",,,Nuit avec éclairage allumé,En agglomération,Hors intersection,Temps couvert,Autre collision,,,,,,,,,,,5,2,1,8,6.0
201600041353,0016-11-18 10:45:00,16,11,18,10,45,930,64,"7, RAVEL (RUE MAURICE)",,,Plein jour,En agglomération,Hors intersection,Normale,Autre collision,,,,,,,,,,,1,2,1,1,6.0
201600041354,0016-11-20 18:05:00,16,11,20,18,5,930,64,"00, REPUBLIQUE (AVENUE D",,,Nuit avec éclairage allumé,En agglomération,Giratoire,Pluie légère,Autre collision,,,,,,,,,,,5,2,6,2,6.0
201600041355,0016-11-26 11:45:00,16,11,26,11,45,930,64,"00, DE GAULLE (AV DU GEN",,,Plein jour,En agglomération,Hors intersection,Normale,Autre collision,,,,,,,,,,,1,2,1,1,6.0
201600041356,0016-12-01 17:45:00,16,12,1,17,45,930,64,"00, ALSACE-LORRAINE (BOU",,,Nuit avec éclairage allumé,En agglomération,Hors intersection,Brouillard / fumée,Autre collision,,,,,,,,,,,5,2,1,5,6.0
201600041357,0016-12-10 17:45:00,16,12,10,17,45,930,64,"00, ALSACE-LORRAINE (BOU",,,Nuit avec éclairage allumé,En agglomération,Hors intersection,Brouillard / fumée,Deux véhicules - côté,,,,,,,,,,,5,2,1,5,3.0
201600041358,0016-12-12 21:30:00,16,12,12,21,30,930,64,"327, BOISSIERE (BOULEVAR",,,Nuit avec éclairage allumé,En agglomération,Hors intersection,Pluie légère,Deux véhicules - côté,,,,,,,,,,,5,2,1,2,3.0
201600041359,0016-01-03 06:30:00,16,1,3,6,30,930,39,PAUL MARCEL (BOULEVARD),,,Nuit sans éclairage public,En agglomération,Intersection en T,Normale,Deux véhicules - côté,,,,,,,,,,,3,2,3,1,3.0
201600041360,0016-01-07 08:45:00,16,1,7,8,45,930,66,THOREZ MAURICE NR 11 A 1,,,Plein jour,En agglomération,Hors intersection,Pluie légère,Autre collision,,,,,,,,,,,1,2,1,2,6.0
201600041361,0016-01-12 18:30:00,16,1,12,18,30,930,66,PRESSENCE FRANCIS (AVENU,,,Nuit avec éclairage allumé,En agglomération,Hors intersection,Pluie légère,Deux véhicules - arrière,,,,,,,,,,,5,2,1,2,2.0
201600041362,0016-01-13 08:45:00,16,1,13,8,45,930,66,"""STRASBOURG, NR 36 ET SU",,,Plein jour,En agglomération,Giratoire,Normale,Deux véhicules - côté,,,,,,,,,,,1,2,6,1,3.0
201600041363,0016-01-13 14:00:00,16,1,13,14,0,930,66,"53, GUYNEMER",,,Plein jour,En agglomération,Hors intersection,Normale,Autre collision,,,,,,,,,,,1,2,1,1,6.0
201600041364,0016-01-17 06:37:00,16,1,17,6,37,930,66,"34, FRANCE ANATOLE (BOUL",,,Nuit avec éclairage allumé,En agglomération,Intersection en Y,Normale,Deux véhicules - côté,,,,,,,,,,,5,2,4,1,3.0
201600041365,0016-01-20 20:45:00,16,1,20,20,45,930,66,VAILLANT COUTURIER PAUL,,,Nuit avec éclairage allumé,En agglomération,Giratoire,Normale,Autre collision,,,,,,,,,,,5,2,6,1,6.0
201600041366,0016-01-21 15:45:00,16,1,21,15,45,930,66,CASANOVA DANIELLE NR 2 A,,,Plein jour,En agglomération,Intersection en X,Normale,Deux véhicules - côté,,,,,,,,,,,1,2,2,1,3.0
201600041367,0016-01-22 16:00:00,16,1,22,16,0,930,66,"""LANDY RD 20, NR IMPAIRS",,,Plein jour,En agglomération,Intersection en X,Pluie légère,Deux véhicules - côté,,,,,,,,,,,1,2,2,2,3.0
201600041368,0016-01-26 19:55:00,16,1,26,19,55,930,66,"83, REPUBLIQUE",,,Nuit avec éclairage allumé,En agglomération,Hors intersection,Normale,Autre collision,,,,,,,,,,,5,2,1,1,6.0
201600041369,0016-01-27 16:30:00,16,1,27,16,30,930,66,MONMOUSSEAU GASTON,,,Plein jour,En agglomération,Hors intersection,Pluie légère,Autre collision,,,,,,,,,,,1,2,1,2,6.0
201600041370,0016-02-01 12:35:00,16,2,1,12,35,930,66,LIBERATION RD14 (BOULEVA,,,Plein jour,En agglomération,Intersection en X,Normale,Deux véhicules - côté,,,,,,,,,,,1,2,2,1,3.0
201600041371,0016-02-02 14:40:00,16,2,2,14,40,930,66,WILSON (AVENUE DU PRESID,,,Plein jour,En agglomération,Intersection en X,Normale,Deux véhicules - arrière,,,,,,,,,,,1,2,2,1,2.0
201600041372,0016-02-04 05:40:00,16,2,4,5,40,930,66,"27, SAINT OUEN (QUAI DE",,,Nuit sans éclairage public,Hors agglomération,Hors intersection,Pluie légère,Deux véhicules - arrière,,,,,,,,,,,3,1,1,2,2.0
201600041373,0016-02-06 11:00:00,16,2,6,11,0,930,66,CROIZAT AMBROISE RD 29 B,,,Plein jour,En agglomération,Intersection en T,Normale,Autre collision,,,,,,,,,,,1,2,3,1,6.0
201600041374,0016-02-07 02:25:00,16,2,7,2,25,930,66,"169, WILSON (AVENUE DU P",,,Nuit avec éclairage allumé,En agglomération,Intersection en T,Pluie forte,Autre collision,,,,,,,,,,,5,2,3,3,6.0
201600041375,0016-02-09 09:00:00,16,2,9,9,0,930,66,"31, FAURE FELIX (BOULEVA",,,Plein jour,En agglomération,Hors intersection,Pluie forte,Autre collision,,,,,,,,,,,1,2,1,3,6.0
201600041376,0016-02-09 19:00:00,16,2,9,19,0,930,66,"60, ""STALINGRAD (AVENUE)",,,Nuit avec éclairage allumé,En agglomération,Hors intersection,Pluie légère,Deux véhicules - côté,,,,,,,,,,,5,2,1,2,3.0
201600041377,0016-02-11 06:10:00,16,2,11,6,10,930,66,"60, FRANCE ANATOLE (BOUL",,,Crépuscule ou aube,En agglomération,Intersection en X,Temps couvert,Deux véhicules - côté,,,,,,,,,,,2,2,2,8,3.0
201600041378,0016-02-19 14:15:00,16,2,19,14,15,930,66,BLES,,,Plein jour,En agglomération,Intersection en Y,Normale,Deux véhicules - côté,,,,,,,,,,,1,2,4,1,3.0
201600041379,0016-02-22 17:35:00,16,2,22,17,35,930,66,"39/53, ORNANO (BOULEVARD",,,Crépuscule ou aube,En agglomération,Hors intersection,Pluie légère,Deux véhicules - côté,,,,,,,,,,,2,2,1,2,3.0
201600041380,0016-02-23 01:20:00,16,2,23,1,20,930,66,FORT DE LA BRICHE (CHEMI,,,Nuit avec éclairage allumé,En agglomération,Hors intersection,Pluie forte,Deux véhicules - côté,,,,,,,,,,,5,2,1,3,3.0
201600041381,0016-02-23 09:00:00,16,2,23,9,0,930,66,GRENIER FERNAND,,,Crépuscule ou aube,En agglomération,Intersection en T,Pluie forte,Deux véhicules - côté,,,,,,,,,,,2,2,3,3,3.0
201600041382,0016-02-25 15:45:00,16,2,25,15,45,930,66,"70, ""LANDY RD 20, NR IMP",,,Plein jour,En agglomération,Intersection à plus de 4 branches,Normale,Deux véhicules - côté,,,,,,,,,,,1,2,5,1,3.0
201600041383,0016-02-27 21:30:00,16,2,27,21,30,930,66,"38, VAILLANT COUTURIER P",,,Nuit avec éclairage allumé,En agglomération,Intersection en T,Normale,Deux véhicules - frontale,,,,,,,,,,,5,2,3,1,1.0
201600041384,0016-02-28 06:30:00,16,2,28,6,30,930,66,"1, SEMAT ROGER",,,Nuit avec éclairage allumé,En agglomération,Intersection en T,Normale,Autre collision,,,,,,,,,,,5,2,3,1,6.0
201600041385,0016-03-02 02:30:00,16,3,2,2,30,930,39,MARINE (QUAI DE LA ),,,Nuit avec éclairage allumé,Hors agglomération,Hors intersection,Pluie légère,Autre collision,,,,,,,,,,,5,1,1,2,6.0
201600041386,0016-03-03 12:45:00,16,3,3,12,45,930,66,AMILCAR CABRAL,,,Plein jour,En agglomération,Intersection en X,Normale,Autre collision,,,,,,,,,,,1,2,2,1,6.0
201600041387,0016-03-03 18:25:00,16,3,3,18,25,930,66,"1, GENERAL JOINVILLE",,,Plein jour,En agglomération,Hors intersection,Normale,Deux véhicules - arrière,,,,,,,,,,,1,2,1,1,2.0
201600041388,0016-03-03 20:15:00,16,3,3,20,15,930,39,PAUL MARCEL (BOULEVARD),,,Nuit avec éclairage allumé,En agglomération,Hors intersection,Normale,Deux véhicules - arrière,,,,,,,,,,,5,2,1,1,2.0
201600041389,0016-03-09 08:30:00,16,3,9,8,30,930,66,"171, WILSON (AVENUE DU P",,,Plein jour,En agglomération,Hors intersection,Pluie forte,Deux véhicules - arrière,,,,,,,,,,,1,2,1,3,2.0
201600041390,0016-03-11 01:30:00,16,3,11,1,30,930,66,FRANCE ANATOLE (BOULEVAR,,,Nuit avec éclairage allumé,En agglomération,Hors intersection,Normale,Deux véhicules - côté,,,,,,,,,,,5,2,1,1,3.0
201600041391,0016-03-12 06:00:00,16,3,12,6,0,930,66,COURNEUVE (ROUTE),,,Nuit avec éclairage allumé,En agglomération,Intersection en T,Normale,Deux véhicules - côté,,,,,,,,,,,5,2,3,1,3.0
201600041392,0016-03-13 13:40:00,16,3,13,13,40,930,66,LAMAZE DOCTEUR,,,Plein jour,En agglomération,Intersection en X,Normale,Deux véhicules - côté,,,,,,,,,,,1,2,2,1,3.0
201600041393,0016-03-14 07:35:00,16,3,14,7,35,930,66,"9, LANGUEDOC",,,Plein jour,En agglomération,Hors intersection,Normale,Deux véhicules - côté,,,,,,,,,,,1,2,1,1,3.0
201600041394,0016-03-14 09:30:00,16,3,14,9,30,930,66,MERMOZ JEAN,,,Plein jour,En agglomération,Hors intersection,Temps éblouissant,Autre collision,,,,,,,,,,,1,2,1,7,6.0
201600041395,0016-03-15 12:30:00,16,3,15,12,30,930,66,"71, WILSON (AVENUE DU PR",,,Plein jour,En agglomération,Hors intersection,Normale,Autre collision,,,,,,,,,,,1,2,1,1,6.0
201600041396,0016-03-15 18:40:00,16,3,15,18,40,930,66,MOULIN JEAN (AVE) NR 10,,,Crépuscule ou aube,En agglomération,Intersection en T,Normale,Deux véhicules - côté,,,,,,,,,,,2,2,3,1,3.0
201600041397,0016-03-15 19:45:00,16,3,15,19,45,930,66,WILSON (AVENUE DU PRESID,,,Crépuscule ou aube,En agglomération,Intersection en X,Normale,Deux véhicules - côté,,,,,,,,,,,2,2,2,1,3.0
201600041398,0016-03-16 22:15:00,16,3,16,22,15,930,66,CROIZAT AMBROISE RD 29 B,,,Nuit avec éclairage allumé,En agglomération,Hors intersection,Normale,Deux véhicules - côté,,,,,,,,,,,5,2,1,1,3.0
201600041399,0016-03-17 11:45:00,16,3,17,11,45,930,66,"4, COLONEL FABIEN (AVENU",,,Plein jour,En agglomération,Hors intersection,Normale,Deux véhicules - côté,,,,,,,,,,,1,2,1,1,3.0
201600041400,0016-03-17 14:20:00,16,3,17,14,20,930,66,ELUARD PAUL - AUTRES,,,Plein jour,En agglomération,Hors intersection,Normale,Deux véhicules - côté,,,,,,,,,,,1,2,1,1,3.0
201600041401,0016-03-16 18:10:00,16,3,16,18,10,930,66,"16, ""STRASBOURG, NR 1 A",,,Nuit avec éclairage allumé,En agglomération,Hors intersection,Normale,Deux véhicules - frontale,,,,,,,,,,,5,2,1,1,1.0
201600041402,0016-03-17 23:05:00,16,3,17,23,5,930,66,"3, CASANOVA DANIELLE NR",,,Nuit avec éclairage allumé,En agglomération,Hors intersection,Normale,Deux véhicules - arrière,,,,,,,,,,,5,2,1,1,2.0
201600041403,0016-03-18 17:55:00,16,3,18,17,55,930,66,COCTEAU JEAN (IMPASSE),,,Plein jour,En agglomération,Hors intersection,Normale,Autre collision,,,,,,,,,,,1,2,1,1,6.0
201600041404,0016-03-20 13:50:00,16,3,20,13,50,930,66,FAURE FELIX (BOULEVARD),,,Plein jour,En agglomération,Hors intersection,Normale,Autre collision,,,,,,,,,,,1,2,1,1,6.0
201600041405,0016-03-25 18:00:00,16,3,25,18,0,930,66,"156, WILSON (AVENUE DU P",,,Plein jour,En agglomération,Hors intersection,Normale,Autre collision,,,,,,,,,,,1,2,1,1,6.0
201600041406,0016-03-27 20:20:00,16,3,27,20,20,930,66,"58, ""PERI GABRIEL, NR 2",,,Nuit avec éclairage allumé,En agglomération,Hors intersection,Normale,Autre collision,,,,,,,,,,,5,2,1,1,6.0
201600041407,0016-03-30 23:00:00,16,3,30,23,0,930,66,PASTEUR,,,Nuit avec éclairage allumé,En agglomération,Intersection en X,Pluie légère,Deux véhicules - côté,,,,,,,,,,,5,2,2,2,3.0
201600041408,0016-04-01 07:15:00,16,4,1,7,15,930,66,"84, ""STALINGRAND (AV), N",,,Crépuscule ou aube,En agglomération,Hors intersection,Temps couvert,Deux véhicules - arrière,,,,,,,,,,,2,2,1,8,2.0
201600041409,0016-04-01 23:10:00,16,4,1,23,10,930,66,LENINE (AVENUE) NR 2 A 2,,,Nuit avec éclairage allumé,En agglomération,Hors intersection,Normale,Deux véhicules - côté,,,,,,,,,,,5,2,1,1,3.0
201600041410,0016-04-04 12:30:00,16,4,4,12,30,930,66,"5, COLONEL FABIEN (AVENU",,,Plein jour,En agglomération,Hors intersection,Normale,Trois véhicules et plus - en chaîne,,,,,,,,,,,1,2,1,1,4.0
201600041411,0016-04-05 08:30:00,16,4,5,8,30,930,66,"91, ""LANDY RD 20, NR IMP",,,Plein jour,En agglomération,Hors intersection,Normale,Autre collision,,,,,,,,,,,1,2,1,1,6.0
201600041412,0016-04-07 09:00:00,16,4,7,9,0,930,66,"39, LENINE (AVENUE) NR 2",,,Plein jour,En agglomération,Hors intersection,Normale,Deux véhicules - côté,,,,,,,,,,,1,2,1,1,3.0
201600041413,0016-04-09 01:15:00,16,4,9,1,15,930,66,WILSON (AVENUE DU PRESID,,,Nuit avec éclairage allumé,En agglomération,Autre intersection,Normale,Trois véhicules et plus - en chaîne,,,,,,,,,,,5,2,9,1,4.0
201600041414,0016-04-11 20:15:00,16,4,11,20,15,930,39,MARINE (QUAI DE LA ),,,Crépuscule ou aube,En agglomération,Hors intersection,Normale,Deux véhicules - frontale,,,,,,,,,,,2,2,1,1,1.0
201600041415,0016-04-13 17:08:00,16,4,13,17,8,930,66,"""STALINGRAND (AV), NR 2-",,,Plein jour,En agglomération,Intersection en Y,Normale,Deux véhicules - arrière,,,,,,,,,,,1,2,4,1,2.0
201600041416,0016-04-16 15:10:00,16,4,16,15,10,930,66,"82, ""BARBUSSE HENRI, NR",,,Plein jour,En agglomération,Hors intersection,Normale,Deux véhicules - arrière,,,,,,,,,,,1,2,1,1,2.0
201600041417,0016-04-16 19:00:00,16,4,16,19,0,930,66,"""LANDY RD 20, NR PAIRS 2",,,Plein jour,En agglomération,Intersection à plus de 4 branches,Normale,Deux véhicules - côté,,,,,,,,,,,1,2,5,1,3.0
201600041418,0016-04-18 20:30:00,16,4,18,20,30,930,66,"13, LENINE (AVENUE) NR 2",,,Crépuscule ou aube,En agglomération,Autre intersection,Normale,Deux véhicules - arrière,,,,,,,,,,,2,2,9,1,2.0
201600041419,0016-04-19 19:45:00,16,4,19,19,45,930,39,CHATELIER (QUAI DU ),,,Plein jour,En agglomération,Hors intersection,Normale,Deux véhicules - côté,,,,,,,,,,,1,2,1,1,3.0
201600041420,0016-04-19 20:10:00,16,4,19,20,10,930,39,"16, MECHIN",,,Plein jour,En agglomération,Hors intersection,Normale,Autre collision,,,,,,,,,,,1,2,1,1,6.0
201600041421,0016-04-20 07:50:00,16,4,20,7,50,930,39,SEINE (QUAI DE ),,,Plein jour,En agglomération,Hors intersection,Normale,Autre collision,,,,,,,,,,,1,2,1,1,6.0
201600041422,0016-04-20 09:30:00,16,4,20,9,30,930,66,"5, LENINE (AVENUE) NR 2",,,Plein jour,En agglomération,Hors intersection,Normale,Deux véhicules - frontale,,,,,,,,,,,1,2,1,1,1.0
201600041423,0016-04-22 15:20:00,16,4,22,15,20,930,66,CHEMIN VERT,,,Plein jour,En agglomération,Intersection en X,Normale,Deux véhicules - côté,,,,,,,,,,,1,2,2,1,3.0
201600041424,0016-04-26 23:45:00,16,4,26,23,45,930,66,"92, WILSON (AVENUE DU PR",,,Nuit avec éclairage allumé,En agglomération,Intersection en X,Normale,Sans collision,,,,,,,,,,,5,2,2,1,7.0
201600041425,0016-05-03 09:02:00,16,5,3,9,2,930,66,"""PERI GABRIEL, NR 2  A 1",,,Plein jour,En agglomération,Intersection en T,Normale,Deux véhicules - frontale,,,,,,,,,,,1,2,3,1,1.0
201600041426,0016-05-04 17:00:00,16,5,4,17,0,930,66,SECTEUR LA PLAINE SAINT,,,Plein jour,En agglomération,Hors intersection,Normale,Autre collision,,,,,,,,,,,1,2,1,1,6.0
201600041427,0016-05-04 18:38:00,16,5,4,18,38,930,66,"""SEMBAT MARCEL (BD), NR",,,Plein jour,En agglomération,Hors intersection,Normale,Autre collision,,,,,,,,,,,1,2,1,1,6.0
201600041428,0016-05-06 18:30:00,16,5,6,18,30,930,66,"70, VAILLANT COUTURIER P",,,Plein jour,En agglomération,Hors intersection,Normale,Deux véhicules - arrière,,,,,,,,,,,1,2,1,1,2.0
201600041429,0016-05-06 17:58:00,16,5,6,17,58,930,66,"53, WILSON (AVENUE DU PR",,,Plein jour,En agglomération,Hors intersection,Normale,Autre collision,,,,,,,,,,,1,2,1,1,6.0
201600041430,0016-05-08 17:05:00,16,5,8,17,5,930,66,"73, BRICHE NR 69 A 77",,,Plein jour,En agglomération,Hors intersection,Normale,Deux véhicules - arrière,,,,,,,,,,,1,2,1,1,2.0
201600041431,0016-05-07 21:20:00,16,5,7,21,20,930,66,"43, LIBERATION RD14 (BOU",,,Crépuscule ou aube,En agglomération,Hors intersection,Normale,Deux véhicules - côté,,,,,,,,,,,2,2,1,1,3.0
201600041432,0016-05-13 14:00:00,16,5,13,14,0,930,66,MITERRAND FRANCOIS (AVEN,,,Plein jour,En agglomération,Intersection en T,Normale,Deux véhicules - frontale,,,,,,,,,,,1,2,3,1,1.0
201600041433,0016-05-13 18:00:00,16,5,13,18,0,930,66,GENERAL JOINVILLE,,,Plein jour,En agglomération,Autre intersection,Pluie légère,Deux véhicules - frontale,,,,,,,,,,,1,2,9,2,1.0
201600041434,0016-05-16 18:20:00,16,5,16,18,20,930,66,"62, ROLLAND ROMAIN (AVEN",,,Plein jour,En agglomération,Hors intersection,Normale,Sans collision,,,,,,,,,,,1,2,1,1,7.0
201600041435,0016-05-17 13:55:00,16,5,17,13,55,930,66,"23, COLONEL FABIEN (AVEN",,,Plein jour,En agglomération,Intersection en X,Normale,Autre collision,,,,,,,,,,,1,2,2,1,6.0
201600041436,0016-05-18 13:00:00,16,5,18,13,0,930,66,LENINE (AVENUE) NR 28 A,,,Plein jour,En agglomération,Intersection en X,Normale,Autre collision,,,,,,,,,,,1,2,2,1,6.0
201600041437,0016-05-18 20:30:00,16,5,18,20,30,930,66,VAILLANT COUTURIER PAUL,,,Plein jour,En agglomération,Hors intersection,Normale,Autre collision,,,,,,,,,,,1,2,1,1,6.0