accident_id,datetime,annee,mois,jour,heure,minute,departement,commune_insee,adresse,latitude,longitude,luminosite,agglomeration,intersection,meteo,collision,nb_vehicules,nb_usagers,nb_indemnes,nb_tues,nb_blesses_hosp,nb_blesses_legers,age_cond_1,age_cond_2,veh_type_cond_1,veh_type_cond_2,lum_code,agg_code,int_code,atm_code,col_code
201600041438,0016-05-20 08:00:00,16,5,20,8,0,930,66,"2, STADE DE FRANCE (AVEN",,,Plein jour,En agglomération,Hors intersection,Pluie légère,Trois véhicules et plus - en chaîne,,,,,,,,,,,1,2,1,2,4.0
201600041439,0016-05-21 04:30:00,16,5,21,4,30,930,66,"68, WILSON (AVENUE DU PR",,,Nuit avec éclairage allumé,En agglomération,Hors intersection,Normale,Autre collision,,,,,,,,,,,5,2,1,1,6.0
201600041440,0016-05-21 10:55:00,16,5,21,10,55,930,66,JAURES JEAN (PLACE),,,Plein jour,En agglomération,Hors intersection,Normale,Autre collision,,,,,,,,,,,1,2,1,1,6.0
201600041441,0016-05-21 21:30:00,16,5,21,21,30,930,66,SAULNIER JULES,,,Crépuscule ou aube,En agglomération,Hors intersection,Normale,Deux véhicules - arrière,,,,,,,,,,,2,2,1,1,2.0
201600041442,0016-05-22 03:15:00,16,5,22,3,15,930,66,LIBERATION RD14 (BOULEVA,,,Nuit avec éclairage allumé,En agglomération,Hors intersection,Pluie légère,Deux véhicules - côté,,,,,,,,,,,5,2,1,2,3.0
201600041443,0016-05-23 09:50:00,16,5,23,9,50,930,66,"7, GENERAL JOINVILLE",,,Plein jour,En agglomération,Hors intersection,Pluie légère,Trois véhicules et plus - en chaîne,,,,,,,,,,,1,2,1,2,4.0
201600041444,0016-05-23 11:00:00,16,5,23,11,0,930,66,"237, WILSON (AVENUE DU P",,,Plein jour,En agglomération,Hors intersection,Pluie forte,Deux véhicules - côté,,,,,,,,,,,1,2,1,3,3.0
201600041445,0016-05-23 18:20:00,16,5,23,18,20,930,66,FORT DE LA BRICHE,,,Plein jour,En agglomération,Intersection à plus de 4 branches,Normale,Deux véhicules - côté,,,,,,,,,,,1,2,5,1,3.0
201600041446,0016-05-26 16:00:00,16,5,26,16,0,930,66,"55, ORNANO (BOULEVARD)",,,Plein jour,En agglomération,Hors intersection,Normale,Deux véhicules - côté,,,,,,,,,,,1,2,1,1,3.0
201600041447,0016-05-27 06:10:00,16,5,27,6,10,930,66,"226, FRANCE ANATOLE (BOU",,,Plein jour,En agglomération,Hors intersection,Normale,Autre collision,,,,,,,,,,,1,2,1,1,6.0
201600041448,0016-05-31 07:00:00,16,5,31,7,0,930,66,FORT DE LA BRICHE,,,Plein jour,En agglomération,Hors intersection,Pluie forte,Trois véhicules et plus - collisions multiples,,,,,,,,,,,1,2,1,3,5.0
201600041449,0016-05-31 13:45:00,16,5,31,13,45,930,66,"01, BRENNUS",,,Plein jour,En agglomération,Hors intersection,Pluie légère,Deux véhicules - côté,,,,,,,,,,,1,2,1,2,3.0
201600041450,0016-06-02 08:30:00,16,6,2,8,30,930,66,LENINE (AVENUE) NR 28 A,,,Plein jour,En agglomération,Hors intersection,Normale,Deux véhicules - côté,,,,,,,,,,,1,2,1,1,3.0
201600041451,0016-06-04 17:25:00,16,6,4,17,25,930,66,PROUDHON,,,Plein jour,En agglomération,Hors intersection,Normale,Autre collision,,,,,,,,,,,1,2,1,1,6.0
201600041452,0016-06-04 20:00:00,16,6,4,20,0,930,66,CASANOVA DANIELLE NR 2 A,,,Plein jour,En agglomération,Intersection en X,Normale,Autre collision,,,,,,,,,,,1,2,2,1,6.0
201600041453,0016-06-07 16:55:00,16,6,7,16,55,930,66,PORT (QUAI DU),,,Plein jour,Hors agglomération,Hors intersection,Normale,Autre collision,,,,,,,,,,,1,1,1,1,6.0
201600041454,0016-06-08 08:30:00,16,6,8,8,30,930,66,CROISAT AMBROISE RD 29 B,,,Plein jour,En agglomération,Hors intersection,Normale,Deux véhicules - arrière,,,,,,,,,,,1,2,1,1,2.0
201600041455,0016-06-08 21:40:00,16,6,8,21,40,930,66,"63, ""BARBUSSE HENRI, NR",,,Plein jour,En agglomération,Intersection en T,Normale,Deux véhicules - côté,,,,,,,,,,,1,2,3,1,3.0
201600041456,0016-06-09 17:40:00,16,6,9,17,40,930,39,MECHIN,,,Plein jour,En agglomération,Intersection en X,Normale,Deux véhicules - côté,,,,,,,,,,,1,2,2,1,3.0
201600041457,0016-06-10 15:00:00,16,6,10,15,0,930,66,"1, CARNOT (BOULEVARD)",,,Plein jour,En agglomération,Hors intersection,Normale,Autre collision,,,,,,,,,,,1,2,1,1,6.0
201600041458,0016-06-18 20:00:00,16,6,18,20,0,930,66,LENINE (AVENUE) NR 28 A,,,Plein jour,En agglomération,Hors intersection,Autre,Deux véhicules - arrière,,,,,,,,,,,1,2,1,9,2.0
201600041459,0016-06-19 00:50:00,16,6,19,0,50,930,66,"15, ""LANDY RD 20, NR IMP",,,Nuit avec éclairage allumé,En agglomération,Hors intersection,Normale,Deux véhicules - côté,,,,,,,,,,,5,2,1,1,3.0
201600041460,0016-06-20 11:50:00,16,6,20,11,50,930,66,LENINE (AVENUE) NR 2 A 2,,,Plein jour,En agglomération,Hors intersection,Pluie légère,Deux véhicules - côté,,,,,,,,,,,1,2,1,2,3.0
201600041461,0016-06-23 11:45:00,16,6,23,11,45,930,66,ROLLAND ROMAIN (AVENUE),,,Plein jour,En agglomération,Hors intersection,Normale,Autre collision,,,,,,,,,,,1,2,1,1,6.0
201600041462,0016-06-24 20:00:00,16,6,24,20,0,930,66,"2, ""PERI GABRIEL, NR 2",,,Plein jour,En agglomération,Hors intersection,Normale,Autre collision,,,,,,,,,,,1,2,1,1,6.0
201600041463,0016-06-26 04:00:00,16,6,26,4,0,930,66,"33, FRANCE ANATOLE (BOUL",,,Nuit avec éclairage allumé,En agglomération,Hors intersection,Normale,Deux véhicules - côté,,,,,,,,,,,5,2,1,1,3.0
201600041464,0016-06-26 19:50:00,16,6,26,19,50,930,66,"""PERI GABRIEL, NR 2  A 1",,,Plein jour,En agglomération,Autre intersection,Normale,Autre collision,,,,,,,,,,,1,2,9,1,6.0
201600041465,0016-06-21 20:30:00,16,6,21,20,30,930,66,EINSTEIN ALBERT,,,Plein jour,En agglomération,Intersection en T,Normale,Deux véhicules - côté,,,,,,,,,,,1,2,3,1,3.0
201600041466,0016-06-28 01:30:00,16,6,28,1,30,930,66,"35, ""LANDY RD 20, NR PAI",,,Nuit avec éclairage allumé,En agglomération,Intersection en X,Normale,Deux véhicules - côté,,,,,,,,,,,5,2,2,1,3.0
201600041467,0016-06-22 17:30:00,16,6,22,17,30,930,66,"0, FRAIZIER",,,Plein jour,En agglomération,Hors intersection,Normale,Autre collision,,,,,,,,,,,1,2,1,1,6.0
201600041468,0016-06-28 14:30:00,16,6,28,14,30,930,66,"139, WILSON (AVENUE DU P",,,Plein jour,En agglomération,Hors intersection,Normale,Deux véhicules - côté,,,,,,,,,,,1,2,1,1,3.0
201600041469,0016-06-29 14:45:00,16,6,29,14,45,930,66,WILSON (AVENUE DU PRESID,,,Plein jour,En agglomération,Intersection en X,Normale,Deux véhicules - côté,,,,,,,,,,,1,2,2,1,3.0
201600041470,0016-06-29 15:45:00,16,6,29,15,45,930,66,STADE DE FRANCE (AVENUE,,,Plein jour,En agglomération,Hors intersection,Normale,Autre collision,,,,,,,,,,,1,2,1,1,6.0
201600041471,0016-06-30 13:50:00,16,6,30,13,50,930,66,"""GUESDE JULES (BD), NR 2",,,Plein jour,En agglomération,Intersection en X,Normale,Autre collision,,,,,,,,,,,1,2,2,1,6.0
201600041472,0016-06-30 13:55:00,16,6,30,13,55,930,66,CACHIN MARCEL (AVENUE),,,Plein jour,En agglomération,Giratoire,Normale,Deux véhicules - côté,,,,,,,,,,,1,2,6,1,3.0
201600041473,0016-06-30 18:00:00,16,6,30,18,0,930,66,"64, FRANCE ANATOLE (BOUL",,,Plein jour,En agglomération,Hors intersection,Pluie légère,Deux véhicules - côté,,,,,,,,,,,1,2,1,2,3.0
201600041474,0016-07-01 13:30:00,16,7,1,13,30,930,66,"12, LENINE (AVENUE) NR 2",,,Plein jour,En agglomération,Intersection en X,Normale,Deux véhicules - arrière,,,,,,,,,,,1,2,2,1,2.0
201600041475,0016-07-02 14:30:00,16,7,2,14,30,930,66,REPUBLIQUE,,,Plein jour,En agglomération,Hors intersection,Normale,Autre collision,,,,,,,,,,,1,2,1,1,6.0
201600041476,0016-07-03 10:15:00,16,7,3,10,15,930,66,"96, FRANCE ANATOLE (BOUL",,,Plein jour,En agglomération,Hors intersection,Normale,Trois véhicules et plus - en chaîne,,,,,,,,,,,1,2,1,1,4.0
201600041477,0016-07-02 20:50:00,16,7,2,20,50,930,66,"1, ELUARD PAUL NR 2 A 36",,,Crépuscule ou aube,En agglomération,Autre intersection,Normale,Deux véhicules - arrière,,,,,,,,,,,2,2,9,1,2.0
201600041478,0016-07-03 20:00:00,16,7,3,20,0,930,66,"4, GENERAL DE GAULLE",,,Plein jour,En agglomération,Hors intersection,Pluie légère,Autre collision,,,,,,,,,,,1,2,1,2,6.0
201600041479,0016-07-04 20:45:00,16,7,4,20,45,930,66,"41, ""SEMBAT MARCEL (BD),",,,Crépuscule ou aube,En agglomération,Hors intersection,Normale,Autre collision,,,,,,,,,,,2,2,1,1,6.0
201600041480,0016-07-05 19:00:00,16,7,5,19,0,930,66,"4, DOLTO FRANCOISE",,,Plein jour,En agglomération,Hors intersection,Normale,Autre collision,,,,,,,,,,,1,2,1,1,6.0
201600041481,0016-07-07 18:10:00,16,7,7,18,10,930,66,JAURES JEAN,,,Plein jour,En agglomération,Hors intersection,Normale,Deux véhicules - frontale,,,,,,,,,,,1,2,1,1,1.0
201600041482,0016-07-10 14:30:00,16,7,10,14,30,930,66,COURNEUVE (ROUTE),,,Plein jour,En agglomération,Intersection en Y,Normale,Trois véhicules et plus - en chaîne,,,,,,,,,,,1,2,4,1,4.0
201600041483,0016-07-12 20:20:00,16,7,12,20,20,930,66,ELUARD PAUL NR 2 A 36 ET,,,Plein jour,En agglomération,Hors intersection,Normale,Autre collision,,,,,,,,,,,1,2,1,1,6.0
201600041484,0016-07-19 14:05:00,16,7,19,14,5,930,66,"380, WILSON (AVENUE DU P",,,Plein jour,En agglomération,Hors intersection,Normale,Deux véhicules - côté,,,,,,,,,,,1,2,1,1,3.0
201600041485,0016-07-20 13:15:00,16,7,20,13,15,930,66,DESNOS ROBERT,,,Plein jour,En agglomération,Hors intersection,Pluie légère,Autre collision,,,,,,,,,,,1,2,1,2,6.0
201600041486,0016-07-20 20:45:00,16,7,20,20,45,930,66,"""PERI GABRIEL, NR 116 A",,,Plein jour,En agglomération,Hors intersection,Normale,Autre collision,,,,,,,,,,,1,2,1,1,6.0
201600041487,0016-07-21 19:45:00,16,7,21,19,45,930,66,JEUMONT,,,Plein jour,En agglomération,Intersection en T,Normale,Deux véhicules - côté,,,,,,,,,,,1,2,3,1,3.0
201600041488,0016-07-21 23:30:00,16,7,21,23,30,930,66,CASANOVA DANIELLE NR 52-,,,Nuit avec éclairage allumé,En agglomération,Intersection en T,Normale,Deux véhicules - arrière,,,,,,,,,,,5,2,3,1,2.0
201600041489,0016-07-27 15:20:00,16,7,27,15,20,930,66,"38, ""BARBUSSE HENRI, NR",,,Plein jour,En agglomération,Hors intersection,Normale,Autre collision,,,,,,,,,,,1,2,1,1,6.0
201600041490,0016-07-29 18:24:00,16,7,29,18,24,930,66,"""STALINGRAND (AV), NR 2-",,,Plein jour,En agglomération,Hors intersection,Normale,Autre collision,,,,,,,,,,,1,2,1,1,6.0
201600041491,0016-07-30 16:45:00,16,7,30,16,45,930,66,FRANCE ANATOLE (BOULEVAR,,,Plein jour,En agglomération,Hors intersection,Normale,Autre collision,,,,,,,,,,,1,2,1,1,6.0
201600041492,0016-08-15 17:30:00,16,8,15,17,30,930,66,JAURES JEAn,,,Plein jour,En agglomération,Hors intersection,Temps éblouissant,Autre collision,,,,,,,,,,,1,2,1,7,6.0
201600041493,0016-08-17 20:00:00,16,8,17,20,0,930,66,DE GEYTER PIERRE (SQUARE,,,Plein jour,En agglomération,Intersection en T,Normale,Autre collision,,,,,,,,,,,1,2,3,1,6.0
201600041494,0016-08-18 09:30:00,16,8,18,9,30,930,66,"50, WILSON (AVENUE DU PR",,,Plein jour,En agglomération,Giratoire,Pluie légère,Deux véhicules - côté,,,,,,,,,,,1,2,6,2,3.0
201600041495,0016-08-18 18:20:00,16,8,18,18,20,930,66,CHEMINOTS,,,Plein jour,En agglomération,Hors intersection,Normale,Autre collision,,,,,,,,,,,1,2,1,1,6.0
201600041496,0016-08-21 01:09:00,16,8,21,1,9,930,66,"""LANDY RD 20, NR IMPAIRS",,,Nuit avec éclairage allumé,En agglomération,Intersection en X,Normale,Deux véhicules - côté,,,,,,,,,,,5,2,2,1,3.0
201600041497,0016-08-22 09:05:00,16,8,22,9,5,930,66,CARNOT (BOULEVARD),,,Plein jour,En agglomération,Hors intersection,Normale,Autre collision,,,,,,,,,,,1,2,1,1,6.0
201600041498,0016-08-25 09:15:00,16,8,25,9,15,930,66,WILSON (AVENUE DU PRESID,,,Plein jour,En agglomération,Intersection en X,Normale,Deux véhicules - arrière,,,,,,,,,,,1,2,2,1,2.0
201600041499,0016-08-26 13:00:00,16,8,26,13,0,930,66,"10, COMMUNE DE PARIS (BO",,,Plein jour,En agglomération,Hors intersection,Normale,Deux véhicules - côté,,,,,,,,,,,1,2,1,1,3.0
201600041500,0016-08-30 09:15:00,16,8,30,9,15,930,66,"143-147, FRANCE ANATOLE",,,Plein jour,En agglomération,Hors intersection,Normale,Deux véhicules - côté,,,,,,,,,,,1,2,1,1,3.0
201600041501,0016-09-01 00:45:00,16,9,1,0,45,930,66,"21, WILSON (AVENUE DU PR",,,Nuit avec éclairage allumé,En agglomération,Hors intersection,Normale,Deux véhicules - arrière,,,,,,,,,,,5,2,1,1,2.0
201600041502,0016-09-03 23:20:00,16,9,3,23,20,930,66,"268, WILSON (AVENUE DU P",,,Nuit avec éclairage allumé,En agglomération,Intersection en T,Normale,Deux véhicules - côté,,,,,,,,,,,5,2,3,1,3.0
201600041503,0016-09-08 12:45:00,16,9,8,12,45,930,66,"99, CASANOVA DANIELLE NR",,,Plein jour,En agglomération,Hors intersection,Normale,Autre collision,,,,,,,,,,,1,2,1,1,6.0
201600041504,0016-09-11 10:30:00,16,9,11,10,30,930,66,"""STALINGRAND (AV), NR 2-",,,Plein jour,En agglomération,Intersection en X,Normale,Deux véhicules - côté,,,,,,,,,,,1,2,2,1,3.0
201600041505,0016-09-11 18:55:00,16,9,11,18,55,930,66,"81, WILSON (AVENUE DU PR",,,Plein jour,En agglomération,Hors intersection,Normale,Autre collision,,,,,,,,,,,1,2,1,1,6.0
201600041506,0016-09-13 06:40:00,16,9,13,6,40,930,39,PAUL MARCEL (BOULEVARD),,,Crépuscule ou aube,En agglomération,Hors intersection,Normale,Deux véhicules - frontale,,,,,,,,,,,2,2,1,1,1.0
201600041507,0016-09-15 09:45:00,16,9,15,9,45,930,66,"53, ""STALINGRAND (AV), N",,,Plein jour,En agglomération,Hors intersection,Pluie légère,Deux véhicules - côté,,,,,,,,,,,1,2,1,2,3.0
201600041508,0016-09-16 17:50:00,16,9,16,17,50,930,66,"92, WILSON (AVENUE DU PR",,,Plein jour,En agglomération,Hors intersection,Pluie légère,Deux véhicules - arrière,,,,,,,,,,,1,2,1,2,2.0
201600041509,0016-09-22 10:52:00,16,9,22,10,52,930,39,CHATELIER (QUAI DU ),,,Plein jour,En agglomération,Intersection en T,Normale,Autre collision,,,,,,,,,,,1,2,3,1,6.0
201600041510,0016-09-23 19:25:00,16,9,23,19,25,930,66,GENERAL JOINVILLE,,,Plein jour,En agglomération,Hors intersection,Normale,Deux véhicules - arrière,,,,,,,,,,,1,2,1,1,2.0
201600041511,0016-09-25 18:50:00,16,9,25,18,50,930,66,CYGNE,,,Plein jour,En agglomération,Hors intersection,Normale,Autre collision,,,,,,,,,,,1,2,1,1,6.0
201600041512,0016-09-27 04:00:00,16,9,27,4,0,930,66,SEMAT ROGER,,,Nuit avec éclairage allumé,En agglomération,Hors intersection,Normale,Deux véhicules - côté,,,,,,,,,,,5,2,1,1,3.0
201600041513,0016-09-27 07:05:00,16,9,27,7,5,930,66,MAIL DES AIGUILLES,,,Crépuscule ou aube,En agglomération,Intersection en Y,Normale,Deux véhicules - côté,,,,,,,,,,,2,2,4,1,3.0
201600041514,0016-09-29 17:30:00,16,9,29,17,30,930,66,"23, CASANOVA DANIELLE NR",,,Plein jour,En agglomération,Hors intersection,Normale,Autre collision,,,,,,,,,,,1,2,1,1,6.0
201600041515,0016-09-30 10:00:00,16,9,30,10,0,930,66,"262, WILSON (AVENUE DU P",,,Plein jour,En agglomération,Intersection en T,Normale,Autre collision,,,,,,,,,,,1,2,3,1,6.0
201600041516,0016-09-30 10:00:00,16,9,30,10,0,930,66,CHAUMETTES,,,Plein jour,En agglomération,Hors intersection,Normale,Autre collision,,,,,,,,,,,1,2,1,1,6.0
201600041517,0016-10-01 10:55:00,16,10,1,10,55,930,66,"76, WILSON (AVENUE DU Pr",,,Plein jour,En agglomération,Hors intersection,Normale,Autre collision,,,,,,,,,,,1,2,1,1,6.0
201600041518,0016-10-01 19:15:00,16,10,1,19,15,930,66,"4, LURCAT JEAN",,,Crépuscule ou aube,En agglomération,Hors intersection,Temps éblouissant,Autre collision,,,,,,,,,,,2,2,1,7,6.0
201600041519,0016-10-03 16:00:00,16,10,3,16,0,930,66,WILSON (AVENUE DU PRESID,,,Plein jour,En agglomération,Hors intersection,Normale,Deux véhicules - côté,,,,,,,,,,,1,2,1,1,3.0
201600041520,0016-10-03 18:00:00,16,10,3,18,0,930,66,OWENS JESSE,,,Plein jour,En agglomération,Intersection en X,Normale,Deux véhicules - côté,,,,,,,,,,,1,2,2,1,3.0
201600041521,0016-10-04 17:44:00,16,10,4,17,44,930,66,"25, PROUDHON",,,Plein jour,En agglomération,Intersection en T,Normale,Deux véhicules - côté,,,,,,,,,,,1,2,3,1,3.0
201600041522,0016-10-05 15:05:00,16,10,5,15,5,930,66,"81, WILSON (AVENUE DU PR",,,Plein jour,En agglomération,Hors intersection,Normale,Deux véhicules - arrière,,,,,,,,,,,1,2,1,1,2.0
201600041523,0016-10-02 13:40:00,16,10,2,13,40,930,66,"2, GARENNE",,,Plein jour,En agglomération,Hors intersection,Normale,Autre collision,,,,,,,,,,,1,2,1,1,6.0
201600041524,0016-10-05 23:00:00,16,10,5,23,0,930,66,"54, CASANOVA DANIELLE NR",,,Nuit avec éclairage allumé,En agglomération,Hors intersection,Normale,Autre collision,,,,,,,,,,,5,2,1,1,6.0
201600041525,0016-10-07 11:45:00,16,10,7,11,45,930,66,WILSON (AVENUE DU PRESID,,,Plein jour,En agglomération,Hors intersection,Normale,Deux véhicules - arrière,,,,,,,,,,,1,2,1,1,2.0
201600041526,0016-10-08 17:45:00,16,10,8,17,45,930,66,"22, MICHELS CHARLES",,,Plein jour,En agglomération,Hors intersection,Normale,Autre collision,,,,,,,,,,,1,2,1,1,6.0
201600041527,0016-10-09 17:15:00,16,10,9,17,15,930,66,FRANCE ANATOLE (BOULEVAR,,,Plein jour,Hors agglomération,Intersection en T,Normale,Deux véhicules - côté,,,,,,,,,,,1,1,3,1,3.0
201600041528,0016-10-01 20:30:00,16,10,1,20,30,930,66,"12, SEMAT ROGER",,,Crépuscule ou aube,En agglomération,Intersection en Y,Normale,Deux véhicules - côté,,,,,,,,,,,2,2,4,1,3.0
201600041529,0016-10-08 23:25:00,16,10,8,23,25,930,66,COURNEUVE (ROUTE),,,Nuit avec éclairage allumé,En agglomération,Hors intersection,Normale,Trois véhicules et plus - collisions multiples,,,,,,,,,,,5,2,1,1,5.0
201600041530,0016-10-11 14:15:00,16,10,11,14,15,930,66,CACHIN MARCEL (AVENUE),,,Plein jour,En agglomération,Hors intersection,Normale,Deux véhicules - arrière,,,,,,,,,,,1,2,1,1,2.0
201600041531,0016-10-11 22:00:00,16,10,11,22,0,930,66,COURNEUVE (ROUTE),,,Nuit avec éclairage allumé,En agglomération,Intersection en X,Normale,Deux véhicules - côté,,,,,,,,,,,5,2,2,1,3.0
201600041532,0016-10-14 06:40:00,16,10,14,6,40,930,66,"""LANDY RD 20, NR IMPAIRS",,,Nuit avec éclairage allumé,En agglomération,Intersection en T,Normale,Deux véhicules - frontale,,,,,,,,,,,5,2,3,1,1.0
201600041533,0016-10-14 22:25:00,16,10,14,22,25,930,66,"39, FRANCE ANATOLE (BOUL",,,Nuit avec éclairage allumé,En agglomération,Hors intersection,Pluie légère,Trois véhicules et plus - en chaîne,,,,,,,,,,,5,2,1,2,4.0
201600041534,0016-10-17 08:45:00,16,10,17,8,45,930,66,"65, ELUARD PAUL - AUTRES",,,Plein jour,En agglomération,Hors intersection,Pluie légère,Sans collision,,,,,,,,,,,1,2,1,2,7.0
201600041535,0016-10-18 17:10:00,16,10,18,17,10,930,66,LANGUEDOC,,,Plein jour,En agglomération,Intersection en T,Autre,Deux véhicules - côté,,,,,,,,,,,1,2,3,9,3.0
201600041536,0016-10-18 20:20:00,16,10,18,20,20,930,66,"114, CROISAT AMBROISE RD",,,Nuit avec éclairage allumé,En agglomération,Hors intersection,Normale,Autre collision,,,,,,,,,,,5,2,1,1,6.0
201600041537,0016-10-20 15:50:00,16,10,20,15,50,930,66,CASANOVA DANIELLE NR 2 A,,,Plein jour,En agglomération,Hors intersection,Pluie légère,Autre collision,,,,,,,,,,,1,2,1,2,6.0
201600041538,0016-10-20 21:15:00,16,10,20,21,15,930,66,"57, LIBERATION RD14 (BOU",,,Nuit sans éclairage public,En agglomération,Hors intersection,Normale,Autre collision,,,,,,,,,,,3,2,1,1,6.0
201600041539,0016-10-21 08:30:00,16,10,21,8,30,930,66,"175, FRANCE ANATOLE (BOU",,,Plein jour,En agglomération,Hors intersection,Pluie légère,Autre collision,,,,,,,,,,,1,2,1,2,6.0
201600041540,0016-10-21 15:25:00,16,10,21,15,25,930,66,"85, WILSON (AVENUE DU PR",,,Plein jour,En agglomération,Hors intersection,Pluie forte,Deux véhicules - arrière,,,,,,,,,,,1,2,1,3,2.0
201600041541,0016-10-24 17:40:00,16,10,24,17,40,930,66,CROISAT AMBROISE RD 29 B,,,Plein jour,En agglomération,Hors intersection,Pluie légère,Deux véhicules - côté,,,,,,,,,,,1,2,1,2,3.0
201600041542,0016-10-25 13:05:00,16,10,25,13,5,930,66,STADE DE FRANCE (AVENUE,,,Plein jour,En agglomération,Hors intersection,Normale,Autre collision,,,,,,,,,,,1,2,1,1,6.0
201600041543,0016-10-26 01:20:00,16,10,26,1,20,930,66,"186, WILSON (AVENUE DU P",,,Nuit sans éclairage public,En agglomération,Hors intersection,Normale,Deux véhicules - arrière,,,,,,,,,,,3,2,1,1,2.0
201600041544,0016-10-29 17:20:00,16,10,29,17,20,930,66,REPUBLIQUE,,,Plein jour,En agglomération,Hors intersection,Normale,Autre collision,,,,,,,,,,,1,2,1,1,6.0
201600041545,0016-10-31 00:13:00,16,10,31,0,13,930,66,CROISAT AMBROISE RD 29 B,,,Nuit avec éclairage non allumé,En agglomération,Hors intersection,Normale,Deux véhicules - frontale,,,,,,,,,,,4,2,1,1,1.0
201600041546,0016-11-02 23:10:00,16,11,2,23,10,930,66,"78, VAILLANT COUTURIER P",,,Nuit avec éclairage allumé,En agglomération,Hors intersection,Normale,Deux véhicules - arrière,,,,,,,,,,,5,2,1,1,2.0
201600041547,0016-11-03 21:10:00,16,11,3,21,10,930,66,CROIZAT AMBROISE RD 29 B,,,Nuit avec éclairage allumé,En agglomération,Hors intersection,Normale,Deux véhicules - côté,,,,,,,,,,,5,2,1,1,3.0
201600041548,0016-11-04 19:30:00,16,11,4,19,30,930,66,"""SEMBAT MARCEL (BD), NR",,,Nuit avec éclairage allumé,En agglomération,Hors intersection,Pluie légère,Autre collision,,,,,,,,,,,5,2,1,2,6.0
201600041549,0016-11-09 10:40:00,16,11,9,10,40,930,39,"58, MARINE (QUAI DE LA )",,,Plein jour,En agglomération,Hors intersection,Pluie forte,Deux véhicules - frontale,,,,,,,,,,,1,2,1,3,1.0
201600041550,0016-11-10 00:30:00,16,11,10,0,30,930,66,FRANCE ANATOLE ENTREE A1,,,Nuit avec éclairage allumé,En agglomération,Hors intersection,Pluie légère,Deux véhicules - arrière,,,,,,,,,,,5,2,1,2,2.0
201600041551,0016-11-11 06:00:00,16,11,11,6,0,930,66,"""BARBUSSE HENRI, NR 35 A",,,Nuit avec éclairage allumé,En agglomération,Intersection en X,Pluie légère,Deux véhicules - côté,,,,,,,,,,,5,2,2,2,3.0
201600041552,0016-11-11 12:35:00,16,11,11,12,35,930,66,ELUARD PAUL NR 2 A 36 ET,,,Plein jour,En agglomération,Intersection en T,Normale,Deux véhicules - côté,,,,,,,,,,,1,2,3,1,3.0
201600041553,0016-11-11 21:45:00,16,11,11,21,45,930,66,"1, ELUARD PAUL (PLACE)",,,Nuit avec éclairage allumé,En agglomération,Hors intersection,Normale,Deux véhicules - côté,,,,,,,,,,,5,2,1,1,3.0
201600041554,0016-11-12 08:55:00,16,11,12,8,55,930,39,MARINE (QUAI DE LA ),,,Plein jour,Hors agglomération,Hors intersection,Normale,Autre collision,,,,,,,,,,,1,1,1,1,6.0
201600041555,0016-11-13 02:20:00,16,11,13,2,20,930,66,LIBERATION RD14 (BOULEVA,,,Nuit avec éclairage allumé,En agglomération,Intersection en Y,Pluie légère,Deux véhicules - frontale,,,,,,,,,,,5,2,4,2,1.0
201600041556,0016-11-13 21:40:00,16,11,13,21,40,930,66,"59, ROLLAND ROMAIN (AVEN",,,Nuit avec éclairage allumé,En agglomération,Hors intersection,Pluie légère,Deux véhicules - arrière,,,,,,,,,,,5,2,1,2,2.0
201600041557,0016-11-14 11:30:00,16,11,14,11,30,930,66,"5, COURNEUVE (ROUTE)",,,Plein jour,En agglomération,Hors intersection,Normale,Autre collision,,,,,,,,,,,1,2,1,1,6.0
201600041558,0016-11-18 08:10:00,16,11,18,8,10,930,66,FRANCE ANATOLE ENTREE A1,,,Plein jour,Hors agglomération,Hors intersection,Temps couvert,Deux véhicules - arrière,,,,,,,,,,,1,1,1,8,2.0
201600041559,0016-11-18 18:05:00,16,11,18,18,5,930,66,"18, ""SEMBAT MARCEL (BD),",,,Crépuscule ou aube,En agglomération,Hors intersection,Normale,Autre collision,,,,,,,,,,,2,2,1,1,6.0
201600041560,0016-11-21 20:10:00,16,11,21,20,10,930,66,"""PERI GABRIEL, NR 2  A 1",,,Nuit avec éclairage allumé,En agglomération,Intersection en T,Normale,Deux véhicules - côté,,,,,,,,,,,5,2,3,1,3.0
201600041561,0016-11-22 22:20:00,16,11,22,22,20,930,66,LIBERATION RD14 (BOULEVA,,,Nuit avec éclairage allumé,En agglomération,Intersection en X,Normale,Deux véhicules - côté,,,,,,,,,,,5,2,2,1,3.0
201600041562,0016-11-23 19:30:00,16,11,23,19,30,930,66,"2, ELUARD PAUL NR 2 A 36",,,Nuit avec éclairage allumé,En agglomération,Hors intersection,Temps couvert,Autre collision,,,,,,,,,,,5,2,1,8,6.0
201600041563,0016-11-25 13:45:00,16,11,25,13,45,930,66,LE ROY DES BARRES,,,Plein jour,En agglomération,Intersection en X,Temps couvert,Deux véhicules - côté,,,,,,,,,,,1,2,2,8,3.0
201600041564,0016-11-28 13:35:00,16,11,28,13,35,930,66,FRANCE ANATOLE (BOULEVAR,,,Plein jour,Hors agglomération,Intersection à plus de 4 branches,Normale,Deux véhicules - côté,,,,,,,,,,,1,1,5,1,3.0
201600041565,0016-11-29 18:30:00,16,11,29,18,30,930,66,"112, CROIZAT AMBROISE RD",,,Nuit avec éclairage allumé,En agglomération,Hors intersection,Normale,Deux véhicules - côté,,,,,,,,,,,5,2,1,1,3.0
201600041566,0016-11-30 16:00:00,16,11,30,16,0,930,66,"9, ""GUESDE JULES (BD), N",,,Plein jour,En agglomération,Intersection en T,Normale,Autre collision,,,,,,,,,,,1,2,3,1,6.0