accident_id,datetime,annee,mois,jour,heure,minute,departement,commune_insee,adresse,latitude,longitude,luminosite,agglomeration,intersection,meteo,collision,nb_vehicules,nb_usagers,nb_indemnes,nb_tues,nb_blesses_hosp,nb_blesses_legers,age_cond_1,age_cond_2,veh_type_cond_1,veh_type_cond_2,lum_code,agg_code,int_code,atm_code,col_code
201600041824,0016-07-22 18:30:00,16,7,22,18,30,930,78,CHEMIN DEPARTEMENTAL,,,Plein jour,Hors agglomération,Place,Normale,Deux véhicules - arrière,,,,,,,,,,,1,1,7,1,2.0
201600041825,0016-07-26 07:50:00,16,7,26,7,50,930,73,SAVOIE (RUE DE),,,Plein jour,En agglomération,Intersection en X,Normale,Deux véhicules - côté,,,,,,,,,,,1,2,2,1,3.0
201600041826,0016-08-13 11:25:00,16,8,13,11,25,930,78,"68, DAMBEL (AVENUE EMILE",,,Crépuscule ou aube,En agglomération,Intersection en X,Normale,Deux véhicules - côté,,,,,,,,,,,2,2,2,1,3.0
201600041827,0016-08-24 18:30:00,16,8,24,18,30,930,73,SEPTIEME (AVENUE),,,Plein jour,En agglomération,Intersection en X,Normale,Deux véhicules - côté,,,,,,,,,,,1,2,2,1,3.0
201600041828,0016-08-26 09:55:00,16,8,26,9,55,930,78,SAUSSET (AVENUE DU),,,Plein jour,Hors agglomération,Autre intersection,Autre,Autre collision,,,,,,,,,,,1,1,9,9,6.0
201600041829,0016-09-03 12:00:00,16,9,3,12,0,930,78,AUTOROUTE A 104,,,Plein jour,Hors agglomération,Hors intersection,Normale,Autre collision,,,,,,,,,,,1,1,1,1,6.0
201600041830,0016-09-07 12:30:00,16,9,7,12,30,930,73,BERGER (RUE GILBERT),,,Plein jour,En agglomération,Hors intersection,Normale,Autre collision,,,,,,,,,,,1,2,1,1,6.0
201600041831,0016-09-09 14:15:00,16,9,9,14,15,930,73,KALIFAT (RUE),,,Plein jour,En agglomération,Intersection en X,Normale,Deux véhicules - frontale,,,,,,,,,,,1,2,2,1,1.0
201600041832,0016-09-12 09:16:00,16,9,12,9,16,930,78,NATIONS (AVENUE DES),,,Plein jour,En agglomération,Hors intersection,Normale,Autre collision,,,,,,,,,,,1,2,1,1,6.0
201600041833,0016-09-19 08:15:00,16,9,19,8,15,930,78,CLEMENCEAU (AVENUE GEORG,,,Plein jour,En agglomération,Intersection en X,Pluie légère,Autre collision,,,,,,,,,,,1,2,2,2,6.0
201600041834,0016-09-22 21:00:00,16,9,22,21,0,930,78,DAMBEL (AVENUE EMILE),,,Nuit avec éclairage allumé,En agglomération,Intersection en X,Normale,Deux véhicules - côté,,,,,,,,,,,5,2,2,1,3.0
201600041835,0016-09-25 16:20:00,16,9,25,16,20,930,78,BALLANGER (BD ROBERT),,,Plein jour,En agglomération,Intersection en T,Normale,Deux véhicules - côté,,,,,,,,,,,1,2,3,1,3.0
201600041836,0016-09-26 14:00:00,16,9,26,14,0,930,78,RENOIR (ALLEE),,,Plein jour,En agglomération,Hors intersection,Normale,Autre collision,,,,,,,,,,,1,2,1,1,6.0
201600041837,0016-09-27 16:20:00,16,9,27,16,20,930,78,BALLANGER (BD ROBERT),,,Plein jour,En agglomération,Hors intersection,Normale,Trois véhicules et plus - en chaîne,,,,,,,,,,,1,2,1,1,4.0
201600041838,0016-10-12 17:55:00,16,10,12,17,55,930,78,GARE SNCF RER VILLEPINTE,,,Plein jour,Hors agglomération,Hors intersection,Normale,Deux véhicules - arrière,,,,,,,,,,,1,1,1,1,2.0
201600041839,0016-10-13 18:00:00,16,10,13,18,0,930,78,"102, DAMBEL (AVENUE EMIL",,,Plein jour,En agglomération,Hors intersection,Normale,Autre collision,,,,,,,,,,,1,2,1,1,6.0
201600041840,0016-10-16 19:40:00,16,10,16,19,40,930,78,", CLEMENCEAU (AVENUE GEO",,,Nuit avec éclairage allumé,En agglomération,Hors intersection,Normale,Deux véhicules - arrière,,,,,,,,,,,5,2,1,1,2.0
201600041841,0016-10-16 20:20:00,16,10,16,20,20,930,73,"23, DU CERCEAU (RUE JEAN",,,Nuit avec éclairage allumé,En agglomération,Hors intersection,Normale,Autre collision,,,,,,,,,,,5,2,1,1,6.0
201600041842,0016-10-20 13:15:00,16,10,20,13,15,930,78,"21, CLEMENCEAU (AVENUE G",,,Plein jour,En agglomération,Hors intersection,Normale,Deux véhicules - arrière,,,,,,,,,,,1,2,1,1,2.0
201600041843,0016-10-21 16:38:00,16,10,21,16,38,930,78,KENNEDY (BOULEVARD DU PR,,,Plein jour,En agglomération,Hors intersection,Normale,Autre collision,,,,,,,,,,,1,2,1,1,6.0
201600041844,0016-10-21 16:50:00,16,10,21,16,50,930,78,VAUBAN (AVENUE),,,Plein jour,En agglomération,Giratoire,Normale,Deux véhicules - arrière,,,,,,,,,,,1,2,6,1,2.0
201600041845,0016-10-23 16:30:00,16,10,23,16,30,930,73,"1, FLANDRE (RUE DE)",,,Plein jour,En agglomération,Intersection en X,Pluie légère,Deux véhicules - côté,,,,,,,,,,,1,2,2,2,3.0
201600041846,0016-10-24 12:40:00,16,10,24,12,40,930,78,CIRCULAIRE (BOULEVARD),,,Plein jour,En agglomération,Intersection en T,Pluie légère,Deux véhicules - côté,,,,,,,,,,,1,2,3,2,3.0
201600041847,0016-11-02 10:15:00,16,11,2,10,15,930,78,REPUBLIQUE (AVENUE DE LA,,,Plein jour,En agglomération,Hors intersection,Normale,Deux véhicules - arrière,,,,,,,,,,,1,2,1,1,2.0
201600041848,0016-11-02 20:45:00,16,11,2,20,45,930,73,BERRY (RUE DE),,,Nuit avec éclairage allumé,En agglomération,Intersection en X,Normale,Deux véhicules - côté,,,,,,,,,,,5,2,2,1,3.0
201600041849,0016-11-03 17:00:00,16,11,3,17,0,930,78,"120-124, BALLANGER (BD R",,,Plein jour,En agglomération,Hors intersection,Normale,Deux véhicules - côté,,,,,,,,,,,1,2,1,1,3.0
201600041850,0016-11-04 13:55:00,16,11,4,13,55,930,78,BALLANGER (BD ROBERT),,,Plein jour,En agglomération,Passage à niveau,Pluie légère,Autre collision,,,,,,,,,,,1,2,8,2,6.0
201600041851,0016-11-04 19:45:00,16,11,4,19,45,930,73,PARC (AVENUE DU),,,Nuit avec éclairage allumé,En agglomération,Intersection en X,Pluie légère,Deux véhicules - côté,,,,,,,,,,,5,2,2,2,3.0
201600041852,0016-11-09 19:20:00,16,11,9,19,20,930,78,"89, REPUBLIQUE (AVENUE D",,,Nuit avec éclairage allumé,En agglomération,Hors intersection,Pluie légère,Deux véhicules - arrière,,,,,,,,,,,5,2,1,2,2.0
201600041853,0016-11-12 13:20:00,16,11,12,13,20,930,78,", DAGUERRE (RUE)",,,Plein jour,En agglomération,Hors intersection,Normale,Deux véhicules - côté,,,,,,,,,,,1,2,1,1,3.0
201600041854,0016-11-14 07:14:00,16,11,14,7,14,930,73,VILLEPINTE (ROUTE DE),,,Crépuscule ou aube,Hors agglomération,Hors intersection,Normale,Trois véhicules et plus - collisions multiples,,,,,,,,,,,2,1,1,1,5.0
201600041855,0016-11-15 17:15:00,16,11,15,17,15,930,78,GARE (PLACE DE LA),,,Nuit avec éclairage allumé,En agglomération,Intersection en T,Pluie légère,Autre collision,,,,,,,,,,,5,2,3,2,6.0
201600041856,0016-11-17 16:08:00,16,11,17,16,8,930,78,CLEMENCEAU (AVENUE GEORG,,,Plein jour,En agglomération,Giratoire,Normale,Deux véhicules - arrière,,,,,,,,,,,1,2,6,1,2.0
201600041857,0016-11-20 20:40:00,16,11,20,20,40,930,73,BROSSOLETTE (RUE PIERRE),,,Nuit avec éclairage allumé,En agglomération,Intersection en X,Pluie légère,Deux véhicules - frontale,,,,,,,,,,,5,2,2,2,1.0
201600041858,0016-11-21 10:15:00,16,11,21,10,15,930,78,TREMBLAY (ROUTE DE),,,Plein jour,En agglomération,Intersection en T,Pluie légère,Deux véhicules - côté,,,,,,,,,,,1,2,3,2,3.0
201600041859,0016-11-25 16:05:00,16,11,25,16,5,930,78,DELATTRE DE TASSIGNY (AV,,,Plein jour,En agglomération,Intersection en X,Normale,Autre collision,,,,,,,,,,,1,2,2,1,6.0
201600041860,0016-11-26 18:07:00,16,11,26,18,7,930,73,"88, ALSACE (RUE D')",,,Nuit avec éclairage allumé,En agglomération,Hors intersection,Temps couvert,Deux véhicules - frontale,,,,,,,,,,,5,2,1,8,1.0
201600041861,0016-12-04 13:55:00,16,12,4,13,55,930,78,"15, AULNES (AVENUE DES)",,,Plein jour,En agglomération,Intersection en T,Normale,Deux véhicules - côté,,,,,,,,,,,1,2,3,1,3.0
201600041862,0016-12-07 06:20:00,16,12,7,6,20,930,73,PETITS PONTS (ROUTE DES),,,Nuit avec éclairage allumé,En agglomération,Hors intersection,Normale,Trois véhicules et plus - collisions multiples,,,,,,,,,,,5,2,1,1,5.0
201600041863,0016-12-08 10:40:00,16,12,8,10,40,930,73,"114, PETITS PONTS (ROUTE",,,Plein jour,En agglomération,Intersection en T,Normale,Deux véhicules - frontale,,,,,,,,,,,1,2,3,1,1.0
201600041864,0016-12-09 08:00:00,16,12,9,8,0,930,78,VAUBAN (AVENUE),,,Plein jour,En agglomération,Hors intersection,Normale,Trois véhicules et plus - collisions multiples,,,,,,,,,,,1,2,1,1,5.0
201600041865,0016-12-13 19:45:00,16,12,13,19,45,930,78,BALLANGER (BD ROBERT),,,Nuit avec éclairage allumé,En agglomération,Intersection en X,Normale,Deux véhicules - côté,,,,,,,,,,,5,2,2,1,3.0
201600041866,0016-12-20 16:00:00,16,12,20,16,0,930,73,RESISTANCE (RUE DE LA),,,Plein jour,En agglomération,Hors intersection,Normale,Autre collision,,,,,,,,,,,1,2,1,1,6.0
201600041867,0016-12-21 08:00:00,16,12,21,8,0,930,73,PERDRIX (RUE DE LA),,,Plein jour,En agglomération,Hors intersection,Normale,Deux véhicules - côté,,,,,,,,,,,1,2,1,1,3.0
201600041868,0016-12-23 13:35:00,16,12,23,13,35,930,78,"83, BALLANGER (BD ROBERT",,,Plein jour,En agglomération,Hors intersection,Normale,Deux véhicules - arrière,,,,,,,,,,,1,2,1,1,2.0
201600041869,0016-12-28 11:55:00,16,12,28,11,55,930,78,", BALLANGER (BD ROBERT)",,,Plein jour,En agglomération,Hors intersection,Normale,Autre collision,,,,,,,,,,,1,2,1,1,6.0
201600041870,0016-12-01 10:40:00,16,12,1,10,40,930,78,"34, LEDOUX (RUE CLAUDE N",,,Plein jour,En agglomération,Hors intersection,Normale,Deux véhicules - côté,,,,,,,,,,,1,2,1,1,3.0
201600041871,0016-01-07 12:40:00,16,1,7,12,40,940,22,CAPITAINE ALBERT DREGFUS,48.7646,2.41646,Plein jour,En agglomération,Hors intersection,Normale,Trois véhicules et plus - en chaîne,,,,,,,,,,,1,2,1,1,4.0
201600041872,0016-01-22 18:10:00,16,1,22,18,10,940,2,DE GAULLE / MARNE,48.8145,2.41193,Nuit avec éclairage allumé,En agglomération,Intersection en X,Pluie légère,Autre collision,,,,,,,,,,,5,2,2,2,6.0
201600041873,0016-01-25 09:10:00,16,1,25,9,10,940,2,CAMELIAS / ZOLA,48.7998,2.42622,Plein jour,En agglomération,Intersection en X,Normale,Deux véhicules - côté,,,,,,,,,,,1,2,2,1,3.0
201600041874,0016-01-28 09:25:00,16,1,28,9,25,940,2,DOLET / GOUJONS,48.7868,2.42583,Plein jour,En agglomération,Intersection en T,Pluie légère,Autre collision,,,,,,,,,,,1,2,3,2,6.0
201600041875,0016-01-31 18:30:00,16,1,31,18,30,940,2,CARNOT / BEETHOVEN,48.7963,2.42876,Nuit avec éclairage allumé,En agglomération,Intersection en X,Pluie légère,Deux véhicules - côté,,,,,,,,,,,5,2,2,2,3.0
201600041876,0016-02-01 18:30:00,16,2,1,18,30,940,2,"7, QU DE LA REVOLUTION",48.7813,2.41911,Nuit avec éclairage allumé,En agglomération,Hors intersection,Normale,Deux véhicules - côté,,,,,,,,,,,5,2,1,1,3.0
201600041877,0016-02-12 09:30:00,16,2,12,9,30,940,2,GENERAL CHARLES DE GAULL,48.8146,2.41456,Plein jour,En agglomération,Hors intersection,Pluie légère,Deux véhicules - arrière,,,,,,,,,,,1,2,1,2,2.0
201600041878,0016-02-25 10:15:00,16,2,25,10,15,940,2,BLANQUI / L'ANGLAIS,48.8057,2.41083,Plein jour,En agglomération,Intersection en T,Normale,Deux véhicules - frontale,,,,,,,,,,,1,2,3,1,1.0
201600041879,0016-02-26 00:20:00,16,2,26,0,20,940,2,GOEURY / BUGE,48.8086,2.42003,Nuit avec éclairage allumé,En agglomération,Intersection en T,Normale,Autre collision,,,,,,,,,,,5,2,3,1,6.0
201600041880,0016-03-15 08:00:00,16,3,15,8,0,940,2,DOLET / ROSES,48.7931,2.42555,Plein jour,En agglomération,Intersection en T,Normale,Autre collision,,,,,,,,,,,1,2,3,1,6.0
201600041881,0016-03-15 13:00:00,16,3,15,13,0,940,2,"19, REVOLUTION",48.7834,2.42053,Plein jour,En agglomération,Hors intersection,Normale,Trois véhicules et plus - en chaîne,,,,,,,,,,,1,2,1,1,4.0
201600041882,0016-04-01 18:00:00,16,4,1,18,0,940,2,ZOLA / VERDUN,48.7999,2.42725,Plein jour,En agglomération,Intersection en X,Normale,Autre collision,,,,,,,,,,,1,2,2,1,6.0
201600041883,0016-04-05 19:40:00,16,4,5,19,40,940,2,"37, PORT A L ANGLAIS",48.7973,2.41875,Plein jour,En agglomération,Hors intersection,Normale,Autre collision,,,,,,,,,,,1,2,1,1,6.0
201600041884,0016-06-15 09:10:00,16,6,15,9,10,940,2,BLANQUI (QU),,,Plein jour,En agglomération,Intersection en T,Temps couvert,Sans collision,,,,,,,,,,,1,2,3,8,7.0
201600041885,0016-06-24 13:10:00,16,6,24,13,10,940,2,PIERRE LEROUX (R),,,Plein jour,En agglomération,Intersection en T,Normale,Autre collision,,,,,,,,,,,1,2,3,1,6.0
201600041886,0016-07-12 12:20:00,16,7,12,12,20,940,2,EMILE ZOLA (R),,,Plein jour,En agglomération,Intersection en X,Normale,Deux véhicules - côté,,,,,,,,,,,1,2,2,1,3.0
201600041887,0016-07-26 21:50:00,16,7,26,21,50,940,2,ERIVAN (BD D),,,Plein jour,En agglomération,Hors intersection,Normale,Autre collision,,,,,,,,,,,1,2,1,1,6.0
201600041888,0016-08-01 10:10:00,16,8,1,10,10,940,2,GENERAL CHARLES DE GAULL,,,Plein jour,En agglomération,Intersection en X,Normale,Deux véhicules - arrière,,,,,,,,,,,1,2,2,1,2.0
201600041889,0016-08-07 23:45:00,16,8,7,23,45,940,2,LATERAL (CHE),,,Nuit sans éclairage public,En agglomération,Intersection en T,Normale,Deux véhicules - côté,,,,,,,,,,,3,2,3,1,3.0
201600041890,0016-08-31 16:55:00,16,8,31,16,55,940,2,LOUIS BLANC (R),,,Plein jour,En agglomération,Intersection en X,Normale,Autre collision,,,,,,,,,,,1,2,2,1,6.0
201600041891,0016-08-31 17:00:00,16,8,31,17,0,940,2,"2, GENERAL CHARLES DE GA",,,Plein jour,En agglomération,Intersection en X,Normale,Autre collision,,,,,,,,,,,1,2,2,1,6.0
201600041892,0016-09-21 08:20:00,16,9,21,8,20,940,2,"1, VERON (R)",,,Plein jour,En agglomération,Intersection en X,Normale,Autre collision,,,,,,,,,,,1,2,2,1,6.0
201600041893,0016-09-21 10:45:00,16,9,21,10,45,940,2,"2, JULES CUILLERIER (R)",,,Plein jour,En agglomération,Hors intersection,Normale,Autre collision,,,,,,,,,,,1,2,1,1,6.0
201600041894,0016-09-22 10:35:00,16,9,22,10,35,940,2,GENERAL CHARLES DE GAULL,,,Plein jour,En agglomération,Hors intersection,Normale,Sans collision,,,,,,,,,,,1,2,1,1,7.0
201600041895,0016-10-03 15:20:00,16,10,3,15,20,940,2,ROME (R DE),,,Plein jour,En agglomération,Intersection en T,Normale,Autre collision,,,,,,,,,,,1,2,3,1,6.0
201600041896,0016-10-04 16:50:00,16,10,4,16,50,940,2,"28, SEINE (R DE)",,,Plein jour,En agglomération,Hors intersection,Normale,Autre collision,,,,,,,,,,,1,2,1,1,6.0
201600041897,0016-10-06 13:55:00,16,10,6,13,55,940,2,BLANQUI (QU),,,Plein jour,En agglomération,Hors intersection,Normale,Deux véhicules - frontale,,,,,,,,,,,1,2,1,1,1.0
201600041898,0016-10-13 08:00:00,16,10,13,8,0,940,2,"41 Bis, PREDIDENT KENNED",,,Plein jour,En agglomération,Hors intersection,Normale,Autre collision,,,,,,,,,,,1,2,1,1,6.0
201600041899,0016-10-13 18:40:00,16,10,13,18,40,940,2,"37, GENERAL CHARLES DE G",,,Crépuscule ou aube,En agglomération,Intersection en T,Normale,Autre collision,,,,,,,,,,,2,2,3,1,6.0
201600041900,0016-10-18 17:50:00,16,10,18,17,50,940,2,"43, EMILE ZOLA (R)",,,Plein jour,En agglomération,Intersection en T,Pluie légère,Deux véhicules - côté,,,,,,,,,,,1,2,3,2,3.0
201600041901,0016-10-23 15:00:00,16,10,23,15,0,940,2,EMILE ZOLA (R),,,Plein jour,En agglomération,Hors intersection,Normale,Autre collision,,,,,,,,,,,1,2,1,1,6.0
201600041902,0016-10-25 13:55:00,16,10,25,13,55,940,2,VILLENEUVE ST GEORGES (C,,,Plein jour,En agglomération,Intersection en T,Normale,Deux véhicules - frontale,,,,,,,,,,,1,2,3,1,1.0
201600041903,0016-11-04 15:15:00,16,11,4,15,15,940,2,"151, VAILLANT COUTURIER",,,Plein jour,En agglomération,Hors intersection,Pluie forte,Autre collision,,,,,,,,,,,1,2,1,3,6.0
201600041904,0016-11-12 17:10:00,16,11,12,17,10,940,2,"02, LISBONNE (R DE)",,,Nuit avec éclairage allumé,En agglomération,Hors intersection,Temps couvert,Autre collision,,,,,,,,,,,5,2,1,8,6.0
201600041905,0016-11-21 07:50:00,16,11,21,7,50,940,2,"1, PETIT PONT (PL DU)",,,Crépuscule ou aube,En agglomération,Intersection en Y,Pluie légère,Autre collision,,,,,,,,,,,2,2,4,2,6.0
201600041906,0016-12-08 16:10:00,16,12,8,16,10,940,2,CARNOT (PL),,,Plein jour,En agglomération,Autre intersection,Normale,Deux véhicules - frontale,,,,,,,,,,,1,2,9,1,1.0
201600041907,0016-12-09 17:35:00,16,12,9,17,35,940,2,"5, JEAN BAPTISTE CLEMENT",,,Nuit avec éclairage allumé,En agglomération,Hors intersection,Normale,Trois véhicules et plus - collisions multiples,,,,,,,,,,,5,2,1,1,5.0
201600041908,0016-12-09 20:20:00,16,12,9,20,20,940,2,CARNOT (BD),,,Nuit avec éclairage allumé,En agglomération,Intersection en T,Normale,Deux véhicules - côté,,,,,,,,,,,5,2,3,1,3.0
201600041909,0016-12-30 22:05:00,16,12,30,22,5,940,2,BLANQUI (QU),,,Nuit avec éclairage allumé,En agglomération,Autre intersection,Brouillard / fumée,Autre collision,,,,,,,,,,,5,2,9,5,6.0
201600041910,0016-08-30 08:45:00,16,8,30,8,45,940,71,"00, PONT DE CHENNEVIERES",,,Plein jour,En agglomération,Hors intersection,Normale,Sans collision,,,,,,,,,,,1,2,1,1,7.0
201600041911,0016-10-02 19:25:00,16,10,2,19,25,940,47,"01, CROIX ROUGE (R DE LA",,,Plein jour,En agglomération,Intersection en X,Normale,Deux véhicules - côté,,,,,,,,,,,1,2,2,1,3.0
201600041912,0016-10-02 14:50:00,16,10,2,14,50,940,71,PIPLE (AV DU),,,Plein jour,En agglomération,Hors intersection,Normale,Autre collision,,,,,,,,,,,1,2,1,1,6.0
201600041913,0016-10-03 16:40:00,16,10,3,16,40,940,71,"8, VERTE (CITE)",,,Plein jour,En agglomération,Hors intersection,Normale,Autre collision,,,,,,,,,,,1,2,1,1,6.0
201600041914,0016-10-04 08:00:00,16,10,4,8,0,940,71,"32, LOUIS BOON (BD)",,,Plein jour,En agglomération,Intersection en T,Normale,Deux véhicules - côté,,,,,,,,,,,1,2,3,1,3.0
201600041915,0016-10-04 17:07:00,16,10,4,17,7,940,4,GARE (BD DE LA),,,Plein jour,En agglomération,Intersection en T,Normale,Autre collision,,,,,,,,,,,1,2,3,1,6.0
201600041916,0016-10-06 14:20:00,16,10,6,14,20,940,44,"04, VALENTON (AV DE)",,,Plein jour,En agglomération,Giratoire,Normale,Deux véhicules - frontale,,,,,,,,,,,1,2,6,1,1.0
201600041917,0016-10-07 17:30:00,16,10,7,17,30,940,47,"25ter, BRIE (R DE)",,,Plein jour,En agglomération,Hors intersection,Normale,Deux véhicules - côté,,,,,,,,,,,1,2,1,1,3.0
201600041918,0016-10-10 18:10:00,16,10,10,18,10,940,4,VALENTON (R DE),,,Plein jour,En agglomération,Giratoire,Temps couvert,Deux véhicules - côté,,,,,,,,,,,1,2,6,8,3.0
201600041919,0016-10-12 18:10:00,16,10,12,18,10,940,75,"26, YERRES (R D)",,,Plein jour,En agglomération,Hors intersection,Normale,Autre collision,,,,,,,,,,,1,2,1,1,6.0
201600041920,0016-10-14 09:45:00,16,10,14,9,45,940,44,DESCARTES (AV),,,Plein jour,En agglomération,Hors intersection,Normale,Trois véhicules et plus - collisions multiples,,,,,,,,,,,1,2,1,1,5.0
201600041921,0016-10-15 01:00:00,16,10,15,1,0,940,4,AV DU GENERAL LECLERC,48.7563,2.50468,Nuit sans éclairage public,Hors agglomération,Hors intersection,Pluie légère,Autre collision,,,,,,,,,,,3,1,1,2,6.0
201600041922,0016-10-15 20:55:00,16,10,15,20,55,940,47,VERDUN (R DE),,,Nuit avec éclairage allumé,En agglomération,Hors intersection,Normale,Deux véhicules - frontale,,,,,,,,,,,5,2,1,1,1.0
201600041923,0016-10-17 16:00:00,16,10,17,16,0,940,75,DE LATTRE DE TASSIGNY,48.7353,2.51957,Plein jour,Hors agglomération,Hors intersection,Pluie légère,Deux véhicules - arrière,,,,,,,,,,,1,1,1,2,2.0
201600041924,0016-10-21 06:01:00,16,10,21,6,1,940,47,"132, R DE VERDUN/BOULLET",48.7078,2.55591,Nuit avec éclairage allumé,En agglomération,Intersection en T,Pluie légère,Deux véhicules - côté,,,,,,,,,,,5,2,3,2,3.0
201600041925,0016-10-23 20:40:00,16,10,23,20,40,940,4,AV DU GENERAL LECLERC,48.756,2.50475,Nuit sans éclairage public,En agglomération,Hors intersection,Pluie forte,Autre collision,,,,,,,,,,,3,2,1,3,6.0
201600041926,0016-10-24 07:30:00,16,10,24,7,30,940,71,LESIGNY (RTE DE),,,Nuit avec éclairage allumé,En agglomération,Intersection en T,Pluie légère,Autre collision,,,,,,,,,,,5,2,3,2,6.0
201600041927,0016-10-25 17:59:00,16,10,25,17,59,940,71,"32, LOUIS BOON (BD)",,,Plein jour,En agglomération,Intersection en T,Normale,Deux véhicules - côté,,,,,,,,,,,1,2,3,1,3.0
201600041928,0016-10-27 12:20:00,16,10,27,12,20,940,75,TASSIGNY/GRANGE,48.7344,2.52044,Plein jour,En agglomération,Intersection en T,Normale,Deux véhicules - côté,,,,,,,,,,,1,2,3,1,3.0
201600041929,0016-10-28 16:51:00,16,10,28,16,51,940,71,"13, OLIVIER D ORMESSON (",,,Plein jour,En agglomération,Hors intersection,Temps couvert,Deux véhicules - arrière,,,,,,,,,,,1,2,1,8,2.0
201600041930,0016-10-28 17:45:00,16,10,28,17,45,940,47,"12, FRANCOIS COPPEE (R)",,,Plein jour,En agglomération,Hors intersection,Temps couvert,Autre collision,,,,,,,,,,,1,2,1,8,6.0
201600041931,0016-11-01 03:40:00,16,11,1,3,40,940,71,FORT (AV DU),,,Nuit avec éclairage allumé,En agglomération,Hors intersection,Normale,Autre collision,,,,,,,,,,,5,2,1,1,6.0
201600041932,0016-01-02 10:00:00,16,1,2,10,0,940,71,"35, GENERAL LECLERC",48.7752,2.51103,Plein jour,En agglomération,Hors intersection,Normale,Deux véhicules - arrière,,,,,,,,,,,1,2,1,1,2.0
201600041933,0016-01-04 06:00:00,16,1,4,6,0,940,4,AV DU GENERAL LECLERC,48.7601,2.49892,Nuit avec éclairage allumé,En agglomération,Hors intersection,Pluie légère,Deux véhicules - côté,,,,,,,,,,,5,2,1,2,3.0
201600041934,0016-11-04 21:47:00,16,11,4,21,47,940,75,DAGORNO/PRIMEVERES,48.7275,2.53101,Nuit avec éclairage allumé,En agglomération,Intersection en T,Pluie forte,Deux véhicules - côté,,,,,,,,,,,5,2,3,3,3.0
201600041935,0016-11-05 15:45:00,16,11,5,15,45,940,75,"37, GENERAL LECLERC (R D",,,Plein jour,Hors agglomération,Intersection en T,Temps couvert,Trois véhicules et plus - collisions multiples,,,,,,,,,,,1,1,3,8,5.0
201600041936,0016-01-06 13:00:00,16,1,6,13,0,940,71,"09,BERTEAUX/",48.7721,2.51959,Plein jour,En agglomération,Intersection en Y,Normale,Autre collision,,,,,,,,,,,1,2,4,1,6.0
201600041937,0016-11-06 18:28:00,16,11,6,18,28,940,70,"34, GUILLAUME DE GONDY (",,,Crépuscule ou aube,En agglomération,Hors intersection,Pluie légère,Autre collision,,,,,,,,,,,2,2,1,2,6.0
201600041938,0016-01-08 08:46:00,16,1,8,8,46,940,56,CHAMPAGNE / VARENNES,48.6938,2.55715,Crépuscule ou aube,En agglomération,Intersection en T,Normale,Autre collision,,,,,,,,,,,2,2,3,1,6.0
201600041939,0016-01-08 10:00:00,16,1,8,10,0,940,44,SALENGRO / WILSON,48.7514,2.49047,Plein jour,En agglomération,Giratoire,Normale,Autre collision,,,,,,,,,,,1,2,6,1,6.0
201600041940,0016-01-08 20:30:00,16,1,8,20,30,940,75,TASSIGNY/DAGORNO,48.7275,2.53101,Nuit avec éclairage allumé,En agglomération,Intersection en T,Normale,Deux véhicules - côté,,,,,,,,,,,5,2,3,1,3.0
201600041941,0016-09-01 09:15:00,16,9,1,9,15,940,11,AV DU GENERAL LECLERC,48.7625,2.49522,Plein jour,Hors agglomération,Hors intersection,Normale,Trois véhicules et plus - en chaîne,,,,,,,,,,,1,1,1,1,4.0
201600041942,0016-01-09 08:30:00,16,1,9,8,30,940,4,EGLISE / PARIS,48.7511,2.51022,Crépuscule ou aube,En agglomération,Intersection en T,Normale,Autre collision,,,,,,,,,,,2,2,3,1,6.0
201600041943,0016-04-01 21:20:00,16,4,1,21,20,940,4,ALL DES FFI,48.7552,2.50649,Nuit avec éclairage allumé,En agglomération,Hors intersection,Autre,Sans collision,,,,,,,,,,,5,2,1,9,7.0
201600041944,0016-11-10 16:05:00,16,11,10,16,5,940,44,"57, VALENTON (AV DE)",,,Plein jour,En agglomération,Hors intersection,Temps couvert,Autre collision,,,,,,,,,,,1,2,1,8,6.0
201600041945,0016-01-10 18:40:00,16,1,10,18,40,940,4,AV DU GENERAL LECLERC,48.7556,2.50493,Nuit sans éclairage public,En agglomération,Hors intersection,Temps couvert,Autre collision,,,,,,,,,,,3,2,1,8,6.0
201600041946,0016-11-10 18:45:00,16,11,10,18,45,940,75,"2, CERCAY (R DE)",,,Nuit avec éclairage allumé,En agglomération,Hors intersection,Pluie forte,Autre collision,,,,,,,,,,,5,2,1,3,6.0
201600041947,0016-11-11 13:30:00,16,11,11,13,30,940,75,"15 B, MANDRES (R DE)",,,Plein jour,En agglomération,Intersection en T,Normale,Deux véhicules - arrière,,,,,,,,,,,1,2,3,1,2.0
201600041948,0016-11-12 16:50:00,16,11,12,16,50,940,4,AV DU GENERAL LECLERC,48.756,2.50475,Crépuscule ou aube,En agglomération,Hors intersection,Pluie légère,Deux véhicules - côté,,,,,,,,,,,2,2,1,2,3.0
201600041949,0016-01-13 16:00:00,16,1,13,16,0,940,48,PARIS/VALLON,48.7275,2.53934,Plein jour,En agglomération,Intersection en X,Normale,Deux véhicules - arrière,,,,,,,,,,,1,2,2,1,2.0
201600041950,0016-01-14 11:05:00,16,1,14,11,5,940,4,"5, AV DU GENERAL LECLERC",48.753,2.50657,Plein jour,En agglomération,Hors intersection,Pluie légère,Deux véhicules - arrière,,,,,,,,,,,1,2,1,2,2.0
201600041951,0016-01-15 06:58:00,16,1,15,6,58,940,47,"115, PAUL DOUMER",48.7057,2.53155,Nuit avec éclairage allumé,En agglomération,Hors intersection,Normale,Autre collision,,,,,,,,,,,5,2,1,1,6.0
201600041952,0016-11-15 18:39:00,16,11,15,18,39,940,71,", PARIS (R DE)",,,Nuit avec éclairage allumé,En agglomération,Hors intersection,Pluie légère,Autre collision,,,,,,,,,,,5,2,1,2,6.0