accident_id,datetime,annee,mois,jour,heure,minute,departement,commune_insee,adresse,latitude,longitude,luminosite,agglomeration,intersection,meteo,collision,nb_vehicules,nb_usagers,nb_indemnes,nb_tues,nb_blesses_hosp,nb_blesses_legers,age_cond_1,age_cond_2,veh_type_cond_1,veh_type_cond_2,lum_code,agg_code,int_code,atm_code,col_code
201600042459,0016-04-09 13:55:00,16,4,9,13,55,940,22,"1, ALLIES",48.7647,2.40542,Plein jour,En agglomération,Hors intersection,Normale,Autre collision,,,,,,,,,,,1,2,1,1,6.0
201600042460,0016-12-18 16:00:00,16,12,18,16,0,940,22,"104, VILLENEUVE ST GEORG",,,Plein jour,En agglomération,Hors intersection,Normale,Trois véhicules et plus - en chaîne,,,,,,,,,,,1,2,1,1,4.0
201600042461,0016-12-28 23:10:00,16,12,28,23,10,940,22,JEAN JAURES (R),,,Nuit avec éclairage allumé,En agglomération,Hors intersection,Normale,Deux véhicules - arrière,,,,,,,,,,,5,2,1,1,2.0
201600042462,0016-08-08 18:35:00,16,8,8,18,35,940,22,"48, STALINGRAD (BD DE)",,,Plein jour,En agglomération,Hors intersection,Normale,Autre collision,,,,,,,,,,,1,2,1,1,6.0
201600042463,0016-08-09 00:40:00,16,8,9,0,40,940,22,"86, STALINGRAD (BD DE)",,,Nuit avec éclairage allumé,En agglomération,Intersection en T,Normale,Deux véhicules - côté,,,,,,,,,,,5,2,3,1,3.0
201600042464,0016-08-10 22:25:00,16,8,10,22,25,940,22,"48, STALINGRAD (BD DE)",,,Nuit avec éclairage allumé,En agglomération,Intersection en T,Normale,Deux véhicules - côté,,,,,,,,,,,5,2,3,1,3.0
201600042465,0016-12-21 23:45:00,16,12,21,23,45,940,54,VICTOIRE (AV DE LA),,,Nuit avec éclairage allumé,En agglomération,Intersection à plus de 4 branches,Pluie légère,Deux véhicules - côté,,,,,,,,,,,5,2,5,2,3.0
201600042466,0016-12-22 12:30:00,16,12,22,12,30,940,22,", HUIT MAI 1945 (AV DU)",,,Plein jour,En agglomération,Intersection en T,Pluie légère,Deux véhicules - côté,,,,,,,,,,,1,2,3,2,3.0
201600042467,0016-12-22 18:10:00,16,12,22,18,10,940,22,"22, VICTOR HUGO (AV)",,,Nuit avec éclairage allumé,En agglomération,Hors intersection,Pluie légère,Autre collision,,,,,,,,,,,5,2,1,2,6.0
201600042468,0016-08-14 04:00:00,16,8,14,4,0,940,54,CHARLES TILLON (route),,,Nuit avec éclairage allumé,En agglomération,Intersection en T,Normale,Deux véhicules - côté,,,,,,,,,,,5,2,3,1,3.0
201600042469,0016-08-14 06:45:00,16,8,14,6,45,940,54,CHARLES TILLON (route),,,Plein jour,En agglomération,Hors intersection,Normale,Deux véhicules - frontale,,,,,,,,,,,1,2,1,1,1.0
201600042470,0016-12-26 15:30:00,16,12,26,15,30,940,22,AV VICTOR HUGO,,,Plein jour,En agglomération,Hors intersection,Normale,Autre collision,,,,,,,,,,,1,2,1,1,6.0
201600042471,0016-12-29 12:50:00,16,12,29,12,50,940,22,ALFORTVILLE (AV D),,,Plein jour,En agglomération,Hors intersection,Normale,Deux véhicules - arrière,,,,,,,,,,,1,2,1,1,2.0
201600042472,0016-12-29 21:00:00,16,12,29,21,0,940,22,"03, PABLO PICASSO (AV)",,,Nuit avec éclairage allumé,En agglomération,Hors intersection,Brouillard / fumée,Autre collision,,,,,,,,,,,5,2,1,5,6.0
201600042473,0016-08-20 19:00:00,16,8,20,19,0,940,54,VICTOIRE/VIGNES,48.7448,2.39451,Plein jour,En agglomération,Intersection en X,Normale,Trois véhicules et plus - collisions multiples,,,,,,,,,,,1,2,2,1,5.0
201600042474,0016-08-21 21:30:00,16,8,21,21,30,940,22,LEON GOURDAULT (AV),,,Nuit avec éclairage allumé,En agglomération,Hors intersection,Normale,Deux véhicules - côté,,,,,,,,,,,5,2,1,1,3.0
201600042475,0016-04-22 17:15:00,16,4,22,17,15,940,54,CHRISTOPHE COLOMB,48.7508,2.41862,Plein jour,En agglomération,Hors intersection,Pluie légère,Autre collision,,,,,,,,,,,1,2,1,2,6.0
201600042476,0016-08-23 17:00:00,16,8,23,17,0,940,22,"02, LEON GOURDAULT (AV)",,,Plein jour,En agglomération,Intersection en T,Normale,Deux véhicules - côté,,,,,,,,,,,1,2,3,1,3.0
201600042477,0016-04-24 13:55:00,16,4,24,13,55,940,54,COLOMB / GAMA,48.7525,2.41661,Plein jour,En agglomération,Intersection en T,Normale,Deux véhicules - frontale,,,,,,,,,,,1,2,3,1,1.0
201600042478,0016-08-25 06:05:00,16,8,25,6,5,940,22,PAUL VAILLANT COUTURIER,,,Crépuscule ou aube,En agglomération,Giratoire,Normale,Deux véhicules - côté,,,,,,,,,,,2,2,6,1,3.0
201600042479,0016-04-26 15:20:00,16,4,26,15,20,940,22,HUGO / PAIX,48.7684,2.41956,Plein jour,En agglomération,Intersection en T,Temps couvert,Autre collision,,,,,,,,,,,1,2,3,8,6.0
201600042480,0016-09-21 12:15:00,16,9,21,12,15,940,22,"46, REPUBLIQUE/CARLE",,,Plein jour,En agglomération,Intersection en T,Normale,Autre collision,,,,,,,,,,,1,2,3,1,6.0
201600042481,0016-01-03 16:30:00,16,1,3,16,30,940,28,RTE DE CHOISY,48.7774,2.44172,Plein jour,En agglomération,Hors intersection,Pluie légère,Autre collision,,,,,,,,,,,1,2,1,2,6.0
201600042482,0016-01-03 19:15:00,16,1,3,19,15,940,28,FOCH/CHOISY,48.7746,2.43934,Nuit avec éclairage allumé,En agglomération,Giratoire,Pluie légère,Deux véhicules - côté,,,,,,,,,,,5,2,6,2,3.0
201600042483,0016-01-04 07:00:00,16,1,4,7,0,940,28,POMPADOUR / MARAIS,48.7732,2.43494,Crépuscule ou aube,En agglomération,Intersection en X,Normale,Deux véhicules - arrière,,,,,,,,,,,2,2,2,1,2.0
201600042484,0016-01-07 09:00:00,16,1,7,9,0,940,28,MITTERRAND / COTEAUX,48.7699,2.46307,Plein jour,En agglomération,Intersection en T,Pluie légère,Autre collision,,,,,,,,,,,1,2,3,2,6.0
201600042485,0016-01-14 16:25:00,16,1,14,16,25,940,11,R PIERRE SEMARD,48.7584,2.48156,Plein jour,En agglomération,Hors intersection,Normale,Trois véhicules et plus - collisions multiples,,,,,,,,,,,1,2,1,1,5.0
201600042486,0016-01-14 18:45:00,16,1,14,18,45,940,28,POMPADOUR / SULLY,48.7669,2.47224,Nuit avec éclairage allumé,En agglomération,Giratoire,Normale,Deux véhicules - côté,,,,,,,,,,,5,2,6,1,3.0
201600042487,0016-01-14 01:35:00,16,1,14,1,35,940,28,MAGELLAN  / D'ARTIMON,48.7687,2.454,Nuit avec éclairage allumé,En agglomération,Intersection en T,Normale,Autre collision,,,,,,,,,,,5,2,3,1,6.0
201600042488,0016-01-24 00:20:00,16,1,24,0,20,940,28,JAURES / HAIES,48.7939,2.45618,Nuit avec éclairage allumé,En agglomération,Intersection en T,Normale,Deux véhicules - arrière,,,,,,,,,,,5,2,3,1,2.0
201600042489,0016-01-25 08:15:00,16,1,25,8,15,940,28,DE GAULLE / MONTAIGUT,48.7907,2.44563,Plein jour,En agglomération,Intersection en T,Normale,Autre collision,,,,,,,,,,,1,2,3,1,6.0
201600042490,0016-01-25 12:35:00,16,1,25,12,35,940,11,DE GAULLE / BOISSY,48.7689,2.48721,Plein jour,En agglomération,Giratoire,Normale,Trois véhicules et plus - collisions multiples,,,,,,,,,,,1,2,6,1,5.0
201600042491,0016-01-27 07:50:00,16,1,27,7,50,940,28,DE LATTRE DE TASSIGNY,48.7969,2.457,Crépuscule ou aube,En agglomération,Intersection en T,Normale,Autre collision,,,,,,,,,,,2,2,3,1,6.0
201600042492,0016-01-31 15:30:00,16,1,31,15,30,940,28,TASSIGNY / VERDUN,48.7974,2.46428,Plein jour,En agglomération,Intersection en X,Pluie légère,Deux véhicules - côté,,,,,,,,,,,1,2,2,2,3.0
201600042493,0016-01-31 01:15:00,16,1,31,1,15,940,28,BROSSOLETTE / D'ORVES,48.7916,2.46199,Nuit avec éclairage allumé,En agglomération,Intersection en X,Pluie légère,Deux véhicules - côté,,,,,,,,,,,5,2,2,2,3.0
201600042494,0016-02-03 08:00:00,16,2,3,8,0,940,11,PARIS / HUGO,48.7758,2.48012,Plein jour,En agglomération,Intersection en T,Pluie légère,Deux véhicules - côté,,,,,,,,,,,1,2,3,2,3.0
201600042495,0016-02-03 16:25:00,16,2,3,16,25,940,28,"70, AV LAFERRIERE",48.8034,2.46172,Plein jour,En agglomération,Hors intersection,Pluie légère,Deux véhicules - côté,,,,,,,,,,,1,2,1,2,3.0
201600042496,0016-02-05 14:20:00,16,2,5,14,20,940,28,PLUMERETTE / CAILLOTINS,48.7751,2.47186,Plein jour,Hors agglomération,Intersection en T,Normale,Deux véhicules - côté,,,,,,,,,,,1,1,3,1,3.0
201600042497,0016-02-06 17:40:00,16,2,6,17,40,940,28,DE GAULLE,48.7805,2.4565,Crépuscule ou aube,Hors agglomération,Hors intersection,Normale,Autre collision,,,,,,,,,,,2,1,1,1,6.0
201600042498,0016-02-09 16:55:00,16,2,9,16,55,940,28,CHOISY/MECHES,48.7904,2.453,Plein jour,En agglomération,Intersection en X,Normale,Autre collision,,,,,,,,,,,1,2,2,1,6.0
201600042499,0016-02-09 15:30:00,16,2,9,15,30,940,28,RTE DE CHOISY,48.7795,2.44347,Plein jour,Hors agglomération,Hors intersection,Pluie légère,Autre collision,,,,,,,,,,,1,1,1,2,6.0
201600042500,0016-02-10 21:05:00,16,2,10,21,5,940,28,DE GAULLE/MAURIAC,48.7849,2.45142,Nuit avec éclairage allumé,En agglomération,Giratoire,Normale,Autre collision,,,,,,,,,,,5,2,6,1,6.0
201600042501,0016-02-12 15:20:00,16,2,12,15,20,940,28,RTE DE CHOISY,48.7808,2.44475,Plein jour,En agglomération,Hors intersection,Pluie légère,Trois véhicules et plus - en chaîne,,,,,,,,,,,1,2,1,2,4.0
201600042502,0016-02-12 23:50:00,16,2,12,23,50,940,28,MATISSE / UTRILLO,48.7826,2.46076,Nuit sans éclairage public,En agglomération,Intersection en X,Normale,Deux véhicules - côté,,,,,,,,,,,3,2,2,1,3.0
201600042503,0016-02-15 19:00:00,16,2,15,19,0,940,28,AV BERNARD HALPERN,48.7896,2.45116,Nuit avec éclairage allumé,Hors agglomération,Hors intersection,Normale,Trois véhicules et plus - collisions multiples,,,,,,,,,,,5,1,1,1,5.0
201600042504,0016-02-16 10:00:00,16,2,16,10,0,940,28,SAVAR / CASALIS,48.7801,2.46553,Plein jour,En agglomération,Intersection en T,Normale,Deux véhicules - côté,,,,,,,,,,,1,2,3,1,3.0
201600042505,0016-02-18 17:50:00,16,2,18,17,50,940,11,RN 406,48.7604,2.48845,Crépuscule ou aube,En agglomération,Hors intersection,Pluie légère,Deux véhicules - côté,,,,,,,,,,,2,2,1,2,3.0
201600042506,0016-02-19 12:05:00,16,2,19,12,5,940,28,R DE L'ECHAT,48.7998,2.44744,Plein jour,En agglomération,Hors intersection,Normale,Autre collision,,,,,,,,,,,1,2,1,1,6.0
201600042507,0016-02-20 14:30:00,16,2,20,14,30,940,74,RN 406,48.7662,2.45603,Plein jour,En agglomération,Hors intersection,Normale,Autre collision,,,,,,,,,,,1,2,1,1,6.0
201600042508,0016-02-23 08:05:00,16,2,23,8,5,940,28,TASSIGNY / BUTTES,48.7953,2.45905,Plein jour,En agglomération,Intersection en X,Normale,Deux véhicules - côté,,,,,,,,,,,1,2,2,1,3.0
201600042509,0016-02-24 17:10:00,16,2,24,17,10,940,28,AV BERNARD HALPERN,48.7861,2.45614,Plein jour,En agglomération,Hors intersection,Normale,Deux véhicules - arrière,,,,,,,,,,,1,2,1,1,2.0
201600042510,0016-02-28 16:30:00,16,2,28,16,30,940,28,"8, R CHARLES PEGUY",48.7824,2.44507,Plein jour,En agglomération,Hors intersection,Normale,Autre collision,,,,,,,,,,,1,2,1,1,6.0
201600042511,0016-03-01 18:55:00,16,3,1,18,55,940,28,TASSIGNY / THOMEREAU,48.7964,2.45763,Plein jour,En agglomération,Intersection en X,Pluie légère,Deux véhicules - côté,,,,,,,,,,,1,2,2,2,3.0
201600042512,0016-03-02 12:30:00,16,3,2,12,30,940,28,R SAINT-SIMON,48.7938,2.44784,Plein jour,En agglomération,Hors intersection,Normale,Deux véhicules - arrière,,,,,,,,,,,1,2,1,1,2.0
201600042513,0016-03-11 05:55:00,16,3,11,5,55,940,11,AV DE BOISSY,48.7633,2.49398,Nuit avec éclairage allumé,En agglomération,Hors intersection,Normale,Sans collision,,,,,,,,,,,5,2,1,1,7.0
201600042514,0016-03-11 15:30:00,16,3,11,15,30,940,28,RTE DE CHOISY,48.7811,2.44495,Plein jour,En agglomération,Hors intersection,Normale,Deux véhicules - arrière,,,,,,,,,,,1,2,1,1,2.0
201600042515,0016-03-22 08:20:00,16,3,22,8,20,940,28,"15-33, R LE CORBUSIER",48.7647,2.46968,Plein jour,En agglomération,Hors intersection,Normale,Deux véhicules - côté,,,,,,,,,,,1,2,1,1,3.0
201600042516,0016-03-26 12:55:00,16,3,26,12,55,940,28,FOCH/,48.7802,2.43777,Plein jour,En agglomération,Intersection en X,Normale,Deux véhicules - arrière,,,,,,,,,,,1,2,2,1,2.0
201600042517,0016-03-24 18:20:00,16,3,24,18,20,940,28,MATISSE / UTRILLO,48.7826,2.46076,Plein jour,En agglomération,Intersection en T,Normale,Deux véhicules - côté,,,,,,,,,,,1,2,3,1,3.0
201600042518,0016-03-29 18:20:00,16,3,29,18,20,940,28,R PIERRE SEMARD,48.762,2.47353,Plein jour,Hors agglomération,Hors intersection,Pluie légère,Deux véhicules - arrière,,,,,,,,,,,1,1,1,2,2.0
201600042519,0016-04-01 10:00:00,16,4,1,10,0,940,28,FOCH/POMPADOUR,48.7741,2.43957,Plein jour,En agglomération,Giratoire,Normale,Deux véhicules - côté,,,,,,,,,,,1,2,6,1,3.0
201600042520,0016-04-01 17:30:00,16,4,1,17,30,940,11,AV DE BOISSY,48.767,2.48923,Plein jour,En agglomération,Hors intersection,Normale,Deux véhicules - côté,,,,,,,,,,,1,2,1,1,3.0
201600042521,0016-04-01 07:10:00,16,4,1,7,10,940,28,CHOISY / HALPERN,48.7887,2.45158,Plein jour,En agglomération,Intersection en T,Normale,Deux véhicules - côté,,,,,,,,,,,1,2,3,1,3.0
201600042522,0016-04-05 11:35:00,16,4,5,11,35,940,28,AV DU MARECHAL FOCH,48.7813,2.43749,Plein jour,En agglomération,Hors intersection,Normale,Deux véhicules - arrière,,,,,,,,,,,1,2,1,1,2.0
201600042523,0016-04-06 14:20:00,16,4,6,14,20,940,28,R DU GENERAL LECLERC,48.7893,2.46624,Plein jour,En agglomération,Hors intersection,Normale,Deux véhicules - arrière,,,,,,,,,,,1,2,1,1,2.0
201600042524,0016-04-07 06:15:00,16,4,7,6,15,940,28,MESLY/HALPERN,48.7834,2.45963,Nuit avec éclairage allumé,En agglomération,Intersection en Y,Normale,Autre collision,,,,,,,,,,,5,2,4,1,6.0
201600042525,0016-04-10 11:39:00,16,4,10,11,39,940,28,FOCH/CAR POMPADOUR,48.7741,2.43957,Plein jour,En agglomération,Giratoire,Normale,Deux véhicules - arrière,,,,,,,,,,,1,2,6,1,2.0
201600042526,0016-04-10 07:05:00,16,4,10,7,5,940,11,AV JEAN MONNET,48.7627,2.47965,Plein jour,En agglomération,Intersection en X,Normale,Deux véhicules - arrière,,,,,,,,,,,1,2,2,1,2.0
201600042527,0016-04-13 15:54:00,16,4,13,15,54,940,28,SAVAR / ARCOS,48.7779,2.46676,Plein jour,En agglomération,Intersection en X,Normale,Autre collision,,,,,,,,,,,1,2,2,1,6.0
201600042528,0016-04-12 15:54:00,16,4,12,15,54,940,28,"NC, FRANCE LIBRE(AVENUE",48.7801,2.45507,Plein jour,En agglomération,Hors intersection,Normale,Autre collision,,,,,,,,,,,1,2,1,1,6.0
201600042529,0016-04-14 07:40:00,16,4,14,7,40,940,28,AV DE VERDUN,48.7978,2.46461,Plein jour,En agglomération,Hors intersection,Normale,Autre collision,,,,,,,,,,,1,2,1,1,6.0
201600042530,0016-04-16 12:40:00,16,4,16,12,40,940,28,R RENE ARCOS,48.7779,2.46638,Plein jour,En agglomération,Hors intersection,Normale,Deux véhicules - arrière,,,,,,,,,,,1,2,1,1,2.0
201600042531,0016-04-17 16:15:00,16,4,17,16,15,940,28,AV DE LA POMPADOUR,48.773,2.43439,Plein jour,En agglomération,Hors intersection,Normale,Autre collision,,,,,,,,,,,1,2,1,1,6.0
201600042532,0016-04-27 14:30:00,16,4,27,14,30,940,28,PERI/,48.7888,2.46615,Plein jour,En agglomération,Intersection en T,Pluie légère,Trois véhicules et plus - en chaîne,,,,,,,,,,,1,2,3,2,4.0
201600042533,0016-04-29 18:11:00,16,4,29,18,11,940,11,AV DU MARECHAL LECLERC,48.7734,2.49401,Plein jour,En agglomération,Hors intersection,Normale,Deux véhicules - côté,,,,,,,,,,,1,2,1,1,3.0
201600042534,0016-04-29 20:15:00,16,4,29,20,15,940,28,"19, PARIS",48.7944,2.46018,Plein jour,En agglomération,Hors intersection,Normale,Deux véhicules - côté,,,,,,,,,,,1,2,1,1,3.0
201600042535,0016-04-30 22:45:00,16,4,30,22,45,940,28,BERNARD HALPERN,48.7861,2.45589,Nuit sans éclairage public,En agglomération,Hors intersection,Normale,Sans collision,,,,,,,,,,,3,2,1,1,7.0
201600042536,0016-04-30 09:15:00,16,4,30,9,15,940,28,RTE DE CHOISY,48.7818,2.4454,Plein jour,En agglomération,Hors intersection,Normale,Trois véhicules et plus - en chaîne,,,,,,,,,,,1,2,1,1,4.0
201600042537,0016-05-02 12:45:00,16,5,2,12,45,940,28,POMPADOUR,48.7663,2.47405,Plein jour,En agglomération,Hors intersection,Normale,Autre collision,,,,,,,,,,,1,2,1,1,6.0
201600042538,0016-05-04 18:00:00,16,5,4,18,0,940,28,AV DU MARECHAL FOCH,48.7725,2.43922,Plein jour,En agglomération,Hors intersection,Normale,Autre collision,,,,,,,,,,,1,2,1,1,6.0
201600042539,0016-05-04 09:05:00,16,5,4,9,5,940,28,"80, GAULLE",48.7843,2.45205,Plein jour,En agglomération,Hors intersection,Normale,Autre collision,,,,,,,,,,,1,2,1,1,6.0
201600042540,0016-05-06 16:40:00,16,5,6,16,40,940,28,AV DE VERDUN,48.7969,2.46392,Plein jour,En agglomération,Hors intersection,Normale,Deux véhicules - arrière,,,,,,,,,,,1,2,1,1,2.0
201600042541,0016-05-10 21:00:00,16,5,10,21,0,940,28,PLATRIERES / SAVAR,48.7729,2.46956,Crépuscule ou aube,En agglomération,Intersection en T,Normale,Autre collision,,,,,,,,,,,2,2,3,1,6.0
201600042542,0016-05-13 09:00:00,16,5,13,9,0,940,28,RTE DE CHOISY,48.7833,2.44664,Plein jour,En agglomération,Hors intersection,Normale,Autre collision,,,,,,,,,,,1,2,1,1,6.0
201600042543,0016-05-19 15:00:00,16,5,19,15,0,940,28,"138, LECLERC.",48.7858,2.46992,Plein jour,En agglomération,Hors intersection,Normale,Trois véhicules et plus - en chaîne,,,,,,,,,,,1,2,1,1,4.0
201600042544,0016-05-24 13:45:00,16,5,24,13,45,940,28,DE GAULLE / EULER,48.7958,2.44773,Plein jour,En agglomération,Intersection en X,Normale,Autre collision,,,,,,,,,,,1,2,2,1,6.0
201600042545,0016-05-03 14:25:00,16,5,3,14,25,940,28,1 R PAUL DANDOIS,48.7815,2.46623,Plein jour,En agglomération,Hors intersection,Normale,Autre collision,,,,,,,,,,,1,2,1,1,6.0
201600042546,0016-05-26 08:40:00,16,5,26,8,40,940,28,R HENRI CARDINAUD,48.7819,2.46848,Plein jour,En agglomération,Hors intersection,Normale,Autre collision,,,,,,,,,,,1,2,1,1,6.0
201600042547,0016-05-26 10:00:00,16,5,26,10,0,940,28,LYAUTEY / DE GAULLE,48.7907,2.44579,Plein jour,En agglomération,Intersection en T,Normale,Deux véhicules - côté,,,,,,,,,,,1,2,3,1,3.0
201600042548,0016-05-25 17:25:00,16,5,25,17,25,940,28,R PIERRE SEMARD,48.7622,2.47476,Plein jour,En agglomération,Hors intersection,Normale,Deux véhicules - arrière,,,,,,,,,,,1,2,1,1,2.0
201600042549,0016-06-02 11:00:00,16,6,2,11,0,940,11,"02, STAINS(ROUTE DE)",,,Plein jour,En agglomération,Intersection en T,Pluie légère,Autre collision,,,,,,,,,,,1,2,3,2,6.0
201600042550,0016-06-03 06:55:00,16,6,3,6,55,940,11,"nc, BOISSY.(AVENUE DE)",,,Plein jour,En agglomération,Hors intersection,Normale,Deux véhicules - côté,,,,,,,,,,,1,2,1,1,3.0
201600042551,0016-06-04 16:44:00,16,6,4,16,44,940,28,"2, TIRARD.(RUE)",,,Plein jour,En agglomération,Hors intersection,Normale,Sans collision,,,,,,,,,,,1,2,1,1,7.0
201600042552,0016-06-07 17:00:00,16,6,7,17,0,940,28,"01, GAULLE(AVENUE DU GEN",,,Plein jour,En agglomération,Hors intersection,Normale,Autre collision,,,,,,,,,,,1,2,1,1,6.0
201600042553,0016-06-08 08:05:00,16,6,8,8,5,940,28,"45, MAGELLAN  (Av.)",,,Plein jour,En agglomération,Hors intersection,Normale,Autre collision,,,,,,,,,,,1,2,1,1,6.0
201600042554,0016-06-09 14:25:00,16,6,9,14,25,940,28,"151, LECLERC.(RUE DU GEN",,,Plein jour,En agglomération,Hors intersection,Normale,Deux véhicules - côté,,,,,,,,,,,1,2,1,1,3.0
201600042555,0016-06-10 18:10:00,16,6,10,18,10,940,28,"00, ARCOS.(RUE RENE)",,,Plein jour,En agglomération,Intersection en T,Normale,Deux véhicules - côté,,,,,,,,,,,1,2,3,1,3.0
201600042556,0016-06-11 16:55:00,16,6,11,16,55,940,28,"nc, TASSIGNY(AVE DU MARE",,,Plein jour,En agglomération,Hors intersection,Normale,Deux véhicules - côté,,,,,,,,,,,1,2,1,1,3.0
201600042557,0016-06-13 10:55:00,16,6,13,10,55,940,28,"0, MITTERAND (Rue Franço",,,Plein jour,En agglomération,Intersection en T,Normale,Deux véhicules - côté,,,,,,,,,,,1,2,3,1,3.0
201600042558,0016-06-13 04:50:00,16,6,13,4,50,940,11,"0, SEMARD(RUE PIERRE)",,,Nuit avec éclairage allumé,En agglomération,Hors intersection,Normale,Sans collision,,,,,,,,,,,5,2,1,1,7.0
201600042559,0016-06-14 17:00:00,16,6,14,17,0,940,28,"58, MITTERAND (Rue Franç",,,Plein jour,Hors agglomération,Hors intersection,Normale,Autre collision,,,,,,,,,,,1,1,1,1,6.0
201600042560,0016-06-14 16:00:00,16,6,14,16,0,940,28,"00, POMPADOUR(ROUTE DE L",,,Plein jour,En agglomération,Hors intersection,Normale,Deux véhicules - arrière,,,,,,,,,,,1,2,1,1,2.0
201600042561,0016-06-15 01:15:00,16,6,15,1,15,940,11,"00, BOISSY.(AVENUE DE)",,,Nuit avec éclairage allumé,En agglomération,Hors intersection,Normale,Sans collision,,,,,,,,,,,5,2,1,1,7.0
201600042562,0016-06-16 19:30:00,16,6,16,19,30,940,28,"nc, CHOISY(ROUTE DE)",,,Plein jour,En agglomération,Hors intersection,Normale,Autre collision,,,,,,,,,,,1,2,1,1,6.0
201600042563,0016-06-17 15:45:00,16,6,17,15,45,940,28,"0, MATISSE(RUE HENRI)",,,Plein jour,En agglomération,Hors intersection,Pluie légère,Autre collision,,,,,,,,,,,1,2,1,2,6.0
201600042564,0016-06-17 18:45:00,16,6,17,18,45,940,11,"0, COLONEL FABIEN(RUE DU",,,Plein jour,En agglomération,Hors intersection,Pluie forte,Autre collision,,,,,,,,,,,1,2,1,3,6.0
201600042565,0016-06-19 01:35:00,16,6,19,1,35,940,28,"0, ECHAT(RUE DE L')",,,Nuit avec éclairage allumé,En agglomération,Hors intersection,Normale,Autre collision,,,,,,,,,,,5,2,1,1,6.0
201600042566,0016-06-23 21:15:00,16,6,23,21,15,940,28,"0, SAVAR.(RUE JULIETTE)",,,Plein jour,Hors agglomération,Hors intersection,Normale,Deux véhicules - côté,,,,,,,,,,,1,1,1,1,3.0
201600042567,0016-06-16 13:45:00,16,6,16,13,45,940,11,"73, PARIS(AVENUE DE)",,,Plein jour,En agglomération,Hors intersection,Normale,Deux véhicules - côté,,,,,,,,,,,1,2,1,1,3.0
201600042568,0016-06-24 14:30:00,16,6,24,14,30,940,28,"00, BROSSOLETTE(AVENUE P",,,Plein jour,En agglomération,Hors intersection,Normale,Deux véhicules - côté,,,,,,,,,,,1,2,1,1,3.0
201600042569,0016-06-24 19:00:00,16,6,24,19,0,940,28,"00, MITTERAND (Rue Franç",,,Plein jour,En agglomération,Hors intersection,Normale,Autre collision,,,,,,,,,,,1,2,1,1,6.0
201600042570,0016-06-25 16:30:00,16,6,25,16,30,940,28,"00, GAULLE(AVENUE DU GEN",,,Plein jour,En agglomération,Hors intersection,Normale,Autre collision,,,,,,,,,,,1,2,1,1,6.0
201600042571,0016-07-01 22:05:00,16,7,1,22,5,940,44,RN 406,48.7576,2.47234,Nuit avec éclairage allumé,Hors agglomération,Hors intersection,Normale,Autre collision,,,,,,,,,,,5,1,1,1,6.0
201600042572,0016-07-02 11:35:00,16,7,2,11,35,940,28,"6, PEGUY(RUE CHARLES)",,,Plein jour,En agglomération,Hors intersection,Normale,Autre collision,,,,,,,,,,,1,2,1,1,6.0
201600042573,0016-07-01 14:10:00,16,7,1,14,10,940,28,"17, PARIS.(RUE DE)",,,Plein jour,En agglomération,Hors intersection,Normale,Deux véhicules - côté,,,,,,,,,,,1,2,1,1,3.0
201600042574,0016-07-07 10:00:00,16,7,7,10,0,940,11,"0, RHIN ET DANUBE(RUE DU",,,Plein jour,En agglomération,Intersection en T,Normale,Deux véhicules - côté,,,,,,,,,,,1,2,3,1,3.0
201600042575,0016-07-08 10:10:00,16,7,8,10,10,940,28,AV DU MARECHAL FOCH,48.7795,2.43793,Plein jour,En agglomération,Hors intersection,Normale,Autre collision,,,,,,,,,,,1,2,1,1,6.0
201600042576,0016-07-14 10:10:00,16,7,14,10,10,940,11,"00, GAULLE(CARREFOUR CHA",,,Plein jour,En agglomération,Giratoire,Normale,Deux véhicules - côté,,,,,,,,,,,1,2,6,1,3.0
201600042577,0016-07-13 16:55:00,16,7,13,16,55,940,28,"00, MESLY.(RUE DE)",,,Plein jour,En agglomération,Hors intersection,Normale,Deux véhicules - arrière,,,,,,,,,,,1,2,1,1,2.0
201600042578,0016-07-10 00:01:00,16,7,10,0,1,940,28,FOCH/MALFOURCHES,48.7802,2.4377,Nuit avec éclairage allumé,En agglomération,Intersection en X,Normale,Deux véhicules - arrière,,,,,,,,,,,5,2,2,1,2.0
201600042579,0016-07-09 18:30:00,16,7,9,18,30,940,11,ELUARD(RUE PAUL),,,Plein jour,En agglomération,Hors intersection,Normale,Sans collision,,,,,,,,,,,1,2,1,1,7.0
201600042580,0016-07-16 17:00:00,16,7,16,17,0,940,28,"0, PORT(RUE DU)",,,Plein jour,En agglomération,Intersection en T,Normale,Deux véhicules - côté,,,,,,,,,,,1,2,3,1,3.0
201600042581,0016-07-18 20:15:00,16,7,18,20,15,940,28,"0, CASALIS.(AVE DU DR PA",,,Plein jour,En agglomération,Hors intersection,Normale,Autre collision,,,,,,,,,,,1,2,1,1,6.0
201600042582,0016-07-18 20:40:00,16,7,18,20,40,940,28,"63, GAULLE(AVENUE DU GEN",,,Plein jour,En agglomération,Hors intersection,Normale,Autre collision,,,,,,,,,,,1,2,1,1,6.0
201600042583,0016-07-18 19:45:00,16,7,18,19,45,940,28,"00, MITTERAND (Rue Franç",,,Plein jour,En agglomération,Hors intersection,Normale,Autre collision,,,,,,,,,,,1,2,1,1,6.0
201600042584,0016-07-19 19:00:00,16,7,19,19,0,940,28,"00, FRANCE LIBRE(AVENUE",,,Crépuscule ou aube,En agglomération,Hors intersection,Normale,Autre collision,,,,,,,,,,,2,2,1,1,6.0
201600042585,0016-07-19 22:00:00,16,7,19,22,0,940,28,"00, CHOISY(ROUTE DE)",,,Crépuscule ou aube,En agglomération,Intersection en T,Normale,Deux véhicules - côté,,,,,,,,,,,2,2,3,1,3.0
201600042586,0016-07-22 19:30:00,16,7,22,19,30,940,28,"31, KENNEDY.(BOULEVARD J",,,Plein jour,En agglomération,Hors intersection,Normale,Autre collision,,,,,,,,,,,1,2,1,1,6.0