accident_id,datetime,annee,mois,jour,heure,minute,departement,commune_insee,adresse,latitude,longitude,luminosite,agglomeration,intersection,meteo,collision,nb_vehicules,nb_usagers,nb_indemnes,nb_tues,nb_blesses_hosp,nb_blesses_legers,age_cond_1,age_cond_2,veh_type_cond_1,veh_type_cond_2,lum_code,agg_code,int_code,atm_code,col_code
201600042714,0016-04-30 16:15:00,16,4,30,16,15,940,33,PEPINIERE / FOCH,48.8453,2.45116,Plein jour,En agglomération,Intersection en X,Pluie légère,Autre collision,,,,,,,,,,,1,2,2,2,6.0
201600042715,0016-05-24 09:15:00,16,5,24,9,15,940,33,"17, LOUISON BOBET",48.8524,2.48704,Plein jour,En agglomération,Hors intersection,Normale,Deux véhicules - côté,,,,,,,,,,,1,2,1,1,3.0
201600042716,0016-05-28 19:20:00,16,5,28,19,20,940,33,REPUBLIQUE / GAMBETTA,48.853,2.45766,Plein jour,En agglomération,Intersection en X,Normale,Autre collision,,,,,,,,,,,1,2,2,1,6.0
201600042717,0016-05-30 16:40:00,16,5,30,16,40,940,33,"78, JOFFRE",48.8536,2.47509,Plein jour,En agglomération,Intersection en T,Pluie forte,Autre collision,,,,,,,,,,,1,2,3,3,6.0
201600042718,0016-06-10 18:15:00,16,6,10,18,15,940,33,CARNOT (R),,,Plein jour,En agglomération,Hors intersection,Normale,Deux véhicules - côté,,,,,,,,,,,1,2,1,1,3.0
201600042719,0016-06-12 00:20:00,16,6,12,0,20,940,33,TASSIGNY/BRETELLE A86,48.8591,2.49087,Nuit avec éclairage allumé,En agglomération,Intersection en X,Normale,Autre collision,,,,,,,,,,,5,2,2,1,6.0
201600042720,0016-06-12 05:45:00,16,6,12,5,45,940,33,"18, FERNAND LEGER (R)",,,Crépuscule ou aube,En agglomération,Hors intersection,Pluie légère,Autre collision,,,,,,,,,,,2,2,1,2,6.0
201600042721,0016-06-15 13:30:00,16,6,15,13,30,940,33,VICTOR HUGO (AV),,,Plein jour,En agglomération,Autre intersection,Normale,Autre collision,,,,,,,,,,,1,2,9,1,6.0
201600042722,0016-06-23 12:15:00,16,6,23,12,15,940,33,"15, CHARMES (AV DES)",,,Plein jour,En agglomération,Hors intersection,Normale,Deux véhicules - côté,,,,,,,,,,,1,2,1,1,3.0
201600042723,0016-07-14 14:00:00,16,7,14,14,0,940,33,VERDUN (BD DE),,,Plein jour,En agglomération,Intersection en X,Normale,Autre collision,,,,,,,,,,,1,2,2,1,6.0
201600042724,0016-07-26 09:00:00,16,7,26,9,0,940,33,"28, VINCENNES (BD DE)",,,Plein jour,En agglomération,Hors intersection,Normale,Deux véhicules - côté,,,,,,,,,,,1,2,1,1,3.0
201600042725,0016-07-28 16:30:00,16,7,28,16,30,940,33,"59, STALINGRAD (AV DE)",,,Plein jour,En agglomération,Hors intersection,Normale,Autre collision,,,,,,,,,,,1,2,1,1,6.0
201600042726,0016-08-25 15:00:00,16,8,25,15,0,940,33,"166, VERDUN (BD DE)",,,Plein jour,En agglomération,Hors intersection,Temps éblouissant,Deux véhicules - côté,,,,,,,,,,,1,2,1,7,3.0
201600042727,0016-09-05 19:15:00,16,9,5,19,15,940,33,"7, VICTOR HUGO (AV)",,,Plein jour,En agglomération,Hors intersection,Normale,Autre collision,,,,,,,,,,,1,2,1,1,6.0
201600042728,0016-09-08 07:45:00,16,9,8,7,45,940,33,VERDUN (BD DE),,,Plein jour,En agglomération,Hors intersection,Normale,Autre collision,,,,,,,,,,,1,2,1,1,6.0
201600042729,0016-09-22 09:15:00,16,9,22,9,15,940,33,ERNEST RENAN (AV),,,Plein jour,En agglomération,Intersection en T,Normale,Deux véhicules - côté,,,,,,,,,,,1,2,3,1,3.0
201600042730,0016-09-22 09:40:00,16,9,22,9,40,940,33,"77, PIERRE CURIE (R)",,,Plein jour,En agglomération,Hors intersection,Normale,Autre collision,,,,,,,,,,,1,2,1,1,6.0
201600042731,0016-09-24 11:00:00,16,9,24,11,0,940,33,NEUILLY (AV DE),,,Plein jour,En agglomération,Intersection en X,Normale,Deux véhicules - frontale,,,,,,,,,,,1,2,2,1,1.0
201600042732,0016-09-28 09:25:00,16,9,28,9,25,940,33,CHARMES (AV DES),,,Plein jour,En agglomération,Hors intersection,Normale,Deux véhicules - côté,,,,,,,,,,,1,2,1,1,3.0
201600042733,0016-10-03 17:25:00,16,10,3,17,25,940,33,JEAN PIERRE TIMBAUD (R),,,Plein jour,En agglomération,Intersection en X,Normale,Deux véhicules - côté,,,,,,,,,,,1,2,2,1,3.0
201600042734,0016-10-06 10:00:00,16,10,6,10,0,940,33,"41, PRAIRIE (CHE DE LA)",,,Plein jour,En agglomération,Hors intersection,Normale,Deux véhicules - côté,,,,,,,,,,,1,2,1,1,3.0
201600042735,0016-10-06 17:20:00,16,10,6,17,20,940,33,CHARLES GARCIA (AV),,,Plein jour,En agglomération,Hors intersection,Normale,Autre collision,,,,,,,,,,,1,2,1,1,6.0
201600042736,0016-10-07 05:10:00,16,10,7,5,10,940,33,LOUISON BOBET (AV),,,Nuit avec éclairage allumé,En agglomération,Hors intersection,Normale,Autre collision,,,,,,,,,,,5,2,1,1,6.0
201600042737,0016-10-09 03:35:00,16,10,9,3,35,940,33,DALAYRAC (R),,,Nuit avec éclairage allumé,En agglomération,Intersection en Y,Normale,Autre collision,,,,,,,,,,,5,2,4,1,6.0
201600042738,0016-10-10 14:40:00,16,10,10,14,40,940,33,PEPINIERE (AV DE LA),,,Plein jour,En agglomération,Intersection en X,Normale,Deux véhicules - côté,,,,,,,,,,,1,2,2,1,3.0
201600042739,0016-10-26 08:30:00,16,10,26,8,30,940,33,DALAYRAC (R),,,Crépuscule ou aube,En agglomération,Hors intersection,Temps couvert,Autre collision,,,,,,,,,,,2,2,1,8,6.0
201600042740,0016-10-28 23:45:00,16,10,28,23,45,940,33,PEPINIERE (AV DE LA),,,Nuit avec éclairage allumé,En agglomération,Intersection en X,Normale,Deux véhicules - côté,,,,,,,,,,,5,2,2,1,3.0
201600042741,0016-11-10 12:00:00,16,11,10,12,0,940,33,"164, VERDUN (BD DE)",,,Plein jour,En agglomération,Hors intersection,Pluie légère,Deux véhicules - arrière,,,,,,,,,,,1,2,1,2,2.0
201600042742,0016-11-18 10:30:00,16,11,18,10,30,940,33,"113, MARECHAL DE LATTRE",,,Plein jour,En agglomération,Hors intersection,Normale,Autre collision,,,,,,,,,,,1,2,1,1,6.0
201600042743,0016-12-03 11:30:00,16,12,3,11,30,940,33,PEPINIERE (AV DE LA),,,Plein jour,En agglomération,Intersection en X,Normale,Deux véhicules - côté,,,,,,,,,,,1,2,2,1,3.0
201600042744,0016-12-03 22:35:00,16,12,3,22,35,940,33,DANTON (AV),,,Nuit avec éclairage allumé,En agglomération,Intersection en X,Normale,Deux véhicules - côté,,,,,,,,,,,5,2,2,1,3.0
201600042745,0016-12-13 16:30:00,16,12,13,16,30,940,33,"20, VERDUN (BD DE)",,,Crépuscule ou aube,En agglomération,Intersection en X,Normale,Autre collision,,,,,,,,,,,2,2,2,1,6.0
201600042746,0016-12-14 16:15:00,16,12,14,16,15,940,33,FONTAINE DU VAISSEAU (R,,,Plein jour,En agglomération,Hors intersection,Normale,Deux véhicules - arrière,,,,,,,,,,,1,2,1,1,2.0
201600042747,0016-12-15 17:05:00,16,12,15,17,5,940,33,"17, STALINGRAD (AV DE)",,,Nuit avec éclairage allumé,En agglomération,Hors intersection,Normale,Autre collision,,,,,,,,,,,5,2,1,1,6.0
201600042748,0016-12-31 18:35:00,16,12,31,18,35,940,33,"58, ROSNY (R DE)",,,Nuit avec éclairage allumé,En agglomération,Intersection en X,Normale,Autre collision,,,,,,,,,,,5,2,2,1,6.0
201600042749,0016-01-01 07:10:00,16,1,1,7,10,940,3,DORMOY / BRIAND,48.8096,2.32648,Nuit avec éclairage allumé,En agglomération,Intersection en T,Normale,Deux véhicules - arrière,,,,,,,,,,,5,2,3,1,2.0
201600042750,0016-01-02 11:50:00,16,1,2,11,50,940,43,R GABRIEL PERI/A6B,48.8155,2.35644,Plein jour,En agglomération,Intersection en Y,Normale,Deux véhicules - arrière,,,,,,,,,,,1,2,4,1,2.0
201600042751,0016-01-02 22:55:00,16,1,2,22,55,940,3,"107, ARISTIDE BRIAND",48.8031,2.32457,Nuit avec éclairage allumé,En agglomération,Hors intersection,Normale,Deux véhicules - arrière,,,,,,,,,,,5,2,1,1,2.0
201600042752,0016-01-03 01:30:00,16,1,3,1,30,940,43,"43, FONTAINEBLEAU",48.8131,2.36134,Nuit avec éclairage allumé,En agglomération,Hors intersection,Normale,Autre collision,,,,,,,,,,,5,2,1,1,6.0
201600042753,0016-01-04 08:30:00,16,1,4,8,30,940,37,ALLENDE / BENSERADE,48.8119,2.34682,Plein jour,En agglomération,Intersection en T,Pluie légère,Autre collision,,,,,,,,,,,1,2,3,2,6.0
201600042754,0016-01-09 00:10:00,16,1,9,0,10,940,37,"47, JEAN JAURES",48.8127,2.35177,Nuit avec éclairage allumé,En agglomération,Hors intersection,Brouillard / fumée,Deux véhicules - frontale,,,,,,,,,,,5,2,1,5,1.0
201600042755,0016-01-10 05:40:00,16,1,10,5,40,940,76,PARIS / BABEUF,48.807,2.36322,Nuit avec éclairage allumé,En agglomération,Intersection en X,Temps couvert,Deux véhicules - côté,,,,,,,,,,,5,2,2,8,3.0
201600042756,0016-01-12 15:15:00,16,1,12,15,15,940,76,"120, STALINGRAD",48.7821,2.36702,Plein jour,En agglomération,Hors intersection,Normale,Deux véhicules - arrière,,,,,,,,,,,1,2,1,1,2.0
201600042757,0016-01-14 09:00:00,16,1,14,9,0,940,76,ARAGO / GAGARINE,48.7877,2.3628,Plein jour,En agglomération,Intersection en Y,Pluie légère,Autre collision,,,,,,,,,,,1,2,4,2,6.0
201600042758,0016-01-15 17:50:00,16,1,15,17,50,940,16,WILSON / IMAGE,48.7927,2.32973,Nuit avec éclairage allumé,En agglomération,Intersection en T,Normale,Autre collision,,,,,,,,,,,5,2,3,1,6.0
201600042759,0016-01-15 18:40:00,16,1,15,18,40,940,43,AV DE FONTAINEBLEAU,48.8113,2.36177,Nuit avec éclairage allumé,En agglomération,Hors intersection,Normale,Deux véhicules - côté,,,,,,,,,,,5,2,1,1,3.0
201600042760,0016-01-19 08:10:00,16,1,19,8,10,940,16,"26, WILSON/DORMOY",48.7945,2.33125,Plein jour,En agglomération,Intersection en T,Pluie légère,Autre collision,,,,,,,,,,,1,2,3,2,6.0
201600042761,0016-01-19 19:00:00,16,1,19,19,0,940,37,JAURES / RASPAIL,48.8142,2.34976,Nuit avec éclairage allumé,En agglomération,Intersection en X,Normale,Deux véhicules - côté,,,,,,,,,,,5,2,2,1,3.0
201600042762,0016-01-19 19:58:00,16,1,19,19,58,940,76,"31,TREMBLAY/PETITS ORMES",48.7803,2.36981,Nuit avec éclairage allumé,En agglomération,Intersection en T,Normale,Autre collision,,,,,,,,,,,5,2,3,1,6.0
201600042763,0016-01-21 09:10:00,16,1,21,9,10,940,76,"54, REPUBLIQUE",48.7885,2.35876,Plein jour,En agglomération,Hors intersection,Neige / grêle,Sans collision,,,,,,,,,,,1,2,1,4,7.0
201600042764,0016-01-21 10:30:00,16,1,21,10,30,940,76,COUTURIER / JAURES,48.7949,2.36637,Plein jour,En agglomération,Intersection en X,Normale,Autre collision,,,,,,,,,,,1,2,2,1,6.0
201600042765,0016-01-23 16:45:00,16,1,23,16,45,940,76,CANTINI / DUCLOS,48.786,2.36334,Plein jour,En agglomération,Intersection en T,Normale,Autre collision,,,,,,,,,,,1,2,3,1,6.0
201600042766,0016-01-25 04:05:00,16,1,25,4,5,940,76,ARAGON / FABIEN,48.7886,2.37528,Nuit avec éclairage allumé,En agglomération,Intersection en X,Normale,Deux véhicules - côté,,,,,,,,,,,5,2,2,1,3.0
201600042767,0016-01-26 01:00:00,16,1,26,1,0,940,76,"123, BD MAXIME GORKI",48.7917,2.36954,Nuit avec éclairage allumé,En agglomération,Hors intersection,Normale,Deux véhicules - côté,,,,,,,,,,,5,2,1,1,3.0
201600042768,0016-01-26 14:15:00,16,1,26,14,15,940,76,GORKI / SAINT-ROCH,48.7915,2.36946,Plein jour,En agglomération,Intersection en T,Normale,Deux véhicules - côté,,,,,,,,,,,1,2,3,1,3.0
201600042769,0016-01-29 09:00:00,16,1,29,9,0,940,16,"61, PRESIDENT WILSON",48.7899,2.32631,Plein jour,En agglomération,Hors intersection,Normale,Autre collision,,,,,,,,,,,1,2,1,1,6.0
201600042770,0016-01-30 22:30:00,16,1,30,22,30,940,16,EUROPE / LECLERC,48.7869,2.32957,Nuit avec éclairage allumé,En agglomération,Intersection en T,Normale,Deux véhicules - arrière,,,,,,,,,,,5,2,3,1,2.0
201600042771,0016-02-02 09:30:00,16,2,2,9,30,940,76,LURCAT / LUISETTE,48.7846,2.37115,Plein jour,En agglomération,Intersection en T,Normale,Autre collision,,,,,,,,,,,1,2,3,1,6.0
201600042772,0016-02-05 08:00:00,16,2,5,8,0,940,16,BRIAND/LAVOISIER,48.7945,2.3212,Plein jour,En agglomération,Intersection en T,Normale,Autre collision,,,,,,,,,,,1,2,3,1,6.0
201600042773,0016-02-06 12:10:00,16,2,6,12,10,940,76,GORKI / SAQUET,48.7912,2.36951,Plein jour,En agglomération,Intersection en X,Normale,Deux véhicules - côté,,,,,,,,,,,1,2,2,1,3.0
201600042774,0016-02-10 14:00:00,16,2,10,14,0,940,76,"70, CHEVILLY/MOUSSINAC",48.7833,2.35489,Plein jour,Hors agglomération,Intersection en T,Normale,Autre collision,,,,,,,,,,,1,1,3,1,6.0
201600042775,0016-02-11 20:40:00,16,2,11,20,40,940,43,FONTAINEBLEAU / PASTEUR,48.8151,2.36073,Nuit avec éclairage allumé,En agglomération,Intersection en T,Normale,Deux véhicules - côté,,,,,,,,,,,5,2,3,1,3.0
201600042776,0016-02-11 21:45:00,16,2,11,21,45,940,37,COUTURIER / DEDOUVRE,48.8166,2.33512,Nuit avec éclairage allumé,En agglomération,Intersection en X,Normale,Deux véhicules - frontale,,,,,,,,,,,5,2,2,1,1.0
201600042777,0016-02-12 10:00:00,16,2,12,10,0,940,76,"12, P V COUTURIER",48.7948,2.36381,Plein jour,En agglomération,Hors intersection,Temps éblouissant,Autre collision,,,,,,,,,,,1,2,1,7,6.0
201600042778,0016-02-14 01:00:00,16,2,14,1,0,940,76,COUTURIER / VERDUN,48.795,2.35434,Nuit avec éclairage allumé,En agglomération,Intersection en X,Pluie légère,Deux véhicules - arrière,,,,,,,,,,,5,2,2,2,2.0
201600042779,0016-02-14 09:20:00,16,2,14,9,20,940,43,LACROIX / VAILLANT,48.8128,2.35704,Plein jour,En agglomération,Intersection en T,Normale,Autre collision,,,,,,,,,,,1,2,3,1,6.0
201600042780,0016-02-15 15:05:00,16,2,15,15,5,940,76,"102, VERDUN",48.7891,2.35397,Plein jour,En agglomération,Hors intersection,Normale,Trois véhicules et plus - collisions multiples,,,,,,,,,,,1,2,1,1,5.0
201600042781,0016-02-16 08:00:00,16,2,16,8,0,940,76,ARAGON / FABIEN,48.7886,2.37528,Plein jour,En agglomération,Intersection en X,Normale,Autre collision,,,,,,,,,,,1,2,2,1,6.0
201600042782,0016-02-17 09:00:00,16,2,17,9,0,940,43,"1, EDMONT MICHELET",48.8102,2.36281,Plein jour,En agglomération,Hors intersection,Normale,Autre collision,,,,,,,,,,,1,2,1,1,6.0
201600042783,0016-02-20 11:05:00,16,2,20,11,5,940,3,DOUMER / GENERAL LECLERC,48.8044,2.33814,Plein jour,En agglomération,Intersection en X,Pluie légère,Autre collision,,,,,,,,,,,1,2,2,2,6.0
201600042784,0016-02-20 13:40:00,16,2,20,13,40,940,43,"96, FONTAINEBLEAU",48.8104,2.36202,Plein jour,En agglomération,Hors intersection,Pluie légère,Autre collision,,,,,,,,,,,1,2,1,2,6.0
201600042785,0016-02-20 15:10:00,16,2,20,15,10,940,76,GORKI / GUYNEMER,48.7928,2.36936,Plein jour,En agglomération,Intersection en T,Normale,Deux véhicules - frontale,,,,,,,,,,,1,2,3,1,1.0
201600042786,0016-02-21 06:25:00,16,2,21,6,25,940,3,COUTURIER / LECLERC,48.8044,2.33814,Nuit avec éclairage allumé,En agglomération,Intersection en X,Pluie légère,Deux véhicules - côté,,,,,,,,,,,5,2,2,2,3.0
201600042787,0016-02-23 00:35:00,16,2,23,0,35,940,43,"141, FONTAINEBLEAU",48.8072,2.36304,Nuit avec éclairage allumé,En agglomération,Hors intersection,Pluie légère,Deux véhicules - côté,,,,,,,,,,,5,2,1,2,3.0
201600042788,0016-02-25 09:00:00,16,2,25,9,0,940,3,"63, PERI/",48.7995,2.34407,Plein jour,En agglomération,Intersection en X,Normale,Autre collision,,,,,,,,,,,1,2,2,1,6.0
201600042789,0016-03-03 09:00:00,16,3,3,9,0,940,43,"40, CHARLES GIDE",48.8073,2.35426,Plein jour,En agglomération,Hors intersection,Temps couvert,Deux véhicules - côté,,,,,,,,,,,1,2,1,8,3.0
201600042790,0016-02-27 22:15:00,16,2,27,22,15,940,37,PER I/ BRIAND,48.8131,2.35362,Nuit avec éclairage non allumé,En agglomération,Intersection en T,Normale,Autre collision,,,,,,,,,,,4,2,3,1,6.0
201600042791,0016-03-03 15:45:00,16,3,3,15,45,940,76,GAGARINE / LEGER,48.7864,2.36111,Plein jour,Hors agglomération,Intersection en T,Normale,Autre collision,,,,,,,,,,,1,1,3,1,6.0
201600042792,0016-03-04 02:15:00,16,3,4,2,15,940,3,"65, ARISTIDE BRIAND",48.8065,2.32591,Nuit avec éclairage allumé,En agglomération,Hors intersection,Pluie forte,Deux véhicules - côté,,,,,,,,,,,5,2,1,3,3.0
201600042793,0016-03-05 11:30:00,16,3,5,11,30,940,3,"29, ARISTIDE BRIAND",48.8088,2.32651,Plein jour,En agglomération,Hors intersection,Normale,Autre collision,,,,,,,,,,,1,2,1,1,6.0
201600042794,0016-03-07 21:00:00,16,3,7,21,0,940,76,PARIS / DAUPHIN,48.8056,2.36364,Nuit avec éclairage allumé,En agglomération,Intersection en X,Pluie légère,Deux véhicules - côté,,,,,,,,,,,5,2,2,2,3.0
201600042795,0016-03-09 09:15:00,16,3,9,9,15,940,16,BEL AIR / LUMIERES,48.7964,2.32391,Plein jour,En agglomération,Intersection en X,Pluie forte,Deux véhicules - côté,,,,,,,,,,,1,2,2,3,3.0
201600042796,0016-03-11 09:00:00,16,3,11,9,0,940,43,AV EUGENE THOMAS,48.8097,2.36122,Plein jour,En agglomération,Hors intersection,Normale,Deux véhicules - arrière,,,,,,,,,,,1,2,1,1,2.0
201600042797,0016-03-11 10:15:00,16,3,11,10,15,940,3,RASPAIL / BESSON,48.7996,2.33151,Plein jour,En agglomération,Intersection en T,Normale,Sans collision,,,,,,,,,,,1,2,3,1,7.0
201600042798,0016-03-16 15:00:00,16,3,16,15,0,940,37,BENSERADE / PASCAL,48.8106,2.34781,Plein jour,En agglomération,Intersection en T,Normale,Autre collision,,,,,,,,,,,1,2,3,1,6.0
201600042799,0016-03-17 16:00:00,16,3,17,16,0,940,37,AV P VAILLANT COUTURIER,48.8164,2.34077,Plein jour,En agglomération,Hors intersection,Normale,Deux véhicules - frontale,,,,,,,,,,,1,2,1,1,1.0
201600042800,0016-03-23 08:20:00,16,3,23,8,20,940,76,REPUBLIQUE / RASPAIL,48.7885,2.36436,Plein jour,En agglomération,Intersection en T,Normale,Deux véhicules - côté,,,,,,,,,,,1,2,3,1,3.0
201600042801,0016-03-23 15:00:00,16,3,23,15,0,940,16,"36, SAUSSAIES",48.7864,2.34041,Plein jour,En agglomération,Hors intersection,Normale,Autre collision,,,,,,,,,,,1,2,1,1,6.0
201600042802,0016-03-25 13:00:00,16,3,25,13,0,940,37,"57, RASPAIL",48.8136,2.34735,Plein jour,En agglomération,Hors intersection,Pluie légère,Deux véhicules - côté,,,,,,,,,,,1,2,1,2,3.0
201600042803,0016-04-03 02:30:00,16,4,3,2,30,940,76,AV DE PARIS,48.805,2.36382,Nuit avec éclairage allumé,En agglomération,Hors intersection,Temps couvert,Deux véhicules - côté,,,,,,,,,,,5,2,1,8,3.0
201600042804,0016-04-06 18:30:00,16,4,6,18,30,940,76,"124, PARIS",48.798,2.36602,Plein jour,En agglomération,Hors intersection,Pluie forte,Autre collision,,,,,,,,,,,1,2,1,3,6.0
201600042805,0016-04-11 18:25:00,16,4,11,18,25,940,3,"113, ARISTIDE BRIAND",48.8028,2.32442,Plein jour,Hors agglomération,Hors intersection,Normale,Deux véhicules - côté,,,,,,,,,,,1,1,1,1,3.0
201600042806,0016-04-13 08:50:00,16,4,13,8,50,940,3,CARON / CONVENTION,48.8009,2.33336,Plein jour,En agglomération,Intersection en X,Normale,Deux véhicules - arrière,,,,,,,,,,,1,2,2,1,2.0
201600042807,0016-04-13 08:00:00,16,4,13,8,0,940,16,BRIAND / COUTURIER,48.7908,2.3199,Plein jour,En agglomération,Intersection en T,Normale,Deux véhicules - côté,,,,,,,,,,,1,2,3,1,3.0
201600042808,0016-04-15 14:35:00,16,4,15,14,35,940,43,"80TER, FONTAINEBLEAU",48.8119,2.36159,Plein jour,En agglomération,Hors intersection,Pluie légère,Deux véhicules - côté,,,,,,,,,,,1,2,1,2,3.0
201600042809,0016-04-16 19:30:00,16,4,16,19,30,940,76,STALINGRAD / LECLERC,48.7846,2.36709,Crépuscule ou aube,En agglomération,Passage à niveau,Normale,Deux véhicules - côté,,,,,,,,,,,2,2,8,1,3.0
201600042810,0016-04-17 16:20:00,16,4,17,16,20,940,43,R VOLTAIRE,48.816,2.36382,Plein jour,Hors agglomération,Hors intersection,Normale,Deux véhicules - arrière,,,,,,,,,,,1,1,1,1,2.0
201600042811,0016-04-19 15:20:00,16,4,19,15,20,940,16,BRIAND / GARE,48.8015,2.32393,Plein jour,En agglomération,Intersection en T,Normale,Autre collision,,,,,,,,,,,1,2,3,1,6.0
201600042812,0016-04-21 14:25:00,16,4,21,14,25,940,3,BRIAND / GARE,48.8015,2.32393,Plein jour,En agglomération,Intersection en T,Normale,Deux véhicules - côté,,,,,,,,,,,1,2,3,1,3.0
201600042813,0016-04-23 16:30:00,16,4,23,16,30,940,43,"143, FONTAINEBLEAU",48.8072,2.36318,Plein jour,En agglomération,Hors intersection,Normale,Trois véhicules et plus - en chaîne,,,,,,,,,,,1,2,1,1,4.0
201600042814,0016-04-26 21:30:00,16,4,26,21,30,940,76,REPUBLIQUE / HAMON,48.7885,2.36164,Nuit avec éclairage allumé,En agglomération,Intersection en X,Pluie légère,Trois véhicules et plus - collisions multiples,,,,,,,,,,,5,2,2,2,5.0
201600042815,0016-04-27 23:30:00,16,4,27,23,30,940,76,GORKI / CLEMENT,48.796,2.36857,Nuit avec éclairage allumé,En agglomération,Intersection en X,Normale,Deux véhicules - côté,,,,,,,,,,,5,2,2,1,3.0
201600042816,0016-04-28 13:00:00,16,4,28,13,0,940,76,"20, MOULIN DE SAQUET",48.7911,2.36901,Plein jour,En agglomération,Hors intersection,Normale,Autre collision,,,,,,,,,,,1,2,1,1,6.0
201600042817,0016-04-29 17:45:00,16,4,29,17,45,940,43,"112, FONTAINEBLEAU",48.8093,2.36238,Plein jour,En agglomération,Hors intersection,Normale,Deux véhicules - côté,,,,,,,,,,,1,2,1,1,3.0
201600042818,0016-05-06 19:10:00,16,5,6,19,10,940,16,SAUSSAIES / TASSIGNY,48.7885,2.33257,Plein jour,En agglomération,Intersection en T,Normale,Deux véhicules - côté,,,,,,,,,,,1,2,3,1,3.0
201600042819,0016-05-08 21:20:00,16,5,8,21,20,940,76,"157, LOUIS ARAGON",48.7886,2.37411,Nuit avec éclairage allumé,En agglomération,Hors intersection,Normale,Deux véhicules - arrière,,,,,,,,,,,5,2,1,1,2.0
201600042820,0016-05-09 17:38:00,16,5,9,17,38,940,76,REPUBLIQUE / BRUYERES,48.787,2.35258,Plein jour,En agglomération,Intersection en T,Normale,Deux véhicules - frontale,,,,,,,,,,,1,2,3,1,1.0
201600042821,0016-05-10 11:00:00,16,5,10,11,0,940,3,BRIAND / BERTHOLLET,48.8058,2.32558,Plein jour,En agglomération,Intersection en T,Normale,Deux véhicules - frontale,,,,,,,,,,,1,2,3,1,1.0
201600042822,0016-05-12 08:45:00,16,5,12,8,45,940,3,"90, CONVENTION",48.8051,2.33696,Plein jour,En agglomération,Hors intersection,Normale,Autre collision,,,,,,,,,,,1,2,1,1,6.0
201600042823,0016-05-15 07:15:00,16,5,15,7,15,940,43,"162, GABRIEL PERI",48.811,2.35081,Plein jour,En agglomération,Hors intersection,Normale,Deux véhicules - côté,,,,,,,,,,,1,2,1,1,3.0
201600042824,0016-05-17 10:30:00,16,5,17,10,30,940,16,CAMUS / TASSIGNY,48.7877,2.33253,Plein jour,En agglomération,Intersection en T,Normale,Autre collision,,,,,,,,,,,1,2,3,1,6.0
201600042825,0016-05-18 17:35:00,16,5,18,17,35,940,16,BONNET / CONDORCET,48.7958,2.32523,Plein jour,En agglomération,Intersection en T,Pluie forte,Deux véhicules - côté,,,,,,,,,,,1,2,3,3,3.0
201600042826,0016-05-20 11:45:00,16,5,20,11,45,940,16,"12 ,VATIER/SAUSSAIES",48.789,2.33174,Plein jour,En agglomération,Intersection en T,Normale,Autre collision,,,,,,,,,,,1,2,3,1,6.0
201600042827,0016-05-25 07:00:00,16,5,25,7,0,940,16,BLUM / SAUSSAIES,48.7868,2.33735,Plein jour,En agglomération,Intersection en X,Normale,Deux véhicules - côté,,,,,,,,,,,1,2,2,1,3.0
201600042828,0016-05-25 07:45:00,16,5,25,7,45,940,16,"68, CARNOT",48.7997,2.32386,Plein jour,En agglomération,Hors intersection,Normale,Deux véhicules - côté,,,,,,,,,,,1,2,1,1,3.0
201600042829,0016-05-26 10:54:00,16,5,26,10,54,940,76,PARIS / DAUPHIN,48.8056,2.36364,Plein jour,En agglomération,Intersection en X,Normale,Deux véhicules - côté,,,,,,,,,,,1,2,2,1,3.0
201600042830,0016-05-26 17:30:00,16,5,26,17,30,940,16,ALSACE / COUTURIER,48.79,2.32258,Plein jour,En agglomération,Intersection en X,Normale,Deux véhicules - côté,,,,,,,,,,,1,2,2,1,3.0
201600042831,0016-05-28 17:00:00,16,5,28,17,0,940,76,CHEVILLY / REPUBLIQUE,48.7874,2.3542,Plein jour,En agglomération,Intersection en X,Pluie légère,Deux véhicules - côté,,,,,,,,,,,1,2,2,2,3.0
201600042832,0016-05-29 09:30:00,16,5,29,9,30,940,43,"18, ROGER SALENGRO",48.8148,2.36245,Plein jour,En agglomération,Hors intersection,Temps couvert,Deux véhicules - côté,,,,,,,,,,,1,2,1,8,3.0
201600042833,0016-06-01 16:45:00,16,6,1,16,45,940,76,"4, DOCTEUR ANTOMARCHI (R",,,Plein jour,En agglomération,Hors intersection,Pluie légère,Deux véhicules - côté,,,,,,,,,,,1,2,1,2,3.0
201600042834,0016-06-05 18:15:00,16,6,5,18,15,940,43,", VOLTAIRE (R)",,,Plein jour,En agglomération,Giratoire,Normale,Deux véhicules - côté,,,,,,,,,,,1,2,6,1,3.0
201600042835,0016-06-06 16:20:00,16,6,6,16,20,940,43,"1, VERDUN (R DE)",,,Plein jour,En agglomération,Intersection en X,Normale,Deux véhicules - côté,,,,,,,,,,,1,2,2,1,3.0
201600042836,0016-06-07 15:25:00,16,6,7,15,25,940,43,"91, FONTAINEBLEAU (AV DE",,,Plein jour,En agglomération,Hors intersection,Normale,Sans collision,,,,,,,,,,,1,2,1,1,7.0
201600042837,0016-06-10 20:15:00,16,6,10,20,15,940,76,"1, MAXIME GORKI (BD)",,,Plein jour,En agglomération,Autre intersection,Normale,Deux véhicules - côté,,,,,,,,,,,1,2,9,1,3.0
201600042838,0016-06-11 11:09:00,16,6,11,11,9,940,43,"15, EDMONT MICHELET (R)",,,Plein jour,En agglomération,Hors intersection,Pluie légère,Autre collision,,,,,,,,,,,1,2,1,2,6.0
201600042839,0016-06-13 00:22:00,16,6,13,0,22,940,76,"71, PARIS (AV DE)",,,Nuit avec éclairage allumé,En agglomération,Hors intersection,Pluie légère,Autre collision,,,,,,,,,,,5,2,1,2,6.0
201600042840,0016-06-15 14:50:00,16,6,15,14,50,940,76,"112, CHEVILLY (R DE)",,,Plein jour,En agglomération,Hors intersection,Normale,Autre collision,,,,,,,,,,,1,2,1,1,6.0