accident_id,datetime,annee,mois,jour,heure,minute,departement,commune_insee,adresse,latitude,longitude,luminosite,agglomeration,intersection,meteo,collision,nb_vehicules,nb_usagers,nb_indemnes,nb_tues,nb_blesses_hosp,nb_blesses_legers,age_cond_1,age_cond_2,veh_type_cond_1,veh_type_cond_2,lum_code,agg_code,int_code,atm_code,col_code
201600042970,0016-02-18 10:00:00,16,2,18,10,0,940,21,AV DE LA VILLETTE,48.7677,2.3486,Plein jour,En agglomération,Hors intersection,Normale,Deux véhicules - côté,,,,,,,,,,,1,2,1,1,3.0
201600042971,0016-02-18 23:10:00,16,2,18,23,10,940,21,"16, LOUIS BLERIOT",48.7668,2.3356,Nuit avec éclairage allumé,En agglomération,Hors intersection,Normale,Autre collision,,,,,,,,,,,5,2,1,1,6.0
201600042972,0016-02-20 20:00:00,16,2,20,20,0,940,73,VERSAILLES / MULLER,48.7593,2.39663,Nuit avec éclairage allumé,En agglomération,Intersection en X,Normale,Deux véhicules - côté,,,,,,,,,,,5,2,2,1,3.0
201600042973,0016-03-01 06:20:00,16,3,1,6,20,940,73,FONTAINEBLEAU / LUXEMBOU,48.7639,2.36824,Nuit avec éclairage allumé,En agglomération,Intersection en X,Normale,Deux véhicules - côté,,,,,,,,,,,5,2,2,1,3.0
201600042974,0016-03-03 12:00:00,16,3,3,12,0,940,73,ARC / PERREUX,48.7666,2.39057,Plein jour,En agglomération,Intersection en T,Normale,Deux véhicules - côté,,,,,,,,,,,1,2,3,1,3.0
201600042975,0016-03-04 06:50:00,16,3,4,6,50,940,65,CHARENTES / CIRCULAIRE,48.7581,2.36065,Nuit avec éclairage allumé,En agglomération,Intersection en Y,Pluie forte,Autre collision,,,,,,,,,,,5,2,4,3,6.0
201600042976,0016-03-05 07:00:00,16,3,5,7,0,940,38,BICETRE / LECLERC,48.7711,2.34986,Plein jour,En agglomération,Giratoire,Pluie légère,Autre collision,,,,,,,,,,,1,2,6,2,6.0
201600042977,0016-03-05 16:30:00,16,3,5,16,30,940,38,BRIAND / COSARDE,48.779,2.33544,Plein jour,En agglomération,Intersection en T,Normale,Autre collision,,,,,,,,,,,1,2,3,1,6.0
201600042978,0016-03-06 18:00:00,16,3,6,18,0,940,73,"4, RESISTANCE",48.7573,2.38817,Nuit avec éclairage allumé,En agglomération,Hors intersection,Normale,Deux véhicules - côté,,,,,,,,,,,5,2,1,1,3.0
201600042979,0016-03-07 20:15:00,16,3,7,20,15,940,73,DE GAULLE  / CERDAN,48.7672,2.3805,Nuit avec éclairage allumé,En agglomération,Intersection en T,Normale,Deux véhicules - côté,,,,,,,,,,,5,2,3,1,3.0
201600042980,0016-03-08 08:05:00,16,3,8,8,5,940,34,LINA / KARA,48.7558,2.3099,Plein jour,En agglomération,Intersection en X,Normale,Autre collision,,,,,,,,,,,1,2,2,1,6.0
201600042981,0016-03-08 12:15:00,16,3,8,12,15,940,21,VIADUC / MONTPELLIER,48.7624,2.35275,Plein jour,Hors agglomération,Intersection en X,Normale,Deux véhicules - côté,,,,,,,,,,,1,1,2,1,3.0
201600042982,0016-03-08 15:20:00,16,3,8,15,20,940,73,"54, RENE PANHARD",48.7638,2.3965,Plein jour,En agglomération,Hors intersection,Normale,Autre collision,,,,,,,,,,,1,2,1,1,6.0
201600042983,0016-03-10 12:50:00,16,3,10,12,50,940,65,R DE LA GROSSE PIERRE,48.7465,2.35547,Plein jour,En agglomération,Hors intersection,Normale,Autre collision,,,,,,,,,,,1,2,1,1,6.0
201600042984,0016-03-11 07:50:00,16,3,11,7,50,940,38,BICETRE / COQUELICOTS,48.7754,2.35307,Plein jour,En agglomération,Intersection en T,Normale,Deux véhicules - arrière,,,,,,,,,,,1,2,3,1,2.0
201600042985,0016-03-11 11:30:00,16,3,11,11,30,940,34,CHEVILLY / BUTTE,48.7593,2.33273,Plein jour,En agglomération,Intersection en T,Normale,Deux véhicules - côté,,,,,,,,,,,1,2,3,1,3.0
201600042986,0016-03-11 16:15:00,16,3,11,16,15,940,38,"1, REPUBLIQUE",48.7831,2.33948,Plein jour,En agglomération,Hors intersection,Normale,Autre collision,,,,,,,,,,,1,2,1,1,6.0
201600042987,0016-03-13 00:10:00,16,3,13,0,10,940,21,AV DE STALINGRAD,48.7764,2.3673,Nuit avec éclairage allumé,En agglomération,Hors intersection,Normale,Autre collision,,,,,,,,,,,5,2,1,1,6.0
201600042988,0016-03-15 13:00:00,16,3,15,13,0,940,73,CCR BELLE EPINE,48.7563,2.37168,Plein jour,En agglomération,Hors intersection,Normale,Deux véhicules - côté,,,,,,,,,,,1,2,1,1,3.0
201600042989,0016-03-19 12:20:00,16,3,19,12,20,940,65,SOGARIS / N186,48.753,2.36011,Plein jour,Hors agglomération,Intersection en X,Normale,Deux véhicules - côté,,,,,,,,,,,1,1,2,1,3.0
201600042990,0016-03-22 07:00:00,16,3,22,7,0,940,73,"8, ALOUETTES",48.7521,2.37022,Plein jour,En agglomération,Hors intersection,Normale,Deux véhicules - côté,,,,,,,,,,,1,2,1,1,3.0
201600042991,0016-03-23 09:20:00,16,3,23,9,20,940,21,HUBERT /  PROUVAIRES,48.758,2.36466,Plein jour,En agglomération,Intersection en T,Normale,Autre collision,,,,,,,,,,,1,2,3,1,6.0
201600042992,0016-03-23 16:10:00,16,3,23,16,10,940,73,AV DU LUXEMBOURG,48.7561,2.37443,Plein jour,En agglomération,Hors intersection,Normale,Autre collision,,,,,,,,,,,1,2,1,1,6.0
201600042993,0016-03-24 15:30:00,16,3,24,15,30,940,73,MARCHAND / BEL AIR,48.7663,2.38733,Plein jour,En agglomération,Intersection en T,Normale,Deux véhicules - frontale,,,,,,,,,,,1,2,3,1,1.0
201600042994,0016-03-25 13:35:00,16,3,25,13,35,940,65,LINDBERGH / SOLETS,48.745,2.36028,Plein jour,En agglomération,Intersection en T,Pluie légère,Deux véhicules - arrière,,,,,,,,,,,1,2,3,2,2.0
201600042995,0016-03-25 22:00:00,16,3,25,22,0,940,34,"09, R HENRI BARBUSSE",48.7569,2.3225,Nuit avec éclairage allumé,En agglomération,Hors intersection,Normale,Deux véhicules - côté,,,,,,,,,,,5,2,1,1,3.0
201600042996,0016-03-28 12:50:00,16,3,28,12,50,940,34,ROND POINT ROOSEVELT,48.7571,2.3288,Plein jour,En agglomération,Giratoire,Pluie légère,Deux véhicules - côté,,,,,,,,,,,1,2,6,2,3.0
201600042997,0016-03-30 13:15:00,16,3,30,13,15,940,21,MERMOZ / LECLERC,48.7695,2.33742,Plein jour,En agglomération,Giratoire,Pluie légère,Deux véhicules - arrière,,,,,,,,,,,1,2,6,2,2.0
201600042998,0016-04-01 09:40:00,16,4,1,9,40,940,73,RN 186,48.754,2.3693,Plein jour,Hors agglomération,Hors intersection,Normale,Deux véhicules - côté,,,,,,,,,,,1,1,1,1,3.0
201600042999,0016-04-04 00:10:00,16,4,4,0,10,940,65,AV DE FONTAINEBLEAU,48.7473,2.36759,Nuit avec éclairage allumé,Hors agglomération,Hors intersection,Normale,Autre collision,,,,,,,,,,,5,1,1,1,6.0
201600043000,0016-04-07 08:55:00,16,4,7,8,55,940,65,LINDBERGH / SOLETS,48.745,2.36028,Plein jour,En agglomération,Intersection en T,Normale,Deux véhicules - côté,,,,,,,,,,,1,2,3,1,3.0
201600043001,0016-04-11 12:15:00,16,4,11,12,15,940,73,VERSAILLES / ROBESPIERRE,48.7583,2.39291,Plein jour,En agglomération,Intersection en X,Pluie légère,Deux véhicules - arrière,,,,,,,,,,,1,2,2,2,2.0
201600043002,0016-04-12 08:10:00,16,4,12,8,10,940,21,D'ANGERS,48.7603,2.35313,Plein jour,Hors agglomération,Hors intersection,Normale,Autre collision,,,,,,,,,,,1,1,1,1,6.0
201600043003,0016-04-16 11:40:00,16,4,16,11,40,940,21,BD JEAN MERMOZ,48.7695,2.33757,Plein jour,En agglomération,Intersection en T,Normale,Deux véhicules - arrière,,,,,,,,,,,1,2,3,1,2.0
201600043004,0016-04-16 19:00:00,16,4,16,19,0,940,34,"39, SPORTS/ROULE",48.75,2.32128,Plein jour,En agglomération,Intersection en X,Normale,Autre collision,,,,,,,,,,,1,2,2,1,6.0
201600043005,0016-04-27 16:25:00,16,4,27,16,25,940,38,"46, GENERAL DE GAULLE",48.7823,2.34372,Plein jour,En agglomération,Hors intersection,Normale,Deux véhicules - côté,,,,,,,,,,,1,2,1,1,3.0
201600043006,0016-04-28 22:00:00,16,4,28,22,0,940,38,"34, CHEVILLY",48.776,2.34254,Nuit avec éclairage allumé,En agglomération,Hors intersection,Normale,Autre collision,,,,,,,,,,,5,2,1,1,6.0
201600043007,0016-05-01 21:30:00,16,5,1,21,30,940,73,FONTAINEBLEAU / PERRET,48.7632,2.36825,Crépuscule ou aube,En agglomération,Intersection en T,Normale,Trois véhicules et plus - en chaîne,,,,,,,,,,,2,2,3,1,4.0
201600043008,0016-05-02 07:10:00,16,5,2,7,10,940,21,D'AGEN / LYONNAIS,48.7631,2.34873,Plein jour,En agglomération,Intersection en X,Normale,Autre collision,,,,,,,,,,,1,2,2,1,6.0
201600043009,0016-05-03 08:45:00,16,5,3,8,45,940,65,AV D'AUVERGNE,48.7594,2.35584,Plein jour,En agglomération,Hors intersection,Normale,Autre collision,,,,,,,,,,,1,2,1,1,6.0
201600043010,0016-05-04 13:45:00,16,5,4,13,45,940,73,AV DE VERSAILLES,48.7591,2.39556,Plein jour,En agglomération,Hors intersection,Normale,Deux véhicules - côté,,,,,,,,,,,1,2,1,1,3.0
201600043011,0016-05-05 23:50:00,16,5,5,23,50,940,34,"50, BARBUSSE/DIV LECLERC",48.7587,2.32427,Nuit avec éclairage allumé,En agglomération,Intersection en X,Normale,Autre collision,,,,,,,,,,,5,2,2,1,6.0
201600043012,0016-05-09 04:30:00,16,5,9,4,30,940,65,RN 186,48.7539,2.36521,Crépuscule ou aube,Hors agglomération,Hors intersection,Pluie légère,Deux véhicules - frontale,,,,,,,,,,,2,1,1,2,1.0
201600043013,0016-05-12 11:15:00,16,5,12,11,15,940,73,ESP PERRET/FONTAINEBLEAU,48.7639,2.36824,Plein jour,En agglomération,Intersection en X,Temps couvert,Autre collision,,,,,,,,,,,1,2,2,8,6.0
201600043014,0016-05-12 21:00:00,16,5,12,21,0,940,38,P V COUTURIER/TOURNELLES,48.7763,2.33996,Nuit sans éclairage public,En agglomération,Intersection en X,Pluie légère,Deux véhicules - côté,,,,,,,,,,,3,2,2,2,3.0
201600043015,0016-05-15 22:30:00,16,5,15,22,30,940,34,JACINTHES / PASTEUR,48.7554,2.31349,Nuit avec éclairage allumé,Hors agglomération,Intersection en T,Normale,Deux véhicules - côté,,,,,,,,,,,5,1,3,1,3.0
201600043016,0016-05-17 18:15:00,16,5,17,18,15,940,65,FONTAINEBLEAU / AVERNAIS,48.7472,2.36754,Plein jour,En agglomération,Intersection en X,Normale,Deux véhicules - côté,,,,,,,,,,,1,2,2,1,3.0
201600043017,0016-05-17 22:10:00,16,5,17,22,10,940,38,"33, HUIT MAI 1945",48.7776,2.32931,Nuit avec éclairage allumé,En agglomération,Hors intersection,Normale,Sans collision,,,,,,,,,,,5,2,1,1,7.0
201600043018,0016-11-04 12:00:00,16,11,4,12,0,940,38,TOURNELLES (R DES),,,Plein jour,En agglomération,Hors intersection,Normale,Autre collision,,,,,,,,,,,1,2,1,1,6.0
201600043019,0016-05-19 10:45:00,16,5,19,10,45,940,81,"72, STALINGRAD",48.7764,2.3673,Plein jour,En agglomération,Hors intersection,Pluie légère,Deux véhicules - côté,,,,,,,,,,,1,2,1,2,3.0
201600043020,0016-05-22 19:30:00,16,5,22,19,30,940,73,"8, ALOUETTES",48.7521,2.37022,Plein jour,Hors agglomération,Hors intersection,Pluie légère,Autre collision,,,,,,,,,,,1,1,1,2,6.0
201600043021,0016-05-25 00:50:00,16,5,25,0,50,940,65,RN 186,48.7538,2.36279,Nuit avec éclairage allumé,Hors agglomération,Hors intersection,Normale,Trois véhicules et plus - en chaîne,,,,,,,,,,,5,1,1,1,4.0
201600043022,0016-05-26 15:45:00,16,5,26,15,45,940,73,FONTAINEBLEAU / PERRET,48.7639,2.36824,Plein jour,En agglomération,Intersection en X,Normale,Deux véhicules - côté,,,,,,,,,,,1,2,2,1,3.0
201600043023,0016-05-30 08:15:00,16,5,30,8,15,940,21,"104, FRANKLIN ROOSEVELT",48.7705,2.36327,Plein jour,En agglomération,Hors intersection,Pluie légère,Deux véhicules - arrière,,,,,,,,,,,1,2,1,2,2.0
201600043024,0016-05-31 10:00:00,16,5,31,10,0,940,38,LARROUMES,48.776,2.33009,Plein jour,En agglomération,Hors intersection,Pluie forte,Deux véhicules - côté,,,,,,,,,,,1,2,1,3,3.0
201600043025,0016-05-31 12:40:00,16,5,31,12,40,940,65,SOLETS / VILLENEUVE,48.7424,2.3536,Plein jour,Hors agglomération,Intersection en T,Pluie forte,Deux véhicules - frontale,,,,,,,,,,,1,1,3,3,1.0
201600043026,0016-05-31 17:30:00,16,5,31,17,30,940,73,ORVES / BASCH,48.7617,2.39095,Plein jour,En agglomération,Intersection en T,Pluie légère,Autre collision,,,,,,,,,,,1,2,3,2,6.0
201600043027,0016-06-02 17:10:00,16,6,2,17,10,940,73,VERSAILLES (AV DE),,,Plein jour,En agglomération,Hors intersection,Pluie légère,Deux véhicules - côté,,,,,,,,,,,1,2,1,2,3.0
201600043028,0016-06-02 18:40:00,16,6,2,18,40,940,34,DEPORTATION (CAR DE LA),,,Plein jour,En agglomération,Hors intersection,Pluie légère,Deux véhicules - côté,,,,,,,,,,,1,2,1,2,3.0
201600043029,0016-06-03 05:30:00,16,6,3,5,30,940,65,LINDBERGH/SOLETS,,,Crépuscule ou aube,En agglomération,Intersection en X,Pluie légère,Autre collision,,,,,,,,,,,2,2,2,2,6.0
201600043030,0016-06-03 09:30:00,16,6,3,9,30,940,65,LYON (RUE DE),,,Plein jour,Hors agglomération,Hors intersection,Temps couvert,Autre collision,,,,,,,,,,,1,1,1,8,6.0
201600043031,0016-06-04 21:10:00,16,6,4,21,10,940,21,RUE PAUL HOCHART,,,Plein jour,En agglomération,Hors intersection,Normale,Autre collision,,,,,,,,,,,1,2,1,1,6.0
201600043032,0016-06-06 16:50:00,16,6,6,16,50,940,34,"13, PARC DES SPORTS (AV",,,Plein jour,En agglomération,Hors intersection,Normale,Autre collision,,,,,,,,,,,1,2,1,1,6.0
201600043033,0016-06-03 19:30:00,16,6,3,19,30,940,65,"., AVERNAISES (CHE DES)",,,Plein jour,Hors agglomération,Hors intersection,Normale,Trois véhicules et plus - en chaîne,,,,,,,,,,,1,1,1,1,4.0
201600043034,0016-06-09 08:00:00,16,6,9,8,0,940,34,"37, HENRI BARBUSSE (R)",,,Plein jour,En agglomération,Hors intersection,Normale,Autre collision,,,,,,,,,,,1,2,1,1,6.0
201600043035,0016-06-09 13:00:00,16,6,9,13,0,940,73,RN 186,48.754,2.37086,Plein jour,Hors agglomération,Hors intersection,Normale,Deux véhicules - arrière,,,,,,,,,,,1,1,1,1,2.0
201600043036,0016-06-09 15:00:00,16,6,9,15,0,940,65,TROIS MARCHES (Av des),,,Plein jour,En agglomération,Giratoire,Normale,Deux véhicules - côté,,,,,,,,,,,1,2,6,1,3.0
201600043037,0016-06-09 15:50:00,16,6,9,15,50,940,73,VERSAILLES (AV DE),,,Plein jour,En agglomération,Hors intersection,Normale,Trois véhicules et plus - collisions multiples,,,,,,,,,,,1,2,1,1,5.0
201600043038,0016-06-10 12:00:00,16,6,10,12,0,940,38,PAUL VAILLANT COUTURIER,,,Plein jour,En agglomération,Intersection en X,Normale,Deux véhicules - côté,,,,,,,,,,,1,2,2,1,3.0
201600043039,0016-06-10 17:45:00,16,6,10,17,45,940,65,LINDBERGH/,,,Plein jour,Hors agglomération,Intersection en T,Normale,Trois véhicules et plus - en chaîne,,,,,,,,,,,1,1,3,1,4.0
201600043040,0016-06-12 12:30:00,16,6,12,12,30,940,73,RENE PANHARD (AV),,,Plein jour,En agglomération,Hors intersection,Pluie légère,Deux véhicules - arrière,,,,,,,,,,,1,2,1,2,2.0
201600043041,0016-06-14 12:50:00,16,6,14,12,50,940,65,FONTAINEBLEAU - CAR BELL,,,Plein jour,En agglomération,Hors intersection,Normale,Deux véhicules - côté,,,,,,,,,,,1,2,1,1,3.0
201600043042,0016-06-14 15:25:00,16,6,14,15,25,940,21,"48, ADJUDANT CHEF DERICB",,,Plein jour,En agglomération,Hors intersection,Normale,Autre collision,,,,,,,,,,,1,2,1,1,6.0
201600043043,0016-06-15 09:30:00,16,6,15,9,30,940,38,CHEVILLY (R DE),,,Plein jour,En agglomération,Intersection en X,Normale,Deux véhicules - frontale,,,,,,,,,,,1,2,2,1,1.0
201600043044,0016-06-15 11:25:00,16,6,15,11,25,940,65,TROIS MARCHES (AV) / MIN,,,Plein jour,Hors agglomération,Giratoire,Normale,Deux véhicules - côté,,,,,,,,,,,1,1,6,1,3.0
201600043045,0016-06-15 19:30:00,16,6,15,19,30,940,73,RN 186,48.7536,2.37923,Plein jour,Hors agglomération,Hors intersection,Normale,Trois véhicules et plus - en chaîne,,,,,,,,,,,1,1,1,1,4.0
201600043046,0016-06-16 09:00:00,16,6,16,9,0,940,38,HENRI THIRARD (R),,,Plein jour,En agglomération,Hors intersection,Normale,Deux véhicules - arrière,,,,,,,,,,,1,2,1,1,2.0
201600043047,0016-06-16 19:00:00,16,6,16,19,0,940,73,RN 186,48.7539,2.3725,Plein jour,En agglomération,Hors intersection,Normale,Trois véhicules et plus - collisions multiples,,,,,,,,,,,1,2,1,1,5.0
201600043048,0016-06-21 17:30:00,16,6,21,17,30,940,73,"14, RENE PANHARD (AV)",,,Plein jour,En agglomération,Hors intersection,Normale,Deux véhicules - frontale,,,,,,,,,,,1,2,1,1,1.0
201600043049,0016-06-22 02:50:00,16,6,22,2,50,940,73,STALINGRAD - CAR DES TRO,,,Nuit avec éclairage allumé,En agglomération,Hors intersection,Pluie légère,Deux véhicules - côté,,,,,,,,,,,5,2,1,2,3.0
201600043050,0016-06-22 14:40:00,16,6,22,14,40,940,34,PARC MEDICIS (AV DU),,,Plein jour,En agglomération,Intersection en X,Normale,Trois véhicules et plus - collisions multiples,,,,,,,,,,,1,2,2,1,5.0
201600043051,0016-06-22 15:10:00,16,6,22,15,10,940,21,"344, STALINGRAD (AV DE)",,,Plein jour,En agglomération,Hors intersection,Temps couvert,Autre collision,,,,,,,,,,,1,2,1,8,6.0
201600043052,0016-06-22 22:00:00,16,6,22,22,0,940,38,CHEVILLY (R DE),,,Crépuscule ou aube,En agglomération,Hors intersection,Normale,Deux véhicules - frontale,,,,,,,,,,,2,2,1,1,1.0
201600043053,0016-06-24 13:10:00,16,6,24,13,10,940,21,"., DES MARAICHERS (AVENU",,,Plein jour,En agglomération,Autre intersection,Normale,Deux véhicules - arrière,,,,,,,,,,,1,2,9,1,2.0
201600043054,0016-06-25 08:45:00,16,6,25,8,45,940,38,PAUL VAILLANT COUTURIER,,,Plein jour,En agglomération,Intersection en X,Normale,Autre collision,,,,,,,,,,,1,2,2,1,6.0
201600043055,0016-06-25 18:40:00,16,6,25,18,40,940,38,"10, GENERAL DE GAULLE (A",,,Plein jour,En agglomération,Hors intersection,Normale,Autre collision,,,,,,,,,,,1,2,1,1,6.0
201600043056,0016-06-28 05:30:00,16,6,28,5,30,940,73,BAS MARIN (R DU),,,Crépuscule ou aube,En agglomération,Hors intersection,Normale,Deux véhicules - arrière,,,,,,,,,,,2,2,1,1,2.0
201600043057,0016-06-29 14:00:00,16,6,29,14,0,940,73,"7, ALOUETTES (R DES)",,,Plein jour,En agglomération,Hors intersection,Normale,Deux véhicules - côté,,,,,,,,,,,1,2,1,1,3.0
201600043058,0016-06-30 00:10:00,16,6,30,0,10,940,73,MAXIMILIEN ROBESPIERRE (,,,Nuit avec éclairage allumé,En agglomération,Hors intersection,Normale,Autre collision,,,,,,,,,,,5,2,1,1,6.0
201600043059,0016-07-01 11:45:00,16,7,1,11,45,940,73,LUXEMBOURG (AV DU),,,Plein jour,Hors agglomération,Autre intersection,Normale,Autre collision,,,,,,,,,,,1,1,9,1,6.0
201600043060,0016-07-02 10:25:00,16,7,2,10,25,940,38,PAUL VAILLANT COUTURIER,,,Plein jour,En agglomération,Hors intersection,Normale,Deux véhicules - côté,,,,,,,,,,,1,2,1,1,3.0
201600043061,0016-07-04 15:20:00,16,7,4,15,20,940,21,GENERAL DE GAULLE (AV DU,,,Plein jour,En agglomération,Hors intersection,Normale,Deux véhicules - arrière,,,,,,,,,,,1,2,1,1,2.0
201600043062,0016-07-05 17:00:00,16,7,5,17,0,940,73,"face 17, DOCTEUR MARIE (",,,Plein jour,En agglomération,Hors intersection,Normale,Deux véhicules - arrière,,,,,,,,,,,1,2,1,1,2.0
201600043063,0016-07-05 17:20:00,16,7,5,17,20,940,38,PAUL VAILLANT COUTURIER,,,Plein jour,En agglomération,Intersection en X,Normale,Deux véhicules - arrière,,,,,,,,,,,1,2,2,1,2.0
201600043064,0016-07-05 18:40:00,16,7,5,18,40,940,73,BAS MARIN (R DU),,,Plein jour,Hors agglomération,Hors intersection,Normale,Deux véhicules - côté,,,,,,,,,,,1,1,1,1,3.0
201600043065,0016-07-08 23:40:00,16,7,8,23,40,940,73,RN 186,48.7535,2.37439,Nuit avec éclairage allumé,Hors agglomération,Hors intersection,Normale,Deux véhicules - côté,,,,,,,,,,,5,1,1,1,3.0
201600043066,0016-07-10 21:20:00,16,7,10,21,20,940,38,BELLEVUE (R DE),,,Plein jour,En agglomération,Hors intersection,Normale,Autre collision,,,,,,,,,,,1,2,1,1,6.0
201600043067,0016-07-11 00:35:00,16,7,11,0,35,940,21,STALINGRAD (AV DE),,,Nuit avec éclairage allumé,En agglomération,Hors intersection,Normale,Sans collision,,,,,,,,,,,5,2,1,1,7.0
201600043068,0016-07-11 15:10:00,16,7,11,15,10,940,38,"35, PAUL HOCHART (R)",,,Plein jour,En agglomération,Hors intersection,Normale,Deux véhicules - frontale,,,,,,,,,,,1,2,1,1,1.0
201600043069,0016-07-11 19:15:00,16,7,11,19,15,940,34,"03, PASTEUR (BD)",,,Plein jour,En agglomération,Hors intersection,Normale,Autre collision,,,,,,,,,,,1,2,1,1,6.0
201600043070,0016-07-15 05:45:00,16,7,15,5,45,940,65,CHARLES LINDBERGH (AV),,,Crépuscule ou aube,En agglomération,Hors intersection,Normale,Deux véhicules - côté,,,,,,,,,,,2,2,1,1,3.0
201600043071,0016-07-15 10:00:00,16,7,15,10,0,940,65,QUAI DE LORIENT,,,Plein jour,En agglomération,Intersection en T,Normale,Autre collision,,,,,,,,,,,1,2,3,1,6.0
201600043072,0016-07-15 19:10:00,16,7,15,19,10,940,38,"26, HENRI THIRARD (R)",,,Plein jour,En agglomération,Hors intersection,Normale,Deux véhicules - côté,,,,,,,,,,,1,2,1,1,3.0
201600043073,0016-07-16 13:15:00,16,7,16,13,15,940,73,DOCTEUR MARIE (R DU),,,Plein jour,En agglomération,Intersection en X,Normale,Deux véhicules - côté,,,,,,,,,,,1,2,2,1,3.0
201600043074,0016-07-17 02:00:00,16,7,17,2,0,940,38,BICETRE (R DE),,,Nuit avec éclairage allumé,En agglomération,Hors intersection,Normale,Deux véhicules - côté,,,,,,,,,,,5,2,1,1,3.0
201600043075,0016-07-17 18:30:00,16,7,17,18,30,940,21,STALINGRAD (AV DE),,,Plein jour,Hors agglomération,Hors intersection,Normale,Deux véhicules - arrière,,,,,,,,,,,1,1,1,1,2.0
201600043076,0016-07-19 08:35:00,16,7,19,8,35,940,34,PASTEUR (BD),,,Plein jour,En agglomération,Intersection en X,Normale,Deux véhicules - côté,,,,,,,,,,,1,2,2,1,3.0
201600043077,0016-07-20 19:00:00,16,7,20,19,0,940,34,DOCTEUR CHARCOT (R DU),,,Plein jour,En agglomération,Hors intersection,Normale,Autre collision,,,,,,,,,,,1,2,1,1,6.0
201600043078,0016-07-21 03:35:00,16,7,21,3,35,940,21,JEAN MERMOZ (BD),,,Nuit avec éclairage allumé,En agglomération,Giratoire,Normale,Deux véhicules - côté,,,,,,,,,,,5,2,6,1,3.0
201600043079,0016-07-21 09:50:00,16,7,21,9,50,940,21,11 novembre 1918 (Rue),,,Plein jour,En agglomération,Hors intersection,Normale,Deux véhicules - frontale,,,,,,,,,,,1,2,1,1,1.0
201600043080,0016-07-23 06:20:00,16,7,23,6,20,940,38,"29, ARISTIDE BRIAND (AV)",,,Plein jour,En agglomération,Hors intersection,Normale,Autre collision,,,,,,,,,,,1,2,1,1,6.0
201600043081,0016-07-23 10:00:00,16,7,23,10,0,940,73,RN 186,48.7536,2.37778,Plein jour,Hors agglomération,Hors intersection,Normale,Deux véhicules - arrière,,,,,,,,,,,1,1,1,1,2.0
201600043082,0016-07-25 20:00:00,16,7,25,20,0,940,73,RN 186,48.7537,2.37377,Plein jour,Hors agglomération,Hors intersection,Normale,Deux véhicules - arrière,,,,,,,,,,,1,1,1,1,2.0
201600043083,0016-07-30 13:20:00,16,7,30,13,20,940,21,"17, PETIT LEROY (R DU)",,,Plein jour,Hors agglomération,Hors intersection,Normale,Sans collision,,,,,,,,,,,1,1,1,1,7.0
201600043084,0016-08-01 13:00:00,16,8,1,13,0,940,73,VERSAILLES (AV DE),,,Plein jour,En agglomération,Hors intersection,Normale,Deux véhicules - arrière,,,,,,,,,,,1,2,1,1,2.0
201600043085,0016-08-01 13:30:00,16,8,1,13,30,940,54,AV DU DOCTEUR MARIE,48.7461,2.37183,Plein jour,En agglomération,Hors intersection,Normale,Deux véhicules - côté,,,,,,,,,,,1,2,1,1,3.0
201600043086,0016-08-03 16:30:00,16,8,3,16,30,940,38,"97, PAUL VAILLANT COUTUR",,,Plein jour,En agglomération,Hors intersection,Normale,Deux véhicules - arrière,,,,,,,,,,,1,2,1,1,2.0
201600043087,0016-08-04 01:50:00,16,8,4,1,50,940,73,ALOUETTES (R DES),,,Nuit sans éclairage public,En agglomération,Hors intersection,Normale,Deux véhicules - côté,,,,,,,,,,,3,2,1,1,3.0
201600043088,0016-08-06 09:00:00,16,8,6,9,0,940,73,"., REPUBLIQUE (AV DE LA)",,,Plein jour,En agglomération,Hors intersection,Normale,Deux véhicules - côté,,,,,,,,,,,1,2,1,1,3.0
201600043089,0016-08-08 12:30:00,16,8,8,12,30,940,38,CHEVILLY (R DE),,,Plein jour,En agglomération,Hors intersection,Normale,Deux véhicules - côté,,,,,,,,,,,1,2,1,1,3.0
201600043090,0016-08-11 17:15:00,16,8,11,17,15,940,34,THUYAS (ALL DES),,,Plein jour,En agglomération,Hors intersection,Normale,Autre collision,,,,,,,,,,,1,2,1,1,6.0
201600043091,0016-08-20 00:30:00,16,8,20,0,30,940,73,boulevard de l'europe,,,Nuit avec éclairage allumé,En agglomération,Hors intersection,Normale,Autre collision,,,,,,,,,,,5,2,1,1,6.0
201600043092,0016-08-20 12:20:00,16,8,20,12,20,940,38,JEAN JAURES (R),,,Plein jour,En agglomération,Hors intersection,Normale,Deux véhicules - arrière,,,,,,,,,,,1,2,1,1,2.0
201600043093,0016-08-21 13:00:00,16,8,21,13,0,940,38,CHEVILLY (R DE),,,Plein jour,En agglomération,Hors intersection,Pluie légère,Autre collision,,,,,,,,,,,1,2,1,2,6.0
201600043094,0016-08-29 11:18:00,16,8,29,11,18,940,34,"4, STALINGRAD/BUTTE",48.7593,2.33108,Plein jour,En agglomération,Intersection en T,Normale,Autre collision,,,,,,,,,,,1,2,3,1,6.0
201600043095,0016-08-29 19:40:00,16,8,29,19,40,940,34,CERISAIE (AV DE LA),,,Plein jour,En agglomération,Hors intersection,Normale,Autre collision,,,,,,,,,,,1,2,1,1,6.0
201600043096,0016-08-31 13:25:00,16,8,31,13,25,940,21,GEORGES GUYNEMER (AV),,,Plein jour,Hors agglomération,Autre intersection,Normale,Deux véhicules - côté,,,,,,,,,,,1,1,9,1,3.0
201600043097,0016-09-02 13:30:00,16,9,2,13,30,940,34,"21, MAURICE TENINE (R)",,,Plein jour,En agglomération,Hors intersection,Normale,Deux véhicules - côté,,,,,,,,,,,1,2,1,1,3.0
201600043098,0016-09-03 16:00:00,16,9,3,16,0,940,21,STALINGRAD (AV DE),,,Plein jour,En agglomération,Hors intersection,Normale,Deux véhicules - côté,,,,,,,,,,,1,2,1,1,3.0