accident_id,datetime,annee,mois,jour,heure,minute,departement,commune_insee,adresse,latitude,longitude,luminosite,agglomeration,intersection,meteo,collision,nb_vehicules,nb_usagers,nb_indemnes,nb_tues,nb_blesses_hosp,nb_blesses_legers,age_cond_1,age_cond_2,veh_type_cond_1,veh_type_cond_2,lum_code,agg_code,int_code,atm_code,col_code
201600043099,0016-09-05 13:20:00,16,9,5,13,20,940,38,"., FLOUQUET (AV)",,,Plein jour,En agglomération,Giratoire,Pluie légère,Sans collision,,,,,,,,,,,1,2,6,2,7.0
201600043100,0016-09-05 15:40:00,16,9,5,15,40,940,21,"., FRANKLIN ROOSEVELT (A",,,Plein jour,En agglomération,Intersection en T,Pluie légère,Deux véhicules - frontale,,,,,,,,,,,1,2,3,2,1.0
201600043101,0016-09-06 16:15:00,16,9,6,16,15,940,73,JEAN JAURES (R),,,Plein jour,En agglomération,Hors intersection,Temps couvert,Deux véhicules - frontale,,,,,,,,,,,1,2,1,8,1.0
201600043102,0016-09-07 17:25:00,16,9,7,17,25,940,38,"16, SAINTE COLOMBE (R)",,,Plein jour,En agglomération,Hors intersection,Normale,Autre collision,,,,,,,,,,,1,2,1,1,6.0
201600043103,0016-09-08 07:30:00,16,9,8,7,30,940,65,RN 186,48.7554,2.34411,Plein jour,En agglomération,Hors intersection,Normale,Deux véhicules - arrière,,,,,,,,,,,1,2,1,1,2.0
201600043104,0016-09-09 08:45:00,16,9,9,8,45,940,21,FRANCHE COMTE (ALL DE),,,Plein jour,En agglomération,Intersection en X,Normale,Deux véhicules - côté,,,,,,,,,,,1,2,2,1,3.0
201600043105,0016-09-12 18:45:00,16,9,12,18,45,940,65,REPUBLIQUE (AV DE LA),,,Plein jour,En agglomération,Hors intersection,Normale,Deux véhicules - arrière,,,,,,,,,,,1,2,1,1,2.0
201600043106,0016-09-13 14:30:00,16,9,13,14,30,940,21,"12, PERE MAZURIE (R DU)",,,Plein jour,En agglomération,Autre intersection,Normale,Deux véhicules - frontale,,,,,,,,,,,1,2,9,1,1.0
201600043107,0016-09-14 14:45:00,16,9,14,14,45,940,73,COUTURE DU MOULIN (R DE,,,Plein jour,En agglomération,Hors intersection,Normale,Deux véhicules - frontale,,,,,,,,,,,1,2,1,1,1.0
201600043108,0016-09-14 22:15:00,16,9,14,22,15,940,73,rond point d'Espagne,,,Nuit avec éclairage allumé,En agglomération,Hors intersection,Normale,Autre collision,,,,,,,,,,,5,2,1,1,6.0
201600043109,0016-09-16 08:30:00,16,9,16,8,30,940,34,"., DIX NEUF MARS 1962 (S",,,Plein jour,En agglomération,Place,Normale,Autre collision,,,,,,,,,,,1,2,7,1,6.0
201600043110,0016-09-16 16:55:00,16,9,16,16,55,940,38,"25, SAINTE COLOMBE (R)",,,Plein jour,En agglomération,Hors intersection,Pluie légère,Sans collision,,,,,,,,,,,1,2,1,2,7.0
201600043111,0016-09-17 08:45:00,16,9,17,8,45,940,38,MADELEINE (R),,,Plein jour,En agglomération,Intersection en X,Autre,Deux véhicules - arrière,,,,,,,,,,,1,2,2,9,2.0
201600043112,0016-09-25 13:30:00,16,9,25,13,30,940,73,"., DOCTEUR MARIE (R DU)",,,Plein jour,En agglomération,Hors intersection,Pluie légère,Deux véhicules - arrière,,,,,,,,,,,1,2,1,2,2.0
201600043113,0016-09-28 10:00:00,16,9,28,10,0,940,38,PAUL VAILLANT COUTURIER,,,Plein jour,En agglomération,Hors intersection,Normale,Deux véhicules - arrière,,,,,,,,,,,1,2,1,1,2.0
201600043114,0016-09-28 10:40:00,16,9,28,10,40,940,21,STADE (R DU),,,Plein jour,En agglomération,Hors intersection,Normale,Sans collision,,,,,,,,,,,1,2,1,1,7.0
201600043115,0016-09-28 14:00:00,16,9,28,14,0,940,65,CHARENTES (AVENUE DES),,,Plein jour,En agglomération,Hors intersection,Normale,Deux véhicules - arrière,,,,,,,,,,,1,2,1,1,2.0
201600043116,0016-09-29 13:30:00,16,9,29,13,30,940,21,"., PROVENCE (R DE)",,,Plein jour,En agglomération,Hors intersection,Normale,Deux véhicules - arrière,,,,,,,,,,,1,2,1,1,2.0
201600043117,0016-10-03 17:55:00,16,10,3,17,55,940,73,"., GENERAL LECLERC (PL D",,,Plein jour,En agglomération,Passage à niveau,Normale,Autre collision,,,,,,,,,,,1,2,8,1,6.0
201600043118,0016-10-05 13:35:00,16,10,5,13,35,940,34,"., PASTEUR (BD)",,,Plein jour,En agglomération,Hors intersection,Normale,Deux véhicules - frontale,,,,,,,,,,,1,2,1,1,1.0
201600043119,0016-10-10 09:40:00,16,10,10,9,40,940,73,FONTAINEBLEAU - CAR BELL,,,Plein jour,En agglomération,Hors intersection,Normale,Autre collision,,,,,,,,,,,1,2,1,1,6.0
201600043120,0016-10-15 05:45:00,16,10,15,5,45,940,65,RN 186,48.7538,2.35796,Nuit avec éclairage allumé,Hors agglomération,Hors intersection,Temps couvert,Autre collision,,,,,,,,,,,5,1,1,8,6.0
201600043121,0016-10-15 21:25:00,16,10,15,21,25,940,34,DIVISION LECLERC (AV DE,,,Nuit sans éclairage public,En agglomération,Autre intersection,Normale,Deux véhicules - côté,,,,,,,,,,,3,2,9,1,3.0
201600043122,0016-10-16 01:15:00,16,10,16,1,15,940,73,RD 186/RD 153,48.7557,2.38526,Nuit avec éclairage allumé,Hors agglomération,Intersection en X,Normale,Deux véhicules - arrière,,,,,,,,,,,5,1,2,1,2.0
201600043123,0016-10-16 19:05:00,16,10,16,19,5,940,73,"., Boulevard du Nord",,,Crépuscule ou aube,En agglomération,Hors intersection,Normale,Sans collision,,,,,,,,,,,2,2,1,1,7.0
201600043124,0016-10-18 07:50:00,16,10,18,7,50,940,73,"20, SAUSSAIE (R DE LA)",,,Nuit avec éclairage allumé,En agglomération,Hors intersection,Normale,Deux véhicules - frontale,,,,,,,,,,,5,2,1,1,1.0
201600043125,0016-10-19 14:00:00,16,10,19,14,0,940,73,"2, HELENE MULLER (R)",,,Plein jour,En agglomération,Hors intersection,Normale,Deux véhicules - côté,,,,,,,,,,,1,2,1,1,3.0
201600043126,0016-10-20 20:30:00,16,10,20,20,30,940,34,"62, PASTEUR (BD)",,,Nuit avec éclairage allumé,En agglomération,Intersection en T,Normale,Deux véhicules - côté,,,,,,,,,,,5,2,3,1,3.0
201600043127,0016-10-21 17:05:00,16,10,21,17,5,940,65,"01, AUGUSTE PERRET (R)",,,Plein jour,En agglomération,Hors intersection,Pluie légère,Autre collision,,,,,,,,,,,1,2,1,2,6.0
201600043128,0016-10-26 13:21:00,16,10,26,13,21,940,34,JACHERES (ALL DES),,,Plein jour,Hors agglomération,Hors intersection,Normale,Autre collision,,,,,,,,,,,1,1,1,1,6.0
201600043129,0016-10-26 18:40:00,16,10,26,18,40,940,34,"18, PARC DES SPORTS (AV",,,Nuit avec éclairage allumé,En agglomération,Hors intersection,Normale,Deux véhicules - côté,,,,,,,,,,,5,2,1,1,3.0
201600043130,0016-10-27 03:15:00,16,10,27,3,15,940,65,"15, TROIS MARCHES (Av de",,,Nuit avec éclairage allumé,En agglomération,Intersection en X,Normale,Deux véhicules - côté,,,,,,,,,,,5,2,2,1,3.0
201600043131,0016-10-28 07:40:00,16,10,28,7,40,940,34,"., OTAGES (CHE DES)",,,Crépuscule ou aube,En agglomération,Autre intersection,Normale,Sans collision,,,,,,,,,,,2,2,9,1,7.0
201600043132,0016-10-28 09:00:00,16,10,28,9,0,940,73,"., ALOUETTES (R DES)",,,Plein jour,En agglomération,Hors intersection,Normale,Deux véhicules - arrière,,,,,,,,,,,1,2,1,1,2.0
201600043133,0016-10-28 15:00:00,16,10,28,15,0,940,73,rond point d'Espagne,,,Plein jour,Hors agglomération,Intersection en X,Normale,Deux véhicules - côté,,,,,,,,,,,1,1,2,1,3.0
201600043134,0016-10-30 18:55:00,16,10,30,18,55,940,38,"., PAUL VAILLANT COUTURI",,,Nuit avec éclairage allumé,En agglomération,Hors intersection,Normale,Autre collision,,,,,,,,,,,5,2,1,1,6.0
201600043135,0016-11-02 12:20:00,16,11,2,12,20,940,73,"., FONTAINEBLEAU (AV DE)",,,Plein jour,En agglomération,Hors intersection,Normale,Deux véhicules - côté,,,,,,,,,,,1,2,1,1,3.0
201600043136,0016-11-02 14:50:00,16,11,2,14,50,940,38,"., MARC SANGNIER (R)",,,Plein jour,Hors agglomération,Hors intersection,Normale,Deux véhicules - côté,,,,,,,,,,,1,1,1,1,3.0
201600043137,0016-11-02 16:55:00,16,11,2,16,55,940,34,"., JEAN JAURES (BD)",,,Plein jour,En agglomération,Hors intersection,Normale,Deux véhicules - côté,,,,,,,,,,,1,2,1,1,3.0
201600043138,0016-11-03 13:05:00,16,11,3,13,5,940,73,"06, ALOUETTES (R DES)",,,Plein jour,En agglomération,Hors intersection,Normale,Deux véhicules - frontale,,,,,,,,,,,1,2,1,1,1.0
201600043139,0016-11-03 15:00:00,16,11,3,15,0,940,38,"222, FLOUQUET (AV)",,,Plein jour,En agglomération,Hors intersection,Normale,Autre collision,,,,,,,,,,,1,2,1,1,6.0
201600043140,0016-11-04 17:30:00,16,11,4,17,30,940,38,"., JEAN JAURES (R)",,,Crépuscule ou aube,En agglomération,Hors intersection,Pluie légère,Autre collision,,,,,,,,,,,2,2,1,2,6.0
201600043141,0016-11-06 11:20:00,16,11,6,11,20,940,73,"., ALOUETTES (R DES)",,,Plein jour,En agglomération,Autre intersection,Normale,Deux véhicules - frontale,,,,,,,,,,,1,2,9,1,1.0
201600043142,0016-11-06 12:00:00,16,11,6,12,0,940,73,"12, BAS MARIN (R DU)",,,Plein jour,En agglomération,Hors intersection,Normale,Deux véhicules - arrière,,,,,,,,,,,1,2,1,1,2.0
201600043143,0016-11-07 09:45:00,16,11,7,9,45,940,34,"., DIVISION LECLERC (AV",,,Plein jour,En agglomération,Hors intersection,Pluie légère,Autre collision,,,,,,,,,,,1,2,1,2,6.0
201600043144,0016-11-07 13:00:00,16,11,7,13,0,940,38,"19, GENERAL LECLERC (AV",,,Plein jour,En agglomération,Hors intersection,Pluie légère,Deux véhicules - côté,,,,,,,,,,,1,2,1,2,3.0
201600043145,0016-11-08 08:25:00,16,11,8,8,25,940,65,"., AU LARD (VOI)",,,Plein jour,En agglomération,Hors intersection,Normale,Autre collision,,,,,,,,,,,1,2,1,1,6.0
201600043146,0016-11-10 18:35:00,16,11,10,18,35,940,38,"140, CHEVILLY (R DE)",,,Nuit avec éclairage allumé,En agglomération,Intersection en T,Pluie forte,Autre collision,,,,,,,,,,,5,2,3,3,6.0
201600043147,0016-11-11 07:00:00,16,11,11,7,0,940,73,RN 186,48.7536,2.37624,Nuit avec éclairage allumé,En agglomération,Hors intersection,Normale,Autre collision,,,,,,,,,,,5,2,1,1,6.0
201600043148,0016-11-11 23:00:00,16,11,11,23,0,940,73,"., LUXEMBOURG (AV DU)",,,Nuit avec éclairage allumé,En agglomération,Hors intersection,Autre,Deux véhicules - arrière,,,,,,,,,,,5,2,1,9,2.0
201600043149,0016-11-12 23:50:00,16,11,12,23,50,940,34,"., DIVISION LECLERC (AV",,,Nuit avec éclairage allumé,En agglomération,Intersection en X,Pluie légère,Deux véhicules - côté,,,,,,,,,,,5,2,2,2,3.0
201600043150,0016-11-13 12:50:00,16,11,13,12,50,940,73,"2, ALOUETTES (R DES)",,,Plein jour,En agglomération,Hors intersection,Pluie légère,Deux véhicules - côté,,,,,,,,,,,1,2,1,2,3.0
201600043151,0016-11-14 07:30:00,16,11,14,7,30,940,73,"., DOCTEUR MARIE (R DU)",,,Crépuscule ou aube,En agglomération,Intersection en X,Autre,Deux véhicules - frontale,,,,,,,,,,,2,2,2,9,1.0
201600043152,0016-11-22 08:20:00,16,11,22,8,20,940,73,"., ALOUETTES (R DES)",,,Plein jour,En agglomération,Hors intersection,Normale,Deux véhicules - côté,,,,,,,,,,,1,2,1,1,3.0
201600043153,0016-11-23 02:27:00,16,11,23,2,27,940,21,"194, STALINGRAD (AV DE)",,,Nuit avec éclairage allumé,En agglomération,Hors intersection,Pluie légère,Autre collision,,,,,,,,,,,5,2,1,2,6.0
201600043154,0016-11-23 05:00:00,16,11,23,5,0,940,73,RN 186,48.7536,2.37666,Nuit avec éclairage non allumé,Hors agglomération,Hors intersection,Autre,Sans collision,,,,,,,,,,,4,1,1,9,7.0
201600043155,0016-11-23 08:10:00,16,11,23,8,10,940,73,"34, JEAN JAURES (R)",,,Plein jour,En agglomération,Hors intersection,Pluie légère,Autre collision,,,,,,,,,,,1,2,1,2,6.0
201600043156,0016-11-24 18:15:00,16,11,24,18,15,940,38,"., HENRI BARBUSSE (AV)",,,Nuit avec éclairage allumé,En agglomération,Intersection en X,Normale,Autre collision,,,,,,,,,,,5,2,2,1,6.0
201600043157,0016-11-26 05:50:00,16,11,26,5,50,940,21,"168, FRANKLIN ROOSEVELT",,,Nuit avec éclairage allumé,En agglomération,Giratoire,Pluie légère,Autre collision,,,,,,,,,,,5,2,6,2,6.0
201600043158,0016-11-30 08:15:00,16,11,30,8,15,940,73,"102, VERSAILLES (AV DE)",,,Crépuscule ou aube,En agglomération,Intersection en X,Normale,Autre collision,,,,,,,,,,,2,2,2,1,6.0
201600043159,0016-11-30 10:20:00,16,11,30,10,20,940,21,"22, PETIT LEROY (R DU)",,,Plein jour,En agglomération,Giratoire,Normale,Autre collision,,,,,,,,,,,1,2,6,1,6.0
201600043160,0016-11-30 18:05:00,16,11,30,18,5,940,38,"126, ARISTIDE BRIAND (AV",,,Nuit avec éclairage allumé,En agglomération,Passage à niveau,Normale,Autre collision,,,,,,,,,,,5,2,8,1,6.0
201600043161,0016-12-02 08:45:00,16,12,2,8,45,940,34,"., LIBERTE (AV DE LA)",,,Plein jour,Hors agglomération,Hors intersection,Normale,Deux véhicules - côté,,,,,,,,,,,1,1,1,1,3.0
201600043162,0016-12-02 20:10:00,16,12,2,20,10,940,38,"., PAUL HOCHART (R)",,,Nuit avec éclairage allumé,En agglomération,Intersection en T,Normale,Deux véhicules - arrière,,,,,,,,,,,5,2,3,1,2.0
201600043163,0016-12-03 10:10:00,16,12,3,10,10,940,38,HENRI BARBUSSE (AV),,,Plein jour,En agglomération,Passage à niveau,Normale,Autre collision,,,,,,,,,,,1,2,8,1,6.0
201600043164,0016-12-03 14:10:00,16,12,3,14,10,940,73,"2, DOCTEUR MARIE (R DU)",,,Plein jour,En agglomération,Hors intersection,Normale,Deux véhicules - arrière,,,,,,,,,,,1,2,1,1,2.0
201600043165,0016-12-04 17:35:00,16,12,4,17,35,940,65,CHARLES LINDBERGH (AV),,,Nuit avec éclairage allumé,En agglomération,Hors intersection,Normale,Deux véhicules - arrière,,,,,,,,,,,5,2,1,1,2.0
201600043166,0016-12-06 09:45:00,16,12,6,9,45,940,73,PRESIDENT ROOSEVELT (AV,,,Plein jour,Hors agglomération,Intersection en T,Normale,Trois véhicules et plus - collisions multiples,,,,,,,,,,,1,1,3,1,5.0
201600043167,0016-12-11 05:40:00,16,12,11,5,40,940,21,GEORGES GUYNEMER (AV),,,Nuit avec éclairage allumé,Hors agglomération,Hors intersection,Temps couvert,Deux véhicules - frontale,,,,,,,,,,,5,1,1,8,1.0
201600043168,0016-12-12 15:10:00,16,12,12,15,10,940,34,"20, REPUBLIQUE (AV DE LA",,,Plein jour,En agglomération,Intersection en T,Normale,Deux véhicules - côté,,,,,,,,,,,1,2,3,1,3.0
201600043169,0016-12-12 18:30:00,16,12,12,18,30,940,73,LUXEMBOURG (AV DU),,,Nuit avec éclairage allumé,En agglomération,Hors intersection,Pluie légère,Autre collision,,,,,,,,,,,5,2,1,2,6.0
201600043170,0016-12-15 01:15:00,16,12,15,1,15,940,73,GENERAL DE GAULLE (AV DU,,,Nuit avec éclairage allumé,En agglomération,Hors intersection,Normale,Autre collision,,,,,,,,,,,5,2,1,1,6.0
201600043171,0016-12-19 08:15:00,16,12,19,8,15,940,21,"382, STALINGRAD (AV DE)",,,Crépuscule ou aube,En agglomération,Hors intersection,Normale,Autre collision,,,,,,,,,,,2,2,1,1,6.0
201600043172,0016-12-20 09:45:00,16,12,20,9,45,940,65,RUE DU VIADUC,,,Plein jour,En agglomération,Intersection en T,Normale,Deux véhicules - côté,,,,,,,,,,,1,2,3,1,3.0
201600043173,0016-12-20 18:45:00,16,12,20,18,45,940,73,DOCTEUR MARIE (R DU),,,Nuit avec éclairage allumé,En agglomération,Hors intersection,Normale,Trois véhicules et plus - en chaîne,,,,,,,,,,,5,2,1,1,4.0
201600043174,0016-12-23 19:00:00,16,12,23,19,0,940,21,"., CROIX DU SUD (AV DE L",,,Nuit avec éclairage allumé,En agglomération,Intersection en T,Normale,Autre collision,,,,,,,,,,,5,2,3,1,6.0
201600043175,0016-01-06 13:45:00,16,1,6,13,45,940,41,"82, R MARAT",48.8072,2.39087,Plein jour,En agglomération,Hors intersection,Normale,Deux véhicules - arrière,,,,,,,,,,,1,2,1,1,2.0
201600043176,0016-03-21 13:37:00,16,3,21,13,37,940,41,CARNOT / LEFEVRE,48.8082,2.37013,Plein jour,En agglomération,Intersection en Y,Normale,Sans collision,,,,,,,,,,,1,2,4,1,7.0
201600043177,0016-08-17 11:15:00,16,8,17,11,15,940,41,"95, GEORGES GOSNAT (AV)",,,Plein jour,En agglomération,Hors intersection,Normale,Autre collision,,,,,,,,,,,1,2,1,1,6.0
201600043178,0016-01-14 07:50:00,16,1,14,7,50,940,41,"6, RASPAIL",48.812,2.38677,Nuit avec éclairage allumé,En agglomération,Hors intersection,Pluie forte,Autre collision,,,,,,,,,,,5,2,1,3,6.0
201600043179,0016-08-21 16:15:00,16,8,21,16,15,940,41,"2, NELSON MANDELA",,,Plein jour,Hors agglomération,Hors intersection,Normale,Trois véhicules et plus - en chaîne,,,,,,,,,,,1,1,1,1,4.0
201600043180,0016-01-17 19:10:00,16,1,17,19,10,940,41,PENICHES / GALILEE,48.8165,2.40364,Nuit avec éclairage allumé,En agglomération,Intersection en X,Normale,Deux véhicules - côté,,,,,,,,,,,5,2,2,1,3.0
201600043181,0016-06-17 18:55:00,16,6,17,18,55,940,41,"36, JEAN-BAPTISTE RENOUL",,,Plein jour,En agglomération,Hors intersection,Temps couvert,Deux véhicules - frontale,,,,,,,,,,,1,2,1,8,1.0
201600043182,0016-06-27 19:55:00,16,6,27,19,55,940,41,MARAT (R),,,Plein jour,En agglomération,Autre intersection,Normale,Autre collision,,,,,,,,,,,1,2,9,1,6.0
201600043183,0016-01-21 16:20:00,16,1,21,16,20,940,41,BD DU COLONEL FABIEN,48.8146,2.40671,Plein jour,En agglomération,Hors intersection,Normale,Deux véhicules - arrière,,,,,,,,,,,1,2,1,1,2.0
201600043184,0016-09-05 09:10:00,16,9,5,9,10,940,41,"135, VERDUN (AV DE)",,,Plein jour,En agglomération,Intersection en T,Pluie légère,Deux véhicules - côté,,,,,,,,,,,1,2,3,2,3.0
201600043185,0016-10-13 08:05:00,16,10,13,8,5,940,41,"4, HENRI BARBUSSE (AV)",,,Crépuscule ou aube,En agglomération,Hors intersection,Normale,Autre collision,,,,,,,,,,,2,2,1,1,6.0
201600043186,0016-09-10 20:35:00,16,9,10,20,35,940,41,VERDUN (AV DE),,,Nuit avec éclairage allumé,En agglomération,Autre intersection,Normale,Deux véhicules - côté,,,,,,,,,,,5,2,9,1,3.0
201600043187,0016-09-11 17:15:00,16,9,11,17,15,940,41,"04, ALBERT EINSTEIN (R)",,,Plein jour,En agglomération,Hors intersection,Normale,Deux véhicules - côté,,,,,,,,,,,1,2,1,1,3.0
201600043188,0016-09-12 10:25:00,16,9,12,10,25,940,41,"4, BRANDEBOURG (BD DE)",,,Plein jour,En agglomération,Hors intersection,Normale,Autre collision,,,,,,,,,,,1,2,1,1,6.0
201600043189,0016-09-12 10:10:00,16,9,12,10,10,940,41,"12, REPUBLIQUE (AV DE LA",,,Plein jour,En agglomération,Hors intersection,Normale,Deux véhicules - frontale,,,,,,,,,,,1,2,1,1,1.0
201600043190,0016-09-21 10:55:00,16,9,21,10,55,940,41,"85, GEORGES GOSNAT (AV)",,,Plein jour,En agglomération,Hors intersection,Normale,Autre collision,,,,,,,,,,,1,2,1,1,6.0
201600043191,0016-02-03 18:15:00,16,2,3,18,15,940,41,CURI / GALLEU,48.8152,2.37563,Crépuscule ou aube,En agglomération,Intersection en T,Pluie légère,Deux véhicules - côté,,,,,,,,,,,2,2,3,2,3.0
201600043192,0016-09-13 09:00:00,16,9,13,9,0,940,41,MAURICE GUNSBOURG (R),,,Plein jour,En agglomération,Intersection en T,Normale,Deux véhicules - côté,,,,,,,,,,,1,2,3,1,3.0
201600043193,0016-03-15 14:20:00,16,3,15,14,20,940,41,HUGO / MITTERRAND,48.8214,2.39036,Plein jour,En agglomération,Intersection en X,Normale,Deux véhicules - arrière,,,,,,,,,,,1,2,2,1,2.0
201600043194,0016-02-11 20:00:00,16,2,11,20,0,940,41,COUTURIER / L'AVENIR,48.8176,2.39862,Nuit avec éclairage allumé,En agglomération,Intersection en X,Normale,Deux véhicules - côté,,,,,,,,,,,5,2,2,1,3.0
201600043195,0016-02-12 12:15:00,16,2,12,12,15,940,41,CASANOVA / COLOMB,48.8171,2.38195,Plein jour,En agglomération,Intersection en T,Pluie légère,Deux véhicules - côté,,,,,,,,,,,1,2,3,2,3.0
201600043196,0016-09-21 20:15:00,16,9,21,20,15,940,41,FRANCOIS MITTERAND (RUE),,,Nuit avec éclairage allumé,En agglomération,Hors intersection,Normale,Deux véhicules - frontale,,,,,,,,,,,5,2,1,1,1.0
201600043197,0016-02-15 11:10:00,16,2,15,11,10,940,41,BD DE STALINGRAD,48.802,2.37896,Plein jour,En agglomération,Hors intersection,Normale,Deux véhicules - arrière,,,,,,,,,,,1,2,1,1,2.0
201600043198,0016-09-24 04:25:00,16,9,24,4,25,940,41,"171, MARCEL HARTMANN (R)",,,Nuit avec éclairage allumé,En agglomération,Hors intersection,Normale,Autre collision,,,,,,,,,,,5,2,1,1,6.0
201600043199,0016-02-17 09:30:00,16,2,17,9,30,940,41,CASANOVA / ESQUIROL,48.8144,2.38414,Plein jour,En agglomération,Intersection en T,Normale,Deux véhicules - côté,,,,,,,,,,,1,2,3,1,3.0
201600043200,0016-02-19 08:35:00,16,2,19,8,35,940,41,"2, PIERRE RIGAUD",48.8146,2.40209,Plein jour,En agglomération,Giratoire,Normale,Deux véhicules - côté,,,,,,,,,,,1,2,6,1,3.0
201600043201,0016-02-23 07:45:00,16,2,23,7,45,940,41,JUST / MARAT,48.8093,2.38645,Crépuscule ou aube,En agglomération,Intersection en T,Pluie légère,Autre collision,,,,,,,,,,,2,2,3,2,6.0
201600043202,0016-02-24 11:40:00,16,2,24,11,40,940,41,CARNOT / VERDUN,48.809,2.37329,Plein jour,En agglomération,Intersection en X,Normale,Deux véhicules - côté,,,,,,,,,,,1,2,2,1,3.0
201600043203,0016-04-20 10:40:00,16,4,20,10,40,940,41,QU AUGUSTE DESHAIES,48.8172,2.40569,Plein jour,En agglomération,Hors intersection,Normale,Deux véhicules - frontale,,,,,,,,,,,1,2,1,1,1.0
201600043204,0016-10-06 20:25:00,16,10,6,20,25,940,41,"68, MARAT (R)",,,Nuit avec éclairage allumé,En agglomération,Hors intersection,Normale,Autre collision,,,,,,,,,,,5,2,1,1,6.0
201600043205,0016-10-07 17:55:00,16,10,7,17,55,940,41,VERDUN (AV DE),,,Plein jour,En agglomération,Hors intersection,Normale,Autre collision,,,,,,,,,,,1,2,1,1,6.0
201600043206,0016-10-09 07:15:00,16,10,9,7,15,940,41,JEAN JAURES (AV),,,Crépuscule ou aube,En agglomération,Hors intersection,Normale,Autre collision,,,,,,,,,,,2,2,1,1,6.0
201600043207,0016-03-01 20:20:00,16,3,1,20,20,940,41,MITTERAND / BRUNESEAU,48.8245,2.38703,Nuit avec éclairage allumé,En agglomération,Intersection en T,Pluie légère,Deux véhicules - arrière,,,,,,,,,,,5,2,3,2,2.0
201600043208,0016-03-02 06:20:00,16,3,2,6,20,940,41,RASPAIL / COLOMBIER,48.8094,2.39043,Nuit avec éclairage allumé,En agglomération,Intersection en T,Pluie légère,Autre collision,,,,,,,,,,,5,2,3,2,6.0
201600043209,0016-10-10 08:15:00,16,10,10,8,15,940,41,"10, HENRI POURCHASSE (QU",,,Plein jour,En agglomération,Hors intersection,Normale,Deux véhicules - côté,,,,,,,,,,,1,2,1,1,3.0
201600043210,0016-10-11 13:15:00,16,10,11,13,15,940,41,"47, ERNEST RENAN (R)",,,Plein jour,En agglomération,Hors intersection,Normale,Deux véhicules - frontale,,,,,,,,,,,1,2,1,1,1.0
201600043211,0016-03-06 08:30:00,16,3,6,8,30,940,41,P V COUTURIER/FABIEN,48.8146,2.40209,Plein jour,En agglomération,Giratoire,Normale,Autre collision,,,,,,,,,,,1,2,6,1,6.0
201600043212,0016-05-21 12:45:00,16,5,21,12,45,940,41,"21, FRANCOIS MITTERAND",48.8227,2.38899,Plein jour,En agglomération,Hors intersection,Normale,Deux véhicules - frontale,,,,,,,,,,,1,2,1,1,1.0
201600043213,0016-03-12 15:10:00,16,3,12,15,10,940,41,BOYER / COUTURIER,48.8213,2.39428,Plein jour,En agglomération,Intersection en Y,Normale,Deux véhicules - frontale,,,,,,,,,,,1,2,4,1,1.0
201600043214,0016-10-20 20:05:00,16,10,20,20,5,940,41,"140-144, DANIELLE CASANO",,,Nuit avec éclairage allumé,En agglomération,Intersection en T,Temps couvert,Deux véhicules - côté,,,,,,,,,,,5,2,3,8,3.0
201600043215,0016-03-14 17:25:00,16,3,14,17,25,940,41,33 PIERRE SEMARD,48.8197,2.38004,Plein jour,En agglomération,Hors intersection,Normale,Deux véhicules - côté,,,,,,,,,,,1,2,1,1,3.0
201600043216,0016-10-22 13:20:00,16,10,22,13,20,940,41,"31, MICHELET (R)",,,Plein jour,En agglomération,Hors intersection,Normale,Autre collision,,,,,,,,,,,1,2,1,1,6.0
201600043217,0016-03-15 21:30:00,16,3,15,21,30,940,41,GEORGES MARRANE,48.8121,2.38738,Nuit avec éclairage allumé,En agglomération,Hors intersection,Normale,Autre collision,,,,,,,,,,,5,2,1,1,6.0
201600043218,0016-10-23 17:20:00,16,10,23,17,20,940,41,BAUDIN (R),,,Plein jour,En agglomération,Intersection en X,Pluie forte,Deux véhicules - côté,,,,,,,,,,,1,2,2,3,3.0
201600043219,0016-10-23 23:30:00,16,10,23,23,30,940,41,", GEORGES GOSNAT (AV)",,,Nuit sans éclairage public,En agglomération,Hors intersection,Pluie légère,Sans collision,,,,,,,,,,,3,2,1,2,7.0
201600043220,0016-10-25 15:00:00,16,10,25,15,0,940,41,"60, MAURICE THOREZ (AV)",,,Plein jour,En agglomération,Intersection en T,Normale,Autre collision,,,,,,,,,,,1,2,3,1,6.0
201600043221,0016-10-25 21:50:00,16,10,25,21,50,940,41,"104, DANIELLE CASANOVA (",,,Nuit avec éclairage allumé,En agglomération,Hors intersection,Normale,Deux véhicules - côté,,,,,,,,,,,5,2,1,1,3.0
201600043222,0016-03-19 06:08:00,16,3,19,6,8,940,41,CASANOVA / HUGO,48.8176,2.38157,Nuit avec éclairage allumé,En agglomération,Intersection en X,Temps couvert,Deux véhicules - côté,,,,,,,,,,,5,2,2,8,3.0
201600043223,0016-10-27 13:05:00,16,10,27,13,5,940,41,"03, VEROLLOT (IMP)",,,Plein jour,En agglomération,Hors intersection,Normale,Sans collision,,,,,,,,,,,1,2,1,1,7.0
201600043224,0016-10-28 09:40:00,16,10,28,9,40,940,41,"25, PIERRE ET MARIE CURI",,,Plein jour,En agglomération,Hors intersection,Normale,Deux véhicules - côté,,,,,,,,,,,1,2,1,1,3.0
201600043225,0016-10-28 10:20:00,16,10,28,10,20,940,41,"27B, JEAN JACQUES ROUSSE",,,Plein jour,En agglomération,Autre intersection,Normale,Autre collision,,,,,,,,,,,1,2,9,1,6.0
201600043226,0016-11-03 08:50:00,16,11,3,8,50,940,41,"30, JULES VANZUPPE (R)",,,Plein jour,En agglomération,Hors intersection,Normale,Deux véhicules - côté,,,,,,,,,,,1,2,1,1,3.0