accident_id,datetime,annee,mois,jour,heure,minute,departement,commune_insee,adresse,latitude,longitude,luminosite,agglomeration,intersection,meteo,collision,nb_vehicules,nb_usagers,nb_indemnes,nb_tues,nb_blesses_hosp,nb_blesses_legers,age_cond_1,age_cond_2,veh_type_cond_1,veh_type_cond_2,lum_code,agg_code,int_code,atm_code,col_code
201600043227,0016-11-03 08:40:00,16,11,3,8,40,940,41,"13, COLONEL FABIEN (BD D",,,Plein jour,En agglomération,Hors intersection,Normale,Deux véhicules - côté,,,,,,,,,,,1,2,1,1,3.0
201600043228,0016-11-03 18:15:00,16,11,3,18,15,940,41,"21, JEAN-BAPTISTE RENOUL",,,Nuit avec éclairage allumé,En agglomération,Hors intersection,Normale,Autre collision,,,,,,,,,,,5,2,1,1,6.0
201600043229,0016-11-09 16:45:00,16,11,9,16,45,940,41,"39, JEAN COMPAGNON (QU)",,,Crépuscule ou aube,En agglomération,Hors intersection,Pluie légère,Deux véhicules - arrière,,,,,,,,,,,2,2,1,2,2.0
201600043230,0016-04-03 00:15:00,16,4,3,0,15,940,41,PERI / GOSNAT,48.8117,2.38476,Nuit avec éclairage allumé,En agglomération,Intersection en T,Pluie légère,Autre collision,,,,,,,,,,,5,2,3,2,6.0
201600043231,0016-11-14 14:55:00,16,11,14,14,55,940,41,"55, COLONEL FABIEN (BD D",,,Plein jour,En agglomération,Hors intersection,Normale,Autre collision,,,,,,,,,,,1,2,1,1,6.0
201600043232,0016-11-17 21:30:00,16,11,17,21,30,940,41,"137, VERDUN (AV DE)",,,Nuit avec éclairage allumé,En agglomération,Hors intersection,Pluie légère,Autre collision,,,,,,,,,,,5,2,1,2,6.0
201600043233,0016-04-08 14:05:00,16,4,8,14,5,940,41,COMPAGNON / VANZUPPE,48.8206,2.39553,Plein jour,En agglomération,Intersection en X,Normale,Deux véhicules - côté,,,,,,,,,,,1,2,2,1,3.0
201600043234,0016-11-18 11:40:00,16,11,18,11,40,940,41,"109, VERDUN (AV DE)",,,Plein jour,En agglomération,Autre intersection,Normale,Deux véhicules - côté,,,,,,,,,,,1,2,9,1,3.0
201600043235,0016-11-18 16:20:00,16,11,18,16,20,940,41,"20, SAINT JUST (R)",,,Plein jour,En agglomération,Hors intersection,Normale,Autre collision,,,,,,,,,,,1,2,1,1,6.0
201600043236,0016-04-11 17:40:00,16,4,11,17,40,940,41,MICHELET / ROSTAING,48.8089,2.37912,Plein jour,En agglomération,Intersection en T,Pluie légère,Deux véhicules - côté,,,,,,,,,,,1,2,3,2,3.0
201600043237,0016-11-23 20:25:00,16,11,23,20,25,940,41,"79, VERDUN (AV DE)",,,Nuit avec éclairage allumé,En agglomération,Intersection en X,Normale,Deux véhicules - côté,,,,,,,,,,,5,2,2,1,3.0
201600043238,0016-11-24 19:20:00,16,11,24,19,20,940,41,"23, ERNEST RENAN (R)",,,Nuit avec éclairage allumé,En agglomération,Hors intersection,Normale,Deux véhicules - côté,,,,,,,,,,,5,2,1,1,3.0
201600043239,0016-04-15 16:50:00,16,4,15,16,50,940,41,STALINGRAD / R MICHELET,48.8069,2.37516,Plein jour,En agglomération,Intersection en X,Temps couvert,Autre collision,,,,,,,,,,,1,2,2,8,6.0
201600043240,0016-08-23 22:38:00,16,8,23,22,38,940,41,"12, LENINE (R)",,,Nuit avec éclairage allumé,En agglomération,Intersection en T,Normale,Trois véhicules et plus - en chaîne,,,,,,,,,,,5,2,3,1,4.0
201600043241,0016-12-02 23:20:00,16,12,2,23,20,940,41,"46, MICHELET (R)",,,Nuit avec éclairage allumé,En agglomération,Hors intersection,Normale,Autre collision,,,,,,,,,,,5,2,1,1,6.0
201600043242,0016-08-26 00:28:00,16,8,26,0,28,940,41,", DANIELLE CASANOVA (AV)",,,Nuit avec éclairage allumé,En agglomération,Hors intersection,Normale,Deux véhicules - frontale,,,,,,,,,,,5,2,1,1,1.0
201600043243,0016-12-04 21:05:00,16,12,4,21,5,940,41,"52, LENINE (R)",,,Nuit avec éclairage non allumé,Hors agglomération,Hors intersection,Normale,Deux véhicules - arrière,,,,,,,,,,,4,1,1,1,2.0
201600043244,0016-12-05 10:00:00,16,12,5,10,0,940,41,"44, BARBES (R)",,,Plein jour,En agglomération,Intersection en T,Normale,Deux véhicules - côté,,,,,,,,,,,1,2,3,1,3.0
201600043245,0016-04-27 00:25:00,16,4,27,0,25,940,41,GOSNAT / SPINOZA,48.8133,2.38834,Nuit avec éclairage allumé,En agglomération,Intersection en T,Normale,Autre collision,,,,,,,,,,,5,2,3,1,6.0
201600043246,0016-04-27 21:15:00,16,4,27,21,15,940,41,VERDUN / MARQUES,48.8173,2.36691,Nuit avec éclairage allumé,En agglomération,Intersection en X,Normale,Sans collision,,,,,,,,,,,5,2,2,1,7.0
201600043247,0016-05-01 21:45:00,16,5,1,21,45,940,41,AV DE LA REPUBLIQUE,48.8029,2.3968,Nuit avec éclairage allumé,En agglomération,Hors intersection,Normale,Deux véhicules - côté,,,,,,,,,,,5,2,1,1,3.0
201600043248,0016-12-14 08:30:00,16,12,14,8,30,940,41,"84, JEAN LE GALLEU (R)",,,Plein jour,En agglomération,Hors intersection,Normale,Deux véhicules - frontale,,,,,,,,,,,1,2,1,1,1.0
201600043249,0016-12-14 09:15:00,16,12,14,9,15,940,41,"19, RASPAIL (R)",,,Plein jour,En agglomération,Hors intersection,Normale,Deux véhicules - côté,,,,,,,,,,,1,2,1,1,3.0
201600043250,0016-09-15 13:15:00,16,9,15,13,15,940,41,"66, BRANDEBOURG/MOLIERE",,,Plein jour,En agglomération,Intersection en X,Pluie légère,Autre collision,,,,,,,,,,,1,2,2,2,6.0
201600043251,0016-12-18 06:00:00,16,12,18,6,0,940,41,"37, PIERRE SEMARD (AV)",,,Nuit sans éclairage public,En agglomération,Hors intersection,Normale,Autre collision,,,,,,,,,,,3,2,1,1,6.0
201600043252,0016-09-24 23:55:00,16,9,24,23,55,940,41,"69, MAURICE THOREZ (AV)",,,Nuit avec éclairage allumé,En agglomération,Hors intersection,Normale,Deux véhicules - arrière,,,,,,,,,,,5,2,1,1,2.0
201600043253,0016-05-11 19:30:00,16,5,11,19,30,940,41,MAZET / FABIEN,48.8146,2.40712,Plein jour,En agglomération,Intersection en T,Normale,Deux véhicules - frontale,,,,,,,,,,,1,2,3,1,1.0
201600043254,0016-05-12 19:50:00,16,5,12,19,50,940,41,VANZUPPE / COUTURIER,48.8205,2.39522,Crépuscule ou aube,En agglomération,Intersection en X,Pluie légère,Autre collision,,,,,,,,,,,2,2,2,2,6.0
201600043255,0016-12-27 21:00:00,16,12,27,21,0,940,41,"15, HENRI BARBUSSE (AV)",,,Nuit avec éclairage allumé,En agglomération,Hors intersection,Normale,Autre collision,,,,,,,,,,,5,2,1,1,6.0
201600043256,0016-05-20 20:00:00,16,5,20,20,0,940,41,"80, GOSNAT/CASANOVA",48.8124,2.38634,Crépuscule ou aube,En agglomération,Intersection en X,Normale,Autre collision,,,,,,,,,,,2,2,2,1,6.0
201600043257,0016-05-21 10:00:00,16,5,21,10,0,940,41,HUON / HARTMANN,48.8053,2.38881,Plein jour,En agglomération,Giratoire,Normale,Deux véhicules - côté,,,,,,,,,,,1,2,6,1,3.0
201600043258,0016-05-22 16:10:00,16,5,22,16,10,940,41,MICHELET/ROSTAING,48.8089,2.37912,Plein jour,En agglomération,Intersection en T,Pluie légère,Deux véhicules - côté,,,,,,,,,,,1,2,3,2,3.0
201600043259,0016-05-22 17:15:00,16,5,22,17,15,940,41,"20, VERDUN",48.8129,2.37038,Plein jour,En agglomération,Hors intersection,Pluie légère,Deux véhicules - côté,,,,,,,,,,,1,2,1,2,3.0
201600043260,0016-05-23 13:00:00,16,5,23,13,0,940,41,R LENINE,48.8167,2.39535,Plein jour,En agglomération,Intersection en X,Pluie légère,Autre collision,,,,,,,,,,,1,2,2,2,6.0
201600043261,0016-05-26 19:15:00,16,5,26,19,15,940,41,VERDUN / PARISIEN,48.8081,2.37398,Plein jour,En agglomération,Intersection en X,Normale,Deux véhicules - côté,,,,,,,,,,,1,2,2,1,3.0
201600043262,0016-05-27 12:28:00,16,5,27,12,28,940,41,"8, BONNEFOIX/FABLET",48.8062,2.39065,Plein jour,En agglomération,Intersection en X,Normale,Autre collision,,,,,,,,,,,1,2,2,1,6.0
201600043263,0016-06-02 16:30:00,16,6,2,16,30,940,41,"13, COLONEL FABIEN (BD D",,,Plein jour,En agglomération,Hors intersection,Pluie légère,Autre collision,,,,,,,,,,,1,2,1,2,6.0
201600043264,0016-06-07 10:30:00,16,6,7,10,30,940,41,"76, AUGUSTE DESHAIES (QU",,,Plein jour,En agglomération,Hors intersection,Normale,Sans collision,,,,,,,,,,,1,2,1,1,7.0
201600043265,0016-06-09 07:35:00,16,6,9,7,35,940,41,"68, MAURICE THOREZ (AV)",,,Plein jour,En agglomération,Hors intersection,Normale,Autre collision,,,,,,,,,,,1,2,1,1,6.0
201600043266,0016-06-10 12:40:00,16,6,10,12,40,940,41,"179, STALINGRAD (BD DE)",,,Plein jour,En agglomération,Hors intersection,Normale,Deux véhicules - arrière,,,,,,,,,,,1,2,1,1,2.0
201600043267,0016-06-30 01:10:00,16,6,30,1,10,940,41,"72, GEORGES GOSNAT (AV)",,,Nuit avec éclairage allumé,En agglomération,Hors intersection,Normale,Sans collision,,,,,,,,,,,5,2,1,1,7.0
201600043268,0016-07-01 22:00:00,16,7,1,22,0,940,41,"166, STALINGRAD (BD DE)",,,Nuit avec éclairage allumé,En agglomération,Hors intersection,Pluie légère,Autre collision,,,,,,,,,,,5,2,1,2,6.0
201600043269,0016-07-02 10:35:00,16,7,2,10,35,940,41,François MITTERAND,,,Plein jour,En agglomération,Autre intersection,Normale,Autre collision,,,,,,,,,,,1,2,9,1,6.0
201600043270,0016-07-05 16:00:00,16,7,5,16,0,940,41,"204, MAURICE THOREZ (AV)",,,Plein jour,En agglomération,Hors intersection,Normale,Autre collision,,,,,,,,,,,1,2,1,1,6.0
201600043271,0016-07-10 20:50:00,16,7,10,20,50,940,41,"168, STALINGRAD (BD DE)",,,Plein jour,En agglomération,Hors intersection,Normale,Autre collision,,,,,,,,,,,1,2,1,1,6.0
201600043272,0016-07-14 16:25:00,16,7,14,16,25,940,41,"6, PIERRE ET MARIE CURIE",,,Plein jour,En agglomération,Hors intersection,Normale,Autre collision,,,,,,,,,,,1,2,1,1,6.0
201600043273,0016-07-27 07:25:00,16,7,27,7,25,940,41,VICTOR HUGO (R),,,Plein jour,En agglomération,Hors intersection,Normale,Sans collision,,,,,,,,,,,1,2,1,1,7.0
201600043274,0016-07-26 10:00:00,16,7,26,10,0,940,41,"96, GEORGES GOSNAT (AV)",,,Plein jour,En agglomération,Hors intersection,Normale,Autre collision,,,,,,,,,,,1,2,1,1,6.0
201600043275,0016-07-29 18:15:00,16,7,29,18,15,940,41,"37, MAURICE THOREZ (AV)",,,Plein jour,En agglomération,Hors intersection,Normale,Autre collision,,,,,,,,,,,1,2,1,1,6.0
201600043276,0016-08-03 10:10:00,16,8,3,10,10,940,41,"12, MAURICE THOREZ (AV)",,,Plein jour,En agglomération,Hors intersection,Normale,Deux véhicules - côté,,,,,,,,,,,1,2,1,1,3.0
201600043277,0016-02-19 18:20:00,16,2,19,18,20,940,46,"245, GENERAL LECLERC",48.8044,2.44343,Nuit avec éclairage allumé,En agglomération,Hors intersection,Normale,Deux véhicules - arrière,,,,,,,,,,,5,2,1,1,2.0
201600043278,0016-01-04 08:40:00,16,1,4,8,40,940,46,BUSTEAU / HERRIOT,48.8089,2.43324,Plein jour,En agglomération,Intersection en T,Normale,Deux véhicules - arrière,,,,,,,,,,,1,2,3,1,2.0
201600043279,0016-02-03 19:30:00,16,2,3,19,30,940,46,BERT / SAGUET,48.8157,2.42575,Nuit avec éclairage allumé,En agglomération,Intersection en T,Pluie légère,Deux véhicules - arrière,,,,,,,,,,,5,2,3,2,2.0
201600043280,0016-10-21 13:50:00,16,10,21,13,50,940,46,"208, REPUBLIQUE (AV DE L",,,Plein jour,En agglomération,Hors intersection,Pluie légère,Deux véhicules - frontale,,,,,,,,,,,1,2,1,2,1.0
201600043281,0016-10-24 15:55:00,16,10,24,15,55,940,46,"8, REPUBLIQUE (AV DE LA)",,,Plein jour,En agglomération,Hors intersection,Normale,Deux véhicules - côté,,,,,,,,,,,1,2,1,1,3.0
201600043282,0016-10-25 09:50:00,16,10,25,9,50,940,46,"., JOFFRE (AV)",,,Plein jour,En agglomération,Intersection en X,Pluie légère,Deux véhicules - côté,,,,,,,,,,,1,2,2,2,3.0
201600043283,0016-03-04 16:50:00,16,3,4,16,50,940,46,"18, DE GAULLE/RENAULT",48.8153,2.41997,Plein jour,En agglomération,Intersection en X,Normale,Deux véhicules - côté,,,,,,,,,,,1,2,2,1,3.0
201600043284,0016-02-23 19:50:00,16,2,23,19,50,940,46,18 GENERAL LECLERC,48.8127,2.42767,Plein jour,En agglomération,Hors intersection,Normale,Deux véhicules - arrière,,,,,,,,,,,1,2,1,1,2.0
201600043285,0016-11-03 08:40:00,16,11,3,8,40,940,46,BLUM/REPUBLIQUE,,,Plein jour,En agglomération,Intersection en X,Normale,Deux véhicules - arrière,,,,,,,,,,,1,2,2,1,2.0
201600043286,0016-11-03 11:00:00,16,11,3,11,0,940,46,BUSTEAU/LECLERC,,,Plein jour,En agglomération,Intersection en T,Normale,Deux véhicules - côté,,,,,,,,,,,1,2,3,1,3.0
201600043287,0016-03-25 17:25:00,16,3,25,17,25,940,46,"204, JEAN JAURES",48.7936,2.43433,Plein jour,En agglomération,Hors intersection,Normale,Deux véhicules - arrière,,,,,,,,,,,1,2,1,1,2.0
201600043288,0016-11-08 12:40:00,16,11,8,12,40,940,46,REPUBLIQUE/LECLERC,,,Plein jour,En agglomération,Intersection en X,Normale,Deux véhicules - côté,,,,,,,,,,,1,2,2,1,3.0
201600043289,0016-06-03 09:45:00,16,6,3,9,45,940,46,"., GENERAL LECLERC (AV D",,,Plein jour,En agglomération,Hors intersection,Normale,Deux véhicules - côté,,,,,,,,,,,1,2,1,1,3.0
201600043290,0016-11-10 19:35:00,16,11,10,19,35,940,46,"25, CARNOT (R)",,,Nuit avec éclairage allumé,En agglomération,Hors intersection,Pluie forte,Autre collision,,,,,,,,,,,5,2,1,3,6.0
201600043291,0016-11-14 08:30:00,16,11,14,8,30,940,46,65 AV DU GENERAL LECLERC,,,Plein jour,En agglomération,Hors intersection,Normale,Autre collision,,,,,,,,,,,1,2,1,1,6.0
201600043292,0016-02-27 15:00:00,16,2,27,15,0,940,46,CADIOT / DE GAULLE,48.8071,2.42547,Plein jour,En agglomération,Intersection en Y,Normale,Deux véhicules - côté,,,,,,,,,,,1,2,4,1,3.0
201600043293,0016-05-04 16:35:00,16,5,4,16,35,940,46,DE GAULLE / CURIE,48.8103,2.42349,Plein jour,En agglomération,Intersection en X,Normale,Deux véhicules - côté,,,,,,,,,,,1,2,2,1,3.0
201600043294,0016-11-20 18:30:00,16,11,20,18,30,940,46,VALENTON/JAURES,,,Crépuscule ou aube,En agglomération,Intersection en Y,Pluie légère,Autre collision,,,,,,,,,,,2,2,4,2,6.0
201600043295,0016-11-21 08:55:00,16,11,21,8,55,940,46,SEMARD/PELET LOZERE,,,Plein jour,En agglomération,Giratoire,Pluie légère,Autre collision,,,,,,,,,,,1,2,6,2,6.0
201600043296,0016-11-21 11:55:00,16,11,21,11,55,940,46,RENAULT/BOURGELAT,,,Plein jour,En agglomération,Intersection en T,Pluie légère,Deux véhicules - côté,,,,,,,,,,,1,2,3,2,3.0
201600043297,0016-03-16 09:50:00,16,3,16,9,50,940,46,MOQUET / GAMBETTA,48.81,2.44005,Plein jour,En agglomération,Intersection en X,Normale,Deux véhicules - arrière,,,,,,,,,,,1,2,2,1,2.0
201600043298,0016-11-24 07:00:00,16,11,24,7,0,940,46,DE GAULLE/CADIOT,,,Nuit avec éclairage allumé,En agglomération,Intersection en Y,Normale,Autre collision,,,,,,,,,,,5,2,4,1,6.0
201600043299,0016-02-27 05:50:00,16,2,27,5,50,940,46,AV DU MARECHAL FOCH,48.8155,2.44177,Nuit avec éclairage allumé,En agglomération,Hors intersection,Normale,Autre collision,,,,,,,,,,,5,2,1,1,6.0
201600043300,0016-05-04 13:55:00,16,5,4,13,55,940,46,RENAULT / DE GAULLE,48.8153,2.41997,Plein jour,En agglomération,Intersection en X,Normale,Deux véhicules - côté,,,,,,,,,,,1,2,2,1,3.0
201600043301,0016-11-27 18:55:00,16,11,27,18,55,940,46,"288, JEAN JAURES (R)",,,Nuit avec éclairage allumé,En agglomération,Hors intersection,Normale,Deux véhicules - côté,,,,,,,,,,,5,2,1,1,3.0
201600043302,0016-11-28 09:10:00,16,11,28,9,10,940,46,"nc, GENERAL LECLERC (AV",,,Plein jour,En agglomération,Hors intersection,Normale,Deux véhicules - arrière,,,,,,,,,,,1,2,1,1,2.0
201600043303,0016-11-30 15:50:00,16,11,30,15,50,940,46,"., GENERAL LECLERC (AV D",,,Plein jour,En agglomération,Intersection en X,Normale,Deux véhicules - côté,,,,,,,,,,,1,2,2,1,3.0
201600043304,0016-01-12 19:00:00,16,1,12,19,0,940,46,"02, AV DU GENERAL LECLER",48.8146,2.42261,Nuit avec éclairage allumé,En agglomération,Hors intersection,Normale,Autre collision,,,,,,,,,,,5,2,1,1,6.0
201600043305,0016-12-01 19:10:00,16,12,1,19,10,940,46,EUGENE RENAULT (R),,,Nuit avec éclairage allumé,En agglomération,Intersection en T,Normale,Deux véhicules - côté,,,,,,,,,,,5,2,3,1,3.0
201600043306,0016-12-04 14:30:00,16,12,4,14,30,940,46,"43, REPUBLIQUE (AV DE LA",,,Plein jour,En agglomération,Hors intersection,Normale,Autre collision,,,,,,,,,,,1,2,1,1,6.0
201600043307,0016-05-26 18:00:00,16,5,26,18,0,940,46,REPUBLIQUE / CADIOT,48.8028,2.43397,Plein jour,En agglomération,Intersection en X,Normale,Autre collision,,,,,,,,,,,1,2,2,1,6.0
201600043308,0016-12-05 07:25:00,16,12,5,7,25,940,46,"9, GENERAL DE GAULLE (AV",,,Nuit avec éclairage allumé,En agglomération,Hors intersection,Normale,Deux véhicules - côté,,,,,,,,,,,5,2,1,1,3.0
201600043309,0016-05-28 14:15:00,16,5,28,14,15,940,46,GENERAL DE GAULLE,48.8086,2.42451,Plein jour,En agglomération,Hors intersection,Pluie légère,Autre collision,,,,,,,,,,,1,2,1,2,6.0
201600043310,0016-12-07 16:50:00,16,12,7,16,50,940,46,MESLY (R DE),,,Plein jour,En agglomération,Hors intersection,Normale,Autre collision,,,,,,,,,,,1,2,1,1,6.0
201600043311,0016-12-08 08:15:00,16,12,8,8,15,940,46,GENERAL LECLERC - CAR DE,,,Plein jour,En agglomération,Intersection à plus de 4 branches,Normale,Deux véhicules - côté,,,,,,,,,,,1,2,5,1,3.0
201600043312,0016-06-05 15:00:00,16,6,5,15,0,940,46,"., GABRIEL PERI (R)",,,Plein jour,En agglomération,Hors intersection,Pluie légère,Autre collision,,,,,,,,,,,1,2,1,2,6.0
201600043313,0016-06-12 19:20:00,16,6,12,19,20,940,46,"., GENERAL LECLERC (AV D",,,Plein jour,En agglomération,Hors intersection,Normale,Sans collision,,,,,,,,,,,1,2,1,1,7.0
201600043314,0016-12-13 19:55:00,16,12,13,19,55,940,46,"170, JEAN JAURES (R)",,,Nuit avec éclairage allumé,En agglomération,Hors intersection,Normale,Deux véhicules - côté,,,,,,,,,,,5,2,1,1,3.0
201600043315,0016-12-14 01:50:00,16,12,14,1,50,940,46,GAMBETTA (AV),,,Nuit avec éclairage allumé,En agglomération,Intersection en T,Normale,Deux véhicules - côté,,,,,,,,,,,5,2,3,1,3.0
201600043316,0016-12-19 17:55:00,16,12,19,17,55,940,46,REPUBLIQUE (AV DE LA),,,Nuit avec éclairage allumé,En agglomération,Intersection en Y,Normale,Deux véhicules - côté,,,,,,,,,,,5,2,4,1,3.0
201600043317,0016-12-21 19:30:00,16,12,21,19,30,940,46,EUGENE RENAULT (R),,,Nuit avec éclairage allumé,En agglomération,Intersection en X,Pluie légère,Deux véhicules - côté,,,,,,,,,,,5,2,2,2,3.0
201600043318,0016-12-29 16:30:00,16,12,29,16,30,940,46,"., GENERAL DE GAULLE (AV",,,Plein jour,En agglomération,Hors intersection,Normale,Sans collision,,,,,,,,,,,1,2,1,1,7.0
201600043319,0016-04-28 12:20:00,16,4,28,12,20,940,46,GABRIEL / CHEVREUL,48.8093,2.43682,Plein jour,En agglomération,Intersection en T,Normale,Autre collision,,,,,,,,,,,1,2,3,1,6.0
201600043320,0016-08-20 21:55:00,16,8,20,21,55,940,46,"., ROME (R DE)",,,Plein jour,En agglomération,Hors intersection,Normale,Deux véhicules - frontale,,,,,,,,,,,1,2,1,1,1.0
201600043321,0016-01-21 08:05:00,16,1,21,8,5,940,46,BUSTEAU / HERRIOT,48.8089,2.43324,Plein jour,En agglomération,Intersection en T,Normale,Autre collision,,,,,,,,,,,1,2,3,1,6.0
201600043322,0016-04-28 18:20:00,16,4,28,18,20,940,46,CONVENTION / JEMMAPES,48.8134,2.44671,Plein jour,En agglomération,Intersection en T,Normale,Deux véhicules - frontale,,,,,,,,,,,1,2,3,1,1.0
201600043323,0016-09-25 19:15:00,16,9,25,19,15,940,46,"60, GENERAL DE GAULLE (A",,,Plein jour,En agglomération,Hors intersection,Normale,Deux véhicules - arrière,,,,,,,,,,,1,2,1,1,2.0
201600043324,0016-03-24 18:00:00,16,3,24,18,0,940,46,MEDERIC / HUGO,48.7999,2.43748,Plein jour,En agglomération,Intersection en X,Normale,Deux véhicules - arrière,,,,,,,,,,,1,2,2,1,2.0
201600043325,0016-09-07 21:50:00,16,9,7,21,50,940,46,JOFFRE (AV),,,Crépuscule ou aube,En agglomération,Intersection en X,Normale,Deux véhicules - côté,,,,,,,,,,,2,2,2,1,3.0
201600043326,0016-12-12 18:10:00,16,12,12,18,10,940,46,"179, GAMBETTA (AV)",,,Nuit avec éclairage allumé,En agglomération,Hors intersection,Pluie légère,Autre collision,,,,,,,,,,,5,2,1,2,6.0
201600043327,0016-01-28 08:45:00,16,1,28,8,45,940,46,REPUBLIQUE / MARSEILLE,48.8086,2.45077,Plein jour,En agglomération,Intersection en X,Pluie légère,Autre collision,,,,,,,,,,,1,2,2,2,6.0
201600043328,0016-01-07 18:20:00,16,1,7,18,20,940,46,SANGNIER / VINCENNES,48.8058,2.44792,Nuit avec éclairage allumé,En agglomération,Intersection en T,Normale,Deux véhicules - côté,,,,,,,,,,,5,2,3,1,3.0
201600043329,0016-02-01 07:45:00,16,2,1,7,45,940,46,GAUME / CARNOT,48.802,2.43749,Nuit avec éclairage allumé,En agglomération,Intersection en T,Pluie légère,Deux véhicules - côté,,,,,,,,,,,5,2,3,2,3.0
201600043330,0016-06-08 15:40:00,16,6,8,15,40,940,46,"., CHEVREUL (R)",,,Plein jour,En agglomération,Intersection en X,Normale,Deux véhicules - côté,,,,,,,,,,,1,2,2,1,3.0
201600043331,0016-03-07 18:50:00,16,3,7,18,50,940,46,"41, DANIELLE CASANOVA",48.8089,2.45784,Crépuscule ou aube,En agglomération,Hors intersection,Pluie légère,Deux véhicules - côté,,,,,,,,,,,2,2,1,2,3.0
201600043332,0016-06-10 21:25:00,16,6,10,21,25,940,46,"191, GENERAL LECLERC (AV",,,Crépuscule ou aube,En agglomération,Hors intersection,Normale,Deux véhicules - arrière,,,,,,,,,,,2,2,1,1,2.0
201600043333,0016-06-17 19:00:00,16,6,17,19,0,940,46,"., REPUBLIQUE (AV DE LA)",,,Plein jour,En agglomération,Intersection en T,Pluie légère,Deux véhicules - côté,,,,,,,,,,,1,2,3,2,3.0
201600043334,0016-06-18 14:30:00,16,6,18,14,30,940,46,"27, GUY MOCQUET (R)",,,Plein jour,En agglomération,Hors intersection,Normale,Deux véhicules - arrière,,,,,,,,,,,1,2,1,1,2.0
201600043335,0016-05-13 18:05:00,16,5,13,18,5,940,46,"71, CARNOT",48.8044,2.44035,Plein jour,En agglomération,Hors intersection,Pluie légère,Deux véhicules - côté,,,,,,,,,,,1,2,1,2,3.0
201600043336,0016-06-20 19:15:00,16,6,20,19,15,940,46,"9, LIBERTE (AV DE LA)",,,Plein jour,En agglomération,Hors intersection,Pluie forte,Autre collision,,,,,,,,,,,1,2,1,3,6.0
201600043337,0016-06-21 16:00:00,16,6,21,16,0,940,46,PAUL VAILLANT COUTURIER,,,Plein jour,En agglomération,Hors intersection,Normale,Autre collision,,,,,,,,,,,1,2,1,1,6.0
201600043338,0016-06-21 18:15:00,16,6,21,18,15,940,46,"., VERDUN (AV DE)",,,Plein jour,En agglomération,Hors intersection,Normale,Autre collision,,,,,,,,,,,1,2,1,1,6.0
201600043339,0016-06-23 18:25:00,16,6,23,18,25,940,46,GENERAL DE GAULLE (AV DU,,,Plein jour,En agglomération,Intersection en T,Normale,Deux véhicules - côté,,,,,,,,,,,1,2,3,1,3.0
201600043340,0016-06-29 13:50:00,16,6,29,13,50,940,46,"80, LIBERTE (AV DE LA)",,,Plein jour,En agglomération,Hors intersection,Normale,Autre collision,,,,,,,,,,,1,2,1,1,6.0
201600043341,0016-05-17 14:00:00,16,5,17,14,0,940,46,LECLERC / 18 JUIN 1940,48.8044,2.44341,Plein jour,En agglomération,Intersection en T,Normale,Deux véhicules - côté,,,,,,,,,,,1,2,3,1,3.0
201600043342,0016-07-04 09:45:00,16,7,4,9,45,940,46,"43, GAMBETTA (AV)",,,Plein jour,En agglomération,Hors intersection,Normale,Deux véhicules - frontale,,,,,,,,,,,1,2,1,1,1.0
201600043343,0016-07-08 21:40:00,16,7,8,21,40,940,46,LEON BLUM (AV),,,Plein jour,En agglomération,Intersection en T,Normale,Autre collision,,,,,,,,,,,1,2,3,1,6.0
201600043344,0016-07-10 21:30:00,16,7,10,21,30,940,46,GENERAL LECLERC - CAR DE,,,Plein jour,En agglomération,Intersection en T,Normale,Deux véhicules - côté,,,,,,,,,,,1,2,3,1,3.0
201600043345,0016-07-14 14:15:00,16,7,14,14,15,940,46,"41, GENERAL LECLERC - CA",,,Plein jour,En agglomération,Intersection en X,Normale,Deux véhicules - côté,,,,,,,,,,,1,2,2,1,3.0
201600043346,0016-02-08 18:10:00,16,2,8,18,10,940,46,R DU GUE AUX AUROCHS,48.815,2.4241,Nuit avec éclairage allumé,En agglomération,Hors intersection,Pluie forte,Autre collision,,,,,,,,,,,5,2,1,3,6.0
201600043347,0016-07-16 00:10:00,16,7,16,0,10,940,46,GENERAL LECLERC (AV DU),,,Nuit avec éclairage allumé,En agglomération,Hors intersection,Normale,Autre collision,,,,,,,,,,,5,2,1,1,6.0
201600043348,0016-05-18 16:50:00,16,5,18,16,50,940,46,"21, R MARCEAU",48.8004,2.43448,Plein jour,En agglomération,Hors intersection,Pluie légère,Sans collision,,,,,,,,,,,1,2,1,2,7.0
201600043349,0016-03-31 06:20:00,16,3,31,6,20,940,46,AV DE LA REPUBLIQUE,48.8082,2.44949,Crépuscule ou aube,En agglomération,Hors intersection,Pluie légère,Deux véhicules - arrière,,,,,,,,,,,2,2,1,2,2.0
201600043350,0016-05-20 09:05:00,16,5,20,9,5,940,46,REPUBLIQUE / PARMENTIER,48.8018,2.43239,Plein jour,En agglomération,Intersection en T,Pluie légère,Autre collision,,,,,,,,,,,1,2,3,2,6.0
201600043351,0016-05-04 17:10:00,16,5,4,17,10,940,46,CADIOT / BUSTEAU,48.8055,2.43144,Plein jour,En agglomération,Intersection en T,Normale,Deux véhicules - côté,,,,,,,,,,,1,2,3,1,3.0
201600043352,0016-05-20 18:55:00,16,5,20,18,55,940,46,JAURES / METZ,48.7956,2.43379,Plein jour,En agglomération,Intersection en T,Normale,Deux véhicules - côté,,,,,,,,,,,1,2,3,1,3.0
201600043353,0016-07-26 19:40:00,16,7,26,19,40,940,46,BELLE IMAGE (R DE LA),,,Plein jour,En agglomération,Intersection en X,Normale,Trois véhicules et plus - collisions multiples,,,,,,,,,,,1,2,2,1,5.0