accident_id,datetime,annee,mois,jour,heure,minute,departement,commune_insee,adresse,latitude,longitude,luminosite,agglomeration,intersection,meteo,collision,nb_vehicules,nb_usagers,nb_indemnes,nb_tues,nb_blesses_hosp,nb_blesses_legers,age_cond_1,age_cond_2,veh_type_cond_1,veh_type_cond_2,lum_code,agg_code,int_code,atm_code,col_code
201600043354,0016-08-11 19:20:00,16,8,11,19,20,940,46,"., PROFESSEUR CADIOT (AV",,,Plein jour,En agglomération,Intersection en T,Normale,Deux véhicules - côté,,,,,,,,,,,1,2,3,1,3.0
201600043355,0016-02-11 07:10:00,16,2,11,7,10,940,46,CONDORCET / GRAVELLE,48.8111,2.45277,Plein jour,En agglomération,Intersection en X,Normale,Deux véhicules - côté,,,,,,,,,,,1,2,2,1,3.0
201600043356,0016-04-01 18:05:00,16,4,1,18,5,940,46,BLUM / MEDERIC,48.8023,2.43484,Plein jour,En agglomération,Intersection en T,Normale,Deux véhicules - côté,,,,,,,,,,,1,2,3,1,3.0
201600043357,0016-02-13 17:00:00,16,2,13,17,0,940,46,AV DU GENERAL DE GAULLE,48.8083,2.42472,Plein jour,En agglomération,Hors intersection,Pluie légère,Deux véhicules - côté,,,,,,,,,,,1,2,1,2,3.0
201600043358,0016-08-24 13:50:00,16,8,24,13,50,940,46,"227, GENERAL LECLERC (AV",,,Plein jour,En agglomération,Hors intersection,Normale,Trois véhicules et plus - en chaîne,,,,,,,,,,,1,2,1,1,4.0
201600043359,0016-08-25 08:50:00,16,8,25,8,50,940,46,"., EUGENE RENAULT (R)",,,Plein jour,En agglomération,Intersection en T,Normale,Deux véhicules - côté,,,,,,,,,,,1,2,3,1,3.0
201600043360,0016-08-28 14:05:00,16,8,28,14,5,940,46,"., FEDERATION (R DE LA)",,,Plein jour,En agglomération,Hors intersection,Normale,Sans collision,,,,,,,,,,,1,2,1,1,7.0
201600043361,0016-08-28 18:40:00,16,8,28,18,40,940,46,"., CONCORDE (R DE LA)",,,Plein jour,En agglomération,Intersection en T,Normale,Deux véhicules - côté,,,,,,,,,,,1,2,3,1,3.0
201600043362,0016-05-26 09:00:00,16,5,26,9,0,940,46,MERCURE / CASANOVA,48.8091,2.4581,Plein jour,En agglomération,Intersection en T,Normale,Deux véhicules - côté,,,,,,,,,,,1,2,3,1,3.0
201600043363,0016-08-31 21:10:00,16,8,31,21,10,940,46,DE GAULLE/LECLERC,,,Nuit avec éclairage allumé,En agglomération,Intersection en X,Normale,Autre collision,,,,,,,,,,,5,2,2,1,6.0
201600043364,0016-05-27 13:50:00,16,5,27,13,50,940,46,AV JOFFRE,48.8126,2.45439,Plein jour,En agglomération,Hors intersection,Normale,Deux véhicules - arrière,,,,,,,,,,,1,2,1,1,2.0
201600043365,0016-09-05 15:00:00,16,9,5,15,0,940,46,GENERAL DE GAULLE (AV DU,,,Plein jour,En agglomération,Giratoire,Pluie légère,Deux véhicules - côté,,,,,,,,,,,1,2,6,2,3.0
201600043366,0016-09-06 11:15:00,16,9,6,11,15,940,46,"69, FOCH (AV)",,,Plein jour,En agglomération,Hors intersection,Normale,Deux véhicules - côté,,,,,,,,,,,1,2,1,1,3.0
201600043367,0016-09-06 17:00:00,16,9,6,17,0,940,46,"1, EUGENE RENAULT (R)",,,Plein jour,En agglomération,Hors intersection,Normale,Deux véhicules - arrière,,,,,,,,,,,1,2,1,1,2.0
201600043368,0016-09-27 17:45:00,16,9,27,17,45,940,46,"194, JEAN JAURES (R)",,,Plein jour,En agglomération,Hors intersection,Normale,Deux véhicules - arrière,,,,,,,,,,,1,2,1,1,2.0
201600043369,0016-05-30 11:00:00,16,5,30,11,0,940,46,AV DE LA REPUBLIQUE,48.8047,2.43839,Plein jour,En agglomération,Hors intersection,Pluie légère,Deux véhicules - côté,,,,,,,,,,,1,2,1,2,3.0
201600043370,0016-09-11 22:30:00,16,9,11,22,30,940,46,GENERAL DE GAULLE (AV DU,,,Nuit avec éclairage allumé,En agglomération,Hors intersection,Normale,Autre collision,,,,,,,,,,,5,2,1,1,6.0
201600043371,0016-09-12 08:05:00,16,9,12,8,5,940,46,"118, REPUBLIQUE (AV DE L",,,Plein jour,En agglomération,Hors intersection,Normale,Autre collision,,,,,,,,,,,1,2,1,1,6.0
201600043372,0016-09-16 20:00:00,16,9,16,20,0,940,46,"171, REPUBLIQUE (AV DE L",,,Nuit avec éclairage allumé,En agglomération,Hors intersection,Pluie légère,Deux véhicules - côté,,,,,,,,,,,5,2,1,2,3.0
201600043373,0016-10-05 10:35:00,16,10,5,10,35,940,46,"19, REPUBLIQUE (AV DE LA",,,Plein jour,En agglomération,Hors intersection,Normale,Deux véhicules - côté,,,,,,,,,,,1,2,1,1,3.0
201600043374,0016-09-30 08:45:00,16,9,30,8,45,940,46,"52, GENERAL DE GAULLE (A",,,Plein jour,En agglomération,Hors intersection,Temps couvert,Autre collision,,,,,,,,,,,1,2,1,8,6.0
201600043375,0016-10-06 14:10:00,16,10,6,14,10,940,46,GENERAL DE GAULLE (AV DU,,,Plein jour,En agglomération,Intersection en T,Normale,Deux véhicules - côté,,,,,,,,,,,1,2,3,1,3.0
201600043376,0016-04-02 12:30:00,16,4,2,12,30,940,42,"40, BARRAGE",48.8161,2.4722,Plein jour,En agglomération,Hors intersection,Normale,Deux véhicules - côté,,,,,,,,,,,1,2,1,1,3.0
201600043377,0016-01-05 08:00:00,16,1,5,8,0,940,15,RIGNY / ORMES,48.8471,2.52624,Crépuscule ou aube,En agglomération,Intersection en X,Pluie légère,Deux véhicules - côté,,,,,,,,,,,2,2,2,2,3.0
201600043378,0016-01-09 23:35:00,16,1,9,23,35,940,52,STRASBOURG / GALLIENI,48.8413,2.48278,Nuit avec éclairage allumé,En agglomération,Intersection en X,Pluie forte,Deux véhicules - côté,,,,,,,,,,,5,2,2,3,3.0
201600043379,0016-01-11 15:00:00,16,1,11,15,0,940,15,"01, PERES CAMILLIENS",48.8327,2.5277,Plein jour,En agglomération,Hors intersection,Normale,Deux véhicules - côté,,,,,,,,,,,1,2,1,1,3.0
201600043380,0016-05-28 12:10:00,16,5,28,12,10,940,58,1945 / JOFFRE,48.8488,2.50869,Plein jour,En agglomération,Intersection en T,Normale,Deux véhicules - côté,,,,,,,,,,,1,2,3,1,3.0
201600043381,0016-01-12 20:00:00,16,1,12,20,0,940,52,PONT DE NOGENT,48.8318,2.49316,Nuit avec éclairage allumé,En agglomération,Hors intersection,Pluie légère,Trois véhicules et plus - en chaîne,,,,,,,,,,,5,2,1,2,4.0
201600043382,0016-07-28 09:15:00,16,7,28,9,15,940,58,LATERALE AU VIADUC (R),,,Plein jour,En agglomération,Hors intersection,Normale,Deux véhicules - arrière,,,,,,,,,,,1,2,1,1,2.0
201600043383,0016-07-30 13:30:00,16,7,30,13,30,940,42,"48, GALLIENI/PLATANES",,,Plein jour,En agglomération,Intersection en X,Normale,Deux véhicules - côté,,,,,,,,,,,1,2,2,1,3.0
201600043384,0016-01-21 08:00:00,16,1,21,8,0,940,58,LORRAINE / DE GAULLE,48.8492,2.49601,Plein jour,En agglomération,Intersection en T,Temps couvert,Autre collision,,,,,,,,,,,1,2,3,8,6.0
201600043385,0016-01-21 16:55:00,16,1,21,16,55,940,52,STRASBOURG / RENARD,48.8452,2.48917,Crépuscule ou aube,En agglomération,Intersection en T,Pluie légère,Deux véhicules - frontale,,,,,,,,,,,2,2,3,2,1.0
201600043386,0016-08-11 14:00:00,16,8,11,14,0,940,58,"248, GENERAL DE GAULLE (",,,Plein jour,En agglomération,Hors intersection,Normale,Deux véhicules - arrière,,,,,,,,,,,1,2,1,1,2.0
201600043387,0016-01-27 06:00:00,16,1,27,6,0,940,58,DE GAULLE / PERI,48.8372,2.51099,Nuit avec éclairage allumé,En agglomération,Intersection en X,Normale,Autre collision,,,,,,,,,,,5,2,2,1,6.0
201600043388,0016-03-02 16:40:00,16,3,2,16,40,940,42,GALLIENI  / MARNE,48.8202,2.46727,Plein jour,En agglomération,Intersection en X,Pluie forte,Autre collision,,,,,,,,,,,1,2,2,3,6.0
201600043389,0016-01-27 17:00:00,16,1,27,17,0,940,52,"147 TER, STRASBOURG",48.845,2.48882,Plein jour,En agglomération,Hors intersection,Pluie légère,Autre collision,,,,,,,,,,,1,2,1,2,6.0
201600043390,0016-08-09 15:45:00,16,8,9,15,45,940,58,"172, ALSACE LORRAINE (BD",,,Plein jour,En agglomération,Hors intersection,Normale,Deux véhicules - côté,,,,,,,,,,,1,2,1,1,3.0
201600043391,0016-10-06 18:15:00,16,10,6,18,15,940,42,"32, GENERAL GALLIENI (AV",,,Plein jour,En agglomération,Hors intersection,Normale,Deux véhicules - côté,,,,,,,,,,,1,2,1,1,3.0
201600043392,0016-10-10 18:50:00,16,10,10,18,50,940,15,"196, PASTEUR (BD)",,,Nuit avec éclairage allumé,En agglomération,Hors intersection,Normale,Deux véhicules - côté,,,,,,,,,,,5,2,1,1,3.0
201600043393,0016-01-30 06:20:00,16,1,30,6,20,940,58,LORRAINE / FERRY,48.8508,2.50313,Nuit sans éclairage public,En agglomération,Intersection en T,Temps couvert,Deux véhicules - arrière,,,,,,,,,,,3,2,3,8,2.0
201600043394,0016-01-30 17:10:00,16,1,30,17,10,940,15,JEAN MONNET,48.831,2.53179,Plein jour,En agglomération,Hors intersection,Normale,Trois véhicules et plus - collisions multiples,,,,,,,,,,,1,2,1,1,5.0
201600043395,0016-08-13 14:35:00,16,8,13,14,35,940,58,LEDRU ROLLIN (AV),,,Plein jour,En agglomération,Intersection en X,Normale,Deux véhicules - côté,,,,,,,,,,,1,2,2,1,3.0
201600043396,0016-03-17 15:45:00,16,3,17,15,45,940,15,DAGUERRE / DAGUERRE,48.8341,2.51869,Plein jour,En agglomération,Giratoire,Normale,Deux véhicules - arrière,,,,,,,,,,,1,2,6,1,2.0
201600043397,0016-08-15 12:05:00,16,8,15,12,5,940,52,STRASBOURG (BD DE),,,Plein jour,En agglomération,Intersection en X,Normale,Deux véhicules - côté,,,,,,,,,,,1,2,2,1,3.0
201600043398,0016-02-02 18:00:00,16,2,2,18,0,940,42,PRESIDENT JOHN KENNEDY,48.8155,2.46397,Plein jour,En agglomération,Hors intersection,Pluie légère,Deux véhicules - côté,,,,,,,,,,,1,2,1,2,3.0
201600043399,0016-08-15 15:30:00,16,8,15,15,30,940,58,"240, GENERAL DE GAULLE (",,,Plein jour,En agglomération,Giratoire,Normale,Deux véhicules - côté,,,,,,,,,,,1,2,6,1,3.0
201600043400,0016-02-04 21:20:00,16,2,4,21,20,940,58,FOCH / DOUMER,48.8325,2.50883,Nuit avec éclairage allumé,En agglomération,Intersection en X,Normale,Autre collision,,,,,,,,,,,5,2,2,1,6.0
201600043401,0016-12-17 11:30:00,16,12,17,11,30,940,58,"101, GEORGES CLEMENCEAU",,,Plein jour,En agglomération,Hors intersection,Normale,Deux véhicules - arrière,,,,,,,,,,,1,2,1,1,2.0
201600043402,0016-08-23 08:50:00,16,8,23,8,50,940,52,GEORGES CLEMENCEAU - PL,,,Plein jour,En agglomération,Giratoire,Temps éblouissant,Autre collision,,,,,,,,,,,1,2,6,7,6.0
201600043403,0016-02-10 17:25:00,16,2,10,17,25,940,58,"147, GENERAL DE GAULLE",48.8441,2.5023,Plein jour,En agglomération,Hors intersection,Normale,Autre collision,,,,,,,,,,,1,2,1,1,6.0
201600043404,0016-08-29 19:00:00,16,8,29,19,0,940,58,"116, GENERAL DE GAULLE (",,,Plein jour,En agglomération,Hors intersection,Normale,Deux véhicules - frontale,,,,,,,,,,,1,2,1,1,1.0
201600043405,0016-09-02 09:50:00,16,9,2,9,50,940,15,"8BIS, REIMS (R DE)",,,Plein jour,En agglomération,Intersection en T,Normale,Autre collision,,,,,,,,,,,1,2,3,1,6.0
201600043406,0016-09-05 22:10:00,16,9,5,22,10,940,52,HEROS NOGENTAIS (R DES),,,Nuit avec éclairage allumé,En agglomération,Intersection en X,Pluie légère,Deux véhicules - côté,,,,,,,,,,,5,2,2,2,3.0
201600043407,0016-02-24 07:50:00,16,2,24,7,50,940,58,"3, ALSACE LORRAINE",48.8474,2.49286,Plein jour,En agglomération,Hors intersection,Normale,Deux véhicules - frontale,,,,,,,,,,,1,2,1,1,1.0
201600043408,0016-09-07 19:40:00,16,9,7,19,40,940,52,"12, JACQUES KABLE (R)",,,Plein jour,En agglomération,Hors intersection,Normale,Deux véhicules - arrière,,,,,,,,,,,1,2,1,1,2.0
201600043409,0016-09-07 20:00:00,16,9,7,20,0,940,52,"50, STRASBOURG (BD DE)",,,Crépuscule ou aube,En agglomération,Hors intersection,Normale,Autre collision,,,,,,,,,,,2,2,1,1,6.0
201600043410,0016-05-11 21:30:00,16,5,11,21,30,940,52,STRASBOURG / STALINGRAD,48.8401,2.48098,Nuit avec éclairage allumé,En agglomération,Intersection en T,Normale,Deux véhicules - côté,,,,,,,,,,,5,2,3,1,3.0
201600043411,0016-09-10 18:45:00,16,9,10,18,45,940,58,"33, METZ (R DE)",,,Plein jour,En agglomération,Hors intersection,Normale,Autre collision,,,,,,,,,,,1,2,1,1,6.0
201600043412,0016-05-20 00:40:00,16,5,20,0,40,940,42,VERDUN / FOCH,48.8204,2.47427,Nuit avec éclairage allumé,En agglomération,Intersection en X,Normale,Deux véhicules - côté,,,,,,,,,,,5,2,2,1,3.0
201600043413,0016-09-12 13:25:00,16,9,12,13,25,940,15,2 DECEMBRE 1870 (R DU),,,Plein jour,En agglomération,Hors intersection,Normale,Deux véhicules - arrière,,,,,,,,,,,1,2,1,1,2.0
201600043414,0016-03-04 08:45:00,16,3,4,8,45,940,15,MELIES / GUIBOUTS,48.8288,2.52564,Plein jour,Hors agglomération,Intersection en T,Pluie légère,Deux véhicules - côté,,,,,,,,,,,1,1,3,2,3.0
201600043415,0016-09-14 19:15:00,16,9,14,19,15,940,52,"154, CHARLES DE GAULLE (",,,Plein jour,En agglomération,Hors intersection,Normale,Autre collision,,,,,,,,,,,1,2,1,1,6.0
201600043416,0016-09-16 17:45:00,16,9,16,17,45,940,42,"17, GENERAL GALLIENI (AV",,,Plein jour,En agglomération,Hors intersection,Normale,Autre collision,,,,,,,,,,,1,2,1,1,6.0
201600043417,0016-03-08 16:15:00,16,3,8,16,15,940,58,DE GAULLE / PERI,48.8372,2.51099,Plein jour,En agglomération,Intersection à plus de 4 branches,Normale,Deux véhicules - côté,,,,,,,,,,,1,2,5,1,3.0
201600043418,0016-09-21 13:10:00,16,9,21,13,10,940,58,"223, PIERRE BROSSOLETTE",,,Plein jour,En agglomération,Hors intersection,Normale,Deux véhicules - côté,,,,,,,,,,,1,2,1,1,3.0
201600043419,0016-03-11 17:05:00,16,3,11,17,5,940,52,NOGENTAIS / OHRESSER,48.8382,2.48563,Plein jour,En agglomération,Intersection en T,Normale,Autre collision,,,,,,,,,,,1,2,3,1,6.0
201600043420,0016-09-22 14:27:00,16,9,22,14,27,940,58,"117, GENERAL DE GAULLE (",,,Plein jour,En agglomération,Hors intersection,Normale,Autre collision,,,,,,,,,,,1,2,1,1,6.0
201600043421,0016-03-12 16:10:00,16,3,12,16,10,940,52,DE GAULLE / SUZANNE,48.8357,2.47537,Plein jour,En agglomération,Intersection en T,Normale,Deux véhicules - frontale,,,,,,,,,,,1,2,3,1,1.0
201600043422,0016-09-23 16:45:00,16,9,23,16,45,940,52,"17, STRASBOURG (BD DE)",,,Plein jour,En agglomération,Hors intersection,Normale,Deux véhicules - côté,,,,,,,,,,,1,2,1,1,3.0
201600043423,0016-03-17 18:15:00,16,3,17,18,15,940,42,JOINVILLE / MARNE,48.8202,2.46727,Plein jour,En agglomération,Intersection en X,Normale,Deux véhicules - arrière,,,,,,,,,,,1,2,2,1,2.0
201600043424,0016-03-18 07:40:00,16,3,18,7,40,940,52,"52, NOGENTAIS/CARREAU",48.8382,2.48595,Plein jour,En agglomération,Intersection en X,Normale,Autre collision,,,,,,,,,,,1,2,2,1,6.0
201600043425,0016-09-30 08:30:00,16,9,30,8,30,940,52,"33, HEROS NOGENTAIS (R D",,,Plein jour,En agglomération,Hors intersection,Normale,Deux véhicules - côté,,,,,,,,,,,1,2,1,1,3.0
201600043426,0016-09-30 14:20:00,16,9,30,14,20,940,52,GEORGES CLEMENCEAU (AV),,,Plein jour,En agglomération,Hors intersection,Normale,Deux véhicules - arrière,,,,,,,,,,,1,2,1,1,2.0
201600043427,0016-10-04 10:00:00,16,10,4,10,0,940,42,"5-7, EMILE MOUTIER (R)",,,Plein jour,En agglomération,Hors intersection,Normale,Autre collision,,,,,,,,,,,1,2,1,1,6.0
201600043428,0016-10-04 12:50:00,16,10,4,12,50,940,58,"163, PIERRE BROSSOLETTE",,,Plein jour,En agglomération,Intersection en X,Normale,Deux véhicules - côté,,,,,,,,,,,1,2,2,1,3.0
201600043429,0016-03-23 14:30:00,16,3,23,14,30,940,58,ROLLIN / BASCH,48.8421,2.50138,Plein jour,En agglomération,Intersection en T,Normale,Deux véhicules - arrière,,,,,,,,,,,1,2,3,1,2.0
201600043430,0016-10-08 14:20:00,16,10,8,14,20,940,52,ALBERT 1ER,48.8325,2.4931,Plein jour,En agglomération,Hors intersection,Normale,Deux véhicules - arrière,,,,,,,,,,,1,2,1,1,2.0
201600043431,0016-07-21 03:20:00,16,7,21,3,20,940,58,"39, ALSACE LORRAINE (BD",,,Nuit avec éclairage allumé,En agglomération,Hors intersection,Normale,Autre collision,,,,,,,,,,,5,2,1,1,6.0
201600043432,0016-10-10 08:00:00,16,10,10,8,0,940,42,"25, GENERAL GALLIENI (AV",,,Plein jour,En agglomération,Hors intersection,Normale,Deux véhicules - côté,,,,,,,,,,,1,2,1,1,3.0
201600043433,0016-10-10 08:55:00,16,10,10,8,55,940,58,LATERALE AU VIADUC (R),,,Plein jour,En agglomération,Intersection en T,Normale,Deux véhicules - côté,,,,,,,,,,,1,2,3,1,3.0
201600043434,0016-03-30 17:45:00,16,3,30,17,45,940,42,PIERRE MENDES FRANCE,48.8124,2.45952,Plein jour,En agglomération,Hors intersection,Pluie légère,Trois véhicules et plus - en chaîne,,,,,,,,,,,1,2,1,2,4.0
201600043435,0016-10-12 09:46:00,16,10,12,9,46,940,15,PASTEUR (BD),,,Plein jour,En agglomération,Intersection en X,Normale,Deux véhicules - frontale,,,,,,,,,,,1,2,2,1,1.0
201600043436,0016-10-12 13:50:00,16,10,12,13,50,940,15,GEORGES MELIES (BD),,,Plein jour,En agglomération,Intersection en X,Normale,Autre collision,,,,,,,,,,,1,2,2,1,6.0
201600043437,0016-10-12 14:20:00,16,10,12,14,20,940,52,PONT NOYELLES (R DU),,,Plein jour,Hors agglomération,Intersection en T,Normale,Autre collision,,,,,,,,,,,1,1,3,1,6.0
201600043438,0016-07-30 01:20:00,16,7,30,1,20,940,52,"31, EDMOND VITRY (R)",,,Nuit avec éclairage non allumé,En agglomération,Hors intersection,Normale,Autre collision,,,,,,,,,,,4,2,1,1,6.0
201600043439,0016-10-12 20:00:00,16,10,12,20,0,940,58,"17, ALSACE LORRAINE (BD",,,Nuit avec éclairage allumé,En agglomération,Hors intersection,Normale,Trois véhicules et plus - collisions multiples,,,,,,,,,,,5,2,1,1,5.0
201600043440,0016-10-12 20:00:00,16,10,12,20,0,940,58,"02, YSER (R DE L)",,,Nuit avec éclairage allumé,En agglomération,Hors intersection,Normale,Autre collision,,,,,,,,,,,5,2,1,1,6.0
201600043441,0016-10-13 12:40:00,16,10,13,12,40,940,58,HUIT MAI 1945 (AV DU),,,Plein jour,En agglomération,Autre intersection,Normale,Autre collision,,,,,,,,,,,1,2,9,1,6.0
201600043442,0016-04-01 22:05:00,16,4,1,22,5,940,52,HONORE / BERT,48.8396,2.48154,Nuit avec éclairage allumé,En agglomération,Intersection en T,Normale,Deux véhicules - côté,,,,,,,,,,,5,2,3,1,3.0
201600043443,0016-10-16 09:15:00,16,10,16,9,15,940,52,"44, BELLE GABRIELLE (AV",,,Plein jour,En agglomération,Hors intersection,Normale,Autre collision,,,,,,,,,,,1,2,1,1,6.0
201600043444,0016-10-16 15:45:00,16,10,16,15,45,940,15,"202, PASTEUR (BD)",,,Plein jour,En agglomération,Hors intersection,Normale,Autre collision,,,,,,,,,,,1,2,1,1,6.0
201600043445,0016-08-20 05:05:00,16,8,20,5,5,940,58,"15, ALSACE LORRAINE (BD",,,Nuit avec éclairage allumé,En agglomération,Hors intersection,Normale,Autre collision,,,,,,,,,,,5,2,1,1,6.0
201600043446,0016-09-25 22:30:00,16,9,25,22,30,940,42,LECLERC,,,Nuit sans éclairage public,En agglomération,Intersection en X,Normale,Deux véhicules - côté,,,,,,,,,,,3,2,2,1,3.0
201600043447,0016-04-09 12:00:00,16,4,9,12,0,940,42,"23, PARIS",48.8161,2.46908,Plein jour,En agglomération,Hors intersection,Normale,Deux véhicules - côté,,,,,,,,,,,1,2,1,1,3.0
201600043448,0016-10-22 20:30:00,16,10,22,20,30,940,58,ALSACE LORRAINE (BD D),,,Nuit avec éclairage allumé,En agglomération,Intersection à plus de 4 branches,Normale,Deux véhicules - côté,,,,,,,,,,,5,2,5,1,3.0
201600043449,0016-10-23 16:03:00,16,10,23,16,3,940,52,"147, STRASBOURG (BD DE)",,,Plein jour,En agglomération,Hors intersection,Pluie forte,Deux véhicules - arrière,,,,,,,,,,,1,2,1,3,2.0
201600043450,0016-04-15 17:50:00,16,4,15,17,50,940,42,BARRAGE / BEAUBOURG,48.8154,2.47348,Plein jour,En agglomération,Intersection en T,Normale,Deux véhicules - côté,,,,,,,,,,,1,2,3,1,3.0
201600043451,0016-04-19 16:45:00,16,4,19,16,45,940,58,1945 / L'EPARGNE,48.8513,2.51081,Plein jour,En agglomération,Intersection en X,Normale,Deux véhicules - côté,,,,,,,,,,,1,2,2,1,3.0
201600043452,0016-04-19 17:45:00,16,4,19,17,45,940,42,GALLIENI / JOINVILLE,48.8202,2.46981,Plein jour,En agglomération,Intersection en Y,Normale,Autre collision,,,,,,,,,,,1,2,4,1,6.0
201600043453,0016-05-05 08:35:00,16,5,5,8,35,940,58,BD DE LA LIBERTE,48.8363,2.49668,Plein jour,En agglomération,Hors intersection,Normale,Deux véhicules - côté,,,,,,,,,,,1,2,1,1,3.0
201600043454,0016-05-06 08:50:00,16,5,6,8,50,940,42,"31, PARIS",48.8177,2.46672,Plein jour,En agglomération,Hors intersection,Normale,Autre collision,,,,,,,,,,,1,2,1,1,6.0
201600043455,0016-11-16 20:30:00,16,11,16,20,30,940,42,"20, PIERRE BROSSOLETTE (",,,Nuit avec éclairage non allumé,En agglomération,Hors intersection,Normale,Autre collision,,,,,,,,,,,4,2,1,1,6.0
201600043456,0016-05-17 14:10:00,16,5,17,14,10,940,58,7 GENERAL DE GAULLE,48.8349,2.51379,Plein jour,En agglomération,Hors intersection,Normale,Deux véhicules - côté,,,,,,,,,,,1,2,1,1,3.0
201600043457,0016-05-18 12:16:00,16,5,18,12,16,940,52,GAMBETTA / LEDOUX,48.8396,2.46998,Plein jour,En agglomération,Intersection en T,Normale,Autre collision,,,,,,,,,,,1,2,3,1,6.0
201600043458,0016-05-19 12:10:00,16,5,19,12,10,940,42,"21, MERMOZ/JAURES",48.8198,2.46439,Plein jour,En agglomération,Intersection en X,Pluie légère,Autre collision,,,,,,,,,,,1,2,2,2,6.0
201600043459,0016-12-03 21:00:00,16,12,3,21,0,940,52,"123, STRASBOURG (BD DE)",,,Nuit avec éclairage allumé,En agglomération,Intersection en T,Normale,Deux véhicules - côté,,,,,,,,,,,5,2,3,1,3.0
201600043460,0016-05-23 17:45:00,16,5,23,17,45,940,52,STRASBOURG / LAURENT,48.8419,2.48377,Plein jour,En agglomération,Intersection en T,Pluie légère,Deux véhicules - frontale,,,,,,,,,,,1,2,3,2,1.0
201600043461,0016-05-24 17:35:00,16,5,24,17,35,940,42,BARRAGE / BEAUBOURG,48.8154,2.47348,Plein jour,En agglomération,Intersection en T,Normale,Deux véhicules - arrière,,,,,,,,,,,1,2,3,1,2.0
201600043462,0016-05-25 16:20:00,16,5,25,16,20,940,52,D'ESPEREY / FOCH,48.8442,2.48786,Plein jour,En agglomération,Intersection en T,Normale,Autre collision,,,,,,,,,,,1,2,3,1,6.0
201600043463,0016-12-09 03:00:00,16,12,9,3,0,940,42,CANADIENS (AV DES),,,Nuit avec éclairage allumé,En agglomération,Hors intersection,Normale,Trois véhicules et plus - en chaîne,,,,,,,,,,,5,2,1,1,4.0
201600043464,0016-12-09 11:55:00,16,12,9,11,55,940,42,"1, PARIS (R DE)",,,Plein jour,En agglomération,Intersection en X,Normale,Deux véhicules - côté,,,,,,,,,,,1,2,2,1,3.0
201600043465,0016-12-10 06:30:00,16,12,10,6,30,940,15,"20bis, GEORGES CLEMENCEA",,,Nuit avec éclairage allumé,En agglomération,Hors intersection,Normale,Deux véhicules - frontale,,,,,,,,,,,5,2,1,1,1.0
201600043466,0016-12-14 18:25:00,16,12,14,18,25,940,58,"22, AVRON (R D)",,,Nuit avec éclairage allumé,En agglomération,Intersection en T,Normale,Autre collision,,,,,,,,,,,5,2,3,1,6.0
201600043467,0016-12-15 07:15:00,16,12,15,7,15,940,15,GEORGES MELIES (BD),,,Nuit avec éclairage allumé,En agglomération,Giratoire,Normale,Deux véhicules - frontale,,,,,,,,,,,5,2,6,1,1.0
201600043468,0016-05-31 14:50:00,16,5,31,14,50,940,52,"138, STRASBOURG",48.8446,2.48809,Plein jour,En agglomération,Hors intersection,Pluie légère,Deux véhicules - côté,,,,,,,,,,,1,2,1,2,3.0
201600043469,0016-06-01 09:30:00,16,6,1,9,30,940,15,FRERES LUMIERE (AV DES),,,Plein jour,En agglomération,Hors intersection,Normale,Deux véhicules - côté,,,,,,,,,,,1,2,1,1,3.0
201600043470,0016-12-17 23:00:00,16,12,17,23,0,940,58,"77, ALSACE LORRAINE (BD",,,Nuit avec éclairage allumé,En agglomération,Hors intersection,Normale,Deux véhicules - arrière,,,,,,,,,,,5,2,1,1,2.0
201600043471,0016-06-03 20:50:00,16,6,3,20,50,940,42,"17, EUROPE (BD DE L)",,,Crépuscule ou aube,En agglomération,Hors intersection,Normale,Autre collision,,,,,,,,,,,2,2,1,1,6.0
201600043472,0016-12-22 08:35:00,16,12,22,8,35,940,52,"7, GALLIENI (BD)",,,Crépuscule ou aube,En agglomération,Intersection en X,Pluie légère,Autre collision,,,,,,,,,,,2,2,2,2,6.0
201600043473,0016-12-22 22:40:00,16,12,22,22,40,940,42,"41, PRESIDENT WILSON (AV",,,Nuit avec éclairage allumé,En agglomération,Intersection en T,Normale,Deux véhicules - frontale,,,,,,,,,,,5,2,3,1,1.0
201600043474,0016-12-25 02:20:00,16,12,25,2,20,940,52,CHARLES DE GAULLE (GRAND,,,Nuit avec éclairage allumé,En agglomération,Intersection en X,Normale,Deux véhicules - côté,,,,,,,,,,,5,2,2,1,3.0
201600043475,0016-06-10 08:45:00,16,6,10,8,45,940,58,"53, LEDRU ROLLIN (AV)",,,Plein jour,En agglomération,Hors intersection,Normale,Autre collision,,,,,,,,,,,1,2,1,1,6.0
201600043476,0016-12-30 16:30:00,16,12,30,16,30,940,15,PASTEUR (BD),,,Crépuscule ou aube,En agglomération,Intersection en X,Brouillard / fumée,Deux véhicules - côté,,,,,,,,,,,2,2,2,5,3.0
201600043477,0016-06-18 12:00:00,16,6,18,12,0,940,58,"94, ARTOIS (QU D)",,,Plein jour,En agglomération,Hors intersection,Normale,Autre collision,,,,,,,,,,,1,2,1,1,6.0
201600043478,0016-06-20 10:55:00,16,6,20,10,55,940,15,"226, PASTEUR (BD)",,,Plein jour,En agglomération,Intersection en X,Pluie légère,Autre collision,,,,,,,,,,,1,2,2,2,6.0
201600043479,0016-06-21 08:10:00,16,6,21,8,10,940,52,STRASBOURG (BD DE),,,Plein jour,En agglomération,Intersection en T,Pluie légère,Deux véhicules - côté,,,,,,,,,,,1,2,3,2,3.0
201600043480,0016-06-22 18:30:00,16,6,22,18,30,940,42,"46, GENERAL GALLIENI (AV",,,Plein jour,En agglomération,Hors intersection,Temps couvert,Autre collision,,,,,,,,,,,1,2,1,8,6.0