accident_id,datetime,annee,mois,jour,heure,minute,departement,commune_insee,adresse,latitude,longitude,luminosite,agglomeration,intersection,meteo,collision,nb_vehicules,nb_usagers,nb_indemnes,nb_tues,nb_blesses_hosp,nb_blesses_legers,age_cond_1,age_cond_2,veh_type_cond_1,veh_type_cond_2,lum_code,agg_code,int_code,atm_code,col_code
201600043481,0016-06-23 18:20:00,16,6,23,18,20,940,58,"40, LEDRU ROLLIN (AV)",,,Plein jour,En agglomération,Hors intersection,Normale,Autre collision,,,,,,,,,,,1,2,1,1,6.0
201600043482,0016-07-01 11:45:00,16,7,1,11,45,940,52,"117, STRASBOURG (BD DE)",,,Plein jour,En agglomération,Hors intersection,Normale,Deux véhicules - côté,,,,,,,,,,,1,2,1,1,3.0
201600043483,0016-07-03 10:30:00,16,7,3,10,30,940,42,JEAN MERMOZ (R),,,Plein jour,En agglomération,Hors intersection,Normale,Deux véhicules - côté,,,,,,,,,,,1,2,1,1,3.0
201600043484,0016-07-04 09:00:00,16,7,4,9,0,940,42,EUROPE (BD DE L),,,Plein jour,En agglomération,Hors intersection,Normale,Deux véhicules - arrière,,,,,,,,,,,1,2,1,1,2.0
201600043485,0016-07-06 15:20:00,16,7,6,15,20,940,42,PONT DE JOINVILLE,,,Plein jour,En agglomération,Hors intersection,Normale,Deux véhicules - côté,,,,,,,,,,,1,2,1,1,3.0
201600043486,0016-07-08 09:45:00,16,7,8,9,45,940,58,"85, AL LORRAINE/BARBERET",,,Plein jour,En agglomération,Intersection en T,Normale,Deux véhicules - arrière,,,,,,,,,,,1,2,3,1,2.0
201600043487,0016-07-12 10:30:00,16,7,12,10,30,940,42,GENERAL GALLIENI (AV DU),,,Plein jour,En agglomération,Intersection en T,Normale,Deux véhicules - côté,,,,,,,,,,,1,2,3,1,3.0
201600043488,0016-11-07 10:30:00,16,11,7,10,30,940,52,ALBERT 1ER/KABLE,48.8355,2.49405,Plein jour,En agglomération,Intersection en X,Pluie légère,Deux véhicules - côté,,,,,,,,,,,1,2,2,2,3.0
201600043489,0016-11-08 18:00:00,16,11,8,18,0,940,52,"34, STRASBOURG (BD DE)",,,Nuit avec éclairage allumé,En agglomération,Hors intersection,Normale,Deux véhicules - côté,,,,,,,,,,,5,2,1,1,3.0
201600043490,0016-11-18 11:00:00,16,11,18,11,0,940,42,VERDUN (PL DE),,,Plein jour,En agglomération,Hors intersection,Normale,Autre collision,,,,,,,,,,,1,2,1,1,6.0
201600043491,0016-11-23 08:00:00,16,11,23,8,0,940,15,"64, GEORGES CLEMENCEAU (",,,Plein jour,En agglomération,Autre intersection,Temps couvert,Autre collision,,,,,,,,,,,1,2,9,8,6.0
201600043492,0016-11-23 13:00:00,16,11,23,13,0,940,58,GABRIEL PERI (AV),,,Plein jour,En agglomération,Intersection en T,Temps couvert,Deux véhicules - côté,,,,,,,,,,,1,2,3,8,3.0
201600043493,0016-11-24 20:35:00,16,11,24,20,35,940,42,"18BIS, EUROPE (BD DE L)",,,Nuit avec éclairage allumé,En agglomération,Hors intersection,Normale,Deux véhicules - côté,,,,,,,,,,,5,2,1,1,3.0
201600043494,0016-11-29 19:15:00,16,11,29,19,15,940,52,EDOUARD RENARD (R),,,Nuit avec éclairage allumé,En agglomération,Intersection à plus de 4 branches,Normale,Autre collision,,,,,,,,,,,5,2,5,1,6.0
201600043495,0016-11-24 10:00:00,16,11,24,10,0,940,52,CHARLES DE GAULLE (GRAND,,,Plein jour,En agglomération,Hors intersection,Temps couvert,Deux véhicules - arrière,,,,,,,,,,,1,2,1,8,2.0
201600043496,0016-01-07 07:10:00,16,1,7,7,10,940,68,"14, LOUIS BRAILLE",48.8021,2.47822,Nuit avec éclairage allumé,En agglomération,Hors intersection,Pluie légère,Autre collision,,,,,,,,,,,5,2,1,2,6.0
201600043497,0016-01-15 08:05:00,16,1,15,8,5,940,68,PERI/MARINVILLE,48.8053,2.48394,Plein jour,En agglomération,Giratoire,Normale,Autre collision,,,,,,,,,,,1,2,6,1,6.0
201600043498,0016-01-15 18:10:00,16,1,15,18,10,940,68,CHAMPIGNY / BOILEAU,48.8088,2.50943,Nuit avec éclairage allumé,En agglomération,Intersection en T,Normale,Deux véhicules - côté,,,,,,,,,,,5,2,3,1,3.0
201600043499,0016-01-15 19:50:00,16,1,15,19,50,940,68,BAC / MARCEL,48.7967,2.50588,Nuit avec éclairage allumé,En agglomération,Intersection en T,Normale,Deux véhicules - côté,,,,,,,,,,,5,2,3,1,3.0
201600043500,0016-01-17 18:25:00,16,1,17,18,25,940,68,MESNIL / CHARTON,48.797,2.51597,Nuit avec éclairage allumé,En agglomération,Intersection en X,Normale,Deux véhicules - côté,,,,,,,,,,,5,2,2,1,3.0
201600043501,0016-01-19 15:05:00,16,1,19,15,5,940,68,CRETEIL / LEROUX,48.8064,2.47142,Plein jour,En agglomération,Intersection en X,Normale,Deux véhicules - côté,,,,,,,,,,,1,2,2,1,3.0
201600043502,0016-01-27 12:10:00,16,1,27,12,10,940,68,REMISES / LORRAINE,48.8059,2.47293,Plein jour,En agglomération,Intersection en X,Normale,Autre collision,,,,,,,,,,,1,2,2,1,6.0
201600043503,0016-01-30 17:32:00,16,1,30,17,32,940,68,BERTEAUX / VARENNE,48.8098,2.47118,Nuit avec éclairage allumé,En agglomération,Intersection en Y,Normale,Autre collision,,,,,,,,,,,5,2,4,1,6.0
201600043504,0016-02-02 10:20:00,16,2,2,10,20,940,68,BOURDIGNON / CLEMENT,48.8018,2.47584,Plein jour,En agglomération,Intersection en X,Normale,Deux véhicules - côté,,,,,,,,,,,1,2,2,1,3.0
201600043505,0016-02-02 17:05:00,16,2,2,17,5,940,68,BERTEAUX / MARIN,48.8084,2.47134,Plein jour,En agglomération,Intersection en X,Pluie légère,Deux véhicules - arrière,,,,,,,,,,,1,2,2,2,2.0
201600043506,0016-02-05 08:45:00,16,2,5,8,45,940,68,CALMETTE / FOCH,48.8022,2.49207,Plein jour,En agglomération,Intersection en X,Normale,Autre collision,,,,,,,,,,,1,2,2,1,6.0
201600043507,0016-02-08 17:10:00,16,2,8,17,10,940,68,DAUPHINE / SAVOIE,48.811,2.48194,Nuit avec éclairage allumé,En agglomération,Intersection en T,Pluie légère,Autre collision,,,,,,,,,,,5,2,3,2,6.0
201600043508,0016-02-12 13:30:00,16,2,12,13,30,940,68,BRAILLE / DIDEROT,48.8011,2.47906,Plein jour,En agglomération,Intersection en X,Pluie légère,Autre collision,,,,,,,,,,,1,2,2,2,6.0
201600043509,0016-02-15 09:20:00,16,2,15,9,20,940,68,"111, FOCH",48.7992,2.49932,Plein jour,En agglomération,Hors intersection,Normale,Deux véhicules - côté,,,,,,,,,,,1,2,1,1,3.0
201600043510,0016-02-16 09:05:00,16,2,16,9,5,940,68,CONDE / MARIN,48.812,2.47478,Plein jour,En agglomération,Intersection en X,Normale,Deux véhicules - côté,,,,,,,,,,,1,2,2,1,3.0
201600043511,0016-02-16 13:05:00,16,2,16,13,5,940,68,CRETEIL / LEVERRIER,48.7979,2.49418,Plein jour,En agglomération,Intersection en T,Normale,Deux véhicules - côté,,,,,,,,,,,1,2,3,1,3.0
201600043512,0016-03-03 14:40:00,16,3,3,14,40,940,68,MARCEL / BAC,48.7967,2.50588,Plein jour,En agglomération,Intersection en X,Normale,Autre collision,,,,,,,,,,,1,2,2,1,6.0
201600043513,0016-03-12 16:00:00,16,3,12,16,0,940,68,SEBASTOPOL / PILIERS,48.7941,2.50736,Plein jour,En agglomération,Intersection en X,Normale,Deux véhicules - côté,,,,,,,,,,,1,2,2,1,3.0
201600043514,0016-01-02 18:20:00,16,1,2,18,20,940,68,BELLECHASSE / ROUX,48.7938,2.49232,Nuit avec éclairage allumé,En agglomération,Intersection en X,Pluie légère,Autre collision,,,,,,,,,,,5,2,2,2,6.0
201600043515,0016-03-14 08:50:00,16,3,14,8,50,940,68,"78, LOUIS BLANC",48.7921,2.49709,Plein jour,En agglomération,Intersection en X,Normale,Deux véhicules - arrière,,,,,,,,,,,1,2,2,1,2.0
201600043516,0016-03-18 10:00:00,16,3,18,10,0,940,68,FOCH / LITTRE,48.8013,2.49452,Plein jour,En agglomération,Intersection en T,Normale,Deux véhicules - arrière,,,,,,,,,,,1,2,3,1,2.0
201600043517,0016-03-18 11:05:00,16,3,18,11,5,940,68,LIBERATION / GALLIENI,48.8082,2.47609,Plein jour,En agglomération,Intersection en X,Normale,Deux véhicules - côté,,,,,,,,,,,1,2,2,1,3.0
201600043518,0016-03-22 17:40:00,16,3,22,17,40,940,68,RABELAIS / VARENNE,48.8068,2.47777,Plein jour,En agglomération,Intersection en Y,Normale,Deux véhicules - côté,,,,,,,,,,,1,2,4,1,3.0
201600043519,0016-03-23 17:40:00,16,3,23,17,40,940,68,ROLLIN / RENIE,48.7892,2.49122,Plein jour,En agglomération,Intersection en T,Normale,Deux véhicules - frontale,,,,,,,,,,,1,2,3,1,1.0
201600043520,0016-03-24 17:35:00,16,3,24,17,35,940,68,BEAUREPAIRE / COTEAUX,48.7912,2.47459,Plein jour,En agglomération,Intersection en X,Normale,Deux véhicules - arrière,,,,,,,,,,,1,2,2,1,2.0
201600043521,0016-03-30 09:45:00,16,3,30,9,45,940,68,"15, CHAMPIGNY",48.8002,2.50495,Plein jour,En agglomération,Hors intersection,Pluie légère,Trois véhicules et plus - en chaîne,,,,,,,,,,,1,2,1,2,4.0
201600043522,0016-04-05 10:10:00,16,4,5,10,10,940,68,CRETEIL / GARIBALDI,48.7982,2.48006,Plein jour,En agglomération,Intersection à plus de 4 branches,Normale,Autre collision,,,,,,,,,,,1,2,5,1,6.0
201600043523,0016-04-05 15:50:00,16,4,5,15,50,940,68,BAC / SAND,48.7922,2.51777,Plein jour,En agglomération,Intersection en X,Normale,Autre collision,,,,,,,,,,,1,2,2,1,6.0
201600043524,0016-04-06 17:40:00,16,4,6,17,40,940,68,AV FOCH,48.7979,2.50268,Plein jour,En agglomération,Hors intersection,Normale,Deux véhicules - arrière,,,,,,,,,,,1,2,1,1,2.0
201600043525,0016-04-14 11:00:00,16,4,14,11,0,940,68,CHEVALIER / ROCHEREAU,48.7879,2.50264,Plein jour,En agglomération,Intersection en X,Normale,Deux véhicules - côté,,,,,,,,,,,1,2,2,1,3.0
201600043526,0016-04-15 17:25:00,16,4,15,17,25,940,68,BD DE CHAMPIGNY,48.8095,2.50969,Plein jour,En agglomération,Intersection en X,Normale,Autre collision,,,,,,,,,,,1,2,2,1,6.0
201600043527,0016-04-22 11:40:00,16,4,22,11,40,940,68,GUIMIER / DIDEROT,48.8021,2.48172,Plein jour,En agglomération,Intersection en X,Normale,Deux véhicules - côté,,,,,,,,,,,1,2,2,1,3.0
201600043528,0016-05-06 12:30:00,16,5,6,12,30,940,68,MURIERS / SORBIERS,48.7891,2.49833,Plein jour,En agglomération,Intersection en T,Normale,Deux véhicules - frontale,,,,,,,,,,,1,2,3,1,1.0
201600043529,0016-05-08 04:40:00,16,5,8,4,40,940,68,GARE DE CHAMPIGNY,48.8076,2.5091,Nuit avec éclairage allumé,En agglomération,Intersection en X,Normale,Autre collision,,,,,,,,,,,5,2,2,1,6.0
201600043530,0016-05-07 11:44:00,16,5,7,11,44,940,68,CENTENAIRE / SAINT-PAUL,48.7999,2.50906,Plein jour,En agglomération,Intersection en T,Normale,Deux véhicules - côté,,,,,,,,,,,1,2,3,1,3.0
201600043531,0016-05-09 14:26:00,16,5,9,14,26,940,68,ANCIENS COMBATTANTS D'IN,48.808,2.50539,Plein jour,En agglomération,Hors intersection,Normale,Deux véhicules - frontale,,,,,,,,,,,1,2,1,1,1.0
201600043532,0016-05-26 17:40:00,16,5,26,17,40,940,68,CHAMPIGNY/ NEUVILLE,48.8039,2.50823,Plein jour,En agglomération,Intersection en X,Normale,Deux véhicules - côté,,,,,,,,,,,1,2,2,1,3.0
201600043533,0016-05-31 13:05:00,16,5,31,13,5,940,68,"52, GARIBALDI",48.7973,2.48139,Plein jour,En agglomération,Hors intersection,Pluie légère,Deux véhicules - côté,,,,,,,,,,,1,2,1,2,3.0
201600043534,0016-05-31 16:00:00,16,5,31,16,0,940,68,"14, B CHOLET/INKERMANN",48.7969,2.48581,Plein jour,En agglomération,Intersection en T,Pluie forte,Autre collision,,,,,,,,,,,1,2,3,3,6.0
201600043535,0016-06-07 16:10:00,16,6,7,16,10,940,68,GAMBETTA (AV),,,Plein jour,En agglomération,Intersection en X,Normale,Deux véhicules - côté,,,,,,,,,,,1,2,2,1,3.0
201600043536,0016-06-10 13:25:00,16,6,10,13,25,940,68,PONT DE CRETEIL (R DU),,,Plein jour,En agglomération,Hors intersection,Normale,Autre collision,,,,,,,,,,,1,2,1,1,6.0
201600043537,0016-06-10 17:00:00,16,6,10,17,0,940,68,PORT DE CRETEIL (QU DU),,,Plein jour,En agglomération,Hors intersection,Normale,Deux véhicules - côté,,,,,,,,,,,1,2,1,1,3.0
201600043538,0016-06-23 19:40:00,16,6,23,19,40,940,68,BAC (AV DU),,,Plein jour,En agglomération,Hors intersection,Normale,Deux véhicules - côté,,,,,,,,,,,1,2,1,1,3.0
201600043539,0016-06-24 16:20:00,16,6,24,16,20,940,68,"26, CHAMPIGNOL (QU DE)",,,Plein jour,En agglomération,Hors intersection,Normale,Deux véhicules - côté,,,,,,,,,,,1,2,1,1,3.0
201600043540,0016-07-04 16:50:00,16,7,4,16,50,940,68,MARIN/PESSOT,,,Plein jour,En agglomération,Intersection en X,Normale,Deux véhicules - côté,,,,,,,,,,,1,2,2,1,3.0
201600043541,0016-07-06 13:50:00,16,7,6,13,50,940,68,AUGUSTE MARIN (AV),,,Plein jour,En agglomération,Intersection en X,Normale,Deux véhicules - côté,,,,,,,,,,,1,2,2,1,3.0
201600043542,0016-07-09 22:30:00,16,7,9,22,30,940,68,REPUBLIQUE (AV DE LA),,,Crépuscule ou aube,En agglomération,Hors intersection,Normale,Autre collision,,,,,,,,,,,2,2,1,1,6.0
201600043543,0016-07-08 19:00:00,16,7,8,19,0,940,68,"106, PARC (QU DU)",,,Plein jour,En agglomération,Hors intersection,Normale,Autre collision,,,,,,,,,,,1,2,1,1,6.0
201600043544,0016-07-15 20:00:00,16,7,15,20,0,940,68,VERGNIAUD (AV),,,Plein jour,En agglomération,Intersection en X,Normale,Deux véhicules - côté,,,,,,,,,,,1,2,2,1,3.0
201600043545,0016-07-17 14:00:00,16,7,17,14,0,940,68,WINSTON CHURCHILL (QU),,,Plein jour,En agglomération,Intersection en T,Normale,Deux véhicules - côté,,,,,,,,,,,1,2,3,1,3.0
201600043546,0016-07-17 20:50:00,16,7,17,20,50,940,68,BAC (AV DU),,,Plein jour,En agglomération,Hors intersection,Normale,Autre collision,,,,,,,,,,,1,2,1,1,6.0
201600043547,0016-07-18 13:30:00,16,7,18,13,30,940,68,LOUIS BLANC (AV),,,Plein jour,En agglomération,Intersection en X,Normale,Deux véhicules - côté,,,,,,,,,,,1,2,2,1,3.0
201600043548,0016-07-21 08:05:00,16,7,21,8,5,940,68,CAFFIN (AV),,,Plein jour,En agglomération,Intersection en X,Normale,Deux véhicules - côté,,,,,,,,,,,1,2,2,1,3.0
201600043549,0016-07-29 17:35:00,16,7,29,17,35,940,68,BAC (AV DU),,,Plein jour,En agglomération,Intersection en X,Normale,Autre collision,,,,,,,,,,,1,2,2,1,6.0
201600043550,0016-08-01 15:50:00,16,8,1,15,50,940,68,"31, VARENNE (R DE LA)",,,Plein jour,En agglomération,Hors intersection,Normale,Autre collision,,,,,,,,,,,1,2,1,1,6.0
201600043551,0016-08-04 13:20:00,16,8,4,13,20,940,68,"97, BAC (AV DU)",,,Plein jour,En agglomération,Hors intersection,Temps couvert,Deux véhicules - arrière,,,,,,,,,,,1,2,1,8,2.0
201600043552,0016-08-11 21:35:00,16,8,11,21,35,940,68,"52BIS, MARINVILLE (AV DE",,,Nuit avec éclairage allumé,En agglomération,Hors intersection,Normale,Autre collision,,,,,,,,,,,5,2,1,1,6.0
201600043553,0016-08-17 17:05:00,16,8,17,17,5,940,68,"7, DOCTEUR CALMETTE (AV",,,Plein jour,En agglomération,Hors intersection,Normale,Autre collision,,,,,,,,,,,1,2,1,1,6.0
201600043554,0016-09-01 08:52:00,16,9,1,8,52,940,68,CRETEIL (BD DE),,,Plein jour,En agglomération,Hors intersection,Temps éblouissant,Deux véhicules - côté,,,,,,,,,,,1,2,1,7,3.0
201600043555,0016-09-01 20:00:00,16,9,1,20,0,940,68,EST (AV DE L),,,Plein jour,En agglomération,Intersection en X,Normale,Deux véhicules - côté,,,,,,,,,,,1,2,2,1,3.0
201600043556,0016-09-02 08:25:00,16,9,2,8,25,940,68,ALMA (AV DE L),,,Plein jour,En agglomération,Hors intersection,Normale,Deux véhicules - côté,,,,,,,,,,,1,2,1,1,3.0
201600043557,0016-09-05 12:45:00,16,9,5,12,45,940,68,BEL AIR (AV DU),,,Plein jour,En agglomération,Intersection en X,Pluie légère,Deux véhicules - côté,,,,,,,,,,,1,2,2,2,3.0
201600043558,0016-09-07 11:30:00,16,9,7,11,30,940,68,MAURICE BERTEAUX (BD),,,Plein jour,En agglomération,Hors intersection,Normale,Autre collision,,,,,,,,,,,1,2,1,1,6.0
201600043559,0016-09-12 10:15:00,16,9,12,10,15,940,68,PIERRE SEMARD (AV),,,Plein jour,En agglomération,Intersection en X,Normale,Deux véhicules - côté,,,,,,,,,,,1,2,2,1,3.0
201600043560,0016-09-12 18:10:00,16,9,12,18,10,940,68,"19, MAURICE BERTEAUX (BD",,,Plein jour,En agglomération,Hors intersection,Normale,Deux véhicules - arrière,,,,,,,,,,,1,2,1,1,2.0
201600043561,0016-09-14 13:20:00,16,9,14,13,20,940,68,MARNE (BD DE LA),,,Plein jour,En agglomération,Hors intersection,Normale,Deux véhicules - côté,,,,,,,,,,,1,2,1,1,3.0
201600043562,0016-09-19 21:40:00,16,9,19,21,40,940,68,MAURICE BERTEAUX (BD),,,Nuit avec éclairage allumé,En agglomération,Intersection en X,Normale,Deux véhicules - côté,,,,,,,,,,,5,2,2,1,3.0
201600043563,0016-09-20 18:20:00,16,9,20,18,20,940,68,NON DENOMMEE (VOI),,,Plein jour,En agglomération,Hors intersection,Normale,Autre collision,,,,,,,,,,,1,2,1,1,6.0
201600043564,0016-09-22 07:45:00,16,9,22,7,45,940,68,MAURICE BERTEAUX (BD),,,Plein jour,En agglomération,Intersection en X,Normale,Deux véhicules - côté,,,,,,,,,,,1,2,2,1,3.0
201600043565,0016-09-22 16:55:00,16,9,22,16,55,940,68,REUNION (R DE LA),,,Plein jour,En agglomération,Intersection en X,Normale,Deux véhicules - côté,,,,,,,,,,,1,2,2,1,3.0
201600043566,0016-09-25 14:10:00,16,9,25,14,10,940,68,MARECHAL JUIN (PL DU),,,Plein jour,En agglomération,Hors intersection,Normale,Deux véhicules - frontale,,,,,,,,,,,1,2,1,1,1.0
201600043567,0016-09-26 22:10:00,16,9,26,22,10,940,68,"132TER, FOCH (AV)",,,Nuit avec éclairage allumé,En agglomération,Hors intersection,Normale,Deux véhicules - côté,,,,,,,,,,,5,2,1,1,3.0
201600043568,0016-09-28 13:05:00,16,9,28,13,5,940,68,CHAMPIGNY (BD DE),,,Plein jour,En agglomération,Hors intersection,Normale,Autre collision,,,,,,,,,,,1,2,1,1,6.0
201600043569,0016-09-30 18:00:00,16,9,30,18,0,940,68,D'ADAMVILLE KENNEDY (PL),,,Plein jour,En agglomération,Autre intersection,Pluie légère,Autre collision,,,,,,,,,,,1,2,9,2,6.0
201600043570,0016-10-05 13:55:00,16,10,5,13,55,940,68,ETIENNE DOLET (R),,,Plein jour,En agglomération,Intersection en X,Normale,Deux véhicules - côté,,,,,,,,,,,1,2,2,1,3.0
201600043571,0016-10-09 19:30:00,16,10,9,19,30,940,68,FOCH (AV),,,Nuit avec éclairage allumé,En agglomération,Hors intersection,Normale,Deux véhicules - côté,,,,,,,,,,,5,2,1,1,3.0
201600043572,0016-10-14 18:40:00,16,10,14,18,40,940,68,FOCH (AV),,,Nuit avec éclairage allumé,En agglomération,Hors intersection,Pluie forte,Autre collision,,,,,,,,,,,5,2,1,3,6.0
201600043573,0016-10-15 07:40:00,16,10,15,7,40,940,68,"185, CRETEIL (BD DE)",,,Crépuscule ou aube,En agglomération,Hors intersection,Normale,Deux véhicules - côté,,,,,,,,,,,2,2,1,1,3.0
201600043574,0016-10-21 09:55:00,16,10,21,9,55,940,68,MESNIL (AV DU),,,Plein jour,En agglomération,Intersection en X,Pluie légère,Deux véhicules - côté,,,,,,,,,,,1,2,2,2,3.0
201600043575,0016-11-04 17:40:00,16,11,4,17,40,940,68,"196, CRETEIL (BD DE)",,,Nuit avec éclairage allumé,En agglomération,Hors intersection,Pluie forte,Deux véhicules - côté,,,,,,,,,,,5,2,1,3,3.0
201600043576,0016-11-07 07:35:00,16,11,7,7,35,940,68,PILIERS (AV DES),,,Nuit avec éclairage allumé,En agglomération,Intersection en X,Neige / grêle,Deux véhicules - côté,,,,,,,,,,,5,2,2,4,3.0
201600043577,0016-11-08 08:20:00,16,11,8,8,20,940,68,GAMBETTA (AV),,,Plein jour,En agglomération,Hors intersection,Normale,Deux véhicules - côté,,,,,,,,,,,1,2,1,1,3.0
201600043578,0016-11-09 08:25:00,16,11,9,8,25,940,68,LOUIS BLANC (AV),,,Plein jour,En agglomération,Hors intersection,Pluie légère,Autre collision,,,,,,,,,,,1,2,1,2,6.0
201600043579,0016-11-09 12:00:00,16,11,9,12,0,940,68,GUYNEMER (AV),,,Plein jour,En agglomération,Intersection en X,Pluie légère,Deux véhicules - côté,,,,,,,,,,,1,2,2,2,3.0
201600043580,0016-11-11 12:50:00,16,11,11,12,50,940,68,"102, CHAMPIGNY (BD DE)",,,Plein jour,En agglomération,Hors intersection,Normale,Autre collision,,,,,,,,,,,1,2,1,1,6.0
201600043581,0016-11-18 20:40:00,16,11,18,20,40,940,68,BAC (AV DU),,,Nuit avec éclairage allumé,En agglomération,Hors intersection,Normale,Deux véhicules - côté,,,,,,,,,,,5,2,1,1,3.0
201600043582,0016-11-21 13:00:00,16,11,21,13,0,940,68,ANGLAIS (PROM DES),,,Plein jour,En agglomération,Intersection en T,Pluie légère,Deux véhicules - côté,,,,,,,,,,,1,2,3,2,3.0
201600043583,0016-12-01 23:05:00,16,12,1,23,5,940,68,"17, VARENNE (R DE LA)",,,Nuit avec éclairage allumé,En agglomération,Hors intersection,Normale,Deux véhicules - arrière,,,,,,,,,,,5,2,1,1,2.0
201600043584,0016-12-04 10:15:00,16,12,4,10,15,940,68,"91, BAC (AV DU)",,,Plein jour,En agglomération,Hors intersection,Normale,Autre collision,,,,,,,,,,,1,2,1,1,6.0
201600043585,0016-12-05 17:30:00,16,12,5,17,30,940,68,"105, MARINVILLE (AV DE)",,,Nuit avec éclairage allumé,En agglomération,Hors intersection,Normale,Autre collision,,,,,,,,,,,5,2,1,1,6.0
201600043586,0016-12-06 17:20:00,16,12,6,17,20,940,68,"25TER, VARENNE (R DE LA)",,,Nuit avec éclairage allumé,En agglomération,Hors intersection,Normale,Deux véhicules - côté,,,,,,,,,,,5,2,1,1,3.0
201600043587,0016-12-07 11:45:00,16,12,7,11,45,940,68,LOUIS BLANC (AV),,,Plein jour,En agglomération,Intersection en X,Temps éblouissant,Deux véhicules - côté,,,,,,,,,,,1,2,2,7,3.0
201600043588,0016-12-09 17:40:00,16,12,9,17,40,940,68,CHEMIN VERT (R DU),,,Nuit avec éclairage allumé,En agglomération,Intersection en T,Normale,Deux véhicules - côté,,,,,,,,,,,5,2,3,1,3.0
201600043589,0016-12-12 07:20:00,16,12,12,7,20,940,68,BEAUJEU (R DE),,,Nuit avec éclairage allumé,En agglomération,Hors intersection,Temps couvert,Autre collision,,,,,,,,,,,5,2,1,8,6.0
201600043590,0016-12-11 23:05:00,16,12,11,23,5,940,68,CORNEILLES (BD DES),,,Nuit avec éclairage allumé,En agglomération,Intersection en X,Normale,Deux véhicules - côté,,,,,,,,,,,5,2,2,1,3.0
201600043591,0016-12-13 17:15:00,16,12,13,17,15,940,68,PONT DE CRETEIL (R DU),,,Nuit avec éclairage allumé,En agglomération,Hors intersection,Normale,Autre collision,,,,,,,,,,,5,2,1,1,6.0
201600043592,0016-12-14 17:20:00,16,12,14,17,20,940,68,BAC (AV DU),,,Nuit avec éclairage allumé,En agglomération,Intersection en X,Normale,Deux véhicules - côté,,,,,,,,,,,5,2,2,1,3.0
201600043593,0016-12-20 18:50:00,16,12,20,18,50,940,68,"155, CRETEIL (BD DE)",,,Nuit avec éclairage allumé,En agglomération,Hors intersection,Normale,Autre collision,,,,,,,,,,,5,2,1,1,6.0
201600043594,0016-12-26 11:15:00,16,12,26,11,15,940,68,JEAN MERMOZ (R),,,Plein jour,En agglomération,Intersection en X,Pluie légère,Deux véhicules - côté,,,,,,,,,,,1,2,2,2,3.0
201600043595,0016-12-28 10:30:00,16,12,28,10,30,940,68,"91, RABELAIS (BD)",,,Plein jour,En agglomération,Hors intersection,Normale,Deux véhicules - côté,,,,,,,,,,,1,2,1,1,3.0
201600043596,0016-01-14 08:45:00,16,1,14,8,45,940,68,"29, PORT DE CRETEIL",48.8012,2.47002,Crépuscule ou aube,En agglomération,Hors intersection,Pluie légère,Deux véhicules - côté,,,,,,,,,,,2,2,1,2,3.0
201600043597,0016-03-10 19:20:00,16,3,10,19,20,940,68,ALMA / PERDRIX,48.7876,2.49524,Nuit avec éclairage allumé,En agglomération,Intersection en X,Pluie légère,Deux véhicules - côté,,,,,,,,,,,5,2,2,2,3.0
201600043598,0016-03-15 06:00:00,16,3,15,6,0,940,68,CRETEIL / BARBES,48.798,2.49172,Nuit avec éclairage allumé,En agglomération,Intersection en X,Normale,Deux véhicules - côté,,,,,,,,,,,5,2,2,1,3.0
201600043599,0016-03-21 22:15:00,16,3,21,22,15,940,68,CHENNEVIERES / LECERF,48.7896,2.51608,Nuit avec éclairage allumé,En agglomération,Intersection en X,Normale,Deux véhicules - côté,,,,,,,,,,,5,2,2,1,3.0
201600043600,0016-03-23 20:10:00,16,3,23,20,10,940,68,LIBERATION / DAUPHINE,48.8118,2.47879,Nuit avec éclairage allumé,En agglomération,Intersection en T,Normale,Deux véhicules - frontale,,,,,,,,,,,5,2,3,1,1.0
201600043601,0016-03-30 13:15:00,16,3,30,13,15,940,68,BD RABELAIS,48.8066,2.47878,Plein jour,En agglomération,Hors intersection,Pluie légère,Deux véhicules - arrière,,,,,,,,,,,1,2,1,2,2.0
201600043602,0016-04-04 17:40:00,16,4,4,17,40,940,68,RABELAIS / PICARDIE,48.807,2.47658,Plein jour,En agglomération,Intersection en T,Normale,Deux véhicules - arrière,,,,,,,,,,,1,2,3,1,2.0
201600043603,0016-04-26 18:25:00,16,4,26,18,25,940,68,QU DE LA PIE,48.7849,2.48562,Plein jour,En agglomération,Hors intersection,Normale,Autre collision,,,,,,,,,,,1,2,1,1,6.0
201600043604,0016-06-17 18:30:00,16,6,17,18,30,940,68,"28, PIERRE BROSSOLETTE (",,,Plein jour,En agglomération,Hors intersection,Temps couvert,Deux véhicules - frontale,,,,,,,,,,,1,2,1,8,1.0
201600043605,0016-07-12 00:20:00,16,7,12,0,20,940,68,"114, GAMBETTA (AV)",,,Nuit avec éclairage allumé,En agglomération,Hors intersection,Normale,Autre collision,,,,,,,,,,,5,2,1,1,6.0
201600043606,0016-08-12 00:55:00,16,8,12,0,55,940,68,D'ADAMVILLE KENNEDY (PL),,,Nuit avec éclairage allumé,En agglomération,Giratoire,Normale,Autre collision,,,,,,,,,,,5,2,6,1,6.0
201600043607,0016-09-16 20:40:00,16,9,16,20,40,940,68,RABELAIS (BD),,,Nuit avec éclairage allumé,En agglomération,Hors intersection,Pluie légère,Deux véhicules - arrière,,,,,,,,,,,5,2,1,2,2.0
201600043608,0016-09-22 21:30:00,16,9,22,21,30,940,68,"27, BEL AIR (AV DU)",,,Nuit avec éclairage allumé,En agglomération,Hors intersection,Normale,Autre collision,,,,,,,,,,,5,2,1,1,6.0
201600043609,0016-10-22 13:45:00,16,10,22,13,45,940,68,PONT DE CRETEIL (R DU),,,Plein jour,En agglomération,Autre intersection,Normale,Autre collision,,,,,,,,,,,1,2,9,1,6.0