accident_id,datetime,annee,mois,jour,heure,minute,departement,commune_insee,adresse,latitude,longitude,luminosite,agglomeration,intersection,meteo,collision,nb_vehicules,nb_usagers,nb_indemnes,nb_tues,nb_blesses_hosp,nb_blesses_legers,age_cond_1,age_cond_2,veh_type_cond_1,veh_type_cond_2,lum_code,agg_code,int_code,atm_code,col_code
201600043735,0016-09-03 18:10:00,16,9,3,18,10,940,78,PARIS/ZOLA,48.7356,2.4468,Plein jour,En agglomération,Intersection en T,Temps éblouissant,Deux véhicules - côté,,,,,,,,,,,1,2,3,7,3.0
201600043736,0016-09-04 18:20:00,16,9,4,18,20,940,78,"., ANATOLE FRANCE (AV)",,,Plein jour,En agglomération,Intersection en X,Normale,Deux véhicules - côté,,,,,,,,,,,1,2,2,1,3.0
201600043737,0016-09-05 07:20:00,16,9,5,7,20,940,74,"., JULIEN DURANTON (aven",48.7592,2.45115,Crépuscule ou aube,En agglomération,Hors intersection,Pluie légère,Autre collision,,,,,,,,,,,2,2,1,2,6.0
201600043738,0016-09-07 17:25:00,16,9,7,17,25,940,78,AV DU 8 MAI 1945,48.7264,2.44466,Plein jour,En agglomération,Hors intersection,Normale,Trois véhicules et plus - collisions multiples,,,,,,,,,,,1,2,1,1,5.0
201600043739,0016-09-10 21:13:00,16,9,10,21,13,940,1,"., VICTOIRE (place de la",,,Nuit avec éclairage allumé,En agglomération,Intersection en T,Normale,Deux véhicules - frontale,,,,,,,,,,,5,2,3,1,1.0
201600043740,0016-09-13 19:35:00,16,9,13,19,35,940,77,"23, LE FOLL (AV)",,,Crépuscule ou aube,En agglomération,Hors intersection,Normale,Deux véhicules - côté,,,,,,,,,,,2,2,1,1,3.0
201600043741,0016-09-14 08:00:00,16,9,14,8,0,940,74,"., RU DE GIRONDE (AV DU)",,,Plein jour,En agglomération,Intersection en X,Normale,Deux véhicules - côté,,,,,,,,,,,1,2,2,1,3.0
201600043742,0016-10-01 10:35:00,16,10,1,10,35,940,78,"47, PRESIDENT JOHN FITZG",,,Plein jour,En agglomération,Hors intersection,Normale,Autre collision,,,,,,,,,,,1,2,1,1,6.0
201600043743,0016-12-26 17:45:00,16,12,26,17,45,940,78,PRESIDENT JOHN FITZGERAL,,,Nuit avec éclairage allumé,En agglomération,Hors intersection,Normale,Deux véhicules - frontale,,,,,,,,,,,5,2,1,1,1.0
201600043744,0016-09-22 16:10:00,16,9,22,16,10,940,78,"., SACCO ET VANZETTI (R)",,,Plein jour,En agglomération,Intersection en T,Normale,Deux véhicules - côté,,,,,,,,,,,1,2,3,1,3.0
201600043745,0016-09-23 07:45:00,16,9,23,7,45,940,1,"., LIBERATION (place de",,,Plein jour,En agglomération,Hors intersection,Normale,Autre collision,,,,,,,,,,,1,2,1,1,6.0
201600043746,0016-09-27 18:00:00,16,9,27,18,0,940,78,8 MAI 1945/SEMARD,48.7297,2.44687,Plein jour,En agglomération,Intersection en T,Normale,Deux véhicules - côté,,,,,,,,,,,1,2,3,1,3.0
201600043747,0016-09-29 12:45:00,16,9,29,12,45,940,74,"., RU DE GIRONDE (AV DU)",,,Plein jour,En agglomération,Hors intersection,Normale,Deux véhicules - côté,,,,,,,,,,,1,2,1,1,3.0
201600043748,0016-11-05 10:00:00,16,11,5,10,0,940,74,"., COLONEL FABIEN (R)",,,Plein jour,En agglomération,Hors intersection,Temps couvert,Autre collision,,,,,,,,,,,1,2,1,8,6.0
201600043749,0016-10-06 20:30:00,16,10,6,20,30,940,78,PARIS/CORDIER,48.7441,2.4467,Nuit avec éclairage allumé,En agglomération,Intersection en T,Normale,Autre collision,,,,,,,,,,,5,2,3,1,6.0
201600043750,0016-10-08 19:00:00,16,10,8,19,0,940,78,"00, PAIX (BD DE LA)",,,Plein jour,En agglomération,Intersection en X,Normale,Deux véhicules - côté,,,,,,,,,,,1,2,2,1,3.0
201600043751,0016-10-10 14:30:00,16,10,10,14,30,940,74,"40,  BARBUSSE/MICHELET",48.7636,2.44198,Plein jour,En agglomération,Intersection en T,Normale,Deux véhicules - arrière,,,,,,,,,,,1,2,3,1,2.0
201600043752,0016-10-14 21:11:00,16,10,14,21,11,940,78,R DE PARIS,48.7303,2.44686,Nuit avec éclairage allumé,En agglomération,Hors intersection,Pluie forte,Deux véhicules - arrière,,,,,,,,,,,5,2,1,3,2.0
201600043753,0016-10-15 16:30:00,16,10,15,16,30,940,78,8 MAI 1945/PT VILLENEUVE,48.7276,2.44561,Plein jour,En agglomération,Intersection en T,Normale,Deux véhicules - frontale,,,,,,,,,,,1,2,3,1,1.0
201600043754,0016-10-16 22:40:00,16,10,16,22,40,940,78,PARIS/ORME SAINTE-MARIE,48.739,2.44684,Nuit avec éclairage allumé,En agglomération,Intersection en T,Normale,Deux véhicules - arrière,,,,,,,,,,,5,2,3,1,2.0
201600043755,0016-10-17 18:20:00,16,10,17,18,20,940,78,R DE PARIS,48.7318,2.44683,Crépuscule ou aube,En agglomération,Hors intersection,Normale,Sans collision,,,,,,,,,,,2,2,1,1,7.0
201600043756,0016-10-17 07:35:00,16,10,17,7,35,940,74,AV HENRI BARBUSSE,48.7625,2.44227,Crépuscule ou aube,En agglomération,Hors intersection,Temps couvert,Deux véhicules - côté,,,,,,,,,,,2,2,1,8,3.0
201600043757,0016-10-22 20:40:00,16,10,22,20,40,940,74,"80, RU DE GIRONDE (AV DU",,,Nuit avec éclairage allumé,En agglomération,Hors intersection,Normale,Autre collision,,,,,,,,,,,5,2,1,1,6.0
201600043758,0016-10-23 03:45:00,16,10,23,3,45,940,78,"184, R DE PARIS",48.7383,2.44683,Nuit avec éclairage allumé,En agglomération,Hors intersection,Normale,Autre collision,,,,,,,,,,,5,2,1,1,6.0
201600043759,0016-10-23 21:15:00,16,10,23,21,15,940,78,PARIS/CHOISY,48.7356,2.44665,Nuit avec éclairage allumé,En agglomération,Intersection en X,Pluie légère,Trois véhicules et plus - en chaîne,,,,,,,,,,,5,2,2,2,4.0
201600043760,0016-10-28 17:25:00,16,10,28,17,25,940,78,"113, ANATOLE FRANCE (AV)",,,Plein jour,En agglomération,Hors intersection,Normale,Autre collision,,,,,,,,,,,1,2,1,1,6.0
201600043761,0016-10-30 06:20:00,16,10,30,6,20,940,78,"42, CHOISY (AV DE)",,,Nuit avec éclairage allumé,En agglomération,Hors intersection,Normale,Autre collision,,,,,,,,,,,5,2,1,1,6.0
201600043762,0016-11-07 17:30:00,16,11,7,17,30,940,78,", VILLENEUVE LE ROI (PON",,,Nuit avec éclairage allumé,En agglomération,Hors intersection,Pluie légère,Deux véhicules - arrière,,,,,,,,,,,5,2,1,2,2.0
201600043763,0016-11-09 09:05:00,16,11,9,9,5,940,78,"100, R DE PARIS",48.7317,2.44683,Plein jour,En agglomération,Hors intersection,Pluie légère,Deux véhicules - côté,,,,,,,,,,,1,2,1,2,3.0
201600043764,0016-11-10 08:25:00,16,11,10,8,25,940,74,"22, JULIEN DURANTON (ave",,,Plein jour,En agglomération,Hors intersection,Normale,Autre collision,,,,,,,,,,,1,2,1,1,6.0
201600043765,0016-11-12 05:45:00,16,11,12,5,45,940,78,PL PIERRE SEMARD,48.7303,2.44687,Nuit avec éclairage allumé,En agglomération,Hors intersection,Normale,Autre collision,,,,,,,,,,,5,2,1,1,6.0
201600043766,0016-11-12 06:15:00,16,11,12,6,15,940,77,"., VERDUN (COUR DE)",,,Nuit avec éclairage allumé,En agglomération,Intersection en X,Normale,Deux véhicules - côté,,,,,,,,,,,5,2,2,1,3.0
201600043767,0016-11-17 20:00:00,16,11,17,20,0,940,78,8 MAI/MELUN,48.7245,2.44508,Nuit avec éclairage allumé,En agglomération,Intersection en X,Pluie légère,Deux véhicules - arrière,,,,,,,,,,,5,2,2,2,2.0
201600043768,0016-11-22 16:30:00,16,11,22,16,30,940,78,"., SAINT EXUPERY (R)",,,Plein jour,En agglomération,Hors intersection,Normale,Autre collision,,,,,,,,,,,1,2,1,1,6.0
201600043769,0016-11-23 14:10:00,16,11,23,14,10,940,77,"84, SADI CARNOT (AV)",,,Plein jour,En agglomération,Hors intersection,Autre,Deux véhicules - arrière,,,,,,,,,,,1,2,1,9,2.0
201600043770,0016-11-23 17:25:00,16,11,23,17,25,940,77,"., REPUBLIQUE (AV DE LA)",,,Nuit avec éclairage allumé,En agglomération,Intersection en T,Pluie légère,Deux véhicules - côté,,,,,,,,,,,5,2,3,2,3.0
201600043771,0016-11-25 23:05:00,16,11,25,23,5,940,78,"., PRESIDENT JOHN FITZGE",,,Nuit avec éclairage allumé,En agglomération,Autre intersection,Normale,Autre collision,,,,,,,,,,,5,2,9,1,6.0
201600043772,0016-11-28 09:45:00,16,11,28,9,45,940,78,"1, CHOISY (AV DE)",,,Crépuscule ou aube,En agglomération,Hors intersection,Normale,Autre collision,,,,,,,,,,,2,2,1,1,6.0
201600043773,0016-11-30 20:15:00,16,11,30,20,15,940,78,8 MAI 1945/PTVILLENEUVE,48.7276,2.44561,Nuit avec éclairage allumé,En agglomération,Intersection en T,Normale,Deux véhicules - côté,,,,,,,,,,,5,2,3,1,3.0
201600043774,0016-12-01 15:20:00,16,12,1,15,20,940,77,LE FOLL (AV),,,Plein jour,En agglomération,Hors intersection,Normale,Sans collision,,,,,,,,,,,1,2,1,1,7.0
201600043775,0016-12-01 17:20:00,16,12,1,17,20,940,74,FONTAINE SAINT-MARTIN (R,,,Plein jour,En agglomération,Hors intersection,Normale,Deux véhicules - arrière,,,,,,,,,,,1,2,1,1,2.0
201600043776,0016-12-02 12:35:00,16,12,2,12,35,940,74,SALVADOR ALLENDE (AV),,,Plein jour,En agglomération,Hors intersection,Temps couvert,Sans collision,,,,,,,,,,,1,2,1,8,7.0
201600043777,0016-12-03 22:20:00,16,12,3,22,20,940,77,"69 bis, PAUL BERT (R)",,,Nuit avec éclairage allumé,En agglomération,Hors intersection,Normale,Autre collision,,,,,,,,,,,5,2,1,1,6.0
201600043778,0016-12-06 19:00:00,16,12,6,19,0,940,78,"1, SCHWEITZER (ROND POIN",,,Nuit sans éclairage public,En agglomération,Hors intersection,Normale,Autre collision,,,,,,,,,,,3,2,1,1,6.0
201600043779,0016-12-06 21:00:00,16,12,6,21,0,940,77,"44, COLONEL FABIEN(RUE)",,,Nuit avec éclairage allumé,En agglomération,Hors intersection,Normale,Sans collision,,,,,,,,,,,5,2,1,1,7.0
201600043780,0016-12-07 23:55:00,16,12,7,23,55,940,74,R FERME DE LA TOUR,48.7702,2.44344,Nuit avec éclairage allumé,En agglomération,Hors intersection,Normale,Trois véhicules et plus - collisions multiples,,,,,,,,,,,5,2,1,1,5.0
201600043781,0016-12-08 16:05:00,16,12,8,16,5,940,78,"224, R DE PARIS",48.7413,2.44664,Plein jour,En agglomération,Hors intersection,Normale,Trois véhicules et plus - en chaîne,,,,,,,,,,,1,2,1,1,4.0
201600043782,0016-12-12 09:30:00,16,12,12,9,30,940,74,"20, SALVADOR ALLENDE (AV",,,Plein jour,En agglomération,Hors intersection,Brouillard / fumée,Deux véhicules - côté,,,,,,,,,,,1,2,1,5,3.0
201600043783,0016-05-27 08:50:00,16,5,27,8,50,940,1,"16, ROSTAND",48.7267,2.43132,Plein jour,En agglomération,Hors intersection,Normale,Autre collision,,,,,,,,,,,1,2,1,1,6.0
201600043784,0016-12-14 10:35:00,16,12,14,10,35,940,78,"20, PL PIERRE SEMARD",48.7301,2.44688,Plein jour,En agglomération,Hors intersection,Normale,Autre collision,,,,,,,,,,,1,2,1,1,6.0
201600043785,0016-12-16 18:10:00,16,12,16,18,10,940,74,"38,BARBUSSE/MICHELET",48.7636,2.44198,Nuit avec éclairage allumé,En agglomération,Intersection en T,Normale,Deux véhicules - arrière,,,,,,,,,,,5,2,3,1,2.0
201600043786,0016-12-21 17:15:00,16,12,21,17,15,940,78,"156, PARIS/ZOLA",48.7356,2.4468,Crépuscule ou aube,En agglomération,Intersection en X,Normale,Sans collision,,,,,,,,,,,2,2,2,1,7.0
201600043787,0016-12-25 17:30:00,16,12,25,17,30,940,78,CHATAIGNIERS (R DES),,,Crépuscule ou aube,En agglomération,Hors intersection,Normale,Sans collision,,,,,,,,,,,2,2,1,1,7.0
201600043788,0016-09-25 05:25:00,16,9,25,5,25,940,77,"., DIDIER DAURAT (rue)",,,Nuit avec éclairage allumé,En agglomération,Hors intersection,Normale,Deux véhicules - frontale,,,,,,,,,,,5,2,1,1,1.0
201600043789,0016-12-27 14:10:00,16,12,27,14,10,940,74,R THEODULE JOURDAIN,48.7691,2.44938,Plein jour,En agglomération,Hors intersection,Normale,Deux véhicules - frontale,,,,,,,,,,,1,2,1,1,1.0
201600043790,0016-12-30 10:05:00,16,12,30,10,5,940,78,BERLIOZ/PARIS,48.7464,2.44656,Plein jour,En agglomération,Intersection en Y,Brouillard / fumée,Autre collision,,,,,,,,,,,1,2,4,5,6.0
201600043791,0016-01-03 00:10:00,16,1,3,0,10,940,67,DE GAULLE / POIRIER,48.845,2.41757,Nuit avec éclairage allumé,En agglomération,Intersection en T,Normale,Deux véhicules - côté,,,,,,,,,,,5,2,3,1,3.0
201600043792,0016-01-10 19:45:00,16,1,10,19,45,940,67,AV DES MINIMES,48.8444,2.42204,Nuit avec éclairage allumé,En agglomération,Hors intersection,Temps couvert,Autre collision,,,,,,,,,,,5,2,1,8,6.0
201600043793,0016-01-11 16:30:00,16,1,11,16,30,940,80,FONTENAY / CHATEAU,48.8483,2.43706,Plein jour,En agglomération,Intersection en X,Normale,Autre collision,,,,,,,,,,,1,2,2,1,6.0
201600043794,0016-01-20 07:45:00,16,1,20,7,45,940,67,TOURELLE / L'ETANG,48.8444,2.4218,Crépuscule ou aube,En agglomération,Intersection en T,Normale,Deux véhicules - frontale,,,,,,,,,,,2,2,3,1,1.0
201600043795,0016-01-21 07:20:00,16,1,21,7,20,940,67,LIEGE / DIGEON,48.8436,2.4189,Nuit avec éclairage allumé,En agglomération,Intersection en T,Autre,Deux véhicules - côté,,,,,,,,,,,5,2,3,9,3.0
201600043796,0016-02-04 10:05:00,16,2,4,10,5,940,67,"62, MINIMES",48.8416,2.42751,Plein jour,En agglomération,Hors intersection,Pluie légère,Deux véhicules - côté,,,,,,,,,,,1,2,1,2,3.0
201600043797,0016-01-28 08:30:00,16,1,28,8,30,940,80,REPUBLIQUE / FRATERNITE,48.8486,2.43253,Plein jour,En agglomération,Intersection en Y,Normale,Sans collision,,,,,,,,,,,1,2,4,1,7.0
201600043798,0016-02-02 14:21:00,16,2,2,14,21,940,80,"20, FELIX FAURE",48.8485,2.45447,Plein jour,En agglomération,Hors intersection,Pluie légère,Autre collision,,,,,,,,,,,1,2,1,2,6.0
201600043799,0016-02-16 17:30:00,16,2,16,17,30,940,80,LAITIERES / HUCHON,48.8471,2.42148,Plein jour,En agglomération,Intersection en Y,Normale,Deux véhicules - côté,,,,,,,,,,,1,2,4,1,3.0
201600043800,0016-02-12 16:05:00,16,2,12,16,5,940,67,10 JEANNE D'ARC,48.8397,2.41893,Plein jour,En agglomération,Hors intersection,Pluie légère,Autre collision,,,,,,,,,,,1,2,1,2,6.0
201600043801,0016-02-25 21:50:00,16,2,25,21,50,940,80,FONTENAY / REPUBLIQUE,48.8486,2.43253,Nuit avec éclairage allumé,En agglomération,Intersection en X,Normale,Deux véhicules - côté,,,,,,,,,,,5,2,2,1,3.0
201600043802,0016-03-04 11:20:00,16,3,4,11,20,940,80,"255, DIDEROT",48.8498,2.4543,Plein jour,En agglomération,Intersection en X,Pluie légère,Autre collision,,,,,,,,,,,1,2,2,2,6.0
201600043803,0016-03-05 23:15:00,16,3,5,23,15,940,67,"178, GALLIENI",48.8466,2.41694,Nuit avec éclairage allumé,En agglomération,Hors intersection,Normale,Deux véhicules - arrière,,,,,,,,,,,5,2,1,1,2.0
201600043804,0016-03-07 03:20:00,16,3,7,3,20,940,67,DE GAULLE / L'ALOUETTE,48.8389,2.41748,Nuit avec éclairage allumé,En agglomération,Intersection en X,Normale,Autre collision,,,,,,,,,,,5,2,2,1,6.0
201600043805,0016-03-09 18:15:00,16,3,9,18,15,940,80,"60, PARIS",48.8452,2.43155,Plein jour,En agglomération,Intersection en X,Pluie légère,Autre collision,,,,,,,,,,,1,2,2,2,6.0
201600043806,0016-03-14 16:25:00,16,3,14,16,25,940,80,BASCH / QUINSON,48.847,2.42778,Plein jour,En agglomération,Intersection en X,Normale,Autre collision,,,,,,,,,,,1,2,2,1,6.0
201600043807,0016-03-16 00:30:00,16,3,16,0,30,940,67,FOCH / GAMBETTA,48.8449,2.42094,Nuit avec éclairage allumé,En agglomération,Intersection en X,Normale,Deux véhicules - côté,,,,,,,,,,,5,2,2,1,3.0
201600043808,0016-03-31 09:05:00,16,3,31,9,5,940,67,TOURELLE / PASTEUR,48.8436,2.42279,Plein jour,En agglomération,Intersection en T,Pluie forte,Sans collision,,,,,,,,,,,1,2,3,3,7.0
201600043809,0016-04-01 16:15:00,16,4,1,16,15,940,67,"23, DAUMESNIL",48.8338,2.41545,Plein jour,En agglomération,Hors intersection,Normale,Deux véhicules - arrière,,,,,,,,,,,1,2,1,1,2.0
201600043810,0016-04-02 23:55:00,16,4,2,23,55,940,80,"49, PARIS / SEGOND",48.8453,2.43061,Nuit avec éclairage allumé,En agglomération,Intersection en T,Pluie forte,Autre collision,,,,,,,,,,,5,2,3,3,6.0
201600043811,0016-04-05 17:30:00,16,4,5,17,30,940,67,"42, GENERAL DE GAULLE",48.8429,2.41763,Plein jour,En agglomération,Hors intersection,Normale,Deux véhicules - arrière,,,,,,,,,,,1,2,1,1,2.0
201600043812,0016-04-19 18:05:00,16,4,19,18,5,940,67,LIEGE / L'ETANG,48.8435,2.41993,Plein jour,En agglomération,Intersection en X,Normale,Autre collision,,,,,,,,,,,1,2,2,1,6.0
201600043813,0016-04-25 13:20:00,16,4,25,13,20,940,80,FONTENAY / CHATEAU,48.8483,2.43706,Plein jour,En agglomération,Intersection en X,Temps couvert,Autre collision,,,,,,,,,,,1,2,2,8,6.0
201600043814,0016-05-15 21:43:00,16,5,15,21,43,940,80,PARIS / COLMAR,48.8452,2.43155,Nuit avec éclairage allumé,En agglomération,Intersection en T,Normale,Autre collision,,,,,,,,,,,5,2,3,1,6.0
201600043815,0016-05-23 11:30:00,16,5,23,11,30,940,67,"49, GENERAL DE GAULLE",48.8408,2.41756,Plein jour,En agglomération,Intersection en Y,Pluie forte,Autre collision,,,,,,,,,,,1,2,4,3,6.0
201600043816,0016-06-07 09:25:00,16,6,7,9,25,940,80,"2, PARIS (AV DE)",,,Plein jour,En agglomération,Hors intersection,Normale,Deux véhicules - arrière,,,,,,,,,,,1,2,1,1,2.0
201600043817,0016-06-15 23:10:00,16,6,15,23,10,940,67,"27, DAUMESNIL (AV)",,,Nuit avec éclairage allumé,Hors agglomération,Hors intersection,Normale,Autre collision,,,,,,,,,,,5,1,1,1,6.0
201600043818,0016-06-18 12:45:00,16,6,18,12,45,940,80,"29, FONTENAY (R DE)",,,Plein jour,En agglomération,Intersection en T,Normale,Autre collision,,,,,,,,,,,1,2,3,1,6.0
201600043819,0016-06-24 12:50:00,16,6,24,12,50,940,80,"104, FONTENAY (R DE)",,,Plein jour,En agglomération,Autre intersection,Normale,Autre collision,,,,,,,,,,,1,2,9,1,6.0
201600043820,0016-06-27 08:00:00,16,6,27,8,0,940,67,"6bis, AV VICTOR HUGO (AV",,,Plein jour,En agglomération,Hors intersection,Normale,Autre collision,,,,,,,,,,,1,2,1,1,6.0
201600043821,0016-06-10 20:15:00,16,6,10,20,15,940,80,"18, CHATEAU (AV DU)",,,Plein jour,En agglomération,Hors intersection,Normale,Autre collision,,,,,,,,,,,1,2,1,1,6.0
201600043822,0016-07-12 15:30:00,16,7,12,15,30,940,67,"5, PASTEUR (AV)",,,Plein jour,En agglomération,Hors intersection,Normale,Trois véhicules et plus - collisions multiples,,,,,,,,,,,1,2,1,1,5.0
201600043823,0016-07-10 14:00:00,16,7,10,14,0,940,80,"., FONTENAY (R DE)",,,Plein jour,En agglomération,Intersection en X,Normale,Autre collision,,,,,,,,,,,1,2,2,1,6.0
201600043824,0016-07-06 17:45:00,16,7,6,17,45,940,80,"30, EGLISE (R DE L)",,,Plein jour,En agglomération,Hors intersection,Normale,Autre collision,,,,,,,,,,,1,2,1,1,6.0
201600043825,0016-06-18 12:45:00,16,6,18,12,45,940,80,"46-50, FRANCE (R DE)",,,Plein jour,En agglomération,Hors intersection,Normale,Autre collision,,,,,,,,,,,1,2,1,1,6.0
201600043826,0016-08-24 11:45:00,16,8,24,11,45,940,80,"60, PARIS (AV DE)",,,Plein jour,En agglomération,Hors intersection,Normale,Deux véhicules - côté,,,,,,,,,,,1,2,1,1,3.0
201600043827,0016-08-10 09:15:00,16,8,10,9,15,940,67,"15, ALPHAND (AV)",,,Plein jour,En agglomération,Hors intersection,Normale,Autre collision,,,,,,,,,,,1,2,1,1,6.0
201600043828,0016-08-18 19:40:00,16,8,18,19,40,940,80,"42, PARIS (AV DE)",,,Plein jour,En agglomération,Hors intersection,Normale,Trois véhicules et plus - collisions multiples,,,,,,,,,,,1,2,1,1,5.0
201600043829,0016-08-13 17:00:00,16,8,13,17,0,940,67,"61, GENERAL DE GAULLE (A",,,Plein jour,En agglomération,Hors intersection,Normale,Autre collision,,,,,,,,,,,1,2,1,1,6.0
201600043830,0016-07-17 11:00:00,16,7,17,11,0,940,80,"204, FONTENAY (R DE)",,,Plein jour,En agglomération,Intersection en X,Normale,Autre collision,,,,,,,,,,,1,2,2,1,6.0
201600043831,0016-09-05 09:20:00,16,9,5,9,20,940,80,"21, PARIS (AV DE)",,,Plein jour,En agglomération,Hors intersection,Pluie légère,Sans collision,,,,,,,,,,,1,2,1,2,7.0
201600043832,0016-09-08 18:53:00,16,9,8,18,53,940,80,"., FONTENAY (R DE)",,,Plein jour,En agglomération,Intersection en T,Normale,Autre collision,,,,,,,,,,,1,2,3,1,6.0
201600043833,0016-09-08 12:30:00,16,9,8,12,30,940,80,"., NOGENT (AV DE)",,,Plein jour,En agglomération,Hors intersection,Normale,Deux véhicules - arrière,,,,,,,,,,,1,2,1,1,2.0
201600043834,0016-09-12 09:00:00,16,9,12,9,0,940,67,"., PARIS (av. de)",,,Plein jour,En agglomération,Intersection en X,Normale,Deux véhicules - côté,,,,,,,,,,,1,2,2,1,3.0
201600043835,0016-09-16 21:30:00,16,9,16,21,30,940,80,"89, REPUBLIQUE (AV DE LA",,,Nuit avec éclairage allumé,En agglomération,Intersection en T,Pluie légère,Sans collision,,,,,,,,,,,5,2,3,2,7.0
201600043836,0016-09-16 10:40:00,16,9,16,10,40,940,67,"., JEANNE D'ARC (R)",,,Plein jour,En agglomération,Intersection en X,Pluie légère,Autre collision,,,,,,,,,,,1,2,2,2,6.0
201600043837,0016-09-27 08:50:00,16,9,27,8,50,940,80,"26, REPUBLIQUE (AV DE LA",,,Plein jour,En agglomération,Hors intersection,Normale,Autre collision,,,,,,,,,,,1,2,1,1,6.0
201600043838,0016-09-24 16:15:00,16,9,24,16,15,940,80,"50, GENERAL DE GAULLE (A",,,Plein jour,En agglomération,Hors intersection,Normale,Autre collision,,,,,,,,,,,1,2,1,1,6.0
201600043839,0016-09-09 11:20:00,16,9,9,11,20,940,67,"113, PARIS (av. de)",,,Plein jour,En agglomération,Hors intersection,Normale,Autre collision,,,,,,,,,,,1,2,1,1,6.0
201600043840,0016-10-06 16:15:00,16,10,6,16,15,940,80,CHARLES PATHE (R),,,Plein jour,En agglomération,Hors intersection,Normale,Autre collision,,,,,,,,,,,1,2,1,1,6.0
201600043841,0016-10-08 11:50:00,16,10,8,11,50,940,80,"15, PARIS (AV DE)",,,Plein jour,En agglomération,Hors intersection,Normale,Trois véhicules et plus - collisions multiples,,,,,,,,,,,1,2,1,1,5.0
201600043842,0016-10-14 23:05:00,16,10,14,23,5,940,80,"44, PARIS (AV DE)",,,Nuit avec éclairage allumé,En agglomération,Hors intersection,Pluie légère,Deux véhicules - côté,,,,,,,,,,,5,2,1,2,3.0
201600043843,0016-10-17 08:00:00,16,10,17,8,0,940,67,"., ETANG (CHS DE L)",,,Plein jour,En agglomération,Intersection en X,Normale,Autre collision,,,,,,,,,,,1,2,2,1,6.0
201600043844,0016-10-18 19:10:00,16,10,18,19,10,940,80,"98, PARIS (AV DE)",,,Crépuscule ou aube,En agglomération,Hors intersection,Normale,Autre collision,,,,,,,,,,,2,2,1,1,6.0
201600043845,0016-10-30 11:15:00,16,10,30,11,15,940,67,"2, LAC (R DU)",,,Plein jour,En agglomération,Intersection en T,Normale,Autre collision,,,,,,,,,,,1,2,3,1,6.0
201600043846,0016-11-03 02:15:00,16,11,3,2,15,940,67,92 AV GENERAL DE GAULLE,,,Nuit avec éclairage allumé,En agglomération,Hors intersection,Normale,Autre collision,,,,,,,,,,,5,2,1,1,6.0
201600043847,0016-11-07 00:15:00,16,11,7,0,15,940,67,GAMBETTA/,,,Nuit avec éclairage allumé,En agglomération,Intersection en X,Normale,Deux véhicules - côté,,,,,,,,,,,5,2,2,1,3.0
201600043848,0016-11-05 14:20:00,16,11,5,14,20,940,80,"112, REPUBLIQUE/MIRABEAU",,,Plein jour,En agglomération,Intersection en X,Normale,Autre collision,,,,,,,,,,,1,2,2,1,6.0
201600043849,0016-11-20 05:00:00,16,11,20,5,0,940,80,"42, R DE STRASBOURG",,,Nuit avec éclairage allumé,En agglomération,Hors intersection,Normale,Autre collision,,,,,,,,,,,5,2,1,1,6.0
201600043850,0016-11-06 12:00:00,16,11,6,12,0,940,80,"255, DIDEROT/JARRY",,,Plein jour,En agglomération,Intersection en X,Normale,Autre collision,,,,,,,,,,,1,2,2,1,6.0
201600043851,0016-11-30 08:50:00,16,11,30,8,50,940,67,"184, GALLIENI/QUIHOU",,,Plein jour,En agglomération,Intersection en T,Normale,Deux véhicules - côté,,,,,,,,,,,1,2,3,1,3.0
201600043852,0016-11-22 08:20:00,16,11,22,8,20,940,80,"4, STRASBOURG (R DE)",,,Plein jour,En agglomération,Hors intersection,Normale,Autre collision,,,,,,,,,,,1,2,1,1,6.0
201600043853,0016-12-04 22:10:00,16,12,4,22,10,940,80,"6, CREBILLON (R)",,,Nuit avec éclairage allumé,En agglomération,Hors intersection,Normale,Autre collision,,,,,,,,,,,5,2,1,1,6.0
201600043854,0016-12-07 18:35:00,16,12,7,18,35,940,67,"61, GENERAL DE GAULLE (A",,,Nuit avec éclairage allumé,En agglomération,Hors intersection,Normale,Autre collision,,,,,,,,,,,5,2,1,1,6.0
201600043855,0016-12-12 22:50:00,16,12,12,22,50,940,67,"87, PARIS (av. de)",,,Nuit avec éclairage allumé,En agglomération,Hors intersection,Normale,Deux véhicules - arrière,,,,,,,,,,,5,2,1,1,2.0
201600043856,0016-12-11 13:15:00,16,12,11,13,15,940,67,"21, JOFFRE (AV)",,,Plein jour,En agglomération,Intersection en T,Normale,Autre collision,,,,,,,,,,,1,2,3,1,6.0
201600043857,0016-11-29 18:40:00,16,11,29,18,40,940,80,"114, FONTENAY (R DE)",,,Nuit avec éclairage allumé,En agglomération,Hors intersection,Normale,Autre collision,,,,,,,,,,,5,2,1,1,6.0
201600043858,0016-01-04 19:15:00,16,1,4,19,15,940,81,MAGINOT / VISAGE,48.7917,2.39818,Crépuscule ou aube,En agglomération,Intersection en X,Normale,Deux véhicules - côté,,,,,,,,,,,2,2,2,1,3.0
201600043859,0016-01-09 14:40:00,16,1,9,14,40,940,81,COUTURIER / GAMBETTA,48.7994,2.40087,Plein jour,En agglomération,Intersection en T,Normale,Deux véhicules - arrière,,,,,,,,,,,1,2,3,1,2.0
201600043860,0016-01-11 19:00:00,16,1,11,19,0,940,81,"30, GROUPE MANOUCHIAN",48.7896,2.40555,Nuit avec éclairage allumé,En agglomération,Hors intersection,Normale,Deux véhicules - arrière,,,,,,,,,,,5,2,1,1,2.0