accident_id,datetime,annee,mois,jour,heure,minute,departement,commune_insee,adresse,latitude,longitude,luminosite,agglomeration,intersection,meteo,collision,nb_vehicules,nb_usagers,nb_indemnes,nb_tues,nb_blesses_hosp,nb_blesses_legers,age_cond_1,age_cond_2,veh_type_cond_1,veh_type_cond_2,lum_code,agg_code,int_code,atm_code,col_code
201600043987,0016-12-03 01:00:00,16,12,3,1,0,940,81,"46bis, CHARLES INFROIT (",,,Nuit avec éclairage allumé,En agglomération,Hors intersection,Normale,Trois véhicules et plus - en chaîne,,,,,,,,,,,5,2,1,1,4.0
201600043988,0016-12-12 10:25:00,16,12,12,10,25,940,81,"., EUGENE PELLETAN (AV)",,,Plein jour,En agglomération,Hors intersection,Normale,Deux véhicules - côté,,,,,,,,,,,1,2,1,1,3.0
201600043989,0016-12-12 17:00:00,16,12,12,17,0,940,81,MOULIN SAQUET/CAMELINAT,,,Nuit avec éclairage allumé,En agglomération,Intersection en Y,Pluie légère,Autre collision,,,,,,,,,,,5,2,4,2,6.0
201600043990,0016-12-13 01:50:00,16,12,13,1,50,940,81,"12, DALOU (R)",,,Nuit avec éclairage allumé,En agglomération,Intersection en X,Pluie légère,Deux véhicules - côté,,,,,,,,,,,5,2,2,2,3.0
201600043991,0016-12-15 15:40:00,16,12,15,15,40,940,81,"02, EUGENE HENAFF (R)",,,Plein jour,En agglomération,Hors intersection,Normale,Deux véhicules - frontale,,,,,,,,,,,1,2,1,1,1.0
201600043992,0016-12-22 07:25:00,16,12,22,7,25,940,81,"Angle, EDITH CAVELL (R)",,,Crépuscule ou aube,En agglomération,Intersection en X,Pluie légère,Autre collision,,,,,,,,,,,2,2,2,2,6.0
201600043993,0016-12-25 18:45:00,16,12,25,18,45,940,81,"119, ROUGET DE L ISLE (A",,,Crépuscule ou aube,En agglomération,Hors intersection,Normale,Autre collision,,,,,,,,,,,2,2,1,1,6.0
201600043994,0016-12-28 18:00:00,16,12,28,18,0,940,81,"1, MAXIMILIEN ROBESPIERR",,,Crépuscule ou aube,En agglomération,Giratoire,Normale,Deux véhicules - côté,,,,,,,,,,,2,2,6,1,3.0
201600043995,0016-12-31 19:15:00,16,12,31,19,15,940,81,"1, PAUL VAILLANT COUTURI",,,Nuit sans éclairage public,En agglomération,Intersection en X,Brouillard / fumée,Deux véhicules - frontale,,,,,,,,,,,3,2,2,5,1.0
201600043996,0016-01-02 01:30:00,16,1,2,1,30,950,18,AV JEAN JAURES,48.9413,2.2123,Nuit avec éclairage allumé,En agglomération,Intersection en T,Pluie légère,Deux véhicules - côté,,,,,,,,,,,5,2,3,2,3.0
201600043997,0016-01-02 18:25:00,16,1,2,18,25,950,18,CITE CHAMPAGNE,48.9622,2.2456,Nuit sans éclairage public,En agglomération,Intersection en T,Pluie légère,Autre collision,,,,,,,,,,,3,2,3,2,6.0
201600043998,0016-01-05 18:25:00,16,1,5,18,25,950,18,AV JEAN JAURES,48.9415,2.2098,Crépuscule ou aube,En agglomération,Intersection en T,Normale,Deux véhicules - côté,,,,,,,,,,,2,2,3,1,3.0
201600043999,0016-01-09 16:00:00,16,1,9,16,0,950,176,RTE STRATEGIQUE,48.9831,2.2032,Plein jour,Hors agglomération,Hors intersection,Normale,Deux véhicules - arrière,,,,,,,,,,,1,1,1,1,2.0
201600044000,0016-01-14 07:25:00,16,1,14,7,25,950,18,RTE DE PONTOISE,48.9496,2.2061,Nuit avec éclairage allumé,En agglomération,Hors intersection,Normale,Deux véhicules - côté,,,,,,,,,,,5,2,1,1,3.0
201600044001,0016-01-15 06:39:00,16,1,15,6,39,950,18,RTE DE PONTOISE,48.9429,2.2066,Nuit avec éclairage allumé,En agglomération,Hors intersection,Normale,Trois véhicules et plus - en chaîne,,,,,,,,,,,5,2,1,1,4.0
201600044002,0016-01-16 00:33:00,16,1,16,0,33,950,18,R DE ROCHEFORT,48.9387,2.2149,Nuit avec éclairage allumé,En agglomération,Hors intersection,Normale,Autre collision,,,,,,,,,,,5,2,1,1,6.0
201600044003,0016-01-19 20:15:00,16,1,19,20,15,950,176,RTE D'ARGENTEUIL,48.9681,2.2046,Nuit avec éclairage allumé,En agglomération,Hors intersection,Normale,Autre collision,,,,,,,,,,,5,2,1,1,6.0
201600044004,0016-01-18 08:05:00,16,1,18,8,5,950,18,RTE DE PONTOISE,48.9524,2.2057,Crépuscule ou aube,En agglomération,Hors intersection,Normale,Autre collision,,,,,,,,,,,2,2,1,1,6.0
201600044005,0016-01-25 12:25:00,16,1,25,12,25,950,18,AV GABRIEL PERI,48.9427,2.2524,Plein jour,En agglomération,Intersection en T,Normale,Deux véhicules - côté,,,,,,,,,,,1,2,3,1,3.0
201600044006,0016-01-25 08:15:00,16,1,25,8,15,950,18,RTE DE PONTOISE,48.9468,2.2062,Crépuscule ou aube,En agglomération,Hors intersection,Normale,Autre collision,,,,,,,,,,,2,2,1,1,6.0
201600044007,0016-01-28 07:05:00,16,1,28,7,5,950,63,R ETHEL ET JULIUS ROSENB,48.9236,2.2177,Nuit avec éclairage allumé,En agglomération,Hors intersection,Pluie légère,Deux véhicules - côté,,,,,,,,,,,5,2,1,2,3.0
201600044008,0016-01-28 09:10:00,16,1,28,9,10,950,18,BD JEAN ALLEMANE,48.9497,2.2536,Plein jour,En agglomération,Hors intersection,Normale,Autre collision,,,,,,,,,,,1,2,1,1,6.0
201600044009,0016-02-04 20:40:00,16,2,4,20,40,950,18,AV GABRIEL PERI,48.9454,2.2497,Nuit avec éclairage allumé,En agglomération,Intersection en X,Normale,Deux véhicules - côté,,,,,,,,,,,5,2,2,1,3.0
201600044010,0016-02-10 12:25:00,16,2,10,12,25,950,18,RTE DE  PONTOISE,48.9471,2.2062,Plein jour,En agglomération,Hors intersection,Normale,Autre collision,,,,,,,,,,,1,2,1,1,6.0
201600044011,0016-02-11 11:25:00,16,2,11,11,25,950,176,BD JOFFRE,48.9667,2.1985,Plein jour,En agglomération,Hors intersection,Normale,Autre collision,,,,,,,,,,,1,2,1,1,6.0
201600044012,0016-02-09 20:02:00,16,2,9,20,2,950,63,R ETHEL ET JULIUS ROSENB,48.9233,2.2177,Nuit avec éclairage allumé,En agglomération,Hors intersection,Normale,Autre collision,,,,,,,,,,,5,2,1,1,6.0
201600044013,0016-02-19 16:05:00,16,2,19,16,5,950,18,QUAI DE BEZONS,48.9395,2.2513,Plein jour,Hors agglomération,Hors intersection,Normale,Deux véhicules - côté,,,,,,,,,,,1,1,1,1,3.0
201600044014,0016-02-25 09:30:00,16,2,25,9,30,950,63,QUAI VOLTAIRE,48.9268,2.2276,Plein jour,En agglomération,Intersection en Y,Normale,Deux véhicules - arrière,,,,,,,,,,,1,2,4,1,2.0
201600044015,0016-03-01 16:00:00,16,3,1,16,0,950,18,R PAU VAILLANT COUTURIER,48.9431,2.2484,Plein jour,En agglomération,Hors intersection,Pluie légère,Autre collision,,,,,,,,,,,1,2,1,2,6.0
201600044016,0016-02-28 15:00:00,16,2,28,15,0,950,18,AV DU GENERAL DE GAULLE,48.9386,2.2451,Plein jour,En agglomération,Hors intersection,Normale,Trois véhicules et plus - en chaîne,,,,,,,,,,,1,2,1,1,4.0
201600044017,0016-03-05 00:20:00,16,3,5,0,20,950,18,AV JEAN JAURES,48.9401,2.2373,Nuit avec éclairage allumé,En agglomération,Hors intersection,Pluie légère,Autre collision,,,,,,,,,,,5,2,1,2,6.0
201600044018,0016-03-08 11:50:00,16,3,8,11,50,950,63,QUAI VOLTAIRE,48.9219,2.2201,Plein jour,En agglomération,Hors intersection,Normale,Deux véhicules - côté,,,,,,,,,,,1,2,1,1,3.0
201600044019,0016-03-13 18:15:00,16,3,13,18,15,950,18,AV DU GENERAL DE GAULLE,48.9416,2.24443,Plein jour,En agglomération,Intersection en X,Normale,Deux véhicules - côté,,,,,,,,,,,1,2,2,1,3.0
201600044020,0016-03-18 22:35:00,16,3,18,22,35,950,18,BD DU GENERAL LECLERC,48.9468,2.2382,Nuit sans éclairage public,En agglomération,Intersection en X,Normale,Deux véhicules - côté,,,,,,,,,,,3,2,2,1,3.0
201600044021,0016-04-01 18:25:00,16,4,1,18,25,950,18,R DE RETHONDES,48.9465,2.2303,Plein jour,En agglomération,Hors intersection,Normale,Autre collision,,,,,,,,,,,1,2,1,1,6.0
201600044022,0016-04-12 13:00:00,16,4,12,13,0,950,176,BD JOFFRE,48.9593,2.2035,Plein jour,En agglomération,Giratoire,Normale,Trois véhicules et plus - en chaîne,,,,,,,,,,,1,2,6,1,4.0
201600044023,0016-04-19 12:00:00,16,4,19,12,0,950,18,BD JEAN ALLEMANE,48.9528,2.2539,Plein jour,En agglomération,Hors intersection,Normale,Autre collision,,,,,,,,,,,1,2,1,1,6.0
201600044024,0016-04-30 16:20:00,16,4,30,16,20,950,18,BD DE LA RESISTANCE,48.9505,2.2243,Plein jour,En agglomération,Intersection en T,Normale,Deux véhicules - côté,,,,,,,,,,,1,2,3,1,3.0
201600044025,0016-05-02 13:15:00,16,5,2,13,15,950,18,AV DE VERDUN,48.9525,2.2435,Plein jour,En agglomération,Intersection en X,Normale,Deux véhicules - côté,,,,,,,,,,,1,2,2,1,3.0
201600044026,0016-05-10 22:20:00,16,5,10,22,20,950,18,R DE CALAIS,48.9493,2.2398,Nuit avec éclairage allumé,En agglomération,Intersection en X,Temps couvert,Deux véhicules - côté,,,,,,,,,,,5,2,2,8,3.0
201600044027,0016-05-13 15:10:00,16,5,13,15,10,950,18,RTE DE CORMEILLES,48.9581,2.2288,Plein jour,En agglomération,Intersection en Y,Normale,Deux véhicules - côté,,,,,,,,,,,1,2,4,1,3.0
201600044028,0016-05-17 18:20:00,16,5,17,18,20,950,257,R MARCELIN BERTHELOT,48.9799,2.1811,Plein jour,En agglomération,Hors intersection,Normale,Autre collision,,,,,,,,,,,1,2,1,1,6.0
201600044029,0016-05-22 20:15:00,16,5,22,20,15,950,18,AV JEAN JAURES,48.9399,2.2275,Plein jour,En agglomération,Intersection en T,Normale,Trois véhicules et plus - collisions multiples,,,,,,,,,,,1,2,3,1,5.0
201600044030,0016-05-20 18:00:00,16,5,20,18,0,950,63,R EMILE ZOLA,48.9232,2.2119,Plein jour,En agglomération,Intersection en T,Pluie légère,Deux véhicules - côté,,,,,,,,,,,1,2,3,2,3.0
201600044031,0016-05-24 13:25:00,16,5,24,13,25,950,63,AV GABRIEL PERI,48.9368,2.2071,Plein jour,En agglomération,Hors intersection,Normale,Deux véhicules - arrière,,,,,,,,,,,1,2,1,1,2.0
201600044032,0016-05-23 12:05:00,16,5,23,12,5,950,18,R DU DOCTEUR LERAY,48.9488,2.2559,Plein jour,En agglomération,Hors intersection,Temps couvert,Deux véhicules - frontale,,,,,,,,,,,1,2,1,8,1.0
201600044033,0016-06-05 06:20:00,16,6,5,6,20,950,18,BD MARCEL GUILLOT,48.9548,2.2423,Plein jour,En agglomération,Intersection en X,Pluie légère,Deux véhicules - côté,,,,,,,,,,,1,2,2,2,3.0
201600044034,0016-06-07 15:05:00,16,6,7,15,5,950,18,BD JEAN ALLEMANE,48.9495,2.2535,Plein jour,En agglomération,Intersection en T,Normale,Deux véhicules - côté,,,,,,,,,,,1,2,3,1,3.0
201600044035,0016-06-05 23:50:00,16,6,5,23,50,950,176,BD JOFFRE,48.9616,2.2021,Nuit avec éclairage allumé,En agglomération,Intersection en Y,Normale,Deux véhicules - côté,,,,,,,,,,,5,2,4,1,3.0
201600044036,0016-06-19 20:55:00,16,6,19,20,55,950,18,AV GABRIEL PERI,48.9442,2.2509,Plein jour,En agglomération,Hors intersection,Normale,Deux véhicules - arrière,,,,,,,,,,,1,2,1,1,2.0
201600044037,0016-06-16 10:15:00,16,6,16,10,15,950,176,BD GEORGES CLEMENCEAU,48.9726,2.1904,Plein jour,En agglomération,Intersection en X,Normale,Trois véhicules et plus - en chaîne,,,,,,,,,,,1,2,2,1,4.0
201600044038,0016-06-26 19:25:00,16,6,26,19,25,950,18,BD JEAN ALLEMANE,48.9497,2.2536,Plein jour,En agglomération,Hors intersection,Normale,Deux véhicules - frontale,,,,,,,,,,,1,2,1,1,1.0
201600044039,0016-06-28 12:55:00,16,6,28,12,55,950,18,AV JAURES,48.9409,2.2168,Plein jour,En agglomération,Intersection en X,Normale,Trois véhicules et plus - en chaîne,,,,,,,,,,,1,2,2,1,4.0
201600044040,0016-06-30 14:14:00,16,6,30,14,14,950,18,AV GABRIEL PERI,48.9431,2.2519,Plein jour,En agglomération,Hors intersection,Normale,Trois véhicules et plus - en chaîne,,,,,,,,,,,1,2,1,1,4.0
201600044041,0016-06-28 17:55:00,16,6,28,17,55,950,176,BD JOFFRE,48.9619,2.2019,Plein jour,En agglomération,Hors intersection,Normale,Deux véhicules - arrière,,,,,,,,,,,1,2,1,1,2.0
201600044042,0016-07-01 20:30:00,16,7,1,20,30,950,18,BD JEAN ALLEMANE,48.9513,2.2537,Plein jour,En agglomération,Hors intersection,Normale,Deux véhicules - côté,,,,,,,,,,,1,2,1,1,3.0
201600044043,0016-06-24 19:00:00,16,6,24,19,0,950,18,BD HELOISE,48.9398,2.2486,Plein jour,En agglomération,Intersection en X,Normale,Deux véhicules - côté,,,,,,,,,,,1,2,2,1,3.0
201600044044,0016-07-07 07:05:00,16,7,7,7,5,950,18,AV MAURICE UTRILLO,48.9416,2.2345,Plein jour,En agglomération,Intersection en X,Normale,Deux véhicules - côté,,,,,,,,,,,1,2,2,1,3.0
201600044045,0016-07-09 10:15:00,16,7,9,10,15,950,18,AV JEAN JAURES,48.9397,2.2307,Plein jour,En agglomération,Intersection en X,Normale,Deux véhicules - côté,,,,,,,,,,,1,2,2,1,3.0
201600044046,0016-07-06 10:50:00,16,7,6,10,50,950,63,AV GABRIEL PERI,48.9315,2.2116,Plein jour,En agglomération,Hors intersection,Normale,Deux véhicules - côté,,,,,,,,,,,1,2,1,1,3.0
201600044047,0016-07-12 16:00:00,16,7,12,16,0,950,63,R EDOUARD VAILLANT,48.9256,2.2113,Plein jour,En agglomération,Hors intersection,Normale,Autre collision,,,,,,,,,,,1,2,1,1,6.0
201600044048,0016-07-20 23:40:00,16,7,20,23,40,950,18,RTE D'ENGHIEN,48.9556,2.2757,Nuit avec éclairage allumé,Hors agglomération,Hors intersection,Normale,Deux véhicules - côté,,,,,,,,,,,5,1,1,1,3.0
201600044049,0016-07-22 11:05:00,16,7,22,11,5,950,176,RUE  BOIELDIEU,48.9696,2.1921,Plein jour,En agglomération,Hors intersection,Normale,Deux véhicules - arrière,,,,,,,,,,,1,2,1,1,2.0
201600044050,0016-07-24 17:05:00,16,7,24,17,5,950,18,R DE COUDRAY,48.9545,2.2305,Plein jour,En agglomération,Hors intersection,Normale,Autre collision,,,,,,,,,,,1,2,1,1,6.0
201600044051,0016-08-06 07:35:00,16,8,6,7,35,950,18,R DES ALOUETTES,48.9425,2.2168,Crépuscule ou aube,En agglomération,Intersection en X,Normale,Autre collision,,,,,,,,,,,2,2,2,1,6.0
201600044052,0016-07-29 13:40:00,16,7,29,13,40,950,18,R P VAILLANT COUTURIER,48.9447,2.2519,Plein jour,En agglomération,Intersection en X,Normale,Autre collision,,,,,,,,,,,1,2,2,1,6.0
201600044053,0016-08-21 01:00:00,16,8,21,1,0,950,18,QUAI DE BEZONS,48.9504,2.2767,Nuit avec éclairage allumé,Hors agglomération,Hors intersection,Normale,Deux véhicules - arrière,,,,,,,,,,,5,1,1,1,2.0
201600044054,0016-08-26 10:55:00,16,8,26,10,55,950,63,R DES FRERES BONNEFF,48.9274,2.2129,Plein jour,En agglomération,Hors intersection,Normale,Deux véhicules - arrière,,,,,,,,,,,1,2,1,1,2.0
201600044055,0016-08-20 13:35:00,16,8,20,13,35,950,18,QUAI DE BEZONS,48.9429,2.2572,Plein jour,Hors agglomération,Hors intersection,Normale,Deux véhicules - arrière,,,,,,,,,,,1,1,1,1,2.0
201600044056,0016-09-02 17:15:00,16,9,2,17,15,950,18,RTE DE PONTOISE,48.9489,2.2062,Plein jour,En agglomération,Hors intersection,Normale,Autre collision,,,,,,,,,,,1,2,1,1,6.0
201600044057,0016-09-02 22:10:00,16,9,2,22,10,950,18,BD JEAN ALLEMANE,48.9531,2.2541,Nuit avec éclairage allumé,En agglomération,Intersection en T,Normale,Deux véhicules - côté,,,,,,,,,,,5,2,3,1,3.0
201600044058,0016-09-05 12:30:00,16,9,5,12,30,950,18,QUAI DE BEZONS,48.9395,2.2512,Plein jour,En agglomération,Hors intersection,Pluie forte,Trois véhicules et plus - en chaîne,,,,,,,,,,,1,2,1,3,4.0
201600044059,0016-09-19 09:00:00,16,9,19,9,0,950,18,R FELIFEU,48.9569,2.2347,Plein jour,En agglomération,Intersection en X,Pluie légère,Autre collision,,,,,,,,,,,1,2,2,2,6.0
201600044060,0016-09-13 17:15:00,16,9,13,17,15,950,18,PL DU ONZE NOVEMBRE,48.9354,2.2387,Plein jour,En agglomération,Intersection en X,Normale,Autre collision,,,,,,,,,,,1,2,2,1,6.0
201600044061,0016-09-21 14:00:00,16,9,21,14,0,950,18,AV STALINGRAD,48.9521,2.2672,Plein jour,En agglomération,Intersection en Y,Normale,Deux véhicules - côté,,,,,,,,,,,1,2,4,1,3.0
201600044062,0016-09-24 01:04:00,16,9,24,1,4,950,18,BD JEANNE D'ARC,48.9461,2.2478,Nuit avec éclairage allumé,En agglomération,Intersection en X,Normale,Deux véhicules - côté,,,,,,,,,,,5,2,2,1,3.0
201600044063,0016-09-20 10:15:00,16,9,20,10,15,950,63,AV GABRIEL PERI,48.9283,2.2147,Plein jour,En agglomération,Intersection en T,Normale,Deux véhicules - côté,,,,,,,,,,,1,2,3,1,3.0
201600044064,0016-09-25 04:50:00,16,9,25,4,50,950,63,R SALVADOR ALLENDE,48.9172,2.2111,Nuit avec éclairage allumé,En agglomération,Intersection en T,Normale,Autre collision,,,,,,,,,,,5,2,3,1,6.0
201600044065,0016-09-24 14:05:00,16,9,24,14,5,950,176,R DU FORT,48.9774,2.1976,Plein jour,En agglomération,Hors intersection,Normale,Deux véhicules - côté,,,,,,,,,,,1,2,1,1,3.0
201600044066,0016-09-24 19:45:00,16,9,24,19,45,950,18,AV DE STALINGRAD,48.9503,2.2627,Nuit avec éclairage allumé,En agglomération,Intersection en Y,Normale,Deux véhicules - côté,,,,,,,,,,,5,2,4,1,3.0
201600044067,0016-10-03 21:35:00,16,10,3,21,35,950,176,BD CLEMENCEAU,48.9712,2.1923,Nuit avec éclairage allumé,En agglomération,Hors intersection,Normale,Deux véhicules - côté,,,,,,,,,,,5,2,1,1,3.0
201600044068,0016-09-22 07:20:00,16,9,22,7,20,950,18,R HENRI BARBUSSE,48.9368,2.2396,Plein jour,En agglomération,Intersection en T,Normale,Deux véhicules - côté,,,,,,,,,,,1,2,3,1,3.0
201600044069,0016-10-03 11:35:00,16,10,3,11,35,950,18,RTE DE CORMEILLES,48.9601,2.2259,Plein jour,En agglomération,Intersection en T,Normale,Deux véhicules - côté,,,,,,,,,,,1,2,3,1,3.0
201600044070,0016-09-27 14:18:00,16,9,27,14,18,950,176,BD JOFFRE,48.9592,2.2034,Plein jour,En agglomération,Giratoire,Normale,Deux véhicules - arrière,,,,,,,,,,,1,2,6,1,2.0
201600044071,0016-10-04 20:00:00,16,10,4,20,0,950,18,R HENRI BARBUSSE,48.9373,2.2405,Nuit avec éclairage allumé,En agglomération,Hors intersection,Normale,Deux véhicules - côté,,,,,,,,,,,5,2,1,1,3.0
201600044072,0016-10-06 20:30:00,16,10,6,20,30,950,63,RUE EMILE ZOLA,48.92352,2.21015,Nuit avec éclairage allumé,En agglomération,Hors intersection,Normale,Autre collision,,,,,,,,,,,5,2,1,1,6.0
201600044073,0016-10-07 13:55:00,16,10,7,13,55,950,176,BD JOFFRE,48.9592,2.2034,Plein jour,En agglomération,Giratoire,Normale,Autre collision,,,,,,,,,,,1,2,6,1,6.0
201600044074,0016-10-01 23:50:00,16,10,1,23,50,950,18,AV GABRIEL PERI,48.9442,2.2509,Nuit avec éclairage allumé,En agglomération,Intersection en X,Normale,Deux véhicules - côté,,,,,,,,,,,5,2,2,1,3.0
201600044075,0016-10-10 07:35:00,16,10,10,7,35,950,18,RTE D'ENGHIEN,48.956,2.2802,Crépuscule ou aube,En agglomération,Intersection en X,Normale,Deux véhicules - frontale,,,,,,,,,,,2,2,2,1,1.0
201600044076,0016-10-14 17:00:00,16,10,14,17,0,950,18,R PA VAILLANT COUTURIER,48.9458,2.2535,Plein jour,En agglomération,Hors intersection,Pluie légère,Autre collision,,,,,,,,,,,1,2,1,2,6.0
201600044077,0016-10-08 08:45:00,16,10,8,8,45,950,18,BD DE LA RESISTANCE,48.9509,2.2215,Crépuscule ou aube,En agglomération,Intersection en T,Normale,Deux véhicules - côté,,,,,,,,,,,2,2,3,1,3.0
201600044078,0016-10-17 11:19:00,16,10,17,11,19,950,176,RTE D'ARGENTEUIL,48.9656,2.2098,Plein jour,En agglomération,Hors intersection,Normale,Deux véhicules - côté,,,,,,,,,,,1,2,1,1,3.0
201600044079,0016-10-12 09:17:00,16,10,12,9,17,950,18,RUE DE ROSIERE,48.9659,2.2336,Plein jour,En agglomération,Intersection en X,Normale,Deux véhicules - côté,,,,,,,,,,,1,2,2,1,3.0
201600044080,0016-10-23 20:30:00,16,10,23,20,30,950,176,AV MAURICE BERTEAUX,48.9776,2.2001,Nuit avec éclairage allumé,En agglomération,Hors intersection,Pluie légère,Deux véhicules - arrière,,,,,,,,,,,5,2,1,2,2.0
201600044081,0016-10-24 09:20:00,16,10,24,9,20,950,18,AV GABRIEL PERI,48.9421,2.2529,Plein jour,En agglomération,Intersection en X,Pluie légère,Trois véhicules et plus - collisions multiples,,,,,,,,,,,1,2,2,2,5.0
201600044082,0016-10-23 19:00:00,16,10,23,19,0,950,18,BD MARTYRS  CHATEAUBRIAN,48.9526,2.2149,Nuit avec éclairage allumé,En agglomération,Hors intersection,Pluie légère,Autre collision,,,,,,,,,,,5,2,1,2,6.0
201600044083,0016-10-26 14:49:00,16,10,26,14,49,950,18,R DES LILAS,48.9437,2.2183,Plein jour,En agglomération,Intersection en X,Normale,Deux véhicules - côté,,,,,,,,,,,1,2,2,1,3.0
201600044084,0016-11-02 18:55:00,16,11,2,18,55,950,63,RUE EMILE ZOLA,48.9239,2.2061,Nuit avec éclairage allumé,En agglomération,Hors intersection,Normale,Deux véhicules - arrière,,,,,,,,,,,5,2,1,1,2.0
201600044085,0016-10-26 08:20:00,16,10,26,8,20,950,18,AV GABRIEL PERI,48.9426,2.2526,Plein jour,En agglomération,Hors intersection,Normale,Trois véhicules et plus - collisions multiples,,,,,,,,,,,1,2,1,1,5.0
201600044086,0016-11-04 15:00:00,16,11,4,15,0,950,18,RUE D'ASCQ,48.9449,2.2287,Plein jour,En agglomération,Intersection en X,Normale,Deux véhicules - côté,,,,,,,,,,,1,2,2,1,3.0
201600044087,0016-11-07 17:20:00,16,11,7,17,20,950,18,R ANTONIN G BELIN,48.94529,2.24886,Crépuscule ou aube,En agglomération,Hors intersection,Pluie légère,Autre collision,,,,,,,,,,,2,2,1,2,6.0
201600044088,0016-11-10 18:50:00,16,11,10,18,50,950,18,R DU PERREUX,48.9435,2.2289,Nuit avec éclairage allumé,En agglomération,Intersection en Y,Pluie forte,Autre collision,,,,,,,,,,,5,2,4,3,6.0
201600044089,0016-11-12 18:21:00,16,11,12,18,21,950,18,RTE DE PONTOISE,48.9459,2.2063,Nuit avec éclairage allumé,En agglomération,Hors intersection,Pluie légère,Autre collision,,,,,,,,,,,5,2,1,2,6.0
201600044090,0016-11-03 21:15:00,16,11,3,21,15,950,63,R LUCIEN SAMPAIX,48.9391,2.2068,Nuit avec éclairage non allumé,En agglomération,Intersection en X,Normale,Deux véhicules - côté,,,,,,,,,,,4,2,2,1,3.0
201600044091,0016-11-15 07:55:00,16,11,15,7,55,950,176,BD JOFFRE,48.9529,2.2055,Plein jour,En agglomération,Hors intersection,Pluie légère,Deux véhicules - côté,,,,,,,,,,,1,2,1,2,3.0
201600044092,0016-11-16 17:00:00,16,11,16,17,0,950,63,AV GABRIEL PERI,48.9342,2.2091,Crépuscule ou aube,En agglomération,Intersection en X,Normale,Deux véhicules - côté,,,,,,,,,,,2,2,2,1,3.0
201600044093,0016-11-20 07:20:00,16,11,20,7,20,950,63,PL LENINE,48.9228,2.2178,Nuit avec éclairage allumé,En agglomération,Intersection en X,Pluie légère,Deux véhicules - côté,,,,,,,,,,,5,2,2,2,3.0
201600044094,0016-11-17 17:49:00,16,11,17,17,49,950,257,AV DES  LILAS,48.9618,2.1816,Crépuscule ou aube,En agglomération,Hors intersection,Normale,Deux véhicules - côté,,,,,,,,,,,2,2,1,1,3.0
201600044095,0016-11-10 19:45:00,16,11,10,19,45,950,18,RUE JEAN LURCAT,48.9506,2.2303,Nuit avec éclairage allumé,En agglomération,Hors intersection,Pluie légère,Autre collision,,,,,,,,,,,5,2,1,2,6.0
201600044096,0016-11-17 13:30:00,16,11,17,13,30,950,18,R PAU VAILLANT COUTURIER,48.9433,2.2489,Plein jour,En agglomération,Intersection en T,Normale,Deux véhicules - côté,,,,,,,,,,,1,2,3,1,3.0
201600044097,0016-11-29 03:51:00,16,11,29,3,51,950,18,R AMBROISE THOMAS,48.9382,2.2359,Nuit avec éclairage allumé,En agglomération,Hors intersection,Normale,Trois véhicules et plus - collisions multiples,,,,,,,,,,,5,2,1,1,5.0
201600044098,0016-11-29 19:35:00,16,11,29,19,35,950,63,RUE DANIELLE CASANOVA,48.9292,2.2264,Nuit avec éclairage allumé,En agglomération,Hors intersection,Normale,Deux véhicules - frontale,,,,,,,,,,,5,2,1,1,1.0
201600044099,0016-11-20 18:45:00,16,11,20,18,45,950,63,RUE EDOUARD VAILLANT,48.9263,2.2131,Nuit avec éclairage allumé,En agglomération,Intersection en X,Normale,Autre collision,,,,,,,,,,,5,2,2,1,6.0
201600044100,0016-12-02 18:25:00,16,12,2,18,25,950,176,R DU GENERAL SARRAIL,48.9689,2.1904,Nuit avec éclairage allumé,En agglomération,Intersection en X,Normale,Autre collision,,,,,,,,,,,5,2,2,1,6.0
201600044101,0016-12-04 15:10:00,16,12,4,15,10,950,63,AV GABRIEL PERI,48.9282,2.2148,Plein jour,En agglomération,Intersection en T,Normale,Deux véhicules - côté,,,,,,,,,,,1,2,3,1,3.0
201600044102,0016-12-11 18:20:00,16,12,11,18,20,950,63,RUE EDOUARD VAILLANT,48.9255,2.2111,Nuit avec éclairage allumé,En agglomération,Intersection en T,Normale,Deux véhicules - côté,,,,,,,,,,,5,2,3,1,3.0
201600044103,0016-12-11 16:45:00,16,12,11,16,45,950,18,RUE DE RETHONDES,48.9458,2.2318,Plein jour,En agglomération,Hors intersection,Normale,Autre collision,,,,,,,,,,,1,2,1,1,6.0
201600044104,0016-12-16 19:15:00,16,12,16,19,15,950,18,PLACE SAINT FERDINAND,48.9549,2.2863,Nuit avec éclairage allumé,En agglomération,Place,Normale,Deux véhicules - arrière,,,,,,,,,,,5,2,7,1,2.0
201600044105,0016-12-19 17:32:00,16,12,19,17,32,950,18,QUAI DE BEZONS,48.9349,2.2428,Plein jour,En agglomération,Hors intersection,Normale,Deux véhicules - arrière,,,,,,,,,,,1,2,1,1,2.0
201600044106,0016-12-18 18:30:00,16,12,18,18,30,950,63,RUE ETHEL ET JULIUS ROSE,48.9236,2.2176,Nuit avec éclairage allumé,En agglomération,Hors intersection,Pluie légère,Autre collision,,,,,,,,,,,5,2,1,2,6.0
201600044107,0016-12-21 15:34:00,16,12,21,15,34,950,18,BOULEVARD LEON FEIX,48.9473,2.2503,Plein jour,En agglomération,Hors intersection,Normale,Autre collision,,,,,,,,,,,1,2,1,1,6.0
201600044108,0016-12-24 00:55:00,16,12,24,0,55,950,18,AV MAURICE  UTRILLO,48.9417,2.2345,Nuit avec éclairage allumé,En agglomération,Intersection en X,Pluie légère,Deux véhicules - côté,,,,,,,,,,,5,2,2,2,3.0
201600044109,0016-12-16 17:05:00,16,12,16,17,5,950,176,BD GEORGES CLEMENCEAU,48.9739,2.1885,Crépuscule ou aube,En agglomération,Intersection en T,Normale,Deux véhicules - côté,,,,,,,,,,,2,2,3,1,3.0