accident_id,datetime,annee,mois,jour,heure,minute,departement,commune_insee,adresse,latitude,longitude,luminosite,agglomeration,intersection,meteo,collision,nb_vehicules,nb_usagers,nb_indemnes,nb_tues,nb_blesses_hosp,nb_blesses_legers,age_cond_1,age_cond_2,veh_type_cond_1,veh_type_cond_2,lum_code,agg_code,int_code,atm_code,col_code
201600044604,0016-01-26 07:50:00,16,1,26,7,50,930,51,A4,48.83577,2.56276,Nuit sans éclairage public,Hors agglomération,Hors intersection,Normale,Trois véhicules et plus - en chaîne,,,,,,,,,,,3,1,1,1,4.0
201600044605,0016-01-26 10:06:00,16,1,26,10,6,770,169,RN104,,,Plein jour,Hors agglomération,Hors intersection,Normale,Deux véhicules - arrière,,,,,,,,,,,1,1,1,1,2.0
201600044606,0016-01-26 14:00:00,16,1,26,14,0,940,58,A86 INT,48.8369,2.49399,Plein jour,Hors agglomération,Hors intersection,Normale,Deux véhicules - arrière,,,,,,,,,,,1,1,1,1,2.0
201600044607,0016-01-27 15:10:00,16,1,27,15,10,770,169,RN104.INT,,,Plein jour,Hors agglomération,Hors intersection,Normale,Deux véhicules - arrière,,,,,,,,,,,1,1,1,1,2.0
201600044608,0016-01-28 16:35:00,16,1,28,16,35,940,28,RN406.W,48.7803,2.44149,Plein jour,Hors agglomération,Hors intersection,Normale,Deux véhicules - côté,,,,,,,,,,,1,1,1,1,3.0
201600044609,0016-01-29 15:30:00,16,1,29,15,30,940,69,A86 EXT,48.8165,2.45348,Plein jour,Hors agglomération,Hors intersection,Normale,Deux véhicules - côté,,,,,,,,,,,1,1,1,1,3.0
201600044610,0016-01-30 06:30:00,16,1,30,6,30,940,17,A4,48.8265,2.51831,Nuit avec éclairage allumé,Hors agglomération,Hors intersection,Normale,Trois véhicules et plus - collisions multiples,,,,,,,,,,,5,1,1,1,5.0
201600044611,0016-01-31 05:10:00,16,1,31,5,10,940,73,A86 EXT,48.756,2.38338,Crépuscule ou aube,Hors agglomération,Hors intersection,Normale,Autre collision,,,,,,,,,,,2,1,1,1,6.0
201600044612,0016-01-31 10:10:00,16,1,31,10,10,770,373,RN104,,,Plein jour,Hors agglomération,Hors intersection,Pluie légère,Autre collision,,,,,,,,,,,1,1,1,2,6.0
201600044613,0016-01-31 11:50:00,16,1,31,11,50,770,53,RN104,,,Plein jour,Hors agglomération,Hors intersection,Pluie légère,Autre collision,,,,,,,,,,,1,1,1,2,6.0
201600044614,0016-01-31 18:00:00,16,1,31,18,0,770,294,A104,,,Nuit sans éclairage public,Hors agglomération,Hors intersection,Normale,Autre collision,,,,,,,,,,,3,1,1,1,6.0
201600044615,0016-02-01 06:10:00,16,2,1,6,10,770,337,A4,,,Nuit sans éclairage public,Hors agglomération,Hors intersection,Normale,Sans collision,,,,,,,,,,,3,1,1,1,7.0
201600044616,0016-02-01 08:10:00,16,2,1,8,10,940,28,A86 EXT,48.7772,2.43955,Crépuscule ou aube,Hors agglomération,Hors intersection,Normale,Deux véhicules - côté,,,,,,,,,,,2,1,1,1,3.0
201600044617,0016-02-01 19:25:00,16,2,1,19,25,940,65,A86 INT,48.7539,2.35365,Nuit avec éclairage allumé,Hors agglomération,Hors intersection,Normale,Deux véhicules - côté,,,,,,,,,,,5,1,1,1,3.0
201600044618,0016-02-02 18:00:00,16,2,2,18,0,770,58,A4,,,Nuit avec éclairage allumé,Hors agglomération,Hors intersection,Pluie légère,Deux véhicules - arrière,,,,,,,,,,,5,1,1,2,2.0
201600044619,0016-02-02 19:10:00,16,2,2,19,10,940,28,A86 EXT,48.7948,2.44243,Nuit sans éclairage public,Hors agglomération,Hors intersection,Pluie légère,Deux véhicules - côté,,,,,,,,,,,3,1,1,2,3.0
201600044620,0016-02-03 05:05:00,16,2,3,5,5,940,18,A4,48.8173,2.41706,Nuit sans éclairage public,Hors agglomération,Hors intersection,Normale,Autre collision,,,,,,,,,,,3,1,1,1,6.0
201600044621,0016-02-04 08:30:00,16,2,4,8,30,940,79,A4,48.8358,2.53972,Plein jour,Hors agglomération,Hors intersection,Pluie légère,Deux véhicules - côté,,,,,,,,,,,1,1,1,2,3.0
201600044622,0016-02-05 11:30:00,16,2,5,11,30,940,28,A86 EXT,48.7888,2.44048,Plein jour,Hors agglomération,Hors intersection,Pluie légère,Trois véhicules et plus - collisions multiples,,,,,,,,,,,1,1,1,2,5.0
201600044623,0016-02-07 08:00:00,16,2,7,8,0,940,46,A86 INT,48.8125,2.4488,Plein jour,Hors agglomération,Hors intersection,Normale,Autre collision,,,,,,,,,,,1,1,1,1,6.0
201600044624,0016-02-08 12:40:00,16,2,8,12,40,770,141,A4,,,Plein jour,Hors agglomération,Hors intersection,Normale,Deux véhicules - côté,,,,,,,,,,,1,1,1,1,3.0
201600044625,0016-02-08 13:00:00,16,2,8,13,0,770,146,RN104.EXT (N104G),,,Plein jour,Hors agglomération,Hors intersection,Normale,Deux véhicules - côté,,,,,,,,,,,1,1,1,1,3.0
201600044626,0016-02-08 15:35:00,16,2,8,15,35,750,112,A4,,,Plein jour,Hors agglomération,Hors intersection,Normale,Trois véhicules et plus - en chaîne,,,,,,,,,,,1,1,1,1,4.0
201600044627,0016-02-08 16:10:00,16,2,8,16,10,940,69,A4,48.8168,2.446,Plein jour,Hors agglomération,Hors intersection,Temps couvert,Deux véhicules - arrière,,,,,,,,,,,1,1,1,8,2.0
201600044628,0016-02-08 19:30:00,16,2,8,19,30,940,69,A4,48.8165,2.45015,Nuit avec éclairage allumé,Hors agglomération,Hors intersection,Normale,Sans collision,,,,,,,,,,,5,1,1,1,7.0
201600044629,0016-02-09 14:45:00,16,2,9,14,45,940,81,A86 INT,48.7738,2.40211,Plein jour,Hors agglomération,Hors intersection,Normale,Sans collision,,,,,,,,,,,1,1,1,1,7.0
201600044630,0016-02-09 15:05:00,16,2,9,15,5,770,122,RN104,,,Plein jour,Hors agglomération,Hors intersection,Vent fort / tempête,Deux véhicules - côté,,,,,,,,,,,1,1,1,6,3.0
201600044631,0016-02-10 03:30:00,16,2,10,3,30,940,81,A86 INT,48.7742,2.40643,Nuit sans éclairage public,Hors agglomération,Hors intersection,Normale,Deux véhicules - côté,,,,,,,,,,,3,1,1,1,3.0
201600044632,0016-02-10 07:45:00,16,2,10,7,45,940,69,A4,48.8174,2.42363,Crépuscule ou aube,Hors agglomération,Hors intersection,Normale,Sans collision,,,,,,,,,,,2,1,1,1,7.0
201600044633,0016-02-10 11:10:00,16,2,10,11,10,940,22,A86 EXT,48.7757,2.41353,Plein jour,Hors agglomération,Hors intersection,Normale,Trois véhicules et plus - en chaîne,,,,,,,,,,,1,1,1,1,4.0
201600044634,0016-02-12 16:45:00,16,2,12,16,45,940,17,A4,48.8272,2.52431,Plein jour,Hors agglomération,Hors intersection,Pluie légère,Autre collision,,,,,,,,,,,1,1,1,2,6.0
201600044635,0016-02-13 03:50:00,16,2,13,3,50,940,69,A4,48.8175,2.42088,Nuit avec éclairage allumé,Hors agglomération,Hors intersection,Normale,Deux véhicules - arrière,,,,,,,,,,,5,1,1,1,2.0
201600044636,0016-02-13 23:00:00,16,2,13,23,0,940,73,A86 EXT,48.7691,2.37944,Nuit avec éclairage allumé,Hors agglomération,Hors intersection,Pluie légère,Sans collision,,,,,,,,,,,5,1,1,2,7.0
201600044637,0016-02-14 00:57:00,16,2,14,0,57,750,112,A4,,,Nuit sans éclairage public,Hors agglomération,Hors intersection,Pluie légère,Deux véhicules - arrière,,,,,,,,,,,3,1,1,2,2.0
201600044638,0016-02-14 01:05:00,16,2,14,1,5,940,73,A86 INT,48.7681,2.37869,Nuit avec éclairage allumé,Hors agglomération,Hors intersection,Pluie légère,Deux véhicules - arrière,,,,,,,,,,,5,1,1,2,2.0
201600044639,0016-02-14 06:20:00,16,2,14,6,20,770,294,A104,,,Nuit sans éclairage public,Hors agglomération,Hors intersection,Normale,Autre collision,,,,,,,,,,,3,1,1,1,6.0
201600044640,0016-02-14 10:23:00,16,2,14,10,23,770,373,RN104,,,Plein jour,Hors agglomération,Hors intersection,Normale,Autre collision,,,,,,,,,,,1,1,1,1,6.0
201600044641,0016-02-15 20:45:00,16,2,15,20,45,940,28,A86 INT,48.8017,2.44739,Nuit avec éclairage allumé,Hors agglomération,Hors intersection,Normale,Deux véhicules - côté,,,,,,,,,,,5,1,1,1,3.0
201600044642,0016-02-16 08:25:00,16,2,16,8,25,770,141,A4,,,Plein jour,Hors agglomération,Autre intersection,Normale,Autre collision,,,,,,,,,,,1,1,9,1,6.0
201600044643,0016-02-16 08:30:00,16,2,16,8,30,770,517,A104,,,Plein jour,Hors agglomération,Hors intersection,Normale,Trois véhicules et plus - en chaîne,,,,,,,,,,,1,1,1,1,4.0
201600044644,0016-02-16 13:20:00,16,2,16,13,20,940,28,A86 INT,48.8002,2.44624,Plein jour,Hors agglomération,Hors intersection,Normale,Trois véhicules et plus - collisions multiples,,,,,,,,,,,1,1,1,1,5.0
201600044645,0016-02-16 20:15:00,16,2,16,20,15,940,18,A4,48.8228,2.39595,Nuit avec éclairage allumé,Hors agglomération,Hors intersection,Normale,Trois véhicules et plus - collisions multiples,,,,,,,,,,,5,1,1,1,5.0
201600044646,0016-02-16 21:40:00,16,2,16,21,40,930,51,A4,48.83555,2.56527,Nuit sans éclairage public,Hors agglomération,Hors intersection,Normale,Deux véhicules - côté,,,,,,,,,,,3,1,1,1,3.0
201600044647,0016-02-17 12:45:00,16,2,17,12,45,770,251,RN104,,,Plein jour,Hors agglomération,Hors intersection,Normale,Trois véhicules et plus - en chaîne,,,,,,,,,,,1,1,1,1,4.0
201600044648,0016-02-19 07:30:00,16,2,19,7,30,940,17,A4,48.8265,2.51832,Crépuscule ou aube,Hors agglomération,Hors intersection,Normale,Deux véhicules - arrière,,,,,,,,,,,2,1,1,1,2.0
201600044649,0016-02-19 08:55:00,16,2,19,8,55,940,18,A4,48.8177,2.41525,Plein jour,Hors agglomération,Hors intersection,Normale,Deux véhicules - arrière,,,,,,,,,,,1,1,1,1,2.0
201600044650,0016-02-19 09:40:00,16,2,19,9,40,940,18,A4,48.8175,2.41528,Plein jour,Hors agglomération,Hors intersection,Normale,Deux véhicules - arrière,,,,,,,,,,,1,1,1,1,2.0
201600044651,0016-02-20 13:10:00,16,2,20,13,10,770,373,RN104,,,Plein jour,Hors agglomération,Hors intersection,Temps couvert,Sans collision,,,,,,,,,,,1,1,1,8,7.0
201600044652,0016-02-20 18:15:00,16,2,20,18,15,940,52,A86 INT,48.8391,2.49333,Plein jour,Hors agglomération,Hors intersection,Normale,Trois véhicules et plus - en chaîne,,,,,,,,,,,1,1,1,1,4.0
201600044653,0016-02-22 00:57:00,16,2,22,0,57,940,74,RN406.Y,48.7624,2.46676,Nuit sans éclairage public,Hors agglomération,Hors intersection,Normale,Deux véhicules - arrière,,,,,,,,,,,3,1,1,1,2.0
201600044654,0016-02-22 21:14:00,16,2,22,21,14,770,294,A104,,,Nuit sans éclairage public,Hors agglomération,Hors intersection,Pluie légère,Deux véhicules - arrière,,,,,,,,,,,3,1,1,2,2.0
201600044655,0016-02-23 00:45:00,16,2,23,0,45,940,17,A86.INT,48.8307,2.4896,Nuit avec éclairage allumé,Hors agglomération,Hors intersection,Pluie légère,Autre collision,,,,,,,,,,,5,1,1,2,6.0
201600044656,0016-02-23 05:40:00,16,2,23,5,40,770,337,RN104,,,Nuit sans éclairage public,Hors agglomération,Hors intersection,Pluie légère,Autre collision,,,,,,,,,,,3,1,1,2,6.0
201600044657,0016-02-18 13:00:00,16,2,18,13,0,940,28,A86 EXT,48.776,2.42871,Plein jour,Hors agglomération,Hors intersection,Normale,Deux véhicules - arrière,,,,,,,,,,,1,1,1,1,2.0
201600044658,0016-02-26 13:30:00,16,2,26,13,30,770,373,RN104,,,Plein jour,Hors agglomération,Hors intersection,Normale,Deux véhicules - arrière,,,,,,,,,,,1,1,1,1,2.0
201600044659,0016-02-27 15:15:00,16,2,27,15,15,940,52,A86 INT,48.8417,2.4927,Plein jour,Hors agglomération,Hors intersection,Normale,Trois véhicules et plus - en chaîne,,,,,,,,,,,1,1,1,1,4.0
201600044660,0016-02-28 01:25:00,16,2,28,1,25,940,18,A4,48.8204,2.40181,Nuit avec éclairage allumé,Hors agglomération,Hors intersection,Normale,Deux véhicules - côté,,,,,,,,,,,5,1,1,1,3.0
201600044661,0016-02-28 19:45:00,16,2,28,19,45,940,69,A4,48.8175,2.44339,Plein jour,Hors agglomération,Hors intersection,Normale,Deux véhicules - arrière,,,,,,,,,,,1,1,1,1,2.0
201600044662,0016-03-01 09:15:00,16,3,1,9,15,940,17,A4,48.8276,2.50725,Plein jour,Hors agglomération,Hors intersection,Normale,Trois véhicules et plus - collisions multiples,,,,,,,,,,,1,1,1,1,5.0
201600044663,0016-03-01 16:35:00,16,3,1,16,35,940,42,A4,48.8284,2.47563,Plein jour,Hors agglomération,Hors intersection,Normale,Trois véhicules et plus - en chaîne,,,,,,,,,,,1,1,1,1,4.0
201600044664,0016-03-02 07:30:00,16,3,2,7,30,940,18,A4,48.8174,2.41634,Plein jour,Hors agglomération,Hors intersection,Pluie légère,Autre collision,,,,,,,,,,,1,1,1,2,6.0
201600044665,0016-03-02 08:40:00,16,3,2,8,40,940,52,A86 INT,48.8418,2.49269,Plein jour,Hors agglomération,Hors intersection,Normale,Deux véhicules - arrière,,,,,,,,,,,1,1,1,1,2.0
201600044666,0016-03-02 09:30:00,16,3,2,9,30,770,337,RN104,,,Plein jour,Hors agglomération,Hors intersection,Pluie légère,Deux véhicules - frontale,,,,,,,,,,,1,1,1,2,1.0
201600044667,0016-03-02 21:25:00,16,3,2,21,25,770,122,RN104,,,Nuit sans éclairage public,Hors agglomération,Hors intersection,Normale,Sans collision,,,,,,,,,,,3,1,1,1,7.0
201600044668,0016-03-03 16:00:00,16,3,3,16,0,770,18,A4,,,Plein jour,Hors agglomération,Hors intersection,Normale,Autre collision,,,,,,,,,,,1,1,1,1,6.0
201600044669,0016-03-04 11:00:00,16,3,4,11,0,940,42,A4,48.8264,2.46622,Plein jour,Hors agglomération,Hors intersection,Normale,Trois véhicules et plus - collisions multiples,,,,,,,,,,,1,1,1,1,5.0
201600044670,0016-03-05 11:13:00,16,3,5,11,13,940,69,A4,48.8169,2.45069,Plein jour,Hors agglomération,Hors intersection,Neige / grêle,Autre collision,,,,,,,,,,,1,1,1,4,6.0
201600044671,0016-03-05 12:40:00,16,3,5,12,40,770,373,RN104,,,Plein jour,Hors agglomération,Hors intersection,Pluie forte,Sans collision,,,,,,,,,,,1,1,1,3,7.0
201600044672,0016-03-05 23:40:00,16,3,5,23,40,940,33,A86.INT,48.8562,2.48807,Nuit avec éclairage allumé,Hors agglomération,Hors intersection,Normale,Trois véhicules et plus - collisions multiples,,,,,,,,,,,5,1,1,1,5.0
201600044673,0016-03-07 01:20:00,16,3,7,1,20,770,169,RN104,48.8234,2.61512,Nuit sans éclairage public,Hors agglomération,Hors intersection,Pluie légère,Autre collision,,,,,,,,,,,3,1,1,2,6.0
201600044674,0016-03-08 08:45:00,16,3,8,8,45,770,258,A4.W (PROVINCE-PARIS),,,Plein jour,Hors agglomération,Hors intersection,Normale,Deux véhicules - arrière,,,,,,,,,,,1,1,1,1,2.0
201600044675,0016-03-09 09:55:00,16,3,9,9,55,940,52,A86.EXT,48.8389,2.49376,Plein jour,Hors agglomération,Hors intersection,Pluie forte,Deux véhicules - côté,,,,,,,,,,,1,1,1,3,3.0
201600044676,0016-03-09 17:00:00,16,3,9,17,0,770,363,A104,,,Plein jour,Hors agglomération,Hors intersection,Pluie légère,Trois véhicules et plus - collisions multiples,,,,,,,,,,,1,1,1,2,5.0
201600044677,0016-03-10 05:05:00,16,3,10,5,5,750,112,A4,,,Nuit avec éclairage allumé,Hors agglomération,Hors intersection,Normale,Autre collision,,,,,,,,,,,5,1,1,1,6.0
201600044678,0016-03-10 05:50:00,16,3,10,5,50,940,28,A86 EXT,48.794,2.442,Crépuscule ou aube,Hors agglomération,Hors intersection,Normale,Trois véhicules et plus - collisions multiples,,,,,,,,,,,2,1,1,1,5.0
201600044679,0016-03-10 21:15:00,16,3,10,21,15,940,17,A4,48.8282,2.50293,Nuit avec éclairage allumé,Hors agglomération,Hors intersection,Normale,Trois véhicules et plus - collisions multiples,,,,,,,,,,,5,1,1,1,5.0
201600044680,0016-03-11 14:15:00,16,3,11,14,15,940,17,A4,48.8279,2.50451,Plein jour,Hors agglomération,Hors intersection,Normale,Deux véhicules - arrière,,,,,,,,,,,1,1,1,1,2.0
201600044681,0016-03-11 17:25:00,16,3,11,17,25,940,52,A4,48.8266,2.46632,Plein jour,Hors agglomération,Hors intersection,Normale,Trois véhicules et plus - en chaîne,,,,,,,,,,,1,1,1,1,4.0
201600044682,0016-03-12 17:30:00,16,3,12,17,30,940,33,A86.INT,48.8512,2.48963,Plein jour,Hors agglomération,Hors intersection,Normale,Sans collision,,,,,,,,,,,1,1,1,1,7.0
201600044683,0016-03-12 20:30:00,16,3,12,20,30,940,73,A86 INT,48.7698,2.38044,Nuit sans éclairage public,Hors agglomération,Hors intersection,Normale,Trois véhicules et plus - collisions multiples,,,,,,,,,,,3,1,1,1,5.0
201600044684,0016-03-13 06:30:00,16,3,13,6,30,770,146,A4.Y PARIS-PROVINCE,,,Crépuscule ou aube,Hors agglomération,Hors intersection,Normale,Sans collision,,,,,,,,,,,2,1,1,1,7.0
201600044685,0016-03-13 13:00:00,16,3,13,13,0,940,52,A86 INT,48.8461,2.49173,Plein jour,Hors agglomération,Hors intersection,Normale,Deux véhicules - arrière,,,,,,,,,,,1,1,1,1,2.0
201600044686,0016-03-13 19:30:00,16,3,13,19,30,750,112,A4,,,Nuit avec éclairage allumé,Hors agglomération,Hors intersection,Normale,Trois véhicules et plus - en chaîne,,,,,,,,,,,5,1,1,1,4.0
201600044687,0016-03-14 06:40:00,16,3,14,6,40,940,42,A4,48.8285,2.47566,Plein jour,Hors agglomération,Hors intersection,Normale,Trois véhicules et plus - en chaîne,,,,,,,,,,,1,1,1,1,4.0
201600044688,0016-03-15 10:00:00,16,3,15,10,0,770,517,A104.EXT,,,Plein jour,Hors agglomération,Hors intersection,Normale,Deux véhicules - arrière,,,,,,,,,,,1,1,1,1,2.0
201600044689,0016-03-16 09:40:00,16,3,16,9,40,770,294,A104,,,Plein jour,Hors agglomération,Hors intersection,Normale,Trois véhicules et plus - en chaîne,,,,,,,,,,,1,1,1,1,4.0
201600044690,0016-03-16 12:30:00,16,3,16,12,30,770,169,RN104,,,Plein jour,Hors agglomération,Hors intersection,Normale,Deux véhicules - arrière,,,,,,,,,,,1,1,1,1,2.0
201600044691,0016-03-17 17:45:00,16,3,17,17,45,770,181,A4,,,Plein jour,Hors agglomération,Hors intersection,Normale,Deux véhicules - arrière,,,,,,,,,,,1,1,1,1,2.0
201600044692,0016-03-18 19:00:00,16,3,18,19,0,940,28,A86 EXT,48.7923,2.44128,Plein jour,Hors agglomération,Hors intersection,Normale,Deux véhicules - côté,,,,,,,,,,,1,1,1,1,3.0
201600044693,0016-03-19 06:20:00,16,3,19,6,20,940,18,A4,48.8218,2.39837,Nuit sans éclairage public,Hors agglomération,Hors intersection,Normale,Deux véhicules - arrière,,,,,,,,,,,3,1,1,1,2.0
201600044694,0016-03-22 11:40:00,16,3,22,11,40,770,468,A4.W,,,Plein jour,Hors agglomération,Hors intersection,Normale,Deux véhicules - côté,,,,,,,,,,,1,1,1,1,3.0
201600044695,0016-03-23 07:05:00,16,3,23,7,5,940,73,A86 INT,48.7708,2.38691,Plein jour,Hors agglomération,Hors intersection,Normale,Deux véhicules - côté,,,,,,,,,,,1,1,1,1,3.0
201600044696,0016-03-23 08:45:00,16,3,23,8,45,940,73,A86 EXT,48.7538,2.36951,Plein jour,Hors agglomération,Hors intersection,Normale,Deux véhicules - arrière,,,,,,,,,,,1,1,1,1,2.0
201600044697,0016-03-24 05:15:00,16,3,24,5,15,770,258,A4.W,,,Nuit sans éclairage public,Hors agglomération,Hors intersection,Normale,Deux véhicules - arrière,,,,,,,,,,,3,1,1,1,2.0
201600044698,0016-03-24 08:30:00,16,3,24,8,30,940,73,A86 INT,48.7538,2.36957,Plein jour,Hors agglomération,Hors intersection,Normale,Deux véhicules - arrière,,,,,,,,,,,1,1,1,1,2.0
201600044699,0016-03-24 17:40:00,16,3,24,17,40,930,51,A4,48.83579,2.56005,Plein jour,Hors agglomération,Hors intersection,Normale,Trois véhicules et plus - en chaîne,,,,,,,,,,,1,1,1,1,4.0
201600044700,0016-03-24 17:40:00,16,3,24,17,40,940,18,A4,48.8175,2.41808,Plein jour,Hors agglomération,Hors intersection,Normale,Trois véhicules et plus - collisions multiples,,,,,,,,,,,1,1,1,1,5.0
201600044701,0016-03-25 09:45:00,16,3,25,9,45,770,337,A4,,,Plein jour,Hors agglomération,Hors intersection,Pluie légère,Trois véhicules et plus - collisions multiples,,,,,,,,,,,1,1,1,2,5.0
201600044702,0016-03-25 12:00:00,16,3,25,12,0,770,258,A4.Y,,,Plein jour,Hors agglomération,Hors intersection,Normale,Trois véhicules et plus - collisions multiples,,,,,,,,,,,1,1,1,1,5.0
201600044703,0016-03-25 15:40:00,16,3,25,15,40,770,495,BRET. A5A VERS A105,48.5906,2.63427,Plein jour,Hors agglomération,Hors intersection,Normale,Sans collision,,,,,,,,,,,1,1,1,1,7.0
201600044704,0016-03-25 18:00:00,16,3,25,18,0,770,438,A104,,,Plein jour,Hors agglomération,Hors intersection,Normale,Trois véhicules et plus - en chaîne,,,,,,,,,,,1,1,1,1,4.0
201600044705,0016-03-25 21:15:00,16,3,25,21,15,940,44,RN406.W,48.7574,2.47612,Nuit sans éclairage public,Hors agglomération,Hors intersection,Normale,Autre collision,,,,,,,,,,,3,1,1,1,6.0
201600044706,0016-03-27 03:10:00,16,3,27,3,10,770,337,RN104,,,Nuit sans éclairage public,Hors agglomération,Hors intersection,Pluie légère,Autre collision,,,,,,,,,,,3,1,1,2,6.0
201600044707,0016-03-27 06:20:00,16,3,27,6,20,940,46,A86 EXT,48.7987,2.44526,Nuit avec éclairage allumé,Hors agglomération,Hors intersection,Pluie légère,Deux véhicules - arrière,,,,,,,,,,,5,1,1,2,2.0
201600044708,0016-03-27 09:20:00,16,3,27,9,20,770,438,A104,,,Plein jour,Hors agglomération,Hors intersection,Temps couvert,Autre collision,,,,,,,,,,,1,1,1,8,6.0
201600044709,0016-03-27 17:50:00,16,3,27,17,50,930,51,A4,48.83435,2.58553,Plein jour,Hors agglomération,Hors intersection,Normale,Deux véhicules - arrière,,,,,,,,,,,1,1,1,1,2.0
201600044710,0016-03-27 19:30:00,16,3,27,19,30,940,33,A86.INT,48.8523,2.48951,Nuit avec éclairage allumé,Hors agglomération,Hors intersection,Normale,Deux véhicules - arrière,,,,,,,,,,,5,1,1,1,2.0
201600044711,0016-03-29 20:20:00,16,3,29,20,20,770,373,RN104,,,Plein jour,Hors agglomération,Hors intersection,Normale,Autre collision,,,,,,,,,,,1,1,1,1,6.0
201600044712,0016-03-30 08:20:00,16,3,30,8,20,940,73,A86 EXT,48.7714,2.3922,Plein jour,Hors agglomération,Hors intersection,Pluie légère,Deux véhicules - côté,,,,,,,,,,,1,1,1,2,3.0
201600044713,0016-03-31 03:30:00,16,3,31,3,30,940,81,A86 INT,48.7738,2.40216,Nuit avec éclairage non allumé,Hors agglomération,Hors intersection,Pluie légère,Deux véhicules - arrière,,,,,,,,,,,4,1,1,2,2.0
201600044714,0016-03-31 07:40:00,16,3,31,7,40,770,258,A4.Y,,,Crépuscule ou aube,Hors agglomération,Hors intersection,Pluie forte,Deux véhicules - frontale,,,,,,,,,,,2,1,1,3,1.0
201600044715,0016-03-31 08:50:00,16,3,31,8,50,940,73,A86 EXT,48.7702,2.3828,Plein jour,Hors agglomération,Hors intersection,Pluie forte,Deux véhicules - côté,,,,,,,,,,,1,1,1,3,3.0
201600044716,0016-03-31 10:15:00,16,3,31,10,15,940,28,A86 EXT,48.7802,2.44283,Plein jour,Hors agglomération,Hors intersection,Pluie forte,Trois véhicules et plus - collisions multiples,,,,,,,,,,,1,1,1,3,5.0
201600044717,0016-03-31 13:30:00,16,3,31,13,30,940,18,A4,48.8249,2.39322,Plein jour,Hors agglomération,Hors intersection,Pluie forte,Trois véhicules et plus - en chaîne,,,,,,,,,,,1,1,1,3,4.0
201600044718,0016-03-31 18:20:00,16,3,31,18,20,940,73,A86 INT,48.7608,2.38256,Plein jour,Hors agglomération,Hors intersection,Pluie légère,Autre collision,,,,,,,,,,,1,1,1,2,6.0
201600044719,0016-04-01 09:55:00,16,4,1,9,55,770,372,A104,,,Plein jour,Hors agglomération,Hors intersection,Normale,Trois véhicules et plus - en chaîne,,,,,,,,,,,1,1,1,1,4.0
201600044720,0016-04-01 12:47:00,16,4,1,12,47,940,18,A4,48.8242,2.39415,Plein jour,Hors agglomération,Hors intersection,Normale,Deux véhicules - arrière,,,,,,,,,,,1,1,1,1,2.0
201600044721,0016-04-02 13:00:00,16,4,2,13,0,940,17,A4,48.8267,2.52249,Plein jour,Hors agglomération,Hors intersection,Normale,Deux véhicules - côté,,,,,,,,,,,1,1,1,1,3.0
201600044722,0016-04-02 20:50:00,16,4,2,20,50,770,337,A4,,,Nuit sans éclairage public,Hors agglomération,Hors intersection,Normale,Deux véhicules - frontale,,,,,,,,,,,3,1,1,1,1.0
201600044723,0016-04-03 05:50:00,16,4,3,5,50,750,112,A86 INT,,,Nuit sans éclairage public,Hors agglomération,Hors intersection,Pluie légère,Trois véhicules et plus - collisions multiples,,,,,,,,,,,3,1,1,2,5.0
201600044724,0016-04-03 15:15:00,16,4,3,15,15,940,73,A86 EXT,48.7707,2.38693,Plein jour,Hors agglomération,Hors intersection,Normale,Trois véhicules et plus - en chaîne,,,,,,,,,,,1,1,1,1,4.0
201600044725,0016-04-04 09:05:00,16,4,4,9,5,770,373,RN104,,,Plein jour,Hors agglomération,Hors intersection,Normale,Trois véhicules et plus - collisions multiples,,,,,,,,,,,1,1,1,1,5.0
201600044726,0016-04-03 06:20:00,16,4,3,6,20,770,337,RN104,,,Nuit sans éclairage public,Hors agglomération,Hors intersection,Temps couvert,Sans collision,,,,,,,,,,,3,1,1,8,7.0
201600044727,0016-04-04 18:00:00,16,4,4,18,0,940,46,A86 EXT,48.7991,2.44561,Plein jour,Hors agglomération,Hors intersection,Normale,Deux véhicules - côté,,,,,,,,,,,1,1,1,1,3.0
201600044728,0016-04-05 19:15:00,16,4,5,19,15,770,258,A4.W,,,Plein jour,Hors agglomération,Hors intersection,Normale,Trois véhicules et plus - collisions multiples,,,,,,,,,,,1,1,1,1,5.0
201600044729,0016-04-06 10:45:00,16,4,6,10,45,770,517,A104.EXT,,,Plein jour,Hors agglomération,Hors intersection,Normale,Trois véhicules et plus - en chaîne,,,,,,,,,,,1,1,1,1,4.0
201600044730,0016-04-08 07:10:00,16,4,8,7,10,940,17,A4,48.8265,2.51831,Plein jour,Hors agglomération,Hors intersection,Normale,Trois véhicules et plus - collisions multiples,,,,,,,,,,,1,1,1,1,5.0
201600044731,0016-04-08 11:30:00,16,4,8,11,30,940,33,A86.EXT,48.8517,2.49045,Plein jour,Hors agglomération,Hors intersection,Normale,Deux véhicules - arrière,,,,,,,,,,,1,1,1,1,2.0
201600044732,0016-04-09 02:50:00,16,4,9,2,50,770,373,RN104,,,Nuit sans éclairage public,Hors agglomération,Hors intersection,Normale,Deux véhicules - frontale,,,,,,,,,,,3,1,1,1,1.0