accident_id,datetime,annee,mois,jour,heure,minute,departement,commune_insee,adresse,latitude,longitude,luminosite,agglomeration,intersection,meteo,collision,nb_vehicules,nb_usagers,nb_indemnes,nb_tues,nb_blesses_hosp,nb_blesses_legers,age_cond_1,age_cond_2,veh_type_cond_1,veh_type_cond_2,lum_code,agg_code,int_code,atm_code,col_code
201600044865,0016-06-17 20:00:00,16,6,17,20,0,940,18,A4,48.8174,2.41631,Plein jour,Hors agglomération,Hors intersection,Normale,Autre collision,,,,,,,,,,,1,1,1,1,6.0
201600044866,0016-06-17 19:50:00,16,6,17,19,50,940,33,A86.EXT,48.8517,2.49044,Plein jour,Hors agglomération,Hors intersection,Normale,Deux véhicules - côté,,,,,,,,,,,1,1,1,1,3.0
201600044867,0016-06-19 01:00:00,16,6,19,1,0,770,169,RN104,,,Nuit sans éclairage public,Hors agglomération,Hors intersection,Normale,Autre collision,,,,,,,,,,,3,1,1,1,6.0
201600044868,0016-06-19 04:15:00,16,6,19,4,15,770,363,A104,,,Nuit sans éclairage public,Hors agglomération,Hors intersection,Pluie légère,Deux véhicules - arrière,,,,,,,,,,,3,1,1,2,2.0
201600044869,0016-06-20 00:10:00,16,6,20,0,10,770,373,RN104,,,Nuit sans éclairage public,Hors agglomération,Hors intersection,Normale,Sans collision,,,,,,,,,,,3,1,1,1,7.0
201600044870,0016-06-20 01:30:00,16,6,20,1,30,770,237,A4,,,Nuit sans éclairage public,Hors agglomération,Hors intersection,Normale,Deux véhicules - arrière,,,,,,,,,,,3,1,1,1,2.0
201600044871,0016-06-20 08:15:00,16,6,20,8,15,770,450,RN104,,,Plein jour,Hors agglomération,Hors intersection,Normale,Deux véhicules - frontale,,,,,,,,,,,1,1,1,1,1.0
201600044872,0016-06-20 22:00:00,16,6,20,22,0,940,22,A86 EXT,48.7762,2.41491,Crépuscule ou aube,Hors agglomération,Hors intersection,Temps couvert,Autre collision,,,,,,,,,,,2,1,1,8,6.0
201600044873,0016-06-22 14:45:00,16,6,22,14,45,750,112,A4,,,Plein jour,Hors agglomération,Hors intersection,Normale,Trois véhicules et plus - collisions multiples,,,,,,,,,,,1,1,1,1,5.0
201600044874,0016-06-24 00:15:00,16,6,24,0,15,940,17,A4,48.8273,2.50686,Nuit sans éclairage public,Hors agglomération,Hors intersection,Normale,Deux véhicules - arrière,,,,,,,,,,,3,1,1,1,2.0
201600044875,0016-06-24 09:00:00,16,6,24,9,0,770,517,A104.EXT,,,Plein jour,Hors agglomération,Hors intersection,Normale,Deux véhicules - arrière,,,,,,,,,,,1,1,1,1,2.0
201600044876,0016-06-24 20:30:00,16,6,24,20,30,940,73,A86 INT,48.7715,2.39216,Plein jour,Hors agglomération,Hors intersection,Normale,Deux véhicules - côté,,,,,,,,,,,1,1,1,1,3.0
201600044877,0016-06-25 08:45:00,16,6,25,8,45,770,363,A104,,,Plein jour,Hors agglomération,Hors intersection,Normale,Autre collision,,,,,,,,,,,1,1,1,1,6.0
201600044878,0016-06-25 15:15:00,16,6,25,15,15,770,294,A104,,,Plein jour,Hors agglomération,Hors intersection,Normale,Trois véhicules et plus - en chaîne,,,,,,,,,,,1,1,1,1,4.0
201600044879,0016-06-26 01:50:00,16,6,26,1,50,770,372,A104,,,Nuit sans éclairage public,Hors agglomération,Hors intersection,Normale,Sans collision,,,,,,,,,,,3,1,1,1,7.0
201600044880,0016-06-26 19:45:00,16,6,26,19,45,940,33,A86.EXT,48.8593,2.48649,Crépuscule ou aube,Hors agglomération,Hors intersection,Normale,Trois véhicules et plus - collisions multiples,,,,,,,,,,,2,1,1,1,5.0
201600044881,0016-06-27 01:10:00,16,6,27,1,10,750,112,A4,,,Nuit avec éclairage allumé,Hors agglomération,Hors intersection,Normale,Deux véhicules - côté,,,,,,,,,,,5,1,1,1,3.0
201600044882,0016-06-27 08:40:00,16,6,27,8,40,930,51,A4,48.83584,2.56274,Plein jour,Hors agglomération,Hors intersection,Pluie légère,Trois véhicules et plus - en chaîne,,,,,,,,,,,1,1,1,2,4.0
201600044883,0016-06-27 08:20:00,16,6,27,8,20,940,22,A86 EXT,48.7766,2.4175,Plein jour,Hors agglomération,Hors intersection,Pluie légère,Autre collision,,,,,,,,,,,1,1,1,2,6.0
201600044884,0016-06-27 09:00:00,16,6,27,9,0,940,28,A86 EXT,48.7862,2.44034,Plein jour,Hors agglomération,Hors intersection,Pluie légère,Deux véhicules - arrière,,,,,,,,,,,1,1,1,2,2.0
201600044885,0016-06-28 09:20:00,16,6,28,9,20,940,46,A86 EXT,48.8043,2.44867,Plein jour,Hors agglomération,Hors intersection,Normale,Deux véhicules - arrière,,,,,,,,,,,1,1,1,1,2.0
201600044886,0016-06-28 09:45:00,16,6,28,9,45,940,17,A4,48.8297,2.49791,Plein jour,Hors agglomération,Hors intersection,Normale,Deux véhicules - arrière,,,,,,,,,,,1,1,1,1,2.0
201600044887,0016-06-28 20:00:00,16,6,28,20,0,940,73,A86 EXT,48.7577,2.38398,Plein jour,Hors agglomération,Hors intersection,Normale,Sans collision,,,,,,,,,,,1,1,1,1,7.0
201600044888,0016-06-30 10:00:00,16,6,30,10,0,940,73,A86 EXT,48.7536,2.37921,Plein jour,Hors agglomération,Hors intersection,Normale,Deux véhicules - arrière,,,,,,,,,,,1,1,1,1,2.0
201600044889,0016-06-30 14:45:00,16,6,30,14,45,940,65,A86 EXT,48.754,2.35145,Plein jour,Hors agglomération,Hors intersection,Pluie légère,Deux véhicules - côté,,,,,,,,,,,1,1,1,2,3.0
201600044890,0016-07-01 16:15:00,16,7,1,16,15,770,294,A104,,,Plein jour,Hors agglomération,Hors intersection,Normale,Deux véhicules - frontale,,,,,,,,,,,1,1,1,1,1.0
201600044891,0016-07-02 18:40:00,16,7,2,18,40,770,249,RN104,,,Plein jour,Hors agglomération,Hors intersection,Normale,Deux véhicules - arrière,,,,,,,,,,,1,1,1,1,2.0
201600044892,0016-07-04 13:45:00,16,7,4,13,45,770,450,RN104,,,Plein jour,Hors agglomération,Hors intersection,Normale,Autre collision,,,,,,,,,,,1,1,1,1,6.0
201600044893,0016-07-04 19:15:00,16,7,4,19,15,770,122,RN104,,,Plein jour,Hors agglomération,Hors intersection,Normale,Deux véhicules - frontale,,,,,,,,,,,1,1,1,1,1.0
201600044894,0016-07-05 07:50:00,16,7,5,7,50,940,18,A4,48.8213,2.39954,Plein jour,Hors agglomération,Hors intersection,Normale,Deux véhicules - côté,,,,,,,,,,,1,1,1,1,3.0
201600044895,0016-07-05 16:50:00,16,7,5,16,50,940,18,A4,48.8249,2.39322,Plein jour,Hors agglomération,Hors intersection,Normale,Trois véhicules et plus - en chaîne,,,,,,,,,,,1,1,1,1,4.0
201600044896,0016-07-06 18:20:00,16,7,6,18,20,940,28,A86 EXT,48.7761,2.43095,Plein jour,Hors agglomération,Hors intersection,Normale,Trois véhicules et plus - en chaîne,,,,,,,,,,,1,1,1,1,4.0
201600044897,0016-07-06 19:30:00,16,7,6,19,30,770,175,A5b,,,Plein jour,Hors agglomération,Hors intersection,Normale,Autre collision,,,,,,,,,,,1,1,1,1,6.0
201600044898,0016-07-07 07:30:00,16,7,7,7,30,940,28,A86 INT,48.7762,2.42945,Plein jour,Hors agglomération,Hors intersection,Normale,Deux véhicules - côté,,,,,,,,,,,1,1,1,1,3.0
201600044899,0016-07-07 08:00:00,16,7,7,8,0,770,169,RN104,,,Plein jour,Hors agglomération,Hors intersection,Normale,Sans collision,,,,,,,,,,,1,1,1,1,7.0
201600044900,0016-07-07 09:00:00,16,7,7,9,0,940,73,A86 EXT,48.7577,2.38398,Plein jour,Hors agglomération,Hors intersection,Normale,Trois véhicules et plus - en chaîne,,,,,,,,,,,1,1,1,1,4.0
201600044901,0016-07-07 14:30:00,16,7,7,14,30,940,28,A86 EXT,48.7853,2.44044,Plein jour,Hors agglomération,Hors intersection,Normale,Deux véhicules - côté,,,,,,,,,,,1,1,1,1,3.0
201600044902,0016-07-07 17:20:00,16,7,7,17,20,940,69,A4,48.8174,2.42782,Plein jour,Hors agglomération,Hors intersection,Normale,Deux véhicules - côté,,,,,,,,,,,1,1,1,1,3.0
201600044903,0016-07-08 16:40:00,16,7,8,16,40,940,22,A86 EXT,48.7762,2.42427,Plein jour,Hors agglomération,Hors intersection,Normale,Deux véhicules - arrière,,,,,,,,,,,1,1,1,1,2.0
201600044904,0016-07-08 17:20:00,16,7,8,17,20,770,121,A4,,,Plein jour,Hors agglomération,Hors intersection,Normale,Trois véhicules et plus - en chaîne,,,,,,,,,,,1,1,1,1,4.0
201600044905,0016-07-09 03:15:00,16,7,9,3,15,940,28,RN406.W,48.7705,2.44829,Nuit sans éclairage public,Hors agglomération,Hors intersection,Normale,Deux véhicules - arrière,,,,,,,,,,,3,1,1,1,2.0
201600044906,0016-07-09 06:40:00,16,7,9,6,40,940,28,A86 EXT,48.7888,2.44048,Crépuscule ou aube,Hors agglomération,Hors intersection,Normale,Deux véhicules - côté,,,,,,,,,,,2,1,1,1,3.0
201600044907,0016-07-10 20:15:00,16,7,10,20,15,770,294,A104,,,Plein jour,Hors agglomération,Hors intersection,Normale,Deux véhicules - arrière,,,,,,,,,,,1,1,1,1,2.0
201600044908,0016-07-11 10:00:00,16,7,11,10,0,770,373,RN104,,,Plein jour,Hors agglomération,Hors intersection,Normale,Deux véhicules - frontale,,,,,,,,,,,1,1,1,1,1.0
201600044909,0016-07-11 10:45:00,16,7,11,10,45,940,44,RN406.W,48.762,2.4675,Plein jour,Hors agglomération,Hors intersection,Normale,Autre collision,,,,,,,,,,,1,1,1,1,6.0
201600044910,0016-07-11 13:30:00,16,7,11,13,30,940,46,A86 EXT,48.8043,2.44868,Plein jour,Hors agglomération,Hors intersection,Normale,Deux véhicules - côté,,,,,,,,,,,1,1,1,1,3.0
201600044911,0016-07-12 16:05:00,16,7,12,16,5,940,69,A4,48.8174,2.43207,Plein jour,Hors agglomération,Hors intersection,Normale,Deux véhicules - arrière,,,,,,,,,,,1,1,1,1,2.0
201600044912,0016-07-13 02:50:00,16,7,13,2,50,940,42,A4,48.8286,2.47648,Nuit avec éclairage allumé,Hors agglomération,Hors intersection,Normale,Autre collision,,,,,,,,,,,5,1,1,1,6.0
201600044913,0016-07-13 10:00:00,16,7,13,10,0,940,18,A4,48.8185,2.40986,Plein jour,Hors agglomération,Hors intersection,Normale,Deux véhicules - arrière,,,,,,,,,,,1,1,1,1,2.0
201600044914,0016-07-13 18:30:00,16,7,13,18,30,940,69,A4,48.8172,2.44334,Plein jour,Hors agglomération,Hors intersection,Normale,Deux véhicules - côté,,,,,,,,,,,1,1,1,1,3.0
201600044915,0016-07-15 07:20:00,16,7,15,7,20,770,146,A4.Y PARIS-PROVINCE,,,Plein jour,Hors agglomération,Hors intersection,Normale,Trois véhicules et plus - en chaîne,,,,,,,,,,,1,1,1,1,4.0
201600044916,0016-07-15 23:00:00,16,7,15,23,0,770,121,BRET. A104 VERS A4 EST,,,Nuit sans éclairage public,Hors agglomération,Hors intersection,Normale,Autre collision,,,,,,,,,,,3,1,1,1,6.0
201600044917,0016-07-16 22:45:00,16,7,16,22,45,940,69,A4,48.8166,2.44877,Nuit avec éclairage allumé,Hors agglomération,Hors intersection,Normale,Deux véhicules - arrière,,,,,,,,,,,5,1,1,1,2.0
201600044918,0016-07-18 18:40:00,16,7,18,18,40,940,46,A86 EXT,48.8081,2.44896,Plein jour,Hors agglomération,Hors intersection,Normale,Deux véhicules - côté,,,,,,,,,,,1,1,1,1,3.0
201600044919,0016-07-19 08:50:00,16,7,19,8,50,770,58,A4,,,Plein jour,Hors agglomération,Hors intersection,Normale,Deux véhicules - arrière,,,,,,,,,,,1,1,1,1,2.0
201600044920,0016-07-19 08:40:00,16,7,19,8,40,940,17,A4,48.827,2.51136,Plein jour,Hors agglomération,Hors intersection,Normale,Deux véhicules - arrière,,,,,,,,,,,1,1,1,1,2.0
201600044921,0016-07-20 23:30:00,16,7,20,23,30,940,42,A4,48.8276,2.47043,Nuit avec éclairage allumé,Hors agglomération,Hors intersection,Normale,Trois véhicules et plus - en chaîne,,,,,,,,,,,5,1,1,1,4.0
201600044922,0016-07-21 04:30:00,16,7,21,4,30,940,33,A86.EXT,48.8599,2.4858,Nuit avec éclairage allumé,Hors agglomération,Hors intersection,Normale,Deux véhicules - côté,,,,,,,,,,,5,1,1,1,3.0
201600044923,0016-07-21 07:45:00,16,7,21,7,45,930,51,A4,48.83489,2.58002,Plein jour,Hors agglomération,Hors intersection,Normale,Autre collision,,,,,,,,,,,1,1,1,1,6.0
201600044924,0016-07-21 08:45:00,16,7,21,8,45,770,294,A104,,,Plein jour,Hors agglomération,Hors intersection,Normale,Deux véhicules - côté,,,,,,,,,,,1,1,1,1,3.0
201600044925,0016-07-21 12:15:00,16,7,21,12,15,770,363,A104.EXT,,,Plein jour,Hors agglomération,Hors intersection,Normale,Deux véhicules - côté,,,,,,,,,,,1,1,1,1,3.0
201600044926,0016-07-22 00:35:00,16,7,22,0,35,940,69,A4,48.8176,2.4214,Nuit avec éclairage allumé,Hors agglomération,Hors intersection,Normale,Deux véhicules - arrière,,,,,,,,,,,5,1,1,1,2.0
201600044927,0016-07-24 05:30:00,16,7,24,5,30,770,146,A4.Y PARIS-PROVINCE,,,Nuit sans éclairage public,Hors agglomération,Hors intersection,Normale,Trois véhicules et plus - en chaîne,,,,,,,,,,,3,1,1,1,4.0
201600044928,0016-07-24 06:30:00,16,7,24,6,30,770,373,RN104,,,Crépuscule ou aube,Hors agglomération,Hors intersection,Normale,Autre collision,,,,,,,,,,,2,1,1,1,6.0
201600044929,0016-07-25 09:15:00,16,7,25,9,15,770,294,A104,,,Plein jour,Hors agglomération,Hors intersection,Normale,Trois véhicules et plus - en chaîne,,,,,,,,,,,1,1,1,1,4.0
201600044930,0016-07-25 12:40:00,16,7,25,12,40,770,169,RN104,,,Plein jour,Hors agglomération,Hors intersection,Normale,Deux véhicules - frontale,,,,,,,,,,,1,1,1,1,1.0
201600044931,0016-07-25 14:40:00,16,7,25,14,40,940,73,A86 EXT,48.7702,2.383,Plein jour,Hors agglomération,Hors intersection,Normale,Trois véhicules et plus - collisions multiples,,,,,,,,,,,1,1,1,1,5.0
201600044932,0016-07-26 07:00:00,16,7,26,7,0,940,15,A4,48.8319,2.53179,Plein jour,Hors agglomération,Hors intersection,Normale,Deux véhicules - arrière,,,,,,,,,,,1,1,1,1,2.0
201600044933,0016-07-27 07:55:00,16,7,27,7,55,940,15,A4,48.8319,2.5318,Plein jour,Hors agglomération,Hors intersection,Normale,Deux véhicules - arrière,,,,,,,,,,,1,1,1,1,2.0
201600044934,0016-07-27 09:48:00,16,7,27,9,48,940,73,A86 EXT,48.7536,2.37258,Plein jour,Hors agglomération,Hors intersection,Normale,Trois véhicules et plus - collisions multiples,,,,,,,,,,,1,1,1,1,5.0
201600044935,0016-07-28 08:57:00,16,7,28,8,57,770,373,RN104,,,Plein jour,Hors agglomération,Hors intersection,Normale,Deux véhicules - arrière,,,,,,,,,,,1,1,1,1,2.0
201600044936,0016-07-28 10:00:00,16,7,28,10,0,940,22,A86 INT,48.7767,2.41754,Plein jour,Hors agglomération,Hors intersection,Normale,Deux véhicules - côté,,,,,,,,,,,1,1,1,1,3.0
201600044937,0016-07-28 17:45:00,16,7,28,17,45,940,73,A86 EXT,48.7534,2.37792,Plein jour,Hors agglomération,Hors intersection,Normale,Trois véhicules et plus - collisions multiples,,,,,,,,,,,1,1,1,1,5.0
201600044938,0016-07-29 13:00:00,16,7,29,13,0,940,11,RN406.Y,48.7633,2.49562,Plein jour,Hors agglomération,Hors intersection,Normale,Trois véhicules et plus - collisions multiples,,,,,,,,,,,1,1,1,1,5.0
201600044939,0016-07-29 20:30:00,16,7,29,20,30,940,17,A4,48.8273,2.50832,Plein jour,Hors agglomération,Hors intersection,Normale,Deux véhicules - côté,,,,,,,,,,,1,1,1,1,3.0
201600044940,0016-07-30 18:20:00,16,7,30,18,20,770,249,RN104,,,Plein jour,Hors agglomération,Hors intersection,Normale,Autre collision,,,,,,,,,,,1,1,1,1,6.0
201600044941,0016-07-31 07:15:00,16,7,31,7,15,770,18,A4,,,Plein jour,Hors agglomération,Hors intersection,Normale,Sans collision,,,,,,,,,,,1,1,1,1,7.0
201600044942,0016-07-31 08:00:00,16,7,31,8,0,770,337,A4,,,Plein jour,Hors agglomération,Hors intersection,Normale,Autre collision,,,,,,,,,,,1,1,1,1,6.0
201600044943,0016-07-31 20:30:00,16,7,31,20,30,940,33,A86.EXT,48.8532,2.48994,Plein jour,Hors agglomération,Hors intersection,Normale,Trois véhicules et plus - collisions multiples,,,,,,,,,,,1,1,1,1,5.0
201600044944,0016-08-01 21:20:00,16,8,1,21,20,930,51,A4,48.83571,2.56523,Plein jour,Hors agglomération,Hors intersection,Normale,Sans collision,,,,,,,,,,,1,1,1,1,7.0
201600044945,0016-08-02 11:15:00,16,8,2,11,15,940,42,A4,48.8266,2.46628,Plein jour,Hors agglomération,Hors intersection,Normale,Sans collision,,,,,,,,,,,1,1,1,1,7.0
201600044946,0016-08-02 18:50:00,16,8,2,18,50,930,51,A4,48.83563,2.53985,Crépuscule ou aube,Hors agglomération,Hors intersection,Normale,Autre collision,,,,,,,,,,,2,1,1,1,6.0
201600044947,0016-08-02 21:15:00,16,8,2,21,15,750,112,A4,,,Nuit avec éclairage allumé,Hors agglomération,Hors intersection,Normale,Sans collision,,,,,,,,,,,5,1,1,1,7.0
201600044948,0016-08-04 19:40:00,16,8,4,19,40,940,28,A86 EXT,48.7778,2.44031,Plein jour,Hors agglomération,Hors intersection,Normale,Sans collision,,,,,,,,,,,1,1,1,1,7.0
201600044949,0016-08-05 05:45:00,16,8,5,5,45,940,28,A86 INT,48.7862,2.43998,Crépuscule ou aube,Hors agglomération,Hors intersection,Normale,Deux véhicules - arrière,,,,,,,,,,,2,1,1,1,2.0
201600044950,0016-08-05 13:00:00,16,8,5,13,0,940,46,A86 INT,48.804,2.44826,Plein jour,Hors agglomération,Hors intersection,Normale,Deux véhicules - côté,,,,,,,,,,,1,1,1,1,3.0
201600044951,0016-08-06 07:30:00,16,8,6,7,30,940,17,A4,48.8282,2.50293,Plein jour,Hors agglomération,Hors intersection,Normale,Trois véhicules et plus - collisions multiples,,,,,,,,,,,1,1,1,1,5.0
201600044952,0016-08-08 09:40:00,16,8,8,9,40,930,51,A4,48.83611,2.54107,Plein jour,Hors agglomération,Hors intersection,Normale,Sans collision,,,,,,,,,,,1,1,1,1,7.0
201600044953,0016-08-09 07:00:00,16,8,9,7,0,770,258,A4.W (PROVINCE-PARIS),,,Plein jour,Hors agglomération,Hors intersection,Normale,Trois véhicules et plus - collisions multiples,,,,,,,,,,,1,1,1,1,5.0
201600044954,0016-08-09 11:30:00,16,8,9,11,30,930,51,A4,48.87916,2.47633,Plein jour,Hors agglomération,Hors intersection,Normale,Trois véhicules et plus - collisions multiples,,,,,,,,,,,1,1,1,1,5.0
201600044955,0016-08-09 11:45:00,16,8,9,11,45,770,249,RN104,,,Plein jour,Hors agglomération,Hors intersection,Normale,Deux véhicules - arrière,,,,,,,,,,,1,1,1,1,2.0
201600044956,0016-08-10 18:00:00,16,8,10,18,0,940,58,A86.EXT,48.8451,2.49283,Plein jour,Hors agglomération,Hors intersection,Normale,Deux véhicules - côté,,,,,,,,,,,1,1,1,1,3.0
201600044957,0016-08-11 00:20:00,16,8,11,0,20,940,73,A86 EXT,48.7649,2.37989,Nuit avec éclairage allumé,Hors agglomération,Hors intersection,Normale,Deux véhicules - arrière,,,,,,,,,,,5,1,1,1,2.0
201600044958,0016-08-11 07:00:00,16,8,11,7,0,770,237,A4,,,Crépuscule ou aube,Hors agglomération,Hors intersection,Normale,Autre collision,,,,,,,,,,,2,1,1,1,6.0
201600044959,0016-08-12 02:00:00,16,8,12,2,0,940,33,A86.INT,48.8607,2.48461,Nuit avec éclairage allumé,Hors agglomération,Hors intersection,Normale,Deux véhicules - arrière,,,,,,,,,,,5,1,1,1,2.0
201600044960,0016-08-14 16:55:00,16,8,14,16,55,770,169,RN104,,,Plein jour,Hors agglomération,Hors intersection,Normale,Deux véhicules - côté,,,,,,,,,,,1,1,1,1,3.0
201600044961,0016-08-16 15:20:00,16,8,16,15,20,940,58,A86.EXT,48.8459,2.49257,Plein jour,Hors agglomération,Hors intersection,Normale,Trois véhicules et plus - collisions multiples,,,,,,,,,,,1,1,1,1,5.0
201600044962,0016-08-17 00:10:00,16,8,17,0,10,940,28,A86 EXT,48.7888,2.44048,Nuit avec éclairage non allumé,Hors agglomération,Hors intersection,Normale,Deux véhicules - arrière,,,,,,,,,,,4,1,1,1,2.0
201600044963,0016-08-17 02:00:00,16,8,17,2,0,940,18,A4,48.8176,2.41364,Nuit avec éclairage allumé,Hors agglomération,Hors intersection,Normale,Deux véhicules - arrière,,,,,,,,,,,5,1,1,1,2.0
201600044964,0016-08-21 11:55:00,16,8,21,11,55,940,65,A86 EXT,48.7549,2.34579,Plein jour,Hors agglomération,Hors intersection,Normale,Deux véhicules - arrière,,,,,,,,,,,1,1,1,1,2.0
201600044965,0016-08-21 12:50:00,16,8,21,12,50,770,175,A5b,48.6485,2.6212,Plein jour,Hors agglomération,Hors intersection,Normale,Autre collision,,,,,,,,,,,1,1,1,1,6.0
201600044966,0016-08-21 18:30:00,16,8,21,18,30,940,42,A4,48.8273,2.4691,Plein jour,Hors agglomération,Hors intersection,Normale,Deux véhicules - arrière,,,,,,,,,,,1,1,1,1,2.0
201600044967,0016-08-22 14:00:00,16,8,22,14,0,770,175,A5b,,,Plein jour,Hors agglomération,Hors intersection,Normale,Autre collision,,,,,,,,,,,1,1,1,1,6.0
201600044968,0016-08-23 19:50:00,16,8,23,19,50,770,294,A104,,,Plein jour,Hors agglomération,Hors intersection,Normale,Deux véhicules - arrière,,,,,,,,,,,1,1,1,1,2.0
201600044969,0016-08-24 12:45:00,16,8,24,12,45,770,249,RN104,,,Plein jour,Hors agglomération,Hors intersection,Normale,Autre collision,,,,,,,,,,,1,1,1,1,6.0
201600044970,0016-08-24 16:04:00,16,8,24,16,4,940,69,A4,48.8173,2.42929,Plein jour,Hors agglomération,Hors intersection,Normale,Trois véhicules et plus - en chaîne,,,,,,,,,,,1,1,1,1,4.0
201600044971,0016-08-24 17:30:00,16,8,24,17,30,770,121,A104,,,Plein jour,Hors agglomération,Hors intersection,Normale,Autre collision,,,,,,,,,,,1,1,1,1,6.0
201600044972,0016-08-24 19:40:00,16,8,24,19,40,940,42,A4,48.8284,2.4758,Plein jour,Hors agglomération,Hors intersection,Normale,Deux véhicules - arrière,,,,,,,,,,,1,1,1,1,2.0
201600044973,0016-08-25 09:05:00,16,8,25,9,5,940,69,A4,48.8174,2.4293,Plein jour,Hors agglomération,Hors intersection,Normale,Trois véhicules et plus - collisions multiples,,,,,,,,,,,1,1,1,1,5.0
201600044974,0016-08-25 15:00:00,16,8,25,15,0,940,46,A86 EXT,48.8072,2.44891,Plein jour,Hors agglomération,Hors intersection,Normale,Deux véhicules - frontale,,,,,,,,,,,1,1,1,1,1.0
201600044975,0016-08-25 15:20:00,16,8,25,15,20,940,18,A4,48.8187,2.40833,Plein jour,Hors agglomération,Hors intersection,Normale,Trois véhicules et plus - en chaîne,,,,,,,,,,,1,1,1,1,4.0
201600044976,0016-08-26 14:30:00,16,8,26,14,30,770,373,RN104,,,Plein jour,Hors agglomération,Hors intersection,Normale,Trois véhicules et plus - en chaîne,,,,,,,,,,,1,1,1,1,4.0
201600044977,0016-08-26 18:30:00,16,8,26,18,30,770,146,A4.Y PARIS-PROVINCE,,,Plein jour,Hors agglomération,Hors intersection,Normale,Deux véhicules - côté,,,,,,,,,,,1,1,1,1,3.0
201600044978,0016-08-27 14:50:00,16,8,27,14,50,750,112,A4,,,Plein jour,Hors agglomération,Hors intersection,Normale,Trois véhicules et plus - en chaîne,,,,,,,,,,,1,1,1,1,4.0
201600044979,0016-08-28 14:50:00,16,8,28,14,50,770,122,RN104,,,Plein jour,Hors agglomération,Hors intersection,Normale,Autre collision,,,,,,,,,,,1,1,1,1,6.0
201600044980,0016-08-29 11:30:00,16,8,29,11,30,770,373,RN104,,,Plein jour,Hors agglomération,Hors intersection,Pluie légère,Deux véhicules - arrière,,,,,,,,,,,1,1,1,2,2.0
201600044981,0016-08-30 01:20:00,16,8,30,1,20,770,468,A104,,,Nuit sans éclairage public,Hors agglomération,Hors intersection,Normale,Autre collision,,,,,,,,,,,3,1,1,1,6.0
201600044982,0016-08-30 08:00:00,16,8,30,8,0,940,17,A4,48.8271,2.52486,Plein jour,Hors agglomération,Hors intersection,Normale,Deux véhicules - côté,,,,,,,,,,,1,1,1,1,3.0
201600044983,0016-08-30 16:30:00,16,8,30,16,30,770,146,A4.Y PARIS-PROVINCE,,,Plein jour,Hors agglomération,Hors intersection,Normale,Autre collision,,,,,,,,,,,1,1,1,1,6.0
201600044984,0016-08-30 16:50:00,16,8,30,16,50,940,69,A4,48.8174,2.43625,Plein jour,Hors agglomération,Hors intersection,Normale,Sans collision,,,,,,,,,,,1,1,1,1,7.0
201600044985,0016-08-30 18:25:00,16,8,30,18,25,770,59,A104,,,Plein jour,Hors agglomération,Hors intersection,Normale,Deux véhicules - arrière,,,,,,,,,,,1,1,1,1,2.0
201600044986,0016-08-30 19:00:00,16,8,30,19,0,770,294,A104,,,Plein jour,Hors agglomération,Hors intersection,Normale,Deux véhicules - côté,,,,,,,,,,,1,1,1,1,3.0
201600044987,0016-08-31 09:00:00,16,8,31,9,0,940,2,A86 INT,48.7765,2.42157,Plein jour,Hors agglomération,Hors intersection,Normale,Sans collision,,,,,,,,,,,1,1,1,1,7.0
201600044988,0016-08-31 11:45:00,16,8,31,11,45,940,58,A86 INT,48.8445,2.49229,Plein jour,Hors agglomération,Hors intersection,Normale,Trois véhicules et plus - en chaîne,,,,,,,,,,,1,1,1,1,4.0
201600044989,0016-08-31 19:05:00,16,8,31,19,5,940,69,A4,48.8174,2.43207,Plein jour,Hors agglomération,Hors intersection,Normale,Deux véhicules - arrière,,,,,,,,,,,1,1,1,1,2.0
201600044990,0016-09-01 09:06:00,16,9,1,9,6,770,363,A104,,,Plein jour,Hors agglomération,Hors intersection,Normale,Deux véhicules - côté,,,,,,,,,,,1,1,1,1,3.0
201600044991,0016-09-01 15:00:00,16,9,1,15,0,940,28,A86 EXT,48.776,2.42889,Plein jour,Hors agglomération,Hors intersection,Normale,Trois véhicules et plus - en chaîne,,,,,,,,,,,1,1,1,1,4.0
201600044992,0016-09-01 16:50:00,16,9,1,16,50,940,46,A86 INT,48.804,2.44826,Plein jour,Hors agglomération,Hors intersection,Normale,Trois véhicules et plus - collisions multiples,,,,,,,,,,,1,1,1,1,5.0
201600044993,0016-09-02 09:10:00,16,9,2,9,10,750,112,A4,,,Plein jour,Hors agglomération,Hors intersection,Normale,Sans collision,,,,,,,,,,,1,1,1,1,7.0
201600044994,0016-09-02 15:30:00,16,9,2,15,30,940,73,A86 INT,48.7597,2.38333,Plein jour,Hors agglomération,Hors intersection,Normale,Deux véhicules - arrière,,,,,,,,,,,1,1,1,1,2.0
201600044995,0016-09-04 00:15:00,16,9,4,0,15,940,69,A4,48.8174,2.43487,Nuit avec éclairage allumé,Hors agglomération,Hors intersection,Normale,Deux véhicules - arrière,,,,,,,,,,,5,1,1,1,2.0
201600044996,0016-09-04 05:15:00,16,9,4,5,15,940,69,A4,48.8174,2.43207,Nuit sans éclairage public,Hors agglomération,Hors intersection,Pluie légère,Deux véhicules - arrière,,,,,,,,,,,3,1,1,2,2.0
201600044997,0016-09-04 05:15:00,16,9,4,5,15,770,372,A104,,,Nuit sans éclairage public,Hors agglomération,Hors intersection,Normale,Autre collision,,,,,,,,,,,3,1,1,1,6.0