accident_id,datetime,annee,mois,jour,heure,minute,departement,commune_insee,adresse,latitude,longitude,luminosite,agglomeration,intersection,meteo,collision,nb_vehicules,nb_usagers,nb_indemnes,nb_tues,nb_blesses_hosp,nb_blesses_legers,age_cond_1,age_cond_2,veh_type_cond_1,veh_type_cond_2,lum_code,agg_code,int_code,atm_code,col_code
201600045127,0016-11-01 19:30:00,16,11,1,19,30,770,450,RN104,,,Nuit sans éclairage public,Hors agglomération,Hors intersection,Brouillard / fumée,Deux véhicules - arrière,,,,,,,,,,,3,1,1,5,2.0
201600045128,0016-11-02 07:55:00,16,11,2,7,55,940,2,A86 INT,48.7762,2.42902,Plein jour,Hors agglomération,Hors intersection,Normale,Trois véhicules et plus - en chaîne,,,,,,,,,,,1,1,1,1,4.0
201600045129,0016-11-02 16:00:00,16,11,2,16,0,770,514,A104,,,Plein jour,Hors agglomération,Hors intersection,Normale,Deux véhicules - arrière,,,,,,,,,,,1,1,1,1,2.0
201600045130,0016-11-02 18:30:00,16,11,2,18,30,940,22,A86 EXT,48.7766,2.4175,Plein jour,Hors agglomération,Hors intersection,Normale,Trois véhicules et plus - en chaîne,,,,,,,,,,,1,1,1,1,4.0
201600045131,0016-11-03 07:30:00,16,11,3,7,30,940,46,A86 EXT,48.8044,2.4487,Crépuscule ou aube,Hors agglomération,Hors intersection,Normale,Deux véhicules - arrière,,,,,,,,,,,2,1,1,1,2.0
201600045132,0016-11-03 09:30:00,16,11,3,9,30,940,33,A86.EXT,48.8605,2.48501,Plein jour,Hors agglomération,Hors intersection,Normale,Trois véhicules et plus - en chaîne,,,,,,,,,,,1,1,1,1,4.0
201600045133,0016-11-03 19:45:00,16,11,3,19,45,940,18,A4,48.82,2.40311,Nuit avec éclairage allumé,Hors agglomération,Hors intersection,Normale,Trois véhicules et plus - collisions multiples,,,,,,,,,,,5,1,1,1,5.0
201600045134,0016-11-04 06:30:00,16,11,4,6,30,770,294,A104,,,Plein jour,Hors agglomération,Hors intersection,Normale,Autre collision,,,,,,,,,,,1,1,1,1,6.0
201600045135,0016-11-04 08:45:00,16,11,4,8,45,770,181,A4,,,Plein jour,Hors agglomération,Hors intersection,Normale,Deux véhicules - côté,,,,,,,,,,,1,1,1,1,3.0
201600045136,0016-11-04 08:50:00,16,11,4,8,50,940,73,A86 INT,48.772,2.39484,Plein jour,Hors agglomération,Hors intersection,Normale,Deux véhicules - côté,,,,,,,,,,,1,1,1,1,3.0
201600045137,0016-11-04 17:00:00,16,11,4,17,0,770,337,A4,,,Crépuscule ou aube,Hors agglomération,Hors intersection,Pluie légère,Deux véhicules - côté,,,,,,,,,,,2,1,1,2,3.0
201600045138,0016-11-04 19:30:00,16,11,4,19,30,770,122,A5b,,,Nuit sans éclairage public,Hors agglomération,Hors intersection,Pluie légère,Trois véhicules et plus - en chaîne,,,,,,,,,,,3,1,1,2,4.0
201600045139,0016-11-04 22:00:00,16,11,4,22,0,770,337,A4,,,Nuit sans éclairage public,Hors agglomération,Hors intersection,Pluie forte,Autre collision,,,,,,,,,,,3,1,1,3,6.0
201600045140,0016-11-04 22:30:00,16,11,4,22,30,750,112,A4,,,Nuit avec éclairage allumé,Hors agglomération,Hors intersection,Pluie légère,Autre collision,,,,,,,,,,,5,1,1,2,6.0
201600045141,0016-11-05 09:40:00,16,11,5,9,40,770,337,A4,,,Plein jour,Hors agglomération,Hors intersection,Pluie légère,Trois véhicules et plus - collisions multiples,,,,,,,,,,,1,1,1,2,5.0
201600045142,0016-11-05 12:00:00,16,11,5,12,0,770,373,RN104,,,Plein jour,Hors agglomération,Hors intersection,Normale,Deux véhicules - côté,,,,,,,,,,,1,1,1,1,3.0
201600045143,0016-11-05 15:40:00,16,11,5,15,40,770,294,A104,,,Plein jour,Hors agglomération,Hors intersection,Normale,Autre collision,,,,,,,,,,,1,1,1,1,6.0
201600045144,0016-11-07 08:30:00,16,11,7,8,30,940,69,A4,48.8165,2.45138,Plein jour,Hors agglomération,Hors intersection,Pluie forte,Deux véhicules - arrière,,,,,,,,,,,1,1,1,3,2.0
201600045145,0016-11-07 08:25:00,16,11,7,8,25,940,73,A86 EXT,48.7712,2.3909,Plein jour,Hors agglomération,Hors intersection,Pluie forte,Trois véhicules et plus - collisions multiples,,,,,,,,,,,1,1,1,3,5.0
201600045146,0016-11-08 14:15:00,16,11,8,14,15,940,28,A86 EXT,48.7783,2.44083,Plein jour,Hors agglomération,Hors intersection,Normale,Trois véhicules et plus - collisions multiples,,,,,,,,,,,1,1,1,1,5.0
201600045147,0016-11-09 09:30:00,16,11,9,9,30,940,17,A4,48.8305,2.4911,Plein jour,Hors agglomération,Hors intersection,Pluie forte,Deux véhicules - arrière,,,,,,,,,,,1,1,1,3,2.0
201600045148,0016-11-09 09:40:00,16,11,9,9,40,940,33,A86.EXT,48.8546,2.48948,Plein jour,Hors agglomération,Hors intersection,Pluie forte,Deux véhicules - côté,,,,,,,,,,,1,1,1,3,3.0
201600045149,0016-11-09 10:15:00,16,11,9,10,15,940,42,A4,48.8286,2.47634,Plein jour,Hors agglomération,Hors intersection,Pluie légère,Sans collision,,,,,,,,,,,1,1,1,2,7.0
201600045150,0016-11-09 14:50:00,16,11,9,14,50,940,28,A86 EXT,48.8004,2.44678,Plein jour,Hors agglomération,Hors intersection,Normale,Deux véhicules - arrière,,,,,,,,,,,1,1,1,1,2.0
201600045151,0016-11-09 15:30:00,16,11,9,15,30,770,121,A4,,,Plein jour,Hors agglomération,Hors intersection,Pluie légère,Deux véhicules - frontale,,,,,,,,,,,1,1,1,2,1.0
201600045152,0016-11-09 15:10:00,16,11,9,15,10,940,22,A86 EXT,48.7762,2.41491,Plein jour,Hors agglomération,Hors intersection,Normale,Trois véhicules et plus - collisions multiples,,,,,,,,,,,1,1,1,1,5.0
201600045153,0016-11-10 01:50:00,16,11,10,1,50,770,258,A4.Y PARIS-PROVINCE,,,Nuit sans éclairage public,Hors agglomération,Hors intersection,Pluie légère,Deux véhicules - arrière,,,,,,,,,,,3,1,1,2,2.0
201600045154,0016-11-10 05:50:00,16,11,10,5,50,940,28,A86 EXT,48.7835,2.44074,Nuit avec éclairage allumé,Hors agglomération,Hors intersection,Normale,Deux véhicules - côté,,,,,,,,,,,5,1,1,1,3.0
201600045155,0016-11-10 13:25:00,16,11,10,13,25,940,22,A86 EXT,48.7732,2.40028,Plein jour,Hors agglomération,Hors intersection,Normale,Deux véhicules - côté,,,,,,,,,,,1,1,1,1,3.0
201600045156,0016-11-11 01:10:00,16,11,11,1,10,750,112,A4,,,Nuit avec éclairage allumé,Hors agglomération,Hors intersection,Pluie légère,Sans collision,,,,,,,,,,,5,1,1,2,7.0
201600045157,0016-11-11 01:40:00,16,11,11,1,40,940,69,A4,48.8176,2.43629,Nuit avec éclairage allumé,Hors agglomération,Hors intersection,Pluie légère,Deux véhicules - côté,,,,,,,,,,,5,1,1,2,3.0
201600045158,0016-11-11 17:10:00,16,11,11,17,10,770,514,A104,,,Plein jour,Hors agglomération,Hors intersection,Normale,Sans collision,,,,,,,,,,,1,1,1,1,7.0
201600045159,0016-11-11 23:00:00,16,11,11,23,0,940,22,A86 EXT,48.7734,2.4091,Nuit avec éclairage non allumé,Hors agglomération,Hors intersection,Normale,Deux véhicules - arrière,,,,,,,,,,,4,1,1,1,2.0
201600045160,0016-11-12 05:35:00,16,11,12,5,35,940,28,A86 INT,48.7953,2.44235,Nuit sans éclairage public,Hors agglomération,Hors intersection,Normale,Trois véhicules et plus - collisions multiples,,,,,,,,,,,3,1,1,1,5.0
201600045161,0016-11-12 21:00:00,16,11,12,21,0,940,73,A86 INT,48.7682,2.37873,Nuit avec éclairage allumé,Hors agglomération,Hors intersection,Pluie légère,Autre collision,,,,,,,,,,,5,1,1,2,6.0
201600045162,0016-11-13 22:15:00,16,11,13,22,15,940,17,A4,48.8265,2.52227,Nuit avec éclairage allumé,Hors agglomération,Hors intersection,Normale,Deux véhicules - arrière,,,,,,,,,,,5,1,1,1,2.0
201600045163,0016-11-14 09:00:00,16,11,14,9,0,940,17,A4,48.8272,2.52449,Plein jour,Hors agglomération,Hors intersection,Normale,Deux véhicules - côté,,,,,,,,,,,1,1,1,1,3.0
201600045164,0016-11-14 07:45:00,16,11,14,7,45,770,294,A104,,,Plein jour,Hors agglomération,Hors intersection,Normale,Deux véhicules - arrière,,,,,,,,,,,1,1,1,1,2.0
201600045165,0016-11-15 09:15:00,16,11,15,9,15,940,17,A4,48.8303,2.49529,Plein jour,Hors agglomération,Hors intersection,Normale,Deux véhicules - arrière,,,,,,,,,,,1,1,1,1,2.0
201600045166,0016-11-15 18:30:00,16,11,15,18,30,770,59,A104,,,Plein jour,Hors agglomération,Hors intersection,Normale,Trois véhicules et plus - en chaîne,,,,,,,,,,,1,1,1,1,4.0
201600045167,0016-11-15 19:50:00,16,11,15,19,50,770,337,A4,,,Nuit sans éclairage public,Hors agglomération,Hors intersection,Normale,Deux véhicules - côté,,,,,,,,,,,3,1,1,1,3.0
201600045168,0016-11-16 08:30:00,16,11,16,8,30,930,51,A4,,,Plein jour,Hors agglomération,Hors intersection,Pluie légère,Autre collision,,,,,,,,,,,1,1,1,2,6.0
201600045169,0016-11-16 09:15:00,16,11,16,9,15,940,73,A86 EXT,48.7707,2.38642,Plein jour,Hors agglomération,Hors intersection,Normale,Trois véhicules et plus - collisions multiples,,,,,,,,,,,1,1,1,1,5.0
201600045170,0016-11-17 17:45:00,16,11,17,17,45,940,17,A4,48.8305,2.4911,Crépuscule ou aube,Hors agglomération,Hors intersection,Normale,Deux véhicules - arrière,,,,,,,,,,,2,1,1,1,2.0
201600045171,0016-11-18 08:20:00,16,11,18,8,20,940,33,A86.EXT,48.8512,2.49066,Plein jour,Hors agglomération,Hors intersection,Normale,Deux véhicules - côté,,,,,,,,,,,1,1,1,1,3.0
201600045172,0016-11-18 18:55:00,16,11,18,18,55,770,146,A4.Y PARIS-PROVINCE,,,Crépuscule ou aube,Hors agglomération,Hors intersection,Normale,Deux véhicules - arrière,,,,,,,,,,,2,1,1,1,2.0
201600045173,0016-11-18 18:59:00,16,11,18,18,59,940,65,A86 INT,48.7537,2.36435,Crépuscule ou aube,Hors agglomération,Hors intersection,Normale,Deux véhicules - côté,,,,,,,,,,,2,1,1,1,3.0
201600045174,0016-11-20 19:40:00,16,11,20,19,40,940,42,A4,48.8286,2.4761,Nuit avec éclairage allumé,Hors agglomération,Hors intersection,Normale,Autre collision,,,,,,,,,,,5,1,1,1,6.0
201600045175,0016-11-21 09:00:00,16,11,21,9,0,940,46,A86 EXT,48.8051,2.44881,Plein jour,Hors agglomération,Hors intersection,Pluie légère,Trois véhicules et plus - collisions multiples,,,,,,,,,,,1,1,1,2,5.0
201600045176,0016-11-21 10:15:00,16,11,21,10,15,940,46,A86 EXT,48.8039,2.4486,Plein jour,Hors agglomération,Hors intersection,Pluie légère,Deux véhicules - arrière,,,,,,,,,,,1,1,1,2,2.0
201600045177,0016-11-21 12:40:00,16,11,21,12,40,770,438,A104,,,Plein jour,Hors agglomération,Hors intersection,Normale,Sans collision,,,,,,,,,,,1,1,1,1,7.0
201600045178,0016-11-21 15:15:00,16,11,21,15,15,770,294,A104,,,Plein jour,Hors agglomération,Hors intersection,Normale,Trois véhicules et plus - en chaîne,,,,,,,,,,,1,1,1,1,4.0
201600045179,0016-11-22 17:50:00,16,11,22,17,50,770,450,RN104,,,Nuit sans éclairage public,Hors agglomération,Hors intersection,Normale,Trois véhicules et plus - en chaîne,,,,,,,,,,,3,1,1,1,4.0
201600045180,0016-11-23 08:40:00,16,11,23,8,40,770,83,A4.W (PROVINCE-PARIS),,,Plein jour,Hors agglomération,Hors intersection,Pluie légère,Trois véhicules et plus - en chaîne,,,,,,,,,,,1,1,1,2,4.0
201600045181,0016-11-23 09:25:00,16,11,23,9,25,940,69,A4,48.8167,2.44888,Plein jour,Hors agglomération,Hors intersection,Normale,Trois véhicules et plus - collisions multiples,,,,,,,,,,,1,1,1,1,5.0
201600045182,0016-11-23 09:00:00,16,11,23,9,0,940,17,A4,48.8273,2.52464,Plein jour,Hors agglomération,Hors intersection,Normale,Deux véhicules - côté,,,,,,,,,,,1,1,1,1,3.0
201600045183,0016-11-23 22:30:00,16,11,23,22,30,940,69,A4,48.8174,2.43824,Nuit avec éclairage allumé,Hors agglomération,Hors intersection,Normale,Deux véhicules - arrière,,,,,,,,,,,5,1,1,1,2.0
201600045184,0016-11-27 17:30:00,16,11,27,17,30,750,112,A4,,,Plein jour,Hors agglomération,Hors intersection,Normale,Trois véhicules et plus - collisions multiples,,,,,,,,,,,1,1,1,1,5.0
201600045185,0016-11-28 11:50:00,16,11,28,11,50,940,28,A86 EXT,48.7888,2.44048,Plein jour,Hors agglomération,Hors intersection,Normale,Deux véhicules - arrière,,,,,,,,,,,1,1,1,1,2.0
201600045186,0016-11-28 19:50:00,16,11,28,19,50,770,294,A104,,,Nuit avec éclairage allumé,Hors agglomération,Autre intersection,Normale,Trois véhicules et plus - en chaîne,,,,,,,,,,,5,1,9,1,4.0
201600045187,0016-11-28 20:30:00,16,11,28,20,30,770,251,RN104,,,Nuit sans éclairage public,Hors agglomération,Hors intersection,Normale,Sans collision,,,,,,,,,,,3,1,1,1,7.0
201600045188,0016-11-29 08:15:00,16,11,29,8,15,940,42,A4,48.8285,2.47565,Plein jour,Hors agglomération,Hors intersection,Normale,Trois véhicules et plus - en chaîne,,,,,,,,,,,1,1,1,1,4.0
201600045189,0016-11-29 12:15:00,16,11,29,12,15,770,372,A104,,,Plein jour,Hors agglomération,Hors intersection,Normale,Trois véhicules et plus - en chaîne,,,,,,,,,,,1,1,1,1,4.0
201600045190,0016-11-29 14:00:00,16,11,29,14,0,770,121,A4,,,Plein jour,Hors agglomération,Hors intersection,Normale,Trois véhicules et plus - en chaîne,,,,,,,,,,,1,1,1,1,4.0
201600045191,0016-11-29 18:15:00,16,11,29,18,15,940,44,RN406.Y,48.7585,2.47008,Nuit sans éclairage public,Hors agglomération,Hors intersection,Normale,Deux véhicules - côté,,,,,,,,,,,3,1,1,1,3.0
201600045192,0016-11-30 18:25:00,16,11,30,18,25,770,294,A104,,,Crépuscule ou aube,Hors agglomération,Hors intersection,Normale,Deux véhicules - frontale,,,,,,,,,,,2,1,1,1,1.0
201600045193,0016-11-30 20:00:00,16,11,30,20,0,770,373,RN104,,,Nuit sans éclairage public,Hors agglomération,Hors intersection,Normale,Deux véhicules - côté,,,,,,,,,,,3,1,1,1,3.0
201600045194,0016-11-30 21:15:00,16,11,30,21,15,940,69,A4,48.8174,2.42149,Nuit avec éclairage allumé,Hors agglomération,Hors intersection,Normale,Deux véhicules - arrière,,,,,,,,,,,5,1,1,1,2.0
201600045195,0016-12-01 08:40:00,16,12,1,8,40,770,146,A4.Y PARIS-PROVINCE,,,Plein jour,Hors agglomération,Hors intersection,Normale,Autre collision,,,,,,,,,,,1,1,1,1,6.0
201600045196,0016-12-01 18:10:00,16,12,1,18,10,770,372,A104,,,Plein jour,Hors agglomération,Hors intersection,Normale,Trois véhicules et plus - en chaîne,,,,,,,,,,,1,1,1,1,4.0
201600045197,0016-12-03 10:37:00,16,12,3,10,37,770,294,A104,,,Plein jour,Hors agglomération,Hors intersection,Normale,Sans collision,,,,,,,,,,,1,1,1,1,7.0
201600045198,0016-12-03 17:30:00,16,12,3,17,30,940,69,A4,48.8173,2.42929,Nuit avec éclairage allumé,Hors agglomération,Hors intersection,Normale,Trois véhicules et plus - en chaîne,,,,,,,,,,,5,1,1,1,4.0
201600045199,0016-12-05 15:29:00,16,12,5,15,29,770,169,RN104,48.8044,2.62778,Plein jour,Hors agglomération,Hors intersection,Normale,Trois véhicules et plus - en chaîne,,,,,,,,,,,1,1,1,1,4.0
201600045200,0016-12-05 15:20:00,16,12,5,15,20,940,58,A86.EXT,48.8452,2.49279,Plein jour,Hors agglomération,Hors intersection,Normale,Deux véhicules - côté,,,,,,,,,,,1,1,1,1,3.0
201600045201,0016-12-05 17:48:00,16,12,5,17,48,940,42,A4,48.8264,2.46628,Crépuscule ou aube,Hors agglomération,Hors intersection,Normale,Trois véhicules et plus - collisions multiples,,,,,,,,,,,2,1,1,1,5.0
201600045202,0016-12-05 22:00:00,16,12,5,22,0,770,53,RN104,,,Nuit sans éclairage public,Hors agglomération,Hors intersection,Normale,Deux véhicules - frontale,,,,,,,,,,,3,1,1,1,1.0
201600045203,0016-12-06 10:15:00,16,12,6,10,15,770,55,A104.INT,,,Plein jour,Hors agglomération,Hors intersection,Normale,Deux véhicules - arrière,,,,,,,,,,,1,1,1,1,2.0
201600045204,0016-12-06 11:15:00,16,12,6,11,15,770,517,A104.INT,,,Plein jour,Hors agglomération,Hors intersection,Normale,Deux véhicules - côté,,,,,,,,,,,1,1,1,1,3.0
201600045205,0016-12-06 14:35:00,16,12,6,14,35,930,51,A4,,,Plein jour,Hors agglomération,Hors intersection,Normale,Deux véhicules - arrière,,,,,,,,,,,1,1,1,1,2.0
201600045206,0016-12-06 14:40:00,16,12,6,14,40,940,28,A86 EXT,48.7821,2.44098,Plein jour,Hors agglomération,Hors intersection,Normale,Trois véhicules et plus - en chaîne,,,,,,,,,,,1,1,1,1,4.0
201600045207,0016-12-06 17:10:00,16,12,6,17,10,940,17,A4,48.8267,2.52248,Crépuscule ou aube,Hors agglomération,Hors intersection,Normale,Trois véhicules et plus - en chaîne,,,,,,,,,,,2,1,1,1,4.0
201600045208,0016-12-07 16:50:00,16,12,7,16,50,940,28,RN406.Y,48.771,2.44747,Crépuscule ou aube,Hors agglomération,Hors intersection,Normale,Deux véhicules - côté,,,,,,,,,,,2,1,1,1,3.0
201600045209,0016-12-08 05:00:00,16,12,8,5,0,940,17,A86.INT,48.8309,2.49004,Nuit sans éclairage public,Hors agglomération,Hors intersection,Normale,Autre collision,,,,,,,,,,,3,1,1,1,6.0
201600045210,0016-12-08 08:30:00,16,12,8,8,30,940,28,RN406.W,48.7699,2.44912,Plein jour,Hors agglomération,Hors intersection,Normale,Deux véhicules - côté,,,,,,,,,,,1,1,1,1,3.0
201600045211,0016-12-08 10:10:00,16,12,8,10,10,940,28,A86 EXT,48.7879,2.44032,Plein jour,Hors agglomération,Hors intersection,Normale,Trois véhicules et plus - collisions multiples,,,,,,,,,,,1,1,1,1,5.0
201600045212,0016-12-08 12:30:00,16,12,8,12,30,940,33,A86.EXT,48.8598,2.48561,Plein jour,Hors agglomération,Hors intersection,Normale,Deux véhicules - côté,,,,,,,,,,,1,1,1,1,3.0
201600045213,0016-12-08 19:00:00,16,12,8,19,0,940,18,A4,48.8263,2.39156,Crépuscule ou aube,Hors agglomération,Hors intersection,Normale,Autre collision,,,,,,,,,,,2,1,1,1,6.0
201600045214,0016-12-09 16:00:00,16,12,9,16,0,940,79,A4,48.8356,2.53903,Plein jour,Hors agglomération,Hors intersection,Normale,Deux véhicules - côté,,,,,,,,,,,1,1,1,1,3.0
201600045215,0016-12-10 23:00:00,16,12,10,23,0,770,122,RN104,,,Nuit sans éclairage public,Hors agglomération,Hors intersection,Normale,Autre collision,,,,,,,,,,,3,1,1,1,6.0
201600045216,0016-12-12 11:40:00,16,12,12,11,40,770,450,RN104,,,Plein jour,Hors agglomération,Hors intersection,Normale,Deux véhicules - arrière,,,,,,,,,,,1,1,1,1,2.0
201600045217,0016-12-12 18:10:00,16,12,12,18,10,770,258,A4.W (PROVINCE-PARIS),,,Nuit sans éclairage public,Hors agglomération,Hors intersection,Pluie légère,Deux véhicules - arrière,,,,,,,,,,,3,1,1,2,2.0
201600045218,0016-12-13 07:10:00,16,12,13,7,10,940,28,A86 EXT,48.7796,2.44231,Nuit sans éclairage public,Hors agglomération,Hors intersection,Normale,Sans collision,,,,,,,,,,,3,1,1,1,7.0
201600045219,0016-12-13 08:30:00,16,12,13,8,30,930,51,A4,,,Plein jour,Hors agglomération,Hors intersection,Pluie légère,Deux véhicules - côté,,,,,,,,,,,1,1,1,2,3.0
201600045220,0016-12-13 08:30:00,16,12,13,8,30,940,28,A86 EXT,48.7957,2.44294,Plein jour,Hors agglomération,Hors intersection,Pluie légère,Deux véhicules - côté,,,,,,,,,,,1,1,1,2,3.0
201600045221,0016-12-13 10:45:00,16,12,13,10,45,940,73,A86 EXT,48.7617,2.382,Plein jour,Hors agglomération,Hors intersection,Normale,Trois véhicules et plus - en chaîne,,,,,,,,,,,1,1,1,1,4.0
201600045222,0016-12-13 14:00:00,16,12,13,14,0,940,52,A86 INT,48.8375,2.49391,Plein jour,Hors agglomération,Hors intersection,Normale,Deux véhicules - arrière,,,,,,,,,,,1,1,1,1,2.0
201600045223,0016-12-14 07:45:00,16,12,14,7,45,940,28,RN406.W,48.7803,2.4415,Nuit sans éclairage public,Hors agglomération,Hors intersection,Normale,Deux véhicules - côté,,,,,,,,,,,3,1,1,1,3.0
201600045224,0016-12-14 10:00:00,16,12,14,10,0,770,294,A104,,,Plein jour,Hors agglomération,Hors intersection,Normale,Trois véhicules et plus - en chaîne,,,,,,,,,,,1,1,1,1,4.0
201600045225,0016-12-14 11:02:00,16,12,14,11,2,770,363,A104.EXT,,,Plein jour,Hors agglomération,Hors intersection,Normale,Trois véhicules et plus - en chaîne,,,,,,,,,,,1,1,1,1,4.0
201600045226,0016-12-14 15:00:00,16,12,14,15,0,940,52,A86 INT,48.8418,2.49269,Plein jour,Hors agglomération,Hors intersection,Normale,Trois véhicules et plus - en chaîne,,,,,,,,,,,1,1,1,1,4.0
201600045227,0016-12-14 18:45:00,16,12,14,18,45,770,258,A4.Y PARIS-PROVINCE,,,Nuit sans éclairage public,Hors agglomération,Hors intersection,Normale,Deux véhicules - arrière,,,,,,,,,,,3,1,1,1,2.0
201600045228,0016-12-15 14:00:00,16,12,15,14,0,940,79,A4,48.8358,2.53972,Plein jour,Hors agglomération,Hors intersection,Normale,Deux véhicules - arrière,,,,,,,,,,,1,1,1,1,2.0
201600045229,0016-12-16 12:10:00,16,12,16,12,10,940,17,A4,48.8279,2.50423,Plein jour,Hors agglomération,Hors intersection,Normale,Deux véhicules - côté,,,,,,,,,,,1,1,1,1,3.0
201600045230,0016-12-16 20:40:00,16,12,16,20,40,770,121,A4,,,Nuit sans éclairage public,Hors agglomération,Hors intersection,Normale,Deux véhicules - arrière,,,,,,,,,,,3,1,1,1,2.0
201600045231,0016-12-19 08:40:00,16,12,19,8,40,940,46,A86 EXT,48.8055,2.44882,Crépuscule ou aube,Hors agglomération,Hors intersection,Normale,Sans collision,,,,,,,,,,,2,1,1,1,7.0
201600045232,0016-12-19 11:55:00,16,12,19,11,55,940,33,A86.INT,48.8593,2.48613,Plein jour,Hors agglomération,Hors intersection,Normale,Deux véhicules - arrière,,,,,,,,,,,1,1,1,1,2.0
201600045233,0016-12-20 08:00:00,16,12,20,8,0,940,17,A4,48.8269,2.51275,Nuit avec éclairage allumé,Hors agglomération,Hors intersection,Normale,Deux véhicules - côté,,,,,,,,,,,5,1,1,1,3.0
201600045234,0016-12-20 12:20:00,16,12,20,12,20,940,69,A4,48.8172,2.44394,Plein jour,Hors agglomération,Hors intersection,Normale,Autre collision,,,,,,,,,,,1,1,1,1,6.0
201600045235,0016-12-20 16:35:00,16,12,20,16,35,940,28,A86 EXT,48.7791,2.4412,Plein jour,Hors agglomération,Hors intersection,Normale,Deux véhicules - arrière,,,,,,,,,,,1,1,1,1,2.0
201600045236,0016-12-20 16:40:00,16,12,20,16,40,770,372,A104,,,Plein jour,Hors agglomération,Hors intersection,Normale,Deux véhicules - arrière,,,,,,,,,,,1,1,1,1,2.0
201600045237,0016-12-21 20:15:00,16,12,21,20,15,940,58,A86.EXT,48.8453,2.49276,Nuit avec éclairage allumé,Hors agglomération,Hors intersection,Pluie légère,Deux véhicules - arrière,,,,,,,,,,,5,1,1,2,2.0
201600045238,0016-12-22 08:00:00,16,12,22,8,0,940,15,A4,48.8302,2.52926,Nuit sans éclairage public,Hors agglomération,Hors intersection,Pluie légère,Trois véhicules et plus - en chaîne,,,,,,,,,,,3,1,1,2,4.0
201600045239,0016-12-22 10:00:00,16,12,22,10,0,940,18,A4,48.8261,2.39184,Plein jour,Hors agglomération,Hors intersection,Temps couvert,Trois véhicules et plus - en chaîne,,,,,,,,,,,1,1,1,8,4.0
201600045240,0016-12-22 19:20:00,16,12,22,19,20,940,18,A4,48.8189,2.40856,Plein jour,Hors agglomération,Hors intersection,Normale,Deux véhicules - arrière,,,,,,,,,,,1,1,1,1,2.0
201600045241,0016-12-22 20:20:00,16,12,22,20,20,770,294,A104,,,Nuit sans éclairage public,Hors agglomération,Hors intersection,Normale,Trois véhicules et plus - en chaîne,,,,,,,,,,,3,1,1,1,4.0
201600045242,0016-12-23 06:20:00,16,12,23,6,20,770,122,RN104,,,Nuit sans éclairage public,Hors agglomération,Hors intersection,Brouillard / fumée,Trois véhicules et plus - collisions multiples,,,,,,,,,,,3,1,1,5,5.0
201600045243,0016-12-23 07:40:00,16,12,23,7,40,770,175,A5b,,,Nuit sans éclairage public,Hors agglomération,Hors intersection,Brouillard / fumée,Deux véhicules - arrière,,,,,,,,,,,3,1,1,5,2.0
201600045244,0016-12-27 07:00:00,16,12,27,7,0,940,17,A4,48.8298,2.4841,Nuit avec éclairage allumé,Hors agglomération,Hors intersection,Normale,Autre collision,,,,,,,,,,,5,1,1,1,6.0
201600045245,0016-12-28 19:00:00,16,12,28,19,0,940,28,A86 EXT,48.7871,2.44033,Nuit sans éclairage public,Hors agglomération,Hors intersection,Normale,Trois véhicules et plus - collisions multiples,,,,,,,,,,,3,1,1,1,5.0
201600045246,0016-12-29 17:00:00,16,12,29,17,0,940,33,A86.INT,48.854,2.48891,Plein jour,Hors agglomération,Hors intersection,Normale,Deux véhicules - côté,,,,,,,,,,,1,1,1,1,3.0
201600045247,0016-12-30 14:30:00,16,12,30,14,30,770,169,RN104,,,Plein jour,Hors agglomération,Hors intersection,Normale,Deux véhicules - frontale,,,,,,,,,,,1,1,1,1,1.0
201600045248,0016-12-31 20:00:00,16,12,31,20,0,940,22,A86 EXT,48.7764,2.42026,Nuit avec éclairage non allumé,Hors agglomération,Hors intersection,Normale,Deux véhicules - arrière,,,,,,,,,,,4,1,1,1,2.0
201600045249,0016-01-01 00:45:00,16,1,1,0,45,930,10,AUTOROUTE A3,48.88635,2.47337,Nuit sans éclairage public,Hors agglomération,Hors intersection,Normale,Autre collision,,,,,,,,,,,3,1,1,1,6.0
201600045250,0016-01-01 13:45:00,16,1,1,13,45,930,27,AUTOROUTE A86,48.92735,2.40701,Plein jour,Hors agglomération,Hors intersection,Normale,Autre collision,,,,,,,,,,,1,1,1,1,6.0
201600045251,0016-12-31 14:50:00,16,12,31,14,50,930,27,AUTOROUTE A86,,,Plein jour,Hors agglomération,Hors intersection,Normale,Autre collision,,,,,,,,,,,1,1,1,1,6.0
201600045252,0016-01-02 00:02:00,16,1,2,0,2,930,5,AUTOROUTE A104,48.97411,2.48864,Nuit sans éclairage public,Hors agglomération,Hors intersection,Normale,Autre collision,,,,,,,,,,,3,1,1,1,6.0
201600045253,0016-01-01 23:50:00,16,1,1,23,50,930,66,AUTOROUTE A1,48.93169,2.37001,Nuit sans éclairage public,Hors agglomération,Hors intersection,Pluie légère,Sans collision,,,,,,,,,,,3,1,1,2,7.0
201600045254,0016-01-02 01:05:00,16,1,2,1,5,930,66,AUTOROUTE A1,48.92565,2.35703,Nuit sans éclairage public,Hors agglomération,Hors intersection,Pluie légère,Deux véhicules - côté,,,,,,,,,,,3,1,1,2,3.0