accident_id,datetime,annee,mois,jour,heure,minute,departement,commune_insee,adresse,latitude,longitude,luminosite,agglomeration,intersection,meteo,collision,nb_vehicules,nb_usagers,nb_indemnes,nb_tues,nb_blesses_hosp,nb_blesses_legers,age_cond_1,age_cond_2,veh_type_cond_1,veh_type_cond_2,lum_code,agg_code,int_code,atm_code,col_code
201600045255,0016-01-02 11:00:00,16,1,2,11,0,950,277,AUTOROUTE A104,48.9735,2.4859,Plein jour,Hors agglomération,Hors intersection,Normale,Deux véhicules - arrière,,,,,,,,,,,1,1,1,1,2.0
201600045256,0016-01-02 13:00:00,16,1,2,13,0,930,10,AUTOROUTE A3,48.88893,2.47376,Plein jour,Hors agglomération,Hors intersection,Normale,Deux véhicules - côté,,,,,,,,,,,1,1,1,1,3.0
201600045257,0016-01-02 11:00:00,16,1,2,11,0,950,394,AUTOROUTE A115,,,Plein jour,Hors agglomération,Hors intersection,Normale,Autre collision,,,,,,,,,,,1,1,1,1,6.0
201600045258,0016-01-02 08:40:00,16,1,2,8,40,920,36,AUTOROUTE A15,,,Plein jour,Hors agglomération,Hors intersection,Pluie légère,Autre collision,,,,,,,,,,,1,1,1,2,6.0
201600045259,0016-01-02 09:15:00,16,1,2,9,15,950,582,AUTOROUTE A115,,,Plein jour,Hors agglomération,Hors intersection,Pluie légère,Autre collision,,,,,,,,,,,1,1,1,2,6.0
201600045260,0016-01-02 07:15:00,16,1,2,7,15,920,78,AUTOROUTE A86,,,Nuit sans éclairage public,Hors agglomération,Hors intersection,Temps couvert,Trois véhicules et plus - collisions multiples,,,,,,,,,,,3,1,1,8,5.0
201600045261,0016-01-03 06:40:00,16,1,3,6,40,930,6,AUTOROUTE A3,48.86722,2.42675,Nuit sans éclairage public,Hors agglomération,Hors intersection,Normale,Sans collision,,,,,,,,,,,3,1,1,1,7.0
201600045262,0016-01-03 13:00:00,16,1,3,13,0,950,18,AUTOROUTE A15,,,Plein jour,Hors agglomération,Hors intersection,Pluie légère,Autre collision,,,,,,,,,,,1,1,1,2,6.0
201600045263,0016-01-02 19:45:00,16,1,2,19,45,950,527,AUTOROUTE A1,,,Crépuscule ou aube,Hors agglomération,Hors intersection,Pluie légère,Autre collision,,,,,,,,,,,2,1,1,2,6.0
201600045264,0016-01-02 19:10:00,16,1,2,19,10,930,66,AUTOROUTE A86,48.92212,2.36131,Plein jour,Hors agglomération,Hors intersection,Pluie légère,Deux véhicules - arrière,,,,,,,,,,,1,1,1,2,2.0
201600045265,0016-01-02 20:20:00,16,1,2,20,20,930,64,AUTOROUTE A86,48.86125,2.48382,Nuit sans éclairage public,Hors agglomération,Hors intersection,Pluie légère,Deux véhicules - arrière,,,,,,,,,,,3,1,1,2,2.0
201600045266,0016-01-03 16:30:00,16,1,3,16,30,950,572,AUTOROUTE A15,,,Plein jour,Hors agglomération,Hors intersection,Pluie forte,Autre collision,,,,,,,,,,,1,1,1,3,6.0
201600045267,0016-01-03 22:15:00,16,1,3,22,15,950,18,AUTOROUTE A15,,,Nuit avec éclairage non allumé,Hors agglomération,Hors intersection,Pluie légère,Autre collision,,,,,,,,,,,4,1,1,2,6.0
201600045268,0016-01-03 21:20:00,16,1,3,21,20,930,27,AUTOROUTE A86,48.9284,2.41381,Nuit avec éclairage non allumé,Hors agglomération,Hors intersection,Pluie légère,Deux véhicules - arrière,,,,,,,,,,,4,1,1,2,2.0
201600045269,0016-01-03 22:20:00,16,1,3,22,20,920,36,AUTOROUTE A15,,,Nuit avec éclairage non allumé,Hors agglomération,Hors intersection,Normale,Autre collision,,,,,,,,,,,4,1,1,1,6.0
201600045270,0016-01-04 09:15:00,16,1,4,9,15,950,256,ROUTE NATIONALE 184,,,Plein jour,Hors agglomération,Hors intersection,Normale,Autre collision,,,,,,,,,,,1,1,1,1,6.0
201600045271,0016-01-04 09:30:00,16,1,4,9,30,950,582,AUTOROUTE A15,,,Plein jour,Hors agglomération,Hors intersection,Normale,Deux véhicules - arrière,,,,,,,,,,,1,1,1,1,2.0
201600045272,0016-01-22 03:20:00,16,1,22,3,20,950,424,AUTOROUTE A15,,,Nuit sans éclairage public,Hors agglomération,Hors intersection,Normale,Trois véhicules et plus - en chaîne,,,,,,,,,,,3,1,1,1,4.0
201600045273,0016-01-05 08:25:00,16,1,5,8,25,930,66,AUTOROUTE A1,48.9139,2.35779,Nuit avec éclairage allumé,Hors agglomération,Hors intersection,Normale,Autre collision,,,,,,,,,,,5,1,1,1,6.0
201600045274,0016-01-03 16:40:00,16,1,3,16,40,950,277,AUTOROUTE A104,48.9728,2.4872,Plein jour,Hors agglomération,Hors intersection,Pluie forte,Autre collision,,,,,,,,,,,1,1,1,3,6.0
201600045275,0016-01-05 11:20:00,16,1,5,11,20,930,64,AUTOROUTE A3,48.88393,2.46628,Plein jour,Hors agglomération,Hors intersection,Normale,Deux véhicules - frontale,,,,,,,,,,,1,1,1,1,1.0
201600045276,0016-01-07 10:20:00,16,1,7,10,20,930,66,AUTOROUTE A86,48.92206,2.3586,Plein jour,Hors agglomération,Hors intersection,Pluie forte,Trois véhicules et plus - collisions multiples,,,,,,,,,,,1,1,1,3,5.0
201600045277,0016-01-07 08:15:00,16,1,7,8,15,950,582,AUTOROUTE A15,,,Plein jour,Hors agglomération,Hors intersection,Pluie forte,Trois véhicules et plus - collisions multiples,,,,,,,,,,,1,1,1,3,5.0
201600045278,0016-10-09 06:20:00,16,10,9,6,20,930,13,AUTOROUTE A1,48.94173,2.42995,Nuit sans éclairage public,Hors agglomération,Hors intersection,Normale,Deux véhicules - côté,,,,,,,,,,,3,1,1,1,3.0
201600045279,0016-01-07 15:45:00,16,1,7,15,45,930,10,AUTOROUTE A3,48.88893,2.47374,Plein jour,Hors agglomération,Hors intersection,Normale,Autre collision,,,,,,,,,,,1,1,1,1,6.0
201600045280,0016-01-03 12:15:00,16,1,3,12,15,950,572,ROUTE NATIONALE 184,,,Plein jour,Hors agglomération,Hors intersection,Normale,Sans collision,,,,,,,,,,,1,1,1,1,7.0
201600045281,0016-01-09 18:00:00,16,1,9,18,0,930,64,AUTOROUTE A103,48.88657,2.48167,Nuit sans éclairage public,Hors agglomération,Hors intersection,Normale,Autre collision,,,,,,,,,,,3,1,1,1,6.0
201600045282,0016-10-01 00:10:00,16,10,1,0,10,930,78,AUTOROUTE A104,48.96007,2.52513,Nuit sans éclairage public,Hors agglomération,Hors intersection,Pluie légère,Deux véhicules - arrière,,,,,,,,,,,3,1,1,2,2.0
201600045283,0016-01-10 00:05:00,16,1,10,0,5,950,582,AUTOROUTE A15,,,Nuit sans éclairage public,Hors agglomération,Hors intersection,Pluie forte,Sans collision,,,,,,,,,,,3,1,1,3,7.0
201600045284,0016-01-09 04:15:00,16,1,9,4,15,950,306,AUTOROUTE A15,,,Nuit sans éclairage public,Hors agglomération,Hors intersection,Pluie légère,Trois véhicules et plus - en chaîne,,,,,,,,,,,3,1,1,2,4.0
201600045285,0016-12-03 19:30:00,16,12,3,19,30,930,6,AUTOROUTE A3,,,Crépuscule ou aube,Hors agglomération,Hors intersection,Normale,Deux véhicules - arrière,,,,,,,,,,,2,1,1,1,2.0
201600045286,0016-01-10 02:10:00,16,1,10,2,10,930,66,AUTOROUTE A1,48.90251,2.35884,Nuit sans éclairage public,Hors agglomération,Hors intersection,Pluie forte,Deux véhicules - arrière,,,,,,,,,,,3,1,1,3,2.0
201600045287,0016-01-10 08:30:00,16,1,10,8,30,920,36,AUTOROUTE A86,,,Plein jour,Hors agglomération,Hors intersection,Normale,Sans collision,,,,,,,,,,,1,1,1,1,7.0
201600045288,0016-01-10 10:00:00,16,1,10,10,0,950,277,AUTOROUTE A104,48.9735,2.4859,Plein jour,Hors agglomération,Hors intersection,Normale,Deux véhicules - arrière,,,,,,,,,,,1,1,1,1,2.0
201600045289,0016-10-24 14:40:00,16,10,24,14,40,930,27,AUTOROUTE A86,48.92841,2.41395,Plein jour,Hors agglomération,Hors intersection,Pluie légère,Autre collision,,,,,,,,,,,1,1,1,2,6.0
201600045290,0016-01-10 14:15:00,16,1,10,14,15,950,28,RN 104,,,Plein jour,Hors agglomération,Hors intersection,Pluie légère,Sans collision,,,,,,,,,,,1,1,1,2,7.0
201600045291,0016-01-10 15:20:00,16,1,10,15,20,930,53,AUTOROUTE A103,48.9061,2.35852,Plein jour,Hors agglomération,Hors intersection,Pluie légère,Autre collision,,,,,,,,,,,1,1,1,2,6.0
201600045292,0016-01-10 17:25:00,16,1,10,17,25,930,5,AUTOROUTE A1,48.90249,2.35861,Crépuscule ou aube,Hors agglomération,Hors intersection,Pluie légère,Autre collision,,,,,,,,,,,2,1,1,2,6.0
201600045293,0016-10-24 01:50:00,16,10,24,1,50,930,5,AUTOROUTE A104,48.97314,2.48814,Nuit sans éclairage public,Hors agglomération,Hors intersection,Pluie légère,Autre collision,,,,,,,,,,,3,1,1,2,6.0
201600045294,0016-01-11 07:30:00,16,1,11,7,30,950,582,AUTOROUTE A115,,,Nuit sans éclairage public,Hors agglomération,Hors intersection,Pluie légère,Autre collision,,,,,,,,,,,3,1,1,2,6.0
201600045295,0016-01-11 09:30:00,16,1,11,9,30,950,154,AUTOROUTE A1,,,Plein jour,Hors agglomération,Hors intersection,Normale,Trois véhicules et plus - en chaîne,,,,,,,,,,,1,1,1,1,4.0
201600045296,0016-01-11 12:50:00,16,1,11,12,50,950,365,RN 104,,,Plein jour,Hors agglomération,Hors intersection,Normale,Deux véhicules - côté,,,,,,,,,,,1,1,1,1,3.0
201600045297,0016-01-11 18:30:00,16,1,11,18,30,930,48,AUTOROUTE A3,48.87365,2.43704,Nuit sans éclairage public,Hors agglomération,Hors intersection,Temps couvert,Trois véhicules et plus - collisions multiples,,,,,,,,,,,3,1,1,8,5.0
201600045298,0016-01-11 23:30:00,16,1,11,23,30,930,13,AUTOROUTE A1,48.93874,2.41706,Nuit sans éclairage public,Hors agglomération,Hors intersection,Normale,Deux véhicules - arrière,,,,,,,,,,,3,1,1,1,2.0
201600045299,0016-01-12 07:45:00,16,1,12,7,45,950,582,AUTOROUTE A15,,,Nuit sans éclairage public,Hors agglomération,Hors intersection,Pluie légère,Deux véhicules - côté,,,,,,,,,,,3,1,1,2,3.0
201600045300,0016-01-12 09:10:00,16,1,12,9,10,950,572,ROUTE NATIONALE 184,,,Plein jour,Hors agglomération,Hors intersection,Pluie légère,Deux véhicules - arrière,,,,,,,,,,,1,1,1,2,2.0
201600045301,0016-01-13 03:00:00,16,1,13,3,0,950,277,AUTOROUTE A104,48.9735,2.4859,Nuit sans éclairage public,Hors agglomération,Hors intersection,Normale,Autre collision,,,,,,,,,,,3,1,1,1,6.0
201600045302,0016-01-13 10:15:00,16,1,13,10,15,950,678,ROUTE NATIONALE 184,,,Plein jour,Hors agglomération,Hors intersection,Normale,Deux véhicules - côté,,,,,,,,,,,1,1,1,1,3.0
201600045303,0016-01-12 12:10:00,16,1,12,12,10,930,53,AUTOROUTE A86,48.88234,2.47199,Plein jour,Hors agglomération,Hors intersection,Normale,Deux véhicules - côté,,,,,,,,,,,1,1,1,1,3.0
201600045304,0016-01-13 14:05:00,16,1,13,14,5,950,488,AUTOROUTE A15,,,Plein jour,Hors agglomération,Hors intersection,Normale,Deux véhicules - arrière,,,,,,,,,,,1,1,1,1,2.0
201600045305,0016-01-13 20:45:00,16,1,13,20,45,930,29,AUTOROUTE A86,48.92393,2.42658,Nuit avec éclairage allumé,Hors agglomération,Hors intersection,Normale,Deux véhicules - côté,,,,,,,,,,,5,1,1,1,3.0
201600045306,0016-01-12 15:00:00,16,1,12,15,0,930,10,AUTOROUTE A3,48.9114,2.47587,Plein jour,Hors agglomération,Hors intersection,Normale,Deux véhicules - côté,,,,,,,,,,,1,1,1,1,3.0
201600045307,0016-01-13 18:05:00,16,1,13,18,5,930,8,AUTOROUTE A86,48.912,2.43836,Nuit sans éclairage public,Hors agglomération,Hors intersection,Normale,Autre collision,,,,,,,,,,,3,1,1,1,6.0
201600045308,0016-01-14 08:30:00,16,1,14,8,30,950,218,AUTOROUTE A15,,,Plein jour,Hors agglomération,Hors intersection,Pluie légère,Trois véhicules et plus - collisions multiples,,,,,,,,,,,1,1,1,2,5.0
201600045309,0016-01-14 08:43:00,16,1,14,8,43,950,252,AUTOROUTE A15,,,Crépuscule ou aube,Hors agglomération,Hors intersection,Pluie légère,Deux véhicules - côté,,,,,,,,,,,2,1,1,2,3.0
201600045310,0016-01-16 01:45:00,16,1,16,1,45,930,5,AUTOROUTE A104,48.95984,2.525,Nuit avec éclairage non allumé,Hors agglomération,Hors intersection,Normale,Sans collision,,,,,,,,,,,4,1,1,1,7.0
201600045311,0016-01-16 21:50:00,16,1,16,21,50,950,488,AUTOROUTE A15,,,Nuit sans éclairage public,Hors agglomération,Hors intersection,Normale,Autre collision,,,,,,,,,,,3,1,1,1,6.0
201600045312,0016-01-17 15:10:00,16,1,17,15,10,950,394,AUTOROUTE A115,,,Plein jour,Hors agglomération,Hors intersection,Pluie légère,Autre collision,,,,,,,,,,,1,1,1,2,6.0
201600045313,0016-01-17 19:00:00,16,1,17,19,0,930,10,AUTOROUTE A3,48.88629,2.47313,Nuit avec éclairage non allumé,Hors agglomération,Hors intersection,Normale,Deux véhicules - frontale,,,,,,,,,,,4,1,1,1,1.0
201600045314,0016-01-18 01:30:00,16,1,18,1,30,930,7,AUTOROUTE A3,48.93125,2.48096,Nuit sans éclairage public,Hors agglomération,Hors intersection,Normale,Deux véhicules - côté,,,,,,,,,,,3,1,1,1,3.0
201600045315,0016-01-14 10:30:00,16,1,14,10,30,930,27,AUTOROUTE A86,48.92421,2.38719,Plein jour,Hors agglomération,Hors intersection,Normale,Deux véhicules - arrière,,,,,,,,,,,1,1,1,1,2.0
201600045316,0016-01-15 11:10:00,16,1,15,11,10,950,491,AUTOROUTE A115,,,Plein jour,Hors agglomération,Hors intersection,Normale,Autre collision,,,,,,,,,,,1,1,1,1,6.0
201600045317,0016-01-19 00:30:00,16,1,19,0,30,950,572,ROUTE NATIONALE 184,,,Nuit sans éclairage public,Hors agglomération,Hors intersection,Normale,Autre collision,,,,,,,,,,,3,1,1,1,6.0
201600045318,0016-01-19 10:40:00,16,1,19,10,40,930,6,AUTOROUTE A3,48.86691,2.42531,Plein jour,Hors agglomération,Hors intersection,Normale,Deux véhicules - frontale,,,,,,,,,,,1,1,1,1,1.0
201600045319,0016-01-18 19:00:00,16,1,18,19,0,950,572,ROUTE NATIONALE 184,,,Plein jour,Hors agglomération,Hors intersection,Normale,Trois véhicules et plus - en chaîne,,,,,,,,,,,1,1,1,1,4.0
201600045320,0016-01-03 11:50:00,16,1,3,11,50,950,394,AUTOROUTE A115,,,Plein jour,Hors agglomération,Hors intersection,Pluie légère,Autre collision,,,,,,,,,,,1,1,1,2,6.0
201600045321,0016-01-19 15:00:00,16,1,19,15,0,950,678,ROUTE NATIONALE 184,,,Plein jour,Hors agglomération,Hors intersection,Normale,Deux véhicules - arrière,,,,,,,,,,,1,1,1,1,2.0
201600045322,0016-01-20 15:45:00,16,1,20,15,45,930,10,AUTOROUTE A3,48.90317,2.47105,Plein jour,Hors agglomération,Hors intersection,Normale,Deux véhicules - côté,,,,,,,,,,,1,1,1,1,3.0
201600045323,0016-01-20 11:05:00,16,1,20,11,5,950,154,AUTOROUTE A1,,,Plein jour,Hors agglomération,Hors intersection,Pluie légère,Deux véhicules - arrière,,,,,,,,,,,1,1,1,2,2.0
201600045324,0016-01-21 13:10:00,16,1,21,13,10,950,18,AUTOROUTE A15,,,Plein jour,Hors agglomération,Hors intersection,Normale,Autre collision,,,,,,,,,,,1,1,1,1,6.0
201600045325,0016-01-21 16:30:00,16,1,21,16,30,950,252,AUTOROUTE A15,,,Plein jour,Hors agglomération,Hors intersection,Normale,Autre collision,,,,,,,,,,,1,1,1,1,6.0
201600045326,0016-01-21 18:30:00,16,1,21,18,30,930,53,AUTOROUTE A86,48.88254,2.47296,Nuit sans éclairage public,Hors agglomération,Hors intersection,Normale,Deux véhicules - arrière,,,,,,,,,,,3,1,1,1,2.0
201600045327,0016-01-21 19:10:00,16,1,21,19,10,950,151,RN 104,,,Nuit sans éclairage public,Hors agglomération,Hors intersection,Normale,Autre collision,,,,,,,,,,,3,1,1,1,6.0
201600045328,0016-01-21 20:40:00,16,1,21,20,40,930,64,AUTOROUTE A86,48.8712,2.48192,Nuit sans éclairage public,Hors agglomération,Hors intersection,Normale,Autre collision,,,,,,,,,,,3,1,1,1,6.0
201600045329,0016-01-22 23:20:00,16,1,22,23,20,930,66,AUTOROUTE A1,48.92386,2.35723,Nuit avec éclairage non allumé,Hors agglomération,Hors intersection,Normale,Trois véhicules et plus - collisions multiples,,,,,,,,,,,4,1,1,1,5.0
201600045330,0016-01-23 09:00:00,16,1,23,9,0,930,27,AUTOROUTE A86,48.92848,2.41358,Plein jour,Hors agglomération,Hors intersection,Normale,Autre collision,,,,,,,,,,,1,1,1,1,6.0
201600045331,0016-01-23 08:00:00,16,1,23,8,0,950,527,AUTOROUTE A3,,,Nuit sans éclairage public,Hors agglomération,Hors intersection,Pluie légère,Deux véhicules - côté,,,,,,,,,,,3,1,1,2,3.0
201600045332,0016-01-23 19:50:00,16,1,23,19,50,950,277,AUTOROUTE A1,,,Nuit sans éclairage public,Hors agglomération,Hors intersection,Normale,Autre collision,,,,,,,,,,,3,1,1,1,6.0
201600045333,0016-01-22 20:30:00,16,1,22,20,30,930,27,AUTOROUTE A86,48.92786,2.40958,Nuit sans éclairage public,Hors agglomération,Hors intersection,Pluie légère,Autre collision,,,,,,,,,,,3,1,1,2,6.0
201600045334,0016-01-24 11:00:00,16,1,24,11,0,930,8,AUTOROUTE A86,48.90143,2.46899,Plein jour,Hors agglomération,Hors intersection,Normale,Autre collision,,,,,,,,,,,1,1,1,1,6.0
201600045335,0016-01-24 12:30:00,16,1,24,12,30,930,27,AUTOROUTE A86,48.92786,2.40958,Plein jour,Hors agglomération,Hors intersection,Normale,Deux véhicules - frontale,,,,,,,,,,,1,1,1,1,1.0
201600045336,0016-01-25 01:25:00,16,1,25,1,25,930,5,AUTOROUTE A3,48.91916,2.47891,Nuit avec éclairage non allumé,Hors agglomération,Hors intersection,Normale,Sans collision,,,,,,,,,,,4,1,1,1,7.0
201600045337,0016-01-25 07:30:00,16,1,25,7,30,930,66,AUTOROUTE A1,48.92932,2.36095,Nuit sans éclairage public,Hors agglomération,Hors intersection,Normale,Autre collision,,,,,,,,,,,3,1,1,1,6.0
201600045338,0016-01-23 19:00:00,16,1,23,19,0,950,582,AUTOROUTE A15,,,Nuit sans éclairage public,Hors agglomération,Hors intersection,Normale,Deux véhicules - côté,,,,,,,,,,,3,1,1,1,3.0
201600045339,0016-01-23 19:30:00,16,1,23,19,30,950,582,AUTOROUTE A15,,,Nuit sans éclairage public,Hors agglomération,Hors intersection,Normale,Sans collision,,,,,,,,,,,3,1,1,1,7.0
201600045340,0016-01-24 13:30:00,16,1,24,13,30,950,394,AUTOROUTE A115,,,Plein jour,Hors agglomération,Hors intersection,Normale,Autre collision,,,,,,,,,,,1,1,1,1,6.0
201600045341,0016-01-20 07:00:00,16,1,20,7,0,950,277,AUTOROUTE A1,,,Nuit sans éclairage public,Hors agglomération,Hors intersection,Neige / grêle,Trois véhicules et plus - collisions multiples,,,,,,,,,,,3,1,1,4,5.0
201600045342,0016-01-25 16:50:00,16,1,25,16,50,930,10,AUTOROUTE A3,48.88936,2.47383,Plein jour,Hors agglomération,Hors intersection,Normale,Trois véhicules et plus - collisions multiples,,,,,,,,,,,1,1,1,1,5.0
201600045343,0016-01-26 15:55:00,16,1,26,15,55,920,36,AUTOROUTE A86,,,Plein jour,Hors agglomération,Hors intersection,Normale,Autre collision,,,,,,,,,,,1,1,1,1,6.0
201600045344,0016-01-27 09:40:00,16,1,27,9,40,930,63,AUTOROUTE A3,48.87844,2.44714,Plein jour,Hors agglomération,Hors intersection,Pluie légère,Sans collision,,,,,,,,,,,1,1,1,2,7.0
201600045345,0016-01-27 21:05:00,16,1,27,21,5,930,8,AUTOROUTE A86,48.91152,2.44047,Nuit avec éclairage allumé,Hors agglomération,Hors intersection,Normale,Trois véhicules et plus - en chaîne,,,,,,,,,,,5,1,1,1,4.0
201600045346,0016-01-28 00:15:00,16,1,28,0,15,600,494,AUTOROUTE A1,49.13059,2.55979,Nuit sans éclairage public,Hors agglomération,Hors intersection,Pluie forte,Autre collision,,,,,,,,,,,3,1,1,3,6.0
201600045347,0016-01-28 10:00:00,16,1,28,10,0,930,66,AUTOROUTE A1,48.91936,2.35754,Plein jour,Hors agglomération,Hors intersection,Normale,Deux véhicules - frontale,,,,,,,,,,,1,1,1,1,1.0
201600045348,0016-01-28 13:45:00,16,1,28,13,45,950,424,AUTOROUTE A15,,,Plein jour,Hors agglomération,Hors intersection,Normale,Sans collision,,,,,,,,,,,1,1,1,1,7.0
201600045349,0016-01-28 14:45:00,16,1,28,14,45,930,27,AUTOROUTE A1,48.93627,2.40604,Plein jour,Hors agglomération,Hors intersection,Normale,Deux véhicules - arrière,,,,,,,,,,,1,1,1,1,2.0
201600045350,0016-01-28 11:30:00,16,1,28,11,30,600,612,AUTOROUTE A1,49.19463,2.60369,Plein jour,Hors agglomération,Hors intersection,Normale,Sans collision,,,,,,,,,,,1,1,1,1,7.0
201600045351,0016-01-28 17:50:00,16,1,28,17,50,930,1,AUTOROUTE A86,48.92105,2.37305,Nuit sans éclairage public,Hors agglomération,Hors intersection,Normale,Deux véhicules - côté,,,,,,,,,,,3,1,1,1,3.0
201600045352,0016-01-29 18:30:00,16,1,29,18,30,950,607,AUTOROUTE A115,,,Plein jour,Hors agglomération,Hors intersection,Normale,Trois véhicules et plus - en chaîne,,,,,,,,,,,1,1,1,1,4.0
201600045353,0016-01-29 23:30:00,16,1,29,23,30,950,18,AUTOROUTE A15,,,Nuit sans éclairage public,Hors agglomération,Hors intersection,Normale,Deux véhicules - arrière,,,,,,,,,,,3,1,1,1,2.0
201600045354,0016-01-29 23:30:00,16,1,29,23,30,950,582,A9015-3,48.9638,2.2683,Nuit sans éclairage public,Hors agglomération,Hors intersection,Pluie légère,Deux véhicules - côté,,,,,,,,,,,3,1,1,2,3.0
201600045355,0016-01-30 01:55:00,16,1,30,1,55,950,572,ROUTE NATIONALE 184,,,Nuit sans éclairage public,Hors agglomération,Hors intersection,Normale,Sans collision,,,,,,,,,,,3,1,1,1,7.0
201600045356,0016-01-30 05:15:00,16,1,30,5,15,950,582,AUTOROUTE A15,,,Nuit sans éclairage public,Hors agglomération,Hors intersection,Normale,Deux véhicules - arrière,,,,,,,,,,,3,1,1,1,2.0
201600045357,0016-01-27 13:05:00,16,1,27,13,5,950,306,AUTOROUTE A15,,,Plein jour,Hors agglomération,Hors intersection,Pluie légère,Autre collision,,,,,,,,,,,1,1,1,2,6.0
201600045358,0016-01-25 18:30:00,16,1,25,18,30,930,53,AUTOROUTE A3,48.88342,2.45855,Crépuscule ou aube,Hors agglomération,Hors intersection,Normale,Deux véhicules - côté,,,,,,,,,,,2,1,1,1,3.0
201600045359,0016-01-30 16:44:00,16,1,30,16,44,950,527,AUTOROUTE A3,,,Plein jour,Hors agglomération,Hors intersection,Pluie légère,Autre collision,,,,,,,,,,,1,1,1,2,6.0
201600045360,0016-01-30 15:25:00,16,1,30,15,25,950,394,AUTOROUTE A115,,,Plein jour,Hors agglomération,Hors intersection,Pluie légère,Autre collision,,,,,,,,,,,1,1,1,2,6.0
201600045361,0016-01-31 07:30:00,16,1,31,7,30,950,365,RN 104,,,Plein jour,Hors agglomération,Hors intersection,Normale,Autre collision,,,,,,,,,,,1,1,1,1,6.0
201600045362,0016-01-31 10:20:00,16,1,31,10,20,950,277,AUTOROUTE A104,,,Plein jour,Hors agglomération,Hors intersection,Pluie forte,Autre collision,,,,,,,,,,,1,1,1,3,6.0
201600045363,0016-01-31 11:45:00,16,1,31,11,45,920,36,AUTOROUTE A15,,,Plein jour,Hors agglomération,Hors intersection,Pluie forte,Autre collision,,,,,,,,,,,1,1,1,3,6.0
201600045364,0016-01-31 15:33:00,16,1,31,15,33,950,277,AUTOROUTE A104,,,Plein jour,Hors agglomération,Hors intersection,Pluie légère,Autre collision,,,,,,,,,,,1,1,1,2,6.0
201600045365,0016-01-31 14:36:00,16,1,31,14,36,930,78,AUTOROUTE A104,48.958,2.53076,Plein jour,Hors agglomération,Hors intersection,Pluie légère,Sans collision,,,,,,,,,,,1,1,1,2,7.0
201600045366,0016-01-31 22:20:00,16,1,31,22,20,920,78,AUTOROUTE A86,,,Nuit sans éclairage public,Hors agglomération,Hors intersection,Normale,Sans collision,,,,,,,,,,,3,1,1,1,7.0
201600045367,0016-04-03 02:50:00,16,4,3,2,50,950,491,AUTOROUTE A115,,,Nuit avec éclairage non allumé,Hors agglomération,Hors intersection,Pluie légère,Deux véhicules - arrière,,,,,,,,,,,4,1,1,2,2.0
201600045368,0016-01-31 22:15:00,16,1,31,22,15,950,582,AUTOROUTE A115,,,Nuit sans éclairage public,Hors agglomération,Hors intersection,Pluie légère,Autre collision,,,,,,,,,,,3,1,1,2,6.0
201600045369,0016-01-30 14:15:00,16,1,30,14,15,950,527,AUTOROUTE A1,,,Plein jour,Hors agglomération,Hors intersection,Normale,Deux véhicules - côté,,,,,,,,,,,1,1,1,1,3.0
201600045370,0016-01-31 21:15:00,16,1,31,21,15,930,5,AUTOROUTE A104,48.97294,2.48514,Nuit sans éclairage public,Hors agglomération,Hors intersection,Pluie légère,Autre collision,,,,,,,,,,,3,1,1,2,6.0
201600045371,0016-01-31 14:45:00,16,1,31,14,45,930,5,AUTOROUTE A1,48.96705,2.47751,Plein jour,Hors agglomération,Hors intersection,Pluie légère,Sans collision,,,,,,,,,,,1,1,1,2,7.0
201600045372,0016-01-31 14:00:00,16,1,31,14,0,950,277,AUTOROUTE A104,,,Crépuscule ou aube,Hors agglomération,Hors intersection,Pluie légère,Deux véhicules - arrière,,,,,,,,,,,2,1,1,2,2.0
201600045373,0016-01-31 20:25:00,16,1,31,20,25,920,36,AUTOROUTE A15,,,Crépuscule ou aube,Hors agglomération,Hors intersection,Normale,Autre collision,,,,,,,,,,,2,1,1,1,6.0
201600045374,0016-01-31 16:20:00,16,1,31,16,20,950,582,AUTOROUTE A15,,,Plein jour,Hors agglomération,Hors intersection,Pluie légère,Deux véhicules - arrière,,,,,,,,,,,1,1,1,2,2.0
201600045375,0016-01-31 20:00:00,16,1,31,20,0,950,572,AUTOROUTE A15,,,Crépuscule ou aube,Hors agglomération,Hors intersection,Normale,Autre collision,,,,,,,,,,,2,1,1,1,6.0
201600045376,0016-11-21 00:45:00,16,11,21,0,45,950,488,AUTOROUTE A15,,,Nuit sans éclairage public,Hors agglomération,Hors intersection,Normale,Autre collision,,,,,,,,,,,3,1,1,1,6.0
201600045377,0016-02-01 08:00:00,16,2,1,8,0,950,582,AUTOROUTE A15,,,Crépuscule ou aube,Hors agglomération,Hors intersection,Normale,Trois véhicules et plus - collisions multiples,,,,,,,,,,,2,1,1,1,5.0
201600045378,0016-01-31 13:30:00,16,1,31,13,30,930,27,AUTOROUTE A86,48.92338,2.38336,Plein jour,Hors agglomération,Hors intersection,Pluie légère,Autre collision,,,,,,,,,,,1,1,1,2,6.0
201600045379,0016-02-01 14:30:00,16,2,1,14,30,930,78,AUTOROUTE A104,48.95912,2.536,Plein jour,Hors agglomération,Hors intersection,Normale,Deux véhicules - arrière,,,,,,,,,,,1,1,1,1,2.0
201600045380,0016-11-22 04:40:00,16,11,22,4,40,950,154,AUTOROUTE A1,,,Nuit sans éclairage public,Hors agglomération,Hors intersection,Normale,Deux véhicules - arrière,,,,,,,,,,,3,1,1,1,2.0
201600045381,0016-01-31 14:00:00,16,1,31,14,0,930,53,AUTOROUTE A103,48.90997,2.35826,Plein jour,Hors agglomération,Hors intersection,Normale,Autre collision,,,,,,,,,,,1,1,1,1,6.0