accident_id,datetime,annee,mois,jour,heure,minute,departement,commune_insee,adresse,latitude,longitude,luminosite,agglomeration,intersection,meteo,collision,nb_vehicules,nb_usagers,nb_indemnes,nb_tues,nb_blesses_hosp,nb_blesses_legers,age_cond_1,age_cond_2,veh_type_cond_1,veh_type_cond_2,lum_code,agg_code,int_code,atm_code,col_code
201600045382,0016-01-31 16:20:00,16,1,31,16,20,950,572,ROUTE NATIONALE 184,,,Plein jour,Hors agglomération,Hors intersection,Pluie légère,Autre collision,,,,,,,,,,,1,1,1,2,6.0
201600045383,0016-02-02 07:15:00,16,2,2,7,15,930,66,AUTOROUTE A1,48.9317,2.37002,Crépuscule ou aube,Hors agglomération,Hors intersection,Normale,Deux véhicules - arrière,,,,,,,,,,,2,1,1,1,2.0
201600045384,0016-02-02 13:45:00,16,2,2,13,45,930,8,AUTOROUTE A86,48.91193,2.43925,Plein jour,Hors agglomération,Hors intersection,Normale,Trois véhicules et plus - en chaîne,,,,,,,,,,,1,1,1,1,4.0
201600045385,0016-02-02 16:45:00,16,2,2,16,45,930,10,AUTOROUTE A3,48.90625,2.47213,Plein jour,Hors agglomération,Hors intersection,Pluie légère,Autre collision,,,,,,,,,,,1,1,1,2,6.0
201600045386,0016-02-02 20:59:00,16,2,2,20,59,930,5,AUTOROUTE A1,48.96056,2.46798,Nuit sans éclairage public,Hors agglomération,Hors intersection,Normale,Deux véhicules - arrière,,,,,,,,,,,3,1,1,1,2.0
201600045387,0016-02-02 17:15:00,16,2,2,17,15,930,66,AUTOROUTE A1,48.9043,2.35846,Plein jour,Hors agglomération,Hors intersection,Normale,Autre collision,,,,,,,,,,,1,1,1,1,6.0
201600045388,0016-02-02 18:04:00,16,2,2,18,4,930,63,AUTOROUTE A3,48.87472,2.43925,Crépuscule ou aube,Hors agglomération,Hors intersection,Pluie légère,Deux véhicules - côté,,,,,,,,,,,2,1,1,2,3.0
201600045389,0016-02-03 14:55:00,16,2,3,14,55,930,5,AUTOROUTE A3,48.95619,2.47347,Plein jour,Hors agglomération,Hors intersection,Normale,Trois véhicules et plus - collisions multiples,,,,,,,,,,,1,1,1,1,5.0
201600045390,0016-02-03 18:00:00,16,2,3,18,0,930,66,AUTOROUTE A86,48.92293,2.34504,Nuit avec éclairage non allumé,Hors agglomération,Hors intersection,Pluie légère,Deux véhicules - côté,,,,,,,,,,,4,1,1,2,3.0
201600045391,0016-02-03 19:59:00,16,2,3,19,59,930,63,AUTOROUTE A3,48.87525,2.44035,Nuit sans éclairage public,Hors agglomération,Hors intersection,Normale,Autre collision,,,,,,,,,,,3,1,1,1,6.0
201600045392,0016-02-03 20:10:00,16,2,3,20,10,920,78,AUTOROUTE A86,,,Nuit sans éclairage public,Hors agglomération,Hors intersection,Normale,Sans collision,,,,,,,,,,,3,1,1,1,7.0
201600045393,0016-02-04 14:10:00,16,2,4,14,10,930,6,AUTOROUTE A3,48.86501,2.41628,Plein jour,Hors agglomération,Hors intersection,Pluie légère,Autre collision,,,,,,,,,,,1,1,1,2,6.0
201600045394,0016-02-04 20:35:00,16,2,4,20,35,950,394,AUTOROUTE A115,,,Nuit sans éclairage public,Hors agglomération,Hors intersection,Normale,Autre collision,,,,,,,,,,,3,1,1,1,6.0
201600045395,0016-02-05 08:10:00,16,2,5,8,10,950,582,AUTOROUTE A15,,,Plein jour,Hors agglomération,Hors intersection,Normale,Deux véhicules - côté,,,,,,,,,,,1,1,1,1,3.0
201600045396,0016-02-02 10:15:00,16,2,2,10,15,930,66,AUTOROUTE A1,48.91483,2.35791,Plein jour,Hors agglomération,Hors intersection,Normale,Trois véhicules et plus - en chaîne,,,,,,,,,,,1,1,1,1,4.0
201600045397,0016-11-08 09:00:00,16,11,8,9,0,950,500,AUTOROUTE A15,,,Plein jour,Hors agglomération,Hors intersection,Normale,Deux véhicules - arrière,,,,,,,,,,,1,1,1,1,2.0
201600045398,0016-02-05 13:20:00,16,2,5,13,20,930,29,AUTOROUTE A86,48.92429,2.42655,Plein jour,Hors agglomération,Hors intersection,Normale,Sans collision,,,,,,,,,,,1,1,1,1,7.0
201600045399,0016-02-05 17:30:00,16,2,5,17,30,930,6,AUTOROUTE A3,48.86561,2.4185,Plein jour,Hors agglomération,Hors intersection,Normale,Deux véhicules - côté,,,,,,,,,,,1,1,1,1,3.0
201600045400,0016-02-06 16:15:00,16,2,6,16,15,930,5,AUTOROUTE A3,48.92563,2.48141,Plein jour,Hors agglomération,Hors intersection,Normale,Deux véhicules - côté,,,,,,,,,,,1,1,1,1,3.0
201600045401,0016-02-07 11:00:00,16,2,7,11,0,930,5,AUTOROUTE A104,48.9731,2.49104,Plein jour,Hors agglomération,Hors intersection,Normale,Autre collision,,,,,,,,,,,1,1,1,1,6.0
201600045402,0016-02-07 05:15:00,16,2,7,5,15,930,66,AUTOROUTE A1,48.92619,2.35684,Nuit avec éclairage non allumé,Hors agglomération,Hors intersection,Autre,Autre collision,,,,,,,,,,,4,1,1,9,6.0
201600045403,0016-02-08 13:30:00,16,2,8,13,30,950,18,AUTOROUTE A15,,,Plein jour,Hors agglomération,Hors intersection,Pluie forte,Autre collision,,,,,,,,,,,1,1,1,3,6.0
201600045404,0016-02-08 15:10:00,16,2,8,15,10,930,64,AUTOROUTE A86,48.87185,2.48152,Plein jour,Hors agglomération,Hors intersection,Pluie légère,Deux véhicules - arrière,,,,,,,,,,,1,1,1,2,2.0
201600045405,0016-02-09 08:00:00,16,2,9,8,0,950,500,AUTOROUTE A15,,,Crépuscule ou aube,Hors agglomération,Hors intersection,Pluie forte,Trois véhicules et plus - en chaîne,,,,,,,,,,,2,1,1,3,4.0
201600045406,0016-02-09 09:00:00,16,2,9,9,0,930,6,AUTOROUTE A3,48.86691,2.42531,Plein jour,Hors agglomération,Hors intersection,Pluie légère,Autre collision,,,,,,,,,,,1,1,1,2,6.0
201600045407,0016-02-09 16:00:00,16,2,9,16,0,930,53,AUTOROUTE A103,48.9061,2.35854,Plein jour,Hors agglomération,Hors intersection,Normale,Autre collision,,,,,,,,,,,1,1,1,1,6.0
201600045408,0016-02-09 16:45:00,16,2,9,16,45,930,53,AUTOROUTE A103,48.9061,2.35854,Plein jour,Hors agglomération,Hors intersection,Normale,Autre collision,,,,,,,,,,,1,1,1,1,6.0
201600045409,0016-02-09 14:50:00,16,2,9,14,50,920,78,AUTOROUTE A86,,,Plein jour,Hors agglomération,Hors intersection,Pluie légère,Autre collision,,,,,,,,,,,1,1,1,2,6.0
201600045410,0016-02-09 16:45:00,16,2,9,16,45,920,36,AUTOROUTE A15,,,Plein jour,Hors agglomération,Hors intersection,Pluie légère,Deux véhicules - frontale,,,,,,,,,,,1,1,1,2,1.0
201600045411,0016-02-09 23:15:00,16,2,9,23,15,930,5,AUTOROUTE A104,48.97387,2.48731,Nuit sans éclairage public,Hors agglomération,Hors intersection,Pluie légère,Autre collision,,,,,,,,,,,3,1,1,2,6.0
201600045412,0016-02-09 09:00:00,16,2,9,9,0,930,78,AUTOROUTE A104,48.958,2.53076,Plein jour,Hors agglomération,Hors intersection,Pluie légère,Autre collision,,,,,,,,,,,1,1,1,2,6.0
201600045413,0016-02-09 11:00:00,16,2,9,11,0,950,252,AUTOROUTE A15,,,Plein jour,Hors agglomération,Hors intersection,Pluie forte,Sans collision,,,,,,,,,,,1,1,1,3,7.0
201600045414,0016-02-09 09:50:00,16,2,9,9,50,950,582,AUTOROUTE A15,,,Plein jour,Hors agglomération,Hors intersection,Normale,Autre collision,,,,,,,,,,,1,1,1,1,6.0
201600045415,0016-02-09 11:50:00,16,2,9,11,50,950,572,ROUTE NATIONALE 184,,,Plein jour,Hors agglomération,Hors intersection,Pluie légère,Autre collision,,,,,,,,,,,1,1,1,2,6.0
201600045416,0016-02-10 18:30:00,16,2,10,18,30,930,64,AUTOROUTE A103,48.88667,2.47919,Nuit avec éclairage allumé,Hors agglomération,Hors intersection,Normale,Deux véhicules - frontale,,,,,,,,,,,5,1,1,1,1.0
201600045417,0016-02-10 20:00:00,16,2,10,20,0,950,582,RD 170,48.9666,2.2733,Nuit avec éclairage allumé,Hors agglomération,Hors intersection,Normale,Deux véhicules - arrière,,,,,,,,,,,5,1,1,1,2.0
201600045418,0016-02-10 16:50:00,16,2,10,16,50,950,500,AUTOROUTE A15,,,Plein jour,Hors agglomération,Hors intersection,Normale,Trois véhicules et plus - en chaîne,,,,,,,,,,,1,1,1,1,4.0
201600045419,0016-02-11 14:00:00,16,2,11,14,0,930,48,AUTOROUTE A3,48.87301,2.43528,Plein jour,Hors agglomération,Hors intersection,Normale,Autre collision,,,,,,,,,,,1,1,1,1,6.0
201600045420,0016-02-12 07:45:00,16,2,12,7,45,950,60,AUTOROUTE A115,,,Plein jour,Hors agglomération,Hors intersection,Normale,Deux véhicules - côté,,,,,,,,,,,1,1,1,1,3.0
201600045421,0016-02-12 23:55:00,16,2,12,23,55,930,63,AUTOROUTE A3,48.88096,2.45281,Nuit sans éclairage public,Hors agglomération,Hors intersection,Normale,Autre collision,,,,,,,,,,,3,1,1,1,6.0
201600045422,0016-12-05 23:05:00,16,12,5,23,5,950,491,AUTOROUTE A115,,,Nuit sans éclairage public,Hors agglomération,Hors intersection,Normale,Sans collision,,,,,,,,,,,3,1,1,1,7.0
201600045423,0016-02-13 02:20:00,16,2,13,2,20,950,306,AUTOROUTE A15,,,Nuit sans éclairage public,Hors agglomération,Hors intersection,Normale,Deux véhicules - côté,,,,,,,,,,,3,1,1,1,3.0
201600045424,0016-02-13 04:20:00,16,2,13,4,20,950,252,AUTOROUTE A15,,,Nuit sans éclairage public,Hors agglomération,Hors intersection,Normale,Deux véhicules - côté,,,,,,,,,,,3,1,1,1,3.0
201600045425,0016-02-13 13:30:00,16,2,13,13,30,950,424,AUTOROUTE A15,,,Plein jour,Hors agglomération,Hors intersection,Pluie légère,Autre collision,,,,,,,,,,,1,1,1,2,6.0
201600045426,0016-02-13 16:15:00,16,2,13,16,15,930,27,AUTOROUTE A86,48.92857,2.41494,Plein jour,Hors agglomération,Hors intersection,Pluie légère,Autre collision,,,,,,,,,,,1,1,1,2,6.0
201600045427,0016-02-13 18:40:00,16,2,13,18,40,930,5,AUTOROUTE A3,48.94558,2.47654,Nuit sans éclairage public,Hors agglomération,Hors intersection,Pluie légère,Autre collision,,,,,,,,,,,3,1,1,2,6.0
201600045428,0016-02-13 21:20:00,16,2,13,21,20,920,36,AUTOROUTE A15,,,Nuit sans éclairage public,Hors agglomération,Hors intersection,Pluie légère,Autre collision,,,,,,,,,,,3,1,1,2,6.0
201600045429,0016-02-13 22:50:00,16,2,13,22,50,950,394,ROUTE NATIONALE 184,,,Nuit sans éclairage public,Hors agglomération,Hors intersection,Pluie légère,Autre collision,,,,,,,,,,,3,1,1,2,6.0
201600045430,0016-02-14 01:20:00,16,2,14,1,20,920,36,AUTOROUTE A15,,,Nuit sans éclairage public,Hors agglomération,Hors intersection,Pluie légère,Autre collision,,,,,,,,,,,3,1,1,2,6.0
201600045431,0016-02-12 15:15:00,16,2,12,15,15,920,36,AUTOROUTE A86,,,Plein jour,Hors agglomération,Hors intersection,Pluie légère,Deux véhicules - arrière,,,,,,,,,,,1,1,1,2,2.0
201600045432,0016-02-14 09:30:00,16,2,14,9,30,950,394,AUTOROUTE A115,,,Plein jour,Hors agglomération,Hors intersection,Normale,Autre collision,,,,,,,,,,,1,1,1,1,6.0
201600045433,0016-02-14 10:45:00,16,2,14,10,45,920,36,AUTOROUTE A15,,,Plein jour,Hors agglomération,Hors intersection,Normale,Deux véhicules - arrière,,,,,,,,,,,1,1,1,1,2.0
201600045434,0016-02-13 15:45:00,16,2,13,15,45,950,277,AUTOROUTE A104,48.9735,2.4859,Plein jour,Hors agglomération,Hors intersection,Pluie légère,Autre collision,,,,,,,,,,,1,1,1,2,6.0
201600045435,0016-02-16 09:45:00,16,2,16,9,45,950,252,AUTOROUTE A115,,,Plein jour,Hors agglomération,Hors intersection,Normale,Deux véhicules - côté,,,,,,,,,,,1,1,1,1,3.0
201600045436,0016-02-16 10:20:00,16,2,16,10,20,930,78,AUTOROUTE A104,48.96474,2.55462,Plein jour,Hors agglomération,Hors intersection,Normale,Sans collision,,,,,,,,,,,1,1,1,1,7.0
201600045437,0016-02-16 08:50:00,16,2,16,8,50,920,36,AUTOROUTE A15,,,Plein jour,Hors agglomération,Hors intersection,Normale,Deux véhicules - côté,,,,,,,,,,,1,1,1,1,3.0
201600045438,0016-02-16 13:50:00,16,2,16,13,50,950,527,AUTOROUTE A1,,,Plein jour,Hors agglomération,Hors intersection,Normale,Deux véhicules - arrière,,,,,,,,,,,1,1,1,1,2.0
201600045439,0016-02-18 06:30:00,16,2,18,6,30,930,66,AUTOROUTE A1,48.92933,2.36095,Crépuscule ou aube,Hors agglomération,Hors intersection,Normale,Deux véhicules - arrière,,,,,,,,,,,2,1,1,1,2.0
201600045440,0016-02-18 09:15:00,16,2,18,9,15,950,212,AUTOROUTE A1,,,Plein jour,Hors agglomération,Hors intersection,Normale,Trois véhicules et plus - en chaîne,,,,,,,,,,,1,1,1,1,4.0
201600045441,0016-02-12 14:50:00,16,2,12,14,50,930,27,AUTOROUTE A86,,,Plein jour,Hors agglomération,Hors intersection,Pluie légère,Sans collision,,,,,,,,,,,1,1,1,2,7.0
201600045442,0016-02-14 11:20:00,16,2,14,11,20,950,394,AUTOROUTE A115,,,Plein jour,Hors agglomération,Hors intersection,Normale,Autre collision,,,,,,,,,,,1,1,1,1,6.0
201600045443,0016-02-14 11:20:00,16,2,14,11,20,950,394,AUTOROUTE A115,,,Plein jour,Hors agglomération,Hors intersection,Normale,Deux véhicules - arrière,,,,,,,,,,,1,1,1,1,2.0
201600045444,0016-02-20 03:00:00,16,2,20,3,0,950,277,AUTOROUTE A104,48.9735,2.4859,Nuit sans éclairage public,Hors agglomération,Hors intersection,Pluie légère,Autre collision,,,,,,,,,,,3,1,1,2,6.0
201600045445,0016-02-19 20:20:00,16,2,19,20,20,930,27,AUTOROUTE A1,48.93809,2.41365,Nuit sans éclairage public,Hors agglomération,Hors intersection,Normale,Deux véhicules - arrière,,,,,,,,,,,3,1,1,1,2.0
201600045446,0016-02-21 05:40:00,16,2,21,5,40,920,78,AUTOROUTE A86,,,Nuit avec éclairage non allumé,Hors agglomération,Hors intersection,Pluie légère,Autre collision,,,,,,,,,,,4,1,1,2,6.0
201600045447,0016-02-21 07:30:00,16,2,21,7,30,930,27,AUTOROUTE A1,48.93447,2.39766,Nuit sans éclairage public,Hors agglomération,Hors intersection,Normale,Sans collision,,,,,,,,,,,3,1,1,1,7.0
201600045448,0016-02-21 09:00:00,16,2,21,9,0,930,66,AUTOROUTE A86,48.92281,2.34639,Plein jour,Hors agglomération,Hors intersection,Normale,Autre collision,,,,,,,,,,,1,1,1,1,6.0
201600045449,0016-02-22 18:40:00,16,2,22,18,40,920,36,AUTOROUTE A86,,,Nuit sans éclairage public,Hors agglomération,Hors intersection,Pluie légère,Autre collision,,,,,,,,,,,3,1,1,2,6.0
201600045450,0016-02-22 21:30:00,16,2,22,21,30,930,53,AUTOROUTE A86,48.88427,2.46957,Nuit sans éclairage public,Hors agglomération,Hors intersection,Normale,Autre collision,,,,,,,,,,,3,1,1,1,6.0
201600045451,0016-02-22 19:40:00,16,2,22,19,40,930,5,AUTOROUTE A3,48.91739,2.47835,Nuit sans éclairage public,Hors agglomération,Hors intersection,Pluie légère,Autre collision,,,,,,,,,,,3,1,1,2,6.0
201600045452,0016-02-23 14:00:00,16,2,23,14,0,950,678,ROUTE NATIONALE 184,,,Plein jour,Hors agglomération,Hors intersection,Normale,Trois véhicules et plus - en chaîne,,,,,,,,,,,1,1,1,1,4.0
201600045453,0016-02-24 06:30:00,16,2,24,6,30,930,10,AUTOROUTE A3,48.88936,2.47383,Nuit sans éclairage public,Hors agglomération,Hors intersection,Normale,Autre collision,,,,,,,,,,,3,1,1,1,6.0
201600045454,0016-02-24 12:20:00,16,2,24,12,20,930,7,AUTOROUTE A1,48.94558,2.43991,Plein jour,Hors agglomération,Hors intersection,Normale,Deux véhicules - arrière,,,,,,,,,,,1,1,1,1,2.0
201600045455,0016-02-20 12:00:00,16,2,20,12,0,920,78,AUTOROUTE A86,,,Plein jour,Hors agglomération,Hors intersection,Normale,Autre collision,,,,,,,,,,,1,1,1,1,6.0
201600045456,0016-02-25 15:20:00,16,2,25,15,20,930,10,AUTOROUTE A3,48.88893,2.47375,Plein jour,Hors agglomération,Hors intersection,Normale,Deux véhicules - côté,,,,,,,,,,,1,1,1,1,3.0
201600045457,0016-02-26 08:10:00,16,2,26,8,10,930,53,AUTOROUTE A3,48.89332,2.47229,Plein jour,Hors agglomération,Hors intersection,Normale,Deux véhicules - côté,,,,,,,,,,,1,1,1,1,3.0
201600045458,0016-02-26 15:10:00,16,2,26,15,10,930,27,AUTOROUTE A86,48.92251,2.37947,Plein jour,Hors agglomération,Hors intersection,Normale,Trois véhicules et plus - collisions multiples,,,,,,,,,,,1,1,1,1,5.0
201600045459,0016-02-26 17:30:00,16,2,26,17,30,930,10,AUTOROUTE A3,48.90653,2.47247,Plein jour,Hors agglomération,Hors intersection,Normale,Deux véhicules - frontale,,,,,,,,,,,1,1,1,1,1.0
201600045460,0016-02-27 18:45:00,16,2,27,18,45,930,27,AUTOROUTE A1,48.93723,2.41061,Plein jour,Hors agglomération,Hors intersection,Normale,Autre collision,,,,,,,,,,,1,1,1,1,6.0
201600045461,0016-02-27 19:15:00,16,2,27,19,15,930,10,AUTOROUTE A3,48.91542,2.47759,Nuit sans éclairage public,Hors agglomération,Hors intersection,Normale,Trois véhicules et plus - collisions multiples,,,,,,,,,,,3,1,1,1,5.0
201600045462,0016-02-28 09:45:00,16,2,28,9,45,930,5,AUTOROUTE A3,48.95712,2.47339,Plein jour,Hors agglomération,Hors intersection,Normale,Autre collision,,,,,,,,,,,1,1,1,1,6.0
201600045463,0016-02-28 12:30:00,16,2,28,12,30,950,241,RN 104,,,Plein jour,Hors agglomération,Hors intersection,Normale,Deux véhicules - arrière,,,,,,,,,,,1,1,1,1,2.0
201600045464,0016-02-28 23:20:00,16,2,28,23,20,930,5,AUTOROUTE A3,48.95079,2.47433,Nuit sans éclairage public,Hors agglomération,Hors intersection,Normale,Sans collision,,,,,,,,,,,3,1,1,1,7.0
201600045465,0016-02-29 21:10:00,16,2,29,21,10,950,394,ROUTE NATIONALE 184,,,Nuit sans éclairage public,Hors agglomération,Hors intersection,Normale,Trois véhicules et plus - collisions multiples,,,,,,,,,,,3,1,1,1,5.0
201600045466,0016-03-01 07:05:00,16,3,1,7,5,950,572,AUTOROUTE A15,,,Crépuscule ou aube,Hors agglomération,Hors intersection,Normale,Trois véhicules et plus - collisions multiples,,,,,,,,,,,2,1,1,1,5.0
201600045467,0016-03-01 08:20:00,16,3,1,8,20,930,66,AUTOROUTE A1,48.91855,2.35732,Plein jour,Hors agglomération,Hors intersection,Normale,Sans collision,,,,,,,,,,,1,1,1,1,7.0
201600045468,0016-03-01 09:00:00,16,3,1,9,0,930,78,AUTOROUTE A104,48.97137,2.49734,Plein jour,Hors agglomération,Hors intersection,Normale,Trois véhicules et plus - en chaîne,,,,,,,,,,,1,1,1,1,4.0
201600045469,0016-02-29 16:30:00,16,2,29,16,30,930,78,AUTOROUTE A104,48.9642,2.52025,Plein jour,Hors agglomération,Hors intersection,Normale,Autre collision,,,,,,,,,,,1,1,1,1,6.0
201600045470,0016-03-01 19:45:00,16,3,1,19,45,950,394,AUTOROUTE A115,,,Plein jour,Hors agglomération,Hors intersection,Pluie légère,Autre collision,,,,,,,,,,,1,1,1,2,6.0
201600045471,0016-02-29 20:10:00,16,2,29,20,10,930,63,AUTOROUTE A3,48.8751,2.43973,Nuit sans éclairage public,Hors agglomération,Hors intersection,Normale,Autre collision,,,,,,,,,,,3,1,1,1,6.0
201600045472,0016-03-02 07:45:00,16,3,2,7,45,950,675,AUTOROUTE A1,,,Crépuscule ou aube,Hors agglomération,Hors intersection,Pluie légère,Autre collision,,,,,,,,,,,2,1,1,2,6.0
201600045473,0016-03-02 08:50:00,16,3,2,8,50,950,582,AUTOROUTE A15,,,Plein jour,Hors agglomération,Hors intersection,Normale,Deux véhicules - côté,,,,,,,,,,,1,1,1,1,3.0
201600045474,0016-03-02 17:45:00,16,3,2,17,45,930,6,AUTOROUTE A3,48.8669,2.4253,Plein jour,Hors agglomération,Hors intersection,Pluie légère,Deux véhicules - arrière,,,,,,,,,,,1,1,1,2,2.0
201600045475,0016-02-13 10:15:00,16,2,13,10,15,930,27,AUTOROUTE A86,48.92774,2.40983,Plein jour,Hors agglomération,Hors intersection,Normale,Sans collision,,,,,,,,,,,1,1,1,1,7.0
201600045476,0016-03-01 19:55:00,16,3,1,19,55,950,582,AUTOROUTE A15,,,Nuit sans éclairage public,Hors agglomération,Hors intersection,Normale,Deux véhicules - arrière,,,,,,,,,,,3,1,1,1,2.0
201600045477,0016-03-02 09:20:00,16,3,2,9,20,930,5,AUTOROUTE A104,48.97294,2.48516,Plein jour,Hors agglomération,Hors intersection,Pluie légère,Trois véhicules et plus - en chaîne,,,,,,,,,,,1,1,1,2,4.0
201600045478,0016-03-03 09:15:00,16,3,3,9,15,950,351,RN 104,,,Plein jour,Hors agglomération,Hors intersection,Pluie légère,Trois véhicules et plus - collisions multiples,,,,,,,,,,,1,1,1,2,5.0
201600045479,0016-03-03 20:30:00,16,3,3,20,30,930,66,AUTOROUTE A86,48.92232,2.35858,Nuit sans éclairage public,Hors agglomération,Hors intersection,Normale,Deux véhicules - côté,,,,,,,,,,,3,1,1,1,3.0
201600045480,0016-03-04 07:20:00,16,3,4,7,20,930,66,AUTOROUTE A86,48.92206,2.36404,Plein jour,Hors agglomération,Hors intersection,Pluie forte,Deux véhicules - côté,,,,,,,,,,,1,1,1,3,3.0
201600045481,0016-03-04 17:00:00,16,3,4,17,0,930,48,AUTOROUTE A186,48.86737,2.45735,Plein jour,Hors agglomération,Hors intersection,Normale,Trois véhicules et plus - en chaîne,,,,,,,,,,,1,1,1,1,4.0
201600045482,0016-03-04 21:40:00,16,3,4,21,40,920,36,AUTOROUTE A15,,,Nuit sans éclairage public,Hors agglomération,Hors intersection,Pluie légère,Sans collision,,,,,,,,,,,3,1,1,2,7.0
201600045483,0016-03-06 02:10:00,16,3,6,2,10,950,527,AUTOROUTE A1,,,Nuit avec éclairage allumé,Hors agglomération,Hors intersection,Normale,Deux véhicules - arrière,,,,,,,,,,,5,1,1,1,2.0
201600045484,0016-03-04 19:50:00,16,3,4,19,50,930,78,AUTOROUTE A104,48.96418,2.52023,Nuit sans éclairage public,Hors agglomération,Hors intersection,Pluie légère,Autre collision,,,,,,,,,,,3,1,1,2,6.0
201600045485,0016-03-06 09:40:00,16,3,6,9,40,930,5,AUTOROUTE A3,48.96795,2.4795,Plein jour,Hors agglomération,Hors intersection,Normale,Sans collision,,,,,,,,,,,1,1,1,1,7.0
201600045486,0016-03-06 17:45:00,16,3,6,17,45,950,241,RN  104,,,Plein jour,Hors agglomération,Hors intersection,Normale,Autre collision,,,,,,,,,,,1,1,1,1,6.0
201600045487,0016-03-07 05:40:00,16,3,7,5,40,950,394,AUTOROUTE A115,,,Crépuscule ou aube,Hors agglomération,Hors intersection,Normale,Autre collision,,,,,,,,,,,2,1,1,1,6.0
201600045488,0016-03-07 06:30:00,16,3,7,6,30,930,73,AUTOROUTE A104,48.96854,2.56561,Crépuscule ou aube,Hors agglomération,Hors intersection,Normale,Trois véhicules et plus - en chaîne,,,,,,,,,,,2,1,1,1,4.0
201600045489,0016-03-07 15:10:00,16,3,7,15,10,950,241,RN 104,,,Plein jour,Hors agglomération,Hors intersection,Normale,Autre collision,,,,,,,,,,,1,1,1,1,6.0
201600045490,0016-01-13 14:15:00,16,1,13,14,15,930,66,AUTOROUTE A1,48.91573,2.3578,Plein jour,Hors agglomération,Hors intersection,Normale,Trois véhicules et plus - collisions multiples,,,,,,,,,,,1,1,1,1,5.0
201600045491,0016-03-09 02:05:00,16,3,9,2,5,950,61,RN 104,,,Nuit avec éclairage non allumé,Hors agglomération,Hors intersection,Normale,Autre collision,,,,,,,,,,,4,1,1,1,6.0
201600045492,0016-03-08 08:45:00,16,3,8,8,45,930,64,AUTOROUTE A103,48.88719,2.47484,Plein jour,Hors agglomération,Hors intersection,Normale,Trois véhicules et plus - en chaîne,,,,,,,,,,,1,1,1,1,4.0
201600045493,0016-03-09 21:50:00,16,3,9,21,50,930,66,AUTOROUTE A1,48.92386,2.35721,Nuit avec éclairage non allumé,Hors agglomération,Hors intersection,Normale,Autre collision,,,,,,,,,,,4,1,1,1,6.0
201600045494,0016-03-10 03:25:00,16,3,10,3,25,950,18,AUTOROUTE A15,,,Nuit avec éclairage non allumé,Hors agglomération,Hors intersection,Normale,Deux véhicules - arrière,,,,,,,,,,,4,1,1,1,2.0
201600045495,0016-03-09 18:45:00,16,3,9,18,45,930,66,AUTOROUTE A86,48.92206,2.3586,Nuit sans éclairage public,Hors agglomération,Hors intersection,Normale,Deux véhicules - côté,,,,,,,,,,,3,1,1,1,3.0
201600045496,0016-03-10 07:00:00,16,3,10,7,0,930,27,AUTOROUTE A1,48.9372,2.40978,Plein jour,Hors agglomération,Hors intersection,Normale,Trois véhicules et plus - en chaîne,,,,,,,,,,,1,1,1,1,4.0
201600045497,0016-03-10 15:00:00,16,3,10,15,0,930,78,AUTOROUTE A104,48.96393,2.55217,Plein jour,Hors agglomération,Hors intersection,Normale,Autre collision,,,,,,,,,,,1,1,1,1,6.0
201600045498,0016-03-10 11:40:00,16,3,10,11,40,950,500,AUTOROUTE A15,,,Plein jour,Hors agglomération,Hors intersection,Normale,Trois véhicules et plus - en chaîne,,,,,,,,,,,1,1,1,1,4.0
201600045499,0016-01-20 20:50:00,16,1,20,20,50,950,252,A15,,,Nuit sans éclairage public,Hors agglomération,Hors intersection,Normale,Autre collision,,,,,,,,,,,3,1,1,1,6.0
201600045500,0016-03-11 13:20:00,16,3,11,13,20,950,394,ROUTE NATIONALE 184,,,Plein jour,Hors agglomération,Hors intersection,Normale,Autre collision,,,,,,,,,,,1,1,1,1,6.0
201600045501,0016-03-11 20:30:00,16,3,11,20,30,930,7,AUTOROUTE A1,48.94243,2.43204,Nuit avec éclairage allumé,Hors agglomération,Hors intersection,Normale,Deux véhicules - arrière,,,,,,,,,,,5,1,1,1,2.0
201600045502,0016-03-11 21:40:00,16,3,11,21,40,930,53,AUTOROUTE A86,48.88287,2.47086,Nuit sans éclairage public,Hors agglomération,Hors intersection,Normale,Trois véhicules et plus - en chaîne,,,,,,,,,,,3,1,1,1,4.0
201600045503,0016-02-14 11:30:00,16,2,14,11,30,950,277,AUTOROUTE A104,48.9735,2.4859,Plein jour,Hors agglomération,Hors intersection,Normale,Autre collision,,,,,,,,,,,1,1,1,1,6.0
201600045504,0016-01-03 08:50:00,16,1,3,8,50,930,27,AUTOROUTE A86,48.92842,2.41517,Nuit sans éclairage public,Hors agglomération,Hors intersection,Normale,Deux véhicules - frontale,,,,,,,,,,,3,1,1,1,1.0
201600045505,0016-01-27 08:40:00,16,1,27,8,40,930,66,AUTOROUTE A1,48.92933,2.36095,Plein jour,Hors agglomération,Hors intersection,Pluie légère,Deux véhicules - arrière,,,,,,,,,,,1,1,1,2,2.0
201600045506,0016-01-31 01:50:00,16,1,31,1,50,950,582,AUTOROUTE A15,,,Nuit sans éclairage public,Hors agglomération,Hors intersection,Normale,Deux véhicules - arrière,,,,,,,,,,,3,1,1,1,2.0
201600045507,0016-01-01 03:20:00,16,1,1,3,20,950,61,RN 104,,,Nuit sans éclairage public,Hors agglomération,Hors intersection,Normale,Autre collision,,,,,,,,,,,3,1,1,1,6.0
201600045508,0016-03-13 01:40:00,16,3,13,1,40,950,500,AUTOROUTE A15,,,Nuit sans éclairage public,Hors agglomération,Hors intersection,Normale,Autre collision,,,,,,,,,,,3,1,1,1,6.0