accident_id,datetime,annee,mois,jour,heure,minute,departement,commune_insee,adresse,latitude,longitude,luminosite,agglomeration,intersection,meteo,collision,nb_vehicules,nb_usagers,nb_indemnes,nb_tues,nb_blesses_hosp,nb_blesses_legers,age_cond_1,age_cond_2,veh_type_cond_1,veh_type_cond_2,lum_code,agg_code,int_code,atm_code,col_code
201600045509,0016-01-25 15:45:00,16,1,25,15,45,930,13,AUTOROUTE A1,48.94023,2.42355,Plein jour,Hors agglomération,Hors intersection,Normale,Autre collision,,,,,,,,,,,1,1,1,1,6.0
201600045510,0016-01-18 18:40:00,16,1,18,18,40,930,5,AUTOROUTE A3,48.95533,2.47353,Plein jour,Hors agglomération,Hors intersection,Normale,Autre collision,,,,,,,,,,,1,1,1,1,6.0
201600045511,0016-03-12 20:10:00,16,3,12,20,10,930,78,AUTOROUTE A104,48.96153,2.5448,Nuit sans éclairage public,Hors agglomération,Hors intersection,Normale,Sans collision,,,,,,,,,,,3,1,1,1,7.0
201600045512,0016-03-13 18:05:00,16,3,13,18,5,920,36,AUTOROUTE A86,,,Plein jour,Hors agglomération,Hors intersection,Normale,Deux véhicules - arrière,,,,,,,,,,,1,1,1,1,2.0
201600045513,0016-03-12 14:10:00,16,3,12,14,10,950,18,AUTOROUTE A15,,,Plein jour,Hors agglomération,Hors intersection,Normale,Trois véhicules et plus - en chaîne,,,,,,,,,,,1,1,1,1,4.0
201600045514,0016-03-13 23:45:00,16,3,13,23,45,930,10,AUTOROUTE A3,48.88893,2.47375,Nuit sans éclairage public,Hors agglomération,Hors intersection,Normale,Trois véhicules et plus - en chaîne,,,,,,,,,,,3,1,1,1,4.0
201600045515,0016-03-13 21:53:00,16,3,13,21,53,930,73,AUTOROUTE A104,48.96691,2.56073,Nuit sans éclairage public,Hors agglomération,Hors intersection,Normale,Sans collision,,,,,,,,,,,3,1,1,1,7.0
201600045516,0016-03-14 09:00:00,16,3,14,9,0,950,527,AUTOROUTE A1,,,Plein jour,Hors agglomération,Hors intersection,Normale,Deux véhicules - arrière,,,,,,,,,,,1,1,1,1,2.0
201600045517,0016-03-13 17:00:00,16,3,13,17,0,930,5,AUTOROUTE A1,48.96118,2.46897,Plein jour,Hors agglomération,Hors intersection,Normale,Trois véhicules et plus - en chaîne,,,,,,,,,,,1,1,1,1,4.0
201600045518,0016-03-15 21:00:00,16,3,15,21,0,930,64,AUTOROUTE A3,48.88379,2.46812,Nuit sans éclairage public,Hors agglomération,Hors intersection,Normale,Deux véhicules - côté,,,,,,,,,,,3,1,1,1,3.0
201600045519,0016-03-16 18:45:00,16,3,16,18,45,930,6,AUTOROUTE A3,48.86529,2.41895,Plein jour,Hors agglomération,Hors intersection,Normale,Autre collision,,,,,,,,,,,1,1,1,1,6.0
201600045520,0016-03-17 07:15:00,16,3,17,7,15,950,277,AUTOROUTE A104,48.9735,2.4859,Plein jour,Hors agglomération,Hors intersection,Normale,Deux véhicules - arrière,,,,,,,,,,,1,1,1,1,2.0
201600045521,0016-03-17 06:50:00,16,3,17,6,50,930,5,AUTOROUTE A3,48.92595,2.48127,Plein jour,Hors agglomération,Hors intersection,Normale,Deux véhicules - arrière,,,,,,,,,,,1,1,1,1,2.0
201600045522,0016-03-17 08:15:00,16,3,17,8,15,950,394,ROUTE NATIONALE 184,,,Plein jour,Hors agglomération,Hors intersection,Normale,Trois véhicules et plus - en chaîne,,,,,,,,,,,1,1,1,1,4.0
201600045523,0016-03-17 13:10:00,16,3,17,13,10,930,8,AUTOROUTE A86,48.91191,2.43924,Plein jour,Hors agglomération,Hors intersection,Normale,Trois véhicules et plus - en chaîne,,,,,,,,,,,1,1,1,1,4.0
201600045524,0016-03-12 14:00:00,16,3,12,14,0,930,64,AUTOROUTE A3,48.88377,2.46796,Plein jour,Hors agglomération,Hors intersection,Normale,Deux véhicules - côté,,,,,,,,,,,1,1,1,1,3.0
201600045525,0016-03-18 20:55:00,16,3,18,20,55,950,582,AUTOROUTE A15,,,Nuit sans éclairage public,Hors agglomération,Hors intersection,Normale,Deux véhicules - arrière,,,,,,,,,,,3,1,1,1,2.0
201600045526,0016-03-09 09:00:00,16,3,9,9,0,930,5,AUTOROUTE A1,48.95947,2.46576,Plein jour,Hors agglomération,Hors intersection,Pluie forte,Deux véhicules - côté,,,,,,,,,,,1,1,1,3,3.0
201600045527,0016-03-19 22:05:00,16,3,19,22,5,950,678,ROUTE NATIONALE 184,,,Nuit sans éclairage public,Hors agglomération,Hors intersection,Normale,Autre collision,,,,,,,,,,,3,1,1,1,6.0
201600045528,0016-03-20 22:35:00,16,3,20,22,35,950,277,AUTOROUTE A1,,,Nuit sans éclairage public,Hors agglomération,Hors intersection,Normale,Deux véhicules - arrière,,,,,,,,,,,3,1,1,1,2.0
201600045529,0016-03-20 22:00:00,16,3,20,22,0,930,27,AUTOROUTE A86,48.92827,2.41224,Nuit sans éclairage public,Hors agglomération,Hors intersection,Normale,Sans collision,,,,,,,,,,,3,1,1,1,7.0
201600045530,0016-03-21 08:10:00,16,3,21,8,10,950,500,AUTOROUTE A15,,,Plein jour,Hors agglomération,Hors intersection,Normale,Trois véhicules et plus - collisions multiples,,,,,,,,,,,1,1,1,1,5.0
201600045531,0016-03-22 09:45:00,16,3,22,9,45,930,5,AUTOROUTE A3,48.94574,2.47673,Plein jour,Hors agglomération,Hors intersection,Normale,Deux véhicules - arrière,,,,,,,,,,,1,1,1,1,2.0
201600045532,0016-03-22 16:10:00,16,3,22,16,10,930,66,AUTOROUTE A1,48.91936,2.35754,Plein jour,Hors agglomération,Hors intersection,Normale,Autre collision,,,,,,,,,,,1,1,1,1,6.0
201600045533,0016-03-23 01:00:00,16,3,23,1,0,950,252,AUTOROUTE A15,,,Nuit sans éclairage public,Hors agglomération,Hors intersection,Normale,Deux véhicules - côté,,,,,,,,,,,3,1,1,1,3.0
201600045534,0016-03-23 10:00:00,16,3,23,10,0,920,36,AUTOROUTE A15,,,Plein jour,Hors agglomération,Hors intersection,Normale,Deux véhicules - arrière,,,,,,,,,,,1,1,1,1,2.0
201600045535,0016-03-22 07:30:00,16,3,22,7,30,950,252,AUTOROUTE A15,,,Crépuscule ou aube,Hors agglomération,Hors intersection,Normale,Deux véhicules - côté,,,,,,,,,,,2,1,1,1,3.0
201600045536,0016-03-23 09:15:00,16,3,23,9,15,950,582,AUTOROUTE A15,,,Plein jour,Hors agglomération,Hors intersection,Normale,Trois véhicules et plus - en chaîne,,,,,,,,,,,1,1,1,1,4.0
201600045537,0016-03-21 08:15:00,16,3,21,8,15,950,500,AUTOROUTE A15,,,Plein jour,Hors agglomération,Hors intersection,Normale,Deux véhicules - arrière,,,,,,,,,,,1,1,1,1,2.0
201600045538,0016-01-16 05:10:00,16,1,16,5,10,930,8,AUTOROUTE A86,48.90892,2.44906,Nuit avec éclairage allumé,Hors agglomération,Hors intersection,Normale,Deux véhicules - arrière,,,,,,,,,,,5,1,1,1,2.0
201600045539,0016-03-25 11:50:00,16,3,25,11,50,930,53,AUTOROUTE A103,48.9097,2.35826,Plein jour,Hors agglomération,Hors intersection,Normale,Autre collision,,,,,,,,,,,1,1,1,1,6.0
201600045540,0016-03-26 03:30:00,16,3,26,3,30,950,527,AUTOROUTE A1,,,Nuit sans éclairage public,Hors agglomération,Hors intersection,Normale,Autre collision,,,,,,,,,,,3,1,1,1,6.0
201600045541,0016-03-26 04:20:00,16,3,26,4,20,950,28,RN 104,,,Nuit sans éclairage public,Hors agglomération,Hors intersection,Normale,Autre collision,,,,,,,,,,,3,1,1,1,6.0
201600045542,0016-03-25 13:25:00,16,3,25,13,25,930,53,AUTOROUTE A103,48.90341,2.35875,Plein jour,Hors agglomération,Hors intersection,Pluie légère,Autre collision,,,,,,,,,,,1,1,1,2,6.0
201600045543,0016-03-25 16:10:00,16,3,25,16,10,930,78,AUTOROUTE A104,48.89069,2.47319,Plein jour,Hors agglomération,Hors intersection,Normale,Trois véhicules et plus - en chaîne,,,,,,,,,,,1,1,1,1,4.0
201600045544,0016-03-25 16:10:00,16,3,25,16,10,930,53,AUTOROUTE A3,48.96351,2.55094,Plein jour,Hors agglomération,Hors intersection,Normale,Deux véhicules - côté,,,,,,,,,,,1,1,1,1,3.0
201600045545,0016-03-27 08:15:00,16,3,27,8,15,920,36,AUTOROUTE A86,,,Crépuscule ou aube,Hors agglomération,Hors intersection,Normale,Autre collision,,,,,,,,,,,2,1,1,1,6.0
201600045546,0016-03-28 12:15:00,16,3,28,12,15,930,5,AUTOROUTE A104,48.9726,2.48493,Plein jour,Hors agglomération,Hors intersection,Temps couvert,Autre collision,,,,,,,,,,,1,1,1,8,6.0
201600045547,0016-03-28 18:30:00,16,3,28,18,30,950,572,AUTOROUTE A15,,,Plein jour,Hors agglomération,Hors intersection,Pluie forte,Sans collision,,,,,,,,,,,1,1,1,3,7.0
201600045548,0016-03-28 20:00:00,16,3,28,20,0,930,78,AUTOROUTE A104,48.96362,2.52128,Crépuscule ou aube,Hors agglomération,Hors intersection,Pluie forte,Deux véhicules - côté,,,,,,,,,,,2,1,1,3,3.0
201600045549,0016-03-28 11:20:00,16,3,28,11,20,930,27,AUTOROUTE A86,48.92816,2.41159,Plein jour,Hors agglomération,Hors intersection,Pluie légère,Sans collision,,,,,,,,,,,1,1,1,2,7.0
201600045550,0016-03-29 05:00:00,16,3,29,5,0,930,1,AUTOROUTE A86,48.92094,2.3717,Nuit sans éclairage public,Hors agglomération,Hors intersection,Normale,Deux véhicules - arrière,,,,,,,,,,,3,1,1,1,2.0
201600045551,0016-03-28 12:50:00,16,3,28,12,50,930,5,AUTOROUTE A104,48.96797,2.50964,Plein jour,Hors agglomération,Hors intersection,Pluie légère,Trois véhicules et plus - en chaîne,,,,,,,,,,,1,1,1,2,4.0
201600045552,0016-03-23 09:00:00,16,3,23,9,0,950,500,AUTOROUTE A15,,,Plein jour,Hors agglomération,Hors intersection,Normale,Trois véhicules et plus - en chaîne,,,,,,,,,,,1,1,1,1,4.0
201600045553,0016-03-29 17:25:00,16,3,29,17,25,930,6,AUTOROUTE A3,48.86589,2.42118,Plein jour,Hors agglomération,Hors intersection,Normale,Deux véhicules - côté,,,,,,,,,,,1,1,1,1,3.0
201600045554,0016-03-29 18:30:00,16,3,29,18,30,930,27,AUTOROUTE A1,48.9378,2.41237,Plein jour,Hors agglomération,Hors intersection,Normale,Trois véhicules et plus - en chaîne,,,,,,,,,,,1,1,1,1,4.0
201600045555,0016-03-30 07:25:00,16,3,30,7,25,930,27,AUTOROUTE A1,48.93814,2.41448,Plein jour,Hors agglomération,Hors intersection,Pluie légère,Deux véhicules - côté,,,,,,,,,,,1,1,1,2,3.0
201600045556,0016-03-30 08:40:00,16,3,30,8,40,930,5,AUTOROUTE A3,48.93304,2.48071,Plein jour,Hors agglomération,Hors intersection,Normale,Trois véhicules et plus - en chaîne,,,,,,,,,,,1,1,1,1,4.0
201600045557,0016-03-27 10:15:00,16,3,27,10,15,950,582,AUTOROUTE A15,,,Plein jour,Hors agglomération,Hors intersection,Normale,Trois véhicules et plus - en chaîne,,,,,,,,,,,1,1,1,1,4.0
201600045558,0016-03-30 17:45:00,16,3,30,17,45,930,6,AUTOROUTE A3,48.86996,2.43019,Plein jour,Hors agglomération,Hors intersection,Pluie légère,Deux véhicules - côté,,,,,,,,,,,1,1,1,2,3.0
201600045559,0016-03-30 19:39:00,16,3,30,19,39,930,10,AUTOROUTE A3,48.89699,2.47,Plein jour,Hors agglomération,Hors intersection,Pluie légère,Deux véhicules - côté,,,,,,,,,,,1,1,1,2,3.0
201600045560,0016-03-30 14:00:00,16,3,30,14,0,930,66,AUTOROUTE A1,48.93237,2.37256,Plein jour,Hors agglomération,Hors intersection,Pluie légère,Trois véhicules et plus - en chaîne,,,,,,,,,,,1,1,1,2,4.0
201600045561,0016-03-30 20:00:00,16,3,30,20,0,950,491,AUTOROUTE A115,,,Nuit sans éclairage public,Hors agglomération,Hors intersection,Normale,Deux véhicules - arrière,,,,,,,,,,,3,1,1,1,2.0
201600045562,0016-03-31 23:30:00,16,3,31,23,30,950,527,AUTOROUTE A3,,,Nuit sans éclairage public,Hors agglomération,Hors intersection,Normale,Trois véhicules et plus - collisions multiples,,,,,,,,,,,3,1,1,1,5.0
201600045563,0016-04-01 02:45:00,16,4,1,2,45,950,582,AUTOROUTE A15,,,Nuit sans éclairage public,Hors agglomération,Hors intersection,Normale,Autre collision,,,,,,,,,,,3,1,1,1,6.0
201600045564,0016-03-29 12:40:00,16,3,29,12,40,930,64,AUTOROUTE A86,48.8813,2.47421,Plein jour,Hors agglomération,Hors intersection,Normale,Deux véhicules - frontale,,,,,,,,,,,1,1,1,1,1.0
201600045565,0016-04-01 13:00:00,16,4,1,13,0,930,1,AUTOROUTE A86,48.92143,2.37571,Plein jour,Hors agglomération,Hors intersection,Normale,Deux véhicules - côté,,,,,,,,,,,1,1,1,1,3.0
201600045566,0016-04-01 14:35:00,16,4,1,14,35,930,66,AUTOROUTE A1,48.91034,2.35825,Plein jour,Hors agglomération,Hors intersection,Normale,Deux véhicules - frontale,,,,,,,,,,,1,1,1,1,1.0
201600045567,0016-04-03 04:00:00,16,4,3,4,0,930,64,AUTOROUTE A86,48.86675,2.48163,Nuit sans éclairage public,Hors agglomération,Hors intersection,Pluie légère,Deux véhicules - arrière,,,,,,,,,,,3,1,1,2,2.0
201600045568,0016-04-03 07:20:00,16,4,3,7,20,950,394,ROUTE NATIONALE 184,,,Crépuscule ou aube,Hors agglomération,Hors intersection,Pluie légère,Autre collision,,,,,,,,,,,2,1,1,2,6.0
201600045569,0016-04-03 08:05:00,16,4,3,8,5,930,1,AUTOROUTE A86,48.92181,2.36544,Plein jour,Hors agglomération,Hors intersection,Normale,Deux véhicules - côté,,,,,,,,,,,1,1,1,1,3.0
201600045570,0016-04-03 09:00:00,16,4,3,9,0,920,36,AUTOROUTE A15,,,Plein jour,Hors agglomération,Hors intersection,Normale,Autre collision,,,,,,,,,,,1,1,1,1,6.0
201600045571,0016-04-04 07:30:00,16,4,4,7,30,950,582,AUTOROUTE A15,,,Plein jour,Hors agglomération,Hors intersection,Temps couvert,Sans collision,,,,,,,,,,,1,1,1,8,7.0
201600045572,0016-04-04 08:30:00,16,4,4,8,30,930,78,AUTOROUTE A104,48.95842,2.53351,Plein jour,Hors agglomération,Hors intersection,Temps couvert,Autre collision,,,,,,,,,,,1,1,1,8,6.0
201600045573,0016-04-04 16:00:00,16,4,4,16,0,930,13,AUTOROUTE A1,48.9408,2.42537,Plein jour,Hors agglomération,Hors intersection,Normale,Autre collision,,,,,,,,,,,1,1,1,1,6.0
201600045574,0016-04-05 08:00:00,16,4,5,8,0,950,424,AUTOROUTE A15,,,Plein jour,Hors agglomération,Hors intersection,Normale,Sans collision,,,,,,,,,,,1,1,1,1,7.0
201600045575,0016-04-06 09:30:00,16,4,6,9,30,930,5,AUTOROUTE A3,48.96021,2.47343,Plein jour,Hors agglomération,Hors intersection,Normale,Deux véhicules - arrière,,,,,,,,,,,1,1,1,1,2.0
201600045576,0016-04-06 08:30:00,16,4,6,8,30,930,10,AUTOROUTE A3,48.90403,2.47153,Plein jour,Hors agglomération,Hors intersection,Normale,Deux véhicules - côté,,,,,,,,,,,1,1,1,1,3.0
201600045577,0016-04-05 09:40:00,16,4,5,9,40,920,36,AUTOROUTE A86,,,Plein jour,Hors agglomération,Hors intersection,Normale,Deux véhicules - arrière,,,,,,,,,,,1,1,1,1,2.0
201600045578,0016-04-06 08:30:00,16,4,6,8,30,950,18,AUTOROUTE A15,,,Plein jour,Hors agglomération,Hors intersection,Normale,Deux véhicules - côté,,,,,,,,,,,1,1,1,1,3.0
201600045579,0016-04-06 12:15:00,16,4,6,12,15,930,66,AUTOROUTE A1,48.9139,2.3578,Plein jour,Hors agglomération,Hors intersection,Normale,Trois véhicules et plus - en chaîne,,,,,,,,,,,1,1,1,1,4.0
201600045580,0016-04-06 21:15:00,16,4,6,21,15,600,612,AUTOROUTE A1,49.18179,2.6047,Nuit sans éclairage public,Hors agglomération,Hors intersection,Normale,Trois véhicules et plus - collisions multiples,,,,,,,,,,,3,1,1,1,5.0
201600045581,0016-04-06 19:30:00,16,4,6,19,30,930,27,AUTOROUTE A86,48.92475,2.3913,Plein jour,Hors agglomération,Hors intersection,Pluie légère,Deux véhicules - arrière,,,,,,,,,,,1,1,1,2,2.0
201600045582,0016-04-06 19:05:00,16,4,6,19,5,950,18,AUTOROUTE A15,,,Plein jour,Hors agglomération,Hors intersection,Pluie légère,Trois véhicules et plus - en chaîne,,,,,,,,,,,1,1,1,2,4.0
201600045583,0016-04-07 08:45:00,16,4,7,8,45,950,582,AUTOROUTE A15,,,Plein jour,Hors agglomération,Hors intersection,Normale,Deux véhicules - côté,,,,,,,,,,,1,1,1,1,3.0
201600045584,0016-04-07 15:00:00,16,4,7,15,0,930,73,AUTOROUTE A104,48.96612,2.55828,Plein jour,Hors agglomération,Hors intersection,Pluie légère,Trois véhicules et plus - en chaîne,,,,,,,,,,,1,1,1,2,4.0
201600045585,0016-04-07 16:46:00,16,4,7,16,46,930,5,AUTOROUTE A3,48.92698,2.48156,Plein jour,Hors agglomération,Hors intersection,Pluie légère,Trois véhicules et plus - en chaîne,,,,,,,,,,,1,1,1,2,4.0
201600045586,0016-03-31 19:40:00,16,3,31,19,40,950,256,AUTOROUTE A115,,,Plein jour,Hors agglomération,Hors intersection,Normale,Autre collision,,,,,,,,,,,1,1,1,1,6.0
201600045587,0016-03-31 20:30:00,16,3,31,20,30,950,256,AUTOROUTE A115,,,Nuit sans éclairage public,Hors agglomération,Hors intersection,Pluie légère,Autre collision,,,,,,,,,,,3,1,1,2,6.0
201600045588,0016-04-07 06:55:00,16,4,7,6,55,930,10,AUTOROUTE A3,48.88893,2.47375,Plein jour,Hors agglomération,Hors intersection,Normale,Deux véhicules - côté,,,,,,,,,,,1,1,1,1,3.0
201600045589,0016-04-08 06:25:00,16,4,8,6,25,950,572,AUTOROUTE A15,,,Nuit sans éclairage public,Hors agglomération,Hors intersection,Normale,Deux véhicules - arrière,,,,,,,,,,,3,1,1,1,2.0
201600045590,0016-04-08 10:15:00,16,4,8,10,15,930,48,AUTOROUTE A86,48.85861,2.48751,Plein jour,Hors agglomération,Hors intersection,Normale,Deux véhicules - côté,,,,,,,,,,,1,1,1,1,3.0
201600045591,0016-04-08 16:00:00,16,4,8,16,0,950,678,ROUTE NATIONALE 184,,,Plein jour,Hors agglomération,Hors intersection,Normale,Deux véhicules - arrière,,,,,,,,,,,1,1,1,1,2.0
201600045592,0016-04-08 16:05:00,16,4,8,16,5,950,563,AUTOROUTE A115,,,Plein jour,Hors agglomération,Hors intersection,Normale,Autre collision,,,,,,,,,,,1,1,1,1,6.0
201600045593,0016-04-09 03:45:00,16,4,9,3,45,930,53,AUTOROUTE A3,48.89613,2.47042,Nuit avec éclairage non allumé,Hors agglomération,Hors intersection,Normale,Deux véhicules - arrière,,,,,,,,,,,4,1,1,1,2.0
201600045594,0016-04-09 22:45:00,16,4,9,22,45,930,5,AUTOROUTE A1,48.96072,2.46789,Nuit sans éclairage public,Hors agglomération,Hors intersection,Normale,Autre collision,,,,,,,,,,,3,1,1,1,6.0
201600045595,0016-04-10 08:10:00,16,4,10,8,10,930,78,AUTOROUTE A104,48.95899,2.52759,Plein jour,Hors agglomération,Hors intersection,Normale,Deux véhicules - arrière,,,,,,,,,,,1,1,1,1,2.0
201600045596,0016-04-11 12:30:00,16,4,11,12,30,920,36,AUTOROUTE A15,,,Plein jour,Hors agglomération,Hors intersection,Pluie légère,Autre collision,,,,,,,,,,,1,1,1,2,6.0
201600045597,0016-04-11 11:00:00,16,4,11,11,0,930,27,AUTOROUTE A86,48.92827,2.41224,Plein jour,Hors agglomération,Hors intersection,Pluie légère,Autre collision,,,,,,,,,,,1,1,1,2,6.0
201600045598,0016-04-11 15:20:00,16,4,11,15,20,930,7,AUTOROUTE A3,48.93141,2.48115,Plein jour,Hors agglomération,Hors intersection,Normale,Autre collision,,,,,,,,,,,1,1,1,1,6.0
201600045599,0016-04-12 12:38:00,16,4,12,12,38,930,5,AUTOROUTE A3,48.95177,2.47432,Plein jour,Hors agglomération,Hors intersection,Normale,Autre collision,,,,,,,,,,,1,1,1,1,6.0
201600045600,0016-04-08 09:00:00,16,4,8,9,0,600,612,AUTOROUTE A1,49.17798,2.60453,Plein jour,Hors agglomération,Hors intersection,Normale,Deux véhicules - arrière,,,,,,,,,,,1,1,1,1,2.0
201600045601,0016-04-11 16:00:00,16,4,11,16,0,930,6,AUTOROUTE A3,48.86638,2.4132,Plein jour,Hors agglomération,Hors intersection,Pluie légère,Deux véhicules - arrière,,,,,,,,,,,1,1,1,2,2.0
201600045602,0016-04-13 09:30:00,16,4,13,9,30,930,7,AUTOROUTE A1,48.94926,2.44675,Plein jour,Hors agglomération,Hors intersection,Pluie légère,Trois véhicules et plus - en chaîne,,,,,,,,,,,1,1,1,2,4.0
201600045603,0016-04-13 20:00:00,16,4,13,20,0,930,6,AUTOROUTE A3,48.86567,2.4199,Plein jour,Hors agglomération,Hors intersection,Normale,Deux véhicules - frontale,,,,,,,,,,,1,1,1,1,1.0
201600045604,0016-04-13 13:40:00,16,4,13,13,40,930,7,AUTOROUTE A1,48.94235,2.43179,Plein jour,Hors agglomération,Hors intersection,Normale,Deux véhicules - arrière,,,,,,,,,,,1,1,1,1,2.0
201600045605,0016-04-14 18:30:00,16,4,14,18,30,920,36,AUTOROUTE A86,,,Plein jour,Hors agglomération,Hors intersection,Pluie légère,Autre collision,,,,,,,,,,,1,1,1,2,6.0
201600045606,0016-04-15 08:35:00,16,4,15,8,35,950,582,AUTOROUTE A15,,,Plein jour,Hors agglomération,Hors intersection,Normale,Sans collision,,,,,,,,,,,1,1,1,1,7.0
201600045607,0016-04-15 17:35:00,16,4,15,17,35,950,572,AUTOROUTE A15,,,Plein jour,Hors agglomération,Hors intersection,Normale,Trois véhicules et plus - en chaîne,,,,,,,,,,,1,1,1,1,4.0
201600045608,0016-04-15 18:30:00,16,4,15,18,30,920,36,AUTOROUTE A15,,,Plein jour,Hors agglomération,Hors intersection,Normale,Trois véhicules et plus - en chaîne,,,,,,,,,,,1,1,1,1,4.0
201600045609,0016-04-15 22:55:00,16,4,15,22,55,930,1,AUTOROUTE A86,48.92087,2.37174,Nuit sans éclairage public,Hors agglomération,Hors intersection,Normale,Deux véhicules - côté,,,,,,,,,,,3,1,1,1,3.0
201600045610,0016-04-16 01:30:00,16,4,16,1,30,950,604,AUTOROUTE A1,,,Nuit sans éclairage public,Hors agglomération,Hors intersection,Normale,Trois véhicules et plus - en chaîne,,,,,,,,,,,3,1,1,1,4.0
201600045611,0016-04-16 20:48:00,16,4,16,20,48,930,5,AUTOROUTE A3,48.9207,2.47931,Nuit sans éclairage public,Hors agglomération,Hors intersection,Normale,Deux véhicules - côté,,,,,,,,,,,3,1,1,1,3.0
201600045612,0016-04-16 16:00:00,16,4,16,16,0,930,78,AUTOROUTE A104,,,Plein jour,Hors agglomération,Hors intersection,Normale,Trois véhicules et plus - collisions multiples,,,,,,,,,,,1,1,1,1,5.0
201600045613,0016-04-12 18:35:00,16,4,12,18,35,930,66,AUTOROUTE A1,48.90385,2.3585,Plein jour,Hors agglomération,Hors intersection,Normale,Sans collision,,,,,,,,,,,1,1,1,1,7.0
201600045614,0016-04-11 18:30:00,16,4,11,18,30,930,27,AUTOROUTE A86,48.92468,2.38982,Plein jour,Hors agglomération,Hors intersection,Pluie légère,Trois véhicules et plus - en chaîne,,,,,,,,,,,1,1,1,2,4.0
201600045615,0016-04-17 23:45:00,16,4,17,23,45,950,252,AUTOROUTE A15,,,Nuit sans éclairage public,Hors agglomération,Hors intersection,Normale,Deux véhicules - arrière,,,,,,,,,,,3,1,1,1,2.0
201600045616,0016-04-18 12:30:00,16,4,18,12,30,930,5,AUTOROUTE A3,,,Plein jour,Hors agglomération,Hors intersection,Normale,Deux véhicules - arrière,,,,,,,,,,,1,1,1,1,2.0
201600045617,0016-04-18 17:10:00,16,4,18,17,10,930,39,AUTOROUTE A86,48.92731,2.33419,Plein jour,Hors agglomération,Hors intersection,Normale,Autre collision,,,,,,,,,,,1,1,1,1,6.0
201600045618,0016-04-18 18:00:00,16,4,18,18,0,950,572,ROUTE NATIONALE 184,,,Plein jour,Hors agglomération,Hors intersection,Normale,Trois véhicules et plus - en chaîne,,,,,,,,,,,1,1,1,1,4.0
201600045619,0016-04-18 19:00:00,16,4,18,19,0,950,18,AUTOROUTE A15,,,Plein jour,Hors agglomération,Hors intersection,Normale,Deux véhicules - arrière,,,,,,,,,,,1,1,1,1,2.0
201600045620,0016-04-19 15:00:00,16,4,19,15,0,930,6,AUTOROUTE A3,48.8669,2.4253,Plein jour,Hors agglomération,Hors intersection,Normale,Autre collision,,,,,,,,,,,1,1,1,1,6.0
201600045621,0016-04-19 17:00:00,16,4,19,17,0,930,5,AUTOROUTE A3,48.93795,2.48004,Plein jour,Hors agglomération,Hors intersection,Normale,Trois véhicules et plus - en chaîne,,,,,,,,,,,1,1,1,1,4.0
201600045622,0016-04-07 11:00:00,16,4,7,11,0,950,277,AUTOROUTE A3,,,Plein jour,Hors agglomération,Hors intersection,Normale,Deux véhicules - côté,,,,,,,,,,,1,1,1,1,3.0
201600045623,0016-04-07 10:20:00,16,4,7,10,20,950,18,AUTOROUTE A15,,,Plein jour,Hors agglomération,Hors intersection,Normale,Deux véhicules - côté,,,,,,,,,,,1,1,1,1,3.0
201600045624,0016-04-18 14:10:00,16,4,18,14,10,930,7,AUTOROUTE A3,48.93146,2.48109,Plein jour,Hors agglomération,Hors intersection,Normale,Deux véhicules - côté,,,,,,,,,,,1,1,1,1,3.0
201600045625,0016-04-20 07:15:00,16,4,20,7,15,930,48,AUTOROUTE A3,48.87244,2.43413,Plein jour,Hors agglomération,Hors intersection,Normale,Trois véhicules et plus - en chaîne,,,,,,,,,,,1,1,1,1,4.0
201600045626,0016-04-18 20:50:00,16,4,18,20,50,930,66,AUTOROUTE A86,48.92279,2.34501,Crépuscule ou aube,Hors agglomération,Hors intersection,Normale,Deux véhicules - arrière,,,,,,,,,,,2,1,1,1,2.0
201600045627,0016-04-20 18:00:00,16,4,20,18,0,950,563,AUTOROUTE A115,,,Plein jour,Hors agglomération,Hors intersection,Normale,Deux véhicules - côté,,,,,,,,,,,1,1,1,1,3.0
201600045628,0016-04-21 16:40:00,16,4,21,16,40,930,78,AUTOROUTE A104,,,Plein jour,Hors agglomération,Hors intersection,Normale,Autre collision,,,,,,,,,,,1,1,1,1,6.0
201600045629,0016-04-21 19:50:00,16,4,21,19,50,950,582,AUTOROUTE A15,,,Crépuscule ou aube,Hors agglomération,Hors intersection,Normale,Trois véhicules et plus - collisions multiples,,,,,,,,,,,2,1,1,1,5.0
201600045630,0016-04-22 00:45:00,16,4,22,0,45,930,64,AUTOROUTE A3,48.88392,2.46628,Nuit sans éclairage public,Hors agglomération,Hors intersection,Normale,Trois véhicules et plus - collisions multiples,,,,,,,,,,,3,1,1,1,5.0
201600045631,0016-04-02 14:45:00,16,4,2,14,45,950,572,AUTOROUTE A15,,,Plein jour,Hors agglomération,Hors intersection,Normale,Deux véhicules - arrière,,,,,,,,,,,1,1,1,1,2.0
201600045632,0016-04-22 15:00:00,16,4,22,15,0,930,66,AUTOROUTE A1,48.9097,2.3581,Plein jour,Hors agglomération,Hors intersection,Normale,Deux véhicules - arrière,,,,,,,,,,,1,1,1,1,2.0
201600045633,0016-04-22 18:20:00,16,4,22,18,20,950,252,AUTOROUTE A15,,,Plein jour,Hors agglomération,Hors intersection,Normale,Autre collision,,,,,,,,,,,1,1,1,1,6.0
201600045634,0016-04-22 18:05:00,16,4,22,18,5,600,631,AUTOROUTE A1,49.14216,2.57363,Plein jour,Hors agglomération,Hors intersection,Normale,Sans collision,,,,,,,,,,,1,1,1,1,7.0
201600045635,0016-04-22 21:20:00,16,4,22,21,20,930,10,AUTOROUTE A3,48.89158,2.473,Nuit sans éclairage public,Hors agglomération,Hors intersection,Normale,Deux véhicules - côté,,,,,,,,,,,3,1,1,1,3.0