accident_id,datetime,annee,mois,jour,heure,minute,departement,commune_insee,adresse,latitude,longitude,luminosite,agglomeration,intersection,meteo,collision,nb_vehicules,nb_usagers,nb_indemnes,nb_tues,nb_blesses_hosp,nb_blesses_legers,age_cond_1,age_cond_2,veh_type_cond_1,veh_type_cond_2,lum_code,agg_code,int_code,atm_code,col_code
201600045762,0016-05-28 18:15:00,16,5,28,18,15,920,78,AUTOROUTE A86,,,Plein jour,Hors agglomération,Hors intersection,Pluie légère,Trois véhicules et plus - en chaîne,,,,,,,,,,,1,1,1,2,4.0
201600045763,0016-05-28 04:30:00,16,5,28,4,30,950,424,AUTOROUTE A15,,,Nuit sans éclairage public,Hors agglomération,Hors intersection,Temps couvert,Trois véhicules et plus - en chaîne,,,,,,,,,,,3,1,1,8,4.0
201600045764,0016-05-29 02:10:00,16,5,29,2,10,930,8,AUTOROUTE A86,48.91123,2.44085,Nuit avec éclairage allumé,Hors agglomération,Hors intersection,Normale,Autre collision,,,,,,,,,,,5,1,1,1,6.0
201600045765,0016-05-29 00:30:00,16,5,29,0,30,930,66,AUTOROUTE A1,48.92115,2.35741,Nuit avec éclairage allumé,Hors agglomération,Hors intersection,Normale,Deux véhicules - arrière,,,,,,,,,,,5,1,1,1,2.0
201600045766,0016-05-28 20:30:00,16,5,28,20,30,950,582,AUTOROUTE A15,,,Plein jour,Hors agglomération,Hors intersection,Pluie légère,Trois véhicules et plus - collisions multiples,,,,,,,,,,,1,1,1,2,5.0
201600045767,0016-05-29 11:00:00,16,5,29,11,0,930,27,AUTOROUTE A86,48.92337,2.38337,Plein jour,Hors agglomération,Hors intersection,Normale,Autre collision,,,,,,,,,,,1,1,1,1,6.0
201600045768,0016-05-30 08:40:00,16,5,30,8,40,950,582,AUTOROUTE A15,,,Plein jour,Hors agglomération,Hors intersection,Pluie forte,Autre collision,,,,,,,,,,,1,1,1,3,6.0
201600045769,0016-05-30 11:30:00,16,5,30,11,30,950,18,AUTOROUTE A15,,,Plein jour,Hors agglomération,Hors intersection,Pluie forte,Autre collision,,,,,,,,,,,1,1,1,3,6.0
201600045770,0016-05-30 21:20:00,16,5,30,21,20,930,27,AUTOROUTE A86,48.92846,2.41633,Nuit sans éclairage public,Hors agglomération,Hors intersection,Pluie légère,Sans collision,,,,,,,,,,,3,1,1,2,7.0
201600045771,0016-05-30 23:55:00,16,5,30,23,55,950,252,AUTOROUTE A115,,,Nuit sans éclairage public,Hors agglomération,Hors intersection,Pluie légère,Deux véhicules - arrière,,,,,,,,,,,3,1,1,2,2.0
201600045772,0016-05-30 23:20:00,16,5,30,23,20,950,582,AUTOROUTE A15,,,Nuit sans éclairage public,Hors agglomération,Hors intersection,Pluie forte,Deux véhicules - côté,,,,,,,,,,,3,1,1,3,3.0
201600045773,0016-05-31 05:50:00,16,5,31,5,50,930,27,AUTOROUTE A86,48.92856,2.41493,Crépuscule ou aube,Hors agglomération,Hors intersection,Pluie forte,Autre collision,,,,,,,,,,,2,1,1,3,6.0
201600045774,0016-05-02 09:20:00,16,5,2,9,20,930,8,AUTOROUTE A86,48.90826,2.45161,Plein jour,Hors agglomération,Hors intersection,Normale,Trois véhicules et plus - en chaîne,,,,,,,,,,,1,1,1,1,4.0
201600045775,0016-05-24 16:50:00,16,5,24,16,50,930,7,AUTOROUTE A1,48.94628,2.4419,Plein jour,Hors agglomération,Hors intersection,Normale,Deux véhicules - arrière,,,,,,,,,,,1,1,1,1,2.0
201600045776,0016-05-29 19:05:00,16,5,29,19,5,930,63,AUTOROUTE A3,48.87806,2.44575,Plein jour,Hors agglomération,Hors intersection,Normale,Trois véhicules et plus - en chaîne,,,,,,,,,,,1,1,1,1,4.0
201600045777,0016-05-31 22:00:00,16,5,31,22,0,950,277,AUTOROUTE A104,48.9735,2.4859,Nuit sans éclairage public,Hors agglomération,Hors intersection,Pluie légère,Sans collision,,,,,,,,,,,3,1,1,2,7.0
201600045778,0016-05-31 21:40:00,16,5,31,21,40,930,27,AUTOROUTE A86,48.92774,2.40983,Nuit sans éclairage public,Hors agglomération,Hors intersection,Pluie légère,Autre collision,,,,,,,,,,,3,1,1,2,6.0
201600045779,0016-05-31 23:15:00,16,5,31,23,15,930,66,AUTOROUTE A1,48.93447,2.39765,Nuit sans éclairage public,Hors agglomération,Hors intersection,Pluie légère,Autre collision,,,,,,,,,,,3,1,1,2,6.0
201600045780,0016-05-11 19:15:00,16,5,11,19,15,920,36,AUTOROUTE A86,,,Plein jour,Hors agglomération,Hors intersection,Normale,Sans collision,,,,,,,,,,,1,1,1,1,7.0
201600045781,0016-05-31 18:30:00,16,5,31,18,30,950,582,AUTOROUTE A15,,,Plein jour,Hors agglomération,Hors intersection,Pluie légère,Deux véhicules - côté,,,,,,,,,,,1,1,1,2,3.0
201600045782,0016-05-31 20:40:00,16,5,31,20,40,930,64,AUTOROUTE A103,48.88458,2.49093,Plein jour,Hors agglomération,Hors intersection,Pluie légère,Sans collision,,,,,,,,,,,1,1,1,2,7.0
201600045783,0016-06-01 14:15:00,16,6,1,14,15,600,612,AUTOROUTE A1,49.18842,2.60415,Plein jour,Hors agglomération,Hors intersection,Normale,Sans collision,,,,,,,,,,,1,1,1,1,7.0
201600045784,0016-06-01 00:50:00,16,6,1,0,50,950,607,AUTOROUTE A115,,,Nuit sans éclairage public,Hors agglomération,Hors intersection,Pluie légère,Autre collision,,,,,,,,,,,3,1,1,2,6.0
201600045785,0016-06-01 18:00:00,16,6,1,18,0,600,612,AUTOROUTE A1,49.19538,2.60397,Plein jour,Hors agglomération,Hors intersection,Pluie forte,Trois véhicules et plus - collisions multiples,,,,,,,,,,,1,1,1,3,5.0
201600045786,0016-06-01 19:00:00,16,6,1,19,0,930,63,AUTOROUTE A3,48.8778,2.44519,Plein jour,Hors agglomération,Hors intersection,Pluie légère,Deux véhicules - arrière,,,,,,,,,,,1,1,1,2,2.0
201600045787,0016-06-02 16:35:00,16,6,2,16,35,930,78,AUTOROUTE A104,48.96357,2.55094,Plein jour,Hors agglomération,Hors intersection,Normale,Deux véhicules - frontale,,,,,,,,,,,1,1,1,1,1.0
201600045788,0016-06-02 17:00:00,16,6,2,17,0,930,10,AUTOROUTE A3,48.88903,2.47392,Plein jour,Hors agglomération,Hors intersection,Pluie légère,Trois véhicules et plus - collisions multiples,,,,,,,,,,,1,1,1,2,5.0
201600045789,0016-06-03 09:15:00,16,6,3,9,15,950,18,AUTOROUTE A15,,,Plein jour,Hors agglomération,Hors intersection,Normale,Deux véhicules - côté,,,,,,,,,,,1,1,1,1,3.0
201600045790,0016-06-03 10:15:00,16,6,3,10,15,930,66,AUTOROUTE A1,48.91899,2.35729,Plein jour,Hors agglomération,Hors intersection,Pluie légère,Deux véhicules - frontale,,,,,,,,,,,1,1,1,2,1.0
201600045791,0016-04-30 06:00:00,16,4,30,6,0,930,5,AUTOROUTE A3,48.9378,2.47988,Crépuscule ou aube,Hors agglomération,Hors intersection,Normale,Autre collision,,,,,,,,,,,2,1,1,1,6.0
201600045792,0016-06-03 15:15:00,16,6,3,15,15,950,394,ROUTE NATIONALE 184,,,Plein jour,Hors agglomération,Hors intersection,Normale,Autre collision,,,,,,,,,,,1,1,1,1,6.0
201600045793,0016-06-03 17:15:00,16,6,3,17,15,950,572,AUTOROUTE A15,,,Plein jour,Hors agglomération,Hors intersection,Normale,Deux véhicules - arrière,,,,,,,,,,,1,1,1,1,2.0
201600045794,0016-06-03 14:50:00,16,6,3,14,50,930,63,AUTOROUTE A3,48.87835,2.44648,Plein jour,Hors agglomération,Hors intersection,Normale,Deux véhicules - arrière,,,,,,,,,,,1,1,1,1,2.0
201600045795,0016-06-03 22:30:00,16,6,3,22,30,930,53,AUTOROUTE A3,48.89491,2.47105,Nuit sans éclairage public,Hors agglomération,Hors intersection,Normale,Trois véhicules et plus - en chaîne,,,,,,,,,,,3,1,1,1,4.0
201600045796,0016-06-03 19:45:00,16,6,3,19,45,930,78,AUTOROUTE A104,48.96342,2.52122,Plein jour,Hors agglomération,Hors intersection,Normale,Sans collision,,,,,,,,,,,1,1,1,1,7.0
201600045797,0016-06-04 10:45:00,16,6,4,10,45,930,5,AUTOROUTE A3,48.95009,2.47483,Plein jour,Hors agglomération,Hors intersection,Normale,Deux véhicules - arrière,,,,,,,,,,,1,1,1,1,2.0
201600045798,0016-04-24 20:45:00,16,4,24,20,45,950,582,AUTOROUTE A15,,,Plein jour,Hors agglomération,Hors intersection,Normale,Autre collision,,,,,,,,,,,1,1,1,1,6.0
201600045799,0016-03-09 09:30:00,16,3,9,9,30,920,36,AUTOROUTE A86,,,Plein jour,Hors agglomération,Hors intersection,Normale,Deux véhicules - côté,,,,,,,,,,,1,1,1,1,3.0
201600045800,0016-06-01 08:40:00,16,6,1,8,40,950,252,AUTOROUTE A15,,,Plein jour,Hors agglomération,Hors intersection,Pluie légère,Trois véhicules et plus - collisions multiples,,,,,,,,,,,1,1,1,2,5.0
201600045801,0016-06-05 03:00:00,16,6,5,3,0,930,27,AUTOROUTE A86,48.92817,2.41761,Nuit sans éclairage public,Hors agglomération,Hors intersection,Pluie légère,Autre collision,,,,,,,,,,,3,1,1,2,6.0
201600045802,0016-06-05 08:55:00,16,6,5,8,55,950,582,AUTOROUTE A15,,,Plein jour,Hors agglomération,Hors intersection,Pluie légère,Autre collision,,,,,,,,,,,1,1,1,2,6.0
201600045803,0016-06-05 06:45:00,16,6,5,6,45,930,27,AUTOROUTE A86,48.92911,2.55004,Plein jour,Hors agglomération,Hors intersection,Pluie légère,Autre collision,,,,,,,,,,,1,1,1,2,6.0
201600045804,0016-06-05 06:55:00,16,6,5,6,55,930,27,AUTOROUTE A86,48.92829,2.41227,Plein jour,Hors agglomération,Hors intersection,Pluie légère,Deux véhicules - frontale,,,,,,,,,,,1,1,1,2,1.0
201600045805,0016-06-05 11:00:00,16,6,5,11,0,930,27,AUTOROUTE A86,48.92774,2.40983,Plein jour,Hors agglomération,Hors intersection,Normale,Deux véhicules - frontale,,,,,,,,,,,1,1,1,1,1.0
201600045806,0016-06-01 05:45:00,16,6,1,5,45,950,277,AUTOROUTE A104,48.9728,2.4872,Plein jour,Hors agglomération,Hors intersection,Pluie forte,Trois véhicules et plus - collisions multiples,,,,,,,,,,,1,1,1,3,5.0
201600045807,0016-06-05 11:55:00,16,6,5,11,55,930,48,AUTOROUTE A3,48.87179,2.43337,Plein jour,Hors agglomération,Hors intersection,Normale,Deux véhicules - frontale,,,,,,,,,,,1,1,1,1,1.0
201600045808,0016-06-01 10:15:00,16,6,1,10,15,950,18,AUTOROUTE A15,,,Plein jour,Hors agglomération,Hors intersection,Normale,Autre collision,,,,,,,,,,,1,1,1,1,6.0
201600045809,0016-06-05 17:20:00,16,6,5,17,20,930,63,AUTOROUTE A3,48.88035,2.45111,Plein jour,Hors agglomération,Hors intersection,Normale,Trois véhicules et plus - en chaîne,,,,,,,,,,,1,1,1,1,4.0
201600045810,0016-06-05 23:10:00,16,6,5,23,10,950,277,RD 170,48.9758,2.4822,Nuit sans éclairage public,Hors agglomération,Hors intersection,Normale,Deux véhicules - arrière,,,,,,,,,,,3,1,1,1,2.0
201600045811,0016-06-05 21:10:00,16,6,5,21,10,950,582,AUTOROUTE A15,,,Crépuscule ou aube,Hors agglomération,Hors intersection,Normale,Autre collision,,,,,,,,,,,2,1,1,1,6.0
201600045812,0016-06-06 08:40:00,16,6,6,8,40,930,5,AUTOROUTE A3,48.96803,2.47786,Plein jour,Hors agglomération,Hors intersection,Brouillard / fumée,Autre collision,,,,,,,,,,,1,1,1,5,6.0
201600045813,0016-06-05 20:10:00,16,6,5,20,10,950,154,AUTOROUTE A1,,,Plein jour,Hors agglomération,Hors intersection,Normale,Deux véhicules - arrière,,,,,,,,,,,1,1,1,1,2.0
201600045814,0016-06-06 16:35:00,16,6,6,16,35,920,78,AUTOROUTE A86,,,Plein jour,Hors agglomération,Hors intersection,Normale,Deux véhicules - côté,,,,,,,,,,,1,1,1,1,3.0
201600045815,0016-06-06 17:50:00,16,6,6,17,50,950,219,AUTOROUTE A115,,,Plein jour,Hors agglomération,Hors intersection,Normale,Deux véhicules - arrière,,,,,,,,,,,1,1,1,1,2.0
201600045816,0016-06-06 19:00:00,16,6,6,19,0,930,53,AUTOROUTE A3,48.88979,2.47343,Plein jour,Hors agglomération,Hors intersection,Normale,Deux véhicules - côté,,,,,,,,,,,1,1,1,1,3.0
201600045817,0016-06-06 19:40:00,16,6,6,19,40,950,256,ROUTE NATIONALE 184,,,Plein jour,Hors agglomération,Hors intersection,Normale,Deux véhicules - côté,,,,,,,,,,,1,1,1,1,3.0
201600045818,0016-06-06 10:02:00,16,6,6,10,2,600,138,AUTOROUTE A1,49.22217,2.64058,Plein jour,Hors agglomération,Hors intersection,Normale,Sans collision,,,,,,,,,,,1,1,1,1,7.0
201600045819,0016-06-07 14:30:00,16,6,7,14,30,920,78,AUTOROUTE A86,,,Plein jour,Hors agglomération,Hors intersection,Normale,Deux véhicules - arrière,,,,,,,,,,,1,1,1,1,2.0
201600045820,0016-06-07 14:30:00,16,6,7,14,30,920,36,AUTOROUTE A86,,,Plein jour,Hors agglomération,Hors intersection,Normale,Deux véhicules - frontale,,,,,,,,,,,1,1,1,1,1.0
201600045821,0016-06-07 14:50:00,16,6,7,14,50,930,53,AUTOROUTE A3,48.89372,2.47234,Plein jour,Hors agglomération,Hors intersection,Normale,Deux véhicules - côté,,,,,,,,,,,1,1,1,1,3.0
201600045822,0016-06-06 18:55:00,16,6,6,18,55,950,394,ROUTE NATIONALE 184,,,Plein jour,Hors agglomération,Hors intersection,Normale,Deux véhicules - côté,,,,,,,,,,,1,1,1,1,3.0
201600045823,0016-06-07 20:20:00,16,6,7,20,20,930,6,AUTOROUTE A3,48.86581,2.42172,Plein jour,Hors agglomération,Hors intersection,Normale,Deux véhicules - côté,,,,,,,,,,,1,1,1,1,3.0
201600045824,0016-06-08 08:55:00,16,6,8,8,55,950,277,AUTOROUTE A1,,,Plein jour,Hors agglomération,Hors intersection,Normale,Deux véhicules - côté,,,,,,,,,,,1,1,1,1,3.0
201600045825,0016-06-08 09:10:00,16,6,8,9,10,950,365,RN 104,,,Plein jour,Hors agglomération,Hors intersection,Normale,Deux véhicules - arrière,,,,,,,,,,,1,1,1,1,2.0
201600045826,0016-06-08 14:45:00,16,6,8,14,45,950,572,ROUTE NATIONALE 184,,,Plein jour,Hors agglomération,Hors intersection,Normale,Trois véhicules et plus - en chaîne,,,,,,,,,,,1,1,1,1,4.0
201600045827,0016-06-08 17:50:00,16,6,8,17,50,950,212,AUTOROUTE A1,,,Plein jour,Hors agglomération,Hors intersection,Normale,Autre collision,,,,,,,,,,,1,1,1,1,6.0
201600045828,0016-06-08 19:30:00,16,6,8,19,30,930,66,AUTOROUTE A86,48.92209,2.36411,Plein jour,Hors agglomération,Hors intersection,Normale,Deux véhicules - côté,,,,,,,,,,,1,1,1,1,3.0
201600045829,0016-06-08 08:30:00,16,6,8,8,30,950,607,AUTOROUTE A115,,,Plein jour,Hors agglomération,Hors intersection,Normale,Trois véhicules et plus - en chaîne,,,,,,,,,,,1,1,1,1,4.0
201600045830,0016-06-09 18:25:00,16,6,9,18,25,920,36,AUTOROUTE A15,,,Plein jour,Hors agglomération,Hors intersection,Normale,Deux véhicules - arrière,,,,,,,,,,,1,1,1,1,2.0
201600045831,0016-06-09 18:10:00,16,6,9,18,10,930,5,AUTOROUTE A3,48.9233,2.48049,Plein jour,Hors agglomération,Hors intersection,Normale,Deux véhicules - arrière,,,,,,,,,,,1,1,1,1,2.0
201600045832,0016-03-09 10:30:00,16,3,9,10,30,950,582,AUTOROUTE A15,,,Plein jour,Hors agglomération,Hors intersection,Pluie légère,Autre collision,,,,,,,,,,,1,1,1,2,6.0
201600045833,0016-06-10 14:30:00,16,6,10,14,30,930,78,AUTOROUTE A104,48.9583,2.52809,Plein jour,Hors agglomération,Hors intersection,Normale,Sans collision,,,,,,,,,,,1,1,1,1,7.0
201600045834,0016-06-10 20:30:00,16,6,10,20,30,930,10,AUTOROUTE A3,48.90653,2.47247,Plein jour,Hors agglomération,Hors intersection,Normale,Deux véhicules - arrière,,,,,,,,,,,1,1,1,1,2.0
201600045835,0016-06-10 18:30:00,16,6,10,18,30,950,572,ROUTE NATIONALE 184,,,Plein jour,Hors agglomération,Hors intersection,Normale,Trois véhicules et plus - en chaîne,,,,,,,,,,,1,1,1,1,4.0
201600045836,0016-09-05 16:25:00,16,9,5,16,25,950,572,ROUTE NATIONALE 184,,,Plein jour,Hors agglomération,Hors intersection,Pluie légère,Autre collision,,,,,,,,,,,1,1,1,2,6.0
201600045837,0016-06-12 03:00:00,16,6,12,3,0,950,488,AUTOROUTE A15,,,Nuit sans éclairage public,Hors agglomération,Hors intersection,Normale,Trois véhicules et plus - en chaîne,,,,,,,,,,,3,1,1,1,4.0
201600045838,0016-06-12 15:00:00,16,6,12,15,0,930,5,AUTOROUTE A104,48.9732,2.48834,Plein jour,Hors agglomération,Hors intersection,Pluie légère,Deux véhicules - côté,,,,,,,,,,,1,1,1,2,3.0
201600045839,0016-06-12 21:40:00,16,6,12,21,40,930,66,AUTOROUTE A1,48.92812,2.35798,Crépuscule ou aube,Hors agglomération,Hors intersection,Temps couvert,Autre collision,,,,,,,,,,,2,1,1,8,6.0
201600045840,0016-06-12 23:10:00,16,6,12,23,10,930,27,AUTOROUTE A86,48.92829,2.41227,Nuit sans éclairage public,Hors agglomération,Hors intersection,Pluie légère,Autre collision,,,,,,,,,,,3,1,1,2,6.0
201600045841,0016-06-12 10:25:00,16,6,12,10,25,930,10,AUTOROUTE A3,48.91455,2.47732,Plein jour,Hors agglomération,Hors intersection,Normale,Autre collision,,,,,,,,,,,1,1,1,1,6.0
201600045842,0016-06-12 08:08:00,16,6,12,8,8,950,527,AUTOROUTE A1,,,Plein jour,Hors agglomération,Hors intersection,Normale,Autre collision,,,,,,,,,,,1,1,1,1,6.0
201600045843,0016-06-13 05:00:00,16,6,13,5,0,950,607,AUTOROUTE A115,,,Crépuscule ou aube,Hors agglomération,Hors intersection,Normale,Autre collision,,,,,,,,,,,2,1,1,1,6.0
201600045844,0016-06-10 20:00:00,16,6,10,20,0,950,18,AUTOROUTE A15,,,Plein jour,Hors agglomération,Hors intersection,Normale,Trois véhicules et plus - en chaîne,,,,,,,,,,,1,1,1,1,4.0
201600045845,0016-06-12 20:00:00,16,6,12,20,0,920,36,AUTOROUTE A15,,,Plein jour,Hors agglomération,Hors intersection,Pluie légère,Sans collision,,,,,,,,,,,1,1,1,2,7.0
201600045846,0016-06-12 19:00:00,16,6,12,19,0,950,18,AUTOROUTE A15,,,Plein jour,Hors agglomération,Hors intersection,Pluie légère,Autre collision,,,,,,,,,,,1,1,1,2,6.0
201600045847,0016-06-13 14:30:00,16,6,13,14,30,930,8,AUTOROUTE A86,48.91573,2.43024,Plein jour,Hors agglomération,Hors intersection,Normale,Sans collision,,,,,,,,,,,1,1,1,1,7.0
201600045848,0016-06-12 19:15:00,16,6,12,19,15,950,572,AUTOROUTE A15,,,Plein jour,Hors agglomération,Hors intersection,Pluie légère,Autre collision,,,,,,,,,,,1,1,1,2,6.0
201600045849,0016-06-12 21:20:00,16,6,12,21,20,950,256,ROUTE NATIONALE 184,,,Plein jour,Hors agglomération,Hors intersection,Normale,Autre collision,,,,,,,,,,,1,1,1,1,6.0
201600045850,0016-06-14 00:10:00,16,6,14,0,10,930,53,AUTOROUTE A3,48.8823,2.45558,Nuit sans éclairage public,Hors agglomération,Hors intersection,Normale,Sans collision,,,,,,,,,,,3,1,1,1,7.0
201600045851,0016-06-14 15:15:00,16,6,14,15,15,950,277,RD 170,48.9771,2.4753,Plein jour,Hors agglomération,Hors intersection,Normale,Trois véhicules et plus - en chaîne,,,,,,,,,,,1,1,1,1,4.0
201600045852,0016-06-14 18:30:00,16,6,14,18,30,930,53,AUTOROUTE A3,48.89113,2.4734,Plein jour,Hors agglomération,Hors intersection,Normale,Deux véhicules - arrière,,,,,,,,,,,1,1,1,1,2.0
201600045853,0016-06-14 19:30:00,16,6,14,19,30,930,78,AUTOROUTE A104,48.96357,2.55094,Plein jour,Hors agglomération,Hors intersection,Normale,Deux véhicules - arrière,,,,,,,,,,,1,1,1,1,2.0
201600045854,0016-06-14 21:20:00,16,6,14,21,20,930,27,AUTOROUTE A86,48.92774,2.40983,Nuit sans éclairage public,Hors agglomération,Hors intersection,Temps couvert,Deux véhicules - arrière,,,,,,,,,,,3,1,1,8,2.0
201600045855,0016-06-15 05:15:00,16,6,15,5,15,930,10,AUTOROUTE A3,48.91311,2.47695,Nuit sans éclairage public,Hors agglomération,Hors intersection,Pluie légère,Autre collision,,,,,,,,,,,3,1,1,2,6.0
201600045856,0016-06-15 07:40:00,16,6,15,7,40,930,5,AUTOROUTE A3,48.96803,2.47786,Plein jour,Hors agglomération,Hors intersection,Pluie légère,Deux véhicules - côté,,,,,,,,,,,1,1,1,2,3.0
201600045857,0016-06-15 07:45:00,16,6,15,7,45,950,582,BD INTERCOMMUNAL PARISIS,48.9642,2.2681,Plein jour,Hors agglomération,Hors intersection,Pluie forte,Autre collision,,,,,,,,,,,1,1,1,3,6.0
201600045858,0016-06-15 18:10:00,16,6,15,18,10,930,64,AUTOROUTE A86,48.87709,2.47766,Plein jour,Hors agglomération,Hors intersection,Normale,Trois véhicules et plus - collisions multiples,,,,,,,,,,,1,1,1,1,5.0
201600045859,0016-06-15 19:30:00,16,6,15,19,30,930,64,AUTOROUTE A86,48.8751,2.47872,Plein jour,Hors agglomération,Hors intersection,Normale,Deux véhicules - côté,,,,,,,,,,,1,1,1,1,3.0
201600045860,0016-06-16 07:50:00,16,6,16,7,50,920,36,AUTOROUTE A15,,,Plein jour,Hors agglomération,Hors intersection,Temps couvert,Sans collision,,,,,,,,,,,1,1,1,8,7.0
201600045861,0016-06-16 09:20:00,16,6,16,9,20,950,395,RN 104,,,Plein jour,Hors agglomération,Hors intersection,Temps couvert,Autre collision,,,,,,,,,,,1,1,1,8,6.0
201600045862,0016-06-17 00:25:00,16,6,17,0,25,950,252,AUTOROUTE A15,,,Nuit sans éclairage public,Hors agglomération,Hors intersection,Normale,Deux véhicules - arrière,,,,,,,,,,,3,1,1,1,2.0
201600045863,0016-06-17 08:30:00,16,6,17,8,30,950,582,AUTOROUTE A115,,,Plein jour,Hors agglomération,Hors intersection,Normale,Deux véhicules - côté,,,,,,,,,,,1,1,1,1,3.0
201600045864,0016-06-16 09:30:00,16,6,16,9,30,950,582,AUTOROUTE A15,,,Plein jour,Hors agglomération,Hors intersection,Normale,Trois véhicules et plus - collisions multiples,,,,,,,,,,,1,1,1,1,5.0
201600045865,0016-06-18 03:20:00,16,6,18,3,20,950,394,AUTOROUTE A115,,,Nuit sans éclairage public,Hors agglomération,Hors intersection,Normale,Autre collision,,,,,,,,,,,3,1,1,1,6.0
201600045866,0016-06-17 13:40:00,16,6,17,13,40,930,66,AUTOROUTE A86,48.92209,2.36411,Plein jour,Hors agglomération,Hors intersection,Pluie légère,Deux véhicules - côté,,,,,,,,,,,1,1,1,2,3.0
201600045867,0016-06-17 14:59:00,16,6,17,14,59,950,582,AUTOROUTE A15,,,Plein jour,Hors agglomération,Hors intersection,Pluie légère,Deux véhicules - arrière,,,,,,,,,,,1,1,1,2,2.0
201600045868,0016-06-16 14:30:00,16,6,16,14,30,930,5,AUTOROUTE A3,48.94983,2.47739,Plein jour,Hors agglomération,Hors intersection,Normale,Autre collision,,,,,,,,,,,1,1,1,1,6.0
201600045869,0016-06-17 18:00:00,16,6,17,18,0,950,277,AUTOROUTE A3,,,Plein jour,Hors agglomération,Hors intersection,Normale,Deux véhicules - arrière,,,,,,,,,,,1,1,1,1,2.0
201600045870,0016-06-15 12:30:00,16,6,15,12,30,930,66,AUTOROUTE A1,48.93315,2.37708,Plein jour,Hors agglomération,Hors intersection,Normale,Trois véhicules et plus - en chaîne,,,,,,,,,,,1,1,1,1,4.0
201600045871,0016-06-15 09:30:00,16,6,15,9,30,950,582,AUTOROUTE A15,,,Plein jour,Hors agglomération,Hors intersection,Temps couvert,Deux véhicules - côté,,,,,,,,,,,1,1,1,8,3.0
201600045872,0016-06-17 17:10:00,16,6,17,17,10,930,48,AUTOROUTE A3,48.87301,2.43528,Plein jour,Hors agglomération,Hors intersection,Normale,Trois véhicules et plus - collisions multiples,,,,,,,,,,,1,1,1,1,5.0
201600045873,0016-06-19 08:07:00,16,6,19,8,7,950,306,AUTOROUTE A15,,,Plein jour,Hors agglomération,Hors intersection,Normale,Autre collision,,,,,,,,,,,1,1,1,1,6.0
201600045874,0016-06-19 06:00:00,16,6,19,6,0,930,13,AUTOROUTE A1,48.93873,2.41615,Plein jour,Hors agglomération,Hors intersection,Normale,Autre collision,,,,,,,,,,,1,1,1,1,6.0
201600045875,0016-06-18 23:30:00,16,6,18,23,30,950,219,AUTOROUTE A115,,,Nuit sans éclairage public,Hors agglomération,Hors intersection,Normale,Autre collision,,,,,,,,,,,3,1,1,1,6.0
201600045876,0016-06-18 20:20:00,16,6,18,20,20,930,27,AUTOROUTE A86,48.92337,2.38337,Plein jour,Hors agglomération,Hors intersection,Normale,Sans collision,,,,,,,,,,,1,1,1,1,7.0
201600045877,0016-06-20 08:15:00,16,6,20,8,15,950,18,AUTOROUTE A15,,,Plein jour,Hors agglomération,Hors intersection,Pluie légère,Trois véhicules et plus - en chaîne,,,,,,,,,,,1,1,1,2,4.0
201600045878,0016-06-20 14:10:00,16,6,20,14,10,930,53,AUTOROUTE A3,48.88192,2.45516,Plein jour,Hors agglomération,Hors intersection,Pluie légère,Trois véhicules et plus - en chaîne,,,,,,,,,,,1,1,1,2,4.0
201600045879,0016-06-20 22:20:00,16,6,20,22,20,950,527,AUTOROUTE A3,,,Nuit sans éclairage public,Hors agglomération,Hors intersection,Pluie légère,Sans collision,,,,,,,,,,,3,1,1,2,7.0
201600045880,0016-06-20 22:30:00,16,6,20,22,30,930,78,AUTOROUTE A104,48.95842,2.53351,Nuit avec éclairage non allumé,Hors agglomération,Hors intersection,Pluie légère,Deux véhicules - côté,,,,,,,,,,,4,1,1,2,3.0
201600045881,0016-06-18 04:00:00,16,6,18,4,0,950,488,AUTOROUTE A15,,,Nuit sans éclairage public,Hors agglomération,Hors intersection,Normale,Autre collision,,,,,,,,,,,3,1,1,1,6.0
201600045882,0016-06-21 08:00:00,16,6,21,8,0,950,61,RN 104,,,Plein jour,Hors agglomération,Hors intersection,Pluie légère,Sans collision,,,,,,,,,,,1,1,1,2,7.0
201600045883,0016-06-20 18:20:00,16,6,20,18,20,950,277,AUTOROUTE A1,,,Plein jour,Hors agglomération,Hors intersection,Pluie légère,Deux véhicules - côté,,,,,,,,,,,1,1,1,2,3.0
201600045884,0016-06-20 19:48:00,16,6,20,19,48,930,27,AUTOROUTE A86,48.92844,2.41527,Plein jour,Hors agglomération,Hors intersection,Pluie légère,Autre collision,,,,,,,,,,,1,1,1,2,6.0
201600045885,0016-06-21 16:00:00,16,6,21,16,0,950,394,AUTOROUTE A115,,,Plein jour,Hors agglomération,Hors intersection,Pluie légère,Autre collision,,,,,,,,,,,1,1,1,2,6.0
201600045886,0016-06-21 18:34:00,16,6,21,18,34,950,607,AUTOROUTE A115,,,Plein jour,Hors agglomération,Hors intersection,Pluie légère,Deux véhicules - arrière,,,,,,,,,,,1,1,1,2,2.0
201600045887,0016-06-21 16:05:00,16,6,21,16,5,930,13,AUTOROUTE A1,48.94145,2.42875,Plein jour,Hors agglomération,Hors intersection,Pluie légère,Sans collision,,,,,,,,,,,1,1,1,2,7.0
201600045888,0016-06-22 06:55:00,16,6,22,6,55,950,219,AUTOROUTE A115,,,Nuit avec éclairage non allumé,Hors agglomération,Hors intersection,Normale,Trois véhicules et plus - collisions multiples,,,,,,,,,,,4,1,1,1,5.0
201600045889,0016-06-23 08:05:00,16,6,23,8,5,930,66,AUTOROUTE A1,48.9313,2.36856,Plein jour,Hors agglomération,Hors intersection,Normale,Deux véhicules - frontale,,,,,,,,,,,1,1,1,1,1.0