accident_id,datetime,annee,mois,jour,heure,minute,departement,commune_insee,adresse,latitude,longitude,luminosite,agglomeration,intersection,meteo,collision,nb_vehicules,nb_usagers,nb_indemnes,nb_tues,nb_blesses_hosp,nb_blesses_legers,age_cond_1,age_cond_2,veh_type_cond_1,veh_type_cond_2,lum_code,agg_code,int_code,atm_code,col_code
201600046527,0016-12-13 08:15:00,16,12,13,8,15,950,394,AUTOROUTE A115,,,Plein jour,Hors agglomération,Hors intersection,Normale,Autre collision,,,,,,,,,,,1,1,1,1,6.0
201600046528,0016-12-13 08:55:00,16,12,13,8,55,950,582,AUTOROUTE A15,,,Plein jour,Hors agglomération,Hors intersection,Pluie légère,Autre collision,,,,,,,,,,,1,1,1,2,6.0
201600046529,0016-12-13 08:50:00,16,12,13,8,50,930,64,AUTOROUTE A86,,,Plein jour,Hors agglomération,Hors intersection,Pluie légère,Deux véhicules - arrière,,,,,,,,,,,1,1,1,2,2.0
201600046530,0016-12-10 10:45:00,16,12,10,10,45,930,5,AUTOROUTE A3,,,Plein jour,Hors agglomération,Hors intersection,Brouillard / fumée,Deux véhicules - côté,,,,,,,,,,,1,1,1,5,3.0
201600046531,0016-12-10 07:10:00,16,12,10,7,10,950,394,AUTOROUTE A115,,,Nuit sans éclairage public,Hors agglomération,Hors intersection,Normale,Autre collision,,,,,,,,,,,3,1,1,1,6.0
201600046532,0016-12-13 17:15:00,16,12,13,17,15,930,78,AUTOROUTE A104,,,Nuit sans éclairage public,Hors agglomération,Hors intersection,Normale,Deux véhicules - arrière,,,,,,,,,,,3,1,1,1,2.0
201600046533,0016-12-14 07:20:00,16,12,14,7,20,930,66,AUTOROUTE A86,,,Plein jour,Hors agglomération,Hors intersection,Normale,Deux véhicules - côté,,,,,,,,,,,1,1,1,1,3.0
201600046534,0016-12-14 08:00:00,16,12,14,8,0,950,527,AUTOROUTE A1,,,Plein jour,Hors agglomération,Hors intersection,Normale,Deux véhicules - arrière,,,,,,,,,,,1,1,1,1,2.0
201600046535,0016-12-13 15:40:00,16,12,13,15,40,930,7,AUTOROUTE A1,,,Plein jour,Hors agglomération,Hors intersection,Normale,Deux véhicules - côté,,,,,,,,,,,1,1,1,1,3.0
201600046536,0016-12-04 10:00:00,16,12,4,10,0,920,36,AUTOROUTE A15,,,Plein jour,Hors agglomération,Hors intersection,Normale,Autre collision,,,,,,,,,,,1,1,1,1,6.0
201600046537,0016-12-14 22:15:00,16,12,14,22,15,950,572,ROUTE NATIONALE 184,,,Nuit sans éclairage public,Hors agglomération,Hors intersection,Normale,Autre collision,,,,,,,,,,,3,1,1,1,6.0
201600046538,0016-12-15 16:10:00,16,12,15,16,10,950,572,AUTOROUTE A15,,,Plein jour,Hors agglomération,Hors intersection,Normale,Sans collision,,,,,,,,,,,1,1,1,1,7.0
201600046539,0016-12-15 09:15:00,16,12,15,9,15,920,36,AUTOROUTE A15,,,Crépuscule ou aube,Hors agglomération,Hors intersection,Normale,Deux véhicules - arrière,,,,,,,,,,,2,1,1,1,2.0
201600046540,0016-12-14 13:50:00,16,12,14,13,50,930,5,AUTOROUTE A3,,,Plein jour,Hors agglomération,Hors intersection,Normale,Autre collision,,,,,,,,,,,1,1,1,1,6.0
201600046541,0016-12-14 19:20:00,16,12,14,19,20,930,8,AUTOROUTE A86,,,Nuit sans éclairage public,Hors agglomération,Hors intersection,Normale,Trois véhicules et plus - collisions multiples,,,,,,,,,,,3,1,1,1,5.0
201600046542,0016-12-15 08:35:00,16,12,15,8,35,950,500,AUTOROUTE A15,,,Plein jour,Hors agglomération,Hors intersection,Normale,Trois véhicules et plus - en chaîne,,,,,,,,,,,1,1,1,1,4.0
201600046543,0016-12-16 06:00:00,16,12,16,6,0,950,28,RN 104,,,Plein jour,Hors agglomération,Hors intersection,Normale,Deux véhicules - côté,,,,,,,,,,,1,1,1,1,3.0
201600046544,0016-12-16 07:20:00,16,12,16,7,20,920,36,AUTOROUTE A86,,,Nuit sans éclairage public,Hors agglomération,Hors intersection,Normale,Sans collision,,,,,,,,,,,3,1,1,1,7.0
201600046545,0016-12-16 08:00:00,16,12,16,8,0,930,5,AUTOROUTE A1,,,Plein jour,Hors agglomération,Hors intersection,Normale,Deux véhicules - arrière,,,,,,,,,,,1,1,1,1,2.0
201600046546,0016-12-16 08:30:00,16,12,16,8,30,930,6,AUTOROUTE A3,,,Plein jour,Hors agglomération,Hors intersection,Normale,Deux véhicules - côté,,,,,,,,,,,1,1,1,1,3.0
201600046547,0016-12-16 18:45:00,16,12,16,18,45,950,28,RN 104,,,Nuit sans éclairage public,Hors agglomération,Hors intersection,Normale,Deux véhicules - arrière,,,,,,,,,,,3,1,1,1,2.0
201600046548,0016-12-17 03:40:00,16,12,17,3,40,950,219,AUTOROUTE A115,,,Nuit avec éclairage allumé,Hors agglomération,Hors intersection,Normale,Deux véhicules - arrière,,,,,,,,,,,5,1,1,1,2.0
201600046549,0016-12-16 16:40:00,16,12,16,16,40,930,48,AUTOROUTE A3,,,Plein jour,Hors agglomération,Hors intersection,Normale,Autre collision,,,,,,,,,,,1,1,1,1,6.0
201600046550,0016-12-17 15:30:00,16,12,17,15,30,930,64,AUTOROUTE A86,,,Plein jour,Hors agglomération,Hors intersection,Normale,Deux véhicules - arrière,,,,,,,,,,,1,1,1,1,2.0
201600046551,0016-12-17 03:08:00,16,12,17,3,8,930,66,AUTOROUTE A1,,,Nuit sans éclairage public,Hors agglomération,Hors intersection,Normale,Deux véhicules - arrière,,,,,,,,,,,3,1,1,1,2.0
201600046552,0016-12-18 18:30:00,16,12,18,18,30,930,5,AUTOROUTE A3,,,Plein jour,Hors agglomération,Hors intersection,Normale,Deux véhicules - frontale,,,,,,,,,,,1,1,1,1,1.0
201600046553,0016-12-19 21:30:00,16,12,19,21,30,950,572,ROUTE NATIONALE 184,,,Nuit sans éclairage public,Hors agglomération,Hors intersection,Pluie légère,Deux véhicules - arrière,,,,,,,,,,,3,1,1,2,2.0
201600046554,0016-12-19 22:25:00,16,12,19,22,25,920,78,AUTOROUTE A86,,,Nuit sans éclairage public,Hors agglomération,Hors intersection,Normale,Autre collision,,,,,,,,,,,3,1,1,1,6.0
201600046555,0016-12-06 17:30:00,16,12,6,17,30,930,78,AUTOROUTE A104,,,Nuit sans éclairage public,Hors agglomération,Hors intersection,Normale,Deux véhicules - arrière,,,,,,,,,,,3,1,1,1,2.0
201600046556,0016-12-20 17:00:00,16,12,20,17,0,930,5,AUTOROUTE A104,,,Crépuscule ou aube,Hors agglomération,Hors intersection,Normale,Deux véhicules - côté,,,,,,,,,,,2,1,1,1,3.0
201600046557,0016-12-19 13:50:00,16,12,19,13,50,930,5,AUTOROUTE A3,,,Plein jour,Hors agglomération,Hors intersection,Normale,Deux véhicules - côté,,,,,,,,,,,1,1,1,1,3.0
201600046558,0016-12-21 23:30:00,16,12,21,23,30,950,18,AUTOROUTE A15,,,Nuit sans éclairage public,Hors agglomération,Hors intersection,Pluie forte,Deux véhicules - arrière,,,,,,,,,,,3,1,1,3,2.0
201600046559,0016-12-22 01:15:00,16,12,22,1,15,950,277,AUTOROUTE A104,48.9735,2.4859,Nuit sans éclairage public,Hors agglomération,Hors intersection,Pluie forte,Autre collision,,,,,,,,,,,3,1,1,3,6.0
201600046560,0016-12-22 11:30:00,16,12,22,11,30,930,6,AUTOROUTE A3,,,Plein jour,Hors agglomération,Hors intersection,Pluie légère,Deux véhicules - côté,,,,,,,,,,,1,1,1,2,3.0
201600046561,0016-12-22 16:45:00,16,12,22,16,45,930,53,AUTOROUTE A103,,,Plein jour,Hors agglomération,Hors intersection,Temps couvert,Autre collision,,,,,,,,,,,1,1,1,8,6.0
201600046562,0016-12-22 13:10:00,16,12,22,13,10,930,53,AUTOROUTE A103,,,Plein jour,Hors agglomération,Hors intersection,Normale,Autre collision,,,,,,,,,,,1,1,1,1,6.0
201600046563,0016-12-21 20:50:00,16,12,21,20,50,930,66,AUTOROUTE A1,,,Nuit avec éclairage allumé,Hors agglomération,Hors intersection,Normale,Autre collision,,,,,,,,,,,5,1,1,1,6.0
201600046564,0016-12-22 16:15:00,16,12,22,16,15,950,154,AUTOROUTE A1,,,Plein jour,Hors agglomération,Hors intersection,Normale,Deux véhicules - côté,,,,,,,,,,,1,1,1,1,3.0
201600046565,0016-12-23 05:20:00,16,12,23,5,20,950,277,AUTOROUTE A1,,,Nuit sans éclairage public,Hors agglomération,Hors intersection,Brouillard / fumée,Deux véhicules - arrière,,,,,,,,,,,3,1,1,5,2.0
201600046566,0016-12-21 20:50:00,16,12,21,20,50,930,6,AUTOROUTE A3,,,Nuit sans éclairage public,Hors agglomération,Hors intersection,Pluie légère,Trois véhicules et plus - collisions multiples,,,,,,,,,,,3,1,1,2,5.0
201600046567,0016-12-22 16:00:00,16,12,22,16,0,950,365,RN 104,,,Plein jour,Hors agglomération,Hors intersection,Normale,Sans collision,,,,,,,,,,,1,1,1,1,7.0
201600046568,0016-12-24 07:20:00,16,12,24,7,20,930,5,AUTOROUTE A104,,,Nuit sans éclairage public,Hors agglomération,Hors intersection,Normale,Deux véhicules - arrière,,,,,,,,,,,3,1,1,1,2.0
201600046569,0016-12-24 10:00:00,16,12,24,10,0,930,5,AUTOROUTE A3,,,Plein jour,Hors agglomération,Hors intersection,Normale,Sans collision,,,,,,,,,,,1,1,1,1,7.0
201600046570,0016-12-24 10:40:00,16,12,24,10,40,930,27,AUTOROUTE A86,,,Plein jour,Hors agglomération,Hors intersection,Normale,Autre collision,,,,,,,,,,,1,1,1,1,6.0
201600046571,0016-12-22 08:45:00,16,12,22,8,45,950,582,AUTOROUTE A15,,,Plein jour,Hors agglomération,Hors intersection,Pluie légère,Deux véhicules - côté,,,,,,,,,,,1,1,1,2,3.0
201600046572,0016-12-24 20:00:00,16,12,24,20,0,930,5,AUTOROUTE A3,,,Nuit avec éclairage non allumé,Hors agglomération,Hors intersection,Normale,Trois véhicules et plus - en chaîne,,,,,,,,,,,4,1,1,1,4.0
201600046573,0016-12-26 13:35:00,16,12,26,13,35,950,203,BD INTERCOMMUNAL PARISIS,48.9774,2.2872,Plein jour,Hors agglomération,Hors intersection,Normale,Autre collision,,,,,,,,,,,1,1,1,1,6.0
201600046574,0016-12-26 15:30:00,16,12,26,15,30,930,27,AUTOROUTE A1,,,Plein jour,Hors agglomération,Hors intersection,Normale,Trois véhicules et plus - en chaîne,,,,,,,,,,,1,1,1,1,4.0
201600046575,0016-12-26 17:30:00,16,12,26,17,30,930,66,AUTOROUTE A1,,,Nuit avec éclairage non allumé,Hors agglomération,Hors intersection,Normale,Deux véhicules - côté,,,,,,,,,,,4,1,1,1,3.0
201600046576,0016-12-26 13:00:00,16,12,26,13,0,930,64,AUTOROUTE A103,,,Plein jour,Hors agglomération,Hors intersection,Normale,Autre collision,,,,,,,,,,,1,1,1,1,6.0
201600046577,0016-12-27 14:35:00,16,12,27,14,35,950,18,AUTOROUTE A15,,,Plein jour,Hors agglomération,Hors intersection,Normale,Deux véhicules - arrière,,,,,,,,,,,1,1,1,1,2.0
201600046578,0016-12-27 09:30:00,16,12,27,9,30,930,8,AUTOROUTE A86,,,Plein jour,Hors agglomération,Hors intersection,Normale,Deux véhicules - arrière,,,,,,,,,,,1,1,1,1,2.0
201600046579,0016-12-28 19:10:00,16,12,28,19,10,950,212,RN 104,,,Nuit sans éclairage public,Hors agglomération,Hors intersection,Normale,Autre collision,,,,,,,,,,,3,1,1,1,6.0
201600046580,0016-12-29 10:20:00,16,12,29,10,20,950,151,RN 104,,,Plein jour,Hors agglomération,Hors intersection,Normale,Sans collision,,,,,,,,,,,1,1,1,1,7.0
201600046581,0016-12-30 10:45:00,16,12,30,10,45,950,277,AUTOROUTE 104,48.9728,2.4872,Plein jour,Hors agglomération,Hors intersection,Brouillard / fumée,Deux véhicules - côté,,,,,,,,,,,1,1,1,5,3.0
201600046582,0016-12-30 23:38:00,16,12,30,23,38,930,5,AUTOROUTE A3,,,Nuit sans éclairage public,Hors agglomération,Hors intersection,Brouillard / fumée,Trois véhicules et plus - collisions multiples,,,,,,,,,,,3,1,1,5,5.0
201600046583,0016-12-31 02:20:00,16,12,31,2,20,930,39,AUTOROUTE A86,,,Nuit avec éclairage non allumé,Hors agglomération,Hors intersection,Normale,Trois véhicules et plus - collisions multiples,,,,,,,,,,,4,1,1,1,5.0
201600046584,0016-12-31 14:45:00,16,12,31,14,45,930,27,AUTOROUTE A86,,,Plein jour,Hors agglomération,Hors intersection,Pluie légère,Autre collision,,,,,,,,,,,1,1,1,2,6.0
201600046585,0016-12-26 17:56:00,16,12,26,17,56,920,78,AUTOROUTE A86,,,Nuit sans éclairage public,Hors agglomération,Hors intersection,Normale,Deux véhicules - arrière,,,,,,,,,,,3,1,1,1,2.0
201600046586,0016-12-31 21:00:00,16,12,31,21,0,930,1,AUTOROUTE A86,,,Nuit sans éclairage public,Hors agglomération,Hors intersection,Normale,Sans collision,,,,,,,,,,,3,1,1,1,7.0
201600046587,0016-12-31 21:56:00,16,12,31,21,56,930,29,AUTOROUTE A86,,,Nuit avec éclairage non allumé,Hors agglomération,Hors intersection,Normale,Autre collision,,,,,,,,,,,4,1,1,1,6.0
201600046588,0016-12-31 22:15:00,16,12,31,22,15,930,27,AUTOROUTE A86,,,Nuit sans éclairage public,Hors agglomération,Hors intersection,Autre,Autre collision,,,,,,,,,,,3,1,1,9,6.0
201600046589,0016-01-01 21:05:00,16,1,1,21,5,920,63,A86,,,Nuit avec éclairage allumé,Hors agglomération,Hors intersection,Temps couvert,Deux véhicules - côté,,,,,,,,,,,5,1,1,8,3.0
201600046590,0016-01-02 15:22:00,16,1,2,15,22,780,498,A13,,,Plein jour,Hors agglomération,Hors intersection,Pluie légère,Deux véhicules - arrière,,,,,,,,,,,1,1,1,2,2.0
201600046591,0016-01-02 18:10:00,16,1,2,18,10,780,43,A12 W,,,Plein jour,Hors agglomération,Hors intersection,Normale,Autre collision,,,,,,,,,,,1,1,1,1,6.0
201600046592,0016-01-02 23:05:00,16,1,2,23,5,780,466,A13,,,Nuit sans éclairage public,Hors agglomération,Hors intersection,Pluie légère,Deux véhicules - arrière,,,,,,,,,,,3,1,1,2,2.0
201600046593,0016-01-03 18:40:00,16,1,3,18,40,780,43,A13W,,,Nuit sans éclairage public,Hors agglomération,Hors intersection,Pluie légère,Deux véhicules - arrière,,,,,,,,,,,3,1,1,2,2.0
201600046594,0016-01-03 20:32:00,16,1,3,20,32,920,50,A86,,,Nuit sans éclairage public,Hors agglomération,Hors intersection,Pluie légère,Autre collision,,,,,,,,,,,3,1,1,2,6.0
201600046595,0016-01-03 20:55:00,16,1,3,20,55,920,50,A86,,,Nuit sans éclairage public,Hors agglomération,Hors intersection,Pluie légère,Trois véhicules et plus - collisions multiples,,,,,,,,,,,3,1,1,2,5.0
201600046596,0016-01-03 21:05:00,16,1,3,21,5,920,63,A86,,,Nuit sans éclairage public,Hors agglomération,Hors intersection,Pluie légère,Sans collision,,,,,,,,,,,3,1,1,2,7.0
201600046597,0016-01-04 06:00:00,16,1,4,6,0,780,140,A13,,,Nuit sans éclairage public,Hors agglomération,Hors intersection,Normale,Deux véhicules - côté,,,,,,,,,,,3,1,1,1,3.0
201600046598,0016-01-04 17:42:00,16,1,4,17,42,780,73,A12 Y,,,Crépuscule ou aube,Hors agglomération,Hors intersection,Normale,Trois véhicules et plus - en chaîne,,,,,,,,,,,2,1,1,1,4.0
201600046599,0016-01-05 11:15:00,16,1,5,11,15,780,118,A13,,,Plein jour,Hors agglomération,Hors intersection,Normale,Deux véhicules - côté,,,,,,,,,,,1,1,1,1,3.0
201600046600,0016-01-06 15:55:00,16,1,6,15,55,780,29,A13Y,,,Plein jour,Hors agglomération,Hors intersection,Normale,Trois véhicules et plus - collisions multiples,,,,,,,,,,,1,1,1,1,5.0
201600046601,0016-01-06 17:43:00,16,1,6,17,43,920,50,A86,,,Nuit avec éclairage allumé,Hors agglomération,Hors intersection,Temps couvert,Deux véhicules - arrière,,,,,,,,,,,5,1,1,8,2.0
201600046602,0016-01-07 08:01:00,16,1,7,8,1,780,402,A13,,,Nuit sans éclairage public,Hors agglomération,Hors intersection,Pluie légère,Deux véhicules - frontale,,,,,,,,,,,3,1,1,2,1.0
201600046603,0016-01-08 11:33:00,16,1,8,11,33,920,64,A13,,,Plein jour,Hors agglomération,Hors intersection,Normale,Deux véhicules - arrière,,,,,,,,,,,1,1,1,1,2.0
201600046604,0016-01-08 18:08:00,16,1,8,18,8,780,117,RN12,,,Crépuscule ou aube,Hors agglomération,Hors intersection,Normale,Deux véhicules - frontale,,,,,,,,,,,2,1,1,1,1.0
201600046605,0016-01-08 20:05:00,16,1,8,20,5,920,25,A86,,,Nuit sans éclairage public,Hors agglomération,Hors intersection,Normale,Deux véhicules - côté,,,,,,,,,,,3,1,1,1,3.0
201600046606,0016-01-09 12:50:00,16,1,9,12,50,780,140,A13,,,Plein jour,Hors agglomération,Hors intersection,Normale,Autre collision,,,,,,,,,,,1,1,1,1,6.0
201600046607,0016-01-09 18:10:00,16,1,9,18,10,920,50,A14,,,Nuit avec éclairage allumé,Hors agglomération,Hors intersection,Normale,Deux véhicules - arrière,,,,,,,,,,,5,1,1,1,2.0
201600046608,0016-01-09 21:37:00,16,1,9,21,37,780,291,A13,,,Nuit avec éclairage non allumé,Hors agglomération,Hors intersection,Pluie forte,Autre collision,,,,,,,,,,,4,1,1,3,6.0
201600046609,0016-01-10 22:39:00,16,1,10,22,39,780,423,A12 W,,,Nuit sans éclairage public,Hors agglomération,Hors intersection,Temps couvert,Deux véhicules - côté,,,,,,,,,,,3,1,1,8,3.0
201600046610,0016-01-10 23:05:00,16,1,10,23,5,780,455,A13,,,Nuit sans éclairage public,Hors agglomération,Hors intersection,Normale,Deux véhicules - arrière,,,,,,,,,,,3,1,1,1,2.0
201600046611,0016-01-12 08:55:00,16,1,12,8,55,920,47,A13,,,Plein jour,Hors agglomération,Hors intersection,Pluie légère,Sans collision,,,,,,,,,,,1,1,1,2,7.0
201600046612,0016-01-12 09:45:00,16,1,12,9,45,780,73,N12Y,,,Plein jour,Hors agglomération,Hors intersection,Pluie légère,Autre collision,,,,,,,,,,,1,1,1,2,6.0
201600046613,0016-01-12 16:58:00,16,1,12,16,58,920,50,A86,,,Nuit avec éclairage non allumé,Hors agglomération,Hors intersection,Normale,Trois véhicules et plus - collisions multiples,,,,,,,,,,,4,1,1,1,5.0
201600046614,0016-01-12 19:30:00,16,1,12,19,30,780,640,N118,,,Nuit sans éclairage public,Hors agglomération,Hors intersection,Normale,Deux véhicules - arrière,,,,,,,,,,,3,1,1,1,2.0
201600046615,0016-01-13 06:30:00,16,1,13,6,30,780,297,RN12,,,Nuit sans éclairage public,Hors agglomération,Hors intersection,Normale,Autre collision,,,,,,,,,,,3,1,1,1,6.0
201600046616,0016-01-13 09:27:00,16,1,13,9,27,920,64,A13,,,Plein jour,Hors agglomération,Hors intersection,Normale,Trois véhicules et plus - en chaîne,,,,,,,,,,,1,1,1,1,4.0
201600046617,0016-01-14 07:25:00,16,1,14,7,25,780,291,A13,,,Nuit sans éclairage public,Hors agglomération,Hors intersection,Pluie légère,Autre collision,,,,,,,,,,,3,1,1,2,6.0
201600046618,0016-01-14 09:26:00,16,1,14,9,26,920,72,N118,,,Plein jour,Hors agglomération,Hors intersection,Pluie légère,Autre collision,,,,,,,,,,,1,1,1,2,6.0
201600046619,0016-01-14 10:05:00,16,1,14,10,5,920,48,N118,,,Plein jour,Hors agglomération,Hors intersection,Pluie légère,Autre collision,,,,,,,,,,,1,1,1,2,6.0
201600046620,0016-01-14 16:50:00,16,1,14,16,50,780,490,RN12 EXT,,,Plein jour,Hors agglomération,Hors intersection,Neige / grêle,Sans collision,,,,,,,,,,,1,1,1,4,7.0
201600046621,0016-01-15 07:52:00,16,1,15,7,52,780,242,A12 W,,,Nuit avec éclairage allumé,Hors agglomération,Hors intersection,Pluie légère,Trois véhicules et plus - collisions multiples,,,,,,,,,,,5,1,1,2,5.0
201600046622,0016-01-15 18:20:00,16,1,15,18,20,780,423,RN12,,,Nuit sans éclairage public,Hors agglomération,Hors intersection,Normale,Deux véhicules - côté,,,,,,,,,,,3,1,1,1,3.0
201600046623,0016-01-15 19:50:00,16,1,15,19,50,920,23,RN385,,,Nuit avec éclairage allumé,Hors agglomération,Hors intersection,Normale,Trois véhicules et plus - collisions multiples,,,,,,,,,,,5,1,1,1,5.0
201600046624,0016-01-15 20:00:00,16,1,15,20,0,780,126,A13,,,Nuit sans éclairage public,Hors agglomération,Hors intersection,Normale,Autre collision,,,,,,,,,,,3,1,1,1,6.0
201600046625,0016-01-16 06:40:00,16,1,16,6,40,780,646,RN12,,,Nuit sans éclairage public,Hors agglomération,Hors intersection,Normale,Sans collision,,,,,,,,,,,3,1,1,1,7.0
201600046626,0016-01-16 08:36:00,16,1,16,8,36,780,423,RN12,,,Plein jour,Hors agglomération,Hors intersection,Normale,Autre collision,,,,,,,,,,,1,1,1,1,6.0
201600046627,0016-01-17 07:32:00,16,1,17,7,32,920,64,A13,,,Crépuscule ou aube,Hors agglomération,Hors intersection,Normale,Autre collision,,,,,,,,,,,2,1,1,1,6.0
201600046628,0016-01-17 21:00:00,16,1,17,21,0,780,206,A13,,,Nuit sans éclairage public,Hors agglomération,Hors intersection,Normale,Deux véhicules - arrière,,,,,,,,,,,3,1,1,1,2.0
201600046629,0016-01-17 23:00:00,16,1,17,23,0,920,60,RN385,,,Nuit avec éclairage allumé,Hors agglomération,Hors intersection,Normale,Deux véhicules - frontale,,,,,,,,,,,5,1,1,1,1.0
201600046630,0016-01-18 00:55:00,16,1,18,0,55,780,321,RN12 INT,,,Nuit sans éclairage public,Hors agglomération,Hors intersection,Normale,Autre collision,,,,,,,,,,,3,1,1,1,6.0
201600046631,0016-01-18 09:40:00,16,1,18,9,40,920,50,A86,,,Plein jour,Hors agglomération,Hors intersection,Normale,Trois véhicules et plus - en chaîne,,,,,,,,,,,1,1,1,1,4.0
201600046632,0016-01-20 10:12:00,16,1,20,10,12,920,51,RN13,,,Plein jour,Hors agglomération,Hors intersection,Normale,Deux véhicules - arrière,,,,,,,,,,,1,1,1,1,2.0
201600046633,0016-01-20 15:30:00,16,1,20,15,30,780,242,A12 Y,,,Plein jour,Hors agglomération,Hors intersection,Normale,Trois véhicules et plus - collisions multiples,,,,,,,,,,,1,1,1,1,5.0
201600046634,0016-01-21 13:55:00,16,1,21,13,55,920,50,A86,,,Plein jour,Hors agglomération,Hors intersection,Normale,Deux véhicules - arrière,,,,,,,,,,,1,1,1,1,2.0
201600046635,0016-01-22 09:02:00,16,1,22,9,2,920,36,A86,,,Plein jour,Hors agglomération,Hors intersection,Normale,Deux véhicules - côté,,,,,,,,,,,1,1,1,1,3.0
201600046636,0016-01-22 15:25:00,16,1,22,15,25,920,50,A86,,,Plein jour,Hors agglomération,Hors intersection,Pluie légère,Deux véhicules - arrière,,,,,,,,,,,1,1,1,2,2.0
201600046637,0016-01-22 16:30:00,16,1,22,16,30,920,50,A86,,,Crépuscule ou aube,Hors agglomération,Hors intersection,Pluie légère,Deux véhicules - arrière,,,,,,,,,,,2,1,1,2,2.0
201600046638,0016-01-23 12:20:00,16,1,23,12,20,780,640,RN12 INT,,,Plein jour,Hors agglomération,Hors intersection,Normale,Autre collision,,,,,,,,,,,1,1,1,1,6.0
201600046639,0016-01-24 04:00:00,16,1,24,4,0,920,12,A13,,,Nuit avec éclairage allumé,Hors agglomération,Hors intersection,Pluie légère,Deux véhicules - côté,,,,,,,,,,,5,1,1,2,3.0
201600046640,0016-01-24 10:50:00,16,1,24,10,50,920,36,A86,,,Plein jour,Hors agglomération,Hors intersection,Temps couvert,Autre collision,,,,,,,,,,,1,1,1,8,6.0
201600046641,0016-01-24 19:13:00,16,1,24,19,13,780,238,A13,,,Crépuscule ou aube,Hors agglomération,Hors intersection,Normale,Deux véhicules - arrière,,,,,,,,,,,2,1,1,1,2.0
201600046642,0016-01-25 08:07:00,16,1,25,8,7,780,43,A12 W,,,Plein jour,Hors agglomération,Hors intersection,Normale,Deux véhicules - arrière,,,,,,,,,,,1,1,1,1,2.0
201600046643,0016-01-25 08:50:00,16,1,25,8,50,780,498,A13,,,Crépuscule ou aube,Hors agglomération,Hors intersection,Normale,Deux véhicules - arrière,,,,,,,,,,,2,1,1,1,2.0
201600046644,0016-01-24 09:17:00,16,1,24,9,17,780,423,RN12,,,Plein jour,Hors agglomération,Hors intersection,Normale,Deux véhicules - arrière,,,,,,,,,,,1,1,1,1,2.0
201600046645,0016-01-27 10:00:00,16,1,27,10,0,920,50,A14,,,Plein jour,Hors agglomération,Hors intersection,Pluie légère,Sans collision,,,,,,,,,,,1,1,1,2,7.0
201600046646,0016-01-28 07:56:00,16,1,28,7,56,780,217,A13,,,Plein jour,Hors agglomération,Hors intersection,Normale,Deux véhicules - arrière,,,,,,,,,,,1,1,1,1,2.0
201600046647,0016-01-28 22:10:00,16,1,28,22,10,780,90,A13,,,Nuit sans éclairage public,Hors agglomération,Hors intersection,Normale,Sans collision,,,,,,,,,,,3,1,1,1,7.0
201600046648,0016-01-30 02:20:00,16,1,30,2,20,920,50,A86,,,Nuit avec éclairage allumé,Hors agglomération,Hors intersection,Pluie légère,Deux véhicules - côté,,,,,,,,,,,5,1,1,2,3.0
201600046649,0016-01-31 00:41:00,16,1,31,0,41,780,322,RN12 EXT,,,Nuit sans éclairage public,Hors agglomération,Hors intersection,Pluie légère,Deux véhicules - arrière,,,,,,,,,,,3,1,1,2,2.0
201600046650,0016-02-01 07:15:00,16,2,1,7,15,780,524,A13,,,Nuit sans éclairage public,Hors agglomération,Hors intersection,Normale,Deux véhicules - arrière,,,,,,,,,,,3,1,1,1,2.0
201600046651,0016-02-02 13:55:00,16,2,2,13,55,920,48,N118,,,Plein jour,Hors agglomération,Hors intersection,Normale,Sans collision,,,,,,,,,,,1,1,1,1,7.0
201600046652,0016-02-03 09:10:00,16,2,3,9,10,920,62,RN1014 W,,,Plein jour,Hors agglomération,Hors intersection,Normale,Deux véhicules - arrière,,,,,,,,,,,1,1,1,1,2.0
201600046653,0016-02-03 10:40:00,16,2,3,10,40,920,48,N118,,,Plein jour,Hors agglomération,Hors intersection,Normale,Deux véhicules - arrière,,,,,,,,,,,1,1,1,1,2.0
201600046654,0016-02-04 09:00:00,16,2,4,9,0,780,7,A13W,,,Plein jour,Hors agglomération,Hors intersection,Normale,Trois véhicules et plus - en chaîne,,,,,,,,,,,1,1,1,1,4.0
201600046655,0016-02-04 18:00:00,16,2,4,18,0,780,640,A86 EXT,,,Nuit sans éclairage public,Hors agglomération,Hors intersection,Pluie légère,Trois véhicules et plus - collisions multiples,,,,,,,,,,,3,1,1,2,5.0
201600046656,0016-02-06 02:56:00,16,2,6,2,56,920,63,A86,,,Nuit sans éclairage public,Hors agglomération,Hors intersection,Normale,Sans collision,,,,,,,,,,,3,1,1,1,7.0
201600046657,0016-02-07 03:30:00,16,2,7,3,30,780,29,A13Y,,,Nuit sans éclairage public,Hors agglomération,Hors intersection,Pluie légère,Autre collision,,,,,,,,,,,3,1,1,2,6.0
201600046658,0016-02-07 05:30:00,16,2,7,5,30,780,466,A13,,,Nuit sans éclairage public,Hors agglomération,Hors intersection,Normale,Trois véhicules et plus - collisions multiples,,,,,,,,,,,3,1,1,1,5.0
201600046659,0016-02-07 08:10:00,16,2,7,8,10,920,36,A86,,,Plein jour,Hors agglomération,Hors intersection,Temps couvert,Autre collision,,,,,,,,,,,1,1,1,8,6.0