accident_id,datetime,annee,mois,jour,heure,minute,departement,commune_insee,adresse,latitude,longitude,luminosite,agglomeration,intersection,meteo,collision,nb_vehicules,nb_usagers,nb_indemnes,nb_tues,nb_blesses_hosp,nb_blesses_legers,age_cond_1,age_cond_2,veh_type_cond_1,veh_type_cond_2,lum_code,agg_code,int_code,atm_code,col_code
201600047081,0016-10-05 07:30:00,16,10,5,7,30,780,208,RN12 EXT,,,Plein jour,Hors agglomération,Hors intersection,Normale,Deux véhicules - côté,,,,,,,,,,,1,1,1,1,3.0
201600047082,0016-10-05 08:05:00,16,10,5,8,5,920,36,A86,,,Plein jour,Hors agglomération,Hors intersection,Normale,Deux véhicules - côté,,,,,,,,,,,1,1,1,1,3.0
201600047083,0016-10-05 09:54:00,16,10,5,9,54,920,26,RN1014 Y,,,Plein jour,Hors agglomération,Hors intersection,Normale,Deux véhicules - côté,,,,,,,,,,,1,1,1,1,3.0
201600047084,0016-10-05 12:44:00,16,10,5,12,44,780,206,A13,,,Plein jour,Hors agglomération,Hors intersection,Normale,Deux véhicules - arrière,,,,,,,,,,,1,1,1,1,2.0
201600047085,0016-10-05 19:05:00,16,10,5,19,5,780,640,A86 EXT,,,Plein jour,Hors agglomération,Hors intersection,Normale,Deux véhicules - côté,,,,,,,,,,,1,1,1,1,3.0
201600047086,0016-10-07 20:25:00,16,10,7,20,25,920,25,A86,,,Nuit avec éclairage non allumé,Hors agglomération,Hors intersection,Normale,Deux véhicules - côté,,,,,,,,,,,4,1,1,1,3.0
201600047087,0016-10-07 22:02:00,16,10,7,22,2,920,50,A86,,,Nuit avec éclairage allumé,Hors agglomération,Hors intersection,Normale,Sans collision,,,,,,,,,,,5,1,1,1,7.0
201600047088,0016-10-08 02:04:00,16,10,8,2,4,920,25,A86,,,Nuit avec éclairage non allumé,Hors agglomération,Hors intersection,Normale,Autre collision,,,,,,,,,,,4,1,1,1,6.0
201600047089,0016-10-08 13:41:00,16,10,8,13,41,920,50,A14,,,Plein jour,Hors agglomération,Hors intersection,Normale,Autre collision,,,,,,,,,,,1,1,1,1,6.0
201600047090,0016-10-09 16:39:00,16,10,9,16,39,920,62,A14,,,Plein jour,Hors agglomération,Hors intersection,Normale,Deux véhicules - arrière,,,,,,,,,,,1,1,1,1,2.0
201600047091,0016-10-10 09:00:00,16,10,10,9,0,920,72,N118,,,Plein jour,Hors agglomération,Hors intersection,Normale,Deux véhicules - côté,,,,,,,,,,,1,1,1,1,3.0
201600047092,0016-10-10 18:30:00,16,10,10,18,30,920,64,A13,,,Plein jour,Hors agglomération,Hors intersection,Normale,Deux véhicules - arrière,,,,,,,,,,,1,1,1,1,2.0
201600047093,0016-10-11 17:57:00,16,10,11,17,57,920,25,A86,,,Plein jour,Hors agglomération,Hors intersection,Normale,Trois véhicules et plus - collisions multiples,,,,,,,,,,,1,1,1,1,5.0
201600047094,0016-10-12 07:28:00,16,10,12,7,28,780,640,A86 EXT,,,Crépuscule ou aube,Hors agglomération,Hors intersection,Normale,Deux véhicules - côté,,,,,,,,,,,2,1,1,1,3.0
201600047095,0016-10-12 13:35:00,16,10,12,13,35,920,25,A86,,,Plein jour,Hors agglomération,Hors intersection,Normale,Deux véhicules - arrière,,,,,,,,,,,1,1,1,1,2.0
201600047096,0016-10-12 15:18:00,16,10,12,15,18,780,640,A86 EXT,,,Plein jour,Hors agglomération,Hors intersection,Normale,Deux véhicules - arrière,,,,,,,,,,,1,1,1,1,2.0
201600047097,0016-10-12 20:02:00,16,10,12,20,2,920,12,A13,,,Nuit avec éclairage allumé,Hors agglomération,Hors intersection,Normale,Trois véhicules et plus - collisions multiples,,,,,,,,,,,5,1,1,1,5.0
201600047098,0016-10-12 21:54:00,16,10,12,21,54,780,118,A13,,,Nuit avec éclairage allumé,Hors agglomération,Hors intersection,Normale,Trois véhicules et plus - en chaîne,,,,,,,,,,,5,1,1,1,4.0
201600047099,0016-10-13 09:08:00,16,10,13,9,8,920,50,A14,,,Plein jour,Hors agglomération,Hors intersection,Normale,Deux véhicules - arrière,,,,,,,,,,,1,1,1,1,2.0
201600047100,0016-10-13 09:15:00,16,10,13,9,15,920,48,N118,,,Plein jour,Hors agglomération,Hors intersection,Normale,Sans collision,,,,,,,,,,,1,1,1,1,7.0
201600047101,0016-10-13 11:43:00,16,10,13,11,43,920,50,A86,,,Plein jour,Hors agglomération,Hors intersection,Normale,Deux véhicules - côté,,,,,,,,,,,1,1,1,1,3.0
201600047102,0016-10-13 17:40:00,16,10,13,17,40,920,50,A14,,,Plein jour,Hors agglomération,Hors intersection,Normale,Trois véhicules et plus - en chaîne,,,,,,,,,,,1,1,1,1,4.0
201600047103,0016-10-13 19:50:00,16,10,13,19,50,780,423,,,,Crépuscule ou aube,Hors agglomération,Hors intersection,Normale,Trois véhicules et plus - en chaîne,,,,,,,,,,,2,1,1,1,4.0
201600047104,0016-10-14 17:22:00,16,10,14,17,22,780,646,RN12,,,Plein jour,Hors agglomération,Hors intersection,Temps couvert,Deux véhicules - frontale,,,,,,,,,,,1,1,1,8,1.0
201600047105,0016-10-14 19:47:00,16,10,14,19,47,920,36,A86,,,Nuit sans éclairage public,Hors agglomération,Hors intersection,Normale,Deux véhicules - arrière,,,,,,,,,,,3,1,1,1,2.0
201600047106,0016-10-14 22:00:00,16,10,14,22,0,920,63,A86,,,Nuit avec éclairage allumé,Hors agglomération,Hors intersection,Pluie légère,Autre collision,,,,,,,,,,,5,1,1,2,6.0
201600047107,0016-10-17 09:25:00,16,10,17,9,25,780,640,A86 DUPLEX - A86 INT,,,Plein jour,Hors agglomération,Hors intersection,Pluie légère,Trois véhicules et plus - en chaîne,,,,,,,,,,,1,1,1,2,4.0
201600047108,0016-10-18 07:00:00,16,10,18,7,0,780,90,A13,,,Nuit sans éclairage public,Hors agglomération,Hors intersection,Normale,Trois véhicules et plus - en chaîne,,,,,,,,,,,3,1,1,1,4.0
201600047109,0016-10-18 08:25:00,16,10,18,8,25,780,208,RN12 EXT,,,Plein jour,Hors agglomération,Hors intersection,Normale,Deux véhicules - côté,,,,,,,,,,,1,1,1,1,3.0
201600047110,0016-10-18 08:39:00,16,10,18,8,39,780,362,A13,,,Plein jour,Hors agglomération,Hors intersection,Normale,Deux véhicules - arrière,,,,,,,,,,,1,1,1,1,2.0
201600047111,0016-10-18 08:50:00,16,10,18,8,50,780,124,SE A14,,,Plein jour,Hors agglomération,Hors intersection,Normale,Deux véhicules - arrière,,,,,,,,,,,1,1,1,1,2.0
201600047112,0016-10-18 10:40:00,16,10,18,10,40,920,50,A14,,,Plein jour,Hors agglomération,Hors intersection,Normale,Deux véhicules - arrière,,,,,,,,,,,1,1,1,1,2.0
201600047113,0016-10-18 11:00:00,16,10,18,11,0,920,36,A86,,,Plein jour,Hors agglomération,Hors intersection,Normale,Deux véhicules - frontale,,,,,,,,,,,1,1,1,1,1.0
201600047114,0016-10-19 09:08:00,16,10,19,9,8,920,36,A86,,,Plein jour,Hors agglomération,Hors intersection,Normale,Trois véhicules et plus - en chaîne,,,,,,,,,,,1,1,1,1,4.0
201600047115,0016-10-19 14:18:00,16,10,19,14,18,780,402,A13,,,Plein jour,Hors agglomération,Hors intersection,Normale,Deux véhicules - frontale,,,,,,,,,,,1,1,1,1,1.0
201600047116,0016-10-19 16:40:00,16,10,19,16,40,780,551,SE A14,,,Plein jour,Hors agglomération,Hors intersection,Normale,Autre collision,,,,,,,,,,,1,1,1,1,6.0
201600047117,0016-10-19 19:05:00,16,10,19,19,5,920,25,A86,,,Nuit avec éclairage allumé,Hors agglomération,Hors intersection,Temps couvert,Deux véhicules - côté,,,,,,,,,,,5,1,1,8,3.0
201600047118,0016-10-20 09:40:00,16,10,20,9,40,920,25,A86,,,Plein jour,Hors agglomération,Hors intersection,Normale,Trois véhicules et plus - collisions multiples,,,,,,,,,,,1,1,1,1,5.0
201600047119,0016-10-21 10:52:00,16,10,21,10,52,920,36,RN315 W,,,Plein jour,Hors agglomération,Hors intersection,Normale,Deux véhicules - arrière,,,,,,,,,,,1,1,1,1,2.0
201600047120,0016-10-21 18:16:00,16,10,21,18,16,780,423,RN12,,,Plein jour,Hors agglomération,Hors intersection,Normale,Deux véhicules - frontale,,,,,,,,,,,1,1,1,1,1.0
201600047121,0016-10-21 20:07:00,16,10,21,20,7,780,640,N118,,,Nuit sans éclairage public,Hors agglomération,Hors intersection,Temps couvert,Sans collision,,,,,,,,,,,3,1,1,8,7.0
201600047122,0016-10-23 20:20:00,16,10,23,20,20,780,297,RN12,,,Nuit sans éclairage public,Hors agglomération,Hors intersection,Pluie légère,Deux véhicules - frontale,,,,,,,,,,,3,1,1,2,1.0
201600047123,0016-10-25 06:21:00,16,10,25,6,21,780,466,A13,,,Nuit sans éclairage public,Hors agglomération,Hors intersection,Normale,Trois véhicules et plus - en chaîne,,,,,,,,,,,3,1,1,1,4.0
201600047124,0016-10-25 10:22:00,16,10,25,10,22,920,50,A14,,,Plein jour,Hors agglomération,Hors intersection,Normale,Deux véhicules - arrière,,,,,,,,,,,1,1,1,1,2.0
201600047125,0016-10-26 19:49:00,16,10,26,19,49,920,25,A86,,,Nuit avec éclairage allumé,Hors agglomération,Hors intersection,Normale,Trois véhicules et plus - collisions multiples,,,,,,,,,,,5,1,1,1,5.0
201600047126,0016-10-27 07:10:00,16,10,27,7,10,920,64,A13,,,Crépuscule ou aube,Hors agglomération,Hors intersection,Brouillard / fumée,Trois véhicules et plus - collisions multiples,,,,,,,,,,,2,1,1,5,5.0
201600047127,0016-10-27 16:25:00,16,10,27,16,25,920,36,A86,,,Plein jour,Hors agglomération,Hors intersection,Normale,Deux véhicules - côté,,,,,,,,,,,1,1,1,1,3.0
201600047128,0016-10-28 19:30:00,16,10,28,19,30,920,25,A86,,,Nuit sans éclairage public,Hors agglomération,Hors intersection,Normale,Deux véhicules - côté,,,,,,,,,,,3,1,1,1,3.0
201600047129,0016-10-30 06:29:00,16,10,30,6,29,780,158,A13,,,Nuit sans éclairage public,Hors agglomération,Hors intersection,Normale,Autre collision,,,,,,,,,,,3,1,1,1,6.0
201600047130,0016-10-30 16:03:00,16,10,30,16,3,920,25,A86,,,Plein jour,Hors agglomération,Hors intersection,Normale,Trois véhicules et plus - en chaîne,,,,,,,,,,,1,1,1,1,4.0
201600047131,0016-11-01 05:00:00,16,11,1,5,0,780,571,A13,,,Nuit sans éclairage public,Hors agglomération,Hors intersection,Normale,Deux véhicules - arrière,,,,,,,,,,,3,1,1,1,2.0
201600047132,0016-11-01 08:40:00,16,11,1,8,40,780,291,A13,,,Plein jour,Hors agglomération,Hors intersection,Normale,Deux véhicules - arrière,,,,,,,,,,,1,1,1,1,2.0
201600047133,0016-11-01 14:35:00,16,11,1,14,35,920,50,A86,,,Plein jour,Hors agglomération,Hors intersection,Normale,Trois véhicules et plus - en chaîne,,,,,,,,,,,1,1,1,1,4.0
201600047134,0016-11-04 14:50:00,16,11,4,14,50,920,50,A86,,,Plein jour,Hors agglomération,Hors intersection,Pluie légère,Deux véhicules - côté,,,,,,,,,,,1,1,1,2,3.0
201600047135,0016-11-04 17:30:00,16,11,4,17,30,780,362,A13,,,Crépuscule ou aube,Hors agglomération,Hors intersection,Pluie légère,Trois véhicules et plus - en chaîne,,,,,,,,,,,2,1,1,2,4.0
201600047136,0016-11-04 23:25:00,16,11,4,23,25,920,48,N118,,,Nuit sans éclairage public,Hors agglomération,Hors intersection,Pluie légère,Deux véhicules - arrière,,,,,,,,,,,3,1,1,2,2.0
201600047137,0016-11-05 12:30:00,16,11,5,12,30,920,64,A13,,,Plein jour,Hors agglomération,Hors intersection,Normale,Deux véhicules - arrière,,,,,,,,,,,1,1,1,1,2.0
201600047138,0016-11-06 17:35:00,16,11,6,17,35,780,423,A12 W,,,Nuit sans éclairage public,Hors agglomération,Hors intersection,Normale,Deux véhicules - arrière,,,,,,,,,,,3,1,1,1,2.0
201600047139,0016-11-07 02:19:00,16,11,7,2,19,780,238,A13,,,Nuit sans éclairage public,Hors agglomération,Hors intersection,Normale,Deux véhicules - arrière,,,,,,,,,,,3,1,1,1,2.0
201600047140,0016-11-07 07:35:00,16,11,7,7,35,780,7,A13W,,,Crépuscule ou aube,Hors agglomération,Hors intersection,Pluie légère,Autre collision,,,,,,,,,,,2,1,1,2,6.0
201600047141,0016-11-07 10:13:00,16,11,7,10,13,780,498,A13,,,Plein jour,Hors agglomération,Hors intersection,Pluie légère,Trois véhicules et plus - collisions multiples,,,,,,,,,,,1,1,1,2,5.0
201600047142,0016-11-07 11:15:00,16,11,7,11,15,920,51,RN13,,,Plein jour,Hors agglomération,Hors intersection,Normale,Sans collision,,,,,,,,,,,1,1,1,1,7.0
201600047143,0016-11-07 17:33:00,16,11,7,17,33,920,25,A86,,,Crépuscule ou aube,Hors agglomération,Hors intersection,Pluie légère,Trois véhicules et plus - en chaîne,,,,,,,,,,,2,1,1,2,4.0
201600047144,0016-11-07 18:35:00,16,11,7,18,35,780,362,A13,,,Crépuscule ou aube,Hors agglomération,Hors intersection,Pluie légère,Deux véhicules - arrière,,,,,,,,,,,2,1,1,2,2.0
201600047145,0016-11-07 18:55:00,16,11,7,18,55,780,362,A13,,,Plein jour,Hors agglomération,Hors intersection,Normale,Trois véhicules et plus - en chaîne,,,,,,,,,,,1,1,1,1,4.0
201600047146,0016-11-07 19:42:00,16,11,7,19,42,780,640,A86 EXT,,,Nuit avec éclairage allumé,Hors agglomération,Hors intersection,Pluie légère,Trois véhicules et plus - collisions multiples,,,,,,,,,,,5,1,1,2,5.0
201600047147,0016-11-07 21:20:00,16,11,7,21,20,780,646,RN12,,,Nuit avec éclairage non allumé,Hors agglomération,Hors intersection,Normale,Deux véhicules - arrière,,,,,,,,,,,4,1,1,1,2.0
201600047148,0016-11-08 18:32:00,16,11,8,18,32,920,50,A86,,,Crépuscule ou aube,Hors agglomération,Hors intersection,Normale,Deux véhicules - frontale,,,,,,,,,,,2,1,1,1,1.0
201600047149,0016-11-09 08:15:00,16,11,9,8,15,780,362,A13,,,Plein jour,Hors agglomération,Hors intersection,Pluie légère,Trois véhicules et plus - collisions multiples,,,,,,,,,,,1,1,1,2,5.0
201600047150,0016-11-09 08:30:00,16,11,9,8,30,780,206,A13,,,Plein jour,Hors agglomération,Hors intersection,Pluie forte,Trois véhicules et plus - en chaîne,,,,,,,,,,,1,1,1,3,4.0
201600047151,0016-11-09 11:45:00,16,11,9,11,45,920,51,RN13,,,Plein jour,Hors agglomération,Hors intersection,Pluie légère,Sans collision,,,,,,,,,,,1,1,1,2,7.0
201600047152,0016-11-09 11:50:00,16,11,9,11,50,920,51,RN13,,,Plein jour,Hors agglomération,Hors intersection,Normale,Autre collision,,,,,,,,,,,1,1,1,1,6.0
201600047153,0016-11-09 17:45:00,16,11,9,17,45,780,640,A86 INT,,,Nuit sans éclairage public,Hors agglomération,Hors intersection,Pluie légère,Sans collision,,,,,,,,,,,3,1,1,2,7.0
201600047154,0016-11-10 15:20:00,16,11,10,15,20,780,133,A13,,,Plein jour,Hors agglomération,Hors intersection,Temps couvert,Trois véhicules et plus - en chaîne,,,,,,,,,,,1,1,1,8,4.0
201600047155,0016-11-10 16:25:00,16,11,10,16,25,920,48,N118,,,Nuit sans éclairage public,Hors agglomération,Hors intersection,Pluie forte,Trois véhicules et plus - collisions multiples,,,,,,,,,,,3,1,1,3,5.0
201600047156,0016-11-10 18:12:00,16,11,10,18,12,780,362,A13,,,Nuit avec éclairage allumé,Hors agglomération,Hors intersection,Pluie légère,Autre collision,,,,,,,,,,,5,1,1,2,6.0
201600047157,0016-11-11 08:18:00,16,11,11,8,18,780,73,A12 W,,,Plein jour,Hors agglomération,Hors intersection,Normale,Autre collision,,,,,,,,,,,1,1,1,1,6.0
201600047158,0016-11-11 04:37:00,16,11,11,4,37,920,36,A86,,,Nuit sans éclairage public,Hors agglomération,Hors intersection,Pluie légère,Autre collision,,,,,,,,,,,3,1,1,2,6.0
201600047159,0016-11-12 00:14:00,16,11,12,0,14,780,498,A13,,,Nuit sans éclairage public,Hors agglomération,Hors intersection,Normale,Deux véhicules - arrière,,,,,,,,,,,3,1,1,1,2.0
201600047160,0016-11-12 17:15:00,16,11,12,17,15,780,571,A13,,,Nuit sans éclairage public,Hors agglomération,Hors intersection,Pluie légère,Deux véhicules - frontale,,,,,,,,,,,3,1,1,2,1.0
201600047161,0016-11-12 21:13:00,16,11,12,21,13,780,140,A13,,,Nuit avec éclairage allumé,Hors agglomération,Hors intersection,Pluie légère,Trois véhicules et plus - collisions multiples,,,,,,,,,,,5,1,1,2,5.0
201600047162,0016-11-12 22:00:00,16,11,12,22,0,920,12,A13,,,Nuit avec éclairage allumé,Hors agglomération,Hors intersection,Pluie légère,Sans collision,,,,,,,,,,,5,1,1,2,7.0
201600047163,0016-11-13 12:10:00,16,11,13,12,10,920,63,A86,,,Plein jour,Hors agglomération,Hors intersection,Pluie légère,Autre collision,,,,,,,,,,,1,1,1,2,6.0
201600047164,0016-11-13 13:00:00,16,11,13,13,0,780,423,RN12 EXT,,,Plein jour,Hors agglomération,Hors intersection,Temps couvert,Deux véhicules - côté,,,,,,,,,,,1,1,1,8,3.0
201600047165,0016-11-13 13:40:00,16,11,13,13,40,920,64,N118,,,Plein jour,Hors agglomération,Hors intersection,Pluie légère,Autre collision,,,,,,,,,,,1,1,1,2,6.0
201600047166,0016-11-13 14:35:00,16,11,13,14,35,920,72,N118,,,Plein jour,Hors agglomération,Hors intersection,Pluie légère,Autre collision,,,,,,,,,,,1,1,1,2,6.0
201600047167,0016-11-13 19:52:00,16,11,13,19,52,780,571,A13,,,Nuit sans éclairage public,Hors agglomération,Hors intersection,Normale,Deux véhicules - frontale,,,,,,,,,,,3,1,1,1,1.0
201600047168,0016-11-15 08:10:00,16,11,15,8,10,920,62,A14,,,Plein jour,Hors agglomération,Hors intersection,Autre,Autre collision,,,,,,,,,,,1,1,1,9,6.0
201600047169,0016-11-15 09:05:00,16,11,15,9,5,780,640,A86 EXT,,,Plein jour,Hors agglomération,Hors intersection,Pluie légère,Trois véhicules et plus - collisions multiples,,,,,,,,,,,1,1,1,2,5.0
201600047170,0016-11-15 14:06:00,16,11,15,14,6,780,73,N12Y,,,Plein jour,Hors agglomération,Autre intersection,Pluie légère,Trois véhicules et plus - collisions multiples,,,,,,,,,,,1,1,9,2,5.0
201600047171,0016-11-16 08:30:00,16,11,16,8,30,920,48,N118,,,Plein jour,Hors agglomération,Hors intersection,Pluie légère,Deux véhicules - côté,,,,,,,,,,,1,1,1,2,3.0
201600047172,0016-11-16 09:46:00,16,11,16,9,46,780,640,A86 EXT,,,Plein jour,Hors agglomération,Hors intersection,Normale,Trois véhicules et plus - collisions multiples,,,,,,,,,,,1,1,1,1,5.0
201600047173,0016-11-16 15:00:00,16,11,16,15,0,780,73,A12 W,,,Plein jour,Hors agglomération,Hors intersection,Pluie légère,Sans collision,,,,,,,,,,,1,1,1,2,7.0
201600047174,0016-11-17 07:28:00,16,11,17,7,28,920,50,A86,,,Plein jour,Hors agglomération,Hors intersection,Normale,Deux véhicules - arrière,,,,,,,,,,,1,1,1,1,2.0
201600047175,0016-11-17 13:00:00,16,11,17,13,0,920,72,N118,,,Plein jour,Hors agglomération,Hors intersection,Normale,Deux véhicules - frontale,,,,,,,,,,,1,1,1,1,1.0
201600047176,0016-11-17 13:45:00,16,11,17,13,45,780,297,RN12,,,Plein jour,Hors agglomération,Hors intersection,Normale,Deux véhicules - frontale,,,,,,,,,,,1,1,1,1,1.0
201600047177,0016-11-18 15:40:00,16,11,18,15,40,780,551,SE A14,,,Plein jour,Hors agglomération,Hors intersection,Normale,Trois véhicules et plus - en chaîne,,,,,,,,,,,1,1,1,1,4.0
201600047178,0016-11-19 00:55:00,16,11,19,0,55,780,646,RN12,,,Nuit sans éclairage public,Hors agglomération,Hors intersection,Temps couvert,Sans collision,,,,,,,,,,,3,1,1,8,7.0
201600047179,0016-11-20 08:00:00,16,11,20,8,0,920,50,A86,,,Plein jour,Hors agglomération,Hors intersection,Pluie légère,Autre collision,,,,,,,,,,,1,1,1,2,6.0
201600047180,0016-11-20 22:05:00,16,11,20,22,5,780,165,RN12 INT,,,Nuit sans éclairage public,Hors agglomération,Hors intersection,Pluie légère,Deux véhicules - arrière,,,,,,,,,,,3,1,1,2,2.0
201600047181,0016-11-21 08:03:00,16,11,21,8,3,780,402,A13,,,Plein jour,Hors agglomération,Hors intersection,Normale,Deux véhicules - arrière,,,,,,,,,,,1,1,1,1,2.0
201600047182,0016-11-21 09:44:00,16,11,21,9,44,920,50,A14,,,Plein jour,Hors agglomération,Hors intersection,Pluie légère,Sans collision,,,,,,,,,,,1,1,1,2,7.0
201600047183,0016-11-21 18:24:00,16,11,21,18,24,920,64,A13,,,Nuit avec éclairage non allumé,Hors agglomération,Hors intersection,Normale,Deux véhicules - côté,,,,,,,,,,,4,1,1,1,3.0
201600047184,0016-11-23 11:11:00,16,11,23,11,11,920,51,N13,,,Plein jour,Hors agglomération,Hors intersection,Pluie légère,Sans collision,,,,,,,,,,,1,1,1,2,7.0
201600047185,0016-11-23 13:10:00,16,11,23,13,10,780,43,A12 W,,,Plein jour,Hors agglomération,Hors intersection,Temps couvert,Deux véhicules - arrière,,,,,,,,,,,1,1,1,8,2.0
201600047186,0016-11-23 15:45:00,16,11,23,15,45,780,402,A13,,,Plein jour,Hors agglomération,Hors intersection,Normale,Autre collision,,,,,,,,,,,1,1,1,1,6.0
201600047187,0016-11-24 14:44:00,16,11,24,14,44,780,423,RN12,,,Plein jour,Hors agglomération,Hors intersection,Temps couvert,Sans collision,,,,,,,,,,,1,1,1,8,7.0
201600047188,0016-11-25 17:43:00,16,11,25,17,43,920,64,A13,,,Nuit sans éclairage public,Hors agglomération,Hors intersection,Normale,Trois véhicules et plus - en chaîne,,,,,,,,,,,3,1,1,1,4.0
201600047189,0016-11-25 17:40:00,16,11,25,17,40,780,206,A13,,,Plein jour,Hors agglomération,Hors intersection,Normale,Trois véhicules et plus - en chaîne,,,,,,,,,,,1,1,1,1,4.0
201600047190,0016-11-25 19:42:00,16,11,25,19,42,780,133,A14,,,Nuit avec éclairage allumé,Hors agglomération,Hors intersection,Normale,Deux véhicules - arrière,,,,,,,,,,,5,1,1,1,2.0
201600047191,0016-11-26 00:05:00,16,11,26,0,5,780,206,A13,,,Nuit sans éclairage public,Hors agglomération,Hors intersection,Normale,Deux véhicules - arrière,,,,,,,,,,,3,1,1,1,2.0
201600047192,0016-11-26 00:55:00,16,11,26,0,55,780,291,A13,,,Nuit sans éclairage public,Hors agglomération,Hors intersection,Normale,Autre collision,,,,,,,,,,,3,1,1,1,6.0
201600047193,0016-11-26 07:10:00,16,11,26,7,10,920,50,A86,,,Crépuscule ou aube,Hors agglomération,Hors intersection,Normale,Deux véhicules - arrière,,,,,,,,,,,2,1,1,1,2.0
201600047194,0016-11-26 15:13:00,16,11,26,15,13,920,50,A86,,,Plein jour,Hors agglomération,Hors intersection,Normale,Deux véhicules - arrière,,,,,,,,,,,1,1,1,1,2.0
201600047195,0016-11-27 05:20:00,16,11,27,5,20,920,25,A86,,,Plein jour,Hors agglomération,Hors intersection,Normale,Deux véhicules - côté,,,,,,,,,,,1,1,1,1,3.0
201600047196,0016-11-28 07:25:00,16,11,28,7,25,920,25,A86,,,Plein jour,Hors agglomération,Hors intersection,Normale,Deux véhicules - frontale,,,,,,,,,,,1,1,1,1,1.0
201600047197,0016-11-28 14:50:00,16,11,28,14,50,920,50,A86,,,Plein jour,Hors agglomération,Hors intersection,Normale,Deux véhicules - arrière,,,,,,,,,,,1,1,1,1,2.0
201600047198,0016-11-28 17:16:00,16,11,28,17,16,780,133,A14,,,Nuit avec éclairage allumé,Hors agglomération,Hors intersection,Normale,Deux véhicules - arrière,,,,,,,,,,,5,1,1,1,2.0
201600047199,0016-11-28 17:42:00,16,11,28,17,42,780,362,A13,,,Crépuscule ou aube,Hors agglomération,Hors intersection,Normale,Trois véhicules et plus - en chaîne,,,,,,,,,,,2,1,1,1,4.0
201600047200,0016-11-30 16:10:00,16,11,30,16,10,920,25,A86,,,Plein jour,Hors agglomération,Hors intersection,Normale,Trois véhicules et plus - en chaîne,,,,,,,,,,,1,1,1,1,4.0
201600047201,0016-12-01 11:00:00,16,12,1,11,0,920,48,N118,,,Plein jour,Hors agglomération,Hors intersection,Normale,Trois véhicules et plus - en chaîne,,,,,,,,,,,1,1,1,1,4.0
201600047202,0016-12-01 11:00:00,16,12,1,11,0,920,48,N118,,,Plein jour,Hors agglomération,Hors intersection,Normale,Trois véhicules et plus - en chaîne,,,,,,,,,,,1,1,1,1,4.0
201600047203,0016-12-02 06:40:00,16,12,2,6,40,780,126,A13,,,Nuit avec éclairage allumé,Hors agglomération,Hors intersection,Brouillard / fumée,Deux véhicules - arrière,,,,,,,,,,,5,1,1,5,2.0
201600047204,0016-12-02 08:10:00,16,12,2,8,10,780,43,A12 W,,,Plein jour,Hors agglomération,Hors intersection,Normale,Deux véhicules - arrière,,,,,,,,,,,1,1,1,1,2.0
201600047205,0016-12-02 11:40:00,16,12,2,11,40,780,524,A13,,,Plein jour,Hors agglomération,Hors intersection,Normale,Autre collision,,,,,,,,,,,1,1,1,1,6.0
201600047206,0016-12-02 19:45:00,16,12,2,19,45,780,423,RN12,,,Nuit avec éclairage non allumé,Hors agglomération,Hors intersection,Normale,Trois véhicules et plus - collisions multiples,,,,,,,,,,,4,1,1,1,5.0
201600047207,0016-12-03 10:50:00,16,12,3,10,50,780,322,RN12 EXT,,,Plein jour,Hors agglomération,Hors intersection,Normale,Trois véhicules et plus - en chaîne,,,,,,,,,,,1,1,1,1,4.0
201600047208,0016-12-04 06:13:00,16,12,4,6,13,780,431,A13,,,Nuit sans éclairage public,Hors agglomération,Hors intersection,Normale,Deux véhicules - frontale,,,,,,,,,,,3,1,1,1,1.0
201600047209,0016-12-04 06:50:00,16,12,4,6,50,780,117,RN12,,,Nuit avec éclairage non allumé,Hors agglomération,Hors intersection,Normale,Deux véhicules - arrière,,,,,,,,,,,4,1,1,1,2.0
201600047210,0016-12-04 07:14:00,16,12,4,7,14,780,431,A13,,,Nuit sans éclairage public,Hors agglomération,Hors intersection,Normale,Trois véhicules et plus - collisions multiples,,,,,,,,,,,3,1,1,1,5.0
201600047211,0016-12-04 21:32:00,16,12,4,21,32,780,646,RN12,,,Nuit sans éclairage public,Hors agglomération,Hors intersection,Normale,Deux véhicules - frontale,,,,,,,,,,,3,1,1,1,1.0
201600047212,0016-12-05 08:35:00,16,12,5,8,35,920,36,A86,,,Plein jour,Hors agglomération,Hors intersection,Normale,Deux véhicules - frontale,,,,,,,,,,,1,1,1,1,1.0
201600047213,0016-12-06 08:45:00,16,12,6,8,45,780,640,A86 INT,,,Plein jour,Hors agglomération,Hors intersection,Normale,Deux véhicules - côté,,,,,,,,,,,1,1,1,1,3.0
201600047214,0016-12-06 09:42:00,16,12,6,9,42,920,36,A86,,,Plein jour,Hors agglomération,Hors intersection,Normale,Trois véhicules et plus - collisions multiples,,,,,,,,,,,1,1,1,1,5.0
201600047215,0016-12-06 15:00:00,16,12,6,15,0,780,242,A12 Y,,,Plein jour,Hors agglomération,Hors intersection,Normale,Autre collision,,,,,,,,,,,1,1,1,1,6.0