accident_id,datetime,annee,mois,jour,heure,minute,departement,commune_insee,adresse,latitude,longitude,luminosite,agglomeration,intersection,meteo,collision,nb_vehicules,nb_usagers,nb_indemnes,nb_tues,nb_blesses_hosp,nb_blesses_legers,age_cond_1,age_cond_2,veh_type_cond_1,veh_type_cond_2,lum_code,agg_code,int_code,atm_code,col_code
201600047216,0016-12-06 17:20:00,16,12,6,17,20,780,423,RN12,,,Nuit sans éclairage public,Hors agglomération,Hors intersection,Normale,Deux véhicules - frontale,,,,,,,,,,,3,1,1,1,1.0
201600047217,0016-12-06 17:40:00,16,12,6,17,40,920,36,A86,,,Nuit avec éclairage allumé,Hors agglomération,Hors intersection,Normale,Deux véhicules - côté,,,,,,,,,,,5,1,1,1,3.0
201600047218,0016-12-07 14:27:00,16,12,7,14,27,780,545,A12 Y,,,Plein jour,Hors agglomération,Hors intersection,Normale,Trois véhicules et plus - collisions multiples,,,,,,,,,,,1,1,1,1,5.0
201600047219,0016-12-08 16:55:00,16,12,8,16,55,780,133,A13,,,Nuit sans éclairage public,Hors agglomération,Hors intersection,Normale,Trois véhicules et plus - en chaîne,,,,,,,,,,,3,1,1,1,4.0
201600047220,0016-12-09 16:00:00,16,12,9,16,0,920,36,A86,,,Plein jour,Hors agglomération,Hors intersection,Normale,Deux véhicules - côté,,,,,,,,,,,1,1,1,1,3.0
201600047221,0016-12-09 17:55:00,16,12,9,17,55,920,47,A13,,,Crépuscule ou aube,Hors agglomération,Hors intersection,Normale,Deux véhicules - arrière,,,,,,,,,,,2,1,1,1,2.0
201600047222,0016-12-10 04:41:00,16,12,10,4,41,920,50,A86,,,Nuit sans éclairage public,Hors agglomération,Hors intersection,Normale,Autre collision,,,,,,,,,,,3,1,1,1,6.0
201600047223,0016-12-10 19:19:00,16,12,10,19,19,920,25,A86,,,Plein jour,Hors agglomération,Hors intersection,Normale,Deux véhicules - côté,,,,,,,,,,,1,1,1,1,3.0
201600047224,0016-12-11 18:50:00,16,12,11,18,50,780,140,A13,,,Nuit sans éclairage public,Hors agglomération,Hors intersection,Normale,Deux véhicules - frontale,,,,,,,,,,,3,1,1,1,1.0
201600047225,0016-12-11 22:25:00,16,12,11,22,25,780,43,A12 W,,,Nuit sans éclairage public,Hors agglomération,Hors intersection,Normale,Autre collision,,,,,,,,,,,3,1,1,1,6.0
201600047226,0016-12-12 09:00:00,16,12,12,9,0,780,646,RN12,,,Plein jour,Hors agglomération,Hors intersection,Normale,Trois véhicules et plus - collisions multiples,,,,,,,,,,,1,1,1,1,5.0
201600047227,0016-12-12 09:39:00,16,12,12,9,39,920,50,A86,,,Plein jour,Hors agglomération,Hors intersection,Normale,Trois véhicules et plus - en chaîne,,,,,,,,,,,1,1,1,1,4.0
201600047228,0016-12-12 15:10:00,16,12,12,15,10,920,36,A86,,,Plein jour,Hors agglomération,Hors intersection,Pluie légère,Deux véhicules - frontale,,,,,,,,,,,1,1,1,2,1.0
201600047229,0016-12-13 08:30:00,16,12,13,8,30,780,217,A13,,,Plein jour,Hors agglomération,Hors intersection,Pluie légère,Trois véhicules et plus - collisions multiples,,,,,,,,,,,1,1,1,2,5.0
201600047230,0016-12-13 08:45:00,16,12,13,8,45,920,25,A86,,,Plein jour,Hors agglomération,Hors intersection,Temps couvert,Sans collision,,,,,,,,,,,1,1,1,8,7.0
201600047231,0016-12-13 09:30:00,16,12,13,9,30,920,25,A86,,,Plein jour,Hors agglomération,Hors intersection,Temps couvert,Sans collision,,,,,,,,,,,1,1,1,8,7.0
201600047232,0016-12-15 00:08:00,16,12,15,0,8,780,455,A13,,,Nuit sans éclairage public,Hors agglomération,Hors intersection,Normale,Autre collision,,,,,,,,,,,3,1,1,1,6.0
201600047233,0016-12-15 06:45:00,16,12,15,6,45,920,48,N118,,,Nuit sans éclairage public,Hors agglomération,Hors intersection,Normale,Trois véhicules et plus - en chaîne,,,,,,,,,,,3,1,1,1,4.0
201600047234,0016-12-15 07:46:00,16,12,15,7,46,780,238,A13,,,Plein jour,Hors agglomération,Hors intersection,Normale,Trois véhicules et plus - collisions multiples,,,,,,,,,,,1,1,1,1,5.0
201600047235,0016-12-15 18:11:00,16,12,15,18,11,920,47,A13,,,Nuit sans éclairage public,Hors agglomération,Hors intersection,Normale,Deux véhicules - arrière,,,,,,,,,,,3,1,1,1,2.0
201600047236,0016-12-16 14:20:00,16,12,16,14,20,780,217,A13,,,Plein jour,Hors agglomération,Hors intersection,Normale,Deux véhicules - arrière,,,,,,,,,,,1,1,1,1,2.0
201600047237,0016-12-16 16:15:00,16,12,16,16,15,920,50,A86,,,Plein jour,Hors agglomération,Hors intersection,Normale,Trois véhicules et plus - collisions multiples,,,,,,,,,,,1,1,1,1,5.0
201600047238,0016-12-17 08:07:00,16,12,17,8,7,780,217,A13,,,Crépuscule ou aube,Hors agglomération,Hors intersection,Brouillard / fumée,Autre collision,,,,,,,,,,,2,1,1,5,6.0
201600047239,0016-12-17 17:05:00,16,12,17,17,5,920,12,A13,,,Nuit avec éclairage allumé,Hors agglomération,Hors intersection,Normale,Deux véhicules - arrière,,,,,,,,,,,5,1,1,1,2.0
201600047240,0016-12-18 06:00:00,16,12,18,6,0,780,545,A12 W,,,Nuit sans éclairage public,Hors agglomération,Hors intersection,Brouillard / fumée,Deux véhicules - côté,,,,,,,,,,,3,1,1,5,3.0
201600047241,0016-12-19 17:50:00,16,12,19,17,50,920,50,A14,,,Nuit avec éclairage allumé,Hors agglomération,Hors intersection,Autre,Deux véhicules - arrière,,,,,,,,,,,5,1,1,9,2.0
201600047242,0016-12-21 18:06:00,16,12,21,18,6,920,36,A86,,,Nuit sans éclairage public,Hors agglomération,Hors intersection,Normale,Deux véhicules - côté,,,,,,,,,,,3,1,1,1,3.0
201600047243,0016-12-22 03:07:00,16,12,22,3,7,920,36,A86,,,Nuit avec éclairage non allumé,Hors agglomération,Hors intersection,Pluie forte,Autre collision,,,,,,,,,,,4,1,1,3,6.0
201600047244,0016-12-22 11:04:00,16,12,22,11,4,920,47,A13,,,Plein jour,Hors agglomération,Hors intersection,Pluie légère,Deux véhicules - arrière,,,,,,,,,,,1,1,1,2,2.0
201600047245,0016-12-24 11:27:00,16,12,24,11,27,780,362,A13,,,Plein jour,Hors agglomération,Hors intersection,Normale,Trois véhicules et plus - collisions multiples,,,,,,,,,,,1,1,1,1,5.0
201600047246,0016-12-24 12:24:00,16,12,24,12,24,780,423,A12 Y,,,Plein jour,Hors agglomération,Hors intersection,Normale,Deux véhicules - arrière,,,,,,,,,,,1,1,1,1,2.0
201600047247,0016-12-25 06:00:00,16,12,25,6,0,780,545,A12 Y,,,Nuit sans éclairage public,Hors agglomération,Hors intersection,Normale,Autre collision,,,,,,,,,,,3,1,1,1,6.0
201600047248,0016-12-25 18:45:00,16,12,25,18,45,920,50,A86,,,Nuit avec éclairage non allumé,Hors agglomération,Hors intersection,Normale,Trois véhicules et plus - collisions multiples,,,,,,,,,,,4,1,1,1,5.0
201600047249,0016-12-26 11:37:00,16,12,26,11,37,780,466,A13,,,Plein jour,Hors agglomération,Hors intersection,Temps couvert,Trois véhicules et plus - en chaîne,,,,,,,,,,,1,1,1,8,4.0
201600047250,0016-12-26 12:20:00,16,12,26,12,20,920,64,A13,,,Plein jour,Hors agglomération,Hors intersection,Normale,Deux véhicules - frontale,,,,,,,,,,,1,1,1,1,1.0
201600047251,0016-12-26 17:44:00,16,12,26,17,44,920,48,N118,,,Plein jour,Hors agglomération,Hors intersection,Normale,Deux véhicules - frontale,,,,,,,,,,,1,1,1,1,1.0
201600047252,0016-12-27 03:30:00,16,12,27,3,30,920,72,N118,,,Nuit sans éclairage public,Hors agglomération,Hors intersection,Normale,Sans collision,,,,,,,,,,,3,1,1,1,7.0
201600047253,0016-12-28 18:30:00,16,12,28,18,30,920,23,RN385,,,Nuit sans éclairage public,Hors agglomération,Hors intersection,Normale,Deux véhicules - frontale,,,,,,,,,,,3,1,1,1,1.0
201600047254,0016-12-28 20:10:00,16,12,28,20,10,780,362,A13,,,Nuit sans éclairage public,Hors agglomération,Hors intersection,Normale,Sans collision,,,,,,,,,,,3,1,1,1,7.0
201600047255,0016-12-29 10:27:00,16,12,29,10,27,920,48,N118,,,Plein jour,Hors agglomération,Hors intersection,Normale,Sans collision,,,,,,,,,,,1,1,1,1,7.0
201600047256,0016-12-31 06:00:00,16,12,31,6,0,920,26,RN192,,,Nuit avec éclairage allumé,Hors agglomération,Hors intersection,Normale,Autre collision,,,,,,,,,,,5,1,1,1,6.0
201600047257,0016-01-02 10:56:00,16,1,2,10,56,910,64,RN 118,48.75027,2.22162,Plein jour,Hors agglomération,Hors intersection,Pluie légère,Autre collision,,,,,,,,,,,1,1,1,2,6.0
201600047258,0016-01-02 10:43:00,16,1,2,10,43,910,477,AUTOROUTE A10,48.71963,2.25462,Plein jour,Hors agglomération,Hors intersection,Temps couvert,Autre collision,,,,,,,,,,,1,1,1,8,6.0
201600047259,0016-01-02 12:40:00,16,1,2,12,40,910,377,RN20,48.72956,2.30024,Plein jour,Hors agglomération,Hors intersection,Temps couvert,Trois véhicules et plus - en chaîne,,,,,,,,,,,1,1,1,8,4.0
201600047260,0016-01-02 20:45:00,16,1,2,20,45,910,589,AUTOROUTE A6,48.67139,2.34649,Nuit sans éclairage public,Hors agglomération,Hors intersection,Normale,Trois véhicules et plus - en chaîne,,,,,,,,,,,3,1,1,1,4.0
201600047261,0016-01-04 07:50:00,16,1,4,7,50,910,161,AUTOROUTE A6,48.69594,2.31746,Crépuscule ou aube,Hors agglomération,Hors intersection,Normale,Autre collision,,,,,,,,,,,2,1,1,1,6.0
201600047262,0016-01-04 08:20:00,16,1,4,8,20,910,182,AUTOROUTE A6,48.62523,2.41761,Crépuscule ou aube,Hors agglomération,Hors intersection,Normale,Deux véhicules - arrière,,,,,,,,,,,2,1,1,1,2.0
201600047263,0016-01-04 07:30:00,16,1,4,7,30,910,64,RN 118,48.76657,2.22993,Nuit sans éclairage public,Hors agglomération,Hors intersection,Pluie légère,Deux véhicules - arrière,,,,,,,,,,,3,1,1,2,2.0
201600047264,0016-01-05 17:50:00,16,1,5,17,50,910,174,RN 104,48.61643,2.45508,Nuit sans éclairage public,Hors agglomération,Hors intersection,Pluie légère,Sans collision,,,,,,,,,,,3,1,1,2,7.0
201600047265,0016-01-07 10:15:00,16,1,7,10,15,940,34,AUTOROUTE A6A,48.7557,2.33391,Plein jour,Hors agglomération,Hors intersection,Pluie légère,Sans collision,,,,,,,,,,,1,1,1,2,7.0
201600047266,0016-01-07 12:30:00,16,1,7,12,30,910,228,A6,48.61427,2.43039,Plein jour,Hors agglomération,Hors intersection,Temps couvert,Deux véhicules - arrière,,,,,,,,,,,1,1,1,8,2.0
201600047267,0016-01-07 12:55:00,16,1,7,12,55,910,64,RN 118,48.77368,2.22413,Plein jour,Hors agglomération,Hors intersection,Normale,Autre collision,,,,,,,,,,,1,1,1,1,6.0
201600047268,0016-01-07 14:10:00,16,1,7,14,10,910,345,AUTOROUTE A6,48.68699,2.32585,Plein jour,Hors agglomération,Hors intersection,Temps couvert,Trois véhicules et plus - en chaîne,,,,,,,,,,,1,1,1,8,4.0
201600047269,0016-01-09 23:45:00,16,1,9,23,45,940,3,AUTOROUTE A6A,48.8081,2.34045,Nuit avec éclairage allumé,Hors agglomération,Hors intersection,Pluie légère,Autre collision,,,,,,,,,,,5,1,1,2,6.0
201600047270,0016-01-10 06:10:00,16,1,10,6,10,910,477,AUTOROUTE A10,48.71885,2.25745,Nuit avec éclairage allumé,Hors agglomération,Hors intersection,Pluie légère,Sans collision,,,,,,,,,,,5,1,1,2,7.0
201600047271,0016-01-10 15:15:00,16,1,10,15,15,910,161,AUTOROUTE A126,48.71356,2.27763,Plein jour,Hors agglomération,Hors intersection,Pluie légère,Autre collision,,,,,,,,,,,1,1,1,2,6.0
201600047272,0016-01-10 20:45:00,16,1,10,20,45,910,521,RN 104,48.6309,2.4089,Nuit sans éclairage public,Hors agglomération,Hors intersection,Pluie légère,Deux véhicules - arrière,,,,,,,,,,,3,1,1,2,2.0
201600047273,0016-01-10 20:50:00,16,1,10,20,50,910,521,RN 104,48.62732,2.39937,Nuit sans éclairage public,Hors agglomération,Hors intersection,Pluie légère,Autre collision,,,,,,,,,,,3,1,1,2,6.0
201600047274,0016-01-11 05:40:00,16,1,11,5,40,940,21,AUTOROUTE A106,48.7604,2.34596,Nuit sans éclairage public,Hors agglomération,Hors intersection,Pluie forte,Autre collision,,,,,,,,,,,3,1,1,3,6.0
201600047275,0016-01-10 22:20:00,16,1,10,22,20,910,521,RN 104,48.63162,2.40775,Nuit sans éclairage public,Hors agglomération,Hors intersection,Pluie légère,Autre collision,,,,,,,,,,,3,1,1,2,6.0
201600047276,0016-01-11 08:40:00,16,1,11,8,40,940,38,AUTOROUTE A6A,48.773,2.34581,Crépuscule ou aube,Hors agglomération,Hors intersection,Normale,Deux véhicules - arrière,,,,,,,,,,,2,1,1,1,2.0
201600047277,0016-01-11 19:00:00,16,1,11,19,0,910,136,AUTOROUTE A10,48.71388,2.27597,Nuit sans éclairage public,Hors agglomération,Hors intersection,Normale,Deux véhicules - arrière,,,,,,,,,,,3,1,1,1,2.0
201600047278,0016-01-12 08:30:00,16,1,12,8,30,910,521,RN 104,48.62631,2.39777,Crépuscule ou aube,Hors agglomération,Hors intersection,Normale,Autre collision,,,,,,,,,,,2,1,1,1,6.0
201600047279,0016-01-12 16:15:00,16,1,12,16,15,910,161,AUTOROUTE A6,48.71004,2.30732,Plein jour,Hors agglomération,Hors intersection,Normale,Deux véhicules - arrière,,,,,,,,,,,1,1,1,1,2.0
201600047280,0016-01-13 08:40:00,16,1,13,8,40,910,216,A6,48.68661,2.3264,Plein jour,Hors agglomération,Hors intersection,Normale,Deux véhicules - côté,,,,,,,,,,,1,1,1,1,3.0
201600047281,0016-01-14 07:22:00,16,1,14,7,22,910,471,RN 118,48.70495,2.19255,Crépuscule ou aube,Hors agglomération,Hors intersection,Pluie légère,Deux véhicules - arrière,,,,,,,,,,,2,1,1,2,2.0
201600047282,0016-01-14 07:50:00,16,1,14,7,50,910,347,RN 104,48.62515,2.30545,Plein jour,Hors agglomération,Hors intersection,Pluie légère,Trois véhicules et plus - en chaîne,,,,,,,,,,,1,1,1,2,4.0
201600047283,0016-01-14 12:42:00,16,1,14,12,42,940,16,AUTOROUTE A6A,48.7925,2.34467,Plein jour,Hors agglomération,Hors intersection,Normale,Trois véhicules et plus - collisions multiples,,,,,,,,,,,1,1,1,1,5.0
201600047284,0016-01-14 17:15:00,16,1,14,17,15,770,384,AUTOROUTE A5A,,,Crépuscule ou aube,Hors agglomération,Hors intersection,Pluie légère,Deux véhicules - arrière,,,,,,,,,,,2,1,1,2,2.0
201600047285,0016-01-14 19:20:00,16,1,14,19,20,940,21,AUTOROUTE A6A,48.7703,2.34506,Nuit sans éclairage public,Hors agglomération,Hors intersection,Pluie légère,Deux véhicules - côté,,,,,,,,,,,3,1,1,2,3.0
201600047286,0016-01-15 17:10:00,16,1,15,17,10,910,216,A6,48.68324,2.32908,Plein jour,Hors agglomération,Hors intersection,Normale,Trois véhicules et plus - en chaîne,,,,,,,,,,,1,1,1,1,4.0
201600047287,0016-01-15 18:05:00,16,1,15,18,5,940,38,AUTOROUTE A6A,48.7721,2.34568,Nuit sans éclairage public,Hors agglomération,Hors intersection,Normale,Deux véhicules - côté,,,,,,,,,,,3,1,1,1,3.0
201600047288,0016-01-16 01:30:00,16,1,16,1,30,940,34,AUTOROUTE A6A,48.7506,2.32924,Nuit avec éclairage allumé,Hors agglomération,Hors intersection,Normale,Deux véhicules - arrière,,,,,,,,,,,5,1,1,1,2.0
201600047289,0016-01-17 08:00:00,16,1,17,8,0,920,2,AUTOROUTE A10,,,Nuit sans éclairage public,Hors agglomération,Hors intersection,Temps couvert,Deux véhicules - arrière,,,,,,,,,,,3,1,1,8,2.0
201600047290,0016-01-17 11:40:00,16,1,17,11,40,910,235,RN 104,48.62548,2.36109,Plein jour,Hors agglomération,Hors intersection,Normale,Autre collision,,,,,,,,,,,1,1,1,1,6.0
201600047291,0016-01-18 08:15:00,16,1,18,8,15,940,21,AUTOROUTE A6A,48.7626,2.34084,Crépuscule ou aube,Hors agglomération,Hors intersection,Normale,Deux véhicules - arrière,,,,,,,,,,,2,1,1,1,2.0
201600047292,0016-01-18 10:05:00,16,1,18,10,5,910,689,AUTOROUTE A6,48.71928,2.31052,Plein jour,Hors agglomération,Hors intersection,Normale,Deux véhicules - arrière,,,,,,,,,,,1,1,1,1,2.0
201600047293,0016-01-20 11:05:00,16,1,20,11,5,910,471,RN 118,48.71396,2.17629,Plein jour,Hors agglomération,Hors intersection,Normale,Trois véhicules et plus - collisions multiples,,,,,,,,,,,1,1,1,1,5.0
201600047294,0016-01-20 20:00:00,16,1,20,20,0,940,34,AUTOROUTE A86,48.7606,2.31928,Nuit avec éclairage allumé,Hors agglomération,Hors intersection,Normale,Trois véhicules et plus - en chaîne,,,,,,,,,,,5,1,1,1,4.0
201600047295,0016-01-20 20:45:00,16,1,20,20,45,910,64,RN 118,48.76037,2.22593,Nuit avec éclairage non allumé,Hors agglomération,Hors intersection,Normale,Sans collision,,,,,,,,,,,4,1,1,1,7.0
201600047296,0016-01-21 05:10:00,16,1,21,5,10,910,534,RN 118,48.73058,2.16624,Nuit sans éclairage public,Hors agglomération,Hors intersection,Neige / grêle,Autre collision,,,,,,,,,,,3,1,1,4,6.0
201600047297,0016-01-21 13:50:00,16,1,21,13,50,910,521,A6,48.63335,2.40461,Plein jour,Hors agglomération,Hors intersection,Normale,Deux véhicules - côté,,,,,,,,,,,1,1,1,1,3.0
201600047298,0016-01-21 15:30:00,16,1,21,15,30,910,161,A6,48.69658,2.31615,Plein jour,Hors agglomération,Hors intersection,Normale,Trois véhicules et plus - en chaîne,,,,,,,,,,,1,1,1,1,4.0
201600047299,0016-01-21 16:45:00,16,1,21,16,45,940,37,AUTOROUTE A6B,48.8149,2.35583,Nuit avec éclairage allumé,Hors agglomération,Hors intersection,Normale,Deux véhicules - arrière,,,,,,,,,,,5,1,1,1,2.0
201600047300,0016-01-21 18:40:00,16,1,21,18,40,910,340,RN 104,48.60879,2.43794,Nuit avec éclairage non allumé,Hors agglomération,Hors intersection,Normale,Deux véhicules - arrière,,,,,,,,,,,4,1,1,1,2.0
201600047301,0016-01-21 19:30:00,16,1,21,19,30,940,3,AUTOROUTE A6A,48.7993,2.34236,Nuit avec éclairage allumé,Hors agglomération,Hors intersection,Normale,Deux véhicules - arrière,,,,,,,,,,,5,1,1,1,2.0
201600047302,0016-01-21 21:45:00,16,1,21,21,45,910,136,A10,48.7132,2.28065,Nuit sans éclairage public,Hors agglomération,Hors intersection,Normale,Deux véhicules - arrière,,,,,,,,,,,3,1,1,1,2.0
201600047303,0016-01-22 07:45:00,16,1,22,7,45,910,434,A6,48.66587,2.36231,Crépuscule ou aube,Hors agglomération,Hors intersection,Normale,Deux véhicules - côté,,,,,,,,,,,2,1,1,1,3.0
201600047304,0016-01-22 09:05:00,16,1,22,9,5,940,38,AUTOROUTE A6A,48.7793,2.34658,Plein jour,Hors agglomération,Hors intersection,Normale,Trois véhicules et plus - collisions multiples,,,,,,,,,,,1,1,1,1,5.0
201600047305,0016-01-22 17:40:00,16,1,22,17,40,910,477,A126,48.72091,2.22973,Nuit sans éclairage public,Hors agglomération,Hors intersection,Pluie légère,Autre collision,,,,,,,,,,,3,1,1,2,6.0
201600047306,0016-01-22 19:00:00,16,1,22,19,0,940,37,AUTOROUTE A6B,48.8117,2.35139,Nuit avec éclairage allumé,Hors agglomération,Hors intersection,Pluie légère,Trois véhicules et plus - en chaîne,,,,,,,,,,,5,1,1,2,4.0
201600047307,0016-01-23 12:30:00,16,1,23,12,30,910,312,RD 444,48.73843,2.22632,Plein jour,Hors agglomération,Hors intersection,Normale,Sans collision,,,,,,,,,,,1,1,1,1,7.0
201600047308,0016-01-23 13:15:00,16,1,23,13,15,910,521,RN 104,48.63203,2.4004,Plein jour,Hors agglomération,Hors intersection,Pluie légère,Sans collision,,,,,,,,,,,1,1,1,2,7.0
201600047309,0016-01-24 19:37:00,16,1,24,19,37,940,3,AUTOROUTE A6A,48.8015,2.34178,Nuit avec éclairage non allumé,Hors agglomération,Hors intersection,Normale,Deux véhicules - côté,,,,,,,,,,,4,1,1,1,3.0
201600047310,0016-01-25 10:40:00,16,1,25,10,40,910,228,AUTOROUTE A6,48.6292,2.41129,Plein jour,Hors agglomération,Hors intersection,Normale,Deux véhicules - côté,,,,,,,,,,,1,1,1,1,3.0
201600047311,0016-01-26 10:54:00,16,1,26,10,54,940,65,AUTOROUTE A86,48.7554,2.34416,Plein jour,Hors agglomération,Hors intersection,Normale,Trois véhicules et plus - collisions multiples,,,,,,,,,,,1,1,1,1,5.0
201600047312,0016-01-27 03:03:00,16,1,27,3,3,910,689,AUTOROUTE A6B,48.74164,2.32148,Nuit sans éclairage public,Hors agglomération,Hors intersection,Normale,Deux véhicules - arrière,,,,,,,,,,,3,1,1,1,2.0
201600047313,0016-01-27 07:30:00,16,1,27,7,30,910,216,AUTOROUTE A6,48.68261,2.32974,Crépuscule ou aube,Hors agglomération,Hors intersection,Pluie légère,Deux véhicules - arrière,,,,,,,,,,,2,1,1,2,2.0
201600047314,0016-01-28 05:00:00,16,1,28,5,0,910,235,RN 104,48.62593,2.35557,Nuit sans éclairage public,Hors agglomération,Hors intersection,Pluie légère,Autre collision,,,,,,,,,,,3,1,1,2,6.0
201600047315,0016-01-28 06:30:00,16,1,28,6,30,910,216,AUTOROUTE A6,48.68776,2.32512,Nuit sans éclairage public,Hors agglomération,Hors intersection,Normale,Deux véhicules - arrière,,,,,,,,,,,3,1,1,1,2.0
201600047316,0016-01-27 21:50:00,16,1,27,21,50,940,37,AUTOROUTE A6B,48.8123,2.3527,Nuit avec éclairage allumé,Hors agglomération,Hors intersection,Pluie légère,Deux véhicules - arrière,,,,,,,,,,,5,1,1,2,2.0
201600047317,0016-01-28 17:25:00,16,1,28,17,25,910,377,RN20,48.73086,2.30038,Plein jour,En agglomération,Hors intersection,Normale,Deux véhicules - arrière,,,,,,,,,,,1,2,1,1,2.0
201600047318,0016-01-28 15:32:00,16,1,28,15,32,940,21,AUTOROUTE A106,48.7597,2.34635,Plein jour,Hors agglomération,Hors intersection,Normale,Sans collision,,,,,,,,,,,1,1,1,1,7.0
201600047319,0016-01-28 23:48:00,16,1,28,23,48,910,161,AUTOROUTE A6,48.70034,2.31052,Nuit sans éclairage public,Hors agglomération,Hors intersection,Normale,Sans collision,,,,,,,,,,,3,1,1,1,7.0
201600047320,0016-01-29 15:40:00,16,1,29,15,40,910,235,RN 104,48.6247,2.37004,Plein jour,Hors agglomération,Hors intersection,Normale,Sans collision,,,,,,,,,,,1,1,1,1,7.0
201600047321,0016-01-29 18:50:00,16,1,29,18,50,910,689,AUTOROUTE A6,48.73295,2.31569,Crépuscule ou aube,Hors agglomération,Hors intersection,Pluie légère,Sans collision,,,,,,,,,,,2,1,1,2,7.0
201600047322,0016-01-30 13:45:00,16,1,30,13,45,910,136,AUTOROUTE A10,48.71694,2.26438,Plein jour,Hors agglomération,Hors intersection,Pluie forte,Autre collision,,,,,,,,,,,1,1,1,3,6.0
201600047323,0016-01-30 14:55:00,16,1,30,14,55,940,76,AUTOROUTE A6B,48.7858,2.34557,Plein jour,Hors agglomération,Hors intersection,Pluie forte,Trois véhicules et plus - collisions multiples,,,,,,,,,,,1,1,1,3,5.0
201600047324,0016-01-30 20:30:00,16,1,30,20,30,910,434,AUTOROUTE A6,48.6701,2.34868,Nuit sans éclairage public,Hors agglomération,Hors intersection,Pluie légère,Deux véhicules - arrière,,,,,,,,,,,3,1,1,2,2.0
201600047325,0016-01-31 06:00:00,16,1,31,6,0,910,659,AUTOROUTE A6,48.58513,2.45345,Nuit sans éclairage public,Hors agglomération,Hors intersection,Pluie légère,Autre collision,,,,,,,,,,,3,1,1,2,6.0
201600047326,0016-01-31 12:30:00,16,1,31,12,30,910,136,AUTOROUTE A126,48.71201,2.28909,Plein jour,Hors agglomération,Hors intersection,Pluie légère,Trois véhicules et plus - en chaîne,,,,,,,,,,,1,1,1,2,4.0
201600047327,0016-01-31 14:30:00,16,1,31,14,30,910,161,AUTOROUTE A126,48.71036,2.30229,Plein jour,Hors agglomération,Hors intersection,Normale,Deux véhicules - côté,,,,,,,,,,,1,1,1,1,3.0
201600047328,0016-01-31 08:20:00,16,1,31,8,20,910,589,AUTOROUTE A6,48.66869,2.35241,Crépuscule ou aube,Hors agglomération,Hors intersection,Pluie légère,Autre collision,,,,,,,,,,,2,1,1,2,6.0
201600047329,0016-01-31 14:55:00,16,1,31,14,55,910,64,RN 118,48.75054,2.22183,Plein jour,Hors agglomération,Hors intersection,Pluie légère,Autre collision,,,,,,,,,,,1,1,1,2,6.0
201600047330,0016-01-31 17:00:00,16,1,31,17,0,940,34,AUTOROUTE A86,48.761,2.31756,Plein jour,Hors agglomération,Hors intersection,Pluie légère,Sans collision,,,,,,,,,,,1,1,1,2,7.0
201600047331,0016-01-30 23:02:00,16,1,30,23,2,910,521,RN 441,48.64583,2.38957,Nuit sans éclairage public,Hors agglomération,Hors intersection,Normale,Trois véhicules et plus - collisions multiples,,,,,,,,,,,3,1,1,1,5.0
201600047332,0016-02-01 07:43:00,16,2,1,7,43,940,34,AUTOROUTE A6A,48.7576,2.33572,Crépuscule ou aube,Hors agglomération,Hors intersection,Normale,Trois véhicules et plus - en chaîne,,,,,,,,,,,2,1,1,1,4.0
201600047333,0016-01-31 00:43:00,16,1,31,0,43,910,64,RN 118,48.74953,2.22053,Nuit sans éclairage public,Hors agglomération,Hors intersection,Pluie légère,Sans collision,,,,,,,,,,,3,1,1,2,7.0
201600047334,0016-02-01 04:20:00,16,2,1,4,20,910,182,AUTOROUTE A6,48.62278,2.42139,Nuit sans éclairage public,Hors agglomération,Hors intersection,Pluie légère,Deux véhicules - arrière,,,,,,,,,,,3,1,1,2,2.0
201600047335,0016-02-01 10:27:00,16,2,1,10,27,910,286,AUTOROUTE A6,48.65495,2.37956,Plein jour,Hors agglomération,Hors intersection,Normale,Deux véhicules - arrière,,,,,,,,,,,1,1,1,1,2.0
201600047336,0016-02-02 20:10:00,16,2,2,20,10,910,521,RN 104,48.6322,2.40665,Nuit sans éclairage public,Hors agglomération,Hors intersection,Pluie légère,Deux véhicules - arrière,,,,,,,,,,,3,1,1,2,2.0
201600047337,0016-02-04 07:40:00,16,2,4,7,40,910,553,RN 104,48.62741,2.47776,Crépuscule ou aube,Hors agglomération,Hors intersection,Pluie légère,Deux véhicules - arrière,,,,,,,,,,,2,1,1,2,2.0
201600047338,0016-02-04 12:00:00,16,2,4,12,0,910,434,AUTOROUTE A6,48.66773,2.35655,Plein jour,Hors agglomération,Hors intersection,Pluie légère,Autre collision,,,,,,,,,,,1,1,1,2,6.0
201600047339,0016-02-05 07:30:00,16,2,5,7,30,910,363,RN 104,48.65032,2.18445,Nuit sans éclairage public,Hors agglomération,Hors intersection,Normale,Sans collision,,,,,,,,,,,3,1,1,1,7.0
201600047340,0016-02-06 13:00:00,16,2,6,13,0,910,345,AUTOROUTE A6,48.69102,2.32236,Plein jour,Hors agglomération,Hors intersection,Normale,Deux véhicules - arrière,,,,,,,,,,,1,1,1,1,2.0