accident_id,datetime,annee,mois,jour,heure,minute,departement,commune_insee,adresse,latitude,longitude,luminosite,agglomeration,intersection,meteo,collision,nb_vehicules,nb_usagers,nb_indemnes,nb_tues,nb_blesses_hosp,nb_blesses_legers,age_cond_1,age_cond_2,veh_type_cond_1,veh_type_cond_2,lum_code,agg_code,int_code,atm_code,col_code
201600047341,0016-02-07 08:58:00,16,2,7,8,58,910,521,RN 449,48.63608,2.41352,Crépuscule ou aube,Hors agglomération,Hors intersection,Normale,Autre collision,,,,,,,,,,,2,1,1,1,6.0
201600047342,0016-02-07 07:50:00,16,2,7,7,50,910,477,AUTOROUTE A10,48.71868,2.25609,Crépuscule ou aube,Hors agglomération,Hors intersection,Temps couvert,Deux véhicules - arrière,,,,,,,,,,,2,1,1,8,2.0
201600047343,0016-02-07 11:32:00,16,2,7,11,32,940,34,AUTOROUTE A6A,48.7562,2.3344,Plein jour,Hors agglomération,Hors intersection,Normale,Sans collision,,,,,,,,,,,1,1,1,1,7.0
201600047344,0016-02-07 12:54:00,16,2,7,12,54,910,689,AUTOROUTE A6,48.7294,2.31431,Plein jour,Hors agglomération,Hors intersection,Normale,Deux véhicules - arrière,,,,,,,,,,,1,1,1,1,2.0
201600047345,0016-02-08 09:03:00,16,2,8,9,3,910,521,RN 104,48.6324,2.40637,Plein jour,Hors agglomération,Hors intersection,Normale,Trois véhicules et plus - en chaîne,,,,,,,,,,,1,1,1,1,4.0
201600047346,0016-02-07 00:35:00,16,2,7,0,35,910,534,RN 118,48.72257,2.16804,Nuit sans éclairage public,Hors agglomération,Hors intersection,Normale,Autre collision,,,,,,,,,,,3,1,1,1,6.0
201600047347,0016-02-08 14:30:00,16,2,8,14,30,940,38,AUTOROUTE A6A,48.7819,2.34674,Plein jour,Hors agglomération,Hors intersection,Pluie légère,Trois véhicules et plus - en chaîne,,,,,,,,,,,1,1,1,2,4.0
201600047348,0016-02-08 16:35:00,16,2,8,16,35,920,2,AUTOROUTE A10,,,Plein jour,Hors agglomération,Hors intersection,Pluie légère,Deux véhicules - arrière,,,,,,,,,,,1,1,1,2,2.0
201600047349,0016-02-08 16:30:00,16,2,8,16,30,940,38,AUTOROUTE A6A,48.7739,2.34595,Plein jour,Hors agglomération,Hors intersection,Pluie légère,Trois véhicules et plus - en chaîne,,,,,,,,,,,1,1,1,2,4.0
201600047350,0016-02-08 21:50:00,16,2,8,21,50,920,2,AUTOROUTE A86,,,Nuit sans éclairage public,Hors agglomération,Hors intersection,Normale,Autre collision,,,,,,,,,,,3,1,1,1,6.0
201600047351,0016-02-09 08:25:00,16,2,9,8,25,940,76,AUTOROUTE A6B,48.7915,2.3446,Plein jour,Hors agglomération,Hors intersection,Pluie forte,Sans collision,,,,,,,,,,,1,1,1,3,7.0
201600047352,0016-02-09 09:20:00,16,2,9,9,20,910,521,RN 104,48.63237,2.40644,Plein jour,Hors agglomération,Hors intersection,Pluie légère,Autre collision,,,,,,,,,,,1,1,1,2,6.0
201600047353,0016-02-09 10:40:00,16,2,9,10,40,910,477,AUTOROUTE A10,48.71849,2.2558,Plein jour,Hors agglomération,Hors intersection,Pluie forte,Autre collision,,,,,,,,,,,1,1,1,3,6.0
201600047354,0016-02-10 10:30:00,16,2,10,10,30,940,21,AUTOROUTE A6A,48.7612,2.33948,Plein jour,Hors agglomération,Hors intersection,Normale,Autre collision,,,,,,,,,,,1,1,1,1,6.0
201600047355,0016-02-11 10:25:00,16,2,11,10,25,910,216,AUTOROUTE A6,48.68652,2.32626,Plein jour,Hors agglomération,Hors intersection,Normale,Trois véhicules et plus - en chaîne,,,,,,,,,,,1,1,1,1,4.0
201600047356,0016-02-11 14:49:00,16,2,11,14,49,940,3,AUTOROUTE A6B,48.8018,2.34366,Plein jour,Hors agglomération,Hors intersection,Normale,Deux véhicules - côté,,,,,,,,,,,1,1,1,1,3.0
201600047357,0016-02-13 03:40:00,16,2,13,3,40,910,377,AUTOROUTE A10,48.72867,2.30533,Nuit sans éclairage public,Hors agglomération,Hors intersection,Normale,Deux véhicules - arrière,,,,,,,,,,,3,1,1,1,2.0
201600047358,0016-02-13 08:40:00,16,2,13,8,40,910,534,RN 118,48.73465,2.17113,Plein jour,Hors agglomération,Hors intersection,Pluie forte,Autre collision,,,,,,,,,,,1,1,1,3,6.0
201600047359,0016-02-13 16:40:00,16,2,13,16,40,910,471,RN 118,48.69803,2.19237,Plein jour,Hors agglomération,Hors intersection,Pluie forte,Autre collision,,,,,,,,,,,1,1,1,3,6.0
201600047360,0016-02-13 16:15:00,16,2,13,16,15,920,19,RN 385 INT,,,Plein jour,Hors agglomération,Hors intersection,Pluie forte,Autre collision,,,,,,,,,,,1,1,1,3,6.0
201600047361,0016-02-13 17:55:00,16,2,13,17,55,910,689,AUTOROUTE A6,48.72988,2.31449,Crépuscule ou aube,Hors agglomération,Hors intersection,Pluie forte,Deux véhicules - arrière,,,,,,,,,,,2,1,1,3,2.0
201600047362,0016-02-14 05:28:00,16,2,14,5,28,910,340,RN 104,48.60879,2.4376,Nuit avec éclairage allumé,Hors agglomération,Hors intersection,Normale,Sans collision,,,,,,,,,,,5,1,1,1,7.0
201600047363,0016-02-14 15:45:00,16,2,14,15,45,910,521,RN 449,48.63419,2.40647,Plein jour,Hors agglomération,Hors intersection,Pluie légère,Sans collision,,,,,,,,,,,1,1,1,2,7.0
201600047364,0016-02-15 02:20:00,16,2,15,2,20,910,182,RN 104,48.61263,2.43091,Nuit sans éclairage public,Hors agglomération,Hors intersection,Normale,Autre collision,,,,,,,,,,,3,1,1,1,6.0
201600047365,0016-02-15 17:20:00,16,2,15,17,20,910,589,AUTOROUTE A6,48.67916,2.33404,Plein jour,Hors agglomération,Hors intersection,Normale,Trois véhicules et plus - en chaîne,,,,,,,,,,,1,1,1,1,4.0
201600047366,0016-02-15 17:00:00,16,2,15,17,0,920,19,RN 385 Extrieure,,,Plein jour,Hors agglomération,Hors intersection,Normale,Deux véhicules - côté,,,,,,,,,,,1,1,1,1,3.0
201600047367,0016-02-16 19:10:00,16,2,16,19,10,940,34,AUTOROUTE A86,48.7562,2.33674,Nuit avec éclairage allumé,Hors agglomération,Hors intersection,Normale,Deux véhicules - côté,,,,,,,,,,,5,1,1,1,3.0
201600047368,0016-02-18 07:45:00,16,2,18,7,45,910,347,RN 104,48.62198,2.27883,Nuit sans éclairage public,Hors agglomération,Hors intersection,Normale,Deux véhicules - côté,,,,,,,,,,,3,1,1,1,3.0
201600047369,0016-02-17 12:10:00,16,2,17,12,10,910,86,RN 104,48.62411,2.38016,Plein jour,Hors agglomération,Hors intersection,Normale,Autre collision,,,,,,,,,,,1,1,1,1,6.0
201600047370,0016-02-18 17:17:00,16,2,18,17,17,940,38,AUTOROUTE A6A,48.7801,2.34646,Crépuscule ou aube,Hors agglomération,Hors intersection,Normale,Deux véhicules - arrière,,,,,,,,,,,2,1,1,1,2.0
201600047371,0016-02-18 19:25:00,16,2,18,19,25,910,471,RD 188 CHEVREUSE,48.69526,2.20392,Nuit sans éclairage public,Hors agglomération,Hors intersection,Pluie légère,Autre collision,,,,,,,,,,,3,1,1,2,6.0
201600047372,0016-02-19 11:05:00,16,2,19,11,5,910,216,AUTOROUTE A6,48.68587,2.32702,Plein jour,Hors agglomération,Hors intersection,Normale,Deux véhicules - arrière,,,,,,,,,,,1,1,1,1,2.0
201600047373,0016-02-19 16:15:00,16,2,19,16,15,940,21,AUTOROUTE A6B,48.7714,2.34579,Plein jour,Hors agglomération,Hors intersection,Normale,Deux véhicules - arrière,,,,,,,,,,,1,1,1,1,2.0
201600047374,0016-02-20 04:32:00,16,2,20,4,32,910,228,RN 449,48.63523,2.41016,Nuit sans éclairage public,Hors agglomération,Hors intersection,Pluie légère,Autre collision,,,,,,,,,,,3,1,1,2,6.0
201600047375,0016-02-20 11:05:00,16,2,20,11,5,910,521,RN 104,48.6272,2.40048,Plein jour,Hors agglomération,Hors intersection,Temps couvert,Autre collision,,,,,,,,,,,1,1,1,8,6.0
201600047376,0016-02-20 13:50:00,16,2,20,13,50,910,549,RN 104,48.62605,2.3411,Plein jour,Hors agglomération,Hors intersection,Pluie légère,Autre collision,,,,,,,,,,,1,1,1,2,6.0
201600047377,0016-02-24 08:55:00,16,2,24,8,55,910,86,RN 104,48.62369,2.38501,Plein jour,Hors agglomération,Hors intersection,Normale,Autre collision,,,,,,,,,,,1,1,1,1,6.0
201600047378,0016-02-25 17:45:00,16,2,25,17,45,940,76,AUTOROUTE A6B,48.7915,2.34405,Plein jour,Hors agglomération,Hors intersection,Normale,Trois véhicules et plus - en chaîne,,,,,,,,,,,1,1,1,1,4.0
201600047379,0016-02-25 19:10:00,16,2,25,19,10,910,521,AUTOROUTE A6,48.63734,2.39821,Nuit sans éclairage public,Hors agglomération,Hors intersection,Normale,Deux véhicules - côté,,,,,,,,,,,3,1,1,1,3.0
201600047380,0016-02-26 08:00:00,16,2,26,8,0,910,689,AUTOROUTE A6A,48.74371,2.32303,Plein jour,Hors agglomération,Hors intersection,Normale,Autre collision,,,,,,,,,,,1,1,1,1,6.0
201600047381,0016-02-26 07:53:00,16,2,26,7,53,910,589,AUTOROUTE A6,48.67433,2.34225,Crépuscule ou aube,Hors agglomération,Hors intersection,Normale,Deux véhicules - arrière,,,,,,,,,,,2,1,1,1,2.0
201600047382,0016-02-26 12:35:00,16,2,26,12,35,910,689,AUTOROUTE A6B,48.74227,2.32217,Plein jour,Hors agglomération,Hors intersection,Normale,Deux véhicules - côté,,,,,,,,,,,1,1,1,1,3.0
201600047383,0016-02-27 22:30:00,16,2,27,22,30,940,38,AUTOROUTE A6A,48.7819,2.34657,Nuit sans éclairage public,Hors agglomération,Hors intersection,Normale,Deux véhicules - arrière,,,,,,,,,,,3,1,1,1,2.0
201600047384,0016-02-28 23:55:00,16,2,28,23,55,910,689,AUTOROUTE A6B,48.74201,2.32187,Nuit sans éclairage public,Hors agglomération,Hors intersection,Normale,Deux véhicules - côté,,,,,,,,,,,3,1,1,1,3.0
201600047385,0016-02-29 16:27:00,16,2,29,16,27,910,86,RN 104,48.62362,2.38704,Plein jour,Hors agglomération,Hors intersection,Normale,Autre collision,,,,,,,,,,,1,1,1,1,6.0
201600047386,0016-02-29 16:44:00,16,2,29,16,44,910,689,AUTOROUTE A6,48.72966,2.31441,Plein jour,Hors agglomération,Hors intersection,Normale,Deux véhicules - arrière,,,,,,,,,,,1,1,1,1,2.0
201600047387,0016-03-01 17:33:00,16,3,1,17,33,940,21,AUTOROUTE A6B,48.7606,2.33925,Plein jour,Hors agglomération,Hors intersection,Pluie légère,Deux véhicules - arrière,,,,,,,,,,,1,1,1,2,2.0
201600047388,0016-03-02 15:40:00,16,3,2,15,40,910,235,RN 104,48.62603,2.35483,Plein jour,Hors agglomération,Hors intersection,Pluie légère,Deux véhicules - arrière,,,,,,,,,,,1,1,1,2,2.0
201600047389,0016-03-02 17:20:00,16,3,2,17,20,910,434,AUTOROUTE A6,48.66837,2.35338,Plein jour,Hors agglomération,Hors intersection,Pluie légère,Deux véhicules - arrière,,,,,,,,,,,1,1,1,2,2.0
201600047390,0016-03-03 13:45:00,16,3,3,13,45,940,34,AUTOROUTE A6A,48.7568,2.3349,Plein jour,Hors agglomération,Hors intersection,Normale,Trois véhicules et plus - en chaîne,,,,,,,,,,,1,1,1,1,4.0
201600047391,0016-03-03 18:10:00,16,3,3,18,10,910,377,AUTOROUTE A10,48.7226,2.29653,Crépuscule ou aube,Hors agglomération,Hors intersection,Pluie légère,Deux véhicules - frontale,,,,,,,,,,,2,1,1,2,1.0
201600047392,0016-03-04 08:25:00,16,3,4,8,25,910,161,AUTOROUTE A6,48.70218,2.30809,Plein jour,Hors agglomération,Hors intersection,Pluie légère,Deux véhicules - côté,,,,,,,,,,,1,1,1,2,3.0
201600047393,0016-03-04 09:00:00,16,3,4,9,0,910,377,AUTOROUTE A10,48.71637,2.29079,Plein jour,Hors agglomération,Hors intersection,Pluie légère,Deux véhicules - côté,,,,,,,,,,,1,1,1,2,3.0
201600047394,0016-03-04 21:00:00,16,3,4,21,0,910,471,RD 188 CHEVREUSE,48.69306,2.1886,Nuit sans éclairage public,Hors agglomération,Hors intersection,Pluie légère,Deux véhicules - côté,,,,,,,,,,,3,1,1,2,3.0
201600047395,0016-03-04 21:35:00,16,3,4,21,35,940,34,AUTOROUTE A6A,48.7537,2.33196,Nuit sans éclairage public,Hors agglomération,Hors intersection,Pluie forte,Deux véhicules - arrière,,,,,,,,,,,3,1,1,3,2.0
201600047396,0016-03-05 17:45:00,16,3,5,17,45,910,617,RN 104,48.63851,2.53548,Plein jour,Hors agglomération,Hors intersection,Normale,Deux véhicules - arrière,,,,,,,,,,,1,1,1,1,2.0
201600047397,0016-03-05 20:15:00,16,3,5,20,15,910,340,RN 104,48.60886,2.43812,Nuit sans éclairage public,Hors agglomération,Hors intersection,Normale,Trois véhicules et plus - en chaîne,,,,,,,,,,,3,1,1,1,4.0
201600047398,0016-03-06 12:00:00,16,3,6,12,0,940,76,AUTOROUTE A6A,48.7912,2.34417,Plein jour,Hors agglomération,Hors intersection,Normale,Deux véhicules - côté,,,,,,,,,,,1,1,1,1,3.0
201600047399,0016-03-06 13:34:00,16,3,6,13,34,940,76,AUTOROUTE A6B,48.7936,2.3451,Plein jour,Hors agglomération,Hors intersection,Normale,Deux véhicules - arrière,,,,,,,,,,,1,1,1,1,2.0
201600047400,0016-03-06 01:55:00,16,3,6,1,55,910,687,AUTOROUTE A6,48.66468,2.3646,Nuit sans éclairage public,Hors agglomération,Hors intersection,Normale,Deux véhicules - arrière,,,,,,,,,,,3,1,1,1,2.0
201600047401,0016-03-08 17:45:00,16,3,8,17,45,910,689,AUTOROUTE A6,48.73688,2.31714,Plein jour,Hors agglomération,Hors intersection,Normale,Deux véhicules - côté,,,,,,,,,,,1,1,1,1,3.0
201600047402,0016-03-08 16:20:00,16,3,8,16,20,910,549,RN 104,48.62652,2.35016,Plein jour,Hors agglomération,Hors intersection,Normale,Trois véhicules et plus - en chaîne,,,,,,,,,,,1,1,1,1,4.0
201600047403,0016-03-08 17:30:00,16,3,8,17,30,910,570,RN 104,48.62528,2.30617,Plein jour,Hors agglomération,Hors intersection,Normale,Deux véhicules - arrière,,,,,,,,,,,1,1,1,1,2.0
201600047404,0016-03-09 10:39:00,16,3,9,10,39,940,21,AUTOROUTE A6A,48.7627,2.34114,Plein jour,Hors agglomération,Hors intersection,Pluie forte,Sans collision,,,,,,,,,,,1,1,1,3,7.0
201600047405,0016-03-09 10:39:00,16,3,9,10,39,940,38,AUTOROUTE A6A,48.7748,2.34607,Plein jour,Hors agglomération,Hors intersection,Pluie forte,Deux véhicules - arrière,,,,,,,,,,,1,1,1,3,2.0
201600047406,0016-03-09 12:23:00,16,3,9,12,23,910,521,RN 104,48.6332,2.40095,Plein jour,Hors agglomération,Hors intersection,Pluie forte,Autre collision,,,,,,,,,,,1,1,1,3,6.0
201600047407,0016-03-09 12:50:00,16,3,9,12,50,940,37,AUTOROUTE A6B,48.8129,2.35352,Plein jour,Hors agglomération,Hors intersection,Pluie légère,Sans collision,,,,,,,,,,,1,1,1,2,7.0
201600047408,0016-03-09 15:40:00,16,3,9,15,40,910,377,AUTOROUTE A10,48.71592,2.29037,Plein jour,Hors agglomération,Hors intersection,Normale,Autre collision,,,,,,,,,,,1,1,1,1,6.0
201600047409,0016-03-10 09:00:00,16,3,10,9,0,940,34,AUTOROUTE A86,48.7591,2.3241,Plein jour,Hors agglomération,Hors intersection,Normale,Deux véhicules - arrière,,,,,,,,,,,1,1,1,1,2.0
201600047410,0016-03-10 10:50:00,16,3,10,10,50,910,471,RN 118,48.7118,2.18459,Plein jour,Hors agglomération,Hors intersection,Normale,Autre collision,,,,,,,,,,,1,1,1,1,6.0
201600047411,0016-03-11 08:00:00,16,3,11,8,0,910,377,AUTOROUTE A10,48.72103,2.29479,Plein jour,Hors agglomération,Hors intersection,Normale,Trois véhicules et plus - en chaîne,,,,,,,,,,,1,1,1,1,4.0
201600047412,0016-03-11 10:05:00,16,3,11,10,5,940,3,AUTOROUTE A6A,48.8121,2.33695,Plein jour,Hors agglomération,Hors intersection,Normale,Deux véhicules - arrière,,,,,,,,,,,1,1,1,1,2.0
201600047413,0016-03-11 15:40:00,16,3,11,15,40,910,521,AUTOROUTE A6,48.64614,2.38837,Plein jour,Hors agglomération,Hors intersection,Normale,Deux véhicules - côté,,,,,,,,,,,1,1,1,1,3.0
201600047414,0016-03-11 18:50:00,16,3,11,18,50,770,251,A5A PARIS / RN104 INT,48.6313,2.53535,Nuit sans éclairage public,Hors agglomération,Hors intersection,Normale,Deux véhicules - arrière,,,,,,,,,,,3,1,1,1,2.0
201600047415,0016-03-11 17:00:00,16,3,11,17,0,910,477,AUTOROUTE A10,48.71398,2.25301,Plein jour,Hors agglomération,Hors intersection,Normale,Trois véhicules et plus - en chaîne,,,,,,,,,,,1,1,1,1,4.0
201600047416,0016-03-11 15:17:00,16,3,11,15,17,910,549,RN 104,48.62539,2.33599,Plein jour,Hors agglomération,Hors intersection,Normale,Sans collision,,,,,,,,,,,1,1,1,1,7.0
201600047417,0016-03-12 15:49:00,16,3,12,15,49,940,34,AUTOROUTE A86,48.7606,2.31916,Plein jour,Hors agglomération,Hors intersection,Normale,Trois véhicules et plus - en chaîne,,,,,,,,,,,1,1,1,1,4.0
201600047418,0016-03-12 20:54:00,16,3,12,20,54,910,228,AUTOROUTE A6,48.61464,2.43011,Nuit sans éclairage public,Hors agglomération,Hors intersection,Normale,Deux véhicules - arrière,,,,,,,,,,,3,1,1,1,2.0
201600047419,0016-03-13 07:50:00,16,3,13,7,50,910,689,AUTOROUTE A6,48.73293,2.31576,Plein jour,Hors agglomération,Hors intersection,Normale,Autre collision,,,,,,,,,,,1,1,1,1,6.0
201600047420,0016-03-13 16:54:00,16,3,13,16,54,910,521,RN 104,48.63207,2.40689,Plein jour,Hors agglomération,Hors intersection,Normale,Deux véhicules - côté,,,,,,,,,,,1,1,1,1,3.0
201600047421,0016-03-13 16:50:00,16,3,13,16,50,940,21,AUTOROUTE A6A,48.7668,2.34397,Plein jour,Hors agglomération,Hors intersection,Normale,Trois véhicules et plus - collisions multiples,,,,,,,,,,,1,1,1,1,5.0
201600047422,0016-03-14 07:34:00,16,3,14,7,34,920,2,AUTOROUTE A10,,,Crépuscule ou aube,Hors agglomération,Hors intersection,Normale,Autre collision,,,,,,,,,,,2,1,1,1,6.0
201600047423,0016-03-14 07:35:00,16,3,14,7,35,940,3,AUTOROUTE A6B,48.8036,2.34404,Nuit avec éclairage allumé,Hors agglomération,Hors intersection,Normale,Deux véhicules - côté,,,,,,,,,,,5,1,1,1,3.0
201600047424,0016-03-14 08:10:00,16,3,14,8,10,940,43,AUTOROUTE A6B,48.8123,2.35259,Plein jour,Hors agglomération,Hors intersection,Normale,Deux véhicules - arrière,,,,,,,,,,,1,1,1,1,2.0
201600047425,0016-03-15 05:35:00,16,3,15,5,35,910,661,RD 188 CHEVREUSE,48.69629,2.22405,Nuit sans éclairage public,Hors agglomération,Hors intersection,Normale,Autre collision,,,,,,,,,,,3,1,1,1,6.0
201600047426,0016-03-15 07:00:00,16,3,15,7,0,940,34,AUTOROUTE A86,48.7582,2.3265,Nuit avec éclairage allumé,Hors agglomération,Hors intersection,Normale,Trois véhicules et plus - en chaîne,,,,,,,,,,,5,1,1,1,4.0
201600047427,0016-03-15 07:58:00,16,3,15,7,58,910,286,RD 310,48.65502,2.39726,Crépuscule ou aube,Hors agglomération,Hors intersection,Normale,Trois véhicules et plus - en chaîne,,,,,,,,,,,2,1,1,1,4.0
201600047428,0016-03-15 10:15:00,16,3,15,10,15,910,689,AUTOROUTE A6B,48.74201,2.32187,Plein jour,Hors agglomération,Hors intersection,Normale,Autre collision,,,,,,,,,,,1,1,1,1,6.0
201600047429,0016-03-15 20:30:00,16,3,15,20,30,910,477,AUTOROUTE A10,48.69787,2.24111,Nuit sans éclairage public,Hors agglomération,Hors intersection,Normale,Autre collision,,,,,,,,,,,3,1,1,1,6.0
201600047430,0016-03-16 09:15:00,16,3,16,9,15,920,19,RN 385 Extrieure,,,Plein jour,Hors agglomération,Hors intersection,Temps éblouissant,Autre collision,,,,,,,,,,,1,1,1,7,6.0
201600047431,0016-03-17 18:00:00,16,3,17,18,0,910,216,AUTOROUTE A6,48.68421,2.32821,Plein jour,Hors agglomération,Hors intersection,Normale,Deux véhicules - côté,,,,,,,,,,,1,1,1,1,3.0
201600047432,0016-03-17 18:05:00,16,3,17,18,5,910,182,RN 104,48.62066,2.4242,Plein jour,Hors agglomération,Hors intersection,Normale,Autre collision,,,,,,,,,,,1,1,1,1,6.0
201600047433,0016-03-18 17:45:00,16,3,18,17,45,920,19,RN 385 Extrieure,,,Plein jour,Hors agglomération,Hors intersection,Normale,Deux véhicules - arrière,,,,,,,,,,,1,1,1,1,2.0
201600047434,0016-03-18 21:06:00,16,3,18,21,6,940,43,AUTOROUTE A6B,48.8093,2.34887,Nuit sans éclairage public,Hors agglomération,Hors intersection,Normale,Deux véhicules - arrière,,,,,,,,,,,3,1,1,1,2.0
201600047435,0016-03-21 09:17:00,16,3,21,9,17,910,589,AUTOROUTE A6,48.67552,2.34079,Plein jour,Hors agglomération,Hors intersection,Normale,Trois véhicules et plus - en chaîne,,,,,,,,,,,1,1,1,1,4.0
201600047436,0016-03-22 15:50:00,16,3,22,15,50,940,21,AUTOROUTE A106,48.7679,2.34479,Plein jour,Hors agglomération,Hors intersection,Normale,Deux véhicules - arrière,,,,,,,,,,,1,1,1,1,2.0
201600047437,0016-03-23 09:10:00,16,3,23,9,10,910,434,AUTOROUTE A6,48.66673,2.36056,Plein jour,Hors agglomération,Hors intersection,Normale,Deux véhicules - arrière,,,,,,,,,,,1,1,1,1,2.0
201600047438,0016-03-23 10:00:00,16,3,23,10,0,910,471,RN 118,48.70906,2.1887,Plein jour,Hors agglomération,Hors intersection,Normale,Deux véhicules - côté,,,,,,,,,,,1,1,1,1,3.0
201600047439,0016-03-24 09:45:00,16,3,24,9,45,940,34,AUTOROUTE A6A,48.7576,2.33572,Plein jour,Hors agglomération,Hors intersection,Normale,Deux véhicules - arrière,,,,,,,,,,,1,1,1,1,2.0
201600047440,0016-03-25 08:15:00,16,3,25,8,15,910,521,RN 104,48.63227,2.40678,Plein jour,Hors agglomération,Hors intersection,Pluie légère,Autre collision,,,,,,,,,,,1,1,1,2,6.0
201600047441,0016-03-25 10:45:00,16,3,25,10,45,910,589,AUTOROUTE A6,48.67399,2.34276,Plein jour,Hors agglomération,Hors intersection,Pluie légère,Deux véhicules - arrière,,,,,,,,,,,1,1,1,2,2.0
201600047442,0016-03-25 09:40:00,16,3,25,9,40,940,34,AUTOROUTE A86,48.76,2.32128,Plein jour,Hors agglomération,Hors intersection,Pluie forte,Deux véhicules - côté,,,,,,,,,,,1,1,1,3,3.0
201600047443,0016-03-25 10:30:00,16,3,25,10,30,940,34,AUTOROUTE A6B,48.7592,2.33839,Plein jour,Hors agglomération,Hors intersection,Pluie légère,Trois véhicules et plus - collisions multiples,,,,,,,,,,,1,1,1,2,5.0
201600047444,0016-03-26 02:05:00,16,3,26,2,5,910,553,RN 104,,,Nuit sans éclairage public,Hors agglomération,Hors intersection,Normale,Deux véhicules - arrière,,,,,,,,,,,3,1,1,1,2.0
201600047445,0016-03-27 04:45:00,16,3,27,4,45,910,340,AUTOROUTE A6,,,Nuit sans éclairage public,Hors agglomération,Hors intersection,Pluie forte,Sans collision,,,,,,,,,,,3,1,1,3,7.0
201600047446,0016-03-27 07:50:00,16,3,27,7,50,910,161,AUTOROUTE A6,,,Plein jour,Hors agglomération,Hors intersection,Normale,Deux véhicules - arrière,,,,,,,,,,,1,1,1,1,2.0
201600047447,0016-03-27 09:30:00,16,3,27,9,30,910,521,RN 104,,,Plein jour,Hors agglomération,Hors intersection,Pluie légère,Autre collision,,,,,,,,,,,1,1,1,2,6.0
201600047448,0016-03-27 15:15:00,16,3,27,15,15,910,553,RN 104,,,Plein jour,Hors agglomération,Hors intersection,Normale,Deux véhicules - arrière,,,,,,,,,,,1,1,1,1,2.0
201600047449,0016-03-27 19:30:00,16,3,27,19,30,910,347,RN 104,,,Plein jour,Hors agglomération,Hors intersection,Normale,Trois véhicules et plus - collisions multiples,,,,,,,,,,,1,1,1,1,5.0
201600047450,0016-03-28 10:27:00,16,3,28,10,27,940,43,AUTOROUTE A6B,48.8129,2.35351,Plein jour,Hors agglomération,Hors intersection,Pluie légère,Autre collision,,,,,,,,,,,1,1,1,2,6.0
201600047451,0016-03-26 23:45:00,16,3,26,23,45,940,3,AUTOROUTE A6A,48.8066,2.34125,Nuit avec éclairage allumé,Hors agglomération,Hors intersection,Pluie forte,Sans collision,,,,,,,,,,,5,1,1,3,7.0
201600047452,0016-03-29 09:30:00,16,3,29,9,30,940,38,AUTOROUTE A6A,48.7889,2.34449,Plein jour,Hors agglomération,Hors intersection,Normale,Deux véhicules - côté,,,,,,,,,,,1,1,1,1,3.0
201600047453,0016-03-30 09:00:00,16,3,30,9,0,940,34,AUTOROUTE A86,48.7621,2.31439,Plein jour,Hors agglomération,Hors intersection,Pluie légère,Sans collision,,,,,,,,,,,1,1,1,2,7.0
201600047454,0016-03-30 13:23:00,16,3,30,13,23,910,86,RN 104,,,Plein jour,Hors agglomération,Hors intersection,Pluie légère,Deux véhicules - arrière,,,,,,,,,,,1,1,1,2,2.0
201600047455,0016-03-30 14:00:00,16,3,30,14,0,910,521,RN 449,,,Plein jour,Hors agglomération,Hors intersection,Pluie forte,Trois véhicules et plus - en chaîne,,,,,,,,,,,1,1,1,3,4.0
201600047456,0016-03-30 18:59:00,16,3,30,18,59,940,43,AUTOROUTE A6B,48.8151,2.35582,Plein jour,Hors agglomération,Hors intersection,Pluie légère,Sans collision,,,,,,,,,,,1,1,1,2,7.0
201600047457,0016-03-30 21:07:00,16,3,30,21,7,910,340,RN 104,,,Nuit sans éclairage public,Hors agglomération,Hors intersection,Pluie légère,Deux véhicules - côté,,,,,,,,,,,3,1,1,2,3.0
201600047458,0016-03-31 09:00:00,16,3,31,9,0,910,161,AUTOROUTE A6,48.69851,2.31334,Plein jour,Hors agglomération,Hors intersection,Pluie forte,Deux véhicules - côté,,,,,,,,,,,1,1,1,3,3.0
201600047459,0016-03-31 08:00:00,16,3,31,8,0,910,589,AUTOROUTE A6,,,Plein jour,Hors agglomération,Hors intersection,Pluie forte,Trois véhicules et plus - en chaîne,,,,,,,,,,,1,1,1,3,4.0
201600047460,0016-03-31 20:50:00,16,3,31,20,50,940,21,AUTOROUTE A6A,48.7659,2.34314,Nuit sans éclairage public,Hors agglomération,Hors intersection,Pluie légère,Deux véhicules - côté,,,,,,,,,,,3,1,1,2,3.0
201600047461,0016-04-01 11:50:00,16,4,1,11,50,910,689,AUTOROUTE A6B,48.73844,2.31792,Plein jour,Hors agglomération,Hors intersection,Normale,Trois véhicules et plus - collisions multiples,,,,,,,,,,,1,1,1,1,5.0
201600047462,0016-04-02 17:45:00,16,4,2,17,45,940,34,AUTOROUTE A86,48.7605,2.3194,Plein jour,Hors agglomération,Hors intersection,Pluie légère,Deux véhicules - arrière,,,,,,,,,,,1,1,1,2,2.0
201600047463,0016-04-04 08:30:00,16,4,4,8,30,910,179,AUTOROUTE A6,48.56483,2.47586,Plein jour,Hors agglomération,Hors intersection,Normale,Deux véhicules - arrière,,,,,,,,,,,1,1,1,1,2.0
201600047464,0016-04-04 08:53:00,16,4,4,8,53,910,471,RN 118,48.71113,2.18608,Plein jour,Hors agglomération,Hors intersection,Normale,Deux véhicules - côté,,,,,,,,,,,1,1,1,1,3.0
201600047465,0016-04-04 08:50:00,16,4,4,8,50,910,182,AUTOROUTE A6,48.62441,2.41857,Plein jour,Hors agglomération,Hors intersection,Normale,Autre collision,,,,,,,,,,,1,1,1,1,6.0