accident_id,datetime,annee,mois,jour,heure,minute,departement,commune_insee,adresse,latitude,longitude,luminosite,agglomeration,intersection,meteo,collision,nb_vehicules,nb_usagers,nb_indemnes,nb_tues,nb_blesses_hosp,nb_blesses_legers,age_cond_1,age_cond_2,veh_type_cond_1,veh_type_cond_2,lum_code,agg_code,int_code,atm_code,col_code
201600047466,0016-04-04 09:30:00,16,4,4,9,30,910,136,AUTOROUTE A10,48.7161,2.26643,Plein jour,Hors agglomération,Hors intersection,Normale,Sans collision,,,,,,,,,,,1,1,1,1,7.0
201600047467,0016-04-04 18:40:00,16,4,4,18,40,940,38,AUTOROUTE A6B,48.7897,2.34391,Plein jour,Hors agglomération,Hors intersection,Normale,Deux véhicules - arrière,,,,,,,,,,,1,1,1,1,2.0
201600047468,0016-04-04 18:35:00,16,4,4,18,35,940,21,AUTOROUTE A6B,48.7708,2.34476,Plein jour,Hors agglomération,Hors intersection,Normale,Deux véhicules - arrière,,,,,,,,,,,1,1,1,1,2.0
201600047469,0016-04-04 20:45:00,16,4,4,20,45,910,174,RN 104,48.6122,2.44914,Crépuscule ou aube,Hors agglomération,Hors intersection,Normale,Sans collision,,,,,,,,,,,2,1,1,1,7.0
201600047470,0016-04-05 13:57:00,16,4,5,13,57,910,312,RD 444,48.74349,2.22343,Plein jour,Hors agglomération,Hors intersection,Normale,Deux véhicules - côté,,,,,,,,,,,1,1,1,1,3.0
201600047471,0016-04-06 09:15:00,16,4,6,9,15,940,34,AUTOROUTE A86,48.7581,2.32681,Plein jour,Hors agglomération,Hors intersection,Normale,Trois véhicules et plus - en chaîne,,,,,,,,,,,1,1,1,1,4.0
201600047472,0016-04-06 13:15:00,16,4,6,13,15,910,286,AUTOROUTE A6,48.65725,2.37696,Plein jour,Hors agglomération,Hors intersection,Normale,Trois véhicules et plus - collisions multiples,,,,,,,,,,,1,1,1,1,5.0
201600047473,0016-04-07 12:11:00,16,4,7,12,11,910,477,AUTOROUTE A126,48.72452,2.24287,Plein jour,Hors agglomération,Hors intersection,Normale,Autre collision,,,,,,,,,,,1,1,1,1,6.0
201600047474,0016-04-07 18:10:00,16,4,7,18,10,910,377,AUTOROUTE A10,48.72773,2.30408,Plein jour,Hors agglomération,Hors intersection,Pluie légère,Deux véhicules - arrière,,,,,,,,,,,1,1,1,2,2.0
201600047475,0016-04-08 11:46:00,16,4,8,11,46,910,363,RN 104,48.6512,2.18298,Plein jour,Hors agglomération,Hors intersection,Pluie forte,Deux véhicules - côté,,,,,,,,,,,1,1,1,3,3.0
201600047476,0016-04-08 16:30:00,16,4,8,16,30,910,521,AUTOROUTE A6,48.63197,2.40708,Plein jour,Hors agglomération,Hors intersection,Normale,Trois véhicules et plus - collisions multiples,,,,,,,,,,,1,1,1,1,5.0
201600047477,0016-04-10 15:25:00,16,4,10,15,25,940,34,AUTOROUTE A86,48.7597,2.32167,Plein jour,Hors agglomération,Hors intersection,Normale,Trois véhicules et plus - en chaîne,,,,,,,,,,,1,1,1,1,4.0
201600047478,0016-04-10 17:30:00,16,4,10,17,30,910,377,RD 444,48.73182,2.23681,Plein jour,Hors agglomération,Hors intersection,Normale,Sans collision,,,,,,,,,,,1,1,1,1,7.0
201600047479,0016-04-11 09:50:00,16,4,11,9,50,910,286,AUTOROUTE A6,48.65189,2.38248,Plein jour,Hors agglomération,Hors intersection,Pluie forte,Autre collision,,,,,,,,,,,1,1,1,3,6.0
201600047480,0016-04-11 18:27:00,16,4,11,18,27,910,136,AUTOROUTE A10,48.71391,2.27595,Plein jour,Hors agglomération,Hors intersection,Normale,Deux véhicules - arrière,,,,,,,,,,,1,1,1,1,2.0
201600047481,0016-04-12 07:00:00,16,4,12,7,0,910,689,AUTOROUTE A6,48.72392,2.31223,Plein jour,Hors agglomération,Hors intersection,Temps couvert,Deux véhicules - arrière,,,,,,,,,,,1,1,1,8,2.0
201600047482,0016-04-12 06:40:00,16,4,12,6,40,940,34,AUTOROUTE A86,48.7561,2.3411,Crépuscule ou aube,Hors agglomération,Hors intersection,Normale,Deux véhicules - côté,,,,,,,,,,,2,1,1,1,3.0
201600047483,0016-04-12 09:45:00,16,4,12,9,45,910,689,AUTOROUTE A6A,48.74127,2.32042,Plein jour,Hors agglomération,Hors intersection,Temps couvert,Trois véhicules et plus - collisions multiples,,,,,,,,,,,1,1,1,8,5.0
201600047484,0016-04-12 09:17:00,16,4,12,9,17,910,174,RN 104,48.62084,2.46134,Plein jour,Hors agglomération,Hors intersection,Normale,Trois véhicules et plus - en chaîne,,,,,,,,,,,1,1,1,1,4.0
201600047485,0016-04-12 18:30:00,16,4,12,18,30,910,235,RN 104,48.62477,2.36905,Plein jour,Hors agglomération,Hors intersection,Normale,Trois véhicules et plus - en chaîne,,,,,,,,,,,1,1,1,1,4.0
201600047486,0016-04-13 07:48:00,16,4,13,7,48,910,377,AUTOROUTE A10,48.71773,2.29181,Plein jour,Hors agglomération,Hors intersection,Normale,Deux véhicules - arrière,,,,,,,,,,,1,1,1,1,2.0
201600047487,0016-04-13 14:55:00,16,4,13,14,55,910,312,RD 444,48.74331,2.22354,Plein jour,Hors agglomération,Hors intersection,Normale,Deux véhicules - frontale,,,,,,,,,,,1,1,1,1,1.0
201600047488,0016-04-14 17:10:00,16,4,14,17,10,940,34,AUTOROUTE A86,48.7607,2.31865,Plein jour,Hors agglomération,Hors intersection,Pluie légère,Deux véhicules - côté,,,,,,,,,,,1,1,1,2,3.0
201600047489,0016-04-14 20:25:00,16,4,14,20,25,940,37,AUTOROUTE A6B,48.8096,2.34889,Nuit avec éclairage allumé,Hors agglomération,Hors intersection,Pluie légère,Deux véhicules - côté,,,,,,,,,,,5,1,1,2,3.0
201600047490,0016-04-14 20:30:00,16,4,14,20,30,910,377,AUTOROUTE A10,48.70305,2.28581,Nuit sans éclairage public,Hors agglomération,Hors intersection,Normale,Deux véhicules - côté,,,,,,,,,,,3,1,1,1,3.0
201600047491,0016-04-15 09:40:00,16,4,15,9,40,910,339,RN 104,48.62184,2.27499,Plein jour,Hors agglomération,Hors intersection,Normale,Deux véhicules - arrière,,,,,,,,,,,1,1,1,1,2.0
201600047492,0016-04-15 17:15:00,16,4,15,17,15,910,689,AUTOROUTE A6,48.72453,2.31274,Plein jour,Hors agglomération,Hors intersection,Normale,Deux véhicules - côté,,,,,,,,,,,1,1,1,1,3.0
201600047493,0016-04-16 15:55:00,16,4,16,15,55,910,617,RN 104,48.63139,2.51089,Plein jour,Hors agglomération,Hors intersection,Normale,Sans collision,,,,,,,,,,,1,1,1,1,7.0
201600047494,0016-04-17 07:10:00,16,4,17,7,10,910,345,AUTOROUTE A6,48.68696,2.32597,Crépuscule ou aube,Hors agglomération,Hors intersection,Normale,Trois véhicules et plus - collisions multiples,,,,,,,,,,,2,1,1,1,5.0
201600047495,0016-04-19 14:30:00,16,4,19,14,30,910,521,RN 104,48.62826,2.39996,Plein jour,Hors agglomération,Hors intersection,Temps éblouissant,Trois véhicules et plus - en chaîne,,,,,,,,,,,1,1,1,7,4.0
201600047496,0016-04-20 17:15:00,16,4,20,17,15,940,21,AUTOROUTE A106,48.7637,2.34371,Plein jour,Hors agglomération,Hors intersection,Normale,Trois véhicules et plus - collisions multiples,,,,,,,,,,,1,1,1,1,5.0
201600047497,0016-04-20 18:53:00,16,4,20,18,53,920,2,AUTOROUTE A86,,,Plein jour,Hors agglomération,Hors intersection,Normale,Trois véhicules et plus - collisions multiples,,,,,,,,,,,1,1,1,1,5.0
201600047498,0016-04-21 11:00:00,16,4,21,11,0,910,339,RN 104,48.63015,2.25289,Plein jour,Hors agglomération,Hors intersection,Normale,Sans collision,,,,,,,,,,,1,1,1,1,7.0
201600047499,0016-04-22 08:23:00,16,4,22,8,23,940,21,AUTOROUTE A6A,48.7643,2.34239,Plein jour,Hors agglomération,Hors intersection,Normale,Deux véhicules - arrière,,,,,,,,,,,1,1,1,1,2.0
201600047500,0016-04-23 11:30:00,16,4,23,11,30,910,64,RN 118,48.7498,2.22108,Plein jour,Hors agglomération,Hors intersection,Normale,Autre collision,,,,,,,,,,,1,1,1,1,6.0
201600047501,0016-04-23 21:19:00,16,4,23,21,19,910,340,AUTOROUTE A6,48.59784,2.44086,Nuit sans éclairage public,Hors agglomération,Hors intersection,Normale,Autre collision,,,,,,,,,,,3,1,1,1,6.0
201600047502,0016-04-25 15:30:00,16,4,25,15,30,910,570,RN 104,48.62517,2.32506,Plein jour,Hors agglomération,Hors intersection,Normale,Deux véhicules - côté,,,,,,,,,,,1,1,1,1,3.0
201600047503,0016-04-26 07:45:00,16,4,26,7,45,910,340,RN 104,48.61088,2.4361,Plein jour,Hors agglomération,Hors intersection,Pluie légère,Autre collision,,,,,,,,,,,1,1,1,2,6.0
201600047504,0016-04-27 07:30:00,16,4,27,7,30,910,179,AUTOROUTE A6,48.56383,2.47813,Plein jour,Hors agglomération,Hors intersection,Normale,Autre collision,,,,,,,,,,,1,1,1,1,6.0
201600047505,0016-04-27 12:05:00,16,4,27,12,5,910,377,RN20,48.72915,2.30019,Plein jour,Hors agglomération,Hors intersection,Normale,Deux véhicules - frontale,,,,,,,,,,,1,1,1,1,1.0
201600047506,0016-04-27 18:20:00,16,4,27,18,20,910,161,AUTOROUTE A6,48.69371,2.3202,Plein jour,Hors agglomération,Hors intersection,Normale,Trois véhicules et plus - en chaîne,,,,,,,,,,,1,1,1,1,4.0
201600047507,0016-04-29 13:42:00,16,4,29,13,42,920,19,RN 385 Extrieure,,,Plein jour,Hors agglomération,Hors intersection,Normale,Autre collision,,,,,,,,,,,1,1,1,1,6.0
201600047508,0016-04-29 22:17:00,16,4,29,22,17,910,687,AUTOROUTE A6,48.66113,2.37043,Nuit sans éclairage public,Hors agglomération,Hors intersection,Pluie légère,Trois véhicules et plus - collisions multiples,,,,,,,,,,,3,1,1,2,5.0
201600047509,0016-05-02 14:36:00,16,5,2,14,36,910,347,RN 104,48.62196,2.2817,Plein jour,Hors agglomération,Hors intersection,Normale,Autre collision,,,,,,,,,,,1,1,1,1,6.0
201600047510,0016-05-02 14:25:00,16,5,2,14,25,920,19,RN 385 Extrieure,,,Plein jour,Hors agglomération,Hors intersection,Normale,Deux véhicules - arrière,,,,,,,,,,,1,1,1,1,2.0
201600047511,0016-05-03 10:25:00,16,5,3,10,25,940,34,AUTOROUTE A6B,48.7577,2.33595,Plein jour,Hors agglomération,Hors intersection,Normale,Trois véhicules et plus - en chaîne,,,,,,,,,,,1,1,1,1,4.0
201600047512,0016-05-04 08:00:00,16,5,4,8,0,910,86,RN 104,48.62484,2.36797,Plein jour,Hors agglomération,Hors intersection,Temps éblouissant,Trois véhicules et plus - en chaîne,,,,,,,,,,,1,1,1,7,4.0
201600047513,0016-05-05 09:15:00,16,5,5,9,15,910,521,RN 104,48.62777,2.39968,Plein jour,Hors agglomération,Hors intersection,Normale,Autre collision,,,,,,,,,,,1,1,1,1,6.0
201600047514,0016-05-05 08:00:00,16,5,5,8,0,940,3,AUTOROUTE A6A,48.8129,2.33633,Plein jour,Hors agglomération,Hors intersection,Normale,Autre collision,,,,,,,,,,,1,1,1,1,6.0
201600047515,0016-05-05 11:25:00,16,5,5,11,25,920,19,RN 385 Extrieure,,,Plein jour,Hors agglomération,Hors intersection,Normale,Trois véhicules et plus - en chaîne,,,,,,,,,,,1,1,1,1,4.0
201600047516,0016-05-06 11:15:00,16,5,6,11,15,910,521,AUTOROUTE A6,48.64138,2.39287,Plein jour,Hors agglomération,Hors intersection,Normale,Deux véhicules - côté,,,,,,,,,,,1,1,1,1,3.0
201600047517,0016-05-06 13:25:00,16,5,6,13,25,940,38,AUTOROUTE A6A,48.7766,2.34628,Plein jour,Hors agglomération,Hors intersection,Normale,Trois véhicules et plus - en chaîne,,,,,,,,,,,1,1,1,1,4.0
201600047518,0016-05-06 15:20:00,16,5,6,15,20,910,553,RN 104,48.63165,2.4998,Plein jour,Hors agglomération,Hors intersection,Normale,Deux véhicules - côté,,,,,,,,,,,1,1,1,1,3.0
201600047519,0016-05-07 16:45:00,16,5,7,16,45,920,2,AUTOROUTE A10,,,Plein jour,Hors agglomération,Hors intersection,Normale,Trois véhicules et plus - en chaîne,,,,,,,,,,,1,1,1,1,4.0
201600047520,0016-05-08 12:40:00,16,5,8,12,40,940,34,AUTOROUTE A86,48.7605,2.31925,Plein jour,Hors agglomération,Hors intersection,Normale,Trois véhicules et plus - en chaîne,,,,,,,,,,,1,1,1,1,4.0
201600047521,0016-05-09 09:10:00,16,5,9,9,10,910,534,RN 118,48.72407,2.16695,Plein jour,Hors agglomération,Hors intersection,Normale,Trois véhicules et plus - en chaîne,,,,,,,,,,,1,1,1,1,4.0
201600047522,0016-05-09 23:45:00,16,5,9,23,45,910,340,AUTOROUTE A6,48.59957,2.43982,Nuit sans éclairage public,Hors agglomération,Hors intersection,Pluie légère,Trois véhicules et plus - en chaîne,,,,,,,,,,,3,1,1,2,4.0
201600047523,0016-05-10 09:30:00,16,5,10,9,30,940,34,AUTOROUTE A86,48.761,2.31807,Plein jour,Hors agglomération,Hors intersection,Normale,Sans collision,,,,,,,,,,,1,1,1,1,7.0
201600047524,0016-05-10 12:15:00,16,5,10,12,15,910,689,AUTOROUTE A6A,48.74285,2.32226,Plein jour,Hors agglomération,Hors intersection,Normale,Deux véhicules - arrière,,,,,,,,,,,1,1,1,1,2.0
201600047525,0016-05-10 13:00:00,16,5,10,13,0,910,471,RN 118,48.69718,2.19227,Plein jour,Hors agglomération,Hors intersection,Normale,Sans collision,,,,,,,,,,,1,1,1,1,7.0
201600047526,0016-05-10 14:55:00,16,5,10,14,55,910,521,RN 104,48.62776,2.3997,Plein jour,Hors agglomération,Hors intersection,Pluie légère,Autre collision,,,,,,,,,,,1,1,1,2,6.0
201600047527,0016-05-10 16:10:00,16,5,10,16,10,910,161,AUTOROUTE A6,48.70557,2.30597,Plein jour,Hors agglomération,Hors intersection,Pluie légère,Deux véhicules - arrière,,,,,,,,,,,1,1,1,2,2.0
201600047528,0016-05-10 23:10:00,16,5,10,23,10,940,21,AUTOROUTE A6B,48.7672,2.34273,Nuit avec éclairage allumé,Hors agglomération,Hors intersection,Normale,Autre collision,,,,,,,,,,,5,1,1,1,6.0
201600047529,0016-05-10 21:55:00,16,5,10,21,55,910,521,RN 449,48.6352,2.40475,Nuit sans éclairage public,Hors agglomération,Hors intersection,Pluie légère,Autre collision,,,,,,,,,,,3,1,1,2,6.0
201600047530,0016-05-11 09:30:00,16,5,11,9,30,940,43,AUTOROUTE A6B,48.8123,2.35259,Plein jour,Hors agglomération,Hors intersection,Temps couvert,Trois véhicules et plus - en chaîne,,,,,,,,,,,1,1,1,8,4.0
201600047531,0016-05-11 18:20:00,16,5,11,18,20,910,377,AUTOROUTE A10,48.7194,2.29314,Plein jour,Hors agglomération,Hors intersection,Temps couvert,Deux véhicules - arrière,,,,,,,,,,,1,1,1,8,2.0
201600047532,0016-05-12 10:50:00,16,5,12,10,50,910,689,AUTOROUTE A6B,48.7194,2.29314,Plein jour,Hors agglomération,Hors intersection,Normale,Trois véhicules et plus - collisions multiples,,,,,,,,,,,1,1,1,1,5.0
201600047533,0016-05-12 17:44:00,16,5,12,17,44,910,161,AUTOROUTE A6,48.69679,2.31571,Plein jour,Hors agglomération,Hors intersection,Pluie forte,Trois véhicules et plus - en chaîne,,,,,,,,,,,1,1,1,3,4.0
201600047534,0016-05-12 18:21:00,16,5,12,18,21,910,659,AUTOROUTE A6,48.58108,2.45925,Plein jour,Hors agglomération,Hors intersection,Pluie forte,Trois véhicules et plus - collisions multiples,,,,,,,,,,,1,1,1,3,5.0
201600047535,0016-05-12 19:30:00,16,5,12,19,30,910,182,RN 104,48.61715,2.42782,Plein jour,Hors agglomération,Hors intersection,Pluie forte,Trois véhicules et plus - collisions multiples,,,,,,,,,,,1,1,1,3,5.0
201600047536,0016-05-13 16:10:00,16,5,13,16,10,910,589,AUTOROUTE A6,48.67008,2.34848,Plein jour,Hors agglomération,Hors intersection,Normale,Deux véhicules - côté,,,,,,,,,,,1,1,1,1,3.0
201600047537,0016-05-13 18:00:00,16,5,13,18,0,940,65,AUTOROUTE A106,48.7483,2.35762,Plein jour,Hors agglomération,Hors intersection,Pluie légère,Deux véhicules - arrière,,,,,,,,,,,1,1,1,2,2.0
201600047538,0016-05-14 07:52:00,16,5,14,7,52,940,65,AUTOROUTE A106,48.7483,2.35762,Plein jour,Hors agglomération,Hors intersection,Normale,Autre collision,,,,,,,,,,,1,1,1,1,6.0
201600047539,0016-05-14 12:09:00,16,5,14,12,9,940,43,AUTOROUTE A6B,48.8149,2.35583,Plein jour,Hors agglomération,Hors intersection,Normale,Deux véhicules - arrière,,,,,,,,,,,1,1,1,1,2.0
201600047540,0016-05-15 12:00:00,16,5,15,12,0,910,286,RD 310,48.66092,2.40106,Plein jour,Hors agglomération,Hors intersection,Normale,Sans collision,,,,,,,,,,,1,1,1,1,7.0
201600047541,0016-05-17 06:15:00,16,5,17,6,15,910,286,AUTOROUTE A6,48.65764,2.37626,Crépuscule ou aube,Hors agglomération,Hors intersection,Normale,Deux véhicules - côté,,,,,,,,,,,2,1,1,1,3.0
201600047542,0016-05-18 07:45:00,16,5,18,7,45,940,3,AUTOROUTE A6A,48.8097,2.33905,Plein jour,Hors agglomération,Hors intersection,Normale,Deux véhicules - côté,,,,,,,,,,,1,1,1,1,3.0
201600047543,0016-05-19 08:33:00,16,5,19,8,33,920,19,RN 385 Extrieure,,,Plein jour,Hors agglomération,Hors intersection,Normale,Deux véhicules - arrière,,,,,,,,,,,1,1,1,1,2.0
201600047544,0016-05-19 10:10:00,16,5,19,10,10,940,76,AUTOROUTE A6A,48.7939,2.34501,Plein jour,Hors agglomération,Hors intersection,Normale,Deux véhicules - côté,,,,,,,,,,,1,1,1,1,3.0
201600047545,0016-05-19 14:30:00,16,5,19,14,30,910,434,AUTOROUTE A6,48.66817,2.35422,Plein jour,Hors agglomération,Hors intersection,Normale,Deux véhicules - arrière,,,,,,,,,,,1,1,1,1,2.0
201600047546,0016-05-20 09:55:00,16,5,20,9,55,920,2,AUTOROUTE A86,,,Plein jour,Hors agglomération,Hors intersection,Pluie légère,Trois véhicules et plus - en chaîne,,,,,,,,,,,1,1,1,2,4.0
201600047547,0016-05-20 13:45:00,16,5,20,13,45,910,659,AUTOROUTE A6,48.58589,2.45236,Plein jour,Hors agglomération,Hors intersection,Normale,Deux véhicules - arrière,,,,,,,,,,,1,1,1,1,2.0
201600047548,0016-05-21 03:10:00,16,5,21,3,10,910,161,AUTOROUTE A6,48.70407,2.30636,Nuit avec éclairage allumé,Hors agglomération,Hors intersection,Normale,Autre collision,,,,,,,,,,,5,1,1,1,6.0
201600047549,0016-05-21 05:35:00,16,5,21,5,35,940,65,AUTOROUTE A86,48.7554,2.34415,Crépuscule ou aube,Hors agglomération,Hors intersection,Normale,Deux véhicules - côté,,,,,,,,,,,2,1,1,1,3.0
201600047550,0016-05-22 19:45:00,16,5,22,19,45,940,34,AUTOROUTE A86,48.7563,2.3394,Crépuscule ou aube,Hors agglomération,Hors intersection,Pluie légère,Deux véhicules - côté,,,,,,,,,,,2,1,1,2,3.0
201600047551,0016-05-22 21:45:00,16,5,22,21,45,910,64,RD 533,48.76563,2.22847,Nuit sans éclairage public,Hors agglomération,Hors intersection,Pluie légère,Autre collision,,,,,,,,,,,3,1,1,2,6.0
201600047552,0016-05-23 00:40:00,16,5,23,0,40,910,521,RN 104,48.62655,2.39841,Nuit sans éclairage public,Hors agglomération,Hors intersection,Pluie forte,Autre collision,,,,,,,,,,,3,1,1,3,6.0
201600047553,0016-05-23 06:30:00,16,5,23,6,30,940,43,AUTOROUTE A6B,48.8151,2.35595,Plein jour,Hors agglomération,Hors intersection,Pluie forte,Deux véhicules - arrière,,,,,,,,,,,1,1,1,3,2.0
201600047554,0016-05-24 06:00:00,16,5,24,6,0,940,76,AUTOROUTE A6B,48.7915,2.3446,Crépuscule ou aube,Hors agglomération,Hors intersection,Normale,Deux véhicules - côté,,,,,,,,,,,2,1,1,1,3.0
201600047555,0016-05-25 09:07:00,16,5,25,9,7,910,659,AUTOROUTE A6,48.58737,2.45031,Plein jour,Hors agglomération,Hors intersection,Normale,Deux véhicules - côté,,,,,,,,,,,1,1,1,1,3.0
201600047556,0016-05-25 08:05:00,16,5,25,8,5,910,689,AUTOROUTE A6,48.72725,2.31354,Plein jour,Hors agglomération,Hors intersection,Normale,Trois véhicules et plus - en chaîne,,,,,,,,,,,1,1,1,1,4.0
201600047557,0016-05-25 11:37:00,16,5,25,11,37,910,477,AUTOROUTE A126,48.71773,2.26172,Plein jour,Hors agglomération,Hors intersection,Normale,Trois véhicules et plus - en chaîne,,,,,,,,,,,1,1,1,1,4.0
201600047558,0016-05-26 02:00:00,16,5,26,2,0,940,37,AUTOROUTE A6B,48.8133,2.35417,Nuit avec éclairage allumé,Hors agglomération,Hors intersection,Normale,Autre collision,,,,,,,,,,,5,1,1,1,6.0
201600047559,0016-05-27 06:55:00,16,5,27,6,55,910,534,RN 118,48.72707,2.16585,Plein jour,Hors agglomération,Hors intersection,Pluie légère,Deux véhicules - arrière,,,,,,,,,,,1,1,1,2,2.0
201600047560,0016-05-27 08:00:00,16,5,27,8,0,910,471,RN 118,48.70284,2.193,Plein jour,Hors agglomération,Hors intersection,Pluie légère,Deux véhicules - arrière,,,,,,,,,,,1,1,1,2,2.0
201600047561,0016-05-27 08:40:00,16,5,27,8,40,910,434,AUTOROUTE A6,48.66773,2.35655,Plein jour,Hors agglomération,Hors intersection,Normale,Trois véhicules et plus - en chaîne,,,,,,,,,,,1,1,1,1,4.0
201600047562,0016-05-28 04:40:00,16,5,28,4,40,940,38,AUTOROUTE A6B,48.7885,2.34525,Nuit sans éclairage public,Hors agglomération,Hors intersection,Normale,Deux véhicules - arrière,,,,,,,,,,,3,1,1,1,2.0
201600047563,0016-05-28 18:25:00,16,5,28,18,25,920,19,RN 385 Extrieure,,,Plein jour,Hors agglomération,Hors intersection,Normale,Deux véhicules - côté,,,,,,,,,,,1,1,1,1,3.0
201600047564,0016-05-28 19:57:00,16,5,28,19,57,910,534,RN 118,48.73938,2.18078,Plein jour,Hors agglomération,Hors intersection,Normale,Deux véhicules - arrière,,,,,,,,,,,1,1,1,1,2.0
201600047565,0016-05-29 16:20:00,16,5,29,16,20,920,19,RN 385 Extrieure,,,Plein jour,Hors agglomération,Hors intersection,Normale,Deux véhicules - côté,,,,,,,,,,,1,1,1,1,3.0
201600047566,0016-05-30 00:01:00,16,5,30,0,1,910,161,AUTOROUTE A6,48.70752,2.30638,Nuit sans éclairage public,Hors agglomération,Hors intersection,Normale,Autre collision,,,,,,,,,,,3,1,1,1,6.0
201600047567,0016-05-30 12:20:00,16,5,30,12,20,940,65,AUTOROUTE A106,48.7565,2.34942,Plein jour,Hors agglomération,Hors intersection,Pluie forte,Deux véhicules - arrière,,,,,,,,,,,1,1,1,3,2.0
201600047568,0016-05-30 18:32:00,16,5,30,18,32,940,34,AUTOROUTE A86,48.7602,2.32048,Plein jour,Hors agglomération,Hors intersection,Pluie forte,Sans collision,,,,,,,,,,,1,1,1,3,7.0
201600047569,0016-05-31 05:34:00,16,5,31,5,34,910,64,RN 118,48.76475,2.22958,Crépuscule ou aube,Hors agglomération,Hors intersection,Pluie forte,Deux véhicules - côté,,,,,,,,,,,2,1,1,3,3.0
201600047570,0016-05-31 09:29:00,16,5,31,9,29,910,521,AUTOROUTE A6,48.6398,2.39482,Plein jour,Hors agglomération,Hors intersection,Pluie forte,Trois véhicules et plus - en chaîne,,,,,,,,,,,1,1,1,3,4.0
201600047571,0016-05-31 08:38:00,16,5,31,8,38,910,521,RN 449,48.63518,2.40474,Plein jour,Hors agglomération,Hors intersection,Pluie forte,Deux véhicules - côté,,,,,,,,,,,1,1,1,3,3.0
201600047572,0016-05-31 10:23:00,16,5,31,10,23,940,43,AUTOROUTE A6B,48.8123,2.35262,Plein jour,Hors agglomération,Hors intersection,Pluie forte,Deux véhicules - arrière,,,,,,,,,,,1,1,1,3,2.0
201600047573,0016-05-31 12:14:00,16,5,31,12,14,910,589,AUTOROUTE A6,48.67426,2.34235,Plein jour,Hors agglomération,Hors intersection,Pluie légère,Trois véhicules et plus - collisions multiples,,,,,,,,,,,1,1,1,2,5.0
201600047574,0016-06-01 09:00:00,16,6,1,9,0,940,38,AUTOROUTE A6A,48.7793,2.34658,Plein jour,Hors agglomération,Hors intersection,Normale,Autre collision,,,,,,,,,,,1,1,1,1,6.0
201600047575,0016-06-01 13:45:00,16,6,1,13,45,940,65,AUTOROUTE A86,48.7547,2.34711,Plein jour,Hors agglomération,Hors intersection,Normale,Trois véhicules et plus - en chaîne,,,,,,,,,,,1,1,1,1,4.0
201600047576,0016-06-01 16:15:00,16,6,1,16,15,910,161,AUTOROUTE A6,48.70752,2.30638,Plein jour,Hors agglomération,Hors intersection,Normale,Deux véhicules - côté,,,,,,,,,,,1,1,1,1,3.0
201600047577,0016-06-01 17:50:00,16,6,1,17,50,910,340,AUTOROUTE A6,48.60365,2.43704,Plein jour,Hors agglomération,Hors intersection,Normale,Deux véhicules - arrière,,,,,,,,,,,1,1,1,1,2.0
201600047578,0016-06-01 21:45:00,16,6,1,21,45,910,161,AUTOROUTE A6,48.70691,2.30616,Crépuscule ou aube,Hors agglomération,Hors intersection,Pluie forte,Deux véhicules - côté,,,,,,,,,,,2,1,1,3,3.0
201600047579,0016-06-03 09:30:00,16,6,3,9,30,910,659,AUTOROUTE A6,48.58602,2.45235,Plein jour,Hors agglomération,Hors intersection,Normale,Autre collision,,,,,,,,,,,1,1,1,1,6.0
201600047580,0016-06-04 15:38:00,16,6,4,15,38,770,251,AUTOROUTE A5A,,,Plein jour,Hors agglomération,Hors intersection,Normale,Deux véhicules - arrière,,,,,,,,,,,1,1,1,1,2.0
201600047581,0016-06-05 02:21:00,16,6,5,2,21,910,521,AUTOROUTE A6,48.63509,2.4018,Nuit sans éclairage public,Hors agglomération,Hors intersection,Normale,Deux véhicules - arrière,,,,,,,,,,,3,1,1,1,2.0
201600047582,0016-06-06 17:50:00,16,6,6,17,50,940,65,AUTOROUTE A86,48.7549,2.34572,Plein jour,Hors agglomération,Hors intersection,Normale,Deux véhicules - arrière,,,,,,,,,,,1,1,1,1,2.0
201600047583,0016-06-07 08:26:00,16,6,7,8,26,910,161,AUTOROUTE A6,48.70315,2.30691,Plein jour,Hors agglomération,Hors intersection,Normale,Trois véhicules et plus - collisions multiples,,,,,,,,,,,1,1,1,1,5.0
201600047584,0016-06-07 16:30:00,16,6,7,16,30,910,689,AUTOROUTE A6,48.72699,2.31347,Plein jour,Hors agglomération,Hors intersection,Normale,Trois véhicules et plus - en chaîne,,,,,,,,,,,1,1,1,1,4.0
201600047585,0016-06-09 01:10:00,16,6,9,1,10,910,689,AUTOROUTE A6B,48.74201,2.32187,Nuit avec éclairage allumé,Hors agglomération,Hors intersection,Normale,Trois véhicules et plus - collisions multiples,,,,,,,,,,,5,1,1,1,5.0
201600047586,0016-06-09 00:15:00,16,6,9,0,15,940,34,AUTOROUTE A6B,48.7534,2.33194,Nuit sans éclairage public,Hors agglomération,Hors intersection,Normale,Deux véhicules - côté,,,,,,,,,,,3,1,1,1,3.0
201600047587,0016-06-09 09:00:00,16,6,9,9,0,910,659,AUTOROUTE A6,48.58454,2.45419,Plein jour,Hors agglomération,Hors intersection,Normale,Deux véhicules - arrière,,,,,,,,,,,1,1,1,1,2.0
201600047588,0016-06-09 09:05:00,16,6,9,9,5,920,2,AUTOROUTE A10,,,Plein jour,Hors agglomération,Hors intersection,Normale,Deux véhicules - côté,,,,,,,,,,,1,1,1,1,3.0
201600047589,0016-06-09 16:55:00,16,6,9,16,55,910,534,RN 118,48.72052,2.16907,Plein jour,Hors agglomération,Hors intersection,Normale,Trois véhicules et plus - en chaîne,,,,,,,,,,,1,1,1,1,4.0