accident_id,datetime,annee,mois,jour,heure,minute,departement,commune_insee,adresse,latitude,longitude,luminosite,agglomeration,intersection,meteo,collision,nb_vehicules,nb_usagers,nb_indemnes,nb_tues,nb_blesses_hosp,nb_blesses_legers,age_cond_1,age_cond_2,veh_type_cond_1,veh_type_cond_2,lum_code,agg_code,int_code,atm_code,col_code
201600047590,0016-06-09 15:40:00,16,6,9,15,40,940,38,AUTOROUTE A6B,48.7826,2.34699,Plein jour,Hors agglomération,Hors intersection,Normale,Deux véhicules - arrière,,,,,,,,,,,1,1,1,1,2.0
201600047591,0016-06-09 19:20:00,16,6,9,19,20,910,432,AUTOROUTE A6,48.69196,2.32164,Plein jour,Hors agglomération,Hors intersection,Normale,Trois véhicules et plus - collisions multiples,,,,,,,,,,,1,1,1,1,5.0
201600047592,0016-06-10 19:30:00,16,6,10,19,30,910,534,RN 118,48.72761,2.16553,Plein jour,Hors agglomération,Hors intersection,Normale,Deux véhicules - côté,,,,,,,,,,,1,1,1,1,3.0
201600047593,0016-06-10 20:15:00,16,6,10,20,15,920,2,AUTOROUTE A10,,,Plein jour,Hors agglomération,Hors intersection,Normale,Deux véhicules - côté,,,,,,,,,,,1,1,1,1,3.0
201600047594,0016-06-11 15:05:00,16,6,11,15,5,910,161,AUTOROUTE A6,48.69924,2.3122,Plein jour,Hors agglomération,Hors intersection,Normale,Trois véhicules et plus - en chaîne,,,,,,,,,,,1,1,1,1,4.0
201600047595,0016-06-11 18:29:00,16,6,11,18,29,910,521,AUTOROUTE A6,48.62679,2.41381,Plein jour,Hors agglomération,Hors intersection,Pluie légère,Deux véhicules - arrière,,,,,,,,,,,1,1,1,2,2.0
201600047596,0016-06-12 05:43:00,16,6,12,5,43,940,38,AUTOROUTE A6B,48.7767,2.34649,Nuit sans éclairage public,Hors agglomération,Hors intersection,Normale,Deux véhicules - arrière,,,,,,,,,,,3,1,1,1,2.0
201600047597,0016-06-12 14:20:00,16,6,12,14,20,910,179,AUTOROUTE A6,48.55429,2.49277,Plein jour,Hors agglomération,Hors intersection,Pluie légère,Sans collision,,,,,,,,,,,1,1,1,2,7.0
201600047598,0016-06-12 21:55:00,16,6,12,21,55,910,570,RN 104,48.62517,2.31432,Crépuscule ou aube,Hors agglomération,Hors intersection,Pluie forte,Autre collision,,,,,,,,,,,2,1,1,3,6.0
201600047599,0016-06-12 22:34:00,16,6,12,22,34,910,477,AUTOROUTE A10,48.71725,2.26311,Nuit sans éclairage public,Hors agglomération,Hors intersection,Pluie forte,Sans collision,,,,,,,,,,,3,1,1,3,7.0
201600047600,0016-06-13 09:25:00,16,6,13,9,25,910,377,AUTOROUTE A10,48.72348,2.29779,Plein jour,Hors agglomération,Hors intersection,Normale,Deux véhicules - arrière,,,,,,,,,,,1,1,1,1,2.0
201600047601,0016-06-14 20:00:00,16,6,14,20,0,940,3,AUTOROUTE A6B,48.8018,2.34366,Plein jour,Hors agglomération,Hors intersection,Normale,Sans collision,,,,,,,,,,,1,1,1,1,7.0
201600047602,0016-06-15 08:00:00,16,6,15,8,0,940,65,AUTOROUTE A86,48.7552,2.34341,Plein jour,Hors agglomération,Hors intersection,Pluie légère,Trois véhicules et plus - collisions multiples,,,,,,,,,,,1,1,1,2,5.0
201600047603,0016-06-15 08:45:00,16,6,15,8,45,910,377,AUTOROUTE A10,48.71911,2.29306,Plein jour,Hors agglomération,Hors intersection,Pluie légère,Deux véhicules - côté,,,,,,,,,,,1,1,1,2,3.0
201600047604,0016-06-15 14:20:00,16,6,15,14,20,910,286,AUTOROUTE A6,48.64794,2.38623,Plein jour,Hors agglomération,Hors intersection,Normale,Autre collision,,,,,,,,,,,1,1,1,1,6.0
201600047605,0016-06-15 17:55:00,16,6,15,17,55,940,38,AUTOROUTE A6B,48.778,2.34607,Plein jour,Hors agglomération,Hors intersection,Normale,Deux véhicules - arrière,,,,,,,,,,,1,1,1,1,2.0
201600047606,0016-06-16 17:13:00,16,6,16,17,13,910,363,RN 104,48.63323,2.22331,Plein jour,Hors agglomération,Hors intersection,Normale,Sans collision,,,,,,,,,,,1,1,1,1,7.0
201600047607,0016-06-17 17:26:00,16,6,17,17,26,910,182,RN 104,48.61395,2.4306,Plein jour,Hors agglomération,Hors intersection,Pluie légère,Deux véhicules - côté,,,,,,,,,,,1,1,1,2,3.0
201600047608,0016-06-17 18:34:00,16,6,17,18,34,910,179,AUTOROUTE A6,48.56992,2.47027,Plein jour,Hors agglomération,Hors intersection,Normale,Deux véhicules - arrière,,,,,,,,,,,1,1,1,1,2.0
201600047609,0016-06-18 13:50:00,16,6,18,13,50,910,617,RN 104,48.63162,2.49883,Plein jour,Hors agglomération,Hors intersection,Normale,Deux véhicules - côté,,,,,,,,,,,1,1,1,1,3.0
201600047610,0016-06-18 19:00:00,16,6,18,19,0,910,37,AUTOROUTE A6,48.53799,2.49918,Plein jour,Hors agglomération,Hors intersection,Pluie légère,Autre collision,,,,,,,,,,,1,1,1,2,6.0
201600047611,0016-06-18 22:22:00,16,6,18,22,22,910,340,RN 104,48.60809,2.4344,Nuit sans éclairage public,Hors agglomération,Hors intersection,Pluie légère,Autre collision,,,,,,,,,,,3,1,1,2,6.0
201600047612,0016-06-19 12:39:00,16,6,19,12,39,910,161,AUTOROUTE A6,48.70571,2.30593,Plein jour,Hors agglomération,Hors intersection,Normale,Deux véhicules - arrière,,,,,,,,,,,1,1,1,1,2.0
201600047613,0016-06-20 06:10:00,16,6,20,6,10,910,589,AUTOROUTE A6,48.68216,2.32966,Crépuscule ou aube,Hors agglomération,Hors intersection,Pluie légère,Deux véhicules - côté,,,,,,,,,,,2,1,1,2,3.0
201600047614,0016-06-20 14:00:00,16,6,20,14,0,910,468,AUTOROUTE A6,48.57201,2.46828,Plein jour,Hors agglomération,Hors intersection,Pluie forte,Trois véhicules et plus - en chaîne,,,,,,,,,,,1,1,1,3,4.0
201600047615,0016-06-20 18:45:00,16,6,20,18,45,940,21,AUTOROUTE A6A,48.7643,2.34239,Plein jour,Hors agglomération,Hors intersection,Pluie légère,Deux véhicules - côté,,,,,,,,,,,1,1,1,2,3.0
201600047616,0016-06-21 08:30:00,16,6,21,8,30,910,477,RD 444,48.72868,2.24381,Plein jour,Hors agglomération,Hors intersection,Temps couvert,Deux véhicules - côté,,,,,,,,,,,1,1,1,8,3.0
201600047617,0016-06-21 08:51:00,16,6,21,8,51,910,286,AUTOROUTE A6,48.64727,2.38663,Plein jour,Hors agglomération,Hors intersection,Pluie légère,Deux véhicules - côté,,,,,,,,,,,1,1,1,2,3.0
201600047618,0016-06-21 09:30:00,16,6,21,9,30,910,161,AUTOROUTE A6,48.70207,2.30805,Plein jour,Hors agglomération,Hors intersection,Normale,Trois véhicules et plus - collisions multiples,,,,,,,,,,,1,1,1,1,5.0
201600047619,0016-06-22 07:30:00,16,6,22,7,30,910,174,RN 104,48.61175,2.44776,Plein jour,Hors agglomération,Hors intersection,Normale,Deux véhicules - arrière,,,,,,,,,,,1,1,1,1,2.0
201600047620,0016-06-22 09:30:00,16,6,22,9,30,940,21,AUTOROUTE A6B,48.7643,2.34312,Plein jour,Hors agglomération,Hors intersection,Normale,Deux véhicules - côté,,,,,,,,,,,1,1,1,1,3.0
201600047621,0016-06-22 09:00:00,16,6,22,9,0,910,549,RN 104,48.62314,2.2923,Plein jour,Hors agglomération,Hors intersection,Normale,Trois véhicules et plus - collisions multiples,,,,,,,,,,,1,1,1,1,5.0
201600047622,0016-06-22 12:21:00,16,6,22,12,21,910,64,RN 118,48.74938,2.21032,Plein jour,Hors agglomération,Hors intersection,Normale,Trois véhicules et plus - collisions multiples,,,,,,,,,,,1,1,1,1,5.0
201600047623,0016-06-23 14:15:00,16,6,23,14,15,910,659,AUTOROUTE A6,48.58481,2.45371,Plein jour,Hors agglomération,Hors intersection,Normale,Deux véhicules - arrière,,,,,,,,,,,1,1,1,1,2.0
201600047624,0016-06-23 18:12:00,16,6,23,18,12,910,136,AUTOROUTE A10,48.71464,2.28942,Plein jour,Hors agglomération,Hors intersection,Normale,Deux véhicules - arrière,,,,,,,,,,,1,1,1,1,2.0
201600047625,0016-06-24 08:44:00,16,6,24,8,44,910,687,AUTOROUTE A6,48.65727,2.37686,Plein jour,Hors agglomération,Hors intersection,Normale,Deux véhicules - côté,,,,,,,,,,,1,1,1,1,3.0
201600047626,0016-06-24 19:00:00,16,6,24,19,0,910,617,RN 104,48.63147,2.50647,Plein jour,Hors agglomération,Hors intersection,Normale,Sans collision,,,,,,,,,,,1,1,1,1,7.0
201600047627,0016-06-25 12:57:00,16,6,25,12,57,910,689,AUTOROUTE A6B,48.73866,2.3195,Plein jour,Hors agglomération,Hors intersection,Normale,Deux véhicules - arrière,,,,,,,,,,,1,1,1,1,2.0
201600047628,0016-06-25 12:34:00,16,6,25,12,34,910,340,AUTOROUTE A6,48.60133,2.43846,Plein jour,Hors agglomération,Hors intersection,Normale,Deux véhicules - côté,,,,,,,,,,,1,1,1,1,3.0
201600047629,0016-06-25 15:40:00,16,6,25,15,40,910,689,AUTOROUTE A6,48.72988,2.31449,Plein jour,Hors agglomération,Hors intersection,Normale,Deux véhicules - arrière,,,,,,,,,,,1,1,1,1,2.0
201600047630,0016-06-26 20:40:00,16,6,26,20,40,910,434,AUTOROUTE A6,48.66847,2.35301,Plein jour,Hors agglomération,Hors intersection,Normale,Deux véhicules - côté,,,,,,,,,,,1,1,1,1,3.0
201600047631,0016-06-27 11:00:00,16,6,27,11,0,940,38,AUTOROUTE A6B,48.7734,2.3461,Plein jour,Hors agglomération,Hors intersection,Normale,Deux véhicules - côté,,,,,,,,,,,1,1,1,1,3.0
201600047632,0016-06-27 16:40:00,16,6,27,16,40,910,617,RN 104,48.63143,2.51373,Plein jour,Hors agglomération,Hors intersection,Normale,Deux véhicules - arrière,,,,,,,,,,,1,1,1,1,2.0
201600047633,0016-06-27 17:20:00,16,6,27,17,20,910,235,RN 104,48.62461,2.37123,Plein jour,Hors agglomération,Hors intersection,Normale,Deux véhicules - arrière,,,,,,,,,,,1,1,1,1,2.0
201600047634,0016-06-27 19:50:00,16,6,27,19,50,910,161,AUTOROUTE A6,48.70607,2.30606,Plein jour,Hors agglomération,Hors intersection,Normale,Sans collision,,,,,,,,,,,1,1,1,1,7.0
201600047635,0016-06-28 15:23:00,16,6,28,15,23,910,377,AUTOROUTE A10,48.7194,2.29314,Plein jour,Hors agglomération,Hors intersection,Normale,Deux véhicules - arrière,,,,,,,,,,,1,1,1,1,2.0
201600047636,0016-06-28 18:00:00,16,6,28,18,0,910,235,RN 104,48.62489,2.36644,Plein jour,Hors agglomération,Hors intersection,Normale,Trois véhicules et plus - en chaîne,,,,,,,,,,,1,1,1,1,4.0
201600047637,0016-06-29 08:50:00,16,6,29,8,50,940,76,AUTOROUTE A6A,48.7916,2.34443,Plein jour,Hors agglomération,Hors intersection,Normale,Deux véhicules - arrière,,,,,,,,,,,1,1,1,1,2.0
201600047638,0016-06-29 17:27:00,16,6,29,17,27,940,34,AUTOROUTE A86,48.7557,2.33979,Plein jour,Hors agglomération,Hors intersection,Normale,Deux véhicules - côté,,,,,,,,,,,1,1,1,1,3.0
201600047639,0016-06-29 13:31:00,16,6,29,13,31,910,182,AUTOROUTE A6,48.62278,2.42139,Plein jour,Hors agglomération,Hors intersection,Normale,Trois véhicules et plus - collisions multiples,,,,,,,,,,,1,1,1,1,5.0
201600047640,0016-06-30 11:37:00,16,6,30,11,37,940,21,AUTOROUTE A6A,48.7711,2.34551,Plein jour,Hors agglomération,Hors intersection,Normale,Trois véhicules et plus - collisions multiples,,,,,,,,,,,1,1,1,1,5.0
201600047641,0016-05-25 13:50:00,16,5,25,13,50,770,251,AUTOROUTE A5A,48.6299,2.53648,Plein jour,Hors agglomération,Hors intersection,Normale,Deux véhicules - côté,,,,,,,,,,,1,1,1,1,3.0
201600047642,0016-06-30 15:30:00,16,6,30,15,30,910,86,RN 104,48.62538,2.39557,Plein jour,Hors agglomération,Hors intersection,Normale,Deux véhicules - côté,,,,,,,,,,,1,1,1,1,3.0
201600047643,0016-06-30 19:00:00,16,6,30,19,0,940,65,AUTOROUTE A106,48.7491,2.35688,Plein jour,Hors agglomération,Hors intersection,Normale,Trois véhicules et plus - collisions multiples,,,,,,,,,,,1,1,1,1,5.0
201600047644,0016-06-30 18:15:00,16,6,30,18,15,910,377,AUTOROUTE A10,48.71715,2.29134,Plein jour,Hors agglomération,Hors intersection,Normale,Deux véhicules - arrière,,,,,,,,,,,1,1,1,1,2.0
201600047645,0016-07-01 19:00:00,16,7,1,19,0,910,182,RN 104,48.6125,2.43163,Plein jour,Hors agglomération,Hors intersection,Normale,Deux véhicules - arrière,,,,,,,,,,,1,1,1,1,2.0
201600047646,0016-07-03 13:50:00,16,7,3,13,50,940,34,A86 INT BRETELLE A6B,48.7589,2.33778,Plein jour,Hors agglomération,Hors intersection,Normale,Sans collision,,,,,,,,,,,1,1,1,1,7.0
201600047647,0016-07-03 18:45:00,16,7,3,18,45,910,617,RN 104,48.63302,2.5342,Plein jour,Hors agglomération,Hors intersection,Pluie légère,Sans collision,,,,,,,,,,,1,1,1,2,7.0
201600047648,0016-07-04 00:30:00,16,7,4,0,30,910,471,RN 118,48.71341,2.17823,Nuit sans éclairage public,Hors agglomération,Hors intersection,Normale,Deux véhicules - arrière,,,,,,,,,,,3,1,1,1,2.0
201600047649,0016-07-04 17:35:00,16,7,4,17,35,910,340,RN 104,48.60842,2.43687,Plein jour,Hors agglomération,Hors intersection,Normale,Deux véhicules - côté,,,,,,,,,,,1,1,1,1,3.0
201600047650,0016-07-05 00:20:00,16,7,5,0,20,910,161,AUTOROUTE A6,48.70922,2.30702,Nuit avec éclairage allumé,Hors agglomération,Hors intersection,Normale,Deux véhicules - côté,,,,,,,,,,,5,1,1,1,3.0
201600047651,0016-07-06 09:25:00,16,7,6,9,25,910,689,AUTOROUTE A6,48.73355,2.31586,Plein jour,Hors agglomération,Hors intersection,Normale,Deux véhicules - arrière,,,,,,,,,,,1,1,1,1,2.0
201600047652,0016-07-06 09:30:00,16,7,6,9,30,910,468,AUTOROUTE A6,48.57532,2.46558,Plein jour,Hors agglomération,Hors intersection,Normale,Deux véhicules - arrière,,,,,,,,,,,1,1,1,1,2.0
201600047653,0016-07-06 19:30:00,16,7,6,19,30,940,43,AUTOROUTE A6B,48.8151,2.35595,Plein jour,Hors agglomération,Hors intersection,Normale,Deux véhicules - arrière,,,,,,,,,,,1,1,1,1,2.0
201600047654,0016-07-07 02:10:00,16,7,7,2,10,770,251,AUTOROUTE A5A,48.6294,2.53674,Nuit sans éclairage public,Hors agglomération,Hors intersection,Normale,Deux véhicules - arrière,,,,,,,,,,,3,1,1,1,2.0
201600047655,0016-07-07 02:15:00,16,7,7,2,15,940,38,AUTOROUTE A6B,48.7753,2.34576,Nuit sans éclairage public,Hors agglomération,Hors intersection,Normale,Deux véhicules - arrière,,,,,,,,,,,3,1,1,1,2.0
201600047656,0016-07-07 09:05:00,16,7,7,9,5,940,65,AUTOROUTE A106,48.7581,2.34813,Plein jour,Hors agglomération,Hors intersection,Normale,Deux véhicules - côté,,,,,,,,,,,1,1,1,1,3.0
201600047657,0016-07-07 14:45:00,16,7,7,14,45,910,37,AUTOROUTE A6,48.53961,2.49868,Plein jour,Hors agglomération,Hors intersection,Normale,Deux véhicules - côté,,,,,,,,,,,1,1,1,1,3.0
201600047658,0016-07-07 16:30:00,16,7,7,16,30,910,645,RN 385 Extérieure,48.76046,2.25372,Plein jour,Hors agglomération,Hors intersection,Normale,Deux véhicules - côté,,,,,,,,,,,1,1,1,1,3.0
201600047659,0016-07-07 15:35:00,16,7,7,15,35,910,174,RN 104,48.62449,2.46965,Plein jour,Hors agglomération,Hors intersection,Normale,Deux véhicules - côté,,,,,,,,,,,1,1,1,1,3.0
201600047660,0016-07-08 16:00:00,16,7,8,16,0,910,689,AUTOROUTE A6,48.72456,2.3127,Plein jour,Hors agglomération,Hors intersection,Normale,Deux véhicules - côté,,,,,,,,,,,1,1,1,1,3.0
201600047661,0016-07-08 15:30:00,16,7,8,15,30,910,235,RN 104,48.62506,2.36533,Plein jour,Hors agglomération,Hors intersection,Normale,Trois véhicules et plus - en chaîne,,,,,,,,,,,1,1,1,1,4.0
201600047662,0016-07-08 17:40:00,16,7,8,17,40,910,64,RN 118,48.76433,2.22941,Plein jour,Hors agglomération,Hors intersection,Normale,Trois véhicules et plus - collisions multiples,,,,,,,,,,,1,1,1,1,5.0
201600047663,0016-07-09 08:45:00,16,7,9,8,45,910,689,AUTOROUTE A10,48.73436,2.31389,Plein jour,Hors agglomération,Hors intersection,Normale,Sans collision,,,,,,,,,,,1,1,1,1,7.0
201600047664,0016-07-09 13:00:00,16,7,9,13,0,910,617,RN 104,48.64313,2.5362,Plein jour,Hors agglomération,Hors intersection,Normale,Sans collision,,,,,,,,,,,1,1,1,1,7.0
201600047665,0016-07-10 07:06:00,16,7,10,7,6,910,312,RD 444,48.73165,2.23769,Crépuscule ou aube,Hors agglomération,Hors intersection,Normale,Trois véhicules et plus - collisions multiples,,,,,,,,,,,2,1,1,1,5.0
201600047666,0016-07-10 14:40:00,16,7,10,14,40,910,64,RN 118,48.76541,2.22984,Plein jour,Hors agglomération,Hors intersection,Normale,Sans collision,,,,,,,,,,,1,1,1,1,7.0
201600047667,0016-07-10 20:15:00,16,7,10,20,15,910,363,RN 104,48.64649,2.19073,Plein jour,Hors agglomération,Hors intersection,Normale,Deux véhicules - arrière,,,,,,,,,,,1,1,1,1,2.0
201600047668,0016-07-11 01:00:00,16,7,11,1,0,910,689,AUTOROUTE A6,48.73168,2.31526,Nuit sans éclairage public,Hors agglomération,Hors intersection,Normale,Deux véhicules - côté,,,,,,,,,,,3,1,1,1,3.0
201600047669,0016-07-11 08:05:00,16,7,11,8,5,940,3,AUTOROUTE A6A,48.8081,2.34045,Plein jour,Hors agglomération,Hors intersection,Normale,Trois véhicules et plus - en chaîne,,,,,,,,,,,1,1,1,1,4.0
201600047670,0016-07-11 08:20:00,16,7,11,8,20,910,617,AUTOROUTE A5A,48.62719,2.53818,Plein jour,Hors agglomération,Hors intersection,Normale,Deux véhicules - côté,,,,,,,,,,,1,1,1,1,3.0
201600047671,0016-07-11 13:30:00,16,7,11,13,30,910,689,AUTOROUTE A6B,48.74158,2.3215,Plein jour,Hors agglomération,Hors intersection,Normale,Trois véhicules et plus - en chaîne,,,,,,,,,,,1,1,1,1,4.0
201600047672,0016-07-12 15:00:00,16,7,12,15,0,910,471,AUTOROUTE A10,48.69082,2.22364,Plein jour,Hors agglomération,Hors intersection,Pluie légère,Autre collision,,,,,,,,,,,1,1,1,2,6.0
201600047673,0016-07-12 16:15:00,16,7,12,16,15,910,521,RN 449,48.63503,2.40698,Plein jour,Hors agglomération,Hors intersection,Normale,Deux véhicules - arrière,,,,,,,,,,,1,1,1,1,2.0
201600047674,0016-07-13 00:20:00,16,7,13,0,20,940,43,AUTOROUTE A6B,48.8129,2.35352,Nuit sans éclairage public,Hors agglomération,Hors intersection,Normale,Autre collision,,,,,,,,,,,3,1,1,1,6.0
201600047675,0016-07-14 08:17:00,16,7,14,8,17,910,286,AUTOROUTE A6,48.64361,2.39089,Plein jour,Hors agglomération,Hors intersection,Normale,Autre collision,,,,,,,,,,,1,1,1,1,6.0
201600047676,0016-07-15 00:20:00,16,7,15,0,20,910,179,AUTOROUTE A6,48.56972,2.47057,Nuit sans éclairage public,Hors agglomération,Hors intersection,Normale,Autre collision,,,,,,,,,,,3,1,1,1,6.0
201600047677,0016-07-15 13:55:00,16,7,15,13,55,910,228,AUTOROUTE A6,48.61659,2.42873,Plein jour,Hors agglomération,Hors intersection,Normale,Deux véhicules - arrière,,,,,,,,,,,1,1,1,1,2.0
201600047678,0016-07-15 20:00:00,16,7,15,20,0,910,161,AUTOROUTE A6,48.71964,2.31146,Plein jour,Hors agglomération,Hors intersection,Normale,Deux véhicules - côté,,,,,,,,,,,1,1,1,1,3.0
201600047679,0016-07-17 02:21:00,16,7,17,2,21,910,235,RN 104,48.6251,2.36482,Nuit sans éclairage public,Hors agglomération,Hors intersection,Normale,Autre collision,,,,,,,,,,,3,1,1,1,6.0
201600047680,0016-07-16 00:01:00,16,7,16,0,1,910,434,AUTOROUTE A6,48.66806,2.35504,Nuit avec éclairage non allumé,Hors agglomération,Hors intersection,Normale,Deux véhicules - côté,,,,,,,,,,,4,1,1,1,3.0
201600047681,0016-07-18 12:25:00,16,7,18,12,25,910,286,AUTOROUTE A6,48.65027,2.384,Plein jour,Hors agglomération,Hors intersection,Normale,Deux véhicules - arrière,,,,,,,,,,,1,1,1,1,2.0
201600047682,0016-07-19 12:27:00,16,7,19,12,27,910,347,RN 104,48.62193,2.2776,Plein jour,Hors agglomération,Hors intersection,Normale,Deux véhicules - arrière,,,,,,,,,,,1,1,1,1,2.0
201600047683,0016-07-19 16:35:00,16,7,19,16,35,910,377,RD 188,48.72973,2.29783,Plein jour,Hors agglomération,Hors intersection,Normale,Autre collision,,,,,,,,,,,1,1,1,1,6.0
201600047684,0016-07-19 18:00:00,16,7,19,18,0,940,21,AUTOROUTE A106,48.7673,2.34528,Plein jour,Hors agglomération,Hors intersection,Normale,Sans collision,,,,,,,,,,,1,1,1,1,7.0
201600047685,0016-07-20 00:40:00,16,7,20,0,40,940,3,AUTOROUTE A6A,48.8081,2.34045,Nuit avec éclairage allumé,Hors agglomération,Hors intersection,Normale,Deux véhicules - côté,,,,,,,,,,,5,1,1,1,3.0
201600047686,0016-07-21 05:35:00,16,7,21,5,35,910,534,RN 118,48.72949,2.16594,Nuit sans éclairage public,Hors agglomération,Hors intersection,Normale,Deux véhicules - arrière,,,,,,,,,,,3,1,1,1,2.0
201600047687,0016-07-21 09:00:00,16,7,21,9,0,910,468,AUTOROUTE A6,48.57358,2.46727,Plein jour,Hors agglomération,Hors intersection,Normale,Deux véhicules - arrière,,,,,,,,,,,1,1,1,1,2.0
201600047688,0016-07-21 08:55:00,16,7,21,8,55,910,64,RN 118,48.75585,2.22365,Plein jour,Hors agglomération,Hors intersection,Normale,Trois véhicules et plus - en chaîne,,,,,,,,,,,1,1,1,1,4.0
201600047689,0016-07-21 08:50:00,16,7,21,8,50,910,161,AUTOROUTE A6,48.69649,2.31661,Plein jour,Hors agglomération,Hors intersection,Normale,Trois véhicules et plus - collisions multiples,,,,,,,,,,,1,1,1,1,5.0
201600047690,0016-07-21 23:00:00,16,7,21,23,0,910,689,AUTOROUTE A6B,48.74334,2.32314,Nuit avec éclairage allumé,Hors agglomération,Hors intersection,Normale,Autre collision,,,,,,,,,,,5,1,1,1,6.0
201600047691,0016-07-22 09:00:00,16,7,22,9,0,910,434,AUTOROUTE A6,48.66985,2.34915,Plein jour,Hors agglomération,Hors intersection,Normale,Deux véhicules - arrière,,,,,,,,,,,1,1,1,1,2.0
201600047692,0016-07-24 17:20:00,16,7,24,17,20,910,689,AUTOROUTE A6,48.73287,2.31559,Plein jour,Hors agglomération,Hors intersection,Normale,Deux véhicules - arrière,,,,,,,,,,,1,1,1,1,2.0
201600047693,0016-07-24 19:05:00,16,7,24,19,5,910,661,AUTOROUTE A10,48.69193,2.22554,Plein jour,Hors agglomération,Hors intersection,Normale,Sans collision,,,,,,,,,,,1,1,1,1,7.0
201600047694,0016-07-23 04:00:00,16,7,23,4,0,910,689,AUTOROUTE A6,48.73327,2.31572,Nuit sans éclairage public,Hors agglomération,Hors intersection,Normale,Deux véhicules - côté,,,,,,,,,,,3,1,1,1,3.0
201600047695,0016-07-25 09:57:00,16,7,25,9,57,910,286,AUTOROUTE A6,48.65758,2.37644,Plein jour,Hors agglomération,Hors intersection,Normale,Trois véhicules et plus - collisions multiples,,,,,,,,,,,1,1,1,1,5.0
201600047696,0016-07-25 09:40:00,16,7,25,9,40,910,692,RN 118,48.67349,2.19371,Plein jour,Hors agglomération,Hors intersection,Normale,Deux véhicules - arrière,,,,,,,,,,,1,1,1,1,2.0
201600047697,0016-07-25 18:10:00,16,7,25,18,10,940,38,AUTOROUTE A6B,48.7817,2.34702,Plein jour,Hors agglomération,Hors intersection,Normale,Deux véhicules - côté,,,,,,,,,,,1,1,1,1,3.0
201600047698,0016-07-25 17:15:00,16,7,25,17,15,910,182,RN 104,48.61659,2.42872,Plein jour,Hors agglomération,Hors intersection,Normale,Deux véhicules - côté,,,,,,,,,,,1,1,1,1,3.0
201600047699,0016-07-25 18:30:00,16,7,25,18,30,910,182,AUTOROUTE A6,48.62107,2.42395,Plein jour,Hors agglomération,Hors intersection,Normale,Trois véhicules et plus - en chaîne,,,,,,,,,,,1,1,1,1,4.0
201600047700,0016-07-27 13:15:00,16,7,27,13,15,940,21,AUTOROUTE A6B,48.7654,2.34402,Plein jour,Hors agglomération,Hors intersection,Normale,Deux véhicules - arrière,,,,,,,,,,,1,1,1,1,2.0
201600047701,0016-07-27 14:25:00,16,7,27,14,25,910,339,RN 104,48.62739,2.25837,Plein jour,Hors agglomération,Hors intersection,Normale,Deux véhicules - côté,,,,,,,,,,,1,1,1,1,3.0
201600047702,0016-07-29 12:40:00,16,7,29,12,40,910,689,AUTOROUTE A6B,48.74193,2.32189,Plein jour,Hors agglomération,Hors intersection,Normale,Deux véhicules - arrière,,,,,,,,,,,1,1,1,1,2.0
201600047703,0016-08-01 04:15:00,16,8,1,4,15,910,339,RN 104,48.63096,2.24853,Nuit sans éclairage public,Hors agglomération,Hors intersection,Normale,Autre collision,,,,,,,,,,,3,1,1,1,6.0
201600047704,0016-08-01 17:35:00,16,8,1,17,35,910,377,AUTOROUTE A10,48.71576,2.29037,Plein jour,Hors agglomération,Hors intersection,Normale,Trois véhicules et plus - collisions multiples,,,,,,,,,,,1,1,1,1,5.0
201600047705,0016-08-04 12:50:00,16,8,4,12,50,940,21,AUTOROUTE A6B,48.7599,2.33845,Plein jour,Hors agglomération,Hors intersection,Pluie légère,Trois véhicules et plus - collisions multiples,,,,,,,,,,,1,1,1,2,5.0
201600047706,0016-08-04 16:22:00,16,8,4,16,22,910,37,AUTOROUTE A6,48.54564,2.49627,Plein jour,Hors agglomération,Hors intersection,Normale,Sans collision,,,,,,,,,,,1,1,1,1,7.0
201600047707,0016-08-04 21:14:00,16,8,4,21,14,940,34,AUTOROUTE A86,48.7597,2.32167,Crépuscule ou aube,Hors agglomération,Hors intersection,Normale,Deux véhicules - arrière,,,,,,,,,,,2,1,1,1,2.0
201600047708,0016-08-05 18:21:00,16,8,5,18,21,910,161,AUTOROUTE A6,48.69921,2.31215,Plein jour,Hors agglomération,Hors intersection,Normale,Deux véhicules - côté,,,,,,,,,,,1,1,1,1,3.0
201600047709,0016-08-06 02:15:00,16,8,6,2,15,910,659,AUTOROUTE A6,48.58228,2.45746,Nuit sans éclairage public,Hors agglomération,Hors intersection,Normale,Deux véhicules - arrière,,,,,,,,,,,3,1,1,1,2.0
201600047710,0016-08-06 16:50:00,16,8,6,16,50,910,377,AUTOROUTE A10,48.72847,2.30544,Plein jour,Hors agglomération,Hors intersection,Normale,Deux véhicules - arrière,,,,,,,,,,,1,1,1,1,2.0
201600047711,0016-08-06 16:00:00,16,8,6,16,0,910,549,RN 104,48.62655,2.34533,Plein jour,Hors agglomération,Hors intersection,Normale,Deux véhicules - côté,,,,,,,,,,,1,1,1,1,3.0
201600047712,0016-08-11 08:05:00,16,8,11,8,5,910,340,RN 104,48.60842,2.43687,Plein jour,Hors agglomération,Hors intersection,Normale,Autre collision,,,,,,,,,,,1,1,1,1,6.0
201600047713,0016-08-11 08:37:00,16,8,11,8,37,920,2,RN 385 Extrieure,,,Plein jour,Hors agglomération,Hors intersection,Normale,Sans collision,,,,,,,,,,,1,1,1,1,7.0
201600047714,0016-08-13 18:40:00,16,8,13,18,40,940,38,AUTOROUTE A6A,48.7757,2.34602,Plein jour,Hors agglomération,Hors intersection,Normale,Deux véhicules - arrière,,,,,,,,,,,1,1,1,1,2.0