accident_id,datetime,annee,mois,jour,heure,minute,departement,commune_insee,adresse,latitude,longitude,luminosite,agglomeration,intersection,meteo,collision,nb_vehicules,nb_usagers,nb_indemnes,nb_tues,nb_blesses_hosp,nb_blesses_legers,age_cond_1,age_cond_2,veh_type_cond_1,veh_type_cond_2,lum_code,agg_code,int_code,atm_code,col_code
201600048458,0016-06-11 21:25:00,16,6,11,21,25,690,385,KITCHENER MARCHAND,45.45059,4.49176,Plein jour,En agglomération,Intersection en X,Normale,Deux véhicules - côté,,,,,,,,,,,1,2,2,1,3.0
201600048459,0016-06-09 13:35:00,16,6,9,13,35,690,286,"1098, VICTOR HUGO",,,Plein jour,En agglomération,Hors intersection,Normale,Deux véhicules - côté,,,,,,,,,,,1,2,1,1,3.0
201600048460,0016-06-12 22:30:00,16,6,12,22,30,690,286,EUROPE (DE L'),45.81316,4.89311,Nuit avec éclairage allumé,En agglomération,Hors intersection,Normale,Deux véhicules - côté,,,,,,,,,,,5,2,1,1,3.0
201600048461,0016-06-13 14:15:00,16,6,13,14,15,690,286,", ROUTE DE STRASBOURG",,,Plein jour,En agglomération,Hors intersection,Temps couvert,Autre collision,,,,,,,,,,,1,2,1,8,6.0
201600048462,0016-06-14 10:20:00,16,6,14,10,20,690,34,BENJAMIN DELESSERT,,,Plein jour,En agglomération,Hors intersection,Normale,Autre collision,,,,,,,,,,,1,2,1,1,6.0
201600048463,0016-06-14 23:20:00,16,6,14,23,20,690,202,COMMANDANT CHARCOT (DU),45.75116,4.80111,Nuit avec éclairage allumé,En agglomération,Intersection en T,Normale,Deux véhicules - côté,,,,,,,,,,,5,2,3,1,3.0
201600048464,0016-06-15 00:40:00,16,6,15,0,40,690,381,"9, JARDIN DES PLANTES (D",,,Nuit avec éclairage allumé,En agglomération,Hors intersection,Normale,Autre collision,,,,,,,,,,,5,2,1,1,6.0
201600048465,0016-06-10 12:30:00,16,6,10,12,30,690,149,"121, GRANDE RUE",45.71411,4.8063,Plein jour,En agglomération,Intersection en T,Normale,Autre collision,,,,,,,,,,,1,2,3,1,6.0
201600048466,0016-06-15 15:50:00,16,6,15,15,50,690,389,MAURICE BEJART,,,Plein jour,En agglomération,Intersection en X,Normale,Deux véhicules - côté,,,,,,,,,,,1,2,2,1,3.0
201600048467,0016-06-16 08:20:00,16,6,16,8,20,690,149,FRERE BENOIT (DU),45.71886,4.79241,Plein jour,En agglomération,Intersection en X,Pluie légère,Deux véhicules - côté,,,,,,,,,,,1,2,2,2,3.0
201600048468,0016-06-14 12:08:00,16,6,14,12,8,690,382,"20, REPUBLIQUE (DE LA)",,,Plein jour,En agglomération,Hors intersection,Normale,Autre collision,,,,,,,,,,,1,2,1,1,6.0
201600048469,0016-06-17 17:45:00,16,6,17,17,45,690,286,EUROPE (DE L'),45.81875,4.90558,Plein jour,Hors agglomération,Hors intersection,Normale,Deux véhicules - arrière,,,,,,,,,,,1,1,1,1,2.0
201600048470,0016-06-17 15:20:00,16,6,17,15,20,690,152,8 MAI 1945 (DU),45.7008,4.824,Plein jour,En agglomération,Intersection en X,Normale,Deux véhicules - côté,,,,,,,,,,,1,2,2,1,3.0
201600048471,0016-06-18 20:30:00,16,6,18,20,30,690,389,SERGENT MICHEL BERTHET (,,,Plein jour,En agglomération,Giratoire,Normale,Deux véhicules - côté,,,,,,,,,,,1,2,6,1,3.0
201600048472,0016-06-19 06:25:00,16,6,19,6,25,690,142,"1, PIERRE SEMARD",45.72702,4.8163,Crépuscule ou aube,En agglomération,Hors intersection,Normale,Autre collision,,,,,,,,,,,2,2,1,1,6.0
201600048473,0016-06-19 12:20:00,16,6,19,12,20,690,202,"32, VALIOUD",45.74627,4.81025,Plein jour,En agglomération,Hors intersection,Normale,Deux véhicules - frontale,,,,,,,,,,,1,2,1,1,1.0
201600048474,0016-06-20 08:05:00,16,6,20,8,5,690,389,"300, BALMONT (DE)",45.47,4.48,Plein jour,En agglomération,Hors intersection,Normale,Autre collision,,,,,,,,,,,1,2,1,1,6.0
201600048475,0016-06-20 13:50:00,16,6,20,13,50,690,385,"7, BARTHELEMY BUYER",45.45314,4.48429,Plein jour,En agglomération,Hors intersection,Normale,Sans collision,,,,,,,,,,,1,2,1,1,7.0
201600048476,0016-06-20 18:00:00,16,6,20,18,0,690,385,"70, CHAMPVERT (DE)",45.45485,4.47431,Plein jour,En agglomération,Hors intersection,Normale,Autre collision,,,,,,,,,,,1,2,1,1,6.0
201600048477,0016-06-18 11:30:00,16,6,18,11,30,690,152,"28, JULES GUESDE",45.69775,4.81905,Plein jour,En agglomération,Hors intersection,Normale,Deux véhicules - arrière,,,,,,,,,,,1,2,1,1,2.0
201600048478,0016-06-21 21:00:00,16,6,21,21,0,690,381,LOUIS PRADEL,,,Crépuscule ou aube,En agglomération,Intersection en T,Normale,Autre collision,,,,,,,,,,,2,2,3,1,6.0
201600048479,0016-06-21 22:30:00,16,6,21,22,30,690,34,"1, TUNNEL BELLEVUE (QUAI",,,Nuit avec éclairage allumé,En agglomération,Hors intersection,Normale,Deux véhicules - arrière,,,,,,,,,,,5,2,1,1,2.0
201600048480,0016-06-22 13:45:00,16,6,22,13,45,690,34,"17, GEORGES CLEMENCEAU",45.79138,4.8228,Plein jour,En agglomération,Hors intersection,Normale,Sans collision,,,,,,,,,,,1,2,1,1,7.0
201600048481,0016-06-22 17:35:00,16,6,22,17,35,690,389,"69, 25EME REGIMENT DE TI",,,Plein jour,En agglomération,Hors intersection,Normale,Deux véhicules - arrière,,,,,,,,,,,1,2,1,1,2.0
201600048482,0016-06-22 20:10:00,16,6,22,20,10,690,382,"23, DOCTEUR GAILLETON (D",45.4512,4.5003,Plein jour,En agglomération,Hors intersection,Normale,Trois véhicules et plus - en chaîne,,,,,,,,,,,1,2,1,1,4.0
201600048483,0016-06-23 08:20:00,16,6,23,8,20,690,81,"20, RANDIN (DE)",45.4,4.46,Plein jour,En agglomération,Hors intersection,Normale,Deux véhicules - arrière,,,,,,,,,,,1,2,1,1,2.0
201600048484,0016-06-23 16:00:00,16,6,23,16,0,690,385,CHAMPVERT (DE),45.4535,4.4745,Plein jour,En agglomération,Intersection en X,Normale,Deux véhicules - côté,,,,,,,,,,,1,2,2,1,3.0
201600048485,0016-06-23 16:30:00,16,6,23,16,30,690,202,BARON DU MARAIS (DU),45.72902,4.7958,Plein jour,En agglomération,Hors intersection,Normale,Autre collision,,,,,,,,,,,1,2,1,1,6.0
201600048486,0016-06-24 11:55:00,16,6,24,11,55,690,149,"86, FRANCISQUE JOMARD",45.71758,4.79186,Plein jour,En agglomération,Hors intersection,Normale,Autre collision,,,,,,,,,,,1,2,1,1,6.0
201600048487,0016-06-24 13:25:00,16,6,24,13,25,690,34,"52, GEORGES CLEMENCEAU",45.79611,4.83241,Plein jour,En agglomération,Hors intersection,Normale,Deux véhicules - côté,,,,,,,,,,,1,2,1,1,3.0
201600048488,0016-06-24 19:10:00,16,6,24,19,10,690,286,"32, GENERAL LECLERC",45.81441,4.90027,Plein jour,En agglomération,Intersection en T,Normale,Sans collision,,,,,,,,,,,1,2,3,1,7.0
201600048489,0016-06-24 20:20:00,16,6,24,20,20,690,149,JEAN JAURES,45.7158,4.81905,Plein jour,En agglomération,Intersection en X,Normale,Deux véhicules - côté,,,,,,,,,,,1,2,2,1,3.0
201600048490,0016-06-26 15:45:00,16,6,26,15,45,690,389,GARE D'EAU (DE LA),45.46503,4.48282,Plein jour,En agglomération,Intersection en T,Normale,Deux véhicules - côté,,,,,,,,,,,1,2,3,1,3.0
201600048491,0016-06-27 21:50:00,16,6,27,21,50,690,389,"11, DUCHERE (DE LA)",45.46349,7.407,Crépuscule ou aube,En agglomération,Hors intersection,Normale,Deux véhicules - arrière,,,,,,,,,,,2,2,1,1,2.0
201600048492,0016-06-26 15:40:00,16,6,26,15,40,690,382,", JULES COURMONT",,,Plein jour,En agglomération,Hors intersection,Normale,Sans collision,,,,,,,,,,,1,2,1,1,7.0
201600048493,0016-06-19 14:45:00,16,6,19,14,45,690,152,"78, EUROPE (DE L')",,,Plein jour,En agglomération,Hors intersection,Normale,Deux véhicules - côté,,,,,,,,,,,1,2,1,1,3.0
201600048494,0016-06-27 17:10:00,16,6,27,17,10,690,34,"128, ST CLAIR (DE)",45.7905,4.85858,Plein jour,En agglomération,Hors intersection,Normale,Deux véhicules - arrière,,,,,,,,,,,1,2,1,1,2.0
201600048495,0016-06-30 11:30:00,16,6,30,11,30,690,389,"38, JAYR",,,Plein jour,En agglomération,Hors intersection,Normale,Sans collision,,,,,,,,,,,1,2,1,1,7.0
201600048496,0016-07-01 16:00:00,16,7,1,16,0,690,382,"16, JEAN MOULIN",,,Plein jour,En agglomération,Hors intersection,Normale,Autre collision,,,,,,,,,,,1,2,1,1,6.0
201600048497,0016-07-02 13:20:00,16,7,2,13,20,690,202,", 08 MAI (DU)",45.74413,4.79947,Plein jour,En agglomération,Hors intersection,Normale,Deux véhicules - frontale,,,,,,,,,,,1,2,1,1,1.0
201600048498,0016-07-02 15:30:00,16,7,2,15,30,690,81,VALVERT,45.45593,6.087,Plein jour,En agglomération,Intersection en T,Normale,Deux véhicules - côté,,,,,,,,,,,1,2,3,1,3.0
201600048499,0016-07-02 22:30:00,16,7,2,22,30,690,34,RAYMOND POINCARE,45.791,4.86066,Nuit avec éclairage allumé,En agglomération,Intersection en X,Normale,Deux véhicules - côté,,,,,,,,,,,5,2,2,1,3.0
201600048500,0016-06-30 07:45:00,16,6,30,7,45,690,34,"99, GEORGES CLEMENCEAU",45.8083,4.84408,Plein jour,En agglomération,Hors intersection,Normale,Autre collision,,,,,,,,,,,1,2,1,1,6.0
201600048501,0016-07-03 12:00:00,16,7,3,12,0,690,152,"145, EUROPE (DE L')",45.69616,4.82586,Plein jour,En agglomération,Hors intersection,Normale,Deux véhicules - arrière,,,,,,,,,,,1,2,1,1,2.0
201600048502,0016-07-04 08:10:00,16,7,4,8,10,690,389,SERGENT MICHEL BERTHET (,45.46128,4.48199,Plein jour,En agglomération,Intersection en X,Normale,Sans collision,,,,,,,,,,,1,2,2,1,7.0
201600048503,0016-07-05 23:40:00,16,7,5,23,40,690,34,"88, STRASBOURG (DE)",,,Nuit avec éclairage allumé,En agglomération,Hors intersection,Normale,Deux véhicules - frontale,,,,,,,,,,,5,2,1,1,1.0
201600048504,0016-07-05 12:00:00,16,7,5,12,0,690,149,LOUIS AULAGNE,45.71055,4.81716,Plein jour,Hors agglomération,Intersection en T,Normale,Deux véhicules - frontale,,,,,,,,,,,1,1,3,1,1.0
201600048505,0016-07-06 13:35:00,16,7,6,13,35,690,81,VERDUN (DE),45.77255,4.79088,Plein jour,En agglomération,Intersection en X,Normale,Deux véhicules - côté,,,,,,,,,,,1,2,2,1,3.0
201600048506,0016-06-17 13:05:00,16,6,17,13,5,690,381,"2, ROGER VIOLI",,,Plein jour,En agglomération,Hors intersection,Normale,Trois véhicules et plus - en chaîne,,,,,,,,,,,1,2,1,1,4.0
201600048507,0016-07-07 09:15:00,16,7,7,9,15,690,286,"240, CHATEAUBRIAND",45.49184,3.288,Plein jour,En agglomération,Intersection en T,Normale,Deux véhicules - arrière,,,,,,,,,,,1,2,3,1,2.0
201600048508,0016-07-07 13:25:00,16,7,7,13,25,690,384,HENON,,,Plein jour,En agglomération,Hors intersection,Normale,Deux véhicules - côté,,,,,,,,,,,1,2,1,1,3.0
201600048509,0016-07-04 08:45:00,16,7,4,8,45,690,34,"15, JEAN PETIT",45.80272,4.86161,Plein jour,En agglomération,Hors intersection,Normale,Deux véhicules - côté,,,,,,,,,,,1,2,1,1,3.0
201600048510,0016-07-08 10:30:00,16,7,8,10,30,690,389,"28, SYLVAIN SIMONDAN",45.48101,4.495,Plein jour,En agglomération,Hors intersection,Normale,Autre collision,,,,,,,,,,,1,2,1,1,6.0
201600048511,0016-07-08 10:30:00,16,7,8,10,30,690,385,JEUNET,45.45016,4.47202,Plein jour,En agglomération,Hors intersection,Normale,Autre collision,,,,,,,,,,,1,2,1,1,6.0
201600048512,0016-06-20 14:40:00,16,6,20,14,40,690,382,TREMIE Nø2,,,Plein jour,En agglomération,Hors intersection,Normale,Autre collision,,,,,,,,,,,1,2,1,1,6.0
201600048513,0016-07-09 17:30:00,16,7,9,17,30,690,389,"3, MOUILLARD",,,Plein jour,En agglomération,Hors intersection,Normale,Deux véhicules - côté,,,,,,,,,,,1,2,1,1,3.0
201600048514,0016-07-09 22:15:00,16,7,9,22,15,690,202,"43BIS, LIBERATION (DE LA",44.7,9.8,Plein jour,Hors agglomération,Intersection en X,Normale,Deux véhicules - côté,,,,,,,,,,,1,1,2,1,3.0
201600048515,0016-07-09 19:30:00,16,7,9,19,30,690,385,FULCHIRON,45.45062,4.49176,Plein jour,En agglomération,Intersection en X,Normale,Deux véhicules - côté,,,,,,,,,,,1,2,2,1,3.0
201600048516,0016-07-11 07:00:00,16,7,11,7,0,690,389,DAVID BEN GOURION,,,Plein jour,Hors agglomération,Intersection en T,Normale,Deux véhicules - frontale,,,,,,,,,,,1,1,3,1,1.0
201600048517,0016-07-11 10:30:00,16,7,11,10,30,690,152,"96, EUROPE (DE L')",45.70033,4.82024,Plein jour,En agglomération,Hors intersection,Normale,Deux véhicules - côté,,,,,,,,,,,1,2,1,1,3.0
201600048518,0016-07-11 10:20:00,16,7,11,10,20,690,286,"10, ROUTE DE FONTAINE",,,Plein jour,En agglomération,Hors intersection,Normale,Autre collision,,,,,,,,,,,1,2,1,1,6.0
201600048519,0016-07-11 18:10:00,16,7,11,18,10,690,81,"12, CHAMPAGNE (DE)",45.7843,4.78213,Plein jour,En agglomération,Hors intersection,Pluie forte,Deux véhicules - côté,,,,,,,,,,,1,2,1,3,3.0
201600048520,0016-07-08 11:00:00,16,7,8,11,0,690,152,"48, EUROPE (DE L')",45.7038,4.82074,Plein jour,En agglomération,Hors intersection,Normale,Deux véhicules - côté,,,,,,,,,,,1,2,1,1,3.0
201600048521,0016-07-12 15:00:00,16,7,12,15,0,690,385,CHOULANS (DE),,,Plein jour,En agglomération,Hors intersection,Normale,Autre collision,,,,,,,,,,,1,2,1,1,6.0
201600048522,0016-07-12 17:40:00,16,7,12,17,40,690,389,"13, SERGENT MICHEL BERTH",45.46,4.48,Plein jour,En agglomération,Hors intersection,Pluie légère,Autre collision,,,,,,,,,,,1,2,1,2,6.0
201600048523,0016-07-12 18:10:00,16,7,12,18,10,690,385,JOLIOT CURIE,,,Plein jour,En agglomération,Intersection en X,Pluie légère,Deux véhicules - côté,,,,,,,,,,,1,2,2,2,3.0
201600048524,0016-07-11 00:45:00,16,7,11,0,45,690,385,"128, CHOULANS (DE)",45.4511,4.48582,Nuit avec éclairage allumé,En agglomération,Hors intersection,Normale,Autre collision,,,,,,,,,,,5,2,1,1,6.0
201600048525,0016-07-13 15:45:00,16,7,13,15,45,690,381,TUNNEL ROUTIER DE LA CRO,45.46212,4.5017,Plein jour,En agglomération,Hors intersection,Normale,Deux véhicules - arrière,,,,,,,,,,,1,2,1,1,2.0
201600048526,0016-07-15 10:00:00,16,7,15,10,0,690,389,ROGER SALENGRO,45.46433,4.48177,Plein jour,En agglomération,Intersection en X,Normale,Deux véhicules - côté,,,,,,,,,,,1,2,2,1,3.0
201600048527,0016-07-15 19:15:00,16,7,15,19,15,690,382,CASIMIR PERIER,45.44364,4.49071,Plein jour,En agglomération,Intersection en T,Normale,Deux véhicules - côté,,,,,,,,,,,1,2,3,1,3.0
201600048528,0016-07-15 19:45:00,16,7,15,19,45,690,389,"49, SERGENT MICHEL BERTH",45.46046,4.48194,Plein jour,Hors agglomération,Hors intersection,Normale,Deux véhicules - frontale,,,,,,,,,,,1,1,1,1,1.0
201600048529,0016-07-18 21:20:00,16,7,18,21,20,690,385,"2, CHEMIN NEUF (DU)",45.45431,4.4933,Plein jour,En agglomération,Hors intersection,Normale,Deux véhicules - arrière,,,,,,,,,,,1,2,1,1,2.0
201600048530,0016-07-19 08:00:00,16,7,19,8,0,690,385,"41, JOLIOT CURIE",45.45222,4.47332,Plein jour,En agglomération,Hors intersection,Normale,Trois véhicules et plus - en chaîne,,,,,,,,,,,1,2,1,1,4.0
201600048531,0016-07-19 09:30:00,16,7,19,9,30,690,389,", SIDOINE APPOLINAIRE",45.45537,4.4804,Plein jour,En agglomération,Intersection en X,Normale,Deux véhicules - côté,,,,,,,,,,,1,2,2,1,3.0
201600048532,0016-07-21 09:15:00,16,7,21,9,15,690,34,VASSIEUX (DE),45.80141,4.86291,Plein jour,En agglomération,Intersection en X,Normale,Deux véhicules - côté,,,,,,,,,,,1,2,2,1,3.0
201600048533,0016-07-21 13:16:00,16,7,21,13,16,690,389,"88, ST PIERRE DE VAISE",,,Plein jour,En agglomération,Hors intersection,Normale,Deux véhicules - frontale,,,,,,,,,,,1,2,1,1,1.0
201600048534,0016-07-05 20:00:00,16,7,5,20,0,690,384,"80, YPRES (D')",,,Plein jour,En agglomération,Hors intersection,Normale,Deux véhicules - côté,,,,,,,,,,,1,2,1,1,3.0
201600048535,0016-07-23 15:50:00,16,7,23,15,50,690,389,SIDOINE APPOLINAIRE,45.45537,4.4804,Plein jour,En agglomération,Intersection en X,Normale,Deux véhicules - côté,,,,,,,,,,,1,2,2,1,3.0
201600048536,0016-07-24 23:30:00,16,7,24,23,30,690,389,VALMY,,,Nuit avec éclairage allumé,En agglomération,Hors intersection,Normale,Deux véhicules - côté,,,,,,,,,,,5,2,1,1,3.0
201600048537,0016-07-23 20:30:00,16,7,23,20,30,690,385,BONAPARTE,45.45341,4.49429,Plein jour,En agglomération,Hors intersection,Normale,Autre collision,,,,,,,,,,,1,2,1,1,6.0
201600048538,0016-07-24 15:05:00,16,7,24,15,5,690,286,PIERRE MENDES FRANCE,45.81913,4.88261,Plein jour,En agglomération,Hors intersection,Normale,Autre collision,,,,,,,,,,,1,2,1,1,6.0
201600048539,0016-07-25 14:50:00,16,7,25,14,50,690,382,CORDELIERS (DES),,,Plein jour,En agglomération,Hors intersection,Normale,Deux véhicules - côté,,,,,,,,,,,1,2,1,1,3.0
201600048540,0016-07-26 08:35:00,16,7,26,8,35,690,385,"27, MACCHABEES (DES)",,,Plein jour,En agglomération,Hors intersection,Normale,Autre collision,,,,,,,,,,,1,2,1,1,6.0
201600048541,0016-07-26 09:30:00,16,7,26,9,30,690,389,PARIS (DE),,,Plein jour,En agglomération,Hors intersection,Normale,Autre collision,,,,,,,,,,,1,2,1,1,6.0
201600048542,0016-07-24 07:50:00,16,7,24,7,50,690,142,FONTANIERES (DE),43.0,4.0,Plein jour,En agglomération,Intersection en X,Normale,Deux véhicules - côté,,,,,,,,,,,1,2,2,1,3.0
201600048543,0016-07-27 15:30:00,16,7,27,15,30,690,381,"12, PECHERIE (DE LA)",45.45549,4.49527,Plein jour,En agglomération,Hors intersection,Normale,Autre collision,,,,,,,,,,,1,2,1,1,6.0
201600048544,0016-07-27 21:00:00,16,7,27,21,0,690,384,BELFORT (DE),,,Crépuscule ou aube,En agglomération,Hors intersection,Normale,Sans collision,,,,,,,,,,,2,2,1,1,7.0
201600048545,0016-07-27 12:10:00,16,7,27,12,10,690,149,BUSSIERE (DE LA),45.71905,4.80186,Plein jour,En agglomération,Intersection en X,Normale,Deux véhicules - côté,,,,,,,,,,,1,2,2,1,3.0
201600048546,0016-07-29 16:00:00,16,7,29,16,0,690,389,RAOUL CARRIE,45.48066,4.50187,Plein jour,En agglomération,Autre intersection,Normale,Deux véhicules - côté,,,,,,,,,,,1,2,9,1,3.0
201600048547,0016-07-30 02:30:00,16,7,30,2,30,690,389,"9, ARLOING",45.46243,4.483,Nuit avec éclairage allumé,En agglomération,Place,Normale,Deux véhicules - côté,,,,,,,,,,,5,2,7,1,3.0
201600048548,0016-07-30 14:22:00,16,7,30,14,22,690,286,ROUTE DU MAS RILLIER,45.8233,4.91394,Plein jour,Hors agglomération,Hors intersection,Pluie légère,Sans collision,,,,,,,,,,,1,1,1,2,7.0
201600048549,0016-07-30 21:30:00,16,7,30,21,30,690,286,"183, INDUSTRIE (DE L')",,,Nuit avec éclairage allumé,En agglomération,Hors intersection,Pluie forte,Deux véhicules - côté,,,,,,,,,,,5,2,1,3,3.0
201600048550,0016-07-30 19:45:00,16,7,30,19,45,690,149,PARMENTIER,45.71597,4.81125,Plein jour,En agglomération,Intersection en X,Pluie légère,Deux véhicules - côté,,,,,,,,,,,1,2,2,2,3.0
201600048551,0016-08-01 00:02:00,16,8,1,0,2,690,149,"04, VICTOR HUGO",,,Nuit avec éclairage allumé,En agglomération,Hors intersection,Normale,Autre collision,,,,,,,,,,,5,2,1,1,6.0
201600048552,0016-08-02 06:50:00,16,8,2,6,50,690,389,GARE D'EAU (DE LA),45.46497,4.48324,Plein jour,En agglomération,Intersection en X,Normale,Deux véhicules - côté,,,,,,,,,,,1,2,2,1,3.0
201600048553,0016-08-02 16:45:00,16,8,2,16,45,690,286,"982, ROUTE DU MAS RILLIE",,,Plein jour,En agglomération,Hors intersection,Normale,Trois véhicules et plus - collisions multiples,,,,,,,,,,,1,2,1,1,5.0
201600048554,0016-08-03 14:45:00,16,8,3,14,45,690,382,"5, BELLECOUR",45.45307,4.49543,Plein jour,En agglomération,Hors intersection,Normale,Autre collision,,,,,,,,,,,1,2,1,1,6.0
201600048555,0016-08-04 18:30:00,16,8,4,18,30,690,389,DAVID BEN GOURION,45.47112,4.47113,Plein jour,En agglomération,Hors intersection,Pluie forte,Deux véhicules - arrière,,,,,,,,,,,1,2,1,3,2.0
201600048556,0016-08-02 19:45:00,16,8,2,19,45,690,382,"13, VAUBECOUR",,,Plein jour,En agglomération,Hors intersection,Normale,Sans collision,,,,,,,,,,,1,2,1,1,7.0
201600048557,0016-08-05 10:55:00,16,8,5,10,55,690,389,"50, MARIETTON",,,Plein jour,En agglomération,Hors intersection,Normale,Autre collision,,,,,,,,,,,1,2,1,1,6.0
201600048558,0016-08-04 15:35:00,16,8,4,15,35,690,384,HERBOUVILLE (D'),,,Plein jour,En agglomération,Hors intersection,Normale,Deux véhicules - arrière,,,,,,,,,,,1,2,1,1,2.0
201600048559,0016-08-05 15:45:00,16,8,5,15,45,690,34,"4, GEORGES CLEMENCEAU",45.78983,4.82063,Plein jour,En agglomération,Hors intersection,Normale,Deux véhicules - arrière,,,,,,,,,,,1,2,1,1,2.0
201600048560,0016-08-05 20:25:00,16,8,5,20,25,690,382,ANTONIN GOURJU,,,Plein jour,En agglomération,Hors intersection,Normale,Deux véhicules - arrière,,,,,,,,,,,1,2,1,1,2.0
201600048561,0016-08-07 05:50:00,16,8,7,5,50,690,382,ENGHIEN (D'),45.45047,4.49331,Crépuscule ou aube,En agglomération,Intersection en X,Normale,Deux véhicules - côté,,,,,,,,,,,2,2,2,1,3.0
201600048562,0016-08-08 22:29:00,16,8,8,22,29,690,382,"13, GASPARIN",45.45339,4.5,Nuit avec éclairage allumé,En agglomération,Intersection en X,Normale,Deux véhicules - côté,,,,,,,,,,,5,2,2,1,3.0
201600048563,0016-08-11 10:00:00,16,8,11,10,0,690,34,"4, GEORGES CLEMENCEAU",45.78966,4.82044,Plein jour,En agglomération,Hors intersection,Normale,Autre collision,,,,,,,,,,,1,2,1,1,6.0
201600048564,0016-08-11 10:50:00,16,8,11,10,50,690,382,PRESIDENT EDOUARD HERRIO,45.45406,4.50028,Plein jour,En agglomération,Hors intersection,Normale,Autre collision,,,,,,,,,,,1,2,1,1,6.0
201600048565,0016-08-12 09:10:00,16,8,12,9,10,690,202,"86, COMMANDANT CHARCOT (",45.45018,,Plein jour,En agglomération,Intersection en T,Normale,Deux véhicules - côté,,,,,,,,,,,1,2,3,1,3.0
201600048566,0016-08-14 20:05:00,16,8,14,20,5,690,389,"8, DOCTEUR HORAND (DU)",,,Plein jour,En agglomération,Hors intersection,Normale,Autre collision,,,,,,,,,,,1,2,1,1,6.0
201600048567,0016-08-18 16:15:00,16,8,18,16,15,690,389,"79, GORGE DE LOUP",45.46092,4.48,Plein jour,Hors agglomération,Intersection en T,Normale,Autre collision,,,,,,,,,,,1,1,3,1,6.0
201600048568,0016-08-19 18:00:00,16,8,19,18,0,690,384,"50, PHILIPPE DE LASSALLE",45.46414,4.49137,Plein jour,En agglomération,Intersection en T,Normale,Autre collision,,,,,,,,,,,1,2,3,1,6.0
201600048569,0016-08-18 20:15:00,16,8,18,20,15,690,382,BICHAT,,,Crépuscule ou aube,En agglomération,Hors intersection,Normale,Deux véhicules - côté,,,,,,,,,,,2,2,1,1,3.0
201600048570,0016-08-20 12:45:00,16,8,20,12,45,690,81,"13, VERDUN (DE)",,,Plein jour,En agglomération,Hors intersection,Pluie forte,Autre collision,,,,,,,,,,,1,2,1,3,6.0
201600048571,0016-08-20 15:20:00,16,8,20,15,20,690,149,REPUBLIQUE (DE LA),45.0,,Plein jour,Hors agglomération,Intersection en T,Normale,Deux véhicules - côté,,,,,,,,,,,1,1,3,1,3.0
201600048572,0016-08-20 16:20:00,16,8,20,16,20,690,385,"101, CHOULANS (DE)",45.451,4.49015,Plein jour,En agglomération,Hors intersection,Pluie légère,Autre collision,,,,,,,,,,,1,2,1,2,6.0
201600048573,0016-08-22 14:00:00,16,8,22,14,0,690,149,BRIGNAIS (DE)      D 42,45.7193,4.77841,Plein jour,Hors agglomération,Intersection en T,Normale,Trois véhicules et plus - en chaîne,,,,,,,,,,,1,1,3,1,4.0
201600048574,0016-08-23 16:00:00,16,8,23,16,0,690,34,JEAN PETIT,45.80344,4.85969,Plein jour,En agglomération,Hors intersection,Normale,Autre collision,,,,,,,,,,,1,2,1,1,6.0
201600048575,0016-08-24 17:00:00,16,8,24,17,0,690,389,"17, ABBE PIERRE",45.47085,4.47416,Plein jour,En agglomération,Autre intersection,Normale,Autre collision,,,,,,,,,,,1,2,9,1,6.0
201600048576,0016-08-24 20:40:00,16,8,24,20,40,690,384,SERIN (DE),45.4627,4.48464,Crépuscule ou aube,En agglomération,Hors intersection,Normale,Deux véhicules - frontale,,,,,,,,,,,2,2,1,1,1.0
201600048577,0016-08-18 09:10:00,16,8,18,9,10,690,382,TONY TOLLET,,,Plein jour,En agglomération,Hors intersection,Pluie forte,Deux véhicules - arrière,,,,,,,,,,,1,2,1,3,2.0
201600048578,0016-08-25 17:00:00,16,8,25,17,0,690,34,"126, GENERAL DE GAULLE",45.81333,4.86072,Plein jour,En agglomération,Hors intersection,Normale,Trois véhicules et plus - en chaîne,,,,,,,,,,,1,2,1,1,4.0
201600048579,0016-08-26 11:35:00,16,8,26,11,35,690,385,"8, BONDY (DE)",45.46,4.49418,Plein jour,En agglomération,Hors intersection,Normale,Autre collision,,,,,,,,,,,1,2,1,1,6.0
201600048580,0016-08-25 21:10:00,16,8,25,21,10,690,384,"21, BELFORT (DE)",,,Nuit avec éclairage allumé,En agglomération,Intersection en X,Normale,Deux véhicules - côté,,,,,,,,,,,5,2,2,1,3.0
201600048581,0016-08-27 11:20:00,16,8,27,11,20,690,81,FRANKLIN ROOSEVELT,45.76627,4.76933,Plein jour,En agglomération,Intersection en X,Normale,Deux véhicules - côté,,,,,,,,,,,1,2,2,1,3.0
201600048582,0016-08-26 20:00:00,16,8,26,20,0,690,384,"36, PHILIPPE DE LASSALLE",45.46382,4.49142,Crépuscule ou aube,En agglomération,Intersection en X,Normale,Deux véhicules - côté,,,,,,,,,,,2,2,2,1,3.0
201600048583,0016-08-27 16:30:00,16,8,27,16,30,690,286,"30, ROUTE DE GENEVE",45.80561,4.88533,Plein jour,En agglomération,Hors intersection,Normale,Autre collision,,,,,,,,,,,1,2,1,1,6.0
201600048584,0016-08-30 07:45:00,16,8,30,7,45,690,34,"81 BIS, GEORGES CLEMENCE",45.47,4.49,Plein jour,En agglomération,Intersection en T,Normale,Autre collision,,,,,,,,,,,1,2,3,1,6.0
201600048585,0016-08-30 19:25:00,16,8,30,19,25,690,385,"55, PIERRE SCIZE",45.46005,4.49135,Plein jour,En agglomération,Hors intersection,Normale,Deux véhicules - frontale,,,,,,,,,,,1,2,1,1,1.0