accident_id,datetime,annee,mois,jour,heure,minute,departement,commune_insee,adresse,latitude,longitude,luminosite,agglomeration,intersection,meteo,collision,nb_vehicules,nb_usagers,nb_indemnes,nb_tues,nb_blesses_hosp,nb_blesses_legers,age_cond_1,age_cond_2,veh_type_cond_1,veh_type_cond_2,lum_code,agg_code,int_code,atm_code,col_code
201600048586,0016-08-30 17:00:00,16,8,30,17,0,690,384,"51, JOSEPH GILLET",45.46456,4.48419,Plein jour,En agglomération,Hors intersection,Normale,Deux véhicules - frontale,,,,,,,,,,,1,2,1,1,1.0
201600048587,0016-08-31 21:10:00,16,8,31,21,10,690,384,"32, JOSEPH GILLET",,,Plein jour,En agglomération,Hors intersection,Normale,Autre collision,,,,,,,,,,,1,2,1,1,6.0
201600048588,0016-08-25 17:15:00,16,8,25,17,15,690,152,"96, EUROPE (DE L')",45.70022,4.82299,Plein jour,En agglomération,Hors intersection,Normale,Deux véhicules - côté,,,,,,,,,,,1,2,1,1,3.0
201600048589,0016-09-02 02:00:00,16,9,2,2,0,690,381,"10, ANNONCIADE (DE L')",45.461,4.49373,Nuit avec éclairage allumé,En agglomération,Hors intersection,Normale,Autre collision,,,,,,,,,,,5,2,1,1,6.0
201600048590,0016-09-02 09:20:00,16,9,2,9,20,690,385,"26, FULCHIRON",45.45184,4.49271,Plein jour,En agglomération,Hors intersection,Normale,Autre collision,,,,,,,,,,,1,2,1,1,6.0
201600048591,0016-09-02 19:45:00,16,9,2,19,45,690,381,CARMELITES (DES),,,Plein jour,Hors agglomération,Intersection en X,Normale,Deux véhicules - côté,,,,,,,,,,,1,1,2,1,3.0
201600048592,0016-09-04 18:40:00,16,9,4,18,40,690,382,"46, DOCTEUR GAILLETON (D",,,Plein jour,En agglomération,Hors intersection,Normale,Sans collision,,,,,,,,,,,1,2,1,1,7.0
201600048593,0016-09-02 14:50:00,16,9,2,14,50,690,286,"1683, ROUTE DE STRASBOUR",,,Plein jour,En agglomération,Intersection en T,Normale,Deux véhicules - arrière,,,,,,,,,,,1,2,3,1,2.0
201600048594,0016-09-06 04:20:00,16,9,6,4,20,690,389,"84, SIDOINE APPOLINAIRE",,,Nuit avec éclairage allumé,En agglomération,Hors intersection,Normale,Autre collision,,,,,,,,,,,5,2,1,1,6.0
201600048595,0016-08-30 13:20:00,16,8,30,13,20,690,382,GENSOUL,,,Plein jour,En agglomération,Intersection en X,Normale,Deux véhicules - côté,,,,,,,,,,,1,2,2,1,3.0
201600048596,0016-09-08 11:35:00,16,9,8,11,35,690,389,SERGENT MICHEL BERTHET (,46.46219,4.48194,Plein jour,En agglomération,Intersection en T,Normale,Autre collision,,,,,,,,,,,1,2,3,1,6.0
201600048597,0016-09-07 19:25:00,16,9,7,19,25,690,286,"13, GENERAL LECLERC",45.81294,4.89744,Plein jour,En agglomération,Hors intersection,Normale,Sans collision,,,,,,,,,,,1,2,1,1,7.0
201600048598,0016-09-08 13:45:00,16,9,8,13,45,690,382,"84, PERRACHE",,,Plein jour,En agglomération,Intersection en X,Normale,Deux véhicules - frontale,,,,,,,,,,,1,2,2,1,1.0
201600048599,0016-09-08 18:00:00,16,9,8,18,0,690,385,"57, AQUEDUCS (DES)",45.45329,4.47286,Plein jour,En agglomération,Hors intersection,Normale,Autre collision,,,,,,,,,,,1,2,1,1,6.0
201600048600,0016-09-08 23:10:00,16,9,8,23,10,690,385,"191, JOLIOT CURIE",45.45125,4.46302,Nuit avec éclairage allumé,En agglomération,Hors intersection,Normale,Autre collision,,,,,,,,,,,5,2,1,1,6.0
201600048601,0016-09-08 23:00:00,16,9,8,23,0,690,389,HENRI BARBUSSE,,,Nuit avec éclairage allumé,En agglomération,Intersection à plus de 4 branches,Normale,Sans collision,,,,,,,,,,,5,2,5,1,7.0
201600048602,0016-09-09 14:40:00,16,9,9,14,40,690,385,"85, POINT DU JOUR (DU)",45.45232,7.536,Plein jour,En agglomération,Hors intersection,Normale,Sans collision,,,,,,,,,,,1,2,1,1,7.0
201600048603,0016-09-10 04:46:00,16,9,10,4,46,690,149,"3, GRANDE RUE",45.721,4.81122,Nuit avec éclairage allumé,En agglomération,Intersection en X,Normale,Deux véhicules - côté,,,,,,,,,,,5,2,2,1,3.0
201600048604,0016-09-08 08:30:00,16,9,8,8,30,690,389,"11, GARE D'EAU (DE LA)",45.46525,4.48281,Plein jour,En agglomération,Hors intersection,Normale,Deux véhicules - côté,,,,,,,,,,,1,2,1,1,3.0
201600048605,0016-09-12 21:15:00,16,9,12,21,15,690,385,"15, BARTHELEMY BUYER",45.45313,8.42,Nuit avec éclairage allumé,En agglomération,Intersection en X,Normale,Deux véhicules - côté,,,,,,,,,,,5,2,2,1,3.0
201600048606,0016-09-13 00:01:00,16,9,13,0,1,690,389,"37, ARLOING",,,Nuit avec éclairage allumé,En agglomération,Hors intersection,Normale,Deux véhicules - arrière,,,,,,,,,,,5,2,1,1,2.0
201600048607,0016-09-02 06:25:00,16,9,2,6,25,690,152,JULES GUESDE,45.69669,4.81175,Plein jour,En agglomération,Hors intersection,Normale,Deux véhicules - côté,,,,,,,,,,,1,2,1,1,3.0
201600048608,0016-09-13 18:20:00,16,9,13,18,20,690,389,ST CYR (DE),,,Plein jour,En agglomération,Intersection en X,Normale,Deux véhicules - frontale,,,,,,,,,,,1,2,2,1,1.0
201600048609,0016-09-13 16:55:00,16,9,13,16,55,690,385,"5, MACCHABEES (DES)",45.45214,4.49022,Plein jour,En agglomération,Hors intersection,Normale,Sans collision,,,,,,,,,,,1,2,1,1,7.0
201600048610,0016-09-13 17:16:00,16,9,13,17,16,690,142,PIERRE VICTOR GALTIER,45.73055,4.81508,Plein jour,Hors agglomération,Hors intersection,Normale,Autre collision,,,,,,,,,,,1,1,1,1,6.0
201600048611,0016-09-15 19:00:00,16,9,15,19,0,690,286,"18, EUROPE (DE L')",45.4847,5.3333,Plein jour,En agglomération,Hors intersection,Normale,Deux véhicules - côté,,,,,,,,,,,1,2,1,1,3.0
201600048612,0016-09-15 22:00:00,16,9,15,22,0,690,381,"1, JEAN MOULIN",,,Nuit avec éclairage allumé,En agglomération,Intersection en X,Normale,Trois véhicules et plus - collisions multiples,,,,,,,,,,,5,2,2,1,5.0
201600048613,0016-09-16 09:00:00,16,9,16,9,0,690,286,"2050, ROUTE DE STRASBOUR",45.81513,4.88941,Plein jour,En agglomération,Hors intersection,Pluie légère,Deux véhicules - côté,,,,,,,,,,,1,2,1,2,3.0
201600048614,0016-09-11 10:30:00,16,9,11,10,30,690,34,"21, SOLDATS (DES)",45.79736,4.85525,Plein jour,En agglomération,Hors intersection,Normale,Autre collision,,,,,,,,,,,1,2,1,1,6.0
201600048615,0016-09-16 00:05:00,16,9,16,0,5,690,389,"01, BAS DE LOYASSE (DU)",45.45495,4.48475,Nuit avec éclairage allumé,En agglomération,Intersection en T,Normale,Deux véhicules - côté,,,,,,,,,,,5,2,3,1,3.0
201600048616,0016-09-16 17:25:00,16,9,16,17,25,690,382,"27, TILSITT",,,Plein jour,En agglomération,Hors intersection,Normale,Deux véhicules - frontale,,,,,,,,,,,1,2,1,1,1.0
201600048617,0016-09-17 13:15:00,16,9,17,13,15,690,381,CARMELITES (DES),,,Plein jour,En agglomération,Autre intersection,Temps couvert,Autre collision,,,,,,,,,,,1,2,9,8,6.0
201600048618,0016-09-17 17:45:00,16,9,17,17,45,690,389,"6, SOURCES (DES)",45.47223,4.47128,Plein jour,En agglomération,Hors intersection,Pluie légère,Deux véhicules - côté,,,,,,,,,,,1,2,1,2,3.0
201600048619,0016-09-17 20:35:00,16,9,17,20,35,690,382,DOCTEUR GAILLETON (DU),,,Nuit avec éclairage allumé,En agglomération,Intersection en T,Pluie légère,Deux véhicules - côté,,,,,,,,,,,5,2,3,2,3.0
201600048620,0016-09-18 07:15:00,16,9,18,7,15,690,381,"61, ST VINCENT",,,Plein jour,Hors agglomération,Hors intersection,Normale,Deux véhicules - arrière,,,,,,,,,,,1,1,1,1,2.0
201600048621,0016-09-18 15:15:00,16,9,18,15,15,690,152,AUTOROUTE A 45,45.69366,4.82661,Plein jour,Hors agglomération,Hors intersection,Pluie légère,Sans collision,,,,,,,,,,,1,1,1,2,7.0
201600048622,0016-09-17 17:10:00,16,9,17,17,10,690,382,PAUL MONTROCHET,45.7398,4.81806,Plein jour,En agglomération,Hors intersection,Normale,Autre collision,,,,,,,,,,,1,2,1,1,6.0
201600048623,0016-09-19 07:25:00,16,9,19,7,25,690,202,BRAMAFAN (DE),45.73239,4.80386,Plein jour,En agglomération,Intersection en X,Normale,Deux véhicules - côté,,,,,,,,,,,1,2,2,1,3.0
201600048624,0016-09-20 11:05:00,16,9,20,11,5,690,385,"153, BARTHELEMY BUYER",45.76314,4.79702,Plein jour,En agglomération,Hors intersection,Normale,Autre collision,,,,,,,,,,,1,2,1,1,6.0
201600048625,0016-09-20 12:15:00,16,9,20,12,15,690,389,"56, ST PIERRE DE VAISE",45.77181,4.8042,Plein jour,En agglomération,Hors intersection,Normale,Autre collision,,,,,,,,,,,1,2,1,1,6.0
201600048626,0016-09-20 15:25:00,16,9,20,15,25,690,385,"1, TRINITE (DE LA)",45.75944,4.82546,Plein jour,En agglomération,Intersection à plus de 4 branches,Normale,Autre collision,,,,,,,,,,,1,2,5,1,6.0
201600048627,0016-09-21 19:35:00,16,9,21,19,35,690,385,SOEUR BOUVIER,45.75465,4.81243,Crépuscule ou aube,En agglomération,Intersection en X,Normale,Deux véhicules - côté,,,,,,,,,,,2,2,2,1,3.0
201600048628,0016-09-19 01:36:00,16,9,19,1,36,690,382,"1, JULES COURMONT",,,Nuit avec éclairage allumé,En agglomération,Intersection à plus de 4 branches,Normale,Deux véhicules - côté,,,,,,,,,,,5,2,5,1,3.0
201600048629,0016-09-08 17:00:00,16,9,8,17,0,690,381,TERME,45.76839,4.83194,Plein jour,En agglomération,Hors intersection,Normale,Autre collision,,,,,,,,,,,1,2,1,1,6.0
201600048630,0016-09-18 11:45:00,16,9,18,11,45,690,34,PASTEUR,45.79565,4.8479,Plein jour,En agglomération,Hors intersection,Pluie légère,Sans collision,,,,,,,,,,,1,2,1,2,7.0
201600048631,0016-09-22 18:00:00,16,9,22,18,0,690,389,", BEN GOURION   (AV)",45.78923,4.78901,Plein jour,En agglomération,Intersection en X,Normale,Deux véhicules - côté,,,,,,,,,,,1,2,2,1,3.0
201600048632,0016-09-22 18:30:00,16,9,22,18,30,690,34,AVENIR CROIX ROUSSIEN (D,,,Plein jour,En agglomération,Intersection en X,Normale,Deux véhicules - côté,,,,,,,,,,,1,2,2,1,3.0
201600048633,0016-09-23 16:55:00,16,9,23,16,55,690,389,SERGENT MICHEL BERTHET (,45.767,4.8054,Plein jour,En agglomération,Intersection en T,Normale,Deux véhicules - côté,,,,,,,,,,,1,2,3,1,3.0
201600048634,0016-09-23 17:45:00,16,9,23,17,45,690,202,"47, COMMANDANT CHARCOT (",,,Plein jour,En agglomération,Hors intersection,Normale,Deux véhicules - côté,,,,,,,,,,,1,2,1,1,3.0
201600048635,0016-09-24 12:35:00,16,9,24,12,35,690,34,"18, HENRI CHEVALIER",,,Plein jour,En agglomération,Hors intersection,Normale,Autre collision,,,,,,,,,,,1,2,1,1,6.0
201600048636,0016-09-24 19:50:00,16,9,24,19,50,690,389,"21, ARLOING",45.77237,4.81098,Crépuscule ou aube,En agglomération,Hors intersection,Normale,Deux véhicules - côté,,,,,,,,,,,2,2,1,1,3.0
201600048637,0016-09-25 10:27:00,16,9,25,10,27,690,382,"40, PLAT (DU)",,,Plein jour,En agglomération,Hors intersection,Normale,Deux véhicules - côté,,,,,,,,,,,1,2,1,1,3.0
201600048638,0016-09-25 15:50:00,16,9,25,15,50,690,34,"28, MARC SANGNIER",45.796,4.847,Plein jour,En agglomération,Hors intersection,Normale,Autre collision,,,,,,,,,,,1,2,1,1,6.0
201600048639,0016-09-27 06:40:00,16,9,27,6,40,690,149,"8, PETIT REVOYET (DU)",45.70907,4.80374,Nuit avec éclairage allumé,En agglomération,Hors intersection,Normale,Autre collision,,,,,,,,,,,5,2,1,1,6.0
201600048640,0016-09-28 17:20:00,16,9,28,17,20,690,385,"50 bis, FAVORITE (DE LA",45.75663,4.80729,Plein jour,En agglomération,Hors intersection,Normale,Deux véhicules - côté,,,,,,,,,,,1,2,1,1,3.0
201600048641,0016-09-28 20:00:00,16,9,28,20,0,690,149,JEAN JAURES,,,Nuit avec éclairage allumé,Hors agglomération,Hors intersection,Normale,Deux véhicules - frontale,,,,,,,,,,,5,1,1,1,1.0
201600048642,0016-09-29 08:11:00,16,9,29,8,11,690,389,"47, DOCKS (DES)",,,Plein jour,En agglomération,Autre intersection,Normale,Autre collision,,,,,,,,,,,1,2,9,1,6.0
201600048643,0016-09-29 15:30:00,16,9,29,15,30,690,286,"178, ROUTE DE STRASBOURG",,,Plein jour,En agglomération,Hors intersection,Normale,Deux véhicules - arrière,,,,,,,,,,,1,2,1,1,2.0
201600048644,0016-09-29 12:00:00,16,9,29,12,0,690,81,GRANDVAUX (DE),,,Plein jour,En agglomération,Giratoire,Normale,Deux véhicules - côté,,,,,,,,,,,1,2,6,1,3.0
201600048645,0016-09-30 13:30:00,16,9,30,13,30,690,389,"20, MASARYK",45.77899,4.80543,Plein jour,En agglomération,Hors intersection,Normale,Deux véhicules - arrière,,,,,,,,,,,1,2,1,1,2.0
201600048646,0016-10-01 10:30:00,16,10,1,10,30,690,384,BOUCLE (DE LA),45.77936,4.84098,Plein jour,En agglomération,Place,Pluie légère,Deux véhicules - arrière,,,,,,,,,,,1,2,7,2,2.0
201600048647,0016-10-03 13:15:00,16,10,3,13,15,690,81,"0, BON PASTEUR (DU)",45.78898,4.77781,Plein jour,En agglomération,Hors intersection,Normale,Autre collision,,,,,,,,,,,1,2,1,1,6.0
201600048648,0016-09-24 08:15:00,16,9,24,8,15,690,381,"13, JEAN MOULIN",,,Plein jour,Hors agglomération,Hors intersection,Normale,Deux véhicules - arrière,,,,,,,,,,,1,1,1,1,2.0
201600048649,0016-10-04 00:20:00,16,10,4,0,20,690,382,VUILLERME,,,Nuit avec éclairage allumé,En agglomération,Hors intersection,Normale,Autre collision,,,,,,,,,,,5,2,1,1,6.0
201600048650,0016-10-03 07:50:00,16,10,3,7,50,690,286,CASTELLANE,45.81272,4.89437,Plein jour,En agglomération,Intersection en T,Normale,Deux véhicules - arrière,,,,,,,,,,,1,2,3,1,2.0
201600048651,0016-10-04 11:10:00,16,10,4,11,10,690,381,MAJOR MARTIN (DU),45.76667,4.83274,Plein jour,En agglomération,Hors intersection,Normale,Autre collision,,,,,,,,,,,1,2,1,1,6.0
201600048652,0016-10-02 11:40:00,16,10,2,11,40,690,34,"30, ARISTIDE BRIAND",45.78332,4.8446,Plein jour,En agglomération,Hors intersection,Normale,Deux véhicules - côté,,,,,,,,,,,1,2,1,1,3.0
201600048653,0016-10-05 15:15:00,16,10,5,15,15,690,286,CHAMP ROY (DU),49.83024,4.90681,Plein jour,En agglomération,Intersection en X,Normale,Deux véhicules - côté,,,,,,,,,,,1,2,2,1,3.0
201600048654,0016-10-06 15:30:00,16,10,6,15,30,690,382,"40, DOCTEUR GAILLETON (D",,,Plein jour,En agglomération,Hors intersection,Normale,Deux véhicules - arrière,,,,,,,,,,,1,2,1,1,2.0
201600048655,0016-10-06 16:40:00,16,10,6,16,40,690,286,EUROPE (DE L'),45.81941,4.90736,Plein jour,En agglomération,Hors intersection,Normale,Deux véhicules - côté,,,,,,,,,,,1,2,1,1,3.0
201600048656,0016-10-05 18:30:00,16,10,5,18,30,690,34,GEORGES CLEMENCEAU,45.79165,4.82378,Plein jour,En agglomération,Hors intersection,Normale,Autre collision,,,,,,,,,,,1,2,1,1,6.0
201600048657,0016-10-07 08:40:00,16,10,7,8,40,690,389,"51 ter, ST CYR (DE)",45.78271,4.80728,Plein jour,En agglomération,Hors intersection,Normale,Deux véhicules - arrière,,,,,,,,,,,1,2,1,1,2.0
201600048658,0016-10-07 18:00:00,16,10,7,18,0,690,286,"1470, CHAMP ROY (DU)",,,Plein jour,En agglomération,Hors intersection,Normale,Deux véhicules - côté,,,,,,,,,,,1,2,1,1,3.0
201600048659,0016-10-08 01:15:00,16,10,8,1,15,690,149,"100, EMILE ZOLA",45.72129,4.79646,Nuit avec éclairage allumé,En agglomération,Hors intersection,Normale,Deux véhicules - frontale,,,,,,,,,,,5,2,1,1,1.0
201600048660,0016-10-06 07:15:00,16,10,6,7,15,690,34,VIADUC JOSEPH PICOT,,,Plein jour,Hors agglomération,Hors intersection,Normale,Deux véhicules - côté,,,,,,,,,,,1,1,1,1,3.0
201600048661,0016-10-10 07:40:00,16,10,10,7,40,690,81,"55, GUY DE COLLONGUE",,,Crépuscule ou aube,Hors agglomération,Hors intersection,Autre,Sans collision,,,,,,,,,,,2,1,1,9,7.0
201600048662,0016-10-10 12:40:00,16,10,10,12,40,690,152,"127, AMPERE",45.7012,4.81951,Plein jour,En agglomération,Hors intersection,Normale,Autre collision,,,,,,,,,,,1,2,1,1,6.0
201600048663,0016-10-10 17:30:00,16,10,10,17,30,690,142,MULATIERE (DE LA),45.73045,4.81517,Plein jour,Hors agglomération,Hors intersection,Normale,Deux véhicules - arrière,,,,,,,,,,,1,1,1,1,2.0
201600048664,0016-10-11 08:35:00,16,10,11,8,35,690,382,"14, REPUBLIQUE (DE LA)",,,Plein jour,En agglomération,Hors intersection,Normale,Deux véhicules - côté,,,,,,,,,,,1,2,1,1,3.0
201600048665,0016-10-11 08:40:00,16,10,11,8,40,690,142,STEPHANE DECHANT,45.72721,4.8148,Plein jour,En agglomération,Hors intersection,Normale,Deux véhicules - côté,,,,,,,,,,,1,2,1,1,3.0
201600048666,0016-10-12 09:30:00,16,10,12,9,30,690,385,"7, FULCHIRON",45.75822,4.82647,Plein jour,En agglomération,Hors intersection,Normale,Deux véhicules - arrière,,,,,,,,,,,1,2,1,1,2.0
201600048667,0016-10-12 14:03:00,16,10,12,14,3,690,149,"109, EMILE ZOLA",45.71978,4.8003,Plein jour,En agglomération,Hors intersection,Normale,Autre collision,,,,,,,,,,,1,2,1,1,6.0
201600048668,0016-10-13 07:40:00,16,10,13,7,40,690,152,JEAN MOULIN,45.69695,4.81221,Nuit avec éclairage allumé,En agglomération,Intersection en T,Pluie légère,Autre collision,,,,,,,,,,,5,2,3,2,6.0
201600048669,0016-10-12 17:30:00,16,10,12,17,30,690,34,GARE DE CUIRE (DE LA),45.78639,4.83003,Plein jour,En agglomération,Intersection à plus de 4 branches,Normale,Autre collision,,,,,,,,,,,1,2,5,1,6.0
201600048670,0016-10-10 11:05:00,16,10,10,11,5,690,381,TERME,45.7883,4.83193,Plein jour,En agglomération,Hors intersection,Normale,Deux véhicules - frontale,,,,,,,,,,,1,2,1,1,1.0
201600048671,0016-10-10 12:05:00,16,10,10,12,5,690,385,"25, ROMAIN ROLLAND",45.7606,4.82845,Plein jour,En agglomération,Hors intersection,Normale,Deux véhicules - côté,,,,,,,,,,,1,2,1,1,3.0
201600048672,0016-10-14 15:30:00,16,10,14,15,30,690,385,"82, CHOULANS (DE)",45.75452,4.81799,Plein jour,En agglomération,Hors intersection,Pluie forte,Deux véhicules - frontale,,,,,,,,,,,1,2,1,3,1.0
201600048673,0016-10-14 16:04:00,16,10,14,16,4,690,385,"58 bis, POINT DU JOUR (D",45.75653,4.79845,Plein jour,En agglomération,Hors intersection,Pluie légère,Deux véhicules - côté,,,,,,,,,,,1,2,1,2,3.0
201600048674,0016-10-14 19:55:00,16,10,14,19,55,690,382,"25, CARNOT",45.45066,4.49383,Nuit avec éclairage allumé,En agglomération,Intersection en X,Temps couvert,Autre collision,,,,,,,,,,,5,2,2,8,6.0
201600048675,0016-10-14 18:00:00,16,10,14,18,0,690,389,"207, 25EME REGIMENT DE T",,,Plein jour,En agglomération,Hors intersection,Pluie légère,Deux véhicules - arrière,,,,,,,,,,,1,2,1,2,2.0
201600048676,0016-10-15 07:30:00,16,10,15,7,30,690,381,JEAN MOULIN,,,Crépuscule ou aube,En agglomération,Hors intersection,Normale,Autre collision,,,,,,,,,,,2,2,1,1,6.0
201600048677,0016-10-15 16:40:00,16,10,15,16,40,690,382,PLAT (DU),,,Plein jour,En agglomération,Intersection en X,Normale,Autre collision,,,,,,,,,,,1,2,2,1,6.0
201600048678,0016-10-15 14:40:00,16,10,15,14,40,690,286,"0, ROUTE DE STRASBOURG",,,Plein jour,Hors agglomération,Hors intersection,Normale,Deux véhicules - frontale,,,,,,,,,,,1,1,1,1,1.0
201600048679,0016-10-16 06:00:00,16,10,16,6,0,690,381,"12, ST VINCENT",45.76768,4.81938,Nuit avec éclairage allumé,En agglomération,Hors intersection,Normale,Autre collision,,,,,,,,,,,5,2,1,1,6.0
201600048680,0016-10-16 09:15:00,16,10,16,9,15,690,389,DOCTEURS CORDIER (DES),,,Plein jour,En agglomération,Intersection en T,Normale,Deux véhicules - frontale,,,,,,,,,,,1,2,3,1,1.0
201600048681,0016-10-16 16:20:00,16,10,16,16,20,690,389,PORT MOUTON (DU),,,Plein jour,En agglomération,Hors intersection,Normale,Deux véhicules - arrière,,,,,,,,,,,1,2,1,1,2.0
201600048682,0016-10-17 17:45:00,16,10,17,17,45,690,389,"10, CORDERIE (DE LA)",45.77699,4.80536,Plein jour,En agglomération,Hors intersection,Normale,Autre collision,,,,,,,,,,,1,2,1,1,6.0
201600048683,0016-10-18 07:30:00,16,10,18,7,30,690,34,"27, GEORGES CLEMENCEAU",,,Crépuscule ou aube,En agglomération,Hors intersection,Normale,Deux véhicules - côté,,,,,,,,,,,2,2,1,1,3.0
201600048684,0016-10-18 08:30:00,16,10,18,8,30,690,389,"17, COMMERCE (DU)",45.78178,4.81015,Plein jour,Hors agglomération,Hors intersection,Normale,Deux véhicules - côté,,,,,,,,,,,1,1,1,1,3.0
201600048685,0016-10-18 16:35:00,16,10,18,16,35,690,149,"109, EMILE ZOLA",45.71974,4.80029,Plein jour,En agglomération,Hors intersection,Normale,Autre collision,,,,,,,,,,,1,2,1,1,6.0
201600048686,0016-10-19 12:30:00,16,10,19,12,30,690,34,GENERAL DE GAULLE,45.80829,4.85636,Plein jour,En agglomération,Intersection en T,Normale,Deux véhicules - côté,,,,,,,,,,,1,2,3,1,3.0
201600048687,0016-10-18 16:55:00,16,10,18,16,55,690,286,ROUTE DE FONTAINE,,,Plein jour,Hors agglomération,Hors intersection,Normale,Sans collision,,,,,,,,,,,1,1,1,1,7.0
201600048688,0016-10-21 01:45:00,16,10,21,1,45,690,384,BIRMINGHAM (DE),45.77,4.8113,Nuit avec éclairage allumé,En agglomération,Hors intersection,Normale,Deux véhicules - côté,,,,,,,,,,,5,2,1,1,3.0
201600048689,0016-10-21 06:40:00,16,10,21,6,40,690,202,"13, CLAUDE JUSSEAUD",45.74,4.8,Nuit avec éclairage allumé,En agglomération,Hors intersection,Normale,Autre collision,,,,,,,,,,,5,2,1,1,6.0
201600048690,0016-10-14 20:15:00,16,10,14,20,15,690,385,"31, POINT DU JOUR (DU)",45.75564,4.80422,Nuit avec éclairage allumé,En agglomération,Intersection en T,Pluie légère,Deux véhicules - côté,,,,,,,,,,,5,2,3,2,3.0
201600048691,0016-10-22 02:45:00,16,10,22,2,45,690,382,GUILLOTIERE (DE LA),,,Nuit avec éclairage allumé,En agglomération,Hors intersection,Normale,Deux véhicules - frontale,,,,,,,,,,,5,2,1,1,1.0
201600048692,0016-10-05 16:00:00,16,10,5,16,0,690,381,"05, MARIE ANNE LEROUDIER",45.77223,4.82098,Plein jour,En agglomération,Hors intersection,Normale,Autre collision,,,,,,,,,,,1,2,1,1,6.0
201600048693,0016-10-25 10:00:00,16,10,25,10,0,690,389,"29, SIDOINE APPOLINAIRE",45.7728,4.7957,Plein jour,En agglomération,Hors intersection,Pluie forte,Deux véhicules - côté,,,,,,,,,,,1,2,1,3,3.0
201600048694,0016-10-25 18:40:00,16,10,25,18,40,690,385,"5, FAVORITE (DE LA )",45.75784,4.81204,Nuit avec éclairage allumé,En agglomération,Hors intersection,Pluie légère,Autre collision,,,,,,,,,,,5,2,1,2,6.0
201600048695,0016-10-25 23:10:00,16,10,25,23,10,690,389,MARIETTON,45.77642,4.79676,Nuit avec éclairage allumé,En agglomération,Intersection en T,Pluie légère,Deux véhicules - côté,,,,,,,,,,,5,2,3,2,3.0
201600048696,0016-10-26 12:15:00,16,10,26,12,15,690,202,"44, RAZES (DES)",45.7352,4.78201,Plein jour,En agglomération,Hors intersection,Pluie légère,Deux véhicules - frontale,,,,,,,,,,,1,2,1,2,1.0
201600048697,0016-10-26 14:01:00,16,10,26,14,1,690,385,"18, BELISSEN (DE)",45.74795,4.77604,Plein jour,En agglomération,Hors intersection,Normale,Deux véhicules - arrière,,,,,,,,,,,1,2,1,1,2.0
201600048698,0016-10-26 17:50:00,16,10,26,17,50,690,389,PAUL SEDAILLIAN,,,Plein jour,En agglomération,Hors intersection,Normale,Autre collision,,,,,,,,,,,1,2,1,1,6.0
201600048699,0016-10-27 12:35:00,16,10,27,12,35,690,34,"85, ST CLAIR (DE)",45.78,4.85,Plein jour,En agglomération,Hors intersection,Normale,Deux véhicules - arrière,,,,,,,,,,,1,2,1,1,2.0
201600048700,0016-10-27 20:30:00,16,10,27,20,30,690,384,GEORGES CLEMENCEAU,,,Nuit avec éclairage allumé,En agglomération,Hors intersection,Normale,Autre collision,,,,,,,,,,,5,2,1,1,6.0
201600048701,0016-10-30 15:00:00,16,10,30,15,0,690,382,JULES COURMONT,,,Plein jour,En agglomération,Hors intersection,Normale,Deux véhicules - côté,,,,,,,,,,,1,2,1,1,3.0
201600048702,0016-10-30 13:35:00,16,10,30,13,35,690,385,"36, FULCHIRON",45.75291,4.82275,Plein jour,En agglomération,Hors intersection,Normale,Deux véhicules - côté,,,,,,,,,,,1,2,1,1,3.0
201600048703,0016-10-31 15:30:00,16,10,31,15,30,690,382,"11, CELESTINS (DES)",45.75982,4.83037,Plein jour,Hors agglomération,Intersection en T,Normale,Deux véhicules - côté,,,,,,,,,,,1,1,3,1,3.0
201600048704,0016-11-01 11:15:00,16,11,1,11,15,690,385,DOCTEUR ALBERIC PONT (DU,45.75392,4.79812,Plein jour,En agglomération,Intersection en Y,Normale,Deux véhicules - côté,,,,,,,,,,,1,2,4,1,3.0
201600048705,0016-11-02 13:25:00,16,11,2,13,25,690,384,"95, CROIX-ROUSSE (GRANDE",,,Plein jour,En agglomération,Hors intersection,Normale,Deux véhicules - arrière,,,,,,,,,,,1,2,1,1,2.0
201600048706,0016-11-03 11:30:00,16,11,3,11,30,690,389,"8, JAYR",,,Plein jour,En agglomération,Hors intersection,Normale,Deux véhicules - côté,,,,,,,,,,,1,2,1,1,3.0
201600048707,0016-11-04 14:30:00,16,11,4,14,30,690,381,"30, JEAN BAPTISTE SAY",45.77292,4.83211,Plein jour,En agglomération,Hors intersection,Temps couvert,Autre collision,,,,,,,,,,,1,2,1,8,6.0
201600048708,0016-11-05 19:05:00,16,11,5,19,5,690,385,"59, TRION (DE)",45.75724,4.8153,Nuit avec éclairage allumé,En agglomération,Intersection en T,Pluie forte,Autre collision,,,,,,,,,,,5,2,3,3,6.0
201600048709,0016-11-05 20:30:00,16,11,5,20,30,690,149,"111, JEAN JAURES",45.71156,4.81999,Nuit avec éclairage allumé,En agglomération,Intersection en T,Pluie forte,Deux véhicules - côté,,,,,,,,,,,5,2,3,3,3.0
201600048710,0016-11-07 02:10:00,16,11,7,2,10,690,142,"93, STEPHANE DECHANT",,,Nuit avec éclairage allumé,En agglomération,Hors intersection,Pluie légère,Deux véhicules - frontale,,,,,,,,,,,5,2,1,2,1.0
201600048711,0016-11-08 09:50:00,16,11,8,9,50,690,389,DAVID BEN GOURION,,,Plein jour,En agglomération,Intersection en T,Normale,Deux véhicules - côté,,,,,,,,,,,1,2,3,1,3.0