accident_id,datetime,annee,mois,jour,heure,minute,departement,commune_insee,adresse,latitude,longitude,luminosite,agglomeration,intersection,meteo,collision,nb_vehicules,nb_usagers,nb_indemnes,nb_tues,nb_blesses_hosp,nb_blesses_legers,age_cond_1,age_cond_2,veh_type_cond_1,veh_type_cond_2,lum_code,agg_code,int_code,atm_code,col_code
201600048712,0016-11-08 12:05:00,16,11,8,12,5,690,382,"44, PRESIDENT EDOUARD HE",45.76483,4.83429,Plein jour,En agglomération,Hors intersection,Normale,Autre collision,,,,,,,,,,,1,2,1,1,6.0
201600048713,0016-11-10 10:00:00,16,11,10,10,0,690,81,"29, DOCTEUR TERVER (DU)",,,Plein jour,En agglomération,Intersection en X,Pluie légère,Deux véhicules - côté,,,,,,,,,,,1,2,2,2,3.0
201600048714,0016-11-08 09:14:00,16,11,8,9,14,690,34,PIERRE DREVET,45.80769,4.87197,Plein jour,En agglomération,Hors intersection,Normale,Sans collision,,,,,,,,,,,1,2,1,1,7.0
201600048715,0016-11-13 13:20:00,16,11,13,13,20,690,385,JOLIOT CURIE,45.75468,4.78847,Plein jour,En agglomération,Intersection en X,Pluie légère,Deux véhicules - côté,,,,,,,,,,,1,2,2,2,3.0
201600048716,0016-11-13 14:00:00,16,11,13,14,0,690,34,"15, GENERAL DE GAULLE",45.8,4.85,Plein jour,En agglomération,Hors intersection,Temps couvert,Deux véhicules - côté,,,,,,,,,,,1,2,1,8,3.0
201600048717,0016-11-12 18:40:00,16,11,12,18,40,690,34,"4, GEORGES CLEMENCEAU",45.78976,4.82061,Crépuscule ou aube,En agglomération,Hors intersection,Normale,Sans collision,,,,,,,,,,,2,2,1,1,7.0
201600048718,0016-11-15 20:30:00,16,11,15,20,30,690,382,JULES COURMONT,,,Nuit avec éclairage allumé,Hors agglomération,Intersection en X,Normale,Deux véhicules - côté,,,,,,,,,,,5,1,2,1,3.0
201600048719,0016-11-09 19:15:00,16,11,9,19,15,690,152,MURIERS (DES),45.69514,4.82517,Nuit avec éclairage allumé,En agglomération,Hors intersection,Pluie légère,Deux véhicules - côté,,,,,,,,,,,5,2,1,2,3.0
201600048720,0016-11-16 17:50:00,16,11,16,17,50,690,34,FRANCOIS PEISSEL,,,Plein jour,En agglomération,Hors intersection,Normale,Autre collision,,,,,,,,,,,1,2,1,1,6.0
201600048721,0016-11-16 19:40:00,16,11,16,19,40,690,382,"27, DOCTEUR GAILLETON (D",45.7529,4.83341,Nuit avec éclairage allumé,En agglomération,Hors intersection,Pluie légère,Deux véhicules - côté,,,,,,,,,,,5,2,1,2,3.0
201600048722,0016-11-17 17:40:00,16,11,17,17,40,690,385,"10, MENIVAL (DE)",45.75683,4.78002,Nuit avec éclairage allumé,En agglomération,Hors intersection,Normale,Deux véhicules - frontale,,,,,,,,,,,5,2,1,1,1.0
201600048723,0016-11-12 12:00:00,16,11,12,12,0,690,381,"30, ST VINCENT",45.76839,4.82408,Plein jour,En agglomération,Hors intersection,Normale,Trois véhicules et plus - collisions multiples,,,,,,,,,,,1,2,1,1,5.0
201600048724,0016-11-18 04:45:00,16,11,18,4,45,690,381,"21, ROMARIN",,,Nuit avec éclairage allumé,En agglomération,Hors intersection,Normale,Autre collision,,,,,,,,,,,5,2,1,1,6.0
201600048725,0016-11-18 09:00:00,16,11,18,9,0,690,389,"41, SIDOINE APPOLINAIRE",45.772,4.79617,Plein jour,En agglomération,Hors intersection,Pluie légère,Autre collision,,,,,,,,,,,1,2,1,2,6.0
201600048726,0016-11-18 10:30:00,16,11,18,10,30,690,389,"3, TANNEURS (DES)",45.77494,4.80579,Plein jour,En agglomération,Hors intersection,Pluie légère,Sans collision,,,,,,,,,,,1,2,1,2,7.0
201600048727,0016-11-18 17:15:00,16,11,18,17,15,690,286,ROUTE DE STRASBOURG D 48,45.81652,4.89059,Crépuscule ou aube,En agglomération,Hors intersection,Normale,Autre collision,,,,,,,,,,,2,2,1,1,6.0
201600048728,0016-11-19 11:40:00,16,11,19,11,40,690,286,MAURICE RAVEL,,,Plein jour,En agglomération,Hors intersection,Normale,Autre collision,,,,,,,,,,,1,2,1,1,6.0
201600048729,0016-11-20 21:05:00,16,11,20,21,5,690,385,"22, PAUL DUQUAIRE",45.76183,4.82864,Nuit avec éclairage allumé,En agglomération,Hors intersection,Normale,Sans collision,,,,,,,,,,,5,2,1,1,7.0
201600048730,0016-11-11 10:45:00,16,11,11,10,45,690,34,GEORGES CLEMENCEAU,,,Plein jour,En agglomération,Intersection en T,Normale,Deux véhicules - côté,,,,,,,,,,,1,2,3,1,3.0
201600048731,0016-11-21 17:40:00,16,11,21,17,40,690,384,"120, CROIX-ROUSSE (DE LA",,,Nuit avec éclairage allumé,En agglomération,Hors intersection,Normale,Autre collision,,,,,,,,,,,5,2,1,1,6.0
201600048732,0016-11-22 10:15:00,16,11,22,10,15,690,286,"1-3, GENERAL LECLERC",45.81736,4.9038,Plein jour,En agglomération,Hors intersection,Pluie légère,Deux véhicules - côté,,,,,,,,,,,1,2,1,2,3.0
201600048733,0016-11-05 20:40:00,16,11,5,20,40,690,382,JULES COURMONT,,,Nuit avec éclairage allumé,En agglomération,Hors intersection,Pluie forte,Deux véhicules - arrière,,,,,,,,,,,5,2,1,3,2.0
201600048734,0016-11-22 20:00:00,16,11,22,20,0,690,286,"23, EUROPE (DE L')",,,Nuit avec éclairage allumé,En agglomération,Hors intersection,Normale,Sans collision,,,,,,,,,,,5,2,1,1,7.0
201600048735,0016-11-24 08:25:00,16,11,24,8,25,690,384,LOUIS THEVENET,,,Plein jour,En agglomération,Autre intersection,Pluie légère,Autre collision,,,,,,,,,,,1,2,9,2,6.0
201600048736,0016-11-24 17:10:00,16,11,24,17,10,690,385,"120, PIERRE VALDO",45.74974,4.78339,Nuit avec éclairage allumé,En agglomération,Intersection en X,Temps couvert,Deux véhicules - côté,,,,,,,,,,,5,2,2,8,3.0
201600048737,0016-11-25 16:10:00,16,11,25,16,10,690,81,"17 bis, CERISIERS (DES)",45.78491,4.79,Plein jour,En agglomération,Hors intersection,Normale,Autre collision,,,,,,,,,,,1,2,1,1,6.0
201600048738,0016-11-25 17:30:00,16,11,25,17,30,690,381,"30, CROIX ROUSSE (DE LA)",45.77282,4.82121,Nuit avec éclairage non allumé,En agglomération,Hors intersection,Normale,Autre collision,,,,,,,,,,,4,2,1,1,6.0
201600048739,0016-11-25 19:30:00,16,11,25,19,30,690,385,"101, BARTHELEMY BUYER",45.7616,4.80341,Nuit avec éclairage allumé,En agglomération,Hors intersection,Normale,Autre collision,,,,,,,,,,,5,2,1,1,6.0
201600048740,0016-11-26 10:10:00,16,11,26,10,10,690,381,"10, JEAN MOULIN",45.76623,4.83807,Plein jour,En agglomération,Hors intersection,Normale,Deux véhicules - côté,,,,,,,,,,,1,2,1,1,3.0
201600048741,0016-10-16 04:50:00,16,10,16,4,50,690,152,", HENRI MOISSAN",45.7066,4.8251,Nuit avec éclairage allumé,En agglomération,Hors intersection,Normale,Autre collision,,,,,,,,,,,5,2,1,1,6.0
201600048742,0016-11-28 16:46:00,16,11,28,16,46,690,381,TUNNEL ROUTIER DE LA CRO,,,Crépuscule ou aube,En agglomération,Hors intersection,Normale,Trois véhicules et plus - collisions multiples,,,,,,,,,,,2,2,1,1,5.0
201600048743,0016-11-28 17:30:00,16,11,28,17,30,690,286,"26, VICTOR HUGO",45.81909,4.89347,Nuit sans éclairage public,En agglomération,Hors intersection,Normale,Deux véhicules - côté,,,,,,,,,,,3,2,1,1,3.0
201600048744,0016-11-28 19:45:00,16,11,28,19,45,690,389,"4, PAUL SEDAILLIAN",45.79717,4.8288,Nuit avec éclairage allumé,En agglomération,Hors intersection,Normale,Trois véhicules et plus - en chaîne,,,,,,,,,,,5,2,1,1,4.0
201600048745,0016-11-29 16:00:00,16,11,29,16,0,690,382,"19, BICHAT",,,Plein jour,En agglomération,Hors intersection,Normale,Autre collision,,,,,,,,,,,1,2,1,1,6.0
201600048746,0016-11-29 19:00:00,16,11,29,19,0,690,389,LAURE DIEBOLD,45.77901,4.79657,Nuit avec éclairage allumé,En agglomération,Intersection en T,Normale,Autre collision,,,,,,,,,,,5,2,3,1,6.0
201600048747,0016-12-01 13:00:00,16,12,1,13,0,690,382,REPUBLIQUE (DE LA),,,Plein jour,En agglomération,Hors intersection,Normale,Autre collision,,,,,,,,,,,1,2,1,1,6.0
201600048748,0016-12-02 08:20:00,16,12,2,8,20,690,389,"3, ROQUETTE",45.7758,4.8058,Plein jour,En agglomération,Hors intersection,Normale,Deux véhicules - arrière,,,,,,,,,,,1,2,1,1,2.0
201600048749,0016-11-30 15:10:00,16,11,30,15,10,690,34,"93, STRASBOURG (DE)",45.79786,4.87588,Plein jour,En agglomération,Hors intersection,Normale,Deux véhicules - frontale,,,,,,,,,,,1,2,1,1,1.0
201600048750,0016-12-02 18:50:00,16,12,2,18,50,690,286,"2855, ROUTE DE STRASBOUR",,,Nuit avec éclairage allumé,En agglomération,Hors intersection,Normale,Trois véhicules et plus - en chaîne,,,,,,,,,,,5,2,1,1,4.0
201600048751,0016-12-05 19:05:00,16,12,5,19,5,690,286,CASTELLANE,,,Nuit avec éclairage allumé,En agglomération,Hors intersection,Normale,Sans collision,,,,,,,,,,,5,2,1,1,7.0
201600048752,0016-12-06 07:50:00,16,12,6,7,50,690,149,", PRESIDENT EDOUARD HERR",45.71793,4.81004,Crépuscule ou aube,En agglomération,Intersection en T,Normale,Autre collision,,,,,,,,,,,2,2,3,1,6.0
201600048753,0016-12-08 10:25:00,16,12,8,10,25,690,385,"16, FRANCOIS GENIN",45.75437,4.79614,Plein jour,En agglomération,Intersection en X,Normale,Autre collision,,,,,,,,,,,1,2,2,1,6.0
201600048754,0016-12-09 10:55:00,16,12,9,10,55,690,382,"18, TILSITT",45.4524,4.49363,Plein jour,En agglomération,Hors intersection,Normale,Deux véhicules - arrière,,,,,,,,,,,1,2,1,1,2.0
201600048755,0016-12-10 09:50:00,16,12,10,9,50,690,389,"34, DOCTEUR HORAND (DU)",,,Plein jour,En agglomération,Hors intersection,Normale,Autre collision,,,,,,,,,,,1,2,1,1,6.0
201600048756,0016-12-10 14:20:00,16,12,10,14,20,690,385,"5, TRION (DE)",45.7581,4.8125,Plein jour,En agglomération,Place,Normale,Autre collision,,,,,,,,,,,1,2,7,1,6.0
201600048757,0016-12-11 09:40:00,16,12,11,9,40,690,34,PERIPHERIQUE NORD,,,Plein jour,Hors agglomération,Hors intersection,Normale,Deux véhicules - arrière,,,,,,,,,,,1,1,1,1,2.0
201600048758,0016-12-12 17:20:00,16,12,12,17,20,690,81,"56, PROFESSEUR PAUL SANT",45.77011,4.76995,Nuit avec éclairage allumé,En agglomération,Hors intersection,Normale,Deux véhicules - côté,,,,,,,,,,,5,2,1,1,3.0
201600048759,0016-12-12 18:25:00,16,12,12,18,25,690,382,"7, CORDELIERS (DES)",45.45484,4.50124,Nuit avec éclairage allumé,En agglomération,Hors intersection,Normale,Deux véhicules - arrière,,,,,,,,,,,5,2,1,1,2.0
201600048760,0016-12-11 13:20:00,16,12,11,13,20,690,381,JEAN MOULIN,,,Plein jour,En agglomération,Autre intersection,Normale,Deux véhicules - côté,,,,,,,,,,,1,2,9,1,3.0
201600048761,0016-12-13 06:40:00,16,12,13,6,40,690,202,"36, AQUEDUC DE BEAUNANT",45.72186,4.78862,Nuit sans éclairage public,En agglomération,Hors intersection,Normale,Deux véhicules - arrière,,,,,,,,,,,3,2,1,1,2.0
201600048762,0016-12-13 09:40:00,16,12,13,9,40,690,34,COSTE,,,Plein jour,En agglomération,Intersection en T,Normale,Deux véhicules - frontale,,,,,,,,,,,1,2,3,1,1.0
201600048763,0016-12-13 14:30:00,16,12,13,14,30,690,286,SERMENAZ (DE),45.8235,4.9161,Plein jour,En agglomération,Giratoire,Normale,Deux véhicules - côté,,,,,,,,,,,1,2,6,1,3.0
201600048764,0016-12-13 17:20:00,16,12,13,17,20,690,389,"40, BALMONT (DE)",,,Nuit avec éclairage allumé,En agglomération,Intersection en T,Normale,Autre collision,,,,,,,,,,,5,2,3,1,6.0
201600048765,0016-12-14 13:20:00,16,12,14,13,20,690,34,"10, JEAN PETIT",,,Plein jour,En agglomération,Hors intersection,Brouillard / fumée,Autre collision,,,,,,,,,,,1,2,1,5,6.0
201600048766,0016-12-14 15:40:00,16,12,14,15,40,690,389,"44, JOANNES CARRET",,,Plein jour,En agglomération,Hors intersection,Normale,Trois véhicules et plus - en chaîne,,,,,,,,,,,1,2,1,1,4.0
201600048767,0016-12-15 07:40:00,16,12,15,7,40,690,385,"32, CASTORS (DES)",45.753,4.8,Crépuscule ou aube,Hors agglomération,Hors intersection,Normale,Sans collision,,,,,,,,,,,2,1,1,1,7.0
201600048768,0016-12-16 12:20:00,16,12,16,12,20,690,389,"90, BARTHELEMY BUYER",45.76381,4.79574,Plein jour,En agglomération,Hors intersection,Normale,Autre collision,,,,,,,,,,,1,2,1,1,6.0
201600048769,0016-12-17 01:30:00,16,12,17,1,30,690,381,DE LATTRE DE TASSIGNY,,,Nuit avec éclairage allumé,En agglomération,Hors intersection,Brouillard / fumée,Deux véhicules - frontale,,,,,,,,,,,5,2,1,5,1.0
201600048770,0016-12-17 19:30:00,16,12,17,19,30,690,286,"3097, ROUTE DE STRASBOUR",,,Nuit avec éclairage allumé,En agglomération,Hors intersection,Brouillard / fumée,Deux véhicules - arrière,,,,,,,,,,,5,2,1,5,2.0
201600048771,0016-12-19 07:30:00,16,12,19,7,30,690,149,"11, EMILE ZOLA",,,Nuit avec éclairage allumé,En agglomération,Hors intersection,Pluie légère,Autre collision,,,,,,,,,,,5,2,1,2,6.0
201600048772,0016-12-21 14:45:00,16,12,21,14,45,690,389,"109, MARIETTON",45.4632,4.474,Plein jour,En agglomération,Intersection en T,Normale,Deux véhicules - côté,,,,,,,,,,,1,2,3,1,3.0
201600048773,0016-12-23 08:35:00,16,12,23,8,35,690,389,"2, PARIS (DE)",,,Plein jour,En agglomération,Hors intersection,Normale,Deux véhicules - arrière,,,,,,,,,,,1,2,1,1,2.0
201600048774,0016-12-23 07:15:00,16,12,23,7,15,690,385,"153, BARTHELEMY BUYER",45.76361,4.7954,Nuit avec éclairage allumé,En agglomération,Intersection en T,Normale,Deux véhicules - frontale,,,,,,,,,,,5,2,3,1,1.0
201600048775,0016-12-22 19:30:00,16,12,22,19,30,690,286,8 MAI 1945 (DU),45.81373,4.87966,Nuit avec éclairage allumé,En agglomération,Intersection en T,Normale,Deux véhicules - côté,,,,,,,,,,,5,2,3,1,3.0
201600048776,0016-12-22 19:33:00,16,12,22,19,33,690,286,"28, EUROPE (DE L')",,,Nuit avec éclairage allumé,En agglomération,Hors intersection,Normale,Autre collision,,,,,,,,,,,5,2,1,1,6.0
201600048777,0016-12-24 21:00:00,16,12,24,21,0,690,381,JEAN MOULIN,,,Nuit avec éclairage allumé,En agglomération,Hors intersection,Normale,Autre collision,,,,,,,,,,,5,2,1,1,6.0
201600048778,0016-12-25 13:00:00,16,12,25,13,0,690,34,"87, PASTEUR",45.79278,4.8447,Plein jour,En agglomération,Hors intersection,Normale,Deux véhicules - côté,,,,,,,,,,,1,2,1,1,3.0
201600048779,0016-12-23 03:40:00,16,12,23,3,40,690,382,"41, DOCTEUR GAILLETON (D",45.75055,4.83179,Nuit avec éclairage allumé,En agglomération,Hors intersection,Pluie légère,Deux véhicules - arrière,,,,,,,,,,,5,2,1,2,2.0
201600048780,0016-12-28 19:40:00,16,12,28,19,40,690,286,"3255, ROUTE DE STRASBOUR",,,Nuit avec éclairage allumé,En agglomération,Hors intersection,Temps couvert,Autre collision,,,,,,,,,,,5,2,1,8,6.0
201600048781,0016-12-19 20:50:00,16,12,19,20,50,690,149,"9, PIERRE SEMARD",45.71735,4.81061,Nuit avec éclairage allumé,En agglomération,Hors intersection,Normale,Autre collision,,,,,,,,,,,5,2,1,1,6.0
201600048782,0016-12-30 21:30:00,16,12,30,21,30,690,34,ST CLAIR (DE),,,Nuit avec éclairage non allumé,En agglomération,Hors intersection,Normale,Autre collision,,,,,,,,,,,4,2,1,1,6.0
201600048783,0016-12-29 13:50:00,16,12,29,13,50,690,286,BOTTET (DU),,,Plein jour,En agglomération,Hors intersection,Normale,Deux véhicules - côté,,,,,,,,,,,1,2,1,1,3.0
201600048784,0016-12-14 00:05:00,16,12,14,0,5,590,603,AUTOROUTE A2,50.34021,3.46916,Nuit sans éclairage public,Hors agglomération,Hors intersection,Normale,Autre collision,,,,,,,,,,,3,1,1,1,6.0
201600048785,0016-12-16 08:35:00,16,12,16,8,35,590,458,AUTOROUTE A23,50.56411,3.16476,Plein jour,Hors agglomération,Hors intersection,Normale,Deux véhicules - arrière,,,,,,,,,,,1,1,1,1,2.0
201600048786,0016-12-25 07:45:00,16,12,25,7,45,590,350,AUTOROUTE A25,50.6223,3.02396,Nuit sans éclairage public,Hors agglomération,Hors intersection,Normale,Autre collision,,,,,,,,,,,3,1,1,1,6.0
201600048787,0016-12-28 19:45:00,16,12,28,19,45,590,43,AUTOROUTE A25,50.73063,2.7051,Nuit sans éclairage public,Hors agglomération,Hors intersection,Brouillard / fumée,Autre collision,,,,,,,,,,,3,1,1,5,6.0
201600048788,0016-06-09 11:50:00,16,6,9,11,50,590,202,AUTOROUTE A25,50.68065,2.85001,Plein jour,Hors agglomération,Hors intersection,Normale,Sans collision,,,,,,,,,,,1,1,1,1,7.0
201600048789,0016-11-24 17:50:00,16,11,24,17,50,590,196,ROUTE DEPARTEMENTALE 652,50.63206,2.96332,Nuit avec éclairage allumé,Hors agglomération,Hors intersection,Normale,Sans collision,,,,,,,,,,,5,1,1,1,7.0
201600048790,0016-01-04 13:00:00,16,1,4,13,0,590,346,ROUTE NATIONALE 227,50.6031,3.1311,Plein jour,Hors agglomération,Hors intersection,Normale,Sans collision,,,,,,,,,,,1,1,1,1,7.0
201600048791,0016-01-07 13:30:00,16,1,7,13,30,590,9,ROUTE NATIONALE 227,50.64813,3.14552,Plein jour,Hors agglomération,Hors intersection,Normale,Sans collision,,,,,,,,,,,1,1,1,1,7.0
201600048792,0016-01-01 04:25:00,16,1,1,4,25,590,508,AUTOROUTE A22,50.45021,3.08433,Nuit sans éclairage public,Hors agglomération,Hors intersection,Normale,Autre collision,,,,,,,,,,,3,1,1,1,6.0
201600048793,0016-01-14 09:20:00,16,1,14,9,20,590,196,AUTOROUTE A25,50.63638,2.94352,Plein jour,Hors agglomération,Hors intersection,Pluie légère,Trois véhicules et plus - en chaîne,,,,,,,,,,,1,1,1,2,4.0
201600048794,0016-01-14 20:00:00,16,1,14,20,0,590,491,AUTOROUTE A23,50.38841,3.457,Plein jour,Hors agglomération,Hors intersection,Brouillard / fumée,Trois véhicules et plus - collisions multiples,,,,,,,,,,,1,1,1,5,5.0
201600048795,0016-01-21 07:05:00,16,1,21,7,5,590,196,AUTOROUTE A25,,,Nuit sans éclairage public,Hors agglomération,Hors intersection,Vent fort / tempête,Autre collision,,,,,,,,,,,3,1,1,6,6.0
201600048796,0016-01-18 04:00:00,16,1,18,4,0,620,427,AUTOROUTE A1,,,Nuit sans éclairage public,Hors agglomération,Hors intersection,Normale,Trois véhicules et plus - collisions multiples,,,,,,,,,,,3,1,1,1,5.0
201600048797,0016-01-15 18:25:00,16,1,15,18,25,590,580,AUTOROUTE A25,,,Nuit sans éclairage public,Hors agglomération,Hors intersection,Pluie légère,Trois véhicules et plus - collisions multiples,,,,,,,,,,,3,1,1,2,5.0
201600048798,0016-01-24 12:45:00,16,1,24,12,45,590,646,AUTOROUTE A22,50.68293,3.08329,Plein jour,Hors agglomération,Hors intersection,Normale,Sans collision,,,,,,,,,,,1,1,1,1,7.0
201600048799,0016-01-27 18:05:00,16,1,27,18,5,590,523,AUTOROUTE A27,50.59855,3.14917,Nuit sans éclairage public,Hors agglomération,Hors intersection,Pluie légère,Deux véhicules - arrière,,,,,,,,,,,3,1,1,2,2.0
201600048800,0016-01-29 04:05:00,16,1,29,4,5,590,9,ROUTE NATIONALE 227,50.64844,3.145,Nuit avec éclairage non allumé,Hors agglomération,Hors intersection,Normale,Sans collision,,,,,,,,,,,4,1,1,1,7.0
201600048801,0016-02-15 21:20:00,16,2,15,21,20,590,378,AUTOROUTE A22,50.68516,3.11122,Nuit sans éclairage public,Hors agglomération,Hors intersection,Normale,Autre collision,,,,,,,,,,,3,1,1,1,6.0
201600048802,0016-02-12 20:05:00,16,2,12,20,5,590,475,AUTOROUTE A2,50.19322,3.25582,Nuit sans éclairage public,Hors agglomération,Hors intersection,Normale,Trois véhicules et plus - en chaîne,,,,,,,,,,,3,1,1,1,4.0
201600048803,0016-02-16 18:50:00,16,2,16,18,50,590,410,ROUTE NATIONALE 356,50.38202,3.05278,Nuit sans éclairage public,Hors agglomération,Hors intersection,Normale,Sans collision,,,,,,,,,,,3,1,1,1,7.0
201600048804,0016-01-31 14:30:00,16,1,31,14,30,590,646,ROUTE DEPARTEMENTALE 652,50.67905,3.1253,Plein jour,Hors agglomération,Hors intersection,Pluie légère,Sans collision,,,,,,,,,,,1,1,1,2,7.0
201600048805,0016-02-01 00:10:00,16,2,1,0,10,620,498,AUTOROUTE A211,50.42405,2.83055,Nuit avec éclairage allumé,Hors agglomération,Hors intersection,Pluie légère,Sans collision,,,,,,,,,,,5,1,1,2,7.0
201600048806,0016-02-04 16:10:00,16,2,4,16,10,590,94,AUTOROUTE A16,50.95863,2.1748,Plein jour,Hors agglomération,Hors intersection,Pluie légère,Deux véhicules - arrière,,,,,,,,,,,1,1,1,2,2.0
201600048807,0016-02-15 17:30:00,16,2,15,17,30,620,274,AUTOROUTE A21,50.42919,2.97972,Crépuscule ou aube,Hors agglomération,Hors intersection,Normale,Deux véhicules - côté,,,,,,,,,,,2,1,1,1,3.0
201600048808,0016-02-09 22:50:00,16,2,9,22,50,590,360,AUTOROUTE A25,50.62136,3.01983,Nuit sans éclairage public,Hors agglomération,Hors intersection,Normale,Trois véhicules et plus - collisions multiples,,,,,,,,,,,3,1,1,1,5.0
201600048809,0016-02-06 20:15:00,16,2,6,20,15,590,343,AUTOROUTE A1,50.60058,3.11941,Nuit sans éclairage public,Hors agglomération,Hors intersection,Normale,Trois véhicules et plus - en chaîne,,,,,,,,,,,3,1,1,1,4.0
201600048810,0016-02-06 22:07:00,16,2,6,22,7,590,431,AUTOROUTE A25,50.69008,2.82063,Nuit sans éclairage public,Hors agglomération,Hors intersection,Normale,Deux véhicules - frontale,,,,,,,,,,,3,1,1,1,1.0
201600048811,0016-02-07 06:20:00,16,2,7,6,20,590,350,AUTOROUTE A25,50.61611,3.07477,Nuit avec éclairage allumé,Hors agglomération,Hors intersection,Pluie légère,Trois véhicules et plus - collisions multiples,,,,,,,,,,,5,1,1,2,5.0
201600048812,0016-02-19 15:20:00,16,2,19,15,20,590,507,AUTOROUTE A1,50.61116,3.09058,Plein jour,Hors agglomération,Hors intersection,Normale,Trois véhicules et plus - collisions multiples,,,,,,,,,,,1,1,1,1,5.0
201600048813,0016-03-05 15:00:00,16,3,5,15,0,590,350,ROUTE NATIONALE 356,50.62122,3.08247,Plein jour,Hors agglomération,Hors intersection,Temps couvert,Sans collision,,,,,,,,,,,1,1,1,8,7.0
201600048814,0016-03-06 02:20:00,16,3,6,2,20,590,350,AUTOROUTE A1,50.62013,3.0818,Nuit avec éclairage allumé,Hors agglomération,Hors intersection,Pluie légère,Sans collision,,,,,,,,,,,5,1,1,2,7.0
201600048815,0016-03-12 16:15:00,16,3,12,16,15,620,274,AUTOROUTE A21,50.43023,2.9635,Plein jour,Hors agglomération,Hors intersection,Normale,Deux véhicules - arrière,,,,,,,,,,,1,1,1,1,2.0
201600048816,0016-02-28 07:30:00,16,2,28,7,30,590,350,ROUTE NATIONALE 356,50.62124,3.0826,Plein jour,Hors agglomération,Hors intersection,Normale,Deux véhicules - arrière,,,,,,,,,,,1,1,1,1,2.0
201600048817,0016-02-29 12:40:00,16,2,29,12,40,590,569,AUTOROUTE A21,50.38393,3.13221,Plein jour,Hors agglomération,Hors intersection,Normale,Trois véhicules et plus - collisions multiples,,,,,,,,,,,1,1,1,1,5.0
201600048818,0016-02-29 23:20:00,16,2,29,23,20,590,462,AUTOROUTE A1,50.51433,3.33685,Nuit avec éclairage allumé,Hors agglomération,Hors intersection,Normale,Sans collision,,,,,,,,,,,5,1,1,1,7.0
201600048819,0016-03-04 01:45:00,16,3,4,1,45,590,646,ROUTE DEPARTEMENTALE 652,50.67324,3.11431,Nuit avec éclairage allumé,Hors agglomération,Hors intersection,Normale,Autre collision,,,,,,,,,,,5,1,1,1,6.0
201600048820,0016-03-10 21:30:00,16,3,10,21,30,590,350,ROUTE NATIONALE 356,50.63744,3.08967,Nuit avec éclairage allumé,Hors agglomération,Hors intersection,Normale,Sans collision,,,,,,,,,,,5,1,1,1,7.0
201600048821,0016-03-11 17:30:00,16,3,11,17,30,590,360,AUTOROUTE A25,50.3715,3.0157,Plein jour,Hors agglomération,Hors intersection,Normale,Autre collision,,,,,,,,,,,1,1,1,1,6.0
201600048822,0016-03-19 22:20:00,16,3,19,22,20,590,90,AUTOROUTE A22,50.70755,3.12169,Nuit sans éclairage public,Hors agglomération,Hors intersection,Normale,Deux véhicules - arrière,,,,,,,,,,,3,1,1,1,2.0
201600048823,0016-03-20 16:20:00,16,3,20,16,20,620,249,AUTOROUTE A21,,,Plein jour,Hors agglomération,Hors intersection,Normale,Deux véhicules - arrière,,,,,,,,,,,1,1,1,1,2.0
201600048824,0016-03-20 17:00:00,16,3,20,17,0,590,143,AUTOROUTE A25,50.67716,2.85802,Plein jour,Hors agglomération,Hors intersection,Normale,Sans collision,,,,,,,,,,,1,1,1,1,7.0
201600048825,0016-03-20 18:45:00,16,3,20,18,45,590,196,AUTOROUTE A25,50.63722,2.94136,Plein jour,Hors agglomération,Hors intersection,Normale,Sans collision,,,,,,,,,,,1,1,1,1,7.0
201600048826,0016-04-05 08:15:00,16,4,5,8,15,590,646,ROUTE DEPARTEMENTALE 656,50.67983,3.12741,Plein jour,Hors agglomération,Hors intersection,Normale,Sans collision,,,,,,,,,,,1,1,1,1,7.0
201600048827,0016-04-05 14:20:00,16,4,5,14,20,620,274,AUTOROUTE A1,,,Plein jour,Hors agglomération,Hors intersection,Normale,Sans collision,,,,,,,,,,,1,1,1,1,7.0
201600048828,0016-04-10 16:35:00,16,4,10,16,35,590,343,AUTOROUTE A1,50.58163,3.08911,Plein jour,Hors agglomération,Hors intersection,Normale,Trois véhicules et plus - en chaîne,,,,,,,,,,,1,1,1,1,4.0
201600048829,0016-03-25 17:45:00,16,3,25,17,45,620,274,AUTOROUTE A21,,,Plein jour,Hors agglomération,Hors intersection,Normale,Trois véhicules et plus - en chaîne,,,,,,,,,,,1,1,1,1,4.0
201600048830,0016-03-28 11:15:00,16,3,28,11,15,590,195,ROUTE DEPARTEMENTALE 652,50.62933,2.95856,Plein jour,Hors agglomération,Hors intersection,Pluie légère,Autre collision,,,,,,,,,,,1,1,1,2,6.0
201600048831,0016-03-31 05:10:00,16,3,31,5,10,620,193,AUTOROUTE A16,,,Nuit avec éclairage allumé,Hors agglomération,Hors intersection,Normale,Sans collision,,,,,,,,,,,5,1,1,1,7.0
201600048832,0016-04-13 11:10:00,16,4,13,11,10,590,128,ROUTE DEPARTEMENTALE 652,50.64061,2.96841,Plein jour,Hors agglomération,Hors intersection,Pluie légère,Trois véhicules et plus - en chaîne,,,,,,,,,,,1,1,1,2,4.0