accident_id,datetime,annee,mois,jour,heure,minute,departement,commune_insee,adresse,latitude,longitude,luminosite,agglomeration,intersection,meteo,collision,nb_vehicules,nb_usagers,nb_indemnes,nb_tues,nb_blesses_hosp,nb_blesses_legers,age_cond_1,age_cond_2,veh_type_cond_1,veh_type_cond_2,lum_code,agg_code,int_code,atm_code,col_code
201600048833,0016-04-06 10:20:00,16,4,6,10,20,590,271,AUTOROUTE A16,51.00294,2.30113,Plein jour,Hors agglomération,Hors intersection,Normale,Deux véhicules - arrière,,,,,,,,,,,1,1,1,1,2.0
201600048834,0016-04-10 10:45:00,16,4,10,10,45,620,528,AUTOROUTE A21,,,Plein jour,Hors agglomération,Hors intersection,Normale,Sans collision,,,,,,,,,,,1,1,1,1,7.0
201600048835,0016-04-23 09:15:00,16,4,23,9,15,590,459,AUTOROUTE A23,50.37908,3.46894,Plein jour,Hors agglomération,Hors intersection,Normale,Sans collision,,,,,,,,,,,1,1,1,1,7.0
201600048836,0016-04-27 20:57:00,16,4,27,20,57,620,852,AUTOROUTE A16,,,Plein jour,Hors agglomération,Hors intersection,Normale,Sans collision,,,,,,,,,,,1,1,1,1,7.0
201600048837,0016-04-30 12:45:00,16,4,30,12,45,590,123,AUTOROUTE A1,50.49741,3.00261,Plein jour,Hors agglomération,Hors intersection,Normale,Sans collision,,,,,,,,,,,1,1,1,1,7.0
201600048838,0016-04-22 09:20:00,16,4,22,9,20,590,350,AUTOROUTE A25,50.61602,3.07086,Plein jour,Hors agglomération,Hors intersection,Normale,Trois véhicules et plus - collisions multiples,,,,,,,,,,,1,1,1,1,5.0
201600048839,0016-05-04 23:40:00,16,5,4,23,40,590,234,AUTOROUTE A21,50.40224,3.06116,Nuit sans éclairage public,Hors agglomération,Hors intersection,Normale,Sans collision,,,,,,,,,,,3,1,1,1,7.0
201600048840,0016-05-15 18:45:00,16,5,15,18,45,590,195,ROUTE DEPARTEMENTALE 652,50.62661,2.95894,Plein jour,Hors agglomération,Hors intersection,Normale,Sans collision,,,,,,,,,,,1,1,1,1,7.0
201600048841,0016-05-18 20:55:00,16,5,18,20,55,590,195,AUTOROUTE A25,50.37172,2.58173,Plein jour,Hors agglomération,Hors intersection,Temps couvert,Sans collision,,,,,,,,,,,1,1,1,8,7.0
201600048842,0016-05-26 07:50:00,16,5,26,7,50,620,637,AUTOROUTE A1,50.46916,2.97713,Plein jour,Hors agglomération,Hors intersection,Normale,Autre collision,,,,,,,,,,,1,1,1,1,6.0
201600048843,0016-05-30 09:05:00,16,5,30,9,5,590,9,ROUTE NATIONALE 227,50.62085,3.13465,Plein jour,Hors agglomération,Hors intersection,Normale,Sans collision,,,,,,,,,,,1,1,1,1,7.0
201600048844,0016-05-30 09:05:00,16,5,30,9,5,590,523,AUTOROUTE A27,50.59811,3.14413,Plein jour,Hors agglomération,Hors intersection,Normale,Deux véhicules - arrière,,,,,,,,,,,1,1,1,1,2.0
201600048845,0016-05-31 12:20:00,16,5,31,12,20,590,449,AUTOROUTE A23,50.47128,3.22686,Plein jour,Hors agglomération,Hors intersection,Normale,Autre collision,,,,,,,,,,,1,1,1,1,6.0
201600048846,0016-05-01 14:00:00,16,5,1,14,0,590,507,AUTOROUTE A1,50.60765,3.09597,Plein jour,Hors agglomération,Hors intersection,Normale,Autre collision,,,,,,,,,,,1,1,1,1,6.0
201600048847,0016-05-08 00:20:00,16,5,8,0,20,620,274,AUTOROUTE A21,50.42952,2.97193,Nuit sans éclairage public,Hors agglomération,Hors intersection,Normale,Sans collision,,,,,,,,,,,3,1,1,1,7.0
201600048848,0016-05-10 22:10:00,16,5,10,22,10,590,360,AUTOROUTE A25,50.61696,2.99442,Nuit avec éclairage allumé,Hors agglomération,Hors intersection,Pluie légère,Sans collision,,,,,,,,,,,5,1,1,2,7.0
201600048849,0016-05-11 23:30:00,16,5,11,23,30,590,9,ROUTE NATIONALE 227,50.64761,3.14642,Nuit avec éclairage allumé,Hors agglomération,Hors intersection,Pluie légère,Sans collision,,,,,,,,,,,5,1,1,2,7.0
201600048850,0016-05-28 04:55:00,16,5,28,4,55,620,193,AUTOROUTE A16,50.93625,1.9151,Nuit avec éclairage allumé,Hors agglomération,Hors intersection,Normale,Sans collision,,,,,,,,,,,5,1,1,1,7.0
201600048851,0016-05-07 05:20:00,16,5,7,5,20,590,9,Rte Nationale RN227,50.64728,3.14651,Nuit avec éclairage allumé,Hors agglomération,Hors intersection,Normale,Sans collision,,,,,,,,,,,5,1,1,1,7.0
201600048852,0016-05-05 06:30:00,16,5,5,6,30,590,155,AUTOROUTE A16,51.01304,2.38151,Plein jour,Hors agglomération,Hors intersection,Normale,Deux véhicules - arrière,,,,,,,,,,,1,1,1,1,2.0
201600048853,0016-05-28 11:10:00,16,5,28,11,10,590,383,AUTOROUTE A2,50.33674,3.54545,Plein jour,Hors agglomération,Hors intersection,Normale,Autre collision,,,,,,,,,,,1,1,1,1,6.0
201600048854,0016-05-03 14:00:00,16,5,3,14,0,590,350,AUTOROUTE A25,,,Plein jour,Hors agglomération,Hors intersection,Normale,Deux véhicules - arrière,,,,,,,,,,,1,1,1,1,2.0
201600048855,0016-05-05 08:30:00,16,5,5,8,30,590,260,AUTOROUTE A16,51.0448,2.52879,Plein jour,Hors agglomération,Hors intersection,Normale,Deux véhicules - arrière,,,,,,,,,,,1,1,1,1,2.0
201600048856,0016-07-01 05:05:00,16,7,1,5,5,590,43,AUTOROUTE A25,50.72519,2.72869,Nuit sans éclairage public,Hors agglomération,Hors intersection,Pluie légère,Autre collision,,,,,,,,,,,3,1,1,2,6.0
201600048857,0016-07-01 07:40:00,16,7,1,7,40,590,346,ROUTE NATIONALE 227,50.60572,3.12986,Plein jour,Hors agglomération,Hors intersection,Temps couvert,Autre collision,,,,,,,,,,,1,1,1,8,6.0
201600048858,0016-07-01 20:30:00,16,7,1,20,30,590,479,AUTOROUTE A2,50.38826,3.61223,Plein jour,Hors agglomération,Hors intersection,Pluie forte,Autre collision,,,,,,,,,,,1,1,1,3,6.0
201600048859,0016-07-04 07:50:00,16,7,4,7,50,590,80,AUTOROUTE A23,50.456,3.28608,Plein jour,Hors agglomération,Hors intersection,Normale,Autre collision,,,,,,,,,,,1,1,1,1,6.0
201600048860,0016-07-04 17:00:00,16,7,4,17,0,590,603,AUTOROUTE A2,50.34007,3.49353,Plein jour,Hors agglomération,Hors intersection,Temps couvert,Trois véhicules et plus - en chaîne,,,,,,,,,,,1,1,1,8,4.0
201600048861,0016-07-09 18:00:00,16,7,9,18,0,620,274,AUTOROUTE A1,,,Plein jour,Hors agglomération,Hors intersection,Temps éblouissant,Autre collision,,,,,,,,,,,1,1,1,7,6.0
201600048862,0016-07-10 12:45:00,16,7,10,12,45,590,143,AUTOROUTE A25,50.66549,2.88362,Plein jour,Hors agglomération,Hors intersection,Normale,Autre collision,,,,,,,,,,,1,1,1,1,6.0
201600048863,0016-07-13 03:30:00,16,7,13,3,30,590,560,AUTOROUTE A1,50.54734,3.05802,Nuit avec éclairage non allumé,Hors agglomération,Hors intersection,Normale,Sans collision,,,,,,,,,,,4,1,1,1,7.0
201600048864,0016-07-19 11:45:00,16,7,19,11,45,590,146,AUTOROUTE A27,50.6018,3.20425,Plein jour,Hors agglomération,Hors intersection,Normale,Trois véhicules et plus - en chaîne,,,,,,,,,,,1,1,1,1,4.0
201600048865,0016-07-20 20:30:00,16,7,20,20,30,590,343,ROUTE NATIONALE 227,50.60317,3.12989,Plein jour,Hors agglomération,Hors intersection,Normale,Autre collision,,,,,,,,,,,1,1,1,1,6.0
201600048866,0016-06-01 22:25:00,16,6,1,22,25,590,479,AUTOROUTE A2,50.39329,3.61381,Nuit sans éclairage public,Hors agglomération,Hors intersection,Normale,Deux véhicules - frontale,,,,,,,,,,,3,1,1,1,1.0
201600048867,0016-06-01 17:45:00,16,6,1,17,45,590,523,AUTOROUTE A27,50.59862,3.15002,Plein jour,Hors agglomération,Hors intersection,Normale,Trois véhicules et plus - en chaîne,,,,,,,,,,,1,1,1,1,4.0
201600048868,0016-06-06 08:30:00,16,6,6,8,30,590,462,AUTOROUTE A1,50.50833,3.0251,Plein jour,Hors agglomération,Hors intersection,Normale,Sans collision,,,,,,,,,,,1,1,1,1,7.0
201600048869,0016-06-06 08:30:00,16,6,6,8,30,590,586,AUTOROUTE A23,50.53992,3.19667,Plein jour,Hors agglomération,Hors intersection,Normale,Deux véhicules - arrière,,,,,,,,,,,1,1,1,1,2.0
201600048870,0016-06-08 07:40:00,16,6,8,7,40,590,271,AUTOROUTE A16,51.00319,2.33238,Plein jour,Hors agglomération,Hors intersection,Normale,Deux véhicules - arrière,,,,,,,,,,,1,1,1,1,2.0
201600048871,0016-06-12 00:35:00,16,6,12,0,35,590,327,AUTOROUTE A 21,50.37836,3.1771,Nuit sans éclairage public,Hors agglomération,Hors intersection,Pluie légère,Sans collision,,,,,,,,,,,3,1,1,2,7.0
201600048872,0016-06-28 16:20:00,16,6,28,16,20,590,288,AUTOROUTE A2,50.32273,3.4279,Plein jour,Hors agglomération,Hors intersection,Normale,Trois véhicules et plus - en chaîne,,,,,,,,,,,1,1,1,1,4.0
201600048873,0016-06-17 17:15:00,16,6,17,17,15,590,288,AUTOROUTE A2,50.31783,3.41666,Plein jour,Hors agglomération,Hors intersection,Normale,Deux véhicules - arrière,,,,,,,,,,,1,1,1,1,2.0
201600048874,0016-06-19 19:45:00,16,6,19,19,45,590,479,AUTOROUTE A2,50.37835,3.60798,Plein jour,Hors agglomération,Hors intersection,Normale,Autre collision,,,,,,,,,,,1,1,1,1,6.0
201600048875,0016-06-22 03:15:00,16,6,22,3,15,620,510,AUTOROUTE A21,50.4378,2.75634,Nuit sans éclairage public,Hors agglomération,Hors intersection,Normale,Autre collision,,,,,,,,,,,3,1,1,1,6.0
201600048876,0016-06-23 08:00:00,16,6,23,8,0,590,378,ROUTE NATIONALE 356,50.65494,3.10775,Plein jour,Hors agglomération,Hors intersection,Pluie légère,Deux véhicules - arrière,,,,,,,,,,,1,1,1,2,2.0
201600048877,0016-06-25 01:10:00,16,6,25,1,10,590,479,AUTOROUTE A2,50.37835,3.60798,Nuit sans éclairage public,Hors agglomération,Hors intersection,Normale,Sans collision,,,,,,,,,,,3,1,1,1,7.0
201600048878,0016-06-25 04:30:00,16,6,25,4,30,620,548,AUTOROUTE A16,50.93701,1.95413,Nuit sans éclairage public,Hors agglomération,Hors intersection,Normale,Autre collision,,,,,,,,,,,3,1,1,1,6.0
201600048879,0016-07-20 08:45:00,16,7,20,8,45,590,606,AUTOROUTE A2,50.33942,3.49691,Plein jour,Hors agglomération,Hors intersection,Normale,Autre collision,,,,,,,,,,,1,1,1,1,6.0
201600048880,0016-07-24 09:50:00,16,7,24,9,50,590,350,AUTOROUTE A25,50.61592,3.07145,Plein jour,Hors agglomération,Hors intersection,Normale,Sans collision,,,,,,,,,,,1,1,1,1,7.0
201600048881,0016-07-20 13:50:00,16,7,20,13,50,590,588,AUTOROUTE A16,51.02853,2.42814,Plein jour,Hors agglomération,Hors intersection,Normale,Trois véhicules et plus - en chaîne,,,,,,,,,,,1,1,1,1,4.0
201600048882,0016-07-23 16:35:00,16,7,23,16,35,590,340,AUTOROUTE A16,51.03716,2.44027,Plein jour,Hors agglomération,Hors intersection,Normale,Trois véhicules et plus - collisions multiples,,,,,,,,,,,1,1,1,1,5.0
201600048883,0016-07-24 16:15:00,16,7,24,16,15,590,588,AUTOROUTE A16,51.02884,2.42875,Plein jour,Hors agglomération,Hors intersection,Normale,Trois véhicules et plus - en chaîne,,,,,,,,,,,1,1,1,1,4.0
201600048884,0016-07-29 00:05:00,16,7,29,0,5,590,179,AUTOROUTE A2,50.30771,3.38363,Nuit sans éclairage public,Hors agglomération,Hors intersection,Pluie légère,Sans collision,,,,,,,,,,,3,1,1,2,7.0
201600048885,0016-08-02 09:00:00,16,8,2,9,0,620,274,AUTOROUTE A1,50.43312,2.97851,Plein jour,Hors agglomération,Hors intersection,Normale,Deux véhicules - arrière,,,,,,,,,,,1,1,1,1,2.0
201600048886,0016-08-06 06:55:00,16,8,6,6,55,590,378,ROUTE DEPARTEMENTALE 652,50.68475,3.09553,Plein jour,Hors agglomération,Hors intersection,Normale,Trois véhicules et plus - en chaîne,,,,,,,,,,,1,1,1,1,4.0
201600048887,0016-08-07 02:00:00,16,8,7,2,0,590,205,AUTOROUTE A 21,50.32761,3.33569,Nuit sans éclairage public,Hors agglomération,Hors intersection,Normale,Sans collision,,,,,,,,,,,3,1,1,1,7.0
201600048888,0016-07-13 10:00:00,16,7,13,10,0,590,523,AUTOROUTE A23,50.59433,3.14706,Plein jour,Hors agglomération,Hors intersection,Pluie légère,Deux véhicules - arrière,,,,,,,,,,,1,1,1,2,2.0
201600048889,0016-07-11 01:20:00,16,7,11,1,20,620,634,AUTOROUTE A16,,,Nuit sans éclairage public,Hors agglomération,Hors intersection,Normale,Deux véhicules - frontale,,,,,,,,,,,3,1,1,1,1.0
201600048890,0016-07-16 07:00:00,16,7,16,7,0,590,143,AUTOROUTE A25,50.65909,2.89618,Crépuscule ou aube,Hors agglomération,Hors intersection,Normale,Autre collision,,,,,,,,,,,2,1,1,1,6.0
201600048891,0016-08-13 02:50:00,16,8,13,2,50,590,159,AUTOROUTE A16,50.97264,2.22215,Nuit sans éclairage public,Hors agglomération,Hors intersection,Normale,Autre collision,,,,,,,,,,,3,1,1,1,6.0
201600048892,0016-08-09 18:40:00,16,8,9,18,40,590,43,AUTOROUTE A25,50.72683,2.72049,Plein jour,Hors agglomération,Hors intersection,Normale,Autre collision,,,,,,,,,,,1,1,1,1,6.0
201600048893,0016-08-16 14:15:00,16,8,16,14,15,620,351,AUTOROUTE A21,50.43218,2.90249,Plein jour,Hors agglomération,Hors intersection,Normale,Sans collision,,,,,,,,,,,1,1,1,1,7.0
201600048894,0016-08-18 17:20:00,16,8,18,17,20,590,569,AUTOROUTE A21,50.39081,3.12509,Plein jour,Hors agglomération,Hors intersection,Normale,Sans collision,,,,,,,,,,,1,1,1,1,7.0
201600048895,0016-08-21 16:10:00,16,8,21,16,10,590,343,ROUTE NATIONALE 227,50.62422,3.12355,Plein jour,Hors agglomération,Hors intersection,Normale,Sans collision,,,,,,,,,,,1,1,1,1,7.0
201600048896,0016-08-23 01:25:00,16,8,23,1,25,590,350,AUTOROUTE A25,50.61924,3.08063,Nuit avec éclairage allumé,Hors agglomération,Hors intersection,Normale,Autre collision,,,,,,,,,,,5,1,1,1,6.0
201600048897,0016-08-24 09:45:00,16,8,24,9,45,590,196,AUTOROUTE A25,50.63619,2.94403,Plein jour,Hors agglomération,Hors intersection,Normale,Deux véhicules - arrière,,,,,,,,,,,1,1,1,1,2.0
201600048898,0016-08-26 09:00:00,16,8,26,9,0,590,350,AUTOROUTE A1,50.64268,8.0,Plein jour,Hors agglomération,Hors intersection,Normale,Sans collision,,,,,,,,,,,1,1,1,1,7.0
201600048899,0016-08-26 17:55:00,16,8,26,17,55,590,205,AUTOROUTE A 21,50.3273,3.33658,Plein jour,Hors agglomération,Hors intersection,Normale,Sans collision,,,,,,,,,,,1,1,1,1,7.0
201600048900,0016-08-25 18:20:00,16,8,25,18,20,590,431,AUTOROUTE A25,,,Plein jour,Hors agglomération,Hors intersection,Normale,Trois véhicules et plus - en chaîne,,,,,,,,,,,1,1,1,1,4.0
201600048901,0016-08-28 20:30:00,16,8,28,20,30,590,507,AUTOROUTE A1,50.60821,3.09488,Plein jour,Hors agglomération,Hors intersection,Normale,Autre collision,,,,,,,,,,,1,1,1,1,6.0
201600048902,0016-08-29 22:15:00,16,8,29,22,15,590,305,AUTOROUTE A25,50.88153,2.51878,Nuit sans éclairage public,Hors agglomération,Hors intersection,Normale,Deux véhicules - arrière,,,,,,,,,,,3,1,1,1,2.0
201600048903,0016-08-29 12:30:00,16,8,29,12,30,590,195,AUTOROUTE A25,50.6208,2.9726,Plein jour,Hors agglomération,Hors intersection,Normale,Deux véhicules - arrière,,,,,,,,,,,1,1,1,1,2.0
201600048904,0016-09-01 16:00:00,16,9,1,16,0,590,410,ROUTE NATIONALE 356,50.64827,3.09368,Plein jour,Hors agglomération,Hors intersection,Normale,Deux véhicules - arrière,,,,,,,,,,,1,1,1,1,2.0
201600048905,0016-09-09 08:55:00,16,9,9,8,55,590,143,AUTOROUTE A25,50.6688,2.8779,Plein jour,Hors agglomération,Hors intersection,Normale,Sans collision,,,,,,,,,,,1,1,1,1,7.0
201600048906,0016-09-09 17:45:00,16,9,9,17,45,620,624,AUTOROUTE A21,,,Plein jour,Hors agglomération,Hors intersection,Normale,Deux véhicules - arrière,,,,,,,,,,,1,1,1,1,2.0
201600048907,0016-09-10 04:00:00,16,9,10,4,0,590,350,ROUTE NATIONALE 356,50.62373,3.08454,Nuit sans éclairage public,Hors agglomération,Hors intersection,Normale,Deux véhicules - arrière,,,,,,,,,,,3,1,1,1,2.0
201600048908,0016-09-15 14:30:00,16,9,15,14,30,590,378,AUTOROUTE A22,50.6707,3.11479,Plein jour,Hors agglomération,Hors intersection,Normale,Deux véhicules - côté,,,,,,,,,,,1,1,1,1,3.0
201600048909,0016-09-16 07:20:00,16,9,16,7,20,590,202,AUTOROUTE A25,50.683,2.84395,Crépuscule ou aube,Hors agglomération,Hors intersection,Normale,Deux véhicules - arrière,,,,,,,,,,,2,1,1,1,2.0
201600048910,0016-09-16 09:15:00,16,9,16,9,15,590,566,AUTOROUTE A25,50.61561,2.98102,Plein jour,Hors agglomération,Hors intersection,Normale,Trois véhicules et plus - en chaîne,,,,,,,,,,,1,1,1,1,4.0
201600048911,0016-09-19 22:50:00,16,9,19,22,50,590,350,AUTOROUTE A1,50.61788,3.0796,Nuit sans éclairage public,Hors agglomération,Hors intersection,Normale,Trois véhicules et plus - collisions multiples,,,,,,,,,,,3,1,1,1,5.0
201600048912,0016-09-23 17:55:00,16,9,23,17,55,590,603,AUTOROUTE A23,50.34077,3.49004,Plein jour,Hors agglomération,Hors intersection,Normale,Deux véhicules - côté,,,,,,,,,,,1,1,1,1,3.0
201600048913,0016-09-23 19:15:00,16,9,23,19,15,590,350,ROUTE NATIONALE 356,50.64554,3.06381,Crépuscule ou aube,Hors agglomération,Hors intersection,Normale,Sans collision,,,,,,,,,,,2,1,1,1,7.0
201600048914,0016-09-28 04:00:00,16,9,28,4,0,590,386,ROUTE DEPARTEMENTALE 652,50.67983,3.05432,Nuit avec éclairage allumé,Hors agglomération,Hors intersection,Normale,Deux véhicules - arrière,,,,,,,,,,,5,1,1,1,2.0
201600048915,0016-09-30 07:45:00,16,9,30,7,45,590,560,AUTOROUTE A1,50.54188,3.05351,Crépuscule ou aube,Hors agglomération,Hors intersection,Normale,Deux véhicules - côté,,,,,,,,,,,2,1,1,1,3.0
201600048916,0016-10-01 07:50:00,16,10,1,7,50,590,646,ROUTE NATIONALE 356,50.67482,3.11964,Crépuscule ou aube,Hors agglomération,Hors intersection,Normale,Deux véhicules - arrière,,,,,,,,,,,2,1,1,1,2.0
201600048917,0016-10-01 21:20:00,16,10,1,21,20,590,665,AUTOROUTE A25,50.90989,2.48527,Nuit sans éclairage public,Hors agglomération,Hors intersection,Pluie légère,Deux véhicules - arrière,,,,,,,,,,,3,1,1,2,2.0
201600048918,0016-10-06 09:00:00,16,10,6,9,0,590,378,ROUTE NATIONALE 356,50.66721,3.1132,Plein jour,Hors agglomération,Hors intersection,Normale,Deux véhicules - côté,,,,,,,,,,,1,1,1,1,3.0
201600048919,0016-10-06 17:15:00,16,10,6,17,15,590,646,ROUTE DEPARTEMENTALE 652,50.68294,3.11616,Plein jour,Hors agglomération,Hors intersection,Normale,Trois véhicules et plus - collisions multiples,,,,,,,,,,,1,1,1,1,5.0
201600048920,0016-10-07 09:00:00,16,10,7,9,0,590,386,ROUTE DEPARTEMENTALE 652,50.68051,3.05617,Plein jour,Hors agglomération,Hors intersection,Normale,Deux véhicules - côté,,,,,,,,,,,1,1,1,1,3.0
201600048921,0016-10-07 09:45:00,16,10,7,9,45,590,350,ROUTE NATIONALE 356,50.61892,3.05265,Plein jour,Hors agglomération,Hors intersection,Normale,Deux véhicules - arrière,,,,,,,,,,,1,1,1,1,2.0
201600048922,0016-09-27 08:00:00,16,9,27,8,0,590,646,ROUTE DEPARTEMENTALE 652,50.6806,3.12016,Plein jour,Hors agglomération,Hors intersection,Normale,Deux véhicules - frontale,,,,,,,,,,,1,1,1,1,1.0
201600048923,0016-10-09 20:45:00,16,10,9,20,45,620,193,AUTOROUTE A16,,,Nuit sans éclairage public,Hors agglomération,Hors intersection,Normale,Autre collision,,,,,,,,,,,3,1,1,1,6.0
201600048924,0016-10-16 22:15:00,16,10,16,22,15,590,346,ROUTE NATIONALE 227,50.6061,3.1299,Nuit avec éclairage allumé,Hors agglomération,Hors intersection,Pluie légère,Autre collision,,,,,,,,,,,5,1,1,2,6.0
201600048925,0016-10-20 17:40:00,16,10,20,17,40,590,343,ROUTE NATIONALE 227,50.60016,3.12825,Plein jour,Hors agglomération,Hors intersection,Normale,Autre collision,,,,,,,,,,,1,1,1,1,6.0
201600048926,0016-10-30 16:00:00,16,10,30,16,0,590,426,AUTOROUTE A22,50.76077,3.15599,Plein jour,Hors agglomération,Hors intersection,Normale,Deux véhicules - arrière,,,,,,,,,,,1,1,1,1,2.0
201600048927,0016-11-26 22:30:00,16,11,26,22,30,620,498,AUTOROUTE A211,,,Nuit sans éclairage public,Hors agglomération,Autre intersection,Normale,Autre collision,,,,,,,,,,,3,1,9,1,6.0
201600048928,0016-10-29 01:15:00,16,10,29,1,15,590,350,AUTOROUTE A25,50.61587,3.07342,Nuit avec éclairage allumé,Hors agglomération,Hors intersection,Normale,Autre collision,,,,,,,,,,,5,1,1,1,6.0
201600048929,0016-11-03 18:30:00,16,11,3,18,30,590,507,AUTOROUTE A22,50.5975,3.1023,Crépuscule ou aube,Hors agglomération,Hors intersection,Normale,Sans collision,,,,,,,,,,,2,1,1,1,7.0
201600048930,0016-10-18 19:00:00,16,10,18,19,0,590,646,ROUTE DEPARTEMENTALE 656,50.6793,3.1249,Plein jour,Hors agglomération,Hors intersection,Pluie légère,Trois véhicules et plus - en chaîne,,,,,,,,,,,1,1,1,2,4.0
201600048931,0016-11-06 03:15:00,16,11,6,3,15,590,350,AUTOROUTE A25,50.6168,3.0411,Nuit sans éclairage public,Hors agglomération,Hors intersection,Temps couvert,Sans collision,,,,,,,,,,,3,1,1,8,7.0
201600048932,0016-11-10 04:15:00,16,11,10,4,15,620,427,AUTOROUTE A1,,,Nuit sans éclairage public,Hors agglomération,Hors intersection,Normale,Deux véhicules - arrière,,,,,,,,,,,3,1,1,1,2.0
201600048933,0016-10-24 11:30:00,16,10,24,11,30,590,459,AUTOROUTE A23,50.36699,3.48368,Plein jour,Hors agglomération,Hors intersection,Normale,Deux véhicules - arrière,,,,,,,,,,,1,1,1,1,2.0
201600048934,0016-11-10 09:45:00,16,11,10,9,45,590,278,ROUTE NATIONALE 41,50.6199,2.959,Plein jour,Hors agglomération,Hors intersection,Normale,Deux véhicules - côté,,,,,,,,,,,1,1,1,1,3.0
201600048935,0016-11-10 23:50:00,16,11,10,23,50,590,350,AUTOROUTE A25,50.6163,3.0703,Nuit avec éclairage allumé,Hors agglomération,Hors intersection,Pluie légère,Autre collision,,,,,,,,,,,5,1,1,2,6.0
201600048936,0016-11-11 10:15:00,16,11,11,10,15,590,343,ROUTE NATIONALE 227,50.60121,3.13197,Plein jour,Hors agglomération,Hors intersection,Pluie légère,Sans collision,,,,,,,,,,,1,1,1,2,7.0
201600048937,0016-11-11 07:00:00,16,11,11,7,0,590,286,AUTOROUTE A25,50.6199,3.008,Crépuscule ou aube,Hors agglomération,Hors intersection,Temps couvert,Deux véhicules - arrière,,,,,,,,,,,2,1,1,8,2.0
201600048938,0016-11-12 15:00:00,16,11,12,15,0,620,193,AUTOROUTE A16,,,Plein jour,Hors agglomération,Hors intersection,Pluie légère,Autre collision,,,,,,,,,,,1,1,1,2,6.0
201600048939,0016-11-14 21:10:00,16,11,14,21,10,590,414,AUTOROUTE A 21,50.3787,3.1792,Nuit sans éclairage public,Hors agglomération,Hors intersection,Pluie légère,Autre collision,,,,,,,,,,,3,1,1,2,6.0
201600048940,0016-11-15 00:15:00,16,11,15,0,15,620,215,AUTOROUTE A1,,,Nuit sans éclairage public,Hors agglomération,Hors intersection,Pluie légère,Deux véhicules - arrière,,,,,,,,,,,3,1,1,2,2.0
201600048941,0016-11-15 08:50:00,16,11,15,8,50,590,143,AUTOROUTE A25,50.6601,2.8931,Plein jour,Hors agglomération,Hors intersection,Normale,Sans collision,,,,,,,,,,,1,1,1,1,7.0
201600048942,0016-11-15 19:00:00,16,11,15,19,0,590,462,AUTOROUTE A1,50.5117,3.0311,Nuit sans éclairage public,Hors agglomération,Hors intersection,Normale,Deux véhicules - arrière,,,,,,,,,,,3,1,1,1,2.0
201600048943,0016-11-17 18:00:00,16,11,17,18,0,620,498,AUTOROUTE A21,,,Crépuscule ou aube,Hors agglomération,Hors intersection,Normale,Autre collision,,,,,,,,,,,2,1,1,1,6.0
201600048944,0016-11-19 04:30:00,16,11,19,4,30,590,350,ROUTE NATIONALE 356,50.6354,3.0834,Nuit sans éclairage public,Hors agglomération,Hors intersection,Normale,Autre collision,,,,,,,,,,,3,1,1,1,6.0
201600048945,0016-11-19 06:45:00,16,11,19,6,45,590,278,ROUTE NATIONALE 41,50.6199,2.959,Nuit avec éclairage allumé,Hors agglomération,Hors intersection,Pluie légère,Deux véhicules - frontale,,,,,,,,,,,5,1,1,2,1.0
201600048946,0016-11-22 08:00:00,16,11,22,8,0,590,350,ROUTE NATIONALE 356,50.635,3.0871,Crépuscule ou aube,Hors agglomération,Hors intersection,Normale,Deux véhicules - côté,,,,,,,,,,,2,1,1,1,3.0
201600048947,0016-11-22 17:00:00,16,11,22,17,0,590,350,AUTOROUTE A25,50.61686,3.04533,Crépuscule ou aube,Hors agglomération,Hors intersection,Normale,Autre collision,,,,,,,,,,,2,1,1,1,6.0
201600048948,0016-11-29 13:40:00,16,11,29,13,40,590,585,AUTOROUTE A1,50.56083,3.06864,Plein jour,Hors agglomération,Hors intersection,Normale,Deux véhicules - arrière,,,,,,,,,,,1,1,1,1,2.0
201600048949,0016-11-30 23:30:00,16,11,30,23,30,620,587,AUTOROUTE A21,,,Nuit sans éclairage public,Hors agglomération,Hors intersection,Normale,Autre collision,,,,,,,,,,,3,1,1,1,6.0
201600048950,0016-11-29 19:25:00,16,11,29,19,25,590,178,AUTOROUTE A21,50.3964,3.1165,Nuit sans éclairage public,Hors agglomération,Hors intersection,Normale,Trois véhicules et plus - collisions multiples,,,,,,,,,,,3,1,1,1,5.0
201600048951,0016-12-05 13:15:00,16,12,5,13,15,590,350,ROUTE NATIONALE 356,50.6354,3.0875,Plein jour,Hors agglomération,Hors intersection,Normale,Deux véhicules - arrière,,,,,,,,,,,1,1,1,1,2.0
201600048952,0016-12-07 11:00:00,16,12,7,11,0,590,350,AUTOROUTE A25,50.61688,3.08036,Plein jour,Hors agglomération,Hors intersection,Normale,Trois véhicules et plus - en chaîne,,,,,,,,,,,1,1,1,1,4.0
201600048953,0016-12-09 16:00:00,16,12,9,16,0,590,28,AUTOROUTE A21,50.41275,3.03325,Plein jour,Hors agglomération,Hors intersection,Normale,Deux véhicules - arrière,,,,,,,,,,,1,1,1,1,2.0
201600048954,0016-12-04 02:45:00,16,12,4,2,45,590,343,AUTOROUTE A22,50.60065,3.11807,Nuit sans éclairage public,Hors agglomération,Hors intersection,Normale,Autre collision,,,,,,,,,,,3,1,1,1,6.0
201600048955,0016-12-12 22:45:00,16,12,12,22,45,590,360,AUTOROUTE A25,50.6195,3.0066,Nuit sans éclairage public,Hors agglomération,Hors intersection,Pluie légère,Autre collision,,,,,,,,,,,3,1,1,2,6.0