accident_id,datetime,annee,mois,jour,heure,minute,departement,commune_insee,adresse,latitude,longitude,luminosite,agglomeration,intersection,meteo,collision,nb_vehicules,nb_usagers,nb_indemnes,nb_tues,nb_blesses_hosp,nb_blesses_legers,age_cond_1,age_cond_2,veh_type_cond_1,veh_type_cond_2,lum_code,agg_code,int_code,atm_code,col_code
201600049351,0016-08-02 21:50:00,16,8,2,21,50,690,259,DIVISION LECLERC (DE LA),,,Nuit avec éclairage non allumé,En agglomération,Hors intersection,Normale,Autre collision,,,,,,,,,,,4,2,1,1,6.0
201600049352,0016-08-04 21:30:00,16,8,4,21,30,690,386,DUQUESNE,,,Nuit avec éclairage allumé,En agglomération,Intersection en X,Pluie légère,Deux véhicules - arrière,,,,,,,,,,,5,2,2,2,2.0
201600049353,0016-08-05 17:17:00,16,8,5,17,17,690,387,"30, CLAUDE BERNARD",45.44533,4.50031,Plein jour,En agglomération,Hors intersection,Normale,Deux véhicules - frontale,,,,,,,,,,,1,2,1,1,1.0
201600049354,0016-08-06 01:25:00,16,8,6,1,25,690,386,GARIBALDI,,,Nuit avec éclairage allumé,En agglomération,Intersection en X,Normale,Deux véhicules - côté,,,,,,,,,,,5,2,2,1,3.0
201600049355,0016-08-06 01:40:00,16,8,6,1,40,690,383,"62, BONNEL (DE)",45.45427,4.50551,Nuit avec éclairage allumé,En agglomération,Intersection en T,Normale,Deux véhicules - côté,,,,,,,,,,,5,2,3,1,3.0
201600049356,0016-08-06 05:30:00,16,8,6,5,30,690,387,TONY GARNIER,45.4334,4.50072,Crépuscule ou aube,En agglomération,Intersection en X,Normale,Deux véhicules - arrière,,,,,,,,,,,2,2,2,1,2.0
201600049357,0016-08-08 09:00:00,16,8,8,9,0,690,383,"234, LAFAYETTE",,,Plein jour,Hors agglomération,Intersection en X,Normale,Deux véhicules - côté,,,,,,,,,,,1,1,2,1,3.0
201600049358,0016-08-10 10:45:00,16,8,10,10,45,690,388,PROFESSEUR BEAUVISAGE (D,45.43461,4.52039,Plein jour,Hors agglomération,Hors intersection,Normale,Autre collision,,,,,,,,,,,1,1,1,1,6.0
201600049359,0016-08-10 21:30:00,16,8,10,21,30,690,387,"21, TONY GARNIER",,,Nuit avec éclairage allumé,En agglomération,Intersection en X,Normale,Deux véhicules - côté,,,,,,,,,,,5,2,2,1,3.0
201600049360,0016-08-12 02:50:00,16,8,12,2,50,690,388,"290, VIENNE (DE)",,,Nuit avec éclairage allumé,En agglomération,Hors intersection,Normale,Autre collision,,,,,,,,,,,5,2,1,1,6.0
201600049361,0016-08-14 01:00:00,16,8,14,1,0,690,388,LUDOVIC ARRACHART,,,Nuit avec éclairage allumé,En agglomération,Intersection en X,Normale,Deux véhicules - côté,,,,,,,,,,,5,2,2,1,3.0
201600049362,0016-08-15 16:35:00,16,8,15,16,35,690,383,PAUL BERT,,,Plein jour,En agglomération,Intersection en X,Normale,Deux véhicules - côté,,,,,,,,,,,1,2,2,1,3.0
201600049363,0016-08-12 17:00:00,16,8,12,17,0,690,388,"126, MARIUS BERLIET",,,Plein jour,En agglomération,Hors intersection,Normale,Deux véhicules - côté,,,,,,,,,,,1,2,1,1,3.0
201600049364,0016-08-17 08:45:00,16,8,17,8,45,690,386,"10  F, SERBIE (DE)",,,Plein jour,En agglomération,Hors intersection,Normale,Autre collision,,,,,,,,,,,1,2,1,1,6.0
201600049365,0016-08-16 23:37:00,16,8,16,23,37,690,383,"2, ANTONIN JUTARD",,,Nuit avec éclairage allumé,Hors agglomération,Hors intersection,Normale,Deux véhicules - côté,,,,,,,,,,,5,1,1,1,3.0
201600049366,0016-08-19 16:05:00,16,8,19,16,5,690,259,URBAIN EST,45.68966,4.90102,Plein jour,Hors agglomération,Intersection en X,Normale,Deux véhicules - côté,,,,,,,,,,,1,1,2,1,3.0
201600049367,0016-08-19 05:10:00,16,8,19,5,10,690,387,"25, VIVIER (DU)",45.44329,0.516,Plein jour,En agglomération,Hors intersection,Normale,Deux véhicules - arrière,,,,,,,,,,,1,2,1,1,2.0
201600049368,0016-08-20 07:00:00,16,8,20,7,0,690,259,"195, FRANCIS DE PRESSENS",,,Crépuscule ou aube,En agglomération,Hors intersection,Pluie forte,Autre collision,,,,,,,,,,,2,2,1,3,6.0
201600049369,0016-08-20 14:30:00,16,8,20,14,30,690,383,GAMBETTA,,,Plein jour,En agglomération,Intersection en X,Pluie légère,Deux véhicules - côté,,,,,,,,,,,1,2,2,2,3.0
201600049370,0016-08-22 14:30:00,16,8,22,14,30,690,388,AMBROISE PARE,,,Plein jour,En agglomération,Intersection en X,Normale,Deux véhicules - côté,,,,,,,,,,,1,2,2,1,3.0
201600049371,0016-08-23 05:55:00,16,8,23,5,55,690,383,"112, PAUL BERT",,,Nuit avec éclairage allumé,En agglomération,Hors intersection,Normale,Autre collision,,,,,,,,,,,5,2,1,1,6.0
201600049372,0016-08-22 16:50:00,16,8,22,16,50,690,387,NICOLAI,,,Plein jour,En agglomération,Intersection en X,Normale,Deux véhicules - côté,,,,,,,,,,,1,2,2,1,3.0
201600049373,0016-08-24 07:55:00,16,8,24,7,55,690,383,CHAPONNAY,,,Plein jour,En agglomération,Intersection en X,Normale,Autre collision,,,,,,,,,,,1,2,2,1,6.0
201600049374,0016-08-25 19:10:00,16,8,25,19,10,690,387,"12, GIRONDINS (DES)",45.44222,4.49373,Plein jour,En agglomération,Hors intersection,Normale,Deux véhicules - frontale,,,,,,,,,,,1,2,1,1,1.0
201600049375,0016-08-26 09:00:00,16,8,26,9,0,690,383,FELIX FAURE,,,Plein jour,En agglomération,Intersection en Y,Normale,Deux véhicules - côté,,,,,,,,,,,1,2,4,1,3.0
201600049376,0016-08-26 08:20:00,16,8,26,8,20,690,388,"109, ETATS UNIS (DES)",,,Plein jour,En agglomération,Intersection en X,Normale,Autre collision,,,,,,,,,,,1,2,2,1,6.0
201600049377,0016-08-27 02:00:00,16,8,27,2,0,690,383,GARIBALDI,45.45109,4.51119,Nuit avec éclairage allumé,En agglomération,Hors intersection,Normale,Deux véhicules - arrière,,,,,,,,,,,5,2,1,1,2.0
201600049378,0016-08-20 15:45:00,16,8,20,15,45,690,388,PINEL et J.MERMOZ,,,Plein jour,En agglomération,Hors intersection,Normale,Deux véhicules - arrière,,,,,,,,,,,1,2,1,1,2.0
201600049379,0016-08-28 08:45:00,16,8,28,8,45,690,387,"103, GUILLOTIERE (DE LA)",,,Plein jour,En agglomération,Hors intersection,Normale,Deux véhicules - arrière,,,,,,,,,,,1,2,1,1,2.0
201600049380,0016-08-28 15:30:00,16,8,28,15,30,690,259,CHARLES DE GAULLE,,,Plein jour,En agglomération,Intersection en X,Normale,Trois véhicules et plus - collisions multiples,,,,,,,,,,,1,2,2,1,5.0
201600049381,0016-08-27 15:40:00,16,8,27,15,40,690,388,"140, VIENNE (DE)",,,Plein jour,En agglomération,Hors intersection,Normale,Deux véhicules - côté,,,,,,,,,,,1,2,1,1,3.0
201600049382,0016-08-29 08:30:00,16,8,29,8,30,690,388,ETATS UNIS (DES),,,Plein jour,En agglomération,Hors intersection,Normale,Autre collision,,,,,,,,,,,1,2,1,1,6.0
201600049383,0016-08-29 17:56:00,16,8,29,17,56,690,199,GABRIEL PERI,,,Plein jour,En agglomération,Intersection en X,Normale,Autre collision,,,,,,,,,,,1,2,2,1,6.0
201600049384,0016-08-30 09:58:00,16,8,30,9,58,690,199,"10, CARNOT",,,Plein jour,En agglomération,Hors intersection,Normale,Autre collision,,,,,,,,,,,1,2,1,1,6.0
201600049385,0016-08-30 12:20:00,16,8,30,12,20,690,276,LYON (DE),,,Plein jour,Hors agglomération,Hors intersection,Normale,Deux véhicules - côté,,,,,,,,,,,1,1,1,1,3.0
201600049386,0016-08-27 12:30:00,16,8,27,12,30,690,383,"111, GAMBETTA",,,Plein jour,En agglomération,Intersection en X,Normale,Deux véhicules - frontale,,,,,,,,,,,1,2,2,1,1.0
201600049387,0016-08-30 14:45:00,16,8,30,14,45,690,383,FELIX FAURE,,,Plein jour,En agglomération,Hors intersection,Normale,Deux véhicules - arrière,,,,,,,,,,,1,2,1,1,2.0
201600049388,0016-08-30 12:00:00,16,8,30,12,0,690,387,JEAN JAURES,,,Plein jour,En agglomération,Intersection en X,Normale,Deux véhicules - côté,,,,,,,,,,,1,2,2,1,3.0
201600049389,0016-08-31 08:00:00,16,8,31,8,0,690,383,BALME (DE LA),,,Plein jour,En agglomération,Hors intersection,Normale,Deux véhicules - côté,,,,,,,,,,,1,2,1,1,3.0
201600049390,0016-08-31 14:25:00,16,8,31,14,25,690,388,JEAN MERMOZ,45.43496,4.53151,Plein jour,En agglomération,Intersection en X,Normale,Deux véhicules - côté,,,,,,,,,,,1,2,2,1,3.0
201600049391,0016-08-31 18:45:00,16,8,31,18,45,690,386,"11, VAUBAN",,,Plein jour,En agglomération,Hors intersection,Normale,Deux véhicules - côté,,,,,,,,,,,1,2,1,1,3.0
201600049392,0016-09-01 00:50:00,16,9,1,0,50,690,388,MARIUS BERLIET,,,Nuit avec éclairage allumé,En agglomération,Intersection en X,Normale,Deux véhicules - côté,,,,,,,,,,,5,2,2,1,3.0
201600049393,0016-09-01 16:30:00,16,9,1,16,30,690,383,"46, FEUILLAT",,,Plein jour,En agglomération,Intersection en T,Normale,Deux véhicules - côté,,,,,,,,,,,1,2,3,1,3.0
201600049394,0016-09-01 17:00:00,16,9,1,17,0,690,259,JACQUES DUCLOS,,,Plein jour,En agglomération,Intersection en T,Normale,Deux véhicules - frontale,,,,,,,,,,,1,2,3,1,1.0
201600049395,0016-09-01 21:30:00,16,9,1,21,30,690,386,VERGUIN,,,Nuit avec éclairage allumé,En agglomération,Hors intersection,Normale,Deux véhicules - côté,,,,,,,,,,,5,2,1,1,3.0
201600049396,0016-09-02 02:30:00,16,9,2,2,30,690,259,"0, MARCEL CACHIN",,,Nuit avec éclairage allumé,En agglomération,Hors intersection,Normale,Autre collision,,,,,,,,,,,5,2,1,1,6.0
201600049397,0016-09-01 18:20:00,16,9,1,18,20,690,387,CHALOPIN,,,Plein jour,En agglomération,Intersection en X,Normale,Deux véhicules - côté,,,,,,,,,,,1,2,2,1,3.0
201600049398,0016-09-02 17:30:00,16,9,2,17,30,690,386,"30, MARECHAL FOCH (DU)",,,Plein jour,En agglomération,Intersection en T,Normale,Deux véhicules - côté,,,,,,,,,,,1,2,3,1,3.0
201600049399,0016-09-02 19:00:00,16,9,2,19,0,690,259,MARCEL CACHIN,,,Plein jour,En agglomération,Hors intersection,Normale,Autre collision,,,,,,,,,,,1,2,1,1,6.0
201600049400,0016-09-02 18:45:00,16,9,2,18,45,690,259,YVES FARGE (RN 7),45.68863,4.86163,Plein jour,En agglomération,Hors intersection,Normale,Deux véhicules - côté,,,,,,,,,,,1,2,1,1,3.0
201600049401,0016-09-03 12:55:00,16,9,3,12,55,690,383,"05, ALBERT THOMAS",,,Plein jour,En agglomération,Hors intersection,Normale,Deux véhicules - arrière,,,,,,,,,,,1,2,1,1,2.0
201600049402,0016-09-03 18:45:00,16,9,3,18,45,690,387,CLAUDE BERNARD,,,Plein jour,En agglomération,Hors intersection,Normale,Autre collision,,,,,,,,,,,1,2,1,1,6.0
201600049403,0016-09-06 06:40:00,16,9,6,6,40,690,383,GARIBALDI,,,Plein jour,En agglomération,Hors intersection,Normale,Autre collision,,,,,,,,,,,1,2,1,1,6.0
201600049404,0016-09-06 15:25:00,16,9,6,15,25,690,259,"30, LOUIS JOUVET",,,Plein jour,En agglomération,Hors intersection,Normale,Deux véhicules - côté,,,,,,,,,,,1,2,1,1,3.0
201600049405,0016-09-07 18:50:00,16,9,7,18,50,690,383,PAUL BERT,,,Plein jour,En agglomération,Intersection en X,Normale,Deux véhicules - côté,,,,,,,,,,,1,2,2,1,3.0
201600049406,0016-09-08 12:45:00,16,9,8,12,45,690,387,"121, GUILLOTIERE (DE LA)",45.75076,4.84891,Plein jour,En agglomération,Hors intersection,Normale,Deux véhicules - arrière,,,,,,,,,,,1,2,1,1,2.0
201600049407,0016-09-08 15:00:00,16,9,8,15,0,690,259,PARILLY (DE),,,Plein jour,En agglomération,Hors intersection,Normale,Deux véhicules - arrière,,,,,,,,,,,1,2,1,1,2.0
201600049408,0016-09-08 17:00:00,16,9,8,17,0,690,259,"47, MARTYRS DE LA RESIST",,,Plein jour,En agglomération,Hors intersection,Normale,Autre collision,,,,,,,,,,,1,2,1,1,6.0
201600049409,0016-09-08 16:15:00,16,9,8,16,15,690,387,RENAN,45.74888,4.84151,Plein jour,En agglomération,Intersection en X,Normale,Deux véhicules - frontale,,,,,,,,,,,1,2,2,1,1.0
201600049410,0016-09-09 16:00:00,16,9,9,16,0,690,383,VENDOME,,,Plein jour,En agglomération,Intersection en X,Normale,Autre collision,,,,,,,,,,,1,2,2,1,6.0
201600049411,0016-09-09 19:00:00,16,9,9,19,0,690,386,BOSSUET,,,Plein jour,En agglomération,Hors intersection,Normale,Autre collision,,,,,,,,,,,1,2,1,1,6.0
201600049412,0016-09-10 17:00:00,16,9,10,17,0,690,387,"75, TONY GARNIER",45.43344,4.50154,Plein jour,En agglomération,Intersection en X,Normale,Deux véhicules - côté,,,,,,,,,,,1,2,2,1,3.0
201600049413,0016-09-09 18:10:00,16,9,9,18,10,690,387,"16, YVES FARGES",45.44382,4.50052,Plein jour,En agglomération,Hors intersection,Normale,Autre collision,,,,,,,,,,,1,2,1,1,6.0
201600049414,0016-09-11 19:00:00,16,9,11,19,0,690,259,"57, MARCEL SEMBAT",,,Plein jour,En agglomération,Hors intersection,Normale,Deux véhicules - côté,,,,,,,,,,,1,2,1,1,3.0
201600049415,0016-09-12 16:15:00,16,9,12,16,15,690,387,ANVERS (D'),45.4456,4.50292,Plein jour,En agglomération,Intersection en X,Normale,Deux véhicules - côté,,,,,,,,,,,1,2,2,1,3.0
201600049416,0016-09-13 13:00:00,16,9,13,13,0,690,387,RENAN,,,Plein jour,En agglomération,Intersection en X,Normale,Deux véhicules - côté,,,,,,,,,,,1,2,2,1,3.0
201600049417,0016-09-12 12:00:00,16,9,12,12,0,690,388,ETATS UNIS (DES),,,Plein jour,En agglomération,Intersection en X,Normale,Deux véhicules - côté,,,,,,,,,,,1,2,2,1,3.0
201600049418,0016-09-15 19:20:00,16,9,15,19,20,690,388,"135, LAENNEC",,,Plein jour,En agglomération,Hors intersection,Normale,Deux véhicules - arrière,,,,,,,,,,,1,2,1,1,2.0
201600049419,0016-09-15 22:55:00,16,9,15,22,55,690,259,"1, FRERES LAFRANCHI (DES",,,Nuit avec éclairage allumé,En agglomération,Hors intersection,Normale,Sans collision,,,,,,,,,,,5,2,1,1,7.0
201600049420,0016-07-22 17:00:00,16,7,22,17,0,690,387,"147, JEAN JAURES",,,Plein jour,En agglomération,Hors intersection,Normale,Trois véhicules et plus - en chaîne,,,,,,,,,,,1,2,1,1,4.0
201600049421,0016-08-03 02:00:00,16,8,3,2,0,690,386,"70, CHARLES DE GAULLE",,,Nuit avec éclairage allumé,En agglomération,Hors intersection,Normale,Trois véhicules et plus - en chaîne,,,,,,,,,,,5,2,1,1,4.0
201600049422,0016-09-16 15:20:00,16,9,16,15,20,690,386,BOSSUET,,,Plein jour,En agglomération,Intersection en X,Normale,Autre collision,,,,,,,,,,,1,2,2,1,6.0
201600049423,0016-09-16 16:50:00,16,9,16,16,50,690,259,"16, PICARD",,,Plein jour,En agglomération,Hors intersection,Temps couvert,Autre collision,,,,,,,,,,,1,2,1,8,6.0
201600049424,0016-09-16 17:16:00,16,9,16,17,16,690,383,DOCTEUR BOUCHUT (DU),,,Plein jour,En agglomération,Hors intersection,Normale,Deux véhicules - côté,,,,,,,,,,,1,2,1,1,3.0
201600049425,0016-09-16 21:15:00,16,9,16,21,15,690,259,FRANCIS DE PRESSENSE,,,Nuit avec éclairage allumé,En agglomération,Intersection en X,Normale,Deux véhicules - côté,,,,,,,,,,,5,2,2,1,3.0
201600049426,0016-09-18 07:35:00,16,9,18,7,35,690,387,CHAMBAUD DE LA BRUYERE,,,Plein jour,En agglomération,Hors intersection,Pluie légère,Autre collision,,,,,,,,,,,1,2,1,2,6.0
201600049427,0016-09-18 16:30:00,16,9,18,16,30,690,259,AMBROISE CROIZAT,,,Plein jour,En agglomération,Intersection en X,Pluie légère,Deux véhicules - côté,,,,,,,,,,,1,2,2,2,3.0
201600049428,0016-09-17 03:15:00,16,9,17,3,15,690,387,BERTHELOT,,,Nuit avec éclairage allumé,En agglomération,Intersection en X,Pluie légère,Deux véhicules - côté,,,,,,,,,,,5,2,2,2,3.0
201600049429,0016-09-19 17:40:00,16,9,19,17,40,690,387,GAMBETTA,45.75158,4.8537,Plein jour,En agglomération,Intersection en X,Normale,Deux véhicules - frontale,,,,,,,,,,,1,2,2,1,1.0
201600049430,0016-09-18 10:30:00,16,9,18,10,30,690,383,"88, FERDINAND BUISSON",,,Plein jour,En agglomération,Hors intersection,Pluie légère,Trois véhicules et plus - en chaîne,,,,,,,,,,,1,2,1,2,4.0
201600049431,0016-09-20 17:30:00,16,9,20,17,30,690,388,AMBROISE PARE,45.736,4.883,Plein jour,En agglomération,Intersection en X,Normale,Deux véhicules - côté,,,,,,,,,,,1,2,2,1,3.0
201600049432,0016-09-21 08:20:00,16,9,21,8,20,690,387,"367, GARIBALDI",,,Plein jour,En agglomération,Hors intersection,Normale,Deux véhicules - côté,,,,,,,,,,,1,2,1,1,3.0
201600049433,0016-09-21 13:55:00,16,9,21,13,55,690,387,"01, CLAUDE BERNARD",45.7556,4.83993,Plein jour,En agglomération,Hors intersection,Normale,Trois véhicules et plus - collisions multiples,,,,,,,,,,,1,2,1,1,5.0
201600049434,0016-09-21 14:55:00,16,9,21,14,55,690,383,"2, CONSTANT",,,Plein jour,En agglomération,Hors intersection,Normale,Autre collision,,,,,,,,,,,1,2,1,1,6.0
201600049435,0016-09-21 18:40:00,16,9,21,18,40,690,259,AMBROISE CROIZAT,,,Plein jour,En agglomération,Hors intersection,Normale,Deux véhicules - arrière,,,,,,,,,,,1,2,1,1,2.0
201600049436,0016-09-21 22:40:00,16,9,21,22,40,690,259,"53, PAUL BERT",,,Nuit avec éclairage allumé,En agglomération,Hors intersection,Normale,Autre collision,,,,,,,,,,,5,2,1,1,6.0
201600049437,0016-09-23 15:00:00,16,9,23,15,0,690,383,ROCKEFELLER,,,Plein jour,En agglomération,Hors intersection,Normale,Deux véhicules - arrière,,,,,,,,,,,1,2,1,1,2.0
201600049438,0016-09-23 16:10:00,16,9,23,16,10,690,383,"39, GAMBETTA",,,Plein jour,En agglomération,Hors intersection,Normale,Autre collision,,,,,,,,,,,1,2,1,1,6.0
201600049439,0016-09-24 12:50:00,16,9,24,12,50,690,259,MARCEL CACHIN,,,Plein jour,En agglomération,Intersection en T,Normale,Deux véhicules - côté,,,,,,,,,,,1,2,3,1,3.0
201600049440,0016-09-23 19:00:00,16,9,23,19,0,690,388,", ETATS UNIS (DES)",45.73256,4.86489,Plein jour,En agglomération,Intersection en X,Normale,Deux véhicules - côté,,,,,,,,,,,1,2,2,1,3.0
201600049441,0016-09-24 15:30:00,16,9,24,15,30,690,387,", JEAN JAURES",,,Plein jour,Hors agglomération,Hors intersection,Normale,Autre collision,,,,,,,,,,,1,1,1,1,6.0
201600049442,0016-09-25 10:00:00,16,9,25,10,0,690,199,"86, JEAN JAURES",,,Plein jour,En agglomération,Hors intersection,Normale,Autre collision,,,,,,,,,,,1,2,1,1,6.0
201600049443,0016-09-25 06:00:00,16,9,25,6,0,690,259,IRENE JOLIOT CURIE,,,Nuit avec éclairage allumé,En agglomération,Hors intersection,Normale,Autre collision,,,,,,,,,,,5,2,1,1,6.0
201600049444,0016-09-26 08:55:00,16,9,26,8,55,690,383,MARECHAL DE SAXE,,,Plein jour,En agglomération,Intersection en X,Temps couvert,Deux véhicules - côté,,,,,,,,,,,1,2,2,8,3.0
201600049445,0016-09-25 19:00:00,16,9,25,19,0,690,387,REPOS (DU),45.74385,4.8525,Crépuscule ou aube,Hors agglomération,Hors intersection,Pluie légère,Deux véhicules - arrière,,,,,,,,,,,2,1,1,2,2.0
201600049446,0016-09-26 14:00:00,16,9,26,14,0,690,383,"203, GARIBALDI",,,Plein jour,En agglomération,Hors intersection,Normale,Autre collision,,,,,,,,,,,1,2,1,1,6.0
201600049447,0016-08-27 22:10:00,16,8,27,22,10,690,388,"15, PAUL CAZENEUVE",,,Nuit avec éclairage allumé,En agglomération,Hors intersection,Normale,Deux véhicules - frontale,,,,,,,,,,,5,2,1,1,1.0
201600049448,0016-09-21 12:20:00,16,9,21,12,20,690,383,"23, DAUPHINE (DU)",,,Plein jour,En agglomération,Autre intersection,Normale,Autre collision,,,,,,,,,,,1,2,9,1,6.0
201600049449,0016-09-27 15:05:00,16,9,27,15,5,690,386,"26, FRANKLIN ROOSEVELT",,,Plein jour,En agglomération,Intersection en X,Normale,Autre collision,,,,,,,,,,,1,2,2,1,6.0
201600049450,0016-09-27 22:20:00,16,9,27,22,20,690,259,PIERRE SEMARD,,,Nuit avec éclairage allumé,En agglomération,Intersection en X,Normale,Deux véhicules - frontale,,,,,,,,,,,5,2,2,1,1.0
201600049451,0016-08-27 00:15:00,16,8,27,0,15,690,386,GENERAL SARRAIL (DU),,,Nuit avec éclairage non allumé,En agglomération,Hors intersection,Normale,Autre collision,,,,,,,,,,,4,2,1,1,6.0
201600049452,0016-09-28 08:55:00,16,9,28,8,55,690,388,"63, PAUL CAZENEUVE",,,Plein jour,En agglomération,Hors intersection,Normale,Deux véhicules - arrière,,,,,,,,,,,1,2,1,1,2.0
201600049453,0016-09-27 20:20:00,16,9,27,20,20,690,386,LAFAYETTE,,,Nuit avec éclairage allumé,Hors agglomération,Hors intersection,Normale,Deux véhicules - côté,,,,,,,,,,,5,1,1,1,3.0
201600049454,0016-09-29 09:10:00,16,9,29,9,10,690,259,"341, VIENNE (DE)",,,Plein jour,En agglomération,Hors intersection,Normale,Autre collision,,,,,,,,,,,1,2,1,1,6.0
201600049455,0016-09-29 10:00:00,16,9,29,10,0,690,388,"37, EPARGNE (DE L')",45.74482,4.85156,Plein jour,En agglomération,Hors intersection,Normale,Deux véhicules - côté,,,,,,,,,,,1,2,1,1,3.0
201600049456,0016-09-29 08:30:00,16,9,29,8,30,690,259,"44, MARCEL SEMBAT",,,Plein jour,Hors agglomération,Hors intersection,Normale,Autre collision,,,,,,,,,,,1,1,1,1,6.0
201600049457,0016-09-29 16:55:00,16,9,29,16,55,690,387,VIENNE (DE),45.73949,4.85187,Plein jour,En agglomération,Intersection en T,Normale,Deux véhicules - côté,,,,,,,,,,,1,2,3,1,3.0
201600049458,0016-09-29 17:50:00,16,9,29,17,50,690,388,GENERAL FRERE (DU),45.72801,4.88239,Plein jour,En agglomération,Intersection en X,Normale,Deux véhicules - côté,,,,,,,,,,,1,2,2,1,3.0
201600049459,0016-09-30 11:40:00,16,9,30,11,40,690,383,"95, MARECHAL DE SAXE",,,Plein jour,En agglomération,Hors intersection,Normale,Autre collision,,,,,,,,,,,1,2,1,1,6.0
201600049460,0016-09-30 16:30:00,16,9,30,16,30,690,383,ALBERT THOMAS,,,Plein jour,En agglomération,Hors intersection,Normale,Deux véhicules - côté,,,,,,,,,,,1,2,1,1,3.0
201600049461,0016-09-30 19:20:00,16,9,30,19,20,690,387,"40, GAMBETTA",,,Crépuscule ou aube,En agglomération,Hors intersection,Normale,Autre collision,,,,,,,,,,,2,2,1,1,6.0
201600049462,0016-10-01 00:10:00,16,10,1,0,10,690,387,DOMER,,,Nuit avec éclairage allumé,En agglomération,Intersection en X,Normale,Deux véhicules - côté,,,,,,,,,,,5,2,2,1,3.0
201600049463,0016-09-30 18:00:00,16,9,30,18,0,690,259,"46, CLOS VERGER (DU)",,,Plein jour,En agglomération,Hors intersection,Normale,Deux véhicules - côté,,,,,,,,,,,1,2,1,1,3.0
201600049464,0016-10-01 15:30:00,16,10,1,15,30,690,383,DUGUESCLIN,,,Plein jour,En agglomération,Hors intersection,Temps couvert,Autre collision,,,,,,,,,,,1,2,1,8,6.0
201600049465,0016-10-01 10:15:00,16,10,1,10,15,690,387,REPOS (DU),45.743,4.853,Plein jour,En agglomération,Hors intersection,Pluie légère,Autre collision,,,,,,,,,,,1,2,1,2,6.0
201600049466,0016-09-27 12:00:00,16,9,27,12,0,690,387,"64, BECHEVELIN",,,Plein jour,En agglomération,Intersection en X,Normale,Autre collision,,,,,,,,,,,1,2,2,1,6.0
201600049467,0016-09-21 10:40:00,16,9,21,10,40,690,387,TONY GARNIER,,,Plein jour,En agglomération,Intersection en X,Normale,Deux véhicules - côté,,,,,,,,,,,1,2,2,1,3.0
201600049468,0016-10-03 09:05:00,16,10,3,9,5,690,259,", OSCHATZ (D')",,,Plein jour,En agglomération,Intersection en T,Normale,Autre collision,,,,,,,,,,,1,2,3,1,6.0
201600049469,0016-09-30 11:40:00,16,9,30,11,40,690,388,"44, FRERES LUMIERE (DES)",,,Plein jour,En agglomération,Intersection en X,Normale,Deux véhicules - frontale,,,,,,,,,,,1,2,2,1,1.0
201600049470,0016-10-03 17:30:00,16,10,3,17,30,690,199,YVES FARGE,,,Crépuscule ou aube,En agglomération,Hors intersection,Normale,Autre collision,,,,,,,,,,,2,2,1,1,6.0
201600049471,0016-10-03 19:45:00,16,10,3,19,45,690,386,MARECHAL DE SAXE,,,Nuit avec éclairage allumé,En agglomération,Hors intersection,Normale,Autre collision,,,,,,,,,,,5,2,1,1,6.0
201600049472,0016-10-04 08:10:00,16,10,4,8,10,690,383,"61, ROCKEFELLER",,,Plein jour,Hors agglomération,Hors intersection,Normale,Deux véhicules - côté,,,,,,,,,,,1,1,1,1,3.0
201600049473,0016-10-04 09:40:00,16,10,4,9,40,690,387,"94, BERTHELOT",45.745,4.841,Plein jour,En agglomération,Intersection en X,Normale,Autre collision,,,,,,,,,,,1,2,2,1,6.0
201600049474,0016-10-04 10:00:00,16,10,4,10,0,690,388,"82, ETATS UNIS (DES)",45.73165,4.86519,Plein jour,En agglomération,Hors intersection,Normale,Autre collision,,,,,,,,,,,1,2,1,1,6.0
201600049475,0016-10-04 07:20:00,16,10,4,7,20,690,383,"191, FELIX FAURE",,,Plein jour,En agglomération,Hors intersection,Normale,Autre collision,,,,,,,,,,,1,2,1,1,6.0
201600049476,0016-10-03 18:55:00,16,10,3,18,55,690,387,JEAN JAURES,,,Nuit avec éclairage allumé,En agglomération,Intersection en X,Normale,Deux véhicules - côté,,,,,,,,,,,5,2,2,1,3.0
201600049477,0016-10-04 15:45:00,16,10,4,15,45,690,387,"19, JEAN JAURES",,,Plein jour,En agglomération,Intersection en X,Normale,Autre collision,,,,,,,,,,,1,2,2,1,6.0
201600049478,0016-10-04 16:15:00,16,10,4,16,15,690,259,"26, JULES GUESDE",,,Plein jour,En agglomération,Hors intersection,Normale,Autre collision,,,,,,,,,,,1,2,1,1,6.0
201600049479,0016-10-05 07:50:00,16,10,5,7,50,690,383,VIALA,,,Plein jour,En agglomération,Intersection en T,Normale,Deux véhicules - côté,,,,,,,,,,,1,2,3,1,3.0
201600049480,0016-10-05 10:10:00,16,10,5,10,10,690,386,"298, DUGUESCLIN",,,Plein jour,En agglomération,Intersection en T,Normale,Deux véhicules - côté,,,,,,,,,,,1,2,3,1,3.0
201600049481,0016-10-06 09:00:00,16,10,6,9,0,690,388,"17, EPARGNE (DE L')",,,Plein jour,En agglomération,Hors intersection,Normale,Trois véhicules et plus - collisions multiples,,,,,,,,,,,1,2,1,1,5.0
201600049482,0016-10-05 12:15:00,16,10,5,12,15,690,386,"138, MARECHAL DE SAXE",,,Plein jour,En agglomération,Hors intersection,Normale,Deux véhicules - côté,,,,,,,,,,,1,2,1,1,3.0