accident_id,datetime,annee,mois,jour,heure,minute,departement,commune_insee,adresse,latitude,longitude,luminosite,agglomeration,intersection,meteo,collision,nb_vehicules,nb_usagers,nb_indemnes,nb_tues,nb_blesses_hosp,nb_blesses_legers,age_cond_1,age_cond_2,veh_type_cond_1,veh_type_cond_2,lum_code,agg_code,int_code,atm_code,col_code
201600049613,0016-12-16 10:30:00,16,12,16,10,30,690,388,"231, PINEL",,,Plein jour,En agglomération,Intersection en T,Normale,Deux véhicules - frontale,,,,,,,,,,,1,2,3,1,1.0
201600049614,0016-12-16 11:25:00,16,12,16,11,25,690,387,"37, UNIVERSITE (DE L')",,,Plein jour,En agglomération,Intersection en X,Normale,Autre collision,,,,,,,,,,,1,2,2,1,6.0
201600049615,0016-12-19 08:10:00,16,12,19,8,10,690,387,LORTET,,,Crépuscule ou aube,En agglomération,Hors intersection,Pluie légère,Autre collision,,,,,,,,,,,2,2,1,2,6.0
201600049616,0016-12-19 07:45:00,16,12,19,7,45,690,259,"101, IRENE JOLIOT CURIE",,,Plein jour,En agglomération,Hors intersection,Temps couvert,Deux véhicules - côté,,,,,,,,,,,1,2,1,8,3.0
201600049617,0016-12-19 07:15:00,16,12,19,7,15,690,199,DIDEROT,,,Plein jour,En agglomération,Hors intersection,Pluie légère,Autre collision,,,,,,,,,,,1,2,1,2,6.0
201600049618,0016-12-21 18:30:00,16,12,21,18,30,690,388,"223, VIENNE (DE)",,,Nuit avec éclairage allumé,En agglomération,Hors intersection,Normale,Deux véhicules - côté,,,,,,,,,,,5,2,1,1,3.0
201600049619,0016-12-21 00:15:00,16,12,21,0,15,690,386,TRONCHET,,,Nuit avec éclairage allumé,Hors agglomération,Intersection en X,Normale,Deux véhicules - frontale,,,,,,,,,,,5,1,2,1,1.0
201600049620,0016-12-22 12:30:00,16,12,22,12,30,690,259,PIERRE SEMARD,,,Plein jour,En agglomération,Hors intersection,Normale,Deux véhicules - frontale,,,,,,,,,,,1,2,1,1,1.0
201600049621,0016-12-22 19:34:00,16,12,22,19,34,690,383,MARIUS VIVIER MERLE,,,Nuit sans éclairage public,En agglomération,Hors intersection,Normale,Autre collision,,,,,,,,,,,3,2,1,1,6.0
201600049622,0016-12-22 20:00:00,16,12,22,20,0,690,383,MARIUS VIVIER MERLE,,,Nuit avec éclairage allumé,En agglomération,Hors intersection,Normale,Deux véhicules - arrière,,,,,,,,,,,5,2,1,1,2.0
201600049623,0016-12-23 14:30:00,16,12,23,14,30,690,387,"34, DEBOURG",45.731,4.828,Plein jour,En agglomération,Intersection en T,Normale,Deux véhicules - côté,,,,,,,,,,,1,2,3,1,3.0
201600049624,0016-12-25 17:00:00,16,12,25,17,0,690,259,IRENE JOLIOT CURIE,,,Nuit avec éclairage allumé,Hors agglomération,Hors intersection,Normale,Deux véhicules - arrière,,,,,,,,,,,5,1,1,1,2.0
201600049625,0016-12-27 06:30:00,16,12,27,6,30,690,388,"61, JEAN MERMOZ",,,Nuit avec éclairage allumé,En agglomération,Hors intersection,Normale,Autre collision,,,,,,,,,,,5,2,1,1,6.0
201600049626,0016-12-27 09:25:00,16,12,27,9,25,690,383,MARECHAL DE SAXE,,,Plein jour,En agglomération,Intersection en X,Normale,Autre collision,,,,,,,,,,,1,2,2,1,6.0
201600049627,0016-12-28 01:10:00,16,12,28,1,10,690,259,"1, FRANCIS DE PRESSENSE",,,Nuit avec éclairage allumé,En agglomération,Hors intersection,Normale,Deux véhicules - arrière,,,,,,,,,,,5,2,1,1,2.0
201600049628,0016-10-23 01:00:00,16,10,23,1,0,690,386,"0, VITTON",,,Nuit avec éclairage allumé,En agglomération,Intersection en T,Normale,Autre collision,,,,,,,,,,,5,2,3,1,6.0
201600049629,0016-12-28 17:45:00,16,12,28,17,45,690,259,"56, AMBROISE CROIZAT",,,Nuit avec éclairage allumé,En agglomération,Hors intersection,Normale,Autre collision,,,,,,,,,,,5,2,1,1,6.0
201600049630,0016-12-28 22:00:00,16,12,28,22,0,690,386,"14, JULES FAVRE",,,Nuit avec éclairage allumé,En agglomération,Intersection en X,Normale,Deux véhicules - côté,,,,,,,,,,,5,2,2,1,3.0
201600049631,0016-12-30 06:50:00,16,12,30,6,50,690,387,"127, JEAN JAURES",,,Nuit avec éclairage allumé,En agglomération,Hors intersection,Temps couvert,Deux véhicules - côté,,,,,,,,,,,5,2,1,8,3.0
201600049632,0016-12-30 18:30:00,16,12,30,18,30,690,259,"48, LAURENT GERIN",,,Nuit avec éclairage allumé,En agglomération,Hors intersection,Normale,Autre collision,,,,,,,,,,,5,2,1,1,6.0
201600049633,0016-12-31 03:15:00,16,12,31,3,15,690,383,"157, LAFAYETTE",45.76362,4.85491,Nuit avec éclairage allumé,En agglomération,Hors intersection,Normale,Deux véhicules - côté,,,,,,,,,,,5,2,1,1,3.0
201600049634,0016-12-30 19:10:00,16,12,30,19,10,690,276,LYON (DE),,,Plein jour,En agglomération,Intersection en T,Normale,Deux véhicules - côté,,,,,,,,,,,1,2,3,1,3.0
201600049635,0016-01-01 06:55:00,16,1,1,6,55,330,162,ROCADE A 630,44.86674,-0.65015,Nuit sans éclairage public,Hors agglomération,Hors intersection,Normale,Autre collision,,,,,,,,,,,3,1,1,1,6.0
201600049636,0016-01-01 03:00:00,16,1,1,3,0,330,249,ROUTE NATIONALE 230,,,Nuit avec éclairage non allumé,Hors agglomération,Hors intersection,Normale,Deux véhicules - arrière,,,,,,,,,,,4,1,1,1,2.0
201600049637,0016-01-01 08:10:00,16,1,1,8,10,330,192,ROCADE A 630,,,Nuit avec éclairage non allumé,Hors agglomération,Hors intersection,Normale,Deux véhicules - arrière,,,,,,,,,,,4,1,1,1,2.0
201600049638,0016-01-02 13:15:00,16,1,2,13,15,330,23,AUTOROUTE A 62,44.68978,-0.49348,Plein jour,Hors agglomération,Hors intersection,Pluie légère,Trois véhicules et plus - en chaîne,,,,,,,,,,,1,1,1,2,4.0
201600049639,0016-01-02 15:25:00,16,1,2,15,25,330,63,ROCADE A 630,44.88601,-0.56544,Plein jour,Hors agglomération,Hors intersection,Pluie légère,Autre collision,,,,,,,,,,,1,1,1,2,6.0
201600049640,0016-01-02 19:20:00,16,1,2,19,20,330,63,ROCADE A 630,44.8827,-0.55149,Nuit avec éclairage allumé,Hors agglomération,Hors intersection,Pluie légère,Trois véhicules et plus - en chaîne,,,,,,,,,,,5,1,1,2,4.0
201600049641,0016-01-03 02:10:00,16,1,3,2,10,330,535,ROUTE NATIONALE 230,44.83024,-0.50151,Nuit avec éclairage allumé,Hors agglomération,Hors intersection,Pluie légère,Autre collision,,,,,,,,,,,5,1,1,2,6.0
201600049642,0016-01-03 08:00:00,16,1,3,8,0,330,122,AUTOROUTE A 63,44.7481,-0.69817,Crépuscule ou aube,Hors agglomération,Hors intersection,Temps couvert,Autre collision,,,,,,,,,,,2,1,1,8,6.0
201600049643,0016-01-03 14:50:00,16,1,3,14,50,330,75,ROCADE A 630,44.88994,-0.61584,Plein jour,Hors agglomération,Hors intersection,Pluie légère,Autre collision,,,,,,,,,,,1,1,1,2,6.0
201600049644,0016-01-03 22:50:00,16,1,3,22,50,330,318,ROCADE A 630,44.78885,-0.62299,Nuit avec éclairage allumé,Hors agglomération,Hors intersection,Pluie forte,Autre collision,,,,,,,,,,,5,1,1,3,6.0
201600049645,0016-01-05 12:35:00,16,1,5,12,35,330,39,ROCADE A 630,44.79928,-0.53649,Plein jour,Hors agglomération,Hors intersection,Pluie légère,Trois véhicules et plus - collisions multiples,,,,,,,,,,,1,1,1,2,5.0
201600049646,0016-01-05 16:40:00,16,1,5,16,40,330,65,ROUTE NATIONALE 230,44.81003,-0.5232,Plein jour,Hors agglomération,Hors intersection,Pluie légère,Autre collision,,,,,,,,,,,1,1,1,2,6.0
201600049647,0016-01-05 20:40:00,16,1,5,20,40,330,249,ROUTE NATIONALE 230,44.87296,-0.50673,Nuit avec éclairage allumé,Hors agglomération,Hors intersection,Pluie légère,Autre collision,,,,,,,,,,,5,1,1,2,6.0
201600049648,0016-12-27 09:40:00,16,12,27,9,40,330,249,ROUTE NATIONALE 230,44.87222,-0.50592,Plein jour,Hors agglomération,Hors intersection,Normale,Deux véhicules - arrière,,,,,,,,,,,1,1,1,1,2.0
201600049649,0016-01-05 22:00:00,16,1,5,22,0,330,39,ROCADE A 630,44.79032,-0.54077,Nuit avec éclairage allumé,Hors agglomération,Hors intersection,Pluie forte,Trois véhicules et plus - collisions multiples,,,,,,,,,,,5,1,1,3,5.0
201600049650,0016-01-06 12:50:00,16,1,6,12,50,330,143,AUTOROUTE A 10,44.96568,-0.43923,Plein jour,Hors agglomération,Hors intersection,Pluie forte,Deux véhicules - frontale,,,,,,,,,,,1,1,1,3,1.0
201600049651,0016-01-06 12:50:00,16,1,6,12,50,330,143,AUTOROUTE A 10,44.96568,-0.43923,Plein jour,Hors agglomération,Hors intersection,Pluie légère,Trois véhicules et plus - collisions multiples,,,,,,,,,,,1,1,1,2,5.0
201600049652,0016-01-07 13:40:00,16,1,7,13,40,330,167,ROUTE NATIONALE 230,44.83007,-0.50164,Plein jour,Hors agglomération,Hors intersection,Normale,Autre collision,,,,,,,,,,,1,1,1,1,6.0
201600049653,0016-01-07 15:00:00,16,1,7,15,0,330,192,ROCADE A 630,44.78977,-0.60632,Plein jour,Hors agglomération,Hors intersection,Temps couvert,Trois véhicules et plus - en chaîne,,,,,,,,,,,1,1,1,8,4.0
201600049654,0016-01-07 23:50:00,16,1,7,23,50,330,192,ROCADE A 630,44.78663,-0.59697,Nuit avec éclairage allumé,Hors agglomération,Hors intersection,Pluie forte,Deux véhicules - frontale,,,,,,,,,,,5,1,1,3,1.0
201600049655,0016-01-08 18:05:00,16,1,8,18,5,330,63,ROCADE A 630,44.88267,-0.55132,Nuit avec éclairage allumé,Hors agglomération,Hors intersection,Pluie légère,Deux véhicules - arrière,,,,,,,,,,,5,1,1,2,2.0
201600049656,0016-01-16 08:30:00,16,1,16,8,30,330,448,AUTOROUTE A 62,44.70577,-0.50846,Crépuscule ou aube,Hors agglomération,Hors intersection,Pluie légère,Autre collision,,,,,,,,,,,2,1,1,2,6.0
201600049657,0016-01-10 14:30:00,16,1,10,14,30,330,249,ROCADE A 630,44.8847,-0.51529,Plein jour,Hors agglomération,Hors intersection,Pluie forte,Autre collision,,,,,,,,,,,1,1,1,3,6.0
201600049658,0016-01-13 19:45:00,16,1,13,19,45,330,474,AUTOROUTE A 62,44.66636,-0.46562,Nuit sans éclairage public,Hors agglomération,Hors intersection,Pluie légère,Deux véhicules - frontale,,,,,,,,,,,3,1,1,2,1.0
201600049659,0016-01-14 10:20:00,16,1,14,10,20,330,39,ROCADE A 631,44.80243,-0.53279,Plein jour,Hors agglomération,Hors intersection,Pluie légère,Deux véhicules - côté,,,,,,,,,,,1,1,1,2,3.0
201600049660,0016-01-14 19:00:00,16,1,14,19,0,330,13,ROUTE NATIONALE 230,44.86326,-0.504,Plein jour,Hors agglomération,Hors intersection,Normale,Deux véhicules - côté,,,,,,,,,,,1,1,1,1,3.0
201600049661,0016-01-15 12:30:00,16,1,15,12,30,330,249,ROUTE NATIONALE 230,44.87432,-0.50727,Plein jour,Hors agglomération,Hors intersection,Normale,Deux véhicules - côté,,,,,,,,,,,1,1,1,1,3.0
201600049662,0016-01-16 23:40:00,16,1,16,23,40,330,80,AUTOROUTE A 62,44.73937,-0.53501,Nuit avec éclairage allumé,Hors agglomération,Hors intersection,Normale,Deux véhicules - arrière,,,,,,,,,,,5,1,1,1,2.0
201600049663,0016-01-18 07:20:00,16,1,18,7,20,330,249,ROUTE NATIONALE 230,44.87168,-0.50627,Nuit avec éclairage allumé,Hors agglomération,Hors intersection,Pluie légère,Deux véhicules - arrière,,,,,,,,,,,5,1,1,2,2.0
201600049664,0016-01-18 18:25:00,16,1,18,18,25,330,550,ROCADE A 630,44.78346,-0.58871,Nuit avec éclairage allumé,Hors agglomération,Hors intersection,Pluie légère,Autre collision,,,,,,,,,,,5,1,1,2,6.0
201600049665,0016-01-18 22:25:00,16,1,18,22,25,330,119,ROUTE NATIONALE 230,44.86558,-0.50404,Nuit avec éclairage non allumé,Hors agglomération,Hors intersection,Pluie légère,Autre collision,,,,,,,,,,,4,1,1,2,6.0
201600049666,0016-01-19 08:00:00,16,1,19,8,0,330,162,ROCADE A 630,44.87216,-0.64084,Plein jour,Hors agglomération,Hors intersection,Normale,Deux véhicules - côté,,,,,,,,,,,1,1,1,1,3.0
201600049667,0016-01-19 08:35:00,16,1,19,8,35,330,80,AUTOROUTE A 62,44.75194,-0.54226,Crépuscule ou aube,Hors agglomération,Hors intersection,Pluie légère,Sans collision,,,,,,,,,,,2,1,1,2,7.0
201600049668,0016-01-19 10:50:00,16,1,19,10,50,330,249,ROCADE A 630,44.87988,0.53671,Plein jour,Hors agglomération,Hors intersection,Pluie légère,Deux véhicules - arrière,,,,,,,,,,,1,1,1,2,2.0
201600049669,0016-01-21 10:45:00,16,1,21,10,45,330,167,ROUTE NATIONALE 230,44.83007,-0.50164,Plein jour,Hors agglomération,Hors intersection,Brouillard / fumée,Trois véhicules et plus - en chaîne,,,,,,,,,,,1,1,1,5,4.0
201600049670,0016-01-21 13:35:00,16,1,21,13,35,330,13,ROUTE NATIONALE 230,44.84785,-0.503,Plein jour,Hors agglomération,Hors intersection,Brouillard / fumée,Deux véhicules - arrière,,,,,,,,,,,1,1,1,5,2.0
201600049671,0016-01-22 20:00:00,16,1,22,20,0,330,318,ROCADE A 630,44.78901,-0.62113,Nuit avec éclairage allumé,Hors agglomération,Hors intersection,Pluie forte,Deux véhicules - arrière,,,,,,,,,,,5,1,1,3,2.0
201600049672,0016-01-26 16:20:00,16,1,26,16,20,330,39,ROCADE A 630,44.79077,-0.54071,Plein jour,Hors agglomération,Hors intersection,Normale,Trois véhicules et plus - collisions multiples,,,,,,,,,,,1,1,1,1,5.0
201600049673,0016-01-27 20:10:00,16,1,27,20,10,330,281,ROCADE A 630,44.85535,-0.66394,Nuit sans éclairage public,Hors agglomération,Hors intersection,Normale,Trois véhicules et plus - collisions multiples,,,,,,,,,,,3,1,1,1,5.0
201600049674,0016-01-28 04:40:00,16,1,28,4,40,330,90,AUTOROUTE A 63,44.76798,-0.66699,Nuit sans éclairage public,Hors agglomération,Hors intersection,Normale,Autre collision,,,,,,,,,,,3,1,1,1,6.0
201600049675,0016-01-30 20:05:00,16,1,30,20,5,330,122,AUTOROUTE A 63,44.73163,-0.72415,Nuit sans éclairage public,Hors agglomération,Hors intersection,Pluie forte,Deux véhicules - arrière,,,,,,,,,,,3,1,1,3,2.0
201600049676,0016-01-30 20:20:00,16,1,30,20,20,330,65,ROUTE NATIONALE 230,44.81375,-0.52078,Nuit avec éclairage allumé,Hors agglomération,Hors intersection,Pluie légère,Deux véhicules - frontale,,,,,,,,,,,5,1,1,2,1.0
201600049677,0016-01-31 02:20:00,16,1,31,2,20,330,281,ROCADE A 630,44.84299,-0.67303,Nuit sans éclairage public,Hors agglomération,Hors intersection,Pluie forte,Autre collision,,,,,,,,,,,3,1,1,3,6.0
201600049678,0016-01-31 14:20:00,16,1,31,14,20,330,162,ROCADE A 630,44.85753,-0.6624,Plein jour,Hors agglomération,Hors intersection,Pluie légère,Autre collision,,,,,,,,,,,1,1,1,2,6.0
201600049679,0016-01-31 18:20:00,16,1,31,18,20,330,23,AUTOROUTE A 62,44.68981,-0.49356,Nuit sans éclairage public,Hors agglomération,Hors intersection,Pluie légère,Trois véhicules et plus - en chaîne,,,,,,,,,,,3,1,1,2,4.0
201600049680,0016-02-01 08:50:00,16,2,1,8,50,330,550,AUTOROUTE A 62,44.76429,-0.54876,Plein jour,Hors agglomération,Hors intersection,Pluie légère,Deux véhicules - arrière,,,,,,,,,,,1,1,1,2,2.0
201600049681,0016-02-01 08:50:00,16,2,1,8,50,330,39,ROCADE A 630,44.80382,-0.53255,Plein jour,Hors agglomération,Hors intersection,Pluie légère,Deux véhicules - arrière,,,,,,,,,,,1,1,1,2,2.0
201600049682,0016-02-03 07:25:00,16,2,3,7,25,330,167,ROUTE NATIONALE 230,44.83857,-0.5011,Nuit sans éclairage public,Hors agglomération,Hors intersection,Pluie légère,Sans collision,,,,,,,,,,,3,1,1,2,7.0
201600049683,0016-02-05 11:00:00,16,2,5,11,0,330,397,AUTOROUTE A 10,44.92168,-0.47471,Plein jour,Hors agglomération,Hors intersection,Normale,Autre collision,,,,,,,,,,,1,1,1,1,6.0
201600049684,0016-02-05 17:18:00,16,2,5,17,18,330,550,AUTOROUTE A 62,44.76424,-0.54889,Plein jour,Hors agglomération,Hors intersection,Normale,Deux véhicules - arrière,,,,,,,,,,,1,1,1,1,2.0
201600049685,0016-02-08 09:30:00,16,2,8,9,30,330,249,ROUTE NATIONALE 230,44.88117,-0.5106,Plein jour,Hors agglomération,Hors intersection,Pluie légère,Deux véhicules - arrière,,,,,,,,,,,1,1,1,2,2.0
201600049686,0016-02-09 07:05:00,16,2,9,7,5,330,63,ROCADE A 630,44.88116,-0.5106,Nuit avec éclairage allumé,Hors agglomération,Hors intersection,Pluie forte,Deux véhicules - arrière,,,,,,,,,,,5,1,1,3,2.0
201600049687,0016-02-12 08:00:00,16,2,12,8,0,330,249,ROCADE A 630,44.8799,-0.53679,Crépuscule ou aube,Hors agglomération,Hors intersection,Pluie légère,Deux véhicules - côté,,,,,,,,,,,2,1,1,2,3.0
201600049688,0016-02-14 01:50:00,16,2,14,1,50,330,96,AUTOROUTE A 10,44.8943,-0.49866,Nuit avec éclairage allumé,Hors agglomération,Hors intersection,Normale,Autre collision,,,,,,,,,,,5,1,1,1,6.0
201600049689,0016-02-14 08:08:00,16,2,14,8,8,330,13,ROUTE NATIONALE 230,44.86112,-0.50422,Crépuscule ou aube,Hors agglomération,Hors intersection,Normale,Autre collision,,,,,,,,,,,2,1,1,1,6.0
201600049690,0016-02-14 10:04:00,16,2,14,10,4,330,192,AUTOROUTE A 63,44.78678,-0.62571,Plein jour,Hors agglomération,Hors intersection,Normale,Autre collision,,,,,,,,,,,1,1,1,1,6.0
201600049691,0016-02-14 16:20:00,16,2,14,16,20,330,318,AUTOROUTE A 63,44.78718,-0.62494,Plein jour,Hors agglomération,Hors intersection,Pluie légère,Autre collision,,,,,,,,,,,1,1,1,2,6.0
201600049692,0016-02-15 16:35:00,16,2,15,16,35,330,96,AUTOROUTE A 10,44.89288,-0.50019,Plein jour,Hors agglomération,Hors intersection,Normale,Autre collision,,,,,,,,,,,1,1,1,1,6.0
201600049693,0016-02-18 15:35:00,16,2,18,15,35,330,281,ROCADE A 630,44.85752,-0.66241,Plein jour,Hors agglomération,Hors intersection,Normale,Autre collision,,,,,,,,,,,1,1,1,1,6.0
201600049694,0016-02-21 02:35:00,16,2,21,2,35,330,167,ROUTE NATIONALE 230,44.84489,-0.50178,Nuit avec éclairage allumé,Hors agglomération,Hors intersection,Pluie légère,Autre collision,,,,,,,,,,,5,1,1,2,6.0
201600049695,0016-02-21 20:45:00,16,2,21,20,45,330,63,ROCADE A 630,44.882,-0.54777,Nuit avec éclairage allumé,Hors agglomération,Hors intersection,Normale,Autre collision,,,,,,,,,,,5,1,1,1,6.0
201600049696,0016-02-22 07:35:00,16,2,22,7,35,330,122,AUTOROUTE A 63,44.75775,-0.68349,Crépuscule ou aube,Hors agglomération,Hors intersection,Normale,Deux véhicules - côté,,,,,,,,,,,2,1,1,1,3.0
201600049697,0016-02-23 14:00:00,16,2,23,14,0,330,281,ROCADE A 630,44.85753,-0.6624,Plein jour,Hors agglomération,Hors intersection,Pluie légère,Autre collision,,,,,,,,,,,1,1,1,2,6.0
201600049698,0016-02-26 13:25:00,16,2,26,13,25,330,75,ROCADE A 630,44.88895,-0.59549,Plein jour,Hors agglomération,Hors intersection,Normale,Autre collision,,,,,,,,,,,1,1,1,1,6.0
201600049699,0016-02-27 16:47:00,16,2,27,16,47,330,249,ROCADE A 630,44.88481,-0.51526,Plein jour,Hors agglomération,Hors intersection,Normale,Autre collision,,,,,,,,,,,1,1,1,1,6.0
201600049700,0016-03-03 08:23:00,16,3,3,8,23,330,39,ROUTE NATIONALE 230,44.80643,-0.52864,Plein jour,Hors agglomération,Hors intersection,Normale,Trois véhicules et plus - collisions multiples,,,,,,,,,,,1,1,1,1,5.0
201600049701,0016-03-03 21:02:00,16,3,3,21,2,330,122,AUTOROUTE A 63,44.75588,-0.68636,Nuit sans éclairage public,Hors agglomération,Hors intersection,Pluie légère,Deux véhicules - frontale,,,,,,,,,,,3,1,1,2,1.0
201600049702,0016-03-04 08:50:00,16,3,4,8,50,330,39,ROCADE A 630,44.80146,-0.53467,Plein jour,Hors agglomération,Hors intersection,Pluie légère,Sans collision,,,,,,,,,,,1,1,1,2,7.0
201600049703,0016-03-04 15:15:00,16,3,4,15,15,330,162,ROCADE A 630,44.8706,-0.64353,Plein jour,Hors agglomération,Hors intersection,Pluie légère,Trois véhicules et plus - collisions multiples,,,,,,,,,,,1,1,1,2,5.0
201600049704,0016-03-04 18:50:00,16,3,4,18,50,330,550,ROCADE A 630,44.77872,-0.55282,Plein jour,Hors agglomération,Hors intersection,Pluie légère,Deux véhicules - côté,,,,,,,,,,,1,1,1,2,3.0
201600049705,0016-03-05 10:00:00,16,3,5,10,0,330,162,ROCADE A 630,44.85777,-0.66218,Plein jour,Hors agglomération,Hors intersection,Normale,Deux véhicules - frontale,,,,,,,,,,,1,1,1,1,1.0
201600049706,0016-03-06 16:30:00,16,3,6,16,30,330,75,ROCADE A 630,44.88663,-0.62121,Plein jour,Hors agglomération,Hors intersection,Normale,Trois véhicules et plus - en chaîne,,,,,,,,,,,1,1,1,1,4.0
201600049707,0016-03-06 20:10:00,16,3,6,20,10,330,249,ROUTE NATIONALE 230,44.8781,-0.50939,Nuit avec éclairage allumé,Hors agglomération,Hors intersection,Normale,Deux véhicules - frontale,,,,,,,,,,,5,1,1,1,1.0
201600049708,0016-03-07 08:35:00,16,3,7,8,35,330,122,AUTOROUTE A 63,44.75525,-0.68732,Plein jour,Hors agglomération,Hors intersection,Normale,Trois véhicules et plus - en chaîne,,,,,,,,,,,1,1,1,1,4.0
201600049709,0016-03-08 07:20:00,16,3,8,7,20,330,448,AUTOROUTE A 62,44.71708,-0.51973,Nuit sans éclairage public,Hors agglomération,Hors intersection,Normale,Deux véhicules - arrière,,,,,,,,,,,3,1,1,1,2.0
201600049710,0016-03-11 11:40:00,16,3,11,11,40,330,162,ROCADE A 630,44.86726,-0.64924,Plein jour,Hors agglomération,Hors intersection,Normale,Deux véhicules - arrière,,,,,,,,,,,1,1,1,1,2.0
201600049711,0016-03-14 07:10:00,16,3,14,7,10,330,63,ROCADE A 630,44.88156,-0.5454,Plein jour,Hors agglomération,Hors intersection,Normale,Trois véhicules et plus - en chaîne,,,,,,,,,,,1,1,1,1,4.0
201600049712,0016-03-14 10:10:00,16,3,14,10,10,330,366,AUTOROUTE A 10,45.01426,-0.43068,Plein jour,Hors agglomération,Hors intersection,Normale,Autre collision,,,,,,,,,,,1,1,1,1,6.0
201600049713,0016-03-15 07:43:00,16,3,15,7,43,330,249,AUTOROUTE A 10,44.88978,-0.50354,Plein jour,Hors agglomération,Hors intersection,Normale,Trois véhicules et plus - en chaîne,,,,,,,,,,,1,1,1,1,4.0
201600049714,0016-03-17 12:50:00,16,3,17,12,50,330,39,ROUTE NATIONALE 230,44.80673,-0.52819,Plein jour,Hors agglomération,Hors intersection,Normale,Deux véhicules - côté,,,,,,,,,,,1,1,1,1,3.0
201600049715,0016-03-19 02:30:00,16,3,19,2,30,330,80,AUTOROUTE A 62,44.73166,-0.53059,Nuit sans éclairage public,Hors agglomération,Hors intersection,Normale,Autre collision,,,,,,,,,,,3,1,1,1,6.0
201600049716,0016-03-02 16:50:00,16,3,2,16,50,330,162,ROCADE A 630,44.88664,-0.62121,Plein jour,Hors agglomération,Hors intersection,Pluie légère,Deux véhicules - arrière,,,,,,,,,,,1,1,1,2,2.0
201600049717,0016-03-21 08:20:00,16,3,21,8,20,330,249,ROUTE NATIONALE 230,44.87248,-0.50656,Plein jour,Hors agglomération,Hors intersection,Normale,Deux véhicules - arrière,,,,,,,,,,,1,1,1,1,2.0
201600049718,0016-03-22 18:00:00,16,3,22,18,0,330,122,AUTOROUTE A 63,44.75398,-0.68924,Plein jour,Hors agglomération,Hors intersection,Normale,Trois véhicules et plus - en chaîne,,,,,,,,,,,1,1,1,1,4.0
201600049719,0016-03-23 10:00:00,16,3,23,10,0,330,167,ROUTE NATIONALE 230,44.84231,-0.50149,Plein jour,Hors agglomération,Hors intersection,Normale,Deux véhicules - côté,,,,,,,,,,,1,1,1,1,3.0
201600049720,0016-03-24 07:20:00,16,3,24,7,20,330,80,AUTOROUTE A 62,44.73712,-0.5339,Plein jour,Hors agglomération,Hors intersection,Normale,Deux véhicules - arrière,,,,,,,,,,,1,1,1,1,2.0
201600049721,0016-03-25 20:45:00,16,3,25,20,45,330,13,ROUTE NATIONALE 230,44.8475,-0.50285,Nuit avec éclairage allumé,Hors agglomération,Hors intersection,Pluie légère,Deux véhicules - arrière,,,,,,,,,,,5,1,1,2,2.0
201600049722,0016-03-26 10:50:00,16,3,26,10,50,330,143,AUTOROUTE A 10,44.95862,-0.44698,Plein jour,Hors agglomération,Hors intersection,Normale,Deux véhicules - côté,,,,,,,,,,,1,1,1,1,3.0
201600049723,0016-03-29 16:30:00,16,3,29,16,30,330,122,AUTOROUTE A 63,44.75161,-0.69284,Plein jour,Hors agglomération,Hors intersection,Normale,Deux véhicules - arrière,,,,,,,,,,,1,1,1,1,2.0
201600049724,0016-04-01 20:00:00,16,4,1,20,0,330,487,AUTOROUTE A 10,44.94215,-0.46609,Plein jour,Hors agglomération,Hors intersection,Normale,Autre collision,,,,,,,,,,,1,1,1,1,6.0
201600049725,0016-04-04 18:50:00,16,4,4,18,50,330,119,ROUTE NATIONALE 230.,44.86174,-0.50416,Plein jour,Hors agglomération,Hors intersection,Normale,Deux véhicules - arrière,,,,,,,,,,,1,1,1,1,2.0
201600049726,0016-04-07 08:20:00,16,4,7,8,20,330,487,AUTOROUTE A 10,44.95336,-0.45722,Plein jour,Hors agglomération,Hors intersection,Normale,Deux véhicules - côté,,,,,,,,,,,1,1,1,1,3.0
201600049727,0016-04-08 07:00:00,16,4,8,7,0,330,167,ROUTE NATIONALE 230,44.82311,-0.51239,Crépuscule ou aube,Hors agglomération,Hors intersection,Normale,Deux véhicules - arrière,,,,,,,,,,,2,1,1,1,2.0
201600049728,0016-04-12 17:00:00,16,4,12,17,0,330,192,ROCADE A 630,44.78611,-0.59567,Plein jour,Hors agglomération,Hors intersection,Pluie légère,Deux véhicules - arrière,,,,,,,,,,,1,1,1,2,2.0
201600049729,0016-04-20 11:55:00,16,4,20,11,55,330,63,ROCADE A 630,44.88607,-0.56567,Plein jour,Hors agglomération,Hors intersection,Normale,Deux véhicules - côté,,,,,,,,,,,1,1,1,1,3.0
201600049730,0016-04-25 08:10:00,16,4,25,8,10,330,448,AUTOROUTE A 62,44.70619,-0.50886,Plein jour,Hors agglomération,Hors intersection,Normale,Trois véhicules et plus - collisions multiples,,,,,,,,,,,1,1,1,1,5.0
201600049731,0016-04-26 07:50:00,16,4,26,7,50,330,162,ROCADE A 630,44.87924,-0.62844,Plein jour,Hors agglomération,Hors intersection,Pluie légère,Trois véhicules et plus - collisions multiples,,,,,,,,,,,1,1,1,2,5.0
201600049732,0016-04-27 07:30:00,16,4,27,7,30,330,281,ROCADE A 630,44.83915,-0.67561,Plein jour,Hors agglomération,Hors intersection,Normale,Deux véhicules - arrière,,,,,,,,,,,1,1,1,1,2.0