accident_id,datetime,annee,mois,jour,heure,minute,departement,commune_insee,adresse,latitude,longitude,luminosite,agglomeration,intersection,meteo,collision,nb_vehicules,nb_usagers,nb_indemnes,nb_tues,nb_blesses_hosp,nb_blesses_legers,age_cond_1,age_cond_2,veh_type_cond_1,veh_type_cond_2,lum_code,agg_code,int_code,atm_code,col_code
201600049733,0016-04-29 12:45:00,16,4,29,12,45,330,39,ROUTE NATIONALE 230,44.80508,-0.53071,Plein jour,Hors agglomération,Hors intersection,Normale,Deux véhicules - arrière,,,,,,,,,,,1,1,1,1,2.0
201600049734,0016-04-29 16:40:00,16,4,29,16,40,330,318,ROCADE A 630,44.78885,-0.62299,Plein jour,Hors agglomération,Hors intersection,Normale,Sans collision,,,,,,,,,,,1,1,1,1,7.0
201600049735,0016-04-30 13:44:00,16,4,30,13,44,330,550,ROCADE A 630,44.78091,-0.58002,Plein jour,Hors agglomération,Hors intersection,Vent fort / tempête,Deux véhicules - arrière,,,,,,,,,,,1,1,1,6,2.0
201600049736,0016-05-03 09:30:00,16,5,3,9,30,330,192,AUTOROUTE A 63,44.78641,0.62643,Plein jour,Hors agglomération,Hors intersection,Normale,Autre collision,,,,,,,,,,,1,1,1,1,6.0
201600049737,0016-05-03 13:44:00,16,5,3,13,44,330,281,ROCADE A 630,44.81347,-0.67249,Plein jour,Hors agglomération,Hors intersection,Normale,Deux véhicules - arrière,,,,,,,,,,,1,1,1,1,2.0
201600049738,0016-05-03 21:50:00,16,5,3,21,50,330,550,ROCADE A 630,44.77984,-0.57522,Nuit sans éclairage public,Hors agglomération,Hors intersection,Normale,Trois véhicules et plus - en chaîne,,,,,,,,,,,3,1,1,1,4.0
201600049739,0016-05-04 16:40:00,16,5,4,16,40,330,249,ROCADE A 630,44.88481,-0.51525,Plein jour,Hors agglomération,Hors intersection,Normale,Deux véhicules - côté,,,,,,,,,,,1,1,1,1,3.0
201600049740,0016-05-05 10:00:00,16,5,5,10,0,330,192,AUTOROUTE A 63,44.78167,-0.63501,Plein jour,Hors agglomération,Hors intersection,Normale,Autre collision,,,,,,,,,,,1,1,1,1,6.0
201600049741,0016-05-05 10:55:00,16,5,5,10,55,330,397,AUTOROUTE A10,44.91079,-0.48688,Plein jour,Hors agglomération,Hors intersection,Normale,Autre collision,,,,,,,,,,,1,1,1,1,6.0
201600049742,0016-05-05 11:10:00,16,5,5,11,10,330,550,AUTOROUTE A 62,44.77348,-0.55627,Plein jour,Hors agglomération,Hors intersection,Normale,Trois véhicules et plus - en chaîne,,,,,,,,,,,1,1,1,1,4.0
201600049743,0016-05-06 19:00:00,16,5,6,19,0,330,122,AUTOROUTE A63,44.74881,-0.6871,Plein jour,Hors agglomération,Hors intersection,Normale,Autre collision,,,,,,,,,,,1,1,1,1,6.0
201600049744,0016-05-09 12:35:00,16,5,9,12,35,330,162,ROCADE A 630,44.85753,-0.6624,Plein jour,Hors agglomération,Hors intersection,Pluie légère,Trois véhicules et plus - collisions multiples,,,,,,,,,,,1,1,1,2,5.0
201600049745,0016-05-09 12:55:00,16,5,9,12,55,330,39,ROCADE A 630,44.79417,-0.53969,Plein jour,Hors agglomération,Hors intersection,Normale,Autre collision,,,,,,,,,,,1,1,1,1,6.0
201600049746,0016-05-10 08:15:00,16,5,10,8,15,330,90,AUTOROUTE A 63,44.7636,-0.67455,Plein jour,Hors agglomération,Hors intersection,Normale,Trois véhicules et plus - en chaîne,,,,,,,,,,,1,1,1,1,4.0
201600049747,0016-05-13 01:10:00,16,5,13,1,10,330,550,ROCADE A 630,44.78271,-0.58647,Nuit avec éclairage allumé,Hors agglomération,Hors intersection,Normale,Autre collision,,,,,,,,,,,5,1,1,1,6.0
201600049748,0016-05-15 03:00:00,16,5,15,3,0,330,318,ROCADE A 630,44.7992,-0.64447,Nuit sans éclairage public,Hors agglomération,Hors intersection,Normale,Deux véhicules - arrière,,,,,,,,,,,3,1,1,1,2.0
201600049749,0016-05-18 00:55:00,16,5,18,0,55,330,39,ROCADE A 630,44.79417,-0.53969,Nuit avec éclairage allumé,Hors agglomération,Hors intersection,Normale,Sans collision,,,,,,,,,,,5,1,1,1,7.0
201600049750,0016-05-18 17:35:00,16,5,18,17,35,330,39,ROUTE NATIONALE 230,44.80691,-0.52791,Plein jour,Hors agglomération,Hors intersection,Normale,Deux véhicules - arrière,,,,,,,,,,,1,1,1,1,2.0
201600049751,0016-05-18 17:30:00,16,5,18,17,30,330,249,ROCADE A 630,44.87876,-0.53,Plein jour,Hors agglomération,Hors intersection,Normale,Trois véhicules et plus - en chaîne,,,,,,,,,,,1,1,1,1,4.0
201600049752,0016-05-20 07:45:00,16,5,20,7,45,330,63,ROCADE A 630,44.88245,-0.55014,Plein jour,Hors agglomération,Hors intersection,Pluie légère,Autre collision,,,,,,,,,,,1,1,1,2,6.0
201600049753,0016-05-20 08:50:00,16,5,20,8,50,330,90,AUTOROUTE A 63,44.76508,-0.67214,Plein jour,Hors agglomération,Hors intersection,Normale,Trois véhicules et plus - collisions multiples,,,,,,,,,,,1,1,1,1,5.0
201600049754,0016-05-27 00:45:00,16,5,27,0,45,330,550,ROCADE A 630,44.78263,-0.58624,Nuit avec éclairage allumé,Hors agglomération,Hors intersection,Normale,Autre collision,,,,,,,,,,,5,1,1,1,6.0
201600049755,0016-05-27 15:45:00,16,5,27,15,45,330,65,ROUTE NATIONALE 230,44.81128,-0.52196,Plein jour,Hors agglomération,Hors intersection,Normale,Deux véhicules - arrière,,,,,,,,,,,1,1,1,1,2.0
201600049756,0016-05-31 17:05:00,16,5,31,17,5,330,249,ROUTE NATIONALE 230,44.87176,-0.50632,Plein jour,Hors agglomération,Hors intersection,Normale,Autre collision,,,,,,,,,,,1,1,1,1,6.0
201600049757,0016-06-01 09:05:00,16,6,1,9,5,330,249,ROCADE A 630,44.88152,-0.52327,Plein jour,Hors agglomération,Hors intersection,Pluie forte,Deux véhicules - côté,,,,,,,,,,,1,1,1,3,3.0
201600049758,0016-06-02 14:50:00,16,6,2,14,50,330,39,ROCADE A 630,44.80146,-0.53467,Plein jour,Hors agglomération,Hors intersection,Normale,Deux véhicules - côté,,,,,,,,,,,1,1,1,1,3.0
201600049759,0016-06-02 17:05:00,16,6,2,17,5,330,162,ROCADE A 630,44.87839,-0.62993,Plein jour,Hors agglomération,Hors intersection,Normale,Trois véhicules et plus - en chaîne,,,,,,,,,,,1,1,1,1,4.0
201600049760,0016-06-03 18:00:00,16,6,3,18,0,330,397,AUTOROUTE A 10,44.91335,-0.48168,Plein jour,Hors agglomération,Hors intersection,Normale,Trois véhicules et plus - collisions multiples,,,,,,,,,,,1,1,1,1,5.0
201600049761,0016-06-04 13:15:00,16,6,4,13,15,330,281,ROCADE A 630,44.83213,-0.67648,Plein jour,Hors agglomération,Hors intersection,Normale,Deux véhicules - arrière,,,,,,,,,,,1,1,1,1,2.0
201600049762,0016-06-05 05:10:00,16,6,5,5,10,330,281,ROCADE A 630,44.82404,-0.67457,Nuit sans éclairage public,Hors agglomération,Hors intersection,Normale,Deux véhicules - arrière,,,,,,,,,,,3,1,1,1,2.0
201600049763,0016-06-08 23:50:00,16,6,8,23,50,330,281,ROCADE A 630,44.82715,-0.67525,Nuit avec éclairage allumé,Hors agglomération,Hors intersection,Normale,Deux véhicules - arrière,,,,,,,,,,,5,1,1,1,2.0
201600049764,0016-06-07 14:20:00,16,6,7,14,20,330,249,AUTOROUTE A 10,44.88779,-0.50539,Plein jour,Hors agglomération,Hors intersection,Normale,Trois véhicules et plus - collisions multiples,,,,,,,,,,,1,1,1,1,5.0
201600049765,0016-06-10 14:35:00,16,6,10,14,35,330,192,AUTOROUTE A 63,44.7583,-0.62854,Plein jour,Hors agglomération,Hors intersection,Pluie légère,Deux véhicules - arrière,,,,,,,,,,,1,1,1,2,2.0
201600049766,0016-06-10 16:25:00,16,6,10,16,25,330,550,AUTOROUTE A 62,44.76189,-0.54748,Plein jour,Hors agglomération,Hors intersection,Pluie légère,Autre collision,,,,,,,,,,,1,1,1,2,6.0
201600049767,0016-06-13 08:50:00,16,6,13,8,50,330,23,AUTOROUTE A 62,44.68755,-0.49237,Plein jour,Hors agglomération,Hors intersection,Pluie légère,Trois véhicules et plus - collisions multiples,,,,,,,,,,,1,1,1,2,5.0
201600049768,0016-06-17 09:10:00,16,6,17,9,10,330,167,ROUTE NATIONALE 230,44.84285,-0.50154,Plein jour,Hors agglomération,Hors intersection,Pluie légère,Deux véhicules - côté,,,,,,,,,,,1,1,1,2,3.0
201600049769,0016-06-16 07:35:00,16,6,16,7,35,330,192,ROCADE A 630,44.78468,-0.59212,Plein jour,Hors agglomération,Hors intersection,Pluie légère,Deux véhicules - arrière,,,,,,,,,,,1,1,1,2,2.0
201600049770,0016-06-16 12:35:00,16,6,16,12,35,330,192,AUTOROUTE A 63,44.77966,-0.63982,Plein jour,Hors agglomération,Hors intersection,Normale,Autre collision,,,,,,,,,,,1,1,1,1,6.0
201600049771,0016-06-17 08:10:00,16,6,17,8,10,330,96,AUTOROUTE A 10,44.89977,-0.49438,Plein jour,Hors agglomération,Hors intersection,Pluie légère,Trois véhicules et plus - en chaîne,,,,,,,,,,,1,1,1,2,4.0
201600049772,0016-06-17 14:55:00,16,6,17,14,55,330,162,ROCADE A 630,44.86839,-0.6473,Plein jour,Hors agglomération,Hors intersection,Temps couvert,Deux véhicules - côté,,,,,,,,,,,1,1,1,8,3.0
201600049773,0016-06-18 00:10:00,16,6,18,0,10,330,318,ROCADE A 630,44.80204,-0.65869,Nuit sans éclairage public,Hors agglomération,Hors intersection,Pluie forte,Autre collision,,,,,,,,,,,3,1,1,3,6.0
201600049774,0016-06-18 00:10:00,16,6,18,0,10,330,119,ROUTE NATIONALE 230,44.85557,-0.50509,Nuit avec éclairage allumé,Hors agglomération,Hors intersection,Pluie forte,Deux véhicules - arrière,,,,,,,,,,,5,1,1,3,2.0
201600049775,0016-06-21 10:30:00,16,6,21,10,30,330,39,ROCADE A 631,44.80613,-0.53192,Plein jour,Hors agglomération,Hors intersection,Normale,Autre collision,,,,,,,,,,,1,1,1,1,6.0
201600049776,0016-06-22 18:00:00,16,6,22,18,0,330,75,ROCADE A 630,44.88996,-0.60965,Plein jour,Hors agglomération,Hors intersection,Normale,Deux véhicules - arrière,,,,,,,,,,,1,1,1,1,2.0
201600049777,0016-06-23 07:40:00,16,6,23,7,40,330,162,ROCADE A 630,44.86279,-0.65655,Plein jour,Hors agglomération,Hors intersection,Normale,Deux véhicules - arrière,,,,,,,,,,,1,1,1,1,2.0
201600049778,0016-06-23 11:08:00,16,6,23,11,8,330,39,ROCADE A 630,44.80068,-0.53533,Plein jour,Hors agglomération,Hors intersection,Normale,Trois véhicules et plus - en chaîne,,,,,,,,,,,1,1,1,1,4.0
201600049779,0016-06-24 19:40:00,16,6,24,19,40,330,192,ROCADE A 630,44.78936,-0.61675,Plein jour,Hors agglomération,Hors intersection,Normale,Deux véhicules - arrière,,,,,,,,,,,1,1,1,1,2.0
201600049780,0016-06-26 17:05:00,16,6,26,17,5,330,249,ROCADE A 630,44.8848,-0.51529,Plein jour,Hors agglomération,Hors intersection,Normale,Sans collision,,,,,,,,,,,1,1,1,1,7.0
201600049781,0016-06-27 23:45:00,16,6,27,23,45,330,122,AUTOROUTE A 63,44.72901,-0.72798,Nuit sans éclairage public,Hors agglomération,Hors intersection,Normale,Deux véhicules - arrière,,,,,,,,,,,3,1,1,1,2.0
201600049782,0016-06-28 08:50:00,16,6,28,8,50,330,281,ROCADE A 630,44.83391,-0.67661,Plein jour,Hors agglomération,Hors intersection,Normale,Trois véhicules et plus - collisions multiples,,,,,,,,,,,1,1,1,1,5.0
201600049783,0016-06-28 18:06:00,16,6,28,18,6,330,550,ROCADE A 630,44.78206,-0.58436,Plein jour,Hors agglomération,Hors intersection,Normale,Deux véhicules - côté,,,,,,,,,,,1,1,1,1,3.0
201600049784,0016-06-28 19:43:00,16,6,28,19,43,330,192,ROCADE A 630,44.78936,-0.61675,Plein jour,Hors agglomération,Hors intersection,Normale,Autre collision,,,,,,,,,,,1,1,1,1,6.0
201600049785,0016-06-29 06:30:00,16,6,29,6,30,330,162,ROCADE A 630,44.85753,-0.6624,Plein jour,Hors agglomération,Hors intersection,Normale,Autre collision,,,,,,,,,,,1,1,1,1,6.0
201600049786,0016-06-30 14:50:00,16,6,30,14,50,330,143,AUTOROUTE A 10,44.9559,-0.45201,Plein jour,Hors agglomération,Hors intersection,Normale,Autre collision,,,,,,,,,,,1,1,1,1,6.0
201600049787,0016-06-30 16:25:00,16,6,30,16,25,330,75,ROCADE A 630,44.88663,-0.62121,Plein jour,Hors agglomération,Hors intersection,Normale,Deux véhicules - arrière,,,,,,,,,,,1,1,1,1,2.0
201600049788,0016-07-02 04:30:00,16,7,2,4,30,330,122,AUTOROUTE A 63.,44.72841,-0.72885,Nuit avec éclairage allumé,Hors agglomération,Hors intersection,Normale,Autre collision,,,,,,,,,,,5,1,1,1,6.0
201600049789,0016-07-03 13:05:00,16,7,3,13,5,330,162,ROCADE A 630,44.86657,-0.65043,Plein jour,Hors agglomération,Hors intersection,Normale,Autre collision,,,,,,,,,,,1,1,1,1,6.0
201600049790,0016-07-03 18:40:00,16,7,3,18,40,330,96,AUTOROUTE A 10,44.9075,-0.4911,Plein jour,Hors agglomération,Hors intersection,Normale,Deux véhicules - arrière,,,,,,,,,,,1,1,1,1,2.0
201600049791,0016-07-06 19:00:00,16,7,6,19,0,330,39,ROUTE NATIONALE 230,44.80865,-0.52525,Plein jour,Hors agglomération,Hors intersection,Normale,Trois véhicules et plus - en chaîne,,,,,,,,,,,1,1,1,1,4.0
201600049792,0016-07-11 10:40:00,16,7,11,10,40,330,39,ROCADE RN230.,44.80875,-0.5251,Plein jour,Hors agglomération,Hors intersection,Normale,Deux véhicules - côté,,,,,,,,,,,1,1,1,1,3.0
201600049793,0016-07-13 10:25:00,16,7,13,10,25,330,192,ROCADE A 630,44.78828,-0.60053,Plein jour,Hors agglomération,Hors intersection,Normale,Deux véhicules - côté,,,,,,,,,,,1,1,1,1,3.0
201600049794,0016-07-13 16:25:00,16,7,13,16,25,330,281,ROCADE A 630,44.82855,-0.67562,Plein jour,Hors agglomération,Hors intersection,Normale,Deux véhicules - arrière,,,,,,,,,,,1,1,1,1,2.0
201600049795,0016-07-14 16:15:00,16,7,14,16,15,330,39,ROCADE A 631,44.80913,-0.53247,Plein jour,Hors agglomération,Hors intersection,Normale,Deux véhicules - arrière,,,,,,,,,,,1,1,1,1,2.0
201600049796,0016-07-15 11:15:00,16,7,15,11,15,330,3,AUTOROUTE A 10,44.92659,-0.47158,Plein jour,Hors agglomération,Hors intersection,Normale,Trois véhicules et plus - en chaîne,,,,,,,,,,,1,1,1,1,4.0
201600049797,0016-07-16 07:45:00,16,7,16,7,45,330,143,AUTOROUTE A 10,44.95539,-0.45305,Plein jour,Hors agglomération,Hors intersection,Normale,Deux véhicules - arrière,,,,,,,,,,,1,1,1,1,2.0
201600049798,0016-07-21 22:45:00,16,7,21,22,45,330,65,ROUTE NATIONALE 230,44.80842,-0.5256,Nuit avec éclairage allumé,Hors agglomération,Hors intersection,Normale,Deux véhicules - côté,,,,,,,,,,,5,1,1,1,3.0
201600049799,0016-07-18 09:15:00,16,7,18,9,15,330,96,AUTOROUTE A 10,44.89003,-0.50327,Plein jour,Hors agglomération,Hors intersection,Normale,Trois véhicules et plus - collisions multiples,,,,,,,,,,,1,1,1,1,5.0
201600049800,0016-07-22 12:10:00,16,7,22,12,10,330,550,ROCADE A 630,44.77791,-0.55722,Plein jour,Hors agglomération,Hors intersection,Normale,Trois véhicules et plus - en chaîne,,,,,,,,,,,1,1,1,1,4.0
201600049801,0016-07-25 09:15:00,16,7,25,9,15,330,249,AUTOROUTE A 630,44.88508,-0.50929,Plein jour,Hors agglomération,Hors intersection,Normale,Trois véhicules et plus - collisions multiples,,,,,,,,,,,1,1,1,1,5.0
201600049802,0016-07-28 19:30:00,16,7,28,19,30,330,192,ROCADE A 630,44.78906,-0.60276,Plein jour,Hors agglomération,Hors intersection,Normale,Trois véhicules et plus - en chaîne,,,,,,,,,,,1,1,1,1,4.0
201600049803,0016-07-28 20:05:00,16,7,28,20,5,330,318,ROCADE A 630,44.78786,-0.63524,Plein jour,Hors agglomération,Hors intersection,Normale,Trois véhicules et plus - en chaîne,,,,,,,,,,,1,1,1,1,4.0
201600049804,0016-08-02 18:30:00,16,8,2,18,30,330,550,ROCADE A 630,44.77771,-0.55862,Plein jour,Hors agglomération,Hors intersection,Normale,Trois véhicules et plus - collisions multiples,,,,,,,,,,,1,1,1,1,5.0
201600049805,0016-08-04 18:00:00,16,8,4,18,0,330,96,AUTOROUTE A 10,44.89145,-0.50173,Plein jour,Hors agglomération,Hors intersection,Normale,Deux véhicules - arrière,,,,,,,,,,,1,1,1,1,2.0
201600049806,0016-08-04 19:15:00,16,8,4,19,15,330,281,ROCADE A 630,44.85753,-0.6624,Plein jour,Hors agglomération,Hors intersection,Pluie légère,Autre collision,,,,,,,,,,,1,1,1,2,6.0
201600049807,0016-08-04 20:30:00,16,8,4,20,30,330,63,ROCADE A 630,44.88601,-0.56543,Plein jour,Hors agglomération,Hors intersection,Pluie légère,Autre collision,,,,,,,,,,,1,1,1,2,6.0
201600049808,0016-08-05 15:20:00,16,8,5,15,20,330,122,AUTOROUTE A 63,44.72219,-0.73663,Plein jour,Hors agglomération,Hors intersection,Normale,Trois véhicules et plus - en chaîne,,,,,,,,,,,1,1,1,1,4.0
201600049809,0016-08-05 18:30:00,16,8,5,18,30,330,96,AUTOROUTE A 10,44.8965,-0.49644,Plein jour,Hors agglomération,Hors intersection,Normale,Trois véhicules et plus - collisions multiples,,,,,,,,,,,1,1,1,1,5.0
201600049810,0016-08-06 17:25:00,16,8,6,17,25,330,96,AUTOROUTE A 10,44.8965,-0.49644,Plein jour,Hors agglomération,Hors intersection,Normale,Deux véhicules - arrière,,,,,,,,,,,1,1,1,1,2.0
201600049811,0016-08-12 10:15:00,16,8,12,10,15,330,192,AUTOROUTE A 63,44.78134,-0.63578,Plein jour,Hors agglomération,Hors intersection,Normale,Deux véhicules - côté,,,,,,,,,,,1,1,1,1,3.0
201600049812,0016-08-14 10:00:00,16,8,14,10,0,330,96,AUTOROUTE A 10,44.89805,-0.4953,Plein jour,Hors agglomération,Hors intersection,Normale,Trois véhicules et plus - en chaîne,,,,,,,,,,,1,1,1,1,4.0
201600049813,0016-08-16 08:40:00,16,8,16,8,40,330,192,AUTOROUTE A 63,44.78608,-0.62707,Plein jour,Hors agglomération,Hors intersection,Normale,Deux véhicules - arrière,,,,,,,,,,,1,1,1,1,2.0
201600049814,0016-08-12 15:30:00,16,8,12,15,30,330,318,AUTOROUTE A 63,44.78717,-0.62494,Plein jour,Hors agglomération,Hors intersection,Normale,Trois véhicules et plus - en chaîne,,,,,,,,,,,1,1,1,1,4.0
201600049815,0016-08-18 17:00:00,16,8,18,17,0,330,281,ROCADE A 630,44.82385,-0.67452,Plein jour,Hors agglomération,Hors intersection,Normale,Trois véhicules et plus - en chaîne,,,,,,,,,,,1,1,1,1,4.0
201600049816,0016-08-19 08:00:00,16,8,19,8,0,330,63,ROCADE A 630,44.8874,-0.57376,Plein jour,Hors agglomération,Hors intersection,Normale,Deux véhicules - côté,,,,,,,,,,,1,1,1,1,3.0
201600049817,0016-08-19 10:15:00,16,8,19,10,15,330,122,AUTOROUTE A 63,44.75398,-0.68924,Plein jour,Hors agglomération,Hors intersection,Normale,Trois véhicules et plus - en chaîne,,,,,,,,,,,1,1,1,1,4.0
201600049818,0016-08-20 16:05:00,16,8,20,16,5,330,96,AUTOROUTE A 10,44.89892,-0.49478,Plein jour,Hors agglomération,Hors intersection,Normale,Trois véhicules et plus - en chaîne,,,,,,,,,,,1,1,1,1,4.0
201600049819,0016-08-22 18:10:00,16,8,22,18,10,330,143,AUTOROUTE A 10,44.96568,-0.43922,Plein jour,Hors agglomération,Hors intersection,Normale,Deux véhicules - arrière,,,,,,,,,,,1,1,1,1,2.0
201600049820,0016-08-21 20:15:00,16,8,21,20,15,330,122,AUTOROUTE A 63,44.7426,-0.70756,Plein jour,Hors agglomération,Hors intersection,Normale,Trois véhicules et plus - en chaîne,,,,,,,,,,,1,1,1,1,4.0
201600049821,0016-08-23 23:40:00,16,8,23,23,40,330,80,AUTOROUTE A 62,44.75203,-0.5425,Nuit sans éclairage public,Hors agglomération,Hors intersection,Normale,Sans collision,,,,,,,,,,,3,1,1,1,7.0
201600049822,0016-08-23 16:30:00,16,8,23,16,30,330,122,AUTOROUTE A 63,44.75398,-0.68924,Plein jour,Hors agglomération,Hors intersection,Normale,Trois véhicules et plus - en chaîne,,,,,,,,,,,1,1,1,1,4.0
201600049823,0016-08-25 21:15:00,16,8,25,21,15,330,63,ROCADE A 630,44.88774,-0.57845,Plein jour,Hors agglomération,Hors intersection,Normale,Deux véhicules - frontale,,,,,,,,,,,1,1,1,1,1.0
201600049824,0016-08-26 17:30:00,16,8,26,17,30,330,318,ROCADE A 630,44.78885,-0.62299,Plein jour,Hors agglomération,Hors intersection,Normale,Deux véhicules - arrière,,,,,,,,,,,1,1,1,1,2.0
201600049825,0016-08-31 17:10:00,16,8,31,17,10,330,75,ROCADE A 630,44.88878,-0.59306,Plein jour,Hors agglomération,Hors intersection,Normale,Trois véhicules et plus - en chaîne,,,,,,,,,,,1,1,1,1,4.0
201600049826,0016-09-02 16:10:00,16,9,2,16,10,330,96,AUTOROUTE A10,44.90238,-0.49343,Plein jour,Hors agglomération,Hors intersection,Normale,Deux véhicules - arrière,,,,,,,,,,,1,1,1,1,2.0
201600049827,0016-09-03 14:30:00,16,9,3,14,30,330,249,ROCADE A 630,44.88062,-0.52462,Plein jour,Hors agglomération,Hors intersection,Normale,Deux véhicules - arrière,,,,,,,,,,,1,1,1,1,2.0
201600049828,0016-09-04 23:15:00,16,9,4,23,15,330,366,AUTOROUTE A 10,44.99065,0.42721,Nuit avec éclairage allumé,Hors agglomération,Hors intersection,Normale,Deux véhicules - arrière,,,,,,,,,,,5,1,1,1,2.0
201600049829,0016-09-06 08:35:00,16,9,6,8,35,330,75,ROCADE A 630,44.88956,-0.60416,Plein jour,Hors agglomération,Hors intersection,Normale,Autre collision,,,,,,,,,,,1,1,1,1,6.0
201600049830,0016-09-06 09:35:00,16,9,6,9,35,330,167,ROUTE NATIONALE 230,44.82152,-0.51605,Plein jour,Hors agglomération,Hors intersection,Normale,Deux véhicules - arrière,,,,,,,,,,,1,1,1,1,2.0
201600049831,0016-09-06 18:20:00,16,9,6,18,20,330,39,ROCADE A 631,,,Plein jour,Hors agglomération,Hors intersection,Normale,Trois véhicules et plus - collisions multiples,,,,,,,,,,,1,1,1,1,5.0
201600049832,0016-09-07 08:00:00,16,9,7,8,0,330,167,ROUTE NATIONALE 230,44.84352,-0.50156,Plein jour,Hors agglomération,Hors intersection,Normale,Deux véhicules - arrière,,,,,,,,,,,1,1,1,1,2.0
201600049833,0016-09-08 08:45:00,16,9,8,8,45,330,550,AUTOROUTE A 62,44.77466,-0.55676,Plein jour,Hors agglomération,Hors intersection,Pluie légère,Deux véhicules - arrière,,,,,,,,,,,1,1,1,2,2.0
201600049834,0016-09-08 17:45:00,16,9,8,17,45,330,3,AUTOROUTE A 10,44.93369,-0.46764,Plein jour,Hors agglomération,Hors intersection,Normale,Deux véhicules - arrière,,,,,,,,,,,1,1,1,1,2.0
201600049835,0016-09-08 21:50:00,16,9,8,21,50,330,448,AUTOROUTE A 62,44.71557,-0.51851,Nuit avec éclairage allumé,Hors agglomération,Hors intersection,Normale,Sans collision,,,,,,,,,,,5,1,1,1,7.0
201600049836,0016-09-09 12:45:00,16,9,9,12,45,330,13,ROUTE NATIONALE 230,44.85208,-0.50486,Plein jour,Hors agglomération,Hors intersection,Normale,Trois véhicules et plus - collisions multiples,,,,,,,,,,,1,1,1,1,5.0
201600049837,0016-09-09 16:50:00,16,9,9,16,50,330,75,ROCADE A 630,44.88785,-0.57988,Plein jour,Hors agglomération,Hors intersection,Normale,Deux véhicules - arrière,,,,,,,,,,,1,1,1,1,2.0
201600049838,0016-09-10 00:40:00,16,9,10,0,40,330,550,ROCADE A 630,44.77768,-0.55884,Nuit avec éclairage allumé,Hors agglomération,Hors intersection,Normale,Autre collision,,,,,,,,,,,5,1,1,1,6.0
201600049839,0016-09-12 15:25:00,16,9,12,15,25,330,167,ROUTE NATIONALE 230,44.82956,-0.50204,Plein jour,Hors agglomération,Hors intersection,Normale,Autre collision,,,,,,,,,,,1,1,1,1,6.0
201600049840,0016-09-13 19:55:00,16,9,13,19,55,330,143,AUTOROUTE A 10,44.9559,-0.45202,Nuit sans éclairage public,Hors agglomération,Hors intersection,Pluie légère,Autre collision,,,,,,,,,,,3,1,1,2,6.0
201600049841,0016-09-16 16:07:00,16,9,16,16,7,330,281,ROCADE A 630,44.843,-0.67303,Plein jour,Hors agglomération,Hors intersection,Pluie légère,Trois véhicules et plus - en chaîne,,,,,,,,,,,1,1,1,2,4.0
201600049842,0016-09-16 19:45:00,16,9,16,19,45,330,122,AUTOROUTE A 63,44.73496,-0.71965,Crépuscule ou aube,Hors agglomération,Hors intersection,Normale,Autre collision,,,,,,,,,,,2,1,1,1,6.0
201600049843,0016-09-18 14:40:00,16,9,18,14,40,330,249,A630,,,Plein jour,Hors agglomération,Hors intersection,Normale,Autre collision,,,,,,,,,,,1,1,1,1,6.0
201600049844,0016-09-19 16:20:00,16,9,19,16,20,330,39,ROCADE A 630,44.79504,-0.53934,Plein jour,Hors agglomération,Hors intersection,Normale,Trois véhicules et plus - collisions multiples,,,,,,,,,,,1,1,1,1,5.0
201600049845,0016-09-19 17:00:00,16,9,19,17,0,330,281,ROCADE A 630,44.83213,-0.67649,Plein jour,Hors agglomération,Hors intersection,Normale,Autre collision,,,,,,,,,,,1,1,1,1,6.0
201600049846,0016-09-20 18:38:00,16,9,20,18,38,330,249,ROCADE A 630,44.88481,-0.51529,Plein jour,Hors agglomération,Hors intersection,Normale,Trois véhicules et plus - en chaîne,,,,,,,,,,,1,1,1,1,4.0
201600049847,0016-09-21 23:15:00,16,9,21,23,15,330,281,ROCADE A 630,44.84582,-0.67089,Nuit sans éclairage public,Hors agglomération,Hors intersection,Normale,Deux véhicules - frontale,,,,,,,,,,,3,1,1,1,1.0
201600049848,0016-09-22 00:50:00,16,9,22,0,50,330,80,AUTOROUTE A 62,44.74819,-0.54011,Nuit sans éclairage public,Hors agglomération,Hors intersection,Normale,Deux véhicules - arrière,,,,,,,,,,,3,1,1,1,2.0
201600049849,0016-09-22 07:40:00,16,9,22,7,40,330,65,ROUTE NATIONALE 230,44.81207,-0.52134,Plein jour,Hors agglomération,Hors intersection,Normale,Deux véhicules - côté,,,,,,,,,,,1,1,1,1,3.0
201600049850,0016-09-24 16:30:00,16,9,24,16,30,330,122,AUTOROUTE A 63,,,Plein jour,Hors agglomération,Hors intersection,Normale,Deux véhicules - arrière,,,,,,,,,,,1,1,1,1,2.0
201600049851,0016-09-23 18:25:00,16,9,23,18,25,330,162,ROCADE A 630,44.86924,-0.64587,Plein jour,Hors agglomération,Hors intersection,Normale,Deux véhicules - côté,,,,,,,,,,,1,1,1,1,3.0
201600049852,0016-09-26 09:03:00,16,9,26,9,3,330,162,ROCADE A 630,44.87043,-0.64382,Plein jour,Hors agglomération,Hors intersection,Normale,Autre collision,,,,,,,,,,,1,1,1,1,6.0
201600049853,0016-09-28 16:40:00,16,9,28,16,40,330,122,AUTOROUTE A 63,44.74706,-0.69982,Plein jour,Hors agglomération,Hors intersection,Normale,Deux véhicules - arrière,,,,,,,,,,,1,1,1,1,2.0
201600049854,0016-09-29 14:40:00,16,9,29,14,40,330,122,AUTOROUTE A 63,,,Plein jour,Hors agglomération,Hors intersection,Normale,Sans collision,,,,,,,,,,,1,1,1,1,7.0