accident_id,datetime,annee,mois,jour,heure,minute,departement,commune_insee,adresse,latitude,longitude,luminosite,agglomeration,intersection,meteo,collision,nb_vehicules,nb_usagers,nb_indemnes,nb_tues,nb_blesses_hosp,nb_blesses_legers,age_cond_1,age_cond_2,veh_type_cond_1,veh_type_cond_2,lum_code,agg_code,int_code,atm_code,col_code
201600049855,0016-09-29 14:57:00,16,9,29,14,57,330,366,AUTOROUTE A 10,44.98674,-0.42729,Plein jour,Hors agglomération,Hors intersection,Normale,Deux véhicules - côté,,,,,,,,,,,1,1,1,1,3.0
201600049856,0016-09-29 17:15:00,16,9,29,17,15,330,3,AUTOROUTE A 10,44.92659,-0.47158,Plein jour,Hors agglomération,Hors intersection,Normale,Trois véhicules et plus - en chaîne,,,,,,,,,,,1,1,1,1,4.0
201600049857,0016-09-29 18:18:00,16,9,29,18,18,330,63,ROCADE A 630,,,Plein jour,Hors agglomération,Hors intersection,Normale,Trois véhicules et plus - en chaîne,,,,,,,,,,,1,1,1,1,4.0
201600049858,0016-10-01 19:40:00,16,10,1,19,40,330,550,ROCADE A 630,44.77819,-0.55551,Plein jour,Hors agglomération,Hors intersection,Normale,Deux véhicules - arrière,,,,,,,,,,,1,1,1,1,2.0
201600049859,0016-10-01 23:30:00,16,10,1,23,30,330,143,AUTOROUTE A 10,44.97274,-0.43378,Nuit sans éclairage public,Hors agglomération,Hors intersection,Normale,Trois véhicules et plus - collisions multiples,,,,,,,,,,,3,1,1,1,5.0
201600049860,0016-10-03 10:05:00,16,10,3,10,5,330,119,ROUTE NATIONALE 230,44.86022,-0.50431,Plein jour,Hors agglomération,Hors intersection,Normale,Deux véhicules - côté,,,,,,,,,,,1,1,1,1,3.0
201600049861,0016-10-06 07:10:00,16,10,6,7,10,330,397,AUTOROUTE A 10,44.92332,-0.47369,Crépuscule ou aube,Hors agglomération,Hors intersection,Normale,Deux véhicules - arrière,,,,,,,,,,,2,1,1,1,2.0
201600049862,0016-10-07 04:45:00,16,10,7,4,45,330,249,ROCADE A 630,44.87918,-0.52733,Nuit avec éclairage allumé,Hors agglomération,Hors intersection,Normale,Deux véhicules - arrière,,,,,,,,,,,5,1,1,1,2.0
201600049863,0016-10-08 13:16:00,16,10,8,13,16,330,75,ROCADE A 630,44.89018,-0.61403,Plein jour,Hors agglomération,Hors intersection,Normale,Sans collision,,,,,,,,,,,1,1,1,1,7.0
201600049864,0016-10-10 05:00:00,16,10,10,5,0,330,249,ROUTE NATIONALE 230,44.87784,-0.50899,Nuit avec éclairage allumé,Hors agglomération,Hors intersection,Normale,Autre collision,,,,,,,,,,,5,1,1,1,6.0
201600049865,0016-10-09 21:05:00,16,10,9,21,5,330,550,ROCADE A 630,44.77766,-0.55902,Nuit avec éclairage allumé,Hors agglomération,Hors intersection,Normale,Autre collision,,,,,,,,,,,5,1,1,1,6.0
201600049866,0016-10-10 15:30:00,16,10,10,15,30,330,39,ROCADE A 630,44.79547,-0.53916,Plein jour,Hors agglomération,Hors intersection,Normale,Deux véhicules - côté,,,,,,,,,,,1,1,1,1,3.0
201600049867,0016-10-10 14:47:00,16,10,10,14,47,330,39,ROCADE A 630,44.79866,-0.537,Plein jour,Hors agglomération,Hors intersection,Normale,Sans collision,,,,,,,,,,,1,1,1,1,7.0
201600049868,0016-10-12 08:50:00,16,10,12,8,50,330,162,ROCADE A 630,44.86839,-0.64731,Plein jour,Hors agglomération,Hors intersection,Normale,Deux véhicules - côté,,,,,,,,,,,1,1,1,1,3.0
201600049869,0016-10-12 17:10:00,16,10,12,17,10,330,13,ROUTE NATIONALE 230,44.86202,-0.50412,Plein jour,Hors agglomération,Hors intersection,Normale,Deux véhicules - arrière,,,,,,,,,,,1,1,1,1,2.0
201600049870,0016-10-14 04:35:00,16,10,14,4,35,330,550,ROCADE A 630,44.78489,-0.54203,Nuit avec éclairage allumé,Hors agglomération,Hors intersection,Normale,Deux véhicules - arrière,,,,,,,,,,,5,1,1,1,2.0
201600049871,0016-10-15 19:45:00,16,10,15,19,45,330,63,ROCADE A 630,44.88277,-0.55185,Nuit avec éclairage allumé,Hors agglomération,Hors intersection,Normale,Deux véhicules - arrière,,,,,,,,,,,5,1,1,1,2.0
201600049872,0016-10-16 00:45:00,16,10,16,0,45,330,281,ROCADE A 630,44.84755,-0.66959,Nuit sans éclairage public,Hors agglomération,Hors intersection,Normale,Autre collision,,,,,,,,,,,3,1,1,1,6.0
201600049873,0016-10-17 00:45:00,16,10,17,0,45,330,192,ROCADE A 630,44.78544,-0.59402,Nuit avec éclairage allumé,Hors agglomération,Hors intersection,Normale,Deux véhicules - arrière,,,,,,,,,,,5,1,1,1,2.0
201600049874,0016-10-17 08:10:00,16,10,17,8,10,330,80,AUTOROUTE A 62,,,Crépuscule ou aube,Hors agglomération,Hors intersection,Normale,Autre collision,,,,,,,,,,,2,1,1,1,6.0
201600049875,0016-10-17 08:30:00,16,10,17,8,30,330,550,ROCADE A 630,44.7856,-0.54179,Plein jour,Hors agglomération,Hors intersection,Pluie légère,Deux véhicules - arrière,,,,,,,,,,,1,1,1,2,2.0
201600049876,0016-10-17 11:20:00,16,10,17,11,20,330,249,AUTOROUTE A 10,44.8851,-0.50946,Plein jour,Hors agglomération,Hors intersection,Normale,Autre collision,,,,,,,,,,,1,1,1,1,6.0
201600049877,0016-10-17 11:20:00,16,10,17,11,20,330,249,A630,44.88504,-0.50939,Plein jour,Hors agglomération,Hors intersection,Pluie légère,Deux véhicules - côté,,,,,,,,,,,1,1,1,2,3.0
201600049878,0016-10-17 17:25:00,16,10,17,17,25,330,65,ROUTE NATIONALE 230,44.80925,-0.52434,Plein jour,Hors agglomération,Hors intersection,Normale,Trois véhicules et plus - collisions multiples,,,,,,,,,,,1,1,1,1,5.0
201600049879,0016-10-17 18:45:00,16,10,17,18,45,330,318,ROCADE A 630,44.78971,-0.64585,Plein jour,Hors agglomération,Hors intersection,Normale,Deux véhicules - arrière,,,,,,,,,,,1,1,1,1,2.0
201600049880,0016-10-17 18:50:00,16,10,17,18,50,330,13,ROUTE NATIONALE 230,44.84309,-0.50155,Crépuscule ou aube,Hors agglomération,Hors intersection,Normale,Deux véhicules - arrière,,,,,,,,,,,2,1,1,1,2.0
201600049881,0016-10-18 09:20:00,16,10,18,9,20,330,96,AUTOROUTE A 10,44.89395,-0.49904,Plein jour,Hors agglomération,Hors intersection,Normale,Deux véhicules - côté,,,,,,,,,,,1,1,1,1,3.0
201600049882,0016-10-20 07:50:00,16,10,20,7,50,330,162,ROCADE A 630,44.87363,-0.63892,Nuit sans éclairage public,Hors agglomération,Hors intersection,Normale,Deux véhicules - côté,,,,,,,,,,,3,1,1,1,3.0
201600049883,0016-10-20 13:35:00,16,10,20,13,35,330,550,ROCADE A 630,44.77821,-0.55536,Plein jour,Hors agglomération,Hors intersection,Normale,Deux véhicules - côté,,,,,,,,,,,1,1,1,1,3.0
201600049884,0016-10-20 17:50:00,16,10,20,17,50,330,39,ROUTE NATIONALE 230,44.80587,-0.5295,Plein jour,Hors agglomération,Hors intersection,Normale,Deux véhicules - côté,,,,,,,,,,,1,1,1,1,3.0
201600049885,0016-10-21 08:55:00,16,10,21,8,55,330,63,ROCADE A 630,44.88739,-0.5736,Plein jour,Hors agglomération,Hors intersection,Normale,Trois véhicules et plus - en chaîne,,,,,,,,,,,1,1,1,1,4.0
201600049886,0016-10-21 12:25:00,16,10,21,12,25,330,318,ROCADE A 630,44.80638,-0.6657,Plein jour,Hors agglomération,Hors intersection,Normale,Deux véhicules - arrière,,,,,,,,,,,1,1,1,1,2.0
201600049887,0016-10-24 08:00:00,16,10,24,8,0,330,550,ROCADE A 630,44.77901,-0.55143,Crépuscule ou aube,Hors agglomération,Hors intersection,Normale,Deux véhicules - arrière,,,,,,,,,,,2,1,1,1,2.0
201600049888,0016-10-27 22:35:00,16,10,27,22,35,330,13,ROUTE NATIONALE 230.,44.85989,-0.50434,Nuit avec éclairage allumé,Hors agglomération,Hors intersection,Normale,Autre collision,,,,,,,,,,,5,1,1,1,6.0
201600049889,0016-10-28 17:00:00,16,10,28,17,0,330,39,ROCADE A 630,44.79591,-0.53896,Plein jour,Hors agglomération,Hors intersection,Normale,Trois véhicules et plus - en chaîne,,,,,,,,,,,1,1,1,1,4.0
201600049890,0016-10-28 19:40:00,16,10,28,19,40,330,448,AUTOROUTE A 62,,,Nuit sans éclairage public,Hors agglomération,Hors intersection,Normale,Trois véhicules et plus - en chaîne,,,,,,,,,,,3,1,1,1,4.0
201600049891,0016-10-28 20:40:00,16,10,28,20,40,330,249,ROUTE NATIONALE 230,44.87432,-0.50727,Nuit avec éclairage allumé,Hors agglomération,Hors intersection,Normale,Trois véhicules et plus - en chaîne,,,,,,,,,,,5,1,1,1,4.0
201600049892,0016-10-29 18:03:00,16,10,29,18,3,330,63,ROCADE A 630,44.88176,-0.54646,Plein jour,Hors agglomération,Hors intersection,Normale,Autre collision,,,,,,,,,,,1,1,1,1,6.0
201600049893,0016-10-31 10:49:00,16,10,31,10,49,330,249,ROUTE NATIONALE 230,44.87432,-0.50727,Plein jour,Hors agglomération,Hors intersection,Normale,Deux véhicules - arrière,,,,,,,,,,,1,1,1,1,2.0
201600049894,0016-11-01 04:45:00,16,11,1,4,45,330,122,AUTOROUTE A 63,44.74001,-0.71201,Nuit sans éclairage public,Hors agglomération,Hors intersection,Normale,Autre collision,,,,,,,,,,,3,1,1,1,6.0
201600049895,0016-11-01 05:15:00,16,11,1,5,15,330,122,AUTOROUTE A 63,44.74001,-0.71201,Nuit sans éclairage public,Hors agglomération,Hors intersection,Normale,Deux véhicules - arrière,,,,,,,,,,,3,1,1,1,2.0
201600049896,0016-11-01 18:40:00,16,11,1,18,40,330,366,AUTOROUTE A 10,44.97949,-0.43044,Crépuscule ou aube,Hors agglomération,Hors intersection,Normale,Deux véhicules - côté,,,,,,,,,,,2,1,1,1,3.0
201600049897,0016-11-03 04:55:00,16,11,3,4,55,330,366,AUTOROUTE A 10,45.00869,-0.42826,Nuit sans éclairage public,Hors agglomération,Hors intersection,Normale,Autre collision,,,,,,,,,,,3,1,1,1,6.0
201600049898,0016-11-03 07:25:00,16,11,3,7,25,330,249,ROUTE NATIONALE 230,44.87212,-0.50644,Plein jour,Hors agglomération,Hors intersection,Normale,Trois véhicules et plus - en chaîne,,,,,,,,,,,1,1,1,1,4.0
201600049899,0016-11-03 07:40:00,16,11,3,7,40,330,80,AUTOROUTE A 62,44.7601,-0.54699,Plein jour,Hors agglomération,Hors intersection,Normale,Deux véhicules - côté,,,,,,,,,,,1,1,1,1,3.0
201600049900,0016-11-03 08:50:00,16,11,3,8,50,330,397,AUTOROUTE A 10,44.90585,-0.49211,Plein jour,Hors agglomération,Hors intersection,Normale,Autre collision,,,,,,,,,,,1,1,1,1,6.0
201600049901,0016-11-03 09:30:00,16,11,3,9,30,330,448,AUTOROUTE A 62,44.42476,0.31,Plein jour,Hors agglomération,Hors intersection,Normale,Deux véhicules - arrière,,,,,,,,,,,1,1,1,1,2.0
201600049902,0016-11-03 14:45:00,16,11,3,14,45,330,39,ROCADE A 630,44.79673,-0.53841,Plein jour,Hors agglomération,Hors intersection,Normale,Deux véhicules - côté,,,,,,,,,,,1,1,1,1,3.0
201600049903,0016-11-03 19:40:00,16,11,3,19,40,330,550,ROCADE A 630,44.77748,-0.5617,Nuit avec éclairage allumé,Hors agglomération,Hors intersection,Normale,Trois véhicules et plus - collisions multiples,,,,,,,,,,,5,1,1,1,5.0
201600049904,0016-11-04 08:10:00,16,11,4,8,10,330,162,ROCADE A 630,44.86949,-0.64542,Crépuscule ou aube,Hors agglomération,Hors intersection,Brouillard / fumée,Deux véhicules - côté,,,,,,,,,,,2,1,1,5,3.0
201600049905,0016-11-06 18:30:00,16,11,6,18,30,330,550,ROCADE A 630,44.7824,-0.58555,Nuit sans éclairage public,Hors agglomération,Hors intersection,Pluie légère,Autre collision,,,,,,,,,,,3,1,1,2,6.0
201600049906,0016-11-08 19:55:00,16,11,8,19,55,330,249,ROCADE A 630,44.88197,-0.52264,Nuit avec éclairage non allumé,Hors agglomération,Hors intersection,Pluie légère,Autre collision,,,,,,,,,,,4,1,1,2,6.0
201600049907,0016-11-08 23:45:00,16,11,8,23,45,330,122,AUTOROUTE A 63,44.7587,-0.68205,Nuit sans éclairage public,Hors agglomération,Hors intersection,Pluie légère,Autre collision,,,,,,,,,,,3,1,1,2,6.0
201600049908,0016-11-09 21:00:00,16,11,9,21,0,330,397,AUTOROUTE A 10,44.9075,-0.49111,Nuit avec éclairage allumé,Hors agglomération,Hors intersection,Pluie légère,Autre collision,,,,,,,,,,,5,1,1,2,6.0
201600049909,0016-11-10 16:40:00,16,11,10,16,40,330,13,ROUTE NATIONALE 230,44.86438,-0.50394,Plein jour,Hors agglomération,Hors intersection,Pluie légère,Trois véhicules et plus - en chaîne,,,,,,,,,,,1,1,1,2,4.0
201600049910,0016-11-10 20:30:00,16,11,10,20,30,330,23,AUTOROUTE A 62,44.69858,-0.5,Nuit avec éclairage allumé,Hors agglomération,Hors intersection,Pluie légère,Autre collision,,,,,,,,,,,5,1,1,2,6.0
201600049911,0016-11-11 09:35:00,16,11,11,9,35,330,167,ROUTE NATIONALE 230,44.84218,-0.50148,Plein jour,Hors agglomération,Hors intersection,Normale,Autre collision,,,,,,,,,,,1,1,1,1,6.0
201600049912,0016-11-12 17:45:00,16,11,12,17,45,330,13,ROUTE NATIONALE 230,44.85089,-0.50438,Nuit avec éclairage allumé,Hors agglomération,Hors intersection,Pluie légère,Trois véhicules et plus - en chaîne,,,,,,,,,,,5,1,1,2,4.0
201600049913,0016-11-14 08:00:00,16,11,14,8,0,330,143,AUTOROUTE A 10,44.96568,-0.43923,Plein jour,Hors agglomération,Hors intersection,Temps couvert,Autre collision,,,,,,,,,,,1,1,1,8,6.0
201600049914,0016-11-14 22:25:00,16,11,14,22,25,330,122,AUTOROUTE A 63,44.74415,-0.70489,Nuit sans éclairage public,Hors agglomération,Hors intersection,Normale,Autre collision,,,,,,,,,,,3,1,1,1,6.0
201600049915,0016-11-17 07:10:00,16,11,17,7,10,330,550,AUTOROUTE A 62,44.76317,-0.54818,Nuit avec éclairage non allumé,Hors agglomération,Hors intersection,Normale,Trois véhicules et plus - en chaîne,,,,,,,,,,,4,1,1,1,4.0
201600049916,0016-11-17 07:40:00,16,11,17,7,40,330,249,ROUTE NATIONALE 230,44.87432,-0.50727,Nuit avec éclairage allumé,Hors agglomération,Hors intersection,Normale,Deux véhicules - arrière,,,,,,,,,,,5,1,1,1,2.0
201600049917,0016-11-17 08:45:00,16,11,17,8,45,330,162,ROCADE A 630,44.8787,-0.62939,Plein jour,Hors agglomération,Hors intersection,Normale,Autre collision,,,,,,,,,,,1,1,1,1,6.0
201600049918,0016-11-18 07:15:00,16,11,18,7,15,330,249,ROCADE A 630,44.88035,-0.52504,Nuit avec éclairage allumé,Hors agglomération,Hors intersection,Normale,Deux véhicules - côté,,,,,,,,,,,5,1,1,1,3.0
201600049919,0016-11-18 08:35:00,16,11,18,8,35,330,65,ROUTE NATIONALE 230,44.80739,-0.52717,Plein jour,Hors agglomération,Hors intersection,Pluie légère,Deux véhicules - côté,,,,,,,,,,,1,1,1,2,3.0
201600049920,0016-11-20 06:35:00,16,11,20,6,35,330,249,ROUTE NATIONALE 230,44.88136,-0.51069,Nuit avec éclairage allumé,Hors agglomération,Hors intersection,Normale,Deux véhicules - arrière,,,,,,,,,,,5,1,1,1,2.0
201600049921,0016-11-20 17:50:00,16,11,20,17,50,330,63,ROCADE A 630,44.8827,-0.55149,Crépuscule ou aube,Hors agglomération,Hors intersection,Pluie légère,Autre collision,,,,,,,,,,,2,1,1,2,6.0
201600049922,0016-11-20 19:00:00,16,11,20,19,0,330,39,ROUTE NATIONALE 230,44.80685,-0.528,Nuit avec éclairage non allumé,Hors agglomération,Hors intersection,Normale,Autre collision,,,,,,,,,,,4,1,1,1,6.0
201600049923,0016-11-21 08:15:00,16,11,21,8,15,330,122,AUTOROUTE A 63,44.7483,-0.69787,Plein jour,Hors agglomération,Hors intersection,Normale,Deux véhicules - arrière,,,,,,,,,,,1,1,1,1,2.0
201600049924,0016-11-21 08:45:00,16,11,21,8,45,330,90,AUTOROUTE A 63,44.76972,-0.66335,Crépuscule ou aube,Hors agglomération,Hors intersection,Pluie légère,Deux véhicules - côté,,,,,,,,,,,2,1,1,2,3.0
201600049925,0016-11-22 09:05:00,16,11,22,9,5,330,75,ROCADE A 630,44.88089,-0.62561,Plein jour,Hors agglomération,Hors intersection,Pluie légère,Trois véhicules et plus - collisions multiples,,,,,,,,,,,1,1,1,2,5.0
201600049926,0016-11-23 11:15:00,16,11,23,11,15,330,63,ROCADE A 630,44.88601,-0.56544,Plein jour,Hors agglomération,Hors intersection,Normale,Autre collision,,,,,,,,,,,1,1,1,1,6.0
201600049927,0016-11-24 18:45:00,16,11,24,18,45,330,550,ROCADE A 630,44.77986,-0.57534,Nuit avec éclairage allumé,Hors agglomération,Hors intersection,Normale,Deux véhicules - côté,,,,,,,,,,,5,1,1,1,3.0
201600049928,0016-11-25 07:40:00,16,11,25,7,40,330,143,AUTOROUTE A 10,44.9679,-0.43705,Nuit sans éclairage public,Hors agglomération,Hors intersection,Normale,Trois véhicules et plus - collisions multiples,,,,,,,,,,,3,1,1,1,5.0
201600049929,0016-11-26 16:35:00,16,11,26,16,35,330,162,ROCADE A 630,44.8744,-0.63694,Plein jour,Hors agglomération,Hors intersection,Normale,Trois véhicules et plus - en chaîne,,,,,,,,,,,1,1,1,1,4.0
201600049930,0016-11-28 09:47:00,16,11,28,9,47,330,80,AUTOROUTE A 62,44.72885,-0.52871,Plein jour,Hors agglomération,Hors intersection,Normale,Autre collision,,,,,,,,,,,1,1,1,1,6.0
201600049931,0016-11-29 09:30:00,16,11,29,9,30,330,122,AUTOROUTE A 63,44.7528,-0.69104,Plein jour,Hors agglomération,Hors intersection,Normale,Deux véhicules - arrière,,,,,,,,,,,1,1,1,1,2.0
201600049932,0016-11-29 18:50:00,16,11,29,18,50,330,90,AUTOROUTE A 63,44.77825,-0.64318,Nuit avec éclairage allumé,Hors agglomération,Hors intersection,Normale,Trois véhicules et plus - en chaîne,,,,,,,,,,,5,1,1,1,4.0
201600049933,0016-11-30 17:45:00,16,11,30,17,45,330,281,ROCADE A 630,44.84035,-0.67493,Nuit avec éclairage allumé,Hors agglomération,Hors intersection,Normale,Deux véhicules - arrière,,,,,,,,,,,5,1,1,1,2.0
201600049934,0016-12-01 18:30:00,16,12,1,18,30,330,318,ROCADE A 630,44.78778,-0.63644,Nuit sans éclairage public,Hors agglomération,Hors intersection,Normale,Trois véhicules et plus - en chaîne,,,,,,,,,,,3,1,1,1,4.0
201600049935,0016-12-02 16:37:00,16,12,2,16,37,330,90,AUTOROUTE A 63,44.76919,-0.66451,Plein jour,Hors agglomération,Hors intersection,Normale,Deux véhicules - arrière,,,,,,,,,,,1,1,1,1,2.0
201600049936,0016-12-02 19:38:00,16,12,2,19,38,330,90,AUTOROUTE A 63,44.7746,-0.65186,Nuit sans éclairage public,Hors agglomération,Hors intersection,Normale,Trois véhicules et plus - en chaîne,,,,,,,,,,,3,1,1,1,4.0
201600049937,0016-12-05 07:20:00,16,12,5,7,20,330,143,AUTOROUTE A 10,44.96568,-0.43923,Nuit sans éclairage public,Hors agglomération,Hors intersection,Normale,Trois véhicules et plus - en chaîne,,,,,,,,,,,3,1,1,1,4.0
201600049938,0016-12-05 10:00:00,16,12,5,10,0,330,80,AUTOROUTE A 62,44.73096,-0.53014,Plein jour,Hors agglomération,Hors intersection,Normale,Deux véhicules - arrière,,,,,,,,,,,1,1,1,1,2.0
201600049939,0016-12-05 10:50:00,16,12,5,10,50,330,39,RN230,44.80382,-0.53255,Plein jour,Hors agglomération,Hors intersection,Normale,Deux véhicules - arrière,,,,,,,,,,,1,1,1,1,2.0
201600049940,0016-12-05 19:55:00,16,12,5,19,55,330,162,ROCADE A 630,44.876,-0.63413,Plein jour,Hors agglomération,Hors intersection,Normale,Deux véhicules - arrière,,,,,,,,,,,1,1,1,1,2.0
201600049941,0016-12-05 22:00:00,16,12,5,22,0,330,122,AUTOROUTE A 63.,44.74767,-0.69883,Nuit sans éclairage public,Hors agglomération,Hors intersection,Normale,Deux véhicules - arrière,,,,,,,,,,,3,1,1,1,2.0
201600049942,0016-12-06 06:55:00,16,12,6,6,55,330,397,AUTOROUTE A 10,,,Nuit avec éclairage allumé,Hors agglomération,Hors intersection,Normale,Sans collision,,,,,,,,,,,5,1,1,1,7.0
201600049943,0016-12-06 18:35:00,16,12,6,18,35,330,192,ROCADE A 630,44.78885,-0.62299,Nuit sans éclairage public,Hors agglomération,Hors intersection,Normale,Deux véhicules - arrière,,,,,,,,,,,3,1,1,1,2.0
201600049944,0016-12-07 08:23:00,16,12,7,8,23,330,162,ROCADE A 630,44.87282,-0.63971,Plein jour,Hors agglomération,Hors intersection,Normale,Trois véhicules et plus - collisions multiples,,,,,,,,,,,1,1,1,1,5.0
201600049945,0016-12-07 19:00:00,16,12,7,19,0,330,13,ROUTE NATIONALE 230,44.86438,-0.5039,Nuit avec éclairage allumé,Hors agglomération,Hors intersection,Normale,Deux véhicules - arrière,,,,,,,,,,,5,1,1,1,2.0
201600049946,0016-12-09 18:00:00,16,12,9,18,0,330,535,ROUTE NATIONALE 230,,,Crépuscule ou aube,Hors agglomération,Hors intersection,Normale,Deux véhicules - arrière,,,,,,,,,,,2,1,1,1,2.0
201600049947,0016-12-09 18:00:00,16,12,9,18,0,330,366,AUTOROUTE A 10,45.01384,-0.43046,Nuit avec éclairage allumé,Hors agglomération,Hors intersection,Normale,Autre collision,,,,,,,,,,,5,1,1,1,6.0
201600049948,0016-12-10 14:00:00,16,12,10,14,0,330,63,ROCADE A 630,44.88058,-0.54024,Plein jour,Hors agglomération,Hors intersection,Normale,Trois véhicules et plus - collisions multiples,,,,,,,,,,,1,1,1,1,5.0
201600049949,0016-12-10 14:00:00,16,12,10,14,0,330,63,ROCADE A 630,44.88013,-0.53798,Plein jour,Hors agglomération,Hors intersection,Normale,Trois véhicules et plus - collisions multiples,,,,,,,,,,,1,1,1,1,5.0
201600049950,0016-12-12 07:50:00,16,12,12,7,50,330,281,ROCADE A 630,44.84142,-0.67425,Nuit sans éclairage public,Hors agglomération,Hors intersection,Normale,Trois véhicules et plus - en chaîne,,,,,,,,,,,3,1,1,1,4.0
201600049951,0016-12-12 18:30:00,16,12,12,18,30,330,39,ROCADE A 630,44.79504,-0.53934,Nuit avec éclairage allumé,Hors agglomération,Hors intersection,Normale,Deux véhicules - arrière,,,,,,,,,,,5,1,1,1,2.0
201600049952,0016-12-13 06:00:00,16,12,13,6,0,330,122,AUTOROUTE A 63,44.74532,-0.70291,Nuit sans éclairage public,Hors agglomération,Hors intersection,Brouillard / fumée,Deux véhicules - arrière,,,,,,,,,,,3,1,1,5,2.0
201600049953,0016-12-15 11:35:00,16,12,15,11,35,330,39,ROCADE A 630,44.79416,-0.53969,Plein jour,Hors agglomération,Hors intersection,Normale,Trois véhicules et plus - en chaîne,,,,,,,,,,,1,1,1,1,4.0
201600049954,0016-12-16 07:45:00,16,12,16,7,45,330,162,ROCADE A 630,44.87115,-0.64258,Nuit sans éclairage public,Hors agglomération,Hors intersection,Normale,Deux véhicules - côté,,,,,,,,,,,3,1,1,1,3.0
201600049955,0016-12-17 07:45:00,16,12,17,7,45,330,143,AUTOROUTE A 10,44.9559,-0.45201,Crépuscule ou aube,Hors agglomération,Hors intersection,Normale,Trois véhicules et plus - collisions multiples,,,,,,,,,,,2,1,1,1,5.0
201600049956,0016-12-17 18:30:00,16,12,17,18,30,330,550,ROCADE A 630,44.77935,-0.54961,Nuit avec éclairage allumé,Hors agglomération,Hors intersection,Normale,Trois véhicules et plus - en chaîne,,,,,,,,,,,5,1,1,1,4.0
201600049957,0016-12-19 17:50:00,16,12,19,17,50,330,63,ROCADE A 630,,,Plein jour,Hors agglomération,Hors intersection,Normale,Autre collision,,,,,,,,,,,1,1,1,1,6.0
201600049958,0016-12-21 13:15:00,16,12,21,13,15,330,192,AUTOROUTE A 63,44.78258,-0.63311,Plein jour,Hors agglomération,Hors intersection,Normale,Autre collision,,,,,,,,,,,1,1,1,1,6.0
201600049959,0016-12-22 01:45:00,16,12,22,1,45,330,63,ROCADE A 630,44.88739,-0.57355,Nuit avec éclairage allumé,Hors agglomération,Hors intersection,Pluie légère,Autre collision,,,,,,,,,,,5,1,1,2,6.0
201600049960,0016-12-22 12:00:00,16,12,22,12,0,330,318,ROCADE A 630,44.78776,-0.63732,Plein jour,Hors agglomération,Hors intersection,Normale,Deux véhicules - arrière,,,,,,,,,,,1,1,1,1,2.0
201600049961,0016-12-25 12:15:00,16,12,25,12,15,330,80,AUTOROUTE A 62,,,Plein jour,Hors agglomération,Hors intersection,Pluie légère,Sans collision,,,,,,,,,,,1,1,1,2,7.0
201600049962,0016-01-26 14:36:00,16,1,26,14,36,670,309,Autoroute A.4,,,Plein jour,Hors agglomération,Hors intersection,Normale,Trois véhicules et plus - collisions multiples,,,,,,,,,,,1,1,1,1,5.0
201600049963,0016-02-08 01:00:00,16,2,8,1,0,670,482,Autoroute A.35,,,Nuit sans éclairage public,Hors agglomération,Hors intersection,Normale,Autre collision,,,,,,,,,,,3,1,1,1,6.0
201600049964,0016-02-09 09:35:00,16,2,9,9,35,670,152,Route Nationale 83,48.53042,7.69339,Plein jour,Hors agglomération,Hors intersection,Temps couvert,Autre collision,,,,,,,,,,,1,1,1,8,6.0
201600049965,0016-03-03 14:00:00,16,3,3,14,0,670,482,Autoroute A.35,,,Plein jour,Hors agglomération,Hors intersection,Pluie légère,Trois véhicules et plus - collisions multiples,,,,,,,,,,,1,1,1,2,5.0
201600049966,0016-03-16 14:00:00,16,3,16,14,0,670,482,Autoroute A.351,,,Plein jour,Hors agglomération,Hors intersection,Normale,Deux véhicules - arrière,,,,,,,,,,,1,1,1,1,2.0
201600049967,0016-03-12 17:45:00,16,3,12,17,45,670,152,Route Nationale 83,,,Plein jour,Hors agglomération,Hors intersection,Normale,Sans collision,,,,,,,,,,,1,1,1,1,7.0
201600049968,0016-03-26 15:03:00,16,3,26,15,3,670,482,Autoroute A.35,48.58805,7.72913,Plein jour,Hors agglomération,Hors intersection,Normale,Trois véhicules et plus - en chaîne,,,,,,,,,,,1,1,1,1,4.0
201600049969,0016-03-26 16:05:00,16,3,26,16,5,670,482,Autoroute A.351,48.58605,7.72072,Plein jour,Hors agglomération,Hors intersection,Normale,Deux véhicules - arrière,,,,,,,,,,,1,1,1,1,2.0
201600049970,0016-03-24 11:25:00,16,3,24,11,25,670,482,Autoroute A.35,,,Plein jour,Hors agglomération,Hors intersection,Normale,Deux véhicules - côté,,,,,,,,,,,1,1,1,1,3.0
201600049971,0016-03-28 23:15:00,16,3,28,23,15,670,482,Autoroute A.35,,,Nuit sans éclairage public,Hors agglomération,Hors intersection,Pluie légère,Deux véhicules - arrière,,,,,,,,,,,3,1,1,2,2.0
201600049972,0016-04-05 15:00:00,16,4,5,15,0,670,482,"SPV, Autoroute A.35",,,Plein jour,Hors agglomération,Hors intersection,Normale,Trois véhicules et plus - en chaîne,,,,,,,,,,,1,1,1,1,4.0
201600049973,0016-04-26 09:25:00,16,4,26,9,25,670,218,Autoroute A.35,,,Plein jour,Hors agglomération,Hors intersection,Normale,Deux véhicules - arrière,,,,,,,,,,,1,1,1,1,2.0