accident_id,datetime,annee,mois,jour,heure,minute,departement,commune_insee,adresse,latitude,longitude,luminosite,agglomeration,intersection,meteo,collision,nb_vehicules,nb_usagers,nb_indemnes,nb_tues,nb_blesses_hosp,nb_blesses_legers,age_cond_1,age_cond_2,veh_type_cond_1,veh_type_cond_2,lum_code,agg_code,int_code,atm_code,col_code
201600049974,0016-05-04 19:35:00,16,5,4,19,35,670,482,Autoroute A.35,,,Plein jour,Hors agglomération,Hors intersection,Normale,Trois véhicules et plus - en chaîne,,,,,,,,,,,1,1,1,1,4.0
201600049975,0016-05-10 18:30:00,16,5,10,18,30,670,365,Autoroute A.35,,,Plein jour,Hors agglomération,Hors intersection,Normale,Trois véhicules et plus - en chaîne,,,,,,,,,,,1,1,1,1,4.0
201600049976,0016-05-14 20:50:00,16,5,14,20,50,670,49,Autoroute A.35,,,Crépuscule ou aube,Hors agglomération,Hors intersection,Normale,Sans collision,,,,,,,,,,,2,1,1,1,7.0
201600049977,0016-05-23 15:00:00,16,5,23,15,0,670,482,Autoroute A.35,,,Plein jour,Hors agglomération,Hors intersection,Pluie légère,Trois véhicules et plus - en chaîne,,,,,,,,,,,1,1,1,2,4.0
201600049978,0016-05-30 09:00:00,16,5,30,9,0,670,482,Autoroute A.351,,,Plein jour,Hors agglomération,Hors intersection,Pluie légère,Trois véhicules et plus - en chaîne,,,,,,,,,,,1,1,1,2,4.0
201600049979,0016-06-09 17:10:00,16,6,9,17,10,670,43,Autoroute A.4,,,Plein jour,Hors agglomération,Hors intersection,Normale,Trois véhicules et plus - en chaîne,,,,,,,,,,,1,1,1,1,4.0
201600049980,0016-06-30 06:50:00,16,6,30,6,50,670,551,Autoroute A.351,,,Crépuscule ou aube,Hors agglomération,Hors intersection,Normale,Autre collision,,,,,,,,,,,2,1,1,1,6.0
201600049981,0016-07-04 08:15:00,16,7,4,8,15,670,482,Autoroute A.351,,,Plein jour,Hors agglomération,Hors intersection,Normale,Deux véhicules - arrière,,,,,,,,,,,1,1,1,1,2.0
201600049982,0016-06-28 11:10:00,16,6,28,11,10,670,365,Autoroute A.35,,,Plein jour,Hors agglomération,Hors intersection,Normale,Deux véhicules - côté,,,,,,,,,,,1,1,1,1,3.0
201600049983,0016-07-07 18:00:00,16,7,7,18,0,670,218,R.N. 353,,,Plein jour,Hors agglomération,Hors intersection,Normale,Deux véhicules - arrière,,,,,,,,,,,1,1,1,1,2.0
201600049984,0016-07-07 11:20:00,16,7,7,11,20,670,482,Autoroute A.35,,,Plein jour,Hors agglomération,Hors intersection,Normale,Trois véhicules et plus - collisions multiples,,,,,,,,,,,1,1,1,1,5.0
201600049985,0016-07-07 09:25:00,16,7,7,9,25,670,49,Autoroute A.35,,,Plein jour,Hors agglomération,Hors intersection,Normale,Trois véhicules et plus - en chaîne,,,,,,,,,,,1,1,1,1,4.0
201600049986,0016-07-20 15:10:00,16,7,20,15,10,670,471,Autoroute A4,,,Plein jour,Hors agglomération,Hors intersection,Normale,Sans collision,,,,,,,,,,,1,1,1,1,7.0
201600049987,0016-07-20 19:05:00,16,7,20,19,5,670,447,Autoroute A.4,,,Plein jour,Hors agglomération,Hors intersection,Normale,Sans collision,,,,,,,,,,,1,1,1,1,7.0
201600049988,0016-07-19 11:40:00,16,7,19,11,40,670,482,N.4 Contournement Sud,,,Plein jour,Hors agglomération,Hors intersection,Normale,Deux véhicules - arrière,,,,,,,,,,,1,1,1,1,2.0
201600049989,0016-07-26 07:35:00,16,7,26,7,35,670,482,Autoroute A.35,,,Plein jour,Hors agglomération,Hors intersection,Normale,Sans collision,,,,,,,,,,,1,1,1,1,7.0
201600049990,0016-08-19 14:10:00,16,8,19,14,10,670,482,Autoroute A.35,,,Plein jour,Hors agglomération,Hors intersection,Normale,Deux véhicules - côté,,,,,,,,,,,1,1,1,1,3.0
201600049991,0016-08-20 18:15:00,16,8,20,18,15,670,152,Route Nationale 83,,,Plein jour,Hors agglomération,Hors intersection,Pluie légère,Autre collision,,,,,,,,,,,1,1,1,2,6.0
201600049992,0016-08-13 09:50:00,16,8,13,9,50,670,389,Autoroute A.4,48.64642,7.73324,Plein jour,Hors agglomération,Hors intersection,Normale,Sans collision,,,,,,,,,,,1,1,1,1,7.0
201600049993,0016-08-23 21:45:00,16,8,23,21,45,670,482,Autoroute A.35,,,Nuit avec éclairage non allumé,Hors agglomération,Hors intersection,Normale,Sans collision,,,,,,,,,,,4,1,1,1,7.0
201600049994,0016-09-06 16:55:00,16,9,6,16,55,670,218,Autoroute A.35,,,Plein jour,Hors agglomération,Hors intersection,Normale,Trois véhicules et plus - en chaîne,,,,,,,,,,,1,1,1,1,4.0
201600049995,0016-09-05 08:20:00,16,9,5,8,20,670,218,R.N. 353,48.49972,7.73333,Plein jour,Hors agglomération,Hors intersection,Normale,Sans collision,,,,,,,,,,,1,1,1,1,7.0
201600049996,0016-09-08 15:25:00,16,9,8,15,25,670,309,Autoroute A.4,,,Plein jour,Hors agglomération,Hors intersection,Normale,Deux véhicules - côté,,,,,,,,,,,1,1,1,1,3.0
201600049997,0016-09-07 18:40:00,16,9,7,18,40,670,152,Autoroute A.35,,,Plein jour,Hors agglomération,Hors intersection,Normale,Trois véhicules et plus - en chaîne,,,,,,,,,,,1,1,1,1,4.0
201600049998,0016-09-06 08:30:00,16,9,6,8,30,670,218,Autoroute A.35,,,Plein jour,Hors agglomération,Hors intersection,Normale,Deux véhicules - arrière,,,,,,,,,,,1,1,1,1,2.0
201600049999,0016-09-12 17:50:00,16,9,12,17,50,670,482,Autoroute A.35,48.56657,7.73231,Plein jour,Hors agglomération,Hors intersection,Normale,Trois véhicules et plus - collisions multiples,,,,,,,,,,,1,1,1,1,5.0
201600050000,0016-09-17 04:40:00,16,9,17,4,40,670,218,Autoroute A.35,,,Nuit sans éclairage public,Hors agglomération,Hors intersection,Normale,Deux véhicules - arrière,,,,,,,,,,,3,1,1,1,2.0
201600050001,0016-09-13 08:30:00,16,9,13,8,30,670,482,Autoroute A.35,,,Plein jour,Hors agglomération,Hors intersection,Normale,Trois véhicules et plus - en chaîne,,,,,,,,,,,1,1,1,1,4.0
201600050002,0016-09-19 20:00:00,16,9,19,20,0,670,218,Autoroute A.35,,,Nuit sans éclairage public,Hors agglomération,Hors intersection,Normale,Deux véhicules - arrière,,,,,,,,,,,3,1,1,1,2.0
201600050003,0016-09-27 18:10:00,16,9,27,18,10,670,365,Autoroute A.35,,,Plein jour,Hors agglomération,Hors intersection,Normale,Trois véhicules et plus - en chaîne,,,,,,,,,,,1,1,1,1,4.0
201600050004,0016-09-30 12:35:00,16,9,30,12,35,670,482,Autoroute A.35,48.57262,7.73058,Plein jour,Hors agglomération,Hors intersection,Normale,Deux véhicules - arrière,,,,,,,,,,,1,1,1,1,2.0
201600050005,0016-10-02 00:15:00,16,10,2,0,15,670,482,Autoroute A.35,,,Nuit sans éclairage public,Hors agglomération,Hors intersection,Temps couvert,Sans collision,,,,,,,,,,,3,1,1,8,7.0
201600050006,0016-09-30 18:25:00,16,9,30,18,25,670,471,Autoroute A.4,48.64272,7.73162,Crépuscule ou aube,Hors agglomération,Hors intersection,Normale,Deux véhicules - côté,,,,,,,,,,,2,1,1,1,3.0
201600050007,0016-10-24 13:15:00,16,10,24,13,15,670,482,N.4 CONTOURNEMENT-SUD,48.57062,7.72981,Plein jour,Hors agglomération,Hors intersection,Normale,Sans collision,,,,,,,,,,,1,1,1,1,7.0
201600050008,0016-10-25 20:15:00,16,10,25,20,15,670,482,Autoroute A.35,,,Nuit sans éclairage public,Hors agglomération,Hors intersection,Normale,Trois véhicules et plus - en chaîne,,,,,,,,,,,3,1,1,1,4.0
201600050009,0016-10-28 18:55:00,16,10,28,18,55,670,482,Autoroute A.351,48.58321,7.72018,Nuit sans éclairage public,Hors agglomération,Hors intersection,Normale,Deux véhicules - arrière,,,,,,,,,,,3,1,1,1,2.0
201600050010,0016-11-10 09:05:00,16,11,10,9,5,670,152,Route Nationale 83,,,Plein jour,Hors agglomération,Hors intersection,Normale,Autre collision,,,,,,,,,,,1,1,1,1,6.0
201600050011,0016-11-15 09:25:00,16,11,15,9,25,670,152,Route Nationale 83,,,Plein jour,Hors agglomération,Hors intersection,Pluie légère,Deux véhicules - arrière,,,,,,,,,,,1,1,1,2,2.0
201600050012,0016-11-15 16:30:00,16,11,15,16,30,670,152,Autoroute A.35,48.52922,7.69219,Plein jour,Hors agglomération,Hors intersection,Temps couvert,Autre collision,,,,,,,,,,,1,1,1,8,6.0
201600050013,0016-11-18 18:45:00,16,11,18,18,45,670,482,Autoroute A.351,48.58585,7.72227,Nuit sans éclairage public,Hors agglomération,Hors intersection,Normale,Trois véhicules et plus - en chaîne,,,,,,,,,,,3,1,1,1,4.0
201600050014,0016-11-18 18:15:00,16,11,18,18,15,670,43,Autoroute A.4,,,Nuit sans éclairage public,Hors agglomération,Hors intersection,Normale,Trois véhicules et plus - en chaîne,,,,,,,,,,,3,1,1,1,4.0
201600050015,0016-11-28 14:00:00,16,11,28,14,0,670,482,Autoroute A.351,48.59832,7.68934,Plein jour,Hors agglomération,Hors intersection,Normale,Deux véhicules - arrière,,,,,,,,,,,1,1,1,1,2.0
201600050016,0016-12-04 08:00:00,16,12,4,8,0,670,365,Autoroute A.35,,,Plein jour,Hors agglomération,Hors intersection,Normale,Deux véhicules - arrière,,,,,,,,,,,1,1,1,1,2.0
201600050017,0016-12-05 07:30:00,16,12,5,7,30,670,365,Autoroute A.35,48.5368,7.71439,Crépuscule ou aube,Hors agglomération,Hors intersection,Temps couvert,Trois véhicules et plus - en chaîne,,,,,,,,,,,2,1,1,8,4.0
201600050018,0016-12-09 19:30:00,16,12,9,19,30,670,218,Autoroute A.35,48.5328,7.6977,Nuit sans éclairage public,Hors agglomération,Hors intersection,Normale,Trois véhicules et plus - en chaîne,,,,,,,,,,,3,1,1,1,4.0
201600050019,0016-12-13 02:15:00,16,12,13,2,15,670,389,Autoroute A.4,,,Nuit sans éclairage public,Hors agglomération,Hors intersection,Brouillard / fumée,Deux véhicules - frontale,,,,,,,,,,,3,1,1,5,1.0
201600050020,0016-12-10 14:00:00,16,12,10,14,0,670,152,Route Nationale 83,,,Plein jour,Hors agglomération,Hors intersection,Normale,Trois véhicules et plus - en chaîne,,,,,,,,,,,1,1,1,1,4.0
201600050021,0016-01-01 12:20:00,16,1,1,12,20,540,547,Autoroute A 33,48.64805,6.13611,Plein jour,Hors agglomération,Hors intersection,Brouillard / fumée,Deux véhicules - arrière,,,,,,,,,,,1,1,1,5,2.0
201600050022,0016-12-25 18:40:00,16,12,25,18,40,540,123,Autoroute A 31,48.77854,6.14472,Nuit sans éclairage public,Hors agglomération,Hors intersection,Normale,Autre collision,,,,,,,,,,,3,1,1,1,6.0
201600050023,0016-01-02 17:40:00,16,1,2,17,40,540,328,Autoroute A 33,48.62392,6.18632,Crépuscule ou aube,Hors agglomération,Hors intersection,Normale,Deux véhicules - arrière,,,,,,,,,,,2,1,1,1,2.0
201600050024,0016-01-03 15:10:00,16,1,3,15,10,540,232,Autoroute A 31,48.68868,5.99456,Plein jour,Hors agglomération,Hors intersection,Normale,Trois véhicules et plus - en chaîne,,,,,,,,,,,1,1,1,1,4.0
201600050025,0016-01-04 08:45:00,16,1,4,8,45,540,232,Autoroute A 31,48.6875,5.96236,Plein jour,Hors agglomération,Hors intersection,Normale,Trois véhicules et plus - en chaîne,,,,,,,,,,,1,1,1,1,4.0
201600050026,0016-01-05 08:20:00,16,1,5,8,20,540,150,Autoroute A 31,48.7702,6.14404,Crépuscule ou aube,Hors agglomération,Hors intersection,Pluie légère,Deux véhicules - arrière,,,,,,,,,,,2,1,1,2,2.0
201600050027,0016-01-14 18:10:00,16,1,14,18,10,540,547,Autoroute A 33,48.6492,6.13416,Nuit sans éclairage public,Hors agglomération,Hors intersection,Neige / grêle,Autre collision,,,,,,,,,,,3,1,1,4,6.0
201600050028,0016-01-28 08:00:00,16,1,28,8,0,540,483,Autoroute A 33,48.61777,6.30944,Plein jour,Hors agglomération,Hors intersection,Pluie forte,Trois véhicules et plus - collisions multiples,,,,,,,,,,,1,1,1,3,5.0
201600050029,0016-01-27 17:55:00,16,1,27,17,55,540,357,Autoroute A 31,48.71995,6.1668,Nuit sans éclairage public,Hors agglomération,Hors intersection,Normale,Deux véhicules - côté,,,,,,,,,,,3,1,1,1,3.0
201600050030,0016-03-03 16:18:00,16,3,3,16,18,540,304,Autoroute A 33,48.69532,6.11663,Plein jour,Hors agglomération,Hors intersection,Pluie légère,Trois véhicules et plus - en chaîne,,,,,,,,,,,1,1,1,2,4.0
201600050031,0016-04-15 12:00:00,16,4,15,12,0,540,90,Autoroute A 31,48.75094,6.15738,Plein jour,Hors agglomération,Hors intersection,Temps couvert,Deux véhicules - côté,,,,,,,,,,,1,1,1,8,3.0
201600050032,0016-04-25 08:40:00,16,4,25,8,40,540,357,Autoroute A 31,48.70928,6.1436,Plein jour,Hors agglomération,Hors intersection,Normale,Trois véhicules et plus - en chaîne,,,,,,,,,,,1,1,1,1,4.0
201600050033,0016-06-14 18:15:00,16,6,14,18,15,540,328,Autoroute A 330,48.6178,6.17956,Plein jour,Hors agglomération,Hors intersection,Normale,Trois véhicules et plus - en chaîne,,,,,,,,,,,1,1,1,1,4.0
201600050034,0016-06-22 00:30:00,16,6,22,0,30,540,31,Autoroute A 31,48.83599,6.09152,Nuit sans éclairage public,Hors agglomération,Hors intersection,Normale,Deux véhicules - arrière,,,,,,,,,,,3,1,1,1,2.0
201600050035,0016-07-12 14:20:00,16,7,12,14,20,540,320,Autoroute A 31,48.87767,6.09636,Plein jour,Hors agglomération,Hors intersection,Normale,Trois véhicules et plus - en chaîne,,,,,,,,,,,1,1,1,1,4.0
201600050036,0016-07-14 17:25:00,16,7,14,17,25,540,197,Autoroute A 33,48.61822,6.21481,Plein jour,Hors agglomération,Hors intersection,Pluie forte,Autre collision,,,,,,,,,,,1,1,1,3,6.0
201600050037,0016-07-18 13:40:00,16,7,18,13,40,540,167,Autoroute A 31,48.66933,5.91678,Plein jour,Hors agglomération,Hors intersection,Normale,Autre collision,,,,,,,,,,,1,1,1,1,6.0
201600050038,0016-08-15 16:55:00,16,8,15,16,55,540,197,Autoroute A 33,48.61871,6.21054,Plein jour,Hors agglomération,Hors intersection,Normale,Autre collision,,,,,,,,,,,1,1,1,1,6.0
201600050039,0016-08-29 10:15:00,16,8,29,10,15,540,197,Autoroute A 330,48.63312,6.18235,Plein jour,Hors agglomération,Hors intersection,Normale,Trois véhicules et plus - en chaîne,,,,,,,,,,,1,1,1,1,4.0
201600050040,0016-08-29 09:35:00,16,8,29,9,35,540,257,Autoroute A 330,48.65064,6.18168,Plein jour,Hors agglomération,Autre intersection,Normale,Trois véhicules et plus - en chaîne,,,,,,,,,,,1,1,9,1,4.0
201600050041,0016-09-08 18:00:00,16,9,8,18,0,540,304,Autoroute A 33,48.6911,6.1158,Plein jour,Hors agglomération,Hors intersection,Normale,Deux véhicules - arrière,,,,,,,,,,,1,1,1,1,2.0
201600050042,0016-09-14 08:40:00,16,9,14,8,40,540,123,Autoroute A 31,48.79126,6.12899,Plein jour,Hors agglomération,Hors intersection,Normale,Trois véhicules et plus - en chaîne,,,,,,,,,,,1,1,1,1,4.0
201600050043,0016-09-13 21:40:00,16,9,13,21,40,540,90,Autoroute A 31,48.7497,6.15651,Nuit sans éclairage public,Hors agglomération,Hors intersection,Normale,Autre collision,,,,,,,,,,,3,1,1,1,6.0
201600050044,0016-09-25 05:55:00,16,9,25,5,55,540,304,Autoroute A 33,48.68989,6.11661,Nuit sans éclairage public,Hors agglomération,Hors intersection,Normale,Autre collision,,,,,,,,,,,3,1,1,1,6.0
201600050045,0016-09-19 08:45:00,16,9,19,8,45,540,328,Autoroute A 330,48.6172,6.17998,Plein jour,Hors agglomération,Hors intersection,Normale,Deux véhicules - arrière,,,,,,,,,,,1,1,1,1,2.0
201600050046,0016-11-10 19:25:00,16,11,10,19,25,540,304,Autoroute A 33,48.6778,6.12004,Nuit sans éclairage public,Hors agglomération,Hors intersection,Pluie légère,Trois véhicules et plus - en chaîne,,,,,,,,,,,3,1,1,2,4.0
201600050047,0016-10-26 14:15:00,16,10,26,14,15,540,232,Autoroute A 31,48.68813,5.98064,Plein jour,Hors agglomération,Hors intersection,Normale,Sans collision,,,,,,,,,,,1,1,1,1,7.0
201600050048,0016-11-01 03:45:00,16,11,1,3,45,540,557,Autoroute A 31,48.69254,6.0649,Nuit sans éclairage public,Hors agglomération,Hors intersection,Normale,Autre collision,,,,,,,,,,,3,1,1,1,6.0
201600050049,0016-11-10 13:00:00,16,11,10,13,0,540,547,Autoroute A 33,48.64729,6.13832,Plein jour,Hors agglomération,Hors intersection,Pluie légère,Deux véhicules - frontale,,,,,,,,,,,1,1,1,2,1.0
201600050050,0016-11-08 11:07:00,16,11,8,11,7,540,150,Autoroute A 31,48.78486,6.14362,Plein jour,Hors agglomération,Hors intersection,Normale,Deux véhicules - côté,,,,,,,,,,,1,1,1,1,3.0
201600050051,0016-11-08 18:30:00,16,11,8,18,30,540,357,Autoroute A 31,48.70625,6.13955,Nuit sans éclairage public,Hors agglomération,Hors intersection,Normale,Deux véhicules - arrière,,,,,,,,,,,3,1,1,1,2.0
201600050052,0016-11-28 01:20:00,16,11,28,1,20,540,90,Autoroute A 31,48.74981,6.1568,Nuit sans éclairage public,Hors agglomération,Hors intersection,Normale,Deux véhicules - côté,,,,,,,,,,,3,1,1,1,3.0
201600050053,0016-12-28 11:20:00,16,12,28,11,20,540,115,Autoroute A 31,48.69453,6.10652,Plein jour,Hors agglomération,Hors intersection,Normale,Deux véhicules - côté,,,,,,,,,,,1,1,1,1,3.0
201600050054,0016-01-20 06:05:00,16,1,20,6,5,570,463,RN 431,,,Nuit sans éclairage public,Hors agglomération,Hors intersection,Neige / grêle,Deux véhicules - arrière,,,,,,,,,,,3,1,1,4,2.0
201600050055,0016-01-21 20:16:00,16,1,21,20,16,570,283,Autoroute A31,49.23656,6.18045,Nuit sans éclairage public,Hors agglomération,Hors intersection,Normale,Autre collision,,,,,,,,,,,3,1,1,1,6.0
201600050056,0016-01-26 17:45:00,16,1,26,17,45,570,480,Autoroute A31,49.10916,6.15236,Nuit sans éclairage public,Hors agglomération,Hors intersection,Normale,Deux véhicules - côté,,,,,,,,,,,3,1,1,1,3.0
201600050057,0016-02-12 06:15:00,16,2,12,6,15,570,356,Autoroute A31,49.44645,6.11928,Nuit sans éclairage public,Hors agglomération,Hors intersection,Normale,Autre collision,,,,,,,,,,,3,1,1,1,6.0
201600050058,0016-02-24 11:25:00,16,2,24,11,25,570,463,Autoroute A31,49.12511,6.15986,Plein jour,Hors agglomération,Hors intersection,Normale,Deux véhicules - côté,,,,,,,,,,,1,1,1,1,3.0
201600050059,0016-02-25 12:50:00,16,2,25,12,50,570,343,Autoroute A31,49.3333,6.1852,Plein jour,Hors agglomération,Hors intersection,Normale,Autre collision,,,,,,,,,,,1,1,1,1,6.0
201600050060,0016-03-08 09:00:00,16,3,8,9,0,570,206,Autoroute A30,49.30861,6.118,Plein jour,Hors agglomération,Hors intersection,Normale,Deux véhicules - arrière,,,,,,,,,,,1,1,1,1,2.0
201600050061,0016-03-14 21:18:00,16,3,14,21,18,570,663,Autoroute A31,,,Nuit sans éclairage public,Hors agglomération,Hors intersection,Normale,Deux véhicules - côté,,,,,,,,,,,3,1,1,1,3.0
201600050062,0016-03-24 18:20:00,16,3,24,18,20,570,666,Autoroute A31,49.35093,6.14149,Plein jour,Hors agglomération,Hors intersection,Normale,Trois véhicules et plus - en chaîne,,,,,,,,,,,1,1,1,1,4.0
201600050063,0016-03-24 20:15:00,16,3,24,20,15,570,498,Autoroute A30,49.32947,6.02107,Nuit sans éclairage public,Hors agglomération,Hors intersection,Normale,Autre collision,,,,,,,,,,,3,1,1,1,6.0
201600050064,0016-03-30 14:25:00,16,3,30,14,25,570,666,Autoroute A31,49.35138,6.1438,Plein jour,Hors agglomération,Hors intersection,Normale,Autre collision,,,,,,,,,,,1,1,1,1,6.0
201600050065,0016-04-09 13:35:00,16,4,9,13,35,570,672,A31  49.345 6.117,,,Plein jour,Hors agglomération,Hors intersection,Normale,Deux véhicules - arrière,,,,,,,,,,,1,1,1,1,2.0
201600050066,0016-04-12 06:15:00,16,4,12,6,15,570,487,Autoroute A31,49.09416,6.11308,Nuit sans éclairage public,Hors agglomération,Hors intersection,Normale,Autre collision,,,,,,,,,,,3,1,1,1,6.0
201600050067,0016-04-15 06:10:00,16,4,15,6,10,570,303,Autoroute A31,49.20897,6.17491,Nuit sans éclairage public,Hors agglomération,Hors intersection,Normale,Deux véhicules - arrière,,,,,,,,,,,3,1,1,1,2.0
201600050068,0016-04-18 07:45:00,16,4,18,7,45,570,463,Autoroute A31,49.11953,6.16011,Nuit sans éclairage public,Hors agglomération,Hors intersection,Normale,Deux véhicules - arrière,,,,,,,,,,,3,1,1,1,2.0
201600050069,0016-04-26 18:12:00,16,4,26,18,12,570,412,Autoroute A31,49.11335,6.16452,Plein jour,En agglomération,Hors intersection,Pluie légère,Trois véhicules et plus - en chaîne,,,,,,,,,,,1,2,1,2,4.0
201600050070,0016-04-26 17:35:00,16,4,26,17,35,570,666,Autoroute A31,49.34436,6.11428,Plein jour,Hors agglomération,Hors intersection,Pluie forte,Deux véhicules - arrière,,,,,,,,,,,1,1,1,3,2.0
201600050071,0016-05-05 19:05:00,16,5,5,19,5,570,194,Autoroute A31,49.42157,6.11074,Plein jour,Hors agglomération,Hors intersection,Normale,Deux véhicules - côté,,,,,,,,,,,1,1,1,1,3.0
201600050072,0016-05-08 05:35:00,16,5,8,5,35,570,433,Autoroute A31,49.19388,6.1753,Nuit sans éclairage public,Hors agglomération,Hors intersection,Normale,Sans collision,,,,,,,,,,,3,1,1,1,7.0
201600050073,0016-05-13 19:00:00,16,5,13,19,0,570,343,Autoroute A31,49.32111,6.18355,Plein jour,Hors agglomération,Hors intersection,Normale,Trois véhicules et plus - collisions multiples,,,,,,,,,,,1,1,1,1,5.0
201600050074,0016-05-11 08:10:00,16,5,11,8,10,570,463,RN 431,,,Plein jour,Hors agglomération,Hors intersection,Normale,Trois véhicules et plus - en chaîne,,,,,,,,,,,1,1,1,1,4.0
201600050075,0016-05-25 07:25:00,16,5,25,7,25,570,306,Autoroute A30,49.33086,6.04752,Plein jour,Hors agglomération,Hors intersection,Normale,Autre collision,,,,,,,,,,,1,1,1,1,6.0
201600050076,0016-05-30 17:40:00,16,5,30,17,40,570,672,Autoroute A31,49.37148,6.10632,Plein jour,Hors agglomération,Hors intersection,Pluie légère,Deux véhicules - arrière,,,,,,,,,,,1,1,1,2,2.0
201600050077,0016-05-26 17:40:00,16,5,26,17,40,570,480,Autoroute A31,49.10353,6.13922,Plein jour,Hors agglomération,Hors intersection,Temps couvert,Deux véhicules - côté,,,,,,,,,,,1,1,1,8,3.0
201600050078,0016-06-01 18:00:00,16,6,1,18,0,570,39,RN  431,,,Plein jour,Hors agglomération,Hors intersection,Normale,Trois véhicules et plus - en chaîne,,,,,,,,,,,1,1,1,1,4.0
201600050079,0016-06-01 16:00:00,16,6,1,16,0,570,306,RUE DE LA MARNE,49.33522,6.0548,Plein jour,En agglomération,Hors intersection,Normale,Autre collision,,,,,,,,,,,1,2,1,1,6.0
201600050080,0016-06-09 08:20:00,16,6,9,8,20,570,764,Autoroute A31,49.4684,6.1224,Plein jour,Hors agglomération,Hors intersection,Normale,Deux véhicules - côté,,,,,,,,,,,1,1,1,1,3.0
201600050081,0016-06-15 05:10:00,16,6,15,5,10,570,666,Autoroute A31,49.34894,6.12731,Crépuscule ou aube,Hors agglomération,Hors intersection,Normale,Deux véhicules - côté,,,,,,,,,,,2,1,1,1,3.0
201600050082,0016-06-21 08:20:00,16,6,21,8,20,570,356,Autoroute A31,49.44568,6.11908,Plein jour,Hors agglomération,Hors intersection,Normale,Deux véhicules - côté,,,,,,,,,,,1,1,1,1,3.0
201600050083,0016-07-05 18:32:00,16,7,5,18,32,570,751,Autoroute A31,49.1777,6.17819,Plein jour,Hors agglomération,Hors intersection,Normale,Deux véhicules - côté,,,,,,,,,,,1,1,1,1,3.0
201600050084,0016-07-05 19:40:00,16,7,5,19,40,570,343,A31 (49.2021 6.1058FAUX),,,Plein jour,Hors agglomération,Hors intersection,Normale,Deux véhicules - côté,,,,,,,,,,,1,1,1,1,3.0
201600050085,0016-07-08 16:25:00,16,7,8,16,25,570,194,Autoroute A31,,,Plein jour,Hors agglomération,Hors intersection,Normale,Autre collision,,,,,,,,,,,1,1,1,1,6.0
201600050086,0016-07-25 08:15:00,16,7,25,8,15,570,582,Autoroute A31,49.28011,6.17277,Plein jour,Hors agglomération,Hors intersection,Normale,Deux véhicules - côté,,,,,,,,,,,1,1,1,1,3.0
201600050087,0016-07-27 15:20:00,16,7,27,15,20,570,221,Autoroute A31,49.34713,6.11111,Plein jour,Hors agglomération,Hors intersection,Normale,Deux véhicules - arrière,,,,,,,,,,,1,1,1,1,2.0
201600050088,0016-08-05 04:35:00,16,8,5,4,35,570,433,Autoroute A31,49.19786,6.17525,Nuit sans éclairage public,Hors agglomération,Hors intersection,Normale,Deux véhicules - côté,,,,,,,,,,,3,1,1,1,3.0
201600050089,0016-08-14 04:30:00,16,8,14,4,30,570,306,Autoroute A30,49.33155,6.05,Nuit sans éclairage public,Hors agglomération,Hors intersection,Normale,Deux véhicules - arrière,,,,,,,,,,,3,1,1,1,2.0
201600050090,0016-09-02 08:15:00,16,9,2,8,15,570,474,Autoroute A31,,,Plein jour,Hors agglomération,Hors intersection,Normale,Trois véhicules et plus - en chaîne,,,,,,,,,,,1,1,1,1,4.0
201600050091,0016-09-01 02:45:00,16,9,1,2,45,570,343,Autoroute A31,49.334,6.18536,Nuit sans éclairage public,Hors agglomération,Hors intersection,Normale,Autre collision,,,,,,,,,,,3,1,1,1,6.0
201600050092,0016-09-09 18:45:00,16,9,9,18,45,570,206,Autoroute A30,49.30826,6.11935,Plein jour,Hors agglomération,Hors intersection,Normale,Trois véhicules et plus - collisions multiples,,,,,,,,,,,1,1,1,1,5.0
201600050093,0016-09-16 15:55:00,16,9,16,15,55,570,487,Autoroute A31,49.09875,6.12571,Plein jour,Hors agglomération,Hors intersection,Normale,Trois véhicules et plus - en chaîne,,,,,,,,,,,1,1,1,1,4.0
201600050094,0016-09-21 16:45:00,16,9,21,16,45,570,672,Autoroute A31,,,Plein jour,Hors agglomération,Hors intersection,Normale,Deux véhicules - arrière,,,,,,,,,,,1,1,1,1,2.0
201600050095,0016-09-22 07:35:00,16,9,22,7,35,570,356,Autoroute A31,49.4324,6.11509,Crépuscule ou aube,Hors agglomération,Hors intersection,Normale,Trois véhicules et plus - en chaîne,,,,,,,,,,,2,1,1,1,4.0
201600050096,0016-09-26 17:55:00,16,9,26,17,55,570,498,Autoroute A30,49.33911,5.99699,Plein jour,Hors agglomération,Hors intersection,Normale,Sans collision,,,,,,,,,,,1,1,1,1,7.0