accident_id,datetime,annee,mois,jour,heure,minute,departement,commune_insee,adresse,latitude,longitude,luminosite,agglomeration,intersection,meteo,collision,nb_vehicules,nb_usagers,nb_indemnes,nb_tues,nb_blesses_hosp,nb_blesses_legers,age_cond_1,age_cond_2,veh_type_cond_1,veh_type_cond_2,lum_code,agg_code,int_code,atm_code,col_code
201600050097,0016-10-12 06:00:00,16,10,12,6,0,570,764,Autoroute A 31,49.45342,6.12057,Nuit sans éclairage public,Hors agglomération,Hors intersection,Normale,Deux véhicules - côté,,,,,,,,,,,3,1,1,1,3.0
201600050098,0016-10-16 20:47:00,16,10,16,20,47,570,212,Autoroute A31,,,Nuit sans éclairage public,Hors agglomération,Hors intersection,Normale,Deux véhicules - arrière,,,,,,,,,,,3,1,1,1,2.0
201600050099,0016-10-21 16:50:00,16,10,21,16,50,570,67,Autoroute A31,49.31037,6.18251,Plein jour,Hors agglomération,Hors intersection,Normale,Deux véhicules - frontale,,,,,,,,,,,1,1,1,1,1.0
201600050100,0016-11-12 01:48:00,16,11,12,1,48,570,582,Autoroute A31,49.27655,6.17346,Nuit sans éclairage public,Hors agglomération,Hors intersection,Normale,Deux véhicules - arrière,,,,,,,,,,,3,1,1,1,2.0
201600050101,0016-11-13 13:25:00,16,11,13,13,25,570,39,RN 431,49.03869,6.13076,Plein jour,Hors agglomération,Hors intersection,Normale,Sans collision,,,,,,,,,,,1,1,1,1,7.0
201600050102,0016-11-14 11:00:00,16,11,14,11,0,570,764,Autoroute A31,,,Plein jour,Hors agglomération,Hors intersection,Normale,Autre collision,,,,,,,,,,,1,1,1,1,6.0
201600050103,0016-12-09 17:55:00,16,12,9,17,55,570,39,RN 431,49.0369,6.1158,Nuit sans éclairage public,Hors agglomération,Hors intersection,Normale,Trois véhicules et plus - en chaîne,,,,,,,,,,,3,1,1,1,4.0
201600050104,0016-12-15 02:40:00,16,12,15,2,40,570,663,Autoroute A31,49.23368,6.1797,Nuit sans éclairage public,Hors agglomération,Hors intersection,Normale,Trois véhicules et plus - collisions multiples,,,,,,,,,,,3,1,1,1,5.0
201600050105,0016-12-22 17:10:00,16,12,22,17,10,570,534,RN 431,49.07389,6.20641,Crépuscule ou aube,Hors agglomération,Hors intersection,Normale,Deux véhicules - côté,,,,,,,,,,,2,1,1,1,3.0
201600050106,0016-11-27 07:25:00,16,11,27,7,25,420,218,RN88,45.40809,4.38924,Plein jour,Hors agglomération,Hors intersection,Normale,Autre collision,,,,,,,,,,,1,1,1,1,6.0
201600050107,0016-01-02 22:30:00,16,1,2,22,30,690,228,A47,45.54082,4.64617,Nuit sans éclairage public,Hors agglomération,Hors intersection,Temps couvert,Autre collision,,,,,,,,,,,3,1,1,8,6.0
201600050108,0016-01-12 18:00:00,16,1,12,18,0,420,218,RN88,45.43271,4.41712,Plein jour,Hors agglomération,Hors intersection,Normale,Trois véhicules et plus - en chaîne,,,,,,,,,,,1,1,1,1,4.0
201600050109,0016-01-07 18:00:00,16,1,7,18,0,420,218,A72,45.44302,4.42972,Nuit sans éclairage public,Hors agglomération,Hors intersection,Normale,Trois véhicules et plus - en chaîne,,,,,,,,,,,3,1,1,1,4.0
201600050110,0016-02-09 22:55:00,16,2,9,22,55,420,95,RN88,45.39221,4.29335,Nuit sans éclairage public,Hors agglomération,Hors intersection,Pluie légère,Deux véhicules - arrière,,,,,,,,,,,3,1,1,2,2.0
201600050111,0016-02-09 23:00:00,16,2,9,23,0,420,95,RN88,45.39223,4.29368,Nuit sans éclairage public,Hors agglomération,Hors intersection,Pluie légère,Deux véhicules - arrière,,,,,,,,,,,3,1,1,2,2.0
201600050112,0016-02-19 08:45:00,16,2,19,8,45,420,218,A72,45.459,4.40607,Plein jour,Hors agglomération,Hors intersection,Normale,Deux véhicules - arrière,,,,,,,,,,,1,1,1,1,2.0
201600050113,0016-02-21 17:15:00,16,2,21,17,15,420,110,RD288,45.48692,4.53767,Plein jour,Hors agglomération,Hors intersection,Normale,Sans collision,,,,,,,,,,,1,1,1,1,7.0
201600050114,0016-03-01 12:52:00,16,3,1,12,52,420,218,RN88,45.41129,4.39977,Plein jour,Hors agglomération,Hors intersection,Normale,Deux véhicules - arrière,,,,,,,,,,,1,1,1,1,2.0
201600050115,0016-03-29 22:10:00,16,3,29,22,10,420,218,A72,45.45146,4.41826,Nuit sans éclairage public,Hors agglomération,Hors intersection,Normale,Deux véhicules - arrière,,,,,,,,,,,3,1,1,1,2.0
201600050116,0016-03-30 11:15:00,16,3,30,11,15,420,218,RN88,45.41955,4.40938,Plein jour,Hors agglomération,Hors intersection,Normale,Autre collision,,,,,,,,,,,1,1,1,1,6.0
201600050117,0016-03-26 13:45:00,16,3,26,13,45,420,44,RN88,45.39518,4.33497,Plein jour,Hors agglomération,Hors intersection,Normale,Deux véhicules - arrière,,,,,,,,,,,1,1,1,1,2.0
201600050118,0016-04-11 05:47:00,16,4,11,5,47,420,218,A72,45.45581,4.41141,Nuit avec éclairage allumé,Hors agglomération,Hors intersection,Normale,Deux véhicules - arrière,,,,,,,,,,,5,1,1,1,2.0
201600050119,0016-04-17 10:10:00,16,4,17,10,10,420,218,A72,45.45843,4.40766,Plein jour,Hors agglomération,Hors intersection,Normale,Autre collision,,,,,,,,,,,1,1,1,1,6.0
201600050120,0016-04-10 11:45:00,16,4,10,11,45,420,207,RN88 CROISSANT,45.46007,4.48665,Plein jour,Hors agglomération,Hors intersection,Normale,Sans collision,,,,,,,,,,,1,1,1,1,7.0
201600050121,0016-04-29 04:15:00,16,4,29,4,15,420,97,A72,45.48669,4.32558,Nuit sans éclairage public,Hors agglomération,Hors intersection,Normale,Sans collision,,,,,,,,,,,3,1,1,1,7.0
201600050122,0016-05-04 16:15:00,16,5,4,16,15,690,91,A47,,,Plein jour,Hors agglomération,Hors intersection,Normale,Trois véhicules et plus - en chaîne,,,,,,,,,,,1,1,1,1,4.0
201600050123,0016-05-11 15:55:00,16,5,11,15,55,420,95,RN88,45.38906,4.30064,Plein jour,Hors agglomération,Hors intersection,Pluie forte,Trois véhicules et plus - en chaîne,,,,,,,,,,,1,1,1,3,4.0
201600050124,0016-05-06 19:10:00,16,5,6,19,10,420,95,RN88,45.39088,4.28518,Plein jour,Hors agglomération,Hors intersection,Normale,Deux véhicules - arrière,,,,,,,,,,,1,1,1,1,2.0
201600050125,0016-04-22 08:00:00,16,4,22,8,0,420,97,A72,45.50023,4.31138,Plein jour,Hors agglomération,Hors intersection,Normale,Deux véhicules - arrière,,,,,,,,,,,1,1,1,1,2.0
201600050126,0016-05-11 17:20:00,16,5,11,17,20,420,97,A72,45.48553,4.32969,Plein jour,Hors agglomération,Hors intersection,Pluie forte,Deux véhicules - côté,,,,,,,,,,,1,1,1,3,3.0
201600050127,0016-05-29 18:45:00,16,5,29,18,45,420,95,RN88,45.38833,4.27751,Plein jour,Hors agglomération,Hors intersection,Normale,Deux véhicules - arrière,,,,,,,,,,,1,1,1,1,2.0
201600050128,0016-05-31 11:40:00,16,5,31,11,40,420,237,RN88,45.44367,4.46482,Plein jour,Hors agglomération,Hors intersection,Normale,Autre collision,,,,,,,,,,,1,1,1,1,6.0
201600050129,0016-06-08 17:40:00,16,6,8,17,40,690,213,A47,45.54866,4.67493,Plein jour,Hors agglomération,Hors intersection,Normale,Trois véhicules et plus - en chaîne,,,,,,,,,,,1,1,1,1,4.0
201600050130,0016-06-13 19:00:00,16,6,13,19,0,420,237,RN88,45.44141,4.4608,Plein jour,Hors agglomération,Hors intersection,Pluie légère,Deux véhicules - côté,,,,,,,,,,,1,1,1,2,3.0
201600050131,0016-06-22 08:30:00,16,6,22,8,30,420,218,RN88,45.42601,4.41508,Plein jour,Hors agglomération,Hors intersection,Normale,Trois véhicules et plus - en chaîne,,,,,,,,,,,1,1,1,1,4.0
201600050132,0016-06-30 09:40:00,16,6,30,9,40,420,207,A47,45.47802,4.49642,Plein jour,Hors agglomération,Hors intersection,Normale,Deux véhicules - côté,,,,,,,,,,,1,1,1,1,3.0
201600050133,0016-06-29 21:15:00,16,6,29,21,15,420,242,A47,45.53769,4.63694,Crépuscule ou aube,Hors agglomération,Hors intersection,Pluie forte,Sans collision,,,,,,,,,,,2,1,1,3,7.0
201600050134,0016-07-07 08:30:00,16,7,7,8,30,420,110,A47,45.49431,4.54308,Plein jour,Hors agglomération,Hors intersection,Normale,Deux véhicules - côté,,,,,,,,,,,1,1,1,1,3.0
201600050135,0016-07-05 19:00:00,16,7,5,19,0,420,307,A47,45.55377,4.68276,Plein jour,Hors agglomération,Hors intersection,Normale,Deux véhicules - frontale,,,,,,,,,,,1,1,1,1,1.0
201600050136,0016-07-24 06:20:00,16,7,24,6,20,690,228,A47,,,Crépuscule ou aube,Hors agglomération,Hors intersection,Normale,Deux véhicules - côté,,,,,,,,,,,2,1,1,1,3.0
201600050137,0016-08-06 12:00:00,16,8,6,12,0,420,183,RN88,45.40032,4.36708,Plein jour,Hors agglomération,Hors intersection,Normale,Deux véhicules - côté,,,,,,,,,,,1,1,1,1,3.0
201600050138,0016-08-14 18:00:00,16,8,14,18,0,420,44,RN88,45.3953,4.33639,Plein jour,Hors agglomération,Hors intersection,Normale,Trois véhicules et plus - collisions multiples,,,,,,,,,,,1,1,1,1,5.0
201600050139,0016-09-04 04:55:00,16,9,4,4,55,420,218,RN88,45.41586,4.40504,Nuit avec éclairage allumé,Hors agglomération,Hors intersection,Normale,Deux véhicules - côté,,,,,,,,,,,5,1,1,1,3.0
201600050140,0016-09-08 11:10:00,16,9,8,11,10,420,97,A72,45.48453,4.33224,Plein jour,Hors agglomération,Hors intersection,Normale,Deux véhicules - arrière,,,,,,,,,,,1,1,1,1,2.0
201600050141,0016-09-03 04:30:00,16,9,3,4,30,420,186,A47,45.52556,4.60212,Nuit sans éclairage public,Hors agglomération,Hors intersection,Normale,Sans collision,,,,,,,,,,,3,1,1,1,7.0
201600050142,0016-09-22 12:15:00,16,9,22,12,15,420,237,A72,45.445,4.42743,Plein jour,Hors agglomération,Hors intersection,Normale,Autre collision,,,,,,,,,,,1,1,1,1,6.0
201600050143,0016-09-16 05:30:00,16,9,16,5,30,420,218,A72,45.46377,4.39925,Nuit avec éclairage non allumé,Hors agglomération,Hors intersection,Pluie légère,Deux véhicules - arrière,,,,,,,,,,,4,1,1,2,2.0
201600050144,0016-09-26 23:40:00,16,9,26,23,40,420,207,A47,45.49165,4.51816,Nuit sans éclairage public,Hors agglomération,Hors intersection,Normale,Trois véhicules et plus - collisions multiples,,,,,,,,,,,3,1,1,1,5.0
201600050145,0016-10-01 00:35:00,16,10,1,0,35,420,207,A47,45.46895,4.49891,Nuit sans éclairage public,Hors agglomération,Hors intersection,Normale,Deux véhicules - arrière,,,,,,,,,,,3,1,1,1,2.0
201600050146,0016-10-10 08:30:00,16,10,10,8,30,420,97,A72,45.5042,4.30584,Plein jour,Hors agglomération,Hors intersection,Normale,Trois véhicules et plus - collisions multiples,,,,,,,,,,,1,1,1,1,5.0
201600050147,0016-10-08 02:50:00,16,10,8,2,50,420,218,RN88,45.42699,4.41574,Nuit avec éclairage allumé,Hors agglomération,Hors intersection,Normale,Deux véhicules - arrière,,,,,,,,,,,5,1,1,1,2.0
201600050148,0016-10-20 15:45:00,16,10,20,15,45,420,183,RN88,45.40364,4.37343,Plein jour,Hors agglomération,Hors intersection,Normale,Trois véhicules et plus - collisions multiples,,,,,,,,,,,1,1,1,1,5.0
201600050149,0016-10-21 17:50:00,16,10,21,17,50,420,218,RN88,45.43319,4.42779,Plein jour,Hors agglomération,Autre intersection,Normale,Trois véhicules et plus - en chaîne,,,,,,,,,,,1,1,9,1,4.0
201600050150,0016-10-31 10:10:00,16,10,31,10,10,420,275,A72,45.46858,4.37507,Plein jour,Hors agglomération,Hors intersection,Normale,Deux véhicules - côté,,,,,,,,,,,1,1,1,1,3.0
201600050151,0016-09-22 16:40:00,16,9,22,16,40,420,330,A72,45.47999,4.34708,Plein jour,Hors agglomération,Hors intersection,Normale,Trois véhicules et plus - en chaîne,,,,,,,,,,,1,1,1,1,4.0
201600050152,0016-10-28 18:10:00,16,10,28,18,10,420,186,A47,45.52626,4.60467,Plein jour,Hors agglomération,Hors intersection,Normale,Deux véhicules - côté,,,,,,,,,,,1,1,1,1,3.0
201600050153,0016-11-12 14:45:00,16,11,12,14,45,420,218,A72,45.46328,4.3999,Plein jour,Hors agglomération,Hors intersection,Normale,Sans collision,,,,,,,,,,,1,1,1,1,7.0
201600050154,0016-11-08 17:15:00,16,11,8,17,15,420,218,A72,45.44354,4.42908,Crépuscule ou aube,Hors agglomération,Hors intersection,Normale,Deux véhicules - arrière,,,,,,,,,,,2,1,1,1,2.0
201600050155,0016-10-27 15:00:00,16,10,27,15,0,420,97,A72,45.50899,4.30189,Plein jour,Hors agglomération,Hors intersection,Normale,Autre collision,,,,,,,,,,,1,1,1,1,6.0
201600050156,0016-12-18 11:00:00,16,12,18,11,0,420,218,RN88,45.41085,4.39761,Plein jour,Hors agglomération,Hors intersection,Normale,Autre collision,,,,,,,,,,,1,1,1,1,6.0
201600050157,0016-02-14 12:35:00,16,2,14,12,35,420,237,RN88,45.46283,4.49279,Plein jour,Hors agglomération,Hors intersection,Normale,Deux véhicules - côté,,,,,,,,,,,1,1,1,1,3.0
201600050158,0016-01-02 05:45:00,16,1,2,5,45,690,296,A7   10.992 A 13.970,,,Nuit sans éclairage public,Hors agglomération,Hors intersection,Pluie légère,Autre collision,,,,,,,,,,,3,1,1,2,6.0
201600050159,0016-01-06 22:15:00,16,1,6,22,15,690,382,A7   0.000 A 2.278,,,Nuit avec éclairage allumé,Hors agglomération,Hors intersection,Normale,Deux véhicules - arrière,,,,,,,,,,,5,1,1,1,2.0
201600050160,0016-01-09 13:50:00,16,1,9,13,50,380,544,A7   25.770 A 27.460,,,Plein jour,Hors agglomération,Hors intersection,Normale,Sans collision,,,,,,,,,,,1,1,1,1,7.0
201600050161,0016-01-10 05:50:00,16,1,10,5,50,690,81,A6   448.490 A 449.450,,,Nuit avec éclairage allumé,Hors agglomération,Hors intersection,Pluie légère,Sans collision,,,,,,,,,,,5,1,1,2,7.0
201600050162,0016-01-11 19:30:00,16,1,11,19,30,690,382,A7   0.000 A 2.278,,,Nuit sans éclairage public,Hors agglomération,Hors intersection,Normale,Deux véhicules - côté,,,,,,,,,,,3,1,1,1,3.0
201600050163,0016-01-15 10:50:00,16,1,15,10,50,690,297,A47   0.000  A 1.657,,,Plein jour,Hors agglomération,Hors intersection,Normale,Deux véhicules - côté,,,,,,,,,,,1,1,1,1,3.0
201600050164,0016-01-19 08:50:00,16,1,19,8,50,690,385,A6   453.400 A 455.000,,,Crépuscule ou aube,Hors agglomération,Hors intersection,Normale,Trois véhicules et plus - en chaîne,,,,,,,,,,,2,1,1,1,4.0
201600050165,0016-01-13 23:30:00,16,1,13,23,30,690,271,RN346   38.000 A 38.960,,,Nuit avec éclairage non allumé,Hors agglomération,Hors intersection,Temps couvert,Autre collision,,,,,,,,,,,4,1,1,8,6.0
201600050166,0016-01-22 05:00:00,16,1,22,5,0,690,281,A46S   49.160 A 53.980,,,Nuit sans éclairage public,Hors agglomération,Hors intersection,Normale,Sans collision,,,,,,,,,,,3,1,1,1,7.0
201600050167,0016-01-23 15:00:00,16,1,23,15,0,690,72,A6   445.323 A 447.390,,,Plein jour,Hors agglomération,Hors intersection,Normale,Deux véhicules - arrière,,,,,,,,,,,1,1,1,1,2.0
201600050168,0016-01-15 08:40:00,16,1,15,8,40,690,290,A43   3.865 A 9.894,,,Plein jour,Hors agglomération,Hors intersection,Normale,Deux véhicules - arrière,,,,,,,,,,,1,1,1,1,2.0
201600050169,0016-01-23 08:36:00,16,1,23,8,36,690,29,A43   0.550 A 3.353,,,Crépuscule ou aube,Hors agglomération,Autre intersection,Normale,Sans collision,,,,,,,,,,,2,1,9,1,7.0
201600050170,0016-01-16 16:15:00,16,1,16,16,15,690,290,RN346   38.960 A 40.883,,,Plein jour,Hors agglomération,Hors intersection,Normale,Trois véhicules et plus - en chaîne,,,,,,,,,,,1,1,1,1,4.0
201600050171,0016-01-24 05:00:00,16,1,24,5,0,380,544,N407   0.000 A 2.331,45.53513,4.87145,Nuit avec éclairage allumé,En agglomération,Hors intersection,Normale,Deux véhicules - côté,,,,,,,,,,,5,2,1,1,3.0
201600050172,0016-01-31 19:00:00,16,1,31,19,0,690,5,RD302   5.000 A 6.350,,,Nuit sans éclairage public,Hors agglomération,Giratoire,Pluie légère,Sans collision,,,,,,,,,,,3,1,6,2,7.0
201600050173,0016-01-30 20:25:00,16,1,30,20,25,690,266,RD383   3.750 A 7.640,,,Nuit avec éclairage allumé,Hors agglomération,Hors intersection,Normale,Deux véhicules - côté,,,,,,,,,,,5,1,1,1,3.0
201600050174,0016-02-07 01:30:00,16,2,7,1,30,690,388,RD383   0.000 A 1.165,,,Nuit avec éclairage allumé,Hors agglomération,Hors intersection,Normale,Deux véhicules - arrière,,,,,,,,,,,5,1,1,1,2.0
201600050175,0016-02-09 09:25:00,16,2,9,9,25,690,199,RD383   14.250 A 18.000,,,Plein jour,Hors agglomération,Hors intersection,Normale,Deux véhicules - côté,,,,,,,,,,,1,1,1,1,3.0
201600050176,0016-02-09 22:40:00,16,2,9,22,40,690,382,A6   455.000 A 455.875,,,Nuit avec éclairage allumé,Hors agglomération,Hors intersection,Pluie légère,Deux véhicules - arrière,,,,,,,,,,,5,1,1,2,2.0
201600050177,0016-02-14 23:45:00,16,2,14,23,45,690,259,RD383   11.0044 A 11.460,,,Nuit sans éclairage public,Hors agglomération,Hors intersection,Normale,Deux véhicules - frontale,,,,,,,,,,,3,1,1,1,1.0
201600050178,0016-02-15 22:40:00,16,2,15,22,40,690,199,RD383   14.250 A 18.000,,,Nuit avec éclairage allumé,Hors agglomération,Hors intersection,Normale,Deux véhicules - côté,,,,,,,,,,,5,1,1,1,3.0
201600050179,0016-02-14 06:40:00,16,2,14,6,40,690,266,RD383   3.750 A 7.640,,,Nuit avec éclairage allumé,Hors agglomération,Hors intersection,Normale,Deux véhicules - côté,,,,,,,,,,,5,1,1,1,3.0
201600050180,0016-02-11 11:50:00,16,2,11,11,50,690,277,RN346   36.215 A 38.000,,,Plein jour,Hors agglomération,Autre intersection,Brouillard / fumée,Trois véhicules et plus - en chaîne,,,,,,,,,,,1,1,9,5,4.0
201600050181,0016-02-14 10:20:00,16,2,14,10,20,690,29,RD383   7.640 A 11.044,,,Plein jour,Hors agglomération,Hors intersection,Normale,Deux véhicules - côté,,,,,,,,,,,1,1,1,1,3.0
201600050182,0016-02-15 18:00:00,16,2,15,18,0,690,204,A450   1.740 A 5.100,,,Nuit sans éclairage public,Hors agglomération,Hors intersection,Normale,Trois véhicules et plus - en chaîne,,,,,,,,,,,3,1,1,1,4.0
201600050183,0016-02-22 12:40:00,16,2,22,12,40,690,266,A42   0.000 A 0.560,,,Plein jour,Hors agglomération,Hors intersection,Normale,Trois véhicules et plus - en chaîne,,,,,,,,,,,1,1,1,1,4.0
201600050184,0016-02-24 20:30:00,16,2,24,20,30,690,382,A7   0.000 A 2.278,,,Nuit avec éclairage allumé,Hors agglomération,Hors intersection,Normale,Deux véhicules - arrière,,,,,,,,,,,5,1,1,1,2.0
201600050185,0016-02-28 01:00:00,16,2,28,1,0,690,277,RN346   36.215 A 38.000,,,Nuit sans éclairage public,Hors agglomération,Hors intersection,Normale,Trois véhicules et plus - en chaîne,,,,,,,,,,,3,1,1,1,4.0
201600050186,0016-03-04 22:40:00,16,3,4,22,40,690,7,A7   31.960 A 32.870,,,Nuit sans éclairage public,Hors agglomération,Hors intersection,Pluie forte,Deux véhicules - côté,,,,,,,,,,,3,1,1,3,3.0
201600050187,0016-02-28 06:05:00,16,2,28,6,5,690,266,RD383   1.165 A 1.893,,,Nuit avec éclairage allumé,Hors agglomération,Hors intersection,Pluie légère,Autre collision,,,,,,,,,,,5,1,1,2,6.0
201600050188,0016-03-02 22:40:00,16,3,2,22,40,690,259,RD383   11.750 A 14.250,,,Nuit avec éclairage allumé,Hors agglomération,Hors intersection,Normale,Autre collision,,,,,,,,,,,5,1,1,1,6.0
201600050189,0016-03-08 08:45:00,16,3,8,8,45,690,275,RN346   29.300 A 34.350,,,Plein jour,Hors agglomération,Hors intersection,Normale,Trois véhicules et plus - en chaîne,,,,,,,,,,,1,1,1,1,4.0
201600050190,0016-03-07 20:10:00,16,3,7,20,10,690,275,RN346   29.300 A 34.350,,,Nuit sans éclairage public,Hors agglomération,Hors intersection,Normale,Deux véhicules - côté,,,,,,,,,,,3,1,1,1,3.0
201600050191,0016-03-09 07:55:00,16,3,9,7,55,690,382,A7   0.000 A 2.278,,,Plein jour,Hors agglomération,Hors intersection,Normale,Deux véhicules - arrière,,,,,,,,,,,1,1,1,1,2.0
201600050192,0016-02-28 18:30:00,16,2,28,18,30,380,184,A43   15.971 A 18.875,,,Plein jour,Hors agglomération,Hors intersection,Normale,Sans collision,,,,,,,,,,,1,1,1,1,7.0
201600050193,0016-03-10 09:30:00,16,3,10,9,30,690,256,A42     0.560 A 4.020,,,Plein jour,Hors agglomération,Hors intersection,Normale,Trois véhicules et plus - en chaîne,,,,,,,,,,,1,1,1,1,4.0
201600050194,0016-03-15 10:30:00,16,3,15,10,30,690,256,RN346  N/S  25.736 A 29.,,,Plein jour,Hors agglomération,Hors intersection,Normale,Trois véhicules et plus - en chaîne,,,,,,,,,,,1,1,1,1,4.0
201600050195,0016-03-16 20:10:00,16,3,16,20,10,690,290,RN346   38.960 A 40.883,,,Nuit sans éclairage public,Hors agglomération,Hors intersection,Pluie légère,Trois véhicules et plus - en chaîne,,,,,,,,,,,3,1,1,2,4.0
201600050196,0016-03-17 17:00:00,16,3,17,17,0,690,283,A46S   43.680 A 47.880,,,Plein jour,Hors agglomération,Hors intersection,Normale,Deux véhicules - arrière,,,,,,,,,,,1,1,1,1,2.0
201600050197,0016-03-18 13:35:00,16,3,18,13,35,690,193,A7   29.920 A 31.960,,,Plein jour,Hors agglomération,Hors intersection,Normale,Trois véhicules et plus - en chaîne,,,,,,,,,,,1,1,1,1,4.0
201600050198,0016-03-17 07:10:00,16,3,17,7,10,690,81,BPNL   34.000 A 34.614,,,Plein jour,Hors agglomération,Hors intersection,Normale,Deux véhicules - arrière,,,,,,,,,,,1,1,1,1,2.0
201600050199,0016-03-19 19:49:00,16,3,19,19,49,690,29,A43   3.353 A 3.865,,,Nuit avec éclairage allumé,Hors agglomération,Hors intersection,Normale,Deux véhicules - côté,,,,,,,,,,,5,1,1,1,3.0
201600050200,0016-03-02 22:30:00,16,3,2,22,30,690,286,A46N   19.955 A 25.180,,,Nuit avec éclairage allumé,Hors agglomération,Hors intersection,Pluie légère,Deux véhicules - arrière,,,,,,,,,,,5,1,1,2,2.0
201600050201,0016-03-22 08:55:00,16,3,22,8,55,690,290,A46S   40.883 A 43.680,,,Plein jour,Hors agglomération,Hors intersection,Normale,Deux véhicules - arrière,,,,,,,,,,,1,1,1,1,2.0
201600050202,0016-03-23 08:25:00,16,3,23,8,25,690,266,RD383   3.750 A 7.640,,,Plein jour,Hors agglomération,Hors intersection,Normale,Autre collision,,,,,,,,,,,1,1,1,1,6.0
201600050203,0016-03-23 17:15:00,16,3,23,17,15,690,385,A6   453.400 A 455.000,,,Plein jour,Hors agglomération,Hors intersection,Normale,Deux véhicules - côté,,,,,,,,,,,1,1,1,1,3.0
201600050204,0016-03-18 19:15:00,16,3,18,19,15,690,286,A46N   19.955 A 25.180,,,Crépuscule ou aube,Hors agglomération,Hors intersection,Normale,Deux véhicules - arrière,,,,,,,,,,,2,1,1,1,2.0
201600050205,0016-03-26 00:05:00,16,3,26,0,5,380,544,13 quai pajot,45.53036,4.87396,Nuit avec éclairage allumé,En agglomération,Hors intersection,Normale,Autre collision,,,,,,,,,,,5,2,1,1,6.0
201600050206,0016-03-26 16:10:00,16,3,26,16,10,690,152,A7   4.270 A 7.000,,,Plein jour,Hors agglomération,Hors intersection,Normale,Deux véhicules - arrière,,,,,,,,,,,1,1,1,1,2.0
201600050207,0016-03-27 13:40:00,16,3,27,13,40,690,199,RD383   14.250 A 18.000,,,Plein jour,Hors agglomération,Hors intersection,Normale,Trois véhicules et plus - en chaîne,,,,,,,,,,,1,1,1,1,4.0
201600050208,0016-03-27 15:50:00,16,3,27,15,50,690,297,A7   15.770 A 20.110,,,Plein jour,Hors agglomération,Hors intersection,Normale,Deux véhicules - côté,,,,,,,,,,,1,1,1,1,3.0
201600050209,0016-03-28 12:00:00,16,3,28,12,0,690,199,RD383   14.250 A 18.000,,,Plein jour,Hors agglomération,Hors intersection,Normale,Sans collision,,,,,,,,,,,1,1,1,1,7.0
201600050210,0016-03-29 07:30:00,16,3,29,7,30,690,276,A7   8.630 A 10.992,,,Plein jour,Hors agglomération,Hors intersection,Normale,Deux véhicules - côté,,,,,,,,,,,1,1,1,1,3.0
201600050211,0016-03-29 21:15:00,16,3,29,21,15,690,288,A43   13.029 A 15.971,,,Nuit sans éclairage public,Hors agglomération,Hors intersection,Normale,Trois véhicules et plus - en chaîne,,,,,,,,,,,3,1,1,1,4.0
201600050212,0016-03-30 09:30:00,16,3,30,9,30,690,34,BPNL   37.781 A 41.124,,,Plein jour,Hors agglomération,Hors intersection,Normale,Trois véhicules et plus - en chaîne,,,,,,,,,,,1,1,1,1,4.0
201600050213,0016-03-30 14:30:00,16,3,30,14,30,380,87,A7   20.110 A 22.950,45.58382,4.80039,Plein jour,Hors agglomération,Hors intersection,Normale,Trois véhicules et plus - collisions multiples,,,,,,,,,,,1,1,1,1,5.0
201600050214,0016-03-02 19:00:00,16,3,2,19,0,690,290,A43   3.865 A 9.894,,,Nuit avec éclairage allumé,Hors agglomération,Hors intersection,Normale,Trois véhicules et plus - en chaîne,,,,,,,,,,,5,1,1,1,4.0
201600050215,0016-03-06 05:20:00,16,3,6,5,20,690,29,A43   0.550 A 3.353,,,Nuit sans éclairage public,Hors agglomération,Hors intersection,Pluie légère,Deux véhicules - arrière,,,,,,,,,,,3,1,1,2,2.0
201600050216,0016-03-29 16:05:00,16,3,29,16,5,690,297,A7   15.770 A 20.110,,,Plein jour,Hors agglomération,Hors intersection,Normale,Trois véhicules et plus - collisions multiples,,,,,,,,,,,1,1,1,1,5.0
201600050217,0016-04-01 18:10:00,16,4,1,18,10,690,272,A46S   57.400 A 61.010,,,Plein jour,Hors agglomération,Hors intersection,Normale,Trois véhicules et plus - en chaîne,,,,,,,,,,,1,1,1,1,4.0
201600050218,0016-04-04 19:30:00,16,4,4,19,30,690,271,RN346   38.000 A 38.960,,,Plein jour,Hors agglomération,Hors intersection,Normale,Autre collision,,,,,,,,,,,1,1,1,1,6.0
201600050219,0016-02-23 08:30:00,16,2,23,8,30,690,282,RD302   0.400 A 4.620,,,Plein jour,Hors agglomération,Hors intersection,Pluie forte,Deux véhicules - côté,,,,,,,,,,,1,1,1,3,3.0
201600050220,0016-04-07 08:50:00,16,4,7,8,50,690,34,BPNL   37.781 A 41.124,,,Plein jour,Hors agglomération,Hors intersection,Normale,Trois véhicules et plus - en chaîne,,,,,,,,,,,1,1,1,1,4.0
201600050221,0016-04-07 17:50:00,16,4,7,17,50,690,290,A43   3.865 A 9.894,,,Plein jour,Hors agglomération,Hors intersection,Normale,Deux véhicules - arrière,,,,,,,,,,,1,1,1,1,2.0