accident_id,datetime,annee,mois,jour,heure,minute,departement,commune_insee,adresse,latitude,longitude,luminosite,agglomeration,intersection,meteo,collision,nb_vehicules,nb_usagers,nb_indemnes,nb_tues,nb_blesses_hosp,nb_blesses_legers,age_cond_1,age_cond_2,veh_type_cond_1,veh_type_cond_2,lum_code,agg_code,int_code,atm_code,col_code
201600050222,0016-04-08 16:00:00,16,4,8,16,0,690,266,RD383   1.165 A 1.893,,,Plein jour,Hors agglomération,Hors intersection,Normale,Trois véhicules et plus - collisions multiples,,,,,,,,,,,1,1,1,1,5.0
201600050223,0016-04-06 08:00:00,16,4,6,8,0,690,199,RD383   14.250 A 18.000,,,Plein jour,Hors agglomération,Hors intersection,Normale,Deux véhicules - arrière,,,,,,,,,,,1,1,1,1,2.0
201600050224,0016-03-24 08:34:00,16,3,24,8,34,690,55,A6   435.100 A 437.840,,,Plein jour,Hors agglomération,Hors intersection,Normale,Deux véhicules - arrière,,,,,,,,,,,1,1,1,1,2.0
201600050225,0016-04-14 08:05:00,16,4,14,8,5,690,256,A42     0.560 A 4.020,,,Plein jour,Hors agglomération,Hors intersection,Normale,Trois véhicules et plus - collisions multiples,,,,,,,,,,,1,1,1,1,5.0
201600050226,0016-04-17 05:30:00,16,4,17,5,30,690,296,A7   10.992 A 13.970,,,Nuit sans éclairage public,Hors agglomération,Hors intersection,Pluie légère,Trois véhicules et plus - collisions multiples,,,,,,,,,,,3,1,1,2,5.0
201600050227,0016-04-18 12:24:00,16,4,18,12,24,380,544,A7   25.770 A 27.460,,,Plein jour,Hors agglomération,Hors intersection,Normale,Trois véhicules et plus - collisions multiples,,,,,,,,,,,1,1,1,1,5.0
201600050228,0016-04-22 14:40:00,16,4,22,14,40,690,266,RD383   3.750 A 7.640,,,Plein jour,Hors agglomération,Hors intersection,Normale,Autre collision,,,,,,,,,,,1,1,1,1,6.0
201600050229,0016-04-20 16:15:00,16,4,20,16,15,690,382,A6   455.000 A 455.875,,,Plein jour,Hors agglomération,Hors intersection,Normale,Trois véhicules et plus - en chaîne,,,,,,,,,,,1,1,1,1,4.0
201600050230,0016-04-09 14:25:00,16,4,9,14,25,690,72,A6   445.323 A 447.390,,,Plein jour,Hors agglomération,Hors intersection,Normale,Trois véhicules et plus - en chaîne,,,,,,,,,,,1,1,1,1,4.0
201600050231,0016-04-27 15:08:00,16,4,27,15,8,690,199,RD383   14.250 A 18.000,,,Plein jour,Hors agglomération,Hors intersection,Normale,Sans collision,,,,,,,,,,,1,1,1,1,7.0
201600050232,0016-04-27 16:45:00,16,4,27,16,45,690,283,A46S   43.680 A 47.880,,,Plein jour,Hors agglomération,Hors intersection,Normale,Deux véhicules - arrière,,,,,,,,,,,1,1,1,1,2.0
201600050233,0016-04-18 11:14:00,16,4,18,11,14,690,297,A46S   61.220 A 62.000,,,Plein jour,Hors agglomération,Hors intersection,Neige / grêle,Trois véhicules et plus - en chaîne,,,,,,,,,,,1,1,1,4,4.0
201600050234,0016-04-29 08:00:00,16,4,29,8,0,690,29,A43   0.550 A 3.353,,,Plein jour,Hors agglomération,Hors intersection,Normale,Deux véhicules - arrière,,,,,,,,,,,1,1,1,1,2.0
201600050235,0016-04-30 13:25:00,16,4,30,13,25,690,382,A7   0.000 A 2.278,,,Plein jour,Hors agglomération,Hors intersection,Pluie forte,Trois véhicules et plus - collisions multiples,,,,,,,,,,,1,1,1,3,5.0
201600050236,0016-05-04 12:50:00,16,5,4,12,50,690,290,A43   3.865 A 9.894,,,Plein jour,Hors agglomération,Hors intersection,Normale,Deux véhicules - arrière,,,,,,,,,,,1,1,1,1,2.0
201600050237,0016-05-09 08:50:00,16,5,9,8,50,690,266,RD383 2.321 A 3.750,,,Plein jour,Hors agglomération,Hors intersection,Pluie légère,Deux véhicules - arrière,,,,,,,,,,,1,1,1,2,2.0
201600050238,0016-05-08 07:35:00,16,5,8,7,35,690,40,A6   447.520 A 448.490,,,Plein jour,Hors agglomération,Hors intersection,Normale,Sans collision,,,,,,,,,,,1,1,1,1,7.0
201600050239,0016-05-11 10:05:00,16,5,11,10,5,690,266,RD383   3.750 A 7.640,,,Plein jour,Hors agglomération,Hors intersection,Pluie légère,Sans collision,,,,,,,,,,,1,1,1,2,7.0
201600050240,0016-05-11 16:00:00,16,5,11,16,0,690,72,A6   445.323 A 447.390,,,Plein jour,Hors agglomération,Hors intersection,Pluie légère,Deux véhicules - arrière,,,,,,,,,,,1,1,1,2,2.0
201600050241,0016-05-11 11:10:00,16,5,11,11,10,690,244,A6   451.640 A 451.790,,,Plein jour,Hors agglomération,Autre intersection,Pluie légère,Autre collision,,,,,,,,,,,1,1,9,2,6.0
201600050242,0016-04-13 13:45:00,16,4,13,13,45,690,27,A450   5.100 A 7.285,,,Plein jour,Hors agglomération,Hors intersection,Pluie forte,Trois véhicules et plus - collisions multiples,,,,,,,,,,,1,1,1,3,5.0
201600050243,0016-05-13 14:30:00,16,5,13,14,30,690,266,RD383   3.750 A 7.640,,,Plein jour,Hors agglomération,Hors intersection,Normale,Deux véhicules - frontale,,,,,,,,,,,1,1,1,1,1.0
201600050244,0016-05-15 02:45:00,16,5,15,2,45,380,544,A7   25.770 A 27.460,45.54508,4.84001,Nuit sans éclairage public,Hors agglomération,Hors intersection,Normale,Deux véhicules - côté,,,,,,,,,,,3,1,1,1,3.0
201600050245,0016-05-14 14:10:00,16,5,14,14,10,690,204,A450   1.740 A 5.100,,,Plein jour,Hors agglomération,Hors intersection,Temps couvert,Autre collision,,,,,,,,,,,1,1,1,8,6.0
201600050246,0016-05-21 03:40:00,16,5,21,3,40,380,487,A7   22.950 A 25.770,45.5611,4.82081,Nuit sans éclairage public,Hors agglomération,Hors intersection,Normale,Autre collision,,,,,,,,,,,3,1,1,1,6.0
201600050247,0016-05-21 02:24:00,16,5,21,2,24,690,290,A46S   40.883 A 43.680,,,Nuit sans éclairage public,Hors agglomération,Hors intersection,Normale,Deux véhicules - frontale,,,,,,,,,,,3,1,1,1,1.0
201600050248,0016-04-24 05:45:00,16,4,24,5,45,690,297,A47   0.000  A 1.657,,,Nuit sans éclairage public,Hors agglomération,Hors intersection,Normale,Sans collision,,,,,,,,,,,3,1,1,1,7.0
201600050249,0016-05-24 03:35:00,16,5,24,3,35,690,297,A7   15.770 A 20.110,,,Nuit sans éclairage public,Hors agglomération,Hors intersection,Normale,Deux véhicules - arrière,,,,,,,,,,,3,1,1,1,2.0
201600050250,0016-05-25 19:35:00,16,5,25,19,35,690,297,A46S   61.220 A 62.000,,,Plein jour,Hors agglomération,Hors intersection,Normale,Deux véhicules - côté,,,,,,,,,,,1,1,1,1,3.0
201600050251,0016-05-28 18:47:00,16,5,28,18,47,10,248,A46N   14.305 A 17.210,,,Plein jour,Hors agglomération,Hors intersection,Normale,Autre collision,,,,,,,,,,,1,1,1,1,6.0
201600050252,0016-05-29 18:40:00,16,5,29,18,40,690,278,A46N   12.680 A 13.378,,,Plein jour,Hors agglomération,Hors intersection,Pluie légère,Deux véhicules - côté,,,,,,,,,,,1,1,1,2,3.0
201600050253,0016-05-29 21:30:00,16,5,29,21,30,690,29,RD383   7.640 A 11.044,,,Crépuscule ou aube,Hors agglomération,Hors intersection,Pluie légère,Trois véhicules et plus - en chaîne,,,,,,,,,,,2,1,1,2,4.0
201600050254,0016-05-30 01:20:00,16,5,30,1,20,690,29,RD383   7.640 A 11.044,,,Nuit avec éclairage allumé,Hors agglomération,Hors intersection,Pluie forte,Autre collision,,,,,,,,,,,5,1,1,3,6.0
201600050255,0016-05-27 12:45:00,16,5,27,12,45,690,29,RD383   7.640 A 11.044,,,Plein jour,Hors agglomération,Hors intersection,Normale,Deux véhicules - arrière,,,,,,,,,,,1,1,1,1,2.0
201600050256,0016-05-30 04:00:00,16,5,30,4,0,690,261,RD383   3.750 A 7.640,,,Nuit avec éclairage allumé,Hors agglomération,Hors intersection,Pluie légère,Autre collision,,,,,,,,,,,5,1,1,2,6.0
201600050257,0016-05-30 08:45:00,16,5,30,8,45,690,81,A6   449.510 A 451.640,,,Plein jour,Hors agglomération,Hors intersection,Pluie légère,Autre collision,,,,,,,,,,,1,1,1,2,6.0
201600050258,0016-05-31 08:05:00,16,5,31,8,5,690,273,BUS (RD301)   7.000 A 7.,,,Plein jour,Hors agglomération,Hors intersection,Pluie légère,Sans collision,,,,,,,,,,,1,1,1,2,7.0
201600050259,0016-05-28 07:10:00,16,5,28,7,10,690,125,A6   437.840 A 439.400,,,Plein jour,Hors agglomération,Hors intersection,Normale,Deux véhicules - arrière,,,,,,,,,,,1,1,1,1,2.0
201600050260,0016-05-11 12:30:00,16,5,11,12,30,690,288,A43   13.029 A 15.971,,,Plein jour,Hors agglomération,Hors intersection,Normale,Autre collision,,,,,,,,,,,1,1,1,1,6.0
201600050261,0016-06-02 17:40:00,16,6,2,17,40,690,29,A43   0.000 A 0.550,,,Plein jour,Hors agglomération,Hors intersection,Pluie forte,Deux véhicules - côté,,,,,,,,,,,1,1,1,3,3.0
201600050262,0016-06-03 16:00:00,16,6,3,16,0,690,297,A47   0.000  A 1.657,,,Plein jour,Hors agglomération,Hors intersection,Normale,Trois véhicules et plus - en chaîne,,,,,,,,,,,1,1,1,1,4.0
201600050263,0016-05-31 02:10:00,16,5,31,2,10,690,276,BUS (RD301)   0.000 A 2.,,,Nuit sans éclairage public,Hors agglomération,Hors intersection,Pluie forte,Autre collision,,,,,,,,,,,3,1,1,3,6.0
201600050264,0016-06-06 08:00:00,16,6,6,8,0,690,256,A42     0.560 A 4.020,,,Plein jour,Hors agglomération,Hors intersection,Normale,Deux véhicules - côté,,,,,,,,,,,1,1,1,1,3.0
201600050265,0016-06-02 12:35:00,16,6,2,12,35,690,152,A450   0.000 A 1.090,,,Plein jour,Hors agglomération,Hors intersection,Pluie légère,Trois véhicules et plus - en chaîne,,,,,,,,,,,1,1,1,2,4.0
201600050266,0016-06-06 16:00:00,16,6,6,16,0,690,7,A7   31.960 A 32.870,,,Plein jour,Hors agglomération,Hors intersection,Normale,Trois véhicules et plus - collisions multiples,,,,,,,,,,,1,1,1,1,5.0
201600050267,0016-06-03 09:15:00,16,6,3,9,15,690,152,A450   0.000 A 1.090,,,Plein jour,Hors agglomération,Autre intersection,Normale,Trois véhicules et plus - en chaîne,,,,,,,,,,,1,1,9,1,4.0
201600050268,0016-03-02 22:45:00,16,3,2,22,45,690,152,A7   4.270 A 7.000,,,Nuit sans éclairage public,Hors agglomération,Hors intersection,Normale,Deux véhicules - arrière,,,,,,,,,,,3,1,1,1,2.0
201600050269,0016-06-05 16:05:00,16,6,5,16,5,690,276,BUS (RD301)   0.000 A 2.,,,Plein jour,Hors agglomération,Hors intersection,Normale,Deux véhicules - frontale,,,,,,,,,,,1,1,1,1,1.0
201600050270,0016-06-13 11:30:00,16,6,13,11,30,690,389,A6   451.790 A 453.400,,,Plein jour,Hors agglomération,Intersection en Y,Normale,Trois véhicules et plus - collisions multiples,,,,,,,,,,,1,1,4,1,5.0
201600050271,0016-06-13 17:35:00,16,6,13,17,35,690,152,A7   4.270 A 7.000,,,Plein jour,Hors agglomération,Hors intersection,Pluie légère,Trois véhicules et plus - en chaîne,,,,,,,,,,,1,1,1,2,4.0
201600050272,0016-06-20 09:35:00,16,6,20,9,35,690,266,RD383   3.750 A 7.640,,,Plein jour,Hors agglomération,Hors intersection,Normale,Deux véhicules - côté,,,,,,,,,,,1,1,1,1,3.0
201600050273,0016-06-22 12:45:00,16,6,22,12,45,690,256,RD383   1.893 A 2.321,,,Plein jour,Hors agglomération,Hors intersection,Normale,Deux véhicules - arrière,,,,,,,,,,,1,1,1,1,2.0
201600050274,0016-06-07 16:18:00,16,6,7,16,18,690,385,A6   453.400 A 455.000,,,Plein jour,Hors agglomération,Hors intersection,Normale,Deux véhicules - côté,,,,,,,,,,,1,1,1,1,3.0
201600050275,0016-06-29 03:35:00,16,6,29,3,35,690,281,A46S   49.160 A 53.980,,,Nuit sans éclairage public,Hors agglomération,Hors intersection,Normale,Autre collision,,,,,,,,,,,3,1,1,1,6.0
201600050276,0016-06-29 20:50:00,16,6,29,20,50,690,297,A7   15.770 A 20.110,,,Crépuscule ou aube,Hors agglomération,Hors intersection,Pluie légère,Autre collision,,,,,,,,,,,2,1,1,2,6.0
201600050277,0016-04-30 00:35:00,16,4,30,0,35,690,288,A43   13.029 A 15.971,,,Nuit sans éclairage public,Hors agglomération,Hors intersection,Normale,Deux véhicules - arrière,,,,,,,,,,,3,1,1,1,2.0
201600050278,0016-06-24 22:25:00,16,6,24,22,25,690,296,A7   10.992 A 13.970,,,Nuit sans éclairage public,Hors agglomération,Hors intersection,Pluie forte,Deux véhicules - arrière,,,,,,,,,,,3,1,1,3,2.0
201600050279,0016-06-28 15:40:00,16,6,28,15,40,690,295,A46S   53.980 A 57.400,,,Plein jour,Hors agglomération,Hors intersection,Normale,Deux véhicules - arrière,,,,,,,,,,,1,1,1,1,2.0
201600050280,0016-07-04 22:50:00,16,7,4,22,50,380,544,RN7   5.180 A 10.000,45.53473,4.87237,Nuit avec éclairage non allumé,En agglomération,Intersection en X,Normale,Deux véhicules - côté,,,,,,,,,,,4,2,2,1,3.0
201600050281,0016-07-01 18:45:00,16,7,1,18,45,690,152,A7   4.270 A 7.000,,,Plein jour,Hors agglomération,Hors intersection,Normale,Deux véhicules - côté,,,,,,,,,,,1,1,1,1,3.0
201600050282,0016-07-09 04:20:00,16,7,9,4,20,690,259,RD383   11.750 A 14.250,,,Nuit avec éclairage allumé,Hors agglomération,Hors intersection,Normale,Autre collision,,,,,,,,,,,5,1,1,1,6.0
201600050283,0016-07-05 12:10:00,16,7,5,12,10,690,29,RD383   7.640 A 11.044,,,Plein jour,Hors agglomération,Hors intersection,Normale,Deux véhicules - arrière,,,,,,,,,,,1,1,1,1,2.0
201600050284,0016-06-30 19:20:00,16,6,30,19,20,690,29,RD383   7.640 A 11.044,,,Plein jour,Hors agglomération,Hors intersection,Normale,Deux véhicules - arrière,,,,,,,,,,,1,1,1,1,2.0
201600050285,0016-07-14 07:50:00,16,7,14,7,50,690,297,A7   15.770 A 20.110,,,Plein jour,Hors agglomération,Hors intersection,Normale,Autre collision,,,,,,,,,,,1,1,1,1,6.0
201600050286,0016-07-19 07:15:00,16,7,19,7,15,690,290,A43   3.865 A 9.894,,,Plein jour,Hors agglomération,Hors intersection,Normale,Trois véhicules et plus - collisions multiples,,,,,,,,,,,1,1,1,1,5.0
201600050287,0016-06-27 18:50:00,16,6,27,18,50,380,336,A7   32.870 A 35.680,45.49638,4.83826,Plein jour,Hors agglomération,Hors intersection,Normale,Deux véhicules - côté,,,,,,,,,,,1,1,1,1,3.0
201600050288,0016-07-14 19:33:00,16,7,14,19,33,690,290,A43   3.865 A 9.894,,,Plein jour,Hors agglomération,Hors intersection,Normale,Deux véhicules - arrière,,,,,,,,,,,1,1,1,1,2.0
201600050289,0016-07-14 06:50:00,16,7,14,6,50,690,199,RD383   14.250 A 18.000,,,Crépuscule ou aube,Hors agglomération,Hors intersection,Normale,Autre collision,,,,,,,,,,,2,1,1,1,6.0
201600050290,0016-07-22 19:50:00,16,7,22,19,50,690,199,A7   7.000 A 8.630,,,Plein jour,Hors agglomération,Hors intersection,Pluie légère,Deux véhicules - arrière,,,,,,,,,,,1,1,1,2,2.0
201600050291,0016-07-24 02:15:00,16,7,24,2,15,690,388,RD383   0.000 A 1.165,,,Nuit sans éclairage public,Hors agglomération,Hors intersection,Normale,Trois véhicules et plus - collisions multiples,,,,,,,,,,,3,1,1,1,5.0
201600050292,0016-07-27 08:45:00,16,7,27,8,45,690,40,A6   447.520 A 448.490,,,Plein jour,Hors agglomération,Hors intersection,Normale,Autre collision,,,,,,,,,,,1,1,1,1,6.0
201600050293,0016-07-26 17:40:00,16,7,26,17,40,690,199,A7   7.000 A 8.630,,,Plein jour,Hors agglomération,Hors intersection,Normale,Deux véhicules - arrière,,,,,,,,,,,1,1,1,1,2.0
201600050294,0016-07-28 00:10:00,16,7,28,0,10,690,152,A7   4.270 A 7.000,,,Nuit sans éclairage public,Hors agglomération,Hors intersection,Normale,Deux véhicules - arrière,,,,,,,,,,,3,1,1,1,2.0
201600050295,0016-07-19 19:10:00,16,7,19,19,10,690,152,A7   4.270 A 7.000,,,Plein jour,Hors agglomération,Hors intersection,Normale,Deux véhicules - arrière,,,,,,,,,,,1,1,1,1,2.0
201600050296,0016-07-31 06:45:00,16,7,31,6,45,690,152,A7   4.270 A 7.000,,,Plein jour,Hors agglomération,Hors intersection,Temps couvert,Autre collision,,,,,,,,,,,1,1,1,8,6.0
201600050297,0016-08-01 21:55:00,16,8,1,21,55,690,152,A7   4.270 A 7.000,,,Nuit avec éclairage non allumé,Hors agglomération,Hors intersection,Normale,Trois véhicules et plus - collisions multiples,,,,,,,,,,,4,1,1,1,5.0
201600050298,0016-08-03 13:20:00,16,8,3,13,20,690,259,RD383   11.750 A 14.250,,,Plein jour,Hors agglomération,Hors intersection,Normale,Autre collision,,,,,,,,,,,1,1,1,1,6.0
201600050299,0016-08-01 09:15:00,16,8,1,9,15,380,487,A7   22.950 A 25.770,,,Plein jour,Hors agglomération,Intersection en Y,Normale,Autre collision,,,,,,,,,,,1,1,4,1,6.0
201600050300,0016-08-06 06:00:00,16,8,6,6,0,380,184,A43   15.971 A 18.875,,,Nuit sans éclairage public,Hors agglomération,Hors intersection,Normale,Deux véhicules - arrière,,,,,,,,,,,3,1,1,1,2.0
201600050301,0016-08-07 04:45:00,16,8,7,4,45,690,276,A7   8.630 A 10.992,,,Nuit sans éclairage public,Hors agglomération,Hors intersection,Normale,Autre collision,,,,,,,,,,,3,1,1,1,6.0
201600050302,0016-08-08 08:00:00,16,8,8,8,0,690,266,RD383   3.750 A 7.640,,,Plein jour,Hors agglomération,Hors intersection,Normale,Trois véhicules et plus - collisions multiples,,,,,,,,,,,1,1,1,1,5.0
201600050303,0016-08-08 18:30:00,16,8,8,18,30,380,544,A7   25.770 A 27.460,,,Plein jour,Hors agglomération,Hors intersection,Normale,Deux véhicules - arrière,,,,,,,,,,,1,1,1,1,2.0
201600050304,0016-08-09 01:15:00,16,8,9,1,15,690,290,A43   3.865 A 9.894,,,Nuit sans éclairage public,Hors agglomération,Hors intersection,Normale,Deux véhicules - arrière,,,,,,,,,,,3,1,1,1,2.0
201600050305,0016-06-29 20:05:00,16,6,29,20,5,690,115,A6   427.300 A 428.640,,,Plein jour,Hors agglomération,Hors intersection,Pluie légère,Deux véhicules - frontale,,,,,,,,,,,1,1,1,2,1.0
201600050306,0016-08-12 20:00:00,16,8,12,20,0,690,81,A6   449.510 A 451.640,,,Plein jour,Hors agglomération,Hors intersection,Normale,Autre collision,,,,,,,,,,,1,1,1,1,6.0
201600050307,0016-08-17 11:35:00,16,8,17,11,35,690,382,A7   0.000 A 2.278,,,Plein jour,Hors agglomération,Hors intersection,Temps couvert,Sans collision,,,,,,,,,,,1,1,1,8,7.0
201600050308,0016-08-19 08:40:00,16,8,19,8,40,690,116,A6   442.500 A 445.030,,,Plein jour,Hors agglomération,Hors intersection,Normale,Autre collision,,,,,,,,,,,1,1,1,1,6.0
201600050309,0016-08-20 12:40:00,16,8,20,12,40,690,152,A7   4.270 A 7.000,,,Plein jour,Hors agglomération,Hors intersection,Pluie légère,Deux véhicules - côté,,,,,,,,,,,1,1,1,2,3.0
201600050310,0016-08-17 11:40:00,16,8,17,11,40,380,544,N407   0.000 A 2.331,,,Plein jour,En agglomération,Hors intersection,Pluie légère,Deux véhicules - côté,,,,,,,,,,,1,2,1,2,3.0
201600050311,0016-08-08 06:27:00,16,8,8,6,27,690,297,A46S   61.220 A 62.000,,,Plein jour,Hors agglomération,Hors intersection,Normale,Deux véhicules - côté,,,,,,,,,,,1,1,1,1,3.0
201600050312,0016-08-31 21:15:00,16,8,31,21,15,690,152,A7   4.270 A 7.000,,,Nuit sans éclairage public,Hors agglomération,Hors intersection,Normale,Deux véhicules - arrière,,,,,,,,,,,3,1,1,1,2.0
201600050313,0016-08-29 17:10:00,16,8,29,17,10,690,259,RD383   11.750 A 14.250,,,Plein jour,Hors agglomération,Hors intersection,Normale,Trois véhicules et plus - collisions multiples,,,,,,,,,,,1,1,1,1,5.0
201600050314,0016-09-11 18:10:00,16,9,11,18,10,10,275,A42 4.329 A 5.760   LYON,,,Plein jour,Hors agglomération,Hors intersection,Normale,Deux véhicules - arrière,,,,,,,,,,,1,1,1,1,2.0
201600050315,0016-09-12 17:40:00,16,9,12,17,40,690,286,A46N   19.955 A 25.180,,,Plein jour,Hors agglomération,Hors intersection,Normale,Deux véhicules - frontale,,,,,,,,,,,1,1,1,1,1.0
201600050316,0016-09-10 18:30:00,16,9,10,18,30,690,193,A7   29.920 A 31.960,,,Plein jour,Hors agglomération,Hors intersection,Normale,Autre collision,,,,,,,,,,,1,1,1,1,6.0
201600050317,0016-09-18 19:30:00,16,9,18,19,30,10,249,A432N 0.150 A 0.485,,,Plein jour,Hors agglomération,Hors intersection,Pluie forte,Sans collision,,,,,,,,,,,1,1,1,3,7.0
201600050318,0016-09-18 10:50:00,16,9,18,10,50,690,281,A46S   49.160 A 53.980,,,Plein jour,Hors agglomération,Hors intersection,Pluie légère,Deux véhicules - frontale,,,,,,,,,,,1,1,1,2,1.0
201600050319,0016-09-18 20:20:00,16,9,18,20,20,690,266,A42   4.353 A 5.760   GE,,,Nuit sans éclairage public,Hors agglomération,Hors intersection,Pluie légère,Deux véhicules - arrière,,,,,,,,,,,3,1,1,2,2.0
201600050320,0016-09-18 12:00:00,16,9,18,12,0,690,199,A7   7.000 A 8.630,,,Plein jour,Hors agglomération,Hors intersection,Pluie forte,Sans collision,,,,,,,,,,,1,1,1,3,7.0
201600050321,0016-09-23 06:00:00,16,9,23,6,0,690,81,BPNL   34.000 A 34.614,,,Nuit avec éclairage allumé,Hors agglomération,Hors intersection,Normale,Autre collision,,,,,,,,,,,5,1,1,1,6.0
201600050322,0016-09-28 00:30:00,16,9,28,0,30,690,266,RD383   3.750 A 7.640,,,Nuit avec éclairage allumé,Hors agglomération,Hors intersection,Normale,Trois véhicules et plus - collisions multiples,,,,,,,,,,,5,1,1,1,5.0
201600050323,0016-09-23 11:20:00,16,9,23,11,20,380,544,RN7 - quai pajot,45.53432,4.87267,Plein jour,En agglomération,Intersection en X,Normale,Deux véhicules - frontale,,,,,,,,,,,1,2,2,1,1.0
201600050324,0016-10-06 08:00:00,16,10,6,8,0,690,290,A43   3.865 A 9.894,,,Plein jour,Hors agglomération,Hors intersection,Normale,Deux véhicules - arrière,,,,,,,,,,,1,1,1,1,2.0
201600050325,0016-10-01 12:40:00,16,10,1,12,40,690,297,A47   0.000  A 1.657,,,Plein jour,Hors agglomération,Hors intersection,Pluie légère,Autre collision,,,,,,,,,,,1,1,1,2,6.0
201600050326,0016-10-15 08:40:00,16,10,15,8,40,10,275,A42 4.020 A 4.329   LYON,,,Plein jour,Hors agglomération,Hors intersection,Pluie légère,Sans collision,,,,,,,,,,,1,1,1,2,7.0
201600050327,0016-10-15 20:32:00,16,10,15,20,32,690,259,RD383   11.750 A 14.250,,,Nuit avec éclairage allumé,Hors agglomération,Hors intersection,Normale,Autre collision,,,,,,,,,,,5,1,1,1,6.0
201600050328,0016-10-15 21:25:00,16,10,15,21,25,690,259,RD383   11.750 A 14.250,,,Nuit avec éclairage allumé,Hors agglomération,Hors intersection,Normale,Trois véhicules et plus - collisions multiples,,,,,,,,,,,5,1,1,1,5.0
201600050329,0016-10-13 16:15:00,16,10,13,16,15,690,199,RD383   14.250 A 18.000,,,Plein jour,Hors agglomération,Hors intersection,Pluie légère,Trois véhicules et plus - en chaîne,,,,,,,,,,,1,1,1,2,4.0
201600050330,0016-10-15 19:15:00,16,10,15,19,15,690,256,A42     0.560 A 4.020,,,Crépuscule ou aube,Hors agglomération,Hors intersection,Normale,Sans collision,,,,,,,,,,,2,1,1,1,7.0
201600050331,0016-09-17 21:45:00,16,9,17,21,45,690,266,RD383   3.750 A 7.640,,,Nuit avec éclairage non allumé,Hors agglomération,Hors intersection,Pluie légère,Trois véhicules et plus - collisions multiples,,,,,,,,,,,4,1,1,2,5.0
201600050332,0016-10-23 05:05:00,16,10,23,5,5,690,116,A6   447.390 A 447.520,,,Nuit sans éclairage public,Hors agglomération,Hors intersection,Normale,Sans collision,,,,,,,,,,,3,1,1,1,7.0
201600050333,0016-10-24 00:01:00,16,10,24,0,1,690,9,A6   428.880 A 431.800,,,Nuit sans éclairage public,Hors agglomération,Hors intersection,Normale,Autre collision,,,,,,,,,,,3,1,1,1,6.0
201600050334,0016-10-17 19:15:00,16,10,17,19,15,690,29,RD383   7.640 A 11.044,,,Nuit avec éclairage allumé,Hors agglomération,Hors intersection,Normale,Deux véhicules - frontale,,,,,,,,,,,5,1,1,1,1.0
201600050335,0016-10-17 13:20:00,16,10,17,13,20,690,295,A46S   53.980 A 57.400,,,Plein jour,Hors agglomération,Hors intersection,Normale,Sans collision,,,,,,,,,,,1,1,1,1,7.0
201600050336,0016-10-28 23:10:00,16,10,28,23,10,690,152,A7   4.270 A 7.000,,,Nuit sans éclairage public,Hors agglomération,Hors intersection,Normale,Deux véhicules - frontale,,,,,,,,,,,3,1,1,1,1.0
201600050337,0016-11-08 06:51:00,16,11,8,6,51,690,273,BUS (RD301)   4.470 A 7.,,,Nuit sans éclairage public,Hors agglomération,Hors intersection,Normale,Deux véhicules - arrière,,,,,,,,,,,3,1,1,1,2.0
201600050338,0016-11-10 20:10:00,16,11,10,20,10,690,266,RD383 2.321 A 3.750,,,Nuit avec éclairage allumé,Hors agglomération,Hors intersection,Pluie légère,Trois véhicules et plus - en chaîne,,,,,,,,,,,5,1,1,2,4.0
201600050339,0016-11-06 06:21:00,16,11,6,6,21,690,259,RD383   11.750 A 14.250,,,Nuit sans éclairage public,Hors agglomération,Hors intersection,Pluie légère,Deux véhicules - arrière,,,,,,,,,,,3,1,1,2,2.0
201600050340,0016-11-09 07:25:00,16,11,9,7,25,690,204,A450   1.740 A 5.100,,,Crépuscule ou aube,Hors agglomération,Hors intersection,Normale,Trois véhicules et plus - en chaîne,,,,,,,,,,,2,1,1,1,4.0
201600050341,0016-11-20 04:25:00,16,11,20,4,25,690,283,A46S   43.680 A 47.880,,,Nuit sans éclairage public,Hors agglomération,Hors intersection,Vent fort / tempête,Deux véhicules - arrière,,,,,,,,,,,3,1,1,6,2.0
201600050342,0016-11-20 20:58:00,16,11,20,20,58,690,276,A7   8.630 A 10.992,,,Nuit sans éclairage public,Hors agglomération,Hors intersection,Normale,Trois véhicules et plus - en chaîne,,,,,,,,,,,3,1,1,1,4.0
201600050343,0016-11-23 07:00:00,16,11,23,7,0,380,449,A43   18.875 A 21.100,45.64993,5.11518,Nuit sans éclairage public,Hors agglomération,Hors intersection,Brouillard / fumée,Autre collision,,,,,,,,,,,3,1,1,5,6.0
201600050344,0016-11-16 18:40:00,16,11,16,18,40,690,297,A7   15.770 A 20.110,,,Crépuscule ou aube,Hors agglomération,Hors intersection,Normale,Trois véhicules et plus - en chaîne,,,,,,,,,,,2,1,1,1,4.0
201600050345,0016-11-26 02:00:00,16,11,26,2,0,690,281,A46S   49.160 A 53.980,,,Nuit sans éclairage public,Hors agglomération,Hors intersection,Normale,Sans collision,,,,,,,,,,,3,1,1,1,7.0