accident_id,datetime,annee,mois,jour,heure,minute,departement,commune_insee,adresse,latitude,longitude,luminosite,agglomeration,intersection,meteo,collision,nb_vehicules,nb_usagers,nb_indemnes,nb_tues,nb_blesses_hosp,nb_blesses_legers,age_cond_1,age_cond_2,veh_type_cond_1,veh_type_cond_2,lum_code,agg_code,int_code,atm_code,col_code
201600050479,0016-01-24 17:25:00,16,1,24,17,25,130,55,A7-Sens Marseille vers*L,,,Plein jour,Hors agglomération,Hors intersection,Normale,Trois véhicules et plus - en chaîne,,,,,,,,,,,1,1,1,1,4.0
201600050480,0016-01-22 07:40:00,16,1,22,7,40,130,43,A55-Sens Martigues vers,,,Plein jour,Hors agglomération,Hors intersection,Normale,Deux véhicules - arrière,,,,,,,,,,,1,1,1,1,2.0
201600050481,0016-01-25 02:45:00,16,1,25,2,45,130,85,A50-Sens Toulon vers*Aub,,,Nuit sans éclairage public,Hors agglomération,Hors intersection,Normale,Autre collision,,,,,,,,,,,3,1,1,1,6.0
201600050482,0016-01-25 21:45:00,16,1,25,21,45,130,1,A51-Sens Marseille vers,,,Nuit sans éclairage public,Hors agglomération,Hors intersection,Normale,Autre collision,,,,,,,,,,,3,1,1,1,6.0
201600050483,0016-01-29 08:50:00,16,1,29,8,50,130,1,A51-Sens Aix e* Provence,,,Plein jour,Hors agglomération,Hors intersection,Brouillard / fumée,Deux véhicules - arrière,,,,,,,,,,,1,1,1,5,2.0
201600050484,0016-01-29 17:58:00,16,1,29,17,58,130,15,A51-Sens Marseille vers,,,Nuit sans éclairage public,Hors agglomération,Hors intersection,Normale,Deux véhicules - arrière,,,,,,,,,,,3,1,1,1,2.0
201600050485,0016-01-19 14:15:00,16,1,19,14,15,130,117,A7-Sens Lyon vers*Marsei,,,Plein jour,Hors agglomération,Hors intersection,Normale,Trois véhicules et plus - en chaîne,,,,,,,,,,,1,1,1,1,4.0
201600050486,0016-02-02 15:00:00,16,2,2,15,0,130,55,A55-Sens Marseille vers,,,Plein jour,Hors agglomération,Hors intersection,Normale,Sans collision,,,,,,,,,,,1,1,1,1,7.0
201600050487,0016-02-02 18:40:00,16,2,2,18,40,130,55,A50-Sens Marseille*vers,,,Crépuscule ou aube,Hors agglomération,Hors intersection,Normale,Sans collision,,,,,,,,,,,2,1,1,1,7.0
201600050488,0016-02-03 08:35:00,16,2,3,8,35,130,70,A50-Sens Aubagne vers*Ma,,,Plein jour,Hors agglomération,Hors intersection,Normale,Autre collision,,,,,,,,,,,1,1,1,1,6.0
201600050489,0016-02-05 16:10:00,16,2,5,16,10,130,55,A7-Sens Marseille vers L,,,Plein jour,Hors agglomération,Hors intersection,Normale,Trois véhicules et plus - en chaîne,,,,,,,,,,,1,1,1,1,4.0
201600050490,0016-02-05 16:35:00,16,2,5,16,35,130,15,A515CD-Gardanne vers A51,43.43089,5.39361,Plein jour,Hors agglomération,Hors intersection,Normale,Sans collision,,,,,,,,,,,1,1,1,1,7.0
201600050491,0016-02-05 22:45:00,16,2,5,22,45,130,70,A50-Sens Aubagne vers*Ma,,,Nuit sans éclairage public,Hors agglomération,Hors intersection,Normale,Autre collision,,,,,,,,,,,3,1,1,1,6.0
201600050492,0016-02-07 10:00:00,16,2,7,10,0,130,19,A51-Sens Aix en Provence,,,Plein jour,Hors agglomération,Hors intersection,Pluie forte,Deux véhicules - arrière,,,,,,,,,,,1,1,1,3,2.0
201600050493,0016-01-14 19:10:00,16,1,14,19,10,130,1,A51-Sens Marseille*vers,,,Nuit sans éclairage public,Hors agglomération,Hors intersection,Normale,Autre collision,,,,,,,,,,,3,1,1,1,6.0
201600050494,0016-02-07 16:15:00,16,2,7,16,15,130,5,A50-Sens Marseille*vers,,,Plein jour,Hors agglomération,Hors intersection,Normale,Autre collision,,,,,,,,,,,1,1,1,1,6.0
201600050495,0016-02-06 20:35:00,16,2,6,20,35,130,55,Sens Aubagne vers*Marsei,,,Nuit sans éclairage public,Hors agglomération,Hors intersection,Normale,Sans collision,,,,,,,,,,,3,1,1,1,7.0
201600050496,0016-02-03 17:00:00,16,2,3,17,0,130,5,A50-Sens Marseille vers,,,Plein jour,Hors agglomération,Hors intersection,Normale,Deux véhicules - arrière,,,,,,,,,,,1,1,1,1,2.0
201600050497,0016-02-05 17:10:00,16,2,5,17,10,130,70,A50-Sens Aubagne vers Ma,,,Plein jour,Hors agglomération,Hors intersection,Normale,Deux véhicules - arrière,,,,,,,,,,,1,1,1,1,2.0
201600050498,0016-02-05 18:30:00,16,2,5,18,30,130,55,A7-Sens Marseille vers L,,,Nuit sans éclairage public,Hors agglomération,Hors intersection,Normale,Trois véhicules et plus - en chaîne,,,,,,,,,,,3,1,1,1,4.0
201600050499,0016-02-10 09:05:00,16,2,10,9,5,130,71,A51-Sens Aix en*Provence,,,Plein jour,Hors agglomération,Hors intersection,Normale,Sans collision,,,,,,,,,,,1,1,1,1,7.0
201600050500,0016-02-07 18:30:00,16,2,7,18,30,130,71,A51-Sens Aix en*Provence,,,Crépuscule ou aube,Hors agglomération,Hors intersection,Normale,Deux véhicules - arrière,,,,,,,,,,,2,1,1,1,2.0
201600050501,0016-02-07 17:50:00,16,2,7,17,50,130,55,A7-Sens Lyon vers*Marsei,,,Crépuscule ou aube,Hors agglomération,Hors intersection,Normale,Trois véhicules et plus - en chaîne,,,,,,,,,,,2,1,1,1,4.0
201600050502,0016-02-11 07:15:00,16,2,11,7,15,130,81,A7-Sens Lyon vers Marsei,,,Nuit sans éclairage public,Hors agglomération,Hors intersection,Normale,Trois véhicules et plus - en chaîne,,,,,,,,,,,3,1,1,1,4.0
201600050503,0016-02-12 01:25:00,16,2,12,1,25,130,5,A52-Sens Toulon vers*Pon,,,Nuit sans éclairage public,Hors agglomération,Hors intersection,Normale,Sans collision,,,,,,,,,,,3,1,1,1,7.0
201600050504,0016-02-12 17:15:00,16,2,12,17,15,130,55,S10CD-Sens Aubagne vers,,,Crépuscule ou aube,Hors agglomération,Hors intersection,Normale,Sans collision,,,,,,,,,,,2,1,1,1,7.0
201600050505,0016-02-13 14:00:00,16,2,13,14,0,130,5,A52-Sens*Pont de l'Etoil,,,Plein jour,Hors agglomération,Hors intersection,Pluie légère,Autre collision,,,,,,,,,,,1,1,1,2,6.0
201600050506,0016-02-13 20:30:00,16,2,13,20,30,130,85,A50-Sens Toulon vers*Aub,,,Nuit sans éclairage public,Hors agglomération,Hors intersection,Pluie légère,Deux véhicules - arrière,,,,,,,,,,,3,1,1,2,2.0
201600050507,0016-02-14 00:20:00,16,2,14,0,20,130,55,A55-Sens Marseille*vers,,,Nuit sans éclairage public,Hors agglomération,Hors intersection,Pluie forte,Autre collision,,,,,,,,,,,3,1,1,3,6.0
201600050508,0016-02-11 12:15:00,16,2,11,12,15,130,55,A7-Sens Lyon vers *arsei,,,Plein jour,Hors agglomération,Hors intersection,Normale,Deux véhicules - côté,,,,,,,,,,,1,1,1,1,3.0
201600050509,0016-02-14 04:15:00,16,2,14,4,15,130,55,A55-Sens Martigues vers,,,Nuit avec éclairage non allumé,Hors agglomération,Hors intersection,Pluie légère,Autre collision,,,,,,,,,,,4,1,1,2,6.0
201600050510,0016-02-16 07:25:00,16,2,16,7,25,130,85,A50-Sens Aubagne vers*To,,,Plein jour,Hors agglomération,Hors intersection,Normale,Deux véhicules - arrière,,,,,,,,,,,1,1,1,1,2.0
201600050511,0016-02-16 17:10:00,16,2,16,17,10,130,71,A7-Sens Marseille*vers L,,,Plein jour,Hors agglomération,Hors intersection,Normale,Deux véhicules - arrière,,,,,,,,,,,1,1,1,1,2.0
201600050512,0016-02-16 10:53:00,16,2,16,10,53,130,55,Tunnel Joliette*Marseill,,,Plein jour,Hors agglomération,Hors intersection,Normale,Sans collision,,,,,,,,,,,1,1,1,1,7.0
201600050513,0016-01-31 18:45:00,16,1,31,18,45,130,15,A515CD-Gardanne vers*A51,,,Crépuscule ou aube,Hors agglomération,Hors intersection,Normale,Trois véhicules et plus - en chaîne,,,,,,,,,,,2,1,1,1,4.0
201600050514,0016-02-19 23:15:00,16,2,19,23,15,130,55,A50-Sens Marseille*vers,,,Nuit sans éclairage public,Hors agglomération,Hors intersection,Normale,Sans collision,,,,,,,,,,,3,1,1,1,7.0
201600050515,0016-02-21 11:45:00,16,2,21,11,45,130,55,A7-Sens Lyon vers*Marsei,,,Plein jour,Hors agglomération,Hors intersection,Normale,Trois véhicules et plus - en chaîne,,,,,,,,,,,1,1,1,1,4.0
201600050516,0016-02-20 18:30:00,16,2,20,18,30,130,55,Tunnel Prado Carnage,,,Plein jour,Hors agglomération,Hors intersection,Normale,Sans collision,,,,,,,,,,,1,1,1,1,7.0
201600050517,0016-02-22 07:42:00,16,2,22,7,42,130,71,A7-Sens Lyon vers Marsei,,,Plein jour,Hors agglomération,Hors intersection,Brouillard / fumée,Deux véhicules - arrière,,,,,,,,,,,1,1,1,5,2.0
201600050518,0016-02-22 08:45:00,16,2,22,8,45,130,5,A502-Sens Toulon par*R.N,,,Plein jour,Hors agglomération,Hors intersection,Pluie légère,Sans collision,,,,,,,,,,,1,1,1,2,7.0
201600050519,0016-02-23 09:10:00,16,2,23,9,10,130,55,A7-Sens Marseille vers*L,,,Plein jour,Hors agglomération,Hors intersection,Normale,Deux véhicules - arrière,,,,,,,,,,,1,1,1,1,2.0
201600050520,0016-02-23 16:15:00,16,2,23,16,15,130,55,A7-Sens Lyon vers*Marsei,,,Plein jour,Hors agglomération,Hors intersection,Normale,Deux véhicules - arrière,,,,,,,,,,,1,1,1,1,2.0
201600050521,0016-02-23 09:05:00,16,2,23,9,5,130,55,A7-Sens Marseille vers*L,,,Plein jour,Hors agglomération,Hors intersection,Normale,Trois véhicules et plus - en chaîne,,,,,,,,,,,1,1,1,1,4.0
201600050522,0016-02-24 21:00:00,16,2,24,21,0,130,71,A51-Sens Aix en*Provence,,,Nuit sans éclairage public,Hors agglomération,Hors intersection,Normale,Trois véhicules et plus - collisions multiples,,,,,,,,,,,3,1,1,1,5.0
201600050523,0016-02-25 09:45:00,16,2,25,9,45,130,55,A55-Sens Martigues*vers,,,Plein jour,Hors agglomération,Hors intersection,Normale,Deux véhicules - arrière,,,,,,,,,,,1,1,1,1,2.0
201600050524,0016-02-27 02:35:00,16,2,27,2,35,130,55,A557-Liaison A7*Marseill,,,Nuit sans éclairage public,Hors agglomération,Hors intersection,Temps couvert,Autre collision,,,,,,,,,,,3,1,1,8,6.0
201600050525,0016-02-26 18:50:00,16,2,26,18,50,130,15,A51-Sens Marseille*vers,,,Crépuscule ou aube,Hors agglomération,Hors intersection,Pluie légère,Trois véhicules et plus - en chaîne,,,,,,,,,,,2,1,1,2,4.0
201600050526,0016-02-27 14:20:00,16,2,27,14,20,130,55,A55-Sens Marseille*vers,,,Plein jour,Hors agglomération,Hors intersection,Pluie légère,Sans collision,,,,,,,,,,,1,1,1,2,7.0
201600050527,0016-02-27 23:30:00,16,2,27,23,30,130,19,A51-Sens Aix en*Provence,,,Nuit sans éclairage public,Hors agglomération,Hors intersection,Pluie légère,Deux véhicules - arrière,,,,,,,,,,,3,1,1,2,2.0
201600050528,0016-02-28 14:20:00,16,2,28,14,20,130,85,A50-Sens Toulon vers Aub,,,Plein jour,Hors agglomération,Hors intersection,Normale,Sans collision,,,,,,,,,,,1,1,1,1,7.0
201600050529,0016-02-26 16:10:00,16,2,26,16,10,130,28,A50-Sens Aubagne vers*To,,,Plein jour,Hors agglomération,Hors intersection,Pluie légère,Trois véhicules et plus - en chaîne,,,,,,,,,,,1,1,1,2,4.0
201600050530,0016-02-25 17:20:00,16,2,25,17,20,130,117,A7-Sens Marseille vers*L,,,Plein jour,Hors agglomération,Hors intersection,Normale,Autre collision,,,,,,,,,,,1,1,1,1,6.0
201600050531,0016-03-02 18:30:00,16,3,2,18,30,130,55,A7-Sens Lyon vers*Marsei,,,Nuit sans éclairage public,Hors agglomération,Hors intersection,Temps couvert,Trois véhicules et plus - en chaîne,,,,,,,,,,,3,1,1,8,4.0
201600050532,0016-03-03 00:40:00,16,3,3,0,40,130,55,A55-Sens Martigues*vers,,,Nuit sans éclairage public,Hors agglomération,Hors intersection,Vent fort / tempête,Autre collision,,,,,,,,,,,3,1,1,6,6.0
201600050533,0016-02-28 13:20:00,16,2,28,13,20,130,55,A557-Liaison A7 Marseill,,,Plein jour,Hors agglomération,Hors intersection,Pluie légère,Sans collision,,,,,,,,,,,1,1,1,2,7.0
201600050534,0016-02-29 11:55:00,16,2,29,11,55,130,71,A51-Sens Marseille*vers,,,Plein jour,Hors agglomération,Hors intersection,Normale,Sans collision,,,,,,,,,,,1,1,1,1,7.0
201600050535,0016-03-03 08:10:00,16,3,3,8,10,130,70,A50-Sens Aubagne vers*Ma,,,Plein jour,Hors agglomération,Hors intersection,Normale,Deux véhicules - côté,,,,,,,,,,,1,1,1,1,3.0
201600050536,0016-03-04 08:35:00,16,3,4,8,35,130,5,A501-Sens Aubagne vers*P,,,Plein jour,Hors agglomération,Hors intersection,Normale,Deux véhicules - côté,,,,,,,,,,,1,1,1,1,3.0
201600050537,0016-03-05 00:45:00,16,3,5,0,45,130,88,A55-Sens Martigues*vers,,,Nuit sans éclairage public,Hors agglomération,Hors intersection,Pluie légère,Autre collision,,,,,,,,,,,3,1,1,2,6.0
201600050538,0016-03-05 00:50:00,16,3,5,0,50,130,117,A7-Sens Lyon vers Marsei,,,Nuit sans éclairage public,Hors agglomération,Hors intersection,Pluie légère,Autre collision,,,,,,,,,,,3,1,1,2,6.0
201600050539,0016-03-04 07:45:00,16,3,4,7,45,130,55,Sens Aubagne vers*Marsei,,,Plein jour,Hors agglomération,Hors intersection,Normale,Deux véhicules - côté,,,,,,,,,,,1,1,1,1,3.0
201600050540,0016-03-06 21:10:00,16,3,6,21,10,130,117,A7-Sens Lyon vers Marsei,,,Nuit sans éclairage public,Hors agglomération,Hors intersection,Normale,Trois véhicules et plus - en chaîne,,,,,,,,,,,3,1,1,1,4.0
201600050541,0016-03-07 07:45:00,16,3,7,7,45,130,117,A7-Sens Lyon vers*Marsei,,,Plein jour,Hors agglomération,Hors intersection,Normale,Deux véhicules - arrière,,,,,,,,,,,1,1,1,1,2.0
201600050542,0016-03-06 19:20:00,16,3,6,19,20,130,71,A55-Sens Martigues*vers,,,Crépuscule ou aube,Hors agglomération,Hors intersection,Normale,Autre collision,,,,,,,,,,,2,1,1,1,6.0
201600050543,0016-03-08 07:50:00,16,3,8,7,50,130,70,A50-Sens Aubagne vers*Ma,,,Plein jour,Hors agglomération,Hors intersection,Normale,Deux véhicules - côté,,,,,,,,,,,1,1,1,1,3.0
201600050544,0016-03-09 10:00:00,16,3,9,10,0,130,1,A51-Sens Marseille vers,,,Plein jour,Hors agglomération,Hors intersection,Normale,Trois véhicules et plus - en chaîne,,,,,,,,,,,1,1,1,1,4.0
201600050545,0016-03-10 22:00:00,16,3,10,22,0,130,55,A7-Sens Marseille vers L,,,Nuit sans éclairage public,Hors agglomération,Hors intersection,Normale,Trois véhicules et plus - en chaîne,,,,,,,,,,,3,1,1,1,4.0
201600050546,0016-03-07 08:10:00,16,3,7,8,10,130,88,A55-Sens Martigues*vers,,,Plein jour,Hors agglomération,Hors intersection,Normale,Deux véhicules - arrière,,,,,,,,,,,1,1,1,1,2.0
201600050547,0016-03-11 13:40:00,16,3,11,13,40,130,117,A7-Sens Marseille vers L,,,Plein jour,Hors agglomération,Hors intersection,Normale,Sans collision,,,,,,,,,,,1,1,1,1,7.0
201600050548,0016-03-12 15:40:00,16,3,12,15,40,130,55,A7-Sens Lyon vers Marsei,,,Plein jour,Hors agglomération,Hors intersection,Normale,Trois véhicules et plus - collisions multiples,,,,,,,,,,,1,1,1,1,5.0
201600050549,0016-03-11 22:50:00,16,3,11,22,50,130,15,A51-Sens Marseille*vers,,,Nuit sans éclairage public,Hors agglomération,Hors intersection,Normale,Deux véhicules - arrière,,,,,,,,,,,3,1,1,1,2.0
201600050550,0016-03-09 17:00:00,16,3,9,17,0,130,85,A50-Sens Aubagne*vers To,,,Plein jour,Hors agglomération,Hors intersection,Normale,Deux véhicules - côté,,,,,,,,,,,1,1,1,1,3.0
201600050551,0016-03-08 15:15:00,16,3,8,15,15,130,71,A55 - Sens Marseille*ver,,,Plein jour,Hors agglomération,Hors intersection,Normale,Deux véhicules - côté,,,,,,,,,,,1,1,1,1,3.0
201600050552,0016-03-07 17:50:00,16,3,7,17,50,130,5,A50-Sens Marseille *vers,,,Plein jour,Hors agglomération,Hors intersection,Normale,Trois véhicules et plus - en chaîne,,,,,,,,,,,1,1,1,1,4.0
201600050553,0016-03-09 19:20:00,16,3,9,19,20,130,106,A517 G- Liaison A7*vers,,,Nuit sans éclairage public,Hors agglomération,Hors intersection,Normale,Trois véhicules et plus - en chaîne,,,,,,,,,,,3,1,1,1,4.0
201600050554,0016-03-14 21:35:00,16,3,14,21,35,130,1,A51-Sens Marseille*vers,,,Nuit sans éclairage public,Hors agglomération,Hors intersection,Pluie légère,Sans collision,,,,,,,,,,,3,1,1,2,7.0
201600050555,0016-03-15 06:15:00,16,3,15,6,15,130,85,A50-Sens Toulon vers*Aub,,,Crépuscule ou aube,Hors agglomération,Hors intersection,Normale,Autre collision,,,,,,,,,,,2,1,1,1,6.0
201600050556,0016-03-12 18:20:00,16,3,12,18,20,130,71,A51-Sens Aix en Provence,,,Plein jour,Hors agglomération,Hors intersection,Normale,Trois véhicules et plus - collisions multiples,,,,,,,,,,,1,1,1,1,5.0
201600050557,0016-03-15 23:50:00,16,3,15,23,50,130,55,A55-Sens Martigues vers,,,Nuit sans éclairage public,Hors agglomération,Hors intersection,Normale,Autre collision,,,,,,,,,,,3,1,1,1,6.0
201600050558,0016-03-16 11:05:00,16,3,16,11,5,130,85,Sens*Toulon vers Aubagne,,,Plein jour,Hors agglomération,Hors intersection,Pluie légère,Sans collision,,,,,,,,,,,1,1,1,2,7.0
201600050559,0016-03-01 07:50:00,16,3,1,7,50,130,55,A50-Sens Marseille*vers,,,Plein jour,Hors agglomération,Hors intersection,Normale,Sans collision,,,,,,,,,,,1,1,1,1,7.0
201600050560,0016-03-17 07:15:00,16,3,17,7,15,130,55,A7-Sens Marseille vers L,,,Plein jour,Hors agglomération,Hors intersection,Normale,Trois véhicules et plus - en chaîne,,,,,,,,,,,1,1,1,1,4.0
201600050561,0016-03-17 07:00:00,16,3,17,7,0,130,85,A50-Sens Toulon vers*Aub,,,Plein jour,Hors agglomération,Hors intersection,Normale,Sans collision,,,,,,,,,,,1,1,1,1,7.0
201600050562,0016-03-11 10:45:00,16,3,11,10,45,130,5,A50-Sens Marseille$vers,,,Plein jour,Hors agglomération,Hors intersection,Normale,Deux véhicules - arrière,,,,,,,,,,,1,1,1,1,2.0
201600050563,0016-03-18 14:54:00,16,3,18,14,54,130,71,A7-Sens Marseille vers L,,,Plein jour,Hors agglomération,Hors intersection,Normale,Trois véhicules et plus - en chaîne,,,,,,,,,,,1,1,1,1,4.0
201600050564,0016-03-18 18:55:00,16,3,18,18,55,130,55,A55-Sens Marseille vers,,,Crépuscule ou aube,Hors agglomération,Hors intersection,Normale,Trois véhicules et plus - en chaîne,,,,,,,,,,,2,1,1,1,4.0
201600050565,0016-03-18 21:20:00,16,3,18,21,20,130,55,A50-Sens Aubagne vers*Ma,,,Nuit sans éclairage public,Hors agglomération,Hors intersection,Normale,Autre collision,,,,,,,,,,,3,1,1,1,6.0
201600050566,0016-03-14 15:00:00,16,3,14,15,0,130,71,A7-Sens Marseille vers L,,,Plein jour,Hors agglomération,Hors intersection,Normale,Trois véhicules et plus - en chaîne,,,,,,,,,,,1,1,1,1,4.0
201600050567,0016-03-19 06:30:00,16,3,19,6,30,130,26,A55-Sens Martigues vers,,,Plein jour,Hors agglomération,Hors intersection,Normale,Deux véhicules - côté,,,,,,,,,,,1,1,1,1,3.0
201600050568,0016-03-16 16:50:00,16,3,16,16,50,130,55,A50-Sens Marseille*vers,,,Plein jour,Hors agglomération,Hors intersection,Normale,Deux véhicules - arrière,,,,,,,,,,,1,1,1,1,2.0
201600050569,0016-03-19 09:15:00,16,3,19,9,15,130,85,A50-Sens Aubagne*vers To,,,Plein jour,Hors agglomération,Hors intersection,Normale,Deux véhicules - arrière,,,,,,,,,,,1,1,1,1,2.0
201600050570,0016-03-18 14:40:00,16,3,18,14,40,130,55,A50-Sens Aubagne vers Ma,,,Plein jour,Hors agglomération,Hors intersection,Normale,Trois véhicules et plus - en chaîne,,,,,,,,,,,1,1,1,1,4.0
201600050571,0016-03-17 07:15:00,16,3,17,7,15,130,5,A50 - Sens Aubagne*vers,,,Plein jour,Hors agglomération,Hors intersection,Normale,Sans collision,,,,,,,,,,,1,1,1,1,7.0
201600050572,0016-03-22 13:10:00,16,3,22,13,10,130,55,A7-Sens Lyon vers Marsei,,,Plein jour,Hors agglomération,Hors intersection,Normale,Autre collision,,,,,,,,,,,1,1,1,1,6.0
201600050573,0016-03-23 07:35:00,16,3,23,7,35,130,106,A7-Sens Marseille vers*L,,,Plein jour,Hors agglomération,Hors intersection,Normale,Sans collision,,,,,,,,,,,1,1,1,1,7.0
201600050574,0016-03-24 17:30:00,16,3,24,17,30,130,70,A50-Sens Marseille*vers,,,Plein jour,Hors agglomération,Hors intersection,Normale,Deux véhicules - côté,,,,,,,,,,,1,1,1,1,3.0
201600050575,0016-03-24 09:15:00,16,3,24,9,15,130,71,A55-Sens Martigues*vers,,,Plein jour,Hors agglomération,Hors intersection,Normale,Trois véhicules et plus - en chaîne,,,,,,,,,,,1,1,1,1,4.0
201600050576,0016-03-24 09:00:00,16,3,24,9,0,130,55,A55-Sens*Martigues vers,,,Plein jour,Hors agglomération,Hors intersection,Normale,Deux véhicules - côté,,,,,,,,,,,1,1,1,1,3.0
201600050577,0016-03-24 08:30:00,16,3,24,8,30,130,56,A55-Sens Martigues vers,,,Plein jour,Hors agglomération,Hors intersection,Normale,Trois véhicules et plus - en chaîne,,,,,,,,,,,1,1,1,1,4.0
201600050578,0016-03-16 17:30:00,16,3,16,17,30,130,5,A50-Sens Aubagne vers*Ma,,,Plein jour,Hors agglomération,Hors intersection,Normale,Deux véhicules - arrière,,,,,,,,,,,1,1,1,1,2.0
201600050579,0016-03-24 15:05:00,16,3,24,15,5,130,71,A55 - Sens Marseille*ver,,,Plein jour,Hors agglomération,Hors intersection,Normale,Trois véhicules et plus - en chaîne,,,,,,,,,,,1,1,1,1,4.0
201600050580,0016-03-27 21:35:00,16,3,27,21,35,130,55,A55-Sens Martigues vers,,,Nuit sans éclairage public,Hors agglomération,Hors intersection,Normale,Deux véhicules - arrière,,,,,,,,,,,3,1,1,1,2.0
201600050581,0016-03-28 15:00:00,16,3,28,15,0,130,55,A7-Sens Lyon vers*Marsei,,,Plein jour,Hors agglomération,Hors intersection,Normale,Deux véhicules - côté,,,,,,,,,,,1,1,1,1,3.0
201600050582,0016-03-27 21:00:00,16,3,27,21,0,130,22,A50-Sens Toulon vers*Aub,,,Nuit sans éclairage public,Hors agglomération,Hors intersection,Normale,Trois véhicules et plus - collisions multiples,,,,,,,,,,,3,1,1,1,5.0
201600050583,0016-03-29 15:20:00,16,3,29,15,20,130,55,A55-Sens Martigues*vers,,,Plein jour,Hors agglomération,Hors intersection,Normale,Deux véhicules - arrière,,,,,,,,,,,1,1,1,1,2.0
201600050584,0016-03-29 16:30:00,16,3,29,16,30,130,71,A7-Sens Marseille vers L,,,Plein jour,Hors agglomération,Hors intersection,Normale,Autre collision,,,,,,,,,,,1,1,1,1,6.0
201600050585,0016-03-30 21:00:00,16,3,30,21,0,130,55,A7-Sens Lyon vers*Marsei,,,Nuit sans éclairage public,Hors agglomération,Hors intersection,Normale,Trois véhicules et plus - en chaîne,,,,,,,,,,,3,1,1,1,4.0
201600050586,0016-04-01 13:20:00,16,4,1,13,20,130,85,A50-Sens Toulon vers*Aub,,,Plein jour,Hors agglomération,Hors intersection,Pluie légère,Autre collision,,,,,,,,,,,1,1,1,2,6.0
201600050587,0016-03-08 16:00:00,16,3,8,16,0,130,1,A51-Sens Marseille*vers,,,Plein jour,Hors agglomération,Hors intersection,Normale,Sans collision,,,,,,,,,,,1,1,1,1,7.0
201600050588,0016-04-01 14:35:00,16,4,1,14,35,130,5,A52-Sens Pont de*l'Etoil,,,Plein jour,Hors agglomération,Hors intersection,Normale,Sans collision,,,,,,,,,,,1,1,1,1,7.0
201600050589,0016-04-01 11:45:00,16,4,1,11,45,130,56,A55-Sens Martigues vers,,,Plein jour,Hors agglomération,Hors intersection,Pluie légère,Sans collision,,,,,,,,,,,1,1,1,2,7.0
201600050590,0016-04-02 12:50:00,16,4,2,12,50,130,71,A7-Sens Marseille vers L,,,Plein jour,Hors agglomération,Hors intersection,Normale,Trois véhicules et plus - en chaîne,,,,,,,,,,,1,1,1,1,4.0
201600050591,0016-04-04 07:30:00,16,4,4,7,30,130,71,A7-Sens Marseille vers*L,,,Plein jour,Hors agglomération,Hors intersection,Normale,Deux véhicules - arrière,,,,,,,,,,,1,1,1,1,2.0
201600050592,0016-04-04 09:45:00,16,4,4,9,45,130,55,A55-Sens Marseille*vers,,,Plein jour,Hors agglomération,Hors intersection,Normale,Trois véhicules et plus - en chaîne,,,,,,,,,,,1,1,1,1,4.0
201600050593,0016-04-05 05:00:00,16,4,5,5,0,130,71,A7-Sens Lyon vers*Marsei,,,Plein jour,Hors agglomération,Hors intersection,Normale,Deux véhicules - arrière,,,,,,,,,,,1,1,1,1,2.0
201600050594,0016-04-05 09:30:00,16,4,5,9,30,130,71,F8-Sens Martigues vers A,,,Plein jour,Hors agglomération,Hors intersection,Pluie légère,Deux véhicules - frontale,,,,,,,,,,,1,1,1,2,1.0
201600050595,0016-04-05 14:00:00,16,4,5,14,0,130,55,A7-Sens Lyon vers Marsei,,,Plein jour,Hors agglomération,Hors intersection,Normale,Deux véhicules - arrière,,,,,,,,,,,1,1,1,1,2.0
201600050596,0016-04-05 17:20:00,16,4,5,17,20,130,55,A50-Sens Marseille vers,,,Plein jour,Hors agglomération,Hors intersection,Normale,Deux véhicules - côté,,,,,,,,,,,1,1,1,1,3.0
201600050597,0016-04-03 17:00:00,16,4,3,17,0,130,56,A55-Sens Martigues vers,,,Plein jour,Hors agglomération,Hors intersection,Pluie légère,Sans collision,,,,,,,,,,,1,1,1,2,7.0
201600050598,0016-03-25 17:35:00,16,3,25,17,35,130,15,A51-Sens Marseille*vers,,,Plein jour,Hors agglomération,Hors intersection,Normale,Deux véhicules - arrière,,,,,,,,,,,1,1,1,1,2.0
201600050599,0016-04-08 08:00:00,16,4,8,8,0,130,55,S10CD-Sens Aubagne vers,,,Plein jour,Hors agglomération,Hors intersection,Normale,Autre collision,,,,,,,,,,,1,1,1,1,6.0
201600050600,0016-04-09 07:20:00,16,4,9,7,20,130,56,A55-Sens Marseille vers,,,Crépuscule ou aube,Hors agglomération,Hors intersection,Pluie légère,Autre collision,,,,,,,,,,,2,1,1,2,6.0
201600050601,0016-04-08 18:00:00,16,4,8,18,0,130,55,A7-Sens Lyon vers Marsei,,,Plein jour,Hors agglomération,Hors intersection,Normale,Deux véhicules - côté,,,,,,,,,,,1,1,1,1,3.0
201600050602,0016-04-11 07:00:00,16,4,11,7,0,130,71,A7-Sens Lyon vers*Marsei,,,Plein jour,Hors agglomération,Hors intersection,Normale,Deux véhicules - arrière,,,,,,,,,,,1,1,1,1,2.0
201600050603,0016-04-10 17:45:00,16,4,10,17,45,130,55,A7-Sens Lyon vers Marsei,,,Plein jour,Hors agglomération,Hors intersection,Normale,Trois véhicules et plus - en chaîne,,,,,,,,,,,1,1,1,1,4.0