accident_id,datetime,annee,mois,jour,heure,minute,departement,commune_insee,adresse,latitude,longitude,luminosite,agglomeration,intersection,meteo,collision,nb_vehicules,nb_usagers,nb_indemnes,nb_tues,nb_blesses_hosp,nb_blesses_legers,age_cond_1,age_cond_2,veh_type_cond_1,veh_type_cond_2,lum_code,agg_code,int_code,atm_code,col_code
201600050981,0016-10-21 00:30:00,16,10,21,0,30,130,1,A51-Sens Aix en Provence,,,Nuit sans éclairage public,Hors agglomération,Hors intersection,Normale,Sans collision,,,,,,,,,,,3,1,1,1,7.0
201600050982,0016-11-09 11:45:00,16,11,9,11,45,130,5,A52-Sens Pont de*l'Etoil,,,Plein jour,Hors agglomération,Hors intersection,Pluie légère,Sans collision,,,,,,,,,,,1,1,1,2,7.0
201600050983,0016-11-10 19:45:00,16,11,10,19,45,130,71,A51-Sens Marseille vers,,,Nuit sans éclairage public,Hors agglomération,Hors intersection,Normale,Trois véhicules et plus - en chaîne,,,,,,,,,,,3,1,1,1,4.0
201600050984,0016-11-10 09:48:00,16,11,10,9,48,130,55,A7-Sens Lyon vers Marsei,,,Plein jour,Hors agglomération,Hors intersection,Normale,Trois véhicules et plus - en chaîne,,,,,,,,,,,1,1,1,1,4.0
201600050985,0016-11-12 15:30:00,16,11,12,15,30,130,55,A55-Sens Marseille vers*,,,Plein jour,Hors agglomération,Hors intersection,Normale,Autre collision,,,,,,,,,,,1,1,1,1,6.0
201600050986,0016-11-13 01:00:00,16,11,13,1,0,130,55,A50-Sens Aubagne vers Ma,,,Nuit avec éclairage allumé,Hors agglomération,Hors intersection,Normale,Autre collision,,,,,,,,,,,5,1,1,1,6.0
201600050987,0016-11-13 05:55:00,16,11,13,5,55,130,88,A55-Sens Marseille vers,,,Nuit sans éclairage public,Hors agglomération,Hors intersection,Normale,Deux véhicules - arrière,,,,,,,,,,,3,1,1,1,2.0
201600050988,0016-11-12 18:20:00,16,11,12,18,20,130,55,A7-Sens Lyon vers Marsei,,,Nuit avec éclairage allumé,Hors agglomération,Hors intersection,Normale,Trois véhicules et plus - en chaîne,,,,,,,,,,,5,1,1,1,4.0
201600050989,0016-11-14 00:25:00,16,11,14,0,25,130,5,A50-Sens Aubagne vers*Ma,,,Nuit sans éclairage public,Hors agglomération,Hors intersection,Pluie légère,Trois véhicules et plus - collisions multiples,,,,,,,,,,,3,1,1,2,5.0
201600050990,0016-11-14 07:55:00,16,11,14,7,55,130,55,A50-Sens Aubagne vers*Ma,,,Plein jour,Hors agglomération,Hors intersection,Pluie légère,Deux véhicules - arrière,,,,,,,,,,,1,1,1,2,2.0
201600050991,0016-11-11 18:00:00,16,11,11,18,0,130,55,A7-Sens Lyon vers Marsei,43.35013,5.36844,Nuit sans éclairage public,Hors agglomération,Hors intersection,Normale,Deux véhicules - côté,,,,,,,,,,,3,1,1,1,3.0
201600050992,0016-11-15 16:15:00,16,11,15,16,15,130,88,A55-Sens Marseille vers*,,,Plein jour,Hors agglomération,Hors intersection,Normale,Sans collision,,,,,,,,,,,1,1,1,1,7.0
201600050993,0016-11-15 18:30:00,16,11,15,18,30,130,55,A7-Sens Lyon vers*Marsei,,,Nuit sans éclairage public,Hors agglomération,Hors intersection,Normale,Sans collision,,,,,,,,,,,3,1,1,1,7.0
201600050994,0016-11-16 08:45:00,16,11,16,8,45,130,55,A7-Sens Lyon vers Marsei,,,Plein jour,Hors agglomération,Hors intersection,Normale,Deux véhicules - arrière,,,,,,,,,,,1,1,1,1,2.0
201600050995,0016-11-16 09:10:00,16,11,16,9,10,130,55,A7-Sens Lyon vers Marsei,,,Plein jour,Hors agglomération,Hors intersection,Normale,Deux véhicules - arrière,,,,,,,,,,,1,1,1,1,2.0
201600050996,0016-11-16 18:15:00,16,11,16,18,15,130,5,A52-Sens Toulon vers Pon,,,Nuit sans éclairage public,Hors agglomération,Hors intersection,Normale,Sans collision,,,,,,,,,,,3,1,1,1,7.0
201600050997,0016-11-17 23:00:00,16,11,17,23,0,130,55,Tunnel Prado Carénage,,,Nuit avec éclairage allumé,Hors agglomération,Hors intersection,Normale,Autre collision,,,,,,,,,,,5,1,1,1,6.0
201600050998,0016-11-17 09:45:00,16,11,17,9,45,130,71,A7-Sens Marseille vers*L,,,Plein jour,Hors agglomération,Hors intersection,Normale,Trois véhicules et plus - en chaîne,,,,,,,,,,,1,1,1,1,4.0
201600050999,0016-11-18 14:20:00,16,11,18,14,20,130,55,A55-Sens Marseille vers,,,Plein jour,Hors agglomération,Hors intersection,Normale,Trois véhicules et plus - collisions multiples,,,,,,,,,,,1,1,1,1,5.0
201600051000,0016-11-15 18:45:00,16,11,15,18,45,130,81,A7-Sens Marseille vers*L,,,Nuit sans éclairage public,Hors agglomération,Hors intersection,Normale,Trois véhicules et plus - collisions multiples,,,,,,,,,,,3,1,1,1,5.0
201600051001,0016-11-20 02:25:00,16,11,20,2,25,130,55,A50-Sens Aubagne vers Ma,,,Nuit avec éclairage non allumé,Hors agglomération,Hors intersection,Normale,Autre collision,,,,,,,,,,,4,1,1,1,6.0
201600051002,0016-11-21 07:15:00,16,11,21,7,15,130,55,A7-Sens Lyon vers Marsei,,,Crépuscule ou aube,Hors agglomération,Hors intersection,Pluie légère,Trois véhicules et plus - en chaîne,,,,,,,,,,,2,1,1,2,4.0
201600051003,0016-11-21 08:00:00,16,11,21,8,0,130,26,A55-Sens Marseille vers*,,,Plein jour,Hors agglomération,Hors intersection,Pluie forte,Trois véhicules et plus - en chaîne,,,,,,,,,,,1,1,1,3,4.0
201600051004,0016-11-21 15:30:00,16,11,21,15,30,130,55,A7-Sens Marseille vers*L,,,Plein jour,Hors agglomération,Hors intersection,Pluie légère,Deux véhicules - arrière,,,,,,,,,,,1,1,1,2,2.0
201600051005,0016-11-17 09:00:00,16,11,17,9,0,130,55,A50-Sens Aubagne vers Ma,,,Plein jour,Hors agglomération,Autre intersection,Normale,Deux véhicules - côté,,,,,,,,,,,1,1,9,1,3.0
201600051006,0016-11-18 10:45:00,16,11,18,10,45,130,55,A7-Sens Lyon vers*Marsei,,,Plein jour,Hors agglomération,Hors intersection,Normale,Autre collision,,,,,,,,,,,1,1,1,1,6.0
201600051007,0016-11-22 19:45:00,16,11,22,19,45,130,55,A55-Sens Marseille vers*,,,Nuit sans éclairage public,Hors agglomération,Hors intersection,Normale,Autre collision,,,,,,,,,,,3,1,1,1,6.0
201600051008,0016-11-22 09:55:00,16,11,22,9,55,130,55,A55-Sens Marseille vers,,,Plein jour,Hors agglomération,Hors intersection,Pluie légère,Autre collision,,,,,,,,,,,1,1,1,2,6.0
201600051009,0016-11-22 11:30:00,16,11,22,11,30,130,56,A55-Sens Marseille vers*,,,Plein jour,Hors agglomération,Hors intersection,Pluie légère,Sans collision,,,,,,,,,,,1,1,1,2,7.0
201600051010,0016-11-25 11:50:00,16,11,25,11,50,130,55,A7-Sens Lyon vers Marsei,,,Plein jour,Hors agglomération,Hors intersection,Normale,Sans collision,,,,,,,,,,,1,1,1,1,7.0
201600051011,0016-11-24 18:10:00,16,11,24,18,10,130,55,A7-Sens Marseille vers L,,,Nuit sans éclairage public,Hors agglomération,Hors intersection,Normale,Trois véhicules et plus - en chaîne,,,,,,,,,,,3,1,1,1,4.0
201600051012,0016-11-25 01:10:00,16,11,25,1,10,130,5,A502-Sens Aubagne vers T,,,Nuit sans éclairage public,Hors agglomération,Hors intersection,Pluie forte,Autre collision,,,,,,,,,,,3,1,1,3,6.0
201600051013,0016-11-26 02:35:00,16,11,26,2,35,130,55,A7-Sens Lyon vers*Marsei,,,Nuit sans éclairage public,Hors agglomération,Hors intersection,Normale,Deux véhicules - frontale,,,,,,,,,,,3,1,1,1,1.0
201600051014,0016-11-26 20:20:00,16,11,26,20,20,130,106,A7-Sens Lyon vers Marsei,,,Nuit sans éclairage public,Hors agglomération,Hors intersection,Normale,Deux véhicules - arrière,,,,,,,,,,,3,1,1,1,2.0
201600051015,0016-11-26 04:35:00,16,11,26,4,35,130,56,A55-Sens Marseille vers,,,Nuit sans éclairage public,Hors agglomération,Hors intersection,Normale,Autre collision,,,,,,,,,,,3,1,1,1,6.0
201600051016,0016-11-27 22:20:00,16,11,27,22,20,130,88,A55-Sens Martigues vers*,,,Nuit sans éclairage public,Hors agglomération,Hors intersection,Normale,Autre collision,,,,,,,,,,,3,1,1,1,6.0
201600051017,0016-11-27 19:30:00,16,11,27,19,30,130,55,A7-Sens Lyon vers*Marsei,,,Nuit sans éclairage public,Hors agglomération,Hors intersection,Normale,Trois véhicules et plus - en chaîne,,,,,,,,,,,3,1,1,1,4.0
201600051018,0016-11-25 17:05:00,16,11,25,17,5,130,55,A55-Sens Martigues vers,,,Nuit sans éclairage public,Hors agglomération,Hors intersection,Pluie légère,Deux véhicules - côté,,,,,,,,,,,3,1,1,2,3.0
201600051019,0016-11-29 09:05:00,16,11,29,9,5,130,55,Tunnel Prado Carénage,,,Plein jour,Hors agglomération,Hors intersection,Normale,Trois véhicules et plus - en chaîne,,,,,,,,,,,1,1,1,1,4.0
201600051020,0016-11-30 09:05:00,16,11,30,9,5,130,71,A7-Sens Marseille vers*L,,,Plein jour,Hors agglomération,Hors intersection,Normale,Deux véhicules - frontale,,,,,,,,,,,1,1,1,1,1.0
201600051021,0016-11-24 03:20:00,16,11,24,3,20,130,1,A51-Sens Marseille*vers,,,Nuit sans éclairage public,Hors agglomération,Hors intersection,Normale,Autre collision,,,,,,,,,,,3,1,1,1,6.0
201600051022,0016-11-30 22:50:00,16,11,30,22,50,130,55,A7-Sens Lyon vers*Marsei,,,Nuit sans éclairage public,Hors agglomération,Hors intersection,Normale,Autre collision,,,,,,,,,,,3,1,1,1,6.0
201600051023,0016-11-30 12:45:00,16,11,30,12,45,130,55,Tunnel Joliette Marseill,,,Plein jour,Hors agglomération,Hors intersection,Normale,Deux véhicules - arrière,,,,,,,,,,,1,1,1,1,2.0
201600051024,0016-11-15 18:05:00,16,11,15,18,5,130,55,A7-Sens Lyon vers*Marsei,,,Nuit sans éclairage public,Hors agglomération,Hors intersection,Normale,Deux véhicules - côté,,,,,,,,,,,3,1,1,1,3.0
201600051025,0016-12-02 17:00:00,16,12,2,17,0,130,88,A55-Sens Marseille vers,,,Crépuscule ou aube,Hors agglomération,Hors intersection,Normale,Trois véhicules et plus - en chaîne,,,,,,,,,,,2,1,1,1,4.0
201600051026,0016-12-02 17:00:00,16,12,2,17,0,130,55,TVPCM-Sens Saint Victor,,,Plein jour,Hors agglomération,Hors intersection,Normale,Trois véhicules et plus - en chaîne,,,,,,,,,,,1,1,1,1,4.0
201600051027,0016-12-03 16:45:00,16,12,3,16,45,130,88,A55-Sens*Marseille vers,,,Plein jour,Hors agglomération,Hors intersection,Pluie légère,Autre collision,,,,,,,,,,,1,1,1,2,6.0
201600051028,0016-12-05 08:55:00,16,12,5,8,55,130,55,TVPCM-Sens Saint Victor,,,Plein jour,Hors agglomération,Hors intersection,Normale,Trois véhicules et plus - en chaîne,,,,,,,,,,,1,1,1,1,4.0
201600051029,0016-12-05 14:00:00,16,12,5,14,0,130,71,A7-Sens Marseille vers*L,,,Plein jour,Hors agglomération,Hors intersection,Normale,Trois véhicules et plus - collisions multiples,,,,,,,,,,,1,1,1,1,5.0
201600051030,0016-12-05 04:20:00,16,12,5,4,20,130,43,A55-Sens Marseille vers,,,Nuit sans éclairage public,Hors agglomération,Hors intersection,Normale,Deux véhicules - arrière,,,,,,,,,,,3,1,1,1,2.0
201600051031,0016-12-06 15:00:00,16,12,6,15,0,130,55,A55-Sens Martigues vers,,,Plein jour,Hors agglomération,Hors intersection,Normale,Autre collision,,,,,,,,,,,1,1,1,1,6.0
201600051032,0016-12-06 07:30:00,16,12,6,7,30,130,70,A50-Sens Aubagne vers*Ma,,,Crépuscule ou aube,Hors agglomération,Hors intersection,Normale,Deux véhicules - arrière,,,,,,,,,,,2,1,1,1,2.0
201600051033,0016-12-07 07:30:00,16,12,7,7,30,130,71,A7-Sens Marseille vers*L,,,Nuit sans éclairage public,Hors agglomération,Hors intersection,Normale,Trois véhicules et plus - en chaîne,,,,,,,,,,,3,1,1,1,4.0
201600051034,0016-12-06 17:50:00,16,12,6,17,50,130,55,A50-Sens Marseille vers*,,,Nuit sans éclairage public,Hors agglomération,Hors intersection,Normale,Trois véhicules et plus - en chaîne,,,,,,,,,,,3,1,1,1,4.0
201600051035,0016-12-06 18:35:00,16,12,6,18,35,130,71,A7-Sens Marseille vers L,,,Nuit sans éclairage public,Hors agglomération,Hors intersection,Normale,Trois véhicules et plus - en chaîne,,,,,,,,,,,3,1,1,1,4.0
201600051036,0016-12-07 18:00:00,16,12,7,18,0,130,71,A7-Sens Lyon vers Marsei,,,Nuit sans éclairage public,Hors agglomération,Hors intersection,Normale,Trois véhicules et plus - en chaîne,,,,,,,,,,,3,1,1,1,4.0
201600051037,0016-12-07 12:50:00,16,12,7,12,50,130,117,A7-Sens Marseille vers*L,,,Plein jour,Hors agglomération,Hors intersection,Normale,Trois véhicules et plus - en chaîne,,,,,,,,,,,1,1,1,1,4.0
201600051038,0016-12-08 15:00:00,16,12,8,15,0,130,55,A55-Sens Marseille vers*,,,Plein jour,Hors agglomération,Hors intersection,Normale,Deux véhicules - arrière,,,,,,,,,,,1,1,1,1,2.0
201600051039,0016-12-08 08:45:00,16,12,8,8,45,130,71,A7-Sens Lyon vers Marsei,,,Plein jour,Hors agglomération,Hors intersection,Normale,Deux véhicules - arrière,,,,,,,,,,,1,1,1,1,2.0
201600051040,0016-12-08 07:42:00,16,12,8,7,42,130,71,A7-Sens Lyon vers Marsei,,,Plein jour,Hors agglomération,Hors intersection,Normale,Deux véhicules - arrière,,,,,,,,,,,1,1,1,1,2.0
201600051041,0016-12-09 16:10:00,16,12,9,16,10,130,55,A50-Sens Aubagne vers*Ma,,,Plein jour,Hors agglomération,Hors intersection,Normale,Trois véhicules et plus - en chaîne,,,,,,,,,,,1,1,1,1,4.0
201600051042,0016-11-21 08:05:00,16,11,21,8,5,130,85,A50-Sens Toulon vers*Aub,,,Plein jour,Hors agglomération,Hors intersection,Pluie légère,Deux véhicules - frontale,,,,,,,,,,,1,1,1,2,1.0
201600051043,0016-12-10 19:45:00,16,12,10,19,45,130,55,A7-Sens Lyon vers Marsei,,,Nuit sans éclairage public,Hors agglomération,Hors intersection,Normale,Deux véhicules - arrière,,,,,,,,,,,3,1,1,1,2.0
201600051044,0016-12-11 07:20:00,16,12,11,7,20,130,85,A50-Sens Toulon vers*Aub,,,Plein jour,Hors agglomération,Hors intersection,Normale,Sans collision,,,,,,,,,,,1,1,1,1,7.0
201600051045,0016-12-11 04:50:00,16,12,11,4,50,130,55,Tunnel Prado Carénage,,,Nuit avec éclairage allumé,Hors agglomération,Hors intersection,Normale,Autre collision,,,,,,,,,,,5,1,1,1,6.0
201600051046,0016-12-11 01:05:00,16,12,11,1,5,130,55,Tunnel Prado Carénage,,,Nuit avec éclairage allumé,Hors agglomération,Hors intersection,Normale,Sans collision,,,,,,,,,,,5,1,1,1,7.0
201600051047,0016-12-12 14:00:00,16,12,12,14,0,130,71,A7-Sens Lyon vers Marsei,,,Plein jour,Hors agglomération,Hors intersection,Normale,Autre collision,,,,,,,,,,,1,1,1,1,6.0
201600051048,0016-12-13 08:00:00,16,12,13,8,0,130,55,A7-Sens Lyon vers*Marsei,,,Plein jour,Hors agglomération,Hors intersection,Normale,Deux véhicules - arrière,,,,,,,,,,,1,1,1,1,2.0
201600051049,0016-12-13 09:20:00,16,12,13,9,20,130,55,A50-Sens Aubagne vers*Ma,,,Plein jour,Hors agglomération,Hors intersection,Normale,Trois véhicules et plus - en chaîne,,,,,,,,,,,1,1,1,1,4.0
201600051050,0016-12-13 12:05:00,16,12,13,12,5,130,81,A7-Sens Lyon vers Marsei,43.4884,5.24065,Plein jour,Hors agglomération,Hors intersection,Normale,Deux véhicules - arrière,,,,,,,,,,,1,1,1,1,2.0
201600051051,0016-12-14 14:15:00,16,12,14,14,15,130,1,A51-Sens*Aix en Provence,,,Plein jour,Hors agglomération,Hors intersection,Normale,Deux véhicules - frontale,,,,,,,,,,,1,1,1,1,1.0
201600051052,0016-12-14 19:35:00,16,12,14,19,35,130,19,A51-Sens*Aix en Provence,,,Nuit sans éclairage public,Hors agglomération,Hors intersection,Normale,Autre collision,,,,,,,,,,,3,1,1,1,6.0
201600051053,0016-12-15 18:30:00,16,12,15,18,30,130,55,A50-Sens Aubagne vers*Ma,,,Nuit sans éclairage public,Hors agglomération,Hors intersection,Normale,Deux véhicules - arrière,,,,,,,,,,,3,1,1,1,2.0
201600051054,0016-12-16 23:30:00,16,12,16,23,30,130,26,A55-Sens Marseille vers*,,,Nuit sans éclairage public,Hors agglomération,Hors intersection,Normale,Autre collision,,,,,,,,,,,3,1,1,1,6.0
201600051055,0016-12-17 05:55:00,16,12,17,5,55,130,15,A51-Sens Marseille*vers,,,Nuit sans éclairage public,Hors agglomération,Hors intersection,Normale,Autre collision,,,,,,,,,,,3,1,1,1,6.0
201600051056,0016-12-16 12:45:00,16,12,16,12,45,130,55,A50-Sens*Marseille vers,,,Plein jour,Hors agglomération,Hors intersection,Normale,Deux véhicules - arrière,,,,,,,,,,,1,1,1,1,2.0
201600051057,0016-12-17 03:45:00,16,12,17,3,45,130,55,Sens Marseille vers Auba,,,Nuit sans éclairage public,Hors agglomération,Hors intersection,Normale,Deux véhicules - côté,,,,,,,,,,,3,1,1,1,3.0
201600051058,0016-12-17 19:50:00,16,12,17,19,50,130,55,A7-Sens*Marseille vers L,,,Nuit avec éclairage allumé,Hors agglomération,Hors intersection,Normale,Deux véhicules - arrière,,,,,,,,,,,5,1,1,1,2.0
201600051059,0016-12-18 16:45:00,16,12,18,16,45,130,55,A55-Sens Martigues vers,43.31648,5.36453,Plein jour,Hors agglomération,Hors intersection,Normale,Deux véhicules - arrière,,,,,,,,,,,1,1,1,1,2.0
201600051060,0016-12-18 16:45:00,16,12,18,16,45,130,55,A55-Sens Martigues vers,,,Plein jour,Hors agglomération,Hors intersection,Normale,Deux véhicules - arrière,,,,,,,,,,,1,1,1,1,2.0
201600051061,0016-12-15 18:30:00,16,12,15,18,30,130,71,A7-Sens Lyon vers*Marsei,,,Nuit avec éclairage non allumé,Hors agglomération,Hors intersection,Normale,Deux véhicules - arrière,,,,,,,,,,,4,1,1,1,2.0
201600051062,0016-12-18 22:00:00,16,12,18,22,0,130,33,A55-Sens*Martigues vers,,,Nuit sans éclairage public,Hors agglomération,Hors intersection,Normale,Autre collision,,,,,,,,,,,3,1,1,1,6.0
201600051063,0016-12-19 20:15:00,16,12,19,20,15,130,55,A55-Sens Martigues vers,43.3202,5.36389,Nuit sans éclairage public,Hors agglomération,Hors intersection,Pluie légère,Autre collision,,,,,,,,,,,3,1,1,2,6.0
201600051064,0016-12-20 18:15:00,16,12,20,18,15,130,71,A5502G-sens Martigues ve,43.39885,5.29207,Nuit sans éclairage public,Hors agglomération,Hors intersection,Pluie légère,Autre collision,,,,,,,,,,,3,1,1,2,6.0
201600051065,0016-12-11 18:05:00,16,12,11,18,5,130,71,A51-Sens*Marseille vers,,,Nuit sans éclairage public,Hors agglomération,Hors intersection,Normale,Trois véhicules et plus - collisions multiples,,,,,,,,,,,3,1,1,1,5.0
201600051066,0016-12-20 18:50:00,16,12,20,18,50,130,71,A7-Sens Lyon vers*Marsei,,,Nuit sans éclairage public,Hors agglomération,Hors intersection,Pluie légère,Deux véhicules - arrière,,,,,,,,,,,3,1,1,2,2.0
201600051067,0016-12-21 17:35:00,16,12,21,17,35,130,55,A7-Sens Marseille vers*L,,,Nuit sans éclairage public,Hors agglomération,Hors intersection,Normale,Trois véhicules et plus - en chaîne,,,,,,,,,,,3,1,1,1,4.0
201600051068,0016-12-21 18:30:00,16,12,21,18,30,130,106,A7-Sens Lyon vers*Marsei,,,Nuit sans éclairage public,Hors agglomération,Hors intersection,Normale,Deux véhicules - côté,,,,,,,,,,,3,1,1,1,3.0
201600051069,0016-12-16 09:20:00,16,12,16,9,20,130,1,A51-Sens Marseille vers,,,Plein jour,Hors agglomération,Hors intersection,Normale,Trois véhicules et plus - en chaîne,,,,,,,,,,,1,1,1,1,4.0
201600051070,0016-12-05 06:50:00,16,12,5,6,50,130,26,A55-Sens *Martigues vers,,,Nuit sans éclairage public,Hors agglomération,Hors intersection,Normale,Deux véhicules - arrière,,,,,,,,,,,3,1,1,1,2.0
201600051071,0016-12-22 17:30:00,16,12,22,17,30,130,117,A7-Sens*Marseille vers L,,,Nuit sans éclairage public,Hors agglomération,Hors intersection,Normale,Deux véhicules - arrière,,,,,,,,,,,3,1,1,1,2.0
201600051072,0016-12-23 14:15:00,16,12,23,14,15,130,55,TVPCD-Sens Les Ports ver,,,Plein jour,Hors agglomération,Hors intersection,Normale,Trois véhicules et plus - en chaîne,,,,,,,,,,,1,1,1,1,4.0
201600051073,0016-12-23 19:30:00,16,12,23,19,30,130,26,A55-Sens*Marseille vers,,,Nuit sans éclairage public,Hors agglomération,Hors intersection,Normale,Deux véhicules - arrière,,,,,,,,,,,3,1,1,1,2.0
201600051074,0016-12-24 02:00:00,16,12,24,2,0,130,117,A7-Sens Lyon vers*Marsei,,,Nuit sans éclairage public,Hors agglomération,Hors intersection,Normale,Deux véhicules - arrière,,,,,,,,,,,3,1,1,1,2.0
201600051075,0016-12-24 13:30:00,16,12,24,13,30,130,55,A50-Sens*Marseille vers,,,Plein jour,Hors agglomération,Hors intersection,Normale,Deux véhicules - côté,,,,,,,,,,,1,1,1,1,3.0
201600051076,0016-12-24 04:40:00,16,12,24,4,40,130,26,A55-Sens*Marseille vers,,,Nuit sans éclairage public,Hors agglomération,Hors intersection,Normale,Deux véhicules - arrière,,,,,,,,,,,3,1,1,1,2.0
201600051077,0016-12-25 17:45:00,16,12,25,17,45,130,71,A55-Sens*Martigues vers,,,Nuit sans éclairage public,Hors agglomération,Hors intersection,Normale,Autre collision,,,,,,,,,,,3,1,1,1,6.0
201600051078,0016-12-25 12:00:00,16,12,25,12,0,130,55,A7-Sens Lyon vers*Marsei,,,Plein jour,Hors agglomération,Hors intersection,Normale,Trois véhicules et plus - en chaîne,,,,,,,,,,,1,1,1,1,4.0
201600051079,0016-12-27 15:30:00,16,12,27,15,30,130,71,A51-Sens Marseille vers,,,Plein jour,Hors agglomération,Hors intersection,Normale,Trois véhicules et plus - en chaîne,,,,,,,,,,,1,1,1,1,4.0
201600051080,0016-12-27 15:45:00,16,12,27,15,45,130,19,A51-Sens*Aix en Provence,,,Plein jour,Hors agglomération,Hors intersection,Normale,Trois véhicules et plus - en chaîne,,,,,,,,,,,1,1,1,1,4.0
201600051081,0016-12-28 04:55:00,16,12,28,4,55,130,19,A51-Sens Aix en Provence,,,Nuit sans éclairage public,Hors agglomération,Hors intersection,Normale,Deux véhicules - côté,,,,,,,,,,,3,1,1,1,3.0
201600051082,0016-12-28 13:20:00,16,12,28,13,20,130,26,A55-Sens*Martigues vers,,,Plein jour,Hors agglomération,Hors intersection,Normale,Autre collision,,,,,,,,,,,1,1,1,1,6.0
201600051083,0016-12-29 00:40:00,16,12,29,0,40,130,15,A51-Sens*Aix en Provence,,,Nuit sans éclairage public,Hors agglomération,Hors intersection,Normale,Deux véhicules - arrière,,,,,,,,,,,3,1,1,1,2.0
201600051084,0016-12-30 11:55:00,16,12,30,11,55,130,55,A55-Sens Martigues vers,,,Plein jour,Hors agglomération,Hors intersection,Normale,Deux véhicules - arrière,,,,,,,,,,,1,1,1,1,2.0
201600051085,0016-08-26 10:32:00,16,8,26,10,32,130,54,P10-Aéroport Marseille,43.44096,5.22542,Plein jour,En agglomération,Hors intersection,Normale,Autre collision,,,,,,,,,,,1,2,1,1,6.0
201600051086,0016-01-03 10:15:00,16,1,3,10,15,750,101,QUAI FRANCOIS MITTERRAND,48.8601,2.33333,Plein jour,En agglomération,Place,Pluie légère,Deux véhicules - côté,,,,,,,,,,,1,2,7,2,3.0
201600051087,0016-01-05 17:10:00,16,1,5,17,10,750,101,", RUE DE CASTIGLIONE",48.8653,2.32728,Nuit avec éclairage allumé,En agglomération,Intersection en Y,Normale,Deux véhicules - côté,,,,,,,,,,,5,2,4,1,3.0
201600051088,0016-01-11 10:30:00,16,1,11,10,30,750,101,"234, RUE DE RIVOLI",48.8653,2.32728,Plein jour,En agglomération,Intersection en T,Pluie légère,Deux véhicules - côté,,,,,,,,,,,1,2,3,2,3.0
201600051089,0016-01-21 12:30:00,16,1,21,12,30,750,101,"202, RUE SAINT HONORE",48.8627,2.33736,Plein jour,En agglomération,Intersection en X,Normale,Autre collision,,,,,,,,,,,1,2,2,1,6.0
201600051090,0016-01-24 04:45:00,16,1,24,4,45,750,101,PLACE DES PYRAMIDES,48.8638,2.33207,Nuit avec éclairage allumé,En agglomération,Place,Pluie légère,Deux véhicules - côté,,,,,,,,,,,5,2,7,2,3.0
201600051091,0016-01-29 12:20:00,16,1,29,12,20,750,102,"6, RUE DE GRAMONT",48.8695,2.33676,Plein jour,En agglomération,Intersection en X,Normale,Autre collision,,,,,,,,,,,1,2,2,1,6.0
201600051092,0016-02-02 06:30:00,16,2,2,6,30,750,101,"110, RUE DE RIVOLI",48.8591,2.34641,Nuit avec éclairage allumé,En agglomération,Intersection en X,Normale,Deux véhicules - côté,,,,,,,,,,,5,2,2,1,3.0
201600051093,0016-02-09 06:10:00,16,2,9,6,10,750,101,RUE CROIX DES PETITS CHA,48.8635,2.33975,Nuit avec éclairage allumé,En agglomération,Intersection en X,Pluie forte,Autre collision,,,,,,,,,,,5,2,2,3,6.0
201600051094,0016-02-12 12:00:00,16,2,12,12,0,750,101,"57, BOULEVARD DE SEBASTO",48.8625,2.35038,Plein jour,En agglomération,Intersection en T,Pluie légère,Sans collision,,,,,,,,,,,1,2,3,2,7.0
201600051095,0016-02-14 10:20:00,16,2,14,10,20,750,101,RUE DU LOUVRE,48.8639,2.34233,Plein jour,En agglomération,Intersection en X,Normale,Sans collision,,,,,,,,,,,1,2,2,1,7.0
201600051096,0016-02-18 14:00:00,16,2,18,14,0,750,101,PLACE DU PALAIS ROYAL,48.863,2.33626,Plein jour,En agglomération,Place,Pluie légère,Autre collision,,,,,,,,,,,1,2,7,2,6.0
201600051097,0016-02-29 15:15:00,16,2,29,15,15,750,101,"190, RUE DE RIVOLI",48.8635,2.33278,Plein jour,En agglomération,Hors intersection,Normale,Autre collision,,,,,,,,,,,1,2,1,1,6.0
201600051098,0016-03-07 13:26:00,16,3,7,13,26,750,101,"4, PLACE VENDOME",48.8666,2.32856,Plein jour,En agglomération,Place,Temps couvert,Sans collision,,,,,,,,,,,1,2,7,8,7.0
201600051099,0016-03-10 09:00:00,16,3,10,9,0,750,108,QUAI DES TUILERIES,48.8642,2.32014,Plein jour,En agglomération,Place,Normale,Deux véhicules - arrière,,,,,,,,,,,1,2,7,1,2.0
201600051100,0016-03-16 10:10:00,16,3,16,10,10,750,101,RUE DE RIVOLI,48.8653,2.32728,Plein jour,En agglomération,Intersection en T,Normale,Deux véhicules - arrière,,,,,,,,,,,1,2,3,1,2.0
201600051101,0016-03-22 12:50:00,16,3,22,12,50,750,101,"02, PLACE DU CHATELET",48.8572,2.34729,Plein jour,En agglomération,Place,Normale,Sans collision,,,,,,,,,,,1,2,7,1,7.0