accident_id,datetime,annee,mois,jour,heure,minute,departement,commune_insee,adresse,latitude,longitude,luminosite,agglomeration,intersection,meteo,collision,nb_vehicules,nb_usagers,nb_indemnes,nb_tues,nb_blesses_hosp,nb_blesses_legers,age_cond_1,age_cond_2,veh_type_cond_1,veh_type_cond_2,lum_code,agg_code,int_code,atm_code,col_code
201600051343,0016-05-27 15:30:00,16,5,27,15,30,750,103,"41, RUE DE BRETAGNE",48.8631,2.36198,Plein jour,En agglomération,Intersection en X,Normale,Autre collision,,,,,,,,,,,1,2,2,1,6.0
201600051344,0016-05-28 23:30:00,16,5,28,23,30,750,103,"97BIS, RUE BEAUBOURG",48.8648,2.35542,Nuit avec éclairage allumé,En agglomération,Intersection en X,Normale,Deux véhicules - arrière,,,,,,,,,,,5,2,2,1,2.0
201600051345,0016-05-31 21:15:00,16,5,31,21,15,750,103,"65, RUE DE BRETAGNE",48.8643,2.36017,Nuit avec éclairage allumé,En agglomération,Hors intersection,Pluie légère,Autre collision,,,,,,,,,,,5,2,1,2,6.0
201600051346,0016-06-05 02:25:00,16,6,5,2,25,750,103,"97, RUE DE TURENNE",48.8615,2.36458,Nuit avec éclairage allumé,En agglomération,Intersection en Y,Pluie légère,Deux véhicules - côté,,,,,,,,,,,5,2,4,2,3.0
201600051347,0016-06-07 18:45:00,16,6,7,18,45,750,103,"64, BOULEVARD DE SEBASTO",48.8641,2.35136,Plein jour,En agglomération,Intersection en T,Normale,Sans collision,,,,,,,,,,,1,2,3,1,7.0
201600051348,0016-06-09 08:50:00,16,6,9,8,50,750,103,"28, RUE DE TURBIGO",48.8645,2.35201,Plein jour,En agglomération,Intersection en T,Normale,Autre collision,,,,,,,,,,,1,2,3,1,6.0
201600051349,0016-06-09 19:25:00,16,6,9,19,25,750,103,"17, BOULEVARD DU TEMPLE",48.8646,2.36581,Plein jour,En agglomération,Intersection en T,Normale,Autre collision,,,,,,,,,,,1,2,3,1,6.0
201600051350,0016-06-10 14:50:00,16,6,10,14,50,750,103,"91, BOULEVARD BEAUMARCHA",48.8594,2.3676,Plein jour,En agglomération,Hors intersection,Normale,Sans collision,,,,,,,,,,,1,2,1,1,7.0
201600051351,0016-06-10 15:45:00,16,6,10,15,45,750,103,"05, BOULEVARD DES FILLES",48.8614,2.36714,Plein jour,En agglomération,Intersection en T,Normale,Deux véhicules - arrière,,,,,,,,,,,1,2,3,1,2.0
201600051352,0016-06-11 15:20:00,16,6,11,15,20,750,103,"130, RUE DU TEMPLE",48.8635,2.35835,Plein jour,En agglomération,Hors intersection,Normale,Autre collision,,,,,,,,,,,1,2,1,1,6.0
201600051353,0016-06-15 15:05:00,16,6,15,15,5,750,103,RUE DE BRETAGNE,48.8647,2.35967,Plein jour,En agglomération,Intersection en X,Normale,Autre collision,,,,,,,,,,,1,2,2,1,6.0
201600051354,0016-06-18 20:20:00,16,6,18,20,20,750,103,"19, BOULEVARD SAINT MART",48.8683,2.35987,Plein jour,En agglomération,Hors intersection,Normale,Deux véhicules - arrière,,,,,,,,,,,1,2,1,1,2.0
201600051355,0016-06-20 11:10:00,16,6,20,11,10,750,103,"99, RUE BEAUBOURG",48.8646,2.35529,Plein jour,En agglomération,Hors intersection,Normale,Autre collision,,,,,,,,,,,1,2,1,1,6.0
201600051356,0016-06-29 17:25:00,16,6,29,17,25,750,103,"11, BOULEVARD DES FILLES",48.8625,2.36688,Plein jour,En agglomération,Intersection en T,Normale,Deux véhicules - arrière,,,,,,,,,,,1,2,3,1,2.0
201600051357,0016-06-30 14:20:00,16,6,30,14,20,750,103,"114, RUE DE TURENNE",48.8632,2.36463,Plein jour,En agglomération,Hors intersection,Temps couvert,Deux véhicules - côté,,,,,,,,,,,1,2,1,8,3.0
201600051358,0016-07-04 08:25:00,16,7,4,8,25,750,102,"78, RUE DE RICHELIEU",48.8697,2.33888,Plein jour,En agglomération,Intersection en T,Normale,Autre collision,,,,,,,,,,,1,2,3,1,6.0
201600051359,0016-07-05 11:30:00,16,7,5,11,30,750,103,"52, RUE RAMBUTEAU",48.8616,2.35205,Plein jour,En agglomération,Intersection en T,Normale,Autre collision,,,,,,,,,,,1,2,3,1,6.0
201600051360,0016-07-05 21:30:00,16,7,5,21,30,750,103,"292, RUE SAINT MARTIN",48.867,2.3544,Nuit avec éclairage allumé,En agglomération,Hors intersection,Normale,Deux véhicules - arrière,,,,,,,,,,,5,2,1,1,2.0
201600051361,0016-07-08 01:20:00,16,7,8,1,20,750,103,"26, RUE DU GRENIER SAINT",48.863,2.35321,Nuit sans éclairage public,En agglomération,Hors intersection,Normale,Deux véhicules - arrière,,,,,,,,,,,3,2,1,1,2.0
201600051362,0016-07-10 14:00:00,16,7,10,14,0,750,103,"13, RUE PAYENNE",48.8583,2.36253,Plein jour,En agglomération,Hors intersection,Normale,Sans collision,,,,,,,,,,,1,2,1,1,7.0
201600051363,0016-07-13 18:30:00,16,7,13,18,30,750,103,"02, RUE PASTOURELLE",48.8618,2.36127,Plein jour,En agglomération,Intersection en X,Normale,Deux véhicules - côté,,,,,,,,,,,1,2,2,1,3.0
201600051364,0016-07-18 13:05:00,16,7,18,13,5,750,103,"41, RUE REAUMUR",48.866,2.35376,Plein jour,En agglomération,Intersection en X,Temps éblouissant,Deux véhicules - côté,,,,,,,,,,,1,2,2,7,3.0
201600051365,0016-07-20 23:20:00,16,7,20,23,20,750,104,QUAI DE L HOTEL DE VILLE,48.8552,2.3528,Nuit avec éclairage allumé,En agglomération,Intersection en X,Normale,Autre collision,,,,,,,,,,,5,2,2,1,6.0
201600051366,0016-07-21 09:20:00,16,7,21,9,20,750,103,BOULEVARD DE SEBASTOPOL,48.8634,2.35094,Plein jour,En agglomération,Intersection en X,Normale,Deux véhicules - côté,,,,,,,,,,,1,2,2,1,3.0
201600051367,0016-07-22 20:50:00,16,7,22,20,50,750,103,"21, PLACE DE LA REPUBLIQ",48.868,2.36223,Crépuscule ou aube,En agglomération,Place,Normale,Autre collision,,,,,,,,,,,2,2,7,1,6.0
201600051368,0016-07-27 14:55:00,16,7,27,14,55,750,103,RUE DU GRENIER SAINT LAZ,48.8627,2.35379,Plein jour,En agglomération,Hors intersection,Normale,Trois véhicules et plus - collisions multiples,,,,,,,,,,,1,2,1,1,5.0
201600051369,0016-07-27 19:55:00,16,7,27,19,55,750,103,"77, BOULEVARD BEAUMARCHA",48.8586,2.3678,Plein jour,En agglomération,Intersection en X,Normale,Deux véhicules - côté,,,,,,,,,,,1,2,2,1,3.0
201600051370,0016-07-31 20:35:00,16,7,31,20,35,750,103,"3, BOULEVARD DES FILLES",48.8614,2.36714,Crépuscule ou aube,En agglomération,Intersection en T,Normale,Deux véhicules - arrière,,,,,,,,,,,2,2,3,1,2.0
201600051371,0016-08-02 11:25:00,16,8,2,11,25,750,103,"91, RUE BEAUBOURG",48.8643,2.3551,Plein jour,En agglomération,Intersection en X,Pluie légère,Trois véhicules et plus - collisions multiples,,,,,,,,,,,1,2,2,2,5.0
201600051372,0016-08-03 18:45:00,16,8,3,18,45,750,103,"177, RUE DU TEMPLE",48.8652,2.36017,Plein jour,En agglomération,Intersection en T,Pluie légère,Autre collision,,,,,,,,,,,1,2,3,2,6.0
201600051373,0016-08-06 08:10:00,16,8,6,8,10,750,104,"32, QUAI DES CELESTINS",48.8526,2.3598,Plein jour,En agglomération,Intersection en T,Normale,Autre collision,,,,,,,,,,,1,2,3,1,6.0
201600051374,0016-08-18 16:40:00,16,8,18,16,40,750,103,"99, BOULEVARD BEAUMARCHA",48.8601,2.36743,Plein jour,En agglomération,Intersection en X,Temps couvert,Sans collision,,,,,,,,,,,1,2,2,8,7.0
201600051375,0016-08-23 15:00:00,16,8,23,15,0,750,103,"25, RUE AUX OURS",48.8634,2.35094,Plein jour,En agglomération,Intersection en X,Normale,Deux véhicules - côté,,,,,,,,,,,1,2,2,1,3.0
201600051376,0016-08-29 17:00:00,16,8,29,17,0,750,103,"76, RUE DE TURENNE",48.8603,2.36455,Plein jour,En agglomération,Intersection en T,Normale,Deux véhicules - arrière,,,,,,,,,,,1,2,3,1,2.0
201600051377,0016-09-02 09:30:00,16,9,2,9,30,750,103,"14, RUE PERREE",48.8649,2.36074,Plein jour,En agglomération,Intersection en T,Normale,Autre collision,,,,,,,,,,,1,2,3,1,6.0
201600051378,0016-09-05 00:10:00,16,9,5,0,10,750,103,"31, RUE REAUMUR",48.8655,2.35571,Nuit avec éclairage allumé,En agglomération,Intersection en X,Pluie légère,Deux véhicules - côté,,,,,,,,,,,5,2,2,2,3.0
201600051379,0016-09-06 19:25:00,16,9,6,19,25,750,103,"378, RUE DU TEMPLE",48.8672,2.36302,Plein jour,En agglomération,Intersection en X,Pluie légère,Sans collision,,,,,,,,,,,1,2,2,2,7.0
201600051380,0016-09-07 11:50:00,16,9,7,11,50,750,103,"36, RUE DE TURBIGO",48.8648,2.35329,Plein jour,En agglomération,Intersection à plus de 4 branches,Normale,Deux véhicules - côté,,,,,,,,,,,1,2,5,1,3.0
201600051381,0016-09-07 17:20:00,16,9,7,17,20,750,103,"43, RUE BEAUBOURG",48.8626,2.35419,Plein jour,En agglomération,Intersection en X,Normale,Autre collision,,,,,,,,,,,1,2,2,1,6.0
201600051382,0016-09-08 11:40:00,16,9,8,11,40,750,103,"32, RUE DU GRENIER SAINT",48.8631,2.35289,Plein jour,En agglomération,Hors intersection,Normale,Autre collision,,,,,,,,,,,1,2,1,1,6.0
201600051383,0016-09-08 21:25:00,16,9,8,21,25,750,103,"33, BOULEVARD SAINT MART",48.8686,2.3582,Nuit avec éclairage allumé,En agglomération,Hors intersection,Normale,Deux véhicules - côté,,,,,,,,,,,5,2,1,1,3.0
201600051384,0016-09-10 15:35:00,16,9,10,15,35,750,103,"5, BOULEVARD DES FILLES",48.8614,2.36714,Plein jour,En agglomération,Intersection en T,Normale,Deux véhicules - arrière,,,,,,,,,,,1,2,3,1,2.0
201600051385,0016-09-15 00:15:00,16,9,15,0,15,750,103,BOULEVARD DE SEBASTOPOL,48.8644,2.3515,Nuit avec éclairage allumé,En agglomération,Intersection en X,Pluie forte,Trois véhicules et plus - collisions multiples,,,,,,,,,,,5,2,2,3,5.0
201600051386,0016-09-17 14:25:00,16,9,17,14,25,750,103,"40, RUE REAUMUR",48.8652,2.35713,Plein jour,En agglomération,Intersection en X,Normale,Autre collision,,,,,,,,,,,1,2,2,1,6.0
201600051387,0016-09-19 21:25:00,16,9,19,21,25,750,101,"22, QUAI DE LA MEGISSERI",48.8585,2.34241,Nuit avec éclairage allumé,En agglomération,Intersection en X,Normale,Autre collision,,,,,,,,,,,5,2,2,1,6.0
201600051388,0016-09-22 10:35:00,16,9,22,10,35,750,103,"41, RUE REAUMUR",48.8659,2.35422,Plein jour,En agglomération,Hors intersection,Normale,Deux véhicules - arrière,,,,,,,,,,,1,2,1,1,2.0
201600051389,0016-09-26 07:50:00,16,9,26,7,50,750,103,"101, RUE DE TURENNE",48.862,2.36454,Plein jour,En agglomération,Intersection à plus de 4 branches,Normale,Autre collision,,,,,,,,,,,1,2,5,1,6.0
201600051390,0016-09-27 14:30:00,16,9,27,14,30,750,103,"90, BOULEVARD DE SEBASTO",48.8662,2.35251,Plein jour,En agglomération,Intersection en X,Normale,Deux véhicules - arrière,,,,,,,,,,,1,2,2,1,2.0
201600051391,0016-09-28 09:45:00,16,9,28,9,45,750,103,"43, RUE REAUMUR",48.866,2.35376,Plein jour,En agglomération,Intersection en X,Normale,Deux véhicules - côté,,,,,,,,,,,1,2,2,1,3.0
201600051392,0016-10-03 10:15:00,16,10,3,10,15,750,103,"222, RUE SAINT MARTIN",48.864,2.3529,Plein jour,En agglomération,Hors intersection,Normale,Autre collision,,,,,,,,,,,1,2,1,1,6.0
201600051393,0016-10-03 20:10:00,16,10,3,20,10,750,103,"13, PLACE DE LA REPUBLIQ",48.8673,2.36338,Nuit avec éclairage allumé,En agglomération,Place,Normale,Autre collision,,,,,,,,,,,5,2,7,1,6.0
201600051394,0016-10-05 08:40:00,16,10,5,8,40,750,101,QUAI DES TUILERIES,48.8631,2.32321,Plein jour,En agglomération,Hors intersection,Normale,Autre collision,,,,,,,,,,,1,2,1,1,6.0
201600051395,0016-10-07 17:40:00,16,10,7,17,40,750,104,"22, RUE DE TURENNE",48.8564,2.36428,Plein jour,En agglomération,Intersection en X,Normale,Autre collision,,,,,,,,,,,1,2,2,1,6.0
201600051396,0016-10-08 19:15:00,16,10,8,19,15,750,103,"180, RUE DU TEMPLE",48.8673,2.36338,Crépuscule ou aube,En agglomération,Place,Normale,Deux véhicules - côté,,,,,,,,,,,2,2,7,1,3.0
201600051397,0016-10-09 15:10:00,16,10,9,15,10,750,103,"52, RUE DE TURBIGO",48.8657,2.35688,Plein jour,En agglomération,Intersection en T,Normale,Autre collision,,,,,,,,,,,1,2,3,1,6.0
201600051398,0016-10-10 14:40:00,16,10,10,14,40,750,103,"93, BOULEVARD BEAUMARCHA",48.8596,2.36755,Plein jour,En agglomération,Hors intersection,Normale,Autre collision,,,,,,,,,,,1,2,1,1,6.0
201600051399,0016-10-11 17:00:00,16,10,11,17,0,750,103,"11, BOULEVARD DU TEMPLE",48.8638,2.36629,Plein jour,En agglomération,Hors intersection,Normale,Autre collision,,,,,,,,,,,1,2,1,1,6.0
201600051400,0016-10-13 18:00:00,16,10,13,18,0,750,103,"6, RUE DU PAS DE LA MULE",48.8559,2.36729,Plein jour,En agglomération,Intersection en X,Normale,Autre collision,,,,,,,,,,,1,2,2,1,6.0
201600051401,0016-10-14 06:15:00,16,10,14,6,15,750,103,"78, BOULEVARD DE SEBASTO",48.8653,2.35199,Nuit avec éclairage allumé,En agglomération,Intersection en X,Normale,Autre collision,,,,,,,,,,,5,2,2,1,6.0
201600051402,0016-10-14 16:15:00,16,10,14,16,15,750,103,"89, RUE DE TURBIGO",48.8668,2.36178,Plein jour,En agglomération,Intersection en T,Normale,Autre collision,,,,,,,,,,,1,2,3,1,6.0
201600051403,0016-10-15 21:10:00,16,10,15,21,10,750,104,"5, BOULEVARD DU PALAIS",48.8551,2.34565,Nuit avec éclairage allumé,En agglomération,Hors intersection,Normale,Deux véhicules - côté,,,,,,,,,,,5,2,1,1,3.0
201600051404,0016-10-17 08:58:00,16,10,17,8,58,750,103,"83, RUE DE TURBIGO",48.8665,2.36089,Plein jour,En agglomération,Hors intersection,Normale,Autre collision,,,,,,,,,,,1,2,1,1,6.0
201600051405,0016-10-18 11:20:00,16,10,18,11,20,750,103,"49, RUE DE BRETAGNE",48.8634,2.36151,Plein jour,En agglomération,Intersection en T,Normale,Deux véhicules - côté,,,,,,,,,,,1,2,3,1,3.0
201600051406,0016-10-19 17:30:00,16,10,19,17,30,750,101,"01, PONT NEUF",48.8585,2.34241,Plein jour,En agglomération,Intersection à plus de 4 branches,Pluie forte,Deux véhicules - arrière,,,,,,,,,,,1,2,5,3,2.0
201600051407,0016-10-21 16:40:00,16,10,21,16,40,750,101,"39, RUE CROIX DES PETITS",48.865,2.34066,Plein jour,En agglomération,Intersection en T,Pluie légère,Sans collision,,,,,,,,,,,1,2,3,2,7.0
201600051408,0016-10-24 14:00:00,16,10,24,14,0,750,103,"21, RUE PASTOURELLE",48.8626,2.3598,Plein jour,En agglomération,Intersection en X,Pluie légère,Autre collision,,,,,,,,,,,1,2,2,2,6.0
201600051409,0016-11-02 14:45:00,16,11,2,14,45,750,103,"79, RUE BEAUBOURG",48.8638,2.35482,Plein jour,En agglomération,Intersection en X,Normale,Autre collision,,,,,,,,,,,1,2,2,1,6.0
201600051410,0016-11-04 19:40:00,16,11,4,19,40,750,103,"47, BOULEVARD BEAUMARCHA",48.8568,2.36824,Nuit avec éclairage allumé,En agglomération,Hors intersection,Pluie légère,Autre collision,,,,,,,,,,,5,2,1,2,6.0
201600051411,0016-11-08 09:10:00,16,11,8,9,10,750,103,"103, BOULEVARD BEAUMARCH",48.8601,2.36743,Plein jour,En agglomération,Intersection en T,Normale,Deux véhicules - arrière,,,,,,,,,,,1,2,3,1,2.0
201600051412,0016-11-10 14:40:00,16,11,10,14,40,750,103,"22, RUE BEAUBOURG",48.8612,2.35345,Plein jour,En agglomération,Intersection en X,Pluie légère,Deux véhicules - arrière,,,,,,,,,,,1,2,2,2,2.0
201600051413,0016-11-10 20:25:00,16,11,10,20,25,750,103,BOULEVARD DES FILLES DU,48.8625,2.36688,Nuit avec éclairage allumé,En agglomération,Intersection en X,Pluie forte,Autre collision,,,,,,,,,,,5,2,2,3,6.0
201600051414,0016-11-12 17:30:00,16,11,12,17,30,750,111,"16, BOULEVARD DES FILLES",48.8615,2.36709,Nuit avec éclairage allumé,En agglomération,Hors intersection,Pluie légère,Autre collision,,,,,,,,,,,5,2,1,2,6.0
201600051415,0016-11-15 04:30:00,16,11,15,4,30,750,103,"89, RUE DE TURBIGO",48.8668,2.36178,Nuit avec éclairage allumé,En agglomération,Intersection en Y,Pluie légère,Autre collision,,,,,,,,,,,5,2,4,2,6.0
201600051416,0016-11-15 12:55:00,16,11,15,12,55,750,103,"207, RUE SAINT MARTIN",48.8643,2.35304,Plein jour,En agglomération,Intersection en X,Normale,Sans collision,,,,,,,,,,,1,2,2,1,7.0
201600051417,0016-11-21 08:45:00,16,11,21,8,45,750,101,"8, QUAI DE LA MEGISSERIE",48.8578,2.34495,Plein jour,En agglomération,Hors intersection,Pluie légère,Deux véhicules - côté,,,,,,,,,,,1,2,1,2,3.0
201600051418,0016-11-21 20:55:00,16,11,21,20,55,750,103,"168, RUE SAINT MARTIN",48.8624,2.35204,Nuit avec éclairage allumé,En agglomération,Intersection en T,Normale,Deux véhicules - côté,,,,,,,,,,,5,2,3,1,3.0
201600051419,0016-11-24 09:20:00,16,11,24,9,20,750,102,"29, BOULEVARD POISSONNIE",48.8715,2.34309,Plein jour,En agglomération,Intersection en X,Normale,Deux véhicules - côté,,,,,,,,,,,1,2,2,1,3.0
201600051420,0016-11-24 18:35:00,16,11,24,18,35,750,103,"33, BOULEVARD DU TEMPLE",48.8653,2.36539,Nuit avec éclairage allumé,En agglomération,Intersection en Y,Normale,Deux véhicules - côté,,,,,,,,,,,5,2,4,1,3.0
201600051421,0016-11-24 19:50:00,16,11,24,19,50,750,103,"207, RUE DU TEMPLE",48.8672,2.36302,Nuit avec éclairage allumé,En agglomération,Intersection en X,Normale,Deux véhicules - côté,,,,,,,,,,,5,2,2,1,3.0
201600051422,0016-11-26 18:45:00,16,11,26,18,45,750,102,"59, RUE REAUMUR",48.8665,2.35109,Nuit avec éclairage allumé,En agglomération,Intersection à plus de 4 branches,Normale,Deux véhicules - côté,,,,,,,,,,,5,2,5,1,3.0
201600051423,0016-11-27 00:25:00,16,11,27,0,25,750,101,"2, QUAI DE LA MEGISSERIE",48.8573,2.34679,Nuit avec éclairage allumé,En agglomération,Place,Normale,Autre collision,,,,,,,,,,,5,2,7,1,6.0
201600051424,0016-11-30 08:00:00,16,11,30,8,0,750,104,"12, QUAI DE GESVRES",48.8567,2.34891,Plein jour,En agglomération,Intersection en X,Normale,Deux véhicules - côté,,,,,,,,,,,1,2,2,1,3.0
201600051425,0016-12-01 08:00:00,16,12,1,8,0,750,104,"6, QUAI DE L HOTEL DE VI",48.8536,2.35718,Plein jour,En agglomération,Hors intersection,Normale,Deux véhicules - arrière,,,,,,,,,,,1,2,1,1,2.0
201600051426,0016-12-02 13:35:00,16,12,2,13,35,750,102,"92, RUE REAUMUR",48.8669,2.34943,Plein jour,En agglomération,Intersection en X,Normale,Deux véhicules - côté,,,,,,,,,,,1,2,2,1,3.0
201600051427,0016-12-03 04:15:00,16,12,3,4,15,750,103,"1, BOULEVARD SAINT DENIS",48.869,2.35558,Nuit avec éclairage allumé,En agglomération,Intersection à plus de 4 branches,Normale,Trois véhicules et plus - collisions multiples,,,,,,,,,,,5,2,5,1,5.0
201600051428,0016-12-03 19:15:00,16,12,3,19,15,750,102,"30, RUE ETIENNE MARCEL",48.8644,2.34667,Nuit avec éclairage allumé,En agglomération,Intersection en X,Normale,Autre collision,,,,,,,,,,,5,2,2,1,6.0
201600051429,0016-12-08 15:00:00,16,12,8,15,0,750,109,"9, RUE BLANCHE",48.8778,2.33198,Plein jour,En agglomération,Intersection à plus de 4 branches,Normale,Deux véhicules - arrière,,,,,,,,,,,1,2,5,1,2.0
201600051430,0016-12-08 18:55:00,16,12,8,18,55,750,103,"3, BOULEVARD DES FILLES",48.861,2.36722,Nuit avec éclairage allumé,En agglomération,Intersection en X,Normale,Autre collision,,,,,,,,,,,5,2,2,1,6.0
201600051431,0016-12-08 21:10:00,16,12,8,21,10,750,103,"26, RUE RAMBUTEAU",48.861,2.35411,Nuit avec éclairage allumé,En agglomération,Hors intersection,Normale,Deux véhicules - frontale,,,,,,,,,,,5,2,1,1,1.0
201600051432,0016-12-12 16:35:00,16,12,12,16,35,750,103,"201, RUE DU TEMPLE",48.8669,2.3622,Nuit avec éclairage allumé,En agglomération,Intersection en T,Pluie légère,Deux véhicules - côté,,,,,,,,,,,5,2,3,2,3.0
201600051433,0016-12-15 08:15:00,16,12,15,8,15,750,101,"7, BOULEVARD DE SEBASTOP",48.8585,2.3482,Plein jour,En agglomération,Intersection en X,Normale,Deux véhicules - côté,,,,,,,,,,,1,2,2,1,3.0
201600051434,0016-12-15 18:30:00,16,12,15,18,30,750,103,"106, BOULEVARD DE SEBAST",48.8682,2.3536,Nuit avec éclairage allumé,En agglomération,Intersection en T,Normale,Deux véhicules - arrière,,,,,,,,,,,5,2,3,1,2.0
201600051435,0016-12-17 14:40:00,16,12,17,14,40,750,104,"21, RUE VIEILLE DU TEMPL",48.8575,2.35751,Plein jour,En agglomération,Hors intersection,Normale,Autre collision,,,,,,,,,,,1,2,1,1,6.0
201600051436,0016-12-17 15:25:00,16,12,17,15,25,750,103,"31BIS, BOULEVARD SAINT M",48.8685,2.35883,Plein jour,En agglomération,Intersection en T,Normale,Sans collision,,,,,,,,,,,1,2,3,1,7.0
201600051437,0016-12-18 17:30:00,16,12,18,17,30,750,103,"100, BOULEVARD DE SEBAST",48.8676,2.35329,Nuit avec éclairage allumé,En agglomération,Intersection en T,Normale,Deux véhicules - côté,,,,,,,,,,,5,2,3,1,3.0
201600051438,0016-12-20 15:25:00,16,12,20,15,25,750,103,"72, RUE DES ARCHIVES",48.8622,2.35939,Plein jour,En agglomération,Hors intersection,Normale,Deux véhicules - côté,,,,,,,,,,,1,2,1,1,3.0
201600051439,0016-12-20 21:05:00,16,12,20,21,5,750,103,"62, RUE REAUMUR",48.866,2.35376,Nuit avec éclairage allumé,En agglomération,Intersection en X,Normale,Autre collision,,,,,,,,,,,5,2,2,1,6.0
201600051440,0016-12-26 14:45:00,16,12,26,14,45,750,102,"281, RUE SAINT DENIS",48.8689,2.35218,Plein jour,En agglomération,Intersection en X,Normale,Deux véhicules - côté,,,,,,,,,,,1,2,2,1,3.0
201600051441,0016-12-28 17:45:00,16,12,28,17,45,750,102,"94, RUE REAUMUR",48.8669,2.34943,Nuit avec éclairage allumé,En agglomération,Intersection en X,Normale,Deux véhicules - côté,,,,,,,,,,,5,2,2,1,3.0
201600051442,0016-12-30 19:15:00,16,12,30,19,15,750,104,"14, RUE DU TEMPLE",48.8583,2.35319,Nuit avec éclairage allumé,En agglomération,Hors intersection,Normale,Autre collision,,,,,,,,,,,5,2,1,1,6.0
201600051443,0016-01-04 21:00:00,16,1,4,21,0,750,104,RUE DE RIVOLI,48.8573,2.35235,Nuit avec éclairage allumé,En agglomération,Intersection en T,Normale,Autre collision,,,,,,,,,,,5,2,3,1,6.0
201600051444,0016-01-07 11:30:00,16,1,7,11,30,750,104,VOIE GEORGES POMPIDOU,48.854,2.35552,Plein jour,En agglomération,Hors intersection,Pluie légère,Deux véhicules - arrière,,,,,,,,,,,1,2,1,2,2.0
201600051445,0016-01-09 04:25:00,16,1,9,4,25,750,104,RUE SAINT MARTIN,48.8573,2.34922,Nuit avec éclairage allumé,En agglomération,Intersection en X,Normale,Autre collision,,,,,,,,,,,5,2,2,1,6.0
201600051446,0016-01-10 09:15:00,16,1,10,9,15,750,104,"21 BIS, BOULEVARD BOURDO",48.8495,2.36664,Plein jour,En agglomération,Hors intersection,Normale,Deux véhicules - arrière,,,,,,,,,,,1,2,1,1,2.0
201600051447,0016-01-15 22:10:00,16,1,15,22,10,750,104,"IV-5258, RUE DE LA CITE",48.8536,2.34707,Nuit avec éclairage allumé,En agglomération,Intersection en X,Normale,Deux véhicules - arrière,,,,,,,,,,,5,2,2,1,2.0
201600051448,0016-01-16 11:50:00,16,1,16,11,50,750,102,BOULEVARD SAINT DENIS,48.8693,2.35421,Plein jour,En agglomération,Intersection en X,Normale,Autre collision,,,,,,,,,,,1,2,2,1,6.0
201600051449,0016-01-16 20:45:00,16,1,16,20,45,750,104,BOULEVARD HENRI IV,48.8521,2.3656,Nuit avec éclairage allumé,En agglomération,Intersection en X,Normale,Deux véhicules - côté,,,,,,,,,,,5,2,2,1,3.0
201600051450,0016-01-18 18:15:00,16,1,18,18,15,750,104,"24, QUAI DES CELESTINS",48.8525,2.36018,Nuit avec éclairage allumé,En agglomération,Hors intersection,Normale,Deux véhicules - arrière,,,,,,,,,,,5,2,1,1,2.0
201600051451,0016-01-26 13:25:00,16,1,26,13,25,750,101,"02, BOULEVARD DU PALAIS",48.8562,2.34643,Plein jour,En agglomération,Intersection en X,Normale,Deux véhicules - côté,,,,,,,,,,,1,2,2,1,3.0
201600051452,0016-01-26 15:35:00,16,1,26,15,35,750,104,"44, QUAI HENRI IV",48.8502,2.36142,Plein jour,En agglomération,Hors intersection,Normale,Deux véhicules - arrière,,,,,,,,,,,1,2,1,1,2.0
201600051453,0016-01-27 20:10:00,16,1,27,20,10,750,104,"111, RUE SAINT ANTOINE",48.8551,2.36104,Nuit avec éclairage allumé,En agglomération,Hors intersection,Pluie légère,Deux véhicules - arrière,,,,,,,,,,,5,2,1,2,2.0
201600051454,0016-01-31 05:55:00,16,1,31,5,55,750,104,VOIE GEORGES POMPIDOU,48.8555,2.35159,Nuit avec éclairage allumé,En agglomération,Hors intersection,Pluie légère,Autre collision,,,,,,,,,,,5,2,1,2,6.0
201600051455,0016-02-01 14:10:00,16,2,1,14,10,750,104,"143, RUE SAINT MARTIN",48.8616,2.35165,Plein jour,En agglomération,Intersection en Y,Normale,Autre collision,,,,,,,,,,,1,2,4,1,6.0
201600051456,0016-02-02 22:21:00,16,2,2,22,21,750,104,"1, PLACE DE LA BASTILLE",48.8529,2.36834,Nuit avec éclairage allumé,En agglomération,Place,Temps couvert,Deux véhicules - côté,,,,,,,,,,,5,2,7,8,3.0
201600051457,0016-02-10 17:27:00,16,2,10,17,27,750,104,QUAI DE GESVRES,48.857,2.34789,Crépuscule ou aube,En agglomération,Hors intersection,Temps couvert,Deux véhicules - côté,,,,,,,,,,,2,2,1,8,3.0
201600051458,0016-02-11 19:15:00,16,2,11,19,15,750,104,"66, QUAI DE L HOTEL DE V",48.8544,2.35494,Nuit avec éclairage allumé,En agglomération,Intersection en X,Normale,Deux véhicules - côté,,,,,,,,,,,5,2,2,1,3.0
201600051459,0016-02-17 14:25:00,16,2,17,14,25,750,103,"13, BOULEVARD DES FILLES",48.8625,2.36688,Plein jour,En agglomération,Intersection en X,Normale,Deux véhicules - côté,,,,,,,,,,,1,2,2,1,3.0
201600051460,0016-02-18 16:15:00,16,2,18,16,15,750,104,"3, PLACE DE LA BASTILLE",48.8533,2.36846,Plein jour,En agglomération,Place,Pluie légère,Deux véhicules - côté,,,,,,,,,,,1,2,7,2,3.0
201600051461,0016-02-20 20:50:00,16,2,20,20,50,750,104,"78, QUAI DE L HOTEL DE V",48.8548,2.354,Nuit avec éclairage allumé,En agglomération,Hors intersection,Normale,Autre collision,,,,,,,,,,,5,2,1,1,6.0