accident_id,datetime,annee,mois,jour,heure,minute,departement,commune_insee,adresse,latitude,longitude,luminosite,agglomeration,intersection,meteo,collision,nb_vehicules,nb_usagers,nb_indemnes,nb_tues,nb_blesses_hosp,nb_blesses_legers,age_cond_1,age_cond_2,veh_type_cond_1,veh_type_cond_2,lum_code,agg_code,int_code,atm_code,col_code
201600051462,0016-02-21 12:20:00,16,2,21,12,20,750,104,"83, RUE SAINT ANTOINE",48.8546,2.36287,Plein jour,En agglomération,Hors intersection,Normale,Autre collision,,,,,,,,,,,1,2,1,1,6.0
201600051463,0016-02-26 19:00:00,16,2,26,19,0,750,104,QUAI DE GESVRES,48.8569,2.34822,Nuit avec éclairage allumé,En agglomération,Intersection en T,Normale,Trois véhicules et plus - en chaîne,,,,,,,,,,,5,2,3,1,4.0
201600051464,0016-02-29 15:00:00,16,2,29,15,0,750,104,"11, RUE DES ECOUFFES",48.8567,2.35853,Plein jour,En agglomération,Hors intersection,Normale,Autre collision,,,,,,,,,,,1,2,1,1,6.0
201600051465,0016-03-01 08:30:00,16,3,1,8,30,750,101,"28, PLACE VENDOME",48.8684,2.33028,Plein jour,En agglomération,Place,Normale,Deux véhicules - côté,,,,,,,,,,,1,2,7,1,3.0
201600051466,0016-03-02 19:35:00,16,3,2,19,35,750,104,"2, QUAI DE GESVRES",48.8561,2.35065,Nuit avec éclairage allumé,En agglomération,Place,Temps couvert,Autre collision,,,,,,,,,,,5,2,7,8,6.0
201600051467,0016-03-04 20:00:00,16,3,4,20,0,750,104,"3, BOULEVARD BEAUMARCHAI",48.8537,2.36896,Nuit avec éclairage allumé,En agglomération,Intersection à plus de 4 branches,Pluie légère,Deux véhicules - côté,,,,,,,,,,,5,2,5,2,3.0
201600051468,0016-03-05 01:30:00,16,3,5,1,30,750,104,"29, RUE DE RIVOLI",48.8572,2.35291,Nuit avec éclairage allumé,En agglomération,Hors intersection,Pluie légère,Autre collision,,,,,,,,,,,5,2,1,2,6.0
201600051469,0016-03-05 20:20:00,16,3,5,20,20,750,109,RUE SAINT LAZARE,48.8768,2.33543,Crépuscule ou aube,En agglomération,Intersection en X,Normale,Deux véhicules - côté,,,,,,,,,,,2,2,2,1,3.0
201600051470,0016-03-05 21:30:00,16,3,5,21,30,750,103,"201, RUE DE TURBIGO",48.8669,2.3622,Nuit avec éclairage allumé,En agglomération,Intersection en Y,Normale,Deux véhicules - côté,,,,,,,,,,,5,2,4,1,3.0
201600051471,0016-03-08 00:25:00,16,3,8,0,25,750,104,"12, QUAI DE GESVRES",48.8567,2.34891,Nuit avec éclairage allumé,En agglomération,Intersection en X,Normale,Deux véhicules - côté,,,,,,,,,,,5,2,2,1,3.0
201600051472,0016-03-11 17:30:00,16,3,11,17,30,750,104,"38, BOULEVARD DE SEBASTO",48.862,2.35013,Plein jour,En agglomération,Intersection en X,Normale,Autre collision,,,,,,,,,,,1,2,2,1,6.0
201600051473,0016-03-11 19:30:00,16,3,11,19,30,750,104,QUAI DES CELESTINS,48.8533,2.35779,Nuit avec éclairage allumé,En agglomération,Intersection en X,Normale,Deux véhicules - frontale,,,,,,,,,,,5,2,2,1,1.0
201600051474,0016-03-12 13:15:00,16,3,12,13,15,750,103,"04, RUE BAILLY",48.8651,2.35617,Plein jour,En agglomération,Hors intersection,Normale,Autre collision,,,,,,,,,,,1,2,1,1,6.0
201600051475,0016-03-17 09:50:00,16,3,17,9,50,750,101,"234, RUE DE RIVOLI",48.8653,2.32728,Plein jour,En agglomération,Intersection en T,Normale,Deux véhicules - arrière,,,,,,,,,,,1,2,3,1,2.0
201600051476,0016-03-17 19:20:00,16,3,17,19,20,750,104,"11, BOULEVARD BOURDON",48.8485,2.36615,Nuit avec éclairage allumé,En agglomération,Hors intersection,Normale,Deux véhicules - côté,,,,,,,,,,,5,2,1,1,3.0
201600051477,0016-03-21 16:30:00,16,3,21,16,30,750,104,BOULEVARD HENRI IV,48.8529,2.36834,Plein jour,En agglomération,Intersection en X,Normale,Deux véhicules - côté,,,,,,,,,,,1,2,2,1,3.0
201600051478,0016-03-23 18:25:00,16,3,23,18,25,750,104,"20, RUE DU RENARD",48.8595,2.35251,Crépuscule ou aube,En agglomération,Intersection en X,Normale,Deux véhicules - arrière,,,,,,,,,,,2,2,2,1,2.0
201600051479,0016-03-24 15:30:00,16,3,24,15,30,750,101,PONT AU CHANGE,48.8563,2.34648,Plein jour,En agglomération,Hors intersection,Normale,Deux véhicules - côté,,,,,,,,,,,1,2,1,1,3.0
201600051480,0016-03-30 18:30:00,16,3,30,18,30,750,104,"18, QUAI HENRI IV",48.8482,2.3633,Crépuscule ou aube,En agglomération,Hors intersection,Pluie légère,Deux véhicules - arrière,,,,,,,,,,,2,2,1,2,2.0
201600051481,0016-04-02 10:40:00,16,4,2,10,40,750,104,"12, RUE SAINT ANTOINE",48.8535,2.3665,Plein jour,En agglomération,Intersection en T,Normale,Deux véhicules - côté,,,,,,,,,,,1,2,3,1,3.0
201600051482,0016-04-03 12:15:00,16,4,3,12,15,750,104,"38, BOULEVARD HENRI IV",48.8523,2.36624,Plein jour,En agglomération,Hors intersection,Normale,Sans collision,,,,,,,,,,,1,2,1,1,7.0
201600051483,0016-04-06 09:35:00,16,4,6,9,35,750,104,"1, RUE DE LA COUTELLERIE",48.8575,2.35141,Plein jour,En agglomération,Intersection à plus de 4 branches,Normale,Deux véhicules - arrière,,,,,,,,,,,1,2,5,1,2.0
201600051484,0016-04-08 09:00:00,16,4,8,9,0,750,104,QUAI DE L HOTEL DE VILLE,48.8552,2.3528,Plein jour,En agglomération,Intersection en T,Normale,Autre collision,,,,,,,,,,,1,2,3,1,6.0
201600051485,0016-04-14 14:20:00,16,4,14,14,20,750,104,PLACE DE LA BASTILLE,48.8529,2.36834,Plein jour,En agglomération,Place,Normale,Deux véhicules - côté,,,,,,,,,,,1,2,7,1,3.0
201600051486,0016-04-14 23:18:00,16,4,14,23,18,750,104,"02, PLACE DU CHATELET",48.8572,2.34729,Nuit avec éclairage allumé,En agglomération,Place,Pluie légère,Deux véhicules - côté,,,,,,,,,,,5,2,7,2,3.0
201600051487,0016-04-18 08:45:00,16,4,18,8,45,750,104,"1, QUAI DE LA CORSE",48.8562,2.34643,Plein jour,En agglomération,Intersection en X,Normale,Autre collision,,,,,,,,,,,1,2,2,1,6.0
201600051488,0016-04-20 20:55:00,16,4,20,20,55,750,104,"54, RUE SAINT ANTOINE",48.8542,2.36404,Nuit avec éclairage allumé,En agglomération,Hors intersection,Normale,Deux véhicules - côté,,,,,,,,,,,5,2,1,1,3.0
201600051489,0016-04-22 11:00:00,16,4,22,11,0,750,104,RUE DU PONT LOUIS PHILIP,48.8546,2.35514,Plein jour,En agglomération,Intersection en X,Normale,Deux véhicules - côté,,,,,,,,,,,1,2,2,1,3.0
201600051490,0016-04-21 21:05:00,16,4,21,21,5,750,104,"9, RUE DE SEVIGNE",48.8559,2.36226,Nuit avec éclairage allumé,En agglomération,Intersection en T,Normale,Deux véhicules - frontale,,,,,,,,,,,5,2,3,1,1.0
201600051491,0016-04-26 08:30:00,16,4,26,8,30,750,101,"102, RUE DE RIVOLI",48.8588,2.34748,Plein jour,En agglomération,Intersection à plus de 4 branches,Temps couvert,Deux véhicules - côté,,,,,,,,,,,1,2,5,8,3.0
201600051492,0016-04-29 14:10:00,16,4,29,14,10,750,104,"27, BOULEVARD BOURDON",48.8509,2.36728,Plein jour,En agglomération,Intersection en T,Normale,Deux véhicules - côté,,,,,,,,,,,1,2,3,1,3.0
201600051493,0016-05-02 11:30:00,16,5,2,11,30,750,104,VOIE GEORGES POMPIDOU,48.8552,2.3528,Plein jour,En agglomération,Intersection en Y,Normale,Deux véhicules - arrière,,,,,,,,,,,1,2,4,1,2.0
201600051494,0016-05-02 19:30:00,16,5,2,19,30,750,101,"02, RUE DE L AMIRAL DE C",48.8595,2.34009,Plein jour,En agglomération,Place,Pluie légère,Deux véhicules - côté,,,,,,,,,,,1,2,7,2,3.0
201600051495,0016-05-04 15:45:00,16,5,4,15,45,750,104,"/, RUE DE RIVOLI",48.8569,2.3538,Plein jour,En agglomération,Intersection en X,Normale,Deux véhicules - côté,,,,,,,,,,,1,2,2,1,3.0
201600051496,0016-05-05 16:30:00,16,5,5,16,30,750,104,PONT DE SULLY,48.8505,2.36028,Plein jour,En agglomération,Hors intersection,Normale,Deux véhicules - arrière,,,,,,,,,,,1,2,1,1,2.0
201600051497,0016-05-09 11:40:00,16,5,9,11,40,750,103,"97, RUE VIEILLE DU TEMPL",48.8601,2.36106,Plein jour,En agglomération,Hors intersection,Normale,Trois véhicules et plus - en chaîne,,,,,,,,,,,1,2,1,1,4.0
201600051498,0016-05-12 20:00:00,16,5,12,20,0,750,104,"25, PLACE DES VOSGES",48.8562,2.36574,Crépuscule ou aube,En agglomération,Place,Pluie légère,Autre collision,,,,,,,,,,,2,2,7,2,6.0
201600051499,0016-05-18 18:05:00,16,5,18,18,5,750,104,"12, QUAI DE GESVRES",48.8567,2.34891,Plein jour,En agglomération,Intersection en X,Pluie forte,Deux véhicules - arrière,,,,,,,,,,,1,2,2,3,2.0
201600051500,0016-05-19 08:35:00,16,5,19,8,35,750,104,"3, RUE DU RENARD",48.8578,2.35156,Plein jour,En agglomération,Hors intersection,Pluie légère,Deux véhicules - arrière,,,,,,,,,,,1,2,1,2,2.0
201600051501,0016-05-19 14:10:00,16,5,19,14,10,750,104,"46, QUAI DES CELESTINS",48.8533,2.35779,Plein jour,En agglomération,Intersection en X,Pluie légère,Deux véhicules - côté,,,,,,,,,,,1,2,2,2,3.0
201600051502,0016-05-20 08:56:00,16,5,20,8,56,750,104,"4, BOULEVARD DE SEBASTOP",48.8587,2.34832,Plein jour,En agglomération,Intersection en T,Normale,Deux véhicules - arrière,,,,,,,,,,,1,2,3,1,2.0
201600051503,0016-05-21 14:30:00,16,5,21,14,30,750,104,RUE DU TEMPLE,48.8597,2.35416,Plein jour,En agglomération,Hors intersection,Normale,Autre collision,,,,,,,,,,,1,2,1,1,6.0
201600051504,0016-05-21 19:55:00,16,5,21,19,55,750,104,"12, BOULEVARD HENRI IV",48.8512,2.36265,Plein jour,En agglomération,Place,Normale,Deux véhicules - côté,,,,,,,,,,,1,2,7,1,3.0
201600051505,0016-05-21 21:00:00,16,5,21,21,0,750,104,"8, RUE DES ARCHIVES",48.8575,2.35421,Crépuscule ou aube,En agglomération,Intersection en X,Normale,Deux véhicules - arrière,,,,,,,,,,,2,2,2,1,2.0
201600051506,0016-05-23 18:20:00,16,5,23,18,20,750,104,"02, RUE DU CLOITRE NOTRE",48.8526,2.35217,Plein jour,En agglomération,Intersection en X,Normale,Autre collision,,,,,,,,,,,1,2,2,1,6.0
201600051507,0016-05-23 18:30:00,16,5,23,18,30,750,104,"01, BOULEVARD DE SEBASTO",48.8577,2.34776,Plein jour,En agglomération,Place,Normale,Autre collision,,,,,,,,,,,1,2,7,1,6.0
201600051508,0016-05-25 06:25:00,16,5,25,6,25,750,104,QUAI DE L HOTEL DE VILLE,48.8552,2.3528,Plein jour,En agglomération,Intersection en T,Normale,Sans collision,,,,,,,,,,,1,2,3,1,7.0
201600051509,0016-05-25 16:20:00,16,5,25,16,20,750,104,"3, PLACE DE LA BASTILLE",48.8533,2.36846,Plein jour,En agglomération,Place,Normale,Deux véhicules - côté,,,,,,,,,,,1,2,7,1,3.0
201600051510,0016-05-30 07:55:00,16,5,30,7,55,750,101,"162, RUE DE RIVOLI",48.8615,2.33907,Plein jour,En agglomération,Intersection en T,Pluie forte,Deux véhicules - frontale,,,,,,,,,,,1,2,3,3,1.0
201600051511,0016-05-31 09:10:00,16,5,31,9,10,750,109,"54, BOULEVARD HAUSSMANN",48.8734,2.32969,Plein jour,En agglomération,Intersection en T,Pluie forte,Sans collision,,,,,,,,,,,1,2,3,3,7.0
201600051512,0016-06-01 14:10:00,16,6,1,14,10,750,104,"/, RUE DU PETIT MUSC",48.8529,2.36453,Plein jour,En agglomération,Hors intersection,Normale,Autre collision,,,,,,,,,,,1,2,1,1,6.0
201600051513,0016-06-02 11:10:00,16,6,2,11,10,750,109,"2, BOULEVARD HAUSSMANN",48.872,2.33998,Plein jour,En agglomération,Intersection en X,Temps couvert,Deux véhicules - côté,,,,,,,,,,,1,2,2,8,3.0
201600051514,0016-06-02 16:18:00,16,6,2,16,18,750,104,"17, RUE SAINT ANTOINE",48.8535,2.3665,Plein jour,En agglomération,Intersection en T,Normale,Autre collision,,,,,,,,,,,1,2,3,1,6.0
201600051515,0016-06-07 17:55:00,16,6,7,17,55,750,104,QUAI DE GESVRES,48.8572,2.34729,Plein jour,En agglomération,Place,Normale,Deux véhicules - côté,,,,,,,,,,,1,2,7,1,3.0
201600051516,0016-06-08 02:00:00,16,6,8,2,0,750,104,"29, RUE DE RIVOLI",48.8569,2.3538,Nuit avec éclairage allumé,En agglomération,Intersection en X,Normale,Deux véhicules - côté,,,,,,,,,,,5,2,2,1,3.0
201600051517,0016-06-09 14:15:00,16,6,9,14,15,750,104,"1 BIS, RUE CRILLON",48.8495,2.3656,Plein jour,En agglomération,Intersection en X,Normale,Deux véhicules - côté,,,,,,,,,,,1,2,2,1,3.0
201600051518,0016-06-10 15:15:00,16,6,10,15,15,750,104,"40, QUAI DES CELESTINS",48.853,2.35861,Plein jour,En agglomération,Hors intersection,Normale,Autre collision,,,,,,,,,,,1,2,1,1,6.0
201600051519,0016-06-15 07:45:00,16,6,15,7,45,750,104,"29, RUE DE RIVOLI",48.8572,2.35291,Plein jour,En agglomération,Hors intersection,Pluie légère,Autre collision,,,,,,,,,,,1,2,1,2,6.0
201600051520,0016-06-15 14:45:00,16,6,15,14,45,750,104,"107, RUE SAINT ANTOINE",48.8551,2.3612,Plein jour,En agglomération,Hors intersection,Normale,Autre collision,,,,,,,,,,,1,2,1,1,6.0
201600051521,0016-06-15 23:45:00,16,6,15,23,45,750,104,QUAI DE L HOTEL DE VILLE,48.8544,2.35494,Nuit avec éclairage allumé,En agglomération,Intersection à plus de 4 branches,Normale,Deux véhicules - côté,,,,,,,,,,,5,2,5,1,3.0
201600051522,0016-06-16 13:30:00,16,6,16,13,30,750,104,"100, RUE SAINT ANTOINE",48.8551,2.36163,Plein jour,En agglomération,Intersection en X,Pluie légère,Deux véhicules - arrière,,,,,,,,,,,1,2,2,2,2.0
201600051523,0016-06-19 00:40:00,16,6,19,0,40,750,104,"10, RUE DU RENARD",48.8587,2.35208,Nuit avec éclairage allumé,En agglomération,Intersection en T,Normale,Autre collision,,,,,,,,,,,5,2,3,1,6.0
201600051524,0016-06-27 18:45:00,16,6,27,18,45,750,101,"65, BOULEVARD DE SEBASTO",48.8634,2.35094,Plein jour,En agglomération,Intersection en X,Pluie légère,Autre collision,,,,,,,,,,,1,2,2,2,6.0
201600051525,0016-06-28 21:00:00,16,6,28,21,0,750,104,"24, BOULEVARD DE SEBASTO",48.8606,2.34934,Crépuscule ou aube,En agglomération,Intersection en X,Normale,Autre collision,,,,,,,,,,,2,2,2,1,6.0
201600051526,0016-07-01 19:10:00,16,7,1,19,10,750,104,"9, BOULEVARD MORLAND",48.8482,2.36497,Plein jour,En agglomération,Intersection en Y,Normale,Deux véhicules - côté,,,,,,,,,,,1,2,4,1,3.0
201600051527,0016-07-06 12:10:00,16,7,6,12,10,750,104,"618, RUE DES ECOUFFES",48.857,2.35877,Plein jour,En agglomération,Hors intersection,Normale,Autre collision,,,,,,,,,,,1,2,1,1,6.0
201600051528,0016-07-06 15:20:00,16,7,6,15,20,750,104,"90, RUE DE RIVOLI",48.8582,2.34907,Plein jour,En agglomération,Intersection en T,Normale,Autre collision,,,,,,,,,,,1,2,3,1,6.0
201600051529,0016-07-07 02:10:00,16,7,7,2,10,750,104,"25, QUAI DE LA CORSE",48.8559,2.34744,Nuit avec éclairage allumé,En agglomération,Place,Normale,Autre collision,,,,,,,,,,,5,2,7,1,6.0
201600051530,0016-07-07 07:30:00,16,7,7,7,30,750,101,"2, RUE EDOUARD COLONNE",48.8581,2.34566,Plein jour,En agglomération,Intersection en T,Normale,Autre collision,,,,,,,,,,,1,2,3,1,6.0
201600051531,0016-07-07 20:20:00,16,7,7,20,20,750,104,"13, RUE SAINT ANTOINE",48.8534,2.36716,Plein jour,En agglomération,Intersection en X,Normale,Deux véhicules - côté,,,,,,,,,,,1,2,2,1,3.0
201600051532,0016-07-08 02:20:00,16,7,8,2,20,750,104,"50, RUE DE RIVOLI",48.8569,2.3538,Nuit avec éclairage allumé,En agglomération,Intersection en X,Normale,Deux véhicules - côté,,,,,,,,,,,5,2,2,1,3.0
201600051533,0016-07-08 23:20:00,16,7,8,23,20,750,104,"82, RUE DE RIVOLI",48.8579,2.35017,Nuit avec éclairage allumé,En agglomération,Intersection en X,Normale,Sans collision,,,,,,,,,,,5,2,2,1,7.0
201600051534,0016-07-10 11:30:00,16,7,10,11,30,750,104,"68, RUE SAINT LOUIS EN L",48.8523,2.35525,Plein jour,En agglomération,Hors intersection,Normale,Autre collision,,,,,,,,,,,1,2,1,1,6.0
201600051535,0016-07-12 12:45:00,16,7,12,12,45,750,104,"01, RUE DE LA COUTELLERI",48.8575,2.35141,Plein jour,En agglomération,Intersection à plus de 4 branches,Normale,Autre collision,,,,,,,,,,,1,2,5,1,6.0
201600051536,0016-07-12 18:55:00,16,7,12,18,55,750,104,"2, RUE DE RIVOLI",48.8551,2.36148,Plein jour,En agglomération,Hors intersection,Normale,Autre collision,,,,,,,,,,,1,2,1,1,6.0
201600051537,0016-07-10 21:40:00,16,7,10,21,40,750,104,PONT MARIE,48.8533,2.35779,Crépuscule ou aube,En agglomération,Intersection en X,Normale,Sans collision,,,,,,,,,,,2,2,2,1,7.0
201600051538,0016-07-17 10:30:00,16,7,17,10,30,750,104,"40, QUAI HENRI IV",48.8497,2.3615,Plein jour,En agglomération,Intersection en T,Normale,Autre collision,,,,,,,,,,,1,2,3,1,6.0
201600051539,0016-07-20 18:15:00,16,7,20,18,15,750,104,RUE DE RIVOLI,48.856,2.35796,Plein jour,En agglomération,Intersection en X,Normale,Deux véhicules - côté,,,,,,,,,,,1,2,2,1,3.0
201600051540,0016-07-20 17:00:00,16,7,20,17,0,750,104,"26, RUE DU RENARD",48.8603,2.35292,Plein jour,En agglomération,Intersection en T,Normale,Deux véhicules - côté,,,,,,,,,,,1,2,3,1,3.0
201600051541,0016-07-21 17:50:00,16,7,21,17,50,750,104,"14, RUE NEUVE SAINT PIER",48.8538,2.36329,Plein jour,En agglomération,Intersection en T,Normale,Autre collision,,,,,,,,,,,1,2,3,1,6.0
201600051542,0016-07-23 15:30:00,16,7,23,15,30,750,104,PONT PETIT PONT,48.8536,2.34707,Plein jour,En agglomération,Intersection en T,Normale,Autre collision,,,,,,,,,,,1,2,3,1,6.0
201600051543,0016-07-25 09:40:00,16,7,25,9,40,750,104,"10, BOULEVARD MORLAND",48.849,2.36447,Plein jour,En agglomération,Intersection en Y,Normale,Deux véhicules - côté,,,,,,,,,,,1,2,4,1,3.0
201600051544,0016-07-25 17:35:00,16,7,25,17,35,750,104,"6, RUE DE LA CITE",48.8536,2.34707,Plein jour,En agglomération,Intersection en T,Normale,Deux véhicules - côté,,,,,,,,,,,1,2,3,1,3.0
201600051545,0016-07-25 18:20:00,16,7,25,18,20,750,104,"42, RUE SAINT ANTOINE",48.8539,2.36478,Plein jour,En agglomération,Intersection en X,Normale,Deux véhicules - côté,,,,,,,,,,,1,2,2,1,3.0
201600051546,0016-07-29 02:40:00,16,7,29,2,40,750,103,"41, BOULEVARD DU TEMPLE",48.8666,2.36467,Nuit avec éclairage allumé,En agglomération,Place,Normale,Autre collision,,,,,,,,,,,5,2,7,1,6.0
201600051547,0016-07-30 05:10:00,16,7,30,5,10,750,104,QUAI DES CELESTINS,48.8514,2.36137,Nuit avec éclairage allumé,En agglomération,Hors intersection,Normale,Autre collision,,,,,,,,,,,5,2,1,1,6.0
201600051548,0016-08-04 12:00:00,16,8,4,12,0,750,104,"14, QUAI HENRI IV",48.8482,2.36356,Plein jour,En agglomération,Hors intersection,Normale,Deux véhicules - côté,,,,,,,,,,,1,2,1,1,3.0
201600051549,0016-08-06 02:10:00,16,8,6,2,10,750,104,"50, RUE DE RIVOLI",48.8569,2.3538,Nuit avec éclairage allumé,En agglomération,Intersection en X,Normale,Deux véhicules - côté,,,,,,,,,,,5,2,2,1,3.0
201600051550,0016-08-10 20:45:00,16,8,10,20,45,750,103,RUE DES FRANCS BOURGEOIS,48.8572,2.36175,Crépuscule ou aube,En agglomération,Intersection en X,Normale,Deux véhicules - côté,,,,,,,,,,,2,2,2,1,3.0
201600051551,0016-08-14 07:37:00,16,8,14,7,37,750,104,"/, PLACE DU CHATELET",48.8577,2.34776,Plein jour,En agglomération,Place,Normale,Autre collision,,,,,,,,,,,1,2,7,1,6.0
201600051552,0016-08-14 13:50:00,16,8,14,13,50,750,104,"17, RUE SAINT ANTOINE",48.8535,2.3665,Plein jour,En agglomération,Intersection en T,Normale,Autre collision,,,,,,,,,,,1,2,3,1,6.0
201600051553,0016-08-18 16:35:00,16,8,18,16,35,750,104,"42, QUAI HENRI IV",48.8497,2.3615,Plein jour,En agglomération,Intersection en T,Temps couvert,Sans collision,,,,,,,,,,,1,2,3,8,7.0
201600051554,0016-08-19 14:35:00,16,8,19,14,35,750,104,"5, BOULEVARD DU PALAIS",48.8551,2.34565,Plein jour,En agglomération,Hors intersection,Pluie légère,Deux véhicules - arrière,,,,,,,,,,,1,2,1,2,2.0
201600051555,0016-08-20 17:40:00,16,8,20,17,40,750,104,"9, RUE DE SEVIGNE",48.8559,2.36226,Plein jour,En agglomération,Intersection en T,Normale,Autre collision,,,,,,,,,,,1,2,3,1,6.0
201600051556,0016-08-22 12:15:00,16,8,22,12,15,750,102,BOULEVARD DE SEBASTOPOL,48.867,2.35294,Plein jour,En agglomération,Intersection en X,Normale,Deux véhicules - côté,,,,,,,,,,,1,2,2,1,3.0
201600051557,0016-08-22 16:35:00,16,8,22,16,35,750,104,RUE RAMBUTEAU,48.8608,2.35457,Plein jour,En agglomération,Hors intersection,Normale,Autre collision,,,,,,,,,,,1,2,1,1,6.0
201600051558,0016-08-22 21:15:00,16,8,22,21,15,750,102,"161, RUE MONTMARTRE",48.8709,2.34284,Nuit avec éclairage allumé,En agglomération,Intersection en T,Normale,Autre collision,,,,,,,,,,,5,2,3,1,6.0
201600051559,0016-08-23 16:45:00,16,8,23,16,45,750,104,"01, RUE DE LA COUTELLERI",48.8575,2.35141,Plein jour,En agglomération,Intersection à plus de 4 branches,Normale,Deux véhicules - côté,,,,,,,,,,,1,2,5,1,3.0
201600051560,0016-08-24 09:50:00,16,8,24,9,50,750,101,"93, RUE DE RIVOLI",48.8626,2.33567,Plein jour,En agglomération,Hors intersection,Normale,Autre collision,,,,,,,,,,,1,2,1,1,6.0
201600051561,0016-08-24 16:30:00,16,8,24,16,30,750,102,BOULEVARD DES CAPUCINES,48.8702,2.32993,Plein jour,En agglomération,Intersection en Y,Normale,Deux véhicules - côté,,,,,,,,,,,1,2,4,1,3.0
201600051562,0016-08-25 10:25:00,16,8,25,10,25,750,104,"43, BOULEVARD HENRI IV",48.8525,2.36672,Plein jour,En agglomération,Intersection en X,Normale,Deux véhicules - côté,,,,,,,,,,,1,2,2,1,3.0
201600051563,0016-08-26 03:00:00,16,8,26,3,0,750,104,RUE DE LOBAU,48.8552,2.3528,Nuit avec éclairage non allumé,En agglomération,Intersection en X,Normale,Autre collision,,,,,,,,,,,4,2,2,1,6.0
201600051564,0016-08-26 20:55:00,16,8,26,20,55,750,101,"/, QUAI DE LA MEGISSERIE",48.8573,2.34679,Nuit avec éclairage allumé,En agglomération,Place,Normale,Deux véhicules - arrière,,,,,,,,,,,5,2,7,1,2.0
201600051565,0016-08-29 20:05:00,16,8,29,20,5,750,104,"3, PLACE DE LA BASTILLE",48.8533,2.36846,Crépuscule ou aube,En agglomération,Place,Normale,Deux véhicules - côté,,,,,,,,,,,2,2,7,1,3.0
201600051566,0016-08-31 14:40:00,16,8,31,14,40,750,101,"16, QUAI DU LOUVRE",48.8587,2.34126,Plein jour,En agglomération,Hors intersection,Normale,Autre collision,,,,,,,,,,,1,2,1,1,6.0
201600051567,0016-09-02 07:05:00,16,9,2,7,5,750,109,BOULEVARD HAUSSMANN,48.8722,2.33829,Plein jour,En agglomération,Intersection en X,Normale,Autre collision,,,,,,,,,,,1,2,2,1,6.0
201600051568,0016-09-02 17:00:00,16,9,2,17,0,750,104,PONT D ARCOLE,48.856,2.35089,Plein jour,En agglomération,Intersection en X,Normale,Autre collision,,,,,,,,,,,1,2,2,1,6.0
201600051569,0016-09-07 11:15:00,16,9,7,11,15,750,104,QUAI DE L HOTEL DE VILLE,48.8554,2.35232,Plein jour,En agglomération,Hors intersection,Normale,Deux véhicules - côté,,,,,,,,,,,1,2,1,1,3.0
201600051570,0016-09-06 21:40:00,16,9,6,21,40,750,104,"38, RUE DE RIVOLI",48.8563,2.35657,Nuit avec éclairage allumé,En agglomération,Intersection en X,Normale,Deux véhicules - arrière,,,,,,,,,,,5,2,2,1,2.0
201600051571,0016-09-08 08:30:00,16,9,8,8,30,750,104,"4, QUAI DES CELESTINS",48.8517,2.3617,Plein jour,En agglomération,Hors intersection,Normale,Autre collision,,,,,,,,,,,1,2,1,1,6.0
201600051572,0016-09-08 16:00:00,16,9,8,16,0,750,104,"3, PLACE DE LA BASTILLE",48.8529,2.36834,Plein jour,En agglomération,Place,Normale,Deux véhicules - côté,,,,,,,,,,,1,2,7,1,3.0
201600051573,0016-09-09 11:20:00,16,9,9,11,20,750,104,"16, RUE SAINT ANTOINE",48.8535,2.3665,Plein jour,En agglomération,Intersection en T,Normale,Deux véhicules - côté,,,,,,,,,,,1,2,3,1,3.0
201600051574,0016-09-11 03:00:00,16,9,11,3,0,750,104,"2, QUAI DE L HOTEL DE VI",48.8533,2.35779,Nuit avec éclairage allumé,En agglomération,Intersection en X,Normale,Autre collision,,,,,,,,,,,5,2,2,1,6.0
201600051575,0016-09-15 10:15:00,16,9,15,10,15,750,104,"1, RUE SAINT PAUL",48.8524,2.36043,Plein jour,En agglomération,Intersection en T,Pluie forte,Sans collision,,,,,,,,,,,1,2,3,3,7.0
201600051576,0016-09-15 12:25:00,16,9,15,12,25,750,104,"6, RUE AGRIPPA D AUBIGNE",48.8499,2.3619,Plein jour,En agglomération,Hors intersection,Temps couvert,Deux véhicules - côté,,,,,,,,,,,1,2,1,8,3.0
201600051577,0016-09-17 06:55:00,16,9,17,6,55,750,104,QUAI HENRI IV,48.8489,2.36252,Plein jour,En agglomération,Intersection en T,Normale,Autre collision,,,,,,,,,,,1,2,3,1,6.0
201600051578,0016-09-21 16:45:00,16,9,21,16,45,750,104,"123, RUE SAINT ANTOINE",48.8552,2.36032,Plein jour,En agglomération,Hors intersection,Normale,Autre collision,,,,,,,,,,,1,2,1,1,6.0
201600051579,0016-09-23 22:30:00,16,9,23,22,30,750,104,"16, QUAI DE GESVRES",48.8572,2.34729,Nuit avec éclairage allumé,En agglomération,Place,Normale,Trois véhicules et plus - en chaîne,,,,,,,,,,,5,2,7,1,4.0
201600051580,0016-09-24 22:30:00,16,9,24,22,30,750,104,"68, QUAI DE L HOTEL DE V",48.8545,2.35454,Nuit avec éclairage allumé,En agglomération,Hors intersection,Normale,Deux véhicules - côté,,,,,,,,,,,5,2,1,1,3.0
201600051581,0016-09-28 21:25:00,16,9,28,21,25,750,104,"76, RUE DE RIVOLI",48.8577,2.35089,Crépuscule ou aube,En agglomération,Hors intersection,Normale,Autre collision,,,,,,,,,,,2,2,1,1,6.0
201600051582,0016-09-30 13:15:00,16,9,30,13,15,750,104,"36, RUE BEAUBOURG",48.8612,2.35345,Plein jour,En agglomération,Intersection en X,Normale,Deux véhicules - côté,,,,,,,,,,,1,2,2,1,3.0
201600051583,0016-10-02 12:13:00,16,10,2,12,13,750,104,"08, RUE DE RIVOLI",48.8552,2.36113,Plein jour,En agglomération,Intersection en T,Normale,Trois véhicules et plus - collisions multiples,,,,,,,,,,,1,2,3,1,5.0