accident_id,datetime,annee,mois,jour,heure,minute,departement,commune_insee,adresse,latitude,longitude,luminosite,agglomeration,intersection,meteo,collision,nb_vehicules,nb_usagers,nb_indemnes,nb_tues,nb_blesses_hosp,nb_blesses_legers,age_cond_1,age_cond_2,veh_type_cond_1,veh_type_cond_2,lum_code,agg_code,int_code,atm_code,col_code
201600051704,0016-06-22 14:00:00,16,6,22,14,0,750,105,"11, QUAI DE MONTEBELLO",48.8518,2.34963,Plein jour,En agglomération,Intersection en T,Normale,Deux véhicules - côté,,,,,,,,,,,1,2,3,1,3.0
201600051705,0016-06-22 20:00:00,16,6,22,20,0,750,105,"34BIS, RUE GEOFFROY SAIN",48.8412,2.35596,Plein jour,En agglomération,Intersection en X,Normale,Autre collision,,,,,,,,,,,1,2,2,1,6.0
201600051706,0016-06-25 04:56:00,16,6,25,4,56,750,105,"137, BOULEVARD SAINT MIC",48.8419,2.33783,Nuit avec éclairage allumé,En agglomération,Hors intersection,Normale,Autre collision,,,,,,,,,,,5,2,1,1,6.0
201600051707,0016-06-25 11:30:00,16,6,25,11,30,750,105,"93, BOULEVARD DE PORT RO",48.8383,2.34203,Plein jour,En agglomération,Intersection en T,Normale,Autre collision,,,,,,,,,,,1,2,3,1,6.0
201600051708,0016-06-27 08:30:00,16,6,27,8,30,750,105,"08, RUE GEOFFROY SAINT H",48.8397,2.35656,Plein jour,En agglomération,Intersection en X,Pluie légère,Deux véhicules - arrière,,,,,,,,,,,1,2,2,2,2.0
201600051709,0016-06-28 20:40:00,16,6,28,20,40,750,105,"2, RUE DANTE",48.8515,2.34721,Plein jour,En agglomération,Intersection en X,Normale,Autre collision,,,,,,,,,,,1,2,2,1,6.0
201600051710,0016-06-29 16:10:00,16,6,29,16,10,750,105,RUE SOUFFLOT,48.8472,2.34171,Plein jour,En agglomération,Hors intersection,Normale,Deux véhicules - arrière,,,,,,,,,,,1,2,1,1,2.0
201600051711,0016-06-29 19:45:00,16,6,29,19,45,750,105,PONT PETIT PONT,48.8531,2.34682,Plein jour,En agglomération,Hors intersection,Normale,Deux véhicules - côté,,,,,,,,,,,1,2,1,1,3.0
201600051712,0016-06-30 00:15:00,16,6,30,0,15,750,105,"40, RUE LACEPEDE",48.8442,2.3504,Nuit avec éclairage allumé,En agglomération,Hors intersection,Normale,Autre collision,,,,,,,,,,,5,2,1,1,6.0
201600051713,0016-06-30 08:20:00,16,6,30,8,20,750,105,"83, RUE MONGE",48.8422,2.35202,Plein jour,En agglomération,Intersection en X,Temps couvert,Deux véhicules - côté,,,,,,,,,,,1,2,2,8,3.0
201600051714,0016-07-01 01:50:00,16,7,1,1,50,750,105,"14, BOULEVARD SAINT GERM",48.8495,2.35439,Nuit avec éclairage allumé,En agglomération,Intersection en X,Normale,Deux véhicules - côté,,,,,,,,,,,5,2,2,1,3.0
201600051715,0016-07-01 18:15:00,16,7,1,18,15,750,105,"1, PLACE PIERRE LAMPUE",48.8413,2.34357,Plein jour,En agglomération,Place,Temps couvert,Deux véhicules - côté,,,,,,,,,,,1,2,7,8,3.0
201600051716,0016-07-04 13:45:00,16,7,4,13,45,750,105,"1, PLACE PAUL PAINLEVE",48.8503,2.3445,Plein jour,En agglomération,Place,Normale,Deux véhicules - côté,,,,,,,,,,,1,2,7,1,3.0
201600051717,0016-07-06 09:50:00,16,7,6,9,50,750,105,"139, BOULEVARD SAINT MIC",48.8417,2.33777,Plein jour,En agglomération,Place,Normale,Deux véhicules - côté,,,,,,,,,,,1,2,7,1,3.0
201600051718,0016-07-06 20:40:00,16,7,6,20,40,750,105,"58, RUE DES ECOLES",48.8499,2.3436,Crépuscule ou aube,En agglomération,Intersection en X,Temps éblouissant,Autre collision,,,,,,,,,,,2,2,2,7,6.0
201600051719,0016-07-07 14:05:00,16,7,7,14,5,750,105,RUE GEOFFROY SAINT HILAI,48.8384,2.35703,Plein jour,En agglomération,Intersection en X,Normale,Deux véhicules - côté,,,,,,,,,,,1,2,2,1,3.0
201600051720,0016-07-07 23:00:00,16,7,7,23,0,750,105,"98, BOULEVARD DE PORT RO",48.8394,2.33755,Nuit avec éclairage allumé,En agglomération,Intersection en X,Normale,Deux véhicules - côté,,,,,,,,,,,5,2,2,1,3.0
201600051721,0016-07-12 14:44:00,16,7,12,14,44,750,105,"12 BIS, AVENUE DES GOBEL",48.8377,2.35117,Plein jour,En agglomération,Hors intersection,Normale,Deux véhicules - côté,,,,,,,,,,,1,2,1,1,3.0
201600051722,0016-07-13 19:20:00,16,7,13,19,20,750,105,"5, RUE DES FOSSES SAINT",48.8491,2.35572,Plein jour,En agglomération,Hors intersection,Normale,Deux véhicules - côté,,,,,,,,,,,1,2,1,1,3.0
201600051723,0016-07-19 20:36:00,16,7,19,20,36,750,105,QUAI SAINT BERNARD,48.8494,2.35682,Plein jour,En agglomération,Intersection en T,Normale,Deux véhicules - arrière,,,,,,,,,,,1,2,3,1,2.0
201600051724,0016-07-23 08:50:00,16,7,23,8,50,750,105,"332, RUE SAINT JACQUES",48.8398,2.34024,Plein jour,En agglomération,Hors intersection,Normale,Deux véhicules - côté,,,,,,,,,,,1,2,1,1,3.0
201600051725,0016-07-27 20:00:00,16,7,27,20,0,750,105,"77, RUE MONGE",48.8427,2.35212,Plein jour,En agglomération,Intersection en X,Normale,Deux véhicules - côté,,,,,,,,,,,1,2,2,1,3.0
201600051726,0016-07-29 17:32:00,16,7,29,17,32,750,105,"69, BOULEVARD SAINT MICH",48.847,2.34061,Plein jour,En agglomération,Intersection en X,Normale,Deux véhicules - côté,,,,,,,,,,,1,2,2,1,3.0
201600051727,0016-07-29 18:45:00,16,7,29,18,45,750,105,"53, RUE MONGE",48.8449,2.35222,Plein jour,En agglomération,Hors intersection,Normale,Deux véhicules - côté,,,,,,,,,,,1,2,1,1,3.0
201600051728,0016-07-29 20:50:00,16,7,29,20,50,750,105,"72, BOULEVARD DE PORT RO",48.8378,2.34461,Crépuscule ou aube,En agglomération,Hors intersection,Normale,Deux véhicules - côté,,,,,,,,,,,2,2,1,1,3.0
201600051729,0016-07-30 23:40:00,16,7,30,23,40,750,105,"17, QUAI DE LA TOURNELLE",48.85,2.35486,Nuit avec éclairage allumé,En agglomération,Intersection en X,Normale,Deux véhicules - côté,,,,,,,,,,,5,2,2,1,3.0
201600051730,0016-07-30 20:00:00,16,7,30,20,0,750,105,"31, QUAI DE LA TOURNELLE",48.8504,2.35354,Plein jour,En agglomération,Intersection en T,Normale,Deux véhicules - côté,,,,,,,,,,,1,2,3,1,3.0
201600051731,0016-07-31 13:35:00,16,7,31,13,35,750,105,"01, PLACE DU PANTHEON",48.8455,2.34685,Plein jour,En agglomération,Place,Normale,Deux véhicules - côté,,,,,,,,,,,1,2,7,1,3.0
201600051732,0016-08-01 20:15:00,16,8,1,20,15,750,105,"281, RUE SAINT JACQUES",48.8404,2.34069,Plein jour,En agglomération,Hors intersection,Normale,Autre collision,,,,,,,,,,,1,2,1,1,6.0
201600051733,0016-08-04 18:20:00,16,8,4,18,20,750,105,"45, RUE CLAUDE BERNARD",48.8403,2.34595,Plein jour,En agglomération,Intersection en X,Normale,Deux véhicules - côté,,,,,,,,,,,1,2,2,1,3.0
201600051734,0016-08-04 21:50:00,16,8,4,21,50,750,105,"19, QUAI SAINT MICHEL",48.8538,2.34427,Nuit avec éclairage allumé,En agglomération,Place,Temps couvert,Autre collision,,,,,,,,,,,5,2,7,8,6.0
201600051735,0016-08-05 14:00:00,16,8,5,14,0,750,105,"29 BIS, RUE MONGE",48.8466,2.35159,Plein jour,En agglomération,Intersection en X,Normale,Deux véhicules - arrière,,,,,,,,,,,1,2,2,1,2.0
201600051736,0016-08-08 08:40:00,16,8,8,8,40,750,105,"84, BOULEVARD SAINT GERM",48.8508,2.34548,Plein jour,En agglomération,Intersection en X,Normale,Autre collision,,,,,,,,,,,1,2,2,1,6.0
201600051737,0016-08-12 22:25:00,16,8,12,22,25,750,105,"94, BOULEVARD SAINT GERM",48.8511,2.34442,Nuit avec éclairage allumé,En agglomération,Intersection en T,Normale,Deux véhicules - arrière,,,,,,,,,,,5,2,3,1,2.0
201600051738,0016-08-13 21:40:00,16,8,13,21,40,750,105,BOULEVARD SAINT MICHEL,48.8525,2.34366,Nuit avec éclairage allumé,En agglomération,Hors intersection,Normale,Autre collision,,,,,,,,,,,5,2,1,1,6.0
201600051739,0016-08-16 21:00:00,16,8,16,21,0,750,105,RUE GEOFFROY SAINT HILAI,48.8396,2.3563,Crépuscule ou aube,En agglomération,Intersection en X,Normale,Deux véhicules - côté,,,,,,,,,,,2,2,2,1,3.0
201600051740,0016-08-16 22:20:00,16,8,16,22,20,750,105,"5, RUE DES PATRIARCHES",48.8412,2.35072,Nuit avec éclairage allumé,En agglomération,Intersection en X,Normale,Autre collision,,,,,,,,,,,5,2,2,1,6.0
201600051741,0016-08-22 09:39:00,16,8,22,9,39,750,105,"100, BOULEVARD SAINT GER",48.8513,2.34349,Plein jour,En agglomération,Intersection en T,Normale,Autre collision,,,,,,,,,,,1,2,3,1,6.0
201600051742,0016-08-25 17:40:00,16,8,25,17,40,750,105,"81, RUE MONGE",48.8422,2.35202,Plein jour,En agglomération,Intersection en X,Normale,Deux véhicules - côté,,,,,,,,,,,1,2,2,1,3.0
201600051743,0016-08-26 18:10:00,16,8,26,18,10,750,105,QUAI SAINT BERNARD,48.8494,2.35682,Plein jour,En agglomération,Intersection à plus de 4 branches,Normale,Deux véhicules - côté,,,,,,,,,,,1,2,5,1,3.0
201600051744,0016-08-28 13:45:00,16,8,28,13,45,750,105,"2, BOULEVARD SAINT MARCE",48.8399,2.36179,Plein jour,En agglomération,Intersection en X,Normale,Deux véhicules - côté,,,,,,,,,,,1,2,2,1,3.0
201600051745,0016-08-28 17:55:00,16,8,28,17,55,750,105,"46, RUE SAINT JACQUES",48.8496,2.34483,Plein jour,En agglomération,Place,Normale,Autre collision,,,,,,,,,,,1,2,7,1,6.0
201600051746,0016-08-31 10:10:00,16,8,31,10,10,750,105,"4, AVENUE DES GOBELINS",48.8384,2.35068,Plein jour,En agglomération,Intersection à plus de 4 branches,Normale,Deux véhicules - côté,,,,,,,,,,,1,2,5,1,3.0
201600051747,0016-08-31 14:20:00,16,8,31,14,20,750,105,"74, RUE MONGE",48.8433,2.35219,Plein jour,En agglomération,Place,Normale,Deux véhicules - côté,,,,,,,,,,,1,2,7,1,3.0
201600051748,0016-09-02 10:10:00,16,9,2,10,10,750,105,"93, BOULEVARD DE PORT RO",48.8379,2.34414,Plein jour,En agglomération,Hors intersection,Normale,Autre collision,,,,,,,,,,,1,2,1,1,6.0
201600051749,0016-09-04 06:15:00,16,9,4,6,15,750,105,"23, AVENUE DES GOBELINS",48.8368,2.35183,Nuit avec éclairage allumé,En agglomération,Intersection à plus de 4 branches,Pluie légère,Deux véhicules - côté,,,,,,,,,,,5,2,5,2,3.0
201600051750,0016-09-07 19:14:00,16,9,7,19,14,750,105,"50, RUE DES ECOLES",48.8496,2.34483,Plein jour,En agglomération,Intersection en X,Normale,Deux véhicules - côté,,,,,,,,,,,1,2,2,1,3.0
201600051751,0016-09-08 03:40:00,16,9,8,3,40,750,105,"19, PLACE DU PANTHEON",48.8459,2.34484,Nuit avec éclairage allumé,En agglomération,Place,Normale,Sans collision,,,,,,,,,,,5,2,7,1,7.0
201600051752,0016-09-09 21:20:00,16,9,9,21,20,750,105,"48, RUE GAY LUSSAC",48.8431,2.3426,Nuit avec éclairage allumé,En agglomération,Intersection en Y,Normale,Autre collision,,,,,,,,,,,5,2,4,1,6.0
201600051753,0016-09-10 17:45:00,16,9,10,17,45,750,105,"4, BOULEVARD DE L HOPITA",48.8428,2.36393,Plein jour,En agglomération,Hors intersection,Normale,Deux véhicules - arrière,,,,,,,,,,,1,2,1,1,2.0
201600051754,0016-09-13 08:14:00,16,9,13,8,14,750,105,"114, RUE MONGE",48.8391,2.35091,Plein jour,En agglomération,Intersection en Y,Normale,Deux véhicules - côté,,,,,,,,,,,1,2,4,1,3.0
201600051755,0016-09-15 13:40:00,16,9,15,13,40,750,105,"43, RUE DAUBENTON",48.8401,2.35021,Plein jour,En agglomération,Hors intersection,Temps couvert,Autre collision,,,,,,,,,,,1,2,1,8,6.0
201600051756,0016-09-16 19:00:00,16,9,16,19,0,750,105,"02, BOULEVARD SAINT MARC",48.8399,2.36179,Crépuscule ou aube,En agglomération,Intersection en T,Pluie forte,Autre collision,,,,,,,,,,,2,2,3,3,6.0
201600051757,0016-09-18 14:53:00,16,9,18,14,53,750,105,QUAI SAINT BERNARD,48.8494,2.35682,Plein jour,En agglomération,Intersection à plus de 4 branches,Temps couvert,Deux véhicules - côté,,,,,,,,,,,1,2,5,8,3.0
201600051758,0016-09-21 17:10:00,16,9,21,17,10,750,105,"20, BOULEVARD SAINT MICH",48.8517,2.34329,Plein jour,En agglomération,Hors intersection,Normale,Deux véhicules - côté,,,,,,,,,,,1,2,1,1,3.0
201600051759,0016-09-22 22:10:00,16,9,22,22,10,750,105,RUE DES ECOLES,48.8496,2.34483,Nuit avec éclairage allumé,En agglomération,Intersection en X,Normale,Deux véhicules - côté,,,,,,,,,,,5,2,2,1,3.0
201600051760,0016-09-25 01:00:00,16,9,25,1,0,750,105,"57, RUE SAINT JACQUES",48.8508,2.34548,Nuit avec éclairage allumé,En agglomération,Intersection en X,Normale,Deux véhicules - côté,,,,,,,,,,,5,2,2,1,3.0
201600051761,0016-09-26 10:40:00,16,9,26,10,40,750,113,"48, BOULEVARD DE L HOPIT",48.8391,2.36115,Plein jour,En agglomération,Intersection en Y,Normale,Deux véhicules - côté,,,,,,,,,,,1,2,4,1,3.0
201600051762,0016-09-27 18:00:00,16,9,27,18,0,750,105,"172, RUE SAINT JACQUES",48.8468,2.34331,Plein jour,En agglomération,Intersection en X,Normale,Autre collision,,,,,,,,,,,1,2,2,1,6.0
201600051763,0016-09-28 23:15:00,16,9,28,23,15,750,105,QUAI SAINT BERNARD,48.8468,2.36095,Nuit avec éclairage allumé,En agglomération,Intersection en T,Normale,Deux véhicules - arrière,,,,,,,,,,,5,2,3,1,2.0
201600051764,0016-10-03 17:30:00,16,10,3,17,30,750,105,"7, PLACE VALHUBERT",48.8443,2.36496,Plein jour,En agglomération,Place,Normale,Autre collision,,,,,,,,,,,1,2,7,1,6.0
201600051765,0016-10-06 19:20:00,16,10,6,19,20,750,105,"02, BOULEVARD DE PORT RO",48.8368,2.35183,Nuit avec éclairage allumé,En agglomération,Intersection à plus de 4 branches,Normale,Deux véhicules - arrière,,,,,,,,,,,5,2,5,1,2.0
201600051766,0016-10-07 07:00:00,16,10,7,7,0,750,105,"56, BOULEVARD SAINT MARC",48.838,2.35582,Crépuscule ou aube,En agglomération,Intersection en X,Normale,Autre collision,,,,,,,,,,,2,2,2,1,6.0
201600051767,0016-10-09 13:55:00,16,10,9,13,55,750,105,"10, RUE DANTE",48.8508,2.34548,Plein jour,En agglomération,Intersection à plus de 4 branches,Normale,Autre collision,,,,,,,,,,,1,2,5,1,6.0
201600051768,0016-10-12 02:25:00,16,10,12,2,25,750,105,QUAI SAINT MICHEL,48.8538,2.34427,Nuit avec éclairage allumé,En agglomération,Place,Normale,Deux véhicules - côté,,,,,,,,,,,5,2,7,1,3.0
201600051769,0016-10-13 08:05:00,16,10,13,8,5,750,105,"5, RUE CLAUDE BERNARD",48.8388,2.34978,Plein jour,En agglomération,Intersection en X,Normale,Autre collision,,,,,,,,,,,1,2,2,1,6.0
201600051770,0016-10-13 19:20:00,16,10,13,19,20,750,105,RUE DES ECOLES,48.8504,2.34267,Crépuscule ou aube,En agglomération,Intersection à plus de 4 branches,Pluie légère,Autre collision,,,,,,,,,,,2,2,5,2,6.0
201600051771,0016-10-13 20:30:00,16,10,13,20,30,750,106,"16, BOULEVARD SAINT MICH",48.8518,2.34336,Nuit avec éclairage allumé,En agglomération,Intersection en T,Normale,Deux véhicules - arrière,,,,,,,,,,,5,2,3,1,2.0
201600051772,0016-10-15 14:33:00,16,10,15,14,33,750,105,"100, BOULEVARD DE PORT R",48.8394,2.33755,Plein jour,En agglomération,Intersection en X,Normale,Deux véhicules - côté,,,,,,,,,,,1,2,2,1,3.0
201600051773,0016-10-20 18:30:00,16,10,20,18,30,750,105,"2, AVENUE DES GOBELINS",48.8384,2.35068,Crépuscule ou aube,En agglomération,Intersection à plus de 4 branches,Normale,Deux véhicules - côté,,,,,,,,,,,2,2,5,1,3.0
201600051774,0016-10-23 19:28:00,16,10,23,19,28,750,105,"/, BOULEVARD SAINT GERMA",48.8514,2.34314,Nuit avec éclairage allumé,En agglomération,Intersection en X,Pluie légère,Deux véhicules - côté,,,,,,,,,,,5,2,2,2,3.0
201600051775,0016-10-30 14:38:00,16,10,30,14,38,750,105,"27, QUAI DE LA TOURNELLE",48.8503,2.35397,Plein jour,En agglomération,Hors intersection,Normale,Autre collision,,,,,,,,,,,1,2,1,1,6.0
201600051776,0016-11-01 15:30:00,16,11,1,15,30,750,105,RUE SAINT JACQUES,48.8508,2.34548,Plein jour,En agglomération,Intersection à plus de 4 branches,Normale,Autre collision,,,,,,,,,,,1,2,5,1,6.0
201600051777,0016-11-01 19:10:00,16,11,1,19,10,750,105,"125, BOULEVARD SAINT MIC",48.8428,2.33831,Nuit avec éclairage allumé,En agglomération,Hors intersection,Normale,Deux véhicules - côté,,,,,,,,,,,5,2,1,1,3.0
201600051778,0016-11-10 13:55:00,16,11,10,13,55,750,105,"24, RUE JUSSIEU",48.8465,2.35457,Plein jour,En agglomération,Intersection en Y,Pluie légère,Autre collision,,,,,,,,,,,1,2,4,2,6.0
201600051779,0016-11-10 20:45:00,16,11,10,20,45,750,105,"18, PLACE MAUBERT",48.8504,2.34878,Nuit avec éclairage allumé,En agglomération,Place,Pluie légère,Autre collision,,,,,,,,,,,5,2,7,2,6.0
201600051780,0016-11-11 18:57:00,16,11,11,18,57,750,105,"24, RUE DES FOSSES SAINT",48.8483,2.35456,Crépuscule ou aube,En agglomération,Hors intersection,Normale,Deux véhicules - côté,,,,,,,,,,,2,2,1,1,3.0
201600051781,0016-11-12 21:40:00,16,11,12,21,40,750,105,"29, RUE MONGE",48.8466,2.35159,Nuit avec éclairage allumé,En agglomération,Intersection en X,Pluie légère,Deux véhicules - frontale,,,,,,,,,,,5,2,2,2,1.0
201600051782,0016-11-13 04:20:00,16,11,13,4,20,750,105,"47 TER, BOULEVARD SAINT",48.85,2.34881,Nuit avec éclairage allumé,En agglomération,Place,Pluie légère,Deux véhicules - côté,,,,,,,,,,,5,2,7,2,3.0
201600051783,0016-11-16 19:40:00,16,11,16,19,40,750,105,"7, QUAI SAINT BERNARD",48.8478,2.35945,Nuit avec éclairage allumé,En agglomération,Hors intersection,Normale,Autre collision,,,,,,,,,,,5,2,1,1,6.0
201600051784,0016-11-17 14:00:00,16,11,17,14,0,750,105,"32, RUE DES FOSSES SAINT",48.846,2.34322,Plein jour,En agglomération,Hors intersection,Normale,Autre collision,,,,,,,,,,,1,2,1,1,6.0
201600051785,0016-11-18 12:20:00,16,11,18,12,20,750,105,"57, BOULEVARD SAINT MICH",48.8477,2.34103,Plein jour,En agglomération,Intersection en Y,Normale,Deux véhicules - côté,,,,,,,,,,,1,2,4,1,3.0
201600051786,0016-11-20 00:52:00,16,11,20,0,52,750,105,"36 TER, RUE GEOFFROY SAI",48.842,2.35562,Nuit avec éclairage allumé,En agglomération,Hors intersection,Pluie légère,Autre collision,,,,,,,,,,,5,2,1,2,6.0
201600051787,0016-11-23 01:55:00,16,11,23,1,55,750,105,BOULEVARD DE L HOPITAL,48.8437,2.36457,Nuit avec éclairage allumé,En agglomération,Place,Pluie forte,Autre collision,,,,,,,,,,,5,2,7,3,6.0
201600051788,0016-11-23 08:50:00,16,11,23,8,50,750,105,", RUE JUSSIEU",48.8475,2.3527,Plein jour,En agglomération,Intersection à plus de 4 branches,Pluie légère,Deux véhicules - côté,,,,,,,,,,,1,2,5,2,3.0
201600051789,0016-11-25 19:30:00,16,11,25,19,30,750,105,"82, RUE MONGE",48.8422,2.35202,Nuit avec éclairage allumé,En agglomération,Intersection en X,Normale,Deux véhicules - côté,,,,,,,,,,,5,2,2,1,3.0
201600051790,0016-11-28 10:40:00,16,11,28,10,40,750,105,"95, RUE MONGE",48.8422,2.35202,Plein jour,En agglomération,Intersection en X,Normale,Deux véhicules - arrière,,,,,,,,,,,1,2,2,1,2.0
201600051791,0016-11-29 16:03:00,16,11,29,16,3,750,105,PONT DE LA TOURNELLE,48.85,2.35486,Plein jour,En agglomération,Intersection en X,Normale,Autre collision,,,,,,,,,,,1,2,2,1,6.0
201600051792,0016-11-30 15:30:00,16,11,30,15,30,750,105,BOULEVARD SAINT MARCEL,48.8395,2.36026,Plein jour,En agglomération,Hors intersection,Normale,Sans collision,,,,,,,,,,,1,2,1,1,7.0
201600051793,0016-11-30 17:50:00,16,11,30,17,50,750,105,"30, RUE DU CARDINAL LEMO",48.8475,2.3527,Nuit avec éclairage allumé,En agglomération,Intersection en X,Normale,Autre collision,,,,,,,,,,,5,2,2,1,6.0
201600051794,0016-12-01 20:10:00,16,12,1,20,10,750,105,"82, BOULEVARD SAINT MARC",48.8372,2.35321,Nuit avec éclairage allumé,En agglomération,Hors intersection,Normale,Autre collision,,,,,,,,,,,5,2,1,1,6.0
201600051795,0016-12-01 23:00:00,16,12,1,23,0,750,105,"42, BOULEVARD SAINT MARC",48.8384,2.35703,Nuit avec éclairage allumé,En agglomération,Intersection à plus de 4 branches,Normale,Autre collision,,,,,,,,,,,5,2,5,1,6.0
201600051796,0016-12-06 04:20:00,16,12,6,4,20,750,105,"01, PLACE PAUL PAINLEVE",48.8503,2.34381,Nuit avec éclairage allumé,En agglomération,Place,Normale,Deux véhicules - côté,,,,,,,,,,,5,2,7,1,3.0
201600051797,0016-12-07 21:30:00,16,12,7,21,30,750,105,"34, BOULEVARD SAINT MARC",48.8389,2.35857,Nuit avec éclairage allumé,En agglomération,Intersection en T,Normale,Autre collision,,,,,,,,,,,5,2,3,1,6.0
201600051798,0016-12-10 23:25:00,16,12,10,23,25,750,105,"42, RUE SAINT JACQUES",48.8496,2.34483,Nuit avec éclairage allumé,En agglomération,Intersection en X,Normale,Deux véhicules - côté,,,,,,,,,,,5,2,2,1,3.0
201600051799,0016-12-13 23:00:00,16,12,13,23,0,750,105,"2, RUE DE BAZEILLES",48.8384,2.35068,Nuit avec éclairage allumé,En agglomération,Place,Normale,Autre collision,,,,,,,,,,,5,2,7,1,6.0
201600051800,0016-12-19 20:45:00,16,12,19,20,45,750,105,"92, BOULEVARD SAINT MARC",48.8368,2.35183,Nuit avec éclairage allumé,En agglomération,Intersection à plus de 4 branches,Normale,Autre collision,,,,,,,,,,,5,2,5,1,6.0
201600051801,0016-12-21 18:00:00,16,12,21,18,0,750,105,BOULEVARD SAINT GERMAIN,48.8514,2.34314,Nuit avec éclairage allumé,En agglomération,Intersection en X,Pluie légère,Autre collision,,,,,,,,,,,5,2,2,2,6.0
201600051802,0016-12-24 10:30:00,16,12,24,10,30,750,105,"95, RUE MONGE",48.8417,2.35195,Plein jour,En agglomération,Intersection en T,Normale,Deux véhicules - arrière,,,,,,,,,,,1,2,3,1,2.0
201600051803,0016-12-26 19:10:00,16,12,26,19,10,750,105,"98, BOULEVARD SAINT GERM",48.8514,2.34314,Nuit avec éclairage allumé,En agglomération,Intersection en T,Temps couvert,Deux véhicules - côté,,,,,,,,,,,5,2,3,8,3.0
201600051804,0016-12-27 08:30:00,16,12,27,8,30,750,105,"1, BOULEVARD DE L HOPITA",48.8437,2.36457,Plein jour,En agglomération,Place,Normale,Deux véhicules - arrière,,,,,,,,,,,1,2,7,1,2.0
201600051805,0016-12-30 07:37:00,16,12,30,7,37,750,105,"1, QUAI DE LA TOURNELLE",48.8494,2.35682,Nuit avec éclairage allumé,En agglomération,Intersection en X,Brouillard / fumée,Deux véhicules - arrière,,,,,,,,,,,5,2,2,5,2.0
201600051806,0016-12-30 13:05:00,16,12,30,13,5,750,105,"21, RUE DES CARMES",48.8481,2.34707,Plein jour,En agglomération,Intersection à plus de 4 branches,Normale,Autre collision,,,,,,,,,,,1,2,5,1,6.0
201600051807,0016-12-31 18:05:00,16,12,31,18,5,750,105,"01, RUE MONGE",48.8498,2.34896,Nuit avec éclairage allumé,En agglomération,Intersection à plus de 4 branches,Temps couvert,Autre collision,,,,,,,,,,,5,2,5,8,6.0
201600051808,0016-01-05 08:00:00,16,1,5,8,0,750,105,"60, RUE DES ECOLES",48.8498,2.34423,Crépuscule ou aube,En agglomération,Place,Pluie légère,Autre collision,,,,,,,,,,,2,2,7,2,6.0
201600051809,0016-01-05 18:20:00,16,1,5,18,20,750,106,"42, RUE DU CHERCHE MIDI",48.8497,2.3266,Nuit avec éclairage allumé,En agglomération,Intersection en T,Normale,Autre collision,,,,,,,,,,,5,2,3,1,6.0
201600051810,0016-01-06 07:20:00,16,1,6,7,20,750,106,RUE AUGUSTE COMTE,48.8441,2.33815,Crépuscule ou aube,En agglomération,Hors intersection,Normale,Autre collision,,,,,,,,,,,2,2,1,1,6.0
201600051811,0016-01-07 12:28:00,16,1,7,12,28,750,106,"67, RUE DE RENNES",48.8516,2.33107,Plein jour,En agglomération,Intersection en X,Pluie légère,Deux véhicules - côté,,,,,,,,,,,1,2,2,2,3.0
201600051812,0016-01-07 16:30:00,16,1,7,16,30,750,106,"175, BOULEVARD SAINT GER",48.8545,2.33044,Plein jour,En agglomération,Intersection en T,Temps couvert,Autre collision,,,,,,,,,,,1,2,3,8,6.0
201600051813,0016-01-08 12:50:00,16,1,8,12,50,750,106,"8, RUE JACOB",48.8548,2.33608,Plein jour,En agglomération,Intersection en T,Normale,Autre collision,,,,,,,,,,,1,2,3,1,6.0
201600051814,0016-01-09 13:35:00,16,1,9,13,35,750,106,"20, RUE SAINT SULPICE",48.8515,2.33704,Plein jour,En agglomération,Intersection en X,Normale,Autre collision,,,,,,,,,,,1,2,2,1,6.0
201600051815,0016-01-11 13:20:00,16,1,11,13,20,750,106,BOULEVARD SAINT GERMAIN,48.8517,2.34198,Plein jour,En agglomération,Intersection en X,Normale,Deux véhicules - côté,,,,,,,,,,,1,2,2,1,3.0
201600051816,0016-01-15 20:30:00,16,1,15,20,30,750,106,"78, BOULEVARD RASPAIL",48.848,2.32774,Nuit avec éclairage allumé,En agglomération,Intersection en X,Normale,Deux véhicules - côté,,,,,,,,,,,5,2,2,1,3.0
201600051817,0016-01-16 15:15:00,16,1,16,15,15,750,106,RUE DE RENNES,48.8524,2.33182,Plein jour,En agglomération,Intersection en X,Normale,Deux véhicules - arrière,,,,,,,,,,,1,2,2,1,2.0
201600051818,0016-01-18 14:15:00,16,1,18,14,15,750,106,"13, RUE DU VIEUX COLOMBI",48.8516,2.33107,Plein jour,En agglomération,Intersection en X,Normale,Trois véhicules et plus - en chaîne,,,,,,,,,,,1,2,2,1,4.0
201600051819,0016-01-19 11:20:00,16,1,19,11,20,750,106,"18, RUE SAINT SULPICE",48.8515,2.33704,Plein jour,En agglomération,Intersection en X,Normale,Deux véhicules - arrière,,,,,,,,,,,1,2,2,1,2.0
201600051820,0016-01-20 13:00:00,16,1,20,13,0,750,106,"57, BOULEVARD DU MONTPAR",48.8441,2.3231,Plein jour,En agglomération,Place,Normale,Autre collision,,,,,,,,,,,1,2,7,1,6.0
201600051821,0016-01-21 01:53:00,16,1,21,1,53,750,106,"23, QUAI DE CONTI",48.8576,2.33753,Nuit avec éclairage allumé,En agglomération,Hors intersection,Normale,Autre collision,,,,,,,,,,,5,2,1,1,6.0
201600051822,0016-01-22 15:05:00,16,1,22,15,5,750,106,"--, RUE DE L ANCIENNE CO",48.8528,2.33869,Plein jour,En agglomération,Hors intersection,Normale,Deux véhicules - arrière,,,,,,,,,,,1,2,1,1,2.0