accident_id,datetime,annee,mois,jour,heure,minute,departement,commune_insee,adresse,latitude,longitude,luminosite,agglomeration,intersection,meteo,collision,nb_vehicules,nb_usagers,nb_indemnes,nb_tues,nb_blesses_hosp,nb_blesses_legers,age_cond_1,age_cond_2,veh_type_cond_1,veh_type_cond_2,lum_code,agg_code,int_code,atm_code,col_code
201600051823,0016-01-23 21:50:00,16,1,23,21,50,750,106,"29, BOULEVARD DU MONTPAR",48.8451,2.32016,Nuit avec éclairage allumé,En agglomération,Intersection à plus de 4 branches,Normale,Autre collision,,,,,,,,,,,5,2,5,1,6.0
201600051824,0016-01-25 12:30:00,16,1,25,12,30,750,106,PLACE PAUL CLAUDEL,48.8491,2.339,Plein jour,En agglomération,Place,Normale,Deux véhicules - côté,,,,,,,,,,,1,2,7,1,3.0
201600051825,0016-01-25 17:50:00,16,1,25,17,50,750,106,"74, RUE D ASSAS",48.8449,2.33238,Nuit avec éclairage allumé,En agglomération,Intersection en Y,Normale,Autre collision,,,,,,,,,,,5,2,4,1,6.0
201600051826,0016-01-29 19:35:00,16,1,29,19,35,750,106,"71, BOULEVARD DU MONTPAR",48.8436,2.32458,Nuit avec éclairage allumé,En agglomération,Place,Normale,Autre collision,,,,,,,,,,,5,2,7,1,6.0
201600051827,0016-02-06 14:45:00,16,2,6,14,45,750,106,"139, RUE DE RENNES",48.8462,2.32613,Plein jour,En agglomération,Hors intersection,Normale,Autre collision,,,,,,,,,,,1,2,1,1,6.0
201600051828,0016-02-08 18:35:00,16,2,8,18,35,750,106,"95, RUE DE RENNES",48.8495,2.32921,Nuit avec éclairage allumé,En agglomération,Hors intersection,Normale,Deux véhicules - côté,,,,,,,,,,,5,2,1,1,3.0
201600051829,0016-02-12 18:40:00,16,2,12,18,40,750,106,"48, BOULEVARD RASPAIL",48.8514,2.32681,Nuit avec éclairage allumé,En agglomération,Intersection à plus de 4 branches,Normale,Autre collision,,,,,,,,,,,5,2,5,1,6.0
201600051830,0016-02-13 09:35:00,16,2,13,9,35,750,106,"02, RUE DE L ANCIENNE CO",48.8536,2.33839,Plein jour,En agglomération,Place,Pluie légère,Autre collision,,,,,,,,,,,1,2,7,2,6.0
201600051831,0016-02-15 15:05:00,16,2,15,15,5,750,106,"02, RUE SAINT PLACIDE",48.8502,2.32409,Plein jour,En agglomération,Intersection en X,Normale,Autre collision,,,,,,,,,,,1,2,2,1,6.0
201600051832,0016-02-15 16:00:00,16,2,15,16,0,750,106,"71, RUE DE RENNES",48.8436,2.32458,Plein jour,En agglomération,Place,Normale,Deux véhicules - côté,,,,,,,,,,,1,2,7,1,3.0
201600051833,0016-02-16 10:10:00,16,2,16,10,10,750,106,"43, RUE DES SAINTS PERES",48.8563,2.33165,Plein jour,En agglomération,Intersection en X,Normale,Deux véhicules - côté,,,,,,,,,,,1,2,2,1,3.0
201600051834,0016-02-16 16:00:00,16,2,16,16,0,750,106,"18, BOULEVARD SAINT MICH",48.8518,2.34336,Plein jour,En agglomération,Intersection en T,Normale,Deux véhicules - arrière,,,,,,,,,,,1,2,3,1,2.0
201600051835,0016-02-17 13:50:00,16,2,17,13,50,750,106,"7, RUE DU VIEUX COLOMBIE",48.8514,2.33201,Plein jour,En agglomération,Intersection en T,Normale,Deux véhicules - côté,,,,,,,,,,,1,2,3,1,3.0
201600051836,0016-03-01 17:40:00,16,3,1,17,40,750,106,"64, BOULEVARD SAINT MICH",48.8477,2.34103,Plein jour,En agglomération,Intersection en Y,Pluie légère,Autre collision,,,,,,,,,,,1,2,4,2,6.0
201600051837,0016-03-01 16:45:00,16,3,1,16,45,750,106,"25, BOULEVARD DU MONTPAR",48.8451,2.32016,Plein jour,En agglomération,Intersection à plus de 4 branches,Pluie légère,Deux véhicules - côté,,,,,,,,,,,1,2,5,2,3.0
201600051838,0016-03-01 23:59:00,16,3,1,23,59,750,106,RUE DE SEVRES,48.8514,2.32681,Nuit avec éclairage allumé,En agglomération,Intersection à plus de 4 branches,Pluie légère,Deux véhicules - côté,,,,,,,,,,,5,2,5,2,3.0
201600051839,0016-03-02 12:40:00,16,3,2,12,40,750,106,"79, RUE DE SEVRES",48.8498,2.32324,Plein jour,En agglomération,Intersection en T,Normale,Autre collision,,,,,,,,,,,1,2,3,1,6.0
201600051840,0016-03-03 22:00:00,16,3,3,22,0,750,106,"71, BOULEVARD DU MONTPAR",48.8436,2.32458,Nuit avec éclairage allumé,En agglomération,Place,Normale,Deux véhicules - côté,,,,,,,,,,,5,2,7,1,3.0
201600051841,0016-03-04 16:10:00,16,3,4,16,10,750,106,"89, RUE DU CHERCHE MIDI",48.8473,2.32221,Plein jour,En agglomération,Hors intersection,Normale,Deux véhicules - côté,,,,,,,,,,,1,2,1,1,3.0
201600051842,0016-03-07 13:55:00,16,3,7,13,55,750,106,PLACE EDMOND ROSTAND,48.8474,2.34082,Plein jour,En agglomération,Place,Normale,Deux véhicules - arrière,,,,,,,,,,,1,2,7,1,2.0
201600051843,0016-03-10 14:25:00,16,3,10,14,25,750,106,PLACE LE CORBUSIER,48.8514,2.32681,Plein jour,En agglomération,Place,Normale,Sans collision,,,,,,,,,,,1,2,7,1,7.0
201600051844,0016-03-16 22:30:00,16,3,16,22,30,750,106,"96, BOULEVARD RASPAIL",48.8461,2.32826,Nuit avec éclairage allumé,En agglomération,Hors intersection,Normale,Deux véhicules - arrière,,,,,,,,,,,5,2,1,1,2.0
201600051845,0016-03-17 07:45:00,16,3,17,7,45,750,106,RUE D ASSAS,48.8443,2.33299,Plein jour,En agglomération,Intersection en X,Normale,Autre collision,,,,,,,,,,,1,2,2,1,6.0
201600051846,0016-03-18 21:00:00,16,3,18,21,0,750,106,"1, RUE DU CHERCHE MIDI",48.8521,2.32976,Nuit avec éclairage allumé,En agglomération,Intersection à plus de 4 branches,Normale,Deux véhicules - côté,,,,,,,,,,,5,2,5,1,3.0
201600051847,0016-03-19 02:00:00,16,3,19,2,0,750,106,"11, QUAI DE CONTI",48.8568,2.33927,Nuit avec éclairage allumé,En agglomération,Hors intersection,Normale,Autre collision,,,,,,,,,,,5,2,1,1,6.0
201600051848,0016-03-19 13:30:00,16,3,19,13,30,750,106,"1, QUAI DE CONTI",48.8561,2.34044,Plein jour,En agglomération,Intersection à plus de 4 branches,Normale,Deux véhicules - côté,,,,,,,,,,,1,2,5,1,3.0
201600051849,0016-03-28 12:20:00,16,3,28,12,20,750,105,"139, BOULEVARD SAINT MIC",48.8417,2.33777,Plein jour,En agglomération,Place,Pluie légère,Deux véhicules - arrière,,,,,,,,,,,1,2,7,2,2.0
201600051850,0016-03-29 19:30:00,16,3,29,19,30,750,105,"137, BOULEVARD SAINT MIC",48.8417,2.33777,Plein jour,En agglomération,Place,Pluie légère,Autre collision,,,,,,,,,,,1,2,7,2,6.0
201600051851,0016-03-31 11:45:00,16,3,31,11,45,750,106,"09, RUE DE MEDICIS",48.8483,2.33951,Plein jour,En agglomération,Hors intersection,Pluie légère,Deux véhicules - arrière,,,,,,,,,,,1,2,1,2,2.0
201600051852,0016-04-07 18:50:00,16,4,7,18,50,750,106,"36, RUE D ASSAS",48.8478,2.32953,Plein jour,En agglomération,Intersection en X,Normale,Deux véhicules - côté,,,,,,,,,,,1,2,2,1,3.0
201600051853,0016-04-08 17:10:00,16,4,8,17,10,750,106,"155 BIS, RUE DE RENNES",48.8451,2.32509,Plein jour,En agglomération,Hors intersection,Normale,Deux véhicules - côté,,,,,,,,,,,1,2,1,1,3.0
201600051854,0016-04-10 23:40:00,16,4,10,23,40,750,106,QUAI DE CONTI,48.8576,2.33765,Nuit avec éclairage allumé,En agglomération,Place,Normale,Deux véhicules - côté,,,,,,,,,,,5,2,7,1,3.0
201600051855,0016-04-11 08:33:00,16,4,11,8,33,750,106,"61, BOULEVARD SAINT MICH",48.8477,2.34103,Plein jour,En agglomération,Intersection en Y,Normale,Deux véhicules - côté,,,,,,,,,,,1,2,4,1,3.0
201600051856,0016-04-11 13:25:00,16,4,11,13,25,750,106,"39, RUE DE SEVRES",48.8507,2.32525,Plein jour,En agglomération,Intersection en T,Pluie légère,Deux véhicules - arrière,,,,,,,,,,,1,2,3,2,2.0
201600051857,0016-04-11 17:55:00,16,4,11,17,55,750,106,"111, RUE DE VAUGIRARD",48.8451,2.32016,Plein jour,En agglomération,Intersection à plus de 4 branches,Temps couvert,Sans collision,,,,,,,,,,,1,2,5,8,7.0
201600051858,0016-04-12 15:20:00,16,4,12,15,20,750,106,"70, RUE D ASSAS",48.8454,2.33187,Plein jour,En agglomération,Hors intersection,Normale,Deux véhicules - côté,,,,,,,,,,,1,2,1,1,3.0
201600051859,0016-04-12 23:40:00,16,4,12,23,40,750,106,"84, BOULEVARD RASPAIL",48.8473,2.32791,Nuit avec éclairage allumé,En agglomération,Intersection en X,Normale,Deux véhicules - côté,,,,,,,,,,,5,2,2,1,3.0
201600051860,0016-04-14 08:15:00,16,4,14,8,15,750,106,RUE DE L EPERON,48.8529,2.34068,Plein jour,En agglomération,Intersection en T,Normale,Autre collision,,,,,,,,,,,1,2,3,1,6.0
201600051861,0016-04-15 17:30:00,16,4,15,17,30,750,106,"74, RUE D ASSAS",48.8449,2.33238,Plein jour,En agglomération,Intersection en X,Normale,Autre collision,,,,,,,,,,,1,2,2,1,6.0
201600051862,0016-04-18 20:45:00,16,4,18,20,45,750,106,"84, RUE DE VAUGIRARD",48.8473,2.32791,Crépuscule ou aube,En agglomération,Intersection en X,Normale,Autre collision,,,,,,,,,,,2,2,2,1,6.0
201600051863,0016-04-19 10:15:00,16,4,19,10,15,750,106,"15, RUE DE MEDICIS",48.8477,2.34004,Plein jour,En agglomération,Place,Normale,Deux véhicules - arrière,,,,,,,,,,,1,2,7,1,2.0
201600051864,0016-04-19 15:13:00,16,4,19,15,13,750,106,"106, BOULEVARD SAINT GER",48.8517,2.34198,Plein jour,En agglomération,Intersection en X,Normale,Deux véhicules - côté,,,,,,,,,,,1,2,2,1,3.0
201600051865,0016-04-22 10:23:00,16,4,22,10,23,750,106,"120, BOULEVARD SAINT GER",48.8521,2.34008,Plein jour,En agglomération,Intersection en X,Normale,Deux véhicules - côté,,,,,,,,,,,1,2,2,1,3.0
201600051866,0016-04-27 08:05:00,16,4,27,8,5,750,106,"5, RUE BONAPARTE",48.8571,2.33505,Plein jour,En agglomération,Hors intersection,Normale,Autre collision,,,,,,,,,,,1,2,1,1,6.0
201600051867,0016-04-28 14:25:00,16,4,28,14,25,750,106,"63, RUE DE VAUGIRARD",48.847,2.32692,Plein jour,En agglomération,Intersection à plus de 4 branches,Normale,Autre collision,,,,,,,,,,,1,2,5,1,6.0
201600051868,0016-05-01 04:20:00,16,5,1,4,20,750,106,BOULEVARD SAINT GERMA,48.8529,2.33697,Nuit avec éclairage allumé,En agglomération,Intersection en X,Normale,Deux véhicules - côté,,,,,,,,,,,5,2,2,1,3.0
201600051869,0016-05-07 16:20:00,16,5,7,16,20,750,106,RUE DE MEDICIS,48.8477,2.34004,Plein jour,En agglomération,Place,Normale,Sans collision,,,,,,,,,,,1,2,7,1,7.0
201600051870,0016-05-09 07:25:00,16,5,9,7,25,750,106,"122, RUE DE VAUGIRARD",48.8454,2.32105,Plein jour,En agglomération,Hors intersection,Normale,Deux véhicules - arrière,,,,,,,,,,,1,2,1,1,2.0
201600051871,0016-05-10 07:00:00,16,5,10,7,0,750,106,"7, QUAI MALAQUAIS",48.8577,2.33536,Crépuscule ou aube,En agglomération,Intersection en T,Temps couvert,Deux véhicules - côté,,,,,,,,,,,2,2,3,8,3.0
201600051872,0016-05-10 09:10:00,16,5,10,9,10,750,106,"57, RUE DE SEINE",48.8545,2.33685,Plein jour,En agglomération,Intersection en Y,Temps couvert,Autre collision,,,,,,,,,,,1,2,4,8,6.0
201600051873,0016-05-10 22:30:00,16,5,10,22,30,750,106,"84, RUE DE RENNES",48.8505,2.33009,Nuit avec éclairage allumé,En agglomération,Hors intersection,Pluie légère,Autre collision,,,,,,,,,,,5,2,1,2,6.0
201600051874,0016-05-13 13:05:00,16,5,13,13,5,750,106,"125, RUE DE RENNES",48.847,2.32692,Plein jour,En agglomération,Intersection à plus de 4 branches,Normale,Deux véhicules - côté,,,,,,,,,,,1,2,5,1,3.0
201600051875,0016-05-20 09:05:00,16,5,20,9,5,750,106,"35 BIS, RUE DE FLEURUS",48.8467,2.32829,Plein jour,En agglomération,Intersection à plus de 4 branches,Temps couvert,Autre collision,,,,,,,,,,,1,2,5,8,6.0
201600051876,0016-05-20 19:15:00,16,5,20,19,15,750,106,"2, PLACE MICHEL DEBRE",48.8522,2.32985,Plein jour,En agglomération,Hors intersection,Normale,Autre collision,,,,,,,,,,,1,2,1,1,6.0
201600051877,0016-05-21 09:45:00,16,5,21,9,45,750,106,"147, BOULEVARD SAINT GER",48.8535,2.33334,Plein jour,En agglomération,Place,Normale,Deux véhicules - côté,,,,,,,,,,,1,2,7,1,3.0
201600051878,0016-05-21 16:30:00,16,5,21,16,30,750,106,"34, RUE GUYNEMER",48.8459,2.33236,Plein jour,En agglomération,Hors intersection,Normale,Autre collision,,,,,,,,,,,1,2,1,1,6.0
201600051879,0016-05-23 17:05:00,16,5,23,17,5,750,106,"103, RUE DE RENNES",48.849,2.32871,Plein jour,En agglomération,Intersection en X,Temps couvert,Autre collision,,,,,,,,,,,1,2,2,8,6.0
201600051880,0016-05-26 08:24:00,16,5,26,8,24,750,106,"1, QUAI MALAQUAIS",48.8577,2.33536,Plein jour,En agglomération,Intersection à plus de 4 branches,Normale,Deux véhicules - côté,,,,,,,,,,,1,2,5,1,3.0
201600051881,0016-06-02 09:05:00,16,6,2,9,5,750,106,"1, QUAI DE CONTI",48.8561,2.34044,Plein jour,En agglomération,Intersection en X,Normale,Deux véhicules - côté,,,,,,,,,,,1,2,2,1,3.0
201600051882,0016-06-04 16:00:00,16,6,4,16,0,750,106,"89, BOULEVARD DU MONTPAR",48.8431,2.32635,Plein jour,En agglomération,Intersection en X,Normale,Deux véhicules - côté,,,,,,,,,,,1,2,2,1,3.0
201600051883,0016-06-12 17:25:00,16,6,12,17,25,750,106,BOULEVARD SAINT GERMAIN,48.8514,2.34314,Plein jour,En agglomération,Intersection en X,Normale,Autre collision,,,,,,,,,,,1,2,2,1,6.0
201600051884,0016-06-16 08:35:00,16,6,16,8,35,750,106,PLACE ALPHONSE DEVILLE,48.8507,2.32714,Plein jour,En agglomération,Intersection en Y,Normale,Deux véhicules - côté,,,,,,,,,,,1,2,4,1,3.0
201600051885,0016-06-24 22:30:00,16,6,24,22,30,750,106,", BOULEVARD SAINT GERMAI",48.8538,2.33323,Nuit avec éclairage allumé,En agglomération,Intersection en X,Normale,Deux véhicules - côté,,,,,,,,,,,5,2,2,1,3.0
201600051886,0016-06-25 19:30:00,16,6,25,19,30,750,106,"55, RUE DE RENNES",48.8524,2.33182,Plein jour,En agglomération,Intersection à plus de 4 branches,Normale,Deux véhicules - côté,,,,,,,,,,,1,2,5,1,3.0
201600051887,0016-06-26 17:20:00,16,6,26,17,20,750,106,"117, RUE DU CHERCHE MIDI",48.8459,2.31971,Plein jour,En agglomération,Intersection en T,Normale,Autre collision,,,,,,,,,,,1,2,3,1,6.0
201600051888,0016-06-27 14:40:00,16,6,27,14,40,750,106,"75, RUE DE RENNES",48.8511,2.33067,Plein jour,En agglomération,Intersection en Y,Temps couvert,Deux véhicules - côté,,,,,,,,,,,1,2,4,8,3.0
201600051889,0016-06-28 08:50:00,16,6,28,8,50,750,106,"175, BOULEVARD SAINT GER",48.8545,2.33044,Plein jour,En agglomération,Intersection en X,Normale,Autre collision,,,,,,,,,,,1,2,2,1,6.0
201600051890,0016-06-30 08:20:00,16,6,30,8,20,750,106,RUE DANTON,48.8528,2.34255,Plein jour,En agglomération,Hors intersection,Normale,Deux véhicules - côté,,,,,,,,,,,1,2,1,1,3.0
201600051891,0016-06-30 11:05:00,16,6,30,11,5,750,106,"4, RUE MICHELET",48.8425,2.33744,Plein jour,En agglomération,Intersection à plus de 4 branches,Normale,Deux véhicules - côté,,,,,,,,,,,1,2,5,1,3.0
201600051892,0016-07-03 23:24:00,16,7,3,23,24,750,106,RUE DE VAUGIRARD,48.8468,2.32609,Nuit avec éclairage allumé,En agglomération,Intersection en T,Pluie légère,Sans collision,,,,,,,,,,,5,2,3,2,7.0
201600051893,0016-07-06 11:15:00,16,7,6,11,15,750,106,"2, PLACE SAINT MICHEL",48.8536,2.34394,Plein jour,En agglomération,Hors intersection,Normale,Deux véhicules - arrière,,,,,,,,,,,1,2,1,1,2.0
201600051894,0016-07-06 12:45:00,16,7,6,12,45,750,106,"21, QUAI DE CONTI",48.8574,2.33811,Plein jour,En agglomération,Hors intersection,Normale,Deux véhicules - côté,,,,,,,,,,,1,2,1,1,3.0
201600051895,0016-07-11 16:55:00,16,7,11,16,55,750,106,"57, RUE BONAPARTE",48.8521,2.33302,Plein jour,En agglomération,Hors intersection,Normale,Deux véhicules - côté,,,,,,,,,,,1,2,1,1,3.0
201600051896,0016-07-13 11:50:00,16,7,13,11,50,750,106,"8, BOULEVARD SAINT MICHE",48.8528,2.34379,Plein jour,En agglomération,Intersection en X,Normale,Autre collision,,,,,,,,,,,1,2,2,1,6.0
201600051897,0016-07-13 21:15:00,16,7,13,21,15,750,106,"84, BOULEVARD RASPAIL",48.8473,2.32791,Crépuscule ou aube,En agglomération,Intersection à plus de 4 branches,Normale,Deux véhicules - côté,,,,,,,,,,,2,2,5,1,3.0
201600051898,0016-07-17 02:50:00,16,7,17,2,50,750,106,BOULEVARD DU MONTPARNASS,48.8445,2.3219,Nuit avec éclairage allumé,En agglomération,Hors intersection,Normale,Deux véhicules - côté,,,,,,,,,,,5,2,1,1,3.0
201600051899,0016-07-19 13:15:00,16,7,19,13,15,750,106,"171, BOULEVARD SAINT GER",48.8542,2.33095,Plein jour,En agglomération,Hors intersection,Normale,Deux véhicules - côté,,,,,,,,,,,1,2,1,1,3.0
201600051900,0016-07-21 14:45:00,16,7,21,14,45,750,106,"117, BOULEVARD DU MONTPA",48.842,2.3296,Plein jour,En agglomération,Place,Normale,Deux véhicules - arrière,,,,,,,,,,,1,2,7,1,2.0
201600051901,0016-07-22 17:40:00,16,7,22,17,40,750,106,"664, BOULEVARD SAINT GER",48.8532,2.33581,Plein jour,En agglomération,Intersection en T,Normale,Autre collision,,,,,,,,,,,1,2,3,1,6.0
201600051902,0016-07-25 10:20:00,16,7,25,10,20,750,106,"147, RUE DE RENNES",48.8457,2.32556,Plein jour,En agglomération,Intersection en T,Normale,Autre collision,,,,,,,,,,,1,2,3,1,6.0
201600051903,0016-07-29 16:00:00,16,7,29,16,0,750,106,"24, BOULEVARD SAINT MICH",48.8506,2.34277,Plein jour,En agglomération,Intersection en X,Normale,Autre collision,,,,,,,,,,,1,2,2,1,6.0
201600051904,0016-08-01 22:10:00,16,8,1,22,10,750,106,"140, BOULEVARD SAINT GER",48.8527,2.3377,Nuit avec éclairage allumé,En agglomération,Intersection en X,Normale,Autre collision,,,,,,,,,,,5,2,2,1,6.0
201600051905,0016-08-08 11:50:00,16,8,8,11,50,750,106,"11, QUAI DE CONTI",48.8568,2.33927,Plein jour,En agglomération,Hors intersection,Normale,Autre collision,,,,,,,,,,,1,2,1,1,6.0
201600051906,0016-08-16 17:40:00,16,8,16,17,40,750,106,"04, PLACE DE L ODEON",48.8499,2.33844,Plein jour,En agglomération,Place,Normale,Autre collision,,,,,,,,,,,1,2,7,1,6.0
201600051907,0016-08-18 12:55:00,16,8,18,12,55,750,106,"29, BOULEVARD DU MONTPAR",48.8451,2.32016,Plein jour,En agglomération,Intersection à plus de 4 branches,Normale,Sans collision,,,,,,,,,,,1,2,5,1,7.0
201600051908,0016-08-22 17:15:00,16,8,22,17,15,750,106,"7, CARREFOUR ODEON",48.852,2.33862,Plein jour,En agglomération,Intersection en Y,Normale,Autre collision,,,,,,,,,,,1,2,4,1,6.0
201600051909,0016-09-02 04:05:00,16,9,2,4,5,750,106,"50, RUE DE VAUGIRARD",48.8489,2.33379,Nuit avec éclairage allumé,En agglomération,Hors intersection,Normale,Autre collision,,,,,,,,,,,5,2,1,1,6.0
201600051910,0016-09-02 18:35:00,16,9,2,18,35,750,106,"29, RUE DE VAUGIRARD",48.8482,2.33101,Plein jour,En agglomération,Intersection en X,Normale,Autre collision,,,,,,,,,,,1,2,2,1,6.0
201600051911,0016-09-05 09:50:00,16,9,5,9,50,750,106,"1, RUE BREA",48.844,2.33062,Plein jour,En agglomération,Intersection en X,Pluie légère,Deux véhicules - côté,,,,,,,,,,,1,2,2,2,3.0
201600051912,0016-09-06 18:43:00,16,9,6,18,43,750,106,"01, RUE DU FOUR",48.8531,2.33604,Crépuscule ou aube,En agglomération,Place,Normale,Autre collision,,,,,,,,,,,2,2,7,1,6.0
201600051913,0016-09-09 16:35:00,16,9,9,16,35,750,106,"17, RUE AUGUSTE COMTE",48.8444,2.33482,Plein jour,En agglomération,Hors intersection,Normale,Autre collision,,,,,,,,,,,1,2,1,1,6.0
201600051914,0016-09-14 10:20:00,16,9,14,10,20,750,106,"103, BOULEVARD SAINT MIC",48.8439,2.33896,Plein jour,En agglomération,Intersection en X,Normale,Autre collision,,,,,,,,,,,1,2,2,1,6.0
201600051915,0016-09-14 09:30:00,16,9,14,9,30,750,106,BOULEVARD DU MONTPARNASS,48.8431,2.32635,Plein jour,En agglomération,Intersection en X,Normale,Autre collision,,,,,,,,,,,1,2,2,1,6.0
201600051916,0016-09-14 12:00:00,16,9,14,12,0,750,106,"119, BOULEVARD RASPAIL",48.8456,2.32862,Plein jour,En agglomération,Intersection en X,Normale,Deux véhicules - côté,,,,,,,,,,,1,2,2,1,3.0
201600051917,0016-09-15 14:25:00,16,9,15,14,25,750,106,"48, RUE DES SAINTS PERES",48.8545,2.33044,Plein jour,En agglomération,Intersection à plus de 4 branches,Temps couvert,Autre collision,,,,,,,,,,,1,2,5,8,6.0
201600051918,0016-09-16 17:25:00,16,9,16,17,25,750,106,"64, BOULEVARD SAINT MICH",48.8439,2.33896,Plein jour,En agglomération,Intersection en X,Pluie légère,Deux véhicules - côté,,,,,,,,,,,1,2,2,2,3.0
201600051919,0016-09-21 08:40:00,16,9,21,8,40,750,106,"144, RUE DE RENNES",48.8451,2.32501,Plein jour,En agglomération,Hors intersection,Normale,Deux véhicules - côté,,,,,,,,,,,1,2,1,1,3.0
201600051920,0016-09-23 19:15:00,16,9,23,19,15,750,106,"119, RUE DE SEVRES",48.8479,2.31939,Plein jour,En agglomération,Intersection en T,Normale,Autre collision,,,,,,,,,,,1,2,3,1,6.0
201600051921,0016-09-24 17:10:00,16,9,24,17,10,750,106,"6, PLACE EDMOND ROSTAND",48.8477,2.34004,Plein jour,En agglomération,Place,Normale,Autre collision,,,,,,,,,,,1,2,7,1,6.0
201600051922,0016-09-24 20:10:00,16,9,24,20,10,750,106,"45, RUE DE RENNES",48.8532,2.33255,Nuit avec éclairage allumé,En agglomération,Intersection en T,Normale,Deux véhicules - arrière,,,,,,,,,,,5,2,3,1,2.0
201600051923,0016-09-30 17:05:00,16,9,30,17,5,750,106,"20, BOULEVARD SAINT MICH",48.8517,2.34328,Plein jour,En agglomération,Hors intersection,Pluie légère,Autre collision,,,,,,,,,,,1,2,1,2,6.0
201600051924,0016-10-01 15:10:00,16,10,1,15,10,750,106,"7, RUE DE FLEURUS",48.847,2.33153,Plein jour,En agglomération,Intersection en X,Normale,Autre collision,,,,,,,,,,,1,2,2,1,6.0
201600051925,0016-10-05 13:40:00,16,10,5,13,40,750,106,"12, RUE BONAPARTE",48.8567,2.33475,Plein jour,En agglomération,Hors intersection,Normale,Deux véhicules - côté,,,,,,,,,,,1,2,1,1,3.0
201600051926,0016-10-06 09:45:00,16,10,6,9,45,750,106,"79, RUE DE RENNES",48.8503,2.32987,Plein jour,En agglomération,Intersection en Y,Normale,Autre collision,,,,,,,,,,,1,2,4,1,6.0
201600051927,0016-10-08 05:50:00,16,10,8,5,50,750,106,"48, RUE MAZARINE",48.8553,2.33774,Nuit avec éclairage allumé,En agglomération,Intersection en X,Normale,Sans collision,,,,,,,,,,,5,2,2,1,7.0
201600051928,0016-10-08 20:45:00,16,10,8,20,45,750,106,"66, RUE NOTRE DAME DES C",48.8433,2.33133,Crépuscule ou aube,En agglomération,Intersection en T,Normale,Sans collision,,,,,,,,,,,2,2,3,1,7.0
201600051929,0016-10-10 09:10:00,16,10,10,9,10,750,106,QUAI DE CONTI,48.8568,2.33927,Plein jour,En agglomération,Hors intersection,Normale,Autre collision,,,,,,,,,,,1,2,1,1,6.0
201600051930,0016-10-13 11:00:00,16,10,13,11,0,750,106,"89, BOULEVARD DU MONTPAR",48.8431,2.32635,Plein jour,En agglomération,Intersection en X,Normale,Trois véhicules et plus - en chaîne,,,,,,,,,,,1,2,2,1,4.0
201600051931,0016-10-15 10:50:00,16,10,15,10,50,750,105,"17, BOULEVARD SAINT MICH",48.8518,2.34336,Plein jour,En agglomération,Intersection en T,Normale,Deux véhicules - côté,,,,,,,,,,,1,2,3,1,3.0
201600051932,0016-10-27 12:40:00,16,10,27,12,40,750,106,"17-19, BOULEVARD SAINT M",48.8518,2.34336,Plein jour,En agglomération,Intersection en T,Normale,Autre collision,,,,,,,,,,,1,2,3,1,6.0
201600051933,0016-10-28 19:35:00,16,10,28,19,35,750,106,"82, RUE D ASSAS",48.8443,2.33299,Nuit avec éclairage allumé,En agglomération,Intersection en X,Normale,Deux véhicules - côté,,,,,,,,,,,5,2,2,1,3.0
201600051934,0016-10-29 15:22:00,16,10,29,15,22,750,106,"114, BOULEVARD DU MONTPA",48.842,2.3296,Plein jour,En agglomération,Intersection à plus de 4 branches,Normale,Autre collision,,,,,,,,,,,1,2,5,1,6.0
201600051935,0016-10-31 09:30:00,16,10,31,9,30,750,106,"18, RUE DE L ANCIENNE CO",48.8528,2.33869,Plein jour,En agglomération,Hors intersection,Normale,Deux véhicules - côté,,,,,,,,,,,1,2,1,1,3.0
201600051936,0016-11-03 13:40:00,16,11,3,13,40,750,106,"56, RUE DE VAUGIRARD",48.8487,2.33298,Plein jour,En agglomération,Hors intersection,Temps couvert,Autre collision,,,,,,,,,,,1,2,1,8,6.0
201600051937,0016-11-04 10:35:00,16,11,4,10,35,750,106,"67, RUE DE RENNES",48.8516,2.33107,Plein jour,En agglomération,Intersection en X,Pluie légère,Sans collision,,,,,,,,,,,1,2,2,2,7.0
201600051938,0016-11-04 20:30:00,16,11,4,20,30,750,106,"91, BOULEVARD DU MONTPAR",48.8431,2.32635,Nuit avec éclairage allumé,En agglomération,Intersection en X,Pluie légère,Deux véhicules - arrière,,,,,,,,,,,5,2,2,2,2.0
201600051939,0016-11-07 08:30:00,16,11,7,8,30,750,106,"63, RUE DAUPHINE",48.8536,2.33839,Plein jour,En agglomération,Place,Pluie forte,Autre collision,,,,,,,,,,,1,2,7,3,6.0
201600051940,0016-11-07 12:45:00,16,11,7,12,45,750,106,"745, BOULEVARD SAINT GER",48.8536,2.33313,Plein jour,En agglomération,Place,Temps éblouissant,Sans collision,,,,,,,,,,,1,2,7,7,7.0
201600051941,0016-11-08 19:15:00,16,11,8,19,15,750,106,"120, BOULEVARD SAINT GER",48.8521,2.34008,Nuit avec éclairage allumé,En agglomération,Intersection en X,Normale,Deux véhicules - côté,,,,,,,,,,,5,2,2,1,3.0
201600051942,0016-11-09 13:40:00,16,11,9,13,40,750,106,"24, BOULEVARD SAINT MICH",48.8506,2.34277,Plein jour,En agglomération,Intersection en X,Pluie légère,Deux véhicules - arrière,,,,,,,,,,,1,2,2,2,2.0
201600051943,0016-11-10 11:01:00,16,11,10,11,1,750,106,"147, BOULEVARD SAINT GER",48.8538,2.33323,Plein jour,En agglomération,Place,Normale,Trois véhicules et plus - en chaîne,,,,,,,,,,,1,2,7,1,4.0