accident_id,datetime,annee,mois,jour,heure,minute,departement,commune_insee,adresse,latitude,longitude,luminosite,agglomeration,intersection,meteo,collision,nb_vehicules,nb_usagers,nb_indemnes,nb_tues,nb_blesses_hosp,nb_blesses_legers,age_cond_1,age_cond_2,veh_type_cond_1,veh_type_cond_2,lum_code,agg_code,int_code,atm_code,col_code
201600051944,0016-11-10 16:05:00,16,11,10,16,5,750,106,BOULEVARD SAINT MICHEL,48.8498,2.34231,Plein jour,En agglomération,Hors intersection,Pluie légère,Autre collision,,,,,,,,,,,1,2,1,2,6.0
201600051945,0016-11-10 18:30:00,16,11,10,18,30,750,106,BOULEVARD DU MONTPARNASS,48.8415,2.33121,Nuit avec éclairage allumé,En agglomération,Intersection en X,Pluie forte,Deux véhicules - côté,,,,,,,,,,,5,2,2,3,3.0
201600051946,0016-11-16 19:30:00,16,11,16,19,30,750,106,"53, RUE DE SEVRES",48.8502,2.32409,Nuit avec éclairage allumé,En agglomération,Intersection en X,Normale,Autre collision,,,,,,,,,,,5,2,2,1,6.0
201600051947,0016-11-17 21:20:00,16,11,17,21,20,750,106,"15, RUE DE L ECOLE DE ME",48.8509,2.34129,Nuit avec éclairage allumé,En agglomération,Intersection en X,Normale,Deux véhicules - côté,,,,,,,,,,,5,2,2,1,3.0
201600051948,0016-11-24 14:05:00,16,11,24,14,5,750,106,"63, BOULEVARD SAINT MICH",48.8474,2.34082,Plein jour,En agglomération,Place,Normale,Autre collision,,,,,,,,,,,1,2,7,1,6.0
201600051949,0016-11-27 14:45:00,16,11,27,14,45,750,106,"18, BOULEVARD SAINT MICH",48.8518,2.34336,Plein jour,En agglomération,Intersection en T,Normale,Deux véhicules - côté,,,,,,,,,,,1,2,3,1,3.0
201600051950,0016-11-28 17:10:00,16,11,28,17,10,750,106,"54, RUE DE RENNES",48.8532,2.33255,Nuit avec éclairage allumé,En agglomération,Intersection en T,Normale,Deux véhicules - côté,,,,,,,,,,,5,2,3,1,3.0
201600051951,0016-12-02 07:45:00,16,12,2,7,45,750,106,"77 BIS, BOULEVARD SAINT",48.8514,2.34314,Plein jour,En agglomération,Intersection en X,Normale,Deux véhicules - côté,,,,,,,,,,,1,2,2,1,3.0
201600051952,0016-12-06 20:45:00,16,12,6,20,45,750,106,"129, RUE DE RENNES",48.847,2.32692,Nuit avec éclairage allumé,En agglomération,Intersection à plus de 4 branches,Normale,Autre collision,,,,,,,,,,,5,2,5,1,6.0
201600051953,0016-12-07 16:50:00,16,12,7,16,50,750,106,"53, RUE DE SEVRES",48.8502,2.32409,Crépuscule ou aube,En agglomération,Intersection en T,Normale,Deux véhicules - côté,,,,,,,,,,,2,2,3,1,3.0
201600051954,0016-12-13 17:02:00,16,12,13,17,2,750,106,"15 BIS, RUE DE VAUGIRARD",48.8492,2.33596,Nuit avec éclairage allumé,En agglomération,Intersection en T,Normale,Deux véhicules - côté,,,,,,,,,,,5,2,3,1,3.0
201600051955,0016-12-16 10:22:00,16,12,16,10,22,750,106,"57, BOULEVARD DU MONTPAR",48.8441,2.3231,Plein jour,En agglomération,Intersection en T,Normale,Autre collision,,,,,,,,,,,1,2,3,1,6.0
201600051956,0016-12-16 21:00:00,16,12,16,21,0,750,106,"27, QUAI DE CONTI",48.8572,2.33859,Nuit avec éclairage allumé,En agglomération,Intersection en Y,Normale,Sans collision,,,,,,,,,,,5,2,4,1,7.0
201600051957,0016-12-23 11:15:00,16,12,23,11,15,750,106,"115, RUE DE RENNES",48.8481,2.32791,Plein jour,En agglomération,Intersection à plus de 4 branches,Normale,Autre collision,,,,,,,,,,,1,2,5,1,6.0
201600051958,0016-12-28 11:10:00,16,12,28,11,10,750,106,"37, RUE D ASSAS",48.8471,2.33016,Plein jour,En agglomération,Intersection en X,Normale,Deux véhicules - arrière,,,,,,,,,,,1,2,2,1,2.0
201600051959,0016-12-31 06:16:00,16,12,31,6,16,750,106,"16, RUE SAINT SULPICE",48.8515,2.33704,Nuit avec éclairage allumé,En agglomération,Intersection en X,Temps couvert,Deux véhicules - côté,,,,,,,,,,,5,2,2,8,3.0
201600051960,0016-12-31 18:27:00,16,12,31,18,27,750,106,RUE DE RENNES,48.8516,2.33107,Nuit avec éclairage allumé,En agglomération,Intersection en X,Normale,Deux véhicules - côté,,,,,,,,,,,5,2,2,1,3.0
201600051961,0016-01-03 03:17:00,16,1,3,3,17,750,107,"39, AVENUE DUQUESNE",48.8515,2.31052,Nuit avec éclairage allumé,En agglomération,Intersection en X,Normale,Autre collision,,,,,,,,,,,5,2,2,1,6.0
201600051962,0016-01-07 18:00:00,16,1,7,18,0,750,107,"3, RUE JOSE MARIA DE HER",48.8482,2.30714,Nuit avec éclairage allumé,En agglomération,Hors intersection,Normale,Autre collision,,,,,,,,,,,5,2,1,1,6.0
201600051963,0016-01-08 19:45:00,16,1,8,19,45,750,107,"14, AVENUE DUQUESNE",48.8522,2.30926,Nuit avec éclairage allumé,En agglomération,Hors intersection,Normale,Autre collision,,,,,,,,,,,5,2,1,1,6.0
201600051964,0016-01-10 04:10:00,16,1,10,4,10,750,107,RUE DE SOLFERINO,48.8603,2.32357,Nuit avec éclairage allumé,En agglomération,Intersection en X,Pluie légère,Deux véhicules - côté,,,,,,,,,,,5,2,2,2,3.0
201600051965,0016-01-14 09:35:00,16,1,14,9,35,750,107,"27, QUAI VOLTAIRE",48.8593,2.33019,Plein jour,En agglomération,Intersection en T,Pluie forte,Deux véhicules - arrière,,,,,,,,,,,1,2,3,3,2.0
201600051966,0016-01-15 17:05:00,16,1,15,17,5,750,107,"14, RUE DE VARENNE",48.8534,2.32616,Crépuscule ou aube,En agglomération,Intersection en X,Normale,Deux véhicules - côté,,,,,,,,,,,2,2,2,1,3.0
201600051967,0016-01-19 09:20:00,16,1,19,9,20,750,107,"03, PLACE HENRY DE MONTH",48.8605,2.32636,Plein jour,En agglomération,Hors intersection,Normale,Deux véhicules - arrière,,,,,,,,,,,1,2,1,1,2.0
201600051968,0016-01-19 17:50:00,16,1,19,17,50,750,107,PLACE VAUBAN,48.8538,2.31238,Nuit avec éclairage allumé,En agglomération,Place,Normale,Deux véhicules - côté,,,,,,,,,,,5,2,7,1,3.0
201600051969,0016-01-19 18:54:00,16,1,19,18,54,750,107,BOULEVARD RASPAIL,48.8544,2.32588,Nuit avec éclairage allumé,En agglomération,Intersection en X,Normale,Deux véhicules - côté,,,,,,,,,,,5,2,2,1,3.0
201600051970,0016-01-20 15:40:00,16,1,20,15,40,750,107,"7, RUE CASIMIR PERIER",48.8587,2.31983,Plein jour,En agglomération,Intersection en T,Normale,Autre collision,,,,,,,,,,,1,2,3,1,6.0
201600051971,0016-01-21 16:30:00,16,1,21,16,30,750,107,PONT D IENA,48.8595,2.29256,Plein jour,En agglomération,Hors intersection,Normale,Deux véhicules - arrière,,,,,,,,,,,1,2,1,1,2.0
201600051972,0016-01-21 18:50:00,16,1,21,18,50,750,107,"197 BIS, BOULEVARD SAINT",48.8553,2.32758,Nuit avec éclairage allumé,En agglomération,Hors intersection,Normale,Autre collision,,,,,,,,,,,5,2,1,1,6.0
201600051973,0016-01-22 23:03:00,16,1,22,23,3,750,107,"--, QUAI BRANLY",48.8624,2.30151,Nuit avec éclairage allumé,En agglomération,Place,Pluie légère,Autre collision,,,,,,,,,,,5,2,7,2,6.0
201600051974,0016-01-26 15:00:00,16,1,26,15,0,750,107,BOULEVARD DE LA TOUR MAU,48.8611,2.31027,Plein jour,En agglomération,Intersection en X,Normale,Sans collision,,,,,,,,,,,1,2,2,1,7.0
201600051975,0016-01-28 22:50:00,16,1,28,22,50,750,107,QUAI D ORSAY,48.8628,2.31163,Nuit avec éclairage allumé,En agglomération,Intersection en T,Normale,Deux véhicules - côté,,,,,,,,,,,5,2,3,1,3.0
201600051976,0016-01-29 07:50:00,16,1,29,7,50,750,107,"18, RUE DE L UNIVERSITE",48.8568,2.33034,Crépuscule ou aube,En agglomération,Intersection en T,Normale,Deux véhicules - côté,,,,,,,,,,,2,2,3,1,3.0
201600051977,0016-02-02 13:20:00,16,2,2,13,20,750,107,QUAI D ORSAY,48.8624,2.30201,Plein jour,En agglomération,Place,Pluie légère,Autre collision,,,,,,,,,,,1,2,7,2,6.0
201600051978,0016-02-03 11:35:00,16,2,3,11,35,750,107,"95, RUE DE SEVRES",48.8487,2.32115,Plein jour,En agglomération,Hors intersection,Normale,Deux véhicules - côté,,,,,,,,,,,1,2,1,1,3.0
201600051979,0016-02-03 15:45:00,16,2,3,15,45,750,107,"37, QUAI D ORSAY",48.8628,2.31231,Plein jour,En agglomération,Hors intersection,Pluie légère,Deux véhicules - côté,,,,,,,,,,,1,2,1,2,3.0
201600051980,0016-02-03 18:35:00,16,2,3,18,35,750,107,"49, QUAI D ORSAY",48.8624,2.30922,Nuit avec éclairage allumé,En agglomération,Intersection en X,Normale,Deux véhicules - arrière,,,,,,,,,,,5,2,2,1,2.0
201600051981,0016-02-06 17:55:00,16,2,6,17,55,750,107,BOULEVARD SAINT GERMAIN,48.859,2.32263,Plein jour,En agglomération,Place,Normale,Deux véhicules - côté,,,,,,,,,,,1,2,7,1,3.0
201600051982,0016-02-07 06:40:00,16,2,7,6,40,750,107,PLACE JACQUES RUEFF,48.8564,2.29822,Nuit avec éclairage allumé,En agglomération,Place,Normale,Autre collision,,,,,,,,,,,5,2,7,1,6.0
201600051983,0016-02-09 13:20:00,16,2,9,13,20,750,107,"262, BOULEVARD SAINT GER",48.859,2.32263,Plein jour,En agglomération,Intersection en T,Pluie légère,Sans collision,,,,,,,,,,,1,2,3,2,7.0
201600051984,0016-02-10 13:05:00,16,2,10,13,5,750,107,PONT DE LA CONCORDE,48.863,2.31928,Plein jour,En agglomération,Hors intersection,Normale,Deux véhicules - côté,,,,,,,,,,,1,2,1,1,3.0
201600051985,0016-02-14 19:30:00,16,2,14,19,30,750,107,"9, RUE DUROC",48.8477,2.31333,Nuit avec éclairage allumé,En agglomération,Intersection en X,Normale,Deux véhicules - côté,,,,,,,,,,,5,2,2,1,3.0
201600051986,0016-02-16 14:40:00,16,2,16,14,40,750,107,"107, AVENUE DE SUFFREN",48.8494,2.30371,Plein jour,En agglomération,Intersection en X,Normale,Deux véhicules - arrière,,,,,,,,,,,1,2,2,1,2.0
201600051987,0016-02-19 10:55:00,16,2,19,10,55,750,107,AVENUE DE BRETEUIL,48.8476,2.31131,Plein jour,En agglomération,Place,Normale,Deux véhicules - arrière,,,,,,,,,,,1,2,7,1,2.0
201600051988,0016-02-20 21:30:00,16,2,20,21,30,750,107,PLACE DES INVALIDES,48.8586,2.31294,Nuit sans éclairage public,En agglomération,Place,Normale,Deux véhicules - arrière,,,,,,,,,,,3,2,7,1,2.0
201600051989,0016-02-21 03:12:00,16,2,21,3,12,750,107,RUE DE SOLFERINO,48.8595,2.32298,Nuit avec éclairage allumé,En agglomération,Intersection en X,Normale,Autre collision,,,,,,,,,,,5,2,2,1,6.0
201600051990,0016-02-25 20:00:00,16,2,25,20,0,750,107,"239, BOULEVARD SAINT GER",48.8612,2.32058,Nuit avec éclairage allumé,En agglomération,Intersection en X,Normale,Deux véhicules - côté,,,,,,,,,,,5,2,2,1,3.0
201600051991,0016-02-26 01:05:00,16,2,26,1,5,750,107,"59, QUAI BRANLY",48.8607,2.29586,Nuit avec éclairage allumé,En agglomération,Hors intersection,Normale,Autre collision,,,,,,,,,,,5,2,1,1,6.0
201600051992,0016-02-26 13:35:00,16,2,26,13,35,750,107,AVENUE JOSEPH BOUVARD,48.8549,2.29591,Plein jour,En agglomération,Hors intersection,Normale,Deux véhicules - côté,,,,,,,,,,,1,2,1,1,3.0
201600051993,0016-03-03 10:30:00,16,3,3,10,30,750,107,"68, AVENUE BOSQUET",48.8548,2.30539,Plein jour,En agglomération,Hors intersection,Normale,Deux véhicules - arrière,,,,,,,,,,,1,2,1,1,2.0
201600051994,0016-03-04 00:35:00,16,3,4,0,35,750,107,"23, QUAI ANATOLE FRANCE",48.8618,2.32186,Nuit avec éclairage allumé,En agglomération,Hors intersection,Normale,Trois véhicules et plus - en chaîne,,,,,,,,,,,5,2,1,1,4.0
201600051995,0016-03-05 19:00:00,16,3,5,19,0,750,107,"24, RUE DE SEVRES",48.8504,2.32449,Nuit avec éclairage allumé,En agglomération,Hors intersection,Normale,Autre collision,,,,,,,,,,,5,2,1,1,6.0
201600051996,0016-03-06 08:55:00,16,3,6,8,55,750,107,QUAI D ORSAY,48.8627,2.31096,Plein jour,En agglomération,Hors intersection,Normale,Autre collision,,,,,,,,,,,1,2,1,1,6.0
201600051997,0016-03-07 09:40:00,16,3,7,9,40,750,107,"33, QUAI D ORSAY",48.8627,2.31902,Plein jour,En agglomération,Intersection en X,Pluie légère,Sans collision,,,,,,,,,,,1,2,2,2,7.0
201600051998,0016-03-07 13:20:00,16,3,7,13,20,750,107,"37, AVENUE DE SEGUR",48.8508,2.30909,Plein jour,En agglomération,Intersection en T,Normale,Autre collision,,,,,,,,,,,1,2,3,1,6.0
201600051999,0016-03-08 11:45:00,16,3,8,11,45,750,107,AVENUE DE TOURVILLE,48.8539,2.30989,Plein jour,En agglomération,Hors intersection,Normale,Autre collision,,,,,,,,,,,1,2,1,1,6.0
201600052000,0016-03-08 14:05:00,16,3,8,14,5,750,107,"278, BOULEVARD SAINT GER",48.8612,2.32058,Plein jour,En agglomération,Intersection en X,Normale,Autre collision,,,,,,,,,,,1,2,2,1,6.0
201600052001,0016-03-09 09:30:00,16,3,9,9,30,750,107,"38, RUE DE SEVRES",48.8498,2.32324,Plein jour,En agglomération,Intersection en T,Pluie forte,Autre collision,,,,,,,,,,,1,2,3,3,6.0
201600052002,0016-03-09 12:15:00,16,3,9,12,15,750,107,"1, QUAI ANATOLE FRANCE",48.8595,2.32936,Plein jour,En agglomération,Intersection en X,Pluie légère,Deux véhicules - côté,,,,,,,,,,,1,2,2,2,3.0
201600052003,0016-03-11 08:34:00,16,3,11,8,34,750,107,AVENUE DU MARECHAL GALLI,48.8611,2.31318,Plein jour,En agglomération,Intersection en X,Normale,Deux véhicules - côté,,,,,,,,,,,1,2,2,1,3.0
201600052004,0016-03-12 12:25:00,16,3,12,12,25,750,107,"218, BOULEVARD SAINT GER",48.8552,2.32785,Plein jour,En agglomération,Hors intersection,Normale,Deux véhicules - côté,,,,,,,,,,,1,2,1,1,3.0
201600052005,0016-03-16 15:30:00,16,3,16,15,30,750,107,"37, QUAI D ORSAY",48.8629,2.31519,Plein jour,En agglomération,Intersection en T,Normale,Autre collision,,,,,,,,,,,1,2,3,1,6.0
201600052006,0016-03-17 09:15:00,16,3,17,9,15,750,107,"33, QUAI D ORSAY",48.8627,2.31902,Plein jour,En agglomération,Intersection à plus de 4 branches,Normale,Deux véhicules - côté,,,,,,,,,,,1,2,5,1,3.0
201600052007,0016-03-20 12:05:00,16,3,20,12,5,750,107,"27, QUAI ANATOLE FRANCE",48.862,2.32117,Plein jour,En agglomération,Hors intersection,Normale,Deux véhicules - arrière,,,,,,,,,,,1,2,1,1,2.0
201600052008,0016-03-21 08:50:00,16,3,21,8,50,750,107,AVENUE DE TOURVILLE,48.854,2.30953,Plein jour,En agglomération,Intersection en X,Normale,Deux véhicules - arrière,,,,,,,,,,,1,2,2,1,2.0
201600052009,0016-03-23 12:20:00,16,3,23,12,20,750,107,"59, BOULEVARD DES INVALI",48.8479,2.31593,Plein jour,En agglomération,Intersection en T,Normale,Autre collision,,,,,,,,,,,1,2,3,1,6.0
201600052010,0016-03-24 09:35:00,16,3,24,9,35,750,107,QUAI D ORSAY,48.8629,2.31342,Plein jour,En agglomération,Intersection à plus de 4 branches,Temps couvert,Deux véhicules - arrière,,,,,,,,,,,1,2,5,8,2.0
201600052011,0016-03-25 03:40:00,16,3,25,3,40,750,107,"37, BOULEVARD DES INVALI",48.8508,2.31433,Nuit avec éclairage allumé,En agglomération,Intersection en X,Pluie légère,Deux véhicules - côté,,,,,,,,,,,5,2,2,2,3.0
201600052012,0016-03-25 09:50:00,16,3,25,9,50,750,107,PLACE VAUBAN,48.8538,2.31238,Plein jour,En agglomération,Place,Pluie légère,Sans collision,,,,,,,,,,,1,2,7,2,7.0
201600052013,0016-03-29 09:55:00,16,3,29,9,55,750,107,"27, RUE D ESTREES",48.8511,2.30703,Plein jour,En agglomération,Place,Temps couvert,Deux véhicules - côté,,,,,,,,,,,1,2,7,8,3.0
201600052014,0016-03-31 17:30:00,16,3,31,17,30,750,107,AVENUE DE SEGUR,48.8514,2.30965,Plein jour,En agglomération,Intersection en X,Pluie légère,Autre collision,,,,,,,,,,,1,2,2,2,6.0
201600052015,0016-04-02 00:15:00,16,4,2,0,15,750,107,"/, QUAI D ORSAY",48.8625,2.31038,Nuit avec éclairage allumé,En agglomération,Intersection à plus de 4 branches,Normale,Deux véhicules - côté,,,,,,,,,,,5,2,5,1,3.0
201600052016,0016-04-06 18:25:00,16,4,6,18,25,750,107,PONT DE LA CONCORDE,48.8632,2.31946,Plein jour,En agglomération,Hors intersection,Pluie forte,Autre collision,,,,,,,,,,,1,2,1,3,6.0
201600052017,0016-04-07 12:10:00,16,4,7,12,10,750,107,"FACE 83, RUE DE SEVRES",48.8497,2.32295,Plein jour,En agglomération,Hors intersection,Normale,Deux véhicules - côté,,,,,,,,,,,1,2,1,1,3.0
201600052018,0016-04-08 01:48:00,16,4,8,1,48,750,107,BOULEVARD SAINT GERMAIN,48.859,2.32263,Nuit avec éclairage allumé,En agglomération,Place,Normale,Autre collision,,,,,,,,,,,5,2,7,1,6.0
201600052019,0016-04-14 15:50:00,16,4,14,15,50,750,107,PONT DE LA CONCORDE,48.8627,2.31902,Plein jour,En agglomération,Intersection à plus de 4 branches,Normale,Deux véhicules - côté,,,,,,,,,,,1,2,5,1,3.0
201600052020,0016-04-14 17:20:00,16,4,14,17,20,750,107,"22, RUE OUDINOT",48.8494,2.3151,Plein jour,En agglomération,Intersection en X,Pluie légère,Autre collision,,,,,,,,,,,1,2,2,2,6.0
201600052021,0016-04-17 06:00:00,16,4,17,6,0,750,107,PLACE DE LA RESISTANCE,48.8624,2.30201,Crépuscule ou aube,En agglomération,Place,Normale,Deux véhicules - côté,,,,,,,,,,,2,2,7,1,3.0
201600052022,0016-04-19 16:00:00,16,4,19,16,0,750,107,"1, PORT DE LA BOURDONNAI",48.8596,2.29298,Plein jour,En agglomération,Hors intersection,Normale,Sans collision,,,,,,,,,,,1,2,1,1,7.0
201600052023,0016-04-25 15:55:00,16,4,25,15,55,750,107,BOULEVARD DES INVALIDES,48.858,2.31519,Plein jour,En agglomération,Intersection à plus de 4 branches,Normale,Autre collision,,,,,,,,,,,1,2,5,1,6.0
201600052024,0016-04-26 18:30:00,16,4,26,18,30,750,107,"41, QUAI D ORSAY",48.8624,2.31036,Plein jour,En agglomération,Intersection en X,Normale,Sans collision,,,,,,,,,,,1,2,2,1,7.0
201600052025,0016-04-28 17:42:00,16,4,28,17,42,750,107,"17, AVENUE DE LA BOURDON",48.8593,2.29758,Plein jour,En agglomération,Intersection en X,Temps couvert,Deux véhicules - côté,,,,,,,,,,,1,2,2,8,3.0
201600052026,0016-05-01 12:35:00,16,5,1,12,35,750,107,AVENUE JOSEPH BOUVARD,48.8554,2.29662,Plein jour,En agglomération,Intersection en X,Normale,Autre collision,,,,,,,,,,,1,2,2,1,6.0
201600052027,0016-05-02 08:00:00,16,5,2,8,0,750,107,"9, RUE OUDINOT",48.8504,2.31853,Plein jour,En agglomération,Intersection en T,Normale,Autre collision,,,,,,,,,,,1,2,3,1,6.0
201600052028,0016-05-02 10:15:00,16,5,2,10,15,750,107,QUAI D ORSAY,48.8629,2.31519,Plein jour,En agglomération,Intersection en T,Normale,Autre collision,,,,,,,,,,,1,2,3,1,6.0
201600052029,0016-05-02 17:05:00,16,5,2,17,5,750,107,QUAI ANATOLE FRANCE,48.8611,2.32417,Plein jour,En agglomération,Intersection en T,Normale,Deux véhicules - côté,,,,,,,,,,,1,2,3,1,3.0
201600052030,0016-05-03 09:00:00,16,5,3,9,0,750,107,BOULEVARD RASPAIL,48.8559,2.32555,Plein jour,En agglomération,Place,Normale,Autre collision,,,,,,,,,,,1,2,7,1,6.0
201600052031,0016-05-03 10:23:00,16,5,3,10,23,750,107,"59, QUAI BRANLY",48.8606,2.29553,Plein jour,En agglomération,Intersection à plus de 4 branches,Normale,Deux véhicules - côté,,,,,,,,,,,1,2,5,1,3.0
201600052032,0016-05-03 18:50:00,16,5,3,18,50,750,107,"59, QUAI BRANLY",48.8606,2.29553,Plein jour,En agglomération,Place,Normale,Autre collision,,,,,,,,,,,1,2,7,1,6.0
201600052033,0016-05-10 08:10:00,16,5,10,8,10,750,107,ROND POINT DU BLEUET DE,48.8586,2.31294,Plein jour,En agglomération,Place,Temps couvert,Sans collision,,,,,,,,,,,1,2,7,8,7.0
201600052034,0016-05-14 00:10:00,16,5,14,0,10,750,107,PLACE JACQUES RUEFF,48.8559,2.29733,Nuit avec éclairage allumé,En agglomération,Place,Normale,Autre collision,,,,,,,,,,,5,2,7,1,6.0
201600052035,0016-05-16 04:25:00,16,5,16,4,25,750,107,"213, BOULEVARD SAINT GER",48.8567,2.32492,Nuit avec éclairage allumé,En agglomération,Hors intersection,Normale,Autre collision,,,,,,,,,,,5,2,1,1,6.0
201600052036,0016-05-17 10:10:00,16,5,17,10,10,750,107,"67, QUAI BRANLY",48.8595,2.29415,Plein jour,En agglomération,Hors intersection,Normale,Deux véhicules - arrière,,,,,,,,,,,1,2,1,1,2.0
201600052037,0016-05-17 17:40:00,16,5,17,17,40,750,107,"37, QUAI D ORSAY",48.8628,2.3123,Plein jour,En agglomération,Hors intersection,Normale,Deux véhicules - côté,,,,,,,,,,,1,2,1,1,3.0
201600052038,0016-05-18 18:45:00,16,5,18,18,45,750,107,"14, AVENUE DE LA MOTTE P",48.8565,2.30884,Plein jour,En agglomération,Hors intersection,Pluie légère,Autre collision,,,,,,,,,,,1,2,1,2,6.0
201600052039,0016-05-19 09:15:00,16,5,19,9,15,750,107,"38, RUE DE SEVRES",48.8502,2.32409,Plein jour,En agglomération,Intersection en X,Pluie légère,Autre collision,,,,,,,,,,,1,2,2,2,6.0
201600052040,0016-05-22 17:15:00,16,5,22,17,15,750,107,AVENUE DE TOURVILLE,48.8537,2.31337,Plein jour,En agglomération,Place,Pluie légère,Sans collision,,,,,,,,,,,1,2,7,2,7.0
201600052041,0016-05-23 09:35:00,16,5,23,9,35,750,107,"93, RUE DE L UNIVERSITE",48.8609,2.31678,Plein jour,En agglomération,Hors intersection,Pluie forte,Autre collision,,,,,,,,,,,1,2,1,3,6.0
201600052042,0016-05-23 23:30:00,16,5,23,23,30,750,107,AVENUE CHARLES FLOQUET,48.8567,2.29355,Nuit avec éclairage allumé,En agglomération,Intersection en X,Normale,Autre collision,,,,,,,,,,,5,2,2,1,6.0
201600052043,0016-05-26 09:10:00,16,5,26,9,10,750,107,"35, QUAI VOLTAIRE",48.8595,2.32936,Plein jour,En agglomération,Intersection en X,Normale,Deux véhicules - côté,,,,,,,,,,,1,2,2,1,3.0
201600052044,0016-05-26 15:20:00,16,5,26,15,20,750,107,"34, BOULEVARD DES INVALI",48.8518,2.31451,Plein jour,En agglomération,Intersection en X,Normale,Deux véhicules - arrière,,,,,,,,,,,1,2,2,1,2.0
201600052045,0016-05-26 20:05:00,16,5,26,20,5,750,107,"4, AVENUE DE VILLARS",48.8527,2.3133,Plein jour,En agglomération,Hors intersection,Normale,Deux véhicules - côté,,,,,,,,,,,1,2,1,1,3.0
201600052046,0016-05-26 22:20:00,16,5,26,22,20,750,107,QUAI BRANLY,48.859,2.29328,Nuit avec éclairage allumé,En agglomération,Intersection en T,Normale,Deux véhicules - côté,,,,,,,,,,,5,2,3,1,3.0
201600052047,0016-05-30 10:45:00,16,5,30,10,45,750,107,"1, AVENUE DU MARECHAL GA",48.8624,2.31336,Plein jour,En agglomération,Hors intersection,Pluie forte,Autre collision,,,,,,,,,,,1,2,1,3,6.0
201600052048,0016-05-31 09:38:00,16,5,31,9,38,750,107,BOULEVARD DES INVALIDES,48.8494,2.3151,Plein jour,En agglomération,Intersection en X,Pluie forte,Sans collision,,,,,,,,,,,1,2,2,3,7.0
201600052049,0016-06-02 18:05:00,16,6,2,18,5,750,107,"0, AVENUE ANATOLE FRANCE",48.8539,2.30179,Plein jour,En agglomération,Hors intersection,Temps couvert,Autre collision,,,,,,,,,,,1,2,1,8,6.0
201600052050,0016-06-02 21:10:00,16,6,2,21,10,750,115,"105, QUAI BRANLY",48.8546,2.28867,Crépuscule ou aube,En agglomération,Intersection à plus de 4 branches,Temps couvert,Deux véhicules - côté,,,,,,,,,,,2,2,5,8,3.0
201600052051,0016-06-03 00:50:00,16,6,3,0,50,750,107,"34, AVENUE DE LA MOTTE P",48.8554,2.30711,Nuit avec éclairage allumé,En agglomération,Intersection en T,Pluie légère,Deux véhicules - côté,,,,,,,,,,,5,2,3,2,3.0
201600052052,0016-06-03 16:00:00,16,6,3,16,0,750,107,"75, QUAI D ORSAY",48.8623,2.30476,Plein jour,En agglomération,Hors intersection,Temps couvert,Deux véhicules - côté,,,,,,,,,,,1,2,1,8,3.0
201600052053,0016-06-04 12:35:00,16,6,4,12,35,750,107,QUAI D ORSAY,48.8627,2.31902,Plein jour,En agglomération,Intersection à plus de 4 branches,Normale,Deux véhicules - côté,,,,,,,,,,,1,2,5,1,3.0
201600052054,0016-06-08 09:04:00,16,6,8,9,4,750,107,"58, BOULEVARD DE LA TOUR",48.8581,2.31,Plein jour,En agglomération,Intersection en X,Normale,Deux véhicules - côté,,,,,,,,,,,1,2,2,1,3.0
201600052055,0016-06-09 15:15:00,16,6,9,15,15,750,107,PLACE HENRY DE MONTHERLA,48.8606,2.32599,Plein jour,En agglomération,Hors intersection,Normale,Deux véhicules - côté,,,,,,,,,,,1,2,1,1,3.0
201600052056,0016-06-10 15:55:00,16,6,10,15,55,750,107,"114, RUE SAINT DOMINIQUE",48.8583,2.30201,Plein jour,En agglomération,Intersection en T,Normale,Autre collision,,,,,,,,,,,1,2,3,1,6.0
201600052057,0016-06-11 17:43:00,16,6,11,17,43,750,107,PLACE HENRY DE MONTHERLA,48.8599,2.32816,Plein jour,En agglomération,Intersection en Y,Normale,Deux véhicules - frontale,,,,,,,,,,,1,2,4,1,1.0
201600052058,0016-06-13 14:30:00,16,6,13,14,30,750,107,AVENUE BOSQUET,48.8593,2.30325,Plein jour,En agglomération,Hors intersection,Normale,Autre collision,,,,,,,,,,,1,2,1,1,6.0
201600052059,0016-06-16 19:15:00,16,6,16,19,15,750,107,"24, BOULEVARD DES INVALI",48.8525,2.31457,Plein jour,En agglomération,Hors intersection,Temps couvert,Deux véhicules - arrière,,,,,,,,,,,1,2,1,8,2.0
201600052060,0016-06-16 22:35:00,16,6,16,22,35,750,107,"73, QUAI D ORSAY",48.8623,2.30505,Nuit avec éclairage allumé,En agglomération,Hors intersection,Normale,Sans collision,,,,,,,,,,,5,2,1,1,7.0
201600052061,0016-06-18 11:59:00,16,6,18,11,59,750,107,QUAI VOLTAIRE,48.8593,2.33019,Plein jour,En agglomération,Intersection en T,Normale,Deux véhicules - côté,,,,,,,,,,,1,2,3,1,3.0
201600052062,0016-06-19 18:30:00,16,6,19,18,30,750,107,PLACE VAUBAN,48.8533,2.31298,Plein jour,En agglomération,Place,Normale,Deux véhicules - côté,,,,,,,,,,,1,2,7,1,3.0
201600052063,0016-06-21 19:10:00,16,6,21,19,10,750,107,"113, RUE SAINT DOMINIQUE",48.8594,2.31954,Plein jour,En agglomération,Intersection en T,Normale,Deux véhicules - côté,,,,,,,,,,,1,2,3,1,3.0
201600052064,0016-06-21 23:08:00,16,6,21,23,8,750,115,", QUAI BRANLY",48.8546,2.28867,Nuit avec éclairage allumé,En agglomération,Intersection en X,Normale,Autre collision,,,,,,,,,,,5,2,2,1,6.0
201600052065,0016-06-26 08:25:00,16,6,26,8,25,750,107,"227, BOULEVARD SAINT GER",48.8585,2.32311,Plein jour,En agglomération,Intersection en X,Normale,Autre collision,,,,,,,,,,,1,2,2,1,6.0