accident_id,datetime,annee,mois,jour,heure,minute,departement,commune_insee,adresse,latitude,longitude,luminosite,agglomeration,intersection,meteo,collision,nb_vehicules,nb_usagers,nb_indemnes,nb_tues,nb_blesses_hosp,nb_blesses_legers,age_cond_1,age_cond_2,veh_type_cond_1,veh_type_cond_2,lum_code,agg_code,int_code,atm_code,col_code
201600052066,0016-06-29 10:25:00,16,6,29,10,25,750,107,"7, QUAI VOLTAIRE",48.8585,2.33243,Plein jour,En agglomération,Intersection en X,Normale,Deux véhicules - côté,,,,,,,,,,,1,2,2,1,3.0
201600052067,0016-06-29 18:30:00,16,6,29,18,30,750,115,"2, RUE VALENTIN HAUY",48.8472,2.31109,Plein jour,En agglomération,Place,Normale,Deux véhicules - arrière,,,,,,,,,,,1,2,7,1,2.0
201600052068,0016-07-04 19:10:00,16,7,4,19,10,750,107,"39, QUAI D ORSAY",48.8628,2.31163,Plein jour,En agglomération,Place,Normale,Deux véhicules - arrière,,,,,,,,,,,1,2,7,1,2.0
201600052069,0016-07-06 18:00:00,16,7,6,18,0,750,107,"59, BOULEVARD DES INVALI",48.8483,2.31576,Plein jour,En agglomération,Intersection en T,Normale,Deux véhicules - arrière,,,,,,,,,,,1,2,3,1,2.0
201600052070,0016-07-11 00:22:00,16,7,11,0,22,750,107,"26, AVENUE DE LA BOURDON",48.8587,2.29854,Nuit avec éclairage allumé,En agglomération,Intersection en X,Normale,Autre collision,,,,,,,,,,,5,2,2,1,6.0
201600052071,0016-07-11 11:00:00,16,7,11,11,0,750,107,"16, BOULEVARD DE LA TOUR",48.8614,2.31029,Plein jour,En agglomération,Hors intersection,Normale,Deux véhicules - côté,,,,,,,,,,,1,2,1,1,3.0
201600052072,0016-07-12 20:50:00,16,7,12,20,50,750,107,"11, RUE SAINT DOMINIQUE",48.8583,2.32243,Plein jour,En agglomération,Hors intersection,Normale,Autre collision,,,,,,,,,,,1,2,1,1,6.0
201600052073,0016-07-15 21:00:00,16,7,15,21,0,750,107,QUAI BRANLY,48.858,2.29154,Plein jour,En agglomération,Intersection en Y,Normale,Autre collision,,,,,,,,,,,1,2,4,1,6.0
201600052074,0016-07-16 02:30:00,16,7,16,2,30,750,107,AVENUE DUQUESNE,48.8507,2.31162,Nuit avec éclairage allumé,En agglomération,Intersection en X,Normale,Autre collision,,,,,,,,,,,5,2,2,1,6.0
201600052075,0016-07-16 13:05:00,16,7,16,13,5,750,107,"59, BOULEVARD DES INVALI",48.8483,2.31576,Plein jour,En agglomération,Intersection en T,Normale,Deux véhicules - côté,,,,,,,,,,,1,2,3,1,3.0
201600052076,0016-07-18 11:00:00,16,7,18,11,0,750,107,QUAI BRANLY,48.8606,2.29553,Plein jour,En agglomération,Intersection à plus de 4 branches,Normale,Deux véhicules - arrière,,,,,,,,,,,1,2,5,1,2.0
201600052077,0016-07-19 21:00:00,16,7,19,21,0,750,107,AVENUE DU MARECHAL GALLI,48.8611,2.31318,Plein jour,En agglomération,Intersection en X,Normale,Autre collision,,,,,,,,,,,1,2,2,1,6.0
201600052078,0016-07-23 16:05:00,16,7,23,16,5,750,107,BOULEVARD DES INVALIDES,48.8494,2.3151,Plein jour,En agglomération,Intersection en X,Normale,Deux véhicules - côté,,,,,,,,,,,1,2,2,1,3.0
201600052079,0016-07-25 13:15:00,16,7,25,13,15,750,107,"61, BOULEVARD DES INVALI",48.8479,2.31593,Plein jour,En agglomération,Intersection en T,Normale,Autre collision,,,,,,,,,,,1,2,3,1,6.0
201600052080,0016-07-28 15:00:00,16,7,28,15,0,750,107,"193, BOULEVARD SAINT GER",48.8551,2.3281,Plein jour,En agglomération,Hors intersection,Normale,Autre collision,,,,,,,,,,,1,2,1,1,6.0
201600052081,0016-07-29 09:55:00,16,7,29,9,55,750,107,"45, RUE SAINT DOMINIQUE",48.8599,2.31718,Plein jour,En agglomération,Hors intersection,Normale,Deux véhicules - côté,,,,,,,,,,,1,2,1,1,3.0
201600052082,0016-08-01 20:34:00,16,8,1,20,34,750,107,QUAI D ORSAY,48.8629,2.31519,Crépuscule ou aube,En agglomération,Intersection en T,Normale,Sans collision,,,,,,,,,,,2,2,3,1,7.0
201600052083,0016-08-01 20:35:00,16,8,1,20,35,750,107,"22, AVENUE RAPP",48.8592,2.30061,Nuit sans éclairage public,En agglomération,Hors intersection,Normale,Deux véhicules - arrière,,,,,,,,,,,3,2,1,1,2.0
201600052084,0016-08-04 21:50:00,16,8,4,21,50,750,107,QUAI D ORSAY,48.8624,2.30962,Nuit avec éclairage allumé,En agglomération,Intersection en T,Normale,Deux véhicules - arrière,,,,,,,,,,,5,2,3,1,2.0
201600052085,0016-08-16 23:30:00,16,8,16,23,30,750,107,AVENUE DU MARECHAL GALLI,48.8611,2.31318,Nuit avec éclairage allumé,En agglomération,Intersection en X,Normale,Deux véhicules - arrière,,,,,,,,,,,5,2,2,1,2.0
201600052086,0016-08-24 12:00:00,16,8,24,12,0,750,107,"47, RUE DE LILLE",48.8591,2.32769,Plein jour,En agglomération,Hors intersection,Normale,Deux véhicules - côté,,,,,,,,,,,1,2,1,1,3.0
201600052087,0016-08-25 00:30:00,16,8,25,0,30,750,107,AVENUE DU MARECHAL GALLI,48.8611,2.31318,Nuit avec éclairage allumé,En agglomération,Intersection en X,Normale,Deux véhicules - côté,,,,,,,,,,,5,2,2,1,3.0
201600052088,0016-08-25 09:00:00,16,8,25,9,0,750,107,QUAI D ORSAY,48.8627,2.31902,Plein jour,En agglomération,Intersection à plus de 4 branches,Normale,Deux véhicules - côté,,,,,,,,,,,1,2,5,1,3.0
201600052089,0016-08-29 23:32:00,16,8,29,23,32,750,107,QUAI D ORSAY,48.8629,2.31342,Nuit avec éclairage allumé,En agglomération,Intersection en X,Normale,Deux véhicules - côté,,,,,,,,,,,5,2,2,1,3.0
201600052090,0016-08-30 11:10:00,16,8,30,11,10,750,107,"34, RUE VANEAU",48.8523,2.31905,Plein jour,En agglomération,Hors intersection,Normale,Deux véhicules - côté,,,,,,,,,,,1,2,1,1,3.0
201600052091,0016-09-01 11:20:00,16,9,1,11,20,750,107,"24, RUE DE SEVRES",48.8507,2.32525,Plein jour,En agglomération,Intersection en T,Normale,Autre collision,,,,,,,,,,,1,2,3,1,6.0
201600052092,0016-09-02 19:28:00,16,9,2,19,28,750,107,RUE FABERT,48.8628,2.31163,Crépuscule ou aube,En agglomération,Intersection en T,Normale,Deux véhicules - côté,,,,,,,,,,,2,2,3,1,3.0
201600052093,0016-09-03 04:25:00,16,9,3,4,25,750,107,PLACE DU GENERAL GOURAUD,48.8577,2.30001,Nuit avec éclairage allumé,En agglomération,Place,Normale,Autre collision,,,,,,,,,,,5,2,7,1,6.0
201600052094,0016-09-05 09:50:00,16,9,5,9,50,750,107,"16, RUE DE BABYLONE",48.8517,2.32428,Plein jour,En agglomération,Hors intersection,Pluie légère,Deux véhicules - arrière,,,,,,,,,,,1,2,1,2,2.0
201600052095,0016-09-05 19:30:00,16,9,5,19,30,750,107,QUAI BRANLY,48.8575,2.29103,Plein jour,En agglomération,Intersection en X,Pluie légère,Sans collision,,,,,,,,,,,1,2,2,2,7.0
201600052096,0016-09-08 09:15:00,16,9,8,9,15,750,107,"80, RUE DE SEVRES",48.8473,2.31794,Plein jour,En agglomération,Hors intersection,Normale,Deux véhicules - frontale,,,,,,,,,,,1,2,1,1,1.0
201600052097,0016-09-14 17:07:00,16,9,14,17,7,750,107,"85, QUAI D ORSAY",48.8622,2.30316,Plein jour,En agglomération,Hors intersection,Normale,Deux véhicules - arrière,,,,,,,,,,,1,2,1,1,2.0
201600052098,0016-09-18 19:25:00,16,9,18,19,25,750,107,"33, QUAI D ORSAY",48.8627,2.31902,Crépuscule ou aube,En agglomération,Intersection en X,Pluie forte,Deux véhicules - côté,,,,,,,,,,,2,2,2,3,3.0
201600052099,0016-09-19 10:00:00,16,9,19,10,0,750,107,PONT D IENA,48.8597,2.29224,Plein jour,En agglomération,Hors intersection,Temps couvert,Deux véhicules - côté,,,,,,,,,,,1,2,1,8,3.0
201600052100,0016-09-19 14:00:00,16,9,19,14,0,750,107,PONT DES INVALIDES,48.8625,2.31038,Plein jour,En agglomération,Intersection en X,Pluie légère,Autre collision,,,,,,,,,,,1,2,2,2,6.0
201600052101,0016-09-24 15:50:00,16,9,24,15,50,750,107,BOULEVARD DES INVALIDES,48.8483,2.31576,Plein jour,En agglomération,Intersection en T,Normale,Autre collision,,,,,,,,,,,1,2,3,1,6.0
201600052102,0016-09-29 09:00:00,16,9,29,9,0,750,107,"99, AVENUE DE LA BOURDON",48.8554,2.3037,Plein jour,En agglomération,Intersection en T,Normale,Autre collision,,,,,,,,,,,1,2,3,1,6.0
201600052103,0016-09-29 12:00:00,16,9,29,12,0,750,107,"14, AVENUE DUQUESNE",48.8522,2.30926,Plein jour,En agglomération,Hors intersection,Normale,Deux véhicules - côté,,,,,,,,,,,1,2,1,1,3.0
201600052104,0016-10-04 11:12:00,16,10,4,11,12,750,107,"1, AVENUE DE LA MOTTE PI",48.8572,2.3099,Plein jour,En agglomération,Intersection en X,Normale,Deux véhicules - arrière,,,,,,,,,,,1,2,2,1,2.0
201600052105,0016-10-04 13:12:00,16,10,4,13,12,750,107,BOULEVARD DES INVALIDES,48.8562,2.31501,Plein jour,En agglomération,Intersection en T,Normale,Deux véhicules - côté,,,,,,,,,,,1,2,3,1,3.0
201600052106,0016-10-06 07:40:00,16,10,6,7,40,750,107,"/, RUE DE SEVRES",48.8484,2.32053,Plein jour,En agglomération,Intersection en Y,Normale,Deux véhicules - arrière,,,,,,,,,,,1,2,4,1,2.0
201600052107,0016-10-06 15:21:00,16,10,6,15,21,750,107,"20, AVENUE DE SEGUR",48.8506,2.30885,Plein jour,En agglomération,Hors intersection,Normale,Deux véhicules - côté,,,,,,,,,,,1,2,1,1,3.0
201600052108,0016-10-09 23:45:00,16,10,9,23,45,750,115,"/, RUE DE LA CROIX NIVER",48.84,2.29031,Nuit avec éclairage allumé,En agglomération,Intersection en X,Normale,Deux véhicules - côté,,,,,,,,,,,5,2,2,1,3.0
201600052109,0016-10-10 16:33:00,16,10,10,16,33,750,107,BOULEVARD DES INVALIDES,48.8562,2.31501,Plein jour,En agglomération,Intersection en T,Pluie légère,Sans collision,,,,,,,,,,,1,2,3,2,7.0
201600052110,0016-10-10 18:50:00,16,10,10,18,50,750,107,BOULEVARD DES INVALIDES,48.8483,2.31576,Crépuscule ou aube,En agglomération,Intersection en T,Temps couvert,Trois véhicules et plus - en chaîne,,,,,,,,,,,2,2,3,8,4.0
201600052111,0016-10-11 11:05:00,16,10,11,11,5,750,107,"250, BOULEVARD SAINT GER",48.8575,2.32403,Plein jour,En agglomération,Hors intersection,Normale,Deux véhicules - frontale,,,,,,,,,,,1,2,1,1,1.0
201600052112,0016-10-11 11:45:00,16,10,11,11,45,750,107,"58, AVENUE DE LA BOURDON",48.8562,2.30246,Plein jour,En agglomération,Intersection en X,Normale,Autre collision,,,,,,,,,,,1,2,2,1,6.0
201600052113,0016-10-12 08:45:00,16,10,12,8,45,750,115,"3, PLACE DU GENERAL BEUR",48.8421,2.30307,Plein jour,En agglomération,Place,Normale,Sans collision,,,,,,,,,,,1,2,7,1,7.0
201600052114,0016-10-13 12:35:00,16,10,13,12,35,750,107,"91, AVENUE DE LA BOURDON",48.8558,2.30301,Plein jour,En agglomération,Intersection en X,Normale,Deux véhicules - côté,,,,,,,,,,,1,2,2,1,3.0
201600052115,0016-10-14 15:15:00,16,10,14,15,15,750,107,PLACE VAUBAN,48.8533,2.31298,Plein jour,En agglomération,Place,Pluie légère,Deux véhicules - côté,,,,,,,,,,,1,2,7,2,3.0
201600052116,0016-10-16 09:30:00,16,10,16,9,30,750,107,"101, AVENUE DE LA BOURDO",48.8554,2.3037,Plein jour,En agglomération,Intersection en T,Normale,Autre collision,,,,,,,,,,,1,2,3,1,6.0
201600052117,0016-10-24 16:25:00,16,10,24,16,25,750,107,BOULEVARD DE LA TOUR MAU,48.8611,2.31027,Plein jour,En agglomération,Intersection en X,Pluie légère,Trois véhicules et plus - en chaîne,,,,,,,,,,,1,2,2,2,4.0
201600052118,0016-10-25 19:00:00,16,10,25,19,0,750,107,"142 BIS, RUE DE GRENELLE",48.8579,2.31572,Nuit avec éclairage allumé,En agglomération,Hors intersection,Normale,Autre collision,,,,,,,,,,,5,2,1,1,6.0
201600052119,0016-10-27 11:45:00,16,10,27,11,45,750,107,"2, AVENUE OCTAVE GREARD",48.8562,2.29295,Plein jour,En agglomération,Intersection en X,Normale,Deux véhicules - côté,,,,,,,,,,,1,2,2,1,3.0
201600052120,0016-10-27 20:25:00,16,10,27,20,25,750,107,QUAI VOLTAIRE,48.8593,2.33001,Nuit avec éclairage allumé,En agglomération,Hors intersection,Normale,Deux véhicules - arrière,,,,,,,,,,,5,2,1,1,2.0
201600052121,0016-11-04 16:20:00,16,11,4,16,20,750,107,"2, RUE OUDINOT",48.8505,2.31956,Plein jour,En agglomération,Intersection en T,Pluie légère,Autre collision,,,,,,,,,,,1,2,3,2,6.0
201600052122,0016-11-10 00:42:00,16,11,10,0,42,750,107,"37, QUAI D ORSAY",48.8629,2.31519,Nuit avec éclairage allumé,En agglomération,Intersection en T,Pluie légère,Deux véhicules - côté,,,,,,,,,,,5,2,3,2,3.0
201600052123,0016-11-10 12:05:00,16,11,10,12,5,750,107,"288, BOULEVARD SAINT GER",48.8622,2.31964,Plein jour,En agglomération,Intersection en X,Pluie légère,Deux véhicules - arrière,,,,,,,,,,,1,2,2,2,2.0
201600052124,0016-11-12 06:25:00,16,11,12,6,25,750,107,"15, AVENUE DE SUFFREN",48.8562,2.29295,Nuit avec éclairage allumé,En agglomération,Intersection en X,Normale,Autre collision,,,,,,,,,,,5,2,2,1,6.0
201600052125,0016-11-12 10:30:00,16,11,12,10,30,750,107,"11 BIS, BOULEVARD RASPAI",48.8548,2.32598,Plein jour,En agglomération,Intersection en T,Normale,Deux véhicules - côté,,,,,,,,,,,1,2,3,1,3.0
201600052126,0016-11-12 05:00:00,16,11,12,5,0,750,107,"93, QUAI D ORSAY",48.8622,2.30238,Nuit avec éclairage allumé,En agglomération,Hors intersection,Normale,Autre collision,,,,,,,,,,,5,2,1,1,6.0
201600052127,0016-11-13 05:05:00,16,11,13,5,5,750,107,"17, AVENUE DE VILLARS",48.8527,2.3133,Nuit avec éclairage allumé,En agglomération,Hors intersection,Pluie légère,Autre collision,,,,,,,,,,,5,2,1,2,6.0
201600052128,0016-11-14 18:16:00,16,11,14,18,16,750,107,RUE PIERRE VILLEY,48.8592,2.3051,Nuit avec éclairage allumé,En agglomération,Intersection en X,Pluie légère,Autre collision,,,,,,,,,,,5,2,2,2,6.0
201600052129,0016-11-21 20:45:00,16,11,21,20,45,750,107,"288, BOULEVARD SAINT GER",48.8622,2.31964,Nuit avec éclairage allumé,En agglomération,Intersection en X,Normale,Autre collision,,,,,,,,,,,5,2,2,1,6.0
201600052130,0016-11-22 18:20:00,16,11,22,18,20,750,107,"11 BIS, BOULEVARD RASPAI",48.8548,2.32598,Nuit avec éclairage allumé,En agglomération,Intersection en Y,Normale,Deux véhicules - côté,,,,,,,,,,,5,2,4,1,3.0
201600052131,0016-11-23 10:05:00,16,11,23,10,5,750,107,"96, RUE DE SEVRES",48.8461,2.31423,Plein jour,En agglomération,Intersection en T,Pluie légère,Deux véhicules - arrière,,,,,,,,,,,1,2,3,2,2.0
201600052132,0016-11-27 13:25:00,16,11,27,13,25,750,107,"85, AVENUE DE LA BOURDON",48.8562,2.30246,Plein jour,En agglomération,Intersection en X,Normale,Deux véhicules - côté,,,,,,,,,,,1,2,2,1,3.0
201600052133,0016-11-30 09:10:00,16,11,30,9,10,750,107,"241, BOULEVARD SAINT GER",48.8617,2.32011,Plein jour,En agglomération,Hors intersection,Normale,Autre collision,,,,,,,,,,,1,2,1,1,6.0
201600052134,0016-11-30 19:17:00,16,11,30,19,17,750,107,AVENUE DE LA MOTTE PICQU,48.8572,2.3099,Nuit avec éclairage allumé,En agglomération,Intersection en X,Normale,Deux véhicules - côté,,,,,,,,,,,5,2,2,1,3.0
201600052135,0016-11-30 19:08:00,16,11,30,19,8,750,107,PONT D IENA,48.859,2.29328,Nuit avec éclairage allumé,En agglomération,Intersection à plus de 4 branches,Normale,Autre collision,,,,,,,,,,,5,2,5,1,6.0
201600052136,0016-12-01 13:15:00,16,12,1,13,15,750,107,"55, RUE SAINT DOMINIQUE",48.8599,2.31574,Plein jour,En agglomération,Hors intersection,Normale,Deux véhicules - côté,,,,,,,,,,,1,2,1,1,3.0
201600052137,0016-12-01 16:45:00,16,12,1,16,45,750,107,QUAI D ORSAY,48.8625,2.30601,Crépuscule ou aube,En agglomération,Hors intersection,Normale,Sans collision,,,,,,,,,,,2,2,1,1,7.0
201600052138,0016-12-02 15:20:00,16,12,2,15,20,750,107,PONT DE LA CONCORDE,48.8632,2.31946,Plein jour,En agglomération,Hors intersection,Normale,Trois véhicules et plus - en chaîne,,,,,,,,,,,1,2,1,1,4.0
201600052139,0016-12-05 12:15:00,16,12,5,12,15,750,107,"231, BOULEVARD SAINT GER",48.86,2.3217,Plein jour,En agglomération,Intersection en X,Normale,Deux véhicules - arrière,,,,,,,,,,,1,2,2,1,2.0
201600052140,0016-12-05 23:20:00,16,12,5,23,20,750,107,BOULEVARD DE LA TOUR MAU,48.8599,2.31015,Nuit avec éclairage allumé,En agglomération,Intersection en X,Normale,Autre collision,,,,,,,,,,,5,2,2,1,6.0
201600052141,0016-12-13 09:05:00,16,12,13,9,5,750,107,"7, RUE DE SOLFERINO",48.8597,2.32311,Plein jour,En agglomération,Hors intersection,Pluie légère,Deux véhicules - arrière,,,,,,,,,,,1,2,1,2,2.0
201600052142,0016-12-16 09:15:00,16,12,16,9,15,750,107,"58BIS, BOULEVARD DE LA T",48.8581,2.31,Plein jour,En agglomération,Intersection en X,Normale,Autre collision,,,,,,,,,,,1,2,2,1,6.0
201600052143,0016-12-19 11:28:00,16,12,19,11,28,750,107,PLACE DE LA RESISTANCE,48.8619,2.30199,Plein jour,En agglomération,Place,Normale,Deux véhicules - côté,,,,,,,,,,,1,2,7,1,3.0
201600052144,0016-12-23 01:00:00,16,12,23,1,0,750,115,QUAI BRANLY,48.8575,2.29103,Nuit avec éclairage allumé,En agglomération,Intersection à plus de 4 branches,Normale,Autre collision,,,,,,,,,,,5,2,5,1,6.0
201600052145,0016-12-27 20:35:00,16,12,27,20,35,750,107,"38, BOULEVARD DES INVALI",48.8501,2.31471,Nuit avec éclairage allumé,En agglomération,Hors intersection,Normale,Autre collision,,,,,,,,,,,5,2,1,1,6.0
201600052146,0016-12-29 12:15:00,16,12,29,12,15,750,107,"11, RUE VANEAU",48.854,2.31955,Plein jour,En agglomération,Hors intersection,Normale,Deux véhicules - arrière,,,,,,,,,,,1,2,1,1,2.0
201600052147,0016-12-30 22:25:00,16,12,30,22,25,750,107,BOULEVARD DES INVALIDES,48.8494,2.3151,Nuit avec éclairage allumé,En agglomération,Intersection en X,Normale,Autre collision,,,,,,,,,,,5,2,2,1,6.0
201600052148,0016-01-02 20:00:00,16,1,2,20,0,750,108,"28, AVENUE DE FRIEDLAND",48.8742,2.29955,Nuit avec éclairage allumé,En agglomération,Intersection en Y,Pluie légère,Trois véhicules et plus - collisions multiples,,,,,,,,,,,5,2,4,2,5.0
201600052149,0016-01-04 08:45:00,16,1,4,8,45,750,108,"22, AVENUE MONTAIGNE",48.8664,2.30511,Plein jour,En agglomération,Intersection en T,Normale,Autre collision,,,,,,,,,,,1,2,3,1,6.0
201600052150,0016-01-05 12:10:00,16,1,5,12,10,750,108,"4, PLACE DE LA CONCORDE",48.8666,2.3219,Plein jour,En agglomération,Place,Pluie légère,Autre collision,,,,,,,,,,,1,2,7,2,6.0
201600052151,0016-01-05 19:15:00,16,1,5,19,15,750,108,AVENUE DES CHAMPS ELYSEE,48.8683,2.31235,Nuit avec éclairage allumé,En agglomération,Intersection en T,Normale,Autre collision,,,,,,,,,,,5,2,3,1,6.0
201600052152,0016-01-06 18:45:00,16,1,6,18,45,750,108,VOIE GEORGES POMPIDOU,48.8649,2.31637,Nuit avec éclairage allumé,En agglomération,Intersection en Y,Normale,Deux véhicules - arrière,,,,,,,,,,,5,2,4,1,2.0
201600052153,0016-01-08 14:30:00,16,1,8,14,30,750,108,"1, RUE DE LA PEPINIERE",48.8753,2.32421,Plein jour,En agglomération,Intersection à plus de 4 branches,Normale,Deux véhicules - arrière,,,,,,,,,,,1,2,5,1,2.0
201600052154,0016-01-08 18:00:00,16,1,8,18,0,750,108,"86, BOULEVARD HAUSSMANN",48.8741,2.32456,Nuit avec éclairage allumé,En agglomération,Intersection en X,Normale,Autre collision,,,,,,,,,,,5,2,2,1,6.0
201600052155,0016-01-08 18:30:00,16,1,8,18,30,750,108,"54, AVENUE HOCHE",48.8752,2.29841,Nuit avec éclairage allumé,En agglomération,Intersection en X,Normale,Deux véhicules - côté,,,,,,,,,,,5,2,2,1,3.0
201600052156,0016-01-09 17:20:00,16,1,9,17,20,750,108,PLACE CHARLES DE GAULLE,48.8741,2.29573,Nuit avec éclairage allumé,En agglomération,Place,Normale,Deux véhicules - côté,,,,,,,,,,,5,2,7,1,3.0
201600052157,0016-01-11 17:55:00,16,1,11,17,55,750,108,"90, RUE DE MIROMESNIL",48.8791,2.31547,Crépuscule ou aube,En agglomération,Intersection en X,Temps couvert,Autre collision,,,,,,,,,,,2,2,2,8,6.0
201600052158,0016-01-13 17:30:00,16,1,13,17,30,750,108,RUE DE LISBONNE,48.8779,2.31814,Nuit avec éclairage non allumé,En agglomération,Intersection en X,Normale,Sans collision,,,,,,,,,,,4,2,2,1,7.0
201600052159,0016-01-13 18:30:00,16,1,13,18,30,750,108,RUE FRANCOIS 1ER,48.868,2.30472,Nuit avec éclairage allumé,En agglomération,Intersection en T,Normale,Autre collision,,,,,,,,,,,5,2,3,1,6.0
201600052160,0016-01-14 16:20:00,16,1,14,16,20,750,108,RUE FRANCOIS 1ER,48.867,2.30631,Plein jour,En agglomération,Intersection en X,Normale,Deux véhicules - côté,,,,,,,,,,,1,2,2,1,3.0
201600052161,0016-01-15 17:40:00,16,1,15,17,40,750,108,"47, RUE D AMSTERDAM",48.8798,2.32701,Nuit sans éclairage public,En agglomération,Hors intersection,Normale,Sans collision,,,,,,,,,,,3,2,1,1,7.0
201600052162,0016-01-14 12:05:00,16,1,14,12,5,750,108,PLACE DE LA CONCORDE,48.8659,2.31989,Plein jour,En agglomération,Intersection en X,Normale,Deux véhicules - côté,,,,,,,,,,,1,2,2,1,3.0
201600052163,0016-01-17 22:20:00,16,1,17,22,20,750,108,"96, RUE LA BOETIE",48.8722,2.30905,Nuit avec éclairage allumé,En agglomération,Intersection en T,Normale,Deux véhicules - arrière,,,,,,,,,,,5,2,3,1,2.0
201600052164,0016-01-18 23:35:00,16,1,18,23,35,750,108,"44, AVENUE DES CHAMPS EL",48.8699,2.30733,Nuit avec éclairage allumé,En agglomération,Hors intersection,Normale,Deux véhicules - côté,,,,,,,,,,,5,2,1,1,3.0
201600052165,0016-01-19 12:40:00,16,1,19,12,40,750,108,"24, RUE CAMBACERES",48.8736,2.31777,Plein jour,En agglomération,Hors intersection,Normale,Sans collision,,,,,,,,,,,1,2,1,1,7.0
201600052166,0016-01-20 11:00:00,16,1,20,11,0,750,108,"82, RUE DE MIROMESNIL",48.8777,2.31559,Plein jour,En agglomération,Intersection en X,Normale,Autre collision,,,,,,,,,,,1,2,2,1,6.0
201600052167,0016-01-20 14:30:00,16,1,20,14,30,750,108,"20, AVENUE GEORGE V",48.8667,2.3013,Plein jour,En agglomération,Intersection en Y,Normale,Sans collision,,,,,,,,,,,1,2,4,1,7.0
201600052168,0016-01-21 08:40:00,16,1,21,8,40,750,108,"15, RUE DE CONSTANTINOPL",48.8799,2.3207,Plein jour,En agglomération,Intersection en X,Normale,Autre collision,,,,,,,,,,,1,2,2,1,6.0
201600052169,0016-01-22 14:25:00,16,1,22,14,25,750,108,"12, AVENUE MARCEAU",48.8661,2.29963,Plein jour,En agglomération,Intersection en T,Pluie forte,Deux véhicules - côté,,,,,,,,,,,1,2,3,3,3.0
201600052170,0016-01-25 12:30:00,16,1,25,12,30,750,108,"53, RUE DE MIROMESNIL",48.8753,2.31577,Plein jour,En agglomération,Intersection à plus de 4 branches,Temps éblouissant,Autre collision,,,,,,,,,,,1,2,5,7,6.0
201600052171,0016-01-26 12:50:00,16,1,26,12,50,750,108,"136, AVENUE DES CHAMPS E",48.8724,2.29949,Plein jour,En agglomération,Intersection en X,Normale,Autre collision,,,,,,,,,,,1,2,2,1,6.0
201600052172,0016-01-26 14:30:00,16,1,26,14,30,750,108,"4 TER, AVENUE HOCHE",48.8774,2.30369,Plein jour,En agglomération,Hors intersection,Normale,Deux véhicules - côté,,,,,,,,,,,1,2,1,1,3.0
201600052173,0016-01-26 19:15:00,16,1,26,19,15,750,108,AVENUE PERCIER,48.8737,2.31445,Crépuscule ou aube,En agglomération,Intersection en X,Normale,Autre collision,,,,,,,,,,,2,2,2,1,6.0
201600052174,0016-01-27 08:05:00,16,1,27,8,5,750,108,AVENUE GEORGE V,48.8718,2.30102,Plein jour,En agglomération,Intersection en X,Pluie légère,Autre collision,,,,,,,,,,,1,2,2,2,6.0
201600052175,0016-01-27 19:30:00,16,1,27,19,30,750,108,"72, RUE PIERRE CHARRON",48.8705,2.30531,Nuit avec éclairage allumé,En agglomération,Intersection en X,Normale,Autre collision,,,,,,,,,,,5,2,2,1,6.0
201600052176,0016-01-27 17:45:00,16,1,27,17,45,750,108,COURS LA REINE,48.865,2.31823,Nuit avec éclairage allumé,En agglomération,Hors intersection,Normale,Sans collision,,,,,,,,,,,5,2,1,1,7.0
201600052177,0016-01-28 15:10:00,16,1,28,15,10,750,108,AVENUE DES CHAMPS ELYSEE,48.8678,2.31384,Plein jour,En agglomération,Intersection à plus de 4 branches,Normale,Deux véhicules - côté,,,,,,,,,,,1,2,5,1,3.0
201600052178,0016-01-28 21:50:00,16,1,28,21,50,750,108,RUE DE MIROMESNIL,48.8777,2.31559,Nuit avec éclairage allumé,En agglomération,Intersection en X,Normale,Deux véhicules - côté,,,,,,,,,,,5,2,2,1,3.0
201600052179,0016-01-29 20:20:00,16,1,29,20,20,750,108,"06, RUE DE PONTHIEU",48.8702,2.31103,Nuit avec éclairage allumé,En agglomération,Intersection en X,Normale,Deux véhicules - côté,,,,,,,,,,,5,2,2,1,3.0
201600052180,0016-01-30 04:20:00,16,1,30,4,20,750,108,PLACE DE LA CONCORDE,48.8659,2.31989,Nuit avec éclairage allumé,En agglomération,Place,Pluie légère,Deux véhicules - côté,,,,,,,,,,,5,2,7,2,3.0
201600052181,0016-01-30 11:10:00,16,1,30,11,10,750,108,"32, AVENUE MARCEAU",48.8675,2.29922,Plein jour,En agglomération,Intersection à plus de 4 branches,Pluie légère,Autre collision,,,,,,,,,,,1,2,5,2,6.0
201600052182,0016-02-01 06:26:00,16,2,1,6,26,750,108,"115, BOULEVARD HAUSSMANN",48.8753,2.31577,Nuit avec éclairage allumé,En agglomération,Intersection à plus de 4 branches,Normale,Deux véhicules - côté,,,,,,,,,,,5,2,5,1,3.0
201600052183,0016-02-02 15:00:00,16,2,2,15,0,750,108,"3, RUE PASQUIER",48.8714,2.32306,Plein jour,En agglomération,Hors intersection,Pluie forte,Autre collision,,,,,,,,,,,1,2,1,3,6.0
201600052184,0016-02-03 12:10:00,16,2,3,12,10,750,108,RUE DE MARIGNAN,48.8692,2.30646,Plein jour,En agglomération,Hors intersection,Normale,Deux véhicules - côté,,,,,,,,,,,1,2,1,1,3.0
201600052185,0016-02-03 17:45:00,16,2,3,17,45,750,108,"45, RUE DE COURCELLES",48.8764,2.30786,Plein jour,En agglomération,Intersection à plus de 4 branches,Temps couvert,Deux véhicules - côté,,,,,,,,,,,1,2,5,8,3.0