accident_id,datetime,annee,mois,jour,heure,minute,departement,commune_insee,adresse,latitude,longitude,luminosite,agglomeration,intersection,meteo,collision,nb_vehicules,nb_usagers,nb_indemnes,nb_tues,nb_blesses_hosp,nb_blesses_legers,age_cond_1,age_cond_2,veh_type_cond_1,veh_type_cond_2,lum_code,agg_code,int_code,atm_code,col_code
201600052186,0016-02-09 10:10:00,16,2,9,10,10,750,108,PLACE DE LA CONCORDE,48.866,2.32191,Plein jour,En agglomération,Place,Pluie légère,Sans collision,,,,,,,,,,,1,2,7,2,7.0
201600052187,0016-02-10 20:30:00,16,2,10,20,30,750,108,"15, AVENUE DE FRIEDLAND",48.8747,2.30362,Nuit avec éclairage allumé,En agglomération,Place,Temps couvert,Deux véhicules - côté,,,,,,,,,,,5,2,7,8,3.0
201600052188,0016-02-12 11:30:00,16,2,12,11,30,750,108,PLACE DU CANADA,48.8643,2.31033,Plein jour,En agglomération,Place,Pluie légère,Deux véhicules - côté,,,,,,,,,,,1,2,7,2,3.0
201600052189,0016-02-12 18:00:00,16,2,12,18,0,750,108,PLACE DE LA MADELEINE,48.8698,2.3251,Crépuscule ou aube,En agglomération,Hors intersection,Pluie légère,Deux véhicules - côté,,,,,,,,,,,2,2,1,2,3.0
201600052190,0016-02-12 18:30:00,16,2,12,18,30,750,108,VOIE GEORGES POMPIDOU,48.8647,2.30885,Nuit avec éclairage allumé,En agglomération,Hors intersection,Pluie légère,Deux véhicules - arrière,,,,,,,,,,,5,2,1,2,2.0
201600052191,0016-02-13 02:40:00,16,2,13,2,40,750,117,"53, RUE GUY MOQUET",48.8925,2.32472,Nuit avec éclairage allumé,En agglomération,Intersection en X,Normale,Autre collision,,,,,,,,,,,5,2,2,1,6.0
201600052192,0016-02-13 15:20:00,16,2,13,15,20,750,108,"66, RUE DES MATHURINS",48.8735,2.32084,Plein jour,En agglomération,Intersection en X,Pluie légère,Autre collision,,,,,,,,,,,1,2,2,2,6.0
201600052193,0016-02-15 08:45:00,16,2,15,8,45,750,108,"11, AVENUE GEORGE V",48.8661,2.30132,Plein jour,En agglomération,Intersection en Y,Normale,Sans collision,,,,,,,,,,,1,2,4,1,7.0
201600052194,0016-02-16 07:10:00,16,2,16,7,10,750,116,PLACE CHARLES DE GAULLE,48.874,2.29417,Plein jour,En agglomération,Place,Normale,Deux véhicules - côté,,,,,,,,,,,1,2,7,1,3.0
201600052195,0016-02-16 09:45:00,16,2,16,9,45,750,108,"1, RUE TRONCHET",48.8709,2.32505,Plein jour,En agglomération,Place,Normale,Autre collision,,,,,,,,,,,1,2,7,1,6.0
201600052196,0016-02-17 08:46:00,16,2,17,8,46,750,108,PLACE DE LA CONCORDE,48.865,2.32027,Plein jour,En agglomération,Place,Normale,Deux véhicules - côté,,,,,,,,,,,1,2,7,1,3.0
201600052197,0016-02-18 11:30:00,16,2,18,11,30,750,108,"154, AVENUE DES CHAMPS E",48.8731,2.29709,Plein jour,En agglomération,Intersection à plus de 4 branches,Neige / grêle,Deux véhicules - côté,,,,,,,,,,,1,2,5,4,3.0
201600052198,0016-02-18 19:22:00,16,2,18,19,22,750,108,"3, RUE TRONCHET",48.8711,2.32522,Nuit avec éclairage allumé,En agglomération,Hors intersection,Pluie légère,Deux véhicules - côté,,,,,,,,,,,5,2,1,2,3.0
201600052199,0016-02-19 09:50:00,16,2,19,9,50,750,108,"32, AVENUE GEORGE V",48.8684,2.30112,Plein jour,En agglomération,Intersection en X,Normale,Deux véhicules - arrière,,,,,,,,,,,1,2,2,1,2.0
201600052200,0016-02-20 20:40:00,16,2,20,20,40,750,108,"177, RUE DU FAUBOURG SAI",48.8749,2.3059,Nuit avec éclairage allumé,En agglomération,Intersection à plus de 4 branches,Normale,Sans collision,,,,,,,,,,,5,2,5,1,7.0
201600052201,0016-02-22 11:20:00,16,2,22,11,20,750,108,"2, AVENUE MATIGNON",48.8699,2.31195,Plein jour,En agglomération,Intersection en X,Normale,Autre collision,,,,,,,,,,,1,2,2,1,6.0
201600052202,0016-02-22 22:10:00,16,2,22,22,10,750,108,"11, AVENUE MONTAIGNE",48.8653,2.30289,Nuit avec éclairage allumé,En agglomération,Intersection en T,Pluie légère,Deux véhicules - côté,,,,,,,,,,,5,2,3,2,3.0
201600052203,0016-02-23 08:40:00,16,2,23,8,40,750,108,"32, RUE PASQUIER",48.8734,2.32365,Plein jour,En agglomération,Intersection en X,Pluie légère,Autre collision,,,,,,,,,,,1,2,2,2,6.0
201600052204,0016-02-24 14:11:00,16,2,24,14,11,750,108,"58, AVENUE MONTAIGNE",48.8683,2.30883,Plein jour,En agglomération,Hors intersection,Temps couvert,Autre collision,,,,,,,,,,,1,2,1,8,6.0
201600052205,0016-02-25 11:25:00,16,2,25,11,25,750,108,"77, AVENUE DES CHAMPS EL",48.8712,2.303,Plein jour,En agglomération,Hors intersection,Normale,Sans collision,,,,,,,,,,,1,2,1,1,7.0
201600052206,0016-02-25 22:25:00,16,2,25,22,25,750,108,"68, RUE DE ROME",48.8805,2.32133,Nuit avec éclairage allumé,En agglomération,Intersection en T,Normale,Deux véhicules - arrière,,,,,,,,,,,5,2,3,1,2.0
201600052207,0016-02-26 13:40:00,16,2,26,13,40,750,108,"35, AVENUE DE FRIEDLAND",48.8742,2.29955,Plein jour,En agglomération,Intersection en Y,Normale,Deux véhicules - côté,,,,,,,,,,,1,2,4,1,3.0
201600052208,0016-02-26 14:30:00,16,2,26,14,30,750,108,"48, BOULEVARD MALESHERBE",48.8766,2.31757,Plein jour,En agglomération,Intersection en X,Normale,Deux véhicules - côté,,,,,,,,,,,1,2,2,1,3.0
201600052209,0016-02-27 05:30:00,16,2,27,5,30,750,108,"10, RUE SAINT PHILIPPE D",48.8727,2.30804,Nuit avec éclairage allumé,En agglomération,Intersection à plus de 4 branches,Normale,Autre collision,,,,,,,,,,,5,2,5,1,6.0
201600052210,0016-03-01 15:25:00,16,3,1,15,25,750,108,AVENUE WINSTON CHURCHILL,48.8666,2.31388,Plein jour,En agglomération,Hors intersection,Pluie légère,Deux véhicules - arrière,,,,,,,,,,,1,2,1,2,2.0
201600052211,0016-03-01 20:24:00,16,3,1,20,24,750,108,"21, RUE DE LA PEPINIERE",48.8751,2.32203,Nuit avec éclairage allumé,En agglomération,Hors intersection,Normale,Deux véhicules - côté,,,,,,,,,,,5,2,1,1,3.0
201600052212,0016-03-02 01:50:00,16,3,2,1,50,750,108,RUE DE PONTHIEU,48.8714,2.30728,Nuit avec éclairage allumé,En agglomération,Intersection en X,Pluie légère,Deux véhicules - côté,,,,,,,,,,,5,2,2,2,3.0
201600052213,0016-03-02 10:30:00,16,3,2,10,30,750,108,"31, RUE D ANJOU",48.8719,2.32193,Plein jour,En agglomération,Intersection à plus de 4 branches,Normale,Autre collision,,,,,,,,,,,1,2,5,1,6.0
201600052214,0016-03-02 15:50:00,16,3,2,15,50,750,108,"37, RUE DE BERRI",48.8737,2.30647,Plein jour,En agglomération,Intersection en X,Normale,Deux véhicules - côté,,,,,,,,,,,1,2,2,1,3.0
201600052215,0016-03-02 19:30:00,16,3,2,19,30,750,108,"2, AVENUE DE WAGRAM",48.8751,2.29601,Nuit avec éclairage allumé,En agglomération,Place,Pluie légère,Deux véhicules - arrière,,,,,,,,,,,5,2,7,2,2.0
201600052216,0016-03-02 20:07:00,16,3,2,20,7,750,108,COURS ALBERT 1ER,48.8649,2.31027,Nuit avec éclairage allumé,En agglomération,Place,Normale,Autre collision,,,,,,,,,,,5,2,7,1,6.0
201600052217,0016-03-03 02:30:00,16,3,3,2,30,750,108,"41, RUE DE ROME",48.8781,2.32257,Nuit avec éclairage allumé,En agglomération,Intersection en X,Pluie légère,Autre collision,,,,,,,,,,,5,2,2,2,6.0
201600052218,0016-03-03 15:50:00,16,3,3,15,50,750,108,AVENUE GEORGE V,48.871,2.3009,Plein jour,En agglomération,Intersection en X,Normale,Autre collision,,,,,,,,,,,1,2,2,1,6.0
201600052219,0016-03-04 00:40:00,16,3,4,0,40,750,108,"140, AVENUE DES CHAMPS E",48.8726,2.29881,Nuit avec éclairage allumé,En agglomération,Hors intersection,Pluie légère,Deux véhicules - côté,,,,,,,,,,,5,2,1,2,3.0
201600052220,0016-03-06 06:20:00,16,3,6,6,20,750,108,"30, RUE DE SAINT PETERSB",48.8823,2.32604,Nuit avec éclairage allumé,En agglomération,Intersection en Y,Pluie légère,Autre collision,,,,,,,,,,,5,2,4,2,6.0
201600052221,0016-03-06 16:00:00,16,3,6,16,0,750,108,"22, AVENUE DES CHAMPS EL",48.869,2.31008,Plein jour,En agglomération,Place,Normale,Deux véhicules - arrière,,,,,,,,,,,1,2,7,1,2.0
201600052222,0016-03-07 17:00:00,16,3,7,17,0,750,108,"48, RUE PIERRE CHARRON",48.8692,2.30277,Plein jour,En agglomération,Intersection en X,Normale,Autre collision,,,,,,,,,,,1,2,2,1,6.0
201600052223,0016-03-07 18:20:00,16,3,7,18,20,750,108,PLACE DE LA CONCORDE,48.8647,2.32055,Nuit avec éclairage allumé,En agglomération,Place,Pluie légère,Deux véhicules - côté,,,,,,,,,,,5,2,7,2,3.0
201600052224,0016-03-08 19:50:00,16,3,8,19,50,750,108,PLACE DE LA CONCORDE,48.8659,2.31989,Nuit avec éclairage allumé,En agglomération,Place,Normale,Deux véhicules - côté,,,,,,,,,,,5,2,7,1,3.0
201600052225,0016-03-09 10:18:00,16,3,9,10,18,750,108,AVENUE DE MARIGNY,48.869,2.31475,Plein jour,En agglomération,Intersection en X,Pluie légère,Autre collision,,,,,,,,,,,1,2,2,2,6.0
201600052226,0016-03-09 11:20:00,16,3,9,11,20,750,108,"24, AVENUE DES CHAMPS EL",48.8694,2.30874,Plein jour,En agglomération,Hors intersection,Pluie légère,Deux véhicules - arrière,,,,,,,,,,,1,2,1,2,2.0
201600052227,0016-03-10 09:40:00,16,3,10,9,40,750,108,PLACE DE LA CONCORDE,48.867,2.32059,Plein jour,En agglomération,Place,Normale,Deux véhicules - côté,,,,,,,,,,,1,2,7,1,3.0
201600052228,0016-03-10 20:10:00,16,3,10,20,10,750,108,"71, AVENUE DES CHAMPS EL",48.8711,2.3035,Nuit avec éclairage non allumé,En agglomération,Intersection en T,Normale,Deux véhicules - arrière,,,,,,,,,,,4,2,3,1,2.0
201600052229,0016-03-11 15:20:00,16,3,11,15,20,750,108,"25, BOULEVARD DE COURCEL",48.881,2.31413,Plein jour,En agglomération,Hors intersection,Normale,Autre collision,,,,,,,,,,,1,2,1,1,6.0
201600052230,0016-03-13 06:20:00,16,3,13,6,20,750,108,"131, RUE DU FAUBOURG SAI",48.8735,2.30913,Nuit avec éclairage allumé,En agglomération,Intersection en T,Normale,Autre collision,,,,,,,,,,,5,2,3,1,6.0
201600052231,0016-03-13 08:11:00,16,3,13,8,11,750,108,PLACE CHARLES DE GAULLE,48.8735,2.29579,Plein jour,En agglomération,Giratoire,Normale,Deux véhicules - côté,,,,,,,,,,,1,2,6,1,3.0
201600052232,0016-03-13 12:40:00,16,3,13,12,40,750,108,"45, BOULEVARD DE COURCEL",48.8796,2.30499,Plein jour,En agglomération,Intersection en X,Normale,Deux véhicules - côté,,,,,,,,,,,1,2,2,1,3.0
201600052233,0016-03-16 16:00:00,16,3,16,16,0,750,108,PLACE DU CANADA,48.8646,2.3103,Plein jour,En agglomération,Intersection en X,Normale,Deux véhicules - côté,,,,,,,,,,,1,2,2,1,3.0
201600052234,0016-03-17 15:40:00,16,3,17,15,40,750,108,"1, RUE DE LISBONNE",48.8779,2.31814,Plein jour,En agglomération,Intersection en X,Normale,Deux véhicules - côté,,,,,,,,,,,1,2,2,1,3.0
201600052235,0016-03-18 16:30:00,16,3,18,16,30,750,108,"16, RUE DE LA BIENFAISAN",48.8767,2.31927,Plein jour,En agglomération,Intersection à plus de 4 branches,Normale,Autre collision,,,,,,,,,,,1,2,5,1,6.0
201600052236,0016-03-19 11:30:00,16,3,19,11,30,750,108,AVENUE DES CHAMPS ELYSEE,48.8686,2.31135,Plein jour,En agglomération,Hors intersection,Normale,Trois véhicules et plus - en chaîne,,,,,,,,,,,1,2,1,1,4.0
201600052237,0016-03-23 10:30:00,16,3,23,10,30,750,108,"11, PLACE SAINT AUGUSTIN",48.8756,2.31881,Plein jour,En agglomération,Place,Normale,Deux véhicules - côté,,,,,,,,,,,1,2,7,1,3.0
201600052238,0016-03-24 09:20:00,16,3,24,9,20,750,108,PLACE CLEMENCEAU,48.8678,2.31384,Plein jour,En agglomération,Place,Normale,Deux véhicules - côté,,,,,,,,,,,1,2,7,1,3.0
201600052239,0016-03-24 14:04:00,16,3,24,14,4,750,108,"101, AVENUE DES CHAMPS E",48.8718,2.30102,Plein jour,En agglomération,Intersection en X,Normale,Deux véhicules - côté,,,,,,,,,,,1,2,2,1,3.0
201600052240,0016-03-24 15:10:00,16,3,24,15,10,750,108,AVENUE FRANKLIN D ROOSEV,48.8726,2.31002,Plein jour,En agglomération,Place,Normale,Deux véhicules - côté,,,,,,,,,,,1,2,7,1,3.0
201600052241,0016-03-25 09:15:00,16,3,25,9,15,750,108,"/, AVENUE DE MARIGNY",48.8678,2.31384,Plein jour,En agglomération,Place,Pluie légère,Deux véhicules - côté,,,,,,,,,,,1,2,7,2,3.0
201600052242,0016-03-25 09:10:00,16,3,25,9,10,750,108,"1, PLACE DU GENERAL BROC",48.878,2.30522,Plein jour,En agglomération,Place,Vent fort / tempête,Deux véhicules - côté,,,,,,,,,,,1,2,7,6,3.0
201600052243,0016-03-25 11:50:00,16,3,25,11,50,750,108,"7, BOULEVARD MALESHERBES",48.8706,2.32286,Plein jour,En agglomération,Intersection en Y,Normale,Deux véhicules - côté,,,,,,,,,,,1,2,4,1,3.0
201600052244,0016-03-25 17:58:00,16,3,25,17,58,750,108,COURS LA REINE,48.8645,2.30732,Plein jour,En agglomération,Hors intersection,Normale,Deux véhicules - arrière,,,,,,,,,,,1,2,1,1,2.0
201600052245,0016-03-27 18:53:00,16,3,27,18,53,750,108,"105BIS, BOULEVARD MALESH",48.8797,2.31397,Plein jour,En agglomération,Intersection en T,Normale,Deux véhicules - côté,,,,,,,,,,,1,2,3,1,3.0
201600052246,0016-03-28 03:00:00,16,3,28,3,0,750,108,"6, AVENUE DE FRIEDLAND",48.8748,2.3047,Nuit avec éclairage allumé,En agglomération,Intersection en Y,Pluie légère,Autre collision,,,,,,,,,,,5,2,4,2,6.0
201600052247,0016-03-28 23:00:00,16,3,28,23,0,750,108,ROND POINT CHAMPS ELYSEE,48.869,2.31008,Nuit avec éclairage allumé,En agglomération,Place,Pluie légère,Deux véhicules - arrière,,,,,,,,,,,5,2,7,2,2.0
201600052248,0016-03-29 17:40:00,16,3,29,17,40,750,108,"30, AVENUE MONTAIGNE",48.867,2.30631,Plein jour,En agglomération,Intersection en X,Pluie légère,Autre collision,,,,,,,,,,,1,2,2,2,6.0
201600052249,0016-03-30 17:30:00,16,3,30,17,30,750,108,"78, RUE DE ROME",48.8809,2.32109,Plein jour,En agglomération,Intersection en T,Pluie légère,Deux véhicules - côté,,,,,,,,,,,1,2,3,2,3.0
201600052250,0016-04-01 06:30:00,16,4,1,6,30,750,108,ROND POINT CHAMPS ELYSEE,48.869,2.31008,Plein jour,En agglomération,Place,Normale,Trois véhicules et plus - collisions multiples,,,,,,,,,,,1,2,7,1,5.0
201600052251,0016-04-01 14:20:00,16,4,1,14,20,750,108,"22, AVENUE DES CHAMPS EL",48.869,2.31008,Plein jour,En agglomération,Place,Normale,Deux véhicules - arrière,,,,,,,,,,,1,2,7,1,2.0
201600052252,0016-04-03 10:00:00,16,4,3,10,0,750,108,"153, BOULEVARD HAUSSMANN",48.8751,2.31058,Plein jour,En agglomération,Hors intersection,Normale,Deux véhicules - côté,,,,,,,,,,,1,2,1,1,3.0
201600052253,0016-04-01 21:30:00,16,4,1,21,30,750,108,COURS LA REINE,48.8646,2.3103,Nuit avec éclairage allumé,En agglomération,Place,Normale,Deux véhicules - côté,,,,,,,,,,,5,2,7,1,3.0
201600052254,0016-04-04 12:50:00,16,4,4,12,50,750,108,"109, BOULEVARD MALESHERB",48.8799,2.31368,Plein jour,En agglomération,Hors intersection,Normale,Deux véhicules - frontale,,,,,,,,,,,1,2,1,1,1.0
201600052255,0016-04-04 22:45:00,16,4,4,22,45,750,108,"116, AVENUE DES CHAMPS E",48.8718,2.30102,Nuit avec éclairage allumé,En agglomération,Intersection en X,Pluie légère,Autre collision,,,,,,,,,,,5,2,2,2,6.0
201600052256,0016-04-05 14:15:00,16,4,5,14,15,750,108,COURS ALBERT 1ER,48.8642,2.30178,Plein jour,En agglomération,Intersection à plus de 4 branches,Normale,Deux véhicules - côté,,,,,,,,,,,1,2,5,1,3.0
201600052257,0016-04-05 14:50:00,16,4,5,14,50,750,108,"54, RUE DE ROME",48.8795,2.32177,Plein jour,En agglomération,Intersection à plus de 4 branches,Normale,Autre collision,,,,,,,,,,,1,2,5,1,6.0
201600052258,0016-04-06 17:30:00,16,4,6,17,30,750,108,AVENUE DES CHAMPS ELYSEE,48.8659,2.31989,Plein jour,En agglomération,Intersection en X,Normale,Deux véhicules - côté,,,,,,,,,,,1,2,2,1,3.0
201600052259,0016-04-07 12:10:00,16,4,7,12,10,750,108,"17, RUE QUENTIN BAUCHART",48.8701,2.30102,Plein jour,En agglomération,Place,Normale,Autre collision,,,,,,,,,,,1,2,7,1,6.0
201600052260,0016-04-07 13:49:00,16,4,7,13,49,750,108,"1, AVENUE DE FRIEDLAND",48.8748,2.3047,Plein jour,En agglomération,Intersection en Y,Normale,Sans collision,,,,,,,,,,,1,2,4,1,7.0
201600052261,0016-04-07 16:15:00,16,4,7,16,15,750,108,"78, RUE DE ROME",48.8809,2.32109,Plein jour,En agglomération,Intersection en T,Pluie légère,Autre collision,,,,,,,,,,,1,2,3,2,6.0
201600052262,0016-04-07 18:15:00,16,4,7,18,15,750,108,PLACE DE DUBLIN,48.8809,2.32472,Plein jour,En agglomération,Place,Normale,Autre collision,,,,,,,,,,,1,2,7,1,6.0
201600052263,0016-04-07 19:20:00,16,4,7,19,20,750,108,"2, RUE DE TURIN",48.8809,2.32472,Plein jour,En agglomération,Place,Normale,Autre collision,,,,,,,,,,,1,2,7,1,6.0
201600052264,0016-04-08 10:10:00,16,4,8,10,10,750,108,"49, AVENUE DE FRIEDLAND",48.874,2.29728,Plein jour,En agglomération,Place,Normale,Autre collision,,,,,,,,,,,1,2,7,1,6.0
201600052265,0016-04-08 17:37:00,16,4,8,17,37,750,108,AVENUE DES CHAMPS ELYSEE,48.869,2.31008,Plein jour,En agglomération,Place,Normale,Deux véhicules - côté,,,,,,,,,,,1,2,7,1,3.0
201600052266,0016-04-07 13:00:00,16,4,7,13,0,750,108,"07, RUE TRONCHET",48.8714,2.32542,Plein jour,En agglomération,Hors intersection,Normale,Autre collision,,,,,,,,,,,1,2,1,1,6.0
201600052267,0016-04-11 09:10:00,16,4,11,9,10,750,108,"5, PLACE SAINT AUGUSTIN",48.8747,2.32004,Plein jour,En agglomération,Intersection à plus de 4 branches,Pluie légère,Deux véhicules - côté,,,,,,,,,,,1,2,5,2,3.0
201600052268,0016-04-11 09:00:00,16,4,11,9,0,750,108,"22, AVENUE HOCHE",48.8774,2.30369,Plein jour,En agglomération,Hors intersection,Pluie légère,Deux véhicules - côté,,,,,,,,,,,1,2,1,2,3.0
201600052269,0016-04-11 10:20:00,16,4,11,10,20,750,108,"62, BOULEVARD MALESHERBE",48.8778,2.31618,Plein jour,En agglomération,Intersection en X,Pluie légère,Autre collision,,,,,,,,,,,1,2,2,2,6.0
201600052270,0016-04-11 16:40:00,16,4,11,16,40,750,108,"19, RUE DE ROME",48.8761,2.32365,Plein jour,En agglomération,Hors intersection,Pluie légère,Sans collision,,,,,,,,,,,1,2,1,2,7.0
201600052271,0016-04-12 19:25:00,16,4,12,19,25,750,108,"170, BOULEVARD HAUSSMANN",48.875,2.30914,Plein jour,En agglomération,Intersection en X,Normale,Autre collision,,,,,,,,,,,1,2,2,1,6.0
201600052272,0016-04-13 11:20:00,16,4,13,11,20,750,108,"31, RUE TRONCHET",48.8731,2.32672,Plein jour,En agglomération,Intersection à plus de 4 branches,Normale,Deux véhicules - côté,,,,,,,,,,,1,2,5,1,3.0
201600052273,0016-04-13 13:45:00,16,4,13,13,45,750,108,PLACE DE LA CONCORDE,48.8666,2.3219,Plein jour,En agglomération,Place,Normale,Deux véhicules - côté,,,,,,,,,,,1,2,7,1,3.0
201600052274,0016-04-14 12:45:00,16,4,14,12,45,750,108,AVENUE DE MARIGNY,48.8684,2.31427,Plein jour,En agglomération,Hors intersection,Normale,Deux véhicules - arrière,,,,,,,,,,,1,2,1,1,2.0
201600052275,0016-04-14 21:00:00,16,4,14,21,0,750,108,"8, RUE ROYALE",48.8684,2.32324,Nuit avec éclairage allumé,En agglomération,Intersection en X,Pluie légère,Deux véhicules - frontale,,,,,,,,,,,5,2,2,2,1.0
201600052276,0016-04-16 12:10:00,16,4,16,12,10,750,108,AVENUE DES CHAMPS ELYSEE,48.8678,2.31384,Plein jour,En agglomération,Place,Pluie légère,Deux véhicules - arrière,,,,,,,,,,,1,2,7,2,2.0
201600052277,0016-04-16 19:50:00,16,4,16,19,50,750,108,"4, PLACE DE LA CONCORDE",48.8666,2.3219,Plein jour,En agglomération,Place,Normale,Deux véhicules - côté,,,,,,,,,,,1,2,7,1,3.0
201600052278,0016-04-17 07:45:00,16,4,17,7,45,750,108,"165, RUE DU FAUBOURG SAI",48.8749,2.30541,Plein jour,En agglomération,Intersection en X,Normale,Deux véhicules - côté,,,,,,,,,,,1,2,2,1,3.0
201600052279,0016-04-17 13:09:00,16,4,17,13,9,750,108,"20, AVENUE GEORGE V",48.8667,2.3013,Plein jour,En agglomération,Intersection en Y,Normale,Autre collision,,,,,,,,,,,1,2,4,1,6.0
201600052280,0016-04-19 10:25:00,16,4,19,10,25,750,108,"113, RUE DU FAUBOURG SAI",48.8728,2.31068,Plein jour,En agglomération,Intersection en X,Normale,Deux véhicules - côté,,,,,,,,,,,1,2,2,1,3.0
201600052281,0016-04-21 19:15:00,16,4,21,19,15,750,108,"17, RUE TRONCHET",48.8721,2.32594,Plein jour,En agglomération,Intersection en T,Normale,Deux véhicules - arrière,,,,,,,,,,,1,2,3,1,2.0
201600052282,0016-04-23 02:20:00,16,4,23,2,20,750,108,RUE PIERRE CHARRON,48.8684,2.30112,Nuit avec éclairage allumé,En agglomération,Intersection en X,Pluie légère,Deux véhicules - côté,,,,,,,,,,,5,2,2,2,3.0
201600052283,0016-04-23 03:20:00,16,4,23,3,20,750,108,"114, AVENUE DES CHAMPS E",48.8718,2.30102,Nuit avec éclairage allumé,En agglomération,Intersection en X,Pluie forte,Sans collision,,,,,,,,,,,5,2,2,3,7.0
201600052284,0016-04-23 18:15:00,16,4,23,18,15,750,108,AVENUE DE FRIEDLAND,48.8742,2.29955,Plein jour,En agglomération,Intersection en Y,Normale,Deux véhicules - côté,,,,,,,,,,,1,2,4,1,3.0
201600052285,0016-04-28 11:30:00,16,4,28,11,30,750,108,"82, RUE DE ROME",48.8812,2.32094,Plein jour,En agglomération,Hors intersection,Normale,Deux véhicules - côté,,,,,,,,,,,1,2,1,1,3.0
201600052286,0016-04-28 12:21:00,16,4,28,12,21,750,108,"78, RUE DE ROME",48.8809,2.32109,Plein jour,En agglomération,Intersection en T,Normale,Autre collision,,,,,,,,,,,1,2,3,1,6.0
201600052287,0016-04-28 19:10:00,16,4,28,19,10,750,108,"29, RUE TRONCHET",48.8731,2.32672,Plein jour,En agglomération,Intersection en Y,Normale,Autre collision,,,,,,,,,,,1,2,4,1,6.0
201600052288,0016-04-29 15:20:00,16,4,29,15,20,750,108,"91, AVENUE DES CHAMPS EL",48.8714,2.30253,Plein jour,En agglomération,Intersection en X,Normale,Deux véhicules - arrière,,,,,,,,,,,1,2,2,1,2.0
201600052289,0016-04-30 02:50:00,16,4,30,2,50,750,108,AVENUE DES CHAMPS ELYSEE,48.8701,2.30662,Nuit avec éclairage allumé,En agglomération,Intersection en X,Normale,Autre collision,,,,,,,,,,,5,2,2,1,6.0
201600052290,0016-04-30 09:40:00,16,4,30,9,40,750,108,"51, BOULEVARD DES BATIGN",48.8817,2.31881,Plein jour,En agglomération,Intersection en X,Pluie légère,Autre collision,,,,,,,,,,,1,2,2,2,6.0
201600052291,0016-04-30 13:30:00,16,4,30,13,30,750,108,"51, RUE DE ROME",48.8788,2.32221,Plein jour,En agglomération,Intersection en X,Pluie légère,Autre collision,,,,,,,,,,,1,2,2,2,6.0
201600052292,0016-04-30 15:55:00,16,4,30,15,55,750,108,"73, AVENUE DES CHAMPS EL",48.8711,2.3035,Plein jour,En agglomération,Intersection en T,Pluie légère,Deux véhicules - arrière,,,,,,,,,,,1,2,3,2,2.0
201600052293,0016-05-01 18:05:00,16,5,1,18,5,750,108,AVENUE DE MARIGNY,48.869,2.31475,Plein jour,En agglomération,Intersection en X,Normale,Deux véhicules - côté,,,,,,,,,,,1,2,2,1,3.0
201600052294,0016-05-02 02:00:00,16,5,2,2,0,750,116,"69, BOULEVARD SUCHET",48.8514,2.26083,Nuit avec éclairage allumé,En agglomération,Hors intersection,Normale,Deux véhicules - côté,,,,,,,,,,,5,2,1,1,3.0
201600052295,0016-05-02 09:50:00,16,5,2,9,50,750,108,"156, AVENUE DES CHAMPS E",48.8732,2.29676,Plein jour,En agglomération,Hors intersection,Normale,Deux véhicules - arrière,,,,,,,,,,,1,2,1,1,2.0
201600052296,0016-05-03 11:40:00,16,5,3,11,40,750,108,"156, AVENUE DES CHAMPS E",48.8732,2.29676,Plein jour,En agglomération,Hors intersection,Normale,Trois véhicules et plus - en chaîne,,,,,,,,,,,1,2,1,1,4.0
201600052297,0016-05-03 12:05:00,16,5,3,12,5,750,108,PLACE DE LA CONCORDE,48.8666,2.3219,Plein jour,En agglomération,Place,Normale,Autre collision,,,,,,,,,,,1,2,7,1,6.0
201600052298,0016-05-03 15:00:00,16,5,3,15,0,750,108,"46, RUE DE LABORDE",48.8754,2.31652,Plein jour,En agglomération,Hors intersection,Normale,Deux véhicules - côté,,,,,,,,,,,1,2,1,1,3.0
201600052299,0016-05-04 10:40:00,16,5,4,10,40,750,108,"43, BOULEVARD MALESHERBE",48.8741,2.32039,Plein jour,En agglomération,Hors intersection,Normale,Deux véhicules - côté,,,,,,,,,,,1,2,1,1,3.0
201600052300,0016-05-04 20:25:00,16,5,4,20,25,750,108,"117, AVENUE DES CHAMPS E",48.8724,2.29949,Crépuscule ou aube,En agglomération,Intersection en X,Normale,Deux véhicules - côté,,,,,,,,,,,2,2,2,1,3.0
201600052301,0016-05-05 01:20:00,16,5,5,1,20,750,108,"12, AVENUE PERCIER",48.8752,2.31436,Nuit avec éclairage allumé,En agglomération,Intersection en T,Normale,Sans collision,,,,,,,,,,,5,2,3,1,7.0
201600052302,0016-05-05 20:40:00,16,5,5,20,40,750,117,"6, PLACE DES TERNES",48.8782,2.29874,Plein jour,En agglomération,Place,Normale,Sans collision,,,,,,,,,,,1,2,7,1,7.0
201600052303,0016-05-06 00:32:00,16,5,6,0,32,750,108,VOIE GEORGES POMPIDOU,48.8649,2.31798,Nuit avec éclairage allumé,En agglomération,Intersection en Y,Normale,Autre collision,,,,,,,,,,,5,2,4,1,6.0
201600052304,0016-05-07 19:15:00,16,5,7,19,15,750,108,"40, AVENUE GABRIEL",48.8695,2.31337,Plein jour,En agglomération,Intersection en Y,Normale,Deux véhicules - côté,,,,,,,,,,,1,2,4,1,3.0
201600052305,0016-05-08 08:50:00,16,5,8,8,50,750,108,"16, RUE DE LA VILLE L EV",48.8715,2.32034,Plein jour,En agglomération,Hors intersection,Normale,Deux véhicules - côté,,,,,,,,,,,1,2,1,1,3.0
201600052306,0016-05-08 23:25:00,16,5,8,23,25,750,108,"110, RUE SAINT LAZARE",48.8753,2.32485,Nuit avec éclairage allumé,En agglomération,Place,Normale,Autre collision,,,,,,,,,,,5,2,7,1,6.0