accident_id,datetime,annee,mois,jour,heure,minute,departement,commune_insee,adresse,latitude,longitude,luminosite,agglomeration,intersection,meteo,collision,nb_vehicules,nb_usagers,nb_indemnes,nb_tues,nb_blesses_hosp,nb_blesses_legers,age_cond_1,age_cond_2,veh_type_cond_1,veh_type_cond_2,lum_code,agg_code,int_code,atm_code,col_code
201600052307,0016-05-09 12:00:00,16,5,9,12,0,750,108,"2, AVENUE DE FRIEDLAND",48.8749,2.30541,Plein jour,En agglomération,Intersection en X,Normale,Deux véhicules - côté,,,,,,,,,,,1,2,2,1,3.0
201600052308,0016-05-09 14:25:00,16,5,9,14,25,750,108,"19, RUE TRONCHET",48.8721,2.32594,Plein jour,En agglomération,Intersection en T,Temps couvert,Autre collision,,,,,,,,,,,1,2,3,8,6.0
201600052309,0016-05-10 03:00:00,16,5,10,3,0,750,108,PLACE DE LA CONCORDE,48.8656,2.32069,Nuit avec éclairage allumé,En agglomération,Place,Pluie légère,Deux véhicules - côté,,,,,,,,,,,5,2,7,2,3.0
201600052310,0016-05-10 12:40:00,16,5,10,12,40,750,108,"65, AVENUE DES CHAMPS EL",48.8708,2.3044,Plein jour,En agglomération,Hors intersection,Normale,Deux véhicules - arrière,,,,,,,,,,,1,2,1,1,2.0
201600052311,0016-05-10 23:00:00,16,5,10,23,0,750,108,AVENUE DES CHAMPS ELYSEE,48.8731,2.29709,Nuit avec éclairage allumé,En agglomération,Intersection en X,Pluie légère,Autre collision,,,,,,,,,,,5,2,2,2,6.0
201600052312,0016-05-11 12:20:00,16,5,11,12,20,750,108,"1, PLACE GEORGES GUILLAU",48.8749,2.30181,Plein jour,En agglomération,Place,Normale,Autre collision,,,,,,,,,,,1,2,7,1,6.0
201600052313,0016-05-11 14:05:00,16,5,11,14,5,750,108,RUE MOLLIEN,48.877,2.31333,Plein jour,En agglomération,Intersection en T,Pluie légère,Deux véhicules - frontale,,,,,,,,,,,1,2,3,2,1.0
201600052314,0016-05-15 18:36:00,16,5,15,18,36,750,108,"156, AVENUE DES CHAMPS E",48.8731,2.29709,Plein jour,En agglomération,Place,Normale,Deux véhicules - côté,,,,,,,,,,,1,2,7,1,3.0
201600052315,0016-05-17 16:45:00,16,5,17,16,45,750,116,"11, AVENUE MARCEAU",48.8665,2.29951,Plein jour,En agglomération,Intersection en Y,Normale,Autre collision,,,,,,,,,,,1,2,4,1,6.0
201600052316,0016-05-18 16:20:00,16,5,18,16,20,750,108,"44, AVENUE GEORGE V",48.871,2.3009,Plein jour,En agglomération,Intersection en X,Pluie légère,Deux véhicules - côté,,,,,,,,,,,1,2,2,2,3.0
201600052317,0016-05-19 00:35:00,16,5,19,0,35,750,108,PLACE DE LA MADELEINE,48.8694,2.32476,Nuit avec éclairage allumé,En agglomération,Place,Pluie légère,Autre collision,,,,,,,,,,,5,2,7,2,6.0
201600052318,0016-05-19 09:00:00,16,5,19,9,0,750,108,RUE DU GENERAL FOY,48.8779,2.31814,Plein jour,En agglomération,Intersection en T,Pluie légère,Deux véhicules - côté,,,,,,,,,,,1,2,3,2,3.0
201600052319,0016-05-19 18:00:00,16,5,19,18,0,750,108,PLACE DE LA CONCORDE,48.8662,2.32121,Plein jour,En agglomération,Place,Normale,Deux véhicules - côté,,,,,,,,,,,1,2,7,1,3.0
201600052320,0016-05-22 17:30:00,16,5,22,17,30,750,108,"639, RUE DU FAUBOURG SAI",48.8777,2.29834,Plein jour,En agglomération,Place,Pluie légère,Autre collision,,,,,,,,,,,1,2,7,2,6.0
201600052321,0016-05-23 08:40:00,16,5,23,8,40,750,108,"18, RUE CHATEAUBRIAND",48.8737,2.30053,Plein jour,En agglomération,Intersection en X,Pluie forte,Autre collision,,,,,,,,,,,1,2,2,3,6.0
201600052322,0016-05-23 14:30:00,16,5,23,14,30,750,108,"50, AVENUE HOCHE",48.8752,2.29841,Plein jour,En agglomération,Intersection en X,Pluie légère,Deux véhicules - côté,,,,,,,,,,,1,2,2,2,3.0
201600052323,0016-05-24 11:15:00,16,5,24,11,15,750,116,"33, AVENUE PIERRE 1ER DE",48.8675,2.29922,Plein jour,En agglomération,Intersection en X,Normale,Deux véhicules - côté,,,,,,,,,,,1,2,2,1,3.0
201600052324,0016-05-25 16:30:00,16,5,25,16,30,750,108,AVENUE MONTAIGNE,48.8685,2.30925,Plein jour,En agglomération,Place,Normale,Deux véhicules - côté,,,,,,,,,,,1,2,7,1,3.0
201600052325,0016-05-25 20:00:00,16,5,25,20,0,750,108,AVENUE DE FRIEDLAND,48.8738,2.29586,Plein jour,En agglomération,Place,Normale,Autre collision,,,,,,,,,,,1,2,7,1,6.0
201600052326,0016-05-26 20:35:00,16,5,26,20,35,750,108,PLACE DU HAVRE,48.8756,2.32683,Plein jour,En agglomération,Intersection en T,Normale,Trois véhicules et plus - en chaîne,,,,,,,,,,,1,2,3,1,4.0
201600052327,0016-05-27 09:00:00,16,5,27,9,0,750,108,"38, COURS ALBERT 1ER",48.8647,2.30673,Plein jour,En agglomération,Intersection en Y,Normale,Deux véhicules - arrière,,,,,,,,,,,1,2,4,1,2.0
201600052328,0016-05-27 21:20:00,16,5,27,21,20,750,108,"23, AVENUE MATIGNON",48.871,2.31358,Plein jour,En agglomération,Hors intersection,Normale,Autre collision,,,,,,,,,,,1,2,1,1,6.0
201600052329,0016-05-28 17:00:00,16,5,28,17,0,750,108,"57, AVENUE FRANKLIN D RO",48.8714,2.31004,Plein jour,En agglomération,Intersection en X,Normale,Deux véhicules - côté,,,,,,,,,,,1,2,2,1,3.0
201600052330,0016-05-29 09:45:00,16,5,29,9,45,750,108,RUE DE MIROMESNIL,48.8777,2.31559,Plein jour,En agglomération,Intersection en X,Normale,Deux véhicules - côté,,,,,,,,,,,1,2,2,1,3.0
201600052331,0016-05-30 09:40:00,16,5,30,9,40,750,108,PLACE DE LA CONCORDE,48.8659,2.31989,Plein jour,En agglomération,Intersection en X,Pluie forte,Deux véhicules - côté,,,,,,,,,,,1,2,2,3,3.0
201600052332,0016-05-30 20:00:00,16,5,30,20,0,750,108,"20, AVENUE GEORGE V",48.8667,2.3013,Plein jour,En agglomération,Intersection en Y,Pluie légère,Deux véhicules - côté,,,,,,,,,,,1,2,4,2,3.0
201600052333,0016-05-30 19:40:00,16,5,30,19,40,750,108,"82, RUE DE MIROMESNIL",48.8777,2.31559,Plein jour,En agglomération,Intersection en X,Pluie légère,Autre collision,,,,,,,,,,,1,2,2,2,6.0
201600052334,0016-05-31 18:30:00,16,5,31,18,30,750,108,AVENUE DES CHAMPS ELYSEE,48.8705,2.30531,Plein jour,En agglomération,Intersection en X,Pluie légère,Deux véhicules - arrière,,,,,,,,,,,1,2,2,2,2.0
201600052335,0016-06-01 10:30:00,16,6,1,10,30,750,108,"36, AVENUE GEORGE V",48.8692,2.30107,Plein jour,En agglomération,Hors intersection,Normale,Sans collision,,,,,,,,,,,1,2,1,1,7.0
201600052336,0016-06-01 11:55:00,16,6,1,11,55,750,108,"4, PLACE DE LA CONCORDE",48.8666,2.3219,Plein jour,En agglomération,Place,Normale,Deux véhicules - côté,,,,,,,,,,,1,2,7,1,3.0
201600052337,0016-06-02 13:20:00,16,6,2,13,20,750,108,"18, RUE ROYALE",48.8686,2.32344,Plein jour,En agglomération,Hors intersection,Temps couvert,Deux véhicules - côté,,,,,,,,,,,1,2,1,8,3.0
201600052338,0016-06-03 15:20:00,16,6,3,15,20,750,108,"05, AVENUE MONTAIGNE",48.8651,2.30259,Plein jour,En agglomération,Hors intersection,Normale,Deux véhicules - côté,,,,,,,,,,,1,2,1,1,3.0
201600052339,0016-06-03 16:20:00,16,6,3,16,20,750,108,PLACE DE LA CONCORDE,48.8659,2.31989,Plein jour,En agglomération,Place,Normale,Deux véhicules - côté,,,,,,,,,,,1,2,7,1,3.0
201600052340,0016-06-04 10:10:00,16,6,4,10,10,750,108,"104, AVENUE DES CHAMPS E",48.8718,2.30102,Plein jour,En agglomération,Intersection en X,Normale,Deux véhicules - arrière,,,,,,,,,,,1,2,2,1,2.0
201600052341,0016-06-06 08:55:00,16,6,6,8,55,750,108,"17, RUE MARBEUF",48.8682,2.30311,Plein jour,En agglomération,Hors intersection,Normale,Autre collision,,,,,,,,,,,1,2,1,1,6.0
201600052342,0016-06-07 11:15:00,16,6,7,11,15,750,108,"1, AVENUE GEORGE V",48.8652,2.30141,Plein jour,En agglomération,Hors intersection,Normale,Autre collision,,,,,,,,,,,1,2,1,1,6.0
201600052343,0016-06-07 15:30:00,16,6,7,15,30,750,108,"18, RUE DE PENTHIEVRE",48.8729,2.31595,Plein jour,En agglomération,Intersection en X,Normale,Deux véhicules - côté,,,,,,,,,,,1,2,2,1,3.0
201600052344,0016-06-10 09:45:00,16,6,10,9,45,750,108,"15, RUE DE MADRID",48.8783,2.31982,Plein jour,En agglomération,Intersection à plus de 4 branches,Normale,Deux véhicules - arrière,,,,,,,,,,,1,2,5,1,2.0
201600052345,0016-06-10 11:45:00,16,6,10,11,45,750,108,"99, AVENUE DES CHAMPS EL",48.8717,2.30148,Plein jour,En agglomération,Hors intersection,Normale,Deux véhicules - arrière,,,,,,,,,,,1,2,1,1,2.0
201600052346,0016-06-10 15:30:00,16,6,10,15,30,750,108,"64, RUE PIERRE CHARRON",48.8698,2.30382,Plein jour,En agglomération,Hors intersection,Normale,Autre collision,,,,,,,,,,,1,2,1,1,6.0
201600052347,0016-06-11 02:20:00,16,6,11,2,20,750,108,PLACE DE LA CONCORDE,48.8659,2.31989,Nuit avec éclairage allumé,En agglomération,Place,Normale,Autre collision,,,,,,,,,,,5,2,7,1,6.0
201600052348,0016-06-11 17:00:00,16,6,11,17,0,750,108,"156, AVENUE DES CHAMPS E",48.8735,2.29579,Plein jour,En agglomération,Place,Temps couvert,Autre collision,,,,,,,,,,,1,2,7,8,6.0
201600052349,0016-06-12 20:00:00,16,6,12,20,0,750,108,PLACE DE L ALMA,48.8644,2.30185,Plein jour,En agglomération,Place,Pluie légère,Deux véhicules - arrière,,,,,,,,,,,1,2,7,2,2.0
201600052350,0016-06-15 08:15:00,16,6,15,8,15,750,117,"9, AVENUE DE WAGRAM",48.8751,2.29601,Plein jour,En agglomération,Intersection en X,Pluie légère,Autre collision,,,,,,,,,,,1,2,2,2,6.0
201600052351,0016-06-16 14:02:00,16,6,16,14,2,750,108,AVENUE DUTUIT,48.8671,2.31607,Plein jour,En agglomération,Intersection en T,Pluie forte,Deux véhicules - côté,,,,,,,,,,,1,2,3,3,3.0
201600052352,0016-06-16 23:00:00,16,6,16,23,0,750,108,AVENUE MONTAIGNE,48.867,2.30631,Plein jour,En agglomération,Intersection en X,Normale,Deux véhicules - arrière,,,,,,,,,,,1,2,2,1,2.0
201600052353,0016-06-17 11:45:00,16,6,17,11,45,750,108,"39, BOULEVARD DES BATIGN",48.8824,2.32225,Plein jour,En agglomération,Hors intersection,Normale,Deux véhicules - côté,,,,,,,,,,,1,2,1,1,3.0
201600052354,0016-06-19 01:40:00,16,6,19,1,40,750,108,PLACE DE LA CONCORDE,48.8659,2.31989,Nuit avec éclairage allumé,En agglomération,Place,Normale,Deux véhicules - côté,,,,,,,,,,,5,2,7,1,3.0
201600052355,0016-06-19 04:00:00,16,6,19,4,0,750,108,PLACE DE LA CONCORDE,48.8659,2.31989,Nuit avec éclairage allumé,En agglomération,Place,Normale,Deux véhicules - côté,,,,,,,,,,,5,2,7,1,3.0
201600052356,0016-06-19 06:30:00,16,6,19,6,30,750,108,"4, PLACE DE LA CONCORDE",48.8666,2.3219,Crépuscule ou aube,En agglomération,Place,Normale,Deux véhicules - côté,,,,,,,,,,,2,2,7,1,3.0
201600052357,0016-06-19 19:55:00,16,6,19,19,55,750,116,"50, AVENUE RAYMOND POINC",48.8667,2.28609,Plein jour,En agglomération,Hors intersection,Normale,Autre collision,,,,,,,,,,,1,2,1,1,6.0
201600052358,0016-06-20 15:00:00,16,6,20,15,0,750,108,"39, AVENUE GEORGE V",48.8701,2.30102,Plein jour,En agglomération,Intersection en X,Pluie forte,Deux véhicules - côté,,,,,,,,,,,1,2,2,3,3.0
201600052359,0016-06-21 11:30:00,16,6,21,11,30,750,108,"51, BOULEVARD DES BATIGN",48.8816,2.31861,Plein jour,En agglomération,Hors intersection,Normale,Trois véhicules et plus - en chaîne,,,,,,,,,,,1,2,1,1,4.0
201600052360,0016-06-21 14:15:00,16,6,21,14,15,750,108,"99, AVENUE DES CHAMPS EL",48.8717,2.30148,Plein jour,En agglomération,Hors intersection,Normale,Trois véhicules et plus - en chaîne,,,,,,,,,,,1,2,1,1,4.0
201600052361,0016-06-22 11:30:00,16,6,22,11,30,750,108,AVENUE WINSTON CHURCHILL,48.8671,2.31393,Plein jour,En agglomération,Place,Normale,Deux véhicules - côté,,,,,,,,,,,1,2,7,1,3.0
201600052362,0016-06-22 13:20:00,16,6,22,13,20,750,108,PLACE CHARLES DE GAULLE,48.8735,2.29579,Plein jour,En agglomération,Place,Normale,Deux véhicules - côté,,,,,,,,,,,1,2,7,1,3.0
201600052363,0016-06-23 08:15:00,16,6,23,8,15,750,108,VOIE GEORGES POMPIDOU,48.8646,2.30349,Plein jour,En agglomération,Intersection en Y,Normale,Sans collision,,,,,,,,,,,1,2,4,1,7.0
201600052364,0016-06-24 10:10:00,16,6,24,10,10,750,108,"11, PLACE SAINT AUGUSTIN",48.8756,2.31881,Plein jour,En agglomération,Place,Normale,Deux véhicules - côté,,,,,,,,,,,1,2,7,1,3.0
201600052365,0016-06-25 23:40:00,16,6,25,23,40,750,108,"55, BOULEVARD HAUSSMANN",48.8738,2.32704,Nuit avec éclairage allumé,En agglomération,Intersection à plus de 4 branches,Normale,Deux véhicules - côté,,,,,,,,,,,5,2,5,1,3.0
201600052366,0016-06-26 19:40:00,16,6,26,19,40,750,108,"70, BOULEVARD MALESHERBE",48.8784,2.31553,Plein jour,En agglomération,Intersection en X,Normale,Deux véhicules - côté,,,,,,,,,,,1,2,2,1,3.0
201600052367,0016-06-27 17:50:00,16,6,27,17,50,750,108,"63, AVENUE HOCHE",48.8746,2.29693,Plein jour,En agglomération,Intersection en X,Normale,Autre collision,,,,,,,,,,,1,2,2,1,6.0
201600052368,0016-06-28 09:00:00,16,6,28,9,0,750,108,"13, RUE LA BOETIE",48.8743,2.31793,Plein jour,En agglomération,Hors intersection,Normale,Deux véhicules - côté,,,,,,,,,,,1,2,1,1,3.0
201600052369,0016-06-29 00:05:00,16,6,29,0,5,750,108,"24 BIS, RUE LA BOETIE",48.8739,2.31586,Nuit avec éclairage allumé,En agglomération,Intersection en X,Normale,Deux véhicules - côté,,,,,,,,,,,5,2,2,1,3.0
201600052370,0016-06-29 11:00:00,16,6,29,11,0,750,108,"14, ROND POINT CHAMPS EL",48.869,2.31008,Plein jour,En agglomération,Intersection en X,Normale,Deux véhicules - côté,,,,,,,,,,,1,2,2,1,3.0
201600052371,0016-06-29 12:00:00,16,6,29,12,0,750,108,"38, RUE MARBEUF",48.8697,2.30561,Plein jour,En agglomération,Hors intersection,Normale,Autre collision,,,,,,,,,,,1,2,1,1,6.0
201600052372,0016-06-30 00:01:00,16,6,30,0,1,750,108,PLACE DE LA CONCORDE,48.8656,2.32169,Nuit avec éclairage allumé,En agglomération,Hors intersection,Normale,Autre collision,,,,,,,,,,,5,2,1,1,6.0
201600052373,0016-06-30 02:00:00,16,6,30,2,0,750,108,PLACE DE LA CONCORDE,48.8642,2.32014,Nuit avec éclairage allumé,En agglomération,Place,Normale,Deux véhicules - arrière,,,,,,,,,,,5,2,7,1,2.0
201600052374,0016-06-30 04:00:00,16,6,30,4,0,750,108,PLACE DE LA MADELEINE,48.8693,2.32391,Nuit avec éclairage allumé,En agglomération,Place,Normale,Autre collision,,,,,,,,,,,5,2,7,1,6.0
201600052375,0016-06-30 15:30:00,16,6,30,15,30,750,116,"21, AVENUE MARCEAU",48.8666,2.29947,Plein jour,En agglomération,Hors intersection,Pluie légère,Deux véhicules - côté,,,,,,,,,,,1,2,1,2,3.0
201600052376,0016-06-30 23:20:00,16,6,30,23,20,750,108,AVENUE DES CHAMPS ELYSEE,48.8697,2.308,Nuit avec éclairage allumé,En agglomération,Hors intersection,Normale,Trois véhicules et plus - en chaîne,,,,,,,,,,,5,2,1,1,4.0
201600052377,0016-07-01 09:40:00,16,7,1,9,40,750,108,"23, RUE DE LA PEPINIERE",48.875,2.32177,Plein jour,En agglomération,Hors intersection,Normale,Deux véhicules - côté,,,,,,,,,,,1,2,1,1,3.0
201600052378,0016-07-02 20:00:00,16,7,2,20,0,750,108,"76, AVENUE DES CHAMPS EL",48.8711,2.3035,Plein jour,En agglomération,Intersection en T,Normale,Deux véhicules - arrière,,,,,,,,,,,1,2,3,1,2.0
201600052379,0016-07-04 08:20:00,16,7,4,8,20,750,108,"51, RUE DE COURCELLES",48.8768,2.30728,Plein jour,En agglomération,Hors intersection,Normale,Deux véhicules - côté,,,,,,,,,,,1,2,1,1,3.0
201600052380,0016-07-04 09:26:00,16,7,4,9,26,750,108,"96BIS, BOULEVARD HAUSSMA",48.8743,2.32271,Plein jour,En agglomération,Intersection en X,Normale,Autre collision,,,,,,,,,,,1,2,2,1,6.0
201600052381,0016-07-04 14:34:00,16,7,4,14,34,750,108,"1, BOULEVARD DE COURCELL",48.8812,2.3153,Plein jour,En agglomération,Place,Normale,Trois véhicules et plus - en chaîne,,,,,,,,,,,1,2,7,1,4.0
201600052382,0016-07-04 17:30:00,16,7,4,17,30,750,108,"27, BOULEVARD DE LA MADE",48.8694,2.32515,Plein jour,En agglomération,Intersection en T,Normale,Deux véhicules - côté,,,,,,,,,,,1,2,3,1,3.0
201600052383,0016-07-05 20:00:00,16,7,5,20,0,750,108,"96, RUE DU FAUBOURG SAIN",48.8711,2.31625,Plein jour,En agglomération,Place,Normale,Deux véhicules - côté,,,,,,,,,,,1,2,7,1,3.0
201600052384,0016-07-06 14:30:00,16,7,6,14,30,750,108,AVENUE WINSTON CHURCHILL,48.865,2.31369,Plein jour,En agglomération,Intersection à plus de 4 branches,Normale,Deux véhicules - côté,,,,,,,,,,,1,2,5,1,3.0
201600052385,0016-07-06 15:00:00,16,7,6,15,0,750,108,"47, AVENUE HOCHE",48.8752,2.29841,Plein jour,En agglomération,Intersection en X,Normale,Autre collision,,,,,,,,,,,1,2,2,1,6.0
201600052386,0016-07-07 00:01:00,16,7,7,0,1,750,108,RUE DU COLISEE,48.8709,2.30878,Nuit avec éclairage allumé,En agglomération,Intersection en X,Normale,Deux véhicules - côté,,,,,,,,,,,5,2,2,1,3.0
201600052387,0016-07-07 09:20:00,16,7,7,9,20,750,117,"36, BOULEVARD BERTHIER",48.893,2.31003,Plein jour,En agglomération,Hors intersection,Normale,Deux véhicules - côté,,,,,,,,,,,1,2,1,1,3.0
201600052388,0016-07-08 18:50:00,16,7,8,18,50,750,108,"41, RUE D ARTOIS",48.8743,2.30558,Plein jour,En agglomération,Hors intersection,Normale,Deux véhicules - côté,,,,,,,,,,,1,2,1,1,3.0
201600052389,0016-07-10 14:35:00,16,7,10,14,35,750,108,"36, AVENUE GEORGE V",48.8692,2.30107,Plein jour,En agglomération,Hors intersection,Normale,Trois véhicules et plus - collisions multiples,,,,,,,,,,,1,2,1,1,5.0
201600052390,0016-07-11 00:05:00,16,7,11,0,5,750,108,VOIE GEORGES POMPIDOU,48.8647,2.3085,Nuit avec éclairage allumé,En agglomération,Hors intersection,Normale,Autre collision,,,,,,,,,,,5,2,1,1,6.0
201600052391,0016-07-11 11:15:00,16,7,11,11,15,750,108,AVENUE MATIGNON,48.8699,2.31195,Plein jour,En agglomération,Intersection en X,Normale,Deux véhicules - côté,,,,,,,,,,,1,2,2,1,3.0
201600052392,0016-07-11 23:30:00,16,7,11,23,30,750,108,"67, BOULEVARD DE COURCEL",48.8789,2.30181,Nuit avec éclairage allumé,En agglomération,Hors intersection,Normale,Autre collision,,,,,,,,,,,5,2,1,1,6.0
201600052393,0016-07-12 14:45:00,16,7,12,14,45,750,108,PLACE DE LA CONCORDE,48.8648,2.31905,Plein jour,En agglomération,Place,Normale,Deux véhicules - côté,,,,,,,,,,,1,2,7,1,3.0
201600052394,0016-07-12 21:50:00,16,7,12,21,50,750,108,"10, AVENUE DELCASSE",48.8737,2.31445,Crépuscule ou aube,En agglomération,Intersection en X,Normale,Autre collision,,,,,,,,,,,2,2,2,1,6.0
201600052395,0016-07-13 01:00:00,16,7,13,1,0,750,108,"5, AVENUE DE FRIEDLAND",48.8747,2.3041,Nuit avec éclairage allumé,En agglomération,Hors intersection,Pluie légère,Autre collision,,,,,,,,,,,5,2,1,2,6.0
201600052396,0016-07-13 11:55:00,16,7,13,11,55,750,108,"31, METRO MIROMESNIL",48.8733,2.31591,Plein jour,En agglomération,Hors intersection,Normale,Deux véhicules - côté,,,,,,,,,,,1,2,1,1,3.0
201600052397,0016-07-13 22:20:00,16,7,13,22,20,750,108,"11, BOULEVARD MALESHERBE",48.8709,2.32263,Nuit avec éclairage allumé,En agglomération,Intersection en X,Normale,Deux véhicules - arrière,,,,,,,,,,,5,2,2,1,2.0
201600052398,0016-07-15 16:10:00,16,7,15,16,10,750,108,"38, RUE LA BOETIE",48.8737,2.31445,Plein jour,En agglomération,Intersection en X,Normale,Deux véhicules - arrière,,,,,,,,,,,1,2,2,1,2.0
201600052399,0016-07-18 18:30:00,16,7,18,18,30,750,108,PLACE DE LA CONCORDE,48.8644,2.32029,Plein jour,En agglomération,Place,Temps éblouissant,Deux véhicules - côté,,,,,,,,,,,1,2,7,7,3.0
201600052400,0016-07-21 13:00:00,16,7,21,13,0,750,108,"02, AVENUE DE WAGRAM",48.8751,2.29601,Plein jour,En agglomération,Place,Normale,Deux véhicules - arrière,,,,,,,,,,,1,2,7,1,2.0
201600052401,0016-07-21 17:45:00,16,7,21,17,45,750,108,"119, AVENUE DES CHAMPS E",48.8724,2.29949,Plein jour,En agglomération,Intersection en X,Normale,Autre collision,,,,,,,,,,,1,2,2,1,6.0
201600052402,0016-07-23 17:30:00,16,7,23,17,30,750,108,PLACE DE LA CONCORDE,48.8644,2.32029,Plein jour,En agglomération,Place,Normale,Deux véhicules - côté,,,,,,,,,,,1,2,7,1,3.0
201600052403,0016-07-24 10:45:00,16,7,24,10,45,750,108,"01, RUE MARBEUF",48.8672,2.3019,Plein jour,En agglomération,Intersection en X,Normale,Autre collision,,,,,,,,,,,1,2,2,1,6.0
201600052404,0016-07-24 22:55:00,16,7,24,22,55,750,108,PLACE DE LA CONCORDE,48.8659,2.31989,Nuit avec éclairage allumé,En agglomération,Place,Normale,Autre collision,,,,,,,,,,,5,2,7,1,6.0
201600052405,0016-07-25 17:04:00,16,7,25,17,4,750,108,"57, BOULEVARD DES BATIGN",48.8815,2.318,Plein jour,En agglomération,Hors intersection,Pluie légère,Deux véhicules - côté,,,,,,,,,,,1,2,1,2,3.0
201600052406,0016-07-26 12:50:00,16,7,26,12,50,750,108,"11, AVENUE DE FRIEDLAND",48.8747,2.30362,Plein jour,En agglomération,Place,Normale,Autre collision,,,,,,,,,,,1,2,7,1,6.0
201600052407,0016-07-26 19:40:00,16,7,26,19,40,750,108,"90, AVENUE DES CHAMPS EL",48.8712,2.30323,Plein jour,En agglomération,Hors intersection,Normale,Deux véhicules - côté,,,,,,,,,,,1,2,1,1,3.0
201600052408,0016-07-27 13:20:00,16,7,27,13,20,750,108,"98, RUE DU ROCHER",48.8808,2.31703,Plein jour,En agglomération,Intersection en T,Normale,Autre collision,,,,,,,,,,,1,2,3,1,6.0
201600052409,0016-07-27 23:46:00,16,7,27,23,46,750,108,"36, AVENUE PIERRE 1ER DE",48.8679,2.30019,Nuit avec éclairage allumé,En agglomération,Intersection en T,Normale,Autre collision,,,,,,,,,,,5,2,3,1,6.0
201600052410,0016-07-28 14:10:00,16,7,28,14,10,750,108,PLACE DES TERNES,48.8782,2.29874,Plein jour,En agglomération,Place,Normale,Autre collision,,,,,,,,,,,1,2,7,1,6.0
201600052411,0016-07-28 16:30:00,16,7,28,16,30,750,108,"21, RUE DE LIEGE",48.8796,2.327,Plein jour,En agglomération,Intersection en Y,Normale,Deux véhicules - arrière,,,,,,,,,,,1,2,4,1,2.0
201600052412,0016-07-29 00:15:00,16,7,29,0,15,750,101,RUE DE ROHAN,48.8632,2.33556,Nuit avec éclairage allumé,En agglomération,Place,Normale,Deux véhicules - côté,,,,,,,,,,,5,2,7,1,3.0
201600052413,0016-07-31 00:20:00,16,7,31,0,20,750,108,PLACE DE LA CONCORDE,48.8659,2.31989,Nuit avec éclairage allumé,En agglomération,Place,Normale,Sans collision,,,,,,,,,,,5,2,7,1,7.0
201600052414,0016-07-31 20:25:00,16,7,31,20,25,750,108,"174, BOULEVARD HAUSSMANN",48.875,2.30789,Crépuscule ou aube,En agglomération,Hors intersection,Normale,Deux véhicules - arrière,,,,,,,,,,,2,2,1,1,2.0
201600052415,0016-08-02 15:20:00,16,8,2,15,20,750,108,"54-56, RUE LA BOETIE",48.8734,2.31292,Plein jour,En agglomération,Hors intersection,Pluie légère,Sans collision,,,,,,,,,,,1,2,1,2,7.0
201600052416,0016-08-03 15:00:00,16,8,3,15,0,750,116,"19, BOULEVARD MURAT",48.846,2.25785,Plein jour,En agglomération,Hors intersection,Normale,Deux véhicules - côté,,,,,,,,,,,1,2,1,1,3.0
201600052417,0016-08-04 16:30:00,16,8,4,16,30,750,108,RUE FRANCOIS 1ER,48.8692,2.30277,Plein jour,En agglomération,Intersection en X,Normale,Deux véhicules - côté,,,,,,,,,,,1,2,2,1,3.0
201600052418,0016-08-04 23:30:00,16,8,4,23,30,750,116,PLACE CHARLES DE GAULLE,48.8733,2.29547,Nuit avec éclairage allumé,En agglomération,Place,Normale,Deux véhicules - côté,,,,,,,,,,,5,2,7,1,3.0
201600052419,0016-08-05 18:30:00,16,8,5,18,30,750,108,"36, AVENUE MATIGNON",48.8726,2.31476,Plein jour,En agglomération,Intersection en X,Normale,Sans collision,,,,,,,,,,,1,2,2,1,7.0
201600052420,0016-08-06 09:35:00,16,8,6,9,35,750,108,PLACE DE LA CONCORDE,48.8644,2.32029,Plein jour,En agglomération,Place,Normale,Deux véhicules - côté,,,,,,,,,,,1,2,7,1,3.0
201600052421,0016-08-07 00:01:00,16,8,7,0,1,750,108,"56, AVENUE MARCEAU",48.8697,2.29825,Nuit avec éclairage allumé,En agglomération,Intersection à plus de 4 branches,Normale,Autre collision,,,,,,,,,,,5,2,5,1,6.0
201600052422,0016-08-07 14:20:00,16,8,7,14,20,750,108,"81, RUE DE MIROMESNIL",48.8784,2.31553,Plein jour,En agglomération,Intersection en X,Normale,Deux véhicules - arrière,,,,,,,,,,,1,2,2,1,2.0
201600052423,0016-08-09 09:20:00,16,8,9,9,20,750,108,"31, BOULEVARD DES BATIGN",48.8826,2.32335,Plein jour,En agglomération,Intersection en X,Normale,Deux véhicules - côté,,,,,,,,,,,1,2,2,1,3.0
201600052424,0016-08-14 14:30:00,16,8,14,14,30,750,108,"60, BOULEVARD DE COURCEL",48.8804,2.30881,Plein jour,En agglomération,Place,Normale,Autre collision,,,,,,,,,,,1,2,7,1,6.0
201600052425,0016-08-18 14:00:00,16,8,18,14,0,750,108,PLACE DE LA CONCORDE,48.8659,2.31989,Plein jour,En agglomération,Place,Normale,Deux véhicules - côté,,,,,,,,,,,1,2,7,1,3.0
201600052426,0016-08-18 18:45:00,16,8,18,18,45,750,108,"91, BOULEVARD HAUSSMANN",48.8748,2.31899,Plein jour,En agglomération,Hors intersection,Autre,Sans collision,,,,,,,,,,,1,2,1,9,7.0
201600052427,0016-08-20 20:05:00,16,8,20,20,5,750,108,PLACE DE LA CONCORDE,48.8659,2.31989,Plein jour,En agglomération,Place,Temps couvert,Autre collision,,,,,,,,,,,1,2,7,8,6.0
201600052428,0016-08-21 13:40:00,16,8,21,13,40,750,108,PLACE DE LA CONCORDE,48.8659,2.31989,Plein jour,En agglomération,Place,Temps couvert,Deux véhicules - côté,,,,,,,,,,,1,2,7,8,3.0
201600052429,0016-08-22 10:40:00,16,8,22,10,40,750,108,RUE PASQUIER,48.8734,2.32365,Plein jour,En agglomération,Intersection en X,Normale,Deux véhicules - côté,,,,,,,,,,,1,2,2,1,3.0