accident_id,datetime,annee,mois,jour,heure,minute,departement,commune_insee,adresse,latitude,longitude,luminosite,agglomeration,intersection,meteo,collision,nb_vehicules,nb_usagers,nb_indemnes,nb_tues,nb_blesses_hosp,nb_blesses_legers,age_cond_1,age_cond_2,veh_type_cond_1,veh_type_cond_2,lum_code,agg_code,int_code,atm_code,col_code
201600052430,0016-08-23 10:10:00,16,8,23,10,10,750,108,PLACE DE LA CONCORDE,48.8644,2.32029,Plein jour,En agglomération,Place,Normale,Deux véhicules - arrière,,,,,,,,,,,1,2,7,1,2.0
201600052431,0016-08-23 12:30:00,16,8,23,12,30,750,108,"69, RUE DE COURCELLES",48.878,2.30522,Plein jour,En agglomération,Intersection à plus de 4 branches,Normale,Deux véhicules - côté,,,,,,,,,,,1,2,5,1,3.0
201600052432,0016-08-23 19:15:00,16,8,23,19,15,750,108,AVENUE DES CHAMPS ELYSEE,48.8665,2.31788,Plein jour,En agglomération,Hors intersection,Temps éblouissant,Deux véhicules - arrière,,,,,,,,,,,1,2,1,7,2.0
201600052433,0016-08-25 12:30:00,16,8,25,12,30,750,108,COURS LA REINE,48.865,2.31369,Plein jour,En agglomération,Intersection en X,Normale,Autre collision,,,,,,,,,,,1,2,2,1,6.0
201600052434,0016-08-26 09:15:00,16,8,26,9,15,750,108,"10, AVENUE DES CHAMPS EL",48.8671,2.31393,Plein jour,En agglomération,Place,Normale,Deux véhicules - côté,,,,,,,,,,,1,2,7,1,3.0
201600052435,0016-08-27 12:30:00,16,8,27,12,30,750,108,ROND POINT CHAMPS ELYSEE,48.869,2.31008,Plein jour,En agglomération,Place,Normale,Deux véhicules - côté,,,,,,,,,,,1,2,7,1,3.0
201600052436,0016-08-27 21:05:00,16,8,27,21,5,750,108,"73, RUE DE ROME",48.8814,2.32079,Nuit avec éclairage allumé,En agglomération,Hors intersection,Normale,Autre collision,,,,,,,,,,,5,2,1,1,6.0
201600052437,0016-08-27 22:30:00,16,8,27,22,30,750,108,"51, BOULEVARD DE COURCEL",48.8793,2.30391,Nuit sans éclairage public,En agglomération,Hors intersection,Vent fort / tempête,Autre collision,,,,,,,,,,,3,2,1,6,6.0
201600052438,0016-08-29 02:30:00,16,8,29,2,30,750,108,PLACE DE LA CONCORDE,48.8644,2.32029,Nuit avec éclairage allumé,En agglomération,Place,Normale,Deux véhicules - côté,,,,,,,,,,,5,2,7,1,3.0
201600052439,0016-08-29 15:21:00,16,8,29,15,21,750,108,"12, AVENUE DE MESSINE",48.8758,2.31414,Plein jour,En agglomération,Hors intersection,Normale,Deux véhicules - arrière,,,,,,,,,,,1,2,1,1,2.0
201600052440,0016-08-30 09:35:00,16,8,30,9,35,750,108,"14, RUE LA BOETIE",48.8742,2.31749,Plein jour,En agglomération,Intersection en X,Normale,Trois véhicules et plus - en chaîne,,,,,,,,,,,1,2,2,1,4.0
201600052441,0016-08-30 13:49:00,16,8,30,13,49,750,108,"3, PLACE DE L ALMA",48.8647,2.30146,Plein jour,En agglomération,Place,Normale,Autre collision,,,,,,,,,,,1,2,7,1,6.0
201600052442,0016-08-30 18:55:00,16,8,30,18,55,750,108,"165, RUE DU FAUBOURG SAI",48.8749,2.30541,Plein jour,En agglomération,Intersection en X,Normale,Deux véhicules - côté,,,,,,,,,,,1,2,2,1,3.0
201600052443,0016-08-31 23:10:00,16,8,31,23,10,750,108,"136, AVENUE DES CHAMPS E",48.8724,2.29949,Nuit avec éclairage allumé,En agglomération,Intersection en X,Normale,Autre collision,,,,,,,,,,,5,2,2,1,6.0
201600052444,0016-09-01 03:20:00,16,9,1,3,20,750,108,"11, BOULEVARD MALESHERBE",48.8709,2.32263,Nuit avec éclairage allumé,En agglomération,Intersection en T,Normale,Autre collision,,,,,,,,,,,5,2,3,1,6.0
201600052445,0016-09-01 15:00:00,16,9,1,15,0,750,108,SOUTERRAIN ALMA,48.8644,2.30263,Plein jour,En agglomération,Hors intersection,Normale,Deux véhicules - arrière,,,,,,,,,,,1,2,1,1,2.0
201600052446,0016-09-01 16:00:00,16,9,1,16,0,750,108,"23, AVENUE HOCHE",48.8768,2.30224,Plein jour,En agglomération,Hors intersection,Normale,Deux véhicules - côté,,,,,,,,,,,1,2,1,1,3.0
201600052447,0016-09-03 23:20:00,16,9,3,23,20,750,108,"135, AVENUE DES CHAMPS E",48.8732,2.29678,Nuit avec éclairage allumé,En agglomération,Hors intersection,Normale,Deux véhicules - arrière,,,,,,,,,,,5,2,1,1,2.0
201600052448,0016-09-05 13:30:00,16,9,5,13,30,750,108,AVENUE DES CHAMPS ELYSEE,48.8678,2.31384,Plein jour,En agglomération,Intersection en X,Pluie légère,Deux véhicules - arrière,,,,,,,,,,,1,2,2,2,2.0
201600052449,0016-09-05 14:50:00,16,9,5,14,50,750,108,"30, COURS ALBERT 1ER",48.8645,2.30606,Plein jour,En agglomération,Hors intersection,Pluie légère,Trois véhicules et plus - en chaîne,,,,,,,,,,,1,2,1,2,4.0
201600052450,0016-09-05 16:20:00,16,9,5,16,20,750,108,AVENUE WINSTON CHURCHILL,48.865,2.31369,Plein jour,En agglomération,Intersection en X,Pluie légère,Deux véhicules - côté,,,,,,,,,,,1,2,2,2,3.0
201600052451,0016-09-06 11:00:00,16,9,6,11,0,750,108,"79, RUE LA BOETIE",48.8722,2.30905,Plein jour,En agglomération,Intersection en T,Normale,Deux véhicules - côté,,,,,,,,,,,1,2,3,1,3.0
201600052452,0016-09-06 18:10:00,16,9,6,18,10,750,108,PLACE BEAUVAU,48.8711,2.31625,Plein jour,En agglomération,Place,Normale,Deux véhicules - arrière,,,,,,,,,,,1,2,7,1,2.0
201600052453,0016-09-07 08:15:00,16,9,7,8,15,750,108,COURS ALBERT 1ER,48.8642,2.30214,Plein jour,En agglomération,Place,Temps éblouissant,Deux véhicules - côté,,,,,,,,,,,1,2,7,7,3.0
201600052454,0016-09-07 15:27:00,16,9,7,15,27,750,117,"139, AVENUE DE WAGRAM",48.8842,2.30266,Plein jour,En agglomération,Place,Normale,Deux véhicules - côté,,,,,,,,,,,1,2,7,1,3.0
201600052455,0016-09-07 18:15:00,16,9,7,18,15,750,108,"45, RUE PIERRE CHARRON",48.8687,2.30173,Plein jour,En agglomération,Intersection en T,Normale,Deux véhicules - côté,,,,,,,,,,,1,2,3,1,3.0
201600052456,0016-09-07 19:00:00,16,9,7,19,0,750,108,"24, RUE LA BOETIE",48.8739,2.31586,Plein jour,En agglomération,Intersection en X,Normale,Deux véhicules - côté,,,,,,,,,,,1,2,2,1,3.0
201600052457,0016-09-08 00:08:00,16,9,8,0,8,750,108,AVENUE DES CHAMPS ELYSEE,48.8678,2.31384,Nuit avec éclairage allumé,En agglomération,Place,Normale,Autre collision,,,,,,,,,,,5,2,7,1,6.0
201600052458,0016-09-08 00:40:00,16,9,8,0,40,750,108,PLACE CHARLES DE GAULLE,48.8741,2.29573,Nuit avec éclairage allumé,En agglomération,Place,Normale,Deux véhicules - arrière,,,,,,,,,,,5,2,7,1,2.0
201600052459,0016-09-08 11:50:00,16,9,8,11,50,750,108,"134, BOULEVARD HAUSSMANN",48.8753,2.3148,Plein jour,En agglomération,Intersection en T,Normale,Deux véhicules - côté,,,,,,,,,,,1,2,3,1,3.0
201600052460,0016-09-08 22:15:00,16,9,8,22,15,750,108,"24, AVENUE GEORGE V",48.8676,2.30123,Nuit avec éclairage allumé,En agglomération,Intersection en Y,Normale,Deux véhicules - côté,,,,,,,,,,,5,2,4,1,3.0
201600052461,0016-09-09 19:25:00,16,9,9,19,25,750,116,"159, AVENUE DE MALAKOFF",48.8764,2.28362,Crépuscule ou aube,En agglomération,Hors intersection,Normale,Autre collision,,,,,,,,,,,2,2,1,1,6.0
201600052462,0016-09-11 22:15:00,16,9,11,22,15,750,108,AVENUE DES CHAMPS ELYSEE,48.8671,2.31393,Nuit avec éclairage non allumé,En agglomération,Place,Normale,Deux véhicules - côté,,,,,,,,,,,4,2,7,1,3.0
201600052463,0016-09-12 21:30:00,16,9,12,21,30,750,116,ALLEE DU BORD DE L EAU,48.875,2.24543,Nuit avec éclairage non allumé,En agglomération,Hors intersection,Normale,Autre collision,,,,,,,,,,,4,2,1,1,6.0
201600052464,0016-09-13 20:00:00,16,9,13,20,0,750,108,"02, AVENUE FRANKLIN D RO",48.8668,2.31021,Crépuscule ou aube,En agglomération,Intersection à plus de 4 branches,Normale,Deux véhicules - côté,,,,,,,,,,,2,2,5,1,3.0
201600052465,0016-09-14 09:10:00,16,9,14,9,10,750,108,"28, RUE DE MADRID",48.8779,2.31814,Plein jour,En agglomération,Intersection en X,Normale,Sans collision,,,,,,,,,,,1,2,2,1,7.0
201600052466,0016-09-15 16:50:00,16,9,15,16,50,750,108,AVENUE DES CHAMPS ELYSEE,48.8659,2.31989,Plein jour,En agglomération,Place,Normale,Autre collision,,,,,,,,,,,1,2,7,1,6.0
201600052467,0016-09-16 17:00:00,16,9,16,17,0,750,108,"25, AVENUE DE FRIEDLAND",48.8744,2.30119,Plein jour,En agglomération,Intersection en Y,Pluie légère,Autre collision,,,,,,,,,,,1,2,4,2,6.0
201600052468,0016-09-17 01:50:00,16,9,17,1,50,750,108,"82, RUE DE MIROMESNIL",48.8777,2.31559,Nuit avec éclairage allumé,En agglomération,Intersection en X,Normale,Autre collision,,,,,,,,,,,5,2,2,1,6.0
201600052469,0016-09-17 11:30:00,16,9,17,11,30,750,108,AVENUE DES CHAMPS ELYSEE,48.8659,2.31989,Plein jour,En agglomération,Place,Pluie légère,Trois véhicules et plus - en chaîne,,,,,,,,,,,1,2,7,2,4.0
201600052470,0016-09-20 00:20:00,16,9,20,0,20,750,108,BOULEVARD HAUSSMANN,48.8738,2.32704,Nuit avec éclairage allumé,En agglomération,Intersection à plus de 4 branches,Normale,Deux véhicules - côté,,,,,,,,,,,5,2,5,1,3.0
201600052471,0016-09-21 13:25:00,16,9,21,13,25,750,108,BOULEVARD MALESHERBES,48.8747,2.32004,Plein jour,En agglomération,Intersection à plus de 4 branches,Normale,Trois véhicules et plus - en chaîne,,,,,,,,,,,1,2,5,1,4.0
201600052472,0016-09-22 07:50:00,16,9,22,7,50,750,108,PLACE DE LA CONCORDE,48.8642,2.32014,Plein jour,En agglomération,Place,Normale,Deux véhicules - côté,,,,,,,,,,,1,2,7,1,3.0
201600052473,0016-09-22 14:45:00,16,9,22,14,45,750,108,PLACE DE LA CONCORDE,48.8666,2.3219,Plein jour,En agglomération,Place,Normale,Deux véhicules - côté,,,,,,,,,,,1,2,7,1,3.0
201600052474,0016-09-22 17:45:00,16,9,22,17,45,750,108,"01, AVENUE DE FRIEDLAND",48.8749,2.30541,Plein jour,En agglomération,Intersection en X,Normale,Sans collision,,,,,,,,,,,1,2,2,1,7.0
201600052475,0016-09-24 20:00:00,16,9,24,20,0,750,108,"29, RUE DE TURIN",48.882,2.32445,Nuit avec éclairage allumé,En agglomération,Intersection en T,Normale,Autre collision,,,,,,,,,,,5,2,3,1,6.0
201600052476,0016-09-26 18:00:00,16,9,26,18,0,750,108,"47, AVENUE HOCHE",48.8752,2.29841,Plein jour,En agglomération,Intersection en X,Normale,Deux véhicules - arrière,,,,,,,,,,,1,2,2,1,2.0
201600052477,0016-09-27 09:22:00,16,9,27,9,22,750,108,"37, RUE DE MIROMESNIL",48.8739,2.31586,Plein jour,En agglomération,Intersection en X,Normale,Autre collision,,,,,,,,,,,1,2,2,1,6.0
201600052478,0016-09-27 20:30:00,16,9,27,20,30,750,108,VOIE GEORGES POMPIDOU,48.8648,2.31495,Nuit avec éclairage allumé,En agglomération,Hors intersection,Normale,Deux véhicules - côté,,,,,,,,,,,5,2,1,1,3.0
201600052479,0016-09-28 12:35:00,16,9,28,12,35,750,108,"10, RUE SAINT PHILIPPE D",48.8727,2.30804,Plein jour,En agglomération,Intersection à plus de 4 branches,Normale,Autre collision,,,,,,,,,,,1,2,5,1,6.0
201600052480,0016-09-30 10:00:00,16,9,30,10,0,750,108,"14, RUE LA BOETIE",48.8742,2.31749,Plein jour,En agglomération,Intersection en X,Normale,Deux véhicules - côté,,,,,,,,,,,1,2,2,1,3.0
201600052481,0016-10-01 01:55:00,16,10,1,1,55,750,108,", RUE FRANCOIS 1ER",48.8692,2.30277,Nuit avec éclairage allumé,En agglomération,Intersection en X,Pluie légère,Autre collision,,,,,,,,,,,5,2,2,2,6.0
201600052482,0016-10-02 03:14:00,16,10,2,3,14,750,108,"35, RUE DE BERRI",48.8737,2.30647,Nuit avec éclairage allumé,En agglomération,Intersection en X,Normale,Deux véhicules - côté,,,,,,,,,,,5,2,2,1,3.0
201600052483,0016-10-05 15:03:00,16,10,5,15,3,750,116,"12, AVENUE MARCEAU",48.8661,2.29963,Plein jour,En agglomération,Intersection en Y,Normale,Deux véhicules - côté,,,,,,,,,,,1,2,4,1,3.0
201600052484,0016-10-06 07:40:00,16,10,6,7,40,750,108,"100, AVENUE DES CHAMPS E",48.8714,2.30253,Plein jour,En agglomération,Intersection en X,Normale,Deux véhicules - côté,,,,,,,,,,,1,2,2,1,3.0
201600052485,0016-10-06 11:00:00,16,10,6,11,0,750,108,"/, PLACE DE LA REPUBLIQU",48.8805,2.30968,Plein jour,En agglomération,Place,Normale,Deux véhicules - côté,,,,,,,,,,,1,2,7,1,3.0
201600052486,0016-10-06 19:20:00,16,10,6,19,20,750,116,"/, ECHANGEUR MUETTE",48.8655,2.26814,Plein jour,En agglomération,Intersection en Y,Normale,Deux véhicules - côté,,,,,,,,,,,1,2,4,1,3.0
201600052487,0016-10-07 23:50:00,16,10,7,23,50,750,108,RUE DES MATHURINS,48.8734,2.32365,Nuit avec éclairage allumé,En agglomération,Intersection en X,Normale,Deux véhicules - côté,,,,,,,,,,,5,2,2,1,3.0
201600052488,0016-10-08 01:10:00,16,10,8,1,10,750,108,"21, BOULEVARD MALESHERBE",48.8719,2.32193,Nuit avec éclairage allumé,En agglomération,Intersection en Y,Normale,Deux véhicules - côté,,,,,,,,,,,5,2,4,1,3.0
201600052489,0016-10-08 22:00:00,16,10,8,22,0,750,108,"15, RUE DE ROME",48.8757,2.32387,Nuit avec éclairage allumé,En agglomération,Hors intersection,Normale,Autre collision,,,,,,,,,,,5,2,1,1,6.0
201600052490,0016-10-09 23:00:00,16,10,9,23,0,750,108,"3, AVENUE DE FRIEDLAND",48.8748,2.3047,Nuit avec éclairage non allumé,En agglomération,Intersection en T,Normale,Deux véhicules - arrière,,,,,,,,,,,4,2,3,1,2.0
201600052491,0016-10-12 16:30:00,16,10,12,16,30,750,108,"80, RUE DE COURCELLES",48.878,2.30522,Plein jour,En agglomération,Place,Normale,Autre collision,,,,,,,,,,,1,2,7,1,6.0
201600052492,0016-10-13 14:33:00,16,10,13,14,33,750,108,"46, AVENUE GEORGE V",48.871,2.3009,Plein jour,En agglomération,Intersection en T,Normale,Autre collision,,,,,,,,,,,1,2,3,1,6.0
201600052493,0016-10-13 20:15:00,16,10,13,20,15,750,108,"135, AVENUE DES CHAMPS E",48.8731,2.29709,Nuit avec éclairage allumé,En agglomération,Intersection en X,Pluie légère,Autre collision,,,,,,,,,,,5,2,2,2,6.0
201600052494,0016-10-16 12:00:00,16,10,16,12,0,750,108,"21, PLACE DE LA MADELEIN",48.871,2.32432,Plein jour,En agglomération,Hors intersection,Normale,Autre collision,,,,,,,,,,,1,2,1,1,6.0
201600052495,0016-10-17 12:30:00,16,10,17,12,30,750,108,PLACE DE LA CONCORDE,48.8662,2.32121,Plein jour,En agglomération,Place,Normale,Deux véhicules - côté,,,,,,,,,,,1,2,7,1,3.0
201600052496,0016-10-17 17:15:00,16,10,17,17,15,750,108,COURS LA REINE,48.8649,2.31798,Plein jour,En agglomération,Intersection en Y,Normale,Autre collision,,,,,,,,,,,1,2,4,1,6.0
201600052497,0016-10-19 08:20:00,16,10,19,8,20,750,108,"12, AVENUE MARCEAU",48.8661,2.29963,Plein jour,En agglomération,Intersection en Y,Normale,Deux véhicules - côté,,,,,,,,,,,1,2,4,1,3.0
201600052498,0016-10-20 02:00:00,16,10,20,2,0,750,108,"/, ROND POINT CHAMPS ELY",48.8694,2.31094,Nuit avec éclairage allumé,En agglomération,Place,Normale,Deux véhicules - côté,,,,,,,,,,,5,2,7,1,3.0
201600052499,0016-10-20 05:00:00,16,10,20,5,0,750,108,RUE DE ROME,48.882,2.32048,Nuit avec éclairage allumé,En agglomération,Intersection en X,Pluie légère,Autre collision,,,,,,,,,,,5,2,2,2,6.0
201600052500,0016-10-23 16:20:00,16,10,23,16,20,750,108,"21, RUE DU COLISEE",48.8709,2.30878,Plein jour,En agglomération,Intersection en X,Pluie légère,Sans collision,,,,,,,,,,,1,2,2,2,7.0
201600052501,0016-10-25 10:30:00,16,10,25,10,30,750,108,"65, BOULEVARD MALESHERBE",48.8756,2.31881,Plein jour,En agglomération,Place,Normale,Deux véhicules - côté,,,,,,,,,,,1,2,7,1,3.0
201600052502,0016-10-26 11:45:00,16,10,26,11,45,750,117,AVENUE NIEL,48.8824,2.29613,Plein jour,En agglomération,Hors intersection,Normale,Deux véhicules - arrière,,,,,,,,,,,1,2,1,1,2.0
201600052503,0016-10-26 20:10:00,16,10,26,20,10,750,108,"33, AVENUE GEORGE V",48.8684,2.30112,Nuit avec éclairage allumé,En agglomération,Intersection en X,Normale,Autre collision,,,,,,,,,,,5,2,2,1,6.0
201600052504,0016-10-27 17:55:00,16,10,27,17,55,750,108,"S2358, PLACE DE LA CONCO",48.8659,2.31989,Plein jour,En agglomération,Place,Normale,Deux véhicules - côté,,,,,,,,,,,1,2,7,1,3.0
201600052505,0016-10-27 20:50:00,16,10,27,20,50,750,108,PLACE CHARLES DE GAULLE,48.8733,2.29547,Nuit avec éclairage allumé,En agglomération,Place,Normale,Autre collision,,,,,,,,,,,5,2,7,1,6.0
201600052506,0016-10-28 14:00:00,16,10,28,14,0,750,108,"16, PLACE DE LA MADELEIN",48.87,2.32519,Plein jour,En agglomération,Hors intersection,Normale,Autre collision,,,,,,,,,,,1,2,1,1,6.0
201600052507,0016-11-01 01:10:00,16,11,1,1,10,750,108,"63, BOULEVARD DES BATIGN",48.8813,2.31728,Nuit avec éclairage allumé,En agglomération,Hors intersection,Normale,Autre collision,,,,,,,,,,,5,2,1,1,6.0
201600052508,0016-11-02 18:30:00,16,11,2,18,30,750,108,"115, BOULEVARD MALESHERB",48.8805,2.31294,Nuit avec éclairage allumé,En agglomération,Intersection en T,Normale,Deux véhicules - côté,,,,,,,,,,,5,2,3,1,3.0
201600052509,0016-11-02 19:30:00,16,11,2,19,30,750,108,"23, BOULEVARD DE COURCEL",48.8811,2.31435,Nuit avec éclairage allumé,En agglomération,Hors intersection,Normale,Deux véhicules - côté,,,,,,,,,,,5,2,1,1,3.0
201600052510,0016-11-04 08:30:00,16,11,4,8,30,750,108,AVENUE DES CHAMPS ELYSEE,48.8669,2.31674,Crépuscule ou aube,En agglomération,Hors intersection,Pluie légère,Deux véhicules - arrière,,,,,,,,,,,2,2,1,2,2.0
201600052511,0016-11-04 13:00:00,16,11,4,13,0,750,108,"24, AVENUE MARCEAU",48.8667,2.29945,Plein jour,En agglomération,Hors intersection,Pluie légère,Deux véhicules - côté,,,,,,,,,,,1,2,1,2,3.0
201600052512,0016-11-04 18:50:00,16,11,4,18,50,750,116,ALLEE DE LA REINE MARGUE,48.8678,2.25104,Nuit avec éclairage non allumé,En agglomération,Intersection en X,Normale,Autre collision,,,,,,,,,,,4,2,2,1,6.0
201600052513,0016-11-04 23:40:00,16,11,4,23,40,750,108,RUE DE ROME,48.8781,2.32257,Nuit avec éclairage allumé,En agglomération,Intersection en X,Pluie forte,Deux véhicules - côté,,,,,,,,,,,5,2,2,3,3.0
201600052514,0016-11-07 08:45:00,16,11,7,8,45,750,108,"40, AVENUE GEORGE V",48.8701,2.30102,Plein jour,En agglomération,Place,Pluie légère,Deux véhicules - côté,,,,,,,,,,,1,2,7,2,3.0
201600052515,0016-11-07 17:00:00,16,11,7,17,0,750,108,"48, RUE DE MIROMESNIL",48.8745,2.31582,Nuit avec éclairage allumé,En agglomération,Hors intersection,Normale,Trois véhicules et plus - en chaîne,,,,,,,,,,,5,2,1,1,4.0
201600052516,0016-11-09 08:40:00,16,11,9,8,40,750,108,COURS LA REINE,48.865,2.31369,Plein jour,En agglomération,Intersection en X,Normale,Deux véhicules - côté,,,,,,,,,,,1,2,2,1,3.0
201600052517,0016-11-09 09:15:00,16,11,9,9,15,750,108,PLACE DE LA CONCORDE,48.8645,2.32005,Plein jour,En agglomération,Hors intersection,Pluie forte,Deux véhicules - arrière,,,,,,,,,,,1,2,1,3,2.0
201600052518,0016-11-09 16:20:00,16,11,9,16,20,750,108,AVENUE WINSTON CHURCHILL,48.8671,2.31393,Plein jour,En agglomération,Place,Pluie légère,Deux véhicules - côté,,,,,,,,,,,1,2,7,2,3.0
201600052519,0016-11-10 23:45:00,16,11,10,23,45,750,108,BOULEVARD MALESHERBES,48.8756,2.31881,Nuit avec éclairage allumé,En agglomération,Place,Pluie légère,Deux véhicules - arrière,,,,,,,,,,,5,2,7,2,2.0
201600052520,0016-11-11 23:48:00,16,11,11,23,48,750,108,VOIE GEORGES POMPIDOU,48.8647,2.30873,Nuit avec éclairage allumé,En agglomération,Hors intersection,Normale,Trois véhicules et plus - en chaîne,,,,,,,,,,,5,2,1,1,4.0
201600052521,0016-11-13 07:03:00,16,11,13,7,3,750,108,AVENUE DES CHAMPS ELYSEE,48.8686,2.31124,Plein jour,En agglomération,Hors intersection,Normale,Sans collision,,,,,,,,,,,1,2,1,1,7.0
201600052522,0016-11-14 10:19:00,16,11,14,10,19,750,108,"51, BOULEVARD DES BATIGN",48.8817,2.31881,Plein jour,En agglomération,Intersection en X,Normale,Deux véhicules - côté,,,,,,,,,,,1,2,2,1,3.0
201600052523,0016-11-14 20:30:00,16,11,14,20,30,750,108,PLACE DE LA CONCORDE,48.8659,2.31989,Nuit avec éclairage allumé,En agglomération,Place,Normale,Autre collision,,,,,,,,,,,5,2,7,1,6.0
201600052524,0016-11-15 13:55:00,16,11,15,13,55,750,108,"12, RUE JEAN GOUJON",48.8664,2.30856,Plein jour,En agglomération,Hors intersection,Normale,Deux véhicules - côté,,,,,,,,,,,1,2,1,1,3.0
201600052525,0016-11-16 12:50:00,16,11,16,12,50,750,108,"14, ROND POINT CHAMPS EL",48.8693,2.30914,Plein jour,En agglomération,Intersection en X,Normale,Deux véhicules - arrière,,,,,,,,,,,1,2,2,1,2.0
201600052526,0016-11-16 16:00:00,16,11,16,16,0,750,108,"6, PLACE DE LA CONCORDE",48.8666,2.3219,Plein jour,En agglomération,Place,Normale,Deux véhicules - côté,,,,,,,,,,,1,2,7,1,3.0
201600052527,0016-11-16 14:25:00,16,11,16,14,25,750,108,"75, BOULEVARD MALESHERBE",48.8772,2.31691,Plein jour,En agglomération,Hors intersection,Temps couvert,Deux véhicules - arrière,,,,,,,,,,,1,2,1,8,2.0
201600052528,0016-11-16 17:40:00,16,11,16,17,40,750,108,"60, RUE DE MONCEAU",48.8785,2.31233,Nuit avec éclairage allumé,En agglomération,Intersection en T,Normale,Autre collision,,,,,,,,,,,5,2,3,1,6.0
201600052529,0016-11-17 22:40:00,16,11,17,22,40,750,108,"4, PLACE DE LA CONCORDE",48.8666,2.3219,Nuit avec éclairage allumé,En agglomération,Place,Normale,Deux véhicules - côté,,,,,,,,,,,5,2,7,1,3.0
201600052530,0016-11-17 03:20:00,16,11,17,3,20,750,108,PLACE DE LA CONCORDE,48.8647,2.32055,Nuit avec éclairage allumé,En agglomération,Place,Pluie forte,Deux véhicules - côté,,,,,,,,,,,5,2,7,3,3.0
201600052531,0016-11-19 18:45:00,16,11,19,18,45,750,108,"29, RUE DE MARIGNAN",48.8701,2.30662,Nuit avec éclairage allumé,En agglomération,Intersection en X,Normale,Autre collision,,,,,,,,,,,5,2,2,1,6.0
201600052532,0016-11-20 07:30:00,16,11,20,7,30,750,108,"1, AVENUE DES CHAMPS ELY",48.8659,2.31989,Nuit avec éclairage allumé,En agglomération,Place,Pluie légère,Deux véhicules - côté,,,,,,,,,,,5,2,7,2,3.0
201600052533,0016-11-21 11:55:00,16,11,21,11,55,750,108,BOULEVARD DES BATIGNOLLE,48.882,2.32048,Plein jour,En agglomération,Intersection en X,Pluie légère,Deux véhicules - arrière,,,,,,,,,,,1,2,2,2,2.0
201600052534,0016-11-22 13:10:00,16,11,22,13,10,750,108,"170, RUE DU FAUBOURG SAI",48.8739,2.30833,Plein jour,En agglomération,Hors intersection,Normale,Deux véhicules - arrière,,,,,,,,,,,1,2,1,1,2.0
201600052535,0016-11-23 08:10:00,16,11,23,8,10,750,108,RUE DES MATHURINS,48.8731,2.32672,Plein jour,En agglomération,Intersection en X,Pluie légère,Sans collision,,,,,,,,,,,1,2,2,2,7.0
201600052536,0016-11-23 19:30:00,16,11,23,19,30,750,108,PLACE DE L EUROPE,48.8788,2.32322,Nuit avec éclairage allumé,En agglomération,Place,Pluie légère,Deux véhicules - côté,,,,,,,,,,,5,2,7,2,3.0
201600052537,0016-11-24 15:00:00,16,11,24,15,0,750,108,"20, RUE CHATEAUBRIAND",48.8737,2.30053,Plein jour,En agglomération,Intersection en X,Normale,Deux véhicules - côté,,,,,,,,,,,1,2,2,1,3.0
201600052538,0016-11-25 03:40:00,16,11,25,3,40,750,108,AVENUE MONTAIGNE,48.8677,2.30764,Nuit avec éclairage allumé,En agglomération,Intersection en X,Normale,Autre collision,,,,,,,,,,,5,2,2,1,6.0
201600052539,0016-11-26 02:27:00,16,11,26,2,27,750,108,RUE DE ROME,48.882,2.32048,Nuit avec éclairage allumé,En agglomération,Intersection à plus de 4 branches,Normale,Deux véhicules - côté,,,,,,,,,,,5,2,5,1,3.0
201600052540,0016-11-26 06:30:00,16,11,26,6,30,750,108,AVENUE FRANKLIN D ROOSEV,48.8705,2.31006,Nuit avec éclairage allumé,En agglomération,Intersection en X,Normale,Deux véhicules - côté,,,,,,,,,,,5,2,2,1,3.0
201600052541,0016-11-27 00:10:00,16,11,27,0,10,750,108,BOULEVARD MALESHERBES,48.8733,2.32097,Nuit avec éclairage allumé,En agglomération,Hors intersection,Normale,Deux véhicules - côté,,,,,,,,,,,5,2,1,1,3.0
201600052542,0016-11-28 10:10:00,16,11,28,10,10,750,108,AVENUE DES CHAMPS ELYSEE,48.8671,2.31607,Plein jour,En agglomération,Intersection en T,Normale,Deux véhicules - côté,,,,,,,,,,,1,2,3,1,3.0
201600052543,0016-11-29 13:20:00,16,11,29,13,20,750,108,"19, RUE D AMSTERDAM",48.8772,2.3269,Plein jour,En agglomération,Intersection en T,Normale,Autre collision,,,,,,,,,,,1,2,3,1,6.0
201600052544,0016-12-02 11:10:00,16,12,2,11,10,750,108,"2, AVENUE FRANKLIN D ROO",48.8649,2.31027,Plein jour,En agglomération,Place,Normale,Autre collision,,,,,,,,,,,1,2,7,1,6.0
201600052545,0016-12-02 16:20:00,16,12,2,16,20,750,108,VOIE GEORGES POMPIDOU,48.8649,2.31637,Nuit avec éclairage allumé,En agglomération,Intersection en Y,Normale,Trois véhicules et plus - en chaîne,,,,,,,,,,,5,2,4,1,4.0
201600052546,0016-12-03 01:20:00,16,12,3,1,20,750,108,"93, AVENUE DES CHAMPS EL",48.8714,2.30253,Nuit avec éclairage allumé,En agglomération,Intersection en X,Normale,Trois véhicules et plus - en chaîne,,,,,,,,,,,5,2,2,1,4.0
201600052547,0016-12-06 10:20:00,16,12,6,10,20,750,108,PLACE DE LA MADELEINE,48.8693,2.32391,Plein jour,En agglomération,Place,Normale,Deux véhicules - côté,,,,,,,,,,,1,2,7,1,3.0
201600052548,0016-12-07 17:10:00,16,12,7,17,10,750,108,"37, AVENUE MONTAIGNE",48.867,2.30631,Nuit avec éclairage allumé,En agglomération,Intersection en X,Normale,Autre collision,,,,,,,,,,,5,2,2,1,6.0
201600052549,0016-12-07 23:20:00,16,12,7,23,20,750,108,PLACE DU HAVRE,48.8756,2.32657,Nuit avec éclairage allumé,En agglomération,Place,Normale,Deux véhicules - côté,,,,,,,,,,,5,2,7,1,3.0