accident_id,datetime,annee,mois,jour,heure,minute,departement,commune_insee,adresse,latitude,longitude,luminosite,agglomeration,intersection,meteo,collision,nb_vehicules,nb_usagers,nb_indemnes,nb_tues,nb_blesses_hosp,nb_blesses_legers,age_cond_1,age_cond_2,veh_type_cond_1,veh_type_cond_2,lum_code,agg_code,int_code,atm_code,col_code
201600052550,0016-12-09 10:20:00,16,12,9,10,20,750,108,"3, PLACE DE LA MADELEINE",48.8694,2.32352,Plein jour,En agglomération,Place,Normale,Autre collision,,,,,,,,,,,1,2,7,1,6.0
201600052551,0016-12-10 10:45:00,16,12,10,10,45,750,108,BOULEVARD DE COURCELLES,48.8805,2.30968,Plein jour,En agglomération,Place,Normale,Deux véhicules - côté,,,,,,,,,,,1,2,7,1,3.0
201600052552,0016-12-10 20:00:00,16,12,10,20,0,750,108,"3, AVENUE DE FRIEDLAND",48.8748,2.3047,Nuit avec éclairage allumé,En agglomération,Intersection en Y,Normale,Autre collision,,,,,,,,,,,5,2,4,1,6.0
201600052553,0016-12-11 12:30:00,16,12,11,12,30,750,108,"1, AVENUE GEORGE V",48.8652,2.30141,Plein jour,En agglomération,Hors intersection,Normale,Deux véhicules - côté,,,,,,,,,,,1,2,1,1,3.0
201600052554,0016-12-12 09:35:00,16,12,12,9,35,750,108,"10, ROND POINT CHAMPS EL",48.869,2.31008,Plein jour,En agglomération,Place,Temps couvert,Deux véhicules - côté,,,,,,,,,,,1,2,7,8,3.0
201600052555,0016-12-13 08:50:00,16,12,13,8,50,750,108,"23, RUE ROYALE",48.8687,2.32353,Plein jour,En agglomération,Hors intersection,Pluie légère,Deux véhicules - côté,,,,,,,,,,,1,2,1,2,3.0
201600052556,0016-12-15 18:40:00,16,12,15,18,40,750,108,PLACE DE LA CONCORDE,48.866,2.32226,Nuit avec éclairage allumé,En agglomération,Hors intersection,Normale,Autre collision,,,,,,,,,,,5,2,1,1,6.0
201600052557,0016-12-15 23:00:00,16,12,15,23,0,750,108,AVENUE WINSTON CHURCHILL,48.8666,2.31388,Nuit avec éclairage allumé,En agglomération,Hors intersection,Normale,Autre collision,,,,,,,,,,,5,2,1,1,6.0
201600052558,0016-12-21 13:25:00,16,12,21,13,25,750,117,"157, AVENUE DE CLICHY",48.8919,2.31793,Plein jour,En agglomération,Intersection en T,Normale,Deux véhicules - côté,,,,,,,,,,,1,2,3,1,3.0
201600052559,0016-12-22 08:40:00,16,12,22,8,40,750,108,"93, AVENUE DES CHAMPS EL",48.8715,2.30202,Plein jour,En agglomération,Hors intersection,Pluie légère,Deux véhicules - arrière,,,,,,,,,,,1,2,1,2,2.0
201600052560,0016-12-22 15:30:00,16,12,22,15,30,750,108,"51, AVENUE MONTAIGNE",48.8677,2.30777,Plein jour,En agglomération,Hors intersection,Pluie légère,Autre collision,,,,,,,,,,,1,2,1,2,6.0
201600052561,0016-12-22 17:30:00,16,12,22,17,30,750,108,"66, AVENUE DES CHAMPS EL",48.8705,2.30531,Crépuscule ou aube,En agglomération,Intersection en X,Normale,Autre collision,,,,,,,,,,,2,2,2,1,6.0
201600052562,0016-12-23 17:45:00,16,12,23,17,45,750,108,"2, AVENUE MONTAIGNE",48.8653,2.30289,Nuit avec éclairage allumé,En agglomération,Place,Temps couvert,Deux véhicules - côté,,,,,,,,,,,5,2,7,8,3.0
201600052563,0016-12-28 09:40:00,16,12,28,9,40,750,108,AVENUE DES CHAMPS ELYSEE,48.8678,2.31384,Plein jour,En agglomération,Place,Normale,Deux véhicules - arrière,,,,,,,,,,,1,2,7,1,2.0
201600052564,0016-12-28 11:55:00,16,12,28,11,55,750,108,"42, RUE DE ROME",48.8781,2.32257,Plein jour,En agglomération,Intersection en X,Normale,Deux véhicules - arrière,,,,,,,,,,,1,2,2,1,2.0
201600052565,0016-12-28 23:55:00,16,12,28,23,55,750,108,BOULEVARD MALESHERBES,48.8698,2.32342,Nuit avec éclairage allumé,En agglomération,Place,Normale,Deux véhicules - arrière,,,,,,,,,,,5,2,7,1,2.0
201600052566,0016-12-29 10:30:00,16,12,29,10,30,750,108,"62, BOULEVARD MALESHERBE",48.8778,2.31618,Plein jour,En agglomération,Intersection en X,Normale,Deux véhicules - côté,,,,,,,,,,,1,2,2,1,3.0
201600052567,0016-12-29 19:28:00,16,12,29,19,28,750,108,AVENUE MARCEAU,48.8725,2.29619,Nuit avec éclairage allumé,En agglomération,Intersection en X,Normale,Deux véhicules - côté,,,,,,,,,,,5,2,2,1,3.0
201600052568,0016-01-06 09:05:00,16,1,6,9,5,750,109,"65, RUE JEAN BAPTISTE PI",48.8812,2.33615,Plein jour,En agglomération,Intersection en X,Pluie légère,Autre collision,,,,,,,,,,,1,2,2,2,6.0
201600052569,0016-01-07 08:45:00,16,1,7,8,45,750,109,"15, BOULEVARD DE CLICHY",48.8822,2.33772,Plein jour,En agglomération,Place,Pluie forte,Autre collision,,,,,,,,,,,1,2,7,3,6.0
201600052570,0016-01-10 23:10:00,16,1,10,23,10,750,109,"41, RUE DE CHATEAUDUN",48.8762,2.33536,Nuit avec éclairage allumé,En agglomération,Intersection en X,Normale,Autre collision,,,,,,,,,,,5,2,2,1,6.0
201600052571,0016-01-12 10:30:00,16,1,12,10,30,750,109,"29, RUE DE PROVENCE",48.8741,2.33904,Plein jour,En agglomération,Intersection en X,Pluie légère,Deux véhicules - côté,,,,,,,,,,,1,2,2,2,3.0
201600052572,0016-01-12 19:40:00,16,1,12,19,40,750,109,"54, RUE DE CLICHY",48.8805,2.32877,Nuit avec éclairage allumé,En agglomération,Intersection en T,Normale,Autre collision,,,,,,,,,,,5,2,3,1,6.0
201600052573,0016-01-14 08:05:00,16,1,14,8,5,750,109,"2, RUE CHAPTAL",48.8806,2.33439,Plein jour,En agglomération,Hors intersection,Pluie forte,Autre collision,,,,,,,,,,,1,2,1,3,6.0
201600052574,0016-01-15 20:18:00,16,1,15,20,18,750,109,"48, RUE DU FAUBOURG MONT",48.8751,2.34096,Nuit avec éclairage allumé,En agglomération,Intersection à plus de 4 branches,Normale,Deux véhicules - arrière,,,,,,,,,,,5,2,5,1,2.0
201600052575,0016-01-19 10:00:00,16,1,19,10,0,750,109,"27, RUE BLEUE",48.8761,2.34483,Plein jour,En agglomération,Intersection en T,Autre,Autre collision,,,,,,,,,,,1,2,3,9,6.0
201600052576,0016-01-21 20:00:00,16,1,21,20,0,750,109,"15, BOULEVARD DE ROCHECH",48.8834,2.34763,Nuit avec éclairage allumé,En agglomération,Hors intersection,Normale,Autre collision,,,,,,,,,,,5,2,1,1,6.0
201600052577,0016-01-22 00:50:00,16,1,22,0,50,750,109,"39, RUE JEAN BAPTISTE PI",48.88,2.33439,Nuit avec éclairage allumé,En agglomération,Hors intersection,Normale,Autre collision,,,,,,,,,,,5,2,1,1,6.0
201600052578,0016-01-28 17:35:00,16,1,28,17,35,750,109,"10, BOULEVARD MONTMARTRE",48.8717,2.34185,Plein jour,En agglomération,Intersection en X,Normale,Deux véhicules - arrière,,,,,,,,,,,1,2,2,1,2.0
201600052579,0016-01-30 13:30:00,16,1,30,13,30,750,102,"02, PLACE DE L OPERA",48.8703,2.33244,Plein jour,En agglomération,Place,Pluie forte,Deux véhicules - côté,,,,,,,,,,,1,2,7,3,3.0
201600052580,0016-02-01 17:30:00,16,2,1,17,30,750,109,"43, RUE LA FAYETTE",48.8748,2.33976,Crépuscule ou aube,En agglomération,Intersection en T,Normale,Autre collision,,,,,,,,,,,2,2,3,1,6.0
201600052581,0016-02-05 03:30:00,16,2,5,3,30,750,109,"84, RUE DE CLICHY",48.8833,2.32749,Nuit avec éclairage allumé,En agglomération,Place,Normale,Autre collision,,,,,,,,,,,5,2,7,1,6.0
201600052582,0016-02-06 20:00:00,16,2,6,20,0,750,109,"75 BIS, BOULEVARD DE CLI",48.8841,2.3308,Nuit avec éclairage allumé,En agglomération,Intersection en T,Normale,Deux véhicules - côté,,,,,,,,,,,5,2,3,1,3.0
201600052583,0016-02-11 15:35:00,16,2,11,15,35,750,109,"40, RUE VIGNON",48.8731,2.32672,Plein jour,En agglomération,Intersection à plus de 4 branches,Normale,Autre collision,,,,,,,,,,,1,2,5,1,6.0
201600052584,0016-02-12 22:40:00,16,2,12,22,40,750,109,"52, BOULEVARD HAUSSMANN",48.8733,2.33032,Nuit avec éclairage allumé,En agglomération,Hors intersection,Normale,Autre collision,,,,,,,,,,,5,2,1,1,6.0
201600052585,0016-02-17 21:00:00,16,2,17,21,0,750,109,"50, BOULEVARD HAUSSMANN",48.8734,2.32969,Nuit avec éclairage allumé,En agglomération,Intersection en T,Normale,Autre collision,,,,,,,,,,,5,2,3,1,6.0
201600052586,0016-02-18 15:10:00,16,2,18,15,10,750,109,"18-20, BOULEVARD MONTMAR",48.8719,2.3407,Plein jour,En agglomération,Hors intersection,Pluie légère,Autre collision,,,,,,,,,,,1,2,1,2,6.0
201600052587,0016-02-23 11:00:00,16,2,23,11,0,750,109,PLACE JACQUES ROUCHE,48.8721,2.33293,Plein jour,En agglomération,Place,Normale,Deux véhicules - côté,,,,,,,,,,,1,2,7,1,3.0
201600052588,0016-02-27 09:25:00,16,2,27,9,25,750,109,", RUE DROUOT",48.8741,2.34073,Plein jour,En agglomération,Intersection en X,Normale,Deux véhicules - côté,,,,,,,,,,,1,2,2,1,3.0
201600052589,0016-02-29 13:50:00,16,2,29,13,50,750,109,"28, RUE DU FAUBOURG MONT",48.8736,2.34282,Plein jour,En agglomération,Hors intersection,Normale,Autre collision,,,,,,,,,,,1,2,1,1,6.0
201600052590,0016-03-01 09:35:00,16,3,1,9,35,750,109,"100, RUE D AMSTERDAM",48.8827,2.32712,Plein jour,En agglomération,Hors intersection,Pluie légère,Deux véhicules - arrière,,,,,,,,,,,1,2,1,2,2.0
201600052591,0016-03-02 16:30:00,16,3,2,16,30,750,109,"12, RUE DE CHATEAUDUN",48.8759,2.34029,Plein jour,En agglomération,Intersection en X,Neige / grêle,Autre collision,,,,,,,,,,,1,2,2,4,6.0
201600052592,0016-03-03 12:35:00,16,3,3,12,35,750,109,"51, RUE DE DUNKERQUE",48.8811,2.34982,Plein jour,En agglomération,Intersection en X,Normale,Deux véhicules - côté,,,,,,,,,,,1,2,2,1,3.0
201600052593,0016-03-04 06:40:00,16,3,4,6,40,750,101,QUAI DES TUILERIES,48.8623,2.32567,Crépuscule ou aube,En agglomération,Intersection en Y,Pluie légère,Autre collision,,,,,,,,,,,2,2,4,2,6.0
201600052594,0016-03-04 22:04:00,16,3,4,22,4,750,101,"91, RUE DE RIVOLI",48.8608,2.34119,Nuit avec éclairage allumé,En agglomération,Intersection en T,Pluie légère,Autre collision,,,,,,,,,,,5,2,3,2,6.0
201600052595,0016-03-07 12:45:00,16,3,7,12,45,750,109,"42, RUE D AMSTERDAM",48.8783,2.32692,Plein jour,En agglomération,Hors intersection,Temps couvert,Autre collision,,,,,,,,,,,1,2,1,8,6.0
201600052596,0016-03-07 16:40:00,16,3,7,16,40,750,109,"80, RUE LA FAYETTE",48.8766,2.34657,Plein jour,En agglomération,Intersection à plus de 4 branches,Normale,Deux véhicules - côté,,,,,,,,,,,1,2,5,1,3.0
201600052597,0016-03-08 07:30:00,16,3,8,7,30,750,109,"9, RUE DE MOGADOR",48.8739,2.33124,Plein jour,En agglomération,Hors intersection,Normale,Deux véhicules - arrière,,,,,,,,,,,1,2,1,1,2.0
201600052598,0016-03-11 09:30:00,16,3,11,9,30,750,109,BOULEVARD HAUSSMANN,48.8734,2.32969,Plein jour,En agglomération,Intersection en T,Normale,Deux véhicules - côté,,,,,,,,,,,1,2,3,1,3.0
201600052599,0016-03-15 13:50:00,16,3,15,13,50,750,109,"43, AVENUE TRUDAINE",48.881,2.34159,Plein jour,En agglomération,Hors intersection,Normale,Autre collision,,,,,,,,,,,1,2,1,1,6.0
201600052600,0016-03-17 20:15:00,16,3,17,20,15,750,109,"50, RUE SAINT GEORGES",48.8774,2.33724,Nuit avec éclairage allumé,En agglomération,Hors intersection,Normale,Deux véhicules - côté,,,,,,,,,,,5,2,1,1,3.0
201600052601,0016-03-24 09:35:00,16,3,24,9,35,750,109,"1, RUE PILLET WILL",48.873,2.33765,Plein jour,En agglomération,Intersection en T,Normale,Autre collision,,,,,,,,,,,1,2,3,1,6.0
201600052602,0016-03-25 15:30:00,16,3,25,15,30,750,109,BOULEVARD DE ROCHECHOUAR,48.8833,2.34689,Plein jour,En agglomération,Intersection à plus de 4 branches,Normale,Deux véhicules - côté,,,,,,,,,,,1,2,5,1,3.0
201600052603,0016-03-29 21:36:00,16,3,29,21,36,750,109,BOULEVARD DE ROCHECHOUAR,48.8828,2.34444,Nuit avec éclairage allumé,En agglomération,Place,Pluie légère,Deux véhicules - côté,,,,,,,,,,,5,2,7,2,3.0
201600052604,0016-03-29 23:20:00,16,3,29,23,20,750,109,"/, BOULEVARD HAUSSMANN",48.8732,2.3311,Nuit avec éclairage allumé,En agglomération,Place,Pluie légère,Deux véhicules - côté,,,,,,,,,,,5,2,7,2,3.0
201600052605,0016-03-30 16:55:00,16,3,30,16,55,750,109,"16, RUE LA FAYETTE",48.8736,2.33501,Plein jour,En agglomération,Hors intersection,Pluie légère,Deux véhicules - côté,,,,,,,,,,,1,2,1,2,3.0
201600052606,0016-04-03 06:20:00,16,4,3,6,20,750,109,"42, RUE LA FAYETTE",48.8747,2.33928,Crépuscule ou aube,En agglomération,Intersection en X,Normale,Deux véhicules - côté,,,,,,,,,,,2,2,2,1,3.0
201600052607,0016-04-04 22:20:00,16,4,4,22,20,750,109,"17, BOULEVARD DE ROCHECH",48.8833,2.34689,Nuit avec éclairage allumé,En agglomération,Intersection à plus de 4 branches,Normale,Sans collision,,,,,,,,,,,5,2,5,1,7.0
201600052608,0016-04-04 13:10:00,16,4,4,13,10,750,109,"91, RUE DU FAUBOURG POIS",48.8769,2.34879,Plein jour,En agglomération,Hors intersection,Normale,Deux véhicules - côté,,,,,,,,,,,1,2,1,1,3.0
201600052609,0016-04-05 08:25:00,16,4,5,8,25,750,109,PLACE DE L OPERA,48.8707,2.33257,Plein jour,En agglomération,Place,Normale,Deux véhicules - côté,,,,,,,,,,,1,2,7,1,3.0
201600052610,0016-04-09 14:25:00,16,4,9,14,25,750,109,"30, RUE RICHER",48.874,2.34533,Plein jour,En agglomération,Intersection en X,Pluie légère,Autre collision,,,,,,,,,,,1,2,2,2,6.0
201600052611,0016-04-11 13:50:00,16,4,11,13,50,750,109,"14, BOULEVARD DES CAPUCI",48.8702,2.32993,Plein jour,En agglomération,Intersection en X,Pluie légère,Autre collision,,,,,,,,,,,1,2,2,2,6.0
201600052612,0016-04-13 06:47:00,16,4,13,6,47,750,109,"32, BOULEVARD POISSONNIE",48.8715,2.34309,Plein jour,En agglomération,Intersection en X,Pluie légère,Autre collision,,,,,,,,,,,1,2,2,2,6.0
201600052613,0016-04-16 21:35:00,16,4,16,21,35,750,103,"113, BOULEVARD BEAUMARCH",48.861,2.36722,Nuit avec éclairage allumé,En agglomération,Intersection en Y,Normale,Deux véhicules - côté,,,,,,,,,,,5,2,4,1,3.0
201600052614,0016-04-18 11:30:00,16,4,18,11,30,750,109,"44, RUE DE MAUBEUGE",48.8782,2.34456,Plein jour,En agglomération,Hors intersection,Normale,Deux véhicules - côté,,,,,,,,,,,1,2,1,1,3.0
201600052615,0016-04-22 22:30:00,16,4,22,22,30,750,109,RUE DE CLICHY,48.8804,2.32883,Nuit avec éclairage allumé,En agglomération,Hors intersection,Pluie légère,Deux véhicules - côté,,,,,,,,,,,5,2,1,2,3.0
201600052616,0016-04-25 20:15:00,16,4,25,20,15,750,102,"90, BOULEVARD DE SEBASTO",48.866,2.35237,Nuit avec éclairage allumé,En agglomération,Hors intersection,Pluie légère,Deux véhicules - côté,,,,,,,,,,,5,2,1,2,3.0
201600052617,0016-04-26 15:00:00,16,4,26,15,0,750,109,PLACE DE L OPERA,48.8707,2.33257,Plein jour,En agglomération,Place,Pluie légère,Deux véhicules - côté,,,,,,,,,,,1,2,7,2,3.0
201600052618,0016-04-29 00:20:00,16,4,29,0,20,750,101,"/, RUE ETIENNE MARCEL",48.8653,2.34307,Nuit avec éclairage allumé,En agglomération,Intersection en X,Normale,Deux véhicules - côté,,,,,,,,,,,5,2,2,1,3.0
201600052619,0016-04-30 06:25:00,16,4,30,6,25,750,109,"17, BOULEVARD DE ROCHECH",48.8833,2.34689,Crépuscule ou aube,En agglomération,Intersection à plus de 4 branches,Normale,Deux véhicules - côté,,,,,,,,,,,2,2,5,1,3.0
201600052620,0016-05-06 03:20:00,16,5,6,3,20,750,109,"32, BOULEVARD POISSONNIE",48.8715,2.34309,Nuit avec éclairage allumé,En agglomération,Intersection en X,Normale,Deux véhicules - côté,,,,,,,,,,,5,2,2,1,3.0
201600052621,0016-05-06 08:50:00,16,5,6,8,50,750,109,"75, RUE SAINT LAZARE",48.8762,2.33109,Plein jour,En agglomération,Place,Normale,Autre collision,,,,,,,,,,,1,2,7,1,6.0
201600052622,0016-05-07 17:15:00,16,5,7,17,15,750,109,"64, RUE DE LA CHAUSSEE D",48.8753,2.33229,Plein jour,En agglomération,Intersection en X,Normale,Deux véhicules - côté,,,,,,,,,,,1,2,2,1,3.0
201600052623,0016-05-08 02:00:00,16,5,8,2,0,750,102,RUE D ABOUKIR,48.8686,2.34973,Nuit avec éclairage allumé,En agglomération,Intersection en X,Normale,Deux véhicules - côté,,,,,,,,,,,5,2,2,1,3.0
201600052624,0016-05-09 14:50:00,16,5,9,14,50,750,109,"12, BOULEVARD POISSONNIE",48.8709,2.34672,Plein jour,En agglomération,Intersection en T,Temps couvert,Deux véhicules - côté,,,,,,,,,,,1,2,3,8,3.0
201600052625,0016-05-14 03:59:00,16,5,14,3,59,750,108,"53, AVENUE DES CHAMPS EL",48.8705,2.30531,Nuit avec éclairage allumé,En agglomération,Intersection en X,Normale,Deux véhicules - arrière,,,,,,,,,,,5,2,2,1,2.0
201600052626,0016-05-14 15:10:00,16,5,14,15,10,750,109,"57, RUE SAINT LAZARE",48.8769,2.3342,Plein jour,En agglomération,Place,Normale,Deux véhicules - côté,,,,,,,,,,,1,2,7,1,3.0
201600052627,0016-05-15 05:45:00,16,5,15,5,45,750,109,"39, BOULEVARD DE CLICHY",48.8836,2.33259,Crépuscule ou aube,En agglomération,Place,Normale,Autre collision,,,,,,,,,,,2,2,7,1,6.0
201600052628,0016-05-16 14:05:00,16,5,16,14,5,750,102,"21, RUE DU QUATRE SEPTEM",48.8697,2.33595,Plein jour,En agglomération,Intersection à plus de 4 branches,Normale,Deux véhicules - arrière,,,,,,,,,,,1,2,5,1,2.0
201600052629,0016-05-18 09:10:00,16,5,18,9,10,750,103,"292, RUE SAINT MARTIN",48.867,2.3544,Plein jour,En agglomération,Hors intersection,Normale,Deux véhicules - côté,,,,,,,,,,,1,2,1,1,3.0
201600052630,0016-05-17 20:00:00,16,5,17,20,0,750,109,"53, BOULEVARD DE CLICHY",48.8834,2.33346,Plein jour,En agglomération,Hors intersection,Normale,Autre collision,,,,,,,,,,,1,2,1,1,6.0
201600052631,0016-05-20 10:15:00,16,5,20,10,15,750,109,"55, RUE DE LA VICTOIRE",48.8752,2.33518,Plein jour,En agglomération,Intersection en X,Normale,Deux véhicules - côté,,,,,,,,,,,1,2,2,1,3.0
201600052632,0016-05-22 04:10:00,16,5,22,4,10,750,109,"15, BOULEVARD DE CLICHY",48.8822,2.33772,Nuit avec éclairage allumé,En agglomération,Place,Pluie légère,Autre collision,,,,,,,,,,,5,2,7,2,6.0
201600052633,0016-05-25 23:05:00,16,5,25,23,5,750,109,"39, BOULEVARD DE ROCHECH",48.8828,2.34444,Nuit avec éclairage allumé,En agglomération,Place,Normale,Deux véhicules - côté,,,,,,,,,,,5,2,7,1,3.0
201600052634,0016-05-26 16:10:00,16,5,26,16,10,750,109,"61, RUE DU FAUBOURG POIS",48.8752,2.34809,Plein jour,En agglomération,Hors intersection,Normale,Autre collision,,,,,,,,,,,1,2,1,1,6.0
201600052635,0016-05-29 07:55:00,16,5,29,7,55,750,109,"6, BOULEVARD MONTMARTRE",48.8716,2.34237,Plein jour,En agglomération,Hors intersection,Pluie légère,Deux véhicules - arrière,,,,,,,,,,,1,2,1,2,2.0
201600052636,0016-05-31 09:15:00,16,5,31,9,15,750,102,"19, BOULEVARD DES CAPUCI",48.8706,2.33206,Plein jour,En agglomération,Place,Pluie forte,Deux véhicules - arrière,,,,,,,,,,,1,2,7,3,2.0
201600052637,0016-05-30 19:10:00,16,5,30,19,10,750,109,RUE HALEVY,48.8723,2.33285,Plein jour,En agglomération,Intersection en X,Pluie légère,Deux véhicules - côté,,,,,,,,,,,1,2,2,2,3.0
201600052638,0016-06-01 11:00:00,16,6,1,11,0,750,109,"56, RUE DE LA VICTOIRE",48.8752,2.3346,Plein jour,En agglomération,Hors intersection,Normale,Autre collision,,,,,,,,,,,1,2,1,1,6.0
201600052639,0016-06-07 20:00:00,16,6,7,20,0,750,109,"41, BOULEVARD DE ROCHECH",48.8828,2.34444,Plein jour,En agglomération,Place,Normale,Deux véhicules - côté,,,,,,,,,,,1,2,7,1,3.0
201600052640,0016-06-09 15:25:00,16,6,9,15,25,750,109,"59, RUE DES MARTYRS",48.8807,2.34023,Plein jour,En agglomération,Place,Normale,Autre collision,,,,,,,,,,,1,2,7,1,6.0
201600052641,0016-06-11 13:00:00,16,6,11,13,0,750,109,"58, RUE DU FAUBOURG POIS",48.8752,2.3481,Plein jour,En agglomération,Hors intersection,Pluie légère,Autre collision,,,,,,,,,,,1,2,1,2,6.0
201600052642,0016-06-12 17:05:00,16,6,12,17,5,750,109,"40, RUE LAFFITTE",48.8741,2.33806,Plein jour,En agglomération,Intersection en X,Normale,Deux véhicules - côté,,,,,,,,,,,1,2,2,1,3.0
201600052643,0016-06-19 02:30:00,16,6,19,2,30,750,109,"31, RUE DE CHATEAUDUN",48.8761,2.33709,Nuit avec éclairage allumé,En agglomération,Intersection en X,Normale,Deux véhicules - côté,,,,,,,,,,,5,2,2,1,3.0
201600052644,0016-06-23 12:45:00,16,6,23,12,45,750,109,"38, BOULEVARD DES ITALIE",48.871,2.33417,Plein jour,En agglomération,Intersection en X,Normale,Deux véhicules - côté,,,,,,,,,,,1,2,2,1,3.0
201600052645,0016-06-24 09:00:00,16,6,24,9,0,750,109,"43, RUE DU FAUBOURG MONT",48.8746,2.34161,Plein jour,En agglomération,Hors intersection,Normale,Deux véhicules - côté,,,,,,,,,,,1,2,1,1,3.0
201600052646,0016-06-24 12:50:00,16,6,24,12,50,750,109,"12, BOULEVARD DES CAPUCI",48.8703,2.33038,Plein jour,En agglomération,Hors intersection,Normale,Autre collision,,,,,,,,,,,1,2,1,1,6.0
201600052647,0016-06-25 01:30:00,16,6,25,1,30,750,109,"43, RUE DE CAUMARTIN",48.873,2.32827,Nuit avec éclairage allumé,En agglomération,Intersection à plus de 4 branches,Normale,Deux véhicules - arrière,,,,,,,,,,,5,2,5,1,2.0
201600052648,0016-06-25 13:15:00,16,6,25,13,15,750,109,"77, RUE SAINT LAZARE",48.8762,2.33109,Plein jour,En agglomération,Intersection à plus de 4 branches,Normale,Deux véhicules - côté,,,,,,,,,,,1,2,5,1,3.0
201600052649,0016-06-28 09:30:00,16,6,28,9,30,750,109,"1, BOULEVARD DE CLICHY",48.8819,2.33963,Plein jour,En agglomération,Intersection en X,Normale,Deux véhicules - côté,,,,,,,,,,,1,2,2,1,3.0
201600052650,0016-06-28 12:30:00,16,6,28,12,30,750,109,"13, RUE DE MAUBEUGE",48.8774,2.34307,Plein jour,En agglomération,Hors intersection,Normale,Deux véhicules - arrière,,,,,,,,,,,1,2,1,1,2.0
201600052651,0016-07-02 23:15:00,16,7,2,23,15,750,109,RUE GERANDO,48.8833,2.34689,Nuit avec éclairage allumé,En agglomération,Intersection à plus de 4 branches,Normale,Autre collision,,,,,,,,,,,5,2,5,1,6.0
201600052652,0016-07-03 22:35:00,16,7,3,22,35,750,109,"50, BOULEVARD HAUSSMANN",48.8733,2.33055,Nuit avec éclairage allumé,En agglomération,Hors intersection,Pluie légère,Autre collision,,,,,,,,,,,5,2,1,2,6.0
201600052653,0016-07-04 09:05:00,16,7,4,9,5,750,109,RUE AUBER,48.8719,2.33037,Plein jour,En agglomération,Place,Normale,Deux véhicules - côté,,,,,,,,,,,1,2,7,1,3.0
201600052654,0016-07-07 00:20:00,16,7,7,0,20,750,109,"52, RUE CONDORCET",48.8802,2.34291,Nuit avec éclairage allumé,En agglomération,Intersection en Y,Normale,Autre collision,,,,,,,,,,,5,2,4,1,6.0
201600052655,0016-07-10 05:40:00,16,7,10,5,40,750,116,ROUTE DE SEVRES A NEUILL,48.8695,2.24444,Crépuscule ou aube,En agglomération,Hors intersection,Normale,Autre collision,,,,,,,,,,,2,2,1,1,6.0
201600052656,0016-07-10 16:25:00,16,7,10,16,25,750,109,"36BIS, BOULEVARD HAUSSMA",48.8729,2.33326,Plein jour,En agglomération,Intersection à plus de 4 branches,Normale,Deux véhicules - côté,,,,,,,,,,,1,2,5,1,3.0
201600052657,0016-07-19 14:00:00,16,7,19,14,0,750,109,PLACE DU HAVRE,48.8756,2.32657,Plein jour,En agglomération,Place,Normale,Deux véhicules - côté,,,,,,,,,,,1,2,7,1,3.0
201600052658,0016-07-20 23:30:00,16,7,20,23,30,750,109,RUE LAMARTINE,48.8767,2.33923,Nuit avec éclairage allumé,En agglomération,Intersection à plus de 4 branches,Normale,Autre collision,,,,,,,,,,,5,2,5,1,6.0
201600052659,0016-07-21 02:30:00,16,7,21,2,30,750,109,PLACE PIGALLE,48.8824,2.3369,Nuit avec éclairage allumé,En agglomération,Place,Normale,Deux véhicules - côté,,,,,,,,,,,5,2,7,1,3.0
201600052660,0016-07-21 22:50:00,16,7,21,22,50,750,109,RUE DE LA CHAUSSEE D ANT,48.8729,2.33326,Nuit avec éclairage allumé,En agglomération,Intersection à plus de 4 branches,Normale,Deux véhicules - arrière,,,,,,,,,,,5,2,5,1,2.0
201600052661,0016-07-25 10:00:00,16,7,25,10,0,750,109,"30, RUE DE PROVENCE",48.8741,2.33904,Plein jour,En agglomération,Intersection en X,Normale,Deux véhicules - côté,,,,,,,,,,,1,2,2,1,3.0
201600052662,0016-07-25 15:45:00,16,7,25,15,45,750,109,"40, RUE DE CHATEAUDUN",48.8762,2.33536,Plein jour,En agglomération,Intersection en X,Normale,Deux véhicules - côté,,,,,,,,,,,1,2,2,1,3.0
201600052663,0016-07-27 13:15:00,16,7,27,13,15,750,109,"48, BOULEVARD HAUSSMANN",48.8732,2.3311,Plein jour,En agglomération,Place,Normale,Autre collision,,,,,,,,,,,1,2,7,1,6.0
201600052664,0016-07-28 02:45:00,16,7,28,2,45,750,109,"54, BOULEVARD HAUSSMANN",48.8734,2.32969,Nuit avec éclairage allumé,En agglomération,Intersection en T,Normale,Autre collision,,,,,,,,,,,5,2,3,1,6.0
201600052665,0016-07-30 11:30:00,16,7,30,11,30,750,109,"08, RUE HALEVY",48.8717,2.33257,Plein jour,En agglomération,Hors intersection,Normale,Deux véhicules - arrière,,,,,,,,,,,1,2,1,1,2.0
201600052666,0016-08-01 13:10:00,16,8,1,13,10,750,109,"40, BOULEVARD HAUSSMANN",48.8732,2.3311,Plein jour,En agglomération,Intersection en X,Normale,Deux véhicules - côté,,,,,,,,,,,1,2,2,1,3.0
201600052667,0016-08-05 09:45:00,16,8,5,9,45,750,109,"51, RUE DE DUNKERQUE",48.8811,2.34982,Plein jour,En agglomération,Intersection en X,Normale,Deux véhicules - arrière,,,,,,,,,,,1,2,2,1,2.0
201600052668,0016-08-06 02:45:00,16,8,6,2,45,750,109,"74, RUE DE CLICHY",48.8824,2.32793,Nuit avec éclairage allumé,En agglomération,Intersection en Y,Normale,Autre collision,,,,,,,,,,,5,2,4,1,6.0
201600052669,0016-08-19 14:45:00,16,8,19,14,45,750,109,"1, RUE DE DOUAI",48.8812,2.33615,Plein jour,En agglomération,Intersection en X,Normale,Autre collision,,,,,,,,,,,1,2,2,1,6.0
201600052670,0016-08-19 23:25:00,16,8,19,23,25,750,109,"6, PLACE DE CLICHY",48.8833,2.32749,Nuit avec éclairage allumé,En agglomération,Place,Normale,Autre collision,,,,,,,,,,,5,2,7,1,6.0