accident_id,datetime,annee,mois,jour,heure,minute,departement,commune_insee,adresse,latitude,longitude,luminosite,agglomeration,intersection,meteo,collision,nb_vehicules,nb_usagers,nb_indemnes,nb_tues,nb_blesses_hosp,nb_blesses_legers,age_cond_1,age_cond_2,veh_type_cond_1,veh_type_cond_2,lum_code,agg_code,int_code,atm_code,col_code
201600052909,0016-10-06 22:50:00,16,10,6,22,50,750,110,"44, BOULEVARD DE BONNE N",48.8707,2.34788,Nuit avec éclairage allumé,En agglomération,Intersection en X,Normale,Deux véhicules - côté,,,,,,,,,,,5,2,2,1,3.0
201600052910,0016-10-12 11:40:00,16,10,12,11,40,750,110,"145, RUE DU FAUBOURG SAI",48.8767,2.3609,Plein jour,En agglomération,Hors intersection,Normale,Autre collision,,,,,,,,,,,1,2,1,1,6.0
201600052911,0016-10-13 09:50:00,16,10,13,9,50,750,110,"33, BOULEVARD DE MAGENTA",48.8718,2.36004,Plein jour,En agglomération,Hors intersection,Normale,Deux véhicules - arrière,,,,,,,,,,,1,2,1,1,2.0
201600052912,0016-10-16 13:50:00,16,10,16,13,50,750,110,"02, BOULEVARD SAINT MART",48.8685,2.35858,Plein jour,En agglomération,Hors intersection,Normale,Autre collision,,,,,,,,,,,1,2,1,1,6.0
201600052913,0016-10-18 11:05:00,16,10,18,11,5,750,110,"31, METRO LOUIS BLANC",48.8807,2.36583,Plein jour,En agglomération,Hors intersection,Normale,Autre collision,,,,,,,,,,,1,2,1,1,6.0
201600052914,0016-10-18 16:30:00,16,10,18,16,30,750,110,"6, BOULEVARD DE DENAIN",48.8792,2.35432,Plein jour,En agglomération,Hors intersection,Normale,Autre collision,,,,,,,,,,,1,2,1,1,6.0
201600052915,0016-10-26 19:05:00,16,10,26,19,5,750,110,"46, RUE RENE BOULANGER",48.8685,2.36026,Nuit avec éclairage allumé,En agglomération,Hors intersection,Normale,Autre collision,,,,,,,,,,,5,2,1,1,6.0
201600052916,0016-10-28 09:00:00,16,10,28,9,0,750,110,"162, RUE LA FAYETTE",48.8795,2.35772,Plein jour,En agglomération,Intersection en X,Normale,Deux véhicules - arrière,,,,,,,,,,,1,2,2,1,2.0
201600052917,0016-11-02 07:45:00,16,11,2,7,45,750,110,"173, BOULEVARD DE LA VIL",48.8843,2.36461,Plein jour,En agglomération,Intersection en X,Normale,Autre collision,,,,,,,,,,,1,2,2,1,6.0
201600052918,0016-11-03 09:35:00,16,11,3,9,35,750,110,"93, QUAI DE VALMY",48.8738,2.36301,Plein jour,En agglomération,Hors intersection,Normale,Autre collision,,,,,,,,,,,1,2,1,1,6.0
201600052919,0016-11-03 14:37:00,16,11,3,14,37,750,110,"1, BOULEVARD SAINT MARTI",48.868,2.36223,Plein jour,En agglomération,Place,Normale,Deux véhicules - arrière,,,,,,,,,,,1,2,7,1,2.0
201600052920,0016-11-04 08:30:00,16,11,4,8,30,750,110,"11, PLACE DE LA BATAILLE",48.8837,2.36889,Plein jour,En agglomération,Hors intersection,Normale,Deux véhicules - arrière,,,,,,,,,,,1,2,1,1,2.0
201600052921,0016-11-05 18:35:00,16,11,5,18,35,750,110,"69, BOULEVARD DE MAGENTA",48.8749,2.35731,Crépuscule ou aube,En agglomération,Intersection à plus de 4 branches,Normale,Autre collision,,,,,,,,,,,2,2,5,1,6.0
201600052922,0016-11-08 21:00:00,16,11,8,21,0,750,110,"168, RUE LA FAYETTE",48.8798,2.35874,Nuit avec éclairage allumé,En agglomération,Intersection en X,Pluie légère,Deux véhicules - côté,,,,,,,,,,,5,2,2,2,3.0
201600052923,0016-11-10 11:30:00,16,11,10,11,30,750,103,"15, BOULEVARD SAINT MART",48.8683,2.3604,Plein jour,En agglomération,Hors intersection,Normale,Deux véhicules - côté,,,,,,,,,,,1,2,1,1,3.0
201600052924,0016-11-10 14:15:00,16,11,10,14,15,750,110,"36, QUAI DE JEMMAPES",48.8688,2.3676,Plein jour,En agglomération,Intersection en X,Pluie légère,Autre collision,,,,,,,,,,,1,2,2,2,6.0
201600052925,0016-11-12 21:10:00,16,11,12,21,10,750,110,"201, RUE LA FAYETTE",48.8809,2.3632,Nuit avec éclairage allumé,En agglomération,Hors intersection,Pluie légère,Sans collision,,,,,,,,,,,5,2,1,2,7.0
201600052926,0016-11-15 08:45:00,16,11,15,8,45,750,110,"117, RUE DU FAUBOURG SAI",48.8742,2.35854,Plein jour,En agglomération,Hors intersection,Temps couvert,Deux véhicules - côté,,,,,,,,,,,1,2,1,8,3.0
201600052927,0016-11-15 18:45:00,16,11,15,18,45,750,110,QUAI DE VALMY,48.877,2.36477,Nuit avec éclairage allumé,En agglomération,Hors intersection,Pluie légère,Deux véhicules - côté,,,,,,,,,,,5,2,1,2,3.0
201600052928,0016-11-17 04:10:00,16,11,17,4,10,750,110,"27, RUE DE LA GRANGE AUX",48.8748,2.36664,Nuit avec éclairage allumé,En agglomération,Hors intersection,Normale,Autre collision,,,,,,,,,,,5,2,1,1,6.0
201600052929,0016-11-19 03:20:00,16,11,19,3,20,750,110,"157, BOULEVARD DE LA VIL",48.8841,2.36635,Nuit avec éclairage allumé,En agglomération,Hors intersection,Normale,Autre collision,,,,,,,,,,,5,2,1,1,6.0
201600052930,0016-11-19 14:11:00,16,11,19,14,11,750,110,"01, RUE DE COMPIEGNE",48.8793,2.35334,Plein jour,En agglomération,Intersection en X,Normale,Deux véhicules - côté,,,,,,,,,,,1,2,2,1,3.0
201600052931,0016-11-19 19:20:00,16,11,19,19,20,750,110,"41, RUE DU FAUBOURG SAIN",48.8706,2.35643,Nuit avec éclairage allumé,En agglomération,Hors intersection,Normale,Autre collision,,,,,,,,,,,5,2,1,1,6.0
201600052932,0016-11-19 19:40:00,16,11,19,19,40,750,110,"21, RUE JULIETTE DODU",48.8753,2.36917,Nuit avec éclairage allumé,En agglomération,Intersection en T,Normale,Deux véhicules - côté,,,,,,,,,,,5,2,3,1,3.0
201600052933,0016-11-23 15:30:00,16,11,23,15,30,750,110,"127, RUE DU FAUBOURG DU",48.8715,2.3754,Plein jour,En agglomération,Hors intersection,Normale,Autre collision,,,,,,,,,,,1,2,1,1,6.0
201600052934,0016-11-25 18:50:00,16,11,25,18,50,750,110,"65, RUE DU FAUBOURG SAIN",48.8724,2.35413,Nuit avec éclairage allumé,En agglomération,Hors intersection,Normale,Autre collision,,,,,,,,,,,5,2,1,1,6.0
201600052935,0016-11-28 10:00:00,16,11,28,10,0,750,110,"95, BOULEVARD DE MAGENTA",48.878,2.35452,Plein jour,En agglomération,Hors intersection,Normale,Autre collision,,,,,,,,,,,1,2,1,1,6.0
201600052936,0016-11-28 14:25:00,16,11,28,14,25,750,110,"147, BOULEVARD DE LA VIL",48.884,2.3687,Plein jour,En agglomération,Intersection à plus de 4 branches,Normale,Deux véhicules - côté,,,,,,,,,,,1,2,5,1,3.0
201600052937,0016-11-28 19:48:00,16,11,28,19,48,750,110,"162, RUE LA FAYETTE",48.8795,2.35772,Nuit avec éclairage allumé,En agglomération,Intersection en X,Normale,Sans collision,,,,,,,,,,,5,2,2,1,7.0
201600052938,0016-11-29 22:20:00,16,11,29,22,20,750,110,", RUE DE PARADIS",48.8753,2.35092,Nuit avec éclairage allumé,En agglomération,Intersection en X,Normale,Deux véhicules - côté,,,,,,,,,,,5,2,2,1,3.0
201600052939,0016-11-29 23:35:00,16,11,29,23,35,750,110,"7, BOULEVARD DE MAGENTA",48.8698,2.36182,Nuit avec éclairage allumé,En agglomération,Hors intersection,Normale,Deux véhicules - arrière,,,,,,,,,,,5,2,1,1,2.0
201600052940,0016-12-02 22:20:00,16,12,2,22,20,750,110,"84, BOULEVARD DE MAGENTA",48.8765,2.35586,Nuit avec éclairage allumé,En agglomération,Intersection en X,Normale,Autre collision,,,,,,,,,,,5,2,2,1,6.0
201600052941,0016-12-04 04:00:00,16,12,4,4,0,750,110,BOULEVARD DE MAGENTA,48.8697,2.3619,Nuit avec éclairage allumé,En agglomération,Hors intersection,Normale,Autre collision,,,,,,,,,,,5,2,1,1,6.0
201600052942,0016-12-05 12:15:00,16,12,5,12,15,750,110,"262, RUE DU FAUBOURG SAI",48.883,2.36755,Plein jour,En agglomération,Hors intersection,Normale,Deux véhicules - côté,,,,,,,,,,,1,2,1,1,3.0
201600052943,0016-12-10 16:22:00,16,12,10,16,22,750,110,"52, RUE LOUIS BLANC",48.8828,2.36196,Crépuscule ou aube,En agglomération,Hors intersection,Normale,Autre collision,,,,,,,,,,,2,2,1,1,6.0
201600052944,0016-12-14 08:50:00,16,12,14,8,50,750,110,"70, BOULEVARD DE STRASBO",48.8753,2.3576,Plein jour,En agglomération,Hors intersection,Normale,Deux véhicules - arrière,,,,,,,,,,,1,2,1,1,2.0
201600052945,0016-12-15 18:30:00,16,12,15,18,30,750,110,"191, RUE LA FAYETTE",48.8806,2.36196,Crépuscule ou aube,En agglomération,Intersection en X,Normale,Autre collision,,,,,,,,,,,2,2,2,1,6.0
201600052946,0016-12-17 21:00:00,16,12,17,21,0,750,110,"83, QUAI DE VALMY",48.8727,2.36386,Nuit avec éclairage allumé,En agglomération,Hors intersection,Normale,Autre collision,,,,,,,,,,,5,2,1,1,6.0
201600052947,0016-12-18 01:45:00,16,12,18,1,45,750,110,", RUE D HAUTEVILLE",48.8721,2.35001,Nuit avec éclairage allumé,En agglomération,Intersection en X,Normale,Deux véhicules - côté,,,,,,,,,,,5,2,2,1,3.0
201600052948,0016-12-19 08:30:00,16,12,19,8,30,750,110,QUAI DE VALMY,48.8787,2.36624,Plein jour,En agglomération,Intersection en T,Pluie légère,Deux véhicules - côté,,,,,,,,,,,1,2,3,2,3.0
201600052949,0016-12-22 16:15:00,16,12,22,16,15,750,110,"148, RUE LA FAYETTE",48.8789,2.35541,Crépuscule ou aube,En agglomération,Hors intersection,Temps couvert,Sans collision,,,,,,,,,,,2,2,1,8,7.0
201600052950,0016-12-23 12:10:00,16,12,23,12,10,750,110,"236, RUE DU FAUBOURG SAI",48.8815,2.36559,Plein jour,En agglomération,Hors intersection,Brouillard / fumée,Autre collision,,,,,,,,,,,1,2,1,5,6.0
201600052951,0016-12-30 19:20:00,16,12,30,19,20,750,110,"6, BOULEVARD DE STRASBOU",48.8701,2.35465,Nuit avec éclairage allumé,En agglomération,Hors intersection,Normale,Deux véhicules - côté,,,,,,,,,,,5,2,1,1,3.0
201600052952,0016-12-30 21:30:00,16,12,30,21,30,750,110,"47, BOULEVARD DE MAGENTA",48.873,2.35901,Nuit avec éclairage allumé,En agglomération,Hors intersection,Normale,Autre collision,,,,,,,,,,,5,2,1,1,6.0
201600052953,0016-01-05 09:50:00,16,1,5,9,50,750,111,"97, RUE DE CHARONNE",48.8542,2.38337,Plein jour,En agglomération,Hors intersection,Pluie légère,Autre collision,,,,,,,,,,,1,2,1,2,6.0
201600052954,0016-01-07 03:30:00,16,1,7,3,30,750,111,"240, BOULEVARD VOLTAIRE",48.8506,2.39217,Nuit sans éclairage public,En agglomération,Intersection en T,Pluie légère,Autre collision,,,,,,,,,,,3,2,3,2,6.0
201600052955,0016-01-08 11:35:00,16,1,8,11,35,750,111,"14, BOULEVARD VOLTAIRE",48.8656,2.36705,Plein jour,En agglomération,Intersection en X,Normale,Autre collision,,,,,,,,,,,1,2,2,1,6.0
201600052956,0016-01-12 17:40:00,16,1,12,17,40,750,111,"50, BOULEVARD BEAUMARCHA",48.8572,2.36813,Crépuscule ou aube,En agglomération,Hors intersection,Normale,Sans collision,,,,,,,,,,,2,2,1,1,7.0
201600052957,0016-01-12 20:55:00,16,1,12,20,55,750,111,AVENUE PHILIPPE AUGUSTE,48.8489,2.39561,Nuit avec éclairage allumé,En agglomération,Place,Normale,Autre collision,,,,,,,,,,,5,2,7,1,6.0
201600052958,0016-01-10 01:50:00,16,1,10,1,50,750,103,"53, BOULEVARD BEAUMARCHA",48.8572,2.36814,Nuit avec éclairage allumé,En agglomération,Hors intersection,Pluie légère,Deux véhicules - côté,,,,,,,,,,,5,2,1,2,3.0
201600052959,0016-01-14 21:55:00,16,1,14,21,55,750,111,"11, BOULEVARD VOLTAIRE",48.866,2.36631,Nuit avec éclairage allumé,En agglomération,Intersection en X,Normale,Deux véhicules - arrière,,,,,,,,,,,5,2,2,1,2.0
201600052960,0016-01-15 02:50:00,16,1,15,2,50,750,110,"69, BOULEVARD DE MAGENTA",48.8749,2.35731,Nuit avec éclairage allumé,En agglomération,Intersection à plus de 4 branches,Normale,Deux véhicules - arrière,,,,,,,,,,,5,2,5,1,2.0
201600052961,0016-01-15 14:55:00,16,1,15,14,55,750,111,"229, BOULEVARD VOLTAIRE",48.8513,2.39098,Plein jour,En agglomération,Hors intersection,Normale,Deux véhicules - côté,,,,,,,,,,,1,2,1,1,3.0
201600052962,0016-01-20 15:45:00,16,1,20,15,45,750,111,"11, AVENUE DE BOUVINES",48.8509,2.39641,Plein jour,En agglomération,Intersection en T,Normale,Autre collision,,,,,,,,,,,1,2,3,1,6.0
201600052963,0016-01-20 18:50:00,16,1,20,18,50,750,111,"115, RUE OBERKAMPF",48.8659,2.37844,Nuit avec éclairage allumé,En agglomération,Hors intersection,Normale,Deux véhicules - arrière,,,,,,,,,,,5,2,1,1,2.0
201600052964,0016-01-21 09:10:00,16,1,21,9,10,750,111,"16, AVENUE DE LA REPUBLI",48.8665,2.36813,Plein jour,En agglomération,Intersection en Y,Normale,Deux véhicules - côté,,,,,,,,,,,1,2,4,1,3.0
201600052965,0016-01-21 16:20:00,16,1,21,16,20,750,111,"02, BOULEVARD BEAUMARCHA",48.8537,2.36896,Plein jour,En agglomération,Place,Normale,Autre collision,,,,,,,,,,,1,2,7,1,6.0
201600052966,0016-01-22 18:20:00,16,1,22,18,20,750,111,"7, PLACE DE LA NATION",48.8489,2.39561,Nuit avec éclairage allumé,En agglomération,Place,Pluie légère,Autre collision,,,,,,,,,,,5,2,7,2,6.0
201600052967,0016-01-24 04:00:00,16,1,24,4,0,750,111,PLACE LEON BLUM,48.8577,2.38038,Nuit avec éclairage allumé,En agglomération,Place,Pluie légère,Deux véhicules - côté,,,,,,,,,,,5,2,7,2,3.0
201600052968,0016-01-28 19:50:00,16,1,28,19,50,750,111,"166, AVENUE LEDRU ROLLIN",48.8568,2.37929,Nuit avec éclairage allumé,En agglomération,Hors intersection,Normale,Autre collision,,,,,,,,,,,5,2,1,1,6.0
201600052969,0016-01-29 04:35:00,16,1,29,4,35,750,111,"27, RUE MORET",48.8678,2.37881,Nuit avec éclairage allumé,En agglomération,Hors intersection,Normale,Autre collision,,,,,,,,,,,5,2,1,1,6.0
201600052970,0016-01-29 10:00:00,16,1,29,10,0,750,111,"7, BOULEVARD JULES FERRY",48.8671,2.36828,Plein jour,En agglomération,Hors intersection,Normale,Deux véhicules - côté,,,,,,,,,,,1,2,1,1,3.0
201600052971,0016-01-29 19:45:00,16,1,29,19,45,750,111,"70, AVENUE DE LA REPUBLI",48.8646,2.37798,Nuit avec éclairage allumé,En agglomération,Intersection en X,Normale,Autre collision,,,,,,,,,,,5,2,2,1,6.0
201600052972,0016-01-30 00:55:00,16,1,30,0,55,750,111,"98, AVENUE DE LA REPUBLI",48.8638,2.38261,Nuit avec éclairage allumé,En agglomération,Hors intersection,Pluie légère,Deux véhicules - arrière,,,,,,,,,,,5,2,1,2,2.0
201600052973,0016-01-30 10:25:00,16,1,30,10,25,750,111,RUE JEAN PIERRE TIMBAUD,48.8684,2.37956,Plein jour,En agglomération,Intersection en X,Pluie légère,Autre collision,,,,,,,,,,,1,2,2,2,6.0
201600052974,0016-01-31 06:15:00,16,1,31,6,15,750,111,"18, AVENUE DE LA REPUBLI",48.8662,2.36963,Nuit avec éclairage allumé,En agglomération,Intersection en X,Pluie légère,Autre collision,,,,,,,,,,,5,2,2,2,6.0
201600052975,0016-01-31 12:25:00,16,1,31,12,25,750,111,", RUE DU FAUBOURG SAINT",48.8504,2.38009,Plein jour,En agglomération,Intersection en T,Normale,Autre collision,,,,,,,,,,,1,2,3,1,6.0
201600052976,0016-01-31 15:00:00,16,1,31,15,0,750,111,AVENUE DE LA REPUBLIQUE,48.8646,2.37798,Plein jour,En agglomération,Intersection en X,Normale,Autre collision,,,,,,,,,,,1,2,2,1,6.0
201600052977,0016-02-01 19:55:00,16,2,1,19,55,750,111,BOULEVARD VOLTAIRE,48.8644,2.36901,Nuit avec éclairage allumé,En agglomération,Intersection en X,Normale,Deux véhicules - côté,,,,,,,,,,,5,2,2,1,3.0
201600052978,0016-02-02 16:00:00,16,2,2,16,0,750,111,"17, RUE DE LA ROQUETTE",48.8543,2.37138,Plein jour,En agglomération,Intersection à plus de 4 branches,Normale,Sans collision,,,,,,,,,,,1,2,5,1,7.0
201600052979,0016-02-03 18:20:00,16,2,3,18,20,750,111,"17, RUE AMELOT",48.856,2.36918,Nuit avec éclairage allumé,En agglomération,Intersection en X,Temps couvert,Sans collision,,,,,,,,,,,5,2,2,8,7.0
201600052980,0016-02-03 19:05:00,16,2,3,19,5,750,111,"152, RUE DU CHEMIN VERT",48.8629,2.38742,Nuit avec éclairage allumé,En agglomération,Intersection à plus de 4 branches,Normale,Deux véhicules - côté,,,,,,,,,,,5,2,5,1,3.0
201600052981,0016-02-04 10:20:00,16,2,4,10,20,750,111,"209, RUE DU FAUBOURG SAI",48.8505,2.38297,Plein jour,En agglomération,Hors intersection,Pluie légère,Deux véhicules - côté,,,,,,,,,,,1,2,1,2,3.0
201600052982,0016-02-05 15:43:00,16,2,5,15,43,750,111,"120, AVENUE LEDRU ROLLIN",48.8537,2.37746,Plein jour,En agglomération,Hors intersection,Normale,Deux véhicules - côté,,,,,,,,,,,1,2,1,1,3.0
201600052983,0016-02-05 15:45:00,16,2,5,15,45,750,111,"18, BOULEVARD DU TEMPLE",48.8645,2.3659,Plein jour,En agglomération,Hors intersection,Normale,Autre collision,,,,,,,,,,,1,2,1,1,6.0
201600052984,0016-02-06 06:20:00,16,2,6,6,20,750,111,"130, BOULEVARD RICHARD L",48.8658,2.36996,Nuit avec éclairage allumé,En agglomération,Intersection en X,Normale,Autre collision,,,,,,,,,,,5,2,2,1,6.0
201600052985,0016-02-08 08:30:00,16,2,8,8,30,750,111,"4, RUE GOBERT",48.8556,2.38224,Plein jour,En agglomération,Hors intersection,Normale,Deux véhicules - arrière,,,,,,,,,,,1,2,1,1,2.0
201600052986,0016-02-08 10:30:00,16,2,8,10,30,750,111,"100, BOULEVARD VOLTAIRE",48.8598,2.37685,Plein jour,En agglomération,Intersection en X,Normale,Trois véhicules et plus - en chaîne,,,,,,,,,,,1,2,2,1,4.0
201600052987,0016-02-08 17:15:00,16,2,8,17,15,750,111,"5, PLACE DE LA NATION",48.8491,2.39473,Plein jour,En agglomération,Place,Pluie légère,Deux véhicules - côté,,,,,,,,,,,1,2,7,2,3.0
201600052988,0016-02-08 17:50:00,16,2,8,17,50,750,111,"32, RUE DES TROIS BORNES",48.8676,2.37561,Crépuscule ou aube,En agglomération,Intersection en T,Pluie légère,Autre collision,,,,,,,,,,,2,2,3,2,6.0
201600052989,0016-02-09 07:40:00,16,2,9,7,40,750,111,"120, AVENUE LEDRU ROLLIN",48.8537,2.37746,Nuit avec éclairage allumé,En agglomération,Hors intersection,Pluie forte,Deux véhicules - arrière,,,,,,,,,,,5,2,1,3,2.0
201600052990,0016-02-09 12:50:00,16,2,9,12,50,750,111,"184, BOULEVARD VOLTAIRE",48.8547,2.38535,Plein jour,En agglomération,Intersection en X,Pluie légère,Autre collision,,,,,,,,,,,1,2,2,2,6.0
201600052991,0016-02-11 18:40:00,16,2,11,18,40,750,111,"63, RUE LEON FROT",48.8566,2.38561,Nuit avec éclairage allumé,En agglomération,Intersection en T,Normale,Deux véhicules - côté,,,,,,,,,,,5,2,3,1,3.0
201600052992,0016-02-12 10:20:00,16,2,12,10,20,750,111,"9, AVENUE DE LA REPUBLIQ",48.8665,2.36813,Plein jour,En agglomération,Intersection en T,Pluie légère,Deux véhicules - côté,,,,,,,,,,,1,2,3,2,3.0
201600052993,0016-02-12 11:00:00,16,2,12,11,0,750,111,"127, AVENUE PARMENTIER",48.8693,2.37151,Plein jour,En agglomération,Intersection en T,Pluie légère,Autre collision,,,,,,,,,,,1,2,3,2,6.0
201600052994,0016-02-16 16:49:00,16,2,16,16,49,750,111,"21, RUE MORET",48.8675,2.37909,Plein jour,En agglomération,Hors intersection,Normale,Autre collision,,,,,,,,,,,1,2,1,1,6.0
201600052995,0016-02-17 17:45:00,16,2,17,17,45,750,111,"13, RUE DE L ASILE POPIN",48.86,2.37514,Plein jour,En agglomération,Hors intersection,Normale,Autre collision,,,,,,,,,,,1,2,1,1,6.0
201600052996,0016-02-18 13:05:00,16,2,18,13,5,750,111,"6, BOULEVARD JULES FERRY",48.8671,2.36892,Plein jour,En agglomération,Hors intersection,Pluie légère,Deux véhicules - côté,,,,,,,,,,,1,2,1,2,3.0
201600052997,0016-02-18 20:28:00,16,2,18,20,28,750,111,"107, AVENUE PARMENTIER",48.8674,2.37293,Nuit avec éclairage allumé,En agglomération,Hors intersection,Pluie légère,Deux véhicules - côté,,,,,,,,,,,5,2,1,2,3.0
201600052998,0016-02-19 11:10:00,16,2,19,11,10,750,111,"166, AVENUE LEDRU ROLLIN",48.8568,2.37929,Plein jour,En agglomération,Hors intersection,Normale,Deux véhicules - arrière,,,,,,,,,,,1,2,1,1,2.0
201600052999,0016-02-21 04:23:00,16,2,21,4,23,750,111,"109, RUE SAINT MAUR",48.8657,2.37731,Nuit avec éclairage allumé,En agglomération,Intersection en X,Normale,Autre collision,,,,,,,,,,,5,2,2,1,6.0
201600053000,0016-02-23 09:00:00,16,2,23,9,0,750,111,"92, AVENUE DE LA REPUBLI",48.864,2.38129,Plein jour,En agglomération,Intersection à plus de 4 branches,Pluie forte,Autre collision,,,,,,,,,,,1,2,5,3,6.0
201600053001,0016-02-26 09:55:00,16,2,26,9,55,750,111,"31, AVENUE DE LA REPUBLI",48.8657,2.37246,Plein jour,En agglomération,Intersection en X,Normale,Deux véhicules - côté,,,,,,,,,,,1,2,2,1,3.0
201600053002,0016-02-29 20:10:00,16,2,29,20,10,750,111,"11 BIS, PLACE DE LA NATI",48.8489,2.39606,Nuit avec éclairage allumé,En agglomération,Place,Normale,Deux véhicules - côté,,,,,,,,,,,5,2,7,1,3.0
201600053003,0016-03-01 13:00:00,16,3,1,13,0,750,111,"18, AVENUE DE LA REPUBLI",48.8665,2.36813,Plein jour,En agglomération,Intersection en T,Pluie légère,Deux véhicules - arrière,,,,,,,,,,,1,2,3,2,2.0
201600053004,0016-03-02 09:50:00,16,3,2,9,50,750,111,"47, AVENUE PARMENTIER",48.8631,2.37616,Plein jour,En agglomération,Intersection en T,Normale,Trois véhicules et plus - collisions multiples,,,,,,,,,,,1,2,3,1,5.0
201600053005,0016-03-02 11:40:00,16,3,2,11,40,750,111,"63, AVENUE PARMENTIER",48.864,2.37549,Plein jour,En agglomération,Intersection en T,Normale,Deux véhicules - côté,,,,,,,,,,,1,2,3,1,3.0
201600053006,0016-03-03 22:55:00,16,3,3,22,55,750,111,"105, RUE DE MONTREUIL",48.8507,2.39447,Nuit avec éclairage allumé,En agglomération,Intersection en X,Normale,Autre collision,,,,,,,,,,,5,2,2,1,6.0
201600053007,0016-03-04 02:30:00,16,3,4,2,30,750,111,"13, AVENUE DE LA REPUBLI",48.8665,2.36813,Nuit avec éclairage allumé,En agglomération,Intersection en X,Pluie forte,Deux véhicules - arrière,,,,,,,,,,,5,2,2,3,2.0
201600053008,0016-03-04 12:00:00,16,3,4,12,0,750,111,"3, AVENUE DU TRONE",48.8485,2.39747,Plein jour,En agglomération,Intersection en X,Normale,Autre collision,,,,,,,,,,,1,2,2,1,6.0
201600053009,0016-03-05 19:50:00,16,3,5,19,50,750,111,"78, BOULEVARD VOLTAIRE",48.8611,2.3746,Nuit avec éclairage non allumé,En agglomération,Hors intersection,Normale,Deux véhicules - arrière,,,,,,,,,,,4,2,1,1,2.0
201600053010,0016-03-05 22:05:00,16,3,5,22,5,750,111,"27, RUE DU FAUBOURG SAIN",48.8526,2.3715,Nuit avec éclairage allumé,En agglomération,Hors intersection,Normale,Deux véhicules - côté,,,,,,,,,,,5,2,1,1,3.0
201600053011,0016-03-06 14:20:00,16,3,6,14,20,750,111,"115, BOULEVARD DE MENILM",48.8656,2.38416,Plein jour,En agglomération,Intersection en T,Normale,Autre collision,,,,,,,,,,,1,2,3,1,6.0
201600053012,0016-03-08 02:35:00,16,3,8,2,35,750,111,PLACE LEON BLUM,48.8577,2.38038,Nuit avec éclairage allumé,En agglomération,Place,Normale,Autre collision,,,,,,,,,,,5,2,7,1,6.0
201600053013,0016-03-08 10:45:00,16,3,8,10,45,750,111,"26, BOULEVARD DES FILLES",48.8625,2.36688,Plein jour,En agglomération,Intersection en X,Normale,Deux véhicules - côté,,,,,,,,,,,1,2,2,1,3.0
201600053014,0016-03-10 16:40:00,16,3,10,16,40,750,111,"269, RUE DU FAUBOURG SAI",48.8496,2.38815,Plein jour,En agglomération,Hors intersection,Normale,Deux véhicules - côté,,,,,,,,,,,1,2,1,1,3.0
201600053015,0016-03-11 05:00:00,16,3,11,5,0,750,111,BOULEVARD RICHARD LENOIR,48.8622,2.37277,Plein jour,En agglomération,Intersection en X,Normale,Deux véhicules - côté,,,,,,,,,,,1,2,2,1,3.0
201600053016,0016-03-12 09:10:00,16,3,12,9,10,750,111,"26, AVENUE DE LA REPUBLI",48.866,2.37075,Plein jour,En agglomération,Intersection à plus de 4 branches,Normale,Autre collision,,,,,,,,,,,1,2,5,1,6.0
201600053017,0016-03-14 13:15:00,16,3,14,13,15,750,111,"115, RUE DU FAUBOURG SAI",48.8511,2.37673,Plein jour,En agglomération,Intersection en T,Normale,Deux véhicules - côté,,,,,,,,,,,1,2,3,1,3.0
201600053018,0016-03-16 15:10:00,16,3,16,15,10,750,111,"26, BOULEVARD RICHARD LE",48.8566,2.37099,Plein jour,En agglomération,Hors intersection,Normale,Autre collision,,,,,,,,,,,1,2,1,1,6.0
201600053019,0016-03-16 17:20:00,16,3,16,17,20,750,111,"1, BOULEVARD VOLTAIRE",48.8667,2.36518,Plein jour,En agglomération,Place,Normale,Deux véhicules - côté,,,,,,,,,,,1,2,7,1,3.0
201600053020,0016-03-16 19:22:00,16,3,16,19,22,750,111,"5, BOULEVARD RICHARD LEN",48.8547,2.36951,Nuit avec éclairage allumé,En agglomération,Intersection en Y,Normale,Autre collision,,,,,,,,,,,5,2,4,1,6.0
201600053021,0016-03-17 12:15:00,16,3,17,12,15,750,111,BOULEVARD VOLTAIRE,48.8562,2.3828,Plein jour,En agglomération,Intersection en X,Normale,Autre collision,,,,,,,,,,,1,2,2,1,6.0
201600053022,0016-03-19 20:30:00,16,3,19,20,30,750,111,"41, AVENUE DE LA REPUBLI",48.8653,2.37452,Nuit avec éclairage allumé,En agglomération,Intersection à plus de 4 branches,Normale,Deux véhicules - côté,,,,,,,,,,,5,2,5,1,3.0
201600053023,0016-03-20 02:40:00,16,3,20,2,40,750,111,"90, AVENUE LEDRU ROLLIN",48.8513,2.37612,Nuit avec éclairage allumé,En agglomération,Intersection en X,Normale,Deux véhicules - arrière,,,,,,,,,,,5,2,2,1,2.0
201600053024,0016-03-20 03:30:00,16,3,20,3,30,750,111,"112, BOULEVARD RICHARD L",48.8643,2.37107,Nuit avec éclairage allumé,En agglomération,Hors intersection,Normale,Autre collision,,,,,,,,,,,5,2,1,1,6.0
201600053025,0016-03-20 06:00:00,16,3,20,6,0,750,111,"98, BOULEVARD RICHARD LE",48.8632,2.37195,Nuit avec éclairage allumé,En agglomération,Hors intersection,Normale,Sans collision,,,,,,,,,,,5,2,1,1,7.0
201600053026,0016-03-21 17:50:00,16,3,21,17,50,750,111,"28, BOULEVARD JULES FERR",48.8688,2.3676,Plein jour,En agglomération,Intersection en X,Normale,Sans collision,,,,,,,,,,,1,2,2,1,7.0