accident_id,datetime,annee,mois,jour,heure,minute,departement,commune_insee,adresse,latitude,longitude,luminosite,agglomeration,intersection,meteo,collision,nb_vehicules,nb_usagers,nb_indemnes,nb_tues,nb_blesses_hosp,nb_blesses_legers,age_cond_1,age_cond_2,veh_type_cond_1,veh_type_cond_2,lum_code,agg_code,int_code,atm_code,col_code
201600053027,0016-03-23 13:13:00,16,3,23,13,13,750,111,"67, BOULEVARD DE MENILMO",48.8629,2.38742,Plein jour,En agglomération,Place,Normale,Deux véhicules - côté,,,,,,,,,,,1,2,7,1,3.0
201600053028,0016-03-24 08:40:00,16,3,24,8,40,750,111,"26, BOULEVARD DES FILLES",48.8625,2.36688,Plein jour,En agglomération,Intersection en X,Normale,Deux véhicules - côté,,,,,,,,,,,1,2,2,1,3.0
201600053029,0016-03-24 13:55:00,16,3,24,13,55,750,111,"16, BOULEVARD VOLTAIRE",48.8656,2.36705,Plein jour,En agglomération,Intersection en X,Normale,Deux véhicules - côté,,,,,,,,,,,1,2,2,1,3.0
201600053030,0016-03-24 20:25:00,16,3,24,20,25,750,111,"248 BIS, BOULEVARD VOLTA",48.8512,2.39116,Nuit avec éclairage allumé,En agglomération,Hors intersection,Normale,Autre collision,,,,,,,,,,,5,2,1,1,6.0
201600053031,0016-03-24 22:10:00,16,3,24,22,10,750,111,"111, AVENUE LEDRU ROLLIN",48.8529,2.37704,Nuit avec éclairage allumé,En agglomération,Hors intersection,Normale,Deux véhicules - côté,,,,,,,,,,,5,2,1,1,3.0
201600053032,0016-03-25 04:10:00,16,3,25,4,10,750,111,"74, BOULEVARD RICHARD LE",48.8609,2.37279,Nuit avec éclairage allumé,En agglomération,Hors intersection,Pluie légère,Deux véhicules - côté,,,,,,,,,,,5,2,1,2,3.0
201600053033,0016-03-27 14:40:00,16,3,27,14,40,750,111,"2, PLACE DE LA BASTILLE",48.8532,2.37022,Plein jour,En agglomération,Place,Normale,Deux véhicules - côté,,,,,,,,,,,1,2,7,1,3.0
201600053034,0016-03-29 15:30:00,16,3,29,15,30,750,111,"157, RUE DU FAUBOURG SAI",48.8505,2.37953,Plein jour,En agglomération,Hors intersection,Pluie légère,Trois véhicules et plus - en chaîne,,,,,,,,,,,1,2,1,2,4.0
201600053035,0016-03-29 19:35:00,16,3,29,19,35,750,111,"46, BOULEVARD BEAUMARCHA",48.8569,2.3682,Plein jour,En agglomération,Intersection en T,Pluie légère,Sans collision,,,,,,,,,,,1,2,3,2,7.0
201600053036,0016-03-31 19:50:00,16,3,31,19,50,750,111,"46, BOULEVARD BEAUMARCHA",48.8569,2.3682,Crépuscule ou aube,En agglomération,Intersection en T,Pluie légère,Sans collision,,,,,,,,,,,2,2,3,2,7.0
201600053037,0016-04-01 20:10:00,16,4,1,20,10,750,111,"67, AVENUE PARMENTIER",48.864,2.37549,Crépuscule ou aube,En agglomération,Intersection en T,Normale,Deux véhicules - arrière,,,,,,,,,,,2,2,3,1,2.0
201600053038,0016-04-05 13:35:00,16,4,5,13,35,750,111,"62, RUE SERVAN",48.864,2.38129,Plein jour,En agglomération,Intersection à plus de 4 branches,Normale,Autre collision,,,,,,,,,,,1,2,5,1,6.0
201600053039,0016-04-05 17:15:00,16,4,5,17,15,750,111,"10, PLACE LEON BLUM",48.8585,2.38021,Plein jour,En agglomération,Place,Normale,Autre collision,,,,,,,,,,,1,2,7,1,6.0
201600053040,0016-04-06 16:35:00,16,4,6,16,35,750,111,"106, RUE AMELOT",48.8626,2.3673,Plein jour,En agglomération,Intersection en X,Normale,Autre collision,,,,,,,,,,,1,2,2,1,6.0
201600053041,0016-04-07 16:20:00,16,4,7,16,20,750,111,"17, AVENUE DE LA REPUBLI",48.8662,2.36963,Plein jour,En agglomération,Intersection en X,Normale,Deux véhicules - frontale,,,,,,,,,,,1,2,2,1,1.0
201600053042,0016-04-08 11:35:00,16,4,8,11,35,750,111,"V A V 108, BOULEVARD RIC",48.864,2.37068,Plein jour,En agglomération,Intersection en X,Normale,Deux véhicules - côté,,,,,,,,,,,1,2,2,1,3.0
201600053043,0016-04-09 15:15:00,16,4,9,15,15,750,111,AVENUE PARMENTIER,48.8643,2.37524,Plein jour,En agglomération,Hors intersection,Normale,Autre collision,,,,,,,,,,,1,2,1,1,6.0
201600053044,0016-04-10 05:20:00,16,4,10,5,20,750,111,"45, BOULEVARD VOLTAIRE",48.8638,2.3701,Nuit avec éclairage allumé,En agglomération,Intersection en X,Normale,Deux véhicules - côté,,,,,,,,,,,5,2,2,1,3.0
201600053045,0016-04-10 17:10:00,16,4,10,17,10,750,112,"19, AVENUE DE LA PORTE D",48.8299,2.40065,Plein jour,En agglomération,Hors intersection,Normale,Trois véhicules et plus - en chaîne,,,,,,,,,,,1,2,1,1,4.0
201600053046,0016-04-11 16:15:00,16,4,11,16,15,750,111,"107, BOULEVARD VOLTAIRE",48.8587,2.37857,Plein jour,En agglomération,Intersection en X,Pluie légère,Deux véhicules - arrière,,,,,,,,,,,1,2,2,2,2.0
201600053047,0016-04-18 09:05:00,16,4,18,9,5,750,111,"121, AVENUE LEDRU ROLLIN",48.8539,2.37761,Plein jour,En agglomération,Hors intersection,Normale,Deux véhicules - côté,,,,,,,,,,,1,2,1,1,3.0
201600053048,0016-04-21 10:44:00,16,4,21,10,44,750,111,AVENUE DE LA REPUBLIQUE,48.866,2.37075,Plein jour,En agglomération,Intersection à plus de 4 branches,Normale,Deux véhicules - côté,,,,,,,,,,,1,2,5,1,3.0
201600053049,0016-04-22 02:00:00,16,4,22,2,0,750,111,"89, AVENUE LEDRU ROLLIN",48.8513,2.37612,Nuit avec éclairage allumé,En agglomération,Intersection en X,Normale,Deux véhicules - côté,,,,,,,,,,,5,2,2,1,3.0
201600053050,0016-04-22 12:20:00,16,4,22,12,20,750,111,"77, AVENUE DE LA REPUBLI",48.8642,2.38023,Plein jour,En agglomération,Intersection en T,Normale,Trois véhicules et plus - en chaîne,,,,,,,,,,,1,2,3,1,4.0
201600053051,0016-04-22 17:55:00,16,4,22,17,55,750,111,"101, BOULEVARD RICHARD L",48.864,2.37068,Plein jour,En agglomération,Intersection en X,Normale,Deux véhicules - côté,,,,,,,,,,,1,2,2,1,3.0
201600053052,0016-04-25 16:30:00,16,4,25,16,30,750,111,"81, RUE DE CHARONNE",48.8539,2.38197,Plein jour,En agglomération,Intersection en T,Normale,Autre collision,,,,,,,,,,,1,2,3,1,6.0
201600053053,0016-04-25 17:15:00,16,4,25,17,15,750,111,"137, RUE SAINT MAUR",48.8676,2.37561,Plein jour,En agglomération,Intersection en T,Pluie légère,Deux véhicules - côté,,,,,,,,,,,1,2,3,2,3.0
201600053054,0016-04-26 20:10:00,16,4,26,20,10,750,111,"163, AVENUE LEDRU ROLLIN",48.8557,2.37867,Plein jour,En agglomération,Intersection en X,Pluie légère,Sans collision,,,,,,,,,,,1,2,2,2,7.0
201600053055,0016-04-26 23:00:00,16,4,26,23,0,750,111,"22, BOULEVARD VOLTAIRE",48.8652,2.36773,Nuit avec éclairage allumé,En agglomération,Intersection en X,Normale,Deux véhicules - côté,,,,,,,,,,,5,2,2,1,3.0
201600053056,0016-04-27 16:50:00,16,4,27,16,50,750,111,"95, AVENUE LEDRU ROLLIN",48.8519,2.37646,Plein jour,En agglomération,Hors intersection,Normale,Autre collision,,,,,,,,,,,1,2,1,1,6.0
201600053057,0016-04-29 06:50:00,16,4,29,6,50,750,111,"1BIS, AVENUE DE LA REPUB",48.867,2.36551,Crépuscule ou aube,En agglomération,Place,Normale,Deux véhicules - côté,,,,,,,,,,,2,2,7,1,3.0
201600053058,0016-04-30 14:20:00,16,4,30,14,20,750,111,"44, AVENUE PHILIPPE AUGU",48.8519,2.39368,Plein jour,En agglomération,Intersection en T,Pluie légère,Deux véhicules - côté,,,,,,,,,,,1,2,3,2,3.0
201600053059,0016-05-02 08:20:00,16,5,2,8,20,750,112,PONT D AUSTERLITZ,48.8458,2.3676,Plein jour,En agglomération,Intersection en X,Normale,Deux véhicules - frontale,,,,,,,,,,,1,2,2,1,1.0
201600053060,0016-05-04 18:05:00,16,5,4,18,5,750,111,"02, BOULEVARD BEAUMARCHA",48.8537,2.36896,Plein jour,En agglomération,Place,Normale,Deux véhicules - côté,,,,,,,,,,,1,2,7,1,3.0
201600053061,0016-05-05 17:55:00,16,5,5,17,55,750,111,"3, BOULEVARD RICHARD LEN",48.8547,2.36951,Plein jour,En agglomération,Intersection en Y,Normale,Autre collision,,,,,,,,,,,1,2,4,1,6.0
201600053062,0016-05-07 14:06:00,16,5,7,14,6,750,111,"133, BOULEVARD VOLTAIRE",48.8562,2.3828,Plein jour,En agglomération,Intersection en X,Normale,Autre collision,,,,,,,,,,,1,2,2,1,6.0
201600053063,0016-05-08 06:15:00,16,5,8,6,15,750,111,"117, BOULEVARD VOLTAIRE",48.857,2.3814,Nuit avec éclairage allumé,En agglomération,Hors intersection,Normale,Autre collision,,,,,,,,,,,5,2,1,1,6.0
201600053064,0016-05-10 17:40:00,16,5,10,17,40,750,111,"103, RUE SAINT MAUR",48.8654,2.3775,Plein jour,En agglomération,Hors intersection,Pluie légère,Deux véhicules - arrière,,,,,,,,,,,1,2,1,2,2.0
201600053065,0016-05-10 20:30:00,16,5,10,20,30,750,111,"93, AVENUE DE LA REPUBLI",48.8638,2.38219,Crépuscule ou aube,En agglomération,Intersection en T,Pluie légère,Deux véhicules - arrière,,,,,,,,,,,2,2,3,2,2.0
201600053066,0016-05-11 13:50:00,16,5,11,13,50,750,111,AVENUE LEDRU ROLLIN,48.8546,2.378,Plein jour,En agglomération,Intersection en X,Pluie légère,Sans collision,,,,,,,,,,,1,2,2,2,7.0
201600053067,0016-05-11 18:25:00,16,5,11,18,25,750,111,"171 BIS, BOULEVARD VOLTA",48.8544,2.38588,Plein jour,En agglomération,Hors intersection,Normale,Deux véhicules - côté,,,,,,,,,,,1,2,1,1,3.0
201600053068,0016-05-12 14:00:00,16,5,12,14,0,750,111,"90, AVENUE DE LA REPUBLI",48.864,2.38129,Plein jour,En agglomération,Intersection à plus de 4 branches,Pluie légère,Deux véhicules - côté,,,,,,,,,,,1,2,5,2,3.0
201600053069,0016-05-13 01:45:00,16,5,13,1,45,750,111,BOULEVARD RICHARD LENOIR,48.8555,2.37045,Nuit avec éclairage allumé,En agglomération,Intersection en X,Pluie légère,Autre collision,,,,,,,,,,,5,2,2,2,6.0
201600053070,0016-05-14 11:30:00,16,5,14,11,30,750,111,"117, AVENUE PHILIPPE AUG",48.8573,2.39035,Plein jour,En agglomération,Hors intersection,Normale,Deux véhicules - côté,,,,,,,,,,,1,2,1,1,3.0
201600053071,0016-05-16 04:20:00,16,5,16,4,20,750,111,"114, AVENUE PARMENTIER",48.8674,2.37297,Nuit avec éclairage allumé,En agglomération,Hors intersection,Normale,Autre collision,,,,,,,,,,,5,2,1,1,6.0
201600053072,0016-05-16 22:45:00,16,5,16,22,45,750,111,"69, AVENUE DE LA REPUBLI",48.8644,2.37935,Nuit avec éclairage allumé,En agglomération,Hors intersection,Normale,Autre collision,,,,,,,,,,,5,2,1,1,6.0
201600053073,0016-05-18 13:55:00,16,5,18,13,55,750,111,"183, RUE DE CHARONNE",48.8561,2.39279,Plein jour,En agglomération,Intersection en T,Normale,Autre collision,,,,,,,,,,,1,2,3,1,6.0
201600053074,0016-05-18 17:30:00,16,5,18,17,30,750,111,"105, RUE DE MONTREUIL",48.8507,2.39447,Plein jour,En agglomération,Intersection en X,Pluie légère,Sans collision,,,,,,,,,,,1,2,2,2,7.0
201600053075,0016-05-19 11:30:00,16,5,19,11,30,750,111,"56, BOULEVARD RICHARD LE",48.8594,2.37229,Plein jour,En agglomération,Hors intersection,Pluie légère,Autre collision,,,,,,,,,,,1,2,1,2,6.0
201600053076,0016-05-19 12:20:00,16,5,19,12,20,750,111,"200, BOULEVARD VOLTAIRE",48.8539,2.38668,Plein jour,En agglomération,Hors intersection,Pluie légère,Deux véhicules - côté,,,,,,,,,,,1,2,1,2,3.0
201600053077,0016-05-19 13:55:00,16,5,19,13,55,750,111,"35, BOULEVARD DE BELLEVI",48.8688,2.38062,Plein jour,En agglomération,Hors intersection,Pluie légère,Deux véhicules - arrière,,,,,,,,,,,1,2,1,2,2.0
201600053078,0016-05-20 18:35:00,16,5,20,18,35,750,111,"100, RUE DE CHARONNE",48.8544,2.38404,Plein jour,En agglomération,Intersection en T,Normale,Deux véhicules - côté,,,,,,,,,,,1,2,3,1,3.0
201600053079,0016-05-21 15:30:00,16,5,21,15,30,750,111,"170, RUE DE LA ROQUETTE",48.8591,2.38594,Plein jour,En agglomération,Intersection en T,Normale,Deux véhicules - côté,,,,,,,,,,,1,2,3,1,3.0
201600053080,0016-05-23 16:20:00,16,5,23,16,20,750,111,"07, PLACE LEON BLUM",48.8581,2.37934,Plein jour,En agglomération,Hors intersection,Normale,Autre collision,,,,,,,,,,,1,2,1,1,6.0
201600053081,0016-05-24 00:01:00,16,5,24,0,1,750,111,"111, AVENUE LEDRU ROLLIN",48.8529,2.37704,Nuit avec éclairage allumé,En agglomération,Hors intersection,Normale,Sans collision,,,,,,,,,,,5,2,1,1,7.0
201600053082,0016-05-25 08:30:00,16,5,25,8,30,750,111,"31, RUE RICHARD LENOIR",48.8558,2.38158,Plein jour,En agglomération,Intersection en T,Normale,Deux véhicules - côté,,,,,,,,,,,1,2,3,1,3.0
201600053083,0016-05-27 01:30:00,16,5,27,1,30,750,111,BOULEVARD RICHARD LENOIR,48.8552,2.37033,Nuit avec éclairage allumé,En agglomération,Intersection en X,Normale,Deux véhicules - frontale,,,,,,,,,,,5,2,2,1,1.0
201600053084,0016-05-30 16:50:00,16,5,30,16,50,750,111,"55, BOULEVARD VOLTAIRE",48.8622,2.37277,Plein jour,En agglomération,Intersection en T,Pluie forte,Deux véhicules - arrière,,,,,,,,,,,1,2,3,3,2.0
201600053085,0016-06-01 09:00:00,16,6,1,9,0,750,111,"8, BOULEVARD VOLTAIRE",48.866,2.36631,Plein jour,En agglomération,Intersection en X,Pluie légère,Deux véhicules - côté,,,,,,,,,,,1,2,2,2,3.0
201600053086,0016-06-01 10:44:00,16,6,1,10,44,750,111,"32, AVENUE DE LA REPUBLI",48.8657,2.37246,Plein jour,En agglomération,Intersection en X,Normale,Autre collision,,,,,,,,,,,1,2,2,1,6.0
201600053087,0016-06-01 17:00:00,16,6,1,17,0,750,111,"125 BIS, AVENUE PARMENTI",48.869,2.37173,Plein jour,En agglomération,Intersection en T,Pluie légère,Autre collision,,,,,,,,,,,1,2,3,2,6.0
201600053088,0016-06-01 21:25:00,16,6,1,21,25,750,111,"111, BOULEVARD DE MENILM",48.8653,2.38453,Nuit avec éclairage allumé,En agglomération,Intersection en T,Pluie légère,Deux véhicules - côté,,,,,,,,,,,5,2,3,2,3.0
201600053089,0016-06-04 00:05:00,16,6,4,0,5,750,111,"61, AVENUE PARMENTIER",48.8636,2.37575,Nuit avec éclairage allumé,En agglomération,Hors intersection,Normale,Autre collision,,,,,,,,,,,5,2,1,1,6.0
201600053090,0016-06-04 16:10:00,16,6,4,16,10,750,111,"11 BIS, PLACE DE LA NATI",48.8484,2.3967,Plein jour,En agglomération,Place,Normale,Deux véhicules - côté,,,,,,,,,,,1,2,7,1,3.0
201600053091,0016-06-06 09:00:00,16,6,6,9,0,750,111,"234, BOULEVARD VOLTAIRE",48.8521,2.38958,Plein jour,En agglomération,Intersection en T,Normale,Deux véhicules - côté,,,,,,,,,,,1,2,3,1,3.0
201600053092,0016-06-07 18:25:00,16,6,7,18,25,750,111,"36, RUE KELLER",48.8555,2.37531,Plein jour,En agglomération,Hors intersection,Normale,Autre collision,,,,,,,,,,,1,2,1,1,6.0
201600053093,0016-06-07 20:27:00,16,6,7,20,27,750,111,"2, BOULEVARD BEAUMARCHAI",48.8537,2.36896,Plein jour,En agglomération,Place,Normale,Deux véhicules - côté,,,,,,,,,,,1,2,7,1,3.0
201600053094,0016-06-07 13:40:00,16,6,7,13,40,750,111,"53, RUE DE MALTE",48.8663,2.36736,Plein jour,En agglomération,Intersection en X,Normale,Autre collision,,,,,,,,,,,1,2,2,1,6.0
201600053095,0016-06-09 15:55:00,16,6,9,15,55,750,111,"53, RUE DE MONTREUIL",48.8505,2.38905,Plein jour,En agglomération,Hors intersection,Normale,Deux véhicules - côté,,,,,,,,,,,1,2,1,1,3.0
201600053096,0016-06-09 16:10:00,16,6,9,16,10,750,111,"48 BIS, RUE SAINT MAUR",48.8624,2.37985,Plein jour,En agglomération,Intersection en T,Normale,Deux véhicules - côté,,,,,,,,,,,1,2,3,1,3.0
201600053097,0016-06-09 13:55:00,16,6,9,13,55,750,111,"39, AVENUE DE LA REPUBLI",48.8653,2.37452,Plein jour,En agglomération,Intersection à plus de 4 branches,Normale,Deux véhicules - côté,,,,,,,,,,,1,2,5,1,3.0
201600053098,0016-06-12 12:30:00,16,6,12,12,30,750,111,"72, AVENUE PARMENTIER",48.864,2.37549,Plein jour,En agglomération,Intersection en T,Pluie forte,Sans collision,,,,,,,,,,,1,2,3,3,7.0
201600053099,0016-06-13 00:10:00,16,6,13,0,10,750,111,"84, BOULEVARD BEAUMARCHA",48.8592,2.36764,Nuit avec éclairage allumé,En agglomération,Hors intersection,Pluie légère,Deux véhicules - côté,,,,,,,,,,,5,2,1,2,3.0
201600053100,0016-06-13 09:40:00,16,6,13,9,40,750,111,"131, RUE DU FAUBOURG SAI",48.8509,2.37754,Plein jour,En agglomération,Hors intersection,Temps couvert,Autre collision,,,,,,,,,,,1,2,1,8,6.0
201600053101,0016-06-16 12:24:00,16,6,16,12,24,750,111,"3, RUE NEUVE POPINCOURT",48.8647,2.37389,Plein jour,En agglomération,Intersection en T,Normale,Autre collision,,,,,,,,,,,1,2,3,1,6.0
201600053102,0016-06-17 23:00:00,16,6,17,23,0,750,111,", AVENUE DE LA REPUBLIQU",48.8653,2.37452,Nuit avec éclairage allumé,En agglomération,Intersection à plus de 4 branches,Pluie légère,Deux véhicules - arrière,,,,,,,,,,,5,2,5,2,2.0
201600053103,0016-06-18 13:15:00,16,6,18,13,15,750,111,"4, RUE DU CHEMIN VERT",48.8571,2.36883,Plein jour,En agglomération,Intersection en X,Normale,Deux véhicules - arrière,,,,,,,,,,,1,2,2,1,2.0
201600053104,0016-06-18 19:15:00,16,6,18,19,15,750,111,"152, AVENUE LEDRU ROLLIN",48.8557,2.37867,Plein jour,En agglomération,Intersection en Y,Pluie forte,Autre collision,,,,,,,,,,,1,2,4,3,6.0
201600053105,0016-06-19 11:10:00,16,6,19,11,10,750,111,PLACE DE LA REPUBLIQUE,48.8667,2.36518,Plein jour,En agglomération,Place,Normale,Deux véhicules - côté,,,,,,,,,,,1,2,7,1,3.0
201600053106,0016-06-21 06:05:00,16,6,21,6,5,750,111,"94, AVENUE PARMENTIER",48.8659,2.37406,Crépuscule ou aube,En agglomération,Hors intersection,Normale,Autre collision,,,,,,,,,,,2,2,1,1,6.0
201600053107,0016-06-22 04:20:00,16,6,22,4,20,750,111,"31 BIS, AVENUE DE LA REP",48.8656,2.37285,Nuit avec éclairage allumé,En agglomération,Hors intersection,Normale,Autre collision,,,,,,,,,,,5,2,1,1,6.0
201600053108,0016-06-22 08:50:00,16,6,22,8,50,750,111,"47, RUE DE LA ROQUETTE",48.8556,2.37458,Plein jour,En agglomération,Intersection en X,Normale,Deux véhicules - côté,,,,,,,,,,,1,2,2,1,3.0
201600053109,0016-06-22 13:05:00,16,6,22,13,5,750,111,"93, RUE DE CHARONNE",48.8541,2.38263,Plein jour,En agglomération,Intersection en T,Normale,Autre collision,,,,,,,,,,,1,2,3,1,6.0
201600053110,0016-06-23 09:10:00,16,6,23,9,10,750,111,"7, AVENUE PHILIPPE AUGUS",48.8499,2.39494,Plein jour,En agglomération,Hors intersection,Normale,Deux véhicules - arrière,,,,,,,,,,,1,2,1,1,2.0
201600053111,0016-06-24 19:00:00,16,6,24,19,0,750,111,"33, AVENUE PHILIPPE AUGU",48.8516,2.39387,Plein jour,En agglomération,Hors intersection,Normale,Deux véhicules - arrière,,,,,,,,,,,1,2,1,1,2.0
201600053112,0016-06-25 23:00:00,16,6,25,23,0,750,111,"29, BOULEVARD RICHARD LE",48.8573,2.37068,Nuit avec éclairage allumé,En agglomération,Hors intersection,Normale,Deux véhicules - côté,,,,,,,,,,,5,2,1,1,3.0
201600053113,0016-06-26 06:13:00,16,6,26,6,13,750,111,"153, RUE SAINT MAUR",48.8684,2.37488,Crépuscule ou aube,En agglomération,Intersection en X,Normale,Deux véhicules - côté,,,,,,,,,,,2,2,2,1,3.0
201600053114,0016-06-26 18:45:00,16,6,26,18,45,750,111,"91, RUE SAINT MAUR",48.8646,2.37798,Plein jour,En agglomération,Intersection en X,Normale,Autre collision,,,,,,,,,,,1,2,2,1,6.0
201600053115,0016-06-27 18:30:00,16,6,27,18,30,750,111,"53, RUE DE LA FOLIE REGN",48.8605,2.38617,Plein jour,En agglomération,Intersection en T,Normale,Autre collision,,,,,,,,,,,1,2,3,1,6.0
201600053116,0016-06-28 12:40:00,16,6,28,12,40,750,111,"130, AVENUE LEDRU ROLLIN",48.8546,2.378,Plein jour,En agglomération,Intersection en X,Pluie légère,Autre collision,,,,,,,,,,,1,2,2,2,6.0
201600053117,0016-06-28 15:05:00,16,6,28,15,5,750,111,"10, RUE RAMPON",48.8663,2.36736,Plein jour,En agglomération,Intersection en X,Normale,Deux véhicules - côté,,,,,,,,,,,1,2,2,1,3.0
201600053118,0016-06-28 17:00:00,16,6,28,17,0,750,111,"41, AVENUE DE LA REPUBLI",48.8652,2.37516,Plein jour,En agglomération,Intersection en X,Normale,Deux véhicules - arrière,,,,,,,,,,,1,2,2,1,2.0
201600053119,0016-06-30 08:50:00,16,6,30,8,50,750,111,"28, RUE DU CHEMIN VERT",48.8584,2.37262,Plein jour,En agglomération,Hors intersection,Normale,Autre collision,,,,,,,,,,,1,2,1,1,6.0
201600053120,0016-06-30 13:00:00,16,6,30,13,0,750,111,"151, BOULEVARD VOLTAIRE",48.8554,2.38423,Plein jour,En agglomération,Intersection en X,Normale,Trois véhicules et plus - en chaîne,,,,,,,,,,,1,2,2,1,4.0
201600053121,0016-07-02 10:30:00,16,7,2,10,30,750,111,"42, BOULEVARD RICHARD LE",48.8578,2.37092,Plein jour,En agglomération,Intersection à plus de 4 branches,Normale,Deux véhicules - côté,,,,,,,,,,,1,2,5,1,3.0
201600053122,0016-07-02 16:45:00,16,7,2,16,45,750,111,"51 BIS, AVENUE DE LA REP",48.8648,2.37721,Plein jour,En agglomération,Hors intersection,Normale,Autre collision,,,,,,,,,,,1,2,1,1,6.0
201600053123,0016-07-02 20:20:00,16,7,2,20,20,750,111,"67, AVENUE PARMENTIER",48.864,2.37549,Plein jour,En agglomération,Intersection en T,Normale,Sans collision,,,,,,,,,,,1,2,3,1,7.0
201600053124,0016-07-05 17:35:00,16,7,5,17,35,750,111,"323, RUE DU FAUBOURG SAI",48.8486,2.39435,Plein jour,En agglomération,Place,Normale,Autre collision,,,,,,,,,,,1,2,7,1,6.0
201600053125,0016-07-05 18:00:00,16,7,5,18,0,750,111,"55, AVENUE PHILIPPE AUGU",48.853,2.39305,Plein jour,En agglomération,Intersection en T,Normale,Autre collision,,,,,,,,,,,1,2,3,1,6.0
201600053126,0016-07-05 23:25:00,16,7,5,23,25,750,111,"62, BOULEVARD RICHARD LE",48.8599,2.37253,Nuit avec éclairage allumé,En agglomération,Hors intersection,Normale,Deux véhicules - côté,,,,,,,,,,,5,2,1,1,3.0
201600053127,0016-07-10 02:30:00,16,7,10,2,30,750,111,"199, BOULEVARD VOLTAIRE",48.8527,2.38864,Nuit avec éclairage allumé,En agglomération,Intersection à plus de 4 branches,Normale,Deux véhicules - côté,,,,,,,,,,,5,2,5,1,3.0
201600053128,0016-07-11 20:25:00,16,7,11,20,25,750,111,"26, BOULEVARD DES FILLES",48.8625,2.36688,Plein jour,En agglomération,Intersection en X,Normale,Deux véhicules - arrière,,,,,,,,,,,1,2,2,1,2.0
201600053129,0016-07-12 12:30:00,16,7,12,12,30,750,111,"28, BOULEVARD VOLTAIRE",48.8644,2.36901,Plein jour,En agglomération,Intersection en X,Normale,Deux véhicules - côté,,,,,,,,,,,1,2,2,1,3.0
201600053130,0016-07-12 15:20:00,16,7,12,15,20,750,111,"111, BOULEVARD DE CHARON",48.8565,2.39423,Plein jour,En agglomération,Intersection en X,Normale,Deux véhicules - côté,,,,,,,,,,,1,2,2,1,3.0
201600053131,0016-07-12 20:16:00,16,7,12,20,16,750,111,"163, RUE DE CHARONNE",48.8556,2.3901,Plein jour,En agglomération,Intersection en T,Pluie légère,Autre collision,,,,,,,,,,,1,2,3,2,6.0
201600053132,0016-07-14 19:15:00,16,7,14,19,15,750,111,"11, RUE DE LA PRESENTATI",48.8711,2.37667,Plein jour,En agglomération,Intersection en X,Normale,Autre collision,,,,,,,,,,,1,2,2,1,6.0
201600053133,0016-07-16 20:30:00,16,7,16,20,30,750,111,"48, RUE JEAN PIERRE TIMB",48.8664,2.37252,Plein jour,En agglomération,Hors intersection,Normale,Deux véhicules - côté,,,,,,,,,,,1,2,1,1,3.0
201600053134,0016-07-17 20:20:00,16,7,17,20,20,750,111,"16, AVENUE PHILIPPE AUGU",48.8502,2.39476,Plein jour,En agglomération,Hors intersection,Normale,Deux véhicules - arrière,,,,,,,,,,,1,2,1,1,2.0
201600053135,0016-07-18 13:55:00,16,7,18,13,55,750,111,"188, BOULEVARD VOLTAIRE",48.8544,2.38578,Plein jour,En agglomération,Hors intersection,Normale,Deux véhicules - côté,,,,,,,,,,,1,2,1,1,3.0
201600053136,0016-07-19 08:45:00,16,7,19,8,45,750,111,"107, BOULEVARD VOLTAIRE",48.8583,2.37933,Plein jour,En agglomération,Place,Normale,Deux véhicules - côté,,,,,,,,,,,1,2,7,1,3.0
201600053137,0016-07-20 09:30:00,16,7,20,9,30,750,111,"26, BOULEVARD DES FILLES",48.8625,2.36688,Plein jour,En agglomération,Intersection en X,Normale,Deux véhicules - côté,,,,,,,,,,,1,2,2,1,3.0
201600053138,0016-07-20 22:15:00,16,7,20,22,15,750,111,BOULEVARD VOLTAIRE,48.8547,2.38535,Nuit avec éclairage allumé,En agglomération,Intersection en X,Normale,Deux véhicules - côté,,,,,,,,,,,5,2,2,1,3.0
201600053139,0016-07-21 12:40:00,16,7,21,12,40,750,111,"85, AVENUE PARMENTIER",48.8653,2.37452,Plein jour,En agglomération,Intersection à plus de 4 branches,Normale,Deux véhicules - côté,,,,,,,,,,,1,2,5,1,3.0
201600053140,0016-07-21 14:55:00,16,7,21,14,55,750,111,"198, RUE DU FAUBOURG SAI",48.8501,2.3843,Plein jour,En agglomération,Intersection en X,Normale,Deux véhicules - côté,,,,,,,,,,,1,2,2,1,3.0
201600053141,0016-07-22 10:50:00,16,7,22,10,50,750,111,"7 BIS, PASSAGE PIVER",48.8704,2.37457,Plein jour,En agglomération,Hors intersection,Normale,Autre collision,,,,,,,,,,,1,2,1,1,6.0
201600053142,0016-07-22 11:00:00,16,7,22,11,0,750,111,"151, RUE DE CHARONNE",48.8553,2.38868,Plein jour,En agglomération,Hors intersection,Normale,Deux véhicules - arrière,,,,,,,,,,,1,2,1,1,2.0
201600053143,0016-07-22 17:15:00,16,7,22,17,15,750,111,"136, AVENUE PARMENTIER",48.869,2.37173,Plein jour,En agglomération,Intersection en T,Normale,Deux véhicules - côté,,,,,,,,,,,1,2,3,1,3.0
201600053144,0016-07-22 19:00:00,16,7,22,19,0,750,111,"74, BOULEVARD BEAUMARCHA",48.8586,2.3678,Plein jour,En agglomération,Intersection en X,Normale,Autre collision,,,,,,,,,,,1,2,2,1,6.0
201600053145,0016-07-23 11:10:00,16,7,23,11,10,750,111,"1, BOULEVARD JULES FERRY",48.8663,2.36884,Plein jour,En agglomération,Intersection en X,Normale,Deux véhicules - côté,,,,,,,,,,,1,2,2,1,3.0
201600053146,0016-07-24 14:23:00,16,7,24,14,23,750,111,"77, RUE DE LA FONTAINE A",48.8688,2.37629,Plein jour,En agglomération,Intersection en X,Normale,Deux véhicules - côté,,,,,,,,,,,1,2,2,1,3.0