accident_id,datetime,annee,mois,jour,heure,minute,departement,commune_insee,adresse,latitude,longitude,luminosite,agglomeration,intersection,meteo,collision,nb_vehicules,nb_usagers,nb_indemnes,nb_tues,nb_blesses_hosp,nb_blesses_legers,age_cond_1,age_cond_2,veh_type_cond_1,veh_type_cond_2,lum_code,agg_code,int_code,atm_code,col_code
201600053266,0016-11-19 21:20:00,16,11,19,21,20,750,111,"29, RUE GODEFROY CAVAIGN",48.8556,2.38087,Nuit avec éclairage allumé,En agglomération,Hors intersection,Normale,Autre collision,,,,,,,,,,,5,2,1,1,6.0
201600053267,0016-11-21 19:15:00,16,11,21,19,15,750,111,"33, RUE DE LA ROQUETTE",48.855,2.37316,Nuit avec éclairage allumé,En agglomération,Hors intersection,Normale,Deux véhicules - arrière,,,,,,,,,,,5,2,1,1,2.0
201600053268,0016-11-23 14:20:00,16,11,23,14,20,750,111,"32, AVENUE DE LA REPUBLI",48.8659,2.37143,Plein jour,En agglomération,Intersection en T,Normale,Deux véhicules - côté,,,,,,,,,,,1,2,3,1,3.0
201600053269,0016-11-25 02:20:00,16,11,25,2,20,750,111,"145, BOULEVARD DE CHARON",48.858,2.39079,Nuit avec éclairage allumé,En agglomération,Hors intersection,Temps couvert,Autre collision,,,,,,,,,,,5,2,1,8,6.0
201600053270,0016-11-25 22:27:00,16,11,25,22,27,750,111,"4, BOULEVARD VOLTAIRE",48.8664,2.36571,Nuit avec éclairage allumé,En agglomération,Hors intersection,Normale,Deux véhicules - côté,,,,,,,,,,,5,2,1,1,3.0
201600053271,0016-11-28 11:40:00,16,11,28,11,40,750,111,"34, BOULEVARD VOLTAIRE",48.8641,2.36946,Plein jour,En agglomération,Hors intersection,Normale,Deux véhicules - côté,,,,,,,,,,,1,2,1,1,3.0
201600053272,0016-11-29 15:50:00,16,11,29,15,50,750,111,"175, BOULEVARD VOLTAIRE",48.8542,2.3862,Plein jour,En agglomération,Hors intersection,Normale,Deux véhicules - côté,,,,,,,,,,,1,2,1,1,3.0
201600053273,0016-12-01 18:53:00,16,12,1,18,53,750,111,"11, RUE DU FAUBOURG SAIN",48.853,2.37082,Nuit avec éclairage allumé,En agglomération,Hors intersection,Normale,Autre collision,,,,,,,,,,,5,2,1,1,6.0
201600053274,0016-12-01 23:55:00,16,12,1,23,55,750,111,"102, RUE SAINT MAUR",48.866,2.37702,Nuit avec éclairage allumé,En agglomération,Hors intersection,Normale,Deux véhicules - côté,,,,,,,,,,,5,2,1,1,3.0
201600053275,0016-12-04 14:00:00,16,12,4,14,0,750,111,"309, RUE DU FAUBOURG SAI",48.8488,2.39297,Plein jour,En agglomération,Intersection en Y,Normale,Deux véhicules - côté,,,,,,,,,,,1,2,4,1,3.0
201600053276,0016-12-05 22:05:00,16,12,5,22,5,750,111,"149, BOULEVARD DE CHARON",48.8583,2.38979,Nuit avec éclairage allumé,En agglomération,Intersection en X,Normale,Autre collision,,,,,,,,,,,5,2,2,1,6.0
201600053277,0016-12-06 12:05:00,16,12,6,12,5,750,111,"52, BOULEVARD VOLTAIRE",48.8631,2.37131,Plein jour,En agglomération,Intersection à plus de 4 branches,Normale,Autre collision,,,,,,,,,,,1,2,5,1,6.0
201600053278,0016-12-06 12:00:00,16,12,6,12,0,750,111,"21, RUE FAIDHERBE",48.8521,2.38345,Plein jour,En agglomération,Hors intersection,Normale,Deux véhicules - côté,,,,,,,,,,,1,2,1,1,3.0
201600053279,0016-12-07 14:00:00,16,12,7,14,0,750,111,"15, RUE MERCOEUR",48.8571,2.3835,Plein jour,En agglomération,Hors intersection,Normale,Autre collision,,,,,,,,,,,1,2,1,1,6.0
201600053280,0016-12-09 18:45:00,16,12,9,18,45,750,111,"170, AVENUE LEDRU ROLLIN",48.857,2.37944,Nuit avec éclairage allumé,En agglomération,Hors intersection,Normale,Autre collision,,,,,,,,,,,5,2,1,1,6.0
201600053281,0016-12-13 08:50:00,16,12,13,8,50,750,111,"103, AVENUE PARMENTIER",48.8669,2.37332,Plein jour,En agglomération,Intersection en X,Pluie légère,Deux véhicules - côté,,,,,,,,,,,1,2,2,2,3.0
201600053282,0016-12-16 23:30:00,16,12,16,23,30,750,111,"6, RUE DE LA ROQUETTE",48.8535,2.37047,Nuit avec éclairage allumé,En agglomération,Hors intersection,Normale,Autre collision,,,,,,,,,,,5,2,1,1,6.0
201600053283,0016-12-16 17:50:00,16,12,16,17,50,750,111,"26, BOULEVARD VOLTAIRE",48.8648,2.36834,Nuit avec éclairage allumé,En agglomération,Intersection en X,Normale,Deux véhicules - côté,,,,,,,,,,,5,2,2,1,3.0
201600053284,0016-12-17 07:00:00,16,12,17,7,0,750,111,"38, AVENUE PARMENTIER",48.8613,2.37765,Nuit avec éclairage allumé,En agglomération,Hors intersection,Normale,Autre collision,,,,,,,,,,,5,2,1,1,6.0
201600053285,0016-12-21 11:45:00,16,12,21,11,45,750,111,"89, RUE SAINT MAUR",48.8646,2.37798,Plein jour,En agglomération,Intersection en X,Normale,Autre collision,,,,,,,,,,,1,2,2,1,6.0
201600053286,0016-12-21 20:20:00,16,12,21,20,20,750,111,"97, RUE DU FAUBOURG SAIN",48.8514,2.37559,Nuit avec éclairage allumé,En agglomération,Hors intersection,Pluie légère,Autre collision,,,,,,,,,,,5,2,1,2,6.0
201600053287,0016-12-22 18:10:00,16,12,22,18,10,750,111,"159, RUE DE CHARONNE",48.8555,2.38964,Nuit avec éclairage allumé,En agglomération,Intersection en T,Normale,Autre collision,,,,,,,,,,,5,2,3,1,6.0
201600053288,0016-12-13 03:00:00,16,12,13,3,0,750,111,BOULEVARD DE MENILMONTAN,48.8656,2.38416,Nuit avec éclairage allumé,En agglomération,Intersection en T,Normale,Autre collision,,,,,,,,,,,5,2,3,1,6.0
201600053289,0016-12-23 13:50:00,16,12,23,13,50,750,111,"111, BOULEVARD VOLTAIRE",48.8574,2.38081,Plein jour,En agglomération,Intersection en Y,Normale,Sans collision,,,,,,,,,,,1,2,4,1,7.0
201600053290,0016-12-23 17:04:00,16,12,23,17,4,750,111,"27, RUE DU FAUBOURG SAIN",48.8526,2.3715,Crépuscule ou aube,En agglomération,Hors intersection,Normale,Deux véhicules - côté,,,,,,,,,,,2,2,1,1,3.0
201600053291,0016-12-24 09:50:00,16,12,24,9,50,750,118,BOULEVARD PERIPHERIQUE I,48.9003,2.35905,Plein jour,En agglomération,Hors intersection,Normale,Autre collision,,,,,,,,,,,1,2,1,1,6.0
201600053292,0016-12-25 14:30:00,16,12,25,14,30,750,111,"4, AVENUE PARMENTIER",48.8589,2.37966,Plein jour,En agglomération,Hors intersection,Normale,Deux véhicules - arrière,,,,,,,,,,,1,2,1,1,2.0
201600053293,0016-12-27 19:55:00,16,12,27,19,55,750,111,"15, RUE RICHARD LENOIR",48.855,2.38207,Nuit avec éclairage allumé,En agglomération,Hors intersection,Normale,Deux véhicules - arrière,,,,,,,,,,,5,2,1,1,2.0
201600053294,0016-01-02 02:30:00,16,1,2,2,30,750,112,QUAI DE LA RAPEE,48.8437,2.36998,Nuit avec éclairage allumé,En agglomération,Hors intersection,Pluie légère,Autre collision,,,,,,,,,,,5,2,1,2,6.0
201600053295,0016-01-01 12:21:00,16,1,1,12,21,750,112,QUAI DE LA RAPEE,48.8432,2.37027,Plein jour,En agglomération,Intersection en X,Normale,Autre collision,,,,,,,,,,,1,2,2,1,6.0
201600053296,0016-01-03 16:40:00,16,1,3,16,40,750,112,"104, RUE DE PICPUS",48.8388,2.40103,Crépuscule ou aube,En agglomération,Intersection en T,Pluie forte,Autre collision,,,,,,,,,,,2,2,3,3,6.0
201600053297,0016-01-03 22:20:00,16,1,3,22,20,750,112,"16, RUE DU FAUBOURG SAIN",48.8528,2.37109,Nuit avec éclairage allumé,En agglomération,Hors intersection,Normale,Deux véhicules - côté,,,,,,,,,,,5,2,1,1,3.0
201600053298,0016-12-21 19:40:00,16,12,21,19,40,750,112,"122, AVENUE DAUMESNIL",48.842,2.38621,Nuit avec éclairage allumé,En agglomération,Hors intersection,Pluie légère,Deux véhicules - arrière,,,,,,,,,,,5,2,1,2,2.0
201600053299,0016-01-04 15:00:00,16,1,4,15,0,750,112,BOULEVARD CARNOT,48.8465,2.41361,Plein jour,En agglomération,Intersection à plus de 4 branches,Normale,Deux véhicules - côté,,,,,,,,,,,1,2,5,1,3.0
201600053300,0016-01-05 15:20:00,16,1,5,15,20,750,112,"191, RUE DE BERCY",48.8439,2.37319,Plein jour,En agglomération,Hors intersection,Normale,Deux véhicules - côté,,,,,,,,,,,1,2,1,1,3.0
201600053301,0016-01-06 15:45:00,16,1,6,15,45,750,112,"238BIS, RUE DU FAUBOURG",48.8494,2.38947,Plein jour,En agglomération,Intersection en T,Temps couvert,Autre collision,,,,,,,,,,,1,2,3,8,6.0
201600053302,0016-01-07 23:46:00,16,1,7,23,46,750,112,QUAI DE LA RAPEE,48.8458,2.3676,Nuit avec éclairage allumé,En agglomération,Intersection en X,Normale,Deux véhicules - côté,,,,,,,,,,,5,2,2,1,3.0
201600053303,0016-01-09 08:55:00,16,1,9,8,55,750,112,RUE DE CHARENTON,48.8318,2.39765,Plein jour,En agglomération,Intersection à plus de 4 branches,Normale,Deux véhicules - côté,,,,,,,,,,,1,2,5,1,3.0
201600053304,0016-01-10 20:25:00,16,1,10,20,25,750,112,"206, RUE DE CHARENTON",48.8418,2.38672,Nuit avec éclairage allumé,En agglomération,Intersection en Y,Temps couvert,Autre collision,,,,,,,,,,,5,2,4,8,6.0
201600053305,0016-01-11 11:30:00,16,1,11,11,30,750,112,PLACE DU COLONEL BOURGOI,48.8448,2.38354,Plein jour,En agglomération,Hors intersection,Pluie légère,Autre collision,,,,,,,,,,,1,2,1,2,6.0
201600053306,0016-01-11 12:40:00,16,1,11,12,40,750,112,"18, BOULEVARD DE LA BAST",48.8481,2.36759,Plein jour,En agglomération,Intersection en Y,Pluie légère,Autre collision,,,,,,,,,,,1,2,4,2,6.0
201600053307,0016-01-10 21:25:00,16,1,10,21,25,750,112,"161, AVENUE DAUMESNIL",48.8411,2.38899,Nuit avec éclairage allumé,En agglomération,Intersection en X,Normale,Deux véhicules - côté,,,,,,,,,,,5,2,2,1,3.0
201600053308,0016-01-12 12:35:00,16,1,12,12,35,750,112,"72, RUE DU FAUBOURG SAIN",48.8518,2.37396,Plein jour,En agglomération,Hors intersection,Normale,Autre collision,,,,,,,,,,,1,2,1,1,6.0
201600053309,0016-01-12 16:30:00,16,1,12,16,30,750,112,"94, RUE DU FAUBOURG SAIN",48.8513,2.37612,Plein jour,En agglomération,Intersection en X,Normale,Autre collision,,,,,,,,,,,1,2,2,1,6.0
201600053310,0016-01-14 16:30:00,16,1,14,16,30,750,112,"20, BOULEVARD DIDEROT",48.8457,2.37241,Nuit avec éclairage allumé,En agglomération,Intersection en X,Normale,Deux véhicules - arrière,,,,,,,,,,,5,2,2,1,2.0
201600053311,0016-01-14 18:45:00,16,1,14,18,45,750,112,AVENUE LEDRU ROLLIN,48.8513,2.37612,Nuit avec éclairage allumé,En agglomération,Intersection en X,Pluie légère,Autre collision,,,,,,,,,,,5,2,2,2,6.0
201600053312,0016-01-14 22:05:00,16,1,14,22,5,750,112,"61, AVENUE DU GENERAL MI",48.8357,2.40216,Nuit avec éclairage allumé,En agglomération,Hors intersection,Normale,Autre collision,,,,,,,,,,,5,2,1,1,6.0
201600053313,0016-01-17 01:15:00,16,1,17,1,15,750,112,"80, AVENUE DAUMESNIL",48.8443,2.38153,Nuit avec éclairage allumé,En agglomération,Intersection à plus de 4 branches,Normale,Autre collision,,,,,,,,,,,5,2,5,1,6.0
201600053314,0016-01-17 20:00:00,16,1,17,20,0,750,112,"131, RUE DE BERCY",48.8404,2.37898,Nuit avec éclairage allumé,En agglomération,Place,Normale,Sans collision,,,,,,,,,,,5,2,7,1,7.0
201600053315,0016-01-19 18:40:00,16,1,19,18,40,750,112,"168, BOULEVARD DIDEROT",48.848,2.39283,Nuit avec éclairage allumé,En agglomération,Intersection en X,Normale,Deux véhicules - arrière,,,,,,,,,,,5,2,2,1,2.0
201600053316,0016-01-19 20:00:00,16,1,19,20,0,750,112,"108, COURS DE VINCENNES",48.8469,2.40921,Nuit avec éclairage allumé,En agglomération,Hors intersection,Normale,Deux véhicules - arrière,,,,,,,,,,,5,2,1,1,2.0
201600053317,0016-01-20 11:36:00,16,1,20,11,36,750,112,"80, BOULEVARD DE PICPUS",48.8457,2.40149,Plein jour,En agglomération,Hors intersection,Normale,Deux véhicules - arrière,,,,,,,,,,,1,2,1,1,2.0
201600053318,0016-01-19 21:56:00,16,1,19,21,56,750,112,PLACE DE LA BASTILLE,48.8526,2.36962,Nuit avec éclairage allumé,En agglomération,Place,Normale,Sans collision,,,,,,,,,,,5,2,7,1,7.0
201600053319,0016-01-21 06:15:00,16,1,21,6,15,750,112,"61, RUE DE REUILLY",48.8455,2.38867,Nuit avec éclairage allumé,En agglomération,Hors intersection,Normale,Deux véhicules - côté,,,,,,,,,,,5,2,1,1,3.0
201600053320,0016-01-21 16:30:00,16,1,21,16,30,750,112,"18, BOULEVARD SOULT",48.8379,2.40826,Crépuscule ou aube,En agglomération,Hors intersection,Normale,Autre collision,,,,,,,,,,,2,2,1,1,6.0
201600053321,0016-01-23 15:55:00,16,1,23,15,55,750,112,"62, BOULEVARD DE REUILLY",48.8396,2.3981,Plein jour,En agglomération,Hors intersection,Temps couvert,Deux véhicules - côté,,,,,,,,,,,1,2,1,8,3.0
201600053322,0016-01-23 20:00:00,16,1,23,20,0,750,112,"36, QUAI DE LA RAPEE",48.8418,2.37278,Nuit avec éclairage allumé,En agglomération,Hors intersection,Normale,Autre collision,,,,,,,,,,,5,2,1,1,6.0
201600053323,0016-01-25 09:00:00,16,1,25,9,0,750,112,"3, PLACE FELIX EBOUE",48.84,2.39522,Plein jour,En agglomération,Place,Normale,Autre collision,,,,,,,,,,,1,2,7,1,6.0
201600053324,0016-01-25 15:30:00,16,1,25,15,30,750,112,"276, RUE DU FAUBOURG SAI",48.8487,2.39357,Plein jour,En agglomération,Hors intersection,Normale,Autre collision,,,,,,,,,,,1,2,1,1,6.0
201600053325,0016-01-26 14:15:00,16,1,26,14,15,750,112,RUE DU FAUBOURG SAINT AN,48.8501,2.3843,Plein jour,En agglomération,Intersection à plus de 4 branches,Normale,Deux véhicules - côté,,,,,,,,,,,1,2,5,1,3.0
201600053326,0016-01-27 16:40:00,16,1,27,16,40,750,112,"53, RUE DU SAHEL",48.8407,2.40708,Crépuscule ou aube,En agglomération,Hors intersection,Temps couvert,Autre collision,,,,,,,,,,,2,2,1,8,6.0
201600053327,0016-01-28 08:30:00,16,1,28,8,30,750,112,ROUTE DE CEINTURE DU LAC,48.8318,2.41631,Plein jour,En agglomération,Hors intersection,Normale,Sans collision,,,,,,,,,,,1,2,1,1,7.0
201600053328,0016-01-30 14:30:00,16,1,30,14,30,750,112,BOULEVARD PONIATOWSKI,48.8336,2.40269,Plein jour,En agglomération,Hors intersection,Pluie forte,Autre collision,,,,,,,,,,,1,2,1,3,6.0
201600053329,0016-01-31 20:00:00,16,1,31,20,0,750,112,"10, RUE DE REUILLY",48.8497,2.38484,Nuit avec éclairage allumé,En agglomération,Hors intersection,Normale,Deux véhicules - côté,,,,,,,,,,,5,2,1,1,3.0
201600053330,0016-02-01 07:45:00,16,2,1,7,45,750,112,"56, QUAI DE LA RAPEE",48.8428,2.37168,Plein jour,En agglomération,Hors intersection,Normale,Deux véhicules - côté,,,,,,,,,,,1,2,1,1,3.0
201600053331,0016-02-02 15:45:00,16,2,2,15,45,750,112,BOULEVARD PERIPHERIQUE,48.8304,2.40222,Plein jour,En agglomération,Hors intersection,Pluie légère,Deux véhicules - arrière,,,,,,,,,,,1,2,1,2,2.0
201600053332,0016-02-02 20:35:00,16,2,2,20,35,750,112,"244, RUE DE CHARENTON",48.8382,2.39011,Plein jour,En agglomération,Hors intersection,Normale,Autre collision,,,,,,,,,,,1,2,1,1,6.0
201600053333,0016-02-03 22:35:00,16,2,3,22,35,750,112,"235, RUE DU FAUBOURG SAI",48.8501,2.3843,Nuit avec éclairage allumé,En agglomération,Intersection à plus de 4 branches,Normale,Autre collision,,,,,,,,,,,5,2,5,1,6.0
201600053334,0016-02-04 14:05:00,16,2,4,14,5,750,112,"102, AVENUE DE SAINT MAN",48.8443,2.40891,Plein jour,En agglomération,Intersection en T,Normale,Autre collision,,,,,,,,,,,1,2,3,1,6.0
201600053335,0016-02-04 16:40:00,16,2,4,16,40,750,112,AVENUE DE LA PORTE DE VI,48.8464,2.41497,Plein jour,En agglomération,Intersection en Y,Pluie légère,Deux véhicules - arrière,,,,,,,,,,,1,2,4,2,2.0
201600053336,0016-02-07 13:25:00,16,2,7,13,25,750,112,AVENUE DE GRAVELLE,48.8197,2.43646,Plein jour,En agglomération,Intersection en Y,Normale,Deux véhicules - côté,,,,,,,,,,,1,2,4,1,3.0
201600053337,0016-02-08 10:40:00,16,2,8,10,40,750,112,"48, BOULEVARD DE BERCY",48.84,2.3823,Plein jour,En agglomération,Intersection en T,Normale,Autre collision,,,,,,,,,,,1,2,3,1,6.0
201600053338,0016-02-08 19:45:00,16,2,8,19,45,750,112,"66, BOULEVARD DE REUILLY",48.8396,2.39835,Nuit avec éclairage allumé,En agglomération,Hors intersection,Normale,Deux véhicules - arrière,,,,,,,,,,,5,2,1,1,2.0
201600053339,0016-02-09 09:50:00,16,2,9,9,50,750,112,ROUTE DE LA PYRAMIDE,48.8312,2.44896,Plein jour,En agglomération,Hors intersection,Pluie légère,Deux véhicules - arrière,,,,,,,,,,,1,2,1,2,2.0
201600053340,0016-02-09 15:00:00,16,2,9,15,0,750,112,PLACE DE LA BASTILLE,48.8526,2.36962,Plein jour,En agglomération,Place,Pluie légère,Autre collision,,,,,,,,,,,1,2,7,2,6.0
201600053341,0016-02-11 11:46:00,16,2,11,11,46,750,112,"44, BOULEVARD DE REUILLY",48.8394,2.39441,Plein jour,En agglomération,Intersection en Y,Normale,Deux véhicules - côté,,,,,,,,,,,1,2,4,1,3.0
201600053342,0016-02-12 07:20:00,16,2,12,7,20,750,112,AVENUE DE SAINT MAURICE,48.8289,2.41969,Nuit avec éclairage non allumé,En agglomération,Hors intersection,Pluie légère,Autre collision,,,,,,,,,,,4,2,1,2,6.0
201600053343,0016-02-13 00:20:00,16,2,13,0,20,750,112,PLACE DE LA NATION,48.8473,2.39572,Nuit avec éclairage allumé,En agglomération,Place,Normale,Deux véhicules - côté,,,,,,,,,,,5,2,7,1,3.0
201600053344,0016-02-15 08:00:00,16,2,15,8,0,750,112,AVENUE DAUMESNIL,48.839,2.42848,Plein jour,En agglomération,Hors intersection,Normale,Autre collision,,,,,,,,,,,1,2,1,1,6.0
201600053345,0016-02-14 20:30:00,16,2,14,20,30,750,112,"/, AVENUE LEDRU ROLLIN",48.848,2.37141,Nuit avec éclairage allumé,En agglomération,Intersection en X,Pluie légère,Deux véhicules - côté,,,,,,,,,,,5,2,2,2,3.0
201600053346,0016-02-15 22:35:00,16,2,15,22,35,750,112,BOULEVARD DE BERCY,48.8383,2.38875,Nuit avec éclairage allumé,En agglomération,Intersection en X,Normale,Autre collision,,,,,,,,,,,5,2,2,1,6.0
201600053347,0016-02-16 08:50:00,16,2,16,8,50,750,112,"65, BOULEVARD DE PICPUS",48.8464,2.40004,Plein jour,En agglomération,Intersection en T,Normale,Deux véhicules - arrière,,,,,,,,,,,1,2,3,1,2.0
201600053348,0016-02-17 08:30:00,16,2,17,8,30,750,112,AVENUE DAUMESNIL,48.8355,2.40668,Plein jour,En agglomération,Place,Normale,Deux véhicules - côté,,,,,,,,,,,1,2,7,1,3.0
201600053349,0016-02-19 19:55:00,16,2,19,19,55,750,112,"40, COURS DE VINCENNES",48.8475,2.40242,Nuit avec éclairage allumé,En agglomération,Hors intersection,Normale,Autre collision,,,,,,,,,,,5,2,1,1,6.0
201600053350,0016-02-20 02:40:00,16,2,20,2,40,750,112,PONT D AUSTERLITZ,48.8458,2.3676,Nuit avec éclairage allumé,En agglomération,Intersection en X,Pluie légère,Deux véhicules - frontale,,,,,,,,,,,5,2,2,2,1.0
201600053351,0016-02-20 15:50:00,16,2,20,15,50,750,112,"210, RUE DE BERCY",48.8455,2.37124,Plein jour,En agglomération,Intersection à plus de 4 branches,Normale,Autre collision,,,,,,,,,,,1,2,5,1,6.0
201600053352,0016-02-21 00:35:00,16,2,21,0,35,750,112,"13, BOULEVARD DIDEROT",48.8455,2.37124,Nuit avec éclairage allumé,En agglomération,Intersection en X,Normale,Deux véhicules - côté,,,,,,,,,,,5,2,2,1,3.0
201600053353,0016-02-20 21:55:00,16,2,20,21,55,750,112,AVENUE DAUMESNIL,48.8355,2.40668,Nuit avec éclairage allumé,En agglomération,Place,Normale,Deux véhicules - arrière,,,,,,,,,,,5,2,7,1,2.0
201600053354,0016-02-22 14:50:00,16,2,22,14,50,750,112,"52, BOULEVARD DIDEROT",48.8465,2.37929,Plein jour,En agglomération,Intersection en X,Normale,Autre collision,,,,,,,,,,,1,2,2,1,6.0
201600053355,0016-02-22 18:35:00,16,2,22,18,35,750,112,RUE PROUDHON,48.8374,2.39117,Nuit avec éclairage allumé,En agglomération,Intersection en X,Pluie légère,Deux véhicules - côté,,,,,,,,,,,5,2,2,2,3.0
201600053356,0016-02-23 08:40:00,16,2,23,8,40,750,112,"4, PLACE DU COLONEL BOUR",48.8448,2.38298,Plein jour,En agglomération,Place,Pluie légère,Sans collision,,,,,,,,,,,1,2,7,2,7.0
201600053357,0016-02-25 16:25:00,16,2,25,16,25,750,112,"42, AVENUE DES TERROIRS",48.832,2.38864,Plein jour,En agglomération,Hors intersection,Normale,Autre collision,,,,,,,,,,,1,2,1,1,6.0
201600053358,0016-02-26 12:25:00,16,2,26,12,25,750,112,RUE DE LYON,48.8514,2.36986,Plein jour,En agglomération,Intersection en T,Normale,Deux véhicules - côté,,,,,,,,,,,1,2,3,1,3.0
201600053359,0016-02-26 13:50:00,16,2,26,13,50,750,112,PLACE DE LA NATION,48.8475,2.39672,Plein jour,En agglomération,Place,Normale,Deux véhicules - côté,,,,,,,,,,,1,2,7,1,3.0
201600053360,0016-02-28 13:45:00,16,2,28,13,45,750,112,"9, PLACE DE LA BASTILLE",48.8526,2.36962,Plein jour,En agglomération,Place,Normale,Deux véhicules - côté,,,,,,,,,,,1,2,7,1,3.0
201600053361,0016-02-29 01:20:00,16,2,29,1,20,750,112,PLACE EDOUARD RENARD,48.8348,2.40796,Nuit avec éclairage allumé,En agglomération,Place,Normale,Autre collision,,,,,,,,,,,5,2,7,1,6.0
201600053362,0016-03-01 12:30:00,16,3,1,12,30,750,112,"55, RUE DE PICPUS",48.8427,2.39747,Plein jour,En agglomération,Intersection en X,Normale,Autre collision,,,,,,,,,,,1,2,2,1,6.0
201600053363,0016-03-01 15:15:00,16,3,1,15,15,750,112,BOULEVARD SOULT,48.847,2.41119,Plein jour,En agglomération,Intersection à plus de 4 branches,Pluie légère,Sans collision,,,,,,,,,,,1,2,5,2,7.0
201600053364,0016-03-04 20:50:00,16,3,4,20,50,750,112,"24, RUE CHALIGNY",48.847,2.38376,Nuit avec éclairage allumé,En agglomération,Intersection en X,Pluie légère,Autre collision,,,,,,,,,,,5,2,2,2,6.0
201600053365,0016-03-05 19:30:00,16,3,5,19,30,750,112,ROUTE DE LA PYRAMIDE,48.837,2.44095,Nuit avec éclairage allumé,En agglomération,Hors intersection,Normale,Autre collision,,,,,,,,,,,5,2,1,1,6.0
201600053366,0016-03-06 13:50:00,16,3,6,13,50,750,112,PLACE DE LA BASTILLE,48.8526,2.36962,Plein jour,En agglomération,Place,Normale,Deux véhicules - côté,,,,,,,,,,,1,2,7,1,3.0
201600053367,0016-03-07 10:00:00,16,3,7,10,0,750,112,"30BIS, BOULEVARD DE LA B",48.8495,2.36826,Plein jour,En agglomération,Hors intersection,Normale,Sans collision,,,,,,,,,,,1,2,1,1,7.0
201600053368,0016-03-09 12:15:00,16,3,9,12,15,750,112,"41, AVENUE DU DOCTEUR AR",48.8433,2.40537,Plein jour,En agglomération,Intersection en T,Pluie légère,Sans collision,,,,,,,,,,,1,2,3,2,7.0
201600053369,0016-03-09 15:20:00,16,3,9,15,20,750,112,RUE ROBERT ETLIN,48.8281,2.3902,Plein jour,En agglomération,Intersection en Y,Normale,Deux véhicules - côté,,,,,,,,,,,1,2,4,1,3.0
201600053370,0016-03-09 16:15:00,16,3,9,16,15,750,112,"42, AVENUE DE SAINT MAND",48.8451,2.40096,Plein jour,En agglomération,Hors intersection,Normale,Deux véhicules - côté,,,,,,,,,,,1,2,1,1,3.0
201600053371,0016-03-09 19:00:00,16,3,9,19,0,750,112,"31, RUE CLAUDE TILLIER",48.8487,2.38868,Crépuscule ou aube,En agglomération,Hors intersection,Normale,Autre collision,,,,,,,,,,,2,2,1,1,6.0
201600053372,0016-03-10 22:35:00,16,3,10,22,35,750,112,BOULEVARD PONIATOWSKI,48.8318,2.39765,Nuit avec éclairage allumé,En agglomération,Intersection en X,Normale,Deux véhicules - côté,,,,,,,,,,,5,2,2,1,3.0
201600053373,0016-03-11 21:35:00,16,3,11,21,35,750,112,AVENUE DE GRAVELLE,48.8192,2.43827,Nuit avec éclairage allumé,En agglomération,Hors intersection,Normale,Sans collision,,,,,,,,,,,5,2,1,1,7.0
201600053374,0016-03-12 21:35:00,16,3,12,21,35,750,112,"190, RUE DU FAUBOURG SAI",48.8502,2.38357,Nuit avec éclairage allumé,En agglomération,Hors intersection,Normale,Autre collision,,,,,,,,,,,5,2,1,1,6.0
201600053375,0016-03-13 22:40:00,16,3,13,22,40,750,112,"87, AVENUE LEDRU ROLLIN",48.8513,2.37612,Nuit avec éclairage allumé,En agglomération,Intersection en X,Normale,Autre collision,,,,,,,,,,,5,2,2,1,6.0
201600053376,0016-03-14 17:00:00,16,3,14,17,0,750,112,PLACE DES ANTILLES,48.848,2.39734,Plein jour,En agglomération,Place,Normale,Deux véhicules - côté,,,,,,,,,,,1,2,7,1,3.0
201600053377,0016-03-15 08:15:00,16,3,15,8,15,750,112,"20, RUE DE BERCY",48.8363,2.38501,Plein jour,En agglomération,Intersection en T,Normale,Deux véhicules - arrière,,,,,,,,,,,1,2,3,1,2.0
201600053378,0016-03-20 17:40:00,16,3,20,17,40,750,112,"120, COURS DE VINCENNES",48.847,2.41119,Plein jour,En agglomération,Intersection en X,Normale,Autre collision,,,,,,,,,,,1,2,2,1,6.0
201600053379,0016-03-21 18:10:00,16,3,21,18,10,750,112,"320  BIS, RUE DE CHARENT",48.834,2.39436,Plein jour,En agglomération,Hors intersection,Normale,Deux véhicules - côté,,,,,,,,,,,1,2,1,1,3.0
201600053380,0016-03-22 14:45:00,16,3,22,14,45,750,112,"1, AVENUE DU DOCTEUR ARN",48.8409,2.40468,Plein jour,En agglomération,Intersection en X,Normale,Deux véhicules - côté,,,,,,,,,,,1,2,2,1,3.0
201600053381,0016-03-22 19:00:00,16,3,22,19,0,750,112,"23, RUE MONTGALLET",48.8437,2.38815,Crépuscule ou aube,En agglomération,Intersection en T,Normale,Deux véhicules - arrière,,,,,,,,,,,2,2,3,1,2.0
201600053382,0016-03-23 06:15:00,16,3,23,6,15,750,112,"5, RUE VILLIOT",48.8411,2.37423,Crépuscule ou aube,En agglomération,Hors intersection,Normale,Autre collision,,,,,,,,,,,2,2,1,1,6.0
201600053383,0016-03-24 10:50:00,16,3,24,10,50,750,112,AVENUE DU BEL AIR,48.8479,2.39636,Plein jour,En agglomération,Place,Normale,Autre collision,,,,,,,,,,,1,2,7,1,6.0
201600053384,0016-03-24 18:15:00,16,3,24,18,15,750,112,"36, BOULEVARD DE LA BAST",48.8504,2.36869,Crépuscule ou aube,En agglomération,Hors intersection,Normale,Autre collision,,,,,,,,,,,2,2,1,1,6.0