accident_id,datetime,annee,mois,jour,heure,minute,departement,commune_insee,adresse,latitude,longitude,luminosite,agglomeration,intersection,meteo,collision,nb_vehicules,nb_usagers,nb_indemnes,nb_tues,nb_blesses_hosp,nb_blesses_legers,age_cond_1,age_cond_2,veh_type_cond_1,veh_type_cond_2,lum_code,agg_code,int_code,atm_code,col_code
201600053508,0016-06-28 21:00:00,16,6,28,21,0,750,112,"1, PLACE FELIX EBOUE",48.8392,2.39668,Crépuscule ou aube,En agglomération,Place,Normale,Deux véhicules - côté,,,,,,,,,,,2,2,7,1,3.0
201600053509,0016-06-29 16:15:00,16,6,29,16,15,750,112,"1, ROUTE DAUPHINE",48.8237,2.44178,Plein jour,En agglomération,Hors intersection,Normale,Trois véhicules et plus - en chaîne,,,,,,,,,,,1,2,1,1,4.0
201600053510,0016-06-30 03:20:00,16,6,30,3,20,750,112,"18, RUE DE FECAMP",48.8352,2.39874,Nuit avec éclairage allumé,En agglomération,Intersection en X,Normale,Autre collision,,,,,,,,,,,5,2,2,1,6.0
201600053511,0016-07-01 01:10:00,16,7,1,1,10,750,112,"36, BOULEVARD DE LA BAST",48.8504,2.36869,Nuit avec éclairage non allumé,En agglomération,Hors intersection,Normale,Autre collision,,,,,,,,,,,4,2,1,1,6.0
201600053512,0016-07-01 22:05:00,16,7,1,22,5,750,112,BOULEVARD PONIATOWSKI,48.8318,2.39765,Nuit avec éclairage allumé,En agglomération,Intersection en X,Pluie légère,Deux véhicules - côté,,,,,,,,,,,5,2,2,2,3.0
201600053513,0016-07-02 20:25:00,16,7,2,20,25,750,112,"246, AVENUE DAUMESNIL",48.8371,2.40219,Crépuscule ou aube,En agglomération,Intersection à plus de 4 branches,Normale,Autre collision,,,,,,,,,,,2,2,5,1,6.0
201600053514,0016-07-04 21:05:00,16,7,4,21,5,750,112,"41, BOULEVARD SOULT",48.8382,2.40835,Plein jour,En agglomération,Intersection en T,Normale,Deux véhicules - côté,,,,,,,,,,,1,2,3,1,3.0
201600053515,0016-07-05 20:05:00,16,7,5,20,5,750,112,ESPLANADE SAINT LOUIS,48.8402,2.43645,Plein jour,En agglomération,Place,Normale,Trois véhicules et plus - collisions multiples,,,,,,,,,,,1,2,7,1,5.0
201600053516,0016-07-05 22:30:00,16,7,5,22,30,750,112,"85, AVENUE LEDRU ROLLIN",48.8513,2.37612,Nuit avec éclairage non allumé,En agglomération,Intersection à plus de 4 branches,Normale,Autre collision,,,,,,,,,,,4,2,5,1,6.0
201600053517,0016-07-06 18:00:00,16,7,6,18,0,750,120,"107, COURS DE VINCENNES",48.8474,2.41014,Plein jour,En agglomération,Hors intersection,Normale,Autre collision,,,,,,,,,,,1,2,1,1,6.0
201600053518,0016-07-06 18:45:00,16,7,6,18,45,750,112,"XII-10048, ROUTE DE CEIN",48.8298,2.41858,Plein jour,En agglomération,Hors intersection,Normale,Deux véhicules - côté,,,,,,,,,,,1,2,1,1,3.0
201600053519,0016-07-08 09:15:00,16,7,8,9,15,750,112,AVENUE DE NOGENT,48.8421,2.449,Plein jour,En agglomération,Intersection à plus de 4 branches,Normale,Deux véhicules - côté,,,,,,,,,,,1,2,5,1,3.0
201600053520,0016-07-08 11:10:00,16,7,8,11,10,750,112,"4, PLACE DU COLONEL BOUR",48.8448,2.38298,Plein jour,En agglomération,Place,Normale,Autre collision,,,,,,,,,,,1,2,7,1,6.0
201600053521,0016-07-09 20:10:00,16,7,9,20,10,750,112,QUAI DE BERCY,48.8352,2.38008,Plein jour,En agglomération,Hors intersection,Normale,Autre collision,,,,,,,,,,,1,2,1,1,6.0
201600053522,0016-07-11 03:35:00,16,7,11,3,35,750,112,PLACE DU COLONEL BOURGOI,48.8448,2.38298,Nuit avec éclairage allumé,En agglomération,Place,Normale,Autre collision,,,,,,,,,,,5,2,7,1,6.0
201600053523,0016-07-11 10:45:00,16,7,11,10,45,750,112,"73, RUE DE LYON",48.8514,2.36986,Plein jour,En agglomération,Intersection en T,Normale,Deux véhicules - côté,,,,,,,,,,,1,2,3,1,3.0
201600053524,0016-07-12 11:50:00,16,7,12,11,50,750,112,AVENUE DU TRONE,48.8482,2.39665,Plein jour,En agglomération,Place,Normale,Trois véhicules et plus - en chaîne,,,,,,,,,,,1,2,7,1,4.0
201600053525,0016-07-16 23:46:00,16,7,16,23,46,750,111,"33, RUE DU FAUBOURG SAIN",48.8524,2.37179,Nuit avec éclairage allumé,En agglomération,Hors intersection,Normale,Deux véhicules - côté,,,,,,,,,,,5,2,1,1,3.0
201600053526,0016-07-19 13:30:00,16,7,19,13,30,750,112,AVENUE DAUMESNIL,48.8487,2.37253,Plein jour,En agglomération,Intersection en X,Normale,Autre collision,,,,,,,,,,,1,2,2,1,6.0
201600053527,0016-07-19 15:30:00,16,7,19,15,30,750,112,"8, RUE BIGNON",48.8411,2.38899,Plein jour,En agglomération,Intersection en X,Normale,Autre collision,,,,,,,,,,,1,2,2,1,6.0
201600053528,0016-07-19 18:45:00,16,7,19,18,45,750,112,"28, RUE DU SERGENT BAUCH",48.8456,2.39322,Plein jour,En agglomération,Hors intersection,Normale,Autre collision,,,,,,,,,,,1,2,1,1,6.0
201600053529,0016-07-22 07:35:00,16,7,22,7,35,750,112,ROUTE DE LA FERME,48.8238,2.45763,Plein jour,En agglomération,Place,Normale,Autre collision,,,,,,,,,,,1,2,7,1,6.0
201600053530,0016-07-25 02:05:00,16,7,25,2,5,750,112,"98, BOULEVARD DIDEROT",48.8471,2.38501,Nuit avec éclairage allumé,En agglomération,Intersection en T,Normale,Autre collision,,,,,,,,,,,5,2,3,1,6.0
201600053531,0016-07-26 13:50:00,16,7,26,13,50,750,112,QUAI DE BERCY,48.8335,2.38209,Plein jour,En agglomération,Intersection en X,Normale,Deux véhicules - côté,,,,,,,,,,,1,2,2,1,3.0
201600053532,0016-07-26 18:50:00,16,7,26,18,50,750,112,"268, RUE DE CHARENTON",48.8368,2.39168,Plein jour,En agglomération,Hors intersection,Normale,Autre collision,,,,,,,,,,,1,2,1,1,6.0
201600053533,0016-07-28 08:40:00,16,7,28,8,40,750,112,"1, RUE TAINE",48.8374,2.39117,Plein jour,En agglomération,Intersection en X,Normale,Deux véhicules - côté,,,,,,,,,,,1,2,2,1,3.0
201600053534,0016-07-28 14:40:00,16,7,28,14,40,750,112,"130, AVENUE DAUMESNIL",48.8412,2.3884,Plein jour,En agglomération,Hors intersection,Normale,Deux véhicules - côté,,,,,,,,,,,1,2,1,1,3.0
201600053535,0016-07-29 10:10:00,16,7,29,10,10,750,112,"68, BOULEVARD SOULT",48.8437,2.41014,Plein jour,En agglomération,Intersection en T,Normale,Autre collision,,,,,,,,,,,1,2,3,1,6.0
201600053536,0016-07-29 12:25:00,16,7,29,12,25,750,112,"20, RUE CHARLES BAUDELAI",48.8498,2.37699,Plein jour,En agglomération,Intersection en X,Normale,Autre collision,,,,,,,,,,,1,2,2,1,6.0
201600053537,0016-07-30 11:45:00,16,7,30,11,45,750,112,"115, BOULEVARD SOULT",48.8443,2.41032,Plein jour,En agglomération,Intersection à plus de 4 branches,Normale,Autre collision,,,,,,,,,,,1,2,5,1,6.0
201600053538,0016-07-30 18:35:00,16,7,30,18,35,750,112,ROUTE DE CEINTURE DU LAC,48.8265,2.41972,Plein jour,En agglomération,Intersection en Y,Normale,Autre collision,,,,,,,,,,,1,2,4,1,6.0
201600053539,0016-08-01 00:02:00,16,8,1,0,2,750,112,QUAI DE BERCY,48.832,2.38393,Nuit avec éclairage allumé,En agglomération,Intersection en Y,Normale,Autre collision,,,,,,,,,,,5,2,4,1,6.0
201600053540,0016-08-03 14:15:00,16,8,3,14,15,750,112,"103 BIS, RUE DE CHARENTO",48.8473,2.37772,Plein jour,En agglomération,Intersection en T,Normale,Autre collision,,,,,,,,,,,1,2,3,1,6.0
201600053541,0016-08-03 13:50:00,16,8,3,13,50,750,112,"50, AVENUE DU DOCTEUR AR",48.8447,2.40572,Plein jour,En agglomération,Intersection à plus de 4 branches,Normale,Trois véhicules et plus - en chaîne,,,,,,,,,,,1,2,5,1,4.0
201600053542,0016-08-03 20:05:00,16,8,3,20,5,750,112,"21, BOULEVARD PONIATOWSK",48.8323,2.39867,Plein jour,En agglomération,Hors intersection,Normale,Autre collision,,,,,,,,,,,1,2,1,1,6.0
201600053543,0016-08-04 09:30:00,16,8,4,9,30,750,112,RUE FABRE D EGLANTINE,48.8473,2.39572,Plein jour,En agglomération,Intersection en X,Normale,Sans collision,,,,,,,,,,,1,2,2,1,7.0
201600053544,0016-08-06 17:10:00,16,8,6,17,10,750,112,QUAI DE LA RAPEE,48.8432,2.37027,Plein jour,En agglomération,Intersection en X,Normale,Deux véhicules - côté,,,,,,,,,,,1,2,2,1,3.0
201600053545,0016-08-06 18:40:00,16,8,6,18,40,750,112,"115, BOULEVARD SOULT",48.8443,2.41032,Plein jour,En agglomération,Intersection à plus de 4 branches,Normale,Deux véhicules - côté,,,,,,,,,,,1,2,5,1,3.0
201600053546,0016-08-07 17:15:00,16,8,7,17,15,750,112,"58, AVENUE LEDRU ROLLIN",48.8487,2.37253,Plein jour,En agglomération,Intersection en X,Normale,Autre collision,,,,,,,,,,,1,2,2,1,6.0
201600053547,0016-08-07 19:30:00,16,8,7,19,30,750,112,"52, COURS DE VINCENNES",48.8477,2.40343,Plein jour,En agglomération,Intersection en T,Normale,Autre collision,,,,,,,,,,,1,2,3,1,6.0
201600053548,0016-08-08 08:55:00,16,8,8,8,55,750,112,AVENUE DAUMESNIL,48.8466,2.37671,Plein jour,En agglomération,Intersection en X,Normale,Autre collision,,,,,,,,,,,1,2,2,1,6.0
201600053549,0016-08-08 18:00:00,16,8,8,18,0,750,112,"168, BOULEVARD DIDEROT",48.848,2.39283,Plein jour,En agglomération,Intersection en X,Normale,Deux véhicules - côté,,,,,,,,,,,1,2,2,1,3.0
201600053550,0016-08-10 12:50:00,16,8,10,12,50,750,112,"294, RUE DE CHARENTON",48.8358,2.39238,Plein jour,En agglomération,Hors intersection,Normale,Deux véhicules - arrière,,,,,,,,,,,1,2,1,1,2.0
201600053551,0016-08-10 23:16:00,16,8,10,23,16,750,112,PLACE DE LA NATION,48.8479,2.39581,Nuit avec éclairage allumé,En agglomération,Place,Normale,Deux véhicules - arrière,,,,,,,,,,,5,2,7,1,2.0
201600053552,0016-08-12 07:30:00,16,8,12,7,30,750,112,"46, RUE DU FAUBOURG SAIN",48.8522,2.37269,Plein jour,En agglomération,Hors intersection,Normale,Deux véhicules - côté,,,,,,,,,,,1,2,1,1,3.0
201600053553,0016-08-12 10:20:00,16,8,12,10,20,750,112,"7, BOULEVARD DE REUILLY",48.8391,2.39002,Plein jour,En agglomération,Intersection en X,Normale,Autre collision,,,,,,,,,,,1,2,2,1,6.0
201600053554,0016-08-15 20:40:00,16,8,15,20,40,750,112,ROUTE DES ILES,48.8291,2.40959,Crépuscule ou aube,En agglomération,Hors intersection,Normale,Autre collision,,,,,,,,,,,2,2,1,1,6.0
201600053555,0016-08-24 09:00:00,16,8,24,9,0,750,112,"98, QUAI DE LA RAPEE",48.8458,2.3676,Plein jour,En agglomération,Intersection en X,Normale,Deux véhicules - côté,,,,,,,,,,,1,2,2,1,3.0
201600053556,0016-08-24 11:20:00,16,8,24,11,20,750,112,"58, AVENUE DAUMESNIL",48.8452,2.37959,Plein jour,En agglomération,Hors intersection,Normale,Sans collision,,,,,,,,,,,1,2,1,1,7.0
201600053557,0016-08-24 14:31:00,16,8,24,14,31,750,112,"96, QUAI DE LA RAPEE",48.8458,2.3676,Plein jour,En agglomération,Intersection en X,Normale,Deux véhicules - côté,,,,,,,,,,,1,2,2,1,3.0
201600053558,0016-08-24 19:10:00,16,8,24,19,10,750,112,"20 BIS, BOULEVARD DIDERO",48.8458,2.37405,Crépuscule ou aube,En agglomération,Intersection en X,Normale,Autre collision,,,,,,,,,,,2,2,2,1,6.0
201600053559,0016-08-25 05:15:00,16,8,25,5,15,750,112,PLACE EDOUARD RENARD,48.8355,2.40668,Nuit avec éclairage allumé,En agglomération,Place,Normale,Autre collision,,,,,,,,,,,5,2,7,1,6.0
201600053560,0016-08-25 15:30:00,16,8,25,15,30,750,112,"6, AVENUE DE LA PORTE DE",48.8467,2.41195,Plein jour,En agglomération,Hors intersection,Normale,Deux véhicules - côté,,,,,,,,,,,1,2,1,1,3.0
201600053561,0016-08-25 18:15:00,16,8,25,18,15,750,112,AVENUE DE NOGENT,48.8421,2.449,Plein jour,En agglomération,Intersection en X,Normale,Trois véhicules et plus - collisions multiples,,,,,,,,,,,1,2,2,1,5.0
201600053562,0016-08-27 17:10:00,16,8,27,17,10,750,112,"37, RUE DU SAHEL",48.8408,2.40535,Plein jour,En agglomération,Hors intersection,Normale,Autre collision,,,,,,,,,,,1,2,1,1,6.0
201600053563,0016-08-28 08:45:00,16,8,28,8,45,750,112,QUAI DE BERCY,48.8362,2.37879,Plein jour,En agglomération,Hors intersection,Normale,Autre collision,,,,,,,,,,,1,2,1,1,6.0
201600053564,0016-08-28 18:35:00,16,8,28,18,35,750,112,ROUTE DE BOURDON,48.8277,2.44377,Plein jour,En agglomération,Intersection à plus de 4 branches,Normale,Autre collision,,,,,,,,,,,1,2,5,1,6.0
201600053565,0016-08-28 20:05:00,16,8,28,20,5,750,112,"135, BOULEVARD DIDEROT",48.8481,2.39335,Plein jour,En agglomération,Hors intersection,Normale,Deux véhicules - arrière,,,,,,,,,,,1,2,1,1,2.0
201600053566,0016-08-30 09:08:00,16,8,30,9,8,750,112,"70, BOULEVARD SOULT",48.8443,2.41032,Plein jour,En agglomération,Intersection à plus de 4 branches,Normale,Deux véhicules - côté,,,,,,,,,,,1,2,5,1,3.0
201600053567,0016-08-30 17:05:00,16,8,30,17,5,750,112,"3, RUE NICOLAI",48.8353,2.39275,Plein jour,En agglomération,Intersection en X,Normale,Deux véhicules - côté,,,,,,,,,,,1,2,2,1,3.0
201600053568,0016-08-30 20:50:00,16,8,30,20,50,750,112,"45, RUE GABRIEL LAME",48.8351,2.38571,Nuit sans éclairage public,En agglomération,Hors intersection,Normale,Deux véhicules - côté,,,,,,,,,,,3,2,1,1,3.0
201600053569,0016-09-02 17:15:00,16,9,2,17,15,750,112,ROUTE DE CEINTURE DU LAC,48.8322,2.41573,Plein jour,En agglomération,Hors intersection,Normale,Deux véhicules - côté,,,,,,,,,,,1,2,1,1,3.0
201600053570,0016-09-04 03:10:00,16,9,4,3,10,750,112,PLACE DE LA BASTILLE,48.8526,2.36962,Nuit avec éclairage allumé,En agglomération,Place,Normale,Autre collision,,,,,,,,,,,5,2,7,1,6.0
201600053571,0016-09-05 12:40:00,16,9,5,12,40,750,112,QUAI DE LA RAPEE,48.8464,2.36685,Plein jour,En agglomération,Intersection en T,Pluie légère,Deux véhicules - arrière,,,,,,,,,,,1,2,3,2,2.0
201600053572,0016-09-05 15:10:00,16,9,5,15,10,750,112,BOULEVARD PERIPHERIQUE E,48.8304,2.40251,Plein jour,En agglomération,Hors intersection,Pluie légère,Trois véhicules et plus - en chaîne,,,,,,,,,,,1,2,1,2,4.0
201600053573,0016-09-06 19:25:00,16,9,6,19,25,750,112,"117, BOULEVARD PONIATOWS",48.8355,2.40668,Plein jour,En agglomération,Intersection à plus de 4 branches,Normale,Autre collision,,,,,,,,,,,1,2,5,1,6.0
201600053574,0016-09-06 23:30:00,16,9,6,23,30,750,112,"34, RUE DU FAUBOURG SAIN",48.8524,2.37189,Nuit avec éclairage allumé,En agglomération,Hors intersection,Normale,Deux véhicules - côté,,,,,,,,,,,5,2,1,1,3.0
201600053575,0016-09-07 19:30:00,16,9,7,19,30,750,112,"13, PLACE D ALIGRE",48.8494,2.3784,Plein jour,En agglomération,Hors intersection,Normale,Autre collision,,,,,,,,,,,1,2,1,1,6.0
201600053576,0016-09-08 09:40:00,16,9,8,9,40,750,112,"235, RUE DE CHARENTON",48.8376,2.39086,Plein jour,En agglomération,Hors intersection,Normale,Autre collision,,,,,,,,,,,1,2,1,1,6.0
201600053577,0016-09-08 17:10:00,16,9,8,17,10,750,112,"108, COURS DE VINCENNES",48.847,2.40858,Plein jour,En agglomération,Intersection en T,Normale,Autre collision,,,,,,,,,,,1,2,3,1,6.0
201600053578,0016-09-09 01:50:00,16,9,9,1,50,750,112,"74 BIS, AVENUE DE SAINT",48.8448,2.40436,Nuit avec éclairage allumé,En agglomération,Hors intersection,Normale,Autre collision,,,,,,,,,,,5,2,1,1,6.0
201600053579,0016-09-09 10:45:00,16,9,9,10,45,750,112,BOULEVARD SOULT,48.8355,2.40668,Plein jour,En agglomération,Intersection à plus de 4 branches,Normale,Deux véhicules - arrière,,,,,,,,,,,1,2,5,1,2.0
201600053580,0016-09-09 19:40:00,16,9,9,19,40,750,112,"13, AVENUE DAUMESNIL",48.8487,2.37253,Plein jour,En agglomération,Intersection en X,Normale,Deux véhicules - côté,,,,,,,,,,,1,2,2,1,3.0
201600053581,0016-09-10 00:30:00,16,9,10,0,30,750,112,"32, AVENUE DAUMESNIL",48.8471,2.37578,Nuit avec éclairage allumé,En agglomération,Hors intersection,Normale,Autre collision,,,,,,,,,,,5,2,1,1,6.0
201600053582,0016-09-09 21:00:00,16,9,9,21,0,750,112,ESPLANADE SAINT LOUIS,48.8402,2.43645,Nuit avec éclairage allumé,En agglomération,Place,Normale,Sans collision,,,,,,,,,,,5,2,7,1,7.0
201600053583,0016-09-12 08:05:00,16,9,12,8,5,750,112,"41, BOULEVARD SOULT",48.8382,2.40835,Plein jour,En agglomération,Intersection en T,Normale,Sans collision,,,,,,,,,,,1,2,3,1,7.0
201600053584,0016-09-12 20:15:00,16,9,12,20,15,750,112,BOULEVARD SOULT,48.8443,2.41032,Nuit avec éclairage allumé,En agglomération,Intersection en T,Normale,Deux véhicules - arrière,,,,,,,,,,,5,2,3,1,2.0
201600053585,0016-09-13 08:45:00,16,9,13,8,45,750,112,"84, AVENUE DE SAINT MAND",48.8447,2.40572,Plein jour,En agglomération,Intersection à plus de 4 branches,Normale,Autre collision,,,,,,,,,,,1,2,5,1,6.0
201600053586,0016-09-13 15:15:00,16,9,13,15,15,750,112,ROUTE DE CEINTURE DU LAC,48.8322,2.41573,Plein jour,En agglomération,Hors intersection,Normale,Autre collision,,,,,,,,,,,1,2,1,1,6.0
201600053587,0016-09-13 19:27:00,16,9,13,19,27,750,112,AVENUE DAUMESNIL,48.84,2.43217,Plein jour,En agglomération,Intersection en T,Normale,Autre collision,,,,,,,,,,,1,2,3,1,6.0
201600053588,0016-09-14 08:00:00,16,9,14,8,0,750,112,"4, PLACE DE LA BASTILLE",48.8526,2.36962,Plein jour,En agglomération,Place,Normale,Deux véhicules - arrière,,,,,,,,,,,1,2,7,1,2.0
201600053589,0016-09-14 14:40:00,16,9,14,14,40,750,112,"04, PLACE DU CARDINAL LA",48.8325,2.40361,Plein jour,En agglomération,Hors intersection,Normale,Deux véhicules - côté,,,,,,,,,,,1,2,1,1,3.0
201600053590,0016-09-15 10:30:00,16,9,15,10,30,750,112,"310, RUE DE CHARENTON",48.8346,2.39354,Plein jour,En agglomération,Hors intersection,Pluie légère,Deux véhicules - côté,,,,,,,,,,,1,2,1,2,3.0
201600053591,0016-09-15 12:00:00,16,9,15,12,0,750,112,AVENUE DES CANADIENS,48.8171,2.45896,Plein jour,En agglomération,Intersection en T,Normale,Deux véhicules - côté,,,,,,,,,,,1,2,3,1,3.0
201600053592,0016-09-16 19:00:00,16,9,16,19,0,750,112,"20, AVENUE DU GENERAL MI",48.8333,2.39892,Plein jour,En agglomération,Intersection en T,Pluie forte,Autre collision,,,,,,,,,,,1,2,3,3,6.0
201600053593,0016-09-17 00:35:00,16,9,17,0,35,750,112,"148, BOULEVARD DIDEROT",48.8478,2.39057,Nuit avec éclairage allumé,En agglomération,Intersection en T,Pluie légère,Deux véhicules - côté,,,,,,,,,,,5,2,3,2,3.0
201600053594,0016-09-18 03:10:00,16,9,18,3,10,750,112,AVENUE DE NOGENT,48.8396,2.45789,Nuit avec éclairage allumé,En agglomération,Hors intersection,Normale,Autre collision,,,,,,,,,,,5,2,1,1,6.0
201600053595,0016-09-19 12:07:00,16,9,19,12,7,750,112,BOULEVARD DIDEROT,48.8458,2.37337,Plein jour,En agglomération,Intersection en X,Normale,Autre collision,,,,,,,,,,,1,2,2,1,6.0
201600053596,0016-09-19 16:20:00,16,9,19,16,20,750,112,"132, BOULEVARD DIDEROT",48.8476,2.38907,Plein jour,En agglomération,Intersection en X,Normale,Autre collision,,,,,,,,,,,1,2,2,1,6.0
201600053597,0016-09-19 20:15:00,16,9,19,20,15,750,112,"4, PLACE FELIX EBOUE",48.8394,2.39539,Nuit avec éclairage allumé,En agglomération,Hors intersection,Normale,Autre collision,,,,,,,,,,,5,2,1,1,6.0
201600053598,0016-09-20 03:31:00,16,9,20,3,31,750,112,AVENUE DE NOGENT,48.8438,2.44641,Nuit avec éclairage allumé,En agglomération,Hors intersection,Normale,Autre collision,,,,,,,,,,,5,2,1,1,6.0
201600053599,0016-09-21 15:30:00,16,9,21,15,30,750,112,"6, ROUTE DU CHAMP DE MAN",48.8347,2.44929,Plein jour,En agglomération,Hors intersection,Normale,Trois véhicules et plus - collisions multiples,,,,,,,,,,,1,2,1,1,5.0
201600053600,0016-09-21 17:10:00,16,9,21,17,10,750,112,"3, PLACE LACHAMBEAUDIE",48.8359,2.38642,Plein jour,En agglomération,Place,Normale,Deux véhicules - côté,,,,,,,,,,,1,2,7,1,3.0
201600053601,0016-09-22 10:50:00,16,9,22,10,50,750,112,QUAI DE BERCY,48.8346,2.38071,Plein jour,En agglomération,Hors intersection,Normale,Deux véhicules - côté,,,,,,,,,,,1,2,1,1,3.0
201600053602,0016-09-22 15:05:00,16,9,22,15,5,750,112,"312, RUE DE CHARENTON",48.8343,2.39396,Plein jour,En agglomération,Hors intersection,Normale,Deux véhicules - arrière,,,,,,,,,,,1,2,1,1,2.0
201600053603,0016-09-23 08:50:00,16,9,23,8,50,750,112,"45, RUE DE LYON",48.8495,2.37072,Plein jour,En agglomération,Intersection en Y,Normale,Deux véhicules - côté,,,,,,,,,,,1,2,4,1,3.0
201600053604,0016-09-23 14:27:00,16,9,23,14,27,750,112,"195, AVENUE DAUMESNIL",48.8398,2.39489,Plein jour,En agglomération,Hors intersection,Normale,Deux véhicules - côté,,,,,,,,,,,1,2,1,1,3.0
201600053605,0016-09-23 14:15:00,16,9,23,14,15,750,112,AVENUE DAUMESNIL,48.84,2.43217,Plein jour,En agglomération,Intersection en T,Normale,Deux véhicules - côté,,,,,,,,,,,1,2,3,1,3.0
201600053606,0016-09-23 21:00:00,16,9,23,21,0,750,112,"66, RUE DE CHARENTON",48.8494,2.37448,Nuit avec éclairage allumé,En agglomération,Hors intersection,Normale,Deux véhicules - arrière,,,,,,,,,,,5,2,1,1,2.0
201600053607,0016-09-24 00:30:00,16,9,24,0,30,750,112,AVENUE DE NOGENT,48.839,2.46027,Nuit avec éclairage allumé,En agglomération,Intersection en X,Normale,Deux véhicules - côté,,,,,,,,,,,5,2,2,1,3.0
201600053608,0016-09-24 16:45:00,16,9,24,16,45,750,112,"100, AVENUE DAUMESNIL",48.8433,2.38372,Plein jour,En agglomération,Intersection en T,Normale,Autre collision,,,,,,,,,,,1,2,3,1,6.0
201600053609,0016-09-25 17:00:00,16,9,25,17,0,750,112,PLACE DE LA BASTILLE,48.8526,2.36962,Plein jour,En agglomération,Place,Normale,Autre collision,,,,,,,,,,,1,2,7,1,6.0
201600053610,0016-09-26 10:20:00,16,9,26,10,20,750,112,"181, RUE DE CHARENTON",48.8432,2.38534,Plein jour,En agglomération,Intersection en T,Normale,Sans collision,,,,,,,,,,,1,2,3,1,7.0
201600053611,0016-09-28 16:45:00,16,9,28,16,45,750,112,ROUTE ROYALE DE BEAUTE,48.8343,2.44129,Plein jour,En agglomération,Hors intersection,Normale,Autre collision,,,,,,,,,,,1,2,1,1,6.0
201600053612,0016-09-29 11:00:00,16,9,29,11,0,750,112,"20, BOULEVARD PONIATOWSK",48.8294,2.39032,Plein jour,En agglomération,Intersection en T,Normale,Deux véhicules - côté,,,,,,,,,,,1,2,3,1,3.0
201600053613,0016-09-29 10:35:00,16,9,29,10,35,750,112,"66, RUE DE WATTIGNIES",48.8351,2.3991,Plein jour,En agglomération,Hors intersection,Normale,Autre collision,,,,,,,,,,,1,2,1,1,6.0
201600053614,0016-09-29 21:15:00,16,9,29,21,15,750,112,PLACE DE LA NATION,48.8486,2.39435,Nuit avec éclairage allumé,En agglomération,Place,Normale,Deux véhicules - côté,,,,,,,,,,,5,2,7,1,3.0
201600053615,0016-09-29 13:50:00,16,9,29,13,50,750,112,BOULEVARD DE BERCY,48.84,2.3823,Plein jour,En agglomération,Intersection en T,Normale,Deux véhicules - côté,,,,,,,,,,,1,2,3,1,3.0
201600053616,0016-09-30 11:20:00,16,9,30,11,20,750,112,"252, AVENUE DAUMESNIL",48.8371,2.40219,Plein jour,En agglomération,Intersection à plus de 4 branches,Normale,Deux véhicules - côté,,,,,,,,,,,1,2,5,1,3.0
201600053617,0016-10-02 21:25:00,16,10,2,21,25,750,112,"127, RUE DU FAUBOURG SAI",48.8509,2.37774,Nuit avec éclairage allumé,En agglomération,Intersection en X,Normale,Deux véhicules - arrière,,,,,,,,,,,5,2,2,1,2.0
201600053618,0016-10-04 01:22:00,16,10,4,1,22,750,112,PONT D AUSTERLITZ,48.8454,2.36684,Nuit avec éclairage allumé,En agglomération,Place,Normale,Autre collision,,,,,,,,,,,5,2,7,1,6.0
201600053619,0016-10-04 09:30:00,16,10,4,9,30,750,112,RUE DU GENERAL DE LANGLE,48.828,2.39254,Plein jour,En agglomération,Intersection en Y,Normale,Deux véhicules - côté,,,,,,,,,,,1,2,4,1,3.0
201600053620,0016-10-02 03:45:00,16,10,2,3,45,750,112,"40, COURS DE VINCENNES",48.8475,2.40242,Nuit avec éclairage allumé,En agglomération,Hors intersection,Normale,Deux véhicules - arrière,,,,,,,,,,,5,2,1,1,2.0
201600053621,0016-10-05 02:42:00,16,10,5,2,42,750,112,ESPLANADE SAINT LOUIS,48.8402,2.43645,Nuit avec éclairage allumé,En agglomération,Place,Normale,Deux véhicules - arrière,,,,,,,,,,,5,2,7,1,2.0
201600053622,0016-10-06 08:11:00,16,10,6,8,11,750,112,"39, BOULEVARD DIDEROT",48.8465,2.37899,Plein jour,En agglomération,Intersection en X,Normale,Autre collision,,,,,,,,,,,1,2,2,1,6.0
201600053623,0016-10-06 09:50:00,16,10,6,9,50,750,112,"120, RUE DE LYON",48.8515,2.36985,Plein jour,En agglomération,Hors intersection,Normale,Sans collision,,,,,,,,,,,1,2,1,1,7.0
201600053624,0016-10-06 10:34:00,16,10,6,10,34,750,112,"12BIS, RUE THEOPHILE ROU",48.8505,2.3757,Plein jour,En agglomération,Intersection en Y,Normale,Autre collision,,,,,,,,,,,1,2,4,1,6.0
201600053625,0016-10-06 17:24:00,16,10,6,17,24,750,112,RUE DE RAMBOUILLET,48.8443,2.38153,Plein jour,En agglomération,Intersection à plus de 4 branches,Normale,Deux véhicules - côté,,,,,,,,,,,1,2,5,1,3.0
201600053626,0016-10-06 18:05:00,16,10,6,18,5,750,112,"43, BOULEVARD DIDEROT",48.8465,2.37959,Plein jour,En agglomération,Intersection en Y,Normale,Deux véhicules - côté,,,,,,,,,,,1,2,4,1,3.0
201600053627,0016-10-06 21:05:00,16,10,6,21,5,750,112,"20, BOULEVARD PONIATOWSK",48.8294,2.39032,Nuit avec éclairage allumé,En agglomération,Intersection en Y,Normale,Deux véhicules - côté,,,,,,,,,,,5,2,4,1,3.0
201600053628,0016-10-08 21:10:00,16,10,8,21,10,750,112,BOULEVARD PONIATOWSKI,48.8355,2.40668,Nuit avec éclairage allumé,En agglomération,Intersection en X,Normale,Deux véhicules - côté,,,,,,,,,,,5,2,2,1,3.0