accident_id,datetime,annee,mois,jour,heure,minute,departement,commune_insee,adresse,latitude,longitude,luminosite,agglomeration,intersection,meteo,collision,nb_vehicules,nb_usagers,nb_indemnes,nb_tues,nb_blesses_hosp,nb_blesses_legers,age_cond_1,age_cond_2,veh_type_cond_1,veh_type_cond_2,lum_code,agg_code,int_code,atm_code,col_code
201600053629,0016-10-09 20:40:00,16,10,9,20,40,750,112,"97, BOULEVARD DIDEROT",48.8476,2.38907,Nuit avec éclairage allumé,En agglomération,Intersection en T,Normale,Deux véhicules - arrière,,,,,,,,,,,5,2,3,1,2.0
201600053630,0016-10-09 23:05:00,16,10,9,23,5,750,112,"20, AVENUE DAUMESNIL",48.8483,2.37327,Nuit avec éclairage allumé,En agglomération,Hors intersection,Normale,Autre collision,,,,,,,,,,,5,2,1,1,6.0
201600053631,0016-10-09 23:26:00,16,10,9,23,26,750,112,AVENUE DAUMESNIL,48.8341,2.41066,Nuit avec éclairage allumé,En agglomération,Intersection à plus de 4 branches,Normale,Autre collision,,,,,,,,,,,5,2,5,1,6.0
201600053632,0016-10-10 10:40:00,16,10,10,10,40,750,112,"22, RUE DE LYON",48.848,2.37141,Plein jour,En agglomération,Intersection en X,Normale,Deux véhicules - arrière,,,,,,,,,,,1,2,2,1,2.0
201600053633,0016-10-12 13:35:00,16,10,12,13,35,750,112,QUAI DE LA RAPEE,48.8458,2.3676,Plein jour,En agglomération,Intersection en T,Normale,Autre collision,,,,,,,,,,,1,2,3,1,6.0
201600053634,0016-10-12 16:05:00,16,10,12,16,5,750,113,"188, RUE DE TOLBIAC",48.8258,2.35041,Plein jour,En agglomération,Intersection à plus de 4 branches,Normale,Autre collision,,,,,,,,,,,1,2,5,1,6.0
201600053635,0016-10-12 16:40:00,16,10,12,16,40,750,112,"62, QUAI DE LA RAPEE",48.8432,2.37027,Plein jour,En agglomération,Intersection en X,Normale,Autre collision,,,,,,,,,,,1,2,2,1,6.0
201600053636,0016-10-13 08:12:00,16,10,13,8,12,750,112,"117, BOULEVARD PONIATOWS",48.8349,2.40553,Plein jour,En agglomération,Intersection en T,Normale,Deux véhicules - arrière,,,,,,,,,,,1,2,3,1,2.0
201600053637,0016-10-14 15:25:00,16,10,14,15,25,750,112,"42, AVENUE DE SAINT MAND",48.8451,2.40096,Plein jour,En agglomération,Hors intersection,Pluie légère,Sans collision,,,,,,,,,,,1,2,1,2,7.0
201600053638,0016-10-14 19:00:00,16,10,14,19,0,750,112,"210, QUAI DE BERCY",48.8367,2.37825,Nuit avec éclairage allumé,En agglomération,Hors intersection,Pluie légère,Deux véhicules - côté,,,,,,,,,,,5,2,1,2,3.0
201600053639,0016-10-15 14:25:00,16,10,15,14,25,750,112,"116, BOULEVARD DIDEROT",48.8474,2.38675,Plein jour,En agglomération,Intersection en X,Normale,Deux véhicules - côté,,,,,,,,,,,1,2,2,1,3.0
201600053640,0016-10-17 15:15:00,16,10,17,15,15,750,112,"39, AVENUE LEDRU ROLLIN",48.8476,2.37079,Plein jour,En agglomération,Hors intersection,Normale,Autre collision,,,,,,,,,,,1,2,1,1,6.0
201600053641,0016-10-17 16:00:00,16,10,17,16,0,750,112,BOULEVARD PERIPHERIQUE,48.8277,2.39413,Plein jour,En agglomération,Hors intersection,Normale,Autre collision,,,,,,,,,,,1,2,1,1,6.0
201600053642,0016-10-17 18:25:00,16,10,17,18,25,750,112,"45, AVENUE DU DOCTEUR AR",48.8437,2.40547,Crépuscule ou aube,En agglomération,Hors intersection,Normale,Autre collision,,,,,,,,,,,2,2,1,1,6.0
201600053643,0016-10-19 08:10:00,16,10,19,8,10,750,112,QUAI DE LA RAPEE,48.8434,2.37042,Plein jour,En agglomération,Hors intersection,Normale,Autre collision,,,,,,,,,,,1,2,1,1,6.0
201600053644,0016-10-19 12:15:00,16,10,19,12,15,750,112,"2, AVENUE DU TRONE",48.8482,2.39665,Plein jour,En agglomération,Place,Normale,Autre collision,,,,,,,,,,,1,2,7,1,6.0
201600053645,0016-10-20 10:40:00,16,10,20,10,40,750,112,ROUTE DE LA PYRAMIDE,48.8337,2.44537,Plein jour,En agglomération,Place,Temps couvert,Deux véhicules - arrière,,,,,,,,,,,1,2,7,8,2.0
201600053646,0016-10-20 16:00:00,16,10,20,16,0,750,112,RUE DE PICPUS,48.849,2.39198,Plein jour,En agglomération,Intersection à plus de 4 branches,Temps couvert,Autre collision,,,,,,,,,,,1,2,5,8,6.0
201600053647,0016-10-20 22:30:00,16,10,20,22,30,750,112,"42, RUE DU FAUBOURG SAIN",48.8523,2.37236,Nuit avec éclairage allumé,En agglomération,Hors intersection,Normale,Deux véhicules - côté,,,,,,,,,,,5,2,1,1,3.0
201600053648,0016-10-21 08:10:00,16,10,21,8,10,750,112,ROUTE DU PARC,48.8265,2.41972,Crépuscule ou aube,En agglomération,Intersection en Y,Temps couvert,Deux véhicules - arrière,,,,,,,,,,,2,2,4,8,2.0
201600053649,0016-10-21 09:50:00,16,10,21,9,50,750,112,QUAI DE BERCY,48.8367,2.37816,Plein jour,En agglomération,Intersection en Y,Normale,Autre collision,,,,,,,,,,,1,2,4,1,6.0
201600053650,0016-10-21 15:45:00,16,10,21,15,45,750,112,AVENUE DAUMESNIL,48.8375,2.42533,Plein jour,En agglomération,Intersection en X,Normale,Deux véhicules - arrière,,,,,,,,,,,1,2,2,1,2.0
201600053651,0016-10-22 01:10:00,16,10,22,1,10,750,112,RUE CLAUDE DECAEN,48.8346,2.4008,Nuit avec éclairage allumé,En agglomération,Intersection en X,Normale,Sans collision,,,,,,,,,,,5,2,2,1,7.0
201600053652,0016-10-23 00:30:00,16,10,23,0,30,750,112,"96, COURS DE VINCENNES",48.847,2.40802,Nuit avec éclairage allumé,En agglomération,Hors intersection,Normale,Autre collision,,,,,,,,,,,5,2,1,1,6.0
201600053653,0016-10-23 16:55:00,16,10,23,16,55,750,112,BOULEVARD DIDEROT,48.847,2.38376,Plein jour,En agglomération,Intersection en X,Pluie forte,Sans collision,,,,,,,,,,,1,2,2,3,7.0
201600053654,0016-10-28 22:35:00,16,10,28,22,35,750,112,"2, AVENUE DU TRONE",48.8482,2.39665,Nuit avec éclairage allumé,En agglomération,Place,Normale,Autre collision,,,,,,,,,,,5,2,7,1,6.0
201600053655,0016-10-29 01:20:00,16,10,29,1,20,750,112,"4 BIS, RUE DE LYON",48.8467,2.37201,Nuit avec éclairage allumé,En agglomération,Intersection à plus de 4 branches,Normale,Sans collision,,,,,,,,,,,5,2,5,1,7.0
201600053656,0016-10-29 18:55:00,16,10,29,18,55,750,112,"107, RUE DE REUILLY",48.8425,2.39225,Crépuscule ou aube,En agglomération,Hors intersection,Normale,Deux véhicules - côté,,,,,,,,,,,2,2,1,1,3.0
201600053657,0016-10-29 21:15:00,16,10,29,21,15,750,112,RUE DE CHARENTON,48.8374,2.39117,Nuit avec éclairage allumé,En agglomération,Intersection à plus de 4 branches,Normale,Deux véhicules - côté,,,,,,,,,,,5,2,5,1,3.0
201600053658,0016-10-30 14:40:00,16,10,30,14,40,750,112,ROUTE DE LA PYRAMIDE,48.8365,2.44159,Plein jour,En agglomération,Hors intersection,Normale,Deux véhicules - côté,,,,,,,,,,,1,2,1,1,3.0
201600053659,0016-10-31 09:10:00,16,10,31,9,10,750,112,QUAI DE BERCY,48.8353,2.37986,Plein jour,En agglomération,Intersection en Y,Normale,Deux véhicules - arrière,,,,,,,,,,,1,2,4,1,2.0
201600053660,0016-10-31 14:00:00,16,10,31,14,0,750,112,"34, RUE DE BERCY",48.8367,2.38435,Plein jour,En agglomération,Hors intersection,Normale,Autre collision,,,,,,,,,,,1,2,1,1,6.0
201600053661,0016-10-28 13:40:00,16,10,28,13,40,750,112,"12, AVENUE DU GENERAL MI",48.8328,2.39821,Plein jour,En agglomération,Hors intersection,Normale,Deux véhicules - côté,,,,,,,,,,,1,2,1,1,3.0
201600053662,0016-10-31 17:50:00,16,10,31,17,50,750,112,RUE JOSEPH KESSEL,48.8344,2.38366,Nuit avec éclairage allumé,En agglomération,Hors intersection,Normale,Trois véhicules et plus - en chaîne,,,,,,,,,,,5,2,1,1,4.0
201600053663,0016-11-01 19:20:00,16,11,1,19,20,750,112,"108, AVENUE DAUMESNIL",48.8429,2.38452,Nuit avec éclairage allumé,En agglomération,Hors intersection,Normale,Autre collision,,,,,,,,,,,5,2,1,1,6.0
201600053664,0016-11-02 11:00:00,16,11,2,11,0,750,112,"7, PLACE D ALIGRE",48.8487,2.37785,Plein jour,En agglomération,Place,Normale,Autre collision,,,,,,,,,,,1,2,7,1,6.0
201600053665,0016-11-02 18:15:00,16,11,2,18,15,750,112,AVENUE LEDRU ROLLIN,48.8487,2.37253,Nuit avec éclairage allumé,En agglomération,Intersection en X,Normale,Deux véhicules - arrière,,,,,,,,,,,5,2,2,1,2.0
201600053666,0016-11-03 12:05:00,16,11,3,12,5,750,112,"114, RUE DE BERCY",48.8395,2.38006,Plein jour,En agglomération,Hors intersection,Normale,Autre collision,,,,,,,,,,,1,2,1,1,6.0
201600053667,0016-11-04 02:30:00,16,11,4,2,30,750,112,"25, AVENUE DU DOCTEUR AR",48.8425,2.40511,Nuit avec éclairage allumé,En agglomération,Hors intersection,Normale,Autre collision,,,,,,,,,,,5,2,1,1,6.0
201600053668,0016-11-04 13:35:00,16,11,4,13,35,750,111,RUE DU FAUBOURG SAINT AN,48.8501,2.3843,Plein jour,En agglomération,Intersection en X,Pluie légère,Deux véhicules - côté,,,,,,,,,,,1,2,2,2,3.0
201600053669,0016-11-05 05:20:00,16,11,5,5,20,750,112,PLACE DE LA BASTILLE,48.8526,2.36962,Nuit avec éclairage allumé,En agglomération,Place,Pluie légère,Deux véhicules - côté,,,,,,,,,,,5,2,7,2,3.0
201600053670,0016-11-05 18:00:00,16,11,5,18,0,750,112,"98, QUAI DE LA RAPEE",48.846,2.36735,Nuit avec éclairage allumé,En agglomération,Hors intersection,Pluie légère,Sans collision,,,,,,,,,,,5,2,1,2,7.0
201600053671,0016-11-06 00:25:00,16,11,6,0,25,750,112,"94, COURS DE VINCENNES",48.847,2.40784,Nuit avec éclairage non allumé,En agglomération,Hors intersection,Normale,Trois véhicules et plus - en chaîne,,,,,,,,,,,4,2,1,1,4.0
201600053672,0016-11-06 11:30:00,16,11,6,11,30,750,112,QUAI DE BERCY,48.8337,2.38244,Plein jour,En agglomération,Intersection en X,Normale,Deux véhicules - côté,,,,,,,,,,,1,2,2,1,3.0
201600053673,0016-11-06 13:10:00,16,11,6,13,10,750,112,ROUTE DE LA PYRAMIDE,48.8265,2.4551,Plein jour,En agglomération,Hors intersection,Normale,Deux véhicules - arrière,,,,,,,,,,,1,2,1,1,2.0
201600053674,0016-11-06 18:54:00,16,11,6,18,54,750,112,"32, RUE DE LYON",48.8495,2.37072,Nuit avec éclairage allumé,En agglomération,Intersection à plus de 4 branches,Normale,Autre collision,,,,,,,,,,,5,2,5,1,6.0
201600053675,0016-11-07 07:30:00,16,11,7,7,30,750,112,PONT D AUSTERLITZ,48.8452,2.36653,Plein jour,En agglomération,Hors intersection,Pluie forte,Sans collision,,,,,,,,,,,1,2,1,3,7.0
201600053676,0016-11-07 08:35:00,16,11,7,8,35,750,112,QUAI DE LA RAPEE,48.8432,2.37027,Crépuscule ou aube,En agglomération,Intersection en X,Pluie légère,Autre collision,,,,,,,,,,,2,2,2,2,6.0
201600053677,0016-11-07 07:30:00,16,11,7,7,30,750,112,ROUTE DU PARC,48.8265,2.41972,Nuit avec éclairage allumé,En agglomération,Intersection en Y,Pluie forte,Autre collision,,,,,,,,,,,5,2,4,3,6.0
201600053678,0016-11-08 16:05:00,16,11,8,16,5,750,112,"62, QUAI DE LA RAPEE",48.8434,2.37071,Plein jour,En agglomération,Intersection en X,Normale,Deux véhicules - côté,,,,,,,,,,,1,2,2,1,3.0
201600053679,0016-11-08 17:30:00,16,11,8,17,30,750,112,"33, RUE DU SERGENT BAUCH",48.8455,2.39297,Crépuscule ou aube,En agglomération,Hors intersection,Normale,Autre collision,,,,,,,,,,,2,2,1,1,6.0
201600053680,0016-11-08 17:40:00,16,11,8,17,40,750,112,AVENUE DU TREMBLAY,48.8358,2.45314,Crépuscule ou aube,En agglomération,Intersection en X,Normale,Deux véhicules - côté,,,,,,,,,,,2,2,2,1,3.0
201600053681,0016-11-10 09:15:00,16,11,10,9,15,750,112,CARREFOUR DE CONSERVATIO,48.8279,2.41894,Plein jour,En agglomération,Place,Pluie légère,Sans collision,,,,,,,,,,,1,2,7,2,7.0
201600053682,0016-11-10 11:45:00,16,11,10,11,45,750,112,AVENUE DAUMESNIL,48.84,2.43217,Plein jour,En agglomération,Intersection en Y,Pluie légère,Autre collision,,,,,,,,,,,1,2,4,2,6.0
201600053683,0016-11-13 00:20:00,16,11,13,0,20,750,112,AVENUE DE NOGENT,48.8369,2.46814,Nuit avec éclairage allumé,En agglomération,Intersection en Y,Pluie légère,Autre collision,,,,,,,,,,,5,2,4,2,6.0
201600053684,0016-11-14 20:50:00,16,11,14,20,50,750,112,ROUTE DE LA PYRAMIDE,48.8362,2.44203,Nuit avec éclairage allumé,En agglomération,Hors intersection,Normale,Autre collision,,,,,,,,,,,5,2,1,1,6.0
201600053685,0016-11-15 07:25:00,16,11,15,7,25,750,112,"84, RUE DE PICPUS",48.8411,2.39887,Plein jour,En agglomération,Intersection en T,Pluie légère,Deux véhicules - côté,,,,,,,,,,,1,2,3,2,3.0
201600053686,0016-11-16 23:20:00,16,11,16,23,20,750,112,PLACE DE LA BASTILLE,48.8532,2.37022,Nuit avec éclairage allumé,En agglomération,Place,Temps couvert,Autre collision,,,,,,,,,,,5,2,7,8,6.0
201600053687,0016-11-17 06:15:00,16,11,17,6,15,750,112,"20, RUE BARON LE ROY",48.835,2.3876,Nuit avec éclairage allumé,En agglomération,Hors intersection,Normale,Autre collision,,,,,,,,,,,5,2,1,1,6.0
201600053688,0016-11-17 23:35:00,16,11,17,23,35,750,112,RUE DU FAUBOURG SAINT AN,48.8486,2.39435,Nuit avec éclairage allumé,En agglomération,Place,Pluie légère,Autre collision,,,,,,,,,,,5,2,7,2,6.0
201600053689,0016-11-18 09:18:00,16,11,18,9,18,750,112,PONT D AUSTERLITZ,48.8452,2.36653,Plein jour,En agglomération,Hors intersection,Normale,Trois véhicules et plus - en chaîne,,,,,,,,,,,1,2,1,1,4.0
201600053690,0016-11-19 11:45:00,16,11,19,11,45,750,112,"05, RUE MARSOULAN",48.8455,2.40287,Plein jour,En agglomération,Hors intersection,Normale,Autre collision,,,,,,,,,,,1,2,1,1,6.0
201600053691,0016-11-19 20:00:00,16,11,19,20,0,750,112,"52, QUAI DE LA RAPEE",48.8425,2.37159,Nuit avec éclairage allumé,En agglomération,Hors intersection,Normale,Deux véhicules - arrière,,,,,,,,,,,5,2,1,1,2.0
201600053692,0016-11-21 08:10:00,16,11,21,8,10,750,112,"81, AVENUE LEDRU ROLLIN",48.8513,2.37612,Crépuscule ou aube,En agglomération,Intersection en Y,Pluie légère,Autre collision,,,,,,,,,,,2,2,4,2,6.0
201600053693,0016-11-22 11:40:00,16,11,22,11,40,750,112,"2, PLACE DE LA NATION",48.8482,2.39432,Plein jour,En agglomération,Intersection en X,Temps couvert,Deux véhicules - arrière,,,,,,,,,,,1,2,2,8,2.0
201600053694,0016-11-22 18:15:00,16,11,22,18,15,750,112,"210 B, AVENUE DAUMESNIL",48.838,2.39989,Nuit avec éclairage allumé,En agglomération,Hors intersection,Normale,Autre collision,,,,,,,,,,,5,2,1,1,6.0
201600053695,0016-11-23 14:25:00,16,11,23,14,25,750,112,"257, AVENUE DAUMESNIL",48.8365,2.40405,Plein jour,En agglomération,Intersection en T,Normale,Deux véhicules - côté,,,,,,,,,,,1,2,3,1,3.0
201600053696,0016-11-23 17:45:00,16,11,23,17,45,750,112,"10, BOULEVARD PONIATOWSK",48.8294,2.39032,Nuit avec éclairage allumé,En agglomération,Intersection en T,Pluie légère,Deux véhicules - arrière,,,,,,,,,,,5,2,3,2,2.0
201600053697,0016-11-24 17:00:00,16,11,24,17,0,750,112,"59, RUE DE PICPUS",48.8427,2.39747,Crépuscule ou aube,En agglomération,Intersection en X,Normale,Autre collision,,,,,,,,,,,2,2,2,1,6.0
201600053698,0016-11-25 16:20:00,16,11,25,16,20,750,112,BOULEVARD PONIATOWSKI,48.8317,2.3979,Crépuscule ou aube,En agglomération,Intersection à plus de 4 branches,Normale,Deux véhicules - côté,,,,,,,,,,,2,2,5,1,3.0
201600053699,0016-11-25 21:35:00,16,11,25,21,35,750,112,BOULEVARD PERIPHERIQUE E,48.8452,2.41432,Nuit avec éclairage allumé,En agglomération,Hors intersection,Normale,Trois véhicules et plus - en chaîne,,,,,,,,,,,5,2,1,1,4.0
201600053700,0016-11-27 05:10:00,16,11,27,5,10,750,112,"176, RUE DE CHARENTON",48.8441,2.38422,Nuit avec éclairage allumé,En agglomération,Intersection en T,Normale,Autre collision,,,,,,,,,,,5,2,3,1,6.0
201600053701,0016-11-28 15:30:00,16,11,28,15,30,750,112,"123, RUE DE REUILLY",48.8405,2.39465,Plein jour,En agglomération,Hors intersection,Normale,Autre collision,,,,,,,,,,,1,2,1,1,6.0
201600053702,0016-11-28 18:30:00,16,11,28,18,30,750,112,BOULEVARD SOULT,48.8443,2.41032,Nuit avec éclairage allumé,En agglomération,Intersection à plus de 4 branches,Normale,Deux véhicules - côté,,,,,,,,,,,5,2,5,1,3.0
201600053703,0016-11-28 22:00:00,16,11,28,22,0,750,120,BOULEVARD PERIPHERIQUE I,48.8489,2.41485,Nuit avec éclairage allumé,En agglomération,Intersection en Y,Normale,Deux véhicules - arrière,,,,,,,,,,,5,2,4,1,2.0
201600053704,0016-11-29 08:00:00,16,11,29,8,0,750,112,ESPLANADE SAINT LOUIS,48.8405,2.43442,Crépuscule ou aube,En agglomération,Place,Normale,Deux véhicules - côté,,,,,,,,,,,2,2,7,1,3.0
201600053705,0016-11-29 11:15:00,16,11,29,11,15,750,112,"28, BOULEVARD DIDEROT",48.8461,2.37567,Plein jour,En agglomération,Intersection en T,Normale,Autre collision,,,,,,,,,,,1,2,3,1,6.0
201600053706,0016-11-29 20:25:00,16,11,29,20,25,750,112,QUAI DE LA RAPEE,48.8464,2.36685,Nuit avec éclairage allumé,En agglomération,Intersection en Y,Normale,Deux véhicules - côté,,,,,,,,,,,5,2,4,1,3.0
201600053707,0016-12-01 18:45:00,16,12,1,18,45,750,112,"214, AVENUE DAUMESNIL",48.8378,2.40036,Nuit avec éclairage allumé,En agglomération,Hors intersection,Normale,Deux véhicules - côté,,,,,,,,,,,5,2,1,1,3.0
201600053708,0016-12-02 18:30:00,16,12,2,18,30,750,112,"198, RUE DU FAUBOURG SAI",48.8501,2.3843,Plein jour,En agglomération,Intersection à plus de 4 branches,Normale,Autre collision,,,,,,,,,,,1,2,5,1,6.0
201600053709,0016-12-02 21:25:00,16,12,2,21,25,750,112,"1, PLACE FELIX EBOUE",48.8398,2.39504,Nuit avec éclairage allumé,En agglomération,Hors intersection,Normale,Deux véhicules - arrière,,,,,,,,,,,5,2,1,1,2.0
201600053710,0016-12-05 12:45:00,16,12,5,12,45,750,112,BOULEVARD PONIATOWSKI,48.8318,2.39765,Plein jour,En agglomération,Intersection à plus de 4 branches,Normale,Deux véhicules - côté,,,,,,,,,,,1,2,5,1,3.0
201600053711,0016-12-05 14:00:00,16,12,5,14,0,750,112,"25, AVENUE LEDRU ROLLIN",48.8469,2.3694,Plein jour,En agglomération,Intersection en X,Normale,Deux véhicules - côté,,,,,,,,,,,1,2,2,1,3.0
201600053712,0016-12-06 08:45:00,16,12,6,8,45,750,112,"63, RUE DE LYON",48.8507,2.37019,Plein jour,En agglomération,Hors intersection,Normale,Sans collision,,,,,,,,,,,1,2,1,1,7.0
201600053713,0016-12-07 13:45:00,16,12,7,13,45,750,112,AVENUE DU TREMBLAY,48.8298,2.46105,Plein jour,En agglomération,Intersection en X,Normale,Deux véhicules - côté,,,,,,,,,,,1,2,2,1,3.0
201600053714,0016-12-07 17:10:00,16,12,7,17,10,750,112,"121, AVENUE DAUMESNIL",48.8445,2.38105,Nuit avec éclairage allumé,En agglomération,Intersection en X,Normale,Deux véhicules - côté,,,,,,,,,,,5,2,2,1,3.0
201600053715,0016-12-08 12:35:00,16,12,8,12,35,750,112,ROUTE DES FORTIFICATIONS,48.8324,2.40395,Plein jour,En agglomération,Intersection en Y,Normale,Deux véhicules - côté,,,,,,,,,,,1,2,4,1,3.0
201600053716,0016-12-08 13:15:00,16,12,8,13,15,750,112,"75, RUE DE REUILLY",48.8451,2.38925,Plein jour,En agglomération,Place,Normale,Deux véhicules - côté,,,,,,,,,,,1,2,7,1,3.0
201600053717,0016-12-10 15:30:00,16,12,10,15,30,750,112,"105, RUE DE CHARENTON",48.8471,2.37802,Plein jour,En agglomération,Hors intersection,Normale,Autre collision,,,,,,,,,,,1,2,1,1,6.0
201600053718,0016-12-11 10:30:00,16,12,11,10,30,750,112,"80, AVENUE DAUMESNIL",48.8443,2.38153,Plein jour,En agglomération,Intersection à plus de 4 branches,Normale,Autre collision,,,,,,,,,,,1,2,5,1,6.0
201600053719,0016-12-11 11:20:00,16,12,11,11,20,750,112,AVENUE LEDRU ROLLIN,48.848,2.37141,Plein jour,En agglomération,Intersection en X,Normale,Deux véhicules - côté,,,,,,,,,,,1,2,2,1,3.0
201600053720,0016-12-11 23:45:00,16,12,11,23,45,750,112,"28, RUE DE LYON",48.8487,2.37112,Nuit avec éclairage allumé,En agglomération,Hors intersection,Normale,Autre collision,,,,,,,,,,,5,2,1,1,6.0
201600053721,0016-12-12 18:15:00,16,12,12,18,15,750,112,AVENUE DAUMESNIL,48.8367,2.40346,Nuit avec éclairage allumé,En agglomération,Intersection en X,Pluie légère,Deux véhicules - côté,,,,,,,,,,,5,2,2,2,3.0
201600053722,0016-12-13 09:35:00,16,12,13,9,35,750,112,QUAI DE BERCY,48.8353,2.37986,Plein jour,En agglomération,Intersection en T,Normale,Deux véhicules - arrière,,,,,,,,,,,1,2,3,1,2.0
201600053723,0016-12-13 18:20:00,16,12,13,18,20,750,112,"171, AVENUE DAUMESNIL",48.8408,2.39044,Nuit avec éclairage allumé,En agglomération,Hors intersection,Normale,Autre collision,,,,,,,,,,,5,2,1,1,6.0
201600053724,0016-12-14 06:55:00,16,12,14,6,55,750,112,ROUTE DE CEINTURE DU LAC,48.8275,2.41929,Nuit avec éclairage allumé,En agglomération,Place,Normale,Autre collision,,,,,,,,,,,5,2,7,1,6.0
201600053725,0016-12-14 14:25:00,16,12,14,14,25,750,112,"7, RUE DE PRAGUE",48.8491,2.37592,Plein jour,En agglomération,Intersection en X,Normale,Autre collision,,,,,,,,,,,1,2,2,1,6.0
201600053726,0016-12-15 21:20:00,16,12,15,21,20,750,112,BOULEVARD PERIPHERIQUE E,48.8407,2.41368,Nuit avec éclairage allumé,En agglomération,Hors intersection,Normale,Trois véhicules et plus - en chaîne,,,,,,,,,,,5,2,1,1,4.0
201600053727,0016-12-15 23:45:00,16,12,15,23,45,750,112,"54, RUE DU FAUBOURG SAIN",48.852,2.37318,Nuit avec éclairage allumé,En agglomération,Intersection en T,Normale,Deux véhicules - frontale,,,,,,,,,,,5,2,3,1,1.0
201600053728,0016-12-16 23:25:00,16,12,16,23,25,750,112,"102, AVENUE DE SAINT MAN",48.8444,2.40932,Nuit avec éclairage allumé,En agglomération,Hors intersection,Normale,Autre collision,,,,,,,,,,,5,2,1,1,6.0
201600053729,0016-12-17 12:45:00,16,12,17,12,45,750,112,ROUTE DE LA PYRAMIDE,48.8238,2.45763,Plein jour,En agglomération,Place,Normale,Deux véhicules - côté,,,,,,,,,,,1,2,7,1,3.0
201600053730,0016-12-17 14:00:00,16,12,17,14,0,750,112,BOULEVARD DE BERCY,48.8396,2.38446,Plein jour,En agglomération,Hors intersection,Normale,Deux véhicules - côté,,,,,,,,,,,1,2,1,1,3.0
201600053731,0016-12-20 18:45:00,16,12,20,18,45,750,112,"75, RUE DE LYON",48.8517,2.36975,Nuit avec éclairage allumé,En agglomération,Hors intersection,Normale,Autre collision,,,,,,,,,,,5,2,1,1,6.0
201600053732,0016-12-21 19:30:00,16,12,21,19,30,750,112,"20, PLACE DE LA NATION",48.8473,2.39572,Nuit avec éclairage allumé,En agglomération,Place,Pluie légère,Deux véhicules - côté,,,,,,,,,,,5,2,7,2,3.0
201600053733,0016-12-22 07:50:00,16,12,22,7,50,750,112,"34, AVENUE DU DOCTEUR AR",48.8433,2.40537,Crépuscule ou aube,En agglomération,Intersection en T,Pluie forte,Autre collision,,,,,,,,,,,2,2,3,3,6.0
201600053734,0016-12-22 10:25:00,16,12,22,10,25,750,112,"240, RUE DE CHARENTON",48.8387,2.38952,Plein jour,En agglomération,Intersection en X,Normale,Autre collision,,,,,,,,,,,1,2,2,1,6.0
201600053735,0016-12-22 14:00:00,16,12,22,14,0,750,112,"6, AVENUE DE LA PORTE DE",48.8467,2.41195,Plein jour,En agglomération,Hors intersection,Normale,Autre collision,,,,,,,,,,,1,2,1,1,6.0
201600053736,0016-12-22 17:25:00,16,12,22,17,25,750,112,"58, AVENUE DU GENERAL MI",48.8353,2.40165,Nuit avec éclairage allumé,En agglomération,Hors intersection,Normale,Autre collision,,,,,,,,,,,5,2,1,1,6.0
201600053737,0016-12-26 15:25:00,16,12,26,15,25,750,112,QUAI DE BERCY,48.8313,2.38518,Plein jour,En agglomération,Hors intersection,Normale,Trois véhicules et plus - en chaîne,,,,,,,,,,,1,2,1,1,4.0
201600053738,0016-12-26 19:25:00,16,12,26,19,25,750,112,"92, RUE DE REUILLY",48.8423,2.39256,Nuit avec éclairage allumé,En agglomération,Hors intersection,Normale,Deux véhicules - côté,,,,,,,,,,,5,2,1,1,3.0
201600053739,0016-12-27 19:50:00,16,12,27,19,50,750,112,"01, RUE DU RENDEZ VOUS",48.8447,2.40535,Nuit avec éclairage allumé,En agglomération,Intersection en T,Normale,Deux véhicules - arrière,,,,,,,,,,,5,2,3,1,2.0
201600053740,0016-12-28 10:55:00,16,12,28,10,55,750,112,QUAI DE LA RAPEE,48.8407,2.37406,Plein jour,En agglomération,Hors intersection,Normale,Sans collision,,,,,,,,,,,1,2,1,1,7.0
201600053741,0016-12-28 16:28:00,16,12,28,16,28,750,112,QUAI DE BERCY,48.8322,2.38329,Plein jour,En agglomération,Intersection en Y,Normale,Deux véhicules - côté,,,,,,,,,,,1,2,4,1,3.0
201600053742,0016-12-29 18:00:00,16,12,29,18,0,750,112,"30, AVENUE DU BEL AIR",48.8473,2.39685,Nuit avec éclairage allumé,En agglomération,Hors intersection,Normale,Autre collision,,,,,,,,,,,5,2,1,1,6.0
201600053743,0016-12-31 02:05:00,16,12,31,2,5,750,112,BOULEVARD DIDEROT,48.8474,2.38675,Nuit avec éclairage allumé,En agglomération,Intersection en X,Brouillard / fumée,Deux véhicules - côté,,,,,,,,,,,5,2,2,5,3.0
201600053744,0016-01-01 13:55:00,16,1,1,13,55,750,113,"72, BOULEVARD AUGUSTE BL",48.8303,2.34709,Plein jour,En agglomération,Intersection à plus de 4 branches,Normale,Autre collision,,,,,,,,,,,1,2,5,1,6.0
201600053745,0016-01-01 21:05:00,16,1,1,21,5,750,113,"4, AVENUE D ITALIE",48.8305,2.35598,Nuit avec éclairage allumé,En agglomération,Hors intersection,Pluie légère,Autre collision,,,,,,,,,,,5,2,1,2,6.0
201600053746,0016-01-04 14:30:00,16,1,4,14,30,750,113,"15, RUE DE TOLBIAC",48.8293,2.37449,Plein jour,En agglomération,Hors intersection,Normale,Deux véhicules - côté,,,,,,,,,,,1,2,1,1,3.0
201600053747,0016-01-05 11:50:00,16,1,5,11,50,750,113,"141, BOULEVARD VINCENT A",48.8328,2.36203,Plein jour,En agglomération,Intersection en X,Normale,Autre collision,,,,,,,,,,,1,2,2,1,6.0