accident_id,datetime,annee,mois,jour,heure,minute,departement,commune_insee,adresse,latitude,longitude,luminosite,agglomeration,intersection,meteo,collision,nb_vehicules,nb_usagers,nb_indemnes,nb_tues,nb_blesses_hosp,nb_blesses_legers,age_cond_1,age_cond_2,veh_type_cond_1,veh_type_cond_2,lum_code,agg_code,int_code,atm_code,col_code
201600053988,0016-09-14 20:10:00,16,9,14,20,10,750,113,"34, RUE DE LA GLACIERE",48.8342,2.3448,Plein jour,En agglomération,Intersection en X,Pluie légère,Autre collision,,,,,,,,,,,1,2,2,2,6.0
201600053989,0016-09-15 07:50:00,16,9,15,7,50,750,113,AVENUE DE LA PORTE D ITA,48.8185,2.35963,Plein jour,En agglomération,Hors intersection,Pluie légère,Autre collision,,,,,,,,,,,1,2,1,2,6.0
201600053990,0016-09-16 11:05:00,16,9,16,11,5,750,113,"83, BOULEVARD DE L HOPIT",48.8387,2.36085,Plein jour,En agglomération,Hors intersection,Pluie légère,Autre collision,,,,,,,,,,,1,2,1,2,6.0
201600053991,0016-09-16 14:45:00,16,9,16,14,45,750,113,RUE BRILLAT SAVARIN,48.8218,2.35164,Plein jour,En agglomération,Hors intersection,Normale,Deux véhicules - arrière,,,,,,,,,,,1,2,1,1,2.0
201600053992,0016-09-16 17:45:00,16,9,16,17,45,750,113,"42, AVENUE DES GOBELINS",48.8352,2.35294,Plein jour,En agglomération,Hors intersection,Normale,Deux véhicules - côté,,,,,,,,,,,1,2,1,1,3.0
201600053993,0016-09-19 17:50:00,16,9,19,17,50,750,113,"52, BOULEVARD VINCENT AU",48.835,2.36798,Plein jour,En agglomération,Hors intersection,Normale,Autre collision,,,,,,,,,,,1,2,1,1,6.0
201600053994,0016-09-22 18:10:00,16,9,22,18,10,750,113,"127, AVENUE D ITALIE",48.8216,2.35874,Plein jour,En agglomération,Hors intersection,Normale,Deux véhicules - côté,,,,,,,,,,,1,2,1,1,3.0
201600053995,0016-09-22 20:00:00,16,9,22,20,0,750,113,"56, AVENUE DE FRANCE",48.8273,2.38158,Nuit avec éclairage allumé,En agglomération,Hors intersection,Normale,Deux véhicules - arrière,,,,,,,,,,,5,2,1,1,2.0
201600053996,0016-09-22 21:35:00,16,9,22,21,35,750,113,"29, BOULEVARD ARAGO",48.8356,2.34825,Nuit avec éclairage allumé,En agglomération,Intersection en X,Normale,Deux véhicules - côté,,,,,,,,,,,5,2,2,1,3.0
201600053997,0016-09-21 23:00:00,16,9,21,23,0,750,113,"30, RUE DU CHEVALERET",48.8274,2.37715,Nuit avec éclairage allumé,En agglomération,Hors intersection,Normale,Autre collision,,,,,,,,,,,5,2,1,1,6.0
201600053998,0016-09-23 12:05:00,16,9,23,12,5,750,113,"93, AVENUE D IVRY",48.825,2.36226,Plein jour,En agglomération,Hors intersection,Normale,Deux véhicules - arrière,,,,,,,,,,,1,2,1,1,2.0
201600053999,0016-09-24 03:25:00,16,9,24,3,25,750,105,"92, BOULEVARD SAINT GERM",48.8511,2.34442,Nuit avec éclairage allumé,En agglomération,Intersection en T,Normale,Autre collision,,,,,,,,,,,5,2,3,1,6.0
201600054000,0016-09-24 05:40:00,16,9,24,5,40,750,113,"217, RUE DE TOLBIAC",48.8258,2.34653,Nuit avec éclairage allumé,En agglomération,Intersection en X,Normale,Deux véhicules - arrière,,,,,,,,,,,5,2,2,1,2.0
201600054001,0016-09-24 12:00:00,16,9,24,12,0,750,113,"97, QUAI D AUSTERLITZ",48.8429,2.36654,Plein jour,En agglomération,Hors intersection,Normale,Autre collision,,,,,,,,,,,1,2,1,1,6.0
201600054002,0016-09-26 12:45:00,16,9,26,12,45,750,113,BOULEVARD VINCENT AURIOL,48.8309,2.35665,Plein jour,En agglomération,Hors intersection,Normale,Autre collision,,,,,,,,,,,1,2,1,1,6.0
201600054003,0016-09-26 22:55:00,16,9,26,22,55,750,113,"34, BOULEVARD KELLERMANN",48.8209,2.35487,Nuit avec éclairage allumé,En agglomération,Intersection en T,Normale,Autre collision,,,,,,,,,,,5,2,3,1,6.0
201600054004,0016-09-29 18:00:00,16,9,29,18,0,750,113,BOULEVARD DU GENERAL JEA,48.8258,2.38199,Plein jour,En agglomération,Intersection en X,Normale,Deux véhicules - côté,,,,,,,,,,,1,2,2,1,3.0
201600054005,0016-09-29 20:40:00,16,9,29,20,40,750,113,"84, RUE BAUDRICOURT",48.8244,2.3622,Nuit avec éclairage allumé,En agglomération,Hors intersection,Normale,Deux véhicules - arrière,,,,,,,,,,,5,2,1,1,2.0
201600054006,0016-09-30 00:05:00,16,9,30,0,5,750,113,"193, RUE DE TOLBIAC",48.8258,2.35041,Nuit avec éclairage allumé,En agglomération,Intersection à plus de 4 branches,Normale,Deux véhicules - côté,,,,,,,,,,,5,2,5,1,3.0
201600054007,0016-09-30 16:50:00,16,9,30,16,50,750,113,"32, RUE DE RUNGIS",48.8217,2.34351,Plein jour,En agglomération,Hors intersection,Temps couvert,Deux véhicules - côté,,,,,,,,,,,1,2,1,8,3.0
201600054008,0016-10-02 06:55:00,16,10,2,6,55,750,113,"2, RUE NEUVE TOLBIAC",48.8323,2.37979,Plein jour,En agglomération,Intersection en X,Normale,Deux véhicules - côté,,,,,,,,,,,1,2,2,1,3.0
201600054009,0016-10-02 19:00:00,16,10,2,19,0,750,113,BOULEVARD MASSENA,48.8189,2.35952,Crépuscule ou aube,En agglomération,Intersection en X,Normale,Autre collision,,,,,,,,,,,2,2,2,1,6.0
201600054010,0016-10-04 10:00:00,16,10,4,10,0,750,113,"96, RUE DE TOLBIAC",48.8266,2.36354,Plein jour,En agglomération,Intersection à plus de 4 branches,Normale,Autre collision,,,,,,,,,,,1,2,5,1,6.0
201600054011,0016-10-04 20:30:00,16,10,4,20,30,750,113,"33, BOULEVARD KELLERMANN",48.8209,2.35487,Nuit avec éclairage allumé,En agglomération,Intersection en Y,Normale,Autre collision,,,,,,,,,,,5,2,4,1,6.0
201600054012,0016-10-04 23:50:00,16,10,4,23,50,750,113,PONT NATIONAL,48.8276,2.38631,Nuit avec éclairage allumé,En agglomération,Hors intersection,Normale,Autre collision,,,,,,,,,,,5,2,1,1,6.0
201600054013,0016-10-05 09:15:00,16,10,5,9,15,750,113,"20 BIS, BOULEVARD ARAGO",48.8356,2.34825,Plein jour,En agglomération,Intersection en T,Normale,Deux véhicules - côté,,,,,,,,,,,1,2,3,1,3.0
201600054014,0016-10-06 06:47:00,16,10,6,6,47,750,113,"72, AVENUE DES GOBELINS",48.8325,2.35483,Nuit avec éclairage allumé,En agglomération,Hors intersection,Normale,Autre collision,,,,,,,,,,,5,2,1,1,6.0
201600054015,0016-10-06 18:10:00,16,10,6,18,10,750,113,"1, PLACE VALHUBERT",48.844,2.36474,Plein jour,En agglomération,Place,Normale,Deux véhicules - côté,,,,,,,,,,,1,2,7,1,3.0
201600054016,0016-10-06 20:00:00,16,10,6,20,0,750,113,RUE DES PEUPLIERS,48.8216,2.35255,Nuit avec éclairage allumé,En agglomération,Intersection en T,Normale,Autre collision,,,,,,,,,,,5,2,3,1,6.0
201600054017,0016-10-09 19:50:00,16,10,9,19,50,750,113,BOULEVARD MASSENA,48.8205,2.366,Nuit avec éclairage allumé,En agglomération,Intersection en T,Normale,Deux véhicules - arrière,,,,,,,,,,,5,2,3,1,2.0
201600054018,0016-10-10 16:55:00,16,10,10,16,55,750,113,"1, PLACE VALHUBERT",48.8437,2.36457,Plein jour,En agglomération,Place,Pluie légère,Autre collision,,,,,,,,,,,1,2,7,2,6.0
201600054019,0016-10-10 17:30:00,16,10,10,17,30,750,113,"138, RUE DE TOLBIAC",48.8262,2.35766,Plein jour,En agglomération,Hors intersection,Pluie forte,Autre collision,,,,,,,,,,,1,2,1,3,6.0
201600054020,0016-10-10 21:15:00,16,10,10,21,15,750,113,"56, BOULEVARD DE PORT RO",48.8375,2.34631,Nuit avec éclairage allumé,En agglomération,Intersection en T,Normale,Deux véhicules - frontale,,,,,,,,,,,5,2,3,1,1.0
201600054021,0016-10-10 22:20:00,16,10,10,22,20,750,113,"8, QUAI D IVRY",48.827,2.38605,Nuit avec éclairage allumé,En agglomération,Intersection à plus de 4 branches,Normale,Deux véhicules - côté,,,,,,,,,,,5,2,5,1,3.0
201600054022,0016-10-11 11:30:00,16,10,11,11,30,750,113,"63, BOULEVARD KELLERMANN",48.8209,2.35076,Plein jour,En agglomération,Intersection en X,Normale,Deux véhicules - côté,,,,,,,,,,,1,2,2,1,3.0
201600054023,0016-10-11 18:20:00,16,10,11,18,20,750,113,"22, RUE DUCHEFDELAVILLE",48.8312,2.36913,Crépuscule ou aube,En agglomération,Intersection en T,Normale,Deux véhicules - côté,,,,,,,,,,,2,2,3,1,3.0
201600054024,0016-10-12 09:53:00,16,10,12,9,53,750,113,"118, RUE DU CHATEAU DES",48.8285,2.36692,Plein jour,En agglomération,Hors intersection,Normale,Deux véhicules - côté,,,,,,,,,,,1,2,1,1,3.0
201600054025,0016-10-12 15:00:00,16,10,12,15,0,750,113,"8, RUE ELSA MORANTE",48.8276,2.38125,Plein jour,En agglomération,Intersection en X,Normale,Deux véhicules - côté,,,,,,,,,,,1,2,2,1,3.0
201600054026,0016-10-13 19:00:00,16,10,13,19,0,750,113,"15, AVENUE DE CHOISY",48.821,2.36401,Crépuscule ou aube,En agglomération,Hors intersection,Normale,Autre collision,,,,,,,,,,,2,2,1,1,6.0
201600054027,0016-10-15 02:00:00,16,10,15,2,0,750,113,AVENUE DE FRANCE,48.8326,2.37493,Nuit avec éclairage allumé,En agglomération,Hors intersection,Temps couvert,Deux véhicules - arrière,,,,,,,,,,,5,2,1,8,2.0
201600054028,0016-10-16 16:45:00,16,10,16,16,45,750,113,"18, RUE RAYMOND ARON",48.8351,2.37418,Plein jour,En agglomération,Hors intersection,Normale,Autre collision,,,,,,,,,,,1,2,1,1,6.0
201600054029,0016-10-17 02:00:00,16,10,17,2,0,750,113,"104, BOULEVARD DE L HOPI",48.8359,2.35874,Nuit avec éclairage allumé,En agglomération,Intersection en T,Normale,Deux véhicules - côté,,,,,,,,,,,5,2,3,1,3.0
201600054030,0016-10-19 08:55:00,16,10,19,8,55,750,113,"29, RUE BARRAULT",48.8279,2.34723,Plein jour,En agglomération,Intersection en T,Normale,Autre collision,,,,,,,,,,,1,2,3,1,6.0
201600054031,0016-10-19 14:08:00,16,10,19,14,8,750,113,"01, BOULEVARD DE L HOPIT",48.8437,2.36457,Plein jour,En agglomération,Place,Normale,Autre collision,,,,,,,,,,,1,2,7,1,6.0
201600054032,0016-10-19 21:25:00,16,10,19,21,25,750,113,"208, RUE DE TOLBIAC",48.8258,2.34653,Nuit avec éclairage allumé,En agglomération,Intersection en X,Normale,Autre collision,,,,,,,,,,,5,2,2,1,6.0
201600054033,0016-10-19 21:10:00,16,10,19,21,10,750,113,BOULEVARD PERIPHERIQUE E,48.8207,2.37685,Nuit avec éclairage allumé,En agglomération,Hors intersection,Normale,Deux véhicules - côté,,,,,,,,,,,5,2,1,1,3.0
201600054034,0016-10-20 10:16:00,16,10,20,10,16,750,113,"21, RUE MARIE ANDREE LAG",48.8289,2.37986,Plein jour,En agglomération,Intersection en X,Normale,Autre collision,,,,,,,,,,,1,2,2,1,6.0
201600054035,0016-10-20 16:10:00,16,10,20,16,10,750,113,"25, RUE DE TOLBIAC",48.8288,2.37349,Plein jour,En agglomération,Hors intersection,Pluie légère,Deux véhicules - côté,,,,,,,,,,,1,2,1,2,3.0
201600054036,0016-10-21 12:40:00,16,10,21,12,40,750,113,"13, QUAI FRANCOIS MAURIA",48.833,2.37872,Plein jour,En agglomération,Intersection en T,Normale,Deux véhicules - côté,,,,,,,,,,,1,2,3,1,3.0
201600054037,0016-10-21 16:05:00,16,10,21,16,5,750,114,"17, AVENUE PIERRE DE COU",48.8174,2.34402,Plein jour,En agglomération,Intersection en Y,Pluie légère,Trois véhicules et plus - en chaîne,,,,,,,,,,,1,2,4,2,4.0
201600054038,0016-10-22 02:14:00,16,10,22,2,14,750,113,"/, AVENUE DE LA PORTE DE",48.8174,2.36676,Nuit avec éclairage allumé,En agglomération,Hors intersection,Normale,Autre collision,,,,,,,,,,,5,2,1,1,6.0
201600054039,0016-10-23 11:15:00,16,10,23,11,15,750,113,"7, BOULEVARD DU GENERAL",48.824,2.37702,Plein jour,En agglomération,Intersection en X,Normale,Autre collision,,,,,,,,,,,1,2,2,1,6.0
201600054040,0016-10-24 12:45:00,16,10,24,12,45,750,113,BOULEVARD MASSENA,48.8201,2.36468,Plein jour,En agglomération,Intersection en X,Pluie légère,Sans collision,,,,,,,,,,,1,2,2,2,7.0
201600054041,0016-10-24 16:10:00,16,10,24,16,10,750,113,"32, RUE BRILLAT SAVARIN",48.8222,2.34728,Plein jour,En agglomération,Intersection en T,Pluie légère,Deux véhicules - arrière,,,,,,,,,,,1,2,3,2,2.0
201600054042,0016-10-25 11:15:00,16,10,25,11,15,750,113,BOULEVARD AUGUSTE BLANQU,48.8303,2.34582,Plein jour,En agglomération,Intersection en X,Vent fort / tempête,Trois véhicules et plus - collisions multiples,,,,,,,,,,,1,2,2,6,5.0
201600054043,0016-10-25 15:05:00,16,10,25,15,5,750,113,"03, BOULEVARD DE L HOPIT",48.8433,2.36427,Plein jour,En agglomération,Intersection en Y,Normale,Autre collision,,,,,,,,,,,1,2,4,1,6.0
201600054044,0016-10-26 11:15:00,16,10,26,11,15,750,113,"50, BOULEVARD DE L HOPIT",48.8391,2.36115,Plein jour,En agglomération,Intersection en Y,Normale,Deux véhicules - côté,,,,,,,,,,,1,2,4,1,3.0
201600054045,0016-10-28 22:25:00,16,10,28,22,25,750,113,"168, AVENUE DE CHOISY",48.829,2.35763,Nuit avec éclairage allumé,En agglomération,Intersection en T,Normale,Deux véhicules - côté,,,,,,,,,,,5,2,3,1,3.0
201600054046,0016-10-30 04:30:00,16,10,30,4,30,750,113,QUAI FRANCOIS MAURIAC,48.8353,2.37584,Nuit avec éclairage allumé,En agglomération,Hors intersection,Normale,Deux véhicules - arrière,,,,,,,,,,,5,2,1,1,2.0
201600054047,0016-10-30 05:30:00,16,10,30,5,30,750,113,QUAI D IVRY,48.8257,2.38758,Nuit avec éclairage allumé,En agglomération,Intersection en Y,Normale,Autre collision,,,,,,,,,,,5,2,4,1,6.0
201600054048,0016-10-31 03:40:00,16,10,31,3,40,750,113,"36, AVENUE DE LA PORTE D",48.8201,2.36468,Nuit avec éclairage allumé,En agglomération,Intersection en X,Normale,Deux véhicules - côté,,,,,,,,,,,5,2,2,1,3.0
201600054049,0016-11-01 16:00:00,16,11,1,16,0,750,113,BOULEVARD AUGUSTE BLANQU,48.8308,2.34412,Plein jour,En agglomération,Intersection à plus de 4 branches,Normale,Autre collision,,,,,,,,,,,1,2,5,1,6.0
201600054050,0016-11-02 11:00:00,16,11,2,11,0,750,113,RUE DU VAL DE MARNE,48.8176,2.35328,Plein jour,En agglomération,Intersection en T,Normale,Deux véhicules - arrière,,,,,,,,,,,1,2,3,1,2.0
201600054051,0016-11-02 18:20:00,16,11,2,18,20,750,113,"156, AVENUE D ITALIE",48.8222,2.35854,Nuit avec éclairage allumé,En agglomération,Intersection en X,Normale,Autre collision,,,,,,,,,,,5,2,2,1,6.0
201600054052,0016-11-02 18:50:00,16,11,2,18,50,750,113,"23, RUE WATT",48.8262,2.3781,Nuit avec éclairage allumé,En agglomération,Intersection en X,Normale,Autre collision,,,,,,,,,,,5,2,2,1,6.0
201600054053,0016-11-02 22:00:00,16,11,2,22,0,750,113,AVENUE DE LA PORTE DE CH,48.8189,2.36565,Nuit avec éclairage allumé,En agglomération,Place,Normale,Deux véhicules - côté,,,,,,,,,,,5,2,7,1,3.0
201600054054,0016-11-03 07:05:00,16,11,3,7,5,750,113,AVENUE DE LA PORTE D ITA,48.8189,2.35952,Plein jour,En agglomération,Intersection en X,Normale,Deux véhicules - côté,,,,,,,,,,,1,2,2,1,3.0
201600054055,0016-11-03 09:30:00,16,11,3,9,30,750,113,RUE DE LA POTERNE DES PE,48.8193,2.35328,Plein jour,En agglomération,Intersection en X,Normale,Deux véhicules - arrière,,,,,,,,,,,1,2,2,1,2.0
201600054056,0016-11-03 13:50:00,16,11,3,13,50,750,113,"146, BOULEVARD DE L HOPI",48.8328,2.35649,Plein jour,En agglomération,Intersection en X,Normale,Autre collision,,,,,,,,,,,1,2,2,1,6.0
201600054057,0016-11-04 22:00:00,16,11,4,22,0,750,113,"07, BOULEVARD DE L HOPIT",48.8421,2.3634,Nuit avec éclairage allumé,En agglomération,Hors intersection,Pluie légère,Autre collision,,,,,,,,,,,5,2,1,2,6.0
201600054058,0016-11-05 01:50:00,16,11,5,1,50,750,111,"24, AVENUE DE LA REPUBLI",48.8661,2.37014,Nuit avec éclairage allumé,En agglomération,Intersection en X,Pluie légère,Deux véhicules - côté,,,,,,,,,,,5,2,2,2,3.0
201600054059,0016-11-05 20:50:00,16,11,5,20,50,750,113,RUE REGNAULT,48.8229,2.3687,Nuit avec éclairage allumé,En agglomération,Intersection en X,Pluie légère,Deux véhicules - côté,,,,,,,,,,,5,2,2,2,3.0
201600054060,0016-11-05 22:25:00,16,11,5,22,25,750,113,RUE DE TOLBIAC,48.8306,2.37679,Nuit avec éclairage allumé,En agglomération,Intersection en X,Normale,Deux véhicules - côté,,,,,,,,,,,5,2,2,1,3.0
201600054061,0016-11-06 02:20:00,16,11,6,2,20,750,113,"74, BOULEVARD MASSENA",48.8216,2.36923,Nuit avec éclairage allumé,En agglomération,Intersection à plus de 4 branches,Normale,Autre collision,,,,,,,,,,,5,2,5,1,6.0
201600054062,0016-11-07 07:50:00,16,11,7,7,50,750,113,AVENUE DE LA PORTE D IVR,48.8194,2.37362,Plein jour,En agglomération,Intersection en T,Neige / grêle,Trois véhicules et plus - en chaîne,,,,,,,,,,,1,2,3,4,4.0
201600054063,0016-11-07 13:35:00,16,11,7,13,35,750,113,"92, AVENUE D IVRY",48.8253,2.36181,Plein jour,En agglomération,Hors intersection,Pluie légère,Autre collision,,,,,,,,,,,1,2,1,2,6.0
201600054064,0016-11-07 14:45:00,16,11,7,14,45,750,113,"81, AVENUE DE CHOISY",48.8237,2.36185,Plein jour,En agglomération,Intersection à plus de 4 branches,Pluie légère,Autre collision,,,,,,,,,,,1,2,5,2,6.0
201600054065,0016-11-07 18:10:00,16,11,7,18,10,750,113,"29, RUE NEUVE TOLBIAC",48.8306,2.37679,Nuit avec éclairage allumé,En agglomération,Intersection en X,Pluie légère,Autre collision,,,,,,,,,,,5,2,2,2,6.0
201600054066,0016-11-09 14:20:00,16,11,9,14,20,750,113,"10, RUE DE TOLBIAC",48.8299,2.37545,Plein jour,En agglomération,Intersection en X,Pluie légère,Deux véhicules - arrière,,,,,,,,,,,1,2,2,2,2.0
201600054067,0016-11-09 15:50:00,16,11,9,15,50,750,113,"73, BOULEVARD VINCENT AU",48.8348,2.36796,Plein jour,En agglomération,Hors intersection,Pluie forte,Trois véhicules et plus - en chaîne,,,,,,,,,,,1,2,1,3,4.0
201600054068,0016-11-10 11:00:00,16,11,10,11,0,750,113,"91, QUAI PANHARD ET LEVA",48.8323,2.37979,Plein jour,En agglomération,Intersection en X,Normale,Deux véhicules - côté,,,,,,,,,,,1,2,2,1,3.0
201600054069,0016-11-11 19:35:00,16,11,11,19,35,750,113,RUE BRUNESEAU,48.8245,2.3873,Nuit avec éclairage allumé,En agglomération,Hors intersection,Normale,Deux véhicules - côté,,,,,,,,,,,5,2,1,1,3.0
201600054070,0016-11-13 15:40:00,16,11,13,15,40,750,113,"20, BOULEVARD VINCENT AU",48.8367,2.37183,Plein jour,En agglomération,Intersection en X,Temps couvert,Autre collision,,,,,,,,,,,1,2,2,8,6.0
201600054071,0016-11-13 19:50:00,16,11,13,19,50,750,113,RUE DE PATAY,48.8277,2.37136,Nuit avec éclairage allumé,En agglomération,Intersection à plus de 4 branches,Pluie légère,Deux véhicules - côté,,,,,,,,,,,5,2,5,2,3.0
201600054072,0016-11-14 22:15:00,16,11,14,22,15,750,113,"30, RUE BARRAULT",48.8279,2.34723,Nuit avec éclairage allumé,En agglomération,Intersection en T,Normale,Autre collision,,,,,,,,,,,5,2,3,1,6.0
201600054073,0016-11-15 05:30:00,16,11,15,5,30,750,113,"90-94, RUE DE LA GLACIER",48.8299,2.34366,Nuit avec éclairage allumé,En agglomération,Hors intersection,Pluie légère,Deux véhicules - côté,,,,,,,,,,,5,2,1,2,3.0
201600054074,0016-11-15 23:30:00,16,11,15,23,30,750,113,"31, BOULEVARD AUGUSTE BL",48.8304,2.35271,Nuit avec éclairage allumé,En agglomération,Intersection à plus de 4 branches,Pluie légère,Sans collision,,,,,,,,,,,5,2,5,2,7.0
201600054075,0016-11-16 07:10:00,16,11,16,7,10,750,113,"50/52, BOULEVARD VINCENT",48.8351,2.36815,Crépuscule ou aube,En agglomération,Hors intersection,Pluie légère,Deux véhicules - côté,,,,,,,,,,,2,2,1,2,3.0
201600054076,0016-11-17 18:20:00,16,11,17,18,20,750,113,"8, RUE BRILLAT SAVARIN",48.8218,2.35164,Nuit avec éclairage allumé,En agglomération,Hors intersection,Normale,Autre collision,,,,,,,,,,,5,2,1,1,6.0
201600054077,0016-11-18 09:10:00,16,11,18,9,10,750,113,"31, BOULEVARD ARAGO",48.8356,2.34825,Plein jour,En agglomération,Intersection en T,Normale,Deux véhicules - arrière,,,,,,,,,,,1,2,3,1,2.0
201600054078,0016-11-18 12:05:00,16,11,18,12,5,750,113,"43, BOULEVARD DE L HOPIT",48.8407,2.36235,Plein jour,En agglomération,Hors intersection,Normale,Autre collision,,,,,,,,,,,1,2,1,1,6.0
201600054079,0016-11-18 15:15:00,16,11,18,15,15,750,113,BOULEVARD DU GENERAL JEA,48.8255,2.38116,Plein jour,En agglomération,Hors intersection,Normale,Deux véhicules - arrière,,,,,,,,,,,1,2,1,1,2.0
201600054080,0016-11-18 16:50:00,16,11,18,16,50,750,113,RUE DE TOLBIAC,48.8268,2.36523,Plein jour,En agglomération,Hors intersection,Normale,Deux véhicules - arrière,,,,,,,,,,,1,2,1,1,2.0
201600054081,0016-11-19 13:21:00,16,11,19,13,21,750,113,"13, AVENUE D ITALIE",48.8295,2.35628,Plein jour,En agglomération,Hors intersection,Normale,Deux véhicules - côté,,,,,,,,,,,1,2,1,1,3.0
201600054082,0016-11-21 05:10:00,16,11,21,5,10,750,113,BOULEVARD AUGUSTE BLANQU,48.8308,2.34412,Nuit avec éclairage allumé,En agglomération,Intersection en X,Pluie légère,Autre collision,,,,,,,,,,,5,2,2,2,6.0
201600054083,0016-11-23 08:00:00,16,11,23,8,0,750,113,"107, RUE DE TOLBIAC",48.8266,2.36354,Plein jour,En agglomération,Intersection en X,Normale,Sans collision,,,,,,,,,,,1,2,2,1,7.0
201600054084,0016-11-24 15:45:00,16,11,24,15,45,750,113,"155, BOULEVARD DE L HOPI",48.8332,2.35679,Plein jour,En agglomération,Intersection en X,Normale,Autre collision,,,,,,,,,,,1,2,2,1,6.0
201600054085,0016-11-25 01:00:00,16,11,25,1,0,750,113,AVENUE DE LA PORTE D ITA,48.8189,2.35952,Nuit avec éclairage allumé,En agglomération,Intersection à plus de 4 branches,Normale,Autre collision,,,,,,,,,,,5,2,5,1,6.0
201600054086,0016-11-25 08:50:00,16,11,25,8,50,750,113,"128, BOULEVARD VINCENT A",48.833,2.36181,Plein jour,En agglomération,Intersection à plus de 4 branches,Normale,Autre collision,,,,,,,,,,,1,2,5,1,6.0
201600054087,0016-11-27 10:50:00,16,11,27,10,50,750,113,"01, RUE DU TAGE",48.8222,2.35854,Plein jour,En agglomération,Intersection en X,Normale,Autre collision,,,,,,,,,,,1,2,2,1,6.0
201600054088,0016-11-27 12:30:00,16,11,27,12,30,750,113,"85, QUAI D AUSTERLITZ",48.8432,2.36615,Plein jour,En agglomération,Intersection en X,Normale,Deux véhicules - côté,,,,,,,,,,,1,2,2,1,3.0
201600054089,0016-11-28 07:45:00,16,11,28,7,45,750,113,"39, BOULEVARD SAINT MARC",48.8385,2.3573,Plein jour,En agglomération,Hors intersection,Normale,Autre collision,,,,,,,,,,,1,2,1,1,6.0
201600054090,0016-11-30 08:25:00,16,11,30,8,25,750,113,"129 BIS, RUE DE TOLBIAC",48.8262,2.3608,Plein jour,En agglomération,Hors intersection,Normale,Autre collision,,,,,,,,,,,1,2,1,1,6.0
201600054091,0016-12-01 08:45:00,16,12,1,8,45,750,113,BOULEVARD VINCENT AURIOL,48.8335,2.36334,Plein jour,En agglomération,Intersection à plus de 4 branches,Normale,Deux véhicules - côté,,,,,,,,,,,1,2,5,1,3.0
201600054092,0016-12-01 10:23:00,16,12,1,10,23,750,113,"15 BIS, RUE DE TOLBIAC",48.8293,2.37449,Plein jour,En agglomération,Hors intersection,Normale,Deux véhicules - côté,,,,,,,,,,,1,2,1,1,3.0
201600054093,0016-12-01 23:45:00,16,12,1,23,45,750,113,AVENUE DE LA PORTE D ITA,48.8189,2.35952,Nuit sans éclairage public,En agglomération,Intersection en X,Normale,Deux véhicules - côté,,,,,,,,,,,3,2,2,1,3.0
201600054094,0016-12-04 17:30:00,16,12,4,17,30,750,114,BOULEVARD PERIPHERIQUE,48.8167,2.34169,Nuit avec éclairage allumé,En agglomération,Hors intersection,Normale,Deux véhicules - côté,,,,,,,,,,,5,2,1,1,3.0
201600054095,0016-12-06 10:40:00,16,12,6,10,40,750,113,"173, RUE DE TOLBIAC",48.826,2.35364,Plein jour,En agglomération,Intersection en X,Normale,Autre collision,,,,,,,,,,,1,2,2,1,6.0
201600054096,0016-12-06 18:19:00,16,12,6,18,19,750,113,RUE NEUVE TOLBIAC,48.8323,2.37979,Nuit avec éclairage allumé,En agglomération,Intersection en X,Normale,Autre collision,,,,,,,,,,,5,2,2,1,6.0
201600054097,0016-12-07 17:40:00,16,12,7,17,40,750,113,"57, RUE VERGNIAUD",48.8259,2.34515,Nuit avec éclairage allumé,En agglomération,Intersection en X,Normale,Autre collision,,,,,,,,,,,5,2,2,1,6.0
201600054098,0016-12-08 19:05:00,16,12,8,19,5,750,113,RUE DE TOLBIAC,48.8262,2.35988,Nuit avec éclairage allumé,En agglomération,Intersection à plus de 4 branches,Normale,Deux véhicules - côté,,,,,,,,,,,5,2,5,1,3.0
201600054099,0016-12-12 16:05:00,16,12,12,16,5,750,113,"135, BOULEVARD VINCENT A",48.8333,2.36357,Plein jour,En agglomération,Intersection à plus de 4 branches,Pluie légère,Autre collision,,,,,,,,,,,1,2,5,2,6.0
201600054100,0016-12-13 20:15:00,16,12,13,20,15,750,113,"46, BOULEVARD MASSENA",48.8229,2.37315,Nuit avec éclairage allumé,En agglomération,Intersection en X,Normale,Deux véhicules - côté,,,,,,,,,,,5,2,2,1,3.0
201600054101,0016-12-13 21:15:00,16,12,13,21,15,750,113,RUE DE TOLBIAC,48.8258,2.35041,Nuit avec éclairage allumé,En agglomération,Intersection à plus de 4 branches,Normale,Deux véhicules - côté,,,,,,,,,,,5,2,5,1,3.0
201600054102,0016-12-14 11:15:00,16,12,14,11,15,750,113,"/, AVENUE DES GOBELINS",48.8334,2.35423,Plein jour,En agglomération,Intersection en X,Normale,Autre collision,,,,,,,,,,,1,2,2,1,6.0
201600054103,0016-12-14 18:40:00,16,12,14,18,40,750,113,"16, RUE OLIVIER MESSIAEN",48.8305,2.37835,Nuit avec éclairage allumé,En agglomération,Intersection en X,Normale,Deux véhicules - côté,,,,,,,,,,,5,2,2,1,3.0
201600054104,0016-12-14 20:45:00,16,12,14,20,45,750,113,"204, RUE DE TOLBIAC",48.8257,2.34718,Nuit avec éclairage allumé,En agglomération,Intersection en X,Normale,Deux véhicules - côté,,,,,,,,,,,5,2,2,1,3.0
201600054105,0016-12-15 18:00:00,16,12,15,18,0,750,113,"90, RUE DE TOLBIAC",48.8268,2.36469,Crépuscule ou aube,En agglomération,Hors intersection,Normale,Autre collision,,,,,,,,,,,2,2,1,1,6.0