accident_id,datetime,annee,mois,jour,heure,minute,departement,commune_insee,adresse,latitude,longitude,luminosite,agglomeration,intersection,meteo,collision,nb_vehicules,nb_usagers,nb_indemnes,nb_tues,nb_blesses_hosp,nb_blesses_legers,age_cond_1,age_cond_2,veh_type_cond_1,veh_type_cond_2,lum_code,agg_code,int_code,atm_code,col_code
201600054226,0016-06-11 00:23:00,16,6,11,0,23,750,114,"147, RUE D ALESIA",48.8301,2.32036,Nuit avec éclairage allumé,En agglomération,Intersection en T,Normale,Autre collision,,,,,,,,,,,5,2,3,1,6.0
201600054227,0016-06-13 02:30:00,16,6,13,2,30,750,114,"1, PLACE DU VINGT CINQ A",48.8232,2.32552,Nuit avec éclairage allumé,En agglomération,Intersection en X,Normale,Deux véhicules - côté,,,,,,,,,,,5,2,2,1,3.0
201600054228,0016-06-14 10:45:00,16,6,14,10,45,750,114,"37, RUE DE L OUEST",48.8365,2.32014,Plein jour,En agglomération,Intersection en X,Normale,Deux véhicules - côté,,,,,,,,,,,1,2,2,1,3.0
201600054229,0016-06-14 11:49:00,16,6,14,11,49,750,114,"83, BOULEVARD ARAGO",48.8346,2.33696,Plein jour,En agglomération,Intersection en X,Normale,Autre collision,,,,,,,,,,,1,2,2,1,6.0
201600054230,0016-06-14 14:30:00,16,6,14,14,30,750,114,"86, BOULEVARD ARAGO",48.8348,2.34097,Plein jour,En agglomération,Hors intersection,Normale,Deux véhicules - côté,,,,,,,,,,,1,2,1,1,3.0
201600054231,0016-06-15 08:15:00,16,6,15,8,15,750,114,"5, BOULEVARD SAINT JACQU",48.8317,2.34069,Plein jour,En agglomération,Hors intersection,Pluie légère,Sans collision,,,,,,,,,,,1,2,1,2,7.0
201600054232,0016-06-16 13:45:00,16,6,16,13,45,750,114,"96-100, AVENUE DU MAINE",48.8373,2.323,Plein jour,En agglomération,Hors intersection,Pluie légère,Deux véhicules - arrière,,,,,,,,,,,1,2,1,2,2.0
201600054233,0016-06-17 16:00:00,16,6,17,16,0,750,114,"74, BOULEVARD EDGAR QUIN",48.842,2.32272,Plein jour,En agglomération,Intersection en T,Normale,Autre collision,,,,,,,,,,,1,2,3,1,6.0
201600054234,0016-06-19 13:10:00,16,6,19,13,10,750,107,"47, QUAI D ORSAY",48.8624,2.30951,Plein jour,En agglomération,Hors intersection,Normale,Deux véhicules - côté,,,,,,,,,,,1,2,1,1,3.0
201600054235,0016-06-19 14:25:00,16,6,19,14,25,750,114,"168, RUE D ALESIA",48.8318,2.31413,Plein jour,En agglomération,Intersection en X,Normale,Autre collision,,,,,,,,,,,1,2,2,1,6.0
201600054236,0016-06-20 23:35:00,16,6,20,23,35,750,114,"86, BOULEVARD DU MONTPAR",48.8431,2.32635,Nuit avec éclairage allumé,En agglomération,Intersection en X,Normale,Autre collision,,,,,,,,,,,5,2,2,1,6.0
201600054237,0016-06-22 01:15:00,16,6,22,1,15,750,114,"05, AVENUE DU GENERAL LE",48.8332,2.33149,Nuit avec éclairage allumé,En agglomération,Intersection en T,Normale,Deux véhicules - arrière,,,,,,,,,,,5,2,3,1,2.0
201600054238,0016-06-22 13:45:00,16,6,22,13,45,750,114,"22, RUE DU PERE CORENTIN",48.8261,2.33074,Plein jour,En agglomération,Intersection en X,Normale,Sans collision,,,,,,,,,,,1,2,2,1,7.0
201600054239,0016-06-22 19:45:00,16,6,22,19,45,750,114,RUE DE L OUEST,48.8365,2.32014,Plein jour,En agglomération,Intersection en X,Normale,Deux véhicules - côté,,,,,,,,,,,1,2,2,1,3.0
201600054240,0016-06-26 19:41:00,16,6,26,19,41,750,114,PORTE D ORLEANS,48.8204,2.32542,Plein jour,En agglomération,Intersection en X,Normale,Deux véhicules - côté,,,,,,,,,,,1,2,2,1,3.0
201600054241,0016-06-27 06:30:00,16,6,27,6,30,750,114,AVENUE DE L OBSERVATOIRE,48.8386,2.33665,Plein jour,En agglomération,Intersection en Y,Pluie légère,Autre collision,,,,,,,,,,,1,2,4,2,6.0
201600054242,0016-06-27 14:50:00,16,6,27,14,50,750,114,"215, BOULEVARD RASPAIL",48.8405,2.33009,Plein jour,En agglomération,Intersection en T,Normale,Deux véhicules - côté,,,,,,,,,,,1,2,3,1,3.0
201600054243,0016-06-29 02:15:00,16,6,29,2,15,750,114,"96, AVENUE DU MAINE",48.8377,2.32284,Nuit avec éclairage allumé,En agglomération,Intersection à plus de 4 branches,Normale,Autre collision,,,,,,,,,,,5,2,5,1,6.0
201600054244,0016-06-29 18:45:00,16,6,29,18,45,750,114,"92, RUE D ALESIA",48.8289,2.3236,Plein jour,En agglomération,Hors intersection,Normale,Autre collision,,,,,,,,,,,1,2,1,1,6.0
201600054245,0016-06-30 09:45:00,16,6,30,9,45,750,114,"108, RUE DIDOT",48.8265,2.31318,Plein jour,En agglomération,Hors intersection,Normale,Deux véhicules - côté,,,,,,,,,,,1,2,1,1,3.0
201600054246,0016-06-30 19:40:00,16,6,30,19,40,750,114,"125, RUE D ALESIA",48.8293,2.32262,Plein jour,En agglomération,Intersection en X,Normale,Deux véhicules - côté,,,,,,,,,,,1,2,2,1,3.0
201600054247,0016-07-02 09:45:00,16,7,2,9,45,750,114,RUE RAYMOND LOSSERAND,48.8351,2.32028,Plein jour,En agglomération,Intersection en X,Normale,Sans collision,,,,,,,,,,,1,2,2,1,7.0
201600054248,0016-07-02 18:30:00,16,7,2,18,30,750,114,PLACE DENFERT ROCHEREAU,48.8333,2.33284,Plein jour,En agglomération,Place,Normale,Deux véhicules - frontale,,,,,,,,,,,1,2,7,1,1.0
201600054249,0016-07-05 17:20:00,16,7,5,17,20,750,114,"6, RUE DU COMMANDANT REN",48.8398,2.32137,Plein jour,En agglomération,Intersection en X,Normale,Autre collision,,,,,,,,,,,1,2,2,1,6.0
201600054250,0016-07-06 15:40:00,16,7,6,15,40,750,114,"1, RUE DU FAUBOURG SAINT",48.8389,2.33968,Plein jour,En agglomération,Intersection en X,Normale,Autre collision,,,,,,,,,,,1,2,2,1,6.0
201600054251,0016-07-07 16:05:00,16,7,7,16,5,750,114,"141, AVENUE DU MAINE",48.8341,2.32427,Plein jour,En agglomération,Intersection en Y,Normale,Deux véhicules - côté,,,,,,,,,,,1,2,4,1,3.0
201600054252,0016-07-09 12:00:00,16,7,9,12,0,750,114,"12, AVENUE PAUL APPELL",48.8216,2.3276,Plein jour,En agglomération,Hors intersection,Normale,Autre collision,,,,,,,,,,,1,2,1,1,6.0
201600054253,0016-07-08 19:00:00,16,7,8,19,0,750,107,QUAI D ORSAY,48.8628,2.31163,Plein jour,En agglomération,Place,Normale,Deux véhicules - arrière,,,,,,,,,,,1,2,7,1,2.0
201600054254,0016-07-10 12:50:00,16,7,10,12,50,750,114,BOULEVARD BRUNE,48.826,2.31255,Plein jour,En agglomération,Intersection en X,Normale,Autre collision,,,,,,,,,,,1,2,2,1,6.0
201600054255,0016-07-10 22:23:00,16,7,10,22,23,750,115,"232, RUE DE VAUGIRARD",48.8404,2.30425,Nuit avec éclairage allumé,En agglomération,Intersection en X,Normale,Deux véhicules - côté,,,,,,,,,,,5,2,2,1,3.0
201600054256,0016-07-13 14:54:00,16,7,13,14,54,750,114,"16, RUE D ALESIA",48.8278,2.3325,Plein jour,En agglomération,Intersection à plus de 4 branches,Normale,Deux véhicules - côté,,,,,,,,,,,1,2,5,1,3.0
201600054257,0016-07-13 16:35:00,16,7,13,16,35,750,114,"183, RUE D ALESIA",48.8312,2.31678,Plein jour,En agglomération,Hors intersection,Normale,Autre collision,,,,,,,,,,,1,2,1,1,6.0
201600054258,0016-07-13 19:20:00,16,7,13,19,20,750,114,"23, AVENUE REILLE",48.8246,2.33984,Plein jour,En agglomération,Intersection à plus de 4 branches,Normale,Autre collision,,,,,,,,,,,1,2,5,1,6.0
201600054259,0016-07-14 04:00:00,16,7,14,4,0,750,114,PLACE DE LA PORTE DE VAN,48.8268,2.30391,Nuit sans éclairage public,En agglomération,Place,Normale,Sans collision,,,,,,,,,,,3,2,7,1,7.0
201600054260,0016-07-15 20:40:00,16,7,15,20,40,750,114,"1, AVENUE DE LA PORTE DE",48.8224,2.3144,Plein jour,En agglomération,Intersection en Y,Normale,Autre collision,,,,,,,,,,,1,2,4,1,6.0
201600054261,0016-07-18 16:55:00,16,7,18,16,55,750,114,"76, RUE DU PERE CORENTIN",48.8233,2.32681,Plein jour,En agglomération,Intersection en T,Normale,Deux véhicules - côté,,,,,,,,,,,1,2,3,1,3.0
201600054262,0016-07-18 19:10:00,16,7,18,19,10,750,114,"7, BOULEVARD JOURDAN",48.8197,2.34223,Plein jour,En agglomération,Hors intersection,Normale,Deux véhicules - côté,,,,,,,,,,,1,2,1,1,3.0
201600054263,0016-07-18 13:00:00,16,7,18,13,0,750,114,"53, BOULEVARD SAINT JACQ",48.833,2.33597,Plein jour,En agglomération,Intersection en X,Normale,Autre collision,,,,,,,,,,,1,2,2,1,6.0
201600054264,0016-07-19 10:35:00,16,7,19,10,35,750,114,"108, RUE DIDOT",48.8263,2.31301,Plein jour,En agglomération,Intersection en T,Normale,Autre collision,,,,,,,,,,,1,2,3,1,6.0
201600054265,0016-07-19 16:50:00,16,7,19,16,50,750,114,"70, BOULEVARD BRUNE",48.8256,2.31466,Plein jour,En agglomération,Hors intersection,Normale,Autre collision,,,,,,,,,,,1,2,1,1,6.0
201600054266,0016-07-20 10:30:00,16,7,20,10,30,750,114,BOULEVARD PERIPHERIQUE,48.8222,2.31628,Plein jour,En agglomération,Hors intersection,Normale,Autre collision,,,,,,,,,,,1,2,1,1,6.0
201600054267,0016-07-22 05:50:00,16,7,22,5,50,750,114,"68, AVENUE DU GENERAL LE",48.8296,2.32833,Crépuscule ou aube,En agglomération,Intersection en X,Normale,Sans collision,,,,,,,,,,,2,2,2,1,7.0
201600054268,0016-07-23 10:40:00,16,7,23,10,40,750,114,BOULEVARD PERIPHERIQUE,48.8235,2.30989,Plein jour,En agglomération,Hors intersection,Normale,Trois véhicules et plus - en chaîne,,,,,,,,,,,1,2,1,1,4.0
201600054269,0016-07-25 08:16:00,16,7,25,8,16,750,114,"41-45, BOULEVARD ROMAIN",48.8202,2.32399,Plein jour,En agglomération,Intersection à plus de 4 branches,Normale,Deux véhicules - côté,,,,,,,,,,,1,2,5,1,3.0
201600054270,0016-07-25 19:10:00,16,7,25,19,10,750,114,BOULEVARD PERIPHERIQUE,48.8187,2.33184,Plein jour,En agglomération,Hors intersection,Normale,Deux véhicules - côté,,,,,,,,,,,1,2,1,1,3.0
201600054271,0016-07-26 19:30:00,16,7,26,19,30,750,114,"00, RUE EMILE FAGUET",48.8209,2.32991,Plein jour,En agglomération,Intersection en X,Normale,Deux véhicules - côté,,,,,,,,,,,1,2,2,1,3.0
201600054272,0016-07-26 19:55:00,16,7,26,19,55,750,114,"51, RUE DU MONTPARNASSE",48.8423,2.32575,Plein jour,En agglomération,Hors intersection,Normale,Autre collision,,,,,,,,,,,1,2,1,1,6.0
201600054273,0016-07-27 20:20:00,16,7,27,20,20,750,114,"18, AVENUE DU GENERAL LE",48.8322,2.33061,Crépuscule ou aube,En agglomération,Intersection en T,Normale,Deux véhicules - côté,,,,,,,,,,,2,2,3,1,3.0
201600054274,0016-07-31 18:55:00,16,7,31,18,55,750,114,PLACE DENFERT ROCHEREAU,48.8333,2.33284,Plein jour,En agglomération,Place,Normale,Sans collision,,,,,,,,,,,1,2,7,1,7.0
201600054275,0016-07-31 22:15:00,16,7,31,22,15,750,114,RUE DE LA TOMBE ISSOIRE,48.833,2.33597,Nuit avec éclairage allumé,En agglomération,Intersection en X,Normale,Sans collision,,,,,,,,,,,5,2,2,1,7.0
201600054276,0016-08-03 11:00:00,16,8,3,11,0,750,114,"70, BOULEVARD DU MONTPAR",48.8435,2.32493,Plein jour,En agglomération,Hors intersection,Normale,Autre collision,,,,,,,,,,,1,2,1,1,6.0
201600054277,0016-08-04 19:00:00,16,8,4,19,0,750,114,"91 BIS, RUE D ALESIA",48.828,2.32625,Plein jour,En agglomération,Hors intersection,Normale,Autre collision,,,,,,,,,,,1,2,1,1,6.0
201600054278,0016-08-05 23:20:00,16,8,5,23,20,750,114,"71, AVENUE DU GENERAL LE",48.8288,2.32769,Nuit avec éclairage allumé,En agglomération,Intersection en Y,Normale,Trois véhicules et plus - en chaîne,,,,,,,,,,,5,2,4,1,4.0
201600054279,0016-08-10 14:45:00,16,8,10,14,45,750,114,"17, RUE FROIDEVAUX",48.8354,2.3292,Plein jour,En agglomération,Intersection en T,Normale,Deux véhicules - côté,,,,,,,,,,,1,2,3,1,3.0
201600054280,0016-08-12 22:40:00,16,8,12,22,40,750,114,"3, RUE DU DEPART",48.8434,2.32414,Nuit avec éclairage allumé,En agglomération,Intersection à plus de 4 branches,Normale,Deux véhicules - arrière,,,,,,,,,,,5,2,5,1,2.0
201600054281,0016-08-15 09:30:00,16,8,15,9,30,750,114,"178, AVENUE DU MAINE",48.8325,2.32498,Plein jour,En agglomération,Intersection en X,Normale,Deux véhicules - côté,,,,,,,,,,,1,2,2,1,3.0
201600054282,0016-08-16 15:55:00,16,8,16,15,55,750,107,"241, BOULEVARD SAINT GER",48.8617,2.32011,Plein jour,En agglomération,Hors intersection,Temps éblouissant,Autre collision,,,,,,,,,,,1,2,1,7,6.0
201600054283,0016-08-20 19:30:00,16,8,20,19,30,750,114,"1, BOULEVARD BRUNE",48.8277,2.3053,Crépuscule ou aube,En agglomération,Intersection à plus de 4 branches,Temps éblouissant,Autre collision,,,,,,,,,,,2,2,5,7,6.0
201600054284,0016-08-23 14:15:00,16,8,23,14,15,750,114,"63, BOULEVARD JOURDAN",48.8222,2.33042,Plein jour,En agglomération,Intersection en X,Normale,Deux véhicules - côté,,,,,,,,,,,1,2,2,1,3.0
201600054285,0016-08-25 16:30:00,16,8,25,16,30,750,114,"171, AVENUE DU MAINE",48.8316,2.32529,Plein jour,En agglomération,Hors intersection,Normale,Deux véhicules - arrière,,,,,,,,,,,1,2,1,1,2.0
201600054286,0016-08-26 10:00:00,16,8,26,10,0,750,114,"56, AVENUE RENE COTY",48.8257,2.33546,Plein jour,En agglomération,Hors intersection,Normale,Deux véhicules - côté,,,,,,,,,,,1,2,1,1,3.0
201600054287,0016-08-29 17:40:00,16,8,29,17,40,750,114,PLACE VICTOR ET HELENE B,48.8281,2.32689,Plein jour,En agglomération,Place,Normale,Deux véhicules - côté,,,,,,,,,,,1,2,7,1,3.0
201600054288,0016-09-02 11:38:00,16,9,2,11,38,750,114,"7, BOULEVARD JOURDAN",48.8197,2.34223,Plein jour,En agglomération,Hors intersection,Normale,Autre collision,,,,,,,,,,,1,2,1,1,6.0
201600054289,0016-09-03 18:55:00,16,9,3,18,55,750,114,"1, RUE DE LA LEGION ETRA",48.822,2.32532,Plein jour,En agglomération,Place,Normale,Deux véhicules - côté,,,,,,,,,,,1,2,7,1,3.0
201600054290,0016-09-04 18:30:00,16,9,4,18,30,750,114,"179, BOULEVARD BRUNE",48.8237,2.32336,Plein jour,En agglomération,Hors intersection,Normale,Deux véhicules - côté,,,,,,,,,,,1,2,1,1,3.0
201600054291,0016-09-05 08:15:00,16,9,5,8,15,750,114,"148, BOULEVARD DU MONTPA",48.8406,2.33381,Plein jour,En agglomération,Intersection en T,Pluie légère,Autre collision,,,,,,,,,,,1,2,3,2,6.0
201600054292,0016-09-05 21:30:00,16,9,5,21,30,750,114,"87, AVENUE PAUL VAILLANT",48.8167,2.33427,Nuit avec éclairage allumé,En agglomération,Hors intersection,Temps couvert,Deux véhicules - côté,,,,,,,,,,,5,2,1,8,3.0
201600054293,0016-09-09 19:00:00,16,9,9,19,0,750,114,"80, RUE DE L AMIRAL MOUC",48.821,2.34288,Plein jour,En agglomération,Hors intersection,Normale,Deux véhicules - arrière,,,,,,,,,,,1,2,1,1,2.0
201600054294,0016-09-10 10:10:00,16,9,10,10,10,750,115,"110, RUE CASTAGNARY",48.8301,2.30571,Plein jour,En agglomération,Hors intersection,Normale,Deux véhicules - arrière,,,,,,,,,,,1,2,1,1,2.0
201600054295,0016-09-10 20:00:00,16,9,10,20,0,750,114,BOULEVARD DU MONTPARNASS,48.8431,2.32635,Nuit avec éclairage allumé,En agglomération,Intersection en X,Normale,Deux véhicules - côté,,,,,,,,,,,5,2,2,1,3.0
201600054296,0016-09-11 04:50:00,16,9,11,4,50,750,114,"24, AVENUE JEAN MOULIN",48.8269,2.3246,Nuit avec éclairage allumé,En agglomération,Hors intersection,Pluie légère,Sans collision,,,,,,,,,,,5,2,1,2,7.0
201600054297,0016-09-12 07:55:00,16,9,12,7,55,750,114,"113, AVENUE PAUL VAILLAN",48.8167,2.33439,Plein jour,En agglomération,Hors intersection,Normale,Autre collision,,,,,,,,,,,1,2,1,1,6.0
201600054298,0016-09-12 14:45:00,16,9,12,14,45,750,114,"18, RUE NANSOUTY",48.8227,2.33516,Plein jour,En agglomération,Intersection en T,Normale,Deux véhicules - côté,,,,,,,,,,,1,2,3,1,3.0
201600054299,0016-09-13 17:15:00,16,9,13,17,15,750,114,"110, AVENUE DU GENERAL L",48.8258,2.32611,Plein jour,En agglomération,Hors intersection,Normale,Deux véhicules - arrière,,,,,,,,,,,1,2,1,1,2.0
201600054300,0016-09-14 17:10:00,16,9,14,17,10,750,114,"203, RUE RAYMOND LOSSERA",48.8289,2.30784,Plein jour,En agglomération,Hors intersection,Normale,Autre collision,,,,,,,,,,,1,2,1,1,6.0
201600054301,0016-09-14 17:00:00,16,9,14,17,0,750,114,RUE DE L OUEST,48.8365,2.32014,Plein jour,En agglomération,Intersection en X,Normale,Deux véhicules - côté,,,,,,,,,,,1,2,2,1,3.0
201600054302,0016-09-15 08:25:00,16,9,15,8,25,750,115,PLACE CHARLES MICHELS,48.8465,2.28538,Plein jour,En agglomération,Place,Pluie légère,Autre collision,,,,,,,,,,,1,2,7,2,6.0
201600054303,0016-09-15 10:05:00,16,9,15,10,5,750,114,PLACE DENFERT ROCHEREAU,48.8344,2.33242,Plein jour,En agglomération,Place,Pluie légère,Deux véhicules - arrière,,,,,,,,,,,1,2,7,2,2.0
201600054304,0016-09-17 01:20:00,16,9,17,1,20,750,114,PORTE D ORLEANS,48.8211,2.32542,Nuit avec éclairage allumé,En agglomération,Hors intersection,Pluie légère,Deux véhicules - côté,,,,,,,,,,,5,2,1,2,3.0
201600054305,0016-09-19 10:45:00,16,9,19,10,45,750,114,"85, AVENUE DU MAINE",48.838,2.32281,Plein jour,En agglomération,Hors intersection,Normale,Sans collision,,,,,,,,,,,1,2,1,1,7.0
201600054306,0016-09-20 18:45:00,16,9,20,18,45,750,114,"172, RUE D ALESIA",48.8318,2.31413,Plein jour,En agglomération,Intersection en X,Normale,Autre collision,,,,,,,,,,,1,2,2,1,6.0
201600054307,0016-09-21 12:00:00,16,9,21,12,0,750,114,AVENUE RENE COTY,48.8315,2.33327,Plein jour,En agglomération,Hors intersection,Normale,Sans collision,,,,,,,,,,,1,2,1,1,7.0
201600054308,0016-09-21 14:15:00,16,9,21,14,15,750,114,", RUE AUGUSTE MIE",48.8368,2.32319,Plein jour,En agglomération,Intersection en Y,Normale,Autre collision,,,,,,,,,,,1,2,4,1,6.0
201600054309,0016-09-21 17:50:00,16,9,21,17,50,750,114,BOULEVARD PERIPHERIQUE I,48.8215,2.31884,Plein jour,En agglomération,Hors intersection,Normale,Deux véhicules - arrière,,,,,,,,,,,1,2,1,1,2.0
201600054310,0016-09-22 09:10:00,16,9,22,9,10,750,114,"15, BOULEVARD BRUNE",48.8275,2.30644,Plein jour,En agglomération,Hors intersection,Normale,Autre collision,,,,,,,,,,,1,2,1,1,6.0
201600054311,0016-09-22 14:40:00,16,9,22,14,40,750,114,"84, BOULEVARD DU MONTPAR",48.8431,2.32635,Plein jour,En agglomération,Intersection en X,Normale,Autre collision,,,,,,,,,,,1,2,2,1,6.0
201600054312,0016-09-23 12:50:00,16,9,23,12,50,750,114,"4, BOULEVARD BRUNE",48.8277,2.3053,Plein jour,En agglomération,Intersection en X,Normale,Deux véhicules - côté,,,,,,,,,,,1,2,2,1,3.0
201600054313,0016-09-23 14:05:00,16,9,23,14,5,750,114,"109, AVENUE DU MAINE",48.8362,2.32347,Plein jour,En agglomération,Hors intersection,Normale,Deux véhicules - arrière,,,,,,,,,,,1,2,1,1,2.0
201600054314,0016-09-25 06:00:00,16,9,25,6,0,750,114,"3, AVENUE DE LA PORTE D",48.8204,2.32542,Nuit avec éclairage allumé,En agglomération,Intersection en X,Normale,Autre collision,,,,,,,,,,,5,2,2,1,6.0
201600054315,0016-09-27 16:30:00,16,9,27,16,30,750,114,PLACE DENFERT ROCHEREAU,48.8344,2.33242,Plein jour,En agglomération,Place,Normale,Deux véhicules - côté,,,,,,,,,,,1,2,7,1,3.0
201600054316,0016-09-30 10:15:00,16,9,30,10,15,750,114,"2, RUE ALPHONSE DAUDET",48.8261,2.32891,Plein jour,En agglomération,Intersection en X,Normale,Autre collision,,,,,,,,,,,1,2,2,1,6.0
201600054317,0016-10-03 17:00:00,16,10,3,17,0,750,114,"142, AVENUE DU GENERAL L",48.8232,2.32552,Plein jour,En agglomération,Intersection à plus de 4 branches,Normale,Autre collision,,,,,,,,,,,1,2,5,1,6.0
201600054318,0016-10-03 17:20:00,16,10,3,17,20,750,115,RUE LECOURBE,48.8353,2.28099,Plein jour,En agglomération,Intersection en T,Normale,Deux véhicules - arrière,,,,,,,,,,,1,2,3,1,2.0
201600054319,0016-10-04 09:35:00,16,10,4,9,35,750,114,AVENUE DU GENERAL LECLER,48.8304,2.32902,Plein jour,En agglomération,Hors intersection,Normale,Autre collision,,,,,,,,,,,1,2,1,1,6.0
201600054320,0016-10-04 09:20:00,16,10,4,9,20,750,114,"115, BOULEVARD JOURDAN",48.8229,2.32718,Plein jour,En agglomération,Hors intersection,Normale,Deux véhicules - côté,,,,,,,,,,,1,2,1,1,3.0
201600054321,0016-10-04 18:00:00,16,10,4,18,0,750,114,AVENUE DENFERT ROCHEREAU,48.8377,2.33556,Plein jour,En agglomération,Intersection en T,Normale,Autre collision,,,,,,,,,,,1,2,3,1,6.0
201600054322,0016-10-06 17:30:00,16,10,6,17,30,750,115,"13, BOULEVARD VICTOR",48.8349,2.28249,Plein jour,En agglomération,Hors intersection,Normale,Sans collision,,,,,,,,,,,1,2,1,1,7.0
201600054323,0016-10-08 10:10:00,16,10,8,10,10,750,114,"44, BOULEVARD SAINT JACQ",48.8331,2.337,Plein jour,En agglomération,Hors intersection,Normale,Autre collision,,,,,,,,,,,1,2,1,1,6.0
201600054324,0016-10-09 14:30:00,16,10,9,14,30,750,114,"110, RUE RAYMOND LOSSERA",48.8323,2.31505,Plein jour,En agglomération,Intersection en T,Normale,Deux véhicules - côté,,,,,,,,,,,1,2,3,1,3.0
201600054325,0016-10-09 17:30:00,16,10,9,17,30,750,114,AVENUE DE LA PORTE DE MO,48.8227,2.32263,Plein jour,En agglomération,Intersection en X,Normale,Deux véhicules - côté,,,,,,,,,,,1,2,2,1,3.0
201600054326,0016-10-09 20:20:00,16,10,9,20,20,750,114,"121, AVENUE DU GENERAL L",48.8241,2.32573,Nuit avec éclairage allumé,En agglomération,Hors intersection,Normale,Trois véhicules et plus - en chaîne,,,,,,,,,,,5,2,1,1,4.0
201600054327,0016-10-10 13:30:00,16,10,10,13,30,750,114,"3, BOULEVARD EDGAR QUINE",48.8402,2.32759,Plein jour,En agglomération,Intersection en X,Normale,Autre collision,,,,,,,,,,,1,2,2,1,6.0
201600054328,0016-10-11 11:45:00,16,10,11,11,45,750,107,AVENUE DU MARECHAL GALLI,48.86,2.31305,Plein jour,En agglomération,Intersection en X,Normale,Autre collision,,,,,,,,,,,1,2,2,1,6.0
201600054329,0016-10-11 17:55:00,16,10,11,17,55,750,114,"11 BIS, RUE D ALESIA",48.8271,2.33722,Plein jour,En agglomération,Hors intersection,Normale,Autre collision,,,,,,,,,,,1,2,1,1,6.0
201600054330,0016-10-11 18:00:00,16,10,11,18,0,750,114,"20, RUE VERCINGETORIX",48.8374,2.31943,Plein jour,En agglomération,Intersection en T,Normale,Autre collision,,,,,,,,,,,1,2,3,1,6.0
201600054331,0016-10-12 08:50:00,16,10,12,8,50,750,115,"5, RUE FRANCOIS BONVIN",48.8458,2.30512,Plein jour,En agglomération,Hors intersection,Normale,Deux véhicules - côté,,,,,,,,,,,1,2,1,1,3.0
201600054332,0016-10-13 08:25:00,16,10,13,8,25,750,114,"1, AVENUE PIERRE MASSE",48.8178,2.33347,Plein jour,En agglomération,Hors intersection,Normale,Sans collision,,,,,,,,,,,1,2,1,1,7.0
201600054333,0016-10-13 23:00:00,16,10,13,23,0,750,114,"16 BIS, AVENUE JEAN MOUL",48.8271,2.32497,Nuit avec éclairage allumé,En agglomération,Intersection en X,Pluie légère,Deux véhicules - arrière,,,,,,,,,,,5,2,2,2,2.0
201600054334,0016-10-14 17:24:00,16,10,14,17,24,750,114,"27, RUE DU DEPART",48.842,2.32272,Plein jour,En agglomération,Intersection en T,Pluie légère,Deux véhicules - arrière,,,,,,,,,,,1,2,3,2,2.0
201600054335,0016-10-14 21:35:00,16,10,14,21,35,750,114,"39, AVENUE REILLE",48.824,2.33416,Nuit avec éclairage allumé,En agglomération,Hors intersection,Pluie forte,Deux véhicules - côté,,,,,,,,,,,5,2,1,3,3.0
201600054336,0016-10-14 23:50:00,16,10,14,23,50,750,114,"82, BOULEVARD DU MONTPAR",48.8431,2.32635,Nuit avec éclairage allumé,En agglomération,Intersection en X,Normale,Deux véhicules - côté,,,,,,,,,,,5,2,2,1,3.0
201600054337,0016-10-15 00:25:00,16,10,15,0,25,750,114,"47, AVENUE RENE COTY",48.8265,2.33545,Nuit avec éclairage allumé,En agglomération,Intersection en T,Pluie légère,Sans collision,,,,,,,,,,,5,2,3,2,7.0
201600054338,0016-10-15 06:20:00,16,10,15,6,20,750,114,"47, AVENUE RENE COTY",48.8265,2.33545,Nuit avec éclairage allumé,En agglomération,Intersection en T,Pluie légère,Autre collision,,,,,,,,,,,5,2,3,2,6.0
201600054339,0016-10-18 14:10:00,16,10,18,14,10,750,114,"174, AVENUE DU MAINE",48.8325,2.32498,Plein jour,En agglomération,Intersection en X,Normale,Deux véhicules - côté,,,,,,,,,,,1,2,2,1,3.0
201600054340,0016-10-18 19:10:00,16,10,18,19,10,750,115,QUAI ANDRE CITROEN,48.845,2.27606,Nuit avec éclairage allumé,En agglomération,Intersection en Y,Pluie légère,Deux véhicules - arrière,,,,,,,,,,,5,2,4,2,2.0
201600054341,0016-10-19 13:40:00,16,10,19,13,40,750,114,PLACE DENFERT ROCHEREAU,48.8344,2.33242,Plein jour,En agglomération,Place,Normale,Deux véhicules - côté,,,,,,,,,,,1,2,7,1,3.0
201600054342,0016-10-23 20:15:00,16,10,23,20,15,750,114,BOULEVARD RASPAIL,48.842,2.3296,Nuit avec éclairage allumé,En agglomération,Intersection à plus de 4 branches,Pluie légère,Deux véhicules - côté,,,,,,,,,,,5,2,5,2,3.0
201600054343,0016-10-25 16:10:00,16,10,25,16,10,750,114,"205, AVENUE DU MAINE",48.8288,2.32647,Plein jour,En agglomération,Hors intersection,Normale,Autre collision,,,,,,,,,,,1,2,1,1,6.0
201600054344,0016-10-25 17:18:00,16,10,25,17,18,750,114,AVENUE DE LA PORTE D ORL,48.822,2.32532,Plein jour,En agglomération,Place,Temps couvert,Autre collision,,,,,,,,,,,1,2,7,8,6.0
201600054345,0016-10-25 18:10:00,16,10,25,18,10,750,114,"11, BOULEVARD EDGAR QUIN",48.8411,2.32472,Plein jour,En agglomération,Intersection à plus de 4 branches,Normale,Autre collision,,,,,,,,,,,1,2,5,1,6.0
201600054346,0016-10-25 16:15:00,16,10,25,16,15,750,114,RUE VERCINGETORIX,48.8351,2.31493,Plein jour,En agglomération,Intersection en T,Normale,Deux véhicules - côté,,,,,,,,,,,1,2,3,1,3.0
201600054347,0016-10-25 23:00:00,16,10,25,23,0,750,114,RUE BEZOUT,48.8289,2.33005,Nuit avec éclairage allumé,En agglomération,Intersection en X,Normale,Autre collision,,,,,,,,,,,5,2,2,1,6.0