accident_id,datetime,annee,mois,jour,heure,minute,departement,commune_insee,adresse,latitude,longitude,luminosite,agglomeration,intersection,meteo,collision,nb_vehicules,nb_usagers,nb_indemnes,nb_tues,nb_blesses_hosp,nb_blesses_legers,age_cond_1,age_cond_2,veh_type_cond_1,veh_type_cond_2,lum_code,agg_code,int_code,atm_code,col_code
201600054466,0016-03-04 09:10:00,16,3,4,9,10,750,115,QUAI BRANLY,48.8575,2.29103,Plein jour,En agglomération,Intersection en Y,Pluie légère,Deux véhicules - arrière,,,,,,,,,,,1,2,4,2,2.0
201600054467,0016-03-05 01:10:00,16,3,5,1,10,750,115,"326, RUE LECOURBE",48.8374,2.28506,Nuit avec éclairage allumé,En agglomération,Intersection en T,Temps couvert,Autre collision,,,,,,,,,,,5,2,3,8,6.0
201600054468,0016-03-05 12:30:00,16,3,5,12,30,750,115,RUE SEXTIUS MICHEL,48.8521,2.2888,Plein jour,En agglomération,Intersection à plus de 4 branches,Temps couvert,Autre collision,,,,,,,,,,,1,2,5,8,6.0
201600054469,0016-03-07 08:30:00,16,3,7,8,30,750,115,"291, RUE LECOURBE",48.8381,2.28764,Plein jour,En agglomération,Intersection en T,Normale,Autre collision,,,,,,,,,,,1,2,3,1,6.0
201600054470,0016-03-07 11:40:00,16,3,7,11,40,750,115,"17, RUE DE LA CONVENTION",48.8451,2.27901,Plein jour,En agglomération,Hors intersection,Pluie légère,Deux véhicules - frontale,,,,,,,,,,,1,2,1,2,1.0
201600054471,0016-03-08 18:55:00,16,3,8,18,55,750,115,"148, RUE DE LOURMEL",48.8404,2.28389,Nuit avec éclairage allumé,En agglomération,Hors intersection,Normale,Autre collision,,,,,,,,,,,5,2,1,1,6.0
201600054472,0016-03-08 21:20:00,16,3,8,21,20,750,115,"114, RUE DE LA CONVENTIO",48.8411,2.28788,Nuit avec éclairage allumé,En agglomération,Intersection en X,Normale,Deux véhicules - côté,,,,,,,,,,,5,2,2,1,3.0
201600054473,0016-03-09 19:50:00,16,3,9,19,50,750,115,"22, AVENUE DE SUFFREN",48.8556,2.29403,Nuit avec éclairage allumé,En agglomération,Intersection en T,Pluie légère,Deux véhicules - arrière,,,,,,,,,,,5,2,3,2,2.0
201600054474,0016-03-11 12:10:00,16,3,11,12,10,750,115,"51, BOULEVARD LEFEBVRE",48.8309,2.29228,Plein jour,En agglomération,Intersection en T,Normale,Deux véhicules - arrière,,,,,,,,,,,1,2,3,1,2.0
201600054475,0016-03-11 19:30:00,16,3,11,19,30,750,107,RUE DE GRENELLE,48.8548,2.32494,Nuit avec éclairage non allumé,En agglomération,Hors intersection,Normale,Deux véhicules - arrière,,,,,,,,,,,4,2,1,1,2.0
201600054476,0016-03-12 07:25:00,16,3,12,7,25,750,115,"10, RUE DU LAOS",48.8499,2.3011,Crépuscule ou aube,En agglomération,Intersection à plus de 4 branches,Normale,Deux véhicules - côté,,,,,,,,,,,2,2,5,1,3.0
201600054477,0016-03-13 14:21:00,16,3,13,14,21,750,115,"74, BOULEVARD PASTEUR",48.8404,2.31491,Plein jour,En agglomération,Intersection en X,Normale,Autre collision,,,,,,,,,,,1,2,2,1,6.0
201600054478,0016-03-14 08:05:00,16,3,14,8,5,750,115,"225, RUE DE VAUGIRARD",48.8416,2.30833,Plein jour,En agglomération,Hors intersection,Normale,Deux véhicules - arrière,,,,,,,,,,,1,2,1,1,2.0
201600054479,0016-03-15 08:15:00,16,3,15,8,15,750,115,", RUE DE LA PROCESSION",48.8354,2.31178,Plein jour,En agglomération,Intersection en X,Normale,Deux véhicules - côté,,,,,,,,,,,1,2,2,1,3.0
201600054480,0016-03-15 19:10:00,16,3,15,19,10,750,115,"2, RUE DU COTENTIN",48.8387,2.31435,Nuit avec éclairage allumé,En agglomération,Intersection en X,Normale,Autre collision,,,,,,,,,,,5,2,2,1,6.0
201600054481,0016-03-16 02:52:00,16,3,16,2,52,750,115,PLACE DU MOULIN DE JAVEL,48.8405,2.2722,Nuit avec éclairage allumé,En agglomération,Intersection en Y,Normale,Autre collision,,,,,,,,,,,5,2,4,1,6.0
201600054482,0016-03-17 16:50:00,16,3,17,16,50,750,115,"39, RUE DE DANTZIG",48.8333,2.29847,Plein jour,En agglomération,Hors intersection,Normale,Autre collision,,,,,,,,,,,1,2,1,1,6.0
201600054483,0016-03-18 08:20:00,16,3,18,8,20,750,114,"12, BOULEVARD SAINT JACQ",48.8323,2.33995,Plein jour,En agglomération,Hors intersection,Normale,Autre collision,,,,,,,,,,,1,2,1,1,6.0
201600054484,0016-03-18 15:05:00,16,3,18,15,5,750,115,AVENUE DE LA PORTE DE LA,48.8309,2.29228,Plein jour,En agglomération,Intersection en X,Normale,Deux véhicules - côté,,,,,,,,,,,1,2,2,1,3.0
201600054485,0016-03-19 11:30:00,16,3,19,11,30,750,115,"5, RUE DE PONDICHERY",48.8502,2.29647,Plein jour,En agglomération,Intersection en X,Normale,Deux véhicules - côté,,,,,,,,,,,1,2,2,1,3.0
201600054486,0016-03-23 11:00:00,16,3,23,11,0,750,115,"60, RUE DE LA CONVENTION",48.8431,2.28349,Plein jour,En agglomération,Intersection en X,Normale,Deux véhicules - côté,,,,,,,,,,,1,2,2,1,3.0
201600054487,0016-03-23 20:40:00,16,3,23,20,40,750,115,"39, RUE DE DANTZIG",48.8335,2.29866,Nuit avec éclairage allumé,En agglomération,Intersection en X,Normale,Autre collision,,,,,,,,,,,5,2,2,1,6.0
201600054488,0016-03-24 12:50:00,16,3,24,12,50,750,115,"115, RUE SAINT CHARLES",48.8448,2.28388,Plein jour,En agglomération,Intersection en X,Normale,Autre collision,,,,,,,,,,,1,2,2,1,6.0
201600054489,0016-03-24 16:15:00,16,3,24,16,15,750,115,RUE DES VOLONTAIRES,48.8415,2.30792,Plein jour,En agglomération,Intersection en X,Normale,Autre collision,,,,,,,,,,,1,2,2,1,6.0
201600054490,0016-03-25 13:28:00,16,3,25,13,28,750,115,"13, RUE DES FRERES MORAN",48.8417,2.29166,Plein jour,En agglomération,Hors intersection,Normale,Deux véhicules - frontale,,,,,,,,,,,1,2,1,1,1.0
201600054491,0016-03-29 10:40:00,16,3,29,10,40,750,115,"125, RUE CAMBRONNE",48.8404,2.30425,Plein jour,En agglomération,Intersection en X,Normale,Autre collision,,,,,,,,,,,1,2,2,1,6.0
201600054492,0016-03-30 08:45:00,16,3,30,8,45,750,115,"28, AVENUE ALBERT BARTHO",48.8289,2.29408,Plein jour,En agglomération,Intersection en X,Pluie légère,Sans collision,,,,,,,,,,,1,2,2,2,7.0
201600054493,0016-03-30 12:50:00,16,3,30,12,50,750,115,"56, RUE BALARD",48.8411,2.27786,Plein jour,En agglomération,Hors intersection,Pluie légère,Autre collision,,,,,,,,,,,1,2,1,2,6.0
201600054494,0016-03-31 19:45:00,16,3,31,19,45,750,115,RUE DE VOUILLE,48.8339,2.30809,Nuit avec éclairage allumé,En agglomération,Intersection en X,Pluie légère,Deux véhicules - côté,,,,,,,,,,,5,2,2,2,3.0
201600054495,0016-04-01 12:45:00,16,4,1,12,45,750,115,"56, RUE DE LA CONVENTION",48.8434,2.28272,Plein jour,En agglomération,Intersection en X,Normale,Autre collision,,,,,,,,,,,1,2,2,1,6.0
201600054496,0016-04-03 22:00:00,16,4,3,22,0,750,115,"37, RUE LINOIS",48.8486,2.28289,Nuit avec éclairage allumé,En agglomération,Intersection en T,Normale,Deux véhicules - côté,,,,,,,,,,,5,2,3,1,3.0
201600054497,0016-04-05 10:15:00,16,4,5,10,15,750,115,PONT MIRABEAU,48.8466,2.27574,Plein jour,En agglomération,Hors intersection,Normale,Deux véhicules - côté,,,,,,,,,,,1,2,1,1,3.0
201600054498,0016-04-05 19:00:00,16,4,5,19,0,750,115,"75 BIS, RUE DE LOURMEL",48.8456,2.28797,Plein jour,En agglomération,Intersection en X,Normale,Autre collision,,,,,,,,,,,1,2,2,1,6.0
201600054499,0016-04-08 15:30:00,16,4,8,15,30,750,115,QUAI D ISSY LES MOULINEA,48.8344,2.26519,Plein jour,En agglomération,Intersection en Y,Normale,Deux véhicules - côté,,,,,,,,,,,1,2,4,1,3.0
201600054500,0016-04-10 09:35:00,16,4,10,9,35,750,115,"04, BOULEVARD PASTEUR",48.845,2.31066,Plein jour,En agglomération,Intersection en X,Normale,Autre collision,,,,,,,,,,,1,2,2,1,6.0
201600054501,0016-04-11 11:25:00,16,4,11,11,25,750,115,QUAI ANDRE CITROEN,48.8461,2.27692,Plein jour,En agglomération,Place,Pluie légère,Deux véhicules - arrière,,,,,,,,,,,1,2,7,2,2.0
201600054502,0016-04-11 14:00:00,16,4,11,14,0,750,115,"193, RUE DE JAVEL",48.8396,2.29303,Plein jour,En agglomération,Intersection en X,Pluie légère,Autre collision,,,,,,,,,,,1,2,2,2,6.0
201600054503,0016-04-11 15:45:00,16,4,11,15,45,750,115,RUE DE LA CONVENTION,48.8411,2.28788,Plein jour,En agglomération,Intersection en X,Pluie légère,Deux véhicules - côté,,,,,,,,,,,1,2,2,2,3.0
201600054504,0016-04-14 09:40:00,16,4,14,9,40,750,115,"10, VILLA CROIX NIVERT",48.846,2.29977,Plein jour,En agglomération,Hors intersection,Normale,Autre collision,,,,,,,,,,,1,2,1,1,6.0
201600054505,0016-04-14 21:30:00,16,4,14,21,30,750,115,"7, QUAI ANDRE CITROEN",48.8494,2.28155,Nuit avec éclairage allumé,En agglomération,Intersection en X,Pluie légère,Autre collision,,,,,,,,,,,5,2,2,2,6.0
201600054506,0016-04-15 11:19:00,16,4,15,11,19,750,115,RUE DE L AMIRAL ROUSSIN,48.8434,2.29992,Plein jour,En agglomération,Intersection en X,Normale,Autre collision,,,,,,,,,,,1,2,2,1,6.0
201600054507,0016-04-17 06:00:00,16,4,17,6,0,750,115,RUE CASTAGNARY,48.8322,2.30762,Nuit avec éclairage allumé,En agglomération,Hors intersection,Normale,Autre collision,,,,,,,,,,,5,2,1,1,6.0
201600054508,0016-04-19 14:30:00,16,4,19,14,30,750,115,PLACE HENRI QUEUILLE,48.845,2.31066,Plein jour,En agglomération,Intersection en X,Normale,Sans collision,,,,,,,,,,,1,2,2,1,7.0
201600054509,0016-04-20 09:10:00,16,4,20,9,10,750,116,BOULEVARD PERIPHERIQUE E,48.8349,2.26247,Plein jour,En agglomération,Hors intersection,Normale,Deux véhicules - arrière,,,,,,,,,,,1,2,1,1,2.0
201600054510,0016-04-21 12:45:00,16,4,21,12,45,750,115,RUE LOUIS ARMAND,48.8327,2.27884,Plein jour,En agglomération,Intersection en T,Normale,Deux véhicules - côté,,,,,,,,,,,1,2,3,1,3.0
201600054511,0016-04-22 12:35:00,16,4,22,12,35,750,115,"26, RUE DE VOUILLE",48.8347,2.30515,Plein jour,En agglomération,Intersection en X,Temps couvert,Autre collision,,,,,,,,,,,1,2,2,8,6.0
201600054512,0016-04-23 03:15:00,16,4,23,3,15,750,115,PONT DE GRENELLE,48.8499,2.28067,Nuit avec éclairage allumé,En agglomération,Hors intersection,Pluie légère,Deux véhicules - côté,,,,,,,,,,,5,2,1,2,3.0
201600054513,0016-04-23 13:30:00,16,4,23,13,30,750,115,"01, RUE DE JAVEL",48.8472,2.27917,Plein jour,En agglomération,Intersection en X,Normale,Deux véhicules - côté,,,,,,,,,,,1,2,2,1,3.0
201600054514,0016-04-25 07:50:00,16,4,25,7,50,750,115,"48, AVENUE FELIX FAURE",48.8411,2.28788,Plein jour,En agglomération,Intersection en X,Normale,Autre collision,,,,,,,,,,,1,2,2,1,6.0
201600054515,0016-04-26 17:00:00,16,4,26,17,0,750,115,QUAI ANDRE CITROEN,48.8404,2.27146,Plein jour,En agglomération,Intersection en Y,Pluie légère,Deux véhicules - côté,,,,,,,,,,,1,2,4,2,3.0
201600054516,0016-04-27 12:45:00,16,4,27,12,45,750,115,"49, RUE DE LA CONVENTION",48.8438,2.28188,Plein jour,En agglomération,Intersection en X,Normale,Deux véhicules - arrière,,,,,,,,,,,1,2,2,1,2.0
201600054517,0016-04-29 11:05:00,16,4,29,11,5,750,115,"2, RUE DES VOLONTAIRES",48.8437,2.30638,Plein jour,En agglomération,Intersection en T,Normale,Deux véhicules - arrière,,,,,,,,,,,1,2,3,1,2.0
201600054518,0016-04-29 22:43:00,16,4,29,22,43,750,115,RUE DE LA CONVENTION,48.8431,2.28349,Nuit avec éclairage allumé,En agglomération,Intersection en X,Pluie légère,Deux véhicules - côté,,,,,,,,,,,5,2,2,2,3.0
201600054519,0016-04-30 10:55:00,16,4,30,10,55,750,115,"85, RUE DE LA CONVENTION",48.8422,2.28554,Plein jour,En agglomération,Intersection en X,Pluie légère,Deux véhicules - arrière,,,,,,,,,,,1,2,2,2,2.0
201600054520,0016-05-02 17:20:00,16,5,2,17,20,750,115,"84, AVENUE DE SUFFREN",48.8512,2.30089,Plein jour,En agglomération,Intersection à plus de 4 branches,Normale,Deux véhicules - arrière,,,,,,,,,,,1,2,5,1,2.0
201600054521,0016-05-04 14:00:00,16,5,4,14,0,750,115,"40, RUE DU COLONEL PIERR",48.8284,2.27337,Plein jour,En agglomération,Hors intersection,Normale,Deux véhicules - côté,,,,,,,,,,,1,2,1,1,3.0
201600054522,0016-05-04 18:25:00,16,5,4,18,25,750,115,AVENUE DE LA PORTE DE SE,48.8361,2.2782,Plein jour,En agglomération,Intersection en X,Normale,Autre collision,,,,,,,,,,,1,2,2,1,6.0
201600054523,0016-05-08 03:15:00,16,5,8,3,15,750,115,"10, BOULEVARD DE VAUGIRA",48.842,2.31968,Nuit avec éclairage allumé,En agglomération,Hors intersection,Normale,Autre collision,,,,,,,,,,,5,2,1,1,6.0
201600054524,0016-05-09 11:58:00,16,5,9,11,58,750,115,"1, RUE D OUESSANT",48.8502,2.29647,Plein jour,En agglomération,Intersection en X,Normale,Autre collision,,,,,,,,,,,1,2,2,1,6.0
201600054525,0016-05-09 12:40:00,16,5,9,12,40,750,115,"38, RUE SEBASTIEN MERCIE",48.8442,2.27922,Plein jour,En agglomération,Intersection en X,Normale,Deux véhicules - côté,,,,,,,,,,,1,2,2,1,3.0
201600054526,0016-05-09 21:30:00,16,5,9,21,30,750,115,"1, RUE LINOIS",48.8494,2.28155,Nuit avec éclairage allumé,En agglomération,Place,Pluie légère,Deux véhicules - côté,,,,,,,,,,,5,2,7,2,3.0
201600054527,0016-05-10 16:45:00,16,5,10,16,45,750,115,"114, RUE SAINT CHARLES",48.8434,2.28272,Plein jour,En agglomération,Intersection en X,Pluie légère,Sans collision,,,,,,,,,,,1,2,2,2,7.0
201600054528,0016-05-12 10:10:00,16,5,12,10,10,750,115,"22, RUE DE VOUILLE",48.8348,2.30469,Plein jour,En agglomération,Hors intersection,Normale,Autre collision,,,,,,,,,,,1,2,1,1,6.0
201600054529,0016-05-13 08:20:00,16,5,13,8,20,750,115,"62, RUE DE LA PROCESSION",48.8368,2.30922,Plein jour,En agglomération,Hors intersection,Temps couvert,Autre collision,,,,,,,,,,,1,2,1,8,6.0
201600054530,0016-05-13 14:00:00,16,5,13,14,0,750,115,"30, AVENUE DE SUFFREN",48.8551,2.29478,Plein jour,En agglomération,Hors intersection,Normale,Deux véhicules - côté,,,,,,,,,,,1,2,1,1,3.0
201600054531,0016-05-15 00:45:00,16,5,15,0,45,750,115,QUAI DE GRENELLE,48.8494,2.28155,Nuit avec éclairage allumé,En agglomération,Place,Normale,Deux véhicules - arrière,,,,,,,,,,,5,2,7,1,2.0
201600054532,0016-05-15 13:30:00,16,5,15,13,30,750,115,QUAI ANDRE CITROEN,48.845,2.27606,Plein jour,En agglomération,Intersection en Y,Normale,Deux véhicules - arrière,,,,,,,,,,,1,2,4,1,2.0
201600054533,0016-05-15 20:40:00,16,5,15,20,40,750,115,"60, RUE VIOLET",48.8457,2.29138,Crépuscule ou aube,En agglomération,Place,Normale,Deux véhicules - côté,,,,,,,,,,,2,2,7,1,3.0
201600054534,0016-05-16 07:40:00,16,5,16,7,40,750,115,"109, RUE CAMBRONNE",48.8426,2.30268,Plein jour,En agglomération,Intersection en X,Normale,Deux véhicules - côté,,,,,,,,,,,1,2,2,1,3.0
201600054535,0016-05-17 01:40:00,16,5,17,1,40,750,115,PONT DE BIR HAKEIM,48.8552,2.28802,Nuit avec éclairage non allumé,En agglomération,Hors intersection,Normale,Sans collision,,,,,,,,,,,4,2,1,1,7.0
201600054536,0016-05-17 19:58:00,16,5,17,19,58,750,115,"5, RUE DE VOUILLE",48.8353,2.30313,Plein jour,En agglomération,Intersection en T,Normale,Autre collision,,,,,,,,,,,1,2,3,1,6.0
201600054537,0016-05-18 19:00:00,16,5,18,19,0,750,115,PLACE RAOUL DAUTRY,48.842,2.32032,Plein jour,En agglomération,Hors intersection,Normale,Autre collision,,,,,,,,,,,1,2,1,1,6.0
201600054538,0016-05-19 13:30:00,16,5,19,13,30,750,115,"92, RUE CAMBRONNE",48.8418,2.30324,Plein jour,En agglomération,Place,Normale,Sans collision,,,,,,,,,,,1,2,7,1,7.0
201600054539,0016-05-20 08:20:00,16,5,20,8,20,750,115,PLACE DES INSURGES DE VA,48.8271,2.29232,Plein jour,En agglomération,Place,Normale,Sans collision,,,,,,,,,,,1,2,7,1,7.0
201600054540,0016-05-20 22:00:00,16,5,20,22,0,750,115,"65, AVENUE DE LA MOTTE P",48.8495,2.29854,Nuit avec éclairage allumé,En agglomération,Intersection en T,Normale,Deux véhicules - côté,,,,,,,,,,,5,2,3,1,3.0
201600054541,0016-05-20 23:30:00,16,5,20,23,30,750,115,"86, BOULEVARD DE GRENELL",48.85,2.29442,Nuit avec éclairage allumé,En agglomération,Hors intersection,Normale,Deux véhicules - côté,,,,,,,,,,,5,2,1,1,3.0
201600054542,0016-05-22 19:40:00,16,5,22,19,40,750,115,"21, RUE VICTOR DURUY",48.8367,2.29953,Plein jour,En agglomération,Intersection en X,Temps couvert,Deux véhicules - côté,,,,,,,,,,,1,2,2,8,3.0
201600054543,0016-05-24 11:00:00,16,5,24,11,0,750,115,"302, RUE DE VAUGIRARD",48.8379,2.29773,Plein jour,En agglomération,Intersection en X,Normale,Deux véhicules - côté,,,,,,,,,,,1,2,2,1,3.0
201600054544,0016-05-25 11:40:00,16,5,25,11,40,750,115,AVENUE FELIX FAURE,48.8381,2.28092,Plein jour,En agglomération,Intersection en T,Normale,Autre collision,,,,,,,,,,,1,2,3,1,6.0
201600054545,0016-05-25 12:20:00,16,5,25,12,20,750,115,"157, RUE DE LA CONVENTIO",48.8388,2.29301,Plein jour,En agglomération,Hors intersection,Normale,Trois véhicules et plus - en chaîne,,,,,,,,,,,1,2,1,1,4.0
201600054546,0016-05-26 16:00:00,16,5,26,16,0,750,106,"121, RUE DU CHERCHE MIDI",48.8457,2.31946,Plein jour,En agglomération,Hors intersection,Normale,Sans collision,,,,,,,,,,,1,2,1,1,7.0
201600054547,0016-05-27 06:40:00,16,5,27,6,40,750,115,"192, RUE DE LA CROIX NIV",48.8387,2.28945,Plein jour,En agglomération,Intersection en T,Normale,Autre collision,,,,,,,,,,,1,2,3,1,6.0
201600054548,0016-05-27 17:45:00,16,5,27,17,45,750,115,"53, QUAI DE GRENELLE",48.8507,2.28397,Plein jour,En agglomération,Intersection en X,Normale,Deux véhicules - côté,,,,,,,,,,,1,2,2,1,3.0
201600054549,0016-05-27 11:45:00,16,5,27,11,45,750,115,"11, RUE TISSERAND",48.8401,2.28539,Plein jour,En agglomération,Intersection en T,Normale,Autre collision,,,,,,,,,,,1,2,3,1,6.0
201600054550,0016-05-28 13:15:00,16,5,28,13,15,750,115,BOULEVARD DE GRENELLE,48.8539,2.28955,Plein jour,En agglomération,Hors intersection,Normale,Autre collision,,,,,,,,,,,1,2,1,1,6.0
201600054551,0016-05-28 19:30:00,16,5,28,19,30,750,115,RUE LINOIS,48.8481,2.28349,Plein jour,En agglomération,Hors intersection,Normale,Autre collision,,,,,,,,,,,1,2,1,1,6.0
201600054552,0016-05-29 23:30:00,16,5,29,23,30,750,115,RUE DE VOUILLE,48.8336,2.30919,Nuit avec éclairage allumé,En agglomération,Intersection en X,Pluie forte,Deux véhicules - côté,,,,,,,,,,,5,2,2,3,3.0
201600054553,0016-05-30 07:40:00,16,5,30,7,40,750,115,"1, QUAI D ISSY LES MOULI",48.8354,2.26688,Plein jour,En agglomération,Intersection à plus de 4 branches,Pluie forte,Deux véhicules - arrière,,,,,,,,,,,1,2,5,3,2.0
201600054554,0016-05-30 10:45:00,16,5,30,10,45,750,115,"151, RUE DE SEVRES",48.8461,2.31437,Plein jour,En agglomération,Hors intersection,Pluie forte,Deux véhicules - côté,,,,,,,,,,,1,2,1,3,3.0
201600054555,0016-05-30 18:40:00,16,5,30,18,40,750,115,"162, RUE DE VAUGIRARD",48.8432,2.31356,Plein jour,En agglomération,Intersection en T,Pluie forte,Deux véhicules - arrière,,,,,,,,,,,1,2,3,3,2.0
201600054556,0016-05-31 12:10:00,16,5,31,12,10,750,115,RUE LECOURBE,48.8391,2.29145,Plein jour,En agglomération,Intersection en T,Pluie légère,Autre collision,,,,,,,,,,,1,2,3,2,6.0
201600054557,0016-06-01 10:40:00,16,6,1,10,40,750,115,"26, RUE DE VOUILLE",48.8347,2.30515,Plein jour,En agglomération,Intersection en X,Pluie légère,Deux véhicules - côté,,,,,,,,,,,1,2,2,2,3.0
201600054558,0016-06-01 11:40:00,16,6,1,11,40,750,115,RUE D ARSONVAL,48.8397,2.31472,Plein jour,En agglomération,Intersection en T,Temps couvert,Deux véhicules - côté,,,,,,,,,,,1,2,3,8,3.0
201600054559,0016-06-04 16:00:00,16,6,4,16,0,750,115,"151, RUE DE LA CONVENTIO",48.8391,2.29237,Plein jour,En agglomération,Hors intersection,Normale,Autre collision,,,,,,,,,,,1,2,1,1,6.0
201600054560,0016-06-05 16:10:00,16,6,5,16,10,750,115,"14, AVENUE EMILE ZOLA",48.8464,2.28311,Plein jour,En agglomération,Intersection en Y,Normale,Autre collision,,,,,,,,,,,1,2,4,1,6.0
201600054561,0016-06-06 15:00:00,16,6,6,15,0,750,115,"340, RUE DE VAUGIRARD",48.8365,2.29493,Plein jour,En agglomération,Hors intersection,Normale,Trois véhicules et plus - en chaîne,,,,,,,,,,,1,2,1,1,4.0
201600054562,0016-06-07 07:30:00,16,6,7,7,30,750,115,"34, QUAI D ISSY LES MOUL",48.8344,2.26519,Plein jour,En agglomération,Intersection en Y,Normale,Deux véhicules - côté,,,,,,,,,,,1,2,4,1,3.0
201600054563,0016-06-08 18:50:00,16,6,8,18,50,750,115,"/, RUE DE LA CONVENTION",48.8367,2.29805,Plein jour,En agglomération,Intersection en X,Normale,Deux véhicules - côté,,,,,,,,,,,1,2,2,1,3.0
201600054564,0016-06-08 23:25:00,16,6,8,23,25,750,115,"232, RUE DE VAUGIRARD",48.8404,2.30425,Nuit avec éclairage allumé,En agglomération,Intersection en X,Normale,Deux véhicules - côté,,,,,,,,,,,5,2,2,1,3.0
201600054565,0016-06-10 16:00:00,16,6,10,16,0,750,115,BOULEVARD VICTOR,48.8343,2.28402,Plein jour,En agglomération,Intersection en X,Normale,Autre collision,,,,,,,,,,,1,2,2,1,6.0
201600054566,0016-06-10 17:30:00,16,6,10,17,30,750,115,"187, BOULEVARD LEFEBVRE",48.828,2.30367,Plein jour,En agglomération,Hors intersection,Normale,Deux véhicules - arrière,,,,,,,,,,,1,2,1,1,2.0
201600054567,0016-06-12 05:45:00,16,6,12,5,45,750,115,"121, RUE DE LA CONVENTIO",48.8407,2.28878,Crépuscule ou aube,En agglomération,Intersection en T,Normale,Autre collision,,,,,,,,,,,2,2,3,1,6.0
201600054568,0016-06-12 12:45:00,16,6,12,12,45,750,115,"34, BOULEVARD DE GRENELL",48.8521,2.29087,Plein jour,En agglomération,Hors intersection,Normale,Deux véhicules - côté,,,,,,,,,,,1,2,1,1,3.0
201600054569,0016-06-14 17:40:00,16,6,14,17,40,750,115,"224, RUE DE VAUGIRARD",48.8408,2.30542,Plein jour,En agglomération,Intersection en T,Normale,Autre collision,,,,,,,,,,,1,2,3,1,6.0
201600054570,0016-06-15 10:30:00,16,6,15,10,30,750,107,QUAI D ORSAY,48.8629,2.31342,Plein jour,En agglomération,Intersection en X,Normale,Deux véhicules - côté,,,,,,,,,,,1,2,2,1,3.0
201600054571,0016-06-15 20:30:00,16,6,15,20,30,750,115,"106, RUE BRANCION",48.8297,2.30173,Crépuscule ou aube,En agglomération,Intersection en X,Normale,Deux véhicules - côté,,,,,,,,,,,2,2,2,1,3.0
201600054572,0016-06-16 15:10:00,16,6,16,15,10,750,115,"97, QUAI BRANLY",48.8575,2.29103,Plein jour,En agglomération,Intersection en T,Pluie légère,Deux véhicules - côté,,,,,,,,,,,1,2,3,2,3.0
201600054573,0016-06-17 11:20:00,16,6,17,11,20,750,115,"33, RUE DESNOUETTES",48.8358,2.28966,Plein jour,En agglomération,Intersection à plus de 4 branches,Normale,Trois véhicules et plus - en chaîne,,,,,,,,,,,1,2,5,1,4.0
201600054574,0016-06-20 09:00:00,16,6,20,9,0,750,115,RUE PETEL,48.8415,2.29914,Plein jour,En agglomération,Intersection en X,Pluie légère,Autre collision,,,,,,,,,,,1,2,2,2,6.0
201600054575,0016-06-21 09:05:00,16,6,21,9,5,750,115,BOULEVARD LEFEBVRE,48.8317,2.29041,Plein jour,En agglomération,Hors intersection,Temps couvert,Trois véhicules et plus - en chaîne,,,,,,,,,,,1,2,1,8,4.0
201600054576,0016-06-22 20:30:00,16,6,22,20,30,750,115,"37, RUE DU DEPART",48.8412,2.32163,Crépuscule ou aube,En agglomération,Hors intersection,Normale,Autre collision,,,,,,,,,,,2,2,1,1,6.0
201600054577,0016-06-23 08:50:00,16,6,23,8,50,750,115,"1, BOULEVARD VICTOR",48.8361,2.2782,Plein jour,En agglomération,Intersection en X,Normale,Autre collision,,,,,,,,,,,1,2,2,1,6.0
201600054578,0016-06-23 10:30:00,16,6,23,10,30,750,115,"30, RUE LECOURBE",48.8444,2.30875,Plein jour,En agglomération,Intersection en T,Normale,Deux véhicules - côté,,,,,,,,,,,1,2,3,1,3.0
201600054579,0016-06-24 18:50:00,16,6,24,18,50,750,115,"1, BOULEVARD VICTOR",48.8361,2.2782,Plein jour,En agglomération,Intersection en X,Normale,Autre collision,,,,,,,,,,,1,2,2,1,6.0
201600054580,0016-06-25 10:25:00,16,6,25,10,25,750,115,"20, AVENUE DE SUFFREN",48.8559,2.29348,Plein jour,En agglomération,Hors intersection,Normale,Deux véhicules - côté,,,,,,,,,,,1,2,1,1,3.0
201600054581,0016-06-25 13:20:00,16,6,25,13,20,750,115,"48, RUE DE L ABBE GROULT",48.8405,2.29572,Plein jour,En agglomération,Intersection en X,Normale,Deux véhicules - arrière,,,,,,,,,,,1,2,2,1,2.0
201600054582,0016-06-26 01:35:00,16,6,26,1,35,750,115,QUAI ANDRE CITROEN,48.8458,2.27664,Nuit avec éclairage allumé,En agglomération,Place,Normale,Deux véhicules - arrière,,,,,,,,,,,5,2,7,1,2.0
201600054583,0016-06-26 13:10:00,16,6,26,13,10,750,115,"106, BOULEVARD DE GRENEL",48.8495,2.29599,Plein jour,En agglomération,Hors intersection,Normale,Deux véhicules - arrière,,,,,,,,,,,1,2,1,1,2.0
201600054584,0016-06-26 13:20:00,16,6,26,13,20,750,115,"161, RUE LECOURBE",48.8413,2.29817,Plein jour,En agglomération,Intersection en T,Temps couvert,Deux véhicules - côté,,,,,,,,,,,1,2,3,8,3.0
201600054585,0016-06-27 13:00:00,16,6,27,13,0,750,115,PORTE BRANCION,48.8263,2.29695,Plein jour,En agglomération,Intersection en Y,Normale,Autre collision,,,,,,,,,,,1,2,4,1,6.0
201600054586,0016-06-27 17:20:00,16,6,27,17,20,750,115,"192, RUE DE LA CONVENTIO",48.8375,2.29569,Plein jour,En agglomération,Hors intersection,Pluie légère,Autre collision,,,,,,,,,,,1,2,1,2,6.0
201600054587,0016-06-28 18:30:00,16,6,28,18,30,750,115,"365, RUE DE VAUGIRARD",48.8366,2.29517,Plein jour,En agglomération,Intersection en T,Normale,Autre collision,,,,,,,,,,,1,2,3,1,6.0