accident_id,datetime,annee,mois,jour,heure,minute,departement,commune_insee,adresse,latitude,longitude,luminosite,agglomeration,intersection,meteo,collision,nb_vehicules,nb_usagers,nb_indemnes,nb_tues,nb_blesses_hosp,nb_blesses_legers,age_cond_1,age_cond_2,veh_type_cond_1,veh_type_cond_2,lum_code,agg_code,int_code,atm_code,col_code
201600054708,0016-10-29 14:50:00,16,10,29,14,50,750,115,"43, RUE CAMBRONNE",48.8451,2.3021,Plein jour,En agglomération,Hors intersection,Normale,Deux véhicules - arrière,,,,,,,,,,,1,2,1,1,2.0
201600054709,0016-10-30 01:50:00,16,10,30,1,50,750,115,"64, AVENUE FELIX FAURE",48.8403,2.28584,Nuit avec éclairage allumé,En agglomération,Intersection en X,Normale,Autre collision,,,,,,,,,,,5,2,2,1,6.0
201600054710,0016-10-31 09:05:00,16,10,31,9,5,750,115,"117, RUE SAINT CHARLES",48.8448,2.28388,Plein jour,En agglomération,Intersection en X,Normale,Autre collision,,,,,,,,,,,1,2,2,1,6.0
201600054711,0016-10-31 09:10:00,16,10,31,9,10,750,115,"13, RUE LINOIS",48.8486,2.28289,Plein jour,En agglomération,Intersection en T,Normale,Deux véhicules - côté,,,,,,,,,,,1,2,3,1,3.0
201600054712,0016-10-31 11:20:00,16,10,31,11,20,750,115,"4, RUE LINOIS",48.849,2.28216,Plein jour,En agglomération,Hors intersection,Normale,Deux véhicules - côté,,,,,,,,,,,1,2,1,1,3.0
201600054713,0016-10-31 12:25:00,16,10,31,12,25,750,115,"173, RUE LECOURBE",48.841,2.29734,Plein jour,En agglomération,Hors intersection,Normale,Deux véhicules - arrière,,,,,,,,,,,1,2,1,1,2.0
201600054714,0016-11-02 17:40:00,16,11,2,17,40,750,115,"37, RUE LETELLIER",48.8478,2.29655,Nuit avec éclairage allumé,En agglomération,Intersection en X,Normale,Autre collision,,,,,,,,,,,5,2,2,1,6.0
201600054715,0016-11-02 21:15:00,16,11,2,21,15,750,115,RUE DE LA CONVENTION,48.84,2.29031,Nuit avec éclairage allumé,En agglomération,Intersection en X,Normale,Deux véhicules - côté,,,,,,,,,,,5,2,2,1,3.0
201600054716,0016-11-04 09:00:00,16,11,4,9,0,750,115,"50, RUE VASCO DE GAMA",48.8365,2.28398,Plein jour,En agglomération,Hors intersection,Pluie légère,Deux véhicules - côté,,,,,,,,,,,1,2,1,2,3.0
201600054717,0016-11-04 11:55:00,16,11,4,11,55,750,115,"89, BOULEVARD PASTEUR",48.8393,2.31621,Plein jour,En agglomération,Intersection en T,Pluie légère,Sans collision,,,,,,,,,,,1,2,3,2,7.0
201600054718,0016-11-04 10:50:00,16,11,4,10,50,750,115,"79, RUE LEBLANC",48.8372,2.27726,Plein jour,En agglomération,Intersection en T,Pluie légère,Sans collision,,,,,,,,,,,1,2,3,2,7.0
201600054719,0016-11-04 12:15:00,16,11,4,12,15,750,115,"111, BOULEVARD DE GRENEL",48.8492,2.29801,Plein jour,En agglomération,Intersection à plus de 4 branches,Pluie légère,Autre collision,,,,,,,,,,,1,2,5,2,6.0
201600054720,0016-11-06 00:05:00,16,11,6,0,5,750,115,"82, BOULEVARD LEFEBVRE",48.829,2.2992,Nuit avec éclairage allumé,En agglomération,Hors intersection,Pluie légère,Autre collision,,,,,,,,,,,5,2,1,2,6.0
201600054721,0016-11-06 20:00:00,16,11,6,20,0,750,115,"21, RUE DE LA CROIX NIVE",48.8468,2.29996,Nuit avec éclairage allumé,En agglomération,Hors intersection,Normale,Deux véhicules - arrière,,,,,,,,,,,5,2,1,1,2.0
201600054722,0016-11-06 21:20:00,16,11,6,21,20,750,115,"5, RUE EMMANUEL CHAUVIER",48.8436,2.27925,Nuit avec éclairage allumé,En agglomération,Hors intersection,Normale,Autre collision,,,,,,,,,,,5,2,1,1,6.0
201600054723,0016-11-10 07:30:00,16,11,10,7,30,750,115,"29, RUE SAINT CHARLES",48.8505,2.28887,Plein jour,En agglomération,Hors intersection,Normale,Autre collision,,,,,,,,,,,1,2,1,1,6.0
201600054724,0016-11-10 15:00:00,16,11,10,15,0,750,115,RUE DU THEATRE,48.8481,2.29018,Plein jour,En agglomération,Intersection en X,Normale,Deux véhicules - côté,,,,,,,,,,,1,2,2,1,3.0
201600054725,0016-11-10 16:45:00,16,11,10,16,45,750,115,"323, RUE DE VAUGIRARD",48.8383,2.29844,Plein jour,En agglomération,Intersection en X,Pluie légère,Autre collision,,,,,,,,,,,1,2,2,2,6.0
201600054726,0016-11-14 08:20:00,16,11,14,8,20,750,107,"42, AVENUE DE BRETEUIL",48.8507,2.31162,Plein jour,En agglomération,Intersection en X,Normale,Deux véhicules - côté,,,,,,,,,,,1,2,2,1,3.0
201600054727,0016-11-15 06:55:00,16,11,15,6,55,750,115,"1, BOULEVARD LEFEBVRE",48.8327,2.28833,Nuit avec éclairage allumé,En agglomération,Intersection en X,Pluie légère,Autre collision,,,,,,,,,,,5,2,2,2,6.0
201600054728,0016-11-16 09:07:00,16,11,16,9,7,750,115,RUE DE DANTZIG,48.8335,2.29866,Plein jour,En agglomération,Intersection en X,Normale,Deux véhicules - côté,,,,,,,,,,,1,2,2,1,3.0
201600054729,0016-11-17 08:50:00,16,11,17,8,50,750,115,"73, RUE OLIVIER DE SERRE",48.8333,2.29448,Plein jour,En agglomération,Intersection en T,Normale,Autre collision,,,,,,,,,,,1,2,3,1,6.0
201600054730,0016-11-17 16:53:00,16,11,17,16,53,750,115,"197, RUE LECOURBE",48.8405,2.29572,Nuit avec éclairage allumé,En agglomération,Intersection en X,Normale,Autre collision,,,,,,,,,,,5,2,2,1,6.0
201600054731,0016-11-17 19:50:00,16,11,17,19,50,750,115,"45, RUE OLIVIER DE SERRE",48.8345,2.29567,Nuit avec éclairage allumé,En agglomération,Intersection en X,Pluie légère,Deux véhicules - côté,,,,,,,,,,,5,2,2,2,3.0
201600054732,0016-11-18 10:40:00,16,11,18,10,40,750,115,"23, RUE DE L AVRE",48.8485,2.29843,Plein jour,En agglomération,Hors intersection,Normale,Autre collision,,,,,,,,,,,1,2,1,1,6.0
201600054733,0016-11-18 23:45:00,16,11,18,23,45,750,115,"191, RUE DE LA CONVENTIO",48.8372,2.29641,Nuit avec éclairage allumé,En agglomération,Intersection en X,Normale,Autre collision,,,,,,,,,,,5,2,2,1,6.0
201600054734,0016-11-19 12:45:00,16,11,19,12,45,750,115,"38, RUE DU COTENTIN",48.8385,2.31149,Plein jour,En agglomération,Intersection en X,Normale,Autre collision,,,,,,,,,,,1,2,2,1,6.0
201600054735,0016-11-20 14:30:00,16,11,20,14,30,750,115,QUAI D ISSY LES MOULINEA,48.8352,2.26606,Plein jour,En agglomération,Hors intersection,Pluie légère,Sans collision,,,,,,,,,,,1,2,1,2,7.0
201600054736,0016-11-20 14:45:00,16,11,20,14,45,750,115,RUE DE LOURMEL,48.8437,2.2863,Plein jour,En agglomération,Intersection en X,Pluie légère,Deux véhicules - côté,,,,,,,,,,,1,2,2,2,3.0
201600054737,0016-11-20 19:45:00,16,11,20,19,45,750,115,"33, RUE LINOIS",48.8477,2.28415,Nuit avec éclairage allumé,En agglomération,Intersection en X,Pluie légère,Deux véhicules - côté,,,,,,,,,,,5,2,2,2,3.0
201600054738,0016-11-21 15:00:00,16,11,21,15,0,750,115,"46, BOULEVARD GARIBALDI",48.8464,2.30612,Plein jour,En agglomération,Intersection en X,Normale,Deux véhicules - arrière,,,,,,,,,,,1,2,2,1,2.0
201600054739,0016-11-22 12:30:00,16,11,22,12,30,750,115,"11, BOULEVARD GARIBALDI",48.8475,2.30342,Plein jour,En agglomération,Hors intersection,Normale,Deux véhicules - côté,,,,,,,,,,,1,2,1,1,3.0
201600054740,0016-11-23 08:15:00,16,11,23,8,15,750,115,METRO JAVEL,48.8461,2.27692,Plein jour,En agglomération,Intersection en X,Temps couvert,Autre collision,,,,,,,,,,,1,2,2,8,6.0
201600054741,0016-11-24 09:00:00,16,11,24,9,0,750,115,"04, RUE DE LA CROIX NIVE",48.8474,2.30087,Plein jour,En agglomération,Hors intersection,Temps couvert,Deux véhicules - arrière,,,,,,,,,,,1,2,1,8,2.0
201600054742,0016-11-24 17:50:00,16,11,24,17,50,750,115,", RUE JEAN REY",48.8553,2.28943,Nuit avec éclairage allumé,En agglomération,Intersection en T,Normale,Deux véhicules - côté,,,,,,,,,,,5,2,3,1,3.0
201600054743,0016-11-25 09:30:00,16,11,25,9,30,750,115,"133, AVENUE FELIX FAURE",48.8377,2.2802,Plein jour,En agglomération,Hors intersection,Normale,Deux véhicules - côté,,,,,,,,,,,1,2,1,1,3.0
201600054744,0016-11-26 13:45:00,16,11,26,13,45,750,115,"112, RUE SAINT CHARLES",48.8448,2.28388,Plein jour,En agglomération,Intersection en X,Normale,Autre collision,,,,,,,,,,,1,2,2,1,6.0
201600054745,0016-11-27 14:25:00,16,11,27,14,25,750,115,"27A, VILLA CROIX NIVERT",48.8455,2.30124,Plein jour,En agglomération,Hors intersection,Normale,Autre collision,,,,,,,,,,,1,2,1,1,6.0
201600054746,0016-11-29 10:15:00,16,11,29,10,15,750,115,PLACE DES INSURGES DE VA,48.8278,2.29278,Plein jour,En agglomération,Place,Normale,Deux véhicules - côté,,,,,,,,,,,1,2,7,1,3.0
201600054747,0016-11-29 10:45:00,16,11,29,10,45,750,115,PORTE DE SEVRES,48.833,2.27926,Plein jour,En agglomération,Intersection en Y,Normale,Deux véhicules - côté,,,,,,,,,,,1,2,4,1,3.0
201600054748,0016-11-29 14:30:00,16,11,29,14,30,750,115,"1, AVENUE DE LA PORTE DE",48.8361,2.2782,Plein jour,En agglomération,Intersection en X,Normale,Autre collision,,,,,,,,,,,1,2,2,1,6.0
201600054749,0016-11-29 19:15:00,16,11,29,19,15,750,115,"15, RUE VIOLET",48.8494,2.29459,Nuit avec éclairage allumé,En agglomération,Intersection en X,Normale,Autre collision,,,,,,,,,,,5,2,2,1,6.0
201600054750,0016-11-29 21:15:00,16,11,29,21,15,750,115,"68, RUE LECOURBE",48.8437,2.30638,Nuit avec éclairage allumé,En agglomération,Intersection en T,Normale,Sans collision,,,,,,,,,,,5,2,3,1,7.0
201600054751,0016-11-30 12:38:00,16,11,30,12,38,750,115,"4, RUE LOUIS ARMAND",48.8332,2.27732,Plein jour,En agglomération,Hors intersection,Normale,Autre collision,,,,,,,,,,,1,2,1,1,6.0
201600054752,0016-11-30 19:30:00,16,11,30,19,30,750,115,"65, RUE DU THEATRE",48.8481,2.29018,Nuit avec éclairage allumé,En agglomération,Intersection en X,Normale,Deux véhicules - côté,,,,,,,,,,,5,2,2,1,3.0
201600054753,0016-12-03 16:00:00,16,12,3,16,0,750,115,"10, RUE GASTON BOISSIER",48.8289,2.29408,Plein jour,En agglomération,Intersection en X,Temps éblouissant,Autre collision,,,,,,,,,,,1,2,2,7,6.0
201600054754,0016-12-03 18:30:00,16,12,3,18,30,750,115,RUE DES ENTREPRENEURS,48.8437,2.29297,Plein jour,En agglomération,Intersection à plus de 4 branches,Normale,Deux véhicules - frontale,,,,,,,,,,,1,2,5,1,1.0
201600054755,0016-12-03 20:15:00,16,12,3,20,15,750,115,"68, AVENUE FELIX FAURE",48.8401,2.28539,Nuit avec éclairage allumé,En agglomération,Intersection en T,Normale,Deux véhicules - côté,,,,,,,,,,,5,2,3,1,3.0
201600054756,0016-12-04 12:10:00,16,12,4,12,10,750,115,"107, RUE LECOURBE",48.8426,2.30268,Plein jour,En agglomération,Intersection à plus de 4 branches,Normale,Deux véhicules - côté,,,,,,,,,,,1,2,5,1,3.0
201600054757,0016-12-05 13:20:00,16,12,5,13,20,750,115,"61, RUE EMERIAU",48.848,2.28447,Plein jour,En agglomération,Intersection en T,Normale,Autre collision,,,,,,,,,,,1,2,3,1,6.0
201600054758,0016-12-06 16:50:00,16,12,6,16,50,750,115,"200, RUE DE LA CONVENTIO",48.8372,2.29641,Crépuscule ou aube,En agglomération,Intersection en X,Normale,Deux véhicules - côté,,,,,,,,,,,2,2,2,1,3.0
201600054759,0016-12-07 20:00:00,16,12,7,20,0,750,115,"22, AVENUE EMILE ZOLA",48.8462,2.28005,Nuit avec éclairage allumé,En agglomération,Hors intersection,Normale,Deux véhicules - côté,,,,,,,,,,,5,2,1,1,3.0
201600054760,0016-12-08 12:50:00,16,12,8,12,50,750,115,"22, RUE DE L EGLISE",48.8449,2.28607,Plein jour,En agglomération,Intersection en T,Normale,Autre collision,,,,,,,,,,,1,2,3,1,6.0
201600054761,0016-12-09 15:45:00,16,12,9,15,45,750,115,"103, RUE DES ENTREPRENEU",48.8436,2.29323,Plein jour,En agglomération,Hors intersection,Normale,Autre collision,,,,,,,,,,,1,2,1,1,6.0
201600054762,0016-12-12 11:15:00,16,12,12,11,15,750,115,"92, BOULEVARD LEFEBVRE",48.8286,2.30138,Plein jour,En agglomération,Intersection en X,Normale,Deux véhicules - côté,,,,,,,,,,,1,2,2,1,3.0
201600054763,0016-12-12 15:00:00,16,12,12,15,0,750,115,"57, RUE CAMBRONNE",48.8443,2.30227,Plein jour,En agglomération,Hors intersection,Normale,Autre collision,,,,,,,,,,,1,2,1,1,6.0
201600054764,0016-12-13 08:20:00,16,12,13,8,20,750,115,RUE DE LOURMEL,48.8437,2.2863,Plein jour,En agglomération,Intersection en X,Pluie légère,Deux véhicules - côté,,,,,,,,,,,1,2,2,2,3.0
201600054765,0016-12-13 08:10:00,16,12,13,8,10,750,115,QUAI DE GRENELLE,48.8507,2.28397,Crépuscule ou aube,En agglomération,Intersection en X,Pluie forte,Autre collision,,,,,,,,,,,2,2,2,3,6.0
201600054766,0016-12-13 10:00:00,16,12,13,10,0,750,115,"17, AVENUE EMILE ZOLA",48.8462,2.27952,Plein jour,En agglomération,Intersection en Y,Pluie légère,Deux véhicules - côté,,,,,,,,,,,1,2,4,2,3.0
201600054767,0016-12-15 21:30:00,16,12,15,21,30,750,115,"18, BOULEVARD DE VAUGIRA",48.8416,2.31829,Nuit avec éclairage allumé,En agglomération,Intersection en T,Normale,Autre collision,,,,,,,,,,,5,2,3,1,6.0
201600054768,0016-12-16 19:00:00,16,12,16,19,0,750,115,RUE DES ENTREPRENEURS,48.8448,2.29019,Nuit avec éclairage allumé,En agglomération,Place,Normale,Autre collision,,,,,,,,,,,5,2,7,1,6.0
201600054769,0016-12-16 22:20:00,16,12,16,22,20,750,115,"26, BOULEVARD DE VAUGIRA",48.8417,2.31878,Nuit avec éclairage allumé,En agglomération,Hors intersection,Normale,Autre collision,,,,,,,,,,,5,2,1,1,6.0
201600054770,0016-12-19 14:48:00,16,12,19,14,48,750,115,"76, RUE DE JAVEL",48.8446,2.28428,Plein jour,En agglomération,Hors intersection,Normale,Autre collision,,,,,,,,,,,1,2,1,1,6.0
201600054771,0016-12-19 18:10:00,16,12,19,18,10,750,115,"41, BOULEVARD VICTOR",48.8337,2.28561,Nuit avec éclairage allumé,En agglomération,Hors intersection,Normale,Trois véhicules et plus - collisions multiples,,,,,,,,,,,5,2,1,1,5.0
201600054772,0016-12-22 10:35:00,16,12,22,10,35,750,115,RUE BRANCION,48.8347,2.30515,Plein jour,En agglomération,Intersection en X,Temps couvert,Autre collision,,,,,,,,,,,1,2,2,8,6.0
201600054773,0016-12-22 18:55:00,16,12,22,18,55,750,115,"39, RUE DU HAMEAU",48.8334,2.2864,Nuit avec éclairage allumé,En agglomération,Intersection en T,Normale,Deux véhicules - arrière,,,,,,,,,,,5,2,3,1,2.0
201600054774,0016-12-23 23:55:00,16,12,23,23,55,750,115,RUE LABROUSTE,48.8339,2.30809,Nuit avec éclairage allumé,En agglomération,Intersection en X,Normale,Deux véhicules - côté,,,,,,,,,,,5,2,2,1,3.0
201600054775,0016-12-25 17:55:00,16,12,25,17,55,750,115,RUE DE LA CONVENTION,48.8411,2.28788,Nuit avec éclairage allumé,En agglomération,Intersection en X,Normale,Autre collision,,,,,,,,,,,5,2,2,1,6.0
201600054776,0016-12-26 15:05:00,16,12,26,15,5,750,115,"42, RUE DE LA CONVENTION",48.8441,2.28121,Plein jour,En agglomération,Intersection en X,Normale,Autre collision,,,,,,,,,,,1,2,2,1,6.0
201600054777,0016-12-27 15:20:00,16,12,27,15,20,750,115,"17, RUE DE L ARRIVEE",48.8429,2.32181,Plein jour,En agglomération,Hors intersection,Normale,Autre collision,,,,,,,,,,,1,2,1,1,6.0
201600054778,0016-12-27 21:00:00,16,12,27,21,0,750,115,"57, BOULEVARD DE GRENELL",48.8509,2.29259,Nuit avec éclairage allumé,En agglomération,Intersection à plus de 4 branches,Normale,Autre collision,,,,,,,,,,,5,2,5,1,6.0
201600054779,0016-12-29 14:00:00,16,12,29,14,0,750,115,"170, RUE DE LA CONVENTIO",48.8385,2.29359,Plein jour,En agglomération,Hors intersection,Normale,Deux véhicules - arrière,,,,,,,,,,,1,2,1,1,2.0
201600054780,0016-01-01 02:50:00,16,1,1,2,50,750,116,VOIE GEORGES POMPIDOU,48.8391,2.26692,Nuit avec éclairage allumé,En agglomération,Hors intersection,Normale,Autre collision,,,,,,,,,,,5,2,1,1,6.0
201600054781,0016-01-01 05:40:00,16,1,1,5,40,750,116,AVENUE DU PRESIDENT KENN,48.8529,2.28104,Nuit avec éclairage allumé,En agglomération,Intersection à plus de 4 branches,Normale,Sans collision,,,,,,,,,,,5,2,5,1,7.0
201600054782,0016-01-02 22:10:00,16,1,2,22,10,750,116,PLACE CLEMENT ADER,48.8513,2.27844,Nuit avec éclairage allumé,En agglomération,Place,Pluie légère,Deux véhicules - côté,,,,,,,,,,,5,2,7,2,3.0
201600054783,0016-01-02 22:45:00,16,1,2,22,45,750,116,ROUTE DE SURESNES,48.865,2.23445,Nuit avec éclairage allumé,En agglomération,Intersection en X,Pluie légère,Autre collision,,,,,,,,,,,5,2,2,2,6.0
201600054784,0016-01-03 01:00:00,16,1,3,1,0,750,116,AVENUE DE LA PORTE D AUT,48.848,2.25126,Nuit avec éclairage allumé,En agglomération,Intersection en T,Normale,Deux véhicules - côté,,,,,,,,,,,5,2,3,1,3.0
201600054785,0016-01-05 09:40:00,16,1,5,9,40,750,116,RUE HENRY DE LA VAULX,48.836,2.25679,Plein jour,En agglomération,Hors intersection,Pluie légère,Sans collision,,,,,,,,,,,1,2,1,2,7.0
201600054786,0016-01-05 09:55:00,16,1,5,9,55,750,116,RUE DES VIGNES,48.8573,2.27299,Plein jour,En agglomération,Intersection en X,Pluie légère,Autre collision,,,,,,,,,,,1,2,2,2,6.0
201600054787,0016-01-05 15:00:00,16,1,5,15,0,750,116,"61, AVENUE MOZART",48.8542,2.2691,Plein jour,En agglomération,Hors intersection,Normale,Autre collision,,,,,,,,,,,1,2,1,1,6.0
201600054788,0016-01-05 14:00:00,16,1,5,14,0,750,116,AVENUE DE LA PORTE D AUT,48.848,2.25004,Plein jour,En agglomération,Hors intersection,Temps couvert,Deux véhicules - côté,,,,,,,,,,,1,2,1,8,3.0
201600054789,0016-01-05 20:20:00,16,1,5,20,20,750,116,"07, AVENUE INGRES",48.8572,2.26518,Plein jour,En agglomération,Hors intersection,Normale,Autre collision,,,,,,,,,,,1,2,1,1,6.0
201600054790,0016-01-06 01:50:00,16,1,6,1,50,750,116,CARREFOUR DE LONGCHAMP,48.8638,2.24025,Nuit avec éclairage non allumé,En agglomération,Place,Normale,Autre collision,,,,,,,,,,,4,2,7,1,6.0
201600054791,0016-01-06 07:45:00,16,1,6,7,45,750,116,"02, BOULEVARD FLANDRIN",48.8642,2.27237,Crépuscule ou aube,En agglomération,Place,Pluie légère,Deux véhicules - côté,,,,,,,,,,,2,2,7,2,3.0
201600054792,0016-01-06 13:00:00,16,1,6,13,0,750,116,AVENUE DU PRESIDENT WILS,48.8649,2.29452,Plein jour,En agglomération,Place,Normale,Autre collision,,,,,,,,,,,1,2,7,1,6.0
201600054793,0016-01-06 17:50:00,16,1,6,17,50,750,116,"21, AVENUE DU PRESIDENT",48.8647,2.29453,Nuit avec éclairage allumé,En agglomération,Place,Normale,Autre collision,,,,,,,,,,,5,2,7,1,6.0
201600054794,0016-01-06 19:00:00,16,1,6,19,0,750,108,"142, BOULEVARD HAUSSMANN",48.8752,2.31281,Nuit avec éclairage allumé,En agglomération,Intersection en T,Normale,Autre collision,,,,,,,,,,,5,2,3,1,6.0
201600054795,0016-01-08 22:55:00,16,1,8,22,55,750,116,RUE CHARDON LAGACHE,48.8468,2.26834,Nuit avec éclairage allumé,En agglomération,Intersection en T,Normale,Deux véhicules - côté,,,,,,,,,,,5,2,3,1,3.0
201600054796,0016-01-10 02:10:00,16,1,10,2,10,750,116,BOULEVARD SUCHET,48.8574,2.26463,Nuit avec éclairage allumé,En agglomération,Intersection en X,Pluie forte,Deux véhicules - arrière,,,,,,,,,,,5,2,2,3,2.0
201600054797,0016-01-11 09:35:00,16,1,11,9,35,750,116,BOULEVARD PERIPHERIQUE I,48.8699,2.27174,Plein jour,En agglomération,Intersection en Y,Normale,Deux véhicules - côté,,,,,,,,,,,1,2,4,1,3.0
201600054798,0016-01-11 18:30:00,16,1,11,18,30,750,116,"60, AVENUE PAUL DOUMER",48.86,2.27997,Nuit avec éclairage allumé,En agglomération,Hors intersection,Normale,Deux véhicules - arrière,,,,,,,,,,,5,2,1,1,2.0
201600054799,0016-01-14 14:45:00,16,1,14,14,45,750,116,"01, AVENUE INGRES",48.8581,2.26949,Plein jour,En agglomération,Hors intersection,Normale,Autre collision,,,,,,,,,,,1,2,1,1,6.0
201600054800,0016-01-14 23:18:00,16,1,14,23,18,750,116,"182, AVENUE DE VERSAILLE",48.8396,2.26284,Nuit avec éclairage allumé,En agglomération,Intersection en X,Normale,Deux véhicules - côté,,,,,,,,,,,5,2,2,1,3.0
201600054801,0016-01-15 23:00:00,16,1,15,23,0,750,116,PLACE CHARLES DE GAULLE,48.874,2.29417,Nuit avec éclairage allumé,En agglomération,Giratoire,Normale,Deux véhicules - côté,,,,,,,,,,,5,2,6,1,3.0
201600054802,0016-01-16 00:10:00,16,1,16,0,10,750,116,ALLEE DE LONGCHAMP,48.8688,2.25398,Nuit avec éclairage allumé,En agglomération,Hors intersection,Normale,Autre collision,,,,,,,,,,,5,2,1,1,6.0
201600054803,0016-01-16 13:25:00,16,1,16,13,25,750,116,ALLEE DU BORD DE L EAU,48.862,2.22905,Plein jour,En agglomération,Intersection en T,Normale,Deux véhicules - arrière,,,,,,,,,,,1,2,3,1,2.0
201600054804,0016-01-16 16:35:00,16,1,16,16,35,750,116,ALLEE DE LONGCHAMP,48.8678,2.25104,Plein jour,En agglomération,Intersection en X,Normale,Deux véhicules - côté,,,,,,,,,,,1,2,2,1,3.0
201600054805,0016-01-17 01:15:00,16,1,17,1,15,750,116,"34, AVENUE KLEBER",48.8703,2.29248,Nuit avec éclairage allumé,En agglomération,Hors intersection,Normale,Autre collision,,,,,,,,,,,5,2,1,1,6.0
201600054806,0016-01-19 00:20:00,16,1,19,0,20,750,116,"131, AVENUE DE VERSAILLE",48.8426,2.2687,Nuit avec éclairage allumé,En agglomération,Intersection en T,Normale,Autre collision,,,,,,,,,,,5,2,3,1,6.0
201600054807,0016-01-20 18:15:00,16,1,20,18,15,750,116,RUE ERLANGER,48.8453,2.26042,Nuit avec éclairage allumé,En agglomération,Intersection en X,Normale,Autre collision,,,,,,,,,,,5,2,2,1,6.0
201600054808,0016-01-20 13:20:00,16,1,20,13,20,750,116,"62, RUE RAYNOUARD",48.8548,2.27961,Plein jour,En agglomération,Intersection en T,Normale,Autre collision,,,,,,,,,,,1,2,3,1,6.0
201600054809,0016-01-21 15:50:00,16,1,21,15,50,750,116,PLACE DE LA PORTE D AUTE,48.848,2.25321,Plein jour,En agglomération,Intersection en Y,Temps éblouissant,Deux véhicules - arrière,,,,,,,,,,,1,2,4,7,2.0
201600054810,0016-01-21 23:35:00,16,1,21,23,35,750,116,RUE BENJAMIN FRANKLIN,48.8599,2.28553,Nuit avec éclairage allumé,En agglomération,Intersection en X,Normale,Sans collision,,,,,,,,,,,5,2,2,1,7.0
201600054811,0016-01-22 03:55:00,16,1,22,3,55,750,116,CARREFOUR DU BOUT DES LA,48.8684,2.26572,Nuit avec éclairage allumé,En agglomération,Intersection en T,Normale,Autre collision,,,,,,,,,,,5,2,3,1,6.0
201600054812,0016-01-24 12:40:00,16,1,24,12,40,750,116,PLACE DU MARECHAL DE LAT,48.8718,2.2741,Plein jour,En agglomération,Place,Normale,Deux véhicules - côté,,,,,,,,,,,1,2,7,1,3.0
201600054813,0016-01-25 10:15:00,16,1,25,10,15,750,116,"137, AVENUE DE VERSAILLE",48.8425,2.26845,Plein jour,En agglomération,Hors intersection,Normale,Deux véhicules - arrière,,,,,,,,,,,1,2,1,1,2.0
201600054814,0016-01-25 17:10:00,16,1,25,17,10,750,116,"139 BIS, AVENUE DE VERSA",48.8422,2.26797,Crépuscule ou aube,En agglomération,Intersection en T,Normale,Deux véhicules - côté,,,,,,,,,,,2,2,3,1,3.0
201600054815,0016-01-26 08:30:00,16,1,26,8,30,750,116,"37, BOULEVARD SUCHET",48.8569,2.26435,Plein jour,En agglomération,Hors intersection,Normale,Deux véhicules - arrière,,,,,,,,,,,1,2,1,1,2.0
201600054816,0016-01-27 07:50:00,16,1,27,7,50,750,116,"137, AVENUE DE MALAKOFF",48.8751,2.28395,Nuit avec éclairage allumé,En agglomération,Intersection en X,Pluie légère,Deux véhicules - côté,,,,,,,,,,,5,2,2,2,3.0
201600054817,0016-01-27 17:40:00,16,1,27,17,40,750,108,"55, AVENUE MONTAIGNE",48.8681,2.30835,Crépuscule ou aube,En agglomération,Hors intersection,Normale,Deux véhicules - arrière,,,,,,,,,,,2,2,1,1,2.0
201600054818,0016-01-27 09:50:00,16,1,27,9,50,750,116,BOULEVARD LANNES,48.8696,2.27407,Plein jour,En agglomération,Intersection en Y,Normale,Sans collision,,,,,,,,,,,1,2,4,1,7.0
201600054819,0016-01-29 16:40:00,16,1,29,16,40,750,116,AVENUE BUGEAUD,48.8714,2.27756,Plein jour,En agglomération,Intersection à plus de 4 branches,Temps couvert,Deux véhicules - côté,,,,,,,,,,,1,2,5,8,3.0
201600054820,0016-01-30 05:30:00,16,1,30,5,30,750,116,"1, AVENUE DE LA PORTE MO",48.8454,2.2558,Nuit avec éclairage allumé,En agglomération,Intersection en Y,Normale,Autre collision,,,,,,,,,,,5,2,4,1,6.0
201600054821,0016-02-01 11:30:00,16,2,1,11,30,750,116,"36, AVENUE DU PRESIDENT",48.8639,2.29042,Plein jour,En agglomération,Intersection à plus de 4 branches,Normale,Autre collision,,,,,,,,,,,1,2,5,1,6.0
201600054822,0016-02-02 03:00:00,16,2,2,3,0,750,116,AVENUE FOCH,48.873,2.28763,Nuit avec éclairage allumé,En agglomération,Hors intersection,Normale,Sans collision,,,,,,,,,,,5,2,1,1,7.0
201600054823,0016-02-03 07:45:00,16,2,3,7,45,750,116,AVENUE FELIX D HERELLE,48.8347,2.25567,Crépuscule ou aube,En agglomération,Hors intersection,Pluie légère,Autre collision,,,,,,,,,,,2,2,1,2,6.0
201600054824,0016-02-04 17:30:00,16,2,4,17,30,750,116,BOULEVARD EXELMANS,48.8453,2.25866,Crépuscule ou aube,En agglomération,Intersection à plus de 4 branches,Pluie légère,Autre collision,,,,,,,,,,,2,2,5,2,6.0
201600054825,0016-02-05 10:10:00,16,2,5,10,10,750,116,ROUTE DES TRIBUNES,48.8636,2.23714,Plein jour,En agglomération,Hors intersection,Normale,Deux véhicules - arrière,,,,,,,,,,,1,2,1,1,2.0
201600054826,0016-02-05 18:00:00,16,2,5,18,0,750,116,"08, AVENUE PIERRE 1ER DE",48.8657,2.2958,Nuit avec éclairage allumé,En agglomération,Intersection en X,Normale,Autre collision,,,,,,,,,,,5,2,2,1,6.0
201600054827,0016-02-07 15:15:00,16,2,7,15,15,750,116,"94, AVENUE VICTOR HUGO",48.869,2.28368,Plein jour,En agglomération,Hors intersection,Normale,Deux véhicules - côté,,,,,,,,,,,1,2,1,1,3.0