accident_id,datetime,annee,mois,jour,heure,minute,departement,commune_insee,adresse,latitude,longitude,luminosite,agglomeration,intersection,meteo,collision,nb_vehicules,nb_usagers,nb_indemnes,nb_tues,nb_blesses_hosp,nb_blesses_legers,age_cond_1,age_cond_2,veh_type_cond_1,veh_type_cond_2,lum_code,agg_code,int_code,atm_code,col_code
201600054828,0016-02-08 17:00:00,16,2,8,17,0,750,116,AVENUE D IENA,48.8732,2.29513,Crépuscule ou aube,En agglomération,Place,Pluie légère,Deux véhicules - frontale,,,,,,,,,,,2,2,7,2,1.0
201600054829,0016-02-08 23:20:00,16,2,8,23,20,750,116,BOULEVARD LANNES,48.8645,2.26976,Nuit avec éclairage allumé,En agglomération,Intersection en T,Normale,Deux véhicules - côté,,,,,,,,,,,5,2,3,1,3.0
201600054830,0016-02-10 13:45:00,16,2,10,13,45,750,116,ALLEE DU BORD DE L EAU,48.8734,2.24381,Plein jour,En agglomération,Hors intersection,Normale,Trois véhicules et plus - en chaîne,,,,,,,,,,,1,2,1,1,4.0
201600054831,0016-02-11 12:20:00,16,2,11,12,20,750,116,RUE DE MAGDEBOURG,48.8639,2.29042,Plein jour,En agglomération,Intersection en T,Normale,Autre collision,,,,,,,,,,,1,2,3,1,6.0
201600054832,0016-02-10 22:00:00,16,2,10,22,0,750,116,"29, BOULEVARD MURAT",48.8453,2.25751,Nuit avec éclairage allumé,En agglomération,Place,Normale,Deux véhicules - côté,,,,,,,,,,,5,2,7,1,3.0
201600054833,0016-02-15 06:30:00,16,2,15,6,30,750,116,"156, AVENUE DE VERSAILLE",48.8407,2.26499,Nuit avec éclairage allumé,En agglomération,Intersection en X,Normale,Autre collision,,,,,,,,,,,5,2,2,1,6.0
201600054834,0016-02-16 09:23:00,16,2,16,9,23,750,116,QUAI LOUIS BLERIOT,48.8396,2.26716,Plein jour,En agglomération,Intersection en T,Normale,Deux véhicules - côté,,,,,,,,,,,1,2,3,1,3.0
201600054835,0016-02-16 15:45:00,16,2,16,15,45,750,116,BOULEVARD PERIPHERIQUE,48.8685,2.27026,Plein jour,En agglomération,Hors intersection,Normale,Trois véhicules et plus - en chaîne,,,,,,,,,,,1,2,1,1,4.0
201600054836,0016-02-17 11:15:00,16,2,17,11,15,750,116,"93, AVENUE KLEBER",48.8639,2.28784,Plein jour,En agglomération,Hors intersection,Normale,Autre collision,,,,,,,,,,,1,2,1,1,6.0
201600054837,0016-02-17 11:05:00,16,2,17,11,5,750,116,"77, RUE MICHEL ANGE",48.842,2.25923,Plein jour,En agglomération,Hors intersection,Normale,Deux véhicules - arrière,,,,,,,,,,,1,2,1,1,2.0
201600054838,0016-02-17 20:05:00,16,2,17,20,5,750,116,"1, AVENUE VICTOR HUGO",48.873,2.2931,Nuit avec éclairage allumé,En agglomération,Intersection en X,Normale,Deux véhicules - arrière,,,,,,,,,,,5,2,2,1,2.0
201600054839,0016-02-16 09:30:00,16,2,16,9,30,750,116,"22, AVENUE RAYMOND POINC",48.865,2.28649,Plein jour,En agglomération,Intersection en X,Normale,Autre collision,,,,,,,,,,,1,2,2,1,6.0
201600054840,0016-02-18 10:15:00,16,2,18,10,15,750,116,"63, RUE DE LA POMPE",48.8628,2.27629,Plein jour,En agglomération,Intersection à plus de 4 branches,Normale,Autre collision,,,,,,,,,,,1,2,5,1,6.0
201600054841,0016-02-18 15:00:00,16,2,18,15,0,750,116,ROUTE DE SURESNES,48.8694,2.26815,Plein jour,En agglomération,Hors intersection,Vent fort / tempête,Autre collision,,,,,,,,,,,1,2,1,6,6.0
201600054842,0016-02-18 17:45:00,16,2,18,17,45,750,116,RUE GEORGE SAND,48.8491,2.26938,Plein jour,En agglomération,Intersection en X,Pluie légère,Deux véhicules - côté,,,,,,,,,,,1,2,2,2,3.0
201600054843,0016-02-18 18:30:00,16,2,18,18,30,750,116,"25, BOULEVARD SUCHET",48.8587,2.26549,Nuit avec éclairage allumé,En agglomération,Hors intersection,Pluie légère,Deux véhicules - côté,,,,,,,,,,,5,2,1,2,3.0
201600054844,0016-02-18 19:50:00,16,2,18,19,50,750,116,"131, AVENUE VICTOR HUGO",48.8679,2.28107,Nuit avec éclairage allumé,En agglomération,Place,Pluie légère,Deux véhicules - côté,,,,,,,,,,,5,2,7,2,3.0
201600054845,0016-02-18 20:30:00,16,2,18,20,30,750,116,ROUTE DE LA PTE DES SABL,48.8768,2.27456,Nuit avec éclairage allumé,En agglomération,Hors intersection,Normale,Deux véhicules - côté,,,,,,,,,,,5,2,1,1,3.0
201600054846,0016-02-18 12:30:00,16,2,18,12,30,750,116,"95, AVENUE RAYMOND POINC",48.8708,2.28498,Plein jour,En agglomération,Intersection en Y,Pluie légère,Deux véhicules - arrière,,,,,,,,,,,1,2,4,2,2.0
201600054847,0016-02-19 10:45:00,16,2,19,10,45,750,116,"19, RUE GEORGE SAND",48.8497,2.26859,Plein jour,En agglomération,Intersection en X,Normale,Autre collision,,,,,,,,,,,1,2,2,1,6.0
201600054848,0016-02-19 16:35:00,16,2,19,16,35,750,116,BOULEVARD MURAT,48.8415,2.2561,Plein jour,En agglomération,Intersection en T,Normale,Deux véhicules - côté,,,,,,,,,,,1,2,3,1,3.0
201600054849,0016-02-19 21:15:00,16,2,19,21,15,750,116,AVENUE DE LA PORTE DE SA,48.8384,2.25405,Nuit avec éclairage non allumé,En agglomération,Intersection en X,Normale,Deux véhicules - côté,,,,,,,,,,,4,2,2,1,3.0
201600054850,0016-02-20 18:30:00,16,2,20,18,30,750,108,PLACE DE LA CONCORDE,48.8644,2.32029,Nuit avec éclairage allumé,En agglomération,Place,Normale,Deux véhicules - côté,,,,,,,,,,,5,2,7,1,3.0
201600054851,0016-02-22 08:30:00,16,2,22,8,30,750,116,AVENUE D IENA,48.8732,2.29513,Plein jour,En agglomération,Giratoire,Normale,Deux véhicules - côté,,,,,,,,,,,1,2,6,1,3.0
201600054852,0016-02-22 18:10:00,16,2,22,18,10,750,116,"154, AVENUE RAYMOND POIN",48.8716,2.28481,Crépuscule ou aube,En agglomération,Hors intersection,Pluie légère,Autre collision,,,,,,,,,,,2,2,1,2,6.0
201600054853,0016-02-23 06:20:00,16,2,23,6,20,750,108,PLACE DE LA CONCORDE,48.8659,2.31989,Nuit avec éclairage allumé,En agglomération,Place,Pluie légère,Deux véhicules - côté,,,,,,,,,,,5,2,7,2,3.0
201600054854,0016-02-28 11:20:00,16,2,28,11,20,750,116,AVENUE DU MAHATMA GANDHI,48.8772,2.269,Plein jour,En agglomération,Hors intersection,Normale,Deux véhicules - arrière,,,,,,,,,,,1,2,1,1,2.0
201600054855,0016-03-01 18:50:00,16,3,1,18,50,750,116,"56, AVENUE D IENA",48.868,2.29595,Nuit sans éclairage public,En agglomération,Place,Pluie légère,Autre collision,,,,,,,,,,,3,2,7,2,6.0
201600054856,0016-03-02 13:45:00,16,3,2,13,45,750,116,"161, AVENUE DE MALAKOFF",48.8771,2.28345,Plein jour,En agglomération,Place,Pluie légère,Sans collision,,,,,,,,,,,1,2,7,2,7.0
201600054857,0016-03-02 17:35:00,16,3,2,17,35,750,116,"1, AVENUE PAUL DOUMER",48.8619,2.28613,Crépuscule ou aube,En agglomération,Intersection en X,Pluie légère,Deux véhicules - côté,,,,,,,,,,,2,2,2,2,3.0
201600054858,0016-03-03 15:25:00,16,3,3,15,25,750,116,"46, RUE DE L ASSOMPTION",48.8544,2.27021,Plein jour,En agglomération,Intersection à plus de 4 branches,Normale,Autre collision,,,,,,,,,,,1,2,5,1,6.0
201600054859,0016-03-03 15:55:00,16,3,3,15,55,750,108,"53, BOULEVARD DE COURCEL",48.8791,2.30309,Plein jour,En agglomération,Place,Normale,Deux véhicules - côté,,,,,,,,,,,1,2,7,1,3.0
201600054860,0016-03-04 17:40:00,16,3,4,17,40,750,116,"19, AVENUE D IENA",48.8662,2.29483,Plein jour,En agglomération,Hors intersection,Normale,Deux véhicules - arrière,,,,,,,,,,,1,2,1,1,2.0
201600054861,0016-03-04 18:15:00,16,3,4,18,15,750,116,"50, RUE SAINT DIDIER",48.8669,2.2841,Crépuscule ou aube,En agglomération,Hors intersection,Pluie légère,Autre collision,,,,,,,,,,,2,2,1,2,6.0
201600054862,0016-03-06 16:45:00,16,3,6,16,45,750,116,"42, RUE DE LA POMPE",48.8612,2.27546,Plein jour,En agglomération,Intersection en X,Pluie légère,Autre collision,,,,,,,,,,,1,2,2,2,6.0
201600054863,0016-03-06 22:10:00,16,3,6,22,10,750,116,AVENUE DE NEW YORK,48.8588,2.28906,Nuit avec éclairage allumé,En agglomération,Intersection en X,Normale,Deux véhicules - arrière,,,,,,,,,,,5,2,2,1,2.0
201600054864,0016-03-07 13:52:00,16,3,7,13,52,750,116,"112, RUE JEAN DE LA FONT",48.849,2.26636,Plein jour,En agglomération,Intersection à plus de 4 branches,Normale,Deux véhicules - arrière,,,,,,,,,,,1,2,5,1,2.0
201600054865,0016-03-07 13:40:00,16,3,7,13,40,750,116,"167, AVENUE DE VERSAILLE",48.8409,2.26529,Plein jour,En agglomération,Intersection à plus de 4 branches,Pluie légère,Deux véhicules - arrière,,,,,,,,,,,1,2,5,2,2.0
201600054866,0016-03-08 19:30:00,16,3,8,19,30,750,117,BOULEVARD PERIPHERIQUE I,48.8841,2.28562,Nuit avec éclairage allumé,En agglomération,Hors intersection,Normale,Sans collision,,,,,,,,,,,5,2,1,1,7.0
201600054867,0016-03-09 08:25:00,16,3,9,8,25,750,108,RUE ROYALE,48.8684,2.32324,Plein jour,En agglomération,Place,Pluie forte,Deux véhicules - côté,,,,,,,,,,,1,2,7,3,3.0
201600054868,0016-03-09 10:10:00,16,3,9,10,10,750,116,"56, AVENUE D IENA",48.868,2.29595,Plein jour,En agglomération,Place,Pluie forte,Deux véhicules - frontale,,,,,,,,,,,1,2,7,3,1.0
201600054869,0016-03-10 00:20:00,16,3,10,0,20,750,116,"53, AVENUE VICTOR HUGO",48.8712,2.28885,Nuit avec éclairage allumé,En agglomération,Intersection en X,Normale,Deux véhicules - arrière,,,,,,,,,,,5,2,2,1,2.0
201600054870,0016-03-10 19:15:00,16,3,10,19,15,750,116,AVENUE DE NEW YORK,48.8642,2.30091,Nuit sans éclairage public,En agglomération,Hors intersection,Normale,Deux véhicules - côté,,,,,,,,,,,3,2,1,1,3.0
201600054871,0016-03-11 14:55:00,16,3,11,14,55,750,116,"34, BOULEVARD EXELMANS",48.8415,2.26386,Plein jour,En agglomération,Intersection en X,Normale,Autre collision,,,,,,,,,,,1,2,2,1,6.0
201600054872,0016-03-11 16:50:00,16,3,11,16,50,750,116,PLACE DE VARSOVIE,48.8604,2.29115,Plein jour,En agglomération,Place,Normale,Deux véhicules - côté,,,,,,,,,,,1,2,7,1,3.0
201600054873,0016-03-12 17:05:00,16,3,12,17,5,750,116,ALLEE DES FORTIFICATIONS,48.8381,2.255,Plein jour,En agglomération,Intersection en X,Normale,Deux véhicules - arrière,,,,,,,,,,,1,2,2,1,2.0
201600054874,0016-03-13 00:40:00,16,3,13,0,40,750,116,"126, RUE DE LA POMPE",48.8671,2.28053,Nuit avec éclairage allumé,En agglomération,Hors intersection,Normale,Deux véhicules - côté,,,,,,,,,,,5,2,1,1,3.0
201600054875,0016-03-12 13:00:00,16,3,12,13,0,750,116,ROUTE DE SURESNES,48.8641,2.23629,Plein jour,En agglomération,Intersection en Y,Normale,Autre collision,,,,,,,,,,,1,2,4,1,6.0
201600054876,0016-03-14 19:15:00,16,3,14,19,15,750,116,"64, QUAI LOUIS BLERIOT",48.8471,2.27441,Nuit avec éclairage allumé,En agglomération,Intersection en X,Normale,Deux véhicules - côté,,,,,,,,,,,5,2,2,1,3.0
201600054877,0016-03-15 09:30:00,16,3,15,9,30,750,116,ROUTE DE SEVRES A NEUILL,48.8749,2.24915,Plein jour,En agglomération,Hors intersection,Normale,Deux véhicules - côté,,,,,,,,,,,1,2,1,1,3.0
201600054878,0016-03-16 15:20:00,16,3,16,15,20,750,116,"39, AVENUE MARCEAU",48.8685,2.29887,Plein jour,En agglomération,Intersection en X,Temps couvert,Deux véhicules - arrière,,,,,,,,,,,1,2,2,8,2.0
201600054879,0016-03-17 16:50:00,16,3,17,16,50,750,116,ALLEE DE LONGCHAMP,48.8683,2.25246,Plein jour,En agglomération,Hors intersection,Normale,Deux véhicules - côté,,,,,,,,,,,1,2,1,1,3.0
201600054880,0016-03-17 19:05:00,16,3,17,19,5,750,116,CARREFOUR DES ANCIENS CO,48.848,2.24273,Plein jour,En agglomération,Place,Normale,Deux véhicules - arrière,,,,,,,,,,,1,2,7,1,2.0
201600054881,0016-03-18 13:10:00,16,3,18,13,10,750,116,"19, BOULEVARD JULES SAND",48.8621,2.27255,Plein jour,En agglomération,Intersection en X,Normale,Autre collision,,,,,,,,,,,1,2,2,1,6.0
201600054882,0016-03-18 14:55:00,16,3,18,14,55,750,116,BOULEVARD PERIPHERIQUE I,48.8614,2.26432,Plein jour,En agglomération,Hors intersection,Normale,Deux véhicules - arrière,,,,,,,,,,,1,2,1,1,2.0
201600054883,0016-03-18 23:40:00,16,3,18,23,40,750,116,PLACE CHARLES DE GAULLE,48.874,2.29417,Nuit avec éclairage allumé,En agglomération,Giratoire,Normale,Autre collision,,,,,,,,,,,5,2,6,1,6.0
201600054884,0016-03-19 00:20:00,16,3,19,0,20,750,116,BOULEVARD EXELMANS,48.8432,2.26015,Nuit avec éclairage allumé,En agglomération,Intersection à plus de 4 branches,Normale,Autre collision,,,,,,,,,,,5,2,5,1,6.0
201600054885,0016-03-21 20:45:00,16,3,21,20,45,750,116,"15, AVENUE VICTOR HUGO",48.8724,2.29177,Nuit avec éclairage allumé,En agglomération,Hors intersection,Normale,Deux véhicules - côté,,,,,,,,,,,5,2,1,1,3.0
201600054886,0016-03-22 09:38:00,16,3,22,9,38,750,116,"15, AVENUE BUGEAUD",48.8702,2.28281,Plein jour,En agglomération,Intersection en X,Normale,Autre collision,,,,,,,,,,,1,2,2,1,6.0
201600054887,0016-03-22 17:50:00,16,3,22,17,50,750,116,"87, RUE DE LA POMPE",48.8646,2.27811,Plein jour,En agglomération,Hors intersection,Normale,Autre collision,,,,,,,,,,,1,2,1,1,6.0
201600054888,0016-03-23 16:00:00,16,3,23,16,0,750,116,"18, RUE JEAN DE LA FONTA",48.8521,2.27449,Plein jour,En agglomération,Hors intersection,Normale,Deux véhicules - arrière,,,,,,,,,,,1,2,1,1,2.0
201600054889,0016-03-24 08:15:00,16,3,24,8,15,750,116,AVENUE DE LA PORTE D AUT,48.8481,2.25304,Plein jour,En agglomération,Intersection en Y,Normale,Deux véhicules - côté,,,,,,,,,,,1,2,4,1,3.0
201600054890,0016-03-24 07:45:00,16,3,24,7,45,750,116,BOULEVARD PERIPHERIQUE I,48.8416,2.25418,Plein jour,En agglomération,Hors intersection,Normale,Trois véhicules et plus - en chaîne,,,,,,,,,,,1,2,1,1,4.0
201600054891,0016-03-24 10:50:00,16,3,24,10,50,750,116,AVENUE GEORGES LAFONT,48.8371,2.25658,Plein jour,En agglomération,Intersection à plus de 4 branches,Normale,Deux véhicules - côté,,,,,,,,,,,1,2,5,1,3.0
201600054892,0016-03-24 10:30:00,16,3,24,10,30,750,116,PLACE CHARLES DE GAULLE,48.8732,2.29513,Plein jour,En agglomération,Place,Normale,Deux véhicules - côté,,,,,,,,,,,1,2,7,1,3.0
201600054893,0016-03-24 18:05:00,16,3,24,18,5,750,116,"1, RUE GIRODET",48.848,2.26406,Crépuscule ou aube,En agglomération,Intersection à plus de 4 branches,Normale,Autre collision,,,,,,,,,,,2,2,5,1,6.0
201600054894,0016-03-25 14:30:00,16,3,25,14,30,750,116,"32, RUE SAINT DIDIER",48.8662,2.28623,Plein jour,En agglomération,Intersection à plus de 4 branches,Normale,Autre collision,,,,,,,,,,,1,2,5,1,6.0
201600054895,0016-03-27 18:30:00,16,3,27,18,30,750,116,PLACE CHARLES DE GAULLE,48.8732,2.29458,Plein jour,En agglomération,Place,Normale,Autre collision,,,,,,,,,,,1,2,7,1,6.0
201600054896,0016-03-28 23:35:00,16,3,28,23,35,750,116,AVENUE FOCH,48.8718,2.27641,Nuit avec éclairage allumé,En agglomération,Place,Normale,Autre collision,,,,,,,,,,,5,2,7,1,6.0
201600054897,0016-03-29 09:10:00,16,3,29,9,10,750,116,ROUTE DES LACS A PASSY,48.8583,2.26115,Plein jour,En agglomération,Intersection en Y,Normale,Deux véhicules - arrière,,,,,,,,,,,1,2,4,1,2.0
201600054898,0016-03-29 10:05:00,16,3,29,10,5,750,116,"89, AVENUE KLEBER",48.8637,2.28774,Plein jour,En agglomération,Hors intersection,Normale,Autre collision,,,,,,,,,,,1,2,1,1,6.0
201600054899,0016-03-26 12:50:00,16,3,26,12,50,750,116,"48, AVENUE DE NEW YORK",48.8625,2.29373,Plein jour,En agglomération,Hors intersection,Normale,Autre collision,,,,,,,,,,,1,2,1,1,6.0
201600054900,0016-03-29 15:30:00,16,3,29,15,30,750,116,BOULEVARD PERIPHERIQUE E,48.844,2.25452,Plein jour,En agglomération,Hors intersection,Pluie légère,Deux véhicules - arrière,,,,,,,,,,,1,2,1,2,2.0
201600054901,0016-03-30 00:30:00,16,3,30,0,30,750,116,BOULEVARD FLANDRIN,48.8686,2.27413,Nuit avec éclairage allumé,En agglomération,Intersection en X,Normale,Deux véhicules - côté,,,,,,,,,,,5,2,2,1,3.0
201600054902,0016-04-03 00:20:00,16,4,3,0,20,750,116,ALLEE DE LONGCHAMP,48.8737,2.26755,Nuit avec éclairage allumé,En agglomération,Hors intersection,Pluie légère,Autre collision,,,,,,,,,,,5,2,1,2,6.0
201600054903,0016-04-03 07:00:00,16,4,3,7,0,750,116,AVENUE ALBERT DE MUN,48.8629,2.29191,Crépuscule ou aube,En agglomération,Intersection en X,Normale,Sans collision,,,,,,,,,,,2,2,2,1,7.0
201600054904,0016-04-03 22:00:00,16,4,3,22,0,750,116,RUE DE LONGCHAMP,48.8686,2.27413,Nuit avec éclairage allumé,En agglomération,Intersection à plus de 4 branches,Normale,Deux véhicules - arrière,,,,,,,,,,,5,2,5,1,2.0
201600054905,0016-04-04 10:20:00,16,4,4,10,20,750,116,"/, AVENUE DE NEW YORK",48.8635,2.29717,Plein jour,En agglomération,Hors intersection,Normale,Deux véhicules - arrière,,,,,,,,,,,1,2,1,1,2.0
201600054906,0016-04-04 20:15:00,16,4,4,20,15,750,116,ALLEE DE LONGCHAMP,48.8725,2.26444,Plein jour,En agglomération,Intersection en X,Normale,Deux véhicules - côté,,,,,,,,,,,1,2,2,1,3.0
201600054907,0016-04-06 19:30:00,16,4,6,19,30,750,116,"46, RUE DE BOULAINVILLIE",48.8555,2.27508,Nuit avec éclairage allumé,En agglomération,Intersection en Y,Pluie légère,Sans collision,,,,,,,,,,,5,2,4,2,7.0
201600054908,0016-04-06 23:00:00,16,4,6,23,0,750,116,AVENUE DE LA PORTE D AUT,48.848,2.24963,Nuit avec éclairage allumé,En agglomération,Hors intersection,Normale,Deux véhicules - côté,,,,,,,,,,,5,2,1,1,3.0
201600054909,0016-04-07 01:15:00,16,4,7,1,15,750,116,"46, AVENUE DE NEW YORK",48.8625,2.2939,Nuit avec éclairage allumé,En agglomération,Hors intersection,Normale,Autre collision,,,,,,,,,,,5,2,1,1,6.0
201600054910,0016-04-07 18:20:00,16,4,7,18,20,750,116,"38, RUE POUSSIN",48.8486,2.26263,Plein jour,En agglomération,Hors intersection,Normale,Deux véhicules - côté,,,,,,,,,,,1,2,1,1,3.0
201600054911,0016-04-08 11:20:00,16,4,8,11,20,750,116,"101, BOULEVARD EXELMANS",48.8453,2.25866,Plein jour,En agglomération,Intersection à plus de 4 branches,Temps couvert,Deux véhicules - côté,,,,,,,,,,,1,2,5,8,3.0
201600054912,0016-04-08 13:59:00,16,4,8,13,59,750,116,ROUTE DES TRIBUNES,48.8633,2.2317,Plein jour,En agglomération,Hors intersection,Normale,Deux véhicules - arrière,,,,,,,,,,,1,2,1,1,2.0
201600054913,0016-04-08 23:15:00,16,4,8,23,15,750,116,RUE DE LA POMPE,48.8595,2.27519,Nuit avec éclairage allumé,En agglomération,Intersection à plus de 4 branches,Normale,Deux véhicules - côté,,,,,,,,,,,5,2,5,1,3.0
201600054914,0016-04-09 05:30:00,16,4,9,5,30,750,116,ALLEE DE LONGCHAMP,48.8678,2.25104,Nuit avec éclairage allumé,En agglomération,Intersection à plus de 4 branches,Normale,Autre collision,,,,,,,,,,,5,2,5,1,6.0
201600054915,0016-04-11 09:30:00,16,4,11,9,30,750,116,"61, AVENUE HENRI MARTIN",48.8638,2.2789,Plein jour,En agglomération,Intersection en T,Pluie légère,Autre collision,,,,,,,,,,,1,2,3,2,6.0
201600054916,0016-04-11 16:15:00,16,4,11,16,15,750,116,"6, RUE D AUTEUIL",48.8475,2.26836,Plein jour,En agglomération,Hors intersection,Pluie légère,Autre collision,,,,,,,,,,,1,2,1,2,6.0
201600054917,0016-04-12 08:45:00,16,4,12,8,45,750,116,ROUTE DES TRIBUNES,48.8594,2.22935,Plein jour,En agglomération,Hors intersection,Normale,Autre collision,,,,,,,,,,,1,2,1,1,6.0
201600054918,0016-04-12 14:30:00,16,4,12,14,30,750,116,"6-14, RUE LA PEROUSE",48.869,2.29277,Plein jour,En agglomération,Hors intersection,Normale,Deux véhicules - arrière,,,,,,,,,,,1,2,1,1,2.0
201600054919,0016-04-13 19:55:00,16,4,13,19,55,750,116,ALLEE DE LA REINE MARGUE,48.8585,2.24489,Plein jour,En agglomération,Intersection en X,Normale,Deux véhicules - côté,,,,,,,,,,,1,2,2,1,3.0
201600054920,0016-04-14 23:35:00,16,4,14,23,35,750,116,ALLEE DE LONGCHAMP,48.8678,2.25104,Nuit sans éclairage public,En agglomération,Intersection en X,Normale,Deux véhicules - côté,,,,,,,,,,,3,2,2,1,3.0
201600054921,0016-04-15 21:55:00,16,4,15,21,55,750,116,AVENUE DE LA PORTE DE SA,48.8387,2.25462,Nuit avec éclairage allumé,En agglomération,Intersection en Y,Normale,Autre collision,,,,,,,,,,,5,2,4,1,6.0
201600054922,0016-04-18 08:15:00,16,4,18,8,15,750,116,"83, AVENUE FOCH",48.8712,2.27614,Plein jour,En agglomération,Intersection en X,Temps éblouissant,Autre collision,,,,,,,,,,,1,2,2,7,6.0
201600054923,0016-04-19 17:10:00,16,4,19,17,10,750,116,"35, AVENUE PIERRE 1ER DE",48.8675,2.29922,Plein jour,En agglomération,Intersection en X,Normale,Deux véhicules - arrière,,,,,,,,,,,1,2,2,1,2.0
201600054924,0016-04-19 19:45:00,16,4,19,19,45,750,116,RUE NICOLO,48.8591,2.27986,Crépuscule ou aube,En agglomération,Intersection en T,Normale,Autre collision,,,,,,,,,,,2,2,3,1,6.0
201600054925,0016-04-20 09:35:00,16,4,20,9,35,750,116,PLACE DU MARECHAL DE LAT,48.8721,2.27459,Plein jour,En agglomération,Place,Normale,Deux véhicules - côté,,,,,,,,,,,1,2,7,1,3.0
201600054926,0016-04-20 12:57:00,16,4,20,12,57,750,116,PLACE CLEMENT ADER,48.8513,2.27844,Plein jour,En agglomération,Place,Normale,Deux véhicules - côté,,,,,,,,,,,1,2,7,1,3.0
201600054927,0016-04-20 18:40:00,16,4,20,18,40,750,116,"/, AVENUE DE LA GRANDE A",48.8742,2.29359,Plein jour,En agglomération,Hors intersection,Normale,Deux véhicules - arrière,,,,,,,,,,,1,2,1,1,2.0
201600054928,0016-04-21 00:15:00,16,4,21,0,15,750,116,AVENUE DE L HIPPODROME,48.8599,2.24185,Nuit avec éclairage allumé,En agglomération,Hors intersection,Normale,Deux véhicules - côté,,,,,,,,,,,5,2,1,1,3.0
201600054929,0016-04-21 01:00:00,16,4,21,1,0,750,116,"34, RUE DE PASSY",48.8579,2.28096,Nuit avec éclairage allumé,En agglomération,Intersection en T,Normale,Deux véhicules - côté,,,,,,,,,,,5,2,3,1,3.0
201600054930,0016-04-23 09:55:00,16,4,23,9,55,750,116,"6, RUE ALFRED BRUNEAU",48.8557,2.27707,Plein jour,En agglomération,Hors intersection,Normale,Autre collision,,,,,,,,,,,1,2,1,1,6.0
201600054931,0016-04-23 11:30:00,16,4,23,11,30,750,116,"155, AVENUE DE VERSAILLE",48.8415,2.26656,Plein jour,En agglomération,Intersection en T,Normale,Deux véhicules - côté,,,,,,,,,,,1,2,3,1,3.0
201600054932,0016-04-26 10:40:00,16,4,26,10,40,750,116,"65, BOULEVARD SUCHET",48.8509,2.26047,Plein jour,En agglomération,Intersection en T,Normale,Autre collision,,,,,,,,,,,1,2,3,1,6.0
201600054933,0016-04-27 16:15:00,16,4,27,16,15,750,116,ROUTE DE LA PTE DAUPHINE,48.8768,2.27058,Plein jour,En agglomération,Hors intersection,Normale,Autre collision,,,,,,,,,,,1,2,1,1,6.0
201600054934,0016-04-27 18:20:00,16,4,27,18,20,750,116,"15, RUE FELICIEN DAVID",48.8499,2.27463,Plein jour,En agglomération,Hors intersection,Normale,Autre collision,,,,,,,,,,,1,2,1,1,6.0
201600054935,0016-04-27 18:30:00,16,4,27,18,30,750,116,"/, ROUTE DES LACS A PASS",48.8579,2.26294,Plein jour,En agglomération,Intersection à plus de 4 branches,Normale,Deux véhicules - côté,,,,,,,,,,,1,2,5,1,3.0
201600054936,0016-04-28 16:40:00,16,4,28,16,40,750,116,CARREFOUR DE LONGCHAMP,48.8638,2.24025,Plein jour,En agglomération,Intersection en Y,Normale,Autre collision,,,,,,,,,,,1,2,4,1,6.0
201600054937,0016-05-01 13:20:00,16,5,1,13,20,750,116,"19, RUE DU GENERAL APPER",48.8691,2.27521,Plein jour,En agglomération,Hors intersection,Normale,Autre collision,,,,,,,,,,,1,2,1,1,6.0
201600054938,0016-05-03 08:30:00,16,5,3,8,30,750,116,ALLEE DE LONGCHAMP,48.8703,2.25814,Plein jour,En agglomération,Hors intersection,Normale,Deux véhicules - côté,,,,,,,,,,,1,2,1,1,3.0
201600054939,0016-05-04 17:15:00,16,5,4,17,15,750,116,BOULEVARD PERIPHERIQUE I,48.8591,2.26241,Plein jour,En agglomération,Hors intersection,Normale,Deux véhicules - côté,,,,,,,,,,,1,2,1,1,3.0
201600054940,0016-05-06 02:30:00,16,5,6,2,30,750,116,"1, RUE DE CHAILLOT",48.8657,2.2958,Nuit avec éclairage allumé,En agglomération,Intersection en X,Normale,Deux véhicules - côté,,,,,,,,,,,5,2,2,1,3.0
201600054941,0016-05-06 09:30:00,16,5,6,9,30,750,116,AVENUE DE LA PORTE D AUT,48.848,2.24759,Plein jour,En agglomération,Hors intersection,Normale,Trois véhicules et plus - collisions multiples,,,,,,,,,,,1,2,1,1,5.0
201600054942,0016-05-08 22:20:00,16,5,8,22,20,750,116,ALLEE DES FORTIFICATIONS,48.8545,2.26103,Nuit avec éclairage allumé,En agglomération,Hors intersection,Normale,Deux véhicules - côté,,,,,,,,,,,5,2,1,1,3.0
201600054943,0016-05-10 18:25:00,16,5,10,18,25,750,116,AVENUE EDOUARD VAILLANT,48.8365,2.25592,Plein jour,En agglomération,Intersection en X,Pluie légère,Deux véhicules - côté,,,,,,,,,,,1,2,2,2,3.0
201600054944,0016-05-10 23:56:00,16,5,10,23,56,750,116,AVENUE DE VERSAILLES,48.8409,2.26529,Nuit avec éclairage allumé,En agglomération,Intersection en X,Normale,Deux véhicules - côté,,,,,,,,,,,5,2,2,1,3.0
201600054945,0016-05-11 01:20:00,16,5,11,1,20,750,116,"52, AVENUE KLEBER",48.869,2.29155,Nuit avec éclairage allumé,En agglomération,Intersection à plus de 4 branches,Normale,Deux véhicules - côté,,,,,,,,,,,5,2,5,1,3.0
201600054946,0016-05-12 13:15:00,16,5,12,13,15,750,116,RUE DE LA TOUR,48.8602,2.28103,Plein jour,En agglomération,Intersection en X,Normale,Deux véhicules - arrière,,,,,,,,,,,1,2,2,1,2.0
201600054947,0016-05-13 20:25:00,16,5,13,20,25,750,116,ALLEE DE LONGCHAMP,48.8712,2.26057,Plein jour,En agglomération,Hors intersection,Normale,Deux véhicules - côté,,,,,,,,,,,1,2,1,1,3.0