accident_id,datetime,annee,mois,jour,heure,minute,departement,commune_insee,adresse,latitude,longitude,luminosite,agglomeration,intersection,meteo,collision,nb_vehicules,nb_usagers,nb_indemnes,nb_tues,nb_blesses_hosp,nb_blesses_legers,age_cond_1,age_cond_2,veh_type_cond_1,veh_type_cond_2,lum_code,agg_code,int_code,atm_code,col_code
201600055068,0016-07-25 10:20:00,16,7,25,10,20,750,116,"18, AVENUE KLEBER",48.8713,2.29318,Plein jour,En agglomération,Intersection en T,Normale,Deux véhicules - côté,,,,,,,,,,,1,2,3,1,3.0
201600055069,0016-07-27 01:20:00,16,7,27,1,20,750,116,"42, QUAI LOUIS BLERIOT",48.8485,2.2757,Nuit avec éclairage allumé,En agglomération,Intersection en T,Normale,Autre collision,,,,,,,,,,,5,2,3,1,6.0
201600055070,0016-07-28 16:35:00,16,7,28,16,35,750,116,ALLEE DE LONGCHAMP,48.8678,2.25104,Plein jour,En agglomération,Intersection à plus de 4 branches,Normale,Autre collision,,,,,,,,,,,1,2,5,1,6.0
201600055071,0016-07-29 21:45:00,16,7,29,21,45,750,116,"118, AVENUE DE VERSAILLE",48.8426,2.2687,Nuit avec éclairage allumé,En agglomération,Intersection en T,Normale,Autre collision,,,,,,,,,,,5,2,3,1,6.0
201600055072,0016-07-30 17:45:00,16,7,30,17,45,750,116,ROUTE DE SEVRES A NEUILL,48.8687,2.24378,Plein jour,En agglomération,Hors intersection,Normale,Autre collision,,,,,,,,,,,1,2,1,1,6.0
201600055073,0016-08-01 06:40:00,16,8,1,6,40,750,116,"49, AVENUE DE LA GRANDE",48.8758,2.28866,Plein jour,En agglomération,Hors intersection,Normale,Deux véhicules - arrière,,,,,,,,,,,1,2,1,1,2.0
201600055074,0016-08-01 21:35:00,16,8,1,21,35,750,116,ALLEE DE LA REINE MARGUE,48.865,2.24909,Nuit avec éclairage allumé,En agglomération,Intersection à plus de 4 branches,Normale,Deux véhicules - côté,,,,,,,,,,,5,2,5,1,3.0
201600055075,0016-08-03 14:30:00,16,8,3,14,30,750,116,ROUTE DE SEVRES A NEUILL,48.8552,2.23753,Plein jour,En agglomération,Intersection en Y,Normale,Autre collision,,,,,,,,,,,1,2,4,1,6.0
201600055076,0016-08-03 20:30:00,16,8,3,20,30,750,117,"139, AVENUE DE LA PORTE",48.8966,2.32863,Plein jour,En agglomération,Intersection en Y,Normale,Deux véhicules - côté,,,,,,,,,,,1,2,4,1,3.0
201600055077,0016-08-08 08:59:00,16,8,8,8,59,750,116,ALLEE DE LONGCHAMP,48.8749,2.27109,Plein jour,En agglomération,Intersection en X,Normale,Autre collision,,,,,,,,,,,1,2,2,1,6.0
201600055078,0016-08-10 09:15:00,16,8,10,9,15,750,116,"8, AVENUE DE NEW YORK",48.8639,2.29889,Plein jour,En agglomération,Intersection en Y,Normale,Deux véhicules - arrière,,,,,,,,,,,1,2,4,1,2.0
201600055079,0016-08-12 18:20:00,16,8,12,18,20,750,116,AVENUE GEORGES LAFONT,48.8365,2.25592,Plein jour,En agglomération,Intersection en X,Normale,Deux véhicules - côté,,,,,,,,,,,1,2,2,1,3.0
201600055080,0016-08-12 19:10:00,16,8,12,19,10,750,116,AVENUE DE NEW YORK,48.8633,2.29631,Plein jour,En agglomération,Intersection en T,Normale,Autre collision,,,,,,,,,,,1,2,3,1,6.0
201600055081,0016-08-13 17:45:00,16,8,13,17,45,750,116,PLACE CHARLES DE GAULLE,48.8735,2.29423,Plein jour,En agglomération,Place,Normale,Deux véhicules - côté,,,,,,,,,,,1,2,7,1,3.0
201600055082,0016-08-14 15:30:00,16,8,14,15,30,750,108,"45, RUE DES MATHURINS",48.8734,2.32365,Plein jour,En agglomération,Intersection en X,Normale,Autre collision,,,,,,,,,,,1,2,2,1,6.0
201600055083,0016-08-15 01:00:00,16,8,15,1,0,750,116,ALLEE DE LONGCHAMP,48.873,2.26586,Nuit avec éclairage allumé,En agglomération,Hors intersection,Normale,Deux véhicules - arrière,,,,,,,,,,,5,2,1,1,2.0
201600055084,0016-08-18 08:50:00,16,8,18,8,50,750,116,PLACE CHARLES DE GAULLE,48.874,2.29417,Plein jour,En agglomération,Place,Temps couvert,Deux véhicules - côté,,,,,,,,,,,1,2,7,8,3.0
201600055085,0016-08-18 17:00:00,16,8,18,17,0,750,116,"55, BOULEVARD MURAT",48.8432,2.25646,Plein jour,En agglomération,Hors intersection,Normale,Autre collision,,,,,,,,,,,1,2,1,1,6.0
201600055086,0016-08-19 10:10:00,16,8,19,10,10,750,117,"86, BOULEVARD DE COURCEL",48.8796,2.30499,Plein jour,En agglomération,Intersection en X,Normale,Deux véhicules - arrière,,,,,,,,,,,1,2,2,1,2.0
201600055087,0016-08-19 16:23:00,16,8,19,16,23,750,116,"30, RUE DU RANELAGH",48.8539,2.27675,Plein jour,En agglomération,Hors intersection,Pluie légère,Deux véhicules - arrière,,,,,,,,,,,1,2,1,2,2.0
201600055088,0016-08-21 05:40:00,16,8,21,5,40,750,116,AVENUE DE LA PORTE D AUT,48.848,2.25126,Plein jour,En agglomération,Intersection en T,Normale,Deux véhicules - côté,,,,,,,,,,,1,2,3,1,3.0
201600055089,0016-08-21 19:15:00,16,8,21,19,15,750,116,AVENUE DE LA PORTE D AUT,48.848,2.24611,Crépuscule ou aube,En agglomération,Hors intersection,Normale,Autre collision,,,,,,,,,,,2,2,1,1,6.0
201600055090,0016-08-23 23:05:00,16,8,23,23,5,750,116,PLACE DE LA PORTE MAILLO,48.877,2.28307,Nuit avec éclairage allumé,En agglomération,Place,Normale,Deux véhicules - côté,,,,,,,,,,,5,2,7,1,3.0
201600055091,0016-08-23 13:35:00,16,8,23,13,35,750,116,"/, AVENUE FOCH",48.8712,2.27614,Plein jour,En agglomération,Intersection en X,Normale,Deux véhicules - côté,,,,,,,,,,,1,2,2,1,3.0
201600055092,0016-08-24 15:15:00,16,8,24,15,15,750,116,"44, AVENUE KLEBER",48.8698,2.2921,Plein jour,En agglomération,Hors intersection,Normale,Deux véhicules - côté,,,,,,,,,,,1,2,1,1,3.0
201600055093,0016-08-24 11:50:00,16,8,24,11,50,750,116,"60, AVENUE DE NEW YORK",48.8585,2.28867,Plein jour,En agglomération,Hors intersection,Normale,Deux véhicules - côté,,,,,,,,,,,1,2,1,1,3.0
201600055094,0016-08-25 21:00:00,16,8,25,21,0,750,116,ROUTE DE LA MUETTE A NEU,48.8645,2.26648,Crépuscule ou aube,En agglomération,Intersection en T,Normale,Autre collision,,,,,,,,,,,2,2,3,1,6.0
201600055095,0016-08-26 01:40:00,16,8,26,1,40,750,116,AVENUE DE L HIPPODROME,48.8601,2.24154,Nuit avec éclairage allumé,En agglomération,Hors intersection,Normale,Autre collision,,,,,,,,,,,5,2,1,1,6.0
201600055096,0016-08-23 20:15:00,16,8,23,20,15,750,116,AVENUE DE L HIPPODROME,48.8585,2.24489,Crépuscule ou aube,En agglomération,Intersection en X,Normale,Deux véhicules - côté,,,,,,,,,,,2,2,2,1,3.0
201600055097,0016-08-26 16:45:00,16,8,26,16,45,750,116,"101, BOULEVARD MURAT",48.8399,2.2563,Plein jour,En agglomération,Place,Normale,Autre collision,,,,,,,,,,,1,2,7,1,6.0
201600055098,0016-08-28 01:00:00,16,8,28,1,0,750,116,"133 BIS, AVENUE DE VERSA",48.8426,2.2687,Nuit avec éclairage allumé,En agglomération,Intersection en T,Normale,Deux véhicules - côté,,,,,,,,,,,5,2,3,1,3.0
201600055099,0016-08-28 15:20:00,16,8,28,15,20,750,116,"16, AVENUE DODE DE LA BR",48.8363,2.25709,Plein jour,En agglomération,Hors intersection,Normale,Deux véhicules - arrière,,,,,,,,,,,1,2,1,1,2.0
201600055100,0016-08-25 14:00:00,16,8,25,14,0,750,116,"46, AVENUE DU PRESIDENT",48.8547,2.28379,Plein jour,En agglomération,Hors intersection,Normale,Deux véhicules - côté,,,,,,,,,,,1,2,1,1,3.0
201600055101,0016-08-29 18:50:00,16,8,29,18,50,750,116,BOULEVARD PERIPHERIQUE I,48.8574,2.25922,Plein jour,En agglomération,Hors intersection,Normale,Deux véhicules - arrière,,,,,,,,,,,1,2,1,1,2.0
201600055102,0016-08-31 10:05:00,16,8,31,10,5,750,116,"108, AVENUE KLEBER",48.865,2.28866,Plein jour,En agglomération,Intersection en X,Normale,Deux véhicules - côté,,,,,,,,,,,1,2,2,1,3.0
201600055103,0016-08-31 13:15:00,16,8,31,13,15,750,116,ALLEE DU BORD DE L EAU,48.8703,2.23916,Plein jour,En agglomération,Hors intersection,Normale,Autre collision,,,,,,,,,,,1,2,1,1,6.0
201600055104,0016-09-01 08:45:00,16,9,1,8,45,750,116,VOIE GEORGES POMPIDOU,48.8552,2.28485,Plein jour,En agglomération,Hors intersection,Normale,Deux véhicules - côté,,,,,,,,,,,1,2,1,1,3.0
201600055105,0016-09-01 10:15:00,16,9,1,10,15,750,116,"16, AVENUE DU PRESIDENT",48.857,2.28675,Plein jour,En agglomération,Hors intersection,Normale,Deux véhicules - arrière,,,,,,,,,,,1,2,1,1,2.0
201600055106,0016-09-01 17:30:00,16,9,1,17,30,750,116,BOULEVARD PERIPHERIQUE I,48.8548,2.25537,Plein jour,En agglomération,Hors intersection,Normale,Trois véhicules et plus - en chaîne,,,,,,,,,,,1,2,1,1,4.0
201600055107,0016-09-02 02:45:00,16,9,2,2,45,750,116,AVENUE VICTOR HUGO,48.873,2.2931,Nuit avec éclairage allumé,En agglomération,Intersection en X,Normale,Autre collision,,,,,,,,,,,5,2,2,1,6.0
201600055108,0016-09-02 08:45:00,16,9,2,8,45,750,116,"66, AVENUE DE NEW YORK",48.8579,2.28795,Plein jour,En agglomération,Intersection en X,Normale,Deux véhicules - côté,,,,,,,,,,,1,2,2,1,3.0
201600055109,0016-09-02 09:25:00,16,9,2,9,25,750,116,"79, AVENUE MOZART",48.8531,2.26845,Plein jour,En agglomération,Hors intersection,Normale,Deux véhicules - côté,,,,,,,,,,,1,2,1,1,3.0
201600055110,0016-09-02 12:10:00,16,9,2,12,10,750,116,"/, BOULEVARD PERIPHERIQU",48.8685,2.27026,Plein jour,En agglomération,Hors intersection,Normale,Trois véhicules et plus - en chaîne,,,,,,,,,,,1,2,1,1,4.0
201600055111,0016-09-02 18:00:00,16,9,2,18,0,750,116,ROUTE DE LA MUETTE A NEU,48.8637,2.26732,Plein jour,En agglomération,Intersection en T,Normale,Deux véhicules - arrière,,,,,,,,,,,1,2,3,1,2.0
201600055112,0016-09-03 09:38:00,16,9,3,9,38,750,116,ROUTE DE SEVRES A NEUILL,48.8607,2.23734,Plein jour,En agglomération,Hors intersection,Normale,Autre collision,,,,,,,,,,,1,2,1,1,6.0
201600055113,0016-09-03 15:35:00,16,9,3,15,35,750,116,VOIE GEORGES POMPIDOU,48.856,2.28595,Plein jour,En agglomération,Hors intersection,Normale,Deux véhicules - arrière,,,,,,,,,,,1,2,1,1,2.0
201600055114,0016-09-04 05:00:00,16,9,4,5,0,750,116,"10, AVENUE DE NEW YORK",48.8639,2.29889,Nuit avec éclairage allumé,En agglomération,Intersection en T,Normale,Sans collision,,,,,,,,,,,5,2,3,1,7.0
201600055115,0016-09-05 11:45:00,16,9,5,11,45,750,116,"29, RUE DES SABLONS",48.8647,2.28265,Plein jour,En agglomération,Hors intersection,Pluie légère,Autre collision,,,,,,,,,,,1,2,1,2,6.0
201600055116,0016-09-05 13:50:00,16,9,5,13,50,750,116,"39, RUE D AUTEUIL",48.8477,2.26575,Plein jour,En agglomération,Hors intersection,Temps couvert,Deux véhicules - côté,,,,,,,,,,,1,2,1,8,3.0
201600055117,0016-09-05 19:30:00,16,9,5,19,30,750,116,PONT DE SURESNES,48.8668,2.23,Plein jour,En agglomération,Hors intersection,Pluie légère,Autre collision,,,,,,,,,,,1,2,1,2,6.0
201600055118,0016-09-05 22:22:00,16,9,5,22,22,750,116,AVENUE DE L HIPPODROME,48.8623,2.23822,Nuit avec éclairage allumé,En agglomération,Intersection en X,Normale,Deux véhicules - côté,,,,,,,,,,,5,2,2,1,3.0
201600055119,0016-09-06 00:55:00,16,9,6,0,55,750,116,ALLEE DE LA REINE MARGUE,48.865,2.24909,Nuit avec éclairage allumé,En agglomération,Intersection à plus de 4 branches,Normale,Autre collision,,,,,,,,,,,5,2,5,1,6.0
201600055120,0016-09-05 13:30:00,16,9,5,13,30,750,116,"1, RUE BENJAMIN FRANKLIN",48.8624,2.28699,Plein jour,En agglomération,Place,Pluie légère,Sans collision,,,,,,,,,,,1,2,7,2,7.0
201600055121,0016-09-06 13:00:00,16,9,6,13,0,750,116,PLACE CLEMENT ADER,48.8514,2.27824,Plein jour,En agglomération,Place,Normale,Deux véhicules - côté,,,,,,,,,,,1,2,7,1,3.0
201600055122,0016-09-07 08:10:00,16,9,7,8,10,750,116,"1, RUE MIRABEAU",48.8473,2.27341,Plein jour,En agglomération,Place,Normale,Autre collision,,,,,,,,,,,1,2,7,1,6.0
201600055123,0016-09-07 08:05:00,16,9,7,8,5,750,116,"2, RUE LECONTE DE LISLE",48.8482,2.2699,Plein jour,En agglomération,Place,Normale,Autre collision,,,,,,,,,,,1,2,7,1,6.0
201600055124,0016-09-07 09:20:00,16,9,7,9,20,750,116,"126, AVENUE DE VERSAILLE",48.8421,2.26777,Plein jour,En agglomération,Hors intersection,Normale,Trois véhicules et plus - en chaîne,,,,,,,,,,,1,2,1,1,4.0
201600055125,0016-09-07 18:15:00,16,9,7,18,15,750,116,BOULEVARD DE L AMIRAL BR,48.874,2.27768,Plein jour,En agglomération,Hors intersection,Normale,Autre collision,,,,,,,,,,,1,2,1,1,6.0
201600055126,0016-09-08 01:30:00,16,9,8,1,30,750,116,BOULEVARD DE L AMIRAL BR,48.8721,2.27549,Nuit avec éclairage allumé,En agglomération,Place,Normale,Autre collision,,,,,,,,,,,5,2,7,1,6.0
201600055127,0016-09-08 21:50:00,16,9,8,21,50,750,116,"8, AVENUE DE NEW YORK",48.8641,2.29948,Nuit avec éclairage allumé,En agglomération,Intersection en T,Normale,Sans collision,,,,,,,,,,,5,2,3,1,7.0
201600055128,0016-09-08 13:20:00,16,9,8,13,20,750,116,"89, AVENUE PAUL DOUMER",48.8587,2.276,Plein jour,En agglomération,Hors intersection,Normale,Deux véhicules - arrière,,,,,,,,,,,1,2,1,1,2.0
201600055129,0016-09-10 00:30:00,16,9,10,0,30,750,116,BOULEVARD D AUTEUIL,48.8454,2.2558,Nuit avec éclairage allumé,En agglomération,Intersection à plus de 4 branches,Normale,Autre collision,,,,,,,,,,,5,2,5,1,6.0
201600055130,0016-09-10 01:25:00,16,9,10,1,25,750,116,"19, RUE JEAN DE LA FONTA",48.8517,2.27359,Nuit avec éclairage allumé,En agglomération,Hors intersection,Normale,Autre collision,,,,,,,,,,,5,2,1,1,6.0
201600055131,0016-09-11 16:45:00,16,9,11,16,45,750,116,AVENUE DE NEW YORK,48.8593,2.28991,Plein jour,En agglomération,Hors intersection,Normale,Autre collision,,,,,,,,,,,1,2,1,1,6.0
201600055132,0016-09-11 04:50:00,16,9,11,4,50,750,116,ALLEE DE LA REINE MARGUE,48.8585,2.24489,Nuit avec éclairage allumé,En agglomération,Intersection en X,Normale,Deux véhicules - côté,,,,,,,,,,,5,2,2,1,3.0
201600055133,0016-09-12 08:05:00,16,9,12,8,5,750,116,ALLEE DE LA REINE MARGUE,48.8577,2.24432,Plein jour,En agglomération,Hors intersection,Normale,Autre collision,,,,,,,,,,,1,2,1,1,6.0
201600055134,0016-09-12 10:45:00,16,9,12,10,45,750,116,"13, RUE DE BOULAINVILLIE",48.8525,2.27624,Plein jour,En agglomération,Hors intersection,Normale,Deux véhicules - côté,,,,,,,,,,,1,2,1,1,3.0
201600055135,0016-09-13 01:30:00,16,9,13,1,30,750,117,"03, PLACE DE WAGRAM",48.887,2.30462,Nuit avec éclairage allumé,En agglomération,Place,Normale,Autre collision,,,,,,,,,,,5,2,7,1,6.0
201600055136,0016-09-13 22:50:00,16,9,13,22,50,750,116,AVENUE DE NEW YORK,48.8588,2.28906,Nuit avec éclairage allumé,En agglomération,Intersection en Y,Normale,Sans collision,,,,,,,,,,,5,2,4,1,7.0
201600055137,0016-09-13 22:55:00,16,9,13,22,55,750,116,AVENUE DE NEW YORK,48.8588,2.28906,Nuit avec éclairage allumé,En agglomération,Intersection en Y,Normale,Sans collision,,,,,,,,,,,5,2,4,1,7.0
201600055138,0016-09-14 07:15:00,16,9,14,7,15,750,116,"60, AVENUE DE NEW YORK",48.8588,2.28906,Plein jour,En agglomération,Intersection en Y,Normale,Autre collision,,,,,,,,,,,1,2,4,1,6.0
201600055139,0016-09-14 08:40:00,16,9,14,8,40,750,116,AVENUE FOCH,48.8714,2.27756,Plein jour,En agglomération,Intersection à plus de 4 branches,Normale,Autre collision,,,,,,,,,,,1,2,5,1,6.0
201600055140,0016-09-14 11:30:00,16,9,14,11,30,750,116,PLACE DE COLOMBIE,48.863,2.26851,Plein jour,En agglomération,Place,Normale,Deux véhicules - côté,,,,,,,,,,,1,2,7,1,3.0
201600055141,0016-09-14 18:00:00,16,9,14,18,0,750,116,AVENUE HENRI MARTIN,48.864,2.27186,Plein jour,En agglomération,Intersection à plus de 4 branches,Normale,Autre collision,,,,,,,,,,,1,2,5,1,6.0
201600055142,0016-09-15 08:12:00,16,9,15,8,12,750,116,ROUTE DES TRIBUNES,48.8635,2.23921,Plein jour,En agglomération,Intersection à plus de 4 branches,Pluie légère,Deux véhicules - côté,,,,,,,,,,,1,2,5,2,3.0
201600055143,0016-09-15 08:20:00,16,9,15,8,20,750,116,"1, RUE DE SONTAY",48.8699,2.28507,Plein jour,En agglomération,Place,Pluie légère,Autre collision,,,,,,,,,,,1,2,7,2,6.0
201600055144,0016-09-13 16:10:00,16,9,13,16,10,750,116,"5, AVENUE DU PRESIDENT W",48.8651,2.29889,Plein jour,En agglomération,Intersection en X,Normale,Trois véhicules et plus - en chaîne,,,,,,,,,,,1,2,2,1,4.0
201600055145,0016-09-15 20:50:00,16,9,15,20,50,750,116,"6, PLACE DE LA PORTE DE",48.8383,2.25731,Nuit avec éclairage allumé,En agglomération,Place,Normale,Deux véhicules - arrière,,,,,,,,,,,5,2,7,1,2.0
201600055146,0016-09-16 00:30:00,16,9,16,0,30,750,116,ALLEE DE LONGCHAMP,48.8725,2.26444,Nuit avec éclairage allumé,En agglomération,Intersection en X,Normale,Deux véhicules - arrière,,,,,,,,,,,5,2,2,1,2.0
201600055147,0016-09-17 13:40:00,16,9,17,13,40,750,116,"20, RUE BOISSIERE",48.866,2.29194,Plein jour,En agglomération,Hors intersection,Normale,Deux véhicules - arrière,,,,,,,,,,,1,2,1,1,2.0
201600055148,0016-09-17 23:35:00,16,9,17,23,35,750,116,ALLEE DE LONGCHAMP,48.866,2.24613,Nuit avec éclairage allumé,En agglomération,Intersection en X,Normale,Deux véhicules - côté,,,,,,,,,,,5,2,2,1,3.0
201600055149,0016-09-19 09:45:00,16,9,19,9,45,750,116,"06, AVENUE DE VERSAILLES",48.8509,2.27781,Plein jour,En agglomération,Hors intersection,Normale,Deux véhicules - arrière,,,,,,,,,,,1,2,1,1,2.0
201600055150,0016-09-19 12:00:00,16,9,19,12,0,750,116,"10, AVENUE INGRES",48.8574,2.26463,Plein jour,En agglomération,Intersection en X,Normale,Autre collision,,,,,,,,,,,1,2,2,1,6.0
201600055151,0016-09-19 08:05:00,16,9,19,8,5,750,116,"59, RUE PERGOLESE",48.8733,2.28107,Plein jour,En agglomération,Intersection en T,Normale,Deux véhicules - côté,,,,,,,,,,,1,2,3,1,3.0
201600055152,0016-09-18 21:30:00,16,9,18,21,30,750,116,"60, AVENUE DE NEW YORK",48.8585,2.28867,Plein jour,En agglomération,Hors intersection,Normale,Sans collision,,,,,,,,,,,1,2,1,1,7.0
201600055153,0016-09-21 15:30:00,16,9,21,15,30,750,116,ALLEE DU BORD DE L EAU,48.8724,2.24259,Plein jour,En agglomération,Hors intersection,Normale,Deux véhicules - arrière,,,,,,,,,,,1,2,1,1,2.0
201600055154,0016-09-21 17:30:00,16,9,21,17,30,750,116,PONT DU GARIGLIANO,48.8396,2.26773,Plein jour,En agglomération,Hors intersection,Normale,Deux véhicules - arrière,,,,,,,,,,,1,2,1,1,2.0
201600055155,0016-09-21 17:00:00,16,9,21,17,0,750,116,ROUTE DE SURESNES,48.869,2.26725,Plein jour,En agglomération,Hors intersection,Normale,Deux véhicules - côté,,,,,,,,,,,1,2,1,1,3.0
201600055156,0016-09-22 09:30:00,16,9,22,9,30,750,116,ROUTE DE LA MUETTE A NEU,48.8707,2.26423,Plein jour,En agglomération,Hors intersection,Normale,Deux véhicules - frontale,,,,,,,,,,,1,2,1,1,1.0
201600055157,0016-09-22 09:10:00,16,9,22,9,10,750,116,"69, AVENUE RAYMOND POINC",48.868,2.28574,Plein jour,En agglomération,Hors intersection,Normale,Autre collision,,,,,,,,,,,1,2,1,1,6.0
201600055158,0016-09-23 17:55:00,16,9,23,17,55,750,116,"206, AVENUE DE VERSAILLE",48.8387,2.26002,Plein jour,En agglomération,Hors intersection,Normale,Deux véhicules - côté,,,,,,,,,,,1,2,1,1,3.0
201600055159,0016-09-24 11:10:00,16,9,24,11,10,750,116,"98, AVENUE D IENA",48.8723,2.29527,Plein jour,En agglomération,Place,Normale,Deux véhicules - côté,,,,,,,,,,,1,2,7,1,3.0
201600055160,0016-09-25 02:20:00,16,9,25,2,20,750,116,ROUTE DES TRIBUNES,48.8636,2.23793,Nuit avec éclairage allumé,En agglomération,Hors intersection,Normale,Deux véhicules - arrière,,,,,,,,,,,5,2,1,1,2.0
201600055161,0016-09-25 05:50:00,16,9,25,5,50,750,116,"122, QUAI LOUIS BLERIOT",48.8431,2.27055,Crépuscule ou aube,En agglomération,Hors intersection,Normale,Autre collision,,,,,,,,,,,2,2,1,1,6.0
201600055162,0016-09-25 12:40:00,16,9,25,12,40,750,116,PLACE DU MARECHAL DE LAT,48.8718,2.2741,Plein jour,En agglomération,Place,Pluie légère,Deux véhicules - côté,,,,,,,,,,,1,2,7,2,3.0
201600055163,0016-09-26 18:15:00,16,9,26,18,15,750,116,"117, AVENUE VICTOR HUGO",48.8684,2.28228,Plein jour,En agglomération,Hors intersection,Normale,Autre collision,,,,,,,,,,,1,2,1,1,6.0
201600055164,0016-09-27 00:13:00,16,9,27,0,13,750,116,AVENUE DU PRESIDENT KENN,48.8545,2.28359,Nuit avec éclairage allumé,En agglomération,Intersection en T,Normale,Deux véhicules - côté,,,,,,,,,,,5,2,3,1,3.0
201600055165,0016-09-23 15:02:00,16,9,23,15,2,750,116,AVENUE DE LA PORTE MOLIT,48.8454,2.2558,Plein jour,En agglomération,Place,Normale,Sans collision,,,,,,,,,,,1,2,7,1,7.0
201600055166,0016-09-27 09:00:00,16,9,27,9,0,750,116,"37, RUE FELICIEN DAVID",48.8477,2.27251,Plein jour,En agglomération,Intersection en T,Normale,Autre collision,,,,,,,,,,,1,2,3,1,6.0
201600055167,0016-09-27 18:30:00,16,9,27,18,30,750,117,AVENUE DE LA PORTE DE CH,48.886,2.28914,Plein jour,En agglomération,Intersection à plus de 4 branches,Normale,Deux véhicules - côté,,,,,,,,,,,1,2,5,1,3.0
201600055168,0016-09-27 09:45:00,16,9,27,9,45,750,116,CARREFOUR DES CASCADES,48.8585,2.25736,Plein jour,En agglomération,Hors intersection,Normale,Autre collision,,,,,,,,,,,1,2,1,1,6.0
201600055169,0016-09-28 12:02:00,16,9,28,12,2,750,116,"28, AVENUE FOCH",48.8737,2.28869,Plein jour,En agglomération,Hors intersection,Normale,Sans collision,,,,,,,,,,,1,2,1,1,7.0
201600055170,0016-09-28 19:00:00,16,9,28,19,0,750,116,"25, AVENUE RAYMOND POINC",48.8654,2.28641,Crépuscule ou aube,En agglomération,Hors intersection,Normale,Autre collision,,,,,,,,,,,2,2,1,1,6.0
201600055171,0016-09-28 08:20:00,16,9,28,8,20,750,117,"104, BOULEVARD DE COURCE",48.879,2.3024,Plein jour,En agglomération,Intersection en T,Normale,Deux véhicules - côté,,,,,,,,,,,1,2,3,1,3.0
201600055172,0016-09-29 16:50:00,16,9,29,16,50,750,116,"11, RUE CLAUDE TERRASSE",48.8396,2.26329,Plein jour,En agglomération,Intersection en X,Normale,Autre collision,,,,,,,,,,,1,2,2,1,6.0
201600055173,0016-09-29 21:45:00,16,9,29,21,45,750,116,ALLEE DE LA REINE MARGUE,48.8585,2.24489,Nuit avec éclairage allumé,En agglomération,Intersection en X,Normale,Autre collision,,,,,,,,,,,5,2,2,1,6.0
201600055174,0016-09-30 14:30:00,16,9,30,14,30,750,116,AVENUE DES NATIONS UNIES,48.8609,2.29148,Plein jour,En agglomération,Place,Normale,Autre collision,,,,,,,,,,,1,2,7,1,6.0
201600055175,0016-10-01 03:45:00,16,10,1,3,45,750,116,AVENUE DE L HIPPODROME,48.8623,2.23822,Nuit avec éclairage allumé,En agglomération,Intersection en X,Pluie légère,Autre collision,,,,,,,,,,,5,2,2,2,6.0
201600055176,0016-10-02 13:30:00,16,10,2,13,30,750,116,AVENUE DE LA PORTE D AUT,48.8479,2.25623,Plein jour,En agglomération,Intersection en Y,Normale,Deux véhicules - côté,,,,,,,,,,,1,2,4,1,3.0
201600055177,0016-10-02 20:00:00,16,10,2,20,0,750,116,ALLEE DE LONGCHAMP,48.8755,2.27254,Nuit avec éclairage allumé,En agglomération,Hors intersection,Normale,Deux véhicules - arrière,,,,,,,,,,,5,2,1,1,2.0
201600055178,0016-10-03 10:10:00,16,10,3,10,10,750,116,BOULEVARD PERIPHERIQUE I,48.8699,2.27181,Plein jour,En agglomération,Hors intersection,Normale,Deux véhicules - côté,,,,,,,,,,,1,2,1,1,3.0
201600055179,0016-10-01 13:30:00,16,10,1,13,30,750,116,"01, ALLEE DU BORD DE L E",48.853,2.22626,Plein jour,En agglomération,Intersection en T,Normale,Deux véhicules - arrière,,,,,,,,,,,1,2,3,1,2.0
201600055180,0016-10-03 11:30:00,16,10,3,11,30,750,116,"129, RUE DE LA POMPE",48.8666,2.28011,Plein jour,En agglomération,Intersection en X,Normale,Autre collision,,,,,,,,,,,1,2,2,1,6.0
201600055181,0016-10-04 23:40:00,16,10,4,23,40,750,116,ROUTE DE SURESNES,48.865,2.23445,Nuit avec éclairage allumé,En agglomération,Intersection à plus de 4 branches,Normale,Deux véhicules - côté,,,,,,,,,,,5,2,5,1,3.0
201600055182,0016-10-06 08:30:00,16,10,6,8,30,750,116,RUE HENRY DE LA VAULX,48.8358,2.25705,Plein jour,En agglomération,Intersection en Y,Normale,Deux véhicules - côté,,,,,,,,,,,1,2,4,1,3.0
201600055183,0016-10-07 00:50:00,16,10,7,0,50,750,116,ALLEE DE LONGCHAMP,48.8678,2.25104,Nuit avec éclairage allumé,En agglomération,Intersection en X,Normale,Autre collision,,,,,,,,,,,5,2,2,1,6.0
201600055184,0016-10-04 10:00:00,16,10,4,10,0,750,116,"105, BOULEVARD EXELMANS",48.8453,2.25845,Plein jour,En agglomération,Intersection à plus de 4 branches,Normale,Autre collision,,,,,,,,,,,1,2,5,1,6.0
201600055185,0016-10-08 23:47:00,16,10,8,23,47,750,116,ROUTE DE SURESNES,48.865,2.23445,Nuit avec éclairage allumé,En agglomération,Intersection en X,Normale,Deux véhicules - côté,,,,,,,,,,,5,2,2,1,3.0
201600055186,0016-10-02 13:50:00,16,10,2,13,50,750,116,PORTE MAILLOT,48.8774,2.28138,Plein jour,En agglomération,Intersection en Y,Normale,Deux véhicules - côté,,,,,,,,,,,1,2,4,1,3.0
201600055187,0016-10-11 06:00:00,16,10,11,6,0,750,116,"14, AVENUE DU PRESIDENT",48.865,2.2957,Crépuscule ou aube,En agglomération,Hors intersection,Normale,Autre collision,,,,,,,,,,,2,2,1,1,6.0
201600055188,0016-10-11 08:30:00,16,10,11,8,30,750,116,"13, BOULEVARD D AUTEUIL",48.8456,2.25068,Plein jour,En agglomération,Intersection en X,Temps couvert,Deux véhicules - côté,,,,,,,,,,,1,2,2,8,3.0
201600055189,0016-10-11 17:00:00,16,10,11,17,0,750,116,AVENUE KLEBER,48.8668,2.28997,Plein jour,En agglomération,Intersection en X,Normale,Autre collision,,,,,,,,,,,1,2,2,1,6.0