accident_id,datetime,annee,mois,jour,heure,minute,departement,commune_insee,adresse,latitude,longitude,luminosite,agglomeration,intersection,meteo,collision,nb_vehicules,nb_usagers,nb_indemnes,nb_tues,nb_blesses_hosp,nb_blesses_legers,age_cond_1,age_cond_2,veh_type_cond_1,veh_type_cond_2,lum_code,agg_code,int_code,atm_code,col_code
201600055547,0016-07-18 19:30:00,16,7,18,19,30,750,117,BOULEVARD PERIPHERIQUE I,48.8804,2.28196,Plein jour,En agglomération,Hors intersection,Normale,Deux véhicules - côté,,,,,,,,,,,1,2,1,1,3.0
201600055548,0016-07-19 14:30:00,16,7,19,14,30,750,117,"99, RUE DE TOCQUEVILLE",48.8883,2.30644,Plein jour,En agglomération,Intersection en T,Normale,Autre collision,,,,,,,,,,,1,2,3,1,6.0
201600055549,0016-07-20 01:10:00,16,7,20,1,10,750,116,RUE DAVIOUD,48.8544,2.27021,Nuit avec éclairage allumé,En agglomération,Intersection à plus de 4 branches,Normale,Autre collision,,,,,,,,,,,5,2,5,1,6.0
201600055550,0016-07-20 03:50:00,16,7,20,3,50,750,117,PLACE DU GENERAL KOENIG,48.8807,2.28525,Nuit avec éclairage allumé,En agglomération,Place,Normale,Autre collision,,,,,,,,,,,5,2,7,1,6.0
201600055551,0016-07-20 15:25:00,16,7,20,15,25,750,117,"100, AVENUE DES TERNES",48.8805,2.28629,Plein jour,En agglomération,Hors intersection,Normale,Deux véhicules - côté,,,,,,,,,,,1,2,1,1,3.0
201600055552,0016-07-20 22:50:00,16,7,20,22,50,750,117,"1, BOULEVARD BESSIERES",48.8975,2.32893,Nuit avec éclairage allumé,En agglomération,Intersection à plus de 4 branches,Normale,Autre collision,,,,,,,,,,,5,2,5,1,6.0
201600055553,0016-07-21 11:00:00,16,7,21,11,0,750,117,BOULEVARD PERIPHERIQUE I,48.8974,2.31269,Plein jour,En agglomération,Hors intersection,Normale,Deux véhicules - côté,,,,,,,,,,,1,2,1,1,3.0
201600055554,0016-07-22 21:00:00,16,7,22,21,0,750,117,"216, RUE DE COURCELLES",48.8875,2.29467,Plein jour,En agglomération,Intersection à plus de 4 branches,Normale,Deux véhicules - côté,,,,,,,,,,,1,2,5,1,3.0
201600055555,0016-07-23 23:50:00,16,7,23,23,50,750,117,"95, AVENUE DE VILLIERS",48.8844,2.30125,Nuit avec éclairage allumé,En agglomération,Intersection en T,Normale,Deux véhicules - côté,,,,,,,,,,,5,2,3,1,3.0
201600055556,0016-07-24 12:30:00,16,7,24,12,30,750,117,"71, BOULEVARD GOUVION SA",48.8807,2.28525,Plein jour,En agglomération,Place,Normale,Deux véhicules - côté,,,,,,,,,,,1,2,7,1,3.0
201600055557,0016-07-24 16:35:00,16,7,24,16,35,750,117,"119, AVENUE DE CLICHY",48.89,2.32122,Plein jour,En agglomération,Intersection en T,Normale,Autre collision,,,,,,,,,,,1,2,3,1,6.0
201600055558,0016-07-24 23:10:00,16,7,24,23,10,750,117,"118, AVENUE DE CLICHY",48.89,2.32122,Nuit avec éclairage allumé,En agglomération,Intersection en T,Normale,Deux véhicules - côté,,,,,,,,,,,5,2,3,1,3.0
201600055559,0016-07-25 13:15:00,16,7,25,13,15,750,117,BOULEVARD PERIPHERIQUE E,48.8913,2.29991,Plein jour,En agglomération,Hors intersection,Normale,Trois véhicules et plus - en chaîne,,,,,,,,,,,1,2,1,1,4.0
201600055560,0016-07-25 19:05:00,16,7,25,19,5,750,117,"49, RUE SAINT FERDINAND",48.8772,2.28623,Plein jour,En agglomération,Hors intersection,Normale,Autre collision,,,,,,,,,,,1,2,1,1,6.0
201600055561,0016-07-25 20:30:00,16,7,25,20,30,750,117,"113, AVENUE DE CLICHY",48.8897,2.32171,Crépuscule ou aube,En agglomération,Intersection en X,Normale,Autre collision,,,,,,,,,,,2,2,2,1,6.0
201600055562,0016-07-26 17:55:00,16,7,26,17,55,750,117,"26, RUE FRAGONARD",48.8945,2.31677,Plein jour,En agglomération,Hors intersection,Normale,Autre collision,,,,,,,,,,,1,2,1,1,6.0
201600055563,0016-07-27 08:30:00,16,7,27,8,30,750,117,"-, PLACE CHARLES DE GAUL",48.874,2.29417,Plein jour,En agglomération,Place,Normale,Deux véhicules - côté,,,,,,,,,,,1,2,7,1,3.0
201600055564,0016-07-27 19:20:00,16,7,27,19,20,750,117,AVENUE DE LA PORTE DES T,48.8815,2.2818,Plein jour,En agglomération,Intersection en X,Normale,Deux véhicules - côté,,,,,,,,,,,1,2,2,1,3.0
201600055565,0016-07-28 01:45:00,16,7,28,1,45,750,117,"14, RUE GUSTAVE CHARPENT",48.8811,2.28145,Nuit avec éclairage allumé,En agglomération,Hors intersection,Normale,Autre collision,,,,,,,,,,,5,2,1,1,6.0
201600055566,0016-07-29 10:00:00,16,7,29,10,0,750,117,PORTE MAILLOT,48.8786,2.2819,Plein jour,En agglomération,Intersection en Y,Normale,Autre collision,,,,,,,,,,,1,2,4,1,6.0
201600055567,0016-07-30 12:30:00,16,7,30,12,30,750,117,"145, AVENUE DE VILLIERS",48.8856,2.29218,Plein jour,En agglomération,Hors intersection,Normale,Autre collision,,,,,,,,,,,1,2,1,1,6.0
201600055568,0016-07-30 15:30:00,16,7,30,15,30,750,117,"129, AVENUE DE WAGRAM",48.8833,2.30191,Plein jour,En agglomération,Intersection en X,Normale,Autre collision,,,,,,,,,,,1,2,2,1,6.0
201600055569,0016-07-30 16:10:00,16,7,30,16,10,750,117,"95, RUE AMPERE",48.8854,2.29838,Plein jour,En agglomération,Intersection en Y,Normale,Deux véhicules - côté,,,,,,,,,,,1,2,4,1,3.0
201600055570,0016-07-31 15:30:00,16,7,31,15,30,750,117,"30, AVENUE DES TERNES",48.8787,2.29418,Plein jour,En agglomération,Intersection en X,Normale,Deux véhicules - côté,,,,,,,,,,,1,2,2,1,3.0
201600055571,0016-08-01 11:15:00,16,8,1,11,15,750,117,BOULEVARD DU FORT DE VAU,48.8933,2.30273,Plein jour,En agglomération,Hors intersection,Normale,Trois véhicules et plus - en chaîne,,,,,,,,,,,1,2,1,1,4.0
201600055572,0016-08-01 17:00:00,16,8,1,17,0,750,117,BOULEVARD DU BOIS LE PRE,48.8998,2.31876,Plein jour,En agglomération,Intersection en T,Normale,Deux véhicules - côté,,,,,,,,,,,1,2,3,1,3.0
201600055573,0016-08-03 09:15:00,16,8,3,9,15,750,117,"183, AVENUE DE CLICHY",48.8933,2.31548,Plein jour,En agglomération,Hors intersection,Normale,Deux véhicules - côté,,,,,,,,,,,1,2,1,1,3.0
201600055574,0016-08-03 20:00:00,16,8,3,20,0,750,108,"89, BOULEVARD DE COURCEL",48.8783,2.29905,Crépuscule ou aube,En agglomération,Hors intersection,Pluie légère,Autre collision,,,,,,,,,,,2,2,1,2,6.0
201600055575,0016-08-04 16:15:00,16,8,4,16,15,750,117,"01, AVENUE DE LA PORTE D",48.8963,2.31022,Plein jour,En agglomération,Intersection en X,Normale,Sans collision,,,,,,,,,,,1,2,2,1,7.0
201600055576,0016-08-09 10:45:00,16,8,9,10,45,750,117,"27, BOULEVARD DE L YSER",48.884,2.28626,Plein jour,En agglomération,Intersection en X,Normale,Autre collision,,,,,,,,,,,1,2,2,1,6.0
201600055577,0016-08-10 15:10:00,16,8,10,15,10,750,117,BOULEVARD PERIPHERIQUE I,48.8969,2.31162,Plein jour,En agglomération,Hors intersection,Normale,Sans collision,,,,,,,,,,,1,2,1,1,7.0
201600055578,0016-08-17 18:20:00,16,8,17,18,20,750,117,"35, BOULEVARD GOUVION SA",48.8831,2.28749,Plein jour,En agglomération,Intersection en X,Normale,Autre collision,,,,,,,,,,,1,2,2,1,6.0
201600055579,0016-08-18 01:45:00,16,8,18,1,45,750,117,"80, AVENUE DE LA GRANDE",48.8772,2.28431,Nuit avec éclairage allumé,En agglomération,Hors intersection,Normale,Deux véhicules - arrière,,,,,,,,,,,5,2,1,1,2.0
201600055580,0016-08-21 22:05:00,16,8,21,22,5,750,117,AVENUE DE CLICHY,48.8916,2.31846,Nuit avec éclairage allumé,En agglomération,Intersection en X,Normale,Autre collision,,,,,,,,,,,5,2,2,1,6.0
201600055581,0016-08-22 19:10:00,16,8,22,19,10,750,117,"131, AVENUE DE SAINT OUE",48.895,2.32806,Plein jour,En agglomération,Intersection en X,Normale,Autre collision,,,,,,,,,,,1,2,2,1,6.0
201600055582,0016-08-22 20:50:00,16,8,22,20,50,750,116,"63, AVENUE DE LA GRANDE",48.8763,2.28721,Plein jour,En agglomération,Intersection en X,Normale,Autre collision,,,,,,,,,,,1,2,2,1,6.0
201600055583,0016-08-23 19:20:00,16,8,23,19,20,750,117,"/, RUE GALVANI",48.8842,2.28924,Plein jour,En agglomération,Intersection à plus de 4 branches,Normale,Autre collision,,,,,,,,,,,1,2,5,1,6.0
201600055584,0016-08-24 12:20:00,16,8,24,12,20,750,117,AVENUE DE VILLIERS,48.8853,2.29432,Plein jour,En agglomération,Hors intersection,Normale,Deux véhicules - arrière,,,,,,,,,,,1,2,1,1,2.0
201600055585,0016-08-24 15:05:00,16,8,24,15,5,750,117,"81, RUE DE COURCELLES",48.8796,2.30267,Plein jour,En agglomération,Hors intersection,Normale,Deux véhicules - côté,,,,,,,,,,,1,2,1,1,3.0
201600055586,0016-08-25 08:00:00,16,8,25,8,0,750,117,RUE CARDINET,48.8886,2.31562,Plein jour,En agglomération,Intersection en T,Normale,Deux véhicules - arrière,,,,,,,,,,,1,2,3,1,2.0
201600055587,0016-08-30 07:30:00,16,8,30,7,30,750,117,"14, RUE FRUCTIDOR",48.901,2.32645,Plein jour,En agglomération,Hors intersection,Normale,Sans collision,,,,,,,,,,,1,2,1,1,7.0
201600055588,0016-09-04 12:50:00,16,9,4,12,50,750,117,"90, AVENUE DE VILLIERS",48.8844,2.30159,Plein jour,En agglomération,Hors intersection,Normale,Sans collision,,,,,,,,,,,1,2,1,1,7.0
201600055589,0016-09-05 13:20:00,16,9,5,13,20,750,117,"2, BOULEVARD DE COURCELL",48.8813,2.31647,Plein jour,En agglomération,Intersection en X,Pluie forte,Autre collision,,,,,,,,,,,1,2,2,3,6.0
201600055590,0016-09-05 19:10:00,16,9,5,19,10,750,117,"70, RUE LEGENDRE",48.8863,2.31782,Plein jour,En agglomération,Hors intersection,Pluie légère,Deux véhicules - arrière,,,,,,,,,,,1,2,1,2,2.0
201600055591,0016-09-06 16:25:00,16,9,6,16,25,750,117,"101, RUE DE ROME",48.884,2.31848,Plein jour,En agglomération,Intersection en X,Normale,Autre collision,,,,,,,,,,,1,2,2,1,6.0
201600055592,0016-09-07 19:30:00,16,9,7,19,30,750,117,"5, PLACE DE LA PORTE DE",48.8858,2.29035,Plein jour,En agglomération,Hors intersection,Normale,Deux véhicules - arrière,,,,,,,,,,,1,2,1,1,2.0
201600055593,0016-09-07 20:00:00,16,9,7,20,0,750,117,ECHANGEUR CLICHY,48.8977,2.31277,Nuit avec éclairage allumé,En agglomération,Intersection en Y,Normale,Deux véhicules - arrière,,,,,,,,,,,5,2,4,1,2.0
201600055594,0016-09-10 00:10:00,16,9,10,0,10,750,117,"122, RUE DE COURCELLES",48.8875,2.29467,Nuit avec éclairage allumé,En agglomération,Intersection à plus de 4 branches,Normale,Sans collision,,,,,,,,,,,5,2,5,1,7.0
201600055595,0016-09-10 22:45:00,16,9,10,22,45,750,117,BOULEVARD PEREIRE,48.8869,2.30112,Nuit avec éclairage allumé,En agglomération,Intersection en X,Normale,Autre collision,,,,,,,,,,,5,2,2,1,6.0
201600055596,0016-09-11 03:25:00,16,9,11,3,25,750,117,"2, AVENUE DE LA GRANDE A",48.8744,2.29293,Nuit avec éclairage allumé,En agglomération,Place,Normale,Autre collision,,,,,,,,,,,5,2,7,1,6.0
201600055597,0016-09-12 16:00:00,16,9,12,16,0,750,117,"103, RUE DE ROME",48.884,2.31848,Plein jour,En agglomération,Intersection en X,Normale,Autre collision,,,,,,,,,,,1,2,2,1,6.0
201600055598,0016-09-13 00:01:00,16,9,13,0,1,750,117,"40, AVENUE NIEL",48.8819,2.29587,Nuit avec éclairage non allumé,En agglomération,Intersection à plus de 4 branches,Normale,Deux véhicules - côté,,,,,,,,,,,4,2,5,1,3.0
201600055599,0016-09-13 12:35:00,16,9,13,12,35,750,117,"34, AVENUE DE VILLIERS",48.8823,2.31172,Plein jour,En agglomération,Intersection à plus de 4 branches,Normale,Autre collision,,,,,,,,,,,1,2,5,1,6.0
201600055600,0016-09-13 16:45:00,16,9,13,16,45,750,117,BOULEVARD PERIPHERIQUE E,48.8904,2.29886,Plein jour,En agglomération,Intersection en Y,Normale,Deux véhicules - côté,,,,,,,,,,,1,2,4,1,3.0
201600055601,0016-09-14 09:15:00,16,9,14,9,15,750,116,"03, RUE DE CHAILLOT",48.8657,2.2958,Plein jour,En agglomération,Intersection en Y,Normale,Deux véhicules - côté,,,,,,,,,,,1,2,4,1,3.0
201600055602,0016-09-14 21:00:00,16,9,14,21,0,750,117,"8, BOULEVARD PERSHING",48.8817,2.28521,Nuit avec éclairage allumé,En agglomération,Intersection en T,Pluie légère,Sans collision,,,,,,,,,,,5,2,3,2,7.0
201600055603,0016-09-15 08:00:00,16,9,15,8,0,750,117,"51, RUE POUCHET",48.8942,2.32057,Plein jour,En agglomération,Intersection en X,Pluie légère,Sans collision,,,,,,,,,,,1,2,2,2,7.0
201600055604,0016-09-16 04:20:00,16,9,16,4,20,750,117,BOULEVARD DES BATIGNOLLE,48.8826,2.32218,Nuit avec éclairage allumé,En agglomération,Hors intersection,Normale,Autre collision,,,,,,,,,,,5,2,1,1,6.0
201600055605,0016-09-17 00:30:00,16,9,17,0,30,750,117,"140, BOULEVARD MALESHERB",48.8852,2.30719,Nuit avec éclairage allumé,En agglomération,Place,Pluie légère,Autre collision,,,,,,,,,,,5,2,7,2,6.0
201600055606,0016-09-18 12:30:00,16,9,18,12,30,750,117,"145, AVENUE DE VILLIERS",48.8856,2.29167,Plein jour,En agglomération,Intersection en X,Normale,Deux véhicules - côté,,,,,,,,,,,1,2,2,1,3.0
201600055607,0016-09-21 10:50:00,16,9,21,10,50,750,117,"11, RUE JOUFFROY D ABBAN",48.8869,2.3126,Plein jour,En agglomération,Intersection en X,Normale,Deux véhicules - arrière,,,,,,,,,,,1,2,2,1,2.0
201600055608,0016-09-21 17:05:00,16,9,21,17,5,750,117,"28, RUE GUY MOQUET",48.8919,2.32209,Plein jour,En agglomération,Intersection en X,Normale,Deux véhicules - côté,,,,,,,,,,,1,2,2,1,3.0
201600055609,0016-09-22 12:30:00,16,9,22,12,30,750,117,"5, RUE FARADAY",48.8816,2.29235,Plein jour,En agglomération,Intersection en X,Normale,Autre collision,,,,,,,,,,,1,2,2,1,6.0
201600055610,0016-09-23 14:30:00,16,9,23,14,30,750,117,"25, RUE DE LEVIS",48.8824,2.3153,Plein jour,En agglomération,Hors intersection,Normale,Autre collision,,,,,,,,,,,1,2,1,1,6.0
201600055611,0016-09-23 18:25:00,16,9,23,18,25,750,117,"2, PLACE DU GENERAL KOEN",48.8808,2.28495,Plein jour,En agglomération,Hors intersection,Normale,Deux véhicules - arrière,,,,,,,,,,,1,2,1,1,2.0
201600055612,0016-09-26 12:25:00,16,9,26,12,25,750,117,"16, RUE JOUFFROY D ABBAN",48.8868,2.31224,Plein jour,En agglomération,Hors intersection,Normale,Deux véhicules - frontale,,,,,,,,,,,1,2,1,1,1.0
201600055613,0016-09-26 13:45:00,16,9,26,13,45,750,117,RUE DE ROME,48.884,2.31848,Plein jour,En agglomération,Intersection en X,Normale,Deux véhicules - côté,,,,,,,,,,,1,2,2,1,3.0
201600055614,0016-09-26 14:30:00,16,9,26,14,30,750,117,"13, AVENUE DE LA PORTE D",48.8906,2.30311,Plein jour,En agglomération,Intersection en T,Normale,Deux véhicules - côté,,,,,,,,,,,1,2,3,1,3.0
201600055615,0016-09-26 19:00:00,16,9,26,19,0,750,117,"81, AVENUE NIEL",48.8829,2.29637,Plein jour,En agglomération,Intersection en X,Normale,Autre collision,,,,,,,,,,,1,2,2,1,6.0
201600055616,0016-09-27 17:00:00,16,9,27,17,0,750,117,"210, BOULEVARD PEREIRE",48.8797,2.28721,Plein jour,En agglomération,Hors intersection,Normale,Autre collision,,,,,,,,,,,1,2,1,1,6.0
201600055617,0016-09-28 15:00:00,16,9,28,15,0,750,117,"36, BOULEVARD DE REIMS",48.8875,2.29467,Plein jour,En agglomération,Intersection à plus de 4 branches,Normale,Deux véhicules - côté,,,,,,,,,,,1,2,5,1,3.0
201600055618,0016-09-28 17:30:00,16,9,28,17,30,750,117,ECHANGEUR CLICHY,48.8968,2.31156,Plein jour,En agglomération,Hors intersection,Normale,Autre collision,,,,,,,,,,,1,2,1,1,6.0
201600055619,0016-09-29 22:20:00,16,9,29,22,20,750,117,"104, AVENUE DE CLICHY",48.8894,2.32229,Nuit avec éclairage allumé,En agglomération,Intersection en T,Normale,Deux véhicules - côté,,,,,,,,,,,5,2,3,1,3.0
201600055620,0016-10-01 00:10:00,16,10,1,0,10,750,117,"76, BOULEVARD BERTHIER",48.8906,2.30471,Nuit avec éclairage allumé,En agglomération,Hors intersection,Pluie légère,Deux véhicules - côté,,,,,,,,,,,5,2,1,2,3.0
201600055621,0016-10-04 16:15:00,16,10,4,16,15,750,117,"24, RUE GUSTAVE CHARPENT",48.8799,2.28084,Plein jour,En agglomération,Intersection en Y,Normale,Deux véhicules - côté,,,,,,,,,,,1,2,4,1,3.0
201600055622,0016-10-05 14:15:00,16,10,5,14,15,750,117,"05, PLACE DU MARECHAL JU",48.8845,2.29716,Plein jour,En agglomération,Place,Normale,Deux véhicules - côté,,,,,,,,,,,1,2,7,1,3.0
201600055623,0016-10-05 18:20:00,16,10,5,18,20,750,117,"02, PLACE DE LA PORTE MA",48.8786,2.2819,Plein jour,En agglomération,Place,Normale,Deux véhicules - côté,,,,,,,,,,,1,2,7,1,3.0
201600055624,0016-10-06 10:55:00,16,10,6,10,55,750,117,RUE DE TOCQUEVILLE,48.8875,2.30743,Plein jour,En agglomération,Intersection à plus de 4 branches,Temps éblouissant,Deux véhicules - côté,,,,,,,,,,,1,2,5,7,3.0
201600055625,0016-10-06 12:15:00,16,10,6,12,15,750,117,"6, BOULEVARD DU BOIS LE",48.899,2.32169,Plein jour,En agglomération,Hors intersection,Normale,Deux véhicules - arrière,,,,,,,,,,,1,2,1,1,2.0
201600055626,0016-10-06 14:00:00,16,10,6,14,0,750,116,"/, BOULEVARD PERIPHERIQU",48.861,2.26407,Plein jour,En agglomération,Intersection en Y,Normale,Autre collision,,,,,,,,,,,1,2,4,1,6.0
201600055627,0016-10-06 23:15:00,16,10,6,23,15,750,117,"51, RUE JOUFFROY D ABBAN",48.885,2.3068,Nuit avec éclairage allumé,En agglomération,Hors intersection,Normale,Autre collision,,,,,,,,,,,5,2,1,1,6.0
201600055628,0016-10-07 01:20:00,16,10,7,1,20,750,117,AVENUE DE VILLIERS,48.8835,2.30593,Nuit avec éclairage allumé,En agglomération,Intersection en T,Normale,Deux véhicules - côté,,,,,,,,,,,5,2,3,1,3.0
201600055629,0016-10-07 17:35:00,16,10,7,17,35,750,117,"51, RUE BERZELIUS",48.8945,2.3198,Plein jour,En agglomération,Intersection en X,Normale,Autre collision,,,,,,,,,,,1,2,2,1,6.0
201600055630,0016-10-08 10:45:00,16,10,8,10,45,750,117,"28, BOULEVARD BESSIERES",48.8976,2.32518,Plein jour,En agglomération,Intersection en X,Normale,Deux véhicules - côté,,,,,,,,,,,1,2,2,1,3.0
201600055631,0016-10-07 18:30:00,16,10,7,18,30,750,117,"59, AVENUE DE VILLIERS",48.8835,2.30593,Crépuscule ou aube,En agglomération,Intersection en X,Normale,Deux véhicules - arrière,,,,,,,,,,,2,2,2,1,2.0
201600055632,0016-10-09 04:20:00,16,10,9,4,20,750,117,"/, RUE DES BATIGNOLLES",48.885,2.32075,Nuit avec éclairage allumé,En agglomération,Intersection en X,Normale,Deux véhicules - côté,,,,,,,,,,,5,2,2,1,3.0
201600055633,0016-10-10 08:35:00,16,10,10,8,35,750,117,"26, BOULEVARD BERTHIER",48.8938,2.31185,Plein jour,En agglomération,Intersection en T,Normale,Deux véhicules - côté,,,,,,,,,,,1,2,3,1,3.0
201600055634,0016-10-10 14:50:00,16,10,10,14,50,750,117,"35, BOULEVARD GOUVION SA",48.8831,2.28749,Plein jour,En agglomération,Intersection en X,Normale,Autre collision,,,,,,,,,,,1,2,2,1,6.0
201600055635,0016-10-10 18:05:00,16,10,10,18,5,750,117,AVENUE DE SAINT OUEN,48.893,2.32739,Plein jour,En agglomération,Intersection à plus de 4 branches,Pluie légère,Deux véhicules - côté,,,,,,,,,,,1,2,5,2,3.0
201600055636,0016-10-10 18:10:00,16,10,10,18,10,750,116,"63, AVENUE DE LA GRANDE",48.8763,2.28721,Crépuscule ou aube,En agglomération,Place,Pluie légère,Sans collision,,,,,,,,,,,2,2,7,2,7.0
201600055637,0016-10-11 12:35:00,16,10,11,12,35,750,117,"74, AVENUE DE WAGRAM",48.8805,2.29988,Plein jour,En agglomération,Hors intersection,Normale,Autre collision,,,,,,,,,,,1,2,1,1,6.0
201600055638,0016-10-12 09:30:00,16,10,12,9,30,750,117,"30, BOULEVARD DE DOUAUMO",48.8955,2.3066,Plein jour,En agglomération,Hors intersection,Normale,Autre collision,,,,,,,,,,,1,2,1,1,6.0
201600055639,0016-10-13 00:05:00,16,10,13,0,5,750,117,"180, AVENUE DE CLICHY",48.8927,2.31657,Nuit avec éclairage allumé,En agglomération,Intersection en T,Normale,Deux véhicules - côté,,,,,,,,,,,5,2,3,1,3.0
201600055640,0016-10-13 19:20:00,16,10,13,19,20,750,117,PORTE DE CHAMPERRET,48.8871,2.28957,Nuit avec éclairage allumé,En agglomération,Intersection en X,Normale,Deux véhicules - côté,,,,,,,,,,,5,2,2,1,3.0
201600055641,0016-10-15 01:26:00,16,10,15,1,26,750,117,"211, BOULEVARD PEREIRE",48.8808,2.28995,Nuit avec éclairage allumé,En agglomération,Intersection en X,Pluie légère,Autre collision,,,,,,,,,,,5,2,2,2,6.0
201600055642,0016-10-15 11:15:00,16,10,15,11,15,750,117,BOULEVARD PEREIRE,48.8808,2.28995,Plein jour,En agglomération,Intersection en X,Normale,Deux véhicules - côté,,,,,,,,,,,1,2,2,1,3.0
201600055643,0016-10-16 04:00:00,16,10,16,4,0,750,117,"21, RUE BROCHANT",48.8889,2.31794,Nuit avec éclairage allumé,En agglomération,Intersection en X,Normale,Autre collision,,,,,,,,,,,5,2,2,1,6.0
201600055644,0016-10-16 22:50:00,16,10,16,22,50,750,117,AVENUE STEPHANE MALLARME,48.887,2.29394,Nuit avec éclairage allumé,En agglomération,Intersection en Y,Normale,Deux véhicules - côté,,,,,,,,,,,5,2,4,1,3.0
201600055645,0016-10-17 15:40:00,16,10,17,15,40,750,117,"02, RUE PUVIS DE CHAVANN",48.8853,2.30181,Plein jour,En agglomération,Intersection en T,Normale,Autre collision,,,,,,,,,,,1,2,3,1,6.0
201600055646,0016-10-18 08:45:00,16,10,18,8,45,750,117,BOULEVARD PERIPHERIQUE E,48.8896,2.29686,Plein jour,En agglomération,Hors intersection,Normale,Trois véhicules et plus - en chaîne,,,,,,,,,,,1,2,1,1,4.0
201600055647,0016-10-18 11:55:00,16,10,18,11,55,750,117,PORTE DE VILLIERS,48.8856,2.29218,Plein jour,En agglomération,Hors intersection,Normale,Autre collision,,,,,,,,,,,1,2,1,1,6.0
201600055648,0016-10-18 18:36:00,16,10,18,18,36,750,117,"214, RUE DE COURCELLES",48.8871,2.29509,Crépuscule ou aube,En agglomération,Hors intersection,Pluie légère,Autre collision,,,,,,,,,,,2,2,1,2,6.0
201600055649,0016-10-19 09:10:00,16,10,19,9,10,750,117,"74, BOULEVARD DES BATIGN",48.8821,2.3198,Plein jour,En agglomération,Hors intersection,Normale,Autre collision,,,,,,,,,,,1,2,1,1,6.0
201600055650,0016-10-19 14:25:00,16,10,19,14,25,750,117,"/, BOULEVARD PERIPHERIQU",48.8974,2.31269,Plein jour,En agglomération,Hors intersection,Normale,Trois véhicules et plus - en chaîne,,,,,,,,,,,1,2,1,1,4.0
201600055651,0016-10-19 20:50:00,16,10,19,20,50,750,117,"156, BOULEVARD MALESHERB",48.8863,2.30589,Nuit avec éclairage allumé,En agglomération,Hors intersection,Normale,Deux véhicules - côté,,,,,,,,,,,5,2,1,1,3.0
201600055652,0016-10-20 14:30:00,16,10,20,14,30,750,117,"02, AVENUE DE LA GRANDE",48.8744,2.29293,Plein jour,En agglomération,Place,Pluie légère,Sans collision,,,,,,,,,,,1,2,7,2,7.0
201600055653,0016-10-22 12:30:00,16,10,22,12,30,750,117,"32, BOULEVARD DE COURCEL",48.8807,2.3114,Plein jour,En agglomération,Hors intersection,Normale,Autre collision,,,,,,,,,,,1,2,1,1,6.0
201600055654,0016-10-24 00:05:00,16,10,24,0,5,750,116,RUE DE PRESBOURG,48.8736,2.29276,Nuit avec éclairage allumé,En agglomération,Intersection en X,Pluie légère,Deux véhicules - côté,,,,,,,,,,,5,2,2,2,3.0
201600055655,0016-10-24 09:40:00,16,10,24,9,40,750,116,"68, AVENUE DE LA GRANDE",48.8769,2.28506,Plein jour,En agglomération,Hors intersection,Pluie légère,Deux véhicules - côté,,,,,,,,,,,1,2,1,2,3.0
201600055656,0016-10-24 23:10:00,16,10,24,23,10,750,117,AVENUE DE LA PORTE DE CH,48.8863,2.28669,Nuit avec éclairage allumé,En agglomération,Hors intersection,Pluie légère,Deux véhicules - arrière,,,,,,,,,,,5,2,1,2,2.0
201600055657,0016-10-25 08:00:00,16,10,25,8,0,750,117,"06, BOULEVARD DU BOIS LE",48.899,2.32169,Plein jour,En agglomération,Hors intersection,Normale,Deux véhicules - côté,,,,,,,,,,,1,2,1,1,3.0
201600055658,0016-10-28 19:45:00,16,10,28,19,45,750,117,"102, RUE DE LA JONQUIERE",48.895,2.31774,Nuit avec éclairage allumé,En agglomération,Intersection en T,Normale,Autre collision,,,,,,,,,,,5,2,3,1,6.0
201600055659,0016-10-31 13:18:00,16,10,31,13,18,750,117,"3, PLACE DE WAGRAM",48.8871,2.30441,Plein jour,En agglomération,Place,Normale,Deux véhicules - côté,,,,,,,,,,,1,2,7,1,3.0
201600055660,0016-10-31 16:45:00,16,10,31,16,45,750,117,AVENUE DE CLICHY,48.89,2.32122,Plein jour,En agglomération,Intersection en T,Normale,Autre collision,,,,,,,,,,,1,2,3,1,6.0
201600055661,0016-11-01 00:01:00,16,11,1,0,1,750,116,PLACE DE LA PORTE MAILLO,48.877,2.28307,Nuit avec éclairage allumé,En agglomération,Place,Normale,Deux véhicules - arrière,,,,,,,,,,,5,2,7,1,2.0
201600055662,0016-11-02 09:20:00,16,11,2,9,20,750,117,"02, AVENUE DE VILLIERS",48.8813,2.31647,Plein jour,En agglomération,Intersection à plus de 4 branches,Normale,Deux véhicules - côté,,,,,,,,,,,1,2,5,1,3.0
201600055663,0016-11-03 18:00:00,16,11,3,18,0,750,117,"92, AVENUE DE VILLIERS",48.8845,2.30098,Nuit avec éclairage allumé,En agglomération,Hors intersection,Normale,Autre collision,,,,,,,,,,,5,2,1,1,6.0
201600055664,0016-11-04 10:25:00,16,11,4,10,25,750,117,"24, PLACE GENERAL CATROU",48.8833,2.30996,Plein jour,En agglomération,Hors intersection,Pluie légère,Autre collision,,,,,,,,,,,1,2,1,2,6.0
201600055665,0016-11-04 13:10:00,16,11,4,13,10,750,117,"140, RUE DE SAUSSURE",48.8892,2.3076,Plein jour,En agglomération,Hors intersection,Normale,Autre collision,,,,,,,,,,,1,2,1,1,6.0
201600055666,0016-11-09 22:55:00,16,11,9,22,55,750,117,"11, RUE GUY MOQUET",48.8915,2.3203,Nuit avec éclairage allumé,En agglomération,Intersection en X,Pluie légère,Deux véhicules - côté,,,,,,,,,,,5,2,2,2,3.0