accident_id,datetime,annee,mois,jour,heure,minute,departement,commune_insee,adresse,latitude,longitude,luminosite,agglomeration,intersection,meteo,collision,nb_vehicules,nb_usagers,nb_indemnes,nb_tues,nb_blesses_hosp,nb_blesses_legers,age_cond_1,age_cond_2,veh_type_cond_1,veh_type_cond_2,lum_code,agg_code,int_code,atm_code,col_code
201600055908,0016-06-13 20:45:00,16,6,13,20,45,750,119,RUE DE L OURCQ,48.8883,2.3843,Crépuscule ou aube,En agglomération,Intersection en T,Normale,Autre collision,,,,,,,,,,,2,2,3,1,6.0
201600055909,0016-06-14 06:25:00,16,6,14,6,25,750,118,"104, RUE ORDENER",48.893,2.34103,Plein jour,En agglomération,Hors intersection,Normale,Autre collision,,,,,,,,,,,1,2,1,1,6.0
201600055910,0016-06-14 15:30:00,16,6,14,15,30,750,118,"50, RUE MARX DORMOY",48.8877,2.35982,Plein jour,En agglomération,Hors intersection,Normale,Autre collision,,,,,,,,,,,1,2,1,1,6.0
201600055911,0016-06-16 16:15:00,16,6,16,16,15,750,118,"48, BOULEVARD BARBES",48.8873,2.34955,Plein jour,En agglomération,Intersection en X,Pluie légère,Deux véhicules - frontale,,,,,,,,,,,1,2,2,2,1.0
201600055912,0016-06-17 18:45:00,16,6,17,18,45,750,118,"8, BOULEVARD BARBES",48.8842,2.34946,Plein jour,En agglomération,Intersection en T,Pluie légère,Autre collision,,,,,,,,,,,1,2,3,2,6.0
201600055913,0016-06-18 16:45:00,16,6,18,16,45,750,118,"88, BOULEVARD DE LA CHAP",48.8841,2.35346,Plein jour,En agglomération,Hors intersection,Pluie légère,Sans collision,,,,,,,,,,,1,2,1,2,7.0
201600055914,0016-06-19 20:10:00,16,6,19,20,10,750,118,"16, BOULEVARD DE LA CHAP",48.8845,2.36354,Plein jour,En agglomération,Hors intersection,Normale,Autre collision,,,,,,,,,,,1,2,1,1,6.0
201600055915,0016-06-21 14:00:00,16,6,21,14,0,750,118,PORTE DE LA CHAPELLE,48.8997,2.35864,Plein jour,En agglomération,Hors intersection,Normale,Deux véhicules - arrière,,,,,,,,,,,1,2,1,1,2.0
201600055916,0016-06-23 22:30:00,16,6,23,22,30,750,118,AVENUE DE SAINT OUEN,48.888,2.32573,Nuit avec éclairage allumé,En agglomération,Intersection en T,Normale,Autre collision,,,,,,,,,,,5,2,3,1,6.0
201600055917,0016-06-24 11:40:00,16,6,24,11,40,750,118,BOULEVARD NEY,48.8977,2.32901,Plein jour,En agglomération,Intersection en X,Normale,Deux véhicules - côté,,,,,,,,,,,1,2,2,1,3.0
201600055918,0016-06-25 17:55:00,16,6,25,17,55,750,118,"17, RUE BERNARD DIMEY",48.8969,2.33077,Plein jour,En agglomération,Hors intersection,Normale,Sans collision,,,,,,,,,,,1,2,1,1,7.0
201600055919,0016-06-26 01:50:00,16,6,26,1,50,750,118,"42, BOULEVARD DE ROCHECH",48.8834,2.34652,Nuit avec éclairage allumé,En agglomération,Hors intersection,Normale,Autre collision,,,,,,,,,,,5,2,1,1,6.0
201600055920,0016-06-26 07:05:00,16,6,26,7,5,750,118,"04, BOULEVARD BARBES",48.8841,2.34946,Plein jour,En agglomération,Intersection en T,Normale,Deux véhicules - frontale,,,,,,,,,,,1,2,3,1,1.0
201600055921,0016-06-28 09:45:00,16,6,28,9,45,750,118,"5, AVENUE DE LA PORTE DE",48.8984,2.33683,Plein jour,En agglomération,Intersection en T,Normale,Deux véhicules - côté,,,,,,,,,,,1,2,3,1,3.0
201600055922,0016-06-28 21:25:00,16,6,28,21,25,750,118,"96, BOULEVARD NEY",48.8981,2.34623,Crépuscule ou aube,En agglomération,Intersection en T,Normale,Sans collision,,,,,,,,,,,2,2,3,1,7.0
201600055923,0016-06-29 15:00:00,16,6,29,15,0,750,118,"53, RUE LAMARCK",48.8899,2.33896,Plein jour,En agglomération,Hors intersection,Normale,Autre collision,,,,,,,,,,,1,2,1,1,6.0
201600055924,0016-06-30 12:30:00,16,6,30,12,30,750,118,"51 BIS, RUE MARX DORMOY",48.8882,2.35985,Plein jour,En agglomération,Hors intersection,Normale,Deux véhicules - côté,,,,,,,,,,,1,2,1,1,3.0
201600055925,0016-07-01 12:45:00,16,7,1,12,45,750,118,"36, RUE STEPHENSON",48.8873,2.35633,Plein jour,En agglomération,Intersection en T,Normale,Deux véhicules - côté,,,,,,,,,,,1,2,3,1,3.0
201600055926,0016-07-01 13:30:00,16,7,1,13,30,750,118,"32, BOULEVARD DE LA CHAP",48.8845,2.36144,Plein jour,En agglomération,Intersection en X,Normale,Autre collision,,,,,,,,,,,1,2,2,1,6.0
201600055927,0016-07-02 23:45:00,16,7,2,23,45,750,118,RUE ORDENER,48.8931,2.34019,Plein jour,En agglomération,Intersection en X,Normale,Deux véhicules - côté,,,,,,,,,,,1,2,2,1,3.0
201600055928,0016-07-03 02:40:00,16,7,3,2,40,750,118,"82, BOULEVARD BARBES",48.8902,2.34959,Nuit avec éclairage allumé,En agglomération,Hors intersection,Normale,Autre collision,,,,,,,,,,,5,2,1,1,6.0
201600055929,0016-07-03 19:00:00,16,7,3,19,0,750,118,"111, BOULEVARD NEY",48.8978,2.33532,Plein jour,En agglomération,Intersection à plus de 4 branches,Pluie légère,Deux véhicules - côté,,,,,,,,,,,1,2,5,2,3.0
201600055930,0016-07-05 12:58:00,16,7,5,12,58,750,118,RUE DAMREMONT,48.8936,2.33637,Plein jour,En agglomération,Intersection à plus de 4 branches,Normale,Autre collision,,,,,,,,,,,1,2,5,1,6.0
201600055931,0016-07-05 21:10:00,16,7,5,21,10,750,118,"50, RUE DU MONT CENIS",48.8902,2.34328,Crépuscule ou aube,En agglomération,Intersection en T,Normale,Deux véhicules - côté,,,,,,,,,,,2,2,3,1,3.0
201600055932,0016-07-06 14:55:00,16,7,6,14,55,750,118,"44, RUE ORDENER",48.8915,2.34962,Plein jour,En agglomération,Intersection à plus de 4 branches,Normale,Autre collision,,,,,,,,,,,1,2,5,1,6.0
201600055933,0016-07-06 18:35:00,16,7,6,18,35,750,118,"98, RUE DAMREMONT",48.8932,2.33603,Plein jour,En agglomération,Hors intersection,Normale,Deux véhicules - côté,,,,,,,,,,,1,2,1,1,3.0
201600055934,0016-07-06 22:05:00,16,7,6,22,5,750,118,"23, BOULEVARD BARBES",48.8862,2.34951,Nuit avec éclairage allumé,En agglomération,Hors intersection,Normale,Autre collision,,,,,,,,,,,5,2,1,1,6.0
201600055935,0016-07-07 00:55:00,16,7,7,0,55,750,118,"32, RUE DE LA CHAPELLE",48.8925,2.35973,Nuit avec éclairage allumé,En agglomération,Hors intersection,Normale,Autre collision,,,,,,,,,,,5,2,1,1,6.0
201600055936,0016-07-07 18:45:00,16,7,7,18,45,750,118,"104, BOULEVARD NEY",48.898,2.3433,Plein jour,En agglomération,Hors intersection,Normale,Deux véhicules - côté,,,,,,,,,,,1,2,1,1,3.0
201600055937,0016-07-07 18:30:00,16,7,7,18,30,750,118,"04, AVENUE DE LA PORTE D",48.8984,2.34412,Plein jour,En agglomération,Hors intersection,Normale,Autre collision,,,,,,,,,,,1,2,1,1,6.0
201600055938,0016-07-07 17:20:00,16,7,7,17,20,750,118,RUE HERMEL,48.8917,2.3446,Plein jour,En agglomération,Intersection en X,Normale,Deux véhicules - côté,,,,,,,,,,,1,2,2,1,3.0
201600055939,0016-07-08 16:50:00,16,7,8,16,50,750,118,"30, AVENUE DE LA PORTE D",48.9005,2.34411,Plein jour,En agglomération,Intersection à plus de 4 branches,Normale,Autre collision,,,,,,,,,,,1,2,5,1,6.0
201600055940,0016-07-09 18:30:00,16,7,9,18,30,750,118,RUE DUC,48.8918,2.34392,Plein jour,En agglomération,Intersection en X,Normale,Deux véhicules - côté,,,,,,,,,,,1,2,2,1,3.0
201600055941,0016-07-10 06:50:00,16,7,10,6,50,750,118,RUE JEAN COTTIN,48.8933,2.36139,Plein jour,En agglomération,Intersection en X,Normale,Deux véhicules - côté,,,,,,,,,,,1,2,2,1,3.0
201600055942,0016-07-10 13:30:00,16,7,10,13,30,750,118,"110, RUE ORDENER",48.8931,2.34019,Plein jour,En agglomération,Intersection en X,Normale,Deux véhicules - arrière,,,,,,,,,,,1,2,2,1,2.0
201600055943,0016-07-11 12:30:00,16,7,11,12,30,750,118,"22, RUE DE L EVANGILE",48.8928,2.36295,Plein jour,En agglomération,Hors intersection,Normale,Autre collision,,,,,,,,,,,1,2,1,1,6.0
201600055944,0016-07-11 11:40:00,16,7,11,11,40,750,118,"30, BOULEVARD DE LA CHAP",48.8845,2.36144,Plein jour,En agglomération,Intersection en X,Normale,Autre collision,,,,,,,,,,,1,2,2,1,6.0
201600055945,0016-07-12 21:00:00,16,7,12,21,0,750,110,"3, BOULEVARD DE LA CHAPE",48.8843,2.36412,Plein jour,En agglomération,Hors intersection,Normale,Deux véhicules - côté,,,,,,,,,,,1,2,1,1,3.0
201600055946,0016-07-13 01:00:00,16,7,13,1,0,750,118,"53, RUE ORDENER",48.8912,2.3516,Nuit avec éclairage allumé,En agglomération,Intersection en X,Pluie légère,Deux véhicules - côté,,,,,,,,,,,5,2,2,2,3.0
201600055947,0016-07-13 15:20:00,16,7,13,15,20,750,118,"79, RUE DU MONT CENIS",48.8925,2.34429,Plein jour,En agglomération,Place,Normale,Autre collision,,,,,,,,,,,1,2,7,1,6.0
201600055948,0016-07-16 01:00:00,16,7,16,1,0,750,118,AVENUE DE LA PORTE DE LA,48.8987,2.35905,Nuit avec éclairage allumé,En agglomération,Intersection en Y,Normale,Deux véhicules - arrière,,,,,,,,,,,5,2,4,1,2.0
201600055949,0016-07-16 21:00:00,16,7,16,21,0,750,118,"170, BOULEVARD NEY",48.8977,2.32901,Plein jour,En agglomération,Intersection en X,Normale,Deux véhicules - côté,,,,,,,,,,,1,2,2,1,3.0
201600055950,0016-07-17 07:00:00,16,7,17,7,0,750,118,"100, BOULEVARD NEY",48.8981,2.34476,Plein jour,En agglomération,Hors intersection,Normale,Autre collision,,,,,,,,,,,1,2,1,1,6.0
201600055951,0016-07-18 19:00:00,16,7,18,19,0,750,118,"40, AVENUE DE CLICHY",48.8858,2.32635,Plein jour,En agglomération,Intersection en X,Normale,Deux véhicules - côté,,,,,,,,,,,1,2,2,1,3.0
201600055952,0016-07-19 19:15:00,16,7,19,19,15,750,118,AVENUE DE SAINT OUEN,48.895,2.32806,Plein jour,En agglomération,Intersection en X,Normale,Autre collision,,,,,,,,,,,1,2,2,1,6.0
201600055953,0016-07-20 14:42:00,16,7,20,14,42,750,118,RUE DU POTEAU,48.8964,2.33889,Plein jour,En agglomération,Intersection en X,Normale,Deux véhicules - côté,,,,,,,,,,,1,2,2,1,3.0
201600055954,0016-07-22 15:49:00,16,7,22,15,49,750,118,"107, RUE ORDENER",48.8922,2.34608,Plein jour,En agglomération,Intersection en T,Normale,Deux véhicules - arrière,,,,,,,,,,,1,2,3,1,2.0
201600055955,0016-07-23 02:30:00,16,7,23,2,30,750,118,RUE LAMARCK,48.8907,2.33333,Nuit avec éclairage allumé,En agglomération,Intersection en X,Normale,Autre collision,,,,,,,,,,,5,2,2,1,6.0
201600055956,0016-07-23 12:00:00,16,7,23,12,0,750,118,"212, RUE MARCADET",48.8919,2.33349,Plein jour,En agglomération,Intersection en X,Normale,Deux véhicules - côté,,,,,,,,,,,1,2,2,1,3.0
201600055957,0016-07-25 12:15:00,16,7,25,12,15,750,118,"128 BIS, BOULEVARD DE CL",48.8845,2.32911,Plein jour,En agglomération,Hors intersection,Normale,Autre collision,,,,,,,,,,,1,2,1,1,6.0
201600055958,0016-07-26 09:05:00,16,7,26,9,5,750,118,"2, RUE SAINTE ISAURE",48.8927,2.34383,Plein jour,En agglomération,Intersection en T,Normale,Autre collision,,,,,,,,,,,1,2,3,1,6.0
201600055959,0016-07-30 09:45:00,16,7,30,9,45,750,118,"65, BOULEVARD ORNANO",48.8966,2.34545,Plein jour,En agglomération,Hors intersection,Normale,Deux véhicules - arrière,,,,,,,,,,,1,2,1,1,2.0
201600055960,0016-08-02 03:00:00,16,8,2,3,0,750,118,BOULEVARD DE LA CHAPELLE,48.8845,2.35932,Nuit avec éclairage allumé,En agglomération,Intersection à plus de 4 branches,Pluie légère,Deux véhicules - côté,,,,,,,,,,,5,2,5,2,3.0
201600055961,0016-08-02 09:15:00,16,8,2,9,15,750,118,"18, RUE MARX DORMOY",48.8861,2.35947,Plein jour,En agglomération,Intersection en T,Pluie légère,Sans collision,,,,,,,,,,,1,2,3,2,7.0
201600055962,0016-08-03 09:20:00,16,8,3,9,20,750,118,BOULEVARD PERIPHERIQUE E,48.9008,2.36799,Plein jour,En agglomération,Hors intersection,Temps couvert,Sans collision,,,,,,,,,,,1,2,1,8,7.0
201600055963,0016-08-03 20:05:00,16,8,3,20,5,750,118,"16, RUE STEPHENSON",48.886,2.35658,Plein jour,En agglomération,Intersection en X,Normale,Autre collision,,,,,,,,,,,1,2,2,1,6.0
201600055964,0016-08-03 23:30:00,16,8,3,23,30,750,118,"15, RUE DE LA CHAPELLE",48.8913,2.35983,Nuit avec éclairage allumé,En agglomération,Hors intersection,Normale,Autre collision,,,,,,,,,,,5,2,1,1,6.0
201600055965,0016-08-04 15:10:00,16,8,4,15,10,750,118,", RUE CHAMPIONNET",48.8958,2.34135,Plein jour,En agglomération,Intersection à plus de 4 branches,Normale,Deux véhicules - côté,,,,,,,,,,,1,2,5,1,3.0
201600055966,0016-08-06 08:05:00,16,8,6,8,5,750,118,"5, RUE DUC",48.8918,2.34392,Plein jour,En agglomération,Intersection en X,Normale,Sans collision,,,,,,,,,,,1,2,2,1,7.0
201600055967,0016-08-06 17:30:00,16,8,6,17,30,750,118,"30/32, AVENUE DE LA PORT",48.8995,2.32959,Plein jour,En agglomération,Hors intersection,Normale,Autre collision,,,,,,,,,,,1,2,1,1,6.0
201600055968,0016-08-08 19:00:00,16,8,8,19,0,750,118,RUE DE SOFIA,48.885,2.34726,Plein jour,En agglomération,Intersection en T,Normale,Deux véhicules - côté,,,,,,,,,,,1,2,3,1,3.0
201600055969,0016-08-08 20:10:00,16,8,8,20,10,750,118,"51B, RUE MARX DORMOY",48.8882,2.35985,Crépuscule ou aube,En agglomération,Hors intersection,Normale,Autre collision,,,,,,,,,,,2,2,1,1,6.0
201600055970,0016-08-10 08:45:00,16,8,10,8,45,750,118,"49, RUE STEPHENSON",48.8887,2.35605,Plein jour,En agglomération,Intersection en X,Normale,Autre collision,,,,,,,,,,,1,2,2,1,6.0
201600055971,0016-08-10 10:55:00,16,8,10,10,55,750,118,"7, BOULEVARD BARBES",48.8845,2.34948,Plein jour,En agglomération,Intersection en T,Normale,Autre collision,,,,,,,,,,,1,2,3,1,6.0
201600055972,0016-08-16 08:55:00,16,8,16,8,55,750,118,"123, BOULEVARD NEY",48.8977,2.33331,Plein jour,En agglomération,Intersection en T,Temps éblouissant,Deux véhicules - côté,,,,,,,,,,,1,2,3,7,3.0
201600055973,0016-08-16 12:30:00,16,8,16,12,30,750,118,"2, PLACE ALBERT KAHN",48.8956,2.34626,Plein jour,En agglomération,Place,Normale,Autre collision,,,,,,,,,,,1,2,7,1,6.0
201600055974,0016-08-17 10:00:00,16,8,17,10,0,750,118,"/, BOULEVARD ORNANO",48.8953,2.34654,Plein jour,En agglomération,Intersection en Y,Normale,Deux véhicules - côté,,,,,,,,,,,1,2,4,1,3.0
201600055975,0016-08-18 04:55:00,16,8,18,4,55,750,118,"/, BOULEVARD PERIPHERIQU",48.9009,2.36398,Nuit avec éclairage allumé,En agglomération,Intersection en Y,Pluie légère,Deux véhicules - arrière,,,,,,,,,,,5,2,4,2,2.0
201600055976,0016-08-20 19:55:00,16,8,20,19,55,750,118,"6, RUE ORDENER",48.8903,2.359,Plein jour,En agglomération,Hors intersection,Normale,Autre collision,,,,,,,,,,,1,2,1,1,6.0
201600055977,0016-08-20 22:00:00,16,8,20,22,0,750,118,"2, RUE CAULAINCOURT",48.8849,2.32986,Nuit avec éclairage allumé,En agglomération,Hors intersection,Pluie légère,Autre collision,,,,,,,,,,,5,2,1,2,6.0
201600055978,0016-08-23 08:50:00,16,8,23,8,50,750,118,"/, RUE BELLIARD",48.8975,2.34456,Plein jour,En agglomération,Intersection à plus de 4 branches,Normale,Autre collision,,,,,,,,,,,1,2,5,1,6.0
201600055979,0016-08-25 18:00:00,16,8,25,18,0,750,118,BOULEVARD BARBES,48.8839,2.34946,Plein jour,En agglomération,Intersection en X,Normale,Deux véhicules - arrière,,,,,,,,,,,1,2,2,1,2.0
201600055980,0016-08-31 15:00:00,16,8,31,15,0,750,118,"58, RUE CUSTINE",48.8898,2.34293,Plein jour,En agglomération,Intersection à plus de 4 branches,Normale,Deux véhicules - côté,,,,,,,,,,,1,2,5,1,3.0
201600055981,0016-09-01 09:25:00,16,9,1,9,25,750,118,"/, RUE BERVIC",48.8841,2.34946,Plein jour,En agglomération,Intersection en T,Normale,Autre collision,,,,,,,,,,,1,2,3,1,6.0
201600055982,0016-09-04 07:00:00,16,9,4,7,0,750,118,"/, AVENUE DE LA PORTE DE",48.9013,2.3441,Plein jour,En agglomération,Intersection en X,Normale,Autre collision,,,,,,,,,,,1,2,2,1,6.0
201600055983,0016-09-04 21:50:00,16,9,4,21,50,750,118,"26, RUE ORDENER",48.8909,2.3532,Nuit avec éclairage allumé,En agglomération,Intersection en X,Pluie légère,Autre collision,,,,,,,,,,,5,2,2,2,6.0
201600055984,0016-09-05 08:30:00,16,9,5,8,30,750,118,"136, RUE ORDENER",48.8934,2.33826,Plein jour,En agglomération,Intersection en X,Pluie légère,Autre collision,,,,,,,,,,,1,2,2,2,6.0
201600055985,0016-09-07 14:30:00,16,9,7,14,30,750,118,RUE BOINOD,48.8951,2.35291,Plein jour,En agglomération,Intersection à plus de 4 branches,Normale,Autre collision,,,,,,,,,,,1,2,5,1,6.0
201600055986,0016-09-07 18:40:00,16,9,7,18,40,750,118,AVENUE DE LA PORTE DE CL,48.898,2.34414,Plein jour,En agglomération,Intersection à plus de 4 branches,Normale,Deux véhicules - arrière,,,,,,,,,,,1,2,5,1,2.0
201600055987,0016-09-07 19:00:00,16,9,7,19,0,750,117,"1, AVENUE DE LA PORTE DE",48.8977,2.32901,Plein jour,En agglomération,Intersection en X,Normale,Autre collision,,,,,,,,,,,1,2,2,1,6.0
201600055988,0016-09-08 17:44:00,16,9,8,17,44,750,118,"79, RUE MYRHA",48.8865,2.34899,Plein jour,En agglomération,Hors intersection,Normale,Autre collision,,,,,,,,,,,1,2,1,1,6.0
201600055989,0016-09-09 12:30:00,16,9,9,12,30,750,118,"13, RUE DE CLIGNANCOURT",48.8846,2.34717,Plein jour,En agglomération,Intersection en T,Normale,Autre collision,,,,,,,,,,,1,2,3,1,6.0
201600055990,0016-09-09 15:50:00,16,9,9,15,50,750,118,"4, AVENUE DE LA PORTE DE",48.8984,2.34412,Plein jour,En agglomération,Hors intersection,Normale,Deux véhicules - côté,,,,,,,,,,,1,2,1,1,3.0
201600055991,0016-09-09 15:45:00,16,9,9,15,45,750,118,"26, RUE FIRMIN GEMIER",48.8955,2.33079,Plein jour,En agglomération,Hors intersection,Normale,Autre collision,,,,,,,,,,,1,2,1,1,6.0
201600055992,0016-09-09 17:05:00,16,9,9,17,5,750,118,"42, BOULEVARD DE ROCHECH",48.8835,2.34695,Plein jour,En agglomération,Intersection en X,Normale,Autre collision,,,,,,,,,,,1,2,2,1,6.0
201600055993,0016-09-10 00:01:00,16,9,10,0,1,750,118,"44, RUE CHAMPIONNET",48.8956,2.34829,Nuit avec éclairage allumé,En agglomération,Intersection en X,Normale,Deux véhicules - côté,,,,,,,,,,,5,2,2,1,3.0
201600055994,0016-09-11 08:30:00,16,9,11,8,30,750,118,AVENUE DE SAINT OUEN,48.8954,2.32824,Crépuscule ou aube,En agglomération,Intersection en Y,Normale,Autre collision,,,,,,,,,,,2,2,4,1,6.0
201600055995,0016-09-12 10:40:00,16,9,12,10,40,750,118,"70, BOULEVARD ORNANO",48.8964,2.3456,Plein jour,En agglomération,Intersection en T,Normale,Autre collision,,,,,,,,,,,1,2,3,1,6.0
201600055996,0016-09-16 11:30:00,16,9,16,11,30,750,118,"42, BOULEVARD ORNANO",48.8946,2.3471,Plein jour,En agglomération,Intersection en X,Normale,Autre collision,,,,,,,,,,,1,2,2,1,6.0
201600055997,0016-09-16 16:40:00,16,9,16,16,40,750,118,"74, RUE RIQUET",48.8899,2.36359,Plein jour,En agglomération,Intersection en T,Normale,Sans collision,,,,,,,,,,,1,2,3,1,7.0
201600055998,0016-09-17 18:30:00,16,9,17,18,30,750,118,AVENUE DE LA PORTE D AUB,48.9004,2.3702,Crépuscule ou aube,En agglomération,Intersection en Y,Normale,Deux véhicules - côté,,,,,,,,,,,2,2,4,1,3.0
201600055999,0016-09-18 20:45:00,16,9,18,20,45,750,118,AVENUE DE LA PORTE DE CL,48.8986,2.34412,Nuit avec éclairage allumé,En agglomération,Hors intersection,Pluie légère,Autre collision,,,,,,,,,,,5,2,1,2,6.0
201600056000,0016-09-19 16:55:00,16,9,19,16,55,750,117,AVENUE DE SAINT OUEN,48.8958,2.32833,Plein jour,En agglomération,Intersection en T,Normale,Deux véhicules - arrière,,,,,,,,,,,1,2,3,1,2.0
201600056001,0016-09-22 08:35:00,16,9,22,8,35,750,118,"43, BOULEVARD ORNANO",48.8953,2.34654,Plein jour,En agglomération,Intersection en Y,Normale,Deux véhicules - côté,,,,,,,,,,,1,2,4,1,3.0
201600056002,0016-09-22 17:20:00,16,9,22,17,20,750,118,"107, RUE DAMREMONT",48.8953,2.33754,Plein jour,En agglomération,Intersection en X,Normale,Deux véhicules - côté,,,,,,,,,,,1,2,2,1,3.0
201600056003,0016-09-26 08:50:00,16,9,26,8,50,750,118,"117, RUE BELLIARD",48.8966,2.33712,Plein jour,En agglomération,Hors intersection,Normale,Autre collision,,,,,,,,,,,1,2,1,1,6.0
201600056004,0016-09-26 18:05:00,16,9,26,18,5,750,118,"66, BOULEVARD NEY",48.8985,2.3566,Plein jour,En agglomération,Hors intersection,Normale,Deux véhicules - côté,,,,,,,,,,,1,2,1,1,3.0
201600056005,0016-09-27 08:45:00,16,9,27,8,45,750,118,"7, BOULEVARD BARBES",48.8845,2.34948,Plein jour,En agglomération,Intersection en T,Normale,Autre collision,,,,,,,,,,,1,2,3,1,6.0
201600056006,0016-09-27 09:45:00,16,9,27,9,45,750,118,RUE MARCADET,48.8903,2.35331,Plein jour,En agglomération,Intersection en X,Normale,Autre collision,,,,,,,,,,,1,2,2,1,6.0
201600056007,0016-09-29 13:40:00,16,9,29,13,40,750,118,RUE PHILIPPE DE GIRARD,48.8861,2.36113,Plein jour,En agglomération,Intersection en X,Normale,Deux véhicules - côté,,,,,,,,,,,1,2,2,1,3.0
201600056008,0016-09-29 15:30:00,16,9,29,15,30,750,118,BOULEVARD DE LA CHAPELLE,48.8845,2.35932,Plein jour,En agglomération,Intersection en X,Normale,Autre collision,,,,,,,,,,,1,2,2,1,6.0
201600056009,0016-09-30 16:15:00,16,9,30,16,15,750,118,"4, RUE EUGENE CARRIERE",48.8892,2.33222,Plein jour,En agglomération,Intersection en Y,Normale,Autre collision,,,,,,,,,,,1,2,4,1,6.0
201600056010,0016-10-01 01:25:00,16,10,1,1,25,750,118,"64, RUE MARX DORMOY",48.8889,2.35987,Nuit avec éclairage allumé,En agglomération,Hors intersection,Pluie légère,Deux véhicules - arrière,,,,,,,,,,,5,2,1,2,2.0
201600056011,0016-10-02 23:44:00,16,10,2,23,44,750,118,AVENUE DE LA PORTE DE SA,48.893,2.32739,Nuit avec éclairage allumé,En agglomération,Intersection à plus de 4 branches,Normale,Deux véhicules - côté,,,,,,,,,,,5,2,5,1,3.0
201600056012,0016-10-03 06:30:00,16,10,3,6,30,750,118,"17, RUE DUC",48.8923,2.34234,Nuit avec éclairage allumé,En agglomération,Intersection en X,Normale,Autre collision,,,,,,,,,,,5,2,2,1,6.0
201600056013,0016-10-04 19:45:00,16,10,4,19,45,750,118,"49, RUE PAJOL",48.8892,2.36259,Crépuscule ou aube,En agglomération,Hors intersection,Normale,Deux véhicules - côté,,,,,,,,,,,2,2,1,1,3.0
201600056014,0016-10-06 00:30:00,16,10,6,0,30,750,118,"20, BOULEVARD DE CLICHY",48.8824,2.33791,Nuit avec éclairage allumé,En agglomération,Intersection en X,Normale,Deux véhicules - côté,,,,,,,,,,,5,2,2,1,3.0
201600056015,0016-10-06 00:05:00,16,10,6,0,5,750,118,"04, BOULEVARD NEY",48.8987,2.3698,Nuit avec éclairage allumé,En agglomération,Hors intersection,Normale,Autre collision,,,,,,,,,,,5,2,1,1,6.0
201600056016,0016-10-07 06:35:00,16,10,7,6,35,750,118,AVENUE DE LA PORTE DE LA,48.8987,2.35905,Nuit avec éclairage allumé,En agglomération,Intersection en X,Normale,Deux véhicules - arrière,,,,,,,,,,,5,2,2,1,2.0
201600056017,0016-10-09 18:35:00,16,10,9,18,35,750,118,"5, BOULEVARD BARBES",48.8842,2.34946,Crépuscule ou aube,En agglomération,Intersection en T,Normale,Deux véhicules - côté,,,,,,,,,,,2,2,3,1,3.0
201600056018,0016-10-10 11:40:00,16,10,10,11,40,750,118,"146, AVENUE DE LA PORTE",48.897,2.32876,Plein jour,En agglomération,Intersection en Y,Normale,Autre collision,,,,,,,,,,,1,2,4,1,6.0
201600056019,0016-10-10 15:40:00,16,10,10,15,40,750,118,"63 BIS, RUE DAMREMONT",48.8917,2.33496,Plein jour,En agglomération,Intersection en X,Normale,Autre collision,,,,,,,,,,,1,2,2,1,6.0
201600056020,0016-10-11 10:30:00,16,10,11,10,30,750,118,"35, RUE LAMARCK",48.8893,2.3418,Plein jour,En agglomération,Intersection en X,Normale,Autre collision,,,,,,,,,,,1,2,2,1,6.0
201600056021,0016-10-11 15:50:00,16,10,11,15,50,750,118,"68, BOULEVARD BARBES",48.8888,2.34958,Plein jour,En agglomération,Hors intersection,Normale,Autre collision,,,,,,,,,,,1,2,1,1,6.0
201600056022,0016-10-12 11:56:00,16,10,12,11,56,750,118,"12, RUE DES PORTES BLANC",48.8918,2.3498,Plein jour,En agglomération,Intersection en T,Normale,Autre collision,,,,,,,,,,,1,2,3,1,6.0
201600056023,0016-10-13 12:20:00,16,10,13,12,20,750,118,"7, BOULEVARD BARBES",48.8845,2.34948,Plein jour,En agglomération,Intersection en T,Normale,Sans collision,,,,,,,,,,,1,2,3,1,7.0
201600056024,0016-10-13 13:00:00,16,10,13,13,0,750,118,"10, RUE CAULAINCOURT",48.8862,2.3319,Plein jour,En agglomération,Hors intersection,Normale,Trois véhicules et plus - en chaîne,,,,,,,,,,,1,2,1,1,4.0
201600056025,0016-10-13 22:10:00,16,10,13,22,10,750,118,"12, RUE CUGNOT",48.8917,2.36544,Nuit avec éclairage allumé,En agglomération,Intersection en T,Pluie légère,Deux véhicules - arrière,,,,,,,,,,,5,2,3,2,2.0
201600056026,0016-10-14 07:20:00,16,10,14,7,20,750,118,"106, BOULEVARD DE LA CHA",48.884,2.35126,Crépuscule ou aube,En agglomération,Intersection en T,Normale,Autre collision,,,,,,,,,,,2,2,3,1,6.0
201600056027,0016-10-14 20:30:00,16,10,14,20,30,750,118,"51, BOULEVARD BARBES",48.889,2.34958,Nuit avec éclairage allumé,En agglomération,Hors intersection,Pluie légère,Autre collision,,,,,,,,,,,5,2,1,2,6.0
201600056028,0016-10-14 21:15:00,16,10,14,21,15,750,118,"42, BOULEVARD ORNANO",48.8946,2.3471,Crépuscule ou aube,En agglomération,Intersection en X,Pluie légère,Deux véhicules - côté,,,,,,,,,,,2,2,2,2,3.0
201600056029,0016-10-15 17:50:00,16,10,15,17,50,750,118,"58, BOULEVARD DE ROCHECH",48.8832,2.34528,Plein jour,En agglomération,Intersection en Y,Normale,Deux véhicules - côté,,,,,,,,,,,1,2,4,1,3.0