accident_id,datetime,annee,mois,jour,heure,minute,departement,commune_insee,adresse,latitude,longitude,luminosite,agglomeration,intersection,meteo,collision,nb_vehicules,nb_usagers,nb_indemnes,nb_tues,nb_blesses_hosp,nb_blesses_legers,age_cond_1,age_cond_2,veh_type_cond_1,veh_type_cond_2,lum_code,agg_code,int_code,atm_code,col_code
201600056030,0016-10-16 00:05:00,16,10,16,0,5,750,118,"21, RUE CUSTINE",48.8886,2.34718,Nuit avec éclairage allumé,En agglomération,Hors intersection,Normale,Autre collision,,,,,,,,,,,5,2,1,1,6.0
201600056031,0016-10-16 17:30:00,16,10,16,17,30,750,118,"/, RUE DE LA CHAPELLE",48.8902,2.36022,Plein jour,En agglomération,Place,Normale,Autre collision,,,,,,,,,,,1,2,7,1,6.0
201600056032,0016-10-17 15:00:00,16,10,17,15,0,750,118,AVENUE DE LA PORTE DE CL,48.8993,2.34409,Plein jour,En agglomération,Intersection en X,Normale,Autre collision,,,,,,,,,,,1,2,2,1,6.0
201600056033,0016-10-19 10:45:00,16,10,19,10,45,750,118,"78, BOULEVARD NEY",48.8985,2.35243,Plein jour,En agglomération,Intersection en X,Normale,Autre collision,,,,,,,,,,,1,2,2,1,6.0
201600056034,0016-10-20 08:07:00,16,10,20,8,7,750,110,RUE LOUIS BLANC,48.8843,2.35932,Plein jour,En agglomération,Intersection à plus de 4 branches,Pluie légère,Deux véhicules - côté,,,,,,,,,,,1,2,5,2,3.0
201600056035,0016-10-20 13:25:00,16,10,20,13,25,750,118,"27, RUE DU DEPARTEMENT",48.8858,2.36495,Plein jour,En agglomération,Intersection en T,Pluie légère,Deux véhicules - côté,,,,,,,,,,,1,2,3,2,3.0
201600056036,0016-10-20 14:40:00,16,10,20,14,40,750,118,"52, RUE DU SIMPLON",48.8946,2.3471,Plein jour,En agglomération,Intersection en T,Pluie légère,Autre collision,,,,,,,,,,,1,2,3,2,6.0
201600056037,0016-10-20 15:00:00,16,10,20,15,0,750,118,AVENUE DE LA PORTE DES P,48.8996,2.35229,Plein jour,En agglomération,Intersection en T,Pluie légère,Deux véhicules - côté,,,,,,,,,,,1,2,3,2,3.0
201600056038,0016-10-21 13:02:00,16,10,21,13,2,750,118,"36, BOULEVARD ORNANO",48.8936,2.34791,Plein jour,En agglomération,Intersection en Y,Temps couvert,Autre collision,,,,,,,,,,,1,2,4,8,6.0
201600056039,0016-10-22 12:30:00,16,10,22,12,30,750,118,BOULEVARD BARBES,48.8862,2.34951,Plein jour,En agglomération,Hors intersection,Normale,Autre collision,,,,,,,,,,,1,2,1,1,6.0
201600056040,0016-10-23 02:40:00,16,10,23,2,40,750,112,AVENUE DAUMESNIL   SAINT,48.8341,2.41066,Nuit avec éclairage allumé,En agglomération,Intersection à plus de 4 branches,Normale,Deux véhicules - côté,,,,,,,,,,,5,2,5,1,3.0
201600056041,0016-10-25 19:00:00,16,10,25,19,0,750,118,"135, RUE ORDENER",48.8931,2.34019,Nuit avec éclairage allumé,En agglomération,Intersection en X,Normale,Sans collision,,,,,,,,,,,5,2,2,1,7.0
201600056042,0016-10-26 09:10:00,16,10,26,9,10,750,118,"130, BOULEVARD DE CLICHY",48.8844,2.32893,Plein jour,En agglomération,Hors intersection,Normale,Deux véhicules - côté,,,,,,,,,,,1,2,1,1,3.0
201600056043,0016-10-26 17:20:00,16,10,26,17,20,750,118,"42, RUE DE LA CHARBONNIE",48.884,2.35172,Plein jour,En agglomération,Intersection en Y,Normale,Autre collision,,,,,,,,,,,1,2,4,1,6.0
201600056044,0016-10-27 01:35:00,16,10,27,1,35,750,118,AVENUE DE LA PORTE D AUB,48.9014,2.37016,Nuit avec éclairage allumé,En agglomération,Giratoire,Temps couvert,Autre collision,,,,,,,,,,,5,2,6,8,6.0
201600056045,0016-10-27 05:56:00,16,10,27,5,56,750,118,AVENUE DE LA PORTE DE CL,48.9005,2.34411,Nuit avec éclairage allumé,En agglomération,Intersection en X,Brouillard / fumée,Autre collision,,,,,,,,,,,5,2,2,5,6.0
201600056046,0016-10-28 09:40:00,16,10,28,9,40,750,118,"17, RUE CAULAINCOURT",48.8875,2.33331,Plein jour,En agglomération,Intersection en X,Normale,Deux véhicules - côté,,,,,,,,,,,1,2,2,1,3.0
201600056047,0016-10-29 01:09:00,16,10,29,1,9,750,118,AVENUE DE LA PORTE DE CL,48.9013,2.3441,Nuit avec éclairage allumé,En agglomération,Intersection en X,Normale,Deux véhicules - côté,,,,,,,,,,,5,2,2,1,3.0
201600056048,0016-10-30 04:00:00,16,10,30,4,0,750,118,"24, RUE ORDENER",48.8909,2.3532,Nuit avec éclairage allumé,En agglomération,Intersection en T,Normale,Autre collision,,,,,,,,,,,5,2,3,1,6.0
201600056049,0016-10-30 18:30:00,16,10,30,18,30,750,118,RUE ORDENER,48.8903,2.35719,Crépuscule ou aube,En agglomération,Hors intersection,Normale,Deux véhicules - frontale,,,,,,,,,,,2,2,1,1,1.0
201600056050,0016-11-01 19:00:00,16,11,1,19,0,750,118,"56, RUE MARCADET",48.8905,2.34958,Nuit avec éclairage allumé,En agglomération,Intersection en X,Normale,Autre collision,,,,,,,,,,,5,2,2,1,6.0
201600056051,0016-11-02 15:15:00,16,11,2,15,15,750,118,"44, RUE CHAMPIONNET",48.8956,2.34829,Plein jour,En agglomération,Intersection en X,Normale,Deux véhicules - côté,,,,,,,,,,,1,2,2,1,3.0
201600056052,0016-11-04 13:41:00,16,11,4,13,41,750,118,"04, PLACE CONSTANTIN PEC",48.8892,2.33825,Plein jour,En agglomération,Hors intersection,Pluie légère,Autre collision,,,,,,,,,,,1,2,1,2,6.0
201600056053,0016-11-04 23:20:00,16,11,4,23,20,750,118,AVENUE DE LA PORTE DE CL,48.9001,2.34411,Nuit avec éclairage allumé,En agglomération,Hors intersection,Pluie légère,Autre collision,,,,,,,,,,,5,2,1,2,6.0
201600056054,0016-11-09 07:40:00,16,11,9,7,40,750,118,"30, AVENUE DE LA PORTE D",48.8999,2.3441,Nuit avec éclairage allumé,En agglomération,Hors intersection,Pluie forte,Autre collision,,,,,,,,,,,5,2,1,3,6.0
201600056055,0016-11-09 10:30:00,16,11,9,10,30,750,118,"5, BOULEVARD BARBES",48.8842,2.34946,Plein jour,En agglomération,Intersection en T,Pluie forte,Deux véhicules - côté,,,,,,,,,,,1,2,3,3,3.0
201600056056,0016-11-09 19:20:00,16,11,9,19,20,750,118,"21, RUE DE L EVANGILE",48.8931,2.36334,Nuit avec éclairage non allumé,En agglomération,Place,Pluie légère,Autre collision,,,,,,,,,,,4,2,7,2,6.0
201600056057,0016-11-11 18:25:00,16,11,11,18,25,750,118,"12, RUE CARPEAUX",48.8915,2.33257,Nuit avec éclairage allumé,En agglomération,Hors intersection,Normale,Autre collision,,,,,,,,,,,5,2,1,1,6.0
201600056058,0016-11-11 18:40:00,16,11,11,18,40,750,118,"02, BOULEVARD NEY",48.8987,2.37027,Plein jour,En agglomération,Intersection en X,Normale,Autre collision,,,,,,,,,,,1,2,2,1,6.0
201600056059,0016-11-09 19:30:00,16,11,9,19,30,750,118,"10, AVENUE DE CLICHY",48.8843,2.32707,Nuit avec éclairage allumé,En agglomération,Hors intersection,Pluie forte,Autre collision,,,,,,,,,,,5,2,1,3,6.0
201600056060,0016-11-12 16:00:00,16,11,12,16,0,750,118,"6, AVENUE DE LA PORTE DE",48.899,2.35237,Plein jour,En agglomération,Hors intersection,Pluie légère,Deux véhicules - arrière,,,,,,,,,,,1,2,1,2,2.0
201600056061,0016-11-12 23:20:00,16,11,12,23,20,750,118,RUE CAULAINCOURT,48.8866,2.33262,Nuit avec éclairage allumé,En agglomération,Intersection à plus de 4 branches,Pluie légère,Autre collision,,,,,,,,,,,5,2,5,2,6.0
201600056062,0016-11-16 15:15:00,16,11,16,15,15,750,118,"18, RUE LEIBNIZ",48.8967,2.33622,Plein jour,En agglomération,Intersection en X,Temps couvert,Deux véhicules - côté,,,,,,,,,,,1,2,2,8,3.0
201600056063,0016-11-16 17:25:00,16,11,16,17,25,750,118,"1, PORTE DE LA CHAPELLE",48.8987,2.35905,Crépuscule ou aube,En agglomération,Intersection en X,Normale,Autre collision,,,,,,,,,,,2,2,2,1,6.0
201600056064,0016-11-17 16:40:00,16,11,17,16,40,750,118,RUE DE LA CHAPELLE,48.8974,2.35914,Plein jour,En agglomération,Hors intersection,Normale,Autre collision,,,,,,,,,,,1,2,1,1,6.0
201600056065,0016-11-20 00:45:00,16,11,20,0,45,750,118,RUE DU POTEAU,48.8968,2.33848,Nuit avec éclairage allumé,En agglomération,Intersection à plus de 4 branches,Pluie légère,Deux véhicules - côté,,,,,,,,,,,5,2,5,2,3.0
201600056066,0016-11-21 15:50:00,16,11,21,15,50,750,118,"40, AVENUE DE CLICHY",48.8858,2.32635,Plein jour,En agglomération,Intersection en X,Temps couvert,Autre collision,,,,,,,,,,,1,2,2,8,6.0
201600056067,0016-11-22 07:10:00,16,11,22,7,10,750,118,"106, RUE CAULAINCOURT",48.8897,2.34014,Nuit avec éclairage allumé,En agglomération,Intersection en T,Normale,Autre collision,,,,,,,,,,,5,2,3,1,6.0
201600056068,0016-11-22 17:00:00,16,11,22,17,0,750,118,"57, BOULEVARD NEY",48.8979,2.34045,Plein jour,En agglomération,Hors intersection,Normale,Autre collision,,,,,,,,,,,1,2,1,1,6.0
201600056069,0016-11-23 17:40:00,16,11,23,17,40,750,118,RUE CAULAINCOURT,48.8846,2.3295,Crépuscule ou aube,En agglomération,Intersection à plus de 4 branches,Normale,Deux véhicules - arrière,,,,,,,,,,,2,2,5,1,2.0
201600056070,0016-11-26 11:20:00,16,11,26,11,20,750,118,"44, RUE ORDENER",48.8915,2.34962,Plein jour,En agglomération,Intersection à plus de 4 branches,Normale,Deux véhicules - côté,,,,,,,,,,,1,2,5,1,3.0
201600056071,0016-11-27 02:30:00,16,11,27,2,30,750,118,RUE ORDENER,48.8925,2.34429,Nuit avec éclairage allumé,En agglomération,Place,Normale,Deux véhicules - côté,,,,,,,,,,,5,2,7,1,3.0
201600056072,0016-11-27 04:00:00,16,11,27,4,0,750,118,"12, RUE DE LA CHAPELLE",48.8908,2.35987,Nuit avec éclairage allumé,En agglomération,Intersection en Y,Normale,Deux véhicules - arrière,,,,,,,,,,,5,2,4,1,2.0
201600056073,0016-11-27 18:55:00,16,11,27,18,55,750,118,"147, BOULEVARD NEY",48.8975,2.32936,Nuit avec éclairage allumé,En agglomération,Intersection en Y,Normale,Autre collision,,,,,,,,,,,5,2,4,1,6.0
201600056074,0016-11-28 18:00:00,16,11,28,18,0,750,118,"18-20, BOULEVARD DE LA C",48.8845,2.36263,Nuit avec éclairage allumé,En agglomération,Hors intersection,Normale,Deux véhicules - côté,,,,,,,,,,,5,2,1,1,3.0
201600056075,0016-11-29 11:00:00,16,11,29,11,0,750,118,RUE JEAN FRANCOIS LEPINE,48.8861,2.35947,Plein jour,En agglomération,Intersection en T,Normale,Autre collision,,,,,,,,,,,1,2,3,1,6.0
201600056076,0016-11-29 20:40:00,16,11,29,20,40,750,118,"70, BOULEVARD NEY",48.8984,2.35629,Nuit avec éclairage allumé,En agglomération,Hors intersection,Normale,Autre collision,,,,,,,,,,,5,2,1,1,6.0
201600056077,0016-11-30 16:30:00,16,11,30,16,30,750,118,"85, RUE BELLIARD",48.8971,2.34092,Crépuscule ou aube,En agglomération,Hors intersection,Autre,Autre collision,,,,,,,,,,,2,2,1,9,6.0
201600056078,0016-11-30 18:30:00,16,11,30,18,30,750,118,"52, BOULEVARD ORNANO",48.895,2.34674,Crépuscule ou aube,En agglomération,Hors intersection,Normale,Deux véhicules - côté,,,,,,,,,,,2,2,1,1,3.0
201600056079,0016-12-02 10:15:00,16,12,2,10,15,750,118,BOULEVARD NEY,48.8985,2.35243,Plein jour,En agglomération,Intersection à plus de 4 branches,Temps couvert,Deux véhicules - côté,,,,,,,,,,,1,2,5,8,3.0
201600056080,0016-12-03 22:01:00,16,12,3,22,1,750,118,BOULEVARD DE ROCHECHOUAR,48.8829,2.34384,Nuit avec éclairage allumé,En agglomération,Intersection en T,Normale,Autre collision,,,,,,,,,,,5,2,3,1,6.0
201600056081,0016-12-04 16:25:00,16,12,4,16,25,750,119,PLACE SKANDERBEG,48.9004,2.3702,Plein jour,En agglomération,Place,Normale,Deux véhicules - arrière,,,,,,,,,,,1,2,7,1,2.0
201600056082,0016-12-05 18:28:00,16,12,5,18,28,750,118,BOULEVARD ORNANO,48.8974,2.34481,Nuit avec éclairage allumé,En agglomération,Intersection en Y,Normale,Autre collision,,,,,,,,,,,5,2,4,1,6.0
201600056083,0016-12-05 08:35:00,16,12,5,8,35,750,118,"238, RUE CHAMPIONNET",48.8932,2.32824,Plein jour,En agglomération,Hors intersection,Normale,Autre collision,,,,,,,,,,,1,2,1,1,6.0
201600056084,0016-12-08 16:30:00,16,12,8,16,30,750,118,AVENUE DE LA PORTE DE CL,48.9004,2.34411,Plein jour,En agglomération,Hors intersection,Normale,Deux véhicules - côté,,,,,,,,,,,1,2,1,1,3.0
201600056085,0016-12-09 14:50:00,16,12,9,14,50,750,118,RUE ETEX,48.8903,2.3288,Plein jour,En agglomération,Intersection en T,Normale,Deux véhicules - côté,,,,,,,,,,,1,2,3,1,3.0
201600056086,0016-12-09 18:30:00,16,12,9,18,30,750,118,"20, BOULEVARD DE CLICHY",48.8825,2.33762,Nuit avec éclairage allumé,En agglomération,Hors intersection,Normale,Autre collision,,,,,,,,,,,5,2,1,1,6.0
201600056087,0016-12-11 15:10:00,16,12,11,15,10,750,118,"15, RUE MARC SEGUIN",48.8919,2.36333,Plein jour,En agglomération,Intersection en X,Normale,Autre collision,,,,,,,,,,,1,2,2,1,6.0
201600056088,0016-12-12 18:00:00,16,12,12,18,0,750,118,"16, RUE STEPHENSON",48.886,2.35658,Nuit avec éclairage allumé,En agglomération,Intersection en X,Pluie légère,Autre collision,,,,,,,,,,,5,2,2,2,6.0
201600056089,0016-12-13 14:20:00,16,12,13,14,20,750,118,"145, RUE DES POISSONNIER",48.8961,2.35285,Plein jour,En agglomération,Hors intersection,Normale,Sans collision,,,,,,,,,,,1,2,1,1,7.0
201600056090,0016-12-14 15:20:00,16,12,14,15,20,750,118,"132, BD DE CLICHY",48.8842,2.32867,Plein jour,En agglomération,Hors intersection,Normale,Deux véhicules - côté,,,,,,,,,,,1,2,1,1,3.0
201600056091,0016-12-15 20:00:00,16,12,15,20,0,750,118,BOULEVARD NEY,48.8987,2.37027,Nuit avec éclairage allumé,En agglomération,Intersection en X,Normale,Autre collision,,,,,,,,,,,5,2,2,1,6.0
201600056092,0016-12-17 13:30:00,16,12,17,13,30,750,118,"8, RUE FIRMIN GEMIER",48.8948,2.33024,Plein jour,En agglomération,Hors intersection,Normale,Autre collision,,,,,,,,,,,1,2,1,1,6.0
201600056093,0016-12-20 16:30:00,16,12,20,16,30,750,118,"25, RUE ORDENER",48.8906,2.35453,Crépuscule ou aube,En agglomération,Intersection en T,Normale,Autre collision,,,,,,,,,,,2,2,3,1,6.0
201600056094,0016-12-21 09:00:00,16,12,21,9,0,750,118,"56, BOULEVARD ORNANO",48.8954,2.34643,Plein jour,En agglomération,Intersection en T,Normale,Deux véhicules - côté,,,,,,,,,,,1,2,3,1,3.0
201600056095,0016-12-21 22:30:00,16,12,21,22,30,750,118,"4, BOULEVARD BARBES",48.8841,2.34946,Nuit avec éclairage allumé,En agglomération,Intersection en T,Pluie légère,Autre collision,,,,,,,,,,,5,2,3,2,6.0
201600056096,0016-12-22 16:00:00,16,12,22,16,0,750,118,"1, RUE CHRISTIANI",48.8855,2.34946,Plein jour,En agglomération,Intersection en X,Pluie légère,Autre collision,,,,,,,,,,,1,2,2,2,6.0
201600056097,0016-12-23 19:50:00,16,12,23,19,50,750,118,BOULEVARD BARBES,48.8915,2.34962,Nuit avec éclairage allumé,En agglomération,Intersection en X,Normale,Deux véhicules - côté,,,,,,,,,,,5,2,2,1,3.0
201600056098,0016-12-24 09:30:00,16,12,24,9,30,750,118,AVENUE DE LA PORTE DE LA,48.8987,2.35905,Plein jour,En agglomération,Intersection en Y,Normale,Deux véhicules - arrière,,,,,,,,,,,1,2,4,1,2.0
201600056099,0016-12-24 13:05:00,16,12,24,13,5,750,118,"12, AVENUE DE LA PORTE D",48.899,2.33634,Plein jour,En agglomération,Intersection en Y,Temps couvert,Autre collision,,,,,,,,,,,1,2,4,8,6.0
201600056100,0016-12-25 12:38:00,16,12,25,12,38,750,118,AVENUE DE LA PORTE DE MO,48.9005,2.33547,Plein jour,En agglomération,Intersection en T,Normale,Deux véhicules - côté,,,,,,,,,,,1,2,3,1,3.0
201600056101,0016-12-25 18:10:00,16,12,25,18,10,750,118,AVENUE DE LA PORTE DE CL,48.9005,2.34411,Crépuscule ou aube,En agglomération,Intersection à plus de 4 branches,Normale,Sans collision,,,,,,,,,,,2,2,5,1,7.0
201600056102,0016-12-26 12:40:00,16,12,26,12,40,750,118,"30, RUE CAULAINCOURT",48.8879,2.33365,Plein jour,En agglomération,Intersection en X,Pluie légère,Deux véhicules - côté,,,,,,,,,,,1,2,2,2,3.0
201600056103,0016-12-26 16:30:00,16,12,26,16,30,750,118,"15, RUE DES CLOYS",48.8927,2.34008,Plein jour,En agglomération,Intersection en X,Normale,Deux véhicules - arrière,,,,,,,,,,,1,2,2,1,2.0
201600056104,0016-12-29 10:30:00,16,12,29,10,30,750,118,"111, BOULEVARD NEY",48.8977,2.33453,Plein jour,En agglomération,Intersection en T,Normale,Autre collision,,,,,,,,,,,1,2,3,1,6.0
201600056105,0016-12-30 22:40:00,16,12,30,22,40,750,118,"6, RUE ORDENER",48.8903,2.35882,Nuit avec éclairage allumé,En agglomération,Hors intersection,Normale,Deux véhicules - côté,,,,,,,,,,,5,2,1,1,3.0
201600056106,0016-01-02 00:01:00,16,1,2,0,1,750,119,"00, PLACE AUGUSTE BARON",48.9012,2.38942,Nuit avec éclairage allumé,En agglomération,Place,Pluie légère,Sans collision,,,,,,,,,,,5,2,7,2,7.0
201600056107,0016-01-05 00:15:00,16,1,5,0,15,750,110,"192, BOULEVARD DE LA VIL",48.8823,2.37002,Nuit avec éclairage allumé,En agglomération,Intersection à plus de 4 branches,Normale,Deux véhicules - côté,,,,,,,,,,,5,2,5,1,3.0
201600056108,0016-01-05 07:10:00,16,1,5,7,10,750,119,"176, AVENUE JEAN JAURES",48.8878,2.38925,Nuit avec éclairage allumé,En agglomération,Intersection en X,Pluie légère,Deux véhicules - côté,,,,,,,,,,,5,2,2,2,3.0
201600056109,0016-01-06 14:00:00,16,1,6,14,0,750,119,RUE DE CRIMEE,48.8795,2.38953,Plein jour,En agglomération,Intersection en X,Normale,Deux véhicules - côté,,,,,,,,,,,1,2,2,1,3.0
201600056110,0016-01-07 07:55:00,16,1,7,7,55,750,119,"S75319, BOULEVARD D INDO",48.8859,2.39655,Nuit avec éclairage allumé,En agglomération,Intersection en Y,Pluie légère,Autre collision,,,,,,,,,,,5,2,4,2,6.0
201600056111,0016-01-07 15:20:00,16,1,7,15,20,750,119,PLACE DE LA BATAILLE DE,48.8841,2.36886,Plein jour,En agglomération,Place,Normale,Autre collision,,,,,,,,,,,1,2,7,1,6.0
201600056112,0016-01-07 18:40:00,16,1,7,18,40,750,119,"16, RUE CAVENDISH",48.8826,2.38033,Nuit avec éclairage allumé,En agglomération,Intersection en X,Normale,Autre collision,,,,,,,,,,,5,2,2,1,6.0
201600056113,0016-01-08 02:20:00,16,1,8,2,20,750,119,AVENUE SIMON BOLIVAR,48.8784,2.37423,Nuit avec éclairage allumé,En agglomération,Intersection en X,Normale,Autre collision,,,,,,,,,,,5,2,2,1,6.0
201600056114,0016-01-08 14:30:00,16,1,8,14,30,750,119,"186, AVENUE JEAN JAURES",48.8884,2.39062,Plein jour,En agglomération,Intersection en Y,Normale,Autre collision,,,,,,,,,,,1,2,4,1,6.0
201600056115,0016-01-09 11:48:00,16,1,9,11,48,750,119,PLACE DE LA PORTE DE PAN,48.8893,2.39683,Plein jour,En agglomération,Intersection en Y,Normale,Deux véhicules - frontale,,,,,,,,,,,1,2,4,1,1.0
201600056116,0016-01-11 11:20:00,16,1,11,11,20,750,119,"21, PASSAGE WATTIEAUX",48.8944,2.37451,Plein jour,En agglomération,Hors intersection,Pluie légère,Autre collision,,,,,,,,,,,1,2,1,2,6.0
201600056117,0016-01-13 12:40:00,16,1,13,12,40,750,119,"13, AVENUE CORENTIN CARI",48.896,2.38346,Plein jour,En agglomération,Intersection en X,Temps couvert,Autre collision,,,,,,,,,,,1,2,2,8,6.0
201600056118,0016-01-14 10:00:00,16,1,14,10,0,750,119,RUE ALEXANDER FLEMING,48.882,2.40247,Plein jour,En agglomération,Intersection en X,Pluie forte,Autre collision,,,,,,,,,,,1,2,2,3,6.0
201600056119,0016-01-14 18:05:00,16,1,14,18,5,750,119,"03, AVENUE SECRETAN",48.8823,2.37081,Crépuscule ou aube,En agglomération,Hors intersection,Pluie légère,Trois véhicules et plus - en chaîne,,,,,,,,,,,2,2,1,2,4.0
201600056120,0016-01-15 12:50:00,16,1,15,12,50,750,119,"46, RUE RIQUET",48.8893,2.37125,Plein jour,En agglomération,Intersection à plus de 4 branches,Normale,Deux véhicules - côté,,,,,,,,,,,1,2,5,1,3.0
201600056121,0016-01-19 16:28:00,16,1,19,16,28,750,119,BOULEVARD MACDONALD,48.8971,2.39222,Plein jour,En agglomération,Intersection en T,Temps couvert,Autre collision,,,,,,,,,,,1,2,3,8,6.0
201600056122,0016-01-21 11:00:00,16,1,21,11,0,750,119,"155, RUE DE CRIMEE",48.8879,2.37992,Plein jour,En agglomération,Intersection en X,Normale,Autre collision,,,,,,,,,,,1,2,2,1,6.0
201600056123,0016-01-22 10:10:00,16,1,22,10,10,750,119,"8, PLACE DU COLONEL FABI",48.8783,2.37062,Plein jour,En agglomération,Giratoire,Normale,Deux véhicules - arrière,,,,,,,,,,,1,2,6,1,2.0
201600056124,0016-01-22 13:00:00,16,1,22,13,0,750,119,"221, AVENUE JEAN JAURES",48.8892,2.39387,Plein jour,En agglomération,Hors intersection,Normale,Deux véhicules - côté,,,,,,,,,,,1,2,1,1,3.0
201600056125,0016-01-22 20:15:00,16,1,22,20,15,750,119,"121, AVENUE JEAN JAURES",48.8859,2.3822,Nuit avec éclairage allumé,En agglomération,Intersection à plus de 4 branches,Normale,Autre collision,,,,,,,,,,,5,2,5,1,6.0
201600056126,0016-01-26 08:40:00,16,1,26,8,40,750,119,BOULEVARD SERURIER,48.8903,2.39533,Plein jour,En agglomération,Hors intersection,Normale,Deux véhicules - côté,,,,,,,,,,,1,2,1,1,3.0
201600056127,0016-01-26 15:55:00,16,1,26,15,55,750,119,"38, RUE DE CRIMEE",48.8791,2.38994,Plein jour,En agglomération,Intersection en X,Normale,Autre collision,,,,,,,,,,,1,2,2,1,6.0
201600056128,0016-01-27 08:30:00,16,1,27,8,30,750,119,"49, RUE PETIT",48.8854,2.38568,Crépuscule ou aube,En agglomération,Hors intersection,Pluie légère,Autre collision,,,,,,,,,,,2,2,1,2,6.0
201600056129,0016-01-28 01:05:00,16,1,28,1,5,750,119,"14, RUE DE MOUZAIA",48.8801,2.39193,Nuit avec éclairage allumé,En agglomération,Intersection en X,Normale,Autre collision,,,,,,,,,,,5,2,2,1,6.0
201600056130,0016-01-28 14:20:00,16,1,28,14,20,750,119,RUE BOTZARIS,48.8777,2.38122,Plein jour,En agglomération,Intersection en T,Normale,Deux véhicules - arrière,,,,,,,,,,,1,2,3,1,2.0
201600056131,0016-01-28 14:30:00,16,1,28,14,30,750,119,"69, AVENUE SIMON BOLIVAR",48.8764,2.37649,Plein jour,En agglomération,Hors intersection,Normale,Autre collision,,,,,,,,,,,1,2,1,1,6.0
201600056132,0016-01-28 16:00:00,16,1,28,16,0,750,119,"39, RUE RIQUET",48.8893,2.37125,Plein jour,En agglomération,Intersection à plus de 4 branches,Normale,Autre collision,,,,,,,,,,,1,2,5,1,6.0
201600056133,0016-01-28 20:40:00,16,1,28,20,40,750,119,"98, RUE DE L OURCQ",48.8937,2.37331,Nuit avec éclairage allumé,En agglomération,Intersection à plus de 4 branches,Normale,Deux véhicules - côté,,,,,,,,,,,5,2,5,1,3.0
201600056134,0016-01-28 13:00:00,16,1,28,13,0,750,119,"2BIS, RUE D ALSACE LORRA",48.8825,2.39316,Plein jour,En agglomération,Hors intersection,Normale,Autre collision,,,,,,,,,,,1,2,1,1,6.0
201600056135,0016-01-29 22:20:00,16,1,29,22,20,750,119,"150, AVENUE DE FLANDRE",48.894,2.38132,Nuit avec éclairage allumé,En agglomération,Hors intersection,Normale,Autre collision,,,,,,,,,,,5,2,1,1,6.0
201600056136,0016-01-30 19:00:00,16,1,30,19,0,750,119,RUE D AUBERVILLIERS,48.8987,2.37027,Nuit avec éclairage allumé,En agglomération,Intersection en X,Pluie légère,Deux véhicules - côté,,,,,,,,,,,5,2,2,2,3.0
201600056137,0016-02-01 17:50:00,16,2,1,17,50,750,119,RUE MANIN,48.8832,2.38791,Nuit avec éclairage allumé,En agglomération,Intersection en X,Normale,Deux véhicules - côté,,,,,,,,,,,5,2,2,1,3.0
201600056138,0016-02-04 22:30:00,16,2,4,22,30,750,119,"17, AVENUE JEAN JAURES",48.8828,2.37033,Nuit avec éclairage allumé,En agglomération,Intersection à plus de 4 branches,Temps couvert,Deux véhicules - côté,,,,,,,,,,,5,2,5,8,3.0
201600056139,0016-02-05 14:50:00,16,2,5,14,50,750,119,"199, BOULEVARD MACDONALD",48.8987,2.37352,Plein jour,En agglomération,Hors intersection,Normale,Deux véhicules - côté,,,,,,,,,,,1,2,1,1,3.0
201600056140,0016-02-06 01:25:00,16,2,6,1,25,750,119,"196, BOULEVARD DE LA VIL",48.8822,2.37038,Nuit avec éclairage allumé,En agglomération,Hors intersection,Normale,Deux véhicules - arrière,,,,,,,,,,,5,2,1,1,2.0
201600056141,0016-02-08 17:45:00,16,2,8,17,45,750,119,"58, AVENUE JEAN JAURES",48.8843,2.37588,Crépuscule ou aube,En agglomération,Intersection en T,Pluie légère,Deux véhicules - côté,,,,,,,,,,,2,2,3,2,3.0
201600056142,0016-02-09 13:30:00,16,2,9,13,30,750,119,"72, RUE DU PRE SAINT GER",48.879,2.39809,Plein jour,En agglomération,Intersection en X,Normale,Autre collision,,,,,,,,,,,1,2,2,1,6.0
201600056143,0016-02-09 19:15:00,16,2,9,19,15,750,119,AVENUE JEAN JAURES,48.8878,2.38925,Nuit avec éclairage allumé,En agglomération,Intersection en X,Pluie légère,Autre collision,,,,,,,,,,,5,2,2,2,6.0
201600056144,0016-02-10 14:30:00,16,2,10,14,30,750,119,"74, RUE PETIT",48.8858,2.38772,Plein jour,En agglomération,Intersection en T,Normale,Autre collision,,,,,,,,,,,1,2,3,1,6.0
201600056145,0016-02-13 14:15:00,16,2,13,14,15,750,119,"36, RUE GASTON TESSIER",48.8962,2.37505,Plein jour,En agglomération,Hors intersection,Pluie forte,Autre collision,,,,,,,,,,,1,2,1,3,6.0
201600056146,0016-02-13 15:30:00,16,2,13,15,30,750,119,"221, AVENUE JEAN JAURES",48.8892,2.39387,Plein jour,En agglomération,Hors intersection,Pluie légère,Deux véhicules - côté,,,,,,,,,,,1,2,1,2,3.0
201600056147,0016-02-13 19:05:00,16,2,13,19,5,750,119,"215, BOULEVARD MACDONALD",48.8987,2.37027,Nuit avec éclairage allumé,En agglomération,Intersection en T,Pluie légère,Deux véhicules - côté,,,,,,,,,,,5,2,3,2,3.0
201600056148,0016-02-17 13:40:00,16,2,17,13,40,750,119,"2, RUE MANIN",48.8763,2.37961,Plein jour,En agglomération,Intersection en X,Normale,Autre collision,,,,,,,,,,,1,2,2,1,6.0