accident_id,datetime,annee,mois,jour,heure,minute,departement,commune_insee,adresse,latitude,longitude,luminosite,agglomeration,intersection,meteo,collision,nb_vehicules,nb_usagers,nb_indemnes,nb_tues,nb_blesses_hosp,nb_blesses_legers,age_cond_1,age_cond_2,veh_type_cond_1,veh_type_cond_2,lum_code,agg_code,int_code,atm_code,col_code
201600056751,0016-02-08 06:23:00,16,2,8,6,23,750,102,BOULEVARD SAINT DENIS,48.8693,2.35421,Nuit avec éclairage allumé,En agglomération,Intersection en X,Normale,Trois véhicules et plus - collisions multiples,,,,,,,,,,,5,2,2,1,5.0
201600056752,0016-02-09 00:33:00,16,2,9,0,33,750,108,PLACE DE LA CONCORDE,48.8659,2.31989,Nuit avec éclairage allumé,En agglomération,Place,Normale,Deux véhicules - côté,,,,,,,,,,,5,2,7,1,3.0
201600056753,0016-02-09 09:20:00,16,2,9,9,20,750,116,RUE DUFRENOY,48.8665,2.27272,Plein jour,En agglomération,Intersection en X,Normale,Autre collision,,,,,,,,,,,1,2,2,1,6.0
201600056754,0016-02-10 19:47:00,16,2,10,19,47,750,106,RUE DE RENNES,48.848,2.32774,Nuit avec éclairage allumé,En agglomération,Intersection à plus de 4 branches,Normale,Deux véhicules - côté,,,,,,,,,,,5,2,5,1,3.0
201600056755,0016-02-11 00:12:00,16,2,11,0,12,750,112,"43, AVENUE DU GENERAL MI",48.8346,2.4008,Nuit avec éclairage allumé,En agglomération,Intersection à plus de 4 branches,Normale,Deux véhicules - arrière,,,,,,,,,,,5,2,5,1,2.0
201600056756,0016-02-11 07:55:00,16,2,11,7,55,750,113,"164, AVENUE DE LA PORTE",48.829,2.35763,Plein jour,En agglomération,Intersection en T,Normale,Deux véhicules - arrière,,,,,,,,,,,1,2,3,1,2.0
201600056757,0016-02-12 13:10:00,16,2,12,13,10,750,101,SOUTERRAIN TUILERIES,48.8621,2.32665,Plein jour,En agglomération,Hors intersection,Pluie forte,Autre collision,,,,,,,,,,,1,2,1,3,6.0
201600056758,0016-02-12 19:30:00,16,2,12,19,30,750,117,RUE POUCHET,48.8942,2.32057,Nuit avec éclairage allumé,En agglomération,Intersection en X,Normale,Deux véhicules - côté,,,,,,,,,,,5,2,2,1,3.0
201600056759,0016-02-12 20:50:00,16,2,12,20,50,750,113,"207, RUE DE TOLBIAC",48.8257,2.34822,Nuit avec éclairage allumé,En agglomération,Intersection à plus de 4 branches,Normale,Autre collision,,,,,,,,,,,5,2,5,1,6.0
201600056760,0016-02-15 17:20:00,16,2,15,17,20,750,111,"160, RUE SAINT MAUR",48.8695,2.37391,Crépuscule ou aube,En agglomération,Intersection en X,Normale,Autre collision,,,,,,,,,,,2,2,2,1,6.0
201600056761,0016-02-16 03:45:00,16,2,16,3,45,750,101,PLACE DU CARROUSEL,48.8604,2.33353,Nuit avec éclairage allumé,En agglomération,Place,Normale,Autre collision,,,,,,,,,,,5,2,7,1,6.0
201600056762,0016-02-16 19:39:00,16,2,16,19,39,750,118,"2, RUE ACHILLE MARTINET",48.8915,2.33648,Nuit avec éclairage allumé,En agglomération,Intersection en T,Normale,Autre collision,,,,,,,,,,,5,2,3,1,6.0
201600056763,0016-02-17 21:55:00,16,2,17,21,55,750,108,RUE DE LA PEPINIERE,48.8751,2.3229,Nuit avec éclairage allumé,En agglomération,Intersection en X,Normale,Deux véhicules - frontale,,,,,,,,,,,5,2,2,1,1.0
201600056764,0016-02-18 03:05:00,16,2,18,3,5,750,110,"222, RUE DU FAUBOURG SAI",48.8804,2.36432,Nuit avec éclairage allumé,En agglomération,Intersection en T,Normale,Trois véhicules et plus - collisions multiples,,,,,,,,,,,5,2,3,1,5.0
201600056765,0016-02-18 11:47:00,16,2,18,11,47,750,110,"249, RUE LA FAYETTE",48.8827,2.37017,Plein jour,En agglomération,Place,Pluie légère,Autre collision,,,,,,,,,,,1,2,7,2,6.0
201600056766,0016-02-19 08:30:00,16,2,19,8,30,750,112,ECHANGEUR BERCY,48.8268,2.39061,Plein jour,En agglomération,Intersection en Y,Normale,Deux véhicules - côté,,,,,,,,,,,1,2,4,1,3.0
201600056767,0016-02-19 13:29:00,16,2,19,13,29,750,114,PLACE DU VINGT CINQ AOUT,48.8232,2.32552,Plein jour,En agglomération,Intersection en X,Normale,Deux véhicules - côté,,,,,,,,,,,1,2,2,1,3.0
201600056768,0016-02-21 03:20:00,16,2,21,3,20,750,113,BOULEVARD PERIPHERIQUE I,48.8258,2.38645,Nuit avec éclairage allumé,En agglomération,Hors intersection,Normale,Deux véhicules - côté,,,,,,,,,,,5,2,1,1,3.0
201600056769,0016-02-21 06:13:00,16,2,21,6,13,750,112,PLACE DE LA NATION,48.8482,2.39665,Nuit avec éclairage allumé,En agglomération,Place,Normale,Autre collision,,,,,,,,,,,5,2,7,1,6.0
201600056770,0016-02-21 10:25:00,16,2,21,10,25,750,106,"57, QUAI DES GRANDS AUGU",48.8561,2.34044,Plein jour,En agglomération,Intersection en X,Normale,Autre collision,,,,,,,,,,,1,2,2,1,6.0
201600056771,0016-02-23 09:20:00,16,2,23,9,20,750,119,"09, RUE RIQUET",48.8883,2.37592,Plein jour,En agglomération,Hors intersection,Normale,Autre collision,,,,,,,,,,,1,2,1,1,6.0
201600056772,0016-02-24 12:50:00,16,2,24,12,50,750,110,RUE DU FAUBOURG SAINT MA,48.8753,2.35921,Plein jour,En agglomération,Place,Normale,Autre collision,,,,,,,,,,,1,2,7,1,6.0
201600056773,0016-02-26 12:50:00,16,2,26,12,50,750,113,"107, BOULEVARD DE L HOPI",48.8366,2.35927,Plein jour,En agglomération,Place,Normale,Autre collision,,,,,,,,,,,1,2,7,1,6.0
201600056774,0016-02-26 20:05:00,16,2,26,20,5,750,110,RUE DU FAUBOURG SAINT MA,48.8829,2.36735,Nuit avec éclairage allumé,En agglomération,Hors intersection,Normale,Autre collision,,,,,,,,,,,5,2,1,1,6.0
201600056775,0016-02-26 22:35:00,16,2,26,22,35,750,115,RUE DE VAUGIRARD,48.8383,2.29844,Nuit avec éclairage allumé,En agglomération,Intersection en X,Normale,Autre collision,,,,,,,,,,,5,2,2,1,6.0
201600056776,0016-02-27 14:36:00,16,2,27,14,36,750,101,RUE DE RIVOLI,48.8601,2.34337,Plein jour,En agglomération,Intersection en X,Normale,Autre collision,,,,,,,,,,,1,2,2,1,6.0
201600056777,0016-02-27 20:50:00,16,2,27,20,50,750,111,"80, RUE OBERKAMPF",48.8652,2.37516,Nuit avec éclairage non allumé,En agglomération,Intersection en X,Normale,Autre collision,,,,,,,,,,,4,2,2,1,6.0
201600056778,0016-03-11 11:20:00,16,3,11,11,20,750,111,PLACE DE LA NATION,48.8485,2.39511,Plein jour,En agglomération,Giratoire,Normale,Deux véhicules - côté,,,,,,,,,,,1,2,6,1,3.0
201600056779,0016-03-03 22:24:00,16,3,3,22,24,750,117,PLACE DE VERDUN,48.8786,2.27978,Nuit avec éclairage allumé,En agglomération,Place,Normale,Deux véhicules - côté,,,,,,,,,,,5,2,7,1,3.0
201600056780,0016-03-05 05:20:00,16,3,5,5,20,750,101,QUAI DES TUILERIES,48.8623,2.32551,Nuit avec éclairage allumé,En agglomération,Hors intersection,Pluie légère,Autre collision,,,,,,,,,,,5,2,1,2,6.0
201600056781,0016-03-05 15:03:00,16,3,5,15,3,750,113,AVENUE DE LA PORTE D ITA,48.8164,2.36001,Plein jour,En agglomération,Intersection en Y,Normale,Deux véhicules - côté,,,,,,,,,,,1,2,4,1,3.0
201600056782,0016-03-05 20:50:00,16,3,5,20,50,750,112,"242, RUE DU FAUBOURG SAI",48.8494,2.38947,Nuit avec éclairage allumé,En agglomération,Intersection en T,Normale,Deux véhicules - côté,,,,,,,,,,,5,2,3,1,3.0
201600056783,0016-03-06 07:18:00,16,3,6,7,18,750,119,"202, AVENUE JEAN JAURES",48.8886,2.39227,Plein jour,En agglomération,Hors intersection,Normale,Deux véhicules - côté,,,,,,,,,,,1,2,1,1,3.0
201600056784,0016-03-07 09:25:00,16,3,7,9,25,750,117,"20, PLACE GENERAL CATROU",48.8826,2.31037,Plein jour,En agglomération,Place,Normale,Deux véhicules - côté,,,,,,,,,,,1,2,7,1,3.0
201600056785,0016-03-11 04:04:00,16,3,11,4,4,750,115,"88, AVENUE DE BRETEUIL",48.8456,2.31103,Nuit avec éclairage allumé,En agglomération,Hors intersection,Normale,Autre collision,,,,,,,,,,,5,2,1,1,6.0
201600056786,0016-03-14 09:45:00,16,3,14,9,45,750,120,RUE MENDELSSOHN,48.8547,2.41204,Plein jour,En agglomération,Intersection en X,Normale,Autre collision,,,,,,,,,,,1,2,2,1,6.0
201600056787,0016-03-14 16:48:00,16,3,14,16,48,750,119,"204, RUE DE CRIMEE",48.892,2.37523,Plein jour,En agglomération,Hors intersection,Normale,Autre collision,,,,,,,,,,,1,2,1,1,6.0
201600056788,0016-03-16 20:13:00,16,3,16,20,13,750,115,QUAI BRANLY,48.8553,2.28943,Nuit avec éclairage allumé,En agglomération,Intersection en T,Normale,Autre collision,,,,,,,,,,,5,2,3,1,6.0
201600056789,0016-03-18 13:06:00,16,3,18,13,6,750,112,AVENUE DE NOGENT   VINCE,48.838,2.46422,Plein jour,En agglomération,Hors intersection,Normale,Autre collision,,,,,,,,,,,1,2,1,1,6.0
201600056790,0016-03-19 01:50:00,16,3,19,1,50,750,120,"266, RUE DES PYRENEES",48.8696,2.39478,Nuit avec éclairage allumé,En agglomération,Intersection en T,Normale,Deux véhicules - frontale,,,,,,,,,,,5,2,3,1,1.0
201600056791,0016-03-20 03:30:00,16,3,20,3,30,750,101,"162, RUE DE RIVOLI",48.8615,2.33907,Nuit avec éclairage allumé,En agglomération,Intersection en T,Normale,Autre collision,,,,,,,,,,,5,2,3,1,6.0
201600056792,0016-03-21 16:55:00,16,3,21,16,55,750,117,"90, BOULEVARD BESSIERES",48.8965,2.31928,Plein jour,En agglomération,Hors intersection,Normale,Autre collision,,,,,,,,,,,1,2,1,1,6.0
201600056793,0016-03-21 23:50:00,16,3,21,23,50,750,112,RUE DE BERCY,48.8429,2.37502,Nuit avec éclairage allumé,En agglomération,Hors intersection,Normale,Deux véhicules - côté,,,,,,,,,,,5,2,1,1,3.0
201600056794,0016-03-22 08:40:00,16,3,22,8,40,750,116,BOULEVARD SUCHET,48.8554,2.26338,Plein jour,En agglomération,Hors intersection,Normale,Deux véhicules - côté,,,,,,,,,,,1,2,1,1,3.0
201600056795,0016-03-22 13:28:00,16,3,22,13,28,750,119,BOULEVARD MACDONALD,48.8957,2.39385,Plein jour,En agglomération,Hors intersection,Normale,Deux véhicules - arrière,,,,,,,,,,,1,2,1,1,2.0
201600056796,0016-03-22 23:24:00,16,3,22,23,24,750,112,PLACE EDOUARD RENARD,48.8348,2.40796,Nuit avec éclairage allumé,En agglomération,Place,Normale,Sans collision,,,,,,,,,,,5,2,7,1,7.0
201600056797,0016-03-25 22:35:00,16,3,25,22,35,750,113,RUE DES WALLONS,48.8391,2.36115,Nuit avec éclairage allumé,En agglomération,Intersection en Y,Normale,Deux véhicules - côté,,,,,,,,,,,5,2,4,1,3.0
201600056798,0016-03-26 13:30:00,16,3,26,13,30,750,119,"82, RUE D HAUTPOUL",48.887,2.38631,Plein jour,En agglomération,Intersection en T,Normale,Deux véhicules - arrière,,,,,,,,,,,1,2,3,1,2.0
201600056799,0016-03-27 21:13:00,16,3,27,21,13,750,106,PLACE DU DIX HUIT JUIN 1,48.8436,2.32458,Nuit avec éclairage allumé,En agglomération,Place,Normale,Deux véhicules - côté,,,,,,,,,,,5,2,7,1,3.0
201600056800,0016-03-28 15:55:00,16,3,28,15,55,750,105,QUAI SAINT BERNARD,48.8455,2.36303,Plein jour,En agglomération,Hors intersection,Normale,Deux véhicules - frontale,,,,,,,,,,,1,2,1,1,1.0
201600056801,0016-03-28 17:17:00,16,3,28,17,17,750,116,"76, RUE DE LA TOUR",48.8612,2.27927,Plein jour,En agglomération,Intersection en X,Pluie légère,Deux véhicules - côté,,,,,,,,,,,1,2,2,2,3.0
201600056802,0016-03-29 23:00:00,16,3,29,23,0,750,113,AVENUE DE LA PORTE D ITA,48.8164,2.36058,Nuit avec éclairage allumé,En agglomération,Intersection en Y,Pluie forte,Deux véhicules - côté,,,,,,,,,,,5,2,4,3,3.0
201600056803,0016-03-30 00:03:00,16,3,30,0,3,750,120,RUE BELGRAND,48.8646,2.40457,Nuit avec éclairage allumé,En agglomération,Intersection en X,Autre,Autre collision,,,,,,,,,,,5,2,2,9,6.0
201600056804,0016-03-30 17:45:00,16,3,30,17,45,750,119,"30, RUE MANIN",48.8834,2.38895,Plein jour,En agglomération,Hors intersection,Pluie légère,Deux véhicules - côté,,,,,,,,,,,1,2,1,2,3.0
201600056805,0016-03-31 02:23:00,16,3,31,2,23,750,119,"01BIS, RUE CURIAL",48.8893,2.37125,Nuit avec éclairage allumé,En agglomération,Intersection à plus de 4 branches,Normale,Autre collision,,,,,,,,,,,5,2,5,1,6.0
201600056806,0016-03-31 13:30:00,16,3,31,13,30,750,116,AVENUE DE L HIPPODROME,48.8623,2.23822,Plein jour,En agglomération,Intersection en X,Temps couvert,Deux véhicules - côté,,,,,,,,,,,1,2,2,8,3.0
201600056807,0016-04-03 04:00:00,16,4,3,4,0,750,113,PLACE D ITALIE,48.8319,2.3558,Nuit avec éclairage allumé,En agglomération,Place,Normale,Autre collision,,,,,,,,,,,5,2,7,1,6.0
201600056808,0016-04-04 14:15:00,16,4,4,14,15,750,111,"221, RUE DU FAUBOURG SAI",48.8505,2.38359,Plein jour,En agglomération,Hors intersection,Normale,Autre collision,,,,,,,,,,,1,2,1,1,6.0
201600056809,0016-04-05 20:30:00,16,4,5,20,30,750,120,BOULEVARD PERIPHERIQUE I,48.8648,2.41324,Crépuscule ou aube,En agglomération,Hors intersection,Normale,Trois véhicules et plus - en chaîne,,,,,,,,,,,2,2,1,1,4.0
201600056810,0016-04-06 15:00:00,16,4,6,15,0,750,116,ALLEE DE LA REINE MARGUE,48.8627,2.24765,Plein jour,En agglomération,Hors intersection,Normale,Autre collision,,,,,,,,,,,1,2,1,1,6.0
201600056811,0016-04-13 15:15:00,16,4,13,15,15,750,116,"92, QUAI LOUIS BLERIOT",48.8452,2.27255,Plein jour,En agglomération,Hors intersection,Normale,Deux véhicules - côté,,,,,,,,,,,1,2,1,1,3.0
201600056812,0016-04-10 01:15:00,16,4,10,1,15,750,114,"45, BOULEVARD BRUNE",48.8268,2.30931,Nuit avec éclairage allumé,En agglomération,Intersection en T,Vent fort / tempête,Autre collision,,,,,,,,,,,5,2,3,6,6.0
201600056813,0016-04-11 18:20:00,16,4,11,18,20,750,107,"26, AVENUE RAPP",48.8589,2.30051,Plein jour,En agglomération,Hors intersection,Normale,Autre collision,,,,,,,,,,,1,2,1,1,6.0
201600056814,0016-04-11 20:51:00,16,4,11,20,51,750,120,"91, AVENUE GAMBETTA",48.8663,2.39972,Nuit avec éclairage allumé,En agglomération,Intersection en X,Normale,Deux véhicules - côté,,,,,,,,,,,5,2,2,1,3.0
201600056815,0016-04-12 18:25:00,16,4,12,18,25,750,119,"143, RUE DE CRIMEE",48.8872,2.38076,Plein jour,En agglomération,Intersection en T,Normale,Autre collision,,,,,,,,,,,1,2,3,1,6.0
201600056816,0016-04-13 00:25:00,16,4,13,0,25,750,119,BOULEVARD PERIPHERIQUE I,48.9002,2.38122,Nuit avec éclairage allumé,En agglomération,Intersection en Y,Normale,Sans collision,,,,,,,,,,,5,2,4,1,7.0
201600056817,0016-04-14 14:40:00,16,4,14,14,40,750,116,RUE MOLITOR,48.8453,2.25751,Plein jour,En agglomération,Intersection en X,Normale,Deux véhicules - côté,,,,,,,,,,,1,2,2,1,3.0
201600056818,0016-04-14 20:27:00,16,4,14,20,27,750,112,QUAI DE BERCY,48.8315,2.385,Nuit avec éclairage allumé,En agglomération,Hors intersection,Pluie légère,Autre collision,,,,,,,,,,,5,2,1,2,6.0
201600056819,0016-04-16 18:45:00,16,4,16,18,45,750,120,"04, RUE OLIVIER METRA",48.8717,2.39532,Plein jour,En agglomération,Hors intersection,Normale,Autre collision,,,,,,,,,,,1,2,1,1,6.0
201600056820,0016-04-17 07:03:00,16,4,17,7,3,750,113,RUE NEUVE TOLBIAC,48.8323,2.37979,Plein jour,En agglomération,Intersection en X,Normale,Deux véhicules - côté,,,,,,,,,,,1,2,2,1,3.0
201600056821,0016-04-18 14:51:00,16,4,18,14,51,750,106,BOULEVARD DU MONTPARNASS,48.8432,2.32606,Plein jour,En agglomération,Hors intersection,Normale,Autre collision,,,,,,,,,,,1,2,1,1,6.0
201600056822,0016-04-18 15:45:00,16,4,18,15,45,750,112,"58, AVENUE DES TERROIRS",48.8323,2.38917,Plein jour,En agglomération,Hors intersection,Normale,Deux véhicules - arrière,,,,,,,,,,,1,2,1,1,2.0
201600056823,0016-04-21 02:27:00,16,4,21,2,27,750,120,"47, BOULEVARD DAVOUT",48.8511,2.41103,Nuit avec éclairage allumé,En agglomération,Hors intersection,Normale,Sans collision,,,,,,,,,,,5,2,1,1,7.0
201600056824,0016-04-22 06:00:00,16,4,22,6,0,750,114,"188, AVENUE DU MAINE",48.8315,2.32535,Nuit avec éclairage allumé,En agglomération,Intersection en Y,Normale,Autre collision,,,,,,,,,,,5,2,4,1,6.0
201600056825,0016-04-23 16:45:00,16,4,23,16,45,750,116,"104, AVENUE RAYMOND POIN",48.8716,2.28481,Plein jour,En agglomération,Hors intersection,Normale,Sans collision,,,,,,,,,,,1,2,1,1,7.0
201600056826,0016-04-27 09:40:00,16,4,27,9,40,750,112,"86, QUAI DE LA RAPEE",48.8458,2.3676,Plein jour,En agglomération,Intersection en Y,Normale,Autre collision,,,,,,,,,,,1,2,4,1,6.0
201600056827,0016-04-28 17:09:00,16,4,28,17,9,750,118,"14, RUE DE LA CHAPELLE",48.8912,2.35984,Plein jour,En agglomération,Hors intersection,Normale,Autre collision,,,,,,,,,,,1,2,1,1,6.0
201600056828,0016-04-28 20:00:00,16,4,28,20,0,750,108,"21, RUE FRANCOIS 1ER",48.8677,2.30523,Plein jour,En agglomération,Hors intersection,Normale,Autre collision,,,,,,,,,,,1,2,1,1,6.0
201600056829,0016-04-30 04:05:00,16,4,30,4,5,750,112,"24, RUE DE CHARENTON",48.8517,2.37188,Nuit avec éclairage allumé,En agglomération,Hors intersection,Pluie légère,Autre collision,,,,,,,,,,,5,2,1,2,6.0
201600056830,0016-05-01 13:35:00,16,5,1,13,35,750,116,"37, AVENUE DE LA GRANDE",48.8755,2.28951,Plein jour,En agglomération,Hors intersection,Normale,Deux véhicules - côté,,,,,,,,,,,1,2,1,1,3.0
201600056831,0016-05-02 15:45:00,16,5,2,15,45,750,113,"/, BOULEVARD PERIPHERIQU",48.8193,2.37191,Plein jour,En agglomération,Hors intersection,Normale,Deux véhicules - côté,,,,,,,,,,,1,2,1,1,3.0
201600056832,0016-05-03 12:15:00,16,5,3,12,15,750,105,QUAI SAINT BERNARD,48.8461,2.36207,Plein jour,En agglomération,Hors intersection,Normale,Deux véhicules - arrière,,,,,,,,,,,1,2,1,1,2.0
201600056833,0016-05-03 23:28:00,16,5,3,23,28,750,116,"98, AVENUE DE VERSAILLES",48.8447,2.27094,Nuit avec éclairage allumé,En agglomération,Hors intersection,Normale,Deux véhicules - côté,,,,,,,,,,,5,2,1,1,3.0
201600056834,0016-05-04 16:27:00,16,5,4,16,27,750,113,"118, BOULEVARD DE L HOPI",48.835,2.3581,Plein jour,En agglomération,Hors intersection,Normale,Deux véhicules - côté,,,,,,,,,,,1,2,1,1,3.0
201600056835,0016-05-05 16:09:00,16,5,5,16,9,750,112,AVENUE DE NOGENT,48.8397,2.45738,Plein jour,En agglomération,Intersection en X,Normale,Autre collision,,,,,,,,,,,1,2,2,1,6.0
201600056836,0016-05-06 03:40:00,16,5,6,3,40,750,120,BOULEVARD PERIPHERIQUE I,48.847,2.41446,Nuit avec éclairage allumé,En agglomération,Hors intersection,Normale,Autre collision,,,,,,,,,,,5,2,1,1,6.0
201600056837,0016-05-06 20:40:00,16,5,6,20,40,750,118,"10, RUE MARX DORMOY",48.8854,2.35935,Plein jour,En agglomération,Hors intersection,Normale,Autre collision,,,,,,,,,,,1,2,1,1,6.0
201600056838,0016-05-08 16:35:00,16,5,8,16,35,750,111,"25, RUE DU CHEMIN VERT",48.8585,2.37292,Plein jour,En agglomération,Hors intersection,Normale,Deux véhicules - côté,,,,,,,,,,,1,2,1,1,3.0
201600056839,0016-05-09 22:13:00,16,5,9,22,13,750,113,"16, BOULEVARD AUGUSTE BL",48.8307,2.35266,Nuit avec éclairage allumé,En agglomération,Intersection en X,Pluie légère,Autre collision,,,,,,,,,,,5,2,2,2,6.0
201600056840,0016-05-10 15:30:00,16,5,10,15,30,750,114,AVENUE DAVID WEILL,48.8213,2.33431,Plein jour,En agglomération,Intersection en T,Pluie légère,Deux véhicules - côté,,,,,,,,,,,1,2,3,2,3.0
201600056841,0016-05-11 14:15:00,16,5,11,14,15,750,119,"10, AVENUE JEAN JAURES",48.883,2.37125,Plein jour,En agglomération,Intersection à plus de 4 branches,Pluie forte,Deux véhicules - arrière,,,,,,,,,,,1,2,5,3,2.0
201600056842,0016-05-11 22:10:00,16,5,11,22,10,750,116,AVENUE MOZART,48.8547,2.26935,Nuit avec éclairage allumé,En agglomération,Intersection en X,Normale,Autre collision,,,,,,,,,,,5,2,2,1,6.0
201600056843,0016-05-13 21:10:00,16,5,13,21,10,750,116,PORTE DE PASSY,48.8595,2.2627,Nuit avec éclairage allumé,En agglomération,Hors intersection,Normale,Trois véhicules et plus - collisions multiples,,,,,,,,,,,5,2,1,1,5.0
201600056844,0016-05-16 09:50:00,16,5,16,9,50,750,116,ALLEE DE LONGCHAMP,48.8725,2.26444,Plein jour,En agglomération,Intersection en X,Normale,Deux véhicules - côté,,,,,,,,,,,1,2,2,1,3.0
201600056845,0016-05-16 11:05:00,16,5,16,11,5,750,101,RUE DU LOUVRE,48.8653,2.34307,Plein jour,En agglomération,Intersection en X,Normale,Deux véhicules - côté,,,,,,,,,,,1,2,2,1,3.0
201600056846,0016-05-17 07:54:00,16,5,17,7,54,750,115,AVENUE DE LA PORTE DE LA,48.8274,2.29308,Plein jour,En agglomération,Hors intersection,Normale,Trois véhicules et plus - collisions multiples,,,,,,,,,,,1,2,1,1,5.0
201600056847,0016-05-17 10:25:00,16,5,17,10,25,750,117,"32, BOULEVARD BERTHIER",48.8931,2.31034,Plein jour,En agglomération,Hors intersection,Normale,Deux véhicules - arrière,,,,,,,,,,,1,2,1,1,2.0
201600056848,0016-05-18 00:55:00,16,5,18,0,55,750,119,"136- 140, RUE D AUBERVIL",48.8924,2.36931,Nuit avec éclairage allumé,En agglomération,Hors intersection,Normale,Autre collision,,,,,,,,,,,5,2,1,1,6.0
201600056849,0016-05-18 08:30:00,16,5,18,8,30,750,114,AVENUE DE LA PORTE DE MO,48.8207,2.32097,Plein jour,En agglomération,Intersection en T,Normale,Deux véhicules - côté,,,,,,,,,,,1,2,3,1,3.0
201600056850,0016-05-18 11:00:00,16,5,18,11,0,750,117,RUE CARDINET,48.8904,2.31728,Plein jour,En agglomération,Hors intersection,Normale,Autre collision,,,,,,,,,,,1,2,1,1,6.0
201600056851,0016-05-19 00:10:00,16,5,19,0,10,750,102,"74, RUE REAUMUR",48.8662,2.35251,Nuit avec éclairage allumé,En agglomération,Intersection en X,Pluie légère,Deux véhicules - côté,,,,,,,,,,,5,2,2,2,3.0
201600056852,0016-05-19 11:00:00,16,5,19,11,0,750,112,COURS DES MARECHAUX,48.8425,2.43906,Plein jour,En agglomération,Intersection en T,Pluie légère,Deux véhicules - côté,,,,,,,,,,,1,2,3,2,3.0
201600056853,0016-05-20 19:15:00,16,5,20,19,15,750,113,"87, RUE DE TOLBIAC",48.8271,2.36708,Plein jour,En agglomération,Intersection en T,Normale,Deux véhicules - côté,,,,,,,,,,,1,2,3,1,3.0
201600056854,0016-05-21 14:40:00,16,5,21,14,40,750,107,QUAI D ORSAY,48.8629,2.31342,Plein jour,En agglomération,Intersection en X,Normale,Deux véhicules - frontale,,,,,,,,,,,1,2,2,1,1.0
201600056855,0016-05-22 09:10:00,16,5,22,9,10,750,113,"124, RUE DE TOLBIAC",48.8264,2.36192,Plein jour,En agglomération,Hors intersection,Pluie légère,Autre collision,,,,,,,,,,,1,2,1,2,6.0
201600056856,0016-05-24 14:07:00,16,5,24,14,7,750,106,"57, QUAI DES GRANDS AUGU",48.8561,2.34044,Plein jour,En agglomération,Intersection à plus de 4 branches,Normale,Deux véhicules - côté,,,,,,,,,,,1,2,5,1,3.0
201600056857,0016-05-26 02:23:00,16,5,26,2,23,750,106,"9, QUAI MALAQUAIS",48.8577,2.33536,Nuit avec éclairage allumé,En agglomération,Intersection à plus de 4 branches,Normale,Sans collision,,,,,,,,,,,5,2,5,1,7.0
201600056858,0016-05-28 21:37:00,16,5,28,21,37,750,117,BOULEVARD PERIPHERIQUE E,48.8919,2.30091,Plein jour,En agglomération,Hors intersection,Normale,Deux véhicules - arrière,,,,,,,,,,,1,2,1,1,2.0
201600056859,0016-05-31 05:11:00,16,5,31,5,11,750,110,BOULEVARD DE STRASBOURG,48.8693,2.35421,Nuit avec éclairage allumé,En agglomération,Intersection en X,Pluie forte,Deux véhicules - côté,,,,,,,,,,,5,2,2,3,3.0
201600056860,0016-05-31 06:05:00,16,5,31,6,5,750,115,QUAI BRANLY,48.8553,2.28943,Crépuscule ou aube,En agglomération,Intersection en T,Pluie forte,Sans collision,,,,,,,,,,,2,2,3,3,7.0
201600056861,0016-05-31 12:49:00,16,5,31,12,49,750,110,"230, RUE LA FAYETTE",48.8825,2.36918,Plein jour,En agglomération,Intersection en Y,Pluie légère,Deux véhicules - côté,,,,,,,,,,,1,2,4,2,3.0
201600056862,0016-06-02 14:36:00,16,6,2,14,36,750,104,QUAI DE L HOTEL DE VILLE,48.8539,2.35715,Plein jour,En agglomération,Hors intersection,Pluie légère,Autre collision,,,,,,,,,,,1,2,1,2,6.0
201600056863,0016-06-03 03:58:00,16,6,3,3,58,750,101,QUAI FRANCOIS MITTERRAND,48.8608,2.3303,Nuit avec éclairage allumé,En agglomération,Intersection en T,Normale,Autre collision,,,,,,,,,,,5,2,3,1,6.0
201600056864,0016-06-03 06:50:00,16,6,3,6,50,750,115,"108, RUE DE LA CONVENTIO",48.8411,2.28788,Plein jour,En agglomération,Intersection en X,Normale,Deux véhicules - côté,,,,,,,,,,,1,2,2,1,3.0
201600056865,0016-06-03 07:50:00,16,6,3,7,50,750,120,"108, BOULEVARD DAVOUT",48.8584,2.40973,Plein jour,En agglomération,Hors intersection,Temps couvert,Autre collision,,,,,,,,,,,1,2,1,8,6.0
201600056866,0016-06-06 06:37:00,16,6,6,6,37,750,113,"23, RUE MARIE ANDREE LAG",48.8289,2.37986,Plein jour,En agglomération,Intersection en X,Normale,Autre collision,,,,,,,,,,,1,2,2,1,6.0
201600056867,0016-06-07 22:50:00,16,6,7,22,50,750,119,AVENUE CORENTIN CARIOU,48.8975,2.38544,Nuit avec éclairage allumé,En agglomération,Intersection en T,Normale,Deux véhicules - côté,,,,,,,,,,,5,2,3,1,3.0
201600056868,0016-06-08 17:20:00,16,6,8,17,20,750,112,BOULEVARD SOULT,48.8443,2.41032,Plein jour,En agglomération,Intersection à plus de 4 branches,Normale,Autre collision,,,,,,,,,,,1,2,5,1,6.0
201600056869,0016-06-10 16:50:00,16,6,10,16,50,750,112,BOULEVARD PERIPHERIQUE E,48.8266,2.39104,Plein jour,En agglomération,Hors intersection,Normale,Deux véhicules - arrière,,,,,,,,,,,1,2,1,1,2.0
201600056870,0016-06-13 18:20:00,16,6,13,18,20,750,120,"02, RUE DE LA BIDASSOA",48.865,2.3955,Plein jour,En agglomération,Intersection à plus de 4 branches,Normale,Autre collision,,,,,,,,,,,1,2,5,1,6.0