accident_id,datetime,annee,mois,jour,heure,minute,departement,commune_insee,adresse,latitude,longitude,luminosite,agglomeration,intersection,meteo,collision,nb_vehicules,nb_usagers,nb_indemnes,nb_tues,nb_blesses_hosp,nb_blesses_legers,age_cond_1,age_cond_2,veh_type_cond_1,veh_type_cond_2,lum_code,agg_code,int_code,atm_code,col_code
201600056991,0016-11-04 20:00:00,16,11,4,20,0,750,110,"107, BOULEVARD DE LA VIL",48.8799,2.37004,Nuit avec éclairage allumé,En agglomération,Hors intersection,Pluie légère,Autre collision,,,,,,,,,,,5,2,1,2,6.0
201600056992,0016-11-06 03:50:00,16,11,6,3,50,750,112,"30, RUE DE LYON",48.8488,2.37107,Nuit avec éclairage allumé,En agglomération,Hors intersection,Normale,Autre collision,,,,,,,,,,,5,2,1,1,6.0
201600056993,0016-11-07 07:06:00,16,11,7,7,6,750,115,"67, QUAI DE GRENELLE",48.8498,2.28287,Plein jour,En agglomération,Intersection en X,Pluie légère,Deux véhicules - côté,,,,,,,,,,,1,2,2,2,3.0
201600056994,0016-11-07 23:45:00,16,11,7,23,45,750,118,BOULEVARD BARBES,48.8839,2.34946,Nuit avec éclairage allumé,En agglomération,Intersection en X,Normale,Deux véhicules - arrière,,,,,,,,,,,5,2,2,1,2.0
201600056995,0016-11-08 15:32:00,16,11,8,15,32,750,110,"209, RUE DU FAUBOURG SAI",48.8843,2.35932,Plein jour,En agglomération,Intersection en X,Normale,Deux véhicules - côté,,,,,,,,,,,1,2,2,1,3.0
201600056996,0016-11-09 08:48:00,16,11,9,8,48,750,113,"0, RUE NEUVE TOLBIAC",48.8311,2.37758,Plein jour,En agglomération,Intersection en X,Pluie légère,Deux véhicules - côté,,,,,,,,,,,1,2,2,2,3.0
201600056997,0016-11-11 02:20:00,16,11,11,2,20,750,116,BOULEVARD PERIPHERIQUE E,48.8499,2.25212,Nuit avec éclairage allumé,En agglomération,Hors intersection,Normale,Deux véhicules - côté,,,,,,,,,,,5,2,1,1,3.0
201600056998,0016-11-11 18:15:00,16,11,11,18,15,750,116,"/, AVENUE DE NEW YORK",48.8627,2.29419,Nuit avec éclairage allumé,En agglomération,Hors intersection,Normale,Autre collision,,,,,,,,,,,5,2,1,1,6.0
201600056999,0016-11-13 04:59:00,16,11,13,4,59,750,118,"29, RUE MARX DORMOY",48.8867,2.35958,Nuit avec éclairage allumé,En agglomération,Intersection en T,Pluie légère,Sans collision,,,,,,,,,,,5,2,3,2,7.0
201600057000,0016-11-14 07:35:00,16,11,14,7,35,750,119,"205, BOULEVARD SERURIER",48.8952,2.39414,Plein jour,En agglomération,Hors intersection,Normale,Deux véhicules - côté,,,,,,,,,,,1,2,1,1,3.0
201600057001,0016-11-17 20:30:00,16,11,17,20,30,750,117,RUE DE PRONY,48.8848,2.29838,Nuit avec éclairage allumé,En agglomération,Intersection en X,Normale,Deux véhicules - côté,,,,,,,,,,,5,2,2,1,3.0
201600057002,0016-11-17 22:15:00,16,11,17,22,15,750,120,PORTE DES LILAS,48.8773,2.40937,Nuit avec éclairage allumé,En agglomération,Place,Normale,Deux véhicules - arrière,,,,,,,,,,,5,2,7,1,2.0
201600057003,0016-11-20 02:10:00,16,11,20,2,10,750,107,QUAI D ORSAY,48.8625,2.31038,Nuit avec éclairage allumé,En agglomération,Intersection en X,Vent fort / tempête,Deux véhicules - côté,,,,,,,,,,,5,2,2,6,3.0
201600057004,0016-11-21 21:20:00,16,11,21,21,20,750,116,PONT DE GRENELLE,48.8508,2.27922,Nuit avec éclairage allumé,En agglomération,Hors intersection,Normale,Autre collision,,,,,,,,,,,5,2,1,1,6.0
201600057005,0016-11-22 15:10:00,16,11,22,15,10,750,115,"54, RUE DE VOUILLE",48.8339,2.30809,Plein jour,En agglomération,Intersection en X,Normale,Autre collision,,,,,,,,,,,1,2,2,1,6.0
201600057006,0016-11-22 22:20:00,16,11,22,22,20,750,120,"34, RUE MARYSE HILSZ",48.8521,2.41276,Nuit avec éclairage allumé,En agglomération,Hors intersection,Normale,Sans collision,,,,,,,,,,,5,2,1,1,7.0
201600057007,0016-11-25 12:20:00,16,11,25,12,20,750,101,QUAI FRANCOIS MITTERRAND,48.8601,2.33333,Plein jour,En agglomération,Intersection en X,Temps couvert,Deux véhicules - côté,,,,,,,,,,,1,2,2,8,3.0
201600057008,0016-11-25 19:23:00,16,11,25,19,23,750,112,BOULEVARD PERIPHERIQUE,48.8407,2.41346,Nuit avec éclairage allumé,En agglomération,Hors intersection,Normale,Autre collision,,,,,,,,,,,5,2,1,1,6.0
201600057009,0016-11-26 01:30:00,16,11,26,1,30,750,120,"15, RUE DE LAGNY",48.8488,2.40125,Nuit avec éclairage allumé,En agglomération,Hors intersection,Normale,Sans collision,,,,,,,,,,,5,2,1,1,7.0
201600057010,0016-11-28 15:50:00,16,11,28,15,50,750,107,"250BIS, BOULEVARD SAINT",48.8575,2.32403,Plein jour,En agglomération,Hors intersection,Normale,Autre collision,,,,,,,,,,,1,2,1,1,6.0
201600057011,0016-11-29 10:25:00,16,11,29,10,25,750,117,"117, AVENUE DE VILLIERS",48.8852,2.29524,Plein jour,En agglomération,Hors intersection,Normale,Autre collision,,,,,,,,,,,1,2,1,1,6.0
201600057012,0016-11-29 18:30:00,16,11,29,18,30,750,112,ROUTE DE LA TOURELLE,48.8444,2.42182,Nuit avec éclairage allumé,En agglomération,Intersection en T,Normale,Deux véhicules - côté,,,,,,,,,,,5,2,3,1,3.0
201600057013,0016-12-01 15:50:00,16,12,1,15,50,750,115,"201, RUE DE LA CONVENTIO",48.8367,2.29805,Plein jour,En agglomération,Intersection en X,Normale,Autre collision,,,,,,,,,,,1,2,2,1,6.0
201600057014,0016-12-02 02:00:00,16,12,2,2,0,750,117,PLACE DU MARECHAL JUIN,48.8848,2.29793,Nuit avec éclairage allumé,En agglomération,Place,Normale,Autre collision,,,,,,,,,,,5,2,7,1,6.0
201600057015,0016-12-02 08:00:00,16,12,2,8,0,750,112,AVENUE DU TREMBLAY,48.8325,2.45706,Plein jour,En agglomération,Intersection en Y,Normale,Autre collision,,,,,,,,,,,1,2,4,1,6.0
201600057016,0016-12-02 13:50:00,16,12,2,13,50,750,118,BOULEVARD NEY,48.8982,2.35248,Plein jour,En agglomération,Intersection à plus de 4 branches,Normale,Autre collision,,,,,,,,,,,1,2,5,1,6.0
201600057017,0016-12-04 06:54:00,16,12,4,6,54,750,119,"185, BOULEVARD MACDONALD",48.8987,2.37418,Nuit avec éclairage allumé,En agglomération,Intersection en T,Normale,Autre collision,,,,,,,,,,,5,2,3,1,6.0
201600057018,0016-12-07 13:20:00,16,12,7,13,20,750,108,"20, AVENUE DES CHAMPS EL",48.8693,2.30914,Plein jour,En agglomération,Place,Normale,Deux véhicules - côté,,,,,,,,,,,1,2,7,1,3.0
201600057019,0016-12-10 19:15:00,16,12,10,19,15,750,113,BOULEVARD PERIPHERIQUE I,48.8161,2.3622,Crépuscule ou aube,En agglomération,Hors intersection,Normale,Deux véhicules - arrière,,,,,,,,,,,2,2,1,1,2.0
201600057020,0016-12-10 23:15:00,16,12,10,23,15,750,113,"93, BOULEVARD DE PORT RO",48.8383,2.34203,Nuit avec éclairage allumé,En agglomération,Intersection en T,Normale,Autre collision,,,,,,,,,,,5,2,3,1,6.0
201600057021,0016-12-12 13:07:00,16,12,12,13,7,750,116,"3, AVENUE DE LA GRANDE A",48.8744,2.29293,Plein jour,En agglomération,Place,Temps couvert,Trois véhicules et plus - en chaîne,,,,,,,,,,,1,2,7,8,4.0
201600057022,0016-12-12 16:25:00,16,12,12,16,25,750,116,RUE DE LA FAISANDERIE,48.8681,2.27549,Crépuscule ou aube,En agglomération,Intersection en X,Pluie légère,Autre collision,,,,,,,,,,,2,2,2,2,6.0
201600057023,0016-12-14 07:00:00,16,12,14,7,0,750,116,ALLEE DE LA REINE MARGUE,48.8582,2.24465,Nuit avec éclairage allumé,En agglomération,Hors intersection,Normale,Deux véhicules - côté,,,,,,,,,,,5,2,1,1,3.0
201600057024,0016-12-14 18:53:00,16,12,14,18,53,750,110,"154, BOULEVARD DE MAGENT",48.8823,2.35061,Nuit avec éclairage allumé,En agglomération,Hors intersection,Normale,Autre collision,,,,,,,,,,,5,2,1,1,6.0
201600057025,0016-12-16 06:36:00,16,12,16,6,36,750,111,AVENUE PARMENTIER,48.8603,2.37856,Nuit avec éclairage allumé,En agglomération,Intersection en X,Normale,Autre collision,,,,,,,,,,,5,2,2,1,6.0
201600057026,0016-12-16 14:04:00,16,12,16,14,4,750,118,"1, IMPASSE MARTEAU",48.9016,2.35981,Plein jour,En agglomération,Hors intersection,Normale,Autre collision,,,,,,,,,,,1,2,1,1,6.0
201600057027,0016-12-17 19:02:00,16,12,17,19,2,750,118,"20, RUE DE LA CHAPELLE",48.8917,2.35983,Nuit avec éclairage allumé,En agglomération,Hors intersection,Normale,Deux véhicules - côté,,,,,,,,,,,5,2,1,1,3.0
201600057028,0016-12-19 19:20:00,16,12,19,19,20,750,119,"9, BOULEVARD D ALGERIE",48.8805,2.4002,Nuit avec éclairage allumé,En agglomération,Hors intersection,Normale,Deux véhicules - côté,,,,,,,,,,,5,2,1,1,3.0
201600057029,0016-12-19 23:30:00,16,12,19,23,30,750,108,COURS LA REINE,48.8649,2.31772,Nuit avec éclairage allumé,En agglomération,Hors intersection,Normale,Autre collision,,,,,,,,,,,5,2,1,1,6.0
201600057030,0016-12-23 18:20:00,16,12,23,18,20,750,111,AVENUE PARMENTIER,48.8651,2.37468,Nuit avec éclairage allumé,En agglomération,Intersection en X,Normale,Autre collision,,,,,,,,,,,5,2,2,1,6.0
201600057031,0016-12-24 00:50:00,16,12,24,0,50,750,104,QUAI DE L HOTEL DE VILLE,48.8544,2.35494,Nuit avec éclairage allumé,En agglomération,Intersection à plus de 4 branches,Pluie légère,Autre collision,,,,,,,,,,,5,2,5,2,6.0
201600057032,0016-12-24 03:00:00,16,12,24,3,0,750,114,"1, AVENUE PIERRE MASSE",48.817,2.3346,Nuit avec éclairage allumé,En agglomération,Hors intersection,Normale,Autre collision,,,,,,,,,,,5,2,1,1,6.0
201600057033,0016-12-29 13:39:00,16,12,29,13,39,750,117,"87BIS, AVENUE DE WAGRAM",48.881,2.30026,Plein jour,En agglomération,Intersection à plus de 4 branches,Normale,Deux véhicules - côté,,,,,,,,,,,1,2,5,1,3.0
201600057034,0016-12-29 23:29:00,16,12,29,23,29,750,106,RUE BONAPARTE,48.8565,2.33461,Nuit avec éclairage allumé,En agglomération,Intersection en T,Normale,Deux véhicules - côté,,,,,,,,,,,5,2,3,1,3.0
201600057035,0016-12-30 09:15:00,16,12,30,9,15,750,117,"181 BIS, AVENUE DE CLICH",48.8932,2.3157,Plein jour,En agglomération,Hors intersection,Normale,Deux véhicules - côté,,,,,,,,,,,1,2,1,1,3.0
201600057036,0016-01-02 13:50:00,16,1,2,13,50,750,113,ECHANGEUR GENTILLY,48.8164,2.34627,Plein jour,En agglomération,Intersection en Y,Normale,Autre collision,,,,,,,,,,,1,2,4,1,6.0
201600057037,0016-01-03 23:05:00,16,1,3,23,5,750,118,ECHANGEUR CHAPELLE,48.9002,2.36089,Nuit avec éclairage allumé,En agglomération,Hors intersection,Pluie légère,Autre collision,,,,,,,,,,,5,2,1,2,6.0
201600057038,0016-01-04 16:15:00,16,1,4,16,15,750,112,PORTE DE VINCENNES,48.8446,2.41418,Plein jour,En agglomération,Intersection en Y,Normale,Autre collision,,,,,,,,,,,1,2,4,1,6.0
201600057039,0016-01-04 20:10:00,16,1,4,20,10,750,114,PORTE D ORLEANS,48.821,2.32143,Nuit avec éclairage allumé,En agglomération,Hors intersection,Normale,Deux véhicules - arrière,,,,,,,,,,,5,2,1,1,2.0
201600057040,0016-01-05 09:10:00,16,1,5,9,10,750,119,PORTE DE PANTIN,48.8966,2.39445,Plein jour,En agglomération,Hors intersection,Pluie légère,Trois véhicules et plus - collisions multiples,,,,,,,,,,,1,2,1,2,5.0
201600057041,0016-01-06 08:10:00,16,1,6,8,10,750,118,PORTE DE SAINT OUEN,48.9008,2.33388,Plein jour,En agglomération,Hors intersection,Pluie légère,Deux véhicules - arrière,,,,,,,,,,,1,2,1,2,2.0
201600057042,0016-01-06 18:55:00,16,1,6,18,55,750,116,PORTE DAUPHINE,48.8719,2.27352,Nuit avec éclairage allumé,En agglomération,Hors intersection,Normale,Deux véhicules - côté,,,,,,,,,,,5,2,1,1,3.0
201600057043,0016-01-07 08:50:00,16,1,7,8,50,750,117,PORTE DE CLICHY,48.8952,2.30681,Plein jour,En agglomération,Hors intersection,Pluie forte,Sans collision,,,,,,,,,,,1,2,1,3,7.0
201600057044,0016-01-07 19:55:00,16,1,7,19,55,750,113,PORTE D ITALIE,48.8177,2.3507,Nuit avec éclairage non allumé,En agglomération,Hors intersection,Normale,Deux véhicules - côté,,,,,,,,,,,4,2,1,1,3.0
201600057045,0016-01-11 08:10:00,16,1,11,8,10,750,113,PORTE D ITALIE,48.817,2.3659,Nuit avec éclairage allumé,En agglomération,Hors intersection,Pluie légère,Deux véhicules - côté,,,,,,,,,,,5,2,1,2,3.0
201600057046,0016-01-11 09:20:00,16,1,11,9,20,750,120,PORTE DE BAGNOLET,48.8685,2.4132,Plein jour,En agglomération,Intersection en Y,Normale,Deux véhicules - arrière,,,,,,,,,,,1,2,4,1,2.0
201600057047,0016-01-11 13:25:00,16,1,11,13,25,750,120,ECHANGEUR BAGNOLET,48.8653,2.41285,Plein jour,En agglomération,Hors intersection,Normale,Autre collision,,,,,,,,,,,1,2,1,1,6.0
201600057048,0016-01-12 18:40:00,16,1,12,18,40,750,118,PORTE DE CLIGNANCOURT,48.9008,2.33894,Nuit avec éclairage allumé,En agglomération,Hors intersection,Normale,Deux véhicules - arrière,,,,,,,,,,,5,2,1,1,2.0
201600057049,0016-01-13 07:30:00,16,1,13,7,30,750,115,PORTE DE VERSAILLES,48.831,2.28386,Crépuscule ou aube,En agglomération,Hors intersection,Normale,Deux véhicules - arrière,,,,,,,,,,,2,2,1,1,2.0
201600057050,0016-01-13 12:15:00,16,1,13,12,15,750,116,ECHANGEUR MAILLOT,48.8757,2.27827,Plein jour,En agglomération,Hors intersection,Normale,Autre collision,,,,,,,,,,,1,2,1,1,6.0
201600057051,0016-01-13 13:00:00,16,1,13,13,0,750,116,PORTE MAILLOT,48.8776,2.27996,Plein jour,En agglomération,Hors intersection,Normale,Sans collision,,,,,,,,,,,1,2,1,1,7.0
201600057052,0016-01-15 12:30:00,16,1,15,12,30,750,117,PORTE DE CHAMPERRET,48.889,2.29524,Plein jour,En agglomération,Hors intersection,Normale,Deux véhicules - arrière,,,,,,,,,,,1,2,1,1,2.0
201600057053,0016-01-15 13:00:00,16,1,15,13,0,750,114,PORTE DE GENTILLY,48.8178,2.33402,Plein jour,En agglomération,Hors intersection,Normale,Deux véhicules - arrière,,,,,,,,,,,1,2,1,1,2.0
201600057054,0016-01-16 05:00:00,16,1,16,5,0,750,115,ECHANGEUR ISSY,48.8347,2.26518,Nuit avec éclairage allumé,En agglomération,Hors intersection,Normale,Deux véhicules - arrière,,,,,,,,,,,5,2,1,1,2.0
201600057055,0016-01-17 03:05:00,16,1,17,3,5,750,117,PORTE DE SAINT OUEN,48.9001,2.32038,Nuit avec éclairage allumé,En agglomération,Hors intersection,Normale,Sans collision,,,,,,,,,,,5,2,1,1,7.0
201600057056,0016-01-19 10:00:00,16,1,19,10,0,750,116,PORTE DE PASSY,48.8547,2.25471,Plein jour,En agglomération,Hors intersection,Normale,Deux véhicules - arrière,,,,,,,,,,,1,2,1,1,2.0
201600057057,0016-01-19 10:45:00,16,1,19,10,45,750,115,PORTE DE SEVRES,48.8292,2.2884,Plein jour,En agglomération,Hors intersection,Normale,Deux véhicules - côté,,,,,,,,,,,1,2,1,1,3.0
201600057058,0016-01-19 23:20:00,16,1,19,23,20,750,115,PORTE DE SEVRES,48.8334,2.27807,Nuit avec éclairage non allumé,En agglomération,Hors intersection,Normale,Deux véhicules - arrière,,,,,,,,,,,4,2,1,1,2.0
201600057059,0016-01-20 08:15:00,16,1,20,8,15,750,112,PORTE DOREE,48.8334,2.40734,Plein jour,En agglomération,Hors intersection,Normale,Trois véhicules et plus - en chaîne,,,,,,,,,,,1,2,1,1,4.0
201600057060,0016-01-21 10:20:00,16,1,21,10,20,750,116,ECHANGEUR MAILLOT,48.8759,2.27782,Plein jour,En agglomération,Hors intersection,Temps couvert,Autre collision,,,,,,,,,,,1,2,1,8,6.0
201600057061,0016-01-21 15:10:00,16,1,21,15,10,750,120,PORTE DE BAGNOLET,48.8693,2.4132,Plein jour,En agglomération,Hors intersection,Normale,Autre collision,,,,,,,,,,,1,2,1,1,6.0
201600057062,0016-01-21 19:20:00,16,1,21,19,20,750,113,PORTE D ITALIE,48.8161,2.36334,Nuit avec éclairage allumé,En agglomération,Intersection en Y,Normale,Deux véhicules - arrière,,,,,,,,,,,5,2,4,1,2.0
201600057063,0016-01-22 08:40:00,16,1,22,8,40,750,116,ECHANGEUR MUETTE,48.8645,2.26715,Plein jour,En agglomération,Hors intersection,Normale,Sans collision,,,,,,,,,,,1,2,1,1,7.0
201600057064,0016-01-22 20:45:00,16,1,22,20,45,750,113,PORTE D ITALIE,48.8161,2.35953,Nuit avec éclairage allumé,En agglomération,Hors intersection,Pluie légère,Sans collision,,,,,,,,,,,5,2,1,2,7.0
201600057065,0016-01-24 05:40:00,16,1,24,5,40,750,112,PORTE DOREE,48.8372,2.41249,Nuit avec éclairage allumé,En agglomération,Hors intersection,Pluie légère,Autre collision,,,,,,,,,,,5,2,1,2,6.0
201600057066,0016-01-24 10:10:00,16,1,24,10,10,750,120,PORTE DE BAGNOLET,48.865,2.41248,Plein jour,En agglomération,Hors intersection,Pluie légère,Autre collision,,,,,,,,,,,1,2,1,2,6.0
201600057067,0016-01-25 09:00:00,16,1,25,9,0,750,115,PORTE DE VERSAILLES,48.8277,2.29184,Plein jour,En agglomération,Hors intersection,Normale,Trois véhicules et plus - en chaîne,,,,,,,,,,,1,2,1,1,4.0
201600057068,0016-01-25 19:10:00,16,1,25,19,10,750,114,PORTE DE CHATILLON,48.8235,2.30989,Nuit avec éclairage allumé,En agglomération,Hors intersection,Normale,Deux véhicules - arrière,,,,,,,,,,,5,2,1,1,2.0
201600057069,0016-01-28 12:30:00,16,1,28,12,30,750,116,PORTE DE SAINT CLOUD,48.8353,2.25975,Plein jour,En agglomération,Hors intersection,Normale,Deux véhicules - côté,,,,,,,,,,,1,2,1,1,3.0
201600057070,0016-01-29 08:50:00,16,1,29,8,50,750,120,PORTE DE BAGNOLET,48.8594,2.41404,Plein jour,En agglomération,Hors intersection,Normale,Deux véhicules - côté,,,,,,,,,,,1,2,1,1,3.0
201600057071,0016-01-29 12:50:00,16,1,29,12,50,750,115,PORTE DE LA PLAINE,48.8285,2.28953,Plein jour,En agglomération,Hors intersection,Normale,Deux véhicules - arrière,,,,,,,,,,,1,2,1,1,2.0
201600057072,0016-01-30 12:20:00,16,1,30,12,20,750,115,PORTE BRANCION,48.8258,2.29957,Plein jour,En agglomération,Hors intersection,Pluie légère,Deux véhicules - arrière,,,,,,,,,,,1,2,1,2,2.0
201600057073,0016-01-30 16:30:00,16,1,30,16,30,750,120,ECHANGEUR BAGNOLET,48.8653,2.41687,Plein jour,En agglomération,Hors intersection,Pluie forte,Autre collision,,,,,,,,,,,1,2,1,3,6.0
201600057074,0016-01-31 06:20:00,16,1,31,6,20,750,112,PORTE DOREE,48.8343,2.40974,Nuit avec éclairage allumé,En agglomération,Hors intersection,Pluie légère,Autre collision,,,,,,,,,,,5,2,1,2,6.0
201600057075,0016-01-31 09:00:00,16,1,31,9,0,750,120,PORTE DE BAGNOLET,48.8655,2.41235,Plein jour,En agglomération,Hors intersection,Pluie légère,Autre collision,,,,,,,,,,,1,2,1,2,6.0
201600057076,0016-02-01 06:45:00,16,2,1,6,45,750,116,PORTE MAILLOT,48.8754,2.27663,Nuit avec éclairage allumé,En agglomération,Intersection en Y,Normale,Deux véhicules - arrière,,,,,,,,,,,5,2,4,1,2.0
201600057077,0016-02-01 09:45:00,16,2,1,9,45,750,114,PORTE DE VANVES,48.8252,2.30215,Plein jour,En agglomération,Hors intersection,Normale,Deux véhicules - côté,,,,,,,,,,,1,2,1,1,3.0
201600057078,0016-02-01 14:20:00,16,2,1,14,20,750,117,PORTE DE CHAMPERRET,48.889,2.29524,Plein jour,En agglomération,Hors intersection,Normale,Sans collision,,,,,,,,,,,1,2,1,1,7.0
201600057079,0016-02-02 08:45:00,16,2,2,8,45,750,119,PORTE D AUBERVILLIERS,48.9003,2.37746,Plein jour,En agglomération,Hors intersection,Normale,Deux véhicules - côté,,,,,,,,,,,1,2,1,1,3.0
201600057080,0016-02-02 19:30:00,16,2,2,19,30,750,119,PORTE DE PANTIN,48.8966,2.3941,Nuit avec éclairage non allumé,En agglomération,Hors intersection,Normale,Sans collision,,,,,,,,,,,4,2,1,1,7.0
201600057081,0016-02-03 12:15:00,16,2,3,12,15,750,120,PORTE DE VINCENNES,48.8479,2.41485,Plein jour,En agglomération,Hors intersection,Normale,Deux véhicules - arrière,,,,,,,,,,,1,2,1,1,2.0
201600057082,0016-02-03 07:50:00,16,2,3,7,50,750,116,PORTE DE SAINT CLOUD,48.8359,2.2573,Plein jour,En agglomération,Hors intersection,Normale,Deux véhicules - côté,,,,,,,,,,,1,2,1,1,3.0
201600057083,0016-02-03 10:50:00,16,2,3,10,50,750,118,ECHANGEUR CHAPELLE,48.9009,2.35587,Plein jour,En agglomération,Intersection en Y,Normale,Autre collision,,,,,,,,,,,1,2,4,1,6.0
201600057084,0016-02-03 17:45:00,16,2,3,17,45,750,118,PORTE DE SAINT OUEN,48.9007,2.33485,Crépuscule ou aube,En agglomération,Hors intersection,Normale,Trois véhicules et plus - en chaîne,,,,,,,,,,,2,2,1,1,4.0
201600057085,0016-02-03 20:00:00,16,2,3,20,0,750,113,PORTE D ITALIE,48.8179,2.3683,Crépuscule ou aube,En agglomération,Hors intersection,Normale,Deux véhicules - côté,,,,,,,,,,,2,2,1,1,3.0
201600057086,0016-02-03 20:50:00,16,2,3,20,50,750,120,PORTE DE BAGNOLET,48.8661,2.41272,Nuit avec éclairage allumé,En agglomération,Hors intersection,Normale,Deux véhicules - côté,,,,,,,,,,,5,2,1,1,3.0
201600057087,0016-02-03 23:40:00,16,2,3,23,40,750,112,BOULEVARD PERIPHERIQUE I,48.8434,2.41371,Nuit avec éclairage allumé,En agglomération,Hors intersection,Normale,Autre collision,,,,,,,,,,,5,2,1,1,6.0
201600057088,0016-02-04 11:15:00,16,2,4,11,15,750,113,PORTE D ITALIE,48.8165,2.36476,Plein jour,En agglomération,Hors intersection,Normale,Deux véhicules - arrière,,,,,,,,,,,1,2,1,1,2.0
201600057089,0016-02-06 02:30:00,16,2,6,2,30,750,118,PORTE DE CLIGNANCOURT,48.901,2.34209,Nuit avec éclairage allumé,En agglomération,Hors intersection,Normale,Autre collision,,,,,,,,,,,5,2,1,1,6.0
201600057090,0016-02-06 20:20:00,16,2,6,20,20,750,119,PORTE DE PANTIN,48.8845,2.39874,Nuit avec éclairage allumé,En agglomération,Hors intersection,Normale,Deux véhicules - arrière,,,,,,,,,,,5,2,1,1,2.0
201600057091,0016-02-08 08:15:00,16,2,8,8,15,750,120,PORTE DE MONTREUIL,48.8549,2.41378,Plein jour,En agglomération,Hors intersection,Normale,Deux véhicules - arrière,,,,,,,,,,,1,2,1,1,2.0
201600057092,0016-02-09 09:40:00,16,2,9,9,40,750,115,PORTE BRANCION,48.8258,2.29957,Plein jour,En agglomération,Hors intersection,Pluie légère,Sans collision,,,,,,,,,,,1,2,1,2,7.0
201600057093,0016-02-10 09:00:00,16,2,10,9,0,750,112,PORTE DOREE,48.8342,2.41007,Plein jour,En agglomération,Hors intersection,Normale,Autre collision,,,,,,,,,,,1,2,1,1,6.0
201600057094,0016-02-10 13:40:00,16,2,10,13,40,750,116,BOULEVARD PERIPHERIQUE E,48.854,2.25376,Plein jour,En agglomération,Hors intersection,Normale,Trois véhicules et plus - en chaîne,,,,,,,,,,,1,2,1,1,4.0
201600057095,0016-02-10 15:20:00,16,2,10,15,20,750,120,PORTE DE BAGNOLET,48.863,2.4135,Plein jour,En agglomération,Hors intersection,Normale,Deux véhicules - côté,,,,,,,,,,,1,2,1,1,3.0
201600057096,0016-02-12 16:20:00,16,2,12,16,20,750,119,PORTE D AUBERVILLIERS,48.9003,2.37746,Plein jour,En agglomération,Hors intersection,Pluie légère,Deux véhicules - arrière,,,,,,,,,,,1,2,1,2,2.0
201600057097,0016-02-14 03:15:00,16,2,14,3,15,750,112,PORTE DE SAINT MANDE,48.8407,2.41346,Nuit avec éclairage allumé,En agglomération,Hors intersection,Normale,Deux véhicules - arrière,,,,,,,,,,,5,2,1,1,2.0
201600057098,0016-02-14 10:10:00,16,2,14,10,10,750,117,PORTE DE SAINT OUEN,48.9006,2.32297,Plein jour,En agglomération,Hors intersection,Normale,Deux véhicules - côté,,,,,,,,,,,1,2,1,1,3.0
201600057099,0016-02-15 12:20:00,16,2,15,12,20,750,112,ECHANGEUR BERCY,48.8279,2.39547,Plein jour,En agglomération,Hors intersection,Normale,Deux véhicules - arrière,,,,,,,,,,,1,2,1,1,2.0
201600057100,0016-02-15 14:30:00,16,2,15,14,30,750,116,PORTE DAUPHINE,48.8692,2.27099,Plein jour,En agglomération,Hors intersection,Normale,Deux véhicules - arrière,,,,,,,,,,,1,2,1,1,2.0
201600057101,0016-02-15 18:35:00,16,2,15,18,35,750,116,AUTOROUTE A13,48.8507,2.25194,Plein jour,En agglomération,Intersection en Y,Normale,Deux véhicules - arrière,,,,,,,,,,,1,2,4,1,2.0
201600057102,0016-02-16 16:30:00,16,2,16,16,30,750,113,PORTE DE GENTILLY,48.8165,2.34505,Plein jour,En agglomération,Hors intersection,Normale,Deux véhicules - côté,,,,,,,,,,,1,2,1,1,3.0
201600057103,0016-02-16 17:40:00,16,2,16,17,40,750,116,PORTE MAILLOT,48.8763,2.27809,Plein jour,En agglomération,Hors intersection,Normale,Autre collision,,,,,,,,,,,1,2,1,1,6.0
201600057104,0016-02-16 22:53:00,16,2,16,22,53,750,113,PORTE D IVRY,48.8187,2.37086,Nuit avec éclairage allumé,En agglomération,Intersection en Y,Normale,Deux véhicules - côté,,,,,,,,,,,5,2,4,1,3.0
201600057105,0016-02-16 19:50:00,16,2,16,19,50,750,115,ECHANGEUR ISSY,48.8352,2.27055,Nuit avec éclairage allumé,En agglomération,Hors intersection,Normale,Deux véhicules - côté,,,,,,,,,,,5,2,1,1,3.0
201600057106,0016-02-18 12:50:00,16,2,18,12,50,750,112,PORTE DE VINCENNES,48.8452,2.41432,Plein jour,En agglomération,Hors intersection,Normale,Trois véhicules et plus - en chaîne,,,,,,,,,,,1,2,1,1,4.0
201600057107,0016-02-22 11:45:00,16,2,22,11,45,750,120,PORTE DE MONTREUIL,48.8585,2.4143,Plein jour,En agglomération,Hors intersection,Normale,Trois véhicules et plus - en chaîne,,,,,,,,,,,1,2,1,1,4.0
201600057108,0016-02-22 16:00:00,16,2,22,16,0,750,117,PORTE MAILLOT,48.8833,2.28388,Plein jour,En agglomération,Hors intersection,Normale,Autre collision,,,,,,,,,,,1,2,1,1,6.0
201600057109,0016-02-23 08:40:00,16,2,23,8,40,750,116,ECHANGEUR AUTEUIL,48.8456,2.25484,Plein jour,En agglomération,Intersection en Y,Pluie légère,Sans collision,,,,,,,,,,,1,2,4,2,7.0
201600057110,0016-02-23 23:00:00,16,2,23,23,0,750,119,PORTE DU PRE SAINT GERVA,48.8817,2.40198,Nuit avec éclairage allumé,En agglomération,Hors intersection,Normale,Trois véhicules et plus - en chaîne,,,,,,,,,,,5,2,1,1,4.0
201600057111,0016-02-24 18:45:00,16,2,24,18,45,750,114,PORTE DE CHATILLON,48.8238,2.30859,Nuit avec éclairage allumé,En agglomération,Hors intersection,Normale,Trois véhicules et plus - en chaîne,,,,,,,,,,,5,2,1,1,4.0