accident_id,datetime,annee,mois,jour,heure,minute,departement,commune_insee,adresse,latitude,longitude,luminosite,agglomeration,intersection,meteo,collision,nb_vehicules,nb_usagers,nb_indemnes,nb_tues,nb_blesses_hosp,nb_blesses_legers,age_cond_1,age_cond_2,veh_type_cond_1,veh_type_cond_2,lum_code,agg_code,int_code,atm_code,col_code
201600057112,0016-02-25 18:00:00,16,2,25,18,0,750,118,ECHANGEUR CHAPELLE,48.9013,2.35991,Nuit avec éclairage allumé,En agglomération,Hors intersection,Normale,Sans collision,,,,,,,,,,,5,2,1,1,7.0
201600057113,0016-02-26 20:00:00,16,2,26,20,0,750,113,PORTE D IVRY,48.8209,2.37679,Nuit avec éclairage allumé,En agglomération,Hors intersection,Normale,Trois véhicules et plus - en chaîne,,,,,,,,,,,5,2,1,1,4.0
201600057114,0016-02-27 09:10:00,16,2,27,9,10,750,116,PORTE D AUTEUIL,48.8437,2.25463,Plein jour,En agglomération,Intersection en Y,Normale,Autre collision,,,,,,,,,,,1,2,4,1,6.0
201600057115,0016-02-29 23:00:00,16,2,29,23,0,750,117,PORTE DES TERNES,48.8833,2.28388,Nuit avec éclairage allumé,En agglomération,Hors intersection,Normale,Deux véhicules - côté,,,,,,,,,,,5,2,1,1,3.0
201600057116,0016-03-01 18:10:00,16,3,1,18,10,750,114,PORTE DE GENTILLY,48.8166,2.33762,Nuit avec éclairage allumé,En agglomération,Hors intersection,Pluie légère,Deux véhicules - côté,,,,,,,,,,,5,2,1,2,3.0
201600057117,0016-03-03 15:30:00,16,3,3,15,30,750,115,PORTE DE SEVRES,48.8324,2.28039,Plein jour,En agglomération,Hors intersection,Normale,Autre collision,,,,,,,,,,,1,2,1,1,6.0
201600057118,0016-03-03 22:20:00,16,3,3,22,20,750,113,PORTE D ITALIE,48.8173,2.36599,Nuit avec éclairage allumé,En agglomération,Intersection en Y,Normale,Trois véhicules et plus - en chaîne,,,,,,,,,,,5,2,4,1,4.0
201600057119,0016-03-04 10:50:00,16,3,4,10,50,750,116,PORTE DE SAINT CLOUD,48.8348,2.26383,Plein jour,En agglomération,Hors intersection,Pluie légère,Sans collision,,,,,,,,,,,1,2,1,2,7.0
201600057120,0016-03-05 00:35:00,16,3,5,0,35,750,118,ECHANGEUR CHAPELLE,48.9006,2.35899,Nuit avec éclairage allumé,En agglomération,Hors intersection,Pluie légère,Autre collision,,,,,,,,,,,5,2,1,2,6.0
201600057121,0016-03-05 10:25:00,16,3,5,10,25,750,115,PORTE BRANCION,48.8256,2.30083,Plein jour,En agglomération,Hors intersection,Pluie légère,Trois véhicules et plus - en chaîne,,,,,,,,,,,1,2,1,2,4.0
201600057122,0016-03-05 13:20:00,16,3,5,13,20,750,116,ECHANGEUR MUETTE,48.8642,2.26652,Plein jour,En agglomération,Hors intersection,Temps couvert,Trois véhicules et plus - en chaîne,,,,,,,,,,,1,2,1,8,4.0
201600057123,0016-03-05 15:30:00,16,3,5,15,30,750,113,QUAI D IVRY,48.8246,2.38425,Plein jour,En agglomération,Hors intersection,Normale,Deux véhicules - côté,,,,,,,,,,,1,2,1,1,3.0
201600057124,0016-03-05 19:20:00,16,3,5,19,20,750,115,QUAI D ISSY LES MOULINEA,48.8349,2.26787,Nuit avec éclairage allumé,En agglomération,Hors intersection,Normale,Trois véhicules et plus - en chaîne,,,,,,,,,,,5,2,1,1,4.0
201600057125,0016-03-06 02:10:00,16,3,6,2,10,750,120,PORTE DE BAGNOLET,48.8617,2.41393,Nuit avec éclairage allumé,En agglomération,Intersection en Y,Normale,Autre collision,,,,,,,,,,,5,2,4,1,6.0
201600057126,0016-03-06 19:40:00,16,3,6,19,40,750,117,PORTE DE SAINT OUEN,48.9002,2.32128,Nuit avec éclairage allumé,En agglomération,Hors intersection,Normale,Trois véhicules et plus - en chaîne,,,,,,,,,,,5,2,1,1,4.0
201600057127,0016-03-07 07:10:00,16,3,7,7,10,750,113,PORTE D ITALIE,48.8175,2.35457,Plein jour,En agglomération,Hors intersection,Normale,Deux véhicules - arrière,,,,,,,,,,,1,2,1,1,2.0
201600057128,0016-03-08 18:00:00,16,3,8,18,0,750,114,PORTE DE GENTILLY,48.8166,2.34304,Plein jour,En agglomération,Hors intersection,Normale,Trois véhicules et plus - en chaîne,,,,,,,,,,,1,2,1,1,4.0
201600057129,0016-03-15 11:40:00,16,3,15,11,40,750,113,PORTE D ITALIE,48.8157,2.36143,Plein jour,En agglomération,Hors intersection,Normale,Deux véhicules - arrière,,,,,,,,,,,1,2,1,1,2.0
201600057130,0016-03-09 18:40:00,16,3,9,18,40,750,112,ECHANGEUR BERCY,48.8265,2.39114,Crépuscule ou aube,En agglomération,Hors intersection,Normale,Sans collision,,,,,,,,,,,2,2,1,1,7.0
201600057131,0016-03-10 14:40:00,16,3,10,14,40,750,119,ECHANGEUR PRE SAINT GERV,48.88,2.40144,Plein jour,En agglomération,Intersection en Y,Normale,Deux véhicules - arrière,,,,,,,,,,,1,2,4,1,2.0
201600057132,0016-03-11 19:15:00,16,3,11,19,15,750,113,PORTE DE GENTILLY,48.8164,2.34714,Crépuscule ou aube,En agglomération,Hors intersection,Normale,Autre collision,,,,,,,,,,,2,2,1,1,6.0
201600057133,0016-03-13 21:45:00,16,3,13,21,45,750,119,PORTE DE LA VILLETTE,48.8984,2.39384,Nuit avec éclairage allumé,En agglomération,Hors intersection,Normale,Autre collision,,,,,,,,,,,5,2,1,1,6.0
201600057134,0016-03-14 08:10:00,16,3,14,8,10,750,112,PORTE DE CHARENTON,48.8304,2.40222,Plein jour,En agglomération,Hors intersection,Normale,Deux véhicules - côté,,,,,,,,,,,1,2,1,1,3.0
201600057135,0016-03-17 09:20:00,16,3,17,9,20,750,113,PORTE D ITALIE,48.8173,2.35455,Plein jour,En agglomération,Hors intersection,Normale,Deux véhicules - arrière,,,,,,,,,,,1,2,1,1,2.0
201600057136,0016-03-22 11:00:00,16,3,22,11,0,750,117,PORTE DE CHAMPERRET,48.886,2.28858,Plein jour,En agglomération,Hors intersection,Normale,Deux véhicules - arrière,,,,,,,,,,,1,2,1,1,2.0
201600057137,0016-03-23 17:00:00,16,3,23,17,0,750,116,ECHANGEUR MUETTE,48.8666,2.26852,Plein jour,En agglomération,Hors intersection,Normale,Deux véhicules - arrière,,,,,,,,,,,1,2,1,1,2.0
201600057138,0016-03-24 08:50:00,16,3,24,8,50,750,116,PORTE DE SAINT CLOUD,48.8373,2.25534,Plein jour,En agglomération,Hors intersection,Normale,Trois véhicules et plus - en chaîne,,,,,,,,,,,1,2,1,1,4.0
201600057139,0016-03-24 13:10:00,16,3,24,13,10,750,119,PORTE DU PRE SAINT GERVA,48.88,2.40144,Plein jour,En agglomération,Intersection en Y,Normale,Deux véhicules - côté,,,,,,,,,,,1,2,4,1,3.0
201600057140,0016-03-24 19:25:00,16,3,24,19,25,750,117,ZAC PORTE MAILLOT,48.8804,2.28196,Plein jour,En agglomération,Hors intersection,Normale,Deux véhicules - arrière,,,,,,,,,,,1,2,1,1,2.0
201600057141,0016-03-25 14:50:00,16,3,25,14,50,750,113,PORTE D IVRY,48.823,2.38114,Plein jour,En agglomération,Hors intersection,Normale,Deux véhicules - arrière,,,,,,,,,,,1,2,1,1,2.0
201600057142,0016-03-25 17:00:00,16,3,25,17,0,750,116,PORTE D AUTEUIL,48.8437,2.25463,Plein jour,En agglomération,Intersection en Y,Normale,Autre collision,,,,,,,,,,,1,2,4,1,6.0
201600057143,0016-03-27 06:50:00,16,3,27,6,50,750,118,ECHANGEUR CHAPELLE,48.9002,2.36084,Plein jour,En agglomération,Hors intersection,Normale,Autre collision,,,,,,,,,,,1,2,1,1,6.0
201600057144,0016-03-27 13:00:00,16,3,27,13,0,750,116,PORTE DE SAINT CLOUD,48.8351,2.26244,Plein jour,En agglomération,Hors intersection,Normale,Deux véhicules - arrière,,,,,,,,,,,1,2,1,1,2.0
201600057145,0016-03-29 07:30:00,16,3,29,7,30,750,120,PORTE DE VINCENNES,48.8479,2.41463,Plein jour,En agglomération,Hors intersection,Vent fort / tempête,Deux véhicules - côté,,,,,,,,,,,1,2,1,6,3.0
201600057146,0016-03-30 16:40:00,16,3,30,16,40,750,120,PORTE DES LILAS,48.8735,2.41158,Plein jour,En agglomération,Hors intersection,Pluie légère,Deux véhicules - arrière,,,,,,,,,,,1,2,1,2,2.0
201600057147,0016-03-30 13:15:00,16,3,30,13,15,750,115,PORTE D ISSY,48.8349,2.26787,Plein jour,En agglomération,Hors intersection,Pluie légère,Trois véhicules et plus - en chaîne,,,,,,,,,,,1,2,1,2,4.0
201600057148,0016-03-30 08:50:00,16,3,30,8,50,750,120,PORTE DE BAGNOLET,48.8702,2.41321,Plein jour,En agglomération,Hors intersection,Pluie légère,Deux véhicules - côté,,,,,,,,,,,1,2,1,2,3.0
201600057149,0016-03-31 10:25:00,16,3,31,10,25,750,116,PORTE DAUPHINE,48.8745,2.27608,Plein jour,En agglomération,Hors intersection,Pluie légère,Sans collision,,,,,,,,,,,1,2,1,2,7.0
201600057150,0016-03-31 16:10:00,16,3,31,16,10,750,120,PORTE DE BAGNOLET,48.8719,2.41278,Plein jour,En agglomération,Hors intersection,Pluie forte,Autre collision,,,,,,,,,,,1,2,1,3,6.0
201600057151,0016-03-31 20:45:00,16,3,31,20,45,750,120,PORTE DE BAGNOLET,48.8624,2.41402,Nuit sans éclairage public,En agglomération,Hors intersection,Pluie légère,Deux véhicules - arrière,,,,,,,,,,,3,2,1,2,2.0
201600057152,0016-04-02 16:08:00,16,4,2,16,8,750,117,SOUTERRAIN ASNIERES,48.8892,2.29562,Plein jour,En agglomération,Hors intersection,Normale,Autre collision,,,,,,,,,,,1,2,1,1,6.0
201600057153,0016-04-04 12:30:00,16,4,4,12,30,750,120,ECHANGEUR BAGNOLET,48.8642,2.41372,Plein jour,En agglomération,Hors intersection,Normale,Deux véhicules - arrière,,,,,,,,,,,1,2,1,1,2.0
201600057154,0016-04-05 14:35:00,16,4,5,14,35,750,120,PORTE DE BAGNOLET,48.8617,2.41393,Plein jour,En agglomération,Intersection en Y,Normale,Autre collision,,,,,,,,,,,1,2,4,1,6.0
201600057155,0016-04-06 17:20:00,16,4,6,17,20,750,117,PORTE DE CHAMPERRET,48.8876,2.2908,Plein jour,En agglomération,Hors intersection,Normale,Deux véhicules - côté,,,,,,,,,,,1,2,1,1,3.0
201600057156,0016-04-06 18:15:00,16,4,6,18,15,750,120,PORTE DE BAGNOLET,48.8675,2.41321,Plein jour,En agglomération,Hors intersection,Normale,Trois véhicules et plus - en chaîne,,,,,,,,,,,1,2,1,1,4.0
201600057157,0016-04-08 17:40:00,16,4,8,17,40,750,116,PORTE D AUTEUIL,48.8574,2.25922,Plein jour,En agglomération,Hors intersection,Normale,Deux véhicules - côté,,,,,,,,,,,1,2,1,1,3.0
201600057158,0016-04-09 01:10:00,16,4,9,1,10,750,117,PORTE D ASNIERES,48.8928,2.30279,Nuit avec éclairage allumé,En agglomération,Hors intersection,Normale,Autre collision,,,,,,,,,,,5,2,1,1,6.0
201600057159,0016-04-09 01:50:00,16,4,9,1,50,750,119,PORTE DE PANTIN,48.8878,2.39664,Nuit avec éclairage allumé,En agglomération,Hors intersection,Normale,Autre collision,,,,,,,,,,,5,2,1,1,6.0
201600057160,0016-04-09 19:00:00,16,4,9,19,0,750,117,PORTE MAILLOT,48.8795,2.28163,Plein jour,En agglomération,Hors intersection,Normale,Deux véhicules - arrière,,,,,,,,,,,1,2,1,1,2.0
201600057161,0016-04-10 15:10:00,16,4,10,15,10,750,112,PORTE DE SAINT MANDE,48.8423,2.41359,Plein jour,En agglomération,Intersection en Y,Normale,Trois véhicules et plus - collisions multiples,,,,,,,,,,,1,2,4,1,5.0
201600057162,0016-04-11 04:00:00,16,4,11,4,0,750,117,PORTE DE CLICHY,48.8955,2.30745,Nuit avec éclairage allumé,En agglomération,Intersection en T,Normale,Autre collision,,,,,,,,,,,5,2,3,1,6.0
201600057163,0016-04-12 17:15:00,16,4,12,17,15,750,114,PORTE DE CHATILLON,48.8215,2.31884,Plein jour,En agglomération,Hors intersection,Normale,Deux véhicules - arrière,,,,,,,,,,,1,2,1,1,2.0
201600057164,0016-04-13 13:35:00,16,4,13,13,35,750,118,PORTE DE SAINT OUEN,48.9007,2.33485,Plein jour,En agglomération,Hors intersection,Normale,Deux véhicules - côté,,,,,,,,,,,1,2,1,1,3.0
201600057165,0016-04-11 17:00:00,16,4,11,17,0,750,119,PORTE D AUBERVILLIERS,48.9005,2.37476,Plein jour,En agglomération,Hors intersection,Normale,Deux véhicules - arrière,,,,,,,,,,,1,2,1,1,2.0
201600057166,0016-04-13 21:10:00,16,4,13,21,10,750,113,PORTE D IVRY,48.8193,2.37191,Nuit avec éclairage allumé,En agglomération,Hors intersection,Normale,Autre collision,,,,,,,,,,,5,2,1,1,6.0
201600057167,0016-04-13 21:36:00,16,4,13,21,36,750,116,BOULEVARD PERIPHERIQUE E,48.8572,2.25851,Nuit avec éclairage allumé,En agglomération,Hors intersection,Normale,Autre collision,,,,,,,,,,,5,2,1,1,6.0
201600057168,0016-04-14 09:35:00,16,4,14,9,35,750,114,PORTE DE CHATILLON,48.8213,2.32014,Plein jour,En agglomération,Hors intersection,Normale,Sans collision,,,,,,,,,,,1,2,1,1,7.0
201600057169,0016-04-14 08:10:00,16,4,14,8,10,750,120,PORTE DE BAGNOLET,48.8594,2.41404,Plein jour,En agglomération,Hors intersection,Normale,Deux véhicules - côté,,,,,,,,,,,1,2,1,1,3.0
201600057170,0016-04-14 11:45:00,16,4,14,11,45,750,117,PORTE DE SAINT OUEN,48.9006,2.32434,Plein jour,En agglomération,Hors intersection,Normale,Trois véhicules et plus - en chaîne,,,,,,,,,,,1,2,1,1,4.0
201600057171,0016-04-15 11:40:00,16,4,15,11,40,750,119,PORTE DE LA VILLETTE,48.9006,2.38835,Plein jour,En agglomération,Hors intersection,Normale,Deux véhicules - côté,,,,,,,,,,,1,2,1,1,3.0
201600057172,0016-04-16 20:20:00,16,4,16,20,20,750,117,PORTE MAILLOT,48.8835,2.28464,Plein jour,En agglomération,Hors intersection,Normale,Deux véhicules - arrière,,,,,,,,,,,1,2,1,1,2.0
201600057173,0016-04-17 19:30:00,16,4,17,19,30,750,113,PORTE D ITALIE,48.817,2.3659,Crépuscule ou aube,En agglomération,Hors intersection,Normale,Deux véhicules - côté,,,,,,,,,,,2,2,1,1,3.0
201600057174,0016-04-19 18:10:00,16,4,19,18,10,750,113,PORTE D IVRY,48.8211,2.37806,Plein jour,En agglomération,Hors intersection,Normale,Autre collision,,,,,,,,,,,1,2,1,1,6.0
201600057175,0016-04-20 00:15:00,16,4,20,0,15,750,114,PORTE D ORLEANS,48.8185,2.33302,Nuit avec éclairage allumé,En agglomération,Intersection en Y,Normale,Autre collision,,,,,,,,,,,5,2,4,1,6.0
201600057176,0016-04-20 06:30:00,16,4,20,6,30,750,120,ECHANGEUR VINCENNES,48.8479,2.41425,Nuit avec éclairage allumé,En agglomération,Hors intersection,Normale,Deux véhicules - arrière,,,,,,,,,,,5,2,1,1,2.0
201600057177,0016-04-20 08:10:00,16,4,20,8,10,750,119,PORTE DE PANTIN,48.8957,2.39469,Plein jour,En agglomération,Hors intersection,Normale,Deux véhicules - arrière,,,,,,,,,,,1,2,1,1,2.0
201600057178,0016-04-20 17:45:00,16,4,20,17,45,750,113,PORTE D ITALIE,48.8179,2.3683,Plein jour,En agglomération,Hors intersection,Normale,Deux véhicules - côté,,,,,,,,,,,1,2,1,1,3.0
201600057179,0016-04-21 08:50:00,16,4,21,8,50,750,119,PORTE DE PANTIN,48.8904,2.39613,Plein jour,En agglomération,Hors intersection,Normale,Sans collision,,,,,,,,,,,1,2,1,1,7.0
201600057180,0016-04-25 08:10:00,16,4,25,8,10,750,115,QUAI D ISSY LES MOULINEA,48.8354,2.27185,Plein jour,En agglomération,Intersection en Y,Normale,Autre collision,,,,,,,,,,,1,2,4,1,6.0
201600057181,0016-04-25 21:50:00,16,4,25,21,50,750,120,ECHANGEUR BAGNOLET,48.8653,2.41237,Nuit avec éclairage allumé,En agglomération,Hors intersection,Pluie forte,Autre collision,,,,,,,,,,,5,2,1,3,6.0
201600057182,0016-04-26 12:45:00,16,4,26,12,45,750,118,PORTE DE LA CHAPELLE,48.9009,2.36252,Plein jour,En agglomération,Hors intersection,Normale,Deux véhicules - arrière,,,,,,,,,,,1,2,1,1,2.0
201600057183,0016-04-27 11:00:00,16,4,27,11,0,750,116,ECHANGEUR MAILLOT,48.8784,2.27963,Plein jour,En agglomération,Hors intersection,Normale,Sans collision,,,,,,,,,,,1,2,1,1,7.0
201600057184,0016-04-28 00:01:00,16,4,28,0,1,750,117,PORTE DE SAINT OUEN,48.9007,2.32707,Nuit avec éclairage allumé,En agglomération,Hors intersection,Normale,Sans collision,,,,,,,,,,,5,2,1,1,7.0
201600057185,0016-04-28 02:15:00,16,4,28,2,15,750,112,ECHANGEUR BERCY,48.8279,2.3887,Nuit sans éclairage public,En agglomération,Intersection en Y,Normale,Sans collision,,,,,,,,,,,3,2,4,1,7.0
201600057186,0016-04-28 08:50:00,16,4,28,8,50,750,115,PORTE DE SEVRES,48.8315,2.2827,Plein jour,En agglomération,Hors intersection,Normale,Trois véhicules et plus - collisions multiples,,,,,,,,,,,1,2,1,1,5.0
201600057187,0016-04-28 18:30:00,16,4,28,18,30,750,119,PORTE DES LILAS,48.8784,2.40819,Plein jour,En agglomération,Hors intersection,Normale,Deux véhicules - arrière,,,,,,,,,,,1,2,1,1,2.0
201600057188,0016-04-30 06:50:00,16,4,30,6,50,750,116,PORTE DE SAINT CLOUD,48.8381,2.25469,Nuit avec éclairage allumé,En agglomération,Hors intersection,Normale,Autre collision,,,,,,,,,,,5,2,1,1,6.0
201600057189,0016-05-02 08:30:00,16,5,2,8,30,750,113,PORTE D IVRY,48.823,2.38114,Plein jour,En agglomération,Hors intersection,Normale,Deux véhicules - côté,,,,,,,,,,,1,2,1,1,3.0
201600057190,0016-05-02 11:00:00,16,5,2,11,0,750,120,PORTE DE MONTREUIL,48.8558,2.41387,Plein jour,En agglomération,Hors intersection,Normale,Deux véhicules - arrière,,,,,,,,,,,1,2,1,1,2.0
201600057191,0016-05-03 20:00:00,16,5,3,20,0,750,113,PORTE DE GENTILLY,48.8178,2.3507,Plein jour,En agglomération,Hors intersection,Normale,Deux véhicules - côté,,,,,,,,,,,1,2,1,1,3.0
201600057192,0016-05-04 12:35:00,16,5,4,12,35,750,112,PORTE DOREE,48.8357,2.4121,Plein jour,En agglomération,Intersection en Y,Normale,Deux véhicules - côté,,,,,,,,,,,1,2,4,1,3.0
201600057193,0016-05-04 13:55:00,16,5,4,13,55,750,113,QUAI D IVRY,48.826,2.38773,Plein jour,En agglomération,Hors intersection,Normale,Autre collision,,,,,,,,,,,1,2,1,1,6.0
201600057194,0016-05-04 17:40:00,16,5,4,17,40,750,120,PORTE DES LILAS,48.8743,2.41093,Plein jour,En agglomération,Hors intersection,Normale,Deux véhicules - côté,,,,,,,,,,,1,2,1,1,3.0
201600057195,0016-05-05 02:40:00,16,5,5,2,40,750,119,PORTE DE PANTIN,48.8859,2.39752,Nuit avec éclairage allumé,En agglomération,Intersection en Y,Normale,Autre collision,,,,,,,,,,,5,2,4,1,6.0
201600057196,0016-05-05 17:15:00,16,5,5,17,15,750,112,ECHANGEUR BERCY,48.8263,2.39189,Plein jour,En agglomération,Hors intersection,Normale,Deux véhicules - côté,,,,,,,,,,,1,2,1,1,3.0
201600057197,0016-05-07 14:40:00,16,5,7,14,40,750,114,PORTE DE CHATILLON,48.8222,2.31628,Plein jour,En agglomération,Hors intersection,Normale,Trois véhicules et plus - en chaîne,,,,,,,,,,,1,2,1,1,4.0
201600057198,0016-05-08 11:00:00,16,5,8,11,0,750,112,ECHANGEUR BERCY,48.8277,2.39417,Plein jour,En agglomération,Intersection en Y,Normale,Deux véhicules - arrière,,,,,,,,,,,1,2,4,1,2.0
201600057199,0016-05-08 18:50:00,16,5,8,18,50,750,118,ECHANGEUR CLIGNANCOURT,48.9011,2.34756,Plein jour,En agglomération,Intersection en Y,Normale,Deux véhicules - côté,,,,,,,,,,,1,2,4,1,3.0
201600057200,0016-05-09 00:05:00,16,5,9,0,5,750,118,PORTE DE SAINT OUEN,48.9008,2.33758,Nuit sans éclairage public,En agglomération,Hors intersection,Normale,Deux véhicules - arrière,,,,,,,,,,,3,2,1,1,2.0
201600057201,0016-05-10 13:10:00,16,5,10,13,10,750,116,PORTE D AUTEUIL,48.8425,2.2543,Plein jour,En agglomération,Hors intersection,Normale,Trois véhicules et plus - en chaîne,,,,,,,,,,,1,2,1,1,4.0
201600057202,0016-05-10 19:10:00,16,5,10,19,10,750,118,PORTE DE SAINT OUEN,48.9008,2.33758,Plein jour,En agglomération,Hors intersection,Normale,Deux véhicules - côté,,,,,,,,,,,1,2,1,1,3.0
201600057203,0016-05-10 17:20:00,16,5,10,17,20,750,120,ECHANGEUR BAGNOLET,48.8644,2.41311,Plein jour,En agglomération,Hors intersection,Normale,Autre collision,,,,,,,,,,,1,2,1,1,6.0
201600057204,0016-05-10 21:00:00,16,5,10,21,0,750,119,PORTE D AUBERVILLIERS,48.9005,2.37476,Nuit avec éclairage allumé,En agglomération,Hors intersection,Pluie légère,Autre collision,,,,,,,,,,,5,2,1,2,6.0
201600057205,0016-05-11 08:55:00,16,5,11,8,55,750,119,PORTE DE LA VILLETTE,48.9003,2.38019,Plein jour,En agglomération,Hors intersection,Normale,Deux véhicules - côté,,,,,,,,,,,1,2,1,1,3.0
201600057206,0016-05-12 11:55:00,16,5,12,11,55,750,115,ECHANGEUR BRANCION,48.8261,2.29827,Plein jour,En agglomération,Hors intersection,Normale,Deux véhicules - arrière,,,,,,,,,,,1,2,1,1,2.0
201600057207,0016-05-12 16:30:00,16,5,12,16,30,750,117,PORTE DE CLICHY,48.8957,2.30794,Plein jour,En agglomération,Hors intersection,Normale,Trois véhicules et plus - en chaîne,,,,,,,,,,,1,2,1,1,4.0
201600057208,0016-05-12 20:00:00,16,5,12,20,0,750,117,PORTE D ASNIERES,48.8916,2.30075,Crépuscule ou aube,En agglomération,Hors intersection,Normale,Deux véhicules - côté,,,,,,,,,,,2,2,1,1,3.0
201600057209,0016-05-13 09:45:00,16,5,13,9,45,750,118,PORTE DE SAINT OUEN,48.9009,2.33525,Plein jour,En agglomération,Hors intersection,Normale,Autre collision,,,,,,,,,,,1,2,1,1,6.0
201600057210,0016-05-13 16:30:00,16,5,13,16,30,750,114,ECHANGEUR BRANCION,48.825,2.30327,Plein jour,En agglomération,Intersection en Y,Normale,Deux véhicules - côté,,,,,,,,,,,1,2,4,1,3.0
201600057211,0016-05-14 17:00:00,16,5,14,17,0,750,117,ECHANGEUR ASNIERES,48.8932,2.30317,Plein jour,En agglomération,Intersection en Y,Normale,Autre collision,,,,,,,,,,,1,2,4,1,6.0
201600057212,0016-05-15 01:30:00,16,5,15,1,30,750,113,PORTE D IVRY,48.8222,2.3802,Nuit avec éclairage allumé,En agglomération,Hors intersection,Normale,Deux véhicules - arrière,,,,,,,,,,,5,2,1,1,2.0
201600057213,0016-05-17 07:50:00,16,5,17,7,50,750,114,PORTE DE GENTILLY,48.8169,2.33626,Plein jour,En agglomération,Hors intersection,Normale,Deux véhicules - côté,,,,,,,,,,,1,2,1,1,3.0
201600057214,0016-05-17 10:05:00,16,5,17,10,5,750,116,PORTE DE PASSY,48.8548,2.25537,Plein jour,En agglomération,Hors intersection,Normale,Deux véhicules - arrière,,,,,,,,,,,1,2,1,1,2.0
201600057215,0016-05-17 14:00:00,16,5,17,14,0,750,116,PORTE DAUPHINE,48.8699,2.27181,Plein jour,En agglomération,Hors intersection,Normale,Trois véhicules et plus - en chaîne,,,,,,,,,,,1,2,1,1,4.0
201600057216,0016-05-17 20:10:00,16,5,17,20,10,750,112,PORTE DE CHARENTON,48.8322,2.40558,Crépuscule ou aube,En agglomération,Hors intersection,Normale,Deux véhicules - arrière,,,,,,,,,,,2,2,1,1,2.0
201600057217,0016-05-18 14:30:00,16,5,18,14,30,750,115,PORTE DE SEVRES,48.8349,2.27333,Plein jour,En agglomération,Intersection en Y,Pluie légère,Trois véhicules et plus - en chaîne,,,,,,,,,,,1,2,4,2,4.0
201600057218,0016-05-18 20:50:00,16,5,18,20,50,750,116,ECHANGEUR MAILLOT,48.8784,2.27963,Plein jour,En agglomération,Hors intersection,Normale,Autre collision,,,,,,,,,,,1,2,1,1,6.0
201600057219,0016-05-18 23:25:00,16,5,18,23,25,750,120,PORTE DE VINCENNES,48.8489,2.41485,Nuit avec éclairage allumé,En agglomération,Intersection en Y,Normale,Trois véhicules et plus - en chaîne,,,,,,,,,,,5,2,4,1,4.0
201600057220,0016-05-19 07:15:00,16,5,19,7,15,750,116,PORTE D AUTEUIL,48.8542,2.25442,Plein jour,En agglomération,Hors intersection,Normale,Deux véhicules - côté,,,,,,,,,,,1,2,1,1,3.0
201600057221,0016-05-19 15:45:00,16,5,19,15,45,750,114,ECHANGEUR ORLEANS,48.8209,2.32147,Plein jour,En agglomération,Hors intersection,Normale,Trois véhicules et plus - en chaîne,,,,,,,,,,,1,2,1,1,4.0
201600057222,0016-05-21 08:00:00,16,5,21,8,0,750,115,PORTE DE LA PLAINE,48.8267,2.2962,Plein jour,En agglomération,Intersection en Y,Normale,Deux véhicules - côté,,,,,,,,,,,1,2,4,1,3.0
201600057223,0016-05-21 18:55:00,16,5,21,18,55,750,120,ECHANGEUR BAGNOLET,48.8639,2.41336,Plein jour,En agglomération,Hors intersection,Pluie légère,Deux véhicules - arrière,,,,,,,,,,,1,2,1,2,2.0
201600057224,0016-05-22 18:50:00,16,5,22,18,50,750,120,ECHANGEUR BAGNOLET,48.8647,2.41306,Plein jour,En agglomération,Hors intersection,Pluie légère,Deux véhicules - côté,,,,,,,,,,,1,2,1,2,3.0
201600057225,0016-05-23 09:40:00,16,5,23,9,40,750,116,PORT DE PASSY,48.8547,2.25471,Plein jour,En agglomération,Hors intersection,Pluie forte,Deux véhicules - côté,,,,,,,,,,,1,2,1,3,3.0
201600057226,0016-05-23 12:25:00,16,5,23,12,25,750,117,PORTE DE CHAMPERRET,48.8883,2.29271,Plein jour,En agglomération,Hors intersection,Pluie légère,Deux véhicules - arrière,,,,,,,,,,,1,2,1,2,2.0
201600057227,0016-05-23 10:45:00,16,5,23,10,45,750,119,PORTE DE PANTIN,48.8845,2.39874,Plein jour,En agglomération,Hors intersection,Pluie forte,Deux véhicules - côté,,,,,,,,,,,1,2,1,3,3.0
201600057228,0016-05-23 15:45:00,16,5,23,15,45,750,118,PORTE DE LA CHAPELLE,48.9009,2.35706,Plein jour,En agglomération,Hors intersection,Normale,Deux véhicules - arrière,,,,,,,,,,,1,2,1,1,2.0
201600057229,0016-05-24 08:45:00,16,5,24,8,45,750,118,PORTE DE LA CHAPELLE,48.9011,2.35758,Plein jour,En agglomération,Hors intersection,Normale,Deux véhicules - arrière,,,,,,,,,,,1,2,1,1,2.0
201600057230,0016-05-24 16:00:00,16,5,24,16,0,750,116,ECHANGEUR MUETTE,48.862,2.2643,Plein jour,En agglomération,Hors intersection,Normale,Deux véhicules - arrière,,,,,,,,,,,1,2,1,1,2.0
201600057231,0016-05-25 12:45:00,16,5,25,12,45,750,112,ECHANGEUR BERCY,48.8282,2.39675,Plein jour,En agglomération,Hors intersection,Normale,Autre collision,,,,,,,,,,,1,2,1,1,6.0
201600057232,0016-05-25 15:45:00,16,5,25,15,45,750,114,PORTE D ORLEANS,48.8198,2.32662,Plein jour,En agglomération,Hors intersection,Normale,Deux véhicules - côté,,,,,,,,,,,1,2,1,1,3.0
201600057233,0016-05-25 22:20:00,16,5,25,22,20,750,118,ECHANGEUR CHAPELLE,48.9003,2.35908,Nuit avec éclairage non allumé,En agglomération,Hors intersection,Normale,Autre collision,,,,,,,,,,,4,2,1,1,6.0