accident_id,datetime,annee,mois,jour,heure,minute,departement,commune_insee,adresse,latitude,longitude,luminosite,agglomeration,intersection,meteo,collision,nb_vehicules,nb_usagers,nb_indemnes,nb_tues,nb_blesses_hosp,nb_blesses_legers,age_cond_1,age_cond_2,veh_type_cond_1,veh_type_cond_2,lum_code,agg_code,int_code,atm_code,col_code
201600057234,0016-05-26 07:55:00,16,5,26,7,55,750,112,PORTE DE CHARENTON,48.8316,2.40456,Plein jour,En agglomération,Hors intersection,Normale,Deux véhicules - côté,,,,,,,,,,,1,2,1,1,3.0
201600057235,0016-05-26 18:45:00,16,5,26,18,45,750,117,PORTE DE SAINT OUEN,48.9002,2.32128,Plein jour,En agglomération,Hors intersection,Normale,Deux véhicules - côté,,,,,,,,,,,1,2,1,1,3.0
201600057236,0016-05-27 16:25:00,16,5,27,16,25,750,113,ECHANGEUR ITALIE,48.8165,2.36476,Plein jour,En agglomération,Hors intersection,Normale,Deux véhicules - côté,,,,,,,,,,,1,2,1,1,3.0
201600057237,0016-05-28 12:00:00,16,5,28,12,0,750,118,PORTE DE LA CHAPELLE,48.9012,2.35298,Plein jour,En agglomération,Hors intersection,Normale,Deux véhicules - arrière,,,,,,,,,,,1,2,1,1,2.0
201600057238,0016-05-30 03:15:00,16,5,30,3,15,750,120,ECHANGEUR BAGNOLET,48.8651,2.41245,Nuit avec éclairage non allumé,En agglomération,Hors intersection,Normale,Autre collision,,,,,,,,,,,4,2,1,1,6.0
201600057239,0016-05-30 06:55:00,16,5,30,6,55,750,120,PORTE DE BAGNOLET,48.8612,2.41378,Crépuscule ou aube,En agglomération,Hors intersection,Pluie légère,Deux véhicules - arrière,,,,,,,,,,,2,2,1,2,2.0
201600057240,0016-05-30 17:00:00,16,5,30,17,0,750,117,PORTE MAILLOT,48.8787,2.28114,Plein jour,En agglomération,Hors intersection,Pluie légère,Deux véhicules - arrière,,,,,,,,,,,1,2,1,2,2.0
201600057241,0016-05-31 12:20:00,16,5,31,12,20,750,117,PORTE DE SAINT OUEN,48.9008,2.3298,Plein jour,En agglomération,Hors intersection,Pluie légère,Autre collision,,,,,,,,,,,1,2,1,2,6.0
201600057242,0016-05-31 20:00:00,16,5,31,20,0,750,115,PORTE DE SEVRES,48.8305,2.28502,Crépuscule ou aube,En agglomération,Hors intersection,Pluie forte,Autre collision,,,,,,,,,,,2,2,1,3,6.0
201600057243,0016-06-01 01:20:00,16,6,1,1,20,750,120,ECHANGEUR BAGNOLET,48.8666,2.41448,Nuit sans éclairage public,En agglomération,Hors intersection,Normale,Sans collision,,,,,,,,,,,3,2,1,1,7.0
201600057244,0016-06-01 10:00:00,16,6,1,10,0,750,116,ECHANGEUR MAILLOT,48.8754,2.27663,Plein jour,En agglomération,Intersection en Y,Normale,Deux véhicules - arrière,,,,,,,,,,,1,2,4,1,2.0
201600057245,0016-06-01 09:45:00,16,6,1,9,45,750,114,PORTE D ORLEANS,48.8208,2.32275,Plein jour,En agglomération,Hors intersection,Normale,Trois véhicules et plus - en chaîne,,,,,,,,,,,1,2,1,1,4.0
201600057246,0016-06-01 14:10:00,16,6,1,14,10,750,120,ECHANGEUR BAGNOLET,48.8585,2.41411,Plein jour,En agglomération,Hors intersection,Normale,Deux véhicules - arrière,,,,,,,,,,,1,2,1,1,2.0
201600057247,0016-06-02 10:15:00,16,6,2,10,15,750,116,ECHANGEUR MUETTE,48.8645,2.26715,Plein jour,En agglomération,Hors intersection,Normale,Deux véhicules - côté,,,,,,,,,,,1,2,1,1,3.0
201600057248,0016-06-03 19:25:00,16,6,3,19,25,750,116,ECHANGEUR MUETTE,48.862,2.2643,Plein jour,En agglomération,Hors intersection,Normale,Deux véhicules - côté,,,,,,,,,,,1,2,1,1,3.0
201600057249,0016-06-05 03:10:00,16,6,5,3,10,750,118,PORTE DE CLIGNANCOURT,48.9007,2.33622,Nuit avec éclairage allumé,En agglomération,Hors intersection,Pluie légère,Deux véhicules - arrière,,,,,,,,,,,5,2,1,2,2.0
201600057250,0016-06-07 05:40:00,16,6,7,5,40,750,117,PORTE D ASNIERES,48.8845,2.28584,Crépuscule ou aube,En agglomération,Hors intersection,Normale,Deux véhicules - côté,,,,,,,,,,,2,2,1,1,3.0
201600057251,0016-06-08 12:00:00,16,6,8,12,0,750,118,PORTE DE LA CHAPELLE,48.9009,2.35842,Plein jour,En agglomération,Hors intersection,Normale,Deux véhicules - côté,,,,,,,,,,,1,2,1,1,3.0
201600057252,0016-06-09 07:00:00,16,6,9,7,0,750,114,PORTE D ORLEANS,48.8213,2.32014,Plein jour,En agglomération,Hors intersection,Normale,Trois véhicules et plus - en chaîne,,,,,,,,,,,1,2,1,1,4.0
201600057253,0016-06-09 09:45:00,16,6,9,9,45,750,117,PORTE DE CHAMPERRET,48.8845,2.28584,Plein jour,En agglomération,Hors intersection,Normale,Deux véhicules - arrière,,,,,,,,,,,1,2,1,1,2.0
201600057254,0016-06-09 10:10:00,16,6,9,10,10,750,116,PORTE DE PASSY,48.8574,2.25922,Plein jour,En agglomération,Hors intersection,Normale,Deux véhicules - côté,,,,,,,,,,,1,2,1,1,3.0
201600057255,0016-06-09 13:20:00,16,6,9,13,20,750,119,PORTE DE LA VILLETTE,48.9002,2.39101,Plein jour,En agglomération,Hors intersection,Normale,Autre collision,,,,,,,,,,,1,2,1,1,6.0
201600057256,0016-06-11 09:30:00,16,6,11,9,30,750,114,PORTE DE CHATILLON,48.8222,2.31628,Plein jour,En agglomération,Hors intersection,Normale,Trois véhicules et plus - collisions multiples,,,,,,,,,,,1,2,1,1,5.0
201600057257,0016-06-12 13:20:00,16,6,12,13,20,750,120,PORTE DES LILAS,48.8728,2.41246,Plein jour,En agglomération,Hors intersection,Temps couvert,Trois véhicules et plus - en chaîne,,,,,,,,,,,1,2,1,8,4.0
201600057258,0016-06-13 15:10:00,16,6,13,15,10,750,114,PORTE D ORLEANS,48.8195,2.32792,Plein jour,En agglomération,Hors intersection,Normale,Sans collision,,,,,,,,,,,1,2,1,1,7.0
201600057259,0016-06-13 17:45:00,16,6,13,17,45,750,117,PORTE D ASNIERES,48.8922,2.30177,Plein jour,En agglomération,Hors intersection,Normale,Deux véhicules - arrière,,,,,,,,,,,1,2,1,1,2.0
201600057260,0016-06-15 08:15:00,16,6,15,8,15,750,117,PORTE DE CLICHY,48.8978,2.31298,Plein jour,En agglomération,Hors intersection,Normale,Deux véhicules - arrière,,,,,,,,,,,1,2,1,1,2.0
201600057261,0016-06-15 09:20:00,16,6,15,9,20,750,120,PORTE DES LILAS,48.8743,2.41115,Nuit avec éclairage allumé,En agglomération,Hors intersection,Normale,Trois véhicules et plus - collisions multiples,,,,,,,,,,,5,2,1,1,5.0
201600057262,0016-06-15 16:20:00,16,6,15,16,20,750,118,PORTE DE SAINT OUEN,48.9006,2.33214,Plein jour,En agglomération,Hors intersection,Normale,Deux véhicules - côté,,,,,,,,,,,1,2,1,1,3.0
201600057263,0016-06-15 19:50:00,16,6,15,19,50,750,112,ECHANGEUR BERCY,48.8273,2.39117,Plein jour,En agglomération,Hors intersection,Normale,Deux véhicules - arrière,,,,,,,,,,,1,2,1,1,2.0
201600057264,0016-06-16 17:30:00,16,6,16,17,30,750,117,PORTE DE CHAMPERRET,48.8852,2.28683,Plein jour,En agglomération,Hors intersection,Normale,Deux véhicules - arrière,,,,,,,,,,,1,2,1,1,2.0
201600057265,0016-06-17 15:10:00,16,6,17,15,10,750,113,PORTE D ITALIE,48.8179,2.35204,Plein jour,En agglomération,Hors intersection,Normale,Deux véhicules - côté,,,,,,,,,,,1,2,1,1,3.0
201600057266,0016-06-18 13:30:00,16,6,18,13,30,750,112,ECHANGEUR PORTE DOREE,48.8357,2.4121,Plein jour,En agglomération,Intersection en Y,Normale,Autre collision,,,,,,,,,,,1,2,4,1,6.0
201600057267,0016-06-18 19:05:00,16,6,18,19,5,750,119,PORTE DE PANTIN,48.883,2.40022,Plein jour,En agglomération,Hors intersection,Pluie forte,Sans collision,,,,,,,,,,,1,2,1,3,7.0
201600057268,0016-06-20 04:35:00,16,6,20,4,35,750,114,PORTE DE CHATILLON,48.8232,2.31118,Nuit avec éclairage allumé,En agglomération,Hors intersection,Normale,Deux véhicules - côté,,,,,,,,,,,5,2,1,1,3.0
201600057269,0016-06-20 08:50:00,16,6,20,8,50,750,119,PORTE DE LA VILLETTE,48.8984,2.39384,Plein jour,En agglomération,Hors intersection,Normale,Deux véhicules - côté,,,,,,,,,,,1,2,1,1,3.0
201600057270,0016-06-21 12:45:00,16,6,21,12,45,750,116,PORTE D AUTEUIL,48.8443,2.25486,Plein jour,En agglomération,Hors intersection,Normale,Trois véhicules et plus - en chaîne,,,,,,,,,,,1,2,1,1,4.0
201600057271,0016-06-21 09:55:00,16,6,21,9,55,750,119,PORTE DE PANTIN,48.8957,2.39469,Plein jour,En agglomération,Hors intersection,Normale,Autre collision,,,,,,,,,,,1,2,1,1,6.0
201600057272,0016-06-22 11:00:00,16,6,22,11,0,750,112,PORTE DE VINCENNES,48.8443,2.41412,Plein jour,En agglomération,Hors intersection,Normale,Deux véhicules - côté,,,,,,,,,,,1,2,1,1,3.0
201600057273,0016-06-23 09:45:00,16,6,23,9,45,750,112,PORTE DOREE,48.8363,2.41217,Plein jour,En agglomération,Hors intersection,Normale,Trois véhicules et plus - en chaîne,,,,,,,,,,,1,2,1,1,4.0
201600057274,0016-06-24 12:20:00,16,6,24,12,20,750,119,PORTE DE LA VILLETTE,48.9005,2.38427,Plein jour,En agglomération,Hors intersection,Normale,Deux véhicules - arrière,,,,,,,,,,,1,2,1,1,2.0
201600057275,0016-06-24 18:50:00,16,6,24,18,50,750,114,PORTE DE VANVES,48.8238,2.30859,Plein jour,En agglomération,Hors intersection,Normale,Autre collision,,,,,,,,,,,1,2,1,1,6.0
201600057276,0016-06-26 11:55:00,16,6,26,11,55,750,116,PORTE DAUPHINE,48.8737,2.27541,Plein jour,En agglomération,Hors intersection,Normale,Sans collision,,,,,,,,,,,1,2,1,1,7.0
201600057277,0016-06-26 14:50:00,16,6,26,14,50,750,113,QUAI D IVRY,48.8258,2.38645,Plein jour,En agglomération,Hors intersection,Normale,Trois véhicules et plus - en chaîne,,,,,,,,,,,1,2,1,1,4.0
201600057278,0016-06-26 18:10:00,16,6,26,18,10,750,116,ECHANGEUR SAINT CLOUD,48.8373,2.25568,Plein jour,En agglomération,Hors intersection,Normale,Autre collision,,,,,,,,,,,1,2,1,1,6.0
201600057279,0016-06-27 00:40:00,16,6,27,0,40,750,112,BOULEVARD PERIPHERIQUE E,48.8292,2.40049,Nuit avec éclairage allumé,En agglomération,Hors intersection,Normale,Deux véhicules - côté,,,,,,,,,,,5,2,1,1,3.0
201600057280,0016-06-27 16:00:00,16,6,27,16,0,750,120,PORTE DE MONTREUIL,48.8567,2.41395,Plein jour,En agglomération,Hors intersection,Normale,Trois véhicules et plus - en chaîne,,,,,,,,,,,1,2,1,1,4.0
201600057281,0016-06-29 07:55:00,16,6,29,7,55,750,120,PORTE DE BAGNOLET,48.8621,2.41364,Plein jour,En agglomération,Hors intersection,Normale,Deux véhicules - arrière,,,,,,,,,,,1,2,1,1,2.0
201600057282,0016-06-29 16:10:00,16,6,29,16,10,750,120,PORTE DE VINCENNES,48.8497,2.415,Plein jour,En agglomération,Hors intersection,Normale,Autre collision,,,,,,,,,,,1,2,1,1,6.0
201600057283,0016-06-29 19:40:00,16,6,29,19,40,750,113,PORTE D IVRY,48.8234,2.38222,Plein jour,En agglomération,Hors intersection,Normale,Deux véhicules - arrière,,,,,,,,,,,1,2,1,1,2.0
201600057284,0016-06-30 10:20:00,16,6,30,10,20,750,119,PORTE DE LA VILLETTE,48.9003,2.37882,Plein jour,En agglomération,Hors intersection,Normale,Trois véhicules et plus - en chaîne,,,,,,,,,,,1,2,1,1,4.0
201600057285,0016-07-01 17:45:00,16,7,1,17,45,750,117,PORTE D ASNIERES,48.8922,2.30177,Plein jour,En agglomération,Hors intersection,Normale,Deux véhicules - côté,,,,,,,,,,,1,2,1,1,3.0
201600057286,0016-07-02 18:35:00,16,7,2,18,35,750,118,PORTE DE LA CHAPELLE,48.9009,2.35706,Plein jour,En agglomération,Hors intersection,Normale,Deux véhicules - arrière,,,,,,,,,,,1,2,1,1,2.0
201600057287,0016-07-02 21:15:00,16,7,2,21,15,750,119,PORTE D AUBERVILLIERS,48.9006,2.373,Crépuscule ou aube,En agglomération,Hors intersection,Temps couvert,Deux véhicules - côté,,,,,,,,,,,2,2,1,8,3.0
201600057288,0016-07-04 09:09:00,16,7,4,9,9,750,119,PORTE DES LILAS,48.8809,2.40465,Plein jour,En agglomération,Hors intersection,Normale,Deux véhicules - côté,,,,,,,,,,,1,2,1,1,3.0
201600057289,0016-07-05 15:40:00,16,7,5,15,40,750,116,PORTE DE PASSY,48.8591,2.26241,Plein jour,En agglomération,Hors intersection,Normale,Deux véhicules - côté,,,,,,,,,,,1,2,1,1,3.0
201600057290,0016-07-06 08:30:00,16,7,6,8,30,750,118,PORTE DE CLIGNANCOURT,48.9012,2.34889,Plein jour,En agglomération,Hors intersection,Normale,Deux véhicules - arrière,,,,,,,,,,,1,2,1,1,2.0
201600057291,0016-07-06 17:45:00,16,7,6,17,45,750,114,PORTE DE CHATILLON,48.8241,2.3073,Plein jour,En agglomération,Hors intersection,Normale,Deux véhicules - côté,,,,,,,,,,,1,2,1,1,3.0
201600057292,0016-07-07 14:45:00,16,7,7,14,45,750,116,PORTE DAUPHINE,48.8727,2.27418,Plein jour,En agglomération,Hors intersection,Normale,Deux véhicules - côté,,,,,,,,,,,1,2,1,1,3.0
201600057293,0016-07-08 00:30:00,16,7,8,0,30,750,118,PORTE DE CLIGNANCOURT,48.901,2.34758,Nuit avec éclairage allumé,En agglomération,Intersection en Y,Normale,Autre collision,,,,,,,,,,,5,2,4,1,6.0
201600057294,0016-07-08 16:50:00,16,7,8,16,50,750,113,PORTE D IVRY,48.8211,2.37806,Plein jour,En agglomération,Hors intersection,Temps éblouissant,Trois véhicules et plus - en chaîne,,,,,,,,,,,1,2,1,7,4.0
201600057295,0016-07-09 14:30:00,16,7,9,14,30,750,119,PORTE DE LA VILLETTE,48.8997,2.39183,Plein jour,En agglomération,Hors intersection,Normale,Autre collision,,,,,,,,,,,1,2,1,1,6.0
201600057296,0016-07-09 17:20:00,16,7,9,17,20,750,118,METRO PORTE DE CLIGNANCO,48.9006,2.33077,Plein jour,En agglomération,Hors intersection,Normale,Deux véhicules - côté,,,,,,,,,,,1,2,1,1,3.0
201600057297,0016-07-10 13:15:00,16,7,10,13,15,750,114,PORTE DE CHATILLON,48.8232,2.31118,Plein jour,En agglomération,Hors intersection,Normale,Deux véhicules - arrière,,,,,,,,,,,1,2,1,1,2.0
201600057298,0016-07-11 00:15:00,16,7,11,0,15,750,113,QUAI D IVRY,48.826,2.38773,Nuit avec éclairage allumé,En agglomération,Hors intersection,Normale,Deux véhicules - arrière,,,,,,,,,,,5,2,1,1,2.0
201600057299,0016-07-11 01:40:00,16,7,11,1,40,750,113,PORTE DE GENTILLY,48.8183,2.36953,Nuit avec éclairage allumé,En agglomération,Hors intersection,Normale,Deux véhicules - arrière,,,,,,,,,,,5,2,1,1,2.0
201600057300,0016-07-12 06:40:00,16,7,12,6,40,750,112,ECHANGEUR BERCY,48.8277,2.38984,Plein jour,En agglomération,Hors intersection,Normale,Deux véhicules - arrière,,,,,,,,,,,1,2,1,1,2.0
201600057301,0016-07-13 09:30:00,16,7,13,9,30,750,119,PORTE DE PANTIN,48.8824,2.40132,Plein jour,En agglomération,Hors intersection,Normale,Deux véhicules - côté,,,,,,,,,,,1,2,1,1,3.0
201600057302,0016-07-12 19:30:00,16,7,12,19,30,750,119,PORTE DE LA VILLETTE,48.9006,2.38564,Plein jour,En agglomération,Hors intersection,Normale,Trois véhicules et plus - en chaîne,,,,,,,,,,,1,2,1,1,4.0
201600057303,0016-07-14 21:50:00,16,7,14,21,50,750,113,PORTE D IVRY,48.8201,2.37435,Nuit sans éclairage public,En agglomération,Hors intersection,Normale,Autre collision,,,,,,,,,,,3,2,1,1,6.0
201600057304,0016-07-15 10:30:00,16,7,15,10,30,750,114,PORTE DE CHATILLON,48.8228,2.31373,Plein jour,En agglomération,Hors intersection,Normale,Deux véhicules - arrière,,,,,,,,,,,1,2,1,1,2.0
201600057305,0016-07-15 09:00:00,16,7,15,9,0,750,118,PORTE DE LA CHAPELLE,48.9009,2.36115,Plein jour,En agglomération,Hors intersection,Normale,Deux véhicules - côté,,,,,,,,,,,1,2,1,1,3.0
201600057306,0016-07-15 07:10:00,16,7,15,7,10,750,115,ECHANGEUR ISSY,48.8358,2.27032,Plein jour,En agglomération,Intersection en Y,Normale,Autre collision,,,,,,,,,,,1,2,4,1,6.0
201600057307,0016-07-16 04:50:00,16,7,16,4,50,750,119,PORTE D AUBERVILLIERS,48.9007,2.37028,Nuit avec éclairage allumé,En agglomération,Hors intersection,Normale,Autre collision,,,,,,,,,,,5,2,1,1,6.0
201600057308,0016-07-17 02:55:00,16,7,17,2,55,750,114,PORTE DE CHATILLON,48.823,2.31204,Nuit avec éclairage allumé,En agglomération,Intersection en Y,Normale,Deux véhicules - côté,,,,,,,,,,,5,2,4,1,3.0
201600057309,0016-07-18 09:15:00,16,7,18,9,15,750,112,PORTE DE CHARENTON,48.8288,2.39902,Plein jour,En agglomération,Hors intersection,Normale,Autre collision,,,,,,,,,,,1,2,1,1,6.0
201600057310,0016-07-18 18:45:00,16,7,18,18,45,750,112,PORTE DE CHARENTON,48.8292,2.40049,Plein jour,En agglomération,Hors intersection,Normale,Autre collision,,,,,,,,,,,1,2,1,1,6.0
201600057311,0016-07-20 11:00:00,16,7,20,11,0,750,117,PORTE DE SAINT OUEN,48.9008,2.3298,Plein jour,En agglomération,Hors intersection,Normale,Deux véhicules - arrière,,,,,,,,,,,1,2,1,1,2.0
201600057312,0016-07-22 08:00:00,16,7,22,8,0,750,119,PORTE DE LA VILLETTE,48.9002,2.39101,Plein jour,En agglomération,Hors intersection,Normale,Deux véhicules - côté,,,,,,,,,,,1,2,1,1,3.0
201600057313,0016-07-22 10:30:00,16,7,22,10,30,750,119,PORTE D AUBERVILLIERS,48.9005,2.37476,Plein jour,En agglomération,Hors intersection,Normale,Deux véhicules - côté,,,,,,,,,,,1,2,1,1,3.0
201600057314,0016-07-23 18:25:00,16,7,23,18,25,750,120,PORTE DE MONTREUIL,48.8515,2.41531,Plein jour,En agglomération,Hors intersection,Normale,Trois véhicules et plus - en chaîne,,,,,,,,,,,1,2,1,1,4.0
201600057315,0016-07-24 00:45:00,16,7,24,0,45,750,113,PORTE DE GENTILLY,48.817,2.34828,Nuit avec éclairage allumé,En agglomération,Hors intersection,Normale,Sans collision,,,,,,,,,,,5,2,1,1,7.0
201600057316,0016-07-25 12:00:00,16,7,25,12,0,750,117,ECHANGEUR CHAMPERRET,48.8847,2.28647,Plein jour,En agglomération,Intersection en Y,Normale,Autre collision,,,,,,,,,,,1,2,4,1,6.0
201600057317,0016-07-25 18:10:00,16,7,25,18,10,750,113,PORTE D ITALIE,48.817,2.3659,Plein jour,En agglomération,Hors intersection,Normale,Trois véhicules et plus - en chaîne,,,,,,,,,,,1,2,1,1,4.0
201600057318,0016-07-27 08:55:00,16,7,27,8,55,750,113,PORTE D ITALIE,48.8167,2.36471,Plein jour,En agglomération,Hors intersection,Normale,Deux véhicules - côté,,,,,,,,,,,1,2,1,1,3.0
201600057319,0016-07-28 16:00:00,16,7,28,16,0,750,115,PORTE DE LA PLAINE,48.8268,2.29567,Plein jour,En agglomération,Hors intersection,Normale,Deux véhicules - côté,,,,,,,,,,,1,2,1,1,3.0
201600057320,0016-07-29 17:15:00,16,7,29,17,15,750,115,QUAI D ISSY LES MOULINEA,48.8351,2.26921,Plein jour,En agglomération,Hors intersection,Normale,Deux véhicules - arrière,,,,,,,,,,,1,2,1,1,2.0
201600057321,0016-07-29 19:00:00,16,7,29,19,0,750,117,ECHANGEUR CLICHY,48.8946,2.30578,Plein jour,En agglomération,Hors intersection,Normale,Trois véhicules et plus - en chaîne,,,,,,,,,,,1,2,1,1,4.0
201600057322,0016-07-30 15:06:00,16,7,30,15,6,750,114,ECHANGEUR VANVES,48.8243,2.30574,Plein jour,En agglomération,Hors intersection,Normale,Deux véhicules - arrière,,,,,,,,,,,1,2,1,1,2.0
201600057323,0016-08-01 04:10:00,16,8,1,4,10,750,117,BOULEVARD PERIPHERIQUE E,48.8982,2.31418,Nuit avec éclairage allumé,En agglomération,Hors intersection,Normale,Autre collision,,,,,,,,,,,5,2,1,1,6.0
201600057324,0016-08-04 13:15:00,16,8,4,13,15,750,118,ECHANGEUR CHAPELLE,48.9003,2.3591,Plein jour,En agglomération,Hors intersection,Normale,Deux véhicules - côté,,,,,,,,,,,1,2,1,1,3.0
201600057325,0016-08-04 15:10:00,16,8,4,15,10,750,118,PORTE DE CLIGNANCOURT,48.901,2.34849,Plein jour,En agglomération,Hors intersection,Normale,Deux véhicules - arrière,,,,,,,,,,,1,2,1,1,2.0
201600057326,0016-08-05 12:45:00,16,8,5,12,45,750,118,PORTE DE CLIGNANCOURT,48.9009,2.3444,Plein jour,En agglomération,Hors intersection,Normale,Trois véhicules et plus - en chaîne,,,,,,,,,,,1,2,1,1,4.0
201600057327,0016-08-06 10:30:00,16,8,6,10,30,750,116,PORTE DE SAINT CLOUD,48.8405,2.25385,Plein jour,En agglomération,Hors intersection,Normale,Deux véhicules - frontale,,,,,,,,,,,1,2,1,1,1.0
201600057328,0016-08-07 10:30:00,16,8,7,10,30,750,112,ECHANGEUR BERCY,48.8276,2.39246,Plein jour,En agglomération,Hors intersection,Normale,Deux véhicules - côté,,,,,,,,,,,1,2,1,1,3.0
201600057329,0016-08-08 06:30:00,16,8,8,6,30,750,119,PORTE DE LA VILLETTE,48.8991,2.39278,Plein jour,En agglomération,Hors intersection,Normale,Autre collision,,,,,,,,,,,1,2,1,1,6.0
201600057330,0016-08-09 17:15:00,16,8,9,17,15,750,118,PORTE DE CLIGNANCOURT,48.901,2.34986,Plein jour,En agglomération,Hors intersection,Normale,Deux véhicules - arrière,,,,,,,,,,,1,2,1,1,2.0
201600057331,0016-08-09 17:30:00,16,8,9,17,30,750,113,PORTE D IVRY,48.8185,2.36952,Plein jour,En agglomération,Hors intersection,Normale,Deux véhicules - côté,,,,,,,,,,,1,2,1,1,3.0
201600057332,0016-08-11 13:30:00,16,8,11,13,30,750,112,ECHANGEUR BERCY,48.8285,2.39773,Plein jour,En agglomération,Hors intersection,Normale,Deux véhicules - arrière,,,,,,,,,,,1,2,1,1,2.0
201600057333,0016-08-13 18:30:00,16,8,13,18,30,750,118,ECHANGEUR CHAPELLE,48.9003,2.35907,Plein jour,En agglomération,Hors intersection,Normale,Sans collision,,,,,,,,,,,1,2,1,1,7.0
201600057334,0016-08-14 06:20:00,16,8,14,6,20,750,118,PORTE DE LA CHAPELLE,48.9009,2.35842,Plein jour,En agglomération,Hors intersection,Normale,Sans collision,,,,,,,,,,,1,2,1,1,7.0
201600057335,0016-08-17 19:45:00,16,8,17,19,45,750,112,ECHANGEUR BERCY,48.8282,2.39645,Plein jour,En agglomération,Hors intersection,Normale,Deux véhicules - côté,,,,,,,,,,,1,2,1,1,3.0
201600057336,0016-08-18 08:50:00,16,8,18,8,50,750,120,ECHANGEUR BAGNOLET,48.866,2.41259,Plein jour,En agglomération,Hors intersection,Normale,Sans collision,,,,,,,,,,,1,2,1,1,7.0
201600057337,0016-08-22 08:45:00,16,8,22,8,45,750,115,PORTE DE LA PLAINE,48.8287,2.28953,Plein jour,En agglomération,Hors intersection,Normale,Deux véhicules - arrière,,,,,,,,,,,1,2,1,1,2.0
201600057338,0016-08-22 07:00:00,16,8,22,7,0,750,116,ECHANGEUR MUETTE,48.8674,2.2691,Plein jour,En agglomération,Hors intersection,Normale,Sans collision,,,,,,,,,,,1,2,1,1,7.0
201600057339,0016-08-24 16:50:00,16,8,24,16,50,750,112,PORTE DE VINCENNES,48.8434,2.41393,Plein jour,En agglomération,Hors intersection,Normale,Deux véhicules - arrière,,,,,,,,,,,1,2,1,1,2.0
201600057340,0016-08-25 08:50:00,16,8,25,8,50,750,119,PORTE DES LILAS,48.8812,2.4034,Plein jour,En agglomération,Hors intersection,Normale,Deux véhicules - arrière,,,,,,,,,,,1,2,1,1,2.0
201600057341,0016-08-25 18:45:00,16,8,25,18,45,750,114,PORTE DE CHATILLON,48.8218,2.31755,Plein jour,En agglomération,Hors intersection,Normale,Trois véhicules et plus - en chaîne,,,,,,,,,,,1,2,1,1,4.0
201600057342,0016-08-28 02:25:00,16,8,28,2,25,750,117,PORTE D ASNIERES,48.8916,2.30075,Nuit avec éclairage allumé,En agglomération,Hors intersection,Normale,Autre collision,,,,,,,,,,,5,2,1,1,6.0
201600057343,0016-08-29 14:10:00,16,8,29,14,10,750,120,ECHANGEUR BAGNOLET,48.863,2.4135,Plein jour,En agglomération,Hors intersection,Normale,Deux véhicules - arrière,,,,,,,,,,,1,2,1,1,2.0
201600057344,0016-08-30 08:30:00,16,8,30,8,30,750,112,ECHANGEUR BERCY,48.8268,2.39215,Plein jour,En agglomération,Hors intersection,Normale,Autre collision,,,,,,,,,,,1,2,1,1,6.0
201600057345,0016-08-30 13:30:00,16,8,30,13,30,750,116,PORTE DE SAINT CLOUD,48.835,2.2638,Plein jour,En agglomération,Hors intersection,Normale,Trois véhicules et plus - en chaîne,,,,,,,,,,,1,2,1,1,4.0
201600057346,0016-08-30 16:05:00,16,8,30,16,5,750,112,ECHANGEUR BERCY,48.8285,2.39773,Plein jour,En agglomération,Hors intersection,Normale,Trois véhicules et plus - en chaîne,,,,,,,,,,,1,2,1,1,4.0
201600057347,0016-08-31 13:25:00,16,8,31,13,25,750,115,PORTE DE LA PLAINE,48.8287,2.28953,Plein jour,En agglomération,Hors intersection,Normale,Trois véhicules et plus - en chaîne,,,,,,,,,,,1,2,1,1,4.0
201600057348,0016-08-31 18:00:00,16,8,31,18,0,750,114,PORTE D ORLEANS,48.8209,2.32147,Plein jour,En agglomération,Hors intersection,Normale,Trois véhicules et plus - en chaîne,,,,,,,,,,,1,2,1,1,4.0
201600057349,0016-09-01 14:35:00,16,9,1,14,35,750,112,PORTE DE VINCENNES,48.8416,2.41376,Plein jour,En agglomération,Hors intersection,Normale,Trois véhicules et plus - en chaîne,,,,,,,,,,,1,2,1,1,4.0
201600057350,0016-09-01 17:00:00,16,9,1,17,0,750,118,PORTE DE SAINT OUEN,48.9006,2.33214,Plein jour,En agglomération,Hors intersection,Normale,Autre collision,,,,,,,,,,,1,2,1,1,6.0
201600057351,0016-09-02 07:40:00,16,9,2,7,40,750,119,PORTE DE LA VILLETTE,48.9006,2.38835,Plein jour,En agglomération,Hors intersection,Normale,Deux véhicules - côté,,,,,,,,,,,1,2,1,1,3.0
201600057352,0016-09-02 10:55:00,16,9,2,10,55,750,112,PORTE DE CHARENTON,48.8292,2.40049,Plein jour,En agglomération,Hors intersection,Normale,Trois véhicules et plus - en chaîne,,,,,,,,,,,1,2,1,1,4.0
201600057353,0016-09-02 13:45:00,16,9,2,13,45,750,116,PORTE DE SAINT CLOUD,48.8398,2.25409,Plein jour,En agglomération,Hors intersection,Normale,Trois véhicules et plus - en chaîne,,,,,,,,,,,1,2,1,1,4.0
201600057354,0016-09-03 14:50:00,16,9,3,14,50,750,112,PORTE DE CHARENTON,48.8285,2.39773,Plein jour,En agglomération,Hors intersection,Normale,Deux véhicules - arrière,,,,,,,,,,,1,2,1,1,2.0
201600057355,0016-09-04 21:00:00,16,9,4,21,0,750,120,PORTE DE VINCENNES,48.8497,2.415,Nuit avec éclairage non allumé,En agglomération,Hors intersection,Normale,Deux véhicules - arrière,,,,,,,,,,,4,2,1,1,2.0
201600057356,0016-09-06 14:40:00,16,9,6,14,40,750,117,PORTE DE SAINT OUEN,48.9005,2.32531,Plein jour,En agglomération,Hors intersection,Normale,Sans collision,,,,,,,,,,,1,2,1,1,7.0