accident_id,datetime,annee,mois,jour,heure,minute,departement,commune_insee,adresse,latitude,longitude,luminosite,agglomeration,intersection,meteo,collision,nb_vehicules,nb_usagers,nb_indemnes,nb_tues,nb_blesses_hosp,nb_blesses_legers,age_cond_1,age_cond_2,veh_type_cond_1,veh_type_cond_2,lum_code,agg_code,int_code,atm_code,col_code
201600057478,0016-11-26 08:15:00,16,11,26,8,15,750,112,PORTE DOREE,48.839,2.41327,Nuit avec éclairage allumé,En agglomération,Hors intersection,Normale,Deux véhicules - côté,,,,,,,,,,,5,2,1,1,3.0
201600057479,0016-11-26 18:45:00,16,11,26,18,45,750,119,PORTE DE PANTIN,48.8859,2.39752,Nuit avec éclairage allumé,En agglomération,Intersection en Y,Normale,Trois véhicules et plus - en chaîne,,,,,,,,,,,5,2,4,1,4.0
201600057480,0016-11-29 09:10:00,16,11,29,9,10,750,113,PORTE D IVRY,48.8187,2.37086,Plein jour,En agglomération,Intersection en Y,Normale,Deux véhicules - côté,,,,,,,,,,,1,2,4,1,3.0
201600057481,0016-11-29 12:05:00,16,11,29,12,5,750,120,PORTE DE BAGNOLET,48.8675,2.41321,Plein jour,En agglomération,Hors intersection,Normale,Trois véhicules et plus - en chaîne,,,,,,,,,,,1,2,1,1,4.0
201600057482,0016-11-30 09:00:00,16,11,30,9,0,750,114,PORTE D ORLEANS,48.8205,2.32403,Plein jour,En agglomération,Hors intersection,Normale,Trois véhicules et plus - en chaîne,,,,,,,,,,,1,2,1,1,4.0
201600057483,0016-11-30 07:10:00,16,11,30,7,10,750,118,PORTE DE CLIGNANCOURT,48.9009,2.3444,Nuit avec éclairage allumé,En agglomération,Hors intersection,Normale,Deux véhicules - côté,,,,,,,,,,,5,2,1,1,3.0
201600057484,0016-11-30 15:55:00,16,11,30,15,55,750,112,ECHANGEUR BERCY,48.8285,2.39802,Plein jour,En agglomération,Hors intersection,Normale,Deux véhicules - côté,,,,,,,,,,,1,2,1,1,3.0
201600057485,0016-12-01 14:00:00,16,12,1,14,0,750,117,PORTE MAILLOT,48.8835,2.28464,Nuit avec éclairage allumé,En agglomération,Hors intersection,Normale,Deux véhicules - côté,,,,,,,,,,,5,2,1,1,3.0
201600057486,0016-12-01 15:45:00,16,12,1,15,45,750,115,PORTE BRANCION,48.8265,2.29697,Plein jour,En agglomération,Hors intersection,Normale,Deux véhicules - côté,,,,,,,,,,,1,2,1,1,3.0
201600057487,0016-12-02 09:00:00,16,12,2,9,0,750,112,ECHANGEUR BERCY,48.8268,2.39061,Plein jour,En agglomération,Intersection en Y,Normale,Deux véhicules - côté,,,,,,,,,,,1,2,4,1,3.0
201600057488,0016-12-03 09:30:00,16,12,3,9,30,750,120,PORTE DE MONTREUIL,48.854,2.41413,Plein jour,En agglomération,Hors intersection,Normale,Trois véhicules et plus - en chaîne,,,,,,,,,,,1,2,1,1,4.0
201600057489,0016-12-05 17:30:00,16,12,5,17,30,750,118,PORTE DE CLIGNANCOURT,48.901,2.34986,Nuit avec éclairage allumé,En agglomération,Hors intersection,Normale,Deux véhicules - côté,,,,,,,,,,,5,2,1,1,3.0
201600057490,0016-12-05 19:20:00,16,12,5,19,20,750,117,PORTE MAILLOT,48.8835,2.28464,Plein jour,En agglomération,Hors intersection,Normale,Deux véhicules - côté,,,,,,,,,,,1,2,1,1,3.0
201600057491,0016-12-06 07:31:00,16,12,6,7,31,750,114,PORTE DE GENTILLY,48.8166,2.34304,Nuit avec éclairage allumé,En agglomération,Hors intersection,Normale,Deux véhicules - côté,,,,,,,,,,,5,2,1,1,3.0
201600057492,0016-12-08 15:45:00,16,12,8,15,45,750,112,PORTE DOREE,48.8381,2.4128,Plein jour,En agglomération,Hors intersection,Normale,Deux véhicules - côté,,,,,,,,,,,1,2,1,1,3.0
201600057493,0016-12-08 23:10:00,16,12,8,23,10,750,119,BOULEVARD PERIPHERIQUE I,48.9002,2.37706,Nuit avec éclairage allumé,En agglomération,Hors intersection,Normale,Deux véhicules - arrière,,,,,,,,,,,5,2,1,1,2.0
201600057494,0016-12-09 07:30:00,16,12,9,7,30,750,114,PORTE D ORLEANS,48.8196,2.32808,Crépuscule ou aube,En agglomération,Intersection en Y,Normale,Trois véhicules et plus - en chaîne,,,,,,,,,,,2,2,4,1,4.0
201600057495,0016-12-09 17:15:00,16,12,9,17,15,750,113,QUAI D IVRY,48.8258,2.38645,Nuit avec éclairage allumé,En agglomération,Hors intersection,Normale,Deux véhicules - côté,,,,,,,,,,,5,2,1,1,3.0
201600057496,0016-12-09 20:20:00,16,12,9,20,20,750,118,PORTE DE CLIGNANCOURT,48.901,2.34758,Nuit avec éclairage allumé,En agglomération,Intersection en Y,Normale,Deux véhicules - côté,,,,,,,,,,,5,2,4,1,3.0
201600057497,0016-12-10 13:00:00,16,12,10,13,0,750,118,PORTE D AUBERVILLIERS,48.9009,2.36524,Plein jour,En agglomération,Hors intersection,Normale,Autre collision,,,,,,,,,,,1,2,1,1,6.0
201600057498,0016-12-10 18:50:00,16,12,10,18,50,750,118,PORTE DE LA CHAPELLE,48.9012,2.35298,Nuit avec éclairage allumé,En agglomération,Hors intersection,Normale,Deux véhicules - arrière,,,,,,,,,,,5,2,1,1,2.0
201600057499,0016-12-12 19:40:00,16,12,12,19,40,750,112,ECHANGEUR BERCY,48.8269,2.39079,Nuit avec éclairage allumé,En agglomération,Hors intersection,Pluie légère,Deux véhicules - frontale,,,,,,,,,,,5,2,1,2,1.0
201600057500,0016-12-12 20:45:00,16,12,12,20,45,750,119,PORTE D AUBERVILLIERS,48.9008,2.37205,Nuit avec éclairage allumé,En agglomération,Hors intersection,Pluie légère,Sans collision,,,,,,,,,,,5,2,1,2,7.0
201600057501,0016-12-13 08:20:00,16,12,13,8,20,750,112,PORTE DOREE,48.8381,2.4128,Plein jour,En agglomération,Hors intersection,Pluie légère,Deux véhicules - côté,,,,,,,,,,,1,2,1,2,3.0
201600057502,0016-12-13 17:20:00,16,12,13,17,20,750,118,PORTE D AUBERVILLIERS,48.9009,2.33935,Plein jour,En agglomération,Hors intersection,Normale,Deux véhicules - arrière,,,,,,,,,,,1,2,1,1,2.0
201600057503,0016-12-13 18:15:00,16,12,13,18,15,750,113,PORTE D ITALIE,48.8179,2.3683,Nuit avec éclairage allumé,En agglomération,Hors intersection,Normale,Deux véhicules - côté,,,,,,,,,,,5,2,1,1,3.0
201600057504,0016-12-14 01:40:00,16,12,14,1,40,750,113,BOULEVARD PERIPHERIQUE I,48.8167,2.36471,Nuit avec éclairage allumé,En agglomération,Hors intersection,Normale,Autre collision,,,,,,,,,,,5,2,1,1,6.0
201600057505,0016-12-14 18:50:00,16,12,14,18,50,750,116,PORTE DAUPHINE,48.8674,2.2691,Plein jour,En agglomération,Hors intersection,Normale,Deux véhicules - côté,,,,,,,,,,,1,2,1,1,3.0
201600057506,0016-12-19 11:35:00,16,12,19,11,35,750,114,PORTE DE CHATILLON,48.8218,2.31755,Plein jour,En agglomération,Hors intersection,Normale,Trois véhicules et plus - en chaîne,,,,,,,,,,,1,2,1,1,4.0
201600057507,0016-12-20 01:00:00,16,12,20,1,0,750,116,PORTE D AUTEUIL,48.854,2.25376,Nuit avec éclairage allumé,En agglomération,Hors intersection,Normale,Deux véhicules - arrière,,,,,,,,,,,5,2,1,1,2.0
201600057508,0016-12-20 17:00:00,16,12,20,17,0,750,117,PORTE DE CLICHY,48.8986,2.31541,Nuit avec éclairage allumé,En agglomération,Hors intersection,Normale,Deux véhicules - côté,,,,,,,,,,,5,2,1,1,3.0
201600057509,0016-12-21 10:20:00,16,12,21,10,20,750,117,PORTE D ASNIERES,48.8916,2.30075,Plein jour,En agglomération,Hors intersection,Normale,Trois véhicules et plus - en chaîne,,,,,,,,,,,1,2,1,1,4.0
201600057510,0016-12-21 13:20:00,16,12,21,13,20,750,116,PORTE D AUTEUIL,48.8548,2.25537,Plein jour,En agglomération,Hors intersection,Normale,Deux véhicules - arrière,,,,,,,,,,,1,2,1,1,2.0
201600057511,0016-12-22 09:30:00,16,12,22,9,30,750,114,PORTE DE GENTILLY,48.8168,2.33761,Plein jour,En agglomération,Hors intersection,Pluie légère,Trois véhicules et plus - en chaîne,,,,,,,,,,,1,2,1,2,4.0
201600057512,0016-12-22 13:00:00,16,12,22,13,0,750,116,PORTE DAUPHINE,48.8685,2.27026,Plein jour,En agglomération,Hors intersection,Temps couvert,Deux véhicules - arrière,,,,,,,,,,,1,2,1,8,2.0
201600057513,0016-12-24 19:10:00,16,12,24,19,10,750,119,PORTE DES LILAS,48.8838,2.3996,Nuit avec éclairage allumé,En agglomération,Hors intersection,Normale,Trois véhicules et plus - en chaîne,,,,,,,,,,,5,2,1,1,4.0
201600057514,0016-12-24 05:25:00,16,12,24,5,25,750,120,ECHANGEUR BAGNOLET,48.8622,2.41403,Nuit avec éclairage non allumé,En agglomération,Hors intersection,Normale,Autre collision,,,,,,,,,,,4,2,1,1,6.0
201600057515,0016-12-26 00:30:00,16,12,26,0,30,750,117,ECHANGEUR MAILLOT,48.8807,2.28233,Nuit avec éclairage allumé,En agglomération,Hors intersection,Normale,Trois véhicules et plus - en chaîne,,,,,,,,,,,5,2,1,1,4.0
201600057516,0016-12-26 12:20:00,16,12,26,12,20,750,118,ECHANGEUR CHAPELLE,48.9004,2.36159,Plein jour,En agglomération,Hors intersection,Pluie légère,Sans collision,,,,,,,,,,,1,2,1,2,7.0
201600057517,0016-12-27 16:00:00,16,12,27,16,0,750,117,PORTE DE CHAMPERRET,48.8878,2.29157,Plein jour,En agglomération,Hors intersection,Normale,Deux véhicules - côté,,,,,,,,,,,1,2,1,1,3.0
201600057518,0016-12-27 18:20:00,16,12,27,18,20,750,113,PORTE D ITALIE,48.8179,2.35336,Nuit avec éclairage allumé,En agglomération,Hors intersection,Normale,Deux véhicules - côté,,,,,,,,,,,5,2,1,1,3.0
201600057519,0016-12-28 19:30:00,16,12,28,19,30,750,120,PORTE DE MONTREUIL,48.8585,2.41411,Plein jour,En agglomération,Hors intersection,Normale,Sans collision,,,,,,,,,,,1,2,1,1,7.0
201600057520,0016-12-28 18:00:00,16,12,28,18,0,750,112,ECHANGEUR BERCY,48.828,2.39515,Nuit avec éclairage allumé,En agglomération,Hors intersection,Normale,Deux véhicules - arrière,,,,,,,,,,,5,2,1,1,2.0
201600057521,0016-12-29 17:45:00,16,12,29,17,45,750,120,PORTE DE BAGNOLET,48.8711,2.4131,Plein jour,En agglomération,Hors intersection,Normale,Deux véhicules - arrière,,,,,,,,,,,1,2,1,1,2.0
201600057522,0016-12-30 14:50:00,16,12,30,14,50,750,120,PORTE DE MONTREUIL,48.8585,2.41411,Plein jour,En agglomération,Hors intersection,Normale,Autre collision,,,,,,,,,,,1,2,1,1,6.0
201600057523,0016-02-17 15:45:00,16,2,17,15,45,972,229,louis Moreau Goltshalk,,,Plein jour,En agglomération,Hors intersection,Pluie légère,Deux véhicules - côté,,,,,,,,,,,1,2,1,2,3.0
201600057524,0016-03-27 19:45:00,16,3,27,19,45,972,234,,,,Nuit avec éclairage allumé,Hors agglomération,Hors intersection,Pluie légère,Autre collision,,,,,,,,,,,5,1,1,2,6.0
201600057525,0016-04-04 17:15:00,16,4,4,17,15,972,229,Avenue Felix Eboué,,,Plein jour,En agglomération,Intersection en T,Normale,Deux véhicules - côté,,,,,,,,,,,1,2,3,1,3.0
201600057526,0016-01-23 06:45:00,16,1,23,6,45,972,224,,,,Plein jour,Hors agglomération,Hors intersection,Normale,Autre collision,,,,,,,,,,,1,1,1,1,6.0
201600057527,0016-02-10 11:45:00,16,2,10,11,45,972,224,,,,Plein jour,Hors agglomération,Hors intersection,Normale,Deux véhicules - frontale,,,,,,,,,,,1,1,1,1,1.0
201600057528,0016-07-10 05:15:00,16,7,10,5,15,972,224,grosse goutiere,,,Crépuscule ou aube,En agglomération,Hors intersection,Normale,Autre collision,,,,,,,,,,,2,2,1,1,6.0
201600057529,0016-10-23 19:00:00,16,10,23,19,0,972,224,RIVIERE L'OR,,,Nuit avec éclairage allumé,En agglomération,Hors intersection,Pluie forte,Deux véhicules - frontale,,,,,,,,,,,5,2,1,3,1.0
201600057530,0016-12-16 16:15:00,16,12,16,16,15,972,224,,,,Plein jour,Hors agglomération,Hors intersection,Normale,Autre collision,,,,,,,,,,,1,1,1,1,6.0
201600057531,0016-03-07 13:00:00,16,3,7,13,0,972,218,Rue Nazareth,,,Plein jour,En agglomération,Hors intersection,Normale,Autre collision,,,,,,,,,,,1,2,1,1,6.0
201600057532,0016-03-25 22:45:00,16,3,25,22,45,972,225,RD 10 La Galère,,,Nuit avec éclairage allumé,En agglomération,Hors intersection,Normale,Sans collision,,,,,,,,,,,5,2,1,1,7.0
201600057533,0016-06-15 10:45:00,16,6,15,10,45,972,225,,,,Plein jour,Hors agglomération,Hors intersection,Normale,Sans collision,,,,,,,,,,,1,1,1,1,7.0
201600057534,0016-08-07 09:15:00,16,8,7,9,15,972,204,rue de la découverte,,,Plein jour,En agglomération,Hors intersection,Normale,Deux véhicules - frontale,,,,,,,,,,,1,2,1,1,1.0
201600057535,0016-08-18 16:30:00,16,8,18,16,30,972,225,RN2 quartier trois ponts,,,Plein jour,En agglomération,Hors intersection,Normale,Deux véhicules - frontale,,,,,,,,,,,1,2,1,1,1.0
201600057536,0016-09-25 17:00:00,16,9,25,17,0,972,218,Rue Edgard Nestoret,,,Plein jour,En agglomération,Hors intersection,Normale,Deux véhicules - frontale,,,,,,,,,,,1,2,1,1,1.0
201600057537,0016-11-21 14:45:00,16,11,21,14,45,972,218,rue Edgard Nestoré,,,Plein jour,En agglomération,Hors intersection,Normale,Autre collision,,,,,,,,,,,1,2,1,1,6.0
201600057538,0016-12-13 18:15:00,16,12,13,18,15,972,204,"RD20, route de lajus",,,Nuit sans éclairage public,En agglomération,Hors intersection,Pluie légère,Deux véhicules - frontale,,,,,,,,,,,3,2,1,2,1.0
201600057539,0016-12-19 12:00:00,16,12,19,12,0,972,204,RN2,,,Plein jour,En agglomération,Hors intersection,Normale,Deux véhicules - côté,,,,,,,,,,,1,2,1,1,3.0
201600057540,0016-01-06 10:30:00,16,1,6,10,30,972,232,,,,Plein jour,Hors agglomération,Hors intersection,Normale,Deux véhicules - arrière,,,,,,,,,,,1,1,1,1,2.0
201600057541,0016-02-06 18:45:00,16,2,6,18,45,972,210,bd du soleil levant,,,Nuit sans éclairage public,En agglomération,Hors intersection,Normale,Deux véhicules - frontale,,,,,,,,,,,3,2,1,1,1.0
201600057542,0016-02-20 15:45:00,16,2,20,15,45,972,232,rue jean jaures,,,Plein jour,En agglomération,Hors intersection,Normale,Deux véhicules - côté,,,,,,,,,,,1,2,1,1,3.0
201600057543,0016-04-27 11:15:00,16,4,27,11,15,972,232,,,,Plein jour,Hors agglomération,Hors intersection,Normale,Deux véhicules - frontale,,,,,,,,,,,1,1,1,1,1.0
201600057544,0016-11-11 08:45:00,16,11,11,8,45,972,210,,,,Plein jour,Hors agglomération,Hors intersection,Normale,Deux véhicules - frontale,,,,,,,,,,,1,1,1,1,1.0
201600057545,0016-11-12 18:30:00,16,11,12,18,30,972,210,,,,Nuit sans éclairage public,Hors agglomération,Hors intersection,Normale,Deux véhicules - frontale,,,,,,,,,,,3,1,1,1,1.0
201600057546,0016-01-02 08:45:00,16,1,2,8,45,972,207,,,,Plein jour,Hors agglomération,Hors intersection,Normale,Deux véhicules - arrière,,,,,,,,,,,1,1,1,1,2.0
201600057547,0016-01-16 03:30:00,16,1,16,3,30,972,207,,,,Nuit sans éclairage public,Hors agglomération,Hors intersection,Pluie forte,Autre collision,,,,,,,,,,,3,1,1,3,6.0
201600057548,0016-02-28 17:15:00,16,2,28,17,15,972,207,,,,Plein jour,Hors agglomération,Hors intersection,Normale,Trois véhicules et plus - collisions multiples,,,,,,,,,,,1,1,1,1,5.0
201600057549,0016-04-26 12:30:00,16,4,26,12,30,972,223,,,,Plein jour,Hors agglomération,Hors intersection,Normale,Deux véhicules - côté,,,,,,,,,,,1,1,1,1,3.0
201600057550,0016-12-30 10:30:00,16,12,30,10,30,972,223,,,,Plein jour,Hors agglomération,Hors intersection,Normale,Sans collision,,,,,,,,,,,1,1,1,1,7.0
201600057551,0016-05-14 05:30:00,16,5,14,5,30,972,232,,,,Plein jour,Hors agglomération,Hors intersection,Normale,Deux véhicules - frontale,,,,,,,,,,,1,1,1,1,1.0
201600057552,0016-08-26 14:00:00,16,8,26,14,0,972,232,,,,Plein jour,Hors agglomération,Hors intersection,Normale,Deux véhicules - frontale,,,,,,,,,,,1,1,1,1,1.0
201600057553,0016-11-10 13:30:00,16,11,10,13,30,972,210,,,,Plein jour,Hors agglomération,Hors intersection,Normale,Trois véhicules et plus - collisions multiples,,,,,,,,,,,1,1,1,1,5.0
201600057554,0016-01-22 16:30:00,16,1,22,16,30,972,217,,,,Plein jour,Hors agglomération,Hors intersection,Normale,Autre collision,,,,,,,,,,,1,1,1,1,6.0
201600057555,0016-01-30 19:00:00,16,1,30,19,0,972,227,,,,Nuit sans éclairage public,Hors agglomération,Hors intersection,Normale,Autre collision,,,,,,,,,,,3,1,1,1,6.0
201600057556,0016-03-04 15:30:00,16,3,4,15,30,972,217,,,,Plein jour,En agglomération,Intersection en T,Normale,Trois véhicules et plus - en chaîne,,,,,,,,,,,1,2,3,1,4.0
201600057557,0016-05-29 21:45:00,16,5,29,21,45,972,217,ROND POINT MONGERALD,,,Nuit avec éclairage allumé,En agglomération,Giratoire,Normale,Autre collision,,,,,,,,,,,5,2,6,1,6.0
201600057558,0016-06-05 20:00:00,16,6,5,20,0,972,227,,,,Nuit sans éclairage public,Hors agglomération,Hors intersection,Normale,Sans collision,,,,,,,,,,,3,1,1,1,7.0
201600057559,0016-06-05 10:15:00,16,6,5,10,15,972,227,,,,Plein jour,Hors agglomération,Hors intersection,Normale,Autre collision,,,,,,,,,,,1,1,1,1,6.0
201600057560,0016-06-29 15:45:00,16,6,29,15,45,972,217,,,,Plein jour,Hors agglomération,Hors intersection,Normale,Sans collision,,,,,,,,,,,1,1,1,1,7.0
201600057561,0016-07-08 13:30:00,16,7,8,13,30,972,220,,,,Plein jour,Hors agglomération,Hors intersection,Normale,Deux véhicules - frontale,,,,,,,,,,,1,1,1,1,1.0
201600057562,0016-07-30 00:45:00,16,7,30,0,45,972,227,,,,Nuit sans éclairage public,Hors agglomération,Hors intersection,Normale,Deux véhicules - arrière,,,,,,,,,,,3,1,1,1,2.0
201600057563,0016-08-07 08:30:00,16,8,7,8,30,972,217,,,,Plein jour,Hors agglomération,Hors intersection,Normale,Autre collision,,,,,,,,,,,1,1,1,1,6.0
201600057564,0016-08-08 01:30:00,16,8,8,1,30,972,227,,,,Nuit sans éclairage public,Hors agglomération,Hors intersection,Normale,Deux véhicules - frontale,,,,,,,,,,,3,1,1,1,1.0
201600057565,0016-10-11 13:45:00,16,10,11,13,45,972,227,,,,Plein jour,Hors agglomération,Hors intersection,Normale,Deux véhicules - frontale,,,,,,,,,,,1,1,1,1,1.0
201600057566,0016-12-03 02:45:00,16,12,3,2,45,972,226,,,,Nuit avec éclairage non allumé,Hors agglomération,Hors intersection,Normale,Deux véhicules - frontale,,,,,,,,,,,4,1,1,1,1.0
201600057567,0016-12-10 16:30:00,16,12,10,16,30,972,220,,,,Plein jour,Hors agglomération,Hors intersection,Normale,Autre collision,,,,,,,,,,,1,1,1,1,6.0
201600057568,0016-09-09 06:30:00,16,9,9,6,30,972,231,CD 7 - PK 6,,,Crépuscule ou aube,En agglomération,Hors intersection,Normale,Autre collision,,,,,,,,,,,2,2,1,1,6.0
201600057569,0016-12-28 14:15:00,16,12,28,14,15,972,230,,,,Plein jour,Hors agglomération,Giratoire,Normale,Sans collision,,,,,,,,,,,1,1,6,1,7.0
201600057570,0016-02-05 09:15:00,16,2,5,9,15,972,230,,,,Plein jour,Hors agglomération,Hors intersection,Normale,Autre collision,,,,,,,,,,,1,1,1,1,6.0
201600057571,0016-02-14 17:00:00,16,2,14,17,0,972,230,,,,Plein jour,Hors agglomération,Hors intersection,Normale,Deux véhicules - frontale,,,,,,,,,,,1,1,1,1,1.0
201600057572,0016-06-14 19:30:00,16,6,14,19,30,972,230,72 Rue J.Lagrosillière,,,Nuit avec éclairage non allumé,En agglomération,Hors intersection,Normale,Deux véhicules - côté,,,,,,,,,,,4,2,1,1,3.0
201600057573,0016-12-07 18:30:00,16,12,7,18,30,972,230,,,,Nuit sans éclairage public,Hors agglomération,Hors intersection,Pluie légère,Trois véhicules et plus - collisions multiples,,,,,,,,,,,3,1,1,2,5.0
201600057574,0016-01-30 18:00:00,16,1,30,18,0,972,222,quartier four a chaux,,,Plein jour,En agglomération,Hors intersection,Normale,Deux véhicules - côté,,,,,,,,,,,1,2,1,1,3.0
201600057575,0016-08-21 17:00:00,16,8,21,17,0,972,222,chère épice,,,Plein jour,En agglomération,Hors intersection,Normale,Deux véhicules - côté,,,,,,,,,,,1,2,1,1,3.0
201600057576,0016-09-04 20:30:00,16,9,4,20,30,972,222,,,,Nuit sans éclairage public,Hors agglomération,Hors intersection,Normale,Deux véhicules - frontale,,,,,,,,,,,3,1,1,1,1.0
201600057577,0016-09-09 19:00:00,16,9,9,19,0,972,222,,,,Nuit sans éclairage public,Hors agglomération,Intersection en T,Normale,Autre collision,,,,,,,,,,,3,1,3,1,6.0
201600057578,0016-08-28 09:30:00,16,8,28,9,30,972,212,chemin STEPHEN FELIXINE,,,Plein jour,En agglomération,Hors intersection,Normale,Deux véhicules - côté,,,,,,,,,,,1,2,1,1,3.0
201600057579,0016-11-17 07:45:00,16,11,17,7,45,972,222,,,,Plein jour,Hors agglomération,Hors intersection,Normale,Deux véhicules - arrière,,,,,,,,,,,1,1,1,1,2.0
201600057580,0016-12-16 15:45:00,16,12,16,15,45,972,212,,,,Plein jour,Hors agglomération,Hors intersection,Temps couvert,Deux véhicules - frontale,,,,,,,,,,,1,1,1,8,1.0
201600057581,0016-12-21 12:00:00,16,12,21,12,0,972,222,rue courbaril,,,Plein jour,En agglomération,Hors intersection,Normale,Deux véhicules - côté,,,,,,,,,,,1,2,1,1,3.0
201600057582,0016-01-03 18:45:00,16,1,3,18,45,972,228,,,,Nuit sans éclairage public,Hors agglomération,Hors intersection,Normale,Autre collision,,,,,,,,,,,3,1,1,1,6.0
201600057583,0016-01-29 17:00:00,16,1,29,17,0,972,228,,,,Plein jour,Hors agglomération,Hors intersection,Normale,Deux véhicules - frontale,,,,,,,,,,,1,1,1,1,1.0
201600057584,0016-08-08 05:15:00,16,8,8,5,15,972,228,,,,Crépuscule ou aube,Hors agglomération,Hors intersection,Normale,Autre collision,,,,,,,,,,,2,1,1,1,6.0
201600057585,0016-08-28 18:45:00,16,8,28,18,45,972,228,,,,Nuit sans éclairage public,Hors agglomération,Hors intersection,Normale,Trois véhicules et plus - collisions multiples,,,,,,,,,,,3,1,1,1,5.0
201600057586,0016-10-18 08:40:00,16,10,18,8,40,972,228,,,,Plein jour,Hors agglomération,Hors intersection,Normale,Autre collision,,,,,,,,,,,1,1,1,1,6.0
201600057587,0016-02-13 08:00:00,16,2,13,8,0,971,104,AVENUE DU PERE LABAT,,,Plein jour,En agglomération,Hors intersection,Normale,Autre collision,,,,,,,,,,,1,2,1,1,6.0
201600057588,0016-03-12 18:15:00,16,3,12,18,15,971,104,route de cadet,,,Nuit avec éclairage allumé,En agglomération,Hors intersection,Normale,Autre collision,,,,,,,,,,,5,2,1,1,6.0
201600057589,0016-04-30 09:15:00,16,4,30,9,15,971,104,avenue des pères blancs,,,Plein jour,En agglomération,Hors intersection,Normale,Deux véhicules - arrière,,,,,,,,,,,1,2,1,1,2.0
201600057590,0016-05-09 07:15:00,16,5,9,7,15,971,124,,,,Plein jour,Hors agglomération,Hors intersection,Normale,Deux véhicules - frontale,,,,,,,,,,,1,1,1,1,1.0
201600057591,0016-07-05 08:30:00,16,7,5,8,30,971,124,RN3 virage de st phy,,,Plein jour,En agglomération,Hors intersection,Pluie forte,Sans collision,,,,,,,,,,,1,2,1,3,7.0
201600057592,0016-07-14 20:00:00,16,7,14,20,0,971,104,rue de l'église,,,Nuit sans éclairage public,En agglomération,Hors intersection,Normale,Sans collision,,,,,,,,,,,3,2,1,1,7.0
201600057593,0016-10-20 11:00:00,16,10,20,11,0,971,104,,,,Plein jour,Hors agglomération,Hors intersection,Temps couvert,Deux véhicules - arrière,,,,,,,,,,,1,1,1,8,2.0
201600057594,0016-10-24 08:00:00,16,10,24,8,0,971,124,,,,Plein jour,En agglomération,Hors intersection,Pluie forte,Deux véhicules - côté,,,,,,,,,,,1,2,1,3,3.0
201600057595,0016-10-31 20:15:00,16,10,31,20,15,971,124,rue des poiriers,,,Nuit sans éclairage public,En agglomération,Hors intersection,Normale,Sans collision,,,,,,,,,,,3,2,1,1,7.0
201600057596,0016-11-06 11:00:00,16,11,6,11,0,971,104,482 chemin Jude-Plessis,,,Plein jour,En agglomération,Hors intersection,Normale,Autre collision,,,,,,,,,,,1,2,1,1,6.0
201600057597,0016-11-18 14:45:00,16,11,18,14,45,971,104,,,,Plein jour,Hors agglomération,Hors intersection,Normale,Deux véhicules - frontale,,,,,,,,,,,1,1,1,1,1.0
201600057598,0016-03-16 09:30:00,16,3,16,9,30,971,134,,,,Plein jour,Hors agglomération,Hors intersection,Pluie légère,Deux véhicules - frontale,,,,,,,,,,,1,1,1,2,1.0
201600057599,0016-03-30 07:30:00,16,3,30,7,30,971,134,,,,Plein jour,Hors agglomération,Hors intersection,Normale,Deux véhicules - frontale,,,,,,,,,,,1,1,1,1,1.0
201600057600,0016-04-16 17:15:00,16,4,16,17,15,971,134,,,,Plein jour,En agglomération,Hors intersection,Normale,Deux véhicules - frontale,,,,,,,,,,,1,2,1,1,1.0
201600057601,0016-07-03 02:15:00,16,7,3,2,15,971,134,,,,Nuit sans éclairage public,Hors agglomération,Hors intersection,Pluie légère,Deux véhicules - frontale,,,,,,,,,,,3,1,1,2,1.0
201600057602,0016-10-23 21:00:00,16,10,23,21,0,971,134,,,,Nuit sans éclairage public,Hors agglomération,Hors intersection,Normale,Autre collision,,,,,,,,,,,3,1,1,1,6.0
201600057603,0016-12-15 19:00:00,16,12,15,19,0,971,106,,,,Nuit avec éclairage allumé,Hors agglomération,Hors intersection,Normale,Deux véhicules - frontale,,,,,,,,,,,5,1,1,1,1.0
201600057604,0016-01-13 16:30:00,16,1,13,16,30,971,106,,,,Crépuscule ou aube,Hors agglomération,Hors intersection,Normale,Autre collision,,,,,,,,,,,2,1,1,1,6.0
201600057605,0016-01-16 10:15:00,16,1,16,10,15,971,106,loquet,,,Plein jour,En agglomération,Hors intersection,Normale,Trois véhicules et plus - collisions multiples,,,,,,,,,,,1,2,1,1,5.0
201600057606,0016-03-26 17:30:00,16,3,26,17,30,971,121,,,,Plein jour,Hors agglomération,Hors intersection,Normale,Deux véhicules - côté,,,,,,,,,,,1,1,1,1,3.0
201600057607,0016-11-30 10:30:00,16,11,30,10,30,971,121,,,,Plein jour,Hors agglomération,Hors intersection,Normale,Deux véhicules - frontale,,,,,,,,,,,1,1,1,1,1.0
201600057608,0016-04-24 00:15:00,16,4,24,0,15,971,111,,,,Nuit sans éclairage public,Hors agglomération,Hors intersection,Normale,Autre collision,,,,,,,,,,,3,1,1,1,6.0
201600057609,0016-08-14 13:45:00,16,8,14,13,45,971,111,,,,Plein jour,Hors agglomération,Hors intersection,Pluie forte,Autre collision,,,,,,,,,,,1,1,1,3,6.0