accident_id,datetime,annee,mois,jour,heure,minute,departement,commune_insee,adresse,latitude,longitude,luminosite,agglomeration,intersection,meteo,collision,nb_vehicules,nb_usagers,nb_indemnes,nb_tues,nb_blesses_hosp,nb_blesses_legers,age_cond_1,age_cond_2,veh_type_cond_1,veh_type_cond_2,lum_code,agg_code,int_code,atm_code,col_code
201600057751,0016-01-13 13:15:00,16,1,13,13,15,973,304,avenue de pariacabo,,,Nuit avec éclairage allumé,En agglomération,Hors intersection,Normale,Deux véhicules - côté,,,,,,,,,,,5,2,1,1,3.0
201600057752,0016-02-05 15:30:00,16,2,5,15,30,973,304,,,,Plein jour,Hors agglomération,Hors intersection,Normale,Deux véhicules - côté,,,,,,,,,,,1,1,1,1,3.0
201600057753,0016-02-05 11:00:00,16,2,5,11,0,973,304,RUE DES CAVALIERS,,,Plein jour,En agglomération,Intersection en X,Normale,Autre collision,,,,,,,,,,,1,2,2,1,6.0
201600057754,0016-02-25 14:15:00,16,2,25,14,15,973,304,,,,Plein jour,Hors agglomération,Hors intersection,Normale,Deux véhicules - côté,,,,,,,,,,,1,1,1,1,3.0
201600057755,0016-03-04 16:45:00,16,3,4,16,45,973,304,,,,Plein jour,Hors agglomération,Hors intersection,Normale,Deux véhicules - arrière,,,,,,,,,,,1,1,1,1,2.0
201600057756,0016-03-10 16:30:00,16,3,10,16,30,973,304,,,,Plein jour,En agglomération,Intersection en X,Normale,Deux véhicules - frontale,,,,,,,,,,,1,2,2,1,1.0
201600057757,0016-03-23 07:45:00,16,3,23,7,45,973,304,11 AVENUE DE FRANCE,,,Plein jour,En agglomération,Intersection en T,Normale,Deux véhicules - côté,,,,,,,,,,,1,2,3,1,3.0
201600057758,0016-04-20 07:00:00,16,4,20,7,0,973,304,,,,Plein jour,Hors agglomération,Hors intersection,Normale,Deux véhicules - frontale,,,,,,,,,,,1,1,1,1,1.0
201600057759,0016-04-30 19:00:00,16,4,30,19,0,973,304,,,,Crépuscule ou aube,Hors agglomération,Hors intersection,Normale,Deux véhicules - côté,,,,,,,,,,,2,1,1,1,3.0
201600057760,0016-05-17 05:30:00,16,5,17,5,30,973,304,,,,Crépuscule ou aube,Hors agglomération,Hors intersection,Normale,Autre collision,,,,,,,,,,,2,1,1,1,6.0
201600057761,0016-05-21 06:30:00,16,5,21,6,30,973,304,RUE CALI,,,Plein jour,En agglomération,Hors intersection,Normale,Autre collision,,,,,,,,,,,1,2,1,1,6.0
201600057762,0016-06-25 15:30:00,16,6,25,15,30,973,304,avenue polycarpe,,,Plein jour,En agglomération,Hors intersection,Normale,Autre collision,,,,,,,,,,,1,2,1,1,6.0
201600057763,0016-07-22 21:45:00,16,7,22,21,45,973,304,,,,Nuit sans éclairage public,Hors agglomération,Hors intersection,Normale,Deux véhicules - frontale,,,,,,,,,,,3,1,1,1,1.0
201600057764,0016-08-04 13:45:00,16,8,4,13,45,973,304,,,,Plein jour,Hors agglomération,Hors intersection,Normale,Deux véhicules - arrière,,,,,,,,,,,1,1,1,1,2.0
201600057765,0016-08-18 18:15:00,16,8,18,18,15,973,304,avenue de Pariacabo,,,Plein jour,En agglomération,Hors intersection,Normale,Deux véhicules - arrière,,,,,,,,,,,1,2,1,1,2.0
201600057766,0016-08-29 11:30:00,16,8,29,11,30,973,304,avenue jean séraphin,,,Plein jour,En agglomération,Hors intersection,Normale,Deux véhicules - côté,,,,,,,,,,,1,2,1,1,3.0
201600057767,0016-09-20 15:15:00,16,9,20,15,15,973,304,Avenue de PARIACABO,,,Plein jour,En agglomération,Hors intersection,Normale,Deux véhicules - frontale,,,,,,,,,,,1,2,1,1,1.0
201600057768,0016-10-08 22:30:00,16,10,8,22,30,973,304,,,,Nuit avec éclairage allumé,Hors agglomération,Hors intersection,Normale,Deux véhicules - côté,,,,,,,,,,,5,1,1,1,3.0
201600057769,0016-11-14 06:45:00,16,11,14,6,45,973,304,Rue Maurice Ravel,,,Plein jour,En agglomération,Hors intersection,Normale,Deux véhicules - côté,,,,,,,,,,,1,2,1,1,3.0
201600057770,0016-11-17 20:45:00,16,11,17,20,45,973,304,rue jules seraphin,,,Nuit avec éclairage allumé,En agglomération,Intersection en X,Normale,Deux véhicules - côté,,,,,,,,,,,5,2,2,1,3.0
201600057771,0016-12-17 20:45:00,16,12,17,20,45,973,304,,,,Nuit sans éclairage public,Hors agglomération,Hors intersection,Normale,Autre collision,,,,,,,,,,,3,1,1,1,6.0
201600057772,0016-04-18 15:15:00,16,4,18,15,15,973,312,,,,Plein jour,Hors agglomération,Hors intersection,Normale,Deux véhicules - frontale,,,,,,,,,,,1,1,1,1,1.0
201600057773,0016-05-22 21:00:00,16,5,22,21,0,973,312,,,,Nuit sans éclairage public,Hors agglomération,Hors intersection,Normale,Deux véhicules - arrière,,,,,,,,,,,3,1,1,1,2.0
201600057774,0016-07-09 20:00:00,16,7,9,20,0,973,312,,,,Nuit sans éclairage public,Hors agglomération,Hors intersection,Normale,Sans collision,,,,,,,,,,,3,1,1,1,7.0
201600057775,0016-12-05 16:30:00,16,12,5,16,30,973,312,,,,Plein jour,Hors agglomération,Hors intersection,Normale,Sans collision,,,,,,,,,,,1,1,1,1,7.0
201600057776,0016-12-09 11:45:00,16,12,9,11,45,973,312,rue du calvaire,,,Plein jour,En agglomération,Hors intersection,Normale,Autre collision,,,,,,,,,,,1,2,1,1,6.0
201600057777,0016-11-25 22:45:00,16,11,25,22,45,973,303,,,,Nuit sans éclairage public,Hors agglomération,Hors intersection,Normale,Sans collision,,,,,,,,,,,3,1,1,1,7.0
201600057778,0016-01-01 02:30:00,16,1,1,2,30,973,301,rue louis firmano,,,Nuit sans éclairage public,En agglomération,Hors intersection,Pluie forte,Sans collision,,,,,,,,,,,3,2,1,3,7.0
201600057779,0016-07-28 10:15:00,16,7,28,10,15,973,301,,,,Plein jour,Hors agglomération,Intersection en X,Normale,Deux véhicules - frontale,,,,,,,,,,,1,1,2,1,1.0
201600057780,0016-06-11 07:45:00,16,6,11,7,45,973,301,,,,Plein jour,Hors agglomération,Hors intersection,Normale,Deux véhicules - côté,,,,,,,,,,,1,1,1,1,3.0
201600057781,0016-06-17 22:15:00,16,6,17,22,15,973,308,rue joseph Léandre,,,Nuit avec éclairage allumé,En agglomération,Hors intersection,Normale,Autre collision,,,,,,,,,,,5,2,1,1,6.0
201600057782,0016-11-13 01:00:00,16,11,13,1,0,973,308,Rue Pierre Ceron,,,Nuit avec éclairage allumé,En agglomération,Hors intersection,Normale,Deux véhicules - côté,,,,,,,,,,,5,2,1,1,3.0
201600057783,0016-12-29 11:15:00,16,12,29,11,15,973,308,rue joseph Leandre,,,Plein jour,En agglomération,Hors intersection,Normale,Autre collision,,,,,,,,,,,1,2,1,1,6.0
201600057784,0016-03-02 16:30:00,16,3,2,16,30,973,310,,,,Plein jour,Hors agglomération,Hors intersection,Normale,Autre collision,,,,,,,,,,,1,1,1,1,6.0
201600057785,0016-04-17 12:15:00,16,4,17,12,15,973,310,,,,Plein jour,Hors agglomération,Hors intersection,Pluie forte,Deux véhicules - côté,,,,,,,,,,,1,1,1,3,3.0
201600057786,0016-08-14 10:00:00,16,8,14,10,0,973,310,,,,Plein jour,Hors agglomération,Hors intersection,Normale,Sans collision,,,,,,,,,,,1,1,1,1,7.0
201600057787,0016-10-06 09:00:00,16,10,6,9,0,973,310,,,,Plein jour,Hors agglomération,Hors intersection,Normale,Sans collision,,,,,,,,,,,1,1,1,1,7.0
201600057788,0016-01-22 09:15:00,16,1,22,9,15,973,311,57 av Christophe Colomb,,,Plein jour,En agglomération,Hors intersection,Normale,Autre collision,,,,,,,,,,,1,2,1,1,6.0
201600057789,0016-01-27 13:00:00,16,1,27,13,0,973,311,rue jeanne garre,,,Plein jour,En agglomération,Hors intersection,Normale,Deux véhicules - frontale,,,,,,,,,,,1,2,1,1,1.0
201600057790,0016-02-26 13:30:00,16,2,26,13,30,973,311,,,,Plein jour,Hors agglomération,Hors intersection,Pluie forte,Deux véhicules - arrière,,,,,,,,,,,1,1,1,3,2.0
201600057791,0016-03-07 16:30:00,16,3,7,16,30,973,311,3048 av C COLOMB,,,Plein jour,En agglomération,Hors intersection,Normale,Deux véhicules - arrière,,,,,,,,,,,1,2,1,1,2.0
201600057792,0016-03-09 09:45:00,16,3,9,9,45,973,311,route de Balaté,,,Plein jour,En agglomération,Hors intersection,Normale,Deux véhicules - côté,,,,,,,,,,,1,2,1,1,3.0
201600057793,0016-03-29 07:00:00,16,3,29,7,0,973,311,rue du LTC TOURTET,,,Plein jour,En agglomération,Hors intersection,Normale,Deux véhicules - frontale,,,,,,,,,,,1,2,1,1,1.0
201600057794,0016-03-30 08:15:00,16,3,30,8,15,973,311,AV GASTON MONNERVILLE,,,Crépuscule ou aube,En agglomération,Hors intersection,Pluie forte,Deux véhicules - frontale,,,,,,,,,,,2,2,1,3,1.0
201600057795,0016-05-07 15:15:00,16,5,7,15,15,973,311,,,,Plein jour,Hors agglomération,Hors intersection,Normale,Deux véhicules - côté,,,,,,,,,,,1,1,1,1,3.0
201600057796,0016-07-07 09:45:00,16,7,7,9,45,973,311,5 rue Diderot,,,Plein jour,En agglomération,Hors intersection,Normale,Autre collision,,,,,,,,,,,1,2,1,1,6.0
201600057797,0016-07-10 08:00:00,16,7,10,8,0,973,311,,,,Plein jour,Hors agglomération,Hors intersection,Normale,Autre collision,,,,,,,,,,,1,1,1,1,6.0
201600057798,0016-07-21 12:30:00,16,7,21,12,30,973,311,,,,Plein jour,Hors agglomération,Hors intersection,Normale,Sans collision,,,,,,,,,,,1,1,1,1,7.0
201600057799,0016-07-24 05:30:00,16,7,24,5,30,973,311,,,,Crépuscule ou aube,Hors agglomération,Hors intersection,Normale,Autre collision,,,,,,,,,,,2,1,1,1,6.0
201600057800,0016-08-11 00:45:00,16,8,11,0,45,973,311,,,,Nuit sans éclairage public,Hors agglomération,Hors intersection,Normale,Autre collision,,,,,,,,,,,3,1,1,1,6.0
201600057801,0016-08-21 17:00:00,16,8,21,17,0,973,311,,,,Plein jour,En agglomération,Hors intersection,Normale,Deux véhicules - côté,,,,,,,,,,,1,2,1,1,3.0
201600057802,0016-08-27 18:00:00,16,8,27,18,0,973,311,Avenue Hector RIVIEREZ,,,Plein jour,En agglomération,Hors intersection,Normale,Deux véhicules - arrière,,,,,,,,,,,1,2,1,1,2.0
201600057803,0016-09-03 16:45:00,16,9,3,16,45,973,311,,,,Plein jour,Hors agglomération,Hors intersection,Normale,Autre collision,,,,,,,,,,,1,1,1,1,6.0
201600057804,0016-09-13 08:30:00,16,9,13,8,30,973,311,,,,Plein jour,Hors agglomération,Hors intersection,Normale,Autre collision,,,,,,,,,,,1,1,1,1,6.0
201600057805,0016-11-22 07:45:00,16,11,22,7,45,973,311,avenue Paul Castaing,,,Plein jour,En agglomération,Hors intersection,Normale,Autre collision,,,,,,,,,,,1,2,1,1,6.0
201600057806,0016-12-07 21:15:00,16,12,7,21,15,973,311,Route de saint maurice,,,Nuit avec éclairage allumé,En agglomération,Autre intersection,Normale,Deux véhicules - côté,,,,,,,,,,,5,2,9,1,3.0
201600057807,0016-12-10 16:30:00,16,12,10,16,30,973,311,route de St Maurice,,,Plein jour,En agglomération,Hors intersection,Pluie légère,Autre collision,,,,,,,,,,,1,2,1,2,6.0
201600057808,0016-12-22 08:15:00,16,12,22,8,15,973,311,RUE SYMPHORIEN,,,Plein jour,En agglomération,Hors intersection,Normale,Deux véhicules - frontale,,,,,,,,,,,1,2,1,1,1.0
201600057809,0016-12-23 20:00:00,16,12,23,20,0,973,311,,,,Nuit sans éclairage public,Hors agglomération,Hors intersection,Normale,Autre collision,,,,,,,,,,,3,1,1,1,6.0
201600057810,0016-12-25 21:00:00,16,12,25,21,0,973,311,,,,Nuit sans éclairage public,Hors agglomération,Hors intersection,Normale,Deux véhicules - frontale,,,,,,,,,,,3,1,1,1,1.0
201600057811,0016-01-25 05:45:00,16,1,25,5,45,973,306,,,,Nuit sans éclairage public,Hors agglomération,Hors intersection,Normale,Deux véhicules - côté,,,,,,,,,,,3,1,1,1,3.0
201600057812,0016-06-04 20:30:00,16,6,4,20,30,973,306,,,,Nuit sans éclairage public,Hors agglomération,Hors intersection,Normale,Autre collision,,,,,,,,,,,3,1,1,1,6.0
201600057813,0016-08-24 16:45:00,16,8,24,16,45,973,306,,,,Nuit sans éclairage public,Hors agglomération,Hors intersection,Normale,Deux véhicules - arrière,,,,,,,,,,,3,1,1,1,2.0
201600057814,0016-08-31 15:00:00,16,8,31,15,0,973,306,,,,Plein jour,Hors agglomération,Hors intersection,Normale,Autre collision,,,,,,,,,,,1,1,1,1,6.0
201600057815,0016-09-09 20:00:00,16,9,9,20,0,973,306,,,,Nuit sans éclairage public,Hors agglomération,Hors intersection,Normale,Trois véhicules et plus - collisions multiples,,,,,,,,,,,3,1,1,1,5.0
201600057816,0016-10-21 14:30:00,16,10,21,14,30,973,306,,,,Plein jour,Hors agglomération,Hors intersection,Pluie forte,Deux véhicules - frontale,,,,,,,,,,,1,1,1,3,1.0
201600057817,0016-11-30 19:30:00,16,11,30,19,30,973,361,avenue du 31 décembre 88,,,Nuit sans éclairage public,En agglomération,Hors intersection,Normale,Autre collision,,,,,,,,,,,3,2,1,1,6.0
201600057818,0016-12-16 17:00:00,16,12,16,17,0,973,306,,,,Plein jour,Hors agglomération,Hors intersection,Pluie légère,Autre collision,,,,,,,,,,,1,1,1,2,6.0
201600057819,0016-02-21 01:00:00,16,2,21,1,0,974,408,,,,Nuit sans éclairage public,Hors agglomération,Hors intersection,Normale,Autre collision,,,,,,,,,,,3,1,1,1,6.0
201600057820,0016-02-27 23:30:00,16,2,27,23,30,974,408,,,,Nuit sans éclairage public,Hors agglomération,Hors intersection,Normale,Trois véhicules et plus - en chaîne,,,,,,,,,,,3,1,1,1,4.0
201600057821,0016-03-04 14:15:00,16,3,4,14,15,974,408,,,,Plein jour,Hors agglomération,Hors intersection,Normale,Deux véhicules - côté,,,,,,,,,,,1,1,1,1,3.0
201600057822,0016-04-11 07:45:00,16,4,11,7,45,974,408,RUE THERESIEN CADET,,,Plein jour,En agglomération,Hors intersection,Normale,Autre collision,,,,,,,,,,,1,2,1,1,6.0
201600057823,0016-05-29 03:30:00,16,5,29,3,30,974,408,,,,Nuit sans éclairage public,Hors agglomération,Hors intersection,Normale,Deux véhicules - frontale,,,,,,,,,,,3,1,1,1,1.0
201600057824,0016-07-10 05:45:00,16,7,10,5,45,974,408,96 rue Raymond Mondon,,,Crépuscule ou aube,En agglomération,Hors intersection,Normale,Sans collision,,,,,,,,,,,2,2,1,1,7.0
201600057825,0016-07-20 21:45:00,16,7,20,21,45,974,408,,,,Nuit sans éclairage public,Hors agglomération,Hors intersection,Normale,Trois véhicules et plus - en chaîne,,,,,,,,,,,3,1,1,1,4.0
201600057826,0016-08-07 17:45:00,16,8,7,17,45,974,408,chemin des lataniers,,,Crépuscule ou aube,En agglomération,Hors intersection,Pluie légère,Deux véhicules - frontale,,,,,,,,,,,2,2,1,2,1.0
201600057827,0016-11-09 12:00:00,16,11,9,12,0,974,408,rue jean albany,,,Plein jour,En agglomération,Hors intersection,Normale,Autre collision,,,,,,,,,,,1,2,1,1,6.0
201600057828,0016-12-08 11:45:00,16,12,8,11,45,974,408,RN 1,,,Plein jour,En agglomération,Hors intersection,Normale,Deux véhicules - arrière,,,,,,,,,,,1,2,1,1,2.0
201600057829,0016-12-28 02:30:00,16,12,28,2,30,974,408,,,,Nuit avec éclairage allumé,Hors agglomération,Hors intersection,Normale,Sans collision,,,,,,,,,,,5,1,1,1,7.0
201600057830,0016-03-29 19:30:00,16,3,29,19,30,974,418,,,,Nuit avec éclairage allumé,Hors agglomération,Hors intersection,Normale,Deux véhicules - arrière,,,,,,,,,,,5,1,1,1,2.0
201600057831,0016-03-31 19:15:00,16,3,31,19,15,974,418,,,,Nuit sans éclairage public,Hors agglomération,Hors intersection,Normale,Autre collision,,,,,,,,,,,3,1,1,1,6.0
201600057832,0016-04-07 21:15:00,16,4,7,21,15,974,418,,,,Nuit sans éclairage public,Hors agglomération,Hors intersection,Normale,Sans collision,,,,,,,,,,,3,1,1,1,7.0
201600057833,0016-06-19 06:45:00,16,6,19,6,45,974,418,,,,Plein jour,Hors agglomération,Hors intersection,Temps couvert,Deux véhicules - côté,,,,,,,,,,,1,1,1,8,3.0
201600057834,0016-08-29 19:00:00,16,8,29,19,0,974,418,,,,Nuit sans éclairage public,Hors agglomération,Hors intersection,Normale,Autre collision,,,,,,,,,,,3,1,1,1,6.0
201600057835,0016-02-03 00:45:00,16,2,3,0,45,974,410,,,,Plein jour,Hors agglomération,Hors intersection,Normale,Deux véhicules - côté,,,,,,,,,,,1,1,1,1,3.0
201600057836,0016-02-03 08:30:00,16,2,3,8,30,974,410,,,,Plein jour,En agglomération,Hors intersection,Normale,Autre collision,,,,,,,,,,,1,2,1,1,6.0
201600057837,0016-03-05 11:45:00,16,3,5,11,45,974,410,Rue Hubert de Lisle,,,Plein jour,En agglomération,Hors intersection,Normale,Autre collision,,,,,,,,,,,1,2,1,1,6.0
201600057838,0016-03-19 19:00:00,16,3,19,19,0,974,410,RN2 SAINTE ANNE,,,Nuit avec éclairage allumé,En agglomération,Hors intersection,Normale,Autre collision,,,,,,,,,,,5,2,1,1,6.0
201600057839,0016-03-21 12:45:00,16,3,21,12,45,974,410,ROUTE NATIONALE 2,,,Plein jour,En agglomération,Hors intersection,Normale,Trois véhicules et plus - collisions multiples,,,,,,,,,,,1,2,1,1,5.0
201600057840,0016-04-24 10:00:00,16,4,24,10,0,974,410,,,,Plein jour,Hors agglomération,Hors intersection,Normale,Deux véhicules - arrière,,,,,,,,,,,1,1,1,1,2.0
201600057841,0016-05-06 18:30:00,16,5,6,18,30,974,410,8 rue sully brunet,,,Plein jour,En agglomération,Hors intersection,Normale,Autre collision,,,,,,,,,,,1,2,1,1,6.0
201600057842,0016-05-29 12:30:00,16,5,29,12,30,974,410,RN.3,,,Plein jour,En agglomération,Hors intersection,Normale,Deux véhicules - côté,,,,,,,,,,,1,2,1,1,3.0
201600057843,0016-07-31 11:15:00,16,7,31,11,15,974,410,Chemin Gallias - RN2,,,Plein jour,En agglomération,Hors intersection,Normale,Deux véhicules - côté,,,,,,,,,,,1,2,1,1,3.0
201600057844,0016-08-21 22:00:00,16,8,21,22,0,974,410,RN 2 STE ANNE,,,Nuit avec éclairage non allumé,En agglomération,Giratoire,Normale,Autre collision,,,,,,,,,,,4,2,6,1,6.0
201600057845,0016-09-17 20:30:00,16,9,17,20,30,974,410,,,,Nuit sans éclairage public,Hors agglomération,Hors intersection,Normale,Autre collision,,,,,,,,,,,3,1,1,1,6.0
201600057846,0016-12-13 06:45:00,16,12,13,6,45,974,410,,,,Plein jour,Hors agglomération,Hors intersection,Normale,Deux véhicules - côté,,,,,,,,,,,1,1,1,1,3.0
201600057847,0016-03-30 23:45:00,16,3,30,23,45,974,402,,,,Nuit sans éclairage public,Hors agglomération,Hors intersection,Pluie légère,Sans collision,,,,,,,,,,,3,1,1,2,7.0
201600057848,0016-06-12 13:15:00,16,6,12,13,15,974,402,,,,Plein jour,Hors agglomération,Hors intersection,Normale,Sans collision,,,,,,,,,,,1,1,1,1,7.0
201600057849,0016-07-31 06:15:00,16,7,31,6,15,974,402,,,,Plein jour,Hors agglomération,Hors intersection,Normale,Deux véhicules - frontale,,,,,,,,,,,1,1,1,1,1.0
201600057850,0016-10-19 23:30:00,16,10,19,23,30,974,402,,,,Nuit sans éclairage public,Hors agglomération,Hors intersection,Normale,Autre collision,,,,,,,,,,,3,1,1,1,6.0
201600057851,0016-02-21 14:45:00,16,2,21,14,45,974,419,,,,Plein jour,Hors agglomération,Hors intersection,Normale,Deux véhicules - frontale,,,,,,,,,,,1,1,1,1,1.0
201600057852,0016-05-14 08:30:00,16,5,14,8,30,974,419,192 ROUTE NATIONALE 2,,,Plein jour,En agglomération,Hors intersection,Normale,Autre collision,,,,,,,,,,,1,2,1,1,6.0
201600057853,0016-07-10 16:00:00,16,7,10,16,0,974,419,,,,Plein jour,Hors agglomération,Hors intersection,Normale,Deux véhicules - frontale,,,,,,,,,,,1,1,1,1,1.0
201600057854,0016-09-03 07:15:00,16,9,3,7,15,974,419,,,,Plein jour,Hors agglomération,Hors intersection,Normale,Deux véhicules - frontale,,,,,,,,,,,1,1,1,1,1.0
201600057855,0016-04-16 16:30:00,16,4,16,16,30,974,421,route du téléphérique,,,Plein jour,En agglomération,Hors intersection,Normale,Autre collision,,,,,,,,,,,1,2,1,1,6.0
201600057856,0016-10-10 20:45:00,16,10,10,20,45,974,421,rue du Père Castagnan,,,Nuit avec éclairage allumé,En agglomération,Hors intersection,Normale,Autre collision,,,,,,,,,,,5,2,1,1,6.0
201600057857,0016-10-27 17:15:00,16,10,27,17,15,974,421,,,,Plein jour,Hors agglomération,Hors intersection,Normale,Autre collision,,,,,,,,,,,1,1,1,1,6.0
201600057858,0016-06-26 08:30:00,16,6,26,8,30,974,406,,,,Plein jour,En agglomération,Hors intersection,Normale,Deux véhicules - côté,,,,,,,,,,,1,2,1,1,3.0
201600057859,0016-09-14 17:15:00,16,9,14,17,15,974,406,,,,Plein jour,Hors agglomération,Hors intersection,Normale,Deux véhicules - frontale,,,,,,,,,,,1,1,1,1,1.0
201600057860,0016-01-01 15:45:00,16,1,1,15,45,974,415,,,,Plein jour,Hors agglomération,Hors intersection,Pluie légère,Deux véhicules - arrière,,,,,,,,,,,1,1,1,2,2.0
201600057861,0016-01-27 11:45:00,16,1,27,11,45,974,415,rue saint louis,21.00414,55.27866,Plein jour,En agglomération,Hors intersection,Normale,Deux véhicules - côté,,,,,,,,,,,1,2,1,1,3.0
201600057862,0016-02-18 19:15:00,16,2,18,19,15,974,415,,,,Nuit sans éclairage public,Hors agglomération,Hors intersection,Normale,Autre collision,,,,,,,,,,,3,1,1,1,6.0
201600057863,0016-02-23 16:15:00,16,2,23,16,15,974,415,,,,Plein jour,Hors agglomération,Hors intersection,Normale,Deux véhicules - côté,,,,,,,,,,,1,1,1,1,3.0
201600057864,0016-03-24 08:00:00,16,3,24,8,0,974,415,,,,Plein jour,Hors agglomération,Hors intersection,Normale,Deux véhicules - côté,,,,,,,,,,,1,1,1,1,3.0
201600057865,0016-04-16 08:45:00,16,4,16,8,45,974,415,,,,Plein jour,Hors agglomération,Hors intersection,Normale,Deux véhicules - côté,,,,,,,,,,,1,1,1,1,3.0
201600057866,0016-04-25 07:30:00,16,4,25,7,30,974,415,,,,Plein jour,Hors agglomération,Hors intersection,Normale,Deux véhicules - côté,,,,,,,,,,,1,1,1,1,3.0
201600057867,0016-06-14 16:30:00,16,6,14,16,30,974,415,,,,Plein jour,Hors agglomération,Intersection en X,Normale,Deux véhicules - côté,,,,,,,,,,,1,1,2,1,3.0
201600057868,0016-06-27 16:30:00,16,6,27,16,30,974,415,,,,Plein jour,Hors agglomération,Hors intersection,Normale,Trois véhicules et plus - collisions multiples,,,,,,,,,,,1,1,1,1,5.0
201600057869,0016-07-09 19:45:00,16,7,9,19,45,974,415,,,,Nuit sans éclairage public,Hors agglomération,Hors intersection,Normale,Trois véhicules et plus - collisions multiples,,,,,,,,,,,3,1,1,1,5.0
201600057870,0016-08-06 14:30:00,16,8,6,14,30,974,415,,,,Plein jour,Hors agglomération,Hors intersection,Pluie légère,Deux véhicules - frontale,,,,,,,,,,,1,1,1,2,1.0
201600057871,0016-09-03 14:30:00,16,9,3,14,30,974,415,,,,Plein jour,En agglomération,Giratoire,Normale,Sans collision,,,,,,,,,,,1,2,6,1,7.0
201600057872,0016-09-15 18:00:00,16,9,15,18,0,974,415,rue chaussée royale,,,Crépuscule ou aube,En agglomération,Hors intersection,Normale,Autre collision,,,,,,,,,,,2,2,1,1,6.0
201600057873,0016-09-22 10:00:00,16,9,22,10,0,974,415,5 rue Guillochet,,,Plein jour,En agglomération,Hors intersection,Normale,Sans collision,,,,,,,,,,,1,2,1,1,7.0
201600057874,0016-10-07 08:15:00,16,10,7,8,15,974,415,,,,Plein jour,Hors agglomération,Hors intersection,Normale,Deux véhicules - côté,,,,,,,,,,,1,1,1,1,3.0
201600057875,0016-10-12 21:15:00,16,10,12,21,15,974,415,,,,Nuit sans éclairage public,Hors agglomération,Hors intersection,Normale,Autre collision,,,,,,,,,,,3,1,1,1,6.0
201600057876,0016-11-04 23:45:00,16,11,4,23,45,974,415,Quai Gilbert,,,Nuit avec éclairage allumé,En agglomération,Hors intersection,Normale,Autre collision,,,,,,,,,,,5,2,1,1,6.0
201600057877,0016-11-19 19:00:00,16,11,19,19,0,974,415,RUE GENERAL DE GAULLE,,,Nuit avec éclairage allumé,En agglomération,Hors intersection,Pluie légère,Deux véhicules - côté,,,,,,,,,,,5,2,1,2,3.0
201600057878,0016-12-03 01:45:00,16,12,3,1,45,974,415,,,,Nuit avec éclairage allumé,Hors agglomération,Hors intersection,Normale,Sans collision,,,,,,,,,,,5,1,1,1,7.0
201600057879,0016-12-03 01:15:00,16,12,3,1,15,974,415,ROND POINT DE L ETANG,,,Nuit avec éclairage non allumé,En agglomération,Giratoire,Normale,Sans collision,,,,,,,,,,,4,2,6,1,7.0
201600057880,0016-12-08 10:30:00,16,12,8,10,30,974,415,,,,Plein jour,Hors agglomération,Hors intersection,Temps éblouissant,Deux véhicules - frontale,,,,,,,,,,,1,1,1,7,1.0
201600057881,0016-12-11 11:00:00,16,12,11,11,0,974,415,,,,Plein jour,Hors agglomération,Hors intersection,Normale,Autre collision,,,,,,,,,,,1,1,1,1,6.0
201600057882,0016-12-21 10:15:00,16,12,21,10,15,974,415,,,,Plein jour,Hors agglomération,Hors intersection,Normale,Sans collision,,,,,,,,,,,1,1,1,1,7.0
201600057883,0016-01-14 23:30:00,16,1,14,23,30,974,415,,,,Nuit sans éclairage public,Hors agglomération,Hors intersection,Normale,Autre collision,,,,,,,,,,,3,1,1,1,6.0
201600057884,0016-03-21 07:00:00,16,3,21,7,0,974,415,,,,Plein jour,Hors agglomération,Hors intersection,Normale,Deux véhicules - frontale,,,,,,,,,,,1,1,1,1,1.0
201600057885,0016-03-25 19:15:00,16,3,25,19,15,974,415,,,,Nuit avec éclairage allumé,Hors agglomération,Hors intersection,Normale,Sans collision,,,,,,,,,,,5,1,1,1,7.0
201600057886,0016-05-07 16:45:00,16,5,7,16,45,974,415,,,,Plein jour,Hors agglomération,Hors intersection,Normale,Autre collision,,,,,,,,,,,1,1,1,1,6.0
201600057887,0016-05-27 17:00:00,16,5,27,17,0,974,415,,,,Plein jour,Hors agglomération,Hors intersection,Normale,Autre collision,,,,,,,,,,,1,1,1,1,6.0
201600057888,0016-06-01 06:45:00,16,6,1,6,45,974,415,,,,Plein jour,Hors agglomération,Giratoire,Normale,Deux véhicules - frontale,,,,,,,,,,,1,1,6,1,1.0
201600057889,0016-07-01 22:00:00,16,7,1,22,0,974,415,,,,Nuit sans éclairage public,Hors agglomération,Hors intersection,Normale,Autre collision,,,,,,,,,,,3,1,1,1,6.0
201600057890,0016-07-15 00:30:00,16,7,15,0,30,974,415,RN1A,,,Nuit sans éclairage public,En agglomération,Hors intersection,Normale,Deux véhicules - frontale,,,,,,,,,,,3,2,1,1,1.0