accident_id,datetime,annee,mois,jour,heure,minute,departement,commune_insee,adresse,latitude,longitude,luminosite,agglomeration,intersection,meteo,collision,nb_vehicules,nb_usagers,nb_indemnes,nb_tues,nb_blesses_hosp,nb_blesses_legers,age_cond_1,age_cond_2,veh_type_cond_1,veh_type_cond_2,lum_code,agg_code,int_code,atm_code,col_code
201600058029,0016-10-15 13:30:00,16,10,15,13,30,974,413,,,,Plein jour,Hors agglomération,Hors intersection,Normale,Autre collision,,,,,,,,,,,1,1,1,1,6.0
201600058030,0016-11-06 00:01:00,16,11,6,0,1,974,413,,,,Nuit sans éclairage public,Hors agglomération,Hors intersection,Normale,Trois véhicules et plus - collisions multiples,,,,,,,,,,,3,1,1,1,5.0
201600058031,0016-11-13 07:45:00,16,11,13,7,45,974,413,,,,Plein jour,Hors agglomération,Hors intersection,Normale,Sans collision,,,,,,,,,,,1,1,1,1,7.0
201600058032,0016-12-12 00:45:00,16,12,12,0,45,974,413,215 cd13,,,Nuit sans éclairage public,En agglomération,Hors intersection,Normale,Autre collision,,,,,,,,,,,3,2,1,1,6.0
201600058033,0016-12-16 19:15:00,16,12,16,19,15,974,413,,,,Nuit sans éclairage public,Hors agglomération,Intersection en T,Normale,Deux véhicules - frontale,,,,,,,,,,,3,1,3,1,1.0
201600058034,0016-07-28 10:00:00,16,7,28,10,0,974,422,,,,Plein jour,Hors agglomération,Hors intersection,Normale,Autre collision,,,,,,,,,,,1,1,1,1,6.0
201600058035,0016-08-22 13:15:00,16,8,22,13,15,974,422,RN 3,,,Plein jour,En agglomération,Hors intersection,Normale,Deux véhicules - frontale,,,,,,,,,,,1,2,1,1,1.0
201600058036,0016-01-09 07:00:00,16,1,9,7,0,973,307,,,,Plein jour,Hors agglomération,Hors intersection,Temps éblouissant,Trois véhicules et plus - collisions multiples,,,,,,,,,,,1,1,1,7,5.0
201600058037,0016-01-16 13:30:00,16,1,16,13,30,973,307,Rond point Califourchon,,,Plein jour,En agglomération,Giratoire,Normale,Sans collision,,,,,,,,,,,1,2,6,1,7.0
201600058038,0016-01-18 15:30:00,16,1,18,15,30,973,307,,,,Plein jour,En agglomération,Hors intersection,Normale,Autre collision,,,,,,,,,,,1,2,1,1,6.0
201600058039,0016-01-27 22:00:00,16,1,27,22,0,973,307,rue J-Jacques Dessalines,,,Nuit avec éclairage allumé,En agglomération,Hors intersection,Normale,Autre collision,,,,,,,,,,,5,2,1,1,6.0
201600058040,0016-02-09 00:15:00,16,2,9,0,15,973,307,,,,Nuit avec éclairage allumé,Hors agglomération,Hors intersection,Normale,Autre collision,,,,,,,,,,,5,1,1,1,6.0
201600058041,0016-12-15 17:15:00,16,12,15,17,15,973,307,RUE DE LA DISTILLERIE,,,Nuit avec éclairage allumé,En agglomération,Intersection en X,Normale,Deux véhicules - frontale,,,,,,,,,,,5,2,2,1,1.0
201600058042,0016-02-16 16:30:00,16,2,16,16,30,973,307,RN2,,,Plein jour,En agglomération,Hors intersection,Normale,Deux véhicules - côté,,,,,,,,,,,1,2,1,1,3.0
201600058043,0016-03-06 17:30:00,16,3,6,17,30,973,307,,,,Plein jour,En agglomération,Hors intersection,Normale,Deux véhicules - frontale,,,,,,,,,,,1,2,1,1,1.0
201600058044,0016-03-12 16:45:00,16,3,12,16,45,973,307,RN2,,,Plein jour,En agglomération,Hors intersection,Pluie légère,Deux véhicules - frontale,,,,,,,,,,,1,2,1,2,1.0
201600058045,0016-04-29 20:00:00,16,4,29,20,0,973,307,,,,Plein jour,Hors agglomération,Hors intersection,Normale,Autre collision,,,,,,,,,,,1,1,1,1,6.0
201600058046,0016-05-23 16:45:00,16,5,23,16,45,973,307,RUE DE LA DISTILLERIE,,,Plein jour,En agglomération,Hors intersection,Normale,Autre collision,,,,,,,,,,,1,2,1,1,6.0
201600058047,0016-05-28 21:15:00,16,5,28,21,15,973,307,RN2 PK 05,,,Nuit avec éclairage allumé,En agglomération,Intersection en T,Normale,Deux véhicules - frontale,,,,,,,,,,,5,2,3,1,1.0
201600058048,0016-06-20 18:15:00,16,6,20,18,15,973,307,rue des caraibes,,,Plein jour,En agglomération,Hors intersection,Normale,Autre collision,,,,,,,,,,,1,2,1,1,6.0
201600058049,0016-06-29 00:45:00,16,6,29,0,45,973,307,,,,Nuit avec éclairage allumé,En agglomération,Hors intersection,Normale,Autre collision,,,,,,,,,,,5,2,1,1,6.0
201600058050,0016-07-04 23:45:00,16,7,4,23,45,973,307,pk 1 RN 2,,,Nuit avec éclairage allumé,En agglomération,Hors intersection,Pluie légère,Deux véhicules - frontale,,,,,,,,,,,5,2,1,2,1.0
201600058051,0016-07-08 15:45:00,16,7,8,15,45,973,307,,,,Plein jour,Hors agglomération,Hors intersection,Normale,Deux véhicules - arrière,,,,,,,,,,,1,1,1,1,2.0
201600058052,0016-07-09 08:00:00,16,7,9,8,0,973,307,RN 2 - PK 2,,,Plein jour,En agglomération,Hors intersection,Normale,Deux véhicules - arrière,,,,,,,,,,,1,2,1,1,2.0
201600058053,0016-07-13 19:15:00,16,7,13,19,15,973,307,,,,Nuit sans éclairage public,Hors agglomération,Hors intersection,Normale,Autre collision,,,,,,,,,,,3,1,1,1,6.0
201600058054,0016-09-01 15:45:00,16,9,1,15,45,973,307,RN2 - PK1,,,Plein jour,En agglomération,Hors intersection,Normale,Deux véhicules - arrière,,,,,,,,,,,1,2,1,1,2.0
201600058055,0016-10-10 21:45:00,16,10,10,21,45,973,307,Chemin Morthium,,,Nuit sans éclairage public,En agglomération,Hors intersection,Normale,Autre collision,,,,,,,,,,,3,2,1,1,6.0
201600058056,0016-10-11 16:30:00,16,10,11,16,30,973,307,,,,Plein jour,Hors agglomération,Hors intersection,Normale,Autre collision,,,,,,,,,,,1,1,1,1,6.0
201600058057,0016-10-16 08:30:00,16,10,16,8,30,973,307,,,,Plein jour,Hors agglomération,Hors intersection,Normale,Autre collision,,,,,,,,,,,1,1,1,1,6.0
201600058058,0016-10-16 03:00:00,16,10,16,3,0,973,307,chemin de la levée,,,Nuit sans éclairage public,En agglomération,Hors intersection,Normale,Autre collision,,,,,,,,,,,3,2,1,1,6.0
201600058059,0016-11-28 19:15:00,16,11,28,19,15,973,307,Zone Industrielle Terca,,,Nuit sans éclairage public,En agglomération,Hors intersection,Normale,Deux véhicules - frontale,,,,,,,,,,,3,2,1,1,1.0
201600058060,0016-12-16 05:45:00,16,12,16,5,45,973,307,,,,Crépuscule ou aube,En agglomération,Hors intersection,Pluie légère,Deux véhicules - frontale,,,,,,,,,,,2,2,1,2,1.0
201600058061,0016-12-15 14:45:00,16,12,15,14,45,973,307,RUE DES IMMORTELLES,,,Plein jour,En agglomération,Intersection en T,Normale,Deux véhicules - côté,,,,,,,,,,,1,2,3,1,3.0
201600058062,0016-12-16 17:15:00,16,12,16,17,15,973,307,RN4 PK5,,,Plein jour,En agglomération,Hors intersection,Normale,Deux véhicules - côté,,,,,,,,,,,1,2,1,1,3.0
201600058063,0016-12-17 19:15:00,16,12,17,19,15,973,307,"ancienne distillerie,RN2",,,Nuit avec éclairage allumé,En agglomération,Hors intersection,Normale,Autre collision,,,,,,,,,,,5,2,1,1,6.0
201600058064,0016-12-23 16:00:00,16,12,23,16,0,973,307,,,,Plein jour,Hors agglomération,Hors intersection,Pluie légère,Trois véhicules et plus - collisions multiples,,,,,,,,,,,1,1,1,2,5.0
201600058065,0016-12-27 09:30:00,16,12,27,9,30,973,307,,,,Plein jour,Hors agglomération,Hors intersection,Normale,Autre collision,,,,,,,,,,,1,1,1,1,6.0
201600058066,0016-01-05 22:45:00,16,1,5,22,45,974,415,route hubert Delisle-CD3,21.03911,55.30541,Nuit avec éclairage allumé,En agglomération,Hors intersection,Normale,Autre collision,,,,,,,,,,,5,2,1,1,6.0
201600058067,0016-01-11 15:45:00,16,1,11,15,45,974,415,CD6- Rue Barquissau,,,Plein jour,En agglomération,Hors intersection,Normale,Trois véhicules et plus - en chaîne,,,,,,,,,,,1,2,1,1,4.0
201600058068,0016-02-29 16:00:00,16,2,29,16,0,974,415,hubert de l'isle,,,Plein jour,En agglomération,Hors intersection,Normale,Deux véhicules - côté,,,,,,,,,,,1,2,1,1,3.0
201600058069,0016-02-24 16:00:00,16,2,24,16,0,974,415,rue claude de sigoyer,,,Plein jour,En agglomération,Autre intersection,Pluie légère,Deux véhicules - côté,,,,,,,,,,,1,2,9,2,3.0
201600058070,0016-04-17 00:30:00,16,4,17,0,30,974,415,,,,Nuit sans éclairage public,Hors agglomération,Hors intersection,Normale,Deux véhicules - frontale,,,,,,,,,,,3,1,1,1,1.0
201600058071,0016-05-11 12:15:00,16,5,11,12,15,974,415,,,,Plein jour,Hors agglomération,Hors intersection,Normale,Deux véhicules - arrière,,,,,,,,,,,1,1,1,1,2.0
201600058072,0016-05-27 19:30:00,16,5,27,19,30,974,415,avenue des martins,,,Nuit avec éclairage allumé,En agglomération,Hors intersection,Normale,Deux véhicules - côté,,,,,,,,,,,5,2,1,1,3.0
201600058073,0016-05-28 11:00:00,16,5,28,11,0,974,415,,,,Plein jour,Hors agglomération,Hors intersection,Normale,Sans collision,,,,,,,,,,,1,1,1,1,7.0
201600058074,0016-05-30 19:00:00,16,5,30,19,0,974,415,rue raphael barquisseau,,,Nuit avec éclairage allumé,En agglomération,Hors intersection,Normale,Deux véhicules - côté,,,,,,,,,,,5,2,1,1,3.0
201600058075,0016-08-09 09:00:00,16,8,9,9,0,974,415,RD6 JOSEPH HUBERT,,,Plein jour,En agglomération,Hors intersection,Normale,Deux véhicules - arrière,,,,,,,,,,,1,2,1,1,2.0
201600058076,0016-09-04 05:00:00,16,9,4,5,0,974,415,,,,Nuit sans éclairage public,Hors agglomération,Autre intersection,Normale,Sans collision,,,,,,,,,,,3,1,9,1,7.0
201600058077,0016-09-11 07:15:00,16,9,11,7,15,974,415,CHEMIN LEBON,,,Plein jour,En agglomération,Hors intersection,Normale,Deux véhicules - côté,,,,,,,,,,,1,2,1,1,3.0
201600058078,0016-10-09 10:30:00,16,10,9,10,30,974,415,rue raphaël Barquisseau,,,Plein jour,En agglomération,Hors intersection,Normale,Autre collision,,,,,,,,,,,1,2,1,1,6.0
201600058079,0016-12-04 06:00:00,16,12,4,6,0,974,415,Rue Florimont,,,Plein jour,En agglomération,Hors intersection,Normale,Sans collision,,,,,,,,,,,1,2,1,1,7.0
201600058080,0016-12-05 06:15:00,16,12,5,6,15,974,415,Avenue Juluis Benard,,,Plein jour,En agglomération,Intersection en T,Normale,Deux véhicules - arrière,,,,,,,,,,,1,2,3,1,2.0
201600058081,0016-12-10 22:00:00,16,12,10,22,0,974,415,Route départementale 6 D,,,Nuit avec éclairage allumé,En agglomération,Hors intersection,Normale,Autre collision,,,,,,,,,,,5,2,1,1,6.0
201600058082,0016-12-14 14:45:00,16,12,14,14,45,974,415,rue grande terre,,,Plein jour,En agglomération,Hors intersection,Normale,Autre collision,,,,,,,,,,,1,2,1,1,6.0
201600058083,0016-07-31 18:45:00,16,7,31,18,45,974,415,,,,Nuit sans éclairage public,Hors agglomération,Hors intersection,Normale,Deux véhicules - côté,,,,,,,,,,,3,1,1,1,3.0
201600058084,0016-10-03 15:00:00,16,10,3,15,0,972,229,RN 2 giratoire bateliere,,,Plein jour,En agglomération,Giratoire,Normale,Autre collision,,,,,,,,,,,1,2,6,1,6.0
201600058085,0016-09-08 18:30:00,16,9,8,18,30,974,401,,,,Crépuscule ou aube,Hors agglomération,Hors intersection,Temps éblouissant,Deux véhicules - frontale,,,,,,,,,,,2,1,1,7,1.0
201600058086,0016-10-02 16:00:00,16,10,2,16,0,974,404,Avenue Raymond Barre,,,Plein jour,En agglomération,Hors intersection,Temps éblouissant,Deux véhicules - arrière,,,,,,,,,,,1,2,1,7,2.0
201600058087,0016-12-23 09:15:00,16,12,23,9,15,974,401,45 avenue du général de,,,Plein jour,En agglomération,Hors intersection,Normale,Deux véhicules - frontale,,,,,,,,,,,1,2,1,1,1.0
201600058088,0016-04-01 11:30:00,16,4,1,11,30,974,413,,,,Plein jour,Hors agglomération,Hors intersection,Normale,Sans collision,,,,,,,,,,,1,1,1,1,7.0
201600058089,0016-04-15 04:00:00,16,4,15,4,0,974,413,,,,Nuit sans éclairage public,Hors agglomération,Hors intersection,Normale,Deux véhicules - arrière,,,,,,,,,,,3,1,1,1,2.0
201600058090,0016-05-17 11:30:00,16,5,17,11,30,974,413,rue du général de gaulle,,,Plein jour,En agglomération,Hors intersection,Normale,Deux véhicules - arrière,,,,,,,,,,,1,2,1,1,2.0
201600058091,0016-06-09 10:15:00,16,6,9,10,15,974,413,,,,Plein jour,Hors agglomération,Hors intersection,Normale,Deux véhicules - arrière,,,,,,,,,,,1,1,1,1,2.0
201600058092,0016-08-05 12:00:00,16,8,5,12,0,974,413,,,,Plein jour,Hors agglomération,Autre intersection,Normale,Sans collision,,,,,,,,,,,1,1,9,1,7.0
201600058093,0016-08-14 06:00:00,16,8,14,6,0,974,413,,,,Plein jour,Hors agglomération,Hors intersection,Normale,Trois véhicules et plus - collisions multiples,,,,,,,,,,,1,1,1,1,5.0
201600058094,0016-09-02 19:15:00,16,9,2,19,15,974,413,44 rue pierre DEGUIGNE,,,Nuit avec éclairage allumé,En agglomération,Hors intersection,Normale,Deux véhicules - frontale,,,,,,,,,,,5,2,1,1,1.0
201600058095,0016-12-09 17:30:00,16,12,9,17,30,974,413,205 chemin piton cd 13,,,Plein jour,En agglomération,Hors intersection,Normale,Sans collision,,,,,,,,,,,1,2,1,1,7.0
201600058096,0016-06-28 11:15:00,16,6,28,11,15,974,418,route Odon,,,Plein jour,En agglomération,Hors intersection,Normale,Deux véhicules - côté,,,,,,,,,,,1,2,1,1,3.0
201600058097,0016-07-05 19:00:00,16,7,5,19,0,974,418,,,,Nuit avec éclairage allumé,Hors agglomération,Hors intersection,Normale,Deux véhicules - arrière,,,,,,,,,,,5,1,1,1,2.0
201600058098,0016-07-30 11:00:00,16,7,30,11,0,974,418,,,,Plein jour,Hors agglomération,Hors intersection,Normale,Deux véhicules - arrière,,,,,,,,,,,1,1,1,1,2.0
201600058099,0016-08-03 20:45:00,16,8,3,20,45,974,418,,,,Nuit sans éclairage public,Hors agglomération,Hors intersection,Normale,Autre collision,,,,,,,,,,,3,1,1,1,6.0
201600058100,0016-08-08 16:30:00,16,8,8,16,30,974,420,,,,Plein jour,Hors agglomération,Hors intersection,Normale,Deux véhicules - arrière,,,,,,,,,,,1,1,1,1,2.0
201600058101,0016-09-05 17:00:00,16,9,5,17,0,974,418,,,,Plein jour,Hors agglomération,Hors intersection,Normale,Sans collision,,,,,,,,,,,1,1,1,1,7.0
201600058102,0016-09-28 14:30:00,16,9,28,14,30,974,418,,,,Plein jour,Hors agglomération,Hors intersection,Temps éblouissant,Deux véhicules - frontale,,,,,,,,,,,1,1,1,7,1.0
201600058103,0016-10-22 15:30:00,16,10,22,15,30,974,420,,,,Nuit sans éclairage public,Hors agglomération,Hors intersection,Pluie légère,Trois véhicules et plus - collisions multiples,,,,,,,,,,,3,1,1,2,5.0
201600058104,0016-01-27 10:00:00,16,1,27,10,0,974,414,"GPS:21°16'2""S 55°26'37""E",21.26722,55.44361,Plein jour,En agglomération,Hors intersection,Normale,Deux véhicules - côté,,,,,,,,,,,1,2,1,1,3.0
201600058105,0016-03-19 18:00:00,16,3,19,18,0,974,414,,,,Crépuscule ou aube,Hors agglomération,Hors intersection,Normale,Deux véhicules - arrière,,,,,,,,,,,2,1,1,1,2.0
201600058106,0016-03-28 20:30:00,16,3,28,20,30,974,414,ROUTE DE CILAOS,,,Nuit avec éclairage allumé,En agglomération,Hors intersection,Normale,Deux véhicules - frontale,,,,,,,,,,,5,2,1,1,1.0
201600058107,0016-04-15 14:15:00,16,4,15,14,15,974,414,rue père rené payet,,,Plein jour,En agglomération,Hors intersection,Normale,Deux véhicules - frontale,,,,,,,,,,,1,2,1,1,1.0
201600058108,0016-05-26 16:45:00,16,5,26,16,45,974,414,41 RUE LEONUS BENARD,,,Plein jour,En agglomération,Hors intersection,Normale,Autre collision,,,,,,,,,,,1,2,1,1,6.0
201600058109,0016-08-20 15:30:00,16,8,20,15,30,974,414,rue auguste larre,,,Plein jour,En agglomération,Hors intersection,Normale,Deux véhicules - frontale,,,,,,,,,,,1,2,1,1,1.0
201600058110,0016-09-04 12:30:00,16,9,4,12,30,974,414,,,,Plein jour,Hors agglomération,Hors intersection,Normale,Deux véhicules - côté,,,,,,,,,,,1,1,1,1,3.0
201600058111,0016-09-15 14:30:00,16,9,15,14,30,974,414,rues garriga / lambert,,,Nuit avec éclairage allumé,En agglomération,Intersection en X,Normale,Deux véhicules - côté,,,,,,,,,,,5,2,2,1,3.0
201600058112,0016-11-06 16:00:00,16,11,6,16,0,974,414,rue bellevue,,,Plein jour,En agglomération,Hors intersection,Normale,Deux véhicules - frontale,,,,,,,,,,,1,2,1,1,1.0
201600058113,0016-12-03 19:15:00,16,12,3,19,15,974,414,"181, avenue Raymond verg",,,Crépuscule ou aube,En agglomération,Hors intersection,Pluie légère,Autre collision,,,,,,,,,,,2,2,1,2,6.0
201600058114,0016-12-16 03:45:00,16,12,16,3,45,974,414,,,,Nuit sans éclairage public,En agglomération,Hors intersection,Normale,Autre collision,,,,,,,,,,,3,2,1,1,6.0
201600058115,0016-06-04 23:15:00,16,6,4,23,15,972,229,rond point lumina sophie,,,Nuit avec éclairage allumé,En agglomération,Giratoire,Pluie légère,Deux véhicules - frontale,,,,,,,,,,,5,2,6,2,1.0
201600058116,0016-12-19 05:15:00,16,12,19,5,15,972,229,,,,Nuit avec éclairage allumé,Hors agglomération,Giratoire,Neige / grêle,Sans collision,,,,,,,,,,,5,1,6,4,7.0
201600058117,0016-05-06 18:30:00,16,5,6,18,30,972,225,Rue Gabriel Péri,,,Nuit avec éclairage allumé,En agglomération,Hors intersection,Normale,Sans collision,,,,,,,,,,,5,2,1,1,7.0
201600058118,0016-10-01 17:45:00,16,10,1,17,45,972,218,avenue edgard nestoret,,,Nuit avec éclairage allumé,En agglomération,Hors intersection,Normale,Deux véhicules - côté,,,,,,,,,,,5,2,1,1,3.0
201600058119,0016-12-17 20:15:00,16,12,17,20,15,972,204,RN 2,,,Nuit avec éclairage allumé,En agglomération,Hors intersection,Normale,Autre collision,,,,,,,,,,,5,2,1,1,6.0
201600058120,0016-03-06 19:00:00,16,3,6,19,0,972,227,,,,Nuit sans éclairage public,Hors agglomération,Autre intersection,Normale,Deux véhicules - frontale,,,,,,,,,,,3,1,9,1,1.0
201600058121,0016-03-13 18:15:00,16,3,13,18,15,972,227,,,,Plein jour,Hors agglomération,Hors intersection,Normale,Deux véhicules - côté,,,,,,,,,,,1,1,1,1,3.0
201600058122,0016-07-14 06:00:00,16,7,14,6,0,972,227,,,,Plein jour,Hors agglomération,Autre intersection,Normale,Deux véhicules - frontale,,,,,,,,,,,1,1,9,1,1.0
201600058123,0016-10-07 23:45:00,16,10,7,23,45,972,220,Avenue Juanakeara (RN 8),,,Nuit sans éclairage public,En agglomération,Hors intersection,Pluie légère,Deux véhicules - frontale,,,,,,,,,,,3,2,1,2,1.0
201600058124,0016-10-10 19:45:00,16,10,10,19,45,972,227,quartier epinay,,,Nuit sans éclairage public,En agglomération,Hors intersection,Normale,Deux véhicules - frontale,,,,,,,,,,,3,2,1,1,1.0
201600058125,0016-11-07 13:15:00,16,11,7,13,15,972,217,Boulevard Allègre,,,Plein jour,En agglomération,Hors intersection,Normale,Deux véhicules - frontale,,,,,,,,,,,1,2,1,1,1.0
201600058126,0016-11-20 12:45:00,16,11,20,12,45,972,217,,,,Plein jour,Hors agglomération,Hors intersection,Normale,Deux véhicules - frontale,,,,,,,,,,,1,1,1,1,1.0
201600058127,0016-12-17 21:30:00,16,12,17,21,30,972,227,,,,Nuit avec éclairage non allumé,Hors agglomération,Hors intersection,Normale,Autre collision,,,,,,,,,,,4,1,1,1,6.0
201600058128,0016-05-30 15:15:00,16,5,30,15,15,972,232,,,,Plein jour,Hors agglomération,Hors intersection,Normale,Deux véhicules - frontale,,,,,,,,,,,1,1,1,1,1.0
201600058129,0016-06-26 16:30:00,16,6,26,16,30,972,210,,,,Plein jour,Hors agglomération,Hors intersection,Normale,Deux véhicules - frontale,,,,,,,,,,,1,1,1,1,1.0
201600058130,0016-07-21 22:15:00,16,7,21,22,15,972,232,Rue Victor Hugo,,,Nuit avec éclairage allumé,En agglomération,Hors intersection,Normale,Trois véhicules et plus - collisions multiples,,,,,,,,,,,5,2,1,1,5.0
201600058131,0016-10-20 19:15:00,16,10,20,19,15,972,210,rue vHomère CLEMENT,,,Nuit avec éclairage allumé,En agglomération,Hors intersection,Normale,Autre collision,,,,,,,,,,,5,2,1,1,6.0
201600058132,0016-11-17 19:00:00,16,11,17,19,0,972,210,,,,Nuit sans éclairage public,Hors agglomération,Hors intersection,Normale,Deux véhicules - frontale,,,,,,,,,,,3,1,1,1,1.0
201600058133,0016-11-21 20:15:00,16,11,21,20,15,972,210,,,,Nuit avec éclairage allumé,Hors agglomération,Hors intersection,Pluie forte,Deux véhicules - côté,,,,,,,,,,,5,1,1,3,3.0
201600058134,0016-12-04 16:30:00,16,12,4,16,30,972,210,,,,Crépuscule ou aube,Hors agglomération,Hors intersection,Normale,Autre collision,,,,,,,,,,,2,1,1,1,6.0
201600058135,0016-01-03 18:15:00,16,1,3,18,15,972,231,rue impératriceJoséphine,,,Nuit sans éclairage public,En agglomération,Hors intersection,Normale,Autre collision,,,,,,,,,,,3,2,1,1,6.0
201600058136,0016-01-23 00:45:00,16,1,23,0,45,972,206,,,,Nuit sans éclairage public,Hors agglomération,Hors intersection,Normale,Trois véhicules et plus - en chaîne,,,,,,,,,,,3,1,1,1,4.0
201600058137,0016-02-03 16:30:00,16,2,3,16,30,972,221,,,,Plein jour,Hors agglomération,Hors intersection,Normale,Trois véhicules et plus - collisions multiples,,,,,,,,,,,1,1,1,1,5.0
201600058138,0016-06-23 06:45:00,16,6,23,6,45,972,206,MORNE BLANC,,,Crépuscule ou aube,En agglomération,Hors intersection,Normale,Autre collision,,,,,,,,,,,2,2,1,1,6.0
201600058139,0016-07-29 02:30:00,16,7,29,2,30,972,231,RUE DES BOUGAINVILLIERS,,,Nuit avec éclairage allumé,En agglomération,Hors intersection,Normale,Autre collision,,,,,,,,,,,5,2,1,1,6.0
201600058140,0016-08-14 13:45:00,16,8,14,13,45,972,231,,,,Plein jour,Hors agglomération,Hors intersection,Normale,Autre collision,,,,,,,,,,,1,1,1,1,6.0
201600058141,0016-11-11 19:00:00,16,11,11,19,0,972,231,,,,Nuit sans éclairage public,Hors agglomération,Hors intersection,Normale,Sans collision,,,,,,,,,,,3,1,1,1,7.0
201600058142,0016-12-03 06:15:00,16,12,3,6,15,972,202,1 BIS RUE DES ALIZES,,,Crépuscule ou aube,En agglomération,Hors intersection,Pluie légère,Autre collision,,,,,,,,,,,2,2,1,2,6.0
201600058143,0016-12-09 16:00:00,16,12,9,16,0,972,231,,,,Plein jour,Hors agglomération,Hors intersection,Normale,Deux véhicules - côté,,,,,,,,,,,1,1,1,1,3.0
201600058144,0016-07-27 16:30:00,16,7,27,16,30,972,207,,,,Plein jour,Hors agglomération,Intersection en T,Normale,Deux véhicules - frontale,,,,,,,,,,,1,1,3,1,1.0
201600058145,0016-08-15 15:15:00,16,8,15,15,15,972,207,,,,Plein jour,Hors agglomération,Hors intersection,Normale,Autre collision,,,,,,,,,,,1,1,1,1,6.0
201600058146,0016-01-09 21:30:00,16,1,9,21,30,972,203,,,,Nuit sans éclairage public,Hors agglomération,Hors intersection,Normale,Deux véhicules - frontale,,,,,,,,,,,3,1,1,1,1.0
201600058147,0016-10-01 09:15:00,16,10,1,9,15,972,216,48 rue principale,,,Plein jour,En agglomération,Hors intersection,Normale,Autre collision,,,,,,,,,,,1,2,1,1,6.0
201600058148,0016-12-17 17:45:00,16,12,17,17,45,972,203,Tapis Vert,,,Nuit avec éclairage allumé,En agglomération,Hors intersection,Normale,Autre collision,,,,,,,,,,,5,2,1,1,6.0
201600058149,0016-12-28 20:00:00,16,12,28,20,0,972,216,,,,Nuit avec éclairage allumé,Hors agglomération,Hors intersection,Normale,Deux véhicules - frontale,,,,,,,,,,,5,1,1,1,1.0
201600058150,0016-02-29 20:15:00,16,2,29,20,15,972,222,RN1,,,Nuit sans éclairage public,En agglomération,Hors intersection,Normale,Deux véhicules - côté,,,,,,,,,,,3,2,1,1,3.0
201600058151,0016-03-18 20:45:00,16,3,18,20,45,972,222,,,,Nuit avec éclairage allumé,Hors agglomération,Hors intersection,Normale,Deux véhicules - frontale,,,,,,,,,,,5,1,1,1,1.0
201600058152,0016-04-22 19:30:00,16,4,22,19,30,972,222,,,,Nuit sans éclairage public,Hors agglomération,Hors intersection,Normale,Deux véhicules - frontale,,,,,,,,,,,3,1,1,1,1.0
201600058153,0016-06-10 15:45:00,16,6,10,15,45,972,222,,,,Plein jour,Hors agglomération,Hors intersection,Normale,Deux véhicules - frontale,,,,,,,,,,,1,1,1,1,1.0
201600058154,0016-07-31 06:30:00,16,7,31,6,30,972,222,four à chaux,,,Plein jour,En agglomération,Hors intersection,Pluie légère,Autre collision,,,,,,,,,,,1,2,1,2,6.0
201600058155,0016-08-29 13:45:00,16,8,29,13,45,972,222,,,,Plein jour,Hors agglomération,Hors intersection,Normale,Deux véhicules - frontale,,,,,,,,,,,1,1,1,1,1.0
201600058156,0016-11-14 23:30:00,16,11,14,23,30,972,212,,,,Nuit sans éclairage public,Hors agglomération,Hors intersection,Normale,Deux véhicules - frontale,,,,,,,,,,,3,1,1,1,1.0
201600058157,0016-10-13 11:15:00,16,10,13,11,15,974,404,,,,Plein jour,Hors agglomération,Hors intersection,Normale,Deux véhicules - côté,,,,,,,,,,,1,1,1,1,3.0
201600058158,0016-11-20 22:15:00,16,11,20,22,15,974,401,av du Général de GAULLE,,,Nuit avec éclairage allumé,En agglomération,Hors intersection,Normale,Deux véhicules - frontale,,,,,,,,,,,5,2,1,1,1.0
201600058159,0016-09-11 19:30:00,16,9,11,19,30,974,412,rue M et A LEBLOND,,,Nuit sans éclairage public,En agglomération,Hors intersection,Normale,Autre collision,,,,,,,,,,,3,2,1,1,6.0
201600058160,0016-02-29 05:15:00,16,2,29,5,15,974,422,rue emile zola,,,Crépuscule ou aube,En agglomération,Hors intersection,Normale,Autre collision,,,,,,,,,,,2,2,1,1,6.0
201600058161,0016-03-22 07:15:00,16,3,22,7,15,974,422,,,,Plein jour,Hors agglomération,Autre intersection,Normale,Deux véhicules - côté,,,,,,,,,,,1,1,9,1,3.0
201600058162,0016-07-08 14:45:00,16,7,8,14,45,974,422,chemin Clémencin Payet,,,Plein jour,En agglomération,Intersection en T,Normale,Deux véhicules - côté,,,,,,,,,,,1,2,3,1,3.0
201600058163,0016-10-04 03:00:00,16,10,4,3,0,974,422,4 rue georges pompidou,,,Nuit avec éclairage allumé,En agglomération,Hors intersection,Normale,Autre collision,,,,,,,,,,,5,2,1,1,6.0
201600058164,0016-11-06 00:30:00,16,11,6,0,30,974,422,RN3,,,Nuit avec éclairage allumé,En agglomération,Hors intersection,Normale,Autre collision,,,,,,,,,,,5,2,1,1,6.0