accident_id,datetime,annee,mois,jour,heure,minute,departement,commune_insee,adresse,latitude,longitude,luminosite,agglomeration,intersection,meteo,collision,nb_vehicules,nb_usagers,nb_indemnes,nb_tues,nb_blesses_hosp,nb_blesses_legers,age_cond_1,age_cond_2,veh_type_cond_1,veh_type_cond_2,lum_code,agg_code,int_code,atm_code,col_code
201600058291,0016-08-21 08:00:00,16,8,21,8,0,971,113,"1656, RN4 - SECTION RIVI",,,Plein jour,Hors agglomération,Hors intersection,Normale,Deux véhicules - arrière,,,,,,,,,,,1,1,1,1,2.0
201600058292,0016-06-05 07:00:00,16,6,5,7,0,971,113,"RD, SECTION COCOYER",,,Plein jour,Hors agglomération,Hors intersection,Normale,Sans collision,,,,,,,,,,,1,1,1,1,7.0
201600058293,0016-08-24 22:30:00,16,8,24,22,30,971,113,"4, GRAND BAIE ( RN4)",,,Nuit avec éclairage allumé,Hors agglomération,Hors intersection,Normale,Trois véhicules et plus - en chaîne,,,,,,,,,,,5,1,1,1,4.0
201600058294,0016-08-29 09:15:00,16,8,29,9,15,971,113,"00, BEAUMANOIR (SECTEUR)",,,Plein jour,Hors agglomération,Hors intersection,Normale,Deux véhicules - côté,,,,,,,,,,,1,1,1,1,3.0
201600058295,0016-09-02 20:10:00,16,9,2,20,10,971,101,"1, RN1 ROCADE DE CHAUVEL",,,Nuit avec éclairage non allumé,Hors agglomération,Hors intersection,Normale,Deux véhicules - arrière,,,,,,,,,,,4,1,1,1,2.0
201600058296,0016-09-09 20:30:00,16,9,9,20,30,971,113,"00, SECTION PLIANE",,,Nuit avec éclairage allumé,Hors agglomération,Hors intersection,Normale,Deux véhicules - côté,,,,,,,,,,,5,1,1,1,3.0
201600058297,0016-09-18 16:45:00,16,9,18,16,45,971,113,"14, MONTAUBAN (SECTEUR)",,,Plein jour,En agglomération,Hors intersection,Normale,Autre collision,,,,,,,,,,,1,2,1,1,6.0
201600058298,0016-09-21 17:20:00,16,9,21,17,20,971,113,"457, RN4 - SECTION RIVIE",,,Plein jour,Hors agglomération,Hors intersection,Normale,Deux véhicules - côté,,,,,,,,,,,1,1,1,1,3.0
201600058299,0016-07-29 23:10:00,16,7,29,23,10,971,120,"103, HANNE (BOULEVARD)",,,Nuit avec éclairage allumé,En agglomération,Hors intersection,Normale,Sans collision,,,,,,,,,,,5,2,1,1,7.0
201600058300,0016-08-29 23:50:00,16,8,29,23,50,971,101,"00, TONNELLE",,,Nuit avec éclairage allumé,Hors agglomération,Hors intersection,Pluie légère,Sans collision,,,,,,,,,,,5,1,1,2,7.0
201600058301,0016-09-29 15:30:00,16,9,29,15,30,971,101,"129, BOULEVARD DES HEROS",,,Plein jour,En agglomération,Intersection en T,Normale,Trois véhicules et plus - collisions multiples,,,,,,,,,,,1,2,3,1,5.0
201600058302,0016-09-30 18:30:00,16,9,30,18,30,971,101,"5, PETIT PEROU",,,Nuit sans éclairage public,Hors agglomération,Hors intersection,Normale,Autre collision,,,,,,,,,,,3,1,1,1,6.0
201600058303,0016-09-30 21:15:00,16,9,30,21,15,971,113,"4, Morne Salines",,,Nuit avec éclairage allumé,En agglomération,Hors intersection,Normale,Autre collision,,,,,,,,,,,5,2,1,1,6.0
201600058304,0016-10-07 20:15:00,16,10,7,20,15,971,101,"126, MAIRIE",,,Nuit avec éclairage allumé,Hors agglomération,Hors intersection,Normale,Sans collision,,,,,,,,,,,5,1,1,1,7.0
201600058305,0016-10-18 08:10:00,16,10,18,8,10,971,120,"00, UNIVERSITE FOUILLOLE",,,Plein jour,Hors agglomération,Hors intersection,Normale,Deux véhicules - côté,,,,,,,,,,,1,1,1,1,3.0
201600058306,0016-10-21 15:05:00,16,10,21,15,5,971,101,"103, CENTRE HOSPITALIER",,,Plein jour,En agglomération,Intersection en T,Normale,Sans collision,,,,,,,,,,,1,2,3,1,7.0
201600058307,0016-10-26 09:35:00,16,10,26,9,35,971,101,"28, BOISRIPEAUX",,,Plein jour,En agglomération,Hors intersection,Normale,Sans collision,,,,,,,,,,,1,2,1,1,7.0
201600058308,0016-10-25 10:30:00,16,10,25,10,30,971,101,"5, RN05",,,Plein jour,Hors agglomération,Hors intersection,Normale,Autre collision,,,,,,,,,,,1,1,1,1,6.0
201600058309,0016-10-30 03:00:00,16,10,30,3,0,971,113,"4, RN4 - SECTION RIVIERA",,,Nuit sans éclairage public,Hors agglomération,Hors intersection,Normale,Deux véhicules - arrière,,,,,,,,,,,3,1,1,1,2.0
201600058310,0016-11-03 13:30:00,16,11,3,13,30,971,113,"4, RN4-ROND POINT SAINT",16.20777,61.46088,Plein jour,Hors agglomération,Hors intersection,Normale,Deux véhicules - arrière,,,,,,,,,,,1,1,1,1,2.0
201600058311,0016-11-08 09:53:00,16,11,8,9,53,971,101,"119, PETIT PEROU",,,Plein jour,Hors agglomération,Intersection en T,Normale,Deux véhicules - côté,,,,,,,,,,,1,1,3,1,3.0
201600058312,0016-11-14 16:40:00,16,11,14,16,40,971,101,"102, ROUTE DE BOISVINS",,,Plein jour,Hors agglomération,Intersection en T,Normale,Trois véhicules et plus - collisions multiples,,,,,,,,,,,1,1,3,1,5.0
201600058313,0016-11-16 19:30:00,16,11,16,19,30,971,113,SECTION LEROUX,,,Nuit sans éclairage public,Hors agglomération,Hors intersection,Pluie forte,Sans collision,,,,,,,,,,,3,1,1,3,7.0
201600058314,0016-11-17 18:00:00,16,11,17,18,0,971,113,"4, GRAND BAIE ( RN4)",,,Crépuscule ou aube,Hors agglomération,Hors intersection,Normale,Deux véhicules - arrière,,,,,,,,,,,2,1,1,1,2.0
201600058315,0016-11-19 00:01:00,16,11,19,0,1,971,101,"103, LAFOND",,,Nuit avec éclairage non allumé,En agglomération,Hors intersection,Normale,Deux véhicules - côté,,,,,,,,,,,4,2,1,1,3.0
201600058316,0016-11-30 16:20:00,16,11,30,16,20,971,113,"217, SECTION MARE-GAILLA",,,Plein jour,En agglomération,Hors intersection,Normale,Sans collision,,,,,,,,,,,1,2,1,1,7.0
201600058317,0016-12-11 05:00:00,16,12,11,5,0,971,101,"5, RN5-BOISRIPEAUX",16.27916,61.50787,Nuit sans éclairage public,Hors agglomération,Hors intersection,Normale,Deux véhicules - arrière,,,,,,,,,,,3,1,1,1,2.0
201600058318,0016-12-12 17:40:00,16,12,12,17,40,971,101,PALAIS ROYAL,,,Crépuscule ou aube,Hors agglomération,Hors intersection,Normale,Deux véhicules - frontale,,,,,,,,,,,2,1,1,1,1.0
201600058319,0016-12-18 18:50:00,16,12,18,18,50,971,101,"106, PERRIN (SECTEUR)",,,Nuit sans éclairage public,Hors agglomération,Hors intersection,Pluie légère,Deux véhicules - frontale,,,,,,,,,,,3,1,1,2,1.0
201600058320,0016-12-20 21:40:00,16,12,20,21,40,971,120,"129, NELSON MANDELA",,,Nuit avec éclairage allumé,En agglomération,Autre intersection,Autre,Autre collision,,,,,,,,,,,5,2,9,9,6.0
201600058321,0016-12-23 16:35:00,16,12,23,16,35,971,120,"00, GERTY ARCHIMEDE (RES",,,Plein jour,En agglomération,Hors intersection,Normale,Deux véhicules - côté,,,,,,,,,,,1,2,1,1,3.0
201600058322,0016-11-24 16:15:00,16,11,24,16,15,972,209,"4, PARADISIERS (AVENUE D",14.62014,61.03717,Plein jour,Hors agglomération,Hors intersection,Normale,Autre collision,,,,,,,,,,,1,1,1,1,6.0
201600058323,0016-12-01 15:40:00,16,12,1,15,40,972,209,"3, ROND POINT DU VIET-NA",,,Plein jour,Hors agglomération,Hors intersection,Normale,Autre collision,,,,,,,,,,,1,1,1,1,6.0
201600058324,0016-12-02 11:00:00,16,12,2,11,0,972,209,"2, GENERAL DE GAULLE (BL",,,Plein jour,En agglomération,Hors intersection,Normale,Deux véhicules - côté,,,,,,,,,,,1,2,1,1,3.0
201600058325,0016-12-03 03:25:00,16,12,3,3,25,972,209,"4, FRANCOIS ARAGO (RUE)",,,Nuit avec éclairage allumé,En agglomération,Intersection en X,Normale,Deux véhicules - côté,,,,,,,,,,,5,2,2,1,3.0
201600058326,0016-12-03 06:00:00,16,12,3,6,0,972,209,"2, RN9",,,Plein jour,Hors agglomération,Hors intersection,Normale,Sans collision,,,,,,,,,,,1,1,1,1,7.0
201600058327,0016-12-03 10:50:00,16,12,3,10,50,972,209,"4, LAZARE CARNOT (RUE)",,,Plein jour,En agglomération,Hors intersection,Normale,Autre collision,,,,,,,,,,,1,2,1,1,6.0
201600058328,0016-12-10 09:55:00,16,12,10,9,55,972,209,"2, MAURICE BISHOP (AVENU",,,Plein jour,En agglomération,Hors intersection,Normale,Autre collision,,,,,,,,,,,1,2,1,1,6.0
201600058329,0016-12-10 10:40:00,16,12,10,10,40,972,209,"2, MAURICE BISHOP (AVENU",14.60754,61.05709,Plein jour,En agglomération,Hors intersection,Normale,Deux véhicules - arrière,,,,,,,,,,,1,2,1,1,2.0
201600058330,0016-12-12 14:40:00,16,12,12,14,40,972,209,"2, GENERAL DE GAULLE (BL",,,Plein jour,En agglomération,Hors intersection,Normale,Deux véhicules - arrière,,,,,,,,,,,1,2,1,1,2.0
201600058331,0016-01-03 16:19:00,16,1,3,16,19,972,209,"2, MAURICE BISHOP (AVENU",,,Plein jour,En agglomération,Hors intersection,Normale,Sans collision,,,,,,,,,,,1,2,1,1,7.0
201600058332,0016-12-15 18:20:00,16,12,15,18,20,972,209,"2, REDOUTE (ROUTE DE LA)",14.63239,61.05407,Crépuscule ou aube,Hors agglomération,Hors intersection,Normale,Autre collision,,,,,,,,,,,2,1,1,1,6.0
201600058333,0016-01-15 17:10:00,16,1,15,17,10,972,209,"3, JAMBETTE (ROUTE DE)",,,Plein jour,Hors agglomération,Hors intersection,Normale,Deux véhicules - arrière,,,,,,,,,,,1,1,1,1,2.0
201600058334,0016-01-18 20:10:00,16,1,18,20,10,972,209,"4, SALVATOR ALLENDE (AVE",,,Nuit avec éclairage allumé,En agglomération,Hors intersection,Normale,Deux véhicules - côté,,,,,,,,,,,5,2,1,1,3.0
201600058335,0016-01-20 06:45:00,16,1,20,6,45,972,209,"2, GENERAL DE GAULLE (BL",,,Plein jour,En agglomération,Hors intersection,Normale,Trois véhicules et plus - collisions multiples,,,,,,,,,,,1,2,1,1,5.0
201600058336,0016-12-17 08:10:00,16,12,17,8,10,972,209,"2, BALATA (ROUTE DE)",,,Plein jour,Hors agglomération,Hors intersection,Normale,Deux véhicules - frontale,,,,,,,,,,,1,1,1,1,1.0
201600058337,0016-01-20 19:55:00,16,1,20,19,55,972,209,"4, MONTREDON ( Rue Ccil",,,Nuit avec éclairage allumé,En agglomération,Intersection en T,Normale,Autre collision,,,,,,,,,,,5,2,3,1,6.0
201600058338,0016-12-17 17:50:00,16,12,17,17,50,972,209,"3, CHEVALIER DE SAINTE-M",,,Plein jour,En agglomération,Hors intersection,Normale,Autre collision,,,,,,,,,,,1,2,1,1,6.0
201600058339,0016-01-21 09:55:00,16,1,21,9,55,972,209,"3, CLAIRIERE (RUE DE LA)",,,Plein jour,En agglomération,Hors intersection,Normale,Autre collision,,,,,,,,,,,1,2,1,1,6.0
201600058340,0016-12-23 14:20:00,16,12,23,14,20,972,209,"3, CHATEAUBOEUF (ROUTE D",,,Plein jour,Hors agglomération,Hors intersection,Normale,Autre collision,,,,,,,,,,,1,1,1,1,6.0
201600058341,0016-01-22 07:40:00,16,1,22,7,40,972,209,"3, CHEVALIER SAINTE-MART",,,Plein jour,En agglomération,Hors intersection,Normale,Autre collision,,,,,,,,,,,1,2,1,1,6.0
201600058342,0016-01-23 21:55:00,16,1,23,21,55,972,209,"2, BALATA (ROUTE DE)",,,Nuit avec éclairage allumé,En agglomération,Hors intersection,Normale,Deux véhicules - frontale,,,,,,,,,,,5,2,1,1,1.0
201600058343,0016-01-23 23:45:00,16,1,23,23,45,972,209,"3, PROFESSEUR RAYMOND GA",,,Nuit avec éclairage allumé,En agglomération,Hors intersection,Normale,Sans collision,,,,,,,,,,,5,2,1,1,7.0
201600058344,0016-12-30 17:15:00,16,12,30,17,15,972,209,"2, GENERAL DE GAULLE (BL",,,Plein jour,En agglomération,Hors intersection,Normale,Autre collision,,,,,,,,,,,1,2,1,1,6.0
201600058345,0016-01-24 13:55:00,16,1,24,13,55,972,209,"4, HENRICK VILETTE (RUE)",,,Plein jour,En agglomération,Intersection en T,Normale,Deux véhicules - côté,,,,,,,,,,,1,2,3,1,3.0
201600058346,0016-12-31 20:38:00,16,12,31,20,38,972,209,"3, JEAN JAURES (AVENUE)",14.60837,61.06995,Nuit avec éclairage allumé,En agglomération,Hors intersection,Normale,Autre collision,,,,,,,,,,,5,2,1,1,6.0
201600058347,0016-01-25 07:45:00,16,1,25,7,45,972,209,"3, RD 41 (ROCADE)",,,Plein jour,En agglomération,Hors intersection,Normale,Autre collision,,,,,,,,,,,1,2,1,1,6.0
201600058348,0016-01-26 11:50:00,16,1,26,11,50,972,209,"2, REDOUTE (ROUTE DE LA)",,,Plein jour,Hors agglomération,Hors intersection,Normale,Deux véhicules - frontale,,,,,,,,,,,1,1,1,1,1.0
201600058349,0016-01-27 11:00:00,16,1,27,11,0,972,209,"3, PROFESSEUR RAYMOND GA",,,Plein jour,En agglomération,Hors intersection,Normale,Autre collision,,,,,,,,,,,1,2,1,1,6.0
201600058350,0016-01-29 20:55:00,16,1,29,20,55,972,209,"3, ENTRAIDE (ROUTE DE L'",,,Nuit avec éclairage allumé,En agglomération,Hors intersection,Normale,Autre collision,,,,,,,,,,,5,2,1,1,6.0
201600058351,0016-02-02 18:25:00,16,2,2,18,25,972,209,"3, ABBE LAVIGNE (AVENUE)",,,Crépuscule ou aube,En agglomération,Hors intersection,Normale,Autre collision,,,,,,,,,,,2,2,1,1,6.0
201600058352,0016-02-04 08:20:00,16,2,4,8,20,972,209,"4, LEOPOLD SEDAR SENGOR",,,Plein jour,En agglomération,Intersection en X,Normale,Deux véhicules - côté,,,,,,,,,,,1,2,2,1,3.0
201600058353,0016-02-08 14:05:00,16,2,8,14,5,972,209,"4, MONTESQUIEU (RUE)",,,Plein jour,En agglomération,Hors intersection,Normale,Autre collision,,,,,,,,,,,1,2,1,1,6.0
201600058354,0016-02-08 10:30:00,16,2,8,10,30,972,209,"comm, ISAMBERT (RUE)",,,Plein jour,En agglomération,Hors intersection,Normale,Autre collision,,,,,,,,,,,1,2,1,1,6.0
201600058355,0016-02-13 14:35:00,16,2,13,14,35,972,209,"com, ABBE LECORNU (RUE)",,,Plein jour,En agglomération,Hors intersection,Normale,Autre collision,,,,,,,,,,,1,2,1,1,6.0
201600058356,0016-02-14 09:20:00,16,2,14,9,20,972,209,"3, RD 41 (ROCADE)",,,Plein jour,En agglomération,Hors intersection,Temps couvert,Sans collision,,,,,,,,,,,1,2,1,8,7.0
201600058357,0016-02-18 10:34:00,16,2,18,10,34,972,209,"2, FRANCOIS MITTERAND (B",,,Plein jour,En agglomération,Hors intersection,Temps couvert,Autre collision,,,,,,,,,,,1,2,1,8,6.0
201600058358,0016-02-18 12:15:00,16,2,18,12,15,972,209,"1, AUTOROUTE (A1)",,,Plein jour,En agglomération,Hors intersection,Normale,Autre collision,,,,,,,,,,,1,2,1,1,6.0
201600058359,0016-02-19 09:25:00,16,2,19,9,25,972,209,"2, GENERAL DE GAULLE (BL",,,Plein jour,En agglomération,Hors intersection,Normale,Autre collision,,,,,,,,,,,1,2,1,1,6.0
201600058360,0016-02-29 09:35:00,16,2,29,9,35,972,209,"2, BALATA (ROUTE DE)",14.37278,61.04208,Plein jour,En agglomération,Hors intersection,Normale,Deux véhicules - frontale,,,,,,,,,,,1,2,1,1,1.0
201600058361,0016-02-26 12:25:00,16,2,26,12,25,972,209,"3, SOLEIL LEVANT (BOULEV",,,Plein jour,En agglomération,Hors intersection,Normale,Autre collision,,,,,,,,,,,1,2,1,1,6.0
201600058362,0016-03-01 14:45:00,16,3,1,14,45,972,209,"1, AUTOROUTE (A1)",,,Plein jour,En agglomération,Hors intersection,Normale,Autre collision,,,,,,,,,,,1,2,1,1,6.0
201600058363,0016-03-02 12:15:00,16,3,2,12,15,972,209,"comm, CALEBASSIERS (RUE",,,Plein jour,En agglomération,Intersection en X,Normale,Autre collision,,,,,,,,,,,1,2,2,1,6.0
201600058364,0016-03-02 06:45:00,16,3,2,6,45,972,209,"2, MAURICE BISHOP (AVENU",,,Plein jour,En agglomération,Hors intersection,Normale,Autre collision,,,,,,,,,,,1,2,1,1,6.0
201600058365,0016-03-06 22:30:00,16,3,6,22,30,972,209,"2, GENERAL DE GAULLE (BL",,,Nuit avec éclairage allumé,En agglomération,Intersection en X,Normale,Deux véhicules - côté,,,,,,,,,,,5,2,2,1,3.0
201600058366,0016-03-10 12:00:00,16,3,10,12,0,972,209,"3, RAVINE VILAINE (CHEMI",14.38012,61.03347,Plein jour,En agglomération,Hors intersection,Normale,Autre collision,,,,,,,,,,,1,2,1,1,6.0
201600058367,0016-03-12 00:10:00,16,3,12,0,10,972,209,"Comm, GLACIERE (RUE DE L",,,Nuit avec éclairage allumé,En agglomération,Hors intersection,Normale,Sans collision,,,,,,,,,,,5,2,1,1,7.0
201600058368,0016-03-15 17:25:00,16,3,15,17,25,972,209,"3, CHATEAUBOEUF (ROUTE D",,,Plein jour,En agglomération,Hors intersection,Normale,Autre collision,,,,,,,,,,,1,2,1,1,6.0
201600058369,0016-03-16 08:00:00,16,3,16,8,0,972,209,"3, RD 41 (ROCADE)",,,Plein jour,En agglomération,Hors intersection,Normale,Autre collision,,,,,,,,,,,1,2,1,1,6.0
201600058370,0016-03-16 15:11:00,16,3,16,15,11,972,209,"3, CHATEAUBOEUF (ROUTE D",,,Plein jour,En agglomération,Hors intersection,Normale,Sans collision,,,,,,,,,,,1,2,1,1,7.0
201600058371,0016-03-20 11:55:00,16,3,20,11,55,972,209,"2, GENERAL DE GAULLE (BL",,,Plein jour,En agglomération,Hors intersection,Normale,Sans collision,,,,,,,,,,,1,2,1,1,7.0
201600058372,0016-03-25 20:30:00,16,3,25,20,30,972,209,"3, PASTEUR (AVENUE)",,,Nuit avec éclairage allumé,En agglomération,Hors intersection,Normale,Sans collision,,,,,,,,,,,5,2,1,1,7.0
201600058373,0016-03-26 14:20:00,16,3,26,14,20,972,209,"4, SALVATOR ALLENDE (AVE",,,Plein jour,En agglomération,Hors intersection,Normale,Sans collision,,,,,,,,,,,1,2,1,1,7.0
201600058374,0016-05-18 10:15:00,16,5,18,10,15,972,209,"2, GENERAL DE GAULLE (BL",,,Plein jour,En agglomération,Hors intersection,Normale,Deux véhicules - arrière,,,,,,,,,,,1,2,1,1,2.0
201600058375,0016-04-01 11:00:00,16,4,1,11,0,972,209,"2, MAURICE BISHOP (AVENU",,,Plein jour,En agglomération,Hors intersection,Normale,Autre collision,,,,,,,,,,,1,2,1,1,6.0
201600058376,0016-04-04 00:35:00,16,4,4,0,35,972,209,"1, AUTOROUTE (A1)",,,Nuit sans éclairage public,En agglomération,Hors intersection,Normale,Sans collision,,,,,,,,,,,3,2,1,1,7.0
201600058377,0016-05-14 05:20:00,16,5,14,5,20,972,209,"4, MARIE-THERESE GERTRUD",,,Crépuscule ou aube,En agglomération,Hors intersection,Normale,Autre collision,,,,,,,,,,,2,2,1,1,6.0
201600058378,0016-05-30 06:30:00,16,5,30,6,30,972,209,"3, CHATEAUBOEUF (ROUTE D",,,Plein jour,En agglomération,Hors intersection,Normale,Autre collision,,,,,,,,,,,1,2,1,1,6.0
201600058379,0016-05-04 13:00:00,16,5,4,13,0,972,209,"3, RD 41 (ROCADE)",,,Plein jour,En agglomération,Hors intersection,Normale,Deux véhicules - arrière,,,,,,,,,,,1,2,1,1,2.0
201600058380,0016-04-16 19:31:00,16,4,16,19,31,972,209,"4, LOUIS DOMERGUE (AVENU",,,Nuit avec éclairage allumé,En agglomération,Hors intersection,Normale,Autre collision,,,,,,,,,,,5,2,1,1,6.0
201600058381,0016-04-17 13:19:00,16,4,17,13,19,972,209,"3, RD 41 (ROCADE)",,,Plein jour,En agglomération,Hors intersection,Normale,Autre collision,,,,,,,,,,,1,2,1,1,6.0
201600058382,0016-06-03 18:05:00,16,6,3,18,5,972,209,"4, CENTRE (BOULEVARD DU)",,,Plein jour,En agglomération,Hors intersection,Normale,Autre collision,,,,,,,,,,,1,2,1,1,6.0
201600058383,0016-06-17 14:10:00,16,6,17,14,10,972,209,"4, LEOPOLD BISSOL (BOULE",,,Plein jour,En agglomération,Hors intersection,Normale,Deux véhicules - frontale,,,,,,,,,,,1,2,1,1,1.0
201600058384,0016-06-25 04:45:00,16,6,25,4,45,972,209,"1, AUTOROUTE (A1)",,,Crépuscule ou aube,Hors agglomération,Hors intersection,Normale,Deux véhicules - arrière,,,,,,,,,,,2,1,1,1,2.0
201600058385,0016-05-15 06:45:00,16,5,15,6,45,972,209,"3, RD 41 (ROCADE)",,,Plein jour,En agglomération,Hors intersection,Normale,Sans collision,,,,,,,,,,,1,2,1,1,7.0
201600058386,0016-05-19 21:20:00,16,5,19,21,20,972,209,"3, CHATEAUBOEUF (ROUTE D",,,Nuit avec éclairage allumé,En agglomération,Hors intersection,Normale,Trois véhicules et plus - collisions multiples,,,,,,,,,,,5,2,1,1,5.0
201600058387,0016-05-24 19:09:00,16,5,24,19,9,972,209,MAURICE BISHOP (AVENUE),,,Nuit avec éclairage allumé,En agglomération,Hors intersection,Normale,Trois véhicules et plus - collisions multiples,,,,,,,,,,,5,2,1,1,5.0
201600058388,0016-07-01 15:30:00,16,7,1,15,30,972,209,"4, DORSALE (RUE DE LA )",,,Plein jour,En agglomération,Autre intersection,Normale,Deux véhicules - côté,,,,,,,,,,,1,2,9,1,3.0
201600058389,0016-07-14 04:55:00,16,7,14,4,55,972,209,"1, AUTOROUTE (A1)",,,Nuit sans éclairage public,Hors agglomération,Hors intersection,Normale,Deux véhicules - arrière,,,,,,,,,,,3,1,1,1,2.0
201600058390,0016-07-15 16:10:00,16,7,15,16,10,972,209,"4, HUBERT RENE GAMESS (B",,,Plein jour,Hors agglomération,Hors intersection,Normale,Deux véhicules - côté,,,,,,,,,,,1,1,1,1,3.0
201600058391,0016-07-17 20:15:00,16,7,17,20,15,972,209,"2, RN9",,,Nuit sans éclairage public,Hors agglomération,Hors intersection,Normale,Autre collision,,,,,,,,,,,3,1,1,1,6.0
201600058392,0016-07-22 07:10:00,16,7,22,7,10,972,209,"2, RN9",,,Plein jour,Hors agglomération,Intersection en X,Normale,Deux véhicules - côté,,,,,,,,,,,1,1,2,1,3.0
201600058393,0016-06-03 08:00:00,16,6,3,8,0,972,209,"2, MAURICE BISHOP (AVENU",,,Plein jour,Hors agglomération,Hors intersection,Normale,Autre collision,,,,,,,,,,,1,1,1,1,6.0
201600058394,0016-06-04 08:10:00,16,6,4,8,10,972,209,"2, RD 41 (ROCADE)",,,Plein jour,En agglomération,Hors intersection,Normale,Sans collision,,,,,,,,,,,1,2,1,1,7.0
201600058395,0016-06-10 16:04:00,16,6,10,16,4,972,209,"2, MAURICE BISHOP (AVENU",,,Plein jour,En agglomération,Hors intersection,Normale,Autre collision,,,,,,,,,,,1,2,1,1,6.0
201600058396,0016-06-11 02:10:00,16,6,11,2,10,972,209,"2, MAURICE BISHOP (AVENU",,,Nuit avec éclairage allumé,En agglomération,Intersection en X,Normale,Deux véhicules - côté,,,,,,,,,,,5,2,2,1,3.0
201600058397,0016-06-18 05:30:00,16,6,18,5,30,972,209,"2, BALATA (ROUTE DE)",,,Crépuscule ou aube,Hors agglomération,Hors intersection,Normale,Sans collision,,,,,,,,,,,2,1,1,1,7.0
201600058398,0016-06-19 09:40:00,16,6,19,9,40,972,209,"3, RD 41 (ROCADE)",,,Plein jour,Hors agglomération,Hors intersection,Normale,Autre collision,,,,,,,,,,,1,1,1,1,6.0
201600058399,0016-06-19 16:40:00,16,6,19,16,40,972,209,"3, RD 41 (ROCADE)",,,Plein jour,Hors agglomération,Hors intersection,Normale,Sans collision,,,,,,,,,,,1,1,1,1,7.0
201600058400,0016-06-24 21:35:00,16,6,24,21,35,972,209,"1, AUTOROUTE (A1)",,,Nuit avec éclairage allumé,Hors agglomération,Hors intersection,Normale,Autre collision,,,,,,,,,,,5,1,1,1,6.0
201600058401,0016-07-06 07:30:00,16,7,6,7,30,972,209,"4, ALLEGRE (BOULEVARD)",,,Plein jour,En agglomération,Hors intersection,Normale,Autre collision,,,,,,,,,,,1,2,1,1,6.0
201600058402,0016-07-10 18:45:00,16,7,10,18,45,972,209,"3, SOLEIL LEVANT (BOULEV",,,Nuit avec éclairage allumé,Hors agglomération,Intersection en X,Normale,Autre collision,,,,,,,,,,,5,1,2,1,6.0
201600058403,0016-07-26 11:10:00,16,7,26,11,10,972,209,"2, MAURICE BISHOP (AVENU",,,Plein jour,En agglomération,Intersection en T,Normale,Deux véhicules - côté,,,,,,,,,,,1,2,3,1,3.0
201600058404,0016-07-26 12:05:00,16,7,26,12,5,972,209,"4, JUDES TURIAF (AVENUE",,,Plein jour,En agglomération,Intersection en X,Normale,Deux véhicules - côté,,,,,,,,,,,1,2,2,1,3.0
201600058405,0016-09-22 08:17:00,16,9,22,8,17,972,209,"3, VICTOR LAMON (AVENUE)",14.60679,61.05677,Plein jour,En agglomération,Hors intersection,Normale,Autre collision,,,,,,,,,,,1,2,1,1,6.0
201600058406,0016-08-03 19:55:00,16,8,3,19,55,972,209,"4, ISAMBERT (RUE)",,,Plein jour,En agglomération,Intersection en X,Normale,Deux véhicules - côté,,,,,,,,,,,1,2,2,1,3.0
201600058407,0016-08-05 19:44:00,16,8,5,19,44,972,209,"3, RD 41 (ROCADE)",,,Nuit avec éclairage allumé,Hors agglomération,Hors intersection,Normale,Autre collision,,,,,,,,,,,5,1,1,1,6.0
201600058408,0016-08-07 14:10:00,16,8,7,14,10,972,209,"4, VICTOR SEVERE (RUE)",,,Plein jour,En agglomération,Intersection en X,Normale,Deux véhicules - côté,,,,,,,,,,,1,2,2,1,3.0
201600058409,0016-08-12 23:04:00,16,8,12,23,4,972,209,"3, DIDIER (ROUTE DE)",14.62761,61.07947,Nuit avec éclairage allumé,Hors agglomération,Hors intersection,Normale,Autre collision,,,,,,,,,,,5,1,1,1,6.0
201600058410,0016-08-25 12:55:00,16,8,25,12,55,972,209,"3, SOLEIL LEVANT (BOULEV",,,Plein jour,Hors agglomération,Intersection en X,Normale,Autre collision,,,,,,,,,,,1,1,2,1,6.0
201600058411,0016-08-30 12:00:00,16,8,30,12,0,972,209,"2, MAURICE BISHOP (AVENU",,,Plein jour,En agglomération,Hors intersection,Normale,Sans collision,,,,,,,,,,,1,2,1,1,7.0
201600058412,0016-09-02 14:50:00,16,9,2,14,50,972,209,"2, MAURICE BISHOP (AVENU",14.6038,61.06142,Plein jour,En agglomération,Autre intersection,Normale,Autre collision,,,,,,,,,,,1,2,9,1,6.0
201600058413,0016-09-04 12:15:00,16,9,4,12,15,972,209,"4, OSMAN NADEAU (CHEMIN)",14.63087,61.06173,Plein jour,En agglomération,Hors intersection,Normale,Autre collision,,,,,,,,,,,1,2,1,1,6.0
201600058414,0016-09-10 21:20:00,16,9,10,21,20,972,209,"1, AUTOROUTE (A1)",14.61818,61.03809,Nuit avec éclairage allumé,Hors agglomération,Hors intersection,Normale,Deux véhicules - arrière,,,,,,,,,,,5,1,1,1,2.0
201600058415,0016-09-24 04:10:00,16,9,24,4,10,972,209,"3, RD 41 (ROCADE)",,,Nuit avec éclairage allumé,En agglomération,Hors intersection,Temps couvert,Sans collision,,,,,,,,,,,5,2,1,8,7.0
201600058416,0016-09-30 23:10:00,16,9,30,23,10,972,209,"2, MAURICE BISHOP (AVENU",,,Nuit avec éclairage allumé,En agglomération,Hors intersection,Normale,Deux véhicules - frontale,,,,,,,,,,,5,2,1,1,1.0
201600058417,0016-10-11 07:25:00,16,10,11,7,25,972,209,"4, VENELLE (IMPASSE DE L",,,Plein jour,Hors agglomération,Hors intersection,Normale,Autre collision,,,,,,,,,,,1,1,1,1,6.0