accident_id,datetime,annee,mois,jour,heure,minute,departement,commune_insee,adresse,latitude,longitude,luminosite,agglomeration,intersection,meteo,collision,nb_vehicules,nb_usagers,nb_indemnes,nb_tues,nb_blesses_hosp,nb_blesses_legers,age_cond_1,age_cond_2,veh_type_cond_1,veh_type_cond_2,lum_code,agg_code,int_code,atm_code,col_code
201600058418,0016-11-06 21:30:00,16,11,6,21,30,972,209,"3, PROFESSEUR RAYMOND GA",,,Nuit avec éclairage allumé,Hors agglomération,Hors intersection,Normale,Deux véhicules - frontale,,,,,,,,,,,5,1,1,1,1.0
201600058419,0016-09-30 09:00:00,16,9,30,9,0,972,209,"2, BALATA (ROUTE DE)",,,Plein jour,Hors agglomération,Hors intersection,Normale,Autre collision,,,,,,,,,,,1,1,1,1,6.0
201600058420,0016-11-09 18:50:00,16,11,9,18,50,972,209,"3, SOLEIL LEVANT (BOULEV",14.62591,61.03914,Nuit avec éclairage allumé,Hors agglomération,Hors intersection,Normale,Autre collision,,,,,,,,,,,5,1,1,1,6.0
201600058421,0016-10-10 22:04:00,16,10,10,22,4,972,209,"4, ERNEST DEPROGE (RUE)",,,Nuit avec éclairage allumé,En agglomération,Hors intersection,Normale,Autre collision,,,,,,,,,,,5,2,1,1,6.0
201600058422,0016-10-11 12:15:00,16,10,11,12,15,972,209,"3, RD 41 (ROCADE)",,,Plein jour,Hors agglomération,Hors intersection,Normale,Autre collision,,,,,,,,,,,1,1,1,1,6.0
201600058423,0016-10-12 16:10:00,16,10,12,16,10,972,209,"4, 22 MAI 1848 (RUE)",,,Plein jour,En agglomération,Hors intersection,Normale,Autre collision,,,,,,,,,,,1,2,1,1,6.0
201600058424,0016-10-15 01:35:00,16,10,15,1,35,972,209,"2, MAURICE BISHOP (AVENU",14.60869,61.05607,Nuit avec éclairage allumé,En agglomération,Hors intersection,Normale,Autre collision,,,,,,,,,,,5,2,1,1,6.0
201600058425,0016-10-20 08:04:00,16,10,20,8,4,972,209,"3, PROFESSEUR RAYMOND GA",,,Plein jour,Hors agglomération,Hors intersection,Normale,Autre collision,,,,,,,,,,,1,1,1,1,6.0
201600058426,0016-10-22 20:19:00,16,10,22,20,19,972,209,"2, ROBERT ATTULY (BOULEV",,,Nuit avec éclairage allumé,En agglomération,Hors intersection,Normale,Deux véhicules - frontale,,,,,,,,,,,5,2,1,1,1.0
201600058427,0016-10-23 18:15:00,16,10,23,18,15,972,209,"2, BALATA (ROUTE DE)",,,Nuit avec éclairage allumé,Hors agglomération,Hors intersection,Temps couvert,Autre collision,,,,,,,,,,,5,1,1,8,6.0
201600058428,0016-10-30 20:15:00,16,10,30,20,15,972,209,"3, ALFASSA (BOULEVARD)",14.60319,61.07006,Nuit avec éclairage allumé,En agglomération,Hors intersection,Normale,Autre collision,,,,,,,,,,,5,2,1,1,6.0
201600058429,0016-10-31 16:40:00,16,10,31,16,40,972,209,"4, EAUX DECOUPEES (CHEMI",,,Plein jour,En agglomération,Hors intersection,Normale,Autre collision,,,,,,,,,,,1,2,1,1,6.0
201600058430,0016-11-05 18:55:00,16,11,5,18,55,972,209,"2, GENERAL DE GAULLE (BL",14.607,61.06718,Nuit avec éclairage allumé,En agglomération,Hors intersection,Normale,Autre collision,,,,,,,,,,,5,2,1,1,6.0
201600058431,0016-11-07 09:20:00,16,11,7,9,20,972,209,"4, ALLEGRE (BOULEVARD)",14.60711,61.07258,Plein jour,En agglomération,Hors intersection,Normale,Autre collision,,,,,,,,,,,1,2,1,1,6.0
201600058432,0016-11-10 10:30:00,16,11,10,10,30,972,209,"3, MOUTTE (ROUTE DE)",,,Plein jour,Hors agglomération,Intersection en T,Normale,Deux véhicules - côté,,,,,,,,,,,1,1,3,1,3.0
201600058433,0016-11-11 18:15:00,16,11,11,18,15,972,209,"2, BALATA (ROUTE DE)",14.62916,61.07231,Nuit avec éclairage allumé,Hors agglomération,Hors intersection,Normale,Trois véhicules et plus - collisions multiples,,,,,,,,,,,5,1,1,1,5.0
201600058434,0016-11-12 03:05:00,16,11,12,3,5,972,209,"3, CHATEAUBOEUF (ROUTE D",14.61957,61.04377,Nuit avec éclairage allumé,En agglomération,Hors intersection,Temps couvert,Deux véhicules - frontale,,,,,,,,,,,5,2,1,8,1.0
201600058435,0016-11-13 11:15:00,16,11,13,11,15,972,209,"3, HAMEAUX (AVENUE DES)",14.62032,61.05092,Plein jour,En agglomération,Hors intersection,Normale,Autre collision,,,,,,,,,,,1,2,1,1,6.0
201600058436,0016-11-14 16:35:00,16,11,14,16,35,972,209,"2, ROBERT ATTULY (BOULEV",14.60269,61.07635,Plein jour,En agglomération,Hors intersection,Normale,Autre collision,,,,,,,,,,,1,2,1,1,6.0
201600058437,0016-11-22 21:00:00,16,11,22,21,0,972,213,ROUTE NATIONALE 5,,,Nuit avec éclairage non allumé,Hors agglomération,Hors intersection,Normale,Autre collision,,,,,,,,,,,4,1,1,1,6.0
201600058438,0016-11-26 21:05:00,16,11,26,21,5,972,213,AUTOROUTE A1,,,Nuit avec éclairage allumé,Hors agglomération,Hors intersection,Normale,Trois véhicules et plus - en chaîne,,,,,,,,,,,5,1,1,1,4.0
201600058439,0016-11-27 01:30:00,16,11,27,1,30,972,213,AUTOROUTE A1,,,Nuit sans éclairage public,Hors agglomération,Hors intersection,Normale,Deux véhicules - côté,,,,,,,,,,,3,1,1,1,3.0
201600058440,0016-12-10 14:25:00,16,12,10,14,25,972,213,AUTOROUTE A1,14.60712,61.00441,Plein jour,Hors agglomération,Hors intersection,Normale,Trois véhicules et plus - en chaîne,,,,,,,,,,,1,1,1,1,4.0
201600058441,0016-12-14 06:45:00,16,12,14,6,45,972,213,AUTOROUTE A1,,,Plein jour,Hors agglomération,Hors intersection,Normale,Deux véhicules - côté,,,,,,,,,,,1,1,1,1,3.0
201600058442,0016-12-14 16:50:00,16,12,14,16,50,972,213,AEROPORT (ROND POINT DE,14.5983,61.00134,Plein jour,Hors agglomération,Giratoire,Normale,Deux véhicules - côté,,,,,,,,,,,1,1,6,1,3.0
201600058443,0016-12-15 15:55:00,16,12,15,15,55,972,213,ROUTE DEPARTEMENTALE 15,14.6262,61.00795,Plein jour,Hors agglomération,Hors intersection,Normale,Deux véhicules - côté,,,,,,,,,,,1,1,1,1,3.0
201600058444,0016-12-16 22:20:00,16,12,16,22,20,972,213,AUTOROUTE A1,14.61821,61.02776,Nuit avec éclairage allumé,Hors agglomération,Hors intersection,Normale,Sans collision,,,,,,,,,,,5,1,1,1,7.0
201600058445,0016-12-21 05:20:00,16,12,21,5,20,972,213,ROUTE DEPARTEMENTALE 15,14.6253,61.00727,Nuit avec éclairage allumé,Hors agglomération,Hors intersection,Normale,Deux véhicules - frontale,,,,,,,,,,,5,1,1,1,1.0
201600058446,0016-12-21 08:25:00,16,12,21,8,25,972,213,ROUTE DEPARTEMENTALE 15,,,Plein jour,Hors agglomération,Hors intersection,Normale,Deux véhicules - côté,,,,,,,,,,,1,1,1,1,3.0
201600058447,0016-12-24 15:30:00,16,12,24,15,30,972,213,MORNE PITAULT (ROUTE DE),,,Plein jour,Hors agglomération,Hors intersection,Normale,Autre collision,,,,,,,,,,,1,1,1,1,6.0
201600058448,0016-01-01 17:45:00,16,1,1,17,45,972,213,ROUTE DEPARTEMENTALE 13,,,Crépuscule ou aube,Hors agglomération,Hors intersection,Normale,Deux véhicules - frontale,,,,,,,,,,,2,1,1,1,1.0
201600058449,0016-01-03 13:35:00,16,1,3,13,35,972,213,AUTOROUTE A1,,,Plein jour,Hors agglomération,Hors intersection,Normale,Autre collision,,,,,,,,,,,1,1,1,1,6.0
201600058450,0016-01-05 08:50:00,16,1,5,8,50,972,213,ROUTE DEPARTEMENTALE 15,,,Plein jour,Hors agglomération,Hors intersection,Pluie forte,Autre collision,,,,,,,,,,,1,1,1,3,6.0
201600058451,0016-01-06 16:52:00,16,1,6,16,52,972,213,Z I LA LEZARDE,,,Plein jour,Hors agglomération,Autre intersection,Normale,Sans collision,,,,,,,,,,,1,1,9,1,7.0
201600058452,0016-01-17 19:45:00,16,1,17,19,45,972,213,ROUTE DEPARTEMENTALE 14,,,Nuit sans éclairage public,Hors agglomération,Hors intersection,Normale,Deux véhicules - frontale,,,,,,,,,,,3,1,1,1,1.0
201600058453,0016-01-26 13:25:00,16,1,26,13,25,972,213,ROUTE DEPARTEMENTALE 3,,,Plein jour,Hors agglomération,Hors intersection,Normale,Deux véhicules - frontale,,,,,,,,,,,1,1,1,1,1.0
201600058454,0016-01-01 06:00:00,16,1,1,6,0,972,213,ROUTE NATIONALE 1,,,Crépuscule ou aube,Hors agglomération,Hors intersection,Normale,Deux véhicules - arrière,,,,,,,,,,,2,1,1,1,2.0
201600058455,0016-01-04 07:50:00,16,1,4,7,50,972,213,Z I LA JAMBETTE,,,Plein jour,Hors agglomération,Hors intersection,Normale,Deux véhicules - arrière,,,,,,,,,,,1,1,1,1,2.0
201600058456,0016-01-26 20:37:00,16,1,26,20,37,972,213,ROUTE DEPARTEMENTALE 15,,,Plein jour,Hors agglomération,Hors intersection,Normale,Deux véhicules - côté,,,,,,,,,,,1,1,1,1,3.0
201600058457,0016-02-05 13:15:00,16,2,5,13,15,972,213,ROUTE DEPARTEMENTALE 14,,,Plein jour,Hors agglomération,Hors intersection,Normale,Deux véhicules - frontale,,,,,,,,,,,1,1,1,1,1.0
201600058458,0016-02-05 23:10:00,16,2,5,23,10,972,213,AUTOROUTE A1,,,Nuit avec éclairage allumé,Hors agglomération,Hors intersection,Normale,Deux véhicules - arrière,,,,,,,,,,,5,1,1,1,2.0
201600058459,0016-02-23 21:15:00,16,2,23,21,15,972,213,AUTOROUTE A1,,,Nuit avec éclairage allumé,Hors agglomération,Hors intersection,Normale,Trois véhicules et plus - en chaîne,,,,,,,,,,,5,1,1,1,4.0
201600058460,0016-02-29 16:30:00,16,2,29,16,30,972,213,ROUTE DEPARTEMENTALE 3,,,Plein jour,En agglomération,Intersection en X,Normale,Deux véhicules - côté,,,,,,,,,,,1,2,2,1,3.0
201600058461,0016-03-09 09:45:00,16,3,9,9,45,972,213,ROUTE DEPARTEMENTALE 15,,,Plein jour,Hors agglomération,Hors intersection,Normale,Deux véhicules - arrière,,,,,,,,,,,1,1,1,1,2.0
201600058462,0016-03-09 13:45:00,16,3,9,13,45,972,213,VIEUX CHEMIN CALIFORNIE,,,Plein jour,Hors agglomération,Hors intersection,Normale,Sans collision,,,,,,,,,,,1,1,1,1,7.0
201600058463,0016-03-10 13:45:00,16,3,10,13,45,972,213,ROUTE DEPARTEMENTALE 15,,,Plein jour,Hors agglomération,Hors intersection,Normale,Deux véhicules - côté,,,,,,,,,,,1,1,1,1,3.0
201600058464,0016-03-12 14:30:00,16,3,12,14,30,972,213,ROUTE DEPARTEMENTALE 3,,,Plein jour,Hors agglomération,Hors intersection,Normale,Deux véhicules - arrière,,,,,,,,,,,1,1,1,1,2.0
201600058465,0016-03-18 06:50:00,16,3,18,6,50,972,213,ROUTE NATIONALE 6,,,Plein jour,Hors agglomération,Hors intersection,Normale,Deux véhicules - arrière,,,,,,,,,,,1,1,1,1,2.0
201600058466,0016-04-11 16:30:00,16,4,11,16,30,972,213,ROUTE DEPARTEMENTALE 14,,,Plein jour,Hors agglomération,Intersection en T,Normale,Deux véhicules - côté,,,,,,,,,,,1,1,3,1,3.0
201600058467,0016-04-17 11:20:00,16,4,17,11,20,972,213,NELSON MANDELA,,,Plein jour,En agglomération,Hors intersection,Normale,Deux véhicules - arrière,,,,,,,,,,,1,2,1,1,2.0
201600058468,0016-04-21 00:05:00,16,4,21,0,5,972,213,"122, ACAJOU PROLONGEE",,,Nuit avec éclairage allumé,Hors agglomération,Hors intersection,Normale,Autre collision,,,,,,,,,,,5,1,1,1,6.0
201600058469,0016-04-25 00:30:00,16,4,25,0,30,972,213,ROUTE NATIONALE 1,,,Nuit avec éclairage non allumé,Hors agglomération,Hors intersection,Normale,Deux véhicules - arrière,,,,,,,,,,,4,1,1,1,2.0
201600058470,0016-04-26 18:00:00,16,4,26,18,0,972,213,ROUTE DEPARTEMENTALE 14,,,Plein jour,Hors agglomération,Hors intersection,Normale,Deux véhicules - côté,,,,,,,,,,,1,1,1,1,3.0
201600058471,0016-04-27 07:10:00,16,4,27,7,10,972,213,"30, NELSON MANDELA",,,Plein jour,En agglomération,Hors intersection,Normale,Autre collision,,,,,,,,,,,1,2,1,1,6.0
201600058472,0016-04-28 07:30:00,16,4,28,7,30,972,213,"1, Z I LA LEZARDE",,,Plein jour,Hors agglomération,Hors intersection,Normale,Deux véhicules - côté,,,,,,,,,,,1,1,1,1,3.0
201600058473,0016-05-08 06:00:00,16,5,8,6,0,972,213,ROUTE DEPARTEMENTALE 3,,,Crépuscule ou aube,Hors agglomération,Hors intersection,Normale,Deux véhicules - côté,,,,,,,,,,,2,1,1,1,3.0
201600058474,0016-05-09 15:30:00,16,5,9,15,30,972,213,AUTOROUTE A1,,,Plein jour,Hors agglomération,Hors intersection,Normale,Deux véhicules - arrière,,,,,,,,,,,1,1,1,1,2.0
201600058475,0016-05-14 03:30:00,16,5,14,3,30,972,213,AUTOROUTE A1,,,Nuit avec éclairage non allumé,Hors agglomération,Hors intersection,Normale,Deux véhicules - arrière,,,,,,,,,,,4,1,1,1,2.0
201600058476,0016-05-14 04:30:00,16,5,14,4,30,972,213,ROUTE DEPARTEMENTALE 14,,,Nuit avec éclairage allumé,Hors agglomération,Hors intersection,Temps couvert,Deux véhicules - arrière,,,,,,,,,,,5,1,1,8,2.0
201600058477,0016-05-20 06:00:00,16,5,20,6,0,972,213,ROUTE DEPARTEMENTALE 15,,,Crépuscule ou aube,Hors agglomération,Hors intersection,Normale,Sans collision,,,,,,,,,,,2,1,1,1,7.0
201600058478,0016-05-24 11:30:00,16,5,24,11,30,972,213,AUTOROUTE A1,,,Plein jour,Hors agglomération,Hors intersection,Normale,Deux véhicules - côté,,,,,,,,,,,1,1,1,1,3.0
201600058479,0016-05-24 17:20:00,16,5,24,17,20,972,213,AUTOROUTE A1,,,Plein jour,Hors agglomération,Hors intersection,Normale,Deux véhicules - arrière,,,,,,,,,,,1,1,1,1,2.0
201600058480,0016-05-24 20:30:00,16,5,24,20,30,972,213,ROUTE NATIONALE 1,,,Nuit avec éclairage allumé,Hors agglomération,Giratoire,Normale,Deux véhicules - côté,,,,,,,,,,,5,1,6,1,3.0
201600058481,0016-05-29 00:20:00,16,5,29,0,20,972,213,AUTOROUTE A1,,,Nuit avec éclairage allumé,Hors agglomération,Hors intersection,Normale,Autre collision,,,,,,,,,,,5,1,1,1,6.0
201600058482,0016-06-03 12:20:00,16,6,3,12,20,972,213,ROUTE NATIONALE 1,,,Plein jour,Hors agglomération,Hors intersection,Normale,Trois véhicules et plus - en chaîne,,,,,,,,,,,1,1,1,1,4.0
201600058483,0016-06-10 18:15:00,16,6,10,18,15,972,213,ROUTE DEPARTEMENTALE 3,,,Nuit avec éclairage allumé,En agglomération,Hors intersection,Normale,Deux véhicules - frontale,,,,,,,,,,,5,2,1,1,1.0
201600058484,0016-06-11 01:45:00,16,6,11,1,45,972,213,AUTOROUTE A1,,,Nuit avec éclairage allumé,Hors agglomération,Hors intersection,Normale,Trois véhicules et plus - en chaîne,,,,,,,,,,,5,1,1,1,4.0
201600058485,0016-06-16 20:45:00,16,6,16,20,45,972,213,ROUTE NATIONALE 1,,,Nuit avec éclairage allumé,Hors agglomération,Hors intersection,Normale,Deux véhicules - arrière,,,,,,,,,,,5,1,1,1,2.0
201600058486,0016-06-17 14:30:00,16,6,17,14,30,972,213,ROUTE DEPARTEMENTALE 3,,,Plein jour,Hors agglomération,Hors intersection,Normale,Deux véhicules - frontale,,,,,,,,,,,1,1,1,1,1.0
201600058487,0016-06-21 14:30:00,16,6,21,14,30,972,213,ROUTE NATIONALE 1,,,Plein jour,Hors agglomération,Intersection en X,Normale,Deux véhicules - côté,,,,,,,,,,,1,1,2,1,3.0
201600058488,0016-06-25 01:45:00,16,6,25,1,45,972,213,AUTOROUTE A1,,,Nuit avec éclairage allumé,Hors agglomération,Hors intersection,Normale,Autre collision,,,,,,,,,,,5,1,1,1,6.0
201600058489,0016-07-02 01:50:00,16,7,2,1,50,972,213,BASSE GONDEAU (CHEMIN RU,,,Nuit avec éclairage allumé,Hors agglomération,Hors intersection,Normale,Sans collision,,,,,,,,,,,5,1,1,1,7.0
201600058490,0016-07-07 14:50:00,16,7,7,14,50,972,213,ROUTE NATIONALE 5,,,Plein jour,Hors agglomération,Hors intersection,Normale,Deux véhicules - côté,,,,,,,,,,,1,1,1,1,3.0
201600058491,0016-07-10 19:00:00,16,7,10,19,0,972,213,ROUTE NATIONALE 1,,,Nuit avec éclairage allumé,Hors agglomération,Hors intersection,Normale,Deux véhicules - arrière,,,,,,,,,,,5,1,1,1,2.0
201600058492,0016-07-17 05:30:00,16,7,17,5,30,972,213,AUTOROUTE A1,,,Crépuscule ou aube,Hors agglomération,Hors intersection,Normale,Sans collision,,,,,,,,,,,2,1,1,1,7.0
201600058493,0016-07-23 02:00:00,16,7,23,2,0,972,213,AUTOROUTE A1,,,Nuit avec éclairage allumé,Hors agglomération,Hors intersection,Pluie légère,Deux véhicules - arrière,,,,,,,,,,,5,1,1,2,2.0
201600058494,0016-07-26 00:58:00,16,7,26,0,58,972,213,ROUTE NATIONALE 5,,,Nuit avec éclairage allumé,Hors agglomération,Hors intersection,Normale,Deux véhicules - arrière,,,,,,,,,,,5,1,1,1,2.0
201600058495,0016-07-27 00:04:00,16,7,27,0,4,972,213,ROUTE NATIONALE 1,,,Nuit avec éclairage allumé,Hors agglomération,Giratoire,Normale,Deux véhicules - côté,,,,,,,,,,,5,1,6,1,3.0
201600058496,0016-07-27 09:30:00,16,7,27,9,30,972,213,AUTOROUTE A1,,,Plein jour,Hors agglomération,Intersection en T,Normale,Deux véhicules - côté,,,,,,,,,,,1,1,3,1,3.0
201600058497,0016-07-30 04:50:00,16,7,30,4,50,972,213,ROUTE NATIONALE 1,,,Crépuscule ou aube,Hors agglomération,Giratoire,Normale,Deux véhicules - frontale,,,,,,,,,,,2,1,6,1,1.0
201600058498,0016-08-01 19:00:00,16,8,1,19,0,972,213,ROUTE DEPARTEMENTALE 13,,,Nuit avec éclairage allumé,Hors agglomération,Hors intersection,Normale,Deux véhicules - côté,,,,,,,,,,,5,1,1,1,3.0
201600058499,0016-08-06 10:30:00,16,8,6,10,30,972,213,ROUTE DEPARTEMENTALE 15,,,Plein jour,En agglomération,Hors intersection,Normale,Autre collision,,,,,,,,,,,1,2,1,1,6.0
201600058500,0016-08-07 22:04:00,16,8,7,22,4,972,213,AUTOROUTE A1,,,Nuit avec éclairage non allumé,Hors agglomération,Hors intersection,Normale,Trois véhicules et plus - collisions multiples,,,,,,,,,,,4,1,1,1,5.0
201600058501,0016-08-07 22:30:00,16,8,7,22,30,972,213,AUTOROUTE A1,,,Nuit avec éclairage allumé,Hors agglomération,Hors intersection,Normale,Sans collision,,,,,,,,,,,5,1,1,1,7.0
201600058502,0016-08-09 12:50:00,16,8,9,12,50,972,213,ACAJOU PROLONGEE,,,Plein jour,En agglomération,Hors intersection,Normale,Autre collision,,,,,,,,,,,1,2,1,1,6.0
201600058503,0016-08-11 14:00:00,16,8,11,14,0,972,213,ROUTE DEPARTEMENTALE 3,,,Plein jour,Hors agglomération,Hors intersection,Normale,Trois véhicules et plus - en chaîne,,,,,,,,,,,1,1,1,1,4.0
201600058504,0016-08-12 14:30:00,16,8,12,14,30,972,213,ROUTE NATIONALE 5,,,Plein jour,Hors agglomération,Hors intersection,Normale,Deux véhicules - arrière,,,,,,,,,,,1,1,1,1,2.0
201600058505,0016-08-19 01:30:00,16,8,19,1,30,972,213,ROUTE NATIONALE 5,,,Nuit avec éclairage allumé,Hors agglomération,Hors intersection,Normale,Autre collision,,,,,,,,,,,5,1,1,1,6.0
201600058506,0016-08-20 06:10:00,16,8,20,6,10,972,213,ROUTE DEPARTEMENTALE 3 B,,,Crépuscule ou aube,En agglomération,Intersection en T,Normale,Deux véhicules - côté,,,,,,,,,,,2,2,3,1,3.0
201600058507,0016-08-20 15:00:00,16,8,20,15,0,972,213,"15, MAIRIE",,,Plein jour,Hors agglomération,Hors intersection,Normale,Deux véhicules - frontale,,,,,,,,,,,1,1,1,1,1.0
201600058508,0016-08-26 17:00:00,16,8,26,17,0,972,213,"56, DUCHESNES 1",,,Plein jour,Hors agglomération,Hors intersection,Normale,Deux véhicules - frontale,,,,,,,,,,,1,1,1,1,1.0
201600058509,0016-09-03 18:56:00,16,9,3,18,56,972,213,AUTOROUTE A1,,,Crépuscule ou aube,Hors agglomération,Hors intersection,Normale,Deux véhicules - côté,,,,,,,,,,,2,1,1,1,3.0
201600058510,0016-10-03 15:25:00,16,10,3,15,25,972,213,AUTOROUTE A1,,,Plein jour,Hors agglomération,Hors intersection,Normale,Trois véhicules et plus - collisions multiples,,,,,,,,,,,1,1,1,1,5.0
201600058511,0016-11-28 20:10:00,16,11,28,20,10,972,213,ROUTE NATIONALE 1,,,Nuit sans éclairage public,Hors agglomération,Hors intersection,Pluie forte,Autre collision,,,,,,,,,,,3,1,1,3,6.0
201600058512,0016-10-26 20:20:00,16,10,26,20,20,972,213,AUTOROUTE A1,,,Nuit avec éclairage allumé,Hors agglomération,Hors intersection,Normale,Deux véhicules - côté,,,,,,,,,,,5,1,1,1,3.0
201600058513,0016-10-21 01:25:00,16,10,21,1,25,972,213,AUTOROUTE A1,,,Nuit avec éclairage allumé,Hors agglomération,Hors intersection,Normale,Deux véhicules - arrière,,,,,,,,,,,5,1,1,1,2.0
201600058514,0016-09-12 00:45:00,16,9,12,0,45,972,213,ROUTE DEPARTEMENTALE 3,,,Nuit sans éclairage public,Hors agglomération,Hors intersection,Normale,Deux véhicules - côté,,,,,,,,,,,3,1,1,1,3.0
201600058515,0016-10-15 06:10:00,16,10,15,6,10,972,213,ROUTE NATIONALE 6,,,Nuit avec éclairage allumé,Hors agglomération,Giratoire,Normale,Autre collision,,,,,,,,,,,5,1,6,1,6.0
201600058516,0016-09-16 14:00:00,16,9,16,14,0,972,213,ROUTE DEPARTEMENTALE 3,,,Plein jour,Hors agglomération,Hors intersection,Normale,Trois véhicules et plus - collisions multiples,,,,,,,,,,,1,1,1,1,5.0
201600058517,0016-09-18 07:20:00,16,9,18,7,20,972,213,ROUTE DEPARTEMENTALE 14,,,Plein jour,Hors agglomération,Hors intersection,Normale,Deux véhicules - côté,,,,,,,,,,,1,1,1,1,3.0
201600058518,0016-09-21 19:50:00,16,9,21,19,50,972,213,DUCHESNES 1,,,Plein jour,Hors agglomération,Hors intersection,Normale,Deux véhicules - frontale,,,,,,,,,,,1,1,1,1,1.0
201600058519,0016-09-22 14:50:00,16,9,22,14,50,972,213,FLORAINDRE ( RUE DE),,,Plein jour,En agglomération,Hors intersection,Normale,Deux véhicules - côté,,,,,,,,,,,1,2,1,1,3.0
201600058520,0016-11-10 14:00:00,16,11,10,14,0,972,213,"6, NELSON MANDELA",,,Plein jour,En agglomération,Hors intersection,Normale,Autre collision,,,,,,,,,,,1,2,1,1,6.0
201600058521,0016-11-10 21:50:00,16,11,10,21,50,972,213,ROUTE NATIONALE 5,,,Nuit sans éclairage public,Hors agglomération,Hors intersection,Normale,Trois véhicules et plus - collisions multiples,,,,,,,,,,,3,1,1,1,5.0
201600058522,0016-11-12 20:20:00,16,11,12,20,20,972,213,ROUTE NATIONALE 5,,,Nuit avec éclairage allumé,Hors agglomération,Hors intersection,Normale,Deux véhicules - côté,,,,,,,,,,,5,1,1,1,3.0
201600058523,0016-11-19 08:00:00,16,11,19,8,0,972,213,ROUTE DEPARTEMENTALE 3,,,Plein jour,Hors agglomération,Hors intersection,Normale,Autre collision,,,,,,,,,,,1,1,1,1,6.0
201600058524,0016-11-17 11:30:00,16,11,17,11,30,972,213,ROUTE DEPARTEMENTALE 15,,,Plein jour,Hors agglomération,Hors intersection,Normale,Autre collision,,,,,,,,,,,1,1,1,1,6.0
201600058525,0016-11-20 12:20:00,16,11,20,12,20,972,213,AUTOROUTE A1,,,Plein jour,Hors agglomération,Hors intersection,Normale,Trois véhicules et plus - collisions multiples,,,,,,,,,,,1,1,1,1,5.0
201600058526,0016-01-01 16:10:00,16,1,1,16,10,973,302,"2066, TIGRE (ROUTE DU)",4.54363,5.21929,Plein jour,En agglomération,Hors intersection,Pluie légère,Sans collision,,,,,,,,,,,1,2,1,2,7.0
201600058527,0016-01-01 21:10:00,16,1,1,21,10,973,302,DIGUE RONJON,4.56012,5.21949,Nuit avec éclairage allumé,En agglomération,Intersection en T,Normale,Deux véhicules - côté,,,,,,,,,,,5,2,3,1,3.0
201600058528,0016-01-04 07:45:00,16,1,4,7,45,973,302,BARRAT (DU DOCTEUR),4.56156,5.2194,Crépuscule ou aube,En agglomération,Intersection en T,Pluie forte,Sans collision,,,,,,,,,,,2,2,3,3,7.0
201600058529,0016-01-06 08:04:00,16,1,6,8,4,973,302,"2844, MONTABO (ROUTE DE)",,,Plein jour,Hors agglomération,Hors intersection,Normale,Deux véhicules - côté,,,,,,,,,,,1,1,1,1,3.0
201600058530,0016-01-08 15:00:00,16,1,8,15,0,973,302,"1453, BADUEL (ROUTE DE)",4.55534,5.21823,Plein jour,En agglomération,Hors intersection,Normale,Deux véhicules - côté,,,,,,,,,,,1,2,1,1,3.0
201600058531,0016-01-08 17:55:00,16,1,8,17,55,973,302,CATAYEE (JUSTIN),4.55311,5.21923,Plein jour,En agglomération,Giratoire,Normale,Sans collision,,,,,,,,,,,1,2,6,1,7.0
201600058532,0016-01-08 18:45:00,16,1,8,18,45,973,302,CHATENAY (CITE),4.9424,52.31083,Crépuscule ou aube,En agglomération,Hors intersection,Normale,Autre collision,,,,,,,,,,,2,2,1,1,6.0
201600058533,0016-01-09 13:18:00,16,1,9,13,18,973,302,"43, CATAYEE (JUSTIN)",4.94094,52.33096,Plein jour,En agglomération,Intersection en X,Normale,Deux véhicules - côté,,,,,,,,,,,1,2,2,1,3.0
201600058534,0016-01-11 08:05:00,16,1,11,8,5,973,302,"10, FLAMBOYANTS (RUE DES",4.92382,52.32637,Plein jour,Hors agglomération,Hors intersection,Normale,Deux véhicules - côté,,,,,,,,,,,1,1,1,1,3.0
201600058535,0016-01-13 12:55:00,16,1,13,12,55,973,302,"471, BADUEL (ROUTE DE)",,,Plein jour,En agglomération,Hors intersection,Normale,Deux véhicules - côté,,,,,,,,,,,1,2,1,1,3.0
201600058536,0016-01-13 23:36:00,16,1,13,23,36,973,302,MANDELA  (BOULEVARD),4.93767,52.34326,Nuit avec éclairage allumé,En agglomération,Hors intersection,Normale,Deux véhicules - côté,,,,,,,,,,,5,2,1,1,3.0
201600058537,0016-01-13 19:58:00,16,1,13,19,58,973,302,"1, CABASSOU (CITE)",,,Crépuscule ou aube,En agglomération,Intersection en T,Normale,Deux véhicules - arrière,,,,,,,,,,,2,2,3,1,2.0
201600058538,0016-01-14 15:36:00,16,1,14,15,36,973,302,"3313, BADUEL (ROUTE DE)",4.92779,52.29165,Plein jour,En agglomération,Hors intersection,Normale,Deux véhicules - arrière,,,,,,,,,,,1,2,1,1,2.0
201600058539,0016-01-15 15:30:00,16,1,15,15,30,973,302,FELIX EBOUE(ROCADE),4.93877,52.33244,Plein jour,En agglomération,Hors intersection,Normale,Deux véhicules - arrière,,,,,,,,,,,1,2,1,1,2.0
201600058540,0016-01-15 13:35:00,16,1,15,13,35,973,302,"1077, BADUEL (ROUTE DE)",4.93386,52.31047,Plein jour,En agglomération,Hors intersection,Normale,Deux véhicules - côté,,,,,,,,,,,1,2,1,1,3.0
201600058541,0016-01-16 06:05:00,16,1,16,6,5,973,302,"4160, MONTABO (ROUTE DE)",4.55415,5.21724,Nuit avec éclairage allumé,En agglomération,Hors intersection,Normale,Deux véhicules - arrière,,,,,,,,,,,5,2,1,1,2.0
201600058542,0016-01-17 19:45:00,16,1,17,19,45,973,302,"2358, BADUEL (ROUTE DE)",4.92893,52.29986,Nuit avec éclairage allumé,En agglomération,Hors intersection,Normale,Deux véhicules - arrière,,,,,,,,,,,5,2,1,1,2.0
201600058543,0016-01-18 12:15:00,16,1,18,12,15,973,302,EAU-LISETTE (CITE),,,Plein jour,En agglomération,Hors intersection,Normale,Autre collision,,,,,,,,,,,1,2,1,1,6.0