accident_id,datetime,annee,mois,jour,heure,minute,departement,commune_insee,adresse,latitude,longitude,luminosite,agglomeration,intersection,meteo,collision,nb_vehicules,nb_usagers,nb_indemnes,nb_tues,nb_blesses_hosp,nb_blesses_legers,age_cond_1,age_cond_2,veh_type_cond_1,veh_type_cond_2,lum_code,agg_code,int_code,atm_code,col_code
201600058667,0016-05-09 12:15:00,16,5,9,12,15,973,302,"1035, BADUEL (ROUTE DE)",,,Plein jour,Hors agglomération,Hors intersection,Normale,Autre collision,,,,,,,,,,,1,1,1,1,6.0
201600058668,0016-05-09 17:19:00,16,5,9,17,19,973,302,"432, CATAYEE (JUSTIN)",4.9319,52.34072,Plein jour,Hors agglomération,Hors intersection,Normale,Deux véhicules - côté,,,,,,,,,,,1,1,1,1,3.0
201600058669,0016-05-11 10:59:00,16,5,11,10,59,973,302,"56, MANDELA  (BOULEVARD)",4.93957,52.34409,Plein jour,En agglomération,Hors intersection,Pluie forte,Autre collision,,,,,,,,,,,1,2,1,3,6.0
201600058670,0016-05-07 11:36:00,16,5,7,11,36,973,302,FLAMBOYANTS (RUE DES),,,Plein jour,En agglomération,Hors intersection,Normale,Autre collision,,,,,,,,,,,1,2,1,1,6.0
201600058671,0016-05-12 11:43:00,16,5,12,11,43,973,302,"1296, MADELEINE (ROUTE D",4.55127,52.19186,Plein jour,Hors agglomération,Hors intersection,Normale,Deux véhicules - arrière,,,,,,,,,,,1,1,1,1,2.0
201600058672,0016-05-12 16:53:00,16,5,12,16,53,973,302,MADELEINE (ROUTE DE LA),4.92452,52.32423,Plein jour,En agglomération,Hors intersection,Normale,Deux véhicules - côté,,,,,,,,,,,1,2,1,1,3.0
201600058673,0016-05-12 23:30:00,16,5,12,23,30,973,302,PACHECO (LOTISSEMENT),4.93642,52.29063,Nuit sans éclairage public,En agglomération,Hors intersection,Normale,Sans collision,,,,,,,,,,,3,2,1,1,7.0
201600058674,0016-05-13 14:25:00,16,5,13,14,25,973,302,"47, FELIX EBOUE(ROCADE)",4.55386,5.21909,Plein jour,En agglomération,Hors intersection,Normale,Deux véhicules - côté,,,,,,,,,,,1,2,1,1,3.0
201600058675,0016-05-14 11:31:00,16,5,14,11,31,973,302,BADUEL (ROUTE DE),4.93821,52.31677,Plein jour,En agglomération,Hors intersection,Normale,Deux véhicules - frontale,,,,,,,,,,,1,2,1,1,1.0
201600058676,0016-05-15 00:09:00,16,5,15,0,9,973,302,ARAGO (FRANCOIS),,,Nuit sans éclairage public,En agglomération,Hors intersection,Normale,Autre collision,,,,,,,,,,,3,2,1,1,6.0
201600058677,0016-05-16 19:15:00,16,5,16,19,15,973,302,"873, BADUEL (ROUTE DE)",4.56056,52.18427,Nuit avec éclairage allumé,En agglomération,Hors intersection,Normale,Deux véhicules - côté,,,,,,,,,,,5,2,1,1,3.0
201600058678,0016-05-17 10:17:00,16,5,17,10,17,973,302,MADELEINE (ROUTE DE LA),4.91915,52.34057,Plein jour,En agglomération,Hors intersection,Normale,Deux véhicules - côté,,,,,,,,,,,1,2,1,1,3.0
201600058679,0016-05-17 11:10:00,16,5,17,11,10,973,302,"2059, MADELEINE (ROUTE D",4.95789,52.38237,Plein jour,En agglomération,Hors intersection,Normale,Deux véhicules - côté,,,,,,,,,,,1,2,1,1,3.0
201600058680,0016-05-18 17:10:00,16,5,18,17,10,973,302,MARINGOUINS (ROND-POINT),4.90732,52.32274,Plein jour,Hors agglomération,Hors intersection,Pluie légère,Deux véhicules - frontale,,,,,,,,,,,1,1,1,2,1.0
201600058681,0016-05-20 07:45:00,16,5,20,7,45,973,302,"01, MONTABO (ROUTE DE) 2",,,Plein jour,En agglomération,Intersection en T,Normale,Deux véhicules - côté,,,,,,,,,,,1,2,3,1,3.0
201600058682,0016-05-24 07:26:00,16,5,24,7,26,973,302,"978, TROUBIRAN (CHEMIN D",4.92124,52.30403,Plein jour,En agglomération,Hors intersection,Normale,Deux véhicules - côté,,,,,,,,,,,1,2,1,1,3.0
201600058683,0016-05-24 14:20:00,16,5,24,14,20,973,302,"23, GALMOT (AVENUE)",4.93147,52.33028,Plein jour,En agglomération,Hors intersection,Normale,Deux véhicules - côté,,,,,,,,,,,1,2,1,1,3.0
201600058684,0016-05-24 11:37:00,16,5,24,11,37,973,302,"43, CESAIRE (CITE)",,,Plein jour,En agglomération,Intersection en T,Normale,Deux véhicules - arrière,,,,,,,,,,,1,2,3,1,2.0
201600058685,0016-05-25 20:25:00,16,5,25,20,25,973,302,"20, MANDELA  (BOULEVARD)",4.94168,52.32711,Nuit avec éclairage allumé,En agglomération,Hors intersection,Normale,Deux véhicules - côté,,,,,,,,,,,5,2,1,1,3.0
201600058686,0016-05-25 21:05:00,16,5,25,21,5,973,302,"93, LALLOUETTE(RUE)",,,Nuit avec éclairage allumé,En agglomération,Hors intersection,Normale,Deux véhicules - côté,,,,,,,,,,,5,2,1,1,3.0
201600058687,0016-05-27 08:20:00,16,5,27,8,20,973,302,"87, DE GAULLE (AVENUE)",4.56234,5.21938,Plein jour,En agglomération,Hors intersection,Pluie forte,Deux véhicules - côté,,,,,,,,,,,1,2,1,3,3.0
201600058688,0016-05-28 17:05:00,16,5,28,17,5,973,302,BADUEL (ROND POINT DE),,,Plein jour,En agglomération,Giratoire,Normale,Deux véhicules - arrière,,,,,,,,,,,1,2,6,1,2.0
201600058689,0016-05-28 18:45:00,16,5,28,18,45,973,302,BONHOMME (CITE),,,Nuit avec éclairage allumé,En agglomération,Hors intersection,Normale,Autre collision,,,,,,,,,,,5,2,1,1,6.0
201600058690,0016-05-28 23:30:00,16,5,28,23,30,973,302,ROUTE NATIONALE 1,,,Nuit avec éclairage allumé,Hors agglomération,Hors intersection,Normale,Deux véhicules - frontale,,,,,,,,,,,5,1,1,1,1.0
201600058691,0016-05-28 12:30:00,16,5,28,12,30,973,302,ROUTE NATIONALE 1,,,Plein jour,Hors agglomération,Hors intersection,Pluie légère,Trois véhicules et plus - en chaîne,,,,,,,,,,,1,1,1,2,4.0
201600058692,0016-05-28 08:22:00,16,5,28,8,22,973,302,"328, CABASSOU (ROUTE DE)",,,Plein jour,En agglomération,Hors intersection,Normale,Deux véhicules - arrière,,,,,,,,,,,1,2,1,1,2.0
201600058693,0016-05-29 19:50:00,16,5,29,19,50,973,302,"135, TROUBIRAN (CHEMIN D",4.92885,52.30418,Nuit sans éclairage public,En agglomération,Hors intersection,Pluie forte,Deux véhicules - côté,,,,,,,,,,,3,2,1,3,3.0
201600058694,0016-05-29 22:40:00,16,5,29,22,40,973,302,"76, VOLTAIRE(AVENUE)",,,Nuit avec éclairage allumé,En agglomération,Hors intersection,Normale,Autre collision,,,,,,,,,,,5,2,1,1,6.0
201600058695,0016-05-30 08:00:00,16,5,30,8,0,973,302,"77, DE GAULLE (AVENUE)",4.93973,52.32787,Plein jour,En agglomération,Hors intersection,Pluie légère,Autre collision,,,,,,,,,,,1,2,1,2,6.0
201600058696,0016-05-30 11:30:00,16,5,30,11,30,973,302,ROUTE NATIONALE 1,4.90669,52.32226,Plein jour,En agglomération,Hors intersection,Pluie légère,Deux véhicules - arrière,,,,,,,,,,,1,2,1,2,2.0
201600058697,0016-05-30 16:02:00,16,5,30,16,2,973,302,MADELEINE (ROUTE DE LA),,,Plein jour,En agglomération,Hors intersection,Normale,Sans collision,,,,,,,,,,,1,2,1,1,7.0
201600058698,0016-05-31 10:04:00,16,5,31,10,4,973,302,"02, BOUDINOT (AUGUSTE) C",,,Plein jour,En agglomération,Hors intersection,Normale,Deux véhicules - arrière,,,,,,,,,,,1,2,1,1,2.0
201600058699,0016-05-31 11:57:00,16,5,31,11,57,973,302,MOLE,,,Plein jour,En agglomération,Hors intersection,Normale,Autre collision,,,,,,,,,,,1,2,1,1,6.0
201600058700,0016-05-31 14:00:00,16,5,31,14,0,973,302,BADUEL (ROUTE DE),4.56153,5.21857,Plein jour,En agglomération,Hors intersection,Normale,Deux véhicules - frontale,,,,,,,,,,,1,2,1,1,1.0
201600058701,0016-06-01 12:00:00,16,6,1,12,0,973,302,DE GAULLE (AVENUE),4.93907,52.33051,Plein jour,En agglomération,Intersection en T,Pluie légère,Deux véhicules - côté,,,,,,,,,,,1,2,3,2,3.0
201600058702,0016-06-01 14:11:00,16,6,1,14,11,973,302,"1, JARDINS DU COLLEGE (R",,,Plein jour,Hors agglomération,Hors intersection,Normale,Deux véhicules - côté,,,,,,,,,,,1,1,1,1,3.0
201600058703,0016-06-03 08:12:00,16,6,3,8,12,973,302,"2168, MADELEINE (ROUTE D",4.92496,52.33499,Plein jour,En agglomération,Hors intersection,Normale,Autre collision,,,,,,,,,,,1,2,1,1,6.0
201600058704,0016-06-03 10:50:00,16,6,3,10,50,973,302,MADELEINE (ROUTE DE LA),4.92496,52.33499,Plein jour,En agglomération,Hors intersection,Normale,Autre collision,,,,,,,,,,,1,2,1,1,6.0
201600058705,0016-06-03 12:04:00,16,6,3,12,4,973,302,"2813, MONTABO (ROUTE DE)",,,Plein jour,En agglomération,Hors intersection,Normale,Autre collision,,,,,,,,,,,1,2,1,1,6.0
201600058706,0016-06-04 17:30:00,16,6,4,17,30,973,302,TIGRE (ROUTE DU),,,Plein jour,En agglomération,Hors intersection,Normale,Autre collision,,,,,,,,,,,1,2,1,1,6.0
201600058707,0016-06-05 11:46:00,16,6,5,11,46,973,302,"339, CATAYEE (JUSTIN)",,,Plein jour,Hors agglomération,Hors intersection,Normale,Trois véhicules et plus - collisions multiples,,,,,,,,,,,1,1,1,1,5.0
201600058708,0016-06-06 11:45:00,16,6,6,11,45,973,302,"945, BADUEL (ROUTE DE)",4.93433,52.31111,Plein jour,En agglomération,Hors intersection,Normale,Deux véhicules - côté,,,,,,,,,,,1,2,1,1,3.0
201600058709,0016-06-05 20:15:00,16,6,5,20,15,973,302,ROUTE NATIONALE 1,4.54238,52.18546,Nuit avec éclairage allumé,Hors agglomération,Hors intersection,Normale,Trois véhicules et plus - collisions multiples,,,,,,,,,,,5,1,1,1,5.0
201600058710,0016-06-06 17:50:00,16,6,6,17,50,973,302,ROUTE NATIONALE 3,,,Plein jour,Hors agglomération,Hors intersection,Normale,Deux véhicules - côté,,,,,,,,,,,1,1,1,1,3.0
201600058711,0016-06-06 20:45:00,16,6,6,20,45,973,302,ZEPHIR (ROCADE),4.95537,52.30813,Nuit avec éclairage non allumé,En agglomération,Hors intersection,Normale,Sans collision,,,,,,,,,,,4,2,1,1,7.0
201600058712,0016-06-06 21:12:00,16,6,6,21,12,973,302,"56, MANDELA  (BOULEVARD)",4.93875,52.32629,Nuit avec éclairage allumé,En agglomération,Hors intersection,Normale,Autre collision,,,,,,,,,,,5,2,1,1,6.0
201600058713,0016-06-07 12:15:00,16,6,7,12,15,973,302,"1409, BADUEL (ROUTE DE)",4.93757,52.31588,Plein jour,En agglomération,Hors intersection,Normale,Deux véhicules - côté,,,,,,,,,,,1,2,1,1,3.0
201600058714,0016-06-07 11:30:00,16,6,7,11,30,973,302,"635, ZEPHIR (ROCADE)",4.93645,52.30717,Plein jour,En agglomération,Giratoire,Normale,Deux véhicules - côté,,,,,,,,,,,1,2,6,1,3.0
201600058715,0016-06-08 19:16:00,16,6,8,19,16,973,302,"1453, BADUEL (ROUTE DE)",4.93951,52.32825,Nuit avec éclairage allumé,Hors agglomération,Hors intersection,Normale,Deux véhicules - côté,,,,,,,,,,,5,1,1,1,3.0
201600058716,0016-06-09 17:38:00,16,6,9,17,38,973,302,CONSTANT CHLORE(RUE),4.93057,52.32828,Crépuscule ou aube,En agglomération,Hors intersection,Pluie légère,Deux véhicules - côté,,,,,,,,,,,2,2,1,2,3.0
201600058717,0016-06-10 15:07:00,16,6,10,15,7,973,302,CESAIRE (CITE),,,Plein jour,En agglomération,Hors intersection,Normale,Deux véhicules - frontale,,,,,,,,,,,1,2,1,1,1.0
201600058718,0016-06-15 08:12:00,16,6,15,8,12,973,302,"744, BADUEL (ROUTE DE)",4.93797,52.32201,Plein jour,Hors agglomération,Hors intersection,Normale,Deux véhicules - côté,,,,,,,,,,,1,1,1,1,3.0
201600058719,0016-06-15 13:05:00,16,6,15,13,5,973,302,"2109, MADELEINE (ROUTE D",4.92094,52.33302,Plein jour,Hors agglomération,Hors intersection,Normale,Deux véhicules - côté,,,,,,,,,,,1,1,1,1,3.0
201600058720,0016-06-14 11:55:00,16,6,14,11,55,973,302,RABAN (ROUTE DE),4.92225,52.31258,Plein jour,En agglomération,Hors intersection,Normale,Deux véhicules - côté,,,,,,,,,,,1,2,1,1,3.0
201600058721,0016-06-18 12:05:00,16,6,18,12,5,973,302,GALMOT (AVENUE),4.55527,52.19512,Plein jour,En agglomération,Hors intersection,Normale,Deux véhicules - arrière,,,,,,,,,,,1,2,1,1,2.0
201600058722,0016-06-20 11:00:00,16,6,20,11,0,973,302,MADELEINE (ROUTE DE LA),4.92057,52.32175,Plein jour,En agglomération,Hors intersection,Normale,Deux véhicules - arrière,,,,,,,,,,,1,2,1,1,2.0
201600058723,0016-06-20 17:15:00,16,6,20,17,15,973,302,"544, BADUEL (ROUTE DE)",,,Plein jour,Hors agglomération,Hors intersection,Normale,Deux véhicules - côté,,,,,,,,,,,1,1,1,1,3.0
201600058724,0016-06-21 12:30:00,16,6,21,12,30,973,302,"2021, MADELEINE (ROUTE D",,,Plein jour,En agglomération,Hors intersection,Normale,Deux véhicules - côté,,,,,,,,,,,1,2,1,1,3.0
201600058725,0016-06-22 22:10:00,16,6,22,22,10,973,302,"3416, BADUEL (ROUTE DE)",,,Nuit avec éclairage allumé,En agglomération,Hors intersection,Normale,Autre collision,,,,,,,,,,,5,2,1,1,6.0
201600058726,0016-06-23 11:29:00,16,6,23,11,29,973,302,BOUDINOT (AUGUSTE) CITE,4.55596,52.19103,Plein jour,En agglomération,Hors intersection,Normale,Deux véhicules - frontale,,,,,,,,,,,1,2,1,1,1.0
201600058727,0016-06-23 15:25:00,16,6,23,15,25,973,302,"2925, MONTABO (ROUTE DE)",4.9357,52.29538,Plein jour,En agglomération,Hors intersection,Normale,Deux véhicules - arrière,,,,,,,,,,,1,2,1,1,2.0
201600058728,0016-06-25 09:00:00,16,6,25,9,0,973,302,ROUTE NATIONALE 3,,,Plein jour,En agglomération,Hors intersection,Normale,Deux véhicules - côté,,,,,,,,,,,1,2,1,1,3.0
201600058729,0016-06-26 20:15:00,16,6,26,20,15,973,302,FELIX EBOUE(ROCADE),,,Plein jour,Hors agglomération,Hors intersection,Normale,Deux véhicules - arrière,,,,,,,,,,,1,1,1,1,2.0
201600058730,0016-06-27 12:54:00,16,6,27,12,54,973,302,"108, GALMOT (AVENUE)",,,Plein jour,En agglomération,Hors intersection,Normale,Deux véhicules - arrière,,,,,,,,,,,1,2,1,1,2.0
201600058731,0016-06-27 03:35:00,16,6,27,3,35,973,302,MADELEINE (ROUTE DE LA),4.91144,52.32136,Nuit avec éclairage allumé,En agglomération,Autre intersection,Normale,Sans collision,,,,,,,,,,,5,2,9,1,7.0
201600058732,0016-06-29 15:55:00,16,6,29,15,55,973,302,"2304, BADUEL (ROUTE DE)",4.92903,52.30036,Plein jour,En agglomération,Hors intersection,Normale,Deux véhicules - arrière,,,,,,,,,,,1,2,1,1,2.0
201600058733,0016-06-30 07:00:00,16,6,30,7,0,973,302,CRIQUE FOUILLEE (ROND PO,4.53476,52.19429,Plein jour,Hors agglomération,Hors intersection,Normale,Deux véhicules - côté,,,,,,,,,,,1,1,1,1,3.0
201600058734,0016-07-01 13:04:00,16,7,1,13,4,973,302,BADUEL (ROUTE DE),4.93848,52.32201,Plein jour,En agglomération,Hors intersection,Pluie légère,Trois véhicules et plus - en chaîne,,,,,,,,,,,1,2,1,2,4.0
201600058735,0016-07-03 18:25:00,16,7,3,18,25,973,302,LUBIN (SAMUEL),4.56941,52.19261,Plein jour,En agglomération,Hors intersection,Normale,Deux véhicules - côté,,,,,,,,,,,1,2,1,1,3.0
201600058736,0016-07-05 12:45:00,16,7,5,12,45,973,302,COLLERY (ZONE INDUSTRIEL,4.54081,52.19246,Plein jour,Hors agglomération,Hors intersection,Normale,Deux véhicules - côté,,,,,,,,,,,1,1,1,1,3.0
201600058737,0016-07-05 16:00:00,16,7,5,16,0,973,302,"61, DE GAULLE (AVENUE)",4.93952,52.32882,Plein jour,En agglomération,Hors intersection,Normale,Deux véhicules - arrière,,,,,,,,,,,1,2,1,1,2.0
201600058738,0016-07-06 14:55:00,16,7,6,14,55,973,302,"176, MONTABO (ROUTE DE)",4.94449,52.31737,Plein jour,En agglomération,Hors intersection,Normale,Trois véhicules et plus - collisions multiples,,,,,,,,,,,1,2,1,1,5.0
201600058739,0016-07-06 16:50:00,16,7,6,16,50,973,302,ROUTE NATIONALE 1,,,Plein jour,En agglomération,Hors intersection,Normale,Trois véhicules et plus - en chaîne,,,,,,,,,,,1,2,1,1,4.0
201600058740,0016-07-06 21:21:00,16,7,6,21,21,973,302,"28, VOLTAIRE(AVENUE)",4.94165,52.32542,Nuit avec éclairage allumé,En agglomération,Hors intersection,Normale,Deux véhicules - côté,,,,,,,,,,,5,2,1,1,3.0
201600058741,0016-07-07 15:15:00,16,7,7,15,15,973,302,KET TAI (CARREFOUR),,,Plein jour,En agglomération,Autre intersection,Normale,Autre collision,,,,,,,,,,,1,2,9,1,6.0
201600058742,0016-07-08 09:25:00,16,7,8,9,25,973,302,"1121, BADUEL (ROUTE DE)",4.93363,52.31018,Plein jour,En agglomération,Hors intersection,Normale,Deux véhicules - arrière,,,,,,,,,,,1,2,1,1,2.0
201600058743,0016-07-08 12:35:00,16,7,8,12,35,973,302,"978, TROUBIRAN (CHEMIN D",4.92129,52.30403,Plein jour,En agglomération,Hors intersection,Normale,Deux véhicules - côté,,,,,,,,,,,1,2,1,1,3.0
201600058744,0016-07-11 07:04:00,16,7,11,7,4,973,302,"3367, BADUEL (ROUTE DE)",,,Plein jour,Hors agglomération,Hors intersection,Normale,Deux véhicules - côté,,,,,,,,,,,1,1,1,1,3.0
201600058745,0016-07-11 10:49:00,16,7,11,10,49,973,302,MADELEINE (ROUTE DE LA),4.54536,52.19154,Plein jour,Hors agglomération,Hors intersection,Normale,Deux véhicules - côté,,,,,,,,,,,1,1,1,1,3.0
201600058746,0016-07-12 00:50:00,16,7,12,0,50,973,302,SAINT ANTOINE (CHEMIN),4.56066,52.17427,Nuit avec éclairage allumé,Hors agglomération,Hors intersection,Normale,Autre collision,,,,,,,,,,,5,1,1,1,6.0
201600058747,0016-07-15 11:05:00,16,7,15,11,5,973,302,"2, PREVOT (ERNEST)",4.93185,52.33802,Plein jour,Hors agglomération,Hors intersection,Normale,Autre collision,,,,,,,,,,,1,1,1,1,6.0
201600058748,0016-07-16 21:00:00,16,7,16,21,0,973,302,CATAYEE (JUSTIN),4.56161,52.19486,Nuit avec éclairage allumé,En agglomération,Hors intersection,Normale,Deux véhicules - côté,,,,,,,,,,,5,2,1,1,3.0
201600058749,0016-07-16 23:52:00,16,7,16,23,52,973,302,"1, TIGRE (ROUTE DU)",,,Nuit avec éclairage allumé,En agglomération,Autre intersection,Normale,Sans collision,,,,,,,,,,,5,2,9,1,7.0
201600058750,0016-07-16 03:15:00,16,7,16,3,15,973,302,"1, REPUBLIQUE (BD DE LA)",,,Nuit avec éclairage allumé,En agglomération,Hors intersection,Normale,Autre collision,,,,,,,,,,,5,2,1,1,6.0
201600058751,0016-07-17 11:24:00,16,7,17,11,24,973,302,MONTABO (ROUTE DE) 2,,,Plein jour,En agglomération,Hors intersection,Normale,Deux véhicules - frontale,,,,,,,,,,,1,2,1,1,1.0
201600058752,0016-07-20 12:20:00,16,7,20,12,20,973,302,"312, MADELEINE (ROUTE DE",,,Plein jour,En agglomération,Hors intersection,Normale,Deux véhicules - côté,,,,,,,,,,,1,2,1,1,3.0
201600058753,0016-07-19 19:50:00,16,7,19,19,50,973,302,BADUEL (ROUTE DE),,,Nuit avec éclairage allumé,Hors agglomération,Autre intersection,Normale,Autre collision,,,,,,,,,,,5,1,9,1,6.0
201600058754,0016-07-20 17:17:00,16,7,20,17,17,973,302,"978, TROUBIRAN (CHEMIN D",,,Plein jour,Hors agglomération,Hors intersection,Normale,Deux véhicules - côté,,,,,,,,,,,1,1,1,1,3.0
201600058755,0016-07-21 21:10:00,16,7,21,21,10,973,302,"1867, MADELEINE (ROUTE D",4.55251,52.19218,Nuit avec éclairage non allumé,En agglomération,Hors intersection,Normale,Deux véhicules - côté,,,,,,,,,,,4,2,1,1,3.0
201600058756,0016-07-22 09:32:00,16,7,22,9,32,973,302,"1, ROUTE NATIONALE 3",,,Plein jour,Hors agglomération,Hors intersection,Normale,Trois véhicules et plus - en chaîne,,,,,,,,,,,1,1,1,1,4.0
201600058757,0016-07-23 18:08:00,16,7,23,18,8,973,302,CABASSOU (ROUTE DE),,,Plein jour,En agglomération,Hors intersection,Normale,Deux véhicules - côté,,,,,,,,,,,1,2,1,1,3.0
201600058758,0016-07-24 14:35:00,16,7,24,14,35,973,302,"29, BARRAT (DU DOCTEUR)",,,Plein jour,En agglomération,Hors intersection,Normale,Autre collision,,,,,,,,,,,1,2,1,1,6.0
201600058759,0016-07-25 20:25:00,16,7,25,20,25,973,302,"1, BADUEL (ROUTE DE)",,,Nuit avec éclairage allumé,Hors agglomération,Hors intersection,Normale,Deux véhicules - arrière,,,,,,,,,,,5,1,1,1,2.0
201600058760,0016-07-27 21:02:00,16,7,27,21,2,973,302,CATAYEE (JUSTIN),,,Nuit avec éclairage allumé,En agglomération,Hors intersection,Normale,Deux véhicules - arrière,,,,,,,,,,,5,2,1,1,2.0
201600058761,0016-07-28 15:30:00,16,7,28,15,30,973,302,"23, PATIENT (LOTISSEMENT",,,Plein jour,En agglomération,Hors intersection,Normale,Deux véhicules - frontale,,,,,,,,,,,1,2,1,1,1.0
201600058762,0016-07-29 21:20:00,16,7,29,21,20,973,302,BADUEL (ROUTE DE),4.93428,52.31112,Nuit avec éclairage allumé,En agglomération,Hors intersection,Normale,Deux véhicules - côté,,,,,,,,,,,5,2,1,1,3.0
201600058763,0016-07-30 21:25:00,16,7,30,21,25,973,302,MANDELA  (BOULEVARD),4.94004,52.32659,Nuit avec éclairage non allumé,En agglomération,Intersection en X,Normale,Deux véhicules - côté,,,,,,,,,,,4,2,2,1,3.0
201600058764,0016-08-01 16:30:00,16,8,1,16,30,973,302,"1, RABAN (ROUTE DE)",,,Plein jour,Hors agglomération,Hors intersection,Normale,Autre collision,,,,,,,,,,,1,1,1,1,6.0
201600058765,0016-08-01 22:13:00,16,8,1,22,13,973,302,CATAYEE (JUSTIN),,,Nuit avec éclairage allumé,En agglomération,Intersection en T,Normale,Deux véhicules - côté,,,,,,,,,,,5,2,3,1,3.0
201600058766,0016-08-06 11:10:00,16,8,6,11,10,973,302,"15, ESTREES (AVENUE D')",4.94041,52.32505,Plein jour,En agglomération,Intersection en T,Normale,Deux véhicules - côté,,,,,,,,,,,1,2,3,1,3.0
201600058767,0016-08-07 22:15:00,16,8,7,22,15,973,302,"1, MARINGOUINS (ROND-POI",,,Nuit avec éclairage allumé,Hors agglomération,Giratoire,Normale,Deux véhicules - frontale,,,,,,,,,,,5,1,6,1,1.0
201600058768,0016-08-08 14:30:00,16,8,8,14,30,973,302,"3096, BADUEL (ROUTE DE)",4.55422,52.17372,Plein jour,Hors agglomération,Hors intersection,Normale,Deux véhicules - côté,,,,,,,,,,,1,1,1,1,3.0
201600058769,0016-08-09 12:33:00,16,8,9,12,33,973,302,MADELEINE (ROUTE DE LA),,,Plein jour,En agglomération,Hors intersection,Normale,Autre collision,,,,,,,,,,,1,2,1,1,6.0
201600058770,0016-08-10 14:45:00,16,8,10,14,45,973,302,"50, LA ROSERAIE(CITE)",4.9139,52.32025,Plein jour,En agglomération,Hors intersection,Normale,Deux véhicules - côté,,,,,,,,,,,1,2,1,1,3.0
201600058771,0016-08-13 14:20:00,16,8,13,14,20,973,302,14 ET 22 JUIN 1962,,,Plein jour,En agglomération,Hors intersection,Normale,Autre collision,,,,,,,,,,,1,2,1,1,6.0
201600058772,0016-08-13 23:45:00,16,8,13,23,45,973,302,"1, BONHOMME (CITE)",,,Nuit avec éclairage allumé,Hors agglomération,Hors intersection,Normale,Deux véhicules - frontale,,,,,,,,,,,5,1,1,1,1.0
201600058773,0016-08-15 17:45:00,16,8,15,17,45,973,302,"21, LAFAURIE (CITE)",4.55529,52.19287,Plein jour,En agglomération,Intersection en T,Normale,Deux véhicules - côté,,,,,,,,,,,1,2,3,1,3.0
201600058774,0016-08-16 15:30:00,16,8,16,15,30,973,302,"71, CABASSOU (ROUTE DE)",4.92054,52.32107,Plein jour,Hors agglomération,Hors intersection,Normale,Deux véhicules - côté,,,,,,,,,,,1,1,1,1,3.0
201600058775,0016-08-19 12:20:00,16,8,19,12,20,973,302,KET TAI (CARREFOUR),4.9372,52.32605,Plein jour,En agglomération,Giratoire,Normale,Deux véhicules - côté,,,,,,,,,,,1,2,6,1,3.0
201600058776,0016-08-20 20:40:00,16,8,20,20,40,973,302,"2086, RABAN (ROUTE DE)",4.55515,52.18465,Nuit avec éclairage allumé,En agglomération,Hors intersection,Normale,Trois véhicules et plus - en chaîne,,,,,,,,,,,5,2,1,1,4.0
201600058777,0016-08-21 17:00:00,16,8,21,17,0,973,302,"801, BADUEL (ROUTE DE)",,,Plein jour,En agglomération,Hors intersection,Normale,Deux véhicules - côté,,,,,,,,,,,1,2,1,1,3.0
201600058778,0016-08-22 08:40:00,16,8,22,8,40,973,302,"2357, MADELEINE (ROUTE D",,,Plein jour,En agglomération,Hors intersection,Normale,Deux véhicules - côté,,,,,,,,,,,1,2,1,1,3.0
201600058779,0016-08-22 18:50:00,16,8,22,18,50,973,302,TARZAN (PISTE),4.55169,5.21814,Crépuscule ou aube,En agglomération,Giratoire,Normale,Deux véhicules - côté,,,,,,,,,,,2,2,6,1,3.0
201600058780,0016-08-23 11:50:00,16,8,23,11,50,973,302,FELIX EBOUE(ROCADE),4.54408,52.18307,Plein jour,En agglomération,Hors intersection,Normale,Autre collision,,,,,,,,,,,1,2,1,1,6.0
201600058781,0016-08-26 12:25:00,16,8,26,12,25,973,302,"744, BADUEL (ROUTE DE)",,,Plein jour,Hors agglomération,Hors intersection,Normale,Deux véhicules - côté,,,,,,,,,,,1,1,1,1,3.0
201600058782,0016-08-27 17:55:00,16,8,27,17,55,973,302,"3046, BADUEL (ROUTE DE)",4.55427,52.17387,Plein jour,Hors agglomération,Hors intersection,Normale,Deux véhicules - arrière,,,,,,,,,,,1,1,1,1,2.0
201600058783,0016-08-06 11:15:00,16,8,6,11,15,973,302,MONTABO (ROUTE DE) 4,,,Plein jour,Hors agglomération,Hors intersection,Normale,Deux véhicules - arrière,,,,,,,,,,,1,1,1,1,2.0
201600058784,0016-08-30 00:15:00,16,8,30,0,15,973,302,JADFARD (RENE),,,Nuit avec éclairage allumé,En agglomération,Intersection en X,Normale,Deux véhicules - côté,,,,,,,,,,,5,2,2,1,3.0
201600058785,0016-08-31 23:10:00,16,8,31,23,10,973,302,ARAGO (FRANCOIS),4.9413,52.33234,Nuit avec éclairage allumé,En agglomération,Intersection en T,Normale,Deux véhicules - côté,,,,,,,,,,,5,2,3,1,3.0
201600058786,0016-09-01 12:30:00,16,9,1,12,30,973,302,"431, MADELEINE (ROUTE DE",,,Plein jour,Hors agglomération,Hors intersection,Normale,Deux véhicules - côté,,,,,,,,,,,1,1,1,1,3.0
201600058787,0016-09-01 13:00:00,16,9,1,13,0,973,302,", CABASSOU (ROUTE DE)",,,Plein jour,Hors agglomération,Hors intersection,Normale,Autre collision,,,,,,,,,,,1,1,1,1,6.0
201600058788,0016-09-02 04:45:00,16,9,2,4,45,973,302,MONTABO (ROUTE DE) 1,4.9406,52.30193,Nuit avec éclairage non allumé,En agglomération,Hors intersection,Normale,Autre collision,,,,,,,,,,,4,2,1,1,6.0
201600058789,0016-08-31 12:20:00,16,8,31,12,20,973,302,"240, CATAYEE (JUSTIN)",4.55479,5.21933,Plein jour,En agglomération,Hors intersection,Normale,Deux véhicules - côté,,,,,,,,,,,1,2,1,1,3.0