accident_id,datetime,annee,mois,jour,heure,minute,departement,commune_insee,adresse,latitude,longitude,luminosite,agglomeration,intersection,meteo,collision,nb_vehicules,nb_usagers,nb_indemnes,nb_tues,nb_blesses_hosp,nb_blesses_legers,age_cond_1,age_cond_2,veh_type_cond_1,veh_type_cond_2,lum_code,agg_code,int_code,atm_code,col_code
201600058790,0016-09-04 06:59:00,16,9,4,6,59,973,302,DERBES (GEORGES),4.55589,52.19594,Plein jour,En agglomération,Hors intersection,Normale,Deux véhicules - côté,,,,,,,,,,,1,2,1,1,3.0
201600058791,0016-09-04 17:25:00,16,9,4,17,25,973,302,"150, MONTABO (ROUTE DE)",4.94276,52.30619,Plein jour,Hors agglomération,Hors intersection,Normale,Deux véhicules - côté,,,,,,,,,,,1,1,1,1,3.0
201600058792,0016-09-05 17:10:00,16,9,5,17,10,973,302,"2068, MADELEINE (ROUTE D",,,Plein jour,Hors agglomération,Intersection en T,Normale,Deux véhicules - côté,,,,,,,,,,,1,1,3,1,3.0
201600058793,0016-09-05 10:40:00,16,9,5,10,40,973,302,KET TAI (CARREFOUR),,,Plein jour,En agglomération,Giratoire,Normale,Autre collision,,,,,,,,,,,1,2,6,1,6.0
201600058794,0016-09-06 08:05:00,16,9,6,8,5,973,302,"275, MONTABO (ROUTE DE)",,,Plein jour,En agglomération,Hors intersection,Normale,Deux véhicules - côté,,,,,,,,,,,1,2,1,1,3.0
201600058795,0016-09-06 10:35:00,16,9,6,10,35,973,302,"04, PORT (DU VIEUX)",4.93649,52.33692,Plein jour,En agglomération,Hors intersection,Normale,Deux véhicules - frontale,,,,,,,,,,,1,2,1,1,1.0
201600058796,0016-09-07 12:45:00,16,9,7,12,45,973,302,"3312, BADUEL (ROUTE DE)",,,Plein jour,En agglomération,Hors intersection,Normale,Autre collision,,,,,,,,,,,1,2,1,1,6.0
201600058797,0016-09-09 08:10:00,16,9,9,8,10,973,302,"3325, BADUEL (ROUTE DE)",4.56387,52.17584,Plein jour,En agglomération,Hors intersection,Normale,Deux véhicules - côté,,,,,,,,,,,1,2,1,1,3.0
201600058798,0016-09-09 15:50:00,16,9,9,15,50,973,302,MANDELA  (BOULEVARD),4.56002,5.21934,Plein jour,En agglomération,Hors intersection,Normale,Autre collision,,,,,,,,,,,1,2,1,1,6.0
201600058799,0016-09-10 20:05:00,16,9,10,20,5,973,302,DIGUE RONJON,4.93426,52.33191,Nuit avec éclairage allumé,En agglomération,Intersection en X,Normale,Deux véhicules - côté,,,,,,,,,,,5,2,2,1,3.0
201600058800,0016-09-11 16:45:00,16,9,11,16,45,973,302,BARTHELEMY (RENE),4.93443,52.32681,Plein jour,En agglomération,Intersection en X,Normale,Deux véhicules - côté,,,,,,,,,,,1,2,2,1,3.0
201600058801,0016-09-12 07:45:00,16,9,12,7,45,973,302,"4160, MONTABO (ROUTE DE)",4.55412,5.21724,Plein jour,En agglomération,Hors intersection,Normale,Deux véhicules - arrière,,,,,,,,,,,1,2,1,1,2.0
201600058802,0016-09-12 16:44:00,16,9,12,16,44,973,302,"95, LIBERTE (AVENUE DE L",4.93909,52.32183,Plein jour,En agglomération,Hors intersection,Normale,Autre collision,,,,,,,,,,,1,2,1,1,6.0
201600058803,0016-09-13 07:30:00,16,9,13,7,30,973,302,"1222, MONTABO (ROUTE DE)",4.93885,52.29033,Plein jour,Hors agglomération,Intersection en T,Normale,Deux véhicules - côté,,,,,,,,,,,1,1,3,1,3.0
201600058804,0016-09-14 22:10:00,16,9,14,22,10,973,302,HEDER (AVENUE LEOPOLD),4.94147,52.32704,Nuit avec éclairage allumé,En agglomération,Hors intersection,Normale,Deux véhicules - côté,,,,,,,,,,,5,2,1,1,3.0
201600058805,0016-09-16 15:35:00,16,9,16,15,35,973,302,ROUTE NATIONALE 3,4.54135,5.21859,Plein jour,En agglomération,Hors intersection,Normale,Deux véhicules - frontale,,,,,,,,,,,1,2,1,1,1.0
201600058806,0016-09-16 18:05:00,16,9,16,18,5,973,302,"5, JASMIN(LOTISSEMENT)",4.54597,5.21903,Plein jour,En agglomération,Hors intersection,Normale,Autre collision,,,,,,,,,,,1,2,1,1,6.0
201600058807,0016-09-18 12:10:00,16,9,18,12,10,973,302,MONTABO (ROUTE DE) 1,4.56415,5.21842,Plein jour,En agglomération,Hors intersection,Normale,Deux véhicules - côté,,,,,,,,,,,1,2,1,1,3.0
201600058808,0016-09-19 14:00:00,16,9,19,14,0,973,302,"2534, BADUEL (ROUTE DE)",,,Plein jour,En agglomération,Hors intersection,Normale,Autre collision,,,,,,,,,,,1,2,1,1,6.0
201600058809,0016-09-19 21:25:00,16,9,19,21,25,973,302,MIRZA (ROND-POINT),,,Nuit avec éclairage allumé,En agglomération,Hors intersection,Normale,Deux véhicules - arrière,,,,,,,,,,,5,2,1,1,2.0
201600058810,0016-09-22 15:18:00,16,9,22,15,18,973,302,POLYCARPE (VERMONT),,,Plein jour,En agglomération,Intersection en X,Normale,Deux véhicules - côté,,,,,,,,,,,1,2,2,1,3.0
201600058811,0016-09-23 17:25:00,16,9,23,17,25,973,302,"35, VOLTAIRE(AVENUE)",,,Plein jour,Hors agglomération,Hors intersection,Normale,Deux véhicules - arrière,,,,,,,,,,,1,1,1,1,2.0
201600058812,0016-09-23 07:40:00,16,9,23,7,40,973,302,CHARLERY (GUSTAVE),,,Plein jour,En agglomération,Hors intersection,Normale,Sans collision,,,,,,,,,,,1,2,1,1,7.0
201600058813,0016-09-23 11:05:00,16,9,23,11,5,973,302,"1409, BADUEL (ROUTE DE)",,,Plein jour,En agglomération,Intersection en T,Normale,Deux véhicules - côté,,,,,,,,,,,1,2,3,1,3.0
201600058814,0016-09-25 23:15:00,16,9,25,23,15,973,302,MARINGOUINS (ROND-POINT),,,Nuit avec éclairage allumé,Hors agglomération,Giratoire,Normale,Deux véhicules - côté,,,,,,,,,,,5,1,6,1,3.0
201600058815,0016-09-26 22:00:00,16,9,26,22,0,973,302,KET TAI (CARREFOUR),,,Nuit avec éclairage allumé,En agglomération,Giratoire,Normale,Deux véhicules - frontale,,,,,,,,,,,5,2,6,1,1.0
201600058816,0016-09-27 07:05:00,16,9,27,7,5,973,302,BADUEL (ROUTE DE),,,Plein jour,En agglomération,Hors intersection,Normale,Deux véhicules - arrière,,,,,,,,,,,1,2,1,1,2.0
201600058817,0016-09-27 15:18:00,16,9,27,15,18,973,302,BADUEL (ROUTE DE),,,Plein jour,En agglomération,Hors intersection,Normale,Deux véhicules - côté,,,,,,,,,,,1,2,1,1,3.0
201600058818,0016-09-27 18:00:00,16,9,27,18,0,973,302,"1660, RABAN (ROUTE DE)",,,Crépuscule ou aube,En agglomération,Hors intersection,Normale,Deux véhicules - côté,,,,,,,,,,,2,2,1,1,3.0
201600058819,0016-09-28 19:25:00,16,9,28,19,25,973,302,"107, LIBERTE (AVENUE DE",,,Nuit avec éclairage allumé,En agglomération,Giratoire,Normale,Deux véhicules - côté,,,,,,,,,,,5,2,6,1,3.0
201600058820,0016-09-29 17:45:00,16,9,29,17,45,973,302,"1, LIBERTE (AVENUE DE LA",,,Crépuscule ou aube,En agglomération,Intersection en X,Normale,Deux véhicules - arrière,,,,,,,,,,,2,2,2,1,2.0
201600058821,0016-09-30 08:15:00,16,9,30,8,15,973,302,"39, ESTREES (AVENUE D')",,,Plein jour,En agglomération,Intersection en T,Normale,Trois véhicules et plus - collisions multiples,,,,,,,,,,,1,2,3,1,5.0
201600058822,0016-09-30 19:20:00,16,9,30,19,20,973,302,CRIQUE FOUILLEE (ROND PO,,,Nuit avec éclairage allumé,Hors agglomération,Hors intersection,Normale,Deux véhicules - arrière,,,,,,,,,,,5,1,1,1,2.0
201600058823,0016-10-01 06:15:00,16,10,1,6,15,973,302,"47, FELIX EBOUE(ROCADE)",,,Plein jour,Hors agglomération,Hors intersection,Normale,Deux véhicules - côté,,,,,,,,,,,1,1,1,1,3.0
201600058824,0016-10-03 09:10:00,16,10,3,9,10,973,302,BADUEL (ROUTE DE),,,Plein jour,Hors agglomération,Hors intersection,Normale,Autre collision,,,,,,,,,,,1,1,1,1,6.0
201600058825,0016-10-03 11:54:00,16,10,3,11,54,973,302,CABASSOU (ROUTE DE),,,Plein jour,Hors agglomération,Hors intersection,Normale,Deux véhicules - arrière,,,,,,,,,,,1,1,1,1,2.0
201600058826,0016-10-03 19:25:00,16,10,3,19,25,973,302,"1918, MONTABO (ROUTE DE)",,,Plein jour,Hors agglomération,Hors intersection,Normale,Deux véhicules - frontale,,,,,,,,,,,1,1,1,1,1.0
201600058827,0016-10-05 18:10:00,16,10,5,18,10,973,302,GALMOT (ROND-POINT),,,Plein jour,En agglomération,Hors intersection,Normale,Deux véhicules - côté,,,,,,,,,,,1,2,1,1,3.0
201600058828,0016-10-06 09:55:00,16,10,6,9,55,973,302,"150, MONTABO (ROUTE DE)",4.94293,25.30633,Plein jour,En agglomération,Hors intersection,Normale,Autre collision,,,,,,,,,,,1,2,1,1,6.0
201600058829,0016-10-08 14:41:00,16,10,8,14,41,973,302,FELIX EBOUE(ROCADE),,,Plein jour,En agglomération,Hors intersection,Normale,Deux véhicules - arrière,,,,,,,,,,,1,2,1,1,2.0
201600058830,0016-10-08 19:48:00,16,10,8,19,48,973,302,"544, BADUEL (ROUTE DE)",,,Nuit avec éclairage allumé,En agglomération,Hors intersection,Normale,Autre collision,,,,,,,,,,,5,2,1,1,6.0
201600058831,0016-10-09 17:50:00,16,10,9,17,50,973,302,CABASSOU (ROUTE DE),,,Crépuscule ou aube,Hors agglomération,Hors intersection,Normale,Deux véhicules - côté,,,,,,,,,,,2,1,1,1,3.0
201600058832,0016-10-11 08:35:00,16,10,11,8,35,973,302,"2168, MADELEINE (ROUTE D",4.914,52.32079,Plein jour,En agglomération,Hors intersection,Normale,Autre collision,,,,,,,,,,,1,2,1,1,6.0
201600058833,0016-10-11 14:25:00,16,10,11,14,25,973,302,MONTABO (ROUTE DE) 1,,,Plein jour,Hors agglomération,Hors intersection,Normale,Deux véhicules - côté,,,,,,,,,,,1,1,1,1,3.0
201600058834,0016-10-11 20:10:00,16,10,11,20,10,973,302,"208, CABASSOU (ROUTE DE)",,,Nuit sans éclairage public,Hors agglomération,Hors intersection,Normale,Autre collision,,,,,,,,,,,3,1,1,1,6.0
201600058835,0016-10-13 08:05:00,16,10,13,8,5,973,302,BOUDINOT (AUGUSTE) CITE,,,Plein jour,En agglomération,Hors intersection,Normale,Deux véhicules - côté,,,,,,,,,,,1,2,1,1,3.0
201600058836,0016-10-13 09:57:00,16,10,13,9,57,973,302,ROUTE NATIONALE 1,,,Plein jour,Hors agglomération,Hors intersection,Normale,Trois véhicules et plus - en chaîne,,,,,,,,,,,1,1,1,1,4.0
201600058837,0016-10-15 07:55:00,16,10,15,7,55,973,302,SUZINI (CARREFOUR),,,Plein jour,En agglomération,Hors intersection,Normale,Deux véhicules - côté,,,,,,,,,,,1,2,1,1,3.0
201600058838,0016-10-16 22:03:00,16,10,16,22,3,973,302,"2459, MADELEINE (ROUTE D",4.91705,52.32132,Nuit avec éclairage allumé,En agglomération,Hors intersection,Normale,Deux véhicules - arrière,,,,,,,,,,,5,2,1,1,2.0
201600058839,0016-10-18 17:30:00,16,10,18,17,30,973,302,ZEPHIR (ROCADE),,,Plein jour,En agglomération,Hors intersection,Normale,Deux véhicules - côté,,,,,,,,,,,1,2,1,1,3.0
201600058840,0016-10-19 08:10:00,16,10,19,8,10,973,302,"1636, MONTABO (ROUTE DE)",,,Plein jour,En agglomération,Hors intersection,Normale,Trois véhicules et plus - en chaîne,,,,,,,,,,,1,2,1,1,4.0
201600058841,0016-10-19 13:20:00,16,10,19,13,20,973,302,VIRGILE (AVENUE),,,Plein jour,En agglomération,Hors intersection,Normale,Deux véhicules - côté,,,,,,,,,,,1,2,1,1,3.0
201600058842,0016-10-20 08:25:00,16,10,20,8,25,973,302,BADUEL (ROUTE DE),,,Plein jour,Hors agglomération,Hors intersection,Normale,Autre collision,,,,,,,,,,,1,1,1,1,6.0
201600058843,0016-10-22 20:40:00,16,10,22,20,40,973,302,", RABAN (ROUTE DE)",,,Nuit avec éclairage allumé,Hors agglomération,Hors intersection,Pluie légère,Deux véhicules - côté,,,,,,,,,,,5,1,1,2,3.0
201600058844,0016-10-25 15:00:00,16,10,25,15,0,973,302,"26, BLANC (LOUIS)",,,Plein jour,En agglomération,Hors intersection,Normale,Deux véhicules - côté,,,,,,,,,,,1,2,1,1,3.0
201600058845,0016-10-26 06:40:00,16,10,26,6,40,973,302,BADUEL (ROUTE DE),,,Plein jour,En agglomération,Hors intersection,Normale,Deux véhicules - côté,,,,,,,,,,,1,2,1,1,3.0
201600058846,0016-10-26 09:35:00,16,10,26,9,35,973,302,"12, DE GAULLE (AVENUE)",,,Plein jour,En agglomération,Intersection en T,Normale,Autre collision,,,,,,,,,,,1,2,3,1,6.0
201600058847,0016-10-26 14:00:00,16,10,26,14,0,973,302,"34, BLANC (LOUIS)",,,Plein jour,En agglomération,Hors intersection,Normale,Trois véhicules et plus - collisions multiples,,,,,,,,,,,1,2,1,1,5.0
201600058848,0016-10-27 18:50:00,16,10,27,18,50,973,302,BADUEL (ROUTE DE),,,Nuit avec éclairage allumé,En agglomération,Hors intersection,Normale,Deux véhicules - arrière,,,,,,,,,,,5,2,1,1,2.0
201600058849,0016-10-28 13:24:00,16,10,28,13,24,973,302,BOUDINOT (AUGUSTE) CITE,,,Plein jour,Hors agglomération,Hors intersection,Normale,Deux véhicules - côté,,,,,,,,,,,1,1,1,1,3.0
201600058850,0016-10-28 15:15:00,16,10,28,15,15,973,302,"1, BARTHELEMY (RENE)",,,Plein jour,En agglomération,Intersection en X,Normale,Deux véhicules - côté,,,,,,,,,,,1,2,2,1,3.0
201600058851,0016-10-29 05:55:00,16,10,29,5,55,973,302,MANDELA  (BOULEVARD),,,Plein jour,En agglomération,Giratoire,Normale,Deux véhicules - frontale,,,,,,,,,,,1,2,6,1,1.0
201600058852,0016-10-31 12:50:00,16,10,31,12,50,973,302,HEDER (AVENUE LEOPOLD),,,Plein jour,En agglomération,Intersection en X,Normale,Deux véhicules - côté,,,,,,,,,,,1,2,2,1,3.0
201600058853,0016-11-02 19:25:00,16,11,2,19,25,973,302,ZEPHIR (ROCADE),,,Nuit avec éclairage allumé,En agglomération,Hors intersection,Normale,Sans collision,,,,,,,,,,,5,2,1,1,7.0
201600058854,0016-11-05 08:50:00,16,11,5,8,50,973,302,"28, VOLTAIRE(AVENUE)",,,Plein jour,En agglomération,Intersection en X,Normale,Deux véhicules - côté,,,,,,,,,,,1,2,2,1,3.0
201600058855,0016-11-05 15:55:00,16,11,5,15,55,973,302,"2568, MADELEINE (ROUTE D",,,Plein jour,En agglomération,Hors intersection,Normale,Deux véhicules - arrière,,,,,,,,,,,1,2,1,1,2.0
201600058856,0016-11-05 18:50:00,16,11,5,18,50,973,302,"1817, MADELEINE (ROUTE",,,Crépuscule ou aube,En agglomération,Intersection en T,Normale,Deux véhicules - côté,,,,,,,,,,,2,2,3,1,3.0
201600058857,0016-11-06 06:45:00,16,11,6,6,45,973,302,"222, SAINT ANTOINE (CHEM",,,Plein jour,Hors agglomération,Hors intersection,Normale,Autre collision,,,,,,,,,,,1,1,1,1,6.0
201600058858,0016-11-06 19:45:00,16,11,6,19,45,973,302,MONTABO (ROUTE DE) 1,,,Nuit avec éclairage allumé,En agglomération,Hors intersection,Normale,Deux véhicules - frontale,,,,,,,,,,,5,2,1,1,1.0
201600058859,0016-11-08 20:45:00,16,11,8,20,45,973,302,"29, 14 ET 22 JUIN 1962",,,Nuit avec éclairage allumé,En agglomération,Hors intersection,Normale,Deux véhicules - côté,,,,,,,,,,,5,2,1,1,3.0
201600058860,0016-11-09 22:10:00,16,11,9,22,10,973,302,FELIX EBOUE(ROCADE),,,Nuit avec éclairage non allumé,En agglomération,Intersection en X,Normale,Deux véhicules - côté,,,,,,,,,,,4,2,2,1,3.0
201600058861,0016-11-09 19:15:00,16,11,9,19,15,973,302,", MONTABO (ROUTE DE) 1",,,Nuit avec éclairage allumé,En agglomération,Hors intersection,Normale,Sans collision,,,,,,,,,,,5,2,1,1,7.0
201600058862,0016-11-10 11:40:00,16,11,10,11,40,973,302,"700, BADUEL (ROUTE DE)",,,Plein jour,En agglomération,Hors intersection,Normale,Deux véhicules - côté,,,,,,,,,,,1,2,1,1,3.0
201600058863,0016-11-10 13:50:00,16,11,10,13,50,973,302,DIGUE RONJON,,,Plein jour,En agglomération,Intersection en X,Normale,Deux véhicules - côté,,,,,,,,,,,1,2,2,1,3.0
201600058864,0016-11-11 20:50:00,16,11,11,20,50,973,302,HAMEAU DES ENCENS (RUE D,,,Nuit avec éclairage allumé,En agglomération,Hors intersection,Normale,Deux véhicules - frontale,,,,,,,,,,,5,2,1,1,1.0
201600058865,0016-11-15 11:55:00,16,11,15,11,55,973,302,LIBERTE (AVENUE DE LA),,,Plein jour,En agglomération,Hors intersection,Normale,Autre collision,,,,,,,,,,,1,2,1,1,6.0
201600058866,0016-11-15 16:15:00,16,11,15,16,15,973,302,"51, VOLTAIRE(AVENUE)",,,Plein jour,En agglomération,Hors intersection,Normale,Autre collision,,,,,,,,,,,1,2,1,1,6.0
201600058867,0016-11-16 07:15:00,16,11,16,7,15,973,302,", TROUBIRAN (CHEMIN DE)",,,Plein jour,En agglomération,Hors intersection,Normale,Deux véhicules - côté,,,,,,,,,,,1,2,1,1,3.0
201600058868,0016-11-16 12:25:00,16,11,16,12,25,973,302,CRIQUE FOUILLEE (ROND PO,,,Plein jour,Hors agglomération,Giratoire,Normale,Deux véhicules - frontale,,,,,,,,,,,1,1,6,1,1.0
201600058869,0016-11-16 13:25:00,16,11,16,13,25,973,302,BADUEL (ROUTE DE),,,Plein jour,En agglomération,Hors intersection,Normale,Deux véhicules - arrière,,,,,,,,,,,1,2,1,1,2.0
201600058870,0016-11-17 11:20:00,16,11,17,11,20,973,302,CESAIRE (CITE),,,Plein jour,En agglomération,Intersection en T,Normale,Deux véhicules - frontale,,,,,,,,,,,1,2,3,1,1.0
201600058871,0016-11-17 18:20:00,16,11,17,18,20,973,302,"17, CABASSOU (ROUTE DE)",,,Nuit avec éclairage allumé,En agglomération,Hors intersection,Normale,Deux véhicules - côté,,,,,,,,,,,5,2,1,1,3.0
201600058872,0016-11-18 08:12:00,16,11,18,8,12,973,302,", BADUEL (ROUTE DE)",,,Plein jour,En agglomération,Hors intersection,Normale,Autre collision,,,,,,,,,,,1,2,1,1,6.0
201600058873,0016-11-18 10:50:00,16,11,18,10,50,973,302,"7, MANDELA  (BOULEVARD)",,,Plein jour,En agglomération,Hors intersection,Normale,Deux véhicules - côté,,,,,,,,,,,1,2,1,1,3.0
201600058874,0016-11-15 13:05:00,16,11,15,13,5,973,302,FIEDMOND (RUE),,,Plein jour,En agglomération,Hors intersection,Normale,Autre collision,,,,,,,,,,,1,2,1,1,6.0
201600058875,0016-11-19 07:20:00,16,11,19,7,20,973,302,"5, FLAMBOYANTS (RUE DES)",,,Plein jour,Hors agglomération,Hors intersection,Normale,Deux véhicules - côté,,,,,,,,,,,1,1,1,1,3.0
201600058876,0016-11-18 15:05:00,16,11,18,15,5,973,302,BADUEL (ROUTE DE),,,Plein jour,En agglomération,Intersection en X,Normale,Deux véhicules - frontale,,,,,,,,,,,1,2,2,1,1.0
201600058877,0016-11-20 17:10:00,16,11,20,17,10,973,302,BADUEL (ROUTE DE),,,Plein jour,En agglomération,Hors intersection,Normale,Sans collision,,,,,,,,,,,1,2,1,1,7.0
201600058878,0016-11-21 00:20:00,16,11,21,0,20,973,302,EBOUE (ROCADE FELIX),,,Nuit avec éclairage non allumé,En agglomération,Intersection en X,Normale,Deux véhicules - côté,,,,,,,,,,,4,2,2,1,3.0
201600058879,0016-11-21 12:55:00,16,11,21,12,55,973,302,MARINGOUINS (ROND-POINT),,,Plein jour,Hors agglomération,Hors intersection,Normale,Deux véhicules - côté,,,,,,,,,,,1,1,1,1,3.0
201600058880,0016-11-21 21:30:00,16,11,21,21,30,973,302,FELIX EBOUE(ROCADE),,,Nuit avec éclairage non allumé,En agglomération,Hors intersection,Normale,Autre collision,,,,,,,,,,,4,2,1,1,6.0
201600058881,0016-11-22 07:25:00,16,11,22,7,25,973,302,ROUTE NATIONALE 3,,,Plein jour,Hors agglomération,Hors intersection,Normale,Deux véhicules - côté,,,,,,,,,,,1,1,1,1,3.0
201600058882,0016-11-23 06:05:00,16,11,23,6,5,973,302,"18, HENRI QUINTRIE(RUE)",,,Crépuscule ou aube,En agglomération,Hors intersection,Normale,Autre collision,,,,,,,,,,,2,2,1,1,6.0
201600058883,0016-11-23 10:15:00,16,11,23,10,15,973,302,"14, 14 ET 22 JUIN 1962",,,Plein jour,En agglomération,Hors intersection,Normale,Deux véhicules - côté,,,,,,,,,,,1,2,1,1,3.0
201600058884,0016-11-25 07:45:00,16,11,25,7,45,973,302,REPUBLIQUE (BD DE LA),,,Plein jour,En agglomération,Hors intersection,Normale,Deux véhicules - arrière,,,,,,,,,,,1,2,1,1,2.0
201600058885,0016-11-24 13:29:00,16,11,24,13,29,973,302,"23, MONNERVILLE (AVENUE",,,Plein jour,En agglomération,Hors intersection,Normale,Deux véhicules - côté,,,,,,,,,,,1,2,1,1,3.0
201600058886,0016-11-28 00:50:00,16,11,28,0,50,973,302,EBOUE (ROCADE FELIX),,,Nuit avec éclairage allumé,En agglomération,Intersection en X,Normale,Deux véhicules - côté,,,,,,,,,,,5,2,2,1,3.0
201600058887,0016-11-28 12:00:00,16,11,28,12,0,973,302,"603, CATAYEE (JUSTIN)",,,Plein jour,En agglomération,Hors intersection,Normale,Deux véhicules - côté,,,,,,,,,,,1,2,1,1,3.0
201600058888,0016-11-29 08:00:00,16,11,29,8,0,973,302,BECKER (LIEUTENANT),,,Plein jour,En agglomération,Autre intersection,Normale,Deux véhicules - côté,,,,,,,,,,,1,2,9,1,3.0
201600058889,0016-11-30 07:03:00,16,11,30,7,3,973,302,"1636, MONTABO (ROUTE DE)",,,Plein jour,En agglomération,Hors intersection,Normale,Deux véhicules - arrière,,,,,,,,,,,1,2,1,1,2.0
201600058890,0016-10-28 22:30:00,16,10,28,22,30,973,302,BONHOMME (CITE),,,Nuit avec éclairage allumé,Hors agglomération,Intersection en Y,Normale,Deux véhicules - frontale,,,,,,,,,,,5,1,4,1,1.0
201600058891,0016-12-02 10:00:00,16,12,2,10,0,973,302,BADUEL (ROUTE DE),,,Plein jour,En agglomération,Hors intersection,Normale,Deux véhicules - côté,,,,,,,,,,,1,2,1,1,3.0
201600058892,0016-12-03 23:50:00,16,12,3,23,50,973,302,ROUTE NATIONALE 1,,,Plein jour,Hors agglomération,Hors intersection,Normale,Deux véhicules - arrière,,,,,,,,,,,1,1,1,1,2.0
201600058893,0016-12-03 20:00:00,16,12,3,20,0,973,302,ZEPHIR (ROCADE),,,Nuit avec éclairage allumé,En agglomération,Hors intersection,Normale,Deux véhicules - côté,,,,,,,,,,,5,2,1,1,3.0
201600058894,0016-12-04 17:20:00,16,12,4,17,20,973,302,HENRI ( Docteur ),,,Plein jour,En agglomération,Intersection en X,Normale,Deux véhicules - côté,,,,,,,,,,,1,2,2,1,3.0
201600058895,0016-12-06 07:00:00,16,12,6,7,0,973,302,"953, CABASSOU (ROUTE DE)",,,Plein jour,En agglomération,Hors intersection,Normale,Deux véhicules - arrière,,,,,,,,,,,1,2,1,1,2.0
201600058896,0016-12-07 08:10:00,16,12,7,8,10,973,302,SOURCE DE BADUEL (CHEMIN,,,Plein jour,En agglomération,Hors intersection,Normale,Autre collision,,,,,,,,,,,1,2,1,1,6.0
201600058897,0016-12-07 11:57:00,16,12,7,11,57,973,302,14 ET 22 JUIN 1962,,,Plein jour,En agglomération,Hors intersection,Normale,Deux véhicules - arrière,,,,,,,,,,,1,2,1,1,2.0
201600058898,0016-12-07 12:23:00,16,12,7,12,23,973,302,MADELEINE (ROUTE DE LA),,,Plein jour,En agglomération,Hors intersection,Normale,Deux véhicules - arrière,,,,,,,,,,,1,2,1,1,2.0
201600058899,0016-12-08 20:45:00,16,12,8,20,45,973,302,CONSTANT CHLORE(RUE),,,Nuit sans éclairage public,En agglomération,Hors intersection,Normale,Deux véhicules - côté,,,,,,,,,,,3,2,1,1,3.0
201600058900,0016-12-07 21:30:00,16,12,7,21,30,973,302,MADELEINE (ROUTE DE LA),,,Nuit avec éclairage allumé,En agglomération,Hors intersection,Normale,Autre collision,,,,,,,,,,,5,2,1,1,6.0
201600058901,0016-12-09 19:20:00,16,12,9,19,20,973,302,"431, CATAYEE (JUSTIN)",,,Nuit avec éclairage allumé,En agglomération,Autre intersection,Normale,Deux véhicules - côté,,,,,,,,,,,5,2,9,1,3.0
201600058902,0016-12-09 20:55:00,16,12,9,20,55,973,302,BARRAT (DU DOCTEUR),,,Nuit avec éclairage allumé,En agglomération,Hors intersection,Normale,Autre collision,,,,,,,,,,,5,2,1,1,6.0
201600058903,0016-12-10 12:25:00,16,12,10,12,25,973,302,"1436, FELIX EBOUE(ROCADE",,,Plein jour,En agglomération,Hors intersection,Pluie légère,Deux véhicules - côté,,,,,,,,,,,1,2,1,2,3.0
201600058904,0016-12-12 16:30:00,16,12,12,16,30,973,302,", BADUEL (ROUTE DE)",,,Plein jour,En agglomération,Hors intersection,Normale,Deux véhicules - frontale,,,,,,,,,,,1,2,1,1,1.0
201600058905,0016-12-13 12:10:00,16,12,13,12,10,973,302,"1436, BADUEL (ROUTE DE)",,,Plein jour,Hors agglomération,Hors intersection,Normale,Deux véhicules - côté,,,,,,,,,,,1,1,1,1,3.0
201600058906,0016-12-14 13:05:00,16,12,14,13,5,973,302,REPUBLIQUE (BD DE LA),,,Plein jour,En agglomération,Hors intersection,Normale,Deux véhicules - côté,,,,,,,,,,,1,2,1,1,3.0
201600058907,0016-12-16 09:20:00,16,12,16,9,20,973,302,POLYCARPE (VERMONT),,,Plein jour,En agglomération,Hors intersection,Normale,Sans collision,,,,,,,,,,,1,2,1,1,7.0
201600058908,0016-12-16 19:00:00,16,12,16,19,0,973,302,"3312, BADUEL (ROUTE DE)",,,Nuit avec éclairage allumé,Hors agglomération,Hors intersection,Normale,Deux véhicules - côté,,,,,,,,,,,5,1,1,1,3.0
201600058909,0016-12-16 13:30:00,16,12,16,13,30,973,302,"1783, MADELEINE (ROUTE D",,,Plein jour,En agglomération,Hors intersection,Normale,Deux véhicules - côté,,,,,,,,,,,1,2,1,1,3.0
201600058910,0016-12-17 14:35:00,16,12,17,14,35,973,302,MONTABO (ROUTE DE) 2,,,Plein jour,Hors agglomération,Hors intersection,Normale,Deux véhicules - côté,,,,,,,,,,,1,1,1,1,3.0
201600058911,0016-12-19 08:28:00,16,12,19,8,28,973,302,"25, DIGUE RONJON",,,Plein jour,En agglomération,Hors intersection,Normale,Deux véhicules - côté,,,,,,,,,,,1,2,1,1,3.0
201600058912,0016-12-19 10:50:00,16,12,19,10,50,973,302,"11, MOLE",,,Plein jour,En agglomération,Hors intersection,Normale,Autre collision,,,,,,,,,,,1,2,1,1,6.0
201600058913,0016-12-19 12:59:00,16,12,19,12,59,973,302,"151, CABASSOU (ROUTE DE)",,,Plein jour,Hors agglomération,Hors intersection,Normale,Autre collision,,,,,,,,,,,1,1,1,1,6.0
201600058914,0016-12-19 21:39:00,16,12,19,21,39,973,302,MANDELA  (BOULEVARD),,,Nuit avec éclairage allumé,En agglomération,Intersection en X,Temps couvert,Deux véhicules - côté,,,,,,,,,,,5,2,2,8,3.0
201600058915,0016-12-20 18:15:00,16,12,20,18,15,973,302,"62, BADUEL (ROUTE DE)",,,Plein jour,En agglomération,Hors intersection,Normale,Deux véhicules - côté,,,,,,,,,,,1,2,1,1,3.0
201600058916,0016-12-22 09:20:00,16,12,22,9,20,973,302,MADELEINE (ROUTE DE LA),,,Plein jour,En agglomération,Hors intersection,Normale,Deux véhicules - côté,,,,,,,,,,,1,2,1,1,3.0
201600058917,0016-12-24 08:35:00,16,12,24,8,35,973,302,"2068, MADELEINE (ROUTE D",,,Plein jour,Hors agglomération,Hors intersection,Pluie légère,Deux véhicules - arrière,,,,,,,,,,,1,1,1,2,2.0