accident_id,datetime,annee,mois,jour,heure,minute,departement,commune_insee,adresse,latitude,longitude,luminosite,agglomeration,intersection,meteo,collision,nb_vehicules,nb_usagers,nb_indemnes,nb_tues,nb_blesses_hosp,nb_blesses_legers,age_cond_1,age_cond_2,veh_type_cond_1,veh_type_cond_2,lum_code,agg_code,int_code,atm_code,col_code
201600059173,0016-04-03 13:05:00,16,4,3,13,5,974,416,"77, BOISSY(CHEMIN)",,,Plein jour,Hors agglomération,Hors intersection,Normale,Sans collision,,,,,,,,,,,1,1,1,1,7.0
201600059174,0016-05-18 18:55:00,16,5,18,18,55,974,416,"369, AUBEPINES(ALLEE DES",,,Crépuscule ou aube,Hors agglomération,Giratoire,Normale,Autre collision,,,,,,,,,,,2,1,6,1,6.0
201600059175,0016-05-25 16:10:00,16,5,25,16,10,974,416,"1, FOUR A CHAUX 2 (RUE D",,,Plein jour,En agglomération,Hors intersection,Normale,Autre collision,,,,,,,,,,,1,2,1,1,6.0
201600059176,0016-04-26 14:35:00,16,4,26,14,35,974,416,RN3 (2),,,Plein jour,Hors agglomération,Hors intersection,Normale,Autre collision,,,,,,,,,,,1,1,1,1,6.0
201600059177,0016-05-27 12:55:00,16,5,27,12,55,974,416,MAURICE THOREZ(CHEMIN),,,Plein jour,Hors agglomération,Hors intersection,Normale,Deux véhicules - frontale,,,,,,,,,,,1,1,1,1,1.0
201600059178,0016-05-30 17:20:00,16,5,30,17,20,974,416,"28, LORION (RUE LUC)",,,Plein jour,En agglomération,Intersection en X,Normale,Autre collision,,,,,,,,,,,1,2,2,1,6.0
201600059179,0016-03-02 10:25:00,16,3,2,10,25,974,416,"50, ANCIENNE RN 1",,,Plein jour,Hors agglomération,Hors intersection,Normale,Autre collision,,,,,,,,,,,1,1,1,1,6.0
201600059180,0016-03-02 07:50:00,16,3,2,7,50,974,416,"49, PERE MAITRE(RUE DU)",,,Plein jour,En agglomération,Hors intersection,Normale,Deux véhicules - arrière,,,,,,,,,,,1,2,1,1,2.0
201600059181,0016-05-31 19:50:00,16,5,31,19,50,974,416,"117, LEBLOND(RUE M. ET A",,,Nuit avec éclairage allumé,En agglomération,Intersection en X,Pluie légère,Deux véhicules - frontale,,,,,,,,,,,5,2,2,2,1.0
201600059182,0016-03-11 18:00:00,16,3,11,18,0,974,416,"16, LAPIERRE (RUE HENRI)",,,Crépuscule ou aube,En agglomération,Hors intersection,Normale,Autre collision,,,,,,,,,,,2,2,1,1,6.0
201600059183,0016-03-12 13:00:00,16,3,12,13,0,974,416,RN1 (ROUTE NATIONALE),,,Plein jour,Hors agglomération,Hors intersection,Normale,Deux véhicules - arrière,,,,,,,,,,,1,1,1,1,2.0
201600059184,0016-03-17 18:15:00,16,3,17,18,15,974,416,"70, DONAT (AVENUE LUC)",,,Plein jour,En agglomération,Hors intersection,Normale,Deux véhicules - côté,,,,,,,,,,,1,2,1,1,3.0
201600059185,0016-03-30 13:30:00,16,3,30,13,30,974,416,", HUBERT DE LISLE(BOULEV",,,Plein jour,En agglomération,Hors intersection,Normale,Deux véhicules - côté,,,,,,,,,,,1,2,1,1,3.0
201600059186,0016-04-29 16:35:00,16,4,29,16,35,974,416,"132, HIPPOLYTE  PIOT (RU",,,Plein jour,En agglomération,Hors intersection,Normale,Autre collision,,,,,,,,,,,1,2,1,1,6.0
201600059187,0016-06-06 16:50:00,16,6,6,16,50,974,416,"71, CONCESSION CONDE(CHE",,,Plein jour,Hors agglomération,Intersection en T,Normale,Deux véhicules - côté,,,,,,,,,,,1,1,3,1,3.0
201600059188,0016-06-07 14:30:00,16,6,7,14,30,974,416,"15, ANCIENNE RN 1",,,Plein jour,Hors agglomération,Hors intersection,Normale,Deux véhicules - côté,,,,,,,,,,,1,1,1,1,3.0
201600059189,0016-06-06 20:20:00,16,6,6,20,20,974,416,ISAUTIER (RUE FRANCOIS),,,Nuit avec éclairage allumé,En agglomération,Intersection en X,Normale,Deux véhicules - côté,,,,,,,,,,,5,2,2,1,3.0
201600059190,0016-06-10 08:20:00,16,6,10,8,20,974,416,"100 BIS, AUGUSTIN ARCHAM",,,Plein jour,En agglomération,Hors intersection,Normale,Autre collision,,,,,,,,,,,1,2,1,1,6.0
201600059191,0016-06-12 00:15:00,16,6,12,0,15,974,416,"96, BABET (RUE AUGUSTE)",,,Nuit avec éclairage allumé,En agglomération,Hors intersection,Normale,Trois véhicules et plus - collisions multiples,,,,,,,,,,,5,2,1,1,5.0
201600059192,0016-05-18 19:00:00,16,5,18,19,0,974,416,"180, BADAMIERS (IMPASSE",,,Nuit sans éclairage public,Hors agglomération,Hors intersection,Normale,Autre collision,,,,,,,,,,,3,1,1,1,6.0
201600059193,0016-06-12 17:33:00,16,6,12,17,33,974,416,HUBERT DE LISLE(BOULEVAR,21.20369,55.28369,Plein jour,En agglomération,Hors intersection,Normale,Autre collision,,,,,,,,,,,1,2,1,1,6.0
201600059194,0016-03-16 06:25:00,16,3,16,6,25,974,416,"122, HIPPOLYTE  PIOT (RU",,,Crépuscule ou aube,En agglomération,Hors intersection,Normale,Autre collision,,,,,,,,,,,2,2,1,1,6.0
201600059195,0016-03-06 17:00:00,16,3,6,17,0,974,416,", ANCIENNE RN 1",,,Plein jour,Hors agglomération,Hors intersection,Normale,Deux véhicules - côté,,,,,,,,,,,1,1,1,1,3.0
201600059196,0016-06-17 00:01:00,16,6,17,0,1,974,416,RN2 (1),,,Nuit avec éclairage allumé,Hors agglomération,Hors intersection,Normale,Trois véhicules et plus - collisions multiples,,,,,,,,,,,5,1,1,1,5.0
201600059197,0016-04-11 17:00:00,16,4,11,17,0,974,416,"20, VERGES (AVENUE LAURE",,,Plein jour,Hors agglomération,Hors intersection,Normale,Sans collision,,,,,,,,,,,1,1,1,1,7.0
201600059198,0016-04-03 03:30:00,16,4,3,3,30,974,416,"440, ENTRE DEUX (CHEMIN)",,,Nuit avec éclairage allumé,En agglomération,Hors intersection,Normale,Autre collision,,,,,,,,,,,5,2,1,1,6.0
201600059199,0016-06-25 19:15:00,16,6,25,19,15,974,416,"32, BASSIN 18 (ALLEE)",,,Nuit avec éclairage allumé,Hors agglomération,Hors intersection,Pluie légère,Autre collision,,,,,,,,,,,5,1,1,2,6.0
201600059200,0016-07-06 13:15:00,16,7,6,13,15,974,416,RN3 (1),,,Plein jour,Hors agglomération,Hors intersection,Normale,Deux véhicules - arrière,,,,,,,,,,,1,1,1,1,2.0
201600059201,0016-06-04 02:30:00,16,6,4,2,30,974,416,KM3 (CHEMIN),,,Nuit sans éclairage public,Hors agglomération,Hors intersection,Normale,Autre collision,,,,,,,,,,,3,1,1,1,6.0
201600059202,0016-07-07 12:45:00,16,7,7,12,45,974,416,"44, DE LA ZONE(ALLEE)",,,Plein jour,Hors agglomération,Hors intersection,Normale,Deux véhicules - côté,,,,,,,,,,,1,1,1,1,3.0
201600059203,0016-06-06 09:00:00,16,6,6,9,0,974,416,LIGNE PARADIS(ROUTE DE L,,,Plein jour,Hors agglomération,Hors intersection,Normale,Deux véhicules - côté,,,,,,,,,,,1,1,1,1,3.0
201600059204,0016-07-05 06:20:00,16,7,5,6,20,974,416,RN 01,,,Plein jour,Hors agglomération,Hors intersection,Pluie légère,Deux véhicules - côté,,,,,,,,,,,1,1,1,2,3.0
201600059205,0016-07-09 12:15:00,16,7,9,12,15,974,416,RN3 (ANCIENNE ROUTE),,,Plein jour,Hors agglomération,Hors intersection,Pluie légère,Deux véhicules - frontale,,,,,,,,,,,1,1,1,2,1.0
201600059206,0016-07-11 16:15:00,16,7,11,16,15,974,416,COLARDEAU (CHEMIN FERNAN,,,Plein jour,En agglomération,Hors intersection,Normale,Deux véhicules - côté,,,,,,,,,,,1,2,1,1,3.0
201600059207,0016-06-12 09:00:00,16,6,12,9,0,974,416,RECHERCHANT(RUE ADRIEN),,,Plein jour,En agglomération,Hors intersection,Normale,Autre collision,,,,,,,,,,,1,2,1,1,6.0
201600059208,0016-07-13 13:50:00,16,7,13,13,50,974,416,RECHERCHANT(RUE ADRIEN),,,Crépuscule ou aube,Hors agglomération,Intersection en T,Normale,Deux véhicules - arrière,,,,,,,,,,,2,1,3,1,2.0
201600059209,0016-07-13 20:10:00,16,7,13,20,10,974,416,RN1,,,Nuit sans éclairage public,Hors agglomération,Hors intersection,Normale,Deux véhicules - arrière,,,,,,,,,,,3,1,1,1,2.0
201600059210,0016-07-16 08:40:00,16,7,16,8,40,974,416,HUBERT DE LISLE(BOULEVAR,,,Plein jour,En agglomération,Hors intersection,Normale,Autre collision,,,,,,,,,,,1,2,1,1,6.0
201600059211,0016-05-18 06:30:00,16,5,18,6,30,974,416,BARQUISSEAU (RUE DESIRE),,,Plein jour,En agglomération,Autre intersection,Normale,Deux véhicules - côté,,,,,,,,,,,1,2,9,1,3.0
201600059212,0016-07-16 19:00:00,16,7,16,19,0,974,416,LORION(RUE LUC),,,Nuit avec éclairage allumé,En agglomération,Intersection en T,Normale,Deux véhicules - côté,,,,,,,,,,,5,2,3,1,3.0
201600059213,0016-07-23 23:20:00,16,7,23,23,20,974,416,RN1 (ROUTE NATIONALE),,,Nuit sans éclairage public,Hors agglomération,Hors intersection,Normale,Autre collision,,,,,,,,,,,3,1,1,1,6.0
201600059214,0016-07-27 15:45:00,16,7,27,15,45,974,416,"182, LEBLOND 1 (RUE MARI",,,Plein jour,En agglomération,Hors intersection,Normale,Deux véhicules - côté,,,,,,,,,,,1,2,1,1,3.0
201600059215,0016-08-06 23:15:00,16,8,6,23,15,974,416,BONS ENFANTS (RUE DES),,,Nuit avec éclairage allumé,En agglomération,Intersection en X,Normale,Deux véhicules - frontale,,,,,,,,,,,5,2,2,1,1.0
201600059216,0016-08-06 10:00:00,16,8,6,10,0,974,416,RN2 (2),,,Plein jour,Hors agglomération,Hors intersection,Normale,Trois véhicules et plus - collisions multiples,,,,,,,,,,,1,1,1,1,5.0
201600059217,0016-08-04 11:45:00,16,8,4,11,45,974,416,RN1 (ROUTE NATIONALE),,,Plein jour,Hors agglomération,Hors intersection,Normale,Deux véhicules - arrière,,,,,,,,,,,1,1,1,1,2.0
201600059218,0016-08-09 09:30:00,16,8,9,9,30,974,416,"50, MAITRE (RUE DU PERE)",,,Plein jour,En agglomération,Hors intersection,Normale,Autre collision,,,,,,,,,,,1,2,1,1,6.0
201600059219,0016-08-15 11:15:00,16,8,15,11,15,974,416,"55, LIGNE DES BAMBOUS(RO",,,Plein jour,Hors agglomération,Hors intersection,Normale,Deux véhicules - côté,,,,,,,,,,,1,1,1,1,3.0
201600059220,0016-08-13 11:10:00,16,8,13,11,10,974,416,RN3 (2),,,Plein jour,Hors agglomération,Hors intersection,Normale,Trois véhicules et plus - en chaîne,,,,,,,,,,,1,1,1,1,4.0
201600059221,0016-06-03 23:10:00,16,6,3,23,10,974,416,PARADIS (LIGNE) (1),,,Nuit avec éclairage allumé,Hors agglomération,Autre intersection,Normale,Deux véhicules - côté,,,,,,,,,,,5,1,9,1,3.0
201600059222,0016-08-30 07:15:00,16,8,30,7,15,974,416,RN3 (2),,,Plein jour,Hors agglomération,Hors intersection,Normale,Trois véhicules et plus - en chaîne,,,,,,,,,,,1,1,1,1,4.0
201600059223,0016-08-27 11:45:00,16,8,27,11,45,974,416,"100, ARCHAMBAUD (RUE)",,,Plein jour,En agglomération,Hors intersection,Normale,Autre collision,,,,,,,,,,,1,2,1,1,6.0
201600059224,0016-08-31 09:20:00,16,8,31,9,20,974,416,"99, PRESIDENT MITTERAND(",,,Plein jour,En agglomération,Intersection en T,Normale,Deux véhicules - côté,,,,,,,,,,,1,2,3,1,3.0
201600059225,0016-09-03 03:00:00,16,9,3,3,0,974,416,RN1(BRETELLE ACCES),,,Nuit sans éclairage public,Hors agglomération,Hors intersection,Normale,Autre collision,,,,,,,,,,,3,1,1,1,6.0
201600059226,0016-09-05 17:15:00,16,9,5,17,15,974,416,BANK (BOULEVARD),,,Plein jour,En agglomération,Hors intersection,Normale,Autre collision,,,,,,,,,,,1,2,1,1,6.0
201600059227,0016-09-08 14:15:00,16,9,8,14,15,974,416,"20, RN3 (ANCIENNE ROUTE)",,,Plein jour,Hors agglomération,Hors intersection,Normale,Deux véhicules - côté,,,,,,,,,,,1,1,1,1,3.0
201600059228,0016-09-07 20:05:00,16,9,7,20,5,974,416,RN2 (1),21.20001,55.28532,Nuit avec éclairage allumé,Hors agglomération,Hors intersection,Normale,Autre collision,,,,,,,,,,,5,1,1,1,6.0
201600059229,0016-09-19 19:00:00,16,9,19,19,0,974,416,"123 A, RECHERCHANT (RUE",21.29025,55.48521,Nuit avec éclairage allumé,Hors agglomération,Hors intersection,Normale,Deux véhicules - arrière,,,,,,,,,,,5,1,1,1,2.0
201600059230,0016-09-21 19:55:00,16,9,21,19,55,974,416,ANCIENNE RN2 (2),,,Nuit avec éclairage allumé,En agglomération,Hors intersection,Normale,Deux véhicules - arrière,,,,,,,,,,,5,2,1,1,2.0
201600059231,0016-09-21 17:50:00,16,9,21,17,50,974,416,RN02,,,Crépuscule ou aube,Hors agglomération,Hors intersection,Normale,Trois véhicules et plus - en chaîne,,,,,,,,,,,2,1,1,1,4.0
201600059232,0016-09-23 12:25:00,16,9,23,12,25,974,416,"10, POUDRIERE(RUE DE LA)",21.33498,55.45644,Plein jour,En agglomération,Hors intersection,Normale,Deux véhicules - côté,,,,,,,,,,,1,2,1,1,3.0
201600059233,0016-09-24 12:05:00,16,9,24,12,5,974,416,"20, JEAN XXIII(RUE)",,,Plein jour,En agglomération,Hors intersection,Normale,Autre collision,,,,,,,,,,,1,2,1,1,6.0
201600059234,0016-09-24 13:50:00,16,9,24,13,50,974,416,"26, DONAT (AVENUE LUC)",,,Plein jour,Hors agglomération,Intersection en T,Normale,Deux véhicules - côté,,,,,,,,,,,1,1,3,1,3.0
201600059235,0016-09-19 16:40:00,16,9,19,16,40,974,416,"2, BABET (RUE AUGUSTE)",21.33041,55.48255,Plein jour,En agglomération,Hors intersection,Normale,Deux véhicules - côté,,,,,,,,,,,1,2,1,1,3.0
201600059236,0016-07-25 00:50:00,16,7,25,0,50,974,416,ANCIENNE RN 1,,,Nuit sans éclairage public,Hors agglomération,Hors intersection,Normale,Sans collision,,,,,,,,,,,3,1,1,1,7.0
201600059237,0016-08-09 11:00:00,16,8,9,11,0,974,416,"20, SAVANE (CHEMIN DE LA",,,Plein jour,Hors agglomération,Hors intersection,Normale,Autre collision,,,,,,,,,,,1,1,1,1,6.0
201600059238,0016-09-03 03:10:00,16,9,3,3,10,974,416,RN1,,,Nuit sans éclairage public,Hors agglomération,Hors intersection,Normale,Autre collision,,,,,,,,,,,3,1,1,1,6.0
201600059239,0016-10-14 05:55:00,16,10,14,5,55,974,416,"02, LIGNE CAMBRAI",,,Crépuscule ou aube,Hors agglomération,Hors intersection,Normale,Sans collision,,,,,,,,,,,2,1,1,1,7.0
201600059240,0016-10-19 16:30:00,16,10,19,16,30,974,416,RN3 (1),,,Plein jour,Hors agglomération,Hors intersection,Normale,Trois véhicules et plus - collisions multiples,,,,,,,,,,,1,1,1,1,5.0
201600059241,0016-10-27 13:30:00,16,10,27,13,30,974,416,"10, HIPPOLYTE  PIOT (RUE",,,Plein jour,En agglomération,Hors intersection,Temps couvert,Deux véhicules - frontale,,,,,,,,,,,1,2,1,8,1.0
201600059242,0016-10-26 15:10:00,16,10,26,15,10,974,416,"2, BORY SAINT VINCENT(RU",,,Plein jour,En agglomération,Hors intersection,Normale,Sans collision,,,,,,,,,,,1,2,1,1,7.0
201600059243,0016-10-28 20:30:00,16,10,28,20,30,974,416,RN1 (ROUTE NATIONALE),,,Nuit sans éclairage public,Hors agglomération,Hors intersection,Normale,Trois véhicules et plus - collisions multiples,,,,,,,,,,,3,1,1,1,5.0
201600059244,0016-10-30 16:40:00,16,10,30,16,40,974,416,"45, LORION(RUE LUC)",,,Plein jour,En agglomération,Intersection en T,Normale,Deux véhicules - côté,,,,,,,,,,,1,2,3,1,3.0
201600059245,0016-10-31 07:00:00,16,10,31,7,0,974,416,"21, FOUR A CHAUX(RUE DU)",,,Plein jour,En agglomération,Intersection en T,Normale,Deux véhicules - côté,,,,,,,,,,,1,2,3,1,3.0
201600059246,0016-10-23 16:45:00,16,10,23,16,45,974,416,ENTRE DEUX (CHEMIN) CD26,,,Plein jour,Hors agglomération,Hors intersection,Normale,Deux véhicules - frontale,,,,,,,,,,,1,1,1,1,1.0
201600059247,0016-11-01 16:30:00,16,11,1,16,30,974,416,AERODROME (CHEMIN DE L'),21.3119,55.43177,Plein jour,Hors agglomération,Hors intersection,Normale,Autre collision,,,,,,,,,,,1,1,1,1,6.0
201600059248,0016-10-29 12:05:00,16,10,29,12,5,974,416,"25 BIS, PAUL LEGROS(CHEM",,,Plein jour,En agglomération,Hors intersection,Normale,Autre collision,,,,,,,,,,,1,2,1,1,6.0
201600059249,0016-11-04 05:50:00,16,11,4,5,50,974,416,ARCHAMBAUD (RUE),,,Plein jour,En agglomération,Hors intersection,Pluie légère,Deux véhicules - arrière,,,,,,,,,,,1,2,1,2,2.0
201600059250,0016-11-05 09:25:00,16,11,5,9,25,974,416,RN3 (1),,,Plein jour,Hors agglomération,Hors intersection,Normale,Autre collision,,,,,,,,,,,1,1,1,1,6.0
201600059251,0016-11-11 15:50:00,16,11,11,15,50,974,416,"24, BOIS NOIRS (ALLEE DE",,,Plein jour,En agglomération,Hors intersection,Normale,Autre collision,,,,,,,,,,,1,2,1,1,6.0
201600059252,0016-11-13 15:30:00,16,11,13,15,30,974,416,ANCIENNE RN2,,,Plein jour,Hors agglomération,Hors intersection,Normale,Trois véhicules et plus - collisions multiples,,,,,,,,,,,1,1,1,1,5.0
201600059253,0016-11-15 16:40:00,16,11,15,16,40,974,416,"239, LACAZE (RUE AMIRAL)",21.34787,55.48677,Plein jour,En agglomération,Hors intersection,Normale,Deux véhicules - côté,,,,,,,,,,,1,2,1,1,3.0
201600059254,0016-11-13 15:40:00,16,11,13,15,40,974,416,"15, BADAMIER(CHEMIN)",,,Plein jour,Hors agglomération,Hors intersection,Normale,Sans collision,,,,,,,,,,,1,1,1,1,7.0
201600059255,0016-11-19 13:20:00,16,11,19,13,20,974,416,ARCHAMBAUD (RUE),,,Plein jour,En agglomération,Hors intersection,Normale,Deux véhicules - côté,,,,,,,,,,,1,2,1,1,3.0
201600059256,0016-11-22 13:00:00,16,11,22,13,0,974,416,"77, LEBLOND 1 (RUE MARIU",,,Plein jour,En agglomération,Intersection en T,Normale,Deux véhicules - côté,,,,,,,,,,,1,2,3,1,3.0
201600059257,0016-11-18 22:00:00,16,11,18,22,0,974,416,RN03,,,Nuit sans éclairage public,Hors agglomération,Place,Normale,Autre collision,,,,,,,,,,,3,1,7,1,6.0
201600059258,0016-11-29 14:20:00,16,11,29,14,20,974,416,RN2 (1),,,Plein jour,Hors agglomération,Giratoire,Pluie légère,Deux véhicules - côté,,,,,,,,,,,1,1,6,2,3.0
201600059259,0016-12-01 09:10:00,16,12,1,9,10,974,416,RN03,,,Plein jour,Hors agglomération,Hors intersection,Normale,Trois véhicules et plus - en chaîne,,,,,,,,,,,1,1,1,1,4.0
201600059260,0016-12-01 14:30:00,16,12,1,14,30,974,416,"35, HUBERT DE LISLE(BOUL",,,Plein jour,En agglomération,Hors intersection,Pluie légère,Sans collision,,,,,,,,,,,1,2,1,2,7.0
201600059261,0016-12-03 01:30:00,16,12,3,1,30,974,416,RN2 (2),,,Nuit avec éclairage allumé,Hors agglomération,Hors intersection,Normale,Autre collision,,,,,,,,,,,5,1,1,1,6.0
201600059262,0016-12-05 07:20:00,16,12,5,7,20,974,416,LEBLOND 2 (RUE MARIUS ET,,,Plein jour,En agglomération,Intersection en T,Normale,Deux véhicules - côté,,,,,,,,,,,1,2,3,1,3.0
201600059263,0016-12-07 12:30:00,16,12,7,12,30,974,416,"100, DONAT (AVENUE LUC)",,,Plein jour,En agglomération,Hors intersection,Normale,Deux véhicules - frontale,,,,,,,,,,,1,2,1,1,1.0
201600059264,0016-12-03 09:30:00,16,12,3,9,30,974,416,"291, L'ENTRE DEUX(ROUTE",,,Plein jour,Hors agglomération,Hors intersection,Normale,Sans collision,,,,,,,,,,,1,1,1,1,7.0
201600059265,0016-12-16 15:50:00,16,12,16,15,50,974,416,"72, CONCESSION CONDE(CHE",,,Plein jour,En agglomération,Hors intersection,Normale,Deux véhicules - côté,,,,,,,,,,,1,2,1,1,3.0
201600059266,0016-12-19 19:00:00,16,12,19,19,0,974,416,BOIS NOIRS (ALLEE DES) (,,,Crépuscule ou aube,En agglomération,Hors intersection,Normale,Deux véhicules - côté,,,,,,,,,,,2,2,1,1,3.0
201600059267,0016-12-27 05:55:00,16,12,27,5,55,974,416,"2, AUBEPINES (CHEMINS DE",,,Plein jour,Hors agglomération,Hors intersection,Normale,Autre collision,,,,,,,,,,,1,1,1,1,6.0
201600059268,0016-12-30 09:55:00,16,12,30,9,55,974,416,LAFOSSE (RUE DU PERE),,,Plein jour,Hors agglomération,Hors intersection,Normale,Autre collision,,,,,,,,,,,1,1,1,1,6.0
201600059269,0016-12-07 08:00:00,16,12,7,8,0,976,611,m'tsapere-Nationale 2 (r,,,Plein jour,En agglomération,Hors intersection,Normale,Autre collision,,,,,,,,,,,1,2,1,1,6.0
201600059270,0016-12-09 14:25:00,16,12,9,14,25,976,611,kaweni-Kaweni nord ( Z I,,,Plein jour,En agglomération,Hors intersection,Normale,Deux véhicules - arrière,,,,,,,,,,,1,2,1,1,2.0
201600059271,0016-12-15 22:50:00,16,12,15,22,50,976,611,m'tsapere-Foundi Ousseni,,,Nuit avec éclairage allumé,En agglomération,Hors intersection,Normale,Autre collision,,,,,,,,,,,5,2,1,1,6.0
201600059272,0016-12-15 09:45:00,16,12,15,9,45,976,611,kaweni-Zamantal (rue),,,Plein jour,En agglomération,Hors intersection,Normale,Autre collision,,,,,,,,,,,1,2,1,1,6.0
201600059273,0016-12-29 23:45:00,16,12,29,23,45,976,611,kaweni-Kaweni sud  (Z I),,,Nuit sans éclairage public,En agglomération,Hors intersection,Normale,Sans collision,,,,,,,,,,,3,2,1,1,7.0
201600059274,0016-12-22 18:17:00,16,12,22,18,17,976,611,m'tsapere-Roahandra ( ru,,,Crépuscule ou aube,En agglomération,Hors intersection,Normale,Autre collision,,,,,,,,,,,2,2,1,1,6.0
201600059275,0016-01-03 16:50:00,16,1,3,16,50,976,611,cavani-Rond point du Sta,,,Plein jour,En agglomération,Intersection en T,Normale,Deux véhicules - frontale,,,,,,,,,,,1,2,3,1,1.0
201600059276,0016-12-21 12:30:00,16,12,21,12,30,976,611,convalescence/vetivers-V,,,Plein jour,En agglomération,Hors intersection,Normale,Deux véhicules - frontale,,,,,,,,,,,1,2,1,1,1.0
201600059277,0016-12-25 17:10:00,16,12,25,17,10,976,611,passamanty-Vahib ( rout,,,Plein jour,En agglomération,Hors intersection,Normale,Autre collision,,,,,,,,,,,1,2,1,1,6.0
201600059278,0016-12-29 08:00:00,16,12,29,8,0,976,611,mamoudzou centre-Hopital,,,Plein jour,En agglomération,Hors intersection,Normale,Autre collision,,,,,,,,,,,1,2,1,1,6.0
201600059279,0016-01-13 08:35:00,16,1,13,8,35,976,611,mamoudzou centre-Hopital,,,Plein jour,En agglomération,Hors intersection,Normale,Deux véhicules - frontale,,,,,,,,,,,1,2,1,1,1.0
201600059280,0016-12-14 08:22:00,16,12,14,8,22,976,611,mamoudzou centre-Mariaz,,,Plein jour,En agglomération,Intersection en Y,Normale,Deux véhicules - côté,,,,,,,,,,,1,2,4,1,3.0
201600059281,0016-02-01 18:30:00,16,2,1,18,30,976,611,m'tsapere-Nationale 2 (r,,,Crépuscule ou aube,En agglomération,Intersection en T,Normale,Deux véhicules - côté,,,,,,,,,,,2,2,3,1,3.0
201600059282,0016-12-25 10:40:00,16,12,25,10,40,976,611,kaweni-Kaweni sud  (Z I),,,Plein jour,En agglomération,Intersection en T,Normale,Deux véhicules - côté,,,,,,,,,,,1,2,3,1,3.0
201600059283,0016-01-27 10:40:00,16,1,27,10,40,976,611,cavani-Kavani sud ( rue,,,Plein jour,En agglomération,Hors intersection,Normale,Autre collision,,,,,,,,,,,1,2,1,1,6.0
201600059284,0016-01-29 20:28:00,16,1,29,20,28,976,611,m'tsapere-Nationale 2 (r,,,Nuit sans éclairage public,En agglomération,Hors intersection,Normale,Deux véhicules - côté,,,,,,,,,,,3,2,1,1,3.0
201600059285,0016-02-13 09:37:00,16,2,13,9,37,976,611,passamanty-Cavani-Be (ru,,,Plein jour,En agglomération,Hors intersection,Normale,Deux véhicules - arrière,,,,,,,,,,,1,2,1,1,2.0
201600059286,0016-02-05 12:40:00,16,2,5,12,40,976,611,cavani-Cavani (route de),,,Plein jour,En agglomération,Intersection en T,Pluie légère,Deux véhicules - côté,,,,,,,,,,,1,2,3,2,3.0
201600059287,0016-02-09 18:25:00,16,2,9,18,25,976,611,mgombani-M'Gombani ( rue,,,Crépuscule ou aube,En agglomération,Hors intersection,Normale,Deux véhicules - côté,,,,,,,,,,,2,2,1,1,3.0
201600059288,0016-02-14 19:14:00,16,2,14,19,14,976,611,kaweni-Kaweni nord ( Z I,,,Nuit sans éclairage public,En agglomération,Hors intersection,Normale,Sans collision,,,,,,,,,,,3,2,1,1,7.0
201600059289,0016-02-23 17:20:00,16,2,23,17,20,976,611,"104, cavani-Kavani sud (",,,Plein jour,En agglomération,Hors intersection,Pluie légère,Sans collision,,,,,,,,,,,1,2,1,2,7.0
201600059290,0016-01-01 19:35:00,16,1,1,19,35,976,611,passamanty-Sada ( rue de,,,Nuit sans éclairage public,En agglomération,Hors intersection,Normale,Autre collision,,,,,,,,,,,3,2,1,1,6.0
201600059291,0016-01-07 21:30:00,16,1,7,21,30,976,611,m'tsapere-Nationale 2 (r,,,Nuit sans éclairage public,En agglomération,Hors intersection,Normale,Sans collision,,,,,,,,,,,3,2,1,1,7.0
201600059292,0016-02-25 15:10:00,16,2,25,15,10,976,611,kaweni-Kaweni nord ( Z I,,,Plein jour,En agglomération,Intersection en T,Normale,Deux véhicules - côté,,,,,,,,,,,1,2,3,1,3.0
201600059293,0016-03-15 13:54:00,16,3,15,13,54,976,611,mamoudzou centre-Interna,,,Plein jour,En agglomération,Hors intersection,Normale,Trois véhicules et plus - collisions multiples,,,,,,,,,,,1,2,1,1,5.0
201600059294,0016-01-13 16:57:00,16,1,13,16,57,976,611,m'tsapere-Nationale 2 (r,,,Plein jour,En agglomération,Hors intersection,Normale,Autre collision,,,,,,,,,,,1,2,1,1,6.0
201600059295,0016-03-14 14:00:00,16,3,14,14,0,976,611,kaweni-Kaweni sud  (Z I),,,Plein jour,En agglomération,Hors intersection,Normale,Sans collision,,,,,,,,,,,1,2,1,1,7.0
201600059296,0016-01-16 08:25:00,16,1,16,8,25,976,611,mamoudzou centre-Mosque,,,Plein jour,En agglomération,Hors intersection,Normale,Autre collision,,,,,,,,,,,1,2,1,1,6.0
201600059297,0016-01-21 15:30:00,16,1,21,15,30,976,611,doujani-Mosque de douja,,,Plein jour,En agglomération,Hors intersection,Normale,Deux véhicules - côté,,,,,,,,,,,1,2,1,1,3.0
201600059298,0016-01-21 19:25:00,16,1,21,19,25,976,611,mamoudzou centre-Adrian,,,Plein jour,En agglomération,Hors intersection,Normale,Sans collision,,,,,,,,,,,1,2,1,1,7.0
201600059299,0016-01-20 17:38:00,16,1,20,17,38,976,611,kaweni-Europe (avenue),,,Plein jour,En agglomération,Hors intersection,Normale,Autre collision,,,,,,,,,,,1,2,1,1,6.0
201600059300,0016-01-20 12:35:00,16,1,20,12,35,976,611,cavani-Salamani  (rue ),,,Plein jour,En agglomération,Hors intersection,Normale,Deux véhicules - côté,,,,,,,,,,,1,2,1,1,3.0
201600059301,0016-01-24 18:36:00,16,1,24,18,36,976,611,m'tsapere-Nationale 2 (r,,,Plein jour,En agglomération,Hors intersection,Normale,Deux véhicules - frontale,,,,,,,,,,,1,2,1,1,1.0