accident_id,datetime,annee,mois,jour,heure,minute,departement,commune_insee,adresse,latitude,longitude,luminosite,agglomeration,intersection,meteo,collision,nb_vehicules,nb_usagers,nb_indemnes,nb_tues,nb_blesses_hosp,nb_blesses_legers,age_cond_1,age_cond_2,veh_type_cond_1,veh_type_cond_2,lum_code,agg_code,int_code,atm_code,col_code
201600059302,0016-01-23 13:20:00,16,1,23,13,20,976,611,mamoudzou centre-Pasky (,,,Plein jour,En agglomération,Hors intersection,Normale,Autre collision,,,,,,,,,,,1,2,1,1,6.0
201600059303,0016-01-30 20:15:00,16,1,30,20,15,976,611,les hauts vallons-M'Biwi,,,Nuit sans éclairage public,En agglomération,Hors intersection,Normale,Autre collision,,,,,,,,,,,3,2,1,1,6.0
201600059304,0016-03-19 18:50:00,16,3,19,18,50,976,611,m'tsapere-Nationale 2 (r,,,Nuit sans éclairage public,En agglomération,Hors intersection,Normale,Deux véhicules - frontale,,,,,,,,,,,3,2,1,1,1.0
201600059305,0016-01-02 10:00:00,16,1,2,10,0,976,611,m'tsapere-Nationale 2 (r,,,Plein jour,En agglomération,Hors intersection,Normale,Autre collision,,,,,,,,,,,1,2,1,1,6.0
201600059306,0016-01-30 03:30:00,16,1,30,3,30,976,611,mgombani-M'Gombani ( rue,,,Nuit avec éclairage allumé,En agglomération,Hors intersection,Normale,Autre collision,,,,,,,,,,,5,2,1,1,6.0
201600059307,0016-02-14 14:05:00,16,2,14,14,5,976,611,kaweni-Kaweni nord ( Z I,,,Plein jour,En agglomération,Hors intersection,Normale,Sans collision,,,,,,,,,,,1,2,1,1,7.0
201600059308,0016-02-20 00:20:00,16,2,20,0,20,976,611,kaweni-Kaweni nord ( Z I,,,Nuit avec éclairage allumé,En agglomération,Hors intersection,Normale,Sans collision,,,,,,,,,,,5,2,1,1,7.0
201600059309,0016-02-29 11:00:00,16,2,29,11,0,976,611,passamanty-Vahib ( rout,,,Plein jour,En agglomération,Hors intersection,Normale,Autre collision,,,,,,,,,,,1,2,1,1,6.0
201600059310,0016-02-24 14:55:00,16,2,24,14,55,976,611,passamanty-Vahib ( rout,,,Plein jour,En agglomération,Hors intersection,Normale,Autre collision,,,,,,,,,,,1,2,1,1,6.0
201600059311,0016-02-29 08:00:00,16,2,29,8,0,976,611,kaweni-Kaweni nord ( Z I,,,Plein jour,En agglomération,Hors intersection,Normale,Sans collision,,,,,,,,,,,1,2,1,1,7.0
201600059312,0016-04-05 12:35:00,16,4,5,12,35,976,611,kaweni-Kaweni sud  (Z I),,,Plein jour,En agglomération,Hors intersection,Normale,Autre collision,,,,,,,,,,,1,2,1,1,6.0
201600059313,0016-03-02 16:30:00,16,3,2,16,30,976,611,passamanty-Vahib ( rout,,,Plein jour,En agglomération,Giratoire,Pluie légère,Sans collision,,,,,,,,,,,1,2,6,2,7.0
201600059314,0016-03-03 06:50:00,16,3,3,6,50,976,611,vahibe-Departementale 3,,,Plein jour,Hors agglomération,Hors intersection,Pluie légère,Sans collision,,,,,,,,,,,1,1,1,2,7.0
201600059315,0016-03-07 09:30:00,16,3,7,9,30,976,611,kaweni-Kaweni nord ( Z I,,,Plein jour,Hors agglomération,Hors intersection,Normale,Sans collision,,,,,,,,,,,1,1,1,1,7.0
201600059316,0016-03-15 21:25:00,16,3,15,21,25,976,611,mamoudzou centre-RP Pass,,,Nuit sans éclairage public,En agglomération,Hors intersection,Normale,Autre collision,,,,,,,,,,,3,2,1,1,6.0
201600059317,0016-03-16 23:50:00,16,3,16,23,50,976,611,passamanty-Vahib ( rout,,,Nuit avec éclairage allumé,En agglomération,Hors intersection,Normale,Sans collision,,,,,,,,,,,5,2,1,1,7.0
201600059318,0016-03-16 09:15:00,16,3,16,9,15,976,611,kaweni-Kaweni nord ( Z I,,,Plein jour,En agglomération,Hors intersection,Pluie légère,Deux véhicules - côté,,,,,,,,,,,1,2,1,2,3.0
201600059319,0016-03-27 13:35:00,16,3,27,13,35,976,611,kaweni-Europe (avenue),,,Plein jour,En agglomération,Intersection en T,Normale,Deux véhicules - côté,,,,,,,,,,,1,2,3,1,3.0
201600059320,0016-03-27 23:00:00,16,3,27,23,0,976,611,kaweni-Kaweni nord ( Z I,,,Nuit avec éclairage allumé,En agglomération,Hors intersection,Normale,Sans collision,,,,,,,,,,,5,2,1,1,7.0
201600059321,0016-03-28 13:17:00,16,3,28,13,17,976,611,cavani-Kavani sud ( rue,,,Plein jour,En agglomération,Hors intersection,Normale,Autre collision,,,,,,,,,,,1,2,1,1,6.0
201600059322,0016-03-31 07:00:00,16,3,31,7,0,976,611,convalescence/vetivers-S,,,Plein jour,En agglomération,Hors intersection,Normale,Sans collision,,,,,,,,,,,1,2,1,1,7.0
201600059323,0016-04-17 06:05:00,16,4,17,6,5,976,611,kaweni-Mangrove (route d,,,Crépuscule ou aube,En agglomération,Hors intersection,Normale,Sans collision,,,,,,,,,,,2,2,1,1,7.0
201600059324,0016-04-22 14:15:00,16,4,22,14,15,976,611,mgombani-Mahabou angle r,,,Plein jour,En agglomération,Autre intersection,Normale,Deux véhicules - côté,,,,,,,,,,,1,2,9,1,3.0
201600059325,0016-04-25 17:05:00,16,4,25,17,5,976,611,kaweni-Kaweni sud  (Z I),,,Plein jour,En agglomération,Giratoire,Normale,Autre collision,,,,,,,,,,,1,2,6,1,6.0
201600059326,0016-04-28 14:20:00,16,4,28,14,20,976,611,mgombani-Mahabou angle r,,,Plein jour,En agglomération,Hors intersection,Normale,Autre collision,,,,,,,,,,,1,2,1,1,6.0
201600059327,0016-04-03 03:53:00,16,4,3,3,53,976,611,kaweni-Kaweni sud  (Z I),,,Nuit avec éclairage allumé,Hors agglomération,Giratoire,Normale,Autre collision,,,,,,,,,,,5,1,6,1,6.0
201600059328,0016-04-17 17:35:00,16,4,17,17,35,976,611,cavani-Kavani sud ( rue,,,Plein jour,En agglomération,Hors intersection,Normale,Deux véhicules - frontale,,,,,,,,,,,1,2,1,1,1.0
201600059329,0016-04-16 09:47:00,16,4,16,9,47,976,611,vahibe-Departementale 3,,,Plein jour,Hors agglomération,Hors intersection,Normale,Deux véhicules - côté,,,,,,,,,,,1,1,1,1,3.0
201600059330,0016-04-28 08:00:00,16,4,28,8,0,976,611,convalescence/vetivers-V,,,Plein jour,En agglomération,Hors intersection,Normale,Sans collision,,,,,,,,,,,1,2,1,1,7.0
201600059331,0016-04-25 07:50:00,16,4,25,7,50,976,611,passamanty-Cavani-Be (ru,,,Plein jour,En agglomération,Hors intersection,Normale,Deux véhicules - frontale,,,,,,,,,,,1,2,1,1,1.0
201600059332,0016-05-15 16:05:00,16,5,15,16,5,976,611,mamoudzou centre-Hopital,,,Plein jour,En agglomération,Hors intersection,Normale,Deux véhicules - côté,,,,,,,,,,,1,2,1,1,3.0
201600059333,0016-05-24 08:40:00,16,5,24,8,40,976,611,cavani-Baobab (ront poin,,,Plein jour,En agglomération,Hors intersection,Normale,Sans collision,,,,,,,,,,,1,2,1,1,7.0
201600059334,0016-04-22 12:25:00,16,4,22,12,25,976,611,kaweni-Kaweni nord ( Z I,,,Plein jour,En agglomération,Hors intersection,Normale,Autre collision,,,,,,,,,,,1,2,1,1,6.0
201600059335,0016-04-06 22:35:00,16,4,6,22,35,976,611,passamanty-Vahib ( rout,,,Nuit avec éclairage allumé,En agglomération,Hors intersection,Normale,Sans collision,,,,,,,,,,,5,2,1,1,7.0
201600059336,0016-05-27 10:36:00,16,5,27,10,36,976,611,kaweni-Kaweni nord ( Z I,,,Plein jour,En agglomération,Hors intersection,Normale,Deux véhicules - arrière,,,,,,,,,,,1,2,1,1,2.0
201600059337,0016-05-13 19:30:00,16,5,13,19,30,976,611,passamanty-Vahib ( rout,,,Nuit sans éclairage public,Hors agglomération,Hors intersection,Normale,Sans collision,,,,,,,,,,,3,1,1,1,7.0
201600059338,0016-07-01 14:59:00,16,7,1,14,59,976,611,kaweni-SPPM ( rue de la,,,Plein jour,En agglomération,Hors intersection,Normale,Autre collision,,,,,,,,,,,1,2,1,1,6.0
201600059339,0016-06-10 05:45:00,16,6,10,5,45,976,611,kaweni-Kaweni nord ( Z I,,,Crépuscule ou aube,En agglomération,Hors intersection,Normale,Autre collision,,,,,,,,,,,2,2,1,1,6.0
201600059340,0016-06-10 12:55:00,16,6,10,12,55,976,611,mgombani-Mahabou angle r,,,Plein jour,En agglomération,Hors intersection,Normale,Autre collision,,,,,,,,,,,1,2,1,1,6.0
201600059341,0016-07-03 19:25:00,16,7,3,19,25,976,611,m'tsapere-Nationale 2 (r,,,Plein jour,En agglomération,Giratoire,Normale,Deux véhicules - côté,,,,,,,,,,,1,2,6,1,3.0
201600059342,0016-06-11 09:00:00,16,6,11,9,0,976,611,m'tsapere-Nationale 2 (r,,,Plein jour,En agglomération,Hors intersection,Normale,Autre collision,,,,,,,,,,,1,2,1,1,6.0
201600059343,0016-06-14 19:46:00,16,6,14,19,46,976,611,mamoudzou centre-Command,,,Nuit sans éclairage public,En agglomération,Giratoire,Normale,Autre collision,,,,,,,,,,,3,2,6,1,6.0
201600059344,0016-05-19 10:15:00,16,5,19,10,15,976,611,m'tsapere-Nationale 2 (r,,,Plein jour,En agglomération,Intersection en T,Normale,Deux véhicules - côté,,,,,,,,,,,1,2,3,1,3.0
201600059345,0016-05-19 17:50:00,16,5,19,17,50,976,611,kaweni-Kaweni sud  (Z I),,,Crépuscule ou aube,En agglomération,Hors intersection,Normale,Autre collision,,,,,,,,,,,2,2,1,1,6.0
201600059346,0016-05-06 19:50:00,16,5,6,19,50,976,611,kaweni-Kaweni nord ( Z I,,,Nuit sans éclairage public,En agglomération,Hors intersection,Normale,Autre collision,,,,,,,,,,,3,2,1,1,6.0
201600059347,0016-06-22 07:45:00,16,6,22,7,45,976,611,les hauts vallons-Credit,,,Plein jour,En agglomération,Hors intersection,Normale,Deux véhicules - côté,,,,,,,,,,,1,2,1,1,3.0
201600059348,0016-05-01 06:25:00,16,5,1,6,25,976,611,kaweni-Lazerevouni ( rue,,,Plein jour,En agglomération,Hors intersection,Normale,Autre collision,,,,,,,,,,,1,2,1,1,6.0
201600059349,0016-05-06 15:30:00,16,5,6,15,30,976,611,m'tsapere-Nationale 2 (r,,,Plein jour,En agglomération,Hors intersection,Normale,Autre collision,,,,,,,,,,,1,2,1,1,6.0
201600059350,0016-05-02 14:00:00,16,5,2,14,0,976,611,kaweni-Archipel (avenue,,,Plein jour,En agglomération,Hors intersection,Normale,Trois véhicules et plus - collisions multiples,,,,,,,,,,,1,2,1,1,5.0
201600059351,0016-05-24 06:15:00,16,5,24,6,15,976,611,m'tsapere-Nationale 2 (r,,,Plein jour,En agglomération,Hors intersection,Normale,Deux véhicules - côté,,,,,,,,,,,1,2,1,1,3.0
201600059352,0016-06-06 15:30:00,16,6,6,15,30,976,611,kaweni-Kaweni sud  (Z I),,,Plein jour,Hors agglomération,Giratoire,Normale,Autre collision,,,,,,,,,,,1,1,6,1,6.0
201600059353,0016-06-07 17:06:00,16,6,7,17,6,976,611,tsoundzou-Kadjifouni ( r,,,Plein jour,En agglomération,Hors intersection,Normale,Autre collision,,,,,,,,,,,1,2,1,1,6.0
201600059354,0016-06-07 11:30:00,16,6,7,11,30,976,611,mamoudzou centre-Adrian,,,Plein jour,En agglomération,Hors intersection,Normale,Deux véhicules - côté,,,,,,,,,,,1,2,1,1,3.0
201600059355,0016-06-14 13:40:00,16,6,14,13,40,976,611,passamanty-Cavani-Be (ru,,,Plein jour,En agglomération,Hors intersection,Normale,Deux véhicules - côté,,,,,,,,,,,1,2,1,1,3.0
201600059356,0016-06-15 06:42:00,16,6,15,6,42,976,611,kaweni-Kaweni nord ( Z I,,,Plein jour,En agglomération,Hors intersection,Normale,Trois véhicules et plus - collisions multiples,,,,,,,,,,,1,2,1,1,5.0
201600059357,0016-07-05 18:50:00,16,7,5,18,50,976,611,kaweni-Ecole primaire (,,,Crépuscule ou aube,En agglomération,Hors intersection,Normale,Autre collision,,,,,,,,,,,2,2,1,1,6.0
201600059358,0016-06-24 11:12:00,16,6,24,11,12,976,611,kaweni-Archipel (avenue,,,Plein jour,En agglomération,Hors intersection,Normale,Deux véhicules - côté,,,,,,,,,,,1,2,1,1,3.0
201600059359,0016-06-27 07:55:00,16,6,27,7,55,976,611,passamanty-Tanamalaza (r,,,Plein jour,En agglomération,Hors intersection,Normale,Autre collision,,,,,,,,,,,1,2,1,1,6.0
201600059360,0016-08-25 10:25:00,16,8,25,10,25,976,611,mamoudzou centre-Adrian,,,Plein jour,En agglomération,Intersection en T,Normale,Deux véhicules - côté,,,,,,,,,,,1,2,3,1,3.0
201600059361,0016-08-25 13:10:00,16,8,25,13,10,976,611,kaweni-Kaweni nord ( Z I,,,Plein jour,En agglomération,Hors intersection,Normale,Deux véhicules - côté,,,,,,,,,,,1,2,1,1,3.0
201600059362,0016-09-02 10:40:00,16,9,2,10,40,976,611,mamoudzou centre-Cinema,,,Plein jour,En agglomération,Hors intersection,Normale,Autre collision,,,,,,,,,,,1,2,1,1,6.0
201600059363,0016-09-03 10:25:00,16,9,3,10,25,976,611,passamanty-Canavibe (rue,,,Plein jour,En agglomération,Hors intersection,Normale,Deux véhicules - côté,,,,,,,,,,,1,2,1,1,3.0
201600059364,0016-09-08 05:45:00,16,9,8,5,45,976,611,tsoundzou-Kwal ( route,,,Crépuscule ou aube,En agglomération,Intersection en T,Normale,Deux véhicules - côté,,,,,,,,,,,2,2,3,1,3.0
201600059365,0016-09-10 16:20:00,16,9,10,16,20,976,611,kaweni-Kaweni nord ( Z I,,,Plein jour,En agglomération,Hors intersection,Normale,Autre collision,,,,,,,,,,,1,2,1,1,6.0
201600059366,0016-07-08 14:22:00,16,7,8,14,22,976,611,mamoudzou centre-Mairie,,,Plein jour,En agglomération,Hors intersection,Normale,Deux véhicules - côté,,,,,,,,,,,1,2,1,1,3.0
201600059367,0016-07-08 14:40:00,16,7,8,14,40,976,611,kaweni-Kaweni nord ( Z I,,,Plein jour,En agglomération,Hors intersection,Normale,Autre collision,,,,,,,,,,,1,2,1,1,6.0
201600059368,0016-07-16 20:50:00,16,7,16,20,50,976,611,cavani-Cavani (route de),,,Nuit avec éclairage allumé,En agglomération,Hors intersection,Normale,Sans collision,,,,,,,,,,,5,2,1,1,7.0
201600059369,0016-07-18 06:57:00,16,7,18,6,57,976,611,m'tsapere-Nationale 2 (r,,,Plein jour,En agglomération,Hors intersection,Normale,Autre collision,,,,,,,,,,,1,2,1,1,6.0
201600059370,0016-09-25 17:05:00,16,9,25,17,5,976,611,kaweni-Kaweni nord ( Z I,,,Crépuscule ou aube,En agglomération,Hors intersection,Normale,Sans collision,,,,,,,,,,,2,2,1,1,7.0
201600059371,0016-07-18 19:15:00,16,7,18,19,15,976,611,kaweni-Kaweni sud  (Z I),,,Nuit avec éclairage allumé,En agglomération,Hors intersection,Normale,Autre collision,,,,,,,,,,,5,2,1,1,6.0
201600059372,0016-07-18 14:35:00,16,7,18,14,35,976,611,mamoudzou centre-Haladi,,,Plein jour,En agglomération,Hors intersection,Normale,Autre collision,,,,,,,,,,,1,2,1,1,6.0
201600059373,0016-07-23 12:20:00,16,7,23,12,20,976,611,cavani-Rond point du Bao,,,Plein jour,En agglomération,Giratoire,Normale,Autre collision,,,,,,,,,,,1,2,6,1,6.0
201600059374,0016-07-23 05:22:00,16,7,23,5,22,976,611,kaweni-Kaweni nord ( Z I,,,Nuit sans éclairage public,En agglomération,Hors intersection,Normale,Autre collision,,,,,,,,,,,3,2,1,1,6.0
201600059375,0016-07-31 16:10:00,16,7,31,16,10,976,611,passamanty-Sada ( rue de,,,Plein jour,En agglomération,Hors intersection,Normale,Autre collision,,,,,,,,,,,1,2,1,1,6.0
201600059376,0016-07-24 20:00:00,16,7,24,20,0,976,611,m'tsapere-M'tsapr- M't,,,Plein jour,En agglomération,Hors intersection,Normale,Deux véhicules - côté,,,,,,,,,,,1,2,1,1,3.0
201600059377,0016-09-28 14:00:00,16,9,28,14,0,976,611,passamanty-Rassini (ruel,,,Plein jour,En agglomération,Hors intersection,Pluie légère,Deux véhicules - arrière,,,,,,,,,,,1,2,1,2,2.0
201600059378,0016-09-20 16:25:00,16,9,20,16,25,976,611,kaweni-Archipel (avenue,,,Plein jour,En agglomération,Hors intersection,Normale,Deux véhicules - côté,,,,,,,,,,,1,2,1,1,3.0
201600059379,0016-10-04 15:40:00,16,10,4,15,40,976,611,cavani-Cavani (route de),,,Plein jour,En agglomération,Hors intersection,Normale,Autre collision,,,,,,,,,,,1,2,1,1,6.0
201600059380,0016-08-03 16:45:00,16,8,3,16,45,976,611,m'tsapere-M'tsapr- M't,,,Plein jour,En agglomération,Hors intersection,Normale,Autre collision,,,,,,,,,,,1,2,1,1,6.0
201600059381,0016-08-03 12:50:00,16,8,3,12,50,976,611,mgombani-M'Gombani ( rue,,,Plein jour,En agglomération,Intersection en T,Normale,Deux véhicules - côté,,,,,,,,,,,1,2,3,1,3.0
201600059382,0016-08-04 07:23:00,16,8,4,7,23,976,611,tsoundzou-Kadjifouni ( r,,,Plein jour,En agglomération,Hors intersection,Normale,Deux véhicules - côté,,,,,,,,,,,1,2,1,1,3.0
201600059383,0016-10-16 07:30:00,16,10,16,7,30,976,611,mgombani-Mahabou angle r,,,Plein jour,En agglomération,Intersection en X,Normale,Deux véhicules - côté,,,,,,,,,,,1,2,2,1,3.0
201600059384,0016-10-19 15:10:00,16,10,19,15,10,976,611,mgombani-Baobab ( Bd ),,,Plein jour,En agglomération,Intersection en X,Normale,Deux véhicules - côté,,,,,,,,,,,1,2,2,1,3.0
201600059385,0016-11-03 07:00:00,16,11,3,7,0,976,611,doujani-Mosquée de douja,,,Plein jour,En agglomération,Hors intersection,Normale,Autre collision,,,,,,,,,,,1,2,1,1,6.0
201600059386,0016-08-04 16:40:00,16,8,4,16,40,976,611,passamanty-Vahib ( rout,,,Plein jour,En agglomération,Giratoire,Normale,Sans collision,,,,,,,,,,,1,2,6,1,7.0
201600059387,0016-08-15 18:10:00,16,8,15,18,10,976,611,m'tsapere-Nationale 2 (r,,,Crépuscule ou aube,En agglomération,Hors intersection,Normale,Deux véhicules - frontale,,,,,,,,,,,2,2,1,1,1.0
201600059388,0016-08-16 17:35:00,16,8,16,17,35,976,611,m'tsapere-Maeventana (ru,,,Plein jour,En agglomération,Hors intersection,Normale,Autre collision,,,,,,,,,,,1,2,1,1,6.0
201600059389,0016-08-17 17:10:00,16,8,17,17,10,976,611,m'tsapere-M'tsapr- M't,,,Plein jour,En agglomération,Hors intersection,Normale,Deux véhicules - côté,,,,,,,,,,,1,2,1,1,3.0
201600059390,0016-08-17 15:30:00,16,8,17,15,30,976,611,passamanty-Vahib ( rout,,,Plein jour,En agglomération,Hors intersection,Normale,Deux véhicules - frontale,,,,,,,,,,,1,2,1,1,1.0
201600059391,0016-08-20 18:15:00,16,8,20,18,15,976,611,kaweni-Poste ( rue de la,,,Crépuscule ou aube,En agglomération,Hors intersection,Normale,Autre collision,,,,,,,,,,,2,2,1,1,6.0
201600059392,0016-08-22 18:42:00,16,8,22,18,42,976,611,m'tsapere-M'tsapr- M't,,,Nuit sans éclairage public,En agglomération,Hors intersection,Normale,Deux véhicules - frontale,,,,,,,,,,,3,2,1,1,1.0
201600059393,0016-08-24 18:44:00,16,8,24,18,44,976,611,mamoudzou centre-Command,,,Nuit avec éclairage allumé,En agglomération,Hors intersection,Normale,Sans collision,,,,,,,,,,,5,2,1,1,7.0
201600059394,0016-08-26 15:55:00,16,8,26,15,55,976,611,m'tsapere-Maeventana (ru,,,Plein jour,En agglomération,Hors intersection,Normale,Autre collision,,,,,,,,,,,1,2,1,1,6.0
201600059395,0016-08-28 14:40:00,16,8,28,14,40,976,611,kaweni-Kaweni nord ( Z I,,,Plein jour,En agglomération,Hors intersection,Normale,Deux véhicules - côté,,,,,,,,,,,1,2,1,1,3.0
201600059396,0016-09-06 08:40:00,16,9,6,8,40,976,611,kaweni-Kaweni nord ( Z I,,,Plein jour,En agglomération,Hors intersection,Normale,Deux véhicules - côté,,,,,,,,,,,1,2,1,1,3.0
201600059397,0016-09-10 12:00:00,16,9,10,12,0,976,611,kaweni-Kaweni nord ( Z I,,,Plein jour,En agglomération,Hors intersection,Normale,Sans collision,,,,,,,,,,,1,2,1,1,7.0
201600059398,0016-09-09 20:00:00,16,9,9,20,0,976,611,m'tsapere-Nationale 2 (r,,,Nuit avec éclairage allumé,En agglomération,Hors intersection,Normale,Sans collision,,,,,,,,,,,5,2,1,1,7.0
201600059399,0016-09-10 22:15:00,16,9,10,22,15,976,611,passamanty-Vahib ( rout,,,Nuit avec éclairage allumé,En agglomération,Giratoire,Normale,Sans collision,,,,,,,,,,,5,2,6,1,7.0
201600059400,0016-09-11 20:25:00,16,9,11,20,25,976,611,kaweni-Europe (avenue),,,Plein jour,En agglomération,Giratoire,Normale,Autre collision,,,,,,,,,,,1,2,6,1,6.0
201600059401,0016-09-11 09:15:00,16,9,11,9,15,976,611,tsoundzou-Cadjifouteni (,,,Plein jour,En agglomération,Intersection en T,Normale,Deux véhicules - côté,,,,,,,,,,,1,2,3,1,3.0
201600059402,0016-09-18 01:00:00,16,9,18,1,0,976,611,mamoudzou centre-Rassi B,,,Nuit avec éclairage allumé,En agglomération,Giratoire,Normale,Sans collision,,,,,,,,,,,5,2,6,1,7.0
201600059403,0016-09-30 06:44:00,16,9,30,6,44,976,611,tsoundzou-KOUALE ( rue d,,,Crépuscule ou aube,En agglomération,Hors intersection,Normale,Sans collision,,,,,,,,,,,2,2,1,1,7.0
201600059404,0016-09-23 09:14:00,16,9,23,9,14,976,611,kaweni-Grande Traverse (,,,Plein jour,En agglomération,Hors intersection,Normale,Deux véhicules - côté,,,,,,,,,,,1,2,1,1,3.0
201600059405,0016-09-12 17:40:00,16,9,12,17,40,976,611,passamanty-M'hogoni (rue,,,Plein jour,En agglomération,Hors intersection,Normale,Autre collision,,,,,,,,,,,1,2,1,1,6.0
201600059406,0016-09-14 07:20:00,16,9,14,7,20,976,611,m'tsapere-M'tsapr- M't,,,Plein jour,Hors agglomération,Hors intersection,Normale,Deux véhicules - côté,,,,,,,,,,,1,1,1,1,3.0
201600059407,0016-09-01 15:15:00,16,9,1,15,15,976,611,cavani-Kavani sud ( rue,,,Plein jour,En agglomération,Intersection en T,Normale,Autre collision,,,,,,,,,,,1,2,3,1,6.0
201600059408,0016-11-17 18:25:00,16,11,17,18,25,976,611,kaweni-GEOLE (la),,,Crépuscule ou aube,En agglomération,Hors intersection,Normale,Sans collision,,,,,,,,,,,2,2,1,1,7.0
201600059409,0016-10-02 07:57:00,16,10,2,7,57,976,611,tsoundzou-Cadjifouteni (,,,Plein jour,En agglomération,Hors intersection,Normale,Autre collision,,,,,,,,,,,1,2,1,1,6.0
201600059410,0016-10-05 07:15:00,16,10,5,7,15,976,611,tsoundzou-SIM ( rue de l,,,Plein jour,En agglomération,Hors intersection,Normale,Autre collision,,,,,,,,,,,1,2,1,1,6.0
201600059411,0016-10-12 13:11:00,16,10,12,13,11,976,611,tsoundzou-Cadjifouteni (,,,Plein jour,En agglomération,Hors intersection,Normale,Autre collision,,,,,,,,,,,1,2,1,1,6.0
201600059412,0016-10-12 20:48:00,16,10,12,20,48,976,611,mamoudzou centre-RP Pass,,,Nuit sans éclairage public,En agglomération,Hors intersection,Normale,Deux véhicules - frontale,,,,,,,,,,,3,2,1,1,1.0
201600059413,0016-10-25 04:57:00,16,10,25,4,57,976,611,passamanty-Vahib ( rout,,,Nuit avec éclairage allumé,En agglomération,Intersection en T,Normale,Autre collision,,,,,,,,,,,5,2,3,1,6.0
201600059414,0016-10-16 11:45:00,16,10,16,11,45,976,611,kaweni-Kaweni sud  (Z I),,,Plein jour,En agglomération,Giratoire,Normale,Deux véhicules - côté,,,,,,,,,,,1,2,6,1,3.0
201600059415,0016-10-18 07:14:00,16,10,18,7,14,976,611,kaweni-Kaweni sud  (Z I),,,Plein jour,En agglomération,Hors intersection,Normale,Autre collision,,,,,,,,,,,1,2,1,1,6.0
201600059416,0016-10-26 07:00:00,16,10,26,7,0,976,611,kaweni-Lazerevouni ( rue,,,Plein jour,En agglomération,Hors intersection,Normale,Autre collision,,,,,,,,,,,1,2,1,1,6.0
201600059417,0016-10-29 22:45:00,16,10,29,22,45,976,611,kaweni-Poste ( rue de la,,,Nuit avec éclairage allumé,En agglomération,Hors intersection,Normale,Deux véhicules - frontale,,,,,,,,,,,5,2,1,1,1.0
201600059418,0016-10-31 12:50:00,16,10,31,12,50,976,611,mamoudzou centre-Jardin,,,Plein jour,En agglomération,Hors intersection,Normale,Autre collision,,,,,,,,,,,1,2,1,1,6.0
201600059419,0016-10-29 20:18:00,16,10,29,20,18,976,611,m'tsapere-M'tsapr- M't,,,Nuit sans éclairage public,Hors agglomération,Hors intersection,Normale,Autre collision,,,,,,,,,,,3,1,1,1,6.0
201600059420,0016-11-09 20:10:00,16,11,9,20,10,976,611,m'tsapere-Nationale 2 (r,,,Nuit sans éclairage public,Hors agglomération,Hors intersection,Normale,Autre collision,,,,,,,,,,,3,1,1,1,6.0
201600059421,0016-11-20 12:30:00,16,11,20,12,30,976,611,passamanty-Vahibé ( rout,,,Plein jour,Hors agglomération,Hors intersection,Normale,Sans collision,,,,,,,,,,,1,1,1,1,7.0
201600059422,0016-11-14 08:56:00,16,11,14,8,56,976,611,mamoudzou centre-Adrian,,,Plein jour,En agglomération,Hors intersection,Normale,Deux véhicules - côté,,,,,,,,,,,1,2,1,1,3.0
201600059423,0016-11-18 06:50:00,16,11,18,6,50,976,611,passamanty-Cavani-Be (ru,,,Plein jour,En agglomération,Hors intersection,Normale,Deux véhicules - côté,,,,,,,,,,,1,2,1,1,3.0
201600059424,0016-11-02 17:20:00,16,11,2,17,20,976,611,kaweni-Kaweni sud  (Z I),,,Plein jour,En agglomération,Hors intersection,Normale,Autre collision,,,,,,,,,,,1,2,1,1,6.0
201600059425,0016-11-28 12:05:00,16,11,28,12,5,976,611,kaweni-Kaweni nord ( Z I,,,Plein jour,En agglomération,Hors intersection,Normale,Deux véhicules - côté,,,,,,,,,,,1,2,1,1,3.0
201600059426,0016-11-28 17:04:00,16,11,28,17,4,976,611,mgombani-Baobab ( Bd ),,,Plein jour,En agglomération,Giratoire,Normale,Deux véhicules - côté,,,,,,,,,,,1,2,6,1,3.0
201600059427,0016-12-13 08:50:00,16,12,13,8,50,976,611,convalescence/vetivers-S,,,Plein jour,En agglomération,Hors intersection,Normale,Autre collision,,,,,,,,,,,1,2,1,1,6.0
201600059428,0016-12-01 12:01:00,16,12,1,12,1,976,611,passamanty-Vahib ( rout,,,Plein jour,En agglomération,Hors intersection,Normale,Autre collision,,,,,,,,,,,1,2,1,1,6.0
201600059429,0016-12-03 22:15:00,16,12,3,22,15,976,611,mamoudzou centre-Adrian,,,Plein jour,En agglomération,Hors intersection,Normale,Sans collision,,,,,,,,,,,1,2,1,1,7.0
201600059430,0016-12-05 17:10:00,16,12,5,17,10,976,611,kaweni-Kaweni sud  (Z I),,,Plein jour,En agglomération,Hors intersection,Normale,Deux véhicules - côté,,,,,,,,,,,1,2,1,1,3.0
201600059431,0016-12-06 10:05:00,16,12,6,10,5,976,611,kaweni-Kaweni nord ( Z I,,,Plein jour,En agglomération,Intersection en T,Normale,Deux véhicules - côté,,,,,,,,,,,1,2,3,1,3.0
201600059432,0016-12-24 06:35:00,16,12,24,6,35,976,611,kaweni-Kaweni sud  (Z I),,,Plein jour,En agglomération,Giratoire,Normale,Deux véhicules - côté,,,,,,,,,,,1,2,6,1,3.0